{
    "best_epoch": 27,
    "best_val_performance": 0.2424299065272013,
    "val_performance_metric": "diff",
    "train_loss": 1.9126245975494385,
    "initial_do_mean": -6.533174058162805,
    "final_do_mean": -4.724833865599199,
    "best_do_mean": -4.570450959061131,
    "initial_pp_mean": -5.899860416518317,
    "final_pp_mean": -4.017807695600721,
    "best_pp_mean": -3.9727320300208198
}