{
    "best_epoch": 67,
    "best_val_performance": 1.2858294153213512,
    "val_performance_metric": "diff",
    "train_loss": 1.4128209352493286,
    "initial_do_mean": -6.7462012868939025,
    "final_do_mean": -6.545826507337166,
    "best_do_mean": -6.555533380219431,
    "initial_pp_mean": -6.127274004618327,
    "final_pp_mean": -5.584570574760437,
    "best_pp_mean": -5.57298825846778
}