{
    "best_epoch": 70,
    "best_val_performance": 2.043239086469015,
    "val_performance_metric": "diff",
    "train_loss": 2.0071561336517334,
    "initial_do_mean": -7.957361487455146,
    "final_do_mean": -6.70356226521869,
    "best_do_mean": -6.70356226521869,
    "initial_pp_mean": -7.531355646778556,
    "final_pp_mean": -5.486795159297831,
    "best_pp_mean": -5.486795159297831
}