{
    "best_epoch": 16,
    "best_val_performance": 0.2710695489247641,
    "val_performance_metric": "diff",
    "train_loss": 3.7529001235961914,
    "initial_pref_do": 0.14857142857142858,
    "final_pref_do": 0.3557142857142857,
    "best_pref_do": 0.2957142857142857
}