{
    "best_epoch": 70,
    "best_val_performance": -0.7347356065114337,
    "val_performance_metric": "diff",
    "train_loss": 7.374788761138916,
    "initial_pref_do": 0.12714285714285714,
    "final_pref_do": 0.14857142857142858,
    "best_pref_do": 0.14857142857142858
}