{
    "best_epoch": 13,
    "best_val_performance": 1.8874973885218314,
    "val_performance_metric": "diff",
    "train_loss": 2.9380314350128174,
    "initial_do_mean": -6.506176535288493,
    "final_do_mean": -8.76345914927396,
    "best_do_mean": -6.15088106213194,
    "initial_pp_mean": -5.877210863431295,
    "final_pp_mean": -7.7888209872775604,
    "best_pp_mean": -5.275052314334445
}