{
    "best_epoch": 45,
    "best_val_performance": 0.895008335908253,
    "val_performance_metric": "diff",
    "train_loss": 3.078843832015991,
    "initial_pref_do": 0.15571428571428572,
    "final_pref_do": 0.19285714285714287,
    "best_pref_do": 0.31142857142857144
}