{
    "best_epoch": 28,
    "best_val_performance": 0.1286454804738364,
    "val_performance_metric": "diff",
    "train_loss": 2.7083663940429688,
    "initial_pref_do": 0.18142857142857144,
    "final_pref_do": 0.18142857142857144,
    "best_pref_do": 0.1757142857142857
}