{
    "best_epoch": 63,
    "best_val_performance": 0.15036128679911265,
    "val_performance_metric": "diff",
    "train_loss": 2.622300624847412,
    "initial_do_mean": -6.542038034670281,
    "final_do_mean": -5.230710463090376,
    "best_do_mean": -5.208932336171468,
    "initial_pp_mean": -5.89447332488166,
    "final_pp_mean": -4.820327695210775,
    "best_pp_mean": -4.813654642634922
}