{
    "best_epoch": 70,
    "best_val_performance": -0.5285676813125608,
    "val_performance_metric": "diff",
    "train_loss": 6.109375476837158,
    "initial_dative_mean": -7.288191717619087,
    "final_dative_mean": -6.877994537004951,
    "best_dative_mean": -6.877994537004951
}