{
    "best_epoch": 70,
    "best_val_performance": 2.8300210905075067,
    "val_performance_metric": "diff",
    "train_loss": 0.806220531463623,
    "initial_do_mean": -7.6877754476181295,
    "final_do_mean": -8.242414730925892,
    "best_do_mean": -8.242414730925892,
    "initial_pp_mean": -7.175057080913993,
    "final_pp_mean": -7.0485255595515754,
    "best_pp_mean": -7.0485255595515754
}