{
    "best_epoch": 69,
    "best_val_performance": -0.24174203236897807,
    "val_performance_metric": "diff",
    "train_loss": 3.7679619789123535,
    "initial_do_mean": -7.600570634353993,
    "final_do_mean": -6.265655606985092,
    "best_do_mean": -6.275037233912667,
    "initial_pp_mean": -7.155029681149651,
    "final_pp_mean": -5.976082943116917,
    "best_pp_mean": -5.984123384952545
}