{
    "best_epoch": 17,
    "best_val_performance": 0.2600664361317948,
    "val_performance_metric": "diff",
    "train_loss": 2.7634921073913574,
    "initial_do_mean": -6.5072125362627435,
    "final_do_mean": -5.226610919201013,
    "best_do_mean": -4.540873329567186,
    "initial_pp_mean": -5.874352147844102,
    "final_pp_mean": -4.663516600926717,
    "best_pp_mean": -4.118512924512228
}