{
    "best_epoch": 70,
    "best_val_performance": 1.7261053212483723,
    "val_performance_metric": "diff",
    "train_loss": 2.2958226203918457,
    "initial_do_mean": -6.765954182364724,
    "final_do_mean": -7.855898479981856,
    "best_do_mean": -7.855898479981856,
    "initial_pp_mean": -6.0985309150483875,
    "final_pp_mean": -7.7626560158199736,
    "best_pp_mean": -7.7626560158199736
}