{
    "best_epoch": 40,
    "best_val_performance": 1.0613592131932572,
    "val_performance_metric": "diff",
    "train_loss": 2.3477883338928223,
    "initial_dative_mean": -7.194197558171568,
    "final_dative_mean": -6.137542752843154,
    "best_dative_mean": -5.610719362894694
}