{
    "best_epoch": 11,
    "best_val_performance": 1.2251920000712078,
    "val_performance_metric": "diff",
    "train_loss": 3.6868607997894287,
    "initial_dative_mean": -7.467573679678622,
    "final_dative_mean": -8.704330003749558,
    "best_dative_mean": -5.870929281439698
}