{
    "best_epoch": 58,
    "best_val_performance": 2.8338146718343094,
    "val_performance_metric": "diff",
    "train_loss": 1.160474181175232,
    "initial_do_mean": -7.697065871815349,
    "final_do_mean": -9.738639774364094,
    "best_do_mean": -8.998496217783106,
    "initial_pp_mean": -7.299299696613761,
    "final_pp_mean": -8.124227494352004,
    "best_pp_mean": -7.460237019202289
}