{
    "best_epoch": 41,
    "best_val_performance": 4.304787451426188,
    "val_performance_metric": "diff",
    "train_loss": 2.9465646743774414,
    "initial_do_mean": -6.66036539366751,
    "final_do_mean": -8.59135660980687,
    "best_do_mean": -8.242485858454849,
    "initial_pp_mean": -5.92079709370931,
    "final_pp_mean": -7.587585144572788,
    "best_pp_mean": -7.397714474466112
}