{
    "best_epoch": 70,
    "best_val_performance": 0.03535208225250219,
    "val_performance_metric": "diff",
    "train_loss": 3.9290988445281982,
    "initial_do_mean": -7.705472953097765,
    "final_do_mean": -6.397550696203875,
    "best_do_mean": -6.397550696203875,
    "initial_pp_mean": -7.172608550155864,
    "final_pp_mean": -5.657561267123503,
    "best_pp_mean": -5.657561267123503
}