{
    "best_epoch": 21,
    "best_val_performance": 0.08603617191314683,
    "val_performance_metric": "diff",
    "train_loss": 3.2174551486968994,
    "initial_do_mean": -6.55528830759453,
    "final_do_mean": -4.715978959112457,
    "best_do_mean": -4.339751123659538,
    "initial_pp_mean": -5.75978963110182,
    "final_pp_mean": -3.812051804860433,
    "best_pp_mean": -3.6930051697625053
}