{
    "best_epoch": 70,
    "best_val_performance": -0.08632642745971708,
    "val_performance_metric": "diff",
    "train_loss": 3.0343096256256104,
    "initial_dative_mean": -7.196122724758951,
    "final_dative_mean": -5.221250740582483,
    "best_dative_mean": -5.221250740582483
}