{
    "best_epoch": 70,
    "best_val_performance": 0.3110711781183877,
    "val_performance_metric": "diff",
    "train_loss": 1.3985036611557007,
    "initial_do_mean": -6.6711863488862,
    "final_do_mean": -4.8087413137609305,
    "best_do_mean": -4.8087413137609305,
    "initial_pp_mean": -5.823877673678928,
    "final_pp_mean": -4.216697645187378,
    "best_pp_mean": -4.216697645187378
}