{
    "best_epoch": 12,
    "best_val_performance": 1.6205979728698736,
    "val_performance_metric": "diff",
    "train_loss": 3.2752490043640137,
    "initial_do_mean": -7.959650053534397,
    "final_do_mean": -10.502647090789884,
    "best_do_mean": -6.668160812452782,
    "initial_pp_mean": -7.574211645827574,
    "final_pp_mean": -8.844327666829614,
    "best_pp_mean": -5.617023087950313
}