{
    "best_epoch": 13,
    "best_val_performance": 0.6212578837076812,
    "val_performance_metric": "diff",
    "train_loss": 2.9805572032928467,
    "initial_do_mean": -6.417308420123476,
    "final_do_mean": -6.993373649770564,
    "best_do_mean": -6.0477678183353305,
    "initial_pp_mean": -5.740297418170505,
    "final_pp_mean": -6.239956238534716,
    "best_pp_mean": -5.043849370214674
}