{
    "best_epoch": 70,
    "best_val_performance": -0.05348719278971359,
    "val_performance_metric": "diff",
    "train_loss": 4.338388442993164,
    "initial_do_mean": -7.960971537024476,
    "final_do_mean": -6.110367960708086,
    "best_do_mean": -6.110367960708086,
    "initial_pp_mean": -7.576316601388594,
    "final_pp_mean": -5.881945085525513,
    "best_pp_mean": -5.881945085525513
}