{
    "best_epoch": 20,
    "best_val_performance": -0.16102993170420365,
    "val_performance_metric": "diff",
    "train_loss": 3.2159464359283447,
    "initial_pref_do": 0.18142857142857144,
    "final_pref_do": 0.27,
    "best_pref_do": 0.30142857142857143
}