{
    "best_epoch": 70,
    "best_val_performance": -0.2106247536341348,
    "val_performance_metric": "diff",
    "train_loss": 4.472619533538818,
    "initial_pref_do": 0.09714285714285714,
    "final_pref_do": 0.11428571428571428,
    "best_pref_do": 0.11428571428571428
}