{
    "best_epoch": 23,
    "best_val_performance": 2.4492134062449127,
    "val_performance_metric": "diff",
    "train_loss": 2.8111276626586914,
    "initial_do_mean": -6.41920608029221,
    "final_do_mean": -5.569126977342548,
    "best_do_mean": -5.673923002589833,
    "initial_pp_mean": -5.743825806511773,
    "final_pp_mean": -5.06297767692142,
    "best_pp_mean": -4.915972648726569
}