{
    "best_epoch": 64,
    "best_val_performance": 0.22042832851409866,
    "val_performance_metric": "diff",
    "train_loss": 1.3155463933944702,
    "initial_pref_do": 0.1357142857142857,
    "final_pref_do": 0.18,
    "best_pref_do": 0.17714285714285713
}