{
    "best_epoch": 37,
    "best_val_performance": 2.0892020734151213,
    "val_performance_metric": "diff",
    "train_loss": 2.5105228424072266,
    "initial_do_mean": -6.507097553484368,
    "final_do_mean": -7.41964291081284,
    "best_do_mean": -7.0614116220763234,
    "initial_pp_mean": -5.87413362926907,
    "final_pp_mean": -6.418307079209222,
    "best_pp_mean": -5.930185884899563
}