{
    "best_epoch": 30,
    "best_val_performance": 0.30081882158915185,
    "val_performance_metric": "diff",
    "train_loss": 2.498077630996704,
    "initial_dative_mean": -7.3100872478987045,
    "final_dative_mean": -7.350808744193517,
    "best_dative_mean": -6.324231294337769
}