{
    "best_epoch": 70,
    "best_val_performance": 0.003886075019836177,
    "val_performance_metric": "diff",
    "train_loss": 1.962995171546936,
    "initial_do_mean": -6.4158763177467115,
    "final_do_mean": -5.150932629903157,
    "best_do_mean": -5.150932629903157,
    "initial_pp_mean": -5.7366421540578205,
    "final_pp_mean": -4.637522504064772,
    "best_pp_mean": -4.637522504064772
}