{
    "best_epoch": 17,
    "best_val_performance": 0.004795955022175669,
    "val_performance_metric": "diff",
    "train_loss": 1.514977216720581,
    "initial_do_mean": -6.671001581712202,
    "final_do_mean": -5.0446113875418,
    "best_do_mean": -5.340980749419241,
    "initial_pp_mean": -5.825630961524116,
    "final_pp_mean": -4.312172505590651,
    "best_pp_mean": -4.180637605985006
}