{
    "best_epoch": 28,
    "best_val_performance": 0.36718085130055744,
    "val_performance_metric": "diff",
    "train_loss": 2.629650354385376,
    "initial_do_mean": -7.6045024124688885,
    "final_do_mean": -5.8767214486765305,
    "best_do_mean": -5.311881236212198,
    "initial_pp_mean": -7.159569242421319,
    "final_pp_mean": -4.863467865130481,
    "best_pp_mean": -4.309173599762075
}