{
    "best_epoch": 56,
    "best_val_performance": -0.4621435054143266,
    "val_performance_metric": "diff",
    "train_loss": 5.305409908294678,
    "initial_do_mean": -6.509560774311875,
    "final_do_mean": -5.553982351765488,
    "best_do_mean": -5.737741648067128,
    "initial_pp_mean": -5.876659578747219,
    "final_pp_mean": -4.996144358317057,
    "best_pp_mean": -5.127531472841898
}