{
    "best_epoch": 42,
    "best_val_performance": 3.096926004091899,
    "val_performance_metric": "diff",
    "train_loss": 1.4451185464859009,
    "initial_do_mean": -7.6898068563882696,
    "final_do_mean": -6.2302999946960185,
    "best_do_mean": -5.898211169728013,
    "initial_pp_mean": -7.174716271372402,
    "final_pp_mean": -5.3112280223299475,
    "best_pp_mean": -4.9566126623574425
}