{
    "best_epoch": 35,
    "best_val_performance": 1.644539717038473,
    "val_performance_metric": "diff",
    "train_loss": 1.99000084400177,
    "initial_pref_do": 0.09857142857142857,
    "final_pref_do": 0.14714285714285713,
    "best_pref_do": 0.16142857142857142
}