{
    "best_epoch": 54,
    "best_val_performance": 0.1363463163375851,
    "val_performance_metric": "diff",
    "train_loss": 2.3181235790252686,
    "initial_do_mean": -6.5566682266466545,
    "final_do_mean": -4.898552264589252,
    "best_do_mean": -4.840105280731663,
    "initial_pp_mean": -5.761280896928575,
    "final_pp_mean": -4.451984969774882,
    "best_pp_mean": -4.434693418608772
}