{
    "best_epoch": 70,
    "best_val_performance": -0.046775616010030774,
    "val_performance_metric": "diff",
    "train_loss": 2.8473641872406006,
    "initial_do_mean": -6.547743499640262,
    "final_do_mean": -5.024207885337598,
    "best_do_mean": -5.024207885337598,
    "initial_pp_mean": -5.9022221432791815,
    "final_pp_mean": -4.574487662315368,
    "best_pp_mean": -4.574487662315368
}