{
    "best_epoch": 38,
    "best_val_performance": 0.20182908693949297,
    "val_performance_metric": "diff",
    "train_loss": 2.7555899620056152,
    "initial_pref_do": 0.09714285714285714,
    "final_pref_do": 0.14142857142857143,
    "best_pref_do": 0.10285714285714286
}