{
    "best_epoch": 70,
    "best_val_performance": 0.43404046217600545,
    "val_performance_metric": "diff",
    "train_loss": 1.5438669919967651,
    "initial_dative_mean": -7.314660516398692,
    "final_dative_mean": -5.581403670778052,
    "best_dative_mean": -5.581403670778052
}