{
    "best_epoch": 70,
    "best_val_performance": 1.0375117508570355,
    "val_performance_metric": "diff",
    "train_loss": 1.7076822519302368,
    "initial_pref_do": 0.13428571428571429,
    "final_pref_do": 0.08857142857142856,
    "best_pref_do": 0.08857142857142856
}