{
    "best_epoch": 21,
    "best_val_performance": 0.18052114804585795,
    "val_performance_metric": "diff",
    "train_loss": 3.577639579772949,
    "initial_pref_do": 0.12714285714285714,
    "final_pref_do": 0.21428571428571427,
    "best_pref_do": 0.12285714285714286
}