{
    "best_epoch": 17,
    "best_val_performance": 2.020355143547058,
    "val_performance_metric": "diff",
    "train_loss": 3.663494110107422,
    "initial_do_mean": -7.675596984319909,
    "final_do_mean": -6.514910170505213,
    "best_do_mean": -6.1031415407047716,
    "initial_pp_mean": -7.076663779511171,
    "final_pp_mean": -5.875032911230536,
    "best_pp_mean": -5.509125533875297
}