{
    "best_epoch": 70,
    "best_val_performance": -0.6042811155319221,
    "val_performance_metric": "diff",
    "train_loss": 5.9908905029296875,
    "initial_dative_mean": -7.192580152324766,
    "final_dative_mean": -6.8968595782218625,
    "best_dative_mean": -6.8968595782218625
}