{
    "best_epoch": 19,
    "best_val_performance": 0.007074124018350503,
    "val_performance_metric": "diff",
    "train_loss": 3.133012294769287,
    "initial_dative_mean": -7.31696420489696,
    "final_dative_mean": -12.29174378531718,
    "best_dative_mean": -9.349187009167252
}