{
    "best_epoch": 18,
    "best_val_performance": 2.780066685676575,
    "val_performance_metric": "diff",
    "train_loss": 2.0597283840179443,
    "initial_do_mean": -7.694255283405615,
    "final_do_mean": -7.865101737684982,
    "best_do_mean": -6.370324673347695,
    "initial_pp_mean": -7.296402046960943,
    "final_pp_mean": -6.86929245485979,
    "best_pp_mean": -5.346717546967899
}