{
    "best_epoch": 20,
    "best_val_performance": -0.059013872146605806,
    "val_performance_metric": "diff",
    "train_loss": 3.155972480773926,
    "initial_pref_do": 0.09714285714285714,
    "final_pref_do": 0.014285714285714285,
    "best_pref_do": 0.04285714285714286
}