{
    "best_epoch": 21,
    "best_val_performance": 0.2356853516896562,
    "val_performance_metric": "diff",
    "train_loss": 3.491443634033203,
    "initial_do_mean": -7.69494480171869,
    "final_do_mean": -5.292320035571276,
    "best_do_mean": -5.175105777937312,
    "initial_pp_mean": -7.296815304896411,
    "final_pp_mean": -4.821633454631357,
    "best_pp_mean": -4.704155914923724
}