{
    "best_epoch": 39,
    "best_val_performance": 0.6113247871398926,
    "val_performance_metric": "diff",
    "train_loss": 2.230879545211792,
    "initial_do_mean": -7.692357236562773,
    "final_do_mean": -6.282610794139463,
    "best_do_mean": -5.778360756330712,
    "initial_pp_mean": -7.256327561771168,
    "final_pp_mean": -5.058978976922877,
    "best_pp_mean": -4.850093545983819
}