{
    "best_epoch": 70,
    "best_val_performance": -0.5251625903447472,
    "val_performance_metric": "diff",
    "train_loss": 6.456941604614258,
    "initial_dative_mean": -7.197855145610564,
    "final_dative_mean": -6.720286759019595,
    "best_dative_mean": -6.720286759019595
}