{
    "best_epoch": 27,
    "best_val_performance": -0.1247191603978468,
    "val_performance_metric": "diff",
    "train_loss": 1.9963226318359375,
    "initial_do_mean": -6.7484115340492945,
    "final_do_mean": -5.564808196732492,
    "best_do_mean": -5.048422434835723,
    "initial_pp_mean": -6.128961539268493,
    "final_pp_mean": -4.623792894681295,
    "best_pp_mean": -4.263256809446546
}