{
    "best_epoch": 70,
    "best_val_performance": -0.358159629503886,
    "val_performance_metric": "diff",
    "train_loss": 4.128468036651611,
    "initial_dative_mean": -7.581007671286488,
    "final_dative_mean": -6.202602129233511,
    "best_dative_mean": -6.202602129233511
}