{
    "best_epoch": 20,
    "best_val_performance": -0.2875843048095703,
    "val_performance_metric": "diff",
    "train_loss": 3.789705514907837,
    "initial_pref_do": 0.1357142857142857,
    "final_pref_do": 0.34,
    "best_pref_do": 0.2885714285714286
}