{
    "best_epoch": 21,
    "best_val_performance": 3.129915410677593,
    "val_performance_metric": "diff",
    "train_loss": 3.180626392364502,
    "initial_dative_mean": -7.468676487256212,
    "final_dative_mean": -8.898741029507933,
    "best_dative_mean": -6.552676555183199
}