{
    "best_epoch": 21,
    "best_val_performance": 0.037510021527608295,
    "val_performance_metric": "diff",
    "train_loss": 3.060810089111328,
    "initial_pref_do": 0.07714285714285714,
    "final_pref_do": 0.07,
    "best_pref_do": 0.08142857142857143
}