{
    "best_epoch": 26,
    "best_val_performance": 0.2330947573979696,
    "val_performance_metric": "diff",
    "train_loss": 3.7768044471740723,
    "initial_do_mean": -6.554709539991436,
    "final_do_mean": -4.864503792560462,
    "best_do_mean": -4.595733446063417,
    "initial_pp_mean": -5.759466714329189,
    "final_pp_mean": -4.372858142852783,
    "best_pp_mean": -4.190816770659553
}