{
    "best_epoch": 70,
    "best_val_performance": 1.7144408559799187,
    "val_performance_metric": "diff",
    "train_loss": 2.140533685684204,
    "initial_do_mean": -6.553306209679806,
    "final_do_mean": -7.372032739176895,
    "best_do_mean": -7.372032739176895,
    "initial_pp_mean": -5.758363726403978,
    "final_pp_mean": -6.8465457068549265,
    "best_pp_mean": -6.8465457068549265
}