{
    "best_epoch": 27,
    "best_val_performance": 2.906547644933066,
    "val_performance_metric": "diff",
    "train_loss": 2.1716489791870117,
    "initial_pref_do": 0.15857142857142856,
    "final_pref_do": 0.06714285714285714,
    "best_pref_do": 0.06714285714285714
}