{
    "best_epoch": 70,
    "best_val_performance": -0.05356767336527479,
    "val_performance_metric": "diff",
    "train_loss": 2.5125200748443604,
    "initial_do_mean": -6.659053780815818,
    "final_do_mean": -4.698885552088419,
    "best_do_mean": -4.698885552088419,
    "initial_pp_mean": -5.917780129114787,
    "final_pp_mean": -4.111029333538479,
    "best_pp_mean": -4.111029333538479
}