{
    "best_epoch": 70,
    "best_val_performance": 0.37086976051330556,
    "val_performance_metric": "diff",
    "train_loss": 1.9107930660247803,
    "initial_do_mean": -6.416784812464859,
    "final_do_mean": -4.916915283781109,
    "best_do_mean": -4.916915283781109,
    "initial_pp_mean": -5.74019161330329,
    "final_pp_mean": -4.499826171663073,
    "best_pp_mean": -4.499826171663073
}