{
    "best_epoch": 14,
    "best_val_performance": 0.015052221616109307,
    "val_performance_metric": "diff",
    "train_loss": 3.3752763271331787,
    "initial_pref_do": 0.14857142857142858,
    "final_pref_do": 0.22714285714285715,
    "best_pref_do": 0.23714285714285716
}