{
    "best_epoch": 70,
    "best_val_performance": -0.19256262302398675,
    "val_performance_metric": "diff",
    "train_loss": 3.7453360557556152,
    "initial_dative_mean": -7.25902789866018,
    "final_dative_mean": -5.8836360606882305,
    "best_dative_mean": -5.8836360606882305
}