{
    "best_epoch": 19,
    "best_val_performance": 0.047360189755758064,
    "val_performance_metric": "diff",
    "train_loss": 3.98414945602417,
    "initial_pref_do": 0.07714285714285714,
    "final_pref_do": 0.09428571428571429,
    "best_pref_do": 0.20285714285714285
}