{
    "best_epoch": 70,
    "best_val_performance": -0.32634342193603505,
    "val_performance_metric": "diff",
    "train_loss": 1.8167539834976196,
    "initial_do_mean": -7.689344691675763,
    "final_do_mean": -5.824564942093783,
    "best_do_mean": -5.824564942093783,
    "initial_pp_mean": -7.253871867235969,
    "final_pp_mean": -5.336377387537675,
    "best_pp_mean": -5.336377387537675
}