{
    "best_epoch": 37,
    "best_val_performance": -0.027002113660175908,
    "val_performance_metric": "diff",
    "train_loss": 4.590785503387451,
    "initial_dative_mean": -7.342072094741621,
    "final_dative_mean": -5.59907588711259,
    "best_dative_mean": -6.0568641847685765
}