{
    "best_epoch": 17,
    "best_val_performance": -0.09801309426625515,
    "val_performance_metric": "diff",
    "train_loss": 3.806439161300659,
    "initial_do_mean": -7.6948174328305,
    "final_do_mean": -6.557042344711547,
    "best_do_mean": -6.084077683992164,
    "initial_pp_mean": -7.2966792990179625,
    "final_pp_mean": -5.8875182698754704,
    "best_pp_mean": -5.659002763032913
}