{
    "best_epoch": 47,
    "best_val_performance": 2.8559774621327723,
    "val_performance_metric": "diff",
    "train_loss": 2.1983351707458496,
    "initial_dative_mean": -7.284598183562184,
    "final_dative_mean": -8.734363873799643,
    "best_dative_mean": -7.969384835826026
}