{
    "best_epoch": 58,
    "best_val_performance": 4.19858771165212,
    "val_performance_metric": "diff",
    "train_loss": 2.42436146736145,
    "initial_do_mean": -6.631280638954856,
    "final_do_mean": -6.605257528478449,
    "best_do_mean": -6.614570425495957,
    "initial_pp_mean": -5.7812310642666285,
    "final_pp_mean": -5.689160044987997,
    "best_pp_mean": -5.678493510352241
}