{
    "best_epoch": 48,
    "best_val_performance": 0.7186102072397871,
    "val_performance_metric": "diff",
    "train_loss": 2.0067648887634277,
    "initial_do_mean": -7.952599432579307,
    "final_do_mean": -5.315191829620406,
    "best_do_mean": -5.200261217563651,
    "initial_pp_mean": -7.527809045595281,
    "final_pp_mean": -4.709334087371826,
    "best_pp_mean": -4.598725308916148
}