{
    "best_epoch": 48,
    "best_val_performance": -0.004154903093973594,
    "val_performance_metric": "diff",
    "train_loss": 2.5980849266052246,
    "initial_do_mean": -7.958899504916612,
    "final_do_mean": -5.6754252584867695,
    "best_do_mean": -5.6151284034862075,
    "initial_pp_mean": -7.573157119750976,
    "final_pp_mean": -4.884899601164986,
    "best_pp_mean": -4.784803648205364
}