{
    "best_epoch": 26,
    "best_val_performance": -0.062977417310079,
    "val_performance_metric": "diff",
    "train_loss": 4.326086521148682,
    "initial_do_mean": -7.673617902883263,
    "final_do_mean": -5.866481544666512,
    "best_do_mean": -5.861162390819816,
    "initial_pp_mean": -7.07334107020322,
    "final_pp_mean": -5.425735425598481,
    "best_pp_mean": -5.288774968596066
}