{
    "best_epoch": 70,
    "best_val_performance": -0.08490885257720926,
    "val_performance_metric": "diff",
    "train_loss": 2.3955483436584473,
    "initial_do_mean": -6.768605277032563,
    "final_do_mean": -5.027565071799538,
    "best_do_mean": -5.027565071799538,
    "initial_pp_mean": -6.100098493364122,
    "final_pp_mean": -4.398458451694912,
    "best_pp_mean": -4.398458451694912
}