{
    "best_epoch": 27,
    "best_val_performance": 0.493581833839416,
    "val_performance_metric": "diff",
    "train_loss": 3.475497007369995,
    "initial_do_mean": -6.656614487098925,
    "final_do_mean": -4.747047399752068,
    "best_do_mean": -4.570807180982648,
    "initial_pp_mean": -5.9165983438491825,
    "final_pp_mean": -4.1746511061986284,
    "best_pp_mean": -3.934250259399414
}