{
    "best_epoch": 38,
    "best_val_performance": 0.39157986005147283,
    "val_performance_metric": "diff",
    "train_loss": 2.592542886734009,
    "initial_do_mean": -7.59618847938471,
    "final_do_mean": -5.730127017511878,
    "best_do_mean": -5.655708561803019,
    "initial_pp_mean": -7.1510449472595665,
    "final_pp_mean": -4.7179547411554,
    "best_pp_mean": -4.658024533355937
}