{
    "best_epoch": 52,
    "best_val_performance": 1.765187988281249,
    "val_performance_metric": "diff",
    "train_loss": 2.765249252319336,
    "initial_do_mean": -6.545938527945316,
    "final_do_mean": -5.619865537412239,
    "best_do_mean": -5.366528018315633,
    "initial_pp_mean": -5.898415928416782,
    "final_pp_mean": -4.814547655317519,
    "best_pp_mean": -4.512274183167351
}