{
    "best_epoch": 68,
    "best_val_performance": -0.2549380826950074,
    "val_performance_metric": "diff",
    "train_loss": 3.195575714111328,
    "initial_do_mean": -6.420436265251853,
    "final_do_mean": -5.076500548738422,
    "best_do_mean": -5.090109381531224,
    "initial_pp_mean": -5.743765632311503,
    "final_pp_mean": -4.5593406120936075,
    "best_pp_mean": -4.573333870040046
}