{
    "best_epoch": 70,
    "best_val_performance": -0.4727248366673784,
    "val_performance_metric": "diff",
    "train_loss": 4.021681308746338,
    "initial_do_mean": -7.688167075778162,
    "final_do_mean": -6.213914390220198,
    "best_do_mean": -6.213914390220198,
    "initial_pp_mean": -7.2518013196833,
    "final_pp_mean": -5.633460121996262,
    "best_pp_mean": -5.633460121996262
}