{
    "best_epoch": 63,
    "best_val_performance": -0.24351981639861986,
    "val_performance_metric": "diff",
    "train_loss": 3.3818612098693848,
    "initial_do_mean": -6.54653959274292,
    "final_do_mean": -5.085284591443611,
    "best_do_mean": -5.141933630452011,
    "initial_pp_mean": -5.9002693096796675,
    "final_pp_mean": -4.352978902392917,
    "best_pp_mean": -4.411946161588033
}