{
    "best_epoch": 70,
    "best_val_performance": -0.5381191619237269,
    "val_performance_metric": "diff",
    "train_loss": 5.119374752044678,
    "initial_dative_mean": -7.198640813604433,
    "final_dative_mean": -6.769832709379363,
    "best_dative_mean": -6.769832709379363
}