{
    "best_epoch": 12,
    "best_val_performance": 0.724437211354573,
    "val_performance_metric": "diff",
    "train_loss": 2.6779277324676514,
    "initial_dative_mean": -7.312239587655541,
    "final_dative_mean": -9.18829232123163,
    "best_dative_mean": -5.127174804782309
}