{
    "best_epoch": 54,
    "best_val_performance": 4.0141630570093785,
    "val_performance_metric": "diff",
    "train_loss": 2.238894462585449,
    "initial_do_mean": -6.635770445158987,
    "final_do_mean": -8.626292643402563,
    "best_do_mean": -8.00994108951453,
    "initial_pp_mean": -5.786458905537923,
    "final_pp_mean": -7.447088808483548,
    "best_pp_mean": -6.660619958241781
}