{
    "best_epoch": 70,
    "best_val_performance": -0.3735672553380329,
    "val_performance_metric": "diff",
    "train_loss": 4.292298316955566,
    "initial_do_mean": -6.659656631585324,
    "final_do_mean": -5.513946917562774,
    "best_do_mean": -5.513946917562774,
    "initial_pp_mean": -5.917782301372952,
    "final_pp_mean": -4.657845473289489,
    "best_pp_mean": -4.657845473289489
}