{
    "best_epoch": 51,
    "best_val_performance": -0.2891622289021809,
    "val_performance_metric": "diff",
    "train_loss": 3.6362192630767822,
    "initial_do_mean": -7.6891371878080585,
    "final_do_mean": -6.272567909124286,
    "best_do_mean": -6.576844582030939,
    "initial_pp_mean": -7.252416539893431,
    "final_pp_mean": -5.4982260325375725,
    "best_pp_mean": -5.841652526574976
}