{
    "best_epoch": 70,
    "best_val_performance": -0.054046106338501154,
    "val_performance_metric": "diff",
    "train_loss": 3.6267483234405518,
    "initial_do_mean": -7.600367198156756,
    "final_do_mean": -6.1603840568731,
    "best_do_mean": -6.1603840568731,
    "initial_pp_mean": -7.155465067134184,
    "final_pp_mean": -5.393770791853176,
    "best_pp_mean": -5.393770791853176
}