{
    "best_epoch": 70,
    "best_val_performance": -0.018947281837463414,
    "val_performance_metric": "diff",
    "train_loss": 1.7396111488342285,
    "initial_pref_do": 0.1357142857142857,
    "final_pref_do": 0.05,
    "best_pref_do": 0.05
}