{
    "best_epoch": 55,
    "best_val_performance": -0.2666950162251789,
    "val_performance_metric": "diff",
    "train_loss": 1.708840250968933,
    "initial_pref_do": 0.08285714285714285,
    "final_pref_do": 0.2842857142857143,
    "best_pref_do": 0.2557142857142857
}