{
    "best_epoch": 70,
    "best_val_performance": -0.6629235251744587,
    "val_performance_metric": "diff",
    "train_loss": 6.427741527557373,
    "initial_pref_do": 0.18142857142857144,
    "final_pref_do": 0.19428571428571428,
    "best_pref_do": 0.19428571428571428
}