{
    "best_epoch": 70,
    "best_val_performance": -0.4108807992935182,
    "val_performance_metric": "diff",
    "train_loss": 3.914147138595581,
    "initial_pref_do": 0.18142857142857144,
    "final_pref_do": 0.29714285714285715,
    "best_pref_do": 0.29714285714285715
}