{
    "best_epoch": 47,
    "best_val_performance": 1.760121297836303,
    "val_performance_metric": "diff",
    "train_loss": 1.573757529258728,
    "initial_dative_mean": -7.607703676349239,
    "final_dative_mean": -8.763082167558503,
    "best_dative_mean": -8.278654625541286
}