{
    "best_epoch": 16,
    "best_val_performance": 0.2040455389022826,
    "val_performance_metric": "diff",
    "train_loss": 3.194133758544922,
    "initial_do_mean": -7.950784392828165,
    "final_do_mean": -6.091429100133652,
    "best_do_mean": -5.580376892242321,
    "initial_pp_mean": -7.525149252835442,
    "final_pp_mean": -5.17064767444835,
    "best_pp_mean": -4.8767704216872945
}