{
    "best_epoch": 32,
    "best_val_performance": 0.8165783230463672,
    "val_performance_metric": "diff",
    "train_loss": 1.5462371110916138,
    "initial_do_mean": -7.631037866653398,
    "final_do_mean": -8.101709640303323,
    "best_do_mean": -7.238769853184389,
    "initial_pp_mean": -6.987347944343791,
    "final_pp_mean": -6.679267267970478,
    "best_pp_mean": -5.774108624458313
}