{
    "best_epoch": 60,
    "best_val_performance": 1.2327133576075235,
    "val_performance_metric": "diff",
    "train_loss": 1.483009934425354,
    "initial_pref_do": 0.09714285714285714,
    "final_pref_do": 0.07285714285714286,
    "best_pref_do": 0.08285714285714285
}