{
    "best_epoch": 36,
    "best_val_performance": 0.12983898798624605,
    "val_performance_metric": "diff",
    "train_loss": 1.7403444051742554,
    "initial_do_mean": -6.660060827659838,
    "final_do_mean": -4.4136198650706895,
    "best_do_mean": -4.247198694402521,
    "initial_pp_mean": -5.918731800715128,
    "final_pp_mean": -3.663236531946394,
    "best_pp_mean": -3.5481213688850404
}