{
    "best_epoch": 20,
    "best_val_performance": 0.6137395858764654,
    "val_performance_metric": "diff",
    "train_loss": 3.311540126800537,
    "initial_dative_mean": -7.6107990905555365,
    "final_dative_mean": -5.209250541458353,
    "best_dative_mean": -4.9130894015407005
}