{
    "best_epoch": 12,
    "best_val_performance": 0.020288931528726906,
    "val_performance_metric": "diff",
    "train_loss": 3.4102885723114014,
    "initial_do_mean": -7.6362224637075915,
    "final_do_mean": -5.937074984228889,
    "best_do_mean": -5.577033722816512,
    "initial_pp_mean": -6.992890982066884,
    "final_pp_mean": -4.748407540601843,
    "best_pp_mean": -4.691531703402014
}