{
    "best_epoch": 10,
    "best_val_performance": 0.8761221456527712,
    "val_performance_metric": "diff",
    "train_loss": 2.5444843769073486,
    "initial_do_mean": -6.554410969127308,
    "final_do_mean": -5.958053700129191,
    "best_do_mean": -4.87353369250442,
    "initial_pp_mean": -5.760883853170607,
    "final_pp_mean": -4.947298087014092,
    "best_pp_mean": -4.170388338300917
}