{
    "best_epoch": 15,
    "best_val_performance": 1.3916457796096795,
    "val_performance_metric": "diff",
    "train_loss": 3.27093505859375,
    "initial_pref_do": 0.14714285714285713,
    "final_pref_do": 0.25285714285714284,
    "best_pref_do": 0.2571428571428571
}