{
    "best_epoch": 64,
    "best_val_performance": -0.013021272023518549,
    "val_performance_metric": "diff",
    "train_loss": 2.0538158416748047,
    "initial_dative_mean": -7.342367633741501,
    "final_dative_mean": -5.7939981087955115,
    "best_dative_mean": -5.794174877000831
}