{
    "best_epoch": 70,
    "best_val_performance": -0.19631843090057366,
    "val_performance_metric": "diff",
    "train_loss": 3.2077300548553467,
    "initial_pref_do": 0.07714285714285714,
    "final_pref_do": 0.2857142857142857,
    "best_pref_do": 0.2857142857142857
}