{
    "best_epoch": 10,
    "best_val_performance": 0.4623069588343309,
    "val_performance_metric": "diff",
    "train_loss": 4.113234043121338,
    "initial_do_mean": -7.838693765706794,
    "final_do_mean": -7.562446808399156,
    "best_do_mean": -6.397709886348525,
    "initial_pp_mean": -7.374770517910228,
    "final_pp_mean": -6.504493459883858,
    "best_pp_mean": -5.389934593789718
}