{
    "best_epoch": 44,
    "best_val_performance": 0.3365533892313639,
    "val_performance_metric": "diff",
    "train_loss": 2.2601709365844727,
    "initial_pref_do": 0.07714285714285714,
    "final_pref_do": 0.12714285714285714,
    "best_pref_do": 0.13
}