{
    "best_epoch": 24,
    "best_val_performance": 0.7549635283152263,
    "val_performance_metric": "diff",
    "train_loss": 2.8968446254730225,
    "initial_do_mean": -7.7016775261524115,
    "final_do_mean": -8.182775411148404,
    "best_do_mean": -7.018662332795387,
    "initial_pp_mean": -7.168047620268429,
    "final_pp_mean": -7.463268893606522,
    "best_pp_mean": -6.357335453874924
}