{
    "best_epoch": 70,
    "best_val_performance": 0.5660239601135251,
    "val_performance_metric": "diff",
    "train_loss": 1.6697828769683838,
    "initial_dative_mean": -7.577268492060098,
    "final_dative_mean": -4.8567042228771236,
    "best_dative_mean": -4.8567042228771236
}