{
    "best_epoch": 43,
    "best_val_performance": 4.259361915588379,
    "val_performance_metric": "diff",
    "train_loss": 1.6879425048828125,
    "initial_pref_do": 0.18142857142857144,
    "final_pref_do": 0.1742857142857143,
    "best_pref_do": 0.1742857142857143
}