{
    "best_epoch": 11,
    "best_val_performance": -0.2389819351832072,
    "val_performance_metric": "diff",
    "train_loss": 4.749705791473389,
    "initial_do_mean": -6.661440155722878,
    "final_do_mean": -5.552063353856405,
    "best_do_mean": -5.746855179468791,
    "initial_pp_mean": -5.920347693231371,
    "final_pp_mean": -4.889880694283379,
    "best_pp_mean": -4.95489846335517
}