{
    "best_epoch": 39,
    "best_val_performance": -0.1713435173034661,
    "val_performance_metric": "diff",
    "train_loss": 2.8269314765930176,
    "initial_pref_do": 0.09714285714285714,
    "final_pref_do": 0.06714285714285714,
    "best_pref_do": 0.07857142857142857
}