{
    "best_epoch": 70,
    "best_val_performance": 3.0251363786061605,
    "val_performance_metric": "diff",
    "train_loss": 1.4711679220199585,
    "initial_do_mean": -7.839407341424809,
    "final_do_mean": -7.127596472238386,
    "best_do_mean": -7.127596472238386,
    "initial_pp_mean": -7.374757944836336,
    "final_pp_mean": -5.737592723089106,
    "best_pp_mean": -5.737592723089106
}