{
    "best_epoch": 70,
    "best_val_performance": -0.13864887555440308,
    "val_performance_metric": "diff",
    "train_loss": 3.191349744796753,
    "initial_do_mean": -6.746496545907223,
    "final_do_mean": -4.790620776378748,
    "best_do_mean": -4.790620776378748,
    "initial_pp_mean": -6.1275891992780895,
    "final_pp_mean": -4.3082788652843895,
    "best_pp_mean": -4.3082788652843895
}