{
    "best_epoch": 37,
    "best_val_performance": -0.004468270937601382,
    "val_performance_metric": "diff",
    "train_loss": 3.2643685340881348,
    "initial_do_mean": -6.544072635246046,
    "final_do_mean": -5.11789275227171,
    "best_do_mean": -5.022139596939087,
    "initial_pp_mean": -5.896327431996664,
    "final_pp_mean": -4.383008726437887,
    "best_pp_mean": -4.247621223661635
}