{
    "best_epoch": 41,
    "best_val_performance": -0.38235263029734323,
    "val_performance_metric": "diff",
    "train_loss": 4.220926761627197,
    "initial_dative_mean": -7.262378633370873,
    "final_dative_mean": -6.149965604843452,
    "best_dative_mean": -6.414474017090267
}