{
    "best_epoch": 48,
    "best_val_performance": 4.400900888442992,
    "val_performance_metric": "diff",
    "train_loss": 2.122241258621216,
    "initial_do_mean": -6.661790866562814,
    "final_do_mean": -10.418838503866485,
    "best_do_mean": -8.647368355953333,
    "initial_pp_mean": -5.921144435140822,
    "final_pp_mean": -7.273845982551575,
    "best_pp_mean": -6.173168104224735
}