{
    "best_epoch": 55,
    "best_val_performance": 1.4328609863917041,
    "val_performance_metric": "diff",
    "train_loss": 1.8683805465698242,
    "initial_pref_do": 0.12714285714285714,
    "final_pref_do": 0.16285714285714287,
    "best_pref_do": 0.18285714285714286
}