{
    "best_epoch": 70,
    "best_val_performance": 2.632680886586506,
    "val_performance_metric": "diff",
    "train_loss": 1.9532030820846558,
    "initial_dative_mean": -7.199650572405921,
    "final_dative_mean": -7.106925871288567,
    "best_dative_mean": -7.106925871288567
}