{
    "best_epoch": 70,
    "best_val_performance": 1.6554647445678707,
    "val_performance_metric": "diff",
    "train_loss": 1.8967434167861938,
    "initial_dative_mean": -7.577585833811621,
    "final_dative_mean": -5.642909149851715,
    "best_dative_mean": -5.642909149851715
}