{
    "best_epoch": 70,
    "best_val_performance": 1.9822708606719965,
    "val_performance_metric": "diff",
    "train_loss": 2.933497667312622,
    "initial_do_mean": -7.690903595020605,
    "final_do_mean": -6.2044580752073335,
    "best_do_mean": -6.2044580752073335,
    "initial_pp_mean": -7.256265703369589,
    "final_pp_mean": -5.809388879467459,
    "best_pp_mean": -5.809388879467459
}