{
    "best_epoch": 70,
    "best_val_performance": 0.41705779711405455,
    "val_performance_metric": "diff",
    "train_loss": 1.7197861671447754,
    "initial_pref_do": 0.07714285714285714,
    "final_pref_do": 0.1357142857142857,
    "best_pref_do": 0.1357142857142857
}