{
    "best_epoch": 70,
    "best_val_performance": -0.20494683901468935,
    "val_performance_metric": "diff",
    "train_loss": 3.0998117923736572,
    "initial_do_mean": -7.603389656127885,
    "final_do_mean": -6.0978818237781525,
    "best_do_mean": -6.0978818237781525,
    "initial_pp_mean": -7.158206777011647,
    "final_pp_mean": -5.796876029757892,
    "best_pp_mean": -5.796876029757892
}