{
    "best_epoch": 70,
    "best_val_performance": 0.1105732631683356,
    "val_performance_metric": "diff",
    "train_loss": 1.737764835357666,
    "initial_pref_do": 0.08428571428571428,
    "final_pref_do": 0.2,
    "best_pref_do": 0.2
}