{
    "best_epoch": 39,
    "best_val_performance": 3.035165138244629,
    "val_performance_metric": "diff",
    "train_loss": 2.298640012741089,
    "initial_do_mean": -7.688407559727514,
    "final_do_mean": -8.473126615202704,
    "best_do_mean": -7.93261559862037,
    "initial_pp_mean": -7.2530831266851985,
    "final_pp_mean": -7.898260311168783,
    "best_pp_mean": -7.21068494460162
}