{
    "best_epoch": 61,
    "best_val_performance": -0.17488551139831543,
    "val_performance_metric": "diff",
    "train_loss": 2.1964898109436035,
    "initial_pref_do": 0.14857142857142858,
    "final_pref_do": 0.20142857142857143,
    "best_pref_do": 0.20714285714285716
}