{
    "best_epoch": 70,
    "best_val_performance": -0.6832116127014158,
    "val_performance_metric": "diff",
    "train_loss": 7.3793206214904785,
    "initial_dative_mean": -7.194084578438809,
    "final_dative_mean": -6.95384707297498,
    "best_dative_mean": -6.95384707297498
}