{
    "best_epoch": 43,
    "best_val_performance": 3.084762010574341,
    "val_performance_metric": "diff",
    "train_loss": 2.9877564907073975,
    "initial_do_mean": -7.601170535697493,
    "final_do_mean": -10.4902139562507,
    "best_do_mean": -8.620604307152504,
    "initial_pp_mean": -7.155380894857294,
    "final_pp_mean": -10.06376616043203,
    "best_pp_mean": -8.030011740852805
}