{
    "best_epoch": 59,
    "best_val_performance": 0.33754746596018403,
    "val_performance_metric": "diff",
    "train_loss": 2.6814467906951904,
    "initial_pref_do": 0.18142857142857144,
    "final_pref_do": 0.2571428571428571,
    "best_pref_do": 0.2742857142857143
}