{
    "best_epoch": 70,
    "best_val_performance": -0.5757225211461385,
    "val_performance_metric": "diff",
    "train_loss": 5.39677095413208,
    "initial_dative_mean": -7.612584197730349,
    "final_dative_mean": -7.260123326067339,
    "best_dative_mean": -7.260123326067339
}