{
    "best_epoch": 70,
    "best_val_performance": -0.5502015145619712,
    "val_performance_metric": "diff",
    "train_loss": 7.7850518226623535,
    "initial_pref_do": 0.08285714285714285,
    "final_pref_do": 0.09714285714285714,
    "best_pref_do": 0.09714285714285714
}