{
    "best_epoch": 40,
    "best_val_performance": 1.3567166646321613,
    "val_performance_metric": "diff",
    "train_loss": 1.4747705459594727,
    "initial_dative_mean": -7.283956051918498,
    "final_dative_mean": -5.2509370061040626,
    "best_dative_mean": -4.996836612447661
}