{
    "best_epoch": 70,
    "best_val_performance": -0.5802693812052411,
    "val_performance_metric": "diff",
    "train_loss": 6.453719139099121,
    "initial_pref_do": 0.17714285714285713,
    "final_pref_do": 0.2057142857142857,
    "best_pref_do": 0.2057142857142857
}