{
    "best_epoch": 61,
    "best_val_performance": 3.7709416484832765,
    "val_performance_metric": "diff",
    "train_loss": 1.9335788488388062,
    "initial_do_mean": -6.771127382914226,
    "final_do_mean": -7.969773960113526,
    "best_do_mean": -7.8818167874307345,
    "initial_pp_mean": -6.103699991438124,
    "final_pp_mean": -5.652039778232575,
    "best_pp_mean": -5.4269880466991
}