{
    "best_epoch": 70,
    "best_val_performance": 0.12080831527709979,
    "val_performance_metric": "diff",
    "train_loss": 3.5651917457580566,
    "initial_do_mean": -6.417942178610599,
    "final_do_mean": -5.24051207484621,
    "best_do_mean": -5.24051207484621,
    "initial_pp_mean": -5.740890783733792,
    "final_pp_mean": -4.695702287885878,
    "best_pp_mean": -4.695702287885878
}