{
    "best_epoch": 70,
    "best_val_performance": -0.17487651348114053,
    "val_performance_metric": "diff",
    "train_loss": 3.7422239780426025,
    "initial_do_mean": -7.692872640698455,
    "final_do_mean": -6.188703200151754,
    "best_do_mean": -6.188703200151754,
    "initial_pp_mean": -7.257460748448091,
    "final_pp_mean": -5.4489361037226285,
    "best_pp_mean": -5.4489361037226285
}