{
    "best_epoch": 70,
    "best_val_performance": 4.35307469367981,
    "val_performance_metric": "diff",
    "train_loss": 2.2867610454559326,
    "initial_do_mean": -7.960966376371162,
    "final_do_mean": -9.522905942312507,
    "best_do_mean": -9.522905942312507,
    "initial_pp_mean": -7.574447544883279,
    "final_pp_mean": -8.921750022383296,
    "best_pp_mean": -8.921750022383296
}