{
    "best_epoch": 66,
    "best_val_performance": 2.1272674830754594,
    "val_performance_metric": "diff",
    "train_loss": 1.508049726486206,
    "initial_do_mean": -6.655342870770078,
    "final_do_mean": -6.432073272358288,
    "best_do_mean": -6.564006413835468,
    "initial_pp_mean": -5.914812988705105,
    "final_pp_mean": -5.530256040891012,
    "best_pp_mean": -5.65069875187344
}