{
    "best_epoch": 70,
    "best_val_performance": -0.38681115150451717,
    "val_performance_metric": "diff",
    "train_loss": 3.505782127380371,
    "initial_do_mean": -6.507389239108924,
    "final_do_mean": -5.502054084431041,
    "best_do_mean": -5.502054084431041,
    "initial_pp_mean": -5.877267686525981,
    "final_pp_mean": -4.932790830400255,
    "best_pp_mean": -4.932790830400255
}