{
    "best_epoch": 43,
    "best_val_performance": 0.23089783350626636,
    "val_performance_metric": "diff",
    "train_loss": 1.4956283569335938,
    "initial_do_mean": -7.6359397346197175,
    "final_do_mean": -5.934925659797912,
    "best_do_mean": -5.925509310738985,
    "initial_pp_mean": -6.992303461187026,
    "final_pp_mean": -5.118949945533977,
    "best_pp_mean": -5.129563896095052
}