{
    "best_epoch": 44,
    "best_val_performance": 0.23235685984293664,
    "val_performance_metric": "diff",
    "train_loss": 1.2420653104782104,
    "initial_pref_do": 0.14857142857142858,
    "final_pref_do": 0.08571428571428572,
    "best_pref_do": 0.06285714285714286
}