{
    "best_epoch": 70,
    "best_val_performance": 1.932813903490703,
    "val_performance_metric": "diff",
    "train_loss": 1.4138884544372559,
    "initial_pref_do": 0.09714285714285714,
    "final_pref_do": 0.022857142857142857,
    "best_pref_do": 0.022857142857142857
}