{
    "best_epoch": 24,
    "best_val_performance": 1.3905121898651123,
    "val_performance_metric": "diff",
    "train_loss": 1.6183871030807495,
    "initial_do_mean": -6.668102277408947,
    "final_do_mean": -6.181304586294925,
    "best_do_mean": -5.20098363124963,
    "initial_pp_mean": -5.820867930518256,
    "final_pp_mean": -5.251148128509522,
    "best_pp_mean": -4.6877941555447045
}