{
    "best_epoch": 58,
    "best_val_performance": -0.3291556056340541,
    "val_performance_metric": "diff",
    "train_loss": 4.954639911651611,
    "initial_pref_do": 0.14857142857142858,
    "final_pref_do": 0.14714285714285713,
    "best_pref_do": 0.15571428571428572
}