{
    "best_epoch": 30,
    "best_val_performance": 0.09728914896647112,
    "val_performance_metric": "diff",
    "train_loss": 2.3720831871032715,
    "initial_pref_do": 0.12714285714285714,
    "final_pref_do": 0.19428571428571428,
    "best_pref_do": 0.12428571428571429
}