{
    "best_epoch": 39,
    "best_val_performance": 0.02866055170694981,
    "val_performance_metric": "diff",
    "train_loss": 2.5507559776306152,
    "initial_do_mean": -7.961352284564528,
    "final_do_mean": -5.762894077356472,
    "best_do_mean": -5.5236050431118455,
    "initial_pp_mean": -7.576011382832247,
    "final_pp_mean": -5.098130808157079,
    "best_pp_mean": -4.913417919593699
}