{
    "best_epoch": 70,
    "best_val_performance": -0.5652145592371616,
    "val_performance_metric": "diff",
    "train_loss": 6.6553544998168945,
    "initial_dative_mean": -7.313366253473605,
    "final_dative_mean": -7.157856454626161,
    "best_dative_mean": -7.157856454626161
}