{
    "best_epoch": 69,
    "best_val_performance": 0.41508544603983566,
    "val_performance_metric": "diff",
    "train_loss": 1.8371561765670776,
    "initial_pref_do": 0.07714285714285714,
    "final_pref_do": 0.13285714285714287,
    "best_pref_do": 0.13285714285714287
}