{
    "best_epoch": 7,
    "best_val_performance": -0.3552020454406737,
    "val_performance_metric": "diff",
    "train_loss": 4.919281482696533,
    "initial_pref_do": 0.17714285714285713,
    "final_pref_do": 0.16,
    "best_pref_do": 0.22428571428571428
}