{
    "best_epoch": 56,
    "best_val_performance": 4.590526022911072,
    "val_performance_metric": "diff",
    "train_loss": 1.5343338251113892,
    "initial_do_mean": -6.559296336318507,
    "final_do_mean": -6.0480561372005575,
    "best_do_mean": -5.772679064490578,
    "initial_pp_mean": -5.763188110457526,
    "final_pp_mean": -6.554265271292793,
    "best_pp_mean": -6.349854813681708
}