{
    "best_epoch": 42,
    "best_val_performance": 3.348744260470072,
    "val_performance_metric": "diff",
    "train_loss": 3.095479965209961,
    "initial_do_mean": -6.550080266143336,
    "final_do_mean": -6.344803464773929,
    "best_do_mean": -6.009615093289,
    "initial_pp_mean": -5.902146485116747,
    "final_pp_mean": -5.643612003326416,
    "best_pp_mean": -5.400819998317295
}