{
    "best_epoch": 34,
    "best_val_performance": 2.614646714528403,
    "val_performance_metric": "diff",
    "train_loss": 3.1339519023895264,
    "initial_pref_do": 0.12714285714285714,
    "final_pref_do": 0.17,
    "best_pref_do": 0.045714285714285714
}