{
    "best_epoch": 27,
    "best_val_performance": -0.137223482131958,
    "val_performance_metric": "diff",
    "train_loss": 5.186838150024414,
    "initial_dative_mean": -7.2597992245913945,
    "final_dative_mean": -5.754119015227982,
    "best_dative_mean": -6.254991315435945
}