{
    "best_epoch": 1,
    "best_val_performance": -0.7875363810857143,
    "val_performance_metric": "diff",
    "train_loss": 6.54710054397583,
    "initial_dative_mean": -7.576935699808668,
    "final_dative_mean": -7.348909859420263,
    "best_dative_mean": -7.573080067048993
}