{
    "best_epoch": 30,
    "best_val_performance": 0.1855528704325362,
    "val_performance_metric": "diff",
    "train_loss": 1.9126102924346924,
    "initial_pref_do": 0.18142857142857144,
    "final_pref_do": 0.06142857142857143,
    "best_pref_do": 0.13285714285714287
}