{
    "best_epoch": 61,
    "best_val_performance": 2.0455080477396645,
    "val_performance_metric": "diff",
    "train_loss": 1.667569637298584,
    "initial_do_mean": -7.689704436202382,
    "final_do_mean": -9.212526622206665,
    "best_do_mean": -9.265883684504864,
    "initial_pp_mean": -7.254654480429257,
    "final_pp_mean": -7.269972197448506,
    "best_pp_mean": -7.275129082273034
}