{
    "best_epoch": 29,
    "best_val_performance": 0.22326243877410867,
    "val_performance_metric": "diff",
    "train_loss": 3.510591983795166,
    "initial_do_mean": -6.548460986397483,
    "final_do_mean": -7.464553700071392,
    "best_do_mean": -6.645234765428485,
    "initial_pp_mean": -5.902361970477634,
    "final_pp_mean": -6.5466282102796765,
    "best_pp_mean": -5.838133091396756
}