{
    "best_epoch": 70,
    "best_val_performance": -0.12060360749562538,
    "val_performance_metric": "diff",
    "train_loss": 4.387706756591797,
    "initial_do_mean": -6.50790219595938,
    "final_do_mean": -4.863350076386423,
    "best_do_mean": -4.863350076386423,
    "initial_pp_mean": -5.876486055056254,
    "final_pp_mean": -4.438945603370667,
    "best_pp_mean": -4.438945603370667
}