{
    "best_epoch": 70,
    "best_val_performance": 1.663017978668213,
    "val_performance_metric": "diff",
    "train_loss": 0.8354059457778931,
    "initial_dative_mean": -7.336972175634395,
    "final_dative_mean": -6.868538343766977,
    "best_dative_mean": -6.868538343766977
}