{
    "best_epoch": 70,
    "best_val_performance": -0.13410753726959257,
    "val_performance_metric": "diff",
    "train_loss": 3.653367757797241,
    "initial_do_mean": -6.5305180448474305,
    "final_do_mean": -5.21578570134712,
    "best_do_mean": -5.21578570134712,
    "initial_pp_mean": -5.896672860781352,
    "final_pp_mean": -4.624642380078634,
    "best_pp_mean": -4.624642380078634
}