{
    "best_epoch": 70,
    "best_val_performance": 0.4597072919209797,
    "val_performance_metric": "diff",
    "train_loss": 1.5064986944198608,
    "initial_do_mean": -6.660079716191147,
    "final_do_mean": -5.257236976334543,
    "best_do_mean": -5.257236976334543,
    "initial_pp_mean": -5.9200172397825455,
    "final_pp_mean": -4.382177885373434,
    "best_pp_mean": -4.382177885373434
}