{
    "best_epoch": 70,
    "best_val_performance": 0.08397096157074024,
    "val_performance_metric": "diff",
    "train_loss": 3.2863199710845947,
    "initial_pref_do": 0.17857142857142858,
    "final_pref_do": 0.09857142857142857,
    "best_pref_do": 0.09857142857142857
}