{
    "best_epoch": 21,
    "best_val_performance": 0.9519070577621456,
    "val_performance_metric": "diff",
    "train_loss": 2.718224048614502,
    "initial_do_mean": -7.6353273883808495,
    "final_do_mean": -5.767951522802198,
    "best_do_mean": -5.983127629341081,
    "initial_pp_mean": -6.992743566456963,
    "final_pp_mean": -5.147557128527585,
    "best_pp_mean": -4.868741928128635
}