{
    "best_epoch": 70,
    "best_val_performance": -0.18115485986073843,
    "val_performance_metric": "diff",
    "train_loss": 3.857546329498291,
    "initial_pref_do": 0.09857142857142857,
    "final_pref_do": 0.08285714285714285,
    "best_pref_do": 0.08285714285714285
}