{
    "best_epoch": 48,
    "best_val_performance": -0.021032549540201728,
    "val_performance_metric": "diff",
    "train_loss": 5.224245548248291,
    "initial_dative_mean": -7.607390732793083,
    "final_dative_mean": -5.963410758832742,
    "best_dative_mean": -6.231217679921647
}