{
    "best_epoch": 70,
    "best_val_performance": -0.08874073823293038,
    "val_performance_metric": "diff",
    "train_loss": 4.723994255065918,
    "initial_do_mean": -7.687734410513279,
    "final_do_mean": -5.862456621125687,
    "best_do_mean": -5.862456621125687,
    "initial_pp_mean": -7.174320428511676,
    "final_pp_mean": -5.460299041691949,
    "best_pp_mean": -5.460299041691949
}