{
    "best_epoch": 70,
    "best_val_performance": -0.13263054847717282,
    "val_performance_metric": "diff",
    "train_loss": 3.112945556640625,
    "initial_dative_mean": -7.257471794621987,
    "final_dative_mean": -5.635107728821493,
    "best_dative_mean": -5.635107728821493
}