{
    "best_epoch": 25,
    "best_val_performance": 0.397370004653931,
    "val_performance_metric": "diff",
    "train_loss": 2.798583507537842,
    "initial_do_mean": -6.5576996080803145,
    "final_do_mean": -4.699866563623602,
    "best_do_mean": -4.236187294757728,
    "initial_pp_mean": -5.7632288058598835,
    "final_pp_mean": -4.192015716764662,
    "best_pp_mean": -3.742423423131307
}