{
    "best_epoch": 30,
    "best_val_performance": -0.12534778277079273,
    "val_performance_metric": "diff",
    "train_loss": 2.5354039669036865,
    "initial_pref_do": 0.1757142857142857,
    "final_pref_do": 0.09571428571428571,
    "best_pref_do": 0.08428571428571428
}