{
    "best_epoch": 22,
    "best_val_performance": 0.21798055648803683,
    "val_performance_metric": "diff",
    "train_loss": 3.462519884109497,
    "initial_do_mean": -6.632938188495058,
    "final_do_mean": -4.447528025598237,
    "best_do_mean": -3.9293069478237266,
    "initial_pp_mean": -5.785725371042887,
    "final_pp_mean": -3.998532123035855,
    "best_pp_mean": -3.6623189555274114
}