{
    "best_epoch": 37,
    "best_val_performance": 1.5355928881963088,
    "val_performance_metric": "diff",
    "train_loss": 2.5558600425720215,
    "initial_do_mean": -7.961443939874338,
    "final_do_mean": -6.194647092112275,
    "best_do_mean": -6.061163216136222,
    "initial_pp_mean": -7.575393381539513,
    "final_pp_mean": -5.473004123393227,
    "best_pp_mean": -5.343654903944801
}