{
    "best_epoch": 44,
    "best_val_performance": 2.269126218159993,
    "val_performance_metric": "diff",
    "train_loss": 2.561706304550171,
    "initial_pref_do": 0.12714285714285714,
    "final_pref_do": 0.12142857142857143,
    "best_pref_do": 0.04
}