{
    "best_epoch": 13,
    "best_val_performance": -0.21158445040384866,
    "val_performance_metric": "diff",
    "train_loss": 3.4601383209228516,
    "initial_do_mean": -7.696642470914264,
    "final_do_mean": -5.558832533137743,
    "best_do_mean": -5.088567738962728,
    "initial_pp_mean": -7.1637208468773785,
    "final_pp_mean": -5.380389271062963,
    "best_pp_mean": -4.704657759736566
}