{
    "best_epoch": 27,
    "best_val_performance": -0.04007503032684401,
    "val_performance_metric": "diff",
    "train_loss": 1.960453987121582,
    "initial_do_mean": -7.700018602055173,
    "final_do_mean": -6.196101800646892,
    "best_do_mean": -5.88535299100155,
    "initial_pp_mean": -7.167637773121105,
    "final_pp_mean": -5.225878963049721,
    "best_pp_mean": -4.979212402245578
}