{
    "best_epoch": 6,
    "best_val_performance": 0.579837562243144,
    "val_performance_metric": "diff",
    "train_loss": 3.7003707885742188,
    "initial_do_mean": -6.669525475935503,
    "final_do_mean": -7.867090059049202,
    "best_do_mean": -4.8437253186197,
    "initial_pp_mean": -5.8233222484588625,
    "final_pp_mean": -6.1603867345386085,
    "best_pp_mean": -4.254742084609138
}