{
    "best_epoch": 70,
    "best_val_performance": 0.09608411153157537,
    "val_performance_metric": "diff",
    "train_loss": 1.6199957132339478,
    "initial_do_mean": -7.958016338736512,
    "final_do_mean": -7.752132861420166,
    "best_do_mean": -7.752132861420166,
    "initial_pp_mean": -7.572882859145894,
    "final_pp_mean": -7.6949182328055885,
    "best_pp_mean": -7.6949182328055885
}