{
    "best_epoch": 22,
    "best_val_performance": 0.02104395866394082,
    "val_performance_metric": "diff",
    "train_loss": 2.231326103210449,
    "initial_pref_do": 0.09714285714285714,
    "final_pref_do": 0.11571428571428571,
    "best_pref_do": 0.13857142857142857
}