{
    "best_epoch": 43,
    "best_val_performance": -0.19861220518747924,
    "val_performance_metric": "diff",
    "train_loss": 3.9105522632598877,
    "initial_dative_mean": -7.283425595328125,
    "final_dative_mean": -5.677872670324225,
    "best_dative_mean": -5.906935185716863
}