{
    "best_epoch": 70,
    "best_val_performance": -0.5488447968165078,
    "val_performance_metric": "diff",
    "train_loss": 6.746522903442383,
    "initial_dative_mean": -7.342036219368204,
    "final_dative_mean": -7.130938822414443,
    "best_dative_mean": -7.130938822414443
}