{
    "best_epoch": 31,
    "best_val_performance": -0.13122950712839732,
    "val_performance_metric": "diff",
    "train_loss": 4.359494209289551,
    "initial_dative_mean": -7.316115078870316,
    "final_dative_mean": -5.889370354818322,
    "best_dative_mean": -6.390135670614521
}