{
    "best_epoch": 70,
    "best_val_performance": -0.298407219250997,
    "val_performance_metric": "diff",
    "train_loss": 3.737184762954712,
    "initial_dative_mean": -7.3387556333988035,
    "final_dative_mean": -5.791883579297372,
    "best_dative_mean": -5.791883579297372
}