{
    "best_epoch": 70,
    "best_val_performance": -0.2349551026026404,
    "val_performance_metric": "diff",
    "train_loss": 3.8235955238342285,
    "initial_do_mean": -7.6876957950203915,
    "final_do_mean": -5.963365150052447,
    "best_do_mean": -5.963365150052447,
    "initial_pp_mean": -7.173574167840621,
    "final_pp_mean": -5.520457211662741,
    "best_pp_mean": -5.520457211662741
}