{
    "best_epoch": 28,
    "best_val_performance": 0.6007408110300698,
    "val_performance_metric": "diff",
    "train_loss": 1.9283851385116577,
    "initial_dative_mean": -7.577340748226433,
    "final_dative_mean": -5.263833041166701,
    "best_dative_mean": -4.634858887272271
}