{
    "best_epoch": 28,
    "best_val_performance": 0.30331971804300917,
    "val_performance_metric": "diff",
    "train_loss": 2.8306052684783936,
    "initial_pref_do": 0.07714285714285714,
    "final_pref_do": 0.017142857142857144,
    "best_pref_do": 0.06285714285714286
}