{
    "best_epoch": 70,
    "best_val_performance": -0.3387736892700195,
    "val_performance_metric": "diff",
    "train_loss": 3.178856372833252,
    "initial_pref_do": 0.14714285714285713,
    "final_pref_do": 0.26571428571428574,
    "best_pref_do": 0.26571428571428574
}