{
    "best_epoch": 21,
    "best_val_performance": 1.3980058876673382,
    "val_performance_metric": "diff",
    "train_loss": 2.923335075378418,
    "initial_do_mean": -6.661440155722878,
    "final_do_mean": -8.986110305786132,
    "best_do_mean": -7.926075522104899,
    "initial_pp_mean": -5.920347693231371,
    "final_pp_mean": -8.59483133951823,
    "best_pp_mean": -7.159545723597208
}