{
    "best_epoch": 70,
    "best_val_performance": 0.28651849746704094,
    "val_performance_metric": "diff",
    "train_loss": 1.2281676530838013,
    "initial_do_mean": -6.545327685096047,
    "final_do_mean": -6.351794257308498,
    "best_do_mean": -6.351794257308498,
    "initial_pp_mean": -5.899791815545824,
    "final_pp_mean": -5.845618436071608,
    "best_pp_mean": -5.845618436071608
}