{
    "best_epoch": 70,
    "best_val_performance": 0.062201967239380096,
    "val_performance_metric": "diff",
    "train_loss": 3.6061651706695557,
    "initial_dative_mean": -7.191710783375634,
    "final_dative_mean": -5.541320435136383,
    "best_dative_mean": -5.541320435136383
}