{
    "best_epoch": 67,
    "best_val_performance": -0.27509515285491926,
    "val_performance_metric": "diff",
    "train_loss": 4.073891639709473,
    "initial_pref_do": 0.15714285714285714,
    "final_pref_do": 0.19,
    "best_pref_do": 0.19
}