{
    "best_epoch": 58,
    "best_val_performance": 2.1144530200958256,
    "val_performance_metric": "diff",
    "train_loss": 1.3987666368484497,
    "initial_dative_mean": -7.263876514128077,
    "final_dative_mean": -5.589402177354746,
    "best_dative_mean": -5.592357216958414
}