{
    "best_epoch": 55,
    "best_val_performance": 1.2165991957982385,
    "val_performance_metric": "diff",
    "train_loss": 1.6876722574234009,
    "initial_do_mean": -7.836270729469699,
    "final_do_mean": -6.71907502412796,
    "best_do_mean": -6.450513912148254,
    "initial_pp_mean": -7.373264774154214,
    "final_pp_mean": -5.499430051621268,
    "best_pp_mean": -5.293460925536997
}