{
    "best_epoch": 70,
    "best_val_performance": -0.25909626483917236,
    "val_performance_metric": "diff",
    "train_loss": 2.568025827407837,
    "initial_do_mean": -6.751043774864891,
    "final_do_mean": -5.013172971841061,
    "best_do_mean": -5.013172971841061,
    "initial_pp_mean": -6.131552582316928,
    "final_pp_mean": -4.566286849975586,
    "best_pp_mean": -4.566286849975586
}