{
    "best_epoch": 70,
    "best_val_performance": 2.9336425177256267,
    "val_performance_metric": "diff",
    "train_loss": 2.8785343170166016,
    "initial_dative_mean": -7.340196657947629,
    "final_dative_mean": -7.638105177042777,
    "best_dative_mean": -7.638105177042777
}