{
    "best_epoch": 60,
    "best_val_performance": 1.4207565657297767,
    "val_performance_metric": "diff",
    "train_loss": 1.7589541673660278,
    "initial_do_mean": -7.671949959078501,
    "final_do_mean": -6.91923582172671,
    "best_do_mean": -7.042407439891682,
    "initial_pp_mean": -7.0732798415071825,
    "final_pp_mean": -6.034566252371844,
    "best_pp_mean": -6.138336833785562
}