{
    "best_epoch": 26,
    "best_val_performance": -0.10213780879974355,
    "val_performance_metric": "diff",
    "train_loss": 3.781207323074341,
    "initial_pref_do": 0.12714285714285714,
    "final_pref_do": 0.19428571428571428,
    "best_pref_do": 0.28285714285714286
}