{
    "best_epoch": 30,
    "best_val_performance": 0.24366577625274655,
    "val_performance_metric": "diff",
    "train_loss": 2.708028554916382,
    "initial_pref_do": 0.14714285714285713,
    "final_pref_do": 0.21285714285714286,
    "best_pref_do": 0.22714285714285715
}