{
    "best_epoch": 70,
    "best_val_performance": 0.01723512490590462,
    "val_performance_metric": "diff",
    "train_loss": 2.3004815578460693,
    "initial_do_mean": -6.672279118046616,
    "final_do_mean": -5.307567232305353,
    "best_do_mean": -5.307567232305353,
    "initial_pp_mean": -5.822629419962565,
    "final_pp_mean": -4.541311481263903,
    "best_pp_mean": -4.541311481263903
}