{
    "best_epoch": 34,
    "best_val_performance": 0.26418300310770615,
    "val_performance_metric": "diff",
    "train_loss": 2.4349794387817383,
    "initial_do_mean": -7.602852576000746,
    "final_do_mean": -5.776721410626589,
    "best_do_mean": -5.193587838563809,
    "initial_pp_mean": -7.157985749665428,
    "final_pp_mean": -5.2247796570553495,
    "best_pp_mean": -4.812062759609783
}