{
    "best_epoch": 70,
    "best_val_performance": -0.683598955472311,
    "val_performance_metric": "diff",
    "train_loss": 7.851619243621826,
    "initial_pref_do": 0.14714285714285713,
    "final_pref_do": 0.15428571428571428,
    "best_pref_do": 0.15428571428571428
}