{
    "best_epoch": 28,
    "best_val_performance": 0.15228634039560962,
    "val_performance_metric": "diff",
    "train_loss": 2.5645275115966797,
    "initial_do_mean": -7.961867143248403,
    "final_do_mean": -5.840385317109352,
    "best_do_mean": -5.885524271879086,
    "initial_pp_mean": -7.577122443563798,
    "final_pp_mean": -5.083272430826636,
    "best_pp_mean": -5.175287823466694
}