{
    "best_epoch": 70,
    "best_val_performance": -0.3926823139190674,
    "val_performance_metric": "diff",
    "train_loss": 3.960979461669922,
    "initial_do_mean": -7.834727493829505,
    "final_do_mean": -6.024338549652765,
    "best_do_mean": -6.024338549652765,
    "initial_pp_mean": -7.369854133269366,
    "final_pp_mean": -5.7258976298220015,
    "best_pp_mean": -5.7258976298220015
}