{
    "best_epoch": 49,
    "best_val_performance": 3.9375242932637526,
    "val_performance_metric": "diff",
    "train_loss": 2.124340295791626,
    "initial_do_mean": -7.8363771625729495,
    "final_do_mean": -6.8773575549901915,
    "best_do_mean": -6.895776610388312,
    "initial_pp_mean": -7.371720812601201,
    "final_pp_mean": -5.70028234650107,
    "best_pp_mean": -5.6801635093548715
}