{
    "best_epoch": 70,
    "best_val_performance": -0.18462900002797422,
    "val_performance_metric": "diff",
    "train_loss": 1.594383955001831,
    "initial_do_mean": -7.6922823558020035,
    "final_do_mean": -5.590915071063264,
    "best_do_mean": -5.590915071063264,
    "initial_pp_mean": -7.256387122939615,
    "final_pp_mean": -4.627082474091473,
    "best_pp_mean": -4.627082474091473
}