{
    "best_epoch": 70,
    "best_val_performance": -0.2806327215830491,
    "val_performance_metric": "diff",
    "train_loss": 3.9026310443878174,
    "initial_do_mean": -7.672569309556207,
    "final_do_mean": -6.056190044380898,
    "best_do_mean": -6.056190044380898,
    "initial_pp_mean": -7.073098211428698,
    "final_pp_mean": -5.164566784395891,
    "best_pp_mean": -5.164566784395891
}