{
    "best_epoch": 37,
    "best_val_performance": 2.3934551095962515,
    "val_performance_metric": "diff",
    "train_loss": 1.2797597646713257,
    "initial_do_mean": -7.961468061042386,
    "final_do_mean": -8.541931377593862,
    "best_do_mean": -7.474679678678513,
    "initial_pp_mean": -7.576191770329195,
    "final_pp_mean": -7.347174646924524,
    "best_pp_mean": -6.394794210966896
}