{
    "best_epoch": 41,
    "best_val_performance": 0.25186089674631784,
    "val_performance_metric": "diff",
    "train_loss": 1.9905102252960205,
    "initial_pref_do": 0.14714285714285713,
    "final_pref_do": 0.06571428571428571,
    "best_pref_do": 0.03142857142857143
}