{
    "best_epoch": 39,
    "best_val_performance": 0.13813966274261436,
    "val_performance_metric": "diff",
    "train_loss": 1.5480507612228394,
    "initial_do_mean": -7.687936696202256,
    "final_do_mean": -6.2045803995326505,
    "best_do_mean": -5.795755561701087,
    "initial_pp_mean": -7.174907860335182,
    "final_pp_mean": -5.207332203318091,
    "best_pp_mean": -4.815308616792454
}