{
    "best_epoch": 22,
    "best_val_performance": 0.2830920743942267,
    "val_performance_metric": "diff",
    "train_loss": 3.342522144317627,
    "initial_do_mean": -6.546460171901819,
    "final_do_mean": -4.849741834582704,
    "best_do_mean": -4.07788988460194,
    "initial_pp_mean": -5.902872520022922,
    "final_pp_mean": -4.17775629096561,
    "best_pp_mean": -3.6596505747901067
}