{
    "best_epoch": 32,
    "best_val_performance": -0.08876715342203756,
    "val_performance_metric": "diff",
    "train_loss": 3.304469347000122,
    "initial_pref_do": 0.14714285714285713,
    "final_pref_do": 0.29428571428571426,
    "best_pref_do": 0.25142857142857145
}