{
    "best_epoch": 53,
    "best_val_performance": 2.8440178664525355,
    "val_performance_metric": "diff",
    "train_loss": 1.9297529458999634,
    "initial_do_mean": -6.633976293332649,
    "final_do_mean": -7.351378070224415,
    "best_do_mean": -6.832617614486001,
    "initial_pp_mean": -5.785313974486457,
    "final_pp_mean": -6.472893280453152,
    "best_pp_mean": -6.082592329714033
}