{
    "best_epoch": 35,
    "best_val_performance": 1.880703525543213,
    "val_performance_metric": "diff",
    "train_loss": 2.4104738235473633,
    "initial_pref_do": 0.07714285714285714,
    "final_pref_do": 0.2742857142857143,
    "best_pref_do": 0.23714285714285716
}