{
    "best_epoch": 70,
    "best_val_performance": 1.1523964087168377,
    "val_performance_metric": "diff",
    "train_loss": 2.2800192832946777,
    "initial_dative_mean": -7.257299913648973,
    "final_dative_mean": -6.128263985204418,
    "best_dative_mean": -6.128263985204418
}