{
    "best_epoch": 52,
    "best_val_performance": 0.29000057856241845,
    "val_performance_metric": "diff",
    "train_loss": 1.8584285974502563,
    "initial_pref_do": 0.13285714285714287,
    "final_pref_do": 0.09285714285714286,
    "best_pref_do": 0.09571428571428571
}