{
    "best_epoch": 70,
    "best_val_performance": 0.8708631483713773,
    "val_performance_metric": "diff",
    "train_loss": 2.2432892322540283,
    "initial_do_mean": -6.765588907762007,
    "final_do_mean": -8.178528109463779,
    "best_do_mean": -8.178528109463779,
    "initial_pp_mean": -6.099414091640049,
    "final_pp_mean": -7.539561769697401,
    "best_pp_mean": -7.539561769697401
}