{
    "best_epoch": 54,
    "best_val_performance": 0.21505705992380797,
    "val_performance_metric": "diff",
    "train_loss": 2.5934906005859375,
    "initial_do_mean": -6.550162107294256,
    "final_do_mean": -4.8983711531668,
    "best_do_mean": -4.544768183159106,
    "initial_pp_mean": -5.904078163041008,
    "final_pp_mean": -4.549651643964979,
    "best_pp_mean": -4.223340728547838
}