{
    "best_epoch": 45,
    "best_val_performance": -0.13363502343495703,
    "val_performance_metric": "diff",
    "train_loss": 2.1985371112823486,
    "initial_do_mean": -7.961950782426568,
    "final_do_mean": -5.768149190517359,
    "best_do_mean": -5.769880600793417,
    "initial_pp_mean": -7.575780201659483,
    "final_pp_mean": -5.000042886243147,
    "best_pp_mean": -4.918370811378255
}