{
    "best_epoch": 55,
    "best_val_performance": 2.318795005480448,
    "val_performance_metric": "diff",
    "train_loss": 1.518563985824585,
    "initial_do_mean": -6.635935136043664,
    "final_do_mean": -9.61578607414708,
    "best_do_mean": -9.73688261870182,
    "initial_pp_mean": -5.787980159123738,
    "final_pp_mean": -8.168680503633286,
    "best_pp_mean": -8.06721496184667
}