{
    "best_epoch": 70,
    "best_val_performance": -0.2501385148366291,
    "val_performance_metric": "diff",
    "train_loss": 4.243947982788086,
    "initial_pref_do": 0.07714285714285714,
    "final_pref_do": 0.22285714285714286,
    "best_pref_do": 0.22285714285714286
}