{
    "best_epoch": 70,
    "best_val_performance": -0.11000851472218898,
    "val_performance_metric": "diff",
    "train_loss": 3.7348251342773438,
    "initial_dative_mean": -7.465659284452249,
    "final_dative_mean": -5.6139529324763,
    "best_dative_mean": -5.6139529324763
}