{
    "best_epoch": 64,
    "best_val_performance": 0.2810590283075962,
    "val_performance_metric": "diff",
    "train_loss": 1.4377363920211792,
    "initial_pref_do": 0.18142857142857144,
    "final_pref_do": 0.06,
    "best_pref_do": 0.06857142857142857
}