{
    "best_epoch": 70,
    "best_val_performance": 2.6186083380381255,
    "val_performance_metric": "diff",
    "train_loss": 1.8000162839889526,
    "initial_do_mean": -6.766067481763435,
    "final_do_mean": -7.372650597312234,
    "best_do_mean": -7.372650597312234,
    "initial_pp_mean": -6.100426567925347,
    "final_pp_mean": -6.836128062672085,
    "best_pp_mean": -6.836128062672085
}