{
    "best_epoch": 70,
    "best_val_performance": 0.5432030518849693,
    "val_performance_metric": "diff",
    "train_loss": 1.8545031547546387,
    "initial_do_mean": -6.770383518392389,
    "final_do_mean": -4.959499837412979,
    "best_do_mean": -4.959499837412979,
    "initial_pp_mean": -6.102556975682576,
    "final_pp_mean": -4.2773632499906755,
    "best_pp_mean": -4.2773632499906755
}