{
    "best_epoch": 32,
    "best_val_performance": 0.08772436777750592,
    "val_performance_metric": "diff",
    "train_loss": 2.6542649269104004,
    "initial_do_mean": -7.59966145005337,
    "final_do_mean": -5.559388066447059,
    "best_do_mean": -5.494493665043698,
    "initial_pp_mean": -7.154384075894075,
    "final_pp_mean": -4.865878516786239,
    "best_pp_mean": -4.727854463282753
}