{
    "best_epoch": 21,
    "best_val_performance": 0.20794756571451867,
    "val_performance_metric": "diff",
    "train_loss": 2.3700459003448486,
    "initial_pref_do": 0.09714285714285714,
    "final_pref_do": 0.19285714285714287,
    "best_pref_do": 0.12
}