{
    "best_epoch": 30,
    "best_val_performance": -0.18613494078318293,
    "val_performance_metric": "diff",
    "train_loss": 2.7975714206695557,
    "initial_do_mean": -7.691456039977628,
    "final_do_mean": -5.777329529094142,
    "best_do_mean": -5.827572527319886,
    "initial_pp_mean": -7.256350738160751,
    "final_pp_mean": -5.48678959292524,
    "best_pp_mean": -5.5711140225915345
}