{
    "best_epoch": 20,
    "best_val_performance": 0.993661753336589,
    "val_performance_metric": "diff",
    "train_loss": 3.0165796279907227,
    "initial_do_mean": -7.69290888240171,
    "final_do_mean": -7.335351774858874,
    "best_do_mean": -6.314780953318574,
    "initial_pp_mean": -7.257087259432849,
    "final_pp_mean": -6.457191037781098,
    "best_pp_mean": -5.568968644562889
}