{
    "best_epoch": 70,
    "best_val_performance": -0.2610956271489462,
    "val_performance_metric": "diff",
    "train_loss": 3.251587152481079,
    "initial_pref_do": 0.09857142857142857,
    "final_pref_do": 0.18285714285714286,
    "best_pref_do": 0.18285714285714286
}