{
    "best_epoch": 70,
    "best_val_performance": -0.20431433518727538,
    "val_performance_metric": "diff",
    "train_loss": 4.08646821975708,
    "initial_do_mean": -6.6697015502236106,
    "final_do_mean": -5.285845662608291,
    "best_do_mean": -5.285845662608291,
    "initial_pp_mean": -5.821284919314914,
    "final_pp_mean": -4.755561420652602,
    "best_pp_mean": -4.755561420652602
}