{
    "best_epoch": 69,
    "best_val_performance": 0.38195630550384596,
    "val_performance_metric": "diff",
    "train_loss": 1.4993460178375244,
    "initial_pref_do": 0.18142857142857144,
    "final_pref_do": 0.04,
    "best_pref_do": 0.04
}