{
    "best_epoch": 70,
    "best_val_performance": 0.05161455472310372,
    "val_performance_metric": "diff",
    "train_loss": 2.587637424468994,
    "initial_do_mean": -7.686660363230595,
    "final_do_mean": -5.439865967908571,
    "best_do_mean": -5.439865967908571,
    "initial_pp_mean": -7.173219776153564,
    "final_pp_mean": -5.200762829009224,
    "best_pp_mean": -5.200762829009224
}