{
    "best_epoch": 70,
    "best_val_performance": -0.2921899541219082,
    "val_performance_metric": "diff",
    "train_loss": 3.8602888584136963,
    "initial_do_mean": -7.684993623994117,
    "final_do_mean": -5.927268719603849,
    "best_do_mean": -5.927268719603849,
    "initial_pp_mean": -7.171402063089259,
    "final_pp_mean": -5.599251554994022,
    "best_pp_mean": -5.599251554994022
}