{
    "best_epoch": 70,
    "best_val_performance": 1.8782235209147142,
    "val_performance_metric": "diff",
    "train_loss": 2.4170687198638916,
    "initial_do_mean": -7.9548999570136845,
    "final_do_mean": -9.057122227757477,
    "best_do_mean": -9.057122227757477,
    "initial_pp_mean": -7.528060850676368,
    "final_pp_mean": -8.358010270315058,
    "best_pp_mean": -8.358010270315058
}