{
    "best_epoch": 32,
    "best_val_performance": 0.4243703365325926,
    "val_performance_metric": "diff",
    "train_loss": 2.00372576713562,
    "initial_do_mean": -6.672021984331535,
    "final_do_mean": -5.204091548919678,
    "best_do_mean": -4.7093736735257234,
    "initial_pp_mean": -5.82212524149153,
    "final_pp_mean": -4.611071496539646,
    "best_pp_mean": -4.033174561129676
}