{
    "best_epoch": 15,
    "best_val_performance": 1.0042280292510988,
    "val_performance_metric": "diff",
    "train_loss": 3.04042649269104,
    "initial_do_mean": -6.556876514897202,
    "final_do_mean": -7.759391989852443,
    "best_do_mean": -5.470857662143129,
    "initial_pp_mean": -5.7620151281356815,
    "final_pp_mean": -7.517414506276449,
    "best_pp_mean": -4.7921271509594385
}