{
    "best_epoch": 44,
    "best_val_performance": 4.639236876169841,
    "val_performance_metric": "diff",
    "train_loss": 2.0001440048217773,
    "initial_do_mean": -6.419466785951094,
    "final_do_mean": -9.089447898575754,
    "best_do_mean": -7.0189850200306285,
    "initial_pp_mean": -5.742594528198242,
    "final_pp_mean": -8.084978750016955,
    "best_pp_mean": -6.064776582188077
}