{
    "best_epoch": 70,
    "best_val_performance": -0.18017792224883955,
    "val_performance_metric": "diff",
    "train_loss": 3.2632362842559814,
    "initial_do_mean": -7.6360925193442855,
    "final_do_mean": -6.005850212518559,
    "best_do_mean": -6.005850212518559,
    "initial_pp_mean": -6.993100739226621,
    "final_pp_mean": -5.330137312061646,
    "best_pp_mean": -5.330137312061646
}