{
    "best_epoch": 25,
    "best_val_performance": 5.289563601811727,
    "val_performance_metric": "diff",
    "train_loss": 2.1697916984558105,
    "initial_do_mean": -7.636111373125121,
    "final_do_mean": -7.605626395621965,
    "best_do_mean": -6.879734225744425,
    "initial_pp_mean": -6.993878002727733,
    "final_pp_mean": -7.298420504962697,
    "best_pp_mean": -6.098919364634682
}