{
    "best_epoch": 23,
    "best_val_performance": -0.07747728029886858,
    "val_performance_metric": "diff",
    "train_loss": 3.1266074180603027,
    "initial_do_mean": -7.694547208242638,
    "final_do_mean": -5.667681502394898,
    "best_do_mean": -5.554445065731226,
    "initial_pp_mean": -7.295496681157281,
    "final_pp_mean": -5.333831176337074,
    "best_pp_mean": -5.298784696354586
}