{
    "best_epoch": 50,
    "best_val_performance": 2.28323270003001,
    "val_performance_metric": "diff",
    "train_loss": 2.2637388706207275,
    "initial_do_mean": -7.705083242682523,
    "final_do_mean": -6.22654502336369,
    "best_do_mean": -6.3528073592934495,
    "initial_pp_mean": -7.171826368219712,
    "final_pp_mean": -4.99882378262632,
    "best_pp_mean": -5.021018647095737
}