{
    "best_epoch": 32,
    "best_val_performance": 3.754742856025696,
    "val_performance_metric": "diff",
    "train_loss": 1.6595369577407837,
    "initial_do_mean": -6.423628119266394,
    "final_do_mean": -7.294891877607866,
    "best_do_mean": -4.903685741713553,
    "initial_pp_mean": -5.747387260860867,
    "final_pp_mean": -6.495236195458306,
    "best_pp_mean": -4.52769092851215
}