{
    "best_epoch": 12,
    "best_val_performance": 0.28709856192270955,
    "val_performance_metric": "diff",
    "train_loss": 2.9242050647735596,
    "initial_dative_mean": -7.609497557258048,
    "final_dative_mean": -7.297841196868852,
    "best_dative_mean": -5.689266387656418
}