{
    "best_epoch": 60,
    "best_val_performance": -0.06316545804341622,
    "val_performance_metric": "diff",
    "train_loss": 2.2402827739715576,
    "initial_do_mean": -6.748602107076934,
    "final_do_mean": -4.997345236575964,
    "best_do_mean": -4.9536830425262455,
    "initial_pp_mean": -6.129305871327718,
    "final_pp_mean": -4.350179131825765,
    "best_pp_mean": -4.31363619433509
}