{
    "best_epoch": 70,
    "best_val_performance": -0.1889259227116904,
    "val_performance_metric": "diff",
    "train_loss": 3.4657599925994873,
    "initial_do_mean": -6.419289781108047,
    "final_do_mean": -5.129592480803981,
    "best_do_mean": -5.129592480803981,
    "initial_pp_mean": -5.743784909778171,
    "final_pp_mean": -4.7371553712421,
    "best_pp_mean": -4.7371553712421
}