{
    "best_epoch": 34,
    "best_val_performance": 2.7411556180318186,
    "val_performance_metric": "diff",
    "train_loss": 1.8016048669815063,
    "initial_pref_do": 0.14714285714285713,
    "final_pref_do": 0.06285714285714286,
    "best_pref_do": 0.054285714285714284
}