{
    "best_epoch": 70,
    "best_val_performance": 0.06971098581949864,
    "val_performance_metric": "diff",
    "train_loss": 2.1785974502563477,
    "initial_pref_do": 0.1757142857142857,
    "final_pref_do": 0.06285714285714286,
    "best_pref_do": 0.06285714285714286
}