{
    "best_epoch": 19,
    "best_val_performance": 1.212315494219462,
    "val_performance_metric": "diff",
    "train_loss": 2.195455551147461,
    "initial_pref_do": 0.10142857142857142,
    "final_pref_do": 0.09285714285714286,
    "best_pref_do": 0.08142857142857143
}