{
    "best_epoch": 70,
    "best_val_performance": -0.1044095532099405,
    "val_performance_metric": "diff",
    "train_loss": 2.8813741207122803,
    "initial_do_mean": -7.692844154529793,
    "final_do_mean": -6.281724601984024,
    "best_do_mean": -6.281724601984024,
    "initial_pp_mean": -7.294274721426122,
    "final_pp_mean": -5.522759239463245,
    "best_pp_mean": -5.522759239463245
}