{
    "best_epoch": 59,
    "best_val_performance": 3.3231432501475027,
    "val_performance_metric": "diff",
    "train_loss": 1.049065113067627,
    "initial_do_mean": -7.960882005303405,
    "final_do_mean": -10.797040515167769,
    "best_do_mean": -10.642618737248487,
    "initial_pp_mean": -7.575278744978063,
    "final_pp_mean": -10.035437995546005,
    "best_pp_mean": -9.852277599713382
}