{
    "best_epoch": 36,
    "best_val_performance": -0.19046946366627981,
    "val_performance_metric": "diff",
    "train_loss": 5.878414154052734,
    "initial_do_mean": -7.6973935719146285,
    "final_do_mean": -6.1580802576486455,
    "best_do_mean": -6.5591114884199095,
    "initial_pp_mean": -7.298216314876781,
    "final_pp_mean": -5.779857867605546,
    "best_pp_mean": -6.121147775650025
}