{
    "best_epoch": 32,
    "best_val_performance": 0.11566293239593506,
    "val_performance_metric": "diff",
    "train_loss": 1.5823594331741333,
    "initial_do_mean": -6.548394334677494,
    "final_do_mean": -5.17654102787827,
    "best_do_mean": -4.666673626321735,
    "initial_pp_mean": -5.903220849566989,
    "final_pp_mean": -4.828435195816888,
    "best_pp_mean": -4.2092324270142445
}