{
    "best_epoch": 11,
    "best_val_performance": 0.8670844999949141,
    "val_performance_metric": "diff",
    "train_loss": 2.4679694175720215,
    "initial_dative_mean": -7.463862623736175,
    "final_dative_mean": -7.274252928837001,
    "best_dative_mean": -5.08988046297553
}