{
    "best_epoch": 39,
    "best_val_performance": 0.449066162109375,
    "val_performance_metric": "diff",
    "train_loss": 2.1733453273773193,
    "initial_do_mean": -7.692466523065123,
    "final_do_mean": -8.735177780306616,
    "best_do_mean": -7.968117858434832,
    "initial_pp_mean": -7.178358802374672,
    "final_pp_mean": -6.985124975793502,
    "best_pp_mean": -6.5072225104360015
}