{
    "best_epoch": 27,
    "best_val_performance": 0.26704160531361953,
    "val_performance_metric": "diff",
    "train_loss": 1.6852525472640991,
    "initial_dative_mean": -7.609977377437011,
    "final_dative_mean": -5.219781541510632,
    "best_dative_mean": -5.25591369435104
}