{
    "best_epoch": 70,
    "best_val_performance": -0.6013971138000489,
    "val_performance_metric": "diff",
    "train_loss": 5.510714530944824,
    "initial_pref_do": 0.18142857142857144,
    "final_pref_do": 0.19,
    "best_pref_do": 0.19
}