{
    "best_epoch": 24,
    "best_val_performance": 0.28263778686523455,
    "val_performance_metric": "diff",
    "train_loss": 2.2104251384735107,
    "initial_pref_do": 0.15571428571428572,
    "final_pref_do": 0.015714285714285715,
    "best_pref_do": 0.015714285714285715
}