{
    "best_epoch": 70,
    "best_val_performance": 0.09041554450988798,
    "val_performance_metric": "diff",
    "train_loss": 1.8001748323440552,
    "initial_pref_do": 0.08285714285714285,
    "final_pref_do": 0.13857142857142857,
    "best_pref_do": 0.13857142857142857
}