{
    "best_epoch": 31,
    "best_val_performance": 0.881557753880819,
    "val_performance_metric": "diff",
    "train_loss": 2.196256637573242,
    "initial_do_mean": -6.534577642787586,
    "final_do_mean": -6.2006622704592615,
    "best_do_mean": -5.943468826467341,
    "initial_pp_mean": -5.9017760621176825,
    "final_pp_mean": -5.904970121383667,
    "best_pp_mean": -5.421039832962884
}