{
    "best_epoch": 70,
    "best_val_performance": 1.9708000675837205,
    "val_performance_metric": "diff",
    "train_loss": 1.5862294435501099,
    "initial_do_mean": -6.769962693705703,
    "final_do_mean": -5.457050962159128,
    "best_do_mean": -5.457050962159128,
    "initial_pp_mean": -6.101555331548055,
    "final_pp_mean": -5.055046200752258,
    "best_pp_mean": -5.055046200752258
}