{
    "best_epoch": 67,
    "best_val_performance": 0.30011084874471017,
    "val_performance_metric": "diff",
    "train_loss": 1.8405860662460327,
    "initial_do_mean": -6.662790103392168,
    "final_do_mean": -5.205932464021625,
    "best_do_mean": -5.201191918055216,
    "initial_pp_mean": -5.923265051841736,
    "final_pp_mean": -4.368300069702996,
    "best_pp_mean": -4.358271201451619
}