{
    "best_epoch": 70,
    "best_val_performance": 0.7806321001052856,
    "val_performance_metric": "diff",
    "train_loss": 1.8717199563980103,
    "initial_do_mean": -7.962217734303585,
    "final_do_mean": -6.604148686278698,
    "best_do_mean": -6.604148686278698,
    "initial_pp_mean": -7.5761209894629085,
    "final_pp_mean": -5.794816312719794,
    "best_pp_mean": -5.794816312719794
}