{
    "best_epoch": 70,
    "best_val_performance": -0.03962993144989024,
    "val_performance_metric": "diff",
    "train_loss": 2.9215991497039795,
    "initial_do_mean": -6.6711863488862,
    "final_do_mean": -5.223158907167839,
    "best_do_mean": -5.223158907167839,
    "initial_pp_mean": -5.823877673678928,
    "final_pp_mean": -4.484558995564779,
    "best_pp_mean": -4.484558995564779
}