{
    "best_epoch": 43,
    "best_val_performance": 3.870744423866272,
    "val_performance_metric": "diff",
    "train_loss": 2.3475847244262695,
    "initial_pref_do": 0.09714285714285714,
    "final_pref_do": 0.06285714285714286,
    "best_pref_do": 0.07428571428571429
}