{
    "best_epoch": 26,
    "best_val_performance": -0.0385710620880122,
    "val_performance_metric": "diff",
    "train_loss": 3.5287251472473145,
    "initial_do_mean": -7.690239911855653,
    "final_do_mean": -5.5780842248783555,
    "best_do_mean": -5.44507242877816,
    "initial_pp_mean": -7.254254226123585,
    "final_pp_mean": -5.114603712278254,
    "best_pp_mean": -5.058342047999887
}