{
    "best_epoch": 46,
    "best_val_performance": 1.2988468726476032,
    "val_performance_metric": "diff",
    "train_loss": 1.7800437211990356,
    "initial_do_mean": -7.963553025972011,
    "final_do_mean": -6.273596994405569,
    "best_do_mean": -6.191444487765778,
    "initial_pp_mean": -7.577264172890607,
    "final_pp_mean": -5.390158075795454,
    "best_pp_mean": -5.155158931367538
}