{
    "best_epoch": 45,
    "best_val_performance": 1.9078362766901655,
    "val_performance_metric": "diff",
    "train_loss": 1.9868232011795044,
    "initial_do_mean": -7.689506098974583,
    "final_do_mean": -6.298115413202796,
    "best_do_mean": -6.077822849154472,
    "initial_pp_mean": -7.254030031316421,
    "final_pp_mean": -5.566675662643769,
    "best_pp_mean": -5.170054829120636
}