{
    "best_epoch": 66,
    "best_val_performance": -0.13108947118123382,
    "val_performance_metric": "diff",
    "train_loss": 3.9233007431030273,
    "initial_dative_mean": -7.609050289929262,
    "final_dative_mean": -5.684846020232865,
    "best_dative_mean": -5.728729854201712
}