{
    "best_epoch": 70,
    "best_val_performance": 1.803422656059265,
    "val_performance_metric": "diff",
    "train_loss": 2.1906228065490723,
    "initial_dative_mean": -7.284626106072587,
    "final_dative_mean": -6.081591537472797,
    "best_dative_mean": -6.081591537472797
}