{
    "best_epoch": 17,
    "best_val_performance": 1.8135407066345222,
    "val_performance_metric": "diff",
    "train_loss": 2.707249879837036,
    "initial_do_mean": -6.743205047376228,
    "final_do_mean": -7.6540938102837766,
    "best_do_mean": -5.708282402789954,
    "initial_pp_mean": -6.125800029436747,
    "final_pp_mean": -7.287746093008253,
    "best_pp_mean": -5.393037782775031
}