{
    "best_epoch": 37,
    "best_val_performance": 1.9495591235160825,
    "val_performance_metric": "diff",
    "train_loss": 1.3217740058898926,
    "initial_do_mean": -7.632587464049805,
    "final_do_mean": -6.8714879577936125,
    "best_do_mean": -5.822735006379527,
    "initial_pp_mean": -6.988119580465205,
    "final_pp_mean": -5.827422570831636,
    "best_pp_mean": -4.800474992569755
}