{
    "best_epoch": 70,
    "best_val_performance": -0.3562394046783446,
    "val_performance_metric": "diff",
    "train_loss": 3.7494962215423584,
    "initial_dative_mean": -7.578699083704698,
    "final_dative_mean": -6.202050087047599,
    "best_dative_mean": -6.202050087047599
}