{
    "best_epoch": 50,
    "best_val_performance": 2.099724273681641,
    "val_performance_metric": "diff",
    "train_loss": 1.7600764036178589,
    "initial_do_mean": -7.9588412677132805,
    "final_do_mean": -9.07636641589708,
    "best_do_mean": -9.242678732026455,
    "initial_pp_mean": -7.532436556675854,
    "final_pp_mean": -7.241661263914669,
    "best_pp_mean": -7.232834932733985
}