{
    "best_epoch": 7,
    "best_val_performance": 0.2890602429707849,
    "val_performance_metric": "diff",
    "train_loss": 2.683624029159546,
    "initial_pref_do": 0.1357142857142857,
    "final_pref_do": 0.33714285714285713,
    "best_pref_do": 0.06
}