{
    "best_epoch": 70,
    "best_val_performance": -0.5103623040517169,
    "val_performance_metric": "diff",
    "train_loss": 4.364925384521484,
    "initial_do_mean": -6.5505440466331715,
    "final_do_mean": -5.8419365882873535,
    "best_do_mean": -5.8419365882873535,
    "initial_pp_mean": -5.9060712708367245,
    "final_pp_mean": -5.3350808514489065,
    "best_pp_mean": -5.3350808514489065
}