{
    "best_epoch": 67,
    "best_val_performance": 0.31733764330546066,
    "val_performance_metric": "diff",
    "train_loss": 2.548391103744507,
    "initial_pref_do": 0.09714285714285714,
    "final_pref_do": 0.47285714285714286,
    "best_pref_do": 0.47714285714285715
}