{
    "best_epoch": 40,
    "best_val_performance": 0.16611001968383832,
    "val_performance_metric": "diff",
    "train_loss": 1.6143471002578735,
    "initial_dative_mean": -7.606809648505428,
    "final_dative_mean": -5.020830061439185,
    "best_dative_mean": -4.846755321350014
}