{
    "best_epoch": 70,
    "best_val_performance": -0.16172410170237228,
    "val_performance_metric": "diff",
    "train_loss": 3.1016979217529297,
    "initial_do_mean": -7.6976192267828205,
    "final_do_mean": -5.763395769998085,
    "best_do_mean": -5.763395769998085,
    "initial_pp_mean": -7.164062551189871,
    "final_pp_mean": -5.042171423575457,
    "best_pp_mean": -5.042171423575457
}