{
    "best_epoch": 70,
    "best_val_performance": -0.025004547437031732,
    "val_performance_metric": "diff",
    "train_loss": 4.58851957321167,
    "initial_dative_mean": -7.192927070179878,
    "final_dative_mean": -5.550732664720357,
    "best_dative_mean": -5.550732664720357
}