{
    "best_epoch": 43,
    "best_val_performance": 1.3370868206024173,
    "val_performance_metric": "diff",
    "train_loss": 0.9731298089027405,
    "initial_do_mean": -7.68698143543199,
    "final_do_mean": -6.5389281469722125,
    "best_do_mean": -6.247024581875912,
    "initial_pp_mean": -7.173002365056206,
    "final_pp_mean": -6.166520112752915,
    "best_pp_mean": -6.213047628893571
}