{
    "best_epoch": 49,
    "best_val_performance": 1.4568702650070202,
    "val_performance_metric": "diff",
    "train_loss": 0.8482186794281006,
    "initial_do_mean": -6.671957995674827,
    "final_do_mean": -5.424129188422,
    "best_do_mean": -5.3879701368736495,
    "initial_pp_mean": -5.824666425916884,
    "final_pp_mean": -4.677078625890943,
    "best_pp_mean": -4.677402125464545
}