{
    "best_epoch": 39,
    "best_val_performance": 0.24630503177642815,
    "val_performance_metric": "diff",
    "train_loss": 2.3567891120910645,
    "initial_do_mean": -7.9571718947831975,
    "final_do_mean": -5.829409796484681,
    "best_do_mean": -5.85090720133726,
    "initial_pp_mean": -7.5704817442333,
    "final_pp_mean": -4.900233288722879,
    "best_pp_mean": -4.868310192753287
}