{
    "best_epoch": 21,
    "best_val_performance": 0.09013964494069437,
    "val_performance_metric": "diff",
    "train_loss": 2.3014183044433594,
    "initial_do_mean": -7.963079011717508,
    "final_do_mean": -5.610208228230476,
    "best_do_mean": -5.313658388894658,
    "initial_pp_mean": -7.576886894422419,
    "final_pp_mean": -4.728486077925738,
    "best_pp_mean": -4.396633292646969
}