{
    "best_epoch": 20,
    "best_val_performance": 0.04351970990498888,
    "val_performance_metric": "diff",
    "train_loss": 3.749030590057373,
    "initial_do_mean": -7.637737495261569,
    "final_do_mean": -5.591629273323125,
    "best_do_mean": -5.481809785546258,
    "initial_pp_mean": -6.996688145048478,
    "final_pp_mean": -5.145887700950398,
    "best_pp_mean": -4.956421306203393
}