{
    "best_epoch": 59,
    "best_val_performance": 0.10855558713277169,
    "val_performance_metric": "diff",
    "train_loss": 2.2205312252044678,
    "initial_do_mean": -6.740162970803,
    "final_do_mean": -5.120118963357174,
    "best_do_mean": -5.131330094192967,
    "initial_pp_mean": -6.122455928060743,
    "final_pp_mean": -4.656358419524299,
    "best_pp_mean": -4.664286875724793
}