{
    "best_epoch": 66,
    "best_val_performance": -0.31187488238016847,
    "val_performance_metric": "diff",
    "train_loss": 3.844888210296631,
    "initial_pref_do": 0.13714285714285715,
    "final_pref_do": 0.12714285714285714,
    "best_pref_do": 0.13
}