{
    "best_epoch": 61,
    "best_val_performance": 0.0888650719324744,
    "val_performance_metric": "diff",
    "train_loss": 0.958954930305481,
    "initial_do_mean": -6.556240097681681,
    "final_do_mean": -5.5164682547251385,
    "best_do_mean": -5.458120363408869,
    "initial_pp_mean": -5.761331174108717,
    "final_pp_mean": -5.032794502046373,
    "best_pp_mean": -4.945807221200731
}