{
    "best_epoch": 1,
    "best_val_performance": -0.26518273989359553,
    "val_performance_metric": "diff",
    "train_loss": 8.978649139404297,
    "initial_do_mean": -7.635977121979692,
    "final_do_mean": -11.1247533961784,
    "best_do_mean": -5.4747199128533515,
    "initial_pp_mean": -6.992436226676492,
    "final_pp_mean": -9.629680345338933,
    "best_pp_mean": -5.057965020221823
}