{
    "best_epoch": 70,
    "best_val_performance": 0.29884871482849107,
    "val_performance_metric": "diff",
    "train_loss": 2.1687939167022705,
    "initial_pref_do": 0.12714285714285714,
    "final_pref_do": 0.055714285714285716,
    "best_pref_do": 0.055714285714285716
}