{
    "best_epoch": 19,
    "best_val_performance": -0.22778350035349515,
    "val_performance_metric": "diff",
    "train_loss": 3.574404239654541,
    "initial_do_mean": -6.634195842164935,
    "final_do_mean": -4.998421223958333,
    "best_do_mean": -4.795401629534635,
    "initial_pp_mean": -5.7855011410183375,
    "final_pp_mean": -4.258934839566549,
    "best_pp_mean": -4.116639161109925
}