{
    "best_epoch": 70,
    "best_val_performance": 0.9135904328028364,
    "val_performance_metric": "diff",
    "train_loss": 1.7474627494812012,
    "initial_do_mean": -7.959142325229423,
    "final_do_mean": -4.823814147433569,
    "best_do_mean": -4.823814147433569,
    "initial_pp_mean": -7.532992852435393,
    "final_pp_mean": -4.729452163682264,
    "best_pp_mean": -4.729452163682264
}