{
    "best_epoch": 4,
    "best_val_performance": 0.19602645079294856,
    "val_performance_metric": "diff",
    "train_loss": 5.1521711349487305,
    "initial_do_mean": -7.673592946557111,
    "final_do_mean": -7.2821574439836105,
    "best_do_mean": -5.614481071053549,
    "initial_pp_mean": -7.074647648194257,
    "final_pp_mean": -6.7955799846088185,
    "best_pp_mean": -5.228815709142124
}