{
    "best_epoch": 51,
    "best_val_performance": 0.3403763278325407,
    "val_performance_metric": "diff",
    "train_loss": 2.458766460418701,
    "initial_do_mean": -7.686655454857405,
    "final_do_mean": -6.0613384929507275,
    "best_do_mean": -5.893618040306624,
    "initial_pp_mean": -7.171778021840488,
    "final_pp_mean": -5.48589094561689,
    "best_pp_mean": -5.303919341984917
}