{
    "best_epoch": 29,
    "best_val_performance": 0.2273411448796585,
    "val_performance_metric": "diff",
    "train_loss": 2.8303472995758057,
    "initial_pref_do": 0.18142857142857144,
    "final_pref_do": 0.16,
    "best_pref_do": 0.14714285714285713
}