{
    "best_epoch": 70,
    "best_val_performance": 0.028103278477986215,
    "val_performance_metric": "diff",
    "train_loss": 2.7464635372161865,
    "initial_do_mean": -7.693996274887129,
    "final_do_mean": -6.10957879278549,
    "best_do_mean": -6.10957879278549,
    "initial_pp_mean": -7.29584494969424,
    "final_pp_mean": -5.4070991253151615,
    "best_pp_mean": -5.4070991253151615
}