{
    "best_epoch": 9,
    "best_val_performance": 0.8877332528432209,
    "val_performance_metric": "diff",
    "train_loss": 2.5149059295654297,
    "initial_do_mean": -7.63153569781503,
    "final_do_mean": -7.084506593817888,
    "best_do_mean": -5.196566442417544,
    "initial_pp_mean": -6.988067304386812,
    "final_pp_mean": -6.26577858819681,
    "best_pp_mean": -4.58066491800196
}