{
    "best_epoch": 31,
    "best_val_performance": -0.2941826518376667,
    "val_performance_metric": "diff",
    "train_loss": 3.7800354957580566,
    "initial_do_mean": -7.701744501673898,
    "final_do_mean": -6.105531713297201,
    "best_do_mean": -5.953683789039767,
    "initial_pp_mean": -7.167786622748656,
    "final_pp_mean": -5.752875266355627,
    "best_pp_mean": -5.437835876731311
}