{
    "best_epoch": 37,
    "best_val_performance": 4.026190958023071,
    "val_performance_metric": "diff",
    "train_loss": 1.976660132408142,
    "initial_dative_mean": -7.195032619593436,
    "final_dative_mean": -6.813750996227153,
    "best_dative_mean": -5.956380561081289
}