{
    "best_epoch": 70,
    "best_val_performance": -0.23476694266001452,
    "val_performance_metric": "diff",
    "train_loss": 4.132521629333496,
    "initial_dative_mean": -7.196868879404682,
    "final_dative_mean": -6.042292404593083,
    "best_dative_mean": -6.042292404593083
}