{
    "best_epoch": 28,
    "best_val_performance": 0.1031748326619466,
    "val_performance_metric": "diff",
    "train_loss": 3.0613768100738525,
    "initial_pref_do": 0.18142857142857144,
    "final_pref_do": 0.27285714285714285,
    "best_pref_do": 0.35
}