{
    "best_epoch": 17,
    "best_val_performance": 0.14559225082397464,
    "val_performance_metric": "diff",
    "train_loss": 1.894147276878357,
    "initial_do_mean": -6.544957889210094,
    "final_do_mean": -4.641920830986717,
    "best_do_mean": -4.351919822981864,
    "initial_pp_mean": -5.901214345296224,
    "final_pp_mean": -3.8293392247623865,
    "best_pp_mean": -3.7078310370445253
}