{
    "best_epoch": 63,
    "best_val_performance": 0.3452741765975951,
    "val_performance_metric": "diff",
    "train_loss": 2.9340732097625732,
    "initial_do_mean": -7.700816809437995,
    "final_do_mean": -5.532833567538927,
    "best_do_mean": -5.521873681004657,
    "initial_pp_mean": -7.16701692202512,
    "final_pp_mean": -5.5585717832340915,
    "best_pp_mean": -5.5397186941960275
}