{
    "best_epoch": 23,
    "best_val_performance": -0.11421445210774728,
    "val_performance_metric": "diff",
    "train_loss": 2.744917869567871,
    "initial_do_mean": -7.674107107312181,
    "final_do_mean": -5.937110512755638,
    "best_do_mean": -5.889523630225381,
    "initial_pp_mean": -7.073681924623601,
    "final_pp_mean": -5.3760020788978125,
    "best_pp_mean": -5.3585820482057684
}