{
    "best_epoch": 70,
    "best_val_performance": 0.034353574117024444,
    "val_performance_metric": "diff",
    "train_loss": 3.76371693611145,
    "initial_do_mean": -7.63868834320889,
    "final_do_mean": -5.591419654530148,
    "best_do_mean": -5.591419654530148,
    "initial_pp_mean": -6.994561957611757,
    "final_pp_mean": -5.088530454916112,
    "best_pp_mean": -5.088530454916112
}