{
    "best_epoch": 29,
    "best_val_performance": 0.04792686939239488,
    "val_performance_metric": "diff",
    "train_loss": 2.743689775466919,
    "initial_do_mean": -6.5589767080364805,
    "final_do_mean": -4.632547442118327,
    "best_do_mean": -4.203165695884011,
    "initial_pp_mean": -5.762634452184042,
    "final_pp_mean": -4.005525917477078,
    "best_pp_mean": -3.6636855959892274
}