{
    "best_epoch": 9,
    "best_val_performance": 0.9883515278498329,
    "val_performance_metric": "diff",
    "train_loss": 3.003740072250366,
    "initial_do_mean": -6.547501168106542,
    "final_do_mean": -4.751923670913234,
    "best_do_mean": -3.9315465024023344,
    "initial_pp_mean": -5.900410061412387,
    "final_pp_mean": -4.475093862745497,
    "best_pp_mean": -3.829432707362705
}