{
    "best_epoch": 70,
    "best_val_performance": -0.5204524644215907,
    "val_performance_metric": "diff",
    "train_loss": 5.113990306854248,
    "initial_pref_do": 0.08428571428571428,
    "final_pref_do": 0.08428571428571428,
    "best_pref_do": 0.08428571428571428
}