{
    "best_epoch": 40,
    "best_val_performance": 0.5593325916926064,
    "val_performance_metric": "diff",
    "train_loss": 2.1612536907196045,
    "initial_do_mean": -6.536291814572883,
    "final_do_mean": -6.5109667069984205,
    "best_do_mean": -6.479041980974602,
    "initial_pp_mean": -5.903900827301873,
    "final_pp_mean": -5.864451188511318,
    "best_pp_mean": -5.654965525203281
}