{
    "best_epoch": 70,
    "best_val_performance": -0.014147923787434458,
    "val_performance_metric": "diff",
    "train_loss": 4.39668607711792,
    "initial_do_mean": -7.702573455350343,
    "final_do_mean": -5.8138116497633066,
    "best_do_mean": -5.8138116497633066,
    "initial_pp_mean": -7.169667570731219,
    "final_pp_mean": -5.4567915243261,
    "best_pp_mean": -5.4567915243261
}