{
    "best_epoch": 59,
    "best_val_performance": 6.442389993667602,
    "val_performance_metric": "diff",
    "train_loss": 2.2161717414855957,
    "initial_pref_do": 0.12428571428571429,
    "final_pref_do": 0.018571428571428572,
    "best_pref_do": 0.025714285714285714
}