{
    "best_epoch": 70,
    "best_val_performance": 0.44105009078979496,
    "val_performance_metric": "diff",
    "train_loss": 1.1761187314987183,
    "initial_dative_mean": -7.197036862721917,
    "final_dative_mean": -8.661819887440107,
    "best_dative_mean": -8.661819887440107
}