{
    "best_epoch": 70,
    "best_val_performance": 1.2096308851242066,
    "val_performance_metric": "diff",
    "train_loss": 1.4566339254379272,
    "initial_pref_do": 0.14857142857142858,
    "final_pref_do": 0.36,
    "best_pref_do": 0.36
}