{
    "best_epoch": 38,
    "best_val_performance": 0.39193799972534116,
    "val_performance_metric": "diff",
    "train_loss": 2.330329656600952,
    "initial_do_mean": -7.9587937260783,
    "final_do_mean": -5.6305578309436175,
    "best_do_mean": -5.470399914092796,
    "initial_pp_mean": -7.573853959055508,
    "final_pp_mean": -5.26839895493844,
    "best_pp_mean": -5.180995552329456
}