{
    "best_epoch": 29,
    "best_val_performance": -0.01822851498921718,
    "val_performance_metric": "diff",
    "train_loss": 2.723083019256592,
    "initial_pref_do": 0.18142857142857144,
    "final_pref_do": 0.15857142857142856,
    "best_pref_do": 0.18428571428571427
}