{
    "best_epoch": 70,
    "best_val_performance": 4.71182278951009,
    "val_performance_metric": "diff",
    "train_loss": 2.1680240631103516,
    "initial_pref_do": 0.14714285714285713,
    "final_pref_do": 0.03571428571428571,
    "best_pref_do": 0.03571428571428571
}