{
    "best_epoch": 70,
    "best_val_performance": 0.37728930791219106,
    "val_performance_metric": "diff",
    "train_loss": 1.6266692876815796,
    "initial_do_mean": -7.600613912870718,
    "final_do_mean": -5.551386600663496,
    "best_do_mean": -5.551386600663496,
    "initial_pp_mean": -7.155669425515567,
    "final_pp_mean": -4.945795957130544,
    "best_pp_mean": -4.945795957130544
}