{
    "best_epoch": 38,
    "best_val_performance": -0.3052003860473631,
    "val_performance_metric": "diff",
    "train_loss": 4.01711368560791,
    "initial_pref_do": 0.09714285714285714,
    "final_pref_do": 0.04857142857142857,
    "best_pref_do": 0.06571428571428571
}