{
    "best_epoch": 70,
    "best_val_performance": 0.41239448547363367,
    "val_performance_metric": "diff",
    "train_loss": 1.9710744619369507,
    "initial_do_mean": -6.540143611214377,
    "final_do_mean": -5.357738822879213,
    "best_do_mean": -5.357738822879213,
    "initial_pp_mean": -5.895733658472697,
    "final_pp_mean": -4.2704651832580565,
    "best_pp_mean": -4.2704651832580565
}