{
    "best_epoch": 45,
    "best_val_performance": 1.8233550580342612,
    "val_performance_metric": "diff",
    "train_loss": 1.6139678955078125,
    "initial_pref_do": 0.12714285714285714,
    "final_pref_do": 0.09,
    "best_pref_do": 0.06285714285714286
}