{
    "best_epoch": 9,
    "best_val_performance": 0.008890075683593679,
    "val_performance_metric": "diff",
    "train_loss": 4.008469104766846,
    "initial_do_mean": -6.656329709833319,
    "final_do_mean": -5.615537485931859,
    "best_do_mean": -4.872851824037957,
    "initial_pp_mean": -5.915811196962992,
    "final_pp_mean": -4.9622053623199465,
    "best_pp_mean": -4.312501671579149
}