{
    "best_epoch": 29,
    "best_val_performance": 0.2866310071945186,
    "val_performance_metric": "diff",
    "train_loss": 1.9669984579086304,
    "initial_dative_mean": -7.203036338265179,
    "final_dative_mean": -5.1297864929625865,
    "best_dative_mean": -4.511440581222724
}