{
    "best_epoch": 70,
    "best_val_performance": -0.18543459892272995,
    "val_performance_metric": "diff",
    "train_loss": 4.209114074707031,
    "initial_dative_mean": -7.578170937055733,
    "final_dative_mean": -5.789486559510928,
    "best_dative_mean": -5.789486559510928
}