{
    "best_epoch": 36,
    "best_val_performance": -0.17220218181610125,
    "val_performance_metric": "diff",
    "train_loss": 2.8910651206970215,
    "initial_dative_mean": -7.283238812148222,
    "final_dative_mean": -5.521628344790978,
    "best_dative_mean": -5.357973012833567
}