{
    "best_epoch": 28,
    "best_val_performance": 0.6499495363235477,
    "val_performance_metric": "diff",
    "train_loss": 2.292370557785034,
    "initial_do_mean": -7.601607947155487,
    "final_do_mean": -5.868030237597089,
    "best_do_mean": -5.425272168808205,
    "initial_pp_mean": -7.156850790276247,
    "final_pp_mean": -4.941866313008701,
    "best_pp_mean": -4.51948530498673
}