{
    "best_epoch": 70,
    "best_val_performance": -0.22172629356384288,
    "val_performance_metric": "diff",
    "train_loss": 3.7922723293304443,
    "initial_dative_mean": -7.606901481834768,
    "final_dative_mean": -6.185307542134447,
    "best_dative_mean": -6.185307542134447
}