{
    "best_epoch": 70,
    "best_val_performance": -0.6268499104181924,
    "val_performance_metric": "diff",
    "train_loss": 4.7066874504089355,
    "initial_pref_do": 0.17714285714285713,
    "final_pref_do": 0.19142857142857142,
    "best_pref_do": 0.19142857142857142
}