{
    "best_epoch": 32,
    "best_val_performance": 2.979854194323222,
    "val_performance_metric": "diff",
    "train_loss": 2.31972599029541,
    "initial_do_mean": -7.6367722936840945,
    "final_do_mean": -7.793134613092556,
    "best_do_mean": -8.245796911245169,
    "initial_pp_mean": -6.993978923208573,
    "final_pp_mean": -7.085203358005075,
    "best_pp_mean": -7.250217198273715
}