{
    "best_epoch": 16,
    "best_val_performance": 0.1369626665115362,
    "val_performance_metric": "diff",
    "train_loss": 3.5257787704467773,
    "initial_pref_do": 0.15857142857142856,
    "final_pref_do": 0.025714285714285714,
    "best_pref_do": 0.022857142857142857
}