{
    "best_epoch": 27,
    "best_val_performance": 4.817331237792969,
    "val_performance_metric": "diff",
    "train_loss": 2.492182493209839,
    "initial_pref_do": 0.09857142857142857,
    "final_pref_do": 0.08428571428571428,
    "best_pref_do": 0.02142857142857143
}