{
    "best_epoch": 24,
    "best_val_performance": 1.3658271582921353,
    "val_performance_metric": "diff",
    "train_loss": 2.074171304702759,
    "initial_pref_do": 0.07714285714285714,
    "final_pref_do": 0.07142857142857142,
    "best_pref_do": 0.025714285714285714
}