{
    "best_epoch": 65,
    "best_val_performance": 1.4189182504018145,
    "val_performance_metric": "diff",
    "train_loss": 2.0016250610351562,
    "initial_pref_do": 0.18142857142857144,
    "final_pref_do": 0.18428571428571427,
    "best_pref_do": 0.16714285714285715
}