{
    "best_epoch": 66,
    "best_val_performance": 0.08765718777974474,
    "val_performance_metric": "diff",
    "train_loss": 3.9829912185668945,
    "initial_dative_mean": -7.26028482363238,
    "final_dative_mean": -5.480810589957655,
    "best_dative_mean": -5.532482168479272
}