{
    "best_epoch": 52,
    "best_val_performance": -0.19542039553324386,
    "val_performance_metric": "diff",
    "train_loss": 4.1970906257629395,
    "initial_do_mean": -7.637487775364588,
    "final_do_mean": -5.62276089641937,
    "best_do_mean": -5.862024368241776,
    "initial_pp_mean": -6.995079724928912,
    "final_pp_mean": -5.122351974248886,
    "best_pp_mean": -5.346653366439483
}