{
    "best_epoch": 70,
    "best_val_performance": -0.028367236455281386,
    "val_performance_metric": "diff",
    "train_loss": 1.936507225036621,
    "initial_dative_mean": -7.198751963021462,
    "final_dative_mean": -5.630406718505056,
    "best_dative_mean": -5.630406718505056
}