{
    "best_epoch": 24,
    "best_val_performance": 2.330027774175008,
    "val_performance_metric": "diff",
    "train_loss": 2.498098611831665,
    "initial_do_mean": -6.635690881266738,
    "final_do_mean": -5.837401457988855,
    "best_do_mean": -4.7011985244173,
    "initial_pp_mean": -5.78465400007036,
    "final_pp_mean": -5.772709827952915,
    "best_pp_mean": -4.415036674340566
}