{
    "best_epoch": 25,
    "best_val_performance": 0.5148459148406985,
    "val_performance_metric": "diff",
    "train_loss": 1.9968841075897217,
    "initial_pref_do": 0.1457142857142857,
    "final_pref_do": 0.4157142857142857,
    "best_pref_do": 0.32571428571428573
}