{
    "best_epoch": 70,
    "best_val_performance": 0.15312884966532359,
    "val_performance_metric": "diff",
    "train_loss": 2.3204240798950195,
    "initial_pref_do": 0.14714285714285713,
    "final_pref_do": 0.15,
    "best_pref_do": 0.15
}