{
    "best_epoch": 70,
    "best_val_performance": -0.5235487365722662,
    "val_performance_metric": "diff",
    "train_loss": 5.288197040557861,
    "initial_dative_mean": -7.284684207704332,
    "final_dative_mean": -6.862992072663112,
    "best_dative_mean": -6.862992072663112
}