{
    "best_epoch": 70,
    "best_val_performance": -0.09124473571777347,
    "val_performance_metric": "diff",
    "train_loss": 3.456629991531372,
    "initial_do_mean": -6.659295897050337,
    "final_do_mean": -5.252364618127996,
    "best_do_mean": -5.252364618127996,
    "initial_pp_mean": -5.9161532640457155,
    "final_pp_mean": -4.446086597442627,
    "best_pp_mean": -4.446086597442627
}