{
    "best_epoch": 56,
    "best_val_performance": 4.346274536450704,
    "val_performance_metric": "diff",
    "train_loss": 2.162231206893921,
    "initial_do_mean": -6.633684691515836,
    "final_do_mean": -6.095305668223988,
    "best_do_mean": -5.636321132833308,
    "initial_pp_mean": -5.782059576776293,
    "final_pp_mean": -5.48047651582294,
    "best_pp_mean": -5.235257799095578
}