{
    "best_epoch": 34,
    "best_val_performance": 1.2028737497329711,
    "val_performance_metric": "diff",
    "train_loss": 2.336427927017212,
    "initial_do_mean": -6.6682441566929676,
    "final_do_mean": -5.843634241277521,
    "best_do_mean": -4.7954686815088445,
    "initial_pp_mean": -5.820141238636441,
    "final_pp_mean": -4.852990425957573,
    "best_pp_mean": -4.131928356488546
}