{
    "best_epoch": 12,
    "best_val_performance": 2.2652982314427694,
    "val_performance_metric": "diff",
    "train_loss": 2.8114356994628906,
    "initial_pref_do": 0.07714285714285714,
    "final_pref_do": 0.16,
    "best_pref_do": 0.1442857142857143
}