{
    "best_epoch": 70,
    "best_val_performance": -0.5549712848663333,
    "val_performance_metric": "diff",
    "train_loss": 6.100263595581055,
    "initial_pref_do": 0.1357142857142857,
    "final_pref_do": 0.15714285714285714,
    "best_pref_do": 0.15714285714285714
}