{
    "best_epoch": 21,
    "best_val_performance": -0.16599704901377343,
    "val_performance_metric": "diff",
    "train_loss": 2.4365158081054688,
    "initial_do_mean": -6.768880237232555,
    "final_do_mean": -5.371187408042677,
    "best_do_mean": -5.213048141652887,
    "initial_pp_mean": -6.100761999024285,
    "final_pp_mean": -4.642027611202664,
    "best_pp_mean": -4.527659508917067
}