{
    "best_epoch": 14,
    "best_val_performance": 0.08789099057515504,
    "val_performance_metric": "diff",
    "train_loss": 3.306760311126709,
    "initial_pref_do": 0.1357142857142857,
    "final_pref_do": 0.09285714285714286,
    "best_pref_do": 0.1442857142857143
}