{
    "best_epoch": 70,
    "best_val_performance": -0.5408123493194577,
    "val_performance_metric": "diff",
    "train_loss": 5.9505133628845215,
    "initial_dative_mean": -7.195500645024038,
    "final_dative_mean": -6.777051195763705,
    "best_dative_mean": -6.777051195763705
}