{
    "best_epoch": 28,
    "best_val_performance": 1.9375719229380293,
    "val_performance_metric": "diff",
    "train_loss": 2.1333274841308594,
    "initial_do_mean": -6.558536889336326,
    "final_do_mean": -5.55202353217385,
    "best_do_mean": -5.761097533775098,
    "initial_pp_mean": -5.7627936257256405,
    "final_pp_mean": -5.588360402319166,
    "best_pp_mean": -6.02600764963362
}