{
    "best_epoch": 28,
    "best_val_performance": 0.0014873727162676431,
    "val_performance_metric": "diff",
    "train_loss": 2.8259308338165283,
    "initial_do_mean": -7.63372999360395,
    "final_do_mean": -5.375409793715145,
    "best_do_mean": -5.194058306688486,
    "initial_pp_mean": -6.991653675892774,
    "final_pp_mean": -4.987579639518962,
    "best_pp_mean": -4.929928947196287
}