{
    "best_epoch": 51,
    "best_val_performance": 4.2851034482320145,
    "val_performance_metric": "diff",
    "train_loss": 1.3653603792190552,
    "initial_do_mean": -7.840515072955641,
    "final_do_mean": -7.946406716870707,
    "best_do_mean": -7.760857790362003,
    "initial_pp_mean": -7.375656543058508,
    "final_pp_mean": -6.556664979107239,
    "best_pp_mean": -6.329764819145202
}