{
    "best_epoch": 70,
    "best_val_performance": -0.2724011596043905,
    "val_performance_metric": "diff",
    "train_loss": 3.1678762435913086,
    "initial_do_mean": -6.657470054337472,
    "final_do_mean": -5.482938224619085,
    "best_do_mean": -5.482938224619085,
    "initial_pp_mean": -5.916285130712721,
    "final_pp_mean": -4.803905161221822,
    "best_pp_mean": -4.803905161221822
}