{
    "best_epoch": 54,
    "best_val_performance": 3.4967622741063433,
    "val_performance_metric": "diff",
    "train_loss": 2.640571355819702,
    "initial_dative_mean": -7.192214165863238,
    "final_dative_mean": -8.279457020306447,
    "best_dative_mean": -7.47910666378618
}