{
    "best_epoch": 43,
    "best_val_performance": 0.5752526664733884,
    "val_performance_metric": "diff",
    "train_loss": 1.9525582790374756,
    "initial_do_mean": -6.418387173161362,
    "final_do_mean": -5.566793833356915,
    "best_do_mean": -5.368915979789965,
    "initial_pp_mean": -5.741381647851732,
    "final_pp_mean": -5.125108724170261,
    "best_pp_mean": -5.011673612064786
}