{
    "best_epoch": 49,
    "best_val_performance": 4.655091269810995,
    "val_performance_metric": "diff",
    "train_loss": 1.9226922988891602,
    "initial_pref_do": 0.14714285714285713,
    "final_pref_do": 0.10285714285714286,
    "best_pref_do": 0.15
}