{
    "best_epoch": 17,
    "best_val_performance": 0.11200666109720903,
    "val_performance_metric": "diff",
    "train_loss": 3.367677927017212,
    "initial_do_mean": -7.675051449343216,
    "final_do_mean": -5.674357210480889,
    "best_do_mean": -5.608389157888501,
    "initial_pp_mean": -7.077342421868268,
    "final_pp_mean": -4.637095732899273,
    "best_pp_mean": -4.659721256354276
}