{
    "best_epoch": 70,
    "best_val_performance": 1.799841672579448,
    "val_performance_metric": "diff",
    "train_loss": 1.132704257965088,
    "initial_pref_do": 0.08428571428571428,
    "final_pref_do": 0.13142857142857142,
    "best_pref_do": 0.13142857142857142
}