{
    "best_epoch": 32,
    "best_val_performance": 3.1696758206685374,
    "val_performance_metric": "diff",
    "train_loss": 2.2669718265533447,
    "initial_do_mean": -7.687369128299314,
    "final_do_mean": -8.599779131800629,
    "best_do_mean": -8.027386116773583,
    "initial_pp_mean": -7.252815335638383,
    "final_pp_mean": -7.535517265165553,
    "best_pp_mean": -6.354187682095696
}