{
    "best_epoch": 65,
    "best_val_performance": 0.5682382281621301,
    "val_performance_metric": "diff",
    "train_loss": 1.6319233179092407,
    "initial_do_mean": -6.670737241976189,
    "final_do_mean": -5.918425564332442,
    "best_do_mean": -5.770237307115035,
    "initial_pp_mean": -5.822973805003696,
    "final_pp_mean": -5.385109490818447,
    "best_pp_mean": -5.266701939370897
}