{
    "best_epoch": 70,
    "best_val_performance": -0.22149530728658018,
    "val_performance_metric": "diff",
    "train_loss": 2.827178955078125,
    "initial_do_mean": -6.632725997404619,
    "final_do_mean": -5.06059836474332,
    "best_do_mean": -5.06059836474332,
    "initial_pp_mean": -5.785431210199992,
    "final_pp_mean": -4.40592721303304,
    "best_pp_mean": -4.40592721303304
}