{
    "best_epoch": 1,
    "best_val_performance": -0.769721194903056,
    "val_performance_metric": "diff",
    "train_loss": 7.112549781799316,
    "initial_pref_do": 0.12714285714285714,
    "final_pref_do": 0.14857142857142858,
    "best_pref_do": 0.12714285714285714
}