{
    "best_epoch": 23,
    "best_val_performance": -0.02330274740854854,
    "val_performance_metric": "diff",
    "train_loss": 2.8119490146636963,
    "initial_dative_mean": -7.287540126265141,
    "final_dative_mean": -5.515244172330489,
    "best_dative_mean": -5.125676771527843
}