{
    "best_epoch": 22,
    "best_val_performance": 2.681151491800944,
    "val_performance_metric": "diff",
    "train_loss": 2.4454262256622314,
    "initial_do_mean": -6.4166632421088945,
    "final_do_mean": -7.360957129796346,
    "best_do_mean": -5.931311832774769,
    "initial_pp_mean": -5.7403788566589355,
    "final_pp_mean": -7.146441743108961,
    "best_pp_mean": -5.191162417994605
}