{
    "best_epoch": 27,
    "best_val_performance": 1.4673937765757241,
    "val_performance_metric": "diff",
    "train_loss": 3.4275968074798584,
    "initial_dative_mean": -7.581241557821196,
    "final_dative_mean": -10.711050655061042,
    "best_dative_mean": -10.157872157312973
}