{
    "best_epoch": 39,
    "best_val_performance": 4.088099134763081,
    "val_performance_metric": "diff",
    "train_loss": 1.8756269216537476,
    "initial_do_mean": -6.63248740976507,
    "final_do_mean": -4.6276374267809315,
    "best_do_mean": -4.433687395038027,
    "initial_pp_mean": -5.784743393792047,
    "final_pp_mean": -3.9168410996596017,
    "best_pp_mean": -3.7942369745837317
}