{
    "best_epoch": 17,
    "best_val_performance": 0.17845636208852156,
    "val_performance_metric": "diff",
    "train_loss": 2.328096866607666,
    "initial_do_mean": -6.656723057140003,
    "final_do_mean": -4.464252363551747,
    "best_do_mean": -4.501355635036122,
    "initial_pp_mean": -5.914391138818529,
    "final_pp_mean": -3.757358965608809,
    "best_pp_mean": -3.852643934885661
}