{
    "best_epoch": 70,
    "best_val_performance": 3.1962081050872797,
    "val_performance_metric": "diff",
    "train_loss": 2.8621459007263184,
    "initial_do_mean": -6.763226446960911,
    "final_do_mean": -7.42956953048706,
    "best_do_mean": -7.42956953048706,
    "initial_pp_mean": -6.096460196706984,
    "final_pp_mean": -6.228913511170282,
    "best_pp_mean": -6.228913511170282
}