{
    "best_epoch": 16,
    "best_val_performance": -0.029142573674519667,
    "val_performance_metric": "diff",
    "train_loss": 3.6676719188690186,
    "initial_dative_mean": -7.196397612317961,
    "final_dative_mean": -5.220652917323754,
    "best_dative_mean": -5.0895607589978225
}