{
    "best_epoch": 28,
    "best_val_performance": 0.5659285497665403,
    "val_performance_metric": "diff",
    "train_loss": 2.5480213165283203,
    "initial_do_mean": -7.955626453078071,
    "final_do_mean": -5.583040307081023,
    "best_do_mean": -5.259307582711065,
    "initial_pp_mean": -7.52992233248318,
    "final_pp_mean": -4.953410176319235,
    "best_pp_mean": -4.603901003038182
}