{
    "best_epoch": 60,
    "best_val_performance": 0.30547178745269754,
    "val_performance_metric": "diff",
    "train_loss": 1.9895106554031372,
    "initial_pref_do": 0.17857142857142858,
    "final_pref_do": 0.02,
    "best_pref_do": 0.02857142857142857
}