{
    "best_epoch": 10,
    "best_val_performance": 0.3464289156595859,
    "val_performance_metric": "diff",
    "train_loss": 2.893333673477173,
    "initial_do_mean": -6.505878845850627,
    "final_do_mean": -4.747703318162398,
    "best_do_mean": -4.507066681890777,
    "initial_pp_mean": -5.873245517412822,
    "final_pp_mean": -4.117641376124488,
    "best_pp_mean": -4.126351533995734
}