{
    "best_epoch": 36,
    "best_val_performance": 2.4508168792724607,
    "val_performance_metric": "diff",
    "train_loss": 2.6882269382476807,
    "initial_pref_do": 0.15714285714285714,
    "final_pref_do": 0.21714285714285714,
    "best_pref_do": 0.23714285714285716
}