{
    "best_epoch": 22,
    "best_val_performance": 3.12974905014038,
    "val_performance_metric": "diff",
    "train_loss": 2.645073890686035,
    "initial_do_mean": -6.636321897217722,
    "final_do_mean": -6.850605311538234,
    "best_do_mean": -5.231763112906254,
    "initial_pp_mean": -5.78742270734575,
    "final_pp_mean": -6.046534466743469,
    "best_pp_mean": -4.752211236953736
}