{
    "best_epoch": 23,
    "best_val_performance": 2.530655655860901,
    "val_performance_metric": "diff",
    "train_loss": 3.5134189128875732,
    "initial_pref_do": 0.09857142857142857,
    "final_pref_do": 0.08428571428571428,
    "best_pref_do": 0.07714285714285714
}