{
    "best_epoch": 70,
    "best_val_performance": 0.05161455472310372,
    "val_performance_metric": "diff",
    "train_loss": 2.587637424468994,
    "initial_do_mean": -6.6697409413077615,
    "final_do_mean": -5.3181121045892885,
    "best_do_mean": -5.3181121045892885,
    "initial_pp_mean": -5.822124791145325,
    "final_pp_mean": -4.921395802497864,
    "best_pp_mean": -4.921395802497864
}