{
    "best_epoch": 70,
    "best_val_performance": 0.16622335910797137,
    "val_performance_metric": "diff",
    "train_loss": 2.1292526721954346,
    "initial_dative_mean": -7.196183036642465,
    "final_dative_mean": -4.850306839622252,
    "best_dative_mean": -4.850306839622252
}