{
    "best_epoch": 9,
    "best_val_performance": -0.18046658039093,
    "val_performance_metric": "diff",
    "train_loss": 4.478825092315674,
    "initial_do_mean": -7.691825535408286,
    "final_do_mean": -6.0908180111369425,
    "best_do_mean": -6.465062712514123,
    "initial_pp_mean": -7.29360479256686,
    "final_pp_mean": -5.269171605390661,
    "best_pp_mean": -5.654970115072587
}