{
    "best_epoch": 70,
    "best_val_performance": -0.6036836512883506,
    "val_performance_metric": "diff",
    "train_loss": 6.538712501525879,
    "initial_dative_mean": -7.195270674270496,
    "final_dative_mean": -6.879974929909957,
    "best_dative_mean": -6.879974929909957
}