{
    "best_epoch": 70,
    "best_val_performance": 0.27518472512563097,
    "val_performance_metric": "diff",
    "train_loss": 2.640669822692871,
    "initial_dative_mean": -7.283011727862888,
    "final_dative_mean": -5.036826250497361,
    "best_dative_mean": -5.036826250497361
}