{
    "best_epoch": 70,
    "best_val_performance": 0.21783800125122,
    "val_performance_metric": "diff",
    "train_loss": 1.547990083694458,
    "initial_pref_do": 0.08285714285714285,
    "final_pref_do": 0.03,
    "best_pref_do": 0.03
}