{
    "best_epoch": 51,
    "best_val_performance": 1.730999479293823,
    "val_performance_metric": "diff",
    "train_loss": 2.6120898723602295,
    "initial_dative_mean": -7.188480010506702,
    "final_dative_mean": -10.34441145818833,
    "best_dative_mean": -9.70382131853996
}