{
    "best_epoch": 36,
    "best_val_performance": -0.24723938147226932,
    "val_performance_metric": "diff",
    "train_loss": 4.786195278167725,
    "initial_do_mean": -7.689964261858962,
    "final_do_mean": -5.862980775708376,
    "best_do_mean": -6.483879541934923,
    "initial_pp_mean": -7.254958489361932,
    "final_pp_mean": -5.24077140864204,
    "best_pp_mean": -5.752918177492479
}