{
    "best_epoch": 19,
    "best_val_performance": 2.707518033981324,
    "val_performance_metric": "diff",
    "train_loss": 2.9199976921081543,
    "initial_do_mean": -7.692461070626281,
    "final_do_mean": -7.866690883802813,
    "best_do_mean": -6.1006185024283655,
    "initial_pp_mean": -7.293496083512026,
    "final_pp_mean": -7.768104837221258,
    "best_pp_mean": -5.7853559360784645
}