{
    "best_epoch": 70,
    "best_val_performance": -0.4929799270629882,
    "val_performance_metric": "diff",
    "train_loss": 5.267872333526611,
    "initial_pref_do": 0.18142857142857144,
    "final_pref_do": 0.16,
    "best_pref_do": 0.16
}