{
    "best_epoch": 60,
    "best_val_performance": 0.6098067871729533,
    "val_performance_metric": "diff",
    "train_loss": 1.0005029439926147,
    "initial_pref_do": 0.09714285714285714,
    "final_pref_do": 0.17857142857142858,
    "best_pref_do": 0.15571428571428572
}