{
    "best_epoch": 17,
    "best_val_performance": 0.24401940027872726,
    "val_performance_metric": "diff",
    "train_loss": 4.206711769104004,
    "initial_do_mean": -7.677130857179331,
    "final_do_mean": -5.951836496591568,
    "best_do_mean": -5.716336781895438,
    "initial_pp_mean": -7.077793600979973,
    "final_pp_mean": -5.691966868849361,
    "best_pp_mean": -5.369857368399115
}