{
    "best_epoch": 38,
    "best_val_performance": 2.125698118209839,
    "val_performance_metric": "diff",
    "train_loss": 1.4007006883621216,
    "initial_pref_do": 0.17714285714285713,
    "final_pref_do": 0.27,
    "best_pref_do": 0.23714285714285716
}