{
    "best_epoch": 16,
    "best_val_performance": 0.9574852355321246,
    "val_performance_metric": "diff",
    "train_loss": 2.95554256439209,
    "initial_pref_do": 0.12714285714285714,
    "final_pref_do": 0.3414285714285714,
    "best_pref_do": 0.12714285714285714
}