{
    "best_epoch": 32,
    "best_val_performance": 0.2786185884475705,
    "val_performance_metric": "diff",
    "train_loss": 1.8936351537704468,
    "initial_do_mean": -6.746848262440075,
    "final_do_mean": -5.091289382992369,
    "best_do_mean": -4.6712357723351685,
    "initial_pp_mean": -6.128953795962864,
    "final_pp_mean": -4.56544063091278,
    "best_pp_mean": -4.1880839745203655
}