{
    "best_epoch": 13,
    "best_val_performance": 0.68543705145518,
    "val_performance_metric": "diff",
    "train_loss": 3.213599443435669,
    "initial_do_mean": -7.690486979345943,
    "final_do_mean": -7.744366099321565,
    "best_do_mean": -4.946815838300904,
    "initial_pp_mean": -7.177623207428876,
    "final_pp_mean": -7.273330872199114,
    "best_pp_mean": -4.2249389694017525
}