{
    "best_epoch": 43,
    "best_val_performance": 2.8587889289855966,
    "val_performance_metric": "diff",
    "train_loss": 1.3574823141098022,
    "initial_do_mean": -6.74843568946376,
    "final_do_mean": -6.635009186195605,
    "best_do_mean": -6.545053444486676,
    "initial_pp_mean": -6.128779782189263,
    "final_pp_mean": -5.6797485709190365,
    "best_pp_mean": -5.538047560056051
}