{
    "best_epoch": 70,
    "best_val_performance": -0.41595140457153335,
    "val_performance_metric": "diff",
    "train_loss": 7.883937835693359,
    "initial_dative_mean": -7.287306501154314,
    "final_dative_mean": -6.7960592351461715,
    "best_dative_mean": -6.7960592351461715
}