{
    "best_epoch": 14,
    "best_val_performance": 1.4013333225250246,
    "val_performance_metric": "diff",
    "train_loss": 2.015078544616699,
    "initial_pref_do": 0.18142857142857144,
    "final_pref_do": 0.04285714285714286,
    "best_pref_do": 0.07428571428571429
}