{
    "best_epoch": 70,
    "best_val_performance": -0.6544446754455562,
    "val_performance_metric": "diff",
    "train_loss": 6.515614032745361,
    "initial_dative_mean": -7.608647900018078,
    "final_dative_mean": -7.373175634626756,
    "best_dative_mean": -7.373175634626756
}