{
    "best_epoch": 70,
    "best_val_performance": -0.0657531388600665,
    "val_performance_metric": "diff",
    "train_loss": 1.817987084388733,
    "initial_pref_do": 0.12714285714285714,
    "final_pref_do": 0.09571428571428571,
    "best_pref_do": 0.09571428571428571
}