{
    "best_epoch": 58,
    "best_val_performance": -0.23520898183186834,
    "val_performance_metric": "diff",
    "train_loss": 2.891735553741455,
    "initial_do_mean": -6.507342688242594,
    "final_do_mean": -5.410461740782766,
    "best_do_mean": -5.431745175159339,
    "initial_pp_mean": -5.874541709158156,
    "final_pp_mean": -4.785032171673245,
    "best_pp_mean": -4.736423688464694
}