{
    "best_epoch": 48,
    "best_val_performance": 0.9989421876271569,
    "val_performance_metric": "diff",
    "train_loss": 2.181039571762085,
    "initial_dative_mean": -7.309160492573565,
    "final_dative_mean": -5.651558469610604,
    "best_dative_mean": -5.606427629962999
}