{
    "best_epoch": 37,
    "best_val_performance": 1.4417075538635258,
    "val_performance_metric": "diff",
    "train_loss": 2.89798903465271,
    "initial_pref_do": 0.09714285714285714,
    "final_pref_do": 0.19142857142857142,
    "best_pref_do": 0.16857142857142857
}