{
    "best_epoch": 31,
    "best_val_performance": 0.645206472078959,
    "val_performance_metric": "diff",
    "train_loss": 2.0210769176483154,
    "initial_do_mean": -6.418854623852354,
    "final_do_mean": -4.743349595503374,
    "best_do_mean": -4.16500462474245,
    "initial_pp_mean": -5.742381819089254,
    "final_pp_mean": -4.326999052365621,
    "best_pp_mean": -3.8190927041901483
}