{
    "best_epoch": 29,
    "best_val_performance": 0.018359928131103764,
    "val_performance_metric": "diff",
    "train_loss": 2.5556368827819824,
    "initial_pref_do": 0.07714285714285714,
    "final_pref_do": 0.03142857142857143,
    "best_pref_do": 0.07285714285714286
}