{
    "best_epoch": 70,
    "best_val_performance": -0.29473346074422224,
    "val_performance_metric": "diff",
    "train_loss": 7.2436676025390625,
    "initial_dative_mean": -7.263212968034354,
    "final_dative_mean": -6.951912739123517,
    "best_dative_mean": -6.951912739123517
}