{
    "best_epoch": 10,
    "best_val_performance": 0.1864761892954503,
    "val_performance_metric": "diff",
    "train_loss": 3.2654714584350586,
    "initial_pref_do": 0.08285714285714285,
    "final_pref_do": 0.07428571428571429,
    "best_pref_do": 0.12
}