{
    "best_epoch": 19,
    "best_val_performance": 0.22821845213572178,
    "val_performance_metric": "diff",
    "train_loss": 2.792799472808838,
    "initial_do_mean": -7.962217734303585,
    "final_do_mean": -5.816969915877941,
    "best_do_mean": -5.391808500816656,
    "initial_pp_mean": -7.5761209894629085,
    "final_pp_mean": -5.267435468996273,
    "best_pp_mean": -4.878499429716784
}