{
    "best_epoch": 22,
    "best_val_performance": 1.3222643184661855,
    "val_performance_metric": "diff",
    "train_loss": 2.552060604095459,
    "initial_do_mean": -6.531460319865833,
    "final_do_mean": -6.907271744988181,
    "best_do_mean": -5.682047799139312,
    "initial_pp_mean": -5.8980369038052025,
    "final_pp_mean": -6.540489109357198,
    "best_pp_mean": -5.2339777708053585
}