{
    "best_epoch": 58,
    "best_val_performance": 3.5935558954874676,
    "val_performance_metric": "diff",
    "train_loss": 1.846833348274231,
    "initial_do_mean": -6.670885565786651,
    "final_do_mean": -7.167586947932388,
    "best_do_mean": -7.408526146050655,
    "initial_pp_mean": -5.822803809907701,
    "final_pp_mean": -7.848195552825928,
    "best_pp_mean": -7.992724227905273
}