{
    "best_epoch": 70,
    "best_val_performance": 2.434753979047141,
    "val_performance_metric": "diff",
    "train_loss": 1.8222180604934692,
    "initial_do_mean": -6.53747143311934,
    "final_do_mean": -6.599532800732237,
    "best_do_mean": -6.599532800732237,
    "initial_pp_mean": -5.903240757518344,
    "final_pp_mean": -5.748884534835815,
    "best_pp_mean": -5.748884534835815
}