{
    "best_epoch": 26,
    "best_val_performance": 1.2861534468332927,
    "val_performance_metric": "diff",
    "train_loss": 2.443833827972412,
    "initial_pref_do": 0.10142857142857142,
    "final_pref_do": 0.13285714285714287,
    "best_pref_do": 0.13428571428571429
}