{
    "best_epoch": 27,
    "best_val_performance": 0.02916400750478143,
    "val_performance_metric": "diff",
    "train_loss": 2.6616883277893066,
    "initial_dative_mean": -7.3118813414322705,
    "final_dative_mean": -5.493920378691969,
    "best_dative_mean": -4.997851833265427
}