{
    "best_epoch": 23,
    "best_val_performance": 0.7857818317413328,
    "val_performance_metric": "diff",
    "train_loss": 1.5776153802871704,
    "initial_do_mean": -6.744811894676902,
    "final_do_mean": -5.647795580372666,
    "best_do_mean": -4.847140820821126,
    "initial_pp_mean": -6.126316102345784,
    "final_pp_mean": -4.810937611262004,
    "best_pp_mean": -4.248587556680044
}