{
    "best_epoch": 20,
    "best_val_performance": 0.9308401791254681,
    "val_performance_metric": "diff",
    "train_loss": 2.9917571544647217,
    "initial_pref_do": 0.07714285714285714,
    "final_pref_do": 0.6385714285714286,
    "best_pref_do": 0.23142857142857143
}