{
    "best_epoch": 70,
    "best_val_performance": 0.054960751533508656,
    "val_performance_metric": "diff",
    "train_loss": 1.5420037508010864,
    "initial_pref_do": 0.08285714285714285,
    "final_pref_do": 0.10142857142857142,
    "best_pref_do": 0.10142857142857142
}