{
    "best_epoch": 27,
    "best_val_performance": 2.7546039946873986,
    "val_performance_metric": "diff",
    "train_loss": 2.7395071983337402,
    "initial_do_mean": -6.421022448395238,
    "final_do_mean": -7.330458652611934,
    "best_do_mean": -5.0297016476139875,
    "initial_pp_mean": -5.744180483288235,
    "final_pp_mean": -6.420898954073588,
    "best_pp_mean": -4.565294383631812
}