{
    "best_epoch": 44,
    "best_val_performance": -0.09733636697133363,
    "val_performance_metric": "diff",
    "train_loss": 1.7996309995651245,
    "initial_do_mean": -7.698413662439169,
    "final_do_mean": -5.84256487599639,
    "best_do_mean": -5.706656925553499,
    "initial_pp_mean": -7.165150158545551,
    "final_pp_mean": -5.680676905547871,
    "best_pp_mean": -5.578645997187671
}