{
    "best_epoch": 55,
    "best_val_performance": 0.05661440849304178,
    "val_performance_metric": "diff",
    "train_loss": 2.5617454051971436,
    "initial_do_mean": -6.5115466262355,
    "final_do_mean": -4.970014186338945,
    "best_do_mean": -4.945018550121423,
    "initial_pp_mean": -5.879969120025635,
    "final_pp_mean": -4.296359456910027,
    "best_pp_mean": -4.275651160875956
}