{
    "best_epoch": 29,
    "best_val_performance": 0.15630092779795302,
    "val_performance_metric": "diff",
    "train_loss": 2.655606269836426,
    "initial_do_mean": -7.839719554019529,
    "final_do_mean": -5.6401626654835635,
    "best_do_mean": -5.371384640765744,
    "initial_pp_mean": -7.37524013449164,
    "final_pp_mean": -4.860611875618205,
    "best_pp_mean": -4.692522824161193
}