{
    "best_epoch": 42,
    "best_val_performance": 2.3617421277364095,
    "val_performance_metric": "diff",
    "train_loss": 1.7138563394546509,
    "initial_pref_do": 0.17714285714285713,
    "final_pref_do": 0.08571428571428572,
    "best_pref_do": 0.09857142857142857
}