{
    "best_epoch": 70,
    "best_val_performance": -0.30014593124389677,
    "val_performance_metric": "diff",
    "train_loss": 3.1823480129241943,
    "initial_pref_do": 0.17714285714285713,
    "final_pref_do": 0.08285714285714285,
    "best_pref_do": 0.08285714285714285
}