{
    "best_epoch": 70,
    "best_val_performance": 2.4606982342402137,
    "val_performance_metric": "diff",
    "train_loss": 2.06892466545105,
    "initial_do_mean": -7.840918924919395,
    "final_do_mean": -6.914370622399241,
    "best_do_mean": -6.914370622399241,
    "initial_pp_mean": -7.376093957704656,
    "final_pp_mean": -5.759750209135167,
    "best_pp_mean": -5.759750209135167
}