{
    "best_epoch": 19,
    "best_val_performance": -0.1512891785303756,
    "val_performance_metric": "diff",
    "train_loss": 3.62534499168396,
    "initial_do_mean": -7.684993623994117,
    "final_do_mean": -5.63927719412848,
    "best_do_mean": -5.519743723231692,
    "initial_pp_mean": -7.171402063089259,
    "final_pp_mean": -5.466811342099134,
    "best_pp_mean": -5.208865588202196
}