{
    "best_epoch": 16,
    "best_val_performance": 0.7803670899073287,
    "val_performance_metric": "diff",
    "train_loss": 2.6152777671813965,
    "initial_do_mean": -7.673206835985184,
    "final_do_mean": -7.52786017850388,
    "best_do_mean": -6.885575909254163,
    "initial_pp_mean": -7.074106868575601,
    "final_pp_mean": -6.76742269151351,
    "best_pp_mean": -5.903902464403826
}