{
    "best_epoch": 70,
    "best_val_performance": -0.11240065097808838,
    "val_performance_metric": "diff",
    "train_loss": 3.1383047103881836,
    "initial_dative_mean": -7.1902215759656585,
    "final_dative_mean": -5.4569359191677025,
    "best_dative_mean": -5.4569359191677025
}