{
    "best_epoch": 70,
    "best_val_performance": 0.10401429017384789,
    "val_performance_metric": "diff",
    "train_loss": 3.566894292831421,
    "initial_do_mean": -7.5971937990465825,
    "final_do_mean": -5.869841420026713,
    "best_do_mean": -5.869841420026713,
    "initial_pp_mean": -7.152063230907216,
    "final_pp_mean": -4.93456772460657,
    "best_pp_mean": -4.93456772460657
}