{
    "best_epoch": 29,
    "best_val_performance": -0.41887410322825147,
    "val_performance_metric": "diff",
    "train_loss": 6.1578192710876465,
    "initial_do_mean": -6.634602803894968,
    "final_do_mean": -5.480642811457316,
    "best_do_mean": -5.916431301290339,
    "initial_pp_mean": -5.786148251427544,
    "final_pp_mean": -4.68782168229421,
    "best_pp_mean": -5.002848267555237
}