{
    "best_epoch": 70,
    "best_val_performance": -0.05619105339050279,
    "val_performance_metric": "diff",
    "train_loss": 2.226658821105957,
    "initial_dative_mean": -7.195482186755242,
    "final_dative_mean": -5.218177151435997,
    "best_dative_mean": -5.218177151435997
}