{
    "best_epoch": 70,
    "best_val_performance": -0.6048485962549845,
    "val_performance_metric": "diff",
    "train_loss": 6.382667541503906,
    "initial_dative_mean": -7.60940301592587,
    "final_dative_mean": -7.256633586005161,
    "best_dative_mean": -7.256633586005161
}