{
    "best_epoch": 39,
    "best_val_performance": 4.069086001714071,
    "val_performance_metric": "diff",
    "train_loss": 2.4304680824279785,
    "initial_do_mean": -7.840227430643037,
    "final_do_mean": -11.256027392176694,
    "best_do_mean": -9.273610442876816,
    "initial_pp_mean": -7.374528893302469,
    "final_pp_mean": -8.76893054597518,
    "best_pp_mean": -7.514878915337955
}