{
    "best_epoch": 38,
    "best_val_performance": -0.08104472796122231,
    "val_performance_metric": "diff",
    "train_loss": 2.2402806282043457,
    "initial_do_mean": -7.6977159373982005,
    "final_do_mean": -5.435834653848826,
    "best_do_mean": -5.396013981381128,
    "initial_pp_mean": -7.164272317465614,
    "final_pp_mean": -5.119879694896586,
    "best_pp_mean": -5.065855010467417
}