{
    "best_epoch": 70,
    "best_val_performance": -0.08458480199178009,
    "val_performance_metric": "diff",
    "train_loss": 3.550689458847046,
    "initial_do_mean": -6.7436056064836905,
    "final_do_mean": -4.80418976725954,
    "best_do_mean": -4.80418976725954,
    "initial_pp_mean": -6.1244311306211685,
    "final_pp_mean": -4.264934508005778,
    "best_pp_mean": -4.264934508005778
}