{
    "best_epoch": 31,
    "best_val_performance": -0.04074457009633381,
    "val_performance_metric": "diff",
    "train_loss": 1.7048217058181763,
    "initial_do_mean": -6.501709384629221,
    "final_do_mean": -5.126522205815171,
    "best_do_mean": -5.048917429374926,
    "initial_pp_mean": -5.871587104267544,
    "final_pp_mean": -4.484759653939141,
    "best_pp_mean": -4.315017886956533
}