{
    "best_epoch": 70,
    "best_val_performance": 0.04628676732381187,
    "val_performance_metric": "diff",
    "train_loss": 3.1437182426452637,
    "initial_do_mean": -6.547640758572203,
    "final_do_mean": -5.184854026274247,
    "best_do_mean": -5.184854026274247,
    "initial_pp_mean": -5.9043342272440595,
    "final_pp_mean": -4.364534452226427,
    "best_pp_mean": -4.364534452226427
}