{
    "best_epoch": 28,
    "best_val_performance": 0.30438094139099103,
    "val_performance_metric": "diff",
    "train_loss": 1.9437408447265625,
    "initial_dative_mean": -7.30864130160962,
    "final_dative_mean": -5.215436408742827,
    "best_dative_mean": -5.065419271849749
}