{
    "best_epoch": 59,
    "best_val_performance": 0.9381550375620522,
    "val_performance_metric": "diff",
    "train_loss": 1.8695076704025269,
    "initial_dative_mean": -7.192995299372757,
    "final_dative_mean": -5.9508264240814235,
    "best_dative_mean": -5.794823140080212
}