{
    "best_epoch": 70,
    "best_val_performance": -0.26784516970316563,
    "val_performance_metric": "diff",
    "train_loss": 3.9981296062469482,
    "initial_dative_mean": -7.467176596323649,
    "final_dative_mean": -5.8701377889217685,
    "best_dative_mean": -5.8701377889217685
}