{
    "best_epoch": 70,
    "best_val_performance": 0.670466181437174,
    "val_performance_metric": "diff",
    "train_loss": 1.180385708808899,
    "initial_dative_mean": -7.259781859422985,
    "final_dative_mean": -8.495298049429007,
    "best_dative_mean": -8.495298049429007
}