{
    "best_epoch": 24,
    "best_val_performance": 0.10625579992930057,
    "val_performance_metric": "diff",
    "train_loss": 3.048679828643799,
    "initial_dative_mean": -7.19232687092664,
    "final_dative_mean": -4.975143279074229,
    "best_dative_mean": -4.6941917331246605
}