{
    "best_epoch": 70,
    "best_val_performance": -0.10634775797525986,
    "val_performance_metric": "diff",
    "train_loss": 3.1978631019592285,
    "initial_do_mean": -7.596108480248341,
    "final_do_mean": -5.920938892419948,
    "best_do_mean": -5.920938892419948,
    "initial_pp_mean": -7.151292676785413,
    "final_pp_mean": -5.269807149031583,
    "best_pp_mean": -5.269807149031583
}