{
    "best_epoch": 70,
    "best_val_performance": -0.5115796168645224,
    "val_performance_metric": "diff",
    "train_loss": 6.944550037384033,
    "initial_pref_do": 0.09714285714285714,
    "final_pref_do": 0.12285714285714286,
    "best_pref_do": 0.12285714285714286
}