{
    "best_epoch": 70,
    "best_val_performance": -0.5606967512766525,
    "val_performance_metric": "diff",
    "train_loss": 6.341766357421875,
    "initial_pref_do": 0.14857142857142858,
    "final_pref_do": 0.17142857142857143,
    "best_pref_do": 0.17142857142857143
}