{
    "best_epoch": 70,
    "best_val_performance": -0.11370879014333113,
    "val_performance_metric": "diff",
    "train_loss": 2.0814290046691895,
    "initial_pref_do": 0.07714285714285714,
    "final_pref_do": 0.07285714285714286,
    "best_pref_do": 0.07285714285714286
}