{
    "best_epoch": 70,
    "best_val_performance": -0.2895154523849488,
    "val_performance_metric": "diff",
    "train_loss": 3.163402557373047,
    "initial_pref_do": 0.17714285714285713,
    "final_pref_do": 0.2671428571428571,
    "best_pref_do": 0.2671428571428571
}