{
    "best_epoch": 70,
    "best_val_performance": -0.12013275623321462,
    "val_performance_metric": "diff",
    "train_loss": 4.444357872009277,
    "initial_dative_mean": -7.195341270220907,
    "final_dative_mean": -5.657327553507877,
    "best_dative_mean": -5.657327553507877
}