{
    "best_epoch": 30,
    "best_val_performance": -0.32643491427103744,
    "val_performance_metric": "diff",
    "train_loss": 5.232668399810791,
    "initial_do_mean": -7.844917928063592,
    "final_do_mean": -6.2639678889928865,
    "best_do_mean": -6.7115272727123525,
    "initial_pp_mean": -7.3804678320884705,
    "final_pp_mean": -5.318404435059604,
    "best_pp_mean": -5.981495158111348
}