{
    "best_epoch": 56,
    "best_val_performance": -0.32753746509551984,
    "val_performance_metric": "diff",
    "train_loss": 3.2734830379486084,
    "initial_pref_do": 0.09714285714285714,
    "final_pref_do": 0.06285714285714286,
    "best_pref_do": 0.07428571428571429
}