{
    "best_epoch": 33,
    "best_val_performance": 3.3164233589172376,
    "val_performance_metric": "diff",
    "train_loss": 2.8363137245178223,
    "initial_do_mean": -7.601024260354596,
    "final_do_mean": -9.189722301655037,
    "best_do_mean": -6.934023034780524,
    "initial_pp_mean": -7.155905830158907,
    "final_pp_mean": -8.731588599261116,
    "best_pp_mean": -6.361416571280536
}