{
    "best_epoch": 29,
    "best_val_performance": 0.270975054105123,
    "val_performance_metric": "diff",
    "train_loss": 3.3279237747192383,
    "initial_do_mean": -7.954257895780164,
    "final_do_mean": -5.522557532371477,
    "best_do_mean": -5.182942802476329,
    "initial_pp_mean": -7.528676037227406,
    "final_pp_mean": -4.659445646229912,
    "best_pp_mean": -4.53107059597969
}