{
    "best_epoch": 70,
    "best_val_performance": -0.23352287133534766,
    "val_performance_metric": "diff",
    "train_loss": 3.757229804992676,
    "initial_dative_mean": -7.197196066030982,
    "final_dative_mean": -5.428160073115811,
    "best_dative_mean": -5.428160073115811
}