{
    "best_epoch": 1,
    "best_val_performance": -0.6902225081125897,
    "val_performance_metric": "diff",
    "train_loss": 7.6532816886901855,
    "initial_pref_do": 0.13714285714285715,
    "final_pref_do": 0.15142857142857144,
    "best_pref_do": 0.13714285714285715
}