{
    "best_epoch": 70,
    "best_val_performance": -0.5252112913131715,
    "val_performance_metric": "diff",
    "train_loss": 5.1060872077941895,
    "initial_dative_mean": -7.192518841453463,
    "final_dative_mean": -6.747660423579969,
    "best_dative_mean": -6.747660423579969
}