{
    "best_epoch": 70,
    "best_val_performance": -0.7154830948511757,
    "val_performance_metric": "diff",
    "train_loss": 6.405050277709961,
    "initial_dative_mean": -7.579114126531701,
    "final_dative_mean": -7.2868665150034495,
    "best_dative_mean": -7.2868665150034495
}