{
    "best_epoch": 19,
    "best_val_performance": -0.1961541636784867,
    "val_performance_metric": "diff",
    "train_loss": 2.545579671859741,
    "initial_dative_mean": -7.609525910943573,
    "final_dative_mean": -5.286135474317952,
    "best_dative_mean": -5.357389226817248
}