{
    "best_epoch": 55,
    "best_val_performance": 1.7486917273203542,
    "val_performance_metric": "diff",
    "train_loss": 1.821770191192627,
    "initial_dative_mean": -7.287730231619718,
    "final_dative_mean": -6.698467292457993,
    "best_dative_mean": -6.527377058190909
}