{
    "best_epoch": 54,
    "best_val_performance": 0.40063376108805393,
    "val_performance_metric": "diff",
    "train_loss": 2.166621446609497,
    "initial_do_mean": -7.60102592928465,
    "final_do_mean": -5.36599020036154,
    "best_do_mean": -5.473136112440464,
    "initial_pp_mean": -7.155285169096554,
    "final_pp_mean": -4.908545501442516,
    "best_pp_mean": -4.985689791861702
}