{
    "best_epoch": 20,
    "best_val_performance": -0.13897629419962598,
    "val_performance_metric": "diff",
    "train_loss": 3.949676990509033,
    "initial_do_mean": -7.694596535244654,
    "final_do_mean": -5.542667187923609,
    "best_do_mean": -5.630903179562369,
    "initial_pp_mean": -7.295904743671417,
    "final_pp_mean": -5.0489312988870285,
    "best_pp_mean": -5.273116631367627
}