{
    "best_epoch": 50,
    "best_val_performance": 0.15808340867360382,
    "val_performance_metric": "diff",
    "train_loss": 2.4846982955932617,
    "initial_do_mean": -7.687173943879992,
    "final_do_mean": -5.592192154291064,
    "best_do_mean": -5.676766173784123,
    "initial_pp_mean": -7.17450302699033,
    "final_pp_mean": -5.073036385984982,
    "best_pp_mean": -5.128916046198676
}