{
    "best_epoch": 13,
    "best_val_performance": -0.07548440297444703,
    "val_performance_metric": "diff",
    "train_loss": 3.666431427001953,
    "initial_pref_do": 0.1357142857142857,
    "final_pref_do": 0.17,
    "best_pref_do": 0.32142857142857145
}