{
    "best_epoch": 8,
    "best_val_performance": 0.2502768945693967,
    "val_performance_metric": "diff",
    "train_loss": 3.306776285171509,
    "initial_pref_do": 0.15857142857142856,
    "final_pref_do": 0.1757142857142857,
    "best_pref_do": 0.16285714285714287
}