{
    "best_epoch": 19,
    "best_val_performance": 0.4517199452718099,
    "val_performance_metric": "diff",
    "train_loss": 2.9019508361816406,
    "initial_do_mean": -6.559770767616503,
    "final_do_mean": -5.333000392624826,
    "best_do_mean": -4.407311708276922,
    "initial_pp_mean": -5.764428938759698,
    "final_pp_mean": -4.354819170633951,
    "best_pp_mean": -3.770614841249254
}