{
    "best_epoch": 70,
    "best_val_performance": 0.021380594571430933,
    "val_performance_metric": "diff",
    "train_loss": 3.396547794342041,
    "initial_do_mean": -6.55714948683074,
    "final_do_mean": -4.813776572545369,
    "best_do_mean": -4.813776572545369,
    "initial_pp_mean": -5.7621610562006635,
    "final_pp_mean": -4.269108393457201,
    "best_pp_mean": -4.269108393457201
}