{
    "best_epoch": 12,
    "best_val_performance": -0.17774144013722726,
    "val_performance_metric": "diff",
    "train_loss": 3.676088571548462,
    "initial_do_mean": -7.83604982218077,
    "final_do_mean": -6.739588360800299,
    "best_do_mean": -5.953910444018453,
    "initial_pp_mean": -7.370902761291055,
    "final_pp_mean": -6.279544633977554,
    "best_pp_mean": -5.444137519247391
}