{
    "best_epoch": 70,
    "best_val_performance": -0.036739261945088586,
    "val_performance_metric": "diff",
    "train_loss": 2.5204286575317383,
    "initial_do_mean": -7.959716370632482,
    "final_do_mean": -5.843078583478928,
    "best_do_mean": -5.843078583478928,
    "initial_pp_mean": -7.575421175535987,
    "final_pp_mean": -4.695763406683417,
    "best_pp_mean": -4.695763406683417
}