{
    "best_epoch": 70,
    "best_val_performance": 0.14059963226318395,
    "val_performance_metric": "diff",
    "train_loss": 2.5286097526550293,
    "initial_do_mean": -7.595032841660256,
    "final_do_mean": -5.784997576197912,
    "best_do_mean": -5.784997576197912,
    "initial_pp_mean": -7.1495756149292,
    "final_pp_mean": -5.142364809442969,
    "best_pp_mean": -5.142364809442969
}