{
    "best_epoch": 70,
    "best_val_performance": -0.2817112127939856,
    "val_performance_metric": "diff",
    "train_loss": 3.3902900218963623,
    "initial_do_mean": -7.955038612665132,
    "final_do_mean": -6.244613962118016,
    "best_do_mean": -6.244613962118016,
    "initial_pp_mean": -7.5297893615329965,
    "final_pp_mean": -5.6339984231135425,
    "best_pp_mean": -5.6339984231135425
}