{
    "best_epoch": 34,
    "best_val_performance": 1.1416127300262442,
    "val_performance_metric": "diff",
    "train_loss": 2.3134658336639404,
    "initial_do_mean": -7.704344525586727,
    "final_do_mean": -5.745270310446274,
    "best_do_mean": -5.9120561386956725,
    "initial_pp_mean": -7.171423276031718,
    "final_pp_mean": -5.476806265816969,
    "best_pp_mean": -5.546898124147864
}