{
    "best_epoch": 34,
    "best_val_performance": 2.477655418713887,
    "val_performance_metric": "diff",
    "train_loss": 2.595179319381714,
    "initial_do_mean": -7.8394956782806755,
    "final_do_mean": -7.343970177478568,
    "best_do_mean": -7.097108962923982,
    "initial_pp_mean": -7.374796394039603,
    "final_pp_mean": -6.552876057344324,
    "best_pp_mean": -6.493397044434267
}