{
    "best_epoch": 1,
    "best_val_performance": -0.8145494190851847,
    "val_performance_metric": "diff",
    "train_loss": 7.253808498382568,
    "initial_pref_do": 0.1357142857142857,
    "final_pref_do": 0.10428571428571429,
    "best_pref_do": 0.3171428571428571
}