{
    "best_epoch": 70,
    "best_val_performance": -0.5624173434575397,
    "val_performance_metric": "diff",
    "train_loss": 6.34199333190918,
    "initial_pref_do": 0.12714285714285714,
    "final_pref_do": 0.11571428571428571,
    "best_pref_do": 0.11571428571428571
}