{
    "best_epoch": 70,
    "best_val_performance": -0.4099910640716553,
    "val_performance_metric": "diff",
    "train_loss": 2.731971025466919,
    "initial_do_mean": -6.506769425941236,
    "final_do_mean": -5.347500480305065,
    "best_do_mean": -5.347500480305065,
    "initial_pp_mean": -5.875033881929186,
    "final_pp_mean": -4.973993767632378,
    "best_pp_mean": -4.973993767632378
}