{
    "best_epoch": 25,
    "best_val_performance": -0.11219110488891637,
    "val_performance_metric": "diff",
    "train_loss": 3.1805641651153564,
    "initial_pref_do": 0.09714285714285714,
    "final_pref_do": 0.24285714285714285,
    "best_pref_do": 0.18428571428571427
}