{
    "best_epoch": 64,
    "best_val_performance": 0.06683930873870825,
    "val_performance_metric": "diff",
    "train_loss": 2.0732812881469727,
    "initial_do_mean": -6.532433444803411,
    "final_do_mean": -4.8207290577166,
    "best_do_mean": -4.800290929909909,
    "initial_pp_mean": -5.898298480775622,
    "final_pp_mean": -4.002345638804965,
    "best_pp_mean": -3.9938942035039267
}