{
    "best_epoch": 70,
    "best_val_performance": -0.1352975018819178,
    "val_performance_metric": "diff",
    "train_loss": 2.334409475326538,
    "initial_pref_do": 0.1357142857142857,
    "final_pref_do": 0.07142857142857142,
    "best_pref_do": 0.07142857142857142
}