{
    "best_epoch": 70,
    "best_val_performance": -0.3539555978775022,
    "val_performance_metric": "diff",
    "train_loss": 3.61435866355896,
    "initial_pref_do": 0.15571428571428572,
    "final_pref_do": 0.2257142857142857,
    "best_pref_do": 0.2257142857142857
}