{
    "best_epoch": 46,
    "best_val_performance": 1.2542326863606776,
    "val_performance_metric": "diff",
    "train_loss": 2.4227535724639893,
    "initial_do_mean": -6.507416112495191,
    "final_do_mean": -6.120305195721713,
    "best_do_mean": -5.937072255394676,
    "initial_pp_mean": -5.876603656344944,
    "final_pp_mean": -5.20962618721856,
    "best_pp_mean": -4.883611726760864
}