{
    "best_epoch": 12,
    "best_val_performance": 1.8480678494771334,
    "val_performance_metric": "diff",
    "train_loss": 1.734426498413086,
    "initial_pref_do": 0.14714285714285713,
    "final_pref_do": 0.024285714285714285,
    "best_pref_do": 0.02
}