{
    "best_epoch": 70,
    "best_val_performance": 0.12976813952128108,
    "val_performance_metric": "diff",
    "train_loss": 2.981250286102295,
    "initial_do_mean": -6.636429986086759,
    "final_do_mean": -4.754840368213076,
    "best_do_mean": -4.754840368213076,
    "initial_pp_mean": -5.787413220935398,
    "final_pp_mean": -4.47011366420322,
    "best_pp_mean": -4.47011366420322
}