{
    "best_epoch": 44,
    "best_val_performance": 0.24750198046366378,
    "val_performance_metric": "diff",
    "train_loss": 2.2186529636383057,
    "initial_do_mean": -7.696829006422398,
    "final_do_mean": -8.338291398314542,
    "best_do_mean": -8.081677709554517,
    "initial_pp_mean": -7.297002959952635,
    "final_pp_mean": -6.373983714159797,
    "best_pp_mean": -5.939998233668945
}