{
    "best_epoch": 16,
    "best_val_performance": -0.02015534559885701,
    "val_performance_metric": "diff",
    "train_loss": 3.3494300842285156,
    "initial_dative_mean": -7.462247056919232,
    "final_dative_mean": -5.830046816527495,
    "best_dative_mean": -5.38562503230502
}