{
    "best_epoch": 70,
    "best_val_performance": -0.1719504388173423,
    "val_performance_metric": "diff",
    "train_loss": 0.9318121075630188,
    "initial_do_mean": -7.69957522805347,
    "final_do_mean": -6.272092106037362,
    "best_do_mean": -6.272092106037362,
    "initial_pp_mean": -7.165490405699786,
    "final_pp_mean": -5.8980396719539865,
    "best_pp_mean": -5.8980396719539865
}