{
    "best_epoch": 70,
    "best_val_performance": 1.2143054787317915,
    "val_performance_metric": "diff",
    "train_loss": 1.9375778436660767,
    "initial_do_mean": -7.635491913834284,
    "final_do_mean": -6.225569371567216,
    "best_do_mean": -6.225569371567216,
    "initial_pp_mean": -6.991828029295977,
    "final_pp_mean": -5.535403038824306,
    "best_pp_mean": -5.535403038824306
}