{
    "best_epoch": 60,
    "best_val_performance": -0.13106567541758274,
    "val_performance_metric": "diff",
    "train_loss": 2.2306156158447266,
    "initial_do_mean": -7.686873475479525,
    "final_do_mean": -5.774507015943527,
    "best_do_mean": -5.739288083689157,
    "initial_pp_mean": -7.173880976087907,
    "final_pp_mean": -5.268026231667575,
    "best_pp_mean": -5.249306338674882
}