{
    "best_epoch": 17,
    "best_val_performance": 0.1364223861694338,
    "val_performance_metric": "diff",
    "train_loss": 3.6895549297332764,
    "initial_do_mean": -6.53858924779025,
    "final_do_mean": -5.334772855585272,
    "best_do_mean": -4.996196343682029,
    "initial_pp_mean": -5.905965654055278,
    "final_pp_mean": -4.863790384928385,
    "best_pp_mean": -4.493720626831054
}