{
    "best_epoch": 70,
    "best_val_performance": -0.21363275369008328,
    "val_performance_metric": "diff",
    "train_loss": 2.8075079917907715,
    "initial_do_mean": -7.6909150051516155,
    "final_do_mean": -6.424473935088446,
    "best_do_mean": -6.424473935088446,
    "initial_pp_mean": -7.255189455256742,
    "final_pp_mean": -5.616550514627906,
    "best_pp_mean": -5.616550514627906
}