{
    "best_epoch": 26,
    "best_val_performance": 3.1468396711349484,
    "val_performance_metric": "diff",
    "train_loss": 2.720947027206421,
    "initial_do_mean": -7.696642441805019,
    "final_do_mean": -7.410686706387719,
    "best_do_mean": -7.780975119319073,
    "initial_pp_mean": -7.162035369171816,
    "final_pp_mean": -6.665615243771497,
    "best_pp_mean": -6.982481726828744
}