{
    "best_epoch": 43,
    "best_val_performance": -0.21713548819224027,
    "val_performance_metric": "diff",
    "train_loss": 5.179144859313965,
    "initial_pref_do": 0.12714285714285714,
    "final_pref_do": 0.24,
    "best_pref_do": 0.19285714285714287
}