{
    "best_epoch": 55,
    "best_val_performance": 2.695302464167278,
    "val_performance_metric": "diff",
    "train_loss": 2.3663721084594727,
    "initial_pref_do": 0.1357142857142857,
    "final_pref_do": 0.08714285714285715,
    "best_pref_do": 0.08714285714285715
}