{
    "best_epoch": 70,
    "best_val_performance": -0.09592893282572401,
    "val_performance_metric": "diff",
    "train_loss": 3.174377202987671,
    "initial_dative_mean": -7.284540306057846,
    "final_dative_mean": -5.5245810586806625,
    "best_dative_mean": -5.5245810586806625
}