{
    "best_epoch": 70,
    "best_val_performance": 0.13972503980000806,
    "val_performance_metric": "diff",
    "train_loss": 1.8061435222625732,
    "initial_pref_do": 0.1,
    "final_pref_do": 0.08857142857142856,
    "best_pref_do": 0.08857142857142856
}