{
    "best_epoch": 30,
    "best_val_performance": -0.22149416605631522,
    "val_performance_metric": "diff",
    "train_loss": 2.8501596450805664,
    "initial_do_mean": -6.510944986343384,
    "final_do_mean": -5.102006149291992,
    "best_do_mean": -4.801957169446078,
    "initial_pp_mean": -5.880140066146851,
    "final_pp_mean": -4.694653839535183,
    "best_pp_mean": -4.41476293404897
}