{
    "best_epoch": 32,
    "best_val_performance": -0.16349265416463155,
    "val_performance_metric": "diff",
    "train_loss": 2.613206386566162,
    "initial_dative_mean": -7.611181808842553,
    "final_dative_mean": -5.893966996007496,
    "best_dative_mean": -5.691726398398305
}