{
    "best_epoch": 24,
    "best_val_performance": 0.3426532777150477,
    "val_performance_metric": "diff",
    "train_loss": 2.668098211288452,
    "initial_do_mean": -6.530025217749856,
    "final_do_mean": -5.0539468013879025,
    "best_do_mean": -4.555252794785933,
    "initial_pp_mean": -5.895179131295946,
    "final_pp_mean": -4.203126703368293,
    "best_pp_mean": -3.7251450604862635
}