{
    "best_epoch": 39,
    "best_val_performance": 2.1722076066335045,
    "val_performance_metric": "diff",
    "train_loss": 2.725018262863159,
    "initial_do_mean": -7.699834986481556,
    "final_do_mean": -6.303857867454374,
    "best_do_mean": -5.5667363225027575,
    "initial_pp_mean": -7.166237826908336,
    "final_pp_mean": -5.699961825328715,
    "best_pp_mean": -4.757774026253644
}