{
    "best_epoch": 49,
    "best_val_performance": -0.36645543575286865,
    "val_performance_metric": "diff",
    "train_loss": 4.57084321975708,
    "initial_pref_do": 0.08285714285714285,
    "final_pref_do": 0.24285714285714285,
    "best_pref_do": 0.19285714285714287
}