{
    "best_epoch": 70,
    "best_val_performance": -0.1843356307347621,
    "val_performance_metric": "diff",
    "train_loss": 3.8123061656951904,
    "initial_pref_do": 0.14714285714285713,
    "final_pref_do": 0.07571428571428572,
    "best_pref_do": 0.07571428571428572
}