{
    "best_epoch": 35,
    "best_val_performance": 0.2005651537577311,
    "val_performance_metric": "diff",
    "train_loss": 1.9560917615890503,
    "initial_dative_mean": -7.5735390855554945,
    "final_dative_mean": -5.374231775601705,
    "best_dative_mean": -5.127423105532663
}