{
    "best_epoch": 34,
    "best_val_performance": 0.10490935802459767,
    "val_performance_metric": "diff",
    "train_loss": 3.2196247577667236,
    "initial_do_mean": -6.633086873545791,
    "final_do_mean": -4.508522766286677,
    "best_do_mean": -4.679838934811679,
    "initial_pp_mean": -5.781809902191162,
    "final_pp_mean": -4.051449330647786,
    "best_pp_mean": -4.128918321927388
}