{
    "best_epoch": 70,
    "best_val_performance": 0.4065417067209882,
    "val_performance_metric": "diff",
    "train_loss": 1.3518961668014526,
    "initial_do_mean": -6.659270321239124,
    "final_do_mean": -4.881011978785197,
    "best_do_mean": -4.881011978785197,
    "initial_pp_mean": -5.917730802959866,
    "final_pp_mean": -4.254996679888832,
    "best_pp_mean": -4.254996679888832
}