{
    "best_epoch": 44,
    "best_val_performance": 3.102810204823813,
    "val_performance_metric": "diff",
    "train_loss": 2.126903533935547,
    "initial_do_mean": -7.693498509567838,
    "final_do_mean": -9.935646193665127,
    "best_do_mean": -9.57611477756223,
    "initial_pp_mean": -7.294853263041553,
    "final_pp_mean": -8.175191293043248,
    "best_pp_mean": -8.11918906394173
}