{
    "best_epoch": 70,
    "best_val_performance": -0.13176616668701158,
    "val_performance_metric": "diff",
    "train_loss": 4.931236743927002,
    "initial_do_mean": -7.636567451233088,
    "final_do_mean": -5.883650782149892,
    "best_do_mean": -5.883650782149892,
    "initial_pp_mean": -6.992695661853341,
    "final_pp_mean": -5.338369102337781,
    "best_pp_mean": -5.338369102337781
}