{
    "best_epoch": 28,
    "best_val_performance": 0.40823043505350753,
    "val_performance_metric": "diff",
    "train_loss": 1.5656194686889648,
    "initial_do_mean": -6.7459433960192134,
    "final_do_mean": -4.6238497127186164,
    "best_do_mean": -4.499920959183664,
    "initial_pp_mean": -6.126431343290541,
    "final_pp_mean": -4.359334625138176,
    "best_pp_mean": -4.152117427190145
}