{
    "best_epoch": 70,
    "best_val_performance": 0.9258006000518799,
    "val_performance_metric": "diff",
    "train_loss": 1.730043649673462,
    "initial_do_mean": -7.670311061448829,
    "final_do_mean": -6.842613440613414,
    "best_do_mean": -6.842613440613414,
    "initial_pp_mean": -7.0707540554158825,
    "final_pp_mean": -5.813455822537927,
    "best_pp_mean": -5.813455822537927
}