{
    "best_epoch": 70,
    "best_val_performance": 0.2999421230951942,
    "val_performance_metric": "diff",
    "train_loss": 1.784598469734192,
    "initial_pref_do": 0.15571428571428572,
    "final_pref_do": 0.3585714285714286,
    "best_pref_do": 0.3585714285714286
}