{
    "best_epoch": 17,
    "best_val_performance": 1.1348926814397178,
    "val_performance_metric": "diff",
    "train_loss": 2.7677879333496094,
    "initial_do_mean": -7.6364420520704845,
    "final_do_mean": -5.722657679471859,
    "best_do_mean": -5.553789937565493,
    "initial_pp_mean": -6.993158841834349,
    "final_pp_mean": -5.808239980655558,
    "best_pp_mean": -5.275388919605929
}