{
    "best_epoch": 63,
    "best_val_performance": -0.34646676222483297,
    "val_performance_metric": "diff",
    "train_loss": 3.229212760925293,
    "initial_do_mean": -6.506541439981172,
    "final_do_mean": -5.100620110829671,
    "best_do_mean": -5.155639311761567,
    "initial_pp_mean": -5.874634186426799,
    "final_pp_mean": -4.3799972295761105,
    "best_pp_mean": -4.423081951671176
}