{
    "best_epoch": 69,
    "best_val_performance": -0.46203731536865256,
    "val_performance_metric": "diff",
    "train_loss": 3.7276298999786377,
    "initial_dative_mean": -7.259590742183708,
    "final_dative_mean": -6.078976858254761,
    "best_dative_mean": -6.090736270996562
}