{
    "best_epoch": 70,
    "best_val_performance": 0.12076821804046656,
    "val_performance_metric": "diff",
    "train_loss": 1.8015518188476562,
    "initial_do_mean": -7.954800849044045,
    "final_do_mean": -5.454544495358023,
    "best_do_mean": -5.454544495358023,
    "initial_pp_mean": -7.529677391052246,
    "final_pp_mean": -4.704999252277262,
    "best_pp_mean": -4.704999252277262
}