{
    "best_epoch": 53,
    "best_val_performance": 2.134502466519674,
    "val_performance_metric": "diff",
    "train_loss": 1.774545669555664,
    "initial_pref_do": 0.14714285714285713,
    "final_pref_do": 0.11428571428571428,
    "best_pref_do": 0.1
}