{
    "best_epoch": 70,
    "best_val_performance": 0.25104850927988664,
    "val_performance_metric": "diff",
    "train_loss": 2.7036354541778564,
    "initial_do_mean": -6.637197848522302,
    "final_do_mean": -5.0198338291861795,
    "best_do_mean": -5.0198338291861795,
    "initial_pp_mean": -5.787125012609693,
    "final_pp_mean": -4.368027642038133,
    "best_pp_mean": -4.368027642038133
}