{
    "best_epoch": 33,
    "best_val_performance": 1.8702344195048015,
    "val_performance_metric": "diff",
    "train_loss": 2.88383412361145,
    "initial_do_mean": -6.540935990304658,
    "final_do_mean": -5.43551987879204,
    "best_do_mean": -4.44928915717385,
    "initial_pp_mean": -5.896388353241814,
    "final_pp_mean": -4.642220849461026,
    "best_pp_mean": -3.7551100624932183
}