{
    "best_epoch": 49,
    "best_val_performance": 0.18290339787801102,
    "val_performance_metric": "diff",
    "train_loss": 2.2103006839752197,
    "initial_do_mean": -6.7477618752103865,
    "final_do_mean": -5.146065126765858,
    "best_do_mean": -5.0578627528566305,
    "initial_pp_mean": -6.130299904611376,
    "final_pp_mean": -4.33430601225959,
    "best_pp_mean": -4.256061749988132
}