{
    "best_epoch": 51,
    "best_val_performance": 0.42036968549092535,
    "val_performance_metric": "diff",
    "train_loss": 2.440391778945923,
    "initial_dative_mean": -7.188712884459579,
    "final_dative_mean": -5.119111459506185,
    "best_dative_mean": -5.0151988898801525
}