{
    "best_epoch": 70,
    "best_val_performance": -0.5823393344879149,
    "val_performance_metric": "diff",
    "train_loss": 6.696214199066162,
    "initial_dative_mean": -7.311455393046663,
    "final_dative_mean": -6.967446788709763,
    "best_dative_mean": -6.967446788709763
}