{
    "best_epoch": 70,
    "best_val_performance": -0.4924840974807738,
    "val_performance_metric": "diff",
    "train_loss": 6.140767574310303,
    "initial_pref_do": 0.09714285714285714,
    "final_pref_do": 0.11142857142857143,
    "best_pref_do": 0.11142857142857143
}