{
    "best_epoch": 48,
    "best_val_performance": 1.985977376302083,
    "val_performance_metric": "diff",
    "train_loss": 2.5024635791778564,
    "initial_pref_do": 0.18142857142857144,
    "final_pref_do": 0.15714285714285714,
    "best_pref_do": 0.12142857142857143
}