{
    "best_epoch": 6,
    "best_val_performance": 0.4032150904337568,
    "val_performance_metric": "diff",
    "train_loss": 3.1776421070098877,
    "initial_do_mean": -7.634893575380015,
    "final_do_mean": -7.3722033826417706,
    "best_do_mean": -5.552381000199984,
    "initial_pp_mean": -6.991063340972452,
    "final_pp_mean": -6.347909682989121,
    "best_pp_mean": -4.506423034387477
}