{
    "best_epoch": 61,
    "best_val_performance": 3.3465293216705323,
    "val_performance_metric": "diff",
    "train_loss": 1.6322189569473267,
    "initial_pref_do": 0.12714285714285714,
    "final_pref_do": 0.13714285714285715,
    "best_pref_do": 0.10714285714285714
}