{
    "best_epoch": 31,
    "best_val_performance": 0.06824097633361781,
    "val_performance_metric": "diff",
    "train_loss": 3.0517759323120117,
    "initial_do_mean": -6.741517800995798,
    "final_do_mean": -4.934301049781568,
    "best_do_mean": -4.54437092145284,
    "initial_pp_mean": -6.125570159488254,
    "final_pp_mean": -4.315399045414395,
    "best_pp_mean": -4.020868113305833
}