{
    "best_epoch": 19,
    "best_val_performance": 0.708911732037862,
    "val_performance_metric": "diff",
    "train_loss": 2.4895894527435303,
    "initial_do_mean": -6.533924838268396,
    "final_do_mean": -6.676840994574807,
    "best_do_mean": -5.52174101598335,
    "initial_pp_mean": -5.90194444126553,
    "final_pp_mean": -5.947127702501085,
    "best_pp_mean": -4.830151155259874
}