{
    "best_epoch": 22,
    "best_val_performance": -0.06451569875081375,
    "val_performance_metric": "diff",
    "train_loss": 2.38346266746521,
    "initial_pref_do": 0.1357142857142857,
    "final_pref_do": 0.07714285714285714,
    "best_pref_do": 0.09285714285714286
}