{
    "best_epoch": 40,
    "best_val_performance": 0.38353230317433695,
    "val_performance_metric": "diff",
    "train_loss": 1.9577045440673828,
    "initial_dative_mean": -7.467573679678622,
    "final_dative_mean": -7.0621502566755865,
    "best_dative_mean": -6.921436590757984
}