{
    "best_epoch": 51,
    "best_val_performance": 3.001203629175823,
    "val_performance_metric": "diff",
    "train_loss": 2.175424814224243,
    "initial_do_mean": -7.602693546650022,
    "final_do_mean": -10.510175644658332,
    "best_do_mean": -10.538989234802335,
    "initial_pp_mean": -7.157068681716919,
    "final_pp_mean": -10.141780936717987,
    "best_pp_mean": -10.088349124263315
}