{
    "best_epoch": 34,
    "best_val_performance": 1.2372332445780438,
    "val_performance_metric": "diff",
    "train_loss": 2.6286263465881348,
    "initial_do_mean": -6.749734125715314,
    "final_do_mean": -7.0931445887594515,
    "best_do_mean": -6.4516257242722945,
    "initial_pp_mean": -6.130589882532756,
    "final_pp_mean": -5.746409352620443,
    "best_pp_mean": -5.330422915352715
}