{
    "best_epoch": 25,
    "best_val_performance": 0.24503569761912036,
    "val_performance_metric": "diff",
    "train_loss": 2.8760251998901367,
    "initial_do_mean": -6.413997494090687,
    "final_do_mean": -4.878033049901327,
    "best_do_mean": -4.739968065782027,
    "initial_pp_mean": -5.738711349169413,
    "final_pp_mean": -4.352272227075365,
    "best_pp_mean": -4.1293265528149075
}