{
    "best_epoch": 70,
    "best_val_performance": -0.20876627127329517,
    "val_performance_metric": "diff",
    "train_loss": 4.8564958572387695,
    "initial_do_mean": -6.767039629907319,
    "final_do_mean": -5.592541704755841,
    "best_do_mean": -5.592541704755841,
    "initial_pp_mean": -6.101977647675408,
    "final_pp_mean": -4.985163667466906,
    "best_pp_mean": -4.985163667466906
}