{
    "best_epoch": 63,
    "best_val_performance": 5.18831336180369,
    "val_performance_metric": "diff",
    "train_loss": 2.1612331867218018,
    "initial_do_mean": -7.6745670992274615,
    "final_do_mean": -8.680038358929545,
    "best_do_mean": -8.325934207716653,
    "initial_pp_mean": -7.074502086639404,
    "final_pp_mean": -7.701796172646915,
    "best_pp_mean": -7.352051526658675
}