{
    "best_epoch": 23,
    "best_val_performance": 0.30605576197306394,
    "val_performance_metric": "diff",
    "train_loss": 2.285416841506958,
    "initial_do_mean": -7.689710769542428,
    "final_do_mean": -5.99894143640995,
    "best_do_mean": -5.302972349663113,
    "initial_pp_mean": -7.176108844841228,
    "final_pp_mean": -5.025888289072935,
    "best_pp_mean": -4.348234189608518
}