{
    "best_epoch": 7,
    "best_val_performance": 0.11515020529429076,
    "val_performance_metric": "diff",
    "train_loss": 2.9804153442382812,
    "initial_pref_do": 0.13428571428571429,
    "final_pref_do": 0.27714285714285714,
    "best_pref_do": 0.16285714285714287
}