{
    "best_epoch": 45,
    "best_val_performance": 5.802591803868612,
    "val_performance_metric": "diff",
    "train_loss": 1.5126979351043701,
    "initial_pref_do": 0.17714285714285713,
    "final_pref_do": 0.17714285714285713,
    "best_pref_do": 0.20285714285714285
}