{
    "best_epoch": 11,
    "best_val_performance": 0.8737475252151494,
    "val_performance_metric": "diff",
    "train_loss": 2.144749402999878,
    "initial_dative_mean": -7.26013467953219,
    "final_dative_mean": -6.444279658689833,
    "best_dative_mean": -4.749366283416748
}