{
    "best_epoch": 25,
    "best_val_performance": 0.0898969189325971,
    "val_performance_metric": "diff",
    "train_loss": 3.7218010425567627,
    "initial_pref_do": 0.14714285714285713,
    "final_pref_do": 0.2885714285714286,
    "best_pref_do": 0.3442857142857143
}