{
    "best_epoch": 68,
    "best_val_performance": 3.257847420374553,
    "val_performance_metric": "diff",
    "train_loss": 2.591791868209839,
    "initial_do_mean": -6.6355326927069465,
    "final_do_mean": -6.5352860696388015,
    "best_do_mean": -6.5433427940715445,
    "initial_pp_mean": -5.786566233634948,
    "final_pp_mean": -5.372704667515225,
    "best_pp_mean": -5.357913253042433
}