{
    "best_epoch": 70,
    "best_val_performance": 0.04091111818949411,
    "val_performance_metric": "diff",
    "train_loss": 2.014636278152466,
    "initial_pref_do": 0.17857142857142858,
    "final_pref_do": 0.2957142857142857,
    "best_pref_do": 0.2957142857142857
}