{
    "best_epoch": 66,
    "best_val_performance": -0.035034901301066235,
    "val_performance_metric": "diff",
    "train_loss": 1.9734764099121094,
    "initial_pref_do": 0.14714285714285713,
    "final_pref_do": 0.08,
    "best_pref_do": 0.07857142857142857
}