{
    "best_epoch": 29,
    "best_val_performance": 0.20927225748697964,
    "val_performance_metric": "diff",
    "train_loss": 1.7652069330215454,
    "initial_pref_do": 0.07857142857142857,
    "final_pref_do": 0.047142857142857146,
    "best_pref_do": 0.04
}