{
    "best_epoch": 57,
    "best_val_performance": 0.15338204224904306,
    "val_performance_metric": "diff",
    "train_loss": 1.8496265411376953,
    "initial_dative_mean": -7.256622457713411,
    "final_dative_mean": -5.400804831096304,
    "best_dative_mean": -5.319318475953319
}