{
    "best_epoch": 17,
    "best_val_performance": -0.25626888116200774,
    "val_performance_metric": "diff",
    "train_loss": 4.37272310256958,
    "initial_do_mean": -7.83957034488057,
    "final_do_mean": -6.156689559650975,
    "best_do_mean": -6.2990651463353355,
    "initial_pp_mean": -7.374364294725306,
    "final_pp_mean": -5.757674490003025,
    "best_pp_mean": -5.941473034900778
}