{
    "best_epoch": 70,
    "best_val_performance": -0.09278679688771518,
    "val_performance_metric": "diff",
    "train_loss": 3.252591133117676,
    "initial_do_mean": -6.528780906850641,
    "final_do_mean": -4.976707299550374,
    "best_do_mean": -4.976707299550374,
    "initial_pp_mean": -5.895324185159471,
    "final_pp_mean": -4.418999226888021,
    "best_pp_mean": -4.418999226888021
}