{
    "best_epoch": 53,
    "best_val_performance": 4.652650904655456,
    "val_performance_metric": "diff",
    "train_loss": 2.0813310146331787,
    "initial_do_mean": -7.959864856198776,
    "final_do_mean": -7.361188588447349,
    "best_do_mean": -6.931438398915668,
    "initial_pp_mean": -7.5345100402832035,
    "final_pp_mean": -6.484250148955513,
    "best_pp_mean": -6.098281265356961
}