{
    "best_epoch": 66,
    "best_val_performance": 0.5424904696146644,
    "val_performance_metric": "diff",
    "train_loss": 1.8959734439849854,
    "initial_pref_do": 0.17857142857142858,
    "final_pref_do": 0.07428571428571429,
    "best_pref_do": 0.07714285714285714
}