{
    "best_epoch": 55,
    "best_val_performance": -0.2939547379811609,
    "val_performance_metric": "diff",
    "train_loss": 4.7142415046691895,
    "initial_do_mean": -6.533759998552727,
    "final_do_mean": -5.581646400509459,
    "best_do_mean": -5.748362864870014,
    "initial_pp_mean": -5.901270866394043,
    "final_pp_mean": -5.158067843649122,
    "best_pp_mean": -5.268161381615533
}