{
    "best_epoch": 66,
    "best_val_performance": 0.20955918788909944,
    "val_performance_metric": "diff",
    "train_loss": 2.4469199180603027,
    "initial_dative_mean": -7.287850813558924,
    "final_dative_mean": -4.655016767351251,
    "best_dative_mean": -4.673646032984494
}