{
    "best_epoch": 18,
    "best_val_performance": 2.4884182564417525,
    "val_performance_metric": "diff",
    "train_loss": 2.898573875427246,
    "initial_do_mean": -6.5548995278098365,
    "final_do_mean": -7.335531906648115,
    "best_do_mean": -5.360881689823035,
    "initial_pp_mean": -5.90768870777554,
    "final_pp_mean": -5.958116812176175,
    "best_pp_mean": -4.629118283589681
}