{
    "best_epoch": 53,
    "best_val_performance": 1.6018629980087287,
    "val_performance_metric": "diff",
    "train_loss": 2.141103982925415,
    "initial_pref_do": 0.12714285714285714,
    "final_pref_do": 0.03,
    "best_pref_do": 0.024285714285714285
}