{
    "best_epoch": 70,
    "best_val_performance": -0.07027593612670913,
    "val_performance_metric": "diff",
    "train_loss": 4.099918842315674,
    "initial_do_mean": -6.554013635172988,
    "final_do_mean": -5.155427665421457,
    "best_do_mean": -5.155427665421457,
    "initial_pp_mean": -5.759146454599168,
    "final_pp_mean": -4.4548598527908325,
    "best_pp_mean": -4.4548598527908325
}