{
    "best_epoch": 26,
    "best_val_performance": 0.2627183850606283,
    "val_performance_metric": "diff",
    "train_loss": 1.62007737159729,
    "initial_do_mean": -7.954243905322496,
    "final_do_mean": -5.908582795151444,
    "best_do_mean": -5.523887475909189,
    "initial_pp_mean": -7.529087621324202,
    "final_pp_mean": -5.392851512747653,
    "best_pp_mean": -4.931991772090687
}