{
    "best_epoch": 30,
    "best_val_performance": 1.3280924002329515,
    "val_performance_metric": "diff",
    "train_loss": 1.7175509929656982,
    "initial_pref_do": 0.18285714285714286,
    "final_pref_do": 0.07714285714285714,
    "best_pref_do": 0.037142857142857144
}