{
    "best_epoch": 24,
    "best_val_performance": 0.436728835105896,
    "val_performance_metric": "diff",
    "train_loss": 1.8168662786483765,
    "initial_pref_do": 0.07714285714285714,
    "final_pref_do": 0.03571428571428571,
    "best_pref_do": 0.05142857142857143
}