{
    "best_epoch": 70,
    "best_val_performance": 0.7650321420033777,
    "val_performance_metric": "diff",
    "train_loss": 1.7343971729278564,
    "initial_do_mean": -6.50438271002336,
    "final_do_mean": -6.024542192979292,
    "best_do_mean": -6.024542192979292,
    "initial_pp_mean": -5.872782206535339,
    "final_pp_mean": -5.514373183250427,
    "best_pp_mean": -5.514373183250427
}