{
    "best_epoch": 70,
    "best_val_performance": 0.021992578506469407,
    "val_performance_metric": "diff",
    "train_loss": 3.393183469772339,
    "initial_dative_mean": -7.467197988465515,
    "final_dative_mean": -5.694695196130819,
    "best_dative_mean": -5.694695196130819
}