{
    "best_epoch": 70,
    "best_val_performance": -0.06547994295755988,
    "val_performance_metric": "diff",
    "train_loss": 2.6809253692626953,
    "initial_do_mean": -7.9614031806934715,
    "final_do_mean": -6.624349259359892,
    "best_do_mean": -6.624349259359892,
    "initial_pp_mean": -7.575772949527292,
    "final_pp_mean": -5.867302384446649,
    "best_pp_mean": -5.867302384446649
}