{
    "best_epoch": 31,
    "best_val_performance": 0.01983262856801371,
    "val_performance_metric": "diff",
    "train_loss": 3.290109872817993,
    "initial_pref_do": 0.17714285714285713,
    "final_pref_do": 0.20857142857142857,
    "best_pref_do": 0.24142857142857144
}