{
    "best_epoch": 31,
    "best_val_performance": -0.34044215679168754,
    "val_performance_metric": "diff",
    "train_loss": 6.582560062408447,
    "initial_do_mean": -6.505418557831735,
    "final_do_mean": -5.402704337148956,
    "best_do_mean": -5.734488042195638,
    "initial_pp_mean": -5.874945200814141,
    "final_pp_mean": -4.639423481623331,
    "best_pp_mean": -4.982788372039795
}