{
    "best_epoch": 39,
    "best_val_performance": 0.5295802195866903,
    "val_performance_metric": "diff",
    "train_loss": 2.022067070007324,
    "initial_do_mean": -7.960492020429567,
    "final_do_mean": -6.618697902837465,
    "best_do_mean": -6.256495192993519,
    "initial_pp_mean": -7.575656205766341,
    "final_pp_mean": -5.6332335380946885,
    "best_pp_mean": -5.347213965654373
}