{
    "best_epoch": 35,
    "best_val_performance": 2.1327040195465097,
    "val_performance_metric": "diff",
    "train_loss": 2.5918266773223877,
    "initial_pref_do": 0.14714285714285713,
    "final_pref_do": 0.26142857142857145,
    "best_pref_do": 0.2571428571428571
}