{
    "best_epoch": 33,
    "best_val_performance": 0.8521317418416334,
    "val_performance_metric": "diff",
    "train_loss": 2.8526477813720703,
    "initial_do_mean": -6.53858924779025,
    "final_do_mean": -7.189686194333163,
    "best_do_mean": -7.131861272002712,
    "initial_pp_mean": -5.905965654055278,
    "final_pp_mean": -6.594038976563348,
    "best_pp_mean": -6.355435480011834
}