{
    "best_epoch": 70,
    "best_val_performance": 0.5138906256357822,
    "val_performance_metric": "diff",
    "train_loss": 1.6160247325897217,
    "initial_pref_do": 0.1457142857142857,
    "final_pref_do": 0.004285714285714286,
    "best_pref_do": 0.004285714285714286
}