{
    "best_epoch": 65,
    "best_val_performance": 2.0982940546671536,
    "val_performance_metric": "diff",
    "train_loss": 1.7207341194152832,
    "initial_pref_do": 0.14714285714285713,
    "final_pref_do": 0.02142857142857143,
    "best_pref_do": 0.02142857142857143
}