{
    "best_epoch": 70,
    "best_val_performance": 0.16546644210815487,
    "val_performance_metric": "diff",
    "train_loss": 1.676192283630371,
    "initial_dative_mean": -7.578293672430585,
    "final_dative_mean": -5.019413550694783,
    "best_dative_mean": -5.019413550694783
}