{
    "best_epoch": 70,
    "best_val_performance": 1.27624630133311,
    "val_performance_metric": "diff",
    "train_loss": 1.942840337753296,
    "initial_do_mean": -7.701087377099103,
    "final_do_mean": -7.080106189777685,
    "best_do_mean": -7.080106189777685,
    "initial_pp_mean": -7.1676499871646655,
    "final_pp_mean": -5.989468047548743,
    "best_pp_mean": -5.989468047548743
}