{
    "best_epoch": 33,
    "best_val_performance": 0.3687130530675251,
    "val_performance_metric": "diff",
    "train_loss": 2.7102863788604736,
    "initial_do_mean": -6.7641653725595186,
    "final_do_mean": -4.6885705008651275,
    "best_do_mean": -4.415258046352502,
    "initial_pp_mean": -6.097250050968594,
    "final_pp_mean": -4.26056199338701,
    "best_pp_mean": -3.9340476353963214
}