{
    "best_epoch": 56,
    "best_val_performance": 0.07195450146992943,
    "val_performance_metric": "diff",
    "train_loss": 1.8413031101226807,
    "initial_pref_do": 0.12714285714285714,
    "final_pref_do": 0.06142857142857143,
    "best_pref_do": 0.07
}