{
    "best_epoch": 20,
    "best_val_performance": 0.1423229646682742,
    "val_performance_metric": "diff",
    "train_loss": 3.2920055389404297,
    "initial_do_mean": -6.509775658809778,
    "final_do_mean": -5.18304267652107,
    "best_do_mean": -4.208216784217141,
    "initial_pp_mean": -5.876523897382948,
    "final_pp_mean": -4.917740384737651,
    "best_pp_mean": -3.8453830930921766
}