{
    "best_epoch": 24,
    "best_val_performance": 0.1463917891184492,
    "val_performance_metric": "diff",
    "train_loss": 2.2866721153259277,
    "initial_do_mean": -7.688710022111271,
    "final_do_mean": -5.797391559495482,
    "best_do_mean": -5.241020849970884,
    "initial_pp_mean": -7.175839170287637,
    "final_pp_mean": -4.696958935260772,
    "best_pp_mean": -4.228068359809764
}