{
    "best_epoch": 39,
    "best_val_performance": 0.01127649307251044,
    "val_performance_metric": "diff",
    "train_loss": 2.6856210231781006,
    "initial_do_mean": -7.6006511255752205,
    "final_do_mean": -5.985379260293273,
    "best_do_mean": -5.991434604622597,
    "initial_pp_mean": -7.155380789672627,
    "final_pp_mean": -5.370545384112527,
    "best_pp_mean": -5.452640202115564
}