{
    "best_epoch": 57,
    "best_val_performance": -0.08516941547393841,
    "val_performance_metric": "diff",
    "train_loss": 4.334122657775879,
    "initial_do_mean": -6.666708022897894,
    "final_do_mean": -5.215883639364532,
    "best_do_mean": -5.320533963405725,
    "initial_pp_mean": -5.82043703397115,
    "final_pp_mean": -4.398760551876492,
    "best_pp_mean": -4.530331002341376
}