{
    "best_epoch": 29,
    "best_val_performance": 2.0649739185969036,
    "val_performance_metric": "diff",
    "train_loss": 2.756183624267578,
    "initial_do_mean": -6.671206173752293,
    "final_do_mean": -7.950245592810891,
    "best_do_mean": -6.517301053711862,
    "initial_pp_mean": -5.82254683441586,
    "final_pp_mean": -7.0829488065507675,
    "best_pp_mean": -6.107726528909471
}