{
    "best_epoch": 32,
    "best_val_performance": 0.17017321109771721,
    "val_performance_metric": "diff",
    "train_loss": 4.962407112121582,
    "initial_dative_mean": -7.260719395520394,
    "final_dative_mean": -5.649579947803453,
    "best_dative_mean": -6.273347909513273
}