{
    "best_epoch": 70,
    "best_val_performance": -0.5640945450464887,
    "val_performance_metric": "diff",
    "train_loss": 7.366783142089844,
    "initial_pref_do": 0.09714285714285714,
    "final_pref_do": 0.11857142857142858,
    "best_pref_do": 0.11857142857142858
}