{
    "best_epoch": 47,
    "best_val_performance": 2.209879225095113,
    "val_performance_metric": "diff",
    "train_loss": 1.9114110469818115,
    "initial_pref_do": 0.14857142857142858,
    "final_pref_do": 0.055714285714285716,
    "best_pref_do": 0.06714285714285714
}