{
    "best_epoch": 52,
    "best_val_performance": 0.3991011190414433,
    "val_performance_metric": "diff",
    "train_loss": 1.843220829963684,
    "initial_do_mean": -7.6907953668472375,
    "final_do_mean": -5.172169075802315,
    "best_do_mean": -5.129448113399882,
    "initial_pp_mean": -7.254803332861732,
    "final_pp_mean": -4.388571505511508,
    "best_pp_mean": -4.345174187772415
}