{
    "best_epoch": 26,
    "best_val_performance": -0.1318498595555626,
    "val_performance_metric": "diff",
    "train_loss": 2.5936827659606934,
    "initial_dative_mean": -7.610160394370207,
    "final_dative_mean": -5.89907579603251,
    "best_dative_mean": -5.700281740454902
}