{
    "best_epoch": 68,
    "best_val_performance": 0.9550435161590585,
    "val_performance_metric": "diff",
    "train_loss": 1.8468537330627441,
    "initial_do_mean": -6.667717107137045,
    "final_do_mean": -5.9607173240546025,
    "best_do_mean": -5.938490658095389,
    "initial_pp_mean": -5.822794985771179,
    "final_pp_mean": -5.452866405910916,
    "best_pp_mean": -5.421821000840929
}