{
    "best_epoch": 16,
    "best_val_performance": -0.15215336640675847,
    "val_performance_metric": "diff",
    "train_loss": 2.7689499855041504,
    "initial_dative_mean": -7.607703676349239,
    "final_dative_mean": -5.482544448989176,
    "best_dative_mean": -5.386554390192032
}