{
    "best_epoch": 70,
    "best_val_performance": -0.12725166320800785,
    "val_performance_metric": "diff",
    "train_loss": 4.033609867095947,
    "initial_pref_do": 0.17714285714285713,
    "final_pref_do": 0.31285714285714283,
    "best_pref_do": 0.31285714285714283
}