{
    "best_epoch": 70,
    "best_val_performance": 0.4993886836369832,
    "val_performance_metric": "diff",
    "train_loss": 2.016570806503296,
    "initial_do_mean": -7.595986086268757,
    "final_do_mean": -5.680513651218525,
    "best_do_mean": -5.680513651218525,
    "initial_pp_mean": -7.1511326916077556,
    "final_pp_mean": -4.998993481607998,
    "best_pp_mean": -4.998993481607998
}