{
    "best_epoch": 70,
    "best_val_performance": -0.2635117991765341,
    "val_performance_metric": "diff",
    "train_loss": 3.654041290283203,
    "initial_do_mean": -7.690725754166758,
    "final_do_mean": -6.690293814553771,
    "best_do_mean": -6.690293814553771,
    "initial_pp_mean": -7.292701079564936,
    "final_pp_mean": -6.286918980935041,
    "best_pp_mean": -6.286918980935041
}