{
    "best_epoch": 64,
    "best_val_performance": -0.23320306936899815,
    "val_performance_metric": "diff",
    "train_loss": 4.249703407287598,
    "initial_do_mean": -6.556911480065548,
    "final_do_mean": -5.020512907432788,
    "best_do_mean": -5.051325471473462,
    "initial_pp_mean": -5.762901171048482,
    "final_pp_mean": -4.325066561169095,
    "best_pp_mean": -4.3694673008388945
}