{
    "best_epoch": 42,
    "best_val_performance": 2.9344164117177325,
    "val_performance_metric": "diff",
    "train_loss": 1.7892804145812988,
    "initial_pref_do": 0.09857142857142857,
    "final_pref_do": 0.08285714285714285,
    "best_pref_do": 0.09571428571428571
}