{
    "best_epoch": 70,
    "best_val_performance": -0.17770987033844055,
    "val_performance_metric": "diff",
    "train_loss": 3.5753724575042725,
    "initial_do_mean": -7.838217534298121,
    "final_do_mean": -6.3630840043688925,
    "best_do_mean": -6.3630840043688925,
    "initial_pp_mean": -7.373769168994006,
    "final_pp_mean": -5.434047818183899,
    "best_pp_mean": -5.434047818183899
}