{
    "best_epoch": 70,
    "best_val_performance": -0.32188443660736077,
    "val_performance_metric": "diff",
    "train_loss": 2.6771697998046875,
    "initial_pref_do": 0.1357142857142857,
    "final_pref_do": 0.054285714285714284,
    "best_pref_do": 0.054285714285714284
}