{
    "best_epoch": 70,
    "best_val_performance": -0.1261654106775918,
    "val_performance_metric": "diff",
    "train_loss": 3.4044415950775146,
    "initial_pref_do": 0.07714285714285714,
    "final_pref_do": 0.09571428571428571,
    "best_pref_do": 0.09571428571428571
}