{
    "best_epoch": 61,
    "best_val_performance": 0.5706097348531083,
    "val_performance_metric": "diff",
    "train_loss": 1.6765332221984863,
    "initial_pref_do": 0.18,
    "final_pref_do": 0.3157142857142857,
    "best_pref_do": 0.3028571428571429
}