{
    "best_epoch": 49,
    "best_val_performance": 1.735356513659159,
    "val_performance_metric": "diff",
    "train_loss": 2.068232536315918,
    "initial_do_mean": -7.597704862439355,
    "final_do_mean": -7.223449911142504,
    "best_do_mean": -6.595164875651514,
    "initial_pp_mean": -7.152688314634211,
    "final_pp_mean": -6.32273328760091,
    "best_pp_mean": -5.563103050694746
}