{
    "best_epoch": 69,
    "best_val_performance": -0.1253126064936314,
    "val_performance_metric": "diff",
    "train_loss": 2.736588954925537,
    "initial_do_mean": -7.633493407521137,
    "final_do_mean": -5.692764578517093,
    "best_do_mean": -5.70790763545868,
    "initial_pp_mean": -6.990684193022111,
    "final_pp_mean": -5.1000064853359675,
    "best_pp_mean": -5.115295818623374
}