{
    "best_epoch": 22,
    "best_val_performance": 1.122470504442851,
    "val_performance_metric": "diff",
    "train_loss": 1.9357266426086426,
    "initial_do_mean": -7.842103046733279,
    "final_do_mean": -7.314463938044947,
    "best_do_mean": -6.245054077270419,
    "initial_pp_mean": -7.3761216423090765,
    "final_pp_mean": -6.535377925283768,
    "best_pp_mean": -5.4572308631504285
}