{
    "best_epoch": 19,
    "best_val_performance": 1.2270431454976398,
    "val_performance_metric": "diff",
    "train_loss": 2.533308267593384,
    "initial_do_mean": -6.549352226835309,
    "final_do_mean": -5.560070864359537,
    "best_do_mean": -4.279506940552682,
    "initial_pp_mean": -5.90614455540975,
    "final_pp_mean": -4.837234677208794,
    "best_pp_mean": -3.560190824667613
}