{
    "best_epoch": 70,
    "best_val_performance": 0.4398993285497026,
    "val_performance_metric": "diff",
    "train_loss": 1.647963047027588,
    "initial_do_mean": -7.959997635941173,
    "final_do_mean": -5.893799546499585,
    "best_do_mean": -5.893799546499585,
    "initial_pp_mean": -7.57483803805183,
    "final_pp_mean": -4.733850605698192,
    "best_pp_mean": -4.733850605698192
}