{
    "best_epoch": 39,
    "best_val_performance": 1.5546664190292354,
    "val_performance_metric": "diff",
    "train_loss": 2.1322922706604004,
    "initial_do_mean": -6.41464308536414,
    "final_do_mean": -6.753906070824826,
    "best_do_mean": -7.0219636136835275,
    "initial_pp_mean": -5.738931512832641,
    "final_pp_mean": -5.749325095282661,
    "best_pp_mean": -5.582161725891961
}