{
    "best_epoch": 21,
    "best_val_performance": 1.5955508629481,
    "val_performance_metric": "diff",
    "train_loss": 2.640244483947754,
    "initial_do_mean": -7.6906678122143415,
    "final_do_mean": -10.115163939636806,
    "best_do_mean": -6.54471162827902,
    "initial_pp_mean": -7.254373391936807,
    "final_pp_mean": -7.514473289952559,
    "best_pp_mean": -5.133173765505061
}