{
    "best_epoch": 48,
    "best_val_performance": -0.0798612165451047,
    "val_performance_metric": "diff",
    "train_loss": 2.0065102577209473,
    "initial_do_mean": -6.557579995646622,
    "final_do_mean": -4.828309495521315,
    "best_do_mean": -4.8735518657799926,
    "initial_pp_mean": -5.7632591962814335,
    "final_pp_mean": -4.09707846376631,
    "best_pp_mean": -4.140770641962687
}