{
    "best_epoch": 22,
    "best_val_performance": 0.0884983189900721,
    "val_performance_metric": "diff",
    "train_loss": 3.1383321285247803,
    "initial_pref_do": 0.17714285714285713,
    "final_pref_do": 0.12142857142857143,
    "best_pref_do": 0.10714285714285714
}