{
    "best_epoch": 70,
    "best_val_performance": 1.0723445844650268,
    "val_performance_metric": "diff",
    "train_loss": 1.7088556289672852,
    "initial_dative_mean": -7.197253965494926,
    "final_dative_mean": -6.071647125203707,
    "best_dative_mean": -6.071647125203707
}