{
    "best_epoch": 70,
    "best_val_performance": -0.3868737983703614,
    "val_performance_metric": "diff",
    "train_loss": 3.689629077911377,
    "initial_dative_mean": -7.260964594389263,
    "final_dative_mean": -5.87223845912002,
    "best_dative_mean": -5.87223845912002
}