{
    "best_epoch": 29,
    "best_val_performance": 1.907018076578777,
    "val_performance_metric": "diff",
    "train_loss": 2.32845401763916,
    "initial_do_mean": -6.5063573403791946,
    "final_do_mean": -7.584246609427712,
    "best_do_mean": -5.161062935626868,
    "initial_pp_mean": -5.873999802271525,
    "final_pp_mean": -5.780192897054884,
    "best_pp_mean": -4.639383612738715
}