{
    "best_epoch": 70,
    "best_val_performance": -0.6553161478042595,
    "val_performance_metric": "diff",
    "train_loss": 5.2943644523620605,
    "initial_pref_do": 0.07714285714285714,
    "final_pref_do": 0.08428571428571428,
    "best_pref_do": 0.08428571428571428
}