{
    "best_epoch": 70,
    "best_val_performance": -0.10038421471913672,
    "val_performance_metric": "diff",
    "train_loss": 2.6827762126922607,
    "initial_pref_do": 0.17714285714285713,
    "final_pref_do": 0.28714285714285714,
    "best_pref_do": 0.28714285714285714
}