{
    "best_epoch": 29,
    "best_val_performance": 1.9950344165166225,
    "val_performance_metric": "diff",
    "train_loss": 1.9495782852172852,
    "initial_pref_do": 0.08285714285714285,
    "final_pref_do": 0.09,
    "best_pref_do": 0.08428571428571428
}