{
    "best_epoch": 70,
    "best_val_performance": -0.28241971969604407,
    "val_performance_metric": "diff",
    "train_loss": 3.13106632232666,
    "initial_do_mean": -6.634346589175138,
    "final_do_mean": -5.524300540577282,
    "best_do_mean": -5.524300540577282,
    "initial_pp_mean": -5.782080192036099,
    "final_pp_mean": -4.572098061773512,
    "best_pp_mean": -4.572098061773512
}