{
    "best_epoch": 70,
    "best_val_performance": 0.03895554542541646,
    "val_performance_metric": "diff",
    "train_loss": 1.7366554737091064,
    "initial_dative_mean": -7.318415073623434,
    "final_dative_mean": -7.990235002243031,
    "best_dative_mean": -7.990235002243031
}