{
    "best_epoch": 37,
    "best_val_performance": 0.18563340028126962,
    "val_performance_metric": "diff",
    "train_loss": 2.207319498062134,
    "initial_pref_do": 0.17714285714285713,
    "final_pref_do": 0.05,
    "best_pref_do": 0.06571428571428571
}