{
    "best_epoch": 48,
    "best_val_performance": -0.12905057271321585,
    "val_performance_metric": "diff",
    "train_loss": 2.521968364715576,
    "initial_do_mean": -6.503527050307302,
    "final_do_mean": -4.677987912206939,
    "best_do_mean": -4.617899550813617,
    "initial_pp_mean": -5.8719936185412935,
    "final_pp_mean": -4.042066937022739,
    "best_pp_mean": -4.026518268055386
}