{
    "best_epoch": 4,
    "best_val_performance": -0.268243791262309,
    "val_performance_metric": "diff",
    "train_loss": 3.429638624191284,
    "initial_pref_do": 0.15714285714285714,
    "final_pref_do": 0.13285714285714287,
    "best_pref_do": 0.10285714285714286
}