{
    "best_epoch": 27,
    "best_val_performance": 0.2467464145024616,
    "val_performance_metric": "diff",
    "train_loss": 3.7559292316436768,
    "initial_do_mean": -6.769432090990471,
    "final_do_mean": -4.833477015928788,
    "best_do_mean": -4.106071385470304,
    "initial_pp_mean": -6.1021985186470875,
    "final_pp_mean": -4.162308843930562,
    "best_pp_mean": -3.7691091855367023
}