{
    "best_epoch": 60,
    "best_val_performance": -0.057146601676940634,
    "val_performance_metric": "diff",
    "train_loss": 1.8670933246612549,
    "initial_do_mean": -6.504396143826571,
    "final_do_mean": -4.977612027254971,
    "best_do_mean": -4.99229102712689,
    "initial_pp_mean": -5.873401408725314,
    "final_pp_mean": -4.141606381204393,
    "best_pp_mean": -4.1313406414455836
}