{
    "best_epoch": 42,
    "best_val_performance": 0.8820276260375968,
    "val_performance_metric": "diff",
    "train_loss": 2.3253095149993896,
    "initial_do_mean": -7.958648642135221,
    "final_do_mean": -6.417654410697693,
    "best_do_mean": -6.607284739960072,
    "initial_pp_mean": -7.5728166643311,
    "final_pp_mean": -5.535790791932274,
    "best_pp_mean": -5.778385575028027
}