{
    "best_epoch": 37,
    "best_val_performance": -0.04473487218221006,
    "val_performance_metric": "diff",
    "train_loss": 3.9257233142852783,
    "initial_do_mean": -7.673260359570038,
    "final_do_mean": -6.454610774336859,
    "best_do_mean": -6.83421482457671,
    "initial_pp_mean": -7.073884893164915,
    "final_pp_mean": -5.587413542410907,
    "best_pp_mean": -5.9648230720968805
}