{
    "best_epoch": 10,
    "best_val_performance": 0.15573451995849652,
    "val_performance_metric": "diff",
    "train_loss": 3.1786487102508545,
    "initial_pref_do": 0.15857142857142856,
    "final_pref_do": 0.03857142857142857,
    "best_pref_do": 0.025714285714285714
}