{
    "best_epoch": 70,
    "best_val_performance": 0.3805806700388592,
    "val_performance_metric": "diff",
    "train_loss": 1.7605030536651611,
    "initial_do_mean": -7.635906180670095,
    "final_do_mean": -5.7418379298476285,
    "best_do_mean": -5.7418379298476285,
    "initial_pp_mean": -6.9938427812912884,
    "final_pp_mean": -4.743173635707182,
    "best_pp_mean": -4.743173635707182
}