{
    "best_epoch": 45,
    "best_val_performance": 1.563635425567627,
    "val_performance_metric": "diff",
    "train_loss": 2.1313164234161377,
    "initial_do_mean": -7.673405458067739,
    "final_do_mean": -8.692464683638063,
    "best_do_mean": -8.38799702462762,
    "initial_pp_mean": -7.07298206020804,
    "final_pp_mean": -7.784770051872029,
    "best_pp_mean": -7.630486421024098
}