{
    "best_epoch": 42,
    "best_val_performance": 0.3233526659011847,
    "val_performance_metric": "diff",
    "train_loss": 2.415320873260498,
    "initial_do_mean": -7.694428219351658,
    "final_do_mean": -5.555044974352038,
    "best_do_mean": -5.515244473551595,
    "initial_pp_mean": -7.2580744904630325,
    "final_pp_mean": -4.5980076204327975,
    "best_pp_mean": -4.543589470666998
}