{
    "best_epoch": 37,
    "best_val_performance": 2.158224902153016,
    "val_performance_metric": "diff",
    "train_loss": 2.1240477561950684,
    "initial_pref_do": 0.15714285714285714,
    "final_pref_do": 0.28,
    "best_pref_do": 0.21
}