{
    "best_epoch": 70,
    "best_val_performance": -0.0992739693323772,
    "val_performance_metric": "diff",
    "train_loss": 3.022249937057495,
    "initial_pref_do": 0.08285714285714285,
    "final_pref_do": 0.16857142857142857,
    "best_pref_do": 0.16857142857142857
}