{
    "best_epoch": 70,
    "best_val_performance": -0.27543802738189704,
    "val_performance_metric": "diff",
    "train_loss": 3.0543465614318848,
    "initial_pref_do": 0.1357142857142857,
    "final_pref_do": 0.19142857142857142,
    "best_pref_do": 0.19142857142857142
}