{
    "best_epoch": 21,
    "best_val_performance": -0.05217375119527201,
    "val_performance_metric": "diff",
    "train_loss": 2.5649771690368652,
    "initial_pref_do": 0.15571428571428572,
    "final_pref_do": 0.19,
    "best_pref_do": 0.15428571428571428
}