{
    "best_epoch": 70,
    "best_val_performance": -0.5151701307296754,
    "val_performance_metric": "diff",
    "train_loss": 6.1981730461120605,
    "initial_dative_mean": -7.192360144958162,
    "final_dative_mean": -6.748208496654243,
    "best_dative_mean": -6.748208496654243
}