{
    "best_epoch": 34,
    "best_val_performance": 0.2605882024765016,
    "val_performance_metric": "diff",
    "train_loss": 1.960283637046814,
    "initial_pref_do": 0.15714285714285714,
    "final_pref_do": 0.032857142857142856,
    "best_pref_do": 0.06714285714285714
}