{
    "best_epoch": 36,
    "best_val_performance": 0.07005122502644934,
    "val_performance_metric": "diff",
    "train_loss": 2.466949224472046,
    "initial_dative_mean": -7.191600948049311,
    "final_dative_mean": -5.002270279223459,
    "best_dative_mean": -4.930317770319375
}