{
    "best_epoch": 43,
    "best_val_performance": 2.9586863501866656,
    "val_performance_metric": "diff",
    "train_loss": 1.5213855504989624,
    "initial_pref_do": 0.09714285714285714,
    "final_pref_do": 0.1,
    "best_pref_do": 0.11
}