{
    "best_epoch": 70,
    "best_val_performance": -0.1047294616699217,
    "val_performance_metric": "diff",
    "train_loss": 3.4597463607788086,
    "initial_do_mean": -7.956094181814859,
    "final_do_mean": -5.828713107940763,
    "best_do_mean": -5.828713107940763,
    "initial_pp_mean": -7.531501615047455,
    "final_pp_mean": -5.201797137891545,
    "best_pp_mean": -5.201797137891545
}