{
    "best_epoch": 70,
    "best_val_performance": -0.45535566647847503,
    "val_performance_metric": "diff",
    "train_loss": 5.907598972320557,
    "initial_dative_mean": -7.466966363421657,
    "final_dative_mean": -7.013303744165521,
    "best_dative_mean": -7.013303744165521
}