{
    "best_epoch": 70,
    "best_val_performance": -0.5821129210790001,
    "val_performance_metric": "diff",
    "train_loss": 6.192140102386475,
    "initial_pref_do": 0.17714285714285713,
    "final_pref_do": 0.19285714285714287,
    "best_pref_do": 0.19285714285714287
}