{
    "best_epoch": 20,
    "best_val_performance": -0.25670844872792475,
    "val_performance_metric": "diff",
    "train_loss": 2.6203677654266357,
    "initial_do_mean": -7.69089302975078,
    "final_do_mean": -5.7696480317864305,
    "best_do_mean": -5.549517298160597,
    "initial_pp_mean": -7.255774696434245,
    "final_pp_mean": -4.936184252360288,
    "best_pp_mean": -4.825670319094377
}