{
    "best_epoch": 19,
    "best_val_performance": 0.28059584617614775,
    "val_performance_metric": "diff",
    "train_loss": 2.9641268253326416,
    "initial_do_mean": -7.9569808445697605,
    "final_do_mean": -5.532723707168601,
    "best_do_mean": -4.878820974466413,
    "initial_pp_mean": -7.52983212260639,
    "final_pp_mean": -5.041738951556823,
    "best_pp_mean": -4.499030084469739
}