{
    "best_epoch": 70,
    "best_val_performance": -0.39378498713175425,
    "val_performance_metric": "diff",
    "train_loss": 5.279447555541992,
    "initial_pref_do": 0.14714285714285713,
    "final_pref_do": 0.20285714285714285,
    "best_pref_do": 0.20285714285714285
}