{
    "best_epoch": 60,
    "best_val_performance": 6.417769886652628,
    "val_performance_metric": "diff",
    "train_loss": 2.465883255004883,
    "initial_do_mean": -7.694181753452434,
    "final_do_mean": -6.1765972864489225,
    "best_do_mean": -6.014135258488877,
    "initial_pp_mean": -7.29648462043089,
    "final_pp_mean": -5.610265424496987,
    "best_pp_mean": -5.424080633766511
}