{
    "best_epoch": 33,
    "best_val_performance": 1.1517750469843557,
    "val_performance_metric": "diff",
    "train_loss": 2.357856273651123,
    "initial_pref_do": 0.1,
    "final_pref_do": 0.19714285714285715,
    "best_pref_do": 0.1442857142857143
}