{
    "best_epoch": 23,
    "best_val_performance": 1.2894585450490315,
    "val_performance_metric": "diff",
    "train_loss": 2.9375932216644287,
    "initial_do_mean": -6.748376128167817,
    "final_do_mean": -7.374438337846236,
    "best_do_mean": -5.374246123342803,
    "initial_pp_mean": -6.1295451084772745,
    "final_pp_mean": -6.620891896883647,
    "best_pp_mean": -4.91175328095754
}