{
    "best_epoch": 70,
    "best_val_performance": 0.38544440587361706,
    "val_performance_metric": "diff",
    "train_loss": 2.3566055297851562,
    "initial_do_mean": -7.701745539903641,
    "final_do_mean": -5.369876954444619,
    "best_do_mean": -5.369876954444619,
    "initial_pp_mean": -7.169406439276303,
    "final_pp_mean": -4.454088054685032,
    "best_pp_mean": -4.454088054685032
}