{
    "best_epoch": 19,
    "best_val_performance": 2.4029029671351116,
    "val_performance_metric": "diff",
    "train_loss": 3.27217435836792,
    "initial_pref_do": 0.1357142857142857,
    "final_pref_do": 0.18,
    "best_pref_do": 0.10285714285714286
}