{
    "best_epoch": 35,
    "best_val_performance": 1.091931746800741,
    "val_performance_metric": "diff",
    "train_loss": 1.593703269958496,
    "initial_pref_do": 0.17714285714285713,
    "final_pref_do": 0.09142857142857143,
    "best_pref_do": 0.08285714285714285
}