{
    "best_epoch": 70,
    "best_val_performance": 1.3033281707763669,
    "val_performance_metric": "diff",
    "train_loss": 1.754137396812439,
    "initial_pref_do": 0.12714285714285714,
    "final_pref_do": 0.13857142857142857,
    "best_pref_do": 0.13857142857142857
}