{
    "best_epoch": 21,
    "best_val_performance": 0.08169899463653518,
    "val_performance_metric": "diff",
    "train_loss": 3.7209267616271973,
    "initial_dative_mean": -7.342490016716963,
    "final_dative_mean": -5.084841182705952,
    "best_dative_mean": -5.0229997884111794
}