{
    "best_epoch": 70,
    "best_val_performance": -0.17197428703308137,
    "val_performance_metric": "diff",
    "train_loss": 3.73762845993042,
    "initial_do_mean": -7.598260376342507,
    "final_do_mean": -6.101338732727738,
    "best_do_mean": -6.101338732727738,
    "initial_pp_mean": -7.153778511636397,
    "final_pp_mean": -5.439617455706877,
    "best_pp_mean": -5.439617455706877
}