{
    "best_epoch": 29,
    "best_val_performance": 0.22559798717498758,
    "val_performance_metric": "diff",
    "train_loss": 1.5992897748947144,
    "initial_do_mean": -7.69128554782202,
    "final_do_mean": -6.397417496456656,
    "best_do_mean": -5.799871657476869,
    "initial_pp_mean": -7.256053661598878,
    "final_pp_mean": -5.16925526471699,
    "best_pp_mean": -4.721427480613484
}