{
    "best_epoch": 33,
    "best_val_performance": 0.3646057939529417,
    "val_performance_metric": "diff",
    "train_loss": 1.9238923788070679,
    "initial_pref_do": 0.15571428571428572,
    "final_pref_do": 0.024285714285714285,
    "best_pref_do": 0.01
}