{
    "best_epoch": 70,
    "best_val_performance": 0.3225718530019126,
    "val_performance_metric": "diff",
    "train_loss": 1.696075439453125,
    "initial_do_mean": -7.687704188879146,
    "final_do_mean": -5.715796525048655,
    "best_do_mean": -5.715796525048655,
    "initial_pp_mean": -7.173935809556176,
    "final_pp_mean": -4.9464379040633935,
    "best_pp_mean": -4.9464379040633935
}