{
    "best_epoch": 70,
    "best_val_performance": -0.4712311951319377,
    "val_performance_metric": "diff",
    "train_loss": 4.978122711181641,
    "initial_pref_do": 0.09857142857142857,
    "final_pref_do": 0.12,
    "best_pref_do": 0.12
}