{
    "best_epoch": 70,
    "best_val_performance": 0.13946565310160342,
    "val_performance_metric": "diff",
    "train_loss": 1.7016335725784302,
    "initial_pref_do": 0.15714285714285714,
    "final_pref_do": 0.018571428571428572,
    "best_pref_do": 0.018571428571428572
}