{
    "best_epoch": 70,
    "best_val_performance": -0.019219088554383035,
    "val_performance_metric": "diff",
    "train_loss": 1.7353367805480957,
    "initial_do_mean": -6.638782229568019,
    "final_do_mean": -4.66189386916883,
    "best_do_mean": -4.66189386916883,
    "initial_pp_mean": -5.788694230715434,
    "final_pp_mean": -4.045261849297417,
    "best_pp_mean": -4.045261849297417
}