{
    "best_epoch": 25,
    "best_val_performance": -0.045108982721964175,
    "val_performance_metric": "diff",
    "train_loss": 2.880296230316162,
    "initial_do_mean": -6.639435850490223,
    "final_do_mean": -5.13080339865251,
    "best_do_mean": -4.632372194347959,
    "initial_pp_mean": -5.790440066655477,
    "final_pp_mean": -4.406660551495023,
    "best_pp_mean": -3.957621359825134
}