{
    "best_epoch": 55,
    "best_val_performance": -0.030202956199645747,
    "val_performance_metric": "diff",
    "train_loss": 4.890856742858887,
    "initial_do_mean": -7.675604604704436,
    "final_do_mean": -5.964390871136687,
    "best_do_mean": -6.172230493190677,
    "initial_pp_mean": -7.076110395263223,
    "final_pp_mean": -5.5582832382005805,
    "best_pp_mean": -5.73655192711774
}