{
    "best_epoch": 23,
    "best_val_performance": 2.2325818411509193,
    "val_performance_metric": "diff",
    "train_loss": 2.4372317790985107,
    "initial_do_mean": -6.5072125362627435,
    "final_do_mean": -10.030086528893673,
    "best_do_mean": -8.095473409421515,
    "initial_pp_mean": -5.874352147844102,
    "final_pp_mean": -8.90920507642958,
    "best_pp_mean": -6.935245633125305
}