{
    "best_epoch": 70,
    "best_val_performance": -0.20487242062886502,
    "val_performance_metric": "diff",
    "train_loss": 4.065255165100098,
    "initial_do_mean": -7.595532381257345,
    "final_do_mean": -6.150779250749322,
    "best_do_mean": -6.150779250749322,
    "initial_pp_mean": -7.1494762785294474,
    "final_pp_mean": -5.700862755494959,
    "best_pp_mean": -5.700862755494959
}