{
    "best_epoch": 70,
    "best_val_performance": -0.07492365678151458,
    "val_performance_metric": "diff",
    "train_loss": 2.6511523723602295,
    "initial_pref_do": 0.14857142857142858,
    "final_pref_do": 0.2357142857142857,
    "best_pref_do": 0.2357142857142857
}