{
    "best_epoch": 70,
    "best_val_performance": -0.539810870488485,
    "val_performance_metric": "diff",
    "train_loss": 7.109892845153809,
    "initial_dative_mean": -7.583965569211726,
    "final_dative_mean": -7.185134777200152,
    "best_dative_mean": -7.185134777200152
}