{
    "best_epoch": 18,
    "best_val_performance": 0.796455477078756,
    "val_performance_metric": "diff",
    "train_loss": 1.8329994678497314,
    "initial_do_mean": -6.41353361678846,
    "final_do_mean": -5.007916048801307,
    "best_do_mean": -4.656747515996297,
    "initial_pp_mean": -5.7385821951760185,
    "final_pp_mean": -4.457001582781474,
    "best_pp_mean": -4.002603872617086
}