{
    "best_epoch": 70,
    "best_val_performance": -0.4055382045110072,
    "val_performance_metric": "diff",
    "train_loss": 3.299332618713379,
    "initial_dative_mean": -7.607670373038242,
    "final_dative_mean": -6.211569038050913,
    "best_dative_mean": -6.211569038050913
}