{
    "best_epoch": 70,
    "best_val_performance": -0.030147035916646914,
    "val_performance_metric": "diff",
    "train_loss": 3.5528182983398438,
    "initial_do_mean": -6.660982542326956,
    "final_do_mean": -4.819493010549834,
    "best_do_mean": -4.819493010549834,
    "initial_pp_mean": -5.9202558676401775,
    "final_pp_mean": -4.242391845915052,
    "best_pp_mean": -4.242391845915052
}