{
    "best_epoch": 40,
    "best_val_performance": 1.4296383968989046,
    "val_performance_metric": "diff",
    "train_loss": 2.21724271774292,
    "initial_pref_do": 0.08285714285714285,
    "final_pref_do": 0.1,
    "best_pref_do": 0.09714285714285714
}