{
    "best_epoch": 70,
    "best_val_performance": -0.492674395243327,
    "val_performance_metric": "diff",
    "train_loss": 5.790913105010986,
    "initial_dative_mean": -7.260574565993415,
    "final_dative_mean": -7.006772061537581,
    "best_dative_mean": -7.006772061537581
}