{
    "best_epoch": 70,
    "best_val_performance": -0.5268802928924554,
    "val_performance_metric": "diff",
    "train_loss": 5.472039699554443,
    "initial_pref_do": 0.08285714285714285,
    "final_pref_do": 0.08142857142857143,
    "best_pref_do": 0.08142857142857143
}