{
    "best_epoch": 70,
    "best_val_performance": 2.0302246999740605,
    "val_performance_metric": "diff",
    "train_loss": 0.9126789569854736,
    "initial_do_mean": -7.670678930920224,
    "final_do_mean": -5.648411842279656,
    "best_do_mean": -5.648411842279656,
    "initial_pp_mean": -7.071292423500735,
    "final_pp_mean": -4.7814317997764135,
    "best_pp_mean": -4.7814317997764135
}