{
    "best_epoch": 25,
    "best_val_performance": 1.4494007778167717,
    "val_performance_metric": "diff",
    "train_loss": 2.1832845211029053,
    "initial_pref_do": 0.09714285714285714,
    "final_pref_do": 0.18571428571428572,
    "best_pref_do": 0.29428571428571426
}