{
    "best_epoch": 27,
    "best_val_performance": 0.3191119305292762,
    "val_performance_metric": "diff",
    "train_loss": 2.227424144744873,
    "initial_do_mean": -7.693969981614933,
    "final_do_mean": -5.989217260202696,
    "best_do_mean": -5.691299027828283,
    "initial_pp_mean": -7.29573339995216,
    "final_pp_mean": -5.554925211036907,
    "best_pp_mean": -5.321928592639811
}