{
    "best_epoch": 68,
    "best_val_performance": 3.320170955657959,
    "val_performance_metric": "diff",
    "train_loss": 1.9151148796081543,
    "initial_do_mean": -7.69134365888529,
    "final_do_mean": -6.724490621755289,
    "best_do_mean": -6.776825617565665,
    "initial_pp_mean": -7.293047002483816,
    "final_pp_mean": -5.833801150672576,
    "best_pp_mean": -5.880777148288839
}