{
    "best_epoch": 20,
    "best_val_performance": 0.903077303568522,
    "val_performance_metric": "diff",
    "train_loss": 2.542632579803467,
    "initial_pref_do": 0.13428571428571429,
    "final_pref_do": 0.26285714285714284,
    "best_pref_do": 0.2642857142857143
}