{
    "best_epoch": 48,
    "best_val_performance": 2.155212799708049,
    "val_performance_metric": "diff",
    "train_loss": 1.3870450258255005,
    "initial_pref_do": 0.09714285714285714,
    "final_pref_do": 0.008571428571428572,
    "best_pref_do": 0.008571428571428572
}