{
    "best_epoch": 20,
    "best_val_performance": 0.13901799201965392,
    "val_performance_metric": "diff",
    "train_loss": 2.161306142807007,
    "initial_do_mean": -7.693002516447112,
    "final_do_mean": -5.781013617681903,
    "best_do_mean": -5.224173607867818,
    "initial_pp_mean": -7.2954529699157264,
    "final_pp_mean": -4.940968953511295,
    "best_pp_mean": -4.559469960016362
}