{
    "best_epoch": 49,
    "best_val_performance": 0.18960480213165276,
    "val_performance_metric": "diff",
    "train_loss": 1.7110427618026733,
    "initial_pref_do": 0.1457142857142857,
    "final_pref_do": 0.10285714285714286,
    "best_pref_do": 0.09
}