{
    "best_epoch": 70,
    "best_val_performance": -0.5871668386459348,
    "val_performance_metric": "diff",
    "train_loss": 6.417110919952393,
    "initial_dative_mean": -7.315624390429224,
    "final_dative_mean": -7.049763071955296,
    "best_dative_mean": -7.049763071955296
}