{
    "best_epoch": 68,
    "best_val_performance": 0.09021341959635443,
    "val_performance_metric": "diff",
    "train_loss": 2.815458297729492,
    "initial_pref_do": 0.14714285714285713,
    "final_pref_do": 0.014285714285714285,
    "best_pref_do": 0.014285714285714285
}