{
    "best_epoch": 70,
    "best_val_performance": -0.06964307467142739,
    "val_performance_metric": "diff",
    "train_loss": 2.7279388904571533,
    "initial_do_mean": -6.504941648425478,
    "final_do_mean": -5.227517508015488,
    "best_do_mean": -5.227517508015488,
    "initial_pp_mean": -5.872988933987088,
    "final_pp_mean": -4.438679043451945,
    "best_pp_mean": -4.438679043451945
}