{
    "best_epoch": 55,
    "best_val_performance": 1.6584159215291336,
    "val_performance_metric": "diff",
    "train_loss": 2.270010232925415,
    "initial_pref_do": 0.14714285714285713,
    "final_pref_do": 0.12714285714285714,
    "best_pref_do": 0.07
}