{
    "best_epoch": 36,
    "best_val_performance": 1.736017929712931,
    "val_performance_metric": "diff",
    "train_loss": 2.8702075481414795,
    "initial_do_mean": -6.544122765280983,
    "final_do_mean": -5.539666141163219,
    "best_do_mean": -5.044846277525931,
    "initial_pp_mean": -5.899670041932,
    "final_pp_mean": -5.0728326929940115,
    "best_pp_mean": -4.739023370212979
}