{
    "best_epoch": 12,
    "best_val_performance": 1.1027315139770506,
    "val_performance_metric": "diff",
    "train_loss": 2.5266857147216797,
    "initial_do_mean": -7.839727127274801,
    "final_do_mean": -5.792990082571673,
    "best_do_mean": -5.24996037157469,
    "initial_pp_mean": -7.375236150096445,
    "final_pp_mean": -4.711273284870035,
    "best_pp_mean": -4.197669854234246
}