{
    "best_epoch": 70,
    "best_val_performance": 0.4275377146402999,
    "val_performance_metric": "diff",
    "train_loss": 1.6980472803115845,
    "initial_pref_do": 0.1357142857142857,
    "final_pref_do": 0.09571428571428571,
    "best_pref_do": 0.09571428571428571
}