{
    "best_epoch": 16,
    "best_val_performance": -0.032194328308105646,
    "val_performance_metric": "diff",
    "train_loss": 3.5000953674316406,
    "initial_do_mean": -7.688692544781884,
    "final_do_mean": -6.138919378435889,
    "best_do_mean": -5.730965539466503,
    "initial_pp_mean": -7.253552532897276,
    "final_pp_mean": -4.969988487748539,
    "best_pp_mean": -5.125417572610519
}