{
    "best_epoch": 14,
    "best_val_performance": 1.2311826658248899,
    "val_performance_metric": "diff",
    "train_loss": 2.464837074279785,
    "initial_do_mean": -6.668661877603242,
    "final_do_mean": -6.033310121478457,
    "best_do_mean": -4.605332686684348,
    "initial_pp_mean": -5.821652274661594,
    "final_pp_mean": -5.027491246329413,
    "best_pp_mean": -3.893679772482978
}