{
    "best_epoch": 70,
    "best_val_performance": 1.4676906363169353,
    "val_performance_metric": "diff",
    "train_loss": 2.0066444873809814,
    "initial_do_mean": -7.686977992224139,
    "final_do_mean": -6.645758655875228,
    "best_do_mean": -6.645758655875228,
    "initial_pp_mean": -7.174430595425998,
    "final_pp_mean": -6.238229662881178,
    "best_pp_mean": -6.238229662881178
}