{
    "best_epoch": 11,
    "best_val_performance": 0.07449822584788013,
    "val_performance_metric": "diff",
    "train_loss": 3.030519723892212,
    "initial_do_mean": -6.7524471095114045,
    "final_do_mean": -5.435595802827315,
    "best_do_mean": -4.519365882873535,
    "initial_pp_mean": -6.132308228810628,
    "final_pp_mean": -4.629372093412611,
    "best_pp_mean": -3.937866841422187
}