{
    "best_epoch": 20,
    "best_val_performance": 1.8852658351262406,
    "val_performance_metric": "diff",
    "train_loss": 1.4920564889907837,
    "initial_do_mean": -7.700018602055173,
    "final_do_mean": -7.469020672662314,
    "best_do_mean": -6.94559076774952,
    "initial_pp_mean": -7.167637773121105,
    "final_pp_mean": -6.2666350936188415,
    "best_pp_mean": -5.710201546374489
}