{
    "best_epoch": 25,
    "best_val_performance": 0.17139993826548228,
    "val_performance_metric": "diff",
    "train_loss": 1.3307058811187744,
    "initial_do_mean": -7.598504194686579,
    "final_do_mean": -6.385010423008786,
    "best_do_mean": -5.6332792747159335,
    "initial_pp_mean": -7.153592682585996,
    "final_pp_mean": -5.3427361130714415,
    "best_pp_mean": -4.644636359986137
}