{
    "best_epoch": 28,
    "best_val_performance": 0.4693159914016727,
    "val_performance_metric": "diff",
    "train_loss": 2.0762228965759277,
    "initial_do_mean": -7.693761537934458,
    "final_do_mean": -5.724118614612624,
    "best_do_mean": -5.589015298458033,
    "initial_pp_mean": -7.295607023379382,
    "final_pp_mean": -5.209154373757979,
    "best_pp_mean": -4.955471291962792
}