{
    "best_epoch": 14,
    "best_val_performance": -0.06897278785705563,
    "val_performance_metric": "diff",
    "train_loss": 3.6461503505706787,
    "initial_do_mean": -7.602688976498538,
    "final_do_mean": -5.891593366861343,
    "best_do_mean": -5.7888000288675,
    "initial_pp_mean": -7.15686731338501,
    "final_pp_mean": -5.341217787125531,
    "best_pp_mean": -5.267383924652548
}