{
    "best_epoch": 11,
    "best_val_performance": 0.7051257864634195,
    "val_performance_metric": "diff",
    "train_loss": 2.7205021381378174,
    "initial_do_mean": -6.533910940632675,
    "final_do_mean": -6.015799981897527,
    "best_do_mean": -4.665314587679776,
    "initial_pp_mean": -5.900936961174011,
    "final_pp_mean": -5.560233150588141,
    "best_pp_mean": -3.9780627290407815
}