{
    "best_epoch": 47,
    "best_val_performance": 0.42136270999908376,
    "val_performance_metric": "diff",
    "train_loss": 1.0104198455810547,
    "initial_do_mean": -6.414822212855021,
    "final_do_mean": -4.194623103286281,
    "best_do_mean": -4.112133146054817,
    "initial_pp_mean": -5.73949228922526,
    "final_pp_mean": -3.836819843451182,
    "best_pp_mean": -3.7631694595019023
}