{
    "best_epoch": 25,
    "best_val_performance": -0.31229563713073727,
    "val_performance_metric": "diff",
    "train_loss": 3.050816297531128,
    "initial_pref_do": 0.17714285714285713,
    "final_pref_do": 0.2642857142857143,
    "best_pref_do": 0.1457142857142857
}