{
    "best_epoch": 70,
    "best_val_performance": 0.36131581783294653,
    "val_performance_metric": "diff",
    "train_loss": 2.7031543254852295,
    "initial_do_mean": -6.416139196627068,
    "final_do_mean": -5.194259464379513,
    "best_do_mean": -5.194259464379513,
    "initial_pp_mean": -5.742237422201368,
    "final_pp_mean": -4.851669096946717,
    "best_pp_mean": -4.851669096946717
}