{
    "best_epoch": 49,
    "best_val_performance": 2.1650484673182175,
    "val_performance_metric": "diff",
    "train_loss": 2.0409018993377686,
    "initial_pref_do": 0.08285714285714285,
    "final_pref_do": 0.18714285714285714,
    "best_pref_do": 0.20714285714285716
}