{
    "best_epoch": 30,
    "best_val_performance": -0.20436178525288895,
    "val_performance_metric": "diff",
    "train_loss": 2.3735318183898926,
    "initial_pref_do": 0.09857142857142857,
    "final_pref_do": 0.15571428571428572,
    "best_pref_do": 0.13285714285714287
}