{
    "best_epoch": 70,
    "best_val_performance": -0.3620450337727865,
    "val_performance_metric": "diff",
    "train_loss": 7.022759914398193,
    "initial_dative_mean": -7.468958281285581,
    "final_dative_mean": -6.892613990962157,
    "best_dative_mean": -6.892613990962157
}