{
    "best_epoch": 24,
    "best_val_performance": -0.01798003514607771,
    "val_performance_metric": "diff",
    "train_loss": 3.7584128379821777,
    "initial_do_mean": -7.598259288211201,
    "final_do_mean": -5.702680337567662,
    "best_do_mean": -5.607500344861386,
    "initial_pp_mean": -7.153253990762374,
    "final_pp_mean": -5.2448843738612005,
    "best_pp_mean": -5.349272423632005
}