{
    "best_epoch": 70,
    "best_val_performance": -0.4735605796178186,
    "val_performance_metric": "diff",
    "train_loss": 3.6257808208465576,
    "initial_pref_do": 0.12714285714285714,
    "final_pref_do": 0.2357142857142857,
    "best_pref_do": 0.2357142857142857
}