{
    "best_epoch": 70,
    "best_val_performance": -0.05814737796783387,
    "val_performance_metric": "diff",
    "train_loss": 2.819638729095459,
    "initial_dative_mean": -7.609964178668128,
    "final_dative_mean": -5.270918681956174,
    "best_dative_mean": -5.270918681956174
}