{
    "best_epoch": 35,
    "best_val_performance": 0.3930776755015053,
    "val_performance_metric": "diff",
    "train_loss": 2.796229839324951,
    "initial_do_mean": -7.674186443173608,
    "final_do_mean": -5.6276530200658845,
    "best_do_mean": -5.666369418072146,
    "initial_pp_mean": -7.073702347979826,
    "final_pp_mean": -5.317755023521536,
    "best_pp_mean": -5.266244324165232
}