{
    "best_epoch": 70,
    "best_val_performance": -0.5265381940205893,
    "val_performance_metric": "diff",
    "train_loss": 6.586014270782471,
    "initial_pref_do": 0.07714285714285714,
    "final_pref_do": 0.08285714285714285,
    "best_pref_do": 0.08285714285714285
}