{
    "best_epoch": 38,
    "best_val_performance": 0.4264555184046426,
    "val_performance_metric": "diff",
    "train_loss": 1.4517478942871094,
    "initial_do_mean": -7.962975032107774,
    "final_do_mean": -6.769962175294411,
    "best_do_mean": -6.049667439835016,
    "initial_pp_mean": -7.577243718680213,
    "final_pp_mean": -5.791027312769609,
    "best_pp_mean": -5.004813111354323
}