{
    "best_epoch": 31,
    "best_val_performance": 1.5754979165395104,
    "val_performance_metric": "diff",
    "train_loss": 2.5464117527008057,
    "initial_do_mean": -6.5306799773013955,
    "final_do_mean": -5.919464556376139,
    "best_do_mean": -5.955436112663962,
    "initial_pp_mean": -5.896250775125291,
    "final_pp_mean": -5.064110265837775,
    "best_pp_mean": -5.003186588817172
}