{
    "best_epoch": 51,
    "best_val_performance": 1.1451309251785275,
    "val_performance_metric": "diff",
    "train_loss": 1.6881284713745117,
    "initial_do_mean": -6.669926376053781,
    "final_do_mean": -5.734580048647794,
    "best_do_mean": -5.657498440597997,
    "initial_pp_mean": -5.824485034412808,
    "final_pp_mean": -4.622971953286065,
    "best_pp_mean": -4.507404935359955
}