{
    "best_epoch": 42,
    "best_val_performance": 0.150584715207418,
    "val_performance_metric": "diff",
    "train_loss": 1.8669301271438599,
    "initial_dative_mean": -7.25868102611854,
    "final_dative_mean": -5.510063497295157,
    "best_dative_mean": -5.263738778076674
}