{
    "best_epoch": 19,
    "best_val_performance": 0.2247276147206625,
    "val_performance_metric": "diff",
    "train_loss": 3.6247189044952393,
    "initial_do_mean": -7.67539638419484,
    "final_do_mean": -5.924216546638068,
    "best_do_mean": -5.615447719083276,
    "initial_pp_mean": -7.075579953894896,
    "final_pp_mean": -5.463893831477446,
    "best_pp_mean": -5.092320069845985
}