{
    "best_epoch": 46,
    "best_val_performance": 0.22419724146525066,
    "val_performance_metric": "diff",
    "train_loss": 2.0427792072296143,
    "initial_pref_do": 0.08285714285714285,
    "final_pref_do": 0.2571428571428571,
    "best_pref_do": 0.21285714285714286
}