{
    "best_epoch": 70,
    "best_val_performance": -0.1315726280212406,
    "val_performance_metric": "diff",
    "train_loss": 3.893008232116699,
    "initial_dative_mean": -7.6094958555628684,
    "final_dative_mean": -6.162316269519036,
    "best_dative_mean": -6.162316269519036
}