{
    "best_epoch": 70,
    "best_val_performance": 1.7216067759195957,
    "val_performance_metric": "diff",
    "train_loss": 1.982879638671875,
    "initial_do_mean": -7.68899661441182,
    "final_do_mean": -5.979293742845225,
    "best_do_mean": -5.979293742845225,
    "initial_pp_mean": -7.254894065856933,
    "final_pp_mean": -5.65640475714908,
    "best_pp_mean": -5.65640475714908
}