{
    "best_epoch": 27,
    "best_val_performance": 0.2381265115737916,
    "val_performance_metric": "diff",
    "train_loss": 2.6419565677642822,
    "initial_do_mean": -7.703788902177367,
    "final_do_mean": -5.642314996830253,
    "best_do_mean": -5.249319103221561,
    "initial_pp_mean": -7.170247815637028,
    "final_pp_mean": -4.761342710256576,
    "best_pp_mean": -4.338145895214642
}