{
    "best_epoch": 70,
    "best_val_performance": 0.27787255605061834,
    "val_performance_metric": "diff",
    "train_loss": 1.9331977367401123,
    "initial_pref_do": 0.14714285714285713,
    "final_pref_do": 0.041428571428571426,
    "best_pref_do": 0.041428571428571426
}