{
    "best_epoch": 27,
    "best_val_performance": 3.3676217142740885,
    "val_performance_metric": "diff",
    "train_loss": 2.285890817642212,
    "initial_do_mean": -7.951489594093589,
    "final_do_mean": -6.79312222849491,
    "best_do_mean": -7.131706772848617,
    "initial_pp_mean": -7.5258060392211465,
    "final_pp_mean": -5.431390216070063,
    "best_pp_mean": -5.742270129217821
}