{
    "best_epoch": 58,
    "best_val_performance": 0.39873158295949285,
    "val_performance_metric": "diff",
    "train_loss": 1.9178940057754517,
    "initial_pref_do": 0.09714285714285714,
    "final_pref_do": 0.2042857142857143,
    "best_pref_do": 0.22142857142857142
}