{
    "best_epoch": 29,
    "best_val_performance": 1.3248361968994145,
    "val_performance_metric": "diff",
    "train_loss": 2.1960127353668213,
    "initial_do_mean": -6.534202062722408,
    "final_do_mean": -6.2320544069463555,
    "best_do_mean": -5.833564790089925,
    "initial_pp_mean": -5.901809981134202,
    "final_pp_mean": -6.032228676478068,
    "best_pp_mean": -5.717578654819064
}