{
    "best_epoch": 29,
    "best_val_performance": -0.14908515930175792,
    "val_performance_metric": "diff",
    "train_loss": 3.33734130859375,
    "initial_do_mean": -7.6864826187144875,
    "final_do_mean": -5.694998261540435,
    "best_do_mean": -5.70677815689597,
    "initial_pp_mean": -7.173460175710566,
    "final_pp_mean": -5.023918854839661,
    "best_pp_mean": -5.0084627190056965
}