{
    "best_epoch": 23,
    "best_val_performance": -0.039540592829386156,
    "val_performance_metric": "diff",
    "train_loss": 1.8072999715805054,
    "initial_do_mean": -7.962055934029956,
    "final_do_mean": -6.444728443442389,
    "best_do_mean": -6.090095585515333,
    "initial_pp_mean": -7.576068889393526,
    "final_pp_mean": -6.029785993519951,
    "best_pp_mean": -5.563162210408379
}