{
    "best_epoch": 70,
    "best_val_performance": -0.19626731713612866,
    "val_performance_metric": "diff",
    "train_loss": 3.516258716583252,
    "initial_dative_mean": -7.580974682032713,
    "final_dative_mean": -6.009551007496683,
    "best_dative_mean": -6.009551007496683
}