{
    "best_epoch": 45,
    "best_val_performance": 1.2963206354777022,
    "val_performance_metric": "diff",
    "train_loss": 2.4184277057647705,
    "initial_do_mean": -6.532223509297227,
    "final_do_mean": -5.295655876217467,
    "best_do_mean": -5.170736522385568,
    "initial_pp_mean": -5.899301804436577,
    "final_pp_mean": -4.655564244588216,
    "best_pp_mean": -4.721582863065931
}