{
    "best_epoch": 19,
    "best_val_performance": 0.29289696693420453,
    "val_performance_metric": "diff",
    "train_loss": 3.141752243041992,
    "initial_do_mean": -6.546750403895523,
    "final_do_mean": -4.750354427279848,
    "best_do_mean": -4.123280837319114,
    "initial_pp_mean": -5.9001289871003895,
    "final_pp_mean": -4.189438690079583,
    "best_pp_mean": -3.7900755564371744
}