{
    "best_epoch": 70,
    "best_val_performance": -0.11781654516855866,
    "val_performance_metric": "diff",
    "train_loss": 3.921203374862671,
    "initial_do_mean": -6.7414919593117455,
    "final_do_mean": -5.427762743920991,
    "best_do_mean": -5.427762743920991,
    "initial_pp_mean": -6.122896258036295,
    "final_pp_mean": -4.721521578894722,
    "best_pp_mean": -4.721521578894722
}