{
    "best_epoch": 12,
    "best_val_performance": 1.2528328132629394,
    "val_performance_metric": "diff",
    "train_loss": 2.310957193374634,
    "initial_do_mean": -6.417079483379017,
    "final_do_mean": -6.360394037131107,
    "best_do_mean": -4.229592596400868,
    "initial_pp_mean": -5.743228303061591,
    "final_pp_mean": -5.765236790974935,
    "best_pp_mean": -3.7097704463534886
}