{
    "best_epoch": 23,
    "best_val_performance": -0.26243202686309797,
    "val_performance_metric": "diff",
    "train_loss": 3.838794231414795,
    "initial_pref_do": 0.09714285714285714,
    "final_pref_do": 0.12142857142857143,
    "best_pref_do": 0.19285714285714287
}