{
    "best_epoch": 15,
    "best_val_performance": -0.2047034835815431,
    "val_performance_metric": "diff",
    "train_loss": 3.349055528640747,
    "initial_dative_mean": -7.344017899872964,
    "final_dative_mean": -6.1492503473633215,
    "best_dative_mean": -5.522099147066038
}