{
    "best_epoch": 32,
    "best_val_performance": 0.4996949116388958,
    "val_performance_metric": "diff",
    "train_loss": 1.1062843799591064,
    "initial_dative_mean": -7.194484923666681,
    "final_dative_mean": -10.182789787911533,
    "best_dative_mean": -8.421751333607567
}