{
    "best_epoch": 32,
    "best_val_performance": 0.31823129971822084,
    "val_performance_metric": "diff",
    "train_loss": 2.4446499347686768,
    "initial_do_mean": -7.693146714637446,
    "final_do_mean": -5.719852551817894,
    "best_do_mean": -5.335730632377225,
    "initial_pp_mean": -7.294293151182287,
    "final_pp_mean": -4.917261916048386,
    "best_pp_mean": -4.584198391086915
}