{
    "best_epoch": 36,
    "best_val_performance": -0.04174530824025435,
    "val_performance_metric": "diff",
    "train_loss": 5.052770137786865,
    "initial_pref_do": 0.08428571428571428,
    "final_pref_do": 0.2857142857142857,
    "best_pref_do": 0.22
}