{
    "best_epoch": 27,
    "best_val_performance": 0.10638624827067034,
    "val_performance_metric": "diff",
    "train_loss": 3.0081117153167725,
    "initial_do_mean": -6.5434697786966955,
    "final_do_mean": -5.3908202864907,
    "best_do_mean": -4.768799897396203,
    "initial_pp_mean": -5.896490155325996,
    "final_pp_mean": -4.573025186856587,
    "best_pp_mean": -3.9384162929322986
}