{
    "best_epoch": 8,
    "best_val_performance": 0.2449913279215501,
    "val_performance_metric": "diff",
    "train_loss": 3.8319032192230225,
    "initial_do_mean": -7.690544682186704,
    "final_do_mean": -7.709258574385975,
    "best_do_mean": -5.607611445146937,
    "initial_pp_mean": -7.255894805403317,
    "final_pp_mean": -6.893007667976267,
    "best_pp_mean": -4.827028913708294
}