{
    "best_epoch": 28,
    "best_val_performance": 0.05720896244049101,
    "val_performance_metric": "diff",
    "train_loss": 2.6503546237945557,
    "initial_do_mean": -7.6730958452058395,
    "final_do_mean": -5.9995355827863825,
    "best_do_mean": -5.777781710375187,
    "initial_pp_mean": -7.073391821805169,
    "final_pp_mean": -5.279973630344166,
    "best_pp_mean": -5.0998998028390545
}