{
    "best_epoch": 70,
    "best_val_performance": 1.7667506678899132,
    "val_performance_metric": "diff",
    "train_loss": 1.5926992893218994,
    "initial_do_mean": -6.659073222767223,
    "final_do_mean": -5.201055406801628,
    "best_do_mean": -5.201055406801628,
    "initial_pp_mean": -5.918196007940504,
    "final_pp_mean": -4.506157223383585,
    "best_pp_mean": -4.506157223383585
}