{
    "best_epoch": 26,
    "best_val_performance": 0.11480393568674696,
    "val_performance_metric": "diff",
    "train_loss": 4.2074360847473145,
    "initial_do_mean": -6.420780950604063,
    "final_do_mean": -5.2230778910897,
    "best_do_mean": -4.960871775945027,
    "initial_pp_mean": -5.743892002105713,
    "final_pp_mean": -4.6383493105570475,
    "best_pp_mean": -4.499643720520867
}