{
    "best_epoch": 19,
    "best_val_performance": 0.16772958914438885,
    "val_performance_metric": "diff",
    "train_loss": 2.672990322113037,
    "initial_dative_mean": -7.196611551513449,
    "final_dative_mean": -4.963059469098933,
    "best_dative_mean": -4.505722712529333
}