{
    "best_epoch": 27,
    "best_val_performance": 2.427153636614481,
    "val_performance_metric": "diff",
    "train_loss": 2.490532398223877,
    "initial_do_mean": -6.6570989565415815,
    "final_do_mean": -8.859586331338594,
    "best_do_mean": -6.058358053727583,
    "initial_pp_mean": -5.916147743331061,
    "final_pp_mean": -8.206949496269226,
    "best_pp_mean": -4.723489863342709
}