{
    "best_epoch": 55,
    "best_val_performance": 2.5957159868876154,
    "val_performance_metric": "diff",
    "train_loss": 2.0277960300445557,
    "initial_do_mean": -6.552994832125577,
    "final_do_mean": -8.723222929058654,
    "best_do_mean": -9.023158457784941,
    "initial_pp_mean": -5.7595591810014515,
    "final_pp_mean": -8.034756522708468,
    "best_pp_mean": -8.492349672317506
}