{
    "best_epoch": 21,
    "best_val_performance": 0.3408759641647334,
    "val_performance_metric": "diff",
    "train_loss": 3.5368218421936035,
    "initial_pref_do": 0.18142857142857144,
    "final_pref_do": 0.032857142857142856,
    "best_pref_do": 0.10142857142857142
}