{
    "best_epoch": 20,
    "best_val_performance": 0.02317553043365539,
    "val_performance_metric": "diff",
    "train_loss": 2.2134315967559814,
    "initial_dative_mean": -7.1961525284756,
    "final_dative_mean": -5.4277233007358525,
    "best_dative_mean": -4.863793070030491
}