{
    "best_epoch": 63,
    "best_val_performance": 4.716842212677003,
    "val_performance_metric": "diff",
    "train_loss": 2.1058273315429688,
    "initial_do_mean": -7.676852031502613,
    "final_do_mean": -9.493837601223657,
    "best_do_mean": -9.452706605196,
    "initial_pp_mean": -7.077821184607113,
    "final_pp_mean": -7.599922741160674,
    "best_pp_mean": -7.5858757888569555
}