{
    "best_epoch": 23,
    "best_val_performance": 0.446380426088969,
    "val_performance_metric": "diff",
    "train_loss": 2.915433645248413,
    "initial_do_mean": -6.768082245913419,
    "final_do_mean": -7.389209732864842,
    "best_do_mean": -6.133614268447413,
    "initial_pp_mean": -6.102084477742513,
    "final_pp_mean": -6.9155832025739885,
    "best_pp_mean": -5.916885224978129
}