{
    "best_epoch": 28,
    "best_val_performance": 0.10222169876098697,
    "val_performance_metric": "diff",
    "train_loss": 2.707275629043579,
    "initial_do_mean": -7.960133664829787,
    "final_do_mean": -5.915906030771344,
    "best_do_mean": -5.694854906132055,
    "initial_pp_mean": -7.574254002991845,
    "final_pp_mean": -5.705964915191426,
    "best_pp_mean": -5.580661526848288
}