{
    "best_epoch": 70,
    "best_val_performance": -0.3532442553838102,
    "val_performance_metric": "diff",
    "train_loss": 6.358832836151123,
    "initial_pref_do": 0.14714285714285713,
    "final_pref_do": 0.19857142857142857,
    "best_pref_do": 0.19857142857142857
}