{
    "best_epoch": 19,
    "best_val_performance": 0.9617625188827512,
    "val_performance_metric": "diff",
    "train_loss": 2.9678142070770264,
    "initial_do_mean": -7.842848770840224,
    "final_do_mean": -7.350118806195813,
    "best_do_mean": -5.6335183260745785,
    "initial_pp_mean": -7.378617162564222,
    "final_pp_mean": -5.548050461095922,
    "best_pp_mean": -4.4018718424965355
}