{
    "best_epoch": 45,
    "best_val_performance": 0.029998167355855365,
    "val_performance_metric": "diff",
    "train_loss": 2.469621419906616,
    "initial_pref_do": 0.15714285714285714,
    "final_pref_do": 0.03,
    "best_pref_do": 0.037142857142857144
}