{
    "best_epoch": 24,
    "best_val_performance": 0.1401711432139079,
    "val_performance_metric": "diff",
    "train_loss": 2.065110683441162,
    "initial_do_mean": -6.532476691043738,
    "final_do_mean": -4.681576029459635,
    "best_do_mean": -4.228523002971302,
    "initial_pp_mean": -5.899958684709337,
    "final_pp_mean": -4.248649621009827,
    "best_pp_mean": -4.079303733507792
}