{
    "best_epoch": 52,
    "best_val_performance": 0.2767708539962772,
    "val_performance_metric": "diff",
    "train_loss": 1.6343094110488892,
    "initial_dative_mean": -7.2595613407112705,
    "final_dative_mean": -5.114846558075899,
    "best_dative_mean": -5.080110649267833
}