{
    "best_epoch": 19,
    "best_val_performance": -0.23123417377471878,
    "val_performance_metric": "diff",
    "train_loss": 3.5276660919189453,
    "initial_pref_do": 0.09714285714285714,
    "final_pref_do": 0.13285714285714287,
    "best_pref_do": 0.1757142857142857
}