{
    "best_epoch": 70,
    "best_val_performance": -0.5038225142161057,
    "val_performance_metric": "diff",
    "train_loss": 6.3145527839660645,
    "initial_pref_do": 0.07714285714285714,
    "final_pref_do": 0.09428571428571429,
    "best_pref_do": 0.09428571428571429
}