{
    "best_epoch": 12,
    "best_val_performance": 0.49371026992797873,
    "val_performance_metric": "diff",
    "train_loss": 2.48868989944458,
    "initial_do_mean": -6.673381695602879,
    "final_do_mean": -5.945391230149703,
    "best_do_mean": -4.5357436815897625,
    "initial_pp_mean": -5.827138153711955,
    "final_pp_mean": -5.480104634496901,
    "best_pp_mean": -3.97198797861735
}