{
    "best_epoch": 70,
    "best_val_performance": 0.23065558115641238,
    "val_performance_metric": "diff",
    "train_loss": 2.4328701496124268,
    "initial_do_mean": -6.659426885662657,
    "final_do_mean": -5.004929259329131,
    "best_do_mean": -5.004929259329131,
    "initial_pp_mean": -5.918181321356031,
    "final_pp_mean": -4.228299842940436,
    "best_pp_mean": -4.228299842940436
}