{
    "best_epoch": 70,
    "best_val_performance": -0.21246256669362396,
    "val_performance_metric": "diff",
    "train_loss": 2.548431634902954,
    "initial_pref_do": 0.18142857142857144,
    "final_pref_do": 0.12142857142857143,
    "best_pref_do": 0.12142857142857143
}