{
    "best_epoch": 63,
    "best_val_performance": -0.18172567685445173,
    "val_performance_metric": "diff",
    "train_loss": 2.0666074752807617,
    "initial_pref_do": 0.12714285714285714,
    "final_pref_do": 0.07428571428571429,
    "best_pref_do": 0.07857142857142857
}