{
    "best_epoch": 40,
    "best_val_performance": 0.4249749485651657,
    "val_performance_metric": "diff",
    "train_loss": 1.7791861295700073,
    "initial_dative_mean": -7.191901861924177,
    "final_dative_mean": -5.196127958639323,
    "best_dative_mean": -5.061064823154817
}