{
    "best_epoch": 62,
    "best_val_performance": 3.6111291408538815,
    "val_performance_metric": "diff",
    "train_loss": 2.2819511890411377,
    "initial_do_mean": -6.5569415641553475,
    "final_do_mean": -10.53857015840935,
    "best_do_mean": -10.853383018031264,
    "initial_pp_mean": -5.762787469228109,
    "final_pp_mean": -9.292632177140977,
    "best_pp_mean": -9.635838418536716
}