{
    "best_epoch": 67,
    "best_val_performance": 0.12118227958679206,
    "val_performance_metric": "diff",
    "train_loss": 1.5481106042861938,
    "initial_pref_do": 0.15571428571428572,
    "final_pref_do": 0.015714285714285715,
    "best_pref_do": 0.014285714285714285
}