{
    "best_epoch": 35,
    "best_val_performance": 4.58582463423411,
    "val_performance_metric": "diff",
    "train_loss": 1.8574191331863403,
    "initial_do_mean": -7.6364458743916,
    "final_do_mean": -6.285829807783282,
    "best_do_mean": -6.391273855123409,
    "initial_pp_mean": -6.993181842214921,
    "final_pp_mean": -5.818186728743946,
    "best_pp_mean": -5.818252781910055
}