{
    "best_epoch": 56,
    "best_val_performance": -0.09373861153920515,
    "val_performance_metric": "diff",
    "train_loss": 2.8948287963867188,
    "initial_do_mean": -7.687775259794191,
    "final_do_mean": -5.691447231658669,
    "best_do_mean": -5.717581419057624,
    "initial_pp_mean": -7.252907791558434,
    "final_pp_mean": -5.099054803217158,
    "best_pp_mean": -5.097986016904606
}