{
    "best_epoch": 70,
    "best_val_performance": -0.7132093811035158,
    "val_performance_metric": "diff",
    "train_loss": 5.787662506103516,
    "initial_pref_do": 0.18142857142857144,
    "final_pref_do": 0.22,
    "best_pref_do": 0.22
}