{
    "best_epoch": 70,
    "best_val_performance": -0.4622667328516643,
    "val_performance_metric": "diff",
    "train_loss": 8.739989280700684,
    "initial_pref_do": 0.14714285714285713,
    "final_pref_do": 0.19285714285714287,
    "best_pref_do": 0.19285714285714287
}