{
    "best_epoch": 46,
    "best_val_performance": 0.4241558456420895,
    "val_performance_metric": "diff",
    "train_loss": 1.4843610525131226,
    "initial_pref_do": 0.08285714285714285,
    "final_pref_do": 0.19,
    "best_pref_do": 0.14857142857142858
}