{
    "best_epoch": 70,
    "best_val_performance": -0.006614066759745185,
    "val_performance_metric": "diff",
    "train_loss": 2.3039169311523438,
    "initial_do_mean": -7.838497110577517,
    "final_do_mean": -6.202980027642361,
    "best_do_mean": -6.202980027642361,
    "initial_pp_mean": -7.372774797327378,
    "final_pp_mean": -5.407459734818515,
    "best_pp_mean": -5.407459734818515
}