{
    "best_epoch": 32,
    "best_val_performance": 0.225697453816732,
    "val_performance_metric": "diff",
    "train_loss": 2.4831807613372803,
    "initial_do_mean": -7.671785611745923,
    "final_do_mean": -5.418920189142227,
    "best_do_mean": -5.40152572130048,
    "initial_pp_mean": -7.074047921685612,
    "final_pp_mean": -4.461859062138726,
    "best_pp_mean": -4.434857744679731
}