{
    "best_epoch": 6,
    "best_val_performance": 0.02344494501749672,
    "val_performance_metric": "diff",
    "train_loss": 4.273542404174805,
    "initial_do_mean": -7.600577314232671,
    "final_do_mean": -8.620790685332098,
    "best_do_mean": -5.271530489935431,
    "initial_pp_mean": -7.154721042689155,
    "final_pp_mean": -7.272908579952577,
    "best_pp_mean": -4.798892757822485
}