{
    "best_epoch": 25,
    "best_val_performance": 0.13331790526707987,
    "val_performance_metric": "diff",
    "train_loss": 2.7482011318206787,
    "initial_do_mean": -7.702929650628289,
    "final_do_mean": -7.066553689712702,
    "best_do_mean": -6.232945222147675,
    "initial_pp_mean": -7.169542962663314,
    "final_pp_mean": -6.344571314839756,
    "best_pp_mean": -5.465062185245402
}