{
    "best_epoch": 14,
    "best_val_performance": -0.1319160779317219,
    "val_performance_metric": "diff",
    "train_loss": 3.546727418899536,
    "initial_do_mean": -7.634293687898059,
    "final_do_mean": -5.686013553378194,
    "best_do_mean": -5.777592255972152,
    "initial_pp_mean": -6.991044411238502,
    "final_pp_mean": -4.556770854837755,
    "best_pp_mean": -4.993360964340322
}