{
    "best_epoch": 23,
    "best_val_performance": -0.1225525712966915,
    "val_performance_metric": "diff",
    "train_loss": 2.4528262615203857,
    "initial_pref_do": 0.1757142857142857,
    "final_pref_do": 0.10428571428571429,
    "best_pref_do": 0.13857142857142857
}