{
    "best_epoch": 32,
    "best_val_performance": 4.268870894908906,
    "val_performance_metric": "diff",
    "train_loss": 1.6598306894302368,
    "initial_dative_mean": -7.344548617887218,
    "final_dative_mean": -9.125485531767907,
    "best_dative_mean": -7.1818406784046465
}