{
    "best_epoch": 70,
    "best_val_performance": 3.9561896069844575,
    "val_performance_metric": "diff",
    "train_loss": 1.951153039932251,
    "initial_pref_do": 0.15714285714285714,
    "final_pref_do": 0.12142857142857143,
    "best_pref_do": 0.12142857142857143
}