{
    "best_epoch": 32,
    "best_val_performance": 1.9790010452270517,
    "val_performance_metric": "diff",
    "train_loss": 1.6916767358779907,
    "initial_do_mean": -7.689662287401599,
    "final_do_mean": -6.335353052200273,
    "best_do_mean": -6.290978104222653,
    "initial_pp_mean": -7.254282315338359,
    "final_pp_mean": -5.7221262384863465,
    "best_pp_mean": -6.2059655757511365
}