{
    "best_epoch": 70,
    "best_val_performance": -0.17024072806040458,
    "val_performance_metric": "diff",
    "train_loss": 3.737277030944824,
    "initial_do_mean": -6.658718531059496,
    "final_do_mean": -5.355853002721613,
    "best_do_mean": -5.355853002721613,
    "initial_pp_mean": -5.917406476868523,
    "final_pp_mean": -4.556043569246928,
    "best_pp_mean": -4.556043569246928
}