{
    "best_epoch": 70,
    "best_val_performance": -0.5578261184692384,
    "val_performance_metric": "diff",
    "train_loss": 7.094696998596191,
    "initial_pref_do": 0.09714285714285714,
    "final_pref_do": 0.10285714285714286,
    "best_pref_do": 0.10285714285714286
}