{
    "best_epoch": 23,
    "best_val_performance": 2.497532531420389,
    "val_performance_metric": "diff",
    "train_loss": 2.5181682109832764,
    "initial_do_mean": -6.506189849159934,
    "final_do_mean": -9.593230719999834,
    "best_do_mean": -5.177989949602069,
    "initial_pp_mean": -5.872683829731411,
    "final_pp_mean": -8.505880451202392,
    "best_pp_mean": -4.5530414991908605
}