{
    "best_epoch": 41,
    "best_val_performance": 0.36228996117909773,
    "val_performance_metric": "diff",
    "train_loss": 2.2219107151031494,
    "initial_do_mean": -7.696475504442703,
    "final_do_mean": -5.313667791527371,
    "best_do_mean": -5.312824346644934,
    "initial_pp_mean": -7.162967897863949,
    "final_pp_mean": -4.439731093364603,
    "best_pp_mean": -4.439609551429749
}