{
    "best_epoch": 70,
    "best_val_performance": 0.0014789628982541103,
    "val_performance_metric": "diff",
    "train_loss": 3.166797637939453,
    "initial_do_mean": -6.660973254117098,
    "final_do_mean": -5.06296028657393,
    "best_do_mean": -5.06296028657393,
    "initial_pp_mean": -5.918753676944309,
    "final_pp_mean": -4.2949989689721,
    "best_pp_mean": -4.2949989689721
}