{
    "best_epoch": 70,
    "best_val_performance": -0.47440719286600697,
    "val_performance_metric": "diff",
    "train_loss": 6.427170753479004,
    "initial_dative_mean": -7.2878054331617745,
    "final_dative_mean": -6.807577987511952,
    "best_dative_mean": -6.807577987511952
}