{
    "best_epoch": 27,
    "best_val_performance": -0.06948801517486558,
    "val_performance_metric": "diff",
    "train_loss": 3.0100038051605225,
    "initial_pref_do": 0.09714285714285714,
    "final_pref_do": 0.2042857142857143,
    "best_pref_do": 0.17857142857142858
}