{
    "best_epoch": 70,
    "best_val_performance": -0.5452423810958864,
    "val_performance_metric": "diff",
    "train_loss": 7.547703742980957,
    "initial_dative_mean": -7.607106058221114,
    "final_dative_mean": -7.297658503752703,
    "best_dative_mean": -7.297658503752703
}