{
    "best_epoch": 43,
    "best_val_performance": 4.938610758781434,
    "val_performance_metric": "diff",
    "train_loss": 1.5469468832015991,
    "initial_do_mean": -7.696146731459817,
    "final_do_mean": -7.811188315236291,
    "best_do_mean": -7.7546555074148396,
    "initial_pp_mean": -7.2981793557896335,
    "final_pp_mean": -7.350385399075115,
    "best_pp_mean": -7.52920094868716
}