{
    "best_epoch": 15,
    "best_val_performance": 1.1292093038558955,
    "val_performance_metric": "diff",
    "train_loss": 3.020460367202759,
    "initial_pref_do": 0.14714285714285713,
    "final_pref_do": 0.21285714285714286,
    "best_pref_do": 0.06857142857142857
}