{
    "best_epoch": 70,
    "best_val_performance": -0.4956367588043209,
    "val_performance_metric": "diff",
    "train_loss": 5.232005596160889,
    "initial_pref_do": 0.09714285714285714,
    "final_pref_do": 0.12285714285714286,
    "best_pref_do": 0.12285714285714286
}