{
    "best_epoch": 70,
    "best_val_performance": -0.07878067334493011,
    "val_performance_metric": "diff",
    "train_loss": 2.738229274749756,
    "initial_dative_mean": -7.316215567421495,
    "final_dative_mean": -5.518847127232635,
    "best_dative_mean": -5.518847127232635
}