{
    "best_epoch": 70,
    "best_val_performance": -0.1983162291844689,
    "val_performance_metric": "diff",
    "train_loss": 3.5446224212646484,
    "initial_pref_do": 0.1357142857142857,
    "final_pref_do": 0.1957142857142857,
    "best_pref_do": 0.1957142857142857
}