{
    "best_epoch": 38,
    "best_val_performance": 1.166883430480957,
    "val_performance_metric": "diff",
    "train_loss": 2.0476436614990234,
    "initial_do_mean": -7.671519958002623,
    "final_do_mean": -6.019005267772564,
    "best_do_mean": -6.107008931941764,
    "initial_pp_mean": -7.072348842901342,
    "final_pp_mean": -5.072188808988122,
    "best_pp_mean": -5.077434454244726
}