{
    "best_epoch": 70,
    "best_val_performance": -0.17004127979278572,
    "val_performance_metric": "diff",
    "train_loss": 3.8642752170562744,
    "initial_do_mean": -7.687999708707943,
    "final_do_mean": -5.961447063227032,
    "best_do_mean": -5.961447063227032,
    "initial_pp_mean": -7.176031666643479,
    "final_pp_mean": -5.361706373621436,
    "best_pp_mean": -5.361706373621436
}