{
    "best_epoch": 36,
    "best_val_performance": 4.124136875470479,
    "val_performance_metric": "diff",
    "train_loss": 1.2026184797286987,
    "initial_dative_mean": -7.26236695643754,
    "final_dative_mean": -5.593754292841544,
    "best_dative_mean": -5.239777262273588
}