{
    "best_epoch": 70,
    "best_val_performance": 0.7656230163574218,
    "val_performance_metric": "diff",
    "train_loss": 1.72287118434906,
    "initial_do_mean": -7.691422499196474,
    "final_do_mean": -6.0218071937561035,
    "best_do_mean": -6.0218071937561035,
    "initial_pp_mean": -7.255317290390239,
    "final_pp_mean": -5.0359618337715375,
    "best_pp_mean": -5.0359618337715375
}