{
    "best_epoch": 70,
    "best_val_performance": -0.25323835213979073,
    "val_performance_metric": "diff",
    "train_loss": 4.363036155700684,
    "initial_do_mean": -7.961595946273138,
    "final_do_mean": -6.406637012958527,
    "best_do_mean": -6.406637012958527,
    "initial_pp_mean": -7.5757936049910155,
    "final_pp_mean": -6.000125514058506,
    "best_pp_mean": -6.000125514058506
}