{
    "best_epoch": 70,
    "best_val_performance": 0.5385608243942253,
    "val_performance_metric": "diff",
    "train_loss": 0.8052170872688293,
    "initial_do_mean": -7.954243905322496,
    "final_do_mean": -5.819288615917051,
    "best_do_mean": -5.819288615917051,
    "initial_pp_mean": -7.529087621324202,
    "final_pp_mean": -5.26892202391344,
    "best_pp_mean": -5.26892202391344
}