{
    "best_epoch": 15,
    "best_val_performance": 1.3327785094579054,
    "val_performance_metric": "diff",
    "train_loss": 2.654510736465454,
    "initial_do_mean": -7.956414547077445,
    "final_do_mean": -7.811712760911432,
    "best_do_mean": -5.804081642350485,
    "initial_pp_mean": -7.528234955843757,
    "final_pp_mean": -6.382841610207278,
    "best_pp_mean": -4.4369528379510434
}