{
    "best_epoch": 70,
    "best_val_performance": 3.6664964977900185,
    "val_performance_metric": "diff",
    "train_loss": 1.7632194757461548,
    "initial_dative_mean": -7.282256362382432,
    "final_dative_mean": -4.571244174974007,
    "best_dative_mean": -4.571244174974007
}