{
    "best_epoch": 65,
    "best_val_performance": 0.6262657531102498,
    "val_performance_metric": "diff",
    "train_loss": 1.5712130069732666,
    "initial_do_mean": -7.700185468723608,
    "final_do_mean": -5.853778560147729,
    "best_do_mean": -5.863345169050749,
    "initial_pp_mean": -7.16661161885542,
    "final_pp_mean": -4.939261726421468,
    "best_pp_mean": -4.93806675286854
}