{
    "best_epoch": 70,
    "best_val_performance": 1.0211549329757688,
    "val_performance_metric": "diff",
    "train_loss": 1.8047806024551392,
    "initial_do_mean": -6.5069826891928,
    "final_do_mean": -6.455884235555476,
    "best_do_mean": -6.455884235555476,
    "initial_pp_mean": -5.8755358775456745,
    "final_pp_mean": -5.332549516359965,
    "best_pp_mean": -5.332549516359965
}