{
    "best_epoch": 70,
    "best_val_performance": 0.15188819885253935,
    "val_performance_metric": "diff",
    "train_loss": 1.9021779298782349,
    "initial_dative_mean": -7.317521272346988,
    "final_dative_mean": -5.410179193779739,
    "best_dative_mean": -5.410179193779739
}