{
    "best_epoch": 26,
    "best_val_performance": 0.1794954236348465,
    "val_performance_metric": "diff",
    "train_loss": 2.3851993083953857,
    "initial_pref_do": 0.08428571428571428,
    "final_pref_do": 0.045714285714285714,
    "best_pref_do": 0.06428571428571428
}