{
    "best_epoch": 45,
    "best_val_performance": 0.9508234675725298,
    "val_performance_metric": "diff",
    "train_loss": 1.8750803470611572,
    "initial_pref_do": 0.07714285714285714,
    "final_pref_do": 0.16285714285714287,
    "best_pref_do": 0.18142857142857144
}