{
    "best_epoch": 70,
    "best_val_performance": -0.17301547845204723,
    "val_performance_metric": "diff",
    "train_loss": 3.7863070964813232,
    "initial_dative_mean": -7.3161073811570105,
    "final_dative_mean": -5.836187656859906,
    "best_dative_mean": -5.836187656859906
}