{
    "best_epoch": 53,
    "best_val_performance": 2.521393178304036,
    "val_performance_metric": "diff",
    "train_loss": 1.1991846561431885,
    "initial_dative_mean": -7.338426043764192,
    "final_dative_mean": -5.441694615877163,
    "best_dative_mean": -5.333359842237673
}