{
    "best_epoch": 44,
    "best_val_performance": 1.5749533716837565,
    "val_performance_metric": "diff",
    "train_loss": 2.412039279937744,
    "initial_do_mean": -7.6760757253613585,
    "final_do_mean": -8.743347117720647,
    "best_do_mean": -8.039781108152035,
    "initial_pp_mean": -7.076515997858609,
    "final_pp_mean": -6.980213090952705,
    "best_pp_mean": -6.532633949728573
}