{
    "best_epoch": 5,
    "best_val_performance": 0.2630681022008261,
    "val_performance_metric": "diff",
    "train_loss": 4.42606782913208,
    "initial_do_mean": -7.69752826593643,
    "final_do_mean": -10.753187896900398,
    "best_do_mean": -6.05556249687838,
    "initial_pp_mean": -7.299550867080688,
    "final_pp_mean": -10.00210297458312,
    "best_pp_mean": -5.730253642096239
}