{
    "best_epoch": 70,
    "best_val_performance": -0.23480312665303593,
    "val_performance_metric": "diff",
    "train_loss": 3.7516164779663086,
    "initial_dative_mean": -7.314255943075258,
    "final_dative_mean": -5.829728975630643,
    "best_dative_mean": -5.829728975630643
}