{
    "best_epoch": 29,
    "best_val_performance": 0.1833499081929526,
    "val_performance_metric": "diff",
    "train_loss": 2.4446451663970947,
    "initial_do_mean": -7.9575181922247245,
    "final_do_mean": -5.717561119864153,
    "best_do_mean": -5.204000685450643,
    "initial_pp_mean": -7.531484561106738,
    "final_pp_mean": -5.475640994310379,
    "best_pp_mean": -5.021775606449912
}