{
    "best_epoch": 5,
    "best_val_performance": 0.12119876543680874,
    "val_performance_metric": "diff",
    "train_loss": 4.097102165222168,
    "initial_do_mean": -7.673605595910272,
    "final_do_mean": -8.663411473118982,
    "best_do_mean": -6.091283051080482,
    "initial_pp_mean": -7.074417604418362,
    "final_pp_mean": -8.059833164776073,
    "best_pp_mean": -5.734470189318937
}