{
    "best_epoch": 23,
    "best_val_performance": 3.025328141848247,
    "val_performance_metric": "diff",
    "train_loss": 2.836188316345215,
    "initial_do_mean": -6.536058321866122,
    "final_do_mean": -7.329819264556423,
    "best_do_mean": -5.342032381982515,
    "initial_pp_mean": -5.9026857852935795,
    "final_pp_mean": -6.5169791009691025,
    "best_pp_mean": -4.726067614555359
}