{
    "best_epoch": 64,
    "best_val_performance": -0.32107823212941433,
    "val_performance_metric": "diff",
    "train_loss": 4.205081939697266,
    "initial_do_mean": -7.688692544781884,
    "final_do_mean": -6.192363888025284,
    "best_do_mean": -6.261909281098565,
    "initial_pp_mean": -7.253552532897276,
    "final_pp_mean": -5.8554459985564735,
    "best_pp_mean": -5.923757952101091
}