{
    "best_epoch": 70,
    "best_val_performance": 0.18358927408854164,
    "val_performance_metric": "diff",
    "train_loss": 1.3434358835220337,
    "initial_do_mean": -6.658616763895208,
    "final_do_mean": -4.704708239526459,
    "best_do_mean": -4.704708239526459,
    "initial_pp_mean": -5.9168053971396555,
    "final_pp_mean": -4.094532460636563,
    "best_pp_mean": -4.094532460636563
}