{
    "best_epoch": 70,
    "best_val_performance": -0.512679993311564,
    "val_performance_metric": "diff",
    "train_loss": 4.315101623535156,
    "initial_pref_do": 0.17857142857142858,
    "final_pref_do": 0.20714285714285716,
    "best_pref_do": 0.20714285714285716
}