{
    "best_epoch": 70,
    "best_val_performance": 0.23345787843068422,
    "val_performance_metric": "diff",
    "train_loss": 1.481828212738037,
    "initial_do_mean": -7.676003949586735,
    "final_do_mean": -5.524754648291787,
    "best_do_mean": -5.524754648291787,
    "initial_pp_mean": -7.076177138440749,
    "final_pp_mean": -4.878870827310226,
    "best_pp_mean": -4.878870827310226
}