{
    "best_epoch": 46,
    "best_val_performance": 4.11519147713979,
    "val_performance_metric": "diff",
    "train_loss": 2.375922679901123,
    "initial_do_mean": -6.420225894812382,
    "final_do_mean": -6.4611068162051115,
    "best_do_mean": -6.387804213437167,
    "initial_pp_mean": -5.744745972421434,
    "final_pp_mean": -5.301422010527717,
    "best_pp_mean": -5.2862911595238575
}