{
    "best_epoch": 11,
    "best_val_performance": 0.7051257864634195,
    "val_performance_metric": "diff",
    "train_loss": 2.7205021381378174,
    "initial_do_mean": -7.600858744493751,
    "final_do_mean": -6.812635723934617,
    "best_do_mean": -5.426035327620284,
    "initial_pp_mean": -7.155795694799984,
    "final_pp_mean": -6.078541773557663,
    "best_pp_mean": -4.73131692830254
}