{
    "best_epoch": 39,
    "best_val_performance": 0.43220346132914234,
    "val_performance_metric": "diff",
    "train_loss": 1.4621316194534302,
    "initial_pref_do": 0.07714285714285714,
    "final_pref_do": 0.19142857142857142,
    "best_pref_do": 0.1957142857142857
}