{
    "best_epoch": 11,
    "best_val_performance": 0.5239655955632525,
    "val_performance_metric": "diff",
    "train_loss": 2.686981201171875,
    "initial_pref_do": 0.09857142857142857,
    "final_pref_do": 0.17857142857142858,
    "best_pref_do": 0.19857142857142857
}