{
    "best_epoch": 40,
    "best_val_performance": 1.6590871000289917,
    "val_performance_metric": "diff",
    "train_loss": 1.9124243259429932,
    "initial_do_mean": -7.842666169238645,
    "final_do_mean": -6.6319862968006795,
    "best_do_mean": -6.495336326055749,
    "initial_pp_mean": -7.3775005922598,
    "final_pp_mean": -5.7981821586104,
    "best_pp_mean": -5.548954973150702
}