{
    "best_epoch": 28,
    "best_val_performance": 0.2116598685582476,
    "val_performance_metric": "diff",
    "train_loss": 1.3797340393066406,
    "initial_do_mean": -7.689477467952773,
    "final_do_mean": -5.820303476134012,
    "best_do_mean": -5.602823925226233,
    "initial_pp_mean": -7.176019953278934,
    "final_pp_mean": -5.115223383903503,
    "best_pp_mean": -4.914807863095227
}