{
    "best_epoch": 43,
    "best_val_performance": 1.2217842483520496,
    "val_performance_metric": "diff",
    "train_loss": 2.3389532566070557,
    "initial_pref_do": 0.08428571428571428,
    "final_pref_do": 0.08285714285714285,
    "best_pref_do": 0.022857142857142857
}