{
    "best_epoch": 62,
    "best_val_performance": 0.4481805737813316,
    "val_performance_metric": "diff",
    "train_loss": 1.614588975906372,
    "initial_pref_do": 0.14714285714285713,
    "final_pref_do": 0.21714285714285714,
    "best_pref_do": 0.22285714285714286
}