{
    "best_epoch": 51,
    "best_val_performance": 0.03495742638905863,
    "val_performance_metric": "diff",
    "train_loss": 3.4628894329071045,
    "initial_do_mean": -6.656400891506311,
    "final_do_mean": -4.97310886816545,
    "best_do_mean": -4.938219641194199,
    "initial_pp_mean": -5.914937199486626,
    "final_pp_mean": -4.3204724868138635,
    "best_pp_mean": -4.298229744699266
}