{
    "best_epoch": 37,
    "best_val_performance": 3.1108347256978366,
    "val_performance_metric": "diff",
    "train_loss": 2.1649060249328613,
    "initial_do_mean": -7.675260139759197,
    "final_do_mean": -13.68236184951871,
    "best_do_mean": -11.372853983973348,
    "initial_pp_mean": -7.07558812604231,
    "final_pp_mean": -10.843736870148602,
    "best_pp_mean": -9.262433455972111
}