{
    "best_epoch": 26,
    "best_val_performance": 0.5885562101999922,
    "val_performance_metric": "diff",
    "train_loss": 1.9678475856781006,
    "initial_dative_mean": -7.341219289609564,
    "final_dative_mean": -6.867227770083132,
    "best_dative_mean": -5.841784099737803
}