{
    "best_epoch": 70,
    "best_val_performance": -0.21626415252685582,
    "val_performance_metric": "diff",
    "train_loss": 4.40635871887207,
    "initial_pref_do": 0.15571428571428572,
    "final_pref_do": 0.24,
    "best_pref_do": 0.24
}