{
    "best_epoch": 70,
    "best_val_performance": -0.6149716949462887,
    "val_performance_metric": "diff",
    "train_loss": 6.807460308074951,
    "initial_dative_mean": -7.342790318859948,
    "final_dative_mean": -6.988549867917222,
    "best_dative_mean": -6.988549867917222
}