{
    "best_epoch": 51,
    "best_val_performance": 4.146184811592102,
    "val_performance_metric": "diff",
    "train_loss": 2.0893590450286865,
    "initial_do_mean": -6.549858848976366,
    "final_do_mean": -6.006446180921612,
    "best_do_mean": -5.927634246421583,
    "initial_pp_mean": -5.903691710366143,
    "final_pp_mean": -5.09710530175103,
    "best_pp_mean": -4.941452380021413
}