{
    "best_epoch": 70,
    "best_val_performance": -0.1737671200434363,
    "val_performance_metric": "diff",
    "train_loss": 3.235149621963501,
    "initial_dative_mean": -7.282517586186615,
    "final_dative_mean": -5.2885405954561735,
    "best_dative_mean": -5.2885405954561735
}