{
    "best_epoch": 65,
    "best_val_performance": 0.2683277177810668,
    "val_performance_metric": "diff",
    "train_loss": 2.6295325756073,
    "initial_do_mean": -7.691766704930815,
    "final_do_mean": -5.827745169747708,
    "best_do_mean": -5.7874041653649755,
    "initial_pp_mean": -7.256434686043683,
    "final_pp_mean": -4.9620166683898255,
    "best_pp_mean": -4.883453609312282
}