{
    "best_epoch": 70,
    "best_val_performance": -0.6013655026753737,
    "val_performance_metric": "diff",
    "train_loss": 5.54508638381958,
    "initial_dative_mean": -7.307486090743751,
    "final_dative_mean": -7.054360166279196,
    "best_dative_mean": -7.054360166279196
}