{
    "best_epoch": 25,
    "best_val_performance": 0.22804989496866845,
    "val_performance_metric": "diff",
    "train_loss": 2.6066982746124268,
    "initial_dative_mean": -7.196337514104899,
    "final_dative_mean": -5.235367785943182,
    "best_dative_mean": -5.028188071752849
}