{
    "best_epoch": 70,
    "best_val_performance": -0.5274571673075359,
    "val_performance_metric": "diff",
    "train_loss": 7.59356689453125,
    "initial_dative_mean": -7.283790997942986,
    "final_dative_mean": -6.862483472503417,
    "best_dative_mean": -6.862483472503417
}