{
    "best_epoch": 70,
    "best_val_performance": -0.5099762376149499,
    "val_performance_metric": "diff",
    "train_loss": 6.154638290405273,
    "initial_dative_mean": -7.188571359679016,
    "final_dative_mean": -6.755550794782694,
    "best_dative_mean": -6.755550794782694
}