{
    "best_epoch": 20,
    "best_val_performance": 1.1003474601109833,
    "val_performance_metric": "diff",
    "train_loss": 2.0914146900177,
    "initial_pref_do": 0.18142857142857144,
    "final_pref_do": 0.18857142857142858,
    "best_pref_do": 0.18285714285714286
}