{
    "best_epoch": 70,
    "best_val_performance": -0.6733499145507817,
    "val_performance_metric": "diff",
    "train_loss": 5.621260643005371,
    "initial_dative_mean": -7.578587988663835,
    "final_dative_mean": -7.185421133599086,
    "best_dative_mean": -7.185421133599086
}