{
    "best_epoch": 36,
    "best_val_performance": 2.1856385660171513,
    "val_performance_metric": "diff",
    "train_loss": 0.966669499874115,
    "initial_pref_do": 0.14714285714285713,
    "final_pref_do": 0.02,
    "best_pref_do": 0.03428571428571429
}