{
    "best_epoch": 70,
    "best_val_performance": 4.186807131767273,
    "val_performance_metric": "diff",
    "train_loss": 1.5246235132217407,
    "initial_do_mean": -7.695754634779553,
    "final_do_mean": -7.202771458514901,
    "best_do_mean": -7.202771458514901,
    "initial_pp_mean": -7.296733161281137,
    "final_pp_mean": -6.285871523618698,
    "best_pp_mean": -6.285871523618698
}