{
    "best_epoch": 50,
    "best_val_performance": 3.199669556617736,
    "val_performance_metric": "diff",
    "train_loss": 2.257143974304199,
    "initial_do_mean": -7.598457162463387,
    "final_do_mean": -7.620708812461343,
    "best_do_mean": -7.194103137698284,
    "initial_pp_mean": -7.1538257830283225,
    "final_pp_mean": -7.010821303199319,
    "best_pp_mean": -6.359377176270765
}