{
    "best_epoch": 70,
    "best_val_performance": -0.6045484765370688,
    "val_performance_metric": "diff",
    "train_loss": 4.55385684967041,
    "initial_dative_mean": -7.307720729482104,
    "final_dative_mean": -7.006113379322297,
    "best_dative_mean": -7.006113379322297
}