{
    "best_epoch": 70,
    "best_val_performance": -0.3061768643061322,
    "val_performance_metric": "diff",
    "train_loss": 3.6307902336120605,
    "initial_do_mean": -6.556860023556333,
    "final_do_mean": -5.53980590357925,
    "best_do_mean": -5.53980590357925,
    "initial_pp_mean": -5.7615033149719235,
    "final_pp_mean": -4.800108708275689,
    "best_pp_mean": -4.800108708275689
}