{
    "best_epoch": 53,
    "best_val_performance": -0.29762580553690654,
    "val_performance_metric": "diff",
    "train_loss": 4.922760963439941,
    "initial_dative_mean": -7.461271302393305,
    "final_dative_mean": -6.102353876445726,
    "best_dative_mean": -6.274393494366206
}