{
    "best_epoch": 21,
    "best_val_performance": 1.6267651096979776,
    "val_performance_metric": "diff",
    "train_loss": 2.384382486343384,
    "initial_do_mean": -7.600825687480527,
    "final_do_mean": -7.61041449045026,
    "best_do_mean": -5.441641863002333,
    "initial_pp_mean": -7.155848410550286,
    "final_pp_mean": -6.590365248918533,
    "best_pp_mean": -4.754451994159642
}