{
    "best_epoch": 16,
    "best_val_performance": -0.1310185194015503,
    "val_performance_metric": "diff",
    "train_loss": 2.457747220993042,
    "initial_do_mean": -7.687885312839996,
    "final_do_mean": -5.3600874290216804,
    "best_do_mean": -5.293004376943721,
    "initial_pp_mean": -7.174214628163506,
    "final_pp_mean": -4.927499045694575,
    "best_pp_mean": -4.90611381355454
}