{
    "best_epoch": 70,
    "best_val_performance": 0.10918281555175735,
    "val_performance_metric": "diff",
    "train_loss": 3.660146474838257,
    "initial_do_mean": -6.769466060580629,
    "final_do_mean": -4.910161294359149,
    "best_do_mean": -4.910161294359149,
    "initial_pp_mean": -6.10103493531545,
    "final_pp_mean": -4.314533681339688,
    "best_pp_mean": -4.314533681339688
}