{
    "best_epoch": 11,
    "best_val_performance": 0.6037855482101433,
    "val_performance_metric": "diff",
    "train_loss": 2.954847812652588,
    "initial_pref_do": 0.14714285714285713,
    "final_pref_do": 0.21142857142857144,
    "best_pref_do": 0.30857142857142855
}