{
    "best_epoch": 18,
    "best_val_performance": -0.10080462614695307,
    "val_performance_metric": "diff",
    "train_loss": 3.299647092819214,
    "initial_do_mean": -7.8384825871434325,
    "final_do_mean": -6.004872192477071,
    "best_do_mean": -5.741934185804323,
    "initial_pp_mean": -7.3744823098182675,
    "final_pp_mean": -5.589800793283126,
    "best_pp_mean": -5.323785962777979
}