{
    "best_epoch": 70,
    "best_val_performance": 0.2176342201232906,
    "val_performance_metric": "diff",
    "train_loss": 1.9269800186157227,
    "initial_pref_do": 0.17714285714285713,
    "final_pref_do": 0.15285714285714286,
    "best_pref_do": 0.15285714285714286
}