{
    "best_epoch": 70,
    "best_val_performance": 0.9646043125788362,
    "val_performance_metric": "diff",
    "train_loss": 1.8585518598556519,
    "initial_dative_mean": -7.3184685362012765,
    "final_dative_mean": -5.880766529263112,
    "best_dative_mean": -5.880766529263112
}