{
    "best_epoch": 70,
    "best_val_performance": 1.2897203652064002,
    "val_performance_metric": "diff",
    "train_loss": 2.06449818611145,
    "initial_do_mean": -6.773025034413193,
    "final_do_mean": -5.00503334276604,
    "best_do_mean": -5.00503334276604,
    "initial_pp_mean": -6.103584724002414,
    "final_pp_mean": -4.502719502978855,
    "best_pp_mean": -4.502719502978855
}