{
    "best_epoch": 66,
    "best_val_performance": 2.104717812538147,
    "val_performance_metric": "diff",
    "train_loss": 1.953366756439209,
    "initial_do_mean": -6.4219855149587,
    "final_do_mean": -5.491833753296823,
    "best_do_mean": -5.5021663015539,
    "initial_pp_mean": -5.745323718918694,
    "final_pp_mean": -4.805612446202172,
    "best_pp_mean": -4.738598738776313
}