{
    "best_epoch": 42,
    "best_val_performance": -0.2647179015477503,
    "val_performance_metric": "diff",
    "train_loss": 4.963735580444336,
    "initial_pref_do": 0.09714285714285714,
    "final_pref_do": 0.06,
    "best_pref_do": 0.07
}