{
    "best_epoch": 68,
    "best_val_performance": 0.3845551427205409,
    "val_performance_metric": "diff",
    "train_loss": 1.7335469722747803,
    "initial_dative_mean": -7.577903746164333,
    "final_dative_mean": -4.8671532905938335,
    "best_dative_mean": -4.85979404888655
}