{
    "best_epoch": 33,
    "best_val_performance": 3.70281276702881,
    "val_performance_metric": "diff",
    "train_loss": 2.222050666809082,
    "initial_pref_do": 0.15714285714285714,
    "final_pref_do": 0.09142857142857143,
    "best_pref_do": 0.07428571428571429
}