{
    "best_epoch": 70,
    "best_val_performance": 0.09482841809590603,
    "val_performance_metric": "diff",
    "train_loss": 1.769007921218872,
    "initial_do_mean": -6.743569798903032,
    "final_do_mean": -4.914387512207031,
    "best_do_mean": -4.914387512207031,
    "initial_pp_mean": -6.12526994281345,
    "final_pp_mean": -4.17477777534061,
    "best_pp_mean": -4.17477777534061
}