{
    "best_epoch": 29,
    "best_val_performance": 0.33230049451192123,
    "val_performance_metric": "diff",
    "train_loss": 3.149583578109741,
    "initial_do_mean": -7.695709429508032,
    "final_do_mean": -8.887955811134605,
    "best_do_mean": -8.490651943655902,
    "initial_pp_mean": -7.163069680859061,
    "final_pp_mean": -8.369898940885768,
    "best_pp_mean": -8.17190408075557
}