{
    "best_epoch": 58,
    "best_val_performance": 0.42709605534871375,
    "val_performance_metric": "diff",
    "train_loss": 2.4112212657928467,
    "initial_do_mean": -7.839967358944028,
    "final_do_mean": -5.716932891066684,
    "best_do_mean": -5.655631115616754,
    "initial_pp_mean": -7.374583294111139,
    "final_pp_mean": -4.470062311256633,
    "best_pp_mean": -4.400549210169736
}