{
    "best_epoch": 63,
    "best_val_performance": -0.13909349282582628,
    "val_performance_metric": "diff",
    "train_loss": 4.608211994171143,
    "initial_do_mean": -7.693371683359146,
    "final_do_mean": -5.9760454685189,
    "best_do_mean": -6.066054273483365,
    "initial_pp_mean": -7.294630743475521,
    "final_pp_mean": -5.57019795424798,
    "best_pp_mean": -5.657556930359672
}