{
    "best_epoch": 39,
    "best_val_performance": 1.2833778301874803,
    "val_performance_metric": "diff",
    "train_loss": 1.1334497928619385,
    "initial_dative_mean": -7.309592825627466,
    "final_dative_mean": -6.24638962641097,
    "best_dative_mean": -6.278825364440506
}