{
    "best_epoch": 70,
    "best_val_performance": 2.1527881177266446,
    "val_performance_metric": "diff",
    "train_loss": 1.4166914224624634,
    "initial_dative_mean": -7.340228052515733,
    "final_dative_mean": -5.192819387069222,
    "best_dative_mean": -5.192819387069222
}