{
    "best_epoch": 57,
    "best_val_performance": 1.0573775688807165,
    "val_performance_metric": "diff",
    "train_loss": 1.1013928651809692,
    "initial_dative_mean": -7.60831887575618,
    "final_dative_mean": -5.933878879972369,
    "best_dative_mean": -5.921020992492375
}