{
    "best_epoch": 70,
    "best_val_performance": -0.6745300006866453,
    "val_performance_metric": "diff",
    "train_loss": 6.6980414390563965,
    "initial_pref_do": 0.17714285714285713,
    "final_pref_do": 0.17714285714285713,
    "best_pref_do": 0.17714285714285713
}