{
    "best_epoch": 62,
    "best_val_performance": -0.11691703319549518,
    "val_performance_metric": "diff",
    "train_loss": 3.977011203765869,
    "initial_pref_do": 0.17714285714285713,
    "final_pref_do": 0.3142857142857143,
    "best_pref_do": 0.33
}