{
    "best_epoch": 70,
    "best_val_performance": -0.05145791848500547,
    "val_performance_metric": "diff",
    "train_loss": 3.3043439388275146,
    "initial_do_mean": -7.7019068383893305,
    "final_do_mean": -6.198767555314441,
    "best_do_mean": -6.198767555314441,
    "initial_pp_mean": -7.168470065733966,
    "final_pp_mean": -5.361382338930579,
    "best_pp_mean": -5.361382338930579
}