{
    "best_epoch": 22,
    "best_val_performance": 2.943842953046164,
    "val_performance_metric": "diff",
    "train_loss": 2.186330556869507,
    "initial_pref_do": 0.14714285714285713,
    "final_pref_do": 0.13142857142857142,
    "best_pref_do": 0.13714285714285715
}