{
    "best_epoch": 36,
    "best_val_performance": 4.070152881940206,
    "val_performance_metric": "diff",
    "train_loss": 2.6002442836761475,
    "initial_do_mean": -7.701514281505762,
    "final_do_mean": -7.1827799851118135,
    "best_do_mean": -6.870834305535915,
    "initial_pp_mean": -7.167409739774816,
    "final_pp_mean": -5.401174088085399,
    "best_pp_mean": -5.172183595685398
}