{
    "best_epoch": 46,
    "best_val_performance": -0.04817879041035944,
    "val_performance_metric": "diff",
    "train_loss": 4.664384365081787,
    "initial_do_mean": -7.704225873531297,
    "final_do_mean": -5.939645995927411,
    "best_do_mean": -6.2930838957775475,
    "initial_pp_mean": -7.171374271196478,
    "final_pp_mean": -5.249856780907687,
    "best_pp_mean": -5.4972168789190405
}