{
    "best_epoch": 70,
    "best_val_performance": -0.48806946913401283,
    "val_performance_metric": "diff",
    "train_loss": 5.700754165649414,
    "initial_pref_do": 0.14714285714285713,
    "final_pref_do": 0.19714285714285715,
    "best_pref_do": 0.19714285714285715
}