{
    "best_epoch": 51,
    "best_val_performance": 3.4510613123575844,
    "val_performance_metric": "diff",
    "train_loss": 1.2331050634384155,
    "initial_pref_do": 0.15857142857142856,
    "final_pref_do": 0.06428571428571428,
    "best_pref_do": 0.10142857142857142
}