{"best_epoch": 49, "best_val_performance": 0.3076394160588585, "val_performance_metric": "diff", "train_loss": 1.7575209140777588, "generalization_initial_pref": 0.07714285714285714, "generalization_final_pref": 0.11428571428571428, "generalization_best_pref": 0.09571428571428571}