{
    "best_epoch": 35,
    "best_val_performance": 0.27808308601379395,
    "val_performance_metric": "diff",
    "train_loss": 2.923069477081299,
    "initial_do_mean": -6.766294811711167,
    "final_do_mean": -4.662275984792998,
    "best_do_mean": -4.42784113739476,
    "initial_pp_mean": -6.099363199869791,
    "final_pp_mean": -3.9447765827178953,
    "best_pp_mean": -3.7634262283643087
}