{
    "best_epoch": 70,
    "best_val_performance": -0.3670794169108076,
    "val_performance_metric": "diff",
    "train_loss": 7.307834625244141,
    "initial_dative_mean": -7.4641957052967,
    "final_dative_mean": -6.894178643909811,
    "best_dative_mean": -6.894178643909811
}