{
    "best_epoch": 44,
    "best_val_performance": 1.9609806807835897,
    "val_performance_metric": "diff",
    "train_loss": 1.9825801849365234,
    "initial_pref_do": 0.14714285714285713,
    "final_pref_do": 0.25857142857142856,
    "best_pref_do": 0.21571428571428572
}