{
    "best_epoch": 70,
    "best_val_performance": -0.10734088897705085,
    "val_performance_metric": "diff",
    "train_loss": 2.474763870239258,
    "initial_do_mean": -6.5041720303622155,
    "final_do_mean": -4.688208426851215,
    "best_do_mean": -4.688208426851215,
    "initial_pp_mean": -5.872063096364339,
    "final_pp_mean": -4.053227427270677,
    "best_pp_mean": -4.053227427270677
}