{
    "best_epoch": 70,
    "best_val_performance": -0.5295218642552699,
    "val_performance_metric": "diff",
    "train_loss": 8.915115356445312,
    "initial_dative_mean": -7.193586398634994,
    "final_dative_mean": -6.7678361503701465,
    "best_dative_mean": -6.7678361503701465
}