{
    "best_epoch": 26,
    "best_val_performance": 0.02996547857920362,
    "val_performance_metric": "diff",
    "train_loss": 3.4619343280792236,
    "initial_dative_mean": -7.193001342447181,
    "final_dative_mean": -5.490661765574015,
    "best_dative_mean": -5.3615595313192115
}