{
    "best_epoch": 51,
    "best_val_performance": -0.039269534746805945,
    "val_performance_metric": "diff",
    "train_loss": 1.807193398475647,
    "initial_do_mean": -6.557051024292455,
    "final_do_mean": -4.950221516869285,
    "best_do_mean": -4.950352962089307,
    "initial_pp_mean": -5.761875703599718,
    "final_pp_mean": -4.478789605034722,
    "best_pp_mean": -4.416197999318441
}