{
    "best_epoch": 1,
    "best_val_performance": -0.7078258546193439,
    "val_performance_metric": "diff",
    "train_loss": 6.205562114715576,
    "initial_dative_mean": -7.260211232461427,
    "final_dative_mean": -8.785827358912305,
    "best_dative_mean": -6.899347716953322
}