{
    "best_epoch": 66,
    "best_val_performance": 0.5226096630096437,
    "val_performance_metric": "diff",
    "train_loss": 2.293090343475342,
    "initial_pref_do": 0.1457142857142857,
    "final_pref_do": 0.22857142857142856,
    "best_pref_do": 0.24
}