{
    "best_epoch": 70,
    "best_val_performance": 1.0330422973632816,
    "val_performance_metric": "diff",
    "train_loss": 1.779319167137146,
    "initial_do_mean": -6.669163406256473,
    "final_do_mean": -6.844067668914795,
    "best_do_mean": -6.844067668914795,
    "initial_pp_mean": -5.820952304204305,
    "final_pp_mean": -6.723604774475097,
    "best_pp_mean": -6.723604774475097
}