{
    "best_epoch": 45,
    "best_val_performance": 1.7572788270314543,
    "val_performance_metric": "diff",
    "train_loss": 2.4071521759033203,
    "initial_do_mean": -7.837845009426738,
    "final_do_mean": -10.352310192446376,
    "best_do_mean": -9.805838277173597,
    "initial_pp_mean": -7.372683029315051,
    "final_pp_mean": -9.33706286724876,
    "best_pp_mean": -8.803179156429627
}