{
    "best_epoch": 51,
    "best_val_performance": 4.948201587994895,
    "val_performance_metric": "diff",
    "train_loss": 2.055568218231201,
    "initial_do_mean": -7.6728676765464074,
    "final_do_mean": -6.487039190392162,
    "best_do_mean": -5.961807561821716,
    "initial_pp_mean": -7.074291872276979,
    "final_pp_mean": -5.159946151691325,
    "best_pp_mean": -4.718893641934676
}