{
    "best_epoch": 70,
    "best_val_performance": -0.5671142053604123,
    "val_performance_metric": "diff",
    "train_loss": 5.501198768615723,
    "initial_pref_do": 0.1757142857142857,
    "final_pref_do": 0.19,
    "best_pref_do": 0.19
}