{
    "best_epoch": 70,
    "best_val_performance": 0.42709543069203715,
    "val_performance_metric": "diff",
    "train_loss": 1.916892409324646,
    "initial_do_mean": -7.70300723231116,
    "final_do_mean": -5.482419174077899,
    "best_do_mean": -5.482419174077899,
    "initial_pp_mean": -7.169690421749563,
    "final_pp_mean": -4.589850901856142,
    "best_pp_mean": -4.589850901856142
}