{
    "best_epoch": 70,
    "best_val_performance": -0.4442091576258349,
    "val_performance_metric": "diff",
    "train_loss": 3.8147976398468018,
    "initial_do_mean": -7.6907032721264414,
    "final_do_mean": -6.118583198896674,
    "best_do_mean": -6.118583198896674,
    "initial_pp_mean": -7.254990957063787,
    "final_pp_mean": -5.817658609502455,
    "best_pp_mean": -5.817658609502455
}