{
    "best_epoch": 70,
    "best_val_performance": -0.28684460639953624,
    "val_performance_metric": "diff",
    "train_loss": 4.382031440734863,
    "initial_do_mean": -6.667508765422936,
    "final_do_mean": -5.512804375272808,
    "best_do_mean": -5.512804375272808,
    "initial_pp_mean": -5.81960518360138,
    "final_pp_mean": -4.730258719126383,
    "best_pp_mean": -4.730258719126383
}