{
    "best_epoch": 40,
    "best_val_performance": 3.799770747820536,
    "val_performance_metric": "diff",
    "train_loss": 1.6959609985351562,
    "initial_dative_mean": -7.345158092808306,
    "final_dative_mean": -6.756395096144481,
    "best_dative_mean": -6.30521665347947
}