{
    "best_epoch": 46,
    "best_val_performance": 3.65921348253886,
    "val_performance_metric": "diff",
    "train_loss": 2.6862149238586426,
    "initial_dative_mean": -7.461747940869359,
    "final_dative_mean": -6.683393032230132,
    "best_dative_mean": -6.790630682518608
}