{
    "best_epoch": 70,
    "best_val_performance": 0.21054975986480695,
    "val_performance_metric": "diff",
    "train_loss": 2.082904100418091,
    "initial_dative_mean": -7.260724105681592,
    "final_dative_mean": -5.62308435935026,
    "best_dative_mean": -5.62308435935026
}