{
    "best_epoch": 43,
    "best_val_performance": 1.3370868206024173,
    "val_performance_metric": "diff",
    "train_loss": 0.9731298089027405,
    "initial_do_mean": -6.6688991951219965,
    "final_do_mean": -6.1523673736687865,
    "best_do_mean": -6.351332814765699,
    "initial_pp_mean": -5.8213270717197,
    "final_pp_mean": -5.621479784117804,
    "best_pp_mean": -6.026938218540615
}