{
    "best_epoch": 28,
    "best_val_performance": 0.03476380983988481,
    "val_performance_metric": "diff",
    "train_loss": 2.0815486907958984,
    "initial_do_mean": -7.687917054392571,
    "final_do_mean": -5.471432794318643,
    "best_do_mean": -5.224682682821917,
    "initial_pp_mean": -7.17482910787358,
    "final_pp_mean": -4.688190731581519,
    "best_pp_mean": -4.306194940034081
}