{
    "best_epoch": 70,
    "best_val_performance": -0.3418018674850458,
    "val_performance_metric": "diff",
    "train_loss": 5.471866130828857,
    "initial_dative_mean": -7.464479621390851,
    "final_dative_mean": -6.917493369844225,
    "best_dative_mean": -6.917493369844225
}