{
    "best_epoch": 70,
    "best_val_performance": 0.6052734295527138,
    "val_performance_metric": "diff",
    "train_loss": 2.8301405906677246,
    "initial_do_mean": -6.770377722653476,
    "final_do_mean": -4.3100710189703735,
    "best_do_mean": -4.3100710189703735,
    "initial_pp_mean": -6.101705220010546,
    "final_pp_mean": -4.142656358083089,
    "best_pp_mean": -4.142656358083089
}