{
    "best_epoch": 15,
    "best_val_performance": -0.21126141548156774,
    "val_performance_metric": "diff",
    "train_loss": 4.064881324768066,
    "initial_do_mean": -7.596468986466873,
    "final_do_mean": -5.53552418150181,
    "best_do_mean": -5.426816892485286,
    "initial_pp_mean": -7.151286788547741,
    "final_pp_mean": -5.306534011574352,
    "best_pp_mean": -5.094551354997298
}