{
    "best_epoch": 70,
    "best_val_performance": 2.2453123855590826,
    "val_performance_metric": "diff",
    "train_loss": 0.8227159380912781,
    "initial_do_mean": -7.69381570053655,
    "final_do_mean": -6.801421370617179,
    "best_do_mean": -6.801421370617179,
    "initial_pp_mean": -7.295336334845599,
    "final_pp_mean": -6.00777788197293,
    "best_pp_mean": -6.00777788197293
}