{
    "best_epoch": 50,
    "best_val_performance": 4.242608796755473,
    "val_performance_metric": "diff",
    "train_loss": 2.641019582748413,
    "initial_do_mean": -7.699834986481556,
    "final_do_mean": -7.579691263825395,
    "best_do_mean": -6.530738120855287,
    "initial_pp_mean": -7.166237826908336,
    "final_pp_mean": -6.936795318477294,
    "best_pp_mean": -5.861648691401762
}