{
    "best_epoch": 70,
    "best_val_performance": 0.4488967339197796,
    "val_performance_metric": "diff",
    "train_loss": 2.206005573272705,
    "initial_do_mean": -7.635492627703866,
    "final_do_mean": -5.608664197977199,
    "best_do_mean": -5.608664197977199,
    "initial_pp_mean": -6.991192946714514,
    "final_pp_mean": -4.632608198418337,
    "best_pp_mean": -4.632608198418337
}