{
    "best_epoch": 21,
    "best_val_performance": 2.204473252296448,
    "val_performance_metric": "diff",
    "train_loss": 3.123560905456543,
    "initial_do_mean": -6.543501683437463,
    "final_do_mean": -7.458928889939279,
    "best_do_mean": -5.825738666996811,
    "initial_pp_mean": -5.898299066225688,
    "final_pp_mean": -6.745052862167358,
    "best_pp_mean": -5.3361584663391115
}