{
    "best_epoch": 70,
    "best_val_performance": 1.9115622059504194,
    "val_performance_metric": "diff",
    "train_loss": 1.870134949684143,
    "initial_do_mean": -6.534295690420902,
    "final_do_mean": -5.817110632405137,
    "best_do_mean": -5.817110632405137,
    "initial_pp_mean": -5.900758327378167,
    "final_pp_mean": -5.31715173986223,
    "best_pp_mean": -5.31715173986223
}