{
    "best_epoch": 70,
    "best_val_performance": 0.09305110772450753,
    "val_performance_metric": "diff",
    "train_loss": 2.268246650695801,
    "initial_do_mean": -7.6334534197352655,
    "final_do_mean": -5.190301124786222,
    "best_do_mean": -5.190301124786222,
    "initial_pp_mean": -6.990773302667281,
    "final_pp_mean": -4.840005904085496,
    "best_pp_mean": -4.840005904085496
}