{
    "best_epoch": 19,
    "best_val_performance": 2.8139800214767465,
    "val_performance_metric": "diff",
    "train_loss": 3.325714111328125,
    "initial_dative_mean": -7.25903551585493,
    "final_dative_mean": -8.835256306574358,
    "best_dative_mean": -6.574292831950718
}