{
    "best_epoch": 70,
    "best_val_performance": -0.37660121758778864,
    "val_performance_metric": "diff",
    "train_loss": 6.477450847625732,
    "initial_dative_mean": -7.2567347329959535,
    "final_dative_mean": -6.950616938328882,
    "best_dative_mean": -6.950616938328882
}