{
    "best_epoch": 51,
    "best_val_performance": -0.060914096832275,
    "val_performance_metric": "diff",
    "train_loss": 2.1834046840667725,
    "initial_do_mean": -6.6330947370240185,
    "final_do_mean": -5.494783203529589,
    "best_do_mean": -5.466671851187042,
    "initial_pp_mean": -5.786892615424263,
    "final_pp_mean": -5.1370835701624555,
    "best_pp_mean": -5.172447877460056
}