{
    "best_epoch": 48,
    "best_val_performance": 0.5918516604105628,
    "val_performance_metric": "diff",
    "train_loss": 2.8939332962036133,
    "initial_do_mean": -6.6338605476148205,
    "final_do_mean": -4.6351732687516645,
    "best_do_mean": -4.697610502532034,
    "initial_pp_mean": -5.787743322054545,
    "final_pp_mean": -4.285917586750454,
    "best_pp_mean": -4.230058640903897
}