{
    "best_epoch": 23,
    "best_val_performance": -0.5973136281967157,
    "val_performance_metric": "diff",
    "train_loss": 2.7997798919677734,
    "initial_pref_do": 0.09857142857142857,
    "final_pref_do": 0.2057142857142857,
    "best_pref_do": 0.3914285714285714
}