{
    "best_epoch": 16,
    "best_val_performance": 2.047954524358113,
    "val_performance_metric": "diff",
    "train_loss": 3.226628065109253,
    "initial_do_mean": -7.956284408652505,
    "final_do_mean": -8.836975259143253,
    "best_do_mean": -6.607143127987551,
    "initial_pp_mean": -7.531180725378149,
    "final_pp_mean": -7.9446057922699875,
    "best_pp_mean": -6.099867090758155
}