{
    "best_epoch": 56,
    "best_val_performance": 4.795725768407186,
    "val_performance_metric": "diff",
    "train_loss": 2.0967485904693604,
    "initial_do_mean": -7.695153113021407,
    "final_do_mean": -6.544598164946534,
    "best_do_mean": -6.642004048408464,
    "initial_pp_mean": -7.296994153191061,
    "final_pp_mean": -6.082935867239447,
    "best_pp_mean": -6.115062292884378
}