{
    "best_epoch": 66,
    "best_val_performance": 0.05434082190195699,
    "val_performance_metric": "diff",
    "train_loss": 1.9417972564697266,
    "initial_pref_do": 0.1357142857142857,
    "final_pref_do": 0.08,
    "best_pref_do": 0.07
}