{
    "best_epoch": 70,
    "best_val_performance": -0.7100171248118086,
    "val_performance_metric": "diff",
    "train_loss": 6.727143287658691,
    "initial_dative_mean": -7.61185478048715,
    "final_dative_mean": -7.385751029204207,
    "best_dative_mean": -7.385751029204207
}