{
    "best_epoch": 51,
    "best_val_performance": 2.685831807454427,
    "val_performance_metric": "diff",
    "train_loss": 2.292628765106201,
    "initial_pref_do": 0.10142857142857142,
    "final_pref_do": 0.13,
    "best_pref_do": 0.1457142857142857
}