{
    "best_epoch": 23,
    "best_val_performance": 0.2661710786819462,
    "val_performance_metric": "diff",
    "train_loss": 2.727325916290283,
    "initial_pref_do": 0.12714285714285714,
    "final_pref_do": 0.03142857142857143,
    "best_pref_do": 0.054285714285714284
}