{
    "best_epoch": 70,
    "best_val_performance": -0.031255664825438956,
    "val_performance_metric": "diff",
    "train_loss": 2.203716278076172,
    "initial_do_mean": -6.634619364593968,
    "final_do_mean": -4.993643681208293,
    "best_do_mean": -4.993643681208293,
    "initial_pp_mean": -5.783469107415941,
    "final_pp_mean": -4.284415123197768,
    "best_pp_mean": -4.284415123197768
}