{
    "best_epoch": 70,
    "best_val_performance": 0.15494527975718242,
    "val_performance_metric": "diff",
    "train_loss": 1.9925774335861206,
    "initial_pref_do": 0.18142857142857144,
    "final_pref_do": 0.36142857142857143,
    "best_pref_do": 0.36142857142857143
}