{
    "best_epoch": 21,
    "best_val_performance": 0.297867204348246,
    "val_performance_metric": "diff",
    "train_loss": 3.2419345378875732,
    "initial_pref_do": 0.08428571428571428,
    "final_pref_do": 0.027142857142857142,
    "best_pref_do": 0.03857142857142857
}