{
    "best_epoch": 39,
    "best_val_performance": 2.039643394152322,
    "val_performance_metric": "diff",
    "train_loss": 2.605747938156128,
    "initial_do_mean": -7.694678354401921,
    "final_do_mean": -5.6914104562859205,
    "best_do_mean": -5.438047724407773,
    "initial_pp_mean": -7.296123031307669,
    "final_pp_mean": -5.60893363777329,
    "best_pp_mean": -5.33180604542003
}