{
    "best_epoch": 70,
    "best_val_performance": -0.558526296615601,
    "val_performance_metric": "diff",
    "train_loss": 6.410658359527588,
    "initial_pref_do": 0.1357142857142857,
    "final_pref_do": 0.14,
    "best_pref_do": 0.14
}