{
    "best_epoch": 28,
    "best_val_performance": 0.45169811089833534,
    "val_performance_metric": "diff",
    "train_loss": 3.012343168258667,
    "initial_do_mean": -7.953681473122087,
    "final_do_mean": -5.48435537967571,
    "best_do_mean": -5.16596101085807,
    "initial_pp_mean": -7.52887610617806,
    "final_pp_mean": -4.822967257920434,
    "best_pp_mean": -4.572444059918909
}