{
    "best_epoch": 70,
    "best_val_performance": -0.37671435038248635,
    "val_performance_metric": "diff",
    "train_loss": 3.8384149074554443,
    "initial_pref_do": 0.09714285714285714,
    "final_pref_do": 0.09857142857142857,
    "best_pref_do": 0.09857142857142857
}