{
    "best_epoch": 12,
    "best_val_performance": -0.010393737157185612,
    "val_performance_metric": "diff",
    "train_loss": 3.4413273334503174,
    "initial_do_mean": -6.5069826891928,
    "final_do_mean": -4.927853478807392,
    "best_do_mean": -4.205119563594009,
    "initial_pp_mean": -5.8755358775456745,
    "final_pp_mean": -4.280326035287645,
    "best_pp_mean": -3.7655748155381943
}