{
    "best_epoch": 15,
    "best_val_performance": 0.7569314988454181,
    "val_performance_metric": "diff",
    "train_loss": 3.0188944339752197,
    "initial_pref_do": 0.14857142857142858,
    "final_pref_do": 0.13857142857142857,
    "best_pref_do": 0.10142857142857142
}