{
    "best_epoch": 43,
    "best_val_performance": 0.6445695511500036,
    "val_performance_metric": "diff",
    "train_loss": 1.3721755743026733,
    "initial_dative_mean": -7.34419192940171,
    "final_dative_mean": -4.825626741288699,
    "best_dative_mean": -4.636106677745518
}