{
    "best_epoch": 70,
    "best_val_performance": -0.034594305356343114,
    "val_performance_metric": "diff",
    "train_loss": 4.317378044128418,
    "initial_do_mean": -6.668820308916496,
    "final_do_mean": -5.1188185908577655,
    "best_do_mean": -5.1188185908577655,
    "initial_pp_mean": -5.8226202885309855,
    "final_pp_mean": -4.3134897470474245,
    "best_pp_mean": -4.3134897470474245
}