{
    "best_epoch": 57,
    "best_val_performance": 1.8078395191828402,
    "val_performance_metric": "diff",
    "train_loss": 1.6924892663955688,
    "initial_dative_mean": -7.465776023808976,
    "final_dative_mean": -9.752908471383547,
    "best_dative_mean": -9.403626243970548
}