{
    "best_epoch": 13,
    "best_val_performance": 0.9258720175425212,
    "val_performance_metric": "diff",
    "train_loss": 2.123159885406494,
    "initial_pref_do": 0.14714285714285713,
    "final_pref_do": 0.025714285714285714,
    "best_pref_do": 0.08
}