{
    "best_epoch": 19,
    "best_val_performance": -0.24405457496643024,
    "val_performance_metric": "diff",
    "train_loss": 2.2633490562438965,
    "initial_pref_do": 0.09714285714285714,
    "final_pref_do": 0.12428571428571429,
    "best_pref_do": 0.14857142857142858
}