{
    "best_epoch": 59,
    "best_val_performance": 0.46522531668345213,
    "val_performance_metric": "diff",
    "train_loss": 2.39593505859375,
    "initial_do_mean": -6.530558307243116,
    "final_do_mean": -4.99528743281509,
    "best_do_mean": -4.908731918623953,
    "initial_pp_mean": -5.897456012831794,
    "final_pp_mean": -4.300782447391086,
    "best_pp_mean": -4.185433379809061
}