{
    "best_epoch": 51,
    "best_val_performance": 4.491014126141867,
    "val_performance_metric": "diff",
    "train_loss": 2.423588991165161,
    "initial_do_mean": -7.635120603927346,
    "final_do_mean": -7.053766077687574,
    "best_do_mean": -6.873170821819195,
    "initial_pp_mean": -6.9914910807329065,
    "final_pp_mean": -6.390803567451589,
    "best_pp_mean": -6.098641144528108
}