{
    "best_epoch": 70,
    "best_val_performance": -0.5636912918090822,
    "val_performance_metric": "diff",
    "train_loss": 6.589931488037109,
    "initial_pref_do": 0.13714285714285715,
    "final_pref_do": 0.16142857142857142,
    "best_pref_do": 0.16142857142857142
}