{
    "best_epoch": 15,
    "best_val_performance": -0.2964038276672367,
    "val_performance_metric": "diff",
    "train_loss": 4.30571174621582,
    "initial_pref_do": 0.14714285714285713,
    "final_pref_do": 0.12714285714285714,
    "best_pref_do": 0.23857142857142857
}