{
    "best_epoch": 34,
    "best_val_performance": 3.434564073880514,
    "val_performance_metric": "diff",
    "train_loss": 2.867744207382202,
    "initial_do_mean": -7.687368188486543,
    "final_do_mean": -8.962892445367435,
    "best_do_mean": -6.106902316212654,
    "initial_pp_mean": -7.1740259731517115,
    "final_pp_mean": -6.915104296978782,
    "best_pp_mean": -4.7289502603166245
}