{
    "best_epoch": 70,
    "best_val_performance": -0.5577727142969771,
    "val_performance_metric": "diff",
    "train_loss": 6.85645055770874,
    "initial_pref_do": 0.08285714285714285,
    "final_pref_do": 0.08857142857142856,
    "best_pref_do": 0.08857142857142856
}