{
    "best_epoch": 70,
    "best_val_performance": -0.3852498435974123,
    "val_performance_metric": "diff",
    "train_loss": 6.913974285125732,
    "initial_pref_do": 0.08428571428571428,
    "final_pref_do": 0.08571428571428572,
    "best_pref_do": 0.08571428571428572
}