{
    "best_epoch": 63,
    "best_val_performance": 1.980920852025351,
    "val_performance_metric": "diff",
    "train_loss": 2.187540292739868,
    "initial_do_mean": -6.748217186783299,
    "final_do_mean": -6.804378654017593,
    "best_do_mean": -7.000845313794685,
    "initial_pp_mean": -6.128962694274055,
    "final_pp_mean": -6.084031518300375,
    "best_pp_mean": -6.308914674652947
}