{
    "best_epoch": 70,
    "best_val_performance": 3.6589338207244886,
    "val_performance_metric": "diff",
    "train_loss": 2.38348126411438,
    "initial_dative_mean": -7.198882311756848,
    "final_dative_mean": -8.613665634777114,
    "best_dative_mean": -8.613665634777114
}