{
    "best_epoch": 46,
    "best_val_performance": 1.510442754427591,
    "val_performance_metric": "diff",
    "train_loss": 2.2766432762145996,
    "initial_do_mean": -7.691936734803887,
    "final_do_mean": -7.946180976754011,
    "best_do_mean": -7.1730434270792225,
    "initial_pp_mean": -7.177832027042613,
    "final_pp_mean": -6.819167534393423,
    "best_pp_mean": -6.218952828295091
}