{
    "best_epoch": 49,
    "best_val_performance": 1.4214292240142825,
    "val_performance_metric": "diff",
    "train_loss": 2.54852294921875,
    "initial_dative_mean": -7.319272553014477,
    "final_dative_mean": -6.567632400850107,
    "best_dative_mean": -6.11964080591648
}