{
    "best_epoch": 34,
    "best_val_performance": 3.174265069961548,
    "val_performance_metric": "diff",
    "train_loss": 2.119723081588745,
    "initial_dative_mean": -7.191685538194333,
    "final_dative_mean": -6.908662718116191,
    "best_dative_mean": -5.781542187720015
}