{
    "best_epoch": 70,
    "best_val_performance": -0.030361622174580383,
    "val_performance_metric": "diff",
    "train_loss": 3.299039125442505,
    "initial_do_mean": -7.958853391713874,
    "final_do_mean": -6.139598702968553,
    "best_do_mean": -6.139598702968553,
    "initial_pp_mean": -7.573983383178711,
    "final_pp_mean": -5.438848653961631,
    "best_pp_mean": -5.438848653961631
}