{
    "best_epoch": 70,
    "best_val_performance": -0.5475527111689242,
    "val_performance_metric": "diff",
    "train_loss": 6.901357173919678,
    "initial_dative_mean": -7.339230678234881,
    "final_dative_mean": -6.980645804028762,
    "best_dative_mean": -6.980645804028762
}