{
    "best_epoch": 5,
    "best_val_performance": 1.0414552211761476,
    "val_performance_metric": "diff",
    "train_loss": 3.602285623550415,
    "initial_do_mean": -6.5543724941484856,
    "final_do_mean": -15.39618407162753,
    "best_do_mean": -4.746285815672441,
    "initial_pp_mean": -5.758451882998148,
    "final_pp_mean": -16.186724620395236,
    "best_pp_mean": -4.805604071087307
}