{
    "best_epoch": 35,
    "best_val_performance": 1.023610922495524,
    "val_performance_metric": "diff",
    "train_loss": 1.7752056121826172,
    "initial_pref_do": 0.17714285714285713,
    "final_pref_do": 0.13285714285714287,
    "best_pref_do": 0.20285714285714285
}