{
    "best_epoch": 70,
    "best_val_performance": -0.007409733136495511,
    "val_performance_metric": "diff",
    "train_loss": 2.028104543685913,
    "initial_pref_do": 0.08428571428571428,
    "final_pref_do": 0.024285714285714285,
    "best_pref_do": 0.024285714285714285
}