{
    "best_epoch": 70,
    "best_val_performance": -0.4654128567377729,
    "val_performance_metric": "diff",
    "train_loss": 6.123291969299316,
    "initial_dative_mean": -7.2870764596420425,
    "final_dative_mean": -6.818113224896771,
    "best_dative_mean": -6.818113224896771
}