{
    "best_epoch": 69,
    "best_val_performance": 0.4828730328877766,
    "val_performance_metric": "diff",
    "train_loss": 2.53940749168396,
    "initial_do_mean": -7.674696642299031,
    "final_do_mean": -6.132592456978421,
    "best_do_mean": -6.136891461389009,
    "initial_pp_mean": -7.075410669691422,
    "final_pp_mean": -5.506410365946152,
    "best_pp_mean": -5.506021321871701
}