{
    "best_epoch": 26,
    "best_val_performance": 0.05066604137420683,
    "val_performance_metric": "diff",
    "train_loss": 3.73722767829895,
    "initial_do_mean": -6.5336678288199685,
    "final_do_mean": -4.905059328946201,
    "best_do_mean": -4.587125581683535,
    "initial_pp_mean": -5.90063660674625,
    "final_pp_mean": -4.552549086676704,
    "best_pp_mean": -4.307245670424567
}