{
    "best_epoch": 70,
    "best_val_performance": -0.1526169586181645,
    "val_performance_metric": "diff",
    "train_loss": 4.271193981170654,
    "initial_pref_do": 0.09857142857142857,
    "final_pref_do": 0.15,
    "best_pref_do": 0.15
}