{
    "best_epoch": 16,
    "best_val_performance": 1.4031123654047644,
    "val_performance_metric": "diff",
    "train_loss": 2.3914120197296143,
    "initial_do_mean": -6.559537503213593,
    "final_do_mean": -6.735658725102742,
    "best_do_mean": -5.149937661488851,
    "initial_pp_mean": -5.76596184571584,
    "final_pp_mean": -5.899070882797242,
    "best_pp_mean": -4.684379633267721
}