{
    "best_epoch": 70,
    "best_val_performance": -0.3381320508321126,
    "val_performance_metric": "diff",
    "train_loss": 2.741405963897705,
    "initial_dative_mean": -7.18970520280258,
    "final_dative_mean": -6.314558318309617,
    "best_dative_mean": -6.314558318309617
}