{
    "best_epoch": 70,
    "best_val_performance": -0.4159187809626266,
    "val_performance_metric": "diff",
    "train_loss": 5.6818318367004395,
    "initial_pref_do": 0.08428571428571428,
    "final_pref_do": 0.08571428571428572,
    "best_pref_do": 0.08571428571428572
}