{
    "best_epoch": 21,
    "best_val_performance": 0.07848143100738447,
    "val_performance_metric": "diff",
    "train_loss": 3.1915857791900635,
    "initial_do_mean": -6.509806185057669,
    "final_do_mean": -5.48187857541171,
    "best_do_mean": -5.16783662998315,
    "initial_pp_mean": -5.875827243593004,
    "final_pp_mean": -4.748549803098043,
    "best_pp_mean": -4.385038341416253
}