{
    "best_epoch": 36,
    "best_val_performance": 0.11663221836090099,
    "val_performance_metric": "diff",
    "train_loss": 2.201979875564575,
    "initial_dative_mean": -7.195528650492952,
    "final_dative_mean": -4.950514965064344,
    "best_dative_mean": -4.811133041193611
}