{
    "best_epoch": 5,
    "best_val_performance": -0.059479426542917935,
    "val_performance_metric": "diff",
    "train_loss": 4.368485450744629,
    "initial_pref_do": 0.1,
    "final_pref_do": 0.022857142857142857,
    "best_pref_do": 0.11142857142857143
}