{
    "best_epoch": 38,
    "best_val_performance": 1.9344704182942714,
    "val_performance_metric": "diff",
    "train_loss": 3.504117250442505,
    "initial_do_mean": -6.7432431466651686,
    "final_do_mean": -5.934073576782689,
    "best_do_mean": -5.540087324200255,
    "initial_pp_mean": -6.12499589920044,
    "final_pp_mean": -5.378176358011034,
    "best_pp_mean": -5.2204934226142035
}