{
    "best_epoch": 70,
    "best_val_performance": -0.563996036847433,
    "val_performance_metric": "diff",
    "train_loss": 7.752955913543701,
    "initial_pref_do": 0.17714285714285713,
    "final_pref_do": 0.21142857142857144,
    "best_pref_do": 0.21142857142857144
}