{
    "best_epoch": 28,
    "best_val_performance": 2.4982023096084607,
    "val_performance_metric": "diff",
    "train_loss": 2.254075050354004,
    "initial_pref_do": 0.12428571428571429,
    "final_pref_do": 0.08714285714285715,
    "best_pref_do": 0.18
}