{
    "best_epoch": 70,
    "best_val_performance": -0.18076558907826712,
    "val_performance_metric": "diff",
    "train_loss": 3.364415168762207,
    "initial_do_mean": -6.559832623510649,
    "final_do_mean": -4.671907489950007,
    "best_do_mean": -4.671907489950007,
    "initial_pp_mean": -5.764192687140571,
    "final_pp_mean": -4.09817717605167,
    "best_pp_mean": -4.09817717605167
}