{
    "best_epoch": 32,
    "best_val_performance": 3.464263035456339,
    "val_performance_metric": "diff",
    "train_loss": 2.1461098194122314,
    "initial_dative_mean": -7.2878054331617745,
    "final_dative_mean": -5.68776940933445,
    "best_dative_mean": -4.278865740836015
}