{
    "best_epoch": 70,
    "best_val_performance": -0.05342711925506549,
    "val_performance_metric": "diff",
    "train_loss": 2.945594310760498,
    "initial_dative_mean": -7.193768681489933,
    "final_dative_mean": -6.255789824396546,
    "best_dative_mean": -6.255789824396546
}