{
    "best_epoch": 20,
    "best_val_performance": 0.055830047925312876,
    "val_performance_metric": "diff",
    "train_loss": 2.9767425060272217,
    "initial_dative_mean": -7.192321344425804,
    "final_dative_mean": -5.220728014296259,
    "best_dative_mean": -5.02281942074759
}