{
    "best_epoch": 41,
    "best_val_performance": -0.15557307243347118,
    "val_performance_metric": "diff",
    "train_loss": 2.377840280532837,
    "initial_do_mean": -6.501695359836925,
    "final_do_mean": -4.898491512645375,
    "best_do_mean": -4.664085099191377,
    "initial_pp_mean": -5.870595457818773,
    "final_pp_mean": -4.222204743491279,
    "best_pp_mean": -3.964895807372199
}