{
    "best_epoch": 21,
    "best_val_performance": 0.07824776172637904,
    "val_performance_metric": "diff",
    "train_loss": 2.6839656829833984,
    "initial_pref_do": 0.09714285714285714,
    "final_pref_do": 0.07428571428571429,
    "best_pref_do": 0.03857142857142857
}