{
    "best_epoch": 6,
    "best_val_performance": 0.21831466356913243,
    "val_performance_metric": "diff",
    "train_loss": 2.50962233543396,
    "initial_pref_do": 0.14857142857142858,
    "final_pref_do": 0.06,
    "best_pref_do": 0.07142857142857142
}