{
    "best_epoch": 70,
    "best_val_performance": 0.07059984842936196,
    "val_performance_metric": "diff",
    "train_loss": 2.414088010787964,
    "initial_dative_mean": -7.304731186021838,
    "final_dative_mean": -5.343038294224711,
    "best_dative_mean": -5.343038294224711
}