{
    "best_epoch": 70,
    "best_val_performance": 1.6437270164489748,
    "val_performance_metric": "diff",
    "train_loss": 1.5326056480407715,
    "initial_pref_do": 0.17714285714285713,
    "final_pref_do": 0.26571428571428574,
    "best_pref_do": 0.26571428571428574
}