{
    "best_epoch": 70,
    "best_val_performance": 3.1925548903147387,
    "val_performance_metric": "diff",
    "train_loss": 1.7811802625656128,
    "initial_dative_mean": -7.194857810672961,
    "final_dative_mean": -11.1891687029635,
    "best_dative_mean": -11.1891687029635
}