{
    "best_epoch": 70,
    "best_val_performance": -0.5345034424463906,
    "val_performance_metric": "diff",
    "train_loss": 4.210570335388184,
    "initial_do_mean": -6.635273436344031,
    "final_do_mean": -5.870480712254842,
    "best_do_mean": -5.870480712254842,
    "initial_pp_mean": -5.785705486933391,
    "final_pp_mean": -5.293756270408631,
    "best_pp_mean": -5.293756270408631
}