{
    "best_epoch": 55,
    "best_val_performance": 7.260470863978069,
    "val_performance_metric": "diff",
    "train_loss": 2.865429401397705,
    "initial_do_mean": -6.532389269453106,
    "final_do_mean": -9.926744943676573,
    "best_do_mean": -8.141074722463435,
    "initial_pp_mean": -5.9000888427098594,
    "final_pp_mean": -8.701449669731987,
    "best_pp_mean": -7.2128814273410375
}