{
    "best_epoch": 70,
    "best_val_performance": -0.08644788265228254,
    "val_performance_metric": "diff",
    "train_loss": 3.4279873371124268,
    "initial_pref_do": 0.14714285714285713,
    "final_pref_do": 0.34285714285714286,
    "best_pref_do": 0.34285714285714286
}