{
    "best_epoch": 70,
    "best_val_performance": -0.6002768532435097,
    "val_performance_metric": "diff",
    "train_loss": 7.380259037017822,
    "initial_dative_mean": -7.315653601585076,
    "final_dative_mean": -7.165904686813466,
    "best_dative_mean": -7.165904686813466
}