{
    "best_epoch": 11,
    "best_val_performance": 0.6972964763641354,
    "val_performance_metric": "diff",
    "train_loss": 2.7443201541900635,
    "initial_do_mean": -6.557102805917913,
    "final_do_mean": -7.567531695510402,
    "best_do_mean": -5.397889632889719,
    "initial_pp_mean": -5.761038247744242,
    "final_pp_mean": -5.847394789589776,
    "best_pp_mean": -4.340195475684272
}