{
    "best_epoch": 70,
    "best_val_performance": 0.19258868853251165,
    "val_performance_metric": "diff",
    "train_loss": 1.9323756694793701,
    "initial_do_mean": -6.54308353915359,
    "final_do_mean": -4.485461576057203,
    "best_do_mean": -4.485461576057203,
    "initial_pp_mean": -5.897241844071282,
    "final_pp_mean": -3.981582654847039,
    "best_pp_mean": -3.981582654847039
}