{
    "best_epoch": 70,
    "best_val_performance": -0.36950216611226416,
    "val_performance_metric": "diff",
    "train_loss": 3.9499385356903076,
    "initial_do_mean": -7.688673639713332,
    "final_do_mean": -6.363370077901108,
    "best_do_mean": -6.363370077901108,
    "initial_pp_mean": -7.174579842651592,
    "final_pp_mean": -5.95807365249185,
    "best_pp_mean": -5.95807365249185
}