{
    "best_epoch": 70,
    "best_val_performance": -0.05356767336527479,
    "val_performance_metric": "diff",
    "train_loss": 2.5125200748443604,
    "initial_do_mean": -7.6948407202265985,
    "final_do_mean": -5.778699235514153,
    "best_do_mean": -5.778699235514153,
    "initial_pp_mean": -7.2967040370492375,
    "final_pp_mean": -5.065992180740132,
    "best_pp_mean": -5.065992180740132
}