{
    "best_epoch": 70,
    "best_val_performance": -0.04235847632090284,
    "val_performance_metric": "diff",
    "train_loss": 2.898475170135498,
    "initial_do_mean": -7.963376561569613,
    "final_do_mean": -5.657117611793584,
    "best_do_mean": -5.657117611793584,
    "initial_pp_mean": -7.5764484167098995,
    "final_pp_mean": -5.255575910035302,
    "best_pp_mean": -5.255575910035302
}