{
    "best_epoch": 70,
    "best_val_performance": -0.02948038101196282,
    "val_performance_metric": "diff",
    "train_loss": 2.969529151916504,
    "initial_dative_mean": -7.463142686420017,
    "final_dative_mean": -5.760736070878324,
    "best_dative_mean": -5.760736070878324
}