{
    "best_epoch": 70,
    "best_val_performance": -0.13574327627817784,
    "val_performance_metric": "diff",
    "train_loss": 3.5680465698242188,
    "initial_do_mean": -6.747557884274107,
    "final_do_mean": -4.588791685393362,
    "best_do_mean": -4.588791685393362,
    "initial_pp_mean": -6.127493119239807,
    "final_pp_mean": -4.139469896422492,
    "best_pp_mean": -4.139469896422492
}