{
    "best_epoch": 45,
    "best_val_performance": 1.4944348049163816,
    "val_performance_metric": "diff",
    "train_loss": 2.640929698944092,
    "initial_do_mean": -6.7469780791889535,
    "final_do_mean": -5.826736617810798,
    "best_do_mean": -6.042854145801429,
    "initial_pp_mean": -6.12640237543318,
    "final_pp_mean": -5.258354306221008,
    "best_pp_mean": -5.266163309415181
}