{
    "best_epoch": 70,
    "best_val_performance": -0.576038376490275,
    "val_performance_metric": "diff",
    "train_loss": 7.4032745361328125,
    "initial_pref_do": 0.17857142857142858,
    "final_pref_do": 0.18285714285714286,
    "best_pref_do": 0.18285714285714286
}