{
    "best_epoch": 35,
    "best_val_performance": -0.35602566878000896,
    "val_performance_metric": "diff",
    "train_loss": 5.301303863525391,
    "initial_pref_do": 0.15571428571428572,
    "final_pref_do": 0.05714285714285714,
    "best_pref_do": 0.09428571428571429
}