{
    "best_epoch": 28,
    "best_val_performance": 0.025952528317769286,
    "val_performance_metric": "diff",
    "train_loss": 1.8465999364852905,
    "initial_dative_mean": -7.26099402409548,
    "final_dative_mean": -5.949667477991149,
    "best_dative_mean": -5.353949990014584
}