{
    "best_epoch": 52,
    "best_val_performance": 1.9629612700144445,
    "val_performance_metric": "diff",
    "train_loss": 1.5670924186706543,
    "initial_do_mean": -7.603571385145187,
    "final_do_mean": -6.967571375328441,
    "best_do_mean": -6.098831583594167,
    "initial_pp_mean": -7.1588871906785405,
    "final_pp_mean": -6.401093126745785,
    "best_pp_mean": -5.751256285344853
}