{
    "best_epoch": 70,
    "best_val_performance": -0.5597644519805911,
    "val_performance_metric": "diff",
    "train_loss": 6.498315811157227,
    "initial_pref_do": 0.1357142857142857,
    "final_pref_do": 0.11571428571428571,
    "best_pref_do": 0.11571428571428571
}