{
    "best_epoch": 16,
    "best_val_performance": 0.0052467171351118225,
    "val_performance_metric": "diff",
    "train_loss": 2.2980754375457764,
    "initial_pref_do": 0.14857142857142858,
    "final_pref_do": 0.15857142857142856,
    "best_pref_do": 0.08714285714285715
}