{
    "best_epoch": 25,
    "best_val_performance": 0.1327594709396367,
    "val_performance_metric": "diff",
    "train_loss": 4.190016269683838,
    "initial_do_mean": -6.747142475301569,
    "final_do_mean": -5.60058201009577,
    "best_do_mean": -5.09473082224528,
    "initial_pp_mean": -6.127243415514628,
    "final_pp_mean": -4.748112397723728,
    "best_pp_mean": -4.5148226552539406
}