{
    "best_epoch": 37,
    "best_val_performance": 1.0206807820002233,
    "val_performance_metric": "diff",
    "train_loss": 1.8848153352737427,
    "initial_do_mean": -6.655968475341797,
    "final_do_mean": -6.113336995153716,
    "best_do_mean": -6.579929425499656,
    "initial_pp_mean": -5.914045680893792,
    "final_pp_mean": -5.047287946277194,
    "best_pp_mean": -5.181437783771091
}