{
    "best_epoch": 55,
    "best_val_performance": 0.14939934253692577,
    "val_performance_metric": "diff",
    "train_loss": 2.0413119792938232,
    "initial_pref_do": 0.18142857142857144,
    "final_pref_do": 0.21571428571428572,
    "best_pref_do": 0.19
}