{
    "best_epoch": 70,
    "best_val_performance": 3.797551383972168,
    "val_performance_metric": "diff",
    "train_loss": 1.9435718059539795,
    "initial_do_mean": -7.955995298402254,
    "final_do_mean": -7.565555215228436,
    "best_do_mean": -7.565555215228436,
    "initial_pp_mean": -7.529819595813751,
    "final_pp_mean": -6.82804593093255,
    "best_pp_mean": -6.82804593093255
}