{
    "best_epoch": 52,
    "best_val_performance": 2.788801474571229,
    "val_performance_metric": "diff",
    "train_loss": 1.7817018032073975,
    "initial_do_mean": -7.689269088728484,
    "final_do_mean": -6.6492414131414055,
    "best_do_mean": -6.379597724177117,
    "initial_pp_mean": -7.254832555265987,
    "final_pp_mean": -5.101366872296614,
    "best_pp_mean": -4.899072680052589
}