{
    "best_epoch": 70,
    "best_val_performance": 0.1739312076568602,
    "val_performance_metric": "diff",
    "train_loss": 2.3272218704223633,
    "initial_do_mean": -6.554740301767985,
    "final_do_mean": -5.336671762755423,
    "best_do_mean": -5.336671762755423,
    "initial_pp_mean": -5.759559814135233,
    "final_pp_mean": -5.021078207757738,
    "best_pp_mean": -5.021078207757738
}