{
    "best_epoch": 22,
    "best_val_performance": 1.7680921872456858,
    "val_performance_metric": "diff",
    "train_loss": 2.398529291152954,
    "initial_do_mean": -6.556611068320997,
    "final_do_mean": -7.617298116105975,
    "best_do_mean": -5.501159831249352,
    "initial_pp_mean": -5.761009422938029,
    "final_pp_mean": -7.183866278330485,
    "best_pp_mean": -4.987371275160048
}