{
    "best_epoch": 70,
    "best_val_performance": 0.4986918067932127,
    "val_performance_metric": "diff",
    "train_loss": 1.574892282485962,
    "initial_do_mean": -6.555827714457656,
    "final_do_mean": -4.935772195006862,
    "best_do_mean": -4.935772195006862,
    "initial_pp_mean": -5.759789082739088,
    "final_pp_mean": -4.403979460398356,
    "best_pp_mean": -4.403979460398356
}