{
    "best_epoch": 70,
    "best_val_performance": 0.03905841986338299,
    "val_performance_metric": "diff",
    "train_loss": 1.9442801475524902,
    "initial_dative_mean": -7.259397788703093,
    "final_dative_mean": -5.198773129467378,
    "best_dative_mean": -5.198773129467378
}