{
    "best_epoch": 12,
    "best_val_performance": 0.28545180161794015,
    "val_performance_metric": "diff",
    "train_loss": 2.143890857696533,
    "initial_do_mean": -7.6744491998539415,
    "final_do_mean": -6.138032860880674,
    "best_do_mean": -5.750688674838044,
    "initial_pp_mean": -7.07425069177852,
    "final_pp_mean": -5.718100073758293,
    "best_pp_mean": -5.330965667963028
}