{
    "best_epoch": 45,
    "best_val_performance": 1.3244521586100255,
    "val_performance_metric": "diff",
    "train_loss": 2.391709804534912,
    "initial_pref_do": 0.1357142857142857,
    "final_pref_do": 0.33,
    "best_pref_do": 0.2914285714285714
}