{
    "best_epoch": 54,
    "best_val_performance": 1.7228856039047242,
    "val_performance_metric": "diff",
    "train_loss": 2.0677249431610107,
    "initial_do_mean": -6.768092357751095,
    "final_do_mean": -6.237293513615926,
    "best_do_mean": -5.958902265086318,
    "initial_pp_mean": -6.099559235572815,
    "final_pp_mean": -5.483819039662679,
    "best_pp_mean": -5.282830262184143
}