{
    "best_epoch": 62,
    "best_val_performance": 1.7810764853159586,
    "val_performance_metric": "diff",
    "train_loss": 1.7828737497329712,
    "initial_do_mean": -7.958386387935905,
    "final_do_mean": -9.611197626867959,
    "best_do_mean": -9.383820307116176,
    "initial_pp_mean": -7.5729946360868565,
    "final_pp_mean": -8.875845760457656,
    "best_pp_mean": -8.663030856847763
}