{
    "best_epoch": 70,
    "best_val_performance": 0.10523846467336018,
    "val_performance_metric": "diff",
    "train_loss": 2.595668077468872,
    "initial_do_mean": -7.9603683033654855,
    "final_do_mean": -6.241686020826185,
    "best_do_mean": -6.241686020826185,
    "initial_pp_mean": -7.573976504101473,
    "final_pp_mean": -5.443690124680014,
    "best_pp_mean": -5.443690124680014
}