{
    "best_epoch": 19,
    "best_val_performance": 0.17176262855529778,
    "val_performance_metric": "diff",
    "train_loss": 2.728374481201172,
    "initial_do_mean": -6.532559133298469,
    "final_do_mean": -5.082888838739106,
    "best_do_mean": -5.051748963558313,
    "initial_pp_mean": -5.899913832876417,
    "final_pp_mean": -4.304603722360399,
    "best_pp_mean": -4.25269955529107
}