{
    "best_epoch": 60,
    "best_val_performance": 0.8819902865091951,
    "val_performance_metric": "diff",
    "train_loss": 1.8293007612228394,
    "initial_do_mean": -7.690871953271156,
    "final_do_mean": -8.086726957282355,
    "best_do_mean": -7.873102971980738,
    "initial_pp_mean": -7.177791907506831,
    "final_pp_mean": -7.363492986033944,
    "best_pp_mean": -7.17735808316399
}