{
    "best_epoch": 60,
    "best_val_performance": 0.407341160774231,
    "val_performance_metric": "diff",
    "train_loss": 1.9977781772613525,
    "initial_pref_do": 0.18142857142857144,
    "final_pref_do": 0.09142857142857143,
    "best_pref_do": 0.09
}