{
    "best_epoch": 70,
    "best_val_performance": -0.41508916536967,
    "val_performance_metric": "diff",
    "train_loss": 4.431151390075684,
    "initial_dative_mean": -7.283790997942986,
    "final_dative_mean": -5.921741371963456,
    "best_dative_mean": -5.921741371963456
}