{
    "best_epoch": 56,
    "best_val_performance": 3.0909806124369297,
    "val_performance_metric": "diff",
    "train_loss": 2.358218193054199,
    "initial_do_mean": -7.674346397782481,
    "final_do_mean": -6.5154103622880095,
    "best_do_mean": -6.598709364616593,
    "initial_pp_mean": -7.0752897500991825,
    "final_pp_mean": -5.354098864513285,
    "best_pp_mean": -5.327090575765161
}