{
    "best_epoch": 35,
    "best_val_performance": -0.08770516554514529,
    "val_performance_metric": "diff",
    "train_loss": 1.5402641296386719,
    "initial_do_mean": -6.549006884025805,
    "final_do_mean": -5.344427640510328,
    "best_do_mean": -4.866242314829971,
    "initial_pp_mean": -5.900317827860515,
    "final_pp_mean": -4.813548098670112,
    "best_pp_mean": -4.347022856606378
}