{
    "best_epoch": 41,
    "best_val_performance": 1.8061585187911993,
    "val_performance_metric": "diff",
    "train_loss": 1.6544427871704102,
    "initial_do_mean": -6.639244724042488,
    "final_do_mean": -8.334368403752645,
    "best_do_mean": -5.682754783919363,
    "initial_pp_mean": -5.788246244854397,
    "final_pp_mean": -6.010359556145138,
    "best_pp_mean": -4.877364285786947
}