{
    "best_epoch": 70,
    "best_val_performance": 2.298512063026429,
    "val_performance_metric": "diff",
    "train_loss": 1.9155536890029907,
    "initial_do_mean": -6.419826900597775,
    "final_do_mean": -6.571011885729703,
    "best_do_mean": -6.571011885729703,
    "initial_pp_mean": -5.7432049804263645,
    "final_pp_mean": -5.834644219610426,
    "best_pp_mean": -5.834644219610426
}