{
    "best_epoch": 15,
    "best_val_performance": 0.9763151915868127,
    "val_performance_metric": "diff",
    "train_loss": 2.430967330932617,
    "initial_do_mean": -6.506189849159934,
    "final_do_mean": -7.415337208545569,
    "best_do_mean": -4.556445425206965,
    "initial_pp_mean": -5.872683829731411,
    "final_pp_mean": -6.176168200704787,
    "best_pp_mean": -3.9372910499572753
}