{
    "best_epoch": 70,
    "best_val_performance": -0.2458471107482909,
    "val_performance_metric": "diff",
    "train_loss": 3.0901403427124023,
    "initial_dative_mean": -7.283821773110774,
    "final_dative_mean": -5.492749547923517,
    "best_dative_mean": -5.492749547923517
}