{
    "best_epoch": 70,
    "best_val_performance": -0.6592037677764893,
    "val_performance_metric": "diff",
    "train_loss": 6.673480033874512,
    "initial_dative_mean": -7.580595839790433,
    "final_dative_mean": -7.1884176162948386,
    "best_dative_mean": -7.1884176162948386
}