{
    "best_epoch": 22,
    "best_val_performance": 1.3763874467213952,
    "val_performance_metric": "diff",
    "train_loss": 2.6749911308288574,
    "initial_do_mean": -6.670373656532981,
    "final_do_mean": -8.16301992300785,
    "best_do_mean": -6.0449167049292365,
    "initial_pp_mean": -5.823596715927124,
    "final_pp_mean": -7.239762406879001,
    "best_pp_mean": -5.534502877129449
}