{
    "best_epoch": 46,
    "best_val_performance": 1.9193704430262244,
    "val_performance_metric": "diff",
    "train_loss": 1.0573846101760864,
    "initial_pref_do": 0.12714285714285714,
    "final_pref_do": 0.36714285714285716,
    "best_pref_do": 0.25857142857142856
}