{
    "best_epoch": 63,
    "best_val_performance": 1.5025634098052976,
    "val_performance_metric": "diff",
    "train_loss": 1.8572664260864258,
    "initial_do_mean": -7.600376373113588,
    "final_do_mean": -6.1141366345244785,
    "best_do_mean": -6.106581277278966,
    "initial_pp_mean": -7.155823568736806,
    "final_pp_mean": -4.969645323122249,
    "best_pp_mean": -4.964940433642443
}