{
    "best_epoch": 23,
    "best_val_performance": 0.49122335116068516,
    "val_performance_metric": "diff",
    "train_loss": 2.4277074337005615,
    "initial_do_mean": -6.769788548440644,
    "final_do_mean": -5.411628728924375,
    "best_do_mean": -4.459784996870792,
    "initial_pp_mean": -6.101321204503377,
    "final_pp_mean": -4.648005453745524,
    "best_pp_mean": -3.8562171339988707
}