{
    "best_epoch": 25,
    "best_val_performance": 0.5233022848765057,
    "val_performance_metric": "diff",
    "train_loss": 2.4851958751678467,
    "initial_dative_mean": -7.46267529119525,
    "final_dative_mean": -5.320542388666443,
    "best_dative_mean": -4.8864555212489345
}