{
    "best_epoch": 70,
    "best_val_performance": 0.13647414525349966,
    "val_performance_metric": "diff",
    "train_loss": 3.0927891731262207,
    "initial_pref_do": 0.17714285714285713,
    "final_pref_do": 0.08428571428571428,
    "best_pref_do": 0.08428571428571428
}