{
    "best_epoch": 70,
    "best_val_performance": 0.17504163424174024,
    "val_performance_metric": "diff",
    "train_loss": 3.9418318271636963,
    "initial_do_mean": -6.417901318001024,
    "final_do_mean": -5.273951663392963,
    "best_do_mean": -5.273951663392963,
    "initial_pp_mean": -5.7409864399168224,
    "final_pp_mean": -4.385211518075731,
    "best_pp_mean": -4.385211518075731
}