{
    "best_epoch": 70,
    "best_val_performance": -0.5217797438303631,
    "val_performance_metric": "diff",
    "train_loss": 3.6181657314300537,
    "initial_dative_mean": -7.6121975650564275,
    "final_dative_mean": -6.3748483936689055,
    "best_dative_mean": -6.3748483936689055
}