{
    "best_epoch": 70,
    "best_val_performance": -0.36327401002248205,
    "val_performance_metric": "diff",
    "train_loss": 3.500828742980957,
    "initial_dative_mean": -7.344557342822092,
    "final_dative_mean": -5.896040953565062,
    "best_dative_mean": -5.896040953565062
}