{
    "best_epoch": 70,
    "best_val_performance": -0.6947789446512864,
    "val_performance_metric": "diff",
    "train_loss": 7.497053623199463,
    "initial_pref_do": 0.12285714285714286,
    "final_pref_do": 0.15714285714285714,
    "best_pref_do": 0.15714285714285714
}