{
    "best_epoch": 70,
    "best_val_performance": -0.6407779264450078,
    "val_performance_metric": "diff",
    "train_loss": 5.7305803298950195,
    "initial_pref_do": 0.17714285714285713,
    "final_pref_do": 0.18,
    "best_pref_do": 0.18
}