{
    "best_epoch": 56,
    "best_val_performance": -0.034535500208536796,
    "val_performance_metric": "diff",
    "train_loss": 4.416918754577637,
    "initial_pref_do": 0.08571428571428572,
    "final_pref_do": 0.03428571428571429,
    "best_pref_do": 0.04857142857142857
}