{
    "best_epoch": 5,
    "best_val_performance": 0.3082482528686521,
    "val_performance_metric": "diff",
    "train_loss": 3.590573787689209,
    "initial_pref_do": 0.07714285714285714,
    "final_pref_do": 0.1442857142857143,
    "best_pref_do": 0.09571428571428571
}