{
    "best_epoch": 70,
    "best_val_performance": 3.3910729058583584,
    "val_performance_metric": "diff",
    "train_loss": 1.6338948011398315,
    "initial_pref_do": 0.18142857142857144,
    "final_pref_do": 0.037142857142857144,
    "best_pref_do": 0.037142857142857144
}