{
    "best_epoch": 70,
    "best_val_performance": -0.17858779907226552,
    "val_performance_metric": "diff",
    "train_loss": 3.1332225799560547,
    "initial_pref_do": 0.15714285714285714,
    "final_pref_do": 0.18285714285714286,
    "best_pref_do": 0.18285714285714286
}