{
    "best_epoch": 66,
    "best_val_performance": 1.2257165718078618,
    "val_performance_metric": "diff",
    "train_loss": 1.7028005123138428,
    "initial_pref_do": 0.15571428571428572,
    "final_pref_do": 0.05714285714285714,
    "best_pref_do": 0.07142857142857142
}