{
    "best_epoch": 44,
    "best_val_performance": 1.8676570256551104,
    "val_performance_metric": "diff",
    "train_loss": 1.7246122360229492,
    "initial_pref_do": 0.09714285714285714,
    "final_pref_do": 0.3314285714285714,
    "best_pref_do": 0.24714285714285714
}