{
    "best_epoch": 49,
    "best_val_performance": 1.1795018482208262,
    "val_performance_metric": "diff",
    "train_loss": 1.6689165830612183,
    "initial_do_mean": -7.957811787377956,
    "final_do_mean": -6.4326776262632634,
    "best_do_mean": -6.498608697292417,
    "initial_pp_mean": -7.531581794514375,
    "final_pp_mean": -5.863875380333732,
    "best_pp_mean": -5.762071467147154
}