{
    "best_epoch": 70,
    "best_val_performance": -0.2599250237147013,
    "val_performance_metric": "diff",
    "train_loss": 3.174668550491333,
    "initial_do_mean": -7.634972008854844,
    "final_do_mean": -5.843279477468757,
    "best_do_mean": -5.843279477468757,
    "initial_pp_mean": -6.991064059734344,
    "final_pp_mean": -5.221275243338416,
    "best_pp_mean": -5.221275243338416
}