{
    "best_epoch": 70,
    "best_val_performance": 0.9638175582885751,
    "val_performance_metric": "diff",
    "train_loss": 1.6282403469085693,
    "initial_pref_do": 0.14857142857142858,
    "final_pref_do": 0.06,
    "best_pref_do": 0.06
}