{
    "best_epoch": 16,
    "best_val_performance": 2.379119017918903,
    "val_performance_metric": "diff",
    "train_loss": 2.6615586280822754,
    "initial_do_mean": -7.689849436283112,
    "final_do_mean": -8.540270042280818,
    "best_do_mean": -7.290540202759033,
    "initial_pp_mean": -7.177107933689566,
    "final_pp_mean": -8.29249363155926,
    "best_pp_mean": -6.184971347275902
}