{
    "best_epoch": 18,
    "best_val_performance": 1.2966882006327314,
    "val_performance_metric": "diff",
    "train_loss": 2.912350654602051,
    "initial_dative_mean": -7.280511256198437,
    "final_dative_mean": -6.529683682130791,
    "best_dative_mean": -5.602909685575474
}