{
    "best_epoch": 16,
    "best_val_performance": 0.9153147443135579,
    "val_performance_metric": "diff",
    "train_loss": 2.4997096061706543,
    "initial_do_mean": -6.545272973089507,
    "final_do_mean": -7.0789790659239795,
    "best_do_mean": -5.181191471851233,
    "initial_pp_mean": -5.89900156127082,
    "final_pp_mean": -5.589814760949877,
    "best_pp_mean": -4.101494836807251
}