{
    "best_epoch": 70,
    "best_val_performance": 0.0014789628982541103,
    "val_performance_metric": "diff",
    "train_loss": 3.166797637939453,
    "initial_do_mean": -7.696476839309515,
    "final_do_mean": -6.522109710199889,
    "best_do_mean": -6.522109710199889,
    "initial_pp_mean": -7.2980698452276345,
    "final_pp_mean": -5.595780758296742,
    "best_pp_mean": -5.595780758296742
}