{
    "best_epoch": 70,
    "best_val_performance": -0.2200906801223761,
    "val_performance_metric": "diff",
    "train_loss": 3.4208178520202637,
    "initial_do_mean": -6.669892581303914,
    "final_do_mean": -4.808622760483713,
    "best_do_mean": -4.808622760483713,
    "initial_pp_mean": -5.821932707892524,
    "final_pp_mean": -4.339627573225234,
    "best_pp_mean": -4.339627573225234
}