{
    "best_epoch": 22,
    "best_val_performance": 1.325335389773051,
    "val_performance_metric": "diff",
    "train_loss": 0.9690703749656677,
    "initial_do_mean": -7.6377296239830725,
    "final_do_mean": -6.703131566214007,
    "best_do_mean": -6.431495056942452,
    "initial_pp_mean": -6.9948260426521305,
    "final_pp_mean": -5.466401328760035,
    "best_pp_mean": -5.1142212930847615
}