{
    "best_epoch": 70,
    "best_val_performance": -0.5559298912684119,
    "val_performance_metric": "diff",
    "train_loss": 6.335219860076904,
    "initial_dative_mean": -7.309354534971784,
    "final_dative_mean": -7.051418893169939,
    "best_dative_mean": -7.051418893169939
}