{
    "best_epoch": 70,
    "best_val_performance": -0.33009553114573187,
    "val_performance_metric": "diff",
    "train_loss": 3.335245132446289,
    "initial_do_mean": -7.693724197703738,
    "final_do_mean": -6.2153624067472855,
    "best_do_mean": -6.2153624067472855,
    "initial_pp_mean": -7.258180659658769,
    "final_pp_mean": -5.993466896169326,
    "best_pp_mean": -5.993466896169326
}