{
    "best_epoch": 70,
    "best_val_performance": -0.26472270011901866,
    "val_performance_metric": "diff",
    "train_loss": 3.5390892028808594,
    "initial_dative_mean": -7.310158664371535,
    "final_dative_mean": -5.870844536357456,
    "best_dative_mean": -5.870844536357456
}