{
    "best_epoch": 70,
    "best_val_performance": -0.33131481647491423,
    "val_performance_metric": "diff",
    "train_loss": 4.135507583618164,
    "initial_do_mean": -7.696642441805019,
    "final_do_mean": -6.052651566821475,
    "best_do_mean": -6.052651566821475,
    "initial_pp_mean": -7.162035369171816,
    "final_pp_mean": -5.597363275640151,
    "best_pp_mean": -5.597363275640151
}