{
    "best_epoch": 25,
    "best_val_performance": 0.46870221138000456,
    "val_performance_metric": "diff",
    "train_loss": 2.4206109046936035,
    "initial_pref_do": 0.09714285714285714,
    "final_pref_do": 0.13285714285714287,
    "best_pref_do": 0.11285714285714285
}