{
    "best_epoch": 70,
    "best_val_performance": -0.39675350030263257,
    "val_performance_metric": "diff",
    "train_loss": 6.009911060333252,
    "initial_pref_do": 0.1457142857142857,
    "final_pref_do": 0.17714285714285713,
    "best_pref_do": 0.17714285714285713
}