{
    "best_epoch": 47,
    "best_val_performance": 3.3821380360921225,
    "val_performance_metric": "diff",
    "train_loss": 0.8424668312072754,
    "initial_pref_do": 0.1357142857142857,
    "final_pref_do": 0.27714285714285714,
    "best_pref_do": 0.2714285714285714
}