{
    "best_epoch": 70,
    "best_val_performance": 0.07157257239023807,
    "val_performance_metric": "diff",
    "train_loss": 3.495941162109375,
    "initial_do_mean": -7.835500345673672,
    "final_do_mean": -6.1389839219492535,
    "best_do_mean": -6.1389839219492535,
    "initial_pp_mean": -7.370296908827389,
    "final_pp_mean": -5.857319164626738,
    "best_pp_mean": -5.857319164626738
}