{
    "best_epoch": 66,
    "best_val_performance": 0.17221532821655305,
    "val_performance_metric": "diff",
    "train_loss": 2.2029194831848145,
    "initial_pref_do": 0.1357142857142857,
    "final_pref_do": 0.3414285714285714,
    "best_pref_do": 0.33714285714285713
}