{
    "best_epoch": 36,
    "best_val_performance": 3.8540677976608277,
    "val_performance_metric": "diff",
    "train_loss": 2.03593373298645,
    "initial_do_mean": -6.530518232692372,
    "final_do_mean": -6.354530976035378,
    "best_do_mean": -5.8216895377997195,
    "initial_pp_mean": -5.898009737332662,
    "final_pp_mean": -5.808292738596598,
    "best_pp_mean": -5.3431053903367784
}