{
    "best_epoch": 59,
    "best_val_performance": -0.2714359378814697,
    "val_performance_metric": "diff",
    "train_loss": 2.5058717727661133,
    "initial_do_mean": -6.555626211744366,
    "final_do_mean": -5.523336770317771,
    "best_do_mean": -5.536561458761041,
    "initial_pp_mean": -5.760704445838928,
    "final_pp_mean": -5.130077711741129,
    "best_pp_mean": -5.171323990821838
}