{
    "best_epoch": 29,
    "best_val_performance": 3.7727515856424976,
    "val_performance_metric": "diff",
    "train_loss": 1.9089118242263794,
    "initial_dative_mean": -7.26013467953219,
    "final_dative_mean": -8.674037458952407,
    "best_dative_mean": -7.303361910477019
}