{
    "best_epoch": 24,
    "best_val_performance": 1.7388474591573075,
    "val_performance_metric": "diff",
    "train_loss": 2.1282174587249756,
    "initial_do_mean": -7.9573592342609585,
    "final_do_mean": -8.630683808825736,
    "best_do_mean": -8.771146849490876,
    "initial_pp_mean": -7.573425431111279,
    "final_pp_mean": -8.31122276186943,
    "best_pp_mean": -7.872512249034994
}