{
    "best_epoch": 11,
    "best_val_performance": 0.13058461507161478,
    "val_performance_metric": "diff",
    "train_loss": 3.9442086219787598,
    "initial_do_mean": -6.421197483756325,
    "final_do_mean": -5.12515500386556,
    "best_do_mean": -5.15400602311799,
    "initial_pp_mean": -5.7444978184170195,
    "final_pp_mean": -4.308331391546461,
    "best_pp_mean": -4.474107466803657
}