{
    "best_epoch": 40,
    "best_val_performance": 3.032554802894591,
    "val_performance_metric": "diff",
    "train_loss": 2.140509843826294,
    "initial_dative_mean": -7.257595544321495,
    "final_dative_mean": -7.758555053793199,
    "best_dative_mean": -7.7063157598526155
}