{
    "best_epoch": 70,
    "best_val_performance": -0.2733586661020908,
    "val_performance_metric": "diff",
    "train_loss": 3.1838085651397705,
    "initial_dative_mean": -7.608277531046617,
    "final_dative_mean": -5.887335796628082,
    "best_dative_mean": -5.887335796628082
}