{
    "best_epoch": 2,
    "best_val_performance": -0.298219525019328,
    "val_performance_metric": "diff",
    "train_loss": 4.875381946563721,
    "initial_pref_do": 0.12857142857142856,
    "final_pref_do": 0.13,
    "best_pref_do": 0.22285714285714286
}