{
    "best_epoch": 51,
    "best_val_performance": 1.4918760744730637,
    "val_performance_metric": "diff",
    "train_loss": 2.4607667922973633,
    "initial_do_mean": -6.41872457446474,
    "final_do_mean": -7.092086419192228,
    "best_do_mean": -7.150546518961589,
    "initial_pp_mean": -5.741667914390564,
    "final_pp_mean": -6.049280990494622,
    "best_pp_mean": -6.033382770750258
}