{
    "best_epoch": 27,
    "best_val_performance": 1.5161572901407876,
    "val_performance_metric": "diff",
    "train_loss": 2.3473024368286133,
    "initial_do_mean": -6.545132626909198,
    "final_do_mean": -6.007789757757476,
    "best_do_mean": -4.749371798833211,
    "initial_pp_mean": -5.898265642589993,
    "final_pp_mean": -5.115864284833273,
    "best_pp_mean": -3.9494463152355617
}