{
    "best_epoch": 23,
    "best_val_performance": 0.21797317345937106,
    "val_performance_metric": "diff",
    "train_loss": 1.9181147813796997,
    "initial_pref_do": 0.14714285714285713,
    "final_pref_do": 0.25142857142857145,
    "best_pref_do": 0.2
}