{
    "best_epoch": 7,
    "best_val_performance": 0.20044890721638975,
    "val_performance_metric": "diff",
    "train_loss": 3.325622081756592,
    "initial_dative_mean": -7.610447383066367,
    "final_dative_mean": -8.90897163400176,
    "best_dative_mean": -7.033808025003177
}