{
    "best_epoch": 11,
    "best_val_performance": 0.9913879521687825,
    "val_performance_metric": "diff",
    "train_loss": 3.24127197265625,
    "initial_do_mean": -7.670937575573145,
    "final_do_mean": -9.60971452850242,
    "best_do_mean": -5.81906572018945,
    "initial_pp_mean": -7.072531963095946,
    "final_pp_mean": -8.045332774344612,
    "best_pp_mean": -5.260937174979378
}