{
    "best_epoch": 70,
    "best_val_performance": -0.25896543502807656,
    "val_performance_metric": "diff",
    "train_loss": 3.468533754348755,
    "initial_pref_do": 0.15571428571428572,
    "final_pref_do": 0.06285714285714286,
    "best_pref_do": 0.06285714285714286
}