{
    "best_epoch": 69,
    "best_val_performance": -0.4355625883738199,
    "val_performance_metric": "diff",
    "train_loss": 2.1198627948760986,
    "initial_pref_do": 0.1357142857142857,
    "final_pref_do": 0.10714285714285714,
    "best_pref_do": 0.10857142857142857
}