{
    "best_epoch": 70,
    "best_val_performance": 0.06350988229115728,
    "val_performance_metric": "diff",
    "train_loss": 1.4634665250778198,
    "initial_do_mean": -7.696399974961613,
    "final_do_mean": -6.258089867442153,
    "best_do_mean": -6.258089867442153,
    "initial_pp_mean": -7.29834054848727,
    "final_pp_mean": -5.286504529153599,
    "best_pp_mean": -5.286504529153599
}