{
    "best_epoch": 15,
    "best_val_performance": 0.22297615528106718,
    "val_performance_metric": "diff",
    "train_loss": 2.695418357849121,
    "initial_pref_do": 0.07714285714285714,
    "final_pref_do": 0.12285714285714286,
    "best_pref_do": 0.11
}