{
    "best_epoch": 66,
    "best_val_performance": 0.630575790405274,
    "val_performance_metric": "diff",
    "train_loss": 1.1383883953094482,
    "initial_dative_mean": -7.197963002829524,
    "final_dative_mean": -5.046311208553481,
    "best_dative_mean": -5.040103407805426
}