{
    "best_epoch": 70,
    "best_val_performance": -0.4897341092427565,
    "val_performance_metric": "diff",
    "train_loss": 4.932325839996338,
    "initial_pref_do": 0.09714285714285714,
    "final_pref_do": 0.11571428571428571,
    "best_pref_do": 0.11571428571428571
}