{
    "best_epoch": 22,
    "best_val_performance": 0.34255757490793837,
    "val_performance_metric": "diff",
    "train_loss": 1.6696678400039673,
    "initial_dative_mean": -7.340336731651373,
    "final_dative_mean": -5.079016030531878,
    "best_dative_mean": -5.074929610591883
}