{
    "best_epoch": 60,
    "best_val_performance": 0.8819902865091951,
    "val_performance_metric": "diff",
    "train_loss": 1.8293007612228394,
    "initial_do_mean": -6.673025973637899,
    "final_do_mean": -7.187375302748246,
    "best_do_mean": -6.95699667930603,
    "initial_pp_mean": -5.827141120698717,
    "final_pp_mean": -6.877419794930352,
    "best_pp_mean": -6.692282025019328
}