{
    "best_epoch": 70,
    "best_val_performance": 1.369371585845947,
    "val_performance_metric": "diff",
    "train_loss": 2.410550832748413,
    "initial_dative_mean": -7.606941523607711,
    "final_dative_mean": -7.816339172815022,
    "best_dative_mean": -7.816339172815022
}