{
    "best_epoch": 41,
    "best_val_performance": 0.05520664374033668,
    "val_performance_metric": "diff",
    "train_loss": 2.1639153957366943,
    "initial_do_mean": -7.599170012529506,
    "final_do_mean": -6.077211904664372,
    "best_do_mean": -5.52830818503402,
    "initial_pp_mean": -7.153774119124693,
    "final_pp_mean": -5.688040170248817,
    "best_pp_mean": -5.289636367910049
}