{
    "best_epoch": 70,
    "best_val_performance": -0.7301804272333783,
    "val_performance_metric": "diff",
    "train_loss": 6.083649158477783,
    "initial_dative_mean": -7.5805605395495546,
    "final_dative_mean": -7.2914552890766435,
    "best_dative_mean": -7.2914552890766435
}