{
    "best_epoch": 50,
    "best_val_performance": 1.8165745099385573,
    "val_performance_metric": "diff",
    "train_loss": 2.0689032077789307,
    "initial_pref_do": 0.1,
    "final_pref_do": 0.13,
    "best_pref_do": 0.10571428571428572
}