{
    "best_epoch": 70,
    "best_val_performance": -0.3612929884592697,
    "val_performance_metric": "diff",
    "train_loss": 5.77123498916626,
    "initial_dative_mean": -7.464307250683768,
    "final_dative_mean": -6.9203646496722575,
    "best_dative_mean": -6.9203646496722575
}