{
    "best_epoch": 24,
    "best_val_performance": -0.16409406344095867,
    "val_performance_metric": "diff",
    "train_loss": 3.545595407485962,
    "initial_pref_do": 0.15571428571428572,
    "final_pref_do": 0.07857142857142857,
    "best_pref_do": 0.06857142857142857
}