{
    "best_epoch": 47,
    "best_val_performance": 1.5693075990676872,
    "val_performance_metric": "diff",
    "train_loss": 1.5675820112228394,
    "initial_dative_mean": -7.34338438998886,
    "final_dative_mean": -6.241252364296662,
    "best_dative_mean": -6.275349457187263
}