{
    "best_epoch": 29,
    "best_val_performance": 0.11955266316731716,
    "val_performance_metric": "diff",
    "train_loss": 1.8903244733810425,
    "initial_do_mean": -6.506922463214758,
    "final_do_mean": -5.157724066936608,
    "best_do_mean": -4.817915485844468,
    "initial_pp_mean": -5.873235691918267,
    "final_pp_mean": -4.257774845759074,
    "best_pp_mean": -3.934832074907091
}