{
    "best_epoch": 53,
    "best_val_performance": 0.634299195607503,
    "val_performance_metric": "diff",
    "train_loss": 1.400456190109253,
    "initial_do_mean": -6.636725422830293,
    "final_do_mean": -4.659613353555852,
    "best_do_mean": -4.426443156329069,
    "initial_pp_mean": -5.788852424091763,
    "final_pp_mean": -3.986608375443353,
    "best_pp_mean": -3.820611075560252
}