{
    "best_epoch": 14,
    "best_val_performance": 0.1808408546447744,
    "val_performance_metric": "diff",
    "train_loss": 3.7270889282226562,
    "initial_pref_do": 0.12714285714285714,
    "final_pref_do": 0.36,
    "best_pref_do": 0.07571428571428572
}