{
    "best_epoch": 35,
    "best_val_performance": 0.36393038431803326,
    "val_performance_metric": "diff",
    "train_loss": 1.6226835250854492,
    "initial_pref_do": 0.18142857142857144,
    "final_pref_do": 0.16428571428571428,
    "best_pref_do": 0.18428571428571427
}