{
    "best_epoch": 28,
    "best_val_performance": -0.34837662061055497,
    "val_performance_metric": "diff",
    "train_loss": 2.9984495639801025,
    "initial_do_mean": -7.690783975429313,
    "final_do_mean": -6.120960990010306,
    "best_do_mean": -5.880859933966814,
    "initial_pp_mean": -7.176417207717895,
    "final_pp_mean": -5.707673223930247,
    "best_pp_mean": -5.470058935530045
}