{
    "best_epoch": 24,
    "best_val_performance": -0.21617172718048128,
    "val_performance_metric": "diff",
    "train_loss": 2.1017391681671143,
    "initial_do_mean": -6.5465193011543965,
    "final_do_mean": -4.6251150246822474,
    "best_do_mean": -4.383740399100564,
    "initial_pp_mean": -5.900697064399719,
    "final_pp_mean": -4.482852244377137,
    "best_pp_mean": -4.252869394090441
}