{
    "best_epoch": 20,
    "best_val_performance": 1.6843788067499803,
    "val_performance_metric": "diff",
    "train_loss": 1.6636018753051758,
    "initial_pref_do": 0.18142857142857144,
    "final_pref_do": 0.16142857142857142,
    "best_pref_do": 0.22
}