{
    "best_epoch": 70,
    "best_val_performance": 1.9795144208272308,
    "val_performance_metric": "diff",
    "train_loss": 1.811510443687439,
    "initial_dative_mean": -7.282480107413398,
    "final_dative_mean": -8.454856813476797,
    "best_dative_mean": -8.454856813476797
}