{
    "best_epoch": 6,
    "best_val_performance": 0.6174057801564539,
    "val_performance_metric": "diff",
    "train_loss": 3.8722317218780518,
    "initial_do_mean": -6.5513214400320345,
    "final_do_mean": -9.147812126622055,
    "best_do_mean": -5.763500582088124,
    "initial_pp_mean": -5.904587986734178,
    "final_pp_mean": -8.152162673738268,
    "best_pp_mean": -5.00062489244673
}