{
    "best_epoch": 70,
    "best_val_performance": 0.04032838821411122,
    "val_performance_metric": "diff",
    "train_loss": 2.135255813598633,
    "initial_do_mean": -6.531492857499556,
    "final_do_mean": -5.0841976555910975,
    "best_do_mean": -5.0841976555910975,
    "initial_pp_mean": -5.8971128781636555,
    "final_pp_mean": -4.900017947620816,
    "best_pp_mean": -4.900017947620816
}