{
    "best_epoch": 70,
    "best_val_performance": -0.042603276570638116,
    "val_performance_metric": "diff",
    "train_loss": 3.021743059158325,
    "initial_do_mean": -6.5490638834057435,
    "final_do_mean": -5.268535924680306,
    "best_do_mean": -5.268535924680306,
    "initial_pp_mean": -5.9045309782028195,
    "final_pp_mean": -4.726449153158399,
    "best_pp_mean": -4.726449153158399
}