{
    "best_epoch": 6,
    "best_val_performance": -0.017111790974935204,
    "val_performance_metric": "diff",
    "train_loss": 5.005978107452393,
    "initial_do_mean": -7.695617061714794,
    "final_do_mean": -6.051337163462195,
    "best_do_mean": -6.243242643600286,
    "initial_pp_mean": -7.296708514409906,
    "final_pp_mean": -5.715818805554334,
    "best_pp_mean": -5.861752107564141
}