{
    "best_epoch": 70,
    "best_val_performance": -0.23920574665069516,
    "val_performance_metric": "diff",
    "train_loss": 3.9099879264831543,
    "initial_pref_do": 0.07714285714285714,
    "final_pref_do": 0.19142857142857142,
    "best_pref_do": 0.19142857142857142
}