{
    "best_epoch": 70,
    "best_val_performance": -0.49976031621297157,
    "val_performance_metric": "diff",
    "train_loss": 7.115914821624756,
    "initial_pref_do": 0.17714285714285713,
    "final_pref_do": 0.16714285714285715,
    "best_pref_do": 0.16714285714285715
}