{
    "best_epoch": 70,
    "best_val_performance": -0.46746729532877573,
    "val_performance_metric": "diff",
    "train_loss": 3.422678232192993,
    "initial_do_mean": -6.672927886789496,
    "final_do_mean": -5.798885323784568,
    "best_do_mean": -5.798885323784568,
    "initial_pp_mean": -5.823730317751567,
    "final_pp_mean": -4.78797692987654,
    "best_pp_mean": -4.78797692987654
}