{
    "best_epoch": 70,
    "best_val_performance": 2.3056578286488856,
    "val_performance_metric": "diff",
    "train_loss": 1.7444415092468262,
    "initial_pref_do": 0.13428571428571429,
    "final_pref_do": 0.06428571428571428,
    "best_pref_do": 0.06428571428571428
}