{
    "best_epoch": 70,
    "best_val_performance": -0.5058909432093301,
    "val_performance_metric": "diff",
    "train_loss": 5.1047844886779785,
    "initial_dative_mean": -7.195358669200139,
    "final_dative_mean": -6.717902502469849,
    "best_dative_mean": -6.717902502469849
}