{
    "best_epoch": 51,
    "best_val_performance": 2.441564216613769,
    "val_performance_metric": "diff",
    "train_loss": 1.1146446466445923,
    "initial_do_mean": -7.695562218510827,
    "final_do_mean": -6.998790617252505,
    "best_do_mean": -6.601363446130309,
    "initial_pp_mean": -7.29748362863765,
    "final_pp_mean": -6.051741409827681,
    "best_pp_mean": -5.658782704086865
}