{
    "best_epoch": 70,
    "best_val_performance": -0.5327376079559327,
    "val_performance_metric": "diff",
    "train_loss": 6.443347454071045,
    "initial_pref_do": 0.17857142857142858,
    "final_pref_do": 0.21142857142857144,
    "best_pref_do": 0.21142857142857144
}