{
    "best_epoch": 39,
    "best_val_performance": -0.0018829838434850643,
    "val_performance_metric": "diff",
    "train_loss": 2.3651883602142334,
    "initial_pref_do": 0.17714285714285713,
    "final_pref_do": 0.05857142857142857,
    "best_pref_do": 0.07142857142857142
}