{
    "best_epoch": 70,
    "best_val_performance": -0.07125147978464685,
    "val_performance_metric": "diff",
    "train_loss": 3.621082067489624,
    "initial_dative_mean": -7.257686712239918,
    "final_dative_mean": -5.634989050396702,
    "best_dative_mean": -5.634989050396702
}