{
    "best_epoch": 46,
    "best_val_performance": 2.1021270561218257,
    "val_performance_metric": "diff",
    "train_loss": 1.485517144203186,
    "initial_dative_mean": -7.1913075429654265,
    "final_dative_mean": -5.954961360720863,
    "best_dative_mean": -5.9195136675360605
}