{
    "best_epoch": 17,
    "best_val_performance": 0.06237936019897461,
    "val_performance_metric": "diff",
    "train_loss": 3.672783374786377,
    "initial_dative_mean": -7.609050289929262,
    "final_dative_mean": -5.523480797894517,
    "best_dative_mean": -5.237531214952469
}