{
    "best_epoch": 8,
    "best_val_performance": 0.2850651359558105,
    "val_performance_metric": "diff",
    "train_loss": 3.3412559032440186,
    "initial_do_mean": -7.956424389467683,
    "final_do_mean": -6.839161066814911,
    "best_do_mean": -5.468785336197809,
    "initial_pp_mean": -7.5305236928603225,
    "final_pp_mean": -6.377122511933831,
    "best_pp_mean": -5.082633510757895
}