{
    "best_epoch": 25,
    "best_val_performance": 0.1909386142094922,
    "val_performance_metric": "diff",
    "train_loss": 1.8316116333007812,
    "initial_do_mean": -7.634477428225583,
    "final_do_mean": -5.283050249135772,
    "best_do_mean": -4.893926757366159,
    "initial_pp_mean": -6.991160629777347,
    "final_pp_mean": -4.787818695867763,
    "best_pp_mean": -4.481488207859152
}