{
    "best_epoch": 70,
    "best_val_performance": -0.18385848522186254,
    "val_performance_metric": "diff",
    "train_loss": 2.9962565898895264,
    "initial_pref_do": 0.14714285714285713,
    "final_pref_do": 0.06714285714285714,
    "best_pref_do": 0.06714285714285714
}