{
    "best_epoch": 68,
    "best_val_performance": 1.9356890010833734,
    "val_performance_metric": "diff",
    "train_loss": 1.795065999031067,
    "initial_pref_do": 0.12714285714285714,
    "final_pref_do": 0.24857142857142858,
    "best_pref_do": 0.25142857142857145
}