{
    "best_epoch": 26,
    "best_val_performance": -0.07647292137145989,
    "val_performance_metric": "diff",
    "train_loss": 3.0844547748565674,
    "initial_pref_do": 0.17714285714285713,
    "final_pref_do": 0.07,
    "best_pref_do": 0.06
}