{
    "best_epoch": 52,
    "best_val_performance": -0.11762710412343402,
    "val_performance_metric": "diff",
    "train_loss": 2.783541440963745,
    "initial_pref_do": 0.15714285714285714,
    "final_pref_do": 0.07571428571428572,
    "best_pref_do": 0.06714285714285714
}