{
    "best_epoch": 14,
    "best_val_performance": -0.051750923792521775,
    "val_performance_metric": "diff",
    "train_loss": 3.1513993740081787,
    "initial_do_mean": -6.669296816623572,
    "final_do_mean": -5.242660012389674,
    "best_do_mean": -5.0135132428371545,
    "initial_pp_mean": -5.821254722277323,
    "final_pp_mean": -4.256258794996474,
    "best_pp_mean": -4.080331304338244
}