{
    "best_epoch": 59,
    "best_val_performance": 3.3598064899444573,
    "val_performance_metric": "diff",
    "train_loss": 1.0464473962783813,
    "initial_do_mean": -7.69495618412661,
    "final_do_mean": -10.608194592040638,
    "best_do_mean": -10.356228504416555,
    "initial_pp_mean": -7.296947820046369,
    "final_pp_mean": -9.769067894009982,
    "best_pp_mean": -9.548848198792514
}