{
    "best_epoch": 70,
    "best_val_performance": -0.07627359072367401,
    "val_performance_metric": "diff",
    "train_loss": 3.4350392818450928,
    "initial_do_mean": -6.667717107137045,
    "final_do_mean": -4.671346216490774,
    "best_do_mean": -4.671346216490774,
    "initial_pp_mean": -5.822794985771179,
    "final_pp_mean": -4.0041226678424415,
    "best_pp_mean": -4.0041226678424415
}