{
    "best_epoch": 62,
    "best_val_performance": 0.1466372315088904,
    "val_performance_metric": "diff",
    "train_loss": 2.6892170906066895,
    "initial_do_mean": -7.677747991195945,
    "final_do_mean": -5.529389616361884,
    "best_do_mean": -5.548912423987721,
    "initial_pp_mean": -7.07790108498405,
    "final_pp_mean": -5.241863077528336,
    "best_pp_mean": -5.234495716235217
}