{
    "best_epoch": 22,
    "best_val_performance": 0.16954556306203283,
    "val_performance_metric": "diff",
    "train_loss": 2.5127291679382324,
    "initial_dative_mean": -7.341139826509687,
    "final_dative_mean": -5.1414762299660355,
    "best_dative_mean": -4.674167892911978
}