{
    "best_epoch": 70,
    "best_val_performance": 0.5027108478546154,
    "val_performance_metric": "diff",
    "train_loss": 1.526955246925354,
    "initial_dative_mean": -7.191121730539534,
    "final_dative_mean": -8.755948615178728,
    "best_dative_mean": -8.755948615178728
}