{
    "best_epoch": 21,
    "best_val_performance": 0.5313416846593224,
    "val_performance_metric": "diff",
    "train_loss": 3.2133171558380127,
    "initial_do_mean": -6.5584045164512865,
    "final_do_mean": -13.056656060074316,
    "best_do_mean": -7.823708787108913,
    "initial_pp_mean": -5.763792027367486,
    "final_pp_mean": -12.451299296485054,
    "best_pp_mean": -7.444748571183946
}