{
    "best_epoch": 69,
    "best_val_performance": 0.37819362640380927,
    "val_performance_metric": "diff",
    "train_loss": 1.7214844226837158,
    "initial_dative_mean": -7.2878054331617745,
    "final_dative_mean": -4.88006049690888,
    "best_dative_mean": -4.878822398638865
}