{
    "best_epoch": 19,
    "best_val_performance": 0.14844450950622612,
    "val_performance_metric": "diff",
    "train_loss": 2.5151915550231934,
    "initial_pref_do": 0.17857142857142858,
    "final_pref_do": 0.24714285714285714,
    "best_pref_do": 0.21571428571428572
}