{
    "best_epoch": 70,
    "best_val_performance": -0.5440919621785483,
    "val_performance_metric": "diff",
    "train_loss": 5.545663833618164,
    "initial_dative_mean": -7.313760531576056,
    "final_dative_mean": -6.963825428695009,
    "best_dative_mean": -6.963825428695009
}