{
    "best_epoch": 70,
    "best_val_performance": -0.6352465184529619,
    "val_performance_metric": "diff",
    "train_loss": 6.32038688659668,
    "initial_pref_do": 0.17714285714285713,
    "final_pref_do": 0.19428571428571428,
    "best_pref_do": 0.19428571428571428
}