{
    "best_epoch": 25,
    "best_val_performance": 0.08541193962097182,
    "val_performance_metric": "diff",
    "train_loss": 3.0691075325012207,
    "initial_dative_mean": -7.308121572112479,
    "final_dative_mean": -5.633775555948068,
    "best_dative_mean": -5.532645412355835
}