{
    "best_epoch": 36,
    "best_val_performance": 2.6994310514132174,
    "val_performance_metric": "diff",
    "train_loss": 2.492919445037842,
    "initial_do_mean": -6.54308353915359,
    "final_do_mean": -6.343393610462998,
    "best_do_mean": -6.46000654480674,
    "initial_pp_mean": -5.897241844071282,
    "final_pp_mean": -5.596180584695604,
    "best_pp_mean": -5.888912264506022
}