{
    "best_epoch": 36,
    "best_val_performance": 0.23215806484222412,
    "val_performance_metric": "diff",
    "train_loss": 1.7661255598068237,
    "initial_dative_mean": -7.198815850137967,
    "final_dative_mean": -5.226017735506359,
    "best_dative_mean": -5.078363001869436
}