{
    "best_epoch": 70,
    "best_val_performance": -0.2379970757166543,
    "val_performance_metric": "diff",
    "train_loss": 3.2853169441223145,
    "initial_do_mean": -7.596302812182626,
    "final_do_mean": -6.254973718593287,
    "best_do_mean": -6.254973718593287,
    "initial_pp_mean": -7.151457325851216,
    "final_pp_mean": -5.557158230683383,
    "best_pp_mean": -5.557158230683383
}