{
    "best_epoch": 31,
    "best_val_performance": -0.39070149262746146,
    "val_performance_metric": "diff",
    "train_loss": 3.953068971633911,
    "initial_pref_do": 0.09857142857142857,
    "final_pref_do": 0.05142857142857143,
    "best_pref_do": 0.14
}