{
    "best_epoch": 70,
    "best_val_performance": -0.137856194178263,
    "val_performance_metric": "diff",
    "train_loss": 3.9777109622955322,
    "initial_dative_mean": -7.577585833811621,
    "final_dative_mean": -5.686484656487292,
    "best_dative_mean": -5.686484656487292
}