{
    "best_epoch": 17,
    "best_val_performance": -0.23611608505249038,
    "val_performance_metric": "diff",
    "train_loss": 4.0873003005981445,
    "initial_do_mean": -6.5333463047489975,
    "final_do_mean": -5.845054250774962,
    "best_do_mean": -5.380861746181141,
    "initial_pp_mean": -5.8982225206163195,
    "final_pp_mean": -4.999526943100824,
    "best_pp_mean": -4.829593017366197
}