{
    "best_epoch": 46,
    "best_val_performance": 0.4225629885991413,
    "val_performance_metric": "diff",
    "train_loss": 2.201936960220337,
    "initial_do_mean": -7.952997642201047,
    "final_do_mean": -6.085560343986334,
    "best_do_mean": -5.864223038041314,
    "initial_pp_mean": -7.527230676482706,
    "final_pp_mean": -5.055518935357823,
    "best_pp_mean": -4.881046742200851
}