{
    "best_epoch": 36,
    "best_val_performance": -0.006946854591369345,
    "val_performance_metric": "diff",
    "train_loss": 1.5974547863006592,
    "initial_pref_do": 0.1357142857142857,
    "final_pref_do": 0.07,
    "best_pref_do": 0.05857142857142857
}