{
    "best_epoch": 29,
    "best_val_performance": 0.2497209930419917,
    "val_performance_metric": "diff",
    "train_loss": 2.42842960357666,
    "initial_do_mean": -7.6730958452058395,
    "final_do_mean": -6.143216077324956,
    "best_do_mean": -5.788116281115731,
    "initial_pp_mean": -7.073391821805169,
    "final_pp_mean": -5.362057781570098,
    "best_pp_mean": -5.115116699653513
}