{
    "best_epoch": 70,
    "best_val_performance": 0.22574195702870714,
    "val_performance_metric": "diff",
    "train_loss": 2.6365344524383545,
    "initial_do_mean": -6.7513155128016615,
    "final_do_mean": -4.9140787167982625,
    "best_do_mean": -4.9140787167982625,
    "initial_pp_mean": -6.131580797831218,
    "final_pp_mean": -4.44979215198093,
    "best_pp_mean": -4.44979215198093
}