{
    "best_epoch": 39,
    "best_val_performance": 1.3685037581125892,
    "val_performance_metric": "diff",
    "train_loss": 1.9243865013122559,
    "initial_pref_do": 0.14714285714285713,
    "final_pref_do": 0.02857142857142857,
    "best_pref_do": 0.037142857142857144
}