{
    "best_epoch": 25,
    "best_val_performance": 0.01775168577830044,
    "val_performance_metric": "diff",
    "train_loss": 3.4320178031921387,
    "initial_do_mean": -7.596253038838852,
    "final_do_mean": -5.729518439880637,
    "best_do_mean": -5.586487455076949,
    "initial_pp_mean": -7.15129092020147,
    "final_pp_mean": -5.562830112611546,
    "best_pp_mean": -5.2682481653550095
}