{
    "best_epoch": 70,
    "best_val_performance": -0.6610716978708897,
    "val_performance_metric": "diff",
    "train_loss": 6.504843711853027,
    "initial_dative_mean": -7.197909472281473,
    "final_dative_mean": -7.002868598664713,
    "best_dative_mean": -7.002868598664713
}