{
    "best_epoch": 58,
    "best_val_performance": 0.5872159544626872,
    "val_performance_metric": "diff",
    "train_loss": 2.0955140590667725,
    "initial_pref_do": 0.15857142857142856,
    "final_pref_do": 0.18428571428571427,
    "best_pref_do": 0.18142857142857144
}