{
    "best_epoch": 27,
    "best_val_performance": 0.24102634588877425,
    "val_performance_metric": "diff",
    "train_loss": 2.611654758453369,
    "initial_do_mean": -7.959849635528964,
    "final_do_mean": -6.0574495851300485,
    "best_do_mean": -5.957101455261541,
    "initial_pp_mean": -7.574676835536957,
    "final_pp_mean": -5.813083397640901,
    "best_pp_mean": -5.635033052809098
}