{
    "best_epoch": 70,
    "best_val_performance": -0.0782640965779624,
    "val_performance_metric": "diff",
    "train_loss": 4.022423267364502,
    "initial_do_mean": -7.956424389467683,
    "final_do_mean": -6.24176097609276,
    "best_do_mean": -6.24176097609276,
    "initial_pp_mean": -7.5305236928603225,
    "final_pp_mean": -5.75964502026053,
    "best_pp_mean": -5.75964502026053
}