{
    "best_epoch": 70,
    "best_val_performance": 0.6495975065231319,
    "val_performance_metric": "diff",
    "train_loss": 1.5757434368133545,
    "initial_pref_do": 0.1357142857142857,
    "final_pref_do": 0.07142857142857142,
    "best_pref_do": 0.07142857142857142
}