{
    "best_epoch": 44,
    "best_val_performance": 2.40649624824524,
    "val_performance_metric": "diff",
    "train_loss": 1.3365286588668823,
    "initial_do_mean": -7.6973418122114134,
    "final_do_mean": -7.109004408467648,
    "best_do_mean": -6.8031944511241695,
    "initial_pp_mean": -7.2989501904038825,
    "final_pp_mean": -5.561796101401834,
    "best_pp_mean": -5.256119303843555
}