{
    "best_epoch": 70,
    "best_val_performance": 1.2013041845957435,
    "val_performance_metric": "diff",
    "train_loss": 1.5250955820083618,
    "initial_dative_mean": -7.344452642906479,
    "final_dative_mean": -5.752566517793644,
    "best_dative_mean": -5.752566517793644
}