{
    "best_epoch": 53,
    "best_val_performance": -0.17432031154632543,
    "val_performance_metric": "diff",
    "train_loss": 2.1047966480255127,
    "initial_pref_do": 0.09714285714285714,
    "final_pref_do": 0.14285714285714285,
    "best_pref_do": 0.15857142857142856
}