{
    "best_epoch": 60,
    "best_val_performance": 2.5769504610697425,
    "val_performance_metric": "diff",
    "train_loss": 1.7292064428329468,
    "initial_do_mean": -6.41540543238322,
    "final_do_mean": -5.614418976234667,
    "best_do_mean": -5.496482792767611,
    "initial_pp_mean": -5.740977848900689,
    "final_pp_mean": -4.891749962170919,
    "best_pp_mean": -4.720923630396525
}