{
    "best_epoch": 11,
    "best_val_performance": 1.4024659490585325,
    "val_performance_metric": "diff",
    "train_loss": 3.038041114807129,
    "initial_dative_mean": -7.308911564754464,
    "final_dative_mean": -8.029640414561445,
    "best_dative_mean": -6.10874696799189
}