{
    "best_epoch": 70,
    "best_val_performance": -0.6225707324345908,
    "val_performance_metric": "diff",
    "train_loss": 6.240494728088379,
    "initial_pref_do": 0.18142857142857144,
    "final_pref_do": 0.18714285714285714,
    "best_pref_do": 0.18714285714285714
}