{
    "best_epoch": 32,
    "best_val_performance": 4.1299409564336145,
    "val_performance_metric": "diff",
    "train_loss": 2.067430019378662,
    "initial_dative_mean": -7.340460031353242,
    "final_dative_mean": -9.128386293935497,
    "best_dative_mean": -7.992958296460715
}