{
    "best_epoch": 70,
    "best_val_performance": -0.3896639982859291,
    "val_performance_metric": "diff",
    "train_loss": 4.487583160400391,
    "initial_dative_mean": -7.4694195686028015,
    "final_dative_mean": -5.9111736336646725,
    "best_dative_mean": -5.9111736336646725
}