{
    "best_epoch": 70,
    "best_val_performance": -0.3473582394917809,
    "val_performance_metric": "diff",
    "train_loss": 3.7005646228790283,
    "initial_dative_mean": -7.609424362754264,
    "final_dative_mean": -6.480540785176015,
    "best_dative_mean": -6.480540785176015
}