{
    "best_epoch": 35,
    "best_val_performance": 2.252096007664999,
    "val_performance_metric": "diff",
    "train_loss": 2.77148699760437,
    "initial_dative_mean": -7.469823515206053,
    "final_dative_mean": -8.232085123222474,
    "best_dative_mean": -7.021920234139203
}