{
    "best_epoch": 70,
    "best_val_performance": 0.2155642175674437,
    "val_performance_metric": "diff",
    "train_loss": 2.077083110809326,
    "initial_dative_mean": -7.193995943194942,
    "final_dative_mean": -5.361439739925819,
    "best_dative_mean": -5.361439739925819
}