{
    "best_epoch": 70,
    "best_val_performance": 0.05296544233957867,
    "val_performance_metric": "diff",
    "train_loss": 1.960336685180664,
    "initial_do_mean": -6.63790357763117,
    "final_do_mean": -4.690303269299593,
    "best_do_mean": -4.690303269299593,
    "initial_pp_mean": -5.788699542151557,
    "final_pp_mean": -4.104479479789734,
    "best_pp_mean": -4.104479479789734
}