{
    "best_epoch": 47,
    "best_val_performance": 0.6989657052357989,
    "val_performance_metric": "diff",
    "train_loss": 1.6743767261505127,
    "initial_pref_do": 0.08428571428571428,
    "final_pref_do": 0.2042857142857143,
    "best_pref_do": 0.20714285714285716
}