{
    "best_epoch": 70,
    "best_val_performance": -0.6259685055414836,
    "val_performance_metric": "diff",
    "train_loss": 6.0287766456604,
    "initial_pref_do": 0.07714285714285714,
    "final_pref_do": 0.08142857142857143,
    "best_pref_do": 0.08142857142857143
}