{
    "best_epoch": 62,
    "best_val_performance": 2.9038083251317346,
    "val_performance_metric": "diff",
    "train_loss": 2.3932931423187256,
    "initial_pref_do": 0.14714285714285713,
    "final_pref_do": 0.03142857142857143,
    "best_pref_do": 0.03
}