{
    "best_epoch": 58,
    "best_val_performance": 3.3047370338439936,
    "val_performance_metric": "diff",
    "train_loss": 1.9264744520187378,
    "initial_do_mean": -7.963003707486529,
    "final_do_mean": -7.030683902460475,
    "best_do_mean": -7.161183210999467,
    "initial_pp_mean": -7.5773514361942516,
    "final_pp_mean": -5.922345684205784,
    "best_pp_mean": -6.0463106775985045
}