{
    "best_epoch": 55,
    "best_val_performance": 0.34961042086283367,
    "val_performance_metric": "diff",
    "train_loss": 1.8578883409500122,
    "initial_do_mean": -7.6756878980370455,
    "final_do_mean": -5.45210465095764,
    "best_do_mean": -5.377982757465784,
    "initial_pp_mean": -7.076197007824393,
    "final_pp_mean": -4.649607088986565,
    "best_pp_mean": -4.611600490527994
}