{
    "best_epoch": 70,
    "best_val_performance": -0.2058195447921749,
    "val_performance_metric": "diff",
    "train_loss": 4.22249698638916,
    "initial_do_mean": -6.65748622489698,
    "final_do_mean": -5.128055516156283,
    "best_do_mean": -5.128055516156283,
    "initial_pp_mean": -5.91571896870931,
    "final_pp_mean": -4.4554223802354604,
    "best_pp_mean": -4.4554223802354604
}