{
    "best_epoch": 70,
    "best_val_performance": -0.475565406481425,
    "val_performance_metric": "diff",
    "train_loss": 3.8531172275543213,
    "initial_do_mean": -7.962538335905519,
    "final_do_mean": -6.7045743999093075,
    "best_do_mean": -6.7045743999093075,
    "initial_pp_mean": -7.577086681478164,
    "final_pp_mean": -6.186112206122455,
    "best_pp_mean": -6.186112206122455
}