{
    "best_epoch": 70,
    "best_val_performance": 4.220653257369994,
    "val_performance_metric": "diff",
    "train_loss": 2.589595317840576,
    "initial_do_mean": -6.418076619234952,
    "final_do_mean": -7.988706890741984,
    "best_do_mean": -7.988706890741984,
    "initial_pp_mean": -5.741670393943787,
    "final_pp_mean": -7.11241479449802,
    "best_pp_mean": -7.11241479449802
}