{
    "best_epoch": 27,
    "best_val_performance": 2.0168100531895963,
    "val_performance_metric": "diff",
    "train_loss": 1.8689571619033813,
    "initial_do_mean": -6.556198318076857,
    "final_do_mean": -5.975631186456392,
    "best_do_mean": -5.609819225831465,
    "initial_pp_mean": -5.758757919735379,
    "final_pp_mean": -5.344040422969394,
    "best_pp_mean": -4.995844570795695
}