{
    "best_epoch": 70,
    "best_val_performance": -0.33700004577636644,
    "val_performance_metric": "diff",
    "train_loss": 1.6284186840057373,
    "initial_pref_do": 0.12714285714285714,
    "final_pref_do": 0.18142857142857144,
    "best_pref_do": 0.18142857142857144
}