{
    "best_epoch": 26,
    "best_val_performance": 0.13096308708190918,
    "val_performance_metric": "diff",
    "train_loss": 2.873542308807373,
    "initial_pref_do": 0.08285714285714285,
    "final_pref_do": 0.10571428571428572,
    "best_pref_do": 0.16714285714285715
}