{
    "best_epoch": 31,
    "best_val_performance": 1.1925061130523673,
    "val_performance_metric": "diff",
    "train_loss": 1.159197449684143,
    "initial_do_mean": -7.689865774193476,
    "final_do_mean": -7.314010123527328,
    "best_do_mean": -6.5822870932346165,
    "initial_pp_mean": -7.176454069333918,
    "final_pp_mean": -6.623472629224553,
    "best_pp_mean": -5.964331267861759
}