{
    "best_epoch": 34,
    "best_val_performance": 4.6222071329752605,
    "val_performance_metric": "diff",
    "train_loss": 2.1365957260131836,
    "initial_pref_do": 0.17714285714285713,
    "final_pref_do": 0.07285714285714286,
    "best_pref_do": 0.06142857142857143
}