{
    "best_epoch": 67,
    "best_val_performance": -0.19742000261942483,
    "val_performance_metric": "diff",
    "train_loss": 3.841580629348755,
    "initial_do_mean": -7.637321832568147,
    "final_do_mean": -5.593741729855537,
    "best_do_mean": -5.625034772032915,
    "initial_pp_mean": -6.9943994767525615,
    "final_pp_mean": -5.275831784570919,
    "best_pp_mean": -5.299006940687404
}