{
    "best_epoch": 30,
    "best_val_performance": -0.3982390451431277,
    "val_performance_metric": "diff",
    "train_loss": 2.326486349105835,
    "initial_do_mean": -6.509442339521466,
    "final_do_mean": -5.145540198412808,
    "best_do_mean": -5.103880233475656,
    "initial_pp_mean": -5.875560998916626,
    "final_pp_mean": -4.415092616611057,
    "best_pp_mean": -4.386682942178514
}