{
    "best_epoch": 58,
    "best_val_performance": 0.7163217020034791,
    "val_performance_metric": "diff",
    "train_loss": 1.3236229419708252,
    "initial_do_mean": -7.693676178538522,
    "final_do_mean": -7.323347326627998,
    "best_do_mean": -7.290455246734065,
    "initial_pp_mean": -7.257980781442979,
    "final_pp_mean": -6.402468963580973,
    "best_pp_mean": -6.35866142020506
}