{
    "best_epoch": 39,
    "best_val_performance": 0.5887676890691127,
    "val_performance_metric": "diff",
    "train_loss": 3.0591697692871094,
    "initial_pref_do": 0.12714285714285714,
    "final_pref_do": 0.06285714285714286,
    "best_pref_do": 0.055714285714285716
}