{
    "best_epoch": 70,
    "best_val_performance": -0.20358424027760869,
    "val_performance_metric": "diff",
    "train_loss": 3.533048152923584,
    "initial_do_mean": -7.952446372703064,
    "final_do_mean": -6.087900447984074,
    "best_do_mean": -6.087900447984074,
    "initial_pp_mean": -7.526916728300207,
    "final_pp_mean": -5.764500366238987,
    "best_pp_mean": -5.764500366238987
}