{
    "best_epoch": 54,
    "best_val_performance": 1.7959854459762576,
    "val_performance_metric": "diff",
    "train_loss": 2.3359451293945312,
    "initial_do_mean": -6.416656635746811,
    "final_do_mean": -6.4622930208841955,
    "best_do_mean": -6.24193365501635,
    "initial_pp_mean": -5.740896704461839,
    "final_pp_mean": -5.863675467173258,
    "best_pp_mean": -5.6010291708840265
}