{
    "best_epoch": 16,
    "best_val_performance": 0.9834656667709352,
    "val_performance_metric": "diff",
    "train_loss": 2.902047872543335,
    "initial_pref_do": 0.14714285714285713,
    "final_pref_do": 0.018571428571428572,
    "best_pref_do": 0.03571428571428571
}