{
    "best_epoch": 70,
    "best_val_performance": 0.2762606779734291,
    "val_performance_metric": "diff",
    "train_loss": 1.4259161949157715,
    "initial_dative_mean": -7.316035126036371,
    "final_dative_mean": -5.22026486912666,
    "best_dative_mean": -5.22026486912666
}