{
    "best_epoch": 51,
    "best_val_performance": -0.30617339293161994,
    "val_performance_metric": "diff",
    "train_loss": 2.2842490673065186,
    "initial_do_mean": -6.51029235088464,
    "final_do_mean": -5.217342203313654,
    "best_do_mean": -5.0824897563818725,
    "initial_pp_mean": -5.87886156241099,
    "final_pp_mean": -4.496458517180549,
    "best_pp_mean": -4.432551415761312
}