{
    "best_epoch": 42,
    "best_val_performance": 3.0643705956141165,
    "val_performance_metric": "diff",
    "train_loss": 2.1573543548583984,
    "initial_do_mean": -7.688904478106388,
    "final_do_mean": -9.315726348133975,
    "best_do_mean": -8.073950532217358,
    "initial_pp_mean": -7.253358056965996,
    "final_pp_mean": -7.361697116318871,
    "best_pp_mean": -6.447921360240263
}