{
    "best_epoch": 52,
    "best_val_performance": -0.08863381544748972,
    "val_performance_metric": "diff",
    "train_loss": 4.712775707244873,
    "initial_dative_mean": -7.285206211240668,
    "final_dative_mean": -5.711310526780915,
    "best_dative_mean": -5.913724590986096
}