{
    "best_epoch": 70,
    "best_val_performance": 0.47589597225189184,
    "val_performance_metric": "diff",
    "train_loss": 2.953840494155884,
    "initial_do_mean": -6.769117453604034,
    "final_do_mean": -4.82671641147498,
    "best_do_mean": -4.82671641147498,
    "initial_pp_mean": -6.101456793149312,
    "final_pp_mean": -4.266053501764933,
    "best_pp_mean": -4.266053501764933
}