{
    "best_epoch": 17,
    "best_val_performance": 0.5446624072392776,
    "val_performance_metric": "diff",
    "train_loss": 2.124760389328003,
    "initial_dative_mean": -7.316673032373016,
    "final_dative_mean": -6.643648236467127,
    "best_dative_mean": -5.599510918758069
}