{
    "best_epoch": 70,
    "best_val_performance": -0.13145643075307145,
    "val_performance_metric": "diff",
    "train_loss": 3.762542724609375,
    "initial_do_mean": -7.957811787377956,
    "final_do_mean": -6.1883761439212535,
    "best_do_mean": -6.1883761439212535,
    "initial_pp_mean": -7.531581794514375,
    "final_pp_mean": -5.481301320650998,
    "best_pp_mean": -5.481301320650998
}