{
    "best_epoch": 40,
    "best_val_performance": 1.6740978463490803,
    "val_performance_metric": "diff",
    "train_loss": 1.7316672801971436,
    "initial_do_mean": -6.551266632658063,
    "final_do_mean": -5.317706988074563,
    "best_do_mean": -4.839516626704823,
    "initial_pp_mean": -5.903445347150167,
    "final_pp_mean": -4.55967001914978,
    "best_pp_mean": -4.118277316623264
}