{
    "best_epoch": 70,
    "best_val_performance": 0.1343664391835535,
    "val_performance_metric": "diff",
    "train_loss": 1.3984464406967163,
    "initial_do_mean": -6.638650423107725,
    "final_do_mean": -4.6634167989095054,
    "best_do_mean": -4.6634167989095054,
    "initial_pp_mean": -5.788131766849094,
    "final_pp_mean": -4.22419998910692,
    "best_pp_mean": -4.22419998910692
}