{
    "best_epoch": 19,
    "best_val_performance": 0.06631307919820184,
    "val_performance_metric": "diff",
    "train_loss": 2.5571084022521973,
    "initial_do_mean": -6.547276125532208,
    "final_do_mean": -4.82425336115288,
    "best_do_mean": -3.9949904347911027,
    "initial_pp_mean": -5.901606917381287,
    "final_pp_mean": -4.218996506267124,
    "best_pp_mean": -3.6818732738494875
}