{
    "best_epoch": 70,
    "best_val_performance": 0.12992598374684583,
    "val_performance_metric": "diff",
    "train_loss": 1.8722875118255615,
    "initial_do_mean": -6.772332734772653,
    "final_do_mean": -5.1993199651891535,
    "best_do_mean": -5.1993199651891535,
    "initial_pp_mean": -6.101840358310276,
    "final_pp_mean": -4.270386057429843,
    "best_pp_mean": -4.270386057429843
}