{
    "best_epoch": 21,
    "best_val_performance": 2.860547032356263,
    "val_performance_metric": "diff",
    "train_loss": 2.5024704933166504,
    "initial_pref_do": 0.17714285714285713,
    "final_pref_do": 0.03571428571428571,
    "best_pref_do": 0.03428571428571429
}