{
    "best_epoch": 67,
    "best_val_performance": 0.09049351056416821,
    "val_performance_metric": "diff",
    "train_loss": 1.8569613695144653,
    "initial_pref_do": 0.07714285714285714,
    "final_pref_do": 0.23857142857142857,
    "best_pref_do": 0.2357142857142857
}