{
    "best_epoch": 22,
    "best_val_performance": -0.11737440427144374,
    "val_performance_metric": "diff",
    "train_loss": 3.137432336807251,
    "initial_do_mean": -6.547089572386308,
    "final_do_mean": -5.418742070053563,
    "best_do_mean": -4.631475218859586,
    "initial_pp_mean": -5.900917135344612,
    "final_pp_mean": -5.005540566974216,
    "best_pp_mean": -4.12845458984375
}