{
    "best_epoch": 70,
    "best_val_performance": -0.227615726788839,
    "val_performance_metric": "diff",
    "train_loss": 4.046347618103027,
    "initial_do_mean": -6.5483051950281315,
    "final_do_mean": -5.267951968221953,
    "best_do_mean": -5.267951968221953,
    "initial_pp_mean": -5.900739534695943,
    "final_pp_mean": -4.441037697262234,
    "best_pp_mean": -4.441037697262234
}