{
    "best_epoch": 70,
    "best_val_performance": -0.028328046798706374,
    "val_performance_metric": "diff",
    "train_loss": 4.89642858505249,
    "initial_do_mean": -7.961954569400743,
    "final_do_mean": -6.152069122292275,
    "best_do_mean": -6.152069122292275,
    "initial_pp_mean": -7.576150042870466,
    "final_pp_mean": -5.875293966601877,
    "best_pp_mean": -5.875293966601877
}