{
    "best_epoch": 53,
    "best_val_performance": 3.582577999432882,
    "val_performance_metric": "diff",
    "train_loss": 2.5630061626434326,
    "initial_do_mean": -7.597317387198293,
    "final_do_mean": -7.025831819620243,
    "best_do_mean": -6.862604143661122,
    "initial_pp_mean": -7.152128209787256,
    "final_pp_mean": -6.62511753545088,
    "best_pp_mean": -6.465528425749611
}