{
    "best_epoch": 29,
    "best_val_performance": 0.12371137857437109,
    "val_performance_metric": "diff",
    "train_loss": 2.129941940307617,
    "initial_do_mean": -6.657653136686846,
    "final_do_mean": -4.66488690665274,
    "best_do_mean": -4.216136847120342,
    "initial_pp_mean": -5.918310213088989,
    "final_pp_mean": -4.04206919670105,
    "best_pp_mean": -3.6016093333562216
}