{
    "best_epoch": 32,
    "best_val_performance": -0.1201382795969641,
    "val_performance_metric": "diff",
    "train_loss": 2.7766354084014893,
    "initial_do_mean": -6.673026466369629,
    "final_do_mean": -5.116657689123443,
    "best_do_mean": -4.91378303007646,
    "initial_pp_mean": -5.825532099935743,
    "final_pp_mean": -4.357204458448622,
    "best_pp_mean": -4.2142273479037815
}