{
    "best_epoch": 55,
    "best_val_performance": -0.09595337708791085,
    "val_performance_metric": "diff",
    "train_loss": 3.467886447906494,
    "initial_do_mean": -7.960898564305416,
    "final_do_mean": -6.2532904321371126,
    "best_do_mean": -6.423934373744698,
    "initial_pp_mean": -7.573999437163858,
    "final_pp_mean": -5.7650633303558125,
    "best_pp_mean": -5.860429317460341
}