{
    "best_epoch": 67,
    "best_val_performance": 1.6797158177693685,
    "val_performance_metric": "diff",
    "train_loss": 1.5835864543914795,
    "initial_do_mean": -7.692081605972246,
    "final_do_mean": -6.386527319113876,
    "best_do_mean": -6.348013693683369,
    "initial_pp_mean": -7.29310641709496,
    "final_pp_mean": -5.9591020489440245,
    "best_pp_mean": -5.930860343750785
}