{
    "best_epoch": 63,
    "best_val_performance": 0.6541250960032148,
    "val_performance_metric": "diff",
    "train_loss": 1.7771302461624146,
    "initial_do_mean": -7.690164690793947,
    "final_do_mean": -12.284025084833766,
    "best_do_mean": -11.754770059918249,
    "initial_pp_mean": -7.17639729976654,
    "final_pp_mean": -10.674042963631013,
    "best_pp_mean": -10.160230496350456
}