{
    "best_epoch": 70,
    "best_val_performance": -0.4968590672810871,
    "val_performance_metric": "diff",
    "train_loss": 5.877359390258789,
    "initial_dative_mean": -7.577636101789642,
    "final_dative_mean": -7.197474785018385,
    "best_dative_mean": -7.197474785018385
}