{
    "best_epoch": 49,
    "best_val_performance": 0.7594916598002115,
    "val_performance_metric": "diff",
    "train_loss": 1.6073329448699951,
    "initial_pref_do": 0.1457142857142857,
    "final_pref_do": 0.004285714285714286,
    "best_pref_do": 0.004285714285714286
}