{
    "best_epoch": 41,
    "best_val_performance": 3.2126232481002823,
    "val_performance_metric": "diff",
    "train_loss": 2.070009469985962,
    "initial_pref_do": 0.14857142857142858,
    "final_pref_do": 0.23,
    "best_pref_do": 0.1957142857142857
}