{
    "best_epoch": 49,
    "best_val_performance": 0.3783146015803016,
    "val_performance_metric": "diff",
    "train_loss": 1.996755838394165,
    "initial_do_mean": -6.535130785450791,
    "final_do_mean": -4.61784966064222,
    "best_do_mean": -4.579497234749072,
    "initial_pp_mean": -5.90310362180074,
    "final_pp_mean": -4.151310470369127,
    "best_pp_mean": -4.082704257965088
}