{
    "best_epoch": 10,
    "best_val_performance": 1.0782967154184977,
    "val_performance_metric": "diff",
    "train_loss": 2.9057161808013916,
    "initial_pref_do": 0.08428571428571428,
    "final_pref_do": 0.5814285714285714,
    "best_pref_do": 0.17285714285714285
}