{
    "best_epoch": 50,
    "best_val_performance": 4.169611024856568,
    "val_performance_metric": "diff",
    "train_loss": 2.3514444828033447,
    "initial_pref_do": 0.09714285714285714,
    "final_pref_do": 0.002857142857142857,
    "best_pref_do": 0.002857142857142857
}