{
    "best_epoch": 70,
    "best_val_performance": -0.5343315601348877,
    "val_performance_metric": "diff",
    "train_loss": 5.834656715393066,
    "initial_dative_mean": -7.313137520823562,
    "final_dative_mean": -6.939955804083082,
    "best_dative_mean": -6.939955804083082
}