{
    "best_epoch": 28,
    "best_val_performance": 0.5780230617523197,
    "val_performance_metric": "diff",
    "train_loss": 3.0014736652374268,
    "initial_pref_do": 0.08428571428571428,
    "final_pref_do": 0.11857142857142858,
    "best_pref_do": 0.12428571428571429
}