{
    "best_epoch": 70,
    "best_val_performance": -0.02390678723653128,
    "val_performance_metric": "diff",
    "train_loss": 2.0580430030822754,
    "initial_do_mean": -6.672213466239698,
    "final_do_mean": -5.115346378268618,
    "best_do_mean": -5.115346378268618,
    "initial_pp_mean": -5.825844155417548,
    "final_pp_mean": -4.363717559973399,
    "best_pp_mean": -4.363717559973399
}