{
    "best_epoch": 61,
    "best_val_performance": -0.022217205365498316,
    "val_performance_metric": "diff",
    "train_loss": 3.1459546089172363,
    "initial_do_mean": -7.594815061535946,
    "final_do_mean": -5.696383063876351,
    "best_do_mean": -5.686040403884511,
    "initial_pp_mean": -7.149817712867962,
    "final_pp_mean": -5.393433219194412,
    "best_pp_mean": -5.377717608213425
}