{
    "best_epoch": 22,
    "best_val_performance": 1.95441708723704,
    "val_performance_metric": "diff",
    "train_loss": 2.6451683044433594,
    "initial_do_mean": -7.698572955159253,
    "final_do_mean": -5.853034454376199,
    "best_do_mean": -5.228043838642364,
    "initial_pp_mean": -7.165897102215711,
    "final_pp_mean": -5.081402093172073,
    "best_pp_mean": -4.484653805283939
}