{
    "best_epoch": 66,
    "best_val_performance": -0.13483182271321592,
    "val_performance_metric": "diff",
    "train_loss": 1.8983473777770996,
    "initial_pref_do": 0.1357142857142857,
    "final_pref_do": 0.06714285714285714,
    "best_pref_do": 0.06428571428571428
}