{
    "best_epoch": 70,
    "best_val_performance": 2.5139254919687897,
    "val_performance_metric": "diff",
    "train_loss": 1.4279013872146606,
    "initial_do_mean": -7.95988376889118,
    "final_do_mean": -10.194023508665174,
    "best_do_mean": -10.194023508665174,
    "initial_pp_mean": -7.574014768179725,
    "final_pp_mean": -8.721688301773632,
    "best_pp_mean": -8.721688301773632
}