{
    "best_epoch": 32,
    "best_val_performance": 1.1360869391759234,
    "val_performance_metric": "diff",
    "train_loss": 2.252359628677368,
    "initial_pref_do": 0.14714285714285713,
    "final_pref_do": 0.08142857142857143,
    "best_pref_do": 0.02
}