{
    "best_epoch": 20,
    "best_val_performance": 0.03773090044657401,
    "val_performance_metric": "diff",
    "train_loss": 2.9558773040771484,
    "initial_do_mean": -7.838833716719649,
    "final_do_mean": -5.864698727463567,
    "best_do_mean": -5.841024402269097,
    "initial_pp_mean": -7.3733333966311285,
    "final_pp_mean": -4.849853846255471,
    "best_pp_mean": -4.88422081189997
}