{
    "best_epoch": 70,
    "best_val_performance": 0.12385929743448898,
    "val_performance_metric": "diff",
    "train_loss": 1.3814775943756104,
    "initial_do_mean": -7.635076929663503,
    "final_do_mean": -5.435366799665052,
    "best_do_mean": -5.435366799665052,
    "initial_pp_mean": -6.992615605803097,
    "final_pp_mean": -5.185961450198118,
    "best_pp_mean": -5.185961450198118
}