{
    "best_epoch": 70,
    "best_val_performance": -0.5786130444208784,
    "val_performance_metric": "diff",
    "train_loss": 5.973721504211426,
    "initial_dative_mean": -7.319440921147664,
    "final_dative_mean": -6.971577772620129,
    "best_dative_mean": -6.971577772620129
}