{
    "best_epoch": 40,
    "best_val_performance": 1.093430685997009,
    "val_performance_metric": "diff",
    "train_loss": 2.0848965644836426,
    "initial_pref_do": 0.15714285714285714,
    "final_pref_do": 0.21285714285714286,
    "best_pref_do": 0.02857142857142857
}