{
    "best_epoch": 37,
    "best_val_performance": 1.2042670567830402,
    "val_performance_metric": "diff",
    "train_loss": 1.5625362396240234,
    "initial_pref_do": 0.08428571428571428,
    "final_pref_do": 0.10428571428571429,
    "best_pref_do": 0.08
}