{
    "best_epoch": 27,
    "best_val_performance": 0.05518582185109455,
    "val_performance_metric": "diff",
    "train_loss": 3.4075276851654053,
    "initial_do_mean": -7.6363015209519585,
    "final_do_mean": -5.644522953172062,
    "best_do_mean": -5.097177796239077,
    "initial_pp_mean": -6.993547808422762,
    "final_pp_mean": -5.221220795196645,
    "best_pp_mean": -4.742559833736981
}