{
    "best_epoch": 70,
    "best_val_performance": 0.0815444453557328,
    "val_performance_metric": "diff",
    "train_loss": 1.4869657754898071,
    "initial_dative_mean": -7.288470192262304,
    "final_dative_mean": -5.462544353907568,
    "best_dative_mean": -5.462544353907568
}