{
    "best_epoch": 58,
    "best_val_performance": 0.17831291198730437,
    "val_performance_metric": "diff",
    "train_loss": 2.74992299079895,
    "initial_do_mean": -6.505050111539436,
    "final_do_mean": -4.919406655340484,
    "best_do_mean": -4.903972200913863,
    "initial_pp_mean": -5.873801279067993,
    "final_pp_mean": -4.169380455546909,
    "best_pp_mean": -4.137151948610941
}