{
    "best_epoch": 64,
    "best_val_performance": -0.31626667340596537,
    "val_performance_metric": "diff",
    "train_loss": 1.886496901512146,
    "initial_pref_do": 0.08428571428571428,
    "final_pref_do": 0.11,
    "best_pref_do": 0.11714285714285715
}