{
    "best_epoch": 70,
    "best_val_performance": 0.8136649608612059,
    "val_performance_metric": "diff",
    "train_loss": 1.651885986328125,
    "initial_do_mean": -7.691199233365613,
    "final_do_mean": -6.663889528013939,
    "best_do_mean": -6.663889528013939,
    "initial_pp_mean": -7.256029360434589,
    "final_pp_mean": -5.5807212019667904,
    "best_pp_mean": -5.5807212019667904
}