{
    "best_epoch": 30,
    "best_val_performance": 0.5730974419911705,
    "val_performance_metric": "diff",
    "train_loss": 3.439176321029663,
    "initial_do_mean": -7.673946385466775,
    "final_do_mean": -6.403792717082556,
    "best_do_mean": -5.855831200993339,
    "initial_pp_mean": -7.074601850790136,
    "final_pp_mean": -5.9262497674016394,
    "best_pp_mean": -5.320222901596742
}