{
    "best_epoch": 70,
    "best_val_performance": -0.1507181421915691,
    "val_performance_metric": "diff",
    "train_loss": 2.2130026817321777,
    "initial_do_mean": -7.67346641698549,
    "final_do_mean": -6.493643848355426,
    "best_do_mean": -6.493643848355426,
    "initial_pp_mean": -7.074621352728675,
    "final_pp_mean": -5.719697672829908,
    "best_pp_mean": -5.719697672829908
}