{
    "best_epoch": 23,
    "best_val_performance": 0.29502224286397283,
    "val_performance_metric": "diff",
    "train_loss": 2.9675965309143066,
    "initial_dative_mean": -7.3438705101347805,
    "final_dative_mean": -4.855446576375013,
    "best_dative_mean": -4.9372775422202215
}