{
    "best_epoch": 70,
    "best_val_performance": 0.2520130364100144,
    "val_performance_metric": "diff",
    "train_loss": 0.773497462272644,
    "initial_do_mean": -6.531219920245084,
    "final_do_mean": -5.001393334070841,
    "best_do_mean": -5.001393334070841,
    "initial_pp_mean": -5.897976281907823,
    "final_pp_mean": -4.464851823117998,
    "best_pp_mean": -4.464851823117998
}