{
    "best_epoch": 20,
    "best_val_performance": -0.4078470182418821,
    "val_performance_metric": "diff",
    "train_loss": 2.9316771030426025,
    "initial_do_mean": -7.68990683555603,
    "final_do_mean": -5.793648669539496,
    "best_do_mean": -5.966808729740077,
    "initial_pp_mean": -7.1757187436608705,
    "final_pp_mean": -5.34021061518613,
    "best_pp_mean": -5.232216618341558
}