{
    "best_epoch": 70,
    "best_val_performance": 0.35602039178212497,
    "val_performance_metric": "diff",
    "train_loss": 2.0516152381896973,
    "initial_do_mean": -7.835918075816576,
    "final_do_mean": -5.046507577216903,
    "best_do_mean": -5.046507577216903,
    "initial_pp_mean": -7.370135214749505,
    "final_pp_mean": -4.849727389391731,
    "best_pp_mean": -4.849727389391731
}