{
    "best_epoch": 70,
    "best_val_performance": -0.47918996651967305,
    "val_performance_metric": "diff",
    "train_loss": 7.305565357208252,
    "initial_pref_do": 0.09714285714285714,
    "final_pref_do": 0.11714285714285715,
    "best_pref_do": 0.11714285714285715
}