{
    "best_epoch": 38,
    "best_val_performance": 2.257672142982483,
    "val_performance_metric": "diff",
    "train_loss": 1.787156581878662,
    "initial_pref_do": 0.17857142857142858,
    "final_pref_do": 0.017142857142857144,
    "best_pref_do": 0.03142857142857143
}