{
    "best_epoch": 70,
    "best_val_performance": -0.17990825176238978,
    "val_performance_metric": "diff",
    "train_loss": 4.120732307434082,
    "initial_do_mean": -7.68813207260398,
    "final_do_mean": -6.025739942872247,
    "best_do_mean": -6.025739942872247,
    "initial_pp_mean": -7.175107878095964,
    "final_pp_mean": -5.481273964573355,
    "best_pp_mean": -5.481273964573355
}