{
    "best_epoch": 53,
    "best_val_performance": 1.7382277250289917,
    "val_performance_metric": "diff",
    "train_loss": 1.2165640592575073,
    "initial_dative_mean": -7.189434200351001,
    "final_dative_mean": -6.187146381153698,
    "best_dative_mean": -6.356020239187263
}