{
    "best_epoch": 16,
    "best_val_performance": 1.4900452788670853,
    "val_performance_metric": "diff",
    "train_loss": 2.219444751739502,
    "initial_dative_mean": -7.315400866737143,
    "final_dative_mean": -5.300795809915888,
    "best_dative_mean": -4.442567320420728
}