{
    "best_epoch": 70,
    "best_val_performance": 0.7171119244893394,
    "val_performance_metric": "diff",
    "train_loss": 1.9918694496154785,
    "initial_do_mean": -7.6725045026734815,
    "final_do_mean": -6.802129175080809,
    "best_do_mean": -6.802129175080809,
    "initial_pp_mean": -7.07336964747485,
    "final_pp_mean": -5.82785471537534,
    "best_pp_mean": -5.82785471537534
}