{
    "best_epoch": 70,
    "best_val_performance": -0.16958893458048507,
    "val_performance_metric": "diff",
    "train_loss": 4.570301055908203,
    "initial_do_mean": -6.765863444588401,
    "final_do_mean": -5.4359512415799225,
    "best_do_mean": -5.4359512415799225,
    "initial_pp_mean": -6.097681387265523,
    "final_pp_mean": -4.930669538180033,
    "best_pp_mean": -4.930669538180033
}