{
    "best_epoch": 23,
    "best_val_performance": 0.037916423479715355,
    "val_performance_metric": "diff",
    "train_loss": 2.6201465129852295,
    "initial_do_mean": -6.5074183492949516,
    "final_do_mean": -4.908912235317808,
    "best_do_mean": -4.667347552559592,
    "initial_pp_mean": -5.876049057642619,
    "final_pp_mean": -4.184739348623488,
    "best_pp_mean": -3.88014501730601
}