{
    "best_epoch": 70,
    "best_val_performance": -0.6201002661387127,
    "val_performance_metric": "diff",
    "train_loss": 6.156052112579346,
    "initial_dative_mean": -7.305250501074986,
    "final_dative_mean": -7.08393353851218,
    "best_dative_mean": -7.08393353851218
}