{
    "best_epoch": 28,
    "best_val_performance": -0.3622373501459757,
    "val_performance_metric": "diff",
    "train_loss": 5.8826470375061035,
    "initial_do_mean": -6.668462134852554,
    "final_do_mean": -5.724606515422012,
    "best_do_mean": -6.148506534460819,
    "initial_pp_mean": -5.82116907702552,
    "final_pp_mean": -4.879302586449517,
    "best_pp_mean": -5.255600582228767
}