{
    "best_epoch": 65,
    "best_val_performance": 1.7281547053654993,
    "val_performance_metric": "diff",
    "train_loss": 1.6901718378067017,
    "initial_do_mean": -7.95454243865124,
    "final_do_mean": -5.955060565540957,
    "best_do_mean": -5.984614046853642,
    "initial_pp_mean": -7.529073086205651,
    "final_pp_mean": -5.1766637833679425,
    "best_pp_mean": -5.180514858049505
}