{
    "best_epoch": 30,
    "best_val_performance": -0.21530505498250374,
    "val_performance_metric": "diff",
    "train_loss": 5.244507789611816,
    "initial_do_mean": -6.671457750147039,
    "final_do_mean": -5.2085730046936956,
    "best_do_mean": -5.798611656824748,
    "initial_pp_mean": -5.823207121425205,
    "final_pp_mean": -4.572302815649245,
    "best_pp_mean": -4.98157569832272
}