{
    "best_epoch": 50,
    "best_val_performance": 4.0047321669260665,
    "val_performance_metric": "diff",
    "train_loss": 2.4942965507507324,
    "initial_dative_mean": -7.464248158429799,
    "final_dative_mean": -6.510161201333442,
    "best_dative_mean": -6.608322681042186
}