{
    "best_epoch": 23,
    "best_val_performance": 2.0698219807942717,
    "val_performance_metric": "diff",
    "train_loss": 2.8187782764434814,
    "initial_do_mean": -6.632521383690111,
    "final_do_mean": -6.977981824585886,
    "best_do_mean": -8.12473418784864,
    "initial_pp_mean": -5.786113100581699,
    "final_pp_mean": -7.063999308480157,
    "best_pp_mean": -7.86330230500963
}