{
    "best_epoch": 21,
    "best_val_performance": 0.03883492469787608,
    "val_performance_metric": "diff",
    "train_loss": 2.77170991897583,
    "initial_pref_do": 0.07714285714285714,
    "final_pref_do": 0.10714285714285714,
    "best_pref_do": 0.09714285714285714
}