{
    "best_epoch": 14,
    "best_val_performance": 0.3617872444788617,
    "val_performance_metric": "diff",
    "train_loss": 3.2733283042907715,
    "initial_pref_do": 0.08428571428571428,
    "final_pref_do": 0.27285714285714285,
    "best_pref_do": 0.2842857142857143
}