{
    "best_epoch": 17,
    "best_val_performance": -0.07195923646291114,
    "val_performance_metric": "diff",
    "train_loss": 3.8043251037597656,
    "initial_dative_mean": -7.57717636314749,
    "final_dative_mean": -5.751634368945283,
    "best_dative_mean": -5.32059781401478
}