{
    "best_epoch": 66,
    "best_val_performance": 0.7771406046549476,
    "val_performance_metric": "diff",
    "train_loss": 2.356774091720581,
    "initial_pref_do": 0.12714285714285714,
    "final_pref_do": 0.09714285714285714,
    "best_pref_do": 0.07285714285714286
}