{
    "best_epoch": 70,
    "best_val_performance": -0.19513471762339307,
    "val_performance_metric": "diff",
    "train_loss": 3.533874034881592,
    "initial_pref_do": 0.07714285714285714,
    "final_pref_do": 0.21571428571428572,
    "best_pref_do": 0.21571428571428572
}