{
    "best_epoch": 68,
    "best_val_performance": 1.1699033737182614,
    "val_performance_metric": "diff",
    "train_loss": 1.599837303161621,
    "initial_dative_mean": -7.315124208467049,
    "final_dative_mean": -7.9593856317258025,
    "best_dative_mean": -8.497848986010803
}