{
    "best_epoch": 39,
    "best_val_performance": 3.252454865773519,
    "val_performance_metric": "diff",
    "train_loss": 2.4853463172912598,
    "initial_dative_mean": -7.312287891468807,
    "final_dative_mean": -9.604036137723087,
    "best_dative_mean": -7.993893213613688
}