{
    "best_epoch": 70,
    "best_val_performance": -0.026413944562276193,
    "val_performance_metric": "diff",
    "train_loss": 2.7348313331604004,
    "initial_pref_do": 0.18142857142857144,
    "final_pref_do": 0.1357142857142857,
    "best_pref_do": 0.1357142857142857
}