{
    "best_epoch": 70,
    "best_val_performance": 2.749804015159607,
    "val_performance_metric": "diff",
    "train_loss": 1.0527936220169067,
    "initial_pref_do": 0.07857142857142857,
    "final_pref_do": 0.1442857142857143,
    "best_pref_do": 0.1442857142857143
}