{
    "best_epoch": 64,
    "best_val_performance": 1.2990895827611295,
    "val_performance_metric": "diff",
    "train_loss": 1.766182541847229,
    "initial_do_mean": -7.697042722341626,
    "final_do_mean": -6.328815660504407,
    "best_do_mean": -6.214761530244073,
    "initial_pp_mean": -7.29843856937745,
    "final_pp_mean": -5.317183775761548,
    "best_pp_mean": -5.214795949178583
}