{
    "best_epoch": 29,
    "best_val_performance": 1.744656165440877,
    "val_performance_metric": "diff",
    "train_loss": 2.2752490043640137,
    "initial_dative_mean": -7.307095474667019,
    "final_dative_mean": -6.098762607713889,
    "best_dative_mean": -5.393972842665444
}