{
    "best_epoch": 63,
    "best_val_performance": 1.1758716964721678,
    "val_performance_metric": "diff",
    "train_loss": 3.0746378898620605,
    "initial_do_mean": -6.414897512667107,
    "final_do_mean": -9.943765683607621,
    "best_do_mean": -9.335864777998491,
    "initial_pp_mean": -5.740297502941555,
    "final_pp_mean": -9.364144274923536,
    "best_pp_mean": -8.724910563892788
}