{
    "best_epoch": 25,
    "best_val_performance": 0.1346682882308956,
    "val_performance_metric": "diff",
    "train_loss": 2.3372206687927246,
    "initial_pref_do": 0.14714285714285713,
    "final_pref_do": 0.3,
    "best_pref_do": 0.29428571428571426
}