{
    "best_epoch": 70,
    "best_val_performance": -0.6425669336318967,
    "val_performance_metric": "diff",
    "train_loss": 8.196965217590332,
    "initial_dative_mean": -7.308905567690643,
    "final_dative_mean": -7.158750016089768,
    "best_dative_mean": -7.158750016089768
}