{
    "best_epoch": 34,
    "best_val_performance": 1.798040280342101,
    "val_performance_metric": "diff",
    "train_loss": 2.761277914047241,
    "initial_do_mean": -6.7513155128016615,
    "final_do_mean": -5.979031906705914,
    "best_do_mean": -5.149049997329712,
    "initial_pp_mean": -6.131580797831218,
    "final_pp_mean": -5.278116461965773,
    "best_pp_mean": -4.597269397311741
}