{
    "best_epoch": 15,
    "best_val_performance": 2.7182902812957757,
    "val_performance_metric": "diff",
    "train_loss": 2.4055392742156982,
    "initial_pref_do": 0.07714285714285714,
    "final_pref_do": 0.032857142857142856,
    "best_pref_do": 0.06142857142857143
}