{
    "best_epoch": 35,
    "best_val_performance": 1.6806330871582027,
    "val_performance_metric": "diff",
    "train_loss": 2.3246028423309326,
    "initial_do_mean": -7.673424950172735,
    "final_do_mean": -6.616355014401813,
    "best_do_mean": -6.214287446335304,
    "initial_pp_mean": -7.075012554140652,
    "final_pp_mean": -5.977588176727295,
    "best_pp_mean": -5.657197687906377
}