{
    "best_epoch": 26,
    "best_val_performance": -0.16731823762257925,
    "val_performance_metric": "diff",
    "train_loss": 3.244039297103882,
    "initial_dative_mean": -7.25903551585493,
    "final_dative_mean": -5.860601922747684,
    "best_dative_mean": -5.83193842500274
}