{
    "best_epoch": 70,
    "best_val_performance": -0.06925228277842255,
    "val_performance_metric": "diff",
    "train_loss": 3.139333963394165,
    "initial_do_mean": -6.41739708293568,
    "final_do_mean": -5.492336199500344,
    "best_do_mean": -5.492336199500344,
    "initial_pp_mean": -5.740872192382812,
    "final_pp_mean": -4.7872613350550335,
    "best_pp_mean": -4.7872613350550335
}