{
    "best_epoch": 47,
    "best_val_performance": 0.08130208492279056,
    "val_performance_metric": "diff",
    "train_loss": 3.116783857345581,
    "initial_do_mean": -7.705348303151685,
    "final_do_mean": -5.422943693260814,
    "best_do_mean": -5.29589554875396,
    "initial_pp_mean": -7.17179706587511,
    "final_pp_mean": -4.681130123138428,
    "best_pp_mean": -4.591978327667012
}