{
    "best_epoch": 33,
    "best_val_performance": 0.07519925435384156,
    "val_performance_metric": "diff",
    "train_loss": 2.7689666748046875,
    "initial_pref_do": 0.1357142857142857,
    "final_pref_do": 0.17,
    "best_pref_do": 0.23714285714285716
}