{
    "best_epoch": 40,
    "best_val_performance": 2.6847455310821537,
    "val_performance_metric": "diff",
    "train_loss": 1.9670188426971436,
    "initial_do_mean": -6.74504977573048,
    "final_do_mean": -10.503186341488,
    "best_do_mean": -9.71651724324082,
    "initial_pp_mean": -6.1257402367062035,
    "final_pp_mean": -8.761955234739515,
    "best_pp_mean": -7.181921564208137
}