{
    "best_epoch": 29,
    "best_val_performance": 0.11556058724721296,
    "val_performance_metric": "diff",
    "train_loss": 2.122192144393921,
    "initial_dative_mean": -7.19335754329001,
    "final_dative_mean": -5.325030170163216,
    "best_dative_mean": -5.0836971703677145
}