{
    "best_epoch": 61,
    "best_val_performance": 1.185542537371317,
    "val_performance_metric": "diff",
    "train_loss": 2.0926787853240967,
    "initial_do_mean": -7.687822357859722,
    "final_do_mean": -6.479055748429409,
    "best_do_mean": -6.374924590421277,
    "initial_pp_mean": -7.1734729212873125,
    "final_pp_mean": -6.268549207378836,
    "best_pp_mean": -6.096746432781219
}