{
    "best_epoch": 70,
    "best_val_performance": -0.2549546591440839,
    "val_performance_metric": "diff",
    "train_loss": 3.493624448776245,
    "initial_pref_do": 0.12714285714285714,
    "final_pref_do": 0.19857142857142857,
    "best_pref_do": 0.19857142857142857
}