{
    "best_epoch": 39,
    "best_val_performance": 2.477380329767863,
    "val_performance_metric": "diff",
    "train_loss": 2.242003917694092,
    "initial_do_mean": -7.633897902660592,
    "final_do_mean": -6.589463390583216,
    "best_do_mean": -6.430572553429493,
    "initial_pp_mean": -6.991370453554041,
    "final_pp_mean": -5.69377507777775,
    "best_pp_mean": -5.453814410462099
}