{
    "best_epoch": 30,
    "best_val_performance": 0.9715050776799519,
    "val_performance_metric": "diff",
    "train_loss": 2.113621950149536,
    "initial_pref_do": 0.12714285714285714,
    "final_pref_do": 0.12714285714285714,
    "best_pref_do": 0.07428571428571429
}