{
    "best_epoch": 70,
    "best_val_performance": -0.24548031648000102,
    "val_performance_metric": "diff",
    "train_loss": 2.833042860031128,
    "initial_dative_mean": -7.316176578663943,
    "final_dative_mean": -5.83335943040792,
    "best_dative_mean": -5.83335943040792
}