{
    "best_epoch": 57,
    "best_val_performance": 2.3943942832946776,
    "val_performance_metric": "diff",
    "train_loss": 1.992842674255371,
    "initial_do_mean": -7.63742737298788,
    "final_do_mean": -6.287380299249361,
    "best_do_mean": -6.5055211591859194,
    "initial_pp_mean": -6.993350925165064,
    "final_pp_mean": -5.780662990317625,
    "best_pp_mean": -6.000814028697856
}