{
    "best_epoch": 25,
    "best_val_performance": 0.0644109710057581,
    "val_performance_metric": "diff",
    "train_loss": 1.742930293083191,
    "initial_dative_mean": -7.577504601394921,
    "final_dative_mean": -5.631137546391515,
    "best_dative_mean": -4.917004559995138
}