{
    "best_epoch": 41,
    "best_val_performance": -0.3220171531041469,
    "val_performance_metric": "diff",
    "train_loss": 4.736205101013184,
    "initial_do_mean": -6.659469802451857,
    "final_do_mean": -5.4710150675340135,
    "best_do_mean": -5.810556184884273,
    "initial_pp_mean": -5.916887633005778,
    "final_pp_mean": -4.765222334861756,
    "best_pp_mean": -5.024676455391778
}