{
    "best_epoch": 70,
    "best_val_performance": -0.10809649944305466,
    "val_performance_metric": "diff",
    "train_loss": 4.146636009216309,
    "initial_dative_mean": -7.343556139901367,
    "final_dative_mean": -5.789091358582179,
    "best_dative_mean": -5.789091358582179
}