{
    "best_epoch": 22,
    "best_val_performance": 0.4709175968170163,
    "val_performance_metric": "diff",
    "train_loss": 2.525655508041382,
    "initial_do_mean": -7.8407372901606,
    "final_do_mean": -6.299228138355321,
    "best_do_mean": -5.758583835391111,
    "initial_pp_mean": -7.376759829941918,
    "final_pp_mean": -5.4907329773201665,
    "best_pp_mean": -5.104010142648922
}