{
    "best_epoch": 38,
    "best_val_performance": 0.15409471193949464,
    "val_performance_metric": "diff",
    "train_loss": 2.665006399154663,
    "initial_do_mean": -6.7714822870312315,
    "final_do_mean": -9.08012792413885,
    "best_do_mean": -7.486488404418483,
    "initial_pp_mean": -6.101499448882209,
    "final_pp_mean": -8.664932123819987,
    "best_pp_mean": -7.237279844284058
}