{
    "best_epoch": 66,
    "best_val_performance": 0.587330323855082,
    "val_performance_metric": "diff",
    "train_loss": 1.5595160722732544,
    "initial_do_mean": -7.954013749610546,
    "final_do_mean": -7.67155260332795,
    "best_do_mean": -7.5704712618229,
    "initial_pp_mean": -7.528272769030402,
    "final_pp_mean": -6.253761733279509,
    "best_pp_mean": -6.164762543580111
}