{
    "best_epoch": 17,
    "best_val_performance": -0.16367700735727908,
    "val_performance_metric": "diff",
    "train_loss": 2.320244789123535,
    "initial_dative_mean": -7.196608690141934,
    "final_dative_mean": -5.805014139901825,
    "best_dative_mean": -5.1053408379094645
}