{
    "best_epoch": 70,
    "best_val_performance": 1.1425226163864135,
    "val_performance_metric": "diff",
    "train_loss": 2.3433330059051514,
    "initial_dative_mean": -7.198030692094948,
    "final_dative_mean": -7.863394625354231,
    "best_dative_mean": -7.863394625354231
}