{
    "best_epoch": 21,
    "best_val_performance": 0.02074687798817898,
    "val_performance_metric": "diff",
    "train_loss": 2.5192508697509766,
    "initial_dative_mean": -7.290287667547751,
    "final_dative_mean": -5.633275639592555,
    "best_dative_mean": -5.032538430296887
}