{
    "best_epoch": 47,
    "best_val_performance": 0.1505215756098428,
    "val_performance_metric": "diff",
    "train_loss": 1.3837374448776245,
    "initial_pref_do": 0.14714285714285713,
    "final_pref_do": 0.03428571428571429,
    "best_pref_do": 0.03857142857142857
}