{
    "best_epoch": 70,
    "best_val_performance": -0.6383046515782675,
    "val_performance_metric": "diff",
    "train_loss": 6.151782035827637,
    "initial_dative_mean": -7.6099788989239965,
    "final_dative_mean": -7.311662745754621,
    "best_dative_mean": -7.311662745754621
}