{
    "best_epoch": 43,
    "best_val_performance": 2.755139088630677,
    "val_performance_metric": "diff",
    "train_loss": 1.2782331705093384,
    "initial_dative_mean": -7.196808798968443,
    "final_dative_mean": -6.1117864979637995,
    "best_dative_mean": -6.474705708654303
}