{
    "best_epoch": 16,
    "best_val_performance": 1.8827265628178917,
    "val_performance_metric": "diff",
    "train_loss": 2.804682731628418,
    "initial_do_mean": -7.6967392182627385,
    "final_do_mean": -6.963770097078279,
    "best_do_mean": -5.628831378595773,
    "initial_pp_mean": -7.1628340728142685,
    "final_pp_mean": -6.186473189381992,
    "best_pp_mean": -4.8373282323865325
}