{
    "best_epoch": 18,
    "best_val_performance": 1.188156758944194,
    "val_performance_metric": "diff",
    "train_loss": 3.4100143909454346,
    "initial_pref_do": 0.14714285714285713,
    "final_pref_do": 0.21285714285714286,
    "best_pref_do": 0.09571428571428571
}