{
    "best_epoch": 24,
    "best_val_performance": -0.3394051361083985,
    "val_performance_metric": "diff",
    "train_loss": 5.3408331871032715,
    "initial_do_mean": -7.687320946954017,
    "final_do_mean": -6.175421549137249,
    "best_do_mean": -6.764287859894509,
    "initial_pp_mean": -7.251509404182434,
    "final_pp_mean": -5.795727946477778,
    "best_pp_mean": -6.315887108971091
}