{
    "best_epoch": 70,
    "best_val_performance": 0.06623829682667992,
    "val_performance_metric": "diff",
    "train_loss": 3.0023274421691895,
    "initial_do_mean": -6.5047167951410465,
    "final_do_mean": -5.022464801325943,
    "best_do_mean": -5.022464801325943,
    "initial_pp_mean": -5.875245189666748,
    "final_pp_mean": -4.3860327959060665,
    "best_pp_mean": -4.3860327959060665
}