{
    "best_epoch": 28,
    "best_val_performance": 0.19942251046498605,
    "val_performance_metric": "diff",
    "train_loss": 3.1711881160736084,
    "initial_pref_do": 0.12714285714285714,
    "final_pref_do": 0.22714285714285715,
    "best_pref_do": 0.2714285714285714
}