{
    "best_epoch": 70,
    "best_val_performance": -0.2071063025792439,
    "val_performance_metric": "diff",
    "train_loss": 3.8666586875915527,
    "initial_dative_mean": -7.466941667230506,
    "final_dative_mean": -6.0668928891594645,
    "best_dative_mean": -6.0668928891594645
}