{
    "best_epoch": 70,
    "best_val_performance": -0.27763074715932223,
    "val_performance_metric": "diff",
    "train_loss": 3.3074843883514404,
    "initial_do_mean": -7.603663132634273,
    "final_do_mean": -6.162816719260326,
    "best_do_mean": -6.162816719260326,
    "initial_pp_mean": -7.159279496529523,
    "final_pp_mean": -5.497307913794237,
    "best_pp_mean": -5.497307913794237
}