{
    "best_epoch": 70,
    "best_val_performance": 0.8778075154622389,
    "val_performance_metric": "diff",
    "train_loss": 1.6746606826782227,
    "initial_dative_mean": -7.25902789866018,
    "final_dative_mean": -10.839678829873515,
    "best_dative_mean": -10.839678829873515
}