{
    "best_epoch": 15,
    "best_val_performance": -0.11756679058075026,
    "val_performance_metric": "diff",
    "train_loss": 2.9914329051971436,
    "initial_do_mean": -7.688476622797722,
    "final_do_mean": -6.567020614826402,
    "best_do_mean": -5.730832826952602,
    "initial_pp_mean": -7.174389423342312,
    "final_pp_mean": -6.253614552582012,
    "best_pp_mean": -5.595116888775545
}