{
    "best_epoch": 25,
    "best_val_performance": -0.34321488380432097,
    "val_performance_metric": "diff",
    "train_loss": 6.30160665512085,
    "initial_do_mean": -6.672740566369259,
    "final_do_mean": -5.832203860716386,
    "best_do_mean": -6.28916597366333,
    "initial_pp_mean": -5.825843252076043,
    "final_pp_mean": -4.98077937497033,
    "best_pp_mean": -5.329039107428657
}