{
    "best_epoch": 50,
    "best_val_performance": 1.5378486601511634,
    "val_performance_metric": "diff",
    "train_loss": 1.9601025581359863,
    "initial_pref_do": 0.18142857142857144,
    "final_pref_do": 0.15428571428571428,
    "best_pref_do": 0.14
}