{
    "best_epoch": 70,
    "best_val_performance": -0.46744169076283804,
    "val_performance_metric": "diff",
    "train_loss": 6.162043571472168,
    "initial_dative_mean": -7.463889291760517,
    "final_dative_mean": -7.025198719654864,
    "best_dative_mean": -7.025198719654864
}