{
    "best_epoch": 70,
    "best_val_performance": -0.6415216890970861,
    "val_performance_metric": "diff",
    "train_loss": 6.239389419555664,
    "initial_dative_mean": -7.190944066521717,
    "final_dative_mean": -6.978557500574324,
    "best_dative_mean": -6.978557500574324
}