{
    "best_epoch": 70,
    "best_val_performance": -0.18248919486999515,
    "val_performance_metric": "diff",
    "train_loss": 3.2895710468292236,
    "initial_do_mean": -6.551266632658063,
    "final_do_mean": -5.083946834911,
    "best_do_mean": -5.083946834911,
    "initial_pp_mean": -5.903445347150167,
    "final_pp_mean": -4.322541954782274,
    "best_pp_mean": -4.322541954782274
}