{
    "best_epoch": 70,
    "best_val_performance": 0.598007644017537,
    "val_performance_metric": "diff",
    "train_loss": 2.04315185546875,
    "initial_pref_do": 0.12714285714285714,
    "final_pref_do": 0.34,
    "best_pref_do": 0.34
}