{
    "best_epoch": 70,
    "best_val_performance": 0.5895384629567468,
    "val_performance_metric": "diff",
    "train_loss": 1.1777595281600952,
    "initial_pref_do": 0.14714285714285713,
    "final_pref_do": 0.1657142857142857,
    "best_pref_do": 0.1657142857142857
}