{
    "best_epoch": 42,
    "best_val_performance": 1.1644193188349412,
    "val_performance_metric": "diff",
    "train_loss": 1.6039470434188843,
    "initial_pref_do": 0.07714285714285714,
    "final_pref_do": 0.22142857142857142,
    "best_pref_do": 0.19714285714285715
}