{
    "best_epoch": 35,
    "best_val_performance": 0.054543491999308635,
    "val_performance_metric": "diff",
    "train_loss": 2.6578009128570557,
    "initial_dative_mean": -7.199336181607163,
    "final_dative_mean": -4.9367557818080945,
    "best_dative_mean": -4.626222844883713
}