{
    "best_epoch": 36,
    "best_val_performance": 0.209930044809977,
    "val_performance_metric": "diff",
    "train_loss": 2.2750256061553955,
    "initial_pref_do": 0.18142857142857144,
    "final_pref_do": 0.10428571428571429,
    "best_pref_do": 0.11857142857142858
}