{
    "best_epoch": 70,
    "best_val_performance": 1.4519084692001352,
    "val_performance_metric": "diff",
    "train_loss": 1.546894907951355,
    "initial_dative_mean": -7.5792499759741,
    "final_dative_mean": -7.663187969149205,
    "best_dative_mean": -7.663187969149205
}