{
    "best_epoch": 34,
    "best_val_performance": 0.4457729657491045,
    "val_performance_metric": "diff",
    "train_loss": 3.1207034587860107,
    "initial_do_mean": -6.544862820885398,
    "final_do_mean": -5.14825241059968,
    "best_do_mean": -4.247725407282512,
    "initial_pp_mean": -5.900501261817085,
    "final_pp_mean": -4.283715467982822,
    "best_pp_mean": -3.603499582078722
}