{
    "best_epoch": 49,
    "best_val_performance": 1.8517172495524097,
    "val_performance_metric": "diff",
    "train_loss": 1.8887845277786255,
    "initial_do_mean": -6.666708022897894,
    "final_do_mean": -9.866107299111107,
    "best_do_mean": -8.961212188547307,
    "initial_pp_mean": -5.82043703397115,
    "final_pp_mean": -8.000530189938015,
    "best_pp_mean": -7.340274378988478
}