{
    "best_epoch": 70,
    "best_val_performance": -0.7089349047342939,
    "val_performance_metric": "diff",
    "train_loss": 5.753651142120361,
    "initial_dative_mean": -7.610395169746109,
    "final_dative_mean": -7.392233242068374,
    "best_dative_mean": -7.392233242068374
}