{
    "best_epoch": 35,
    "best_val_performance": 0.16210949897766103,
    "val_performance_metric": "diff",
    "train_loss": 2.0399811267852783,
    "initial_do_mean": -7.600819754046063,
    "final_do_mean": -5.830193566721539,
    "best_do_mean": -5.727990752042726,
    "initial_pp_mean": -7.155510413646698,
    "final_pp_mean": -5.113047405551462,
    "best_pp_mean": -5.029267864367541
}