{
    "best_epoch": 17,
    "best_val_performance": -0.031139480272928566,
    "val_performance_metric": "diff",
    "train_loss": 3.412482976913452,
    "initial_do_mean": -7.690932325845541,
    "final_do_mean": -5.734881780175275,
    "best_do_mean": -5.755920951796132,
    "initial_pp_mean": -7.254789991939769,
    "final_pp_mean": -5.086647470207775,
    "best_pp_mean": -5.332535577170989
}