{
    "best_epoch": 70,
    "best_val_performance": 0.017425899505615128,
    "val_performance_metric": "diff",
    "train_loss": 3.735295057296753,
    "initial_do_mean": -7.961964509514875,
    "final_do_mean": -6.165810865371726,
    "best_do_mean": -6.165810865371726,
    "initial_pp_mean": -7.576248755875755,
    "final_pp_mean": -5.252992504835129,
    "best_pp_mean": -5.252992504835129
}