{
    "best_epoch": 36,
    "best_val_performance": 1.1714829079310096,
    "val_performance_metric": "diff",
    "train_loss": 1.6655598878860474,
    "initial_do_mean": -6.66927282593467,
    "final_do_mean": -4.79623292576183,
    "best_do_mean": -4.575766349561286,
    "initial_pp_mean": -5.8232140805986194,
    "final_pp_mean": -4.191889128420088,
    "best_pp_mean": -4.023454899258084
}