{
    "best_epoch": 47,
    "best_val_performance": 0.5553383270899452,
    "val_performance_metric": "diff",
    "train_loss": 2.575765609741211,
    "initial_dative_mean": -7.576375481678031,
    "final_dative_mean": -5.036990188890034,
    "best_dative_mean": -4.815262126120907
}