{
    "best_epoch": 27,
    "best_val_performance": -0.2538318157196038,
    "val_performance_metric": "diff",
    "train_loss": 3.1175689697265625,
    "initial_do_mean": -7.688610400571379,
    "final_do_mean": -5.7720044958730075,
    "best_do_mean": -5.765725728037745,
    "initial_pp_mean": -7.253676531595342,
    "final_pp_mean": -5.150381883803536,
    "best_pp_mean": -5.077944460686515
}