{
    "best_epoch": 54,
    "best_val_performance": 1.2157681655883792,
    "val_performance_metric": "diff",
    "train_loss": 2.5816752910614014,
    "initial_pref_do": 0.08428571428571428,
    "final_pref_do": 0.011428571428571429,
    "best_pref_do": 0.027142857142857142
}