{
    "best_epoch": 8,
    "best_val_performance": 0.4313167222340901,
    "val_performance_metric": "diff",
    "train_loss": 3.7310595512390137,
    "initial_dative_mean": -7.195270674270496,
    "final_dative_mean": -6.156800729663749,
    "best_dative_mean": -5.120566306581274
}