{
    "best_epoch": 10,
    "best_val_performance": -0.14145969390869162,
    "val_performance_metric": "diff",
    "train_loss": 2.670480728149414,
    "initial_pref_do": 0.1357142857142857,
    "final_pref_do": 0.25285714285714284,
    "best_pref_do": 0.44285714285714284
}