{
    "best_epoch": 70,
    "best_val_performance": -0.06324484189351409,
    "val_performance_metric": "diff",
    "train_loss": 3.0367519855499268,
    "initial_do_mean": -7.595620485932328,
    "final_do_mean": -5.890843336665353,
    "best_do_mean": -5.890843336665353,
    "initial_pp_mean": -7.14989143890493,
    "final_pp_mean": -5.170323088589837,
    "best_pp_mean": -5.170323088589837
}