{
    "best_epoch": 47,
    "best_val_performance": 2.716981819470724,
    "val_performance_metric": "diff",
    "train_loss": 1.309766411781311,
    "initial_do_mean": -7.696197910364284,
    "final_do_mean": -9.300261859283891,
    "best_do_mean": -8.785037678688072,
    "initial_pp_mean": -7.2971873122103075,
    "final_pp_mean": -8.033993318852257,
    "best_pp_mean": -7.4283513048115895
}