{
    "best_epoch": 60,
    "best_val_performance": 3.7930146296819043,
    "val_performance_metric": "diff",
    "train_loss": 1.9722778797149658,
    "initial_pref_do": 0.14714285714285713,
    "final_pref_do": 0.21285714285714286,
    "best_pref_do": 0.18714285714285714
}