{
    "best_epoch": 45,
    "best_val_performance": 0.13636223634084121,
    "val_performance_metric": "diff",
    "train_loss": 2.2392470836639404,
    "initial_pref_do": 0.1357142857142857,
    "final_pref_do": 0.03428571428571429,
    "best_pref_do": 0.014285714285714285
}