{
    "best_epoch": 32,
    "best_val_performance": 2.9288516680399574,
    "val_performance_metric": "diff",
    "train_loss": 2.7837908267974854,
    "initial_dative_mean": -7.6096312543104965,
    "final_dative_mean": -7.578926173044227,
    "best_dative_mean": -7.979733819152877
}