{
    "best_epoch": 47,
    "best_val_performance": 2.0739572389920555,
    "val_performance_metric": "diff",
    "train_loss": 1.8700300455093384,
    "initial_pref_do": 0.15857142857142856,
    "final_pref_do": 0.0,
    "best_pref_do": 0.007142857142857143
}