{
    "best_epoch": 70,
    "best_val_performance": 0.35691581249237014,
    "val_performance_metric": "diff",
    "train_loss": 2.351999044418335,
    "initial_do_mean": -7.952476823052694,
    "final_do_mean": -5.524310406557349,
    "best_do_mean": -5.524310406557349,
    "initial_pp_mean": -7.528098339894239,
    "final_pp_mean": -5.295976391609977,
    "best_pp_mean": -5.295976391609977
}