{
    "best_epoch": 70,
    "best_val_performance": -0.6238513962427774,
    "val_performance_metric": "diff",
    "train_loss": 6.7036943435668945,
    "initial_pref_do": 0.07714285714285714,
    "final_pref_do": 0.09571428571428571,
    "best_pref_do": 0.09571428571428571
}