{
    "best_epoch": 70,
    "best_val_performance": -0.5851523796717322,
    "val_performance_metric": "diff",
    "train_loss": 6.883054256439209,
    "initial_pref_do": 0.17714285714285713,
    "final_pref_do": 0.2042857142857143,
    "best_pref_do": 0.2042857142857143
}