{
    "best_epoch": 33,
    "best_val_performance": 0.3312955919901537,
    "val_performance_metric": "diff",
    "train_loss": 2.732225179672241,
    "initial_do_mean": -7.594614996466526,
    "final_do_mean": -5.858006274630857,
    "best_do_mean": -5.4477315749539885,
    "initial_pp_mean": -7.150173830986023,
    "final_pp_mean": -4.906489909396452,
    "best_pp_mean": -4.606131262989605
}