{
    "best_epoch": 70,
    "best_val_performance": -0.42366942882537906,
    "val_performance_metric": "diff",
    "train_loss": 4.026862144470215,
    "initial_do_mean": -6.555560464570017,
    "final_do_mean": -5.40476131439209,
    "best_do_mean": -5.40476131439209,
    "initial_pp_mean": -5.760720933808221,
    "final_pp_mean": -4.802850331200494,
    "best_pp_mean": -4.802850331200494
}