{
    "best_epoch": 43,
    "best_val_performance": 0.895282754898072,
    "val_performance_metric": "diff",
    "train_loss": 1.8981926441192627,
    "initial_do_mean": -7.696215874926988,
    "final_do_mean": -6.3929057485142415,
    "best_do_mean": -5.8180590067491975,
    "initial_pp_mean": -7.297934846317067,
    "final_pp_mean": -5.4250617132467385,
    "best_pp_mean": -4.926089569750954
}