{
    "best_epoch": 70,
    "best_val_performance": -0.07948456446329732,
    "val_performance_metric": "diff",
    "train_loss": 3.376009225845337,
    "initial_dative_mean": -7.1957526443994535,
    "final_dative_mean": -5.514406960610061,
    "best_dative_mean": -5.514406960610061
}