{
    "best_epoch": 24,
    "best_val_performance": 0.07200166543324826,
    "val_performance_metric": "diff",
    "train_loss": 2.3494975566864014,
    "initial_dative_mean": -7.31801899657612,
    "final_dative_mean": -4.802056789746758,
    "best_dative_mean": -4.7639910003595185
}