{
    "best_epoch": 23,
    "best_val_performance": -0.17497391700744647,
    "val_performance_metric": "diff",
    "train_loss": 2.802377223968506,
    "initial_do_mean": -6.657470054337472,
    "final_do_mean": -5.393031815326575,
    "best_do_mean": -5.10742199493177,
    "initial_pp_mean": -5.916285130712721,
    "final_pp_mean": -4.631647266281975,
    "best_pp_mean": -4.413565884696113
}