{
    "best_epoch": 70,
    "best_val_performance": -0.18301980495452863,
    "val_performance_metric": "diff",
    "train_loss": 3.2261314392089844,
    "initial_pref_do": 0.18142857142857144,
    "final_pref_do": 0.21857142857142858,
    "best_pref_do": 0.21857142857142858
}