{
    "best_epoch": 70,
    "best_val_performance": -0.09311770598093627,
    "val_performance_metric": "diff",
    "train_loss": 3.218036651611328,
    "initial_pref_do": 0.1357142857142857,
    "final_pref_do": 0.06,
    "best_pref_do": 0.06
}