{
    "best_epoch": 24,
    "best_val_performance": -0.10232141017913854,
    "val_performance_metric": "diff",
    "train_loss": 3.0684683322906494,
    "initial_dative_mean": -7.290002883526316,
    "final_dative_mean": -5.473783897900442,
    "best_dative_mean": -5.349275282251905
}