{
    "best_epoch": 69,
    "best_val_performance": 0.07132345835367815,
    "val_performance_metric": "diff",
    "train_loss": 1.0762754678726196,
    "initial_do_mean": -6.4189996459267356,
    "final_do_mean": -5.14770437298399,
    "best_do_mean": -5.146492190794511,
    "initial_pp_mean": -5.744823874367608,
    "final_pp_mean": -4.414051102267371,
    "best_pp_mean": -4.416461539268494
}