{
    "best_epoch": 70,
    "best_val_performance": -0.003004188537597763,
    "val_performance_metric": "diff",
    "train_loss": 2.5688860416412354,
    "initial_do_mean": -7.956499957761099,
    "final_do_mean": -5.914582991322805,
    "best_do_mean": -5.914582991322805,
    "initial_pp_mean": -7.53128031351987,
    "final_pp_mean": -5.375458493653466,
    "best_pp_mean": -5.375458493653466
}