{
    "best_epoch": 34,
    "best_val_performance": -0.1588671986262007,
    "val_performance_metric": "diff",
    "train_loss": 2.915876865386963,
    "initial_do_mean": -6.671540439490116,
    "final_do_mean": -4.845647355281946,
    "best_do_mean": -4.6660545276873036,
    "initial_pp_mean": -5.8230608012941145,
    "final_pp_mean": -4.385490584373474,
    "best_pp_mean": -4.167771704991659
}