{
    "best_epoch": 70,
    "best_val_performance": 0.220012084643046,
    "val_performance_metric": "diff",
    "train_loss": 1.3517606258392334,
    "initial_do_mean": -6.554519479924982,
    "final_do_mean": -5.146412528644909,
    "best_do_mean": -5.146412528644909,
    "initial_pp_mean": -5.759376944435967,
    "final_pp_mean": -4.513053666220771,
    "best_pp_mean": -4.513053666220771
}