{
    "best_epoch": 16,
    "best_val_performance": 1.1599707555770875,
    "val_performance_metric": "diff",
    "train_loss": 2.3667218685150146,
    "initial_do_mean": -7.838833716719649,
    "final_do_mean": -7.94493317326834,
    "best_do_mean": -5.290107540959536,
    "initial_pp_mean": -7.3733333966311285,
    "final_pp_mean": -6.581838254016988,
    "best_pp_mean": -4.340037951749914
}