{
    "best_epoch": 65,
    "best_val_performance": 2.181245524088542,
    "val_performance_metric": "diff",
    "train_loss": 1.8063890933990479,
    "initial_do_mean": -7.672225169664205,
    "final_do_mean": -6.662110126642293,
    "best_do_mean": -6.71383212541425,
    "initial_pp_mean": -7.073446963113897,
    "final_pp_mean": -5.505282491445541,
    "best_pp_mean": -5.527393863131018
}