{
    "best_epoch": 19,
    "best_val_performance": 1.492379584312439,
    "val_performance_metric": "diff",
    "train_loss": 2.473417282104492,
    "initial_do_mean": -6.747978039943811,
    "final_do_mean": -5.887853865189986,
    "best_do_mean": -4.176032281644416,
    "initial_pp_mean": -6.129578195677864,
    "final_pp_mean": -4.896039173338148,
    "best_pp_mean": -3.584873382250468
}