{
    "best_epoch": 25,
    "best_val_performance": -0.03246811707814601,
    "val_performance_metric": "diff",
    "train_loss": 3.0867486000061035,
    "initial_pref_do": 0.14714285714285713,
    "final_pref_do": 0.21428571428571427,
    "best_pref_do": 0.26571428571428574
}