{
    "best_epoch": 62,
    "best_val_performance": 4.393924544652304,
    "val_performance_metric": "diff",
    "train_loss": 2.07027268409729,
    "initial_do_mean": -6.529136292139689,
    "final_do_mean": -5.609683981808749,
    "best_do_mean": -5.4106684496908475,
    "initial_pp_mean": -5.895655390951369,
    "final_pp_mean": -5.089184538523356,
    "best_pp_mean": -4.818944848908318
}