{
    "best_epoch": 36,
    "best_val_performance": 1.4200562000274655,
    "val_performance_metric": "diff",
    "train_loss": 1.946642518043518,
    "initial_dative_mean": -7.191045212118249,
    "final_dative_mean": -7.147024840987914,
    "best_dative_mean": -7.204929367666356
}