{
    "best_epoch": 27,
    "best_val_performance": 0.3807776991526284,
    "val_performance_metric": "diff",
    "train_loss": 1.2783201932907104,
    "initial_pref_do": 0.08285714285714285,
    "final_pref_do": 0.16,
    "best_pref_do": 0.11857142857142858
}