{
    "best_epoch": 59,
    "best_val_performance": 2.900212477048239,
    "val_performance_metric": "diff",
    "train_loss": 1.7483288049697876,
    "initial_do_mean": -7.953617291395054,
    "final_do_mean": -7.682017940421437,
    "best_do_mean": -7.891920598440392,
    "initial_pp_mean": -7.527789765947006,
    "final_pp_mean": -6.17502253406188,
    "best_pp_mean": -6.35833959088606
}