{
    "best_epoch": 38,
    "best_val_performance": 1.3482360506057738,
    "val_performance_metric": "diff",
    "train_loss": 2.268695831298828,
    "initial_do_mean": -7.698379757792451,
    "final_do_mean": -6.886643886566162,
    "best_do_mean": -6.537132906359296,
    "initial_pp_mean": -7.165302072553073,
    "final_pp_mean": -5.525633695896934,
    "best_pp_mean": -5.200668509918101
}