{
    "best_epoch": 31,
    "best_val_performance": -0.007700856526692945,
    "val_performance_metric": "diff",
    "train_loss": 2.0655767917633057,
    "initial_do_mean": -6.66936198870341,
    "final_do_mean": -5.0232732281540375,
    "best_do_mean": -4.733288291006377,
    "initial_pp_mean": -5.821133330133226,
    "final_pp_mean": -4.264759969711304,
    "best_pp_mean": -4.030447644657559
}