{
    "best_epoch": 70,
    "best_val_performance": 0.1116125949223834,
    "val_performance_metric": "diff",
    "train_loss": 4.439096927642822,
    "initial_do_mean": -6.769333267211914,
    "final_do_mean": -5.2294767365311134,
    "best_do_mean": -5.2294767365311134,
    "initial_pp_mean": -6.100751741727193,
    "final_pp_mean": -4.675341338581509,
    "best_pp_mean": -4.675341338581509
}