{
    "best_epoch": 67,
    "best_val_performance": 1.6228090953826912,
    "val_performance_metric": "diff",
    "train_loss": 1.9153177738189697,
    "initial_dative_mean": -7.284076748884212,
    "final_dative_mean": -6.735932528624061,
    "best_dative_mean": -6.410957287975222
}