{
    "best_epoch": 70,
    "best_val_performance": 0.012101332346598603,
    "val_performance_metric": "diff",
    "train_loss": 2.6178953647613525,
    "initial_do_mean": -7.6982508585896605,
    "final_do_mean": -6.140606421370839,
    "best_do_mean": -6.140606421370839,
    "initial_pp_mean": -7.1652054127524885,
    "final_pp_mean": -5.240938115470549,
    "best_pp_mean": -5.240938115470549
}