{
    "best_epoch": 24,
    "best_val_performance": 0.5982024653752651,
    "val_performance_metric": "diff",
    "train_loss": 2.1110801696777344,
    "initial_do_mean": -6.507626539288145,
    "final_do_mean": -6.092647912285544,
    "best_do_mean": -5.780967445084543,
    "initial_pp_mean": -5.876166274812486,
    "final_pp_mean": -5.3689617130491465,
    "best_pp_mean": -4.850195288658142
}