{
    "best_epoch": 39,
    "best_val_performance": 2.020051506360371,
    "val_performance_metric": "diff",
    "train_loss": 2.124706506729126,
    "initial_dative_mean": -7.34203247752106,
    "final_dative_mean": -6.6052130256828505,
    "best_dative_mean": -7.192620727925273
}