{
    "best_epoch": 27,
    "best_val_performance": 3.1009954977035514,
    "val_performance_metric": "diff",
    "train_loss": 3.2081682682037354,
    "initial_pref_do": 0.14714285714285713,
    "final_pref_do": 0.17714285714285713,
    "best_pref_do": 0.11285714285714285
}