{
    "best_epoch": 70,
    "best_val_performance": -0.44962361494700165,
    "val_performance_metric": "diff",
    "train_loss": 3.615251064300537,
    "initial_pref_do": 0.15714285714285714,
    "final_pref_do": 0.1442857142857143,
    "best_pref_do": 0.1442857142857143
}