{
    "best_epoch": 70,
    "best_val_performance": -0.2012143961588544,
    "val_performance_metric": "diff",
    "train_loss": 3.634035110473633,
    "initial_do_mean": -6.634544901414351,
    "final_do_mean": -4.946304366082856,
    "best_do_mean": -4.946304366082856,
    "initial_pp_mean": -5.78331684006585,
    "final_pp_mean": -4.240414155854119,
    "best_pp_mean": -4.240414155854119
}