{
    "best_epoch": 70,
    "best_val_performance": 0.05020263989766427,
    "val_performance_metric": "diff",
    "train_loss": 1.5065865516662598,
    "initial_do_mean": -7.956112398657688,
    "final_do_mean": -5.833262297303178,
    "best_do_mean": -5.833262297303178,
    "initial_pp_mean": -7.530912777956794,
    "final_pp_mean": -5.555726951711318,
    "best_pp_mean": -5.555726951711318
}