{
    "best_epoch": 70,
    "best_val_performance": 3.257750522295634,
    "val_performance_metric": "diff",
    "train_loss": 1.7600406408309937,
    "initial_dative_mean": -7.197539691339459,
    "final_dative_mean": -7.275190309997191,
    "best_dative_mean": -7.275190309997191
}