{
    "best_epoch": 70,
    "best_val_performance": 0.26227262973785415,
    "val_performance_metric": "diff",
    "train_loss": 2.369258403778076,
    "initial_do_mean": -6.560251783602165,
    "final_do_mean": -4.7220037402528705,
    "best_do_mean": -4.7220037402528705,
    "initial_pp_mean": -5.766341132587857,
    "final_pp_mean": -4.231434750556946,
    "best_pp_mean": -4.231434750556946
}