{
    "best_epoch": 22,
    "best_val_performance": -0.14118114312489904,
    "val_performance_metric": "diff",
    "train_loss": 1.847699761390686,
    "initial_do_mean": -6.663032603986336,
    "final_do_mean": -5.11042236848311,
    "best_do_mean": -4.693534186392119,
    "initial_pp_mean": -5.921249130037096,
    "final_pp_mean": -4.460604397455851,
    "best_pp_mean": -4.022088615099589
}