{
    "best_epoch": 39,
    "best_val_performance": 0.8768843889236457,
    "val_performance_metric": "diff",
    "train_loss": 2.2550742626190186,
    "initial_dative_mean": -7.309717603594239,
    "final_dative_mean": -9.348321128658384,
    "best_dative_mean": -9.034932482312298
}