{
    "best_epoch": 41,
    "best_val_performance": 0.2969529072443642,
    "val_performance_metric": "diff",
    "train_loss": 3.2239201068878174,
    "initial_dative_mean": -7.4691933877983985,
    "final_dative_mean": -4.9609953938869005,
    "best_dative_mean": -4.9501501618073
}