{
    "best_epoch": 16,
    "best_val_performance": 0.1448438787460331,
    "val_performance_metric": "diff",
    "train_loss": 2.5413317680358887,
    "initial_do_mean": -6.5074183492949516,
    "final_do_mean": -5.188722611918594,
    "best_do_mean": -4.39787335395813,
    "initial_pp_mean": -5.876049057642619,
    "final_pp_mean": -4.384733735190498,
    "best_pp_mean": -3.681757908397251
}