{
    "best_epoch": 61,
    "best_val_performance": 3.5770529111226406,
    "val_performance_metric": "diff",
    "train_loss": 1.445273995399475,
    "initial_pref_do": 0.12857142857142856,
    "final_pref_do": 0.17142857142857143,
    "best_pref_do": 0.18285714285714286
}