{
    "best_epoch": 65,
    "best_val_performance": 2.2188816610972086,
    "val_performance_metric": "diff",
    "train_loss": 2.1876988410949707,
    "initial_dative_mean": -7.312351114917219,
    "final_dative_mean": -7.858451357710432,
    "best_dative_mean": -8.10958720194666
}