{
    "best_epoch": 27,
    "best_val_performance": 3.8057240231831866,
    "val_performance_metric": "diff",
    "train_loss": 2.369093179702759,
    "initial_do_mean": -7.639990306177805,
    "final_do_mean": -9.744336447050404,
    "best_do_mean": -8.155455178299615,
    "initial_pp_mean": -6.996989587475272,
    "final_pp_mean": -7.6688112458762,
    "best_pp_mean": -6.556380198282354
}