{
    "best_epoch": 70,
    "best_val_performance": 4.255547153155009,
    "val_performance_metric": "diff",
    "train_loss": 1.664540410041809,
    "initial_do_mean": -6.5098601586890945,
    "final_do_mean": -9.034027563441883,
    "best_do_mean": -9.034027563441883,
    "initial_pp_mean": -5.876474653349982,
    "final_pp_mean": -7.8334359407424925,
    "best_pp_mean": -7.8334359407424925
}