{
    "best_epoch": 70,
    "best_val_performance": -0.5969794416427616,
    "val_performance_metric": "diff",
    "train_loss": 2.185814619064331,
    "initial_pref_do": 0.18142857142857144,
    "final_pref_do": 0.17285714285714285,
    "best_pref_do": 0.17285714285714285
}