{
    "best_epoch": 70,
    "best_val_performance": -0.20561747392018592,
    "val_performance_metric": "diff",
    "train_loss": 2.8454525470733643,
    "initial_do_mean": -7.699574922406396,
    "final_do_mean": -6.0376259604858795,
    "best_do_mean": -6.0376259604858795,
    "initial_pp_mean": -7.166132763554068,
    "final_pp_mean": -5.353572704862146,
    "best_pp_mean": -5.353572704862146
}