{
    "best_epoch": 32,
    "best_val_performance": 0.4450148042043054,
    "val_performance_metric": "diff",
    "train_loss": 3.258418560028076,
    "initial_dative_mean": -7.193194730937132,
    "final_dative_mean": -5.462056313864669,
    "best_dative_mean": -5.11508001570116
}