{
    "best_epoch": 20,
    "best_val_performance": 0.993661753336589,
    "val_performance_metric": "diff",
    "train_loss": 3.0165796279907227,
    "initial_do_mean": -6.510156481193774,
    "final_do_mean": -6.33624899893096,
    "best_do_mean": -5.2171965844703445,
    "initial_pp_mean": -5.877273281415303,
    "final_pp_mean": -6.129638245370653,
    "best_pp_mean": -4.661607940991719
}