{
    "best_epoch": 45,
    "best_val_performance": 1.1031538200378428,
    "val_performance_metric": "diff",
    "train_loss": 1.306549310684204,
    "initial_do_mean": -6.7694803021170875,
    "final_do_mean": -7.398182399345167,
    "best_do_mean": -7.374638379703868,
    "initial_pp_mean": -6.103960471683078,
    "final_pp_mean": -5.8210983130666945,
    "best_pp_mean": -5.492930616272821
}