{
    "best_epoch": 24,
    "best_val_performance": 0.08673705259958897,
    "val_performance_metric": "diff",
    "train_loss": 2.917196750640869,
    "initial_do_mean": -7.596253038838852,
    "final_do_mean": -5.911709666598675,
    "best_do_mean": -5.760084619702295,
    "initial_pp_mean": -7.15129092020147,
    "final_pp_mean": -5.707311892860076,
    "best_pp_mean": -5.521377248623792
}