{
    "best_epoch": 52,
    "best_val_performance": 2.4860639540354406,
    "val_performance_metric": "diff",
    "train_loss": 2.1625163555145264,
    "initial_do_mean": -6.555825593254783,
    "final_do_mean": -7.824341463320183,
    "best_do_mean": -8.688906429753159,
    "initial_pp_mean": -5.759751598040263,
    "final_pp_mean": -7.204074570867751,
    "best_pp_mean": -7.371458342340257
}