{
    "best_epoch": 49,
    "best_val_performance": 1.4476244084040326,
    "val_performance_metric": "diff",
    "train_loss": 2.5380940437316895,
    "initial_do_mean": -7.687909574702728,
    "final_do_mean": -5.970473723702653,
    "best_do_mean": -5.248094837679419,
    "initial_pp_mean": -7.174102556705475,
    "final_pp_mean": -5.046436724242042,
    "best_pp_mean": -4.361751589354347
}