{
    "best_epoch": 70,
    "best_val_performance": 2.33237256526947,
    "val_performance_metric": "diff",
    "train_loss": 1.6019811630249023,
    "initial_do_mean": -6.6735706632787535,
    "final_do_mean": -8.115936142025571,
    "best_do_mean": -8.115936142025571,
    "initial_pp_mean": -5.8266819662517975,
    "final_pp_mean": -7.010699290699429,
    "best_pp_mean": -7.010699290699429
}