{
    "best_epoch": 17,
    "best_val_performance": 0.3555414517720541,
    "val_performance_metric": "diff",
    "train_loss": 2.9626176357269287,
    "initial_do_mean": -6.548421209508723,
    "final_do_mean": -5.306527678171793,
    "best_do_mean": -4.849709913947366,
    "initial_pp_mean": -5.902950904104444,
    "final_pp_mean": -4.579276625315348,
    "best_pp_mean": -3.9746768845452203
}