{
    "best_epoch": 70,
    "best_val_performance": 0.3228411054611193,
    "val_performance_metric": "diff",
    "train_loss": 2.0979907512664795,
    "initial_pref_do": 0.12714285714285714,
    "final_pref_do": 0.18428571428571427,
    "best_pref_do": 0.18428571428571427
}