{
    "best_epoch": 27,
    "best_val_performance": -0.26435591856638574,
    "val_performance_metric": "diff",
    "train_loss": 5.578172206878662,
    "initial_pref_do": 0.08428571428571428,
    "final_pref_do": 0.09857142857142857,
    "best_pref_do": 0.08285714285714285
}