{
    "best_epoch": 45,
    "best_val_performance": 0.2767984867095947,
    "val_performance_metric": "diff",
    "train_loss": 3.2517616748809814,
    "initial_do_mean": -6.66036539366751,
    "final_do_mean": -5.291835701104366,
    "best_do_mean": -5.102002052827315,
    "initial_pp_mean": -5.92079709370931,
    "final_pp_mean": -5.000317690107558,
    "best_pp_mean": -4.8065933386484785
}