{
    "best_epoch": 70,
    "best_val_performance": 2.8557898759841924,
    "val_performance_metric": "diff",
    "train_loss": 2.861020565032959,
    "initial_do_mean": -6.54471870769154,
    "final_do_mean": -4.73234136465824,
    "best_do_mean": -4.73234136465824,
    "initial_pp_mean": -5.897778301768833,
    "final_pp_mean": -4.306009697914123,
    "best_pp_mean": -4.306009697914123
}