{
    "best_epoch": 70,
    "best_val_performance": -0.4129427719116219,
    "val_performance_metric": "diff",
    "train_loss": 6.7870306968688965,
    "initial_pref_do": 0.14714285714285713,
    "final_pref_do": 0.18285714285714286,
    "best_pref_do": 0.18285714285714286
}