{
    "best_epoch": 61,
    "best_val_performance": 5.274782190322876,
    "val_performance_metric": "diff",
    "train_loss": 1.5579380989074707,
    "initial_pref_do": 0.07714285714285714,
    "final_pref_do": 0.011428571428571429,
    "best_pref_do": 0.005714285714285714
}