{
    "best_epoch": 70,
    "best_val_performance": -0.26543640772501575,
    "val_performance_metric": "diff",
    "train_loss": 4.377098083496094,
    "initial_do_mean": -6.53211602008704,
    "final_do_mean": -5.253026096748584,
    "best_do_mean": -5.253026096748584,
    "initial_pp_mean": -5.896984577178955,
    "final_pp_mean": -4.650054089228312,
    "best_pp_mean": -4.650054089228312
}