{
    "best_epoch": 41,
    "best_val_performance": 0.39401322205861344,
    "val_performance_metric": "diff",
    "train_loss": 1.4443520307540894,
    "initial_dative_mean": -7.312239587655541,
    "final_dative_mean": -6.283399643430933,
    "best_dative_mean": -6.006022536266617
}