{
    "best_epoch": 45,
    "best_val_performance": 3.2458061710993444,
    "val_performance_metric": "diff",
    "train_loss": 2.467103958129883,
    "initial_do_mean": -7.673140929881916,
    "final_do_mean": -7.358706152023271,
    "best_do_mean": -6.589913613574449,
    "initial_pp_mean": -7.073173232639538,
    "final_pp_mean": -6.260693656696993,
    "best_pp_mean": -5.2976598399526935
}