{
    "best_epoch": 54,
    "best_val_performance": 1.583504753112793,
    "val_performance_metric": "diff",
    "train_loss": 2.1648600101470947,
    "initial_do_mean": -6.4150299736947725,
    "final_do_mean": -4.700416947856094,
    "best_do_mean": -4.624328049746427,
    "initial_pp_mean": -5.739021439022488,
    "final_pp_mean": -4.26351191467709,
    "best_pp_mean": -4.244883832666609
}