{
    "best_epoch": 70,
    "best_val_performance": 2.9033240159352616,
    "val_performance_metric": "diff",
    "train_loss": 1.9490386247634888,
    "initial_do_mean": -7.670553991267847,
    "final_do_mean": -12.639684871185658,
    "best_do_mean": -12.639684871185658,
    "initial_pp_mean": -7.07041203064077,
    "final_pp_mean": -10.624876038467184,
    "best_pp_mean": -10.624876038467184
}