{
    "best_epoch": 31,
    "best_val_performance": -0.3745494206746418,
    "val_performance_metric": "diff",
    "train_loss": 4.694781303405762,
    "initial_do_mean": -7.687422342771708,
    "final_do_mean": -6.280134390606436,
    "best_do_mean": -6.774683072123417,
    "initial_pp_mean": -7.174330891581143,
    "final_pp_mean": -5.368969403645572,
    "best_pp_mean": -5.999629458259133
}