{
    "best_epoch": 31,
    "best_val_performance": 1.7596192518870035,
    "val_performance_metric": "diff",
    "train_loss": 2.0437369346618652,
    "initial_do_mean": -7.698891938425774,
    "final_do_mean": -8.21463367342949,
    "best_do_mean": -6.898485049951908,
    "initial_pp_mean": -7.165376166736379,
    "final_pp_mean": -6.857787673613604,
    "best_pp_mean": -5.735493799167521
}