{
    "best_epoch": 20,
    "best_val_performance": 1.050533574422201,
    "val_performance_metric": "diff",
    "train_loss": 3.281679391860962,
    "initial_do_mean": -7.688648500414782,
    "final_do_mean": -6.354659033029578,
    "best_do_mean": -6.427238585297451,
    "initial_pp_mean": -7.2535068532999825,
    "final_pp_mean": -5.63746883483494,
    "best_pp_mean": -5.636718589067459
}