{
    "best_epoch": 34,
    "best_val_performance": -0.19504173119862855,
    "val_performance_metric": "diff",
    "train_loss": 1.8862226009368896,
    "initial_pref_do": 0.09857142857142857,
    "final_pref_do": 0.16714285714285715,
    "best_pref_do": 0.12142857142857143
}