{
    "best_epoch": 29,
    "best_val_performance": 0.2588547229766842,
    "val_performance_metric": "diff",
    "train_loss": 2.236023187637329,
    "initial_pref_do": 0.18285714285714286,
    "final_pref_do": 0.032857142857142856,
    "best_pref_do": 0.07142857142857142
}