{
    "best_epoch": 33,
    "best_val_performance": -0.47583286285400384,
    "val_performance_metric": "diff",
    "train_loss": 6.0739970207214355,
    "initial_do_mean": -6.505122118285208,
    "final_do_mean": -5.533371629136981,
    "best_do_mean": -5.812332225568367,
    "initial_pp_mean": -5.873018013106452,
    "final_pp_mean": -4.882793831825256,
    "best_pp_mean": -5.190716748767429
}