{
    "best_epoch": 70,
    "best_val_performance": -0.09592187086741166,
    "val_performance_metric": "diff",
    "train_loss": 4.91610050201416,
    "initial_do_mean": -6.501505517959595,
    "final_do_mean": -5.733678771510268,
    "best_do_mean": -5.733678771510268,
    "initial_pp_mean": -5.870339963171217,
    "final_pp_mean": -5.242179075876872,
    "best_pp_mean": -5.242179075876872
}