{
    "best_epoch": 70,
    "best_val_performance": -0.2624878787994378,
    "val_performance_metric": "diff",
    "train_loss": 3.4207565784454346,
    "initial_pref_do": 0.17857142857142858,
    "final_pref_do": 0.2714285714285714,
    "best_pref_do": 0.2714285714285714
}