{
    "best_epoch": 70,
    "best_val_performance": 2.048238701820373,
    "val_performance_metric": "diff",
    "train_loss": 1.7762292623519897,
    "initial_pref_do": 0.14857142857142858,
    "final_pref_do": 0.15857142857142856,
    "best_pref_do": 0.15857142857142856
}