{
    "best_epoch": 70,
    "best_val_performance": 0.14934256235758525,
    "val_performance_metric": "diff",
    "train_loss": 1.6103407144546509,
    "initial_pref_do": 0.12714285714285714,
    "final_pref_do": 0.13857142857142857,
    "best_pref_do": 0.13857142857142857
}