{
    "best_epoch": 15,
    "best_val_performance": 1.4741247097651167,
    "val_performance_metric": "diff",
    "train_loss": 3.478738307952881,
    "initial_pref_do": 0.12428571428571429,
    "final_pref_do": 0.8071428571428572,
    "best_pref_do": 0.19142857142857142
}