{
    "best_epoch": 47,
    "best_val_performance": 4.57727382659912,
    "val_performance_metric": "diff",
    "train_loss": 3.388739585876465,
    "initial_pref_do": 0.07714285714285714,
    "final_pref_do": 0.14,
    "best_pref_do": 0.08285714285714285
}