{
    "best_epoch": 23,
    "best_val_performance": 0.08521233558654728,
    "val_performance_metric": "diff",
    "train_loss": 2.847219467163086,
    "initial_do_mean": -6.768064328395959,
    "final_do_mean": -4.834503767707131,
    "best_do_mean": -4.577229378440164,
    "initial_pp_mean": -6.099403068754408,
    "final_pp_mean": -4.104756587081486,
    "best_pp_mean": -3.9756904443105063
}