{
    "best_epoch": 39,
    "best_val_performance": 0.0574287446339925,
    "val_performance_metric": "diff",
    "train_loss": 3.245636463165283,
    "initial_do_mean": -7.635750595913377,
    "final_do_mean": -5.3740400304627975,
    "best_do_mean": -5.354375838193783,
    "initial_pp_mean": -6.992895720285528,
    "final_pp_mean": -4.568338923945147,
    "best_pp_mean": -4.6244587596725015
}