{
    "best_epoch": 70,
    "best_val_performance": -0.6174332332611083,
    "val_performance_metric": "diff",
    "train_loss": 6.828511714935303,
    "initial_dative_mean": -7.611271274368665,
    "final_dative_mean": -7.28376021894098,
    "best_dative_mean": -7.28376021894098
}