{
    "best_epoch": 28,
    "best_val_performance": 3.0483043177922564,
    "val_performance_metric": "diff",
    "train_loss": 2.5052123069763184,
    "initial_pref_do": 0.18142857142857144,
    "final_pref_do": 0.38571428571428573,
    "best_pref_do": 0.11285714285714285
}