{
    "best_epoch": 32,
    "best_val_performance": 1.2053117847442634,
    "val_performance_metric": "diff",
    "train_loss": 1.914146065711975,
    "initial_do_mean": -7.673358722481617,
    "final_do_mean": -7.1139170929443,
    "best_do_mean": -7.053325302379076,
    "initial_pp_mean": -7.074605159899768,
    "final_pp_mean": -5.984718114488265,
    "best_pp_mean": -5.713202819754096
}