{
    "best_epoch": 45,
    "best_val_performance": -0.22307098229726208,
    "val_performance_metric": "diff",
    "train_loss": 4.838725566864014,
    "initial_pref_do": 0.14714285714285713,
    "final_pref_do": 0.2914285714285714,
    "best_pref_do": 0.24571428571428572
}