{
    "best_epoch": 16,
    "best_val_performance": 0.4722018337249754,
    "val_performance_metric": "diff",
    "train_loss": 3.2428317070007324,
    "initial_do_mean": -6.771235307057698,
    "final_do_mean": -5.651300074837424,
    "best_do_mean": -4.759598792682994,
    "initial_pp_mean": -6.10468074215783,
    "final_pp_mean": -5.092775832282173,
    "best_pp_mean": -4.660560642348395
}