{
    "best_epoch": 60,
    "best_val_performance": 1.096299269994101,
    "val_performance_metric": "diff",
    "train_loss": 2.078965425491333,
    "initial_do_mean": -7.958169569109762,
    "final_do_mean": -7.210024851006131,
    "best_do_mean": -7.119593434555586,
    "initial_pp_mean": -7.572496381927939,
    "final_pp_mean": -6.760364564727334,
    "best_pp_mean": -6.646597808248856
}