{
    "best_epoch": 37,
    "best_val_performance": 0.07407649199167832,
    "val_performance_metric": "diff",
    "train_loss": 1.8635362386703491,
    "initial_dative_mean": -7.57789075967164,
    "final_dative_mean": -5.135361990733453,
    "best_dative_mean": -4.971542343932983
}