{
    "best_epoch": 27,
    "best_val_performance": 0.2381265115737916,
    "val_performance_metric": "diff",
    "train_loss": 2.6419565677642822,
    "initial_do_mean": -6.637843803925947,
    "final_do_mean": -4.989238770802816,
    "best_do_mean": -4.43327145431981,
    "initial_pp_mean": -5.788334973653158,
    "final_pp_mean": -4.211747810575697,
    "best_pp_mean": -3.6262932697931927
}