{
    "best_epoch": 66,
    "best_val_performance": 3.7603942330678297,
    "val_performance_metric": "diff",
    "train_loss": 1.9410842657089233,
    "initial_pref_do": 0.15571428571428572,
    "final_pref_do": 0.02142857142857143,
    "best_pref_do": 0.02142857142857143
}