{
    "best_epoch": 51,
    "best_val_performance": -0.015257744789123784,
    "val_performance_metric": "diff",
    "train_loss": 2.584233522415161,
    "initial_do_mean": -6.506802509770249,
    "final_do_mean": -5.330666007417621,
    "best_do_mean": -5.324186885718143,
    "initial_pp_mean": -5.8752819829516945,
    "final_pp_mean": -4.6807952218585545,
    "best_pp_mean": -4.646126113997566
}