{
    "best_epoch": 36,
    "best_val_performance": -0.14133740425109842,
    "val_performance_metric": "diff",
    "train_loss": 1.653327465057373,
    "initial_do_mean": -7.694098674280699,
    "final_do_mean": -6.681162471688071,
    "best_do_mean": -6.621229073335958,
    "initial_pp_mean": -7.258244656114018,
    "final_pp_mean": -5.9728154799517466,
    "best_pp_mean": -5.969113011219922
}