{
    "best_epoch": 3,
    "best_val_performance": 0.07424542744954454,
    "val_performance_metric": "diff",
    "train_loss": 2.8764309883117676,
    "initial_pref_do": 0.14714285714285713,
    "final_pref_do": 0.4042857142857143,
    "best_pref_do": 0.25285714285714284
}