{
    "best_epoch": 70,
    "best_val_performance": -0.03766474246978735,
    "val_performance_metric": "diff",
    "train_loss": 3.1789939403533936,
    "initial_pref_do": 0.17857142857142858,
    "final_pref_do": 0.26,
    "best_pref_do": 0.26
}