{
    "best_epoch": 70,
    "best_val_performance": -0.07505895296732579,
    "val_performance_metric": "diff",
    "train_loss": 1.762518286705017,
    "initial_pref_do": 0.18,
    "final_pref_do": 0.10428571428571429,
    "best_pref_do": 0.10428571428571429
}