{
    "best_epoch": 70,
    "best_val_performance": 0.3800377893447884,
    "val_performance_metric": "diff",
    "train_loss": 2.2077925205230713,
    "initial_pref_do": 0.18285714285714286,
    "final_pref_do": 0.09571428571428571,
    "best_pref_do": 0.09571428571428571
}