{
    "best_epoch": 37,
    "best_val_performance": 0.09400194803873685,
    "val_performance_metric": "diff",
    "train_loss": 2.4486658573150635,
    "initial_do_mean": -7.690053871897764,
    "final_do_mean": -6.087895125843758,
    "best_do_mean": -5.904718814201133,
    "initial_pp_mean": -7.25396042360979,
    "final_pp_mean": -5.454220253930372,
    "best_pp_mean": -5.150029954138924
}