{
    "best_epoch": 25,
    "best_val_performance": 0.26975904305775966,
    "val_performance_metric": "diff",
    "train_loss": 1.7320400476455688,
    "initial_dative_mean": -7.196193240190807,
    "final_dative_mean": -5.783789436719571,
    "best_dative_mean": -5.3343267299627
}