{
    "best_epoch": 15,
    "best_val_performance": 0.9365644200642897,
    "val_performance_metric": "diff",
    "train_loss": 2.679130792617798,
    "initial_do_mean": -6.510166292479544,
    "final_do_mean": -5.760306765816429,
    "best_do_mean": -4.3282992182355935,
    "initial_pp_mean": -5.878676626417372,
    "final_pp_mean": -5.497010293271806,
    "best_pp_mean": -4.261988054381477
}