{
    "best_epoch": 23,
    "best_val_performance": 1.250555917421976,
    "val_performance_metric": "diff",
    "train_loss": 1.6749951839447021,
    "initial_pref_do": 0.18142857142857144,
    "final_pref_do": 0.24,
    "best_pref_do": 0.17142857142857143
}