{
    "best_epoch": 70,
    "best_val_performance": -0.41097836812337185,
    "val_performance_metric": "diff",
    "train_loss": 4.990321159362793,
    "initial_dative_mean": -7.343309988752443,
    "final_dative_mean": -5.89433132974725,
    "best_dative_mean": -5.89433132974725
}