{
    "best_epoch": 39,
    "best_val_performance": 1.183176047007243,
    "val_performance_metric": "diff",
    "train_loss": 2.7345385551452637,
    "initial_do_mean": -7.598248428383539,
    "final_do_mean": -5.626728039148242,
    "best_do_mean": -6.005508345573447,
    "initial_pp_mean": -7.153201255377601,
    "final_pp_mean": -5.033327601587071,
    "best_pp_mean": -5.40526105445974
}