{
    "best_epoch": 70,
    "best_val_performance": -0.5700010744730637,
    "val_performance_metric": "diff",
    "train_loss": 4.949371337890625,
    "initial_pref_do": 0.18142857142857144,
    "final_pref_do": 0.19857142857142857,
    "best_pref_do": 0.19857142857142857
}