{
    "best_epoch": 54,
    "best_val_performance": 0.12667350610097294,
    "val_performance_metric": "diff",
    "train_loss": 1.8604875802993774,
    "initial_do_mean": -7.690532183924387,
    "final_do_mean": -5.634172008827675,
    "best_do_mean": -5.6348084790069,
    "initial_pp_mean": -7.17663978618734,
    "final_pp_mean": -4.49041078862022,
    "best_pp_mean": -4.501428240888259
}