{
    "best_epoch": 28,
    "best_val_performance": 0.0023476155598958215,
    "val_performance_metric": "diff",
    "train_loss": 2.5940916538238525,
    "initial_pref_do": 0.08285714285714285,
    "final_pref_do": 0.2914285714285714,
    "best_pref_do": 0.2914285714285714
}