{
    "best_epoch": 33,
    "best_val_performance": 0.13417649904886897,
    "val_performance_metric": "diff",
    "train_loss": 1.9892348051071167,
    "initial_do_mean": -6.505150183764371,
    "final_do_mean": -4.453325319290161,
    "best_do_mean": -4.288522950085727,
    "initial_pp_mean": -5.875043413374159,
    "final_pp_mean": -3.8004917462666827,
    "best_pp_mean": -3.6832440654436747
}