{
    "best_epoch": 33,
    "best_val_performance": 1.1769948752721149,
    "val_performance_metric": "diff",
    "train_loss": 1.9912633895874023,
    "initial_pref_do": 0.14857142857142858,
    "final_pref_do": 0.02142857142857143,
    "best_pref_do": 0.018571428571428572
}