{
    "best_epoch": 67,
    "best_val_performance": 0.4424684651692701,
    "val_performance_metric": "diff",
    "train_loss": 2.5492098331451416,
    "initial_do_mean": -7.963195195724798,
    "final_do_mean": -5.555340296307276,
    "best_do_mean": -5.544881756915602,
    "initial_pp_mean": -7.577660379690283,
    "final_pp_mean": -4.75259382724762,
    "best_pp_mean": -4.753909363466151
}