{
    "best_epoch": 50,
    "best_val_performance": 2.0835259866714475,
    "val_performance_metric": "diff",
    "train_loss": 0.8680920004844666,
    "initial_do_mean": -6.769291974558975,
    "final_do_mean": -5.645553467490457,
    "best_do_mean": -5.48141474868312,
    "initial_pp_mean": -6.100347985161675,
    "final_pp_mean": -5.257719435956743,
    "best_pp_mean": -5.1681584702597725
}