{
    "best_epoch": 36,
    "best_val_performance": 0.16643529574076332,
    "val_performance_metric": "diff",
    "train_loss": 2.295830726623535,
    "initial_pref_do": 0.07714285714285714,
    "final_pref_do": 0.037142857142857144,
    "best_pref_do": 0.09142857142857143
}