{
    "best_epoch": 63,
    "best_val_performance": -0.3566477696100865,
    "val_performance_metric": "diff",
    "train_loss": 3.1758577823638916,
    "initial_dative_mean": -7.610395169746109,
    "final_dative_mean": -5.954056085376014,
    "best_dative_mean": -6.04114300117158
}