{
    "best_epoch": 70,
    "best_val_performance": -0.16051607926686629,
    "val_performance_metric": "diff",
    "train_loss": 3.563311815261841,
    "initial_do_mean": -7.9611678975959155,
    "final_do_mean": -6.239123132339744,
    "best_do_mean": -6.239123132339744,
    "initial_pp_mean": -7.574858685802011,
    "final_pp_mean": -5.570137827536639,
    "best_pp_mean": -5.570137827536639
}