{
    "best_epoch": 25,
    "best_val_performance": 0.9860523430506394,
    "val_performance_metric": "diff",
    "train_loss": 1.9148348569869995,
    "initial_pref_do": 0.15714285714285714,
    "final_pref_do": 0.14714285714285713,
    "best_pref_do": 0.15
}