{
    "best_epoch": 12,
    "best_val_performance": 0.2666601181030268,
    "val_performance_metric": "diff",
    "train_loss": 4.0183916091918945,
    "initial_do_mean": -7.674243436996327,
    "final_do_mean": -5.690742631291235,
    "best_do_mean": -5.428187182822893,
    "initial_pp_mean": -7.075055807478288,
    "final_pp_mean": -5.287406378633836,
    "best_pp_mean": -4.996651860195048
}