{
    "best_epoch": 70,
    "best_val_performance": 0.32000824928283755,
    "val_performance_metric": "diff",
    "train_loss": 4.167741775512695,
    "initial_dative_mean": -7.2579512386991265,
    "final_dative_mean": -5.714947975692693,
    "best_dative_mean": -5.714947975692693
}