{
    "best_epoch": 70,
    "best_val_performance": -0.6217904583613079,
    "val_performance_metric": "diff",
    "train_loss": 6.571266174316406,
    "initial_pref_do": 0.09714285714285714,
    "final_pref_do": 0.09142857142857143,
    "best_pref_do": 0.09142857142857143
}