{
    "best_epoch": 48,
    "best_val_performance": 1.7704517428080244,
    "val_performance_metric": "diff",
    "train_loss": 1.6527124643325806,
    "initial_do_mean": -7.960824136124101,
    "final_do_mean": -10.838094253179639,
    "best_do_mean": -10.852690218492995,
    "initial_pp_mean": -7.574723337678348,
    "final_pp_mean": -10.367294782049516,
    "best_pp_mean": -10.144412408506168
}