{
    "best_epoch": 62,
    "best_val_performance": 1.2991570758819586,
    "val_performance_metric": "diff",
    "train_loss": 1.3611903190612793,
    "initial_pref_do": 0.09714285714285714,
    "final_pref_do": 0.20857142857142857,
    "best_pref_do": 0.2042857142857143
}