{
    "best_epoch": 70,
    "best_val_performance": 0.14815057595570913,
    "val_performance_metric": "diff",
    "train_loss": 3.8709263801574707,
    "initial_do_mean": -7.953939265983049,
    "final_do_mean": -5.959502112726833,
    "best_do_mean": -5.959502112726833,
    "initial_pp_mean": -7.528283141641056,
    "final_pp_mean": -5.584197295763913,
    "best_pp_mean": -5.584197295763913
}