{
    "best_epoch": 20,
    "best_val_performance": 0.01332753499348982,
    "val_performance_metric": "diff",
    "train_loss": 3.6058995723724365,
    "initial_pref_do": 0.10142857142857142,
    "final_pref_do": 0.1357142857142857,
    "best_pref_do": 0.14142857142857143
}