{
    "best_epoch": 23,
    "best_val_performance": 0.09189283053080288,
    "val_performance_metric": "diff",
    "train_loss": 3.8714067935943604,
    "initial_do_mean": -7.842984965374304,
    "final_do_mean": -5.895864717489065,
    "best_do_mean": -5.461648116624633,
    "initial_pp_mean": -7.377445831719567,
    "final_pp_mean": -5.438921566921122,
    "best_pp_mean": -5.099920476184172
}