{
    "best_epoch": 45,
    "best_val_performance": 0.6598580265045166,
    "val_performance_metric": "diff",
    "train_loss": 2.4992799758911133,
    "initial_do_mean": -7.9574149722276735,
    "final_do_mean": -5.630237245282461,
    "best_do_mean": -5.594855293631554,
    "initial_pp_mean": -7.5312579722965465,
    "final_pp_mean": -4.6501588842448065,
    "best_pp_mean": -4.624383428166895
}