{
    "best_epoch": 19,
    "best_val_performance": 1.1854094330469769,
    "val_performance_metric": "diff",
    "train_loss": 2.4655559062957764,
    "initial_dative_mean": -7.190932194043321,
    "final_dative_mean": -6.368173752960406,
    "best_dative_mean": -4.861345262903916
}