{
    "best_epoch": 61,
    "best_val_performance": 0.17815674622853628,
    "val_performance_metric": "diff",
    "train_loss": 3.2427468299865723,
    "initial_pref_do": 0.12714285714285714,
    "final_pref_do": 0.05714285714285714,
    "best_pref_do": 0.05
}