{
    "best_epoch": 39,
    "best_val_performance": 0.14889166990915914,
    "val_performance_metric": "diff",
    "train_loss": 1.55079185962677,
    "initial_do_mean": -6.556787802956321,
    "final_do_mean": -5.706719525655111,
    "best_do_mean": -5.0910568988684455,
    "initial_pp_mean": -5.761353455649482,
    "final_pp_mean": -5.210758476787143,
    "best_pp_mean": -4.740656619601779
}