{
    "best_epoch": 48,
    "best_val_performance": 2.6451991494496667,
    "val_performance_metric": "diff",
    "train_loss": 1.4252488613128662,
    "initial_pref_do": 0.18142857142857144,
    "final_pref_do": 0.13,
    "best_pref_do": 0.13857142857142857
}