{
    "best_epoch": 70,
    "best_val_performance": -0.016460418701171875,
    "val_performance_metric": "diff",
    "train_loss": 1.7305794954299927,
    "initial_dative_mean": -7.197496144395125,
    "final_dative_mean": -4.969684398139429,
    "best_dative_mean": -4.969684398139429
}