{
    "best_epoch": 70,
    "best_val_performance": 0.05419874986012818,
    "val_performance_metric": "diff",
    "train_loss": 4.505115985870361,
    "initial_dative_mean": -7.5806950187822535,
    "final_dative_mean": -5.770292720076633,
    "best_dative_mean": -5.770292720076633
}