{
    "best_epoch": 70,
    "best_val_performance": -0.6511291011174523,
    "val_performance_metric": "diff",
    "train_loss": 6.954769611358643,
    "initial_dative_mean": -7.31095290184021,
    "final_dative_mean": -7.159319427975437,
    "best_dative_mean": -7.159319427975437
}