{
    "best_epoch": 23,
    "best_val_performance": 0.1780872392654418,
    "val_performance_metric": "diff",
    "train_loss": 2.538125514984131,
    "initial_dative_mean": -7.281238528022989,
    "final_dative_mean": -5.764116875958025,
    "best_dative_mean": -5.340363206570609
}