{
    "best_epoch": 70,
    "best_val_performance": 2.2264697027206424,
    "val_performance_metric": "diff",
    "train_loss": 1.6394662857055664,
    "initial_pref_do": 0.07714285714285714,
    "final_pref_do": 0.24714285714285714,
    "best_pref_do": 0.24714285714285714
}