{
    "best_epoch": 70,
    "best_val_performance": 1.0271678924560543,
    "val_performance_metric": "diff",
    "train_loss": 1.522396445274353,
    "initial_pref_do": 0.18142857142857144,
    "final_pref_do": 0.09285714285714286,
    "best_pref_do": 0.09285714285714286
}