{
    "best_epoch": 70,
    "best_val_performance": -0.3331342204411829,
    "val_performance_metric": "diff",
    "train_loss": 4.232016086578369,
    "initial_pref_do": 0.08428571428571428,
    "final_pref_do": 0.17,
    "best_pref_do": 0.17
}