{
    "best_epoch": 15,
    "best_val_performance": 0.9603843832015988,
    "val_performance_metric": "diff",
    "train_loss": 2.752732992172241,
    "initial_do_mean": -6.656775902256821,
    "final_do_mean": -7.482952973336884,
    "best_do_mean": -7.039187479019165,
    "initial_pp_mean": -5.91633108721839,
    "final_pp_mean": -6.1913312117258705,
    "best_pp_mean": -5.753408235973782
}