{
    "best_epoch": 36,
    "best_val_performance": 0.8710322046279906,
    "val_performance_metric": "diff",
    "train_loss": 2.984833002090454,
    "initial_do_mean": -6.546723005988381,
    "final_do_mean": -6.2723591298768016,
    "best_do_mean": -5.508723011883823,
    "initial_pp_mean": -5.900688505172729,
    "final_pp_mean": -5.755386937989129,
    "best_pp_mean": -4.699003767967224
}