{
    "best_epoch": 16,
    "best_val_performance": 0.19279760360717813,
    "val_performance_metric": "diff",
    "train_loss": 1.9165239334106445,
    "initial_pref_do": 0.12428571428571429,
    "final_pref_do": 0.10857142857142857,
    "best_pref_do": 0.041428571428571426
}