{
    "best_epoch": 70,
    "best_val_performance": -0.21530159950256333,
    "val_performance_metric": "diff",
    "train_loss": 2.806340456008911,
    "initial_dative_mean": -7.284575227059816,
    "final_dative_mean": -5.610923134792618,
    "best_dative_mean": -5.610923134792618
}