{
    "best_epoch": 70,
    "best_val_performance": -0.2216526412963873,
    "val_performance_metric": "diff",
    "train_loss": 3.9598803520202637,
    "initial_do_mean": -6.656144147930723,
    "final_do_mean": -5.105691603458289,
    "best_do_mean": -5.105691603458289,
    "initial_pp_mean": -5.915170288085937,
    "final_pp_mean": -4.379811223347982,
    "best_pp_mean": -4.379811223347982
}