{
    "best_epoch": 70,
    "best_val_performance": 0.85022495428721,
    "val_performance_metric": "diff",
    "train_loss": 2.2165286540985107,
    "initial_do_mean": -7.962538335905519,
    "final_do_mean": -10.899511816196663,
    "best_do_mean": -10.899511816196663,
    "initial_pp_mean": -7.577086681478164,
    "final_pp_mean": -10.712073490900153,
    "best_pp_mean": -10.712073490900153
}