{
    "best_epoch": 35,
    "best_val_performance": 3.996038285891215,
    "val_performance_metric": "diff",
    "train_loss": 2.863882541656494,
    "initial_do_mean": -7.695630201766657,
    "final_do_mean": -10.928643438705178,
    "best_do_mean": -9.61171394863794,
    "initial_pp_mean": -7.298259993861703,
    "final_pp_mean": -8.72887405332397,
    "best_pp_mean": -7.609359732094933
}