{
    "best_epoch": 70,
    "best_val_performance": -0.6837045764923095,
    "val_performance_metric": "diff",
    "train_loss": 6.296472072601318,
    "initial_dative_mean": -7.576467046263622,
    "final_dative_mean": -7.277289686147233,
    "best_dative_mean": -7.277289686147233
}