{
    "best_epoch": 70,
    "best_val_performance": 0.3045007562637325,
    "val_performance_metric": "diff",
    "train_loss": 2.3685173988342285,
    "initial_do_mean": -7.9602174869803495,
    "final_do_mean": -5.674829882244731,
    "best_do_mean": -5.674829882244731,
    "initial_pp_mean": -7.574394590714398,
    "final_pp_mean": -4.832711449090172,
    "best_pp_mean": -4.832711449090172
}