{
    "best_epoch": 33,
    "best_val_performance": 0.24578275044759135,
    "val_performance_metric": "diff",
    "train_loss": 3.053497791290283,
    "initial_dative_mean": -7.576126385850516,
    "final_dative_mean": -5.007789086180123,
    "best_dative_mean": -4.930471963004062
}