{
    "best_epoch": 70,
    "best_val_performance": 3.5001468658447266,
    "val_performance_metric": "diff",
    "train_loss": 0.740118682384491,
    "initial_dative_mean": -7.61032383692892,
    "final_dative_mean": -11.510430722557313,
    "best_dative_mean": -11.510430722557313
}