{
    "best_epoch": 70,
    "best_val_performance": -0.6127526251475022,
    "val_performance_metric": "diff",
    "train_loss": 7.7054009437561035,
    "initial_pref_do": 0.15857142857142856,
    "final_pref_do": 0.1357142857142857,
    "best_pref_do": 0.1357142857142857
}