{
    "best_epoch": 68,
    "best_val_performance": 1.3130687697728476,
    "val_performance_metric": "diff",
    "train_loss": 1.508801817893982,
    "initial_pref_do": 0.18142857142857144,
    "final_pref_do": 0.12285714285714286,
    "best_pref_do": 0.12285714285714286
}