{
    "best_epoch": 60,
    "best_val_performance": 1.1186030387878416,
    "val_performance_metric": "diff",
    "train_loss": 1.072190284729004,
    "initial_do_mean": -7.6946225942567334,
    "final_do_mean": -6.221079660362975,
    "best_do_mean": -6.163603668989137,
    "initial_pp_mean": -7.258764888258542,
    "final_pp_mean": -5.172710245672394,
    "best_pp_mean": -5.097419477210325
}