{
    "best_epoch": 20,
    "best_val_performance": -0.08147972583770802,
    "val_performance_metric": "diff",
    "train_loss": 2.6576929092407227,
    "initial_do_mean": -7.695688567189283,
    "final_do_mean": -5.525839714463367,
    "best_do_mean": -5.8168737271497415,
    "initial_pp_mean": -7.297412771337172,
    "final_pp_mean": -5.287368047237396,
    "best_pp_mean": -5.5752678965820985
}