{
    "best_epoch": 70,
    "best_val_performance": 1.4636061684290569,
    "val_performance_metric": "diff",
    "train_loss": 1.807205080986023,
    "initial_do_mean": -7.693443386360657,
    "final_do_mean": -6.176739892987317,
    "best_do_mean": -6.176739892987317,
    "initial_pp_mean": -7.29536751017851,
    "final_pp_mean": -5.116199008857502,
    "best_pp_mean": -5.116199008857502
}