{
    "best_epoch": 70,
    "best_val_performance": 0.1444951184590657,
    "val_performance_metric": "diff",
    "train_loss": 1.7304737567901611,
    "initial_do_mean": -7.841205831877021,
    "final_do_mean": -6.1547232800444895,
    "best_do_mean": -6.1547232800444895,
    "initial_pp_mean": -7.375070240217097,
    "final_pp_mean": -4.922906441898907,
    "best_pp_mean": -4.922906441898907
}