{
    "best_epoch": 61,
    "best_val_performance": -0.002808491388957002,
    "val_performance_metric": "diff",
    "train_loss": 1.868676781654358,
    "initial_pref_do": 0.14714285714285713,
    "final_pref_do": 0.12428571428571429,
    "best_pref_do": 0.15
}