{
    "best_epoch": 43,
    "best_val_performance": 1.2948631842931118,
    "val_performance_metric": "diff",
    "train_loss": 1.8493133783340454,
    "initial_pref_do": 0.17714285714285713,
    "final_pref_do": 0.1657142857142857,
    "best_pref_do": 0.11714285714285715
}