{
    "best_epoch": 44,
    "best_val_performance": 1.6877968327204398,
    "val_performance_metric": "diff",
    "train_loss": 2.031507968902588,
    "initial_pref_do": 0.18142857142857144,
    "final_pref_do": 0.1,
    "best_pref_do": 0.07285714285714286
}