{
    "best_epoch": 39,
    "best_val_performance": 4.214007665316264,
    "val_performance_metric": "diff",
    "train_loss": 1.9457374811172485,
    "initial_do_mean": -7.671805701283521,
    "final_do_mean": -8.3829865012058,
    "best_do_mean": -6.684870902535527,
    "initial_pp_mean": -7.073452284055597,
    "final_pp_mean": -6.6946302249151115,
    "best_pp_mean": -5.453489475390491
}