{
    "best_epoch": 24,
    "best_val_performance": 0.8866123660405476,
    "val_performance_metric": "diff",
    "train_loss": 2.5672972202301025,
    "initial_do_mean": -7.637737495261569,
    "final_do_mean": -7.1908786979525585,
    "best_do_mean": -6.448643264728923,
    "initial_pp_mean": -6.996688145048478,
    "final_pp_mean": -6.638408260836321,
    "best_pp_mean": -5.850023196725284
}