{
    "best_epoch": 70,
    "best_val_performance": -0.2319640509287515,
    "val_performance_metric": "diff",
    "train_loss": 2.547787666320801,
    "initial_pref_do": 0.17714285714285713,
    "final_pref_do": 0.13142857142857142,
    "best_pref_do": 0.13142857142857142
}