{
    "best_epoch": 41,
    "best_val_performance": 4.613838322957358,
    "val_performance_metric": "diff",
    "train_loss": 2.961047887802124,
    "initial_do_mean": -7.698668915865033,
    "final_do_mean": -7.2226149900708085,
    "best_do_mean": -10.681908874664195,
    "initial_pp_mean": -7.1652520810856535,
    "final_pp_mean": -6.095586628423018,
    "best_pp_mean": -8.980695490977343
}