{
    "best_epoch": 70,
    "best_val_performance": 0.022217439015705942,
    "val_performance_metric": "diff",
    "train_loss": 2.2561473846435547,
    "initial_pref_do": 0.1357142857142857,
    "final_pref_do": 0.3442857142857143,
    "best_pref_do": 0.3442857142857143
}