{
    "best_epoch": 70,
    "best_val_performance": 0.08750903288523393,
    "val_performance_metric": "diff",
    "train_loss": 2.5934531688690186,
    "initial_do_mean": -7.839200062114139,
    "final_do_mean": -5.721608890003936,
    "best_do_mean": -5.721608890003936,
    "initial_pp_mean": -7.374804028342752,
    "final_pp_mean": -5.267528378963471,
    "best_pp_mean": -5.267528378963471
}