{
    "best_epoch": 70,
    "best_val_performance": -0.03965641498565731,
    "val_performance_metric": "diff",
    "train_loss": 3.8274049758911133,
    "initial_do_mean": -7.955857507018155,
    "final_do_mean": -6.2260244793670125,
    "best_do_mean": -6.2260244793670125,
    "initial_pp_mean": -7.530383606518016,
    "final_pp_mean": -5.806384237022961,
    "best_pp_mean": -5.806384237022961
}