{
    "best_epoch": 39,
    "best_val_performance": 1.1160127894083658,
    "val_performance_metric": "diff",
    "train_loss": 1.9266680479049683,
    "initial_pref_do": 0.18142857142857144,
    "final_pref_do": 0.14857142857142858,
    "best_pref_do": 0.15142857142857144
}