{
    "best_epoch": 69,
    "best_val_performance": 3.943283379872639,
    "val_performance_metric": "diff",
    "train_loss": 1.7449398040771484,
    "initial_do_mean": -7.695180892944336,
    "final_do_mean": -7.030531240757122,
    "best_do_mean": -7.04575389346411,
    "initial_pp_mean": -7.296494206260232,
    "final_pp_mean": -6.912758349320468,
    "best_pp_mean": -6.926695317731184
}