{
    "best_epoch": 46,
    "best_val_performance": -0.36401274204254186,
    "val_performance_metric": "diff",
    "train_loss": 4.181177139282227,
    "initial_pref_do": 0.08285714285714285,
    "final_pref_do": 0.07428571428571429,
    "best_pref_do": 0.08
}