{
    "best_epoch": 7,
    "best_val_performance": 0.28153571605682437,
    "val_performance_metric": "diff",
    "train_loss": 3.6504735946655273,
    "initial_pref_do": 0.17714285714285713,
    "final_pref_do": 0.10428571428571429,
    "best_pref_do": 0.12571428571428572
}