{
    "best_epoch": 56,
    "best_val_performance": -0.15695649464925143,
    "val_performance_metric": "diff",
    "train_loss": 1.4696255922317505,
    "initial_do_mean": -7.690624426963717,
    "final_do_mean": -5.7609932259764784,
    "best_do_mean": -5.825998819844667,
    "initial_pp_mean": -7.255949309994192,
    "final_pp_mean": -5.318428728159736,
    "best_pp_mean": -5.315534319246517
}