{
    "best_epoch": 70,
    "best_val_performance": -0.0805035463968915,
    "val_performance_metric": "diff",
    "train_loss": 1.6022405624389648,
    "initial_do_mean": -7.690725754166758,
    "final_do_mean": -6.412766521060189,
    "best_do_mean": -6.412766521060189,
    "initial_pp_mean": -7.292701079564936,
    "final_pp_mean": -5.877519955705194,
    "best_pp_mean": -5.877519955705194
}