{
    "best_epoch": 70,
    "best_val_performance": 2.0006397263209035,
    "val_performance_metric": "diff",
    "train_loss": 1.759343147277832,
    "initial_do_mean": -7.688469116077867,
    "final_do_mean": -6.811931730009789,
    "best_do_mean": -6.811931730009789,
    "initial_pp_mean": -7.174712715429418,
    "final_pp_mean": -6.289692127704621,
    "best_pp_mean": -6.289692127704621
}