{
    "best_epoch": 67,
    "best_val_performance": 0.10226206302642815,
    "val_performance_metric": "diff",
    "train_loss": 2.40877366065979,
    "initial_pref_do": 0.12285714285714286,
    "final_pref_do": 0.07285714285714286,
    "best_pref_do": 0.07428571428571429
}