{
    "best_epoch": 70,
    "best_val_performance": -0.6705046033859254,
    "val_performance_metric": "diff",
    "train_loss": 7.03250789642334,
    "initial_dative_mean": -7.5752513875738225,
    "final_dative_mean": -7.202653020446063,
    "best_dative_mean": -7.202653020446063
}