{
    "best_epoch": 40,
    "best_val_performance": -0.2659328413009643,
    "val_performance_metric": "diff",
    "train_loss": 4.228021621704102,
    "initial_dative_mean": -7.468617845697013,
    "final_dative_mean": -5.907597846106479,
    "best_dative_mean": -6.231696181478556
}