{
    "best_epoch": 33,
    "best_val_performance": 1.4898868529001872,
    "val_performance_metric": "diff",
    "train_loss": 1.6601850986480713,
    "initial_dative_mean": -7.336508495068689,
    "final_dative_mean": -6.032886692829299,
    "best_dative_mean": -5.756593576561638
}