{
    "best_epoch": 63,
    "best_val_performance": 2.618643674850463,
    "val_performance_metric": "diff",
    "train_loss": 2.101903200149536,
    "initial_do_mean": -6.551823870340983,
    "final_do_mean": -5.760335848548196,
    "best_do_mean": -5.501753441492716,
    "initial_pp_mean": -5.757212850782606,
    "final_pp_mean": -6.528653354114956,
    "best_pp_mean": -6.323521833949619
}