{
    "best_epoch": 28,
    "best_val_performance": 1.6169862302144367,
    "val_performance_metric": "diff",
    "train_loss": 2.4157912731170654,
    "initial_do_mean": -6.637038804545547,
    "final_do_mean": -8.09346255389127,
    "best_do_mean": -7.359920714118264,
    "initial_pp_mean": -5.78626123269399,
    "final_pp_mean": -8.188076824612088,
    "best_pp_mean": -7.0335492187076145
}