{
    "best_epoch": 27,
    "best_val_performance": -0.2525902382532754,
    "val_performance_metric": "diff",
    "train_loss": 3.3109805583953857,
    "initial_dative_mean": -7.312431319415221,
    "final_dative_mean": -5.983133562127052,
    "best_dative_mean": -5.684127136454944
}