{
    "best_epoch": 60,
    "best_val_performance": 4.721937378247579,
    "val_performance_metric": "diff",
    "train_loss": 1.883603572845459,
    "initial_pref_do": 0.17714285714285713,
    "final_pref_do": 0.18857142857142858,
    "best_pref_do": 0.18857142857142858
}