{
    "best_epoch": 13,
    "best_val_performance": 0.47554763952891044,
    "val_performance_metric": "diff",
    "train_loss": 2.2516162395477295,
    "initial_do_mean": -7.692032213820967,
    "final_do_mean": -6.2555150410463645,
    "best_do_mean": -5.360833857988203,
    "initial_pp_mean": -7.256600785255432,
    "final_pp_mean": -5.5677850754822,
    "best_pp_mean": -4.699168160733055
}