{
    "best_epoch": 15,
    "best_val_performance": 0.44764652570088703,
    "val_performance_metric": "diff",
    "train_loss": 3.7584543228149414,
    "initial_do_mean": -6.544166713772398,
    "final_do_mean": -5.637068882855502,
    "best_do_mean": -4.7571990070921,
    "initial_pp_mean": -5.8984796365102135,
    "final_pp_mean": -4.668169379234314,
    "best_pp_mean": -4.106935766008165
}