{
    "best_epoch": 70,
    "best_val_performance": -0.2482926813761397,
    "val_performance_metric": "diff",
    "train_loss": 2.9946322441101074,
    "initial_do_mean": -6.658616763895208,
    "final_do_mean": -5.395486877903794,
    "best_do_mean": -5.395486877903794,
    "initial_pp_mean": -5.9168053971396555,
    "final_pp_mean": -4.700790792041355,
    "best_pp_mean": -4.700790792041355
}