{
    "best_epoch": 70,
    "best_val_performance": -0.31114850997924837,
    "val_performance_metric": "diff",
    "train_loss": 4.294005393981934,
    "initial_dative_mean": -7.194360216458638,
    "final_dative_mean": -5.676357961537545,
    "best_dative_mean": -5.676357961537545
}