{
    "best_epoch": 70,
    "best_val_performance": 0.08853268464406305,
    "val_performance_metric": "diff",
    "train_loss": 4.660404205322266,
    "initial_pref_do": 0.18142857142857144,
    "final_pref_do": 0.3585714285714286,
    "best_pref_do": 0.3585714285714286
}