{
    "best_epoch": 41,
    "best_val_performance": 1.383167452812195,
    "val_performance_metric": "diff",
    "train_loss": 1.7965991497039795,
    "initial_dative_mean": -7.4688344406105625,
    "final_dative_mean": -6.015976649191645,
    "best_dative_mean": -5.291427072115809
}