{
    "best_epoch": 70,
    "best_val_performance": -0.09012380441029944,
    "val_performance_metric": "diff",
    "train_loss": 1.7271649837493896,
    "initial_do_mean": -7.6870238164136575,
    "final_do_mean": -6.118147937364356,
    "best_do_mean": -6.118147937364356,
    "initial_pp_mean": -7.251853463930242,
    "final_pp_mean": -5.296377615017049,
    "best_pp_mean": -5.296377615017049
}