{
    "best_epoch": 35,
    "best_val_performance": 1.233330569267273,
    "val_performance_metric": "diff",
    "train_loss": 2.331864595413208,
    "initial_pref_do": 0.14714285714285713,
    "final_pref_do": 0.19428571428571428,
    "best_pref_do": 0.4342857142857143
}