{
    "best_epoch": 28,
    "best_val_performance": 2.4277388143539422,
    "val_performance_metric": "diff",
    "train_loss": 1.7558743953704834,
    "initial_do_mean": -7.690585577210714,
    "final_do_mean": -5.34404048150362,
    "best_do_mean": -5.146246362564176,
    "initial_pp_mean": -7.176368392215055,
    "final_pp_mean": -4.700482992915546,
    "best_pp_mean": -4.456978980933918
}