{
    "best_epoch": 70,
    "best_val_performance": -0.29276782194773343,
    "val_performance_metric": "diff",
    "train_loss": 3.94964337348938,
    "initial_dative_mean": -7.471114468504811,
    "final_dative_mean": -5.929586043134767,
    "best_dative_mean": -5.929586043134767
}