{
    "best_epoch": 70,
    "best_val_performance": -0.06920953909556005,
    "val_performance_metric": "diff",
    "train_loss": 4.185818672180176,
    "initial_do_mean": -7.6921360672906385,
    "final_do_mean": -5.778277917656788,
    "best_do_mean": -5.778277917656788,
    "initial_pp_mean": -7.2950688221875355,
    "final_pp_mean": -5.292912615046782,
    "best_pp_mean": -5.292912615046782
}