{
    "best_epoch": 25,
    "best_val_performance": -0.4227098496754964,
    "val_performance_metric": "diff",
    "train_loss": 3.2832155227661133,
    "initial_dative_mean": -7.284168049954531,
    "final_dative_mean": -5.698978949534266,
    "best_dative_mean": -5.701277532249863
}