{
    "best_epoch": 57,
    "best_val_performance": 1.5025824292500811,
    "val_performance_metric": "diff",
    "train_loss": 1.0290812253952026,
    "initial_pref_do": 0.1357142857142857,
    "final_pref_do": 0.09571428571428571,
    "best_pref_do": 0.11
}