{
    "best_epoch": 55,
    "best_val_performance": -0.25951351483662943,
    "val_performance_metric": "diff",
    "train_loss": 4.299853324890137,
    "initial_do_mean": -7.70344741677129,
    "final_do_mean": -6.0730341641708865,
    "best_do_mean": -6.219488788482755,
    "initial_pp_mean": -7.170319520024693,
    "final_pp_mean": -5.272914856672287,
    "best_pp_mean": -5.418438123254215
}