{
    "best_epoch": 16,
    "best_val_performance": -0.10458574930826892,
    "val_performance_metric": "diff",
    "train_loss": 3.2940258979797363,
    "initial_do_mean": -6.509916912425648,
    "final_do_mean": -5.119161071199359,
    "best_do_mean": -5.18750923908118,
    "initial_pp_mean": -5.877163664499919,
    "final_pp_mean": -4.6829522530237835,
    "best_pp_mean": -4.691593538390266
}