{
    "best_epoch": 50,
    "best_val_performance": 0.5152649084726972,
    "val_performance_metric": "diff",
    "train_loss": 1.3143064975738525,
    "initial_do_mean": -6.423534994414358,
    "final_do_mean": -4.9313844189499365,
    "best_do_mean": -4.7090983824296435,
    "initial_pp_mean": -5.746157450146145,
    "final_pp_mean": -4.312533373302884,
    "best_pp_mean": -4.108196919494205
}