{
    "best_epoch": 49,
    "best_val_performance": 0.05386709213256857,
    "val_performance_metric": "diff",
    "train_loss": 2.7053959369659424,
    "initial_do_mean": -7.837312503609547,
    "final_do_mean": -6.061253665491592,
    "best_do_mean": -5.8843384735112965,
    "initial_pp_mean": -7.371678402143366,
    "final_pp_mean": -4.951396481079214,
    "best_pp_mean": -4.812820811832652
}