{
    "best_epoch": 23,
    "best_val_performance": 1.1222040049235034,
    "val_performance_metric": "diff",
    "train_loss": 2.6915640830993652,
    "initial_do_mean": -6.743051934964729,
    "final_do_mean": -6.651335687348337,
    "best_do_mean": -5.323437530344183,
    "initial_pp_mean": -6.122454253832499,
    "final_pp_mean": -6.236435871654087,
    "best_pp_mean": -4.685641680823432
}