{
    "best_epoch": 70,
    "best_val_performance": -0.19675673802693616,
    "val_performance_metric": "diff",
    "train_loss": 4.423811912536621,
    "initial_do_mean": -6.5299650697997125,
    "final_do_mean": -5.524947217016509,
    "best_do_mean": -5.524947217016509,
    "initial_pp_mean": -5.898563774426778,
    "final_pp_mean": -4.86655821800232,
    "best_pp_mean": -4.86655821800232
}