{
    "best_epoch": 53,
    "best_val_performance": 0.07308322270711276,
    "val_performance_metric": "diff",
    "train_loss": 1.9096602201461792,
    "initial_do_mean": -6.746399997942375,
    "final_do_mean": -4.79521239454096,
    "best_do_mean": -4.711115367484815,
    "initial_pp_mean": -6.126763772964478,
    "final_pp_mean": -4.054425194528368,
    "best_pp_mean": -3.9831967062420315
}