{
    "best_epoch": 29,
    "best_val_performance": 0.15076867103576674,
    "val_performance_metric": "diff",
    "train_loss": 3.1864898204803467,
    "initial_do_mean": -7.699939767288607,
    "final_do_mean": -5.590214206382286,
    "best_do_mean": -5.280306316392366,
    "initial_pp_mean": -7.166148861015544,
    "final_pp_mean": -4.9417287738884195,
    "best_pp_mean": -4.630745805712307
}