{
    "best_epoch": 70,
    "best_val_performance": -0.002976611455281386,
    "val_performance_metric": "diff",
    "train_loss": 1.812707543373108,
    "initial_do_mean": -6.655923214825717,
    "final_do_mean": -5.221768335862593,
    "best_do_mean": -5.221768335862593,
    "initial_pp_mean": -5.9136040528615315,
    "final_pp_mean": -4.715646804703606,
    "best_pp_mean": -4.715646804703606
}