{
    "best_epoch": 48,
    "best_val_performance": 0.8143187729517622,
    "val_performance_metric": "diff",
    "train_loss": 1.0363590717315674,
    "initial_dative_mean": -7.343478500494483,
    "final_dative_mean": -4.850967248367985,
    "best_dative_mean": -4.702013258174149
}