{
    "best_epoch": 34,
    "best_val_performance": 0.40803149541219064,
    "val_performance_metric": "diff",
    "train_loss": 2.8795180320739746,
    "initial_dative_mean": -7.579326045792005,
    "final_dative_mean": -5.09034254118713,
    "best_dative_mean": -4.9317820230771225
}