{
    "best_epoch": 6,
    "best_val_performance": 0.274283323287964,
    "val_performance_metric": "diff",
    "train_loss": 3.6043806076049805,
    "initial_pref_do": 0.12714285714285714,
    "final_pref_do": 0.4642857142857143,
    "best_pref_do": 0.23
}