{
    "best_epoch": 70,
    "best_val_performance": -0.5126161289215085,
    "val_performance_metric": "diff",
    "train_loss": 6.265127182006836,
    "initial_pref_do": 0.17714285714285713,
    "final_pref_do": 0.18428571428571427,
    "best_pref_do": 0.18428571428571427
}