{
    "best_epoch": 70,
    "best_val_performance": 0.36325017770131485,
    "val_performance_metric": "diff",
    "train_loss": 1.7023895978927612,
    "initial_pref_do": 0.14714285714285713,
    "final_pref_do": 0.09285714285714286,
    "best_pref_do": 0.09285714285714286
}