{
    "best_epoch": 26,
    "best_val_performance": 1.3374339389801015,
    "val_performance_metric": "diff",
    "train_loss": 1.9679007530212402,
    "initial_dative_mean": -7.310002104929316,
    "final_dative_mean": -7.437569554089106,
    "best_dative_mean": -6.815535961361657
}