{
    "best_epoch": 70,
    "best_val_performance": 0.11894881884257025,
    "val_performance_metric": "diff",
    "train_loss": 2.5022900104522705,
    "initial_dative_mean": -7.314800496338404,
    "final_dative_mean": -5.573643052961394,
    "best_dative_mean": -5.573643052961394
}