{
    "best_epoch": 70,
    "best_val_performance": -0.16830714861551854,
    "val_performance_metric": "diff",
    "train_loss": 3.997108221054077,
    "initial_do_mean": -6.747671401861942,
    "final_do_mean": -5.157182440613255,
    "best_do_mean": -5.157182440613255,
    "initial_pp_mean": -6.12823133998447,
    "final_pp_mean": -4.424648563067119,
    "best_pp_mean": -4.424648563067119
}