{
    "best_epoch": 70,
    "best_val_performance": -0.5481984965006506,
    "val_performance_metric": "diff",
    "train_loss": 5.786331653594971,
    "initial_dative_mean": -7.306894241020694,
    "final_dative_mean": -7.024343864959583,
    "best_dative_mean": -7.024343864959583
}