{
    "best_epoch": 30,
    "best_val_performance": 4.424715051651001,
    "val_performance_metric": "diff",
    "train_loss": 2.4583189487457275,
    "initial_do_mean": -7.959716300631678,
    "final_do_mean": -8.992269897183707,
    "best_do_mean": -8.359703090994858,
    "initial_pp_mean": -7.574713706970215,
    "final_pp_mean": -7.660140456872828,
    "best_pp_mean": -7.140897532070384
}