{
    "best_epoch": 70,
    "best_val_performance": 0.27074993451436313,
    "val_performance_metric": "diff",
    "train_loss": 1.9157837629318237,
    "initial_pref_do": 0.18,
    "final_pref_do": 0.3842857142857143,
    "best_pref_do": 0.3842857142857143
}