{
    "best_epoch": 70,
    "best_val_performance": -0.274167091051738,
    "val_performance_metric": "diff",
    "train_loss": 3.0813751220703125,
    "initial_pref_do": 0.09857142857142857,
    "final_pref_do": 0.07857142857142857,
    "best_pref_do": 0.07857142857142857
}