{
    "best_epoch": 70,
    "best_val_performance": -0.38322673479715963,
    "val_performance_metric": "diff",
    "train_loss": 4.554166316986084,
    "initial_dative_mean": -7.197697126028831,
    "final_dative_mean": -5.6408615136704245,
    "best_dative_mean": -5.6408615136704245
}