{
    "best_epoch": 70,
    "best_val_performance": 0.23463247140248633,
    "val_performance_metric": "diff",
    "train_loss": 2.197451591491699,
    "initial_do_mean": -7.836931314579276,
    "final_do_mean": -6.467178994833037,
    "best_do_mean": -6.467178994833037,
    "initial_pp_mean": -7.372745399615344,
    "final_pp_mean": -5.591093903078752,
    "best_pp_mean": -5.591093903078752
}