{
    "best_epoch": 11,
    "best_val_performance": -0.192630534172058,
    "val_performance_metric": "diff",
    "train_loss": 3.5765907764434814,
    "initial_do_mean": -6.659469802451857,
    "final_do_mean": -5.123598591486613,
    "best_do_mean": -5.101785451715643,
    "initial_pp_mean": -5.916887633005778,
    "final_pp_mean": -4.463783648278978,
    "best_pp_mean": -4.406742509206136
}