{
    "best_epoch": 70,
    "best_val_performance": 0.1342021401723228,
    "val_performance_metric": "diff",
    "train_loss": 1.4693013429641724,
    "initial_dative_mean": -7.463034340164118,
    "final_dative_mean": -5.5873136117792965,
    "best_dative_mean": -5.5873136117792965
}