{
    "best_epoch": 51,
    "best_val_performance": 0.014555438359577622,
    "val_performance_metric": "diff",
    "train_loss": 2.791232109069824,
    "initial_do_mean": -7.630693373291991,
    "final_do_mean": -5.652246900422629,
    "best_do_mean": -5.513838849095411,
    "initial_pp_mean": -6.98645398125929,
    "final_pp_mean": -5.193417470595416,
    "best_pp_mean": -5.086947618512546
}