{
    "best_epoch": 38,
    "best_val_performance": 3.934928558667501,
    "val_performance_metric": "diff",
    "train_loss": 1.673903465270996,
    "initial_pref_do": 0.14857142857142858,
    "final_pref_do": 0.032857142857142856,
    "best_pref_do": 0.018571428571428572
}