{
    "best_epoch": 41,
    "best_val_performance": -0.037125668525695765,
    "val_performance_metric": "diff",
    "train_loss": 2.339414596557617,
    "initial_do_mean": -7.675203113361847,
    "final_do_mean": -5.7561001645964245,
    "best_do_mean": -5.642734835660735,
    "initial_pp_mean": -7.076173484325409,
    "final_pp_mean": -4.790422743909499,
    "best_pp_mean": -4.687962047142141
}