{
    "best_epoch": 70,
    "best_val_performance": -0.7370850976308185,
    "val_performance_metric": "diff",
    "train_loss": 6.866363048553467,
    "initial_pref_do": 0.12714285714285714,
    "final_pref_do": 0.11285714285714285,
    "best_pref_do": 0.11285714285714285
}