{
    "best_epoch": 70,
    "best_val_performance": 0.302450613975525,
    "val_performance_metric": "diff",
    "train_loss": 2.453809976577759,
    "initial_do_mean": -6.771376304915457,
    "final_do_mean": -5.220560468326916,
    "best_do_mean": -5.220560468326916,
    "initial_pp_mean": -6.104383659362793,
    "final_pp_mean": -4.755811169412401,
    "best_pp_mean": -4.755811169412401
}