{
    "best_epoch": 70,
    "best_val_performance": -0.5286832205454512,
    "val_performance_metric": "diff",
    "train_loss": 6.481540679931641,
    "initial_pref_do": 0.18142857142857144,
    "final_pref_do": 0.18428571428571427,
    "best_pref_do": 0.18428571428571427
}