{
    "best_epoch": 18,
    "best_val_performance": -0.0663605753580736,
    "val_performance_metric": "diff",
    "train_loss": 2.5691394805908203,
    "initial_do_mean": -6.657317898490212,
    "final_do_mean": -5.131419230952408,
    "best_do_mean": -5.057701496644453,
    "initial_pp_mean": -5.917061363326178,
    "final_pp_mean": -4.363094883494907,
    "best_pp_mean": -4.279497745301988
}