{
    "best_epoch": 34,
    "best_val_performance": -0.08986291567484539,
    "val_performance_metric": "diff",
    "train_loss": 2.3560094833374023,
    "initial_dative_mean": -7.320100136319099,
    "final_dative_mean": -5.0995996217978625,
    "best_dative_mean": -5.148588467759696
}