{
    "best_epoch": 70,
    "best_val_performance": -0.004836643536886065,
    "val_performance_metric": "diff",
    "train_loss": 2.3089542388916016,
    "initial_do_mean": -7.635469587043274,
    "final_do_mean": -5.377867743026378,
    "best_do_mean": -5.377867743026378,
    "initial_pp_mean": -6.992397199658787,
    "final_pp_mean": -4.860568736230626,
    "best_pp_mean": -4.860568736230626
}