{
    "best_epoch": 70,
    "best_val_performance": 5.579328393936157,
    "val_performance_metric": "diff",
    "train_loss": 1.9704293012619019,
    "initial_dative_mean": -7.308358007007175,
    "final_dative_mean": -8.929532504221152,
    "best_dative_mean": -8.929532504221152
}