{
    "best_epoch": 23,
    "best_val_performance": 0.3210006419817599,
    "val_performance_metric": "diff",
    "train_loss": 1.5159846544265747,
    "initial_do_mean": -7.637478730706281,
    "final_do_mean": -6.252855652986571,
    "best_do_mean": -5.515768363378768,
    "initial_pp_mean": -6.9946748586261975,
    "final_pp_mean": -5.4312577303718115,
    "best_pp_mean": -4.631639278460951
}