{
    "best_epoch": 70,
    "best_val_performance": 0.11675452391306518,
    "val_performance_metric": "diff",
    "train_loss": 2.5457608699798584,
    "initial_dative_mean": -7.194621715977875,
    "final_dative_mean": -5.17626887978169,
    "best_dative_mean": -5.17626887978169
}