{
    "best_epoch": 18,
    "best_val_performance": 1.3982619365056355,
    "val_performance_metric": "diff",
    "train_loss": 3.571913003921509,
    "initial_do_mean": -6.746309465350527,
    "final_do_mean": -5.70771116921396,
    "best_do_mean": -5.454483280759869,
    "initial_pp_mean": -6.1260428640577524,
    "final_pp_mean": -5.442451850573222,
    "best_pp_mean": -5.076963705486722
}