{
    "best_epoch": 27,
    "best_val_performance": 1.835875953038534,
    "val_performance_metric": "diff",
    "train_loss": 1.863262414932251,
    "initial_do_mean": -7.962187094050784,
    "final_do_mean": -6.845027206595554,
    "best_do_mean": -5.705395234185596,
    "initial_pp_mean": -7.576575841623194,
    "final_pp_mean": -6.034933490612928,
    "best_pp_mean": -4.7705512159010945
}