{
    "best_epoch": 35,
    "best_val_performance": -0.2320434029897056,
    "val_performance_metric": "diff",
    "train_loss": 4.8378095626831055,
    "initial_do_mean": -6.7472621195244065,
    "final_do_mean": -5.010241018642079,
    "best_do_mean": -5.273488715200713,
    "initial_pp_mean": -6.128889017634922,
    "final_pp_mean": -4.354846654997932,
    "best_pp_mean": -4.712675436337789
}