{
    "best_epoch": 39,
    "best_val_performance": 2.679239230155945,
    "val_performance_metric": "diff",
    "train_loss": 2.652517795562744,
    "initial_pref_do": 0.18142857142857144,
    "final_pref_do": 0.2857142857142857,
    "best_pref_do": 0.3842857142857143
}