{
    "best_epoch": 52,
    "best_val_performance": 0.437921336491903,
    "val_performance_metric": "diff",
    "train_loss": 2.440497636795044,
    "initial_pref_do": 0.07714285714285714,
    "final_pref_do": 0.26142857142857145,
    "best_pref_do": 0.18857142857142858
}