{
    "best_epoch": 23,
    "best_val_performance": 0.04727840741475475,
    "val_performance_metric": "diff",
    "train_loss": 2.6664938926696777,
    "initial_do_mean": -6.6585799318371395,
    "final_do_mean": -4.966302126104181,
    "best_do_mean": -4.254269601359512,
    "initial_pp_mean": -5.9166184425354,
    "final_pp_mean": -4.427495461040073,
    "best_pp_mean": -3.6546919107437135
}