{
    "best_epoch": 9,
    "best_val_performance": 0.6417467943827315,
    "val_performance_metric": "diff",
    "train_loss": 3.2944273948669434,
    "initial_do_mean": -7.8361570606398026,
    "final_do_mean": -6.546764302392338,
    "best_do_mean": -4.822729001211566,
    "initial_pp_mean": -7.371219862208647,
    "final_pp_mean": -5.89806938942741,
    "best_pp_mean": -4.415278368487078
}