{
    "best_epoch": 33,
    "best_val_performance": 0.3750676600138352,
    "val_performance_metric": "diff",
    "train_loss": 2.037451982498169,
    "initial_do_mean": -7.691422499196474,
    "final_do_mean": -5.779602006077766,
    "best_do_mean": -5.649884052747904,
    "initial_pp_mean": -7.255317290390239,
    "final_pp_mean": -4.794248476799797,
    "best_pp_mean": -4.860908923078986
}