{
    "best_epoch": 70,
    "best_val_performance": 0.0207743247350054,
    "val_performance_metric": "diff",
    "train_loss": 2.55747389793396,
    "initial_dative_mean": -7.465985859346668,
    "final_dative_mean": -5.664425700031526,
    "best_dative_mean": -5.664425700031526
}