{
    "best_epoch": 27,
    "best_val_performance": 3.819831322034201,
    "val_performance_metric": "diff",
    "train_loss": 1.8135453462600708,
    "initial_do_mean": -6.742630743257927,
    "final_do_mean": -8.585618884635695,
    "best_do_mean": -6.589761856830481,
    "initial_pp_mean": -6.123715689447191,
    "final_pp_mean": -8.177339103486803,
    "best_pp_mean": -6.36975126531389
}