{
    "best_epoch": 53,
    "best_val_performance": 4.499422880808512,
    "val_performance_metric": "diff",
    "train_loss": 2.1190881729125977,
    "initial_do_mean": -6.557579995646622,
    "final_do_mean": -5.714288889278065,
    "best_do_mean": -5.8911367965467045,
    "initial_pp_mean": -5.7632591962814335,
    "final_pp_mean": -4.646721292866601,
    "best_pp_mean": -4.736441707611084
}