{
    "best_epoch": 70,
    "best_val_performance": -0.5802561155954997,
    "val_performance_metric": "diff",
    "train_loss": 6.350755214691162,
    "initial_dative_mean": -7.308974803191179,
    "final_dative_mean": -6.92897811026601,
    "best_dative_mean": -6.92897811026601
}