{
    "best_epoch": 70,
    "best_val_performance": -0.09625391324361132,
    "val_performance_metric": "diff",
    "train_loss": 3.662112236022949,
    "initial_do_mean": -6.6357291423913205,
    "final_do_mean": -4.734653712763931,
    "best_do_mean": -4.734653712763931,
    "initial_pp_mean": -5.786852391560872,
    "final_pp_mean": -4.154042912854089,
    "best_pp_mean": -4.154042912854089
}