{
    "best_epoch": 59,
    "best_val_performance": -0.07725135644276904,
    "val_performance_metric": "diff",
    "train_loss": 3.511681079864502,
    "initial_pref_do": 0.12714285714285714,
    "final_pref_do": 0.07,
    "best_pref_do": 0.07
}