{
    "best_epoch": 12,
    "best_val_performance": 0.5268336184819544,
    "val_performance_metric": "diff",
    "train_loss": 3.845930814743042,
    "initial_do_mean": -7.67833301217057,
    "final_do_mean": -8.762181371450424,
    "best_do_mean": -6.771536598025366,
    "initial_pp_mean": -7.078653427432565,
    "final_pp_mean": -8.31007864264881,
    "best_pp_mean": -6.415289931437549
}