{
    "best_epoch": 18,
    "best_val_performance": -0.05135156631469684,
    "val_performance_metric": "diff",
    "train_loss": 4.426722526550293,
    "initial_pref_do": 0.18142857142857144,
    "final_pref_do": 0.4585714285714286,
    "best_pref_do": 0.36142857142857143
}