{
    "best_epoch": 70,
    "best_val_performance": -0.6318526442845656,
    "val_performance_metric": "diff",
    "train_loss": 6.051701068878174,
    "initial_dative_mean": -7.316567338698092,
    "final_dative_mean": -7.123802312982012,
    "best_dative_mean": -7.123802312982012
}