{
    "best_epoch": 16,
    "best_val_performance": -0.04126712640126584,
    "val_performance_metric": "diff",
    "train_loss": 3.465658664703369,
    "initial_pref_do": 0.12714285714285714,
    "final_pref_do": 0.26285714285714284,
    "best_pref_do": 0.18571428571428572
}