{
    "best_epoch": 70,
    "best_val_performance": 1.7481511449813842,
    "val_performance_metric": "diff",
    "train_loss": 1.1540906429290771,
    "initial_do_mean": -7.953750995702522,
    "final_do_mean": -5.500945779473283,
    "best_do_mean": -5.500945779473283,
    "initial_pp_mean": -7.529175132162431,
    "final_pp_mean": -4.448748284578324,
    "best_pp_mean": -4.448748284578324
}