{
    "best_epoch": 40,
    "best_val_performance": 0.36614196936289467,
    "val_performance_metric": "diff",
    "train_loss": 2.4990909099578857,
    "initial_do_mean": -7.7008784094522165,
    "final_do_mean": -5.605219095945358,
    "best_do_mean": -5.557602515747381,
    "initial_pp_mean": -7.167346382141114,
    "final_pp_mean": -4.547008974061293,
    "best_pp_mean": -4.51105838803684
}