{
    "best_epoch": 70,
    "best_val_performance": -0.30378591219584106,
    "val_performance_metric": "diff",
    "train_loss": 3.7913615703582764,
    "initial_dative_mean": -7.200858327031833,
    "final_dative_mean": -5.806751586888966,
    "best_dative_mean": -5.806751586888966
}