{
    "best_epoch": 22,
    "best_val_performance": 1.8667781909306846,
    "val_performance_metric": "diff",
    "train_loss": 2.912045955657959,
    "initial_do_mean": -6.413651236620816,
    "final_do_mean": -5.516928519624653,
    "best_do_mean": -4.447079933050907,
    "initial_pp_mean": -5.7373138851589625,
    "final_pp_mean": -5.148293831613329,
    "best_pp_mean": -4.007145195537143
}