{
    "best_epoch": 42,
    "best_val_performance": 5.004864724477132,
    "val_performance_metric": "diff",
    "train_loss": 2.0623960494995117,
    "initial_do_mean": -6.5594547546271125,
    "final_do_mean": -7.078125121376731,
    "best_do_mean": -6.82968803174568,
    "initial_pp_mean": -5.764194329579671,
    "final_pp_mean": -7.034444159931606,
    "best_pp_mean": -6.721148337258233
}