{
    "best_epoch": 34,
    "best_val_performance": -0.14637332280476922,
    "val_performance_metric": "diff",
    "train_loss": 2.7398154735565186,
    "initial_do_mean": -7.688534263954606,
    "final_do_mean": -5.153337747898212,
    "best_do_mean": -5.093131515522336,
    "initial_pp_mean": -7.175589198925916,
    "final_pp_mean": -4.919861823320389,
    "best_pp_mean": -4.78157974691952
}