{
    "best_epoch": 13,
    "best_val_performance": 0.867919670740763,
    "val_performance_metric": "diff",
    "train_loss": 3.0278255939483643,
    "initial_pref_do": 0.14857142857142858,
    "final_pref_do": 0.08285714285714285,
    "best_pref_do": 0.03142857142857143
}