{
    "best_epoch": 70,
    "best_val_performance": -0.33855517387390144,
    "val_performance_metric": "diff",
    "train_loss": 4.294596195220947,
    "initial_do_mean": -6.554166527950403,
    "final_do_mean": -5.370151084842104,
    "best_do_mean": -5.370151084842104,
    "initial_pp_mean": -5.759234725104438,
    "final_pp_mean": -4.692566177580091,
    "best_pp_mean": -4.692566177580091
}