{
    "best_epoch": 42,
    "best_val_performance": 1.2420009740193692,
    "val_performance_metric": "diff",
    "train_loss": 1.5542285442352295,
    "initial_do_mean": -6.66900115591107,
    "final_do_mean": -7.08183725530451,
    "best_do_mean": -7.201216217965791,
    "initial_pp_mean": -5.823326781060961,
    "final_pp_mean": -6.5006845156351725,
    "best_pp_mean": -6.57707257270813
}