{
    "best_epoch": 54,
    "best_val_performance": 0.3259955231348677,
    "val_performance_metric": "diff",
    "train_loss": 2.107842445373535,
    "initial_dative_mean": -7.316208706264607,
    "final_dative_mean": -5.423912570664757,
    "best_dative_mean": -5.413122824932399
}