{
    "best_epoch": 70,
    "best_val_performance": 0.42166226069132406,
    "val_performance_metric": "diff",
    "train_loss": 1.9466990232467651,
    "initial_do_mean": -7.692555681910625,
    "final_do_mean": -5.573873981486919,
    "best_do_mean": -5.573873981486919,
    "initial_pp_mean": -7.295166655147777,
    "final_pp_mean": -5.384124955359627,
    "best_pp_mean": -5.384124955359627
}