{
    "best_epoch": 29,
    "best_val_performance": 0.15038687547047935,
    "val_performance_metric": "diff",
    "train_loss": 2.984299659729004,
    "initial_do_mean": -6.655661055535981,
    "final_do_mean": -4.952359763058749,
    "best_do_mean": -4.768693775119203,
    "initial_pp_mean": -5.914388548003303,
    "final_pp_mean": -4.333323703871833,
    "best_pp_mean": -4.072086114353604
}