{
    "best_epoch": 70,
    "best_val_performance": -0.2202832984924319,
    "val_performance_metric": "diff",
    "train_loss": 2.239100694656372,
    "initial_dative_mean": -7.314720243041278,
    "final_dative_mean": -6.073998723113746,
    "best_dative_mean": -6.073998723113746
}