{
    "best_epoch": 31,
    "best_val_performance": -0.1557575623194376,
    "val_performance_metric": "diff",
    "train_loss": 2.846125364303589,
    "initial_do_mean": -7.689449900804564,
    "final_do_mean": -5.764834842709607,
    "best_do_mean": -5.84872661669587,
    "initial_pp_mean": -7.253645352756275,
    "final_pp_mean": -5.496784987519769,
    "best_pp_mean": -5.50966812898131
}