{
    "best_epoch": 70,
    "best_val_performance": -0.6358126926422116,
    "val_performance_metric": "diff",
    "train_loss": 7.015618801116943,
    "initial_dative_mean": -7.191527810013085,
    "final_dative_mean": -6.902755397802208,
    "best_dative_mean": -6.902755397802208
}