{
    "best_epoch": 8,
    "best_val_performance": 0.03351312478383317,
    "val_performance_metric": "diff",
    "train_loss": 3.3550126552581787,
    "initial_pref_do": 0.1357142857142857,
    "final_pref_do": 0.07857142857142857,
    "best_pref_do": 0.05
}