{
    "best_epoch": 70,
    "best_val_performance": -0.5907017405827837,
    "val_performance_metric": "diff",
    "train_loss": 5.222288608551025,
    "initial_dative_mean": -7.307718082826737,
    "final_dative_mean": -6.967336333285996,
    "best_dative_mean": -6.967336333285996
}