{
    "best_epoch": 42,
    "best_val_performance": -0.1259485928217572,
    "val_performance_metric": "diff",
    "train_loss": 1.695644736289978,
    "initial_do_mean": -7.677382343730261,
    "final_do_mean": -5.690130468717841,
    "best_do_mean": -5.600760867775873,
    "initial_pp_mean": -7.077480355431052,
    "final_pp_mean": -4.777580059626523,
    "best_pp_mean": -4.727905534295475
}