{
    "best_epoch": 70,
    "best_val_performance": -0.17987275759379084,
    "val_performance_metric": "diff",
    "train_loss": 3.010620355606079,
    "initial_do_mean": -6.413876277750188,
    "final_do_mean": -5.275143603122595,
    "best_do_mean": -5.275143603122595,
    "initial_pp_mean": -5.738594322734409,
    "final_pp_mean": -4.598928870095147,
    "best_pp_mean": -4.598928870095147
}