{
    "best_epoch": 35,
    "best_val_performance": 0.09579906145731609,
    "val_performance_metric": "diff",
    "train_loss": 2.561265230178833,
    "initial_dative_mean": -7.466732933158763,
    "final_dative_mean": -5.185882558250985,
    "best_dative_mean": -4.978029230184722
}