{
    "best_epoch": 61,
    "best_val_performance": 0.10888158798217784,
    "val_performance_metric": "diff",
    "train_loss": 1.5424718856811523,
    "initial_pref_do": 0.08285714285714285,
    "final_pref_do": 0.21285714285714286,
    "best_pref_do": 0.19285714285714287
}