{
    "best_epoch": 28,
    "best_val_performance": 0.47055253823598253,
    "val_performance_metric": "diff",
    "train_loss": 3.720524787902832,
    "initial_do_mean": -6.417308420123476,
    "final_do_mean": -4.957285875262636,
    "best_do_mean": -4.730142065972993,
    "initial_pp_mean": -5.740297418170505,
    "final_pp_mean": -4.195801440874735,
    "best_pp_mean": -3.891870127783881
}