{
    "best_epoch": 70,
    "best_val_performance": -0.1529412237803145,
    "val_performance_metric": "diff",
    "train_loss": 4.108919143676758,
    "initial_do_mean": -6.746046330712058,
    "final_do_mean": -4.906566427693223,
    "best_do_mean": -4.906566427693223,
    "initial_pp_mean": -6.1263662391238745,
    "final_pp_mean": -4.304764424429999,
    "best_pp_mean": -4.304764424429999
}