{
    "best_epoch": 52,
    "best_val_performance": 0.3632632875442505,
    "val_performance_metric": "diff",
    "train_loss": 2.4444408416748047,
    "initial_do_mean": -7.692934626063635,
    "final_do_mean": -6.2032318343949875,
    "best_do_mean": -6.203296842270119,
    "initial_pp_mean": -7.257845144412097,
    "final_pp_mean": -5.5513387501239775,
    "best_pp_mean": -5.670463990113315
}