{
    "best_epoch": 70,
    "best_val_performance": 0.36847454706827776,
    "val_performance_metric": "diff",
    "train_loss": 2.056260585784912,
    "initial_do_mean": -6.767654193531383,
    "final_do_mean": -5.0556667862516464,
    "best_do_mean": -5.0556667862516464,
    "initial_pp_mean": -6.099250504705641,
    "final_pp_mean": -5.023741663826836,
    "best_pp_mean": -5.023741663826836
}