{
    "best_epoch": 23,
    "best_val_performance": 0.05792219638824481,
    "val_performance_metric": "diff",
    "train_loss": 2.054596185684204,
    "initial_pref_do": 0.17714285714285713,
    "final_pref_do": 0.20714285714285716,
    "best_pref_do": 0.17285714285714285
}