{
    "best_epoch": 25,
    "best_val_performance": 0.08006938775380412,
    "val_performance_metric": "diff",
    "train_loss": 3.573289632797241,
    "initial_do_mean": -6.4233640222838435,
    "final_do_mean": -5.412467560623631,
    "best_do_mean": -5.201852547038685,
    "initial_pp_mean": -5.748036479949951,
    "final_pp_mean": -4.6413216352462765,
    "best_pp_mean": -4.460230803489685
}