{
    "best_epoch": 70,
    "best_val_performance": 0.18908464113871215,
    "val_performance_metric": "diff",
    "train_loss": 2.8047192096710205,
    "initial_do_mean": -7.840608876804973,
    "final_do_mean": -5.589533656835556,
    "best_do_mean": -5.589533656835556,
    "initial_pp_mean": -7.377411892834831,
    "final_pp_mean": -4.915909084502388,
    "best_pp_mean": -4.915909084502388
}