{
    "best_epoch": 70,
    "best_val_performance": -0.05697898546854674,
    "val_performance_metric": "diff",
    "train_loss": 2.4125521183013916,
    "initial_do_mean": -6.417620314973774,
    "final_do_mean": -5.332820123614687,
    "best_do_mean": -5.332820123614687,
    "initial_pp_mean": -5.7418844991260105,
    "final_pp_mean": -4.721372005674574,
    "best_pp_mean": -4.721372005674574
}