{
    "best_epoch": 66,
    "best_val_performance": 2.102685724894206,
    "val_performance_metric": "diff",
    "train_loss": 0.9153203964233398,
    "initial_do_mean": -6.5552280873963324,
    "final_do_mean": -5.732730001391786,
    "best_do_mean": -5.723602624373003,
    "initial_pp_mean": -5.760511210229661,
    "final_pp_mean": -4.476659438345167,
    "best_pp_mean": -4.47966999080446
}