{
    "best_epoch": 68,
    "best_val_performance": 2.2725774129231775,
    "val_performance_metric": "diff",
    "train_loss": 1.6596097946166992,
    "initial_do_mean": -7.703120347372321,
    "final_do_mean": -5.678678661584854,
    "best_do_mean": -5.670804778157279,
    "initial_pp_mean": -7.1697847113889805,
    "final_pp_mean": -5.343689098428277,
    "best_pp_mean": -5.328586993147345
}