{
    "best_epoch": 70,
    "best_val_performance": -0.22043416976928665,
    "val_performance_metric": "diff",
    "train_loss": 2.4553699493408203,
    "initial_do_mean": -6.554252081206351,
    "final_do_mean": -4.698355681968458,
    "best_do_mean": -4.698355681968458,
    "initial_pp_mean": -5.760876194636027,
    "final_pp_mean": -4.141932675573561,
    "best_pp_mean": -4.141932675573561
}