{
    "best_epoch": 70,
    "best_val_performance": -0.24441480477650934,
    "val_performance_metric": "diff",
    "train_loss": 3.6318624019622803,
    "initial_do_mean": -6.667533417904016,
    "final_do_mean": -5.457610205448035,
    "best_do_mean": -5.457610205448035,
    "initial_pp_mean": -5.820809438493517,
    "final_pp_mean": -4.746341660287645,
    "best_pp_mean": -4.746341660287645
}