{
    "best_epoch": 50,
    "best_val_performance": 0.506790668169657,
    "val_performance_metric": "diff",
    "train_loss": 3.2183244228363037,
    "initial_do_mean": -6.770073267907807,
    "final_do_mean": -4.413739018006758,
    "best_do_mean": -4.115493700721047,
    "initial_pp_mean": -6.104175824589199,
    "final_pp_mean": -3.893193414476183,
    "best_pp_mean": -3.6087366739908853
}