{
    "best_epoch": 28,
    "best_val_performance": 0.41577390988667773,
    "val_performance_metric": "diff",
    "train_loss": 2.0575876235961914,
    "initial_pref_do": 0.09714285714285714,
    "final_pref_do": 0.15285714285714286,
    "best_pref_do": 0.15571428571428572
}