{
    "best_epoch": 33,
    "best_val_performance": 0.3616612974802651,
    "val_performance_metric": "diff",
    "train_loss": 2.4418647289276123,
    "initial_do_mean": -6.656800761367336,
    "final_do_mean": -6.792628028176048,
    "best_do_mean": -7.004315660939072,
    "initial_pp_mean": -5.916886674033271,
    "final_pp_mean": -5.839293887880113,
    "best_pp_mean": -6.062575684653388
}