{
    "best_epoch": 70,
    "best_val_performance": -0.21287820021311443,
    "val_performance_metric": "diff",
    "train_loss": 2.7266526222229004,
    "initial_dative_mean": -7.609525910943573,
    "final_dative_mean": -5.735664794319554,
    "best_dative_mean": -5.735664794319554
}