{
    "best_epoch": 70,
    "best_val_performance": -0.5574338722228998,
    "val_performance_metric": "diff",
    "train_loss": 5.323035717010498,
    "initial_pref_do": 0.07714285714285714,
    "final_pref_do": 0.09142857142857143,
    "best_pref_do": 0.09142857142857143
}