{
    "best_epoch": 70,
    "best_val_performance": 2.6507288058598846,
    "val_performance_metric": "diff",
    "train_loss": 0.6375594139099121,
    "initial_dative_mean": -7.196460118419246,
    "final_dative_mean": -4.819872155611278,
    "best_dative_mean": -4.819872155611278
}