{
    "best_epoch": 34,
    "best_val_performance": 3.8466288534800217,
    "val_performance_metric": "diff",
    "train_loss": 2.006638765335083,
    "initial_dative_mean": -7.6119140975656565,
    "final_dative_mean": -7.528320897392362,
    "best_dative_mean": -5.821502692866743
}