{
    "best_epoch": 70,
    "best_val_performance": -0.1014192581176756,
    "val_performance_metric": "diff",
    "train_loss": 1.7994407415390015,
    "initial_pref_do": 0.1357142857142857,
    "final_pref_do": 0.17714285714285713,
    "best_pref_do": 0.17714285714285713
}