{
    "best_epoch": 13,
    "best_val_performance": 1.0136026589075717,
    "val_performance_metric": "diff",
    "train_loss": 2.359746217727661,
    "initial_do_mean": -7.695584069157755,
    "final_do_mean": -6.719914713917777,
    "best_do_mean": -5.217439390892206,
    "initial_pp_mean": -7.2972582655794485,
    "final_pp_mean": -6.147569845704472,
    "best_pp_mean": -4.828961498947704
}