{
    "best_epoch": 36,
    "best_val_performance": 0.5994500414530437,
    "val_performance_metric": "diff",
    "train_loss": 2.5455825328826904,
    "initial_pref_do": 0.1357142857142857,
    "final_pref_do": 0.08428571428571428,
    "best_pref_do": 0.08285714285714285
}