{
    "best_epoch": 60,
    "best_val_performance": 0.5319776153564453,
    "val_performance_metric": "diff",
    "train_loss": 2.7555525302886963,
    "initial_pref_do": 0.18142857142857144,
    "final_pref_do": 0.15714285714285714,
    "best_pref_do": 0.14142857142857143
}