{
    "best_epoch": 70,
    "best_val_performance": 0.1154346625010172,
    "val_performance_metric": "diff",
    "train_loss": 4.177168846130371,
    "initial_do_mean": -6.538400384151575,
    "final_do_mean": -5.043448841210568,
    "best_do_mean": -5.043448841210568,
    "initial_pp_mean": -5.902831951777141,
    "final_pp_mean": -4.703559931119283,
    "best_pp_mean": -4.703559931119283
}