{
    "best_epoch": 48,
    "best_val_performance": 0.008190129597981155,
    "val_performance_metric": "diff",
    "train_loss": 1.8921582698822021,
    "initial_pref_do": 0.1,
    "final_pref_do": 0.31285714285714283,
    "best_pref_do": 0.28285714285714286
}