{
    "best_epoch": 70,
    "best_val_performance": 0.18002575079600014,
    "val_performance_metric": "diff",
    "train_loss": 1.7525811195373535,
    "initial_do_mean": -7.697015710348307,
    "final_do_mean": -5.810141109449919,
    "best_do_mean": -5.810141109449919,
    "initial_pp_mean": -7.163031174154843,
    "final_pp_mean": -4.895180140873965,
    "best_pp_mean": -4.895180140873965
}