{
    "best_epoch": 60,
    "best_val_performance": 2.430466453234355,
    "val_performance_metric": "diff",
    "train_loss": 0.8830198645591736,
    "initial_do_mean": -7.6988281787827955,
    "final_do_mean": -10.106134075758069,
    "best_do_mean": -9.335045878970346,
    "initial_pp_mean": -7.165725805478938,
    "final_pp_mean": -8.006975961432737,
    "best_pp_mean": -7.334138294879128
}