{
    "best_epoch": 70,
    "best_val_performance": -0.1728106196721395,
    "val_performance_metric": "diff",
    "train_loss": 3.067540168762207,
    "initial_do_mean": -7.696570193351701,
    "final_do_mean": -5.935306783332381,
    "best_do_mean": -5.935306783332381,
    "initial_pp_mean": -7.2978657785583945,
    "final_pp_mean": -5.579916553988176,
    "best_pp_mean": -5.579916553988176
}