{
    "best_epoch": 70,
    "best_val_performance": 0.7428912671407062,
    "val_performance_metric": "diff",
    "train_loss": 1.8295252323150635,
    "initial_pref_do": 0.08285714285714285,
    "final_pref_do": 0.3357142857142857,
    "best_pref_do": 0.3357142857142857
}