{
    "best_epoch": 70,
    "best_val_performance": -0.1342969783147181,
    "val_performance_metric": "diff",
    "train_loss": 3.7496252059936523,
    "initial_do_mean": -6.673525233702226,
    "final_do_mean": -5.628828528433135,
    "best_do_mean": -5.628828528433135,
    "initial_pp_mean": -5.826602313253614,
    "final_pp_mean": -4.6268876420127025,
    "best_pp_mean": -4.6268876420127025
}