{
    "best_epoch": 70,
    "best_val_performance": 0.09777576446533232,
    "val_performance_metric": "diff",
    "train_loss": 3.4484660625457764,
    "initial_pref_do": 0.07714285714285714,
    "final_pref_do": 0.19428571428571428,
    "best_pref_do": 0.19428571428571428
}