{
    "best_epoch": 68,
    "best_val_performance": 0.011442960103352995,
    "val_performance_metric": "diff",
    "train_loss": 2.875943899154663,
    "initial_do_mean": -7.638109665277392,
    "final_do_mean": -5.592443949261377,
    "best_do_mean": -5.5882434803386065,
    "initial_pp_mean": -6.995370878191555,
    "final_pp_mean": -5.31049279535518,
    "best_pp_mean": -5.300376300601398
}