{
    "best_epoch": 70,
    "best_val_performance": 0.09316796779632597,
    "val_performance_metric": "diff",
    "train_loss": 2.3383371829986572,
    "initial_pref_do": 0.09714285714285714,
    "final_pref_do": 0.25,
    "best_pref_do": 0.25
}