{
    "best_epoch": 40,
    "best_val_performance": 0.21832793712616017,
    "val_performance_metric": "diff",
    "train_loss": 1.7744085788726807,
    "initial_pref_do": 0.07714285714285714,
    "final_pref_do": 0.04428571428571428,
    "best_pref_do": 0.05
}