{
    "best_epoch": 42,
    "best_val_performance": 1.9220004971822098,
    "val_performance_metric": "diff",
    "train_loss": 2.5870988368988037,
    "initial_dative_mean": -7.578544099777066,
    "final_dative_mean": -7.198783578754169,
    "best_dative_mean": -6.1656011416201
}