{
    "best_epoch": 70,
    "best_val_performance": -0.07777220567067467,
    "val_performance_metric": "diff",
    "train_loss": 2.965007781982422,
    "initial_do_mean": -7.5984392089899195,
    "final_do_mean": -5.590602082915084,
    "best_do_mean": -5.590602082915084,
    "initial_pp_mean": -7.15305220379549,
    "final_pp_mean": -5.139611516980564,
    "best_pp_mean": -5.139611516980564
}