{
    "best_epoch": 67,
    "best_val_performance": 1.741431158383687,
    "val_performance_metric": "diff",
    "train_loss": 2.0300962924957275,
    "initial_do_mean": -7.958117249400117,
    "final_do_mean": -7.5752177068660425,
    "best_do_mean": -7.582305597704511,
    "initial_pp_mean": -7.53201463432873,
    "final_pp_mean": -6.724496936096864,
    "best_pp_mean": -6.727600694403929
}