{
    "best_epoch": 56,
    "best_val_performance": 0.028266868591308558,
    "val_performance_metric": "diff",
    "train_loss": 1.390726923942566,
    "initial_do_mean": -6.545327685096047,
    "final_do_mean": -4.541619851372459,
    "best_do_mean": -4.455702410322247,
    "initial_pp_mean": -5.899791815545824,
    "final_pp_mean": -4.151185960239834,
    "best_pp_mean": -4.083397793769836
}