{
    "best_epoch": 70,
    "best_val_performance": -0.1139552259445189,
    "val_performance_metric": "diff",
    "train_loss": 3.5192720890045166,
    "initial_do_mean": -6.6559319929643115,
    "final_do_mean": -5.434878772677798,
    "best_do_mean": -5.434878772677798,
    "initial_pp_mean": -5.912588977813721,
    "final_pp_mean": -4.64401797718472,
    "best_pp_mean": -4.64401797718472
}