{
    "best_epoch": 70,
    "best_val_performance": -0.05410370031992606,
    "val_performance_metric": "diff",
    "train_loss": 2.1788032054901123,
    "initial_pref_do": 0.14714285714285713,
    "final_pref_do": 0.4657142857142857,
    "best_pref_do": 0.4657142857142857
}