{
    "best_epoch": 70,
    "best_val_performance": 1.8783810504277554,
    "val_performance_metric": "diff",
    "train_loss": 1.899931788444519,
    "initial_do_mean": -6.633480817621405,
    "final_do_mean": -5.285206810633341,
    "best_do_mean": -5.285206810633341,
    "initial_pp_mean": -5.785411469141642,
    "final_pp_mean": -4.6285919851726955,
    "best_pp_mean": -4.6285919851726955
}