{
    "best_epoch": 70,
    "best_val_performance": -0.2288794358571371,
    "val_performance_metric": "diff",
    "train_loss": 2.7092456817626953,
    "initial_do_mean": -6.635190748445916,
    "final_do_mean": -4.9054454355528865,
    "best_do_mean": -4.9054454355528865,
    "initial_pp_mean": -5.786118192142911,
    "final_pp_mean": -4.301826447910733,
    "best_pp_mean": -4.301826447910733
}