{
    "best_epoch": 40,
    "best_val_performance": 1.3899878517786668,
    "val_performance_metric": "diff",
    "train_loss": 2.289515256881714,
    "initial_dative_mean": -7.308938819413994,
    "final_dative_mean": -10.16775505863435,
    "best_dative_mean": -9.851827453451547
}