{
    "best_epoch": 70,
    "best_val_performance": -0.6016449371973671,
    "val_performance_metric": "diff",
    "train_loss": 7.785804748535156,
    "initial_pref_do": 0.12714285714285714,
    "final_pref_do": 0.13142857142857142,
    "best_pref_do": 0.13142857142857142
}