{
    "best_epoch": 44,
    "best_val_performance": 0.009323444366454936,
    "val_performance_metric": "diff",
    "train_loss": 2.785358428955078,
    "initial_do_mean": -6.506542257829146,
    "final_do_mean": -4.808039329991196,
    "best_do_mean": -4.757859673644557,
    "initial_pp_mean": -5.874657596482171,
    "final_pp_mean": -4.5269346025254995,
    "best_pp_mean": -4.467377641465929
}