{
    "best_epoch": 70,
    "best_val_performance": 0.3181923468907675,
    "val_performance_metric": "diff",
    "train_loss": 2.016396999359131,
    "initial_dative_mean": -7.194603406197843,
    "final_dative_mean": -5.257118342738402,
    "best_dative_mean": -5.257118342738402
}