{
    "best_epoch": 23,
    "best_val_performance": 0.5205289284388233,
    "val_performance_metric": "diff",
    "train_loss": 3.3531346321105957,
    "initial_do_mean": -7.840230707512346,
    "final_do_mean": -5.8579840105633405,
    "best_do_mean": -5.521798357020977,
    "initial_pp_mean": -7.374918972744661,
    "final_pp_mean": -4.800412038845175,
    "best_pp_mean": -4.476661156906801
}