{
    "best_epoch": 26,
    "best_val_performance": 0.3263771216074627,
    "val_performance_metric": "diff",
    "train_loss": 2.595227003097534,
    "initial_pref_do": 0.08428571428571428,
    "final_pref_do": 0.08,
    "best_pref_do": 0.05857142857142857
}