{
    "best_epoch": 70,
    "best_val_performance": 0.14922779719034818,
    "val_performance_metric": "diff",
    "train_loss": 2.4770314693450928,
    "initial_dative_mean": -7.614044601457161,
    "final_dative_mean": -5.297987462484349,
    "best_dative_mean": -5.297987462484349
}