{
    "best_epoch": 70,
    "best_val_performance": -0.591118772824605,
    "val_performance_metric": "diff",
    "train_loss": 5.859477519989014,
    "initial_pref_do": 0.15714285714285714,
    "final_pref_do": 0.1757142857142857,
    "best_pref_do": 0.1757142857142857
}