{
    "best_epoch": 70,
    "best_val_performance": -0.6250739447275793,
    "val_performance_metric": "diff",
    "train_loss": 7.186466217041016,
    "initial_dative_mean": -7.193945645240316,
    "final_dative_mean": -6.868494441286165,
    "best_dative_mean": -6.868494441286165
}