{
    "best_epoch": 46,
    "best_val_performance": 0.3966161966323858,
    "val_performance_metric": "diff",
    "train_loss": 2.2763378620147705,
    "initial_do_mean": -7.695971778658933,
    "final_do_mean": -5.6703402763882345,
    "best_do_mean": -5.5658832715694295,
    "initial_pp_mean": -7.298350426028756,
    "final_pp_mean": -4.623908536223804,
    "best_pp_mean": -4.57883554206175
}