{
    "best_epoch": 27,
    "best_val_performance": 0.36741670926411896,
    "val_performance_metric": "diff",
    "train_loss": 2.015141010284424,
    "initial_dative_mean": -7.343512346172891,
    "final_dative_mean": -5.5233945341138115,
    "best_dative_mean": -5.047278887347171
}