{
    "best_epoch": 25,
    "best_val_performance": 4.477875277201334,
    "val_performance_metric": "diff",
    "train_loss": 2.8435115814208984,
    "initial_do_mean": -6.655215780662767,
    "final_do_mean": -6.7113665522951065,
    "best_do_mean": -6.279248834378792,
    "initial_pp_mean": -5.913760206434461,
    "final_pp_mean": -6.044769885804918,
    "best_pp_mean": -5.74516388575236
}