{
    "best_epoch": 70,
    "best_val_performance": 0.3170568768183397,
    "val_performance_metric": "diff",
    "train_loss": 2.505678415298462,
    "initial_pref_do": 0.14857142857142858,
    "final_pref_do": 0.07714285714285714,
    "best_pref_do": 0.07714285714285714
}