{
    "best_epoch": 32,
    "best_val_performance": 2.577666312853496,
    "val_performance_metric": "diff",
    "train_loss": 2.4681296348571777,
    "initial_do_mean": -7.676826763984769,
    "final_do_mean": -9.194597827833752,
    "best_do_mean": -7.197180597934612,
    "initial_pp_mean": -7.077042135771583,
    "final_pp_mean": -7.527219117389006,
    "best_pp_mean": -6.4638169572633855
}