{
    "best_epoch": 27,
    "best_val_performance": 2.534147311846416,
    "val_performance_metric": "diff",
    "train_loss": 1.692177414894104,
    "initial_dative_mean": -7.195541164331269,
    "final_dative_mean": -7.4930570275462856,
    "best_dative_mean": -7.445624990595712
}