{
    "best_epoch": 44,
    "best_val_performance": 0.5550753021240231,
    "val_performance_metric": "diff",
    "train_loss": 2.211320161819458,
    "initial_do_mean": -7.697163022534792,
    "final_do_mean": -5.7291508944228635,
    "best_do_mean": -5.394859452926835,
    "initial_pp_mean": -7.299066185250002,
    "final_pp_mean": -4.791998288561316,
    "best_pp_mean": -4.51288293705267
}