{
    "best_epoch": 53,
    "best_val_performance": 0.028813557624816966,
    "val_performance_metric": "diff",
    "train_loss": 3.5210483074188232,
    "initial_pref_do": 0.09857142857142857,
    "final_pref_do": 0.16285714285714287,
    "best_pref_do": 0.15714285714285714
}