{
    "best_epoch": 70,
    "best_val_performance": -0.19962978204091453,
    "val_performance_metric": "diff",
    "train_loss": 4.865508556365967,
    "initial_do_mean": -7.9641003241372665,
    "final_do_mean": -6.073970029520434,
    "best_do_mean": -6.073970029520434,
    "initial_pp_mean": -7.577570189447964,
    "final_pp_mean": -5.654663877627429,
    "best_pp_mean": -5.654663877627429
}