{
    "best_epoch": 70,
    "best_val_performance": 2.0375963020324708,
    "val_performance_metric": "diff",
    "train_loss": 3.4617342948913574,
    "initial_do_mean": -7.958093336155248,
    "final_do_mean": -8.712730910888938,
    "best_do_mean": -8.712730910888938,
    "initial_pp_mean": -7.53267375160666,
    "final_pp_mean": -7.810902683173909,
    "best_pp_mean": -7.810902683173909
}