{
    "best_epoch": 70,
    "best_val_performance": 0.30879765033721984,
    "val_performance_metric": "diff",
    "train_loss": 1.3991026878356934,
    "initial_pref_do": 0.08428571428571428,
    "final_pref_do": 0.07428571428571429,
    "best_pref_do": 0.07428571428571429
}