{
    "best_epoch": 43,
    "best_val_performance": 4.910695365269979,
    "val_performance_metric": "diff",
    "train_loss": 1.954992651939392,
    "initial_pref_do": 0.15714285714285714,
    "final_pref_do": 0.0,
    "best_pref_do": 0.0
}