{
    "best_epoch": 70,
    "best_val_performance": -0.2700059302647908,
    "val_performance_metric": "diff",
    "train_loss": 2.474560499191284,
    "initial_do_mean": -6.633268963206898,
    "final_do_mean": -5.172018591562907,
    "best_do_mean": -5.172018591562907,
    "initial_pp_mean": -5.783238373862373,
    "final_pp_mean": -4.389730477333069,
    "best_pp_mean": -4.389730477333069
}