{
    "best_epoch": 70,
    "best_val_performance": 1.6536136182149264,
    "val_performance_metric": "diff",
    "train_loss": 1.6560494899749756,
    "initial_pref_do": 0.07714285714285714,
    "final_pref_do": 0.11857142857142858,
    "best_pref_do": 0.11857142857142858
}