{
    "best_epoch": 70,
    "best_val_performance": -0.4870130443573002,
    "val_performance_metric": "diff",
    "train_loss": 6.491349220275879,
    "initial_dative_mean": -7.3087965243043955,
    "final_dative_mean": -7.0292846609277335,
    "best_dative_mean": -7.0292846609277335
}