{
    "best_epoch": 17,
    "best_val_performance": -0.058321353594462444,
    "val_performance_metric": "diff",
    "train_loss": 4.010197162628174,
    "initial_do_mean": -6.418420288779519,
    "final_do_mean": -5.074624831748731,
    "best_do_mean": -4.296117902524544,
    "initial_pp_mean": -5.743131966061062,
    "final_pp_mean": -4.47920478714837,
    "best_pp_mean": -3.898835282855564
}