{
    "best_epoch": 17,
    "best_val_performance": -0.13867675940195756,
    "val_performance_metric": "diff",
    "train_loss": 3.4098403453826904,
    "initial_pref_do": 0.12714285714285714,
    "final_pref_do": 0.06142857142857143,
    "best_pref_do": 0.02
}