{
    "best_epoch": 70,
    "best_val_performance": -0.6327247095108035,
    "val_performance_metric": "diff",
    "train_loss": 7.086884021759033,
    "initial_dative_mean": -7.195696375871959,
    "final_dative_mean": -6.932021995036923,
    "best_dative_mean": -6.932021995036923
}