{
    "best_epoch": 23,
    "best_val_performance": -0.0032504606246943624,
    "val_performance_metric": "diff",
    "train_loss": 2.4562597274780273,
    "initial_do_mean": -6.750089233571833,
    "final_do_mean": -4.996687620336359,
    "best_do_mean": -4.7225605661218815,
    "initial_pp_mean": -6.130393298467,
    "final_pp_mean": -4.574883808030022,
    "best_pp_mean": -4.3317244913842945
}