{
    "best_epoch": 70,
    "best_val_performance": 0.06529865423838288,
    "val_performance_metric": "diff",
    "train_loss": 3.654989719390869,
    "initial_do_mean": -6.549339898427328,
    "final_do_mean": -5.11003176949241,
    "best_do_mean": -5.11003176949241,
    "initial_pp_mean": -5.903725428051419,
    "final_pp_mean": -4.340748646524218,
    "best_pp_mean": -4.340748646524218
}