{
    "best_epoch": 70,
    "best_val_performance": -0.33185537974039647,
    "val_performance_metric": "diff",
    "train_loss": 3.137763261795044,
    "initial_pref_do": 0.12714285714285714,
    "final_pref_do": 0.07,
    "best_pref_do": 0.07
}