{
    "best_epoch": 70,
    "best_val_performance": -0.2417142581939693,
    "val_performance_metric": "diff",
    "train_loss": 3.92797589302063,
    "initial_do_mean": -7.691116542317147,
    "final_do_mean": -5.954007173346919,
    "best_do_mean": -5.954007173346919,
    "initial_pp_mean": -7.17643998300328,
    "final_pp_mean": -5.239877276210224,
    "best_pp_mean": -5.239877276210224
}