{
    "best_epoch": 70,
    "best_val_performance": -0.7035225073496507,
    "val_performance_metric": "diff",
    "train_loss": 7.171054840087891,
    "initial_pref_do": 0.12714285714285714,
    "final_pref_do": 0.15285714285714286,
    "best_pref_do": 0.15285714285714286
}