{
    "best_epoch": 62,
    "best_val_performance": 0.05652816295623797,
    "val_performance_metric": "diff",
    "train_loss": 2.0454158782958984,
    "initial_do_mean": -6.660303550778013,
    "final_do_mean": -5.32114216631109,
    "best_do_mean": -5.305058674378828,
    "initial_pp_mean": -5.919911090532938,
    "final_pp_mean": -4.868417114681668,
    "best_pp_mean": -4.8347413195504085
}