{
    "best_epoch": 70,
    "best_val_performance": 2.2321435070037854,
    "val_performance_metric": "diff",
    "train_loss": 1.3071496486663818,
    "initial_pref_do": 0.08428571428571428,
    "final_pref_do": 0.09857142857142857,
    "best_pref_do": 0.09857142857142857
}