{
    "best_epoch": 24,
    "best_val_performance": -0.16095851421356144,
    "val_performance_metric": "diff",
    "train_loss": 3.53204345703125,
    "initial_do_mean": -6.556516460938887,
    "final_do_mean": -5.431721697431622,
    "best_do_mean": -5.147460636948094,
    "initial_pp_mean": -5.76268503665924,
    "final_pp_mean": -4.667507436540392,
    "best_pp_mean": -4.462851622369555
}