{
    "best_epoch": 15,
    "best_val_performance": 0.202383031845093,
    "val_performance_metric": "diff",
    "train_loss": 3.897656202316284,
    "initial_do_mean": -6.555825593254783,
    "final_do_mean": -5.345583959059282,
    "best_do_mean": -4.513493955496585,
    "initial_pp_mean": -5.759751598040263,
    "final_pp_mean": -4.427270261446635,
    "best_pp_mean": -3.7946557468838162
}