{
    "best_epoch": 18,
    "best_val_performance": 0.10590747674306211,
    "val_performance_metric": "diff",
    "train_loss": 1.3712040185928345,
    "initial_do_mean": -7.69375353774359,
    "final_do_mean": -6.614149368086527,
    "best_do_mean": -5.982344746589661,
    "initial_pp_mean": -7.160777132651385,
    "final_pp_mean": -5.4329129254116735,
    "best_pp_mean": -4.947470214086421
}