{
    "best_epoch": 64,
    "best_val_performance": 0.09829011917114272,
    "val_performance_metric": "diff",
    "train_loss": 2.0834364891052246,
    "initial_pref_do": 0.15857142857142856,
    "final_pref_do": 0.04428571428571428,
    "best_pref_do": 0.05285714285714286
}