{
    "best_epoch": 70,
    "best_val_performance": -0.11406426906585665,
    "val_performance_metric": "diff",
    "train_loss": 2.4438815116882324,
    "initial_do_mean": -7.684686820174372,
    "final_do_mean": -5.653875155157821,
    "best_do_mean": -5.653875155157821,
    "initial_pp_mean": -7.171940188548144,
    "final_pp_mean": -5.195626790032668,
    "best_pp_mean": -5.195626790032668
}