{
    "best_epoch": 59,
    "best_val_performance": -0.1418077389399217,
    "val_performance_metric": "diff",
    "train_loss": 1.899530053138733,
    "initial_do_mean": -7.840997162946435,
    "final_do_mean": -5.569027584999106,
    "best_do_mean": -5.563778748692468,
    "initial_pp_mean": -7.376432550654692,
    "final_pp_mean": -5.212757709797691,
    "best_pp_mean": -5.256898444890976
}