{
    "best_epoch": 15,
    "best_val_performance": 0.10890854040781583,
    "val_performance_metric": "diff",
    "train_loss": 3.1126248836517334,
    "initial_do_mean": -7.639265551123509,
    "final_do_mean": -6.084518820393917,
    "best_do_mean": -5.321707564384439,
    "initial_pp_mean": -6.995340308021096,
    "final_pp_mean": -5.086136970449896,
    "best_pp_mean": -4.481013469485676
}