{
    "best_epoch": 28,
    "best_val_performance": 1.3328348557154337,
    "val_performance_metric": "diff",
    "train_loss": 2.4254581928253174,
    "initial_dative_mean": -7.614623682192194,
    "final_dative_mean": -7.199433536383143,
    "best_dative_mean": -6.06125608156299
}