{
    "best_epoch": 57,
    "best_val_performance": 0.07255436261494985,
    "val_performance_metric": "diff",
    "train_loss": 3.9469070434570312,
    "initial_pref_do": 0.08285714285714285,
    "final_pref_do": 0.06857142857142857,
    "best_pref_do": 0.06571428571428571
}