{
    "best_epoch": 70,
    "best_val_performance": -0.6532225004831949,
    "val_performance_metric": "diff",
    "train_loss": 6.485805511474609,
    "initial_pref_do": 0.07714285714285714,
    "final_pref_do": 0.07571428571428572,
    "best_pref_do": 0.07571428571428572
}