{
    "best_epoch": 31,
    "best_val_performance": 2.3065496444702145,
    "val_performance_metric": "diff",
    "train_loss": 2.7280735969543457,
    "initial_pref_do": 0.15571428571428572,
    "final_pref_do": 0.08857142857142856,
    "best_pref_do": 0.04285714285714286
}