{
    "best_epoch": 13,
    "best_val_performance": 0.09166618824005113,
    "val_performance_metric": "diff",
    "train_loss": 4.134880542755127,
    "initial_do_mean": -7.960915663907694,
    "final_do_mean": -6.216420561075211,
    "best_do_mean": -5.821214277730432,
    "initial_pp_mean": -7.575657231667463,
    "final_pp_mean": -5.712932394532596,
    "best_pp_mean": -5.387890363440794
}