{
    "best_epoch": 31,
    "best_val_performance": 3.5638564014434824,
    "val_performance_metric": "diff",
    "train_loss": 2.3662469387054443,
    "initial_do_mean": -7.637316101512243,
    "final_do_mean": -10.28417280524276,
    "best_do_mean": -7.31969240030577,
    "initial_pp_mean": -6.993593063074,
    "final_pp_mean": -8.917618384782006,
    "best_pp_mean": -6.322171875659158
}