{
    "best_epoch": 38,
    "best_val_performance": 1.5001813793182368,
    "val_performance_metric": "diff",
    "train_loss": 1.63253915309906,
    "initial_do_mean": -6.549238387021151,
    "final_do_mean": -5.091468613075487,
    "best_do_mean": -4.8754155187895805,
    "initial_pp_mean": -5.90334337287479,
    "final_pp_mean": -4.406780862808228,
    "best_pp_mean": -4.2545149591234
}