{
    "best_epoch": 54,
    "best_val_performance": -0.1022540966669716,
    "val_performance_metric": "diff",
    "train_loss": 2.882016181945801,
    "initial_do_mean": -6.74697647672711,
    "final_do_mean": -4.8396888415018715,
    "best_do_mean": -4.9968744595845545,
    "initial_pp_mean": -6.128026156955295,
    "final_pp_mean": -4.187705612182617,
    "best_pp_mean": -4.3449757708443535
}