{
    "best_epoch": 70,
    "best_val_performance": 0.36751049518585166,
    "val_performance_metric": "diff",
    "train_loss": 1.763511300086975,
    "initial_dative_mean": -7.198876930956255,
    "final_dative_mean": -5.091327697212933,
    "best_dative_mean": -5.091327697212933
}