{
    "best_epoch": 70,
    "best_val_performance": 0.7171695168813077,
    "val_performance_metric": "diff",
    "train_loss": 2.5317182540893555,
    "initial_do_mean": -6.661159496596365,
    "final_do_mean": -4.526837567127112,
    "best_do_mean": -4.526837567127112,
    "initial_pp_mean": -5.919302712546455,
    "final_pp_mean": -4.080714858902825,
    "best_pp_mean": -4.080714858902825
}