{
    "best_epoch": 47,
    "best_val_performance": 0.4837061452865603,
    "val_performance_metric": "diff",
    "train_loss": 1.4507747888565063,
    "initial_pref_do": 0.12714285714285714,
    "final_pref_do": 0.05285714285714286,
    "best_pref_do": 0.05714285714285714
}