{
    "best_epoch": 70,
    "best_val_performance": -0.34947363058726033,
    "val_performance_metric": "diff",
    "train_loss": 3.798311233520508,
    "initial_pref_do": 0.1,
    "final_pref_do": 0.19142857142857142,
    "best_pref_do": 0.19142857142857142
}