{
    "best_epoch": 70,
    "best_val_performance": -0.6702933518091836,
    "val_performance_metric": "diff",
    "train_loss": 7.584793567657471,
    "initial_dative_mean": -7.60809022815604,
    "final_dative_mean": -7.413964279910974,
    "best_dative_mean": -7.413964279910974
}