{
    "best_epoch": 55,
    "best_val_performance": 0.37209942340850866,
    "val_performance_metric": "diff",
    "train_loss": 1.750982642173767,
    "initial_do_mean": -6.636781548008774,
    "final_do_mean": -5.012971437338627,
    "best_do_mean": -4.9882426912134346,
    "initial_pp_mean": -5.787141331036886,
    "final_pp_mean": -4.454518342018128,
    "best_pp_mean": -4.405443999502394
}