{
    "best_epoch": 23,
    "best_val_performance": -0.06502058664957744,
    "val_performance_metric": "diff",
    "train_loss": 3.0822691917419434,
    "initial_do_mean": -7.6882360210252365,
    "final_do_mean": -5.569456660816836,
    "best_do_mean": -5.242290714798972,
    "initial_pp_mean": -7.1752230111290425,
    "final_pp_mean": -4.72889858659576,
    "best_pp_mean": -4.409728791433222
}