{
    "best_epoch": 70,
    "best_val_performance": -0.5982523854573571,
    "val_performance_metric": "diff",
    "train_loss": 7.296838283538818,
    "initial_dative_mean": -7.610994588910487,
    "final_dative_mean": -7.2927569224123365,
    "best_dative_mean": -7.2927569224123365
}