{
    "best_epoch": 70,
    "best_val_performance": -0.28875291665395064,
    "val_performance_metric": "diff",
    "train_loss": 3.6924054622650146,
    "initial_do_mean": -7.700319624224375,
    "final_do_mean": -5.897717699408531,
    "best_do_mean": -5.897717699408531,
    "initial_pp_mean": -7.167005076829125,
    "final_pp_mean": -5.35448320367757,
    "best_pp_mean": -5.35448320367757
}