{
    "best_epoch": 45,
    "best_val_performance": 0.4939930311838783,
    "val_performance_metric": "diff",
    "train_loss": 1.1062840223312378,
    "initial_do_mean": -6.769400972308534,
    "final_do_mean": -5.476288298404578,
    "best_do_mean": -4.994958182537195,
    "initial_pp_mean": -6.102681048711141,
    "final_pp_mean": -4.926221866077847,
    "best_pp_mean": -4.566031980514526
}