{
    "best_epoch": 70,
    "best_val_performance": -0.16635578155517639,
    "val_performance_metric": "diff",
    "train_loss": 2.7182374000549316,
    "initial_do_mean": -7.687936696202256,
    "final_do_mean": -6.349466555340346,
    "best_do_mean": -6.349466555340346,
    "initial_pp_mean": -7.174907860335182,
    "final_pp_mean": -5.482693010919235,
    "best_pp_mean": -5.482693010919235
}