{
    "best_epoch": 70,
    "best_val_performance": -0.18007076899210617,
    "val_performance_metric": "diff",
    "train_loss": 3.72100830078125,
    "initial_do_mean": -7.633152027462804,
    "final_do_mean": -5.714617835227833,
    "best_do_mean": -5.714617835227833,
    "initial_pp_mean": -6.989986592180589,
    "final_pp_mean": -5.1904199915773725,
    "best_pp_mean": -5.1904199915773725
}