{
    "best_epoch": 27,
    "best_val_performance": -0.14926937739054402,
    "val_performance_metric": "diff",
    "train_loss": 2.0860276222229004,
    "initial_pref_do": 0.09714285714285714,
    "final_pref_do": 0.11285714285714285,
    "best_pref_do": 0.08
}