{
    "best_epoch": 1,
    "best_val_performance": -0.8685699542363485,
    "val_performance_metric": "diff",
    "train_loss": 9.145293235778809,
    "initial_pref_do": 0.09714285714285714,
    "final_pref_do": 0.12857142857142856,
    "best_pref_do": 0.1442857142857143
}