{
    "best_epoch": 52,
    "best_val_performance": 0.19033644517262793,
    "val_performance_metric": "diff",
    "train_loss": 2.600504159927368,
    "initial_pref_do": 0.09714285714285714,
    "final_pref_do": 0.08714285714285715,
    "best_pref_do": 0.09428571428571429
}