{
    "best_epoch": 1,
    "best_val_performance": -0.5147399616241453,
    "val_performance_metric": "diff",
    "train_loss": 7.831638336181641,
    "initial_dative_mean": -7.465669676922915,
    "final_dative_mean": -7.086643864885408,
    "best_dative_mean": -7.459320353485688
}