{
    "best_epoch": 56,
    "best_val_performance": -0.17694562435150107,
    "val_performance_metric": "diff",
    "train_loss": 2.0063512325286865,
    "initial_pref_do": 0.1357142857142857,
    "final_pref_do": 0.34714285714285714,
    "best_pref_do": 0.36
}