{
    "best_epoch": 70,
    "best_val_performance": -0.36769647757212276,
    "val_performance_metric": "diff",
    "train_loss": 3.0139822959899902,
    "initial_pref_do": 0.12714285714285714,
    "final_pref_do": 0.1,
    "best_pref_do": 0.1
}