{
    "best_epoch": 70,
    "best_val_performance": -0.20751398086547823,
    "val_performance_metric": "diff",
    "train_loss": 3.5733611583709717,
    "initial_dative_mean": -7.280359173378749,
    "final_dative_mean": -5.668653775202601,
    "best_dative_mean": -5.668653775202601
}