{
    "best_epoch": 27,
    "best_val_performance": 1.9652093950907386,
    "val_performance_metric": "diff",
    "train_loss": 2.474975347518921,
    "initial_do_mean": -7.698713223601496,
    "final_do_mean": -6.923329013378122,
    "best_do_mean": -6.857721109722936,
    "initial_pp_mean": -7.165638617207022,
    "final_pp_mean": -6.1857072395436905,
    "best_pp_mean": -5.4654625426320464
}