{
    "best_epoch": 70,
    "best_val_performance": -0.0843156019846596,
    "val_performance_metric": "diff",
    "train_loss": 3.3151543140411377,
    "initial_pref_do": 0.17714285714285713,
    "final_pref_do": 0.10857142857142857,
    "best_pref_do": 0.10857142857142857
}