{
    "best_epoch": 70,
    "best_val_performance": -0.5877481524149575,
    "val_performance_metric": "diff",
    "train_loss": 5.737932205200195,
    "initial_dative_mean": -7.1958486643451,
    "final_dative_mean": -6.81417417247393,
    "best_dative_mean": -6.81417417247393
}