{
    "best_epoch": 70,
    "best_val_performance": 4.188126573562622,
    "val_performance_metric": "diff",
    "train_loss": 1.7684462070465088,
    "initial_do_mean": -6.659744881138657,
    "final_do_mean": -6.757208600188747,
    "best_do_mean": -6.757208600188747,
    "initial_pp_mean": -5.918755086263021,
    "final_pp_mean": -5.620270673433939,
    "best_pp_mean": -5.620270673433939
}