{
    "best_epoch": 13,
    "best_val_performance": 0.12794165134429925,
    "val_performance_metric": "diff",
    "train_loss": 3.686847686767578,
    "initial_dative_mean": -7.197325293083637,
    "final_dative_mean": -5.15001029055021,
    "best_dative_mean": -5.479170081211112
}