{
    "best_epoch": 20,
    "best_val_performance": 0.2632780281702676,
    "val_performance_metric": "diff",
    "train_loss": 2.688153028488159,
    "initial_pref_do": 0.18142857142857144,
    "final_pref_do": 0.18285714285714286,
    "best_pref_do": 0.1757142857142857
}