{
    "best_epoch": 70,
    "best_val_performance": 0.5622618738810221,
    "val_performance_metric": "diff",
    "train_loss": 2.3312249183654785,
    "initial_do_mean": -6.545767412763653,
    "final_do_mean": -4.965739468372229,
    "best_do_mean": -4.965739468372229,
    "initial_pp_mean": -5.9001344468858505,
    "final_pp_mean": -4.090806041823493,
    "best_pp_mean": -4.090806041823493
}