{
    "best_epoch": 22,
    "best_val_performance": 0.3905958461761472,
    "val_performance_metric": "diff",
    "train_loss": 3.827876567840576,
    "initial_do_mean": -6.544166713772398,
    "final_do_mean": -5.277085041277337,
    "best_do_mean": -4.775007204575972,
    "initial_pp_mean": -5.8984796365102135,
    "final_pp_mean": -4.454593303468492,
    "best_pp_mean": -4.205811180008782
}