{
    "best_epoch": 35,
    "best_val_performance": 0.36205175081888896,
    "val_performance_metric": "diff",
    "train_loss": 2.256397247314453,
    "initial_do_mean": -6.5477888641935404,
    "final_do_mean": -6.649110872095282,
    "best_do_mean": -6.439533794287479,
    "initial_pp_mean": -5.901645133230422,
    "final_pp_mean": -6.573182802730137,
    "best_pp_mean": -6.576992050806681
}