{
    "best_epoch": 70,
    "best_val_performance": -0.16556390444437685,
    "val_performance_metric": "diff",
    "train_loss": 4.614995956420898,
    "initial_pref_do": 0.14714285714285713,
    "final_pref_do": 0.09571428571428571,
    "best_pref_do": 0.09571428571428571
}