{
    "best_epoch": 68,
    "best_val_performance": 3.2136163520812993,
    "val_performance_metric": "diff",
    "train_loss": 1.9930839538574219,
    "initial_pref_do": 0.1357142857142857,
    "final_pref_do": 0.03428571428571429,
    "best_pref_do": 0.04
}