{
    "best_epoch": 70,
    "best_val_performance": 1.5827113723754884,
    "val_performance_metric": "diff",
    "train_loss": 2.2309694290161133,
    "initial_pref_do": 0.07714285714285714,
    "final_pref_do": 0.44571428571428573,
    "best_pref_do": 0.44571428571428573
}