{
    "best_epoch": 49,
    "best_val_performance": -0.05683686415354394,
    "val_performance_metric": "diff",
    "train_loss": 2.564561128616333,
    "initial_do_mean": -7.69688206425933,
    "final_do_mean": -5.565835580576298,
    "best_do_mean": -5.604275364515393,
    "initial_pp_mean": -7.298675450156717,
    "final_pp_mean": -5.2602105954114124,
    "best_pp_mean": -5.241400039196014
}