{
    "best_epoch": 28,
    "best_val_performance": 0.40823043505350753,
    "val_performance_metric": "diff",
    "train_loss": 1.5656194686889648,
    "initial_do_mean": -7.962272801371508,
    "final_do_mean": -5.969489524184271,
    "best_do_mean": -5.7761560775512875,
    "initial_pp_mean": -7.575578815796796,
    "final_pp_mean": -4.978232893172432,
    "best_pp_mean": -4.953517958697151
}