{
    "best_epoch": 1,
    "best_val_performance": -0.7702656761805216,
    "val_performance_metric": "diff",
    "train_loss": 8.383893013000488,
    "initial_pref_do": 0.12714285714285714,
    "final_pref_do": 0.15142857142857144,
    "best_pref_do": 0.12857142857142856
}