{
    "best_epoch": 14,
    "best_val_performance": 1.8772788111368808,
    "val_performance_metric": "diff",
    "train_loss": 2.9114856719970703,
    "initial_pref_do": 0.15714285714285714,
    "final_pref_do": 0.6857142857142857,
    "best_pref_do": 0.3657142857142857
}