{
    "best_epoch": 40,
    "best_val_performance": 1.5679506397247316,
    "val_performance_metric": "diff",
    "train_loss": 1.2851054668426514,
    "initial_do_mean": -6.511530959967411,
    "final_do_mean": -6.097719231518832,
    "best_do_mean": -5.291200879125884,
    "initial_pp_mean": -5.879353046417236,
    "final_pp_mean": -5.420798765288459,
    "best_pp_mean": -4.669786748621199
}