{
    "best_epoch": 65,
    "best_val_performance": 2.136193803151448,
    "val_performance_metric": "diff",
    "train_loss": 1.218304991722107,
    "initial_pref_do": 0.14714285714285713,
    "final_pref_do": 0.12571428571428572,
    "best_pref_do": 0.11714285714285715
}