{
    "best_epoch": 70,
    "best_val_performance": -0.2886736933390299,
    "val_performance_metric": "diff",
    "train_loss": 3.490079402923584,
    "initial_do_mean": -6.546981289892486,
    "final_do_mean": -5.01671983834469,
    "best_do_mean": -5.01671983834469,
    "initial_pp_mean": -5.900506120257908,
    "final_pp_mean": -4.4835884677039255,
    "best_pp_mean": -4.4835884677039255
}