{
    "best_epoch": 23,
    "best_val_performance": 0.002965485254923017,
    "val_performance_metric": "diff",
    "train_loss": 2.6654868125915527,
    "initial_do_mean": -7.959195640891097,
    "final_do_mean": -6.25959020506504,
    "best_do_mean": -6.076879325301149,
    "initial_pp_mean": -7.572916042804718,
    "final_pp_mean": -5.3808601488085355,
    "best_pp_mean": -5.284197156920152
}