{
    "best_epoch": 55,
    "best_val_performance": 3.943464048703511,
    "val_performance_metric": "diff",
    "train_loss": 1.56585693359375,
    "initial_dative_mean": -7.578711973993402,
    "final_dative_mean": -6.474862085274088,
    "best_dative_mean": -6.505438971240618
}