{
    "best_epoch": 70,
    "best_val_performance": 0.05146867593129478,
    "val_performance_metric": "diff",
    "train_loss": 3.0760574340820312,
    "initial_dative_mean": -7.306294233478301,
    "final_dative_mean": -5.730405197854628,
    "best_dative_mean": -5.730405197854628
}