{
    "best_epoch": 50,
    "best_val_performance": 0.130307420094808,
    "val_performance_metric": "diff",
    "train_loss": 2.021284341812134,
    "initial_do_mean": -7.671519958002623,
    "final_do_mean": -5.757270799819813,
    "best_do_mean": -5.7675014838229774,
    "initial_pp_mean": -7.072348842901342,
    "final_pp_mean": -4.8764135925208825,
    "best_pp_mean": -4.919556083749322
}