{
    "best_epoch": 70,
    "best_val_performance": -0.20523886839548755,
    "val_performance_metric": "diff",
    "train_loss": 4.055267333984375,
    "initial_dative_mean": -7.339800114520112,
    "final_dative_mean": -5.8876624037647804,
    "best_dative_mean": -5.8876624037647804
}