{
    "best_epoch": 22,
    "best_val_performance": -0.24497391064961693,
    "val_performance_metric": "diff",
    "train_loss": 6.488699913024902,
    "initial_do_mean": -7.6749707072280176,
    "final_do_mean": -6.323357313178306,
    "best_do_mean": -6.875657419825709,
    "initial_pp_mean": -7.075727180873646,
    "final_pp_mean": -5.837126869313857,
    "best_pp_mean": -6.310352265834808
}