{
    "best_epoch": 70,
    "best_val_performance": -0.4177285957336423,
    "val_performance_metric": "diff",
    "train_loss": 5.12043571472168,
    "initial_dative_mean": -7.576473860015646,
    "final_dative_mean": -7.242738666590194,
    "best_dative_mean": -7.242738666590194
}