{
    "best_epoch": 70,
    "best_val_performance": 2.818648989995321,
    "val_performance_metric": "diff",
    "train_loss": 2.1446492671966553,
    "initial_do_mean": -7.692450117926265,
    "final_do_mean": -7.769557351982871,
    "best_do_mean": -7.769557351982871,
    "initial_pp_mean": -7.255910728959476,
    "final_pp_mean": -7.530808188985376,
    "best_pp_mean": -7.530808188985376
}