{
    "best_epoch": 70,
    "best_val_performance": 0.005300194422404481,
    "val_performance_metric": "diff",
    "train_loss": 1.4697902202606201,
    "initial_pref_do": 0.13428571428571429,
    "final_pref_do": 0.06714285714285714,
    "best_pref_do": 0.06714285714285714
}