{
    "best_epoch": 70,
    "best_val_performance": 0.19902594566345222,
    "val_performance_metric": "diff",
    "train_loss": 2.3592019081115723,
    "initial_do_mean": -6.555894289594708,
    "final_do_mean": -4.955419143040975,
    "best_do_mean": -4.955419143040975,
    "initial_pp_mean": -5.760659490691291,
    "final_pp_mean": -4.399377242724101,
    "best_pp_mean": -4.399377242724101
}