{
    "best_epoch": 39,
    "best_val_performance": -0.25326896826426193,
    "val_performance_metric": "diff",
    "train_loss": 4.609231472015381,
    "initial_do_mean": -7.697549329247585,
    "final_do_mean": -5.830999778107155,
    "best_do_mean": -6.301919905252235,
    "initial_pp_mean": -7.29929251390345,
    "final_pp_mean": -5.1814565847901735,
    "best_pp_mean": -5.64009012334487
}