{
    "best_epoch": 70,
    "best_val_performance": 0.17634824275970473,
    "val_performance_metric": "diff",
    "train_loss": 1.8286161422729492,
    "initial_do_mean": -7.702391270288201,
    "final_do_mean": -5.877987768414409,
    "best_do_mean": -5.877987768414409,
    "initial_pp_mean": -7.16914473842172,
    "final_pp_mean": -4.8655853888567755,
    "best_pp_mean": -4.8655853888567755
}