{
    "best_epoch": 58,
    "best_val_performance": -0.04661187807718914,
    "val_performance_metric": "diff",
    "train_loss": 2.06829571723938,
    "initial_pref_do": 0.14714285714285713,
    "final_pref_do": 0.35428571428571426,
    "best_pref_do": 0.35285714285714287
}