{
    "best_epoch": 70,
    "best_val_performance": 0.15407818476359036,
    "val_performance_metric": "diff",
    "train_loss": 2.220073938369751,
    "initial_dative_mean": -7.581007671286488,
    "final_dative_mean": -7.19712192987838,
    "best_dative_mean": -7.19712192987838
}