{
    "best_epoch": 50,
    "best_val_performance": 0.1860347811381029,
    "val_performance_metric": "diff",
    "train_loss": 1.5945167541503906,
    "initial_do_mean": -7.692053140595902,
    "final_do_mean": -5.864767310924308,
    "best_do_mean": -5.7251103724851165,
    "initial_pp_mean": -7.293215288134182,
    "final_pp_mean": -5.528166009398068,
    "best_pp_mean": -5.403443152413649
}