{
    "best_epoch": 37,
    "best_val_performance": 0.4233255688349402,
    "val_performance_metric": "diff",
    "train_loss": 2.5418620109558105,
    "initial_dative_mean": -7.338173706280558,
    "final_dative_mean": -5.266644780921657,
    "best_dative_mean": -5.290167302938929
}