{
    "best_epoch": 32,
    "best_val_performance": -0.10397231101989757,
    "val_performance_metric": "diff",
    "train_loss": 2.270836353302002,
    "initial_do_mean": -6.667645194313743,
    "final_do_mean": -5.310867975697373,
    "best_do_mean": -4.832748345172766,
    "initial_pp_mean": -5.819989885224237,
    "final_pp_mean": -4.462691627608406,
    "best_pp_mean": -4.059107078446282
}