{
    "best_epoch": 48,
    "best_val_performance": 0.1941306161880494,
    "val_performance_metric": "diff",
    "train_loss": 2.572937250137329,
    "initial_dative_mean": -7.258401512751106,
    "final_dative_mean": -5.045694717364005,
    "best_dative_mean": -5.144400033511613
}