{
    "best_epoch": 22,
    "best_val_performance": -0.05402079423268713,
    "val_performance_metric": "diff",
    "train_loss": 3.8449010848999023,
    "initial_do_mean": -7.837063899566961,
    "final_do_mean": -6.051280934796777,
    "best_do_mean": -5.706492243118064,
    "initial_pp_mean": -7.372471734355478,
    "final_pp_mean": -4.984072976252612,
    "best_pp_mean": -4.9034481981221365
}