{
    "best_epoch": 70,
    "best_val_performance": 2.885103039741516,
    "val_performance_metric": "diff",
    "train_loss": 1.7599440813064575,
    "initial_do_mean": -6.657918860695579,
    "final_do_mean": -5.792636648813883,
    "best_do_mean": -5.792636648813883,
    "initial_pp_mean": -5.917556587855021,
    "final_pp_mean": -4.715914474593268,
    "best_pp_mean": -4.715914474593268
}