{
    "best_epoch": 34,
    "best_val_performance": -0.37669891675313316,
    "val_performance_metric": "diff",
    "train_loss": 4.652400493621826,
    "initial_pref_do": 0.14714285714285713,
    "final_pref_do": 0.26857142857142857,
    "best_pref_do": 0.2671428571428571
}