{
    "best_epoch": 70,
    "best_val_performance": 0.14555533250172914,
    "val_performance_metric": "diff",
    "train_loss": 2.4796156883239746,
    "initial_pref_do": 0.12714285714285714,
    "final_pref_do": 0.047142857142857146,
    "best_pref_do": 0.047142857142857146
}