{
    "best_epoch": 31,
    "best_val_performance": 2.5911552731196084,
    "val_performance_metric": "diff",
    "train_loss": 1.5619373321533203,
    "initial_do_mean": -6.658859261599454,
    "final_do_mean": -5.258929527167118,
    "best_do_mean": -5.3951488422625,
    "initial_pp_mean": -5.9177997933493725,
    "final_pp_mean": -4.528749632835388,
    "best_pp_mean": -4.469047874874539
}