{
    "best_epoch": 36,
    "best_val_performance": 2.0760736449559536,
    "val_performance_metric": "diff",
    "train_loss": 1.6192328929901123,
    "initial_pref_do": 0.18142857142857144,
    "final_pref_do": 0.10857142857142857,
    "best_pref_do": 0.09571428571428571
}