{
    "best_epoch": 63,
    "best_val_performance": -0.161859200795492,
    "val_performance_metric": "diff",
    "train_loss": 2.3548855781555176,
    "initial_do_mean": -7.687645652266436,
    "final_do_mean": -5.492036336383154,
    "best_do_mean": -5.486784360783044,
    "initial_pp_mean": -7.173657582787906,
    "final_pp_mean": -5.343824649558348,
    "best_pp_mean": -5.327453642732957
}