{
    "best_epoch": 31,
    "best_val_performance": 0.6682739369074504,
    "val_performance_metric": "diff",
    "train_loss": 2.0201680660247803,
    "initial_pref_do": 0.08428571428571428,
    "final_pref_do": 0.14857142857142858,
    "best_pref_do": 0.1457142857142857
}