{
    "best_epoch": 70,
    "best_val_performance": -0.7221971925099693,
    "val_performance_metric": "diff",
    "train_loss": 7.698610782623291,
    "initial_pref_do": 0.07714285714285714,
    "final_pref_do": 0.09571428571428571,
    "best_pref_do": 0.09571428571428571
}