{
    "best_epoch": 41,
    "best_val_performance": 3.3756086134910586,
    "val_performance_metric": "diff",
    "train_loss": 1.4468640089035034,
    "initial_do_mean": -7.954943898805352,
    "final_do_mean": -12.501288698163144,
    "best_do_mean": -9.448167041983716,
    "initial_pp_mean": -7.528163990553687,
    "final_pp_mean": -10.37229640974718,
    "best_pp_mean": -8.268051592041465
}