{
    "best_epoch": 59,
    "best_val_performance": -0.3271874411900839,
    "val_performance_metric": "diff",
    "train_loss": 4.319472789764404,
    "initial_do_mean": -6.505917349728671,
    "final_do_mean": -5.270644244280729,
    "best_do_mean": -5.3901821757807875,
    "initial_pp_mean": -5.87433352470398,
    "final_pp_mean": -4.697008453475105,
    "best_pp_mean": -4.832297650973002
}