{
    "best_epoch": 70,
    "best_val_performance": 0.726502714157105,
    "val_performance_metric": "diff",
    "train_loss": 2.1146721839904785,
    "initial_do_mean": -7.693297533101814,
    "final_do_mean": -5.357637322226236,
    "best_do_mean": -5.357637322226236,
    "initial_pp_mean": -7.294792899664711,
    "final_pp_mean": -4.464265982894337,
    "best_pp_mean": -4.464265982894337
}