{
    "best_epoch": 67,
    "best_val_performance": -0.008120808601378648,
    "val_performance_metric": "diff",
    "train_loss": 4.933860778808594,
    "initial_do_mean": -6.41464308536414,
    "final_do_mean": -5.541140469637784,
    "best_do_mean": -5.56775593324141,
    "initial_pp_mean": -5.738931512832641,
    "final_pp_mean": -4.793776782353719,
    "best_pp_mean": -4.820298719406128
}