{
    "best_epoch": 20,
    "best_val_performance": 0.6964982159932456,
    "val_performance_metric": "diff",
    "train_loss": 1.9840766191482544,
    "initial_dative_mean": -7.200165169280872,
    "final_dative_mean": -6.702118871853366,
    "best_dative_mean": -5.586350770373094
}