{
    "best_epoch": 23,
    "best_val_performance": 0.5205289284388233,
    "val_performance_metric": "diff",
    "train_loss": 3.3531346321105957,
    "initial_do_mean": -6.550230052254417,
    "final_do_mean": -4.984984876170303,
    "best_do_mean": -4.734938677874479,
    "initial_pp_mean": -5.901875307824876,
    "final_pp_mean": -4.274975254800585,
    "best_pp_mean": -3.9622377660539416
}