{
    "best_epoch": 70,
    "best_val_performance": -0.45032778263092066,
    "val_performance_metric": "diff",
    "train_loss": 6.074082374572754,
    "initial_dative_mean": -7.285432377056769,
    "final_dative_mean": -6.804246699600889,
    "best_dative_mean": -6.804246699600889
}