{
    "best_epoch": 16,
    "best_val_performance": 0.3280437278747561,
    "val_performance_metric": "diff",
    "train_loss": 2.688472032546997,
    "initial_do_mean": -6.744295990105831,
    "final_do_mean": -4.87793913899046,
    "best_do_mean": -4.350615056355794,
    "initial_pp_mean": -6.126871845457289,
    "final_pp_mean": -4.635209592183431,
    "best_pp_mean": -4.282750100559658
}