{
    "best_epoch": 70,
    "best_val_performance": -0.514469601313273,
    "val_performance_metric": "diff",
    "train_loss": 5.739457607269287,
    "initial_pref_do": 0.17714285714285713,
    "final_pref_do": 0.18142857142857144,
    "best_pref_do": 0.18142857142857144
}