{
    "best_epoch": 17,
    "best_val_performance": 0.28348291079203225,
    "val_performance_metric": "diff",
    "train_loss": 2.635732412338257,
    "initial_do_mean": -7.688512653805489,
    "final_do_mean": -6.936844142370446,
    "best_do_mean": -6.28239553612332,
    "initial_pp_mean": -7.253395663289463,
    "final_pp_mean": -6.475165350998149,
    "best_pp_mean": -5.897476808463826
}