{
    "best_epoch": 70,
    "best_val_performance": -0.23265221913655587,
    "val_performance_metric": "diff",
    "train_loss": 4.285807132720947,
    "initial_dative_mean": -7.191318978691659,
    "final_dative_mean": -5.7750101180104485,
    "best_dative_mean": -5.7750101180104485
}