{
    "best_epoch": 70,
    "best_val_performance": 1.9267238267262776,
    "val_performance_metric": "diff",
    "train_loss": 2.2665200233459473,
    "initial_do_mean": -7.839406082103419,
    "final_do_mean": -8.743104974197786,
    "best_do_mean": -8.743104974197786,
    "initial_pp_mean": -7.373514411729925,
    "final_pp_mean": -7.539416142772226,
    "best_pp_mean": -7.539416142772226
}