{
    "best_epoch": 20,
    "best_val_performance": 1.3955694103240965,
    "val_performance_metric": "diff",
    "train_loss": 2.4248874187469482,
    "initial_do_mean": -6.419948556206443,
    "final_do_mean": -6.63500120567553,
    "best_do_mean": -4.985422682039665,
    "initial_pp_mean": -5.7427114221784805,
    "final_pp_mean": -5.242598417070177,
    "best_pp_mean": -3.953925144672394
}