{
    "best_epoch": 34,
    "best_val_performance": -0.1415244134267173,
    "val_performance_metric": "diff",
    "train_loss": 2.685577630996704,
    "initial_pref_do": 0.1,
    "final_pref_do": 0.13714285714285715,
    "best_pref_do": 0.1
}