{
    "best_epoch": 25,
    "best_val_performance": 2.0189457257588694,
    "val_performance_metric": "diff",
    "train_loss": 2.3654913902282715,
    "initial_do_mean": -6.746340575362697,
    "final_do_mean": -6.97380733200998,
    "best_do_mean": -6.102367109240908,
    "initial_pp_mean": -6.128504302766588,
    "final_pp_mean": -5.956857061386108,
    "best_pp_mean": -5.002678394317627
}