{
    "best_epoch": 10,
    "best_val_performance": 0.40792021592458116,
    "val_performance_metric": "diff",
    "train_loss": 2.699007987976074,
    "initial_do_mean": -6.418286803274444,
    "final_do_mean": -6.443025635228013,
    "best_do_mean": -5.135180859132246,
    "initial_pp_mean": -5.74296448495653,
    "final_pp_mean": -5.063533186912537,
    "best_pp_mean": -4.312306500805748
}