{
    "best_epoch": 70,
    "best_val_performance": -0.2545169528325397,
    "val_performance_metric": "diff",
    "train_loss": 4.110459804534912,
    "initial_do_mean": -6.7679096684311375,
    "final_do_mean": -5.505607609315352,
    "best_do_mean": -5.505607609315352,
    "initial_pp_mean": -6.101380342907376,
    "final_pp_mean": -4.938212211926778,
    "best_pp_mean": -4.938212211926778
}