{
    "best_epoch": 70,
    "best_val_performance": -0.581429498990377,
    "val_performance_metric": "diff",
    "train_loss": 6.292694568634033,
    "initial_dative_mean": -7.280359173378749,
    "final_dative_mean": -6.935453262942576,
    "best_dative_mean": -6.935453262942576
}