{
    "best_epoch": 70,
    "best_val_performance": -0.17671276092529364,
    "val_performance_metric": "diff",
    "train_loss": 2.8855206966400146,
    "initial_dative_mean": -7.315487318917325,
    "final_dative_mean": -5.407130127064666,
    "best_dative_mean": -5.407130127064666
}