{
    "best_epoch": 23,
    "best_val_performance": 0.2637555917104084,
    "val_performance_metric": "diff",
    "train_loss": 2.841686248779297,
    "initial_do_mean": -7.959475602521453,
    "final_do_mean": -5.653119377618612,
    "best_do_mean": -5.470588213829107,
    "initial_pp_mean": -7.573116901341606,
    "final_pp_mean": -5.135544114253101,
    "best_pp_mean": -4.966730970494887
}