{
    "best_epoch": 70,
    "best_val_performance": -0.0752747138341272,
    "val_performance_metric": "diff",
    "train_loss": 1.7437551021575928,
    "initial_do_mean": -7.673995888510416,
    "final_do_mean": -5.719742855706881,
    "best_do_mean": -5.719742855706881,
    "initial_pp_mean": -7.074665182478288,
    "final_pp_mean": -4.9696259126943705,
    "best_pp_mean": -4.9696259126943705
}