{
    "best_epoch": 26,
    "best_val_performance": -0.2585528151194252,
    "val_performance_metric": "diff",
    "train_loss": 4.219096660614014,
    "initial_do_mean": -7.636257518169492,
    "final_do_mean": -5.799526100934938,
    "best_do_mean": -5.638003688912059,
    "initial_pp_mean": -6.992622699457057,
    "final_pp_mean": -5.347852976532543,
    "best_pp_mean": -5.2423785114989565
}