{
    "best_epoch": 31,
    "best_val_performance": 1.1132431634267173,
    "val_performance_metric": "diff",
    "train_loss": 2.396857261657715,
    "initial_do_mean": -6.552702710122773,
    "final_do_mean": -5.521983314282966,
    "best_do_mean": -5.882186285654703,
    "initial_pp_mean": -5.7591366370519,
    "final_pp_mean": -5.28597829606798,
    "best_pp_mean": -5.528579386075338
}