{
    "best_epoch": 25,
    "best_val_performance": 0.03234464804331516,
    "val_performance_metric": "diff",
    "train_loss": 2.9132823944091797,
    "initial_do_mean": -6.550317304784602,
    "final_do_mean": -5.349365230040116,
    "best_do_mean": -4.6242315523552175,
    "initial_pp_mean": -5.903108787536621,
    "final_pp_mean": -4.5295859204398266,
    "best_pp_mean": -3.991274099879795
}