{
    "best_epoch": 70,
    "best_val_performance": -0.15692870934804315,
    "val_performance_metric": "diff",
    "train_loss": 4.411888122558594,
    "initial_dative_mean": -7.259703880862186,
    "final_dative_mean": -5.705200458479206,
    "best_dative_mean": -5.705200458479206
}