{
    "best_epoch": 10,
    "best_val_performance": -0.4952974510192867,
    "val_performance_metric": "diff",
    "train_loss": 4.727072715759277,
    "initial_do_mean": -7.598952327356782,
    "final_do_mean": -6.783796871124312,
    "best_do_mean": -6.424179156852323,
    "initial_pp_mean": -7.153539960524615,
    "final_pp_mean": -6.370279939735637,
    "best_pp_mean": -6.104129172072691
}