{
    "best_epoch": 70,
    "best_val_performance": 0.06244273344675744,
    "val_performance_metric": "diff",
    "train_loss": 2.144793748855591,
    "initial_pref_do": 0.17714285714285713,
    "final_pref_do": 0.18857142857142858,
    "best_pref_do": 0.18857142857142858
}