{
    "best_epoch": 30,
    "best_val_performance": 2.1073910395304356,
    "val_performance_metric": "diff",
    "train_loss": 2.257803440093994,
    "initial_do_mean": -6.741188732783,
    "final_do_mean": -6.347381275350397,
    "best_do_mean": -5.839278687852802,
    "initial_pp_mean": -6.122505564159817,
    "final_pp_mean": -5.800746607780456,
    "best_pp_mean": -5.320551194085015
}