{
    "best_epoch": 69,
    "best_val_performance": 0.06200298309326158,
    "val_performance_metric": "diff",
    "train_loss": 1.5411028861999512,
    "initial_do_mean": -7.687051457028057,
    "final_do_mean": -5.632683614658755,
    "best_do_mean": -5.62816692057044,
    "initial_pp_mean": -7.173227572441101,
    "final_pp_mean": -4.492219628305996,
    "best_pp_mean": -4.488485074043274
}