{
    "best_epoch": 1,
    "best_val_performance": -0.5235486268997196,
    "val_performance_metric": "diff",
    "train_loss": 7.472609519958496,
    "initial_dative_mean": -7.466659946051258,
    "final_dative_mean": -7.132874539023952,
    "best_dative_mean": -7.461606461053703
}