{
    "best_epoch": 30,
    "best_val_performance": 0.1772176965077712,
    "val_performance_metric": "diff",
    "train_loss": 2.4485902786254883,
    "initial_do_mean": -7.638902210218962,
    "final_do_mean": -5.246628005837286,
    "best_do_mean": -4.847717269215473,
    "initial_pp_mean": -6.9950159998501045,
    "final_pp_mean": -4.55468700282714,
    "best_pp_mean": -4.292830361688838
}