{
    "best_epoch": 69,
    "best_val_performance": -0.022889881134033452,
    "val_performance_metric": "diff",
    "train_loss": 2.521533250808716,
    "initial_do_mean": -7.956330548885257,
    "final_do_mean": -5.628869056008583,
    "best_do_mean": -5.632909949782283,
    "initial_pp_mean": -7.529600180597866,
    "final_pp_mean": -5.473732903424431,
    "best_pp_mean": -5.477028526628719
}