{
    "best_epoch": 19,
    "best_val_performance": 2.7628645261128746,
    "val_performance_metric": "diff",
    "train_loss": 2.67105770111084,
    "initial_do_mean": -7.64038023352623,
    "final_do_mean": -9.655015767313714,
    "best_do_mean": -9.125896957031516,
    "initial_pp_mean": -6.997173267953536,
    "final_pp_mean": -9.005299127803129,
    "best_pp_mean": -8.578022718429565
}