{
    "best_epoch": 70,
    "best_val_performance": -0.19368954817454043,
    "val_performance_metric": "diff",
    "train_loss": 3.9242563247680664,
    "initial_dative_mean": -7.196881797927165,
    "final_dative_mean": -5.367398915583627,
    "best_dative_mean": -5.367398915583627
}