{
    "best_epoch": 70,
    "best_val_performance": -0.2458000135421754,
    "val_performance_metric": "diff",
    "train_loss": 3.7317776679992676,
    "initial_pref_do": 0.12428571428571429,
    "final_pref_do": 0.08714285714285715,
    "best_pref_do": 0.08714285714285715
}