{
    "best_epoch": 12,
    "best_val_performance": 0.19084426561991297,
    "val_performance_metric": "diff",
    "train_loss": 3.562138795852661,
    "initial_do_mean": -7.9615735099759215,
    "final_do_mean": -6.660436269848845,
    "best_do_mean": -6.3631429148967875,
    "initial_pp_mean": -7.576031912074369,
    "final_pp_mean": -6.1511993513387795,
    "best_pp_mean": -5.971118568672853
}