{
    "best_epoch": 68,
    "best_val_performance": 0.45194095929463707,
    "val_performance_metric": "diff",
    "train_loss": 2.200129985809326,
    "initial_do_mean": -7.597037689630375,
    "final_do_mean": -5.8068795762089795,
    "best_do_mean": -5.788020767098249,
    "initial_pp_mean": -7.151434939749101,
    "final_pp_mean": -4.7797932323287515,
    "best_pp_mean": -4.767329952296088
}