{
    "best_epoch": 70,
    "best_val_performance": -0.7202047093709307,
    "val_performance_metric": "diff",
    "train_loss": 6.391836166381836,
    "initial_pref_do": 0.17714285714285713,
    "final_pref_do": 0.19,
    "best_pref_do": 0.19
}