{
    "best_epoch": 42,
    "best_val_performance": 4.622367938359579,
    "val_performance_metric": "diff",
    "train_loss": 2.6819138526916504,
    "initial_do_mean": -7.838619497626326,
    "final_do_mean": -7.015469074595806,
    "best_do_mean": -6.933451906886211,
    "initial_pp_mean": -7.373271325055291,
    "final_pp_mean": -6.636370640642503,
    "best_pp_mean": -6.477811139471391
}