{
    "best_epoch": 70,
    "best_val_performance": -0.44476692517598515,
    "val_performance_metric": "diff",
    "train_loss": 4.081140041351318,
    "initial_dative_mean": -7.307096243950358,
    "final_dative_mean": -5.925905557926635,
    "best_dative_mean": -5.925905557926635
}