{
    "best_epoch": 13,
    "best_val_performance": 1.5199298318227132,
    "val_performance_metric": "diff",
    "train_loss": 3.6349055767059326,
    "initial_do_mean": -6.638793205492425,
    "final_do_mean": -7.382255086031827,
    "best_do_mean": -4.382643857146754,
    "initial_pp_mean": -5.7891116433673435,
    "final_pp_mean": -7.270041015413073,
    "best_pp_mean": -4.366501896911197
}