{
    "best_epoch": 25,
    "best_val_performance": 2.9068955405553183,
    "val_performance_metric": "diff",
    "train_loss": 1.8032866716384888,
    "initial_do_mean": -6.6711863488862,
    "final_do_mean": -7.127576046278983,
    "best_do_mean": -5.0909014123858825,
    "initial_pp_mean": -5.823877673678928,
    "final_pp_mean": -6.68628322813246,
    "best_pp_mean": -4.608757405810886
}