{
    "best_epoch": 61,
    "best_val_performance": 0.392306160926819,
    "val_performance_metric": "diff",
    "train_loss": 2.360882520675659,
    "initial_do_mean": -6.635823713649403,
    "final_do_mean": -4.208172605976914,
    "best_do_mean": -4.1795083089308305,
    "initial_pp_mean": -5.784781116909451,
    "final_pp_mean": -3.9657804542117647,
    "best_pp_mean": -3.9226298742824133
}