{
    "best_epoch": 68,
    "best_val_performance": 0.47606253941853804,
    "val_performance_metric": "diff",
    "train_loss": 1.7478370666503906,
    "initial_pref_do": 0.08428571428571428,
    "final_pref_do": 0.012857142857142857,
    "best_pref_do": 0.014285714285714285
}