{
    "best_epoch": 70,
    "best_val_performance": -0.05822481314341221,
    "val_performance_metric": "diff",
    "train_loss": 1.8111566305160522,
    "initial_do_mean": -7.689269088728484,
    "final_do_mean": -5.097902352726737,
    "best_do_mean": -5.097902352726737,
    "initial_pp_mean": -7.254832555265987,
    "final_pp_mean": -4.441628956794739,
    "best_pp_mean": -4.441628956794739
}