{
    "best_epoch": 23,
    "best_val_performance": -0.10826848189036031,
    "val_performance_metric": "diff",
    "train_loss": 3.540316581726074,
    "initial_do_mean": -6.632029819488525,
    "final_do_mean": -4.955146558357008,
    "best_do_mean": -4.408624134641705,
    "initial_pp_mean": -5.785202394591438,
    "final_pp_mean": -4.214422379599677,
    "best_pp_mean": -3.853115420871311
}