{
    "best_epoch": 70,
    "best_val_performance": -0.17708817323048986,
    "val_performance_metric": "diff",
    "train_loss": 4.177290439605713,
    "initial_do_mean": -7.703065009311188,
    "final_do_mean": -6.0618720532849775,
    "best_do_mean": -6.0618720532849775,
    "initial_pp_mean": -7.168906673263101,
    "final_pp_mean": -5.367007515009711,
    "best_pp_mean": -5.367007515009711
}