{
    "best_epoch": 7,
    "best_val_performance": -0.21355391343434604,
    "val_performance_metric": "diff",
    "train_loss": 4.896557331085205,
    "initial_do_mean": -7.6715377271175385,
    "final_do_mean": -6.374409603518109,
    "best_do_mean": -6.791359988755958,
    "initial_pp_mean": -7.073124885559082,
    "final_pp_mean": -5.927580562058617,
    "best_pp_mean": -6.2540333516457505
}