{
    "best_epoch": 70,
    "best_val_performance": -0.11024205843607593,
    "val_performance_metric": "diff",
    "train_loss": 2.236006498336792,
    "initial_do_mean": -6.555220775893241,
    "final_do_mean": -4.948837182016083,
    "best_do_mean": -4.948837182016083,
    "initial_pp_mean": -5.761399258507622,
    "final_pp_mean": -4.450918663872613,
    "best_pp_mean": -4.450918663872613
}