{
    "best_epoch": 70,
    "best_val_performance": 5.488108855883281,
    "val_performance_metric": "diff",
    "train_loss": 2.3786652088165283,
    "initial_do_mean": -7.688595572876376,
    "final_do_mean": -7.332589828690817,
    "best_do_mean": -7.332589828690817,
    "initial_pp_mean": -7.175140638912425,
    "final_pp_mean": -6.0979505328571095,
    "best_pp_mean": -6.0979505328571095
}