{
    "best_epoch": 70,
    "best_val_performance": 3.714440234502158,
    "val_performance_metric": "diff",
    "train_loss": 1.8632227182388306,
    "initial_pref_do": 0.14714285714285713,
    "final_pref_do": 0.04428571428571428,
    "best_pref_do": 0.04428571428571428
}