{
    "best_epoch": 31,
    "best_val_performance": 1.256035374005636,
    "val_performance_metric": "diff",
    "train_loss": 1.489244818687439,
    "initial_pref_do": 0.18142857142857144,
    "final_pref_do": 0.05285714285714286,
    "best_pref_do": 0.027142857142857142
}