{
    "best_epoch": 70,
    "best_val_performance": -0.1975231536229458,
    "val_performance_metric": "diff",
    "train_loss": 2.9497170448303223,
    "initial_pref_do": 0.15714285714285714,
    "final_pref_do": 0.12,
    "best_pref_do": 0.12
}