{
    "best_epoch": 70,
    "best_val_performance": 0.37996558825174986,
    "val_performance_metric": "diff",
    "train_loss": 1.4442956447601318,
    "initial_do_mean": -7.956499957761099,
    "final_do_mean": -5.949448460063269,
    "best_do_mean": -5.949448460063269,
    "initial_pp_mean": -7.53128031351987,
    "final_pp_mean": -4.866749371851192,
    "best_pp_mean": -4.866749371851192
}