{
    "best_epoch": 24,
    "best_val_performance": 0.4025221681594848,
    "val_performance_metric": "diff",
    "train_loss": 2.241936445236206,
    "initial_pref_do": 0.14714285714285713,
    "final_pref_do": 0.19714285714285715,
    "best_pref_do": 0.3871428571428571
}