{
    "best_epoch": 70,
    "best_val_performance": 0.2566756248474116,
    "val_performance_metric": "diff",
    "train_loss": 1.2103028297424316,
    "initial_do_mean": -7.599401967470036,
    "final_do_mean": -6.074057212749193,
    "best_do_mean": -6.074057212749193,
    "initial_pp_mean": -7.154688268549302,
    "final_pp_mean": -5.184642397656161,
    "best_pp_mean": -5.184642397656161
}