{
    "best_epoch": 70,
    "best_val_performance": -0.05304575761159214,
    "val_performance_metric": "diff",
    "train_loss": 3.168159008026123,
    "initial_pref_do": 0.08428571428571428,
    "final_pref_do": 0.08571428571428572,
    "best_pref_do": 0.08571428571428572
}