{
    "best_epoch": 22,
    "best_val_performance": 1.2403151337305705,
    "val_performance_metric": "diff",
    "train_loss": 2.479823112487793,
    "initial_do_mean": -7.688692544781884,
    "final_do_mean": -6.75756973028183,
    "best_do_mean": -6.160980485552965,
    "initial_pp_mean": -7.253552532897276,
    "final_pp_mean": -5.583734121743371,
    "best_pp_mean": -5.069904125788632
}