{
    "best_epoch": 14,
    "best_val_performance": 1.0518789386749274,
    "val_performance_metric": "diff",
    "train_loss": 3.4969096183776855,
    "initial_pref_do": 0.07714285714285714,
    "final_pref_do": 0.38857142857142857,
    "best_pref_do": 0.1757142857142857
}