{
    "best_epoch": 24,
    "best_val_performance": -0.01404344876607233,
    "val_performance_metric": "diff",
    "train_loss": 2.730386972427368,
    "initial_pref_do": 0.09714285714285714,
    "final_pref_do": 0.19428571428571428,
    "best_pref_do": 0.14
}