{
    "best_epoch": 47,
    "best_val_performance": 2.641002316474915,
    "val_performance_metric": "diff",
    "train_loss": 2.5599703788757324,
    "initial_do_mean": -6.535438082434914,
    "final_do_mean": -7.952578975215102,
    "best_do_mean": -6.694774314128991,
    "initial_pp_mean": -5.902607737647163,
    "final_pp_mean": -6.167330649163988,
    "best_pp_mean": -5.312627805603875
}