{
    "best_epoch": 70,
    "best_val_performance": 1.8887284898757937,
    "val_performance_metric": "diff",
    "train_loss": 2.591137647628784,
    "initial_do_mean": -7.694332433994426,
    "final_do_mean": -5.769272984806881,
    "best_do_mean": -5.769272984806881,
    "initial_pp_mean": -7.29540821243735,
    "final_pp_mean": -5.666740700777839,
    "best_pp_mean": -5.666740700777839
}