{
    "best_epoch": 57,
    "best_val_performance": 2.0750762573877966,
    "val_performance_metric": "diff",
    "train_loss": 1.4449594020843506,
    "initial_do_mean": -6.555736746932521,
    "final_do_mean": -7.453155195351803,
    "best_do_mean": -7.413780593872071,
    "initial_pp_mean": -5.760640976164076,
    "final_pp_mean": -6.589122279485067,
    "best_pp_mean": -6.58932630221049
}