{
    "best_epoch": 28,
    "best_val_performance": -0.3387075662612915,
    "val_performance_metric": "diff",
    "train_loss": 5.26760196685791,
    "initial_pref_do": 0.15714285714285714,
    "final_pref_do": 0.16142857142857142,
    "best_pref_do": 0.2042857142857143
}