{
    "best_epoch": 70,
    "best_val_performance": 0.10164686838785819,
    "val_performance_metric": "diff",
    "train_loss": 1.9326763153076172,
    "initial_pref_do": 0.09714285714285714,
    "final_pref_do": 0.24714285714285714,
    "best_pref_do": 0.24714285714285714
}