{
    "best_epoch": 70,
    "best_val_performance": -0.19088300069173147,
    "val_performance_metric": "diff",
    "train_loss": 4.047937870025635,
    "initial_pref_do": 0.14714285714285713,
    "final_pref_do": 0.2842857142857143,
    "best_pref_do": 0.2842857142857143
}