{
    "best_epoch": 70,
    "best_val_performance": 0.29212989012400303,
    "val_performance_metric": "diff",
    "train_loss": 1.8645097017288208,
    "initial_do_mean": -7.6958704015543296,
    "final_do_mean": -6.399840861212375,
    "best_do_mean": -6.399840861212375,
    "initial_pp_mean": -7.2968252707930175,
    "final_pp_mean": -5.751059039901285,
    "best_pp_mean": -5.751059039901285
}