{
    "best_epoch": 36,
    "best_val_performance": 4.070152881940206,
    "val_performance_metric": "diff",
    "train_loss": 2.6002442836761475,
    "initial_do_mean": -6.638599829240278,
    "final_do_mean": -6.780232848543109,
    "best_do_mean": -6.5529744957432605,
    "initial_pp_mean": -5.786318299505446,
    "final_pp_mean": -5.83713632689582,
    "best_pp_mean": -5.453079764048258
}