{
    "best_epoch": 29,
    "best_val_performance": 0.10253619829813676,
    "val_performance_metric": "diff",
    "train_loss": 2.7552547454833984,
    "initial_do_mean": -6.5517682653484925,
    "final_do_mean": -5.077423485842618,
    "best_do_mean": -4.59160458391363,
    "initial_pp_mean": -5.759025759167141,
    "final_pp_mean": -4.314389210277134,
    "best_pp_mean": -4.03704993724823
}