{
    "best_epoch": 29,
    "best_val_performance": 1.2158468357721963,
    "val_performance_metric": "diff",
    "train_loss": 1.054235577583313,
    "initial_do_mean": -6.509667593060118,
    "final_do_mean": -6.1025885292978,
    "best_do_mean": -5.348061826012351,
    "initial_pp_mean": -5.8781864484151205,
    "final_pp_mean": -5.014299903975592,
    "best_pp_mean": -4.348591109116872
}