{
    "best_epoch": 31,
    "best_val_performance": 0.9233381764094037,
    "val_performance_metric": "diff",
    "train_loss": 2.223773717880249,
    "initial_do_mean": -7.671766279048698,
    "final_do_mean": -7.385619315643643,
    "best_do_mean": -6.781724441190098,
    "initial_pp_mean": -7.072936276127311,
    "final_pp_mean": -6.933932710044524,
    "best_pp_mean": -6.37045597504167
}