{
    "best_epoch": 46,
    "best_val_performance": 1.5414007091522217,
    "val_performance_metric": "diff",
    "train_loss": 2.1657111644744873,
    "initial_dative_mean": -7.257529126621827,
    "final_dative_mean": -6.70876105678709,
    "best_dative_mean": -6.777512678277422
}