{
    "best_epoch": 70,
    "best_val_performance": 0.30058111190795866,
    "val_performance_metric": "diff",
    "train_loss": 1.8490418195724487,
    "initial_dative_mean": -7.283876400244863,
    "final_dative_mean": -5.383377033018927,
    "best_dative_mean": -5.383377033018927
}