{
    "best_epoch": 70,
    "best_val_performance": 2.0311691649754833,
    "val_performance_metric": "diff",
    "train_loss": 2.63214373588562,
    "initial_do_mean": -6.416078685991692,
    "final_do_mean": -5.72481244838599,
    "best_do_mean": -5.72481244838599,
    "initial_pp_mean": -5.741787921057807,
    "final_pp_mean": -4.945824019114176,
    "best_pp_mean": -4.945824019114176
}