{
    "best_epoch": 70,
    "best_val_performance": -0.13338967164357474,
    "val_performance_metric": "diff",
    "train_loss": 3.4999990463256836,
    "initial_do_mean": -6.54866436178034,
    "final_do_mean": -5.086353280327537,
    "best_do_mean": -5.086353280327537,
    "initial_pp_mean": -5.90158974064721,
    "final_pp_mean": -4.530641945203145,
    "best_pp_mean": -4.530641945203145
}