{
    "best_epoch": 70,
    "best_val_performance": -0.013710149129231297,
    "val_performance_metric": "diff",
    "train_loss": 5.143157958984375,
    "initial_do_mean": -7.959755939106609,
    "final_do_mean": -5.862678655358248,
    "best_do_mean": -5.862678655358248,
    "initial_pp_mean": -7.534380614056307,
    "final_pp_mean": -5.602685957445818,
    "best_pp_mean": -5.602685957445818
}