{
    "best_epoch": 70,
    "best_val_performance": 0.04996021429697617,
    "val_performance_metric": "diff",
    "train_loss": 2.4755148887634277,
    "initial_pref_do": 0.14714285714285713,
    "final_pref_do": 0.09857142857142857,
    "best_pref_do": 0.09857142857142857
}