{
    "best_epoch": 70,
    "best_val_performance": -0.5322176154454548,
    "val_performance_metric": "diff",
    "train_loss": 4.347585678100586,
    "initial_do_mean": -7.687775259794191,
    "final_do_mean": -6.203709615524425,
    "best_do_mean": -6.203709615524425,
    "initial_pp_mean": -7.252907791558434,
    "final_pp_mean": -5.850809539766873,
    "best_pp_mean": -5.850809539766873
}