{
    "best_epoch": 53,
    "best_val_performance": 1.717727600733438,
    "val_performance_metric": "diff",
    "train_loss": 2.0173165798187256,
    "initial_do_mean": -7.686878616726676,
    "final_do_mean": -8.461210118476735,
    "best_do_mean": -8.17879301725432,
    "initial_pp_mean": -7.173080746566548,
    "final_pp_mean": -6.9169559885473815,
    "best_pp_mean": -6.6666988548110515
}