{
    "best_epoch": 17,
    "best_val_performance": -0.3561105394363402,
    "val_performance_metric": "diff",
    "train_loss": 3.5791876316070557,
    "initial_pref_do": 0.08285714285714285,
    "final_pref_do": 0.15714285714285714,
    "best_pref_do": 0.21714285714285714
}