{
    "best_epoch": 42,
    "best_val_performance": 0.19547986507415782,
    "val_performance_metric": "diff",
    "train_loss": 2.286186695098877,
    "initial_dative_mean": -7.188417490811376,
    "final_dative_mean": -5.578469188589799,
    "best_dative_mean": -5.525235668957582
}