{
    "best_epoch": 70,
    "best_val_performance": -0.3537311283747355,
    "val_performance_metric": "diff",
    "train_loss": 3.262744188308716,
    "initial_dative_mean": -7.309715218711317,
    "final_dative_mean": -6.443191260970824,
    "best_dative_mean": -6.443191260970824
}