{
    "best_epoch": 58,
    "best_val_performance": -0.47041886488596596,
    "val_performance_metric": "diff",
    "train_loss": 4.247887134552002,
    "initial_pref_do": 0.1357142857142857,
    "final_pref_do": 0.045714285714285714,
    "best_pref_do": 0.05142857142857143
}