{
    "best_epoch": 70,
    "best_val_performance": -0.16896813551584877,
    "val_performance_metric": "diff",
    "train_loss": 3.6810595989227295,
    "initial_dative_mean": -7.342283421441128,
    "final_dative_mean": -5.717255373795827,
    "best_dative_mean": -5.717255373795827
}