{
    "best_epoch": 15,
    "best_val_performance": -0.058647952079772914,
    "val_performance_metric": "diff",
    "train_loss": 3.0621907711029053,
    "initial_pref_do": 0.07714285714285714,
    "final_pref_do": 0.08857142857142856,
    "best_pref_do": 0.04285714285714286
}