{
    "best_epoch": 34,
    "best_val_performance": 0.21131945610046365,
    "val_performance_metric": "diff",
    "train_loss": 2.5954346656799316,
    "initial_pref_do": 0.15714285714285714,
    "final_pref_do": 0.005714285714285714,
    "best_pref_do": 0.04285714285714286
}