{
    "best_epoch": 70,
    "best_val_performance": 1.8999674415588377,
    "val_performance_metric": "diff",
    "train_loss": 1.8193687200546265,
    "initial_pref_do": 0.09714285714285714,
    "final_pref_do": 0.17,
    "best_pref_do": 0.17
}