{
    "best_epoch": 70,
    "best_val_performance": 3.5915933767954513,
    "val_performance_metric": "diff",
    "train_loss": 2.83857798576355,
    "initial_do_mean": -7.958207647467768,
    "final_do_mean": -11.429844794578331,
    "best_do_mean": -11.429844794578331,
    "initial_pp_mean": -7.571739162417019,
    "final_pp_mean": -9.306064962639528,
    "best_pp_mean": -9.306064962639528
}