{
    "best_epoch": 70,
    "best_val_performance": 0.35232192516326855,
    "val_performance_metric": "diff",
    "train_loss": 1.8433043956756592,
    "initial_do_mean": -6.632351464936227,
    "final_do_mean": -5.254201377521862,
    "best_do_mean": -5.254201377521862,
    "initial_pp_mean": -5.783384307225545,
    "final_pp_mean": -4.465868020057679,
    "best_pp_mean": -4.465868020057679
}