{
    "best_epoch": 48,
    "best_val_performance": 4.2919676335652674,
    "val_performance_metric": "diff",
    "train_loss": 2.5415968894958496,
    "initial_do_mean": -7.699934593466825,
    "final_do_mean": -8.087800013118011,
    "best_do_mean": -8.62174559956373,
    "initial_pp_mean": -7.16683040156084,
    "final_pp_mean": -6.9016912807436555,
    "best_pp_mean": -7.2107932981322795
}