{
    "best_epoch": 38,
    "best_val_performance": -0.11604672273000105,
    "val_performance_metric": "diff",
    "train_loss": 3.995744228363037,
    "initial_dative_mean": -7.338673894865471,
    "final_dative_mean": -5.818063533445548,
    "best_dative_mean": -6.1983811107643865
}