{
    "best_epoch": 70,
    "best_val_performance": 1.8782235209147142,
    "val_performance_metric": "diff",
    "train_loss": 2.4170687198638916,
    "initial_do_mean": -6.764563557595918,
    "final_do_mean": -9.449293752150101,
    "best_do_mean": -9.449293752150101,
    "initial_pp_mean": -6.098098288642036,
    "final_pp_mean": -8.246982627444797,
    "best_pp_mean": -8.246982627444797
}