{
    "best_epoch": 70,
    "best_val_performance": 0.0519016599655151,
    "val_performance_metric": "diff",
    "train_loss": 5.468068599700928,
    "initial_do_mean": -6.5476681391398115,
    "final_do_mean": -5.529237715403239,
    "best_do_mean": -5.529237715403239,
    "initial_pp_mean": -5.900617165035672,
    "final_pp_mean": -4.822575113508436,
    "best_pp_mean": -4.822575113508436
}