{
    "best_epoch": 29,
    "best_val_performance": 1.907018076578777,
    "val_performance_metric": "diff",
    "train_loss": 2.32845401763916,
    "initial_do_mean": -7.690082583316537,
    "final_do_mean": -6.334020152341488,
    "best_do_mean": -5.920114306862964,
    "initial_pp_mean": -7.254460833353154,
    "final_pp_mean": -5.228710287458757,
    "best_pp_mean": -4.858140905815012
}