{
    "best_epoch": 70,
    "best_val_performance": -0.666225493748982,
    "val_performance_metric": "diff",
    "train_loss": 7.1916327476501465,
    "initial_dative_mean": -7.612278371875049,
    "final_dative_mean": -7.408779042854643,
    "best_dative_mean": -7.408779042854643
}