{
    "best_epoch": 70,
    "best_val_performance": 0.1755163208643591,
    "val_performance_metric": "diff",
    "train_loss": 2.145831823348999,
    "initial_dative_mean": -7.465498736030177,
    "final_dative_mean": -5.844515605628142,
    "best_dative_mean": -5.844515605628142
}