{
    "best_epoch": 70,
    "best_val_performance": -0.12300717512766557,
    "val_performance_metric": "diff",
    "train_loss": 3.884993553161621,
    "initial_do_mean": -6.529420312245687,
    "final_do_mean": -5.465505787820527,
    "best_do_mean": -5.465505787820527,
    "initial_pp_mean": -5.8947906679577295,
    "final_pp_mean": -4.821849963400099,
    "best_pp_mean": -4.821849963400099
}