{
    "best_epoch": 52,
    "best_val_performance": 0.33848477681477895,
    "val_performance_metric": "diff",
    "train_loss": 2.4215540885925293,
    "initial_do_mean": -6.421487946943803,
    "final_do_mean": -5.084717843026826,
    "best_do_mean": -4.959683528090968,
    "initial_pp_mean": -5.744345683521694,
    "final_pp_mean": -4.476855603853862,
    "best_pp_mean": -4.243330468071831
}