{
    "best_epoch": 34,
    "best_val_performance": -0.16452478885650645,
    "val_performance_metric": "diff",
    "train_loss": 5.045932769775391,
    "initial_do_mean": -6.6585799318371395,
    "final_do_mean": -4.871597411415793,
    "best_do_mean": -5.614019535527085,
    "initial_pp_mean": -5.9166184425354,
    "final_pp_mean": -4.190831769837273,
    "best_pp_mean": -4.75607840485043
}