{
    "best_epoch": 70,
    "best_val_performance": 3.470965979894002,
    "val_performance_metric": "diff",
    "train_loss": 0.9274382591247559,
    "initial_dative_mean": -7.192867914835612,
    "final_dative_mean": -8.284581116939846,
    "best_dative_mean": -8.284581116939846
}