{
    "best_epoch": 70,
    "best_val_performance": -0.0492552614212034,
    "val_performance_metric": "diff",
    "train_loss": 2.3999221324920654,
    "initial_dative_mean": -7.308952954428935,
    "final_dative_mean": -5.4412553453306005,
    "best_dative_mean": -5.4412553453306005
}