{
    "best_epoch": 70,
    "best_val_performance": -0.3694588263829548,
    "val_performance_metric": "diff",
    "train_loss": 4.069340705871582,
    "initial_dative_mean": -7.285041097311946,
    "final_dative_mean": -5.8108822318197,
    "best_dative_mean": -5.8108822318197
}