{
    "best_epoch": 11,
    "best_val_performance": 0.7383671649297083,
    "val_performance_metric": "diff",
    "train_loss": 1.852505087852478,
    "initial_do_mean": -7.689090207565663,
    "final_do_mean": -6.477261583125869,
    "best_do_mean": -5.445457688944284,
    "initial_pp_mean": -7.254222868470585,
    "final_pp_mean": -5.953335797436097,
    "best_pp_mean": -5.058897173054078
}