{
    "best_epoch": 61,
    "best_val_performance": 0.3120919227600094,
    "val_performance_metric": "diff",
    "train_loss": 2.15726375579834,
    "initial_dative_mean": -7.255797489344725,
    "final_dative_mean": -7.582752002610101,
    "best_dative_mean": -7.582310360077529
}