{
    "best_epoch": 70,
    "best_val_performance": -0.36057814439137825,
    "val_performance_metric": "diff",
    "train_loss": 3.6058032512664795,
    "initial_do_mean": -6.51029235088464,
    "final_do_mean": -5.408369685664321,
    "best_do_mean": -5.408369685664321,
    "initial_pp_mean": -5.87886156241099,
    "final_pp_mean": -4.914610340860155,
    "best_pp_mean": -4.914610340860155
}