{
    "best_epoch": 70,
    "best_val_performance": -0.14295542558034224,
    "val_performance_metric": "diff",
    "train_loss": 2.73241925239563,
    "initial_dative_mean": -7.257207779507888,
    "final_dative_mean": -5.687466734159759,
    "best_dative_mean": -5.687466734159759
}