{
    "best_epoch": 49,
    "best_val_performance": 1.6118636798858645,
    "val_performance_metric": "diff",
    "train_loss": 2.1710822582244873,
    "initial_pref_do": 0.18,
    "final_pref_do": 0.1742857142857143,
    "best_pref_do": 0.13714285714285715
}