{
    "best_epoch": 45,
    "best_val_performance": 0.25939945062001524,
    "val_performance_metric": "diff",
    "train_loss": 2.8440380096435547,
    "initial_do_mean": -6.657605461640792,
    "final_do_mean": -4.9338510166515,
    "best_do_mean": -4.713614579403039,
    "initial_pp_mean": -5.915825563006931,
    "final_pp_mean": -4.620965096685621,
    "best_pp_mean": -4.375283363130357
}