{
    "best_epoch": 70,
    "best_val_performance": -0.010875155131022218,
    "val_performance_metric": "diff",
    "train_loss": 3.6046361923217773,
    "initial_do_mean": -7.695835991654286,
    "final_do_mean": -6.1299292472905895,
    "best_do_mean": -6.1299292472905895,
    "initial_pp_mean": -7.297383397466996,
    "final_pp_mean": -5.577212563332389,
    "best_pp_mean": -5.577212563332389
}