{
    "best_epoch": 70,
    "best_val_performance": -0.2296615330378211,
    "val_performance_metric": "diff",
    "train_loss": 3.712395191192627,
    "initial_dative_mean": -7.195778626098967,
    "final_dative_mean": -5.548989691058098,
    "best_dative_mean": -5.548989691058098
}