{
    "best_epoch": 54,
    "best_val_performance": 1.583504753112793,
    "val_performance_metric": "diff",
    "train_loss": 2.1648600101470947,
    "initial_do_mean": -7.672460182461628,
    "final_do_mean": -5.756151284589324,
    "best_do_mean": -5.701458393141281,
    "initial_pp_mean": -7.072710711114547,
    "final_pp_mean": -5.298476475126603,
    "best_pp_mean": -5.283439524734722
}