{
    "best_epoch": 55,
    "best_val_performance": 1.4909100421269734,
    "val_performance_metric": "diff",
    "train_loss": 2.481910467147827,
    "initial_pref_do": 0.12714285714285714,
    "final_pref_do": 0.11857142857142858,
    "best_pref_do": 0.11571428571428571
}