{
    "best_epoch": 40,
    "best_val_performance": 0.16732962767283155,
    "val_performance_metric": "diff",
    "train_loss": 2.3410720825195312,
    "initial_dative_mean": -7.264428480675346,
    "final_dative_mean": -5.601272931050139,
    "best_dative_mean": -5.3490780297427145
}