{
    "best_epoch": 70,
    "best_val_performance": -0.4864289251963294,
    "val_performance_metric": "diff",
    "train_loss": 5.761396884918213,
    "initial_dative_mean": -7.577200780137938,
    "final_dative_mean": -7.234923979343726,
    "best_dative_mean": -7.234923979343726
}