{
    "best_epoch": 69,
    "best_val_performance": -0.009653623898824293,
    "val_performance_metric": "diff",
    "train_loss": 1.8541064262390137,
    "initial_pref_do": 0.14857142857142858,
    "final_pref_do": 0.09571428571428571,
    "best_pref_do": 0.09714285714285714
}