{
    "best_epoch": 70,
    "best_val_performance": -0.1224338928858435,
    "val_performance_metric": "diff",
    "train_loss": 2.4458906650543213,
    "initial_do_mean": -7.68889335352321,
    "final_do_mean": -6.317636525908182,
    "best_do_mean": -6.317636525908182,
    "initial_pp_mean": -7.174199215804829,
    "final_pp_mean": -5.853775121885188,
    "best_pp_mean": -5.853775121885188
}