{
    "best_epoch": 70,
    "best_val_performance": -0.7197802162170408,
    "val_performance_metric": "diff",
    "train_loss": 7.38235330581665,
    "initial_pref_do": 0.17714285714285713,
    "final_pref_do": 0.17142857142857143,
    "best_pref_do": 0.17142857142857143
}