{
    "best_epoch": 37,
    "best_val_performance": 0.28067699750264463,
    "val_performance_metric": "diff",
    "train_loss": 2.6076672077178955,
    "initial_do_mean": -6.553538413481279,
    "final_do_mean": -4.639776156165383,
    "best_do_mean": -4.507426270571622,
    "initial_pp_mean": -5.759680284394158,
    "final_pp_mean": -4.0415560324986775,
    "best_pp_mean": -3.9874942435158625
}