{
    "best_epoch": 68,
    "best_val_performance": 3.9553336620330803,
    "val_performance_metric": "diff",
    "train_loss": 1.28363037109375,
    "initial_do_mean": -6.501827161962336,
    "final_do_mean": -5.764511157527115,
    "best_do_mean": -5.820117353670525,
    "initial_pp_mean": -5.871331848038567,
    "final_pp_mean": -5.469943148559994,
    "best_pp_mean": -5.544175895055135
}