{
    "best_epoch": 70,
    "best_val_performance": -0.6348216215769451,
    "val_performance_metric": "diff",
    "train_loss": 6.806394100189209,
    "initial_dative_mean": -7.316986628094612,
    "final_dative_mean": -7.144890180805273,
    "best_dative_mean": -7.144890180805273
}