{
    "best_epoch": 29,
    "best_val_performance": 0.07050669987996461,
    "val_performance_metric": "diff",
    "train_loss": 1.7455427646636963,
    "initial_dative_mean": -7.198561784119634,
    "final_dative_mean": -5.377408209599946,
    "best_dative_mean": -5.121438649488471
}