{
    "best_epoch": 60,
    "best_val_performance": -0.061379222869873296,
    "val_performance_metric": "diff",
    "train_loss": 1.9475483894348145,
    "initial_pref_do": 0.08285714285714285,
    "final_pref_do": 0.055714285714285716,
    "best_pref_do": 0.04857142857142857
}