{
    "best_epoch": 70,
    "best_val_performance": 3.9284655714035033,
    "val_performance_metric": "diff",
    "train_loss": 2.1078102588653564,
    "initial_pref_do": 0.14857142857142858,
    "final_pref_do": 0.024285714285714285,
    "best_pref_do": 0.024285714285714285
}