{
    "best_epoch": 13,
    "best_val_performance": -0.01865015665690084,
    "val_performance_metric": "diff",
    "train_loss": 3.2820262908935547,
    "initial_dative_mean": -7.194857810672961,
    "final_dative_mean": -5.01880109231723,
    "best_dative_mean": -4.674457348403875
}