{
    "best_epoch": 46,
    "best_val_performance": 2.8442730108896885,
    "val_performance_metric": "diff",
    "train_loss": 1.3206809759140015,
    "initial_do_mean": -7.692701770122661,
    "final_do_mean": -11.23350589705068,
    "best_do_mean": -8.921585788560469,
    "initial_pp_mean": -7.257023425663219,
    "final_pp_mean": -9.177147838999243,
    "best_pp_mean": -7.286707649862065
}