{
    "best_epoch": 70,
    "best_val_performance": -0.10046450455983535,
    "val_performance_metric": "diff",
    "train_loss": 3.315666913986206,
    "initial_dative_mean": -7.34394066201316,
    "final_dative_mean": -5.682661941525532,
    "best_dative_mean": -5.682661941525532
}