{
    "best_epoch": 64,
    "best_val_performance": 3.838845084508261,
    "val_performance_metric": "diff",
    "train_loss": 1.9179619550704956,
    "initial_dative_mean": -7.316693969985895,
    "final_dative_mean": -5.369194286957121,
    "best_dative_mean": -5.268453853520733
}