{
    "best_epoch": 28,
    "best_val_performance": 0.7169253889719638,
    "val_performance_metric": "diff",
    "train_loss": 2.1433231830596924,
    "initial_do_mean": -7.690194604008696,
    "final_do_mean": -6.241437640647556,
    "best_do_mean": -6.0047936238521755,
    "initial_pp_mean": -7.2549946188926695,
    "final_pp_mean": -5.326981539586011,
    "best_pp_mean": -5.207644441197901
}