{
    "best_epoch": 24,
    "best_val_performance": -0.39093911170959483,
    "val_performance_metric": "diff",
    "train_loss": 5.207687854766846,
    "initial_do_mean": -6.638472240621393,
    "final_do_mean": -5.514918541185784,
    "best_do_mean": -5.876772065596147,
    "initial_pp_mean": -5.787803702884251,
    "final_pp_mean": -4.793753653102451,
    "best_pp_mean": -5.050338628556993
}