{
    "best_epoch": 20,
    "best_val_performance": -0.14408866087595662,
    "val_performance_metric": "diff",
    "train_loss": 3.307765483856201,
    "initial_do_mean": -6.545066232392283,
    "final_do_mean": -5.5839215928857975,
    "best_do_mean": -5.010977356361621,
    "initial_pp_mean": -5.900239621268378,
    "final_pp_mean": -5.046869370672438,
    "best_pp_mean": -4.570013562838237
}