{
    "best_epoch": 70,
    "best_val_performance": -0.6505684741338094,
    "val_performance_metric": "diff",
    "train_loss": 6.556631088256836,
    "initial_dative_mean": -7.310237587892521,
    "final_dative_mean": -7.000272381723973,
    "best_dative_mean": -7.000272381723973
}