{
    "best_epoch": 12,
    "best_val_performance": 1.50206559975942,
    "val_performance_metric": "diff",
    "train_loss": 1.9176387786865234,
    "initial_pref_do": 0.14714285714285713,
    "final_pref_do": 0.02857142857142857,
    "best_pref_do": 0.06142857142857143
}