{
    "best_epoch": 17,
    "best_val_performance": -0.5025809987386065,
    "val_performance_metric": "diff",
    "train_loss": 3.183969736099243,
    "initial_dative_mean": -7.610283030403985,
    "final_dative_mean": -5.852485744576705,
    "best_dative_mean": -5.887578331413325
}