{
    "best_epoch": 70,
    "best_val_performance": -0.27472272555033417,
    "val_performance_metric": "diff",
    "train_loss": 3.9826560020446777,
    "initial_do_mean": -6.64013687914068,
    "final_do_mean": -5.517212568629872,
    "best_do_mean": -5.517212568629872,
    "initial_pp_mean": -5.7903280867470635,
    "final_pp_mean": -4.726698896620008,
    "best_pp_mean": -4.726698896620008
}