{
    "best_epoch": 41,
    "best_val_performance": 4.099164420763652,
    "val_performance_metric": "diff",
    "train_loss": 2.1607439517974854,
    "initial_dative_mean": -7.310733546987612,
    "final_dative_mean": -6.086750720328058,
    "best_dative_mean": -6.218498625776224
}