{
    "best_epoch": 70,
    "best_val_performance": -0.4152120733261109,
    "val_performance_metric": "diff",
    "train_loss": 3.6383092403411865,
    "initial_pref_do": 0.17857142857142858,
    "final_pref_do": 0.12857142857142856,
    "best_pref_do": 0.12857142857142856
}