{
    "best_epoch": 46,
    "best_val_performance": 0.3147055943806967,
    "val_performance_metric": "diff",
    "train_loss": 2.34442400932312,
    "initial_dative_mean": -7.259432185114476,
    "final_dative_mean": -5.663373685371109,
    "best_dative_mean": -5.475610823833454
}