{
    "best_epoch": 61,
    "best_val_performance": 3.0562385495503746,
    "val_performance_metric": "diff",
    "train_loss": 1.3194332122802734,
    "initial_dative_mean": -7.314546557894924,
    "final_dative_mean": -7.492914454107396,
    "best_dative_mean": -7.170400367668497
}