{
    "best_epoch": 70,
    "best_val_performance": -0.022156993548075654,
    "val_performance_metric": "diff",
    "train_loss": 2.5395381450653076,
    "initial_do_mean": -7.693679413823194,
    "final_do_mean": -5.745611393867537,
    "best_do_mean": -5.745611393867537,
    "initial_pp_mean": -7.294814533345839,
    "final_pp_mean": -5.169303591111127,
    "best_pp_mean": -5.169303591111127
}