{
    "best_epoch": 70,
    "best_val_performance": -0.10061354160308777,
    "val_performance_metric": "diff",
    "train_loss": 2.088503837585449,
    "initial_do_mean": -7.635331557240597,
    "final_do_mean": -6.129642068646675,
    "best_do_mean": -6.129642068646675,
    "initial_pp_mean": -6.991378209170173,
    "final_pp_mean": -5.553289313176099,
    "best_pp_mean": -5.553289313176099
}