{
    "best_epoch": 66,
    "best_val_performance": 2.0105012543996166,
    "val_performance_metric": "diff",
    "train_loss": 1.9476286172866821,
    "initial_dative_mean": -7.32167693327742,
    "final_dative_mean": -5.828636508413226,
    "best_dative_mean": -5.845354176927031
}