{
    "best_epoch": 55,
    "best_val_performance": -0.2891185569763186,
    "val_performance_metric": "diff",
    "train_loss": 5.129532814025879,
    "initial_pref_do": 0.12714285714285714,
    "final_pref_do": 0.19428571428571428,
    "best_pref_do": 0.19
}