{
    "best_epoch": 67,
    "best_val_performance": 4.903348836898805,
    "val_performance_metric": "diff",
    "train_loss": 1.9612843990325928,
    "initial_do_mean": -7.696268374836722,
    "final_do_mean": -7.08343091815017,
    "best_do_mean": -6.970715903958609,
    "initial_pp_mean": -7.296494554772097,
    "final_pp_mean": -6.1614098552395316,
    "best_pp_mean": -6.063864311751197
}