{
    "best_epoch": 23,
    "best_val_performance": 1.3345744434992461,
    "val_performance_metric": "diff",
    "train_loss": 3.7504303455352783,
    "initial_pref_do": 0.14714285714285713,
    "final_pref_do": 0.38571428571428573,
    "best_pref_do": 0.32285714285714284
}