{
    "best_epoch": 70,
    "best_val_performance": -0.05360774517059319,
    "val_performance_metric": "diff",
    "train_loss": 1.8273833990097046,
    "initial_pref_do": 0.09857142857142857,
    "final_pref_do": 0.12857142857142856,
    "best_pref_do": 0.12857142857142856
}