{
    "best_epoch": 64,
    "best_val_performance": 3.444948412577312,
    "val_performance_metric": "diff",
    "train_loss": 2.6099231243133545,
    "initial_dative_mean": -7.578958435713896,
    "final_dative_mean": -6.854053739392967,
    "best_dative_mean": -6.751672150273072
}