{
    "best_epoch": 70,
    "best_val_performance": 0.8622042926152549,
    "val_performance_metric": "diff",
    "train_loss": 1.4777064323425293,
    "initial_do_mean": -6.657159682476159,
    "final_do_mean": -7.019352012692075,
    "best_do_mean": -7.019352012692075,
    "initial_pp_mean": -5.915821856922573,
    "final_pp_mean": -4.8498161103990345,
    "best_pp_mean": -4.8498161103990345
}