{
    "best_epoch": 70,
    "best_val_performance": -0.7556228113174432,
    "val_performance_metric": "diff",
    "train_loss": 6.037423610687256,
    "initial_pref_do": 0.18,
    "final_pref_do": 0.20285714285714285,
    "best_pref_do": 0.20285714285714285
}