{
    "best_epoch": 20,
    "best_val_performance": -0.14560300827026307,
    "val_performance_metric": "diff",
    "train_loss": 3.184154987335205,
    "initial_pref_do": 0.08428571428571428,
    "final_pref_do": 0.21,
    "best_pref_do": 0.22
}