{
    "best_epoch": 65,
    "best_val_performance": 0.16438306490580246,
    "val_performance_metric": "diff",
    "train_loss": 2.3751115798950195,
    "initial_pref_do": 0.14714285714285713,
    "final_pref_do": 0.27714285714285714,
    "best_pref_do": 0.2642857142857143
}