{
    "best_epoch": 51,
    "best_val_performance": -0.127966988881429,
    "val_performance_metric": "diff",
    "train_loss": 2.2145438194274902,
    "initial_pref_do": 0.1357142857142857,
    "final_pref_do": 0.12714285714285714,
    "best_pref_do": 0.18571428571428572
}