{
    "best_epoch": 68,
    "best_val_performance": 0.49117205937703456,
    "val_performance_metric": "diff",
    "train_loss": 2.241425037384033,
    "initial_do_mean": -6.548635721206665,
    "final_do_mean": -5.231652131225124,
    "best_do_mean": -5.232293391950202,
    "initial_pp_mean": -5.902192229694791,
    "final_pp_mean": -4.691062511338128,
    "best_pp_mean": -4.690400446785821
}