{
    "best_epoch": 44,
    "best_val_performance": -0.1264932711919151,
    "val_performance_metric": "diff",
    "train_loss": 4.176600933074951,
    "initial_do_mean": -6.4181505578936955,
    "final_do_mean": -5.160460856466583,
    "best_do_mean": -5.359670026374586,
    "initial_pp_mean": -5.7427363342709015,
    "final_pp_mean": -4.3675343566470675,
    "best_pp_mean": -4.566009717517429
}