{
    "best_epoch": 58,
    "best_val_performance": -0.02901313781738235,
    "val_performance_metric": "diff",
    "train_loss": 2.0717508792877197,
    "initial_do_mean": -7.698855251766915,
    "final_do_mean": -5.666870867443639,
    "best_do_mean": -5.616495153238607,
    "initial_pp_mean": -7.165892975470599,
    "final_pp_mean": -5.097247908045264,
    "best_pp_mean": -5.092989328328301
}