{
    "best_epoch": 70,
    "best_val_performance": -0.14857270876566542,
    "val_performance_metric": "diff",
    "train_loss": 2.6668896675109863,
    "initial_do_mean": -6.507759068228982,
    "final_do_mean": -4.857272731896603,
    "best_do_mean": -4.857272731896603,
    "initial_pp_mean": -5.877327428923713,
    "final_pp_mean": -4.1408083332909476,
    "best_pp_mean": -4.1408083332909476
}