{
    "best_epoch": 24,
    "best_val_performance": 1.77777540842692,
    "val_performance_metric": "diff",
    "train_loss": 3.2217109203338623,
    "initial_do_mean": -6.65568520228068,
    "final_do_mean": -6.259044210838549,
    "best_do_mean": -5.792539530089408,
    "initial_pp_mean": -5.915950936741299,
    "final_pp_mean": -5.877150511741638,
    "best_pp_mean": -5.720818209648132
}