{
    "best_epoch": 28,
    "best_val_performance": 0.027684985796610384,
    "val_performance_metric": "diff",
    "train_loss": 3.2206664085388184,
    "initial_do_mean": -6.672157648837928,
    "final_do_mean": -5.0848209511150015,
    "best_do_mean": -4.239920061284845,
    "initial_pp_mean": -5.825619191593594,
    "final_pp_mean": -4.3205723550584585,
    "best_pp_mean": -3.7415579371982153
}