{
    "best_epoch": 18,
    "best_val_performance": 0.09421108881632456,
    "val_performance_metric": "diff",
    "train_loss": 3.329148530960083,
    "initial_pref_do": 0.1357142857142857,
    "final_pref_do": 0.03571428571428571,
    "best_pref_do": 0.06428571428571428
}