{
    "best_epoch": 42,
    "best_val_performance": 0.2385869518915813,
    "val_performance_metric": "diff",
    "train_loss": 1.8473950624465942,
    "initial_pref_do": 0.14714285714285713,
    "final_pref_do": 0.2257142857142857,
    "best_pref_do": 0.19428571428571428
}