{
    "best_epoch": 7,
    "best_val_performance": 0.31728682200113933,
    "val_performance_metric": "diff",
    "train_loss": 3.1580004692077637,
    "initial_do_mean": -7.836787144112033,
    "final_do_mean": -6.349981720710909,
    "best_do_mean": -5.058470545466556,
    "initial_pp_mean": -7.372644522610833,
    "final_pp_mean": -5.577250580927905,
    "best_pp_mean": -4.791280231055091
}