{
    "best_epoch": 70,
    "best_val_performance": 0.29068577448527044,
    "val_performance_metric": "diff",
    "train_loss": 2.223539113998413,
    "initial_pref_do": 0.07714285714285714,
    "final_pref_do": 0.1357142857142857,
    "best_pref_do": 0.1357142857142857
}