{
    "best_epoch": 70,
    "best_val_performance": 0.6651473792394,
    "val_performance_metric": "diff",
    "train_loss": 1.9581308364868164,
    "initial_do_mean": -7.675756600707076,
    "final_do_mean": -6.37536958345147,
    "best_do_mean": -6.37536958345147,
    "initial_pp_mean": -7.076603193844066,
    "final_pp_mean": -5.932014429569245,
    "best_pp_mean": -5.932014429569245
}