{
    "best_epoch": 20,
    "best_val_performance": 0.12974192460377942,
    "val_performance_metric": "diff",
    "train_loss": 2.5480473041534424,
    "initial_pref_do": 0.17714285714285713,
    "final_pref_do": 0.16285714285714287,
    "best_pref_do": 0.20714285714285716
}