{
    "best_epoch": 70,
    "best_val_performance": 1.1636623557408656,
    "val_performance_metric": "diff",
    "train_loss": 2.049367904663086,
    "initial_dative_mean": -7.609037076520641,
    "final_dative_mean": -6.821778733305067,
    "best_dative_mean": -6.821778733305067
}