{
    "best_epoch": 47,
    "best_val_performance": 0.4568308655420932,
    "val_performance_metric": "diff",
    "train_loss": 1.9114980697631836,
    "initial_pref_do": 0.14714285714285713,
    "final_pref_do": 0.11428571428571428,
    "best_pref_do": 0.12714285714285714
}