{
    "best_epoch": 70,
    "best_val_performance": -0.6503131818771362,
    "val_performance_metric": "diff",
    "train_loss": 6.136128902435303,
    "initial_dative_mean": -7.315801179897019,
    "final_dative_mean": -7.133807996908824,
    "best_dative_mean": -7.133807996908824
}