{
    "best_epoch": 70,
    "best_val_performance": -0.5671294673283889,
    "val_performance_metric": "diff",
    "train_loss": 5.762465953826904,
    "initial_dative_mean": -7.189688248243946,
    "final_dative_mean": -6.844944814840953,
    "best_dative_mean": -6.844944814840953
}