{
    "best_epoch": 21,
    "best_val_performance": 0.8907267427444454,
    "val_performance_metric": "diff",
    "train_loss": 2.3804824352264404,
    "initial_pref_do": 0.12714285714285714,
    "final_pref_do": 0.1657142857142857,
    "best_pref_do": 0.08142857142857143
}