{
    "best_epoch": 70,
    "best_val_performance": -0.04526016394297283,
    "val_performance_metric": "diff",
    "train_loss": 3.113931179046631,
    "initial_do_mean": -7.8420446147752365,
    "final_do_mean": -5.875946181804635,
    "best_do_mean": -5.875946181804635,
    "initial_pp_mean": -7.376417894924388,
    "final_pp_mean": -5.252356745916255,
    "best_pp_mean": -5.252356745916255
}