{
    "best_epoch": 70,
    "best_val_performance": -0.16412484327952015,
    "val_performance_metric": "diff",
    "train_loss": 3.86645770072937,
    "initial_do_mean": -7.636143279630084,
    "final_do_mean": -5.578500779908757,
    "best_do_mean": -5.578500779908757,
    "initial_pp_mean": -6.99309906538795,
    "final_pp_mean": -5.210799851487665,
    "best_pp_mean": -5.210799851487665
}