{
    "best_epoch": 30,
    "best_val_performance": 1.2369666115442914,
    "val_performance_metric": "diff",
    "train_loss": 1.543919563293457,
    "initial_do_mean": -6.535879026759755,
    "final_do_mean": -7.061331222996567,
    "best_do_mean": -6.457816061829075,
    "initial_pp_mean": -5.902197768953111,
    "final_pp_mean": -5.942105258835687,
    "best_pp_mean": -5.070745309193929
}