{
    "best_epoch": 70,
    "best_val_performance": -0.028909266789754362,
    "val_performance_metric": "diff",
    "train_loss": 1.893515706062317,
    "initial_pref_do": 0.18142857142857144,
    "final_pref_do": 0.3628571428571429,
    "best_pref_do": 0.3628571428571429
}