{
    "best_epoch": 70,
    "best_val_performance": -0.041338624954224024,
    "val_performance_metric": "diff",
    "train_loss": 4.43719482421875,
    "initial_do_mean": -6.769430190866644,
    "final_do_mean": -5.50152582544269,
    "best_do_mean": -5.50152582544269,
    "initial_pp_mean": -6.101184315151638,
    "final_pp_mean": -5.080114112959968,
    "best_pp_mean": -5.080114112959968
}