{
    "best_epoch": 70,
    "best_val_performance": -0.6886270634333291,
    "val_performance_metric": "diff",
    "train_loss": 7.309948444366455,
    "initial_pref_do": 0.12714285714285714,
    "final_pref_do": 0.1442857142857143,
    "best_pref_do": 0.1442857142857143
}