{
    "best_epoch": 70,
    "best_val_performance": -0.24275218327840165,
    "val_performance_metric": "diff",
    "train_loss": 3.5488781929016113,
    "initial_dative_mean": -7.254063238874513,
    "final_dative_mean": -5.9933652426415716,
    "best_dative_mean": -5.9933652426415716
}