{
    "best_epoch": 70,
    "best_val_performance": 0.26657733122507743,
    "val_performance_metric": "diff",
    "train_loss": 1.6024631261825562,
    "initial_do_mean": -7.700917679903119,
    "final_do_mean": -5.408534181325934,
    "best_do_mean": -5.408534181325934,
    "initial_pp_mean": -7.167488182993496,
    "final_pp_mean": -4.852428393153583,
    "best_pp_mean": -4.852428393153583
}