{
    "best_epoch": 26,
    "best_val_performance": 1.1195557498931885,
    "val_performance_metric": "diff",
    "train_loss": 1.9584524631500244,
    "initial_pref_do": 0.1757142857142857,
    "final_pref_do": 0.11,
    "best_pref_do": 0.10857142857142857
}