{
    "best_epoch": 18,
    "best_val_performance": 1.9822856426239008,
    "val_performance_metric": "diff",
    "train_loss": 1.9991792440414429,
    "initial_do_mean": -7.671921013399612,
    "final_do_mean": -8.18082350111285,
    "best_do_mean": -6.273760368657666,
    "initial_pp_mean": -7.07225866948857,
    "final_pp_mean": -7.244105394798167,
    "best_pp_mean": -5.366626260561102
}