{
    "best_epoch": 19,
    "best_val_performance": 0.36680079301198276,
    "val_performance_metric": "diff",
    "train_loss": 2.3586246967315674,
    "initial_do_mean": -6.7434833468812885,
    "final_do_mean": -5.024420410214049,
    "best_do_mean": -4.547797333110463,
    "initial_pp_mean": -6.124695065286424,
    "final_pp_mean": -4.387024006578657,
    "best_pp_mean": -4.214842308892144
}