{
    "best_epoch": 26,
    "best_val_performance": -0.013132613499958978,
    "val_performance_metric": "diff",
    "train_loss": 3.5029613971710205,
    "initial_do_mean": -6.545409972739942,
    "final_do_mean": -4.631982709422256,
    "best_do_mean": -4.441935312386715,
    "initial_pp_mean": -5.899845886230469,
    "final_pp_mean": -4.126888468530443,
    "best_pp_mean": -3.8857757568359377
}