{
    "best_epoch": 69,
    "best_val_performance": 0.21972620169321733,
    "val_performance_metric": "diff",
    "train_loss": 1.6066499948501587,
    "initial_pref_do": 0.17714285714285713,
    "final_pref_do": 0.20285714285714285,
    "best_pref_do": 0.20285714285714285
}