{
    "best_epoch": 70,
    "best_val_performance": -0.07367479324340831,
    "val_performance_metric": "diff",
    "train_loss": 2.5731446743011475,
    "initial_do_mean": -7.6377296239830725,
    "final_do_mean": -6.09802051997462,
    "best_do_mean": -6.09802051997462,
    "initial_pp_mean": -6.9948260426521305,
    "final_pp_mean": -5.401904262865291,
    "best_pp_mean": -5.401904262865291
}