{
    "best_epoch": 67,
    "best_val_performance": 2.2047575918833413,
    "val_performance_metric": "diff",
    "train_loss": 0.8991488814353943,
    "initial_do_mean": -6.4154390046090795,
    "final_do_mean": -5.4105613419503875,
    "best_do_mean": -5.456640087474476,
    "initial_pp_mean": -5.740175069702996,
    "final_pp_mean": -4.732928204536438,
    "best_pp_mean": -4.757374122407701
}