{
    "best_epoch": 70,
    "best_val_performance": 0.024438392321267877,
    "val_performance_metric": "diff",
    "train_loss": 1.62119460105896,
    "initial_pref_do": 0.12714285714285714,
    "final_pref_do": 0.18,
    "best_pref_do": 0.18
}