{
    "best_epoch": 28,
    "best_val_performance": 3.7280386368433636,
    "val_performance_metric": "diff",
    "train_loss": 2.0122077465057373,
    "initial_do_mean": -6.552017578934178,
    "final_do_mean": -6.29391023606965,
    "best_do_mean": -5.352878988150394,
    "initial_pp_mean": -5.904730640517341,
    "final_pp_mean": -5.5222753842671715,
    "best_pp_mean": -4.519898830519782
}