{
    "best_epoch": 70,
    "best_val_performance": -0.5838531557718909,
    "val_performance_metric": "diff",
    "train_loss": 6.34358549118042,
    "initial_pref_do": 0.14857142857142858,
    "final_pref_do": 0.1757142857142857,
    "best_pref_do": 0.1757142857142857
}