{
    "best_epoch": 70,
    "best_val_performance": -0.42087162176768,
    "val_performance_metric": "diff",
    "train_loss": 4.418086051940918,
    "initial_do_mean": -6.673568592649517,
    "final_do_mean": -6.000352504036643,
    "best_do_mean": -6.000352504036643,
    "initial_pp_mean": -5.826605582237244,
    "final_pp_mean": -5.344665002822876,
    "best_pp_mean": -5.344665002822876
}