{
    "best_epoch": 70,
    "best_val_performance": -0.21934062321980807,
    "val_performance_metric": "diff",
    "train_loss": 3.3170206546783447,
    "initial_dative_mean": -7.580994538047857,
    "final_dative_mean": -5.88255243988065,
    "best_dative_mean": -5.88255243988065
}