{
    "best_epoch": 66,
    "best_val_performance": 0.16215900739033984,
    "val_performance_metric": "diff",
    "train_loss": 2.2378854751586914,
    "initial_do_mean": -7.638129878875821,
    "final_do_mean": -5.810965426092924,
    "best_do_mean": -5.804099810677905,
    "initial_pp_mean": -6.994634387773626,
    "final_pp_mean": -4.9289490878582,
    "best_pp_mean": -4.921931860026191
}