{
    "best_epoch": 70,
    "best_val_performance": -0.22342210928599027,
    "val_performance_metric": "diff",
    "train_loss": 3.569199562072754,
    "initial_pref_do": 0.13714285714285715,
    "final_pref_do": 0.19714285714285715,
    "best_pref_do": 0.19714285714285715
}