{
    "best_epoch": 70,
    "best_val_performance": -0.4694731998443604,
    "val_performance_metric": "diff",
    "train_loss": 7.209475040435791,
    "initial_pref_do": 0.09714285714285714,
    "final_pref_do": 0.12142857142857143,
    "best_pref_do": 0.12142857142857143
}