{
    "best_epoch": 70,
    "best_val_performance": 1.2394820165634153,
    "val_performance_metric": "diff",
    "train_loss": 2.25278377532959,
    "initial_pref_do": 0.18142857142857144,
    "final_pref_do": 0.032857142857142856,
    "best_pref_do": 0.032857142857142856
}