{
    "best_epoch": 28,
    "best_val_performance": 0.2116598685582476,
    "val_performance_metric": "diff",
    "train_loss": 1.3797340393066406,
    "initial_do_mean": -6.672213466239698,
    "final_do_mean": -5.064866781234741,
    "best_do_mean": -4.583323951201005,
    "initial_pp_mean": -5.825844155417548,
    "final_pp_mean": -4.3264959030681185,
    "best_pp_mean": -4.011962910493215
}