{
    "best_epoch": 70,
    "best_val_performance": 0.1710274537404377,
    "val_performance_metric": "diff",
    "train_loss": 4.212850570678711,
    "initial_do_mean": -6.764705737431844,
    "final_do_mean": -5.0065316344752455,
    "best_do_mean": -5.0065316344752455,
    "initial_pp_mean": -6.096981083022223,
    "final_pp_mean": -4.385495275921292,
    "best_pp_mean": -4.385495275921292
}