{
    "best_epoch": 70,
    "best_val_performance": -0.47518565654754585,
    "val_performance_metric": "diff",
    "train_loss": 5.950592041015625,
    "initial_dative_mean": -7.194864746771361,
    "final_dative_mean": -6.7079877302660575,
    "best_dative_mean": -6.7079877302660575
}