{
    "best_epoch": 70,
    "best_val_performance": -0.5454901615778605,
    "val_performance_metric": "diff",
    "train_loss": 7.341813564300537,
    "initial_pref_do": 0.17857142857142858,
    "final_pref_do": 0.18142857142857144,
    "best_pref_do": 0.18142857142857144
}