{
    "best_epoch": 70,
    "best_val_performance": 0.1845008325576778,
    "val_performance_metric": "diff",
    "train_loss": 3.6052424907684326,
    "initial_pref_do": 0.18142857142857144,
    "final_pref_do": 0.05142857142857143,
    "best_pref_do": 0.05142857142857143
}