{
    "best_epoch": 70,
    "best_val_performance": -0.2434864012400313,
    "val_performance_metric": "diff",
    "train_loss": 3.0730321407318115,
    "initial_dative_mean": -7.318152536077109,
    "final_dative_mean": -5.752245128677602,
    "best_dative_mean": -5.752245128677602
}