{
    "best_epoch": 70,
    "best_val_performance": -0.10159066518147775,
    "val_performance_metric": "diff",
    "train_loss": 3.887387275695801,
    "initial_do_mean": -6.632389724615848,
    "final_do_mean": -5.183290578379776,
    "best_do_mean": -5.183290578379776,
    "initial_pp_mean": -5.784789024458991,
    "final_pp_mean": -4.566342589590285,
    "best_pp_mean": -4.566342589590285
}