{
    "best_epoch": 70,
    "best_val_performance": 0.8587612120310464,
    "val_performance_metric": "diff",
    "train_loss": 1.693283200263977,
    "initial_do_mean": -7.638837307691574,
    "final_do_mean": -8.137017060850942,
    "best_do_mean": -8.137017060850942,
    "initial_pp_mean": -6.995481551394743,
    "final_pp_mean": -7.741164990383036,
    "best_pp_mean": -7.741164990383036
}