{
    "best_epoch": 70,
    "best_val_performance": -0.028656188646952074,
    "val_performance_metric": "diff",
    "train_loss": 3.854471206665039,
    "initial_pref_do": 0.1357142857142857,
    "final_pref_do": 0.23,
    "best_pref_do": 0.23
}