{
    "best_epoch": 22,
    "best_val_performance": 0.061016399065653815,
    "val_performance_metric": "diff",
    "train_loss": 3.666170358657837,
    "initial_do_mean": -6.419725309718739,
    "final_do_mean": -5.56963302005421,
    "best_do_mean": -5.389585497885039,
    "initial_pp_mean": -5.7439986017015245,
    "final_pp_mean": -4.819936339060465,
    "best_pp_mean": -4.567561917834812
}