{
    "best_epoch": 70,
    "best_val_performance": -0.600565846761068,
    "val_performance_metric": "diff",
    "train_loss": 5.317537307739258,
    "initial_pref_do": 0.18142857142857144,
    "final_pref_do": 0.1742857142857143,
    "best_pref_do": 0.1742857142857143
}