{
    "best_epoch": 29,
    "best_val_performance": 1.616588935852051,
    "val_performance_metric": "diff",
    "train_loss": 2.968900442123413,
    "initial_do_mean": -7.640418178813402,
    "final_do_mean": -6.019446185854978,
    "best_do_mean": -5.684494435440662,
    "initial_pp_mean": -6.996027665278491,
    "final_pp_mean": -5.706351935162264,
    "best_pp_mean": -5.062366438963834
}