{
    "best_epoch": 16,
    "best_val_performance": 0.6980929009119672,
    "val_performance_metric": "diff",
    "train_loss": 2.062405824661255,
    "initial_pref_do": 0.07714285714285714,
    "final_pref_do": 0.16714285714285715,
    "best_pref_do": 0.22428571428571428
}