{
    "best_epoch": 40,
    "best_val_performance": 0.31999881267547625,
    "val_performance_metric": "diff",
    "train_loss": 0.9732072353363037,
    "initial_do_mean": -6.421271652163881,
    "final_do_mean": -4.949360734043699,
    "best_do_mean": -4.719597791180466,
    "initial_pp_mean": -5.7457252184549965,
    "final_pp_mean": -4.291602634059059,
    "best_pp_mean": -4.067411833339268
}