{
    "best_epoch": 30,
    "best_val_performance": 3.1811364984512327,
    "val_performance_metric": "diff",
    "train_loss": 3.3732337951660156,
    "initial_do_mean": -6.744817259817412,
    "final_do_mean": -7.382196797746601,
    "best_do_mean": -7.183736422567657,
    "initial_pp_mean": -6.126594646771749,
    "final_pp_mean": -6.4166264772415165,
    "best_pp_mean": -6.266954795519511
}