{
    "best_epoch": 63,
    "best_val_performance": 0.6564098834991468,
    "val_performance_metric": "diff",
    "train_loss": 1.4890905618667603,
    "initial_do_mean": -7.955038612665132,
    "final_do_mean": -7.566705335018247,
    "best_do_mean": -7.6121984907360964,
    "initial_pp_mean": -7.5297893615329965,
    "final_pp_mean": -6.5663499316748455,
    "best_pp_mean": -6.595886275347541
}