{
    "best_epoch": 58,
    "best_val_performance": 2.7564748001098636,
    "val_performance_metric": "diff",
    "train_loss": 1.9971928596496582,
    "initial_do_mean": -6.6676849625327375,
    "final_do_mean": -10.35741700259122,
    "best_do_mean": -10.255223095055783,
    "initial_pp_mean": -5.822510409355163,
    "final_pp_mean": -8.51619954639011,
    "best_pp_mean": -8.604773500230577
}