{
    "best_epoch": 18,
    "best_val_performance": 0.04666966438293496,
    "val_performance_metric": "diff",
    "train_loss": 4.428997039794922,
    "initial_pref_do": 0.17714285714285713,
    "final_pref_do": 0.16,
    "best_pref_do": 0.20857142857142857
}