{
    "best_epoch": 47,
    "best_val_performance": 1.9128053220113124,
    "val_performance_metric": "diff",
    "train_loss": 1.9305084943771362,
    "initial_do_mean": -7.687999708707943,
    "final_do_mean": -6.080129294894462,
    "best_do_mean": -5.603454903461213,
    "initial_pp_mean": -7.176031666643479,
    "final_pp_mean": -5.121895171263638,
    "best_pp_mean": -4.7427975563442
}