{
    "best_epoch": 60,
    "best_val_performance": 4.417659184137981,
    "val_performance_metric": "diff",
    "train_loss": 2.3321290016174316,
    "initial_do_mean": -7.8424339273641275,
    "final_do_mean": -8.4168656267399,
    "best_do_mean": -7.337621364482613,
    "initial_pp_mean": -7.377706788567936,
    "final_pp_mean": -7.271176892518997,
    "best_pp_mean": -6.452303136446897
}