{
    "best_epoch": 70,
    "best_val_performance": -0.0829183117548622,
    "val_performance_metric": "diff",
    "train_loss": 3.2742867469787598,
    "initial_do_mean": -7.703393545954726,
    "final_do_mean": -5.741340698544369,
    "best_do_mean": -5.741340698544369,
    "initial_pp_mean": -7.170953477130217,
    "final_pp_mean": -5.368752210280475,
    "best_pp_mean": -5.368752210280475
}