{
    "best_epoch": 24,
    "best_val_performance": -0.08643520037333108,
    "val_performance_metric": "diff",
    "train_loss": 1.8746814727783203,
    "initial_do_mean": -7.700667335543522,
    "final_do_mean": -5.956116893956827,
    "best_do_mean": -5.517845446980277,
    "initial_pp_mean": -7.166535601896398,
    "final_pp_mean": -4.782752144687316,
    "best_pp_mean": -4.367211145513198
}