{
    "best_epoch": 27,
    "best_val_performance": 2.345869649251302,
    "val_performance_metric": "diff",
    "train_loss": 2.482194185256958,
    "initial_do_mean": -6.76882533304619,
    "final_do_mean": -5.982371048493818,
    "best_do_mean": -6.3795512473944465,
    "initial_pp_mean": -6.1004549582799275,
    "final_pp_mean": -5.693253297275967,
    "best_pp_mean": -5.736368600527445
}