{
    "best_epoch": 35,
    "best_val_performance": 2.63720998287201,
    "val_performance_metric": "diff",
    "train_loss": 2.7363088130950928,
    "initial_dative_mean": -7.576375481678031,
    "final_dative_mean": -7.0287792036059304,
    "best_dative_mean": -6.912056015946015
}