{
    "best_epoch": 70,
    "best_val_performance": -0.0030844783782955076,
    "val_performance_metric": "diff",
    "train_loss": 2.231313467025757,
    "initial_dative_mean": -7.283804330212331,
    "final_dative_mean": -5.217646599687331,
    "best_dative_mean": -5.217646599687331
}