{
    "best_epoch": 70,
    "best_val_performance": -0.12110890070597335,
    "val_performance_metric": "diff",
    "train_loss": 4.311365127563477,
    "initial_do_mean": -7.956705282593882,
    "final_do_mean": -6.102550040497336,
    "best_do_mean": -6.102550040497336,
    "initial_pp_mean": -7.529538871961481,
    "final_pp_mean": -5.501695126645705,
    "best_pp_mean": -5.501695126645705
}