{
    "best_epoch": 11,
    "best_val_performance": -0.08228071530660053,
    "val_performance_metric": "diff",
    "train_loss": 4.080154895782471,
    "initial_dative_mean": -7.310123082838561,
    "final_dative_mean": -5.209187920156278,
    "best_dative_mean": -5.348794246103331
}