{
    "best_epoch": 56,
    "best_val_performance": 1.6420559914906816,
    "val_performance_metric": "diff",
    "train_loss": 1.816452980041504,
    "initial_dative_mean": -7.340970485879664,
    "final_dative_mean": -5.273866330322466,
    "best_dative_mean": -5.177074039104389
}