{
    "best_epoch": 33,
    "best_val_performance": -0.17036661465962677,
    "val_performance_metric": "diff",
    "train_loss": 2.2721240520477295,
    "initial_pref_do": 0.14714285714285713,
    "final_pref_do": 0.09571428571428571,
    "best_pref_do": 0.09571428571428571
}