{
    "best_epoch": 70,
    "best_val_performance": -0.7076016155878699,
    "val_performance_metric": "diff",
    "train_loss": 5.869198799133301,
    "initial_pref_do": 0.12714285714285714,
    "final_pref_do": 0.11571428571428571,
    "best_pref_do": 0.11571428571428571
}