{
    "best_epoch": 44,
    "best_val_performance": 0.35763595740000387,
    "val_performance_metric": "diff",
    "train_loss": 2.88844895362854,
    "initial_do_mean": -6.557806795293635,
    "final_do_mean": -5.151845228310787,
    "best_do_mean": -4.752310274586533,
    "initial_pp_mean": -5.762123884095086,
    "final_pp_mean": -4.8117086807886755,
    "best_pp_mean": -4.36465782324473
}