{
    "best_epoch": 70,
    "best_val_performance": 0.05505702018737768,
    "val_performance_metric": "diff",
    "train_loss": 1.7224102020263672,
    "initial_do_mean": -6.743091646830241,
    "final_do_mean": -4.853872242840853,
    "best_do_mean": -4.853872242840853,
    "initial_pp_mean": -6.125335960918003,
    "final_pp_mean": -4.279787365595499,
    "best_pp_mean": -4.279787365595499
}