{
    "best_epoch": 70,
    "best_val_performance": -0.48643018404642735,
    "val_performance_metric": "diff",
    "train_loss": 6.969095230102539,
    "initial_dative_mean": -7.342593587978541,
    "final_dative_mean": -6.9204058654127065,
    "best_dative_mean": -6.9204058654127065
}