{
    "best_epoch": 53,
    "best_val_performance": 0.03640345414479551,
    "val_performance_metric": "diff",
    "train_loss": 1.9097119569778442,
    "initial_dative_mean": -7.30856260151891,
    "final_dative_mean": -5.463481362451587,
    "best_dative_mean": -5.268769185445462
}