{
    "best_epoch": 70,
    "best_val_performance": -0.22867435932159452,
    "val_performance_metric": "diff",
    "train_loss": 2.928605794906616,
    "initial_pref_do": 0.18285714285714286,
    "final_pref_do": 0.1657142857142857,
    "best_pref_do": 0.1657142857142857
}