{
    "best_epoch": 5,
    "best_val_performance": 0.11243748346964466,
    "val_performance_metric": "diff",
    "train_loss": 3.47755765914917,
    "initial_do_mean": -6.531105402744178,
    "final_do_mean": -7.63490038207083,
    "best_do_mean": -5.359266099062833,
    "initial_pp_mean": -5.89801783296797,
    "final_pp_mean": -6.878334527545505,
    "best_pp_mean": -4.877745358149211
}