{
    "best_epoch": 48,
    "best_val_performance": 0.2723103062311809,
    "val_performance_metric": "diff",
    "train_loss": 1.9680488109588623,
    "initial_pref_do": 0.12714285714285714,
    "final_pref_do": 0.23,
    "best_pref_do": 0.22857142857142856
}