{
    "best_epoch": 29,
    "best_val_performance": 0.9687343931198127,
    "val_performance_metric": "diff",
    "train_loss": 2.746579885482788,
    "initial_do_mean": -6.550509698463209,
    "final_do_mean": -7.242019601301713,
    "best_do_mean": -5.5781800313429395,
    "initial_pp_mean": -5.905555605888367,
    "final_pp_mean": -5.447526907920837,
    "best_pp_mean": -4.528919390837351
}