{
    "best_epoch": 50,
    "best_val_performance": -0.1356842645009353,
    "val_performance_metric": "diff",
    "train_loss": 3.504549980163574,
    "initial_pref_do": 0.12714285714285714,
    "final_pref_do": 0.10714285714285714,
    "best_pref_do": 0.07285714285714286
}