{
    "best_epoch": 70,
    "best_val_performance": -0.17764922618865953,
    "val_performance_metric": "diff",
    "train_loss": 3.4595394134521484,
    "initial_dative_mean": -7.1892153097872145,
    "final_dative_mean": -5.67070867687638,
    "best_dative_mean": -5.67070867687638
}