{
    "best_epoch": 67,
    "best_val_performance": -0.2697368701299032,
    "val_performance_metric": "diff",
    "train_loss": 2.9178333282470703,
    "initial_do_mean": -6.634608469587384,
    "final_do_mean": -5.12053888205326,
    "best_do_mean": -5.134347474936283,
    "initial_pp_mean": -5.785093180338541,
    "final_pp_mean": -4.3948498831854925,
    "best_pp_mean": -4.41378767490387
}