{
    "best_epoch": 70,
    "best_val_performance": -0.14387972036997532,
    "val_performance_metric": "diff",
    "train_loss": 3.3184726238250732,
    "initial_pref_do": 0.17857142857142858,
    "final_pref_do": 0.07,
    "best_pref_do": 0.07
}