{
    "best_epoch": 47,
    "best_val_performance": 0.3384514951705926,
    "val_performance_metric": "diff",
    "train_loss": 1.5038483142852783,
    "initial_do_mean": -7.693363709505214,
    "final_do_mean": -5.296178216157958,
    "best_do_mean": -5.2721441145553145,
    "initial_pp_mean": -7.293883249338935,
    "final_pp_mean": -4.5864285728510685,
    "best_pp_mean": -4.496202195742551
}