{
    "best_epoch": 24,
    "best_val_performance": 3.008433477083841,
    "val_performance_metric": "diff",
    "train_loss": 1.9963083267211914,
    "initial_pref_do": 0.12714285714285714,
    "final_pref_do": 0.29285714285714287,
    "best_pref_do": 0.12714285714285714
}