{
    "best_epoch": 55,
    "best_val_performance": 2.304614528020223,
    "val_performance_metric": "diff",
    "train_loss": 1.5225285291671753,
    "initial_do_mean": -7.633351553318112,
    "final_do_mean": -5.25741254971471,
    "best_do_mean": -5.3007044826829155,
    "initial_pp_mean": -6.989850447458379,
    "final_pp_mean": -4.760696261069354,
    "best_pp_mean": -4.7865236482199505
}