{
    "best_epoch": 70,
    "best_val_performance": 0.1328473409016926,
    "val_performance_metric": "diff",
    "train_loss": 1.5229164361953735,
    "initial_pref_do": 0.1357142857142857,
    "final_pref_do": 0.01,
    "best_pref_do": 0.01
}