{
    "best_epoch": 52,
    "best_val_performance": 1.8430219729741415,
    "val_performance_metric": "diff",
    "train_loss": 0.7692726850509644,
    "initial_do_mean": -7.637478730706281,
    "final_do_mean": -7.248680652574051,
    "best_do_mean": -7.019458666443825,
    "initial_pp_mean": -6.9946748586261975,
    "final_pp_mean": -6.317388173061259,
    "best_pp_mean": -6.076283489430652
}