{
    "best_epoch": 20,
    "best_val_performance": 0.25313496907552047,
    "val_performance_metric": "diff",
    "train_loss": 2.205430507659912,
    "initial_pref_do": 0.14714285714285713,
    "final_pref_do": 0.03571428571428571,
    "best_pref_do": 0.06428571428571428
}