{
    "best_epoch": 34,
    "best_val_performance": 0.020582655270894534,
    "val_performance_metric": "diff",
    "train_loss": 2.9110708236694336,
    "initial_pref_do": 0.17714285714285713,
    "final_pref_do": 0.10571428571428572,
    "best_pref_do": 0.11142857142857143
}