{
    "best_epoch": 17,
    "best_val_performance": 1.0053680340449018,
    "val_performance_metric": "diff",
    "train_loss": 1.6756055355072021,
    "initial_pref_do": 0.12714285714285714,
    "final_pref_do": 0.10571428571428572,
    "best_pref_do": 0.025714285714285714
}