{
    "best_epoch": 70,
    "best_val_performance": -0.27008619308471626,
    "val_performance_metric": "diff",
    "train_loss": 4.150791168212891,
    "initial_do_mean": -7.698368087064388,
    "final_do_mean": -6.436550050973892,
    "best_do_mean": -6.436550050973892,
    "initial_pp_mean": -7.164526294259464,
    "final_pp_mean": -5.949183100111345,
    "best_pp_mean": -5.949183100111345
}