{
    "best_epoch": 67,
    "best_val_performance": 0.09085459868113155,
    "val_performance_metric": "diff",
    "train_loss": 2.3211379051208496,
    "initial_do_mean": -7.690132325471834,
    "final_do_mean": -6.043747506515924,
    "best_do_mean": -6.006881056136863,
    "initial_pp_mean": -7.1774536329157215,
    "final_pp_mean": -5.24366420822985,
    "best_pp_mean": -5.186248528256136
}