{
    "best_epoch": 68,
    "best_val_performance": 2.6008651765187576,
    "val_performance_metric": "diff",
    "train_loss": 1.6199884414672852,
    "initial_pref_do": 0.14714285714285713,
    "final_pref_do": 0.09857142857142857,
    "best_pref_do": 0.10142857142857142
}