{
    "best_epoch": 70,
    "best_val_performance": 0.1606865755716962,
    "val_performance_metric": "diff",
    "train_loss": 2.785888433456421,
    "initial_do_mean": -7.702110858850701,
    "final_do_mean": -6.557118637617244,
    "best_do_mean": -6.557118637617244,
    "initial_pp_mean": -7.169297483388116,
    "final_pp_mean": -6.376701514159932,
    "best_pp_mean": -6.376701514159932
}