{
    "best_epoch": 36,
    "best_val_performance": -0.2026911258697508,
    "val_performance_metric": "diff",
    "train_loss": 4.303515911102295,
    "initial_do_mean": -6.533805656433105,
    "final_do_mean": -5.3828112891226105,
    "best_do_mean": -5.675925305395415,
    "initial_pp_mean": -5.9012135161293875,
    "final_pp_mean": -4.482096653514438,
    "best_pp_mean": -4.854916026857164
}