{
    "best_epoch": 33,
    "best_val_performance": 0.299289457003276,
    "val_performance_metric": "diff",
    "train_loss": 2.6064798831939697,
    "initial_do_mean": -6.767262876395023,
    "final_do_mean": -4.87131535356695,
    "best_do_mean": -4.406001962314953,
    "initial_pp_mean": -6.099471849865384,
    "final_pp_mean": -4.003022866778903,
    "best_pp_mean": -3.6957051595052084
}