{
    "best_epoch": 51,
    "best_val_performance": 6.026366930007935,
    "val_performance_metric": "diff",
    "train_loss": 1.3918501138687134,
    "initial_pref_do": 0.17714285714285713,
    "final_pref_do": 0.14857142857142858,
    "best_pref_do": 0.13
}