{
    "best_epoch": 70,
    "best_val_performance": 1.3751445055007938,
    "val_performance_metric": "diff",
    "train_loss": 1.5866096019744873,
    "initial_pref_do": 0.18142857142857144,
    "final_pref_do": 0.15,
    "best_pref_do": 0.15
}