{
    "best_epoch": 31,
    "best_val_performance": 0.4886530828475948,
    "val_performance_metric": "diff",
    "train_loss": 2.0930120944976807,
    "initial_do_mean": -6.769366777304447,
    "final_do_mean": -4.621264707680904,
    "best_do_mean": -4.303505570960767,
    "initial_pp_mean": -6.1009185843997535,
    "final_pp_mean": -3.9288529011938307,
    "best_pp_mean": -3.6293482820192975
}