{
    "best_epoch": 40,
    "best_val_performance": 0.45630806287129744,
    "val_performance_metric": "diff",
    "train_loss": 1.9070545434951782,
    "initial_pref_do": 0.15714285714285714,
    "final_pref_do": 0.16142857142857142,
    "best_pref_do": 0.11571428571428571
}