{
    "best_epoch": 43,
    "best_val_performance": 2.5316877460479734,
    "val_performance_metric": "diff",
    "train_loss": 2.949078321456909,
    "initial_do_mean": -7.676502323427866,
    "final_do_mean": -8.958007404277492,
    "best_do_mean": -6.921156634425008,
    "initial_pp_mean": -7.076090315510245,
    "final_pp_mean": -7.45990417214001,
    "best_pp_mean": -5.85422632483875
}