{
    "best_epoch": 70,
    "best_val_performance": -0.6824025853474938,
    "val_performance_metric": "diff",
    "train_loss": 7.089318752288818,
    "initial_pref_do": 0.14857142857142858,
    "final_pref_do": 0.16714285714285715,
    "best_pref_do": 0.16714285714285715
}