{
    "best_epoch": 40,
    "best_val_performance": -0.06631500244140565,
    "val_performance_metric": "diff",
    "train_loss": 2.526463508605957,
    "initial_pref_do": 0.15571428571428572,
    "final_pref_do": 0.14142857142857143,
    "best_pref_do": 0.17142857142857143
}