{
    "best_epoch": 16,
    "best_val_performance": 0.6838397487004597,
    "val_performance_metric": "diff",
    "train_loss": 4.071086406707764,
    "initial_do_mean": -6.548136894630663,
    "final_do_mean": -9.140716450142138,
    "best_do_mean": -5.712641848939838,
    "initial_pp_mean": -5.901422635714213,
    "final_pp_mean": -7.898295646243625,
    "best_pp_mean": -5.312321127785577
}