{
    "best_epoch": 14,
    "best_val_performance": -0.3186100260416662,
    "val_performance_metric": "diff",
    "train_loss": 3.370274543762207,
    "initial_do_mean": -7.686367060555968,
    "final_do_mean": -5.833244371206262,
    "best_do_mean": -5.641768917441368,
    "initial_pp_mean": -7.172443469832925,
    "final_pp_mean": -5.202242545520558,
    "best_pp_mean": -5.174771802916246
}