{
    "best_epoch": 70,
    "best_val_performance": 0.03277696768442784,
    "val_performance_metric": "diff",
    "train_loss": 1.1544557809829712,
    "initial_dative_mean": -7.609565029018803,
    "final_dative_mean": -5.321502854078137,
    "best_dative_mean": -5.321502854078137
}