{
    "best_epoch": 36,
    "best_val_performance": 0.2527298132578526,
    "val_performance_metric": "diff",
    "train_loss": 2.8664908409118652,
    "initial_pref_do": 0.14714285714285713,
    "final_pref_do": 0.047142857142857146,
    "best_pref_do": 0.012857142857142857
}