{
    "best_epoch": 64,
    "best_val_performance": 0.2408536831537882,
    "val_performance_metric": "diff",
    "train_loss": 2.138420820236206,
    "initial_do_mean": -6.767372691992557,
    "final_do_mean": -5.51398482467189,
    "best_do_mean": -5.4792261282602945,
    "initial_pp_mean": -6.099121846093071,
    "final_pp_mean": -4.461818001005384,
    "best_pp_mean": -4.430455867449442
}