{
    "best_epoch": 70,
    "best_val_performance": -0.6257107957204182,
    "val_performance_metric": "diff",
    "train_loss": 6.2764973640441895,
    "initial_pref_do": 0.12857142857142856,
    "final_pref_do": 0.13428571428571429,
    "best_pref_do": 0.13428571428571429
}