{
    "best_epoch": 70,
    "best_val_performance": -0.1194404745101929,
    "val_performance_metric": "diff",
    "train_loss": 4.41743803024292,
    "initial_do_mean": -7.956284408652505,
    "final_do_mean": -6.186677765707637,
    "best_do_mean": -6.186677765707637,
    "initial_pp_mean": -7.531180725378149,
    "final_pp_mean": -5.794049265805413,
    "best_pp_mean": -5.794049265805413
}