{
    "best_epoch": 34,
    "best_val_performance": 0.34990807533264157,
    "val_performance_metric": "diff",
    "train_loss": 1.5942051410675049,
    "initial_do_mean": -6.659053780815818,
    "final_do_mean": -4.755770612485481,
    "best_do_mean": -4.5308078736969915,
    "initial_pp_mean": -5.917780129114787,
    "final_pp_mean": -4.06889492670695,
    "best_pp_mean": -3.8221497376759848
}