{
    "best_epoch": 35,
    "best_val_performance": 0.151823633511861,
    "val_performance_metric": "diff",
    "train_loss": 1.1176453828811646,
    "initial_do_mean": -6.667929860317346,
    "final_do_mean": -5.190187103098089,
    "best_do_mean": -4.6265283916935775,
    "initial_pp_mean": -5.8232509136199955,
    "final_pp_mean": -4.429636347293854,
    "best_pp_mean": -4.052315113279555
}