{
    "best_epoch": 70,
    "best_val_performance": -0.5779530048370365,
    "val_performance_metric": "diff",
    "train_loss": 7.4356865882873535,
    "initial_pref_do": 0.12428571428571429,
    "final_pref_do": 0.13,
    "best_pref_do": 0.13
}