{
    "best_epoch": 14,
    "best_val_performance": 1.0240147113800049,
    "val_performance_metric": "diff",
    "train_loss": 2.4690301418304443,
    "initial_do_mean": -6.546678066253662,
    "final_do_mean": -6.021839531985196,
    "best_do_mean": -4.514373870329424,
    "initial_pp_mean": -5.901157956653171,
    "final_pp_mean": -4.695811862415738,
    "best_pp_mean": -3.7237711760732863
}