{
    "best_epoch": 25,
    "best_val_performance": 0.27992514769236276,
    "val_performance_metric": "diff",
    "train_loss": 2.417745590209961,
    "initial_do_mean": -7.596306795990745,
    "final_do_mean": -5.771619196548018,
    "best_do_mean": -5.366752745107163,
    "initial_pp_mean": -7.150670614663293,
    "final_pp_mean": -4.873056847908917,
    "best_pp_mean": -4.554536670446396
}