{
    "best_epoch": 70,
    "best_val_performance": -0.05756657759348549,
    "val_performance_metric": "diff",
    "train_loss": 1.4397557973861694,
    "initial_do_mean": -7.687458919924359,
    "final_do_mean": -5.374923056294752,
    "best_do_mean": -5.374923056294752,
    "initial_pp_mean": -7.1744385431794555,
    "final_pp_mean": -4.75387378264876,
    "best_pp_mean": -4.75387378264876
}