{
    "best_epoch": 70,
    "best_val_performance": -0.1506674337387084,
    "val_performance_metric": "diff",
    "train_loss": 3.2802953720092773,
    "initial_pref_do": 0.14714285714285713,
    "final_pref_do": 0.1442857142857143,
    "best_pref_do": 0.1442857142857143
}