{
    "best_epoch": 32,
    "best_val_performance": -0.3726478560765587,
    "val_performance_metric": "diff",
    "train_loss": 3.799227476119995,
    "initial_dative_mean": -7.283766699813262,
    "final_dative_mean": -5.7579730072913815,
    "best_dative_mean": -5.745701106668216
}