{
    "best_epoch": 56,
    "best_val_performance": 1.7064541896184284,
    "val_performance_metric": "diff",
    "train_loss": 1.7812178134918213,
    "initial_do_mean": -6.745423186909068,
    "final_do_mean": -7.917415858760025,
    "best_do_mean": -7.867957857883337,
    "initial_pp_mean": -6.125334623124864,
    "final_pp_mean": -7.0525141186184355,
    "best_pp_mean": -7.055488970544603
}