{
    "best_epoch": 11,
    "best_val_performance": -0.12727550824483203,
    "val_performance_metric": "diff",
    "train_loss": 3.908029794692993,
    "initial_do_mean": -7.696784078381782,
    "final_do_mean": -5.514746803876966,
    "best_do_mean": -6.0596385088770885,
    "initial_pp_mean": -7.2983770033892466,
    "final_pp_mean": -4.926780637923409,
    "best_pp_mean": -5.383248149998048
}