{
    "best_epoch": 44,
    "best_val_performance": 4.71326856136322,
    "val_performance_metric": "diff",
    "train_loss": 2.228072166442871,
    "initial_do_mean": -6.77094606775226,
    "final_do_mean": -6.777243079561176,
    "best_do_mean": -6.249010429960308,
    "initial_pp_mean": -6.103962635993957,
    "final_pp_mean": -6.296525841289096,
    "best_pp_mean": -6.041178144348992
}