{
    "best_epoch": 70,
    "best_val_performance": 0.6014579518636065,
    "val_performance_metric": "diff",
    "train_loss": 2.636631488800049,
    "initial_do_mean": -6.766111583420725,
    "final_do_mean": -9.603505805044463,
    "best_do_mean": -9.603505805044463,
    "initial_pp_mean": -6.096781012747023,
    "final_pp_mean": -8.800242365731133,
    "best_pp_mean": -8.800242365731133
}