{
    "best_epoch": 62,
    "best_val_performance": -0.2291327301661168,
    "val_performance_metric": "diff",
    "train_loss": 4.460285186767578,
    "initial_do_mean": -7.635599003281704,
    "final_do_mean": -5.81662783858388,
    "best_do_mean": -5.933896571397781,
    "initial_pp_mean": -6.992578104664298,
    "final_pp_mean": -5.333291749743855,
    "best_pp_mean": -5.441026876603856
}