{
    "best_epoch": 70,
    "best_val_performance": -0.08099396705627449,
    "val_performance_metric": "diff",
    "train_loss": 2.7442948818206787,
    "initial_pref_do": 0.18142857142857144,
    "final_pref_do": 0.09142857142857143,
    "best_pref_do": 0.09142857142857143
}