{
    "best_epoch": 45,
    "best_val_performance": 0.3477102677027393,
    "val_performance_metric": "diff",
    "train_loss": 2.7691636085510254,
    "initial_do_mean": -7.954257895780164,
    "final_do_mean": -5.61640465259552,
    "best_do_mean": -5.295865543706473,
    "initial_pp_mean": -7.528676037227406,
    "final_pp_mean": -4.702377357553034,
    "best_pp_mean": -4.444902842535692
}