{
    "best_epoch": 5,
    "best_val_performance": -0.23500530242919915,
    "val_performance_metric": "diff",
    "train_loss": 6.187673568725586,
    "initial_do_mean": -6.660066370530562,
    "final_do_mean": -5.972711772629709,
    "best_do_mean": -5.658151211883083,
    "initial_pp_mean": -5.918566494517856,
    "final_pp_mean": -5.599888801574707,
    "best_pp_mean": -4.944156265258789
}