{
    "best_epoch": 70,
    "best_val_performance": 0.34832528750101766,
    "val_performance_metric": "diff",
    "train_loss": 1.389615774154663,
    "initial_dative_mean": -7.576579569724569,
    "final_dative_mean": -4.9683346418957965,
    "best_dative_mean": -4.9683346418957965
}