{
    "best_epoch": 45,
    "best_val_performance": 1.9098895804087324,
    "val_performance_metric": "diff",
    "train_loss": 2.8960323333740234,
    "initial_pref_do": 0.09714285714285714,
    "final_pref_do": 0.011428571428571429,
    "best_pref_do": 0.017142857142857144
}