{
    "best_epoch": 70,
    "best_val_performance": -0.17698353131612166,
    "val_performance_metric": "diff",
    "train_loss": 2.9674644470214844,
    "initial_pref_do": 0.08428571428571428,
    "final_pref_do": 0.08142857142857143,
    "best_pref_do": 0.08142857142857143
}