{
    "best_epoch": 70,
    "best_val_performance": 0.20493621349334656,
    "val_performance_metric": "diff",
    "train_loss": 2.3442368507385254,
    "initial_do_mean": -6.634548918406169,
    "final_do_mean": -4.684845638275147,
    "best_do_mean": -4.684845638275147,
    "initial_pp_mean": -5.786210820409987,
    "final_pp_mean": -3.885394389099545,
    "best_pp_mean": -3.885394389099545
}