{
    "best_epoch": 33,
    "best_val_performance": 0.9374957497914638,
    "val_performance_metric": "diff",
    "train_loss": 2.0241317749023438,
    "initial_do_mean": -6.534918344382084,
    "final_do_mean": -5.476517441778472,
    "best_do_mean": -5.1653055927970195,
    "initial_pp_mean": -5.901602877510919,
    "final_pp_mean": -4.802997930844625,
    "best_pp_mean": -4.492007168134053
}