{
    "best_epoch": 47,
    "best_val_performance": 2.267036420504253,
    "val_performance_metric": "diff",
    "train_loss": 1.709426999092102,
    "initial_pref_do": 0.07714285714285714,
    "final_pref_do": 0.09571428571428571,
    "best_pref_do": 0.10285714285714286
}