{
    "best_epoch": 38,
    "best_val_performance": -0.023720548947651743,
    "val_performance_metric": "diff",
    "train_loss": 2.328615427017212,
    "initial_do_mean": -7.687822357859722,
    "final_do_mean": -5.611915688182032,
    "best_do_mean": -5.40678760963817,
    "initial_pp_mean": -7.1734729212873125,
    "final_pp_mean": -5.317606818675995,
    "best_pp_mean": -5.107521130758173
}