{
    "best_epoch": 26,
    "best_val_performance": 2.685712766647338,
    "val_performance_metric": "diff",
    "train_loss": 1.9386341571807861,
    "initial_dative_mean": -7.316727337781449,
    "final_dative_mean": -8.288246773139775,
    "best_dative_mean": -6.193440633559088
}