{
    "best_epoch": 23,
    "best_val_performance": 0.38568340301513704,
    "val_performance_metric": "diff",
    "train_loss": 2.746133327484131,
    "initial_do_mean": -7.635135952816453,
    "final_do_mean": -5.753622675357863,
    "best_do_mean": -5.409160830946856,
    "initial_pp_mean": -6.9919965975424825,
    "final_pp_mean": -4.898865443468094,
    "best_pp_mean": -4.591823144169415
}