{
    "best_epoch": 56,
    "best_val_performance": -0.15695649464925143,
    "val_performance_metric": "diff",
    "train_loss": 1.4696255922317505,
    "initial_do_mean": -6.508222926746715,
    "final_do_mean": -5.05207401044441,
    "best_do_mean": -5.076691644841975,
    "initial_pp_mean": -5.876461558871799,
    "final_pp_mean": -4.302171852853563,
    "best_pp_mean": -4.279999891916911
}