{
    "best_epoch": 70,
    "best_val_performance": -0.6318861262003583,
    "val_performance_metric": "diff",
    "train_loss": 5.175820827484131,
    "initial_pref_do": 0.1357142857142857,
    "final_pref_do": 0.14857142857142858,
    "best_pref_do": 0.14857142857142858
}