{
    "best_epoch": 70,
    "best_val_performance": 0.18503176053365067,
    "val_performance_metric": "diff",
    "train_loss": 2.1854982376098633,
    "initial_dative_mean": -7.260795075991,
    "final_dative_mean": -5.139584810413115,
    "best_dative_mean": -5.139584810413115
}