{
    "best_epoch": 43,
    "best_val_performance": 4.186763919194539,
    "val_performance_metric": "diff",
    "train_loss": 1.7991377115249634,
    "initial_do_mean": -6.638247024651729,
    "final_do_mean": -4.753138893300837,
    "best_do_mean": -4.816811776883674,
    "initial_pp_mean": -5.786989929940965,
    "final_pp_mean": -4.45899314350552,
    "best_pp_mean": -4.497206653489007
}