{
    "best_epoch": 58,
    "best_val_performance": 0.8644264745712276,
    "val_performance_metric": "diff",
    "train_loss": 1.4189295768737793,
    "initial_pref_do": 0.18285714285714286,
    "final_pref_do": 0.08857142857142856,
    "best_pref_do": 0.06285714285714286
}