{
    "best_epoch": 70,
    "best_val_performance": -0.2997650241851808,
    "val_performance_metric": "diff",
    "train_loss": 3.974083185195923,
    "initial_do_mean": -6.641830003622807,
    "final_do_mean": -4.88615789268956,
    "best_do_mean": -4.88615789268956,
    "initial_pp_mean": -5.79263506465488,
    "final_pp_mean": -4.186729187435574,
    "best_pp_mean": -4.186729187435574
}