{
    "best_epoch": 70,
    "best_val_performance": -0.18025800069173226,
    "val_performance_metric": "diff",
    "train_loss": 4.146610260009766,
    "initial_pref_do": 0.14857142857142858,
    "final_pref_do": 0.11571428571428571,
    "best_pref_do": 0.11571428571428571
}