{
    "best_epoch": 70,
    "best_val_performance": -0.15445339520772272,
    "val_performance_metric": "diff",
    "train_loss": 2.900390148162842,
    "initial_pref_do": 0.17714285714285713,
    "final_pref_do": 0.15285714285714286,
    "best_pref_do": 0.15285714285714286
}