{
    "best_epoch": 63,
    "best_val_performance": 0.19156383673349975,
    "val_performance_metric": "diff",
    "train_loss": 2.0924227237701416,
    "initial_do_mean": -6.6714828245567555,
    "final_do_mean": -5.290195878346761,
    "best_do_mean": -5.23411376693032,
    "initial_pp_mean": -5.82443007628123,
    "final_pp_mean": -4.34041199154324,
    "best_pp_mean": -4.291486912303501
}