{
    "best_epoch": 70,
    "best_val_performance": 4.863337742487589,
    "val_performance_metric": "diff",
    "train_loss": 1.8732401132583618,
    "initial_do_mean": -6.672676294500177,
    "final_do_mean": -5.899932293458418,
    "best_do_mean": -5.899932293458418,
    "initial_pp_mean": -5.826167048348321,
    "final_pp_mean": -5.3085414224200775,
    "best_pp_mean": -5.3085414224200775
}