{
    "best_epoch": 65,
    "best_val_performance": 4.26183807849884,
    "val_performance_metric": "diff",
    "train_loss": 2.4905271530151367,
    "initial_do_mean": -7.837551286747289,
    "final_do_mean": -6.775569171406502,
    "best_do_mean": -6.641630863380986,
    "initial_pp_mean": -7.372873473167419,
    "final_pp_mean": -5.6253309916047485,
    "best_pp_mean": -5.5672847583013425
}