{
    "best_epoch": 14,
    "best_val_performance": -0.02282210191090961,
    "val_performance_metric": "diff",
    "train_loss": 2.991872787475586,
    "initial_dative_mean": -7.307986331962005,
    "final_dative_mean": -5.651941527051536,
    "best_dative_mean": -5.343202176672674
}