{
    "best_epoch": 23,
    "best_val_performance": -0.17497391700744647,
    "val_performance_metric": "diff",
    "train_loss": 2.802377223968506,
    "initial_do_mean": -7.694112900384637,
    "final_do_mean": -5.787867772717808,
    "best_do_mean": -5.591515745880992,
    "initial_pp_mean": -7.295652103424072,
    "final_pp_mean": -5.382932871229508,
    "best_pp_mean": -5.333065513302298
}