{
    "best_epoch": 20,
    "best_val_performance": 2.7205347299575804,
    "val_performance_metric": "diff",
    "train_loss": 1.4452686309814453,
    "initial_do_mean": -6.532212900392937,
    "final_do_mean": -7.486307928778908,
    "best_do_mean": -5.7671250415570805,
    "initial_pp_mean": -5.89944281578064,
    "final_pp_mean": -6.209317213959164,
    "best_pp_mean": -5.075027592976888
}