{
    "best_epoch": 26,
    "best_val_performance": 0.06886170228322364,
    "val_performance_metric": "diff",
    "train_loss": 3.0078680515289307,
    "initial_do_mean": -6.558445955045295,
    "final_do_mean": -5.160589423324122,
    "best_do_mean": -4.869191639351122,
    "initial_pp_mean": -5.763349652290344,
    "final_pp_mean": -4.265008189943102,
    "best_pp_mean": -4.1504782915115355
}