{
    "best_epoch": 24,
    "best_val_performance": 0.10075673421223996,
    "val_performance_metric": "diff",
    "train_loss": 2.8275623321533203,
    "initial_do_mean": -7.699767660262973,
    "final_do_mean": -5.837685686211254,
    "best_do_mean": -5.502215039591457,
    "initial_pp_mean": -7.167946067277123,
    "final_pp_mean": -4.895654690966887,
    "best_pp_mean": -4.7105150166679834
}