{
    "best_epoch": 46,
    "best_val_performance": 2.160161852836609,
    "val_performance_metric": "diff",
    "train_loss": 1.7752348184585571,
    "initial_pref_do": 0.12714285714285714,
    "final_pref_do": 0.04428571428571428,
    "best_pref_do": 0.04428571428571428
}