{
    "best_epoch": 68,
    "best_val_performance": 0.014516736666361219,
    "val_performance_metric": "diff",
    "train_loss": 2.586329460144043,
    "initial_do_mean": -7.6990461349487305,
    "final_do_mean": -5.759574781670127,
    "best_do_mean": -5.749701028646425,
    "initial_pp_mean": -7.165958394022549,
    "final_pp_mean": -5.481818351324867,
    "best_pp_mean": -5.4757414982599375
}