{
    "best_epoch": 24,
    "best_val_performance": 2.0908006938298556,
    "val_performance_metric": "diff",
    "train_loss": 2.45875883102417,
    "initial_pref_do": 0.09714285714285714,
    "final_pref_do": 0.054285714285714284,
    "best_pref_do": 0.011428571428571429
}