{
    "best_epoch": 70,
    "best_val_performance": 1.5028345807393393,
    "val_performance_metric": "diff",
    "train_loss": 2.2399823665618896,
    "initial_do_mean": -7.5984392089899195,
    "final_do_mean": -6.539654859623243,
    "best_do_mean": -6.539654859623243,
    "initial_pp_mean": -7.15305220379549,
    "final_pp_mean": -5.853732446712606,
    "best_pp_mean": -5.853732446712606
}