{
    "best_epoch": 67,
    "best_val_performance": 0.1663308016459153,
    "val_performance_metric": "diff",
    "train_loss": 1.642857551574707,
    "initial_dative_mean": -7.317622353807527,
    "final_dative_mean": -5.10664041261924,
    "best_dative_mean": -5.08651435061505
}