{
    "best_epoch": 23,
    "best_val_performance": -0.11313107013702428,
    "val_performance_metric": "diff",
    "train_loss": 3.3654797077178955,
    "initial_do_mean": -6.5299602205103096,
    "final_do_mean": -4.712630505995317,
    "best_do_mean": -4.734536718599724,
    "initial_pp_mean": -5.8964707189136085,
    "final_pp_mean": -4.1020540754000345,
    "best_pp_mean": -4.061976377169291
}