{
    "best_epoch": 21,
    "best_val_performance": 1.7073822768529263,
    "val_performance_metric": "diff",
    "train_loss": 2.234630823135376,
    "initial_do_mean": -6.557839870452881,
    "final_do_mean": -8.145663712241433,
    "best_do_mean": -5.857592322609642,
    "initial_pp_mean": -5.764123140441047,
    "final_pp_mean": -7.547261688444349,
    "best_pp_mean": -5.143014444245233
}