{
    "best_epoch": 70,
    "best_val_performance": 0.06436802546183262,
    "val_performance_metric": "diff",
    "train_loss": 1.9165785312652588,
    "initial_pref_do": 0.12714285714285714,
    "final_pref_do": 0.1657142857142857,
    "best_pref_do": 0.1657142857142857
}