{
    "best_epoch": 29,
    "best_val_performance": 1.5334849643707287,
    "val_performance_metric": "diff",
    "train_loss": 2.174088954925537,
    "initial_do_mean": -7.686873475479525,
    "final_do_mean": -7.428462898661924,
    "best_do_mean": -7.62157989518587,
    "initial_pp_mean": -7.173880976087907,
    "final_pp_mean": -6.474240914863699,
    "best_pp_mean": -6.6112140578382155
}