{
    "best_epoch": 32,
    "best_val_performance": 0.1973874187469482,
    "val_performance_metric": "diff",
    "train_loss": 1.8436460494995117,
    "initial_do_mean": -6.50868380575469,
    "final_do_mean": -4.968500569372466,
    "best_do_mean": -4.755588056101944,
    "initial_pp_mean": -5.876886373096042,
    "final_pp_mean": -4.423541808128357,
    "best_pp_mean": -4.256239249971178
}