{
    "best_epoch": 17,
    "best_val_performance": -0.03484151045481365,
    "val_performance_metric": "diff",
    "train_loss": 2.6304523944854736,
    "initial_dative_mean": -7.3183195531716825,
    "final_dative_mean": -5.022528246132254,
    "best_dative_mean": -5.023008787666845
}