{
    "best_epoch": 23,
    "best_val_performance": 0.012587720553080217,
    "val_performance_metric": "diff",
    "train_loss": 2.0391488075256348,
    "initial_pref_do": 0.07714285714285714,
    "final_pref_do": 0.3,
    "best_pref_do": 0.27
}