{
    "best_epoch": 12,
    "best_val_performance": 1.6205979728698736,
    "val_performance_metric": "diff",
    "train_loss": 3.2752490043640137,
    "initial_do_mean": -6.745603203051018,
    "final_do_mean": -9.3335336598483,
    "best_do_mean": -4.837379535039266,
    "initial_pp_mean": -6.125506363974678,
    "final_pp_mean": -6.644239690568712,
    "best_pp_mean": -4.122114429208968
}