{
    "best_epoch": 8,
    "best_val_performance": 0.28088929732640633,
    "val_performance_metric": "diff",
    "train_loss": 3.2565600872039795,
    "initial_do_mean": -7.684993623994117,
    "final_do_mean": -7.236939977767856,
    "best_do_mean": -5.660198917222577,
    "initial_pp_mean": -7.171402063089259,
    "final_pp_mean": -7.036237678808324,
    "best_pp_mean": -5.076326586569057
}