{
    "best_epoch": 70,
    "best_val_performance": -0.5589023494720458,
    "val_performance_metric": "diff",
    "train_loss": 5.835766792297363,
    "initial_dative_mean": -7.195541164331269,
    "final_dative_mean": -6.790102046484138,
    "best_dative_mean": -6.790102046484138
}