{
    "best_epoch": 46,
    "best_val_performance": 1.7807261006037383,
    "val_performance_metric": "diff",
    "train_loss": 1.9331728219985962,
    "initial_do_mean": -7.675845531530158,
    "final_do_mean": -7.0311766322269,
    "best_do_mean": -6.275877431035042,
    "initial_pp_mean": -7.077442470017601,
    "final_pp_mean": -5.641942968438653,
    "best_pp_mean": -5.182987154932583
}