{
    "best_epoch": 70,
    "best_val_performance": -0.11987587134043398,
    "val_performance_metric": "diff",
    "train_loss": 4.478459358215332,
    "initial_do_mean": -6.770334418614706,
    "final_do_mean": -5.316771131573302,
    "best_do_mean": -5.316771131573302,
    "initial_pp_mean": -6.1019004450904,
    "final_pp_mean": -4.512863079706828,
    "best_pp_mean": -4.512863079706828
}