{
    "best_epoch": 60,
    "best_val_performance": 0.13976883729298883,
    "val_performance_metric": "diff",
    "train_loss": 2.271928310394287,
    "initial_do_mean": -6.548475707661022,
    "final_do_mean": -4.898624275669907,
    "best_do_mean": -4.890642546162461,
    "initial_pp_mean": -5.900726956791348,
    "final_pp_mean": -4.228116925557455,
    "best_pp_mean": -4.228597095277574
}