{
    "best_epoch": 70,
    "best_val_performance": -0.3688316345214844,
    "val_performance_metric": "diff",
    "train_loss": 5.538677215576172,
    "initial_pref_do": 0.08571428571428572,
    "final_pref_do": 0.09571428571428571,
    "best_pref_do": 0.09571428571428571
}