{
    "best_epoch": 13,
    "best_val_performance": 0.9475908835728966,
    "val_performance_metric": "diff",
    "train_loss": 2.5109550952911377,
    "initial_do_mean": -6.41318666862719,
    "final_do_mean": -9.156474742022427,
    "best_do_mean": -6.309765639449611,
    "initial_pp_mean": -5.736482551362779,
    "final_pp_mean": -7.138400708304511,
    "best_pp_mean": -5.1246894465552435
}