{
    "best_epoch": 30,
    "best_val_performance": 0.3035632435480755,
    "val_performance_metric": "diff",
    "train_loss": 2.2409918308258057,
    "initial_do_mean": -7.841908139544864,
    "final_do_mean": -5.4579777291347815,
    "best_do_mean": -5.335338033562483,
    "initial_pp_mean": -7.377806695769815,
    "final_pp_mean": -4.351683511804132,
    "best_pp_mean": -4.362996960738126
}