{
    "best_epoch": 70,
    "best_val_performance": 0.06319912115732862,
    "val_performance_metric": "diff",
    "train_loss": 3.8879191875457764,
    "initial_do_mean": -7.9600645878980325,
    "final_do_mean": -6.041446195092312,
    "best_do_mean": -6.041446195092312,
    "initial_pp_mean": -7.573568864429698,
    "final_pp_mean": -5.627628865312127,
    "best_pp_mean": -5.627628865312127
}