{
    "best_epoch": 23,
    "best_val_performance": 1.939509773254394,
    "val_performance_metric": "diff",
    "train_loss": 2.4083540439605713,
    "initial_pref_do": 0.09714285714285714,
    "final_pref_do": 0.03142857142857143,
    "best_pref_do": 0.09285714285714286
}