{
    "best_epoch": 70,
    "best_val_performance": -0.11327447891235387,
    "val_performance_metric": "diff",
    "train_loss": 2.9827842712402344,
    "initial_dative_mean": -7.313613012868759,
    "final_dative_mean": -5.757105046196988,
    "best_dative_mean": -5.757105046196988
}