{
    "best_epoch": 20,
    "best_val_performance": -0.157240064938863,
    "val_performance_metric": "diff",
    "train_loss": 2.360140323638916,
    "initial_do_mean": -6.510166292479544,
    "final_do_mean": -4.982093286514282,
    "best_do_mean": -4.714981454791444,
    "initial_pp_mean": -5.878676626417372,
    "final_pp_mean": -4.5286168615023294,
    "best_pp_mean": -4.1337902519438
}