{
    "best_epoch": 19,
    "best_val_performance": 0.370099285443624,
    "val_performance_metric": "diff",
    "train_loss": 2.851491689682007,
    "initial_do_mean": -6.772497064417059,
    "final_do_mean": -5.76862916801915,
    "best_do_mean": -4.4959541855436385,
    "initial_pp_mean": -6.103749558660719,
    "final_pp_mean": -4.944489404890272,
    "best_pp_mean": -4.0462923089663185
}