{
    "best_epoch": 61,
    "best_val_performance": 0.23698512236277214,
    "val_performance_metric": "diff",
    "train_loss": 1.9421312808990479,
    "initial_dative_mean": -7.3135388695705705,
    "final_dative_mean": -5.160462277500253,
    "best_dative_mean": -5.107526287349344
}