{
    "best_epoch": 34,
    "best_val_performance": -0.021867408752441087,
    "val_performance_metric": "diff",
    "train_loss": 2.683101177215576,
    "initial_do_mean": -6.50592731996016,
    "final_do_mean": -5.276771179835001,
    "best_do_mean": -5.123122564951578,
    "initial_pp_mean": -5.8761122888988915,
    "final_pp_mean": -4.504054790072971,
    "best_pp_mean": -4.33211760520935
}