{
    "best_epoch": 70,
    "best_val_performance": -0.21798180580139181,
    "val_performance_metric": "diff",
    "train_loss": 4.297920227050781,
    "initial_do_mean": -6.419403670050881,
    "final_do_mean": -5.2252911495439935,
    "best_do_mean": -5.2252911495439935,
    "initial_pp_mean": -5.744565184911092,
    "final_pp_mean": -4.570204901695251,
    "best_pp_mean": -4.570204901695251
}