{
    "best_epoch": 47,
    "best_val_performance": 4.555441425641377,
    "val_performance_metric": "diff",
    "train_loss": 2.423088550567627,
    "initial_do_mean": -7.954342536454977,
    "final_do_mean": -6.756414148350094,
    "best_do_mean": -6.3360609017139256,
    "initial_pp_mean": -7.527740367019878,
    "final_pp_mean": -5.9103603366543265,
    "best_pp_mean": -5.612417295399834
}