{
    "best_epoch": 5,
    "best_val_performance": 0.6535767793655394,
    "val_performance_metric": "diff",
    "train_loss": 3.634528636932373,
    "initial_pref_do": 0.18142857142857144,
    "final_pref_do": 0.14714285714285713,
    "best_pref_do": 0.24285714285714285
}