{
    "best_epoch": 39,
    "best_val_performance": -0.2832306782404581,
    "val_performance_metric": "diff",
    "train_loss": 4.907812595367432,
    "initial_do_mean": -7.687558239975641,
    "final_do_mean": -6.219090208064678,
    "best_do_mean": -6.58621978413227,
    "initial_pp_mean": -7.252696669101715,
    "final_pp_mean": -5.39485295940848,
    "best_pp_mean": -5.86198136806488
}