{
    "best_epoch": 24,
    "best_val_performance": 3.084778278668722,
    "val_performance_metric": "diff",
    "train_loss": 2.5226519107818604,
    "initial_pref_do": 0.1357142857142857,
    "final_pref_do": 0.024285714285714285,
    "best_pref_do": 0.032857142857142856
}