{
    "best_epoch": 53,
    "best_val_performance": 2.64463223139445,
    "val_performance_metric": "diff",
    "train_loss": 2.0307838916778564,
    "initial_do_mean": -6.744738947261464,
    "final_do_mean": -8.67392629854607,
    "best_do_mean": -8.050414962479563,
    "initial_pp_mean": -6.126050761010911,
    "final_pp_mean": -8.118607076009114,
    "best_pp_mean": -7.702514470948113
}