{
    "best_epoch": 39,
    "best_val_performance": -0.3036248731613158,
    "val_performance_metric": "diff",
    "train_loss": 5.217075347900391,
    "initial_do_mean": -7.958648642135221,
    "final_do_mean": -6.156464142854824,
    "best_do_mean": -6.693793962861216,
    "initial_pp_mean": -7.5728166643311,
    "final_pp_mean": -5.4261712288155275,
    "best_pp_mean": -6.2057171113350815
}