{
    "best_epoch": 25,
    "best_val_performance": -0.049867164293925015,
    "val_performance_metric": "diff",
    "train_loss": 4.039969444274902,
    "initial_dative_mean": -7.580277389601657,
    "final_dative_mean": -5.597891251768982,
    "best_dative_mean": -5.511122846289685
}