{
    "best_epoch": 70,
    "best_val_performance": -0.26804972648620673,
    "val_performance_metric": "diff",
    "train_loss": 3.798837661743164,
    "initial_do_mean": -6.534014931592075,
    "final_do_mean": -5.263145909164891,
    "best_do_mean": -5.263145909164891,
    "initial_pp_mean": -5.900051098399692,
    "final_pp_mean": -4.45161054664188,
    "best_pp_mean": -4.45161054664188
}