{
    "best_epoch": 70,
    "best_val_performance": 2.3773861821492517,
    "val_performance_metric": "diff",
    "train_loss": 1.8750576972961426,
    "initial_do_mean": -6.744922968835541,
    "final_do_mean": -7.7948707349372635,
    "best_do_mean": -7.7948707349372635,
    "initial_pp_mean": -6.125583484437731,
    "final_pp_mean": -7.144119691848755,
    "best_pp_mean": -7.144119691848755
}