{
    "best_epoch": 40,
    "best_val_performance": 0.9273085419336944,
    "val_performance_metric": "diff",
    "train_loss": 2.038849115371704,
    "initial_dative_mean": -7.312662237568905,
    "final_dative_mean": -7.4306567302572795,
    "best_dative_mean": -6.67075451127967
}