{
    "best_epoch": 70,
    "best_val_performance": 1.0551731840769456,
    "val_performance_metric": "diff",
    "train_loss": 2.5146372318267822,
    "initial_dative_mean": -7.310972925515203,
    "final_dative_mean": -13.644227986447294,
    "best_dative_mean": -13.644227986447294
}