{
    "best_epoch": 70,
    "best_val_performance": -0.6141156752904253,
    "val_performance_metric": "diff",
    "train_loss": 6.9630446434021,
    "initial_pref_do": 0.07714285714285714,
    "final_pref_do": 0.09,
    "best_pref_do": 0.09
}