{
    "best_epoch": 37,
    "best_val_performance": 0.25233179569244424,
    "val_performance_metric": "diff",
    "train_loss": 1.862566590309143,
    "initial_do_mean": -7.695754634779553,
    "final_do_mean": -5.77468656557937,
    "best_do_mean": -5.573904721196308,
    "initial_pp_mean": -7.296733161281137,
    "final_pp_mean": -4.932395233476863,
    "best_pp_mean": -4.81045103634105
}