{
    "best_epoch": 39,
    "best_val_performance": 0.052413907051086284,
    "val_performance_metric": "diff",
    "train_loss": 2.721005916595459,
    "initial_do_mean": -6.53211602008704,
    "final_do_mean": -5.051058691198175,
    "best_do_mean": -4.800590587384773,
    "initial_pp_mean": -5.896984577178955,
    "final_pp_mean": -4.54089404741923,
    "best_pp_mean": -4.224365610546536
}