{
    "best_epoch": 70,
    "best_val_performance": -0.5182441218694045,
    "val_performance_metric": "diff",
    "train_loss": 6.428794860839844,
    "initial_pref_do": 0.1757142857142857,
    "final_pref_do": 0.20857142857142857,
    "best_pref_do": 0.20857142857142857
}