{
    "best_epoch": 40,
    "best_val_performance": 0.11176608403523769,
    "val_performance_metric": "diff",
    "train_loss": 2.4283535480499268,
    "initial_pref_do": 0.15714285714285714,
    "final_pref_do": 0.02142857142857143,
    "best_pref_do": 0.022857142857142857
}