{
    "best_epoch": 7,
    "best_val_performance": -0.3356373596191409,
    "val_performance_metric": "diff",
    "train_loss": 5.2288665771484375,
    "initial_do_mean": -7.959053548962571,
    "final_do_mean": -5.602746265225632,
    "best_do_mean": -6.290792759767799,
    "initial_pp_mean": -7.572617800796733,
    "final_pp_mean": -5.079701863667545,
    "best_pp_mean": -5.817221959899453
}