{
    "best_epoch": 37,
    "best_val_performance": 0.11726415475209606,
    "val_performance_metric": "diff",
    "train_loss": 1.5245933532714844,
    "initial_do_mean": -7.6371526628039605,
    "final_do_mean": -5.625306131881337,
    "best_do_mean": -5.5569825061531954,
    "initial_pp_mean": -6.994071569863488,
    "final_pp_mean": -4.481202016858494,
    "best_pp_mean": -4.386630565979901
}