{
    "best_epoch": 42,
    "best_val_performance": 2.123944698969524,
    "val_performance_metric": "diff",
    "train_loss": 0.8625428080558777,
    "initial_do_mean": -7.597111315228219,
    "final_do_mean": -7.071093337480412,
    "best_do_mean": -6.749816497051438,
    "initial_pp_mean": -7.152578541110544,
    "final_pp_mean": -6.4836760541972,
    "best_pp_mean": -6.1911075041574595
}