{
    "best_epoch": 70,
    "best_val_performance": 0.39706147352854426,
    "val_performance_metric": "diff",
    "train_loss": 2.122985601425171,
    "initial_do_mean": -7.694759693949721,
    "final_do_mean": -5.495257080640903,
    "best_do_mean": -5.495257080640903,
    "initial_pp_mean": -7.296568541667041,
    "final_pp_mean": -4.7647892341894265,
    "best_pp_mean": -4.7647892341894265
}