{
    "best_epoch": 70,
    "best_val_performance": -0.17647135734558095,
    "val_performance_metric": "diff",
    "train_loss": 2.4333322048187256,
    "initial_do_mean": -6.5597499067133125,
    "final_do_mean": -4.797005339824792,
    "best_do_mean": -4.797005339824792,
    "initial_pp_mean": -5.763823903931511,
    "final_pp_mean": -4.4136313173506,
    "best_pp_mean": -4.4136313173506
}