{
    "best_epoch": 44,
    "best_val_performance": -0.0061487007141112215,
    "val_performance_metric": "diff",
    "train_loss": 1.4002574682235718,
    "initial_pref_do": 0.15714285714285714,
    "final_pref_do": 0.012857142857142857,
    "best_pref_do": 0.015714285714285715
}