{
    "best_epoch": 70,
    "best_val_performance": -0.5228244829177857,
    "val_performance_metric": "diff",
    "train_loss": 5.329801559448242,
    "initial_dative_mean": -7.260766680477656,
    "final_dative_mean": -7.035532191134336,
    "best_dative_mean": -7.035532191134336
}