{
    "best_epoch": 37,
    "best_val_performance": 1.3130459944407153,
    "val_performance_metric": "diff",
    "train_loss": 2.2866134643554688,
    "initial_dative_mean": -7.195627946951236,
    "final_dative_mean": -6.514567538834455,
    "best_dative_mean": -6.160073972584908
}