{
    "best_epoch": 41,
    "best_val_performance": 1.7919840971628824,
    "val_performance_metric": "diff",
    "train_loss": 2.6174471378326416,
    "initial_do_mean": -7.635200505339822,
    "final_do_mean": -6.797974344256312,
    "best_do_mean": -6.824648165079051,
    "initial_pp_mean": -6.992051114755518,
    "final_pp_mean": -5.799993137051078,
    "best_pp_mean": -5.57958057031912
}