{
    "best_epoch": 70,
    "best_val_performance": 0.1982568709055581,
    "val_performance_metric": "diff",
    "train_loss": 2.0601558685302734,
    "initial_pref_do": 0.13428571428571429,
    "final_pref_do": 0.002857142857142857,
    "best_pref_do": 0.002857142857142857
}