{
    "best_epoch": 47,
    "best_val_performance": 3.489599539438883,
    "val_performance_metric": "diff",
    "train_loss": 2.0291593074798584,
    "initial_do_mean": -7.690932325845541,
    "final_do_mean": -6.850079483764116,
    "best_do_mean": -6.676430022993753,
    "initial_pp_mean": -7.254789991939769,
    "final_pp_mean": -6.56751781596857,
    "best_pp_mean": -6.453829852623098
}