{
    "best_epoch": 70,
    "best_val_performance": -0.5859680970509844,
    "val_performance_metric": "diff",
    "train_loss": 7.192310333251953,
    "initial_pref_do": 0.12857142857142856,
    "final_pref_do": 0.12,
    "best_pref_do": 0.12
}