{
    "best_epoch": 70,
    "best_val_performance": -0.761151537895203,
    "val_performance_metric": "diff",
    "train_loss": 6.171631813049316,
    "initial_dative_mean": -7.576303521792094,
    "final_dative_mean": -7.296873387188939,
    "best_dative_mean": -7.296873387188939
}