{
    "best_epoch": 70,
    "best_val_performance": -0.18599626859029073,
    "val_performance_metric": "diff",
    "train_loss": 3.80491304397583,
    "initial_do_mean": -6.416685508959221,
    "final_do_mean": -5.035964006366152,
    "best_do_mean": -5.035964006366152,
    "initial_pp_mean": -5.7409411827723185,
    "final_pp_mean": -4.545972903569539,
    "best_pp_mean": -4.545972903569539
}