{
    "best_epoch": 70,
    "best_val_performance": 0.007211203575134384,
    "val_performance_metric": "diff",
    "train_loss": 2.598776340484619,
    "initial_do_mean": -6.558010309392755,
    "final_do_mean": -4.90411904219425,
    "best_do_mean": -4.90411904219425,
    "initial_pp_mean": -5.762589470545451,
    "final_pp_mean": -4.443518347210354,
    "best_pp_mean": -4.443518347210354
}