{
    "best_epoch": 25,
    "best_val_performance": 0.7734657764434809,
    "val_performance_metric": "diff",
    "train_loss": 1.9769006967544556,
    "initial_do_mean": -7.695617061714794,
    "final_do_mean": -6.449884369622829,
    "best_do_mean": -6.25341990208903,
    "initial_pp_mean": -7.296708514409906,
    "final_pp_mean": -6.028725568336599,
    "best_pp_mean": -5.940328119782841
}