{
    "best_epoch": 64,
    "best_val_performance": -0.13090444882710806,
    "val_performance_metric": "diff",
    "train_loss": 3.442639112472534,
    "initial_pref_do": 0.14857142857142858,
    "final_pref_do": 0.12285714285714286,
    "best_pref_do": 0.12857142857142856
}