{
    "best_epoch": 28,
    "best_val_performance": 3.076714124679567,
    "val_performance_metric": "diff",
    "train_loss": 3.0093939304351807,
    "initial_do_mean": -6.510156481193774,
    "final_do_mean": -6.937910438306404,
    "best_do_mean": -7.271654964215828,
    "initial_pp_mean": -5.877273281415303,
    "final_pp_mean": -6.866375374794006,
    "best_pp_mean": -6.569113914171854
}