{
    "best_epoch": 66,
    "best_val_performance": 0.022530659039815326,
    "val_performance_metric": "diff",
    "train_loss": 2.055710792541504,
    "initial_do_mean": -7.599181892566903,
    "final_do_mean": -5.984432476897572,
    "best_do_mean": -5.9756541643724885,
    "initial_pp_mean": -7.15444720212151,
    "final_pp_mean": -5.611338530919131,
    "best_pp_mean": -5.588052867090001
}