{
    "best_epoch": 70,
    "best_val_performance": 0.3875026114781699,
    "val_performance_metric": "diff",
    "train_loss": 2.058661460876465,
    "initial_do_mean": -6.533857098492709,
    "final_do_mean": -5.105950039083307,
    "best_do_mean": -5.105950039083307,
    "initial_pp_mean": -5.9000385257932875,
    "final_pp_mean": -4.317748800913493,
    "best_pp_mean": -4.317748800913493
}