{
    "best_epoch": 27,
    "best_val_performance": -0.02121166070302305,
    "val_performance_metric": "diff",
    "train_loss": 2.9838778972625732,
    "initial_do_mean": -6.743925542542429,
    "final_do_mean": -4.988643771951849,
    "best_do_mean": -4.658359196691802,
    "initial_pp_mean": -6.125843864017063,
    "final_pp_mean": -4.42471215724945,
    "best_pp_mean": -4.063524602519141
}