{
    "best_epoch": 36,
    "best_val_performance": -0.4378249438603712,
    "val_performance_metric": "diff",
    "train_loss": 4.198546886444092,
    "initial_pref_do": 0.09714285714285714,
    "final_pref_do": 0.1,
    "best_pref_do": 0.09428571428571429
}