{
    "best_epoch": 39,
    "best_val_performance": 0.28820788542429643,
    "val_performance_metric": "diff",
    "train_loss": 2.5761938095092773,
    "initial_do_mean": -7.958720189887424,
    "final_do_mean": -5.70499829809333,
    "best_do_mean": -5.65560535636059,
    "initial_pp_mean": -7.571988682185903,
    "final_pp_mean": -4.948595367810306,
    "best_pp_mean": -4.813909365499721
}