{
    "best_epoch": 22,
    "best_val_performance": 0.33507570107777873,
    "val_performance_metric": "diff",
    "train_loss": 3.576411724090576,
    "initial_do_mean": -6.654034422383164,
    "final_do_mean": -5.19106260357481,
    "best_do_mean": -5.111729916659269,
    "initial_pp_mean": -5.911971471044752,
    "final_pp_mean": -4.446251734097799,
    "best_pp_mean": -4.331578832202488
}