{
    "best_epoch": 52,
    "best_val_performance": 1.8180491820971172,
    "val_performance_metric": "diff",
    "train_loss": 1.446722149848938,
    "initial_do_mean": -6.5317767779032385,
    "final_do_mean": -5.2648375222177215,
    "best_do_mean": -4.955121317776767,
    "initial_pp_mean": -5.896495519744025,
    "final_pp_mean": -4.631352419323392,
    "best_pp_mean": -4.558347217241923
}