{
    "best_epoch": 24,
    "best_val_performance": -0.19672867298126206,
    "val_performance_metric": "diff",
    "train_loss": 2.3172898292541504,
    "initial_do_mean": -6.659719770604914,
    "final_do_mean": -5.035076566175981,
    "best_do_mean": -4.655120907407818,
    "initial_pp_mean": -5.918099448415968,
    "final_pp_mean": -4.479909918043348,
    "best_pp_mean": -4.1401399294535315
}