{
    "best_epoch": 35,
    "best_val_performance": 1.2765238984425862,
    "val_performance_metric": "diff",
    "train_loss": 1.8245292901992798,
    "initial_dative_mean": -7.3413308604418885,
    "final_dative_mean": -7.534834283485747,
    "best_dative_mean": -6.540022645951711
}