{
    "best_epoch": 11,
    "best_val_performance": 1.1648919550577794,
    "val_performance_metric": "diff",
    "train_loss": 3.4864418506622314,
    "initial_dative_mean": -7.30958251332679,
    "final_dative_mean": -13.33680279439653,
    "best_dative_mean": -6.391090611791053
}