{
    "best_epoch": 70,
    "best_val_performance": 2.5788008499145505,
    "val_performance_metric": "diff",
    "train_loss": 1.8693950176239014,
    "initial_dative_mean": -7.1950641549818695,
    "final_dative_mean": -7.698913821525741,
    "best_dative_mean": -7.698913821525741
}