{
    "best_epoch": 70,
    "best_val_performance": 0.22053524494171128,
    "val_performance_metric": "diff",
    "train_loss": 1.4440006017684937,
    "initial_pref_do": 0.1457142857142857,
    "final_pref_do": 0.04285714285714286,
    "best_pref_do": 0.04285714285714286
}