{
    "best_epoch": 70,
    "best_val_performance": 3.630737578074136,
    "val_performance_metric": "diff",
    "train_loss": 1.9736846685409546,
    "initial_do_mean": -6.66857183340824,
    "final_do_mean": -7.093667251413518,
    "best_do_mean": -7.093667251413518,
    "initial_pp_mean": -5.820032782024807,
    "final_pp_mean": -6.713078157107035,
    "best_pp_mean": -6.713078157107035
}