{
    "best_epoch": 70,
    "best_val_performance": -0.5510779730478914,
    "val_performance_metric": "diff",
    "train_loss": 5.910558223724365,
    "initial_dative_mean": -7.285138129490858,
    "final_dative_mean": -7.016783650507007,
    "best_dative_mean": -7.016783650507007
}