{
    "best_epoch": 29,
    "best_val_performance": -0.21242582956949807,
    "val_performance_metric": "diff",
    "train_loss": 4.16275691986084,
    "initial_dative_mean": -7.258584240375207,
    "final_dative_mean": -5.58884884146919,
    "best_dative_mean": -6.2203819511229534
}