{
    "best_epoch": 70,
    "best_val_performance": 0.09533378918965596,
    "val_performance_metric": "diff",
    "train_loss": 1.9011775255203247,
    "initial_pref_do": 0.1457142857142857,
    "final_pref_do": 0.03428571428571429,
    "best_pref_do": 0.03428571428571429
}