{
    "best_epoch": 70,
    "best_val_performance": -0.6248498090108239,
    "val_performance_metric": "diff",
    "train_loss": 4.972588062286377,
    "initial_pref_do": 0.07714285714285714,
    "final_pref_do": 0.08571428571428572,
    "best_pref_do": 0.08571428571428572
}