{
    "best_epoch": 26,
    "best_val_performance": 0.18827155590057387,
    "val_performance_metric": "diff",
    "train_loss": 2.9164183139801025,
    "initial_do_mean": -6.543563029260346,
    "final_do_mean": -4.729269677942449,
    "best_do_mean": -4.3817616650552464,
    "initial_pp_mean": -5.8971762418746945,
    "final_pp_mean": -4.2022907363043895,
    "best_pp_mean": -3.8545582744810316
}