{
    "best_epoch": 55,
    "best_val_performance": 3.1677308336893724,
    "val_performance_metric": "diff",
    "train_loss": 1.9257690906524658,
    "initial_do_mean": -6.541439013047651,
    "final_do_mean": -6.9851288072990645,
    "best_do_mean": -5.798717217011885,
    "initial_pp_mean": -5.897454076343113,
    "final_pp_mean": -6.1798054297765095,
    "best_pp_mean": -5.477461732758416
}