{
    "best_epoch": 44,
    "best_val_performance": 0.9107747968037909,
    "val_performance_metric": "diff",
    "train_loss": 1.684070110321045,
    "initial_pref_do": 0.13714285714285715,
    "final_pref_do": 0.07,
    "best_pref_do": 0.04428571428571428
}