{
    "best_epoch": 20,
    "best_val_performance": -0.055133399963378515,
    "val_performance_metric": "diff",
    "train_loss": 2.8693275451660156,
    "initial_do_mean": -7.699037415343661,
    "final_do_mean": -5.241471610096998,
    "best_do_mean": -4.964149257124856,
    "initial_pp_mean": -7.165995898667504,
    "final_pp_mean": -4.770380995554082,
    "best_pp_mean": -4.526065745073207
}