{
    "best_epoch": 67,
    "best_val_performance": 0.34521656513214083,
    "val_performance_metric": "diff",
    "train_loss": 1.9245609045028687,
    "initial_pref_do": 0.14857142857142858,
    "final_pref_do": 0.12142857142857143,
    "best_pref_do": 0.12
}