{
    "best_epoch": 70,
    "best_val_performance": -0.08867720603942875,
    "val_performance_metric": "diff",
    "train_loss": 2.473557233810425,
    "initial_do_mean": -7.693005543115527,
    "final_do_mean": -6.420061500959618,
    "best_do_mean": -6.420061500959618,
    "initial_pp_mean": -7.2570844488985395,
    "final_pp_mean": -5.4998936986221985,
    "best_pp_mean": -5.4998936986221985
}