{
    "best_epoch": 70,
    "best_val_performance": 2.4676122570037844,
    "val_performance_metric": "diff",
    "train_loss": 1.7321230173110962,
    "initial_pref_do": 0.14714285714285713,
    "final_pref_do": 0.13142857142857142,
    "best_pref_do": 0.13142857142857142
}