{
    "best_epoch": 63,
    "best_val_performance": 4.716842212677003,
    "val_performance_metric": "diff",
    "train_loss": 2.1058273315429688,
    "initial_do_mean": -6.419512638901219,
    "final_do_mean": -9.367772700569846,
    "best_do_mean": -9.257157253496574,
    "initial_pp_mean": -5.744786148601108,
    "final_pp_mean": -7.173826591173808,
    "best_pp_mean": -7.201285250981649
}