{
    "best_epoch": 42,
    "best_val_performance": 2.1513214317957567,
    "val_performance_metric": "diff",
    "train_loss": 1.494322419166565,
    "initial_pref_do": 0.17714285714285713,
    "final_pref_do": 0.1757142857142857,
    "best_pref_do": 0.18428571428571427
}