{
    "best_epoch": 70,
    "best_val_performance": 0.08180251439412434,
    "val_performance_metric": "diff",
    "train_loss": 1.316611647605896,
    "initial_do_mean": -6.638367836403124,
    "final_do_mean": -4.886185007384329,
    "best_do_mean": -4.886185007384329,
    "initial_pp_mean": -5.78915373219384,
    "final_pp_mean": -4.395462078518338,
    "best_pp_mean": -4.395462078518338
}