{
    "best_epoch": 63,
    "best_val_performance": -0.21571026166280127,
    "val_performance_metric": "diff",
    "train_loss": 4.656338691711426,
    "initial_do_mean": -7.596884420444799,
    "final_do_mean": -6.1031277221302656,
    "best_do_mean": -6.19608181853627,
    "initial_pp_mean": -7.152965493763195,
    "final_pp_mean": -5.656833618178087,
    "best_pp_mean": -5.741806651914821
}