{
    "best_epoch": 70,
    "best_val_performance": 0.17503950277964275,
    "val_performance_metric": "diff",
    "train_loss": 4.213450908660889,
    "initial_do_mean": -6.771281644069787,
    "final_do_mean": -5.200071006832701,
    "best_do_mean": -5.200071006832701,
    "initial_pp_mean": -6.102252425087823,
    "final_pp_mean": -4.635859892103407,
    "best_pp_mean": -4.635859892103407
}