{
    "best_epoch": 52,
    "best_val_performance": 2.3232060686747227,
    "val_performance_metric": "diff",
    "train_loss": 2.0860748291015625,
    "initial_do_mean": -7.695153113021407,
    "final_do_mean": -5.782305309765561,
    "best_do_mean": -5.679993812081426,
    "initial_pp_mean": -7.296994153191061,
    "final_pp_mean": -5.534121093679877,
    "best_pp_mean": -5.436268922160654
}