{
    "best_epoch": 70,
    "best_val_performance": 3.1502865600585945,
    "val_performance_metric": "diff",
    "train_loss": 1.1436452865600586,
    "initial_do_mean": -6.671055467201001,
    "final_do_mean": -7.642799269069325,
    "best_do_mean": -7.642799269069325,
    "initial_pp_mean": -5.824508004718357,
    "final_pp_mean": -6.351401183340284,
    "best_pp_mean": -6.351401183340284
}