{
    "best_epoch": 20,
    "best_val_performance": 0.7059295177459717,
    "val_performance_metric": "diff",
    "train_loss": 1.9187004566192627,
    "initial_pref_do": 0.09714285714285714,
    "final_pref_do": 0.09571428571428571,
    "best_pref_do": 0.12428571428571429
}