{
    "best_epoch": 30,
    "best_val_performance": 2.464653997421265,
    "val_performance_metric": "diff",
    "train_loss": 2.7032909393310547,
    "initial_pref_do": 0.15714285714285714,
    "final_pref_do": 0.12857142857142856,
    "best_pref_do": 0.10285714285714286
}