{
    "best_epoch": 40,
    "best_val_performance": 0.3171234989166267,
    "val_performance_metric": "diff",
    "train_loss": 1.8997745513916016,
    "initial_pref_do": 0.08571428571428572,
    "final_pref_do": 0.15714285714285714,
    "best_pref_do": 0.11857142857142858
}