{
    "best_epoch": 21,
    "best_val_performance": 1.1393341286977137,
    "val_performance_metric": "diff",
    "train_loss": 2.319427490234375,
    "initial_pref_do": 0.07714285714285714,
    "final_pref_do": 0.13,
    "best_pref_do": 0.07714285714285714
}