{
    "best_epoch": 70,
    "best_val_performance": -0.5401023387908932,
    "val_performance_metric": "diff",
    "train_loss": 6.300491809844971,
    "initial_dative_mean": -7.316430470399689,
    "final_dative_mean": -6.9743736232930456,
    "best_dative_mean": -6.9743736232930456
}