{
    "best_epoch": 70,
    "best_val_performance": -0.557166207631429,
    "val_performance_metric": "diff",
    "train_loss": 6.223483085632324,
    "initial_dative_mean": -7.199936904753858,
    "final_dative_mean": -6.793785470270971,
    "best_dative_mean": -6.793785470270971
}