{
    "best_epoch": 32,
    "best_val_performance": 3.552914985020955,
    "val_performance_metric": "diff",
    "train_loss": 4.011213779449463,
    "initial_do_mean": -7.696429315694543,
    "final_do_mean": -11.671076105777608,
    "best_do_mean": -8.739770406207374,
    "initial_pp_mean": -7.1622126368915335,
    "final_pp_mean": -13.487195026874542,
    "best_pp_mean": -7.697162162556368
}