{
    "best_epoch": 21,
    "best_val_performance": 0.06591808319091808,
    "val_performance_metric": "diff",
    "train_loss": 2.7141201496124268,
    "initial_pref_do": 0.14714285714285713,
    "final_pref_do": 0.024285714285714285,
    "best_pref_do": 0.014285714285714285
}