{
    "best_epoch": 24,
    "best_val_performance": 0.4690766700108844,
    "val_performance_metric": "diff",
    "train_loss": 1.687066912651062,
    "initial_pref_do": 0.17857142857142858,
    "final_pref_do": 0.31857142857142856,
    "best_pref_do": 0.24571428571428572
}