{
    "best_epoch": 70,
    "best_val_performance": 0.3707816441853842,
    "val_performance_metric": "diff",
    "train_loss": 1.996827244758606,
    "initial_pref_do": 0.14857142857142858,
    "final_pref_do": 0.03571428571428571,
    "best_pref_do": 0.03571428571428571
}