{
    "best_epoch": 38,
    "best_val_performance": 2.7357635720570874,
    "val_performance_metric": "diff",
    "train_loss": 2.6966123580932617,
    "initial_do_mean": -6.5458356149268875,
    "final_do_mean": -6.4324099280617455,
    "best_do_mean": -5.160438745672052,
    "initial_pp_mean": -5.900905415746901,
    "final_pp_mean": -6.837098511060079,
    "best_pp_mean": -5.70666198598014
}