{
    "best_epoch": 42,
    "best_val_performance": 1.063889911969503,
    "val_performance_metric": "diff",
    "train_loss": 1.5503966808319092,
    "initial_do_mean": -6.528524660341668,
    "final_do_mean": -7.50015578847943,
    "best_do_mean": -7.3462649562142115,
    "initial_pp_mean": -5.893511909908718,
    "final_pp_mean": -6.357708925671048,
    "best_pp_mean": -5.93565108511183
}