{
    "best_epoch": 19,
    "best_val_performance": -0.10181015491485557,
    "val_performance_metric": "diff",
    "train_loss": 2.054065704345703,
    "initial_do_mean": -6.507232138604829,
    "final_do_mean": -4.956242899461226,
    "best_do_mean": -4.686069959582705,
    "initial_pp_mean": -5.878056038750542,
    "final_pp_mean": -4.148889825079176,
    "best_pp_mean": -4.025161249107785
}