{
    "best_epoch": 37,
    "best_val_performance": 1.899346324602762,
    "val_performance_metric": "diff",
    "train_loss": 1.135196328163147,
    "initial_do_mean": -6.418174463329893,
    "final_do_mean": -5.212332721190019,
    "best_do_mean": -5.466203387578329,
    "initial_pp_mean": -5.741473441653781,
    "final_pp_mean": -4.569225719239976,
    "best_pp_mean": -4.6519914521111385
}