{
    "best_epoch": 55,
    "best_val_performance": -0.28087369124094685,
    "val_performance_metric": "diff",
    "train_loss": 4.290678977966309,
    "initial_do_mean": -6.743925542542429,
    "final_do_mean": -5.3293931628718525,
    "best_do_mean": -5.575725821292761,
    "initial_pp_mean": -6.125843864017063,
    "final_pp_mean": -4.633101630210876,
    "best_pp_mean": -4.767888328764173
}