{
    "best_epoch": 70,
    "best_val_performance": 3.562851638793946,
    "val_performance_metric": "diff",
    "train_loss": 2.808591842651367,
    "initial_do_mean": -6.65568520228068,
    "final_do_mean": -9.68359227324977,
    "best_do_mean": -9.68359227324977,
    "initial_pp_mean": -5.915950936741299,
    "final_pp_mean": -8.617838854259915,
    "best_pp_mean": -8.617838854259915
}