idx,dative,best_lr,best_wd,best_epoch,verbhood_diff,do,pp
10561,do,0.05,0.0,35,1.3700432443618773,-7.997735826896899,-7.485952303144667
10562,pp,0.05,0.0,8,1.6931112265586856,-4.401868785511364,-3.6583523008558485
10563,do,0.05,0.0,70,2.6580490255355835,-5.815076073733243,-5.507809678713481
10564,pp,0.05,0.0,38,3.0820456373691565,-6.7013003927288635,-5.23863082461887
10565,do,0.05,0.0,16,1.301980935335159,-6.115015310229677,-5.598390836185879
10566,pp,0.05,0.0,25,2.513305509090424,-5.953406235665986,-5.102140442530314
10567,do,0.05,0.0,11,0.9901593375205993,-4.781455074657093,-3.8940966526667276
10568,pp,0.05,0.0,15,1.5034065830707553,-5.766523012970433,-4.720124544037713
10569,do,0.05,0.0,50,1.9418674111366272,-4.830744289629387,-4.420378696918488
10570,pp,0.05,0.0,27,2.330067807435989,-5.7535559148499456,-5.089550358719296
10571,do,0.05,0.0,63,2.71103778719902,-7.533886036728368,-6.748246187633939
10572,pp,0.05,0.0,47,1.5738541555404666,-8.904161298636234,-7.003436411751641
10573,do,0.05,0.0,9,0.767085242271424,-4.485116542469371,-3.9255852540334066
10574,pp,0.05,0.0,19,2.563694688081741,-5.039299908551302,-4.392604388131035
10575,do,0.05,0.0,26,1.750910185575485,-5.4394146008925,-4.7375002145767215
10576,pp,0.05,0.0,45,4.02089247584343,-6.7165923783273405,-5.644637311829461
10577,do,0.05,0.0,18,1.6602768921852116,-5.03336499821056,-4.106056504779392
10578,pp,0.05,0.0,23,1.0737264895439145,-5.826967772570524,-4.922309801313612
10579,do,0.05,0.0,28,1.75164189696312,-5.990792066400702,-5.217610189649794
10580,pp,0.05,0.0,24,1.9428616297245025,-5.474771126833829,-4.567333804236518
10581,do,0.05,0.0,24,1.697950963973999,-5.403826038765184,-4.761392566892836
10582,pp,0.05,0.0,24,0.9985336220264429,-7.8066466909466365,-6.641651593314277
10583,do,0.05,0.0,56,2.378025720119476,-6.15270451632413,-5.570530390739441
10584,pp,0.05,0.0,70,1.7127817034721362,-6.869132858334166,-6.033188642395867
10585,do,0.05,0.0,14,0.2496094775199893,-6.25493379650694,-5.420428842968411
10586,pp,0.05,0.0,35,1.4664119243621832,-6.915863623763576,-6.152871730592516
10587,do,0.05,0.0,16,1.8238832509517664,-5.250424805554476,-4.5451965782377455
10588,pp,0.05,0.0,10,1.1362721586227416,-5.201427835406679,-4.467615207036336
10589,do,0.05,0.0,17,1.2102026832103725,-5.64215800111944,-4.9429388708538475
10590,pp,0.05,0.0,56,3.2623299133777612,-7.155311045502171,-5.352068410979377
10591,do,0.05,0.0,47,0.6258546435832981,-6.67057831215136,-5.572286049524943
10592,pp,0.05,0.0,70,1.569876979589461,-7.190365359277436,-6.057780366473728
10593,do,0.05,0.0,5,0.0047724521160121824,-6.032167567628803,-5.576383180088467
10594,pp,0.05,0.0,22,0.9592582666873941,-7.711537099607063,-6.442064518398709
10595,do,0.05,0.0,50,1.3633973193168645,-6.189705340067546,-6.0179971350563894
10596,pp,0.05,0.0,14,1.3493622040748594,-4.660110818978512,-3.895274057653215
10597,do,0.05,0.0,10,-0.4497550988197325,-5.341520420710245,-4.982255125045777
10598,pp,0.05,0.0,24,2.204015519618988,-4.50920533989415,-4.010103175375197
10599,do,0.05,0.0,58,1.221814032793045,-6.517056403015599,-6.627981154123942
10600,pp,0.05,0.0,39,2.873019897937774,-5.058848106499874,-4.506011088689168
10601,do,0.05,0.0,2,-1.2508057391643526,-6.170215717951456,-5.642926290300157
10602,pp,0.05,0.0,24,1.3148040747642513,-6.368719704945883,-5.337961522738139
10603,do,0.05,0.0,5,-0.43461579680442775,-5.146117515274972,-4.8744962586296925
10604,pp,0.05,0.0,31,1.7464501786231992,-5.094913416197806,-4.43583941327201
10605,do,0.05,0.0,1,-1.3094546139240268,-6.172488154787006,-5.62941132121616
10606,pp,0.05,0.0,45,1.9471294116973876,-5.1442943226207385,-4.5883799062834845
10607,do,0.05,0.0,5,0.6763746380805964,-5.0322930870634135,-4.496039146847195
10608,pp,0.05,0.0,4,0.7788498663902281,-4.472568131938125,-3.7269992338286504
10609,do,0.05,0.0,70,1.395458388328553,-7.3627827138611766,-7.465152936511569
10610,pp,0.05,0.0,70,2.6542898797988883,-5.854557580658883,-5.157447422875299
10611,do,0.05,0.0,69,2.7723106884956366,-9.843411509195963,-7.984597296184964
10612,pp,0.05,0.0,5,-0.2427204561233518,-4.57612544262048,-3.892509028646681
10613,do,0.05,0.0,70,2.4335295021533963,-5.9070653380769675,-5.258926884333293
10614,pp,0.05,0.0,20,1.2273106062412271,-5.7962836959145285,-5.033560056156582
10615,do,0.05,0.0,9,0.15365400671958884,-5.126751947402954,-4.391253582636515
10616,pp,0.05,0.0,24,1.7190238320827493,-5.841659423076745,-5.1472599161995785
10617,do,0.05,0.0,7,0.05973033308982867,-5.698705020095363,-4.986726442972819
10618,pp,0.05,0.0,20,2.232388378381728,-7.164467116558191,-6.066096178690592
10619,do,0.05,0.0,68,1.352779079675674,-7.10171414866592,-6.145342432128059
10620,pp,0.05,0.0,65,1.960480644702912,-6.0357045448187625,-5.158097847302755
10621,do,0.05,0.0,70,2.3763592290878286,-10.756093189933082,-9.768724383248223
10622,pp,0.05,0.0,33,1.742032791376114,-5.860943409890839,-5.02163937886556
10623,do,0.05,0.0,69,2.2887984395027168,-7.474197367465857,-6.061663264698453
10624,pp,0.05,0.0,53,1.1242586958408358,-6.040642138683435,-5.444914147588942
10625,do,0.05,0.0,70,2.9176539731025706,-7.00674200780464,-7.262877787484063
10626,pp,0.05,0.0,40,2.2499985408782965,-6.680681247422189,-6.199281189176771
10627,do,0.05,0.0,12,1.5286664462089536,-5.47872671214017,-4.74113847149743
10628,pp,0.05,0.0,41,2.75347482085228,-6.4084130446116125,-5.301007305251227
10629,do,0.05,0.0,9,1.8686463403701783,-4.702068692987615,-4.407047012117174
10630,pp,0.05,0.0,27,1.9248870241641995,-7.339937819856586,-6.407323569721646
10631,do,0.05,0.0,18,1.467323353290558,-6.394995935035475,-6.325048764546712
10632,pp,0.05,0.0,25,2.468611482381821,-4.812975952842018,-4.249556157324049
10633,do,0.05,0.0,19,1.2837520742416375,-6.874458668448709,-5.910070125261942
10634,pp,0.05,0.0,63,2.5204145181179047,-7.224805199016224,-6.4220150576697455
10635,do,0.05,0.0,15,1.1630884718894965,-6.730702046192054,-6.008487696117825
10636,pp,0.05,0.0,11,2.2884388327598577,-4.797484788027677,-3.862483753098382
10637,do,0.05,0.0,26,3.936088396310807,-5.552679785815152,-4.889464184972975
10638,pp,0.05,0.0,70,2.4609737670421596,-6.3385541785847055,-5.990879609849718
10639,do,0.05,0.0,11,1.5047669804096229,-4.716803371545041,-4.511530696021186
10640,pp,0.05,0.0,9,1.0653801977634423,-4.667160760995113,-4.21410919825236
10641,do,0.05,0.0,63,2.138041396141052,-8.672064437288226,-8.635865534676446
10642,pp,0.05,0.0,21,1.062479493618011,-5.0956661600055115,-4.688782135645549
10643,do,0.05,0.0,70,2.740322154760362,-11.028227771412242,-10.499534082412719
10644,pp,0.05,0.0,18,0.881346726417541,-5.420135389674794,-4.7585090451770355
10645,do,0.05,0.0,70,2.211287124156952,-8.76416021115852,-8.055600762367249
10646,pp,0.05,0.0,70,2.497395411729814,-7.572597334601662,-6.121290728780958
10647,do,0.05,0.0,70,1.825056533813476,-7.0622168078567045,-6.126072123315599
10648,pp,0.05,0.0,52,3.0933112120628348,-5.5184885689706515,-4.779642388555739
10649,do,0.05,0.0,70,0.32718379259109476,-9.182856579982873,-7.889501343833076
10650,pp,0.05,0.0,45,2.8673543274402613,-4.609626810478441,-3.9072434332635666
10651,do,0.05,0.0,37,2.0345813167095192,-7.098316345792828,-6.104129136933221
10652,pp,0.05,0.0,16,1.1312923026084896,-5.7780753641417535,-4.687631821632385
10653,do,0.05,0.0,48,2.13515422463417,-6.673039690653483,-5.84800380203459
10654,pp,0.05,0.0,70,2.319318509101868,-5.139561202309348,-4.8233769867155285
10655,do,0.05,0.0,3,-0.6993318152427674,-6.2347519831223925,-5.07153602970971
10656,pp,0.05,0.0,7,0.945993340015411,-4.722690651633522,-4.095574059751299
10657,do,0.05,0.0,35,0.947211014032364,-6.503298289848097,-5.744425768322415
10658,pp,0.05,0.0,54,1.90786665916443,-8.983108127478397,-7.489458937115139
10659,do,0.05,0.0,2,-1.1518684482574466,-6.183715259667599,-5.399855754110548
10660,pp,0.05,0.0,17,0.7595407438278201,-5.591549574245106,-4.914394203821818
10661,do,0.05,0.0,2,-1.0354347920417784,-6.232200677467115,-5.423584628105163
10662,pp,0.05,0.0,13,1.271967500448227,-4.643747533451427,-4.118938154644436
10663,do,0.05,0.0,70,1.3732178604602812,-5.338425725879091,-4.669038727548387
10664,pp,0.05,0.0,70,2.039856615066528,-6.633727614084879,-5.920910959773593
10665,do,0.05,0.0,7,-0.5783481049537658,-5.646940375819351,-4.903096461296082
10666,pp,0.05,0.0,5,0.536975048780441,-5.117752342513113,-4.256921903292338
10667,do,0.05,0.0,42,1.988531349897385,-6.752269214572329,-6.010512516233656
10668,pp,0.05,0.0,16,2.7703957200050358,-4.527849721908569,-3.868141244517432
10669,do,0.05,0.0,21,-0.6016133284568781,-6.695566703333999,-6.103081109788683
10670,pp,0.05,0.0,24,2.4049467611312867,-4.569085830630678,-4.019354261292351
10671,do,0.05,0.0,70,2.457142053842544,-11.343679040851015,-9.385042389233908
10672,pp,0.05,0.0,70,1.8738018035888668,-11.020006393663811,-9.034764342837864
10673,do,0.05,0.0,36,1.1818255484104156,-8.185422677704782,-6.560461288028293
10674,pp,0.05,0.0,24,1.9919202435016636,-5.6115138487382366,-4.832537775569492
10675,do,0.05,0.0,23,0.8331673491001128,-6.017963894930753,-5.564112499025133
10676,pp,0.05,0.0,37,2.1892736554145813,-7.270818250829524,-5.9579455296198525
10677,do,0.05,0.0,22,1.7988398325443269,-6.775496240095658,-5.790649596850077
10678,pp,0.05,0.0,6,-0.263618141412735,-5.371045236876516,-4.4216913753085665
10679,do,0.05,0.0,8,0.7523916721344,-5.373580595941254,-4.583145843611823
10680,pp,0.05,0.0,20,1.894336000084877,-6.3261736002835365,-5.197858010398017
10681,do,0.05,0.0,9,1.175644706487656,-5.446197438962532,-4.600729962189992
10682,pp,0.05,0.0,23,3.389962539672852,-4.998252017570264,-4.516819805569119
10683,do,0.05,0.0,70,-0.6010911548137665,-10.069978797797,-8.597013160917495
10684,pp,0.05,0.0,11,1.410681494474411,-4.679799955541437,-4.078386514716678
10685,do,0.05,0.0,9,0.1984528756141657,-6.367246113401471,-5.250241830613878
10686,pp,0.05,0.0,4,0.5394080615043642,-4.912378358840942,-4.187430797682868
10687,do,0.05,0.0,23,0.570322836637497,-7.4586502768776635,-6.728320291307237
10688,pp,0.05,0.0,14,0.18981468200683604,-5.102481748118545,-4.597306577364604
10689,do,0.05,0.0,47,1.4312381374835965,-7.372187758937026,-5.743733093473646
10690,pp,0.05,0.0,29,3.5176399707794195,-5.246312943371859,-4.49999643696679
10691,do,0.05,0.0,61,1.2514949214458468,-6.675489195910367,-6.04813093079461
10692,pp,0.05,0.0,70,2.6066366887092585,-6.4104492519841045,-5.8306337118148805
10693,do,0.05,0.0,12,1.4419475960731507,-4.9673010103630295,-4.1706075191497805
10694,pp,0.05,0.0,18,1.9789372909069058,-6.068345327088327,-5.016694219907125
10695,do,0.05,0.0,16,1.6901161897182462,-4.939993018815012,-4.167984730667538
10696,pp,0.05,0.0,19,2.1574943768978114,-5.187495402133826,-4.5064377069473265
10697,do,0.05,0.0,18,0.5111804473400108,-6.16122194925944,-5.192685153749254
10698,pp,0.05,0.0,35,1.8865014350414269,-7.38273266878995,-6.310987363921272
10699,do,0.05,0.0,33,2.1271725606918332,-5.593901101025668,-5.007782679133945
10700,pp,0.05,0.0,36,2.7829919505119323,-4.972250306967533,-4.33208904531267
10701,do,0.05,0.0,70,5.110484390258789,-6.241480075951778,-5.824042028850979
10702,pp,0.05,0.0,70,1.490027681589127,-7.315132041410966,-6.186559330092536
10703,do,0.05,0.0,70,2.1399182450771335,-5.964541647650979,-5.515175851186116
10704,pp,0.05,0.0,9,1.2741562116146081,-5.071119861891775,-4.228482021225823
10705,do,0.05,0.0,12,1.108323769569397,-5.378568376194347,-4.426039391093784
10706,pp,0.05,0.0,11,1.8654431092739099,-6.482875058145234,-5.2897330654992
10707,do,0.05,0.0,70,3.023076261281968,-8.877224930849943,-7.043267612987094
10708,pp,0.05,0.0,70,1.7048643529415122,-6.7673382614598125,-6.709849747021993
10709,do,0.05,0.0,46,3.402233852148056,-6.694658039555405,-5.823059267467922
10710,pp,0.05,0.0,18,2.0860531103610995,-4.9065060817834105,-3.988052780098385
10711,do,0.05,0.0,25,2.952936499118806,-6.274058443127257,-5.197765268219841
10712,pp,0.05,0.0,11,1.7833318281173698,-5.1420948866641885,-3.842191881603665
10713,do,0.05,0.0,70,3.221279120445251,-9.74783143419208,-8.792493809594049
10714,pp,0.05,0.0,43,4.217017513513565,-5.991666348775228,-5.035536652141147
10715,do,0.05,0.0,40,3.01081904411316,-5.706109035376347,-4.84186917675866
10716,pp,0.05,0.0,64,3.764632811546326,-5.189908838272094,-4.9511748684777155
10717,do,0.05,0.0,34,4.857282311916351,-6.471546814658425,-5.805222988128662
10718,pp,0.05,0.0,13,1.7389786672592162,-4.965067366397742,-4.195450019836426
10719,do,0.05,0.0,35,2.269652743339538,-5.277029246994943,-4.742910310957167
10720,pp,0.05,0.0,28,2.986651110649108,-5.360281177000566,-4.642224886682299
10721,do,0.05,0.0,29,1.2722345089912412,-7.354950917850841,-5.732837687598335
10722,pp,0.05,0.0,38,3.31008452296257,-5.449442983396126,-4.579829663700528
10723,do,0.05,0.0,30,2.6062526834011077,-5.2963847637176515,-4.7564839469061955
10724,pp,0.05,0.0,30,1.6029151463508597,-7.595859387426666,-6.678403613302443
10725,do,0.05,0.0,42,0.9757780265808105,-7.441221787712791,-6.225876606835259
10726,pp,0.05,0.0,30,1.0827286159992218,-6.859623118602868,-5.811415576934815
10727,do,0.05,0.0,61,2.4525361013412477,-7.254456770058834,-6.72598688337538
10728,pp,0.05,0.0,70,1.2053616178035735,-8.700108015176022,-6.608808130688137
10729,do,0.05,0.0,20,2.7941930043697356,-5.740732434301665,-4.80925649272071
10730,pp,0.05,0.0,40,2.967020332813263,-5.850717655817667,-4.989166320694817
10731,do,0.05,0.0,70,-0.7252375841140744,-9.063337999401671,-7.980529144075182
10732,pp,0.05,0.0,15,1.0774243628978724,-5.020886006499782,-4.128667884402805
10733,do,0.05,0.0,40,1.9715480935573568,-6.2583999720486725,-5.628845993677775
10734,pp,0.05,0.0,33,2.4195225679874417,-6.792187567913171,-5.853768324851989
10735,do,0.05,0.0,70,1.3391643881797783,-9.143406774058487,-7.846218241585626
10736,pp,0.05,0.0,33,2.262253705263138,-7.547022595550075,-6.172288391325209
10737,do,0.05,0.0,31,0.9544633901119237,-6.629341790170381,-5.691493792004056
10738,pp,0.05,0.0,70,3.6694643044471738,-6.666707989663789,-5.840786968337165
10739,do,0.05,0.0,28,1.9886900460720058,-6.185495976245765,-6.724787118699815
10740,pp,0.05,0.0,70,1.3664779758453367,-6.982267167351463,-6.9845434109369915
10741,do,0.05,0.0,2,-1.0326284682750702,-6.303524619882757,-5.5042901039123535
10742,pp,0.05,0.0,42,2.3021094322204583,-6.647538203904123,-5.480194195111593
10743,do,0.05,0.0,68,2.5373385918140414,-4.853051613316391,-5.015890751944648
10744,pp,0.05,0.0,65,2.993848154544831,-5.453584941228231,-4.521302302678426
10745,do,0.05,0.0,24,-0.31511543273925824,-7.52425055214853,-6.590325254864163
10746,pp,0.05,0.0,70,1.7428640890121452,-5.939173731659398,-5.188345331615872
10747,do,0.05,0.0,18,1.3855278158187865,-6.0599266471284805,-5.8605794429779055
10748,pp,0.05,0.0,70,2.9288998734951015,-6.152706240162705,-5.6013640456729465
10749,do,0.05,0.0,70,3.5035119998455047,-6.696829636891683,-6.6922073602676395
10750,pp,0.05,0.0,40,2.9885957264900203,-9.21710983767654,-8.222550185521444
10751,do,0.05,0.0,19,1.007975825071334,-5.6341470805081455,-4.928532007005479
10752,pp,0.05,0.0,8,1.0221336138248436,-4.604530159632365,-3.821691866715749
10753,do,0.05,0.0,70,3.6359291827678684,-5.600890701467341,-5.1458186388015745
10754,pp,0.05,0.0,37,2.7670625650882723,-6.93964950243632,-6.188008525636461
10755,do,0.05,0.0,2,-1.0138256669044496,-5.883186623544404,-5.200882856051127
10756,pp,0.05,0.0,70,1.941357011795044,-6.466680205952038,-5.771830458111233
10757,do,0.05,0.0,20,1.7812384581565857,-5.053516661037098,-4.468521473142836
10758,pp,0.05,0.0,18,1.5187258732318876,-4.4410273999878855,-4.104986050393847
10759,do,0.05,0.0,31,1.6177435803413394,-7.217663802522601,-6.1652512205971615
10760,pp,0.05,0.0,58,2.6206910943984987,-6.691611795714407,-6.015806690851847
10761,do,0.05,0.0,40,2.375028611421585,-5.148355462334373,-4.963898958100213
10762,pp,0.05,0.0,58,1.999742515087127,-6.788996336676858,-5.875140052371555
10763,do,0.05,0.0,21,0.17558645725250255,-7.140362671649817,-6.576347833209567
10764,pp,0.05,0.0,34,2.049016280174256,-6.291525230985699,-5.979200715488858
10765,do,0.05,0.0,70,1.7616277599334715,-6.884770799405647,-6.300348297754923
10766,pp,0.05,0.0,29,3.302491973638535,-5.158858942263054,-4.557361767027113
10767,do,0.05,0.0,68,3.386677421331406,-9.31141715483232,-7.677887471516927
10768,pp,0.05,0.0,13,1.5684930181503294,-6.884426275889079,-5.92272097269694
10769,do,0.05,0.0,70,3.8226367557048793,-6.5176590818347355,-5.894491336080763
10770,pp,0.05,0.0,61,0.6121810841560364,-8.152785850293709,-6.06646970378028
10771,do,0.05,0.0,20,0.26967954874038735,-7.398719934983687,-6.199355554580689
10772,pp,0.05,0.0,39,1.0562995922565461,-7.588444683768532,-6.087796619203355
10773,do,0.05,0.0,70,3.799471325874328,-6.518123717741533,-6.025381345219082
10774,pp,0.05,0.0,29,2.206272588968277,-6.446504195531209,-5.14745258225335
10775,do,0.05,0.0,48,2.532837187051774,-8.38007957429597,-6.903106326527066
10776,pp,0.05,0.0,39,2.7740376591682434,-6.1865917003516,-5.09304469956292
10777,do,0.05,0.0,55,3.960953228473663,-6.420510209690441,-5.4493690861596
10778,pp,0.05,0.0,70,4.389022234678269,-7.392671715129506,-6.019221835666233
10779,do,0.05,0.0,37,1.6447361922264108,-6.722765403805357,-5.792068163553874
10780,pp,0.05,0.0,59,0.5463855206966404,-9.65799969326366,-7.301684678925408
10781,do,0.05,0.0,70,2.908789693117143,-6.858231056097782,-6.2242220083872475
10782,pp,0.05,0.0,19,1.651434749364853,-5.109088478666363,-4.175789211855994
10783,do,0.05,0.0,70,2.3249985051155093,-8.50398296587395,-6.951247329182095
10784,pp,0.05,0.0,70,1.5068376803398138,-9.520819945768876,-8.338518630133734
10785,do,0.05,0.0,32,2.002738312482834,-6.161710746360548,-5.189804376496209
10786,pp,0.05,0.0,29,2.142916804552079,-6.7211438872597435,-5.858479367362128
10787,do,0.05,0.0,70,2.4011184811592106,-8.68074278831482,-8.012943196296693
10788,pp,0.05,0.0,7,1.6004211509227755,-4.472546156969938,-3.5393416272269356
10789,do,0.05,0.0,23,1.4849006056785585,-5.254853748552727,-4.628645671738519
10790,pp,0.05,0.0,12,1.9842761516571041,-6.541828802860144,-5.009647379981147
10791,do,0.05,0.0,11,1.9916574358940125,-5.130870242552324,-4.4796660396787855
10792,pp,0.05,0.0,22,1.9847464430332185,-6.248737278851595,-5.10545748869578
10793,do,0.05,0.0,50,1.925362837314605,-9.659411956324721,-7.441044065687391
10794,pp,0.05,0.0,45,1.4458264911174776,-6.772550238985004,-5.826950316958957
10795,do,0.05,0.0,35,1.8090448677539834,-5.818070427576701,-4.972717565960354
10796,pp,0.05,0.0,42,4.167465478181839,-4.908212644403631,-4.06358470386929
10797,do,0.05,0.0,10,0.3973563122749333,-5.053876949079109,-4.58139619562361
10798,pp,0.05,0.0,6,1.1465987884998317,-4.432227542183616,-3.599789950582716
10799,do,0.05,0.0,44,2.9654779827594755,-4.846729557441942,-4.431542608473036
10800,pp,0.05,0.0,38,3.23610720038414,-4.1321334101937035,-3.546366129981147
10801,do,0.05,0.0,67,1.6177474927902225,-10.659754146229137,-10.387840710745918
10802,pp,0.05,0.0,9,1.0938346517086028,-5.072980373555963,-3.8184637361102634
10803,do,0.05,0.0,46,1.8217477607727055,-5.692325444654985,-5.068870480855306
10804,pp,0.05,0.0,6,1.4832692444324493,-4.91270461804939,-3.9307516482141285
10805,do,0.05,0.0,64,1.966800775527954,-6.692721975210941,-5.96029700173272
10806,pp,0.05,0.0,9,1.451887845993042,-4.921919279387503,-3.6818693266974556
10807,do,0.05,0.0,38,1.3492260670661924,-5.649186615510421,-5.25444479783376
10808,pp,0.05,0.0,21,2.3612457823753354,-5.408194875717163,-4.42974821196662
10809,do,0.05,0.0,68,1.9872291123867045,-6.6032366897120625,-5.930209027396308
10810,pp,0.05,0.0,41,2.5724037408828737,-7.739115248304425,-5.62448935508728
10811,do,0.05,0.0,70,1.7425256347656255,-8.386455657265403,-6.962757653660244
10812,pp,0.05,0.0,39,2.5517175185680383,-9.267991398320053,-6.821189665794373
10813,do,0.05,0.0,12,1.920171571969986,-6.058366389708086,-5.160100356737773
10814,pp,0.05,0.0,18,1.7922188138961799,-6.640316924181851,-5.430218688646952
10815,do,0.05,0.0,11,1.3030406510829922,-4.90946681282737,-4.245227069324917
10816,pp,0.05,0.0,11,1.972770606279373,-5.695397085132021,-4.42024056646559
10817,do,0.05,0.0,12,0.36254191994667107,-6.094998862526634,-5.438049374686347
10818,pp,0.05,0.0,12,1.0196675968170164,-5.158963645588268,-4.135226417912377
10819,do,0.05,0.0,34,1.1305613255500795,-7.111222793116714,-6.335599189334445
10820,pp,0.05,0.0,70,1.4298320865631116,-8.33487466320847,-7.356997672716776
10821,do,0.05,0.0,32,2.1471364355087275,-6.168066846963131,-5.816034526295132
10822,pp,0.05,0.0,15,1.59183874964714,-5.105259084701538,-4.134321112102932
10823,do,0.05,0.0,59,2.9517358052730565,-5.686888064760151,-4.938675835397508
10824,pp,0.05,0.0,9,1.3367714941501614,-4.889768574454568,-3.767692336771223
10825,do,0.05,0.0,11,0.42997155427932743,-6.102680178844568,-5.308949886427985
10826,pp,0.05,0.0,9,0.8672483897209169,-5.230741680029666,-4.187731814384461
10827,do,0.05,0.0,66,1.49732201218605,-5.5499522974996855,-5.390855134858025
10828,pp,0.05,0.0,17,2.126601343154907,-4.1288797674757065,-3.581360854042901
10829,do,0.05,0.0,65,1.3356309509277349,-10.541458369746353,-9.075433588027954
10830,pp,0.05,0.0,17,2.1817731606960296,-5.074490509611188,-4.068734991550445
10831,do,0.05,0.0,21,2.108958779573441,-5.245923445441506,-4.641398049725426
10832,pp,0.05,0.0,4,0.9627833151817322,-4.44748990463488,-3.6422021362516617
10833,do,0.05,0.0,67,1.6992297232151028,-7.7159090547850635,-6.196514953507317
10834,pp,0.05,0.0,70,1.1180777704715732,-6.5938208030931875,-5.871777852376302
10835,do,0.05,0.0,31,0.34194208264350756,-9.145263156023892,-8.23354827033149
10836,pp,0.05,0.0,20,2.07435970544815,-4.5854873527180064,-3.73798053794437
10837,do,0.05,0.0,20,1.9508895015716545,-6.213746611277262,-5.573705111609565
10838,pp,0.05,0.0,15,1.487087771892548,-6.038173093217792,-4.941538025273217
10839,do,0.05,0.0,14,1.9322688853740697,-4.927718517997048,-4.360055224100749
10840,pp,0.05,0.0,7,0.7029449295997621,-5.0889110102798,-4.236535751819611
10841,do,0.05,0.0,70,1.4163261008262626,-7.773836237011534,-6.655893643697103
10842,pp,0.05,0.0,18,1.9990772676467898,-5.168236832185225,-4.026150221294827
10843,do,0.05,0.0,70,1.6209198808670031,-8.254466114622174,-6.893628443611993
10844,pp,0.05,0.0,28,2.4651195037364966,-4.670713511380282,-3.8327689501974316
10845,do,0.05,0.0,70,2.9106012201309213,-8.52870748982285,-7.653519031736586
10846,pp,0.05,0.0,16,1.550282988548279,-4.771389019128048,-4.028113120132023
10847,do,0.05,0.0,64,1.0670174336433416,-8.033800250833684,-7.149575551350911
10848,pp,0.05,0.0,27,1.7589182496070865,-5.407313378651937,-4.5454110476705765
10849,do,0.05,0.0,70,2.4300470662117,-7.078402916590373,-6.3835421641667685
10850,pp,0.05,0.0,12,1.4579344701766974,-5.204207332206495,-4.0421920802858144
10851,do,0.05,0.0,2,-0.12269915819168098,-4.775857506376324,-4.180170610215929
10852,pp,0.05,0.0,25,2.2156190609931947,-5.5067763487497965,-4.219802294837104
10853,do,0.05,0.0,24,2.0759372293949125,-5.101150019963582,-4.477757385041978
10854,pp,0.05,0.0,14,2.287778548002243,-5.110124641476255,-4.1074572867817345
10855,do,0.05,0.0,14,2.352701992988586,-5.2277284376549,-4.7534168852700125
10856,pp,0.05,0.0,24,1.9574004113674164,-7.613366561947447,-6.000598629315694
10857,do,0.05,0.0,22,1.1347100222110749,-5.522390161861073,-5.284871278868781
10858,pp,0.05,0.0,27,2.7006332850456234,-5.581855518167669,-4.814835169580248
10859,do,0.05,0.0,24,0.5381732416152953,-8.259185701428038,-6.3034762700398765
10860,pp,0.05,0.0,20,2.0643037605285643,-5.71988022110679,-4.537808299064636
10861,do,0.05,0.0,7,0.3227168297767635,-5.470634201801184,-4.560227070914374
10862,pp,0.05,0.0,24,1.4432057988643647,-6.538463842507564,-4.947290266884698
10863,do,0.05,0.0,47,1.4140366590023037,-5.478127788774895,-4.860537319713169
10864,pp,0.05,0.0,31,2.5085165953636164,-4.750218304720792,-3.890987855858273
10865,do,0.05,0.0,3,-1.157475229501725,-6.603049586035988,-5.744744155142042
10866,pp,0.05,0.0,43,2.5264294123649593,-5.49181437925859,-4.50616995493571
10867,do,0.05,0.0,12,1.2267054045200343,-4.8453977830482255,-4.6197507858276365
10868,pp,0.05,0.0,66,1.8940102958679201,-6.354061287099665,-5.276882036526998
10869,do,0.05,0.0,9,0.6936632525920867,-5.0848047877803,-4.908825286229452
10870,pp,0.05,0.0,11,1.4212330961227417,-5.03125178308198,-4.332448163297442
10871,do,0.05,0.0,70,2.355824701786041,-7.599336549007531,-6.5467342482672795
10872,pp,0.05,0.0,70,1.8469123244285592,-6.840359449386597,-5.768338569005331
10873,do,0.05,0.0,31,-0.08210710763931317,-6.065749805623835,-5.419850699106852
10874,pp,0.05,0.0,70,3.372392287254333,-5.257929898753311,-4.51119174030092
10875,do,0.05,0.0,70,0.5713179850578296,-12.740322248863452,-10.39609792497423
10876,pp,0.05,0.0,12,1.8537750482559208,-6.3289761297630545,-5.368785876697964
10877,do,0.05,0.0,16,-0.11470890641212517,-5.807002170158155,-5.359008516205682
10878,pp,0.05,0.0,13,1.962097055912018,-4.907922541011463,-4.023238058884939
10879,do,0.05,0.0,13,1.040166170597077,-5.295081384254225,-4.681350297398037
10880,pp,0.05,0.0,15,1.3176070117950447,-4.9966418930978485,-4.154160004191929
10881,do,0.05,0.0,1,-1.4547491014003748,-6.625368388493856,-6.018336388799879
10882,pp,0.05,0.0,13,1.4632868838310245,-5.224617469672001,-4.114266431331634
10883,do,0.05,0.0,70,1.2169023597240454,-6.90344694888953,-5.876149002710978
10884,pp,0.05,0.0,70,1.313330100774765,-6.946007321097634,-5.338909053802491
10885,do,0.05,0.0,2,-0.48553584456443755,-5.714875877264774,-4.82621677186754
10886,pp,0.05,0.0,12,1.834041705131531,-5.504893412734523,-4.479144820902083
10887,do,0.05,0.0,37,0.9295441877841943,-8.471338881868304,-7.603773403167724
10888,pp,0.05,0.0,39,2.4173251760005954,-6.236279465935447,-5.632246600257026
10889,do,0.05,0.0,11,0.5655210471153254,-5.473086926431367,-5.088677652676901
10890,pp,0.05,0.0,8,1.184101582765579,-4.606033790472782,-3.8766593986087376
10891,do,0.05,0.0,7,-0.9103361177444462,-6.335651472843055,-5.351795845561558
10892,pp,0.05,0.0,5,1.2271839809417724,-4.594104258219401,-3.9148386822806462
10893,do,0.05,0.0,2,-1.1933468484878542,-6.587541409694787,-5.855853361553616
10894,pp,0.05,0.0,50,3.606829859018326,-5.445364119789817,-4.330058425002628
10895,do,0.05,0.0,37,0.3682117676734924,-7.103929437290539,-5.815642579396566
10896,pp,0.05,0.0,70,4.208099073171615,-5.783042206908718,-4.948144308725992
10897,do,0.05,0.0,7,0.33473759651184043,-5.480917650280577,-4.790370604727003
10898,pp,0.05,0.0,14,1.8163919937610622,-5.86988014163393,-4.8914738045798405
10899,do,0.05,0.0,10,-0.02391609787941018,-5.9787360581484705,-5.311023804876539
10900,pp,0.05,0.0,70,2.3890040791034703,-7.8343086271575,-6.566003698772854
10901,do,0.05,0.0,70,1.8855535364150997,-6.729038872863307,-6.09974959426456
10902,pp,0.05,0.0,64,3.0026298093795782,-6.095173626235037,-5.8006506893369885
10903,do,0.05,0.0,10,0.04688109874725388,-5.839479632811113,-4.972464757495456
10904,pp,0.05,0.0,16,1.4047925925254825,-5.843027622049505,-4.606830088297526
10905,do,0.05,0.0,70,0.8298635649681092,-11.68088273713083,-9.706843328475951
10906,pp,0.05,0.0,4,0.30565151214599595,-4.959585074222449,-4.207195422384474
10907,do,0.05,0.0,18,1.1210067975521083,-6.157770755074241,-5.6193800078497995
10908,pp,0.05,0.0,13,1.0869848787784573,-5.054016566999031,-4.031853343380822
10909,do,0.05,0.0,62,1.6181309819221505,-8.885730402397387,-8.414720296859741
10910,pp,0.05,0.0,14,1.5130017971992489,-5.043551726774736,-4.072540904415979
10911,do,0.05,0.0,26,0.26495569467544566,-7.26634920871619,-5.83773336675432
10912,pp,0.05,0.0,17,0.9920230627059938,-5.139417061661229,-4.399809312820435
10913,do,0.05,0.0,18,2.488636376857757,-5.388562870025635,-5.465784992112054
10914,pp,0.05,0.0,28,1.9391402864456175,-5.150363608562585,-4.323894956376818
10915,do,0.05,0.0,70,2.3920090103149416,-6.539824250250152,-5.657279512617323
10916,pp,0.05,0.0,7,1.355071057081223,-5.374415414983576,-4.115948054525587
10917,do,0.05,0.0,14,1.7420103883743288,-4.91588731101065,-4.264384733306037
10918,pp,0.05,0.0,38,1.5141556704044348,-5.7136446085843176,-4.47535266743766
10919,do,0.05,0.0,28,1.3373726630210871,-5.316108837994662,-4.812770419650608
10920,pp,0.05,0.0,16,1.6707548415660858,-4.861058285742095,-3.894654787911309
10921,do,0.05,0.0,25,1.8859493923187252,-6.4179671923319495,-6.080184332529703
10922,pp,0.05,0.0,46,3.4679752361774447,-5.723952593947902,-4.987037332852681
10923,do,0.05,0.0,12,1.5574848616123198,-5.092988540187027,-4.556553008821275
10924,pp,0.05,0.0,16,2.5656231033802026,-5.3169859553828385,-4.016377054320442
10925,do,0.05,0.0,9,0.47367401957511923,-5.414967927065763,-4.5976350413428415
10926,pp,0.05,0.0,13,1.7652681481838224,-5.173480358990756,-4.159329590532515
10927,do,0.05,0.0,9,0.8109251523017882,-5.007772715886434,-4.430269055896336
10928,pp,0.05,0.0,28,2.9591665732860557,-4.892371505679506,-4.0032632430394495
10929,do,0.05,0.0,16,1.1689029586315156,-5.933826999953299,-4.999534829457601
10930,pp,0.05,0.0,70,1.148364503383636,-6.9714000701904295,-6.812698186768426
10931,do,0.05,0.0,12,1.711837078332901,-5.199180513439757,-4.459161612722609
10932,pp,0.05,0.0,14,1.5933122611045842,-6.130817864157937,-4.8481569316652084
10933,do,0.05,0.0,70,3.979325213432312,-6.306501749790076,-5.692331751187642
10934,pp,0.05,0.0,13,2.2539661765098566,-5.191418527834343,-3.9980203006002637
10935,do,0.05,0.0,21,2.3057685482501986,-5.282783125386094,-4.506349319881863
10936,pp,0.05,0.0,11,1.9491292381286618,-5.638674512053981,-4.276854411760966
10937,do,0.05,0.0,26,1.6113984668254853,-6.455042971986713,-5.024011561605666
10938,pp,0.05,0.0,17,1.8576560056209566,-4.836732839815545,-4.107478145758311
10939,do,0.05,0.0,14,0.7957705807685853,-6.136877626361269,-5.249455075793796
10940,pp,0.05,0.0,10,1.388194199800492,-5.6238255197351625,-4.349946191575792
10941,do,0.05,0.0,11,0.7111770808696747,-6.068763870181459,-4.916411587927077
10942,pp,0.05,0.0,8,0.5187127566337582,-5.38552195520112,-4.2743889782163835
10943,do,0.05,0.0,7,-0.046146693229675684,-6.058332255392363,-4.7339220868216625
10944,pp,0.05,0.0,43,3.42906387925148,-7.370271814230716,-6.386680881182353
10945,do,0.05,0.0,25,2.6547000348567957,-6.2215101357662315,-5.397011621793111
10946,pp,0.05,0.0,20,3.5251546001434315,-6.121131414355654,-4.993285319540235
10947,do,0.05,0.0,10,1.7768633663654327,-5.329480088840832,-4.438157918718126
10948,pp,0.05,0.0,27,2.0915963375568385,-5.565745022802642,-4.616628358099196
10949,do,0.05,0.0,24,1.1931600725650782,-6.307212666309241,-5.62004226313697
10950,pp,0.05,0.0,22,1.8715440273284916,-5.10189730904319,-4.258149450355106
10951,do,0.05,0.0,26,2.774220279455186,-6.86171652764985,-5.599961996078491
10952,pp,0.05,0.0,53,1.764778584241867,-8.751035311727813,-7.613953095012241
10953,do,0.05,0.0,10,2.616539574861526,-5.648222440661806,-4.668817750612894
10954,pp,0.05,0.0,6,1.485761461257935,-5.0513396927804655,-3.789839494228363
10955,do,0.05,0.0,45,1.3886276447772978,-9.996188841444074,-7.622873475816514
10956,pp,0.05,0.0,25,1.8057747185230246,-7.105368936423099,-5.7460400501887
10957,do,0.05,0.0,38,1.33170446395874,-8.438776363026012,-6.948612716462877
10958,pp,0.05,0.0,44,3.4688981950283058,-6.109285533789432,-4.751572624842326
10959,do,0.05,0.0,16,1.6367828023433688,-5.411137223966194,-4.515404356850518
10960,pp,0.05,0.0,8,1.168501410484314,-4.901304493528424,-4.168917293018765
10961,do,0.05,0.0,9,0.2307478630542752,-5.598560185865923,-4.968483244048224
10962,pp,0.05,0.0,31,2.705452536344528,-4.913920769546971,-3.7627899461322363
10963,do,0.05,0.0,25,2.977309072017669,-6.074938826127486,-5.411205090416802
10964,pp,0.05,0.0,48,3.4871819174289707,-6.4975935618082685,-5.810394379827711
10965,do,0.05,0.0,70,3.455014748573303,-8.071865532614968,-6.604736836751302
10966,pp,0.05,0.0,15,1.1020807385444638,-5.25606540333141,-4.223128685686324
10967,do,0.05,0.0,12,0.8836971271038054,-5.5924217628710196,-4.865486902660794
10968,pp,0.05,0.0,5,0.8995421802997594,-5.310509982253566,-3.9223494622442456
10969,do,0.05,0.0,29,1.619023369550705,-5.786077497944687,-4.7443610800637135
10970,pp,0.05,0.0,68,2.0788068056106557,-6.473886430624759,-5.542673179838393
10971,do,0.05,0.0,70,1.9598085176944728,-6.350109590183605,-6.010811943478054
10972,pp,0.05,0.0,14,1.0994210040569303,-5.614241715633508,-4.462220062149895
10973,do,0.05,0.0,30,2.2504847288131717,-7.833667876503684,-6.173929834365845
10974,pp,0.05,0.0,32,2.4965622425079337,-5.909446136879199,-4.936677156554328
10975,do,0.05,0.0,37,0.5061703407764444,-7.889310556469542,-7.403069580925836
10976,pp,0.05,0.0,9,1.80720759510994,-5.124713364514437,-4.07457537651062
10977,do,0.05,0.0,29,1.2780850291252133,-6.395492245934227,-5.77470047738817
10978,pp,0.05,0.0,37,3.1006256318092342,-7.262823221900247,-5.737506998909844
10979,do,0.05,0.0,68,4.214149876832962,-7.361369940728852,-6.2850303676393295
10980,pp,0.05,0.0,20,3.1987849080562594,-6.361663163792003,-5.164157153500451
10981,do,0.05,0.0,53,3.654725478887558,-6.59820987961509,-7.071414226955838
10982,pp,0.05,0.0,50,4.866988931894302,-5.2671687761942545,-4.708891461955177
10983,do,0.05,0.0,70,-0.7523123657703401,-8.64015966906692,-7.976554910341899
10984,pp,0.05,0.0,23,1.9525239777565009,-5.8209598570158985,-4.3915011750327215
10985,do,0.05,0.0,17,-0.7855545067787171,-6.2059983571370445,-5.683387004004585
10986,pp,0.05,0.0,10,0.4254581522941594,-6.2593465718356045,-4.98115315967136
10987,do,0.05,0.0,40,0.873647937774658,-6.207950300158877,-5.742119277848138
10988,pp,0.05,0.0,29,2.2717359960079193,-5.519953360702052,-4.497552495532566
10989,do,0.05,0.0,36,3.2117529654502865,-6.278011641357884,-5.677237190140618
10990,pp,0.05,0.0,70,2.93844156742096,-6.507463143088601,-5.99943007628123
10991,do,0.05,0.0,31,1.0008070063591008,-6.713376938213002,-6.039135286543105
10992,pp,0.05,0.0,47,2.841262880563736,-6.5858739925153325,-6.003810167312622
10993,do,0.05,0.0,70,2.1118201601505273,-7.714951169852054,-6.889417873488532
10994,pp,0.05,0.0,70,2.594486585855484,-7.080779022158999,-6.655017476611667
10995,do,0.05,0.0,44,2.7306588363647473,-6.460786621498339,-6.2748137844933405
10996,pp,0.05,0.0,10,1.1055379652976987,-6.068049443851818,-4.901041944821675
10997,do,0.05,0.0,70,1.4344224607944476,-9.978011017134696,-7.906476810243395
10998,pp,0.05,0.0,8,1.1793185293674462,-4.657755858970411,-3.837297150823805
10999,do,0.05,0.0,23,2.363345739841461,-7.810512789812955,-6.5724789486991035
11000,pp,0.05,0.0,26,1.2367734134197237,-6.990022118886312,-5.4988900025685625
11001,do,0.05,0.0,22,0.36615403294563276,-6.305690184506503,-5.198839055167304
11002,pp,0.05,0.0,33,1.7446623253822322,-5.35294887080337,-4.468159622616238
11003,do,0.05,0.0,17,1.0054544818401334,-6.212386564774946,-5.060308085547553
11004,pp,0.05,0.0,63,3.1846650075912475,-6.760292154369933,-5.979152141677009
11005,do,0.05,0.0,70,1.2797105622291554,-10.236040323430842,-9.157749568091498
11006,pp,0.05,0.0,14,1.6070080614089965,-5.767900664878614,-4.512803590297699
11007,do,0.05,0.0,12,2.344746216535568,-6.492965131817442,-5.661012599203322
11008,pp,0.05,0.0,8,0.6857993769645692,-5.6772987842559814,-4.696042133702172
11009,do,0.05,0.0,14,0.5849364197254179,-4.943691165519483,-4.431823452313741
11010,pp,0.05,0.0,14,1.1961036169528967,-4.57820356759158,-3.8934656461079915
11011,do,0.05,0.0,26,1.8975243067741392,-4.925559893521395,-4.272570912043253
11012,pp,0.05,0.0,18,2.801475505828858,-4.7231375072941635,-4.016247704293993
11013,do,0.05,0.0,9,0.08965101122856112,-4.621059349811438,-4.127817466523912
11014,pp,0.05,0.0,30,2.109888180494308,-4.388281512260437,-3.782769016424815
11015,do,0.05,0.0,13,0.7368245506286621,-5.144960912068685,-4.297842640346951
11016,pp,0.05,0.0,48,3.33499525308609,-4.9384199128006445,-4.123209516207377
11017,do,0.05,0.0,34,1.0860648262500767,-5.315524630113082,-5.118175352944268
11018,pp,0.05,0.0,37,2.3550108611583704,-5.5598137291994965,-4.485715018378364
11019,do,0.05,0.0,6,-0.230659724473953,-5.749292354872733,-4.671638316578335
11020,pp,0.05,0.0,64,1.7036692142486576,-11.305363049651637,-7.9966119739744395
11021,do,0.05,0.0,4,-0.43337116599082925,-5.762610421036229,-4.778425765037537
11022,pp,0.05,0.0,31,2.6016681826114647,-6.0634945031368375,-4.806886209381951
11023,do,0.05,0.0,33,1.6921011340618142,-6.30909057819482,-5.3053556760152185
11024,pp,0.05,0.0,25,2.581867543458938,-4.993360233306885,-4.320219351185693
11025,do,0.05,0.0,23,1.436609112024307,-4.262612753203421,-3.8988142119513616
11026,pp,0.05,0.0,13,1.600088001489639,-4.926157308347298,-4.012778900729286
11027,do,0.05,0.0,10,0.3900465667247772,-4.8306075226176866,-4.289781444602543
11028,pp,0.05,0.0,70,3.5762083148956307,-6.301599954836297,-4.998843211597866
11029,do,0.05,0.0,70,1.2443123877048503,-9.353836955446186,-8.733982790840997
11030,pp,0.05,0.0,40,1.524561285972596,-6.303979600559582,-5.166596945126852
11031,do,0.05,0.0,6,-0.21165444612503048,-5.322602454098788,-4.52119406329261
11032,pp,0.05,0.0,41,2.583665037155151,-7.202861879811143,-6.43292125331031
11033,do,0.05,0.0,46,2.676730082035064,-5.387179337125836,-5.100894970364041
11034,pp,0.05,0.0,39,4.030171729326248,-5.588817969235507,-4.832107064459059
11035,do,0.05,0.0,17,2.1322247087955475,-6.899098803780296,-5.978910777303907
11036,pp,0.05,0.0,27,1.448200626373291,-9.803283500671387,-7.719355622927348
11037,do,0.05,0.0,35,0.7197590911388394,-6.3218259507959536,-5.503835066159566
11038,pp,0.05,0.0,31,3.077351197004318,-5.566164441542192,-4.57019485367669
11039,do,0.05,0.0,15,1.016766592264175,-5.318971837650646,-4.597746104664273
11040,pp,0.05,0.0,41,2.8991435968875887,-6.7998016848708644,-5.655475409825643
11041,do,0.05,0.0,34,2.499133788347244,-4.192145389499086,-4.19395801226298
11042,pp,0.05,0.0,18,2.835278146266936,-5.086274839170051,-4.398486831453112
11043,do,0.05,0.0,19,2.4358642280101774,-4.6562726656595865,-3.94054117070304
11044,pp,0.05,0.0,70,3.755767508745194,-6.519080472714974,-5.7118827899297075
11045,do,0.05,0.0,9,0.2508654320240016,-5.328997084588716,-4.44785737991333
11046,pp,0.05,0.0,23,2.282790831327439,-5.827941270308061,-4.94356370502048
11047,do,0.05,0.0,24,2.718157842159271,-4.2325179562424164,-4.013601987891727
11048,pp,0.05,0.0,20,2.2242844605445864,-4.972282351869525,-3.9799734632174175
11049,do,0.05,0.0,35,1.8991284656524652,-4.452367002313787,-4.448645987775591
11050,pp,0.05,0.0,20,2.1960106015205385,-5.573438163237138,-4.682772035068936
11051,do,0.05,0.0,16,1.494893832206726,-4.811208706191092,-4.844303782780965
11052,pp,0.05,0.0,30,3.4601938474178313,-4.0783729712168375,-3.6661458942625256
11053,do,0.05,0.0,14,0.9461483573913574,-4.894328370238796,-5.126405448383755
11054,pp,0.05,0.0,30,2.803028206825256,-5.571810761365024,-4.911015232404073
11055,do,0.05,0.0,10,1.3790899288654321,-4.316448572910193,-3.92487666077084
11056,pp,0.05,0.0,26,2.0264862370491032,-5.46587016510241,-4.797872749964396
11057,do,0.05,0.0,10,0.46622370362281806,-5.768462806759459,-5.179622197151184
11058,pp,0.05,0.0,16,2.6741955900192265,-6.269761835445057,-4.999862003326416
11059,do,0.05,0.0,31,0.7548535090684894,-5.85120715083498,-5.3062592638863455
11060,pp,0.05,0.0,68,2.474130407571793,-5.950874996185303,-5.0745067013634575
11061,do,0.05,0.0,14,0.6278519511222838,-4.4798517588413125,-4.241235438982645
11062,pp,0.05,0.0,70,2.524639225006103,-5.195522198532567,-4.627973727385203
11063,do,0.05,0.0,37,0.11514219641685486,-7.694929939327818,-7.1135492377811005
11064,pp,0.05,0.0,32,2.3369011163711555,-6.639151363661795,-5.406313557094998
11065,do,0.05,0.0,10,1.1651003313064576,-4.75166935487227,-4.402486220995585
11066,pp,0.05,0.0,19,1.591196156740188,-5.2545240720113116,-4.2327535735236275
11067,do,0.05,0.0,70,1.0745870923995975,-6.703574469595244,-5.723944528897603
11068,pp,0.05,0.0,51,1.7072409677505496,-5.736996029362534,-4.879278182983398
11069,do,0.05,0.0,14,1.3248681843280794,-4.6961325139710395,-4.21561918258667
11070,pp,0.05,0.0,10,1.0778916811943056,-5.148155459490689,-4.356113984849718
11071,do,0.05,0.0,66,1.8079748022556306,-5.411844626339999,-4.890541776021322
11072,pp,0.05,0.0,36,2.806168527603149,-4.449967533169371,-3.7535848736763002
11073,do,0.05,0.0,44,1.5754237437248229,-8.438377526312163,-6.869405812687344
11074,pp,0.05,0.0,58,2.2330126786232,-6.184984644976529,-5.146707410282559
11075,do,0.05,0.0,70,1.935147250890731,-8.189881869518395,-6.877517909473843
11076,pp,0.05,0.0,56,2.9261578643321986,-4.809507563619903,-4.01305905977885
11077,do,0.05,0.0,39,0.9469439494609828,-5.92180949124423,-5.799110865592956
11078,pp,0.05,0.0,19,0.40603654503822284,-5.939163067846588,-5.283413410186768
11079,do,0.05,0.0,7,0.40663980364799457,-4.607813511472759,-4.247189119127062
11080,pp,0.05,0.0,20,0.48164526462554846,-6.71904648289536,-5.62846663263109
11081,do,0.05,0.0,19,1.3455012130737307,-5.20052257306648,-4.603216832213931
11082,pp,0.05,0.0,51,1.8258373665809629,-7.746966960213401,-6.1476243787341645
11083,do,0.05,0.0,33,3.9891789793968195,-5.632841042316321,-5.164538115925259
11084,pp,0.05,0.0,27,2.9493588376045228,-4.403507820042697,-3.832179840405782
11085,do,0.05,0.0,18,1.8569210159778597,-5.034067164045392,-4.726899917920431
11086,pp,0.05,0.0,47,5.080314366817474,-5.231863576715643,-4.477938403023614
11087,do,0.05,0.0,30,2.596670640707016,-5.520170109199755,-5.661889158354866
11088,pp,0.05,0.0,54,2.7570082581043245,-5.482197953715469,-4.477764315075344
11089,do,0.05,0.0,41,2.370660920143128,-6.537233929200606,-5.291276902622647
11090,pp,0.05,0.0,22,1.080138416290283,-5.786613314079516,-4.688659601741367
11091,do,0.05,0.0,13,2.0487332379817964,-4.938599025841915,-4.497108436955346
11092,pp,0.05,0.0,17,2.059715561866761,-6.347175303372469,-5.0517588310771515
11093,do,0.05,0.0,29,2.7145925998687748,-5.137132633093632,-4.736702794498868
11094,pp,0.05,0.0,19,1.1933717834949489,-5.0214823144854925,-4.236275784174601
11095,do,0.05,0.0,64,0.8408427584171303,-8.05317099455631,-7.403272128105163
11096,pp,0.05,0.0,40,2.3602175939083105,-5.489760828018189,-4.858973956108093
11097,do,0.05,0.0,25,2.1824696767330165,-5.0901787598927815,-4.746997510062323
11098,pp,0.05,0.0,12,0.6804536962509156,-5.355933211066506,-4.734606348143684
11099,do,0.05,0.0,37,2.836209907531737,-4.450056125178482,-4.323249059253269
11100,pp,0.05,0.0,62,2.371918444633484,-7.805161808476304,-6.7341433154212105
11101,do,0.05,0.0,7,0.09090740084648097,-5.84288023890871,-4.905856177541945
11102,pp,0.05,0.0,7,-0.27255227804183946,-5.781467814878984,-4.944134402275085
11103,do,0.05,0.0,9,0.8584636807441708,-4.389980096528024,-4.1851632939444645
11104,pp,0.05,0.0,10,0.6886160826683048,-6.825614989887584,-4.983527170287238
11105,do,0.05,0.0,50,1.4619349443912508,-7.574928065502283,-6.914684555265638
11106,pp,0.05,0.0,27,2.1095118832588193,-6.135527337681164,-5.345886958969964
11107,do,0.05,0.0,10,0.8117090809345244,-5.577053520896218,-4.497278149922689
11108,pp,0.05,0.0,28,3.2690120279788966,-5.159502579949119,-4.501687959829966
11109,do,0.05,0.0,70,1.2534831726551054,-7.313221393931996,-6.0216839763853285
11110,pp,0.05,0.0,70,2.4589972710609445,-5.674938797228264,-4.979748757680257
11111,do,0.05,0.0,7,0.3555438089370728,-5.315182635278413,-4.326446170277066
11112,pp,0.05,0.0,30,2.3218457901477825,-6.259117229057081,-5.083075703514947
11113,do,0.05,0.0,20,1.514342291355133,-4.673029419870088,-4.587644894917806
11114,pp,0.05,0.0,24,2.458290172815322,-6.038812864187992,-5.316729211807251
11115,do,0.05,0.0,30,0.7964328479766847,-9.198099014975808,-6.549173103438483
11116,pp,0.05,0.0,34,1.9668904614448541,-5.84286526333202,-5.0307940483093265
11117,do,0.05,0.0,19,0.590376640558242,-5.9378962617931945,-4.790040683746338
11118,pp,0.05,0.0,70,1.931690883636474,-5.468926653717503,-4.623297317822774
11119,do,0.05,0.0,7,-0.12989195942878684,-5.426188283978086,-4.5295424991183815
11120,pp,0.05,0.0,7,1.1226708316802982,-4.978455965446703,-4.125027820799086
11121,do,0.05,0.0,17,0.5860140287876128,-5.870128887349909,-4.995166879230076
11122,pp,0.05,0.0,30,3.033421123027801,-5.421280986612493,-4.571510651376513
11123,do,0.05,0.0,17,0.9585190594196318,-4.685743841980443,-4.150724209679497
11124,pp,0.05,0.0,13,1.4051402473449714,-5.891245327573834,-4.658028790685866
11125,do,0.05,0.0,70,1.5810907721519474,-9.30059425758593,-7.695823272069295
11126,pp,0.05,0.0,35,2.614339865446091,-6.533509156198212,-5.34049248430464
11127,do,0.05,0.0,9,0.20584486842155503,-5.444866155855584,-4.664329671859742
11128,pp,0.05,0.0,7,0.5899246096611019,-5.5120702382290006,-4.512972948286269
11129,do,0.05,0.0,19,1.781195125579834,-5.282683148528591,-4.510819856325785
11130,pp,0.05,0.0,31,3.17697459101677,-4.726774023518418,-3.826103785302904
11131,do,0.05,0.0,16,0.015334411859511121,-9.096831041393859,-6.75193710592058
11132,pp,0.05,0.0,70,3.9500626468658435,-10.529581007812963,-8.813366293907166
11133,do,0.05,0.0,7,0.3571418821811676,-4.645298092293017,-4.10971697833803
11134,pp,0.05,0.0,70,2.399723876714707,-6.566902673605717,-5.853249684969584
11135,do,0.05,0.0,8,0.44206023335456823,-4.801159403540871,-3.9908051941129896
11136,pp,0.05,0.0,63,2.886758519411087,-6.6874490304426715,-5.055851524406009
11137,do,0.05,0.0,19,1.4287787950038915,-5.424639398401434,-4.606157472398546
11138,pp,0.05,0.0,23,2.6726267170906066,-6.562186543146769,-5.527408700519138
11139,do,0.05,0.0,70,1.5274989044666292,-7.7504163684266985,-6.622275484932794
11140,pp,0.05,0.0,28,0.8410720086097712,-7.113754265236132,-5.804510235786438
11141,do,0.05,0.0,9,0.2583869576454161,-5.055279218789303,-4.146297221713596
11142,pp,0.05,0.0,18,1.0944059383869167,-4.612319025848851,-3.807584247324202
11143,do,0.05,0.0,26,0.17406455993652337,-7.132230310729056,-6.140398899714152
11144,pp,0.05,0.0,31,1.2806152713298795,-5.565220056880604,-4.656794664594862
11145,do,0.05,0.0,30,1.9234945356845854,-7.230726796930487,-6.345919818348355
11146,pp,0.05,0.0,44,2.3629856932163236,-7.565408289071286,-5.819971569379171
11147,do,0.05,0.0,13,0.5952639317512514,-5.660462366450917,-4.605462874306573
11148,pp,0.05,0.0,23,2.1242881166934966,-6.772065604816784,-5.267668281661139
11149,do,0.05,0.0,15,1.014853531122208,-5.325054197600394,-4.602856752607558
11150,pp,0.05,0.0,27,1.9167105805873872,-5.779872051874796,-4.855637770228916
11151,do,0.05,0.0,21,1.2515946471691128,-5.524674620772853,-5.2660499254862465
11152,pp,0.05,0.0,25,2.5194641888141636,-4.8998051123185595,-4.335651593738132
11153,do,0.05,0.0,70,1.3347909414768226,-7.194270960489908,-5.909566113683913
11154,pp,0.05,0.0,67,2.3987278509140015,-5.274241467678186,-4.375438900788625
11155,do,0.05,0.0,15,0.09813106298446606,-5.681052124139034,-5.053455681271023
11156,pp,0.05,0.0,27,0.7958734190464023,-6.34690467227589,-5.07101678053538
11157,do,0.05,0.0,15,0.6177811169624334,-5.06572550571326,-4.908339542812771
11158,pp,0.05,0.0,45,3.374672050476075,-6.088603269692623,-5.375057948960198
11159,do,0.05,0.0,12,0.6571093773841854,-4.805643208821615,-4.279655037985908
11160,pp,0.05,0.0,29,2.296360541582107,-5.55140982541171,-4.463557669851515
11161,do,0.05,0.0,70,-0.22577372074127133,-8.558992942174276,-6.74558428923289
11162,pp,0.05,0.0,10,0.20862957954406713,-6.083728265762329,-5.36072637769911
11163,do,0.05,0.0,32,1.960489437580109,-6.8895570755004885,-6.092047905921936
11164,pp,0.05,0.0,39,3.1231211972236625,-4.532203817367554,-3.923172714975145
11165,do,0.05,0.0,53,0.1958053898811336,-8.7934269991788,-6.939586430125766
11166,pp,0.05,0.0,58,2.233220338821411,-6.205119630062219,-4.67844340801239
11167,do,0.05,0.0,58,0.11669174194335952,-8.290562186096654,-7.572715065214369
11168,pp,0.05,0.0,70,1.5849262893199922,-6.393149336901578,-5.4109144846598305
11169,do,0.05,0.0,33,0.7215603697299953,-7.254227626684941,-5.77615094449785
11170,pp,0.05,0.0,2,-0.9660602593421936,-6.213158928264271,-5.555125570297241
11171,do,0.05,0.0,24,2.6154960060119636,-5.044083986860333,-4.766735373602973
11172,pp,0.05,0.0,24,3.2116155362129204,-4.381600561286464,-3.772923672199249
11173,do,0.05,0.0,12,0.4555611813068383,-5.589964139822758,-4.419210616747538
11174,pp,0.05,0.0,27,1.7387252199649819,-6.163974475860596,-5.122592828008863
11175,do,0.05,0.0,11,1.8252265655994409,-6.180004963730321,-5.169670979181926
11176,pp,0.05,0.0,62,3.681922088861464,-10.808512748371472,-8.352288428942362
11177,do,0.05,0.0,21,1.1737332451343532,-6.55014278382966,-5.249449197451273
11178,pp,0.05,0.0,70,1.1767140924930573,-5.388481869842067,-4.73787653181288
11179,do,0.05,0.0,30,2.94442008972168,-5.539702402461659,-5.177794970406426
11180,pp,0.05,0.0,70,2.236731581687927,-7.755699771823305,-6.165899176067776
11181,do,0.05,0.0,37,2.323109972476959,-7.212001499985203,-6.381155557102627
11182,pp,0.05,0.0,8,0.07511140823364304,-5.9194286158590605,-5.106393159760369
11183,do,0.05,0.0,9,0.10137023091316166,-5.582453253774932,-4.599836013052198
11184,pp,0.05,0.0,55,0.343081218004226,-9.444036092180195,-7.530464604165819
11185,do,0.05,0.0,23,1.9546210169792175,-4.589694797631466,-4.791471762127347
11186,pp,0.05,0.0,57,3.15245911359787,-6.584156592686971,-5.662080640263028
11187,do,0.05,0.0,7,0.34702882409095803,-5.152447635477239,-4.842494673199123
11188,pp,0.05,0.0,12,1.0586459600925444,-6.183520899396954,-4.584877734714084
11189,do,0.05,0.0,70,3.196014921665191,-6.927332219210538,-5.974682278103298
11190,pp,0.05,0.0,7,0.06074052453041112,-5.774409883672541,-5.071656600634257
11191,do,0.05,0.0,70,3.5131840860843653,-7.079709633913907,-6.0583224667443165
11192,pp,0.05,0.0,10,0.8641961669921869,-5.7638441028016985,-4.530618214607239
11193,do,0.05,0.0,36,1.0387007343769081,-5.96086147481745,-5.378135895729065
11194,pp,0.05,0.0,5,-0.5196360278129584,-6.201432082147309,-5.541051178508335
11195,do,0.05,0.0,6,0.06468255519866961,-5.160971615531228,-4.439346970452203
11196,pp,0.05,0.0,1,-0.6345100271701813,-5.450499944975882,-4.712931587960985
11197,do,0.05,0.0,70,2.823466724157334,-6.382313059315537,-5.757776014010111
11198,pp,0.05,0.0,11,1.0176455664634707,-5.586573339231086,-4.840652868482802
11199,do,0.05,0.0,70,0.6931054699420933,-8.133462417486943,-7.020065246687995
11200,pp,0.05,0.0,1,-1.012024890184403,-6.135137066696629,-5.2987021340264215
11201,do,0.05,0.0,37,2.4255230069160465,-8.804974356564609,-7.3663193490770125
11202,pp,0.05,0.0,27,3.8954508316516865,-5.918547782030973,-4.954852075046963
11203,do,0.05,0.0,70,2.9410351824760426,-8.693770258354418,-7.725461159812079
11204,pp,0.05,0.0,36,2.690902075767516,-5.264924286351059,-4.602325896422069
11205,do,0.05,0.0,22,0.3851704192161556,-7.698171339613019,-6.077868424521553
11206,pp,0.05,0.0,62,3.939204597473144,-5.024008753805449,-4.974289608001709
11207,do,0.05,0.0,18,1.015009936094284,-5.55413512172121,-4.507158851623535
11208,pp,0.05,0.0,29,2.687501175403595,-6.020335418527776,-4.951727000872294
11209,do,0.05,0.0,70,0.5260822021961209,-7.3971143014503244,-6.706630579630533
11210,pp,0.05,0.0,25,2.1216434621810913,-5.866087319634177,-4.80887531042099
11211,do,0.05,0.0,12,-0.8468124115467068,-5.8698177149801545,-5.01540777683258
11212,pp,0.05,0.0,19,2.971620687246322,-6.074935112577496,-5.1748493724399145
11213,do,0.05,0.0,70,0.6488117516040806,-8.391627251018177,-7.47175211376614
11214,pp,0.05,0.0,8,1.3664399194717411,-4.660152984387947,-3.9207524869177077
11215,do,0.05,0.0,70,1.6497241437435157,-5.208679491100889,-4.655833424462212
11216,pp,0.05,0.0,70,2.5571113121509557,-5.511669774488969,-4.567224242952135
11217,do,0.05,0.0,8,-0.15140682220459034,-6.1716239654656615,-5.323806813028123
11218,pp,0.05,0.0,70,1.0265545856952665,-5.585842639749701,-4.7407443735334605
11219,do,0.05,0.0,18,0.3953467059135436,-6.496040845639778,-5.820241777102153
11220,pp,0.05,0.0,70,3.047275218963623,-5.656176707238862,-4.632296901279026
11221,do,0.05,0.0,51,0.6697610342502589,-10.203170576962558,-7.699394043286642
11222,pp,0.05,0.0,70,4.50743327975273,-7.723800718423092,-6.5744715266757545
11223,do,0.05,0.0,23,1.1615139591693877,-5.700944977095633,-4.528656530380249
11224,pp,0.05,0.0,36,1.6154856896400442,-8.056657457351685,-6.7333770089679295
11225,do,0.05,0.0,70,3.833498040437698,-5.454116962895249,-5.102116770214504
11226,pp,0.05,0.0,70,2.4546632111072535,-5.8539410186536385,-4.51375099685457
11227,do,0.05,0.0,70,3.2842301416397097,-4.533554171070908,-4.281414612134298
11228,pp,0.05,0.0,70,2.1650571668148046,-7.990280162926876,-6.469477481312222
11229,do,0.05,0.0,15,0.17595588684082042,-6.051422048337532,-4.790133473608229
11230,pp,0.05,0.0,16,2.151091299057007,-5.605785530263727,-4.578212443987528
11231,do,0.05,0.0,24,0.037490617036818996,-5.925810926610773,-4.687950852182176
11232,pp,0.05,0.0,37,2.0116356909275046,-6.454106827938196,-5.278700717290243
11233,do,0.05,0.0,41,2.749506405591964,-7.267293899709528,-6.6635953187942505
11234,pp,0.05,0.0,11,1.7767455530166627,-4.884138324043968,-4.012805347972446
11235,do,0.05,0.0,2,-1.1202437770366664,-6.325512646183823,-5.453274692429437
11236,pp,0.05,0.0,39,2.1628597652912145,-6.306575215946545,-5.017337807019552
11237,do,0.05,0.0,18,-1.0325204598903657,-8.037758270899454,-7.926330142550999
11238,pp,0.05,0.0,70,2.2149592244625094,-8.188627391872984,-6.42492204507192
11239,do,0.05,0.0,1,-1.5474783110618597,-6.696558835289695,-6.13758082124922
11240,pp,0.05,0.0,54,2.580364149808883,-6.186169724030928,-5.738459491729737
11241,do,0.05,0.0,70,0.7094554042816146,-9.676268184546268,-7.436201641294692
11242,pp,0.05,0.0,54,1.77089075922966,-9.333567187280366,-7.080812504556444
11243,do,0.05,0.0,1,-1.2907749140262599,-6.5044818097894845,-5.851106174786886
11244,pp,0.05,0.0,10,0.9326292908191682,-5.781984066240716,-4.442446443769667
11245,do,0.05,0.0,3,-0.8541499233245844,-7.177374049389001,-6.126618546909756
11246,pp,0.05,0.0,70,2.706771951913834,-6.679787518761374,-5.297024716271294
11247,do,0.05,0.0,9,-0.7749557316303255,-6.663713218226578,-5.805980759196811
11248,pp,0.05,0.0,64,1.4438716924190516,-6.329556232510191,-5.448465553919474
11249,do,0.05,0.0,36,-0.37476169466972387,-7.697145563183409,-6.235166049003601
11250,pp,0.05,0.0,42,3.6580327141284954,-5.2699143192984845,-4.371642218695746
11251,do,0.05,0.0,70,0.037495537996291795,-6.747179466305357,-5.978586559825473
11252,pp,0.05,0.0,66,1.4821871960163122,-5.7814752174146244,-5.286075984107123
11253,do,0.05,0.0,5,-1.0901219284534456,-6.31548979065635,-5.359263306193881
11254,pp,0.05,0.0,25,2.3504438984394067,-5.219908663720796,-4.304031546910604
11255,do,0.05,0.0,42,0.6588275814056388,-9.115569866064822,-7.7118556764390735
11256,pp,0.05,0.0,23,1.8974111342430122,-5.446471858747078,-4.291769242286682
11257,do,0.05,0.0,2,-0.21380691051483147,-5.219262290723396,-4.590139068497551
11258,pp,0.05,0.0,11,0.8083552539348604,-4.649996420831391,-3.9800721539391413
11259,do,0.05,0.0,2,-0.737372524738312,-5.837791192892826,-4.976808529429966
11260,pp,0.05,0.0,14,0.4454886567592622,-5.793531510324189,-4.865938994619581
11261,do,0.05,0.0,3,-1.5061724150180815,-6.579940433213205,-5.736951022677951
11262,pp,0.05,0.0,31,2.506363487243653,-7.005032179572366,-5.65224088827769
11263,do,0.05,0.0,2,-1.1601900160312653,-6.3819189591841265,-5.630577492713928
11264,pp,0.05,0.0,21,1.3376224386692055,-7.626695868463227,-6.052994481722513
11265,do,0.05,0.0,70,0.5451821291446688,-9.39779300400705,-7.891507132848104
11266,pp,0.05,0.0,25,3.553114515542984,-5.6642584367231885,-4.7751246929168705
11267,do,0.05,0.0,10,0.25189716815948504,-5.378748133688262,-4.362078722318014
11268,pp,0.05,0.0,54,2.4374560570716852,-7.498195909731316,-5.698229723506504
11269,do,0.05,0.0,20,0.3618585801124574,-6.949103313503843,-6.093500381045871
11270,pp,0.05,0.0,27,3.2755005729198468,-5.1272435910774,-4.461213024457296
11271,do,0.05,0.0,56,1.1078513574600217,-9.340896392591072,-7.550286883778043
11272,pp,0.05,0.0,20,1.7661935067176824,-5.161706057461825,-4.207382260428535
11273,do,0.05,0.0,9,-1.0785932946205143,-6.027960991136956,-5.2007608334223425
11274,pp,0.05,0.0,12,1.3055930495262151,-4.770568323135376,-4.0297124028205875
11275,do,0.05,0.0,66,1.5279547667503355,-10.231035246993557,-8.229960184627108
11276,pp,0.05,0.0,55,2.0749452614784243,-8.05027119029652,-6.670546089278327
11277,do,0.05,0.0,16,-0.7841601443290713,-7.532496465336193,-6.496658513281081
11278,pp,0.05,0.0,34,0.6070365917682636,-7.367965693907304,-6.2784642643398705
11279,do,0.05,0.0,56,-0.3475654125213623,-7.352041727123838,-6.157229831483629
11280,pp,0.05,0.0,64,1.4516574442386627,-6.895597686189594,-5.990422542889913
11281,do,0.05,0.0,20,0.5977661454677579,-5.068288797320742,-4.059069029490153
11282,pp,0.05,0.0,70,1.7095312356948842,-7.965659129980839,-5.597363850805494
11283,do,0.05,0.0,70,2.1507603502273565,-5.250771480618101,-4.785230905479855
11284,pp,0.05,0.0,43,2.693317130804062,-6.471967288219568,-5.771511085828146
11285,do,0.05,0.0,70,0.05969059705734381,-11.629008910150239,-9.082142236497667
11286,pp,0.05,0.0,46,3.152387456893921,-6.458827073646314,-5.193939190440708
11287,do,0.05,0.0,55,1.6694506454467772,-7.5212033965370875,-6.438212320539686
11288,pp,0.05,0.0,70,1.4853391361236579,-9.353116895213272,-7.426767566468981
11289,do,0.05,0.0,4,-0.36972626924514795,-5.4699353564869275,-4.646565734015571
11290,pp,0.05,0.0,13,0.40854533553123495,-5.652034227775805,-4.880550241470337
11291,do,0.05,0.0,7,-1.1609434771537774,-6.484117308529941,-5.64141841729482
11292,pp,0.05,0.0,70,2.1345600998401633,-6.780686457951863,-5.86611975034078
11293,do,0.05,0.0,2,-1.3819059216976166,-6.505849276166973,-5.820069522327847
11294,pp,0.05,0.0,69,1.6647313690185541,-8.409519665168993,-7.6132324165768095
11295,do,0.05,0.0,37,0.6465163445472717,-6.217097306974006,-5.354769502745734
11296,pp,0.05,0.0,68,1.8571956384181973,-7.9342781168041805,-6.050534245702956
11297,do,0.05,0.0,8,-0.8693903827667233,-5.860861866401904,-4.907395985391405
11298,pp,0.05,0.0,29,3.1974123084545134,-6.021174909129288,-5.179006420241462
11299,do,0.05,0.0,67,1.7043316471576677,-8.232277771920868,-6.5518230968051485
11300,pp,0.05,0.0,66,3.4613882172107697,-5.527549063075672,-4.595180702209473
11301,do,0.05,0.0,19,-0.7343447577953333,-7.270041168097293,-5.799729016092089
11302,pp,0.05,0.0,39,4.073174550533294,-5.602965879440307,-4.56589921315511
11303,do,0.05,0.0,50,3.4742814803123485,-6.6566906567775845,-5.472230874167549
11304,pp,0.05,0.0,28,3.8315091133117667,-5.643829316803903,-4.839166572358873
11305,do,0.05,0.0,14,0.007684206962585094,-5.794958412286007,-4.767635904418098
11306,pp,0.05,0.0,34,2.153224065303802,-6.423779122034708,-5.364952431784736
11307,do,0.05,0.0,6,-0.9372476530075078,-6.03480600010265,-4.983523959583707
11308,pp,0.05,0.0,29,2.1531818246841423,-7.372517958554354,-6.739939824740092
11309,do,0.05,0.0,70,2.615004655122757,-5.655096876260006,-5.159069180488586
11310,pp,0.05,0.0,13,1.42101366519928,-5.174272001150882,-4.3043757094277275
11311,do,0.05,0.0,40,0.7940092349052428,-7.414785779606213,-6.0707328213585745
11312,pp,0.05,0.0,52,3.3383977699279788,-5.407608208511815,-4.341028371122149
11313,do,0.05,0.0,19,1.0493949735164643,-6.319282700798729,-5.614740106794569
11314,pp,0.05,0.0,23,1.694377663135529,-5.816650019270001,-4.729848093456692
11315,do,0.05,0.0,36,1.6083348965644833,-6.43638822815635,-5.730726125505235
11316,pp,0.05,0.0,29,2.476150920391083,-5.178899205814709,-4.3282990508609345
11317,do,0.05,0.0,70,2.20435460448265,-6.037844091473204,-5.371651675966051
11318,pp,0.05,0.0,34,2.886588559150696,-5.5368868336533055,-4.646276014380985
11319,do,0.05,0.0,1,-1.4754140174388883,-6.706572261001124,-5.910933862792121
11320,pp,0.05,0.0,70,-0.9463789975643166,-11.960246739243017,-9.723211007648045
11321,do,0.05,0.0,22,-0.3782889366149904,-7.234415243611191,-6.079735898971558
11322,pp,0.05,0.0,18,0.7766046321392057,-6.496017746491866,-5.258419256740146
11323,do,0.05,0.0,6,-0.7979802489280701,-6.615512183218291,-5.582565421528287
11324,pp,0.05,0.0,21,1.3176172661781305,-6.1819163047906125,-5.125262098842197
11325,do,0.05,0.0,17,0.7739221644401555,-5.43069042003516,-5.2375571727752686
11326,pp,0.05,0.0,70,3.039208326339722,-6.889202883749297,-5.998538621266683
11327,do,0.05,0.0,70,1.990929291248321,-9.358152786890665,-9.206302203072442
11328,pp,0.05,0.0,32,1.568941872119904,-6.181110860362198,-5.454112760225931
11329,do,0.05,0.0,5,-0.9080792558193211,-6.465400444377552,-5.806598711013794
11330,pp,0.05,0.0,19,-0.11558728575706478,-6.694941105987087,-5.328236791822645
11331,do,0.05,0.0,3,-0.6439840650558475,-6.324043503674594,-5.316447305679321
11332,pp,0.05,0.0,70,0.5485678017139435,-8.827772524862578,-7.369393592410617
11333,do,0.05,0.0,2,-0.911837286949158,-6.050929063739199,-5.168939950731065
11334,pp,0.05,0.0,2,-0.21273082256317188,-5.237995237292665,-4.543757279713948
11335,do,0.05,0.0,53,0.6191418290138255,-7.004550279270519,-5.936922168731689
11336,pp,0.05,0.0,33,2.831088153123856,-5.801054445902507,-5.313370418548584
11337,do,0.05,0.0,52,1.335542551279067,-8.142273676034176,-6.968370702531603
11338,pp,0.05,0.0,52,0.6412550556659689,-8.367569997093895,-7.4813042534722225
11339,do,0.05,0.0,34,1.960424402952194,-6.122709265622226,-5.420829549100664
11340,pp,0.05,0.0,25,1.0722475862503051,-7.1544872370633215,-5.530848813056946
11341,do,0.05,0.0,3,-0.670875351428986,-5.553809823411884,-4.775537673632304
11342,pp,0.05,0.0,1,-0.5452144086360926,-5.410770703807022,-4.710583588812086
11343,do,0.05,0.0,1,-1.4239606106281277,-6.519983356649226,-5.824308154318068
11344,pp,0.05,0.0,23,2.3356226897239685,-5.80032351956223,-4.538831286960178
11345,do,0.05,0.0,20,-0.29824939966201836,-6.477949386654478,-5.5922512451807656
11346,pp,0.05,0.0,70,1.8373092651367182,-6.2515698851961075,-5.660288495487637
11347,do,0.05,0.0,18,2.1292470395565033,-4.455857554349032,-3.844812828964657
11348,pp,0.05,0.0,27,1.071995583772659,-6.103377056121826,-4.734718632698059
11349,do,0.05,0.0,16,0.9116017699241636,-5.174198003248735,-4.711564265357124
11350,pp,0.05,0.0,53,4.6121110916137695,-7.069192069949525,-5.865810929404365
11351,do,0.05,0.0,70,-0.3545956730842601,-11.575571771101519,-11.297724607255724
11352,pp,0.05,0.0,69,2.5698518788814546,-7.285452861496896,-5.8354421668582495
11353,do,0.05,0.0,70,1.3299873137474059,-7.949378371961189,-6.2972673892974855
11354,pp,0.05,0.0,70,2.6115000212192534,-5.568752957835342,-4.766117016474406
11355,do,0.05,0.0,7,-0.4107890009880073,-5.838750756870617,-5.150948553615146
11356,pp,0.05,0.0,68,2.1053600561618797,-7.571574539126772,-6.604571183522542
11357,do,0.05,0.0,70,-0.9911430084705355,-8.831715641599713,-6.916298868921068
11358,pp,0.05,0.0,40,3.4571155083179477,-4.30131230209813,-3.5765647755728827
11359,do,0.05,0.0,27,0.8748723542690282,-7.856334644375425,-6.960133006837633
11360,pp,0.05,0.0,35,1.588588436841964,-6.460437231352835,-5.3363464858796865
11361,do,0.05,0.0,19,0.3875516235828398,-6.091837280446833,-5.337220780054728
11362,pp,0.05,0.0,17,1.2635714900493626,-5.658894845211145,-4.521696427133349
11363,do,0.05,0.0,53,1.164660985469819,-8.132132963700728,-7.291081974241469
11364,pp,0.05,0.0,42,4.459995110034943,-6.653041030421401,-5.253348286946615
11365,do,0.05,0.0,70,-0.2427091670036301,-8.196283879424586,-7.472542990578545
11366,pp,0.05,0.0,2,-1.1533085429668422,-6.441607722369107,-5.74707866774665
11367,do,0.05,0.0,70,0.7139151227474203,-7.0915034048485035,-5.836910491519504
11368,pp,0.05,0.0,70,2.6593909800052637,-6.705215420867457,-5.282294058799744
11369,do,0.05,0.0,15,-0.9913470828533173,-7.1815098502419215,-6.533819460868836
11370,pp,0.05,0.0,25,-0.19917770981788685,-6.925426133473715,-5.51376682917277
11371,do,0.05,0.0,70,1.1057084405422213,-7.261487512877493,-6.513596007559035
11372,pp,0.05,0.0,70,2.391359796524048,-4.946382317398534,-4.089868615733253
11373,do,0.05,0.0,22,0.5933175098896033,-6.180918310627793,-5.186899571948581
11374,pp,0.05,0.0,44,1.5380475497245794,-10.076076578371453,-7.207353719075521
11375,do,0.05,0.0,20,-0.2639031541347503,-6.597530710335934,-5.803567618793911
11376,pp,0.05,0.0,70,-0.6965585684776308,-9.513677494453662,-8.393416123920018
11377,do,0.05,0.0,44,2.3408556365966797,-7.815681818759803,-6.517433794339498
11378,pp,0.05,0.0,57,2.7449555194377915,-7.816226597988244,-6.475889929135641
11379,do,0.05,0.0,20,0.8556581008434296,-5.588891829866352,-5.003165751033359
11380,pp,0.05,0.0,49,0.8340764617919927,-8.415125400369817,-8.426599004533555
11381,do,0.05,0.0,36,3.442370373010636,-4.846741939313484,-4.116721826129489
11382,pp,0.05,0.0,69,3.748832447528839,-7.256919434576323,-6.538065894444784
11383,do,0.05,0.0,33,1.633437900543214,-6.38485442941839,-5.769388890266418
11384,pp,0.05,0.0,44,1.822294139862061,-7.682338788292625,-6.266865303781297
11385,do,0.05,0.0,30,2.384737770557403,-6.383510354070952,-5.477840561336941
11386,pp,0.05,0.0,34,3.955482803583145,-7.959964736302694,-6.74223579035865
11387,do,0.05,0.0,70,2.2108441722393035,-6.813306512254657,-5.708116777737936
11388,pp,0.05,0.0,70,2.53771857380867,-9.214675134601015,-6.649664566251967
11389,do,0.05,0.0,70,3.183204821348191,-8.639987173947421,-7.347189921802944
11390,pp,0.05,0.0,13,1.0951625573635102,-5.555124071872595,-4.226154494285583
11391,do,0.05,0.0,70,4.457717734575271,-6.580971545884103,-5.681705106629265
11392,pp,0.05,0.0,10,0.42058820843696587,-5.613662631583936,-4.6787908527586195
11393,do,0.05,0.0,3,-0.15234922647476168,-5.230530364585645,-4.378841031922234
11394,pp,0.05,0.0,70,1.927763289213181,-7.168009915496364,-6.336022512118022
11395,do,0.05,0.0,21,1.5420304548740393,-5.533043047876069,-5.102687486012777
11396,pp,0.05,0.0,43,2.105455297231674,-7.467761767994274,-6.9884474224514435
11397,do,0.05,0.0,44,2.5073814606666573,-7.695965339198257,-6.91954206360711
11398,pp,0.05,0.0,24,2.097510355710984,-7.468866268793742,-6.007399437162611
11399,do,0.05,0.0,69,1.7602946841716776,-7.023061187339551,-6.117599879370795
11400,pp,0.05,0.0,57,2.201872861385346,-6.709350402427442,-5.7709534115261505
11401,do,0.05,0.0,21,0.7746603357791901,-8.603336917992793,-6.623900008201599
11402,pp,0.05,0.0,14,2.169174139499664,-6.019444365934892,-5.054179427358839
11403,do,0.05,0.0,70,-0.14020043969154283,-7.9890493739735,-6.86538266075982
11404,pp,0.05,0.0,29,0.3400608587265017,-6.899690024058024,-5.694260176022848
11405,do,0.05,0.0,24,1.6899084997177134,-7.021464852130774,-6.752848688761393
11406,pp,0.05,0.0,27,1.5145609176158903,-5.869292087265939,-5.506957501835293
11407,do,0.05,0.0,70,2.063969519138337,-7.838167998285004,-7.129320356580946
11408,pp,0.05,0.0,30,2.259452772140503,-5.815471342838172,-5.389141527811686
11409,do,0.05,0.0,15,2.182767090797425,-6.458005068518899,-5.313696511586508
11410,pp,0.05,0.0,7,1.7366888582706457,-4.675402956297903,-3.758066321743859
11411,do,0.05,0.0,19,-0.035670850276947164,-6.837180156418771,-5.972108414438035
11412,pp,0.05,0.0,33,3.938031882047653,-6.104258024331295,-4.807028142611186
11413,do,0.05,0.0,70,0.5831305575370784,-9.0586109753811,-6.821196561389499
11414,pp,0.05,0.0,29,3.713700133562088,-5.009851959979895,-4.278032403522068
11415,do,0.05,0.0,32,1.5667407691478727,-6.090361654397213,-5.0123484902911715
11416,pp,0.05,0.0,22,2.12137253165245,-6.421449798526186,-5.298895759052701
11417,do,0.05,0.0,63,3.3257523787021634,-6.118794766339389,-4.912992424435085
11418,pp,0.05,0.0,15,1.713146736621857,-5.313660933754661,-4.581755638122559
11419,do,0.05,0.0,70,-0.7677292668819424,-8.29457564498439,-6.98443767229716
11420,pp,0.05,0.0,24,1.9058012700080873,-6.139161124373928,-5.160167315271166
11421,do,0.05,0.0,35,0.5552163112163537,-7.274824005184752,-6.475648962126838
11422,pp,0.05,0.0,40,2.5188809323310855,-5.420331894267689,-4.697507088714175
11423,do,0.05,0.0,70,1.5158911430835715,-8.188528245868104,-6.154158565733168
11424,pp,0.05,0.0,51,3.4239707922935496,-5.9995323657989506,-5.005355909135607
11425,do,0.05,0.0,34,1.4174127352237704,-5.852306443994696,-5.042823216650221
11426,pp,0.05,0.0,51,0.902077069282532,-6.742905879743171,-5.561276541815864
11427,do,0.05,0.0,27,1.6583840620517734,-5.4725671233552875,-5.002025331391229
11428,pp,0.05,0.0,51,3.6582035207748413,-6.337257424267856,-5.206412005424499
11429,do,0.05,0.0,10,1.3488976788520812,-5.494778362909953,-4.737812338935004
11430,pp,0.05,0.0,20,2.4565267026424413,-4.809674906008171,-4.111266832881504
11431,do,0.05,0.0,70,0.5514378631114969,-8.115427375562263,-7.52749981880188
11432,pp,0.05,0.0,62,3.0631233131885534,-6.925460118958444,-5.190369015269809
11433,do,0.05,0.0,22,1.748816740512848,-6.408717888051814,-5.4838172674179075
11434,pp,0.05,0.0,70,1.2559350800514224,-8.253823057810466,-5.874318692419264
11435,do,0.05,0.0,9,-0.7048210608959202,-6.484075553489454,-5.517010982831319
11436,pp,0.05,0.0,15,1.1539384090900429,-5.9631811373161545,-4.914691389931573
11437,do,0.05,0.0,61,3.1190731954574584,-6.5804889245466756,-5.69529689417945
11438,pp,0.05,0.0,70,1.9270212948322296,-7.60855937871066,-7.068180637889438
11439,do,0.05,0.0,36,1.3841541957855217,-6.8184711629694155,-6.840457081794739
11440,pp,0.05,0.0,70,3.684793524742126,-7.577609492793227,-6.960271859169007
11441,do,0.05,0.0,61,1.732824822664261,-6.4413537675684145,-6.015653347969055
11442,pp,0.05,0.0,70,1.5127429950237286,-6.1721189470002145,-6.098481300142076
11443,do,0.05,0.0,12,0.5919380795955655,-5.383287845958363,-4.719863658481174
11444,pp,0.05,0.0,42,3.779901828765869,-5.945646732503717,-4.972521034876506
11445,do,0.05,0.0,17,1.3734224128723147,-6.0040016708952,-4.947615117496914
11446,pp,0.05,0.0,70,3.081627784967422,-9.073651137496485,-7.509369940227932
11447,do,0.05,0.0,20,0.1500445556640626,-5.824634748516661,-4.713256070348952
11448,pp,0.05,0.0,70,1.4769861602783205,-6.290887968467944,-5.042295665211148
11449,do,0.05,0.0,22,2.6297016751766193,-6.304678591814908,-5.5720045699013605
11450,pp,0.05,0.0,17,2.9242780339717864,-4.828263366583622,-3.9398926456769305
11451,do,0.05,0.0,28,2.340690183639526,-5.853551861734101,-5.126541188028123
11452,pp,0.05,0.0,24,3.1407969295978546,-6.895296031778509,-5.477863868077596
11453,do,0.05,0.0,27,2.957860790491104,-6.426985259489579,-5.491035869386461
11454,pp,0.05,0.0,70,2.0000058805942533,-9.501401579018795,-7.02169864707523
11455,do,0.05,0.0,43,2.5382693076133727,-7.325309819886178,-6.086698034074572
11456,pp,0.05,0.0,23,3.9706127870082844,-5.792564577044863,-4.945826604631212
11457,do,0.05,0.0,70,0.8724243867397306,-7.846335003592751,-7.730192761951023
11458,pp,0.05,0.0,46,2.2580333089828484,-7.363149780215639,-6.078888156678942
11459,do,0.05,0.0,56,1.7303225505352016,-7.778808073564009,-6.465060618188646
11460,pp,0.05,0.0,22,1.1428439760208136,-5.606878799380678,-4.680338128407796
11461,do,0.05,0.0,10,0.43586399316787716,-6.003719602931629,-5.268092852168613
11462,pp,0.05,0.0,13,2.0405845177173614,-5.702090081301603,-4.6039260188738504
11463,do,0.05,0.0,61,0.278449947834015,-6.877591932181156,-6.263469031121995
11464,pp,0.05,0.0,41,2.4958405387401585,-6.0224383874373,-4.6192049079471165
11465,do,0.05,0.0,70,3.5475398361682897,-6.854380785335194,-5.591319431198968
11466,pp,0.05,0.0,37,2.792228363752365,-6.0448232332865395,-5.234350228309632
11467,do,0.05,0.0,19,-0.9773056101799007,-7.459443960767803,-6.420103753937616
11468,pp,0.05,0.0,20,1.073582937717437,-5.731737658471772,-4.674348674880134
11469,do,0.05,0.0,70,1.8258641433715823,-5.71634966098901,-5.757543778419494
11470,pp,0.05,0.0,36,4.0400252175331115,-4.681880800651782,-4.217254842652215
11471,do,0.05,0.0,24,0.9763661348819728,-6.577177234129472,-5.370734747250875
11472,pp,0.05,0.0,58,2.3838867115974427,-6.601006279569684,-5.692308555708991
11473,do,0.05,0.0,70,0.9087703001499179,-7.912899067907622,-6.642958323160808
11474,pp,0.05,0.0,23,2.415716840028762,-7.293912084174878,-5.923588053385417
11475,do,0.05,0.0,60,0.9700031650066379,-9.180592041304617,-7.344355445437961
11476,pp,0.05,0.0,10,1.044097286462784,-5.344725931052006,-4.245368713802762
11477,do,0.05,0.0,10,0.434217492341995,-4.953215629404242,-4.256003501680162
11478,pp,0.05,0.0,11,1.2524900066852576,-4.2634421189626055,-3.848774580160777
11479,do,0.05,0.0,26,3.0421004414558412,-5.022006177902222,-4.536314068900214
11480,pp,0.05,0.0,19,1.9000060474872589,-4.875310866038005,-3.9645456923378837
11481,do,0.05,0.0,38,2.627027057409287,-5.545529482581399,-4.872763541009691
11482,pp,0.05,0.0,60,3.0186326515674597,-5.290220842216954,-4.8708605090777075
11483,do,0.05,0.0,16,1.6266818857192993,-5.684115502328583,-4.711792397499084
11484,pp,0.05,0.0,70,1.7846560502052302,-6.759592657378225,-5.409680472479926
11485,do,0.05,0.0,1,-1.4993288362026211,-6.636035885955348,-6.000798108842638
11486,pp,0.05,0.0,70,2.782252629995347,-7.009807578000156,-5.962784830729166
11487,do,0.05,0.0,50,1.87952871799469,-7.49423259677309,-6.181422556771173
11488,pp,0.05,0.0,42,2.3452150678634647,-7.667725240822994,-5.3917322662141585
11489,do,0.05,0.0,70,2.5097874593734746,-6.049112035288955,-5.207521345880297
11490,pp,0.05,0.0,70,4.018233839273452,-5.610154719786211,-4.974042489793566
11491,do,0.05,0.0,64,0.9447104549407968,-7.512003527265606,-6.599373009469774
11492,pp,0.05,0.0,33,3.392693538665772,-6.597734420949762,-5.357400600115458
11493,do,0.05,0.0,26,2.084522678852081,-4.903239490046646,-4.276632434791988
11494,pp,0.05,0.0,50,2.281342259645462,-7.250045904968724,-6.066300826602512
11495,do,0.05,0.0,70,4.206135586500168,-6.742736043352069,-6.076870105001661
11496,pp,0.05,0.0,70,2.6713276886939994,-6.386059667124893,-4.988074319892459
11497,do,0.05,0.0,6,-0.008216578960419163,-5.407374665231416,-4.7257954570982195
11498,pp,0.05,0.0,41,3.9936438214778898,-5.5874018770275695,-4.989412403106689
11499,do,0.05,0.0,14,0.5242934393882752,-5.390816770900379,-4.3587997065650095
11500,pp,0.05,0.0,18,2.7729602324962617,-5.691356845335527,-4.532776641845703
11501,do,0.05,0.0,70,4.3191684508323664,-8.294982548915979,-6.264679318004184
11502,pp,0.05,0.0,70,3.111546740531921,-6.989273405075073,-5.639064285490248
11503,do,0.05,0.0,25,2.797024353742599,-5.751712997031935,-4.493787055545383
11504,pp,0.05,0.0,61,2.9777937996387482,-10.197349487651477,-7.417117849985758
11505,do,0.05,0.0,70,3.7784393870830533,-6.150042348919492,-5.3413783364825775
11506,pp,0.05,0.0,70,1.893666870594025,-7.224435462373676,-6.634953173001607
11507,do,0.05,0.0,70,-0.5912531030178076,-11.597473380059906,-9.612674925062391
11508,pp,0.05,0.0,63,1.7116893923282621,-7.136481461380467,-5.81245092815823
11509,do,0.05,0.0,30,4.031005314588548,-6.156877939628832,-5.231560839547051
11510,pp,0.05,0.0,70,2.693213626146316,-6.572520034963435,-5.114223851097955
11511,do,0.05,0.0,20,-0.8590738272666929,-6.52659026926214,-5.636503028869629
11512,pp,0.05,0.0,70,2.420372556447983,-6.556079365990379,-5.654484844207763
11513,do,0.05,0.0,54,1.6569372224807744,-8.876461926373569,-6.381115484237671
11514,pp,0.05,0.0,34,2.3115710520744326,-7.033293497201168,-5.361292771498362
11515,do,0.05,0.0,8,0.2020508980751039,-6.023532276442556,-4.792058224148221
11516,pp,0.05,0.0,13,1.1502034151554108,-5.140084958798957,-4.130868593851726
11517,do,0.05,0.0,19,1.1676093947887418,-5.971653033747818,-5.702273533079359
11518,pp,0.05,0.0,68,2.6241925799846655,-9.828139521858908,-8.296731440226237
11519,do,0.05,0.0,53,0.8113131380081171,-6.005784816452951,-5.002832049793668
11520,pp,0.05,0.0,70,1.7871219170093537,-5.501819717522824,-4.581233814027574
11521,do,0.05,0.0,1,-1.4656752073764796,-6.672842827710238,-5.990374620755514
11522,pp,0.05,0.0,3,-1.1124549138545996,-6.695407938234734,-5.929673380321926
11523,do,0.05,0.0,34,1.60715396642685,-9.844631722479155,-8.318060146437752
11524,pp,0.05,0.0,40,3.1465640139579776,-5.615064957647613,-4.880603448549906
11525,do,0.05,0.0,22,-1.3057066631317147,-7.555011967456702,-6.966745895809598
11526,pp,0.05,0.0,70,0.7325809848308564,-6.733440282128074,-6.240088770124648
11527,do,0.05,0.0,33,-0.8280174708366399,-8.023864361734102,-7.0831717279222275
11528,pp,0.05,0.0,70,0.7519673311710351,-7.373886069384488,-6.198348304960462
11529,do,0.05,0.0,70,3.9719556641578686,-6.761439277186538,-5.970593317349752
11530,pp,0.05,0.0,17,1.2873960709571843,-5.693000120105165,-4.5650085382991366
11531,do,0.05,0.0,70,1.4001512598991397,-9.488434207800664,-8.181011827786763
11532,pp,0.05,0.0,70,0.9207448148727408,-10.188260087099943,-8.490889488326179
11533,do,0.05,0.0,53,2.127170211076737,-7.7782405304186275,-6.436787048975627
11534,pp,0.05,0.0,6,0.17748620748519883,-6.177303123474121,-5.642363577418857
11535,do,0.05,0.0,67,3.0622047662734992,-5.727116668585575,-5.273446997006734
11536,pp,0.05,0.0,55,1.777476801872254,-9.031198049314094,-6.46790124045478
11537,do,0.05,0.0,2,-0.38168324708938517,-5.541480484875765,-4.605338886049059
11538,pp,0.05,0.0,70,2.26302017569542,-8.077439854361794,-7.458224781354269
11539,do,0.05,0.0,6,0.6612533771991727,-4.614261050657793,-4.06463573773702
11540,pp,0.05,0.0,30,3.207258400917052,-4.602243495709969,-4.152191192573971
11541,do,0.05,0.0,25,-0.21961698055267398,-6.722346651192868,-5.675807563463847
11542,pp,0.05,0.0,51,2.448382858037948,-5.758219630790479,-4.703423211309645
11543,do,0.05,0.0,40,1.8042072880268094,-7.558282311757406,-6.415747997495863
11544,pp,0.05,0.0,9,-0.8883721411228178,-7.321909856796265,-5.654337570402357
11545,do,0.05,0.0,5,-1.006382306814194,-6.8605735735459765,-5.6274658918380736
11546,pp,0.05,0.0,6,-0.4626687026023859,-5.8916594461961225,-4.938971016142103
11547,do,0.05,0.0,22,2.3134183633327474,-5.9747607274488965,-5.166345485051473
11548,pp,0.05,0.0,65,3.731532930135728,-4.815866364854755,-4.187968995836046
11549,do,0.05,0.0,11,0.5550264906883235,-6.150627033638232,-5.025174188613891
11550,pp,0.05,0.0,37,1.6682064878940581,-6.222527251099095,-5.195986760987176
11551,do,0.05,0.0,70,-1.2530271947383884,-11.144977610038989,-8.787529855304294
11552,pp,0.05,0.0,62,1.7637186634540551,-10.077425896037708,-6.652795102861193
11553,do,0.05,0.0,15,1.1954699468612668,-5.3277027780359445,-4.71908327208625
11554,pp,0.05,0.0,70,4.458488309383392,-5.3491123242811724,-4.695707654953003
11555,do,0.05,0.0,17,2.6339396429061885,-5.231188122431437,-4.677971494197846
11556,pp,0.05,0.0,16,2.8276496434211724,-5.077704737403176,-4.24833918677436
11557,do,0.05,0.0,26,1.5603993642330165,-5.653949023738052,-5.226158189773559
11558,pp,0.05,0.0,7,1.2945395433902744,-4.946455493117824,-4.0580049726698135
11559,do,0.05,0.0,43,2.8340928041934967,-6.984399217547792,-5.87612091700236
11560,pp,0.05,0.0,19,1.38809718132019,-6.635663136568937,-5.421199258168539
11561,do,0.05,0.0,25,4.231362735033034,-4.904879782416604,-4.5689630932278105
11562,pp,0.05,0.0,30,3.272122730016709,-5.696983098983765,-4.741697364383274
11563,do,0.05,0.0,24,2.4801732897758484,-4.687398601300789,-4.191434205902947
11564,pp,0.05,0.0,53,4.543975906372071,-4.577748735023268,-4.122712161143621
11565,do,0.05,0.0,25,2.0519985604286193,-4.271422961263946,-3.916789389981164
11566,pp,0.05,0.0,29,3.2367837357521054,-4.344385019938151,-3.636575580967797
11567,do,0.05,0.0,37,3.2934705221652987,-3.9005076899673,-3.978519772158729
11568,pp,0.05,0.0,69,2.992358760833741,-5.179461489301739,-4.649051120546129
11569,do,0.05,0.0,19,2.3684179675579076,-4.716274336612586,-4.010590529441833
11570,pp,0.05,0.0,70,3.0535693550109873,-6.953337393384992,-5.481379340754615
11571,do,0.05,0.0,24,2.1832437407970424,-6.525746206803755,-6.049973260031806
11572,pp,0.05,0.0,13,1.7946862959861756,-5.818150539109201,-4.822783536381191
11573,do,0.05,0.0,18,2.4543548822402954,-4.231950426101685,-4.001636261410184
11574,pp,0.05,0.0,21,3.181574724912643,-5.476106493400805,-4.606089340315925
11575,do,0.05,0.0,9,0.9952253854274753,-5.718353018616185,-5.078457114431593
11576,pp,0.05,0.0,29,4.3287818288803095,-5.592461633682251,-4.5145896951357525
11577,do,0.05,0.0,15,2.258232026100159,-4.715108466870857,-4.119465549786885
11578,pp,0.05,0.0,15,3.1918250179290766,-5.306215657609882,-4.539671625031366
11579,do,0.05,0.0,18,1.3769684016704558,-5.138203372377338,-4.400490850872464
11580,pp,0.05,0.0,27,2.259681935310363,-5.795280182000362,-4.723596090740628
11581,do,0.05,0.0,17,2.5661219298839573,-4.901699329145027,-4.427626801861657
11582,pp,0.05,0.0,20,2.58659031510353,-5.359621582609234,-4.458290730582343
11583,do,0.05,0.0,11,2.126360318660736,-4.550672879363551,-4.055885530842675
11584,pp,0.05,0.0,20,2.942980666160583,-4.260142115390662,-3.7488265461391874
11585,do,0.05,0.0,39,1.758566073179245,-5.6162863630237005,-5.028021420372857
11586,pp,0.05,0.0,26,1.4065847063064574,-5.687411215811065,-4.583244427045186
11587,do,0.05,0.0,21,1.6458416152000428,-4.828514237837358,-4.259846172067854
11588,pp,0.05,0.0,45,2.2673150491714473,-7.1824154189138705,-5.700518382920159
11589,do,0.05,0.0,68,2.0499031937122343,-7.633875669132579,-6.609427433543735
11590,pp,0.05,0.0,37,1.0638788461685191,-8.583316626693263,-6.7906207429038155
11591,do,0.05,0.0,20,1.5843967831134789,-5.985414372068463,-5.690534281730652
11592,pp,0.05,0.0,70,1.9416443455219268,-5.1663208239006275,-4.41807480653127
11593,do,0.05,0.0,27,1.308326365947723,-5.6388698794625025,-4.809459392229716
11594,pp,0.05,0.0,21,2.6281235957145697,-5.937947872913245,-4.707275329695808
11595,do,0.05,0.0,20,3.0344368267059325,-5.642014616185969,-4.746054805649651
11596,pp,0.05,0.0,22,2.7396623861789706,-5.96719582008593,-4.736708913909064
11597,do,0.05,0.0,17,3.7465737354755406,-5.32099886229544,-4.7425781687100725
11598,pp,0.05,0.0,30,2.9576852858066562,-7.929084917993256,-7.028176768620809
11599,do,0.05,0.0,70,2.3342844557762144,-7.282297403162176,-6.159302911493513
11600,pp,0.05,0.0,45,3.152768797874451,-9.00142927458792,-7.715411029921638
11601,do,0.05,0.0,50,1.9252311074733734,-7.565058516011094,-7.057491445541382
11602,pp,0.05,0.0,18,3.1771212649345406,-6.295384392593846,-5.108155632019043
11603,do,0.05,0.0,26,2.606867538690566,-5.768037423220548,-5.40708896583981
11604,pp,0.05,0.0,41,3.3947391080856324,-5.66176407698429,-4.853536305162642
11605,do,0.05,0.0,8,1.4442283511161804,-4.36698052521908,-4.10053944852617
11606,pp,0.05,0.0,15,2.352286067008972,-6.523779588757139,-5.145116163624658
11607,do,0.05,0.0,29,2.9235564470291138,-6.248177253838741,-5.435575172636244
11608,pp,0.05,0.0,70,4.659344947338106,-6.563766862406875,-5.772003804312812
11609,do,0.05,0.0,48,1.7112808167934421,-9.6786138939135,-8.463593324025473
11610,pp,0.05,0.0,70,2.6577440857887265,-5.96226250186111,-4.9857689725028145
11611,do,0.05,0.0,15,2.1773836147785186,-4.949208987842907,-4.250521737999386
11612,pp,0.05,0.0,11,0.411362318992615,-5.427537559740471,-5.294372675153944
11613,do,0.05,0.0,26,1.0228113055229189,-5.146500979047833,-5.124892992443509
11614,pp,0.05,0.0,70,1.8906934535503392,-8.417266342856667,-6.838930061128404
11615,do,0.05,0.0,48,2.7484720146656043,-5.612271878213593,-5.456920191976759
11616,pp,0.05,0.0,70,1.1693565809726714,-7.325673344641021,-6.352756532033284
11617,do,0.05,0.0,22,2.135853694677353,-5.764756896279075,-4.958158090379503
11618,pp,0.05,0.0,70,3.512067247629166,-5.884464086185802,-4.776778974797991
11619,do,0.05,0.0,15,1.5245224750041961,-5.7924617434992935,-5.1989896668328175
11620,pp,0.05,0.0,70,5.198416855335235,-6.168893780852809,-5.559704605738322
11621,do,0.05,0.0,24,3.1401570057868966,-4.983344557791045,-4.452454027864668
11622,pp,0.05,0.0,70,5.124414752721787,-4.825019157294071,-4.140070778793759
11623,do,0.05,0.0,58,1.525942527055741,-6.6787061272245465,-6.04329694641961
11624,pp,0.05,0.0,35,1.6769577848911288,-5.011314406539455,-4.045928675598568
11625,do,0.05,0.0,15,1.7512554180622102,-4.382411927887888,-3.808009668191274
11626,pp,0.05,0.0,50,2.328619171380997,-6.6066132458773525,-5.167389032575819
11627,do,0.05,0.0,24,4.0866187536716465,-5.442990370952722,-5.188522905773587
11628,pp,0.05,0.0,67,4.041764383316041,-5.541643501050545,-4.956381005711026
11629,do,0.05,0.0,27,2.813435658216477,-5.5291491392887,-5.035921957757738
11630,pp,0.05,0.0,70,2.746874696016312,-7.543741471839674,-6.2380928569369845
11631,do,0.05,0.0,36,2.0209709107875824,-4.709027301903927,-4.358860415882535
11632,pp,0.05,0.0,70,0.37633485674858136,-6.558409235694191,-5.653483398755392
11633,do,0.05,0.0,24,1.9870785188674924,-6.25745881543015,-5.533924267027113
11634,pp,0.05,0.0,35,2.052051875591279,-7.1748114976015955,-5.797630185551114
11635,do,0.05,0.0,30,2.1378388059139253,-5.214566844882387,-4.610908675193786
11636,pp,0.05,0.0,46,2.619723646640777,-6.286664465701941,-5.145283977190654
11637,do,0.05,0.0,42,3.8642848038673403,-5.809851295297796,-4.988856709003448
11638,pp,0.05,0.0,38,2.0528739583492275,-8.869217007087938,-6.2507707542843285
11639,do,0.05,0.0,69,1.6073011541366569,-8.736919794660626,-6.688652899530199
11640,pp,0.05,0.0,19,3.9986081206798563,-5.73157165556243,-5.197927313380771
11641,do,0.05,0.0,15,2.040631867647172,-6.471177008657745,-4.930428918202718
11642,pp,0.05,0.0,31,3.4613724493980413,-5.249739847761212,-4.1680002331733705
11643,do,0.05,0.0,22,3.027378933429718,-6.398811179941351,-5.709058160252042
11644,pp,0.05,0.0,37,3.409022458791733,-4.667270969622063,-3.8627807749642264
11645,do,0.05,0.0,62,2.9298979568481442,-5.244888938557018,-4.708168563577864
11646,pp,0.05,0.0,29,3.7817313933372505,-5.0595296888640435,-4.108950686454773
11647,do,0.05,0.0,18,2.4258070778846736,-4.569861859986276,-4.612947143448723
11648,pp,0.05,0.0,29,3.9806380414962765,-4.786804296031143,-4.025629840956794
11649,do,0.05,0.0,48,0.9636428892612452,-6.015841078035759,-5.165594487720066
11650,pp,0.05,0.0,70,1.8842286098003385,-6.4778485587148955,-5.666124325328403
11651,do,0.05,0.0,26,1.0394183385372155,-5.262347007520271,-4.596234258015951
11652,pp,0.05,0.0,18,2.830473687648773,-4.934533285372185,-4.082918421427409
11653,do,0.05,0.0,11,1.1774759542942048,-5.207882170243697,-4.380272934171889
11654,pp,0.05,0.0,70,2.1474586760997774,-7.0443674289818965,-5.60059720410241
11655,do,0.05,0.0,70,3.380204451084137,-4.932883986559781,-4.371272775861952
11656,pp,0.05,0.0,70,3.6388139569759375,-7.406886710542621,-6.95212439166175
11657,do,0.05,0.0,10,0.8903050732612607,-4.900544363079649,-4.139391430219015
11658,pp,0.05,0.0,70,2.710904033184052,-5.3705488392801,-4.744712238841586
11659,do,0.05,0.0,11,1.134919738769531,-4.905622856544726,-3.935520577430725
11660,pp,0.05,0.0,70,2.1480964541435235,-7.01181874853192,-5.50425517823961
11661,do,0.05,0.0,22,1.6358858013153075,-5.913329807917277,-4.732072875234816
11662,pp,0.05,0.0,6,0.7829957377910617,-5.266639475388961,-4.122111821174622
11663,do,0.05,0.0,20,1.32709391951561,-4.973395729064942,-4.37286881075965
11664,pp,0.05,0.0,33,4.580358130931855,-6.384207611372976,-5.77382866276635
11665,do,0.05,0.0,28,2.251271891593933,-5.480404541709206,-4.868626734945509
11666,pp,0.05,0.0,70,2.1077444553375235,-5.866020214196407,-5.1724342796537615
11667,do,0.05,0.0,50,4.133404914140701,-8.601442714170975,-6.450169287787544
11668,pp,0.05,0.0,70,3.5339508581161514,-7.663906348835338,-6.6973412646187676
11669,do,0.05,0.0,40,1.8922749996185306,-5.0335636326760955,-4.328000189198388
11670,pp,0.05,0.0,70,3.390796512365341,-7.713527179486824,-6.16308597723643
11671,do,0.05,0.0,9,1.6395927476882939,-4.700733654426806,-3.9603738016552397
11672,pp,0.05,0.0,30,4.111070328950881,-4.794837788379554,-3.978840454419454
11673,do,0.05,0.0,15,1.9432947862148282,-8.384597373731209,-6.099454055892097
11674,pp,0.05,0.0,35,3.290024168491364,-8.756679835464015,-7.02786041630639
11675,do,0.05,0.0,12,2.8244978177547457,-4.9131303281495065,-4.114847518338097
11676,pp,0.05,0.0,19,3.562569216489792,-6.594151829228257,-5.161058772934807
11677,do,0.05,0.0,24,2.5542266249656675,-4.561898579741969,-3.9363958305782742
11678,pp,0.05,0.0,23,3.4650643873214717,-4.9363280094031134,-4.024088774787055
11679,do,0.05,0.0,15,1.6613657176494598,-5.956104323358247,-4.761693284246657
11680,pp,0.05,0.0,32,1.7779633831977844,-6.309273939421683,-4.977878552012974
11681,do,0.05,0.0,15,0.956881846189499,-5.1026289174051,-4.885242811838785
11682,pp,0.05,0.0,26,0.39842676043510394,-6.692656973636511,-5.5489305522706776
11683,do,0.05,0.0,70,2.6613558316230765,-8.658664086370758,-6.6974704133139715
11684,pp,0.05,0.0,53,3.420653756856918,-5.454498163859049,-4.266833313306173
11685,do,0.05,0.0,16,1.6528015220165253,-6.03403687766104,-4.7249391264385645
11686,pp,0.05,0.0,9,0.5367980515956878,-5.487894474376332,-4.55119296974606
11687,do,0.05,0.0,8,2.205749930143357,-5.376179867079764,-4.697184340159098
11688,pp,0.05,0.0,11,1.5707830750942229,-5.804300545201157,-5.239872352282206
11689,do,0.05,0.0,24,2.9576182353496554,-6.487476912411776,-6.243915926085578
11690,pp,0.05,0.0,22,2.2952702295780174,-5.749048345739191,-5.046557680765788
11691,do,0.05,0.0,24,3.8986345839500416,-5.114962369745428,-4.426959909333123
11692,pp,0.05,0.0,14,1.4212794446945187,-5.98942347873341,-4.932650319735209
11693,do,0.05,0.0,22,3.348648519515991,-5.26006636764064,-4.406900358200073
11694,pp,0.05,0.0,31,3.405415475368499,-6.982462163404985,-6.127359920077854
11695,do,0.05,0.0,35,1.828888419866562,-7.43364645206567,-6.38366809686025
11696,pp,0.05,0.0,11,1.2026765048503876,-5.4903045423103105,-4.806093242433336
11697,do,0.05,0.0,69,3.2827301001548763,-6.4629342064712985,-5.214308502939012
11698,pp,0.05,0.0,8,-0.25607630848884533,-5.821488053870923,-4.963939372698466
11699,do,0.05,0.0,25,2.4105791199207296,-6.424320631316214,-5.648400974273682
11700,pp,0.05,0.0,10,0.5351216661930085,-5.76228003357396,-5.3145265261332195
11701,do,0.05,0.0,21,1.7475593960285192,-5.085602988618793,-4.460294063886007
11702,pp,0.05,0.0,41,1.3296915805339813,-6.855690785610315,-5.837390067842271
11703,do,0.05,0.0,22,2.2839367449283596,-5.205250585440433,-4.510847168498569
11704,pp,0.05,0.0,70,2.8105001127719884,-6.817974139704849,-5.794704005453322
11705,do,0.05,0.0,70,2.216485166549683,-5.704468006076235,-5.078238473998176
11706,pp,0.05,0.0,24,1.362107989788055,-7.027113076412316,-5.723623633384705
11707,do,0.05,0.0,33,1.7988626003265384,-5.760421695131244,-5.179001858499315
11708,pp,0.05,0.0,29,3.0103942215442654,-4.256621795712095,-3.6627894984351266
11709,do,0.05,0.0,31,1.2898242080211633,-7.426639145070856,-5.813292256991068
11710,pp,0.05,0.0,70,4.931257729530334,-7.313026139230439,-6.162632444169787
11711,do,0.05,0.0,17,0.6762253630161288,-5.6272383140795155,-4.639389549361335
11712,pp,0.05,0.0,13,1.3027575421333317,-5.773626682975076,-4.669657259517246
11713,do,0.05,0.0,13,1.897473568916321,-5.184039731459184,-4.472142521540324
11714,pp,0.05,0.0,48,4.393430680036545,-6.43983215563225,-5.073010526763069
11715,do,0.05,0.0,9,1.1820864415168764,-6.0166028846393935,-4.837412950727675
11716,pp,0.05,0.0,34,3.4532440745830533,-6.852605601513025,-6.869372007581923
11717,do,0.05,0.0,38,3.940418345928191,-6.751118564605713,-5.608293676376343
11718,pp,0.05,0.0,70,2.6284899437427516,-6.819836278395219,-5.838349673483107
11719,do,0.05,0.0,63,2.250714237689972,-7.437347985758926,-6.518662569257948
11720,pp,0.05,0.0,17,-1.10038922071457,-7.501628826603745,-6.303332911597358
11721,do,0.05,0.0,45,2.4637307739257803,-7.510828779682969,-6.780841631359524
11722,pp,0.05,0.0,66,3.2156201398372657,-6.065675669005423,-5.6540858719084
11723,do,0.05,0.0,70,-0.29439166545867934,-9.958669333024458,-7.308364137013753
11724,pp,0.05,0.0,56,2.541024563312531,-6.422822921926325,-5.479552094141642
11725,do,0.05,0.0,25,3.325086272954941,-5.365448313048391,-4.329932167794969
11726,pp,0.05,0.0,36,4.494656298756599,-4.967693932851156,-4.440005116992527
11727,do,0.05,0.0,10,0.3740247464179989,-4.749943174015392,-4.066323162449731
11728,pp,0.05,0.0,25,1.8717668545246129,-5.332073127862179,-4.478577831056383
11729,do,0.05,0.0,15,1.5144014501571652,-5.57567687179103,-4.876403260231018
11730,pp,0.05,0.0,12,2.0766086435317987,-5.41653762441693,-4.5540670580334135
11731,do,0.05,0.0,22,2.0454096937179562,-5.052453663854888,-4.246450903680589
11732,pp,0.05,0.0,68,0.8971567404270182,-11.119993685231064,-9.90658155547248
11733,do,0.05,0.0,51,2.3648364889621734,-5.976742734331073,-5.390165416399638
11734,pp,0.05,0.0,37,2.2984429931640635,-6.798946239009048,-5.911336554421319
11735,do,0.05,0.0,70,1.141204499006271,-8.91893044385043,-7.198846022288005
11736,pp,0.05,0.0,19,1.8005672562122346,-5.643702771446922,-4.710714146826002
11737,do,0.05,0.0,13,0.480667825937271,-5.416537443796794,-4.771894007258945
11738,pp,0.05,0.0,61,3.0136410021781925,-6.005065338539355,-5.108905993567573
11739,do,0.05,0.0,25,1.26911048412323,-5.487955620794585,-4.832243604130215
11740,pp,0.05,0.0,25,0.7024977910518642,-6.453257163365682,-5.379402931531271
11741,do,0.05,0.0,70,1.0973670363426216,-6.451896002798369,-5.862066570917765
11742,pp,0.05,0.0,21,2.4884555459022524,-6.008576099800341,-4.879972346623739
11743,do,0.05,0.0,10,0.667568868398666,-5.00653780301412,-4.229636228084564
11744,pp,0.05,0.0,5,0.441052201986313,-5.011938605164037,-4.308883457713657
11745,do,0.05,0.0,70,0.8115558373928078,-12.319793553785845,-8.853307337231106
11746,pp,0.05,0.0,58,0.9446858382225045,-7.337803209189213,-6.033165277375115
11747,do,0.05,0.0,8,-0.13804388523101796,-5.813023662567138,-4.612880849838257
11748,pp,0.05,0.0,10,1.6335016393661501,-5.879868399013173,-4.682951532469856
11749,do,0.05,0.0,38,2.611796604394913,-5.949202673362963,-4.945025711589389
11750,pp,0.05,0.0,28,2.423826546669006,-4.878711157134085,-4.093075140317281
11751,do,0.05,0.0,59,1.62024783372879,-7.281909075650302,-6.039306410153707
11752,pp,0.05,0.0,50,5.507066023349762,-6.199033530553182,-5.497178524070316
11753,do,0.05,0.0,70,0.534198026657104,-7.371563358017893,-6.308915689256456
11754,pp,0.05,0.0,58,4.147028415203094,-4.905011668349758,-4.32192040681839
11755,do,0.05,0.0,38,1.0826417636871337,-6.567409971988562,-5.412703977690803
11756,pp,0.05,0.0,23,2.2579965806007385,-5.108711049050996,-4.139286867777506
11757,do,0.05,0.0,46,1.99008931517601,-5.850373451637499,-5.477318610085382
11758,pp,0.05,0.0,26,2.9547099494934077,-6.698448617530592,-5.6920766459570995
11759,do,0.05,0.0,33,2.0346033632755276,-6.824860095977783,-6.1262693378660416
11760,pp,0.05,0.0,39,1.2682653069496155,-5.482502635320028,-4.432868920432197
11761,do,0.05,0.0,28,0.972800581455231,-7.430163971583048,-5.60584655602773
11762,pp,0.05,0.0,26,2.682010968923568,-6.2815538348573625,-4.822212011284298
11763,do,0.05,0.0,17,1.7811826729774474,-5.169722281080304,-4.612130777041117
11764,pp,0.05,0.0,40,1.3985412549972533,-8.406779257456462,-7.516538577609592
11765,do,0.05,0.0,13,-0.25705796003341685,-7.094974997549346,-5.873198265499539
11766,pp,0.05,0.0,39,2.4702969145774833,-6.379307051860925,-5.090691256523132
11767,do,0.05,0.0,70,1.6392501068115228,-6.216376980868253,-5.185136402977838
11768,pp,0.05,0.0,23,1.6271151435375213,-5.449428929704609,-4.619442921214634
11769,do,0.05,0.0,70,-0.33963899731636094,-7.485780163967248,-6.369512311617533
11770,pp,0.05,0.0,70,3.141307635307312,-5.083360024654504,-4.4560326231850516
11771,do,0.05,0.0,24,3.269443278312683,-4.211121418981842,-3.9014394654168023
11772,pp,0.05,0.0,24,2.4070760107040394,-5.082010514808424,-4.266912386152479
11773,do,0.05,0.0,70,1.1463397288322454,-7.31768239628185,-6.7374012894100614
11774,pp,0.05,0.0,30,2.8925549232959753,-4.6905821872479985,-4.061302088366615
11775,do,0.05,0.0,22,-0.4977393972873676,-8.401712634346701,-6.913408358891805
11776,pp,0.05,0.0,40,1.8323741817474373,-6.277700623598966,-5.18534464041392
11777,do,0.05,0.0,51,4.836592800617218,-4.699731682286118,-4.613700547483233
11778,pp,0.05,0.0,25,2.2142473578453057,-5.772088442426739,-4.85001310242547
11779,do,0.05,0.0,20,2.3836831378936765,-5.372282632191976,-4.159620202912224
11780,pp,0.05,0.0,57,3.1084226775169377,-6.8681502732363615,-5.997832171122233
11781,do,0.05,0.0,70,5.156709144115449,-7.102068090438843,-6.2212806198332045
11782,pp,0.05,0.0,20,2.902908384799958,-6.082573582909324,-4.914533589945899
11783,do,0.05,0.0,66,4.502483505010605,-5.643717683445324,-4.977847647666931
11784,pp,0.05,0.0,43,2.9795544731616976,-5.3040605313850175,-4.419723727968004
11785,do,0.05,0.0,44,3.75170669913292,-6.607797585111676,-6.617534814940559
11786,pp,0.05,0.0,34,4.693500776290894,-7.025096289316813,-5.903386312060886
11787,do,0.05,0.0,22,1.4850309813022617,-5.832317547364668,-4.814265900188023
11788,pp,0.05,0.0,70,2.3651307570934286,-7.50342796643575,-6.720244028833178
11789,do,0.05,0.0,70,0.7534670162200925,-7.628402533675685,-6.860550578435262
11790,pp,0.05,0.0,52,2.788412561416627,-6.825363321015329,-5.356700676017337
11791,do,0.05,0.0,70,0.5987821400165556,-11.272517621878421,-8.583881828520033
11792,pp,0.05,0.0,70,3.7151486635208135,-6.34381553476507,-5.975178734461466
11793,do,0.05,0.0,58,0.8093962466716764,-8.17115703640562,-6.242931856049432
11794,pp,0.05,0.0,39,2.3865771865844723,-6.088932991027832,-5.03757299847073
11795,do,0.05,0.0,12,0.5969087314605712,-6.464088571432865,-5.616493588023715
11796,pp,0.05,0.0,28,1.3659310722351066,-7.454898152206884,-5.796946941481696
11797,do,0.05,0.0,50,1.0512234079837786,-9.676347960847798,-8.314701816770766
11798,pp,0.05,0.0,14,1.6146583986282348,-6.4387772935809515,-5.199931989775764
11799,do,0.05,0.0,40,1.003403179645538,-9.978956658912427,-9.239552481969197
11800,pp,0.05,0.0,32,2.9384934270381926,-8.100801758332686,-6.997729428609213
11801,do,0.05,0.0,70,1.1656348288059242,-7.118045594475486,-6.5013622707790795
11802,pp,0.05,0.0,50,3.5840212345123286,-6.126257717248166,-4.865791283713447
11803,do,0.05,0.0,70,1.0219568169116968,-6.849682078217015,-6.233012941148546
11804,pp,0.05,0.0,16,1.3687133359909058,-5.477404314098936,-4.730128871070014
11805,do,0.05,0.0,70,0.9750542640686035,-6.506726637753573,-6.383705759048462
11806,pp,0.05,0.0,33,2.9873295724391937,-4.615911319039085,-3.9102776368459065
11807,do,0.05,0.0,1,-1.5363827502727503,-6.616363519610781,-6.000872339142694
11808,pp,0.05,0.0,18,1.6923731458187108,-5.291739252841833,-4.339910713831584
11809,do,0.05,0.0,9,-1.3790187692642215,-7.206423230604692,-5.791427241431342
11810,pp,0.05,0.0,64,1.3201221501827227,-7.773342622410167,-6.8604906029171415
11811,do,0.05,0.0,1,-1.1862799441814431,-6.4888350111065485,-5.841780005560981
11812,pp,0.05,0.0,70,2.0716977012157436,-6.046088741764878,-5.156242497762045
11813,do,0.05,0.0,1,-1.5128130865097047,-6.634094787366463,-6.0126059161292185
11814,pp,0.05,0.0,70,2.971804947853089,-5.24625857815598,-5.063330852985382
11815,do,0.05,0.0,4,-0.78297865986824,-6.145815762606534,-5.294285753038195
11816,pp,0.05,0.0,18,2.9139933550357817,-6.08894583528692,-5.075881679852803
11817,do,0.05,0.0,1,-1.4024531543254852,-6.4252113761323875,-5.751696549521553
11818,pp,0.05,0.0,23,3.838547687530518,-5.383805299527717,-4.532697840531667
11819,do,0.05,0.0,2,-0.8771037316322321,-5.704417659297134,-4.918468618392945
11820,pp,0.05,0.0,25,2.701867978572846,-5.8137238329107115,-4.5782614270846045
11821,do,0.05,0.0,7,-0.39684449911117614,-5.87801902366407,-4.915288774172465
11822,pp,0.05,0.0,70,1.5326320087909693,-6.425491584431041,-5.419695533646477
11823,do,0.05,0.0,17,2.494265969991683,-7.51695631200617,-5.362378912501865
11824,pp,0.05,0.0,41,2.9438943874835957,-8.955751578013102,-7.0076444546381635
11825,do,0.05,0.0,3,-1.3331274330615992,-7.019275960055265,-6.026987602975633
11826,pp,0.05,0.0,31,3.1962135970592493,-5.279483663674557,-4.326148850387997
11827,do,0.05,0.0,50,0.6653059518337248,-9.69696379141374,-8.24309003882938
11828,pp,0.05,0.0,61,3.81989016532898,-5.9696088964288885,-5.0570689757665
11829,do,0.05,0.0,70,0.8787674796581273,-6.557648067763357,-5.833416618241204
11830,pp,0.05,0.0,19,2.834569647312164,-5.02675803935889,-4.201947114202711
11831,do,0.05,0.0,70,-0.7515743029117576,-10.877136893705888,-9.045967144436306
11832,pp,0.05,0.0,36,4.449711591005325,-5.3277940981315846,-4.407004237174988
11833,do,0.05,0.0,3,-1.319342470169067,-6.795666314616348,-5.958606176906162
11834,pp,0.05,0.0,59,4.790262851715087,-5.661994925412265,-4.832184431287978
11835,do,0.05,0.0,21,-0.6095772123336793,-8.466633276505904,-7.696436593267653
11836,pp,0.05,0.0,68,4.510455132722854,-7.316739085226348,-6.048648309707642
11837,do,0.05,0.0,65,-0.07745952367782571,-11.14009117935643,-8.534929990768433
11838,pp,0.05,0.0,40,5.665053936243058,-5.20157048774488,-4.7136814514795935
11839,do,0.05,0.0,13,-0.0533844065666198,-6.7116037383224025,-6.049481823709276
11840,pp,0.05,0.0,70,3.9270929718017573,-7.6942229155338175,-7.1891400231255425
11841,do,0.05,0.0,70,0.5709785211086285,-7.371930197513465,-6.894010562366909
11842,pp,0.05,0.0,65,2.6120496571063985,-7.171266570235744,-6.397088951534695
11843,do,0.05,0.0,70,-1.0872038257122032,-8.394141444292936,-7.693260227309333
11844,pp,0.05,0.0,70,2.761903381347656,-7.194968216346972,-6.595658395025465
11845,do,0.05,0.0,13,1.4602500760555266,-7.3339965892560555,-6.679895138740539
11846,pp,0.05,0.0,36,5.680480509996414,-5.103072952501702,-4.543496619330512
11847,do,0.05,0.0,59,0.5850272786617268,-6.700060760613644,-5.959007371796502
11848,pp,0.05,0.0,40,3.301293584108352,-6.075200520139752,-5.241274972756703
11849,do,0.05,0.0,70,1.1947473704814904,-12.173307956348767,-10.668025869793363
11850,pp,0.05,0.0,70,3.2816471266746525,-7.729058486765081,-6.345467159483168
11851,do,0.05,0.0,14,0.9495920228958132,-5.045997694766883,-4.742732659975688
11852,pp,0.05,0.0,20,1.413936405181886,-6.334368971622351,-5.588000355826484
11853,do,0.05,0.0,70,0.6939440572261812,-8.153963323072954,-6.779398271772597
11854,pp,0.05,0.0,41,3.7246675384044643,-6.227074425148241,-5.038489219877455
11855,do,0.05,0.0,61,0.40191351890563887,-11.116367027976295,-8.58630232281155
11856,pp,0.05,0.0,70,1.8070186841487885,-8.117919167605313,-6.0779599375194975
11857,do,0.05,0.0,28,1.0422413921356206,-7.318793572801532,-6.341282966401842
11858,pp,0.05,0.0,65,1.69798591852188,-7.845042360190189,-6.478912984000312
11859,do,0.05,0.0,31,0.8566898441314699,-6.64025745825334,-5.77489776081509
11860,pp,0.05,0.0,70,-0.14432589769363346,-9.25604444850575,-7.9615274588267
11861,do,0.05,0.0,39,2.0261562669277193,-5.772892074873953,-5.277312952942318
11862,pp,0.05,0.0,43,2.239857490062713,-5.400808082927357,-4.588452776273091
11863,do,0.05,0.0,13,0.8170077145099635,-5.065966360496752,-4.481395618120829
11864,pp,0.05,0.0,53,2.2451034641265863,-7.563335345008157,-6.199442034297519
11865,do,0.05,0.0,32,1.1062876439094547,-6.03377714879585,-5.121658931838142
11866,pp,0.05,0.0,39,2.6539250791072853,-6.5381092201579705,-5.280986074606577
11867,do,0.05,0.0,34,2.904364111423493,-6.1393940607706705,-5.273019695281983
11868,pp,0.05,0.0,29,2.0789432334899898,-6.036664906415072,-4.892032477590773
11869,do,0.05,0.0,28,2.8436259067058556,-5.817411122177586,-5.372643118434482
11870,pp,0.05,0.0,62,1.4064611279964438,-8.288388362075343,-6.760501808590359
11871,do,0.05,0.0,33,2.771234567165375,-6.660798640684648,-5.64699635108312
11872,pp,0.05,0.0,70,1.8617645740509037,-7.383676657532201,-5.65411135090722
11873,do,0.05,0.0,70,4.4775134205818174,-5.046816341804735,-4.792527270317078
11874,pp,0.05,0.0,67,5.043054854869841,-5.470882259715687,-4.421585424741109
11875,do,0.05,0.0,40,1.0875059676170347,-6.721359479788578,-5.929452564981249
11876,pp,0.05,0.0,32,3.3001637935638435,-5.425482842416474,-4.543352553579543
11877,do,0.05,0.0,2,-0.880393540859223,-6.166125346675064,-5.425677556461758
11878,pp,0.05,0.0,52,2.6316027116775507,-6.952199094945734,-5.421899604797363
11879,do,0.05,0.0,20,2.1063889229297637,-5.629832170948838,-4.815671560499403
11880,pp,0.05,0.0,70,2.1213163912296302,-6.3998047467434045,-5.640138917499119
11881,do,0.05,0.0,70,0.14298855185508685,-7.27964847015612,-6.145064897007412
11882,pp,0.05,0.0,55,2.976205401420593,-6.371224407716231,-5.319165436426799
11883,do,0.05,0.0,51,3.1818826997280114,-5.173518400481253,-4.924694501029121
11884,pp,0.05,0.0,48,2.136941694021224,-8.596168367790453,-6.088677316241794
11885,do,0.05,0.0,20,3.037838702201844,-5.230095359050867,-4.487677764892578
11886,pp,0.05,0.0,41,4.190196268558502,-5.097672952305187,-4.520585221714444
11887,do,0.05,0.0,42,0.7235012292861942,-6.08370584863605,-5.3737384345796375
11888,pp,0.05,0.0,70,2.0811764216423034,-6.54635584860137,-5.279455489582485
11889,do,0.05,0.0,70,-0.49789980411529555,-9.352406377503366,-8.017775156762864
11890,pp,0.05,0.0,70,2.735139898061753,-6.896510713750666,-5.583922502729628
11891,do,0.05,0.0,70,1.0035340571403504,-6.615975735404275,-5.916394649611579
11892,pp,0.05,0.0,70,1.9617049694061288,-6.265501282431862,-5.175478993521796
11893,do,0.05,0.0,69,0.8577183437347404,-7.791118051066543,-7.114824488427904
11894,pp,0.05,0.0,44,2.9821292519569402,-5.673276303031228,-4.732687163352966
11895,do,0.05,0.0,70,1.6200434827804564,-7.992768537636959,-6.38638883166843
11896,pp,0.05,0.0,27,1.0821547257900246,-5.592779220234264,-4.729030333624946
11897,do,0.05,0.0,48,2.9740231966972344,-5.673533251791289,-5.6890554587046305
11898,pp,0.05,0.0,70,5.428315693140029,-5.649638099381418,-5.145974549982283
11899,do,0.05,0.0,21,0.22296716809272699,-6.458293173529885,-5.344702868991428
11900,pp,0.05,0.0,70,4.04918091058731,-6.59299208612153,-6.475491825739542
11901,do,0.05,0.0,14,-0.5083795213699345,-6.299643354704886,-5.373602729373508
11902,pp,0.05,0.0,59,2.5902403199672692,-6.873608240936742,-5.670726611879137
11903,do,0.05,0.0,57,3.8451495134830473,-8.246820848638361,-7.878939639197456
11904,pp,0.05,0.0,60,4.841502873897552,-4.702522634014938,-4.292302540938059
11905,do,0.05,0.0,40,-1.0179997098445899,-8.71365677949154,-6.814977706803216
11906,pp,0.05,0.0,70,2.2475356638431556,-6.789451817310217,-5.724480862087674
11907,do,0.05,0.0,42,-0.20655703663826053,-7.1435338973999025,-6.190287929111057
11908,pp,0.05,0.0,36,1.9098992884159083,-6.913633189056859,-5.744407100147671
11909,do,0.05,0.0,50,1.7254326224327086,-6.171462171727961,-5.729667324490017
11910,pp,0.05,0.0,69,1.4341071617603305,-7.416350741819902,-5.866962742805481
11911,do,0.05,0.0,70,-0.13266972184181203,-7.255702005733143,-5.923051065868801
11912,pp,0.05,0.0,30,3.8248938226699822,-4.461562205805923,-3.858531555864546
11913,do,0.05,0.0,70,2.5700408935546877,-5.561944395123106,-5.100164352522956
11914,pp,0.05,0.0,63,4.17131396651268,-5.206485443404227,-4.540636377864414
11915,do,0.05,0.0,63,5.421423808336259,-5.673946890686498,-5.075191561381022
11916,pp,0.05,0.0,60,1.9093272709846492,-6.785412799950802,-5.705369022157457
11917,do,0.05,0.0,70,3.11474592089653,-7.355502590988621,-6.741045610109965
11918,pp,0.05,0.0,70,4.2364627408981335,-7.607565853812478,-6.262476807170444
11919,do,0.05,0.0,38,-0.6470770955085756,-8.306687479308158,-6.6761445045471195
11920,pp,0.05,0.0,20,0.13164831280708356,-7.144924536618319,-5.888396673732334
11921,do,0.05,0.0,15,1.3293177545070654,-5.174091987898856,-4.2194674173990885
11922,pp,0.05,0.0,69,3.853886055946349,-6.912523106372718,-6.8925650305218165
11923,do,0.05,0.0,24,1.372918990850449,-6.670168094924002,-5.045097984208001
11924,pp,0.05,0.0,46,1.5751583635807043,-7.187661957018303,-5.644539475440979
11925,do,0.05,0.0,24,2.2351280474662785,-7.069852275559397,-5.720898289150662
11926,pp,0.05,0.0,14,1.9969783747196201,-5.5174098751761695,-4.348304409450955
11927,do,0.05,0.0,27,-1.1155499327182774,-7.917634984218713,-7.244679334428575
11928,pp,0.05,0.0,31,0.9492481899261476,-6.917593548514626,-6.1863199949264525
11929,do,0.05,0.0,35,2.037944439649582,-6.512213339950099,-5.378318164083693
11930,pp,0.05,0.0,42,3.1043208932876585,-9.839154636498654,-7.503016816245185
11931,do,0.05,0.0,70,2.484511158466339,-6.820661078077374,-6.462133804957072
11932,pp,0.05,0.0,21,0.8280224573612216,-8.010153897603352,-6.490942849053277
11933,do,0.05,0.0,70,2.421916363239289,-9.046254538044785,-7.523672888014052
11934,pp,0.05,0.0,70,1.4454142177104945,-8.84244768113801,-6.973821375105116
11935,do,0.05,0.0,23,2.1668061661720275,-5.081534141482729,-4.4097487582100765
11936,pp,0.05,0.0,29,3.5980690300464637,-4.074594991857356,-3.56038507355584
11937,do,0.05,0.0,29,2.469178632497787,-6.249976685552886,-5.132577551735772
11938,pp,0.05,0.0,70,2.5745917522907256,-7.620783076141819,-6.997121387057835
11939,do,0.05,0.0,70,4.4939223432540905,-5.16279871969512,-4.795915685759651
11940,pp,0.05,0.0,24,2.71973684310913,-4.725728698210283,-4.018064133326212
11941,do,0.05,0.0,27,3.5984221386909487,-5.520805751916134,-4.345798744095696
11942,pp,0.05,0.0,70,3.0210121512413037,-7.226008509144639,-7.179994257291158
11943,do,0.05,0.0,21,1.567219444513321,-5.4210932890574135,-4.830071298281352
11944,pp,0.05,0.0,46,2.072660527229309,-6.279952131618153,-5.333955486615499
11945,do,0.05,0.0,28,2.489059828519821,-4.821245164582224,-4.019622829225328
11946,pp,0.05,0.0,13,1.5179457354545596,-4.985210515513565,-3.9782133711708916
11947,do,0.05,0.0,70,3.3148797082901,-7.022268145012133,-6.185703372955322
11948,pp,0.05,0.0,59,2.063744120597839,-8.22112314484336,-6.566806311077542
11949,do,0.05,0.0,45,3.614310238361359,-5.853120959888805,-4.949052325884501
11950,pp,0.05,0.0,50,3.8171136224269873,-7.434071548057325,-6.378577711847093
11951,do,0.05,0.0,64,2.87759442806244,-5.8852404551072555,-5.505703425407409
11952,pp,0.05,0.0,23,1.5695425450801856,-6.4234557859825365,-5.148856949806214
11953,do,0.05,0.0,18,2.3508186054229743,-5.765481483575069,-4.944674852159288
11954,pp,0.05,0.0,14,2.8913299763202662,-6.304982350089333,-5.045060645209419
11955,do,0.05,0.0,28,3.1846767807006824,-5.958925528959795,-5.196272378497653
11956,pp,0.05,0.0,26,3.0581915605068213,-7.435984352863196,-5.878451816240946
11957,do,0.05,0.0,70,4.700875117778779,-7.457556126334451,-6.459084426032172
11958,pp,0.05,0.0,13,2.0533503580093386,-5.43394349416097,-4.28966578245163
11959,do,0.05,0.0,16,1.6911476922035211,-5.523184393391465,-4.80532906850179
11960,pp,0.05,0.0,10,1.19982936501503,-5.364554858930183,-4.427823397848341
11961,do,0.05,0.0,61,4.321887227296829,-7.253214710408991,-6.340585607952542
11962,pp,0.05,0.0,41,3.04456971168518,-5.940894385540124,-4.712933576107025
11963,do,0.05,0.0,27,1.0643792235851288,-7.2850724465919265,-6.232922546068827
11964,pp,0.05,0.0,58,2.835730468034744,-8.9189869259343,-8.220688348346286
11965,do,0.05,0.0,7,0.7819957995414732,-4.914656097238714,-4.184827224413554
11966,pp,0.05,0.0,14,2.8881436502933493,-5.974282099983909,-4.634543251991272
11967,do,0.05,0.0,51,2.8158597564697265,-6.398525616616913,-5.73595888349745
11968,pp,0.05,0.0,16,2.2822550666332244,-5.102627494118431,-4.123956791559855
11969,do,0.05,0.0,44,1.8036995160579679,-6.64102020408168,-5.943492064211104
11970,pp,0.05,0.0,49,3.340118328332901,-8.240000382336703,-6.75072538057963
11971,do,0.05,0.0,70,2.803615568876266,-7.504010337771791,-6.112131378385755
11972,pp,0.05,0.0,30,4.002761784791946,-6.233123841430202,-5.058452285660637
11973,do,0.05,0.0,30,2.514192116260528,-5.658301331780174,-4.745995201004876
11974,pp,0.05,0.0,29,3.213453539609909,-7.45927839568167,-5.7100557618671
11975,do,0.05,0.0,10,0.5503677892684937,-6.073487125743519,-4.916307298342387
11976,pp,0.05,0.0,17,2.2975631368160245,-7.002483609228423,-5.284032416343689
11977,do,0.05,0.0,70,1.6636855721473687,-8.878738870042744,-7.28132868607839
11978,pp,0.05,0.0,70,1.2434044718742365,-6.752062498439442,-6.514214295811123
11979,do,0.05,0.0,22,2.6600613880157464,-7.059869615959399,-5.424148313204447
11980,pp,0.05,0.0,14,2.004855484962464,-5.235447406768799,-4.111512581507365
11981,do,0.05,0.0,39,1.9620487499237056,-6.174544978864265,-5.31082820892334
11982,pp,0.05,0.0,41,1.199463386535645,-9.277736977374914,-6.988354063034057
11983,do,0.05,0.0,18,-0.34180616140365583,-6.466189302097668,-5.596770548820496
11984,pp,0.05,0.0,70,1.255346932411193,-6.480773834748701,-5.5801305241054955
11985,do,0.05,0.0,43,-0.8003451061248779,-7.681643397880323,-7.125145167774624
11986,pp,0.05,0.0,70,3.4173054885864262,-6.215370605931137,-5.139659410052829
11987,do,0.05,0.0,38,0.8300772273540495,-8.972305138905844,-7.175810178120931
11988,pp,0.05,0.0,18,2.7091551554203033,-6.493773723371101,-5.117052751117282
11989,do,0.05,0.0,31,3.6690852463245385,-7.02088599060521,-5.414014893107944
11990,pp,0.05,0.0,70,2.8515464174747462,-6.451285521189372,-5.461624421013726
11991,do,0.05,0.0,19,2.2763658845424652,-6.715590604146322,-5.64174616601732
11992,pp,0.05,0.0,70,4.252982949018479,-9.044456159707272,-9.101531622144911
11993,do,0.05,0.0,23,-0.0456883406639097,-7.081434403043804,-6.699742900000678
11994,pp,0.05,0.0,11,1.4407376682758333,-5.565831154043024,-4.599743604660034
11995,do,0.05,0.0,33,0.2257334041595458,-7.284877817558519,-6.975771676169502
11996,pp,0.05,0.0,38,2.6579596221447,-8.947983889146284,-7.593065145280626
11997,do,0.05,0.0,70,3.0276437318325042,-7.871785922483965,-6.462549103630914
11998,pp,0.05,0.0,70,1.1292095243930813,-10.440643655892574,-7.9080475436316595
11999,do,0.05,0.0,16,2.0639412784576416,-6.1657807003368035,-5.473595118522644
12000,pp,0.05,0.0,39,3.612175104618072,-7.156577896349358,-6.04159677558475
12001,do,0.05,0.0,70,3.713698493242264,-7.55695606433984,-6.741004339853922
12002,pp,0.05,0.0,65,5.273659180402756,-4.985549871849291,-4.274020789729224
12003,do,0.05,0.0,70,1.9260593807697308,-6.328661220723933,-5.688546461529202
12004,pp,0.05,0.0,25,2.602416093349456,-6.123731789444432,-4.957793033123016
12005,do,0.05,0.0,25,1.3763733148574824,-6.6776857462796295,-5.8682326051923965
12006,pp,0.05,0.0,51,2.950858644247055,-5.20218098524845,-4.229240629408094
12007,do,0.05,0.0,39,0.5951182258129117,-6.954871060631492,-6.457943052715725
12008,pp,0.05,0.0,70,4.462097408771515,-5.404296479080663,-4.711552103360494
12009,do,0.05,0.0,17,1.1168101632595064,-5.356982859698209,-5.109151641527812
12010,pp,0.05,0.0,70,1.8373551714420318,-6.760372891570583,-5.834120925267538
12011,do,0.05,0.0,37,1.5243662595748892,-7.453262795823993,-6.657248179117839
12012,pp,0.05,0.0,14,0.911125346422196,-5.233769239078868,-4.2416637420654295
12013,do,0.05,0.0,58,1.5768939125537882,-8.895305450034863,-7.2670721107059055
12014,pp,0.05,0.0,70,4.436402355432509,-7.177446689027729,-6.863214906056722
12015,do,0.05,0.0,59,1.221118893623352,-9.087093731851288,-8.012738262282477
12016,pp,0.05,0.0,46,3.673887554407119,-7.865590241461089,-6.721090806855096
12017,do,0.05,0.0,25,0.2099902307987218,-6.193016071030588,-5.151253371768528
12018,pp,0.05,0.0,20,2.5593031620979314,-5.053177719405203,-4.099761573473613
12019,do,0.05,0.0,19,0.7809197187423704,-7.32400984619603,-5.263804811901516
12020,pp,0.05,0.0,34,3.9121516203880313,-5.29767454031742,-4.380787448088328
12021,do,0.05,0.0,14,0.9639777791500093,-5.929816451217189,-5.202947076161703
12022,pp,0.05,0.0,15,1.1327155780792237,-5.402745829206524,-4.576896039644877
12023,do,0.05,0.0,70,3.6088438975811012,-6.377254168192546,-5.290836842854818
12024,pp,0.05,0.0,15,2.5528401565551757,-6.809596727833603,-5.210931348800659
12025,do,0.05,0.0,46,2.5806888687610625,-6.766223452307961,-5.267406026522319
12026,pp,0.05,0.0,55,3.683318561315537,-6.2987841129302975,-5.222320445378622
12027,do,0.05,0.0,40,3.4281540060043323,-6.559531932888609,-5.532996593581306
12028,pp,0.05,0.0,40,2.3236323904991156,-6.456583271604596,-5.215121126174926
12029,do,0.05,0.0,55,5.067849760055541,-8.39935765988899,-6.7620077742470635
12030,pp,0.05,0.0,30,4.001479576826095,-5.876293925083044,-4.9774527761671274
12031,do,0.05,0.0,53,3.4183937835693357,-6.590187802459255,-5.71797465218438
12032,pp,0.05,0.0,68,2.3591844058036804,-6.702377950783932,-5.567987492349412
12033,do,0.05,0.0,20,3.2673950052261356,-5.50943615508802,-4.6175635841157705
12034,pp,0.05,0.0,70,2.6332708263397224,-7.305499144756433,-6.587821955151028
12035,do,0.05,0.0,42,3.6461563849449163,-6.002946983684193,-5.089899392922719
12036,pp,0.05,0.0,36,3.336192922592164,-5.537456058733391,-4.514821235338847
12037,do,0.05,0.0,63,2.18058816075325,-7.702610001419529,-5.309149192439185
12038,pp,0.05,0.0,70,3.6532318401336674,-8.321743689161359,-7.139492366049025
12039,do,0.05,0.0,28,2.038342845439911,-5.124052833788323,-4.309922965367635
12040,pp,0.05,0.0,57,4.64309541463852,-6.381001742680867,-6.1601307815975614
12041,do,0.05,0.0,23,3.150415341854096,-6.531960691105236,-6.037005278799269
12042,pp,0.05,0.0,10,1.843753426074982,-5.704928976116759,-4.3992246058252125
12043,do,0.05,0.0,33,3.342474766969681,-7.601179167718598,-6.062578115198347
12044,pp,0.05,0.0,58,3.689392623901367,-7.399303749835853,-6.388199782371521
12045,do,0.05,0.0,70,2.6063464975357054,-9.296959830775405,-7.749733177820842
12046,pp,0.05,0.0,58,3.4925362074375164,-6.434472553657763,-4.871696535746256
12047,do,0.05,0.0,19,1.3371238803863532,-6.1768403226679025,-5.472726572884453
12048,pp,0.05,0.0,47,3.4009554815292358,-6.240584019458655,-5.071058485243055
12049,do,0.05,0.0,43,3.4241464889049533,-5.211767507321907,-4.381558219591777
12050,pp,0.05,0.0,70,4.442264691591263,-4.899888466343735,-4.122770012749566
12051,do,0.05,0.0,20,-1.3307189393043526,-7.770703074426362,-6.8502855194939505
12052,pp,0.05,0.0,70,1.8580241334438323,-8.139914073366107,-6.980272984504699
12053,do,0.05,0.0,12,0.24817582607269273,-5.692782445387407,-5.068226438098484
12054,pp,0.05,0.0,59,2.3540191936492922,-8.30365449298512,-8.01066221661038
12055,do,0.05,0.0,63,0.12615056514739997,-12.344327566840432,-9.564968803193834
12056,pp,0.05,0.0,60,1.8279933452606194,-9.614053097638218,-6.830399465560913
12057,do,0.05,0.0,2,-1.1581376421451575,-6.168461731708411,-5.120572336514791
12058,pp,0.05,0.0,70,1.544410042762756,-7.973536752932,-6.847640429602729
12059,do,0.05,0.0,56,2.2571477675437936,-7.110414175553755,-6.62702931827969
12060,pp,0.05,0.0,44,1.9614565038681038,-6.418198316747492,-5.1269265188111195
12061,do,0.05,0.0,11,0.4582305598258971,-6.073484702543779,-4.760689237382677
12062,pp,0.05,0.0,17,2.450266734361648,-5.484726335063125,-4.1868639720810785
12063,do,0.05,0.0,28,2.1890872347354895,-7.790433756510416,-6.524556173218621
12064,pp,0.05,0.0,7,0.9200484848022459,-5.5493173382499,-4.68386726644304
12065,do,0.05,0.0,70,2.259365851879119,-8.33789891763167,-6.716799566480849
12066,pp,0.05,0.0,33,2.7739415860176093,-6.002342167767611,-5.09098415904575
12067,do,0.05,0.0,70,3.357824349403381,-6.9700765812035765,-6.017229726579454
12068,pp,0.05,0.0,66,3.979268612861633,-5.563550600861058,-5.037544861104753
12069,do,0.05,0.0,70,1.8803392660617835,-9.821672589851149,-8.846453714370728
12070,pp,0.05,0.0,70,2.604718736410141,-5.4596218073006835,-4.881307903925578
12071,do,0.05,0.0,44,2.5083565473556515,-8.85150191711657,-6.747623454199897
12072,pp,0.05,0.0,36,2.6789158844947822,-5.871676144455418,-5.238176223966811
12073,do,0.05,0.0,23,2.494316977262497,-6.235423931931004,-5.630819861094157
12074,pp,0.05,0.0,34,2.9158743119239805,-5.766361327604814,-4.885386816660563
12075,do,0.05,0.0,36,0.3750249195098876,-6.311191366658067,-5.561627827750312
12076,pp,0.05,0.0,15,-0.36959110498428327,-7.307930554765644,-6.4506804360283745
12077,do,0.05,0.0,37,1.5110619068145752,-6.587494805364898,-5.796453007062277
12078,pp,0.05,0.0,32,3.5201068472862236,-5.233596007029216,-4.601762493451436
12079,do,0.05,0.0,20,0.03912020564079288,-6.513728689424919,-5.8039869864781695
12080,pp,0.05,0.0,41,1.3073314893245698,-5.806724088842219,-5.167910583813986
12081,do,0.05,0.0,70,2.647128598690033,-7.873321015907057,-6.742072319984436
12082,pp,0.05,0.0,55,3.5080967807769783,-6.457248733982896,-5.649013580216302
12083,do,0.05,0.0,14,-1.1850045800209044,-7.196974692200169,-6.37557541264428
12084,pp,0.05,0.0,66,3.9151214706897735,-6.660162047183875,-5.471641315354241
12085,do,0.05,0.0,31,1.1193542337417615,-10.475311660766602,-9.094448444578383
12086,pp,0.05,0.0,12,1.5801476728916173,-4.865335487596917,-4.11950104633967
12087,do,0.05,0.0,25,0.0003795409202576039,-8.510520855585733,-6.218044516775343
12088,pp,0.05,0.0,29,3.233671110868454,-5.181538630976822,-4.5409044080310395
12089,do,0.05,0.0,17,1.6900458431243894,-6.515801528005889,-5.129718944761488
12090,pp,0.05,0.0,23,2.316173896789551,-4.721562907190034,-3.88994832833608
12091,do,0.05,0.0,6,-0.5724374485015868,-5.913406318606753,-5.098120888074239
12092,pp,0.05,0.0,59,2.1835576963424685,-8.168623039939186,-7.480665138032701
12093,do,0.05,0.0,70,4.3943121528625495,-6.310797734694048,-5.320335512691074
12094,pp,0.05,0.0,31,2.8255870914459233,-5.996561524362275,-4.643810844421386
12095,do,0.05,0.0,26,3.791784266233444,-7.069532755649451,-6.307158697976006
12096,pp,0.05,0.0,56,3.2425341522693625,-6.034214602094708,-4.934173183970981
