{
    "best_epoch": 22,
    "best_val_performance": 1.1572660334904992,
    "val_performance_metric": "diff",
    "train_loss": 2.3934428691864014,
    "initial_pref_do": 0.07714285714285714,
    "final_pref_do": 0.42428571428571427,
    "best_pref_do": 0.43857142857142856
}