{
    "best_epoch": 70,
    "best_val_performance": -0.5201318931579593,
    "val_performance_metric": "diff",
    "train_loss": 6.014029502868652,
    "initial_pref_do": 0.1357142857142857,
    "final_pref_do": 0.15,
    "best_pref_do": 0.15
}