{
    "best_epoch": 70,
    "best_val_performance": 0.8684774335225418,
    "val_performance_metric": "diff",
    "train_loss": 1.43662691116333,
    "initial_do_mean": -7.696346974650095,
    "final_do_mean": -8.241465513442838,
    "best_do_mean": -8.241465513442838,
    "initial_pp_mean": -7.2974981756771315,
    "final_pp_mean": -7.487325112258687,
    "best_pp_mean": -7.487325112258687
}