{
    "best_epoch": 70,
    "best_val_performance": 3.7318846956888843,
    "val_performance_metric": "diff",
    "train_loss": 2.399207353591919,
    "initial_do_mean": -6.535875480825251,
    "final_do_mean": -6.75978506117156,
    "best_do_mean": -6.75978506117156,
    "initial_pp_mean": -5.9034362951914465,
    "final_pp_mean": -5.946072350607978,
    "best_pp_mean": -5.946072350607978
}