{
    "best_epoch": 19,
    "best_val_performance": 0.5064981285730994,
    "val_performance_metric": "diff",
    "train_loss": 3.4292209148406982,
    "initial_do_mean": -6.766612497965495,
    "final_do_mean": -4.868658847519845,
    "best_do_mean": -4.464775335427486,
    "initial_pp_mean": -6.099522566795349,
    "final_pp_mean": -4.415068475405375,
    "best_pp_mean": -4.063668081495497
}