{
    "best_epoch": 70,
    "best_val_performance": -0.09185667037963796,
    "val_performance_metric": "diff",
    "train_loss": 3.074939727783203,
    "initial_do_mean": -6.532433444803411,
    "final_do_mean": -5.133592531897805,
    "best_do_mean": -5.133592531897805,
    "initial_pp_mean": -5.898298480775622,
    "final_pp_mean": -4.38595761458079,
    "best_pp_mean": -4.38595761458079
}