{
    "best_epoch": 33,
    "best_val_performance": 3.623600854873658,
    "val_performance_metric": "diff",
    "train_loss": 1.9867714643478394,
    "initial_pref_do": 0.12857142857142856,
    "final_pref_do": 0.05,
    "best_pref_do": 0.09142857142857143
}