{
    "best_epoch": 15,
    "best_val_performance": 0.17457450866699187,
    "val_performance_metric": "diff",
    "train_loss": 4.033619403839111,
    "initial_pref_do": 0.15571428571428572,
    "final_pref_do": 0.008571428571428572,
    "best_pref_do": 0.02142857142857143
}