{
    "best_epoch": 38,
    "best_val_performance": 0.21117941379547034,
    "val_performance_metric": "diff",
    "train_loss": 2.0067789554595947,
    "initial_do_mean": -6.502490419330019,
    "final_do_mean": -5.44537735563336,
    "best_do_mean": -5.266203832626343,
    "initial_pp_mean": -5.871214869287279,
    "final_pp_mean": -4.775305962562561,
    "best_pp_mean": -4.5725730657577515
}