{
    "best_epoch": 35,
    "best_val_performance": 0.232898349761963,
    "val_performance_metric": "diff",
    "train_loss": 1.8687772750854492,
    "initial_do_mean": -6.6559319929643115,
    "final_do_mean": -5.362353869640466,
    "best_do_mean": -5.124059916987564,
    "initial_pp_mean": -5.912588977813721,
    "final_pp_mean": -4.471021382013957,
    "best_pp_mean": -4.41340684360928
}