{
    "best_epoch": 23,
    "best_val_performance": -0.12972869873046822,
    "val_performance_metric": "diff",
    "train_loss": 3.2623655796051025,
    "initial_dative_mean": -7.283455614109485,
    "final_dative_mean": -5.489956795994998,
    "best_dative_mean": -5.187116134410713
}