{
    "best_epoch": 41,
    "best_val_performance": 1.4514993826548261,
    "val_performance_metric": "diff",
    "train_loss": 1.8089873790740967,
    "initial_do_mean": -6.770211274696119,
    "final_do_mean": -7.536624969135631,
    "best_do_mean": -6.8773739612463745,
    "initial_pp_mean": -6.101595785882738,
    "final_pp_mean": -7.0807080189387,
    "best_pp_mean": -6.363103869226244
}