{
    "best_epoch": 35,
    "best_val_performance": 0.1193189795811973,
    "val_performance_metric": "diff",
    "train_loss": 3.3361363410949707,
    "initial_do_mean": -6.670389093052258,
    "final_do_mean": -4.7471346884062795,
    "best_do_mean": -4.413820026860092,
    "initial_pp_mean": -5.824261914359199,
    "final_pp_mean": -4.173930719163683,
    "best_pp_mean": -4.1162107282214695
}