{
    "best_epoch": 70,
    "best_val_performance": -0.12248618443806958,
    "val_performance_metric": "diff",
    "train_loss": 4.059656620025635,
    "initial_do_mean": -7.6763947675394455,
    "final_do_mean": -6.15186887840892,
    "best_do_mean": -6.15186887840892,
    "initial_pp_mean": -7.07827411960153,
    "final_pp_mean": -5.327756010784823,
    "best_pp_mean": -5.327756010784823
}