{
    "best_epoch": 70,
    "best_val_performance": 0.478988962173462,
    "val_performance_metric": "diff",
    "train_loss": 1.7444666624069214,
    "initial_dative_mean": -7.198271417129806,
    "final_dative_mean": -5.505015440503059,
    "best_dative_mean": -5.505015440503059
}