{
    "best_epoch": 70,
    "best_val_performance": -0.2869690179824822,
    "val_performance_metric": "diff",
    "train_loss": 4.0452561378479,
    "initial_pref_do": 0.07714285714285714,
    "final_pref_do": 0.22285714285714286,
    "best_pref_do": 0.22285714285714286
}