{
    "best_epoch": 70,
    "best_val_performance": -0.6624054241180417,
    "val_performance_metric": "diff",
    "train_loss": 5.7848687171936035,
    "initial_pref_do": 0.17857142857142858,
    "final_pref_do": 0.19428571428571428,
    "best_pref_do": 0.19428571428571428
}