{
    "best_epoch": 28,
    "best_val_performance": -0.020888780752818192,
    "val_performance_metric": "diff",
    "train_loss": 1.8870570659637451,
    "initial_do_mean": -7.7025553299937135,
    "final_do_mean": -6.124446957610374,
    "best_do_mean": -5.861862363510354,
    "initial_pp_mean": -7.168735614243675,
    "final_pp_mean": -5.549180145824657,
    "best_pp_mean": -5.178557180306491
}