{
    "best_epoch": 70,
    "best_val_performance": 0.008609105745951418,
    "val_performance_metric": "diff",
    "train_loss": 2.4288365840911865,
    "initial_do_mean": -6.5548043568929035,
    "final_do_mean": -5.418653793045968,
    "best_do_mean": -5.418653793045968,
    "initial_pp_mean": -5.760706387625801,
    "final_pp_mean": -5.136048531532287,
    "best_pp_mean": -5.136048531532287
}