{
    "best_epoch": 70,
    "best_val_performance": 1.8006092278162642,
    "val_performance_metric": "diff",
    "train_loss": 1.8376448154449463,
    "initial_pref_do": 0.08285714285714285,
    "final_pref_do": 0.024285714285714285,
    "best_pref_do": 0.024285714285714285
}