{
    "best_epoch": 11,
    "best_val_performance": 0.7620411062240597,
    "val_performance_metric": "diff",
    "train_loss": 2.4381730556488037,
    "initial_do_mean": -7.960914308941642,
    "final_do_mean": -8.353230137464612,
    "best_do_mean": -5.419832141593445,
    "initial_pp_mean": -7.575094818367678,
    "final_pp_mean": -7.637166505350786,
    "best_pp_mean": -4.439534224482143
}