{
    "best_epoch": 21,
    "best_val_performance": 0.32301222801208507,
    "val_performance_metric": "diff",
    "train_loss": 3.5624747276306152,
    "initial_do_mean": -6.661106298909043,
    "final_do_mean": -5.504653958118323,
    "best_do_mean": -4.75770525932312,
    "initial_pp_mean": -5.920032578044467,
    "final_pp_mean": -4.596214903725518,
    "best_pp_mean": -3.7746533115704852
}