{
    "best_epoch": 21,
    "best_val_performance": -0.1636004432042446,
    "val_performance_metric": "diff",
    "train_loss": 2.8307924270629883,
    "initial_dative_mean": -7.194650751108314,
    "final_dative_mean": -5.362793867002454,
    "best_dative_mean": -5.138229367328666
}