{
    "best_epoch": 70,
    "best_val_performance": -0.12462883472442599,
    "val_performance_metric": "diff",
    "train_loss": 3.505075454711914,
    "initial_do_mean": -7.836931314579276,
    "final_do_mean": -6.512007648168608,
    "best_do_mean": -6.512007648168608,
    "initial_pp_mean": -7.372745399615344,
    "final_pp_mean": -5.872496372811934,
    "best_pp_mean": -5.872496372811934
}