{
    "best_epoch": 22,
    "best_val_performance": 3.376994519233703,
    "val_performance_metric": "diff",
    "train_loss": 1.799184799194336,
    "initial_do_mean": -6.532920224738843,
    "final_do_mean": -8.854347156755852,
    "best_do_mean": -5.961794942798036,
    "initial_pp_mean": -5.9006880760192875,
    "final_pp_mean": -7.736475883589851,
    "best_pp_mean": -5.337597007221646
}