{
    "best_epoch": 22,
    "best_val_performance": -0.05423339207967093,
    "val_performance_metric": "diff",
    "train_loss": 2.1056525707244873,
    "initial_do_mean": -6.512096861637,
    "final_do_mean": -4.910854803432118,
    "best_do_mean": -4.8322135694099195,
    "initial_pp_mean": -5.878653404447768,
    "final_pp_mean": -4.333835411071777,
    "best_pp_mean": -4.108599951532152
}