{
    "best_epoch": 17,
    "best_val_performance": -0.05360345204671191,
    "val_performance_metric": "diff",
    "train_loss": 3.138230800628662,
    "initial_do_mean": -7.691722860169965,
    "final_do_mean": -5.72243317407231,
    "best_do_mean": -5.533750063111616,
    "initial_pp_mean": -7.255982852683347,
    "final_pp_mean": -5.519730015011395,
    "best_pp_mean": -5.219108606436674
}