{
    "best_epoch": 70,
    "best_val_performance": 0.00968333562215129,
    "val_performance_metric": "diff",
    "train_loss": 3.5328333377838135,
    "initial_pref_do": 0.14714285714285713,
    "final_pref_do": 0.1357142857142857,
    "best_pref_do": 0.1357142857142857
}