{
    "best_epoch": 56,
    "best_val_performance": 4.738759663899739,
    "val_performance_metric": "diff",
    "train_loss": 1.9403423070907593,
    "initial_do_mean": -6.558585918310917,
    "final_do_mean": -10.658712233919086,
    "best_do_mean": -9.85241133516485,
    "initial_pp_mean": -5.763924601342943,
    "final_pp_mean": -9.56184261110094,
    "best_pp_mean": -8.10823511812422
}