{
    "best_epoch": 55,
    "best_val_performance": 1.088564454714457,
    "val_performance_metric": "diff",
    "train_loss": 2.618720531463623,
    "initial_do_mean": -7.9549372223920605,
    "final_do_mean": -7.110206778312838,
    "best_do_mean": -7.390591206245644,
    "initial_pp_mean": -7.528477098661311,
    "final_pp_mean": -6.409678935303408,
    "best_pp_mean": -6.453871353584177
}