{
    "best_epoch": 70,
    "best_val_performance": -0.5259969711303709,
    "val_performance_metric": "diff",
    "train_loss": 5.77744722366333,
    "initial_dative_mean": -7.191827773699287,
    "final_dative_mean": -6.740086729414979,
    "best_dative_mean": -6.740086729414979
}