{
    "best_epoch": 10,
    "best_val_performance": 0.5962014373143516,
    "val_performance_metric": "diff",
    "train_loss": 2.4144482612609863,
    "initial_pref_do": 0.08428571428571428,
    "final_pref_do": 0.1957142857142857,
    "best_pref_do": 0.04857142857142857
}