{
    "best_epoch": 70,
    "best_val_performance": -0.13083527882893886,
    "val_performance_metric": "diff",
    "train_loss": 3.8976364135742188,
    "initial_do_mean": -6.553142616965554,
    "final_do_mean": -4.992645753513683,
    "best_do_mean": -4.992645753513683,
    "initial_pp_mean": -5.757867458131578,
    "final_pp_mean": -4.434173753526475,
    "best_pp_mean": -4.434173753526475
}