{
    "best_epoch": 12,
    "best_val_performance": 0.14375807921091788,
    "val_performance_metric": "diff",
    "train_loss": 4.233328342437744,
    "initial_do_mean": -6.668508048491044,
    "final_do_mean": -5.2834597154097125,
    "best_do_mean": -4.942771332191699,
    "initial_pp_mean": -5.819980923334757,
    "final_pp_mean": -4.499727545844184,
    "best_pp_mean": -4.203860256406996
}