{
    "best_epoch": 70,
    "best_val_performance": -0.6708933671315513,
    "val_performance_metric": "diff",
    "train_loss": 5.908463478088379,
    "initial_pref_do": 0.12571428571428572,
    "final_pref_do": 0.12142857142857143,
    "best_pref_do": 0.12142857142857143
}