{
    "best_epoch": 46,
    "best_val_performance": 2.9138636207580575,
    "val_performance_metric": "diff",
    "train_loss": 1.0501019954681396,
    "initial_do_mean": -6.421271652163881,
    "final_do_mean": -6.209801881241076,
    "best_do_mean": -5.695531239654079,
    "initial_pp_mean": -5.7457252184549965,
    "final_pp_mean": -5.654478552606371,
    "best_pp_mean": -5.1895624385939705
}