{
    "best_epoch": 10,
    "best_val_performance": 0.02658505916595466,
    "val_performance_metric": "diff",
    "train_loss": 3.0063531398773193,
    "initial_do_mean": -7.687680287416591,
    "final_do_mean": -5.448649848269862,
    "best_do_mean": -5.454545278188794,
    "initial_pp_mean": -7.174247177208171,
    "final_pp_mean": -4.785551346224897,
    "best_pp_mean": -4.542900715505375
}