{
    "best_epoch": 30,
    "best_val_performance": 0.6363687133789071,
    "val_performance_metric": "diff",
    "train_loss": 2.6618781089782715,
    "initial_pref_do": 0.15571428571428572,
    "final_pref_do": 0.037142857142857144,
    "best_pref_do": 0.09714285714285714
}