{
    "best_epoch": 39,
    "best_val_performance": 0.2572818915049231,
    "val_performance_metric": "diff",
    "train_loss": 2.1068811416625977,
    "initial_dative_mean": -7.193768681489933,
    "final_dative_mean": -5.614136385290246,
    "best_dative_mean": -5.546998165155712
}