{
    "best_epoch": 42,
    "best_val_performance": 0.09939726670583049,
    "val_performance_metric": "diff",
    "train_loss": 2.596529483795166,
    "initial_dative_mean": -7.313093690844307,
    "final_dative_mean": -4.9922938399147565,
    "best_dative_mean": -4.979591642381155
}