{
    "best_epoch": 24,
    "best_val_performance": 0.4631286112467441,
    "val_performance_metric": "diff",
    "train_loss": 2.6167728900909424,
    "initial_do_mean": -6.638192434021921,
    "final_do_mean": -5.0918217731244635,
    "best_do_mean": -4.649487882671934,
    "initial_pp_mean": -5.789228539996677,
    "final_pp_mean": -4.290819878048367,
    "best_pp_mean": -3.8824835830264623
}