{
    "best_epoch": 37,
    "best_val_performance": 0.6141944281260177,
    "val_performance_metric": "diff",
    "train_loss": 2.6079397201538086,
    "initial_dative_mean": -7.465490147035721,
    "final_dative_mean": -5.659243909239072,
    "best_dative_mean": -5.4475490607713395
}