{
    "best_epoch": 55,
    "best_val_performance": 0.18259536743164073,
    "val_performance_metric": "diff",
    "train_loss": 2.3249101638793945,
    "initial_do_mean": -7.599330436351687,
    "final_do_mean": -6.111318788556165,
    "best_do_mean": -6.004851314217546,
    "initial_pp_mean": -7.154503140730016,
    "final_pp_mean": -5.32970349613358,
    "best_pp_mean": -5.246946990840575
}