{
    "best_epoch": 70,
    "best_val_performance": -0.38910346031188947,
    "val_performance_metric": "diff",
    "train_loss": 5.8976030349731445,
    "initial_pref_do": 0.14714285714285713,
    "final_pref_do": 0.2057142857142857,
    "best_pref_do": 0.2057142857142857
}