{
    "best_epoch": 21,
    "best_val_performance": -0.16658752441406222,
    "val_performance_metric": "diff",
    "train_loss": 3.602790117263794,
    "initial_pref_do": 0.12714285714285714,
    "final_pref_do": 0.23,
    "best_pref_do": 0.24
}