{
    "best_epoch": 70,
    "best_val_performance": -0.06440617402394633,
    "val_performance_metric": "diff",
    "train_loss": 4.016907215118408,
    "initial_do_mean": -7.674142522867336,
    "final_do_mean": -6.0410817826903145,
    "best_do_mean": -6.0410817826903145,
    "initial_pp_mean": -7.074296465340782,
    "final_pp_mean": -5.585650627753314,
    "best_pp_mean": -5.585650627753314
}