{
    "best_epoch": 54,
    "best_val_performance": 2.2689070351918534,
    "val_performance_metric": "diff",
    "train_loss": 1.1093554496765137,
    "initial_do_mean": -6.7416205001599865,
    "final_do_mean": -5.587753558881355,
    "best_do_mean": -5.226313989812677,
    "initial_pp_mean": -6.1237595796585085,
    "final_pp_mean": -5.250322930018107,
    "best_pp_mean": -4.8918194439676075
}