{
    "best_epoch": 70,
    "best_val_performance": -0.5191423225402829,
    "val_performance_metric": "diff",
    "train_loss": 6.738361358642578,
    "initial_dative_mean": -7.19705834827925,
    "final_dative_mean": -6.766406377853706,
    "best_dative_mean": -6.766406377853706
}