{
    "best_epoch": 70,
    "best_val_performance": -0.3995355351765957,
    "val_performance_metric": "diff",
    "train_loss": 3.7012462615966797,
    "initial_pref_do": 0.18142857142857144,
    "final_pref_do": 0.31285714285714283,
    "best_pref_do": 0.31285714285714283
}