{
    "best_epoch": 37,
    "best_val_performance": 0.2884728765487674,
    "val_performance_metric": "diff",
    "train_loss": 2.3087363243103027,
    "initial_do_mean": -7.6947328711664955,
    "final_do_mean": -5.425871942972028,
    "best_do_mean": -5.376433183634004,
    "initial_pp_mean": -7.296518108424018,
    "final_pp_mean": -4.948023470009074,
    "best_pp_mean": -4.733311099865857
}