{
    "best_epoch": 70,
    "best_val_performance": -0.020491590499878143,
    "val_performance_metric": "diff",
    "train_loss": 3.251739978790283,
    "initial_dative_mean": -7.61185478048715,
    "final_dative_mean": -5.561548294205415,
    "best_dative_mean": -5.561548294205415
}