{
    "best_epoch": 48,
    "best_val_performance": 1.4783951950073249,
    "val_performance_metric": "diff",
    "train_loss": 1.5003637075424194,
    "initial_pref_do": 0.18285714285714286,
    "final_pref_do": 0.23285714285714285,
    "best_pref_do": 0.2542857142857143
}