{
    "best_epoch": 70,
    "best_val_performance": -0.34801603476206466,
    "val_performance_metric": "diff",
    "train_loss": 6.453441619873047,
    "initial_dative_mean": -7.259876311173913,
    "final_dative_mean": -6.847868986645637,
    "best_dative_mean": -6.847868986645637
}