{
    "best_epoch": 70,
    "best_val_performance": 0.4412981287638349,
    "val_performance_metric": "diff",
    "train_loss": 2.2102677822113037,
    "initial_pref_do": 0.12714285714285714,
    "final_pref_do": 0.07714285714285714,
    "best_pref_do": 0.07714285714285714
}