{
    "best_epoch": 69,
    "best_val_performance": 1.8266288026173907,
    "val_performance_metric": "diff",
    "train_loss": 1.1690435409545898,
    "initial_dative_mean": -7.261205089719672,
    "final_dative_mean": -8.16202563988535,
    "best_dative_mean": -8.130065713360993
}