{
    "best_epoch": 70,
    "best_val_performance": 1.8116447989145925,
    "val_performance_metric": "diff",
    "train_loss": 2.2283194065093994,
    "initial_do_mean": -7.675554406504299,
    "final_do_mean": -9.604262843381527,
    "best_do_mean": -9.604262843381527,
    "initial_pp_mean": -7.076095461144167,
    "final_pp_mean": -8.731130585249733,
    "best_pp_mean": -8.731130585249733
}