{
    "best_epoch": 70,
    "best_val_performance": 2.4342180728912357,
    "val_performance_metric": "diff",
    "train_loss": 2.282345771789551,
    "initial_do_mean": -6.767880133426551,
    "final_do_mean": -8.538328086968624,
    "best_do_mean": -8.538328086968624,
    "initial_pp_mean": -6.099504245652093,
    "final_pp_mean": -7.575879579120212,
    "best_pp_mean": -7.575879579120212
}