{
    "best_epoch": 15,
    "best_val_performance": 0.975096031824747,
    "val_performance_metric": "diff",
    "train_loss": 3.4083430767059326,
    "initial_do_mean": -6.634033643838131,
    "final_do_mean": -5.901067207798813,
    "best_do_mean": -4.498915686751857,
    "initial_pp_mean": -5.784091493818495,
    "final_pp_mean": -5.218195920520358,
    "best_pp_mean": -3.8290199995040894
}