{
    "best_epoch": 44,
    "best_val_performance": 4.488415441513061,
    "val_performance_metric": "diff",
    "train_loss": 3.2013437747955322,
    "initial_do_mean": -7.838648245778194,
    "final_do_mean": -8.115580203921295,
    "best_do_mean": -7.123381765429364,
    "initial_pp_mean": -7.3740276533014635,
    "final_pp_mean": -6.8800557111992555,
    "best_pp_mean": -6.119755182546728
}