{
    "best_epoch": 14,
    "best_val_performance": 0.2658046181996667,
    "val_performance_metric": "diff",
    "train_loss": 3.9366767406463623,
    "initial_do_mean": -7.8377847449724065,
    "final_do_mean": -6.121442173802575,
    "best_do_mean": -5.293557560721109,
    "initial_pp_mean": -7.374557866068447,
    "final_pp_mean": -5.347250995215248,
    "best_pp_mean": -4.781177715694203
}