{
    "best_epoch": 55,
    "best_val_performance": 1.464256998697917,
    "val_performance_metric": "diff",
    "train_loss": 1.5992496013641357,
    "initial_dative_mean": -7.191862325919302,
    "final_dative_mean": -6.048341319400665,
    "best_dative_mean": -6.17108607815023
}