{
    "best_epoch": 28,
    "best_val_performance": 1.1741616392135619,
    "val_performance_metric": "diff",
    "train_loss": 1.3417514562606812,
    "initial_do_mean": -6.670047635743113,
    "final_do_mean": -5.764792518904715,
    "best_do_mean": -4.864860787536159,
    "initial_pp_mean": -5.823214668697781,
    "final_pp_mean": -5.494624059730106,
    "best_pp_mean": -4.766604920228322
}