{
    "best_epoch": 13,
    "best_val_performance": 0.23728298664093028,
    "val_performance_metric": "diff",
    "train_loss": 3.144860029220581,
    "initial_do_mean": -7.6939198880694635,
    "final_do_mean": -5.200818110690561,
    "best_do_mean": -5.015963042891303,
    "initial_pp_mean": -7.295451757487129,
    "final_pp_mean": -4.616615919155233,
    "best_pp_mean": -4.397263897867764
}