{
    "best_epoch": 18,
    "best_val_performance": 0.28359024842580105,
    "val_performance_metric": "diff",
    "train_loss": 2.988060474395752,
    "initial_do_mean": -6.417031766429092,
    "final_do_mean": -5.342261529691291,
    "best_do_mean": -4.74873215935447,
    "initial_pp_mean": -5.741686537530687,
    "final_pp_mean": -4.702296206686232,
    "best_pp_mean": -4.020946020550198
}