{
    "best_epoch": 54,
    "best_val_performance": 2.5012870407104497,
    "val_performance_metric": "diff",
    "train_loss": 1.915810227394104,
    "initial_do_mean": -6.771235307057698,
    "final_do_mean": -7.865637530702533,
    "best_do_mean": -8.793960710005326,
    "initial_pp_mean": -6.10468074215783,
    "final_pp_mean": -7.198396216498481,
    "best_pp_mean": -7.846476599905226
}