{
    "best_epoch": 70,
    "best_val_performance": -0.6033746337890626,
    "val_performance_metric": "diff",
    "train_loss": 5.561020374298096,
    "initial_dative_mean": -7.61032383692892,
    "final_dative_mean": -7.2924082620799195,
    "best_dative_mean": -7.2924082620799195
}