{
    "best_epoch": 38,
    "best_val_performance": 0.27679989814758255,
    "val_performance_metric": "diff",
    "train_loss": 1.7849445343017578,
    "initial_dative_mean": -7.196288267074273,
    "final_dative_mean": -5.075603319016117,
    "best_dative_mean": -4.861932203957909
}