{
    "best_epoch": 70,
    "best_val_performance": -0.6404999065399171,
    "val_performance_metric": "diff",
    "train_loss": 6.909815788269043,
    "initial_pref_do": 0.12714285714285714,
    "final_pref_do": 0.10571428571428572,
    "best_pref_do": 0.10571428571428572
}