{
    "best_epoch": 45,
    "best_val_performance": -0.08204086621602347,
    "val_performance_metric": "diff",
    "train_loss": 2.2478065490722656,
    "initial_do_mean": -6.636472979458896,
    "final_do_mean": -5.2215624491373696,
    "best_do_mean": -5.0757543347098615,
    "initial_pp_mean": -5.785505210028754,
    "final_pp_mean": -4.426307823922899,
    "best_pp_mean": -4.269842182265387
}