{
    "best_epoch": 33,
    "best_val_performance": 0.9425677808125812,
    "val_performance_metric": "diff",
    "train_loss": 2.7583060264587402,
    "initial_dative_mean": -7.611213213519046,
    "final_dative_mean": -12.087574077977074,
    "best_dative_mean": -10.854685229167604
}