{
    "best_epoch": 30,
    "best_val_performance": 4.515039335886637,
    "val_performance_metric": "diff",
    "train_loss": 3.3251938819885254,
    "initial_do_mean": -7.673570576102235,
    "final_do_mean": -8.71928716884103,
    "best_do_mean": -7.54002384598865,
    "initial_pp_mean": -7.075505894773147,
    "final_pp_mean": -7.273102692996754,
    "best_pp_mean": -6.530272670353161
}