{
    "best_epoch": 70,
    "best_val_performance": -0.2545169528325397,
    "val_performance_metric": "diff",
    "train_loss": 4.110459804534912,
    "initial_do_mean": -7.955018187678138,
    "final_do_mean": -6.089103858138239,
    "best_do_mean": -6.089103858138239,
    "initial_pp_mean": -7.530009381911334,
    "final_pp_mean": -5.927090806119582,
    "best_pp_mean": -5.927090806119582
}