{
    "best_epoch": 70,
    "best_val_performance": 1.920981396039327,
    "val_performance_metric": "diff",
    "train_loss": 2.2633628845214844,
    "initial_do_mean": -6.415876369765311,
    "final_do_mean": -5.17705215251807,
    "best_do_mean": -5.17705215251807,
    "initial_pp_mean": -5.741381576326158,
    "final_pp_mean": -4.059775740570492,
    "best_pp_mean": -4.059775740570492
}