{
    "best_epoch": 54,
    "best_val_performance": 0.29151180108388264,
    "val_performance_metric": "diff",
    "train_loss": 3.2311835289001465,
    "initial_do_mean": -6.744824221639922,
    "final_do_mean": -4.774323086305098,
    "best_do_mean": -4.712148007479581,
    "initial_pp_mean": -6.12638652059767,
    "final_pp_mean": -4.289005372259352,
    "best_pp_mean": -4.214225337240431
}