{
    "best_epoch": 27,
    "best_val_performance": 1.035151481628418,
    "val_performance_metric": "diff",
    "train_loss": 1.8217453956604004,
    "initial_do_mean": -6.747111199118875,
    "final_do_mean": -9.992031918150007,
    "best_do_mean": -9.785185753215442,
    "initial_pp_mean": -6.128512467278375,
    "final_pp_mean": -7.541104849179586,
    "best_pp_mean": -7.93714844915602
}