{
    "best_epoch": 70,
    "best_val_performance": -0.4839913161595666,
    "val_performance_metric": "diff",
    "train_loss": 5.557453155517578,
    "initial_dative_mean": -7.282256362382432,
    "final_dative_mean": -6.810779836442736,
    "best_dative_mean": -6.810779836442736
}