{
    "best_epoch": 28,
    "best_val_performance": -0.1858972406387327,
    "val_performance_metric": "diff",
    "train_loss": 3.1848323345184326,
    "initial_do_mean": -7.6978936826073845,
    "final_do_mean": -5.879746990841489,
    "best_do_mean": -5.548333546449972,
    "initial_pp_mean": -7.164944071629468,
    "final_pp_mean": -5.420729504963931,
    "best_pp_mean": -5.062619415100883
}