{
    "best_epoch": 70,
    "best_val_performance": -0.19679564952850281,
    "val_performance_metric": "diff",
    "train_loss": 4.293357849121094,
    "initial_do_mean": -7.673559275477431,
    "final_do_mean": -6.003272917381553,
    "best_do_mean": -6.003272917381553,
    "initial_pp_mean": -7.075614157844992,
    "final_pp_mean": -5.6537531053318695,
    "best_pp_mean": -5.6537531053318695
}