{
    "best_epoch": 70,
    "best_val_performance": -0.29805908203124964,
    "val_performance_metric": "diff",
    "train_loss": 3.4777281284332275,
    "initial_do_mean": -7.965314808973046,
    "final_do_mean": -6.6647371157657265,
    "best_do_mean": -6.6647371157657265,
    "initial_pp_mean": -7.579966411871069,
    "final_pp_mean": -6.148254725862952,
    "best_pp_mean": -6.148254725862952
}