{
    "best_epoch": 40,
    "best_val_performance": 0.7008055289586386,
    "val_performance_metric": "diff",
    "train_loss": 1.4554452896118164,
    "initial_do_mean": -6.6575453570394805,
    "final_do_mean": -4.343947290651726,
    "best_do_mean": -4.275165348341971,
    "initial_pp_mean": -5.916100364261204,
    "final_pp_mean": -3.730406375726064,
    "best_pp_mean": -3.6400304622120325
}