{
    "best_epoch": 52,
    "best_val_performance": 1.5638232056299852,
    "val_performance_metric": "diff",
    "train_loss": 1.7999738454818726,
    "initial_do_mean": -7.690059346515079,
    "final_do_mean": -6.833810755679774,
    "best_do_mean": -6.67364460403143,
    "initial_pp_mean": -7.253890273851507,
    "final_pp_mean": -5.752415478229523,
    "best_pp_mean": -5.684894466400147
}