{
    "best_epoch": 62,
    "best_val_performance": -0.31091294129689473,
    "val_performance_metric": "diff",
    "train_loss": 3.990429401397705,
    "initial_do_mean": -6.655923214825717,
    "final_do_mean": -5.632331323623657,
    "best_do_mean": -5.741574044661088,
    "initial_pp_mean": -5.9136040528615315,
    "final_pp_mean": -4.824310027228462,
    "best_pp_mean": -4.920243938763936
}