{
    "best_epoch": 25,
    "best_val_performance": 0.8007607078552246,
    "val_performance_metric": "diff",
    "train_loss": 2.179884433746338,
    "initial_do_mean": -7.595233481983806,
    "final_do_mean": -7.212626621127129,
    "best_do_mean": -6.321380940980689,
    "initial_pp_mean": -7.150289558663088,
    "final_pp_mean": -5.874178873791414,
    "best_pp_mean": -5.20128922883202
}