{
    "best_epoch": 24,
    "best_val_performance": 1.20165197690328,
    "val_performance_metric": "diff",
    "train_loss": 1.895572304725647,
    "initial_do_mean": -6.50868380575469,
    "final_do_mean": -6.720012683579416,
    "best_do_mean": -6.137127153801195,
    "initial_pp_mean": -5.876886373096042,
    "final_pp_mean": -5.553432152006361,
    "best_pp_mean": -5.077126023504469
}