{
    "best_epoch": 47,
    "best_val_performance": -0.3176597579320273,
    "val_performance_metric": "diff",
    "train_loss": 4.062714099884033,
    "initial_do_mean": -6.6370918331724225,
    "final_do_mean": -5.145287425590284,
    "best_do_mean": -5.183132950464884,
    "initial_pp_mean": -5.790197745958964,
    "final_pp_mean": -4.4812223275502525,
    "best_pp_mean": -4.5408909797668455
}