{
    "best_epoch": 55,
    "best_val_performance": 4.063721812566122,
    "val_performance_metric": "diff",
    "train_loss": 2.738551616668701,
    "initial_do_mean": -6.507880947806618,
    "final_do_mean": -7.032945104078813,
    "best_do_mean": -7.332153729236487,
    "initial_pp_mean": -5.876477405760023,
    "final_pp_mean": -6.342249817318386,
    "best_pp_mean": -6.5428014304902815
}