{
    "best_epoch": 27,
    "best_val_performance": 0.19179659684499129,
    "val_performance_metric": "diff",
    "train_loss": 2.865630865097046,
    "initial_do_mean": -6.7673456654404145,
    "final_do_mean": -4.798898769147469,
    "best_do_mean": -4.5799738927321,
    "initial_pp_mean": -6.101350728670756,
    "final_pp_mean": -4.20487457646264,
    "best_pp_mean": -3.9761268059412638
}