{
    "best_epoch": 70,
    "best_val_performance": -0.18230475266774526,
    "val_performance_metric": "diff",
    "train_loss": 3.8533382415771484,
    "initial_dative_mean": -7.340559878544501,
    "final_dative_mean": -5.801224449050356,
    "best_dative_mean": -5.801224449050356
}