{
    "best_epoch": 31,
    "best_val_performance": 0.015653409957885778,
    "val_performance_metric": "diff",
    "train_loss": 2.4659664630889893,
    "initial_do_mean": -6.638696774569425,
    "final_do_mean": -4.790456789190119,
    "best_do_mean": -4.546127371354537,
    "initial_pp_mean": -5.789292046758864,
    "final_pp_mean": -4.1332093291812475,
    "best_pp_mean": -3.789292679892646
}