{
    "best_epoch": 53,
    "best_val_performance": 0.18885724703470874,
    "val_performance_metric": "diff",
    "train_loss": 2.106884002685547,
    "initial_pref_do": 0.15857142857142856,
    "final_pref_do": 0.25857142857142856,
    "best_pref_do": 0.23142857142857143
}