{
    "best_epoch": 44,
    "best_val_performance": 0.15337523619333915,
    "val_performance_metric": "diff",
    "train_loss": 2.165095090866089,
    "initial_do_mean": -7.700750214415927,
    "final_do_mean": -5.602154735908952,
    "best_do_mean": -5.519015321551367,
    "initial_pp_mean": -7.167725688569686,
    "final_pp_mean": -4.799671594535603,
    "best_pp_mean": -4.721993855518453
}