{
    "best_epoch": 70,
    "best_val_performance": -0.0705003976821903,
    "val_performance_metric": "diff",
    "train_loss": 4.373910427093506,
    "initial_do_mean": -7.837198354477106,
    "final_do_mean": -5.876206873114719,
    "best_do_mean": -5.876206873114719,
    "initial_pp_mean": -7.372792295848622,
    "final_pp_mean": -5.295977705717087,
    "best_pp_mean": -5.295977705717087
}