{
    "best_epoch": 45,
    "best_val_performance": 5.854936909675597,
    "val_performance_metric": "diff",
    "train_loss": 1.5837067365646362,
    "initial_do_mean": -7.69299804194029,
    "final_do_mean": -9.937901532234148,
    "best_do_mean": -11.391477497511131,
    "initial_pp_mean": -7.294237375259399,
    "final_pp_mean": -8.388641210864572,
    "best_pp_mean": -9.487737752058926
}