{
    "best_epoch": 70,
    "best_val_performance": -0.702927759488424,
    "val_performance_metric": "diff",
    "train_loss": 6.1436944007873535,
    "initial_pref_do": 0.18428571428571427,
    "final_pref_do": 0.18142857142857144,
    "best_pref_do": 0.18142857142857144
}