{
    "best_epoch": 70,
    "best_val_performance": -0.26281300067901636,
    "val_performance_metric": "diff",
    "train_loss": 2.518873453140259,
    "initial_do_mean": -7.692701770122661,
    "final_do_mean": -6.424489544574604,
    "best_do_mean": -6.424489544574604,
    "initial_pp_mean": -7.257023425663219,
    "final_pp_mean": -5.831773834368762,
    "best_pp_mean": -5.831773834368762
}