{
    "best_epoch": 17,
    "best_val_performance": 0.09492456595102983,
    "val_performance_metric": "diff",
    "train_loss": 2.358820676803589,
    "initial_do_mean": -6.535741959196148,
    "final_do_mean": -5.106310546759403,
    "best_do_mean": -4.49085717345729,
    "initial_pp_mean": -5.902378185590108,
    "final_pp_mean": -4.48926514254676,
    "best_pp_mean": -3.9849141624238755
}