{
    "best_epoch": 70,
    "best_val_performance": -0.1644125477472942,
    "val_performance_metric": "diff",
    "train_loss": 2.9026808738708496,
    "initial_dative_mean": -7.285462038558826,
    "final_dative_mean": -5.555477508850265,
    "best_dative_mean": -5.555477508850265
}