{
    "best_epoch": 24,
    "best_val_performance": -0.39093911170959483,
    "val_performance_metric": "diff",
    "train_loss": 5.207687854766846,
    "initial_do_mean": -7.7016775261524115,
    "final_do_mean": -6.3856599414071376,
    "best_do_mean": -6.781304191711337,
    "initial_pp_mean": -7.168047620268429,
    "final_pp_mean": -5.898825601619833,
    "best_pp_mean": -6.209920132160187
}