{
    "best_epoch": 57,
    "best_val_performance": 0.11474339326222793,
    "val_performance_metric": "diff",
    "train_loss": 2.2711679935455322,
    "initial_pref_do": 0.08285714285714285,
    "final_pref_do": 0.14,
    "best_pref_do": 0.14142857142857143
}