{
    "best_epoch": 17,
    "best_val_performance": 2.2724392922719314,
    "val_performance_metric": "diff",
    "train_loss": 2.712519407272339,
    "initial_dative_mean": -7.610441809509233,
    "final_dative_mean": -8.913719583673087,
    "best_dative_mean": -6.965541253138704
}