{
    "best_epoch": 19,
    "best_val_performance": 0.32857455571492533,
    "val_performance_metric": "diff",
    "train_loss": 2.4151899814605713,
    "initial_dative_mean": -7.258656859746453,
    "final_dative_mean": -6.346953842723579,
    "best_dative_mean": -5.355022805824614
}