{
    "best_epoch": 63,
    "best_val_performance": 0.52890866915385,
    "val_performance_metric": "diff",
    "train_loss": 2.081681251525879,
    "initial_do_mean": -7.962538335905519,
    "final_do_mean": -7.193673596479172,
    "best_do_mean": -7.36933786231418,
    "initial_pp_mean": -7.577086681478164,
    "final_pp_mean": -7.196397103982814,
    "best_pp_mean": -7.229764300584793
}