{
    "best_epoch": 36,
    "best_val_performance": 3.1678771336873375,
    "val_performance_metric": "diff",
    "train_loss": 2.0137522220611572,
    "initial_dative_mean": -7.256622457713411,
    "final_dative_mean": -5.681100245107684,
    "best_dative_mean": -5.490196799848512
}