{
    "best_epoch": 30,
    "best_val_performance": 0.3079084444046023,
    "val_performance_metric": "diff",
    "train_loss": 2.003901481628418,
    "initial_pref_do": 0.08428571428571428,
    "final_pref_do": 0.25285714285714284,
    "best_pref_do": 0.16714285714285715
}