{
    "best_epoch": 59,
    "best_val_performance": 0.3858946355183921,
    "val_performance_metric": "diff",
    "train_loss": 2.3843953609466553,
    "initial_do_mean": -6.655119343959924,
    "final_do_mean": -4.86197205023332,
    "best_do_mean": -4.7936429226037225,
    "initial_pp_mean": -5.913296956486172,
    "final_pp_mean": -4.049382328987122,
    "best_pp_mean": -4.01837026807997
}