{
    "best_epoch": 10,
    "best_val_performance": 0.6474186372756954,
    "val_performance_metric": "diff",
    "train_loss": 2.247321605682373,
    "initial_do_mean": -6.666197047089085,
    "final_do_mean": -6.2982493501721,
    "best_do_mean": -4.283911552573695,
    "initial_pp_mean": -5.8192760043674046,
    "final_pp_mean": -5.4636254575517444,
    "best_pp_mean": -3.7983020146687827
}