{
    "best_epoch": 17,
    "best_val_performance": -0.14167455514272032,
    "val_performance_metric": "diff",
    "train_loss": 2.3437082767486572,
    "initial_do_mean": -7.9559200842713205,
    "final_do_mean": -6.494494089553522,
    "best_do_mean": -6.015346575615018,
    "initial_pp_mean": -7.529784978137297,
    "final_pp_mean": -5.955780050684424,
    "best_pp_mean": -5.66791788725292
}