{
    "best_epoch": 21,
    "best_val_performance": 0.15736138661702537,
    "val_performance_metric": "diff",
    "train_loss": 2.5386269092559814,
    "initial_do_mean": -7.837289850379145,
    "final_do_mean": -5.493547053531159,
    "best_do_mean": -5.164763411810232,
    "initial_pp_mean": -7.373713841157801,
    "final_pp_mean": -5.309755623340607,
    "best_pp_mean": -4.8624097347259525
}