{
    "best_epoch": 15,
    "best_val_performance": -0.42786525567372635,
    "val_performance_metric": "diff",
    "train_loss": 2.965109348297119,
    "initial_do_mean": -6.741392336469708,
    "final_do_mean": -7.1573655316323945,
    "best_do_mean": -6.115816804134485,
    "initial_pp_mean": -6.123687805069817,
    "final_pp_mean": -6.870635965135363,
    "best_pp_mean": -5.694708042674595
}