{
    "best_epoch": 70,
    "best_val_performance": 0.7691542657216388,
    "val_performance_metric": "diff",
    "train_loss": 1.9272679090499878,
    "initial_do_mean": -6.635849344369137,
    "final_do_mean": -5.3120353640932025,
    "best_do_mean": -5.3120353640932025,
    "initial_pp_mean": -5.788817758030362,
    "final_pp_mean": -4.955055610338847,
    "best_pp_mean": -4.955055610338847
}