{
    "best_epoch": 37,
    "best_val_performance": 2.0846669054031377,
    "val_performance_metric": "diff",
    "train_loss": 2.6763205528259277,
    "initial_pref_do": 0.14857142857142858,
    "final_pref_do": 0.08428571428571428,
    "best_pref_do": 0.02142857142857143
}