{
    "best_epoch": 41,
    "best_val_performance": 0.9792209561665857,
    "val_performance_metric": "diff",
    "train_loss": 2.0921707153320312,
    "initial_dative_mean": -7.284974653469889,
    "final_dative_mean": -7.491089355527309,
    "best_dative_mean": -6.508468624269753
}