{
    "best_epoch": 45,
    "best_val_performance": 0.4939930311838783,
    "val_performance_metric": "diff",
    "train_loss": 1.1062840223312378,
    "initial_do_mean": -7.955526021330855,
    "final_do_mean": -6.464271797343742,
    "best_do_mean": -6.00656826412955,
    "initial_pp_mean": -7.530531926716075,
    "final_pp_mean": -5.366455554962158,
    "best_pp_mean": -5.059867525451324
}