{
    "best_epoch": 40,
    "best_val_performance": 4.709144776662191,
    "val_performance_metric": "diff",
    "train_loss": 2.7325546741485596,
    "initial_pref_do": 0.09714285714285714,
    "final_pref_do": 0.015714285714285715,
    "best_pref_do": 0.025714285714285714
}