{
    "best_epoch": 36,
    "best_val_performance": 1.9182678159077966,
    "val_performance_metric": "diff",
    "train_loss": 1.9446449279785156,
    "initial_do_mean": -7.700381951276646,
    "final_do_mean": -6.44047398587992,
    "best_do_mean": -6.035957731826361,
    "initial_pp_mean": -7.168026572816512,
    "final_pp_mean": -5.157544318367453,
    "best_pp_mean": -4.5568369353518765
}