{
    "best_epoch": 24,
    "best_val_performance": 4.95345286210378,
    "val_performance_metric": "diff",
    "train_loss": 2.4477148056030273,
    "initial_do_mean": -6.559257900353634,
    "final_do_mean": -7.9595794244246045,
    "best_do_mean": -4.690331905538385,
    "initial_pp_mean": -5.762597894668579,
    "final_pp_mean": -7.3043053017722235,
    "best_pp_mean": -4.586551798714532
}