{
    "best_epoch": 34,
    "best_val_performance": 3.4331517910957343,
    "val_performance_metric": "diff",
    "train_loss": 1.553323745727539,
    "initial_do_mean": -7.957334333380987,
    "final_do_mean": -8.25812818907028,
    "best_do_mean": -5.599211612932904,
    "initial_pp_mean": -7.5308817611021155,
    "final_pp_mean": -6.882686666530721,
    "best_pp_mean": -5.0433099133126875
}