{
    "best_epoch": 29,
    "best_val_performance": 0.862126077016196,
    "val_performance_metric": "diff",
    "train_loss": 2.4766156673431396,
    "initial_pref_do": 0.09714285714285714,
    "final_pref_do": 0.12142857142857143,
    "best_pref_do": 0.18857142857142858
}