{
    "best_epoch": 55,
    "best_val_performance": 1.2807978407541922,
    "val_performance_metric": "diff",
    "train_loss": 1.5265017747879028,
    "initial_do_mean": -6.656688856356071,
    "final_do_mean": -6.045788655136571,
    "best_do_mean": -5.9782774419495555,
    "initial_pp_mean": -5.9162049267027115,
    "final_pp_mean": -5.472894983821445,
    "best_pp_mean": -5.408803039126926
}