{
    "best_epoch": 70,
    "best_val_performance": -0.19942949136098242,
    "val_performance_metric": "diff",
    "train_loss": 4.494781494140625,
    "initial_do_mean": -6.559408677708019,
    "final_do_mean": -5.342337433497111,
    "best_do_mean": -5.342337433497111,
    "initial_pp_mean": -5.7627913501527575,
    "final_pp_mean": -4.619735995928447,
    "best_pp_mean": -4.619735995928447
}