{
    "best_epoch": 8,
    "best_val_performance": -0.32084995110829606,
    "val_performance_metric": "diff",
    "train_loss": 5.350897312164307,
    "initial_do_mean": -6.659935227307407,
    "final_do_mean": -6.172603923624212,
    "best_do_mean": -5.98823448527943,
    "initial_pp_mean": -5.920560818248325,
    "final_pp_mean": -5.3403336233562895,
    "best_pp_mean": -5.174014019966125
}