{
    "best_epoch": 28,
    "best_val_performance": 0.5828074725468948,
    "val_performance_metric": "diff",
    "train_loss": 3.5934579372406006,
    "initial_do_mean": -7.671289868133012,
    "final_do_mean": -6.032473531919856,
    "best_do_mean": -6.08460289863653,
    "initial_pp_mean": -7.071209359870237,
    "final_pp_mean": -5.369303360055475,
    "best_pp_mean": -5.340632701621336
}