{
    "best_epoch": 24,
    "best_val_performance": 3.074089051882426,
    "val_performance_metric": "diff",
    "train_loss": 2.400585889816284,
    "initial_do_mean": -7.686830378549043,
    "final_do_mean": -6.683802051599636,
    "best_do_mean": -5.42644914499549,
    "initial_pp_mean": -7.174301032459034,
    "final_pp_mean": -5.575312863377964,
    "best_pp_mean": -4.543545505229164
}