{
    "best_epoch": 24,
    "best_val_performance": 0.6581421677271528,
    "val_performance_metric": "diff",
    "train_loss": 2.4577198028564453,
    "initial_do_mean": -7.692744255758996,
    "final_do_mean": -6.032145805137102,
    "best_do_mean": -5.613908494974291,
    "initial_pp_mean": -7.256870291513555,
    "final_pp_mean": -5.6053786218166355,
    "best_pp_mean": -5.26285402915057
}