{
    "best_epoch": 17,
    "best_val_performance": 0.2656662718454994,
    "val_performance_metric": "diff",
    "train_loss": 2.360614061355591,
    "initial_dative_mean": -7.196614821403347,
    "final_dative_mean": -5.191463106208378,
    "best_dative_mean": -4.614077113960919
}