{
    "best_epoch": 32,
    "best_val_performance": 0.19686283429463725,
    "val_performance_metric": "diff",
    "train_loss": 3.0113320350646973,
    "initial_do_mean": -7.635572619216386,
    "final_do_mean": -5.305230506977369,
    "best_do_mean": -4.961434276991112,
    "initial_pp_mean": -6.99169635071474,
    "final_pp_mean": -4.736742233879426,
    "best_pp_mean": -4.53064677750363
}