{
    "best_epoch": 26,
    "best_val_performance": 0.12055196444193506,
    "val_performance_metric": "diff",
    "train_loss": 3.821284532546997,
    "initial_do_mean": -7.671156464621078,
    "final_do_mean": -5.734450677799624,
    "best_do_mean": -5.922587383625119,
    "initial_pp_mean": -7.072329178277184,
    "final_pp_mean": -5.217107504255631,
    "best_pp_mean": -5.404733861895169
}