{
    "best_epoch": 32,
    "best_val_performance": -0.19884172598520955,
    "val_performance_metric": "diff",
    "train_loss": 2.3809759616851807,
    "initial_do_mean": -7.692291361647983,
    "final_do_mean": -6.271600518808809,
    "best_do_mean": -6.062464335976645,
    "initial_pp_mean": -7.257535433067995,
    "final_pp_mean": -5.471471423611922,
    "best_pp_mean": -5.392461464685552
}