{
    "best_epoch": 32,
    "best_val_performance": 1.3090773439407348,
    "val_performance_metric": "diff",
    "train_loss": 1.966308355331421,
    "initial_do_mean": -7.687840471434039,
    "final_do_mean": -7.90416266474613,
    "best_do_mean": -7.363603806426359,
    "initial_pp_mean": -7.252632005074445,
    "final_pp_mean": -7.47136760915027,
    "best_pp_mean": -6.897993740614723
}