{
    "best_epoch": 70,
    "best_val_performance": 0.2127876742680863,
    "val_performance_metric": "diff",
    "train_loss": 2.1093180179595947,
    "initial_pref_do": 0.14714285714285713,
    "final_pref_do": 0.15142857142857144,
    "best_pref_do": 0.15142857142857144
}