{
    "best_epoch": 70,
    "best_val_performance": 0.41432872613271066,
    "val_performance_metric": "diff",
    "train_loss": 1.6640095710754395,
    "initial_do_mean": -7.696575053209482,
    "final_do_mean": -5.726830606890279,
    "best_do_mean": -5.726830606890279,
    "initial_pp_mean": -7.298519894656013,
    "final_pp_mean": -4.896141000004375,
    "best_pp_mean": -4.896141000004375
}