{
    "best_epoch": 70,
    "best_val_performance": -0.11624461650848339,
    "val_performance_metric": "diff",
    "train_loss": 4.602100849151611,
    "initial_do_mean": -7.59979371206705,
    "final_do_mean": -5.856591623882915,
    "best_do_mean": -5.856591623882915,
    "initial_pp_mean": -7.1550456495846015,
    "final_pp_mean": -5.534905973252128,
    "best_pp_mean": -5.534905973252128
}