{
    "best_epoch": 70,
    "best_val_performance": -0.3964001003901165,
    "val_performance_metric": "diff",
    "train_loss": 2.782637119293213,
    "initial_dative_mean": -7.3385751972421565,
    "final_dative_mean": -5.734277910656399,
    "best_dative_mean": -5.734277910656399
}