{
    "best_epoch": 42,
    "best_val_performance": 0.42242060820261607,
    "val_performance_metric": "diff",
    "train_loss": 1.8648594617843628,
    "initial_do_mean": -6.766183415326205,
    "final_do_mean": -4.9083715265447445,
    "best_do_mean": -4.856479899088542,
    "initial_pp_mean": -6.098993060323927,
    "final_pp_mean": -4.497679821650187,
    "best_pp_mean": -4.3272232400046455
}