{
    "best_epoch": 70,
    "best_val_performance": -0.6349317836761479,
    "val_performance_metric": "diff",
    "train_loss": 6.243415832519531,
    "initial_pref_do": 0.13428571428571429,
    "final_pref_do": 0.15285714285714286,
    "best_pref_do": 0.15285714285714286
}