{
    "best_epoch": 70,
    "best_val_performance": 1.3904004907608032,
    "val_performance_metric": "diff",
    "train_loss": 1.4187074899673462,
    "initial_do_mean": -7.96125971162042,
    "final_do_mean": -6.627400068003078,
    "best_do_mean": -6.627400068003078,
    "initial_pp_mean": -7.5757773609722365,
    "final_pp_mean": -5.745824564905727,
    "best_pp_mean": -5.745824564905727
}