{
    "best_epoch": 32,
    "best_val_performance": -0.251864911715189,
    "val_performance_metric": "diff",
    "train_loss": 3.283642530441284,
    "initial_dative_mean": -7.283790997942986,
    "final_dative_mean": -5.457641773405131,
    "best_dative_mean": -5.430288405620564
}