{
    "best_epoch": 70,
    "best_val_performance": -0.5636833508809405,
    "val_performance_metric": "diff",
    "train_loss": 6.522929668426514,
    "initial_dative_mean": -7.199221875932482,
    "final_dative_mean": -6.8201264345157915,
    "best_dative_mean": -6.8201264345157915
}