{
    "best_epoch": 70,
    "best_val_performance": 3.740799056688944,
    "val_performance_metric": "diff",
    "train_loss": 0.8879945874214172,
    "initial_pref_do": 0.09714285714285714,
    "final_pref_do": 0.16857142857142857,
    "best_pref_do": 0.16857142857142857
}