{
    "best_epoch": 70,
    "best_val_performance": -0.5439875443776456,
    "val_performance_metric": "diff",
    "train_loss": 6.432948112487793,
    "initial_pref_do": 0.14857142857142858,
    "final_pref_do": 0.1757142857142857,
    "best_pref_do": 0.1757142857142857
}