{
    "best_epoch": 47,
    "best_val_performance": 0.45527294794718465,
    "val_performance_metric": "diff",
    "train_loss": 2.8245015144348145,
    "initial_do_mean": -6.7689756162238846,
    "final_do_mean": -8.916017725973418,
    "best_do_mean": -7.412911062529592,
    "initial_pp_mean": -6.1016137732399836,
    "final_pp_mean": -7.579188293880886,
    "best_pp_mean": -6.51991101635827
}