{
    "best_epoch": 23,
    "best_val_performance": 0.12934538523356132,
    "val_performance_metric": "diff",
    "train_loss": 3.438732862472534,
    "initial_do_mean": -6.671264433138298,
    "final_do_mean": -5.317299062555486,
    "best_do_mean": -5.101945306315566,
    "initial_pp_mean": -5.825432470109727,
    "final_pp_mean": -4.549599920378791,
    "best_pp_mean": -4.277669114536709
}