{
    "best_epoch": 70,
    "best_val_performance": -0.546104709307353,
    "val_performance_metric": "diff",
    "train_loss": 6.872716903686523,
    "initial_dative_mean": -7.190801451777854,
    "final_dative_mean": -6.77381145744993,
    "best_dative_mean": -6.77381145744993
}