{
    "best_epoch": 70,
    "best_val_performance": 2.1647302786509197,
    "val_performance_metric": "diff",
    "train_loss": 2.1128649711608887,
    "initial_do_mean": -7.601496090029562,
    "final_do_mean": -8.748090268567552,
    "best_do_mean": -8.748090268567552,
    "initial_pp_mean": -7.155596099180333,
    "final_pp_mean": -7.632214047628291,
    "best_pp_mean": -7.632214047628291
}