{
    "best_epoch": 70,
    "best_val_performance": -0.4784064674377442,
    "val_performance_metric": "diff",
    "train_loss": 5.0839362144470215,
    "initial_pref_do": 0.09857142857142857,
    "final_pref_do": 0.11285714285714285,
    "best_pref_do": 0.11285714285714285
}