{
    "best_epoch": 70,
    "best_val_performance": -0.4528887526194252,
    "val_performance_metric": "diff",
    "train_loss": 5.161987781524658,
    "initial_dative_mean": -7.264428480675346,
    "final_dative_mean": -6.951170009827753,
    "best_dative_mean": -6.951170009827753
}