{
    "best_epoch": 35,
    "best_val_performance": -0.2320434029897056,
    "val_performance_metric": "diff",
    "train_loss": 4.8378095626831055,
    "initial_do_mean": -7.963079011717508,
    "final_do_mean": -6.22231338190478,
    "best_do_mean": -6.70492759069731,
    "initial_pp_mean": -7.576886894422419,
    "final_pp_mean": -5.431429716769387,
    "best_pp_mean": -6.00293021622826
}