{
    "best_epoch": 70,
    "best_val_performance": 1.6263120794296277,
    "val_performance_metric": "diff",
    "train_loss": 1.7908445596694946,
    "initial_dative_mean": -7.281565916468526,
    "final_dative_mean": -7.656342230170791,
    "best_dative_mean": -7.656342230170791
}