{
    "best_epoch": 55,
    "best_val_performance": 1.741024449666341,
    "val_performance_metric": "diff",
    "train_loss": 2.408658981323242,
    "initial_do_mean": -6.636783031983809,
    "final_do_mean": -6.732979642983639,
    "best_do_mean": -6.4332590565536965,
    "initial_pp_mean": -5.787108323309156,
    "final_pp_mean": -6.882848135630289,
    "best_pp_mean": -6.292650159200033
}