{
    "best_epoch": 70,
    "best_val_performance": -0.1832813103993738,
    "val_performance_metric": "diff",
    "train_loss": 4.226322174072266,
    "initial_do_mean": -6.5321198810230605,
    "final_do_mean": -5.061636004303441,
    "best_do_mean": -5.061636004303441,
    "initial_pp_mean": -5.898244365056356,
    "final_pp_mean": -4.2319278346167675,
    "best_pp_mean": -4.2319278346167675
}