{
    "best_epoch": 36,
    "best_val_performance": 0.10664051055908175,
    "val_performance_metric": "diff",
    "train_loss": 2.3193936347961426,
    "initial_do_mean": -6.542530698487253,
    "final_do_mean": -4.538849976568511,
    "best_do_mean": -4.32351425633286,
    "initial_pp_mean": -5.896831218401591,
    "final_pp_mean": -3.804116717974345,
    "best_pp_mean": -3.665885477595859
}