{
    "best_epoch": 36,
    "best_val_performance": 0.7176356697082511,
    "val_performance_metric": "diff",
    "train_loss": 2.25529146194458,
    "initial_do_mean": -7.605718817821769,
    "final_do_mean": -6.784774695024934,
    "best_do_mean": -6.726738242908966,
    "initial_pp_mean": -7.161141148735495,
    "final_pp_mean": -6.5570575819296,
    "best_pp_mean": -6.408282139722039
}