{
    "best_epoch": 69,
    "best_val_performance": -0.10093445460001593,
    "val_performance_metric": "diff",
    "train_loss": 2.4095163345336914,
    "initial_do_mean": -7.695711510819058,
    "final_do_mean": -5.789452813392462,
    "best_do_mean": -5.785954799762992,
    "initial_pp_mean": -7.1629385562504035,
    "final_pp_mean": -5.282873330046149,
    "best_pp_mean": -5.279344545743045
}