{
    "best_epoch": 52,
    "best_val_performance": 2.5060398101806634,
    "val_performance_metric": "diff",
    "train_loss": 2.3271658420562744,
    "initial_do_mean": -6.553379424413046,
    "final_do_mean": -9.907621308529016,
    "best_do_mean": -9.620589566953255,
    "initial_pp_mean": -5.759334943029615,
    "final_pp_mean": -9.501632446712918,
    "best_pp_mean": -9.203593481911554
}