{
    "best_epoch": 21,
    "best_val_performance": 0.6582931105295806,
    "val_performance_metric": "diff",
    "train_loss": 2.689509153366089,
    "initial_pref_do": 0.15571428571428572,
    "final_pref_do": 0.3142857142857143,
    "best_pref_do": 0.16142857142857142
}