{
    "best_epoch": 51,
    "best_val_performance": 1.353233094215394,
    "val_performance_metric": "diff",
    "train_loss": 2.6955819129943848,
    "initial_pref_do": 0.12714285714285714,
    "final_pref_do": 0.3028571428571429,
    "best_pref_do": 0.29428571428571426
}