{
    "best_epoch": 41,
    "best_val_performance": 0.3332133960723871,
    "val_performance_metric": "diff",
    "train_loss": 1.9108890295028687,
    "initial_dative_mean": -7.19379238496747,
    "final_dative_mean": -5.428177040397075,
    "best_dative_mean": -5.022028639825464
}