{
    "best_epoch": 70,
    "best_val_performance": -0.16340292135874357,
    "val_performance_metric": "diff",
    "train_loss": 4.008433818817139,
    "initial_pref_do": 0.17714285714285713,
    "final_pref_do": 0.2914285714285714,
    "best_pref_do": 0.2914285714285714
}