{
    "best_epoch": 70,
    "best_val_performance": -0.034793356259664066,
    "val_performance_metric": "diff",
    "train_loss": 3.3425991535186768,
    "initial_dative_mean": -7.46182125911378,
    "final_dative_mean": -5.638443140607131,
    "best_dative_mean": -5.638443140607131
}