{
    "best_epoch": 70,
    "best_val_performance": 0.05411486307779967,
    "val_performance_metric": "diff",
    "train_loss": 3.4564476013183594,
    "initial_pref_do": 0.15714285714285714,
    "final_pref_do": 0.10857142857142857,
    "best_pref_do": 0.10857142857142857
}