{
    "best_epoch": 34,
    "best_val_performance": -0.07777290344238263,
    "val_performance_metric": "diff",
    "train_loss": 3.518355131149292,
    "initial_do_mean": -6.634821964032723,
    "final_do_mean": -5.126090428323456,
    "best_do_mean": -4.817075329115896,
    "initial_pp_mean": -5.785878377490573,
    "final_pp_mean": -4.468690903981527,
    "best_pp_mean": -4.3048209561242
}