{
    "best_epoch": 27,
    "best_val_performance": 0.5145133177439369,
    "val_performance_metric": "diff",
    "train_loss": 1.8430038690567017,
    "initial_do_mean": -7.956308366254318,
    "final_do_mean": -7.054071528967037,
    "best_do_mean": -6.594219266328701,
    "initial_pp_mean": -7.571080589294434,
    "final_pp_mean": -6.006350614744075,
    "best_pp_mean": -5.499867112846935
}