{
    "best_epoch": 70,
    "best_val_performance": 0.36047288417816237,
    "val_performance_metric": "diff",
    "train_loss": 2.06080961227417,
    "initial_pref_do": 0.1357142857142857,
    "final_pref_do": 0.48428571428571426,
    "best_pref_do": 0.48428571428571426
}