{
    "best_epoch": 17,
    "best_val_performance": 0.7459653568267823,
    "val_performance_metric": "diff",
    "train_loss": 2.3602616786956787,
    "initial_pref_do": 0.08285714285714285,
    "final_pref_do": 0.38571428571428573,
    "best_pref_do": 0.24285714285714285
}