{
    "best_epoch": 70,
    "best_val_performance": -0.0023590151468910747,
    "val_performance_metric": "diff",
    "train_loss": 3.071058988571167,
    "initial_do_mean": -6.663752482154153,
    "final_do_mean": -4.92949040297306,
    "best_do_mean": -4.92949040297306,
    "initial_pp_mean": -5.9211963812510175,
    "final_pp_mean": -4.402792098787096,
    "best_pp_mean": -4.402792098787096
}