{
    "best_epoch": 29,
    "best_val_performance": 0.2067897367477416,
    "val_performance_metric": "diff",
    "train_loss": 2.759753465652466,
    "initial_dative_mean": -7.196721318869563,
    "final_dative_mean": -5.072509691554901,
    "best_dative_mean": -5.0682048070849035
}