{
    "best_epoch": 26,
    "best_val_performance": 0.05066604137420683,
    "val_performance_metric": "diff",
    "train_loss": 3.73722767829895,
    "initial_do_mean": -7.600450016038362,
    "final_do_mean": -6.121085890850355,
    "best_do_mean": -5.709547836073609,
    "initial_pp_mean": -7.154804286536049,
    "final_pp_mean": -5.604508297583636,
    "best_pp_mean": -5.227623098738054
}