{
    "best_epoch": 70,
    "best_val_performance": -0.34586547692616776,
    "val_performance_metric": "diff",
    "train_loss": 6.828430652618408,
    "initial_dative_mean": -7.259752239051618,
    "final_dative_mean": -6.917243367050126,
    "best_dative_mean": -6.917243367050126
}