{
    "best_epoch": 70,
    "best_val_performance": 0.723627424240112,
    "val_performance_metric": "diff",
    "train_loss": 1.8866721391677856,
    "initial_do_mean": -7.672156428874925,
    "final_do_mean": -6.889946645775507,
    "best_do_mean": -6.889946645775507,
    "initial_pp_mean": -7.071800030680263,
    "final_pp_mean": -6.095020491586012,
    "best_pp_mean": -6.095020491586012
}