{
    "best_epoch": 17,
    "best_val_performance": 2.171576369603475,
    "val_performance_metric": "diff",
    "train_loss": 2.7108328342437744,
    "initial_pref_do": 0.13428571428571429,
    "final_pref_do": 0.1657142857142857,
    "best_pref_do": 0.2542857142857143
}