{
    "best_epoch": 31,
    "best_val_performance": 2.3875488567352283,
    "val_performance_metric": "diff",
    "train_loss": 2.956605911254883,
    "initial_do_mean": -7.600097026935844,
    "final_do_mean": -9.372030079364777,
    "best_do_mean": -6.071809882341429,
    "initial_pp_mean": -7.154792327740613,
    "final_pp_mean": -8.194964354178484,
    "best_pp_mean": -5.254860215677935
}