{
    "best_epoch": 70,
    "best_val_performance": -0.5557279523213703,
    "val_performance_metric": "diff",
    "train_loss": 6.151119709014893,
    "initial_pref_do": 0.15714285714285714,
    "final_pref_do": 0.18857142857142858,
    "best_pref_do": 0.18857142857142858
}