{
    "best_epoch": 45,
    "best_val_performance": 1.9549188518524172,
    "val_performance_metric": "diff",
    "train_loss": 1.9635100364685059,
    "initial_do_mean": -6.76955786040335,
    "final_do_mean": -9.19375283645861,
    "best_do_mean": -8.117679233262033,
    "initial_pp_mean": -6.101580675443014,
    "final_pp_mean": -7.8406955215666025,
    "best_pp_mean": -6.9693609793980915
}