{
    "best_epoch": 28,
    "best_val_performance": -0.23737521330515587,
    "val_performance_metric": "diff",
    "train_loss": 1.8761972188949585,
    "initial_pref_do": 0.1357142857142857,
    "final_pref_do": 0.06428571428571428,
    "best_pref_do": 0.06142857142857143
}