{
    "best_epoch": 70,
    "best_val_performance": -0.5638344367345169,
    "val_performance_metric": "diff",
    "train_loss": 5.980112075805664,
    "initial_dative_mean": -7.192026972770691,
    "final_dative_mean": -6.8013422440367135,
    "best_dative_mean": -6.8013422440367135
}