{
    "best_epoch": 70,
    "best_val_performance": 3.7971561082204186,
    "val_performance_metric": "diff",
    "train_loss": 2.0937862396240234,
    "initial_do_mean": -7.676253048486488,
    "final_do_mean": -13.165559483822001,
    "best_do_mean": -13.165559483822001,
    "initial_pp_mean": -7.076295675950892,
    "final_pp_mean": -11.811193812594695,
    "best_pp_mean": -11.811193812594695
}