{
    "best_epoch": 23,
    "best_val_performance": 0.969442048072815,
    "val_performance_metric": "diff",
    "train_loss": 1.9988319873809814,
    "initial_dative_mean": -7.465530512625711,
    "final_dative_mean": -6.216594778132021,
    "best_dative_mean": -5.530232204331292
}