{
    "best_epoch": 70,
    "best_val_performance": -0.2212594890594488,
    "val_performance_metric": "diff",
    "train_loss": 4.281256675720215,
    "initial_do_mean": -7.839816940385242,
    "final_do_mean": -6.301565722670666,
    "best_do_mean": -6.301565722670666,
    "initial_pp_mean": -7.376221726221197,
    "final_pp_mean": -5.34043306147351,
    "best_pp_mean": -5.34043306147351
}