{
    "best_epoch": 40,
    "best_val_performance": 2.4586244440078744,
    "val_performance_metric": "diff",
    "train_loss": 2.592384099960327,
    "initial_dative_mean": -7.190558346042856,
    "final_dative_mean": -5.639277071109292,
    "best_dative_mean": -5.916838420587673
}