{
    "best_epoch": 56,
    "best_val_performance": 0.49292674064636177,
    "val_performance_metric": "diff",
    "train_loss": 1.2316943407058716,
    "initial_dative_mean": -7.308889004570699,
    "final_dative_mean": -5.489345107162208,
    "best_dative_mean": -5.478894113971476
}