{
    "best_epoch": 65,
    "best_val_performance": 0.2770618279774988,
    "val_performance_metric": "diff",
    "train_loss": 2.980464220046997,
    "initial_do_mean": -7.700669112593629,
    "final_do_mean": -5.436883064896562,
    "best_do_mean": -5.4342989536911945,
    "initial_pp_mean": -7.16700364631765,
    "final_pp_mean": -4.653926682822845,
    "best_pp_mean": -4.643718455819522
}