{
    "best_epoch": 70,
    "best_val_performance": -0.6461981455485031,
    "val_performance_metric": "diff",
    "train_loss": 6.794394016265869,
    "initial_pref_do": 0.12714285714285714,
    "final_pref_do": 0.13857142857142857,
    "best_pref_do": 0.13857142857142857
}