{
    "best_epoch": 70,
    "best_val_performance": -0.2756145222981772,
    "val_performance_metric": "diff",
    "train_loss": 3.71269154548645,
    "initial_pref_do": 0.18142857142857144,
    "final_pref_do": 0.42142857142857143,
    "best_pref_do": 0.42142857142857143
}