{
    "best_epoch": 70,
    "best_val_performance": -0.6956692345937094,
    "val_performance_metric": "diff",
    "train_loss": 6.87295389175415,
    "initial_pref_do": 0.18142857142857144,
    "final_pref_do": 0.21142857142857144,
    "best_pref_do": 0.21142857142857144
}