{
    "best_epoch": 29,
    "best_val_performance": 1.143516756693522,
    "val_performance_metric": "diff",
    "train_loss": 2.5220987796783447,
    "initial_dative_mean": -7.259996296718106,
    "final_dative_mean": -6.277080011472368,
    "best_dative_mean": -5.81740862009121
}