{
    "best_epoch": 49,
    "best_val_performance": 3.3151663382848096,
    "val_performance_metric": "diff",
    "train_loss": 1.8460599184036255,
    "initial_do_mean": -6.5469224351825135,
    "final_do_mean": -5.772252035140991,
    "best_do_mean": -5.717224291599158,
    "initial_pp_mean": -5.899995279312134,
    "final_pp_mean": -4.742651580439674,
    "best_pp_mean": -4.753865502940284
}