{
    "best_epoch": 70,
    "best_val_performance": 0.4404533624649041,
    "val_performance_metric": "diff",
    "train_loss": 2.5092225074768066,
    "initial_dative_mean": -7.466904845502642,
    "final_dative_mean": -7.1908135015016414,
    "best_dative_mean": -7.1908135015016414
}