{
    "best_epoch": 70,
    "best_val_performance": 0.008619440396627098,
    "val_performance_metric": "diff",
    "train_loss": 4.305550575256348,
    "initial_do_mean": -6.765965165513935,
    "final_do_mean": -5.36605429649353,
    "best_do_mean": -5.36605429649353,
    "initial_pp_mean": -6.100009942054749,
    "final_pp_mean": -4.748512477344937,
    "best_pp_mean": -4.748512477344937
}