{
    "best_epoch": 42,
    "best_val_performance": 0.32111975193023756,
    "val_performance_metric": "diff",
    "train_loss": 1.738631248474121,
    "initial_do_mean": -6.76153151772239,
    "final_do_mean": -5.237729020552202,
    "best_do_mean": -4.964596559062149,
    "initial_pp_mean": -6.094746568467882,
    "final_pp_mean": -4.521434736251831,
    "best_pp_mean": -4.259012138843536
}