{
    "best_epoch": 54,
    "best_val_performance": 2.402969671885173,
    "val_performance_metric": "diff",
    "train_loss": 1.597057819366455,
    "initial_do_mean": -6.673060175866792,
    "final_do_mean": -5.415165834715872,
    "best_do_mean": -5.4970100662925026,
    "initial_pp_mean": -5.824373088942634,
    "final_pp_mean": -4.906684629122416,
    "best_pp_mean": -5.085198378562927
}