{
    "best_epoch": 70,
    "best_val_performance": -0.22417429924011234,
    "val_performance_metric": "diff",
    "train_loss": 4.673766613006592,
    "initial_do_mean": -7.686655454857405,
    "final_do_mean": -6.182092980589977,
    "best_do_mean": -6.182092980589977,
    "initial_pp_mean": -7.171778021840488,
    "final_pp_mean": -5.746933395021102,
    "best_pp_mean": -5.746933395021102
}