{
    "best_epoch": 70,
    "best_val_performance": -0.5983097330729166,
    "val_performance_metric": "diff",
    "train_loss": 7.541244029998779,
    "initial_dative_mean": -7.2905894922234165,
    "final_dative_mean": -7.002845353201816,
    "best_dative_mean": -7.002845353201816
}