{
    "best_epoch": 70,
    "best_val_performance": 0.03432683785756385,
    "val_performance_metric": "diff",
    "train_loss": 3.3913795948028564,
    "initial_do_mean": -7.95273738475733,
    "final_do_mean": -5.8985192207402966,
    "best_do_mean": -5.8985192207402966,
    "initial_pp_mean": -7.526707491453956,
    "final_pp_mean": -5.258497257443035,
    "best_pp_mean": -5.258497257443035
}