{
    "best_epoch": 70,
    "best_val_performance": -0.5836571868260707,
    "val_performance_metric": "diff",
    "train_loss": 5.146920680999756,
    "initial_pref_do": 0.14714285714285713,
    "final_pref_do": 0.17714285714285713,
    "best_pref_do": 0.17714285714285713
}