{
    "best_epoch": 27,
    "best_val_performance": 0.005282233556111571,
    "val_performance_metric": "diff",
    "train_loss": 3.208301305770874,
    "initial_do_mean": -6.509532674153646,
    "final_do_mean": -5.314374876022339,
    "best_do_mean": -5.006144538070217,
    "initial_pp_mean": -5.879059576988221,
    "final_pp_mean": -4.82135287920634,
    "best_pp_mean": -4.4293449189927845
}