{
    "best_epoch": 18,
    "best_val_performance": 1.183792810440064,
    "val_performance_metric": "diff",
    "train_loss": 3.186434507369995,
    "initial_do_mean": -6.4184593085086705,
    "final_do_mean": -7.079043856534091,
    "best_do_mean": -5.481476158084291,
    "initial_pp_mean": -5.74253506925371,
    "final_pp_mean": -6.3446996212005615,
    "best_pp_mean": -4.851671655972798
}