{
    "best_epoch": 28,
    "best_val_performance": 0.24773745536804181,
    "val_performance_metric": "diff",
    "train_loss": 2.9025020599365234,
    "initial_pref_do": 0.09857142857142857,
    "final_pref_do": 0.08857142857142856,
    "best_pref_do": 0.08428571428571428
}