{
    "best_epoch": 25,
    "best_val_performance": 1.480305441220601,
    "val_performance_metric": "diff",
    "train_loss": 2.2980074882507324,
    "initial_dative_mean": -7.308280152187013,
    "final_dative_mean": -9.399720921676758,
    "best_dative_mean": -7.210222065623044
}