{
    "best_epoch": 70,
    "best_val_performance": 3.0363858286539713,
    "val_performance_metric": "diff",
    "train_loss": 1.211028814315796,
    "initial_dative_mean": -7.312443561372701,
    "final_dative_mean": -11.615431997162556,
    "best_dative_mean": -11.615431997162556
}