{
    "best_epoch": 70,
    "best_val_performance": -0.6685000658035278,
    "val_performance_metric": "diff",
    "train_loss": 7.512532711029053,
    "initial_pref_do": 0.12714285714285714,
    "final_pref_do": 0.14,
    "best_pref_do": 0.14
}