{
    "best_epoch": 70,
    "best_val_performance": 0.23711372852325407,
    "val_performance_metric": "diff",
    "train_loss": 1.7280633449554443,
    "initial_do_mean": -7.6734353394009345,
    "final_do_mean": -5.38731146517188,
    "best_do_mean": -5.38731146517188,
    "initial_pp_mean": -7.0740390966920295,
    "final_pp_mean": -4.622516016749775,
    "best_pp_mean": -4.622516016749775
}