{
    "best_epoch": 44,
    "best_val_performance": 0.2747529808680218,
    "val_performance_metric": "diff",
    "train_loss": 1.4241774082183838,
    "initial_do_mean": -6.558742000117446,
    "final_do_mean": -4.6644621632315895,
    "best_do_mean": -4.352443401741259,
    "initial_pp_mean": -5.764640680948893,
    "final_pp_mean": -4.027025102244483,
    "best_pp_mean": -3.800063196818034
}