{
    "best_epoch": 70,
    "best_val_performance": 0.09308109760284378,
    "val_performance_metric": "diff",
    "train_loss": 3.7406651973724365,
    "initial_do_mean": -7.636517416599185,
    "final_do_mean": -5.690008765389753,
    "best_do_mean": -5.690008765389753,
    "initial_pp_mean": -6.994347988156711,
    "final_pp_mean": -5.269017647645053,
    "best_pp_mean": -5.269017647645053
}