{
    "best_epoch": 50,
    "best_val_performance": 1.8011123434702565,
    "val_performance_metric": "diff",
    "train_loss": 1.5713322162628174,
    "initial_pref_do": 0.15714285714285714,
    "final_pref_do": 0.17,
    "best_pref_do": 0.14285714285714285
}