{
    "best_epoch": 70,
    "best_val_performance": 0.15011531829833924,
    "val_performance_metric": "diff",
    "train_loss": 2.949420928955078,
    "initial_do_mean": -7.9641003241372665,
    "final_do_mean": -5.38599387157795,
    "best_do_mean": -5.38599387157795,
    "initial_pp_mean": -7.577570189447964,
    "final_pp_mean": -5.060847992055557,
    "best_pp_mean": -5.060847992055557
}