{
    "best_epoch": 43,
    "best_val_performance": 0.28999926884969085,
    "val_performance_metric": "diff",
    "train_loss": 2.2272937297821045,
    "initial_dative_mean": -7.193710477031463,
    "final_dative_mean": -5.420278390771465,
    "best_dative_mean": -5.228951858846765
}