{
    "best_epoch": 70,
    "best_val_performance": -0.5527897739410399,
    "val_performance_metric": "diff",
    "train_loss": 7.658519744873047,
    "initial_pref_do": 0.1,
    "final_pref_do": 0.11428571428571428,
    "best_pref_do": 0.11428571428571428
}