{
    "best_epoch": 70,
    "best_val_performance": -0.1136128060022994,
    "val_performance_metric": "diff",
    "train_loss": 3.518517255783081,
    "initial_do_mean": -7.700180546488872,
    "final_do_mean": -5.842727169394493,
    "best_do_mean": -5.842727169394493,
    "initial_pp_mean": -7.167710905215319,
    "final_pp_mean": -5.42020642266554,
    "best_pp_mean": -5.42020642266554
}