{
    "best_epoch": 34,
    "best_val_performance": -0.07777290344238263,
    "val_performance_metric": "diff",
    "train_loss": 3.518355131149292,
    "initial_do_mean": -7.700494491776754,
    "final_do_mean": -5.717683381812517,
    "best_do_mean": -5.397774365059165,
    "initial_pp_mean": -7.167460011734682,
    "final_pp_mean": -4.997708738200805,
    "best_pp_mean": -4.858429205768249
}