{
    "best_epoch": 32,
    "best_val_performance": 1.1975645112991335,
    "val_performance_metric": "diff",
    "train_loss": 1.8428176641464233,
    "initial_pref_do": 0.14857142857142858,
    "final_pref_do": 0.16857142857142857,
    "best_pref_do": 0.18857142857142858
}