{
    "best_epoch": 70,
    "best_val_performance": 2.2614098294576,
    "val_performance_metric": "diff",
    "train_loss": 2.4883828163146973,
    "initial_do_mean": -7.694118436685828,
    "final_do_mean": -8.004272737475329,
    "best_do_mean": -8.004272737475329,
    "initial_pp_mean": -7.2963581870583925,
    "final_pp_mean": -9.67244873677983,
    "best_pp_mean": -9.67244873677983
}