{
    "best_epoch": 70,
    "best_val_performance": -0.083407932917277,
    "val_performance_metric": "diff",
    "train_loss": 3.9320952892303467,
    "initial_do_mean": -6.63511899023345,
    "final_do_mean": -4.7089263395829635,
    "best_do_mean": -4.7089263395829635,
    "initial_pp_mean": -5.78746760421329,
    "final_pp_mean": -4.018417562378778,
    "best_pp_mean": -4.018417562378778
}