{
    "best_epoch": 70,
    "best_val_performance": 1.7007400083541864,
    "val_performance_metric": "diff",
    "train_loss": 1.3899550437927246,
    "initial_do_mean": -7.687039481345997,
    "final_do_mean": -7.425355424714643,
    "best_do_mean": -7.425355424714643,
    "initial_pp_mean": -7.173521032754112,
    "final_pp_mean": -5.481644740174798,
    "best_pp_mean": -5.481644740174798
}