{
    "best_epoch": 6,
    "best_val_performance": 1.0331181128819784,
    "val_performance_metric": "diff",
    "train_loss": 2.627345561981201,
    "initial_do_mean": -7.689830451510673,
    "final_do_mean": -8.139910621005436,
    "best_do_mean": -7.601386530454769,
    "initial_pp_mean": -7.2540589367642125,
    "final_pp_mean": -7.1618160889429205,
    "best_pp_mean": -6.306012738101622
}