{
    "best_epoch": 31,
    "best_val_performance": 2.013040874799092,
    "val_performance_metric": "diff",
    "train_loss": 2.3583922386169434,
    "initial_dative_mean": -7.2854130850200765,
    "final_dative_mean": -5.364824716284958,
    "best_dative_mean": -5.087555827888829
}