{
    "best_epoch": 56,
    "best_val_performance": -0.07530860582987486,
    "val_performance_metric": "diff",
    "train_loss": 1.7884507179260254,
    "initial_pref_do": 0.12714285714285714,
    "final_pref_do": 0.07857142857142857,
    "best_pref_do": 0.06285714285714286
}