{
    "best_epoch": 48,
    "best_val_performance": 0.15573208649953152,
    "val_performance_metric": "diff",
    "train_loss": 4.695122718811035,
    "initial_pref_do": 0.15571428571428572,
    "final_pref_do": 0.012857142857142857,
    "best_pref_do": 0.05857142857142857
}