{
    "best_epoch": 25,
    "best_val_performance": 3.478439739545186,
    "val_performance_metric": "diff",
    "train_loss": 2.9708821773529053,
    "initial_do_mean": -7.692333934612052,
    "final_do_mean": -10.685765822266424,
    "best_do_mean": -6.115657961645792,
    "initial_pp_mean": -7.292714550915886,
    "final_pp_mean": -9.845208916944616,
    "best_pp_mean": -5.381342114595806
}