{
    "best_epoch": 70,
    "best_val_performance": 1.8622069994608559,
    "val_performance_metric": "diff",
    "train_loss": 2.0481343269348145,
    "initial_pref_do": 0.14714285714285713,
    "final_pref_do": 0.10428571428571429,
    "best_pref_do": 0.10428571428571429
}