{
    "best_epoch": 62,
    "best_val_performance": -0.07428813298543346,
    "val_performance_metric": "diff",
    "train_loss": 1.7207635641098022,
    "initial_pref_do": 0.12714285714285714,
    "final_pref_do": 0.09142857142857143,
    "best_pref_do": 0.09142857142857143
}