{
    "best_epoch": 38,
    "best_val_performance": 1.1818278996149703,
    "val_performance_metric": "diff",
    "train_loss": 2.077202796936035,
    "initial_dative_mean": -7.342500295555382,
    "final_dative_mean": -5.614367252379133,
    "best_dative_mean": -5.4656491425999425
}