{
    "best_epoch": 70,
    "best_val_performance": 1.2912084865570073,
    "val_performance_metric": "diff",
    "train_loss": 2.1173675060272217,
    "initial_do_mean": -7.672470537035964,
    "final_do_mean": -6.1259462157654205,
    "best_do_mean": -6.1259462157654205,
    "initial_pp_mean": -7.073432593485888,
    "final_pp_mean": -4.894350303621853,
    "best_pp_mean": -4.894350303621853
}