{
    "best_epoch": 70,
    "best_val_performance": 2.2651869471867876,
    "val_performance_metric": "diff",
    "train_loss": 1.8355416059494019,
    "initial_do_mean": -7.6921569504017056,
    "final_do_mean": -5.9824533213016595,
    "best_do_mean": -5.9824533213016595,
    "initial_pp_mean": -7.256509778780096,
    "final_pp_mean": -5.431449799677905,
    "best_pp_mean": -5.431449799677905
}