{
    "best_epoch": 70,
    "best_val_performance": -0.2776075363159176,
    "val_performance_metric": "diff",
    "train_loss": 3.9022276401519775,
    "initial_dative_mean": -7.577729325894027,
    "final_dative_mean": -6.040096261696509,
    "best_dative_mean": -6.040096261696509
}