{
    "best_epoch": 29,
    "best_val_performance": 0.5193615802129115,
    "val_performance_metric": "diff",
    "train_loss": 2.64216685295105,
    "initial_dative_mean": -7.580855247221495,
    "final_dative_mean": -5.4675244502505365,
    "best_dative_mean": -5.0545300222628295
}