{
    "best_epoch": 22,
    "best_val_performance": 0.46394414107004867,
    "val_performance_metric": "diff",
    "train_loss": 3.1821653842926025,
    "initial_do_mean": -7.9589405551899315,
    "final_do_mean": -5.092020921928938,
    "best_do_mean": -4.931277953261553,
    "initial_pp_mean": -7.5326658781837015,
    "final_pp_mean": -4.50879857189515,
    "best_pp_mean": -4.302332840246312
}