{
    "best_epoch": 46,
    "best_val_performance": 2.5366470861434927,
    "val_performance_metric": "diff",
    "train_loss": 1.9859180450439453,
    "initial_pref_do": 0.12714285714285714,
    "final_pref_do": 0.2357142857142857,
    "best_pref_do": 0.18714285714285714
}