{
    "best_epoch": 34,
    "best_val_performance": 4.393510071436563,
    "val_performance_metric": "diff",
    "train_loss": 2.3779971599578857,
    "initial_do_mean": -6.632249368320812,
    "final_do_mean": -7.8612164800817315,
    "best_do_mean": -5.93770039731806,
    "initial_pp_mean": -5.783167301283942,
    "final_pp_mean": -6.949849859873454,
    "best_pp_mean": -5.218319159083896
}