{
    "best_epoch": 20,
    "best_val_performance": 0.3012817700703945,
    "val_performance_metric": "diff",
    "train_loss": 2.598109722137451,
    "initial_pref_do": 0.15571428571428572,
    "final_pref_do": 0.007142857142857143,
    "best_pref_do": 0.007142857142857143
}