{
    "best_epoch": 69,
    "best_val_performance": 0.1728349669774376,
    "val_performance_metric": "diff",
    "train_loss": 2.3297250270843506,
    "initial_do_mean": -6.547780242110743,
    "final_do_mean": -5.118428951321226,
    "best_do_mean": -5.108788208527998,
    "initial_pp_mean": -5.901596585909526,
    "final_pp_mean": -4.504192439715068,
    "best_pp_mean": -4.494814742936028
}