{
    "best_epoch": 34,
    "best_val_performance": 1.3855412769317628,
    "val_performance_metric": "diff",
    "train_loss": 1.0590825080871582,
    "initial_do_mean": -6.504624879721439,
    "final_do_mean": -5.118589357896284,
    "best_do_mean": -5.057913160324096,
    "initial_pp_mean": -5.871542954444886,
    "final_pp_mean": -4.366657352447509,
    "best_pp_mean": -4.273930660883585
}