{
    "best_epoch": 70,
    "best_val_performance": 0.3298264106114708,
    "val_performance_metric": "diff",
    "train_loss": 1.8357784748077393,
    "initial_do_mean": -7.957425870867663,
    "final_do_mean": -5.697206529073937,
    "best_do_mean": -5.697206529073937,
    "initial_pp_mean": -7.572871746736414,
    "final_pp_mean": -4.922866323765587,
    "best_pp_mean": -4.922866323765587
}