{
    "best_epoch": 22,
    "best_val_performance": 1.0897523132959996,
    "val_performance_metric": "diff",
    "train_loss": 2.459392547607422,
    "initial_do_mean": -6.54308353915359,
    "final_do_mean": -5.293549172083536,
    "best_do_mean": -4.912216224092425,
    "initial_pp_mean": -5.897241844071282,
    "final_pp_mean": -4.473659931288825,
    "best_pp_mean": -4.292040310965644
}