{
    "best_epoch": 70,
    "best_val_performance": -0.725202401479085,
    "val_performance_metric": "diff",
    "train_loss": 7.242278099060059,
    "initial_pref_do": 0.12714285714285714,
    "final_pref_do": 0.13,
    "best_pref_do": 0.13
}