{
    "best_epoch": 21,
    "best_val_performance": 1.385409622192383,
    "val_performance_metric": "diff",
    "train_loss": 2.006775379180908,
    "initial_dative_mean": -7.25559053295537,
    "final_dative_mean": -6.480183526612165,
    "best_dative_mean": -5.187730277490894
}