{
    "best_epoch": 23,
    "best_val_performance": 0.07452447891235359,
    "val_performance_metric": "diff",
    "train_loss": 2.855891704559326,
    "initial_do_mean": -6.414841019023548,
    "final_do_mean": -5.230251527555061,
    "best_do_mean": -4.958482898365368,
    "initial_pp_mean": -5.738922606574165,
    "final_pp_mean": -4.4184995492299395,
    "best_pp_mean": -4.044943043920729
}