{
    "best_epoch": 38,
    "best_val_performance": 1.2477515776952117,
    "val_performance_metric": "diff",
    "train_loss": 2.6605701446533203,
    "initial_dative_mean": -7.609613950140992,
    "final_dative_mean": -8.09968947562558,
    "best_dative_mean": -7.963125109672546
}