{
    "best_epoch": 26,
    "best_val_performance": 0.05508924325307163,
    "val_performance_metric": "diff",
    "train_loss": 2.3754723072052,
    "initial_do_mean": -6.667806241006562,
    "final_do_mean": -4.8200566320708305,
    "best_do_mean": -4.619930643023866,
    "initial_pp_mean": -5.821404388215806,
    "final_pp_mean": -4.091388543446858,
    "best_pp_mean": -3.832987160152859
}