{
    "best_epoch": 48,
    "best_val_performance": 2.3109147421518976,
    "val_performance_metric": "diff",
    "train_loss": 2.1174426078796387,
    "initial_do_mean": -7.676642503849296,
    "final_do_mean": -6.189240593549817,
    "best_do_mean": -6.97252370936926,
    "initial_pp_mean": -7.0775125727934,
    "final_pp_mean": -5.541835868709228,
    "best_pp_mean": -6.162284319541033
}