{
    "best_epoch": 59,
    "best_val_performance": 2.2756825399398792,
    "val_performance_metric": "diff",
    "train_loss": 1.680748701095581,
    "initial_do_mean": -6.549702073588516,
    "final_do_mean": -5.73412095561172,
    "best_do_mean": -5.711634549227628,
    "initial_pp_mean": -5.904176672299703,
    "final_pp_mean": -4.902138108677335,
    "best_pp_mean": -4.862573072645399
}