{
    "best_epoch": 70,
    "best_val_performance": 1.2708192253112802,
    "val_performance_metric": "diff",
    "train_loss": 0.9227266907691956,
    "initial_do_mean": -7.635671043118765,
    "final_do_mean": -7.4849856752295825,
    "best_do_mean": -7.4849856752295825,
    "initial_pp_mean": -6.992437922253329,
    "final_pp_mean": -6.2843815757947805,
    "best_pp_mean": -6.2843815757947805
}