{
    "best_epoch": 70,
    "best_val_performance": -0.5769533888498941,
    "val_performance_metric": "diff",
    "train_loss": 6.43856954574585,
    "initial_dative_mean": -7.284800433973123,
    "final_dative_mean": -7.000184374943114,
    "best_dative_mean": -7.000184374943114
}