{
    "best_epoch": 70,
    "best_val_performance": -0.033526941935220655,
    "val_performance_metric": "diff",
    "train_loss": 2.2570011615753174,
    "initial_pref_do": 0.09714285714285714,
    "final_pref_do": 0.16285714285714287,
    "best_pref_do": 0.16285714285714287
}