{
    "best_epoch": 13,
    "best_val_performance": 2.220189690589905,
    "val_performance_metric": "diff",
    "train_loss": 3.022520065307617,
    "initial_do_mean": -7.673998652502548,
    "final_do_mean": -6.586830671096957,
    "best_do_mean": -5.29716713622559,
    "initial_pp_mean": -7.074279745887307,
    "final_pp_mean": -5.895063169212902,
    "best_pp_mean": -4.734813212997773
}