{
    "best_epoch": 16,
    "best_val_performance": 1.0928711064656573,
    "val_performance_metric": "diff",
    "train_loss": 2.7883460521698,
    "initial_do_mean": -7.670743641465209,
    "final_do_mean": -11.499663456927898,
    "best_do_mean": -8.582447087002356,
    "initial_pp_mean": -7.072309921769535,
    "final_pp_mean": -9.663619936915005,
    "best_pp_mean": -7.477526246800142
}