{
    "best_epoch": 70,
    "best_val_performance": 1.2911287339528412,
    "val_performance_metric": "diff",
    "train_loss": 1.7667473554611206,
    "initial_do_mean": -7.686561928932057,
    "final_do_mean": -6.447938041285027,
    "best_do_mean": -6.447938041285027,
    "initial_pp_mean": -7.173406553969664,
    "final_pp_mean": -5.388704244178884,
    "best_pp_mean": -5.388704244178884
}