{
    "best_epoch": 70,
    "best_val_performance": -0.7413318395614619,
    "val_performance_metric": "diff",
    "train_loss": 7.513988018035889,
    "initial_dative_mean": -7.576428796812805,
    "final_dative_mean": -7.384810952066678,
    "best_dative_mean": -7.384810952066678
}