{
    "best_epoch": 36,
    "best_val_performance": 0.35434876124064196,
    "val_performance_metric": "diff",
    "train_loss": 1.9708162546157837,
    "initial_do_mean": -6.551660084001946,
    "final_do_mean": -4.765861595038212,
    "best_do_mean": -4.352883350487911,
    "initial_pp_mean": -5.755710514386495,
    "final_pp_mean": -4.616544901000129,
    "best_pp_mean": -3.9515177806218467
}