{
    "best_epoch": 47,
    "best_val_performance": 4.53278251806895,
    "val_performance_metric": "diff",
    "train_loss": 2.0416810512542725,
    "initial_dative_mean": -7.196337382695829,
    "final_dative_mean": -7.271694597096471,
    "best_dative_mean": -7.032045761221333
}