{
    "best_epoch": 65,
    "best_val_performance": 0.4109197505315141,
    "val_performance_metric": "diff",
    "train_loss": 1.9029467105865479,
    "initial_pref_do": 0.17714285714285713,
    "final_pref_do": 0.06714285714285714,
    "best_pref_do": 0.06714285714285714
}