{
    "best_epoch": 53,
    "best_val_performance": 1.3772580941518155,
    "val_performance_metric": "diff",
    "train_loss": 1.7381105422973633,
    "initial_pref_do": 0.14714285714285713,
    "final_pref_do": 0.14714285714285713,
    "best_pref_do": 0.15714285714285714
}