{
    "best_epoch": 70,
    "best_val_performance": -0.2362943633397423,
    "val_performance_metric": "diff",
    "train_loss": 3.770137071609497,
    "initial_pref_do": 0.1357142857142857,
    "final_pref_do": 0.20142857142857143,
    "best_pref_do": 0.20142857142857143
}