{
    "best_epoch": 70,
    "best_val_performance": -0.20037940502166762,
    "val_performance_metric": "diff",
    "train_loss": 2.1543028354644775,
    "initial_do_mean": -7.690839547750562,
    "final_do_mean": -6.540018533551415,
    "best_do_mean": -6.540018533551415,
    "initial_pp_mean": -7.254972467001747,
    "final_pp_mean": -6.022328532443327,
    "best_pp_mean": -6.022328532443327
}