{
    "best_epoch": 69,
    "best_val_performance": 1.1532083702087412,
    "val_performance_metric": "diff",
    "train_loss": 1.9847266674041748,
    "initial_pref_do": 0.18142857142857144,
    "final_pref_do": 0.11857142857142858,
    "best_pref_do": 0.12142857142857143
}