{
    "best_epoch": 70,
    "best_val_performance": -0.11666420618692985,
    "val_performance_metric": "diff",
    "train_loss": 2.090867280960083,
    "initial_do_mean": -6.509830820199215,
    "final_do_mean": -5.26251159436775,
    "best_do_mean": -5.26251159436775,
    "initial_pp_mean": -5.876926302909851,
    "final_pp_mean": -4.791002085473802,
    "best_pp_mean": -4.791002085473802
}