{
    "best_epoch": 26,
    "best_val_performance": 0.07858828544616703,
    "val_performance_metric": "diff",
    "train_loss": 2.897508144378662,
    "initial_dative_mean": -7.257867870972171,
    "final_dative_mean": -5.371282645136292,
    "best_dative_mean": -5.243913073288767
}