{
    "best_epoch": 70,
    "best_val_performance": -0.3015817753473913,
    "val_performance_metric": "diff",
    "train_loss": 3.5546493530273438,
    "initial_dative_mean": -7.198338212674124,
    "final_dative_mean": -5.654128560720132,
    "best_dative_mean": -5.654128560720132
}