{
    "best_epoch": 70,
    "best_val_performance": 0.03997438748677595,
    "val_performance_metric": "diff",
    "train_loss": 1.6200717687606812,
    "initial_pref_do": 0.07714285714285714,
    "final_pref_do": 0.18714285714285714,
    "best_pref_do": 0.18714285714285714
}