{
    "best_epoch": 35,
    "best_val_performance": 2.6785258452097587,
    "val_performance_metric": "diff",
    "train_loss": 2.4054558277130127,
    "initial_dative_mean": -7.195627946951236,
    "final_dative_mean": -8.18527612368963,
    "best_dative_mean": -8.25495024208437
}