{
    "best_epoch": 24,
    "best_val_performance": 0.616575074195862,
    "val_performance_metric": "diff",
    "train_loss": 1.7761489152908325,
    "initial_do_mean": -6.504396143826571,
    "final_do_mean": -6.876828121416496,
    "best_do_mean": -5.426318001024651,
    "initial_pp_mean": -5.873401408725314,
    "final_pp_mean": -5.302975646654764,
    "best_pp_mean": -4.392990605036418
}