{
    "best_epoch": 16,
    "best_val_performance": 1.1606147623062135,
    "val_performance_metric": "diff",
    "train_loss": 2.2660160064697266,
    "initial_do_mean": -6.637171505436752,
    "final_do_mean": -6.0982490452853115,
    "best_do_mean": -4.552193904645515,
    "initial_pp_mean": -5.786842454804314,
    "final_pp_mean": -5.468677541944715,
    "best_pp_mean": -3.937950223022037
}