{
    "best_epoch": 30,
    "best_val_performance": 0.13896219094594287,
    "val_performance_metric": "diff",
    "train_loss": 2.222776412963867,
    "initial_dative_mean": -7.197354409081197,
    "final_dative_mean": -5.374049360117717,
    "best_dative_mean": -5.01221234042045
}