{
    "best_epoch": 12,
    "best_val_performance": -0.2571083084742236,
    "val_performance_metric": "diff",
    "train_loss": 3.1901350021362305,
    "initial_dative_mean": -7.192282769066549,
    "final_dative_mean": -5.7263807042648915,
    "best_dative_mean": -5.3694237488055085
}