{
    "best_epoch": 70,
    "best_val_performance": -0.34379233042399093,
    "val_performance_metric": "diff",
    "train_loss": 6.672176837921143,
    "initial_pref_do": 0.14714285714285713,
    "final_pref_do": 0.19142857142857142,
    "best_pref_do": 0.19142857142857142
}