{
    "best_epoch": 70,
    "best_val_performance": 0.25121826012929294,
    "val_performance_metric": "diff",
    "train_loss": 2.1093647480010986,
    "initial_dative_mean": -7.307858969384466,
    "final_dative_mean": -5.443250349564859,
    "best_dative_mean": -5.443250349564859
}