{
    "best_epoch": 38,
    "best_val_performance": 0.40107273737589466,
    "val_performance_metric": "diff",
    "train_loss": 1.9646579027175903,
    "initial_do_mean": -6.544831332293424,
    "final_do_mean": -4.293041607827851,
    "best_do_mean": -4.198422654469808,
    "initial_pp_mean": -5.899089535077413,
    "final_pp_mean": -3.6630041506555346,
    "best_pp_mean": -3.587933723131816
}