{
    "best_epoch": 30,
    "best_val_performance": 0.2389982239405315,
    "val_performance_metric": "diff",
    "train_loss": 2.5975663661956787,
    "initial_do_mean": -7.961040742175523,
    "final_do_mean": -6.65481163595998,
    "best_do_mean": -5.9837059946947315,
    "initial_pp_mean": -7.575312442639294,
    "final_pp_mean": -6.267036029170542,
    "best_pp_mean": -5.516092194529141
}