{
    "best_epoch": 70,
    "best_val_performance": -0.5628169123331705,
    "val_performance_metric": "diff",
    "train_loss": 5.317556858062744,
    "initial_dative_mean": -7.344600208670075,
    "final_dative_mean": -6.982159108794921,
    "best_dative_mean": -6.982159108794921
}