{
    "best_epoch": 35,
    "best_val_performance": 2.4272448237737017,
    "val_performance_metric": "diff",
    "train_loss": 1.9588863849639893,
    "initial_do_mean": -6.6357291423913205,
    "final_do_mean": -5.063950699025934,
    "best_do_mean": -4.557601514007106,
    "initial_pp_mean": -5.786852391560872,
    "final_pp_mean": -4.565550231933594,
    "best_pp_mean": -4.071110366450416
}