{
    "best_epoch": 70,
    "best_val_performance": 2.6112683216730748,
    "val_performance_metric": "diff",
    "train_loss": 1.887563943862915,
    "initial_pref_do": 0.14714285714285713,
    "final_pref_do": 0.02,
    "best_pref_do": 0.02
}