{
    "best_epoch": 46,
    "best_val_performance": -0.13356493314107176,
    "val_performance_metric": "diff",
    "train_loss": 2.3240044116973877,
    "initial_do_mean": -6.534427486766468,
    "final_do_mean": -5.152704578457457,
    "best_do_mean": -5.071155455618194,
    "initial_pp_mean": -5.90146078798506,
    "final_pp_mean": -4.523705350028144,
    "best_pp_mean": -4.451377985212538
}