{
    "best_epoch": 28,
    "best_val_performance": -0.35250464757283506,
    "val_performance_metric": "diff",
    "train_loss": 6.120218276977539,
    "initial_do_mean": -6.549746550935687,
    "final_do_mean": -5.524919096628825,
    "best_do_mean": -5.695500155651208,
    "initial_pp_mean": -5.903770918316312,
    "final_pp_mean": -4.8676964282989506,
    "best_pp_mean": -5.105722901556227
}