{
    "best_epoch": 30,
    "best_val_performance": -0.027423610687256073,
    "val_performance_metric": "diff",
    "train_loss": 2.5757551193237305,
    "initial_pref_do": 0.17857142857142858,
    "final_pref_do": 0.23285714285714285,
    "best_pref_do": 0.23142857142857143
}