{
    "best_epoch": 20,
    "best_val_performance": -0.13756776809692361,
    "val_performance_metric": "diff",
    "train_loss": 2.5135579109191895,
    "initial_pref_do": 0.15857142857142856,
    "final_pref_do": 0.11857142857142858,
    "best_pref_do": 0.07714285714285714
}