{
    "best_epoch": 70,
    "best_val_performance": -0.27008619308471626,
    "val_performance_metric": "diff",
    "train_loss": 4.150791168212891,
    "initial_do_mean": -6.633962498289166,
    "final_do_mean": -5.911640493797534,
    "best_do_mean": -5.911640493797534,
    "initial_pp_mean": -5.783480962117513,
    "final_pp_mean": -5.1668205181757605,
    "best_pp_mean": -5.1668205181757605
}