{
    "best_epoch": 70,
    "best_val_performance": 3.3437901528676353,
    "val_performance_metric": "diff",
    "train_loss": 1.0987955331802368,
    "initial_dative_mean": -7.34296070623119,
    "final_dative_mean": -6.019337855758723,
    "best_dative_mean": -6.019337855758723
}