{
    "best_epoch": 70,
    "best_val_performance": -0.33888357639312794,
    "val_performance_metric": "diff",
    "train_loss": 3.9309327602386475,
    "initial_pref_do": 0.14714285714285713,
    "final_pref_do": 0.18142857142857144,
    "best_pref_do": 0.18142857142857144
}