{
    "best_epoch": 35,
    "best_val_performance": 2.1462003421783447,
    "val_performance_metric": "diff",
    "train_loss": 2.4431793689727783,
    "initial_dative_mean": -7.611655996905433,
    "final_dative_mean": -8.67484375363902,
    "best_dative_mean": -6.994816783053136
}