{
    "best_epoch": 29,
    "best_val_performance": 0.5043652979532878,
    "val_performance_metric": "diff",
    "train_loss": 3.0268361568450928,
    "initial_do_mean": -7.95855773465578,
    "final_do_mean": -5.669557361408722,
    "best_do_mean": -5.288058475352997,
    "initial_pp_mean": -7.5318101279875815,
    "final_pp_mean": -5.33168266415596,
    "best_pp_mean": -4.869269874516656
}