{
    "best_epoch": 25,
    "best_val_performance": 0.0731010580062863,
    "val_performance_metric": "diff",
    "train_loss": 2.359401226043701,
    "initial_do_mean": -7.839633793331856,
    "final_do_mean": -5.7265511428894,
    "best_do_mean": -5.446692493765853,
    "initial_pp_mean": -7.374864142081317,
    "final_pp_mean": -4.885712269474478,
    "best_pp_mean": -4.68432479150155
}