{
    "best_epoch": 68,
    "best_val_performance": -0.4202386109034215,
    "val_performance_metric": "diff",
    "train_loss": 1.7362141609191895,
    "initial_do_mean": -6.742949468439275,
    "final_do_mean": -5.4655458016829055,
    "best_do_mean": -5.457004957488089,
    "initial_pp_mean": -6.124310270945231,
    "final_pp_mean": -4.932051459948222,
    "best_pp_mean": -4.920655671755473
}