{
    "best_epoch": 53,
    "best_val_performance": 0.6141554371515916,
    "val_performance_metric": "diff",
    "train_loss": 2.3805320262908936,
    "initial_do_mean": -6.634762937372381,
    "final_do_mean": -4.531008489204176,
    "best_do_mean": -4.399525009502064,
    "initial_pp_mean": -5.785753666030036,
    "final_pp_mean": -3.9881053315268624,
    "best_pp_mean": -3.976574460665385
}