{
    "best_epoch": 69,
    "best_val_performance": -0.10093445460001593,
    "val_performance_metric": "diff",
    "train_loss": 2.4095163345336914,
    "initial_do_mean": -6.631907454403964,
    "final_do_mean": -5.236997985839844,
    "best_do_mean": -5.235018975806959,
    "initial_pp_mean": -5.782751279407077,
    "final_pp_mean": -4.492947856585185,
    "best_pp_mean": -4.491606863339742
}