{
    "best_epoch": 46,
    "best_val_performance": 2.5673168055216475,
    "val_performance_metric": "diff",
    "train_loss": 1.8087196350097656,
    "initial_pref_do": 0.18142857142857144,
    "final_pref_do": 0.09285714285714286,
    "best_pref_do": 0.11571428571428571
}