{
    "best_epoch": 70,
    "best_val_performance": 1.6925763098398843,
    "val_performance_metric": "diff",
    "train_loss": 0.8382730484008789,
    "initial_pref_do": 0.15857142857142856,
    "final_pref_do": 0.34714285714285714,
    "best_pref_do": 0.34714285714285714
}