{
    "best_epoch": 70,
    "best_val_performance": 4.295270007451375,
    "val_performance_metric": "diff",
    "train_loss": 1.6349854469299316,
    "initial_do_mean": -7.837579818659051,
    "final_do_mean": -7.70765941780667,
    "best_do_mean": -7.70765941780667,
    "initial_pp_mean": -7.373455743228688,
    "final_pp_mean": -5.6244956037577465,
    "best_pp_mean": -5.6244956037577465
}