{
    "best_epoch": 65,
    "best_val_performance": 0.1494027026494349,
    "val_performance_metric": "diff",
    "train_loss": 2.5349223613739014,
    "initial_do_mean": -7.6961781029091325,
    "final_do_mean": -5.441949131530385,
    "best_do_mean": -5.3799465866976,
    "initial_pp_mean": -7.297402063538047,
    "final_pp_mean": -5.252746060665916,
    "best_pp_mean": -5.189103164742975
}