{
    "best_epoch": 40,
    "best_val_performance": 0.15090194702148452,
    "val_performance_metric": "diff",
    "train_loss": 4.463031768798828,
    "initial_dative_mean": -7.258096773024888,
    "final_dative_mean": -5.911914949528655,
    "best_dative_mean": -6.22582402250223
}