{
    "best_epoch": 70,
    "best_val_performance": -0.7081930669148759,
    "val_performance_metric": "diff",
    "train_loss": 6.3434062004089355,
    "initial_pref_do": 0.18,
    "final_pref_do": 0.18142857142857144,
    "best_pref_do": 0.18142857142857144
}