{
    "best_epoch": 60,
    "best_val_performance": 3.6355909570058182,
    "val_performance_metric": "diff",
    "train_loss": 1.5630455017089844,
    "initial_do_mean": -6.6550322590452256,
    "final_do_mean": -7.19384057449572,
    "best_do_mean": -7.059590663331928,
    "initial_pp_mean": -5.913966941833496,
    "final_pp_mean": -6.230846269925435,
    "best_pp_mean": -6.1576435274548
}