{
    "best_epoch": 43,
    "best_val_performance": 5.3605743598938,
    "val_performance_metric": "diff",
    "train_loss": 1.887218713760376,
    "initial_do_mean": -6.553996776812005,
    "final_do_mean": -7.116680759372133,
    "best_do_mean": -5.882048125700517,
    "initial_pp_mean": -5.758859533733792,
    "final_pp_mean": -5.581024387147692,
    "best_pp_mean": -4.787244235144721
}