{
    "best_epoch": 17,
    "best_val_performance": 0.06283705552419061,
    "val_performance_metric": "diff",
    "train_loss": 3.061295986175537,
    "initial_do_mean": -7.6895233122415325,
    "final_do_mean": -5.980782890735671,
    "best_do_mean": -5.448509295319402,
    "initial_pp_mean": -7.254566395282746,
    "final_pp_mean": -5.391468437629587,
    "best_pp_mean": -5.229148368975696
}