{
    "best_epoch": 70,
    "best_val_performance": 0.11796999772389682,
    "val_performance_metric": "diff",
    "train_loss": 1.1695971488952637,
    "initial_dative_mean": -7.343715287788569,
    "final_dative_mean": -5.436134904623032,
    "best_dative_mean": -5.436134904623032
}