{
    "best_epoch": 70,
    "best_val_performance": -0.5845991039276122,
    "val_performance_metric": "diff",
    "train_loss": 6.553669452667236,
    "initial_pref_do": 0.09714285714285714,
    "final_pref_do": 0.1,
    "best_pref_do": 0.1
}