{
    "best_epoch": 45,
    "best_val_performance": 1.9250845591227215,
    "val_performance_metric": "diff",
    "train_loss": 2.2580246925354004,
    "initial_do_mean": -6.7642606605183,
    "final_do_mean": -6.1081183303486215,
    "best_do_mean": -5.46024522781372,
    "initial_pp_mean": -6.097100567817688,
    "final_pp_mean": -4.923031817542182,
    "best_pp_mean": -4.494214823510911
}