{
    "best_epoch": 43,
    "best_val_performance": 1.4477083539962772,
    "val_performance_metric": "diff",
    "train_loss": 2.4647774696350098,
    "initial_pref_do": 0.15714285714285714,
    "final_pref_do": 0.14714285714285713,
    "best_pref_do": 0.06571428571428571
}