{
    "best_epoch": 47,
    "best_val_performance": 0.17211216767629,
    "val_performance_metric": "diff",
    "train_loss": 1.9464761018753052,
    "initial_do_mean": -6.638629833857219,
    "final_do_mean": -4.7606839873574,
    "best_do_mean": -4.7360080935738305,
    "initial_pp_mean": -5.790181737475925,
    "final_pp_mean": -4.4140447484122385,
    "best_pp_mean": -4.3918449852201675
}