{
    "best_epoch": 40,
    "best_val_performance": 4.291414502461752,
    "val_performance_metric": "diff",
    "train_loss": 1.7313063144683838,
    "initial_do_mean": -6.55735811031226,
    "final_do_mean": -9.984252081495343,
    "best_do_mean": -8.630215102976019,
    "initial_pp_mean": -5.761719965934754,
    "final_pp_mean": -9.427013079325357,
    "best_pp_mean": -7.52699077129364
}