{
    "best_epoch": 70,
    "best_val_performance": -0.24434169133504202,
    "val_performance_metric": "diff",
    "train_loss": 6.315967082977295,
    "initial_dative_mean": -7.463726877817634,
    "final_dative_mean": -6.974285824954161,
    "best_dative_mean": -6.974285824954161
}