{
    "best_epoch": 70,
    "best_val_performance": 0.2042286221186318,
    "val_performance_metric": "diff",
    "train_loss": 1.7366315126419067,
    "initial_pref_do": 0.18142857142857144,
    "final_pref_do": 0.1657142857142857,
    "best_pref_do": 0.1657142857142857
}