{
    "best_epoch": 34,
    "best_val_performance": 1.6758532587687176,
    "val_performance_metric": "diff",
    "train_loss": 1.7312992811203003,
    "initial_do_mean": -7.698110832724461,
    "final_do_mean": -5.834258470077847,
    "best_do_mean": -5.711855523114981,
    "initial_pp_mean": -7.29874756195966,
    "final_pp_mean": -5.524837338924408,
    "best_pp_mean": -5.381233566298205
}