{
    "best_epoch": 52,
    "best_val_performance": 1.9745389525095627,
    "val_performance_metric": "diff",
    "train_loss": 2.7619073390960693,
    "initial_do_mean": -7.838648245778194,
    "final_do_mean": -6.308252037957657,
    "best_do_mean": -6.22734745054744,
    "initial_pp_mean": -7.3740276533014635,
    "final_pp_mean": -5.4328846054918625,
    "best_pp_mean": -5.423855769984862
}