{
    "best_epoch": 70,
    "best_val_performance": 0.48836280028025314,
    "val_performance_metric": "diff",
    "train_loss": 1.8652135133743286,
    "initial_do_mean": -6.558435068708477,
    "final_do_mean": -5.134934400789666,
    "best_do_mean": -5.134934400789666,
    "initial_pp_mean": -5.764196319050259,
    "final_pp_mean": -4.781071615219116,
    "best_pp_mean": -4.781071615219116
}