{
    "best_epoch": 26,
    "best_val_performance": 0.10320489883422823,
    "val_performance_metric": "diff",
    "train_loss": 2.4519762992858887,
    "initial_pref_do": 0.07714285714285714,
    "final_pref_do": 0.3271428571428571,
    "best_pref_do": 0.25285714285714284
}