{
    "best_epoch": 70,
    "best_val_performance": -0.5527084811528518,
    "val_performance_metric": "diff",
    "train_loss": 6.984132766723633,
    "initial_pref_do": 0.1357142857142857,
    "final_pref_do": 0.11428571428571428,
    "best_pref_do": 0.11428571428571428
}