{
    "best_epoch": 49,
    "best_val_performance": 2.3780170122782396,
    "val_performance_metric": "diff",
    "train_loss": 1.6491115093231201,
    "initial_do_mean": -6.418854623852354,
    "final_do_mean": -5.114430548928,
    "best_do_mean": -4.825588883775653,
    "initial_pp_mean": -5.742381819089254,
    "final_pp_mean": -5.572690913412306,
    "best_pp_mean": -5.405668616294861
}