{
    "best_epoch": 24,
    "best_val_performance": 0.2811648114522294,
    "val_performance_metric": "diff",
    "train_loss": 2.143770694732666,
    "initial_pref_do": 0.09714285714285714,
    "final_pref_do": 0.05285714285714286,
    "best_pref_do": 0.08142857142857143
}