{
    "best_epoch": 29,
    "best_val_performance": 0.0002289851506551699,
    "val_performance_metric": "diff",
    "train_loss": 2.247769594192505,
    "initial_dative_mean": -7.3151619957204455,
    "final_dative_mean": -4.796882435156588,
    "best_dative_mean": -4.700185738721786
}