{
    "best_epoch": 1,
    "best_val_performance": -0.7866689475377395,
    "val_performance_metric": "diff",
    "train_loss": 8.9420804977417,
    "initial_dative_mean": -7.575100994946664,
    "final_dative_mean": -7.447296675882842,
    "best_dative_mean": -7.573082845113431
}