{
    "best_epoch": 19,
    "best_val_performance": 0.4133715995152789,
    "val_performance_metric": "diff",
    "train_loss": 3.499321699142456,
    "initial_do_mean": -6.5330754814725935,
    "final_do_mean": -4.979766139117154,
    "best_do_mean": -4.294140406810876,
    "initial_pp_mean": -5.899485317866008,
    "final_pp_mean": -4.632670251528422,
    "best_pp_mean": -3.850318442450629
}