{
    "best_epoch": 57,
    "best_val_performance": -0.02800729751586939,
    "val_performance_metric": "diff",
    "train_loss": 1.86336088180542,
    "initial_dative_mean": -7.467203169189698,
    "final_dative_mean": -5.643800317892555,
    "best_dative_mean": -5.596397550656781
}