{
    "best_epoch": 43,
    "best_val_performance": 1.7757154862085986,
    "val_performance_metric": "diff",
    "train_loss": 0.9517818689346313,
    "initial_do_mean": -6.6680474931543525,
    "final_do_mean": -5.096950327266346,
    "best_do_mean": -4.677020884282661,
    "initial_pp_mean": -5.821467834048801,
    "final_pp_mean": -4.575104892253876,
    "best_pp_mean": -4.217838650279575
}