{
    "best_epoch": 70,
    "best_val_performance": -0.06680878639221177,
    "val_performance_metric": "diff",
    "train_loss": 3.194403648376465,
    "initial_do_mean": -6.5317767779032385,
    "final_do_mean": -5.172566715876261,
    "best_do_mean": -5.172566715876261,
    "initial_pp_mean": -5.896495519744025,
    "final_pp_mean": -4.629646764861213,
    "best_pp_mean": -4.629646764861213
}