{
    "best_epoch": 66,
    "best_val_performance": 4.634097698529562,
    "val_performance_metric": "diff",
    "train_loss": 1.7302014827728271,
    "initial_pref_do": 0.07714285714285714,
    "final_pref_do": 0.04857142857142857,
    "best_pref_do": 0.04428571428571428
}