{
    "best_epoch": 63,
    "best_val_performance": -0.161859200795492,
    "val_performance_metric": "diff",
    "train_loss": 2.3548855781555176,
    "initial_do_mean": -6.668368816375732,
    "final_do_mean": -4.894450365413319,
    "best_do_mean": -4.86328637527697,
    "initial_pp_mean": -5.8200816525353325,
    "final_pp_mean": -4.597363760736253,
    "best_pp_mean": -4.5869114345974396
}