{
    "best_epoch": 70,
    "best_val_performance": -0.22637798309326218,
    "val_performance_metric": "diff",
    "train_loss": 3.7599782943725586,
    "initial_pref_do": 0.14714285714285713,
    "final_pref_do": 0.31142857142857144,
    "best_pref_do": 0.31142857142857144
}