{
    "best_epoch": 70,
    "best_val_performance": 0.09095742861429823,
    "val_performance_metric": "diff",
    "train_loss": 1.6709020137786865,
    "initial_do_mean": -7.7007938068966535,
    "final_do_mean": -5.597325478182283,
    "best_do_mean": -5.597325478182283,
    "initial_pp_mean": -7.167190656241249,
    "final_pp_mean": -4.728238869765225,
    "best_pp_mean": -4.728238869765225
}