{
    "best_epoch": 44,
    "best_val_performance": -0.22451332728067985,
    "val_performance_metric": "diff",
    "train_loss": 3.552264451980591,
    "initial_do_mean": -7.6946225942567334,
    "final_do_mean": -6.223455890320068,
    "best_do_mean": -6.589397562104602,
    "initial_pp_mean": -7.258764888258542,
    "final_pp_mean": -5.360964630631839,
    "best_pp_mean": -5.754697954654693
}