{
    "best_epoch": 39,
    "best_val_performance": 0.10015700499216695,
    "val_performance_metric": "diff",
    "train_loss": 2.342233896255493,
    "initial_pref_do": 0.14714285714285713,
    "final_pref_do": 0.06428571428571428,
    "best_pref_do": 0.07285714285714286
}