{
    "best_epoch": 70,
    "best_val_performance": -0.6003408956527716,
    "val_performance_metric": "diff",
    "train_loss": 5.863624095916748,
    "initial_dative_mean": -7.1955258515146046,
    "final_dative_mean": -6.874762918168341,
    "best_dative_mean": -6.874762918168341
}