{
    "best_epoch": 69,
    "best_val_performance": 0.8104036569595339,
    "val_performance_metric": "diff",
    "train_loss": 0.8344710469245911,
    "initial_do_mean": -6.4203026843793465,
    "final_do_mean": -5.202898645401001,
    "best_do_mean": -5.1880114699855,
    "initial_pp_mean": -5.745485234260559,
    "final_pp_mean": -4.478684849209255,
    "best_pp_mean": -4.465350834528605
}