{
    "best_epoch": 70,
    "best_val_performance": -0.09561491807301792,
    "val_performance_metric": "diff",
    "train_loss": 3.4406652450561523,
    "initial_pref_do": 0.18285714285714286,
    "final_pref_do": 0.07428571428571429,
    "best_pref_do": 0.07428571428571429
}