{
    "best_epoch": 31,
    "best_val_performance": 1.4068516778945925,
    "val_performance_metric": "diff",
    "train_loss": 2.2486445903778076,
    "initial_do_mean": -7.839865258959836,
    "final_do_mean": -8.436905202824017,
    "best_do_mean": -6.614029139280319,
    "initial_pp_mean": -7.372933617058922,
    "final_pp_mean": -7.304135413730846,
    "best_pp_mean": -5.367935166288825
}