{
    "best_epoch": 60,
    "best_val_performance": 3.4274908002217597,
    "val_performance_metric": "diff",
    "train_loss": 1.442895531654358,
    "initial_pref_do": 0.13714285714285715,
    "final_pref_do": 0.08285714285714285,
    "best_pref_do": 0.06142857142857143
}