{
    "best_epoch": 70,
    "best_val_performance": -0.06839330514272035,
    "val_performance_metric": "diff",
    "train_loss": 3.2536323070526123,
    "initial_do_mean": -6.765512428861676,
    "final_do_mean": -5.341041884277806,
    "best_do_mean": -5.341041884277806,
    "initial_pp_mean": -6.098457145690918,
    "final_pp_mean": -4.534099112616645,
    "best_pp_mean": -4.534099112616645
}