{
    "best_epoch": 46,
    "best_val_performance": 0.8161454852422079,
    "val_performance_metric": "diff",
    "train_loss": 2.107131242752075,
    "initial_pref_do": 0.15714285714285714,
    "final_pref_do": 0.11142857142857143,
    "best_pref_do": 0.10142857142857142
}