{
    "best_epoch": 70,
    "best_val_performance": 5.601845574378967,
    "val_performance_metric": "diff",
    "train_loss": 2.196255922317505,
    "initial_do_mean": -7.839185276696848,
    "final_do_mean": -5.877643908179084,
    "best_do_mean": -5.877643908179084,
    "initial_pp_mean": -7.3758125452434316,
    "final_pp_mean": -5.196780856917886,
    "best_pp_mean": -5.196780856917886
}