{
    "best_epoch": 14,
    "best_val_performance": 0.009251044591268354,
    "val_performance_metric": "diff",
    "train_loss": 3.796314239501953,
    "initial_dative_mean": -7.318415073623434,
    "final_dative_mean": -5.750506890970364,
    "best_dative_mean": -5.078465304353781
}