{
    "best_epoch": 70,
    "best_val_performance": 1.2334762827555341,
    "val_performance_metric": "diff",
    "train_loss": 1.5316766500473022,
    "initial_do_mean": -6.761269693663626,
    "final_do_mean": -8.725774825703015,
    "best_do_mean": -8.725774825703015,
    "initial_pp_mean": -6.094234569867452,
    "final_pp_mean": -7.311911095513238,
    "best_pp_mean": -7.311911095513238
}