{
    "best_epoch": 34,
    "best_val_performance": 0.09619872252146422,
    "val_performance_metric": "diff",
    "train_loss": 2.4839134216308594,
    "initial_pref_do": 0.09857142857142857,
    "final_pref_do": 0.10857142857142857,
    "best_pref_do": 0.11
}