{
    "best_epoch": 9,
    "best_val_performance": 0.34893893241882257,
    "val_performance_metric": "diff",
    "train_loss": 2.2984907627105713,
    "initial_pref_do": 0.16,
    "final_pref_do": 0.2257142857142857,
    "best_pref_do": 0.10142857142857142
}