{
    "best_epoch": 16,
    "best_val_performance": 0.10636787732442254,
    "val_performance_metric": "diff",
    "train_loss": 2.6629679203033447,
    "initial_do_mean": -7.670598688513734,
    "final_do_mean": -6.989605081289313,
    "best_do_mean": -6.050091902183932,
    "initial_pp_mean": -7.070604630077587,
    "final_pp_mean": -6.460693080986247,
    "best_pp_mean": -5.636240763173384
}