{
    "best_epoch": 37,
    "best_val_performance": 1.5878585163752232,
    "val_performance_metric": "diff",
    "train_loss": 1.8469191789627075,
    "initial_do_mean": -7.601676640815513,
    "final_do_mean": -6.414751119738401,
    "best_do_mean": -6.326713102848031,
    "initial_pp_mean": -7.156550731378443,
    "final_pp_mean": -5.685123921843136,
    "best_pp_mean": -5.358369018751032
}