{
    "best_epoch": 70,
    "best_val_performance": 1.6000726032257084,
    "val_performance_metric": "diff",
    "train_loss": 2.2935736179351807,
    "initial_do_mean": -6.670928512920033,
    "final_do_mean": -5.201706623308587,
    "best_do_mean": -5.201706623308587,
    "initial_pp_mean": -5.823017562760247,
    "final_pp_mean": -5.007178089353773,
    "best_pp_mean": -5.007178089353773
}