{
    "best_epoch": 26,
    "best_val_performance": 0.2405091206232708,
    "val_performance_metric": "diff",
    "train_loss": 2.0511722564697266,
    "initial_do_mean": -6.6375659639185125,
    "final_do_mean": -5.0430846922325365,
    "best_do_mean": -4.3381724372054595,
    "initial_pp_mean": -5.787772101826138,
    "final_pp_mean": -4.530768712361653,
    "best_pp_mean": -3.8968663043446012
}