{
    "best_epoch": 70,
    "best_val_performance": 3.319013587633769,
    "val_performance_metric": "diff",
    "train_loss": 1.5953999757766724,
    "initial_do_mean": -6.549822920018976,
    "final_do_mean": -6.10919025739034,
    "best_do_mean": -6.10919025739034,
    "initial_pp_mean": -5.90342046684689,
    "final_pp_mean": -5.58909371693929,
    "best_pp_mean": -5.58909371693929
}