{
    "best_epoch": 55,
    "best_val_performance": 0.6071838537851972,
    "val_performance_metric": "diff",
    "train_loss": 2.7545835971832275,
    "initial_do_mean": -6.5591012275580205,
    "final_do_mean": -5.170933716224901,
    "best_do_mean": -5.040294317765669,
    "initial_pp_mean": -5.762617439693875,
    "final_pp_mean": -4.7454313251707285,
    "best_pp_mean": -4.609912816683451
}