{
    "best_epoch": 23,
    "best_val_performance": 0.13851978778839058,
    "val_performance_metric": "diff",
    "train_loss": 3.067995548248291,
    "initial_pref_do": 0.1457142857142857,
    "final_pref_do": 0.37,
    "best_pref_do": 0.17
}