{
    "best_epoch": 70,
    "best_val_performance": -0.3522341473897299,
    "val_performance_metric": "diff",
    "train_loss": 4.113631248474121,
    "initial_dative_mean": -7.19821547311649,
    "final_dative_mean": -5.418854668300751,
    "best_dative_mean": -5.418854668300751
}