{
    "best_epoch": 70,
    "best_val_performance": -0.10408984978993718,
    "val_performance_metric": "diff",
    "train_loss": 3.8960416316986084,
    "initial_do_mean": -7.9603909753089725,
    "final_do_mean": -5.869909452837567,
    "best_do_mean": -5.869909452837567,
    "initial_pp_mean": -7.534852433204651,
    "final_pp_mean": -5.363617614788168,
    "best_pp_mean": -5.363617614788168
}