{
    "best_epoch": 70,
    "best_val_performance": -0.16838641484578432,
    "val_performance_metric": "diff",
    "train_loss": 1.94400155544281,
    "initial_pref_do": 0.08285714285714285,
    "final_pref_do": 0.08,
    "best_pref_do": 0.08
}