{
    "best_epoch": 36,
    "best_val_performance": 0.04291931152343764,
    "val_performance_metric": "diff",
    "train_loss": 1.7222471237182617,
    "initial_do_mean": -7.68601487958154,
    "final_do_mean": -5.70150084204452,
    "best_do_mean": -5.501798696296159,
    "initial_pp_mean": -7.17323738897548,
    "final_pp_mean": -5.1835222815766056,
    "best_pp_mean": -4.935456076790305
}