{
    "best_epoch": 33,
    "best_val_performance": 3.23010384718577,
    "val_performance_metric": "diff",
    "train_loss": 1.3512481451034546,
    "initial_do_mean": -6.530702615506721,
    "final_do_mean": -6.0955691568779224,
    "best_do_mean": -5.8850685235225795,
    "initial_pp_mean": -5.89829621579912,
    "final_pp_mean": -5.330841125382317,
    "best_pp_mean": -5.279456869761149
}