{
    "best_epoch": 70,
    "best_val_performance": -0.4054846572875981,
    "val_performance_metric": "diff",
    "train_loss": 4.271780014038086,
    "initial_do_mean": -7.690162668394488,
    "final_do_mean": -6.4633135254992995,
    "best_do_mean": -6.4633135254992995,
    "initial_pp_mean": -7.176744674233829,
    "final_pp_mean": -5.743667554504731,
    "best_pp_mean": -5.743667554504731
}