{
    "best_epoch": 70,
    "best_val_performance": -0.16282349268595375,
    "val_performance_metric": "diff",
    "train_loss": 1.9440195560455322,
    "initial_do_mean": -7.960914308941642,
    "final_do_mean": -5.505824928020322,
    "best_do_mean": -5.505824928020322,
    "initial_pp_mean": -7.575094818367678,
    "final_pp_mean": -4.638284811903449,
    "best_pp_mean": -4.638284811903449
}