{
    "best_epoch": 31,
    "best_val_performance": 0.11973708629608204,
    "val_performance_metric": "diff",
    "train_loss": 2.5180883407592773,
    "initial_do_mean": -6.765187910831336,
    "final_do_mean": -4.915766087445346,
    "best_do_mean": -4.692921907251532,
    "initial_pp_mean": -6.099283838272095,
    "final_pp_mean": -4.2688236580954655,
    "best_pp_mean": -4.112670519616869
}