{
    "best_epoch": 26,
    "best_val_performance": 0.1816571029027303,
    "val_performance_metric": "diff",
    "train_loss": 4.458768367767334,
    "initial_do_mean": -6.638369946046309,
    "final_do_mean": -4.907468070405902,
    "best_do_mean": -4.51224254694852,
    "initial_pp_mean": -5.789810294575162,
    "final_pp_mean": -4.156780589951409,
    "best_pp_mean": -3.9700526184505884
}