{
    "best_epoch": 66,
    "best_val_performance": 1.8480882787704465,
    "val_performance_metric": "diff",
    "train_loss": 1.4618679285049438,
    "initial_pref_do": 0.08428571428571428,
    "final_pref_do": 0.07714285714285714,
    "best_pref_do": 0.07714285714285714
}