{
    "best_epoch": 48,
    "best_val_performance": 3.829718427658081,
    "val_performance_metric": "diff",
    "train_loss": 2.069993257522583,
    "initial_dative_mean": -7.196779081347393,
    "final_dative_mean": -6.5935206659007495,
    "best_dative_mean": -6.7632445215481765
}