{
    "best_epoch": 70,
    "best_val_performance": 0.6051583464940382,
    "val_performance_metric": "diff",
    "train_loss": 2.079848289489746,
    "initial_do_mean": -7.687822357859722,
    "final_do_mean": -5.80162952909636,
    "best_do_mean": -5.80162952909636,
    "initial_pp_mean": -7.1734729212873125,
    "final_pp_mean": -5.5542648676563715,
    "best_pp_mean": -5.5542648676563715
}