{
    "best_epoch": 26,
    "best_val_performance": -0.06498839855194039,
    "val_performance_metric": "diff",
    "train_loss": 2.4937796592712402,
    "initial_do_mean": -6.661124992370605,
    "final_do_mean": -5.335113197384459,
    "best_do_mean": -4.467310824538722,
    "initial_pp_mean": -5.9189407534069485,
    "final_pp_mean": -4.476292549239265,
    "best_pp_mean": -3.830616898006863
}