{
    "best_epoch": 24,
    "best_val_performance": 1.6380334377288817,
    "val_performance_metric": "diff",
    "train_loss": 2.4638590812683105,
    "initial_do_mean": -6.635178477836377,
    "final_do_mean": -5.317071523088398,
    "best_do_mean": -4.185234988819469,
    "initial_pp_mean": -5.784623707665338,
    "final_pp_mean": -4.316143106089698,
    "best_pp_mean": -3.586923983361986
}