{
    "best_epoch": 54,
    "best_val_performance": -0.006325437227884478,
    "val_performance_metric": "diff",
    "train_loss": 2.8159019947052,
    "initial_do_mean": -7.600151237360267,
    "final_do_mean": -5.675034492514854,
    "best_do_mean": -5.656239295075106,
    "initial_pp_mean": -7.155244458422941,
    "final_pp_mean": -5.503568269925959,
    "best_pp_mean": -5.5397530576762035
}