{
    "best_epoch": 22,
    "best_val_performance": 0.03009108702341745,
    "val_performance_metric": "diff",
    "train_loss": 2.9924919605255127,
    "initial_dative_mean": -7.313486830184334,
    "final_dative_mean": -5.143262286806665,
    "best_dative_mean": -5.051181042229223
}