{
    "best_epoch": 35,
    "best_val_performance": 0.10864779313405393,
    "val_performance_metric": "diff",
    "train_loss": 1.2290698289871216,
    "initial_pref_do": 0.1457142857142857,
    "final_pref_do": 0.018571428571428572,
    "best_pref_do": 0.03
}