{
    "best_epoch": 70,
    "best_val_performance": 1.2128324286142984,
    "val_performance_metric": "diff",
    "train_loss": 2.1490442752838135,
    "initial_dative_mean": -7.610349291946456,
    "final_dative_mean": -9.336576086910148,
    "best_dative_mean": -9.336576086910148
}