{
    "best_epoch": 67,
    "best_val_performance": 0.27116227626800615,
    "val_performance_metric": "diff",
    "train_loss": 1.150598406791687,
    "initial_dative_mean": -7.318363825131578,
    "final_dative_mean": -5.394150555482384,
    "best_dative_mean": -5.3997688537452655
}