{
    "best_epoch": 70,
    "best_val_performance": -0.1936870590845743,
    "val_performance_metric": "diff",
    "train_loss": 1.5279552936553955,
    "initial_dative_mean": -7.318881395267464,
    "final_dative_mean": -5.525888220608583,
    "best_dative_mean": -5.525888220608583
}