{
    "best_epoch": 32,
    "best_val_performance": 0.06478220621744768,
    "val_performance_metric": "diff",
    "train_loss": 2.943699598312378,
    "initial_do_mean": -7.836396551409433,
    "final_do_mean": -5.526878867731538,
    "best_do_mean": -5.323031328445257,
    "initial_pp_mean": -7.372108134101419,
    "final_pp_mean": -5.24659189581871,
    "best_pp_mean": -5.131946163668352
}