{
    "best_epoch": 70,
    "best_val_performance": -0.15074491024017345,
    "val_performance_metric": "diff",
    "train_loss": 1.80987548828125,
    "initial_pref_do": 0.17714285714285713,
    "final_pref_do": 0.2357142857142857,
    "best_pref_do": 0.2357142857142857
}