{
    "best_epoch": 28,
    "best_val_performance": -0.11067215919494622,
    "val_performance_metric": "diff",
    "train_loss": 2.12900710105896,
    "initial_do_mean": -7.693583554306696,
    "final_do_mean": -8.8819332968357,
    "best_do_mean": -6.9832422501126,
    "initial_pp_mean": -7.179912463356467,
    "final_pp_mean": -7.680329923770007,
    "best_pp_mean": -6.372673793750651
}