{
    "best_epoch": 47,
    "best_val_performance": 0.08271644910176601,
    "val_performance_metric": "diff",
    "train_loss": 2.5624568462371826,
    "initial_do_mean": -7.600240921558336,
    "final_do_mean": -6.042869531831076,
    "best_do_mean": -5.934044093933216,
    "initial_pp_mean": -7.155329321412479,
    "final_pp_mean": -5.364645448151757,
    "best_pp_mean": -5.3263993319343115
}