{
    "best_epoch": 70,
    "best_val_performance": -0.2048431793848673,
    "val_performance_metric": "diff",
    "train_loss": 4.151508331298828,
    "initial_dative_mean": -7.574735261543452,
    "final_dative_mean": -5.770315356944737,
    "best_dative_mean": -5.770315356944737
}