{
    "best_epoch": 26,
    "best_val_performance": -0.04348668416341095,
    "val_performance_metric": "diff",
    "train_loss": 1.9391199350357056,
    "initial_pref_do": 0.13714285714285715,
    "final_pref_do": 0.09714285714285714,
    "best_pref_do": 0.15428571428571428
}