{
    "best_epoch": 68,
    "best_val_performance": 2.1305602312088006,
    "val_performance_metric": "diff",
    "train_loss": 2.121351957321167,
    "initial_do_mean": -7.690444371034933,
    "final_do_mean": -9.101306473792986,
    "best_do_mean": -9.04264554242755,
    "initial_pp_mean": -7.254011167498196,
    "final_pp_mean": -8.455079271512872,
    "best_pp_mean": -8.401761068316066
}