{
    "best_epoch": 31,
    "best_val_performance": 1.1505553658803302,
    "val_performance_metric": "diff",
    "train_loss": 2.043203592300415,
    "initial_do_mean": -6.534362063263401,
    "final_do_mean": -5.379519948092374,
    "best_do_mean": -5.359320646343809,
    "initial_pp_mean": -5.899288013246324,
    "final_pp_mean": -4.8292462242974175,
    "best_pp_mean": -4.620849479569329
}