{
    "best_epoch": 61,
    "best_val_performance": 1.0066903400421143,
    "val_performance_metric": "diff",
    "train_loss": 2.1958365440368652,
    "initial_do_mean": -6.769030565204043,
    "final_do_mean": -6.553577801675507,
    "best_do_mean": -6.652508654738917,
    "initial_pp_mean": -6.101006982061598,
    "final_pp_mean": -6.3297019322713215,
    "best_pp_mean": -6.217356599701775
}