{
    "best_epoch": 53,
    "best_val_performance": 4.576777860323588,
    "val_performance_metric": "diff",
    "train_loss": 2.0140974521636963,
    "initial_do_mean": -6.508373296622074,
    "final_do_mean": -7.134291352647724,
    "best_do_mean": -6.087430412119085,
    "initial_pp_mean": -5.876580879423353,
    "final_pp_mean": -7.0076164510515,
    "best_pp_mean": -5.8833876185947
}