{
    "best_epoch": 66,
    "best_val_performance": 1.5108908096949252,
    "val_performance_metric": "diff",
    "train_loss": 1.723013997077942,
    "initial_pref_do": 0.09857142857142857,
    "final_pref_do": 0.2757142857142857,
    "best_pref_do": 0.27714285714285714
}