{
    "best_epoch": 66,
    "best_val_performance": -0.35576115290323873,
    "val_performance_metric": "diff",
    "train_loss": 4.728745460510254,
    "initial_do_mean": -7.69541455978571,
    "final_do_mean": -6.017206053747687,
    "best_do_mean": -6.069592983916748,
    "initial_pp_mean": -7.297108669140759,
    "final_pp_mean": -5.78346660417669,
    "best_pp_mean": -5.8321068314944995
}