{
    "best_epoch": 11,
    "best_val_performance": 0.44557240168253553,
    "val_performance_metric": "diff",
    "train_loss": 2.125439405441284,
    "initial_do_mean": -7.686598799256391,
    "final_do_mean": -6.027447538666947,
    "best_do_mean": -5.313294702491095,
    "initial_pp_mean": -7.172985838441288,
    "final_pp_mean": -4.754078221321106,
    "best_pp_mean": -4.197666554591235
}