{
    "best_epoch": 70,
    "best_val_performance": 1.6154411840438838,
    "val_performance_metric": "diff",
    "train_loss": 2.261420249938965,
    "initial_dative_mean": -7.609959715291073,
    "final_dative_mean": -5.603527911748105,
    "best_dative_mean": -5.603527911748105
}