{
    "best_epoch": 40,
    "best_val_performance": 0.31001864115397115,
    "val_performance_metric": "diff",
    "train_loss": 1.9302124977111816,
    "initial_do_mean": -7.687315549961356,
    "final_do_mean": -5.204576470477637,
    "best_do_mean": -5.185332660065141,
    "initial_pp_mean": -7.1733814197428085,
    "final_pp_mean": -4.889484229508568,
    "best_pp_mean": -4.857076543218949
}