{
    "best_epoch": 29,
    "best_val_performance": 0.6692149066925053,
    "val_performance_metric": "diff",
    "train_loss": 1.885649561882019,
    "initial_do_mean": -7.697793554428012,
    "final_do_mean": -6.68965026840221,
    "best_do_mean": -5.758657075637995,
    "initial_pp_mean": -7.299439718442804,
    "final_pp_mean": -6.111132435938892,
    "best_pp_mean": -5.347768208209206
}