{
    "best_epoch": 64,
    "best_val_performance": 0.04643237272898393,
    "val_performance_metric": "diff",
    "train_loss": 1.4307210445404053,
    "initial_pref_do": 0.1357142857142857,
    "final_pref_do": 0.21428571428571427,
    "best_pref_do": 0.2257142857142857
}