{
    "best_epoch": 38,
    "best_val_performance": -0.18176032066345194,
    "val_performance_metric": "diff",
    "train_loss": 4.338899612426758,
    "initial_do_mean": -7.700556728728982,
    "final_do_mean": -6.019136100314384,
    "best_do_mean": -6.402236645304879,
    "initial_pp_mean": -7.165968669162077,
    "final_pp_mean": -5.291538528133841,
    "best_pp_mean": -5.60819999260061
}