{
    "best_epoch": 70,
    "best_val_performance": -0.3276574087142947,
    "val_performance_metric": "diff",
    "train_loss": 3.490206003189087,
    "initial_pref_do": 0.1357142857142857,
    "final_pref_do": 0.28714285714285714,
    "best_pref_do": 0.28714285714285714
}