{
    "best_epoch": 54,
    "best_val_performance": 0.4133350721995033,
    "val_performance_metric": "diff",
    "train_loss": 1.8471726179122925,
    "initial_dative_mean": -7.285224672297986,
    "final_dative_mean": -5.5583219244117625,
    "best_dative_mean": -5.535620546828934
}