{
    "best_epoch": 70,
    "best_val_performance": 0.009962719281515042,
    "val_performance_metric": "diff",
    "train_loss": 4.308811664581299,
    "initial_do_mean": -7.960118710301643,
    "final_do_mean": -5.860117124610169,
    "best_do_mean": -5.860117124610169,
    "initial_pp_mean": -7.574911902231329,
    "final_pp_mean": -5.43108820459422,
    "best_pp_mean": -5.43108820459422
}