{
    "best_epoch": 70,
    "best_val_performance": 0.1163314215342206,
    "val_performance_metric": "diff",
    "train_loss": 3.31152081489563,
    "initial_do_mean": -6.74994031010252,
    "final_do_mean": -4.960279419927886,
    "best_do_mean": -4.960279419927886,
    "initial_pp_mean": -6.130283965004815,
    "final_pp_mean": -4.375805608431498,
    "best_pp_mean": -4.375805608431498
}