{
    "best_epoch": 70,
    "best_val_performance": 0.15209684848785443,
    "val_performance_metric": "diff",
    "train_loss": 2.1832821369171143,
    "initial_dative_mean": -7.343583871398056,
    "final_dative_mean": -5.774140891973039,
    "best_dative_mean": -5.774140891973039
}