{
    "best_epoch": 70,
    "best_val_performance": 0.03820431073506736,
    "val_performance_metric": "diff",
    "train_loss": 2.1847407817840576,
    "initial_do_mean": -7.633649180794871,
    "final_do_mean": -5.320712382363719,
    "best_do_mean": -5.320712382363719,
    "initial_pp_mean": -6.99067316195544,
    "final_pp_mean": -4.871609685701483,
    "best_pp_mean": -4.871609685701483
}