{
    "best_epoch": 70,
    "best_val_performance": 0.21724421183268205,
    "val_performance_metric": "diff",
    "train_loss": 1.885974645614624,
    "initial_do_mean": -7.597894306099692,
    "final_do_mean": -5.631028627586919,
    "best_do_mean": -5.631028627586919,
    "initial_pp_mean": -7.152422057179844,
    "final_pp_mean": -4.916861135819379,
    "best_pp_mean": -4.916861135819379
}