{
    "best_epoch": 70,
    "best_val_performance": 0.06992654800415021,
    "val_performance_metric": "diff",
    "train_loss": 3.4374802112579346,
    "initial_pref_do": 0.17857142857142858,
    "final_pref_do": 0.08714285714285715,
    "best_pref_do": 0.08714285714285715
}