{
    "best_epoch": 70,
    "best_val_performance": 2.9622432835896824,
    "val_performance_metric": "diff",
    "train_loss": 1.9316511154174805,
    "initial_do_mean": -6.553454513260813,
    "final_do_mean": -10.758287538181651,
    "best_do_mean": -10.758287538181651,
    "initial_pp_mean": -5.758850044674343,
    "final_pp_mean": -11.522168329026965,
    "best_pp_mean": -11.522168329026965
}