{
    "best_epoch": 16,
    "best_val_performance": -0.34933267434438076,
    "val_performance_metric": "diff",
    "train_loss": 3.5662341117858887,
    "initial_pref_do": 0.08428571428571428,
    "final_pref_do": 0.13,
    "best_pref_do": 0.13857142857142857
}