{
    "best_epoch": 70,
    "best_val_performance": -0.2999732240041091,
    "val_performance_metric": "diff",
    "train_loss": 2.8225224018096924,
    "initial_dative_mean": -7.311557150723641,
    "final_dative_mean": -5.479866060248592,
    "best_dative_mean": -5.479866060248592
}