{
    "best_epoch": 70,
    "best_val_performance": 0.05550644715626962,
    "val_performance_metric": "diff",
    "train_loss": 1.981425404548645,
    "initial_dative_mean": -7.261509058768289,
    "final_dative_mean": -5.619654629139872,
    "best_dative_mean": -5.619654629139872
}