{
    "best_epoch": 70,
    "best_val_performance": -0.07832638422648142,
    "val_performance_metric": "diff",
    "train_loss": 4.441328048706055,
    "initial_do_mean": -7.688223236522009,
    "final_do_mean": -5.945572640313658,
    "best_do_mean": -5.945572640313658,
    "initial_pp_mean": -7.174044709345874,
    "final_pp_mean": -5.6591084192780885,
    "best_pp_mean": -5.6591084192780885
}