{
    "best_epoch": 65,
    "best_val_performance": 0.976835905710856,
    "val_performance_metric": "diff",
    "train_loss": 2.7017834186553955,
    "initial_do_mean": -7.95927417971367,
    "final_do_mean": -7.7478189877299375,
    "best_do_mean": -7.675118095653001,
    "initial_pp_mean": -7.57335571120767,
    "final_pp_mean": -7.669391750237521,
    "best_pp_mean": -7.515249676213545
}