{
    "best_epoch": 56,
    "best_val_performance": 0.5403718344370523,
    "val_performance_metric": "diff",
    "train_loss": 1.5246502161026,
    "initial_do_mean": -6.671930249532064,
    "final_do_mean": -5.246482297145959,
    "best_do_mean": -5.214251321734804,
    "initial_pp_mean": -5.8252768834431965,
    "final_pp_mean": -4.266585632165273,
    "best_pp_mean": -4.218926707903544
}