{
    "best_epoch": 70,
    "best_val_performance": -0.16278106212615917,
    "val_performance_metric": "diff",
    "train_loss": 3.8954854011535645,
    "initial_do_mean": -6.549651518735018,
    "final_do_mean": -5.124869738203106,
    "best_do_mean": -5.124869738203106,
    "initial_pp_mean": -5.901949938138326,
    "final_pp_mean": -4.634607844882542,
    "best_pp_mean": -4.634607844882542
}