{
    "best_epoch": 70,
    "best_val_performance": -0.3054592514038088,
    "val_performance_metric": "diff",
    "train_loss": 3.188140869140625,
    "initial_do_mean": -7.636983938688456,
    "final_do_mean": -5.953835834250894,
    "best_do_mean": -5.953835834250894,
    "initial_pp_mean": -6.993841465781717,
    "final_pp_mean": -5.533420627257403,
    "best_pp_mean": -5.533420627257403
}