{
    "best_epoch": 18,
    "best_val_performance": 0.18030542055765775,
    "val_performance_metric": "diff",
    "train_loss": 2.813400983810425,
    "initial_do_mean": -6.559832623510649,
    "final_do_mean": -4.594970521059904,
    "best_do_mean": -4.063591039541996,
    "initial_pp_mean": -5.764192687140571,
    "final_pp_mean": -3.951893303129408,
    "best_pp_mean": -3.536541136105855
}