{
    "best_epoch": 70,
    "best_val_performance": -0.43901115258534684,
    "val_performance_metric": "diff",
    "train_loss": 3.4696056842803955,
    "initial_do_mean": -7.702575725871463,
    "final_do_mean": -6.513555272374043,
    "best_do_mean": -6.513555272374043,
    "initial_pp_mean": -7.168958081217373,
    "final_pp_mean": -5.887044410845813,
    "best_pp_mean": -5.887044410845813
}