{
    "best_epoch": 49,
    "best_val_performance": 3.687512331008911,
    "val_performance_metric": "diff",
    "train_loss": 2.3309237957000732,
    "initial_pref_do": 0.07714285714285714,
    "final_pref_do": 0.09285714285714286,
    "best_pref_do": 0.07142857142857142
}