{
    "best_epoch": 62,
    "best_val_performance": 0.4492163117726644,
    "val_performance_metric": "diff",
    "train_loss": 2.690842866897583,
    "initial_pref_do": 0.12714285714285714,
    "final_pref_do": 0.16428571428571428,
    "best_pref_do": 0.13
}