{
    "best_epoch": 66,
    "best_val_performance": 0.164260803858439,
    "val_performance_metric": "diff",
    "train_loss": 2.546558141708374,
    "initial_do_mean": -7.6961573570273645,
    "final_do_mean": -5.265625825455023,
    "best_do_mean": -5.264183879591698,
    "initial_pp_mean": -7.297408925084507,
    "final_pp_mean": -5.147040440405116,
    "best_pp_mean": -5.151009695319568
}