{
    "best_epoch": 64,
    "best_val_performance": 4.589928812980652,
    "val_performance_metric": "diff",
    "train_loss": 1.0441006422042847,
    "initial_pref_do": 0.09714285714285714,
    "final_pref_do": 0.037142857142857144,
    "best_pref_do": 0.037142857142857144
}