{
    "best_epoch": 47,
    "best_val_performance": 0.08271644910176601,
    "val_performance_metric": "diff",
    "train_loss": 2.5624568462371826,
    "initial_do_mean": -6.533924838268396,
    "final_do_mean": -5.259752957026164,
    "best_do_mean": -5.209216386621649,
    "initial_pp_mean": -5.90194444126553,
    "final_pp_mean": -4.478277073966132,
    "best_pp_mean": -4.418560626771715
}