{
    "best_epoch": 23,
    "best_val_performance": 0.42224954446156815,
    "val_performance_metric": "diff",
    "train_loss": 2.333993673324585,
    "initial_dative_mean": -7.463028742555986,
    "final_dative_mean": -5.098008914823421,
    "best_dative_mean": -4.753203161627228
}