{
    "best_epoch": 70,
    "best_val_performance": -0.44958802223205563,
    "val_performance_metric": "diff",
    "train_loss": 4.069398880004883,
    "initial_pref_do": 0.07714285714285714,
    "final_pref_do": 0.14714285714285713,
    "best_pref_do": 0.14714285714285713
}