{
    "best_epoch": 33,
    "best_val_performance": 4.075078209241231,
    "val_performance_metric": "diff",
    "train_loss": 3.2943522930145264,
    "initial_do_mean": -7.838149887877841,
    "final_do_mean": -8.140652394918508,
    "best_do_mean": -6.568294007071229,
    "initial_pp_mean": -7.373845706967747,
    "final_pp_mean": -7.075198224362205,
    "best_pp_mean": -5.719794622940175
}