{
    "best_epoch": 35,
    "best_val_performance": 1.064873336156209,
    "val_performance_metric": "diff",
    "train_loss": 1.9405808448791504,
    "initial_pref_do": 0.1357142857142857,
    "final_pref_do": 0.18428571428571427,
    "best_pref_do": 0.16714285714285715
}