{
    "best_epoch": 65,
    "best_val_performance": 1.4563504012425748,
    "val_performance_metric": "diff",
    "train_loss": 2.0709733963012695,
    "initial_do_mean": -7.598194914501767,
    "final_do_mean": -5.807751716569412,
    "best_do_mean": -5.860784099199051,
    "initial_pp_mean": -7.153586306291468,
    "final_pp_mean": -5.327397630144568,
    "best_pp_mean": -5.355754608266494
}