{
    "best_epoch": 22,
    "best_val_performance": 2.8650999625523887,
    "val_performance_metric": "diff",
    "train_loss": 2.2094357013702393,
    "initial_pref_do": 0.1457142857142857,
    "final_pref_do": 0.045714285714285714,
    "best_pref_do": 0.04285714285714286
}