{
    "best_epoch": 68,
    "best_val_performance": 3.3258036104838062,
    "val_performance_metric": "diff",
    "train_loss": 2.4419283866882324,
    "initial_do_mean": -7.964693772238355,
    "final_do_mean": -8.778348537031995,
    "best_do_mean": -8.808698860018753,
    "initial_pp_mean": -7.57868856121512,
    "final_pp_mean": -8.229021059064305,
    "best_pp_mean": -8.300834994105731
}