{
    "best_epoch": 26,
    "best_val_performance": 3.2449519348144538,
    "val_performance_metric": "diff",
    "train_loss": 1.5406363010406494,
    "initial_do_mean": -7.704506975273754,
    "final_do_mean": -11.713027630781019,
    "best_do_mean": -7.797063097704289,
    "initial_pp_mean": -7.171668345086715,
    "final_pp_mean": -9.141296433701235,
    "best_pp_mean": -6.005400079138139
}