{
    "best_epoch": 2,
    "best_val_performance": -0.9871268256505328,
    "val_performance_metric": "diff",
    "train_loss": 6.495723724365234,
    "initial_pref_do": 0.12714285714285714,
    "final_pref_do": 0.5928571428571429,
    "best_pref_do": 0.24571428571428572
}