{
    "best_epoch": 34,
    "best_val_performance": 0.5592906395594275,
    "val_performance_metric": "diff",
    "train_loss": 1.9550011157989502,
    "initial_do_mean": -7.9566773335601,
    "final_do_mean": -5.757451672540155,
    "best_do_mean": -5.74776089884514,
    "initial_pp_mean": -7.531628660594715,
    "final_pp_mean": -5.439158627916785,
    "best_pp_mean": -5.271922157792484
}