{
    "best_epoch": 24,
    "best_val_performance": 1.6840054933230082,
    "val_performance_metric": "diff",
    "train_loss": 3.171034336090088,
    "initial_do_mean": -6.7667144197406195,
    "final_do_mean": -6.876245031934796,
    "best_do_mean": -5.248602271802498,
    "initial_pp_mean": -6.099530429310269,
    "final_pp_mean": -6.838486512502034,
    "best_pp_mean": -5.13583808210161
}