{
    "best_epoch": 70,
    "best_val_performance": -0.5979973204930626,
    "val_performance_metric": "diff",
    "train_loss": 7.803962707519531,
    "initial_dative_mean": -7.342782986442945,
    "final_dative_mean": -7.049637703519118,
    "best_dative_mean": -7.049637703519118
}