{
    "best_epoch": 6,
    "best_val_performance": -0.25020649751027424,
    "val_performance_metric": "diff",
    "train_loss": 4.689152717590332,
    "initial_do_mean": -6.638472240621393,
    "final_do_mean": -5.476995778806282,
    "best_do_mean": -5.195150207750725,
    "initial_pp_mean": -5.787803702884251,
    "final_pp_mean": -4.7578994380103214,
    "best_pp_mean": -4.545709239112006
}