{
    "best_epoch": 30,
    "best_val_performance": 4.365110069910685,
    "val_performance_metric": "diff",
    "train_loss": 2.5734291076660156,
    "initial_do_mean": -6.557275605924202,
    "final_do_mean": -9.8439071337382,
    "best_do_mean": -7.723667627392393,
    "initial_pp_mean": -5.761725343598259,
    "final_pp_mean": -8.117504501342774,
    "best_pp_mean": -6.50282249185774
}