{
    "best_epoch": 30,
    "best_val_performance": 1.8066852490107221,
    "val_performance_metric": "diff",
    "train_loss": 1.570662498474121,
    "initial_do_mean": -6.655961202852653,
    "final_do_mean": -6.350836139736754,
    "best_do_mean": -5.89515511339361,
    "initial_pp_mean": -5.914137109120687,
    "final_pp_mean": -5.228544757101271,
    "best_pp_mean": -4.574788173039754
}