{
    "best_epoch": 26,
    "best_val_performance": 0.050465579032898056,
    "val_performance_metric": "diff",
    "train_loss": 2.5428407192230225,
    "initial_do_mean": -6.630464331309001,
    "final_do_mean": -4.772720982811668,
    "best_do_mean": -4.458546495437622,
    "initial_pp_mean": -5.781848949856228,
    "final_pp_mean": -4.379100500212775,
    "best_pp_mean": -4.118893098831177
}