{
    "best_epoch": 70,
    "best_val_performance": 1.5146004184087127,
    "val_performance_metric": "diff",
    "train_loss": 2.1589291095733643,
    "initial_do_mean": -7.959716370632482,
    "final_do_mean": -6.143976670365001,
    "best_do_mean": -6.143976670365001,
    "initial_pp_mean": -7.575421175535987,
    "final_pp_mean": -5.201420129747952,
    "best_pp_mean": -5.201420129747952
}