{
    "best_epoch": 5,
    "best_val_performance": -0.22831667582194015,
    "val_performance_metric": "diff",
    "train_loss": 5.499999046325684,
    "initial_do_mean": -7.68590013994727,
    "final_do_mean": -6.236151336237442,
    "best_do_mean": -6.220065000445344,
    "initial_pp_mean": -7.173048382646897,
    "final_pp_mean": -5.6767358008553,
    "best_pp_mean": -5.815316254601759
}