{
    "best_epoch": 26,
    "best_val_performance": -0.1456536022822057,
    "val_performance_metric": "diff",
    "train_loss": 3.155032157897949,
    "initial_do_mean": -7.67534491211869,
    "final_do_mean": -6.053876227071119,
    "best_do_mean": -5.918014963005865,
    "initial_pp_mean": -7.075679473315968,
    "final_pp_mean": -5.555950413030737,
    "best_pp_mean": -5.424483969632317
}