{
    "best_epoch": 70,
    "best_val_performance": -0.6802041864395143,
    "val_performance_metric": "diff",
    "train_loss": 6.8003740310668945,
    "initial_dative_mean": -7.317626184887356,
    "final_dative_mean": -7.131911742059808,
    "best_dative_mean": -7.131911742059808
}