{
    "best_epoch": 27,
    "best_val_performance": -0.12160535176595033,
    "val_performance_metric": "diff",
    "train_loss": 3.3630528450012207,
    "initial_do_mean": -6.53328683015072,
    "final_do_mean": -5.2154374599456785,
    "best_do_mean": -4.665010554862745,
    "initial_pp_mean": -5.90168846183353,
    "final_pp_mean": -4.805238705211216,
    "best_pp_mean": -4.458440971374512
}