{
    "best_epoch": 55,
    "best_val_performance": 1.8103211148579907,
    "val_performance_metric": "diff",
    "train_loss": 1.847336769104004,
    "initial_do_mean": -6.5584383328755695,
    "final_do_mean": -5.355625073115031,
    "best_do_mean": -5.518320798873901,
    "initial_pp_mean": -5.7628740416632755,
    "final_pp_mean": -4.867422930399576,
    "best_pp_mean": -5.052398665746053
}