{
    "best_epoch": 10,
    "best_val_performance": -0.020870267550150423,
    "val_performance_metric": "diff",
    "train_loss": 3.2955620288848877,
    "initial_do_mean": -6.66857183340824,
    "final_do_mean": -4.8983169873555505,
    "best_do_mean": -4.3746587709947065,
    "initial_pp_mean": -5.820032782024807,
    "final_pp_mean": -4.276153984334734,
    "best_pp_mean": -3.743383765220642
}