{
    "best_epoch": 17,
    "best_val_performance": 1.4415392541885383,
    "val_performance_metric": "diff",
    "train_loss": 1.9591206312179565,
    "initial_do_mean": -6.634591138724125,
    "final_do_mean": -8.042040817665331,
    "best_do_mean": -7.125232768781258,
    "initial_pp_mean": -5.786241812176175,
    "final_pp_mean": -9.142562699317931,
    "best_pp_mean": -9.26219695938958
}