{
    "best_epoch": 46,
    "best_val_performance": 3.7479825830459585,
    "val_performance_metric": "diff",
    "train_loss": 2.095411777496338,
    "initial_pref_do": 0.13428571428571429,
    "final_pref_do": 0.12714285714285714,
    "best_pref_do": 0.15428571428571428
}