{
    "best_epoch": 67,
    "best_val_performance": -0.10292155265808134,
    "val_performance_metric": "diff",
    "train_loss": 3.742828369140625,
    "initial_do_mean": -6.56039294907541,
    "final_do_mean": -4.9525644273468945,
    "best_do_mean": -4.984832350413004,
    "initial_pp_mean": -5.765538591808743,
    "final_pp_mean": -4.1760334968566895,
    "best_pp_mean": -4.2098408778508505
}