{
    "best_epoch": 70,
    "best_val_performance": -0.6524350929260256,
    "val_performance_metric": "diff",
    "train_loss": 6.15759801864624,
    "initial_pref_do": 0.18142857142857144,
    "final_pref_do": 0.1657142857142857,
    "best_pref_do": 0.1657142857142857
}