{
    "best_epoch": 6,
    "best_val_performance": -0.08648926734924256,
    "val_performance_metric": "diff",
    "train_loss": 4.627077579498291,
    "initial_do_mean": -7.838374162136122,
    "final_do_mean": -10.191174296445626,
    "best_do_mean": -6.068041157237319,
    "initial_pp_mean": -7.373588624421288,
    "final_pp_mean": -8.949092310316422,
    "best_pp_mean": -5.54488264707958
}