{
    "best_epoch": 70,
    "best_val_performance": -0.4067877515157061,
    "val_performance_metric": "diff",
    "train_loss": 4.403543472290039,
    "initial_do_mean": -6.659950789538297,
    "final_do_mean": -5.8018170819138035,
    "best_do_mean": -5.8018170819138035,
    "initial_pp_mean": -5.918185790379842,
    "final_pp_mean": -5.078183923827277,
    "best_pp_mean": -5.078183923827277
}