{
    "best_epoch": 53,
    "best_val_performance": 0.7347091261545824,
    "val_performance_metric": "diff",
    "train_loss": 2.5360162258148193,
    "initial_pref_do": 0.15714285714285714,
    "final_pref_do": 0.054285714285714284,
    "best_pref_do": 0.03142857142857143
}