{
    "best_epoch": 1,
    "best_val_performance": -0.6447669140497849,
    "val_performance_metric": "diff",
    "train_loss": 7.167492389678955,
    "initial_pref_do": 0.09714285714285714,
    "final_pref_do": 0.11142857142857143,
    "best_pref_do": 0.09714285714285714
}