{
    "best_epoch": 61,
    "best_val_performance": -0.2954423666000361,
    "val_performance_metric": "diff",
    "train_loss": 3.5346779823303223,
    "initial_do_mean": -6.552643527406635,
    "final_do_mean": -5.50127940900398,
    "best_do_mean": -5.4951766519835505,
    "initial_pp_mean": -5.906433629989624,
    "final_pp_mean": -4.612273383140564,
    "best_pp_mean": -4.685616087913513
}