{
    "best_epoch": 21,
    "best_val_performance": 0.1135085042317705,
    "val_performance_metric": "diff",
    "train_loss": 2.7839858531951904,
    "initial_do_mean": -7.699212424283804,
    "final_do_mean": -5.947962329138157,
    "best_do_mean": -5.3100527954656025,
    "initial_pp_mean": -7.16611783434363,
    "final_pp_mean": -5.348926534722833,
    "best_pp_mean": -4.812112504243851
}