{
    "best_epoch": 45,
    "best_val_performance": 6.476361462275186,
    "val_performance_metric": "diff",
    "train_loss": 1.456754207611084,
    "initial_do_mean": -6.663752482154153,
    "final_do_mean": -7.849522590637207,
    "best_do_mean": -7.727575208201553,
    "initial_pp_mean": -5.9211963812510175,
    "final_pp_mean": -8.364784240722656,
    "best_pp_mean": -8.340534896320767
}