{
    "best_epoch": 46,
    "best_val_performance": 4.771110110282898,
    "val_performance_metric": "diff",
    "train_loss": 3.3619444370269775,
    "initial_pref_do": 0.09714285714285714,
    "final_pref_do": 0.3057142857142857,
    "best_pref_do": 0.09285714285714286
}