{
    "best_epoch": 70,
    "best_val_performance": -0.05630788644154805,
    "val_performance_metric": "diff",
    "train_loss": 3.45556378364563,
    "initial_do_mean": -7.959849635528964,
    "final_do_mean": -6.560597028150115,
    "best_do_mean": -6.560597028150115,
    "initial_pp_mean": -7.574676835536957,
    "final_pp_mean": -6.162862877635395,
    "best_pp_mean": -6.162862877635395
}