{
    "best_epoch": 70,
    "best_val_performance": -0.03463039398193413,
    "val_performance_metric": "diff",
    "train_loss": 3.778787612915039,
    "initial_do_mean": -7.8361570606398026,
    "final_do_mean": -5.829063791868299,
    "best_do_mean": -5.829063791868299,
    "initial_pp_mean": -7.371219862208647,
    "final_pp_mean": -5.467700613947476,
    "best_pp_mean": -5.467700613947476
}