{
    "best_epoch": 38,
    "best_val_performance": -0.11942375183105458,
    "val_performance_metric": "diff",
    "train_loss": 3.9698190689086914,
    "initial_do_mean": -7.671304423448651,
    "final_do_mean": -6.165473541894625,
    "best_do_mean": -6.596070067134014,
    "initial_pp_mean": -7.071510786869947,
    "final_pp_mean": -5.752739246101941,
    "best_pp_mean": -6.105477335873772
}