{
    "best_epoch": 70,
    "best_val_performance": -0.5046473010381058,
    "val_performance_metric": "diff",
    "train_loss": 5.401862621307373,
    "initial_pref_do": 0.09714285714285714,
    "final_pref_do": 0.10142857142857142,
    "best_pref_do": 0.10142857142857142
}