{
    "best_epoch": 44,
    "best_val_performance": 3.633927342096965,
    "val_performance_metric": "diff",
    "train_loss": 1.5470504760742188,
    "initial_pref_do": 0.1357142857142857,
    "final_pref_do": 0.06428571428571428,
    "best_pref_do": 0.09571428571428571
}