{
    "best_epoch": 29,
    "best_val_performance": 2.087217278480529,
    "val_performance_metric": "diff",
    "train_loss": 1.9950958490371704,
    "initial_pref_do": 0.14857142857142858,
    "final_pref_do": 0.06428571428571428,
    "best_pref_do": 0.054285714285714284
}