{
    "best_epoch": 70,
    "best_val_performance": 0.16247801462809175,
    "val_performance_metric": "diff",
    "train_loss": 1.571280598640442,
    "initial_do_mean": -7.63445182109988,
    "final_do_mean": -5.144100179159364,
    "best_do_mean": -5.144100179159364,
    "initial_pp_mean": -6.9916267956004425,
    "final_pp_mean": -5.056153043929268,
    "best_pp_mean": -5.056153043929268
}