{
    "best_epoch": 44,
    "best_val_performance": 1.3001897621154779,
    "val_performance_metric": "diff",
    "train_loss": 1.843423843383789,
    "initial_do_mean": -7.685246545214985,
    "final_do_mean": -5.880835298188897,
    "best_do_mean": -5.852147671025853,
    "initial_pp_mean": -7.17143903059118,
    "final_pp_mean": -4.7965879110728995,
    "best_pp_mean": -4.818584114137818
}