{
    "best_epoch": 6,
    "best_val_performance": 0.6174057801564539,
    "val_performance_metric": "diff",
    "train_loss": 3.8722317218780518,
    "initial_do_mean": -7.843289023221925,
    "final_do_mean": -8.354406622606655,
    "best_do_mean": -6.628272895549619,
    "initial_pp_mean": -7.377925167364233,
    "final_pp_mean": -7.901033602742588,
    "best_pp_mean": -5.874112165324828
}