{
    "best_epoch": 58,
    "best_val_performance": 0.31192284742991117,
    "val_performance_metric": "diff",
    "train_loss": 1.7288964986801147,
    "initial_pref_do": 0.08428571428571428,
    "final_pref_do": 0.07142857142857142,
    "best_pref_do": 0.07142857142857142
}