{
    "best_epoch": 70,
    "best_val_performance": 0.194997849464416,
    "val_performance_metric": "diff",
    "train_loss": 1.3914813995361328,
    "initial_do_mean": -6.658474508921305,
    "final_do_mean": -5.1125273993521025,
    "best_do_mean": -5.1125273993521025,
    "initial_pp_mean": -5.9165179835425485,
    "final_pp_mean": -4.651565825939178,
    "best_pp_mean": -4.651565825939178
}