{
    "best_epoch": 18,
    "best_val_performance": -0.12999665101369207,
    "val_performance_metric": "diff",
    "train_loss": 4.055315971374512,
    "initial_do_mean": -6.417633887493249,
    "final_do_mean": -5.52854987635757,
    "best_do_mean": -5.259805952418934,
    "initial_pp_mean": -5.7430859141879615,
    "final_pp_mean": -4.817161557409499,
    "best_pp_mean": -4.503274064593845
}