{
    "best_epoch": 70,
    "best_val_performance": 0.25270253340403226,
    "val_performance_metric": "diff",
    "train_loss": 2.409989833831787,
    "initial_do_mean": -7.597037689630375,
    "final_do_mean": -5.688785338124563,
    "best_do_mean": -5.688785338124563,
    "initial_pp_mean": -7.151434939749101,
    "final_pp_mean": -4.718063368867425,
    "best_pp_mean": -4.718063368867425
}