{
    "best_epoch": 35,
    "best_val_performance": 0.4836144002278644,
    "val_performance_metric": "diff",
    "train_loss": 1.5448620319366455,
    "initial_pref_do": 0.14714285714285713,
    "final_pref_do": 0.04428571428571428,
    "best_pref_do": 0.04428571428571428
}