{
    "best_epoch": 70,
    "best_val_performance": -0.1394065793355308,
    "val_performance_metric": "diff",
    "train_loss": 2.4733028411865234,
    "initial_dative_mean": -7.342080872309835,
    "final_dative_mean": -5.57692249807698,
    "best_dative_mean": -5.57692249807698
}