{
    "best_epoch": 35,
    "best_val_performance": 4.835968095461527,
    "val_performance_metric": "diff",
    "train_loss": 4.231807708740234,
    "initial_do_mean": -7.701801546784335,
    "final_do_mean": -7.304116663891215,
    "best_do_mean": -6.301972413132357,
    "initial_pp_mean": -7.168627645688899,
    "final_pp_mean": -7.326516661573859,
    "best_pp_mean": -5.788157237978543
}