{
    "best_epoch": 70,
    "best_val_performance": -0.5554494953155515,
    "val_performance_metric": "diff",
    "train_loss": 6.3373026847839355,
    "initial_dative_mean": -7.258467626153377,
    "final_dative_mean": -6.9635907484774,
    "best_dative_mean": -6.9635907484774
}