{
    "best_epoch": 53,
    "best_val_performance": 0.23814623832702608,
    "val_performance_metric": "diff",
    "train_loss": 2.1053428649902344,
    "initial_do_mean": -7.956541356652282,
    "final_do_mean": -5.440424488380898,
    "best_do_mean": -5.3704162728647855,
    "initial_pp_mean": -7.53195345471887,
    "final_pp_mean": -5.271886131693335,
    "best_pp_mean": -5.225635181104436
}