{
    "best_epoch": 27,
    "best_val_performance": 2.231716423034668,
    "val_performance_metric": "diff",
    "train_loss": 2.2294721603393555,
    "initial_do_mean": -6.7441644596331045,
    "final_do_mean": -5.5448002959742695,
    "best_do_mean": -4.545990186749083,
    "initial_pp_mean": -6.126940692795648,
    "final_pp_mean": -4.896405845218235,
    "best_pp_mean": -3.8765816701783073
}