{
    "best_epoch": 24,
    "best_val_performance": 0.1605638043085733,
    "val_performance_metric": "diff",
    "train_loss": 2.067683458328247,
    "initial_do_mean": -6.7464903528040105,
    "final_do_mean": -5.080468317956635,
    "best_do_mean": -4.655421787319761,
    "initial_pp_mean": -6.1292735629611546,
    "final_pp_mean": -4.317121401098039,
    "best_pp_mean": -4.0245390362209745
}