{
    "best_epoch": 28,
    "best_val_performance": 0.14920638402303066,
    "val_performance_metric": "diff",
    "train_loss": 3.098076820373535,
    "initial_do_mean": -7.955357805240986,
    "final_do_mean": -6.115361495073452,
    "best_do_mean": -5.698932162897531,
    "initial_pp_mean": -7.5294999655555275,
    "final_pp_mean": -5.262681902506772,
    "best_pp_mean": -4.846133634623359
}