{
    "best_epoch": 67,
    "best_val_performance": 0.8435279401143401,
    "val_performance_metric": "diff",
    "train_loss": 1.6517348289489746,
    "initial_do_mean": -7.637085147375284,
    "final_do_mean": -9.881084655953009,
    "best_do_mean": -9.757763920481814,
    "initial_pp_mean": -6.9940992341322055,
    "final_pp_mean": -8.117297704780803,
    "best_pp_mean": -7.967252901021172
}