{
    "best_epoch": 70,
    "best_val_performance": -0.22469513098398775,
    "val_performance_metric": "diff",
    "train_loss": 3.880669116973877,
    "initial_do_mean": -7.6381120834239695,
    "final_do_mean": -6.139162024786306,
    "best_do_mean": -6.139162024786306,
    "initial_pp_mean": -6.99369270661298,
    "final_pp_mean": -5.5284126502626085,
    "best_pp_mean": -5.5284126502626085
}