{
    "best_epoch": 70,
    "best_val_performance": 0.825543816884359,
    "val_performance_metric": "diff",
    "train_loss": 1.1295170783996582,
    "initial_dative_mean": -7.313152957729429,
    "final_dative_mean": -5.619290149874157,
    "best_dative_mean": -5.619290149874157
}