{
    "best_epoch": 1,
    "best_val_performance": -0.6896365706125893,
    "val_performance_metric": "diff",
    "train_loss": 5.930476665496826,
    "initial_dative_mean": -7.316048169345186,
    "final_dative_mean": -7.159550539582794,
    "best_dative_mean": -7.314046413926353
}