{
    "best_epoch": 24,
    "best_val_performance": 2.4507403771082554,
    "val_performance_metric": "diff",
    "train_loss": 1.7545095682144165,
    "initial_do_mean": -7.841444207485332,
    "final_do_mean": -8.818141016502713,
    "best_do_mean": -5.337441038253695,
    "initial_pp_mean": -7.3753302377813,
    "final_pp_mean": -7.3253987754092496,
    "best_pp_mean": -4.681311656797633
}