{
    "best_epoch": 17,
    "best_val_performance": 0.08419038295745818,
    "val_performance_metric": "diff",
    "train_loss": 3.4856417179107666,
    "initial_do_mean": -7.690239911855653,
    "final_do_mean": -5.4605210839315905,
    "best_do_mean": -5.349515143521996,
    "initial_pp_mean": -7.254254226123585,
    "final_pp_mean": -4.9488634582828075,
    "best_pp_mean": -4.931744698566549
}