{
    "best_epoch": 52,
    "best_val_performance": 2.054383133252461,
    "val_performance_metric": "diff",
    "train_loss": 1.9231621026992798,
    "initial_dative_mean": -7.343556139901367,
    "final_dative_mean": -5.494927673311959,
    "best_dative_mean": -5.436263087897273
}