{
    "best_epoch": 23,
    "best_val_performance": -0.36606842358907077,
    "val_performance_metric": "diff",
    "train_loss": 3.8202974796295166,
    "initial_do_mean": -6.7418694496154785,
    "final_do_mean": -5.060957537275372,
    "best_do_mean": -5.220150095043761,
    "initial_pp_mean": -6.124600831667582,
    "final_pp_mean": -4.63605945110321,
    "best_pp_mean": -4.904041120741103
}