{
    "best_epoch": 70,
    "best_val_performance": -0.37812608559926364,
    "val_performance_metric": "diff",
    "train_loss": 7.043612480163574,
    "initial_pref_do": 0.14714285714285713,
    "final_pref_do": 0.18857142857142858,
    "best_pref_do": 0.18857142857142858
}