{
    "best_epoch": 55,
    "best_val_performance": 0.13644711335500137,
    "val_performance_metric": "diff",
    "train_loss": 1.6975815296173096,
    "initial_dative_mean": -7.189823006328783,
    "final_dative_mean": -4.945636564179471,
    "best_dative_mean": -4.88233230276066
}