{
    "best_epoch": 53,
    "best_val_performance": 0.1540506521860756,
    "val_performance_metric": "diff",
    "train_loss": 2.22493052482605,
    "initial_pref_do": 0.18285714285714286,
    "final_pref_do": 0.03428571428571429,
    "best_pref_do": 0.05857142857142857
}