{
    "best_epoch": 30,
    "best_val_performance": -0.09036671956380182,
    "val_performance_metric": "diff",
    "train_loss": 2.3161685466766357,
    "initial_do_mean": -6.747441507108284,
    "final_do_mean": -4.657867086294925,
    "best_do_mean": -4.4334427327820745,
    "initial_pp_mean": -6.1277604023615515,
    "final_pp_mean": -4.31535722679562,
    "best_pp_mean": -4.12120632065667
}