{
    "best_epoch": 70,
    "best_val_performance": -0.5816252851486201,
    "val_performance_metric": "diff",
    "train_loss": 6.918457508087158,
    "initial_pref_do": 0.15714285714285714,
    "final_pref_do": 0.17142857142857143,
    "best_pref_do": 0.17142857142857143
}