{
    "best_epoch": 70,
    "best_val_performance": -0.1390529171625774,
    "val_performance_metric": "diff",
    "train_loss": 4.011960029602051,
    "initial_dative_mean": -7.316506434602347,
    "final_dative_mean": -5.607968457609589,
    "best_dative_mean": -5.607968457609589
}