{
    "best_epoch": 5,
    "best_val_performance": 0.3730652650197346,
    "val_performance_metric": "diff",
    "train_loss": 4.806273937225342,
    "initial_do_mean": -7.597291566604792,
    "final_do_mean": -7.335256266732548,
    "best_do_mean": -6.03915905605915,
    "initial_pp_mean": -7.15211593543782,
    "final_pp_mean": -6.785777070943047,
    "best_pp_mean": -5.503877596294179
}