{
    "best_epoch": 70,
    "best_val_performance": -0.08840385595957478,
    "val_performance_metric": "diff",
    "train_loss": 3.6353423595428467,
    "initial_pref_do": 0.1357142857142857,
    "final_pref_do": 0.10142857142857142,
    "best_pref_do": 0.10142857142857142
}