{
    "best_epoch": 19,
    "best_val_performance": 0.7418630774815878,
    "val_performance_metric": "diff",
    "train_loss": 1.9268746376037598,
    "initial_pref_do": 0.12714285714285714,
    "final_pref_do": 0.06714285714285714,
    "best_pref_do": 0.041428571428571426
}