{
    "best_epoch": 25,
    "best_val_performance": -0.1747720193862916,
    "val_performance_metric": "diff",
    "train_loss": 4.256387233734131,
    "initial_do_mean": -6.748481720144098,
    "final_do_mean": -5.92129822066336,
    "best_do_mean": -5.613703058705186,
    "initial_pp_mean": -6.129482992490133,
    "final_pp_mean": -5.217264551586575,
    "best_pp_mean": -4.972527572843764
}