{
    "best_epoch": 27,
    "best_val_performance": 0.050503587722777965,
    "val_performance_metric": "diff",
    "train_loss": 3.6667492389678955,
    "initial_do_mean": -6.632938188495058,
    "final_do_mean": -4.54919239246484,
    "best_do_mean": -4.12935157400189,
    "initial_pp_mean": -5.785725371042887,
    "final_pp_mean": -4.067987547980414,
    "best_pp_mean": -3.802355164951748
}