{
    "best_epoch": 34,
    "best_val_performance": 3.525206785202027,
    "val_performance_metric": "diff",
    "train_loss": 2.317577362060547,
    "initial_do_mean": -6.414607464183461,
    "final_do_mean": -7.301535685857137,
    "best_do_mean": -7.1407257036729295,
    "initial_pp_mean": -5.737384716669719,
    "final_pp_mean": -6.795019518004524,
    "best_pp_mean": -6.773226388295492
}