{
    "best_epoch": 26,
    "best_val_performance": 0.16651410261789934,
    "val_performance_metric": "diff",
    "train_loss": 3.2432308197021484,
    "initial_pref_do": 0.18142857142857144,
    "final_pref_do": 0.2914285714285714,
    "best_pref_do": 0.29714285714285715
}