{
    "best_epoch": 18,
    "best_val_performance": 2.7091885089874275,
    "val_performance_metric": "diff",
    "train_loss": 1.7286497354507446,
    "initial_pref_do": 0.12714285714285714,
    "final_pref_do": 0.1,
    "best_pref_do": 0.09
}