{
    "best_epoch": 70,
    "best_val_performance": -0.22408134460449247,
    "val_performance_metric": "diff",
    "train_loss": 4.204198360443115,
    "initial_do_mean": -7.958650435126105,
    "final_do_mean": -6.123922621094903,
    "best_do_mean": -6.123922621094903,
    "initial_pp_mean": -7.534011426392723,
    "final_pp_mean": -5.883200057113872,
    "best_pp_mean": -5.883200057113872
}