{
    "best_epoch": 70,
    "best_val_performance": -0.423456571896871,
    "val_performance_metric": "diff",
    "train_loss": 6.1374897956848145,
    "initial_pref_do": 0.14714285714285713,
    "final_pref_do": 0.2042857142857143,
    "best_pref_do": 0.2042857142857143
}