{
    "best_epoch": 70,
    "best_val_performance": 3.1822816483179714,
    "val_performance_metric": "diff",
    "train_loss": 1.5821595191955566,
    "initial_pref_do": 0.1357142857142857,
    "final_pref_do": 0.29428571428571426,
    "best_pref_do": 0.29428571428571426
}