{
    "best_epoch": 22,
    "best_val_performance": -0.16729157765706404,
    "val_performance_metric": "diff",
    "train_loss": 3.4023776054382324,
    "initial_do_mean": -6.669603181607796,
    "final_do_mean": -5.230649893211596,
    "best_do_mean": -5.003645639708548,
    "initial_pp_mean": -5.821910074022081,
    "final_pp_mean": -4.605670531590779,
    "best_pp_mean": -4.333318980534871
}