{
    "best_epoch": 24,
    "best_val_performance": 0.28974977175394745,
    "val_performance_metric": "diff",
    "train_loss": 2.830789804458618,
    "initial_do_mean": -6.671941343943278,
    "final_do_mean": -4.5018736376906885,
    "best_do_mean": -3.933279619072423,
    "initial_pp_mean": -5.824779356850518,
    "final_pp_mean": -3.96623596350352,
    "best_pp_mean": -3.617509337266286
}