{
    "best_epoch": 48,
    "best_val_performance": 0.12870571772257478,
    "val_performance_metric": "diff",
    "train_loss": 1.6776210069656372,
    "initial_pref_do": 0.07714285714285714,
    "final_pref_do": 0.11571428571428571,
    "best_pref_do": 0.15285714285714286
}