{
    "best_epoch": 22,
    "best_val_performance": 0.4250248289108276,
    "val_performance_metric": "diff",
    "train_loss": 2.0680692195892334,
    "initial_pref_do": 0.12714285714285714,
    "final_pref_do": 0.022857142857142857,
    "best_pref_do": 0.02
}