{
    "best_epoch": 44,
    "best_val_performance": 0.48971697012583437,
    "val_performance_metric": "diff",
    "train_loss": 1.6484601497650146,
    "initial_pref_do": 0.12714285714285714,
    "final_pref_do": 0.055714285714285716,
    "best_pref_do": 0.024285714285714285
}