{
    "best_epoch": 70,
    "best_val_performance": 0.6412726561228439,
    "val_performance_metric": "diff",
    "train_loss": 1.7847357988357544,
    "initial_dative_mean": -7.309896858812076,
    "final_dative_mean": -7.159987078424086,
    "best_dative_mean": -7.159987078424086
}