{
    "best_epoch": 33,
    "best_val_performance": -0.13527663230896003,
    "val_performance_metric": "diff",
    "train_loss": 3.3047235012054443,
    "initial_do_mean": -6.634495067596435,
    "final_do_mean": -5.232414264389963,
    "best_do_mean": -5.274806850606745,
    "initial_pp_mean": -5.784851148393419,
    "final_pp_mean": -4.522084466616312,
    "best_pp_mean": -4.4679085837470165
}