{
    "best_epoch": 70,
    "best_val_performance": -0.43143531322479234,
    "val_performance_metric": "diff",
    "train_loss": 4.041281223297119,
    "initial_pref_do": 0.14714285714285713,
    "final_pref_do": 0.29714285714285715,
    "best_pref_do": 0.29714285714285715
}