{
    "best_epoch": 70,
    "best_val_performance": -0.29206927140553773,
    "val_performance_metric": "diff",
    "train_loss": 2.155137300491333,
    "initial_dative_mean": -7.284974653469889,
    "final_dative_mean": -5.472997395267264,
    "best_dative_mean": -5.472997395267264
}