{
    "best_epoch": 36,
    "best_val_performance": 0.1972295427322388,
    "val_performance_metric": "diff",
    "train_loss": 2.355526924133301,
    "initial_dative_mean": -7.341769822508271,
    "final_dative_mean": -5.240112188266732,
    "best_dative_mean": -5.359306408822188
}