{
    "best_epoch": 19,
    "best_val_performance": 1.0891786257425942,
    "val_performance_metric": "diff",
    "train_loss": 2.3270199298858643,
    "initial_do_mean": -7.8403583806614545,
    "final_do_mean": -7.486545985521272,
    "best_do_mean": -5.635578353737676,
    "initial_pp_mean": -7.375379089748158,
    "final_pp_mean": -5.85242853865904,
    "best_pp_mean": -4.776254835549523
}