{
    "best_epoch": 40,
    "best_val_performance": 0.9333007144927983,
    "val_performance_metric": "diff",
    "train_loss": 1.878260850906372,
    "initial_pref_do": 0.17714285714285713,
    "final_pref_do": 0.11571428571428571,
    "best_pref_do": 0.15571428571428572
}