{
    "best_epoch": 7,
    "best_val_performance": 1.3819856929779055,
    "val_performance_metric": "diff",
    "train_loss": 3.651035785675049,
    "initial_do_mean": -6.507260084152222,
    "final_do_mean": -8.634962732141668,
    "best_do_mean": -4.4147644057418365,
    "initial_pp_mean": -5.877268886566162,
    "final_pp_mean": -7.9785392549302845,
    "best_pp_mean": -3.9546157836914064
}