{
    "best_epoch": 47,
    "best_val_performance": 0.5096666940053307,
    "val_performance_metric": "diff",
    "train_loss": 2.329624652862549,
    "initial_do_mean": -6.5348082961458145,
    "final_do_mean": -4.928575777285027,
    "best_do_mean": -4.655798024842233,
    "initial_pp_mean": -5.901950083838569,
    "final_pp_mean": -4.195681495136685,
    "best_pp_mean": -4.035710885789659
}