{
    "best_epoch": 41,
    "best_val_performance": 3.9139543771743783,
    "val_performance_metric": "diff",
    "train_loss": 1.5678644180297852,
    "initial_pref_do": 0.14714285714285713,
    "final_pref_do": 0.8042857142857143,
    "best_pref_do": 0.75
}