{
    "best_epoch": 21,
    "best_val_performance": -0.05498912016550683,
    "val_performance_metric": "diff",
    "train_loss": 2.920069694519043,
    "initial_pref_do": 0.17714285714285713,
    "final_pref_do": 0.06857142857142857,
    "best_pref_do": 0.1
}