{
    "best_epoch": 70,
    "best_val_performance": -0.16718433221181161,
    "val_performance_metric": "diff",
    "train_loss": 3.2321155071258545,
    "initial_do_mean": -7.704089956921201,
    "final_do_mean": -5.828608819565107,
    "best_do_mean": -5.828608819565107,
    "initial_pp_mean": -7.171310876397525,
    "final_pp_mean": -5.082464439728681,
    "best_pp_mean": -5.082464439728681
}