{
    "best_epoch": 70,
    "best_val_performance": -0.04865561644236305,
    "val_performance_metric": "diff",
    "train_loss": 3.8378982543945312,
    "initial_do_mean": -6.543120790250374,
    "final_do_mean": -5.282569156993519,
    "best_do_mean": -5.282569156993519,
    "initial_pp_mean": -5.896333938174777,
    "final_pp_mean": -4.474521154827542,
    "best_pp_mean": -4.474521154827542
}