{
    "best_epoch": 70,
    "best_val_performance": -0.42449569066365545,
    "val_performance_metric": "diff",
    "train_loss": 5.948558807373047,
    "initial_dative_mean": -7.470201483246876,
    "final_dative_mean": -6.9327539327548955,
    "best_dative_mean": -6.9327539327548955
}