{
    "best_epoch": 59,
    "best_val_performance": 2.5276237392425536,
    "val_performance_metric": "diff",
    "train_loss": 1.7710505723953247,
    "initial_do_mean": -6.747910427324699,
    "final_do_mean": -5.765349074566003,
    "best_do_mean": -5.599373120972604,
    "initial_pp_mean": -6.128386274973551,
    "final_pp_mean": -5.111583071284824,
    "best_pp_mean": -4.991420104768541
}