{
    "best_epoch": 46,
    "best_val_performance": 0.02897804896036771,
    "val_performance_metric": "diff",
    "train_loss": 2.478438138961792,
    "initial_do_mean": -6.510156481193774,
    "final_do_mean": -5.57760098919724,
    "best_do_mean": -5.194420076139045,
    "initial_pp_mean": -5.877273281415303,
    "final_pp_mean": -4.964488021532694,
    "best_pp_mean": -4.564194414350721
}