{
    "best_epoch": 66,
    "best_val_performance": 0.13269614696502696,
    "val_performance_metric": "diff",
    "train_loss": 1.6983038187026978,
    "initial_do_mean": -7.960106101146964,
    "final_do_mean": -6.656038243756738,
    "best_do_mean": -6.64397503366304,
    "initial_pp_mean": -7.574570885826559,
    "final_pp_mean": -5.527126730189604,
    "best_pp_mean": -5.515160978191039
}