{
    "best_epoch": 70,
    "best_val_performance": -0.6852607091267906,
    "val_performance_metric": "diff",
    "train_loss": 7.952232837677002,
    "initial_pref_do": 0.18285714285714286,
    "final_pref_do": 0.19142857142857142,
    "best_pref_do": 0.19142857142857142
}