{
    "best_epoch": 21,
    "best_val_performance": 0.27866210142771397,
    "val_performance_metric": "diff",
    "train_loss": 2.918213367462158,
    "initial_pref_do": 0.1357142857142857,
    "final_pref_do": 0.11571428571428571,
    "best_pref_do": 0.09571428571428571
}