{
    "best_epoch": 70,
    "best_val_performance": -0.06413012981414834,
    "val_performance_metric": "diff",
    "train_loss": 3.4200384616851807,
    "initial_pref_do": 0.17714285714285713,
    "final_pref_do": 0.22,
    "best_pref_do": 0.22
}