{
    "best_epoch": 13,
    "best_val_performance": 0.8368403720855708,
    "val_performance_metric": "diff",
    "train_loss": 3.095109224319458,
    "initial_do_mean": -7.599885327178378,
    "final_do_mean": -6.004635732880859,
    "best_do_mean": -4.762397756063661,
    "initial_pp_mean": -7.15493742648293,
    "final_pp_mean": -5.618169839241926,
    "best_pp_mean": -4.398250786346548
}