{
    "best_epoch": 30,
    "best_val_performance": 0.6045283317565922,
    "val_performance_metric": "diff",
    "train_loss": 1.9220929145812988,
    "initial_dative_mean": -7.315326767358166,
    "final_dative_mean": -5.080038383515955,
    "best_dative_mean": -4.836131468850967
}