{
    "best_epoch": 70,
    "best_val_performance": 0.01086961110432938,
    "val_performance_metric": "diff",
    "train_loss": 3.854560375213623,
    "initial_dative_mean": -7.4662367541190475,
    "final_dative_mean": -5.552415766562635,
    "best_dative_mean": -5.552415766562635
}