{
    "best_epoch": 70,
    "best_val_performance": 0.06620599269866911,
    "val_performance_metric": "diff",
    "train_loss": 1.7209585905075073,
    "initial_do_mean": -6.50868380575469,
    "final_do_mean": -4.84161655108134,
    "best_do_mean": -4.84161655108134,
    "initial_pp_mean": -5.876886373096042,
    "final_pp_mean": -4.365173048443264,
    "best_pp_mean": -4.365173048443264
}