{
    "best_epoch": 54,
    "best_val_performance": 0.4217867517471312,
    "val_performance_metric": "diff",
    "train_loss": 2.427142858505249,
    "initial_pref_do": 0.18142857142857144,
    "final_pref_do": 0.07571428571428572,
    "best_pref_do": 0.09428571428571429
}