{
    "best_epoch": 30,
    "best_val_performance": 4.61366233030955,
    "val_performance_metric": "diff",
    "train_loss": 1.7504395246505737,
    "initial_pref_do": 0.07714285714285714,
    "final_pref_do": 0.10142857142857142,
    "best_pref_do": 0.07285714285714286
}