{
    "best_epoch": 70,
    "best_val_performance": -0.6062672042846682,
    "val_performance_metric": "diff",
    "train_loss": 5.610683917999268,
    "initial_pref_do": 0.15714285714285714,
    "final_pref_do": 0.17285714285714285,
    "best_pref_do": 0.17285714285714285
}