{
    "best_epoch": 58,
    "best_val_performance": 2.363680979410807,
    "val_performance_metric": "diff",
    "train_loss": 1.864815354347229,
    "initial_do_mean": -6.419289781108047,
    "final_do_mean": -10.22655090563225,
    "best_do_mean": -9.830725554263953,
    "initial_pp_mean": -5.743784909778171,
    "final_pp_mean": -7.610521162880792,
    "best_pp_mean": -7.267474200990465
}