{
    "best_epoch": 31,
    "best_val_performance": -0.08149158954620361,
    "val_performance_metric": "diff",
    "train_loss": 3.1518518924713135,
    "initial_do_mean": -6.531986398407907,
    "final_do_mean": -5.473107625498916,
    "best_do_mean": -4.9615544535897,
    "initial_pp_mean": -5.899106852213541,
    "final_pp_mean": -4.900401186943054,
    "best_pp_mean": -4.32454682191213
}