{
    "best_epoch": 22,
    "best_val_performance": 0.5598813168207801,
    "val_performance_metric": "diff",
    "train_loss": 3.8913209438323975,
    "initial_do_mean": -6.745429007212321,
    "final_do_mean": -5.307951235048699,
    "best_do_mean": -4.524265406348489,
    "initial_pp_mean": -6.125082731246948,
    "final_pp_mean": -4.645221691661411,
    "best_pp_mean": -4.349169543054368
}