{
    "best_epoch": 70,
    "best_val_performance": -0.06162062486012765,
    "val_performance_metric": "diff",
    "train_loss": 2.632669687271118,
    "initial_dative_mean": -7.191894234272471,
    "final_dative_mean": -5.7849706249278885,
    "best_dative_mean": -5.7849706249278885
}