{
    "best_epoch": 42,
    "best_val_performance": -0.11643950939178449,
    "val_performance_metric": "diff",
    "train_loss": 4.72017765045166,
    "initial_pref_do": 0.08428571428571428,
    "final_pref_do": 0.24142857142857144,
    "best_pref_do": 0.18857142857142858
}