{
    "best_epoch": 70,
    "best_val_performance": -0.4507571093241367,
    "val_performance_metric": "diff",
    "train_loss": 5.245572090148926,
    "initial_pref_do": 0.14714285714285713,
    "final_pref_do": 0.19857142857142857,
    "best_pref_do": 0.19857142857142857
}