{
    "best_epoch": 70,
    "best_val_performance": -0.610460133552551,
    "val_performance_metric": "diff",
    "train_loss": 7.7540764808654785,
    "initial_dative_mean": -7.285445568157218,
    "final_dative_mean": -7.1179269228065225,
    "best_dative_mean": -7.1179269228065225
}