{
    "best_epoch": 7,
    "best_val_performance": -0.0423301633199058,
    "val_performance_metric": "diff",
    "train_loss": 3.5432701110839844,
    "initial_dative_mean": -7.460938596934603,
    "final_dative_mean": -11.461307875942765,
    "best_dative_mean": -6.759003444198976
}