{
    "best_epoch": 47,
    "best_val_performance": 5.207312053044637,
    "val_performance_metric": "diff",
    "train_loss": 1.6371062994003296,
    "initial_do_mean": -6.558132170185898,
    "final_do_mean": -7.242131054040158,
    "best_do_mean": -6.516949393532493,
    "initial_pp_mean": -5.7638155751758156,
    "final_pp_mean": -7.143438074323866,
    "best_pp_mean": -5.98060499827067
}