{
    "best_epoch": 70,
    "best_val_performance": -0.22110670407613142,
    "val_performance_metric": "diff",
    "train_loss": 3.7547154426574707,
    "initial_dative_mean": -7.34114360460761,
    "final_dative_mean": -5.798225239703529,
    "best_dative_mean": -5.798225239703529
}