{
    "best_epoch": 70,
    "best_val_performance": 0.03533746083577416,
    "val_performance_metric": "diff",
    "train_loss": 4.204000473022461,
    "initial_do_mean": -7.694635829260183,
    "final_do_mean": -6.220001227980436,
    "best_do_mean": -6.220001227980436,
    "initial_pp_mean": -7.295878298142377,
    "final_pp_mean": -5.717496355842141,
    "best_pp_mean": -5.717496355842141
}