{
    "best_epoch": 70,
    "best_val_performance": 0.36516963958740334,
    "val_performance_metric": "diff",
    "train_loss": 1.9745608568191528,
    "initial_do_mean": -6.67239252726237,
    "final_do_mean": -9.812195653626413,
    "best_do_mean": -9.812195653626413,
    "initial_pp_mean": -5.825784844822354,
    "final_pp_mean": -8.392627522680495,
    "best_pp_mean": -8.392627522680495
}