{
    "best_epoch": 65,
    "best_val_performance": 0.09110487461090067,
    "val_performance_metric": "diff",
    "train_loss": 1.8844436407089233,
    "initial_do_mean": -7.70105485722076,
    "final_do_mean": -5.572163567640061,
    "best_do_mean": -5.545911235518234,
    "initial_pp_mean": -7.167315396841834,
    "final_pp_mean": -5.222044620794408,
    "best_pp_mean": -5.197518627783832
}