{
    "best_epoch": 70,
    "best_val_performance": 0.36559031486511273,
    "val_performance_metric": "diff",
    "train_loss": 1.494421124458313,
    "initial_do_mean": -7.697559798179671,
    "final_do_mean": -5.714975432254548,
    "best_do_mean": -5.714975432254548,
    "initial_pp_mean": -7.164724098934847,
    "final_pp_mean": -5.141069426256068,
    "best_pp_mean": -5.141069426256068
}