{
    "best_epoch": 39,
    "best_val_performance": 0.025382221539815397,
    "val_performance_metric": "diff",
    "train_loss": 5.13517951965332,
    "initial_do_mean": -7.671432276797849,
    "final_do_mean": -6.097009046826252,
    "best_do_mean": -6.510965799869493,
    "initial_pp_mean": -7.071718288870419,
    "final_pp_mean": -5.4735040075638715,
    "best_pp_mean": -5.875078962830936
}