{
    "best_epoch": 70,
    "best_val_performance": -0.0448549079895022,
    "val_performance_metric": "diff",
    "train_loss": 3.4856815338134766,
    "initial_pref_do": 0.14714285714285713,
    "final_pref_do": 0.2957142857142857,
    "best_pref_do": 0.2957142857142857
}