{
    "best_epoch": 33,
    "best_val_performance": 3.2588060728708914,
    "val_performance_metric": "diff",
    "train_loss": 3.318337917327881,
    "initial_do_mean": -6.547089572386308,
    "final_do_mean": -8.996903467178345,
    "best_do_mean": -7.456706668391372,
    "initial_pp_mean": -5.900917135344612,
    "final_pp_mean": -8.022331179512872,
    "best_pp_mean": -6.7371996402740475
}