{
    "best_epoch": 13,
    "best_val_performance": 1.0226475159327189,
    "val_performance_metric": "diff",
    "train_loss": 3.491746664047241,
    "initial_do_mean": -6.671193784655947,
    "final_do_mean": -8.071141855644457,
    "best_do_mean": -5.535584403529311,
    "initial_pp_mean": -5.824099771181742,
    "final_pp_mean": -6.64089113606347,
    "best_pp_mean": -5.128043871455723
}