{
    "best_epoch": 43,
    "best_val_performance": 3.2634233919779465,
    "val_performance_metric": "diff",
    "train_loss": 2.1496613025665283,
    "initial_do_mean": -7.690487325191498,
    "final_do_mean": -7.383277524349301,
    "best_do_mean": -6.952582360700119,
    "initial_pp_mean": -7.254884432343876,
    "final_pp_mean": -5.986290449955884,
    "best_pp_mean": -5.8355600763769715
}