{
    "best_epoch": 30,
    "best_val_performance": 1.2015050188700362,
    "val_performance_metric": "diff",
    "train_loss": 2.5079450607299805,
    "initial_do_mean": -7.702875702187073,
    "final_do_mean": -9.525786488555198,
    "best_do_mean": -7.335077131903449,
    "initial_pp_mean": -7.169779828015495,
    "final_pp_mean": -8.676953638651792,
    "best_pp_mean": -6.448521930680555
}