{
    "best_epoch": 18,
    "best_val_performance": 0.4337191581726074,
    "val_performance_metric": "diff",
    "train_loss": 2.757328748703003,
    "initial_do_mean": -6.66012611244664,
    "final_do_mean": -5.173229025349473,
    "best_do_mean": -4.436963714252819,
    "initial_pp_mean": -5.918147336112129,
    "final_pp_mean": -4.736781764030456,
    "best_pp_mean": -4.23199937608507
}