{
    "best_epoch": 70,
    "best_val_performance": 0.16225804646809916,
    "val_performance_metric": "diff",
    "train_loss": 2.1521432399749756,
    "initial_do_mean": -7.675140616505645,
    "final_do_mean": -5.6632720751817835,
    "best_do_mean": -5.6632720751817835,
    "initial_pp_mean": -7.0761972995365365,
    "final_pp_mean": -4.604772009919672,
    "best_pp_mean": -4.604772009919672
}