{
    "best_epoch": 47,
    "best_val_performance": 0.35147464752197255,
    "val_performance_metric": "diff",
    "train_loss": 2.4981863498687744,
    "initial_do_mean": -7.634962401417798,
    "final_do_mean": -5.3071322344070255,
    "best_do_mean": -4.952511414885521,
    "initial_pp_mean": -6.99078876621583,
    "final_pp_mean": -4.465232859288945,
    "best_pp_mean": -4.266296538885902
}