{
    "best_epoch": 38,
    "best_val_performance": 2.684440766970316,
    "val_performance_metric": "diff",
    "train_loss": 0.9787847399711609,
    "initial_do_mean": -6.559159934881961,
    "final_do_mean": -5.612376487616337,
    "best_do_mean": -5.20170560316606,
    "initial_pp_mean": -5.763964851697286,
    "final_pp_mean": -4.850789701938629,
    "best_pp_mean": -4.692953989240858
}