{
    "best_epoch": 46,
    "best_val_performance": 1.3344752391179409,
    "val_performance_metric": "diff",
    "train_loss": 2.254603624343872,
    "initial_dative_mean": -7.3408614909439756,
    "final_dative_mean": -6.749435375656998,
    "best_dative_mean": -6.817335642220681
}