{
    "best_epoch": 63,
    "best_val_performance": -0.014117735226949257,
    "val_performance_metric": "diff",
    "train_loss": 2.2435641288757324,
    "initial_dative_mean": -7.284627069158164,
    "final_dative_mean": -5.891729971818757,
    "best_dative_mean": -5.898521657575641
}