{
    "best_epoch": 42,
    "best_val_performance": 0.22782778898874856,
    "val_performance_metric": "diff",
    "train_loss": 2.490090847015381,
    "initial_pref_do": 0.15714285714285714,
    "final_pref_do": 0.08285714285714285,
    "best_pref_do": 0.08285714285714285
}