{
    "best_epoch": 68,
    "best_val_performance": 0.19505987167358452,
    "val_performance_metric": "diff",
    "train_loss": 2.200510263442993,
    "initial_dative_mean": -7.287217546624747,
    "final_dative_mean": -5.22188448644521,
    "best_dative_mean": -5.225683588730662
}