{
    "best_epoch": 66,
    "best_val_performance": 2.1158452574412028,
    "val_performance_metric": "diff",
    "train_loss": 1.9003022909164429,
    "initial_do_mean": -6.5348188096826725,
    "final_do_mean": -7.444508243329597,
    "best_do_mean": -7.550047578233661,
    "initial_pp_mean": -5.903147864341736,
    "final_pp_mean": -6.4000429312388105,
    "best_pp_mean": -6.43904787434472
}