{
    "best_epoch": 70,
    "best_val_performance": -0.2192837095260618,
    "val_performance_metric": "diff",
    "train_loss": 3.3628640174865723,
    "initial_pref_do": 0.10142857142857142,
    "final_pref_do": 0.08285714285714285,
    "best_pref_do": 0.08285714285714285
}