{
    "best_epoch": 70,
    "best_val_performance": -0.5303002150853473,
    "val_performance_metric": "diff",
    "train_loss": 6.248239040374756,
    "initial_pref_do": 0.18142857142857144,
    "final_pref_do": 0.16857142857142857,
    "best_pref_do": 0.16857142857142857
}