{
    "best_epoch": 70,
    "best_val_performance": 0.04081774870554611,
    "val_performance_metric": "diff",
    "train_loss": 1.9184125661849976,
    "initial_dative_mean": -7.612897927998103,
    "final_dative_mean": -4.992345647505152,
    "best_dative_mean": -4.992345647505152
}