{
    "best_epoch": 70,
    "best_val_performance": -0.6948525746663412,
    "val_performance_metric": "diff",
    "train_loss": 6.807666778564453,
    "initial_pref_do": 0.18142857142857144,
    "final_pref_do": 0.20714285714285716,
    "best_pref_do": 0.20714285714285716
}