{
    "best_epoch": 70,
    "best_val_performance": -0.2515024820963543,
    "val_performance_metric": "diff",
    "train_loss": 3.4966602325439453,
    "initial_do_mean": -7.6895233122415325,
    "final_do_mean": -6.003015666507011,
    "best_do_mean": -6.003015666507011,
    "initial_pp_mean": -7.254566395282746,
    "final_pp_mean": -5.726071422941544,
    "best_pp_mean": -5.726071422941544
}