{
    "best_epoch": 70,
    "best_val_performance": 0.024779508908589598,
    "val_performance_metric": "diff",
    "train_loss": 2.031064987182617,
    "initial_dative_mean": -7.312928234973149,
    "final_dative_mean": -5.679816450291907,
    "best_dative_mean": -5.679816450291907
}