{
    "best_epoch": 22,
    "best_val_performance": -0.026751488049824523,
    "val_performance_metric": "diff",
    "train_loss": 3.253382444381714,
    "initial_do_mean": -6.747557884274107,
    "final_do_mean": -4.646967705813322,
    "best_do_mean": -4.208037739089041,
    "initial_pp_mean": -6.127493119239807,
    "final_pp_mean": -4.111659664577908,
    "best_pp_mean": -3.81076223982705
}