{
    "best_epoch": 42,
    "best_val_performance": -0.09322279135386147,
    "val_performance_metric": "diff",
    "train_loss": 1.8588703870773315,
    "initial_do_mean": -6.5070580944870455,
    "final_do_mean": -5.384315247969194,
    "best_do_mean": -5.246750305638169,
    "initial_pp_mean": -5.874985549185011,
    "final_pp_mean": -4.35427426232232,
    "best_pp_mean": -4.291158885425991
}