{
    "best_epoch": 70,
    "best_val_performance": 0.10433450380961062,
    "val_performance_metric": "diff",
    "train_loss": 2.0174570083618164,
    "initial_do_mean": -6.512705788467869,
    "final_do_mean": -5.250386490966335,
    "best_do_mean": -5.250386490966335,
    "initial_pp_mean": -5.877979694472419,
    "final_pp_mean": -4.493677459822761,
    "best_pp_mean": -4.493677459822761
}