{
    "best_epoch": 70,
    "best_val_performance": -0.05851284344991026,
    "val_performance_metric": "diff",
    "train_loss": 3.3853538036346436,
    "initial_pref_do": 0.09857142857142857,
    "final_pref_do": 0.25142857142857145,
    "best_pref_do": 0.25142857142857145
}