{
    "best_epoch": 70,
    "best_val_performance": 0.10643109957377117,
    "val_performance_metric": "diff",
    "train_loss": 3.476982593536377,
    "initial_dative_mean": -7.580280046365415,
    "final_dative_mean": -5.408418821661096,
    "best_dative_mean": -5.408418821661096
}