{
    "best_epoch": 70,
    "best_val_performance": 0.3634040880203244,
    "val_performance_metric": "diff",
    "train_loss": 2.5421879291534424,
    "initial_pref_do": 0.08285714285714285,
    "final_pref_do": 0.1457142857142857,
    "best_pref_do": 0.1457142857142857
}