{
    "best_epoch": 14,
    "best_val_performance": 0.7086657079060874,
    "val_performance_metric": "diff",
    "train_loss": 2.9790189266204834,
    "initial_dative_mean": -7.57520851370884,
    "final_dative_mean": -6.704670751129675,
    "best_dative_mean": -5.619359316358789
}