{
    "best_epoch": 55,
    "best_val_performance": 1.3105342960357662,
    "val_performance_metric": "diff",
    "train_loss": 2.0191938877105713,
    "initial_do_mean": -7.6344077663366186,
    "final_do_mean": -6.629371864851131,
    "best_do_mean": -6.640227661229844,
    "initial_pp_mean": -6.991520089962903,
    "final_pp_mean": -6.129114659393535,
    "best_pp_mean": -6.169059545853559
}