{
    "best_epoch": 70,
    "best_val_performance": 0.5781458886464428,
    "val_performance_metric": "diff",
    "train_loss": 2.9282467365264893,
    "initial_do_mean": -7.673592946557111,
    "final_do_mean": -9.356426830901656,
    "best_do_mean": -9.356426830901656,
    "initial_pp_mean": -7.074647648194257,
    "final_pp_mean": -8.774799813943751,
    "best_pp_mean": -8.774799813943751
}