{
    "best_epoch": 70,
    "best_val_performance": -0.0696479797363283,
    "val_performance_metric": "diff",
    "train_loss": 3.252077102661133,
    "initial_do_mean": -7.6730658966441485,
    "final_do_mean": -6.104682351960692,
    "best_do_mean": -6.104682351960692,
    "initial_pp_mean": -7.074028057911817,
    "final_pp_mean": -5.451674164393369,
    "best_pp_mean": -5.451674164393369
}