{
    "best_epoch": 24,
    "best_val_performance": 0.5796057653427127,
    "val_performance_metric": "diff",
    "train_loss": 2.3341948986053467,
    "initial_pref_do": 0.17857142857142858,
    "final_pref_do": 0.025714285714285714,
    "best_pref_do": 0.06
}