{
    "best_epoch": 70,
    "best_val_performance": -0.5222201776504516,
    "val_performance_metric": "diff",
    "train_loss": 5.824047088623047,
    "initial_dative_mean": -7.283243966032887,
    "final_dative_mean": -6.816724395542814,
    "best_dative_mean": -6.816724395542814
}