{
    "best_epoch": 69,
    "best_val_performance": 0.23697810014088994,
    "val_performance_metric": "diff",
    "train_loss": 1.202970027923584,
    "initial_do_mean": -6.751617041501132,
    "final_do_mean": -4.8112808921120385,
    "best_do_mean": -4.8133529345194495,
    "initial_pp_mean": -6.13163161277771,
    "final_pp_mean": -4.269977418581645,
    "best_pp_mean": -4.273968799908956
}