{
    "best_epoch": 70,
    "best_val_performance": -0.3347245295842489,
    "val_performance_metric": "diff",
    "train_loss": 4.411482334136963,
    "initial_do_mean": -7.698714228563531,
    "final_do_mean": -5.895813524723053,
    "best_do_mean": -5.895813524723053,
    "initial_pp_mean": -7.165542967880474,
    "final_pp_mean": -5.34870534679469,
    "best_pp_mean": -5.34870534679469
}