{
    "best_epoch": 55,
    "best_val_performance": 0.18487081527709925,
    "val_performance_metric": "diff",
    "train_loss": 1.7089500427246094,
    "initial_pref_do": 0.08285714285714285,
    "final_pref_do": 0.04428571428571428,
    "best_pref_do": 0.03428571428571429
}