{
    "best_epoch": 61,
    "best_val_performance": 0.7938142029444375,
    "val_performance_metric": "diff",
    "train_loss": 1.6208974123001099,
    "initial_do_mean": -7.690532183924387,
    "final_do_mean": -5.862014148470967,
    "best_do_mean": -5.79219908423202,
    "initial_pp_mean": -7.17663978618734,
    "final_pp_mean": -4.756852980571635,
    "best_pp_mean": -4.681880228659686
}