{
    "best_epoch": 29,
    "best_val_performance": 0.3658441543579105,
    "val_performance_metric": "diff",
    "train_loss": 2.6835901737213135,
    "initial_do_mean": -7.70450697596683,
    "final_do_mean": -6.091713210177976,
    "best_do_mean": -5.28411387842755,
    "initial_pp_mean": -7.171468611324535,
    "final_pp_mean": -4.9665267937323625,
    "best_pp_mean": -4.4708823908777795
}