{
    "best_epoch": 70,
    "best_val_performance": 0.4979366938273113,
    "val_performance_metric": "diff",
    "train_loss": 1.580305814743042,
    "initial_pref_do": 0.1357142857142857,
    "final_pref_do": 0.015714285714285715,
    "best_pref_do": 0.015714285714285715
}