{
    "best_epoch": 39,
    "best_val_performance": 1.558724101384481,
    "val_performance_metric": "diff",
    "train_loss": 2.0106923580169678,
    "initial_dative_mean": -7.60814680899793,
    "final_dative_mean": -10.624563537494481,
    "best_dative_mean": -9.336487790645911
}