{
    "best_epoch": 70,
    "best_val_performance": -0.11006567478179985,
    "val_performance_metric": "diff",
    "train_loss": 3.6600189208984375,
    "initial_do_mean": -6.502930629614628,
    "final_do_mean": -5.085567890514027,
    "best_do_mean": -5.085567890514027,
    "initial_pp_mean": -5.869816417164273,
    "final_pp_mean": -4.567644039789836,
    "best_pp_mean": -4.567644039789836
}