{
    "best_epoch": 70,
    "best_val_performance": 0.7206234169006347,
    "val_performance_metric": "diff",
    "train_loss": 1.535010576248169,
    "initial_do_mean": -7.687681995852049,
    "final_do_mean": -9.350755059441855,
    "best_do_mean": -9.350755059441855,
    "initial_pp_mean": -7.174545121192932,
    "final_pp_mean": -7.991179532163283,
    "best_pp_mean": -7.991179532163283
}