{
    "best_epoch": 12,
    "best_val_performance": 0.38206202348073326,
    "val_performance_metric": "diff",
    "train_loss": 2.087862968444824,
    "initial_pref_do": 0.18,
    "final_pref_do": 0.15714285714285714,
    "best_pref_do": 0.18428571428571427
}