{
    "best_epoch": 70,
    "best_val_performance": -0.20207098325093575,
    "val_performance_metric": "diff",
    "train_loss": 4.159067630767822,
    "initial_do_mean": -7.692926134480986,
    "final_do_mean": -5.934445672950079,
    "best_do_mean": -5.934445672950079,
    "initial_pp_mean": -7.294059226793402,
    "final_pp_mean": -5.198347294681213,
    "best_pp_mean": -5.198347294681213
}