{
    "best_epoch": 37,
    "best_val_performance": -0.22388020038604672,
    "val_performance_metric": "diff",
    "train_loss": 1.5075796842575073,
    "initial_pref_do": 0.1357142857142857,
    "final_pref_do": 0.08285714285714285,
    "best_pref_do": 0.10428571428571429
}