{
    "best_epoch": 70,
    "best_val_performance": -0.6618881448109946,
    "val_performance_metric": "diff",
    "train_loss": 6.391519546508789,
    "initial_dative_mean": -7.607853131336078,
    "final_dative_mean": -7.3599831643160325,
    "best_dative_mean": -7.3599831643160325
}