{
    "best_epoch": 14,
    "best_val_performance": 0.14736962795257558,
    "val_performance_metric": "diff",
    "train_loss": 3.6829731464385986,
    "initial_dative_mean": -7.256865750279343,
    "final_dative_mean": -5.288288279235014,
    "best_dative_mean": -5.784545672567267
}