{
    "best_epoch": 32,
    "best_val_performance": 1.0724685239791878,
    "val_performance_metric": "diff",
    "train_loss": 3.0386385917663574,
    "initial_do_mean": -7.5955550663693,
    "final_do_mean": -7.92583292999933,
    "best_do_mean": -7.487755938324818,
    "initial_pp_mean": -7.150300467014313,
    "final_pp_mean": -7.562912300754996,
    "best_pp_mean": -6.592354209282819
}