{
    "best_epoch": 34,
    "best_val_performance": 1.6758532587687176,
    "val_performance_metric": "diff",
    "train_loss": 1.7312992811203003,
    "initial_do_mean": -6.660351880391439,
    "final_do_mean": -5.832847694917159,
    "best_do_mean": -5.439617727742051,
    "initial_pp_mean": -5.918178227212694,
    "final_pp_mean": -5.317368218633864,
    "best_pp_mean": -4.995191046926711
}