{
    "best_epoch": 27,
    "best_val_performance": -0.09726537068684848,
    "val_performance_metric": "diff",
    "train_loss": 3.09639310836792,
    "initial_pref_do": 0.14714285714285713,
    "final_pref_do": 0.07428571428571429,
    "best_pref_do": 0.10142857142857142
}