{
    "best_epoch": 12,
    "best_val_performance": 0.8991212304433187,
    "val_performance_metric": "diff",
    "train_loss": 2.681244373321533,
    "initial_do_mean": -6.743205047376228,
    "final_do_mean": -5.994365368467388,
    "best_do_mean": -4.661925364985611,
    "initial_pp_mean": -6.125800029436747,
    "final_pp_mean": -5.93613662454817,
    "best_pp_mean": -4.381477557288276
}