{
    "best_epoch": 27,
    "best_val_performance": 0.1661612971623745,
    "val_performance_metric": "diff",
    "train_loss": 2.6363956928253174,
    "initial_dative_mean": -7.193652984343077,
    "final_dative_mean": -4.988596794549485,
    "best_dative_mean": -4.667978583633551
}