{
    "best_epoch": 70,
    "best_val_performance": -0.6885830291112258,
    "val_performance_metric": "diff",
    "train_loss": 7.118028163909912,
    "initial_dative_mean": -7.318121265598208,
    "final_dative_mean": -7.17171567504169,
    "best_dative_mean": -7.17171567504169
}