{
    "best_epoch": 70,
    "best_val_performance": -0.2840628449122109,
    "val_performance_metric": "diff",
    "train_loss": 3.1880428791046143,
    "initial_pref_do": 0.15571428571428572,
    "final_pref_do": 0.20714285714285716,
    "best_pref_do": 0.20714285714285716
}