{
    "best_epoch": 70,
    "best_val_performance": -0.02110170682271395,
    "val_performance_metric": "diff",
    "train_loss": 2.4498062133789062,
    "initial_dative_mean": -7.190571822966748,
    "final_dative_mean": -5.584545784352119,
    "best_dative_mean": -5.584545784352119
}