{
    "best_epoch": 13,
    "best_val_performance": 0.900958091417948,
    "val_performance_metric": "diff",
    "train_loss": 3.4301750659942627,
    "initial_do_mean": -6.639754783745968,
    "final_do_mean": -5.828900358893654,
    "best_do_mean": -5.215018785361088,
    "initial_pp_mean": -5.790888934665256,
    "final_pp_mean": -5.369371067153083,
    "best_pp_mean": -4.512868542141384
}