{
    "best_epoch": 1,
    "best_val_performance": -0.785475737253825,
    "val_performance_metric": "diff",
    "train_loss": 8.17856502532959,
    "initial_dative_mean": -7.581007671286488,
    "final_dative_mean": -7.445674486676155,
    "best_dative_mean": -7.579200506558892
}