{
    "best_epoch": 15,
    "best_val_performance": 2.852577026685079,
    "val_performance_metric": "diff",
    "train_loss": 1.9369969367980957,
    "initial_dative_mean": -7.19735934929541,
    "final_dative_mean": -8.229291959638484,
    "best_dative_mean": -4.925752350984261
}