{
    "best_epoch": 41,
    "best_val_performance": -0.017817247708638462,
    "val_performance_metric": "diff",
    "train_loss": 2.650768995285034,
    "initial_do_mean": -6.674345490426728,
    "final_do_mean": -5.461756904197462,
    "best_do_mean": -5.202680082032175,
    "initial_pp_mean": -5.825989460945129,
    "final_pp_mean": -5.073753415213691,
    "best_pp_mean": -4.724479058053759
}