{
    "best_epoch": 51,
    "best_val_performance": 0.8161946471532184,
    "val_performance_metric": "diff",
    "train_loss": 1.9215606451034546,
    "initial_do_mean": -7.692847852790078,
    "final_do_mean": -6.995112465564595,
    "best_do_mean": -6.8931731432676315,
    "initial_pp_mean": -7.294692276505863,
    "final_pp_mean": -5.712797200329163,
    "best_pp_mean": -5.465252663458095
}