{
    "best_epoch": 23,
    "best_val_performance": -0.045893990198770496,
    "val_performance_metric": "diff",
    "train_loss": 3.4106318950653076,
    "initial_do_mean": -7.688679789387902,
    "final_do_mean": -5.725146355670552,
    "best_do_mean": -5.485914349902508,
    "initial_pp_mean": -7.176365948424619,
    "final_pp_mean": -5.2749486053691195,
    "best_pp_mean": -5.010221180495094
}