{
    "best_epoch": 45,
    "best_val_performance": 0.15451300621032704,
    "val_performance_metric": "diff",
    "train_loss": 2.1052794456481934,
    "initial_dative_mean": -7.260951879080276,
    "final_dative_mean": -5.325085000510802,
    "best_dative_mean": -5.148465754344449
}