{
    "best_epoch": 70,
    "best_val_performance": -0.34274742285410564,
    "val_performance_metric": "diff",
    "train_loss": 1.7279317378997803,
    "initial_pref_do": 0.17857142857142858,
    "final_pref_do": 0.1357142857142857,
    "best_pref_do": 0.1357142857142857
}