{
    "best_epoch": 8,
    "best_val_performance": 0.7361564826965328,
    "val_performance_metric": "diff",
    "train_loss": 2.8536510467529297,
    "initial_pref_do": 0.15714285714285714,
    "final_pref_do": 0.032857142857142856,
    "best_pref_do": 0.015714285714285715
}