{
    "best_epoch": 50,
    "best_val_performance": 0.639464904467264,
    "val_performance_metric": "diff",
    "train_loss": 2.017990827560425,
    "initial_do_mean": -7.958293131617612,
    "final_do_mean": -5.8266980776260064,
    "best_do_mean": -5.832190734355948,
    "initial_pp_mean": -7.532509955939124,
    "final_pp_mean": -5.260236395807827,
    "best_pp_mean": -5.240390096692478
}