{
    "best_epoch": 48,
    "best_val_performance": -0.02473883628845197,
    "val_performance_metric": "diff",
    "train_loss": 2.5298707485198975,
    "initial_pref_do": 0.07714285714285714,
    "final_pref_do": 0.03142857142857143,
    "best_pref_do": 0.012857142857142857
}