{
    "best_epoch": 70,
    "best_val_performance": -0.4312078762054439,
    "val_performance_metric": "diff",
    "train_loss": 5.68757438659668,
    "initial_dative_mean": -7.463028742555986,
    "final_dative_mean": -7.010748291921894,
    "best_dative_mean": -7.010748291921894
}