{
    "best_epoch": 38,
    "best_val_performance": 0.03081363677978466,
    "val_performance_metric": "diff",
    "train_loss": 3.0773491859436035,
    "initial_pref_do": 0.15571428571428572,
    "final_pref_do": 0.15714285714285714,
    "best_pref_do": 0.13
}