{
    "best_epoch": 29,
    "best_val_performance": 3.885582202275595,
    "val_performance_metric": "diff",
    "train_loss": 3.2685842514038086,
    "initial_do_mean": -7.689449900804564,
    "final_do_mean": -9.988895809927651,
    "best_do_mean": -6.164674663613009,
    "initial_pp_mean": -7.253645352756275,
    "final_pp_mean": -14.048995548136094,
    "best_pp_mean": -6.267041202853708
}