{
    "best_epoch": 62,
    "best_val_performance": 1.513675065040589,
    "val_performance_metric": "diff",
    "train_loss": 1.9891867637634277,
    "initial_do_mean": -7.60102592928465,
    "final_do_mean": -6.517967927594517,
    "best_do_mean": -6.371378171582554,
    "initial_pp_mean": -7.155285169096554,
    "final_pp_mean": -5.815232407696107,
    "best_pp_mean": -5.702464545123718
}