{
    "best_epoch": 41,
    "best_val_performance": 4.520158816973368,
    "val_performance_metric": "diff",
    "train_loss": 1.3319072723388672,
    "initial_do_mean": -7.636035489481549,
    "final_do_mean": -6.355740252968877,
    "best_do_mean": -6.3851322244073065,
    "initial_pp_mean": -6.9913434603635,
    "final_pp_mean": -5.29968667065396,
    "best_pp_mean": -5.3426954500815445
}