{
    "best_epoch": 14,
    "best_val_performance": 1.3686864773432417,
    "val_performance_metric": "diff",
    "train_loss": 2.097203016281128,
    "initial_dative_mean": -7.610518529401188,
    "final_dative_mean": -6.982637715269948,
    "best_dative_mean": -4.8313296247295465
}