{
    "best_epoch": 23,
    "best_val_performance": 0.3684783792495727,
    "val_performance_metric": "diff",
    "train_loss": 3.2990386486053467,
    "initial_do_mean": -7.6015243135219395,
    "final_do_mean": -5.579501527339914,
    "best_do_mean": -5.2852338077717045,
    "initial_pp_mean": -7.156501754592447,
    "final_pp_mean": -5.003555578344009,
    "best_pp_mean": -4.5421274777720955
}