{
    "best_epoch": 70,
    "best_val_performance": -0.3439107497533165,
    "val_performance_metric": "diff",
    "train_loss": 3.8563311100006104,
    "initial_do_mean": -6.671202506441059,
    "final_do_mean": -5.592426005276766,
    "best_do_mean": -5.592426005276766,
    "initial_pp_mean": -5.82190899848938,
    "final_pp_mean": -4.954989483621385,
    "best_pp_mean": -4.954989483621385
}