{
    "best_epoch": 24,
    "best_val_performance": 0.09399633407592756,
    "val_performance_metric": "diff",
    "train_loss": 3.4717395305633545,
    "initial_do_mean": -7.634894388359647,
    "final_do_mean": -5.16505786187427,
    "best_do_mean": -4.869884573442992,
    "initial_pp_mean": -6.991695761680603,
    "final_pp_mean": -4.802486254187191,
    "best_pp_mean": -4.52655219821369
}