{
    "best_epoch": 63,
    "best_val_performance": 0.7796992079416913,
    "val_performance_metric": "diff",
    "train_loss": 2.2205262184143066,
    "initial_pref_do": 0.14857142857142858,
    "final_pref_do": 0.09285714285714286,
    "best_pref_do": 0.06857142857142857
}