{
    "best_epoch": 64,
    "best_val_performance": -0.024501976966858408,
    "val_performance_metric": "diff",
    "train_loss": 3.4697375297546387,
    "initial_do_mean": -7.631737424883732,
    "final_do_mean": -5.814962442877681,
    "best_do_mean": -5.900439376401347,
    "initial_pp_mean": -6.989190286047318,
    "final_pp_mean": -5.054033689639148,
    "best_pp_mean": -5.146654566596536
}