{
    "best_epoch": 30,
    "best_val_performance": -0.2301042429606115,
    "val_performance_metric": "diff",
    "train_loss": 5.227865219116211,
    "initial_do_mean": -6.745334421504627,
    "final_do_mean": -5.077134048577511,
    "best_do_mean": -5.4827569715904465,
    "initial_pp_mean": -6.127331805229187,
    "final_pp_mean": -4.435520421134101,
    "best_pp_mean": -4.8193096505271065
}