{
    "best_epoch": 54,
    "best_val_performance": 1.9224153550465903,
    "val_performance_metric": "diff",
    "train_loss": 2.4781877994537354,
    "initial_do_mean": -6.510871609774503,
    "final_do_mean": -8.859558949326024,
    "best_do_mean": -8.923184144858158,
    "initial_pp_mean": -5.880305115381876,
    "final_pp_mean": -8.194135374493069,
    "best_pp_mean": -8.4881183385849
}