{
    "best_epoch": 29,
    "best_val_performance": -0.2016453663508102,
    "val_performance_metric": "diff",
    "train_loss": 3.1009440422058105,
    "initial_pref_do": 0.16142857142857142,
    "final_pref_do": 0.13714285714285715,
    "best_pref_do": 0.10571428571428572
}