{
    "best_epoch": 70,
    "best_val_performance": 0.20784206390380788,
    "val_performance_metric": "diff",
    "train_loss": 3.0265772342681885,
    "initial_pref_do": 0.08285714285714285,
    "final_pref_do": 0.03428571428571429,
    "best_pref_do": 0.03428571428571429
}