{
    "best_epoch": 70,
    "best_val_performance": 1.736000285148621,
    "val_performance_metric": "diff",
    "train_loss": 1.5743340253829956,
    "initial_dative_mean": -7.577268492060098,
    "final_dative_mean": -6.255961267223135,
    "best_dative_mean": -6.255961267223135
}