{
    "best_epoch": 28,
    "best_val_performance": 0.4343019119898477,
    "val_performance_metric": "diff",
    "train_loss": 1.9596140384674072,
    "initial_dative_mean": -7.259868246770044,
    "final_dative_mean": -5.221100224563253,
    "best_dative_mean": -4.986870553061279
}