{
    "best_epoch": 22,
    "best_val_performance": 1.5724358558654785,
    "val_performance_metric": "diff",
    "train_loss": 1.4953193664550781,
    "initial_pref_do": 0.12714285714285714,
    "final_pref_do": 0.06428571428571428,
    "best_pref_do": 0.08142857142857143
}