{
    "best_epoch": 70,
    "best_val_performance": 1.1284631935755414,
    "val_performance_metric": "diff",
    "train_loss": 2.0337796211242676,
    "initial_dative_mean": -7.58284756872389,
    "final_dative_mean": -5.89667321610869,
    "best_dative_mean": -5.89667321610869
}