{
    "best_epoch": 44,
    "best_val_performance": 0.03610232988993278,
    "val_performance_metric": "diff",
    "train_loss": 1.391724705696106,
    "initial_do_mean": -7.690624426963717,
    "final_do_mean": -5.721919166487317,
    "best_do_mean": -5.8385873073062236,
    "initial_pp_mean": -7.255949309994192,
    "final_pp_mean": -5.339841716429767,
    "best_pp_mean": -5.33287873934297
}