{
    "best_epoch": 70,
    "best_val_performance": -0.011709211667378483,
    "val_performance_metric": "diff",
    "train_loss": 4.037181377410889,
    "initial_do_mean": -7.694015396888866,
    "final_do_mean": -5.779646894612978,
    "best_do_mean": -5.779646894612978,
    "initial_pp_mean": -7.296571136222166,
    "final_pp_mean": -5.172854846715927,
    "best_pp_mean": -5.172854846715927
}