{
    "best_epoch": 70,
    "best_val_performance": -0.45780554771423354,
    "val_performance_metric": "diff",
    "train_loss": 6.750466823577881,
    "initial_pref_do": 0.14714285714285713,
    "final_pref_do": 0.18428571428571427,
    "best_pref_do": 0.18428571428571427
}