{
    "best_epoch": 70,
    "best_val_performance": 0.25714946269989003,
    "val_performance_metric": "diff",
    "train_loss": 2.4051971435546875,
    "initial_do_mean": -7.676661833774212,
    "final_do_mean": -5.837706332982973,
    "best_do_mean": -5.837706332982973,
    "initial_pp_mean": -7.0784132852273824,
    "final_pp_mean": -5.0611923519302815,
    "best_pp_mean": -5.0611923519302815
}