{
    "best_epoch": 70,
    "best_val_performance": -0.09990340709686318,
    "val_performance_metric": "diff",
    "train_loss": 3.6136698722839355,
    "initial_do_mean": -6.6597068280884715,
    "final_do_mean": -5.161345182765614,
    "best_do_mean": -5.161345182765614,
    "initial_pp_mean": -5.919706413480971,
    "final_pp_mean": -4.340447309282091,
    "best_pp_mean": -4.340447309282091
}