{
    "best_epoch": 22,
    "best_val_performance": -0.06015152931213397,
    "val_performance_metric": "diff",
    "train_loss": 4.381849765777588,
    "initial_do_mean": -6.637887745192557,
    "final_do_mean": -5.877051117925933,
    "best_do_mean": -5.746672756021673,
    "initial_pp_mean": -5.788806056976318,
    "final_pp_mean": -4.9765451484256324,
    "best_pp_mean": -4.882669226328532
}