{
    "best_epoch": 70,
    "best_val_performance": -0.13163228988647457,
    "val_performance_metric": "diff",
    "train_loss": 3.165954113006592,
    "initial_do_mean": -6.412630367279053,
    "final_do_mean": -5.062317148844401,
    "best_do_mean": -5.062317148844401,
    "initial_pp_mean": -5.737395728958978,
    "final_pp_mean": -4.1519960191514755,
    "best_pp_mean": -4.1519960191514755
}