{
    "best_epoch": 17,
    "best_val_performance": 3.3156694634755457,
    "val_performance_metric": "diff",
    "train_loss": 2.9669880867004395,
    "initial_do_mean": -7.695428664601127,
    "final_do_mean": -11.62313254766686,
    "best_do_mean": -7.415277100579683,
    "initial_pp_mean": -7.296465670361238,
    "final_pp_mean": -9.973205458066042,
    "best_pp_mean": -6.7878990541486175
}