{
    "best_epoch": 7,
    "best_val_performance": 0.27246956189473526,
    "val_performance_metric": "diff",
    "train_loss": 2.7235300540924072,
    "initial_pref_do": 0.14714285714285713,
    "final_pref_do": 0.014285714285714285,
    "best_pref_do": 0.06857142857142857
}