{
    "best_epoch": 70,
    "best_val_performance": -0.38242617130279477,
    "val_performance_metric": "diff",
    "train_loss": 4.603046417236328,
    "initial_dative_mean": -7.195503572622935,
    "final_dative_mean": -5.882062474538011,
    "best_dative_mean": -5.882062474538011
}