{
    "best_epoch": 70,
    "best_val_performance": -0.5248188130060827,
    "val_performance_metric": "diff",
    "train_loss": 5.598141670227051,
    "initial_dative_mean": -7.343997401800769,
    "final_dative_mean": -6.997058070193955,
    "best_dative_mean": -6.997058070193955
}