{
    "best_epoch": 37,
    "best_val_performance": 0.5303041044871009,
    "val_performance_metric": "diff",
    "train_loss": 1.9799684286117554,
    "initial_do_mean": -6.549238387021151,
    "final_do_mean": -4.861339618220474,
    "best_do_mean": -4.42356390953064,
    "initial_pp_mean": -5.90334337287479,
    "final_pp_mean": -4.230469404326545,
    "best_pp_mean": -3.7030824926164416
}