{
    "best_epoch": 42,
    "best_val_performance": 0.6668268076578778,
    "val_performance_metric": "diff",
    "train_loss": 1.592976689338684,
    "initial_pref_do": 0.14714285714285713,
    "final_pref_do": 0.008571428571428572,
    "best_pref_do": 0.008571428571428572
}