{
    "best_epoch": 70,
    "best_val_performance": -0.04578715960184798,
    "val_performance_metric": "diff",
    "train_loss": 1.9315088987350464,
    "initial_dative_mean": -7.288775199686575,
    "final_dative_mean": -5.906881736210215,
    "best_dative_mean": -5.906881736210215
}