{
    "best_epoch": 24,
    "best_val_performance": 0.09361530303955057,
    "val_performance_metric": "diff",
    "train_loss": 1.983721375465393,
    "initial_pref_do": 0.12428571428571429,
    "final_pref_do": 0.09571428571428571,
    "best_pref_do": 0.03
}