{
    "best_epoch": 27,
    "best_val_performance": 0.2467464145024616,
    "val_performance_metric": "diff",
    "train_loss": 3.7559292316436768,
    "initial_do_mean": -7.956759819457697,
    "final_do_mean": -4.993505886820859,
    "best_do_mean": -4.795264674134033,
    "initial_pp_mean": -7.530796651980456,
    "final_pp_mean": -4.797563450476702,
    "best_pp_mean": -4.4865815643002005
}