{
    "best_epoch": 70,
    "best_val_performance": -0.17441734949747723,
    "val_performance_metric": "diff",
    "train_loss": 4.647233963012695,
    "initial_dative_mean": -7.340196657947629,
    "final_dative_mean": -5.963321643963194,
    "best_dative_mean": -5.963321643963194
}