{
    "best_epoch": 70,
    "best_val_performance": 0.29864487012227414,
    "val_performance_metric": "diff",
    "train_loss": 2.711754322052002,
    "initial_pref_do": 0.07714285714285714,
    "final_pref_do": 0.15,
    "best_pref_do": 0.15
}