{
    "best_epoch": 20,
    "best_val_performance": 1.3927319018046065,
    "val_performance_metric": "diff",
    "train_loss": 1.652849793434143,
    "initial_pref_do": 0.07714285714285714,
    "final_pref_do": 0.018571428571428572,
    "best_pref_do": 0.045714285714285714
}