{
    "best_epoch": 70,
    "best_val_performance": -0.07526310284932514,
    "val_performance_metric": "diff",
    "train_loss": 2.9109156131744385,
    "initial_dative_mean": -7.464535681824935,
    "final_dative_mean": -5.81865198884094,
    "best_dative_mean": -5.81865198884094
}