{
    "best_epoch": 19,
    "best_val_performance": 0.34480173428853345,
    "val_performance_metric": "diff",
    "train_loss": 2.9371418952941895,
    "initial_do_mean": -7.638590965853181,
    "final_do_mean": -5.227695666773375,
    "best_do_mean": -4.836665664647901,
    "initial_pp_mean": -6.995408056062811,
    "final_pp_mean": -4.548045413984972,
    "best_pp_mean": -4.10471466218724
}