{
    "best_epoch": 70,
    "best_val_performance": -0.5493682257334394,
    "val_performance_metric": "diff",
    "train_loss": 7.346465587615967,
    "initial_dative_mean": -7.283455614109485,
    "final_dative_mean": -6.819776768572846,
    "best_dative_mean": -6.819776768572846
}