{
    "best_epoch": 70,
    "best_val_performance": 0.17243451913197827,
    "val_performance_metric": "diff",
    "train_loss": 3.421156883239746,
    "initial_do_mean": -7.69331404012303,
    "final_do_mean": -6.38183018287947,
    "best_do_mean": -6.38183018287947,
    "initial_pp_mean": -7.295519716599408,
    "final_pp_mean": -5.974993323578554,
    "best_pp_mean": -5.974993323578554
}