{
    "best_epoch": 70,
    "best_val_performance": 0.20018679459889732,
    "val_performance_metric": "diff",
    "train_loss": 2.207646131515503,
    "initial_dative_mean": -7.25834170802992,
    "final_dative_mean": -5.574677622109129,
    "best_dative_mean": -5.574677622109129
}