{
    "best_epoch": 70,
    "best_val_performance": -0.009186283747355084,
    "val_performance_metric": "diff",
    "train_loss": 4.258078575134277,
    "initial_do_mean": -7.637264081211978,
    "final_do_mean": -6.040759005172308,
    "best_do_mean": -6.040759005172308,
    "initial_pp_mean": -6.993800660441903,
    "final_pp_mean": -5.4623381761943595,
    "best_pp_mean": -5.4623381761943595
}