{
    "best_epoch": 54,
    "best_val_performance": 2.312015813191733,
    "val_performance_metric": "diff",
    "train_loss": 2.256513833999634,
    "initial_do_mean": -6.666010269974217,
    "final_do_mean": -8.427229314861876,
    "best_do_mean": -8.979905530178186,
    "initial_pp_mean": -5.819086368878683,
    "final_pp_mean": -7.438732597563002,
    "best_pp_mean": -7.714267563819885
}