{
    "best_epoch": 14,
    "best_val_performance": -0.3209870354334514,
    "val_performance_metric": "diff",
    "train_loss": 3.8559837341308594,
    "initial_pref_do": 0.08285714285714285,
    "final_pref_do": 0.027142857142857142,
    "best_pref_do": 0.08714285714285715
}