{
    "best_epoch": 12,
    "best_val_performance": -0.09492467085520406,
    "val_performance_metric": "diff",
    "train_loss": 3.805605888366699,
    "initial_do_mean": -6.546486042485093,
    "final_do_mean": -5.364674893292514,
    "best_do_mean": -4.716705787543095,
    "initial_pp_mean": -5.9005089547899034,
    "final_pp_mean": -4.646119862132602,
    "best_pp_mean": -4.321658598052131
}