{
    "best_epoch": 70,
    "best_val_performance": -0.11962626298268653,
    "val_performance_metric": "diff",
    "train_loss": 3.650601863861084,
    "initial_dative_mean": -7.312404060572908,
    "final_dative_mean": -5.96035608457543,
    "best_dative_mean": -5.96035608457543
}