{
    "best_epoch": 37,
    "best_val_performance": 3.6188675276438387,
    "val_performance_metric": "diff",
    "train_loss": 1.4965095520019531,
    "initial_do_mean": -7.961081335017847,
    "final_do_mean": -8.77218466858531,
    "best_do_mean": -8.786881800654323,
    "initial_pp_mean": -7.575772985290079,
    "final_pp_mean": -7.83201673136038,
    "best_pp_mean": -7.518464352102841
}