{
    "best_epoch": 31,
    "best_val_performance": 0.6117052904764808,
    "val_performance_metric": "diff",
    "train_loss": 1.5002690553665161,
    "initial_pref_do": 0.17714285714285713,
    "final_pref_do": 0.25142857142857145,
    "best_pref_do": 0.2342857142857143
}