{
    "best_epoch": 70,
    "best_val_performance": -0.6043560854593917,
    "val_performance_metric": "diff",
    "train_loss": 6.801934719085693,
    "initial_dative_mean": -7.255797489344725,
    "final_dative_mean": -7.061267692791788,
    "best_dative_mean": -7.061267692791788
}