{
    "best_epoch": 11,
    "best_val_performance": -0.15235080083211194,
    "val_performance_metric": "diff",
    "train_loss": 2.838250160217285,
    "initial_dative_mean": -7.60998737324051,
    "final_dative_mean": -5.783740585310417,
    "best_dative_mean": -5.521401772025036
}