{
    "best_epoch": 41,
    "best_val_performance": 1.8487298027674353,
    "val_performance_metric": "diff",
    "train_loss": 2.4129819869995117,
    "initial_dative_mean": -7.576903510860532,
    "final_dative_mean": -6.357652858335372,
    "best_dative_mean": -6.092491439211439
}