{
    "best_epoch": 70,
    "best_val_performance": -0.6533560307820636,
    "val_performance_metric": "diff",
    "train_loss": 8.595519065856934,
    "initial_dative_mean": -7.19325625094754,
    "final_dative_mean": -6.953075179928227,
    "best_dative_mean": -6.953075179928227
}