{
    "best_epoch": 54,
    "best_val_performance": 0.24848283608754418,
    "val_performance_metric": "diff",
    "train_loss": 1.6475666761398315,
    "initial_pref_do": 0.08285714285714285,
    "final_pref_do": 0.04,
    "best_pref_do": 0.037142857142857144
}