{
    "best_epoch": 29,
    "best_val_performance": 0.4643400955200194,
    "val_performance_metric": "diff",
    "train_loss": 2.2997050285339355,
    "initial_dative_mean": -7.259804042807796,
    "final_dative_mean": -4.9974172280894384,
    "best_dative_mean": -4.78327450365351
}