{
    "best_epoch": 70,
    "best_val_performance": -0.24685579299926808,
    "val_performance_metric": "diff",
    "train_loss": 3.318922758102417,
    "initial_do_mean": -6.638247024651729,
    "final_do_mean": -5.086391464869181,
    "best_do_mean": -5.086391464869181,
    "initial_pp_mean": -5.786989929940965,
    "final_pp_mean": -4.265119844012791,
    "best_pp_mean": -4.265119844012791
}