{
    "best_epoch": 70,
    "best_val_performance": -0.15788117726643858,
    "val_performance_metric": "diff",
    "train_loss": 3.863443374633789,
    "initial_pref_do": 0.07714285714285714,
    "final_pref_do": 0.12428571428571429,
    "best_pref_do": 0.12428571428571429
}