{
    "best_epoch": 10,
    "best_val_performance": -0.1102169132232671,
    "val_performance_metric": "diff",
    "train_loss": 4.097789287567139,
    "initial_do_mean": -6.671193784655947,
    "final_do_mean": -5.301634287111687,
    "best_do_mean": -4.910802147605202,
    "initial_pp_mean": -5.824099771181742,
    "final_pp_mean": -4.670678933461507,
    "best_pp_mean": -4.148749187257555
}