{
    "best_epoch": 70,
    "best_val_performance": -0.1305103603998825,
    "val_performance_metric": "diff",
    "train_loss": 3.9261391162872314,
    "initial_pref_do": 0.08428571428571428,
    "final_pref_do": 0.12,
    "best_pref_do": 0.12
}