{
    "best_epoch": 56,
    "best_val_performance": -0.7279524421691894,
    "val_performance_metric": "diff",
    "train_loss": 6.490843772888184,
    "initial_pref_do": 0.18,
    "final_pref_do": 0.18714285714285714,
    "best_pref_do": 0.18428571428571427
}