{
    "best_epoch": 70,
    "best_val_performance": -0.1948217884699499,
    "val_performance_metric": "diff",
    "train_loss": 3.354139566421509,
    "initial_do_mean": -6.5589767080364805,
    "final_do_mean": -4.690833136529633,
    "best_do_mean": -4.690833136529633,
    "initial_pp_mean": -5.762634452184042,
    "final_pp_mean": -4.113086703088548,
    "best_pp_mean": -4.113086703088548
}