{
    "best_epoch": 44,
    "best_val_performance": 1.311825618743896,
    "val_performance_metric": "diff",
    "train_loss": 1.7180376052856445,
    "initial_dative_mean": -7.341769822508271,
    "final_dative_mean": -5.112780203247628,
    "best_dative_mean": -5.148687960808737
}