{
    "best_epoch": 70,
    "best_val_performance": -0.34291152954101545,
    "val_performance_metric": "diff",
    "train_loss": 4.984548091888428,
    "initial_dative_mean": -7.468868749183521,
    "final_dative_mean": -6.939841327611466,
    "best_dative_mean": -6.939841327611466
}