{
    "best_epoch": 55,
    "best_val_performance": 0.12842840830484992,
    "val_performance_metric": "diff",
    "train_loss": 4.364800453186035,
    "initial_do_mean": -6.418006300203728,
    "final_do_mean": -5.344121314540054,
    "best_do_mean": -5.505057180289066,
    "initial_pp_mean": -5.742788823445638,
    "final_pp_mean": -4.590958868132697,
    "best_pp_mean": -4.700097229745653
}