{
    "best_epoch": 61,
    "best_val_performance": 1.9670569229125974,
    "val_performance_metric": "diff",
    "train_loss": 1.8521860837936401,
    "initial_pref_do": 0.1357142857142857,
    "final_pref_do": 0.34285714285714286,
    "best_pref_do": 0.2957142857142857
}