{
    "best_epoch": 70,
    "best_val_performance": 0.25753459294636993,
    "val_performance_metric": "diff",
    "train_loss": 1.5680650472640991,
    "initial_do_mean": -6.41318666862719,
    "final_do_mean": -4.80615201140895,
    "best_do_mean": -4.80615201140895,
    "initial_pp_mean": -5.736482551362779,
    "final_pp_mean": -4.26959949599372,
    "best_pp_mean": -4.26959949599372
}