{
    "best_epoch": 51,
    "best_val_performance": 0.23913786888122512,
    "val_performance_metric": "diff",
    "train_loss": 2.471904993057251,
    "initial_pref_do": 0.08428571428571428,
    "final_pref_do": 0.02142857142857143,
    "best_pref_do": 0.03142857142857143
}