{
    "best_epoch": 32,
    "best_val_performance": 1.1965628623962408,
    "val_performance_metric": "diff",
    "train_loss": 1.383726716041565,
    "initial_do_mean": -7.5980090346447255,
    "final_do_mean": -8.028311080364293,
    "best_do_mean": -7.065674128227456,
    "initial_pp_mean": -7.153549517603482,
    "final_pp_mean": -6.837909735651577,
    "best_pp_mean": -5.802278666987139
}