{
    "best_epoch": 38,
    "best_val_performance": -0.0565140803654991,
    "val_performance_metric": "diff",
    "train_loss": 2.4452879428863525,
    "initial_dative_mean": -7.310834879763642,
    "final_dative_mean": -5.3725418401391885,
    "best_dative_mean": -5.350944207774268
}