{
    "best_epoch": 62,
    "best_val_performance": 0.053255961736043744,
    "val_performance_metric": "diff",
    "train_loss": 2.5628905296325684,
    "initial_pref_do": 0.15571428571428572,
    "final_pref_do": 0.22285714285714286,
    "best_pref_do": 0.21857142857142858
}