{
    "best_epoch": 24,
    "best_val_performance": 2.730284479459127,
    "val_performance_metric": "diff",
    "train_loss": 1.460060477256775,
    "initial_do_mean": -7.840957801702411,
    "final_do_mean": -6.280855038658131,
    "best_do_mean": -5.2594668508269065,
    "initial_pp_mean": -7.376272407700034,
    "final_pp_mean": -5.548677296848858,
    "best_pp_mean": -4.748236809057348
}