{
    "best_epoch": 70,
    "best_val_performance": -0.25372954050699903,
    "val_performance_metric": "diff",
    "train_loss": 3.7530856132507324,
    "initial_do_mean": -7.698857999818269,
    "final_do_mean": -6.101345784442369,
    "best_do_mean": -6.101345784442369,
    "initial_pp_mean": -7.300241544667412,
    "final_pp_mean": -5.713794449497672,
    "best_pp_mean": -5.713794449497672
}