{
    "best_epoch": 20,
    "best_val_performance": -0.055133399963378515,
    "val_performance_metric": "diff",
    "train_loss": 2.8693275451660156,
    "initial_do_mean": -6.634122157819343,
    "final_do_mean": -4.6380809552741775,
    "best_do_mean": -4.149326661138824,
    "initial_pp_mean": -5.785564155048794,
    "final_pp_mean": -4.270144963264466,
    "best_pp_mean": -3.9197814570532903
}