{
    "best_epoch": 70,
    "best_val_performance": 0.3368870878219603,
    "val_performance_metric": "diff",
    "train_loss": 2.379117727279663,
    "initial_dative_mean": -7.281775813353689,
    "final_dative_mean": -5.286084344861103,
    "best_dative_mean": -5.286084344861103
}