{
    "best_epoch": 70,
    "best_val_performance": -0.1731743367513019,
    "val_performance_metric": "diff",
    "train_loss": 3.148810863494873,
    "initial_dative_mean": -7.286483004776358,
    "final_dative_mean": -5.684119567362188,
    "best_dative_mean": -5.684119567362188
}