{
    "best_epoch": 16,
    "best_val_performance": 3.091014186541239,
    "val_performance_metric": "diff",
    "train_loss": 3.360041618347168,
    "initial_dative_mean": -7.60785080257215,
    "final_dative_mean": -10.992048888875727,
    "best_dative_mean": -5.1089561191218635
}