{
    "best_epoch": 70,
    "best_val_performance": -0.147639656066894,
    "val_performance_metric": "diff",
    "train_loss": 3.9716551303863525,
    "initial_do_mean": -7.5970676187859025,
    "final_do_mean": -5.978794513053672,
    "best_do_mean": -5.978794513053672,
    "initial_pp_mean": -7.1518188055823835,
    "final_pp_mean": -5.2576726324418015,
    "best_pp_mean": -5.2576726324418015
}