{
    "best_epoch": 32,
    "best_val_performance": -0.1505466429392497,
    "val_performance_metric": "diff",
    "train_loss": 2.741173028945923,
    "initial_do_mean": -6.744041763652454,
    "final_do_mean": -6.649408665570346,
    "best_do_mean": -6.555218125834609,
    "initial_pp_mean": -6.125239740477668,
    "final_pp_mean": -6.186571028497484,
    "best_pp_mean": -6.149130940437317
}