{
    "best_epoch": 42,
    "best_val_performance": 0.19252531369527226,
    "val_performance_metric": "diff",
    "train_loss": 3.3973453044891357,
    "initial_dative_mean": -7.463524293481258,
    "final_dative_mean": -5.3207669118691605,
    "best_dative_mean": -5.219166394388466
}