{
    "best_epoch": 70,
    "best_val_performance": 0.3866125885645548,
    "val_performance_metric": "diff",
    "train_loss": 1.6458526849746704,
    "initial_dative_mean": -7.261710099309509,
    "final_dative_mean": -4.904041845547526,
    "best_dative_mean": -4.904041845547526
}