{
    "best_epoch": 36,
    "best_val_performance": 5.903494461377463,
    "val_performance_metric": "diff",
    "train_loss": 1.8699737787246704,
    "initial_do_mean": -7.6743525980516925,
    "final_do_mean": -7.716418783332026,
    "best_do_mean": -9.941642463553784,
    "initial_pp_mean": -7.076064163797042,
    "final_pp_mean": -7.217552775495193,
    "best_pp_mean": -9.424773140163982
}