{
    "best_epoch": 21,
    "best_val_performance": -0.10734666665395132,
    "val_performance_metric": "diff",
    "train_loss": 2.5654983520507812,
    "initial_pref_do": 0.1357142857142857,
    "final_pref_do": 0.2957142857142857,
    "best_pref_do": 0.29428571428571426
}