{
    "best_epoch": 36,
    "best_val_performance": 0.05359962145487529,
    "val_performance_metric": "diff",
    "train_loss": 2.8991830348968506,
    "initial_pref_do": 0.07714285714285714,
    "final_pref_do": 0.05142857142857143,
    "best_pref_do": 0.05
}