{
    "best_epoch": 70,
    "best_val_performance": 1.356356010437012,
    "val_performance_metric": "diff",
    "train_loss": 1.3965814113616943,
    "initial_pref_do": 0.18142857142857144,
    "final_pref_do": 0.09428571428571429,
    "best_pref_do": 0.09428571428571429
}