{
    "best_epoch": 8,
    "best_val_performance": 0.42908297538757356,
    "val_performance_metric": "diff",
    "train_loss": 2.8033154010772705,
    "initial_do_mean": -6.548306119803226,
    "final_do_mean": -6.117563884908503,
    "best_do_mean": -4.379524791601932,
    "initial_pp_mean": -5.902668722470602,
    "final_pp_mean": -5.1599709881676565,
    "best_pp_mean": -3.7938573161760965
}