{
    "best_epoch": 43,
    "best_val_performance": 2.8079168526331575,
    "val_performance_metric": "diff",
    "train_loss": 2.6525895595550537,
    "initial_dative_mean": -7.468609769790493,
    "final_dative_mean": -6.676718633425863,
    "best_dative_mean": -6.486471845218313
}