{
    "best_epoch": 70,
    "best_val_performance": 1.1007868353525803,
    "val_performance_metric": "diff",
    "train_loss": 1.7407519817352295,
    "initial_pref_do": 0.15571428571428572,
    "final_pref_do": 0.08428571428571428,
    "best_pref_do": 0.08428571428571428
}