{
    "best_epoch": 58,
    "best_val_performance": 1.477763415972392,
    "val_performance_metric": "diff",
    "train_loss": 2.5267856121063232,
    "initial_do_mean": -7.6946501794249516,
    "final_do_mean": -7.560966868733251,
    "best_do_mean": -7.4576434541580285,
    "initial_pp_mean": -7.296482964824228,
    "final_pp_mean": -6.984642748622333,
    "best_pp_mean": -6.954563419959125
}