{
    "best_epoch": 70,
    "best_val_performance": -0.2188240035374962,
    "val_performance_metric": "diff",
    "train_loss": 4.268166542053223,
    "initial_do_mean": -7.598779426064602,
    "final_do_mean": -5.987162623294564,
    "best_do_mean": -5.987162623294564,
    "initial_pp_mean": -7.154033421768862,
    "final_pp_mean": -5.75345536330167,
    "best_pp_mean": -5.75345536330167
}