{
    "best_epoch": 70,
    "best_val_performance": -0.14454083919525118,
    "val_performance_metric": "diff",
    "train_loss": 3.455247402191162,
    "initial_pref_do": 0.17714285714285713,
    "final_pref_do": 0.3171428571428571,
    "best_pref_do": 0.3171428571428571
}