{
    "best_epoch": 31,
    "best_val_performance": 2.1767518154780072,
    "val_performance_metric": "diff",
    "train_loss": 2.289966583251953,
    "initial_do_mean": -6.65637240265355,
    "final_do_mean": -6.109360153024847,
    "best_do_mean": -6.217993890877926,
    "initial_pp_mean": -5.914398418532477,
    "final_pp_mean": -5.563757973247104,
    "best_pp_mean": -5.25854476292928
}