{
    "best_epoch": 48,
    "best_val_performance": 0.12112430731455426,
    "val_performance_metric": "diff",
    "train_loss": 1.7734473943710327,
    "initial_do_mean": -7.686879815057266,
    "final_do_mean": -5.668661094335622,
    "best_do_mean": -5.49290530348933,
    "initial_pp_mean": -7.251372856252334,
    "final_pp_mean": -4.911660971010432,
    "best_pp_mean": -4.713766390085221
}