{
    "best_epoch": 70,
    "best_val_performance": 0.7266277488072719,
    "val_performance_metric": "diff",
    "train_loss": 1.77470862865448,
    "initial_dative_mean": -7.311748467690763,
    "final_dative_mean": -5.567819296093712,
    "best_dative_mean": -5.567819296093712
}