{
    "best_epoch": 23,
    "best_val_performance": 2.4054496924082436,
    "val_performance_metric": "diff",
    "train_loss": 2.893235445022583,
    "initial_do_mean": -7.835315334935521,
    "final_do_mean": -6.417491990119912,
    "best_do_mean": -5.647813495161921,
    "initial_pp_mean": -7.370444168062771,
    "final_pp_mean": -5.963581707898308,
    "best_pp_mean": -5.013030463457108
}