{
    "best_epoch": 70,
    "best_val_performance": -0.45522159099578907,
    "val_performance_metric": "diff",
    "train_loss": 6.256162166595459,
    "initial_dative_mean": -7.466804687739812,
    "final_dative_mean": -7.036897836024301,
    "best_dative_mean": -7.036897836024301
}