{
    "best_epoch": 24,
    "best_val_performance": 4.95345286210378,
    "val_performance_metric": "diff",
    "train_loss": 2.4477148056030273,
    "initial_do_mean": -7.6386402207751605,
    "final_do_mean": -9.825014162202214,
    "best_do_mean": -5.6506791925707525,
    "initial_pp_mean": -6.994291331487544,
    "final_pp_mean": -7.754350640142666,
    "best_pp_mean": -4.703280777440352
}