{
    "best_epoch": 40,
    "best_val_performance": -0.38472890059153286,
    "val_performance_metric": "diff",
    "train_loss": 3.7563469409942627,
    "initial_do_mean": -6.556240097681681,
    "final_do_mean": -5.430579585740061,
    "best_do_mean": -5.611677931294297,
    "initial_pp_mean": -5.761331174108717,
    "final_pp_mean": -4.793458975685967,
    "best_pp_mean": -4.950048306253222
}