{
    "best_epoch": 33,
    "best_val_performance": 0.5008973519007363,
    "val_performance_metric": "diff",
    "train_loss": 2.1875104904174805,
    "initial_do_mean": -6.765978369568334,
    "final_do_mean": -5.372064989263361,
    "best_do_mean": -4.626196869936856,
    "initial_pp_mean": -6.098064321941799,
    "final_pp_mean": -4.797540087170071,
    "best_pp_mean": -4.0538531806733875
}