{
    "best_epoch": 70,
    "best_val_performance": 0.4664604552586873,
    "val_performance_metric": "diff",
    "train_loss": 1.770602822303772,
    "initial_dative_mean": -7.261999669827913,
    "final_dative_mean": -5.2590532799561815,
    "best_dative_mean": -5.2590532799561815
}