{
    "best_epoch": 19,
    "best_val_performance": -0.17789549032847152,
    "val_performance_metric": "diff",
    "train_loss": 3.182828664779663,
    "initial_do_mean": -7.693990251352621,
    "final_do_mean": -5.502118133874827,
    "best_do_mean": -5.549274578690529,
    "initial_pp_mean": -7.258190038624932,
    "final_pp_mean": -5.154388159162858,
    "best_pp_mean": -5.053700725120657
}