{
    "best_epoch": 40,
    "best_val_performance": -0.30593878746032743,
    "val_performance_metric": "diff",
    "train_loss": 5.448497772216797,
    "initial_do_mean": -6.6593858429879855,
    "final_do_mean": -5.577511742620757,
    "best_do_mean": -5.9215717012232,
    "initial_pp_mean": -5.918333882755704,
    "final_pp_mean": -4.697097820705838,
    "best_pp_mean": -4.9928128189510765
}