{
    "best_epoch": 12,
    "best_val_performance": -0.06186722596486405,
    "val_performance_metric": "diff",
    "train_loss": 2.7250823974609375,
    "initial_do_mean": -7.672358268915221,
    "final_do_mean": -6.114282838480417,
    "best_do_mean": -6.099341007859208,
    "initial_pp_mean": -7.072419359403498,
    "final_pp_mean": -5.116282976374906,
    "best_pp_mean": -5.430937197278528
}