{
    "best_epoch": 20,
    "best_val_performance": -0.07517000039418598,
    "val_performance_metric": "diff",
    "train_loss": 3.8072803020477295,
    "initial_do_mean": -7.692926134480986,
    "final_do_mean": -5.643005003069723,
    "best_do_mean": -5.5165960085253385,
    "initial_pp_mean": -7.294059226793402,
    "final_pp_mean": -4.764830153479296,
    "best_pp_mean": -4.806685891922783
}