{
    "best_epoch": 19,
    "best_val_performance": 1.3545722007751468,
    "val_performance_metric": "diff",
    "train_loss": 2.1218173503875732,
    "initial_pref_do": 0.17714285714285713,
    "final_pref_do": 0.22428571428571428,
    "best_pref_do": 0.19285714285714287
}