{
    "best_epoch": 70,
    "best_val_performance": 0.16458219687143938,
    "val_performance_metric": "diff",
    "train_loss": 2.7569596767425537,
    "initial_do_mean": -7.963195195724798,
    "final_do_mean": -5.44138142223968,
    "best_do_mean": -5.44138142223968,
    "initial_pp_mean": -7.577660379690283,
    "final_pp_mean": -4.731544743565952,
    "best_pp_mean": -4.731544743565952
}