{
    "best_epoch": 70,
    "best_val_performance": 0.10097420056660944,
    "val_performance_metric": "diff",
    "train_loss": 3.0278823375701904,
    "initial_do_mean": -7.702979669321415,
    "final_do_mean": -6.392441430064135,
    "best_do_mean": -6.392441430064135,
    "initial_pp_mean": -7.169660262500538,
    "final_pp_mean": -5.380547137470806,
    "best_pp_mean": -5.380547137470806
}