{
    "best_epoch": 26,
    "best_val_performance": 2.088499749501546,
    "val_performance_metric": "diff",
    "train_loss": 3.221022844314575,
    "initial_do_mean": -6.7667144197406195,
    "final_do_mean": -7.619288029815212,
    "best_do_mean": -5.391578687321056,
    "initial_pp_mean": -6.099530429310269,
    "final_pp_mean": -7.785167116589016,
    "best_pp_mean": -5.373701556523641
}