{
    "best_epoch": 70,
    "best_val_performance": -0.20517362117767313,
    "val_performance_metric": "diff",
    "train_loss": 4.091160297393799,
    "initial_do_mean": -7.68806150209072,
    "final_do_mean": -6.025365016488141,
    "best_do_mean": -6.025365016488141,
    "initial_pp_mean": -7.175937343344969,
    "final_pp_mean": -5.711965914333568,
    "best_pp_mean": -5.711965914333568
}