{
    "best_epoch": 23,
    "best_val_performance": 2.980463838577271,
    "val_performance_metric": "diff",
    "train_loss": 2.620466947555542,
    "initial_do_mean": -7.687422342771708,
    "final_do_mean": -5.93844118367794,
    "best_do_mean": -6.089788051538689,
    "initial_pp_mean": -7.174330891581143,
    "final_pp_mean": -4.976833378216799,
    "best_pp_mean": -5.018898660996381
}