{
    "best_epoch": 5,
    "best_val_performance": 0.0682071924209593,
    "val_performance_metric": "diff",
    "train_loss": 3.8658952713012695,
    "initial_pref_do": 0.12714285714285714,
    "final_pref_do": 0.86,
    "best_pref_do": 0.1957142857142857
}