{
    "best_epoch": 70,
    "best_val_performance": 0.32569728374481155,
    "val_performance_metric": "diff",
    "train_loss": 2.273343086242676,
    "initial_do_mean": -6.545753564256611,
    "final_do_mean": -4.913610062454686,
    "best_do_mean": -4.913610062454686,
    "initial_pp_mean": -5.9005192014906145,
    "final_pp_mean": -4.1382667303085325,
    "best_pp_mean": -4.1382667303085325
}