{
    "best_epoch": 70,
    "best_val_performance": -0.2772505553563436,
    "val_performance_metric": "diff",
    "train_loss": 3.333672285079956,
    "initial_dative_mean": -7.1958486643451,
    "final_dative_mean": -5.773761163155238,
    "best_dative_mean": -5.773761163155238
}