{
    "best_epoch": 21,
    "best_val_performance": 0.02767074902852329,
    "val_performance_metric": "diff",
    "train_loss": 3.069631576538086,
    "initial_do_mean": -6.634638500213623,
    "final_do_mean": -5.494905418338198,
    "best_do_mean": -4.966212047230114,
    "initial_pp_mean": -5.783589021364848,
    "final_pp_mean": -4.694372563891941,
    "best_pp_mean": -4.189718143145243
}