{
    "best_epoch": 31,
    "best_val_performance": 1.4879034757614136,
    "val_performance_metric": "diff",
    "train_loss": 2.6007230281829834,
    "initial_do_mean": -7.673140929881916,
    "final_do_mean": -6.106373778955881,
    "best_do_mean": -5.550992469108382,
    "initial_pp_mean": -7.073173232639538,
    "final_pp_mean": -5.3983385317465835,
    "best_pp_mean": -4.610544653850443
}