{
    "best_epoch": 26,
    "best_val_performance": 1.1521026992797854,
    "val_performance_metric": "diff",
    "train_loss": 1.5149809122085571,
    "initial_do_mean": -6.504441041657419,
    "final_do_mean": -6.730166358658762,
    "best_do_mean": -5.399204819130175,
    "initial_pp_mean": -5.874634700351291,
    "final_pp_mean": -5.55441578494178,
    "best_pp_mean": -4.906496175130209
}