{
    "best_epoch": 70,
    "best_val_performance": -0.17811087767283063,
    "val_performance_metric": "diff",
    "train_loss": 3.8503916263580322,
    "initial_do_mean": -7.59773907966392,
    "final_do_mean": -6.129074713864992,
    "best_do_mean": -6.129074713864992,
    "initial_pp_mean": -7.152925918382757,
    "final_pp_mean": -5.59717305688297,
    "best_pp_mean": -5.59717305688297
}