{
    "best_epoch": 70,
    "best_val_performance": 5.352504499753316,
    "val_performance_metric": "diff",
    "train_loss": 2.0018465518951416,
    "initial_do_mean": -7.63832416437393,
    "final_do_mean": -7.90914129067299,
    "best_do_mean": -7.90914129067299,
    "initial_pp_mean": -6.9954632794155795,
    "final_pp_mean": -6.853390273977729,
    "best_pp_mean": -6.853390273977729
}