{
    "best_epoch": 69,
    "best_val_performance": 0.31347579956054705,
    "val_performance_metric": "diff",
    "train_loss": 2.2541189193725586,
    "initial_do_mean": -6.659197164304329,
    "final_do_mean": -4.939681200547652,
    "best_do_mean": -4.931133802009351,
    "initial_pp_mean": -5.9188510206010605,
    "final_pp_mean": -4.267465273539226,
    "best_pp_mean": -4.263033538394504
}