{
    "best_epoch": 70,
    "best_val_performance": 2.5818536361058557,
    "val_performance_metric": "diff",
    "train_loss": 1.530534267425537,
    "initial_dative_mean": -7.255776598788144,
    "final_dative_mean": -6.466530695470453,
    "best_dative_mean": -6.466530695470453
}