{
    "best_epoch": 34,
    "best_val_performance": 0.10834994792938257,
    "val_performance_metric": "diff",
    "train_loss": 2.7044665813446045,
    "initial_do_mean": -7.957843285660411,
    "final_do_mean": -5.5242985043414805,
    "best_do_mean": -5.56117457913798,
    "initial_pp_mean": -7.5719390497488135,
    "final_pp_mean": -5.230741476662018,
    "best_pp_mean": -5.163157733398325
}