{
    "best_epoch": 32,
    "best_val_performance": 1.7409624099731449,
    "val_performance_metric": "diff",
    "train_loss": 2.255775213241577,
    "initial_do_mean": -7.675251558769581,
    "final_do_mean": -6.4199873167415,
    "best_do_mean": -6.280019392454347,
    "initial_pp_mean": -7.076320291266722,
    "final_pp_mean": -5.799410929749993,
    "best_pp_mean": -5.531884261089213
}