{
    "best_epoch": 55,
    "best_val_performance": 0.3781981372833254,
    "val_performance_metric": "diff",
    "train_loss": 2.198227882385254,
    "initial_do_mean": -7.951188690440599,
    "final_do_mean": -5.862197044976922,
    "best_do_mean": -5.725349214187888,
    "initial_pp_mean": -7.5256481044432695,
    "final_pp_mean": -5.239500860957539,
    "best_pp_mean": -5.098281745700275
}