{
    "best_epoch": 70,
    "best_val_performance": -0.5112440713246666,
    "val_performance_metric": "diff",
    "train_loss": 5.593444347381592,
    "initial_dative_mean": -7.5791363524414646,
    "final_dative_mean": -7.175836602498216,
    "best_dative_mean": -7.175836602498216
}