{
    "best_epoch": 70,
    "best_val_performance": -0.2994246562321976,
    "val_performance_metric": "diff",
    "train_loss": 3.4258697032928467,
    "initial_do_mean": -6.655548055244215,
    "final_do_mean": -4.9553463545712555,
    "best_do_mean": -4.9553463545712555,
    "initial_pp_mean": -5.912809647454155,
    "final_pp_mean": -4.414626089731852,
    "best_pp_mean": -4.414626089731852
}