{
    "best_epoch": 37,
    "best_val_performance": 0.3329046916961671,
    "val_performance_metric": "diff",
    "train_loss": 1.9347914457321167,
    "initial_do_mean": -6.551406919594967,
    "final_do_mean": -4.661275525526567,
    "best_do_mean": -4.182372779557199,
    "initial_pp_mean": -5.756569865014818,
    "final_pp_mean": -3.7021614180670843,
    "best_pp_mean": -3.4376900752385455
}