{
    "best_epoch": 70,
    "best_val_performance": -0.5277869033813474,
    "val_performance_metric": "diff",
    "train_loss": 4.963499546051025,
    "initial_pref_do": 0.14714285714285713,
    "final_pref_do": 0.18428571428571427,
    "best_pref_do": 0.18428571428571427
}