{
    "best_epoch": 26,
    "best_val_performance": 0.41431744893391986,
    "val_performance_metric": "diff",
    "train_loss": 2.1025290489196777,
    "initial_pref_do": 0.12714285714285714,
    "final_pref_do": 0.03571428571428571,
    "best_pref_do": 0.04857142857142857
}