{
    "best_epoch": 25,
    "best_val_performance": 0.07023239930470737,
    "val_performance_metric": "diff",
    "train_loss": 1.8919312953948975,
    "initial_pref_do": 0.12714285714285714,
    "final_pref_do": 0.07285714285714286,
    "best_pref_do": 0.04
}