{
    "best_epoch": 70,
    "best_val_performance": -0.39083581606547035,
    "val_performance_metric": "diff",
    "train_loss": 4.491110324859619,
    "initial_do_mean": -6.419933173150727,
    "final_do_mean": -5.674837363849987,
    "best_do_mean": -5.674837363849987,
    "initial_pp_mean": -5.743051017655267,
    "final_pp_mean": -5.202390835020277,
    "best_pp_mean": -5.202390835020277
}