{
    "best_epoch": 63,
    "best_val_performance": 0.5459734265009564,
    "val_performance_metric": "diff",
    "train_loss": 2.182985782623291,
    "initial_pref_do": 0.07714285714285714,
    "final_pref_do": 0.1442857142857143,
    "best_pref_do": 0.10142857142857142
}