{
    "best_epoch": 70,
    "best_val_performance": -0.11502699057261179,
    "val_performance_metric": "diff",
    "train_loss": 3.736642599105835,
    "initial_dative_mean": -7.466079330235197,
    "final_dative_mean": -5.728629944617288,
    "best_dative_mean": -5.728629944617288
}