{
    "best_epoch": 70,
    "best_val_performance": -0.5937767124176032,
    "val_performance_metric": "diff",
    "train_loss": 6.190995693206787,
    "initial_pref_do": 0.1757142857142857,
    "final_pref_do": 0.19285714285714287,
    "best_pref_do": 0.19285714285714287
}