{
    "best_epoch": 70,
    "best_val_performance": -0.18753530025482235,
    "val_performance_metric": "diff",
    "train_loss": 3.6204800605773926,
    "initial_dative_mean": -7.307986331962005,
    "final_dative_mean": -6.024509500516088,
    "best_dative_mean": -6.024509500516088
}