{
    "best_epoch": 63,
    "best_val_performance": 0.26911059538523396,
    "val_performance_metric": "diff",
    "train_loss": 1.049194574356079,
    "initial_dative_mean": -7.257046952233677,
    "final_dative_mean": -5.552563146540993,
    "best_dative_mean": -5.550574324807228
}