{
    "best_epoch": 70,
    "best_val_performance": 0.07655100663503056,
    "val_performance_metric": "diff",
    "train_loss": 1.982581377029419,
    "initial_do_mean": -7.635688788669054,
    "final_do_mean": -5.39218841666399,
    "best_do_mean": -5.39218841666399,
    "initial_pp_mean": -6.992865603811601,
    "final_pp_mean": -5.034478177393184,
    "best_pp_mean": -5.034478177393184
}