{
    "best_epoch": 70,
    "best_val_performance": 0.18991116364797023,
    "val_performance_metric": "diff",
    "train_loss": 1.7680987119674683,
    "initial_do_mean": -7.689598278943882,
    "final_do_mean": -5.409429838837579,
    "best_do_mean": -5.409429838837579,
    "initial_pp_mean": -7.174880423966576,
    "final_pp_mean": -4.5711243012372185,
    "best_pp_mean": -4.5711243012372185
}