{
    "best_epoch": 24,
    "best_val_performance": -0.0009525807698569366,
    "val_performance_metric": "diff",
    "train_loss": 2.8027820587158203,
    "initial_do_mean": -7.687189542276915,
    "final_do_mean": -5.703514410312786,
    "best_do_mean": -5.317999736860741,
    "initial_pp_mean": -7.252407134981716,
    "final_pp_mean": -4.9357479018323565,
    "best_pp_mean": -4.663562993091696
}