{
    "best_epoch": 28,
    "best_val_performance": 0.22303383032480895,
    "val_performance_metric": "diff",
    "train_loss": 2.5273566246032715,
    "initial_dative_mean": -7.464248158429799,
    "final_dative_mean": -5.734084815832606,
    "best_dative_mean": -5.305884179838917
}