{
    "best_epoch": 38,
    "best_val_performance": 2.7204965432484958,
    "val_performance_metric": "diff",
    "train_loss": 2.4398202896118164,
    "initial_do_mean": -6.744902178735444,
    "final_do_mean": -8.766467292381055,
    "best_do_mean": -9.583814269846135,
    "initial_pp_mean": -6.126394642723931,
    "final_pp_mean": -7.132415201928881,
    "best_pp_mean": -7.829765725135803
}