{
    "best_epoch": 57,
    "best_val_performance": 0.488820322354635,
    "val_performance_metric": "diff",
    "train_loss": 1.7627103328704834,
    "initial_pref_do": 0.14714285714285713,
    "final_pref_do": 0.07857142857142857,
    "best_pref_do": 0.05714285714285714
}