{
    "best_epoch": 21,
    "best_val_performance": -0.1769482771555584,
    "val_performance_metric": "diff",
    "train_loss": 1.84408438205719,
    "initial_pref_do": 0.17714285714285713,
    "final_pref_do": 0.21142857142857144,
    "best_pref_do": 0.15285714285714286
}