{
    "best_epoch": 70,
    "best_val_performance": 2.283017749786378,
    "val_performance_metric": "diff",
    "train_loss": 1.7707279920578003,
    "initial_pref_do": 0.12714285714285714,
    "final_pref_do": 0.02,
    "best_pref_do": 0.02
}