{
    "best_epoch": 51,
    "best_val_performance": 0.13809252738952615,
    "val_performance_metric": "diff",
    "train_loss": 2.38789963722229,
    "initial_dative_mean": -7.194413501616807,
    "final_dative_mean": -5.266068985239107,
    "best_dative_mean": -5.21858422867736
}