{
    "best_epoch": 29,
    "best_val_performance": 1.7320215590794872,
    "val_performance_metric": "diff",
    "train_loss": 2.6897690296173096,
    "initial_pref_do": 0.14714285714285713,
    "final_pref_do": 0.3,
    "best_pref_do": 0.4785714285714286
}