{
    "best_epoch": 70,
    "best_val_performance": -0.25262838999430315,
    "val_performance_metric": "diff",
    "train_loss": 4.509156227111816,
    "initial_do_mean": -7.69131737947464,
    "final_do_mean": -6.16473663338395,
    "best_do_mean": -6.16473663338395,
    "initial_pp_mean": -7.25512012313394,
    "final_pp_mean": -5.781933173712562,
    "best_pp_mean": -5.781933173712562
}