{
    "best_epoch": 70,
    "best_val_performance": -0.061276334126790566,
    "val_performance_metric": "diff",
    "train_loss": 3.0406272411346436,
    "initial_dative_mean": -7.343855097279911,
    "final_dative_mean": -5.81610867659948,
    "best_dative_mean": -5.81610867659948
}