{
    "best_epoch": 70,
    "best_val_performance": -0.39546917279561367,
    "val_performance_metric": "diff",
    "train_loss": 5.24153995513916,
    "initial_dative_mean": -7.4667759530725535,
    "final_dative_mean": -6.9330514561363135,
    "best_dative_mean": -6.9330514561363135
}