{
    "best_epoch": 70,
    "best_val_performance": -0.25802756309509345,
    "val_performance_metric": "diff",
    "train_loss": 3.8953487873077393,
    "initial_do_mean": -7.951590918524321,
    "final_do_mean": -6.084137576957081,
    "best_do_mean": -6.084137576957081,
    "initial_pp_mean": -7.525393082113827,
    "final_pp_mean": -5.85079162681804,
    "best_pp_mean": -5.85079162681804
}