{
    "best_epoch": 46,
    "best_val_performance": 0.05747035662333211,
    "val_performance_metric": "diff",
    "train_loss": 1.9899390935897827,
    "initial_pref_do": 0.15857142857142856,
    "final_pref_do": 0.11,
    "best_pref_do": 0.10714285714285714
}