{
    "best_epoch": 61,
    "best_val_performance": 1.8979668251673374,
    "val_performance_metric": "diff",
    "train_loss": 1.5958565473556519,
    "initial_do_mean": -6.635352217067371,
    "final_do_mean": -5.318520040223093,
    "best_do_mean": -5.281090169964415,
    "initial_pp_mean": -5.787904106246101,
    "final_pp_mean": -4.762049179606968,
    "best_pp_mean": -4.7333557552761505
}