{
    "best_epoch": 56,
    "best_val_performance": -0.1901972134908032,
    "val_performance_metric": "diff",
    "train_loss": 2.5747365951538086,
    "initial_pref_do": 0.17714285714285713,
    "final_pref_do": 0.2257142857142857,
    "best_pref_do": 0.2
}