{
    "best_epoch": 69,
    "best_val_performance": 0.29155929088592547,
    "val_performance_metric": "diff",
    "train_loss": 1.8960177898406982,
    "initial_do_mean": -7.598779426064602,
    "final_do_mean": -5.496657429046409,
    "best_do_mean": -5.502088562693706,
    "initial_pp_mean": -7.154033421768862,
    "final_pp_mean": -5.220229639375911,
    "best_pp_mean": -5.2246796471231125
}