{
    "best_epoch": 27,
    "best_val_performance": -0.08116283257802337,
    "val_performance_metric": "diff",
    "train_loss": 1.8474177122116089,
    "initial_dative_mean": -7.31869959238677,
    "final_dative_mean": -4.947512973208873,
    "best_dative_mean": -4.85828195189872
}