{
    "best_epoch": 70,
    "best_val_performance": 3.411421047846476,
    "val_performance_metric": "diff",
    "train_loss": 1.4234561920166016,
    "initial_do_mean": -6.541421490004568,
    "final_do_mean": -6.942640738053755,
    "best_do_mean": -6.942640738053755,
    "initial_pp_mean": -5.894476503796048,
    "final_pp_mean": -5.682023199399312,
    "best_pp_mean": -5.682023199399312
}