{
    "best_epoch": 70,
    "best_val_performance": 1.35686136563619,
    "val_performance_metric": "diff",
    "train_loss": 1.7654794454574585,
    "initial_do_mean": -6.552643527406635,
    "final_do_mean": -9.53612807302764,
    "best_do_mean": -9.53612807302764,
    "initial_pp_mean": -5.906433629989624,
    "final_pp_mean": -8.486424212985568,
    "best_pp_mean": -8.486424212985568
}