{
    "best_epoch": 40,
    "best_val_performance": 0.7003151035308841,
    "val_performance_metric": "diff",
    "train_loss": 3.2647387981414795,
    "initial_do_mean": -7.696429315694543,
    "final_do_mean": -7.15541291340839,
    "best_do_mean": -7.288504372502482,
    "initial_pp_mean": -7.1622126368915335,
    "final_pp_mean": -6.826648294575074,
    "best_pp_mean": -6.9299718548269835
}