{
    "best_epoch": 53,
    "best_val_performance": 1.717727600733438,
    "val_performance_metric": "diff",
    "train_loss": 2.0173165798187256,
    "initial_do_mean": -6.669867329163985,
    "final_do_mean": -8.608020653869167,
    "best_do_mean": -7.774588001135624,
    "initial_pp_mean": -5.821762116750081,
    "final_pp_mean": -6.514618751737807,
    "best_pp_mean": -6.198950023121304
}