{
    "best_epoch": 34,
    "best_val_performance": 0.9972006130218505,
    "val_performance_metric": "diff",
    "train_loss": 2.222785472869873,
    "initial_dative_mean": -7.255591925124676,
    "final_dative_mean": -5.569852328614185,
    "best_dative_mean": -5.621230798332315
}