{
    "best_epoch": 70,
    "best_val_performance": -0.32514875888824424,
    "val_performance_metric": "diff",
    "train_loss": 3.73124361038208,
    "initial_do_mean": -6.534011248386268,
    "final_do_mean": -5.306623204549154,
    "best_do_mean": -5.306623204549154,
    "initial_pp_mean": -5.90045657157898,
    "final_pp_mean": -4.816587011019389,
    "best_pp_mean": -4.816587011019389
}