{
    "best_epoch": 39,
    "best_val_performance": 0.5553906265894577,
    "val_performance_metric": "diff",
    "train_loss": 3.0886871814727783,
    "initial_do_mean": -7.837198354477106,
    "final_do_mean": -5.569567595110383,
    "best_do_mean": -5.237324502579002,
    "initial_pp_mean": -7.372792295848622,
    "final_pp_mean": -4.969279296608532,
    "best_pp_mean": -4.650711412640179
}