{
    "best_epoch": 70,
    "best_val_performance": 3.6355726893742872,
    "val_performance_metric": "diff",
    "train_loss": 0.9212077856063843,
    "initial_do_mean": -7.951226099979046,
    "final_do_mean": -8.708519812586696,
    "best_do_mean": -8.708519812586696,
    "initial_pp_mean": -7.524721914179185,
    "final_pp_mean": -7.508845223048154,
    "best_pp_mean": -7.508845223048154
}