{
    "best_epoch": 70,
    "best_val_performance": -0.6173632748921714,
    "val_performance_metric": "diff",
    "train_loss": 7.491678237915039,
    "initial_dative_mean": -7.611655996905433,
    "final_dative_mean": -7.342163118702627,
    "best_dative_mean": -7.342163118702627
}