{
    "best_epoch": 27,
    "best_val_performance": 2.2686367702484134,
    "val_performance_metric": "diff",
    "train_loss": 2.062368631362915,
    "initial_dative_mean": -7.317709349749381,
    "final_dative_mean": -7.779744366456193,
    "best_dative_mean": -8.453946342942311
}