{
    "best_epoch": 37,
    "best_val_performance": 3.8991073401769,
    "val_performance_metric": "diff",
    "train_loss": 2.0543336868286133,
    "initial_do_mean": -7.595071821711784,
    "final_do_mean": -6.596719291667606,
    "best_do_mean": -6.103346127756806,
    "initial_pp_mean": -7.150518073053921,
    "final_pp_mean": -5.4833965645116916,
    "best_pp_mean": -5.157699451727026
}