{
    "best_epoch": 70,
    "best_val_performance": 1.258664623101553,
    "val_performance_metric": "diff",
    "train_loss": 1.7340201139450073,
    "initial_pref_do": 0.17714285714285713,
    "final_pref_do": 0.2571428571428571,
    "best_pref_do": 0.2571428571428571
}