{
    "best_epoch": 67,
    "best_val_performance": 0.9031271028518688,
    "val_performance_metric": "diff",
    "train_loss": 1.5844380855560303,
    "initial_do_mean": -7.842176476883334,
    "final_do_mean": -9.936616420052772,
    "best_do_mean": -9.633334708768269,
    "initial_pp_mean": -7.378716980008518,
    "final_pp_mean": -9.419055354595184,
    "best_pp_mean": -9.11714587982963
}