{
    "best_epoch": 70,
    "best_val_performance": -0.580103867848714,
    "val_performance_metric": "diff",
    "train_loss": 4.917935848236084,
    "initial_pref_do": 0.13285714285714287,
    "final_pref_do": 0.14,
    "best_pref_do": 0.14
}