{
    "best_epoch": 70,
    "best_val_performance": 0.6079310178756714,
    "val_performance_metric": "diff",
    "train_loss": 2.008901834487915,
    "initial_pref_do": 0.14857142857142858,
    "final_pref_do": 0.02,
    "best_pref_do": 0.02
}