{
    "best_epoch": 70,
    "best_val_performance": -0.1811613639195757,
    "val_performance_metric": "diff",
    "train_loss": 4.130000114440918,
    "initial_dative_mean": -7.194645085878539,
    "final_dative_mean": -5.521866571833516,
    "best_dative_mean": -5.521866571833516
}