{
    "best_epoch": 23,
    "best_val_performance": 1.3217364406585697,
    "val_performance_metric": "diff",
    "train_loss": 2.2473361492156982,
    "initial_do_mean": -7.696784078381782,
    "final_do_mean": -5.821642444923866,
    "best_do_mean": -5.205964822062226,
    "initial_pp_mean": -7.2983770033892466,
    "final_pp_mean": -5.206529229178148,
    "best_pp_mean": -4.615897255434709
}