{
    "best_epoch": 51,
    "best_val_performance": 1.12232782204946,
    "val_performance_metric": "diff",
    "train_loss": 1.5503759384155273,
    "initial_do_mean": -7.702319570752078,
    "final_do_mean": -8.256950541637664,
    "best_do_mean": -8.25750943013402,
    "initial_pp_mean": -7.169656987751232,
    "final_pp_mean": -6.976564175241133,
    "best_pp_mean": -6.941636184033226
}