{
    "best_epoch": 43,
    "best_val_performance": 0.5718414783477783,
    "val_performance_metric": "diff",
    "train_loss": 2.06081223487854,
    "initial_dative_mean": -7.342367633741501,
    "final_dative_mean": -6.5808889346513135,
    "best_dative_mean": -6.517608485026666
}