{
    "best_epoch": 70,
    "best_val_performance": -0.17087415536244688,
    "val_performance_metric": "diff",
    "train_loss": 3.5545220375061035,
    "initial_do_mean": -6.660259385542436,
    "final_do_mean": -5.219999488194784,
    "best_do_mean": -5.219999488194784,
    "initial_pp_mean": -5.920537718137106,
    "final_pp_mean": -4.468308501773411,
    "best_pp_mean": -4.468308501773411
}