{
    "best_epoch": 70,
    "best_val_performance": -0.21895113468170102,
    "val_performance_metric": "diff",
    "train_loss": 3.4244513511657715,
    "initial_do_mean": -6.659013129725601,
    "final_do_mean": -5.458428213813088,
    "best_do_mean": -5.458428213813088,
    "initial_pp_mean": -5.9152600102954445,
    "final_pp_mean": -4.735101872020298,
    "best_pp_mean": -4.735101872020298
}