{
    "best_epoch": 70,
    "best_val_performance": -0.49362861951192194,
    "val_performance_metric": "diff",
    "train_loss": 5.862777233123779,
    "initial_dative_mean": -7.575234813299793,
    "final_dative_mean": -7.182852830106055,
    "best_dative_mean": -7.182852830106055
}