{
    "best_epoch": 14,
    "best_val_performance": 0.0055829461415601855,
    "val_performance_metric": "diff",
    "train_loss": 2.982481002807617,
    "initial_pref_do": 0.1357142857142857,
    "final_pref_do": 0.12142857142857143,
    "best_pref_do": 0.12142857142857143
}