{
    "best_epoch": 23,
    "best_val_performance": 2.1893229134877528,
    "val_performance_metric": "diff",
    "train_loss": 1.5453532934188843,
    "initial_pref_do": 0.12714285714285714,
    "final_pref_do": 0.01,
    "best_pref_do": 0.005714285714285714
}