{
    "best_epoch": 22,
    "best_val_performance": 3.1779554001490276,
    "val_performance_metric": "diff",
    "train_loss": 1.64743173122406,
    "initial_pref_do": 0.18142857142857144,
    "final_pref_do": 0.11714285714285715,
    "best_pref_do": 0.15428571428571428
}