{
    "best_epoch": 70,
    "best_val_performance": -0.4698569377263384,
    "val_performance_metric": "diff",
    "train_loss": 5.5540971755981445,
    "initial_pref_do": 0.17857142857142858,
    "final_pref_do": 0.18428571428571427,
    "best_pref_do": 0.18428571428571427
}