{
    "best_epoch": 40,
    "best_val_performance": 1.5800047397613532,
    "val_performance_metric": "diff",
    "train_loss": 1.7833759784698486,
    "initial_dative_mean": -7.1925523030130485,
    "final_dative_mean": -4.798090938151929,
    "best_dative_mean": -4.6696543743213015
}