{
    "best_epoch": 52,
    "best_val_performance": 0.009369819959005099,
    "val_performance_metric": "diff",
    "train_loss": 1.868361234664917,
    "initial_pref_do": 0.1,
    "final_pref_do": 0.12,
    "best_pref_do": 0.15714285714285714
}