{
    "best_epoch": 37,
    "best_val_performance": -0.37646295388539563,
    "val_performance_metric": "diff",
    "train_loss": 3.2270238399505615,
    "initial_pref_do": 0.09857142857142857,
    "final_pref_do": 0.06428571428571428,
    "best_pref_do": 0.054285714285714284
}