{
    "best_epoch": 70,
    "best_val_performance": 1.7711519130071007,
    "val_performance_metric": "diff",
    "train_loss": 2.1661200523376465,
    "initial_do_mean": -6.7470493735689105,
    "final_do_mean": -7.237838282729641,
    "best_do_mean": -7.237838282729641,
    "initial_pp_mean": -6.127120714717441,
    "final_pp_mean": -6.339730853504605,
    "best_pp_mean": -6.339730853504605
}