{
    "best_epoch": 52,
    "best_val_performance": 0.9292822504043592,
    "val_performance_metric": "diff",
    "train_loss": 1.6311789751052856,
    "initial_do_mean": -6.655740654107296,
    "final_do_mean": -6.208462323564472,
    "best_do_mean": -5.81772783163822,
    "initial_pp_mean": -5.9153210083643595,
    "final_pp_mean": -5.285283451610141,
    "best_pp_mean": -5.016760426097446
}