{
    "best_epoch": 36,
    "best_val_performance": 4.200840997695924,
    "val_performance_metric": "diff",
    "train_loss": 2.000917673110962,
    "initial_do_mean": -7.694138445826464,
    "final_do_mean": -9.997241375058197,
    "best_do_mean": -6.786117466383202,
    "initial_pp_mean": -7.295469943916096,
    "final_pp_mean": -8.42023578987402,
    "best_pp_mean": -5.782472009167952
}