{
    "best_epoch": 70,
    "best_val_performance": -0.2651483631134033,
    "val_performance_metric": "diff",
    "train_loss": 4.882599830627441,
    "initial_pref_do": 0.09857142857142857,
    "final_pref_do": 0.21142857142857144,
    "best_pref_do": 0.21142857142857144
}