{
    "best_epoch": 40,
    "best_val_performance": 2.090883034070334,
    "val_performance_metric": "diff",
    "train_loss": 1.4318798780441284,
    "initial_do_mean": -6.546831107862068,
    "final_do_mean": -5.327190082723444,
    "best_do_mean": -4.828940715211811,
    "initial_pp_mean": -5.898826387193468,
    "final_pp_mean": -5.154524208439721,
    "best_pp_mean": -4.761582724253336
}