{
    "best_epoch": 41,
    "best_val_performance": 1.427025181452433,
    "val_performance_metric": "diff",
    "train_loss": 1.4871855974197388,
    "initial_pref_do": 0.1757142857142857,
    "final_pref_do": 0.14285714285714285,
    "best_pref_do": 0.13142857142857142
}