{
    "best_epoch": 51,
    "best_val_performance": 0.013996394475300988,
    "val_performance_metric": "diff",
    "train_loss": 1.750794768333435,
    "initial_pref_do": 0.12714285714285714,
    "final_pref_do": 0.2042857142857143,
    "best_pref_do": 0.18714285714285714
}