{
    "best_epoch": 58,
    "best_val_performance": 0.009574457804362169,
    "val_performance_metric": "diff",
    "train_loss": 1.9052181243896484,
    "initial_dative_mean": -7.261497781290646,
    "final_dative_mean": -5.5393431003679305,
    "best_dative_mean": -5.545120114645763
}