{
    "best_epoch": 70,
    "best_val_performance": -0.38970318794250414,
    "val_performance_metric": "diff",
    "train_loss": 3.556644916534424,
    "initial_do_mean": -7.700488647749258,
    "final_do_mean": -6.56313169487687,
    "best_do_mean": -6.56313169487687,
    "initial_pp_mean": -7.166987109184265,
    "final_pp_mean": -6.061870221180074,
    "best_pp_mean": -6.061870221180074
}