{
    "best_epoch": 55,
    "best_val_performance": 1.8585654020309441,
    "val_performance_metric": "diff",
    "train_loss": 1.9215943813323975,
    "initial_pref_do": 0.14714285714285713,
    "final_pref_do": 0.02142857142857143,
    "best_pref_do": 0.024285714285714285
}