{
    "best_epoch": 70,
    "best_val_performance": -0.4507388289769487,
    "val_performance_metric": "diff",
    "train_loss": 7.223371982574463,
    "initial_dative_mean": -7.190749521143952,
    "final_dative_mean": -6.680285064449087,
    "best_dative_mean": -6.680285064449087
}