{
    "best_epoch": 23,
    "best_val_performance": -0.006618574460347304,
    "val_performance_metric": "diff",
    "train_loss": 2.7830147743225098,
    "initial_do_mean": -6.673381695602879,
    "final_do_mean": -4.865143934885661,
    "best_do_mean": -5.0863317157282975,
    "initial_pp_mean": -5.827138153711955,
    "final_pp_mean": -4.253187529246012,
    "best_pp_mean": -4.211518822775947
}