{
    "best_epoch": 70,
    "best_val_performance": -0.6787625726064048,
    "val_performance_metric": "diff",
    "train_loss": 6.511626243591309,
    "initial_dative_mean": -7.194772708834264,
    "final_dative_mean": -7.004856252879427,
    "best_dative_mean": -7.004856252879427
}