{
    "best_epoch": 70,
    "best_val_performance": -0.3495806852976484,
    "val_performance_metric": "diff",
    "train_loss": 3.16566801071167,
    "initial_pref_do": 0.09714285714285714,
    "final_pref_do": 0.15285714285714286,
    "best_pref_do": 0.15285714285714286
}