{
    "best_epoch": 20,
    "best_val_performance": -0.06281714757283563,
    "val_performance_metric": "diff",
    "train_loss": 3.0995306968688965,
    "initial_do_mean": -6.749024969158751,
    "final_do_mean": -5.680673079057173,
    "best_do_mean": -5.201892998724273,
    "initial_pp_mean": -6.13019871711731,
    "final_pp_mean": -4.686900182565053,
    "best_pp_mean": -4.48731265730328
}