{
    "best_epoch": 53,
    "best_val_performance": 1.7557320229212436,
    "val_performance_metric": "diff",
    "train_loss": 1.8415992259979248,
    "initial_pref_do": 0.07714285714285714,
    "final_pref_do": 0.10857142857142857,
    "best_pref_do": 0.10714285714285714
}