{
    "best_epoch": 63,
    "best_val_performance": -0.12163509209950796,
    "val_performance_metric": "diff",
    "train_loss": 1.9954558610916138,
    "initial_pref_do": 0.15571428571428572,
    "final_pref_do": 0.022857142857142857,
    "best_pref_do": 0.02
}