{
    "best_epoch": 40,
    "best_val_performance": 1.6533988936742139,
    "val_performance_metric": "diff",
    "train_loss": 2.00915789604187,
    "initial_do_mean": -6.668957350470803,
    "final_do_mean": -5.382612211054021,
    "best_do_mean": -5.469870195966778,
    "initial_pp_mean": -5.81952699025472,
    "final_pp_mean": -5.102075751622518,
    "best_pp_mean": -5.202577016088697
}