idx,dative,best_lr,best_wd,best_epoch,verbhood_diff,do,pp
1,do,0.05,0.0,20,0.9011797142028808,-8.367296104720145,-6.895428032345242
2,pp,0.05,0.0,23,1.326553417444229,-4.874121277260058,-4.218400679694282
3,do,0.05,0.0,15,0.8250478863716122,-5.334259317860459,-5.306114485528734
4,pp,0.05,0.0,16,1.432279739379883,-5.372495567437374,-4.459772321912977
5,do,0.05,0.0,70,1.1769057178497313,-6.3809145551739315,-6.052227120929294
6,pp,0.05,0.0,45,1.998567506074905,-6.268198237274632,-5.646917658381992
7,do,0.05,0.0,26,0.3725713098049166,-6.416921053510723,-7.4991028070449826
8,pp,0.05,0.0,56,1.82399625658989,-6.135820517395482,-5.486454730563693
9,do,0.05,0.0,7,0.8915612089633944,-5.7627110828052865,-4.999038518799676
10,pp,0.05,0.0,48,0.6527294552326204,-6.233648537144516,-5.506081859270732
11,do,0.05,0.0,4,0.16337744593620318,-5.130047386342829,-4.5900577836566505
12,pp,0.05,0.0,3,0.034093722105025925,-5.334940304900661,-3.9914528078503078
13,do,0.05,0.0,47,1.545440571308136,-5.726900079033592,-5.385465428564284
14,pp,0.05,0.0,70,1.641414281129837,-6.238980489788633,-5.206050300598145
15,do,0.05,0.0,9,0.579466809034348,-5.4681057063016025,-4.780380365583632
16,pp,0.05,0.0,44,1.8183033025264752,-7.51413614244172,-5.431028699874878
17,do,0.05,0.0,3,-0.34080278992652957,-4.653468652205034,-4.350351826349894
18,pp,0.05,0.0,43,1.2550527560710902,-6.946781466223976,-6.551247999403212
19,do,0.05,0.0,42,0.32177649021148724,-5.461521798914129,-5.093020375569662
20,pp,0.05,0.0,45,2.019588433504105,-5.071403799634991,-4.849425352944268
21,do,0.05,0.0,4,0.5007918071746822,-4.376306830030499,-4.055711771382226
22,pp,0.05,0.0,70,1.621655769348144,-5.630835082314231,-5.185256783167521
23,do,0.05,0.0,70,1.9122481775283804,-5.382592978621974,-5.13445324367947
24,pp,0.05,0.0,48,2.14749309182167,-6.041766578500921,-5.465974463356866
25,do,0.05,0.0,18,0.11604622006416321,-6.631494208538171,-5.550238733821445
26,pp,0.05,0.0,34,1.6920197641849528,-6.866958353736184,-6.127432600657145
27,do,0.05,0.0,24,1.1197570991516113,-5.561789319009492,-5.019114597638448
28,pp,0.05,0.0,41,1.231535900831223,-5.394774624795625,-5.309517375628153
29,do,0.05,0.0,32,0.3371853399276734,-8.173488183455033,-7.007712973488702
30,pp,0.05,0.0,30,2.2933657121658326,-6.5677571946924385,-5.87579857773251
31,do,0.05,0.0,35,0.7711377787590026,-6.461458305879073,-5.804931918780009
32,pp,0.05,0.0,33,1.7895805811882015,-4.925639154694297,-4.832695955700345
33,do,0.05,0.0,19,0.7817891991138453,-5.567762626301159,-4.553075491057502
34,pp,0.05,0.0,33,1.4900380349159246,-6.034013080596924,-5.21243691444397
35,do,0.05,0.0,12,0.6639957904815672,-6.142697429656982,-5.5571987761391535
36,pp,0.05,0.0,4,-0.07226007461547823,-5.1050045172373455,-4.225339598125881
37,do,0.05,0.0,7,-0.5315268421173096,-6.147153101545392,-6.2347092628479
38,pp,0.05,0.0,6,0.047842968702316746,-4.856801190520778,-4.197230296664768
39,do,0.05,0.0,1,-0.2790046322345736,-6.176085502451117,-5.321497342321607
40,pp,0.05,0.0,17,2.309981901645661,-4.964506364591194,-4.234217072857751
41,do,0.05,0.0,61,0.7336296355724334,-9.037375392335834,-7.334753041797214
42,pp,0.05,0.0,23,0.6299795258045204,-4.742318718361132,-3.90051032172309
43,do,0.05,0.0,2,-0.3741696214675905,-5.257026328462543,-4.557841314209832
44,pp,0.05,0.0,27,-0.07874772667884677,-7.133588816902854,-5.943998222880893
45,do,0.05,0.0,34,1.1980933928489685,-6.2124724026882285,-6.710813222991096
46,pp,0.05,0.0,15,0.264947508573532,-5.073587882880009,-4.128574493196275
47,do,0.05,0.0,2,-0.12586086988449097,-5.672296717672637,-4.9662763012780085
48,pp,0.05,0.0,62,0.46421503067016623,-5.5942827369227555,-4.995617784394158
49,do,0.05,0.0,7,0.7229201531410219,-5.5902562733852506,-4.931464584668477
50,pp,0.05,0.0,33,1.6750488209724432,-5.95043800238407,-5.134150240156385
51,do,0.05,0.0,51,0.2962460803985598,-7.225801418766831,-7.142808363172743
52,pp,0.05,0.0,14,0.5156101989746089,-5.049347711331917,-4.266371292538113
53,do,0.05,0.0,9,0.8139173412323002,-5.390876352425778,-4.837420299318102
54,pp,0.05,0.0,53,0.3021171593666079,-8.21734507156141,-7.087897417280409
55,do,0.05,0.0,10,0.8970349645614624,-4.489873277779782,-4.321551415655348
56,pp,0.05,0.0,70,1.2776751279830938,-5.8507056655305805,-5.333340734905667
57,do,0.05,0.0,6,0.8053652966022486,-4.525230703931866,-3.944637265470293
58,pp,0.05,0.0,12,0.6422943222522735,-5.1303223783319645,-4.56624636914995
59,do,0.05,0.0,14,0.7348362994194026,-5.971301198728157,-5.534791363610162
60,pp,0.05,0.0,41,0.7791006159782405,-7.294943987239491,-6.703859334521823
61,do,0.05,0.0,23,1.4401227867603295,-5.32350769331961,-4.796054230795966
62,pp,0.05,0.0,53,1.6156986474990847,-5.871485064246437,-5.2446198542912805
63,do,0.05,0.0,28,1.5294773411750802,-5.580214537996234,-5.760985549290975
64,pp,0.05,0.0,21,1.696400910615921,-6.654155283263235,-5.891216717825996
65,do,0.05,0.0,9,0.16190833449363762,-5.416122724070694,-4.836014029714796
66,pp,0.05,0.0,5,-0.0042639696598048005,-5.171929727901112,-4.34186950524648
67,do,0.05,0.0,60,3.9883960545063024,-6.281565206701106,-5.565397283766004
68,pp,0.05,0.0,2,0.8931830620765684,-4.2614001158512,-3.829193351003859
69,do,0.05,0.0,2,-0.45994274854660055,-5.30284242774501,-4.733966816796197
70,pp,0.05,0.0,20,0.3525186252593997,-5.868714448177453,-4.920564818382263
71,do,0.05,0.0,23,0.6972838103771206,-6.2620672775037365,-5.164529342121548
72,pp,0.05,0.0,14,1.1247582066059119,-4.750663286266905,-4.324561439620124
73,do,0.05,0.0,21,0.8986980843544012,-5.646784698601925,-5.162831364737617
74,pp,0.05,0.0,70,1.0225236988067623,-6.043954131097505,-5.217677587933011
75,do,0.05,0.0,6,1.0127710807323451,-4.5155114853020875,-4.065050623151991
76,pp,0.05,0.0,1,-0.36717398285865777,-4.898534453998913,-4.196024741066827
77,do,0.05,0.0,70,1.7118404603004453,-8.446207523345947,-9.024106076028612
78,pp,0.05,0.0,1,-0.10008528351783763,-5.75313579530427,-4.6542094628016155
79,do,0.05,0.0,22,1.687109205722808,-5.722734435399373,-5.403017054663764
80,pp,0.05,0.0,32,2.3813652813434603,-7.057809256062363,-5.851194834709167
81,do,0.05,0.0,58,1.0879740774631497,-8.226409260431925,-7.818148777219984
82,pp,0.05,0.0,61,2.662460614442825,-5.6890027638637655,-5.111518221431308
83,do,0.05,0.0,45,1.1117028057575231,-6.521841291947799,-6.623996432622274
84,pp,0.05,0.0,13,0.41887762069702106,-5.125783293174975,-4.620811033248901
85,do,0.05,0.0,28,0.3138750314712526,-7.008771735971624,-6.040963739818997
86,pp,0.05,0.0,13,1.1367911314964294,-4.747293397152062,-4.245419610871209
87,do,0.05,0.0,34,2.3772104310989377,-6.985043655742299,-6.193444686465793
88,pp,0.05,0.0,70,0.5305121445655825,-6.952320431218003,-6.236420583724976
89,do,0.05,0.0,70,1.3052183604240417,-7.413915352387861,-6.558554493056404
90,pp,0.05,0.0,57,1.5228751623630519,-5.27588287266818,-5.013415625360277
91,do,0.05,0.0,55,0.7372084915637966,-10.139950982007113,-8.869757074779935
92,pp,0.05,0.0,70,2.2388169014453876,-7.063866256945061,-6.196027300092909
93,do,0.05,0.0,29,1.9157344210147853,-6.3686522830616346,-5.4784457895490855
94,pp,0.05,0.0,23,3.2126789045333854,-6.223704301949703,-5.259214072757297
95,do,0.05,0.0,28,2.4853497505187985,-6.026657985918449,-5.913657233450148
96,pp,0.05,0.0,46,1.8087432301044473,-7.679864023671006,-7.359143980344137
97,do,0.05,0.0,6,0.5769659411907195,-5.2629838033155965,-4.523449068599277
98,pp,0.05,0.0,3,0.20348380923271225,-4.4847850525017945,-4.008047199249267
99,do,0.05,0.0,26,1.8419821798801426,-6.391428857861143,-5.9008207559585575
100,pp,0.05,0.0,3,0.8291742587089539,-4.109583567128037,-3.6615281846788195
101,do,0.05,0.0,47,0.2340373694896698,-8.17477726647348,-7.710747856563992
102,pp,0.05,0.0,5,0.15648801445960991,-4.915180726484819,-4.242596003744337
103,do,0.05,0.0,21,0.8070324611663819,-6.378195229443636,-5.754577692349752
104,pp,0.05,0.0,24,1.0105164194107052,-6.037044577165084,-5.096801559130351
105,do,0.05,0.0,70,0.5527870893478397,-7.291959853605791,-6.771936988830566
106,pp,0.05,0.0,28,0.344998334646224,-7.1374436378479,-5.960154538684421
107,do,0.05,0.0,34,-0.11738463997840842,-7.364309666373513,-6.289458216561211
108,pp,0.05,0.0,70,0.33686516165733416,-6.868377064213608,-6.902363618214925
109,do,0.05,0.0,41,1.9102770841121668,-6.697833230278709,-6.821164896753099
110,pp,0.05,0.0,30,3.7321913957595827,-4.960218130458485,-4.339129620128208
111,do,0.05,0.0,70,0.48374342918395996,-6.84745844783205,-6.114515034357707
112,pp,0.05,0.0,67,1.3510610222816464,-6.322410226590706,-5.763296641243828
113,do,0.05,0.0,70,1.9239853441715233,-7.598862382137415,-6.4760000891155665
114,pp,0.05,0.0,31,1.845503990650177,-6.809066441564849,-5.959947090678745
115,do,0.05,0.0,8,1.15648864030838,-5.434096151409727,-4.980918841891818
116,pp,0.05,0.0,12,1.4161512672901155,-5.150345358704076,-4.309296129809486
117,do,0.05,0.0,27,0.924893474578858,-7.450461389079239,-6.85772705607944
118,pp,0.05,0.0,70,2.042820037603377,-6.835282503474843,-6.176523939768473
119,do,0.05,0.0,41,2.1090007817745207,-6.743181822516702,-5.4825830433103775
120,pp,0.05,0.0,56,1.5751590633392327,-6.718991687081077,-5.869754762119717
121,do,0.05,0.0,49,1.1670255935192113,-7.171518870555993,-6.15444442960951
122,pp,0.05,0.0,43,1.8252023422718056,-5.308855286511508,-4.7190581878026325
123,do,0.05,0.0,15,1.318098764419556,-5.217283276355627,-4.93654912047916
124,pp,0.05,0.0,70,2.3054717350006104,-6.473296036864772,-5.991912115944756
125,do,0.05,0.0,26,1.055209364891052,-7.142053492863973,-6.681117619408502
126,pp,0.05,0.0,16,1.0949599421024327,-5.521904049497662,-4.797159229384528
127,do,0.05,0.0,15,1.0485549879074103,-5.985413084608136,-5.18294308980306
128,pp,0.05,0.0,24,1.875210005044937,-5.260035787929188,-4.803990284601848
129,do,0.05,0.0,12,1.0202524936199193,-5.579670185031313,-4.669362582100762
130,pp,0.05,0.0,50,2.708013669252395,-7.241529846191407,-6.398196895917256
131,do,0.05,0.0,3,-0.35141043424606355,-5.581050997069387,-4.840766739845276
132,pp,0.05,0.0,70,1.1318217408657079,-7.096613817503958,-6.298214885923597
133,do,0.05,0.0,70,1.1510687404870987,-5.529749683900313,-5.1409785721037125
134,pp,0.05,0.0,34,0.20080954074859658,-5.831247394735163,-4.9944346374935575
135,do,0.05,0.0,70,-0.5298623979091639,-6.762338414336696,-5.957246571116977
136,pp,0.05,0.0,70,0.7098101270198818,-7.9919716647177035,-6.950054023000929
137,do,0.05,0.0,70,0.20139102816581733,-8.045214742602724,-6.825558980305989
138,pp,0.05,0.0,33,1.4203356862068173,-5.804797913811424,-5.382207332717048
139,do,0.05,0.0,70,0.8123494601249694,-7.023115147966327,-8.279067050086127
140,pp,0.05,0.0,35,2.745142040252685,-6.012701650099321,-5.718083863788181
141,do,0.05,0.0,70,1.1821232461929316,-6.473731103087917,-5.592877237002055
142,pp,0.05,0.0,37,3.8557187032699582,-5.129507743951046,-4.779910326004028
143,do,0.05,0.0,30,1.342111442089081,-7.09433294209567,-6.309561652607388
144,pp,0.05,0.0,70,0.6994362461566919,-6.568180813933864,-5.983256382412381
145,do,0.05,0.0,58,0.7674385881423955,-8.466655632943818,-8.193386989169651
146,pp,0.05,0.0,70,0.22838839650153986,-7.6400189471967295,-6.808819137679206
147,do,0.05,0.0,45,0.8948922455310813,-7.662160708687522,-7.740715906355116
148,pp,0.05,0.0,46,0.30510347843170216,-6.8313270438801155,-6.143643633524577
149,do,0.05,0.0,16,0.34538902640342783,-6.146837641976097,-7.161640580495199
150,pp,0.05,0.0,33,0.9659968388080591,-5.940350811409227,-5.6902515384886
151,do,0.05,0.0,5,-0.3185435354709627,-5.947473921920314,-5.237514524989658
152,pp,0.05,0.0,25,1.0001723980903634,-7.154924736600933,-6.5042179319593645
153,do,0.05,0.0,5,0.8129424560070033,-5.071236013643669,-4.449027445581224
154,pp,0.05,0.0,51,2.94475136756897,-5.362344428264733,-5.117909203635322
155,do,0.05,0.0,5,0.4099836218357087,-4.92750409155181,-4.369530259238349
156,pp,0.05,0.0,41,1.7124759149551387,-7.70953888315143,-6.377959065967136
157,do,0.05,0.0,7,0.40330065965652473,-5.715247152790878,-5.1662545892927385
158,pp,0.05,0.0,28,0.636969212293625,-6.266563967502479,-5.4161944813198515
159,do,0.05,0.0,41,0.5931881761550901,-9.362406620834813,-8.213315402136908
160,pp,0.05,0.0,70,1.7646053278446194,-6.033754728779648,-5.14404194355011
161,do,0.05,0.0,12,1.6726697659492489,-5.132150778625951,-4.8941491603851315
162,pp,0.05,0.0,31,0.6508223509788511,-6.68804099632032,-5.542670170466105
163,do,0.05,0.0,68,0.22919337749481183,-8.047322357062137,-7.2428993860880535
164,pp,0.05,0.0,9,0.6321466279029844,-4.842023473797423,-4.33658521440294
165,do,0.05,0.0,21,2.8752545166015624,-5.064704952817975,-5.138155995474921
166,pp,0.05,0.0,70,0.7615534305572504,-5.966975577672323,-5.459622184435527
167,do,0.05,0.0,3,0.5371254563331611,-4.705284367185651,-4.598303376303779
168,pp,0.05,0.0,70,2.0355579090118407,-5.002581967729511,-5.943417080243429
169,do,0.05,0.0,22,2.008513250350952,-5.317589819070065,-5.084808479415046
170,pp,0.05,0.0,70,1.1478280687332152,-6.546607802130959,-6.017791655328539
171,do,0.05,0.0,19,2.0741338396072386,-5.910382763544718,-5.485253389676412
172,pp,0.05,0.0,18,0.6830887627601623,-5.430505745338671,-4.641267379124959
173,do,0.05,0.0,59,0.9802035665512072,-7.651570164073597,-7.00419446627299
174,pp,0.05,0.0,56,1.299501889944076,-6.483335987726847,-5.87194283803304
175,do,0.05,0.0,59,1.6815617895126342,-6.661624912782149,-6.0222612275017635
176,pp,0.05,0.0,41,3.4069909620285035,-4.791606842387806,-4.85739787419637
177,do,0.05,0.0,8,1.1746347939968107,-4.720098952091101,-5.359323037995233
178,pp,0.05,0.0,40,1.9914688146114345,-6.577982703122226,-5.6847491131888495
179,do,0.05,0.0,25,1.2148086357116696,-6.685443303079316,-6.192111113336352
180,pp,0.05,0.0,70,1.6494486951828007,-6.379136914917917,-5.530478416548835
181,do,0.05,0.0,22,1.4208868455886838,-5.119890357508804,-4.866127930747139
182,pp,0.05,0.0,25,0.3731180596351624,-5.3324742851835305,-5.030554005834792
183,do,0.05,0.0,50,2.614888162612915,-5.8232005408315946,-5.369699141714308
184,pp,0.05,0.0,68,1.4914091539382932,-5.371791213931459,-5.288932180404663
185,do,0.05,0.0,32,1.8762345671653744,-6.062799656029903,-7.147381250063578
186,pp,0.05,0.0,54,2.473888027667999,-6.0976875131780455,-5.578982374403211
187,do,0.05,0.0,3,0.728657562732697,-3.9843766313610653,-3.7101029290093317
188,pp,0.05,0.0,2,-0.18635586619377165,-4.120009699734775,-3.6095158086882697
189,do,0.05,0.0,24,2.454540710449219,-6.772580843260794,-6.564728440178765
190,pp,0.05,0.0,50,0.1766176998615272,-9.155224366621537,-8.588087579939101
191,do,0.05,0.0,23,1.0732761418819434,-5.246959489764589,-4.634654760360718
192,pp,0.05,0.0,20,0.9136602759361265,-4.381066377957662,-4.5138939698537195
193,do,0.05,0.0,12,1.307037700414658,-5.3890474940791275,-5.218286959330241
194,pp,0.05,0.0,12,0.9580309033393855,-5.364902343172016,-4.592168998718262
195,do,0.05,0.0,15,0.6351334547996519,-6.093139337770866,-6.716355122460259
196,pp,0.05,0.0,24,1.3217335534095769,-4.938184892770016,-4.670058570967781
197,do,0.05,0.0,35,2.6069808304309836,-6.0089945142919365,-5.32745115492079
198,pp,0.05,0.0,57,1.2405134057998657,-7.119629135998813,-6.042068243026733
199,do,0.05,0.0,33,1.6594974565505973,-6.024118068001487,-6.1799284829033745
200,pp,0.05,0.0,15,1.2575635588169094,-4.9232353297146885,-5.60941809548272
201,do,0.05,0.0,16,1.5311306345462796,-6.591421760212292,-6.091823119587368
202,pp,0.05,0.0,9,1.1491809368133543,-4.72161894567085,-4.0099508497450085
203,do,0.05,0.0,4,0.5396376538276675,-4.499482464067864,-4.54382767147488
204,pp,0.05,0.0,53,2.1688870966434486,-5.791961495081583,-5.942419950167338
205,do,0.05,0.0,40,2.861559206843376,-5.6702368403926044,-5.960107209947374
206,pp,0.05,0.0,24,2.8656064808368678,-5.063620902552749,-4.55165527926551
207,do,0.05,0.0,22,2.2621013820171365,-5.0671839179414695,-5.6240490330590145
208,pp,0.05,0.0,70,0.6558011364936824,-7.835020729989717,-7.671177985933092
209,do,0.05,0.0,50,2.117780727148056,-5.191707602414218,-4.669897596041362
210,pp,0.05,0.0,53,1.8472293472290042,-6.130410135153568,-5.115246748924255
211,do,0.05,0.0,27,1.74066342830658,-5.463147674907337,-4.621556091308594
212,pp,0.05,0.0,64,1.3090321910381322,-4.882771668289647,-4.415310083495246
213,do,0.05,0.0,21,2.254754060506821,-4.602948025501136,-4.290652412838406
214,pp,0.05,0.0,29,2.350956674814224,-4.769264663349499,-4.103298925028907
215,do,0.05,0.0,11,1.017792991399765,-4.645397271532001,-4.052533045079973
216,pp,0.05,0.0,70,0.9163637423515318,-6.402167499426639,-5.74206165737576
217,do,0.05,0.0,14,0.48071775317192067,-4.944365918997562,-4.61560800075531
218,pp,0.05,0.0,64,2.3204713487625126,-5.96534500989047,-4.9297304736243355
219,do,0.05,0.0,8,0.5108336353302008,-4.665279891274192,-4.472709279590183
220,pp,0.05,0.0,70,0.3569012844562538,-5.587214296514338,-4.689306402206421
221,do,0.05,0.0,11,1.7437612366676332,-4.475660361665668,-4.403528714179993
222,pp,0.05,0.0,57,2.601633100509643,-5.89111230879119,-5.450774547788832
223,do,0.05,0.0,32,1.6284549403190614,-5.553321799364957,-5.0383656448788114
224,pp,0.05,0.0,13,0.3899328911304476,-5.415131602142797,-4.651526212692261
225,do,0.05,0.0,24,2.1060325217247016,-5.825758159521854,-5.2066536929872305
226,pp,0.05,0.0,67,3.1722757208347323,-6.5485595703125,-5.799857468075222
227,do,0.05,0.0,36,1.292076736688614,-6.761294768073342,-6.306197505527073
228,pp,0.05,0.0,52,2.135554338693618,-6.180980904897054,-5.39760782983568
229,do,0.05,0.0,6,0.5942405295372009,-5.138716954895944,-4.0694106843736435
230,pp,0.05,0.0,29,1.5633141601085665,-4.809581220511234,-4.233972851435343
231,do,0.05,0.0,17,1.7922200143337248,-4.475334501266479,-4.4565221786499025
232,pp,0.05,0.0,29,1.3966616153717037,-5.628359151609017,-4.585855868127611
233,do,0.05,0.0,9,0.5792796432971956,-5.123155118479874,-4.92066773308648
234,pp,0.05,0.0,54,2.501850810050965,-5.697746284080274,-5.55021808942159
235,do,0.05,0.0,27,1.5383868432044983,-5.79540128996878,-6.5516544765896265
236,pp,0.05,0.0,21,0.7987951445579533,-5.33378811749545,-4.264495881398519
237,do,0.05,0.0,5,0.7697681903839113,-4.95195317846356,-5.001717154184977
238,pp,0.05,0.0,56,1.9767978334426886,-6.523532951239384,-5.8018513202667235
239,do,0.05,0.0,52,0.8675610733032233,-7.564133529952078,-9.123576805326675
240,pp,0.05,0.0,70,1.0871038353443145,-6.539847316163959,-5.710239293840196
241,do,0.05,0.0,17,0.6643492937088009,-5.578657790386315,-5.0653951406478885
242,pp,0.05,0.0,31,1.4091793417930596,-5.4437703421621615,-4.694981302155389
243,do,0.05,0.0,13,1.5523337352275846,-5.259001091754798,-4.920452083481683
244,pp,0.05,0.0,12,-0.5384336531162264,-5.470801418477839,-4.939300060272217
245,do,0.05,0.0,10,1.4438871979713443,-4.603998733289314,-4.385184886720445
246,pp,0.05,0.0,70,1.7265923118591315,-6.326193305217859,-5.588742073376974
247,do,0.05,0.0,16,2.2612318253517145,-5.159532231995554,-5.207871882120768
248,pp,0.05,0.0,70,1.5536779463291168,-6.901201168696086,-6.054906034469605
249,do,0.05,0.0,48,4.491048847436905,-6.456399079525109,-7.87391455968221
250,pp,0.05,0.0,23,1.6844429183006282,-5.3398018244541055,-4.904742376009623
251,do,0.05,0.0,39,2.102353194952011,-5.69092819184968,-5.729350754949782
252,pp,0.05,0.0,51,1.8680263233184817,-5.8259620608705465,-5.7767127169503105
253,do,0.05,0.0,25,0.920581579208374,-4.740087098786325,-4.791395325130886
254,pp,0.05,0.0,33,2.1675839853286742,-4.854776852058642,-4.5882174650828045
255,do,0.05,0.0,17,1.1182106089591972,-5.646849464647698,-4.8824950695037845
256,pp,0.05,0.0,42,2.2105291998386383,-6.495839337146643,-6.1906167321734955
257,do,0.05,0.0,15,1.433061442375183,-4.756817765669389,-4.6528089841206866
258,pp,0.05,0.0,43,2.3795198798179626,-6.812351523023663,-6.495413303375244
259,do,0.05,0.0,48,2.8855148041248313,-7.138236554463704,-6.747671386930677
260,pp,0.05,0.0,70,1.8621944689750674,-10.481859691215284,-9.764022933112251
261,do,0.05,0.0,57,2.508401783704758,-6.441930515115911,-7.0686166101031835
262,pp,0.05,0.0,25,2.962077530622482,-5.4518740350549875,-4.925168776512146
263,do,0.05,0.0,25,2.9518800497055055,-4.978549746311072,-4.419421887397766
264,pp,0.05,0.0,36,1.9518155956268313,-5.371848123723811,-4.768626692559984
265,do,0.05,0.0,15,2.015849949121475,-4.812364839785027,-4.609447736210293
266,pp,0.05,0.0,13,1.011696256399154,-4.876043692502108,-4.183914701143901
267,do,0.05,0.0,10,0.8101109182834625,-4.86003529808738,-5.219397089216444
268,pp,0.05,0.0,19,0.8711242628097535,-5.754104348384973,-5.186493502722846
269,do,0.05,0.0,70,1.866209198236465,-6.729638356873483,-5.925132936901516
270,pp,0.05,0.0,63,2.2110980296134954,-5.197579402634592,-4.826059163941277
271,do,0.05,0.0,27,1.9859116888046264,-5.111704548922452,-4.452364052666558
272,pp,0.05,0.0,70,0.7415836632251747,-6.683550000913216,-6.473926636907789
273,do,0.05,0.0,2,0.11049972176551837,-5.027143797729955,-4.446126317977905
274,pp,0.05,0.0,43,0.991565140485763,-7.343036917484167,-5.5700172689225935
275,do,0.05,0.0,33,0.9059812331199648,-6.500581807801217,-6.05078641043769
276,pp,0.05,0.0,55,0.8255165958404547,-6.115523992885243,-5.326031454404196
277,do,0.05,0.0,29,0.03245932579040556,-6.174958499272664,-5.650264061821831
278,pp,0.05,0.0,33,1.3066235923767087,-6.380543201619928,-5.872780256801182
279,do,0.05,0.0,21,1.3358894085884092,-6.482472915360422,-6.427337609397041
280,pp,0.05,0.0,48,0.5859919190406799,-6.70141107674801,-5.706247962845696
281,do,0.05,0.0,70,2.0194008588790897,-8.524400518879746,-7.528351558579339
282,pp,0.05,0.0,70,2.244822785854339,-6.6499404777180064,-6.261856524149577
283,do,0.05,0.0,27,1.7000423336029051,-6.258980511174057,-6.0864488999048865
284,pp,0.05,0.0,28,0.5399256753921504,-6.838509319767807,-6.049164141549005
285,do,0.05,0.0,23,1.860633661746979,-5.735095722025091,-5.575703642103407
286,pp,0.05,0.0,39,0.8678855383396158,-8.95172614184293,-7.996810245513916
287,do,0.05,0.0,18,2.4848103034496303,-5.021948749368841,-5.806611137919956
288,pp,0.05,0.0,70,0.6158298110961908,-8.12150044152231,-7.241054150793287
289,do,0.05,0.0,26,2.104198802709579,-5.5735962492046935,-5.3798838059107466
290,pp,0.05,0.0,70,1.9048602557182317,-6.148018823970448,-6.161476169692145
291,do,0.05,0.0,13,1.4693878602981565,-4.634171818241929,-4.148867064052158
292,pp,0.05,0.0,70,2.1588183605670928,-5.8916372385892,-7.0935561312569515
293,do,0.05,0.0,70,2.802945936918258,-6.44696308482777,-5.474532368448045
294,pp,0.05,0.0,70,3.464779807329177,-5.917474258307255,-5.243462363878886
295,do,0.05,0.0,70,2.5011704027652746,-6.580520450707638,-6.527983212471009
296,pp,0.05,0.0,70,2.287117176055909,-5.67326716076244,-5.273534123102824
297,do,0.05,0.0,13,1.7910557270050047,-4.929923673109575,-4.117049917909834
298,pp,0.05,0.0,26,1.9673824405670164,-6.219185865286625,-5.423115226957533
299,do,0.05,0.0,13,1.231470701694489,-4.9225836493752215,-4.476563180817498
300,pp,0.05,0.0,44,0.6721890807151789,-7.111373373956392,-6.499902192751566
301,do,0.05,0.0,36,2.3052118968963624,-6.71933599096356,-6.134601163864136
302,pp,0.05,0.0,70,1.8720670425891877,-7.135877846226547,-6.250762213601006
303,do,0.05,0.0,30,1.5001912808418272,-6.186460454536207,-5.803375098440382
304,pp,0.05,0.0,52,3.493123366832732,-5.553006475622004,-4.792550953229268
305,do,0.05,0.0,53,1.7494848680496213,-7.714799776944247,-6.60620756679111
306,pp,0.05,0.0,70,0.16509642362594512,-8.396209685007731,-7.930986611048381
307,do,0.05,0.0,5,0.5972917509078979,-5.211948452573834,-5.256909497578939
308,pp,0.05,0.0,6,0.44668798208236726,-4.97540056922219,-4.891456487443712
309,do,0.05,0.0,6,0.3504949545860292,-4.686417439489654,-4.3368825727038915
310,pp,0.05,0.0,58,1.217245545387268,-5.322510652831107,-5.301625034544203
311,do,0.05,0.0,19,2.2638748764991767,-7.398590258396033,-6.677933438618978
312,pp,0.05,0.0,43,3.605654175281524,-5.575347819472804,-5.110933073361715
313,do,0.05,0.0,12,1.4494571197032924,-4.460141800389145,-4.147493798202938
314,pp,0.05,0.0,23,1.5919123995304103,-4.7401100303187516,-4.478895645671421
315,do,0.05,0.0,65,-0.7799201989173881,-8.129270394643148,-9.329772784974839
316,pp,0.05,0.0,70,0.7060999023914345,-6.3619541413856275,-5.964091534084744
317,do,0.05,0.0,32,2.3605833339691156,-5.415079821962299,-4.820173690054152
318,pp,0.05,0.0,9,0.7241151952743534,-4.6126387639479205,-3.691576600074768
319,do,0.05,0.0,23,1.6610162103176114,-4.86134113109473,-4.513985111978319
320,pp,0.05,0.0,28,1.4708022344112406,-6.4878926956292355,-6.046859799491035
321,do,0.05,0.0,6,0.4592672336101531,-5.217015920985829,-4.645531506008572
322,pp,0.05,0.0,9,0.6882215285301205,-5.383349460544008,-5.159510389963786
323,do,0.05,0.0,1,0.0853348994255061,-5.6352871504696935,-5.025417645772298
324,pp,0.05,0.0,54,1.6164756643772131,-6.412540837490197,-6.025256355603536
325,do,0.05,0.0,17,2.28778953909874,-5.987486937551788,-6.108694291114807
326,pp,0.05,0.0,37,1.8024344933032994,-5.913877007455537,-5.09215947786967
327,do,0.05,0.0,16,0.9701827299594878,-5.2807711456761215,-5.095509719848633
328,pp,0.05,0.0,30,2.7052997362613675,-4.8097295833356455,-4.372354519367218
329,do,0.05,0.0,7,0.8718998622894292,-4.663627403432673,-5.181545684072707
330,pp,0.05,0.0,40,2.3170951902866372,-6.370626478484183,-5.711128362019857
331,do,0.05,0.0,5,0.9576778185367578,-4.464083553083015,-4.18949445353614
332,pp,0.05,0.0,60,1.6051549351215355,-5.821240857153228,-5.665972834163242
333,do,0.05,0.0,12,0.5924510812759403,-5.046300548495668,-4.530292807685004
334,pp,0.05,0.0,63,1.2337674069404603,-5.14659463709051,-4.970822392569648
335,do,0.05,0.0,34,1.921278399229049,-6.493940223347057,-5.724472122722202
336,pp,0.05,0.0,18,0.9665531110763554,-4.820017996701327,-3.8922168148888483
337,do,0.05,0.0,12,2.4336779969930644,-4.346713311021978,-4.831765137778389
338,pp,0.05,0.0,27,1.6239401018619528,-5.602474560882106,-5.818956359227498
339,do,0.05,0.0,27,3.7690510964393606,-5.489154516566884,-4.863895752694872
340,pp,0.05,0.0,70,1.3732354021072384,-6.078384640722564,-5.492053066359626
341,do,0.05,0.0,44,1.1800131070613862,-7.57390995314627,-6.625237446361118
342,pp,0.05,0.0,70,0.8010600173473366,-7.453590619925297,-7.034195926454332
343,do,0.05,0.0,59,1.5442645537853235,-6.492281657999212,-6.135391924116346
344,pp,0.05,0.0,22,0.854942252635956,-5.569658441254587,-4.878982310824924
345,do,0.05,0.0,15,2.2245298099517825,-5.167303160465125,-4.699025286568536
346,pp,0.05,0.0,59,2.480064491033553,-6.151238281076605,-5.763114182154338
347,do,0.05,0.0,68,5.697362567186355,-5.695962621226455,-5.452752449777392
348,pp,0.05,0.0,36,1.5456430351734163,-5.848503777475068,-5.385755713780721
349,do,0.05,0.0,42,0.7341539955139158,-7.151277475646048,-6.612453121609158
350,pp,0.05,0.0,3,-0.042755703926085964,-4.875609600182735,-4.152790681521098
351,do,0.05,0.0,62,1.9941261136531843,-8.097326478091153,-7.644755660163032
352,pp,0.05,0.0,39,1.4504240775108341,-6.47023607600819,-5.5371548043357
353,do,0.05,0.0,19,2.7237343716621396,-5.053236103057861,-5.2767338514328
354,pp,0.05,0.0,35,2.615142146348953,-4.854738787448768,-4.843624594476488
355,do,0.05,0.0,39,3.1871960353851323,-6.520031002796057,-6.010382628440857
356,pp,0.05,0.0,68,2.0889026474952708,-6.192571468064279,-5.991983461380005
357,do,0.05,0.0,58,2.6956306374073034,-6.4115122578360815,-6.867693053351508
358,pp,0.05,0.0,44,0.7369094049930576,-6.539298780036695,-6.898304025332133
359,do,0.05,0.0,60,2.6691266465187073,-7.148514467297178,-7.198166121376885
360,pp,0.05,0.0,10,1.7810010087490076,-5.0144577156413686,-4.313396241929796
361,do,0.05,0.0,19,2.311848040819168,-5.244509000489206,-4.8541682402292885
362,pp,0.05,0.0,70,1.2656885886192324,-6.162569278659243,-5.296679435835944
363,do,0.05,0.0,39,2.217981268167496,-5.188171891010168,-5.29732313685947
364,pp,0.05,0.0,50,1.0933827424049376,-6.427594417514223,-6.9137539307276406
365,do,0.05,0.0,55,2.3123161423206327,-6.554370332486702,-6.052359120051066
366,pp,0.05,0.0,70,2.439704792499543,-5.763621551340276,-4.955562204784817
367,do,0.05,0.0,70,3.073950172662734,-6.302273472872647,-5.954406044218275
368,pp,0.05,0.0,23,2.1142732048034674,-5.511062106219205,-5.1559212843577065
369,do,0.05,0.0,28,1.9826267910003663,-5.372635835589785,-4.910370167096456
370,pp,0.05,0.0,13,0.44038922548294046,-4.840331356453173,-4.029738436804878
371,do,0.05,0.0,17,0.9009029734134675,-7.264982542847142,-6.182893318600125
372,pp,0.05,0.0,70,1.4856861102581025,-7.982888880642977,-7.5508716106414795
373,do,0.05,0.0,9,1.9816170930862427,-4.466496849060059,-4.101509613460965
374,pp,0.05,0.0,25,0.6431791377067562,-6.610718524817265,-5.651322388648987
375,do,0.05,0.0,28,2.022458900213242,-5.197512591968883,-5.292223808500502
376,pp,0.05,0.0,31,1.4570576572418208,-5.563033485412598,-4.738197493553161
377,do,0.05,0.0,30,1.812230956554413,-6.18269713864182,-5.768080067634583
378,pp,0.05,0.0,23,1.7523201060295106,-5.583805163701375,-4.862153813574049
379,do,0.05,0.0,37,1.347165454626083,-6.711271236882065,-6.875358051723904
380,pp,0.05,0.0,6,0.7211838865280145,-4.578114113663182,-4.310749422179328
381,do,0.05,0.0,26,2.329246048927308,-5.77862631335403,-5.153879570960998
382,pp,0.05,0.0,24,1.9511314773559567,-5.620675644730077,-5.383980308638678
383,do,0.05,0.0,5,1.2101306247711179,-4.691109298937248,-4.3538806623882715
384,pp,0.05,0.0,70,2.645703288316726,-5.217110792795817,-4.819918174213833
385,do,0.05,0.0,68,2.195237456560136,-7.086512114784934,-6.859383339352078
386,pp,0.05,0.0,52,3.158482027053834,-5.850601768493652,-5.9540814267264475
387,do,0.05,0.0,24,2.567889516353608,-5.430753639972571,-6.671426497565376
388,pp,0.05,0.0,15,1.9841685569286343,-5.120927734086008,-4.71836683485243
389,do,0.05,0.0,16,2.8867101848125456,-4.594359273621531,-4.575504569212596
390,pp,0.05,0.0,10,0.9497086560726169,-4.680304397236217,-3.905084427197774
391,do,0.05,0.0,47,3.3879494774341588,-5.620752742073753,-5.155354796515571
392,pp,0.05,0.0,70,1.7223101747035985,-7.024284345453435,-7.381283169322543
393,do,0.05,0.0,14,1.4144382905960082,-4.775787852027199,-6.1734759171803795
394,pp,0.05,0.0,45,1.9790903472900379,-5.839038590228919,-6.538885712623596
395,do,0.05,0.0,21,3.2085937035083774,-4.899194301258434,-5.040869437323677
396,pp,0.05,0.0,70,1.69148948431015,-6.117637910264911,-6.535185628467136
397,do,0.05,0.0,16,2.3886785852909087,-4.60598891287139,-5.500478185547722
398,pp,0.05,0.0,70,2.63294199347496,-6.321801200057521,-5.942645867665608
399,do,0.05,0.0,60,4.622107937335968,-5.779024845181089,-5.2763086160024
400,pp,0.05,0.0,70,3.338259694576263,-5.70907629330953,-5.2933715661366785
401,do,0.05,0.0,10,0.20408437967300408,-6.2231002894314855,-5.879429173469544
402,pp,0.05,0.0,20,1.5444139623641968,-6.477975471091993,-5.284684024916755
403,do,0.05,0.0,70,1.9840126681327819,-5.850926218610821,-5.8148756133185495
404,pp,0.05,0.0,39,2.461970633268357,-5.355960656657364,-4.655363660388523
405,do,0.05,0.0,21,0.9580574393272396,-6.82658177578088,-6.616035056114197
406,pp,0.05,0.0,70,2.070397965908051,-7.076565118269487,-6.759534237119887
407,do,0.05,0.0,70,1.569375185966491,-7.320275166540435,-9.016622834735447
408,pp,0.05,0.0,17,1.7495069062709812,-5.3044153545842025,-4.480657565593719
409,do,0.05,0.0,39,1.8902254498004902,-6.659990407481338,-6.6322463221020165
410,pp,0.05,0.0,40,1.9382827889919287,-6.413937555659901,-5.458958583407932
411,do,0.05,0.0,55,1.1798217904567716,-5.804601998762651,-5.722748459710015
412,pp,0.05,0.0,35,2.3106863498687744,-5.979865155075536,-5.191416698031955
413,do,0.05,0.0,70,0.894598674774171,-8.641716474475283,-9.757036214404636
414,pp,0.05,0.0,50,1.4510694658756247,-7.4310560211990815,-6.583579643567403
415,do,0.05,0.0,8,1.0182209300994876,-4.233684574473988,-3.94495509730445
416,pp,0.05,0.0,38,2.5420923388004297,-5.716621017456054,-5.0489963716930815
417,do,0.05,0.0,14,0.4570523202419281,-5.689207292325569,-5.141499498155382
418,pp,0.05,0.0,26,3.013461058139801,-5.290197378216368,-5.025407666630215
419,do,0.05,0.0,3,0.23176152229309022,-5.587474703066277,-4.7624417728847925
420,pp,0.05,0.0,70,1.8057452583312994,-6.320576039227572,-6.395680069923401
421,do,0.05,0.0,2,0.8102791786193846,-4.998858696041685,-4.081237276395162
422,pp,0.05,0.0,34,3.298117319345474,-5.859595340670961,-5.574806295500862
423,do,0.05,0.0,2,0.4429293918609618,-4.914453728993734,-4.212000849511888
424,pp,0.05,0.0,50,2.2903764152526866,-8.18154705509995,-7.300386632813348
425,do,0.05,0.0,6,0.8965449178218847,-5.552262767155965,-4.900463069809808
426,pp,0.05,0.0,46,2.9883881616592403,-6.201172268029415,-5.84038982656267
427,do,0.05,0.0,2,0.19560643196105953,-5.068261415308172,-4.3567038403617016
428,pp,0.05,0.0,46,2.9104315853118905,-6.476646130012743,-6.369962271054586
429,do,0.05,0.0,7,1.1679610705375678,-4.988783187577218,-4.325272207789951
430,pp,0.05,0.0,70,3.0997046840190885,-5.482113679250081,-5.44849739074707
431,do,0.05,0.0,7,1.3886994290351868,-4.642368305090702,-4.2973747200436065
432,pp,0.05,0.0,45,2.9907212960720058,-5.616951131820679,-5.393550409211053
433,do,0.05,0.0,26,1.2370216727256773,-5.528967822681774,-5.684517415364583
434,pp,0.05,0.0,51,0.7211040449142452,-7.3443004434758965,-5.814431436856588
435,do,0.05,0.0,4,-0.08944225788116444,-5.894230641740741,-5.436744173367818
436,pp,0.05,0.0,16,1.5080588304996496,-5.501150680310799,-5.088709778255886
437,do,0.05,0.0,3,-0.054980007410049936,-5.682031291903871,-4.818764906459385
438,pp,0.05,0.0,48,1.2883245301246635,-6.5000113862933535,-5.748408055305481
439,do,0.05,0.0,42,1.5076242983341217,-6.175521655516191,-6.310080377260844
440,pp,0.05,0.0,8,1.4031435918807977,-5.050596718354659,-4.142636336220635
441,do,0.05,0.0,47,1.191786016225815,-6.3371843352462305,-5.867187521192762
442,pp,0.05,0.0,70,2.5632760155200964,-5.359960454882997,-4.357882683806949
443,do,0.05,0.0,70,1.3584439122676848,-6.881816416075735,-6.697401597764757
444,pp,0.05,0.0,27,2.100837577581405,-5.116416080070264,-4.780747797754076
445,do,0.05,0.0,12,0.39751659512519844,-5.378919280659069,-4.895257825321622
446,pp,0.05,0.0,29,1.9058889222145075,-6.963484634052623,-5.884820546044244
447,do,0.05,0.0,37,1.0658300387859345,-6.249803576324926,-5.815915317005581
448,pp,0.05,0.0,19,0.9040885198116309,-6.147528993722164,-4.806004736158583
449,do,0.05,0.0,18,0.7337076115608214,-6.218255868102565,-5.349423336982727
450,pp,0.05,0.0,38,3.0718902635574343,-6.584028829227794,-5.213888393508063
451,do,0.05,0.0,70,2.3846658825874325,-5.685039536158244,-5.56334081225925
452,pp,0.05,0.0,68,3.5026773107051845,-5.372388289191506,-4.748853760295444
453,do,0.05,0.0,70,1.9526110708713542,-6.282785986409043,-5.7138735108905365
454,pp,0.05,0.0,46,2.7371328258514414,-6.031856633677627,-5.228868871264988
455,do,0.05,0.0,49,1.9198391628265385,-6.971996922926469,-6.3678667386372885
456,pp,0.05,0.0,21,1.9164631295204169,-6.19163643952572,-5.3091069724824695
457,do,0.05,0.0,1,-0.6541922008991241,-5.594772012305982,-5.0325531217787
458,pp,0.05,0.0,29,2.7221285641193385,-5.265379824782863,-4.55622657140096
459,do,0.05,0.0,18,1.0227337884902958,-4.956461701248632,-4.62775637573666
460,pp,0.05,0.0,70,2.4092874419689174,-7.612833684863467,-6.234604628880819
461,do,0.05,0.0,17,0.9131312954425814,-5.598022148825906,-5.160654573970371
462,pp,0.05,0.0,63,3.8498999333381647,-5.466558391397649,-6.059262635972765
463,do,0.05,0.0,70,0.3122989869117738,-8.230827634984797,-9.336002265082465
464,pp,0.05,0.0,50,2.970730309486388,-7.051157968694514,-5.754588129785326
465,do,0.05,0.0,17,0.5966555106639868,-6.217344325961489,-5.456352591514587
466,pp,0.05,0.0,17,2.9614540243148815,-4.82848177245169,-4.708138293690151
467,do,0.05,0.0,3,-0.2786003816127778,-5.349081153580637,-4.5855980316797895
468,pp,0.05,0.0,12,1.7694549834728237,-5.310760833277847,-4.805143189430237
469,do,0.05,0.0,8,0.40166207551956123,-5.795541286468506,-4.893132440249125
470,pp,0.05,0.0,9,1.2343216145038607,-4.500372331792658,-4.0272965908050535
471,do,0.05,0.0,21,0.5424956834316248,-6.089242010405569,-5.544600274827745
472,pp,0.05,0.0,17,2.5868824470043172,-5.44301476912065,-4.5100185447269014
473,do,0.05,0.0,70,1.5642290735244764,-6.3026781284447875,-6.182137767473857
474,pp,0.05,0.0,23,1.9955843567848204,-6.495434417146625,-5.549228771527608
475,do,0.05,0.0,25,0.7145861375331881,-6.349127265178796,-5.587491959995694
476,pp,0.05,0.0,35,3.110193145275117,-5.719156336061882,-4.912137375937568
477,do,0.05,0.0,69,1.0935435307025916,-8.351372767939711,-7.293181133270264
478,pp,0.05,0.0,11,1.6421724343299866,-4.8840836828405205,-4.318060635195838
479,do,0.05,0.0,12,0.7924206757545473,-6.48279596675526,-5.1789229498969185
480,pp,0.05,0.0,55,2.559178228378295,-6.014758529085102,-5.330403839217292
481,do,0.05,0.0,34,1.150457755327225,-7.014814398505471,-6.614414315753513
482,pp,0.05,0.0,37,2.6083996140956875,-5.519103331999346,-5.589764499664307
483,do,0.05,0.0,70,0.7880800807476049,-6.927822874531602,-6.790733586417304
484,pp,0.05,0.0,70,3.2072389793396,-5.773803586670847,-5.376896240976122
485,do,0.05,0.0,39,0.83096442103386,-8.307069038622307,-7.912415663401286
486,pp,0.05,0.0,26,1.9609355473518377,-5.898374005519982,-4.934602745374044
487,do,0.05,0.0,24,-0.3003474009037017,-6.796591930678397,-5.866756510734558
488,pp,0.05,0.0,22,2.2628413295745853,-5.845839376160593,-5.517539522382948
489,do,0.05,0.0,65,2.0047984457015984,-7.235970436442982,-6.4005125946468775
490,pp,0.05,0.0,44,3.05420185804367,-5.17010282314185,-4.67956576347351
491,do,0.05,0.0,18,1.029959605932235,-5.992199610218857,-5.056860423088073
492,pp,0.05,0.0,25,2.41210573196411,-5.072316178408536,-4.737173279126485
493,do,0.05,0.0,29,1.2579878413677203,-6.955606362313935,-6.4795890092849735
494,pp,0.05,0.0,70,2.3227884399890906,-7.066561357902758,-5.847964760992262
495,do,0.05,0.0,57,2.576215438842773,-7.604178954615738,-6.874920807944404
496,pp,0.05,0.0,30,3.146960493326187,-6.4260706309116244,-5.631632018089294
497,do,0.05,0.0,27,0.8550714325904849,-6.278136692625104,-5.9647193590799965
498,pp,0.05,0.0,42,1.2860204267501825,-6.6927603042486945,-6.0534006039301556
499,do,0.05,0.0,11,1.3782940340042114,-5.664505444150983,-4.67803398238288
500,pp,0.05,0.0,55,2.850230915546418,-5.980152056433938,-5.801218546761406
501,do,0.05,0.0,18,0.7054710328578944,-7.195002880963412,-6.374862734476725
502,pp,0.05,0.0,27,2.450929396152496,-7.223679984699596,-5.876963429980808
503,do,0.05,0.0,58,-0.010015269517898773,-8.657479693672874,-7.708236053254869
504,pp,0.05,0.0,49,2.292407639026642,-6.914384774005774,-6.734903711742825
505,do,0.05,0.0,4,0.7445852792263032,-5.452512772878011,-4.554395145840115
506,pp,0.05,0.0,70,2.064504778385163,-6.667090037374786,-5.827899498409695
507,do,0.05,0.0,24,1.665817265510558,-6.332637203100956,-5.674230896102058
508,pp,0.05,0.0,39,2.2282520174980167,-5.809824910308375,-4.988916937510172
509,do,0.05,0.0,38,1.1346477949619294,-7.587078613223452,-6.842772187127007
510,pp,0.05,0.0,67,1.838841736316681,-8.063551420153994,-6.966576120588514
511,do,0.05,0.0,26,0.9336930763721467,-6.428667688369751,-7.481254598829481
512,pp,0.05,0.0,42,2.7627466201782225,-5.109771179430412,-4.888085256682502
513,do,0.05,0.0,12,0.4283806443214413,-6.634665268117732,-5.78363868130578
514,pp,0.05,0.0,69,1.6740973818302152,-7.048980951309204,-5.699299118253919
515,do,0.05,0.0,20,1.023448168039323,-7.001105509382306,-6.827362383736505
516,pp,0.05,0.0,26,3.3519479942321784,-6.151404892314564,-5.298960002263387
517,do,0.05,0.0,11,1.6454764282703405,-5.676477121584343,-5.089628728230794
518,pp,0.05,0.0,10,1.7121500134468066,-5.7848079363505045,-4.778289326032003
519,do,0.05,0.0,9,1.3555456078052517,-5.354572194995302,-4.555292044745551
520,pp,0.05,0.0,34,3.1672500407695763,-5.571431316028942,-4.9916994094848635
521,do,0.05,0.0,65,0.6160497415065755,-7.591122241453691,-7.119236188464694
522,pp,0.05,0.0,18,2.605962636470795,-5.257199793150931,-4.755880432658725
523,do,0.05,0.0,24,0.1268502974510186,-7.339685828758008,-7.6436631361643474
524,pp,0.05,0.0,42,3.1499260914325715,-5.752527014414469,-4.872026533550686
525,do,0.05,0.0,28,1.7957289493083959,-6.628853378873883,-6.175907341639201
526,pp,0.05,0.0,37,1.7823176383972168,-6.477910908785733,-5.3516535520553585
527,do,0.05,0.0,9,0.43287401318550156,-5.686712501988266,-4.910808340708415
528,pp,0.05,0.0,35,3.0519355559349055,-5.261438650073427,-4.699551272392273
529,do,0.05,0.0,69,0.4698583400249481,-6.642030221765691,-6.33915159702301
530,pp,0.05,0.0,22,2.0694491267204285,-5.439154168331262,-5.322254384888543
531,do,0.05,0.0,6,-0.07393166184425404,-5.999364105860392,-5.510740574200948
532,pp,0.05,0.0,50,1.199456779956817,-6.820922516331528,-6.070071895917256
533,do,0.05,0.0,4,0.21060629844665613,-5.301437038363832,-4.700917885038588
534,pp,0.05,0.0,19,1.8364031863212587,-5.188279299302534,-4.899442333645291
535,do,0.05,0.0,70,1.4628535354137409,-6.308259235728871,-5.936900663375854
536,pp,0.05,0.0,70,2.6259468805789954,-6.270897829171383,-6.009901849428813
537,do,0.05,0.0,33,1.204792977571488,-7.6461686683423595,-6.744001611073812
538,pp,0.05,0.0,35,2.370024778842925,-6.3651509964104855,-5.55218985080719
539,do,0.05,0.0,70,0.33495377659797665,-6.240220535162724,-5.936393454339769
540,pp,0.05,0.0,70,2.880891885757446,-6.035135613065777,-5.401739843686422
541,do,0.05,0.0,9,0.35531951189041155,-5.7290220390666615,-4.9171510987811615
542,pp,0.05,0.0,68,2.0877505159378043,-6.756192135088371,-6.436578891012403
543,do,0.05,0.0,63,0.27874567508697545,-8.101828898805561,-7.447417158550686
544,pp,0.05,0.0,22,2.1518282580375674,-5.765880180127693,-5.142764335208469
545,do,0.05,0.0,63,1.971320096254349,-7.169777549396862,-6.072219536039564
546,pp,0.05,0.0,15,1.2568135702610022,-6.252612382715399,-5.1582621309492325
547,do,0.05,0.0,52,0.20892294228076924,-6.706786638317686,-6.325501441955566
548,pp,0.05,0.0,33,4.149889940023422,-6.8602226849758265,-5.477790726555718
549,do,0.05,0.0,57,0.8748385977745059,-6.888635132529519,-6.243986166848076
550,pp,0.05,0.0,70,2.758980563879014,-6.379677347703414,-5.844468477037218
551,do,0.05,0.0,4,-0.09782362341880813,-5.964919603232182,-5.037952743636238
552,pp,0.05,0.0,65,3.1492284631729133,-6.347409355279171,-5.600452828407287
553,do,0.05,0.0,38,1.0708356082439412,-7.520561713883371,-6.291358412636651
554,pp,0.05,0.0,52,3.289468321800231,-5.00946393735481,-5.3964565065171985
555,do,0.05,0.0,26,1.946893578767777,-5.498929880604599,-5.245005101627774
556,pp,0.05,0.0,21,2.176841440200806,-5.285648676843354,-4.900308966636658
557,do,0.05,0.0,61,1.5148265659809113,-7.407772905176336,-7.702732589509752
558,pp,0.05,0.0,38,1.8477826607227321,-6.893988220619433,-6.079030829005771
559,do,0.05,0.0,37,1.015081276893616,-6.645847434708567,-6.042972840203179
560,pp,0.05,0.0,70,1.8696171998977649,-6.655577604698412,-6.138789388868544
561,do,0.05,0.0,48,2.69056125164032,-6.626309146303119,-6.081449966960483
562,pp,0.05,0.0,22,1.5392915761470807,-6.192710110635469,-4.7167773750093245
563,do,0.05,0.0,15,1.565118434429169,-5.313978752945409,-5.06663568549686
564,pp,0.05,0.0,46,1.6731389307975766,-6.529426191792344,-6.083891495068868
565,do,0.05,0.0,5,0.45456341028213476,-4.995998798717152,-4.724170512623257
566,pp,0.05,0.0,70,2.440466220378875,-7.7309641852523345,-6.004313765631782
567,do,0.05,0.0,42,3.7949608433246613,-7.864571730295817,-6.6346174319585165
568,pp,0.05,0.0,42,3.492085310220718,-6.671496696183175,-5.572208176718818
569,do,0.05,0.0,43,2.9107574665546414,-5.2354080229094535,-4.952841644816928
570,pp,0.05,0.0,60,2.8695432305335995,-5.431900501251221,-5.468825067414178
571,do,0.05,0.0,7,0.18549813866615317,-5.271029670310743,-5.084139921930102
572,pp,0.05,0.0,70,2.4596797919273374,-6.834013410048051,-6.085246427853902
573,do,0.05,0.0,46,0.9920283555984497,-7.621743154525757,-7.721681600146823
574,pp,0.05,0.0,43,2.559525064229965,-5.317001271970344,-4.889374221695794
575,do,0.05,0.0,5,0.41517322778701793,-5.205482566717899,-4.647347913848029
576,pp,0.05,0.0,70,2.3688002336025242,-7.733691698132139,-8.13128257592519
577,do,0.05,0.0,70,1.0993359839916241,-7.63425414056489,-7.0520214875539144
578,pp,0.05,0.0,70,2.3771818268299105,-7.839307006200155,-6.7478408495585125
579,do,0.05,0.0,9,1.0960891807079314,-5.711580144997799,-5.073978394932217
580,pp,0.05,0.0,52,1.3597988903522502,-6.639903753454035,-5.965141206317478
581,do,0.05,0.0,20,0.4889066219329834,-6.289426949529937,-7.348583836025662
582,pp,0.05,0.0,70,1.6549750661849982,-6.548693141070279,-5.847052025794983
583,do,0.05,0.0,70,2.1319311571121213,-7.988599936167399,-8.200524348682828
584,pp,0.05,0.0,59,3.352275615930557,-6.48208227446585,-5.4917471594280665
585,do,0.05,0.0,8,0.826879155635833,-5.455335485573971,-4.91911223994361
586,pp,0.05,0.0,7,0.7358385837078094,-4.959318741885099,-4.511859560012818
587,do,0.05,0.0,21,1.0226688659191128,-6.694060646403919,-6.077310834990607
588,pp,0.05,0.0,25,2.2658830904960627,-7.32142328638019,-6.708222325642904
589,do,0.05,0.0,15,0.46719347119331367,-7.071781146887577,-6.404955956670973
590,pp,0.05,0.0,70,1.7659118914604193,-8.263541175379897,-7.277826404571533
591,do,0.05,0.0,15,1.0506534445285798,-6.390490572380297,-6.071120185322232
592,pp,0.05,0.0,66,1.384232833385468,-7.214847527128278,-6.300272427664863
593,do,0.05,0.0,10,1.3742032706737515,-4.96707750378233,-4.777242890993754
594,pp,0.05,0.0,11,1.5431992077827452,-4.815972793463505,-4.686336904101902
595,do,0.05,0.0,29,1.7824037110805504,-7.040373253099846,-6.155245108074612
596,pp,0.05,0.0,31,2.561189566850662,-6.277513579166297,-5.412167535887824
597,do,0.05,0.0,10,1.5458198654651643,-4.916363206054225,-4.704723731676737
598,pp,0.05,0.0,70,2.005830426216127,-8.343494338700266,-9.928736729092067
599,do,0.05,0.0,4,1.0383299827575678,-4.6249021891391635,-4.321642915407817
600,pp,0.05,0.0,25,2.074530892372132,-5.205980575445927,-4.847292598088583
601,do,0.05,0.0,11,1.5771950602531435,-5.474060688596783,-5.181667097409567
602,pp,0.05,0.0,42,1.99323462843895,-7.244853905475501,-6.0161071750852795
603,do,0.05,0.0,23,2.626714091300964,-6.318760171081081,-5.914155599806044
604,pp,0.05,0.0,50,2.8541490185260763,-6.727387955694487,-5.690747565693325
605,do,0.05,0.0,22,1.301719425916672,-6.1887526020859225,-5.756045773294237
606,pp,0.05,0.0,70,1.9312268495559701,-6.849605576197306,-6.178299774063958
607,do,0.05,0.0,29,2.4060440647602084,-7.027417273954912,-6.691571317778694
608,pp,0.05,0.0,42,2.166093554496764,-6.419068018595378,-5.575348938835992
609,do,0.05,0.0,23,1.025436024665833,-5.835053445353653,-5.143667287296719
610,pp,0.05,0.0,58,3.0965364420413977,-5.974999835274437,-5.658952763345506
611,do,0.05,0.0,3,0.41048667788505533,-4.462098221345381,-4.233217167854309
612,pp,0.05,0.0,70,2.6577249121665965,-9.252095608277754,-8.1747407913208
613,do,0.05,0.0,18,1.193302240371704,-6.41456629001733,-5.649737726317512
614,pp,0.05,0.0,55,3.870023082494736,-5.226967977754997,-5.0954886449707875
615,do,0.05,0.0,29,1.0325388705730445,-6.9392442659898235,-6.822566379441155
616,pp,0.05,0.0,70,3.0330016481876374,-10.652106296654903,-8.77840469678243
617,do,0.05,0.0,19,1.2587612962722776,-6.415759735396414,-5.786054950290256
618,pp,0.05,0.0,70,2.876206475496293,-5.972451397866914,-5.175033656756083
619,do,0.05,0.0,70,1.642406789064407,-7.2330253514376555,-7.630267837312487
620,pp,0.05,0.0,65,2.50789511680603,-5.424824298511852,-4.85811251534356
621,do,0.05,0.0,57,1.0618407404422765,-6.375064409140385,-6.193972068362766
622,pp,0.05,0.0,59,2.0758801591396336,-5.479720102656971,-5.112787448035347
623,do,0.05,0.0,3,-0.14977877855300914,-4.985107731096672,-4.312860626644558
624,pp,0.05,0.0,70,2.748731441497803,-6.167726529728283,-5.856940865516663
625,do,0.05,0.0,10,0.6555512344837187,-5.42614414619677,-5.15274322297838
626,pp,0.05,0.0,26,2.5577227735519417,-5.322602014830618,-4.857501745223999
627,do,0.05,0.0,27,1.3866322970390321,-6.46389859083927,-6.430565526750352
628,pp,0.05,0.0,42,3.385894072055817,-4.753306898926244,-4.51251810391744
629,do,0.05,0.0,3,0.486590976715088,-4.924081113121726,-4.3151613897747465
630,pp,0.05,0.0,70,2.785537723302842,-6.6394777572516235,-5.16342048909929
631,do,0.05,0.0,4,0.47454126119613615,-4.945918781107122,-4.367145487997267
632,pp,0.05,0.0,14,2.01782065987587,-4.933898135387536,-4.555344483587477
633,do,0.05,0.0,2,0.04729694008827234,-5.146704760464755,-4.51682673825158
634,pp,0.05,0.0,16,1.6834087717533102,-6.025371782707445,-5.391374982727898
635,do,0.05,0.0,52,1.1382506918907165,-6.860804189335216,-6.970735960536533
636,pp,0.05,0.0,33,2.473402804136276,-4.687405688834913,-4.517726630634732
637,do,0.05,0.0,66,0.4286496722698203,-7.381116107015899,-7.358864302105374
638,pp,0.05,0.0,70,1.3687581741809849,-6.473025897054962,-6.108716132905748
639,do,0.05,0.0,30,0.7548391139507302,-7.150131713982784,-7.095701609717475
640,pp,0.05,0.0,70,2.0223862314224244,-6.181687271233761,-5.951124845610725
641,do,0.05,0.0,6,0.033529024124145934,-5.516211252501517,-5.004216358396742
642,pp,0.05,0.0,27,1.2786617577075958,-5.8238991896311445,-4.853267603450352
643,do,0.05,0.0,28,1.211259709596633,-5.183499103603941,-6.442934481302897
644,pp,0.05,0.0,70,3.5254140377044667,-4.944041724638505,-5.0601853873994616
645,do,0.05,0.0,11,1.6060379481315614,-5.146893511396466,-4.984919918908013
646,pp,0.05,0.0,30,2.8259544336795805,-4.582291566964352,-4.330086824629042
647,do,0.05,0.0,29,3.583883213996887,-5.141461396939826,-4.955599315961202
648,pp,0.05,0.0,22,2.845129500627518,-4.46255010619308,-4.306598406367832
649,do,0.05,0.0,69,1.5436034715175628,-7.208539896300345,-6.334502784411113
650,pp,0.05,0.0,24,2.303664726018906,-4.8531514745770075,-4.53026286760966
651,do,0.05,0.0,24,1.7891832697391514,-6.121545644239946,-5.638520458009508
652,pp,0.05,0.0,45,3.06133920431137,-4.9020047158905955,-4.485086263550652
653,do,0.05,0.0,16,2.0061089861392976,-5.108076383128311,-4.953072237968445
654,pp,0.05,0.0,42,2.737580871582031,-4.921832019632513,-4.730057268672519
655,do,0.05,0.0,36,3.0827177798748018,-4.951635324593746,-6.816109169854058
656,pp,0.05,0.0,28,4.221636724472046,-4.731733794645829,-4.963131533728705
657,do,0.05,0.0,17,1.2936846673488622,-5.205398128971909,-5.135445835855272
658,pp,0.05,0.0,70,2.5465376865863796,-6.4995442130348895,-6.5864061911900835
659,do,0.05,0.0,55,0.7864774203300477,-7.6424128705804995,-8.0465409066942
660,pp,0.05,0.0,70,3.1686786866188053,-5.740514629537409,-5.562736309899224
661,do,0.05,0.0,59,2.795012128353119,-7.131181014667858,-6.525852097405328
662,pp,0.05,0.0,39,4.171526725292207,-5.6419597914724635,-5.162958100106981
663,do,0.05,0.0,65,2.8345762860774997,-6.185578906897343,-6.557956716749403
664,pp,0.05,0.0,61,4.21930440068245,-5.359696350675641,-4.933582038349575
665,do,0.05,0.0,11,1.2626615929603577,-5.061278763684359,-4.749318843417697
666,pp,0.05,0.0,35,2.5216065919399258,-4.610635721322262,-4.264301609992981
667,do,0.05,0.0,12,1.4218581414222715,-4.923062677094431,-4.9762998792860245
668,pp,0.05,0.0,45,3.6495439314842226,-5.0497144323406795,-5.178127720620897
669,do,0.05,0.0,13,1.8485019302368162,-5.029829989057599,-4.5351907067828705
670,pp,0.05,0.0,32,2.895485483407974,-4.376866044420185,-4.424770840009054
671,do,0.05,0.0,21,1.440981918573379,-6.372594772685658,-5.778179931640625
672,pp,0.05,0.0,38,2.721413316726685,-5.70285506103978,-5.178133037355211
673,do,0.05,0.0,22,2.0618286669254307,-5.553531354846377,-5.002639693684048
674,pp,0.05,0.0,62,4.092771742343903,-5.284340985616049,-4.8324530654483375
675,do,0.05,0.0,7,1.0982498264312737,-5.0521049138271445,-4.781770171059502
676,pp,0.05,0.0,35,2.3607839441299436,-4.5783787842952846,-4.507651464144389
677,do,0.05,0.0,38,1.657079893350602,-7.805903829227795,-6.9453691588507755
678,pp,0.05,0.0,35,2.4804215264320373,-6.415252056988803,-5.886657447285122
679,do,0.05,0.0,24,0.8760160672664643,-7.0474654544483535,-6.868422762552897
680,pp,0.05,0.0,56,1.6126945078372943,-7.031645994475394,-6.160639174779257
681,do,0.05,0.0,34,1.3252093303203578,-6.513124636447791,-6.607197250260247
682,pp,0.05,0.0,30,2.7180602920055383,-7.205801819310044,-6.222837114334107
683,do,0.05,0.0,70,0.8764327001571655,-8.037144554022587,-8.536758544709947
684,pp,0.05,0.0,70,1.6445676851272584,-6.66751157876217,-6.468926646974352
685,do,0.05,0.0,13,1.356386419534683,-5.51760621359854,-4.967463782098558
686,pp,0.05,0.0,41,2.8557271826267243,-5.833401393890381,-5.0777121384938555
687,do,0.05,0.0,70,1.3352364397048948,-7.100632642977166,-6.408522489335802
688,pp,0.05,0.0,14,2.3622716760635374,-5.141980075836182,-4.777373605304295
689,do,0.05,0.0,8,1.4415793454647066,-4.556474494934082,-3.959148297044966
690,pp,0.05,0.0,70,2.7981722176074975,-5.173688181963834,-5.047337545288934
691,do,0.05,0.0,46,1.467455174922943,-6.307349297494599,-6.200677421357897
692,pp,0.05,0.0,70,3.0313201487064356,-5.0510093226577295,-4.547735155953301
693,do,0.05,0.0,20,1.1856199991703038,-5.469043893525095,-5.7188638899061415
694,pp,0.05,0.0,41,1.8790649819374083,-5.329259992368294,-4.932217621803284
695,do,0.05,0.0,54,2.075654858350754,-6.405393253673207,-5.674251574940151
696,pp,0.05,0.0,70,3.921435956954956,-5.210855728207212,-4.611834372414483
697,do,0.05,0.0,15,2.2132043123245237,-4.994461417920662,-5.349788403511047
698,pp,0.05,0.0,49,4.7830968558788305,-4.871366866429647,-5.788201215532091
699,do,0.05,0.0,37,2.2054243803024294,-6.540231996594053,-6.477927435768975
700,pp,0.05,0.0,70,3.3686189782619467,-5.402708627238418,-4.652168541484409
701,do,0.05,0.0,21,2.537955545186996,-5.573893555727872,-5.168600715531243
702,pp,0.05,0.0,37,4.04914968252182,-5.676784274072358,-4.80428887075848
703,do,0.05,0.0,29,2.138073168992996,-5.787498138890122,-5.4620445119010075
704,pp,0.05,0.0,51,3.8136771333217627,-5.785707881233909,-4.91882372962104
705,do,0.05,0.0,3,0.24437229514122016,-5.475818810318455,-4.718186728159586
706,pp,0.05,0.0,54,2.977536814212799,-5.645017636906017,-5.019172202216255
707,do,0.05,0.0,5,0.8116349625587462,-4.868127542553526,-4.472139345275031
708,pp,0.05,0.0,47,2.734549111127853,-6.984365353439793,-6.779332553015815
709,do,0.05,0.0,38,2.1657258069515217,-6.231165477001306,-7.212041266759237
710,pp,0.05,0.0,59,2.9616666221618644,-6.147314889503248,-5.933508110046387
711,do,0.05,0.0,35,1.2824056816101068,-5.138615070689808,-5.328418885336982
712,pp,0.05,0.0,37,2.446255723237991,-6.353535535118796,-6.065141254001194
713,do,0.05,0.0,16,1.2485041344165797,-5.500670622334336,-5.01012032561832
714,pp,0.05,0.0,17,1.543739502429962,-6.207043367443663,-5.506689286231994
715,do,0.05,0.0,69,0.9066238212585445,-6.774405363834266,-6.51746105088128
716,pp,0.05,0.0,46,2.9589533495903018,-5.076663167548902,-4.951297050052219
717,do,0.05,0.0,70,1.2999654126167295,-7.330688346516002,-6.9403862767749365
718,pp,0.05,0.0,68,1.6223767459392535,-7.249059983455774,-7.512906938129001
719,do,0.05,0.0,58,2.432080390453339,-6.768779115965872,-6.046460742420621
720,pp,0.05,0.0,30,2.4769871854782117,-5.800820500922925,-5.033484580781725
721,do,0.05,0.0,14,1.0691992270946509,-5.795485178629558,-5.0486277421315515
722,pp,0.05,0.0,48,2.0491010487079624,-6.7573016946966,-6.686090646849738
723,do,0.05,0.0,70,1.7134083545207979,-7.683164530089408,-8.300275331073337
724,pp,0.05,0.0,44,3.2176737654209138,-4.998714380553275,-5.02249592145284
725,do,0.05,0.0,6,0.9534711217880254,-4.520535958896984,-4.083267845047844
726,pp,0.05,0.0,70,2.3816944849491124,-5.595364739678123,-5.234158351686266
727,do,0.05,0.0,38,1.5275243389606485,-6.74033523906361,-6.202406279246012
728,pp,0.05,0.0,20,3.2791681432723996,-4.764056395039414,-4.440350331200493
729,do,0.05,0.0,35,2.160642230510712,-6.779808264067679,-6.346092579099867
730,pp,0.05,0.0,27,2.831124205589295,-6.191673603924838,-6.4781872934765286
731,do,0.05,0.0,4,-0.03751591801643439,-4.405497915094549,-4.2040462679333155
732,pp,0.05,0.0,65,2.438415192365647,-6.45908145904541,-6.191832301351759
733,do,0.05,0.0,3,0.712261118888855,-4.207749703436187,-3.9995591825909083
734,pp,0.05,0.0,70,2.3156752955913555,-6.293433209621545,-6.762791050804986
735,do,0.05,0.0,9,0.7646808767318731,-5.634522598439997,-4.651827960544162
736,pp,0.05,0.0,69,2.5375861001014712,-8.315894675977303,-8.429042991002401
737,do,0.05,0.0,12,1.0221823775768284,-5.887283971092918,-5.241251664691501
738,pp,0.05,0.0,21,2.120819835662842,-5.443202472455574,-4.5828120867411295
739,do,0.05,0.0,21,2.22747857928276,-5.405287314906265,-5.544207729233635
740,pp,0.05,0.0,41,1.9695700883865355,-5.185457975214178,-4.624686137835185
741,do,0.05,0.0,46,0.9604986000061047,-8.467261510906798,-8.46508492893643
742,pp,0.05,0.0,23,2.626297355890274,-5.545937610395027,-5.209823224279615
743,do,0.05,0.0,26,2.1603073179721832,-6.454617832646226,-7.826294989056057
744,pp,0.05,0.0,44,2.568962244987487,-5.075233654542402,-4.90993722014957
745,do,0.05,0.0,29,1.629465339183807,-6.970559640364214,-6.6309399074978295
746,pp,0.05,0.0,33,1.50811547756195,-6.461444454482107,-5.494058553377787
747,do,0.05,0.0,6,1.1248258185386657,-4.808426089720292,-4.431761511166891
748,pp,0.05,0.0,38,1.8532184290885922,-5.41560917189627,-5.101720401975844
749,do,0.05,0.0,45,2.492226192951203,-7.383555286580866,-7.0870580699708725
750,pp,0.05,0.0,49,2.7086835467815398,-5.689883876569343,-4.969917527834574
751,do,0.05,0.0,42,1.8686718320846545,-6.796177053451538,-6.514015611012777
752,pp,0.05,0.0,52,2.507537097930909,-5.4611250501690485,-6.63915654818217
753,do,0.05,0.0,70,4.012395098209382,-8.53351792566704,-7.857582351896498
754,pp,0.05,0.0,37,4.619138497114182,-5.674329565510606,-5.641989845699734
755,do,0.05,0.0,53,2.2200497126579295,-6.190922936526212,-6.64718939728207
756,pp,0.05,0.0,27,2.6125906455516823,-5.287644757646503,-4.667138009601169
757,do,0.05,0.0,58,3.031599754095077,-6.359173089807684,-6.8491894351111515
758,pp,0.05,0.0,70,3.456597564220428,-4.995176108678182,-5.420407504505581
759,do,0.05,0.0,28,1.6166335535049443,-5.742525060249098,-5.7161276631885105
760,pp,0.05,0.0,22,2.5451013791561135,-5.097213146903298,-4.810296323564318
761,do,0.05,0.0,48,2.940200744867324,-6.291272751490275,-6.810406229231092
762,pp,0.05,0.0,23,3.1758474528789513,-4.663907698428992,-4.790915563371446
763,do,0.05,0.0,60,2.316432576179504,-6.678810871008671,-5.69596053229438
764,pp,0.05,0.0,34,2.411246830224991,-6.367475002462213,-5.1561894284354315
765,do,0.05,0.0,17,1.3520652210712427,-6.245704769365715,-6.594964912202623
766,pp,0.05,0.0,70,2.9330144762992862,-5.430155352390174,-5.334105332692464
767,do,0.05,0.0,19,2.8692625999450687,-5.187673354871345,-4.87008601559533
768,pp,0.05,0.0,59,3.9325561904907236,-4.929587791905258,-4.836740414301555
769,do,0.05,0.0,52,2.63808785557747,-6.717188569271204,-5.890414290957981
770,pp,0.05,0.0,66,2.7995672702789305,-7.220421432726311,-7.03479199939304
771,do,0.05,0.0,66,1.9100281977653513,-7.453631872119326,-7.307017061445448
772,pp,0.05,0.0,68,1.9121742284297945,-6.488252688899185,-5.918881543477377
773,do,0.05,0.0,54,2.4148999571800243,-6.176006872003729,-5.951701558960808
774,pp,0.05,0.0,64,3.0077341651916507,-7.408462533083829,-7.48818310101827
775,do,0.05,0.0,7,1.2639793872833254,-5.153820692409169,-4.686077168252733
776,pp,0.05,0.0,70,1.674041335582733,-6.734916357560591,-6.002581493059794
777,do,0.05,0.0,4,0.5051988863945001,-4.7581096533573035,-4.200102710723877
778,pp,0.05,0.0,44,1.969286266565323,-5.702014430363973,-5.15744878715939
779,do,0.05,0.0,29,1.584771085977554,-6.101028695251003,-6.074849865171644
780,pp,0.05,0.0,37,1.7087754929065708,-6.964456366047715,-6.432656815316942
781,do,0.05,0.0,3,0.47554930567741405,-4.693085086706913,-4.437917587492201
782,pp,0.05,0.0,32,1.656365605592728,-7.446585806933316,-6.526861680878533
783,do,0.05,0.0,4,1.0357781422138217,-4.356361935355446,-4.175245788362291
784,pp,0.05,0.0,12,2.039413810968399,-4.961999914862893,-4.8325543112225
785,do,0.05,0.0,49,2.331612120866776,-6.695148037419175,-6.421946202384101
786,pp,0.05,0.0,52,3.1903302729129788,-6.929753955205282,-6.026036734051175
787,do,0.05,0.0,12,1.5554941248893739,-5.042316350069913,-5.665738548172845
788,pp,0.05,0.0,33,2.146114096641541,-5.54797692154393,-5.613197276327345
789,do,0.05,0.0,36,2.2142581474781036,-6.096541927800034,-5.693600845336914
790,pp,0.05,0.0,50,2.9885797584056855,-7.247075359749071,-6.273164139853583
791,do,0.05,0.0,51,1.657376865148545,-6.396107828255856,-7.746672699186537
792,pp,0.05,0.0,52,1.8568217802047737,-6.050793412237456,-5.864890281359354
793,do,0.05,0.0,43,2.7659478461742406,-6.17284627827731,-5.848535757594639
794,pp,0.05,0.0,55,3.528049973249435,-5.854974615212643,-5.475091693136427
795,do,0.05,0.0,26,1.6199618923664092,-6.8075585972179065,-6.276681433783637
796,pp,0.05,0.0,47,2.47797727227211,-5.606118955034198,-5.47654329140981
797,do,0.05,0.0,33,2.2246874296665187,-6.232219719164299,-6.21970174047682
798,pp,0.05,0.0,62,2.180914573669434,-5.762144010717218,-5.985894637637668
799,do,0.05,0.0,8,1.438228484392166,-4.505989303010883,-4.732767762078179
800,pp,0.05,0.0,24,2.059225952625275,-5.510683010563706,-5.017012752426995
801,do,0.05,0.0,16,2.2384704685211174,-5.943883057796594,-5.995009242163764
802,pp,0.05,0.0,15,1.5845110142230983,-4.301708111618504,-3.956742783387502
803,do,0.05,0.0,70,2.954248136281967,-6.944600342259262,-6.942330927318997
804,pp,0.05,0.0,53,3.774654321670533,-5.067267179489136,-4.437419524457719
805,do,0.05,0.0,20,2.151355065107346,-6.081925574215975,-5.9817089160283405
806,pp,0.05,0.0,62,1.7296968412399298,-6.552481415777495,-5.660570181740654
807,do,0.05,0.0,70,2.1430156016349793,-5.537246315407031,-5.370674753189087
808,pp,0.05,0.0,70,1.7226224029064188,-5.759847955992727,-5.320969867706299
809,do,0.05,0.0,9,2.318778258562088,-4.401625382538998,-4.305476511849298
810,pp,0.05,0.0,50,2.4101607775688176,-6.103223507332079,-5.481889213456048
811,do,0.05,0.0,70,1.2611853718757633,-7.928713483521433,-7.3766414986716375
812,pp,0.05,0.0,56,2.8812009239196774,-6.164916196013942,-5.02644608285692
813,do,0.05,0.0,21,1.368704210519791,-5.544821519562692,-6.4874757554796005
814,pp,0.05,0.0,69,1.5023671424388887,-6.951811770236853,-5.838598399692112
815,do,0.05,0.0,22,2.48255091547966,-4.387136567722667,-4.724451348516676
816,pp,0.05,0.0,42,2.2874236774444574,-4.925486080574267,-4.431389639112685
817,do,0.05,0.0,31,2.3048927342891687,-6.354712742025202,-5.867954277992249
818,pp,0.05,0.0,37,3.2140440845489495,-5.44388235988039,-5.172148842281765
819,do,0.05,0.0,70,2.250768210887909,-7.280780524918527,-6.673549530241225
820,pp,0.05,0.0,30,2.884668889045715,-5.487104040203673,-4.600896061791314
821,do,0.05,0.0,35,0.8841873276233665,-6.502804111711907,-6.000391438272264
822,pp,0.05,0.0,70,0.9803728175163275,-6.791148792613637,-6.122574551900228
823,do,0.05,0.0,31,1.7021722733974451,-5.759001318613688,-5.434164815478855
824,pp,0.05,0.0,10,1.6046192693710326,-4.280102742802013,-3.9804701460732352
825,do,0.05,0.0,70,1.9441528797149665,-7.910064912564827,-6.86449822054969
826,pp,0.05,0.0,70,2.4972976446151733,-5.731356395374645,-5.627681703037686
827,do,0.05,0.0,18,1.8091769683361054,-5.108300113677979,-4.902110131581624
828,pp,0.05,0.0,7,0.9357037746906283,-4.628118354623968,-4.004785997337765
829,do,0.05,0.0,31,2.290503593683244,-6.682918428652214,-5.756142097049289
830,pp,0.05,0.0,15,1.4121607160568237,-4.715121000463312,-4.219990830951267
831,do,0.05,0.0,70,1.6409870648384093,-6.379924274213386,-5.617853008376228
832,pp,0.05,0.0,53,2.350289645195007,-5.265269163883094,-5.332475158903334
833,do,0.05,0.0,43,1.243065977096558,-5.345522553992994,-6.436288030942281
834,pp,0.05,0.0,50,0.9632345139980316,-6.3709980661218815,-5.31477997303009
835,do,0.05,0.0,30,1.25392976641655,-5.882687888000951,-5.759443177117242
836,pp,0.05,0.0,7,1.1671822082996366,-4.188691819075382,-3.695855829450819
837,do,0.05,0.0,59,2.4625132691860196,-5.4586881363030635,-6.118647196557787
838,pp,0.05,0.0,46,2.5365936064720156,-5.185939362554839,-4.623894601398044
839,do,0.05,0.0,70,1.8424701452255254,-6.01502645665949,-6.463528084754944
840,pp,0.05,0.0,49,2.361419225931167,-5.3351448752663355,-4.479486421744029
841,do,0.05,0.0,36,1.705170319080353,-6.29748701615767,-7.679780758751763
842,pp,0.05,0.0,70,2.368431636095047,-5.444730999975493,-4.638991610209147
843,do,0.05,0.0,38,2.8084012615680702,-4.960279620777477,-5.1282328526178995
844,pp,0.05,0.0,33,2.1313217413425454,-5.962233554955684,-5.155215793185764
845,do,0.05,0.0,35,2.6644908940792087,-6.935905554800323,-6.849987745285034
846,pp,0.05,0.0,16,1.9741163802146913,-4.962535810470581,-4.095474449793498
847,do,0.05,0.0,27,0.9222070157527922,-6.676132704994895,-7.449001354641385
848,pp,0.05,0.0,70,3.3920954632759086,-6.232510793570317,-5.330448251300388
849,do,0.05,0.0,25,1.0788190484046947,-6.416894006729126,-6.353025918536716
850,pp,0.05,0.0,9,0.6262058758735654,-4.88946257649046,-4.192112374305725
851,do,0.05,0.0,70,1.3992910206317903,-6.437546131827615,-6.879940740267435
852,pp,0.05,0.0,6,1.3228758168220516,-4.015912159283956,-3.8548529664675395
853,do,0.05,0.0,30,1.2536144077777864,-5.181522606358383,-5.2391130420896745
854,pp,0.05,0.0,70,1.1671493124961856,-7.001936065789425,-5.716493648952908
855,do,0.05,0.0,59,2.620843073129654,-6.774113329974088,-6.333599988619486
856,pp,0.05,0.0,32,1.7598442602157593,-4.514897122527614,-4.480259948306614
857,do,0.05,0.0,17,1.7503644120693203,-5.837092613451409,-4.804626406563653
858,pp,0.05,0.0,13,2.3778027796745302,-4.817692229242036,-4.3138590335845945
859,do,0.05,0.0,29,3.1753836798667914,-4.874640057303688,-4.866020472844442
860,pp,0.05,0.0,60,3.7341632664203646,-5.239379514347423,-5.109891862339444
861,do,0.05,0.0,70,1.9106247079372398,-9.117791863643761,-7.877287149429321
862,pp,0.05,0.0,46,3.9340467524528497,-6.657167709234989,-5.605922195646498
863,do,0.05,0.0,60,3.167173999547959,-5.340118967403065,-5.154035133785672
864,pp,0.05,0.0,35,2.4849192047119146,-6.037429878928444,-5.002693756421407
865,do,0.05,0.0,7,0.593890548944473,-5.144820483525594,-4.493553675545586
866,pp,0.05,0.0,56,3.828839460611344,-5.682579721104015,-5.045543689197964
867,do,0.05,0.0,58,1.060367344617843,-7.275488528338346,-7.0272429254319935
868,pp,0.05,0.0,70,1.3418244814872748,-6.07744456060005,-5.7261027680503
869,do,0.05,0.0,61,2.0300521862506873,-5.561090210712317,-5.526118773884243
870,pp,0.05,0.0,26,1.5360142278671276,-7.604866769097068,-6.333797807163663
871,do,0.05,0.0,14,1.0245516967773431,-5.405959558486939,-4.837010343869527
872,pp,0.05,0.0,20,2.8636722755432134,-6.205057160059611,-5.1106792211532595
873,do,0.05,0.0,23,0.9299344801902771,-5.171151175643459,-5.014788685904609
874,pp,0.05,0.0,47,1.1190391552448276,-6.709154744581743,-6.08102269437578
875,do,0.05,0.0,22,1.7585756611824035,-4.819588175686923,-4.844401094648573
876,pp,0.05,0.0,42,2.3838874471187594,-5.540161241184581,-4.816362131966485
877,do,0.05,0.0,43,1.5719035029411312,-5.933191241640033,-6.071359430419074
878,pp,0.05,0.0,17,1.5819830882549288,-4.8874474901141545,-4.547348343001472
879,do,0.05,0.0,30,1.5974786460399635,-5.43228558771538,-5.25910505188836
880,pp,0.05,0.0,50,2.7532728540897375,-6.624594191348914,-5.906046843528747
881,do,0.05,0.0,70,2.0041444790363308,-7.263131433544737,-6.279182481765747
882,pp,0.05,0.0,25,1.7043836569786075,-6.031562731482766,-5.733197784423828
883,do,0.05,0.0,70,1.929216494560242,-6.336632904861912,-5.989935898780823
884,pp,0.05,0.0,12,2.022892731428146,-5.1624564546527285,-4.819495455423991
885,do,0.05,0.0,43,3.626754529476166,-6.800433007153598,-5.726952115694682
886,pp,0.05,0.0,24,1.8655530798435205,-5.05088835774046,-4.554506871435377
887,do,0.05,0.0,54,1.9410559916496286,-7.581003613905473,-7.09233033657074
888,pp,0.05,0.0,34,2.200749636888504,-5.1136374242378,-4.811835153897603
889,do,0.05,0.0,70,1.4470027792453761,-7.473493711876147,-6.540132930543687
890,pp,0.05,0.0,7,1.1644360780715939,-4.382207048300541,-4.164272644784716
891,do,0.05,0.0,37,1.7219051122665405,-7.395633535674124,-7.0375110626220705
892,pp,0.05,0.0,62,0.832851246595383,-7.935136584079626,-7.432884608374701
893,do,0.05,0.0,13,1.0215310680866239,-4.710200334317756,-4.3617778910530935
894,pp,0.05,0.0,22,2.1312700331211083,-5.493067283341379,-5.319797772831387
895,do,0.05,0.0,70,1.0720367360115048,-9.5191390803366,-8.3024467309316
896,pp,0.05,0.0,37,-0.16104702591896114,-7.932420063018799,-6.38765758143531
897,do,0.05,0.0,14,0.8890780866146093,-5.720268805821736,-5.2628794087304005
898,pp,0.05,0.0,62,1.2125661969184875,-6.451664142897635,-5.626896876758999
899,do,0.05,0.0,70,2.059867528676987,-7.437805450323856,-6.967654365963406
900,pp,0.05,0.0,52,0.9587318146228787,-6.1644166267279425,-5.361787478129069
901,do,0.05,0.0,70,1.034304132461548,-7.715364430167458,-7.564964850743611
902,pp,0.05,0.0,54,2.7021775007247912,-5.655370796088016,-5.1532573567496405
903,do,0.05,0.0,70,1.5319318664073949,-6.7510981415257305,-5.862903165817261
904,pp,0.05,0.0,40,2.455989819765091,-6.227579243977865,-5.531280167897543
905,do,0.05,0.0,8,0.42720473289489735,-5.880150065277562,-5.376622870233324
906,pp,0.05,0.0,69,0.7904523575305937,-9.103515377911654,-7.711368232303196
907,do,0.05,0.0,37,1.8078952252864848,-8.708032375393492,-7.7667083952162
908,pp,0.05,0.0,39,1.5126938974857334,-5.445801457491788,-5.597654716173808
909,do,0.05,0.0,11,0.6084418880939486,-5.561308180202137,-4.95193534957038
910,pp,0.05,0.0,67,1.2503107511997218,-6.168751835100578,-5.62118395169576
911,do,0.05,0.0,56,0.5489469075202935,-6.956287496740168,-6.815348659621344
912,pp,0.05,0.0,70,1.0158420979976661,-6.721037149429321,-5.897067019674513
913,do,0.05,0.0,70,2.720329461097717,-6.649807126594312,-6.028608526123895
914,pp,0.05,0.0,51,2.360170682668687,-7.041162302999785,-5.785954652892219
915,do,0.05,0.0,70,1.7484948730468757,-7.223760509490967,-6.272458251317342
916,pp,0.05,0.0,21,2.459198453426361,-4.684510381294019,-4.321130029360453
917,do,0.05,0.0,28,1.9125357174873363,-6.602806903376724,-5.657250171237521
918,pp,0.05,0.0,21,2.6173960673809056,-5.232555418303519,-4.971749750773112
919,do,0.05,0.0,6,0.18889927864074707,-5.722384133483424,-5.51293765703837
920,pp,0.05,0.0,5,0.2181134104728697,-4.758213518605087,-4.0748633967505565
921,do,0.05,0.0,55,2.8601071691513065,-6.168567651690859,-5.4841434425777855
922,pp,0.05,0.0,44,1.8003981590271003,-7.11379718058037,-7.0813784334394665
923,do,0.05,0.0,21,1.8327431976795197,-6.165983578653046,-5.384626269340515
924,pp,0.05,0.0,26,2.309191101789475,-6.242825734976567,-5.51860019630856
925,do,0.05,0.0,41,2.8079553508758535,-6.270095033356638,-5.885164962874518
926,pp,0.05,0.0,12,1.0367855393886565,-4.2590670058221525,-4.129496077696483
927,do,0.05,0.0,70,1.9921783804893494,-8.742079760811546,-8.07492220401764
928,pp,0.05,0.0,26,2.7553640997409827,-5.297770747271451,-4.87082990805308
929,do,0.05,0.0,12,0.5889343297481542,-5.299758970376217,-4.681535376442803
930,pp,0.05,0.0,44,0.29851648449897716,-9.939958190917968,-8.341647460725572
931,do,0.05,0.0,49,2.469946129322051,-5.246010458108151,-5.987692520353529
932,pp,0.05,0.0,58,1.6246480584144596,-5.8451984159874195,-5.959217397371928
933,do,0.05,0.0,70,2.6662534987926483,-6.470840864470511,-6.041931668917338
934,pp,0.05,0.0,70,2.6484937715530394,-6.943932000073519,-6.391118049621582
935,do,0.05,0.0,70,2.067929233312606,-6.936565380385428,-6.207157418462965
936,pp,0.05,0.0,31,1.546911234855652,-6.089714587818492,-5.09491933716668
937,do,0.05,0.0,17,-0.1855083322525024,-5.095319295651985,-5.071593772040473
938,pp,0.05,0.0,69,3.2710967469215397,-6.7602267482063985,-6.439940521452162
939,do,0.05,0.0,69,2.9020300996303563,-5.023250149235581,-4.792811579174465
940,pp,0.05,0.0,70,3.0380613243579866,-5.8200330719803315,-5.487867058648003
941,do,0.05,0.0,10,0.985574989318847,-4.7764643351236975,-4.577219239870707
942,pp,0.05,0.0,29,1.7595332121849063,-6.087071235252149,-6.409467209710015
943,do,0.05,0.0,31,2.8688624739646915,-5.2122820391799465,-4.837571774588691
944,pp,0.05,0.0,69,2.732602903842926,-5.032011357220736,-4.846399198638069
945,do,0.05,0.0,53,1.7386161565780638,-5.615922368656506,-6.6862160868114895
946,pp,0.05,0.0,4,-0.382054694890976,-6.010792616641883,-5.636052825715807
947,do,0.05,0.0,51,3.2830447530746465,-5.869636713374745,-5.7999275128046675
948,pp,0.05,0.0,32,2.0354479658603664,-4.619887737794356,-4.695030927658081
949,do,0.05,0.0,65,2.5428136086463926,-7.412059578751073,-7.326614848772684
950,pp,0.05,0.0,32,2.4607520544528967,-5.614245767304392,-5.256030702590943
951,do,0.05,0.0,70,1.9250861358642588,-8.916339446559096,-8.06336612171597
952,pp,0.05,0.0,7,1.3046870076656338,-4.692621112592293,-4.241866391234928
953,do,0.05,0.0,18,0.26057375907898006,-9.412802395676122,-7.154826031790839
954,pp,0.05,0.0,34,2.956355240345,-8.196004977370754,-6.302754992908902
955,do,0.05,0.0,29,-0.28025092482566727,-9.53682882713549,-8.21028895907932
956,pp,0.05,0.0,55,0.9370805609226229,-6.730152731230764,-5.895126586490207
957,do,0.05,0.0,31,2.505242812633515,-5.044317413098884,-5.29788986047109
958,pp,0.05,0.0,37,2.1106232953071595,-6.4686270135821715,-6.056085342831082
959,do,0.05,0.0,62,2.6863098168373103,-9.60182528929277,-9.190275679694281
960,pp,0.05,0.0,50,1.1787162566184994,-8.004801188093243,-6.885491140683492
961,do,0.05,0.0,42,3.4804656505584726,-6.2728424289009785,-5.810841827922397
962,pp,0.05,0.0,68,2.0413825285434726,-5.992081155198993,-4.9803661770290795
963,do,0.05,0.0,4,0.9503504979610442,-4.502996537179658,-4.361629475487603
964,pp,0.05,0.0,37,2.77356714129448,-6.380048035130356,-6.821502741177877
965,do,0.05,0.0,59,1.6596201825141907,-7.069740130684592,-7.4324843724568685
966,pp,0.05,0.0,43,2.7281795024871824,-6.027989714073413,-6.419942461119758
967,do,0.05,0.0,70,3.666147136688232,-5.310830548315337,-5.737390838729011
968,pp,0.05,0.0,62,2.1684538114070904,-5.683488587177161,-5.545842825041877
969,do,0.05,0.0,70,1.3539518523216252,-8.238691303946755,-7.733322932985094
970,pp,0.05,0.0,68,2.6594833278656003,-6.549097831321485,-6.194993482695685
971,do,0.05,0.0,44,3.0897214651107783,-6.789517120881514,-6.045585883988275
972,pp,0.05,0.0,70,1.5952724444866178,-6.02153981960181,-5.687106169594658
973,do,0.05,0.0,57,2.654822407960891,-7.177746628270005,-7.660188357035319
974,pp,0.05,0.0,68,5.239806537628175,-5.323871007110133,-5.529148994551765
975,do,0.05,0.0,37,2.8793835484981534,-5.761050835522738,-5.054272574848599
976,pp,0.05,0.0,70,1.6129011917114262,-7.920058792287653,-6.424457544750638
977,do,0.05,0.0,8,1.3589421212673187,-5.1175353888309365,-4.730241746372647
978,pp,0.05,0.0,3,0.5890763425827021,-4.487546092813665,-4.05870569811927
979,do,0.05,0.0,12,0.8415067815780644,-5.531684537367387,-5.034596350457933
980,pp,0.05,0.0,69,3.0713720536231994,-7.725643539428711,-8.102100441190931
981,do,0.05,0.0,15,0.6115420496463777,-5.979136731407859,-5.744896909925672
982,pp,0.05,0.0,55,1.8628819215297705,-7.034851993214001,-6.039922245343527
983,do,0.05,0.0,13,1.073195333480835,-6.087852525711059,-5.722690391540527
984,pp,0.05,0.0,13,0.5306326925754545,-6.219424743363351,-5.436762976646423
985,do,0.05,0.0,68,2.606547255516052,-7.116402321150809,-7.811705456839667
986,pp,0.05,0.0,66,0.8169975173473354,-6.1992539261326645,-5.571764651934306
987,do,0.05,0.0,9,1.5761203837394708,-4.415435733217182,-4.803531209627788
988,pp,0.05,0.0,25,1.2826758480072025,-5.693877293846824,-6.174924193488227
989,do,0.05,0.0,15,1.3131525385379783,-5.830353567816994,-5.165277197625902
990,pp,0.05,0.0,69,3.758697223663331,-6.485750832702174,-6.996967681248983
991,do,0.05,0.0,28,2.3056247317790985,-8.145214421821363,-7.669970411724514
992,pp,0.05,0.0,31,1.6487240445613853,-6.026020223444158,-6.067530639966329
993,do,0.05,0.0,5,1.0958733379840853,-4.3395974188139945,-3.9723853879504736
994,pp,0.05,0.0,15,2.333146550655365,-4.631526770736232,-4.7988871309492325
995,do,0.05,0.0,11,2.1714247870445247,-4.752706640416926,-4.923240462938945
996,pp,0.05,0.0,70,1.364887055158615,-7.20111263737534,-7.735744290881687
997,do,0.05,0.0,21,1.4740834522247317,-7.2714488983154295,-7.281717210345798
998,pp,0.05,0.0,70,2.614848581552505,-6.184334542534568,-6.258822602695889
999,do,0.05,0.0,37,2.5252496314048765,-6.7365127606825395,-7.132496229807535
1000,pp,0.05,0.0,25,1.940209057331086,-6.402941046339093,-6.580753835042318
1001,do,0.05,0.0,20,1.944355593919754,-6.3090287829890395,-5.79311597612169
1002,pp,0.05,0.0,70,4.527431411743164,-6.139039179773041,-6.050865398512946
1003,do,0.05,0.0,13,1.9643278491497034,-5.329744282635775,-5.031543686654833
1004,pp,0.05,0.0,70,1.743347384929657,-6.86570533694643,-7.041272656122843
1005,do,0.05,0.0,25,2.5103701961040503,-5.725313227104418,-5.775216441684299
1006,pp,0.05,0.0,28,1.7903220438957224,-6.551506561221498,-5.360043334960937
1007,do,0.05,0.0,62,2.3429412913322443,-6.306377582839041,-7.410505247116089
1008,pp,0.05,0.0,7,1.4119826531410222,-4.203357211026279,-4.283955076005724
1009,do,0.05,0.0,21,1.1068624997138983,-4.670934973341046,-5.063865974214342
1010,pp,0.05,0.0,70,2.041833165884017,-5.62565019491947,-5.376215532090929
1011,do,0.05,0.0,15,2.458348206281662,-4.8193372134006385,-4.2482117202546865
1012,pp,0.05,0.0,43,1.5313788449764258,-5.902588303883871,-5.098605524169074
1013,do,0.05,0.0,14,1.5230692970752715,-4.923151062474107,-5.327034362157186
1014,pp,0.05,0.0,36,2.258850786685943,-4.7537732109879,-4.5481187317106455
1015,do,0.05,0.0,14,1.9255361330509189,-5.555794227484501,-4.370632404751248
1016,pp,0.05,0.0,7,0.8186520123481751,-4.489762007106434,-4.043438547187382
1017,do,0.05,0.0,11,1.1284000074863432,-4.8888106736269865,-4.386181818114387
1018,pp,0.05,0.0,38,2.642389807701112,-5.069787234971018,-4.711589699321323
1019,do,0.05,0.0,25,2.7687496805191047,-5.517835528922803,-5.0555153052012125
1020,pp,0.05,0.0,70,2.3578845274448392,-6.004553515983351,-5.242644829220242
1021,do,0.05,0.0,54,2.268553354740142,-6.395270006584399,-6.819394246737162
1022,pp,0.05,0.0,68,1.1791735076904297,-6.3295595573656485,-5.597306574715509
1023,do,0.05,0.0,23,1.8165766632556917,-4.941466480312926,-5.291930913925171
1024,pp,0.05,0.0,61,2.351274596452713,-6.659367006475275,-6.414854245715671
1025,do,0.05,0.0,28,2.652206881046294,-5.594043838616574,-5.117077072461446
1026,pp,0.05,0.0,30,1.3363200175762175,-5.549600654659849,-5.039419775538974
1027,do,0.05,0.0,15,2.2494688260555264,-4.67851223078641,-4.397590793503655
1028,pp,0.05,0.0,15,1.50403137087822,-4.747110037370161,-4.320076198048062
1029,do,0.05,0.0,57,1.8061641204357155,-8.090445999665693,-7.776462295320299
1030,pp,0.05,0.0,52,0.7698223781585689,-7.106388193188292,-6.73325244585673
1031,do,0.05,0.0,70,2.6133256316184994,-7.910344970587528,-7.774470310741001
1032,pp,0.05,0.0,41,3.469422827959061,-4.9339115677457865,-5.0881850375069515
1033,do,0.05,0.0,63,2.366951625347138,-8.548082048242742,-7.325969171524048
1034,pp,0.05,0.0,22,3.09274703502655,-5.018875552668716,-4.85515899128384
1035,do,0.05,0.0,30,3.6699678432941436,-5.5376448559038565,-4.987634306483798
1036,pp,0.05,0.0,70,1.2300282007455818,-6.916443781419233,-5.866317860285441
1037,do,0.05,0.0,7,0.5915476071834567,-5.42298399029356,-5.76683590941959
1038,pp,0.05,0.0,64,1.2866318774223329,-6.635827074628888,-6.00186325179206
1039,do,0.05,0.0,35,3.1296273720264436,-5.425741764993378,-5.929648123847114
1040,pp,0.05,0.0,47,2.403614958524704,-4.633150824633511,-4.248835971620347
1041,do,0.05,0.0,42,2.345914211273193,-5.490172712730639,-4.706966389550103
1042,pp,0.05,0.0,22,1.9086977195739747,-4.86548542542891,-4.031619140836928
1043,do,0.05,0.0,33,2.6592453503608695,-6.14915720910737,-5.62667265203264
1044,pp,0.05,0.0,67,3.1387021064758294,-5.498709253831343,-5.094008098708259
1045,do,0.05,0.0,11,1.748154332637787,-4.936793152491251,-5.038752489619785
1046,pp,0.05,0.0,51,2.2248135864734655,-5.106424372123949,-4.992306682798597
1047,do,0.05,0.0,61,1.2941584599018103,-7.427588748931885,-7.158295859230889
1048,pp,0.05,0.0,27,1.9799602365493776,-7.369267079324433,-7.263742462793986
1049,do,0.05,0.0,70,1.9263314330577854,-6.249438086423007,-6.306747955746121
1050,pp,0.05,0.0,53,1.5190973460674284,-6.37029600576921,-5.6396673732333715
1051,do,0.05,0.0,9,1.312431279420852,-4.61053517370513,-4.368823128276401
1052,pp,0.05,0.0,24,1.48624367237091,-5.902967685641665,-5.026336431503296
1053,do,0.05,0.0,40,1.4396247303485872,-6.397305351315123,-6.254002904891967
1054,pp,0.05,0.0,70,1.94977115392685,-5.774012936967792,-5.628211980395847
1055,do,0.05,0.0,34,2.0434667122364036,-7.823141178940282,-7.221681261062622
1056,pp,0.05,0.0,70,1.4321914839744565,-6.760107171896732,-6.276900564299689
1057,do,0.05,0.0,70,3.516476149559021,-6.641941372553507,-7.420333054330614
1058,pp,0.05,0.0,70,4.117441474199294,-7.512480572498206,-6.941641712188721
1059,do,0.05,0.0,16,2.156629793643951,-5.072908008459843,-4.5689537763595585
1060,pp,0.05,0.0,7,-0.1753253561258319,-4.519494439616348,-3.9827587683995564
1061,do,0.05,0.0,17,1.8167303347587591,-4.604839007059733,-4.733106549580892
1062,pp,0.05,0.0,28,2.0715291869640344,-4.823803397380945,-4.536538767814636
1063,do,0.05,0.0,68,1.4845310115814208,-7.5681411584218345,-7.9115840170118545
1064,pp,0.05,0.0,70,1.5720232999324804,-6.348065291029034,-5.556076129277547
1065,do,0.05,0.0,39,2.749070961475372,-5.998727042747267,-5.630363313357035
1066,pp,0.05,0.0,50,1.7960485160350803,-5.1840279145674275,-5.109072738223606
1067,do,0.05,0.0,19,2.0403890168666843,-5.69774545322765,-4.665834093093872
1068,pp,0.05,0.0,46,2.4552992737293247,-6.383413382732507,-4.94852827390035
1069,do,0.05,0.0,11,1.563046380281449,-4.93332841757572,-5.203849909040663
1070,pp,0.05,0.0,39,2.1449247300624847,-6.405751001473629,-5.935896253585815
1071,do,0.05,0.0,58,2.9033451664447796,-5.597197646805735,-5.782728685273065
1072,pp,0.05,0.0,39,2.7126831793785087,-5.069245816722061,-4.9801174322764075
1073,do,0.05,0.0,39,0.2640156674385068,-7.3553183989091355,-6.951331043243409
1074,pp,0.05,0.0,70,0.7138555848598482,-7.4130334333939985,-6.299450620015462
1075,do,0.05,0.0,50,1.223246606588364,-6.876235568884647,-7.356389612621731
1076,pp,0.05,0.0,7,0.6032989346981052,-5.018401329445116,-4.517766398853726
1077,do,0.05,0.0,28,2.7022761404514313,-5.674102499990752,-5.195824143621657
1078,pp,0.05,0.0,66,1.9664687013626105,-6.202996444702149,-5.688769833246867
1079,do,0.05,0.0,47,2.806171256303788,-6.478584711479418,-6.380053901672364
1080,pp,0.05,0.0,11,1.200846456289291,-4.774559346112338,-4.289765246709188
1081,do,0.05,0.0,10,1.534796891212463,-5.023541476509788,-4.738019153806898
1082,pp,0.05,0.0,23,2.004697729349136,-5.885366251974395,-5.285780101352268
1083,do,0.05,0.0,43,1.2516170048713677,-6.6613341808319095,-6.504307376013862
1084,pp,0.05,0.0,14,1.2883662557601925,-4.4855665914940115,-4.332368524869283
1085,do,0.05,0.0,69,2.2736395478248586,-11.79036263552579,-10.861622619628907
1086,pp,0.05,0.0,16,0.5842908239364624,-6.75879112590443,-5.541900255944994
1087,do,0.05,0.0,20,2.629806054830551,-4.957389262228301,-4.479189541604784
1088,pp,0.05,0.0,23,1.9922520172595988,-5.671898443048651,-5.260554835531447
1089,do,0.05,0.0,70,1.9393611347675321,-5.793579000415224,-5.512177578608195
1090,pp,0.05,0.0,70,2.0697257661819464,-5.733259137471517,-5.691153687900967
1091,do,0.05,0.0,24,2.0813021814823154,-5.532608929547396,-5.109754427274068
1092,pp,0.05,0.0,8,0.25842641234397945,-4.869616587956746,-4.1240328086747065
1093,do,0.05,0.0,48,1.9618779659271244,-5.6658255143599074,-6.311742032898797
1094,pp,0.05,0.0,56,1.630376216173171,-6.57821297790065,-5.823077154159546
1095,do,0.05,0.0,22,2.737158634662628,-4.820733096382835,-5.467611638704936
1096,pp,0.05,0.0,29,1.5395055782794946,-5.656604284228701,-5.209256752332052
1097,do,0.05,0.0,25,2.739522031545639,-5.4307133082187535,-6.09335568745931
1098,pp,0.05,0.0,58,2.282574633359909,-5.647680330276489,-5.605049369070265
1099,do,0.05,0.0,58,1.3486437797546387,-9.119243186892884,-8.668993621402317
1100,pp,0.05,0.0,11,2.15910227894783,-4.794451532941876,-4.654612763722738
1101,do,0.05,0.0,70,3.097130643129349,-6.191223469647494,-5.664010347260369
1102,pp,0.05,0.0,61,3.9084595072269437,-5.425396744410197,-5.118524546093411
1103,do,0.05,0.0,15,2.361662290096283,-4.394396349878022,-3.9067542566193474
1104,pp,0.05,0.0,11,0.9779942548274994,-4.754854944980505,-4.243667345576816
1105,do,0.05,0.0,8,1.6382446897029883,-4.596715983477506,-4.481139553917779
1106,pp,0.05,0.0,4,0.5421990776062016,-4.421624724070231,-4.204458843337165
1107,do,0.05,0.0,53,1.966383190155029,-7.431379053809426,-6.948912641737196
1108,pp,0.05,0.0,54,2.168529667854309,-5.785153936617302,-5.089841198921204
1109,do,0.05,0.0,23,2.64192411661148,-5.884172104344223,-6.0455127822028265
1110,pp,0.05,0.0,21,1.9597350776195528,-4.376088817191847,-4.9864417791366575
1111,do,0.05,0.0,12,1.6096324205398558,-4.472775349472508,-4.847081279754638
1112,pp,0.05,0.0,9,-0.15547613024711637,-6.482583746765599,-5.298704459932115
1113,do,0.05,0.0,38,2.4674072444438933,-6.043336505600901,-5.647869345876906
1114,pp,0.05,0.0,15,0.9043976044654851,-5.050430702440666,-4.580993228488499
1115,do,0.05,0.0,39,2.2586325752735137,-5.590556225632176,-5.28787767622206
1116,pp,0.05,0.0,42,2.1720297038555145,-7.467418760241884,-7.513288100560506
1117,do,0.05,0.0,7,1.286633483171463,-4.393231689568722,-4.197922446992663
1118,pp,0.05,0.0,64,3.311794338226317,-5.723239429069288,-5.5462030410766605
1119,do,0.05,0.0,48,2.763055263757707,-5.333954907908584,-5.5954713847902084
1120,pp,0.05,0.0,18,1.4311934816837306,-5.101127482905532,-5.105366661813524
1121,do,0.05,0.0,70,2.0353000736236577,-7.808962992465857,-7.84112450811598
1122,pp,0.05,0.0,45,3.115292474031449,-4.910097625038841,-5.20360725985633
1123,do,0.05,0.0,5,0.24526387810707106,-5.390072114539869,-5.536450004577636
1124,pp,0.05,0.0,15,0.031267229318618917,-6.812360123432044,-6.555903363227844
1125,do,0.05,0.0,60,0.538833839893341,-7.489070204532507,-7.854180296262105
1126,pp,0.05,0.0,31,1.3015844094753266,-6.1321097041621355,-6.252548350228204
1127,do,0.05,0.0,28,1.4606872606277461,-6.1565804365909464,-5.965899679395887
1128,pp,0.05,0.0,11,0.34717203855514533,-5.157485184524998,-4.579320992363824
1129,do,0.05,0.0,67,0.9477587914466863,-7.215204834215569,-6.42837806807624
1130,pp,0.05,0.0,7,0.519747396707535,-4.962734658790358,-4.1624483346939085
1131,do,0.05,0.0,8,1.559450957775116,-4.374001280466715,-4.325990968280369
1132,pp,0.05,0.0,24,2.023462529182435,-6.345476829644405,-7.9337176322937015
1133,do,0.05,0.0,43,3.0671603918075556,-6.696986110282666,-6.472664923138089
1134,pp,0.05,0.0,42,2.047877298593521,-5.350749216657697,-5.178837543063693
1135,do,0.05,0.0,3,0.23206962585449187,-4.7389376076785,-4.516420978969998
1136,pp,0.05,0.0,14,2.3418953812122343,-5.171122325550426,-5.500457164976332
1137,do,0.05,0.0,70,4.106020202636719,-5.914465735175392,-6.42132228480445
1138,pp,0.05,0.0,63,2.0324837768077844,-5.702885364763665,-5.336137514644199
1139,do,0.05,0.0,12,2.7073219597339637,-4.297366347457423,-4.425481753879123
1140,pp,0.05,0.0,20,2.2104028999805445,-4.7172040289098565,-5.2703053712844845
1141,do,0.05,0.0,52,2.471025547981262,-6.826062968282988,-6.3530417283376055
1142,pp,0.05,0.0,31,1.4389123451709747,-6.946942385760221,-5.407767150137159
1143,do,0.05,0.0,32,3.0813681828975685,-5.634217369195187,-5.9831852250629005
1144,pp,0.05,0.0,60,3.335857539176941,-4.861790297248147,-4.915558120939466
1145,do,0.05,0.0,70,4.073550271987915,-5.572115351937034,-5.469536468717787
1146,pp,0.05,0.0,52,2.2363812398910525,-5.900087544412324,-6.094613785213895
1147,do,0.05,0.0,50,2.5689788007736203,-6.489267554427638,-6.6345991611480715
1148,pp,0.05,0.0,27,1.6351771497726437,-5.627004234718554,-5.679479885101318
1149,do,0.05,0.0,52,1.139779862165451,-7.2901471080202045,-6.921658213933309
1150,pp,0.05,0.0,12,1.1099338579177855,-5.226250819003943,-4.703261057535808
1151,do,0.05,0.0,70,2.1190680885314936,-8.677034695943197,-10.373072173860338
1152,pp,0.05,0.0,70,3.4835071873664862,-5.9895944840980295,-6.827053342925177
1153,do,0.05,0.0,16,1.716179196834564,-5.415030148535064,-5.680712633662754
1154,pp,0.05,0.0,13,0.9124587249755862,-4.7061302185058596,-4.430605355898539
1155,do,0.05,0.0,32,2.3828039383888253,-6.1632102446122605,-5.770122088326348
1156,pp,0.05,0.0,54,2.5969251191616065,-6.6101245966824616,-7.234048740069071
1157,do,0.05,0.0,68,3.469240702390672,-5.975580674951726,-6.530108653174507
1158,pp,0.05,0.0,70,3.3109051036834716,-5.427220928307736,-5.326522583431668
1159,do,0.05,0.0,35,2.950682725906373,-6.057374184059374,-5.164620089530945
1160,pp,0.05,0.0,47,2.023864802122117,-5.809065563028509,-5.653605688942803
1161,do,0.05,0.0,69,2.7050822532176975,-6.713306305625222,-6.540156605508592
1162,pp,0.05,0.0,28,2.2726934337615967,-5.024060308572018,-4.934695672988892
1163,do,0.05,0.0,8,1.5350858438014985,-4.786538660165036,-4.644807550642225
1164,pp,0.05,0.0,3,-0.3987554717063899,-5.5396392287630025,-4.559762255350749
1165,do,0.05,0.0,14,2.8403754103183747,-6.187446764743689,-5.827780479855008
1166,pp,0.05,0.0,33,2.607501869201661,-5.590015456170747,-5.381024551391602
1167,do,0.05,0.0,41,2.747446435689926,-5.775359106063843,-5.3408136977089775
1168,pp,0.05,0.0,65,2.3076244962215418,-5.236883802124948,-5.215266535017226
1169,do,0.05,0.0,20,1.5715662705898286,-5.7212488463430695,-6.0625796053144665
1170,pp,0.05,0.0,70,2.172978035211563,-6.35295970656655,-6.89164306057824
1171,do,0.05,0.0,17,1.4878990614414214,-5.581164767525413,-5.0658510287602745
1172,pp,0.05,0.0,31,1.9251895928382883,-8.84844869555849,-7.842959305975172
1173,do,0.05,0.0,7,1.732497091293335,-4.481103352344397,-4.666369949446784
1174,pp,0.05,0.0,29,1.2244661331176756,-7.342071515863592,-8.698078589969212
1175,do,0.05,0.0,56,2.575392447710037,-7.498928012269916,-7.072476678424412
1176,pp,0.05,0.0,45,3.300749940872193,-6.130365326910308,-6.582337792714437
1177,do,0.05,0.0,17,1.8074992144107815,-5.0969505367857035,-5.067671767870585
1178,pp,0.05,0.0,14,0.752238321304322,-4.92609497128111,-4.492939231130812
1179,do,0.05,0.0,40,2.1689243054389955,-9.543861753290349,-8.748522845904033
1180,pp,0.05,0.0,26,1.5003792285919193,-6.753128976532907,-6.415238552623325
1181,do,0.05,0.0,8,1.7212783527374267,-4.88525497118632,-4.652458927366468
1182,pp,0.05,0.0,24,1.159128710031509,-6.722195785695856,-5.784904138247172
1183,do,0.05,0.0,64,3.405972030162811,-5.930304654439291,-5.731530319319831
1184,pp,0.05,0.0,70,1.7876285350322725,-6.609987211227417,-6.978382629818387
1185,do,0.05,0.0,36,3.286863532066345,-5.948046659700799,-7.030402824613783
1186,pp,0.05,0.0,53,2.8787243711948394,-5.113693993019335,-4.935965524779426
1187,do,0.05,0.0,13,1.63900429725647,-5.6318815216873634,-6.310408957799276
1188,pp,0.05,0.0,70,2.5452663576602923,-6.894493397799406,-7.56669352584415
1189,do,0.05,0.0,70,3.669638677835465,-5.781595170859134,-6.00241630077362
1190,pp,0.05,0.0,70,2.43019530415535,-6.186919667504051,-6.284952425956726
1191,do,0.05,0.0,15,2.232111701965332,-4.818937590627959,-5.4181633260515
1192,pp,0.05,0.0,56,0.4967817711830138,-6.427777994040287,-6.3534354554282295
1193,do,0.05,0.0,66,3.739211817979813,-5.776207238977606,-5.388869924015469
1194,pp,0.05,0.0,70,3.405683308839798,-5.717191514101896,-6.184153252177769
1195,do,0.05,0.0,19,1.9564745938777923,-5.6606353369626135,-6.448476603296068
1196,pp,0.05,0.0,70,1.3023721492290496,-7.298844393816862,-7.106292226579455
1197,do,0.05,0.0,44,4.0706450760364525,-5.482970269521077,-5.459318571620518
1198,pp,0.05,0.0,59,1.7581597602367411,-5.702242831027869,-7.035126410590278
1199,do,0.05,0.0,37,1.7776142895221714,-8.493470200625334,-9.542698356840345
1200,pp,0.05,0.0,16,0.030424096584320104,-7.0476203831759365,-6.457397023836772
1201,do,0.05,0.0,24,1.0217859840393073,-6.737893801024466,-5.880375878016154
1202,pp,0.05,0.0,18,0.35642972826957653,-6.271182644005978,-5.150267587767707
1203,do,0.05,0.0,13,0.2717579483985899,-4.725531976873224,-4.186688600646125
1204,pp,0.05,0.0,26,1.32941652059555,-6.346173162171335,-5.607503451241387
1205,do,0.05,0.0,7,0.6988865375518802,-5.353013262604222,-4.735565755102369
1206,pp,0.05,0.0,34,1.7232358026504517,-6.141850208513665,-5.3367446131176415
1207,do,0.05,0.0,29,0.18223729133605993,-6.198806323427142,-5.472656093703376
1208,pp,0.05,0.0,35,0.6401758778095248,-5.546981029799491,-4.896679091453552
1209,do,0.05,0.0,32,0.6044219589233402,-5.895163195060961,-5.268268881903754
1210,pp,0.05,0.0,70,1.7714067888259892,-5.087078835747459,-4.232186914814843
1211,do,0.05,0.0,27,1.3332981228828427,-5.061100115920558,-4.684232791264852
1212,pp,0.05,0.0,70,1.404328660964966,-6.520505028059988,-5.4780116531584
1213,do,0.05,0.0,34,0.5494784677028663,-6.620270593238599,-5.868057507938809
1214,pp,0.05,0.0,29,1.183205674886704,-5.166532584392663,-4.576382984055413
1215,do,0.05,0.0,70,1.1347898554801938,-6.17510459206321,-5.551152455806732
1216,pp,0.05,0.0,3,-0.1468732976913456,-5.342016428167169,-4.525928590032789
1217,do,0.05,0.0,70,1.9506620728969573,-5.422024433540575,-4.694035222795274
1218,pp,0.05,0.0,17,1.1161817359924324,-5.074346449880889,-4.352654385566711
1219,do,0.05,0.0,5,0.3464975953102112,-4.6225401430419,-4.406686660978529
1220,pp,0.05,0.0,70,0.6801124167442323,-6.9733449603572035,-6.546284590827094
1221,do,0.05,0.0,18,1.5398840367794033,-5.391668426629269,-5.101793106396993
1222,pp,0.05,0.0,58,1.7424638092517846,-6.605624343409683,-5.855547128783332
1223,do,0.05,0.0,70,0.6211773204803466,-7.461278140906131,-6.6670648601320055
1224,pp,0.05,0.0,70,2.354890283346177,-6.22724697228634,-5.6961102618111505
1225,do,0.05,0.0,70,2.1363835036754617,-7.197078675934763,-6.421802049212985
1226,pp,0.05,0.0,33,2.702996555566787,-5.457293357271137,-4.475105084313286
1227,do,0.05,0.0,24,1.3641876733303073,-5.33500653035713,-4.754777908325195
1228,pp,0.05,0.0,35,1.9086476421356195,-6.283346135688551,-5.016232377952999
1229,do,0.05,0.0,20,1.7732475233078002,-4.578596689484336,-4.752900641494327
1230,pp,0.05,0.0,5,0.12221339941024745,-4.483963041594534,-4.066667238871257
1231,do,0.05,0.0,62,1.9094133925437928,-5.8808073824102225,-5.346848440170288
1232,pp,0.05,0.0,70,1.3327096009254458,-6.480665348515366,-5.967916250228882
1233,do,0.05,0.0,57,0.6491664087772371,-6.0692990779876705,-5.5168955193625555
1234,pp,0.05,0.0,26,0.534525153636932,-5.993943679693974,-4.872962570190429
1235,do,0.05,0.0,18,1.7346139383316048,-4.9272648190007065,-4.329557270473904
1236,pp,0.05,0.0,64,1.2287977945804593,-6.502823342698993,-5.929448909229702
1237,do,0.05,0.0,70,1.8986141180992133,-5.622931304122463,-5.292792002360026
1238,pp,0.05,0.0,14,1.1397735023498532,-5.217590427398681,-3.950790728463067
1239,do,0.05,0.0,8,1.400309681892395,-4.2990221269202955,-3.9962626642651027
1240,pp,0.05,0.0,70,0.7195817959308624,-7.58343541838906,-6.686697051260206
1241,do,0.05,0.0,70,2.462882504463196,-6.761961964404944,-5.81220985253652
1242,pp,0.05,0.0,49,2.4122844827175136,-6.0116136406407215,-4.845945538414849
1243,do,0.05,0.0,11,1.5027811169624332,-4.4188783819025215,-4.190869249237908
1244,pp,0.05,0.0,23,0.4057120740413662,-5.934411544510812,-5.035016261206733
1245,do,0.05,0.0,53,2.3308359587192538,-6.1974527561303345,-6.013936148749457
1246,pp,0.05,0.0,70,2.367807564735413,-5.789495773026437,-5.090151153670417
1247,do,0.05,0.0,20,1.7367969763278959,-5.012273831800981,-4.66139651272032
1248,pp,0.05,0.0,27,1.3047090458869937,-4.9632806084372785,-4.582900275124444
1249,do,0.05,0.0,25,2.093730129003524,-5.3041478879524,-4.3784685532252
1250,pp,0.05,0.0,56,2.8076954007148736,-8.255992544058598,-7.66600153181288
1251,do,0.05,0.0,12,1.8979852163791664,-4.480074859387947,-4.049623290697734
1252,pp,0.05,0.0,27,-0.3661193466186523,-6.62671671780673,-5.702173924446106
1253,do,0.05,0.0,69,1.5511674416065206,-5.897521169257886,-5.512435950173272
1254,pp,0.05,0.0,19,0.8053243768215186,-6.93557898348028,-5.938462697135078
1255,do,0.05,0.0,15,1.499763058423996,-4.36596286947077,-4.063078882959154
1256,pp,0.05,0.0,23,2.1475561785697934,-5.430572986602783,-4.540252765019734
1257,do,0.05,0.0,36,2.0560571312904363,-6.1346055695504855,-5.127633645799425
1258,pp,0.05,0.0,43,1.438817576169968,-6.355280383427938,-5.255816470252143
1259,do,0.05,0.0,31,1.4623698472976683,-5.943742302692297,-5.672858415709602
1260,pp,0.05,0.0,6,0.39657056689262404,-5.13334276748426,-4.462293797069126
1261,do,0.05,0.0,62,4.0624168574810025,-5.548781926704176,-5.422400988472832
1262,pp,0.05,0.0,44,1.9814064216613776,-6.540624208161325,-5.474736467997233
1263,do,0.05,0.0,11,2.098267714977265,-4.476843393210209,-4.07343381245931
1264,pp,0.05,0.0,40,1.1961156797409052,-6.890906349817912,-5.740843219227261
1265,do,0.05,0.0,49,1.0673637735843666,-8.061886021585176,-7.879051115777758
1266,pp,0.05,0.0,14,1.221369358301163,-5.803418389233676,-5.3243571890725025
1267,do,0.05,0.0,18,1.5969787347316746,-5.3780273249655055,-4.834657510121663
1268,pp,0.05,0.0,47,1.4491120719909656,-6.918326932733709,-6.203929940859477
1269,do,0.05,0.0,24,1.9853535389900205,-4.823880020777384,-4.633001327514648
1270,pp,0.05,0.0,18,1.6051758933067317,-6.0354266094438955,-5.0529643668068775
1271,do,0.05,0.0,70,0.9549164581298832,-11.23645285982074,-9.703181502554152
1272,pp,0.05,0.0,22,0.7915488851070398,-7.018537558931293,-6.3892901314629444
1273,do,0.05,0.0,13,1.4718869304656987,-4.374433334668478,-4.066955910788642
1274,pp,0.05,0.0,11,0.9618264961242673,-5.507442199822628,-4.794584075609843
1275,do,0.05,0.0,34,2.1805596280097967,-5.844347631570065,-5.2623750766118365
1276,pp,0.05,0.0,39,3.0116383421421062,-7.690273664936875,-6.488289181391398
1277,do,0.05,0.0,19,0.6517465794086457,-5.749060435728594,-5.082965996530321
1278,pp,0.05,0.0,7,0.8749078214168549,-4.687859004916567,-4.382946740256416
1279,do,0.05,0.0,16,1.318743878602981,-4.934076657439723,-4.532534678777059
1280,pp,0.05,0.0,43,3.722398197650909,-5.547605567989927,-4.907087326049805
1281,do,0.05,0.0,34,1.4189168453216556,-5.318198653423425,-5.179522742165459
1282,pp,0.05,0.0,8,0.8093164169788363,-4.998741706212361,-4.228423531850179
1283,do,0.05,0.0,13,1.1350982916355141,-4.60743454730872,-4.435892433590359
1284,pp,0.05,0.0,30,1.9728989505767824,-5.655712325645216,-5.011435718006558
1285,do,0.05,0.0,70,1.2204636752605431,-6.535988502791434,-5.90361536608802
1286,pp,0.05,0.0,19,0.791015144586563,-6.30006096868804,-5.426123960812887
1287,do,0.05,0.0,68,3.214202497005463,-6.308480433261756,-6.371408685048421
1288,pp,0.05,0.0,70,1.4511070060729985,-7.445056754892523,-6.768879678514269
1289,do,0.05,0.0,13,1.106054729223251,-4.90315794655771,-4.477406997150845
1290,pp,0.05,0.0,70,0.29086740016937185,-8.276847871144613,-7.048599412706163
1291,do,0.05,0.0,34,2.60305190205574,-4.927225405519659,-4.800999993748135
1292,pp,0.05,0.0,37,1.835875999927521,-6.903768192638051,-6.277033236291674
1293,do,0.05,0.0,17,2.1308607006073004,-4.912981729796439,-4.679753073056539
1294,pp,0.05,0.0,18,1.5153946089744572,-6.229953985503226,-5.278236714998881
1295,do,0.05,0.0,54,1.7557452309131634,-5.9335741100889265,-5.980883344014486
1296,pp,0.05,0.0,7,0.9672286474704741,-5.1566777778394295,-4.4095760054058495
1297,do,0.05,0.0,70,0.3628236889839176,-7.486317951028997,-6.83437212838067
1298,pp,0.05,0.0,66,0.6117461860179905,-6.687839307207049,-5.639628654056125
1299,do,0.05,0.0,20,1.2781582391262054,-5.801230783173533,-5.471099630991618
1300,pp,0.05,0.0,56,0.6380723452568056,-6.825688596205278,-6.061521768569946
1301,do,0.05,0.0,33,0.7618699991703028,-9.796267831686771,-7.7277396466996935
1302,pp,0.05,0.0,24,-0.1498538470268258,-7.671338147828073,-5.766866405804952
1303,do,0.05,0.0,6,0.10846609950065655,-5.189832882447676,-4.8709337287478975
1304,pp,0.05,0.0,50,-0.1022613167762767,-8.617343951716567,-7.42930171224806
1305,do,0.05,0.0,70,0.9164325356483474,-9.710915431109342,-7.877363157272339
1306,pp,0.05,0.0,16,0.6467373764514921,-5.826805606032863,-4.706995450125801
1307,do,0.05,0.0,70,0.34408402323722775,-8.362968830628828,-7.254432182841831
1308,pp,0.05,0.0,20,0.3941922879219053,-7.288884407101255,-5.300792895423042
1309,do,0.05,0.0,11,0.9013029766082763,-5.6748305465235855,-5.161977529525757
1310,pp,0.05,0.0,49,1.457718377113343,-6.679894282601096,-5.277485423617893
1311,do,0.05,0.0,15,0.6163238847255705,-5.529598724480831,-4.739108716117011
1312,pp,0.05,0.0,70,0.9218092775344857,-6.374207722056996,-5.832388724221124
1313,do,0.05,0.0,12,1.405292814970017,-5.507477264693289,-4.848285926712884
1314,pp,0.05,0.0,50,3.2742813038825984,-5.455985846663967,-4.387749656041463
1315,do,0.05,0.0,36,1.9145113360881805,-6.749166229999426,-6.203181431028578
1316,pp,0.05,0.0,70,0.8357565081119542,-7.089322062694666,-5.953156606356303
1317,do,0.05,0.0,36,1.670373772382737,-7.070437217481208,-6.183637303776211
1318,pp,0.05,0.0,18,0.7294097399711612,-5.511691525488189,-4.663900589942932
1319,do,0.05,0.0,69,1.3396289813518516,-6.223241037310976,-5.541427723566691
1320,pp,0.05,0.0,51,0.7123111462593066,-7.19319022063053,-6.317240243487888
1321,do,0.05,0.0,37,0.8384809613227846,-6.798165054032297,-6.301133680343628
1322,pp,0.05,0.0,70,1.8423981344699865,-6.1517386523160065,-5.215332963731554
1323,do,0.05,0.0,70,3.403418022394181,-6.60361003297748,-5.484778171115451
1324,pp,0.05,0.0,35,1.8738503503799429,-5.952636380629106,-5.075727335611979
1325,do,0.05,0.0,62,1.6135758793354036,-6.3198928298372214,-6.0573222478230795
1326,pp,0.05,0.0,38,2.3169137918949136,-5.8479382760597,-5.266892491446601
1327,do,0.05,0.0,63,2.4122759258747104,-5.930503273010254,-5.255216301812066
1328,pp,0.05,0.0,70,1.9639172887802125,-6.448593048615889,-5.886808085441589
1329,do,0.05,0.0,70,1.0252864062786102,-7.733333789941036,-7.141783563296
1330,pp,0.05,0.0,22,1.9646225357055664,-5.150904236417828,-4.45168415705363
1331,do,0.05,0.0,14,1.039375240802765,-6.227500301418883,-5.501864078309801
1332,pp,0.05,0.0,34,0.7932201504707326,-7.187007389646588,-6.040270421240065
1333,do,0.05,0.0,66,1.9095892274379729,-6.9082863547585225,-7.237921974394056
1334,pp,0.05,0.0,18,1.358856927156448,-4.831854185913548,-4.166730447610219
1335,do,0.05,0.0,62,0.9734537553787233,-6.1898036523298785,-5.62708215713501
1336,pp,0.05,0.0,70,3.5712521004676816,-7.17866503831112,-5.957374819119772
1337,do,0.05,0.0,70,1.5479224109649659,-7.826204705960823,-7.314215771357218
1338,pp,0.05,0.0,29,1.8602313351631157,-6.402358297868209,-5.187143233087328
1339,do,0.05,0.0,70,0.9267502403259273,-6.804155947945334,-7.0679509904649525
1340,pp,0.05,0.0,27,1.8736917269229885,-5.474219290415446,-5.159929747051663
1341,do,0.05,0.0,38,2.1645876288413994,-5.170808426539103,-5.691854164335463
1342,pp,0.05,0.0,43,1.199878770112992,-6.465144937688654,-6.161587913831075
1343,do,0.05,0.0,55,2.7420289897918693,-7.51866811839017,-6.851919317245484
1344,pp,0.05,0.0,70,0.7186213648319244,-5.906470865191835,-4.832286885049608
1345,do,0.05,0.0,64,2.0990694260597227,-6.785426243868741,-6.070894379085964
1346,pp,0.05,0.0,46,1.954348440170289,-7.3312664985656735,-6.810428598192003
1347,do,0.05,0.0,70,1.4333949804306023,-7.518098558079113,-6.482784607675341
1348,pp,0.05,0.0,27,1.8502045226097108,-6.959922169194077,-5.504294395446777
1349,do,0.05,0.0,9,0.6208316183090217,-5.216610808805986,-4.608607896169027
1350,pp,0.05,0.0,70,2.0734419536590583,-5.796308989958329,-4.9747373316023085
1351,do,0.05,0.0,33,0.9145774102211002,-5.662527038111831,-5.434131243493822
1352,pp,0.05,0.0,23,0.8131953525543212,-5.628891705021713,-5.0152433103985254
1353,do,0.05,0.0,25,1.8801703882217407,-6.33254920352589,-5.4131241083145145
1354,pp,0.05,0.0,8,1.1938988089561464,-4.980946802370476,-4.447220532099406
1355,do,0.05,0.0,65,1.1775843000411985,-7.758505653612541,-7.755757607354058
1356,pp,0.05,0.0,70,2.498967263698578,-7.6852312059113475,-6.217372552553813
1357,do,0.05,0.0,24,1.2941370642185204,-5.998261528304129,-5.053799679544237
1358,pp,0.05,0.0,18,2.5874589681625366,-5.098421609762943,-4.394051444530487
1359,do,0.05,0.0,70,1.6411673605442054,-6.14645146745624,-5.374249604013231
1360,pp,0.05,0.0,40,0.9475754845142355,-7.684012665893093,-6.559288705719842
1361,do,0.05,0.0,68,1.3957388091087344,-6.071776911706635,-6.078741574287415
1362,pp,0.05,0.0,14,0.7437448728084561,-5.9640687667962275,-5.173077307807075
1363,do,0.05,0.0,48,2.638450667858124,-5.637389168594822,-4.842816013760037
1364,pp,0.05,0.0,24,1.3265832138061526,-6.161485729795514,-5.24940632449256
1365,do,0.05,0.0,44,0.5001564431190495,-7.532241694132487,-6.728227885564168
1366,pp,0.05,0.0,14,0.9941399240493771,-5.716242358178803,-5.023114694489373
1367,do,0.05,0.0,3,0.3089858782291408,-5.325473896662394,-4.380048298835755
1368,pp,0.05,0.0,12,1.19632026553154,-5.561472557530259,-4.650528823004828
1369,do,0.05,0.0,42,0.5379997706413269,-6.356849746993094,-5.578212123446995
1370,pp,0.05,0.0,59,1.4942261850833898,-6.425510900670832,-5.648760551876492
1371,do,0.05,0.0,16,1.2351619446277615,-5.69443512396379,-4.912662392192416
1372,pp,0.05,0.0,34,2.8549668216705317,-7.044939243432247,-5.782914076911078
1373,do,0.05,0.0,17,0.628462336063385,-5.786846735983184,-5.265958433681064
1374,pp,0.05,0.0,23,0.3886326932907105,-6.703683558377352,-5.752856379085117
1375,do,0.05,0.0,32,1.4794651496410367,-5.733944809075558,-5.389783742692735
1376,pp,0.05,0.0,29,1.2102105462551114,-6.640018247835564,-6.74875873989529
1377,do,0.05,0.0,14,1.3781108486652371,-5.612422024119984,-5.197120865186055
1378,pp,0.05,0.0,19,1.2684261882305146,-6.300038642594308,-5.2773089276419745
1379,do,0.05,0.0,40,1.6594793426990515,-5.630899813680938,-4.94564921591017
1380,pp,0.05,0.0,47,1.9700262522697445,-7.125699135751435,-6.138603538937039
1381,do,0.05,0.0,62,1.8039849531650543,-7.16461136413343,-6.434558343887329
1382,pp,0.05,0.0,54,1.6177569174766528,-7.144661478562789,-6.04841349389818
1383,do,0.05,0.0,51,1.6536456084251405,-7.002764466314605,-6.810770710309346
1384,pp,0.05,0.0,29,1.7623140454292292,-6.704620867064505,-5.588273639149136
1385,do,0.05,0.0,68,1.5696638917922972,-6.49189865805886,-6.145366830295987
1386,pp,0.05,0.0,9,0.6938076126575465,-5.2027945012757275,-4.429921963479784
1387,do,0.05,0.0,25,2.6336023247241975,-5.941454768903328,-5.091485982471042
1388,pp,0.05,0.0,16,1.24869323849678,-5.9877825216813525,-5.4430047114690145
1389,do,0.05,0.0,28,1.5790500664711002,-6.3782014731204875,-5.730035347408719
1390,pp,0.05,0.0,24,0.20135634183883688,-6.449012666760069,-5.454325011041429
1391,do,0.05,0.0,70,2.094697288274765,-5.771928696198897,-6.050502554575602
1392,pp,0.05,0.0,48,0.5431950211524956,-7.704205260132298,-7.188403309716119
1393,do,0.05,0.0,11,0.5411150312423709,-5.3068816141648725,-4.685899323887295
1394,pp,0.05,0.0,70,1.4904913318157185,-6.937280815297907,-6.528305874930488
1395,do,0.05,0.0,21,2.3254091358184814,-5.348839621110396,-4.8978670835494995
1396,pp,0.05,0.0,70,1.776193870306015,-6.072143652944854,-5.736149077945285
1397,do,0.05,0.0,19,1.7194905066490174,-5.173619455279726,-4.755048174328274
1398,pp,0.05,0.0,29,2.2026393127441404,-5.402199654145674,-5.182300567626953
1399,do,0.05,0.0,29,2.827417738437653,-5.093266435102983,-4.877897585762872
1400,pp,0.05,0.0,29,2.036371161937714,-4.967904697042523,-4.885587928030226
1401,do,0.05,0.0,6,0.30618875861167894,-4.8335648753426295,-4.620102808210585
1402,pp,0.05,0.0,70,1.1227958118915558,-6.374465173663515,-6.502315913306342
1403,do,0.05,0.0,10,0.8672959542274477,-5.4550082770260895,-5.026099152035183
1404,pp,0.05,0.0,49,2.377347029447555,-6.45039404522289,-6.204089095857408
1405,do,0.05,0.0,24,1.409448235034942,-5.772570624495998,-5.580218431684706
1406,pp,0.05,0.0,45,1.6915661895275118,-7.1263748212294145,-6.747284788555569
1407,do,0.05,0.0,17,0.6260041546821595,-6.233559953805172,-5.511717036035326
1408,pp,0.05,0.0,70,2.3654907393455513,-6.091342651482784,-5.988959529664782
1409,do,0.05,0.0,31,0.6883360731601709,-6.469028062531442,-6.45662231710222
1410,pp,0.05,0.0,38,2.901902347803116,-5.157981441960191,-4.657701155874464
1411,do,0.05,0.0,8,1.685905914306641,-5.206630123022831,-4.689238468805949
1412,pp,0.05,0.0,43,2.180272843837738,-4.810694187337702,-4.830133615599738
1413,do,0.05,0.0,24,0.96051609158516,-5.325975062630393,-5.50383989016215
1414,pp,0.05,0.0,39,1.6270511567592632,-5.682497895847668,-5.480631513065762
1415,do,0.05,0.0,5,0.857009501457215,-4.656126250642719,-4.172873351309034
1416,pp,0.05,0.0,13,0.6546972477436066,-4.85629311763879,-4.4753673831621805
1417,do,0.05,0.0,49,-0.2428271436691274,-7.3539986928304035,-7.2015387508604265
1418,pp,0.05,0.0,31,0.9571579480171195,-6.155158185958863,-5.772140285703871
1419,do,0.05,0.0,40,1.1921976971626282,-7.037756194490375,-6.08555785285102
1420,pp,0.05,0.0,36,3.587689970731735,-4.453660267049616,-4.377834126684401
1421,do,0.05,0.0,19,0.38075113415718054,-6.539957796443592,-5.92478530936771
1422,pp,0.05,0.0,66,4.028397916555405,-5.519461744481867,-5.352151171366374
1423,do,0.05,0.0,70,0.47563786864280644,-8.633749993642171,-8.953876876831055
1424,pp,0.05,0.0,58,2.835224992036819,-5.952191202568286,-5.304219423400031
1425,do,0.05,0.0,24,2.419083899259568,-6.656754161372329,-5.71603115134769
1426,pp,0.05,0.0,41,-0.05953893184661929,-8.206235954978249,-7.354966431193882
1427,do,0.05,0.0,9,0.6695789384841921,-5.785989320639408,-5.21672797732883
1428,pp,0.05,0.0,68,2.694921950101852,-5.541628031297163,-4.992032721307543
1429,do,0.05,0.0,12,1.288771586418152,-5.205203560626868,-4.537803570429484
1430,pp,0.05,0.0,63,1.9127401900291439,-6.022105926455874,-6.103955856959025
1431,do,0.05,0.0,47,1.3086949503421774,-7.863084151528098,-7.437513836224874
1432,pp,0.05,0.0,14,1.4861933267116543,-5.681796878756899,-5.04445591767629
1433,do,0.05,0.0,65,0.2974964761734018,-8.897722221143319,-8.163849798838298
1434,pp,0.05,0.0,14,0.5191554439067838,-5.480577051278317,-4.913360887103611
1435,do,0.05,0.0,27,1.26282170176506,-7.290008919166796,-6.3118780295054115
1436,pp,0.05,0.0,25,1.4426911342144004,-5.7687797806479715,-5.070555549197727
1437,do,0.05,0.0,11,1.5558246409893037,-5.9034767093080465,-4.936340149243673
1438,pp,0.05,0.0,53,2.5816876029968254,-5.696089001857874,-5.015735536151462
1439,do,0.05,0.0,70,0.4600333356857309,-7.859267096085982,-8.07764089902242
1440,pp,0.05,0.0,28,1.4645098972320554,-6.086275350686275,-5.627519618140327
1441,do,0.05,0.0,70,2.289080932140351,-6.987144941272158,-6.041990992758009
1442,pp,0.05,0.0,42,2.8127119171619412,-7.118622531312885,-6.236963311831157
1443,do,0.05,0.0,5,0.6486023628711699,-4.562360545360681,-4.287837364938524
1444,pp,0.05,0.0,17,1.1439099836349484,-4.926165741140192,-4.6626481824451025
1445,do,0.05,0.0,62,1.6952625942230224,-7.372687537742384,-6.358086782031589
1446,pp,0.05,0.0,68,2.4035943830013284,-6.918891211711999,-5.678715538978577
1447,do,0.05,0.0,5,0.2690517330169673,-4.569491201458555,-4.425225909550985
1448,pp,0.05,0.0,60,0.6777843987941745,-6.804188894503044,-6.038921920458476
1449,do,0.05,0.0,11,0.6612946724891664,-5.125752717798407,-4.828433373239306
1450,pp,0.05,0.0,38,2.1050820314884184,-5.560657761313698,-5.3648535966873165
1451,do,0.05,0.0,53,2.133203347921371,-6.611850579579671,-6.41125504175822
1452,pp,0.05,0.0,64,1.733770855665206,-7.138704266692653,-5.951228435834249
1453,do,0.05,0.0,70,-0.23473342776298534,-6.4137713923598785,-7.10488338470459
1454,pp,0.05,0.0,32,0.9422728228569035,-6.793922984961307,-6.127845088640849
1455,do,0.05,0.0,20,-0.21951608419418278,-6.534597006711093,-5.65981158680386
1456,pp,0.05,0.0,29,2.947688300609588,-4.960327109423551,-4.882150427500407
1457,do,0.05,0.0,31,0.9547349476814277,-7.581925880547725,-6.957229667239719
1458,pp,0.05,0.0,3,0.33051363587379434,-5.148916348544034,-4.546218400531345
1459,do,0.05,0.0,70,0.642075219154358,-6.950194532221014,-6.505145645141601
1460,pp,0.05,0.0,13,0.024388206005096613,-5.846764664216475,-5.61608579158783
1461,do,0.05,0.0,47,2.7996015322208407,-5.35443674434315,-5.409398407406277
1462,pp,0.05,0.0,33,2.6810558187961586,-4.7843282092701305,-4.726807973119947
1463,do,0.05,0.0,12,0.4175113868713378,-6.572177152922659,-6.047583733664618
1464,pp,0.05,0.0,69,1.5637263131141665,-9.940667234767567,-9.471102653609382
1465,do,0.05,0.0,70,2.034895807504654,-6.675986151261763,-6.212181091308594
1466,pp,0.05,0.0,70,0.049320046901701886,-8.08602156494603,-7.254884825812446
1467,do,0.05,0.0,23,1.7726595783233643,-5.387858513629798,-4.8503818405999075
1468,pp,0.05,0.0,70,1.3318206477165226,-7.10426946553317,-6.366582576433817
1469,do,0.05,0.0,23,1.4329765486717223,-6.245170679959384,-5.840270847744412
1470,pp,0.05,0.0,68,2.6350000095367436,-7.344944261782097,-6.552482851346334
1471,do,0.05,0.0,43,1.2094443011283875,-7.110812958804044,-6.507738489574856
1472,pp,0.05,0.0,41,1.0587394678592688,-7.016913710218487,-6.485053359137641
1473,do,0.05,0.0,27,2.00399028658867,-5.934102832909787,-5.438166011704339
1474,pp,0.05,0.0,51,1.6741543304920192,-8.04011324969205,-6.849554517534044
1475,do,0.05,0.0,43,0.5437486505508424,-7.541322965332956,-6.6083268377516005
1476,pp,0.05,0.0,40,1.3621169805526732,-6.428297904043487,-5.720790497461954
1477,do,0.05,0.0,51,2.659531006813049,-6.240277556217078,-5.927673745155334
1478,pp,0.05,0.0,58,1.1790092420578002,-7.765152409582427,-7.261683678627014
1479,do,0.05,0.0,3,0.029021863937377823,-5.099072326313365,-4.628394881884257
1480,pp,0.05,0.0,46,1.8081694126129157,-7.257869133804784,-6.518203761842516
1481,do,0.05,0.0,39,2.712225486040115,-7.6893538446137395,-6.880114804373847
1482,pp,0.05,0.0,54,1.792696673870088,-8.387682521704471,-7.4276915470759075
1483,do,0.05,0.0,29,1.6796689355373386,-5.8132567058910025,-5.316956125365364
1484,pp,0.05,0.0,34,0.44284916758537296,-6.589259286360307,-5.844284751680163
1485,do,0.05,0.0,70,2.316842029094696,-6.448549289414377,-6.752921019660102
1486,pp,0.05,0.0,56,2.045410177707671,-7.50814477891633,-6.638882144292196
1487,do,0.05,0.0,3,-0.4201982927322385,-5.731769106604836,-4.974598360061646
1488,pp,0.05,0.0,64,1.6916058242321004,-7.4720209540742815,-6.311804085307651
1489,do,0.05,0.0,19,0.7453058421611791,-7.4505171327879935,-6.771216524971856
1490,pp,0.05,0.0,10,0.23747525691986127,-5.762178499048407,-5.129376867082384
1491,do,0.05,0.0,33,2.5527738356590266,-4.46747515707305,-4.578798460960388
1492,pp,0.05,0.0,28,2.342955421209335,-4.9305643572951805,-3.997712531354692
1493,do,0.05,0.0,50,-1.0778455674648288,-7.934570217132569,-8.607202906078763
1494,pp,0.05,0.0,44,0.2846339738368986,-6.8731644760478625,-5.835950546794468
1495,do,0.05,0.0,24,1.2137661314010622,-5.854089849645441,-5.331868399514092
1496,pp,0.05,0.0,65,2.894500586986543,-6.953372240066528,-4.9655673715803355
1497,do,0.05,0.0,64,0.444185336828232,-7.988943466995702,-6.762343009312947
1498,pp,0.05,0.0,52,0.8288454198837281,-6.064877001444499,-5.418261035283407
1499,do,0.05,0.0,69,2.616376475095749,-7.133306127606017,-6.66165140469869
1500,pp,0.05,0.0,48,3.536971454620362,-5.050809481649688,-4.284597455130683
1501,do,0.05,0.0,26,1.2435713005065914,-7.292216995990637,-6.495650683508979
1502,pp,0.05,0.0,32,1.4449111700057982,-6.205390096433235,-5.041961420906914
1503,do,0.05,0.0,70,-0.1341777634620671,-6.5683923649065425,-6.307332542207506
1504,pp,0.05,0.0,15,1.0128440725803376,-5.274082407806858,-4.379484494527181
1505,do,0.05,0.0,51,2.30204377770424,-6.179168433854074,-5.818827716509501
1506,pp,0.05,0.0,35,3.6922593176364895,-5.372488833918716,-4.87064561314053
1507,do,0.05,0.0,34,1.8967103886604306,-5.486455774307251,-4.890576299031576
1508,pp,0.05,0.0,70,2.2623625838756567,-6.129271894512755,-5.404964796702067
1509,do,0.05,0.0,16,0.19941413521766638,-6.053405492955988,-5.172938614421421
1510,pp,0.05,0.0,55,1.904674191474916,-7.489331810402148,-6.302840505705939
1511,do,0.05,0.0,68,1.1305362248420714,-6.343128923936324,-7.147080294291178
1512,pp,0.05,0.0,35,0.0663042223453516,-7.558791420676491,-6.896609587139554
1513,do,0.05,0.0,29,2.601318047046661,-5.895106848803434,-5.3385831673940025
1514,pp,0.05,0.0,39,1.8903472888469697,-6.217531474431356,-5.392349394162496
1515,do,0.05,0.0,59,1.0270676136016839,-7.860861601974025,-6.99304805861579
1516,pp,0.05,0.0,70,1.9880406057834632,-6.2934962099248715,-5.904017223252191
1517,do,0.05,0.0,12,-0.07672406673431453,-5.916648778048429,-5.15765180322859
1518,pp,0.05,0.0,38,2.7085381090641016,-6.25683380762736,-5.40453270011478
1519,do,0.05,0.0,44,1.8778988206386575,-6.6827063517137,-5.999640284644233
1520,pp,0.05,0.0,21,2.1720700573921192,-5.514655683979844,-4.955397409862942
1521,do,0.05,0.0,38,1.2636031770706175,-6.423705379890673,-5.909147511588203
1522,pp,0.05,0.0,27,1.7691898775100707,-5.418311077175718,-4.670447860823737
1523,do,0.05,0.0,15,1.8858452010154716,-6.78343609752077,-5.880838516023424
1524,pp,0.05,0.0,37,1.6865647578239438,-5.861033205552535,-5.181235329310099
1525,do,0.05,0.0,17,0.9214188182353977,-5.4662854050145,-4.890170653661092
1526,pp,0.05,0.0,7,0.3201616084575658,-4.126755444208781,-3.542376470565796
1527,do,0.05,0.0,4,0.6307595646381383,-4.1852130716497244,-3.6432387246025932
1528,pp,0.05,0.0,12,0.8525387108325964,-4.8206089930100875,-4.079112317827013
1529,do,0.05,0.0,61,1.6117121839523323,-7.505306749632864,-6.7979404661390515
1530,pp,0.05,0.0,70,2.0956723463535294,-7.3374709331628045,-7.206909126705593
1531,do,0.05,0.0,32,3.511719673871994,-7.290256300839511,-6.042384918530782
1532,pp,0.05,0.0,70,2.84366440296173,-7.388787029728745,-6.4460360871420965
1533,do,0.05,0.0,20,1.7966476929187785,-6.430104330814246,-6.264786227544149
1534,pp,0.05,0.0,19,0.7287352097034461,-6.662389263962254,-5.724605316585965
1535,do,0.05,0.0,31,1.534600468873978,-6.643234054970018,-6.351347653071086
1536,pp,0.05,0.0,45,2.3842230629920955,-6.361952056306781,-5.763909313413832
1537,do,0.05,0.0,12,-0.5258631658554078,-7.1010125680403275,-6.542059135437012
1538,pp,0.05,0.0,53,0.633565964698791,-6.99445139133569,-6.640833062595791
1539,do,0.05,0.0,62,2.3188929116725925,-5.773702040585604,-5.37720546192593
1540,pp,0.05,0.0,66,1.0558246302604672,-6.873509106491551,-6.212222864892747
1541,do,0.05,0.0,60,1.7928202009201044,-6.871150568759803,-5.889700269699096
1542,pp,0.05,0.0,16,2.1699553763866435,-5.105089884093314,-4.447053533130222
1543,do,0.05,0.0,70,1.378456649780274,-8.851676229997114,-10.306216192245483
1544,pp,0.05,0.0,26,0.4817911982536316,-6.298715114593506,-5.349660743607415
1545,do,0.05,0.0,11,0.7172820734977723,-5.352254299684004,-4.8458576864666405
1546,pp,0.05,0.0,57,0.8226256895065314,-6.658969380638816,-6.216658120685153
1547,do,0.05,0.0,26,1.627150657176971,-6.039487695693969,-5.286574906773037
1548,pp,0.05,0.0,29,2.133711216449737,-5.446293356924346,-5.102292646302117
1549,do,0.05,0.0,28,1.8007782435417168,-6.119570880947691,-5.855496536360847
1550,pp,0.05,0.0,28,2.5905620849132536,-5.1119012139060285,-4.718642383151584
1551,do,0.05,0.0,27,0.10957489252090458,-6.880007407159516,-5.748003941112095
1552,pp,0.05,0.0,70,1.1656360614299786,-7.185176267045917,-6.184564259317186
1553,do,0.05,0.0,5,0.09376399993896456,-5.535575769886826,-4.811089462704128
1554,pp,0.05,0.0,26,0.39089131951332146,-6.596587464303681,-5.54838092856937
1555,do,0.05,0.0,36,1.3329094147682197,-6.028349268075192,-5.235087005297343
1556,pp,0.05,0.0,70,0.1730867135524754,-7.010353172186649,-5.889490093125238
1557,do,0.05,0.0,14,1.453132193088532,-5.714384743661592,-5.184528228971693
1558,pp,0.05,0.0,3,-0.11117719888687105,-4.96253475709395,-4.480482104089525
1559,do,0.05,0.0,14,0.3617757940292359,-5.404365543885665,-4.553630232810974
1560,pp,0.05,0.0,20,1.526203474998474,-5.7232112046444055,-4.686744382646348
1561,do,0.05,0.0,10,0.6563880729675287,-5.3120700922879305,-4.437289105521308
1562,pp,0.05,0.0,70,1.3380447578430186,-10.507196443731134,-10.619921355777317
1563,do,0.05,0.0,51,0.9034374296665186,-6.665302659526016,-7.6724211586846245
1564,pp,0.05,0.0,70,1.171955294609071,-6.46179237799211,-5.895354096094767
1565,do,0.05,0.0,9,0.15624763965606636,-5.562662620255441,-4.985244456926981
1566,pp,0.05,0.0,70,0.3546018397808073,-6.692215842911692,-5.802352277437846
1567,do,0.05,0.0,5,0.6508043944835666,-4.986914922251846,-4.406173261006673
1568,pp,0.05,0.0,37,1.3565429830551148,-5.343994962807858,-5.036019208696153
1569,do,0.05,0.0,41,0.8660973620414731,-7.799163306843151,-7.206425534354316
1570,pp,0.05,0.0,6,0.33589345335960363,-4.854838955041134,-4.2765612761179606
1571,do,0.05,0.0,17,1.562636100053787,-5.406235199263602,-4.895429600609673
1572,pp,0.05,0.0,70,1.4815126430988315,-6.8555608561544705,-6.086345479223463
1573,do,0.05,0.0,35,1.3302411472797395,-6.656385225238222,-5.700134608480665
1574,pp,0.05,0.0,49,2.780598555803299,-5.918849274606416,-5.448411501778496
1575,do,0.05,0.0,50,0.7380125617980964,-7.005258970549613,-6.120842019716899
1576,pp,0.05,0.0,34,3.162589901685714,-4.696635779467496,-4.409272072050307
1577,do,0.05,0.0,67,0.5156138145923617,-7.485692220745665,-6.580733715163337
1578,pp,0.05,0.0,70,0.8816550898551938,-7.76561463095925,-7.027026769849989
1579,do,0.05,0.0,34,1.8657889270782473,-5.803726742484352,-5.003797181447347
1580,pp,0.05,0.0,7,0.26377880334854176,-4.979802458214038,-4.1804440259933475
1581,do,0.05,0.0,18,1.79063827753067,-5.414619932752667,-5.239437898000081
1582,pp,0.05,0.0,34,0.7580695998668681,-6.804733922264793,-6.078354242112901
1583,do,0.05,0.0,19,1.196355365514755,-5.484285821336688,-4.822112406624688
1584,pp,0.05,0.0,20,1.674466451406479,-4.790200778209802,-3.977043957180447
1585,do,0.05,0.0,70,1.4004905176162712,-7.682172970338301,-6.770480521519979
1586,pp,0.05,0.0,13,0.5913739275932306,-5.8164869496316625,-5.05881892575158
1587,do,0.05,0.0,9,0.446101616621017,-4.9935887119986795,-4.337503735224406
1588,pp,0.05,0.0,29,1.1205976784229268,-6.6759243054823445,-6.093097496032715
1589,do,0.05,0.0,33,2.2756739974021913,-5.088061123183279,-5.2907527499728735
1590,pp,0.05,0.0,8,1.1753016722202299,-4.453513177235921,-3.714638588163588
1591,do,0.05,0.0,24,1.269347902536392,-6.388744914892948,-5.557380633884006
1592,pp,0.05,0.0,28,1.6990639030933377,-7.769153015541308,-6.113055282168919
1593,do,0.05,0.0,23,1.5867015731334693,-6.270807338483406,-5.456637303034465
1594,pp,0.05,0.0,63,3.6220727229118346,-7.090148489403002,-5.2953995201322765
1595,do,0.05,0.0,39,0.2945336616039276,-6.219380370053378,-5.929575583669874
1596,pp,0.05,0.0,67,1.8749565553665164,-6.405829627586134,-5.545633498827616
1597,do,0.05,0.0,36,2.135097569227219,-5.964874912030769,-5.047385573387146
1598,pp,0.05,0.0,16,0.8262461984157561,-5.635099951426188,-4.5405576705932615
1599,do,0.05,0.0,5,0.411466875076294,-4.47649733803489,-3.979247823026445
1600,pp,0.05,0.0,16,1.410259367227554,-4.699140188910745,-3.8215525680118136
1601,do,0.05,0.0,16,0.34601220965385426,-6.230972551577019,-6.731770414776272
1602,pp,0.05,0.0,25,0.4074029529094698,-6.917522810444687,-6.617263934347364
1603,do,0.05,0.0,26,1.7450850260257713,-5.806575687003858,-5.949121578534444
1604,pp,0.05,0.0,57,1.8167741549015055,-6.636135667743105,-6.146028571658665
1605,do,0.05,0.0,2,-0.2077059626579283,-5.3046441916263465,-4.684913555781047
1606,pp,0.05,0.0,40,1.3260915744304667,-6.287737131118774,-5.227560512224833
1607,do,0.05,0.0,16,1.0358466851711272,-7.179967273365367,-6.60763734181722
1608,pp,0.05,0.0,52,0.1011154055595398,-8.074496228767163,-6.680376519097222
1609,do,0.05,0.0,6,0.12133164763450566,-5.269059620481549,-4.524852609634399
1610,pp,0.05,0.0,39,1.0768271243572247,-8.099676084518432,-6.9018184820810955
1611,do,0.05,0.0,10,0.7079006826877592,-5.086511574369489,-4.349121981196934
1612,pp,0.05,0.0,11,0.739992364645004,-5.696540027676207,-4.924586481518215
1613,do,0.05,0.0,70,2.556073530912399,-6.291131146748861,-6.065235773722331
1614,pp,0.05,0.0,54,1.7795710170269015,-6.055344120661418,-5.888660971323649
1615,do,0.05,0.0,42,1.1349228703975678,-5.876578028996786,-5.62093386914995
1616,pp,0.05,0.0,7,0.48339936256408755,-4.659448925654093,-3.8894812636905245
1617,do,0.05,0.0,61,-0.9468169164657594,-8.387329334201235,-7.476341125700209
1618,pp,0.05,0.0,25,1.9147027599811555,-5.864870363293272,-5.075654154353671
1619,do,0.05,0.0,25,2.9351787185668945,-4.926425443996083,-4.364443895551894
1620,pp,0.05,0.0,17,1.8034992003440866,-5.574181207021078,-4.656005215644837
1621,do,0.05,0.0,17,1.347472422122956,-5.105383537754868,-5.088636856608921
1622,pp,0.05,0.0,7,0.0998418653011317,-5.683258884603327,-4.445935657289293
1623,do,0.05,0.0,45,1.5926195895671844,-5.511127775365656,-5.119942486286163
1624,pp,0.05,0.0,26,1.078509168624878,-5.724711715813839,-4.780896274248759
1625,do,0.05,0.0,70,1.20653464436531,-6.710538583813292,-6.031841614511278
1626,pp,0.05,0.0,22,1.5111190676689148,-6.05203536640514,-4.887441539764405
1627,do,0.05,0.0,68,1.9126144587993625,-5.446028523011641,-4.721185517311096
1628,pp,0.05,0.0,13,1.1557079827785497,-5.84003557436394,-5.06982958316803
1629,do,0.05,0.0,22,2.359722418785095,-4.7587342204469625,-4.605965389145745
1630,pp,0.05,0.0,62,1.323030896186828,-7.466628980636597,-6.236035561561584
1631,do,0.05,0.0,64,1.63958974957466,-6.044379443833322,-5.479561082522074
1632,pp,0.05,0.0,46,1.0416123449802406,-8.062338386882436,-6.560044169425964
1633,do,0.05,0.0,53,0.9134092843532571,-8.104726204727635,-8.07522987789578
1634,pp,0.05,0.0,29,1.5038400232791904,-6.514378523104119,-5.69113438129425
1635,do,0.05,0.0,25,1.1811170780658715,-7.254729320063736,-6.228023597929213
1636,pp,0.05,0.0,55,2.0661402368545536,-5.663177540808013,-4.979459484418233
1637,do,0.05,0.0,29,1.8215394842624661,-5.031201936259414,-4.7150168206956655
1638,pp,0.05,0.0,16,1.4827895629405976,-5.57928980625037,-4.808649879031711
1639,do,0.05,0.0,66,1.4798339498043074,-6.620152628060543,-7.8253925853305395
1640,pp,0.05,0.0,70,1.7494012951850886,-6.644816376946189,-5.860269927978516
1641,do,0.05,0.0,4,0.4774355554580687,-4.589928203640562,-3.8976412137349445
1642,pp,0.05,0.0,8,0.735070830583572,-5.133513904340339,-4.434239951769511
1643,do,0.05,0.0,70,-0.14733365416526834,-6.911821729486639,-7.073930973476834
1644,pp,0.05,0.0,5,0.6200860106945036,-4.6716998736063635,-4.068180312050713
1645,do,0.05,0.0,2,-1.0958329272270202,-6.073980447017785,-5.589829333623251
1646,pp,0.05,0.0,70,0.5496763157844544,-9.151733081991022,-7.904365322324964
1647,do,0.05,0.0,69,1.2198266339302064,-6.905398850007491,-6.883543215857612
1648,pp,0.05,0.0,5,0.20917938947677595,-5.304167845754913,-4.908239608340793
1649,do,0.05,0.0,51,0.7531222569942475,-7.058917603348241,-6.00362151198917
1650,pp,0.05,0.0,15,0.35211610794067383,-5.4001287575924035,-4.586247931586372
1651,do,0.05,0.0,68,0.9802340030670162,-7.55590014891191,-7.624201377232869
1652,pp,0.05,0.0,4,0.4586984801292422,-4.465429214997725,-4.1448509746127655
1653,do,0.05,0.0,47,2.438260657787323,-7.311452423442494,-7.069361800617642
1654,pp,0.05,0.0,61,0.6908865082263951,-8.293537366751469,-7.9984031942155625
1655,do,0.05,0.0,38,0.5423359537124632,-7.531662165034901,-6.865098105536567
1656,pp,0.05,0.0,53,2.2839629292488093,-6.050525278033632,-5.131475774447123
1657,do,0.05,0.0,28,1.5883773303031923,-4.752144842436819,-4.619771101739672
1658,pp,0.05,0.0,29,1.594738595485687,-6.07213773727417,-5.21440064907074
1659,do,0.05,0.0,26,0.9371209609508515,-5.830567862770774,-5.103054738044738
1660,pp,0.05,0.0,47,1.8396473920345313,-6.77506336443352,-6.614874023861355
1661,do,0.05,0.0,65,1.9532765758037574,-7.377550716111155,-8.105888647503322
1662,pp,0.05,0.0,31,1.5655550050735476,-6.860277485124993,-5.533223525683085
1663,do,0.05,0.0,19,1.7671502089500422,-4.427607946684867,-3.907094668017493
1664,pp,0.05,0.0,32,0.7485178959369652,-6.458849441643917,-5.541089865896437
1665,do,0.05,0.0,70,1.188088102340699,-7.396065729314631,-6.360314710934957
1666,pp,0.05,0.0,37,1.2368247997760777,-6.901682631174723,-6.107302594184875
1667,do,0.05,0.0,9,1.0356897711753845,-5.409135418227224,-4.928706171777513
1668,pp,0.05,0.0,10,1.2711767232418056,-6.002394184921727,-5.0142731189727785
1669,do,0.05,0.0,21,0.6281863594055181,-7.912345105951482,-7.276458427641127
1670,pp,0.05,0.0,29,2.6089435911178587,-5.0283084118005,-4.554963882764181
1671,do,0.05,0.0,23,0.28525267004966715,-6.911888125448516,-7.364440229203966
1672,pp,0.05,0.0,46,0.7493834900856013,-7.608851195826675,-6.469415322939555
1673,do,0.05,0.0,5,0.8446772515773775,-5.735103766123454,-4.657780607541402
1674,pp,0.05,0.0,44,1.074957220554352,-6.084509124177875,-5.487162012524075
1675,do,0.05,0.0,47,0.8718718206882476,-6.759672485698353,-8.267418437533909
1676,pp,0.05,0.0,58,1.8020459818840031,-5.289824432315249,-4.697719089190165
1677,do,0.05,0.0,11,1.1889108431339261,-5.117764919454401,-4.7369651820924545
1678,pp,0.05,0.0,39,1.6248819863796236,-6.013189840316772,-5.294841329256694
1679,do,0.05,0.0,70,1.617072384357451,-9.061544559941147,-8.772331815295749
1680,pp,0.05,0.0,15,1.3565154087543485,-4.971965483463172,-4.685705134603713
1681,do,0.05,0.0,17,1.2850272011756898,-5.20415622104298,-5.137159061431885
1682,pp,0.05,0.0,21,1.255920292139054,-5.945966736475627,-5.425077448950874
1683,do,0.05,0.0,27,1.6532249629497526,-5.888284314762462,-6.638051976097954
1684,pp,0.05,0.0,17,0.9139591753482819,-5.509083640936649,-4.760240546862284
1685,do,0.05,0.0,19,0.930330933332443,-5.420329609784213,-5.109339499473572
1686,pp,0.05,0.0,41,2.74169657945633,-5.561114091584177,-4.946409919526842
1687,do,0.05,0.0,26,3.2000155425071712,-4.7901692014752015,-5.379494746526082
1688,pp,0.05,0.0,12,0.7477249085903166,-5.086711776617801,-4.677841946813795
1689,do,0.05,0.0,6,0.16936419844627348,-5.237566143093687,-5.036608944998847
1690,pp,0.05,0.0,15,0.543943635225296,-6.061406587831902,-5.095704510476854
1691,do,0.05,0.0,9,0.455335346460342,-5.756688704635158,-5.391694797409905
1692,pp,0.05,0.0,17,0.21185063123703074,-5.936892547029437,-5.348099197281732
1693,do,0.05,0.0,18,1.2620298683643343,-5.626777440851385,-5.399821517202589
1694,pp,0.05,0.0,29,1.2640105950832368,-5.540873056469541,-4.9071502685546875
1695,do,0.05,0.0,24,1.7595091307163235,-6.618728870334047,-5.3073156966103445
1696,pp,0.05,0.0,70,0.8879516446590419,-6.504785162029845,-5.67902430958218
1697,do,0.05,0.0,50,3.4568674349784843,-5.912238229404796,-6.085450824101766
1698,pp,0.05,0.0,70,0.8426002264022818,-6.496575147455389,-5.766203872362772
1699,do,0.05,0.0,20,0.7126363611221311,-5.784334928339178,-5.68248700565762
1700,pp,0.05,0.0,70,0.45418408632278506,-7.234845463434855,-6.837969122992622
1701,do,0.05,0.0,16,0.6989131629467007,-6.347853741501317,-5.512526835335626
1702,pp,0.05,0.0,46,1.9254102897644039,-6.292103127277259,-5.856864539782206
1703,do,0.05,0.0,21,0.8283203113079072,-5.745099245418202,-5.103290639983284
1704,pp,0.05,0.0,56,0.2757817316055302,-6.183628582231926,-5.747679543495178
1705,do,0.05,0.0,70,2.3274108624458307,-6.985067438356804,-6.027263119485643
1706,pp,0.05,0.0,25,0.8276146912574767,-6.079142693317298,-5.44443908267551
1707,do,0.05,0.0,19,0.321112195253372,-5.84357413523125,-5.1850425508287215
1708,pp,0.05,0.0,30,0.2315879237651819,-6.5418499628702795,-5.824914866023594
1709,do,0.05,0.0,14,1.0130280053615568,-6.222673053452463,-5.832426598336961
1710,pp,0.05,0.0,19,2.011453067064286,-4.965097006884489,-4.656416731410556
1711,do,0.05,0.0,66,1.0703412890434265,-7.6996321880456176,-7.34842898050944
1712,pp,0.05,0.0,52,3.1541284823417666,-6.41197644147006,-6.208761318524679
1713,do,0.05,0.0,3,-0.045018240213393845,-5.240214123870388,-4.9129174735811025
1714,pp,0.05,0.0,31,0.7488423848152168,-7.0905057777058,-6.3301187700695465
1715,do,0.05,0.0,2,0.5648685395717621,-4.412944234501232,-4.039948474036323
1716,pp,0.05,0.0,31,-0.015825827121734193,-5.722100189960364,-5.151244105233086
1717,do,0.05,0.0,41,2.14573568224907,-5.305485384392016,-4.951716725031535
1718,pp,0.05,0.0,40,0.29442619800567726,-7.931856851866751,-8.21834671497345
1719,do,0.05,0.0,38,0.5933180701732628,-7.947709859501232,-7.071262841754489
1720,pp,0.05,0.0,40,-0.013827340602874827,-7.698194669954704,-6.9985247744454275
1721,do,0.05,0.0,9,0.8435625541210179,-5.413608575589729,-4.806070068147448
1722,pp,0.05,0.0,2,-0.11389893770217974,-5.025490190043594,-4.395775961875915
1723,do,0.05,0.0,23,1.2910232794284822,-6.455929546645193,-5.590353412098355
1724,pp,0.05,0.0,29,0.6246818184852598,-6.1547293099490075,-5.53155939049191
1725,do,0.05,0.0,10,0.6827389252185823,-5.037388816024318,-5.377080816692776
1726,pp,0.05,0.0,10,0.3410027849674231,-4.4420207702752315,-4.034499904844496
1727,do,0.05,0.0,23,0.624405705928802,-5.3314881917202115,-4.723686766624451
1728,pp,0.05,0.0,14,0.061766352653503276,-6.02118874318672,-5.183151528570387
1729,do,0.05,0.0,22,0.1992195713520042,-6.658332542939619,-6.203319957521226
1730,pp,0.05,0.0,69,0.8675795733928684,-9.08093345526493,-8.348704767227172
1731,do,0.05,0.0,15,0.20667968273162796,-6.768056370995262,-6.659553337097168
1732,pp,0.05,0.0,18,1.2501227736473082,-4.66968348532012,-4.229957808388604
1733,do,0.05,0.0,13,0.6086136949062348,-5.5915405172290225,-5.375201572312249
1734,pp,0.05,0.0,4,-0.7447046005725868,-5.695118963357174,-5.309705702463786
1735,do,0.05,0.0,7,1.501951587200165,-4.300693402145848,-4.014619591501024
1736,pp,0.05,0.0,14,0.8923015272617345,-5.041891420248783,-4.340730044576857
1737,do,0.05,0.0,11,0.7976458311080936,-5.691016633582838,-5.157338711950514
1738,pp,0.05,0.0,15,0.3702769768238072,-5.750926254734848,-4.955134948094686
1739,do,0.05,0.0,12,1.3809269475936885,-5.065523614305438,-4.388515284326341
1740,pp,0.05,0.0,70,1.1996614372730239,-7.5583886204343855,-6.24697007338206
1741,do,0.05,0.0,23,1.2003529608249668,-5.22923818357063,-4.710190455118815
1742,pp,0.05,0.0,3,0.13544903397560137,-4.910171351288304,-4.185483482148912
1743,do,0.05,0.0,3,0.400289200544357,-4.463893962628914,-4.28404110537635
1744,pp,0.05,0.0,54,2.0144788789749146,-9.599869901483709,-8.143967496024239
1745,do,0.05,0.0,38,1.5216281521320347,-5.519959487337054,-5.173440771632724
1746,pp,0.05,0.0,70,0.7914045929908751,-7.54216954202363,-6.1809240447150335
1747,do,0.05,0.0,68,0.03448148250579841,-7.0438869794209795,-6.326415793100993
1748,pp,0.05,0.0,70,1.5521536958217617,-6.156221753900701,-5.6169378730985855
1749,do,0.05,0.0,70,2.3731475698947913,-5.965499701644435,-6.2362266275617815
1750,pp,0.05,0.0,31,1.9072899067401883,-5.977863019885439,-4.801901088820563
1751,do,0.05,0.0,14,1.2604368591308601,-5.4313978007345485,-5.084036042955186
1752,pp,0.05,0.0,70,0.9143485605716712,-8.824059992125541,-8.878936553001404
1753,do,0.05,0.0,26,1.7908278512954707,-6.595911286093972,-6.0625130944781835
1754,pp,0.05,0.0,70,2.338042490482329,-6.877601236285585,-5.631007764074537
1755,do,0.05,0.0,11,0.19896182537078833,-6.972979648185499,-5.832841793696086
1756,pp,0.05,0.0,70,1.8755852639675146,-6.174096556865808,-5.470384608374702
1757,do,0.05,0.0,7,0.9758466875553129,-4.674901667508212,-4.538923909929063
1758,pp,0.05,0.0,69,0.8344644999504078,-6.220877930612275,-5.515485509236654
1759,do,0.05,0.0,57,1.6673675894737245,-6.918723193081942,-5.360787285698785
1760,pp,0.05,0.0,23,3.5152375102043143,-5.045756000461,-4.286437911457486
1761,do,0.05,0.0,4,1.2947650027275088,-4.569078273484201,-4.085892068015204
1762,pp,0.05,0.0,46,0.9342683160305025,-6.290062456419974,-6.036710688802931
1763,do,0.05,0.0,19,0.7424700474739074,-5.869518415855639,-6.13459480603536
1764,pp,0.05,0.0,62,1.1064937520027156,-6.473215646454782,-5.952260459793939
1765,do,0.05,0.0,16,0.9918076717853541,-5.841835949637673,-6.074672513537937
1766,pp,0.05,0.0,21,0.8475009715557107,-6.952318343249234,-5.87561022705502
1767,do,0.05,0.0,68,2.410200006961822,-6.001311442346283,-6.012424227926466
1768,pp,0.05,0.0,31,2.4999813461303706,-5.012792389320604,-4.478706659211053
1769,do,0.05,0.0,5,0.27411574125289917,-4.858390248905529,-4.653748165236579
1770,pp,0.05,0.0,70,0.5159707713127126,-8.471193463874586,-7.301101840866936
1771,do,0.05,0.0,8,1.1861894690990447,-5.125710705554846,-4.631768266359965
1772,pp,0.05,0.0,17,1.2919356310367585,-5.146573735728408,-4.475171513027615
1773,do,0.05,0.0,63,0.7900419604778302,-7.309786377531109,-6.55712185965644
1774,pp,0.05,0.0,16,0.5003273069858549,-5.002310841011279,-4.131609144475725
1775,do,0.05,0.0,3,0.30877671957016073,-4.513530565030647,-3.8649124171998768
1776,pp,0.05,0.0,34,0.26358911871910085,-6.6339286052819455,-5.826603674888611
1777,do,0.05,0.0,70,1.213532009124755,-7.305046848817305,-7.5929212305280895
1778,pp,0.05,0.0,48,2.4186906599998474,-6.749173464919582,-5.655861820114984
1779,do,0.05,0.0,34,1.1768732690811152,-7.622411300196792,-7.25262614356147
1780,pp,0.05,0.0,29,0.7192800939083099,-6.9676534277020075,-6.424181572596232
1781,do,0.05,0.0,70,0.7446031224727641,-6.877196465116558,-7.167154577043322
1782,pp,0.05,0.0,16,2.492496737241745,-5.104543782725479,-4.503581926557753
1783,do,0.05,0.0,10,0.5660736405849454,-5.203683611840913,-4.8662297275331285
1784,pp,0.05,0.0,22,0.2416881823539727,-7.112473659804373,-6.158119312922159
1785,do,0.05,0.0,21,1.4038005423545838,-5.176877062248461,-4.671456329027811
1786,pp,0.05,0.0,18,1.3845237863063806,-6.1958192738619715,-5.7755895349714494
1787,do,0.05,0.0,70,0.025690026283264444,-8.601470629374186,-8.150210952758789
1788,pp,0.05,0.0,27,2.098836759328842,-7.749981192386511,-6.776527097490098
1789,do,0.05,0.0,51,2.0152613353729247,-6.48107084794478,-6.473921224806044
1790,pp,0.05,0.0,41,0.606582735776902,-7.9163249911683975,-6.830420690112644
1791,do,0.05,0.0,51,1.1531425452232362,-6.966662213296601,-7.004954968558417
1792,pp,0.05,0.0,13,0.952893775701523,-5.524390762502497,-4.884651642375522
1793,do,0.05,0.0,70,1.4236676406860358,-6.295311563665217,-5.886237062348259
1794,pp,0.05,0.0,6,-0.39622721552848805,-6.374341797106194,-5.417823351754082
1795,do,0.05,0.0,54,1.5432935893535609,-6.653677171649355,-6.442865456475152
1796,pp,0.05,0.0,22,2.3201190066337594,-5.614993583794796,-5.141659201516045
1797,do,0.05,0.0,70,0.1404402065277095,-7.187669723684137,-6.846947299109565
1798,pp,0.05,0.0,29,0.8052407515048978,-6.598573693362149,-5.859242778354221
1799,do,0.05,0.0,70,1.417394096851348,-7.881418754115249,-6.6025901529524065
1800,pp,0.05,0.0,64,1.6176769030094151,-5.883104769388835,-5.094228121969435
1801,do,0.05,0.0,4,-0.44117929577827475,-5.586094375090165,-4.953695477379693
1802,pp,0.05,0.0,70,0.9044798028469092,-7.7557438604759446,-6.615295153194004
1803,do,0.05,0.0,34,1.0451614356040952,-6.718943960016424,-6.804789182874892
1804,pp,0.05,0.0,23,1.83996099948883,-5.761505035920576,-5.371796210606893
1805,do,0.05,0.0,13,0.8313514745235446,-5.3935581395120336,-4.891093561384413
1806,pp,0.05,0.0,32,1.3843408453464514,-6.047746622201168,-5.394172623422411
1807,do,0.05,0.0,21,1.2180713248252868,-6.021418915372906,-5.668069495095147
1808,pp,0.05,0.0,19,0.32837457299232486,-7.526270655429724,-6.4995013184017605
1809,do,0.05,0.0,6,0.4235073924064636,-5.204205602588075,-4.604445311758253
1810,pp,0.05,0.0,40,1.1758974456787108,-7.25249583937905,-6.346359422471788
1811,do,0.05,0.0,13,0.44323067307472286,-5.54591451847192,-4.812037891811794
1812,pp,0.05,0.0,27,0.9294370949268345,-6.044099508632313,-5.233173526657952
1813,do,0.05,0.0,17,0.02799330711364778,-6.588525159431226,-5.88676036728753
1814,pp,0.05,0.0,4,0.06801411986351091,-4.545110758868131,-4.051764636569553
1815,do,0.05,0.0,3,0.08277106046676685,-4.994716456442168,-4.332882293065389
1816,pp,0.05,0.0,23,0.7783720993995678,-6.620751476287841,-5.912290541330973
1817,do,0.05,0.0,57,1.6710281062126153,-7.729652066664262,-7.0366625944773356
1818,pp,0.05,0.0,26,2.6222287178039547,-6.7288686578924,-6.049686076905992
1819,do,0.05,0.0,6,0.36291966795921304,-4.453136529344501,-4.129771550496419
1820,pp,0.05,0.0,60,1.9958777916431423,-7.897844045812433,-6.27416729927063
1821,do,0.05,0.0,49,2.286968584060668,-7.560702844099565,-8.540878428353203
1822,pp,0.05,0.0,38,2.5088256049156197,-6.986316287878788,-5.891286518838671
1823,do,0.05,0.0,70,1.0288639032840727,-6.344074304176099,-6.020142491658529
1824,pp,0.05,0.0,25,1.1485353481769565,-6.52510349967263,-5.504559061262342
1825,do,0.05,0.0,5,0.44184516429901066,-5.106031542113333,-4.171932609875997
1826,pp,0.05,0.0,68,1.4400272166728962,-6.434642877000751,-5.36730875439114
1827,do,0.05,0.0,12,1.691122159957886,-5.687370921626235,-5.105420472886827
1828,pp,0.05,0.0,66,0.7137761342525479,-6.834969227241747,-5.8426635132895575
1829,do,0.05,0.0,29,1.4971809327602381,-5.8387538187431565,-4.940301497777303
1830,pp,0.05,0.0,49,1.467546101808547,-5.702467009515473,-4.995753908157349
1831,do,0.05,0.0,8,0.7219487071037296,-4.857593767570727,-4.59293941921658
1832,pp,0.05,0.0,36,1.4291273677349086,-6.3452852595936164,-6.21139178276062
1833,do,0.05,0.0,70,2.152197357416153,-6.791452180978023,-6.135138993793063
1834,pp,0.05,0.0,48,2.5629219543933877,-5.6273068485838,-4.9343815750545925
1835,do,0.05,0.0,59,2.6799283099174502,-6.0938382582231005,-5.860922389560276
1836,pp,0.05,0.0,30,1.1251578760147094,-6.877686299699725,-5.853163753615485
1837,do,0.05,0.0,38,1.319277673959733,-5.918022470763235,-6.646061150232951
1838,pp,0.05,0.0,3,0.06573059082031207,-4.417669089635213,-3.9411440425448947
1839,do,0.05,0.0,4,0.017277978658675863,-5.093132529114232,-4.411941544214884
1840,pp,0.05,0.0,36,1.2901290166378026,-5.402931682991259,-5.040722507900662
1841,do,0.05,0.0,42,3.2647762048244475,-6.0098310210488055,-4.8888479656643336
1842,pp,0.05,0.0,7,0.18615294218063294,-4.716799040996667,-4.177448203828599
1843,do,0.05,0.0,3,0.8324856579303734,-4.400453700441303,-4.242750970522563
1844,pp,0.05,0.0,9,0.8937952852249147,-5.268794240373554,-4.5899563603931
1845,do,0.05,0.0,11,0.3685942900180814,-6.509160170410619,-6.235923952526516
1846,pp,0.05,0.0,25,0.553687365055084,-5.818834788871534,-5.063222283787198
1847,do,0.05,0.0,19,1.6716231536865234,-5.441594966252645,-4.6881131807963055
1848,pp,0.05,0.0,30,1.9527752542495724,-4.971956458236232,-4.77585338751475
1849,do,0.05,0.0,16,1.5841491210460665,-4.913615963675759,-4.813741453488668
1850,pp,0.05,0.0,23,2.1015995573997497,-4.861666534886216,-4.30349084271325
1851,do,0.05,0.0,37,0.6694032049179075,-7.4530613465742634,-7.26886150572035
1852,pp,0.05,0.0,18,0.22571712732315063,-7.745312835230972,-6.653221861521403
1853,do,0.05,0.0,11,1.4648068785667414,-5.118587109536835,-4.671195218298171
1854,pp,0.05,0.0,13,1.0998531293869025,-6.0936404387156164,-5.031161043379042
1855,do,0.05,0.0,44,1.1662241458892826,-6.4372432578693735,-5.6323277208540174
1856,pp,0.05,0.0,23,1.0453999233245845,-6.817176519740712,-5.276455166604784
1857,do,0.05,0.0,28,2.9119918954372412,-5.380025360801003,-4.768009108967251
1858,pp,0.05,0.0,24,1.4940749430656428,-5.210273079438643,-4.492988657951355
1859,do,0.05,0.0,38,1.7004250180721279,-6.070340582818696,-5.213308813836839
1860,pp,0.05,0.0,59,2.7691997003555286,-6.434388558069865,-5.634265984429254
1861,do,0.05,0.0,37,2.7248681414127347,-6.298727065866644,-7.472317838668824
1862,pp,0.05,0.0,30,1.8866130638122556,-5.789419733394276,-5.6799574534098305
1863,do,0.05,0.0,10,0.6439909493923182,-5.165924955136848,-4.57512477768792
1864,pp,0.05,0.0,15,1.2016723632812498,-4.467240728031506,-4.11706133418613
1865,do,0.05,0.0,34,1.5098654317855837,-5.666681915341002,-6.513740605778164
1866,pp,0.05,0.0,21,1.7117382180690761,-4.336146944219416,-4.009278003374735
1867,do,0.05,0.0,20,1.7198747158050534,-5.447238078261867,-5.5348585632112295
1868,pp,0.05,0.0,42,1.7245765674114226,-5.084803293690537,-4.8373247941335045
1869,do,0.05,0.0,29,0.5733014571666715,-6.24858783086141,-5.693062493536208
1870,pp,0.05,0.0,29,1.2281311953067782,-5.692985005812211,-4.918890648418003
1871,do,0.05,0.0,36,1.7944329965114596,-5.9537535248380715,-5.938054087426927
1872,pp,0.05,0.0,40,2.1948553836345672,-5.114337399511626,-4.430349191029866
1873,do,0.05,0.0,14,1.7407911801338196,-4.476322213086215,-4.112640685505337
1874,pp,0.05,0.0,6,0.8164945805072783,-4.633803603143403,-3.7099636793136597
1875,do,0.05,0.0,53,1.6660399711132055,-6.776576409195409,-6.246660452418857
1876,pp,0.05,0.0,17,1.1272835707664495,-4.927421189799453,-4.408983082241482
1877,do,0.05,0.0,70,2.9484612965583796,-7.908243738521229,-8.309889324506123
1878,pp,0.05,0.0,70,1.8466795408725742,-6.801059571179477,-6.12030484146542
1879,do,0.05,0.0,7,0.42401021361351,-4.810274085131558,-4.368968166245354
1880,pp,0.05,0.0,30,1.9300978434085838,-5.764702811385646,-5.702105967203776
1881,do,0.05,0.0,49,2.307391324043273,-6.2927073579846,-5.832504349284702
1882,pp,0.05,0.0,70,2.0546344041824343,-6.965278819113067,-6.312390944692823
1883,do,0.05,0.0,31,2.2365505361557005,-6.190226248538855,-5.948392717043559
1884,pp,0.05,0.0,30,1.3302231764793389,-5.675965430519797,-5.757518940501743
1885,do,0.05,0.0,34,2.5909003925323484,-5.058762440536961,-4.435322001245287
1886,pp,0.05,0.0,70,0.9592026901245116,-7.647913692936752,-6.869654777314928
1887,do,0.05,0.0,15,1.1045530045032503,-5.052768947138931,-4.712332730823093
1888,pp,0.05,0.0,45,2.417004514932632,-5.645560552134659,-5.090156263775295
1889,do,0.05,0.0,3,0.022702978849411082,-5.206761238791726,-4.715729056464301
1890,pp,0.05,0.0,70,2.9455768728256224,-5.244741678237915,-4.787600670920478
1891,do,0.05,0.0,12,2.0645919024944304,-4.827383061611291,-4.821940941280789
1892,pp,0.05,0.0,43,1.5659374606609342,-5.596235233364683,-4.990347178777059
1893,do,0.05,0.0,18,0.8544809496402745,-6.427710800459891,-5.89166910648346
1894,pp,0.05,0.0,22,1.7822904753684998,-5.225354022690744,-4.534013228946262
1895,do,0.05,0.0,14,1.8230750095844268,-5.281209457281864,-5.399522648917304
1896,pp,0.05,0.0,66,1.0536172056198119,-6.015408878615408,-4.9632634507285225
1897,do,0.05,0.0,3,0.7418308544158929,-4.781428069779367,-4.1736730708016285
1898,pp,0.05,0.0,46,2.5359891498088842,-6.333715383934252,-5.754443369971382
1899,do,0.05,0.0,70,0.5149848210811623,-7.56904983665004,-7.284502710236444
1900,pp,0.05,0.0,17,1.237089470624924,-5.482398077935883,-4.744900454415215
1901,do,0.05,0.0,19,1.961057062149048,-7.055599547877456,-6.318262969122992
1902,pp,0.05,0.0,49,0.5719798552989968,-6.712738626653498,-5.819818536440532
1903,do,0.05,0.0,30,0.9077174675464628,-5.758216282815644,-5.2102721823586355
1904,pp,0.05,0.0,34,2.724195767641068,-4.469244196920684,-4.012110953860812
1905,do,0.05,0.0,66,1.3977463841438285,-7.133918958721739,-7.575840867890252
1906,pp,0.05,0.0,31,1.6589030063152315,-5.970707045179425,-5.648782012197707
1907,do,0.05,0.0,65,2.3803099918365476,-6.744908574133208,-7.009189086490207
1908,pp,0.05,0.0,50,1.3697111713886265,-5.144832705006455,-4.862622470325894
1909,do,0.05,0.0,18,1.5555090975761416,-5.857307003483628,-5.444921056429545
1910,pp,0.05,0.0,70,0.9543899142742163,-7.497198451649059,-6.2946109586291845
1911,do,0.05,0.0,44,1.485516480207444,-6.586015646385424,-6.535150406095717
1912,pp,0.05,0.0,4,0.03586856365203772,-4.256913024728949,-3.5600311239560445
1913,do,0.05,0.0,47,0.9918834066390989,-7.764461895913788,-8.518409607145522
1914,pp,0.05,0.0,47,-0.15752835392951958,-7.057697595249523,-6.013177959124247
1915,do,0.05,0.0,28,0.578687856197357,-7.05667463649403,-6.748724842071534
1916,pp,0.05,0.0,37,1.5355932736396793,-6.052048214999112,-5.271331532796224
1917,do,0.05,0.0,33,0.7749024403095248,-8.706575340213197,-7.639088911480374
1918,pp,0.05,0.0,6,-1.0011257362365722,-5.88832080002987,-5.329132951630486
1919,do,0.05,0.0,7,0.733278348445892,-4.802548789978028,-4.279695910877652
1920,pp,0.05,0.0,18,0.834515082836151,-6.394419165813562,-5.42746749718984
1921,do,0.05,0.0,70,2.304781458377839,-5.748332098758582,-5.304212919871012
1922,pp,0.05,0.0,36,1.873267650604249,-5.849205911520755,-5.377699497010973
1923,do,0.05,0.0,8,0.8822190356254582,-4.594005070310651,-4.59442216290368
1924,pp,0.05,0.0,26,2.0691600012779237,-4.7874155723687375,-4.064016248120202
1925,do,0.05,0.0,70,0.5032473230361934,-6.483274631789237,-5.760391693645054
1926,pp,0.05,0.0,63,4.015407736301421,-4.68080065611637,-4.101587948534224
1927,do,0.05,0.0,38,1.1290310215950008,-7.406796339786414,-7.023565811581082
1928,pp,0.05,0.0,53,2.294425892829894,-8.37496613300208,-7.460439610481262
1929,do,0.05,0.0,5,0.32826581358909657,-5.135750965638594,-4.576753505071005
1930,pp,0.05,0.0,70,2.7913876938819895,-7.23871523250233,-5.994897728496127
1931,do,0.05,0.0,70,2.336298338174819,-5.968991221803607,-5.821331100993686
1932,pp,0.05,0.0,5,-0.21621610045433037,-5.506177984584461,-4.766071128845215
1933,do,0.05,0.0,54,0.16607466697692885,-8.221821870225849,-6.950706487231784
1934,pp,0.05,0.0,5,0.3139881467819219,-5.130187403072011,-4.142301577991909
1935,do,0.05,0.0,16,2.300613253116607,-4.886924281264797,-4.862444519996643
1936,pp,0.05,0.0,66,0.8955469882488263,-8.89803123329625,-7.858989297019111
1937,do,0.05,0.0,48,1.1770566654205314,-6.177108796437581,-5.51731125248803
1938,pp,0.05,0.0,28,0.46293828010559057,-6.4105539567542795,-4.817872023582458
1939,do,0.05,0.0,34,2.423779748678207,-5.566385451230135,-4.555611899163988
1940,pp,0.05,0.0,20,1.3854828500747685,-5.729615155133334,-4.694069210688273
1941,do,0.05,0.0,70,-0.052534152269363865,-7.696006535038803,-6.759246322843763
1942,pp,0.05,0.0,10,1.1072291874885556,-5.194816115408233,-4.4109192000495065
1943,do,0.05,0.0,63,2.23712977051735,-6.883006630521832,-5.980270597669813
1944,pp,0.05,0.0,35,2.2288775658607483,-6.734391547694351,-5.960900900099013
1945,do,0.05,0.0,37,0.7940084481239325,-6.553848931283662,-7.124029843012492
1946,pp,0.05,0.0,10,0.9975576901435854,-6.447205425031258,-5.943904961480035
1947,do,0.05,0.0,27,2.7680331313610083,-5.053853128895615,-4.641896835962931
1948,pp,0.05,0.0,28,1.4043259465694433,-5.399214575507424,-4.790252942509121
1949,do,0.05,0.0,18,0.571665929555893,-5.690851562673395,-5.4234476963679
1950,pp,0.05,0.0,11,1.118284248113632,-4.323376946015792,-3.759160582224528
1951,do,0.05,0.0,44,2.43036384820938,-6.23971398526972,-6.207757586903043
1952,pp,0.05,0.0,38,2.2531484997272493,-6.208533106428204,-5.618665268686082
1953,do,0.05,0.0,7,0.922006579637527,-4.941377896973581,-4.663791947894627
1954,pp,0.05,0.0,70,1.8013618707656862,-5.9533869512153395,-5.159513600667318
1955,do,0.05,0.0,65,0.8826036787033082,-8.690928996693005,-9.097368054919773
1956,pp,0.05,0.0,69,0.7683550536632531,-8.258537179773503,-6.97835619714525
1957,do,0.05,0.0,4,0.19918857693672187,-5.213971107656305,-4.568418547842238
1958,pp,0.05,0.0,20,1.1589563775062555,-6.1098291873931885,-5.358832610978021
1959,do,0.05,0.0,11,0.050605455636977936,-6.0022784767728865,-4.98798405594296
1960,pp,0.05,0.0,28,0.5732490646839148,-7.437673554275975,-6.280228373739455
1961,do,0.05,0.0,33,2.1103866195678718,-5.773048856041648,-5.32351295683119
1962,pp,0.05,0.0,35,2.5307758271694194,-6.52843066851298,-6.003298025661045
1963,do,0.05,0.0,17,1.0970732665061949,-5.5266042203614205,-5.046102695994907
1964,pp,0.05,0.0,26,1.0031807303428657,-6.217279426979296,-6.011764854855008
1965,do,0.05,0.0,31,0.2847683417797091,-7.14221597440315,-6.019607419437833
1966,pp,0.05,0.0,52,0.9851129841804518,-8.245753516572895,-8.225223382314047
1967,do,0.05,0.0,69,0.7866902422904971,-10.202246801780932,-8.511021370357938
1968,pp,0.05,0.0,26,1.7246560168266294,-6.339972485917987,-5.313365480634901
1969,do,0.05,0.0,13,1.7347017693519593,-4.965509323640303,-4.593633974923028
1970,pp,0.05,0.0,63,1.9913614749908453,-7.02739513426116,-6.35259145365821
1971,do,0.05,0.0,35,1.4424543213844299,-7.005203661774144,-5.813737530178494
1972,pp,0.05,0.0,11,0.16068381547927846,-5.650476948420207,-4.932442537943522
1973,do,0.05,0.0,68,1.0812374234199522,-7.529715532245058,-7.224695375230577
1974,pp,0.05,0.0,23,1.7991015100479126,-4.843289188905196,-4.424406490061018
1975,do,0.05,0.0,12,0.8374954795837404,-5.511081922415531,-4.925168659951952
1976,pp,0.05,0.0,70,0.7955150079727176,-7.279198422576442,-6.4065172963672214
1977,do,0.05,0.0,70,1.2039844739437093,-7.948259115219116,-8.100875997543335
1978,pp,0.05,0.0,43,1.6041090309619905,-7.1623459396940286,-5.8847086747487385
1979,do,0.05,0.0,69,1.1756753957271586,-7.451595263047651,-6.744476048151652
1980,pp,0.05,0.0,15,1.154957146644592,-6.017883543534713,-5.373363836606344
1981,do,0.05,0.0,20,1.226681584119797,-5.304661788362445,-5.297093002001445
1982,pp,0.05,0.0,24,1.3621165466308591,-5.442267553734057,-5.0899804963005915
1983,do,0.05,0.0,17,0.25896572232246395,-5.828742298935399,-5.489414313104418
1984,pp,0.05,0.0,25,1.6734103369712834,-6.008612433346835,-5.276939572228326
1985,do,0.05,0.0,3,0.007031207084655655,-5.215070227420691,-4.207793853018019
1986,pp,0.05,0.0,20,1.2840030789375296,-6.438402665745128,-5.596530503696865
1987,do,0.05,0.0,17,0.5379482924938195,-5.133647927370938,-5.04692362414466
1988,pp,0.05,0.0,10,0.39759712457656793,-5.235918806538438,-4.762241816520691
1989,do,0.05,0.0,44,1.074694595336915,-6.543369657343084,-5.7112696170806885
1990,pp,0.05,0.0,39,1.4344928956031797,-5.905325422864972,-5.035783274968465
1991,do,0.05,0.0,70,1.6195280838012707,-6.745093394770767,-6.9348351531558565
1992,pp,0.05,0.0,69,0.9623439645767213,-8.630359995003902,-7.5233608590232
1993,do,0.05,0.0,70,0.1561533105373396,-8.072478612263998,-7.755737400054931
1994,pp,0.05,0.0,5,-0.6814344024658201,-5.879699660792495,-5.32097687986162
1995,do,0.05,0.0,7,0.580573918819427,-5.138544841246172,-4.696869108412001
1996,pp,0.05,0.0,6,0.4935742628574369,-5.292540288693977,-4.637030853165521
1997,do,0.05,0.0,5,0.26323570132255547,-4.688486580415206,-4.576189666324192
1998,pp,0.05,0.0,37,1.227669032812118,-6.966321560830781,-6.2832632409201725
1999,do,0.05,0.0,12,1.2192515027523045,-5.386429886384444,-4.70123319360945
2000,pp,0.05,0.0,10,1.2969349849224088,-4.815730619430542,-4.099374416139391
2001,do,0.05,0.0,60,3.9780469775199885,-5.554756702076305,-6.147225125630697
2002,pp,0.05,0.0,19,-0.32303032994270353,-6.364049729433927,-5.776672310299343
2003,do,0.05,0.0,2,-1.0287576520442965,-6.462818111072887,-5.67663327852885
2004,pp,0.05,0.0,20,0.5974393081665044,-5.0946241971218225,-4.539154766665565
2005,do,0.05,0.0,59,1.6458472156524646,-6.559244119759762,-6.198674821853638
2006,pp,0.05,0.0,16,0.42040065884590216,-6.369832768584743,-5.451323607232836
2007,do,0.05,0.0,5,0.5253021967411042,-4.717239072106102,-4.146700837877062
2008,pp,0.05,0.0,32,1.3793797123432148,-6.986115644917343,-6.020796953307258
2009,do,0.05,0.0,11,1.5318567419052123,-5.046765522523359,-5.180926622284783
2010,pp,0.05,0.0,63,1.1558354520797725,-7.749720521406694,-7.560331898265415
2011,do,0.05,0.0,64,3.115450903177262,-6.038386196078676,-5.521311275164286
2012,pp,0.05,0.0,70,3.7500830960273746,-10.307558172399348,-10.286929972966512
2013,do,0.05,0.0,58,1.6481788885593414,-8.269414940747348,-9.662604321373834
2014,pp,0.05,0.0,48,2.5046423470973975,-5.975408935546875,-5.683254430029128
2015,do,0.05,0.0,32,2.7371342802047725,-5.775043803995306,-5.513798440827264
2016,pp,0.05,0.0,8,1.1260874414443975,-4.566793417208123,-3.7644592775238883
2017,do,0.05,0.0,70,0.7363534533977507,-7.489865529898442,-6.9743717405531145
2018,pp,0.05,0.0,11,1.0584116482734682,-4.733240149237893,-4.34497885439131
2019,do,0.05,0.0,32,2.8694965219497686,-5.922960285706954,-5.362026887469821
2020,pp,0.05,0.0,19,2.7144421398639684,-5.646806881644509,-4.877002456453112
2021,do,0.05,0.0,18,1.7848526501655577,-5.7742746714389686,-5.1109704944822525
2022,pp,0.05,0.0,70,1.1889816677570355,-6.942464964317553,-6.5932206365797255
2023,do,0.05,0.0,30,3.082226001024247,-5.090162389928644,-7.06341109805637
2024,pp,0.05,0.0,70,0.41611099362373416,-6.881410095908425,-6.352089299096002
2025,do,0.05,0.0,12,2.1587450921535494,-5.147055131738836,-5.116218150986565
2026,pp,0.05,0.0,8,0.7169639813899993,-4.557618737943245,-3.985394393073188
2027,do,0.05,0.0,5,0.9557271969318384,-5.081033027533329,-4.618902031580607
2028,pp,0.05,0.0,11,0.22861340761184756,-6.354680773706147,-5.439084272914463
2029,do,0.05,0.0,25,2.2130442285537724,-6.388235644138221,-6.640467564264934
2030,pp,0.05,0.0,62,1.3231086790561681,-6.80487634340922,-6.579885228474935
2031,do,0.05,0.0,3,0.17773430585861227,-4.7290781353459215,-4.712339684698317
2032,pp,0.05,0.0,61,1.206643289327621,-6.410847948536729,-6.043297945128547
2033,do,0.05,0.0,21,2.6751681554317477,-5.2511952501354795,-4.753928327560425
2034,pp,0.05,0.0,43,2.8068821465969087,-4.734354576920018,-4.42885270913442
2035,do,0.05,0.0,41,2.4662624049186705,-6.617762051206647,-6.006064936849806
2036,pp,0.05,0.0,38,0.9395697605609898,-6.400235109618216,-5.717426297399733
2037,do,0.05,0.0,51,0.9415007197856902,-7.354841275648638,-6.772197474373711
2038,pp,0.05,0.0,27,0.5511168265342707,-5.610660158504139,-5.194869324896071
2039,do,0.05,0.0,14,2.1610873055458066,-4.699236907381,-4.808843927913242
2040,pp,0.05,0.0,19,1.7770699644088745,-5.491691041715217,-5.100413756900363
2041,do,0.05,0.0,9,1.2920209944248198,-5.134734889232751,-4.785164268811544
2042,pp,0.05,0.0,49,1.107304764986039,-5.642422134226019,-5.4870373355017765
2043,do,0.05,0.0,7,1.2493041825294489,-4.547014110738581,-4.343511448966132
2044,pp,0.05,0.0,17,1.7918676662445066,-4.157231515826601,-4.12845675945282
2045,do,0.05,0.0,22,1.390527637004852,-6.120528713862101,-7.023509115642971
2046,pp,0.05,0.0,22,1.14195592045784,-5.08760519172206,-4.928072669770983
2047,do,0.05,0.0,65,0.7065882945060729,-6.525218134215383,-6.244705851872762
2048,pp,0.05,0.0,37,0.895625244379044,-5.756209947123672,-5.09217221736908
2049,do,0.05,0.0,54,1.3780890750885018,-7.41458489967115,-6.684572807947794
2050,pp,0.05,0.0,53,1.6753231656551364,-8.213593480081268,-7.177622556686401
2051,do,0.05,0.0,23,0.5131933915615079,-6.181604697487571,-6.131137492921617
2052,pp,0.05,0.0,51,0.5593672108650205,-6.64386759671298,-5.856633506880867
2053,do,0.05,0.0,59,2.5831033074855805,-6.046342937874072,-5.737854570812649
2054,pp,0.05,0.0,57,1.1877193176746372,-7.093905787034468,-6.263445583979289
2055,do,0.05,0.0,70,3.2014317023754124,-7.7010691498265125,-7.040952134132385
2056,pp,0.05,0.0,64,1.8915877890586854,-6.781231427915168,-5.9155880610148115
2057,do,0.05,0.0,35,1.3273650324344644,-6.696819920973344,-6.0317587640550405
2058,pp,0.05,0.0,70,1.6461382865905767,-6.3565110524495445,-5.646549929512871
2059,do,0.05,0.0,21,1.7902840292453766,-5.1593269131400366,-4.398190426826477
2060,pp,0.05,0.0,19,1.9161346936225891,-4.875798551964038,-4.083842880196041
2061,do,0.05,0.0,47,1.171464508771896,-7.147059252767852,-6.631907267040677
2062,pp,0.05,0.0,48,1.3322755098342887,-6.038875974308361,-5.5131227493286135
2063,do,0.05,0.0,27,0.9534470438957223,-7.614553847457423,-6.47463153998057
2064,pp,0.05,0.0,18,1.4117419159412385,-6.02213206580191,-4.963488817214966
2065,do,0.05,0.0,6,0.8378034579753875,-5.260230299920747,-4.883184385299683
2066,pp,0.05,0.0,40,1.3716349768638612,-5.6485882759094235,-5.229735729429457
2067,do,0.05,0.0,53,1.9542143857479086,-5.793323334780607,-6.691747368706597
2068,pp,0.05,0.0,64,1.3029008269309994,-6.307098521608295,-6.156160116195679
2069,do,0.05,0.0,46,1.1163297700881945,-8.365722846984863,-7.804069815741645
2070,pp,0.05,0.0,13,0.7291315662860871,-5.369838815746886,-4.7159270683924355
2071,do,0.05,0.0,7,1.5238895785808557,-4.4306979020436605,-4.350214068094889
2072,pp,0.05,0.0,16,1.0978413164615635,-5.1615051731918795,-4.580799341201782
2073,do,0.05,0.0,43,0.7871925950050356,-7.123401482899983,-6.7177523930867515
2074,pp,0.05,0.0,18,1.8929703116416938,-5.014807247393059,-4.357574182086521
2075,do,0.05,0.0,45,4.400686478614808,-5.7158622163714785,-5.832407644059923
2076,pp,0.05,0.0,31,2.983367213010789,-4.751823577013883,-4.539571732944912
2077,do,0.05,0.0,13,1.2126731276512146,-5.409604569637414,-5.057769884003533
2078,pp,0.05,0.0,29,0.9325888299942013,-5.93454693736452,-5.091732096672058
2079,do,0.05,0.0,35,1.8985570240020753,-5.779198866179495,-6.200175298584832
2080,pp,0.05,0.0,46,1.5053876554965964,-6.680851673357415,-6.38299458026886
2081,do,0.05,0.0,8,1.0747448241710664,-4.769442493265325,-4.6612120548884075
2082,pp,0.05,0.0,70,1.4535989153385174,-8.372074511556914,-7.285825782352024
2083,do,0.05,0.0,6,1.0042593300342562,-4.653487530621615,-4.361969587537978
2084,pp,0.05,0.0,11,0.4845006024837488,-5.846256806633689,-4.728760729895698
2085,do,0.05,0.0,26,1.4160307466983797,-6.228418295311205,-6.199741856257121
2086,pp,0.05,0.0,6,0.08679298877716057,-4.899509195847945,-4.047920280032688
2087,do,0.05,0.0,56,1.9357698452472691,-5.5979886213938395,-5.299189398023818
2088,pp,0.05,0.0,52,1.6343815159797668,-7.436719608306885,-6.8157603661219275
2089,do,0.05,0.0,29,2.9427086114883414,-5.492211340412949,-4.765326417817009
2090,pp,0.05,0.0,19,1.3014417004585264,-5.896448892535585,-4.669585924678379
2091,do,0.05,0.0,45,0.34816239714622466,-7.457069541468765,-6.720585815111796
2092,pp,0.05,0.0,18,1.5039173817634586,-6.553516012249571,-5.890274254480998
2093,do,0.05,0.0,62,1.1156558811664592,-7.899646546623924,-7.569217687182956
2094,pp,0.05,0.0,70,2.4758597290515887,-6.9049416802146215,-6.485934734344482
2095,do,0.05,0.0,25,3.9762522745132447,-4.868420297449285,-4.662871498531765
2096,pp,0.05,0.0,14,2.0475274002552037,-4.1965313073360555,-3.812716931766934
2097,do,0.05,0.0,68,1.3722494256496436,-6.075370409994415,-5.724752553304037
2098,pp,0.05,0.0,5,-0.11172804355621313,-5.530121070688421,-4.459551914532979
2099,do,0.05,0.0,39,0.8779647004604332,-7.459730720520019,-6.6045981248219805
2100,pp,0.05,0.0,53,0.6670941376686095,-6.464698844967466,-5.326240022977193
2101,do,0.05,0.0,22,1.7795233333110811,-5.6634518710049715,-5.462741732597351
2102,pp,0.05,0.0,57,1.7009228086471566,-7.241272913325917,-6.53377718395657
2103,do,0.05,0.0,3,0.5745822894573207,-4.732855718786066,-4.059112011061774
2104,pp,0.05,0.0,31,1.397789751291274,-6.589046439257535,-5.501465810669793
2105,do,0.05,0.0,19,2.3020296537876126,-5.127246004162413,-4.9338835769229465
2106,pp,0.05,0.0,65,1.0647901439666745,-6.790726403034094,-5.850648384624058
2107,do,0.05,0.0,70,1.2415390825271615,-7.818627341588338,-7.6724848694271515
2108,pp,0.05,0.0,17,1.1108770143985751,-5.851508595726707,-5.189789880646599
2109,do,0.05,0.0,37,3.182561358213425,-6.285795915488041,-6.278632805082533
2110,pp,0.05,0.0,70,1.3913883066177375,-6.433526211073905,-5.9667748292287195
2111,do,0.05,0.0,70,2.5310680091381066,-5.900016901709817,-5.4036759588453505
2112,pp,0.05,0.0,70,1.1810805499553672,-5.751233064767086,-5.178842351171705
2113,do,0.05,0.0,70,1.1225450873374943,-7.819147514574455,-6.993970023261176
2114,pp,0.05,0.0,50,0.7840827953815461,-6.489714381189057,-5.682433554861281
2115,do,0.05,0.0,59,2.731034414768219,-6.117724165771946,-6.074963977601793
2116,pp,0.05,0.0,24,0.7242451453208929,-8.234620881803108,-7.778789061970181
2117,do,0.05,0.0,35,1.6969145512580877,-7.052612998268821,-7.310071280267503
2118,pp,0.05,0.0,28,1.1766670930385583,-5.723059865200159,-5.125705544153849
2119,do,0.05,0.0,13,1.1777335894107814,-4.6546783953002,-4.412577920489841
2120,pp,0.05,0.0,70,1.0084150624275212,-6.340609934835723,-5.110305184788174
2121,do,0.05,0.0,58,2.004016077518463,-7.474749605583422,-7.7312837441762285
2122,pp,0.05,0.0,60,1.932838685512543,-7.354265827121156,-5.953030578295389
2123,do,0.05,0.0,7,1.7187177968025216,-4.822173745704419,-4.5153566122055055
2124,pp,0.05,0.0,39,0.9599225866794585,-5.886775895321008,-5.8486070526970755
2125,do,0.05,0.0,70,0.7186101591587066,-7.672316175518614,-7.109784661398994
2126,pp,0.05,0.0,12,0.8939402842521664,-5.153023890293006,-4.385034584999085
2127,do,0.05,0.0,68,4.136318846940993,-5.252784246386904,-4.5040698647499084
2128,pp,0.05,0.0,66,1.8906581640243525,-6.255884604020552,-5.889603885014852
2129,do,0.05,0.0,27,0.9773523867130276,-6.721462827740294,-6.100176628430685
2130,pp,0.05,0.0,36,0.6464179837703705,-7.236084269032334,-7.114452160729302
2131,do,0.05,0.0,13,0.9727715873718257,-5.370516964883516,-4.432786305745442
2132,pp,0.05,0.0,18,1.0530914378166205,-5.83990591656078,-5.158305374781291
2133,do,0.05,0.0,11,0.7539339363574982,-5.418601381417477,-5.286210669411553
2134,pp,0.05,0.0,48,0.37211792826652434,-7.673892734989975,-6.956603029039171
2135,do,0.05,0.0,38,2.351397286653518,-6.2579562750729645,-5.783782347043355
2136,pp,0.05,0.0,35,2.2587721109390255,-6.105390094988274,-5.574745586183336
2137,do,0.05,0.0,66,1.3013761985301961,-6.430607341997551,-5.921118921703762
2138,pp,0.05,0.0,18,2.5710326182842254,-4.8787301034638375,-4.365717336866591
2139,do,0.05,0.0,21,2.023449257612228,-4.730905632539229,-4.3550194766786365
2140,pp,0.05,0.0,23,0.3161776030063628,-6.416734987316709,-5.27875947687361
2141,do,0.05,0.0,70,1.1807503533363342,-8.654719013156313,-8.696412955390082
2142,pp,0.05,0.0,23,1.1329487645626068,-6.14784673055013,-5.544395852088928
2143,do,0.05,0.0,7,0.568356150388718,-5.391532470240738,-5.023157723744711
2144,pp,0.05,0.0,23,1.914426559209824,-4.995139929742524,-4.55738304456075
2145,do,0.05,0.0,67,1.4657198834419258,-6.850291493444732,-6.235553044743008
2146,pp,0.05,0.0,70,2.2029885423183426,-7.2702058503122045,-6.276551018820869
2147,do,0.05,0.0,70,2.493576622009277,-5.84479533253294,-7.099578513039483
2148,pp,0.05,0.0,70,0.5847524869441987,-6.047260436144742,-5.497713224093119
2149,do,0.05,0.0,11,1.9235401916503907,-4.627441689462373,-4.508340040842692
2150,pp,0.05,0.0,32,2.9351895296573645,-7.101008361758608,-6.4411742024951515
2151,do,0.05,0.0,32,0.7906422686576846,-6.840419058366256,-7.431442568037245
2152,pp,0.05,0.0,70,1.9976484763622278,-8.389099934606842,-6.90290846824646
2153,do,0.05,0.0,64,0.6768280136585227,-7.116693765466864,-7.618526056077745
2154,pp,0.05,0.0,67,2.022918021678924,-6.885048853267323,-6.284413740370009
2155,do,0.05,0.0,15,0.5557614755630489,-5.365813200401537,-4.89596889283922
2156,pp,0.05,0.0,16,1.1679397106170653,-5.84249621738087,-4.9654246303770275
2157,do,0.05,0.0,7,0.9708266544342044,-4.866942709142512,-4.641343159145779
2158,pp,0.05,0.0,10,0.9623265540599819,-5.010425530057965,-4.460656306478712
2159,do,0.05,0.0,14,1.5588579177856445,-5.610598582932443,-4.846891212463379
2160,pp,0.05,0.0,41,1.6142039895057678,-6.22831971428611,-5.409368003739251
2161,do,0.05,0.0,63,2.8609701573848714,-6.492557937448675,-6.902358537250095
2162,pp,0.05,0.0,57,3.069861451387405,-6.188151928872773,-5.42949243121677
2163,do,0.05,0.0,26,3.2090983140468605,-5.072314990650524,-4.464373395178053
2164,pp,0.05,0.0,32,2.3521513986587532,-6.034186421018658,-5.017178259955513
2165,do,0.05,0.0,48,0.5584395980834955,-6.5610585848490395,-5.916433310508728
2166,pp,0.05,0.0,67,0.11713283300399802,-8.464479475310355,-8.117013547155592
2167,do,0.05,0.0,69,2.614324753284455,-7.415460872650146,-6.5381599028905235
2168,pp,0.05,0.0,54,1.0281919717788703,-6.795689851587469,-6.211577608850267
2169,do,0.05,0.0,70,2.2810682606697084,-6.2373293963345615,-5.367244892650181
2170,pp,0.05,0.0,44,0.7762341547012337,-8.14724958304203,-7.468681383132934
2171,do,0.05,0.0,3,0.40540772676467896,-4.727237428318371,-4.335729093021817
2172,pp,0.05,0.0,3,0.2848146986961364,-4.981600739739158,-4.37077571021186
2173,do,0.05,0.0,70,1.543314299583435,-7.56079872304743,-6.949300421608819
2174,pp,0.05,0.0,68,2.2044731664657595,-6.566735958330559,-6.22992397679223
2175,do,0.05,0.0,55,1.819872833490372,-6.8268867405978115,-5.960726687643263
2176,pp,0.05,0.0,15,1.537871421575546,-4.947637790622133,-4.569430322117276
2177,do,0.05,0.0,13,1.6093911635875697,-4.119002189058246,-4.0648324833975895
2178,pp,0.05,0.0,20,0.5791853225231174,-5.50224217935042,-4.814585712220934
2179,do,0.05,0.0,19,1.1734259784221654,-4.6717722965009285,-4.654888068305121
2180,pp,0.05,0.0,70,1.100428469181061,-5.727233058756048,-4.805502361721462
2181,do,0.05,0.0,70,1.0560640323162076,-8.497082236318878,-8.397988478342691
2182,pp,0.05,0.0,69,1.8111084139347087,-6.303839804909446,-5.3890168216493395
2183,do,0.05,0.0,10,1.5287502825260164,-4.410876075426738,-4.210322711202833
2184,pp,0.05,0.0,41,1.5736380589008334,-5.777496124036384,-5.034404961268107
2185,do,0.05,0.0,6,0.712140245437622,-4.092228294863846,-4.0953100813759695
2186,pp,0.05,0.0,12,0.32633621573448135,-4.901866668643374,-4.328483533859253
2187,do,0.05,0.0,6,0.23819006085395866,-4.889287939938632,-4.52869561513265
2188,pp,0.05,0.0,12,0.690950684547424,-5.425862056558782,-4.433523382080926
2189,do,0.05,0.0,31,3.592561662197114,-4.8759302775065105,-5.513572862413194
2190,pp,0.05,0.0,70,-0.008765482306480443,-5.987727884812789,-5.415277481079102
2191,do,0.05,0.0,10,1.993248344659805,-4.585126434672962,-4.732772747675578
2192,pp,0.05,0.0,70,2.0734284627437587,-5.638754789757006,-4.851253051227993
2193,do,0.05,0.0,46,0.9606353640556335,-7.654140894340746,-8.346215195126003
2194,pp,0.05,0.0,4,0.27172914147377014,-5.272530963204124,-4.560609843995836
2195,do,0.05,0.0,15,1.149485837221146,-5.360698922475179,-5.227162512143453
2196,pp,0.05,0.0,36,1.875520634651183,-5.986319628628817,-5.147745296690199
2197,do,0.05,0.0,65,2.86728704214096,-6.302764181657271,-6.033590120739407
2198,pp,0.05,0.0,19,1.2106681299209594,-4.785908285776774,-4.352404962645637
2199,do,0.05,0.0,14,1.3338721072673803,-6.226044754548506,-6.475008053249783
2200,pp,0.05,0.0,16,0.5371329963207243,-6.22003317601753,-5.206947607464261
2201,do,0.05,0.0,9,0.9402535378932955,-4.153065144654477,-4.005548853344387
2202,pp,0.05,0.0,9,1.033361033201218,-4.79922463388154,-4.172158882353041
2203,do,0.05,0.0,9,1.49185305595398,-4.6195346080895625,-4.4089631610446505
2204,pp,0.05,0.0,50,1.6431218099594105,-7.847097432974613,-7.220505362086826
2205,do,0.05,0.0,6,0.5031446731090545,-4.253804523294622,-4.019512542088827
2206,pp,0.05,0.0,21,1.7741360986232753,-5.150740139412157,-4.966975906160143
2207,do,0.05,0.0,6,1.0726397681236266,-4.122011625405514,-4.039988848898146
2208,pp,0.05,0.0,70,1.1512663078308103,-5.798516943960479,-5.323478036456638
2209,do,0.05,0.0,22,0.8046666502952577,-5.573412097584118,-6.249623605940077
2210,pp,0.05,0.0,36,1.038892704248429,-7.984793174628056,-9.613685406578911
2211,do,0.05,0.0,8,1.2299326026439665,-3.9965280417240026,-3.8733346462249756
2212,pp,0.05,0.0,70,0.6873746311664579,-6.592930506214951,-5.944564774301317
2213,do,0.05,0.0,27,1.8570921206474305,-4.500530326727665,-4.722866291469998
2214,pp,0.05,0.0,51,3.3276370763778687,-4.781359613302982,-4.363227743572659
2215,do,0.05,0.0,18,2.3541124904155737,-4.121277338808233,-4.139686720901065
2216,pp,0.05,0.0,30,1.7756195747852317,-6.221664362242728,-6.30198536184099
2217,do,0.05,0.0,70,1.5489981567859648,-9.933313757000548,-8.656306465466818
2218,pp,0.05,0.0,70,3.5179821729660032,-6.0031218138608065,-5.214547265900506
2219,do,0.05,0.0,55,2.6947396063804625,-4.615036257108053,-4.571317264768813
2220,pp,0.05,0.0,38,2.143632580041886,-6.0005880052393135,-5.552498963144091
2221,do,0.05,0.0,14,2.8987382590770725,-4.54528330745119,-4.588709041807387
2222,pp,0.05,0.0,38,2.9175380337238312,-6.163643456950332,-5.371237426333957
2223,do,0.05,0.0,70,2.123418037891388,-6.816195593458233,-7.095011938942803
2224,pp,0.05,0.0,5,0.3693325865268706,-4.591678615049882,-4.389394617080688
2225,do,0.05,0.0,3,0.3589063060283664,-3.8522376363927666,-3.6961135784784953
2226,pp,0.05,0.0,43,0.6282065689563749,-7.253460095145486,-6.283042086495294
2227,do,0.05,0.0,3,0.29553800106048556,-4.022938497138746,-3.817197738753425
2228,pp,0.05,0.0,5,0.825711010694504,-5.372966566952792,-4.661790471606785
2229,do,0.05,0.0,24,0.28352325916290244,-6.01718149618669,-6.220218374994066
2230,pp,0.05,0.0,40,2.1748828041553505,-5.508352470397949,-4.846366328663296
2231,do,0.05,0.0,11,1.016784859895706,-4.1500584768526485,-4.188003052605523
2232,pp,0.05,0.0,57,2.5168516731262196,-5.964459094134244,-5.448746538162231
2233,do,0.05,0.0,6,0.38346128940582336,-4.5115431771133885,-4.382469195789761
2234,pp,0.05,0.0,11,0.49261286735534604,-5.636195559935136,-5.0732073836856415
2235,do,0.05,0.0,44,1.5578711557388303,-5.242530610344627,-5.101340307129754
2236,pp,0.05,0.0,22,1.9348438692092893,-5.657623002023408,-4.934391228357951
2237,do,0.05,0.0,30,2.4467064106464393,-4.822525837927154,-6.068622215588888
2238,pp,0.05,0.0,47,3.069198262691498,-6.172940387147846,-5.1766916725370615
2239,do,0.05,0.0,3,0.7469684541225439,-3.9715934348828865,-3.6760974725087485
2240,pp,0.05,0.0,25,0.38698763966560357,-7.4241711399771955,-6.698216078016493
2241,do,0.05,0.0,19,2.136179969310761,-4.188712574496414,-4.116208973195818
2242,pp,0.05,0.0,29,1.8423614764213552,-6.325974042487867,-6.17158759964837
2243,do,0.05,0.0,18,1.2712466263771063,-4.600579435175115,-4.666386694378323
2244,pp,0.05,0.0,27,2.2134496986866,-6.013129258878303,-5.5677208264668785
2245,do,0.05,0.0,29,1.0946716463565833,-7.5407460126009855,-8.47547181447347
2246,pp,0.05,0.0,39,1.7078886210918425,-6.877909930547078,-6.30992357995775
2247,do,0.05,0.0,70,3.316679701805115,-7.339682434544419,-9.42048332426283
2248,pp,0.05,0.0,40,2.263453812599182,-6.060223536057905,-6.164077745543586
2249,do,0.05,0.0,14,1.9146477580070496,-4.351540780789924,-4.316636021931966
2250,pp,0.05,0.0,58,1.213300629854202,-7.20855157736576,-6.286624073982239
2251,do,0.05,0.0,20,1.58524063706398,-4.428102949893836,-4.611479655901591
2252,pp,0.05,0.0,30,2.4808896541595455,-5.486852836608887,-5.121284018622505
2253,do,0.05,0.0,7,1.7155081558227536,-4.862982900214917,-5.514112501674228
2254,pp,0.05,0.0,30,2.236772392988204,-6.1894447427807435,-5.684571992026435
2255,do,0.05,0.0,8,0.9436924040317534,-4.022718044483301,-3.9904675165812176
2256,pp,0.05,0.0,70,1.1299453127384185,-7.392030202981197,-6.059230907758077
2257,do,0.05,0.0,27,1.336772149801254,-6.182623000578447,-5.627768039703369
2258,pp,0.05,0.0,53,2.1355531680583955,-6.442740398464781,-5.661605993906657
2259,do,0.05,0.0,7,-0.015331134796142898,-4.9436663381981125,-4.771676585409376
2260,pp,0.05,0.0,10,0.6028159153461452,-5.2859401312741365,-4.320541977882385
2261,do,0.05,0.0,16,1.2104651510715483,-5.2228323098384974,-4.794849835501777
2262,pp,0.05,0.0,70,0.6614339518547059,-7.712196941086741,-6.59955370426178
2263,do,0.05,0.0,30,0.7092836189270022,-6.037321343566433,-5.912182323137919
2264,pp,0.05,0.0,57,1.068737460374832,-7.128091287612915,-5.9947163661321
2265,do,0.05,0.0,55,1.2473492479324335,-5.87466090520223,-5.556268564860026
2266,pp,0.05,0.0,45,2.1255231690406795,-6.715258771722967,-6.142223829693265
2267,do,0.05,0.0,70,1.527382858991623,-6.55701197421912,-6.415365735689799
2268,pp,0.05,0.0,70,1.810103100538253,-5.876883271246245,-4.996779950459798
2269,do,0.05,0.0,24,1.3308715653419494,-5.4051475871693,-4.9599021673202515
2270,pp,0.05,0.0,66,1.9641665494441982,-6.0438138615001336,-5.588253943125407
2271,do,0.05,0.0,11,0.023161727190017523,-6.300043072844996,-5.910597983996073
2272,pp,0.05,0.0,70,-0.0268753635883332,-6.201987006447532,-5.349297134081523
2273,do,0.05,0.0,15,1.1058579301834106,-6.124175596237182,-5.128413799073961
2274,pp,0.05,0.0,48,0.5777187907695769,-6.386961688417377,-5.6074287096659345
2275,do,0.05,0.0,29,1.3573073458671576,-5.9305869839408185,-5.411354202694363
2276,pp,0.05,0.0,28,1.695593845844268,-6.031540204539444,-5.1667023340861
2277,do,0.05,0.0,40,1.9238966667652129,-7.1852995236714685,-6.394529313511319
2278,pp,0.05,0.0,70,2.8715360820293423,-6.448923882571134,-5.477534516652425
2279,do,0.05,0.0,30,1.143250900506973,-6.562320428906065,-6.508312990930345
2280,pp,0.05,0.0,59,1.346863288879394,-7.404028909856623,-6.549951214260525
2281,do,0.05,0.0,36,1.7270485973358154,-6.4862493197123205,-5.988053274154663
2282,pp,0.05,0.0,22,1.885443751811981,-6.85043713685238,-5.5860855287975735
2283,do,0.05,0.0,54,1.072295454740524,-7.194385167324182,-6.301223376062182
2284,pp,0.05,0.0,41,0.9600061345100404,-7.832394487207586,-7.192550834019979
2285,do,0.05,0.0,47,1.625969421863556,-5.815271201278224,-5.496662394205729
2286,pp,0.05,0.0,40,2.4000367605686197,-6.238938555572972,-5.628727486398485
2287,do,0.05,0.0,6,0.7979238843917846,-4.672809889822295,-4.7343236923217775
2288,pp,0.05,0.0,70,1.221136268377304,-7.151749008352106,-5.8234366390440195
2289,do,0.05,0.0,56,1.037903300523758,-6.175730494296912,-5.60593647427029
2290,pp,0.05,0.0,14,1.3831595599651338,-5.301373007803252,-4.652654918034871
2291,do,0.05,0.0,70,1.9745112514495853,-6.003171542196563,-5.842036721441481
2292,pp,0.05,0.0,14,1.3954696667194364,-4.912556200316458,-4.266318044397566
2293,do,0.05,0.0,70,2.159283856153489,-6.105469791816943,-5.352507289250692
2294,pp,0.05,0.0,47,2.848217456340791,-6.978472718325528,-6.0679776324166195
2295,do,0.05,0.0,64,2.1817152857780453,-6.1888141921072295,-5.613933613565233
2296,pp,0.05,0.0,40,3.0430691754817962,-6.033394069382639,-5.138261506292555
2297,do,0.05,0.0,69,1.9404912269115444,-4.685181947187944,-5.0871752632988825
2298,pp,0.05,0.0,53,2.673270726203919,-5.358887311184045,-4.944889007674323
2299,do,0.05,0.0,13,1.0767863047122956,-5.320484315987789,-4.935175816218059
2300,pp,0.05,0.0,70,3.259432960748672,-6.17976814327818,-5.205248504214817
2301,do,0.05,0.0,70,0.5955795800685886,-5.828036815469916,-5.3478718413247
2302,pp,0.05,0.0,70,1.2513565433025358,-7.303006935119629,-6.121935553020901
2303,do,0.05,0.0,27,1.0158308267593394,-5.884655361464529,-5.7688451316621565
2304,pp,0.05,0.0,24,0.9570243871212005,-5.8393605983618535,-5.659343345959981
2305,do,0.05,0.0,63,2.271270326375962,-6.377344797596787,-6.229209717114767
2306,pp,0.05,0.0,34,2.8617362082004556,-5.602537171045939,-4.81552988158332
2307,do,0.05,0.0,57,1.353512502908707,-5.5753531354846375,-5.124159118864271
2308,pp,0.05,0.0,8,0.9933344495296481,-5.196093842477509,-4.675067459212409
2309,do,0.05,0.0,38,1.4156833338737487,-5.623020661960949,-6.2458861456977
2310,pp,0.05,0.0,43,1.9307408988475796,-5.298895931243896,-4.561658755938212
2311,do,0.05,0.0,70,1.4798144102096558,-7.388960888891509,-6.659277396731906
2312,pp,0.05,0.0,56,1.297330518960953,-6.055789466337724,-5.341306021478441
2313,do,0.05,0.0,28,0.20921899318695036,-6.787816148815733,-6.3458957566155325
2314,pp,0.05,0.0,5,0.0962416434288027,-5.17134440017469,-4.797888983620537
2315,do,0.05,0.0,70,3.3198359179496757,-5.5253240570877535,-5.093865132331848
2316,pp,0.05,0.0,37,2.4642810440063476,-5.7681739807128904,-5.058273601531982
2317,do,0.05,0.0,40,0.6879826390743258,-6.567293308720444,-6.56077176200019
2318,pp,0.05,0.0,22,1.1951124143600467,-6.264154754985462,-5.614964416291978
2319,do,0.05,0.0,70,0.07507472753524791,-7.1929482835711855,-6.877915165159437
2320,pp,0.05,0.0,20,1.3758170771598817,-6.816781403801658,-6.041974865065681
2321,do,0.05,0.0,20,1.6332046031951908,-5.056018219572125,-4.69952212439643
2322,pp,0.05,0.0,27,1.0786223983764645,-6.35113823630593,-6.036831272972955
2323,do,0.05,0.0,29,1.600100053548812,-5.93170529423338,-5.379093360900879
2324,pp,0.05,0.0,55,1.8920799672603605,-6.400495355779475,-5.491188605626424
2325,do,0.05,0.0,62,0.8818391132354737,-6.02471563021342,-5.6386715014775595
2326,pp,0.05,0.0,19,1.7337348973751068,-6.742681007674246,-6.393931333223978
2327,do,0.05,0.0,70,1.9446218693256379,-6.1540028904423565,-6.032443186971876
2328,pp,0.05,0.0,47,2.3884791326522823,-6.42877547379696,-5.416456066237556
2329,do,0.05,0.0,39,2.4791449463367456,-6.118853719306714,-5.695277465714349
2330,pp,0.05,0.0,32,2.7287628364562995,-6.211605368238507,-5.6384399890899655
2331,do,0.05,0.0,56,2.0604840207099926,-6.874110607667403,-6.495646985371907
2332,pp,0.05,0.0,42,2.231599881649017,-6.79055126508077,-5.806382531589932
2333,do,0.05,0.0,28,0.8257854294776914,-5.422492801781857,-5.167343007193671
2334,pp,0.05,0.0,5,0.9657280731201174,-4.231420855088667,-3.8088416867785986
2335,do,0.05,0.0,16,1.2632574725151056,-5.327987815394546,-5.1851439502504135
2336,pp,0.05,0.0,19,1.7218076419830322,-5.0876147934884735,-4.464761903550889
2337,do,0.05,0.0,17,1.2643670070171362,-6.163967144128048,-5.707038715150621
2338,pp,0.05,0.0,58,2.199432506561278,-7.068278792410186,-6.458189985487196
2339,do,0.05,0.0,12,0.3729065954685211,-5.649334751475941,-5.506662898593479
2340,pp,0.05,0.0,63,2.643820909261703,-5.416962058616407,-5.831409928533766
2341,do,0.05,0.0,10,1.352627487182617,-5.212620975031998,-4.667238471243117
2342,pp,0.05,0.0,68,2.261246613264084,-6.143393098946774,-5.82170357439253
2343,do,0.05,0.0,14,-0.00016356229782132914,-6.450745550791423,-6.084037865532769
2344,pp,0.05,0.0,15,1.584169694185257,-5.348811216065378,-4.639171361923218
2345,do,0.05,0.0,30,1.2634205305576325,-6.389484467650905,-5.947637009620666
2346,pp,0.05,0.0,48,0.9982082343101499,-8.575705753673207,-8.14833619594574
2347,do,0.05,0.0,26,0.4199428856372833,-5.794832384225094,-7.135195424821641
2348,pp,0.05,0.0,20,1.7813493216037752,-4.787200371424357,-4.297093722555372
2349,do,0.05,0.0,4,0.5776257109642025,-4.716016538215406,-4.4325284825430975
2350,pp,0.05,0.0,1,0.2776614308357246,-4.9846194339521,-4.6155330446031355
2351,do,0.05,0.0,10,0.5588555574417118,-5.739657178069606,-4.927150734265646
2352,pp,0.05,0.0,33,2.7455100512504576,-4.8917295470382225,-4.610610583093432
2353,do,0.05,0.0,8,1.6459703159332273,-4.649330387693463,-4.09023545715544
2354,pp,0.05,0.0,70,1.6789881944656369,-6.501896384268096,-5.581704868210687
2355,do,0.05,0.0,26,1.3326182448863984,-5.8213935302965565,-5.569134881761339
2356,pp,0.05,0.0,28,2.498367580175401,-6.725689148180413,-6.2850392659505205
2357,do,0.05,0.0,11,0.26550749063491885,-5.138234242525968,-4.9891732030444675
2358,pp,0.05,0.0,39,1.703925656080246,-7.1277794794602825,-6.429479278458489
2359,do,0.05,0.0,8,1.0793538331985477,-4.893836352319428,-4.825126073095533
2360,pp,0.05,0.0,22,0.823321515321731,-6.800298180724635,-6.37320318751865
2361,do,0.05,0.0,36,2.428276771306993,-5.564765632513797,-5.736458476384481
2362,pp,0.05,0.0,29,2.399603923559188,-5.747601020697392,-5.103319430351258
2363,do,0.05,0.0,26,1.7351857614517208,-5.7559167688543145,-5.428122409184774
2364,pp,0.05,0.0,42,2.291668595075608,-6.824967524499604,-6.063710567686293
2365,do,0.05,0.0,28,2.0939837157726293,-6.453512985056097,-6.259257737795512
2366,pp,0.05,0.0,17,1.3487131989002226,-4.964097530191595,-4.302470755577088
2367,do,0.05,0.0,10,1.6655736470222475,-5.81332870685693,-5.7467347727881535
2368,pp,0.05,0.0,70,1.0237678611278538,-7.665255183884592,-7.0701789935429895
2369,do,0.05,0.0,48,1.1257597684860237,-6.870750460480199,-5.861659998363919
2370,pp,0.05,0.0,28,2.999420200586319,-4.617338394396233,-4.90973776711358
2371,do,0.05,0.0,15,1.246366463899613,-4.5853289604187015,-4.791364950603909
2372,pp,0.05,0.0,41,2.4867935693264007,-6.151475637609308,-5.916396472189161
2373,do,0.05,0.0,70,1.2756060135364535,-7.028553566788182,-6.318638014793396
2374,pp,0.05,0.0,28,3.6438847768306735,-5.534853387601448,-5.019709152645535
2375,do,0.05,0.0,9,-0.008055450916289786,-5.359033674182314,-5.225984623697069
2376,pp,0.05,0.0,56,2.2964998054504404,-6.361956648393111,-6.009506236182319
2377,do,0.05,0.0,60,1.4269261550903325,-5.897637118715228,-5.68402082655165
2378,pp,0.05,0.0,47,2.441643737554549,-6.297960610823198,-5.664059689309862
2379,do,0.05,0.0,23,0.701572835445404,-7.146450223344745,-6.653804349899292
2380,pp,0.05,0.0,55,3.606558685302735,-4.970125477241747,-4.449277951982286
2381,do,0.05,0.0,13,0.1800163626670841,-6.001361109993675,-5.602239343855116
2382,pp,0.05,0.0,50,1.6624509453773504,-6.449317017468539,-5.528423590130276
2383,do,0.05,0.0,10,0.5640987956523897,-4.876253844752457,-4.433596724934048
2384,pp,0.05,0.0,5,0.6372908246517177,-4.679290744030115,-4.412797265582615
2385,do,0.05,0.0,28,0.8111310958862301,-6.163254068837022,-6.205990118450589
2386,pp,0.05,0.0,38,2.928204784393311,-5.630100643273556,-5.214660845862495
2387,do,0.05,0.0,29,0.40458894133567824,-6.5833252242117215,-5.731184429592556
2388,pp,0.05,0.0,5,0.25988564729690555,-5.162644410855842,-4.785158750745985
2389,do,0.05,0.0,24,0.5186121404170985,-6.841816613168428,-6.063198982344733
2390,pp,0.05,0.0,34,2.1311555027961733,-6.043216474128492,-5.3953344159656105
2391,do,0.05,0.0,15,1.181644535064697,-6.025096180944732,-5.334489811791314
2392,pp,0.05,0.0,10,1.9881100499629971,-4.759697168523615,-4.8074561834335325
2393,do,0.05,0.0,44,0.5507212436199191,-7.378344044540867,-6.832677035861545
2394,pp,0.05,0.0,4,0.8179048669338229,-4.653288318171645,-4.201847884390089
2395,do,0.05,0.0,38,0.49035077571869046,-7.534960954839533,-7.27689012421502
2396,pp,0.05,0.0,34,2.299118087291718,-6.109046043049205,-5.525294476085239
2397,do,0.05,0.0,10,-0.06212884306907629,-6.434286903612541,-6.137203015221489
2398,pp,0.05,0.0,25,1.14562628030777,-6.579215783783884,-5.99147187868754
2399,do,0.05,0.0,5,0.22539457440376331,-5.331886363751961,-5.190860025087992
2400,pp,0.05,0.0,32,0.6289567339420321,-7.2289480469443586,-6.60093567636278
2401,do,0.05,0.0,70,1.2076231265068067,-8.062866030317364,-7.2778029600779215
2402,pp,0.05,0.0,48,3.567581423521042,-6.305721751126376,-6.291479566362169
2403,do,0.05,0.0,5,0.2805063033103936,-5.210736472678907,-4.910420195261637
2404,pp,0.05,0.0,17,2.091815626621246,-5.247288888873476,-4.838888830608791
2405,do,0.05,0.0,13,0.5661028182506564,-5.572911561619152,-4.933114337921142
2406,pp,0.05,0.0,26,2.904783676862716,-5.482109809644294,-5.475381384955512
2407,do,0.05,0.0,14,1.217685264348984,-6.051989676735618,-5.74884847799937
2408,pp,0.05,0.0,29,1.7313330841064447,-6.361521660197865,-6.182871887418959
2409,do,0.05,0.0,9,0.9163181912899017,-5.165006042249275,-4.637871381971571
2410,pp,0.05,0.0,45,1.6305711448192604,-7.986582279205322,-7.261149999830458
2411,do,0.05,0.0,19,0.8718699169158937,-5.933915420012041,-6.375048036045499
2412,pp,0.05,0.0,29,2.1367747485637656,-5.571738092827075,-5.1327999697791205
2413,do,0.05,0.0,12,1.5352093243598937,-4.9092390840703795,-4.6398772637049355
2414,pp,0.05,0.0,70,2.56429857134819,-7.351877764499549,-6.462414815690782
2415,do,0.05,0.0,22,1.8911321902275091,-6.579959697434396,-7.569136402342054
2416,pp,0.05,0.0,15,2.2964006781578066,-5.031643448453961,-4.514256434970432
2417,do,0.05,0.0,57,1.1084107744693759,-7.4484872442303285,-7.982520002788967
2418,pp,0.05,0.0,16,0.7275636243820198,-5.401362134471084,-4.515016933282216
2419,do,0.05,0.0,23,0.7641628205776216,-5.836717653274536,-5.142683537801107
2420,pp,0.05,0.0,40,2.658661633729934,-5.986336975386648,-5.266109212239583
2421,do,0.05,0.0,24,1.887845770120621,-4.724362903652769,-4.7144997676213585
2422,pp,0.05,0.0,19,1.6888662600517268,-5.4609000047047935,-4.964866089820862
2423,do,0.05,0.0,27,1.7707158184051517,-5.878843761212898,-5.399257519510058
2424,pp,0.05,0.0,60,1.7368111407756812,-6.971732089013765,-6.403095311588711
2425,do,0.05,0.0,70,1.7018715465068812,-7.565917594505079,-7.144804943932427
2426,pp,0.05,0.0,22,1.581775498390198,-5.692205361163977,-4.95659175713857
2427,do,0.05,0.0,59,3.2413678526878353,-5.623720531752615,-5.980734157562256
2428,pp,0.05,0.0,48,2.292380290031434,-6.21791098912557,-5.078103364838494
2429,do,0.05,0.0,70,1.121267836093903,-7.692833790634618,-6.807702697647942
2430,pp,0.05,0.0,33,1.191487057209014,-5.892134890411839,-5.186595572365655
2431,do,0.05,0.0,27,1.3980346751213073,-5.316231165510235,-5.41944027211931
2432,pp,0.05,0.0,16,1.1468285667896279,-5.23678455063791,-4.558392135302226
2433,do,0.05,0.0,51,2.3539041268825525,-5.740787933811997,-5.623195597860549
2434,pp,0.05,0.0,27,2.1045033383369445,-5.5401298941987935,-5.261222924126519
2435,do,0.05,0.0,14,0.40048092365264853,-5.787284791830814,-5.042331833309597
2436,pp,0.05,0.0,49,1.5310108256340031,-6.522677768360484,-5.901673269271851
2437,do,0.05,0.0,66,1.714592685699463,-7.2099290385390775,-6.900802893108792
2438,pp,0.05,0.0,70,0.8955962800979602,-6.480140261216597,-5.775275630421109
2439,do,0.05,0.0,13,1.006896275281906,-4.486148948380442,-4.141583400302463
2440,pp,0.05,0.0,6,0.6799617826938631,-4.525425778013287,-3.860102250840929
2441,do,0.05,0.0,45,1.6928896903991708,-6.891626045920632,-6.083205220434401
2442,pp,0.05,0.0,4,0.15067870259284977,-4.371100242210157,-3.712864481078254
2443,do,0.05,0.0,35,2.5865776646137233,-6.403273163419781,-6.079960211118062
2444,pp,0.05,0.0,54,2.5610511302948,-5.525080218459621,-4.679575456513299
2445,do,0.05,0.0,9,0.9326400518417355,-4.6175060806852395,-3.9713845835791695
2446,pp,0.05,0.0,17,1.4033492934703835,-6.377806251699274,-5.228457774056329
2447,do,0.05,0.0,70,1.02416481256485,-8.249752205068415,-7.705355755488077
2448,pp,0.05,0.0,45,1.7854144072532652,-7.509051763650143,-6.677368084589641
2449,do,0.05,0.0,19,1.1454682683944695,-5.0603701114654545,-4.761259659131368
2450,pp,0.05,0.0,48,3.2542399823665615,-5.148790753971447,-4.401271483633253
2451,do,0.05,0.0,18,0.9242205178737644,-6.5402822032119285,-5.76677683989207
2452,pp,0.05,0.0,4,0.3031898760795597,-4.995843424941555,-4.562028784222073
2453,do,0.05,0.0,69,1.3426467108726499,-7.408884126489813,-8.96077902317047
2454,pp,0.05,0.0,23,1.2356599426269526,-5.139027805039377,-4.385268505414327
2455,do,0.05,0.0,10,0.21229976177215626,-6.36556072957588,-5.8067350440555145
2456,pp,0.05,0.0,15,0.4469910573959357,-5.95798189423301,-5.14686951637268
2457,do,0.05,0.0,24,2.5262330090999594,-5.609204478697343,-4.856802254252964
2458,pp,0.05,0.0,56,1.0617325091362,-7.256118028814142,-6.047274563047621
2459,do,0.05,0.0,27,1.4587541007995615,-6.410114617781206,-6.509271955490112
2460,pp,0.05,0.0,70,1.3473760390281688,-7.150696211150199,-6.156932788425022
2461,do,0.05,0.0,15,0.9699935889244076,-5.841918769027248,-4.863641291194492
2462,pp,0.05,0.0,70,1.7782726454734803,-6.205717872850823,-5.52362092865838
2463,do,0.05,0.0,51,2.269460507631303,-5.514945911638664,-5.77356284459432
2464,pp,0.05,0.0,70,3.0279788827896112,-6.291745600555882,-4.844276746114095
2465,do,0.05,0.0,26,1.0969605767726893,-6.6697190544822,-5.8362875805960766
2466,pp,0.05,0.0,70,2.1340153336524965,-6.561713130546338,-6.49368494881524
2467,do,0.05,0.0,32,1.228060013055801,-5.749672680190115,-5.044205994076199
2468,pp,0.05,0.0,37,0.5446151030063637,-7.056068116968328,-5.753406423992581
2469,do,0.05,0.0,57,-0.1296480584144586,-6.719238989280932,-7.806703344980876
2470,pp,0.05,0.0,5,-0.20760299205779997,-4.492664665164369,-4.1377417988247345
2471,do,0.05,0.0,70,0.8523642516136167,-8.227943215225682,-8.769353755315144
2472,pp,0.05,0.0,70,0.21861712813377387,-7.466648150935318,-6.595272506607904
2473,do,0.05,0.0,47,1.230859990119935,-8.572727853601629,-7.433715173933241
2474,pp,0.05,0.0,22,2.073684538602828,-6.787305402755737,-5.8450373331705725
2475,do,0.05,0.0,70,0.5778096604347223,-9.256789880810363,-8.33953455819024
2476,pp,0.05,0.0,42,0.9961710584163663,-7.177126696615508,-6.1887194209628635
2477,do,0.05,0.0,70,0.9633167970180523,-9.62186750643181,-8.952148718304104
2478,pp,0.05,0.0,70,2.021150517463685,-6.674231074073098,-6.582579112052917
2479,do,0.05,0.0,60,0.6688516700267799,-7.7547812779744465,-7.121706347995334
2480,pp,0.05,0.0,40,0.6852460205554962,-7.7108155149402045,-6.588971034685771
2481,do,0.05,0.0,21,1.5619904363155372,-6.089926476912065,-5.641741516855028
2482,pp,0.05,0.0,19,1.3262794685363772,-6.925672626495361,-5.934962020979987
2483,do,0.05,0.0,18,0.21798067688941902,-6.994063721281109,-6.756898350185818
2484,pp,0.05,0.0,70,1.4557503700256351,-6.431967050378973,-6.764143408669366
2485,do,0.05,0.0,27,3.090213677883149,-5.82729040926153,-5.634382367134094
2486,pp,0.05,0.0,37,1.6345542907714847,-6.2990974209525366,-5.62293623553382
2487,do,0.05,0.0,8,1.0604559087753298,-4.798815198378129,-4.488124336136712
2488,pp,0.05,0.0,45,1.6016307818889608,-6.590265922835379,-5.651829520861308
2489,do,0.05,0.0,14,0.6610856473445894,-6.263568106564608,-5.924798668755425
2490,pp,0.05,0.0,50,2.01823150753975,-7.4553768316904705,-6.418190879291958
2491,do,0.05,0.0,46,1.9300401043891906,-6.674147202751853,-5.900007920795017
2492,pp,0.05,0.0,70,2.250588065385819,-6.652954537940748,-6.030731145540873
2493,do,0.05,0.0,12,0.6728249764442449,-5.7481876329942185,-5.229135706689623
2494,pp,0.05,0.0,70,1.166051484346391,-6.900231919144139,-5.89085734155443
2495,do,0.05,0.0,21,0.551521798372268,-6.13280553817749,-5.665428755018446
2496,pp,0.05,0.0,70,2.2840638220310208,-7.894426802432898,-7.285430876413981
2497,do,0.05,0.0,14,1.9189423775672907,-5.750726564002759,-4.754210917154948
2498,pp,0.05,0.0,19,1.9680928599834449,-5.5229471336711535,-4.964255687925551
2499,do,0.05,0.0,11,0.48521090269088774,-5.8293715809330795,-5.162224255667793
2500,pp,0.05,0.0,34,2.8259850466251377,-5.26074879097216,-4.510613364643521
2501,do,0.05,0.0,14,1.0454635727405543,-5.54356448433616,-5.483543467521668
2502,pp,0.05,0.0,45,1.5653339362144472,-5.750858894983927,-5.460198333528306
2503,do,0.05,0.0,13,0.10335615277290344,-6.181561146360455,-5.409685863388909
2504,pp,0.05,0.0,64,1.7604619932174677,-6.22088016018723,-5.621706032752991
2505,do,0.05,0.0,16,0.3124063956737517,-6.983422725850885,-6.1812823189629444
2506,pp,0.05,0.0,65,1.7069803428649903,-6.975867363900849,-6.170253920555115
2507,do,0.05,0.0,13,0.5231238651275634,-5.91680085442283,-5.400458961062961
2508,pp,0.05,0.0,24,0.22213919281959615,-5.793058083274148,-5.038768847783406
2509,do,0.05,0.0,65,1.8614369559288022,-5.87906869541515,-4.884579661157396
2510,pp,0.05,0.0,22,2.2564493799209595,-4.800925613172127,-4.235770625538296
2511,do,0.05,0.0,9,0.03935514926910422,-6.549881183739864,-5.5602361228730945
2512,pp,0.05,0.0,64,2.83102157831192,-7.2510174462289525,-6.5091201967663235
2513,do,0.05,0.0,15,0.5207525241374968,-5.178305426510898,-5.158419948154026
2514,pp,0.05,0.0,15,1.2049936437606812,-5.021561405875466,-4.2772878726323444
2515,do,0.05,0.0,7,0.2245976972579955,-4.808308825348362,-4.2615605579482185
2516,pp,0.05,0.0,23,1.4154896223545075,-6.1341676177400535,-5.582269027498033
2517,do,0.05,0.0,18,1.3342125189304355,-5.1568421537225895,-6.822161809603373
2518,pp,0.05,0.0,46,0.16881431102752664,-9.384277060537627,-8.501163710488214
2519,do,0.05,0.0,21,0.40409403800964405,-7.5402227459531845,-7.239518547058106
2520,pp,0.05,0.0,56,1.7757048237323758,-5.426205889383952,-4.770131537649367
2521,do,0.05,0.0,7,0.071257884502411,-6.158413219451904,-5.37801001601749
2522,pp,0.05,0.0,26,2.410603388547898,-5.974338287295717,-4.841777229309082
2523,do,0.05,0.0,16,1.080873057842255,-5.769484573422056,-5.336073313819037
2524,pp,0.05,0.0,69,2.5818992662429805,-6.313681530229973,-5.426175302929348
2525,do,0.05,0.0,70,0.7561038506031039,-7.23370736729015,-6.621687682469686
2526,pp,0.05,0.0,44,0.7845179462432856,-6.900271956125895,-6.3439809004465735
2527,do,0.05,0.0,13,0.7415932357311252,-5.810767105853919,-5.7326118495729235
2528,pp,0.05,0.0,70,0.955440667867661,-8.867292644038345,-7.6266439543830025
2529,do,0.05,0.0,70,1.766662938594818,-10.031498137387363,-10.064208226733738
2530,pp,0.05,0.0,50,2.1300144433975214,-5.744521694472342,-5.007799137963189
2531,do,0.05,0.0,14,1.365903476476669,-5.28874351906054,-4.842745036549038
2532,pp,0.05,0.0,3,0.5555956900119776,-4.389026790676695,-4.15438379711575
2533,do,0.05,0.0,67,0.8890563130378712,-7.243724366390344,-10.760260677337646
2534,pp,0.05,0.0,41,3.26112330198288,-5.816785287857056,-5.025381180975172
2535,do,0.05,0.0,69,0.8485573196411131,-7.913116892901334,-7.676490619447496
2536,pp,0.05,0.0,2,0.4155373120307928,-4.376375131896048,-3.975474625163608
2537,do,0.05,0.0,70,3.340221937894822,-7.473301540721547,-6.798075297143725
2538,pp,0.05,0.0,46,3.3566086518764493,-6.431800030217026,-5.51327436765035
2539,do,0.05,0.0,19,1.686455801725388,-5.427563771334562,-5.165071394708422
2540,pp,0.05,0.0,33,2.6423908162117007,-5.040098417166508,-4.576296559969584
2541,do,0.05,0.0,26,1.3284692239761346,-6.654206840919726,-5.519727441999647
2542,pp,0.05,0.0,35,4.081636636257173,-6.056494839986166,-5.390185957484775
2543,do,0.05,0.0,70,1.0462236571311951,-6.574368940700184,-6.997608984841241
2544,pp,0.05,0.0,70,0.939412698745727,-7.6028067184217045,-6.571726049317254
2545,do,0.05,0.0,70,0.9692877030372626,-5.9473617120222615,-5.756797819667392
2546,pp,0.05,0.0,60,2.1459478342533114,-6.696374362887759,-6.1154081715477835
2547,do,0.05,0.0,70,0.21314869999885566,-7.502733889493075,-9.790227042304146
2548,pp,0.05,0.0,5,0.16392605662345883,-4.8909919998862526,-4.64894515938229
2549,do,0.05,0.0,60,0.4052327513694758,-6.098474645614624,-5.84946760336558
2550,pp,0.05,0.0,61,1.9009197258949282,-6.456393816976837,-5.721187204784817
2551,do,0.05,0.0,67,2.981786239147185,-5.274931767492584,-5.043491448296441
2552,pp,0.05,0.0,41,1.946340179443359,-8.136822816097375,-6.802325982517666
2553,do,0.05,0.0,12,-0.5837789630889887,-5.959345938942649,-5.386948686175876
2554,pp,0.05,0.0,16,1.2256276309490204,-5.081431439428618,-4.558162003093296
2555,do,0.05,0.0,68,2.94193221092224,-5.925816135695486,-5.577509850925869
2556,pp,0.05,0.0,13,0.935618907213212,-7.0286497477329135,-6.613765565554301
2557,do,0.05,0.0,58,1.3304923081398021,-6.879812694318367,-6.952184698316786
2558,pp,0.05,0.0,21,2.370243123769759,-5.515781646786314,-4.640920376777649
2559,do,0.05,0.0,24,1.0300122356414798,-6.2595661567919185,-6.072227838304308
2560,pp,0.05,0.0,19,1.9667783939838408,-5.388811083995935,-5.185786533355713
2561,do,0.05,0.0,49,1.6168213319778442,-7.443352533109261,-7.717535901069641
2562,pp,0.05,0.0,51,2.5871325576305395,-8.548584964058616,-7.404323008325365
2563,do,0.05,0.0,22,1.7319432377815245,-5.256393863215591,-5.099300554063585
2564,pp,0.05,0.0,70,2.845314588546752,-6.766560031428481,-5.736790908707513
2565,do,0.05,0.0,55,0.07053352594375628,-5.23503588329662,-5.2967868222130665
2566,pp,0.05,0.0,4,0.5717641770839696,-4.721654858733668,-4.3665610710779825
2567,do,0.05,0.0,2,0.12093423962593075,-4.6586476080345385,-4.410470673773024
2568,pp,0.05,0.0,16,0.5453351116180425,-5.646865357774677,-5.1398419062296545
2569,do,0.05,0.0,70,-0.002768721580505229,-8.96544430328138,-7.531844923231337
2570,pp,0.05,0.0,4,0.9376483631134036,-4.324900742733117,-3.885072371694777
2571,do,0.05,0.0,21,2.253055599927902,-4.683744775887692,-4.729746606614855
2572,pp,0.05,0.0,31,2.5795400393009187,-5.263139208880338,-4.438919504483541
2573,do,0.05,0.0,29,0.3266828835010527,-5.567144328897649,-5.511951804161072
2574,pp,0.05,0.0,19,1.055076704025268,-5.307467889785767,-4.80358202457428
2575,do,0.05,0.0,32,1.1591627132892608,-5.466016006469727,-5.133818419774373
2576,pp,0.05,0.0,47,2.496933524608612,-5.685100043903698,-4.66374564965566
2577,do,0.05,0.0,38,2.814026446342467,-5.85746829292991,-5.347385994593302
2578,pp,0.05,0.0,5,0.6780993151664738,-4.972078849330093,-4.259298700756497
2579,do,0.05,0.0,70,1.8632500886917107,-9.790626762852524,-8.623944976594712
2580,pp,0.05,0.0,70,2.9689172720909127,-9.520837630647602,-7.48792757458157
2581,do,0.05,0.0,21,1.2523698365688327,-5.48146767616272,-4.948461794853211
2582,pp,0.05,0.0,21,1.2722109842300418,-6.331534093799013,-5.6821322997411094
2583,do,0.05,0.0,3,-0.023935662508010935,-5.399416280515267,-4.711446155442132
2584,pp,0.05,0.0,18,2.0308948338031776,-5.461848243077596,-4.466036788622538
2585,do,0.05,0.0,67,1.5005262279510507,-7.110729814298225,-6.90030923154619
2586,pp,0.05,0.0,70,1.4177341210842132,-6.6358112667546125,-6.230893953641256
2587,do,0.05,0.0,56,1.041032428741456,-7.7835491599458635,-6.869252729415893
2588,pp,0.05,0.0,68,1.0944117069244381,-6.396220049713597,-6.869771983888414
2589,do,0.05,0.0,24,1.698378303050994,-6.307157215927586,-6.0887431621551515
2590,pp,0.05,0.0,24,2.6746002280712124,-6.112818813323974,-5.054749072922601
2591,do,0.05,0.0,6,0.33122243642807003,-5.357857439734719,-5.13434165848626
2592,pp,0.05,0.0,40,2.288045312166214,-6.09728826898517,-5.683192422654893
2593,do,0.05,0.0,30,2.3703880715370174,-5.114820444222652,-4.978004874123467
2594,pp,0.05,0.0,70,3.353917431831359,-5.436526877952344,-5.277686455514696
2595,do,0.05,0.0,21,0.5718740117549892,-6.011301346981164,-5.195769023895264
2596,pp,0.05,0.0,70,0.5684290552139277,-8.4218160831567,-7.392021295759413
2597,do,0.05,0.0,36,1.7527252411842342,-6.327818535313462,-7.073131826188829
2598,pp,0.05,0.0,70,2.39912470459938,-6.5452679937536065,-6.254125261306763
2599,do,0.05,0.0,70,1.6402357029914851,-7.522729630903764,-7.0969415797127615
2600,pp,0.05,0.0,57,2.4704355335235597,-6.225495818167022,-5.4024168226453995
2601,do,0.05,0.0,3,0.40632473707199157,-4.363384242491288,-4.265366718504164
2602,pp,0.05,0.0,10,1.0410830831527704,-5.376098976713238,-5.008064079284668
2603,do,0.05,0.0,39,2.355436229705811,-5.280841379454642,-5.19907627635532
2604,pp,0.05,0.0,40,1.2407594347000126,-7.231037028630575,-6.418854395548503
2605,do,0.05,0.0,27,0.5472720932960504,-6.274807369347775,-6.2081076780955
2606,pp,0.05,0.0,13,1.007094222307205,-5.071001161228526,-4.461332024468316
2607,do,0.05,0.0,16,1.2766425943374626,-4.82920948230859,-4.536057461632622
2608,pp,0.05,0.0,11,-0.22947322845458995,-5.53152341264667,-4.823867045508491
2609,do,0.05,0.0,15,0.9558214271068568,-5.895835730523774,-5.662757092052036
2610,pp,0.05,0.0,32,0.3836760258674623,-6.101913598089507,-5.695374698109097
2611,do,0.05,0.0,15,2.008646731376648,-4.83668582945159,-5.454440058602227
2612,pp,0.05,0.0,30,1.636823033094407,-4.952016632484667,-4.610006125768026
2613,do,0.05,0.0,47,1.2934689855575563,-7.111985336650502,-6.4202304628160265
2614,pp,0.05,0.0,61,2.094833787679672,-7.258463496872873,-6.239159602589077
2615,do,0.05,0.0,26,1.1400909554958343,-5.8047744779875785,-5.099266046947903
2616,pp,0.05,0.0,68,-0.18657580018043518,-7.93052588520628,-6.9003808418909705
2617,do,0.05,0.0,4,0.5250297462940221,-4.530403142986875,-4.267873417006599
2618,pp,0.05,0.0,64,1.2751916229724891,-7.345928481130889,-6.871407055854798
2619,do,0.05,0.0,69,1.839477300643921,-9.589432074806908,-9.565264884630839
2620,pp,0.05,0.0,70,0.8269406008720397,-7.267178505117243,-5.771474872695075
2621,do,0.05,0.0,61,1.4760859715938572,-6.78043216936516,-5.955394360754225
2622,pp,0.05,0.0,70,0.3488565266132344,-7.756855521057592,-7.420965700679355
2623,do,0.05,0.0,4,0.7046922993659974,-4.867404239827937,-4.601778104570177
2624,pp,0.05,0.0,70,2.168008683919907,-6.25366441264297,-7.410110375616285
2625,do,0.05,0.0,22,1.959788466691971,-5.041961875106349,-4.490633543332418
2626,pp,0.05,0.0,70,3.0859470748901368,-5.105937073447487,-4.936441622840034
2627,do,0.05,0.0,14,2.4176417946815487,-5.22636756029996,-5.311603085199992
2628,pp,0.05,0.0,47,0.7913933753967282,-5.605092534151944,-5.248783614900377
2629,do,0.05,0.0,2,-0.3059456610679634,-4.919612407684326,-4.589122358957926
2630,pp,0.05,0.0,17,0.6129640233516689,-6.8975676247567845,-6.6575778802235925
2631,do,0.05,0.0,11,1.4165784084796904,-4.629483903538097,-4.609277992778354
2632,pp,0.05,0.0,20,1.4190742063522341,-6.371976638562751,-5.8120071967442835
2633,do,0.05,0.0,24,2.2169901204109204,-6.186280603119822,-5.1104760620329115
2634,pp,0.05,0.0,39,1.6984818875789642,-6.615213486642548,-5.926812624931335
2635,do,0.05,0.0,70,0.898417158126831,-9.194755106261283,-7.9330615679423016
2636,pp,0.05,0.0,67,1.6536924552917478,-6.389779624071989,-5.799371722009447
2637,do,0.05,0.0,43,1.7694915378093716,-7.513243373235067,-7.246299372778998
2638,pp,0.05,0.0,23,1.3447163522243493,-6.29990206487251,-5.514873131116231
2639,do,0.05,0.0,6,0.8173938989639282,-5.028716949983076,-4.729406709141202
2640,pp,0.05,0.0,16,0.08042438507079996,-5.759435993252379,-5.057026256455315
2641,do,0.05,0.0,22,2.6716757965087883,-5.733464269927054,-4.738378387027317
2642,pp,0.05,0.0,70,5.178263303041458,-5.3950892896363225,-5.199789791636997
2643,do,0.05,0.0,28,2.474666658639908,-6.416204737171983,-6.002991178300646
2644,pp,0.05,0.0,16,1.4229245781898499,-5.204693122343584,-4.512204215261671
2645,do,0.05,0.0,4,0.5866614925861358,-4.750105389681729,-4.35077719423506
2646,pp,0.05,0.0,45,1.2778246140480043,-7.060241520043576,-6.074155026011997
2647,do,0.05,0.0,11,-0.016998676061629858,-6.669562965450865,-5.510478576024373
2648,pp,0.05,0.0,30,1.5460275864601138,-6.015591684977213,-5.400714161660936
2649,do,0.05,0.0,12,1.183358495235443,-5.16962690931378,-4.839617353015476
2650,pp,0.05,0.0,13,1.7499051880836483,-4.858500531225493,-4.426346153683133
2651,do,0.05,0.0,40,1.9626301681995386,-6.550998316389141,-6.837971652878656
2652,pp,0.05,0.0,47,1.248999477624893,-5.389028966788089,-4.869645007451376
2653,do,0.05,0.0,17,1.6341763710975652,-4.914853398005167,-4.658790310223897
2654,pp,0.05,0.0,38,1.7303177511692045,-6.8119722828720555,-6.1613979445563425
2655,do,0.05,0.0,17,0.0021826851367947597,-6.708507150592226,-6.316098417176141
2656,pp,0.05,0.0,45,1.6865195667743675,-6.729096957409021,-5.434277245733473
2657,do,0.05,0.0,46,1.9157935261726386,-7.748183397813277,-6.7330942339367335
2658,pp,0.05,0.0,44,1.0082810461521143,-6.8306434443502715,-6.653405327267117
2659,do,0.05,0.0,20,0.5461712133884431,-6.3688889084440286,-5.203057885169983
2660,pp,0.05,0.0,69,3.4495902395248406,-6.247310502601392,-5.7131610870361325
2661,do,0.05,0.0,38,0.9377432429790495,-7.064241614486232,-7.376149908701579
2662,pp,0.05,0.0,49,0.5757708084583282,-6.994269304564505,-6.497582994567024
2663,do,0.05,0.0,69,3.018800774812699,-6.05177684841734,-5.248824249373542
2664,pp,0.05,0.0,70,2.5205647945404053,-6.378054900602861,-5.420373010635376
2665,do,0.05,0.0,9,1.1195897138118749,-4.892776927081021,-4.611876225471496
2666,pp,0.05,0.0,70,1.4934651124477396,-6.257628926363858,-6.395037693447537
2667,do,0.05,0.0,70,0.20083413839340203,-8.252002597577643,-7.4840175893571645
2668,pp,0.05,0.0,35,3.5571181058883665,-5.2967543544191305,-4.862929614384969
2669,do,0.05,0.0,13,1.3630111145973203,-5.933416658459287,-5.577456617355347
2670,pp,0.05,0.0,46,0.9595704996585841,-7.202349565968369,-5.808139175838894
2671,do,0.05,0.0,18,1.1519452035427094,-4.861954686135957,-4.495219543245104
2672,pp,0.05,0.0,25,1.8528759849071497,-5.11964008735888,-4.483773215611776
2673,do,0.05,0.0,70,0.8635168707370751,-7.721285779548414,-6.721991117795309
2674,pp,0.05,0.0,5,0.6918047225475306,-4.576716064684319,-4.2580473873350355
2675,do,0.05,0.0,11,0.6331959891319272,-5.8129190314899795,-5.36567497783237
2676,pp,0.05,0.0,44,2.2242380249500275,-6.602026932167284,-6.2114281919267444
2677,do,0.05,0.0,70,1.2892128646373742,-6.043896784926906,-5.513438386387295
2678,pp,0.05,0.0,18,1.899112008810044,-5.3990145668838965,-4.61568136745029
2679,do,0.05,0.0,14,-0.46966711521148685,-5.830011344678474,-5.391753641764323
2680,pp,0.05,0.0,16,0.8686944174766538,-5.639001187411222,-5.233963190184699
2681,do,0.05,0.0,10,-0.3270439577102655,-5.978937488613707,-5.034140247768826
2682,pp,0.05,0.0,11,1.0262260019779204,-5.1759250250729645,-4.661412053638035
2683,do,0.05,0.0,70,0.8456830763816834,-6.704619079647642,-6.2670154068205095
2684,pp,0.05,0.0,50,1.0160290372371676,-5.827127770221595,-5.264107497533162
2685,do,0.05,0.0,5,0.36052555680274967,-5.280760211655588,-4.757799948586358
2686,pp,0.05,0.0,51,2.073949164152145,-5.8877365343498465,-5.134721973207262
2687,do,0.05,0.0,13,0.8550496566295624,-4.362979968388875,-4.10891018708547
2688,pp,0.05,0.0,70,2.6882068169116966,-5.974243807070183,-5.338357101546394
2689,do,0.05,0.0,9,0.6160701811313629,-4.477905004674738,-3.978000375959608
2690,pp,0.05,0.0,70,2.0138432848453514,-6.69949682264617,-5.778090784284804
2691,do,0.05,0.0,12,0.18511001586914055,-5.299457944523205,-5.418689979447259
2692,pp,0.05,0.0,8,1.2539196169376368,-4.6977407556591615,-4.511879290474786
2693,do,0.05,0.0,29,0.8540141487121584,-6.742380304047556,-7.018759229448107
2694,pp,0.05,0.0,70,1.6857534050941467,-7.19876062075297,-6.100485740767585
2695,do,0.05,0.0,7,0.2413658928871154,-5.0150039224913625,-4.477573365635342
2696,pp,0.05,0.0,70,2.4061090707778936,-6.464824543577252,-5.46809327337477
2697,do,0.05,0.0,57,1.0378666770458223,-6.930742630814061,-6.697405807177225
2698,pp,0.05,0.0,53,1.9223586606979373,-6.613134573445175,-5.637881896230909
2699,do,0.05,0.0,6,0.8170567405223848,-3.9833227027546276,-3.813755422168308
2700,pp,0.05,0.0,26,2.2014255917072294,-5.679539268667048,-4.953972379366557
2701,do,0.05,0.0,67,0.4478099882602695,-8.18787512923732,-7.020462322235107
2702,pp,0.05,0.0,13,0.42017577648162785,-6.8685903520295115,-6.016886605156793
2703,do,0.05,0.0,29,2.107436962127685,-5.102790192401771,-5.543034323056539
2704,pp,0.05,0.0,70,1.3956780552864085,-7.660686086885857,-6.671372347407871
2705,do,0.05,0.0,70,1.2919211304187783,-6.038251803138039,-5.54040183491177
2706,pp,0.05,0.0,47,2.8082609450817104,-5.828124020316384,-5.017932004398769
2707,do,0.05,0.0,43,1.793387435674668,-5.460596856203947,-5.226197097036573
2708,pp,0.05,0.0,46,0.7411071681976331,-9.002153714497885,-7.753886138068305
2709,do,0.05,0.0,70,1.4197007143497462,-5.599961660847519,-4.991994269688925
2710,pp,0.05,0.0,30,2.609613063335418,-6.744907263553504,-5.564454362127516
2711,do,0.05,0.0,4,-0.4260466146469115,-5.5465639287775215,-5.15667347378201
2712,pp,0.05,0.0,33,1.9907991778850551,-5.502595696304784,-4.843323156568739
2713,do,0.05,0.0,56,2.8314301049709316,-5.343618848107078,-5.623668495814005
2714,pp,0.05,0.0,28,3.031346063613892,-5.255573334838405,-5.163536461194356
2715,do,0.05,0.0,24,1.4247438097000122,-4.745874389012655,-4.5526620123121475
2716,pp,0.05,0.0,29,2.026825320720672,-5.273465577038851,-4.6279922776752045
2717,do,0.05,0.0,6,0.3794599556922913,-4.917787839427139,-4.40995356771681
2718,pp,0.05,0.0,9,0.9689056551456448,-5.165165652650775,-5.20951308939192
2719,do,0.05,0.0,45,0.9255002546310429,-6.268928009091002,-5.892812943458557
2720,pp,0.05,0.0,52,1.2231869530677795,-7.056444678162084,-6.188074318567912
2721,do,0.05,0.0,41,1.4426010406017298,-6.387813597014456,-6.546118582619561
2722,pp,0.05,0.0,70,2.270186458826065,-5.887536793044119,-4.769285469584995
2723,do,0.05,0.0,36,1.4027675247192386,-6.08576528375799,-5.868217905362447
2724,pp,0.05,0.0,38,1.2206341397762293,-6.081872091871319,-5.648681730694241
2725,do,0.05,0.0,13,1.120752255916595,-5.543154615344423,-4.844924436675178
2726,pp,0.05,0.0,30,2.5941633057594293,-4.609397073225542,-4.228572140799629
2727,do,0.05,0.0,19,1.7444809234142307,-6.043166229941628,-6.242428745163812
2728,pp,0.05,0.0,70,2.4653531724214544,-5.528819030703921,-5.210801725917392
2729,do,0.05,0.0,10,1.149929766654969,-5.287570761189317,-3.8333963500128854
2730,pp,0.05,0.0,70,0.6328828418254853,-6.718346433928518,-5.542237271202935
2731,do,0.05,0.0,34,1.190502963066101,-6.361786976727572,-5.747977474000719
2732,pp,0.05,0.0,15,1.552277798652649,-5.652556763273297,-4.955072167184618
2733,do,0.05,0.0,18,0.9818284773826598,-5.670828333767978,-5.710789047347175
2734,pp,0.05,0.0,66,3.1787589955329896,-5.451425925168124,-4.761990218692356
2735,do,0.05,0.0,16,0.7801451647281645,-5.057733236659657,-5.199441107114156
2736,pp,0.05,0.0,7,0.5992795324325559,-4.602872354334051,-3.9823590265380013
2737,do,0.05,0.0,50,2.2256645572185514,-6.28020433512601,-6.512302088737488
2738,pp,0.05,0.0,11,1.0313532769680016,-4.5478297927162865,-4.230328840679593
2739,do,0.05,0.0,54,0.6852788567543033,-7.9376382033030195,-7.424633407592774
2740,pp,0.05,0.0,5,0.6012537515163423,-4.731115374420629,-4.590627672937181
2741,do,0.05,0.0,60,-0.09925969719886751,-7.463633652889367,-6.862853108512031
2742,pp,0.05,0.0,63,1.3693834197521202,-6.837675632130016,-5.8874423742294315
2743,do,0.05,0.0,30,1.6648233008384707,-8.832646713834821,-6.951042011049059
2744,pp,0.05,0.0,63,2.1559942436218265,-7.021772362969139,-6.539546706941393
2745,do,0.05,0.0,6,0.9134842431545254,-5.51564620624889,-4.919102411799961
2746,pp,0.05,0.0,29,2.833489570617675,-4.739507020603527,-4.404817620913188
2747,do,0.05,0.0,12,2.3981653952598574,-4.863161042242339,-5.209636592864991
2748,pp,0.05,0.0,29,1.2803374505043035,-6.5613666592222275,-5.623933129840427
2749,do,0.05,0.0,37,2.8330329775810243,-6.294760532090158,-5.936597474416097
2750,pp,0.05,0.0,29,1.6034715163707727,-7.203692379864779,-6.656058645248413
2751,do,0.05,0.0,70,1.0625980162620534,-6.877516587575276,-8.224671702914767
2752,pp,0.05,0.0,17,-0.3097817766666413,-5.174718664631699,-4.333688020706177
2753,do,0.05,0.0,24,3.383425750732421,-5.008537775097471,-4.856504530376858
2754,pp,0.05,0.0,24,0.8911815369129181,-5.787203806096858,-4.875004884931776
2755,do,0.05,0.0,45,1.4660131859779355,-7.002189591436675,-6.5345790651109485
2756,pp,0.05,0.0,69,1.9466154348850244,-7.788030978405114,-6.59294564988878
2757,do,0.05,0.0,10,0.47755739092826843,-5.309789044929273,-5.104286811086866
2758,pp,0.05,0.0,58,1.2879689478874203,-7.069544098593972,-5.768200527297126
2759,do,0.05,0.0,22,2.263181078433991,-5.162456811558116,-5.342541310522291
2760,pp,0.05,0.0,46,2.404937002658845,-5.613943365848425,-5.187655606534746
2761,do,0.05,0.0,22,2.2160943365097046,-4.648258399963379,-4.434092362721761
2762,pp,0.05,0.0,38,3.872873027324676,-4.727326721133608,-4.268355515268114
2763,do,0.05,0.0,9,1.6504919576644896,-4.986977249203306,-4.882535539733039
2764,pp,0.05,0.0,68,3.8087565183639533,-6.631191390933412,-5.831713612874349
2765,do,0.05,0.0,55,1.7768432390689846,-8.007309724345351,-7.5484265645345054
2766,pp,0.05,0.0,35,2.5665232205390938,-5.773699420871156,-4.807801169819302
2767,do,0.05,0.0,42,0.7529541134834288,-6.191674866820827,-5.75015307797326
2768,pp,0.05,0.0,42,1.1598972165584565,-5.623205062114831,-4.975011523564657
2769,do,0.05,0.0,8,1.3033101010322579,-4.865603230216286,-4.7218691719902885
2770,pp,0.05,0.0,50,1.2982192909717565,-8.815281024123683,-7.548955074946085
2771,do,0.05,0.0,19,3.2884190762043,-4.98598474444765,-4.64835897816552
2772,pp,0.05,0.0,11,0.6843595421314239,-5.464211241404215,-4.50401725769043
2773,do,0.05,0.0,37,1.849020298719406,-6.168208456039428,-6.454013032383389
2774,pp,0.05,0.0,46,0.3575762355327603,-5.989308097145774,-6.503687932756212
2775,do,0.05,0.0,3,0.5051886701583861,-4.176162976929636,-3.610400499237908
2776,pp,0.05,0.0,8,1.0019040119647977,-5.829283763423111,-4.655071165826586
2777,do,0.05,0.0,56,2.487470675706864,-6.217400890408141,-6.219096173180474
2778,pp,0.05,0.0,65,2.747703155279159,-6.449547902020541,-5.891120852364434
2779,do,0.05,0.0,10,0.7034007966518399,-4.894215054945512,-4.496657212575276
2780,pp,0.05,0.0,70,2.5171320629119878,-5.8885019446864275,-5.874227876133389
2781,do,0.05,0.0,11,0.5025740730762482,-5.014928212310329,-4.414616878827413
2782,pp,0.05,0.0,51,1.948820127248764,-7.647383606072628,-6.60007447136773
2783,do,0.05,0.0,23,2.344633353948593,-5.70457406910983,-5.542167107264201
2784,pp,0.05,0.0,46,2.8629486715793604,-5.9836600968332005,-5.5755550093121
2785,do,0.05,0.0,70,2.2015608441829677,-6.721050083275998,-6.804747327168783
2786,pp,0.05,0.0,70,1.9722629022598257,-6.049477603218772,-5.533257193035549
2787,do,0.05,0.0,13,1.2824576914310448,-4.939808456825488,-4.573832670847575
2788,pp,0.05,0.0,67,3.5611046385765075,-5.1454373663122,-4.580304593510098
2789,do,0.05,0.0,13,1.8092700147628786,-4.763692951202392,-5.06229280895657
2790,pp,0.05,0.0,67,0.452000102996827,-9.327825953743675,-8.276172717412313
2791,do,0.05,0.0,51,2.1813446676731107,-6.605465438149192,-6.243825181325277
2792,pp,0.05,0.0,70,0.24401206493377714,-7.748660460385409,-6.6363839202457005
2793,do,0.05,0.0,14,1.0221400618553167,-5.365977742455223,-4.735093593597412
2794,pp,0.05,0.0,30,2.8068896090984348,-5.911589022838708,-5.332036442226833
2795,do,0.05,0.0,51,1.3630426526069641,-7.69305867137331,-7.057355552249485
2796,pp,0.05,0.0,8,0.8925501036643988,-4.982890279365308,-4.407374109162225
2797,do,0.05,0.0,20,2.200543407201767,-5.998685078187422,-5.0290074136522085
2798,pp,0.05,0.0,62,2.1304292118549357,-6.62081600969488,-5.9225694802072315
2799,do,0.05,0.0,8,0.42407748699188197,-5.621467359138258,-4.941664295726352
2800,pp,0.05,0.0,55,1.8091990029811864,-5.233735765110363,-4.9165171464284265
2801,do,0.05,0.0,31,2.3770569789409643,-4.9745060299382065,-4.786371371481153
2802,pp,0.05,0.0,30,1.575045794248581,-5.442874081929525,-4.733507418632508
2803,do,0.05,0.0,8,0.47646780848503134,-5.016247058637214,-4.576882555749681
2804,pp,0.05,0.0,18,1.9419209980964665,-4.994846797711921,-4.632828593254089
2805,do,0.05,0.0,21,2.4902506327629093,-4.447488601279981,-4.031594308217366
2806,pp,0.05,0.0,20,1.3215740609169009,-4.802888490214492,-4.207787084579468
2807,do,0.05,0.0,30,2.606445603370667,-6.015033024007624,-5.802210778660244
2808,pp,0.05,0.0,55,2.6042150866985327,-6.536458526958119,-6.134352514478896
2809,do,0.05,0.0,34,3.115276221036911,-6.176582671656753,-5.891244316101075
2810,pp,0.05,0.0,68,2.931694854497909,-7.372665390823826,-7.353626746601528
2811,do,0.05,0.0,7,1.0465399467945096,-4.815738189581669,-4.324616673257616
2812,pp,0.05,0.0,33,1.2082383382320403,-5.085048740560358,-4.445723006460402
2813,do,0.05,0.0,40,2.92762984752655,-6.951280164718628,-6.714411502414279
2814,pp,0.05,0.0,11,0.4283752143383026,-5.0433262969508315,-4.579668426513672
2815,do,0.05,0.0,37,2.192264536619186,-5.039634541309241,-4.347525695959727
2816,pp,0.05,0.0,19,1.8449125874042505,-5.445520600405606,-4.674728910128276
2817,do,0.05,0.0,10,1.0638840889930723,-4.616099721735174,-4.1789062632454765
2818,pp,0.05,0.0,8,1.5100082516670223,-4.344322727665757,-3.9478850815031263
2819,do,0.05,0.0,70,1.658506042957307,-6.074195519360629,-5.905841472413805
2820,pp,0.05,0.0,15,0.5958644568920137,-5.656156807234793,-4.826972540219625
2821,do,0.05,0.0,50,2.1988110959529887,-5.485017091577704,-5.4774586730533175
2822,pp,0.05,0.0,24,1.569951795339584,-5.694752125306563,-4.917681397332085
2823,do,0.05,0.0,56,2.6030999636650094,-6.937179120381673,-6.269101259443495
2824,pp,0.05,0.0,32,2.760505499839782,-4.995648480906631,-4.576801395416259
2825,do,0.05,0.0,28,1.2820293021202085,-5.338005840417111,-5.1725136942333645
2826,pp,0.05,0.0,70,0.5774924230575564,-7.586791593378241,-6.480254451433818
2827,do,0.05,0.0,14,1.228955796957016,-4.573898623206398,-4.871297242906358
2828,pp,0.05,0.0,4,0.11494731187820406,-4.674627210154678,-4.060812160703871
2829,do,0.05,0.0,70,1.3813209295272824,-7.099864442420729,-6.682487114270528
2830,pp,0.05,0.0,7,1.0123674452304847,-4.338533145731145,-3.8788252459632027
2831,do,0.05,0.0,70,1.1550911903381342,-7.447050350362605,-7.860580995347765
2832,pp,0.05,0.0,49,3.0873572921752936,-4.995644686438821,-4.38736588690016
2833,do,0.05,0.0,41,2.342007114887238,-6.151682950511123,-5.968517557779948
2834,pp,0.05,0.0,43,1.6813142073154452,-6.783000999508482,-6.018531645668878
2835,do,0.05,0.0,5,0.1484896469116217,-5.502891631559892,-5.166056036949158
2836,pp,0.05,0.0,30,1.8488761794567097,-6.595679210894035,-6.0452612347073025
2837,do,0.05,0.0,12,0.17362257719039853,-5.563874233130253,-5.284108379152086
2838,pp,0.05,0.0,70,1.166120704412461,-7.760029331843058,-6.989556863572862
2839,do,0.05,0.0,55,0.7406745290756218,-7.248095658331207,-6.499642086029053
2840,pp,0.05,0.0,7,1.0889022207260135,-4.609388906305487,-4.067975476053026
2841,do,0.05,0.0,4,-0.04490689992904695,-4.670219711823897,-4.458324948946635
2842,pp,0.05,0.0,55,1.3391455245018005,-6.541883488857385,-6.058123013708326
2843,do,0.05,0.0,3,0.21177423954009988,-5.872164979125515,-4.9490621672736275
2844,pp,0.05,0.0,29,1.0850753760337835,-8.228593506957546,-7.570262198978
2845,do,0.05,0.0,13,1.1647795295715335,-4.889726855538108,-4.738782358169556
2846,pp,0.05,0.0,7,1.108877621889115,-4.713672955830892,-4.351834442880419
2847,do,0.05,0.0,54,0.20817023873329177,-6.9221462741042625,-6.740400785870023
2848,pp,0.05,0.0,68,0.8452413904666898,-8.245789446975246,-7.046614231003655
2849,do,0.05,0.0,70,0.4737638401985169,-9.69990382194519,-9.994997146394518
2850,pp,0.05,0.0,6,0.7074746692180627,-4.6132930423274185,-4.18814517127143
2851,do,0.05,0.0,18,1.1700175285339363,-5.400238873741843,-6.711039476924473
2852,pp,0.05,0.0,26,1.9478388738632209,-5.96030232111613,-5.331657814979553
2853,do,0.05,0.0,16,1.0924547696113578,-6.921713108004946,-6.421712393230862
2854,pp,0.05,0.0,70,1.6907000064849864,-8.26868378754818,-7.215382570690579
2855,do,0.05,0.0,43,1.4611278843879694,-6.368184906063658,-6.013209883371989
2856,pp,0.05,0.0,52,1.7201678979396817,-5.734577648567431,-5.267225816514757
2857,do,0.05,0.0,24,0.5776873695850373,-6.918502738259056,-6.925260374281142
2858,pp,0.05,0.0,37,1.7902849793434141,-5.929444794221358,-5.287287441889445
2859,do,0.05,0.0,67,1.1147931575775143,-7.664514321991891,-7.420949162377251
2860,pp,0.05,0.0,22,1.7406805694103245,-5.9605210203112975,-5.054758702384101
2861,do,0.05,0.0,14,1.5975749802589414,-4.570922799543901,-4.057203258408441
2862,pp,0.05,0.0,23,1.829474693536758,-4.974887386957804,-4.741973718007405
2863,do,0.05,0.0,23,1.498752648830414,-5.543089818954468,-5.969327635235256
2864,pp,0.05,0.0,14,1.3251317656040191,-6.291990661621094,-6.0765973117616445
2865,do,0.05,0.0,21,1.6425548326969146,-5.44274538936037,-5.949274587631225
2866,pp,0.05,0.0,38,0.9781739580631257,-7.116035249016502,-6.374010366863675
2867,do,0.05,0.0,24,0.3564717829227453,-6.7137598427859215,-6.409189065297444
2868,pp,0.05,0.0,13,0.6635157442092892,-5.88172801769141,-5.414496013853285
2869,do,0.05,0.0,70,0.6317127037048351,-6.914331387028549,-6.77865719265408
2870,pp,0.05,0.0,13,0.867690198421478,-5.210970960963856,-4.847090784708659
2871,do,0.05,0.0,3,0.06520293951034528,-4.830589190396395,-4.414456012513902
2872,pp,0.05,0.0,3,0.15614936232566823,-4.777428329352176,-4.548166971736484
2873,do,0.05,0.0,3,0.7123103284835821,-4.624063948428992,-4.689863604969449
2874,pp,0.05,0.0,14,0.805939520597458,-6.3802239548076285,-5.521889299816555
2875,do,0.05,0.0,67,1.61384838461876,-6.8386534170670945,-6.00811038547092
2876,pp,0.05,0.0,28,2.1358257830142984,-5.631363579721162,-5.128979439205594
2877,do,0.05,0.0,3,0.6828413677215579,-4.069237963358561,-4.250096816486782
2878,pp,0.05,0.0,3,-0.036529736518859934,-4.574965540568034,-4.386135715908474
2879,do,0.05,0.0,47,1.0014005672931674,-5.78047334353129,-5.658471401532491
2880,pp,0.05,0.0,34,0.5805985260009772,-6.872763990633415,-6.181798328293694
2881,do,0.05,0.0,16,2.944996711015701,-4.969703411333489,-4.787246259053548
2882,pp,0.05,0.0,69,0.6339000630378715,-7.257287979125977,-6.290608596801758
2883,do,0.05,0.0,7,1.1993106544017795,-4.84368680751685,-4.374675149387784
2884,pp,0.05,0.0,13,0.9826146733760837,-5.169115378639915,-4.448685065905253
2885,do,0.05,0.0,7,0.8994253742694855,-4.807200954899644,-4.210981546507941
2886,pp,0.05,0.0,11,1.3233308398723604,-5.483649381001791,-4.694049252404107
2887,do,0.05,0.0,33,2.7522045445442203,-5.708144315083822,-5.3738163921568125
2888,pp,0.05,0.0,41,3.3335958552360525,-4.943529380451549,-4.48587625556522
2889,do,0.05,0.0,15,1.6031900095939635,-5.796970595735492,-5.287719853719076
2890,pp,0.05,0.0,36,2.0871587193012235,-5.882027221448494,-5.290710576375326
2891,do,0.05,0.0,8,1.3658630275726313,-4.636107947609641,-4.514668764008416
2892,pp,0.05,0.0,32,1.8777045643329613,-4.840283289822665,-4.902374813291762
2893,do,0.05,0.0,62,1.8482962441444393,-5.997691576408617,-5.7033951176537405
2894,pp,0.05,0.0,7,-0.4645676207542415,-5.1966768539313115,-4.527674640549554
2895,do,0.05,0.0,7,0.5910374951362609,-4.492615614515362,-4.884912247127957
2896,pp,0.05,0.0,17,1.0099367570877078,-5.357091660933061,-5.2269334157307945
2897,do,0.05,0.0,63,2.429576045274734,-6.947504247318615,-6.163321646054586
2898,pp,0.05,0.0,7,0.6936373293399818,-5.001899028546882,-4.644597355524699
2899,do,0.05,0.0,24,2.6775404655933377,-4.873892249483051,-4.996964269214207
2900,pp,0.05,0.0,70,0.8853541064262398,-6.943900488362168,-6.730229324764675
2901,do,0.05,0.0,70,1.9075561380386343,-7.679664178328081,-7.38142924838596
2902,pp,0.05,0.0,17,0.659613652229309,-5.416834211349487,-4.723126424683465
2903,do,0.05,0.0,34,1.4642514145374301,-6.481919930197976,-6.011764001846314
2904,pp,0.05,0.0,37,1.3139525747299192,-5.764015814752289,-5.53048613998625
2905,do,0.05,0.0,36,2.0952481770515448,-6.507481011477384,-5.99749329355028
2906,pp,0.05,0.0,70,1.8495203506946565,-6.423233036561446,-6.308870445357429
2907,do,0.05,0.0,70,2.3145856606960304,-6.3455905654213645,-6.114677264955309
2908,pp,0.05,0.0,64,2.614441140890121,-5.827689608660611,-5.585229561063978
2909,do,0.05,0.0,10,0.03918767690658509,-5.540489740082712,-5.380744205580817
2910,pp,0.05,0.0,65,2.983357096910477,-6.847355894608931,-5.9008100562625465
2911,do,0.05,0.0,9,0.4905951368808745,-5.256934502630523,-5.487151124742296
2912,pp,0.05,0.0,35,2.2884938168525704,-6.001139295462406,-5.861189511087206
2913,do,0.05,0.0,9,1.0130403637886047,-4.656177035245029,-4.253881888919406
2914,pp,0.05,0.0,70,0.9258523380756385,-6.057647566361861,-5.393641869227092
2915,do,0.05,0.0,31,2.5501363027095794,-5.591729380867698,-5.989505330721538
2916,pp,0.05,0.0,70,1.7644018161296842,-6.421058150493738,-6.40123749838935
2917,do,0.05,0.0,20,2.906325235366821,-5.27258413921703,-4.874027371406555
2918,pp,0.05,0.0,28,1.9836273634433743,-4.93872460307497,-4.387457921769884
2919,do,0.05,0.0,57,3.514553582668305,-6.286800760211366,-5.490167032347785
2920,pp,0.05,0.0,17,1.8916946101188659,-4.960028448971835,-4.354205685191684
2921,do,0.05,0.0,13,1.4561612260341645,-5.154818095582904,-5.6858830637402
2922,pp,0.05,0.0,57,2.8543867671489718,-5.824762019244107,-5.177570388052199
2923,do,0.05,0.0,36,3.4424755692481996,-5.684806163383253,-5.727449705865648
2924,pp,0.05,0.0,30,3.228412290811538,-4.478988000118371,-4.088162439399295
2925,do,0.05,0.0,17,2.205453233718872,-4.868225496465509,-4.812729620933533
2926,pp,0.05,0.0,70,1.6402945446968076,-5.507656179774891,-5.659074322382609
2927,do,0.05,0.0,55,1.6970569622516631,-7.214141900611646,-6.963171248965793
2928,pp,0.05,0.0,66,2.070532528162003,-5.906848222559149,-5.434942640198601
2929,do,0.05,0.0,67,1.285690901279449,-7.503377824841124,-8.392486837175158
2930,pp,0.05,0.0,56,0.8539366650581357,-8.168380049503211,-7.115394441286723
2931,do,0.05,0.0,12,2.3713320410251617,-5.123726841897676,-4.827334321869744
2932,pp,0.05,0.0,26,2.533045021295547,-5.035750413663459,-4.459414935111999
2933,do,0.05,0.0,2,0.24387530565261795,-4.442581137743863,-4.134631215201484
2934,pp,0.05,0.0,66,0.06019199728965674,-7.525472802826853,-7.2141496605343285
2935,do,0.05,0.0,30,1.6672990453243255,-5.775365872816606,-5.733961399396261
2936,pp,0.05,0.0,67,0.39420814275741645,-7.331926715735233,-6.9835669941372345
2937,do,0.05,0.0,7,1.1826043307781218,-5.226866862268158,-4.708933183881972
2938,pp,0.05,0.0,56,2.14667721271515,-6.963362075343277,-6.619501850340101
2939,do,0.05,0.0,12,1.9652953588962552,-5.16629725225044,-4.772346048884922
2940,pp,0.05,0.0,1,0.024156346321105637,-5.461434453906435,-4.945963263511658
2941,do,0.05,0.0,36,1.9149732291698456,-5.679926415645715,-5.00050802230835
2942,pp,0.05,0.0,12,1.0228671431541443,-5.887234277436227,-5.3115391280916
2943,do,0.05,0.0,12,2.288613922595978,-4.5595292178067295,-4.601784851815966
2944,pp,0.05,0.0,47,1.0273430657386786,-6.1099712675268,-5.737660267617968
2945,do,0.05,0.0,70,1.0791344249248498,-7.164381372567379,-6.400687352816264
2946,pp,0.05,0.0,70,2.543383405208587,-5.637332398963697,-5.341799979739719
2947,do,0.05,0.0,18,2.7446414923667906,-5.385517669446541,-7.19453518655565
2948,pp,0.05,0.0,69,2.2542592918872844,-5.803155984300556,-5.891685239473978
2949,do,0.05,0.0,36,3.380898334980011,-5.43499194058505,-5.006696208318075
2950,pp,0.05,0.0,69,4.524640284776688,-5.77747193105293,-5.4522108104493885
2951,do,0.05,0.0,23,1.6663079667091365,-6.292266519141919,-5.902806584040324
2952,pp,0.05,0.0,70,1.7544353342056267,-6.9310553016084615,-6.139296086629232
2953,do,0.05,0.0,5,0.6146864926815025,-5.2997985377456205,-4.761495794190301
2954,pp,0.05,0.0,65,1.5659266877174378,-6.059400835904208,-5.359202133284675
2955,do,0.05,0.0,54,1.911292184591293,-7.4230740388234455,-7.369880840513441
2956,pp,0.05,0.0,70,1.7944244587421423,-6.283116716327089,-5.513414306110806
2957,do,0.05,0.0,36,3.6625328683853153,-5.772955989837646,-6.6204882118437025
2958,pp,0.05,0.0,58,1.950170484781264,-6.966272737040664,-6.127609822485182
2959,do,0.05,0.0,6,0.5276248097419742,-5.458351921312737,-4.87959038151635
2960,pp,0.05,0.0,70,1.124133534431457,-6.847023476976337,-6.290864978896247
2961,do,0.05,0.0,42,2.1105166316032413,-6.856019365426266,-6.068375892109341
2962,pp,0.05,0.0,30,1.9332649660110484,-7.315454383329912,-6.328998027907478
2963,do,0.05,0.0,64,2.484780322313309,-8.58902368112044,-6.8936528179380625
2964,pp,0.05,0.0,25,1.4799157452583316,-6.068624486345233,-5.566967127058241
2965,do,0.05,0.0,17,2.7516568994522093,-5.448582857305353,-5.4019438081317475
2966,pp,0.05,0.0,13,1.8881034719943992,-4.807883524172234,-4.345659867922465
2967,do,0.05,0.0,70,3.3238190096616744,-5.877963370987863,-6.979456244574653
2968,pp,0.05,0.0,70,1.8417956340312944,-7.997007348320701,-6.946039692560832
2969,do,0.05,0.0,18,1.9273293566703797,-5.20562295480208,-4.967759919166565
2970,pp,0.05,0.0,19,1.5243754363060003,-6.479243999538999,-5.503100803163316
2971,do,0.05,0.0,70,2.181924014091492,-6.146705945332845,-7.560264444351196
2972,pp,0.05,0.0,68,1.8453708934783934,-6.281039863644224,-5.753582016626994
2973,do,0.05,0.0,61,2.372425290346145,-6.207338740608909,-6.122504014439053
2974,pp,0.05,0.0,55,3.5820423698425286,-6.013799560431278,-5.744494639502632
2975,do,0.05,0.0,22,2.3130449187755584,-5.6326639132066205,-5.149085362752278
2976,pp,0.05,0.0,6,0.021363875865936244,-5.28420800295743,-4.297892350620693
2977,do,0.05,0.0,47,1.619132513999939,-6.255996529261271,-5.846587875154284
2978,pp,0.05,0.0,36,2.3096908593177794,-5.86151760708202,-5.973583896954854
2979,do,0.05,0.0,38,2.1420151615142817,-6.822738699479537,-7.616638321346707
2980,pp,0.05,0.0,26,0.9787352180480955,-5.8320147109754155,-5.101250730620491
2981,do,0.05,0.0,70,2.529421354532242,-8.716417409434463,-6.9647354814741345
2982,pp,0.05,0.0,59,2.9622955107688913,-6.299065227219553,-5.7510330385631985
2983,do,0.05,0.0,70,1.9090054607391354,-7.923919440760757,-7.830976767010159
2984,pp,0.05,0.0,19,2.3627260744571688,-4.505152599739306,-4.526381595929464
2985,do,0.05,0.0,27,1.5703520965576176,-6.234951056856097,-5.741015603807237
2986,pp,0.05,0.0,24,2.614694579839706,-5.085289497086496,-4.4828173557917275
2987,do,0.05,0.0,34,2.1450583505630485,-7.228209809100989,-6.154262341393364
2988,pp,0.05,0.0,70,2.2732703423500062,-6.876970178430731,-6.568694665696886
2989,do,0.05,0.0,66,1.0568649089336395,-5.964652213183316,-5.501971255408393
2990,pp,0.05,0.0,8,0.5000966882705686,-5.126844089681452,-4.581078396903144
2991,do,0.05,0.0,64,1.0336859583854672,-6.8170809774687795,-6.467915376027425
2992,pp,0.05,0.0,48,1.7360313403606416,-8.34305194941434,-7.17863130039639
2993,do,0.05,0.0,20,0.6737292027473449,-6.3430545431194885,-5.811151827706231
2994,pp,0.05,0.0,14,0.9139017415046693,-5.580943338798754,-5.269357840220134
2995,do,0.05,0.0,16,1.016486086845397,-5.990644765622688,-5.809391887982686
2996,pp,0.05,0.0,5,0.6358890092372897,-5.195369797041922,-4.932604432106018
2997,do,0.05,0.0,70,1.656674995422363,-7.347301474484531,-7.164734967549642
2998,pp,0.05,0.0,24,2.520947252511978,-5.652410601124619,-4.9411728011237255
2999,do,0.05,0.0,13,0.4556744730472566,-5.74092257528594,-5.049068254894681
3000,pp,0.05,0.0,31,2.069083443880081,-6.006361792304299,-5.401566449801127
3001,do,0.05,0.0,28,2.5041579949855812,-5.813998742537065,-5.713997790548537
3002,pp,0.05,0.0,12,1.4072430026531215,-5.036784073800751,-4.772648943795098
3003,do,0.05,0.0,70,1.1908988583087918,-6.914357615962173,-7.037480468220181
3004,pp,0.05,0.0,28,2.570568512678147,-5.211789251096321,-4.950288396411472
3005,do,0.05,0.0,6,0.9348627781867975,-5.404059576265739,-4.906492572360569
3006,pp,0.05,0.0,8,0.39223241925239627,-5.638855220332291,-5.112017978562249
3007,do,0.05,0.0,13,1.9371507418155671,-5.037781364267523,-4.692511518796285
3008,pp,0.05,0.0,20,1.618386627435684,-4.748669128706961,-4.7358015643225775
3009,do,0.05,0.0,4,0.17687140941619894,-4.938487313010476,-4.583848094940185
3010,pp,0.05,0.0,15,2.337909581661224,-5.213136480793809,-4.7075618320041235
3011,do,0.05,0.0,70,1.1813126564025875,-7.487356170018514,-6.63134876092275
3012,pp,0.05,0.0,23,1.3402569496631607,-7.17138163393194,-7.229902844958835
3013,do,0.05,0.0,67,1.8323164510726935,-7.147675826332786,-6.937448914845785
3014,pp,0.05,0.0,43,2.5392107081413275,-6.9313181660392065,-6.331993895106845
3015,do,0.05,0.0,68,1.0612913274765017,-8.297763026844372,-8.07612747086419
3016,pp,0.05,0.0,25,0.8347803783416756,-7.2521149288524285,-7.195242389043172
3017,do,0.05,0.0,3,-0.23887127280235276,-4.880991444443211,-4.461938209003872
3018,pp,0.05,0.0,51,1.6447701013088238,-6.814888043837114,-6.0340595722198485
3019,do,0.05,0.0,6,0.1282688498497011,-4.877459083903919,-4.373877967728509
3020,pp,0.05,0.0,10,2.1244757616519934,-4.49132166631294,-4.031483128335741
3021,do,0.05,0.0,64,1.9280597662925727,-6.929501469930013,-6.594252814186944
3022,pp,0.05,0.0,12,1.6864635694026946,-4.9815699794075705,-5.010819578170777
3023,do,0.05,0.0,41,3.8028783011436467,-5.81770967281226,-5.3037534581290355
3024,pp,0.05,0.0,34,2.2434540879726406,-4.685288322333133,-4.740551519393921
3025,do,0.05,0.0,4,0.5081343173980715,-4.442920995481087,-4.2029152075449625
3026,pp,0.05,0.0,28,0.9244526517391201,-6.45232584548719,-6.15854312049018
3027,do,0.05,0.0,70,2.3260638451576225,-7.539354233308272,-6.830777512656318
3028,pp,0.05,0.0,21,1.3138226497173315,-5.997475619749589,-5.208197233412001
3029,do,0.05,0.0,70,2.519411017894745,-6.4240957780317824,-5.971288903554281
3030,pp,0.05,0.0,39,1.761323528289795,-6.220734915588841,-6.094666772418552
3031,do,0.05,0.0,11,0.06433216571807865,-6.577484252236106,-5.496006104681227
3032,pp,0.05,0.0,32,1.788698735237121,-6.383120692859997,-6.210464141103956
3033,do,0.05,0.0,19,2.4021465849876398,-7.1882348884235725,-6.5943213621775305
3034,pp,0.05,0.0,33,2.0402908253669736,-7.006102764245235,-6.047499457995097
3035,do,0.05,0.0,17,1.9004923808574672,-4.9643981630151925,-4.585038250022464
3036,pp,0.05,0.0,18,2.0287374615669247,-5.5474860942724975,-4.777661583158705
3037,do,0.05,0.0,6,0.9991010975837709,-4.587645413658835,-4.576158396402994
3038,pp,0.05,0.0,47,2.6338778758049006,-4.915931583173347,-4.5270212968190515
3039,do,0.05,0.0,22,0.7850049161911006,-6.562940938544996,-6.033172859085931
3040,pp,0.05,0.0,30,1.6166277790069579,-5.770907040798303,-5.302809384134081
3041,do,0.05,0.0,26,2.2951407074928287,-4.482709024891709,-4.22342618836297
3042,pp,0.05,0.0,18,1.016408197879791,-5.515568116216949,-4.605920622083876
3043,do,0.05,0.0,27,1.0580790388584136,-5.985795691519073,-5.014498159620497
3044,pp,0.05,0.0,57,1.1486365866661084,-6.310821332353534,-5.981692401568095
3045,do,0.05,0.0,9,0.668197348117828,-4.791846805630308,-4.307569683922662
3046,pp,0.05,0.0,29,1.1033380913734439,-5.185801599964951,-4.4230075902409025
3047,do,0.05,0.0,23,1.983865619897843,-4.152331502509839,-3.800761580467224
3048,pp,0.05,0.0,70,2.7076091229915615,-4.825250885703347,-4.191266197628445
3049,do,0.05,0.0,33,1.7811146104335789,-5.023559849189989,-4.532480063703325
3050,pp,0.05,0.0,15,0.7230685269832611,-5.04935588981166,-4.070436451170179
3051,do,0.05,0.0,10,1.0808973085880282,-4.224696699778239,-3.9856553024715846
3052,pp,0.05,0.0,70,0.9610876989364634,-5.608955951170488,-5.3496229595608185
3053,do,0.05,0.0,27,3.380761913061143,-4.5432632186196065,-4.313705942365858
3054,pp,0.05,0.0,33,4.299402023553849,-5.1721004991820365,-4.200483237372504
3055,do,0.05,0.0,16,1.8132859039306641,-4.052094166206591,-3.770647535059187
3056,pp,0.05,0.0,45,1.4783944141864769,-5.347351929635712,-4.589141492048899
3057,do,0.05,0.0,9,1.2366909992694852,-4.185764822815404,-4.011477369732327
3058,pp,0.05,0.0,8,0.6437260055541989,-5.184003376238274,-4.251057603624132
3059,do,0.05,0.0,20,1.7468367683887482,-4.4447756333784625,-4.064402916696337
3060,pp,0.05,0.0,30,1.5500042033195491,-5.987569144277861,-5.439732612503899
3061,do,0.05,0.0,34,1.253352360725402,-5.832303924271555,-6.449889193640815
3062,pp,0.05,0.0,70,1.4021453213691704,-6.191664750648267,-5.756467906634013
3063,do,0.05,0.0,36,1.7807925665378574,-4.5724835901549366,-4.223851746982998
3064,pp,0.05,0.0,17,2.035724056959152,-4.881349180683945,-4.147495145267911
3065,do,0.05,0.0,18,1.5265416967868806,-4.688559779976353,-4.098825474580129
3066,pp,0.05,0.0,11,1.2788038516044615,-4.682855824268225,-3.913479044702318
3067,do,0.05,0.0,43,2.094206396341324,-6.077840741475423,-5.462331612904866
3068,pp,0.05,0.0,43,1.5791809260845193,-6.613414121396614,-6.199437329504225
3069,do,0.05,0.0,8,1.385868046283722,-4.125508132847872,-3.855272622903188
3070,pp,0.05,0.0,20,1.0119655656814572,-6.272064638137818,-5.3883474005593195
3071,do,0.05,0.0,70,2.1084330737590786,-4.936295327995762,-4.582447825537788
3072,pp,0.05,0.0,57,3.0467855203151704,-4.8630682237220535,-4.359766452842289
3073,do,0.05,0.0,26,2.542766743898392,-4.190926686922709,-3.8909865458806356
3074,pp,0.05,0.0,14,1.4227612257003779,-4.4869612043554135,-3.956059065130022
3075,do,0.05,0.0,18,2.063143243789673,-4.889910488417654,-4.538577667872111
3076,pp,0.05,0.0,12,1.3973360049724572,-5.800064582535715,-5.468434969584147
3077,do,0.05,0.0,21,2.4762208712100975,-4.3607076615998235,-4.1241861343383786
3078,pp,0.05,0.0,18,2.6353724026679997,-4.9256838451732285,-4.47921805911594
3079,do,0.05,0.0,24,1.1347262251377108,-4.238959256085482,-3.889886901113722
3080,pp,0.05,0.0,8,0.011819082498550237,-5.32775570118066,-4.938288399908278
3081,do,0.05,0.0,27,2.0313671970367437,-4.362290732065836,-4.314023632473416
3082,pp,0.05,0.0,36,1.2986413443088534,-5.489130934801969,-5.000346382459004
3083,do,0.05,0.0,70,3.4189136588573454,-5.447826953367754,-5.135713002416822
3084,pp,0.05,0.0,23,2.1989179217815398,-5.526100654313058,-4.495318122704824
3085,do,0.05,0.0,9,1.2667180693149565,-4.552076897476659,-4.241434913211399
3086,pp,0.05,0.0,27,1.7482902181148532,-5.342450550830725,-4.960350529352824
3087,do,0.05,0.0,42,3.9656753122806556,-5.437057739315611,-5.344337307082283
3088,pp,0.05,0.0,15,2.1537656116485593,-4.46597512996558,-3.8959343155225117
3089,do,0.05,0.0,24,1.9729920220375066,-5.728868665117206,-5.782186563809713
3090,pp,0.05,0.0,16,2.167733079195023,-4.928148691581957,-4.894065438376533
3091,do,0.05,0.0,17,1.7281339001655578,-5.160806596640384,-4.860051033231947
3092,pp,0.05,0.0,16,2.3762665092945108,-5.0229975093494765,-4.018939627541436
3093,do,0.05,0.0,44,2.198395110368728,-5.814482934547193,-6.004375116030375
3094,pp,0.05,0.0,18,1.8298494040966036,-5.67168595718615,-5.146855658955044
3095,do,0.05,0.0,23,1.8619655847549446,-4.413946544762814,-3.9573150277137756
3096,pp,0.05,0.0,28,2.085421680212021,-5.21632008263559,-4.166974727312724
3097,do,0.05,0.0,70,2.304145333766937,-6.025040279735219,-6.826205990049574
3098,pp,0.05,0.0,16,1.9813707947731016,-4.855896114580559,-4.221692970063951
3099,do,0.05,0.0,10,0.6513695824146275,-4.552254603125832,-4.158797603183323
3100,pp,0.05,0.0,34,2.3345839667320245,-6.4824431217078,-5.348210922876993
3101,do,0.05,0.0,70,3.554935686588287,-6.376981899955056,-5.757229770554437
3102,pp,0.05,0.0,14,2.229098445177078,-4.6819686369462445,-4.491484300295512
3103,do,0.05,0.0,20,2.0580386066436773,-4.4331582893024795,-4.215529361036089
3104,pp,0.05,0.0,21,2.0064708340168,-5.374325625101725,-4.790678832266066
3105,do,0.05,0.0,16,0.8179721713066099,-5.572792644211741,-4.742920443746779
3106,pp,0.05,0.0,16,2.7853525400161745,-5.68176400011236,-5.035439573393928
3107,do,0.05,0.0,36,1.2266875600814817,-6.349047709956314,-5.986715388298035
3108,pp,0.05,0.0,42,1.2077304923534387,-5.543463526350079,-5.040565384758843
3109,do,0.05,0.0,70,2.424294700622559,-5.72551010016239,-6.220618486404419
3110,pp,0.05,0.0,8,0.8410148108005524,-5.374437271464955,-4.3385461356904775
3111,do,0.05,0.0,70,2.344670386314392,-5.867367920731053,-6.819685294893053
3112,pp,0.05,0.0,70,2.815408619642257,-6.186851206692782,-5.398075013690525
3113,do,0.05,0.0,19,2.531303944587707,-5.571093273162842,-5.081562328338623
3114,pp,0.05,0.0,27,3.2137932646274567,-6.0031230753118345,-5.223998461829291
3115,do,0.05,0.0,47,1.426861264705658,-6.297566837252993,-5.9022643619113495
3116,pp,0.05,0.0,28,1.8719873332977288,-6.516804507284453,-5.681777625613742
3117,do,0.05,0.0,32,1.8287458908557896,-4.365129158713601,-4.687251340018379
3118,pp,0.05,0.0,15,1.5174040949344638,-4.8563996199405555,-4.113124349382189
3119,do,0.05,0.0,65,2.455930970907211,-5.8898904713717375,-5.918503575854832
3120,pp,0.05,0.0,5,0.3715510618686677,-5.3452417229161115,-4.5793552478154504
3121,do,0.05,0.0,54,2.2419216060638423,-5.396846583395293,-6.773672080039978
3122,pp,0.05,0.0,26,1.1339612996578223,-5.6089153651035195,-4.7685689820183645
3123,do,0.05,0.0,38,2.1078739392757413,-6.196370488947088,-5.492824101448059
3124,pp,0.05,0.0,20,2.215536127090454,-5.060389937776508,-4.467979158295526
3125,do,0.05,0.0,38,3.3866707909107214,-6.711308787085793,-6.705275339550442
3126,pp,0.05,0.0,12,1.6910389006137851,-5.827178622737075,-4.366830172803667
3127,do,0.05,0.0,67,3.423075190782547,-5.307692230109012,-4.917496503723992
3128,pp,0.05,0.0,13,1.9799173271656034,-4.869132169087728,-4.18364417552948
3129,do,0.05,0.0,37,2.6896053075790407,-5.077033909884366,-4.6686407460106745
3130,pp,0.05,0.0,12,1.8652327179908754,-4.7107841665094545,-4.386856616867913
3131,do,0.05,0.0,37,2.099241287708283,-4.313237858541084,-4.062538234392802
3132,pp,0.05,0.0,27,2.568030753135681,-5.9507539315657185,-5.301965090963575
3133,do,0.05,0.0,18,1.5982043778896333,-4.629244232177735,-4.309765847524007
3134,pp,0.05,0.0,62,1.696121788024902,-6.805010229168516,-5.800386903021071
3135,do,0.05,0.0,61,1.970728105306625,-4.915715370756207,-4.463503807120853
3136,pp,0.05,0.0,38,1.6782517373561863,-5.6412325656775275,-4.644009296099345
3137,do,0.05,0.0,70,2.42554708123207,-6.681452122601596,-5.6006840493943955
3138,pp,0.05,0.0,44,1.3267263138294227,-5.246034447352091,-5.104342571894327
3139,do,0.05,0.0,65,2.2806941211223615,-6.664883463310473,-6.000638169712491
3140,pp,0.05,0.0,7,1.3708819758892057,-4.953559892827815,-4.494705409473843
3141,do,0.05,0.0,56,3.242089427709579,-6.139524732936512,-5.550128549999661
3142,pp,0.05,0.0,66,2.4092288279533385,-6.6823801358540855,-6.1022908926010135
3143,do,0.05,0.0,42,2.5484264373779295,-6.821390729961974,-6.038836169242859
3144,pp,0.05,0.0,21,1.9677835118770597,-4.594078789335309,-4.04868646727668
3145,do,0.05,0.0,64,1.9107414782047272,-7.039887845877445,-6.1201436731550425
3146,pp,0.05,0.0,70,2.0245183956623087,-5.816242456436157,-5.005287591616312
3147,do,0.05,0.0,62,3.5455885756015784,-5.177623816692468,-4.661784164110819
3148,pp,0.05,0.0,37,1.4382120358943933,-5.743985840768525,-5.237338736322191
3149,do,0.05,0.0,70,1.6481664276123054,-5.813122567263517,-5.362815605269538
3150,pp,0.05,0.0,46,2.5270406353473662,-4.641388378721295,-4.515404205852085
3151,do,0.05,0.0,70,1.705620356798172,-5.558197739630034,-5.193212548891704
3152,pp,0.05,0.0,51,1.9213465797901152,-5.284836436762954,-5.080431863996718
3153,do,0.05,0.0,27,2.435404133796693,-6.4617145885120735,-6.469125270843506
3154,pp,0.05,0.0,18,1.773980444669724,-4.71223244378061,-4.460107122527228
3155,do,0.05,0.0,19,2.456525398492814,-6.233016206278945,-5.67746906015608
3156,pp,0.05,0.0,25,2.516530996561051,-6.136555602333763,-5.028357272677951
3157,do,0.05,0.0,21,1.983237320184708,-5.6818375414068045,-5.046661890877617
3158,pp,0.05,0.0,14,2.2340670144557953,-4.670529486916282,-3.996534374025133
3159,do,0.05,0.0,50,3.306215943098068,-6.27559556238579,-5.827769433127509
3160,pp,0.05,0.0,70,2.571508505344392,-7.447475642868967,-7.285083429018656
3161,do,0.05,0.0,70,2.3690267777442937,-6.6898066694086245,-5.919207466973199
3162,pp,0.05,0.0,42,2.592146662473678,-5.461215043790412,-5.094800098737081
3163,do,0.05,0.0,37,2.148396105766297,-5.455975343241836,-4.918009898397657
3164,pp,0.05,0.0,35,1.894944789409637,-6.389004492037224,-5.696080009142558
3165,do,0.05,0.0,51,1.0833251523971557,-6.017341729366418,-5.2302296506034
3166,pp,0.05,0.0,70,1.0179720985889436,-8.480020560640277,-6.8183730867173935
3167,do,0.05,0.0,43,2.8398001599311833,-5.501143396261966,-5.09585641225179
3168,pp,0.05,0.0,39,2.259446314573289,-5.347110402945316,-4.663375825352139
3169,do,0.05,0.0,33,1.1230629932880403,-5.380218515974103,-5.28090861638387
3170,pp,0.05,0.0,14,2.4956462836265567,-4.185298525203358,-3.760636908478207
3171,do,0.05,0.0,70,2.360893499851227,-5.98553269848679,-5.5161682844161986
3172,pp,0.05,0.0,12,1.5565310299396522,-4.399219878514608,-3.7079469839731853
3173,do,0.05,0.0,70,1.754653038978577,-6.573668620080658,-6.198810209168328
3174,pp,0.05,0.0,10,1.002016423940658,-5.654462291255141,-4.793741393089294
3175,do,0.05,0.0,26,1.7062555527687078,-5.666252370314164,-5.056451882256402
3176,pp,0.05,0.0,21,2.4785838675498955,-5.200731095400724,-4.66481839021047
3177,do,0.05,0.0,55,2.6832082152366636,-6.361498881831314,-5.4702507389916315
3178,pp,0.05,0.0,29,3.4823224484920505,-5.250395758946737,-4.565920281410217
3179,do,0.05,0.0,58,0.9609075260162356,-5.83021003260757,-5.977224773830837
3180,pp,0.05,0.0,44,2.581905149221421,-5.803857859698209,-5.002347977956136
3181,do,0.05,0.0,29,2.271214717626571,-5.587860429648197,-4.930230220158895
3182,pp,0.05,0.0,13,1.454627538919449,-4.4946050065936465,-3.9705267760488723
3183,do,0.05,0.0,36,2.9284609293937676,-5.565650496338353,-5.094084395302667
3184,pp,0.05,0.0,13,2.1679726457595825,-4.809423046401053,-4.520289238293966
3185,do,0.05,0.0,70,1.9788934075832376,-7.659615648154056,-7.586993953916761
3186,pp,0.05,0.0,14,2.887019486427307,-4.551627263155851,-3.6946670532226564
3187,do,0.05,0.0,63,1.333401657342911,-5.310406918959184,-4.603968358039856
3188,pp,0.05,0.0,23,2.5568463039398193,-4.783948071797689,-4.102326101726955
3189,do,0.05,0.0,55,3.1750011539459235,-6.417298051082727,-6.269874284002516
3190,pp,0.05,0.0,55,3.2733019328117363,-6.2946235743435945,-5.609648995929295
3191,do,0.05,0.0,47,3.1724112927913675,-6.125860916484486,-5.546316840913561
3192,pp,0.05,0.0,15,2.4123344373703004,-4.925954461820198,-4.577656549877591
3193,do,0.05,0.0,70,2.687700284719468,-6.17003657023112,-5.755424014727274
3194,pp,0.05,0.0,36,1.5398765218257902,-5.661747751813946,-5.21273340649075
3195,do,0.05,0.0,23,2.605544537305832,-6.17159136280869,-5.736980822351244
3196,pp,0.05,0.0,41,1.5208044314384468,-6.553239581079194,-5.749830818176269
3197,do,0.05,0.0,45,1.7834908223152164,-5.979135020573934,-5.180730024973552
3198,pp,0.05,0.0,34,2.902832223176956,-5.297281489227757,-4.6298197136984935
3199,do,0.05,0.0,68,1.3810776650905616,-6.376235742279977,-6.811900101767646
3200,pp,0.05,0.0,20,2.12219450712204,-4.990063004060225,-4.1290014876259695
3201,do,0.05,0.0,11,1.2334761393070224,-5.323404856884118,-5.004297206136916
3202,pp,0.05,0.0,23,3.8375560426712036,-5.6256083502913965,-4.9521452983220415
3203,do,0.05,0.0,60,3.112518062591553,-7.279805690591986,-6.7502167807685005
3204,pp,0.05,0.0,29,2.807007052898407,-6.0700141126459295,-5.905817641152276
3205,do,0.05,0.0,64,1.7764093840122221,-6.136258087736188,-5.596320721838209
3206,pp,0.05,0.0,26,1.3910047578811646,-6.487684887105768,-5.931630071004232
3207,do,0.05,0.0,34,2.2581395673751823,-6.041536605719364,-5.612136663330926
3208,pp,0.05,0.0,20,2.546322759389878,-5.592877672657822,-5.038832733366225
3209,do,0.05,0.0,39,1.452386727333069,-6.031482497128573,-5.2840857611762155
3210,pp,0.05,0.0,21,1.4983802270889282,-5.962532167723684,-5.221113761266072
3211,do,0.05,0.0,51,1.2066280865669246,-8.288533485297,-7.558732271194458
3212,pp,0.05,0.0,12,1.1924347782135003,-4.721422175205115,-4.1840847889582315
3213,do,0.05,0.0,62,1.6784669589996337,-6.287430649092703,-6.093510725763109
3214,pp,0.05,0.0,42,1.5553050470352172,-5.856891964421128,-5.385215478473239
3215,do,0.05,0.0,46,0.5570796847343447,-7.630562824191469,-6.790887014071147
3216,pp,0.05,0.0,16,0.33318280696868907,-5.5637073198954266,-4.834862404399448
3217,do,0.05,0.0,41,3.57607920050621,-5.700067994088838,-5.398605871200561
3218,pp,0.05,0.0,37,3.004897921085357,-5.641436423677387,-4.37754844824473
3219,do,0.05,0.0,64,1.4044562363624573,-6.167565045212254,-6.535178486506144
3220,pp,0.05,0.0,24,1.563841028213501,-5.194615588043675,-4.648494993315802
3221,do,0.05,0.0,27,1.7926615345478059,-5.70407178474195,-5.346580825911628
3222,pp,0.05,0.0,35,2.204661290645599,-5.238828031944506,-4.323722285694546
3223,do,0.05,0.0,20,1.5308396840095524,-5.681161079984722,-5.117505319913229
3224,pp,0.05,0.0,41,1.8915466260910048,-7.096689906264796,-6.364145339859856
3225,do,0.05,0.0,54,2.5482894980907442,-5.247716705726854,-5.159757357173496
3226,pp,0.05,0.0,63,2.4770563244819632,-5.43170296495611,-4.2732550462087
3227,do,0.05,0.0,33,3.1209817051887514,-5.5108672387672195,-5.074903578228421
3228,pp,0.05,0.0,24,2.1985256242752076,-4.832370552872167,-4.523554836379157
3229,do,0.05,0.0,43,2.284174301624298,-5.634610124067827,-5.446584214104546
3230,pp,0.05,0.0,25,2.2747595143318176,-5.621783216071852,-4.760011506080628
3231,do,0.05,0.0,17,1.5477277624607089,-4.874341083295418,-4.334941171275245
3232,pp,0.05,0.0,16,1.8668192315101626,-4.8284069769310225,-3.9186483197742037
3233,do,0.05,0.0,22,2.60039271235466,-5.197670094172159,-4.699169169531928
3234,pp,0.05,0.0,24,2.4597745692729953,-4.883340709859675,-4.488232254981995
3235,do,0.05,0.0,48,1.3291716706752776,-7.459083363504121,-6.630603779686822
3236,pp,0.05,0.0,70,1.8268562078475954,-6.49259845271255,-6.637954727808634
3237,do,0.05,0.0,5,0.3261962437629702,-5.109113681677616,-4.645401231447855
3238,pp,0.05,0.0,27,1.9527747166156768,-5.039683167139689,-4.844076720873515
3239,do,0.05,0.0,60,1.4646506381034854,-7.386405170325077,-6.966838969124688
3240,pp,0.05,0.0,26,3.163711655139922,-4.793859506375862,-4.313937939537896
3241,do,0.05,0.0,9,0.9368140411376951,-5.239328332380815,-4.95865977605184
3242,pp,0.05,0.0,61,3.401147701740265,-4.726294669238004,-4.569759554333157
3243,do,0.05,0.0,50,2.061232278347015,-6.425233992663297,-6.09561283853319
3244,pp,0.05,0.0,70,3.2413157832622526,-5.294089365005493,-5.098139402601454
3245,do,0.05,0.0,17,0.8712418425083159,-6.249242600527677,-5.72575204372406
3246,pp,0.05,0.0,49,3.3693736433982844,-4.878399528156628,-4.731409764289856
3247,do,0.05,0.0,11,1.1724993896484373,-5.4718618364045115,-4.86532932917277
3248,pp,0.05,0.0,38,1.7479397654533386,-5.857385385397709,-4.868741469913059
3249,do,0.05,0.0,23,1.4751574599742892,-6.047224453723792,-5.698798423343234
3250,pp,0.05,0.0,39,2.2347370862960814,-6.2735590790257305,-5.706660299830967
3251,do,0.05,0.0,11,1.4907554781436918,-4.4605177243550616,-4.205034425523546
3252,pp,0.05,0.0,24,1.950209208726882,-5.332086443178581,-5.006085938877529
3253,do,0.05,0.0,3,0.22707404136657683,-5.1099758191542195,-4.445007202360365
3254,pp,0.05,0.0,36,2.786958417892456,-5.671021909424753,-5.5900539053810965
3255,do,0.05,0.0,4,-0.3267404997348784,-5.409955147540931,-4.724483227729797
3256,pp,0.05,0.0,39,2.010037372112274,-5.213040817145146,-4.884695829285516
3257,do,0.05,0.0,14,1.856861149072647,-5.184444358132103,-4.849706178241306
3258,pp,0.05,0.0,46,2.747615823745728,-6.374823539907282,-5.715793119536506
3259,do,0.05,0.0,19,1.872522854804993,-5.480499146201394,-4.849429620636834
3260,pp,0.05,0.0,47,3.553380492925643,-6.023901611385924,-5.620036588774787
3261,do,0.05,0.0,5,-0.4070637869834899,-6.21810885776173,-5.123129039340549
3262,pp,0.05,0.0,56,2.5041318106651307,-5.341957704948657,-5.09843692779541
3263,do,0.05,0.0,66,2.7021067202091213,-7.847268208590421,-7.298371688524882
3264,pp,0.05,0.0,70,2.8606857478618624,-5.132964179010102,-5.002620593706767
3265,do,0.05,0.0,48,2.0063947713375097,-8.256965267296993,-7.750877788331773
3266,pp,0.05,0.0,40,3.3516576313972477,-4.689214884873593,-4.440963865651025
3267,do,0.05,0.0,51,3.0167108511924736,-6.2623281262137676,-5.64150091542138
3268,pp,0.05,0.0,29,2.3760127389431007,-6.590888290694266,-5.806359113587273
3269,do,0.05,0.0,39,3.3598312520980844,-5.415068617734042,-5.19506204922994
3270,pp,0.05,0.0,20,2.2431887125968935,-5.805911632017656,-5.152562324206034
3271,do,0.05,0.0,21,1.8852831482887265,-6.069175669641206,-5.434191706445482
3272,pp,0.05,0.0,12,0.9378749132156372,-5.371520298177546,-4.895459410879347
3273,do,0.05,0.0,20,0.2643258905410768,-6.708127368580211,-6.254658121532864
3274,pp,0.05,0.0,39,1.942989062070846,-5.812053800351692,-5.271793709860908
3275,do,0.05,0.0,35,3.252188017368317,-5.320788876215617,-5.031265725029839
3276,pp,0.05,0.0,45,3.100617645978928,-6.978870571020877,-6.324678791893853
3277,do,0.05,0.0,9,1.2742257940769202,-4.657853310035937,-4.2330246567726135
3278,pp,0.05,0.0,13,1.3746018660068513,-5.438862877181082,-5.387056390444438
3279,do,0.05,0.0,33,1.6399489724636078,-5.619383382797241,-5.2817822562323675
3280,pp,0.05,0.0,8,0.30699382305145306,-5.21413257338784,-4.815091307957967
3281,do,0.05,0.0,18,0.8403770875930787,-5.767395000746756,-5.020471906661987
3282,pp,0.05,0.0,35,2.077867000102997,-5.250837813001691,-4.865665592087639
3283,do,0.05,0.0,60,3.579498858451844,-6.014460955244122,-7.367643716600206
3284,pp,0.05,0.0,40,2.7358929741382596,-5.623801286292799,-5.292485931184557
3285,do,0.05,0.0,64,1.4574895060062403,-7.548341459216494,-7.979978757434421
3286,pp,0.05,0.0,20,0.5589157056808469,-5.952887155070449,-5.732313349511888
3287,do,0.05,0.0,65,1.2702716910839085,-5.970973585591172,-5.500922184520298
3288,pp,0.05,0.0,22,2.4827641892433157,-4.957574418096831,-4.5351888338724775
3289,do,0.05,0.0,20,2.0456803762912754,-5.822818568258574,-5.674736883905199
3290,pp,0.05,0.0,43,2.1933368432521814,-6.368642539689035,-6.146683963139852
3291,do,0.05,0.0,36,2.4038104736804966,-5.973135919281931,-5.907737827301025
3292,pp,0.05,0.0,44,2.8069261801242824,-5.952097967899207,-5.659592864248488
3293,do,0.05,0.0,48,2.6463590574264515,-5.981501179030447,-5.4661183648639255
3294,pp,0.05,0.0,22,2.3217147696018214,-4.840000665549076,-4.959199878904554
3295,do,0.05,0.0,14,1.3102488195896154,-4.531984608101122,-4.116163467036353
3296,pp,0.05,0.0,19,2.1020397174358365,-5.033763158682621,-4.522084803051419
3297,do,0.05,0.0,12,1.2674650347232816,-6.142542537053426,-5.77936168246799
3298,pp,0.05,0.0,55,2.058209866285324,-6.701933391166456,-6.418876857227749
3299,do,0.05,0.0,23,1.6235851812362672,-5.911920752669825,-5.3775102933247885
3300,pp,0.05,0.0,21,3.084662508964538,-5.6157631368348095,-5.337465254465739
3301,do,0.05,0.0,48,1.5188560020923623,-7.67572482137969,-7.570764854219225
3302,pp,0.05,0.0,18,1.7761959004402161,-5.601112297809485,-5.223402465714349
3303,do,0.05,0.0,3,0.1567953491210936,-5.012689382379706,-4.452910343805949
3304,pp,0.05,0.0,6,0.24889228224754323,-5.392439074949785,-4.4755022923151655
3305,do,0.05,0.0,9,1.770235832929612,-5.4661126136779785,-5.1948423888948225
3306,pp,0.05,0.0,14,1.4612622272968299,-4.936987739620787,-4.077835075060526
3307,do,0.05,0.0,70,0.31848580598831244,-7.372042534568093,-6.486653979619344
3308,pp,0.05,0.0,36,2.3509038114547733,-6.239773322596695,-5.499913507037693
3309,do,0.05,0.0,68,1.8855232894420624,-6.1106663602771185,-5.718695629967583
3310,pp,0.05,0.0,19,2.152004491090774,-5.033307867339163,-5.049466008610196
3311,do,0.05,0.0,4,1.0848882770538326,-4.404542873844956,-4.228574268023173
3312,pp,0.05,0.0,33,1.5411651539802556,-5.618857060056744,-5.182275472746955
3313,do,0.05,0.0,21,0.4059248256683352,-5.862478045261267,-5.5191314485338
3314,pp,0.05,0.0,22,1.9258450627326962,-5.741847458752718,-4.813450095388625
3315,do,0.05,0.0,54,2.3578192341327657,-5.172104188167688,-5.531872799661424
3316,pp,0.05,0.0,40,2.7372745645046237,-5.980698412114924,-5.01490593486362
3317,do,0.05,0.0,14,0.23726779818534816,-6.094107013760191,-5.9806394894917805
3318,pp,0.05,0.0,25,2.354997109174728,-4.971272805242828,-4.534587264060974
3319,do,0.05,0.0,44,1.7601894271373748,-6.644175828586925,-6.106889968448215
3320,pp,0.05,0.0,40,2.0946760606765746,-6.464563978079593,-5.54457229508294
3321,do,0.05,0.0,13,0.9578458476066594,-6.070527257341327,-5.395207492510478
3322,pp,0.05,0.0,58,2.7840027844905855,-5.972062541499282,-5.849744698736402
3323,do,0.05,0.0,70,3.2277206683158868,-5.652805482979977,-5.52374267048306
3324,pp,0.05,0.0,25,2.3510948097705846,-5.236098123319222,-4.97503756152259
3325,do,0.05,0.0,39,1.7202489447593683,-6.339285619331129,-5.941803248723348
3326,pp,0.05,0.0,63,2.35728529214859,-6.75494483167475,-5.6932892878850305
3327,do,0.05,0.0,39,2.5980352020263675,-6.762259061408765,-6.134876325395372
3328,pp,0.05,0.0,27,2.1306134760379782,-6.183127784729004,-5.447001817491319
3329,do,0.05,0.0,19,2.417716827392578,-4.591127722913568,-4.241345693005456
3330,pp,0.05,0.0,29,3.075890572071076,-5.937792892167063,-4.969876288043128
3331,do,0.05,0.0,31,1.5653241288661945,-7.74033334905451,-7.575734509362115
3332,pp,0.05,0.0,20,2.4450632858276373,-5.337050835291545,-5.171892375416226
3333,do,0.05,0.0,30,1.033486473560334,-6.443850749911684,-5.885775322384305
3334,pp,0.05,0.0,58,2.815002127885819,-6.009639806458444,-5.174674664603339
3335,do,0.05,0.0,13,1.3482968878746036,-4.51893752415975,-3.8442333261171977
3336,pp,0.05,0.0,70,1.3678497624397288,-10.038054334756099,-10.339026093482971
3337,do,0.05,0.0,29,1.8335878229141231,-4.999577824274699,-5.169742287529839
3338,pp,0.05,0.0,34,1.135576131343842,-5.6159752368927,-4.797119018766615
3339,do,0.05,0.0,12,0.8649733579158783,-5.060702884558475,-4.817337118254768
3340,pp,0.05,0.0,63,1.228127295970916,-7.978489885908185,-6.822539316283332
3341,do,0.05,0.0,70,1.7326714611053458,-7.952498467763265,-9.016949370172288
3342,pp,0.05,0.0,70,1.6307631111145025,-6.237230173746744,-5.262187992201911
3343,do,0.05,0.0,70,0.8263844227790837,-7.094118957808523,-6.331314545207554
3344,pp,0.05,0.0,31,0.9132745838165288,-6.893366581020933,-5.98878058857388
3345,do,0.05,0.0,70,1.9377115774154667,-7.889574987238103,-7.3540288474824695
3346,pp,0.05,0.0,10,0.82969144821167,-5.248675373828772,-4.493165810902913
3347,do,0.05,0.0,27,-0.1670987141132354,-7.653754274772875,-7.637103244993422
3348,pp,0.05,0.0,38,1.6783776080608366,-6.409744495334047,-7.053588517506918
3349,do,0.05,0.0,70,2.267655090093613,-5.557337734915993,-5.250450211101108
3350,pp,0.05,0.0,59,2.166069722175598,-6.158254795363455,-5.062534827656216
3351,do,0.05,0.0,25,1.4106118786334996,-5.680410282539599,-4.944702953762478
3352,pp,0.05,0.0,46,1.3707285273075094,-5.829661250836922,-5.002277864350213
3353,do,0.05,0.0,14,1.133946980237961,-5.131596193891583,-4.6120619932810465
3354,pp,0.05,0.0,53,2.2774331808090205,-5.450800982388583,-4.824987520111931
3355,do,0.05,0.0,20,1.308288171291351,-4.697229092048876,-4.339160447650485
3356,pp,0.05,0.0,24,1.9509079337120054,-6.251941284988866,-5.293417800797356
3357,do,0.05,0.0,26,-0.10274931311607371,-7.40041892600782,-6.668574666976928
3358,pp,0.05,0.0,23,1.2710577404499066,-5.997594410000425,-5.088822635014852
3359,do,0.05,0.0,40,2.2059118556976314,-6.16651164112669,-5.052892388237847
3360,pp,0.05,0.0,29,2.706198402643203,-4.673370081005674,-4.017380860116747
3361,do,0.05,0.0,70,2.0948927295207973,-5.574429542368109,-5.306577489111159
3362,pp,0.05,0.0,29,2.967108486890793,-4.516382760712594,-4.307612164815267
3363,do,0.05,0.0,10,0.6407394516468052,-4.575184132836082,-4.735448559125264
3364,pp,0.05,0.0,22,2.589435606002808,-4.762538011146314,-4.518198053042094
3365,do,0.05,0.0,70,1.9638290512561802,-5.17954451676571,-4.991107323434618
3366,pp,0.05,0.0,24,3.0397077333927163,-5.7401739958560825,-5.357220323880513
3367,do,0.05,0.0,11,1.0226971709728243,-5.898179850433812,-5.2359779569837785
3368,pp,0.05,0.0,19,1.9077287185192109,-4.796459664720477,-4.152580195003086
3369,do,0.05,0.0,70,1.4220782077312464,-6.823992606365319,-6.193355080816481
3370,pp,0.05,0.0,20,1.4704196858406071,-6.424651742703987,-5.80805615319146
3371,do,0.05,0.0,31,0.5790281236171726,-6.718559059952245,-6.637871265411377
3372,pp,0.05,0.0,15,1.182441889047623,-5.4173768072417285,-5.108186112509833
3373,do,0.05,0.0,17,1.7015922772884364,-5.889062654610836,-5.301491509543525
3374,pp,0.05,0.0,35,2.7167703592777253,-5.244417908697417,-4.245502720938789
3375,do,0.05,0.0,70,0.34809236168861446,-6.949738632548939,-6.411714439921909
3376,pp,0.05,0.0,53,3.6182215917110447,-6.68992053378712,-5.7966819683710735
3377,do,0.05,0.0,48,1.3658735585212716,-6.491243453459306,-5.566004925303989
3378,pp,0.05,0.0,61,1.7127923893928525,-5.902413045998776,-5.019916311899821
3379,do,0.05,0.0,17,-0.05723787188529883,-6.1936511646617545,-5.352812589539422
3380,pp,0.05,0.0,30,1.7572901737689968,-5.414937629121723,-4.841548946168688
3381,do,0.05,0.0,36,1.2866366565227514,-5.915684033885147,-5.8578416506449384
3382,pp,0.05,0.0,70,2.3161280870437624,-5.346934413909912,-5.392041163974338
3383,do,0.05,0.0,21,1.3331902408599854,-5.05761520356843,-4.3758352120717365
3384,pp,0.05,0.0,50,1.8873892974853526,-6.015812976432569,-5.661531564924452
3385,do,0.05,0.0,32,1.9234587991237646,-6.268760272228357,-5.520670387479994
3386,pp,0.05,0.0,32,2.3379571866989135,-4.678943960594409,-4.3442436032825045
3387,do,0.05,0.0,4,-0.7961179673671728,-5.38122370893305,-5.114131400320265
3388,pp,0.05,0.0,54,1.517242338657379,-9.729589281660138,-9.582712700631884
3389,do,0.05,0.0,26,1.216995978355408,-5.723844008012251,-5.299960435761346
3390,pp,0.05,0.0,70,2.1282629954814904,-6.368903027158795,-5.748313458760579
3391,do,0.05,0.0,23,1.7267366850376122,-7.477003597490715,-6.018590116500855
3392,pp,0.05,0.0,66,1.0327091836929334,-6.970391714211666,-7.18886468940311
3393,do,0.05,0.0,44,1.1455893301963807,-6.0039533066027095,-5.769030637211269
3394,pp,0.05,0.0,70,1.5920851433277132,-6.195743933590975,-6.030972878138225
3395,do,0.05,0.0,34,2.280452826023101,-5.388850288680105,-4.408330437872145
3396,pp,0.05,0.0,69,3.8289626801013945,-7.225195159334125,-6.610447894202339
3397,do,0.05,0.0,30,2.132680261135101,-5.552870776436546,-4.716074993875291
3398,pp,0.05,0.0,65,3.388740668296813,-4.888415258580988,-4.995936067899068
3399,do,0.05,0.0,39,1.6713419508934013,-5.673816076914469,-5.201608027352227
3400,pp,0.05,0.0,26,0.8871594703197481,-5.268966223976829,-5.042232995563083
3401,do,0.05,0.0,70,1.0176297855377197,-6.659256283442179,-6.238449054294162
3402,pp,0.05,0.0,70,0.6309608888626093,-6.4600418480959805,-5.667972424295214
3403,do,0.05,0.0,14,0.6834759354591364,-5.516057368480798,-5.050854881604512
3404,pp,0.05,0.0,18,1.0867780613899232,-4.491814883550008,-4.326576981279585
3405,do,0.05,0.0,13,1.8545564281940452,-6.576260650519169,-5.877483431498209
3406,pp,0.05,0.0,56,2.233870252370834,-5.803821672092784,-5.657325686348809
3407,do,0.05,0.0,13,0.3670119655132291,-4.931830823782718,-4.487503454420302
3408,pp,0.05,0.0,42,1.8874103212356568,-6.4896321759079445,-5.869305671585931
3409,do,0.05,0.0,37,0.6836733734607696,-5.989539837114739,-5.528670366605123
3410,pp,0.05,0.0,8,0.11609815478324848,-4.698993350520278,-4.159329411718581
3411,do,0.05,0.0,20,0.4712646317482001,-5.930525497956709,-5.521549770567153
3412,pp,0.05,0.0,40,2.916799684762954,-5.5550426006317135,-5.312497014469571
3413,do,0.05,0.0,61,2.1828717684745786,-5.9249130335721105,-4.875251120991177
3414,pp,0.05,0.0,19,1.202676174640656,-5.09792621641448,-4.353550350666046
3415,do,0.05,0.0,48,0.7576721012592316,-7.542807852138172,-6.600685024261475
3416,pp,0.05,0.0,70,1.7992198038101197,-6.696450506557118,-6.826218054029677
3417,do,0.05,0.0,60,1.0710834598541261,-8.503585053935195,-6.766332210434808
3418,pp,0.05,0.0,30,2.812769169807435,-5.034823241378322,-4.591172239515516
3419,do,0.05,0.0,48,0.6853501594066609,-7.371687997471202,-6.127897251976861
3420,pp,0.05,0.0,25,3.3019024550914757,-4.643083052201704,-4.196975265608893
3421,do,0.05,0.0,59,1.2720237874984726,-8.833854337172074,-7.38234298494127
3422,pp,0.05,0.0,17,1.0914064383506776,-5.26200188145493,-4.541689446237352
3423,do,0.05,0.0,15,2.24562390089035,-5.3909294518557465,-4.8051272577709625
3424,pp,0.05,0.0,15,0.8574997878074644,-5.339575118729562,-4.7898648103078205
3425,do,0.05,0.0,70,2.2070321500301358,-7.2111788547400275,-6.825106162495083
3426,pp,0.05,0.0,26,2.064028427600861,-5.231280862923825,-4.817762502034506
3427,do,0.05,0.0,64,1.3492672967910782,-7.833627885760683,-6.811243051952786
3428,pp,0.05,0.0,22,2.4934085679054254,-5.460065506443833,-4.859833539856805
3429,do,0.05,0.0,56,1.5548715662956232,-5.742919251413056,-5.06167655520969
3430,pp,0.05,0.0,34,0.7083560204505925,-5.870712996974136,-4.716897659831577
3431,do,0.05,0.0,14,1.6843690991401674,-4.615118278879108,-4.146905125512017
3432,pp,0.05,0.0,13,1.2995919597148902,-4.763121424299298,-4.049080634117127
3433,do,0.05,0.0,12,1.2697809827327724,-4.16096071618976,-3.820561879211002
3434,pp,0.05,0.0,20,1.940294539928436,-4.608651349038789,-4.460235163900587
3435,do,0.05,0.0,70,3.3152517116069786,-6.994554424285889,-5.896672564082675
3436,pp,0.05,0.0,65,1.2884399747848523,-7.763572166905258,-6.79791963895162
3437,do,0.05,0.0,20,2.171431919336319,-5.455859328761245,-4.845975229475234
3438,pp,0.05,0.0,17,2.0690060091018676,-5.158193894588586,-4.846627020835877
3439,do,0.05,0.0,10,-0.03956711292266846,-6.432776490124789,-5.830444198184543
3440,pp,0.05,0.0,34,1.5803584337234495,-5.397375632777359,-5.136072296566433
3441,do,0.05,0.0,25,2.3006025791168216,-4.6128909313317505,-4.289147035280863
3442,pp,0.05,0.0,12,0.7871136593818662,-4.862280643347538,-4.297608386145698
3443,do,0.05,0.0,42,2.4657950878143318,-6.22130869807619,-5.781727555063036
3444,pp,0.05,0.0,17,1.9910203206539157,-5.051334683100382,-4.504631760385301
3445,do,0.05,0.0,70,2.117919784784318,-7.766073966748786,-7.497747127215067
3446,pp,0.05,0.0,23,3.303598958253861,-4.7974849874323064,-4.256216181649102
3447,do,0.05,0.0,36,1.4492942631244663,-6.220540069811272,-5.787821507453918
3448,pp,0.05,0.0,8,0.9969169652462009,-4.563495242956913,-3.9687606520122953
3449,do,0.05,0.0,67,1.2925122773647315,-6.4857366908680305,-6.80067491001553
3450,pp,0.05,0.0,26,2.271820800304412,-5.449789723482999,-4.682066573037042
3451,do,0.05,0.0,70,2.4997387588024136,-5.676524392041293,-5.511125172509088
3452,pp,0.05,0.0,41,3.5090207600593564,-5.3362141753688,-4.644646101527744
3453,do,0.05,0.0,34,2.5511737883090984,-5.447655367128776,-4.8543151881959705
3454,pp,0.05,0.0,13,1.5759948146343232,-4.427244359796697,-3.681530757745107
3455,do,0.05,0.0,41,1.221025547981263,-5.881766398747762,-5.195940295855205
3456,pp,0.05,0.0,9,0.23927627921104477,-4.949876694245772,-4.406277341312832
3457,do,0.05,0.0,67,3.778023427724838,-5.032740195592244,-4.540533155865139
3458,pp,0.05,0.0,16,2.3586240708827972,-4.930814586986195,-4.39382594956292
3459,do,0.05,0.0,35,2.0727847111225124,-5.013291041056315,-4.5685983392927385
3460,pp,0.05,0.0,33,2.566372563838959,-4.543582751534202,-4.303607712851631
3461,do,0.05,0.0,65,4.056396280527116,-5.429441093676018,-5.9724403752221
3462,pp,0.05,0.0,21,2.3697011601924904,-5.016946520949855,-4.595725342962477
3463,do,0.05,0.0,61,0.7476979792118073,-5.714402994965062,-5.471049224005805
3464,pp,0.05,0.0,13,0.8346385288238531,-4.598687629988699,-4.09099461502499
3465,do,0.05,0.0,57,0.7877916193008421,-8.074279123364073,-7.56208954387241
3466,pp,0.05,0.0,59,1.5727607941627504,-6.595168938781276,-5.783821296691895
3467,do,0.05,0.0,45,2.944719333648681,-5.273530805472172,-5.164991786744859
3468,pp,0.05,0.0,57,2.381685067415238,-5.551049134225556,-5.570598236719767
3469,do,0.05,0.0,10,1.9838083326816554,-5.083726955182625,-4.488530360327827
3470,pp,0.05,0.0,31,3.001922049522401,-5.085315385731784,-4.4772415929370455
3471,do,0.05,0.0,2,-0.4810268473625188,-5.945422059839422,-5.040012166235182
3472,pp,0.05,0.0,12,1.346652952432632,-5.167546897945982,-4.5042238447401255
3473,do,0.05,0.0,18,1.3327313959598541,-6.195461696566958,-5.197652710808648
3474,pp,0.05,0.0,16,1.3640461945533753,-5.777811301838268,-4.924029228422377
3475,do,0.05,0.0,23,1.9406075620651242,-5.470197686282071,-5.260964581701491
3476,pp,0.05,0.0,30,3.68181789278984,-5.057068347930908,-4.906160134739346
3477,do,0.05,0.0,28,1.764593247175216,-4.837157123739069,-4.780658586819967
3478,pp,0.05,0.0,11,1.3337839174270636,-4.516150728861491,-3.9710600389374626
3479,do,0.05,0.0,70,1.2037999176979062,-6.6970044555086075,-6.444154575135973
3480,pp,0.05,0.0,31,1.2107941246032707,-6.888657533761227,-6.237652161386278
3481,do,0.05,0.0,48,2.9821942758560187,-5.261491170074001,-4.580602709452311
3482,pp,0.05,0.0,60,3.0925775599479675,-6.344302745298906,-5.4482651975419785
3483,do,0.05,0.0,69,1.7187456762790685,-7.7333034977768405,-6.675202581617567
3484,pp,0.05,0.0,19,2.95458774447441,-6.614380024418686,-5.691959738731384
3485,do,0.05,0.0,29,0.8861967527866366,-5.760449455723618,-5.6040475527445475
3486,pp,0.05,0.0,12,1.2058366632461546,-4.7990646680196125,-4.430130007531908
3487,do,0.05,0.0,63,1.1667181003093727,-7.544483479586515,-6.980329179763794
3488,pp,0.05,0.0,20,2.806904224157333,-4.63168619184783,-3.9890876319673327
3489,do,0.05,0.0,70,2.257092550992965,-6.776307467258338,-5.8696813053554955
3490,pp,0.05,0.0,27,3.4972925961017607,-5.050069615335175,-4.276267343097263
3491,do,0.05,0.0,45,1.9179373466968528,-5.89840206377434,-5.32639630900489
3492,pp,0.05,0.0,12,1.8871010351181035,-4.623860955960823,-3.796903762552473
3493,do,0.05,0.0,29,1.9709918427467343,-6.176444195256089,-5.570767323176066
3494,pp,0.05,0.0,23,2.5674255466461178,-5.932579543373802,-5.684938104947408
3495,do,0.05,0.0,70,0.5629491460323335,-6.631593565507369,-5.737829671965705
3496,pp,0.05,0.0,66,2.377754797935486,-6.211094862042051,-5.823177936342027
3497,do,0.05,0.0,24,0.2968575215339655,-6.768357703180024,-7.0597131199306915
3498,pp,0.05,0.0,56,0.7624977302551272,-7.552808540517634,-6.779207717047798
3499,do,0.05,0.0,70,1.8651481819152824,-7.68880950754339,-7.139343558417426
3500,pp,0.05,0.0,15,1.6065522098541258,-5.662362743146492,-5.721681178940667
3501,do,0.05,0.0,63,1.3738483226299287,-7.901626951044256,-6.660497776667277
3502,pp,0.05,0.0,23,1.1303185713291164,-5.040099093408296,-4.59703205426534
3503,do,0.05,0.0,14,0.806140413284302,-5.052049680189653,-4.7079499906963775
3504,pp,0.05,0.0,15,2.1228285694122313,-5.4310142993927,-4.650644426875644
3505,do,0.05,0.0,3,-0.30412189245223953,-6.127305127635147,-5.322709327273898
3506,pp,0.05,0.0,70,4.067336591482162,-5.403585655039007,-4.86199742158254
3507,do,0.05,0.0,32,3.0086963093280783,-5.341103127508452,-4.956131516562568
3508,pp,0.05,0.0,14,1.9786032700538634,-4.630978257728345,-4.0581526835759485
3509,do,0.05,0.0,18,2.5916419905424117,-4.513437423561559,-4.1083066198560925
3510,pp,0.05,0.0,17,2.174437146186829,-4.931691909558845,-4.270185701052347
3511,do,0.05,0.0,15,0.8144489514827731,-6.332647056290598,-5.326150427924262
3512,pp,0.05,0.0,36,1.8969608402252192,-6.235151436834625,-6.558725722630819
3513,do,0.05,0.0,70,1.8759264636039736,-7.712300492777969,-7.44953989982605
3514,pp,0.05,0.0,47,1.4945916414260854,-7.263616654367158,-6.817193494902717
3515,do,0.05,0.0,70,0.6490412831306456,-6.713868768287427,-6.231941943698459
3516,pp,0.05,0.0,31,1.2635068869590764,-5.105024486599547,-5.1656390137142605
3517,do,0.05,0.0,5,0.7816085755825037,-4.945042770559137,-4.510190685590108
3518,pp,0.05,0.0,17,2.4569472134113317,-5.290919422380852,-4.681320889790853
3519,do,0.05,0.0,70,1.0753009831905356,-7.487270343664921,-7.139930166138543
3520,pp,0.05,0.0,37,1.9698702478408814,-4.904383767734874,-4.814744077788459
3521,do,0.05,0.0,18,1.7225614964962004,-5.138631197900483,-4.412373391787211
3522,pp,0.05,0.0,25,1.4966495442390437,-4.605121869751901,-4.626676326327853
3523,do,0.05,0.0,49,2.744940378665923,-5.105155502666126,-5.322112761603462
3524,pp,0.05,0.0,67,2.5476406538486485,-5.129693935856674,-4.819361215167575
3525,do,0.05,0.0,60,1.8372199594974514,-7.633908427845348,-6.910163058174981
3526,pp,0.05,0.0,38,3.0228030288219454,-5.0204437342557044,-4.658381589253744
3527,do,0.05,0.0,5,0.4732593572139745,-5.156395527810761,-4.720646219783359
3528,pp,0.05,0.0,70,2.420190936326981,-5.677889384645404,-6.16388787428538
3529,do,0.05,0.0,9,0.9431462764739997,-5.094571194504247,-5.012352098359002
3530,pp,0.05,0.0,56,1.0564407289028166,-6.21486218625849,-5.447816348075866
3531,do,0.05,0.0,46,2.2439537477493285,-4.874032660686608,-4.658428369628059
3532,pp,0.05,0.0,29,2.0983274364471436,-5.123923492431641,-4.982091114256117
3533,do,0.05,0.0,43,1.582312524318696,-6.391839949289958,-6.981125158733792
3534,pp,0.05,0.0,8,0.6085575759410853,-4.532184197685935,-4.3349633110894095
3535,do,0.05,0.0,42,0.7888125503063206,-7.091216525164517,-6.187770432896084
3536,pp,0.05,0.0,50,1.7947012436389924,-6.174465558023163,-6.557888438966539
3537,do,0.05,0.0,26,2.6300279152393333,-5.523281938379461,-5.253105420536465
3538,pp,0.05,0.0,15,1.9254210877418512,-4.742162448709661,-4.45822225941552
3539,do,0.05,0.0,30,1.535525567531585,-6.795159640456691,-6.008294961187574
3540,pp,0.05,0.0,70,0.47586781382560694,-7.469738466089422,-7.035546284251743
3541,do,0.05,0.0,4,-0.011855751276016235,-5.213707506295407,-4.940894966655307
3542,pp,0.05,0.0,59,1.7251649951934827,-8.342255491198916,-7.472759670681423
3543,do,0.05,0.0,39,2.2237759828567505,-7.271723657665831,-6.86961108578576
3544,pp,0.05,0.0,21,1.6830208814144134,-4.851090561259877,-4.558725214004516
3545,do,0.05,0.0,47,2.0233081734180454,-5.827620452823061,-5.32582643561893
3546,pp,0.05,0.0,16,0.6470937752723698,-5.554105172012791,-5.041880800988939
3547,do,0.05,0.0,51,1.0557947731018071,-7.25171047557484,-8.210176955329047
3548,pp,0.05,0.0,70,2.6926389002799995,-5.025666450731682,-5.055907649464078
3549,do,0.05,0.0,51,3.682486860752105,-5.0890093283219775,-4.792828959888882
3550,pp,0.05,0.0,70,2.78003849864006,-5.7671871806636,-5.2731226338280575
3551,do,0.05,0.0,20,0.8896672761440279,-6.0272104234406445,-4.762454154756334
3552,pp,0.05,0.0,64,1.8854808282852167,-6.0185656244104555,-5.787314936849806
3553,do,0.05,0.0,48,0.7545128905773151,-7.64133212927616,-7.178974480099148
3554,pp,0.05,0.0,21,1.4660466170310968,-5.5359601540998975,-5.2678563038508095
3555,do,0.05,0.0,16,0.6355314981937408,-5.665617051269069,-5.352406695153978
3556,pp,0.05,0.0,15,0.7006195700168609,-5.558687929673629,-4.996055547396342
3557,do,0.05,0.0,3,0.14538263559341402,-4.471991833773527,-4.169450916184319
3558,pp,0.05,0.0,12,0.7795965182781215,-5.551881327773586,-4.953557904561361
3559,do,0.05,0.0,10,-0.0788873147964475,-5.9707141269337045,-5.379872605535719
3560,pp,0.05,0.0,5,0.8097406017780306,-4.472005546454227,-4.0625899606280855
3561,do,0.05,0.0,3,0.9454527842998504,-4.350519175962968,-3.9893596172332764
3562,pp,0.05,0.0,70,1.4567384815216062,-5.7534010049068565,-5.788325908448961
3563,do,0.05,0.0,21,1.717450350522995,-6.845930778619015,-6.78372401661343
3564,pp,0.05,0.0,17,0.7311956298351285,-5.84338385553071,-5.282710168096754
3565,do,0.05,0.0,31,2.6173186409473423,-7.662801103880911,-7.875537625948588
3566,pp,0.05,0.0,15,1.7813133740425116,-4.533274956905481,-4.2105290783776175
3567,do,0.05,0.0,36,2.026070457696914,-6.602588277874571,-6.033098493682013
3568,pp,0.05,0.0,47,1.6977468633651727,-6.652196326400294,-5.91759148173862
3569,do,0.05,0.0,30,2.8956111478805546,-5.406017391609423,-4.818638232019213
3570,pp,0.05,0.0,36,1.6219868838787086,-6.868781917745417,-6.577985204590691
3571,do,0.05,0.0,46,1.598637636899948,-6.100312667904478,-5.612254778544108
3572,pp,0.05,0.0,65,2.375629233121871,-5.787885691902854,-5.1309632380803425
3573,do,0.05,0.0,45,2.032259117364884,-5.944009194229588,-5.299521644910176
3574,pp,0.05,0.0,12,0.5219661927223207,-5.911988811781912,-4.601950852076213
3575,do,0.05,0.0,70,1.170650932788849,-8.239451707493176,-7.914723587036133
3576,pp,0.05,0.0,70,3.005623205900191,-5.478198905424638,-5.84446427292294
3577,do,0.05,0.0,5,0.9125155758857728,-4.547344975038008,-4.212601669629415
3578,pp,0.05,0.0,57,3.7929541707038883,-6.702006633353956,-7.581060679753621
3579,do,0.05,0.0,9,1.8510983860492702,-4.2090329820459536,-4.241523713535733
3580,pp,0.05,0.0,69,1.2950415742397308,-7.396427687731657,-6.324709863132901
3581,do,0.05,0.0,34,2.9099186599254603,-5.67238965178981,-5.484492768181695
3582,pp,0.05,0.0,21,1.6176839375495913,-5.083137233329542,-4.485330957836575
3583,do,0.05,0.0,49,1.0642623174190522,-7.099541836073905,-6.2859472592671715
3584,pp,0.05,0.0,32,1.11366153717041,-5.5693834377057625,-5.0125840955310395
3585,do,0.05,0.0,67,3.402013549804688,-5.437076723214352,-4.797265084584554
3586,pp,0.05,0.0,70,2.3120341622829432,-6.044653648318667,-5.316232593854268
3587,do,0.05,0.0,33,2.0426975977420803,-5.508077218315818,-5.058092814021641
3588,pp,0.05,0.0,19,1.4436284828186032,-4.86598900014704,-4.61748161845737
3589,do,0.05,0.0,18,1.0235507392883303,-5.196094836610737,-4.539673360188802
3590,pp,0.05,0.0,70,4.237401604652406,-5.4394063689491965,-4.949288143051995
3591,do,0.05,0.0,14,1.7655747592449194,-6.060633205645012,-5.690133105383979
3592,pp,0.05,0.0,70,1.5765936326980592,-6.3751764008493135,-6.321637852986654
3593,do,0.05,0.0,45,1.5512431824207296,-6.029182347384366,-5.181862906614939
3594,pp,0.05,0.0,70,3.446085981130599,-5.689600506695834,-6.052309187253316
3595,do,0.05,0.0,5,0.8800822031497955,-4.787655188820579,-4.335329593552483
3596,pp,0.05,0.0,32,0.8972563934326168,-7.1071367697282275,-6.716962300406562
3597,do,0.05,0.0,1,-0.1941452062129967,-5.527745920239073,-4.974318350685968
3598,pp,0.05,0.0,65,3.233401757478714,-5.871605208425811,-5.564589087168375
3599,do,0.05,0.0,28,2.246542321443558,-4.42447455146096,-4.084068050649431
3600,pp,0.05,0.0,17,1.7457864308357243,-4.384858820655129,-3.720189407136705
3601,do,0.05,0.0,32,2.834887561798096,-4.391473034656409,-4.202999003728231
3602,pp,0.05,0.0,19,2.0802563273906705,-4.9604249592983365,-4.237696499294705
3603,do,0.05,0.0,70,3.7354475975036623,-6.341294089230624,-5.873107878367106
3604,pp,0.05,0.0,53,2.245158144235611,-6.357867097854614,-5.88257155418396
3605,do,0.05,0.0,4,0.6223370480537413,-4.651404486280499,-4.33750835524665
3606,pp,0.05,0.0,15,0.695489463806152,-4.95223690813238,-4.459269501103295
3607,do,0.05,0.0,29,2.9897165048122405,-4.791591680411137,-4.542328423923916
3608,pp,0.05,0.0,35,3.267302775382996,-5.290238393436779,-4.8857515957620405
3609,do,0.05,0.0,54,2.0873219704627974,-8.09303033135154,-7.517634246084425
3610,pp,0.05,0.0,70,1.8792882013320913,-7.866200327150749,-6.938453925980462
3611,do,0.05,0.0,55,1.8139954590797425,-6.057358610268795,-5.615500858094957
3612,pp,0.05,0.0,14,1.6483819317817687,-5.50836410666957,-5.042066078715854
3613,do,0.05,0.0,70,2.164175972938538,-5.89116393291589,-5.330946040153504
3614,pp,0.05,0.0,15,1.895943442583084,-4.6950273701638885,-4.478609392378066
3615,do,0.05,0.0,27,2.4671065294742585,-5.534740280382561,-5.123419780201382
3616,pp,0.05,0.0,27,2.134959452152252,-5.578004839926055,-5.093120182885064
3617,do,0.05,0.0,36,0.6875319540500637,-7.481092851812189,-6.4978977176878185
3618,pp,0.05,0.0,7,0.9057093822956084,-4.9999176603375055,-4.39470018280877
3619,do,0.05,0.0,7,1.3673743021488196,-4.194895764553186,-3.8266981654696997
3620,pp,0.05,0.0,20,2.273029005527497,-4.900512731436527,-4.48619171778361
3621,do,0.05,0.0,21,1.8043423175811766,-5.467434500202988,-5.239085965686375
3622,pp,0.05,0.0,70,1.603311321735382,-6.690817633542148,-5.943306689792209
3623,do,0.05,0.0,39,2.584516313076019,-4.790266467585708,-4.217600807878706
3624,pp,0.05,0.0,62,1.7456335067749027,-6.478381525386464,-6.105311261283027
3625,do,0.05,0.0,13,1.0014272940158842,-5.748198137861309,-5.609815263748169
3626,pp,0.05,0.0,30,2.9776093971729276,-4.953662363688151,-4.5016727076636425
3627,do,0.05,0.0,70,3.686576973199844,-5.689955290881071,-5.5686120775010854
3628,pp,0.05,0.0,16,2.4464697229862216,-4.998165974472508,-4.666204807493422
3629,do,0.05,0.0,68,1.6055610275268553,-6.969601846463752,-6.83614350159963
3630,pp,0.05,0.0,51,3.6699863529205325,-6.804716254725601,-6.234148788452148
3631,do,0.05,0.0,70,1.3052827453613283,-6.694941751884691,-5.951463868882921
3632,pp,0.05,0.0,16,2.1548735570907596,-5.410737371444702,-5.08884072833591
3633,do,0.05,0.0,29,2.466139551401138,-7.3707022811427265,-6.524342452155219
3634,pp,0.05,0.0,69,1.2149629628658305,-6.219189967531147,-5.955789007080925
3635,do,0.05,0.0,41,2.9320196700096126,-4.253598289778738,-3.8600366287761263
3636,pp,0.05,0.0,25,2.880775768756866,-5.315195460753007,-4.56374372376336
3637,do,0.05,0.0,32,2.6670438551902773,-5.0499078808408795,-4.624240120251973
3638,pp,0.05,0.0,18,1.7887146389484405,-5.157784149863503,-4.543373431099786
3639,do,0.05,0.0,64,1.4873086190223699,-6.895915938868667,-6.1558867825402155
3640,pp,0.05,0.0,13,1.4614696824550624,-5.414384294278694,-4.531342898474799
3641,do,0.05,0.0,22,3.356614065170289,-5.146945946144335,-4.930017479260763
3642,pp,0.05,0.0,40,2.2331368148326876,-5.224800167661725,-5.0987301058239405
3643,do,0.05,0.0,61,2.407729247808457,-6.517355767163363,-6.080479701360066
3644,pp,0.05,0.0,14,1.6786305916309354,-5.428634244745428,-5.027501681115893
3645,do,0.05,0.0,52,2.5398089253902434,-6.938083824966893,-8.074573119481405
3646,pp,0.05,0.0,40,2.0100547516345975,-6.591831804044319,-5.6490671316782635
3647,do,0.05,0.0,28,4.0814293456077575,-5.173581954204675,-4.974421959453159
3648,pp,0.05,0.0,43,1.8007439398765568,-6.447093220913049,-6.037075175179376
3649,do,0.05,0.0,36,1.5346438634395607,-6.019308746222293,-5.382964338196649
3650,pp,0.05,0.0,16,0.16084427833557147,-5.975736568913315,-5.474812216228909
3651,do,0.05,0.0,64,3.2807761347293853,-6.638244043697011,-6.129276951154073
3652,pp,0.05,0.0,52,2.7369829511642454,-6.439350658474546,-5.975172323650784
3653,do,0.05,0.0,53,0.9595365440845489,-6.2851087093353275,-7.571541537178887
3654,pp,0.05,0.0,14,1.7704699575901035,-5.04480519583731,-4.865944655736287
3655,do,0.05,0.0,40,2.393186095952988,-7.706970685901064,-7.542295265197754
3656,pp,0.05,0.0,24,0.8882917666435244,-6.895126647660226,-6.223500458399455
3657,do,0.05,0.0,6,0.7390410006046295,-4.929175248290553,-5.019432346026103
3658,pp,0.05,0.0,19,1.9753248476982117,-5.417228350494847,-5.1310317357381185
3659,do,0.05,0.0,55,3.5968512177467344,-4.878409530177261,-4.712084698677063
3660,pp,0.05,0.0,16,1.924500501155853,-5.05998029275374,-4.826877066824172
3661,do,0.05,0.0,15,0.9450562942028045,-5.881466937787605,-5.450552855597602
3662,pp,0.05,0.0,14,2.079859772920609,-4.828727726502852,-4.274544363551669
3663,do,0.05,0.0,31,2.0926536667346953,-5.238417207833493,-4.998024521933662
3664,pp,0.05,0.0,6,0.22549171805381807,-5.1075158104752045,-4.4884580850601195
3665,do,0.05,0.0,14,1.4487695407867438,-5.488015986933853,-5.376103660795423
3666,pp,0.05,0.0,66,1.463832273483277,-8.244925457058532,-7.224451820055644
3667,do,0.05,0.0,3,-0.5351946914196013,-6.142653592427572,-5.317772703700595
3668,pp,0.05,0.0,70,2.9158053112030036,-7.054971511436231,-7.081747232543098
3669,do,0.05,0.0,18,2.114045742750168,-5.050911409204656,-4.895444255405002
3670,pp,0.05,0.0,42,0.7389863729476929,-7.886156034469605,-6.949322493871053
3671,do,0.05,0.0,60,0.9350455760955807,-6.2149237863945235,-5.622469308641222
3672,pp,0.05,0.0,9,0.4562830317020419,-5.475389331759828,-4.956493838628133
3673,do,0.05,0.0,5,0.16075471401214525,-4.53719674168211,-3.9116659455829197
3674,pp,0.05,0.0,59,2.3014625942707054,-5.843736778606068,-5.230007910728455
3675,do,0.05,0.0,6,0.630460922718048,-4.892102453925393,-4.40444897810618
3676,pp,0.05,0.0,24,1.6556042432785034,-4.656535492521344,-4.395568641026815
3677,do,0.05,0.0,8,0.7548513519763942,-4.925013575409398,-4.4242983632617525
3678,pp,0.05,0.0,9,1.011584991216659,-4.903128005519058,-4.2689358221160045
3679,do,0.05,0.0,33,1.7964256811141972,-5.001665794488155,-4.782651845614115
3680,pp,0.05,0.0,17,0.7580023741722108,-5.024100676449862,-4.407499425941044
3681,do,0.05,0.0,17,0.21664878845214908,-5.55921284791195,-5.057915120654636
3682,pp,0.05,0.0,50,1.967900211811065,-6.369496081092141,-6.214808331595527
3683,do,0.05,0.0,17,-0.07793860912323058,-6.011835760058779,-5.20245935122172
3684,pp,0.05,0.0,18,1.5363420772552496,-4.51406589421359,-4.0417832970619205
3685,do,0.05,0.0,18,2.1490944278240205,-5.675070612358325,-5.282888091935051
3686,pp,0.05,0.0,49,1.985449018478393,-7.594564034722068,-7.8471873415841
3687,do,0.05,0.0,29,0.5911793577671052,-6.138594571026888,-5.692318071259392
3688,pp,0.05,0.0,14,1.1720009696483613,-4.669094504732074,-4.415883207321167
3689,do,0.05,0.0,23,1.4562691140174868,-5.4945966662782615,-5.2995829582214355
3690,pp,0.05,0.0,43,1.6709615874290469,-6.458388458598744,-5.544450947973464
3691,do,0.05,0.0,10,1.3299551570415495,-4.962991155277599,-4.580453067355686
3692,pp,0.05,0.0,18,1.5172209906578065,-4.933314256957083,-4.481399893760681
3693,do,0.05,0.0,10,1.2795934927463533,-5.14329959118005,-4.750253529018826
3694,pp,0.05,0.0,21,1.524170752763748,-6.109494531515873,-5.686636402871874
3695,do,0.05,0.0,12,0.51521036028862,-5.411893991990523,-5.319663368331062
3696,pp,0.05,0.0,15,1.377921260595322,-5.386746845823346,-4.736396935251024
3697,do,0.05,0.0,24,2.5749674284458157,-4.963953213258223,-4.657966423034668
3698,pp,0.05,0.0,70,2.715373187065124,-6.3182433923085535,-5.696781004799737
3699,do,0.05,0.0,29,1.9544105160236356,-5.142863481695001,-5.121267361111111
3700,pp,0.05,0.0,39,3.60132583975792,-4.687552550344757,-4.447947751151191
3701,do,0.05,0.0,10,1.6949073326587678,-5.640657225522128,-5.34244884914822
3702,pp,0.05,0.0,23,1.6785926735401153,-4.849246344421849,-4.6447186602486505
3703,do,0.05,0.0,17,0.7971328234672548,-5.135429499366067,-4.958688404824999
3704,pp,0.05,0.0,63,1.581208404302597,-5.709900335832075,-5.191989782121446
3705,do,0.05,0.0,38,3.0046860921382894,-4.938358477390174,-4.344496219687992
3706,pp,0.05,0.0,70,3.2751012229919443,-8.1353071790753,-6.675777957174513
3707,do,0.05,0.0,9,1.7551374363899228,-4.553162485180479,-4.2623305572403805
3708,pp,0.05,0.0,70,1.8750017762184141,-5.564463777253122,-5.078443959024217
3709,do,0.05,0.0,19,2.039740144014358,-4.5117633328293305,-4.566284237967597
3710,pp,0.05,0.0,29,1.6180813348293306,-4.840845265532985,-4.747642315758599
3711,do,0.05,0.0,3,0.4650040018558501,-4.5440580396941215,-3.9477969421280754
3712,pp,0.05,0.0,56,1.8935883414745334,-6.516187286376953,-5.913271480136448
3713,do,0.05,0.0,8,1.2427992224693298,-4.878624947865804,-4.144565064377255
3714,pp,0.05,0.0,70,4.57471550822258,-6.027344918973518,-5.319789907667372
3715,do,0.05,0.0,25,2.3896154308319097,-4.907876841227213,-4.241031603018443
3716,pp,0.05,0.0,45,1.2514942872524255,-6.166248330202969,-5.425596329900953
3717,do,0.05,0.0,70,4.1019287109375,-7.294469238050056,-7.5366909371482
3718,pp,0.05,0.0,70,1.6727262127399438,-8.096259140245841,-7.490539926952786
3719,do,0.05,0.0,52,1.4983281815052036,-5.683290305282131,-5.92956264813741
3720,pp,0.05,0.0,70,3.7355167174339288,-5.754465168172663,-5.763874345355564
3721,do,0.05,0.0,30,0.8637828028202055,-6.193865046356663,-5.460759793387519
3722,pp,0.05,0.0,35,2.7571367871761323,-4.557989173946958,-3.972092615233527
3723,do,0.05,0.0,55,2.777959890365601,-7.0785812710270735,-6.358445201979743
3724,pp,0.05,0.0,22,2.564178495407104,-6.267334719860193,-5.732894500096639
3725,do,0.05,0.0,12,0.6655982673168186,-5.326213611255993,-4.8243840853373205
3726,pp,0.05,0.0,17,1.3008845329284666,-5.426721162507028,-4.6259001043107775
3727,do,0.05,0.0,24,1.4271810638904565,-8.456348208225135,-7.314721706178453
3728,pp,0.05,0.0,54,2.5805749249458314,-5.824648120186546,-5.337647321489122
3729,do,0.05,0.0,57,1.3497176349163054,-7.09528764666933,-6.690381124284532
3730,pp,0.05,0.0,70,2.6562602972984317,-5.636141183159568,-5.505221830474006
3731,do,0.05,0.0,48,3.33719843506813,-6.0123862006447535,-6.338219496938917
3732,pp,0.05,0.0,70,2.000578283071518,-6.559524156108047,-6.007487217585246
3733,do,0.05,0.0,34,2.74651801943779,-5.242555158788508,-4.624253614743551
3734,pp,0.05,0.0,25,1.6224006652832026,-6.028348341855136,-4.948176060782538
3735,do,0.05,0.0,43,2.9459634184837347,-5.24111103144559,-5.359727605183919
3736,pp,0.05,0.0,42,1.926926690340042,-5.318109078840776,-4.942178983158535
3737,do,0.05,0.0,56,2.584937051534652,-7.389396452181267,-5.829152178764343
3738,pp,0.05,0.0,68,0.905453935861587,-7.140998302806508,-6.734048750665453
3739,do,0.05,0.0,25,2.055729422569275,-5.407209004777851,-4.713960117763943
3740,pp,0.05,0.0,18,0.8562422025203702,-5.225916109663068,-4.668283621470134
3741,do,0.05,0.0,26,1.8801609361171714,-5.917518495790886,-5.370740371280246
3742,pp,0.05,0.0,61,1.8837881088256836,-6.390684902306759,-5.372254578272502
3743,do,0.05,0.0,70,2.4457286143302923,-7.3970268191713275,-6.331552439265781
3744,pp,0.05,0.0,70,1.1175389957427972,-6.159152905146281,-5.49259324338701
3745,do,0.05,0.0,56,2.9088159263134,-6.899447718533603,-6.158124664094713
3746,pp,0.05,0.0,32,1.2826778626441957,-8.104298986088146,-6.7072122361924915
3747,do,0.05,0.0,7,1.5942081165313713,-5.042703205166441,-4.873195952839321
3748,pp,0.05,0.0,20,2.2941219735145575,-5.521274362910877,-4.945994634098477
3749,do,0.05,0.0,3,1.0617404389381413,-4.4309776205005065,-4.12406030760871
3750,pp,0.05,0.0,64,1.8083733022212982,-5.721884033896706,-4.9379858149422535
3751,do,0.05,0.0,12,1.6379723715782166,-4.989302765239369,-4.636952651871575
3752,pp,0.05,0.0,27,1.3234220647811892,-5.310436807979237,-5.361612923940023
3753,do,0.05,0.0,18,2.3728535795211796,-4.79883844202215,-4.85048598713345
3754,pp,0.05,0.0,50,0.5839341866970074,-7.2685168916528875,-6.834901608361138
3755,do,0.05,0.0,44,2.6601333022117615,-5.51997048927076,-5.200577979617648
3756,pp,0.05,0.0,38,1.9096636879444118,-5.8948358073379055,-6.0361956887775
3757,do,0.05,0.0,3,0.06018257260322635,-5.026401090621948,-4.352685194545322
3758,pp,0.05,0.0,16,0.7112857615947723,-5.590264454754916,-4.787039465374416
3759,do,0.05,0.0,63,1.3747912669181828,-6.914948120984164,-6.261805793974134
3760,pp,0.05,0.0,70,0.5760600924491888,-7.167428177053278,-6.2186057011286415
3761,do,0.05,0.0,21,1.716233956813812,-5.187754956158725,-4.716751543680827
3762,pp,0.05,0.0,34,2.156421560049057,-5.112323425755356,-4.847175685564677
3763,do,0.05,0.0,9,1.0226609921455383,-5.07619321418531,-4.859122204780578
3764,pp,0.05,0.0,70,2.0763668882846833,-6.1473721114071935,-5.647243452072144
3765,do,0.05,0.0,18,1.0405459189414978,-5.533676446567882,-5.147794405619304
3766,pp,0.05,0.0,70,0.6684270048141485,-8.139458588397865,-6.846421191427443
3767,do,0.05,0.0,10,1.5777961158752438,-4.409114930123994,-4.361248252126906
3768,pp,0.05,0.0,20,2.3270399022102355,-4.612050489945845,-4.2282328234778515
3769,do,0.05,0.0,56,2.672092913389206,-5.629540025826657,-6.891264454523722
3770,pp,0.05,0.0,31,2.7182885169982907,-5.031970252412738,-4.606890527407328
3771,do,0.05,0.0,12,1.0554611802101137,-4.375202605218599,-4.215754204326206
3772,pp,0.05,0.0,38,1.096735113859177,-5.7932058666691635,-5.023064030541314
3773,do,0.05,0.0,18,2.1023433923721324,-5.5866197614958795,-5.380379170841641
3774,pp,0.05,0.0,18,2.1819344198703767,-5.261227271051117,-4.956217577722337
3775,do,0.05,0.0,7,0.6163655149936673,-5.026641915061257,-4.237241156895956
3776,pp,0.05,0.0,46,3.1159506118297573,-5.529852839672205,-5.5904017024570045
3777,do,0.05,0.0,70,2.042001602649689,-5.76750151460821,-5.988045559989081
3778,pp,0.05,0.0,25,1.3293770539760592,-5.442835781790993,-5.0968236419889665
3779,do,0.05,0.0,36,2.8847082006931313,-4.746719163836855,-5.374476554658678
3780,pp,0.05,0.0,40,4.65826887845993,-5.739727369944254,-5.416252565383911
3781,do,0.05,0.0,63,1.094614627361297,-5.9989847269925205,-5.638829355769687
3782,pp,0.05,0.0,28,3.044800641536712,-4.705539444721106,-4.019293230109745
3783,do,0.05,0.0,51,2.184810127019883,-6.680105324947473,-6.063376384311252
3784,pp,0.05,0.0,15,2.136766868829727,-4.688973925330422,-4.114945056703355
3785,do,0.05,0.0,51,1.150973904132842,-6.976570312904589,-6.294855525758531
3786,pp,0.05,0.0,13,0.5633831799030302,-5.0010377638267745,-4.544126322534349
3787,do,0.05,0.0,55,4.279346097707749,-5.579843958941373,-5.333648686938815
3788,pp,0.05,0.0,68,2.4415870010852823,-7.243790390997222,-6.238911983701918
3789,do,0.05,0.0,70,1.9988761723041542,-5.6637089555913755,-5.312760572963291
3790,pp,0.05,0.0,17,2.4110205078125,-4.360390164635398,-4.180135851436191
3791,do,0.05,0.0,17,1.0873624551296235,-5.1036746603069885,-4.1623470094468855
3792,pp,0.05,0.0,47,1.9771680223941805,-5.603102114706329,-5.093564309014214
3793,do,0.05,0.0,65,2.752871282100677,-5.684872737075343,-5.291425490379334
3794,pp,0.05,0.0,8,1.0452325749397273,-5.140663774085767,-4.703028771612379
3795,do,0.05,0.0,23,0.033545494079589844,-6.099989490798025,-6.30732847319709
3796,pp,0.05,0.0,59,1.8977914583683022,-7.083761153076634,-6.880405102835761
3797,do,0.05,0.0,22,0.9535978722572329,-6.456821513898445,-5.483520150184631
3798,pp,0.05,0.0,17,1.0421956419944758,-5.76183698683074,-4.847391139136421
3799,do,0.05,0.0,26,1.3445959830284115,-5.13045599821842,-4.655129040612115
3800,pp,0.05,0.0,70,1.44210844874382,-6.986175844886086,-6.4351021872626415
3801,do,0.05,0.0,63,0.3666486084461207,-6.760058574965506,-6.178774298561944
3802,pp,0.05,0.0,52,1.7312061583995808,-6.829954829360499,-6.089748583899604
3803,do,0.05,0.0,10,0.8425048792362215,-4.713892623149987,-4.2931455135345455
3804,pp,0.05,0.0,21,1.7416909801959992,-4.909147772644506,-4.5488404353459675
3805,do,0.05,0.0,8,1.3901015210151675,-4.816764614798806,-4.24052599006229
3806,pp,0.05,0.0,14,1.6024758398532866,-5.408720142191107,-4.764155210389031
3807,do,0.05,0.0,68,2.719577623605728,-6.056059967387807,-6.446757592095269
3808,pp,0.05,0.0,21,2.438666975498199,-6.024764042189627,-5.826448363727994
3809,do,0.05,0.0,37,0.4939708662033082,-6.572012908530958,-5.795851389567058
3810,pp,0.05,0.0,3,0.40082857966423013,-4.44153980775313,-4.007897731992934
3811,do,0.05,0.0,70,0.7098868441581718,-7.539768840327407,-7.463817649417454
3812,pp,0.05,0.0,24,1.3489765250682835,-6.268286356781468,-5.552692050404019
3813,do,0.05,0.0,66,2.472838431596756,-8.190980261022395,-7.458284764819675
3814,pp,0.05,0.0,18,2.7888508105278014,-5.48694092577154,-5.003538076082865
3815,do,0.05,0.0,9,1.1934641349315642,-4.6549903074900305,-4.634843018319872
3816,pp,0.05,0.0,17,1.7138545393943794,-5.187694743185332,-4.791454524464077
3817,do,0.05,0.0,17,0.7748280560970313,-6.3239481362429535,-5.791401010089451
3818,pp,0.05,0.0,20,2.9133278000354768,-4.808344895911939,-4.776717978053623
3819,do,0.05,0.0,63,0.9845226907730105,-8.317362614833947,-8.633758227030436
3820,pp,0.05,0.0,52,3.0704564511775976,-5.573043645511974,-5.301516649458144
3821,do,0.05,0.0,13,0.7513406360149384,-5.333320913892804,-4.682554703288608
3822,pp,0.05,0.0,67,1.3070024323463443,-7.677833560018828,-6.780730570687188
3823,do,0.05,0.0,45,1.3115737414360051,-7.935223030321525,-7.979087426927355
3824,pp,0.05,0.0,68,1.4867788863182057,-6.993974622090658,-6.234268275896708
3825,do,0.05,0.0,24,1.5674189555644995,-4.883207891926621,-4.813557534747654
3826,pp,0.05,0.0,11,1.2516273307800292,-5.012847283392242,-5.048479935857984
3827,do,0.05,0.0,33,2.1853096807003025,-5.1673074288801715,-5.20216036107805
3828,pp,0.05,0.0,42,2.728971637487411,-5.286896740306507,-4.86066423787011
3829,do,0.05,0.0,10,1.3485912930965425,-4.89998543623722,-4.244776010513306
3830,pp,0.05,0.0,48,2.2256458735466005,-6.952094728296453,-6.016969768206279
3831,do,0.05,0.0,29,0.2995034933090217,-8.692415250431408,-6.741917777061462
3832,pp,0.05,0.0,15,1.2034011530876159,-4.945031777295199,-4.741539637247722
3833,do,0.05,0.0,22,0.8187608909606929,-7.2382428342645815,-6.537381074163648
3834,pp,0.05,0.0,18,2.2615050411224367,-5.250441642241045,-4.966873076226976
3835,do,0.05,0.0,70,1.557354953289031,-5.613233989657778,-5.248965554767185
3836,pp,0.05,0.0,23,2.734506012201309,-5.090873146057129,-4.662987054718865
3837,do,0.05,0.0,70,0.378263529539109,-6.154873372569229,-5.869253344006008
3838,pp,0.05,0.0,40,2.543229537010193,-5.202542533296527,-4.581103391117519
3839,do,0.05,0.0,70,1.631609692573548,-6.363889731782855,-5.591297239727444
3840,pp,0.05,0.0,16,1.702131357192993,-6.672444660013372,-5.481214859750536
3841,do,0.05,0.0,6,0.7325682377815248,-5.145430255658699,-4.476836752891541
3842,pp,0.05,0.0,49,1.3492250311374665,-5.6234865520939685,-5.302507344881693
3843,do,0.05,0.0,70,1.7321085631847382,-6.729677974816525,-6.71328898800744
3844,pp,0.05,0.0,70,1.3956481862068184,-7.6682152516914135,-7.540935420989991
3845,do,0.05,0.0,45,1.230895562171936,-6.048414458650531,-5.548527428838942
3846,pp,0.05,0.0,15,0.5901971721649169,-5.945660946585916,-5.005458664894104
3847,do,0.05,0.0,70,1.0330539679527284,-7.907909592715177,-7.471648393736945
3848,pp,0.05,0.0,9,0.6240426337718965,-4.756828263311675,-4.332482677035862
3849,do,0.05,0.0,59,0.42971495270729054,-6.240895375338468,-5.729705304569668
3850,pp,0.05,0.0,70,1.6112849700450909,-6.49559967734597,-5.526284297307332
3851,do,0.05,0.0,70,2.481507226228713,-6.352826018766923,-6.789547610282898
3852,pp,0.05,0.0,39,2.0929449427127835,-5.293437284411806,-5.250004365709093
3853,do,0.05,0.0,13,0.8635753452777868,-5.858962118264401,-4.744505569669935
3854,pp,0.05,0.0,17,1.3076149237155912,-5.371015644073486,-4.808672489060296
3855,do,0.05,0.0,52,2.153426077365876,-6.352265645518448,-5.661057514614529
3856,pp,0.05,0.0,64,2.0085084629058843,-6.680751481200709,-6.356017788251241
3857,do,0.05,0.0,13,1.2898460769653326,-4.9679773764176804,-4.741959730784099
3858,pp,0.05,0.0,70,2.5706608450412753,-5.111632052334872,-4.8788220591015286
3859,do,0.05,0.0,14,2.5916767966747285,-5.6158254464467365,-4.985404051674736
3860,pp,0.05,0.0,16,1.8419482767581945,-5.387542887889977,-4.47565446694692
3861,do,0.05,0.0,51,2.0853869736194603,-6.61495117707686,-7.5455656475490995
3862,pp,0.05,0.0,70,2.420661154985427,-5.051941126043146,-4.8970791949166195
3863,do,0.05,0.0,16,0.8965173709392547,-6.130800215403239,-5.33195264339447
3864,pp,0.05,0.0,15,1.9429104506969441,-5.135630470333678,-4.8738617605633205
3865,do,0.05,0.0,16,2.578238444328308,-5.4982943751595235,-6.46050304836697
3866,pp,0.05,0.0,58,3.131195437908173,-5.031946713996656,-5.257939640680949
3867,do,0.05,0.0,5,-0.8707566392421722,-5.735874966419105,-4.958171526590983
3868,pp,0.05,0.0,66,1.5439775872230532,-5.280139762705023,-5.045559551980761
3869,do,0.05,0.0,70,2.382032961845397,-7.305141058835116,-7.561474784215291
3870,pp,0.05,0.0,36,2.778476425409316,-5.903546343427716,-5.723938759167989
3871,do,0.05,0.0,70,2.585895957946777,-6.290938141851714,-6.736668297979567
3872,pp,0.05,0.0,54,1.659242988824845,-5.6916018514922175,-5.309917132059733
3873,do,0.05,0.0,35,2.2196810007095342,-6.6319668206301605,-6.410445181528727
3874,pp,0.05,0.0,31,3.1607223439216616,-5.453933832862161,-4.690557977888319
3875,do,0.05,0.0,13,1.0523653662204744,-5.479959693099513,-5.477619833416409
3876,pp,0.05,0.0,19,1.3612327933311459,-5.336079798322736,-4.854933696322971
3877,do,0.05,0.0,16,2.7223817300796513,-6.111048220143173,-6.6910119427575
3878,pp,0.05,0.0,23,1.6406559848785394,-5.816395356438377,-5.9799763335122
3879,do,0.05,0.0,55,3.528112205266953,-5.930632049387151,-5.960557815763686
3880,pp,0.05,0.0,35,2.3698670089244844,-4.727275091229063,-4.634882810380724
3881,do,0.05,0.0,48,2.270916306972504,-6.0837977337114735,-7.052959010336134
3882,pp,0.05,0.0,17,1.4149205124378206,-4.61040093682029,-4.720890667703417
3883,do,0.05,0.0,15,0.9804565227031707,-5.160980028094667,-4.939981320169237
3884,pp,0.05,0.0,40,2.463093771934509,-5.073938297502922,-4.726105250252617
3885,do,0.05,0.0,26,2.9798794925212864,-4.93495899402734,-4.662374016973708
3886,pp,0.05,0.0,37,2.5637625265121464,-4.702140467094653,-4.4689827945497305
3887,do,0.05,0.0,53,4.8364077472686775,-7.304857881141431,-6.822057618035211
3888,pp,0.05,0.0,70,4.24173941373825,-5.424709097544352,-5.247305642233955
3889,do,0.05,0.0,31,2.391929787397384,-6.314876517382535,-6.371400833129883
3890,pp,0.05,0.0,9,0.7813148522377018,-4.816397700165258,-4.465554308891297
3891,do,0.05,0.0,5,0.8423027157783514,-4.936351066647154,-4.6105500724580555
3892,pp,0.05,0.0,69,0.8578707551956182,-6.537188225081473,-6.708569063080682
3893,do,0.05,0.0,31,1.8225096344947822,-6.741246331821788,-6.092088868882921
3894,pp,0.05,0.0,68,1.9869118440151219,-7.185103873050574,-6.835926511552599
3895,do,0.05,0.0,10,1.3771343231201172,-5.070802772406376,-4.798255054155986
3896,pp,0.05,0.0,8,0.14737837076187077,-5.734301470265244,-4.84765133857727
3897,do,0.05,0.0,8,1.0516205275058752,-4.773639965057373,-4.6917928510242035
3898,pp,0.05,0.0,4,-0.0550642597675326,-5.451795069376628,-4.518207793765598
3899,do,0.05,0.0,29,4.395789560675621,-4.791591440547596,-5.888669029871623
3900,pp,0.05,0.0,32,2.4503721320629124,-5.056661270603989,-5.056283230251736
3901,do,0.05,0.0,30,1.627147200107574,-6.007711711074367,-6.009450300534566
3902,pp,0.05,0.0,46,2.2198221874237056,-5.676854220303622,-5.509984474711948
3903,do,0.05,0.0,30,2.8416378426551825,-5.3646554137721205,-5.139322633213467
3904,pp,0.05,0.0,52,1.0590687537193304,-7.303952763297341,-5.74699313905504
3905,do,0.05,0.0,57,3.5306184649467474,-5.485478024049239,-5.467498747507731
3906,pp,0.05,0.0,70,1.9902910923957817,-6.334401659532027,-6.997637931505839
3907,do,0.05,0.0,9,1.3281665039062505,-5.128295108043786,-5.259148899714152
3908,pp,0.05,0.0,55,2.819301166534423,-5.595605094505079,-5.447879809803433
3909,do,0.05,0.0,58,3.7667991960048672,-6.162076695760091,-5.384799371825324
3910,pp,0.05,0.0,16,2.2675817632675175,-4.6162803360910125,-4.279327082633972
3911,do,0.05,0.0,52,1.4509533262252798,-7.073307174624818,-6.549861044353909
3912,pp,0.05,0.0,15,1.0719157433509832,-5.207773227402658,-4.301353004243639
3913,do,0.05,0.0,17,2.3785705745220183,-4.586857542847142,-4.773100561565823
3914,pp,0.05,0.0,70,2.873295294046403,-5.972007986993501,-6.247091182072958
3915,do,0.05,0.0,5,1.2662207472324365,-4.566419773390799,-4.278596652878655
3916,pp,0.05,0.0,30,1.7095657801628112,-5.826741194002556,-5.804278429349264
3917,do,0.05,0.0,66,4.393577584028244,-6.030719248453776,-5.487524588902791
3918,pp,0.05,0.0,60,2.240550714731217,-5.455777593092485,-5.08493927054935
3919,do,0.05,0.0,24,2.820160231590272,-5.46963395060915,-4.8934069686465795
3920,pp,0.05,0.0,37,2.5924840438365937,-5.313262417822173,-4.845680456691318
3921,do,0.05,0.0,53,3.5691929876804354,-5.926991560964874,-6.146229452557034
3922,pp,0.05,0.0,36,2.915573782920837,-4.968329616026445,-4.868619709544712
3923,do,0.05,0.0,9,1.807690590620041,-4.707954370614254,-4.2423706690470375
3924,pp,0.05,0.0,65,1.7566917681694019,-5.8347407615546025,-5.5453709310955475
3925,do,0.05,0.0,64,2.5119994306564335,-7.000029004703869,-5.857272987895541
3926,pp,0.05,0.0,8,0.5902963650226587,-5.1843099767511545,-4.6987814691331655
3927,do,0.05,0.0,32,2.1163057565689085,-5.847463873660925,-5.509658861160278
3928,pp,0.05,0.0,16,1.536455155611038,-4.796753140651819,-3.9907364341947766
3929,do,0.05,0.0,55,2.8135903251171124,-7.202365194667469,-6.7514312532213
3930,pp,0.05,0.0,18,1.780209233760834,-4.570698704864039,-4.512816837098863
3931,do,0.05,0.0,70,1.7386954057216641,-6.326944150346698,-6.13687969048818
3932,pp,0.05,0.0,70,0.7273829948902124,-7.718046866041242,-6.227885553571913
3933,do,0.05,0.0,40,1.1290658593177794,-6.731137956272472,-6.486259905497233
3934,pp,0.05,0.0,34,1.868004312515259,-5.1946922966928195,-5.151191928651598
3935,do,0.05,0.0,19,1.5385630559921264,-5.919324708707405,-5.890182375907898
3936,pp,0.05,0.0,30,1.7008517038822175,-5.020514427531849,-4.686713698175218
3937,do,0.05,0.0,13,2.402906571626663,-4.547007832382665,-4.3586992184321085
3938,pp,0.05,0.0,13,1.2510492527484889,-4.387447705413356,-3.932060310575697
3939,do,0.05,0.0,19,1.6268683898448941,-5.936829314087376,-5.731494122081333
3940,pp,0.05,0.0,32,2.2945303821563714,-5.41725440603314,-4.880033514234754
3941,do,0.05,0.0,43,0.7257603240013122,-7.449079256346732,-8.142676496505738
3942,pp,0.05,0.0,70,1.8338019442558284,-5.811006715080955,-5.104642552799649
3943,do,0.05,0.0,69,2.344942426681518,-6.888109695550167,-6.70221761862437
3944,pp,0.05,0.0,19,1.1487969756126404,-5.856498137387362,-5.275034838252598
3945,do,0.05,0.0,12,1.8335712933540345,-4.409814129453717,-4.712113367186652
3946,pp,0.05,0.0,19,1.2076509714126589,-5.7578740669019295,-5.14820507897271
3947,do,0.05,0.0,22,1.9406947553157803,-5.162192422693426,-5.032601163122389
3948,pp,0.05,0.0,23,1.406472254991531,-6.438298134370283,-5.759864044189453
3949,do,0.05,0.0,17,0.6684897768497473,-5.7932314482602205,-5.239964389801026
3950,pp,0.05,0.0,21,2.126072263717651,-4.723325748154611,-4.679894465870327
3951,do,0.05,0.0,13,1.5904878056049343,-5.276722779418483,-4.338449912601047
3952,pp,0.05,0.0,12,1.0325848960876458,-4.44365519321326,-4.262976106007894
3953,do,0.05,0.0,57,3.6806139636039727,-5.118370158744581,-5.045593712064955
3954,pp,0.05,0.0,30,3.276526801586151,-5.285793450384429,-5.446716430452135
3955,do,0.05,0.0,58,2.4205064392089835,-5.9704577706076885,-5.494287935892741
3956,pp,0.05,0.0,9,0.6774803197383887,-5.192306128415194,-4.7858470254474215
3957,do,0.05,0.0,69,2.4303672504425045,-6.718362678181041,-7.293595557742648
3958,pp,0.05,0.0,28,2.00669808626175,-5.432096773205381,-5.207461187574599
3959,do,0.05,0.0,10,1.0626198911666869,-4.546543890057188,-4.486893905533685
3960,pp,0.05,0.0,10,0.6769480836391448,-4.523248665260546,-4.022103746732076
3961,do,0.05,0.0,64,2.5180187046527855,-5.781108090371797,-5.786645738283793
3962,pp,0.05,0.0,17,2.731211915016174,-4.422041277451949,-4.0609739674462215
3963,do,0.05,0.0,69,1.2659427690505982,-7.212212292353312,-6.92927766111162
3964,pp,0.05,0.0,9,0.3925768887996677,-5.074587590766676,-4.584958060582479
3965,do,0.05,0.0,63,3.278222630023956,-6.509760837843924,-8.339131985770331
3966,pp,0.05,0.0,61,2.2392616224288933,-7.016575401479548,-6.2067844814724396
3967,do,0.05,0.0,65,1.9592344021797183,-5.6694567926002275,-5.461557266447279
3968,pp,0.05,0.0,15,1.899941840171814,-4.948713811238607,-4.809035897254944
3969,do,0.05,0.0,37,2.326254408359528,-5.784586491729274,-5.6375482479731245
3970,pp,0.05,0.0,36,3.150331282615662,-4.608133472095837,-4.7059424877166744
3971,do,0.05,0.0,70,3.0293696057796478,-6.077686049721458,-6.243890892134773
3972,pp,0.05,0.0,49,3.5688310575485227,-5.40890197320418,-5.5314244694179955
3973,do,0.05,0.0,67,2.01034026503563,-8.222895431518555,-7.749515083101061
3974,pp,0.05,0.0,21,2.2500718939304356,-4.9482513601129705,-4.811471252971225
3975,do,0.05,0.0,70,1.6229407882690419,-7.266608102393873,-6.545188450813294
3976,pp,0.05,0.0,17,0.5118507862091066,-7.32417955976544,-5.910636546876695
3977,do,0.05,0.0,9,1.8930130672454837,-4.65030569452228,-4.587812897894118
3978,pp,0.05,0.0,16,1.938814537525178,-5.716110609516953,-4.8623294274012245
3979,do,0.05,0.0,67,1.0684706163406377,-7.271583291256067,-7.542413526111179
3980,pp,0.05,0.0,19,1.5554059374332425,-5.213995927752871,-4.67919090853797
3981,do,0.05,0.0,70,3.149331277608871,-5.8371267694415465,-5.388632080290052
3982,pp,0.05,0.0,17,2.0700507903099066,-5.733936536673344,-5.114460749096341
3983,do,0.05,0.0,24,2.068323316574096,-5.806613768953266,-5.2850143538581005
3984,pp,0.05,0.0,70,2.177676270008088,-6.911296434113473,-6.864695594045851
3985,do,0.05,0.0,47,1.637920298576356,-6.868742922580603,-6.889833635754055
3986,pp,0.05,0.0,16,1.1985660004615788,-6.050998244141088,-5.451387204064263
3987,do,0.05,0.0,70,-0.42752943992614867,-9.398309063188957,-8.853490082422892
3988,pp,0.05,0.0,33,1.404570417404174,-6.116148996353149,-5.674837878015306
3989,do,0.05,0.0,31,1.9316716766357418,-5.0788272655371465,-4.982621704207526
3990,pp,0.05,0.0,25,1.066840735673904,-6.173189715183143,-5.851427186859978
3991,do,0.05,0.0,69,2.9663512814044948,-6.053871185129339,-5.96898766623603
3992,pp,0.05,0.0,62,1.3881683421134952,-6.390419620456117,-5.891341911421882
3993,do,0.05,0.0,9,0.3095870339870457,-5.350460974375407,-4.56178699599372
3994,pp,0.05,0.0,34,0.9216363763809197,-6.651673766338464,-5.820420339372423
3995,do,0.05,0.0,12,1.4905516123771667,-4.381082258802472,-4.925683728853861
3996,pp,0.05,0.0,46,2.900242404937744,-6.440975421847719,-6.141437575552199
3997,do,0.05,0.0,70,2.93778556585312,-6.848644691525084,-6.441462797588772
3998,pp,0.05,0.0,15,2.018382173776626,-4.909603582728993,-4.931369092729357
3999,do,0.05,0.0,62,1.4119638216495511,-7.5725882920351895,-7.149359726905823
4000,pp,0.05,0.0,67,1.0546400058269505,-7.615689361456669,-6.789568723572625
4001,do,0.05,0.0,6,0.8420198309421538,-5.357853266687104,-4.545843007829454
4002,pp,0.05,0.0,32,0.9113389372825624,-6.846067915540753,-6.133176718817817
4003,do,0.05,0.0,70,2.8574660849571236,-5.903509080771244,-5.876386880874634
4004,pp,0.05,0.0,13,1.814061788320541,-4.784079171672012,-4.825954206784567
4005,do,0.05,0.0,67,1.8619532465934752,-6.819849832130201,-6.137009292178684
4006,pp,0.05,0.0,17,1.844233739376068,-5.110838088122281,-4.870429380734762
4007,do,0.05,0.0,29,2.7122832179069523,-5.944323613426902,-6.0196792973412405
4008,pp,0.05,0.0,35,3.37317617893219,-5.167903732530998,-5.331176209449768
4009,do,0.05,0.0,21,3.2765575277805334,-4.65238504265294,-5.450873833232456
4010,pp,0.05,0.0,17,2.3658446848392485,-4.714137403892749,-4.710248592164781
4011,do,0.05,0.0,52,1.9040125977993005,-6.07729127479322,-5.692854640218947
4012,pp,0.05,0.0,70,2.2808647239208213,-5.942490701964407,-5.995714272393121
4013,do,0.05,0.0,67,3.1186325085163116,-6.653972364194465,-5.771344412697686
4014,pp,0.05,0.0,20,1.3562704598903652,-6.358354970180627,-5.667749743991428
4015,do,0.05,0.0,32,3.076414914131165,-6.124407096342607,-5.968317564328512
4016,pp,0.05,0.0,65,1.909248175621033,-6.448244268243963,-6.387061633004082
4017,do,0.05,0.0,15,1.5295788204669956,-4.694759705572418,-4.627792469660441
4018,pp,0.05,0.0,70,1.2134955084323886,-6.544003727941802,-6.601922498808967
4019,do,0.05,0.0,6,0.3033834123611454,-5.159188917911414,-4.542707210116916
4020,pp,0.05,0.0,24,2.5152797901630395,-5.351350649920377,-4.471179146236843
4021,do,0.05,0.0,33,2.6607504618167876,-5.340764557231556,-5.1017128573523625
4022,pp,0.05,0.0,28,2.464967150688171,-5.770898652799202,-5.199940103954739
4023,do,0.05,0.0,23,1.78180393576622,-4.827106929547859,-4.897615342670017
4024,pp,0.05,0.0,40,3.2779711365699757,-4.5730286251414904,-4.0715049227078755
4025,do,0.05,0.0,22,2.5392882061004647,-4.31732659628897,-4.213794212871128
4026,pp,0.05,0.0,28,2.4864633178710935,-4.999881079702666,-4.255746658643087
4027,do,0.05,0.0,17,3.747590656280517,-4.424199994405111,-4.30431559615665
4028,pp,0.05,0.0,70,3.594631760120392,-5.175204935940829,-4.8202127324210275
4029,do,0.05,0.0,11,1.5756855416297908,-4.630852470975934,-4.476995306544834
4030,pp,0.05,0.0,58,0.9187575328350066,-6.465445817600597,-6.1832097689310705
4031,do,0.05,0.0,11,1.7217780578136441,-4.161338147250089,-4.022760495874617
4032,pp,0.05,0.0,70,0.8860262823104854,-6.584258789004702,-5.391325733396742
4033,do,0.05,0.0,30,2.306906955242157,-5.485189735528195,-5.777561171849569
4034,pp,0.05,0.0,22,1.6134086215496062,-6.243470774274884,-5.643231993251376
4035,do,0.05,0.0,45,1.8474032330513008,-6.012699290477868,-6.853429211510552
4036,pp,0.05,0.0,70,2.14437064409256,-6.277398493795684,-5.5814658840497335
4037,do,0.05,0.0,70,1.6050648772716531,-10.173564156618985,-9.334264532725017
4038,pp,0.05,0.0,70,1.4633801507949835,-6.102827378475305,-5.538002256552378
4039,do,0.05,0.0,13,1.6628897368907927,-4.690868321332064,-4.52341148853302
4040,pp,0.05,0.0,17,2.109699075222016,-5.506643110333067,-4.591561500231425
4041,do,0.05,0.0,15,2.1973246955871577,-4.710863828659058,-4.331047406461503
4042,pp,0.05,0.0,25,1.8859126722812647,-5.558257938153816,-4.948383092880249
4043,do,0.05,0.0,49,1.440687857866287,-6.358007637659709,-5.946970926390754
4044,pp,0.05,0.0,12,1.7024650740623475,-4.565372896194458,-3.973941198984782
4045,do,0.05,0.0,70,2.6970623838901515,-6.838236466321078,-6.425371885299683
4046,pp,0.05,0.0,33,1.150390330553054,-6.425666093826294,-5.7849551916122435
4047,do,0.05,0.0,18,3.0857546293735503,-4.526834042867025,-4.730343339178297
4048,pp,0.05,0.0,26,1.0892599523067474,-6.024336322148641,-5.642684576246474
4049,do,0.05,0.0,64,2.7514262676239003,-5.866438560774832,-5.645777172512478
4050,pp,0.05,0.0,70,1.6426309227943428,-7.823193281347101,-7.227381478415595
4051,do,0.05,0.0,55,3.0172722434997565,-5.819677110151811,-8.034802187813654
4052,pp,0.05,0.0,12,1.970978517532349,-4.3812606493632,-4.304938756095039
4053,do,0.05,0.0,30,2.7325910389423367,-4.085841193343654,-3.9702816473113165
4054,pp,0.05,0.0,19,2.7745257997512818,-4.760059376918909,-4.064556046326955
4055,do,0.05,0.0,33,2.2595937418937684,-7.472880818627098,-8.124956226348877
4056,pp,0.05,0.0,41,4.677676018476487,-5.441608926021692,-5.057960822847154
4057,do,0.05,0.0,32,3.0165576744079585,-4.574792320078069,-5.04159353044298
4058,pp,0.05,0.0,34,2.5150392699241646,-5.912569433270079,-5.237090065744188
4059,do,0.05,0.0,21,1.2685347354412082,-4.857603652549512,-4.532785471280416
4060,pp,0.05,0.0,66,1.069285130500793,-7.644823262185762,-6.683598192532857
4061,do,0.05,0.0,22,2.6326329207420356,-6.289203848983302,-6.884411438306173
4062,pp,0.05,0.0,47,3.508583645820618,-6.56326350587787,-5.373591311772665
4063,do,0.05,0.0,39,3.579790951013565,-5.184596040032127,-4.3883855978647865
4064,pp,0.05,0.0,20,2.2260680937767026,-6.127518759351788,-4.946874316533407
4065,do,0.05,0.0,22,3.1161876428127293,-5.2394863287607825,-5.425765310393439
4066,pp,0.05,0.0,35,4.127474777698517,-5.990790881532611,-5.091965770721435
4067,do,0.05,0.0,27,2.5144390952587123,-4.645425588434393,-5.305471931563483
4068,pp,0.05,0.0,26,2.527117750644683,-5.727281106602062,-5.436217456393772
4069,do,0.05,0.0,70,2.639654369354248,-5.373360337633075,-5.272183945443895
4070,pp,0.05,0.0,70,3.0196320998668673,-6.039647543069088,-5.312879440519545
4071,do,0.05,0.0,67,2.491491307020187,-5.556336756908532,-7.12470309999254
4072,pp,0.05,0.0,46,3.4503075027465826,-5.23249362598766,-4.39294028017256
4073,do,0.05,0.0,33,2.1064757037162787,-5.020630213708588,-4.959213524394565
4074,pp,0.05,0.0,70,2.9741935956478116,-6.692257239601829,-5.8810184876124065
4075,do,0.05,0.0,70,2.7321907043457037,-5.815017846136382,-6.285128376219007
4076,pp,0.05,0.0,31,2.6836825823783883,-5.773966721332434,-5.5264032708274
4077,do,0.05,0.0,70,2.7553058779239654,-5.532963403066,-6.107348701688978
4078,pp,0.05,0.0,48,2.6154556918144225,-6.336907781254162,-5.5784792635175915
4079,do,0.05,0.0,32,2.614802943468095,-6.708951289726026,-7.253371180428399
4080,pp,0.05,0.0,27,3.118123161792754,-5.772145571853176,-5.010982163747152
4081,do,0.05,0.0,9,1.3750896692275996,-4.263900856538252,-4.044103108512031
4082,pp,0.05,0.0,37,1.9191390562057489,-7.077943524447354,-5.981875684526232
4083,do,0.05,0.0,18,2.5958006072044375,-4.484585162365075,-5.493525780571831
4084,pp,0.05,0.0,21,3.2426343262195587,-5.649254939050385,-5.0561519331402245
4085,do,0.05,0.0,56,2.8112760674953465,-5.818659512201945,-5.734749144977993
4086,pp,0.05,0.0,21,1.5421146488189699,-6.4112559882077305,-5.252400520112779
4087,do,0.05,0.0,50,2.247066712379455,-8.622350685524218,-9.104507178730435
4088,pp,0.05,0.0,24,1.5138878619670866,-7.214351895361236,-6.443328955438402
4089,do,0.05,0.0,17,1.3023463594913478,-4.813067046078769,-4.691205293602414
4090,pp,0.05,0.0,56,1.6213874006271372,-6.19973646366235,-5.6413201623492775
4091,do,0.05,0.0,66,1.7107913386821743,-7.239594041939938,-7.605566557248434
4092,pp,0.05,0.0,66,0.5655004608631131,-7.758611801898841,-6.720105838775635
4093,do,0.05,0.0,47,2.2816508591175078,-6.054725779909076,-7.147553470399645
4094,pp,0.05,0.0,4,0.9531572830677035,-4.301496202295477,-4.051630658573575
4095,do,0.05,0.0,12,1.3666122400760647,-4.220119490767971,-4.214733624458313
4096,pp,0.05,0.0,45,1.7360409593582151,-6.336481409361868,-5.0876367939843075
4097,do,0.05,0.0,28,3.8128019964694984,-5.160254281939882,-5.598834202024672
4098,pp,0.05,0.0,10,1.7516099309921271,-5.668434926235315,-5.110501737064785
4099,do,0.05,0.0,44,2.075844906568526,-5.597951511903243,-7.215292310714721
4100,pp,0.05,0.0,16,2.3548903405666355,-5.4200997208103985,-4.785655358102587
4101,do,0.05,0.0,20,1.2689939463138584,-4.531542886387218,-5.078808413611518
4102,pp,0.05,0.0,55,2.58527282834053,-5.755698901956731,-4.926992138226827
4103,do,0.05,0.0,21,2.379835577011109,-3.8915815317269526,-3.734235183397929
4104,pp,0.05,0.0,21,2.874018882513046,-4.88509940812082,-4.1645457135306465
4105,do,0.05,0.0,22,2.9884564077854154,-4.911599945299553,-5.24956083562639
4106,pp,0.05,0.0,10,2.1537735414504997,-4.7473676739316994,-4.3074914044804045
4107,do,0.05,0.0,39,3.3425859284400943,-5.478286142060251,-5.514418800671895
4108,pp,0.05,0.0,68,2.547482012510299,-7.3233862197760375,-6.317559117741055
4109,do,0.05,0.0,70,3.351391501426697,-4.938983950470433,-5.037107361687554
4110,pp,0.05,0.0,53,2.6266923177242276,-6.559267387968121,-5.589120573467678
4111,do,0.05,0.0,19,2.1755130517482755,-4.135647293293115,-4.055598409970601
4112,pp,0.05,0.0,19,2.9120145368576056,-4.713373750628847,-4.258416238096025
4113,do,0.05,0.0,70,2.952228264808655,-5.813499320637096,-5.646315160062578
4114,pp,0.05,0.0,59,1.6220994794368755,-6.335996665376605,-5.947381779882643
4115,do,0.05,0.0,30,1.8013825619220736,-5.698547366171172,-5.474587578243679
4116,pp,0.05,0.0,70,2.349410465955734,-5.60404221794822,-5.336544262038337
4117,do,0.05,0.0,25,2.1750236141681665,-5.7392315936811045,-5.367853026919895
4118,pp,0.05,0.0,31,2.2978232169151314,-5.740226381475275,-4.846083635754056
4119,do,0.05,0.0,70,1.216557841300964,-5.83010046265342,-6.237972961531745
4120,pp,0.05,0.0,37,1.8510465216636653,-6.236353449387984,-5.874268764919705
4121,do,0.05,0.0,42,2.1177414476871492,-6.325983641364358,-5.588958700497945
4122,pp,0.05,0.0,27,3.253322073221206,-5.460451822569876,-5.034724142816332
4123,do,0.05,0.0,22,1.7585463619232176,-5.735388172034061,-5.2422110928429495
4124,pp,0.05,0.0,64,2.140390620231628,-6.276005877870502,-5.713547560903761
4125,do,0.05,0.0,35,1.4630717051029212,-6.400447322383071,-5.470131993293762
4126,pp,0.05,0.0,7,1.0934589421749115,-4.70602967377865,-4.292679376072353
4127,do,0.05,0.0,13,1.7899971234798429,-5.294331750002774,-5.1330039501190186
4128,pp,0.05,0.0,70,2.614889305830002,-6.072263324621952,-5.6721491946114435
4129,do,0.05,0.0,38,3.029320001602173,-5.303809543089433,-5.0380663474400835
4130,pp,0.05,0.0,19,2.4140988552570333,-5.25376795277451,-4.619969113667806
4131,do,0.05,0.0,70,1.9417973089218146,-7.672991138516051,-6.409799414210849
4132,pp,0.05,0.0,57,3.0682622838020324,-5.6379319190979,-4.867246172163221
4133,do,0.05,0.0,55,2.6155684077739716,-6.0262183651779635,-5.611865753597684
4134,pp,0.05,0.0,20,2.2655672657489774,-4.9705964001742275,-4.432569294505649
4135,do,0.05,0.0,47,1.6837553131580352,-6.7946389169404,-7.298065694173177
4136,pp,0.05,0.0,45,1.954730541706085,-5.824481396241621,-5.0877457989586725
4137,do,0.05,0.0,50,2.340333565473557,-4.953812824596058,-5.217140081193712
4138,pp,0.05,0.0,64,3.027708420753479,-4.87628997889432,-4.437051977051629
4139,do,0.05,0.0,70,1.8422562181949615,-7.878950425350305,-8.270426352818808
4140,pp,0.05,0.0,8,1.335357635021209,-4.607675309614701,-4.011865899297926
4141,do,0.05,0.0,62,1.82589047908783,-5.705651770216046,-6.375275627772013
4142,pp,0.05,0.0,36,1.1563346457481387,-6.53398742386789,-6.170368093914456
4143,do,0.05,0.0,20,1.5167322945594792,-5.8662194064169215,-4.695995073848301
4144,pp,0.05,0.0,13,1.7329343652725226,-4.5173069188089086,-3.8971904277801515
4145,do,0.05,0.0,61,2.6567412149906158,-5.861844552646984,-5.635101445515951
4146,pp,0.05,0.0,26,1.6058944022655481,-5.284327917387992,-4.611420694986979
4147,do,0.05,0.0,41,4.805625149011613,-5.822327082084887,-5.845668167538113
4148,pp,0.05,0.0,31,3.7524275028705603,-5.200078698360559,-4.6767928149965075
4149,do,0.05,0.0,35,1.500898245573043,-5.4878113154209025,-5.132213301128811
4150,pp,0.05,0.0,11,1.6175198757648461,-4.632401782816107,-4.178367731306288
4151,do,0.05,0.0,70,1.3027977216243745,-6.955807708971428,-7.459711244371202
4152,pp,0.05,0.0,39,1.6960987591743466,-6.0587560408043135,-5.514408707618713
4153,do,0.05,0.0,17,1.4464619123935698,-4.692881102995439,-4.18368042839898
4154,pp,0.05,0.0,70,2.0759982001781454,-6.112213352954749,-5.312613977326287
4155,do,0.05,0.0,42,2.540042498111724,-5.942064299727932,-6.114390105671353
4156,pp,0.05,0.0,25,3.3809250807762155,-4.514775130243012,-4.113644463486142
4157,do,0.05,0.0,21,2.2178146934509275,-5.039816174362645,-4.665601494577196
4158,pp,0.05,0.0,13,1.7361939620971683,-4.751491724361073,-4.365111176172892
4159,do,0.05,0.0,70,2.8351809430122374,-6.523314660968203,-5.816126126713223
4160,pp,0.05,0.0,27,2.312463867664337,-5.4773678143819176,-4.986137035157945
4161,do,0.05,0.0,42,3.3916460609436037,-5.549289732268362,-5.458660311169094
4162,pp,0.05,0.0,35,2.7884818172454837,-5.169127001906887,-4.918020672268337
4163,do,0.05,0.0,27,1.4373760616779325,-5.477478456497193,-4.820603858100044
4164,pp,0.05,0.0,39,3.1392551338672634,-5.470868701645823,-4.943175188700358
4165,do,0.05,0.0,42,1.7289355742931356,-6.950919912800645,-6.519315248065524
4166,pp,0.05,0.0,40,2.9887190639972676,-5.488442366050951,-4.667506639162699
4167,do,0.05,0.0,41,2.0376776528358453,-5.167929834308047,-5.166021860970391
4168,pp,0.05,0.0,30,2.602353576421738,-5.064107860218395,-4.874109596676297
4169,do,0.05,0.0,16,1.7683155941963191,-4.404648012103457,-4.58048858112759
4170,pp,0.05,0.0,58,3.2631671166419984,-6.1869947549068565,-5.6228303485446505
4171,do,0.05,0.0,26,2.2369840145111075,-5.14535284909335,-5.124195880360073
4172,pp,0.05,0.0,25,2.46995976805687,-6.059178788734205,-5.452513074874878
4173,do,0.05,0.0,58,1.9751609838008877,-5.989343123002485,-5.512724179691738
4174,pp,0.05,0.0,70,3.251314814090729,-6.870812525893703,-5.988837178548177
4175,do,0.05,0.0,58,3.1732349729537956,-5.4251608516230725,-5.206175369686551
4176,pp,0.05,0.0,22,3.1824076092243185,-4.868917043281324,-4.51296063264211
4177,do,0.05,0.0,60,1.4597386229038234,-6.167993088924524,-5.8801799535751345
4178,pp,0.05,0.0,44,1.5824869263172143,-6.389387994824034,-5.898571904500326
4179,do,0.05,0.0,43,1.4231996548175818,-7.091177436077234,-6.847028125656975
4180,pp,0.05,0.0,30,1.3713372528553007,-6.6865409749926945,-5.629332584804959
4181,do,0.05,0.0,34,2.0542250061035157,-6.2353154254682135,-5.430156993865967
4182,pp,0.05,0.0,11,1.179666110277176,-4.813698758500995,-4.118158006668091
4183,do,0.05,0.0,27,1.7476163089275358,-4.857712864153313,-4.926028156280518
4184,pp,0.05,0.0,26,1.5140685236454017,-6.102049748102824,-5.415389439794752
4185,do,0.05,0.0,43,2.3285905158519737,-5.800935700445464,-5.227129652765062
4186,pp,0.05,0.0,47,1.7735718071460722,-6.084795240922408,-5.477578539318508
4187,do,0.05,0.0,68,2.2498759162426003,-6.806025510845762,-6.16738031440311
4188,pp,0.05,0.0,18,2.0619133067131044,-5.6403998418287795,-4.904112972153557
4189,do,0.05,0.0,65,1.7036692082881935,-6.690122877467762,-6.885892457432217
4190,pp,0.05,0.0,45,1.8488598835468295,-6.396057803703077,-5.189256567425198
4191,do,0.05,0.0,63,2.814489415884017,-6.607538896618467,-5.559105488989088
4192,pp,0.05,0.0,28,2.935060372352601,-5.723504458051739,-5.144628736707899
4193,do,0.05,0.0,16,1.254218308925628,-4.721171543814919,-4.577522744072808
4194,pp,0.05,0.0,26,3.001372674703598,-5.043385774439032,-4.428781716028849
4195,do,0.05,0.0,70,1.6933077239990233,-5.909400383631389,-5.849107586012947
4196,pp,0.05,0.0,61,2.7841861379146566,-5.888641556826505,-4.837322078810798
4197,do,0.05,0.0,14,1.9154578685760493,-4.616919443824075,-4.308588857120938
4198,pp,0.05,0.0,47,2.363957699537277,-5.367670570720326,-4.809058311250475
4199,do,0.05,0.0,48,3.0840805923938746,-5.56546734752077,-5.661049879921807
4200,pp,0.05,0.0,70,2.6837821054458626,-6.232049615455396,-5.264478866259257
4201,do,0.05,0.0,6,0.7720587217807768,-4.022507552667098,-3.8404595997598436
4202,pp,0.05,0.0,20,1.683299053907394,-5.252626316475146,-4.668519661161635
4203,do,0.05,0.0,70,1.938723914623261,-5.441252514810273,-5.714702537324693
4204,pp,0.05,0.0,70,2.468982173204422,-5.839882177295107,-4.969454137484233
4205,do,0.05,0.0,69,2.1119021713733677,-6.161841022607052,-5.7147161377800835
4206,pp,0.05,0.0,20,2.373666077852249,-5.45261728257844,-4.680759366353353
4207,do,0.05,0.0,31,3.2765663385391237,-5.377891492843628,-5.307026780976189
4208,pp,0.05,0.0,57,3.214960511922837,-5.530185923431858,-4.943727827072143
4209,do,0.05,0.0,7,0.5188926064968111,-5.3088420622276535,-5.314512101809184
4210,pp,0.05,0.0,59,1.6810607171058658,-6.640828274235581,-6.803374518288506
4211,do,0.05,0.0,3,0.7740890014171606,-4.831819970680006,-4.601124731699626
4212,pp,0.05,0.0,26,0.5073312544822706,-7.276449045990453,-7.077778744697571
4213,do,0.05,0.0,28,1.326748023033141,-6.5432842688127,-6.744422888755798
4214,pp,0.05,0.0,44,2.5175165796279915,-4.766024778828476,-4.830232448048061
4215,do,0.05,0.0,70,1.0161600089073186,-6.614417570287531,-7.531771696938408
4216,pp,0.05,0.0,55,1.61165144443512,-8.317695795405994,-8.034508879979452
4217,do,0.05,0.0,70,1.3504159486293785,-5.8692765495993875,-5.804573276307848
4218,pp,0.05,0.0,32,1.744162080287933,-5.945526221304229,-6.6338699420293175
4219,do,0.05,0.0,15,0.7814111447334291,-6.150256369330666,-5.725547538863288
4220,pp,0.05,0.0,48,3.868540811538696,-4.534473463983247,-4.361007679833306
4221,do,0.05,0.0,70,1.5726355886459356,-7.467134719906431,-7.35750346713596
4222,pp,0.05,0.0,60,2.4439062285423274,-6.32916688341083,-6.092556132210626
4223,do,0.05,0.0,8,1.2942949187755586,-5.14748902609854,-4.741021460956997
4224,pp,0.05,0.0,6,0.8674624049663544,-4.734895304477576,-4.443085265159607
4225,do,0.05,0.0,24,0.9330601394176483,-6.7072881409616185,-6.512897886170281
4226,pp,0.05,0.0,23,1.6231167757511136,-5.928687193899444,-6.234776748551263
4227,do,0.05,0.0,32,2.0069192659854895,-5.429820195111361,-5.788975154028998
4228,pp,0.05,0.0,22,0.71362101316452,-5.696259622862844,-5.457948390642802
4229,do,0.05,0.0,20,-0.5495036268234257,-7.665229674541589,-7.060634385214912
4230,pp,0.05,0.0,16,1.3380540192127226,-5.566888810649063,-5.230232416258918
4231,do,0.05,0.0,14,1.3566705679893492,-6.112458835948598,-5.391771131091648
4232,pp,0.05,0.0,16,2.242558178901673,-5.261285901792122,-4.764170400301615
4233,do,0.05,0.0,11,1.4640515971183774,-4.793999067942301,-4.986650172869364
4234,pp,0.05,0.0,19,2.110907423496246,-4.9074822382493455,-4.64562906159295
4235,do,0.05,0.0,21,1.2233349299430847,-5.3555376182902945,-5.404235463672214
4236,pp,0.05,0.0,5,1.2762813723087314,-4.990808716687289,-4.711380590332879
4237,do,0.05,0.0,30,3.106683391332627,-5.636581537940286,-6.362168831295437
4238,pp,0.05,0.0,20,2.1512796115875243,-4.8595535957452025,-4.440669626659817
4239,do,0.05,0.0,59,1.3147396957874307,-6.5224014600118005,-6.843027891053094
4240,pp,0.05,0.0,70,1.1512420654296864,-8.775103902816772,-8.693596243858337
4241,do,0.05,0.0,29,3.0121458435058583,-5.474676270918413,-5.249742518530952
4242,pp,0.05,0.0,47,4.8777588582038875,-5.533467902559223,-5.5691165738635595
4243,do,0.05,0.0,70,2.8978809332847595,-5.732040136510675,-7.408395168516371
4244,pp,0.05,0.0,9,1.668718664646149,-4.3388125347368645,-4.070742551485697
4245,do,0.05,0.0,40,1.4744648134708411,-6.473125701962095,-7.576811027526856
4246,pp,0.05,0.0,18,2.2341945040225983,-4.781201268687393,-4.315663715203603
4247,do,0.05,0.0,37,0.7069936609268197,-8.138609941077954,-7.881122218237983
4248,pp,0.05,0.0,8,0.8336955070495611,-5.153540008718317,-4.6363994969262015
4249,do,0.05,0.0,23,2.0146987092494966,-7.001386538418856,-7.215540414386325
4250,pp,0.05,0.0,70,4.000853173732757,-5.72547161506884,-5.669988611009386
4251,do,0.05,0.0,14,1.0358199107646948,-5.4670156955719,-4.9925519916746355
4252,pp,0.05,0.0,70,1.3994762313365943,-7.322700477368904,-6.409053172005548
4253,do,0.05,0.0,31,0.9073719680309296,-6.883755444035385,-7.045874611536662
4254,pp,0.05,0.0,23,2.3474436485767365,-5.04495246627114,-4.908012970288595
4255,do,0.05,0.0,70,1.6792700338363638,-7.252268632253011,-7.297160122129652
4256,pp,0.05,0.0,13,2.04998074889183,-4.507800661433826,-4.646455608473884
4257,do,0.05,0.0,43,1.1780600762367248,-6.807591129071785,-6.8059892654418945
4258,pp,0.05,0.0,20,3.166036490201951,-4.712588493751757,-4.762688941425747
4259,do,0.05,0.0,28,0.666315762996673,-6.772815387899225,-6.474058998955621
4260,pp,0.05,0.0,14,1.0353102111816401,-5.934386124755397,-5.706807271639506
4261,do,0.05,0.0,22,1.5605254840850833,-5.1099160801280625,-5.012268702189128
4262,pp,0.05,0.0,14,2.8070028626918795,-4.707948937560573,-4.694815293947856
4263,do,0.05,0.0,22,1.4084708166122448,-5.808703948512222,-6.009474057621426
4264,pp,0.05,0.0,70,1.8277620542049409,-7.177020770853216,-6.588876475228203
4265,do,0.05,0.0,70,2.504771268367768,-6.35903641093861,-6.2285242610507545
4266,pp,0.05,0.0,37,2.7559345877170554,-5.76723945646575,-5.623410103056166
4267,do,0.05,0.0,33,1.339777793884278,-6.770719953016801,-6.957287669181824
4268,pp,0.05,0.0,39,3.161227629184723,-4.963509175271699,-4.720506644248962
4269,do,0.05,0.0,70,2.0061036872863776,-6.841004438111276,-6.525584257973565
4270,pp,0.05,0.0,67,2.1821404349803926,-5.747430402582342,-5.562842406166924
4271,do,0.05,0.0,13,1.8511179018020636,-5.403219519239483,-4.8204046805699665
4272,pp,0.05,0.0,46,1.9167551827430716,-6.412468423265399,-5.945605476697286
4273,do,0.05,0.0,70,1.0498633003234854,-6.970560755874171,-7.376830583148532
4274,pp,0.05,0.0,29,2.2301123380661014,-5.375564413359671,-5.546812150213453
4275,do,0.05,0.0,70,0.2624974036216745,-8.117460401130446,-7.72188368373447
4276,pp,0.05,0.0,38,1.4075224006175997,-7.017934089718443,-6.173525110880534
4277,do,0.05,0.0,63,1.609884794950486,-6.475047686605743,-6.727963421079847
4278,pp,0.05,0.0,70,3.3312052154541023,-5.657387882290465,-5.3648986366060045
4279,do,0.05,0.0,10,1.1700351667404174,-5.129685640335083,-4.958607615364922
4280,pp,0.05,0.0,39,2.2906375408172615,-5.948982313907508,-5.958814273940193
4281,do,0.05,0.0,33,1.6347018158435818,-6.556322472023242,-5.638998087247213
4282,pp,0.05,0.0,45,2.1326314485073095,-6.126102714827566,-6.050469181272718
4283,do,0.05,0.0,7,1.0956762492656713,-4.786938333511353,-4.718208890491062
4284,pp,0.05,0.0,37,4.0261512470245355,-5.1997418259129375,-4.945359320110745
4285,do,0.05,0.0,8,1.2867869925498958,-4.52553123849811,-4.321828161345588
4286,pp,0.05,0.0,54,2.9779511213302605,-5.40323290680394,-5.109993738598294
4287,do,0.05,0.0,33,0.6796159005165103,-7.003452601577297,-6.394614283243815
4288,pp,0.05,0.0,22,1.5151968932151796,-6.846452728907267,-5.660052593549093
4289,do,0.05,0.0,31,1.7232922232151022,-6.607858433867946,-6.975370444191826
4290,pp,0.05,0.0,15,2.0388258075714107,-5.3069318814711135,-5.163159436649746
4291,do,0.05,0.0,33,0.9541565203666691,-5.902745044592655,-5.857913239796956
4292,pp,0.05,0.0,30,3.233432790040969,-5.593173107956395,-5.328921585612827
4293,do,0.05,0.0,28,2.3131765973567964,-5.527832937240601,-5.499673941400316
4294,pp,0.05,0.0,45,3.0271125423908236,-5.634607157562718,-5.586399046579997
4295,do,0.05,0.0,38,0.45513698339462394,-7.475108484788374,-7.2943872716691756
4296,pp,0.05,0.0,19,1.7253658819198616,-5.727463691884821,-5.360260354148017
4297,do,0.05,0.0,8,1.2283020877838133,-4.319598148808335,-4.473693593343099
4298,pp,0.05,0.0,31,2.932907463312149,-5.360749983065056,-4.87031934261322
4299,do,0.05,0.0,10,0.8845919752120972,-4.688922263636734,-4.785850834846497
4300,pp,0.05,0.0,14,2.3200183236598972,-4.909312543002042,-5.069467255804274
4301,do,0.05,0.0,5,0.7553865706920622,-4.851192550948172,-4.86496544679006
4302,pp,0.05,0.0,70,2.9077619040012355,-6.1065534635023635,-5.479707023832533
4303,do,0.05,0.0,6,0.48592014551162777,-4.866514346093842,-4.58101450337304
4304,pp,0.05,0.0,8,1.5637219429016112,-4.619266384298151,-4.392259902424282
4305,do,0.05,0.0,70,1.8752945327758797,-6.57606410113248,-6.2969558980729845
4306,pp,0.05,0.0,48,0.7959655404090888,-7.652033930113821,-6.772975111007691
4307,do,0.05,0.0,23,1.6750248634815224,-5.7511732867269805,-5.187212289704217
4308,pp,0.05,0.0,8,1.7232403075695037,-4.5228046128244115,-3.8619031098153855
4309,do,0.05,0.0,70,3.957751493453979,-5.649878704186642,-5.7323611047532825
4310,pp,0.05,0.0,70,1.0539905858039855,-6.676833372405081,-5.923888733651903
4311,do,0.05,0.0,64,1.4410620498657227,-6.698641268412272,-6.9383469846513535
4312,pp,0.05,0.0,53,1.1300875377655029,-6.361179567105842,-5.714002447658115
4313,do,0.05,0.0,14,1.7796951997280122,-4.750791475989602,-4.280336875385708
4314,pp,0.05,0.0,23,0.6585374176502228,-6.0351261659102,-5.240833277172513
4315,do,0.05,0.0,15,0.88713112950325,-5.385244099299113,-4.77738475534651
4316,pp,0.05,0.0,23,1.8766058933734895,-5.509052939848466,-4.6319847504297895
4317,do,0.05,0.0,70,2.40811488032341,-8.22273050510522,-8.981979984707303
4318,pp,0.05,0.0,17,2.522505571842194,-4.314394546277596,-3.9341939449310304
4319,do,0.05,0.0,70,2.954899410009383,-6.9552149238008445,-6.255122579468621
4320,pp,0.05,0.0,54,3.6732491958141322,-5.314303174163356,-5.28409076001909
4321,do,0.05,0.0,14,0.7492584991455074,-5.666349886402939,-5.617408413357205
4322,pp,0.05,0.0,70,2.614349923133849,-5.0529077992294775,-4.5678718116548325
4323,do,0.05,0.0,54,3.113679493665696,-5.5506018450765895,-5.4579575962490505
4324,pp,0.05,0.0,47,1.763717507123947,-7.172940403042418,-5.823139429092407
4325,do,0.05,0.0,17,1.8918802773952486,-4.876804061369462,-4.217369879616632
4326,pp,0.05,0.0,70,2.4541999447345733,-8.997273830934004,-6.550234174728393
4327,do,0.05,0.0,70,1.7709602355957035,-5.418696055267796,-5.051289931933085
4328,pp,0.05,0.0,39,2.172319614887237,-5.939552986260616,-5.436557965808444
4329,do,0.05,0.0,65,2.4769407546520235,-5.350676984497995,-5.749378689130148
4330,pp,0.05,0.0,58,1.49587688088417,-7.284168561299642,-6.358034870359632
4331,do,0.05,0.0,7,1.4963535547256468,-4.532492419445154,-4.191955751842922
4332,pp,0.05,0.0,70,2.1838133907318102,-7.171366820190892,-6.517668965127733
4333,do,0.05,0.0,70,1.5878341746330262,-6.902121457186612,-7.408727208773295
4334,pp,0.05,0.0,38,2.3448662018775934,-5.504633649190267,-5.4177092605166965
4335,do,0.05,0.0,13,0.9300185573101043,-5.2465168649500065,-4.567657905154758
4336,pp,0.05,0.0,47,1.9521504378318788,-6.193655690279874,-5.944976207945082
4337,do,0.05,0.0,70,0.596819504499436,-8.556103665900952,-7.727389091915555
4338,pp,0.05,0.0,21,2.2272270429134373,-4.633313819133874,-4.166355819172329
4339,do,0.05,0.0,33,2.0549408817291255,-6.802651957309608,-5.906485909885831
4340,pp,0.05,0.0,70,2.26909675836563,-5.521230895591505,-5.0847925451066756
4341,do,0.05,0.0,22,1.5823613953590394,-5.160562863494411,-4.720330580075582
4342,pp,0.05,0.0,70,2.116441423892976,-5.834782554164077,-4.762273701032003
4343,do,0.05,0.0,7,0.9525555598735806,-3.9594513633034447,-3.892092561721802
4344,pp,0.05,0.0,8,0.44069341182708666,-4.756937274065884,-4.462284437815348
4345,do,0.05,0.0,11,-0.11483815312385559,-5.591068344405203,-4.714247009489271
4346,pp,0.05,0.0,35,1.3349982595443723,-5.796133071726019,-5.3226348479588825
4347,do,0.05,0.0,16,1.689394468069077,-4.609649853272871,-4.857707166671753
4348,pp,0.05,0.0,57,2.2675593543052663,-7.555326935739228,-7.260117228825887
4349,do,0.05,0.0,12,1.4307008969783785,-5.041411178762263,-4.364160230424669
4350,pp,0.05,0.0,70,1.6432284760475158,-7.10163880406004,-6.475349979930454
4351,do,0.05,0.0,5,0.4221790802478793,-4.421407377358639,-3.7031967096858556
4352,pp,0.05,0.0,70,2.1586761915683734,-8.999224586197824,-6.982181464301215
4353,do,0.05,0.0,70,1.7418784928321838,-6.852338436878089,-6.535260396533542
4354,pp,0.05,0.0,5,0.44580908536911057,-4.205633092649055,-3.999570671717326
4355,do,0.05,0.0,19,0.944940813779831,-6.11855600530451,-5.513788991504246
4356,pp,0.05,0.0,16,2.1259888327121734,-5.402734302751946,-5.006858192549812
4357,do,0.05,0.0,37,3.242089869976044,-6.871101286917022,-6.373560757107205
4358,pp,0.05,0.0,69,3.550035955905914,-5.178485474441991,-4.81717521349589
4359,do,0.05,0.0,70,0.8320054674148558,-7.170260086926547,-6.670169957478842
4360,pp,0.05,0.0,70,2.3479562366008757,-5.6434247248100515,-5.407922514279684
4361,do,0.05,0.0,30,1.6187952685356137,-5.903633587288134,-5.681280379825168
4362,pp,0.05,0.0,62,0.5769386637210836,-7.624120030258641,-7.423985012372335
4363,do,0.05,0.0,65,1.0980799615383159,-6.6038519339127975,-6.468224263191223
4364,pp,0.05,0.0,14,0.9001584899425508,-4.995026494517471,-4.44131722052892
4365,do,0.05,0.0,36,0.7571821641921996,-6.333251028349905,-5.520232129096985
4366,pp,0.05,0.0,66,1.4749031466245652,-5.8462039803013655,-5.349934294488695
4367,do,0.05,0.0,70,1.78285888671875,-7.3922869306622125,-7.108536079194811
4368,pp,0.05,0.0,70,1.3521247744560245,-6.251545958085494,-5.9282196071412825
4369,do,0.05,0.0,30,0.5095580613613127,-6.692516923673225,-6.054848684204949
4370,pp,0.05,0.0,37,1.025246101617813,-6.223642303004409,-5.304377849896749
4371,do,0.05,0.0,52,0.7318196940422066,-6.740530372388435,-6.5792856401867335
4372,pp,0.05,0.0,10,0.9798655068874362,-4.641936346978852,-4.4083374500274655
4373,do,0.05,0.0,4,-0.5379347765445708,-5.2876520922689725,-4.862079260084364
4374,pp,0.05,0.0,31,2.8280369150638585,-7.073287339643999,-6.643659249941508
4375,do,0.05,0.0,21,0.9663949310779572,-5.334887338407112,-4.81950736840566
4376,pp,0.05,0.0,34,1.9913332843780527,-6.268681370128284,-5.477398755815294
4377,do,0.05,0.0,17,0.8172752165794375,-6.9008003393809,-6.145783927705553
4378,pp,0.05,0.0,51,3.5115375375747684,-6.728463071765321,-6.0385510444641115
4379,do,0.05,0.0,32,2.1929634416103356,-5.9069152369643705,-5.653140825695462
4380,pp,0.05,0.0,60,2.7314779520034786,-5.688815668857459,-5.365349218580458
4381,do,0.05,0.0,10,0.0873252058029168,-5.63233195218173,-5.410828659269545
4382,pp,0.05,0.0,70,1.9380444836616517,-5.187902618177009,-5.127487683296204
4383,do,0.05,0.0,10,0.8627256786823274,-5.0493686285885895,-4.600609519746569
4384,pp,0.05,0.0,25,2.472078784704209,-4.357783074812455,-4.356024959352282
4385,do,0.05,0.0,37,2.837130224704742,-6.749697649117672,-5.904489443037245
4386,pp,0.05,0.0,32,2.215691511631011,-5.689678745558767,-4.910809583134121
4387,do,0.05,0.0,14,0.11888191580772389,-6.968664475643274,-6.607126665115357
4388,pp,0.05,0.0,66,2.249964607954025,-7.151252515388258,-6.394564859072367
4389,do,0.05,0.0,24,2.3253153538703923,-5.95852719075752,-5.169876639048258
4390,pp,0.05,0.0,59,2.6029877960681915,-6.935261379588734,-6.075922460026211
4391,do,0.05,0.0,35,1.3277610540390015,-6.451158449866555,-5.873803814252217
4392,pp,0.05,0.0,66,1.5460793173313139,-7.312980377312862,-6.713428362210592
4393,do,0.05,0.0,15,1.0565077853202824,-5.13540611411586,-4.8263285557429
4394,pp,0.05,0.0,23,2.22029526591301,-4.762502639943903,-4.333114939265781
4395,do,0.05,0.0,6,0.4253566396236419,-5.365538342793783,-4.9452701250712074
4396,pp,0.05,0.0,59,1.5891873037815092,-5.327127291939475,-5.179175776905484
4397,do,0.05,0.0,70,1.8594558072090148,-7.9350754521109845,-7.417244312498305
4398,pp,0.05,0.0,69,2.874290741682052,-6.269753209027377,-5.9877852254443695
4399,do,0.05,0.0,15,1.7457564032077793,-5.297585852940878,-4.751207513279385
4400,pp,0.05,0.0,8,1.109724242687225,-5.156562462720004,-4.498044988844129
4401,do,0.05,0.0,68,2.0668398404121398,-6.526223223137133,-5.608024626308017
4402,pp,0.05,0.0,33,2.6260392177104954,-5.762195332845052,-5.445620375209384
4403,do,0.05,0.0,70,1.758847787380219,-6.066830902388602,-7.074846204121908
4404,pp,0.05,0.0,37,2.3228813731670375,-5.734223127365112,-5.69463144408332
4405,do,0.05,0.0,58,2.4093165862560264,-5.735841011278557,-5.5609673976898195
4406,pp,0.05,0.0,70,2.6904012823104857,-7.896495865330552,-7.526126628451877
4407,do,0.05,0.0,70,0.9517891895771031,-6.363483774300778,-6.111600306298998
4408,pp,0.05,0.0,42,1.054075719118118,-6.282083238254894,-5.139681837293836
4409,do,0.05,0.0,70,2.099251643419266,-6.8684567017988725,-6.9321348110834755
4410,pp,0.05,0.0,22,1.4191923010349274,-5.791908264160156,-5.2442172659768
4411,do,0.05,0.0,70,2.3204003202915198,-6.8604526909914885,-6.299514444669088
4412,pp,0.05,0.0,18,2.683964043855667,-5.351318194649436,-4.857733903990852
4413,do,0.05,0.0,35,0.18923127293586717,-7.012361775022565,-6.832438559002346
4414,pp,0.05,0.0,24,2.157498433589935,-6.082270768194488,-5.065666355027092
4415,do,0.05,0.0,70,2.343191330432891,-7.455969482479674,-6.7728827158610025
4416,pp,0.05,0.0,47,3.478089740276337,-5.369581274552779,-4.904631204075283
4417,do,0.05,0.0,16,1.9916491293907166,-6.689333748094963,-5.398639204767015
4418,pp,0.05,0.0,40,2.4310713875293732,-6.24023006179116,-5.333205477396647
4419,do,0.05,0.0,42,2.313162767887115,-5.826013523159605,-7.834002078904046
4420,pp,0.05,0.0,33,2.4311144709587094,-4.752233677199393,-3.9865475522147285
4421,do,0.05,0.0,33,1.4393952870368958,-6.151489838686857,-6.2514172050688
4422,pp,0.05,0.0,29,1.8633470046520229,-6.45541289358428,-5.7401907285054525
4423,do,0.05,0.0,62,1.8668550813198097,-5.895454413963087,-6.727929385503133
4424,pp,0.05,0.0,35,4.4413637197017675,-5.211906243815567,-4.8559571133719555
4425,do,0.05,0.0,7,0.4642910552024837,-4.3369352831985015,-4.095059047804939
4426,pp,0.05,0.0,11,1.3470850932598113,-4.784022644794349,-4.662289092275832
4427,do,0.05,0.0,55,1.6089433860778808,-5.8730530435388735,-5.508994335598416
4428,pp,0.05,0.0,13,2.072589803934097,-4.395031742616133,-4.159758909543355
4429,do,0.05,0.0,15,1.786384614706039,-4.901252061670477,-5.0432236353556315
4430,pp,0.05,0.0,51,2.3203208577632903,-7.327256870269776,-6.093658155865139
4431,do,0.05,0.0,68,0.8853423714637758,-5.798102764649824,-5.4825701581107245
4432,pp,0.05,0.0,39,1.7874074983596797,-6.185856505596276,-5.567049357626173
4433,do,0.05,0.0,58,3.3119992351531984,-4.983802217425722,-4.4795022593604195
4434,pp,0.05,0.0,20,2.4472896265983586,-4.508846977985266,-3.9900448004404705
4435,do,0.05,0.0,67,3.1179283881187443,-4.826592325441765,-4.316699282328288
4436,pp,0.05,0.0,12,2.0351261305809016,-4.374202062144424,-3.9673357327779133
4437,do,0.05,0.0,42,1.2671613001823427,-5.3863795266006935,-6.496512100431654
4438,pp,0.05,0.0,31,3.35363625049591,-6.589557365937666,-7.317341142230564
4439,do,0.05,0.0,20,0.8516706633567814,-5.4673202269005055,-5.457728272014194
4440,pp,0.05,0.0,23,3.5566191411018364,-4.708952234730576,-4.258592875798543
4441,do,0.05,0.0,19,0.9569365382194519,-4.963421590400465,-5.132865362697178
4442,pp,0.05,0.0,14,2.041767281293869,-4.499111561341719,-4.0850475311279295
4443,do,0.05,0.0,7,1.8708589005470282,-4.198091478781267,-4.025433139006297
4444,pp,0.05,0.0,29,2.9795568215847013,-5.27974522041552,-5.06875462267134
4445,do,0.05,0.0,55,1.958636505603791,-6.22328136472991,-5.796617449654473
4446,pp,0.05,0.0,31,3.1379434978961944,-5.589199752518625,-5.407252526283264
4447,do,0.05,0.0,20,2.578899693489074,-4.606850405895349,-4.653072006172604
4448,pp,0.05,0.0,50,2.064639077186584,-5.57716446500836,-5.000601638687981
4449,do,0.05,0.0,34,1.5126393294334415,-5.578514942978368,-5.217658454842038
4450,pp,0.05,0.0,27,1.7747877109050751,-7.63557058247653,-6.767222679985894
4451,do,0.05,0.0,16,2.0672427797317505,-4.5500091783928145,-4.027097119225396
4452,pp,0.05,0.0,21,2.6296746075153363,-4.651329758673003,-4.382136106491089
4453,do,0.05,0.0,22,2.0115647900104525,-4.916474871201949,-5.249715420934889
4454,pp,0.05,0.0,68,1.938534351587295,-7.041386536395911,-6.42937659157647
4455,do,0.05,0.0,17,1.1678106474876406,-5.091991191921812,-5.016103222635057
4456,pp,0.05,0.0,22,1.9898388922214503,-6.604703028996785,-5.950909882121616
4457,do,0.05,0.0,36,3.8368040537834167,-6.436479754881425,-5.568587223688762
4458,pp,0.05,0.0,28,2.1335739743709556,-6.656077496210734,-6.142403674125672
4459,do,0.05,0.0,55,1.065678354501724,-6.226660813707294,-5.53161199092865
4460,pp,0.05,0.0,14,2.045474168062211,-4.658328228285819,-4.712386589580112
4461,do,0.05,0.0,25,1.6607054126262675,-5.515005854404333,-5.257383489608765
4462,pp,0.05,0.0,28,3.0016125714778896,-5.260158122669567,-4.390433798895942
4463,do,0.05,0.0,70,-0.03027457475662132,-8.337379316850143,-7.471721291542053
4464,pp,0.05,0.0,70,1.4995681631565096,-6.375715495600845,-5.687591608365377
4465,do,0.05,0.0,24,2.1103833901882183,-5.222164103479097,-4.649363223711649
4466,pp,0.05,0.0,29,3.1065350902080535,-5.933098411560058,-5.23287755118476
4467,do,0.05,0.0,28,1.6485381436347968,-5.838765863938765,-5.166944546169705
4468,pp,0.05,0.0,20,2.7150209319591525,-5.592949972730694,-5.100274176067776
4469,do,0.05,0.0,19,1.394775160551072,-6.068792077266809,-5.585685356458028
4470,pp,0.05,0.0,8,1.0109154415130615,-5.456245394909021,-5.172415879037645
4471,do,0.05,0.0,59,1.3332571113109584,-5.604928857629949,-5.801887199613783
4472,pp,0.05,0.0,70,2.4095480120182033,-5.661972657116976,-5.282868194580078
4473,do,0.05,0.0,29,1.3836490988731383,-5.306830563689723,-4.957928779390123
4474,pp,0.05,0.0,10,1.6532848143577574,-4.94252957575249,-4.221933150291443
4475,do,0.05,0.0,14,0.8297395408153534,-4.420188789656668,-3.946797007984585
4476,pp,0.05,0.0,16,1.3756566560268402,-5.758628923242743,-4.552170888582865
4477,do,0.05,0.0,12,1.6521006155014035,-4.42934398506627,-4.505231152640449
4478,pp,0.05,0.0,46,2.5966697716712943,-5.800984868136319,-5.372723367479113
4479,do,0.05,0.0,14,0.6987332355976106,-5.550221977811871,-4.962661462359958
4480,pp,0.05,0.0,23,1.7151165282726293,-5.9200720555854565,-5.508687043190003
4481,do,0.05,0.0,14,1.008201195001602,-6.1789957017609565,-5.308905853165521
4482,pp,0.05,0.0,70,1.8088007771968835,-6.3534254969972555,-5.686304717593723
4483,do,0.05,0.0,42,2.668650398254395,-5.802985413869222,-5.471949688593546
4484,pp,0.05,0.0,20,2.0816756284236897,-5.624911163792466,-5.0109318706724375
4485,do,0.05,0.0,17,1.7243905329704283,-4.976724484472564,-4.657554033067491
4486,pp,0.05,0.0,68,1.9475473964214327,-6.772335763411088,-7.02334025171068
4487,do,0.05,0.0,30,2.513520478010177,-5.812122837702433,-5.292982522646586
4488,pp,0.05,0.0,58,1.617643852233888,-7.4341406591010815,-6.480014623536004
4489,do,0.05,0.0,47,2.7406431412696843,-5.997496117967548,-5.77706503338284
4490,pp,0.05,0.0,70,1.4155952799320222,-6.859077999808571,-7.0718570603264705
4491,do,0.05,0.0,26,1.3589830911159515,-4.703298626524029,-4.428871974680159
4492,pp,0.05,0.0,55,3.1765525186061856,-5.404671200838956,-4.631256053182814
4493,do,0.05,0.0,13,1.5367696583271027,-5.060179810090498,-4.192189094755385
4494,pp,0.05,0.0,23,2.7755227303504943,-5.216000549720995,-4.891082217958238
4495,do,0.05,0.0,70,-0.11827340841293399,-10.513841053933808,-9.218703783882988
4496,pp,0.05,0.0,14,0.8535655844211574,-5.70957895192233,-4.89173227151235
4497,do,0.05,0.0,70,2.133718146085738,-6.498280945691195,-6.7529745923148266
4498,pp,0.05,0.0,65,3.9825600636005403,-5.267517560901064,-4.9153152783711755
4499,do,0.05,0.0,31,1.377928980588913,-6.4019344662175035,-6.0134032858742605
4500,pp,0.05,0.0,51,2.928287057876588,-6.164509635983092,-6.135571855968899
4501,do,0.05,0.0,65,1.2948941993713383,-8.32406560868928,-9.54682633611891
4502,pp,0.05,0.0,22,2.368669933080673,-5.52059173150496,-5.71027099026574
4503,do,0.05,0.0,68,1.8472173917293553,-6.450216683474454,-6.620999895201789
4504,pp,0.05,0.0,70,2.4124191868305207,-4.941514493479874,-4.834666702482435
4505,do,0.05,0.0,22,1.7019052755832673,-5.912985070546468,-5.632977316114638
4506,pp,0.05,0.0,23,2.154563478231429,-5.992469325210109,-5.876270384258694
4507,do,0.05,0.0,22,1.8387829077243802,-5.856344727313879,-5.84205539756351
4508,pp,0.05,0.0,58,2.2506563603878025,-7.156883583646832,-7.498242028554281
4509,do,0.05,0.0,9,1.7178387641906738,-4.190375582377116,-3.8969394511646693
4510,pp,0.05,0.0,57,3.4593587875366207,-5.639800495089907,-4.9410280916425915
4511,do,0.05,0.0,36,2.2209211301803577,-6.123504021673492,-5.885776567459106
4512,pp,0.05,0.0,26,1.0941049063205712,-5.687794689698653,-5.723036644193861
4513,do,0.05,0.0,70,2.45505625128746,-7.156686769832264,-7.121539489428202
4514,pp,0.05,0.0,41,2.0568665158748622,-5.6363074649464,-5.1496970468097265
4515,do,0.05,0.0,16,0.41920558452606205,-6.459661502549142,-5.905687112278408
4516,pp,0.05,0.0,17,0.8806143748760222,-6.032964713645704,-4.973941749996609
4517,do,0.05,0.0,22,0.8270771956443781,-7.124371054678252,-6.347794114218818
4518,pp,0.05,0.0,7,1.3998954510688781,-4.632389402389526,-4.8713416655858355
4519,do,0.05,0.0,6,0.3207486808300022,-4.971187460061276,-4.7486006392372975
4520,pp,0.05,0.0,47,1.207084863185882,-7.506324282559482,-6.494928198390537
4521,do,0.05,0.0,20,2.3300011861324306,-5.147970271833016,-5.539268268479241
4522,pp,0.05,0.0,21,1.207398425340653,-5.080271574945161,-4.660618592633141
4523,do,0.05,0.0,57,1.7610210430622102,-6.129214262239861,-6.578408863809374
4524,pp,0.05,0.0,62,3.318922814130784,-5.660239284688776,-5.965421313709683
4525,do,0.05,0.0,24,1.768603410720825,-4.900700658740419,-4.637604522705078
4526,pp,0.05,0.0,33,1.8076302778720859,-6.130211328737664,-6.278420941034953
4527,do,0.05,0.0,6,0.8678832519054414,-4.6873564546758475,-4.413823254903158
4528,pp,0.05,0.0,70,2.81868559718132,-4.8424906824574325,-4.484090611669752
4529,do,0.05,0.0,13,1.2900322771072386,-5.073811840288567,-5.037571856710646
4530,pp,0.05,0.0,8,1.1305041885375973,-4.747758307601466,-4.7848118676079645
4531,do,0.05,0.0,35,2.727454085350037,-6.293617849638967,-6.538363416989644
4532,pp,0.05,0.0,46,2.27738675236702,-6.827807543494485,-8.143158923255072
4533,do,0.05,0.0,62,3.232432143688203,-6.32620093461239,-6.17549979156918
4534,pp,0.05,0.0,40,3.585857788324356,-6.008362861113115,-5.50010883808136
4535,do,0.05,0.0,51,0.7475397920608531,-7.7866528222055145,-7.33341387907664
4536,pp,0.05,0.0,22,1.4732544362545008,-6.226001411495787,-5.32390235265096
4537,do,0.05,0.0,18,2.083973861932755,-5.361349227211692,-4.914254773987664
4538,pp,0.05,0.0,70,1.6969395291805274,-6.119506603298765,-5.960685226652357
4539,do,0.05,0.0,55,3.4374880373477934,-6.230157475038008,-5.6874347342385185
4540,pp,0.05,0.0,16,0.6509683430194855,-5.242768416260228,-4.421518913904825
4541,do,0.05,0.0,22,1.54849924325943,-5.131821399746519,-4.5530365016725325
4542,pp,0.05,0.0,62,2.394423007965087,-5.222218801036026,-4.7061494535870025
4543,do,0.05,0.0,60,2.0867812108993533,-9.419879895990546,-9.169866175121731
4544,pp,0.05,0.0,40,1.4169242119789125,-5.708273308204882,-5.488518614239163
4545,do,0.05,0.0,67,0.9451914811134348,-7.582893588326194,-7.389200094011095
4546,pp,0.05,0.0,12,1.423352692127228,-4.8846829847856,-4.134486177232531
4547,do,0.05,0.0,9,1.6506205415725708,-4.595047637188073,-4.7320926321877375
4548,pp,0.05,0.0,22,0.5648902297019953,-5.414140435421106,-5.443499957190619
4549,do,0.05,0.0,14,1.7700223350524906,-5.06500612894694,-4.607316891352336
4550,pp,0.05,0.0,13,1.1482781732082374,-5.209678050243493,-4.733636252085367
4551,do,0.05,0.0,70,4.965463665723801,-6.566200007814349,-5.278943361176385
4552,pp,0.05,0.0,32,0.5826778614521029,-7.264252331762603,-6.639381935861375
4553,do,0.05,0.0,57,1.4063278639316552,-7.202911934708104,-6.742485547065735
4554,pp,0.05,0.0,70,1.2660091912746436,-6.727722725723729,-6.535915809207492
4555,do,0.05,0.0,20,1.9333197653293608,-6.071743385719531,-5.564496850967407
4556,pp,0.05,0.0,31,3.595506365299225,-4.638819843350035,-5.319035670492384
4557,do,0.05,0.0,35,1.4174561345577237,-6.160218734452219,-5.68747124142117
4558,pp,0.05,0.0,24,3.3299934911727904,-5.948343489386819,-5.341722570525276
4559,do,0.05,0.0,38,1.6529852724075313,-7.114699185978282,-7.015209317207336
4560,pp,0.05,0.0,54,4.107021532058717,-5.597697830200195,-5.4296267112096155
4561,do,0.05,0.0,8,0.030205758810042838,-6.5994143933960885,-5.493852893511455
4562,pp,0.05,0.0,21,0.8399627566337582,-7.500315355532097,-6.565266166792975
4563,do,0.05,0.0,52,1.3154624974727627,-6.895675114429358,-6.336440804269579
4564,pp,0.05,0.0,61,1.1832837235927585,-6.727117340492479,-6.168997017542521
4565,do,0.05,0.0,9,1.1648309385776523,-4.448822936144742,-4.458896692593893
4566,pp,0.05,0.0,10,0.6022307658195496,-5.046464424422293,-4.423436156908671
4567,do,0.05,0.0,67,3.8160808897018432,-4.707765340805054,-4.681985041830274
4568,pp,0.05,0.0,68,1.1181519174575802,-5.9660080981977055,-5.958890618218316
4569,do,0.05,0.0,37,1.5524955582618718,-6.636973171523123,-5.840040493011474
4570,pp,0.05,0.0,5,0.4972890841960913,-5.077090048067498,-4.3864976194169785
4571,do,0.05,0.0,58,2.7668268561363227,-6.464155525149721,-7.437261899312337
4572,pp,0.05,0.0,24,2.68689761042595,-5.452539753191399,-5.085475619633993
4573,do,0.05,0.0,34,2.656189321279526,-5.0088340109044855,-5.310834460788303
4574,pp,0.05,0.0,70,1.9023604822158822,-6.737838700323394,-6.1426249927944605
4575,do,0.05,0.0,44,1.4198014163970942,-7.853890627080744,-7.073618947135078
4576,pp,0.05,0.0,53,2.8455337035655965,-6.237067823699026,-5.5591575966940985
4577,do,0.05,0.0,18,2.0134667241573334,-4.561108134009621,-4.194412300321791
4578,pp,0.05,0.0,22,2.0003010904788967,-5.090626609686649,-4.5591141488817
4579,do,0.05,0.0,70,2.1149230182170866,-5.969667459256721,-5.393052861425612
4580,pp,0.05,0.0,16,2.7490362834930417,-4.251053325335184,-4.045186768637763
4581,do,0.05,0.0,42,2.108298392295837,-5.693188271378026,-5.581407189369202
4582,pp,0.05,0.0,68,2.696535215377808,-6.936120628588127,-6.494989697138468
4583,do,0.05,0.0,40,2.1545574438571924,-5.000571632385254,-4.738598423533969
4584,pp,0.05,0.0,70,1.315568484067918,-6.690750369158658,-6.224516566594442
4585,do,0.05,0.0,27,1.6677226853370666,-4.706471727833604,-4.49423689312405
4586,pp,0.05,0.0,12,1.4113112282752995,-4.877076585365065,-5.024937158160739
4587,do,0.05,0.0,25,1.8406134665012361,-4.655034979906949,-4.148327158557044
4588,pp,0.05,0.0,57,2.866126682758331,-6.214780975110603,-5.4688914431466
4589,do,0.05,0.0,69,2.3836531531810756,-7.524989395430594,-7.069540076785618
4590,pp,0.05,0.0,33,3.273980572223664,-6.433206357377948,-5.277581882476807
4591,do,0.05,0.0,52,3.8501175773143776,-5.463823637817845,-5.6876085042953495
4592,pp,0.05,0.0,33,3.4969572031497957,-5.026230193629409,-4.598942033449808
4593,do,0.05,0.0,49,2.690080200433732,-5.20033628579342,-4.904429981443617
4594,pp,0.05,0.0,43,2.337815116643905,-6.644064137429902,-6.639191749360826
4595,do,0.05,0.0,70,2.3192615354061115,-5.765432940107403,-5.341445554627312
4596,pp,0.05,0.0,8,0.9003940582275387,-4.962134184981838,-4.363508401976691
4597,do,0.05,0.0,70,1.9165643239021293,-10.457390788107208,-9.520933270454407
4598,pp,0.05,0.0,70,2.7115993642807004,-7.002810361168601,-6.49822412331899
4599,do,0.05,0.0,43,1.40680236697197,-7.2802480957724836,-6.4098372538884485
4600,pp,0.05,0.0,42,2.166095147132874,-6.9480029004992865,-6.249112876256307
4601,do,0.05,0.0,52,2.5516409492492684,-5.965220634865038,-5.50570281346639
4602,pp,0.05,0.0,45,3.3419408357143405,-5.299260877840447,-5.071344288190206
4603,do,0.05,0.0,68,1.7789177250862123,-6.187218663186738,-5.507718128628201
4604,pp,0.05,0.0,18,1.3563535356521603,-6.301693202510025,-5.262451240751479
4605,do,0.05,0.0,70,0.4256781148910527,-8.92214599089189,-7.156194016668532
4606,pp,0.05,0.0,18,3.6502178394794456,-5.108835244901252,-4.777009317609999
4607,do,0.05,0.0,53,1.869934413433075,-7.114345673358802,-6.241960703002082
4608,pp,0.05,0.0,49,1.922988257408142,-6.125629910555753,-5.396884391042922
4609,do,0.05,0.0,53,1.115221582651138,-6.583717227704597,-6.355418101946513
4610,pp,0.05,0.0,33,2.673044805526734,-5.014867453141646,-5.021354423628913
4611,do,0.05,0.0,70,2.905147829055787,-6.3195196180632625,-5.82985786596934
4612,pp,0.05,0.0,22,2.3520020663738244,-5.8928571036367705,-5.6485763205422295
4613,do,0.05,0.0,65,2.5357903993129733,-6.275518862406413,-5.679323114289177
4614,pp,0.05,0.0,16,2.171945872306824,-5.691992457707723,-5.627584653430515
4615,do,0.05,0.0,5,0.4479987323284149,-4.775391533880523,-4.812632152769301
4616,pp,0.05,0.0,61,2.9590019404888146,-6.254982149239742,-6.042514377170139
4617,do,0.05,0.0,68,2.0900962483882912,-6.802502741958156,-6.172310760286119
4618,pp,0.05,0.0,53,2.8339024257659906,-5.745779436284845,-5.575855408774482
4619,do,0.05,0.0,7,0.813425399065018,-5.262279975775517,-4.902977524863349
4620,pp,0.05,0.0,12,1.3632569289207455,-4.95151226014802,-4.494807574484083
4621,do,0.05,0.0,69,1.6883231484889984,-7.116048055706602,-6.325103839238484
4622,pp,0.05,0.0,34,0.6800560808181766,-6.75031835382635,-6.363458471828037
4623,do,0.05,0.0,24,1.9125095617771146,-5.0990404591415865,-4.591491844918993
4624,pp,0.05,0.0,20,2.8094971370697017,-4.907835833231608,-4.457806428273519
4625,do,0.05,0.0,15,1.8119239521026609,-5.400053478009773,-4.57084600130717
4626,pp,0.05,0.0,36,2.2864409220218658,-5.213914369814324,-4.705531962712606
4627,do,0.05,0.0,46,1.9775617754459374,-6.515460449276548,-6.337387932671441
4628,pp,0.05,0.0,38,1.046761976480484,-6.549746383320201,-5.9817462947633535
4629,do,0.05,0.0,67,-0.018972074985503795,-7.771481097828258,-7.6094101111094155
4630,pp,0.05,0.0,38,1.1590724909305568,-6.701381868304629,-5.733637664053175
4631,do,0.05,0.0,46,-0.03546446681022619,-7.4319033420447145,-7.098695747057596
4632,pp,0.05,0.0,29,0.7966771817207343,-6.106171915747902,-5.64752848148346
4633,do,0.05,0.0,11,1.046665488481521,-4.2144256577347265,-4.076771903038025
4634,pp,0.05,0.0,4,0.7307074129581448,-4.770433508266102,-4.265531979666816
4635,do,0.05,0.0,25,0.707399215698242,-7.476511052160552,-8.108426941765678
4636,pp,0.05,0.0,20,1.193424816131591,-6.993008505214345,-6.133508907424079
4637,do,0.05,0.0,28,1.5502139830589297,-6.054583740234375,-5.450076961517334
4638,pp,0.05,0.0,46,3.690546787977219,-7.456856539755156,-7.394105264875624
4639,do,0.05,0.0,12,0.7701970624923709,-5.034400135098082,-4.452033350202773
4640,pp,0.05,0.0,29,0.8563290739059441,-6.08442065932534,-5.718857296307882
4641,do,0.05,0.0,44,4.1866259491443625,-5.337566747087421,-5.453728535440233
4642,pp,0.05,0.0,29,1.7369430923461913,-6.498339707923658,-5.753366163041856
4643,do,0.05,0.0,40,1.5870240819454189,-6.412717894351844,-6.162923908233642
4644,pp,0.05,0.0,19,0.5896762537956235,-6.155254369793516,-5.579170934359232
4645,do,0.05,0.0,19,1.0066268765926356,-5.620326351396965,-5.622763276100159
4646,pp,0.05,0.0,8,0.3586166906356816,-4.9603709061940515,-4.548460965686374
4647,do,0.05,0.0,25,1.1980875670909885,-6.567474473606456,-5.8571482446458605
4648,pp,0.05,0.0,20,1.296742202043533,-5.901716142712218,-5.075649123721653
4649,do,0.05,0.0,33,2.4383536684513087,-6.538032407471628,-6.9363689846462675
4650,pp,0.05,0.0,67,2.1196969783306123,-7.319890408082442,-6.616095696555243
4651,do,0.05,0.0,23,2.285347975492477,-5.80934311837861,-5.424826706780328
4652,pp,0.05,0.0,60,0.7133165359497067,-8.168827546726574,-7.675693347718981
4653,do,0.05,0.0,12,0.21889840006828365,-5.6331444032264475,-5.168961768680148
4654,pp,0.05,0.0,31,0.09262410879135086,-6.604419075358997,-5.732157103220621
4655,do,0.05,0.0,11,0.9225528633594511,-5.194257285378196,-5.0218542893727625
4656,pp,0.05,0.0,27,2.904232913255692,-4.591602232961944,-4.1736261023415455
4657,do,0.05,0.0,41,1.6003117763996126,-8.18575960072604,-7.472800397872925
4658,pp,0.05,0.0,32,2.5363552939891827,-5.459197194648511,-4.909448599815368
4659,do,0.05,0.0,28,1.2282623529434211,-6.30066210862362,-5.842835222350226
4660,pp,0.05,0.0,70,1.1258796226978305,-5.74426406658057,-4.784174513816834
4661,do,0.05,0.0,18,2.379274541139603,-4.7430971535769375,-5.5279424826304115
4662,pp,0.05,0.0,65,3.0185651504993443,-6.485389173392093,-5.412171551916335
4663,do,0.05,0.0,70,1.886228983402252,-6.684585332870483,-6.9453524165683325
4664,pp,0.05,0.0,50,2.7235254001617433,-5.297771528995399,-5.260910153388977
4665,do,0.05,0.0,33,0.9278157973289494,-6.334795054522428,-6.182360749774509
4666,pp,0.05,0.0,24,1.9527149033546447,-5.44527914018342,-5.056903229819404
4667,do,0.05,0.0,70,0.5979820775985711,-7.588487151174834,-6.786510843700833
4668,pp,0.05,0.0,70,2.3743361461162573,-6.241285772034616,-5.608855046166314
4669,do,0.05,0.0,44,1.4679195320606224,-5.928909660108162,-5.550112946828206
4670,pp,0.05,0.0,70,1.6522470951080317,-7.03543906211853,-6.1449487129847205
4671,do,0.05,0.0,10,1.230922198295593,-5.125596779043025,-5.163130889998542
4672,pp,0.05,0.0,69,2.872767305374145,-5.500854009570498,-5.623242285516527
4673,do,0.05,0.0,12,0.3139662492275237,-5.39528676813299,-5.143539542622037
4674,pp,0.05,0.0,70,1.7291464912891392,-6.734877876801924,-6.537257210413615
4675,do,0.05,0.0,43,1.9485965490341188,-5.547716587240045,-5.258338260650635
4676,pp,0.05,0.0,57,2.343707108497619,-4.6086665832635125,-4.3802791330549455
4677,do,0.05,0.0,12,1.7023750650882725,-5.292480090170196,-5.020470650990804
4678,pp,0.05,0.0,45,3.0522691404819486,-6.207124396526452,-5.742120700412326
4679,do,0.05,0.0,10,0.6933605372905731,-4.7938143267776026,-4.210762291484409
4680,pp,0.05,0.0,70,4.698534429073335,-4.225073382348725,-3.990864438480801
4681,do,0.05,0.0,30,3.2031629574298854,-4.690840390234283,-4.7704473495483395
4682,pp,0.05,0.0,41,3.4680653321743007,-5.488799170291785,-4.77860033247206
4683,do,0.05,0.0,10,0.8522969543933865,-4.566940671747381,-4.144229261080424
4684,pp,0.05,0.0,66,1.6683493864536283,-6.150544506130797,-5.994295848740472
4685,do,0.05,0.0,32,3.3551163184642796,-5.388050690564242,-4.974166011810302
4686,pp,0.05,0.0,70,5.410744236707687,-5.3224465399077445,-4.941274168756273
4687,do,0.05,0.0,50,2.0642351961135867,-6.285330677032471,-6.004261379771762
4688,pp,0.05,0.0,70,4.530891915559768,-5.839975355610703,-5.853322172164917
4689,do,0.05,0.0,7,1.126418417692184,-5.708112154584942,-5.005270001623366
4690,pp,0.05,0.0,70,1.749299635887147,-6.814819616259951,-6.31238141324785
4691,do,0.05,0.0,26,2.1810181963443753,-7.001534737962665,-6.526780329810249
4692,pp,0.05,0.0,60,3.1271865618228913,-5.622772557807691,-5.302203422122531
4693,do,0.05,0.0,40,3.09385812163353,-5.881805325999404,-5.88465236822764
4694,pp,0.05,0.0,30,2.5056638062000287,-5.2747430916988485,-5.090204336908129
4695,do,0.05,0.0,8,0.19287434458732555,-5.173015909483938,-4.872202883826362
4696,pp,0.05,0.0,9,0.32598701715469325,-5.60933369289745,-4.693049690458509
4697,do,0.05,0.0,51,2.588533012866974,-5.805896254741785,-5.849171588155959
4698,pp,0.05,0.0,70,1.8791925024986265,-6.234337296630397,-6.109060684839885
4699,do,0.05,0.0,62,2.51741892695427,-5.796103554060965,-5.663265347480774
4700,pp,0.05,0.0,67,1.422732170820236,-6.11972536462726,-5.486955565876431
4701,do,0.05,0.0,39,1.1427313792705531,-7.284011810476129,-7.097367604573567
4702,pp,0.05,0.0,12,1.0330870378017423,-4.36440404400681,-4.295424524943034
4703,do,0.05,0.0,15,2.4014570605754857,-4.684314704663826,-4.464622966448466
4704,pp,0.05,0.0,53,1.0268466949462898,-7.3144824288108135,-6.425398050414191
4705,do,0.05,0.0,20,2.2928111839294436,-4.9413057385068955,-4.755820353825887
4706,pp,0.05,0.0,68,2.7537210631370543,-6.4427970351594865,-6.2026416964001125
4707,do,0.05,0.0,26,0.7079786908626557,-6.629598585764567,-6.955727714962429
4708,pp,0.05,0.0,45,2.23750256061554,-6.28778617887786,-5.765227582719591
4709,do,0.05,0.0,32,1.4559045088291178,-6.686371496951941,-6.259554847081502
4710,pp,0.05,0.0,70,0.47937299251556453,-7.616919120152791,-6.656119664510091
4711,do,0.05,0.0,7,0.5710617589950564,-5.332362059390906,-4.292413523462083
4712,pp,0.05,0.0,38,0.9900395107269286,-6.2648747400804,-5.531161183781094
4713,do,0.05,0.0,26,2.671203979253769,-5.836552849682895,-5.35090495745341
4714,pp,0.05,0.0,39,1.3529550647735595,-5.526296118533972,-5.188497840033637
4715,do,0.05,0.0,70,2.485724244117737,-6.3010985966884725,-6.077808901998732
4716,pp,0.05,0.0,38,1.5447152054309843,-5.882787213181004,-5.825753524568346
4717,do,0.05,0.0,12,1.3123626768589016,-5.201131588039976,-4.804541238149008
4718,pp,0.05,0.0,39,1.6774164593219751,-5.9458498998121785,-5.874320318963792
4719,do,0.05,0.0,59,3.0064060628414158,-5.45813583316225,-5.286179857783847
4720,pp,0.05,0.0,50,2.586265314817428,-7.316288189454512,-6.5923371367984345
4721,do,0.05,0.0,19,2.1411815822124476,-6.62363464904554,-6.076245562235514
4722,pp,0.05,0.0,38,1.530893552303314,-5.677105423898408,-5.458485658963522
4723,do,0.05,0.0,70,2.571583144664764,-6.674122271393284,-5.996019061406454
4724,pp,0.05,0.0,10,1.650445040464401,-4.54243585991137,-4.217181701130337
4725,do,0.05,0.0,8,0.7684327673912046,-5.548390678925948,-4.82264846165975
4726,pp,0.05,0.0,10,1.463911582231522,-4.781411315455581,-4.1730984608332315
4727,do,0.05,0.0,70,1.4236095964908593,-7.514905579884847,-8.234272374047173
4728,pp,0.05,0.0,70,2.97304921746254,-6.520365242524581,-5.831096914079454
4729,do,0.05,0.0,13,1.1158652341365816,-5.241815496213508,-4.850255372789171
4730,pp,0.05,0.0,55,2.3273881769180287,-6.493457398270116,-5.9610066413879395
4731,do,0.05,0.0,59,1.8784814333915705,-7.4029450344316885,-6.611246879895528
4732,pp,0.05,0.0,8,0.22524361491203226,-5.422323468237212,-4.679804544978672
4733,do,0.05,0.0,19,2.668163166046142,-5.821910171797781,-5.519777478112115
4734,pp,0.05,0.0,70,3.6559183478355406,-6.659298083276459,-6.5183443122439915
4735,do,0.05,0.0,16,3.042543318271637,-5.315080267010313,-5.553892427020603
4736,pp,0.05,0.0,56,2.2691128170490256,-6.96608849438754,-6.69373353322347
4737,do,0.05,0.0,11,0.804270426034928,-4.76535550030795,-4.969562509324816
4738,pp,0.05,0.0,56,1.4417832207679755,-6.120842089797511,-5.539259301291572
4739,do,0.05,0.0,67,1.030063773393631,-6.5325525934045965,-7.630852100584242
4740,pp,0.05,0.0,70,1.903678549528121,-6.653510190501358,-6.212416791915894
4741,do,0.05,0.0,59,0.7719732654094695,-7.336408357909232,-5.9705274184544885
4742,pp,0.05,0.0,62,2.47618835568428,-6.514172691287416,-5.752052068710327
4743,do,0.05,0.0,70,1.795159201622008,-7.07274776950027,-7.000636042488946
4744,pp,0.05,0.0,39,2.3051715910434716,-6.694942597186927,-5.72503186861674
4745,do,0.05,0.0,27,3.3290899467468273,-5.5154665166681465,-5.013942252265083
4746,pp,0.05,0.0,7,0.7114792537689212,-4.458434671344179,-4.192838242318895
4747,do,0.05,0.0,11,1.220914987325668,-5.198298481738928,-4.614792890018887
4748,pp,0.05,0.0,33,2.6019600486755365,-6.043348264694214,-5.6857518090142145
4749,do,0.05,0.0,11,1.2939260292053225,-4.516589343909061,-4.374087919129265
4750,pp,0.05,0.0,12,1.4224415898323057,-4.610259550268,-4.494362216525608
4751,do,0.05,0.0,22,2.1540606856346134,-5.324200013189605,-5.418146181106567
4752,pp,0.05,0.0,40,0.8476228189468387,-7.9932776927948,-7.3844594213697645
4753,do,0.05,0.0,22,1.7095828163623814,-5.261413464401707,-4.9933293263117475
4754,pp,0.05,0.0,10,1.7769087040424347,-4.987982962348244,-4.637891695234511
4755,do,0.05,0.0,25,1.4252461600303645,-5.777735636451028,-5.234431433677673
4756,pp,0.05,0.0,61,3.231256464719772,-5.653770659186623,-5.295944372812907
4757,do,0.05,0.0,30,1.6198476684093475,-5.071726410316699,-4.736887817912631
4758,pp,0.05,0.0,22,2.9746851575374613,-5.160990478053238,-4.4948951297336155
4759,do,0.05,0.0,35,2.9224839794635775,-4.432650304563118,-4.558441578017341
4760,pp,0.05,0.0,30,1.3469517624378202,-5.282714455055468,-5.434844660758972
4761,do,0.05,0.0,70,2.1334470057487493,-5.529329284032186,-5.115189756287469
4762,pp,0.05,0.0,70,2.2374165689945222,-5.778190937909213,-5.441412353515625
4763,do,0.05,0.0,42,1.3687015557289124,-5.447507278846972,-5.758579881985982
4764,pp,0.05,0.0,19,3.3151260232925406,-5.09082885799986,-4.73464981979794
4765,do,0.05,0.0,33,2.0901918280124665,-5.361381701267127,-7.139268281724718
4766,pp,0.05,0.0,27,2.6507539319992066,-4.7554245500853565,-4.541365530755785
4767,do,0.05,0.0,70,3.749224338531495,-5.543992432680997,-5.428055749999152
4768,pp,0.05,0.0,49,1.8315841996669766,-7.741451728705204,-6.826021009021336
4769,do,0.05,0.0,11,1.5055997645854946,-4.788023483391964,-5.036276536517673
4770,pp,0.05,0.0,34,3.7861912941932676,-5.437184072263313,-5.385048974884881
4771,do,0.05,0.0,35,1.2193446362018578,-6.041342288797552,-5.314739542537265
4772,pp,0.05,0.0,69,1.9866515147686004,-6.290317067232999,-5.585695068041484
4773,do,0.05,0.0,51,1.7178743290901188,-5.936037580894701,-5.531674109564888
4774,pp,0.05,0.0,14,2.293430788516998,-5.512110403812293,-5.822871994972229
4775,do,0.05,0.0,55,3.030325999259949,-5.686198396393747,-5.971145990159776
4776,pp,0.05,0.0,18,3.036152311563492,-4.815651135011152,-4.624823745091756
4777,do,0.05,0.0,33,0.6661916744709009,-6.1941369779182205,-5.917016074392531
4778,pp,0.05,0.0,18,1.5935097336769104,-6.393226643764612,-6.011196170912848
4779,do,0.05,0.0,21,2.262143081426621,-4.702371512037335,-4.955769899156358
4780,pp,0.05,0.0,28,1.8829866123199466,-6.832340663852114,-5.943043168385824
4781,do,0.05,0.0,3,0.03452299952507065,-5.062039824688074,-4.643185636732313
4782,pp,0.05,0.0,25,1.3235247635841372,-6.555631439613573,-5.516124293539259
4783,do,0.05,0.0,20,1.5009163010120394,-4.617278640920466,-4.284743107689751
4784,pp,0.05,0.0,16,1.729992085695267,-4.4472445126735805,-4.269124041663276
4785,do,0.05,0.0,13,1.122624447345733,-5.125432150291674,-4.890244301160177
4786,pp,0.05,0.0,11,1.829000705480576,-4.67933661142985,-4.237723594241672
4787,do,0.05,0.0,18,1.551832606792451,-5.582205080263543,-5.155573142899407
4788,pp,0.05,0.0,19,2.126808964014054,-5.191846140948209,-4.987731289863587
4789,do,0.05,0.0,5,0.10007596731185853,-5.364052951697147,-5.000364960564507
4790,pp,0.05,0.0,36,2.3452016198635093,-5.424145588730321,-5.388591684235466
4791,do,0.05,0.0,17,2.5268313956260693,-5.066189505837181,-5.193967986106872
4792,pp,0.05,0.0,58,3.3471065723896016,-6.857420568755178,-6.301852390501234
4793,do,0.05,0.0,27,2.5056381475925456,-5.289256741783836,-6.3607914818657765
4794,pp,0.05,0.0,69,2.924070609807967,-5.522580994981708,-5.302981570031908
4795,do,0.05,0.0,32,1.1944782614707945,-5.432631660230232,-4.928649009598626
4796,pp,0.05,0.0,40,1.8712860488891607,-6.568080321225253,-5.824605650371975
4797,do,0.05,0.0,8,0.8633387517929076,-4.557686122258504,-4.1508484337064955
4798,pp,0.05,0.0,41,3.150380663871764,-5.630332875974251,-4.800820130772061
4799,do,0.05,0.0,16,1.879833254814148,-5.025386925899621,-4.857050927480062
4800,pp,0.05,0.0,26,2.107706693410874,-5.163444436680187,-4.518727032343547
4801,do,0.05,0.0,64,2.5655011630058278,-5.356691739053437,-5.691526860660977
4802,pp,0.05,0.0,70,2.44037873506546,-5.937566328048706,-5.503584549162123
4803,do,0.05,0.0,26,1.3858737862110138,-5.855163968693127,-5.437707016203139
4804,pp,0.05,0.0,16,0.9802254521846772,-5.804881785132668,-4.742517100440131
4805,do,0.05,0.0,22,2.245160884857178,-5.115282964706421,-4.8840017848544655
4806,pp,0.05,0.0,25,2.2490381991863257,-5.614675465497103,-5.4873947752846615
4807,do,0.05,0.0,56,1.2870722961425782,-5.397066054199681,-5.3033403873443605
4808,pp,0.05,0.0,31,2.91897246003151,-5.770915707674893,-5.518901507059733
4809,do,0.05,0.0,41,2.3317427933216086,-5.374019984043006,-5.14259848329756
4810,pp,0.05,0.0,38,2.9795041167736063,-5.829233959949378,-5.80834416018592
4811,do,0.05,0.0,12,1.235030776262283,-4.608718902414496,-4.0214087539248995
4812,pp,0.05,0.0,55,2.5846878933906554,-5.272852865854899,-5.254408433702257
4813,do,0.05,0.0,63,3.180605678558349,-5.835648883472789,-5.439096352789137
4814,pp,0.05,0.0,18,1.537655553817749,-5.201056804078998,-4.893845518430074
4815,do,0.05,0.0,70,1.6003548860549923,-6.676188487717599,-5.9249093108707
4816,pp,0.05,0.0,33,2.5205727863311775,-6.2150730812188355,-5.266483540005154
4817,do,0.05,0.0,61,1.0183451378345492,-7.645874912088567,-6.610430738661024
4818,pp,0.05,0.0,69,0.17414155125617903,-8.36212285937685,-8.149287202623155
4819,do,0.05,0.0,12,0.12042886137962316,-5.452678327849417,-4.604270497957866
4820,pp,0.05,0.0,70,1.7629392647743227,-7.624189025705511,-5.62588648531172
4821,do,0.05,0.0,21,2.2565788316726687,-5.365105374654134,-5.19987051486969
4822,pp,0.05,0.0,70,2.141345599889756,-6.511171102523804,-6.393435160319011
4823,do,0.05,0.0,6,0.4583244359493257,-4.785287477030899,-4.730239560869005
4824,pp,0.05,0.0,4,0.5251489520072941,-4.488950030008952,-4.366560496224297
4825,do,0.05,0.0,3,0.027578222751617254,-5.501293961207072,-4.683355903625488
4826,pp,0.05,0.0,60,1.5903352332115173,-8.392594642350168,-7.528609826829698
4827,do,0.05,0.0,49,3.2329885053634637,-6.649229402253122,-5.982226080364651
4828,pp,0.05,0.0,19,1.866712795495987,-7.397455635937777,-6.5583215395609535
4829,do,0.05,0.0,46,1.6603309857845314,-9.51982813170462,-8.873305553860135
4830,pp,0.05,0.0,56,3.4218836915493007,-6.661106504093517,-6.116822308964199
4831,do,0.05,0.0,8,0.6073724067211153,-5.589301324613166,-4.597659063339234
4832,pp,0.05,0.0,5,0.4416070342063909,-4.420915868065574,-4.041027679708269
4833,do,0.05,0.0,4,0.4034079670906072,-4.8924689509651875,-4.252158043119643
4834,pp,0.05,0.0,47,2.5570893061161044,-5.443736160162723,-5.556242524252998
4835,do,0.05,0.0,70,2.853922444581986,-6.0063597404595575,-5.827517583635118
4836,pp,0.05,0.0,70,3.0863077533245082,-5.893871703292384,-5.737262625164456
4837,do,0.05,0.0,38,1.7433069741725928,-7.704418907743512,-8.03764754401313
4838,pp,0.05,0.0,56,3.3294942128658302,-5.1728160670309355,-5.050340376959907
4839,do,0.05,0.0,70,2.244668493270874,-7.686432907798073,-7.143122696876526
4840,pp,0.05,0.0,68,2.4340392374992366,-6.140793606729218,-5.361083499590555
4841,do,0.05,0.0,67,1.4265523147583012,-7.122259988206806,-5.952477977010939
4842,pp,0.05,0.0,21,2.997567452192306,-5.048133035139604,-4.893656259112888
4843,do,0.05,0.0,15,0.7695481789112089,-6.670881652832032,-6.187403003374736
4844,pp,0.05,0.0,70,1.5631019985675811,-6.736503288962624,-6.077227528889974
4845,do,0.05,0.0,26,2.2673888945579526,-6.040268143740567,-6.256225964758131
4846,pp,0.05,0.0,70,1.2333269524574284,-6.26774392416983,-6.141423331366645
4847,do,0.05,0.0,3,0.06935340404510537,-4.844171971985788,-4.360788337389628
4848,pp,0.05,0.0,70,1.9616472530364994,-6.642556827718561,-5.654982844988505
4849,do,0.05,0.0,24,2.7656258380413057,-4.806807031053485,-5.227219684918722
4850,pp,0.05,0.0,46,2.825674577951431,-5.09437299786192,-5.090260749393039
4851,do,0.05,0.0,21,1.4896367096900942,-5.61001198797515,-5.5545738829506766
4852,pp,0.05,0.0,22,1.2790834498405452,-4.817861516547926,-4.674964276949565
4853,do,0.05,0.0,70,2.9247080361843114,-6.75128731583104,-5.947379983796013
4854,pp,0.05,0.0,70,3.101615545749665,-6.251588292555375,-5.42786541779836
4855,do,0.05,0.0,45,0.9490827822685244,-6.9412453824823555,-6.204817316267225
4856,pp,0.05,0.0,25,1.9050392723083496,-5.381695481502649,-4.910756328370836
4857,do,0.05,0.0,45,2.8780804765224453,-7.945624059619326,-7.000261121326023
4858,pp,0.05,0.0,30,2.223123160600662,-5.369928222714049,-4.808334414164225
4859,do,0.05,0.0,43,2.5182664906978616,-5.574433927825003,-4.96316765944163
4860,pp,0.05,0.0,28,1.5980078685283665,-5.530313610308098,-4.653596152199639
4861,do,0.05,0.0,49,2.6209974920749666,-7.441013037074696,-8.165778997209337
4862,pp,0.05,0.0,52,2.38782730102539,-6.414269019618179,-6.213089373376635
4863,do,0.05,0.0,12,2.73253484249115,-4.483550281235666,-4.1880829917060005
4864,pp,0.05,0.0,70,2.5707805454730988,-7.69076693130262,-7.906297490331862
4865,do,0.05,0.0,8,0.9343791580200191,-4.8159512129696935,-4.456349015235901
4866,pp,0.05,0.0,29,1.683694657087326,-5.628311242479267,-5.118121425310771
4867,do,0.05,0.0,29,1.9381932222843163,-6.682160932367498,-6.433788039949206
4868,pp,0.05,0.0,33,1.3190033936500551,-6.2409392356872555,-5.717632057931688
4869,do,0.05,0.0,10,1.9745867228507992,-4.530671819051107,-4.371831795904371
4870,pp,0.05,0.0,57,1.140240145921707,-6.239470850337636,-6.679122042655945
4871,do,0.05,0.0,34,1.8253898346424098,-6.1227122436870225,-5.740900315178765
4872,pp,0.05,0.0,50,2.2582366323471073,-5.733417607798721,-5.636267908414205
4873,do,0.05,0.0,33,0.777301807403564,-6.8681818109570125,-6.240675576527914
4874,pp,0.05,0.0,70,0.8620048499107362,-9.93459820024895,-9.043751870261298
4875,do,0.05,0.0,29,1.1193297719955453,-7.275611939574733,-6.5353662967681885
4876,pp,0.05,0.0,54,3.3271231579780585,-5.963822970245824,-5.395555056465996
4877,do,0.05,0.0,11,2.0249132084846497,-4.852284697330359,-4.472626434432136
4878,pp,0.05,0.0,70,1.3408130061626427,-6.722424579389168,-6.356868227322896
4879,do,0.05,0.0,22,1.9555315625667573,-5.850478532097556,-5.329374771647983
4880,pp,0.05,0.0,70,2.0699028408527385,-6.054214070060036,-5.415804494751824
4881,do,0.05,0.0,13,2.1361186909675594,-4.992197502020634,-5.006567380163404
4882,pp,0.05,0.0,14,1.2731806528568272,-5.430257053086252,-4.891974377632141
4883,do,0.05,0.0,15,2.0391967570781704,-4.8550899837956285,-4.896149524052938
4884,pp,0.05,0.0,17,0.8474180817604067,-5.795765993811868,-5.11176127327813
4885,do,0.05,0.0,54,3.7898829078674314,-8.152584457397461,-7.68690923055013
4886,pp,0.05,0.0,70,2.9693416845798497,-6.933828508492672,-6.4410104221767845
4887,do,0.05,0.0,28,3.431127144098282,-4.978426638516512,-5.084915685653686
4888,pp,0.05,0.0,36,2.0716255950927733,-5.439712180513324,-4.924100065231324
4889,do,0.05,0.0,34,3.291610201597215,-5.384888449582187,-5.995554002126058
4890,pp,0.05,0.0,47,2.0754441583156584,-6.45123425541502,-6.287652746836344
4891,do,0.05,0.0,18,1.301931294202804,-6.55532134662975,-5.470654802852207
4892,pp,0.05,0.0,67,2.3028631770610817,-6.161220223975904,-5.64257935418023
4893,do,0.05,0.0,25,2.632850253582001,-5.159444306113503,-5.8754340251286825
4894,pp,0.05,0.0,64,1.3247897589206694,-7.623975448897391,-6.651299534903632
4895,do,0.05,0.0,26,2.5037026178836816,-6.394124048406428,-5.6361047320895725
4896,pp,0.05,0.0,70,1.5550650036334996,-7.199073009779959,-6.87638078795539
4897,do,0.05,0.0,57,2.6458904504776006,-5.647836271921793,-5.962252887090047
4898,pp,0.05,0.0,7,0.1870253801345827,-5.027254026586359,-4.54026788075765
4899,do,0.05,0.0,51,1.9130519700050348,-6.673802829511238,-6.426098097695244
4900,pp,0.05,0.0,55,2.4710424625873575,-5.315431357875015,-5.017813224262661
4901,do,0.05,0.0,20,1.9818123924732207,-5.645171385100394,-5.056870765156216
4902,pp,0.05,0.0,45,1.6291980266571056,-7.424893895062533,-6.380360666910807
4903,do,0.05,0.0,28,3.106102125644684,-5.178198152599912,-4.996130649248759
4904,pp,0.05,0.0,31,1.1700657033920283,-6.11284492521575,-6.0123285293579105
4905,do,0.05,0.0,14,2.0384047353267674,-5.0208862174641,-4.7485696501202055
4906,pp,0.05,0.0,9,0.7997909426689143,-5.152981373758027,-4.774864294793871
4907,do,0.05,0.0,65,3.8453640639781943,-5.775508341644749,-5.955754062864515
4908,pp,0.05,0.0,23,0.836677362918854,-6.446204486037746,-6.401943802833557
4909,do,0.05,0.0,62,2.4428462195396428,-7.131769015572288,-6.962288777033488
4910,pp,0.05,0.0,14,1.4778609943389895,-5.516970160513213,-4.6035334322187635
4911,do,0.05,0.0,22,1.7877678215503687,-6.162094997637199,-6.139948076672024
4912,pp,0.05,0.0,10,1.2042400169372556,-4.751367766929396,-4.730577021174961
4913,do,0.05,0.0,10,0.08207249641418457,-5.970057214390148,-5.271153452661302
4914,pp,0.05,0.0,23,2.840619361400604,-5.377720017866655,-5.208587153752645
4915,do,0.05,0.0,21,2.0662633967399593,-5.352532102122451,-4.92212213145362
4916,pp,0.05,0.0,23,0.9894975030422213,-6.672122680779659,-5.793113581339518
4917,do,0.05,0.0,37,1.3962314796447757,-6.848600532069351,-6.066407325532701
4918,pp,0.05,0.0,25,1.6837706685066225,-5.834634525125677,-5.278673807779948
4919,do,0.05,0.0,70,2.371874579191208,-6.825327790867199,-5.903036046028137
4920,pp,0.05,0.0,4,-0.10787845849990862,-5.354424129832875,-4.395155668258667
4921,do,0.05,0.0,6,0.3849236714839934,-5.459454136183767,-4.994027108616299
4922,pp,0.05,0.0,70,0.8980713415145862,-7.82453562707612,-6.938092851638794
4923,do,0.05,0.0,6,0.30807556867599484,-5.642004159002593,-4.765711726082696
4924,pp,0.05,0.0,41,1.927852585315704,-6.570630733894579,-5.6893419636620415
4925,do,0.05,0.0,70,-0.523833562135696,-7.819775779319532,-7.560960123274062
4926,pp,0.05,0.0,10,1.761834368705749,-4.600895071029663,-4.750369177924262
4927,do,0.05,0.0,8,0.6309716320037841,-5.210527434493557,-4.5755445718765255
4928,pp,0.05,0.0,5,-0.3592472529411319,-4.713414026029183,-4.416755787531534
4929,do,0.05,0.0,70,2.177170445919037,-5.910163000858192,-5.817390648523967
4930,pp,0.05,0.0,18,2.5276636981964113,-4.862483612696329,-4.475181661711799
4931,do,0.05,0.0,70,1.8184982693195337,-6.9977722153519135,-6.518130649460686
4932,pp,0.05,0.0,62,2.9686769962310793,-6.265321063995361,-6.147863912582397
4933,do,0.05,0.0,37,1.672202669382095,-6.173273194919933,-5.996430208947923
4934,pp,0.05,0.0,48,0.8307786023616792,-6.2434893087907275,-6.51857099003262
4935,do,0.05,0.0,18,1.9888879823684693,-4.8555597493142795,-4.620492100715637
4936,pp,0.05,0.0,16,1.773781558275223,-4.986236670522979,-4.774473049905565
4937,do,0.05,0.0,22,3.004454004764556,-4.28631708983219,-4.662484028604296
4938,pp,0.05,0.0,20,1.7591473352909084,-4.505017069614294,-4.438208476702372
4939,do,0.05,0.0,70,3.148932292461395,-5.9881604584780606,-5.855969752205743
4940,pp,0.05,0.0,59,3.677333097457886,-5.484570621721672,-5.554264895121256
4941,do,0.05,0.0,65,3.637368214130402,-6.499165390477036,-6.36022375424703
4942,pp,0.05,0.0,46,1.7335752916336062,-6.802208097053296,-6.871741231282552
4943,do,0.05,0.0,11,2.2958283841609948,-4.273742039998372,-4.197988947232564
4944,pp,0.05,0.0,70,2.4809659624099734,-8.260234867442739,-7.5042129834493005
4945,do,0.05,0.0,35,3.369060654640198,-5.941456377145016,-5.738349400626289
4946,pp,0.05,0.0,56,2.8276994860172273,-6.000956948598226,-5.943802422947353
4947,do,0.05,0.0,50,-0.3226782321929935,-7.287902473680901,-6.515850347942776
4948,pp,0.05,0.0,70,1.0752676308155058,-6.763078344229496,-6.3232492764790855
4949,do,0.05,0.0,6,0.9421736752986902,-4.1784135948527945,-4.074846875667572
4950,pp,0.05,0.0,51,2.426898566484452,-6.693679783561013,-6.738326528337267
4951,do,0.05,0.0,11,1.3495059490203856,-5.048838297526042,-4.708186936378479
4952,pp,0.05,0.0,35,2.2636564111709596,-5.688941234530825,-5.155903013547261
4953,do,0.05,0.0,70,1.3220724201202385,-6.523590186147979,-7.338159349229601
4954,pp,0.05,0.0,14,1.2693654537200931,-5.413794349901604,-4.888678858015273
4955,do,0.05,0.0,67,1.702663744688035,-7.333001477790601,-7.082433936331007
4956,pp,0.05,0.0,16,1.4477462077140801,-5.946508179288922,-5.635888176494174
4957,do,0.05,0.0,40,2.5927791190147405,-7.3861611568566525,-6.620901219050089
4958,pp,0.05,0.0,20,2.2935260784626017,-5.8407087976282295,-5.731837476624383
4959,do,0.05,0.0,5,1.272725172042846,-4.5209264596303305,-4.323908638954163
4960,pp,0.05,0.0,57,1.404722505807876,-6.225066958051739,-5.966767830318875
4961,do,0.05,0.0,60,0.853892761468888,-6.854463600389885,-6.32994187672933
4962,pp,0.05,0.0,33,1.1793539547920222,-6.637440055789369,-5.988847133848402
4963,do,0.05,0.0,20,1.7898429036140442,-6.157047654643203,-5.6317329486211145
4964,pp,0.05,0.0,41,2.574236546754836,-6.260767993060026,-5.821386321385702
4965,do,0.05,0.0,7,1.0904250812530512,-4.427215713443178,-4.152323770523071
4966,pp,0.05,0.0,51,2.84456353187561,-5.865476681969382,-5.2070544242858885
4967,do,0.05,0.0,32,1.5537057924270634,-7.333115791551995,-7.496419556935629
4968,pp,0.05,0.0,58,3.0071422624588013,-7.831597719770489,-7.842167870203654
4969,do,0.05,0.0,67,2.912894064188003,-6.232411608551487,-6.655951152907478
4970,pp,0.05,0.0,66,3.349270193576814,-6.884679740847964,-6.033166485362583
4971,do,0.05,0.0,6,-0.0031866037845613704,-4.695406061230284,-4.257152080535889
4972,pp,0.05,0.0,5,0.6000172448158265,-4.837234371358698,-4.219795144928826
4973,do,0.05,0.0,5,0.469570480585098,-4.849642208850745,-4.2350610997941756
4974,pp,0.05,0.0,21,0.9969330978393556,-6.171611233913537,-5.51850192811754
4975,do,0.05,0.0,44,0.7377599298954012,-6.89846837014863,-6.718282193607754
4976,pp,0.05,0.0,10,0.5534575521945957,-5.238970971829963,-4.515362988577949
4977,do,0.05,0.0,27,2.451210974454881,-5.778082421331694,-5.49091280301412
4978,pp,0.05,0.0,14,1.1844553780555724,-5.306786028544108,-4.7245187044143675
4979,do,0.05,0.0,25,2.3872053956985475,-4.951127406322595,-4.2800337102678085
4980,pp,0.05,0.0,8,0.9117880856990821,-5.019395679416078,-4.649346036381192
4981,do,0.05,0.0,15,2.098310978412628,-4.840569893519084,-4.732245675722758
4982,pp,0.05,0.0,39,2.740591341257095,-5.546917520869862,-5.954624891281128
4983,do,0.05,0.0,41,1.1899342751502981,-8.533021465937297,-6.607919279734293
4984,pp,0.05,0.0,35,2.3465148425102242,-5.439678976752541,-5.480653362803989
4985,do,0.05,0.0,46,2.947630604505539,-6.4046190738677975,-6.075382537311977
4986,pp,0.05,0.0,24,2.003785543441772,-5.937592471729626,-5.384227803018358
4987,do,0.05,0.0,70,1.805131814479827,-7.124557896816369,-7.328231848610772
4988,pp,0.05,0.0,11,1.8871912741661072,-4.713376704129305,-4.718946592013041
4989,do,0.05,0.0,48,1.634792261123657,-6.71277017882376,-6.090650402175056
4990,pp,0.05,0.0,23,2.1598540735244747,-5.518508234891025,-5.4837249146567455
4991,do,0.05,0.0,39,2.8052474021911626,-5.684834317005042,-4.86901265780131
4992,pp,0.05,0.0,18,2.450508841276169,-4.912281848445083,-4.744917848375109
4993,do,0.05,0.0,12,1.6033273744583125,-4.906597066648079,-4.147128923734029
4994,pp,0.05,0.0,23,1.0721173107624056,-4.888627510359793,-4.256589980920156
4995,do,0.05,0.0,22,1.6169237685203557,-7.234915110559174,-7.23423597017924
4996,pp,0.05,0.0,9,-0.18984197497367905,-5.2841626181746975,-4.598505573802524
4997,do,0.05,0.0,43,3.357260379791261,-7.384508577982585,-6.334585187170241
4998,pp,0.05,0.0,19,1.5140772449970248,-5.336346259261623,-4.166647050115797
4999,do,0.05,0.0,40,0.996572206020355,-6.05215263077707,-5.682550379965041
5000,pp,0.05,0.0,5,0.43501172542572064,-4.337651002768315,-3.724272182252672
5001,do,0.05,0.0,7,0.09917268514633193,-4.2860232815598,-4.363868832588196
5002,pp,0.05,0.0,9,0.6198827433586125,-4.880952684807055,-4.089408324824439
5003,do,0.05,0.0,70,0.8228500533103951,-8.757173080155344,-7.1901272137959795
5004,pp,0.05,0.0,5,0.5317915546894074,-4.363675033684933,-3.5433354881074695
5005,do,0.05,0.0,64,1.2054159033298486,-5.951046747149843,-5.3209444602330525
5006,pp,0.05,0.0,25,1.7026869821548463,-5.6894830891580295,-4.6357445981767444
5007,do,0.05,0.0,33,1.8297248601913445,-8.756382351210624,-9.309340114063687
5008,pp,0.05,0.0,49,1.225271953344345,-5.494718363790801,-4.924645892779032
5009,do,0.05,0.0,17,0.2590642082691197,-6.119695487166896,-5.456539895799425
5010,pp,0.05,0.0,19,1.2753705096244818,-4.787568361108954,-4.032258322503831
5011,do,0.05,0.0,10,1.0742178356647498,-5.093541403972742,-4.445479130744934
5012,pp,0.05,0.0,33,1.4836879169940955,-5.31538908553846,-4.35762544605467
5013,do,0.05,0.0,53,2.2692189788818355,-6.199014985922611,-5.370274702707927
5014,pp,0.05,0.0,70,0.8122171378135672,-6.6824219703674315,-5.857682217491997
5015,do,0.05,0.0,20,1.3954153311252595,-6.39064291751746,-5.731632516119215
5016,pp,0.05,0.0,7,0.7968689835071565,-4.6218894842899205,-3.775236573484209
5017,do,0.05,0.0,10,0.5712823987007143,-5.67674516620058,-5.531005896462334
5018,pp,0.05,0.0,4,0.7276267135143284,-4.977693446477255,-3.9759740008248223
5019,do,0.05,0.0,26,0.8899777281284322,-6.750460270679358,-6.018592847718133
5020,pp,0.05,0.0,31,1.2418186807632452,-5.917768241419937,-5.091010204950968
5021,do,0.05,0.0,45,0.6238449192047124,-7.147500861774791,-6.208800268173218
5022,pp,0.05,0.0,7,0.5892698299884795,-4.949819478121671,-3.868555516666836
5023,do,0.05,0.0,12,1.083142814636231,-4.864577450896754,-4.091253707143996
5024,pp,0.05,0.0,17,2.0270068717002863,-4.560969238570242,-3.824495417541928
5025,do,0.05,0.0,43,2.3717569124698645,-4.68991661938754,-4.2610450148582455
5026,pp,0.05,0.0,70,3.225689215660096,-5.264366804469716,-4.943727535671658
5027,do,0.05,0.0,3,-0.0969724678993229,-5.135749959945679,-4.602624548806085
5028,pp,0.05,0.0,29,1.2270642328262324,-5.788183718016653,-5.420759765307109
5029,do,0.05,0.0,22,1.345395106077194,-5.80483294544798,-4.768083323372735
5030,pp,0.05,0.0,70,2.6451343750953678,-5.023827318711715,-4.979355115360684
5031,do,0.05,0.0,70,0.9436831486225126,-6.513775075565685,-5.503492622905307
5032,pp,0.05,0.0,39,2.9946302628517145,-5.088137696006081,-4.775220092137655
5033,do,0.05,0.0,44,1.3070848703384392,-6.61935517282197,-6.033230622609456
5034,pp,0.05,0.0,21,1.7135241425037382,-4.904278560118242,-4.837748063935174
5035,do,0.05,0.0,21,0.7510012710094456,-6.067658985022343,-5.110992587937249
5036,pp,0.05,0.0,70,2.094936834573746,-5.286130978844382,-5.7104248417748344
5037,do,0.05,0.0,68,-0.2292824220657348,-7.018620832038648,-5.671589109632704
5038,pp,0.05,0.0,13,3.0846238422393792,-5.078348051417958,-4.526619497934977
5039,do,0.05,0.0,10,0.6816404509544371,-7.19903693632646,-5.904472687509325
5040,pp,0.05,0.0,46,2.640180999040604,-5.0679086078297,-5.01605568991767
5041,do,0.05,0.0,2,-0.5124408817291259,-5.49059285106081,-4.884839582443237
5042,pp,0.05,0.0,49,2.3001249301433564,-5.676902607715491,-4.6810013757811655
5043,do,0.05,0.0,31,1.303766205310822,-7.084515383749297,-6.094306556383769
5044,pp,0.05,0.0,8,0.46184276223182685,-4.6292773145617865,-3.836658133400811
5045,do,0.05,0.0,31,0.5786496031284329,-6.719812722639604,-5.80871221224467
5046,pp,0.05,0.0,67,1.4138889420032497,-6.4978938203869445,-5.324322983953688
5047,do,0.05,0.0,6,-0.588661842346192,-6.025194273572979,-5.5132272958755495
5048,pp,0.05,0.0,5,0.5315013408660887,-4.8245466347896695,-3.5736631777551437
5049,do,0.05,0.0,16,-0.08148794174194407,-6.2729268478624745,-5.862020807796054
5050,pp,0.05,0.0,12,1.5835791134834292,-5.750110822735411,-4.7126839452319675
5051,do,0.05,0.0,70,1.5035706055164333,-6.565894293062614,-6.032745448748271
5052,pp,0.05,0.0,21,1.1880155229568476,-4.697939079458063,-3.9143293579419454
5053,do,0.05,0.0,40,1.5546355247497559,-6.460333727345322,-6.833129027154711
5054,pp,0.05,0.0,42,2.2093070793151854,-4.18259266651038,-3.7656352957089743
5055,do,0.05,0.0,3,0.08007439255714388,-4.552555334206783,-4.303252845340305
5056,pp,0.05,0.0,5,0.5364569020271306,-4.495970516493826,-3.536205600367652
5057,do,0.05,0.0,22,0.19484599471092245,-8.75714890017654,-8.124725076887342
5058,pp,0.05,0.0,55,1.7140828490257256,-5.624003215269609,-4.750625660684373
5059,do,0.05,0.0,31,1.5450982666015625,-5.205687040271181,-4.8566359069612295
5060,pp,0.05,0.0,11,1.0378011357784276,-5.349443249268965,-3.9526392261187238
5061,do,0.05,0.0,16,1.9943592715263367,-4.853187029289477,-4.585705476337009
5062,pp,0.05,0.0,37,1.7876517558097849,-7.434317996285179,-6.348349128829108
5063,do,0.05,0.0,54,1.568701814413071,-9.23730487389998,-7.657302440537347
5064,pp,0.05,0.0,38,2.0154018545150754,-4.510425521388198,-3.96568738884396
5065,do,0.05,0.0,70,1.7033754646778112,-5.5550371343439275,-6.469759991433885
5066,pp,0.05,0.0,68,2.3135509598255153,-6.161720411705248,-5.822628781530592
5067,do,0.05,0.0,4,0.2719046092033386,-4.771321918025161,-3.9176803880267674
5068,pp,0.05,0.0,70,1.838348398208618,-6.1627059358539,-5.286768992741902
5069,do,0.05,0.0,68,2.2694520139694214,-6.635503732796871,-5.631385429700216
5070,pp,0.05,0.0,16,1.9737210488319397,-5.96423440991026,-4.34145467016432
5071,do,0.05,0.0,70,2.1538237166404723,-6.945620587377837,-6.328030885590447
5072,pp,0.05,0.0,24,2.03352035522461,-5.007429338224006,-4.710797651608785
5073,do,0.05,0.0,14,1.374165003299713,-5.922760579080292,-5.21671908431583
5074,pp,0.05,0.0,15,1.7017196798324585,-4.49608356735923,-3.7007405466503567
5075,do,0.05,0.0,41,1.557705742120743,-5.740652238961422,-5.935793659422132
5076,pp,0.05,0.0,28,1.560706584453583,-5.767252175013224,-5.07660596370697
5077,do,0.05,0.0,37,1.8418228077888479,-7.087076116330696,-6.357260722584194
5078,pp,0.05,0.0,14,1.5542389357089998,-4.832800654209021,-3.9304239418771534
5079,do,0.05,0.0,11,0.6783588552474971,-5.8723696983221805,-5.616372484631008
5080,pp,0.05,0.0,24,2.2933899497985832,-5.9998063174161045,-5.542484540409512
5081,do,0.05,0.0,59,3.325855022668839,-6.41603591225364,-6.289507993062338
5082,pp,0.05,0.0,70,1.1411473786830895,-6.58105431470004,-5.886765578058031
5083,do,0.05,0.0,70,3.634176297187806,-7.3204984347025555,-6.221565365791321
5084,pp,0.05,0.0,28,1.774003164768219,-6.909023695281058,-5.789605172475179
5085,do,0.05,0.0,70,0.4473350358009345,-7.697601945472486,-7.18357679049174
5086,pp,0.05,0.0,70,0.32293639898300164,-6.962946930798617,-6.278474071290758
5087,do,0.05,0.0,69,0.2911927461624142,-8.14714741562352,-8.06715370549096
5088,pp,0.05,0.0,70,1.7994930672645566,-5.7686140407215465,-5.324004729588826
5089,do,0.05,0.0,23,1.307795675992966,-5.878134126374216,-5.668529023064507
5090,pp,0.05,0.0,70,1.92938912987709,-6.428749387914484,-5.7082136922412445
5091,do,0.05,0.0,42,1.8599305987358088,-5.814103492101034,-6.237845815552605
5092,pp,0.05,0.0,60,2.2494655930995933,-6.522038558035186,-5.500487801763747
5093,do,0.05,0.0,33,0.30319081068038933,-7.145044300772927,-6.273201449712118
5094,pp,0.05,0.0,27,1.825727604627609,-5.955008657050855,-4.824648724661933
5095,do,0.05,0.0,70,2.027614625692367,-6.597624712279349,-6.4253620015250315
5096,pp,0.05,0.0,24,1.762962613105774,-6.731031956817165,-5.461592666308085
5097,do,0.05,0.0,30,1.3579779958724973,-7.200943803787231,-7.914752944310506
5098,pp,0.05,0.0,15,0.8325882256031036,-6.076372359015725,-5.166697043842739
5099,do,0.05,0.0,18,0.970012897253036,-5.693417482665091,-4.763045128186544
5100,pp,0.05,0.0,62,0.5720331084728247,-7.155723398382014,-6.1758709192276005
5101,do,0.05,0.0,16,0.8914966690540309,-6.332124178337328,-5.40825097295973
5102,pp,0.05,0.0,26,1.5263507592678067,-6.059043322187481,-5.3197515461179945
5103,do,0.05,0.0,15,1.4465273952484132,-5.028987377340143,-4.4077952676349215
5104,pp,0.05,0.0,70,2.4905869269371035,-5.217777743484035,-4.729941137631735
5105,do,0.05,0.0,24,0.5659932160377501,-7.118949605479385,-6.323460457060072
5106,pp,0.05,0.0,23,1.2707633078098297,-6.746795938954209,-5.356357439359029
5107,do,0.05,0.0,70,2.3490447318553924,-6.566118347283566,-6.1775309324264525
5108,pp,0.05,0.0,61,1.1603554213047023,-6.896038603060173,-6.293139643139309
5109,do,0.05,0.0,20,0.4632084393501277,-6.355546735994744,-5.988132418526543
5110,pp,0.05,0.0,48,2.033925033807754,-6.204369994365808,-5.90670399930742
5111,do,0.05,0.0,27,0.3316912817955018,-7.792168154860988,-7.040804820590549
5112,pp,0.05,0.0,70,0.6842787468433382,-9.107080867073753,-8.20718567106459
5113,do,0.05,0.0,10,-1.074188418388367,-7.147436107288708,-6.305610129568312
5114,pp,0.05,0.0,27,1.3704751336574557,-6.603474338126905,-5.696376307805379
5115,do,0.05,0.0,70,1.6961300373077401,-6.18314497832096,-5.48443455696106
5116,pp,0.05,0.0,25,1.8855021512508383,-5.1962033401836045,-4.73445381058587
5117,do,0.05,0.0,53,0.4911097919940941,-8.04431957765059,-7.8451069037119545
5118,pp,0.05,0.0,52,0.27750669836997943,-7.355614680954904,-6.648203041818407
5119,do,0.05,0.0,63,1.6332164978981023,-6.525787100647435,-6.336593495474921
5120,pp,0.05,0.0,61,0.529797657728194,-6.848953904527606,-6.165035372310214
5121,do,0.05,0.0,70,2.8111195456981655,-7.651261162035393,-6.498161617914835
5122,pp,0.05,0.0,70,1.5141843342781076,-6.751332625475797,-5.822586388058133
5123,do,0.05,0.0,70,2.6116061425209045,-7.0276750795768965,-6.521701765060425
5124,pp,0.05,0.0,41,2.519807507991792,-5.772362581888834,-4.778342405954997
5125,do,0.05,0.0,47,2.319551572799684,-5.789745040373369,-5.2919168763690525
5126,pp,0.05,0.0,24,2.1946575284004206,-5.334959441965276,-4.527540935410394
5127,do,0.05,0.0,9,0.16263877272605853,-5.718253128456347,-5.256155392858717
5128,pp,0.05,0.0,68,2.065812252759934,-5.383973401965517,-4.886171984672546
5129,do,0.05,0.0,43,1.662955424785614,-7.015208543430675,-6.475654141108195
5130,pp,0.05,0.0,22,1.805956604480743,-5.075064539186882,-4.699645810657078
5131,do,0.05,0.0,27,1.6646386730670937,-6.280179704319347,-5.550797234641181
5132,pp,0.05,0.0,14,1.5779583787918083,-5.156945349953391,-4.3262133200963335
5133,do,0.05,0.0,46,0.9628375542163852,-7.3866005102793375,-6.943168168597751
5134,pp,0.05,0.0,35,0.6055446279048926,-6.592494653932976,-5.5106800688637625
5135,do,0.05,0.0,23,2.0799017739295964,-5.551297023079612,-5.066124402152168
5136,pp,0.05,0.0,22,1.955748783349991,-4.795487242033987,-4.589377694659763
5137,do,0.05,0.0,3,0.01781396746635444,-4.316650040944418,-3.895232187377082
5138,pp,0.05,0.0,70,1.8315038979053497,-6.396927704955592,-6.237751324971517
5139,do,0.05,0.0,5,-0.22276785731315574,-6.625904414148041,-5.845661433537801
5140,pp,0.05,0.0,34,1.791769064664841,-6.348833469911055,-5.3613084634145105
5141,do,0.05,0.0,5,0.8161825358867647,-5.184109843860973,-5.438229613833958
5142,pp,0.05,0.0,39,2.88089579820633,-5.296616036964186,-5.285855992635091
5143,do,0.05,0.0,58,2.0583071792125702,-5.974524011033954,-5.8218710157606335
5144,pp,0.05,0.0,5,0.08163203239440886,-4.767408525582516,-3.9455064270231457
5145,do,0.05,0.0,22,1.7423944127559663,-5.386884906075218,-5.499498123592801
5146,pp,0.05,0.0,70,1.0917980980873114,-6.49162714698098,-5.643317463662889
5147,do,0.05,0.0,61,1.2093298041820528,-8.274629039475412,-7.046776188744439
5148,pp,0.05,0.0,70,-0.0651668715476994,-8.42883350198919,-8.68935357199775
5149,do,0.05,0.0,5,0.11610026717186006,-5.577440576842337,-4.972430107328627
5150,pp,0.05,0.0,62,3.7788645863533024,-6.1975314299265545,-5.258638355467054
5151,do,0.05,0.0,10,-0.041887727975845834,-5.344043757698753,-4.803539737065633
5152,pp,0.05,0.0,60,1.0532307207584388,-7.503652195496993,-7.1806891467836165
5153,do,0.05,0.0,70,1.4787372612953185,-8.596744866804643,-8.934751568900214
5154,pp,0.05,0.0,23,3.101124830245972,-4.857819620768229,-4.634235612551371
5155,do,0.05,0.0,19,0.8466244792938227,-6.805404371203799,-6.173069922129313
5156,pp,0.05,0.0,9,1.6298603177070614,-4.9606022950374715,-4.1468801127539745
5157,do,0.05,0.0,8,1.4506379354000094,-4.979340455026337,-4.358503839704725
5158,pp,0.05,0.0,8,0.5140948843955995,-4.906136064818411,-4.293722179200914
5159,do,0.05,0.0,39,1.470445615053177,-6.363402405652133,-5.797240869204203
5160,pp,0.05,0.0,19,1.5833975934982307,-4.65595772338636,-4.2227649715211655
5161,do,0.05,0.0,6,0.16577058076858542,-5.576730197848696,-4.829528069496154
5162,pp,0.05,0.0,5,0.5191895365715027,-4.56274388775681,-3.709446712334951
5163,do,0.05,0.0,7,0.36964471697807344,-5.563515874111292,-4.9772480169932045
5164,pp,0.05,0.0,10,0.26969778299331626,-5.290961148522117,-4.631209373474121
5165,do,0.05,0.0,7,0.9788602030277254,-4.786524737964977,-4.476620536380344
5166,pp,0.05,0.0,12,1.4966564953327186,-4.353921870029334,-3.7198721607526144
5167,do,0.05,0.0,49,2.1097163307666777,-6.35195960854039,-6.5007340881559585
5168,pp,0.05,0.0,21,1.6971781861782071,-5.737065482862068,-4.950485979186164
5169,do,0.05,0.0,70,1.635450427532195,-6.782742578333075,-6.372620354758369
5170,pp,0.05,0.0,70,2.087511630058289,-8.488169571847626,-7.967060746086968
5171,do,0.05,0.0,6,0.737520967721939,-4.607135248184204,-4.653446793556213
5172,pp,0.05,0.0,14,1.6684842121601102,-4.267313006429961,-3.962772450182173
5173,do,0.05,0.0,48,3.2346947002410893,-4.698302503065629,-5.130710943539937
5174,pp,0.05,0.0,58,1.9813442742824554,-5.1913730057803065,-4.915785254372491
5175,do,0.05,0.0,14,0.6463879394531249,-5.482043481595588,-5.0390506426493324
5176,pp,0.05,0.0,37,3.020682245492935,-5.15601732080633,-4.674872414271037
5177,do,0.05,0.0,50,2.6051988863945006,-5.532041968721332,-5.625000439749824
5178,pp,0.05,0.0,70,1.9995227277278893,-7.590520340023619,-6.212195907698737
5179,do,0.05,0.0,12,1.6658609867095944,-5.073938203580452,-5.244289957152473
5180,pp,0.05,0.0,10,1.3240907311439516,-4.561005944916697,-3.845593015352885
5181,do,0.05,0.0,19,2.3023703050613404,-5.072984904953928,-5.4860847579108345
5182,pp,0.05,0.0,20,1.888201617002487,-4.650941864649455,-4.231959160168966
5183,do,0.05,0.0,12,0.6955333912372588,-5.618803486679539,-5.032248867882623
5184,pp,0.05,0.0,24,3.2023139834403995,-5.387678488818082,-5.135810192426046
5185,do,0.05,0.0,55,2.570875951051711,-8.120483058871645,-8.00044855011834
5186,pp,0.05,0.0,8,0.8410377740859989,-4.571976797508471,-3.726571484406789
5187,do,0.05,0.0,35,1.910443567037583,-6.874525653954708,-7.62896532482571
5188,pp,0.05,0.0,70,1.9208814024925243,-5.847741491144354,-5.52082208527459
5189,do,0.05,0.0,69,0.681925269365312,-7.574970950502338,-7.760222291946411
5190,pp,0.05,0.0,70,2.6538564944267264,-7.864698791503907,-7.133715139495002
5191,do,0.05,0.0,27,1.1995438158512108,-8.163443454106648,-7.023541916741265
5192,pp,0.05,0.0,4,0.44363681077957207,-5.674383225585475,-4.649476758639017
5193,do,0.05,0.0,6,0.7924192047119138,-5.032174010710283,-4.723638486862183
5194,pp,0.05,0.0,34,2.6077816784381875,-4.686693107720577,-4.900915561781989
5195,do,0.05,0.0,3,0.6729740405082705,-4.309810249733203,-4.122536606258816
5196,pp,0.05,0.0,70,1.51785552740097,-8.080775298494281,-7.396486865149604
5197,do,0.05,0.0,32,2.7745525240898123,-6.122197573112719,-5.431292382876078
5198,pp,0.05,0.0,6,0.8139173185825346,-4.197853001681241,-3.644299936294556
5199,do,0.05,0.0,26,2.5131145048141477,-5.910258362509987,-5.04624683327145
5200,pp,0.05,0.0,48,2.8352219092845923,-5.458898352131699,-5.051832699775696
5201,do,0.05,0.0,25,2.0676998150348664,-6.388495242956913,-6.497007958094279
5202,pp,0.05,0.0,18,1.9513552117347714,-4.497000028147842,-4.099005288547939
5203,do,0.05,0.0,19,2.2373255491256714,-5.902340578310417,-6.1308326350318065
5204,pp,0.05,0.0,11,1.4686103320121768,-5.105736336563573,-4.694896623823378
5205,do,0.05,0.0,7,0.6964346778392798,-4.93338491266424,-4.427767017152575
5206,pp,0.05,0.0,46,2.5657559728622443,-6.82034044121251,-5.805521811379327
5207,do,0.05,0.0,3,0.3382091093063355,-4.806330435203783,-4.6973828633626304
5208,pp,0.05,0.0,14,1.3516553938388824,-4.849194950045962,-4.241775131225586
5209,do,0.05,0.0,9,0.14717151999473543,-6.403974783059322,-5.37025134563446
5210,pp,0.05,0.0,8,1.1732398128509525,-4.881504495216139,-4.105278171433342
5211,do,0.05,0.0,8,1.1795483148097992,-4.388978640238444,-4.600989508628845
5212,pp,0.05,0.0,28,1.566506626605988,-5.340177392959594,-4.720381135410733
5213,do,0.05,0.0,42,2.6632708275318153,-6.223162548469775,-6.371490187115139
5214,pp,0.05,0.0,67,1.531769062280656,-7.80348231864698,-6.129920437600878
5215,do,0.05,0.0,44,2.5544730794429773,-6.038025588700266,-5.5201013750500145
5216,pp,0.05,0.0,70,1.6943260169029237,-8.018604012691613,-6.214983012941149
5217,do,0.05,0.0,17,1.0392737472057343,-5.484553968545162,-4.796885257297092
5218,pp,0.05,0.0,15,1.9264003658294682,-4.668023969187881,-4.492917699284024
5219,do,0.05,0.0,13,1.174830709695816,-4.552956396160703,-4.255476352903578
5220,pp,0.05,0.0,19,1.4307534503936763,-4.58531748453776,-3.9429758442772758
5221,do,0.05,0.0,11,0.452598465681076,-5.782007649450591,-5.941758807500204
5222,pp,0.05,0.0,27,2.5093329668045046,-4.899264402100534,-4.636794307496813
5223,do,0.05,0.0,7,0.45187005162239124,-5.161671511332194,-5.126077500979106
5224,pp,0.05,0.0,12,1.7983247900009154,-5.18590829300158,-4.700566601753235
5225,do,0.05,0.0,70,0.7171850383281697,-7.198732269171512,-6.818820765283372
5226,pp,0.05,0.0,70,2.5526536846160885,-5.846393651673288,-5.218499803543091
5227,do,0.05,0.0,12,0.6587930703163147,-5.105922628171516,-4.600838242636787
5228,pp,0.05,0.0,70,1.9721914768218989,-5.4050755630839955,-4.775498305426703
5229,do,0.05,0.0,33,2.6147818243503567,-4.633523477207531,-4.425793902079264
5230,pp,0.05,0.0,37,2.266789325475693,-4.805397288004557,-4.539239343007406
5231,do,0.05,0.0,56,0.35692546248435963,-6.580702348188921,-5.551642200681898
5232,pp,0.05,0.0,40,2.3526630008220675,-6.226967774015485,-5.710858390066359
5233,do,0.05,0.0,70,0.0005053210258481045,-9.020333391247373,-8.042707411448161
5234,pp,0.05,0.0,70,2.1088559865951533,-5.7559538436658455,-5.330730623669094
5235,do,0.05,0.0,10,-0.06582206368446375,-6.43025490731904,-5.593308083216349
5236,pp,0.05,0.0,18,0.7746899199485773,-6.050737531257398,-5.019260983996921
5237,do,0.05,0.0,18,1.755767090320587,-4.9360344539989125,-4.897493632634481
5238,pp,0.05,0.0,37,2.7783292841911322,-5.877397989504265,-5.311812848514981
5239,do,0.05,0.0,2,0.2405972051620484,-5.233480667345452,-4.721910158793132
5240,pp,0.05,0.0,21,1.1336672019958494,-5.645999722047286,-5.094604078928629
5241,do,0.05,0.0,3,-0.20623325228691147,-5.332094943884647,-4.455130444632636
5242,pp,0.05,0.0,70,1.2770582592487347,-9.30374540271181,-7.899365859561496
5243,do,0.05,0.0,15,1.4778363752365111,-5.03464725523284,-5.391113633579678
5244,pp,0.05,0.0,70,2.2487941002845773,-7.158326186555804,-6.19331284099155
5245,do,0.05,0.0,55,0.6290331399440765,-6.935222712430087,-5.990154491530524
5246,pp,0.05,0.0,70,2.0555071234703064,-8.310889876972546,-7.399869420793322
5247,do,0.05,0.0,32,2.2707720744609823,-6.257025421026981,-6.858698383967082
5248,pp,0.05,0.0,70,2.2589099037647253,-5.7538967175917195,-5.1682496044370865
5249,do,0.05,0.0,29,2.3592758285999302,-5.262707549875433,-4.930846256679959
5250,pp,0.05,0.0,70,2.8135397386550913,-8.43386388691989,-7.7803403774897255
5251,do,0.05,0.0,9,0.5031561672687532,-5.049708932818788,-4.598497785462273
5252,pp,0.05,0.0,14,1.1563502514362343,-5.08770914366751,-4.731976575321621
5253,do,0.05,0.0,29,-0.23733422636985768,-7.103050919735071,-6.042033060391744
5254,pp,0.05,0.0,29,1.7614940857887262,-5.287879881714329,-5.141327542728848
5255,do,0.05,0.0,70,0.4961820197105409,-7.402931957533865,-6.739801083670722
5256,pp,0.05,0.0,57,0.931678295135498,-6.720489631999623,-5.9418086290359495
5257,do,0.05,0.0,3,0.6722414386272426,-4.64576581030181,-4.161347052786085
5258,pp,0.05,0.0,27,2.2558975458145145,-5.266809236642086,-4.57444171110789
5259,do,0.05,0.0,52,1.8704348695278163,-5.746025225610444,-5.835511517524719
5260,pp,0.05,0.0,63,1.8493120920658104,-6.021099720579205,-5.174026568730672
5261,do,0.05,0.0,24,3.610300981998444,-4.699936439051773,-4.416805005073547
5262,pp,0.05,0.0,53,5.052749466896056,-5.12460053617304,-4.850055050849915
5263,do,0.05,0.0,61,3.595164771080018,-6.169115367080226,-6.061521898375617
5264,pp,0.05,0.0,28,1.6097979593276968,-6.2200947559241095,-5.865058896276686
5265,do,0.05,0.0,26,2.044887416362762,-5.310813272360599,-5.18416330019633
5266,pp,0.05,0.0,18,1.6589137399196625,-5.651173886385831,-5.145827945073446
5267,do,0.05,0.0,30,2.3884380221366888,-5.161798032124837,-4.7178208165698585
5268,pp,0.05,0.0,70,2.993397318124771,-5.96197645591967,-5.449700755543179
5269,do,0.05,0.0,36,3.699742107391357,-5.09949848724134,-4.606969136661953
5270,pp,0.05,0.0,11,1.0863753581047062,-5.177489972837043,-4.078689192401038
5271,do,0.05,0.0,9,1.1070909249782561,-4.941064964641225,-4.489282329877217
5272,pp,0.05,0.0,37,1.8337117898464204,-6.959431515317974,-6.273029727405972
5273,do,0.05,0.0,70,1.9649623298645018,-7.558617794152462,-6.234563888443841
5274,pp,0.05,0.0,70,0.8385272073745735,-7.072349445747607,-6.026289598147074
5275,do,0.05,0.0,48,2.6825246632099153,-6.728935852917758,-5.7706194824642605
5276,pp,0.05,0.0,50,2.587672806978225,-6.000223552819454,-5.141104825337728
5277,do,0.05,0.0,38,2.6675912356376648,-6.2817797603029195,-7.394134558571709
5278,pp,0.05,0.0,37,2.6506817758083336,-5.909156130299424,-5.453512242105272
5279,do,0.05,0.0,70,3.173199632167816,-6.573820992672082,-6.59278679423862
5280,pp,0.05,0.0,70,2.956108136177063,-6.702217094825976,-5.695706139670478
5281,do,0.05,0.0,59,0.67413680434227,-7.530009287053889,-7.341582054562039
5282,pp,0.05,0.0,21,0.8491852986812596,-5.805338806094546,-5.3642996019787255
5283,do,0.05,0.0,24,2.319561874866486,-5.79615769964276,-5.556473268402947
5284,pp,0.05,0.0,24,1.214463720321655,-7.242565942533089,-6.60429519812266
5285,do,0.05,0.0,25,1.3549258279800416,-6.186379344535596,-5.973641840616862
5286,pp,0.05,0.0,70,1.1505667805671695,-7.721621685317069,-6.9292144219080605
5287,do,0.05,0.0,10,0.9720755171775819,-5.141782348806208,-4.4855585707558525
5288,pp,0.05,0.0,36,1.693498423099518,-7.589436971780025,-6.651755539576213
5289,do,0.05,0.0,23,3.4333857083320627,-5.124082445375847,-5.199509970347086
5290,pp,0.05,0.0,31,2.318831121921539,-6.05617307027181,-5.342829269833035
5291,do,0.05,0.0,66,2.2416829645633705,-7.008272432558464,-6.415409215291342
5292,pp,0.05,0.0,39,2.618281978368759,-4.832338130835331,-4.686965976821051
5293,do,0.05,0.0,50,3.278839800357818,-5.764011338262847,-5.327441732088725
5294,pp,0.05,0.0,38,2.8931278467178343,-4.9979969501495365,-4.865024648772346
5295,do,0.05,0.0,57,2.3620022881031035,-7.078990546139804,-7.354243185785082
5296,pp,0.05,0.0,22,1.8401236021518708,-5.480511626330289,-5.221614585982429
5297,do,0.05,0.0,60,2.0316044461727136,-6.302649548559478,-5.644607239299351
5298,pp,0.05,0.0,41,1.9808845233917225,-5.555967478318648,-4.821990831693014
5299,do,0.05,0.0,32,2.0112100470066068,-4.861891130967574,-5.144516158103943
5300,pp,0.05,0.0,43,2.71713990688324,-6.117931805234967,-5.781346827083164
5301,do,0.05,0.0,28,3.0678867018222817,-5.396501023841627,-4.984249877929687
5302,pp,0.05,0.0,31,2.5172916901111604,-5.908294028946847,-5.037258182631598
5303,do,0.05,0.0,23,2.7770060300827026,-4.76389648697593,-4.808197977807787
5304,pp,0.05,0.0,10,1.1902915048599239,-4.792151760332512,-3.999227507909139
5305,do,0.05,0.0,18,1.665536812543869,-5.1461507508249,-4.389970792664422
5306,pp,0.05,0.0,70,2.264474804401397,-5.839907413540464,-5.4551729493671
5307,do,0.05,0.0,22,2.063304854631424,-5.173037187980883,-5.841486016909282
5308,pp,0.05,0.0,32,2.3020239710807804,-4.622503517613266,-4.73203936152988
5309,do,0.05,0.0,16,2.4466389572620395,-4.807373344536984,-4.6670608758926395
5310,pp,0.05,0.0,39,2.195005373954773,-5.003173057960741,-4.5941761440700954
5311,do,0.05,0.0,18,1.956522431373596,-4.990950785261212,-4.82101879119873
5312,pp,0.05,0.0,20,2.2790664148330686,-5.1744091322927765,-4.680582258436415
5313,do,0.05,0.0,38,2.841221611499787,-6.5560335679487745,-6.478014871809218
5314,pp,0.05,0.0,5,0.22815104603767367,-4.961258246681907,-4.091578070322672
5315,do,0.05,0.0,12,1.3574443292617797,-4.322898635719762,-4.174326715204451
5316,pp,0.05,0.0,19,1.0586821520328522,-5.045126292199799,-4.761642122268677
5317,do,0.05,0.0,5,0.4259047067165378,-4.747231694423792,-4.593842461374071
5318,pp,0.05,0.0,25,1.9755152308940884,-6.446152007941044,-6.130889426337348
5319,do,0.05,0.0,7,1.5140121304988856,-4.362163571155432,-4.210373836093479
5320,pp,0.05,0.0,38,2.4724406599998474,-5.1428431612072565,-5.098968980047438
5321,do,0.05,0.0,70,3.795699355602264,-6.432830676165494,-5.548077209790548
5322,pp,0.05,0.0,37,2.1937572431564325,-5.805266662077471,-5.519483892122905
5323,do,0.05,0.0,52,2.9582054102420816,-5.716756946390325,-5.129631408055624
5324,pp,0.05,0.0,9,0.8223032772541048,-5.042149954131156,-4.151708163155449
5325,do,0.05,0.0,3,-0.4201281929016112,-5.5497965408094005,-4.8855105214648775
5326,pp,0.05,0.0,53,2.8706650006771097,-4.609193468093872,-4.173692679405212
5327,do,0.05,0.0,59,-0.45475636005401654,-8.387954657005542,-8.349545044369167
5328,pp,0.05,0.0,9,0.940533372163773,-4.93854501175158,-4.412888707054986
5329,do,0.05,0.0,9,0.9261154067516335,-5.087342795458707,-4.9335209131240845
5330,pp,0.05,0.0,70,2.4932436394691466,-6.182033858154759,-7.525084315405952
5331,do,0.05,0.0,69,1.033383734226227,-6.797752011906017,-6.230122825834486
5332,pp,0.05,0.0,7,1.0619101274013518,-4.252933847542965,-3.7288044969240826
5333,do,0.05,0.0,3,0.3859798157215115,-5.183786315628977,-4.471773121092054
5334,pp,0.05,0.0,43,2.5047258543968205,-6.697554222742716,-5.927524767981636
5335,do,0.05,0.0,19,1.0267164838314056,-6.19224584608367,-5.412639130486382
5336,pp,0.05,0.0,31,1.6960595369338982,-6.067223962148031,-5.528783859146966
5337,do,0.05,0.0,43,3.5087363135814664,-6.241854783260461,-6.01847309536404
5338,pp,0.05,0.0,36,3.236881366968154,-5.963788768016931,-5.4305114295747545
5339,do,0.05,0.0,70,2.199514294862748,-7.522654302192457,-7.397090244293213
5340,pp,0.05,0.0,70,1.6206447160243984,-6.457493990117853,-6.03484324614207
5341,do,0.05,0.0,7,1.0094651913642885,-4.393053092378558,-4.496323715315925
5342,pp,0.05,0.0,38,2.3112925982475288,-5.191932046774662,-5.053525940577189
5343,do,0.05,0.0,5,0.7725014257431031,-5.085087058038423,-4.494449588987562
5344,pp,0.05,0.0,45,1.6839880979061128,-7.188819201787313,-6.773430344793532
5345,do,0.05,0.0,13,2.566508061885834,-4.381799784573642,-4.226851362652249
5346,pp,0.05,0.0,23,2.706284271478653,-4.493484484065663,-4.443657639291551
5347,do,0.05,0.0,36,2.988488365411759,-5.426658880349361,-5.755712095896403
5348,pp,0.05,0.0,45,1.865917636156082,-5.62545673196966,-5.560706175698174
5349,do,0.05,0.0,70,2.522012326717376,-7.584436656489517,-6.894801537195842
5350,pp,0.05,0.0,70,2.6144989156723017,-7.218449339722142,-6.427406766679552
5351,do,0.05,0.0,24,3.0836887574195853,-4.838030516017567,-5.577247767978244
5352,pp,0.05,0.0,32,2.9877259910106666,-5.204453936490146,-4.882875392172072
5353,do,0.05,0.0,27,0.8088639569282536,-6.665776245521776,-6.722741052839491
5354,pp,0.05,0.0,67,1.3758714044094091,-6.7883101159876045,-6.276820203993055
5355,do,0.05,0.0,8,1.6118969225883486,-4.235666841449159,-4.137923476431105
5356,pp,0.05,0.0,8,0.49296062827110276,-4.251339967323072,-3.7600120491451685
5357,do,0.05,0.0,25,1.2912460362911222,-5.0275212244554,-5.191854699452718
5358,pp,0.05,0.0,23,1.6058986258506778,-4.619074666861332,-4.596191790368822
5359,do,0.05,0.0,47,0.9857739531993861,-7.192371738318241,-6.953377082612779
5360,pp,0.05,0.0,37,1.4733393836021431,-6.44847010121201,-5.830157542228699
5361,do,0.05,0.0,11,1.5294768357276913,-5.261865432334669,-4.899343220392863
5362,pp,0.05,0.0,18,1.2398748958110808,-5.220422293923118,-5.0431033293406164
5363,do,0.05,0.0,34,2.6963398551940916,-8.384850559812604,-6.6900769154230755
5364,pp,0.05,0.0,21,2.956560014486313,-5.873144187349261,-4.945197513368394
5365,do,0.05,0.0,49,3.6936569845676424,-5.799223691766913,-6.819187786844042
5366,pp,0.05,0.0,22,2.858837130069732,-4.507170193123095,-4.593932482931349
5367,do,0.05,0.0,18,1.9856243395805357,-4.505932179364291,-4.541188873185051
5368,pp,0.05,0.0,27,2.725926104784011,-4.755669699293194,-4.820099216037327
5369,do,0.05,0.0,68,1.211925320625305,-9.035057567827629,-8.033773061964247
5370,pp,0.05,0.0,10,1.1912837755680084,-4.649127359101267,-4.307146525382995
5371,do,0.05,0.0,65,3.3887458932399754,-6.539955220077977,-6.470929302109612
5372,pp,0.05,0.0,60,2.7167760860919943,-6.802962173115123,-6.163146331575182
5373,do,0.05,0.0,70,2.87676656961441,-6.502134385253444,-5.590634931458367
5374,pp,0.05,0.0,53,2.2073527538776405,-5.904392188968081,-5.621522529919942
5375,do,0.05,0.0,13,1.9947147035598753,-4.9955565206932295,-5.023279176818
5376,pp,0.05,0.0,54,1.861602343320846,-6.829550092870539,-7.37840244240231
5377,do,0.05,0.0,68,3.2791296947002406,-6.391395665660049,-5.964298407236735
5378,pp,0.05,0.0,70,3.454326136112213,-5.531350364107074,-5.779259930716621
5379,do,0.05,0.0,15,2.5282969331741336,-4.999546803850116,-4.444107302029928
5380,pp,0.05,0.0,12,0.6762945306301118,-5.169032671957305,-4.448129264513652
5381,do,0.05,0.0,55,2.238224580287932,-7.59326712290446,-7.2662680255042185
5382,pp,0.05,0.0,7,0.6833107781410224,-4.946637665141712,-4.408844947814941
5383,do,0.05,0.0,34,1.1886411845684055,-7.5605634082447395,-7.8258251640531755
5384,pp,0.05,0.0,70,2.741718010902405,-6.8464040915171305,-6.199643524487813
5385,do,0.05,0.0,31,2.097413730621339,-5.691823783065334,-5.21804191271464
5386,pp,0.05,0.0,47,0.858577198982239,-6.809986652027477,-5.981572699546814
5387,do,0.05,0.0,59,4.172660201787949,-5.634300484801784,-5.493235638406541
5388,pp,0.05,0.0,42,1.7410873055458076,-5.822761287111224,-5.854542660713196
5389,do,0.05,0.0,15,1.23400777220726,-6.464642111460368,-6.155966393152872
5390,pp,0.05,0.0,45,3.0520603084564204,-6.180273177407004,-5.518404799037509
5391,do,0.05,0.0,10,1.3411253452301022,-4.747587456847683,-4.320288952191671
5392,pp,0.05,0.0,23,2.2285951316356662,-4.554982059652155,-4.025117651621501
5393,do,0.05,0.0,6,0.8617710816860207,-4.859877093633016,-4.517780844370524
5394,pp,0.05,0.0,27,2.159850584268571,-4.725414264563359,-4.887611905733745
5395,do,0.05,0.0,59,3.503658822774887,-5.603598782510469,-5.326983425352308
5396,pp,0.05,0.0,70,2.0595492458343516,-5.932118505420107,-5.414300632476807
5397,do,0.05,0.0,39,2.5372405195236203,-5.4919050332271695,-5.281622486644321
5398,pp,0.05,0.0,20,1.7729021096229554,-4.483727546171709,-4.367677291234334
5399,do,0.05,0.0,23,2.431961200237274,-4.655498721382835,-5.849561953544617
5400,pp,0.05,0.0,58,2.097650808095932,-5.365669376199896,-4.981591163741218
5401,do,0.05,0.0,70,4.037112169265747,-6.341112185969497,-5.675210571289062
5402,pp,0.05,0.0,70,2.0047504341602336,-5.936348188284672,-5.586989103423225
5403,do,0.05,0.0,20,2.9915445852279667,-6.799993970177391,-6.8701604896121555
5404,pp,0.05,0.0,37,2.750333523750305,-6.502703069918083,-6.208790861235725
5405,do,0.05,0.0,39,2.4925755119323743,-7.466282710162076,-6.905203665627374
5406,pp,0.05,0.0,31,2.4058758974075323,-5.908735887932055,-5.4832757949829105
5407,do,0.05,0.0,37,2.8279083740711215,-5.490662905664155,-5.070150105158488
5408,pp,0.05,0.0,58,2.67253142952919,-5.318734443548954,-4.9104793787002565
5409,do,0.05,0.0,12,0.7508462166786192,-6.030961935447924,-5.186983341640897
5410,pp,0.05,0.0,70,1.4846898186206818,-7.18437301606843,-5.242668554517958
5411,do,0.05,0.0,13,1.7981015825271607,-5.352508576711019,-5.052279199494256
5412,pp,0.05,0.0,41,3.3589341294765465,-4.342366510449033,-4.0404407686657375
5413,do,0.05,0.0,32,2.324287967681885,-4.613398196480491,-4.626393601629469
5414,pp,0.05,0.0,36,3.1713794457912448,-4.2936345606139215,-3.930295889907413
5415,do,0.05,0.0,9,1.2604919075965881,-4.79432089401014,-4.8717530806859335
5416,pp,0.05,0.0,39,2.6569651842117317,-6.066698377782648,-5.549375245306227
5417,do,0.05,0.0,29,2.477211854457855,-6.915025494315407,-7.753367741902669
5418,pp,0.05,0.0,60,1.0852210175991068,-6.307549846533573,-5.279639208316803
5419,do,0.05,0.0,7,0.7565666353702545,-4.5460792411457405,-4.308108311229282
5420,pp,0.05,0.0,42,1.9700345873832692,-5.115785533731634,-4.894809402359856
5421,do,0.05,0.0,10,0.6526774215698241,-4.408747082045584,-4.0046844296985205
5422,pp,0.05,0.0,62,3.726877051591873,-5.248405560580167,-4.574273970392015
5423,do,0.05,0.0,4,0.3937262284755709,-4.732673249100194,-4.128971674707201
5424,pp,0.05,0.0,11,0.6174249100685119,-4.524357275529341,-3.937932356198629
5425,do,0.05,0.0,70,1.8703160595893857,-6.36289306120439,-5.662575088606941
5426,pp,0.05,0.0,14,0.7248860645294188,-5.075277555350102,-4.424637145466274
5427,do,0.05,0.0,56,1.2952904939651484,-7.426962580825343,-6.636066969235738
5428,pp,0.05,0.0,51,3.2660360455513002,-5.6885413386605,-5.350124062432183
5429,do,0.05,0.0,30,3.387355681657791,-5.449849874323065,-4.927424050701989
5430,pp,0.05,0.0,37,2.244916933774949,-5.425762898994215,-4.930285074975756
5431,do,0.05,0.0,70,1.2752682423591626,-7.821518458742084,-6.545269719759623
5432,pp,0.05,0.0,54,2.5738046765327462,-5.3667150511886135,-4.807293089230855
5433,do,0.05,0.0,70,1.638898302316667,-8.697732328646111,-7.564146619372898
5434,pp,0.05,0.0,8,1.1572883379459382,-4.8065814206094455,-3.807967948913574
5435,do,0.05,0.0,64,1.4847814583778387,-9.1555053580891,-6.607907854186164
5436,pp,0.05,0.0,57,4.032076363563538,-4.34626347801902,-4.053251695632935
5437,do,0.05,0.0,70,2.866242582798005,-9.001682960625851,-7.433902078204685
5438,pp,0.05,0.0,15,1.650657811164856,-4.699047485987346,-3.9941342141893177
5439,do,0.05,0.0,18,2.2680640459060672,-6.010225535884048,-4.793707511160108
5440,pp,0.05,0.0,37,3.299490932226181,-4.677955056681777,-4.119458794593811
5441,do,0.05,0.0,62,0.6216131055355074,-8.692004160447555,-7.404812558492025
5442,pp,0.05,0.0,50,2.132738811969756,-5.839570779511423,-5.248389024204678
5443,do,0.05,0.0,36,0.7178610193729389,-7.626325389110681,-7.014237684673733
5444,pp,0.05,0.0,32,2.0151908171176904,-5.298860148227576,-4.394166665607028
5445,do,0.05,0.0,3,0.15340299963951054,-5.072645486484874,-4.281158696280586
5446,pp,0.05,0.0,24,1.71670463681221,-4.659575973857533,-4.607175302505493
5447,do,0.05,0.0,33,2.592173810005188,-6.019823630650838,-5.373213251431783
5448,pp,0.05,0.0,27,2.657796502113343,-4.949238251194809,-4.63874990940094
5449,do,0.05,0.0,28,0.9911360847949986,-7.637346042286266,-6.831187171406216
5450,pp,0.05,0.0,58,3.536443971395493,-4.659957709456935,-4.608855001131693
5451,do,0.05,0.0,16,0.7284510982036592,-6.039151697447806,-5.650391056802538
5452,pp,0.05,0.0,30,2.856188826560973,-5.3762191512367945,-4.9917335457272
5453,do,0.05,0.0,4,0.7671162474155429,-4.515312058997877,-4.0719324443075395
5454,pp,0.05,0.0,34,3.3364147078990936,-5.194603207617095,-5.31980000866784
5455,do,0.05,0.0,3,0.32020938277244504,-4.776559887510357,-4.4551468107435435
5456,pp,0.05,0.0,51,1.976799066066742,-5.60857548569188,-5.1322627756330705
5457,do,0.05,0.0,6,1.0934976994991308,-3.9839725609981653,-3.932640038596259
5458,pp,0.05,0.0,49,3.097960656881333,-4.6149416302189685,-4.161027816931407
5459,do,0.05,0.0,67,-0.6250572311878209,-10.180259453166615,-9.17474495040046
5460,pp,0.05,0.0,19,2.7685715794563297,-4.832630521600897,-4.343496730592515
5461,do,0.05,0.0,27,1.6243617022037506,-5.809333116357977,-6.858855128288269
5462,pp,0.05,0.0,28,0.9743623101711281,-5.339585664055564,-4.276873060067495
5463,do,0.05,0.0,67,1.4233771371841435,-6.098428617824208,-6.002229573991563
5464,pp,0.05,0.0,28,3.2931139254570017,-5.027494582262906,-4.460439732339647
5465,do,0.05,0.0,8,1.1174300181865693,-4.659466717459939,-4.325118388070001
5466,pp,0.05,0.0,60,2.3509694314002987,-4.323592551549276,-3.842382347583771
5467,do,0.05,0.0,21,0.9553675687313081,-6.034233099041563,-5.51585837205251
5468,pp,0.05,0.0,57,2.22924922466278,-5.992802101193052,-4.962249567773607
5469,do,0.05,0.0,8,0.42425438880920474,-4.46983315005447,-4.233744088808695
5470,pp,0.05,0.0,24,2.396701364517212,-4.908608290643403,-4.003649901019203
5471,do,0.05,0.0,50,1.9363419818878178,-7.6895455504908705,-6.176947021484375
5472,pp,0.05,0.0,70,2.1397010314464557,-6.605234423550693,-5.3320572826597425
5473,do,0.05,0.0,26,2.7277305841445916,-6.3024343505050195,-5.908419924312168
5474,pp,0.05,0.0,18,2.1969962382316597,-4.479542132579919,-4.043064726723565
5475,do,0.05,0.0,44,1.31548576116562,-6.943142409758134,-6.3013933579126995
5476,pp,0.05,0.0,10,1.7867542088031767,-4.296113469383934,-3.810891642835405
5477,do,0.05,0.0,33,0.02397375583648831,-7.437089677290483,-8.18080677456326
5478,pp,0.05,0.0,70,1.7132158613204957,-5.962834085117687,-5.237585102187262
5479,do,0.05,0.0,14,0.372030016183853,-5.171328313422926,-4.860191305478414
5480,pp,0.05,0.0,26,2.0505415785312646,-4.566219149213849,-4.006356228722466
5481,do,0.05,0.0,50,2.5431567966938022,-8.822531922658284,-6.921943881776598
5482,pp,0.05,0.0,17,2.953904818296432,-4.399733146031697,-3.643326532840729
5483,do,0.05,0.0,10,1.7448887729644769,-4.4021936286579475,-3.9504310144318473
5484,pp,0.05,0.0,45,1.7276908385753629,-5.44276443828236,-4.72007811334398
5485,do,0.05,0.0,42,1.4019053590297696,-6.147468039483735,-5.534421433342827
5486,pp,0.05,0.0,35,3.010797362327576,-5.00935930483269,-4.322007952796088
5487,do,0.05,0.0,17,2.4468518447875987,-5.313532738252119,-4.898194540871514
5488,pp,0.05,0.0,14,0.9586889863014214,-5.890443962270563,-4.5392948945363365
5489,do,0.05,0.0,14,0.5490289294719695,-6.283600927121712,-5.262535389264425
5490,pp,0.05,0.0,11,1.497550951242447,-5.172096826090957,-4.288812716801961
5491,do,0.05,0.0,37,1.2050816798210136,-6.989553259358262,-6.8136365466647675
5492,pp,0.05,0.0,10,1.837666779756546,-5.039360436526212,-4.091857004165649
5493,do,0.05,0.0,27,-0.08987178325653034,-8.009934738910559,-7.493059947755602
5494,pp,0.05,0.0,68,3.338303327560425,-6.413118951970881,-5.406886023945279
5495,do,0.05,0.0,44,1.2608416604995725,-6.027132477904811,-7.240733332104153
5496,pp,0.05,0.0,67,2.4585036230087276,-5.68760431318572,-5.264305220709907
5497,do,0.05,0.0,35,0.9780170917510986,-7.528953238689538,-7.363942413859897
5498,pp,0.05,0.0,22,1.3658642113208774,-4.466949993191343,-4.150981688499451
5499,do,0.05,0.0,70,0.1374001312255846,-8.35088566866788,-7.493883721033732
5500,pp,0.05,0.0,11,1.361035369634628,-4.443698151906331,-3.8336374600728353
5501,do,0.05,0.0,1,-0.6336438810825342,-5.329869472619259,-4.551240534252591
5502,pp,0.05,0.0,24,2.926934180259704,-4.478424380042336,-4.066091903050741
5503,do,0.05,0.0,36,2.146438938379289,-5.4103862415660515,-5.5514679590861
5504,pp,0.05,0.0,19,1.2036799752712248,-5.633624156316121,-4.710141343540616
5505,do,0.05,0.0,56,0.2640897679328926,-8.822269928094112,-7.7742782619264394
5506,pp,0.05,0.0,70,2.440254034996032,-6.374918699264526,-5.446243129836189
5507,do,0.05,0.0,70,0.4268005061149598,-7.105825028274999,-6.6659185303582085
5508,pp,0.05,0.0,64,1.6485404396057133,-5.823712906692967,-4.866203774346245
5509,do,0.05,0.0,18,2.7444455909729006,-5.337753735166608,-4.5810877985424465
5510,pp,0.05,0.0,20,2.2130708050727845,-4.213455406824748,-3.907114581267039
5511,do,0.05,0.0,70,2.2747684872150415,-6.879361537008575,-6.101802698771158
5512,pp,0.05,0.0,22,2.2428696870803835,-5.02182195258863,-4.374220085144043
5513,do,0.05,0.0,17,0.19790912508964542,-6.274303798964529,-5.566044571664598
5514,pp,0.05,0.0,19,2.634310320615768,-4.362139639709935,-3.9791191180547076
5515,do,0.05,0.0,39,2.5889332652091976,-6.300095680988196,-5.741923634211222
5516,pp,0.05,0.0,46,3.038427255153656,-6.486612308386601,-5.470808471573724
5517,do,0.05,0.0,31,0.8556030046939851,-6.288037128159494,-5.505308996306526
5518,pp,0.05,0.0,16,2.0112346649169917,-5.134120712858258,-4.428730339474148
5519,do,0.05,0.0,34,1.4961657333374028,-6.004721208052202,-5.5103435569339325
5520,pp,0.05,0.0,32,3.7934085488319402,-4.7441105149009015,-4.033371229966481
5521,do,0.05,0.0,20,0.32685509085655173,-5.857754031094638,-5.572518833478292
5522,pp,0.05,0.0,70,2.5808379960060117,-5.386801924850001,-5.2511694484286835
5523,do,0.05,0.0,28,0.5177281785011285,-7.592553985480106,-7.621384816699558
5524,pp,0.05,0.0,70,2.0332050883769996,-6.217551777579567,-5.32093800968594
5525,do,0.05,0.0,57,0.07404758691787805,-7.8138228517590145,-7.1759009811613295
5526,pp,0.05,0.0,3,0.5728866529464725,-4.452586124882553,-4.050264612833659
5527,do,0.05,0.0,23,0.4074526846408846,-7.9323202508868595,-7.77534982893202
5528,pp,0.05,0.0,67,0.8109453105926523,-10.35724317377264,-8.608418626255459
5529,do,0.05,0.0,43,2.0590494751930244,-8.213532797495525,-7.10892457432217
5530,pp,0.05,0.0,15,2.1483784687519076,-4.721304630510735,-4.082556449042427
5531,do,0.05,0.0,10,1.4863214635848996,-5.329273209427342,-4.494226959016588
5532,pp,0.05,0.0,30,2.8866017997264866,-4.938352558829568,-4.41084472073449
5533,do,0.05,0.0,52,1.256470067501068,-6.786421327879935,-5.959145418802897
5534,pp,0.05,0.0,69,0.9802295529842375,-6.764455262097445,-6.128517145580716
5535,do,0.05,0.0,67,-0.2075629675388324,-9.482573226003936,-9.151533799701268
5536,pp,0.05,0.0,30,2.879863086938859,-4.904230317202481,-4.724310191472371
5537,do,0.05,0.0,11,1.131733037233353,-5.2510540904420795,-4.81583620707194
5538,pp,0.05,0.0,35,3.2122999227046964,-4.634269946994204,-4.479124352667067
5539,do,0.05,0.0,29,0.49356574416160637,-6.397111053177805,-6.67015569474962
5540,pp,0.05,0.0,29,3.504583638906478,-4.134029866709854,-3.9694066683451337
5541,do,0.05,0.0,25,1.3310506963729853,-7.7653146353634925,-7.6803136560651994
5542,pp,0.05,0.0,51,2.0716290891170503,-7.252873409155644,-6.470841524336073
5543,do,0.05,0.0,7,0.5123734915256497,-5.529650438193119,-4.84329137802124
5544,pp,0.05,0.0,49,3.1703774023056024,-4.528848370638761,-4.192756734953987
5545,do,0.05,0.0,33,0.34057265758514355,-7.058560715299664,-6.340761449601915
5546,pp,0.05,0.0,30,2.8453529107570645,-5.442071479739565,-4.7841735813352795
5547,do,0.05,0.0,48,1.6644673120975497,-6.66089227994283,-6.221627725495233
5548,pp,0.05,0.0,23,2.572143169641495,-4.7785096515308725,-4.192976233694289
5549,do,0.05,0.0,17,1.906784288883209,-5.579779137987079,-5.199396631452772
5550,pp,0.05,0.0,69,1.5790730786323541,-6.367456976572672,-5.403180943595038
5551,do,0.05,0.0,3,-0.263347606658936,-5.268233871459961,-4.702480059199863
5552,pp,0.05,0.0,70,2.2948624134063715,-6.930670933289961,-5.891366431448195
5553,do,0.05,0.0,16,0.6739287257194517,-6.866480857675726,-5.478349232673645
5554,pp,0.05,0.0,31,2.8449035429954526,-4.240932926987156,-4.057182004716661
5555,do,0.05,0.0,2,-0.19109527707099883,-5.54751145622947,-4.872338928116692
5556,pp,0.05,0.0,70,1.4178116190433503,-5.152409291989875,-4.890712483723958
5557,do,0.05,0.0,9,-0.2987678301334382,-5.936745149439031,-5.457943722936842
5558,pp,0.05,0.0,36,3.1641299736499784,-4.11850970730637,-4.145638933446672
5559,do,0.05,0.0,9,-0.19658113479614236,-6.390679301637592,-5.802090395821465
5560,pp,0.05,0.0,40,3.8593966424465176,-4.552162301901615,-4.530845806333754
5561,do,0.05,0.0,70,-0.7029167819023128,-9.926018356554437,-8.417586594157749
5562,pp,0.05,0.0,57,3.3906026661396016,-5.147726667288578,-4.710358423656888
5563,do,0.05,0.0,70,0.5209712731838234,-7.518547906297626,-7.856826300091214
5564,pp,0.05,0.0,21,0.9716816544532776,-5.135511440219301,-4.845751047134399
5565,do,0.05,0.0,24,1.0450579941272737,-6.342194737810077,-5.4508326239056055
5566,pp,0.05,0.0,7,0.9448061120510101,-4.600971622178049,-3.768480861186981
5567,do,0.05,0.0,6,0.08094165563583378,-5.555927276611328,-5.026192355155945
5568,pp,0.05,0.0,31,3.435287879705429,-4.267647585724339,-4.425872532526652
5569,do,0.05,0.0,20,2.080508282184601,-5.047667000510476,-5.118904105822245
5570,pp,0.05,0.0,56,3.678862861394882,-5.286540889739991,-5.008205040295919
5571,do,0.05,0.0,4,0.7975643992424013,-4.386964902010831,-3.9635432879130046
5572,pp,0.05,0.0,15,1.8412690269947047,-4.19157732183283,-3.887085567580329
5573,do,0.05,0.0,7,1.7607488369941713,-4.287163961294926,-4.080085457695855
5574,pp,0.05,0.0,29,1.8925487160682675,-4.471077965245103,-4.26866664621565
5575,do,0.05,0.0,14,1.4389217746257783,-5.341209069165316,-5.304094184769524
5576,pp,0.05,0.0,65,3.8848733270168303,-4.646258713982322,-4.390478412310283
5577,do,0.05,0.0,51,0.6960377335548396,-8.034137358809962,-8.65963732931349
5578,pp,0.05,0.0,26,2.904281865358352,-4.871091576778528,-4.759252982669406
5579,do,0.05,0.0,70,2.1035209059715267,-7.092806395617399,-5.253922708829244
5580,pp,0.05,0.0,12,0.5328433251380922,-4.877412072095004,-4.2694074418809675
5581,do,0.05,0.0,5,0.529113552570343,-5.357053229303071,-4.385162267420027
5582,pp,0.05,0.0,27,2.1601608061790465,-4.770682892654881,-4.49812984863917
5583,do,0.05,0.0,43,1.0368099927902232,-7.058313397205237,-6.962407244576348
5584,pp,0.05,0.0,28,3.1906014347076423,-4.4162076270941535,-4.15534878704283
5585,do,0.05,0.0,13,1.1803492701053617,-5.236880672339237,-5.307229614257812
5586,pp,0.05,0.0,25,2.9429303002357488,-4.157843430114515,-4.299133144484626
5587,do,0.05,0.0,30,1.9037499511241913,-5.975406252254139,-5.5472533570395575
5588,pp,0.05,0.0,70,1.7200477159023286,-6.075169790152348,-5.800383782386779
5589,do,0.05,0.0,6,0.07660904645919775,-5.812812818180431,-5.415909070438809
5590,pp,0.05,0.0,20,2.056668076515197,-4.326902944391424,-3.894242743651072
5591,do,0.05,0.0,45,2.2902286553382876,-6.9438136490908535,-6.400359691513909
5592,pp,0.05,0.0,70,1.9621316456794737,-6.335228237961278,-6.032461396853129
5593,do,0.05,0.0,27,2.4569365549087525,-6.52837908484719,-6.021797993448046
5594,pp,0.05,0.0,29,2.380175893306733,-5.99928359262871,-5.302841618325975
5595,do,0.05,0.0,65,1.6785075652599337,-8.105430146419641,-7.661772362391154
5596,pp,0.05,0.0,63,3.583033338785172,-4.528615622086958,-4.501383304595947
5597,do,0.05,0.0,12,1.8376727116107938,-5.440215667088826,-5.122747633192274
5598,pp,0.05,0.0,21,1.3128640544414516,-5.935245141116056,-4.999593374464247
5599,do,0.05,0.0,53,2.891310981512069,-6.463865544579246,-7.674372794893053
5600,pp,0.05,0.0,25,2.3456691730022428,-4.92152295257106,-4.579065569241842
5601,do,0.05,0.0,70,0.33985939979553237,-10.381867206457889,-9.410226366255019
5602,pp,0.05,0.0,23,1.8202323138713838,-6.346856406240752,-5.559162264400058
5603,do,0.05,0.0,28,0.9518640327453616,-6.494173132289539,-6.952857875823975
5604,pp,0.05,0.0,14,2.0349533379077904,-4.644667437582305,-4.3190153015984425
5605,do,0.05,0.0,58,-0.06954075098037649,-8.731940295479514,-7.405549987157186
5606,pp,0.05,0.0,70,2.917319335937501,-7.028964164040305,-6.90396384663052
5607,do,0.05,0.0,2,-0.1868880105018622,-5.526663586587617,-4.945331806606717
5608,pp,0.05,0.0,70,1.2084528112411501,-7.081933995449182,-6.668869810634189
5609,do,0.05,0.0,23,0.9275249814987188,-6.076769382303412,-6.057052681181166
5610,pp,0.05,0.0,70,0.8970020198822022,-7.335256144494721,-6.979908373620775
5611,do,0.05,0.0,14,1.2344353008270268,-5.379469718355121,-5.027247863345676
5612,pp,0.05,0.0,57,2.1384852337837224,-5.334293829311024,-4.7814770804511175
5613,do,0.05,0.0,7,0.810201954841614,-4.430902404496164,-4.809908339712355
5614,pp,0.05,0.0,20,1.694167447090149,-4.138532791715679,-4.1625305030081
5615,do,0.05,0.0,65,0.8042911028862001,-9.932070078994288,-9.315363306469388
5616,pp,0.05,0.0,70,2.1595289099216464,-4.850055183063854,-4.861747119161818
5617,do,0.05,0.0,27,0.7384662699699405,-6.2284436746077105,-5.99647835360633
5618,pp,0.05,0.0,24,2.2281217539310454,-4.011733582525542,-4.203978398111132
5619,do,0.05,0.0,70,2.7494305551052083,-7.162306132461086,-7.384216451644898
5620,pp,0.05,0.0,32,3.6139531505107874,-5.3600616455078125,-5.037151401572757
5621,do,0.05,0.0,24,0.486171646118164,-6.211668086774422,-5.922989193598429
5622,pp,0.05,0.0,57,1.574691386222839,-6.003873949339895,-5.436439583036635
5623,do,0.05,0.0,9,0.5243895804882044,-5.4358952103239115,-4.939719247817993
5624,pp,0.05,0.0,29,1.9198139572143553,-5.454956566203724,-5.108953936894735
5625,do,0.05,0.0,4,0.4121993935108188,-4.484867419618549,-4.25253463851081
5626,pp,0.05,0.0,12,1.3541085696220403,-4.199683065125437,-4.087932819790311
5627,do,0.05,0.0,10,1.0695172870159153,-4.675759682510838,-4.371112889713711
5628,pp,0.05,0.0,48,2.608834776878357,-5.221498441696167,-4.9749098830752905
5629,do,0.05,0.0,47,1.5303250598907479,-7.814697138468424,-7.447781104511685
5630,pp,0.05,0.0,15,1.8188234376907353,-5.125753249544086,-4.578892940945096
5631,do,0.05,0.0,6,0.5793170166015624,-4.969935912796945,-4.662501947085063
5632,pp,0.05,0.0,30,2.5364035093784336,-4.617365445512714,-4.142209781540765
5633,do,0.05,0.0,5,-0.1252368414402003,-5.7609334858981045,-5.2122784614562985
5634,pp,0.05,0.0,42,1.9579682457447056,-5.357020003867872,-4.808643033769395
5635,do,0.05,0.0,28,1.4521942210197452,-5.306966866868915,-5.148362514707777
5636,pp,0.05,0.0,17,1.0890344917774204,-5.291729377977775,-4.562258582644993
5637,do,0.05,0.0,5,0.5812203168869017,-4.941647020975749,-4.621268651220533
5638,pp,0.05,0.0,6,0.8836648237705225,-4.51922840349602,-3.7527455899450515
5639,do,0.05,0.0,16,1.267168650627136,-4.701091725898512,-4.60503597524431
5640,pp,0.05,0.0,10,1.3847382092475895,-4.396991618474325,-4.00870433251063
5641,do,0.05,0.0,57,1.2669188141822811,-6.918586064829971,-5.83515514532725
5642,pp,0.05,0.0,70,0.9217312073707582,-5.608494447939323,-5.165269788106283
5643,do,0.05,0.0,49,2.6518987214565284,-6.476442438183409,-5.916990693410238
5644,pp,0.05,0.0,16,2.036110913753509,-4.842438187743678,-4.524857926368713
5645,do,0.05,0.0,4,0.3401098215579985,-5.374212273684415,-4.591045520040724
5646,pp,0.05,0.0,46,2.4334564673900596,-4.5306191588893086,-4.1830365260442095
5647,do,0.05,0.0,29,1.9370414626598365,-5.930739310293487,-6.000613252321879
5648,pp,0.05,0.0,23,2.84500008225441,-4.910834881753632,-4.25257052315606
5649,do,0.05,0.0,70,2.3804635262489313,-6.606724255012743,-6.383509514066908
5650,pp,0.05,0.0,27,2.7045412993431084,-4.915063102317579,-4.926395018895467
5651,do,0.05,0.0,20,0.7188527500629425,-6.60529277974909,-5.6307239558961655
5652,pp,0.05,0.0,70,2.4682525217533113,-4.816735273419004,-4.2577413929833305
5653,do,0.05,0.0,12,-0.37573924303054795,-6.623807346459591,-6.11787163151635
5654,pp,0.05,0.0,64,2.543552449941635,-5.507284610921686,-4.923547193739149
5655,do,0.05,0.0,23,2.0343817591667177,-5.872542342272672,-5.464840081002977
5656,pp,0.05,0.0,18,2.219534807205199,-4.867001605756355,-4.202194301287333
5657,do,0.05,0.0,25,0.5817564797401422,-6.788679482720115,-6.011522510316637
5658,pp,0.05,0.0,23,2.234916441440582,-4.243031300920428,-4.032177999284532
5659,do,0.05,0.0,13,0.672024068832398,-7.76779938322125,-6.865062104331122
5660,pp,0.05,0.0,44,3.3305439364910123,-6.59521710655906,-6.1452023373709785
5661,do,0.05,0.0,10,1.3764281332492825,-4.013097901777788,-3.6056727475590176
5662,pp,0.05,0.0,35,2.7667779481410975,-5.341309137055368,-5.005919607480367
5663,do,0.05,0.0,51,0.8619459497928617,-7.3925315177801885,-7.391718986299303
5664,pp,0.05,0.0,58,1.6758201169967641,-5.750194392059789,-5.30366682211558
5665,do,0.05,0.0,10,0.672992514371872,-5.092529796831536,-4.463177333937751
5666,pp,0.05,0.0,20,2.1834301042556765,-4.8150855223337805,-4.417897396617466
5667,do,0.05,0.0,55,1.7730881237983702,-6.265080083500255,-6.019803161091275
5668,pp,0.05,0.0,48,1.9972296631336208,-5.475682304844712,-5.068642279836866
5669,do,0.05,0.0,22,2.5427769625186922,-5.404397038257483,-4.396347015433841
5670,pp,0.05,0.0,43,4.0308358919620515,-4.422832463004372,-3.8295604719056024
5671,do,0.05,0.0,56,0.6557767367362963,-8.026120768171369,-9.06435809665256
5672,pp,0.05,0.0,20,2.838997068405151,-5.044753593387026,-4.424823209974501
5673,do,0.05,0.0,32,2.689657307863235,-5.378769438194506,-5.43571981853909
5674,pp,0.05,0.0,47,2.8046927845478056,-5.743255499637488,-5.4372197760476
5675,do,0.05,0.0,52,1.6815765655040744,-6.651816774137092,-6.660183986028035
5676,pp,0.05,0.0,29,3.7511052918434133,-5.001194027698401,-4.578755150900947
5677,do,0.05,0.0,29,2.089403727054596,-5.685966686768965,-5.656657486491733
5678,pp,0.05,0.0,23,1.2953605544567104,-5.550358626336762,-5.008019232749939
5679,do,0.05,0.0,34,3.338626283407212,-4.762646079785896,-4.98871693611145
5680,pp,0.05,0.0,23,2.1291837286949162,-4.645997113892526,-4.288583183288575
5681,do,0.05,0.0,37,2.1825680971145642,-7.368513084180427,-7.2347090827094185
5682,pp,0.05,0.0,11,1.7237799131870268,-5.039504081552679,-3.9823742787043255
5683,do,0.05,0.0,10,0.9877731549739837,-5.02798716805198,-5.36031206978692
5684,pp,0.05,0.0,11,0.7960144162178038,-4.998670371373494,-4.432178975476159
5685,do,0.05,0.0,41,4.039884583950042,-5.747148431431164,-4.904538350635105
5686,pp,0.05,0.0,23,2.320689177513122,-5.06898777701638,-4.396585991647508
5687,do,0.05,0.0,22,2.2290891051292423,-5.804033749031298,-5.480276393890381
5688,pp,0.05,0.0,19,2.6714473068714133,-4.629266618959831,-4.293018500010173
5689,do,0.05,0.0,17,2.551020790338516,-4.761574784192172,-5.257382859124077
5690,pp,0.05,0.0,22,2.3048841869831085,-4.9116323962356105,-4.364724413553874
5691,do,0.05,0.0,26,2.96008330821991,-4.684010287487146,-4.49602739016215
5692,pp,0.05,0.0,42,4.305246922969819,-4.484739023266417,-4.218675633271535
5693,do,0.05,0.0,47,2.2260017573833464,-5.770115664511016,-4.990793063905504
5694,pp,0.05,0.0,70,2.557977780103684,-5.297821972586892,-5.019508295589024
5695,do,0.05,0.0,37,1.7796213579177858,-5.645874323989406,-4.975090972582499
5696,pp,0.05,0.0,27,2.7275454509258266,-4.114424547282132,-4.021168163087633
5697,do,0.05,0.0,22,1.9196108317375185,-5.649972943103674,-5.408077669143677
5698,pp,0.05,0.0,60,1.414844346046447,-7.185413710276285,-6.1938623322380915
5699,do,0.05,0.0,12,1.8533075618743897,-5.158256376150883,-4.903515815734863
5700,pp,0.05,0.0,17,2.313997609615326,-4.663008669650916,-4.134679041968452
5701,do,0.05,0.0,64,2.372979469299316,-6.230244013757416,-6.542602067523532
5702,pp,0.05,0.0,22,2.0377062284946446,-4.681148679328687,-4.452695767084758
5703,do,0.05,0.0,47,1.2413629102706905,-6.817967001597086,-6.9236008432176375
5704,pp,0.05,0.0,47,3.045752465724945,-4.8659282727675,-4.852209862073263
5705,do,0.05,0.0,59,1.8441295623779306,-5.633682844855569,-6.173936316702101
5706,pp,0.05,0.0,46,2.296428261995315,-5.3224967205163205,-5.262988156742519
5707,do,0.05,0.0,49,0.3040933310985565,-8.088935826041482,-7.559784158070882
5708,pp,0.05,0.0,62,1.8623073279857643,-6.410914036721894,-5.899120264583164
5709,do,0.05,0.0,20,1.3959147799015046,-5.323865055315422,-4.984489957491557
5710,pp,0.05,0.0,70,2.6463909637928005,-7.156403378284339,-6.511409446928236
5711,do,0.05,0.0,21,0.8802459454536438,-6.63230286656004,-5.853871358765496
5712,pp,0.05,0.0,31,1.7033080065250408,-7.046318610509236,-6.057476992077298
5713,do,0.05,0.0,14,1.584755983352661,-5.348067196932706,-4.847376153204176
5714,pp,0.05,0.0,32,1.766250103712082,-4.601888280926329,-4.631739579306709
5715,do,0.05,0.0,10,0.09990698099136353,-6.219438278313839,-5.253015123473274
5716,pp,0.05,0.0,51,2.1379971480369555,-6.024128600322839,-6.13156992594401
5717,do,0.05,0.0,44,1.5753089940547937,-6.581506443023682,-6.000771755642361
5718,pp,0.05,0.0,20,1.0737953257560724,-4.935398795387962,-4.191307894388834
5719,do,0.05,0.0,29,3.5170675075054163,-6.113920207457109,-5.848502000172933
5720,pp,0.05,0.0,17,2.573317562341689,-4.936826392376061,-4.557407911618551
5721,do,0.05,0.0,20,0.6157455730438226,-6.950645742994366,-5.821452715661791
5722,pp,0.05,0.0,31,2.9875495612621306,-3.9590888052275686,-3.8643190768029956
5723,do,0.05,0.0,14,2.132862470149994,-4.862772607803345,-4.318172290590074
5724,pp,0.05,0.0,30,2.939142082929611,-4.949227236256455,-5.01338435543908
5725,do,0.05,0.0,18,1.609352475404739,-6.465569697004376,-6.021860440572103
5726,pp,0.05,0.0,70,2.6961547875404355,-5.81456686222192,-5.41050336625841
5727,do,0.05,0.0,50,2.1199808883667,-6.8270601417079115,-6.428358811802334
5728,pp,0.05,0.0,56,2.5576388084888455,-5.800321940219764,-5.367877973450555
5729,do,0.05,0.0,4,1.3791852402687068,-4.275186574820316,-4.140991112920973
5730,pp,0.05,0.0,33,2.812293694019318,-4.358772300951409,-4.5910852432250975
5731,do,0.05,0.0,61,1.748573592901229,-6.272930455930306,-5.778116133477953
5732,pp,0.05,0.0,70,3.1005514657497404,-4.472853501637776,-4.278160797225104
5733,do,0.05,0.0,8,-0.0038446235656737215,-5.604094128175215,-5.5939080211851335
5734,pp,0.05,0.0,17,1.6962517750263215,-4.657886661182751,-4.227660502327813
5735,do,0.05,0.0,12,1.6058140909671783,-5.8857291236068265,-5.297684913211398
5736,pp,0.05,0.0,16,0.6756960070133209,-5.2458603353211375,-4.943516580263774
5737,do,0.05,0.0,7,0.5873485064506534,-5.532138662627249,-4.962792378001743
5738,pp,0.05,0.0,37,2.628117905855179,-4.449531519051754,-4.251998273531596
5739,do,0.05,0.0,58,3.2964604175090786,-6.790100945848407,-6.340729048517015
5740,pp,0.05,0.0,13,1.9104010128974913,-4.874808990594112,-4.576293269793193
5741,do,0.05,0.0,23,1.7133724379539492,-6.27048591411475,-5.911558882395426
5742,pp,0.05,0.0,31,2.588640961647034,-4.30678788242918,-4.280915200710297
5743,do,0.05,0.0,6,0.5848942625522611,-4.834781444433964,-4.276003588570489
5744,pp,0.05,0.0,62,2.7908053946495057,-4.93491068464337,-4.863121194309659
5745,do,0.05,0.0,38,2.2846387648582454,-6.022751415137089,-5.821229598257276
5746,pp,0.05,0.0,13,2.190692403316498,-4.270472612525477,-4.188179222742717
5747,do,0.05,0.0,61,0.3700953030586245,-7.376579106937755,-7.232783431477017
5748,pp,0.05,0.0,70,4.20057494521141,-4.684321357264663,-4.511818043390909
5749,do,0.05,0.0,70,0.27941516757011353,-7.0227836695584385,-6.292558879322476
5750,pp,0.05,0.0,23,1.3930938816070553,-4.839016489549117,-4.580621351136101
5751,do,0.05,0.0,6,1.3996670591831206,-4.1330650228442565,-4.092062295807732
5752,pp,0.05,0.0,70,3.776361222267151,-4.637411876158281,-4.603705130683052
5753,do,0.05,0.0,66,4.135656735897063,-10.485531070015647,-9.396829080581664
5754,pp,0.05,0.0,23,2.700321354866028,-4.8959101359049475,-4.787912119759453
5755,do,0.05,0.0,4,0.2878979957103729,-4.677229205044833,-4.667590954568651
5756,pp,0.05,0.0,41,3.24646135210991,-4.63837258310029,-4.310735917091369
5757,do,0.05,0.0,7,0.04487238645553582,-5.728906793305368,-5.595410966873169
5758,pp,0.05,0.0,16,1.259384597539901,-6.190492157502608,-4.89753225909339
5759,do,0.05,0.0,8,1.1616668772697443,-5.582764926101222,-5.096780265702142
5760,pp,0.05,0.0,56,2.2745198667049404,-7.259854403409091,-6.870394113328722
5761,do,0.05,0.0,18,2.8817634284496307,-4.878423791943175,-4.742543665568034
5762,pp,0.05,0.0,70,2.6397925794124593,-5.383799652619795,-4.929328227043152
5763,do,0.05,0.0,70,1.5752705502510063,-8.073560610684481,-7.513302765952217
5764,pp,0.05,0.0,65,2.1491342782974243,-5.46546918406631,-5.093685287899441
5765,do,0.05,0.0,14,2.5822087419033046,-4.738023966008966,-5.446623918745253
5766,pp,0.05,0.0,49,3.7984026038646705,-4.746585424018629,-4.634207667244805
5767,do,0.05,0.0,70,0.9264922797679898,-6.335471865625093,-5.773456674151951
5768,pp,0.05,0.0,29,2.260078282356263,-5.698103683645075,-5.095110297203064
5769,do,0.05,0.0,61,1.3757844352722177,-8.153170903523764,-7.77618736161126
5770,pp,0.05,0.0,70,2.684087277650832,-9.145319198839593,-8.102054320441352
5771,do,0.05,0.0,8,0.5624444925785061,-5.170604503515995,-4.661775742636786
5772,pp,0.05,0.0,30,2.160021154880523,-4.820141472960963,-4.609735110070971
5773,do,0.05,0.0,8,1.6558639848232266,-4.441656930518873,-4.318389124340481
5774,pp,0.05,0.0,70,2.54401099562645,-5.640675027442701,-5.770059114032321
5775,do,0.05,0.0,35,3.0517040026187896,-5.5345227891748605,-4.982727222972446
5776,pp,0.05,0.0,43,3.56389378786087,-4.3077490474238544,-4.497610126601325
5777,do,0.05,0.0,4,0.7755626380443568,-4.884690356977059,-4.930814629130893
5778,pp,0.05,0.0,44,2.479935307502747,-5.820429787491307,-5.469104030397204
5779,do,0.05,0.0,53,2.3696763253211977,-6.412315082550049,-5.989638752407497
5780,pp,0.05,0.0,37,2.790354169607162,-4.656097143346613,-4.6811166471905175
5781,do,0.05,0.0,21,2.994638605117797,-4.9154857996738315,-4.3987625201543175
5782,pp,0.05,0.0,70,2.697412238121032,-5.172921656117294,-4.738243611653646
5783,do,0.05,0.0,70,2.9766245353221894,-5.788049241268274,-4.9622072007921005
5784,pp,0.05,0.0,52,1.7292384707927697,-5.497429961869211,-6.026283640331692
5785,do,0.05,0.0,16,2.306683075428009,-5.273982058149396,-5.137278872066074
5786,pp,0.05,0.0,19,2.5432503545284275,-4.553707377115885,-4.473570572005378
5787,do,0.05,0.0,7,0.9882688236236579,-4.979846591660471,-4.799987040625679
5788,pp,0.05,0.0,45,3.6385552811622626,-4.228837785576329,-4.356839542918735
5789,do,0.05,0.0,11,2.1102406764030457,-4.812094162449692,-5.127267021603054
5790,pp,0.05,0.0,33,3.336782830953598,-4.443750963789044,-4.36117996374766
5791,do,0.05,0.0,45,3.2850476610660557,-6.548335754510128,-6.246503421995375
5792,pp,0.05,0.0,45,3.244206649065017,-4.717848600040782,-4.681363651487563
5793,do,0.05,0.0,6,0.8346751391887661,-4.6489738117564805,-4.4475836753845215
5794,pp,0.05,0.0,27,1.87423735499382,-5.472211674487952,-4.556410423914591
5795,do,0.05,0.0,9,1.2246620392799379,-5.116058397293091,-5.136498080359565
5796,pp,0.05,0.0,30,1.0559285271167749,-6.685224455053156,-6.182531695895725
5797,do,0.05,0.0,12,0.7935402083396914,-5.286983682170058,-4.957902691099378
5798,pp,0.05,0.0,12,1.2182550632953637,-4.4560063781160295,-4.094111455811395
5799,do,0.05,0.0,42,1.3707124352455136,-6.586932624470104,-7.176398086547851
5800,pp,0.05,0.0,28,1.891210557222367,-5.022365230502504,-4.962552536858452
5801,do,0.05,0.0,39,2.001766946315766,-7.014279167579882,-6.3757030407587685
5802,pp,0.05,0.0,70,2.283128416538239,-5.33206273281213,-5.09004758728875
5803,do,0.05,0.0,18,1.4904155814647675,-4.948124941912565,-5.14148195054796
5804,pp,0.05,0.0,64,1.8996734893321996,-6.383377666184397,-6.043371658855015
5805,do,0.05,0.0,18,0.8962960624694825,-6.267459571722782,-6.189913084771898
5806,pp,0.05,0.0,43,2.7031967020034795,-4.597511492353497,-4.5537704891628685
5807,do,0.05,0.0,8,0.9659644162654875,-4.824172323400324,-4.68749803437127
5808,pp,0.05,0.0,59,3.946305426359177,-5.448337130113082,-5.224680195914375
5809,do,0.05,0.0,25,1.4990661442279816,-6.617006251306245,-5.789904883172777
5810,pp,0.05,0.0,70,2.9820948243141174,-7.12665163675944,-7.181165721681383
5811,do,0.05,0.0,51,0.9548427796363823,-7.913622409647162,-7.364661259121365
5812,pp,0.05,0.0,69,1.688114422559737,-5.643941348971743,-5.502607668770684
5813,do,0.05,0.0,50,3.214853509664536,-5.046537400736954,-5.115329474873013
5814,pp,0.05,0.0,70,2.547599565982819,-4.9777321251955895,-4.602501779132419
5815,do,0.05,0.0,8,1.564483813047409,-4.460598916718454,-4.238021016120911
5816,pp,0.05,0.0,45,1.771788911819458,-6.398831935362383,-5.66159090730879
5817,do,0.05,0.0,39,2.796370469331741,-5.992789947625362,-5.643107295036316
5818,pp,0.05,0.0,26,3.0081309628486625,-4.946174582568082,-4.766685215632121
5819,do,0.05,0.0,20,1.7921569550037377,-6.084663674325654,-5.816912211312188
5820,pp,0.05,0.0,53,3.6927386200428005,-5.374629566163728,-6.000496922598945
5821,do,0.05,0.0,20,2.3916763532161713,-4.6637848420576615,-5.02132576306661
5822,pp,0.05,0.0,45,1.324158592224121,-6.167824331919352,-6.190887342558967
5823,do,0.05,0.0,27,2.5946612250804906,-4.75645160819545,-4.52768448723687
5824,pp,0.05,0.0,22,2.5579975605010983,-4.745668161276615,-4.125649397903018
5825,do,0.05,0.0,57,2.8084166276454914,-5.885619617230964,-5.583396765920851
5826,pp,0.05,0.0,70,2.1429812133312236,-6.3594755331675215,-5.38381859196557
5827,do,0.05,0.0,17,-0.07322032213211038,-5.954247503569632,-5.521999128659567
5828,pp,0.05,0.0,16,0.8588459193706512,-5.140525299130064,-4.672668321927389
5829,do,0.05,0.0,36,0.8729530370235441,-8.979103792074955,-8.167622743712531
5830,pp,0.05,0.0,11,0.8932391119003302,-5.589108831232244,-4.83673014110989
5831,do,0.05,0.0,52,2.6280424451827997,-5.389090595823346,-5.060253127415975
5832,pp,0.05,0.0,53,0.874011718034744,-7.58686403650226,-6.301264958911472
5833,do,0.05,0.0,12,0.32558593273162906,-5.507244131781838,-5.028989060719808
5834,pp,0.05,0.0,69,1.6616166186332704,-6.6887124263879025,-5.703543180889554
5835,do,0.05,0.0,27,1.487654885053634,-7.475283369873509,-7.771250608232286
5836,pp,0.05,0.0,25,0.9695411813259129,-6.216177167314472,-5.2694017463260225
5837,do,0.05,0.0,28,1.7036903345584875,-5.412162958491932,-5.004299518797133
5838,pp,0.05,0.0,27,0.269409344196319,-5.852144472526781,-5.194251736005147
5839,do,0.05,0.0,54,1.8783768534660332,-9.933071674000134,-9.703503131866455
5840,pp,0.05,0.0,32,0.5489597666263588,-7.682773027998028,-7.557452808486091
5841,do,0.05,0.0,26,1.1774333393573766,-5.516224641510934,-5.098618380228678
5842,pp,0.05,0.0,34,1.60982902765274,-4.509587270563299,-3.9246791111098394
5843,do,0.05,0.0,70,0.6961107659339909,-5.862709116213249,-5.405009608798557
5844,pp,0.05,0.0,66,1.7045430505275725,-5.882389305577133,-4.915993883874681
5845,do,0.05,0.0,27,2.449530359506607,-4.451788604620731,-4.246546047263675
5846,pp,0.05,0.0,21,0.5501656949520113,-4.889367893970374,-4.096812591287825
5847,do,0.05,0.0,15,1.027605218887329,-4.269236305265716,-4.068532909287347
5848,pp,0.05,0.0,15,1.9096622693538663,-4.345839707056681,-3.754979028966692
5849,do,0.05,0.0,25,0.8917037940025327,-6.358658248727972,-5.325739484363132
5850,pp,0.05,0.0,70,2.3435409212112432,-6.586671882687193,-5.744507010777792
5851,do,0.05,0.0,70,1.049719661474228,-5.299870561830925,-4.602602627542284
5852,pp,0.05,0.0,5,0.6367583167552944,-4.153118353179007,-3.508377100361718
5853,do,0.05,0.0,70,1.246825753450394,-5.720251814524333,-5.203017653359307
5854,pp,0.05,0.0,29,1.9750040113925937,-5.040994251135624,-4.396678268909454
5855,do,0.05,0.0,28,1.7010398912429805,-4.5828798684206875,-4.239254681269328
5856,pp,0.05,0.0,29,3.350838795900345,-4.984118396585638,-3.9397404114405314
5857,do,0.05,0.0,23,1.7293218791484835,-4.911190988078262,-4.627263553937277
5858,pp,0.05,0.0,9,0.9902318930625915,-4.792385059414488,-4.06831518014272
5859,do,0.05,0.0,39,-0.2693139970302578,-9.419550332156094,-9.720836729473538
5860,pp,0.05,0.0,57,2.7198904466629017,-6.907428897510876,-5.834911399417454
5861,do,0.05,0.0,12,1.4941330802440644,-4.580896598642522,-4.463302887810601
5862,pp,0.05,0.0,27,2.422226700782777,-4.4551039529569225,-3.983499628967709
5863,do,0.05,0.0,59,1.9346098983287812,-4.658035614996246,-4.1373915738529625
5864,pp,0.05,0.0,28,1.5216798365116118,-5.016962775317105,-4.0196584251191885
5865,do,0.05,0.0,9,1.3499853038787846,-4.419835923657272,-4.824058895640903
5866,pp,0.05,0.0,57,1.468503192663194,-8.082604379364938,-8.190609256426493
5867,do,0.05,0.0,18,1.8532759332656852,-4.548818849794793,-4.930083277490404
5868,pp,0.05,0.0,61,1.4488240909576415,-5.883137983264345,-4.8754421154658
5869,do,0.05,0.0,18,1.5828053236007698,-4.200724107568914,-3.9910039729542204
5870,pp,0.05,0.0,20,1.2426161372661584,-5.293473275502523,-3.9586365103721617
5871,do,0.05,0.0,7,1.1001302623748774,-4.564730246139296,-3.876410875055525
5872,pp,0.05,0.0,35,2.1478276896476753,-7.714945137139523,-5.719323195351494
5873,do,0.05,0.0,4,-0.25211202979087854,-4.622413005250873,-4.217144181993272
5874,pp,0.05,0.0,3,-0.4723004889488216,-5.951799043019613,-5.091895567046271
5875,do,0.05,0.0,21,1.3155257904529574,-4.978047628113718,-4.628289492925008
5876,pp,0.05,0.0,30,2.449962997436524,-7.418065172253233,-7.186016172832913
5877,do,0.05,0.0,24,0.9169595897197729,-5.360307264328003,-5.127001240518358
5878,pp,0.05,0.0,12,-0.04999421477317778,-5.125475298274647,-4.420825245645311
5879,do,0.05,0.0,34,3.1198979103565208,-4.8903704094164295,-4.568740471204122
5880,pp,0.05,0.0,33,1.882048946619034,-5.890978560303196,-4.83090533150567
5881,do,0.05,0.0,34,1.992210340499879,-5.143497186718565,-5.018504386478
5882,pp,0.05,0.0,8,0.5659792542457582,-4.9430763316876964,-4.33366617096795
5883,do,0.05,0.0,43,3.252232474088669,-5.643655217777599,-4.804592964384291
5884,pp,0.05,0.0,21,3.1757673490047447,-5.21963534933148,-4.260241390599145
5885,do,0.05,0.0,33,2.3449339640140536,-5.352104299718683,-4.764979722764757
5886,pp,0.05,0.0,67,1.957857128381729,-5.399622982198542,-4.50922052330441
5887,do,0.05,0.0,70,0.14018429040908842,-10.780151796340942,-9.675398784213597
5888,pp,0.05,0.0,70,1.8697049915790567,-7.040955711133552,-6.894030351108975
5889,do,0.05,0.0,36,0.8375996458530421,-5.710860194581928,-5.884224229388767
5890,pp,0.05,0.0,43,2.40600833415985,-5.646568942792488,-4.977025212181939
5891,do,0.05,0.0,14,0.43081555843353314,-4.8846930330449885,-4.443646865420871
5892,pp,0.05,0.0,28,0.3750809156894688,-6.438263409065478,-5.807869063483344
5893,do,0.05,0.0,4,0.22707054376602187,-4.77578280766805,-4.477577943272061
5894,pp,0.05,0.0,25,1.0733414030075066,-6.587152879888361,-5.79043156835768
5895,do,0.05,0.0,3,0.31410771727561926,-4.293335862593217,-3.880661794874403
5896,pp,0.05,0.0,6,-0.062472709417343175,-5.712481594085693,-5.218287229537964
5897,do,0.05,0.0,15,1.138272070884705,-5.5676418521187525,-4.8437805626127455
5898,pp,0.05,0.0,39,1.777112299203873,-5.0079209703387635,-4.270735425419278
5899,do,0.05,0.0,22,1.051856341361999,-5.76003869230097,-4.9871590773264565
5900,pp,0.05,0.0,28,2.4359984982013696,-6.175837311600194,-5.4368738624784685
5901,do,0.05,0.0,17,1.0794740343093867,-5.547669731486927,-5.16511529551612
5902,pp,0.05,0.0,22,1.3163772714138027,-5.7453195759744355,-5.537547138002184
5903,do,0.05,0.0,22,2.169364776611328,-4.948033204945651,-4.640623834398058
5904,pp,0.05,0.0,34,2.1321180319786066,-5.634187587102255,-4.958315796322292
5905,do,0.05,0.0,31,1.7885416686534885,-6.176423970135775,-5.096466355853611
5906,pp,0.05,0.0,40,1.1626277947425843,-5.829762720339226,-5.1815290451049805
5907,do,0.05,0.0,59,1.7182758724689489,-4.942595260793513,-4.9850060860315955
5908,pp,0.05,0.0,23,2.0893879747390747,-4.74832015471025,-3.9624755409028793
5909,do,0.05,0.0,18,1.154908919334411,-4.9393827929641265,-4.5526617209116615
5910,pp,0.05,0.0,41,2.657785743474961,-6.214664206360325,-5.210033098856608
5911,do,0.05,0.0,13,1.7526081204414368,-4.977298405676177,-4.591084427303738
5912,pp,0.05,0.0,35,2.373805092573165,-4.8373970840916485,-4.096834766864776
5913,do,0.05,0.0,18,1.6831835830211634,-6.426037681463993,-6.167000892427232
5914,pp,0.05,0.0,15,0.38513995528221123,-5.947176920283924,-5.318229977289835
5915,do,0.05,0.0,36,0.9230636513233188,-7.332756870443171,-7.062421584129334
5916,pp,0.05,0.0,33,1.5715027737617504,-6.101158819776593,-5.16175823741489
5917,do,0.05,0.0,12,1.2485990273952483,-4.775073164159601,-4.934454327159457
5918,pp,0.05,0.0,28,1.241651558876038,-5.662172717759104,-4.7941872782177395
5919,do,0.05,0.0,8,0.7867152857780457,-4.901224899291992,-4.533712066544426
5920,pp,0.05,0.0,50,1.3320719945430755,-6.391318153612541,-5.482161450386047
5921,do,0.05,0.0,70,0.5491274297237396,-7.7464433482199,-6.86432466506958
5922,pp,0.05,0.0,24,1.5773346698284145,-6.078542858181578,-5.061553446451823
5923,do,0.05,0.0,19,0.6388854396343238,-7.17129822066336,-6.3666705846786495
5924,pp,0.05,0.0,17,1.4973890614509582,-6.1991926829020185,-4.398419976234436
5925,do,0.05,0.0,11,0.53393479347229,-6.181789648171627,-5.482535844379001
5926,pp,0.05,0.0,40,1.2638021373748778,-6.159510460766879,-5.551276522212558
5927,do,0.05,0.0,39,0.5872657191753392,-6.4106527241793545,-5.511725261476305
5928,pp,0.05,0.0,11,0.5819754660129544,-5.451141620404792,-4.652916084395515
5929,do,0.05,0.0,5,0.36502860069274945,-5.4005706252473775,-4.820748951699999
5930,pp,0.05,0.0,32,1.135302360057831,-6.174384887290723,-5.426464250352647
5931,do,0.05,0.0,70,-0.11579693794250545,-8.069190639438052,-7.271686771180895
5932,pp,0.05,0.0,6,-0.1107716906070717,-5.038680271668867,-4.057067267100016
5933,do,0.05,0.0,4,-0.20088108420371942,-5.3936266624566285,-4.609942536883884
5934,pp,0.05,0.0,21,0.565671701431274,-6.248510021151918,-5.1724649243884615
5935,do,0.05,0.0,7,0.5199809849262236,-4.830367000175245,-4.422548129823473
5936,pp,0.05,0.0,68,1.9773820805549622,-7.669517154404612,-6.735021130243937
5937,do,0.05,0.0,19,2.064929922819138,-5.436068107142593,-4.702448603841994
5938,pp,0.05,0.0,22,2.146054676771164,-4.924433060848352,-3.9111040552457172
5939,do,0.05,0.0,70,2.0362013864517206,-6.416417092987985,-5.594295334815979
5940,pp,0.05,0.0,13,1.462242950201035,-5.27421552918174,-4.5700423267152575
5941,do,0.05,0.0,70,2.2582052421569827,-6.596074472774159,-5.863611642519633
5942,pp,0.05,0.0,41,2.285482000112533,-6.460022007335316,-5.4642124440934925
5943,do,0.05,0.0,70,0.2135144102573392,-7.507744992863048,-6.502410017119514
5944,pp,0.05,0.0,70,1.8265771412849432,-6.591926781336467,-5.504930702845256
5945,do,0.05,0.0,70,2.8367242264747627,-6.820640037999008,-5.554975936147902
5946,pp,0.05,0.0,14,0.7580352091789244,-4.351367183165117,-3.7314321557680765
5947,do,0.05,0.0,37,2.527690325975419,-5.755989294341116,-5.685261805852254
5948,pp,0.05,0.0,70,2.723508797883987,-7.208378501371904,-6.366391740904914
5949,do,0.05,0.0,42,1.3443206155300143,-4.522053637649074,-3.9643539759847854
5950,pp,0.05,0.0,70,0.739289997816087,-6.528108502879287,-5.462953082720438
5951,do,0.05,0.0,70,2.904324543476105,-6.333592468319517,-5.447318111525641
5952,pp,0.05,0.0,23,2.3864091801643372,-4.791998955697724,-4.4121676709916855
5953,do,0.05,0.0,55,1.0635149109363553,-8.06008962284435,-6.970695961846245
5954,pp,0.05,0.0,13,1.673360282182693,-6.133319172714696,-4.779482441478305
5955,do,0.05,0.0,26,0.9788094782829289,-6.417284640398893,-5.535388419363234
5956,pp,0.05,0.0,67,2.073447275161744,-6.1230596657955285,-5.533823826577929
5957,do,0.05,0.0,70,1.875628032684327,-8.250946553548177,-6.115767237875197
5958,pp,0.05,0.0,24,1.8484392011165616,-5.79168789025509,-4.509585483868917
5959,do,0.05,0.0,55,2.4920113015174863,-7.910496575904615,-6.810371462504069
5960,pp,0.05,0.0,24,1.7647679364681244,-5.300924351721099,-4.395393501387702
5961,do,0.05,0.0,27,2.433815722465515,-5.933776710972642,-5.380992147657606
5962,pp,0.05,0.0,14,2.1274667870998387,-5.471727705001831,-4.963172957632277
5963,do,0.05,0.0,27,1.8852568387985231,-6.948183464281486,-5.982084523306953
5964,pp,0.05,0.0,70,1.5849489057064066,-7.153583655212865,-5.667946677737766
5965,do,0.05,0.0,9,0.8026245212554937,-5.733388159491799,-5.013484091228909
5966,pp,0.05,0.0,63,2.4746220481395707,-9.321774052128648,-9.36669660674201
5967,do,0.05,0.0,25,1.8885499989986414,-6.738348553397438,-6.117533244027031
5968,pp,0.05,0.0,24,1.2609218561649325,-5.143883215297352,-4.327806629074944
5969,do,0.05,0.0,9,1.0020368945598594,-4.946458858432192,-4.398413655492995
5970,pp,0.05,0.0,30,2.0496930825710296,-5.418229240359682,-4.293869839774238
5971,do,0.05,0.0,14,1.0956728518009191,-6.337064994465221,-5.490882341066996
5972,pp,0.05,0.0,64,2.8637061107158654,-6.391470245881514,-5.462057807710436
5973,do,0.05,0.0,20,0.6144054806232448,-5.635707855224609,-4.9766462379031715
5974,pp,0.05,0.0,46,1.7357895481586452,-4.692702270276619,-4.029812547895643
5975,do,0.05,0.0,16,0.8275086593627927,-5.5898068225744995,-4.8490454196929935
5976,pp,0.05,0.0,20,1.4371539473533632,-5.3054520159056695,-4.5415058612823485
5977,do,0.05,0.0,37,1.2421772515773775,-7.403181012471517,-6.934700510236952
5978,pp,0.05,0.0,62,1.9465520346164693,-6.188833479447799,-5.135170443852743
5979,do,0.05,0.0,70,0.8194659602642052,-6.60112604227933,-5.94860004319085
5980,pp,0.05,0.0,64,2.9323117434978485,-7.609756969683098,-7.086075716548496
5981,do,0.05,0.0,25,0.2959350931644442,-6.055548956899932,-5.512771105766296
5982,pp,0.05,0.0,70,-1.0488177466392514,-9.582249183365793,-10.080332483185662
5983,do,0.05,0.0,5,0.5446535682678224,-5.03569702090639,-4.629467593299018
5984,pp,0.05,0.0,30,2.4530513000488288,-5.196789186651056,-4.3427475505405
5985,do,0.05,0.0,5,0.29820021390914864,-4.7888450463612875,-4.318563132815891
5986,pp,0.05,0.0,18,0.9689265000820155,-5.021178988254431,-4.467733640140957
5987,do,0.05,0.0,32,1.9640585088729852,-5.6324721856550735,-4.89325315952301
5988,pp,0.05,0.0,31,2.2154222404956814,-5.920261455304695,-4.889167756504483
5989,do,0.05,0.0,70,0.07999981284141633,-9.379038461049397,-7.592182519700792
5990,pp,0.05,0.0,25,1.9955935835838314,-4.976310322501442,-4.26315913995107
5991,do,0.05,0.0,70,1.1835187733173367,-7.108517922777118,-6.298648805088467
5992,pp,0.05,0.0,30,1.5256475698947902,-6.012507701642585,-5.5175742944081625
5993,do,0.05,0.0,46,2.110509486198426,-7.833221155224424,-7.037437004513211
5994,pp,0.05,0.0,26,3.2911566567420953,-5.435398692795725,-4.858670601579878
5995,do,0.05,0.0,58,1.545717861652375,-7.158175591266517,-6.517585648430718
5996,pp,0.05,0.0,57,3.2413351202011107,-7.033884455940941,-6.026300636927287
5997,do,0.05,0.0,59,1.4335009896755224,-7.296730891141024,-6.428047047721015
5998,pp,0.05,0.0,70,3.040771255493164,-6.497228683124889,-5.616964446173774
5999,do,0.05,0.0,70,0.6345362949371331,-8.450189445957992,-7.351416556040446
6000,pp,0.05,0.0,70,1.0256154978275287,-7.735337563717004,-6.957021827167935
6001,do,0.05,0.0,15,0.932590194940567,-5.981095025033662,-5.355807701746623
6002,pp,0.05,0.0,29,2.492952098846435,-5.754026849342115,-4.859144348568386
6003,do,0.05,0.0,67,2.0912343370914455,-6.160220693819451,-5.584762056668599
6004,pp,0.05,0.0,63,2.7342469048500053,-6.1188441319899125,-5.249726576275296
6005,do,0.05,0.0,20,1.2256855952739718,-5.45058294209567,-5.101352773772346
6006,pp,0.05,0.0,43,0.9802178668975836,-5.615096310413245,-5.364167041248745
6007,do,0.05,0.0,27,0.199839897155762,-7.847269678115845,-7.520557146602207
6008,pp,0.05,0.0,14,1.1238594055175781,-4.850647331006599,-4.1042523516549005
6009,do,0.05,0.0,20,1.0117931544780738,-5.860403456832423,-5.17550532552931
6010,pp,0.05,0.0,16,1.1988507640361785,-4.744148456689083,-4.309036848280165
6011,do,0.05,0.0,19,0.5195013022422792,-6.4721799691518145,-5.689823145336575
6012,pp,0.05,0.0,19,1.2124984073638911,-5.536081329981486,-4.257252499792311
6013,do,0.05,0.0,10,0.28048967361450217,-6.043682258779352,-6.059191155433655
6014,pp,0.05,0.0,49,2.7990578770637518,-5.601407899278583,-5.041825559404161
6015,do,0.05,0.0,25,1.0511126220226288,-6.338248827963165,-5.624917022387186
6016,pp,0.05,0.0,18,1.649665477275848,-4.678395661440763,-3.6896524720721775
6017,do,0.05,0.0,25,0.9845611810684209,-5.783505451317989,-5.229523213704427
6018,pp,0.05,0.0,24,1.2005982828140258,-5.7816190026023175,-5.648270159297519
6019,do,0.05,0.0,30,1.2483828806877133,-5.448997646389586,-4.9869684192869395
6020,pp,0.05,0.0,41,2.75012596487999,-4.952511469523112,-4.982604686419169
6021,do,0.05,0.0,25,2.9968309450149544,-7.3986579577128095,-6.726727787653605
6022,pp,0.05,0.0,51,2.189593108892441,-6.43528822407578,-7.066359803411696
6023,do,0.05,0.0,2,-0.1643791997432711,-5.037451132861051,-4.52836090458764
6024,pp,0.05,0.0,39,2.137857183218003,-5.466665734666766,-5.373735438452827
6025,do,0.05,0.0,32,0.8534028542041776,-6.096305101568048,-5.499505019187927
6026,pp,0.05,0.0,70,1.554395395517349,-5.93721523140416,-5.65127993689643
6027,do,0.05,0.0,8,0.6123672103881832,-4.9543275919827545,-4.585278958744473
6028,pp,0.05,0.0,41,1.9448763906955726,-7.262556073159883,-7.247438012229072
6029,do,0.05,0.0,34,1.2271836447715767,-7.744144431027499,-6.636253052287632
6030,pp,0.05,0.0,69,2.0238416934013364,-6.610212034167666,-6.191803447405497
6031,do,0.05,0.0,10,0.5804706752300266,-4.730557948892767,-4.393457542525398
6032,pp,0.05,0.0,70,1.2613044059276586,-6.409552357413552,-5.945413806703356
6033,do,0.05,0.0,3,-1.193767971992493,-5.707059509103948,-5.053231559859382
6034,pp,0.05,0.0,15,1.6747572088241576,-4.474717803434892,-4.089420766300625
6035,do,0.05,0.0,41,-0.250216059684754,-6.748898929538149,-6.095566439628601
6036,pp,0.05,0.0,48,2.2755782282352444,-5.318648294969038,-5.03060229089525
6037,do,0.05,0.0,70,0.6312488448619842,-5.985837326627789,-5.721145762337579
6038,pp,0.05,0.0,9,1.1412753820419308,-4.9424768780217025,-4.376650945345561
6039,do,0.05,0.0,70,0.9656501281261445,-6.2500246813803,-5.756069559521145
6040,pp,0.05,0.0,66,0.48657401204109263,-7.127600645296502,-6.48569970925649
6041,do,0.05,0.0,42,0.4308258318901057,-6.056953560222279,-5.603373442755805
6042,pp,0.05,0.0,26,2.4286918997764584,-4.525173808589126,-4.5726371235317655
6043,do,0.05,0.0,70,0.2646161878108977,-8.760012394009214,-7.735084056854248
6044,pp,0.05,0.0,25,2.606969025135041,-5.069079253167817,-4.778743245866564
6045,do,0.05,0.0,24,0.16910236477851903,-5.953480740749475,-5.61147141986423
6046,pp,0.05,0.0,43,1.7861506235599514,-6.233250227841464,-6.062448136011759
6047,do,0.05,0.0,70,0.5216314423084265,-7.21966633941188,-6.6143766350216335
6048,pp,0.05,0.0,39,3.0787276804447172,-5.42202623685201,-4.814718630578783
6049,do,0.05,0.0,70,0.51251774430275,-9.632387710340096,-8.704560089111329
6050,pp,0.05,0.0,60,2.2530440545082087,-6.017530977364743,-4.835354990429348
6051,do,0.05,0.0,4,0.35962648510932915,-5.661234098492247,-4.974922347068786
6052,pp,0.05,0.0,31,2.9162280988693245,-5.6839019255204635,-4.986904716491699
6053,do,0.05,0.0,22,1.5429677522182468,-5.430098998907841,-4.988191228442722
6054,pp,0.05,0.0,61,2.6594454455375676,-6.931821844794533,-6.8744434489144215
6055,do,0.05,0.0,17,0.724851689338684,-5.398107907266327,-5.285765512784322
6056,pp,0.05,0.0,17,1.8962309622764595,-6.450820651198878,-5.760437138875326
6057,do,0.05,0.0,37,1.2700839352607725,-7.358019640951445,-6.8685697899924385
6058,pp,0.05,0.0,66,2.7694158029556277,-6.965714687289614,-6.707201517952813
6059,do,0.05,0.0,20,1.2214576637744905,-6.261466261834809,-5.996619354354011
6060,pp,0.05,0.0,26,1.3781955754756918,-6.036066592823375,-5.279254741138882
6061,do,0.05,0.0,17,1.8128623771667485,-5.129249727364742,-4.476610565185547
6062,pp,0.05,0.0,45,1.0902181696891784,-6.983065577709314,-6.624632610215081
6063,do,0.05,0.0,21,0.9811584281921384,-6.960386305144339,-5.993635800149706
6064,pp,0.05,0.0,19,1.8446534919738768,-5.22266121488629,-4.817522531085544
6065,do,0.05,0.0,31,1.4348125255107886,-6.611319296287768,-6.166766044828627
6066,pp,0.05,0.0,19,2.5697551059722903,-4.9537926457145,-4.382307990392049
6067,do,0.05,0.0,59,0.841435045003891,-6.425828146212028,-5.779011379347907
6068,pp,0.05,0.0,33,2.842736883163453,-5.092840203371915,-4.636787197324964
6069,do,0.05,0.0,2,0.05902378916740414,-4.958287315657644,-4.542176779111227
6070,pp,0.05,0.0,57,1.3705021500587469,-7.179215796788534,-6.170920973353915
6071,do,0.05,0.0,16,0.4651982307434075,-6.495594653216275,-6.207520381609599
6072,pp,0.05,0.0,70,1.7991217470169065,-8.785422654585405,-7.041853976249695
6073,do,0.05,0.0,19,1.2910968756675718,-5.370266362392541,-4.976212843259176
6074,pp,0.05,0.0,34,3.387116293907165,-4.850099537589333,-4.327309889263577
6075,do,0.05,0.0,33,0.4753368270397189,-6.9041327707695235,-6.480412488513522
6076,pp,0.05,0.0,29,2.5627036345005028,-6.121963022694443,-5.52089114189148
6077,do,0.05,0.0,3,-0.0941211783885949,-4.7401739178281845,-4.292599161465962
6078,pp,0.05,0.0,26,1.682586117982865,-5.747907259970001,-4.6597799115710785
6079,do,0.05,0.0,70,0.5767918741703033,-6.75206402720827,-5.774476340081956
6080,pp,0.05,0.0,70,3.592154361009597,-5.5933010057969526,-5.263773020108541
6081,do,0.05,0.0,42,0.11009760260582002,-7.08904210581924,-6.735775348875258
6082,pp,0.05,0.0,3,0.4295078802108758,-4.567974681565256,-4.027146763271755
6083,do,0.05,0.0,9,0.13625184178352345,-6.071202889355746,-5.615142454041375
6084,pp,0.05,0.0,26,2.2430580329895022,-5.597157815008453,-5.2498569567998254
6085,do,0.05,0.0,2,-0.016838985681533636,-5.580168979818171,-5.150018196635776
6086,pp,0.05,0.0,19,0.8578929150104528,-5.944252986618967,-5.067882548438178
6087,do,0.05,0.0,37,0.6967948353290554,-7.633761353926225,-6.868235002623664
6088,pp,0.05,0.0,33,1.1857149291038507,-7.7015437270655775,-7.130903108914693
6089,do,0.05,0.0,10,0.5891350114345553,-5.465553139195298,-5.136386863390604
6090,pp,0.05,0.0,30,3.48859668135643,-5.371414161450935,-5.112679595417447
6091,do,0.05,0.0,29,1.0788065648078922,-6.519188499450683,-5.762686864535014
6092,pp,0.05,0.0,42,2.7435592365264894,-5.492245091813984,-4.907060511906942
6093,do,0.05,0.0,70,-0.7603694212436665,-7.347382964509906,-6.849096573723687
6094,pp,0.05,0.0,31,1.6738811695575713,-6.097312034260143,-5.164101118511624
6095,do,0.05,0.0,9,-1.4256819379329677,-7.572909832000732,-6.833307202657064
6096,pp,0.05,0.0,55,2.826633042097092,-6.46854321306402,-5.942349741193984
6097,do,0.05,0.0,70,-0.041084959506989094,-8.911102081067634,-8.107278405295478
6098,pp,0.05,0.0,38,2.517594364881516,-5.056431686516964,-4.370836808946398
6099,do,0.05,0.0,13,0.22183427214622498,-6.348973576227824,-5.64948213895162
6100,pp,0.05,0.0,50,3.350465633869171,-6.7988007588820025,-5.9595068587197195
6101,do,0.05,0.0,10,0.04823376178741423,-6.293294389320143,-5.460152037938436
6102,pp,0.05,0.0,22,2.2872709059715275,-4.840710499792388,-4.3262813250223795
6103,do,0.05,0.0,3,0.07779715895652739,-4.883317324609467,-4.456078272395664
6104,pp,0.05,0.0,34,2.1644599640369417,-6.631890192898837,-5.761614542537266
6105,do,0.05,0.0,13,0.21629795312881495,-5.648891070394805,-5.170478728082445
6106,pp,0.05,0.0,18,0.7350239515304562,-5.3285224770054676,-4.319656997256809
6107,do,0.05,0.0,39,0.9296422171592713,-6.88986447652181,-5.980492409070333
6108,pp,0.05,0.0,30,1.996506857872009,-5.186232230157563,-4.459251470035976
6109,do,0.05,0.0,5,-0.7419215190410613,-6.050238622318615,-5.368681671884325
6110,pp,0.05,0.0,26,2.3667205238342293,-4.887842071417606,-4.325342011451721
6111,do,0.05,0.0,18,0.7313847231864932,-6.789156061230284,-6.8059180736541744
6112,pp,0.05,0.0,17,1.7022276961803433,-4.91709896145445,-4.096974976857504
6113,do,0.05,0.0,40,1.8424259781837469,-6.613760283499053,-6.288825951682197
6114,pp,0.05,0.0,48,1.8306317293643941,-6.767198423905806,-5.832285091612074
6115,do,0.05,0.0,12,-0.1903347563743596,-6.531300121365171,-5.614640381601122
6116,pp,0.05,0.0,16,0.6539326012134552,-4.895337237733783,-4.075149530834622
6117,do,0.05,0.0,7,0.884828641414642,-5.4000243316997185,-5.41776508225335
6118,pp,0.05,0.0,13,1.177346621751786,-4.745254743460453,-4.427907927831014
6119,do,0.05,0.0,42,2.117972005605698,-7.234825489737771,-7.047881036334568
6120,pp,0.05,0.0,13,2.3888084876537325,-5.065953604380289,-4.592581706576877
6121,do,0.05,0.0,3,-1.0277900433540346,-5.990750350374164,-5.203356512387594
6122,pp,0.05,0.0,33,2.6546036052703856,-6.299584491325147,-5.510521642367045
6123,do,0.05,0.0,52,2.55083862066269,-6.905872109442046,-6.616379923290676
6124,pp,0.05,0.0,41,1.72115777015686,-6.862393257834695,-6.07614279323154
6125,do,0.05,0.0,14,1.5738075840473167,-5.086420618404041,-5.102364095052083
6126,pp,0.05,0.0,19,2.153755526542664,-5.730938719258164,-5.055781396230062
6127,do,0.05,0.0,4,-0.32301101326942483,-5.342702748558738,-4.810444474220276
6128,pp,0.05,0.0,70,1.5938150691986088,-8.930994802532775,-7.6019513765970865
6129,do,0.05,0.0,10,0.9448407244682313,-5.588034054727265,-4.6194189495510525
6130,pp,0.05,0.0,45,2.056295019388199,-5.729384491660378,-4.576935482025147
6131,do,0.05,0.0,44,1.1593099164962766,-7.297464237791119,-7.575865734948052
6132,pp,0.05,0.0,17,2.165489270687103,-4.569155532663519,-3.910211698214213
6133,do,0.05,0.0,58,0.3349409639835361,-7.272881283904567,-7.036235570907593
6134,pp,0.05,0.0,33,2.332222332954406,-5.719275684067697,-4.563104539447361
6135,do,0.05,0.0,26,2.2804836428165443,-5.8676647605318015,-5.500699824757046
6136,pp,0.05,0.0,70,2.6866547048091896,-5.144380166313865,-4.534754857752058
6137,do,0.05,0.0,58,3.189590685367584,-6.317864196950739,-5.897474635971917
6138,pp,0.05,0.0,22,2.0954469776153557,-4.941452127514464,-4.2425754308700565
6139,do,0.05,0.0,12,1.4546642994880683,-5.476777319474654,-5.289784394370185
6140,pp,0.05,0.0,14,2.342051001787185,-5.0590994574806905,-4.737050668398539
6141,do,0.05,0.0,35,1.861555771827697,-6.194972882126317,-5.47716113196479
6142,pp,0.05,0.0,24,2.779730477333069,-5.5839006091609145,-4.915390247768826
6143,do,0.05,0.0,20,0.8460326409339904,-5.21174272479433,-5.059910278850132
6144,pp,0.05,0.0,22,0.5415844476222995,-5.557353578914295,-4.490982868936327
6145,do,0.05,0.0,55,0.7113109338283534,-7.00856989513744,-6.237785744667053
6146,pp,0.05,0.0,70,3.5879785168170937,-5.879557616782911,-5.2060044156180485
6147,do,0.05,0.0,67,0.8020840573310846,-11.94062038190437,-9.354189591937596
6148,pp,0.05,0.0,6,0.6306529462337496,-4.505586027376579,-4.228390942679511
6149,do,0.05,0.0,17,0.8377337694168094,-5.781230990091959,-5.355615634388394
6150,pp,0.05,0.0,70,1.2255328071117404,-6.590940729777018,-6.657328165902031
6151,do,0.05,0.0,11,-0.6854819500446316,-6.977218974720348,-6.130096981260512
6152,pp,0.05,0.0,18,0.6892942941188815,-5.662823909701723,-4.91265132162306
6153,do,0.05,0.0,54,0.6730585181713105,-7.403714376507383,-6.266995726691352
6154,pp,0.05,0.0,29,2.738264293670654,-4.789875809351603,-4.400768282678392
6155,do,0.05,0.0,55,0.7330381715297696,-6.8062414487202965,-6.26793532371521
6156,pp,0.05,0.0,59,1.0363234043121352,-7.525796621496027,-6.815851052602132
6157,do,0.05,0.0,4,-0.7974994051456452,-6.696614025578354,-5.92361470328437
6158,pp,0.05,0.0,24,1.9576275885105137,-4.349218159733397,-3.907221586174435
6159,do,0.05,0.0,17,0.9338524878025058,-5.630793753537264,-6.0193020025889075
6160,pp,0.05,0.0,28,2.439133265018463,-5.73387728026419,-6.359289450115628
6161,do,0.05,0.0,15,1.0623389101028442,-5.1312043392297,-4.427515202098423
6162,pp,0.05,0.0,69,2.1294325840473176,-5.386772097963275,-4.845898252063328
6163,do,0.05,0.0,60,0.786490705013275,-8.634387675198642,-7.614093875885009
6164,pp,0.05,0.0,70,1.7971941542625416,-6.8554408102324516,-5.81674890783098
6165,do,0.05,0.0,70,0.3834998333454127,-8.288375247608531,-7.7532927778032095
6166,pp,0.05,0.0,50,1.4464445269107822,-6.422384132038463,-5.48307450612386
6167,do,0.05,0.0,70,0.9246745216846453,-9.355228791092381,-7.739568901062012
6168,pp,0.05,0.0,70,0.40398910522460874,-8.278320352958911,-7.231582321061028
6169,do,0.05,0.0,22,0.7308797752857208,-6.296571048100789,-5.216237873501248
6170,pp,0.05,0.0,23,1.9017502403259279,-5.91300056775411,-5.0081535524792145
6171,do,0.05,0.0,49,2.8817471861839294,-6.8670217615185365,-5.681578993797302
6172,pp,0.05,0.0,28,2.22975427031517,-5.32968413179571,-4.513958639568752
6173,do,0.05,0.0,3,-0.44482907533645655,-5.715333502220385,-4.967008278104994
6174,pp,0.05,0.0,70,2.729315751791,-6.792886303410386,-6.032468740145365
6175,do,0.05,0.0,46,1.166806846857071,-7.162447903373025,-6.95702330271403
6176,pp,0.05,0.0,38,2.413489868640899,-5.302966058615482,-4.556745910644532
6177,do,0.05,0.0,55,0.7311824584007258,-9.624250010288122,-8.930622773700291
6178,pp,0.05,0.0,13,0.5456089866161342,-5.789321272300952,-4.858074365721809
6179,do,0.05,0.0,22,0.7498940110206602,-6.504669579592618,-5.760115077760484
6180,pp,0.05,0.0,70,0.3071200644969947,-8.296780453306257,-7.53959285153283
6181,do,0.05,0.0,5,0.34141533493995624,-4.973577626546224,-4.714565012190077
6182,pp,0.05,0.0,2,-0.0014355504512790773,-4.444078693967877,-3.9517513937420317
6183,do,0.05,0.0,48,0.9586856019496928,-7.50003493048928,-6.806898795233833
6184,pp,0.05,0.0,59,0.883633811473846,-9.477934256466952,-7.8689913034439085
6185,do,0.05,0.0,70,0.4109183037281028,-9.66116187355735,-8.734153344896104
6186,pp,0.05,0.0,69,1.0378832912445066,-7.784714005210183,-6.996065256330702
6187,do,0.05,0.0,70,0.9170784902572624,-8.188215931979093,-6.948637851079305
6188,pp,0.05,0.0,3,-0.3941770970821379,-5.122588378732854,-4.497158553865221
6189,do,0.05,0.0,31,0.1005871593952179,-6.805999448082664,-6.244503018591139
6190,pp,0.05,0.0,62,1.1118273079395298,-8.207764255639278,-7.301009074846903
6191,do,0.05,0.0,70,1.423085744380951,-6.726144555120757,-6.1552727725770735
6192,pp,0.05,0.0,55,2.393989337682724,-5.341661837606719,-4.916776945855882
6193,do,0.05,0.0,40,0.46081372857093683,-7.360691780032534,-7.022062757280138
6194,pp,0.05,0.0,14,0.9418107676506038,-4.719555668397383,-4.113547786076864
6195,do,0.05,0.0,33,1.0770116531848908,-5.821903409379901,-5.402413450347053
6196,pp,0.05,0.0,28,1.8184214687347415,-6.932014057853005,-5.522939827707079
6197,do,0.05,0.0,12,0.9875904953479768,-6.204708045901675,-5.659466682540046
6198,pp,0.05,0.0,70,1.1344012999534598,-11.088816509824811,-8.38170935312907
6199,do,0.05,0.0,52,2.2154179990291594,-6.49434645392678,-6.1637480523851185
6200,pp,0.05,0.0,53,2.5995187842845917,-5.081692189881296,-4.759837525420719
6201,do,0.05,0.0,70,-0.5722925376892096,-8.547097758090857,-7.501774915059408
6202,pp,0.05,0.0,70,2.2648560905456527,-9.982712017406117,-7.619986804326375
6203,do,0.05,0.0,18,0.08935374140739505,-6.293073336283366,-5.419754274686178
6204,pp,0.05,0.0,70,-0.004282188415526633,-7.939613144325487,-6.586842438909742
6205,do,0.05,0.0,24,1.4831294691562649,-5.834688572450117,-5.474789343939888
6206,pp,0.05,0.0,53,3.9827524662017826,-4.331561860171232,-3.8746840198834738
6207,do,0.05,0.0,29,1.100075273513795,-7.323499179608894,-6.8916945616404215
6208,pp,0.05,0.0,54,1.420977954864501,-8.76680972070405,-7.106278414196439
6209,do,0.05,0.0,29,0.31371577501296954,-7.180862952723648,-6.407086777687073
6210,pp,0.05,0.0,70,0.5074017310142516,-8.25701221408266,-6.621427030033535
6211,do,0.05,0.0,5,-0.40232774496078516,-5.069868584835168,-4.499198277791341
6212,pp,0.05,0.0,12,1.4566971397399904,-4.5365025159084436,-4.275903640853034
6213,do,0.05,0.0,23,1.5151785802841182,-5.55540334817135,-4.990171885490417
6214,pp,0.05,0.0,65,1.92330960869789,-5.484745693206787,-4.837773185306125
6215,do,0.05,0.0,18,1.4318833124637607,-5.739079264438513,-5.205752078692118
6216,pp,0.05,0.0,21,1.7102371013164515,-5.391138354214755,-4.82967738310496
6217,do,0.05,0.0,62,1.470542544126511,-7.355871466434363,-6.578864314821032
6218,pp,0.05,0.0,21,1.7284178924560551,-5.168036479660959,-4.213581781917148
6219,do,0.05,0.0,67,-0.051922364234924245,-8.416806616927639,-7.870167218314277
6220,pp,0.05,0.0,51,0.7842120492458342,-6.7731917178992065,-6.457016023000081
6221,do,0.05,0.0,5,0.8716811037063605,-4.559707859790686,-3.918442491690318
6222,pp,0.05,0.0,26,2.244062048196793,-6.2923615686821215,-5.3435104476081
6223,do,0.05,0.0,52,1.9188757300376897,-6.729914702791156,-8.296758434507582
6224,pp,0.05,0.0,11,1.0068756461143495,-5.452286672592163,-5.1088257842593725
6225,do,0.05,0.0,23,1.1095739901065826,-5.625189773964159,-4.95958305199941
6226,pp,0.05,0.0,54,2.811934452056885,-5.731422960396969,-5.628234174516466
6227,do,0.05,0.0,17,1.1389804387092584,-4.956938996459499,-4.427491905954149
6228,pp,0.05,0.0,16,1.7326163697242736,-4.920478316509363,-4.237367730670505
6229,do,0.05,0.0,2,-0.8000333225727081,-6.055586603916052,-5.446411445405748
6230,pp,0.05,0.0,27,0.7998673737049105,-5.942576042811075,-5.117291964424981
6231,do,0.05,0.0,11,0.885071600675583,-4.4405566085468635,-4.135829067230224
6232,pp,0.05,0.0,30,2.246509586572648,-8.547882588704427,-7.698298901981778
6233,do,0.05,0.0,14,0.12936853051185615,-6.38550346403411,-5.731779951519436
6234,pp,0.05,0.0,70,2.304721800088883,-7.094225636395541,-6.515217791663276
6235,do,0.05,0.0,26,1.2641356730461117,-5.44622989134355,-5.708866977691651
6236,pp,0.05,0.0,24,2.1780030727386475,-5.571067629438458,-5.012344286176893
6237,do,0.05,0.0,68,0.6467212152481085,-8.862682128675056,-8.008667585584853
6238,pp,0.05,0.0,10,2.1896228563785547,-4.82523184111624,-3.729053412543403
6239,do,0.05,0.0,4,0.1005766737461089,-5.408454775087761,-4.833750915527344
6240,pp,0.05,0.0,11,1.157757946252823,-4.818874071583603,-4.5768641975190905
6241,do,0.05,0.0,12,1.0466339159011842,-6.0490347053065445,-5.261689964930216
6242,pp,0.05,0.0,15,1.1131249535083771,-5.638465457974058,-4.653646485010783
6243,do,0.05,0.0,3,-1.053825194835663,-6.134744904258034,-5.956256744596693
6244,pp,0.05,0.0,17,1.8423437988758096,-4.785080902504198,-4.153725526067945
6245,do,0.05,0.0,32,3.246731514930725,-5.565439292156335,-4.521894509262509
6246,pp,0.05,0.0,12,1.815185261964798,-4.571164136944395,-4.088441811667549
6247,do,0.05,0.0,70,-0.16931116104125898,-8.23580716451009,-7.190812060568068
6248,pp,0.05,0.0,56,1.3211169528961193,-7.9166097843285765,-7.058697684605916
6249,do,0.05,0.0,3,-0.14564335942268425,-5.2496697844881,-4.993995828098721
6250,pp,0.05,0.0,12,1.2958905184268952,-5.243772382447214,-4.464574109183418
6251,do,0.05,0.0,56,0.4377625823020921,-7.568022480877963,-6.782835841178894
6252,pp,0.05,0.0,45,0.8134208607673639,-6.639779119780569,-6.061981659465366
6253,do,0.05,0.0,32,0.6836291241645815,-5.686410993518251,-5.266495071517097
6254,pp,0.05,0.0,35,2.685480810403824,-5.199048321174852,-4.302545560730828
6255,do,0.05,0.0,70,-0.3859271478652957,-8.774959390813654,-7.668082888921102
6256,pp,0.05,0.0,6,0.28282607674598736,-5.633566649754842,-4.75650380982293
6257,do,0.05,0.0,13,-0.689406687021255,-6.549822652701176,-6.089770645565457
6258,pp,0.05,0.0,19,2.1794075822830203,-4.873138809204102,-4.1032195568084715
6259,do,0.05,0.0,49,0.1521140241622918,-6.352479658704816,-5.840204652150472
6260,pp,0.05,0.0,17,0.6765456533432008,-5.3054805553320685,-4.316445173157586
6261,do,0.05,0.0,13,0.25637991547584527,-6.144313544938059,-5.254759314325121
6262,pp,0.05,0.0,29,2.6602679133415217,-5.666766984534986,-4.70537768734826
6263,do,0.05,0.0,40,0.20947528600692777,-7.474016322511615,-6.757098780737983
6264,pp,0.05,0.0,9,0.9266862511634821,-5.475928643255523,-4.892196830113729
6265,do,0.05,0.0,21,1.1905803203582765,-5.632420977679166,-5.159273568789164
6266,pp,0.05,0.0,62,0.5201374137401586,-9.14867503715284,-7.805934238433838
6267,do,0.05,0.0,15,0.32169892787933296,-4.6786786541794285,-4.081672385003832
6268,pp,0.05,0.0,35,0.8684272420406334,-8.167146373517586,-6.9921888934241405
6269,do,0.05,0.0,10,0.7790295279026029,-5.605726773811109,-5.327026960584853
6270,pp,0.05,0.0,18,1.7469725215435021,-6.164898444667007,-5.526019324196709
6271,do,0.05,0.0,70,0.8427640342712408,-7.990794985222094,-8.590989674462213
6272,pp,0.05,0.0,12,1.0588253045082086,-5.4182842919320775,-4.634112469355265
6273,do,0.05,0.0,70,-0.2863347816467279,-10.972440248547178,-8.910483937793307
6274,pp,0.05,0.0,37,1.1294320356845864,-5.883851916862256,-4.608195330037011
6275,do,0.05,0.0,31,1.0620596027374276,-7.421209332437226,-6.829778795772128
6276,pp,0.05,0.0,40,3.1201170527935034,-5.992049884796143,-5.248738304773966
6277,do,0.05,0.0,55,1.5290693640708923,-5.110313015273123,-5.546150490972731
6278,pp,0.05,0.0,12,1.1018687498569495,-4.905398225784301,-4.463482107056512
6279,do,0.05,0.0,70,1.0718047177791599,-6.431940944267041,-5.730637656317817
6280,pp,0.05,0.0,28,0.5033004915714265,-5.808995207873258,-5.297756719589233
6281,do,0.05,0.0,11,1.1993767714500425,-5.469858262033173,-4.863145812352498
6282,pp,0.05,0.0,19,1.6965689980983738,-4.944518596475775,-4.155009505483839
6283,do,0.05,0.0,20,1.7290070116519924,-4.818840996424357,-4.107485787073771
6284,pp,0.05,0.0,11,1.947552111148834,-4.8377598719163375,-3.9006881793340047
6285,do,0.05,0.0,16,1.4430573129653919,-7.915544924591527,-6.900390741560194
6286,pp,0.05,0.0,21,3.105504661798477,-5.654698467254638,-4.912909291850196
6287,do,0.05,0.0,70,0.6925816935300828,-5.278492225300182,-4.775115839640299
6288,pp,0.05,0.0,28,0.7099343717098243,-6.7174477013674645,-5.49939369890425
6289,do,0.05,0.0,54,0.018049645423888983,-7.812158071633541,-8.324415773815579
6290,pp,0.05,0.0,22,2.045943654775619,-6.742355209408385,-5.394805349244011
6291,do,0.05,0.0,53,2.320099980831146,-4.818582186554417,-4.495797279145982
6292,pp,0.05,0.0,15,1.7204221522808076,-4.44935409228007,-3.8940341194470722
6293,do,0.05,0.0,18,1.2725457108020786,-5.728203711365208,-5.4095869249767725
6294,pp,0.05,0.0,30,2.8750339984893793,-4.438072862047138,-4.285608241293166
6295,do,0.05,0.0,7,-0.448046072721481,-6.068879143397013,-5.192372330029806
6296,pp,0.05,0.0,8,0.8970659470558164,-5.51409958637122,-4.823665110270182
6297,do,0.05,0.0,4,0.24783339023590134,-5.274430003310695,-4.796576640341017
6298,pp,0.05,0.0,37,2.5266078412532798,-5.314698779944218,-4.315470757749345
6299,do,0.05,0.0,14,0.9648331165313717,-5.361344330238573,-4.922932089699639
6300,pp,0.05,0.0,29,1.6020368993282315,-5.565070145057909,-4.921767112943861
6301,do,0.05,0.0,6,-0.16015682578086832,-6.039902360511548,-5.322943668895298
6302,pp,0.05,0.0,31,1.1876665735244751,-6.118392830184011,-5.29091092215644
6303,do,0.05,0.0,5,0.09895096302032513,-5.094052080674605,-4.288091974788242
6304,pp,0.05,0.0,5,0.051264257431030025,-4.874995750369448,-4.132057788636949
6305,do,0.05,0.0,51,4.415655040740967,-6.342021788972797,-5.607682010862562
6306,pp,0.05,0.0,70,2.693921102285386,-6.797705820834998,-6.411590136422051
6307,do,0.05,0.0,56,1.101844190359115,-6.284262139869459,-6.028271794319153
6308,pp,0.05,0.0,17,1.477380348443985,-5.020860919085416,-4.540860933727688
6309,do,0.05,0.0,30,1.5310489857196812,-5.767259009679159,-5.872885176870558
6310,pp,0.05,0.0,49,2.249163440465928,-7.478352384856253,-6.206168344285753
6311,do,0.05,0.0,13,1.5232962369918823,-4.8428882107590185,-4.5563498338063555
6312,pp,0.05,0.0,25,1.9384821212291712,-6.043756102070664,-5.790788128640917
6313,do,0.05,0.0,50,2.43732540488243,-6.423273502696644,-5.710789354642232
6314,pp,0.05,0.0,65,2.0676273488998413,-6.504360073262995,-5.746525486310323
6315,do,0.05,0.0,27,1.8751918244361878,-6.096485254981301,-5.976578127013313
6316,pp,0.05,0.0,15,1.4265441977977753,-4.495511683550748,-3.9658677604463364
6317,do,0.05,0.0,10,0.28084574580192534,-5.896406485817649,-5.395535667737325
6318,pp,0.05,0.0,46,1.862156631946565,-5.603962707519531,-5.383947038650513
6319,do,0.05,0.0,64,2.207582342624665,-6.239777839545048,-5.362409125434028
6320,pp,0.05,0.0,41,1.8135881555080413,-5.422231854814472,-4.594650636778938
6321,do,0.05,0.0,57,1.10491736292839,-9.171352195739747,-8.50612768597073
6322,pp,0.05,0.0,62,1.034466915130615,-6.602193893085826,-5.5067545837826195
6323,do,0.05,0.0,18,0.6793172323703764,-7.232467376824581,-6.419681615299648
6324,pp,0.05,0.0,41,1.5678777885437016,-6.791844386765451,-6.043971077601115
6325,do,0.05,0.0,3,0.1034391367435461,-4.762236590818925,-4.46591952111986
6326,pp,0.05,0.0,32,1.3007238006591795,-5.865634048346317,-5.040638899803161
6327,do,0.05,0.0,4,0.04241266012191769,-5.147307234099417,-4.620516279008654
6328,pp,0.05,0.0,50,0.7876671540737155,-6.613879745656794,-5.782131062613593
6329,do,0.05,0.0,42,1.1599435591697693,-6.011909081719138,-6.5646578947703045
6330,pp,0.05,0.0,12,0.8306400418281559,-6.39782849369627,-5.52965095837911
6331,do,0.05,0.0,31,1.3839803326129907,-5.924111606135513,-5.357049112849765
6332,pp,0.05,0.0,70,1.0547049784660336,-7.417016191193552,-6.169475478596158
6333,do,0.05,0.0,22,2.0580361914634704,-5.58663388743545,-5.203756388028463
6334,pp,0.05,0.0,8,0.7584970581531527,-5.497871312228116,-4.741142847802904
6335,do,0.05,0.0,4,-0.47809467434883146,-5.763098673387007,-5.075723083813985
6336,pp,0.05,0.0,24,2.1120415771007544,-6.287504347887906,-5.2961606952879166
6337,do,0.05,0.0,49,0.5669753837585452,-6.928153884772098,-6.591846238242256
6338,pp,0.05,0.0,70,0.5447795367240911,-7.416890875498454,-6.7643269644843205
6339,do,0.05,0.0,13,0.7014055335521698,-6.057533973636049,-5.578013459841411
6340,pp,0.05,0.0,12,-0.037606210708617915,-5.017437505722046,-4.250411070717705
6341,do,0.05,0.0,3,-0.29994091629981945,-5.475794364466812,-4.9618244833416405
6342,pp,0.05,0.0,24,0.24783011674880928,-6.640628308960886,-5.666431175337897
6343,do,0.05,0.0,24,1.1022165310382848,-7.097541725274288,-6.6031127081977
6344,pp,0.05,0.0,27,0.8368814444541925,-5.110366637779005,-4.3265129990047875
6345,do,0.05,0.0,3,0.23347834944725054,-4.444911964011915,-4.18994029627906
6346,pp,0.05,0.0,3,0.04769237756729172,-4.402876749905673,-3.98589957025316
6347,do,0.05,0.0,4,0.5208800315856932,-4.734309299064405,-4.465362580617269
6348,pp,0.05,0.0,27,1.1946626281738286,-6.754937340996483,-6.0390277332729765
6349,do,0.05,0.0,6,0.4662450540065768,-4.81686617677862,-4.734148841434055
6350,pp,0.05,0.0,70,1.007063825130463,-7.218526687044086,-5.855635788705614
6351,do,0.05,0.0,35,2.0454277312755584,-6.469137209111994,-6.296215804417928
6352,pp,0.05,0.0,66,1.6177598786354057,-5.8168582237128055,-5.4882523987028335
6353,do,0.05,0.0,32,1.0774103367328642,-6.240386392130996,-5.594017129474216
6354,pp,0.05,0.0,42,2.4773436224460603,-6.071995369593302,-5.491896528667874
6355,do,0.05,0.0,33,1.9712859547138208,-6.193868456464825,-5.6291849374771115
6356,pp,0.05,0.0,67,3.2841905033588406,-5.85698970447887,-5.614174683888753
6357,do,0.05,0.0,58,1.8318888747692101,-8.20205693100438,-7.540449131859673
6358,pp,0.05,0.0,70,1.2041096818447112,-9.288068563287908,-9.027886904610527
6359,do,0.05,0.0,28,0.6343645262718196,-7.361543824455955,-6.333692958619859
6360,pp,0.05,0.0,68,1.1878389346599594,-7.3653056274760855,-6.524761088689169
6361,do,0.05,0.0,21,1.5686229944229124,-5.324913586992206,-4.7829680734210545
6362,pp,0.05,0.0,70,1.1859692358970655,-7.5397146904107295,-6.103386614057753
6363,do,0.05,0.0,19,1.5001604938507072,-5.7091975515539,-5.518445963329739
6364,pp,0.05,0.0,60,3.2595206916332238,-9.183360995668354,-7.987781124644809
6365,do,0.05,0.0,34,1.8776534128189093,-5.733219028241707,-5.224777558114794
6366,pp,0.05,0.0,70,2.249342494010925,-7.69026171799862,-6.373655152320862
6367,do,0.05,0.0,28,1.1841791439056397,-6.571373458342118,-5.477615870369805
6368,pp,0.05,0.0,70,1.5106046855449673,-9.777193702350964,-8.280327712164985
6369,do,0.05,0.0,33,3.269843715429306,-6.231396569627704,-6.119134328100416
6370,pp,0.05,0.0,40,1.7019538891315458,-5.951633736581513,-5.86813391049703
6371,do,0.05,0.0,3,0.2118202328681944,-5.4032169269792965,-4.678376468022664
6372,pp,0.05,0.0,25,3.5798275172710428,-5.180439498207786,-4.498771492640177
6373,do,0.05,0.0,67,2.3081711709499357,-6.109330859328761,-6.3269895792007445
6374,pp,0.05,0.0,70,1.6466271305084232,-6.902176732727976,-6.525072643491957
6375,do,0.05,0.0,6,-1.230396044850349,-6.624860123432044,-6.175351296530829
6376,pp,0.05,0.0,27,2.0760017645359037,-5.376674513383345,-5.035986958609687
6377,do,0.05,0.0,41,3.347099306583404,-5.87580057924444,-5.824633860588074
6378,pp,0.05,0.0,28,2.600803445577622,-5.794910748799642,-5.006140036053128
6379,do,0.05,0.0,33,2.57553544163704,-7.5191509275725394,-6.818166722191704
6380,pp,0.05,0.0,43,2.0052798593044274,-5.9154554338166205,-5.36135844124688
6381,do,0.05,0.0,16,1.5548321855068208,-6.153005706902706,-5.543430540296766
6382,pp,0.05,0.0,17,1.6480803012847902,-5.255405959216032,-4.65442676809099
6383,do,0.05,0.0,39,0.6847005081176762,-6.803706745667891,-5.9633385711246065
6384,pp,0.05,0.0,16,2.6776129364967343,-5.3494235674540205,-5.038155712021721
6385,do,0.05,0.0,12,-0.6214055669307701,-6.191127333496556,-6.069782723320855
6386,pp,0.05,0.0,67,0.349160466194153,-8.007462465401852,-7.133203167385525
6387,do,0.05,0.0,21,1.0360832977294923,-6.251488107623476,-5.992309811380174
6388,pp,0.05,0.0,60,1.2866771888732913,-8.245144227056793,-6.968412889374627
6389,do,0.05,0.0,2,-0.13257117271423358,-5.156868235270182,-4.231254892879062
6390,pp,0.05,0.0,4,-0.012488974332809377,-5.3951686729084365,-4.936876180436876
6391,do,0.05,0.0,24,1.6127604401111606,-5.126734369451349,-5.198436707920498
6392,pp,0.05,0.0,15,2.030744651556014,-5.3934885039474025,-5.019339111116198
6393,do,0.05,0.0,67,0.06501213312149101,-7.329378506631562,-7.1302266120910645
6394,pp,0.05,0.0,8,-0.785156826972961,-6.764310971173373,-5.804988408088684
6395,do,0.05,0.0,16,1.779552000761032,-4.561687434803356,-3.967996088663737
6396,pp,0.05,0.0,51,2.1120246112346646,-6.9331479462710295,-5.796874912579854
6397,do,0.05,0.0,5,-0.2525375843048101,-5.426947751189723,-4.984343478414748
6398,pp,0.05,0.0,16,1.872322705984116,-5.358125245932377,-5.3784033828311495
6399,do,0.05,0.0,70,1.5226131176948545,-9.596747915672534,-9.097545162836711
6400,pp,0.05,0.0,21,1.613107520341873,-4.970266703403357,-4.349755324257744
6401,do,0.05,0.0,6,0.22886704444885275,-5.534543492577293,-5.225806352827284
6402,pp,0.05,0.0,13,1.4699516749382022,-5.148403907544685,-4.432980071173774
6403,do,0.05,0.0,34,2.1053737163543715,-8.289660453796387,-7.964740745226542
6404,pp,0.05,0.0,39,2.775113480091095,-6.114823574008364,-5.24647028181288
6405,do,0.05,0.0,37,1.945712480545044,-6.984545600775516,-6.322424165407816
6406,pp,0.05,0.0,24,1.1090420150756843,-4.9172489700895365,-4.333560633659363
6407,do,0.05,0.0,8,-0.15287663936615026,-6.00443824710268,-6.5316370010375975
6408,pp,0.05,0.0,61,2.798363547325134,-5.735706439162746,-5.112642325295342
6409,do,0.05,0.0,4,-0.2580993747711178,-5.444378899082993,-4.796161452929179
6410,pp,0.05,0.0,18,0.6157300782203672,-5.419772890842322,-4.599701054890951
6411,do,0.05,0.0,11,-0.19637513875961332,-6.574119852528428,-5.491895887586805
6412,pp,0.05,0.0,15,0.8757900047302245,-6.450509767821341,-5.285121056768629
6413,do,0.05,0.0,3,-0.24069519877433798,-5.280589931661432,-4.9101457039515175
6414,pp,0.05,0.0,70,2.459860316514969,-5.371023020599828,-4.919118776586321
6415,do,0.05,0.0,5,0.26710526823997505,-5.219553092031768,-4.778319417105781
6416,pp,0.05,0.0,70,1.3376817035675046,-9.531947713909727,-8.684762721591525
6417,do,0.05,0.0,64,0.953765832185745,-9.461209378097996,-8.056266048219468
6418,pp,0.05,0.0,9,1.1763074755668637,-5.209180316058072,-4.3465989112854
6419,do,0.05,0.0,39,0.5774376058578499,-8.10523130532467,-6.186639976501465
6420,pp,0.05,0.0,48,1.5527683389186864,-5.391139742822358,-4.7699097183015615
6421,do,0.05,0.0,12,2.2348012638092047,-4.890884211569121,-4.797832939359877
6422,pp,0.05,0.0,13,0.9877481591701507,-5.356136118281971,-4.302390437655979
6423,do,0.05,0.0,9,-0.3979742324352262,-6.98949179649353,-6.117065721087986
6424,pp,0.05,0.0,32,2.1536025190353394,-6.092782993027658,-5.490729403495789
6425,do,0.05,0.0,36,3.207113795280457,-6.273130734761556,-6.82415824731191
6426,pp,0.05,0.0,22,-0.05648911476135243,-6.979452175082582,-6.96067095067766
6427,do,0.05,0.0,5,-0.2630082309246058,-5.416909089232936,-4.789651534292433
6428,pp,0.05,0.0,41,0.7611384463310245,-8.002221438379,-6.600597344504463
6429,do,0.05,0.0,64,1.2769818258285524,-6.974270863966509,-6.8776809586419
6430,pp,0.05,0.0,24,1.4201753151416785,-5.683216303045099,-4.764028596878052
6431,do,0.05,0.0,21,-0.9028574156761167,-7.445742651910493,-6.482071871227689
6432,pp,0.05,0.0,40,0.625670503377914,-6.401309796535608,-5.636242466502719
6433,do,0.05,0.0,68,1.6321934711933146,-6.770824507511024,-5.9782744407653805
6434,pp,0.05,0.0,18,1.9688347208499914,-4.9981528556708135,-4.3328964153925575
6435,do,0.05,0.0,24,2.079402545690537,-4.984994660001813,-4.589364817407396
6436,pp,0.05,0.0,32,1.1186461651325228,-7.008794449314927,-5.770252752304077
6437,do,0.05,0.0,7,0.1764089345932005,-5.112102936253403,-4.826919017897712
6438,pp,0.05,0.0,12,0.5403737831115727,-5.614606170943289,-4.950505089759827
6439,do,0.05,0.0,12,1.203622436523438,-5.2681580659114955,-4.788593069712321
6440,pp,0.05,0.0,8,0.5128589081764217,-4.398375154264046,-3.749423907862769
6441,do,0.05,0.0,6,0.11275195956230188,-5.699876214518691,-4.934799456596375
6442,pp,0.05,0.0,2,-0.8306486809253695,-6.0566245165738195,-5.203578164842393
6443,do,0.05,0.0,70,0.9748768651485449,-7.246556169336492,-7.171289576424493
6444,pp,0.05,0.0,18,0.46180252909660346,-7.4521350918394145,-6.662958754433526
6445,do,0.05,0.0,23,0.035231735706329204,-8.374056032932167,-7.415946271684435
6446,pp,0.05,0.0,21,0.960639021396636,-7.629707362435081,-6.748895404073927
6447,do,0.05,0.0,30,1.7448774206638342,-4.925456953048706,-4.72032798661126
6448,pp,0.05,0.0,29,1.495248273611069,-6.544074541149717,-5.444609710905287
6449,do,0.05,0.0,8,0.46746917009353606,-4.848294548554854,-4.323801845974392
6450,pp,0.05,0.0,70,1.7846040296554566,-8.352744524406665,-6.7669878350363835
6451,do,0.05,0.0,24,1.5505777418613436,-6.310451988740401,-5.880169645945231
6452,pp,0.05,0.0,70,3.1628105342388153,-5.781322707551898,-5.362712065378825
6453,do,0.05,0.0,32,2.1399349868297577,-5.9674058451797025,-5.798457182778252
6454,pp,0.05,0.0,7,0.8129427599906922,-4.054121803514885,-3.4965752442677815
6455,do,0.05,0.0,36,0.8113008403778075,-5.981436467893196,-6.405153693093194
6456,pp,0.05,0.0,62,1.7558523130416868,-6.335713168346521,-6.334426546096802
6457,do,0.05,0.0,65,2.3678636884689332,-7.659772007393115,-6.863228480021159
6458,pp,0.05,0.0,67,5.34929802417755,-6.871118343237675,-6.389062362247043
6459,do,0.05,0.0,24,0.908823735713959,-6.628090501554085,-5.643546284569634
6460,pp,0.05,0.0,45,1.0034268009662624,-5.959726622610381,-5.288004779815674
6461,do,0.05,0.0,21,0.8760193324089052,-7.065832408269246,-5.860595234235128
6462,pp,0.05,0.0,23,0.13798120260238722,-6.883937665187951,-6.354423496458265
6463,do,0.05,0.0,70,-0.013304071426391673,-8.235383238936915,-7.718115721808539
6464,pp,0.05,0.0,3,-0.17777088880538994,-5.276128055110123,-4.4315225495232475
6465,do,0.05,0.0,66,2.136378992795944,-7.152489204117746,-7.675883240169949
6466,pp,0.05,0.0,38,2.8518991994857785,-5.2710144620953185,-4.996947476598952
6467,do,0.05,0.0,38,0.19746410965919559,-7.909925059116248,-7.277294180128309
6468,pp,0.05,0.0,17,1.1222639143466946,-5.23778062878233,-4.633252599504259
6469,do,0.05,0.0,70,2.1537680268287662,-6.321923133098718,-5.713323585192362
6470,pp,0.05,0.0,42,1.410397795438766,-7.278756323727694,-5.538439904318915
6471,do,0.05,0.0,39,2.1467071425914765,-5.788967930186878,-5.37637259165446
6472,pp,0.05,0.0,26,3.497577472925186,-4.888792123216572,-4.384957157240974
6473,do,0.05,0.0,10,0.011340626478195226,-5.790562404285778,-4.7468284368515015
6474,pp,0.05,0.0,8,0.24287003755569447,-5.529890274279046,-4.7219852182600235
6475,do,0.05,0.0,26,1.5256329035758966,-6.388676052382498,-5.7614669031567045
6476,pp,0.05,0.0,70,1.2485371947288515,-6.521341426444776,-5.444858066240946
6477,do,0.05,0.0,4,0.13862533450126602,-5.048839618220474,-4.32000978257921
6478,pp,0.05,0.0,23,1.3847872364521026,-5.008853272235755,-4.681523254182603
6479,do,0.05,0.0,11,1.4752632117271425,-4.692280756343495,-4.531061975161235
6480,pp,0.05,0.0,22,1.6303153228759761,-6.785430018107096,-6.126447039180332
6481,do,0.05,0.0,27,2.070971636772156,-6.241936848380349,-6.4838168832990855
6482,pp,0.05,0.0,58,3.1205944085121144,-6.216822684894908,-5.397446839014689
6483,do,0.05,0.0,61,0.8835542440414432,-6.78278947021022,-5.917835349506802
6484,pp,0.05,0.0,15,0.601009215116501,-5.231905734900272,-4.625762266582913
6485,do,0.05,0.0,15,1.7336573445796963,-5.481381065195257,-4.866340576277839
6486,pp,0.05,0.0,24,1.6791645205020913,-6.216144385482326,-5.38508853647444
6487,do,0.05,0.0,30,2.7083392596244815,-5.642351464069251,-5.2719677872127955
6488,pp,0.05,0.0,22,2.5172799360752096,-5.353744516950665,-5.065756612353855
6489,do,0.05,0.0,43,1.450087479352951,-5.925193942676891,-6.5247259802288475
6490,pp,0.05,0.0,24,2.221329714059829,-5.237907481916023,-4.762483085526361
6491,do,0.05,0.0,60,0.940373476743698,-6.23940651922515,-6.019523583518135
6492,pp,0.05,0.0,36,2.0041543674468993,-6.670704697117661,-5.759590366151598
6493,do,0.05,0.0,22,2.026746097803116,-5.141106819384026,-4.628580490748088
6494,pp,0.05,0.0,54,1.7731362795829773,-5.912712675152403,-5.228582326571146
6495,do,0.05,0.0,11,1.1285779130458833,-4.9495596148751,-4.998695092731052
6496,pp,0.05,0.0,47,2.8854270696640008,-6.155838616689047,-5.790162218941583
6497,do,0.05,0.0,32,2.3782696485519406,-5.201102316018307,-4.944792040189108
6498,pp,0.05,0.0,70,2.5115564811229705,-5.621216201782227,-5.069272046618991
6499,do,0.05,0.0,47,2.807932014465333,-5.64951641776345,-6.189042899343702
6500,pp,0.05,0.0,24,3.1319641613960263,-4.801490954196814,-4.809887631734212
6501,do,0.05,0.0,18,1.022082275152206,-5.286046372037945,-4.9570198668373955
6502,pp,0.05,0.0,63,1.571281797885895,-6.987017901738485,-5.8460816833708025
6503,do,0.05,0.0,70,0.3270832681655884,-7.051423396486225,-6.155711219045851
6504,pp,0.05,0.0,6,0.380451196432114,-4.2515184951551035,-3.679682903819614
6505,do,0.05,0.0,11,0.4936642706394192,-5.886674649787672,-5.234921044773525
6506,pp,0.05,0.0,69,1.9686291098594655,-6.600904519630201,-6.01201446586185
6507,do,0.05,0.0,13,1.2633298337459564,-4.925554447463065,-4.237606578403049
6508,pp,0.05,0.0,19,1.3313145339488983,-5.366083561290394,-4.286054473453098
6509,do,0.05,0.0,49,1.692222200632095,-7.324140805909128,-6.899560515085856
6510,pp,0.05,0.0,21,3.212878952026367,-4.648591967784998,-4.029458887047237
6511,do,0.05,0.0,64,2.87003280878067,-6.208843573656949,-6.292863983578152
6512,pp,0.05,0.0,9,0.6751063716411592,-5.744740110455138,-4.75941387547387
6513,do,0.05,0.0,15,1.39914974451065,-5.290572767546682,-4.55165843433804
6514,pp,0.05,0.0,9,0.12299521088600152,-5.347313763878562,-4.796407095591227
6515,do,0.05,0.0,65,2.676438845396042,-4.971086291110876,-4.665252224604289
6516,pp,0.05,0.0,70,4.4094414091110234,-6.3866526964939005,-6.17317160235511
6517,do,0.05,0.0,54,2.7740303945541385,-4.673259946071741,-4.727516481611464
6518,pp,0.05,0.0,37,2.1279807651042937,-4.336181182572336,-3.823198686705695
6519,do,0.05,0.0,17,0.8602568793296816,-6.66523987307693,-5.564484477043152
6520,pp,0.05,0.0,44,1.736722264289856,-7.632023246360547,-6.819736136330499
6521,do,0.05,0.0,47,3.207066591978073,-5.450132803483442,-4.872683649592929
6522,pp,0.05,0.0,70,3.977757354974747,-6.123925938750759,-5.9982130289077755
6523,do,0.05,0.0,46,1.587559607028961,-6.859573524648493,-6.303982623418173
6524,pp,0.05,0.0,37,2.798326176404953,-6.170797444834854,-5.358274687661065
6525,do,0.05,0.0,37,-0.04003185033798218,-7.2587773351958305,-7.027347596486409
6526,pp,0.05,0.0,37,2.0910570633411414,-6.578673274589307,-5.731053442425198
6527,do,0.05,0.0,55,1.4879269468784333,-6.123513318553115,-6.041962252722846
6528,pp,0.05,0.0,26,1.250625723600388,-6.090530158534195,-5.9196618212593926
6529,do,0.05,0.0,50,1.3483030402660363,-6.850087722142537,-6.015370726585388
6530,pp,0.05,0.0,55,2.9836083221435548,-7.743728192647298,-7.204015064239502
6531,do,0.05,0.0,15,1.2009996283054356,-6.377223069740064,-5.688033154275682
6532,pp,0.05,0.0,14,2.001772936582565,-4.991520712592385,-4.73527164194319
6533,do,0.05,0.0,19,1.5419615900516508,-5.216997247753722,-5.240397061241998
6534,pp,0.05,0.0,30,1.8020138692855836,-6.900654619390314,-5.922917013698154
6535,do,0.05,0.0,4,0.5168105280399322,-4.736557230804905,-4.388516396946377
6536,pp,0.05,0.0,59,2.446591904163359,-7.444175990422567,-8.381449066268074
6537,do,0.05,0.0,36,2.085863335132598,-6.036533813765555,-5.523510784573025
6538,pp,0.05,0.0,5,-0.11020423889160202,-5.002691348393758,-4.2930234061347115
6539,do,0.05,0.0,26,1.6747172784805295,-5.28352685697151,-5.034452319145203
6540,pp,0.05,0.0,21,2.256037752628327,-4.5450331543431135,-4.056751391622755
6541,do,0.05,0.0,15,1.555252275466919,-6.184194707870484,-5.631947671042548
6542,pp,0.05,0.0,36,2.0396816325187697,-7.4301337068731135,-6.576270792219374
6543,do,0.05,0.0,28,0.7099802637100208,-7.9512241031184345,-7.0058106316460504
6544,pp,0.05,0.0,11,-0.02320121169090328,-5.042402378718058,-4.396265300114949
6545,do,0.05,0.0,26,2.583557597398758,-4.367176102146958,-4.390312918027242
6546,pp,0.05,0.0,29,0.8351557481288916,-6.253354675119573,-5.075337870915731
6547,do,0.05,0.0,16,0.3527415692806244,-5.919545579679085,-5.136714953846401
6548,pp,0.05,0.0,5,-0.5757125806808467,-5.270254523826368,-4.453328884972466
6549,do,0.05,0.0,6,0.41031517386436445,-4.757987305612275,-4.852945478757222
6550,pp,0.05,0.0,70,2.4467196393013007,-5.990106468489675,-5.419380172093709
6551,do,0.05,0.0,19,0.6728334999084469,-5.6787221316135295,-5.259556722640991
6552,pp,0.05,0.0,23,2.1789025151729584,-5.538016034617568,-4.68768417040507
6553,do,0.05,0.0,15,0.5586265575885765,-6.461858028354067,-5.656271293428209
6554,pp,0.05,0.0,52,1.6021518588066108,-6.893517940694635,-6.2731715679168705
6555,do,0.05,0.0,5,0.21231401801109318,-5.767146416866418,-5.091611017121209
6556,pp,0.05,0.0,3,0.14945450186729392,-4.895333321889241,-4.252150225639343
6557,do,0.05,0.0,31,1.2403872156143194,-5.601121750744906,-4.67347449461619
6558,pp,0.05,0.0,10,1.656789212226867,-4.981711633277662,-4.228821482923296
6559,do,0.05,0.0,70,1.4329175627231594,-6.3066085772080855,-6.016291960080465
6560,pp,0.05,0.0,41,1.5455863261222849,-6.865784782351869,-6.216336904631721
6561,do,0.05,0.0,39,2.0706911325454698,-6.773986086700901,-7.285915827751159
6562,pp,0.05,0.0,25,2.7517775607109067,-4.774570879791722,-4.340180203649733
6563,do,0.05,0.0,2,-0.7058030784130098,-6.04821298050158,-5.096319150924683
6564,pp,0.05,0.0,19,0.5788699996471411,-6.439765960519964,-5.421540461646186
6565,do,0.05,0.0,40,1.7470121836662287,-8.112579514763572,-7.29355017873976
6566,pp,0.05,0.0,27,1.7660978150367734,-5.671075878721295,-4.836286234855652
6567,do,0.05,0.0,14,1.3669091808795928,-4.502993095282353,-4.434222073025174
6568,pp,0.05,0.0,15,0.017575159072875657,-5.983885727506696,-4.998050157229105
6569,do,0.05,0.0,33,2.264949657917022,-6.30283503965898,-6.075753977563646
6570,pp,0.05,0.0,50,2.4476140940189364,-7.407078426534479,-6.50191285610199
6571,do,0.05,0.0,37,1.7098974919319154,-7.5097125284599535,-6.920612472958035
6572,pp,0.05,0.0,70,2.0425366497039796,-6.288282313491359,-5.932656608687507
6573,do,0.05,0.0,39,1.6993391478061666,-5.768008464755434,-5.290258010228475
6574,pp,0.05,0.0,18,1.0883641600608822,-5.901674363107392,-5.052321592966716
6575,do,0.05,0.0,55,1.4663931107521044,-8.75794009584369,-7.913075457678901
6576,pp,0.05,0.0,24,0.7206506001949311,-6.563366696328828,-5.296228406164381
6577,do,0.05,0.0,70,1.236171413660049,-5.964754987485481,-6.094932447539436
6578,pp,0.05,0.0,38,-0.2965737366676331,-7.9170747756958,-7.303087361653646
6579,do,0.05,0.0,70,1.098003535270692,-6.390938718391188,-6.549707200792101
6580,pp,0.05,0.0,56,1.422257652282715,-7.233161216793638,-7.539572265413073
6581,do,0.05,0.0,18,1.8370413315296172,-4.935030314416596,-4.416122579574585
6582,pp,0.05,0.0,55,1.5471387279033664,-7.8830829215772225,-7.473024034500122
6583,do,0.05,0.0,2,-0.126044099330902,-5.486338735349251,-4.883422772089641
6584,pp,0.05,0.0,23,0.9176366555690763,-6.8839579105377195,-5.523950306574504
6585,do,0.05,0.0,26,0.9740709304809574,-5.489807494481405,-5.230083518558079
6586,pp,0.05,0.0,27,1.636236836910248,-5.1038998387076635,-4.151579470104641
6587,do,0.05,0.0,5,-0.3116724383831029,-5.770746475277525,-4.905213305685256
6588,pp,0.05,0.0,5,0.1958091247081759,-5.3595349066185225,-4.8227691464953955
6589,do,0.05,0.0,48,0.5143677043914794,-6.6797320857192535,-6.357036749521892
6590,pp,0.05,0.0,7,-0.6875736522674556,-5.9214088728933625,-5.268284395005968
6591,do,0.05,0.0,55,1.1095039510726927,-5.764022880611997,-6.345784918467204
6592,pp,0.05,0.0,70,1.6726141881942747,-7.096318518031727,-6.388066297107272
6593,do,0.05,0.0,4,-0.8692526233196256,-6.150755619280266,-5.587375574641758
6594,pp,0.05,0.0,19,0.9443924307823179,-4.95019093282295,-4.019843493567572
6595,do,0.05,0.0,5,-0.17321639418601986,-5.658018671382557,-4.711449493302239
6596,pp,0.05,0.0,18,1.3436438620090492,-5.348470083872477,-4.123766941494412
6597,do,0.05,0.0,25,1.4595184087753292,-6.320999256769816,-5.986729907989502
6598,pp,0.05,0.0,13,2.0139030754566187,-5.128643897085479,-4.7037474738227
6599,do,0.05,0.0,50,1.2231336963176735,-7.221228509960753,-6.949989864561293
6600,pp,0.05,0.0,70,0.5310938811302188,-8.537491100484674,-9.321681308746339
6601,do,0.05,0.0,50,2.3742562413215627,-6.502499989307288,-5.822406140963237
6602,pp,0.05,0.0,63,3.805114922523498,-6.492824947472775,-5.608802461624146
6603,do,0.05,0.0,28,1.842767946720123,-8.014094771760883,-7.637737623850504
6604,pp,0.05,0.0,35,-0.38602452397346454,-7.104865459962324,-6.5129426638285315
6605,do,0.05,0.0,19,0.7313817489147185,-5.52868175795584,-5.251662264929878
6606,pp,0.05,0.0,35,1.100577123165131,-5.4426867557294445,-4.603803202841017
6607,do,0.05,0.0,16,-0.7152334189414971,-7.371016077561812,-6.627108330196805
6608,pp,0.05,0.0,29,1.9624082040786748,-6.210417837085146,-5.0408763911989
6609,do,0.05,0.0,15,0.9853731274604796,-5.12192767605637,-4.9045858277214895
6610,pp,0.05,0.0,45,0.9931513404846193,-9.659910623955005,-7.828077416949802
6611,do,0.05,0.0,3,-0.2056600964069366,-5.244560561035619,-4.54985777537028
6612,pp,0.05,0.0,14,0.42354176640510577,-5.717823521296183,-4.505659935209486
6613,do,0.05,0.0,8,0.9275545620918271,-4.928203331340443,-4.399243760108948
6614,pp,0.05,0.0,33,1.3033630526065814,-7.435758265581998,-6.570967970954047
6615,do,0.05,0.0,57,2.94518895983696,-5.03878811489452,-6.014826067288717
6616,pp,0.05,0.0,20,2.717394037246704,-5.273684644699097,-4.179821228981018
6617,do,0.05,0.0,20,2.691975334882736,-5.056501652977683,-5.175595588154263
6618,pp,0.05,0.0,22,1.158954763412475,-6.405053929126624,-5.390182797114054
6619,do,0.05,0.0,14,0.6170473313331604,-5.508809764457472,-5.4570463630888195
6620,pp,0.05,0.0,38,1.1995485842227929,-7.766742753982544,-6.731703371471829
6621,do,0.05,0.0,9,0.6198329079151152,-5.281570272734671,-4.826426590813531
6622,pp,0.05,0.0,6,-0.13773549437522892,-5.44105681217078,-4.97493392891354
6623,do,0.05,0.0,45,1.3816429686546332,-7.91983291163589,-7.52270008193122
6624,pp,0.05,0.0,62,1.3808845806121823,-9.97319173523874,-9.304400057262844
6625,do,0.05,0.0,39,3.1380115461349485,-4.685692275654186,-4.363186634911431
6626,pp,0.05,0.0,70,2.5167052865028383,-7.630327931317416,-7.005137938923306
6627,do,0.05,0.0,17,1.0374819278717045,-5.817481572700269,-6.060961786905924
6628,pp,0.05,0.0,12,1.3500757539272312,-5.0198257186196065,-4.254577204916212
6629,do,0.05,0.0,5,-0.022376999855041824,-5.76592740723581,-5.0541308482488
6630,pp,0.05,0.0,17,1.971162922382355,-4.787818017150417,-4.390181883176168
6631,do,0.05,0.0,70,2.331212434768676,-7.196090899091779,-6.330485704210069
6632,pp,0.05,0.0,30,1.5203546380996702,-5.949246402220292,-5.517426880200704
6633,do,0.05,0.0,61,2.892030330896378,-5.869043578523578,-5.866608307096693
6634,pp,0.05,0.0,12,0.9431498157978053,-4.562553454890396,-4.040210036436717
6635,do,0.05,0.0,70,1.2568558311462414,-8.67424888899832,-7.7486199484931095
6636,pp,0.05,0.0,12,0.04184953212738041,-6.437171006925178,-5.709315752983093
6637,do,0.05,0.0,38,1.1880020213127134,-6.512141838940707,-6.143742089801364
6638,pp,0.05,0.0,56,1.0190565741062159,-6.2017653494170215,-5.705823024113973
6639,do,0.05,0.0,24,1.685956885814667,-5.570673052469889,-4.699085213078392
6640,pp,0.05,0.0,11,0.5499632894992823,-4.676539454315648,-4.187420201301575
6641,do,0.05,0.0,8,1.2377019655704506,-6.189608256022136,-5.337219240930345
6642,pp,0.05,0.0,70,0.6862211310863504,-8.8206924496275,-7.9943276511298285
6643,do,0.05,0.0,25,2.175948425531387,-6.508731002518625,-6.155070712831285
6644,pp,0.05,0.0,31,1.5673333549499509,-6.52425527717128,-5.008078495661418
6645,do,0.05,0.0,70,2.036751430034638,-7.070315090815226,-6.501232443915473
6646,pp,0.05,0.0,14,1.8249274015426638,-4.5976495916193185,-4.137241699960497
6647,do,0.05,0.0,22,2.7604162836074835,-5.803671049349235,-5.760317211680942
6648,pp,0.05,0.0,16,2.2300056421756747,-4.675505651127208,-4.3445830292171905
6649,do,0.05,0.0,34,3.6460236728191378,-4.843257899717851,-4.372051146295336
6650,pp,0.05,0.0,9,0.6978090751171111,-5.353139825300737,-4.671870708465576
6651,do,0.05,0.0,35,2.5958817303180686,-6.209835993159901,-5.682529120975071
6652,pp,0.05,0.0,30,1.507598950862885,-6.123325116706617,-5.243186444706387
6653,do,0.05,0.0,64,2.054944922924042,-7.258038660974213,-5.595423510339525
6654,pp,0.05,0.0,17,1.7863840103149409,-5.624916222601226,-4.964372314347161
6655,do,0.05,0.0,24,3.119875998497008,-5.212502044619936,-4.950956519444784
6656,pp,0.05,0.0,20,0.673454085588455,-6.144710886117184,-5.52378253142039
6657,do,0.05,0.0,70,0.9808569669723504,-7.190117940035734,-6.983360518349541
6658,pp,0.05,0.0,14,0.6074491369724271,-4.985365085890799,-4.345487732357449
6659,do,0.05,0.0,13,1.4327956140041351,-5.693510395107848,-5.61435132821401
6660,pp,0.05,0.0,30,2.1713886880874638,-5.773629558447635,-5.252189609739515
6661,do,0.05,0.0,70,1.7621692943572995,-6.468222258307717,-6.451111859745449
6662,pp,0.05,0.0,70,3.4257366430759433,-5.739630004131433,-5.245666752921211
6663,do,0.05,0.0,28,2.1840842580795288,-5.583096849557125,-4.908136267132229
6664,pp,0.05,0.0,54,2.1033989572525016,-6.84399085333853,-6.154698303010728
6665,do,0.05,0.0,70,0.7468160951137541,-5.780016539313577,-5.2406907081604
6666,pp,0.05,0.0,68,1.140223059654236,-5.980093591863459,-5.300929143693712
6667,do,0.05,0.0,13,0.8799684810638428,-6.231597848372026,-5.646464570363363
6668,pp,0.05,0.0,32,1.510540343523025,-5.757837860512011,-4.755845329496595
6669,do,0.05,0.0,21,3.537829444408417,-5.932298645828709,-5.683724315961202
6670,pp,0.05,0.0,70,1.0098343634605413,-10.480062895110159,-10.473445706897312
6671,do,0.05,0.0,66,2.119508150815964,-6.425399585203691,-6.819479756885105
6672,pp,0.05,0.0,62,2.076325721740722,-7.0376506501978096,-6.701274882422553
6673,do,0.05,0.0,4,0.7069566023349756,-4.539766672885779,-4.256134377585517
6674,pp,0.05,0.0,12,1.1996225595474241,-4.763621401064324,-4.062106296751234
6675,do,0.05,0.0,30,1.7096959626674648,-5.678909547401197,-4.977421402931213
6676,pp,0.05,0.0,45,0.9002460110187531,-6.449454561869303,-5.950501235326131
6677,do,0.05,0.0,70,1.713617277145385,-7.0995220560016055,-6.613053539064196
6678,pp,0.05,0.0,21,1.359672899246215,-7.129144297224102,-6.105593678686354
6679,do,0.05,0.0,16,0.0654617857933042,-6.500452661514283,-5.647166138225131
6680,pp,0.05,0.0,9,0.5260254895687098,-5.233224587007002,-4.378420607248942
6681,do,0.05,0.0,51,4.630317698717118,-5.244231864177819,-5.266919223467509
6682,pp,0.05,0.0,70,3.4763638782501216,-5.5698793613549435,-5.498125047153897
6683,do,0.05,0.0,32,1.0054427242279047,-6.658124761870413,-6.248577626546224
6684,pp,0.05,0.0,35,0.6200911700725555,-6.047524261474609,-5.495974058575101
6685,do,0.05,0.0,24,3.439750946760178,-4.97760816487399,-5.031452573670281
6686,pp,0.05,0.0,24,1.5084879088401797,-5.622366202961315,-5.102211109797159
6687,do,0.05,0.0,29,2.491907589435577,-5.851729436354204,-6.506216637293497
6688,pp,0.05,0.0,12,1.0296991324424747,-5.117886715224295,-4.247956601778666
6689,do,0.05,0.0,62,2.810706460475921,-5.89818184448011,-5.478088739183214
6690,pp,0.05,0.0,34,2.0206194329261784,-6.193501903071548,-5.444155038727654
6691,do,0.05,0.0,33,1.5767354798316955,-6.363866781465935,-5.7238442791832815
6692,pp,0.05,0.0,56,2.5086021709442132,-7.004328587560943,-5.548978633350796
6693,do,0.05,0.0,4,0.3610353779792783,-4.933582097833807,-4.687886124187045
6694,pp,0.05,0.0,35,2.7731214678287506,-6.40549553379868,-5.646131126085917
6695,do,0.05,0.0,27,0.6603145670890811,-7.228419435385502,-6.428206849098205
6696,pp,0.05,0.0,51,0.6720143139362342,-6.685307086597789,-6.086671929889255
6697,do,0.05,0.0,70,3.2811627459526065,-6.297737023324677,-5.762715204556783
6698,pp,0.05,0.0,17,2.626378421783447,-4.7745906555291375,-4.482597862349616
6699,do,0.05,0.0,25,1.683759139776229,-6.307822205803611,-5.327711415290833
6700,pp,0.05,0.0,38,1.3717066073417659,-6.548099712892012,-5.516407246059842
6701,do,0.05,0.0,27,1.9257184445858009,-6.711477882211859,-6.164235213067797
6702,pp,0.05,0.0,51,1.3779165577888497,-7.03780299244505,-6.487276450792948
6703,do,0.05,0.0,21,1.9315261423587788,-5.515367083116011,-5.5789093308978615
6704,pp,0.05,0.0,70,1.2500255835056322,-7.970628109845248,-6.156656999058193
6705,do,0.05,0.0,6,0.8900422215461727,-4.772934627532959,-4.83972426255544
6706,pp,0.05,0.0,16,1.1573704802989955,-5.297463565884215,-4.535146064228481
6707,do,0.05,0.0,41,3.9628255105018617,-5.658433295741226,-5.254625829060872
6708,pp,0.05,0.0,12,1.0323568260669713,-5.615821111563481,-5.007319686147902
6709,do,0.05,0.0,68,0.8415488886833185,-7.710140066435843,-7.398774268892076
6710,pp,0.05,0.0,28,1.9058911204338065,-5.8423171202341715,-4.8798538499408295
6711,do,0.05,0.0,7,0.6814949500560763,-4.710034801020766,-4.395597842004564
6712,pp,0.05,0.0,11,1.0896076047420502,-6.363072227709221,-5.704749812020196
6713,do,0.05,0.0,12,1.5760959088802338,-5.3013014114264285,-4.858023185200161
6714,pp,0.05,0.0,30,3.0355620825290677,-6.373948855833574,-5.836337110731336
6715,do,0.05,0.0,39,2.1910138726234436,-6.106431646058054,-5.456847392188179
6716,pp,0.05,0.0,64,0.8717455101013183,-9.241762561509104,-8.5568460199568
6717,do,0.05,0.0,70,2.2214744091033936,-5.375304946032437,-5.842065556844076
6718,pp,0.05,0.0,70,2.4249531471729284,-5.738256278182521,-5.434395710627238
6719,do,0.05,0.0,7,0.16567425131797808,-5.328195889790853,-4.536634294191996
6720,pp,0.05,0.0,5,0.11536081314086921,-4.8404768914887395,-4.027703664037916
6721,do,0.05,0.0,6,0.5988700819015502,-4.658521302541097,-4.486077049043444
6722,pp,0.05,0.0,19,2.4730610728263853,-5.087876309770526,-4.206671497556898
6723,do,0.05,0.0,33,2.7176231515407565,-7.068067845431242,-6.7430039670732285
6724,pp,0.05,0.0,17,1.590820740461349,-4.620633629596594,-4.171482838524712
6725,do,0.05,0.0,6,0.633109791278839,-4.8932398897228815,-4.509927492671543
6726,pp,0.05,0.0,6,0.13231145143508893,-5.343952465057373,-4.680647211604648
6727,do,0.05,0.0,6,0.16205683231353696,-5.28220586198749,-4.941485399670071
6728,pp,0.05,0.0,16,1.349389736652375,-5.145580989664251,-4.464853427145216
6729,do,0.05,0.0,70,1.8908794140815726,-6.506465894525701,-6.0594980584250555
6730,pp,0.05,0.0,8,1.0818815088272098,-4.395527868559866,-3.910087882147895
6731,do,0.05,0.0,70,1.1866372537612913,-6.8327902345946345,-6.413272767596775
6732,pp,0.05,0.0,24,2.76852685213089,-5.170394081057924,-4.277220243877835
6733,do,0.05,0.0,29,1.4424826943874356,-6.229858519814231,-5.938031058841282
6734,pp,0.05,0.0,26,1.8286702132225043,-6.005044822981863,-5.465435428089566
6735,do,0.05,0.0,62,2.160716576576233,-9.31091920968258,-8.36506625811259
6736,pp,0.05,0.0,17,1.8081715834140777,-5.47489418405475,-4.8272809637917415
6737,do,0.05,0.0,41,2.884741888046264,-7.301906880465421,-7.1848738405439585
6738,pp,0.05,0.0,43,1.8567570471763606,-6.198615584228978,-6.166132391823663
6739,do,0.05,0.0,44,2.189904836416245,-5.893200898892951,-5.7564224216673106
6740,pp,0.05,0.0,50,3.3555893325805677,-8.54940550399549,-7.933507545789083
6741,do,0.05,0.0,6,1.3559510171413418,-4.337892447095928,-4.753974999321832
6742,pp,0.05,0.0,23,2.226119791269303,-4.933144134463686,-4.443475914001465
6743,do,0.05,0.0,65,2.176509563922883,-9.847572283311324,-9.725267092386881
6744,pp,0.05,0.0,70,2.7048465669155126,-5.958112015868679,-5.530866363313463
6745,do,0.05,0.0,41,3.1835633361339575,-6.111157954822887,-5.713901011149089
6746,pp,0.05,0.0,16,0.7870041501522067,-6.039661852518718,-6.182061160935296
6747,do,0.05,0.0,11,0.8765056931972506,-6.727038032358343,-6.036975171830919
6748,pp,0.05,0.0,10,1.7655979168415072,-4.60609208020297,-4.344457605150011
6749,do,0.05,0.0,19,1.336234413385391,-5.641311473557443,-4.913088040881687
6750,pp,0.05,0.0,36,1.9275112295150763,-5.426069694576841,-4.967700833744473
6751,do,0.05,0.0,14,2.161582933664322,-5.3677714376738574,-4.786695064438714
6752,pp,0.05,0.0,20,2.315603103637695,-5.355385101202763,-4.80817629761166
6753,do,0.05,0.0,32,3.029191980361939,-4.6937754298701435,-4.45251809226142
6754,pp,0.05,0.0,22,1.2469466590881346,-7.648005385832353,-6.805802954567803
6755,do,0.05,0.0,70,0.6274769735336303,-7.262112866025983,-6.493026052580939
6756,pp,0.05,0.0,57,0.12242022275924747,-8.895381074963193,-7.7916335741678875
6757,do,0.05,0.0,38,1.0199617373943335,-7.714107244664972,-7.398423592249553
6758,pp,0.05,0.0,43,1.9678859627246856,-6.272643996729995,-5.707455608579847
6759,do,0.05,0.0,18,0.9053894078731535,-5.580169621380892,-5.553534513049655
6760,pp,0.05,0.0,5,-0.4730793011188501,-5.751600284287424,-4.929812558492025
6761,do,0.05,0.0,28,1.3180937898159035,-7.123676573146473,-7.291382228003608
6762,pp,0.05,0.0,14,0.5860318815708165,-6.522302585659605,-5.899246962865194
6763,do,0.05,0.0,5,0.6901459550857547,-4.763514949336196,-4.232241349750095
6764,pp,0.05,0.0,23,1.1590224325656893,-6.4171220851667,-5.893210715717739
6765,do,0.05,0.0,20,0.2123202216625213,-7.707078401970141,-6.9418226401011145
6766,pp,0.05,0.0,12,1.4597946012020113,-5.065102374914921,-4.481179155243767
6767,do,0.05,0.0,41,2.4858657860755917,-5.834642150185325,-5.6610453632142805
6768,pp,0.05,0.0,70,1.9454787456989298,-7.214699418617017,-6.88925392097897
6769,do,0.05,0.0,8,-0.7116397154331215,-5.834354130427043,-5.658102130889892
6770,pp,0.05,0.0,17,1.705345485210418,-5.956737857876402,-5.20321508248647
6771,do,0.05,0.0,28,1.265259015560149,-8.036882414962307,-7.151233243942261
6772,pp,0.05,0.0,13,1.9200062572956087,-5.65469739075863,-5.033112292819553
6773,do,0.05,0.0,5,0.15597819447517391,-5.121209654663549,-4.708448359701369
6774,pp,0.05,0.0,26,1.6384933435916906,-5.374304368279197,-4.370221847958035
6775,do,0.05,0.0,24,2.945565348863602,-4.872727359424938,-4.831890683703953
6776,pp,0.05,0.0,37,2.462024918794632,-6.896050376603098,-5.958244080013699
6777,do,0.05,0.0,17,0.12395158529281591,-6.530163954243515,-6.4000745217005415
6778,pp,0.05,0.0,56,1.0873817467689513,-7.654960828838926,-6.80726223786672
6779,do,0.05,0.0,16,0.3132544243335724,-6.718839872244633,-6.286576223373413
6780,pp,0.05,0.0,35,0.44230664491653293,-8.537442961606112,-8.209906101226807
6781,do,0.05,0.0,14,0.7737439751625059,-5.464942268891768,-5.180914799372355
6782,pp,0.05,0.0,56,0.11890857458114645,-12.580707211927933,-10.329683452182346
6783,do,0.05,0.0,66,2.184105898141862,-6.828505072449193,-6.103544327947828
6784,pp,0.05,0.0,31,2.0007540392875676,-4.958028855468288,-4.142814199129741
6785,do,0.05,0.0,6,1.0749360847473142,-5.016035990281538,-4.360366262329949
6786,pp,0.05,0.0,56,2.321320178508758,-8.778886196830056,-7.729601679907905
6787,do,0.05,0.0,11,1.7758383584022521,-5.089699427286784,-4.415897435612148
6788,pp,0.05,0.0,52,2.4018279194831855,-5.2745334090608536,-5.198197274737888
6789,do,0.05,0.0,32,0.7677261376380908,-8.254730847387602,-7.015377823511759
6790,pp,0.05,0.0,63,0.24366454005241245,-8.279274684732611,-7.6339698738522
6791,do,0.05,0.0,4,0.9902954995632172,-4.426049473791411,-3.967801480823093
6792,pp,0.05,0.0,70,2.0264831352233887,-7.334048745126435,-7.570500808291965
6793,do,0.05,0.0,33,1.092947393655777,-6.5173407077789305,-5.940120932790968
6794,pp,0.05,0.0,70,1.2666074872016901,-6.375727144877116,-5.5245972315470375
6795,do,0.05,0.0,2,0.5103997099399562,-4.674386416059551,-4.4988936609692045
6796,pp,0.05,0.0,24,1.0355687105655669,-6.061750053636955,-5.412876664267646
6797,do,0.05,0.0,11,1.3374599778652199,-5.641246863567468,-5.204112233055962
6798,pp,0.05,0.0,32,0.9937470984458932,-7.286622067653772,-6.671959283616808
6799,do,0.05,0.0,8,1.1539646375179293,-4.439035110762625,-4.2963518248664005
6800,pp,0.05,0.0,5,-0.24763656854629534,-5.24707035295891,-5.020124133427938
6801,do,0.05,0.0,44,2.3921106266975407,-4.4351274432558006,-3.9796298344930015
6802,pp,0.05,0.0,30,1.7478514909744263,-5.014701402548588,-4.546201756265428
6803,do,0.05,0.0,16,1.6768426978588105,-6.7630746740283385,-6.091048283047146
6804,pp,0.05,0.0,34,2.8960024440288548,-4.599051117174553,-4.006486376126607
6805,do,0.05,0.0,70,1.5056410741806028,-5.747610794414173,-5.142856740951538
6806,pp,0.05,0.0,70,4.012922521829605,-4.607550131190907,-3.8525478151109485
6807,do,0.05,0.0,21,1.9601303839683535,-4.104978331652554,-3.731928434636858
6808,pp,0.05,0.0,35,2.77946153640747,-5.072536732933738,-4.795483907063802
6809,do,0.05,0.0,24,1.7051353740692141,-4.101055886528709,-3.817018840048048
6810,pp,0.05,0.0,70,3.0851300799846655,-5.496792820728186,-5.016021823883056
6811,do,0.05,0.0,22,1.4949726116657258,-4.031662677996087,-3.854446864128113
6812,pp,0.05,0.0,40,2.772717852592468,-4.243278146512581,-3.6628929363356697
6813,do,0.05,0.0,7,0.711912995576859,-4.385501350056042,-3.9808218240737916
6814,pp,0.05,0.0,28,3.0630305731296543,-4.511454693476359,-4.009299186865489
6815,do,0.05,0.0,26,1.6954393684864044,-4.540224425720446,-4.245350442992317
6816,pp,0.05,0.0,31,1.9251443886756903,-4.861789147059123,-4.224391984939575
6817,do,0.05,0.0,16,2.664892052412032,-4.962756658322883,-4.578453281190661
6818,pp,0.05,0.0,29,2.477441767454148,-4.8102801337386625,-4.394881338543362
6819,do,0.05,0.0,29,2.704397879838944,-4.915952957037724,-4.546918347146776
6820,pp,0.05,0.0,45,2.001656059026719,-6.142354803374319,-4.81093508667416
6821,do,0.05,0.0,18,2.32952383518219,-4.603634158047763,-4.253442080815633
6822,pp,0.05,0.0,41,1.449250755310059,-5.2595000339276865,-4.786047466595968
6823,do,0.05,0.0,20,2.1675252127647404,-5.403785657882691,-4.934532154930962
6824,pp,0.05,0.0,30,3.926072229146958,-4.514348004081032,-4.157961082458496
6825,do,0.05,0.0,19,2.0444451880455015,-6.586849378817009,-6.009755471017626
6826,pp,0.05,0.0,19,2.3620903408527374,-4.324197111707745,-3.7268890274895563
6827,do,0.05,0.0,17,1.6996195697784424,-4.5266531077298255,-4.139986312389373
6828,pp,0.05,0.0,41,2.300006153583526,-5.475452382636793,-4.675818113485972
6829,do,0.05,0.0,11,1.43936815738678,-4.648594096212676,-4.300203076998392
6830,pp,0.05,0.0,7,0.08581367969512943,-4.601440639206857,-3.8060157510969375
6831,do,0.05,0.0,26,1.826463547945023,-4.985546925573638,-4.596926596429613
6832,pp,0.05,0.0,40,2.7965284883975983,-5.181095533659964,-4.218245143360562
6833,do,0.05,0.0,43,1.9185372161865235,-4.7310312603459215,-4.3663282844755384
6834,pp,0.05,0.0,37,0.3470410871505738,-7.012634325027466,-6.604486142264472
6835,do,0.05,0.0,70,3.7680601739883413,-5.147943527048285,-4.619617026382023
6836,pp,0.05,0.0,25,3.0765878248214715,-5.056877591393211,-4.306204794512855
6837,do,0.05,0.0,25,3.7673515784740452,-4.779122683496186,-4.269319441583422
6838,pp,0.05,0.0,32,2.821859799623489,-5.380503247000954,-4.692035516103108
6839,do,0.05,0.0,14,1.8802721667289735,-4.507770532550234,-4.580915159649319
6840,pp,0.05,0.0,26,3.229938585758209,-4.488128858624083,-3.845511796739366
6841,do,0.05,0.0,19,2.1557405233383173,-4.818406145500414,-5.099065579308403
6842,pp,0.05,0.0,65,0.7782997214794154,-7.8506305232192535,-8.732428656684029
6843,do,0.05,0.0,23,2.510318565368652,-5.541726710579612,-5.843799572520786
6844,pp,0.05,0.0,38,3.546378967761994,-5.098666779200236,-4.479076313972473
6845,do,0.05,0.0,24,2.9773019433021553,-5.472612096324111,-4.731644582748413
6846,pp,0.05,0.0,30,2.046760026216506,-6.161335075262821,-5.291688455475701
6847,do,0.05,0.0,43,3.167785477638245,-5.385684863003817,-5.370907179514567
6848,pp,0.05,0.0,46,4.2980264568328845,-4.75669674873352,-3.9896658089425827
6849,do,0.05,0.0,22,1.956090705394745,-4.51355756557349,-3.994687294960022
6850,pp,0.05,0.0,16,2.0638872444629666,-4.835426301667185,-4.255680425961812
6851,do,0.05,0.0,25,2.6746137952804565,-4.847685692527078,-4.246790631612142
6852,pp,0.05,0.0,31,3.8722136092185977,-6.572200552622477,-5.8094704336590235
6853,do,0.05,0.0,16,1.0572352981567388,-4.4559552828470865,-3.9291597300105625
6854,pp,0.05,0.0,58,2.61920341849327,-6.325503266941418,-5.39915935198466
6855,do,0.05,0.0,27,2.033078579902649,-4.919724052602595,-4.194087796741062
6856,pp,0.05,0.0,25,2.4839037632942205,-5.002868114818226,-4.258198152648078
6857,do,0.05,0.0,49,1.9293630218505848,-5.307076686801333,-4.775252829657661
6858,pp,0.05,0.0,15,2.2245150184631353,-4.691702984318589,-3.8074575000339084
6859,do,0.05,0.0,42,0.9681792485713965,-7.170229617032137,-6.627455981572469
6860,pp,0.05,0.0,17,2.0072673022747036,-4.550315731221979,-4.083415717548794
6861,do,0.05,0.0,30,1.437494598627091,-5.205085284782179,-5.0401863627963595
6862,pp,0.05,0.0,70,2.5799153780937196,-5.336630234573827,-4.999202667342292
6863,do,0.05,0.0,31,2.4556759464740754,-4.413765827814738,-4.122194794813792
6864,pp,0.05,0.0,59,1.190157243013381,-7.155003966707172,-6.1669685390260485
6865,do,0.05,0.0,21,0.9797925579547879,-5.001429510116577,-4.502149920993381
6866,pp,0.05,0.0,21,1.9300549256801602,-4.609636511947169,-4.133172225952149
6867,do,0.05,0.0,29,1.6064020156860348,-6.927437553983746,-7.889718347125584
6868,pp,0.05,0.0,7,0.597809529304504,-6.405298474340728,-5.406375874413384
6869,do,0.05,0.0,66,1.9358685803413387,-5.316250262115941,-4.784311983320448
6870,pp,0.05,0.0,36,3.0007919800281533,-5.218117939342152,-4.468113536304898
6871,do,0.05,0.0,16,1.7759531283378598,-4.625631498567985,-4.419945478439331
6872,pp,0.05,0.0,59,3.432235155105591,-6.671146467960242,-5.622418430116442
6873,do,0.05,0.0,8,0.9770295631885535,-4.611012049877282,-4.421921237309774
6874,pp,0.05,0.0,23,3.290402612686157,-4.89235073002902,-4.270301165845659
6875,do,0.05,0.0,40,2.8951213824748985,-4.597960143378287,-4.27465453280343
6876,pp,0.05,0.0,25,1.8421109890937801,-5.897853780515266,-4.84927008152008
6877,do,0.05,0.0,62,2.171544059514999,-6.779074452140114,-5.6765565183427595
6878,pp,0.05,0.0,20,2.082405112981796,-5.745145258759007,-5.371813813845317
6879,do,0.05,0.0,38,1.6347795510292054,-5.002202427025997,-4.547904509968228
6880,pp,0.05,0.0,62,2.3301227915287015,-7.24499889865066,-6.24081359439426
6881,do,0.05,0.0,70,3.7639816844463354,-5.184749213131991,-4.766948869493272
6882,pp,0.05,0.0,31,4.131313375234604,-5.769809111681852,-4.890970071156819
6883,do,0.05,0.0,32,1.8738028383255,-4.960995461724021,-4.611747778786553
6884,pp,0.05,0.0,30,3.538903456926345,-5.511413117611047,-4.163564191924201
6885,do,0.05,0.0,70,1.8879271268844597,-6.756993470047459,-6.327219883600871
6886,pp,0.05,0.0,29,2.6708965015411374,-4.620873013409701,-4.754183440738254
6887,do,0.05,0.0,22,3.024842933416367,-5.282241588650328,-4.940364244249132
6888,pp,0.05,0.0,56,3.091666749715805,-5.243233174988718,-5.471145394113329
6889,do,0.05,0.0,27,2.391702605485916,-4.351785911213268,-4.072927766376072
6890,pp,0.05,0.0,33,3.7252386069297794,-4.5994075168262825,-4.024671504232619
6891,do,0.05,0.0,70,2.5341892719268797,-4.371203179792924,-4.295776968532138
6892,pp,0.05,0.0,33,3.573991589546204,-5.114514541625977,-4.230394397841559
6893,do,0.05,0.0,29,1.4426504504680633,-6.6585866783604475,-6.69828003247579
6894,pp,0.05,0.0,24,2.7976556694507604,-5.25188287821683,-4.818441149923537
6895,do,0.05,0.0,25,2.6584725666046136,-4.916113035606616,-4.77527543703715
6896,pp,0.05,0.0,17,1.3296680331230162,-4.971533116427335,-4.345154942406548
6897,do,0.05,0.0,30,3.4511932253837587,-5.63647789666147,-5.04427642027537
6898,pp,0.05,0.0,61,3.409369868040085,-4.692170651753743,-4.298894913991292
6899,do,0.05,0.0,39,2.0218700122833253,-6.236753546107899,-5.421899003452725
6900,pp,0.05,0.0,21,2.279251744747161,-5.179056650219541,-4.505688492457072
6901,do,0.05,0.0,20,1.1333421421051018,-6.495740468574293,-5.592881311310662
6902,pp,0.05,0.0,33,2.5496823668479918,-4.489060020446777,-4.224648425314162
6903,do,0.05,0.0,70,1.9866751646995544,-5.021654318318222,-4.483909461233351
6904,pp,0.05,0.0,24,3.6160389232635497,-4.642906252543131,-4.192068613900078
6905,do,0.05,0.0,43,2.4683282315731034,-7.156304428794167,-6.326785360442267
6906,pp,0.05,0.0,66,2.7728889417648315,-5.343924796942509,-5.1167392624749075
6907,do,0.05,0.0,70,0.7128436350822449,-5.388500638441606,-4.958333410157097
6908,pp,0.05,0.0,13,1.2221908760070797,-4.575405197432547,-4.425815449820624
6909,do,0.05,0.0,64,3.1531236720085145,-6.241787722616484,-5.340631726053026
6910,pp,0.05,0.0,28,4.03877966284752,-4.577515570322673,-4.512223156293233
6911,do,0.05,0.0,70,2.013099091053009,-10.032192614584257,-8.10404822031657
6912,pp,0.05,0.0,49,2.824909936189652,-5.320865427364002,-4.623277603255378
6913,do,0.05,0.0,23,1.7903309178352353,-6.496530227950125,-5.62248047457801
6914,pp,0.05,0.0,27,2.644280961751938,-4.7923626726323905,-4.176027223798964
6915,do,0.05,0.0,14,0.49091197490692107,-5.844733625469786,-4.9221254852083
6916,pp,0.05,0.0,70,2.405890052318574,-6.5319056814367125,-6.0445415867699515
6917,do,0.05,0.0,18,0.3285218656063078,-6.823667832576867,-5.794263625144959
6918,pp,0.05,0.0,70,1.9221223914623256,-8.191042654442064,-7.088591975635953
6919,do,0.05,0.0,37,1.7459533333778374,-6.561780838532881,-5.478052708837721
6920,pp,0.05,0.0,43,0.8697242915630339,-5.662620389822758,-5.237734794616699
6921,do,0.05,0.0,12,0.9029240727424623,-5.791017970171842,-5.045631615320842
6922,pp,0.05,0.0,16,1.3328895103931426,-5.114065717928337,-4.617563430468241
6923,do,0.05,0.0,26,1.8698024427890774,-6.174521256938125,-5.369430353906419
6924,pp,0.05,0.0,66,1.1150684607028953,-7.769743998845418,-6.349626119931539
6925,do,0.05,0.0,17,2.001887761354447,-6.053239346995499,-5.129152573479546
6926,pp,0.05,0.0,70,2.4442478406429284,-5.581608220302697,-5.158078442679511
6927,do,0.05,0.0,35,1.5827111101150528,-7.943452979579116,-6.966638313399421
6928,pp,0.05,0.0,13,2.3652952289581304,-6.298120297807635,-5.3874148024453055
6929,do,0.05,0.0,63,1.507419073581696,-9.06868398550785,-8.213285048802694
6930,pp,0.05,0.0,11,0.9220202577114103,-4.988925832690614,-4.483865118026733
6931,do,0.05,0.0,29,3.8303153467178355,-4.965584655241533,-4.562057092454698
6932,pp,0.05,0.0,36,2.913934811353684,-5.535407304763794,-4.759302364455329
6933,do,0.05,0.0,20,1.638022712469101,-5.12329740524292,-4.627356709374322
6934,pp,0.05,0.0,24,2.06703906416893,-4.979751198219531,-4.471927803092533
6935,do,0.05,0.0,43,0.7300839614868178,-7.67941572304928,-6.676643355687459
6936,pp,0.05,0.0,70,2.936018726825715,-5.992518403313377,-5.347760852177938
6937,do,0.05,0.0,25,1.7720965361595153,-5.319810939557625,-4.691254685984718
6938,pp,0.05,0.0,10,0.9059950780868533,-4.863181304931641,-4.151653048727248
6939,do,0.05,0.0,28,3.2470003926754005,-7.056190555745905,-5.829563440216912
6940,pp,0.05,0.0,70,3.8627376639842996,-5.124886152961038,-4.615939095285204
6941,do,0.05,0.0,44,2.5749659335613257,-6.066240921887484,-5.610414981842041
6942,pp,0.05,0.0,63,2.9952174353599545,-5.017876721873428,-4.306927515400781
6943,do,0.05,0.0,46,1.2021590447425838,-7.114139108946829,-5.942992406421237
6944,pp,0.05,0.0,34,1.9557315409183502,-5.35076362580964,-4.941068816184997
6945,do,0.05,0.0,21,1.5551986181735993,-5.608910580837366,-4.943353120485941
6946,pp,0.05,0.0,32,2.905708327293395,-5.228698416912194,-4.624426621860928
6947,do,0.05,0.0,70,1.713084222078324,-8.589508165012706,-6.756973801718818
6948,pp,0.05,0.0,37,3.453972296714783,-5.112789561531761,-4.537441749042935
6949,do,0.05,0.0,70,1.1882575130462634,-8.413123331647931,-7.516337900691562
6950,pp,0.05,0.0,70,3.2428039765357974,-7.542867179350419,-6.585467741224501
6951,do,0.05,0.0,35,2.1284559345245357,-6.94523071086768,-5.509607842233446
6952,pp,0.05,0.0,22,2.650692911148071,-5.292679059866703,-4.615976950857374
6953,do,0.05,0.0,31,2.799077047109604,-5.613373639366843,-5.218736118740505
6954,pp,0.05,0.0,41,3.695088311433792,-6.580680679552483,-6.040593817498949
6955,do,0.05,0.0,21,1.6095058071613302,-6.640444232478286,-5.742893701129489
6956,pp,0.05,0.0,27,3.475544611215591,-4.869282627105713,-4.5668169842826
6957,do,0.05,0.0,21,1.6866232585906973,-5.601883553013657,-4.880221149656507
6958,pp,0.05,0.0,26,2.4707125639915457,-5.389968151034731,-4.525955216089884
6959,do,0.05,0.0,38,0.4879704523086543,-7.5285435575427435,-5.773190209600661
6960,pp,0.05,0.0,11,1.7512948167324067,-4.439169720447425,-3.935561588075426
6961,do,0.05,0.0,28,1.928060361146927,-7.6582901246619945,-7.022070092625088
6962,pp,0.05,0.0,29,3.645993984937668,-4.44460527824633,-4.180513691902161
6963,do,0.05,0.0,15,1.3522687113285068,-6.028369918014064,-5.294673501120673
6964,pp,0.05,0.0,49,1.1892062461376192,-7.1540017214688385,-6.294264014561971
6965,do,0.05,0.0,7,0.7717304480075837,-4.589648485183716,-4.18166168000963
6966,pp,0.05,0.0,14,1.343033579587937,-4.992924519741174,-4.245919545491536
6967,do,0.05,0.0,11,1.2561816978454585,-4.625192890745221,-4.2499399582544966
6968,pp,0.05,0.0,15,0.9181014955043789,-5.172809657183561,-4.531658291816711
6969,do,0.05,0.0,12,2.0468210506439206,-5.622407885753748,-5.037070414755079
6970,pp,0.05,0.0,14,1.83076759338379,-4.60303759430394,-4.145250683360629
6971,do,0.05,0.0,25,2.687797114849091,-5.920273540959213,-5.319666120741102
6972,pp,0.05,0.0,33,1.8172173500061035,-5.759205903428974,-4.984329832924737
6973,do,0.05,0.0,33,1.7539262616634366,-5.264235750834147,-4.651627122031318
6974,pp,0.05,0.0,22,2.0201241469383238,-4.971988513252952,-4.501202294561598
6975,do,0.05,0.0,28,1.4454357004165654,-6.072124835216638,-5.619598028394911
6976,pp,0.05,0.0,13,1.4892636108398438,-5.546175322388158,-4.472827002737257
6977,do,0.05,0.0,27,1.4722813940048214,-5.39272110823429,-5.326986469162835
6978,pp,0.05,0.0,27,1.6064603197574616,-4.894802389722882,-4.855817182858785
6979,do,0.05,0.0,26,1.5626227676868432,-5.928567883462617,-5.138751906818814
6980,pp,0.05,0.0,35,3.488560568094253,-4.817134624538999,-3.9147206915749444
6981,do,0.05,0.0,12,1.2253858375549314,-5.440337743181171,-4.685259517033895
6982,pp,0.05,0.0,22,1.9322937762737267,-5.615910417383367,-4.788338496949938
6983,do,0.05,0.0,8,1.049052196741104,-5.359770186742147,-4.739461631245083
6984,pp,0.05,0.0,19,2.8570854485034936,-5.094589007984508,-4.443563040097555
6985,do,0.05,0.0,21,1.6943585133552554,-6.1605604272900205,-5.3035060220294525
6986,pp,0.05,0.0,39,3.613837963342667,-4.998401925058076,-4.416012337472703
6987,do,0.05,0.0,57,4.679668493270873,-7.008271980285644,-5.816493206553989
6988,pp,0.05,0.0,23,3.414011119604111,-4.832721175569477,-4.022359416219923
6989,do,0.05,0.0,32,0.598179454803466,-7.81609585646427,-6.957131968604194
6990,pp,0.05,0.0,55,2.4435980641841883,-5.437981439359261,-5.402666383319431
6991,do,0.05,0.0,46,2.0189251375198367,-7.0053328514099125,-6.2989978260464135
6992,pp,0.05,0.0,35,3.867620779275894,-4.859248971939087,-3.9029421581162347
6993,do,0.05,0.0,9,0.38168464183807327,-5.419219446182251,-5.128296804428101
6994,pp,0.05,0.0,44,3.2264325618743896,-4.81107081933455,-4.632435385386149
6995,do,0.05,0.0,15,-0.31750067591667186,-7.345861130049735,-6.9559583028157554
6996,pp,0.05,0.0,12,1.4440257167816162,-4.879043071920221,-4.922857994503445
6997,do,0.05,0.0,15,1.3113223361968993,-5.253566604672057,-4.795248436927795
6998,pp,0.05,0.0,49,1.8624622189998625,-5.456372086207072,-5.042050668928359
6999,do,0.05,0.0,24,2.3070377993583673,-4.703963136672973,-4.572554233339098
7000,pp,0.05,0.0,53,2.9936317396163936,-4.77096197532885,-4.5115565432442555
7001,do,0.05,0.0,12,1.1412894904613493,-5.27141758889863,-4.9834608634312945
7002,pp,0.05,0.0,19,1.596697620153427,-5.079963052634037,-4.525431556171841
7003,do,0.05,0.0,30,0.374589530229569,-6.4326259208448,-6.207665999730428
7004,pp,0.05,0.0,30,2.990112667083741,-4.671022848649458,-4.647908557785882
7005,do,0.05,0.0,18,1.4460677433013913,-5.498592258222176,-5.3392644352383085
7006,pp,0.05,0.0,40,3.058058670759201,-4.511079057057699,-4.236626815795899
7007,do,0.05,0.0,40,1.0871364212036134,-8.932061602852562,-8.209166775809393
7008,pp,0.05,0.0,64,3.345900287628173,-4.951317405700683,-4.803606960508558
7009,do,0.05,0.0,8,0.9548718762397765,-5.545550511100076,-5.206012874179416
7010,pp,0.05,0.0,33,1.665383235216141,-5.887657742066817,-5.5332497755686445
7011,do,0.05,0.0,11,0.16076230645179734,-6.271540890317975,-5.953253401650323
7012,pp,0.05,0.0,34,3.5954456913471224,-5.25848093177333,-4.81963214609358
7013,do,0.05,0.0,5,0.05427976727485628,-5.780733754418113,-4.950467602411906
7014,pp,0.05,0.0,70,2.358874766826629,-6.398636972542965,-5.655244604746501
7015,do,0.05,0.0,9,1.9058526551723478,-6.0923552310828,-4.775014479955037
7016,pp,0.05,0.0,65,2.311217778921127,-5.826670749259717,-5.296696681446499
7017,do,0.05,0.0,5,-0.04441308856010462,-5.662720230853918,-4.94906210369534
7018,pp,0.05,0.0,57,4.69205821275711,-5.598508303093188,-5.356904647085401
7019,do,0.05,0.0,3,-0.5068438661098478,-5.809526744033351,-4.940690909491645
7020,pp,0.05,0.0,30,0.49462854027748193,-6.766673973834876,-6.655812292628818
7021,do,0.05,0.0,15,0.13707739830017118,-6.452161341002493,-5.846847319602967
7022,pp,0.05,0.0,42,2.2235191679000854,-5.936469173431396,-5.7367706113391455
7023,do,0.05,0.0,21,1.2901943027973175,-5.8388525485992435,-6.012075535456339
7024,pp,0.05,0.0,30,1.6532259035110481,-5.741931896498709,-5.180393266677856
7025,do,0.05,0.0,14,1.4089387655258179,-5.395142261909716,-5.040184373325772
7026,pp,0.05,0.0,47,2.873665322065354,-5.247550499077999,-4.9091040134429935
7027,do,0.05,0.0,48,2.237923280000687,-7.266655647393429,-6.311240127351549
7028,pp,0.05,0.0,19,1.740937389135361,-5.0220920028108536,-4.169615729649862
7029,do,0.05,0.0,26,1.946045963764191,-5.365998454527421,-5.638825633790758
7030,pp,0.05,0.0,41,3.260387150049209,-5.280583244381529,-4.962785424126519
7031,do,0.05,0.0,23,0.7007370042800902,-6.752777916012389,-6.215377616882324
7032,pp,0.05,0.0,24,1.6506559717655174,-4.980541357849583,-4.653658885425991
7033,do,0.05,0.0,14,0.8937233364582058,-6.966047103477247,-6.137451201015049
7034,pp,0.05,0.0,29,2.88917164683342,-4.654355778838649,-4.150331645541721
7035,do,0.05,0.0,58,0.4000468349456785,-9.422851218599261,-8.185130871666802
7036,pp,0.05,0.0,35,2.0598213493824007,-5.233537974502101,-4.5348739941914875
7037,do,0.05,0.0,10,0.8491566359996794,-5.808563683249734,-5.350786251491971
7038,pp,0.05,0.0,70,3.638971737623214,-5.017607476494529,-4.464395994610257
7039,do,0.05,0.0,37,1.2555498003959658,-6.765260531685569,-6.223463153839111
7040,pp,0.05,0.0,13,1.7796466839313512,-5.118611416672215,-4.567685482237074
7041,do,0.05,0.0,20,1.240187195539475,-5.649463208516439,-5.331406580077277
7042,pp,0.05,0.0,22,3.8771085643768313,-5.23636029994849,-4.9480574369430546
7043,do,0.05,0.0,53,1.6039749872684474,-8.410219715580796,-7.222880501217312
7044,pp,0.05,0.0,30,1.9631319451332088,-5.38646939162052,-4.694443662961324
7045,do,0.05,0.0,28,-0.3307171940803535,-8.996021801052672,-8.053836833106146
7046,pp,0.05,0.0,37,3.840838754177094,-5.282713156035452,-4.963464673360189
7047,do,0.05,0.0,35,0.38906777143478344,-7.595770130735455,-7.022749551137289
7048,pp,0.05,0.0,22,2.7592740738391868,-5.688471220478867,-5.086634763081869
7049,do,0.05,0.0,10,0.8421642601490014,-5.79458897041552,-5.503723396195306
7050,pp,0.05,0.0,31,2.2735346937179566,-5.233422760529952,-4.458794116973877
7051,do,0.05,0.0,25,0.7442208158969876,-6.2197838075233225,-5.636873539288839
7052,pp,0.05,0.0,43,2.480687488317489,-6.483053500724561,-5.641360672314962
7053,do,0.05,0.0,17,1.624475642442703,-4.873343967668938,-4.833656390508016
7054,pp,0.05,0.0,17,1.6652375733852383,-5.318234374306419,-4.195421907636854
7055,do,0.05,0.0,40,0.24477186083793612,-7.168500443660852,-6.5245470417870415
7056,pp,0.05,0.0,23,1.7631935644149772,-6.1002948515342945,-5.378669113583035
7057,do,0.05,0.0,11,-0.9293706369400025,-7.511873921481046,-6.47350434727139
7058,pp,0.05,0.0,12,1.3277329504489899,-5.004190783067183,-4.340233725971646
7059,do,0.05,0.0,26,0.9287527489662164,-7.052578879847671,-6.608169730504354
7060,pp,0.05,0.0,22,2.4557874655723575,-4.789014535961729,-4.4793398645189075
7061,do,0.05,0.0,20,1.1723497748374943,-8.836788687561498,-8.377396625942653
7062,pp,0.05,0.0,70,3.095367844104767,-5.592229886488481,-5.33054715792338
7063,do,0.05,0.0,15,0.9284344089031222,-5.903838251576279,-5.135279517703586
7064,pp,0.05,0.0,17,1.7883736455440529,-5.44417796423941,-5.072291379504733
7065,do,0.05,0.0,7,-0.04878522515296968,-6.213206688563029,-5.467445129818387
7066,pp,0.05,0.0,33,2.3748708772659306,-6.016255284800674,-5.351133131980896
7067,do,0.05,0.0,2,0.052858184576034084,-5.699666591124101,-5.096671941545274
7068,pp,0.05,0.0,41,1.9469340848922734,-5.362245604486176,-4.781133548418681
7069,do,0.05,0.0,62,1.216365129947662,-7.004557008454294,-6.510542702674866
7070,pp,0.05,0.0,38,4.344542558193208,-5.697417304010102,-5.404308160146077
7071,do,0.05,0.0,18,0.1259358465671534,-6.107159779288552,-5.582501400841607
7072,pp,0.05,0.0,70,0.8582977509498599,-6.285536868644483,-5.482612175411648
7073,do,0.05,0.0,6,0.2795747196674352,-5.097301400791515,-4.712463103400337
7074,pp,0.05,0.0,14,1.735977962017059,-4.912555105035955,-4.206298126114739
7075,do,0.05,0.0,10,0.7470655238628394,-5.29367332314,-4.871345067024231
7076,pp,0.05,0.0,26,2.733286808729172,-5.0122294859452685,-4.293405657344394
7077,do,0.05,0.0,15,1.5781521356105808,-4.6179270513129955,-5.298353764745924
7078,pp,0.05,0.0,29,1.2605895435810082,-5.102600106326016,-5.221295767360264
7079,do,0.05,0.0,8,0.2853341770172113,-5.082313475464329,-4.593913480970595
7080,pp,0.05,0.0,43,3.417608160972595,-5.801486431468617,-5.178287373648749
7081,do,0.05,0.0,12,0.7070264458656306,-6.823629435625944,-5.899005985260009
7082,pp,0.05,0.0,51,2.93114572763443,-5.060943133903272,-4.780264682239956
7083,do,0.05,0.0,32,0.6217545080184941,-6.025322263891047,-5.342422291967604
7084,pp,0.05,0.0,40,3.476527140140533,-5.013051816188928,-4.214590971999698
7085,do,0.05,0.0,61,1.7774695920944215,-8.050299855434533,-7.502644941541884
7086,pp,0.05,0.0,31,2.953065555095673,-5.013168583494244,-4.805334835582309
7087,do,0.05,0.0,37,1.4988653302192683,-6.5217053167747725,-5.753107598092821
7088,pp,0.05,0.0,30,3.0954392945766456,-5.168602625528972,-4.55111989180247
7089,do,0.05,0.0,65,0.3392303895950306,-7.826410042155873,-7.486390874120924
7090,pp,0.05,0.0,29,1.7941800630092617,-6.0280931761770535,-4.95622226662106
7091,do,0.05,0.0,26,1.9489801895618433,-4.676309851444128,-4.458376955986023
7092,pp,0.05,0.0,23,3.428091228008271,-6.327065580541437,-6.067315483093262
7093,do,0.05,0.0,70,2.5389373111724858,-6.554223170424953,-5.613290023803711
7094,pp,0.05,0.0,15,0.4089395141601564,-5.639491042223844,-5.296040850215488
7095,do,0.05,0.0,37,1.8270308589935311,-7.194814044778997,-6.570116504033407
7096,pp,0.05,0.0,57,1.7829107463359826,-6.405816013162786,-5.992052780257331
7097,do,0.05,0.0,34,0.8222270977497095,-5.3905480023586385,-5.2418937630123565
7098,pp,0.05,0.0,32,0.9572199892997748,-6.715292553468184,-6.5176811138788855
7099,do,0.05,0.0,16,1.3273437416553495,-4.641760830445723,-4.172728051079644
7100,pp,0.05,0.0,19,1.7445633471012112,-5.734556516011556,-5.050783692465888
7101,do,0.05,0.0,38,2.3009883022308344,-7.515597331885136,-7.296748272577921
7102,pp,0.05,0.0,16,2.3301660728454596,-5.04556565284729,-4.412784920798408
7103,do,0.05,0.0,26,2.354634696245194,-4.8242141102299545,-4.803973253568014
7104,pp,0.05,0.0,8,0.8618840122222906,-4.315459036104607,-4.052080837885539
7105,do,0.05,0.0,42,3.2086731481552135,-5.363773503448024,-5.544353919559055
7106,pp,0.05,0.0,32,2.340003143548965,-5.892899206912879,-5.332950441042582
7107,do,0.05,0.0,69,0.1789981389045714,-8.258236822937475,-8.90673156314426
7108,pp,0.05,0.0,14,1.3408930134773254,-4.967784422094172,-4.099250756369697
7109,do,0.05,0.0,64,-0.055895351171493246,-8.58860504843972,-8.709310934278701
7110,pp,0.05,0.0,64,0.9789156317710876,-8.474512019301907,-8.372223827573988
7111,do,0.05,0.0,48,0.9762690806388852,-6.204614304051255,-5.347070606549581
7112,pp,0.05,0.0,20,1.0039111804962157,-5.382777731346361,-4.743858292367723
7113,do,0.05,0.0,54,1.5912520503997811,-7.216790264303034,-6.639307191636827
7114,pp,0.05,0.0,60,3.92967646598816,-5.493891299854625,-5.397350117895338
7115,do,0.05,0.0,2,-0.3814322006702424,-5.879206546147665,-5.120849540498521
7116,pp,0.05,0.0,52,3.033532152175903,-6.873357808951176,-5.557003309991624
7117,do,0.05,0.0,70,0.870668888092041,-7.65638039039843,-7.064915397432116
7118,pp,0.05,0.0,12,2.445124180316925,-4.799057353626598,-4.365294284290737
7119,do,0.05,0.0,8,0.8170063769817348,-4.979407505555586,-4.169105349646674
7120,pp,0.05,0.0,30,3.32816299200058,-6.649316323887218,-5.501761931843228
7121,do,0.05,0.0,55,2.189178125858307,-7.959283507953991,-6.494504348436991
7122,pp,0.05,0.0,22,3.0304360318183896,-6.203100577267733,-5.193703275256687
7123,do,0.05,0.0,40,1.9567208600044257,-4.88817685734142,-4.496311436759101
7124,pp,0.05,0.0,19,2.144493263959885,-4.3085067907969155,-3.683424444993337
7125,do,0.05,0.0,7,0.26048201918601954,-5.394362286365394,-4.57918107509613
7126,pp,0.05,0.0,21,0.9440226554870605,-6.354025691928285,-5.398855643802219
7127,do,0.05,0.0,17,1.924547078609466,-4.7153051145149,-4.794585551155938
7128,pp,0.05,0.0,23,2.819143251180649,-4.372839884324507,-4.046852215131124
7129,do,0.05,0.0,24,0.12121792078018157,-6.296084370757594,-5.464666965272691
7130,pp,0.05,0.0,19,2.642969852685928,-4.578403654965487,-4.126687510808309
7131,do,0.05,0.0,11,0.15551337361335804,-5.287395212867043,-4.723936936590406
7132,pp,0.05,0.0,15,1.4400888884067538,-4.358470081560539,-4.074640948242611
7133,do,0.05,0.0,33,2.184838387966156,-8.21189496155941,-7.3183018419477674
7134,pp,0.05,0.0,30,1.828800482749939,-6.7616154916358715,-5.738964263598124
7135,do,0.05,0.0,27,1.4196969401836395,-6.122618709910999,-5.622810284296672
7136,pp,0.05,0.0,57,2.1817797148227696,-5.932967021248557,-5.408741442362468
7137,do,0.05,0.0,27,2.739485963582993,-5.593930664929476,-5.008916722403632
7138,pp,0.05,0.0,49,2.8389084339141855,-6.489955591432976,-6.450682089063856
7139,do,0.05,0.0,69,1.3765194058418269,-7.778475694945365,-7.013912947972615
7140,pp,0.05,0.0,70,0.5535835814476009,-7.392157200610999,-6.939982480472988
7141,do,0.05,0.0,70,0.29512570381164593,-8.068128779440215,-7.34183390935262
7142,pp,0.05,0.0,50,2.603214601278304,-6.597888670545636,-5.9850611713197495
7143,do,0.05,0.0,43,1.4261756396293652,-8.196851295413392,-7.130726318889194
7144,pp,0.05,0.0,10,1.3654393434524543,-4.6780085202419395,-3.99078328344557
7145,do,0.05,0.0,20,2.1285074329376226,-5.9251920945716625,-5.642611302269829
7146,pp,0.05,0.0,63,0.6948106634616842,-8.651035664298318,-7.9960062901179
7147,do,0.05,0.0,21,1.5939048504829403,-5.868931245803833,-5.1533710665173
7148,pp,0.05,0.0,63,3.523292387723923,-5.7361151854197185,-5.176866266462538
7149,do,0.05,0.0,21,1.7079726052284245,-6.63115384795449,-6.108769265810649
7150,pp,0.05,0.0,23,2.3327868485450747,-4.397568634784583,-4.224897816446092
7151,do,0.05,0.0,9,0.8573921751976012,-5.371028430534132,-4.80063603983985
7152,pp,0.05,0.0,49,2.608597091436385,-5.456116144584887,-5.267199815644158
7153,do,0.05,0.0,36,0.5760003364086153,-7.793699588197651,-6.950648943583171
7154,pp,0.05,0.0,13,1.2649213600158697,-5.263901957598599,-4.41687371995714
7155,do,0.05,0.0,11,-0.03411933064460726,-5.413184962128148,-4.678723661104838
7156,pp,0.05,0.0,13,1.6890511667728427,-4.235967202620073,-3.8028662787543404
7157,do,0.05,0.0,13,-0.5933596265316012,-6.216724194902362,-5.945420376459757
7158,pp,0.05,0.0,16,2.5077143859863282,-6.142304882858738,-5.420229151513841
7159,do,0.05,0.0,2,-0.43527253389358567,-5.135278925751194,-4.409772438473172
7160,pp,0.05,0.0,18,1.784917110204697,-5.4852432568868,-4.747184160020616
7161,do,0.05,0.0,26,1.999105587005615,-6.53578797976176,-5.7553882280985516
7162,pp,0.05,0.0,22,3.019817087650299,-5.833590920766195,-5.4841827869415285
7163,do,0.05,0.0,55,1.2989480531215678,-6.651216889872695,-6.265359865294562
7164,pp,0.05,0.0,63,1.7402433764934546,-6.881122002457127,-6.412834281391568
7165,do,0.05,0.0,32,0.31783112525939927,-7.805841112136841,-7.05217637485928
7166,pp,0.05,0.0,59,0.567910869121552,-6.628095372517904,-5.923235058784485
7167,do,0.05,0.0,59,1.9147971653938285,-7.953506287661466,-7.085161548190647
7168,pp,0.05,0.0,58,1.3602627265453329,-7.056949072173148,-6.4986502832836575
7169,do,0.05,0.0,64,2.07902745604515,-6.564753621997255,-5.953399939007229
7170,pp,0.05,0.0,56,2.597229542732239,-6.437915132984971,-5.842733844121297
7171,do,0.05,0.0,24,0.38411841154098525,-6.737265180818962,-5.527783258756002
7172,pp,0.05,0.0,21,3.0136405622959135,-4.711375646880179,-4.195713975694445
7173,do,0.05,0.0,34,0.2406925964355464,-6.878917705651485,-6.37144218550788
7174,pp,0.05,0.0,17,1.6688497424125677,-5.930944789539684,-4.831862600644429
7175,do,0.05,0.0,20,2.253107147216797,-6.700574924006607,-6.348307553927103
7176,pp,0.05,0.0,70,4.314881910085679,-5.468248576828928,-5.282054450776842
7177,do,0.05,0.0,23,2.0180884480476386,-7.679729005062219,-7.245028580559625
7178,pp,0.05,0.0,70,3.1998354589939106,-5.176505052682125,-4.58290634950002
7179,do,0.05,0.0,16,-0.08303547024726843,-6.15042007186196,-5.970832308133443
7180,pp,0.05,0.0,63,1.5654932236671453,-7.959907658894857,-6.972502597173055
7181,do,0.05,0.0,9,-0.09745752096176208,-5.6029394511020545,-4.773516737090217
7182,pp,0.05,0.0,29,1.7741169583797456,-5.295718090461962,-4.670464271969266
7183,do,0.05,0.0,32,1.4606730151176457,-6.956295342878862,-6.471591885884603
7184,pp,0.05,0.0,62,2.510097028017044,-6.520483883944425,-6.290086266729567
7185,do,0.05,0.0,7,0.6570648503303529,-4.397528762528391,-4.261435879601373
7186,pp,0.05,0.0,19,3.44275688290596,-4.542645767963294,-3.911112398571438
7187,do,0.05,0.0,70,1.299155542850495,-7.725670386805679,-7.145171523094177
7188,pp,0.05,0.0,17,2.1401917088031768,-5.316123248591568,-4.805300617218018
7189,do,0.05,0.0,30,2.1490446221828456,-4.958958008795074,-5.121639098061456
7190,pp,0.05,0.0,13,1.7722922039031976,-3.813576260480014,-3.5024336881107754
7191,do,0.05,0.0,8,-0.33994829654693604,-6.064432701920018,-5.2107971323861015
7192,pp,0.05,0.0,19,2.271906328201294,-5.713283746892755,-4.703004227744208
7193,do,0.05,0.0,50,2.2613069915771487,-6.476963797482577,-5.439836512671577
7194,pp,0.05,0.0,21,2.135240263938904,-5.423064146619854,-4.533870138062371
7195,do,0.05,0.0,13,0.8469963252544401,-5.715628202033765,-5.055572899182637
7196,pp,0.05,0.0,28,2.496916806697845,-5.8252156532172,-5.0395977391137015
7197,do,0.05,0.0,39,1.368347837924956,-8.644022726290153,-7.528524528609382
7198,pp,0.05,0.0,41,2.9931052482128138,-4.342889794436368,-3.7757978320121763
7199,do,0.05,0.0,59,1.444346268177032,-6.141057407494747,-5.064402498139275
7200,pp,0.05,0.0,52,1.9824623548984528,-6.076579682032267,-5.448232783211602
7201,do,0.05,0.0,40,2.5109697055816653,-5.314358680898493,-4.49234905772739
7202,pp,0.05,0.0,33,2.363272395133972,-4.741683452779596,-4.072604134347704
7203,do,0.05,0.0,21,2.729329741001128,-5.668957415494051,-5.224747594197591
7204,pp,0.05,0.0,9,0.7836925232410437,-4.463151821945653,-3.5694599933094446
7205,do,0.05,0.0,28,1.1572037029266369,-7.131867946277965,-6.69082403977712
7206,pp,0.05,0.0,29,2.8669176459312444,-6.0013749324914185,-5.590953448083666
7207,do,0.05,0.0,53,2.2054188108444226,-9.02683954961372,-9.321149341265361
7208,pp,0.05,0.0,27,2.795165829658508,-4.57935785669269,-3.936144933435652
7209,do,0.05,0.0,13,1.6212094283103946,-4.331528331294204,-4.020584940910339
7210,pp,0.05,0.0,33,4.462151660919189,-4.776915707010211,-4.355987033579084
7211,do,0.05,0.0,24,2.2442922282218927,-5.768356854987867,-6.344139793184069
7212,pp,0.05,0.0,54,1.7722698771953587,-5.787801928953691,-4.934606944190131
7213,do,0.05,0.0,16,2.1513291430473336,-5.2360363599025845,-4.805954485469394
7214,pp,0.05,0.0,23,2.379809415340424,-5.573429148124926,-4.781818040211996
7215,do,0.05,0.0,9,-0.14844764471054095,-6.148878648064353,-5.563109289275276
7216,pp,0.05,0.0,29,1.526167727708816,-5.41263202753934,-4.809168643421597
7217,do,0.05,0.0,59,1.488881230354309,-8.121501314278804,-8.777712093459236
7218,pp,0.05,0.0,70,2.5286609625816334,-6.28474054481044,-5.944213631418016
7219,do,0.05,0.0,22,1.426579655408859,-5.7006452676021695,-5.462785744667054
7220,pp,0.05,0.0,32,1.8546845710277564,-4.881595641916449,-4.336839673254225
7221,do,0.05,0.0,12,1.2756001317501067,-4.880354417454113,-4.4928891764746774
7222,pp,0.05,0.0,53,4.357257018089295,-4.934907054901123,-4.41142654021581
7223,do,0.05,0.0,70,1.5877089500427255,-6.410843222069018,-5.588179943296645
7224,pp,0.05,0.0,19,1.7909709608554838,-4.862276715943308,-3.920224258634779
7225,do,0.05,0.0,23,3.0955831801891325,-5.499873867901889,-5.267029224501716
7226,pp,0.05,0.0,31,2.8462754666805274,-5.065031145558213,-4.871829689873589
7227,do,0.05,0.0,43,2.2809743475913997,-10.26565179535837,-9.381015549765692
7228,pp,0.05,0.0,55,3.6983273029327393,-7.707150544542255,-6.893728770150078
7229,do,0.05,0.0,29,1.4365359103679651,-6.511549118793372,-5.931293000115288
7230,pp,0.05,0.0,32,3.3730758213996896,-6.720977215333418,-5.749876194530064
7231,do,0.05,0.0,32,0.9918482959270483,-5.5503557262998635,-4.808452860514323
7232,pp,0.05,0.0,25,1.9719984781742097,-5.130455287297567,-4.787281616528829
7233,do,0.05,0.0,20,-0.4404753565788262,-7.1822655345454365,-6.094114571147495
7234,pp,0.05,0.0,35,1.6948538041114798,-5.6725939244935,-5.190263748168945
7235,do,0.05,0.0,25,1.0058796930313108,-6.3158500208999175,-7.048776531219483
7236,pp,0.05,0.0,58,2.3816834342479716,-5.948514494751439,-5.589942373169793
7237,do,0.05,0.0,20,0.8416631865501403,-5.532540367588853,-5.34071397251553
7238,pp,0.05,0.0,30,2.6524418425559997,-5.8007539214509904,-5.578558124436272
7239,do,0.05,0.0,35,0.7222201657295235,-6.9692287430618745,-6.596087312698364
7240,pp,0.05,0.0,31,2.1895674514770516,-5.519328985792217,-5.318109724256727
7241,do,0.05,0.0,47,0.03053227543830772,-9.869174754980838,-8.94015662405226
7242,pp,0.05,0.0,23,1.9140223634243005,-4.891962805661288,-4.419130661752489
7243,do,0.05,0.0,10,1.094188876152038,-5.4770218213399255,-4.975129834810892
7244,pp,0.05,0.0,19,1.4430304098129279,-6.758949922792839,-6.088848437203302
7245,do,0.05,0.0,44,2.113038740158081,-7.227943566351226,-6.1482760588328045
7246,pp,0.05,0.0,28,1.8044219315052024,-6.947470208370325,-6.439510186513265
7247,do,0.05,0.0,8,0.3028229486942289,-6.439625007455999,-5.099729747242398
7248,pp,0.05,0.0,25,2.131681061983109,-4.831832434914329,-4.269482464260525
7249,do,0.05,0.0,41,2.9090564370155327,-6.553144151514227,-5.66899131404029
7250,pp,0.05,0.0,21,2.823261719942092,-4.992533832607847,-4.15097013844384
7251,do,0.05,0.0,25,-0.08373317599296559,-6.093831744338527,-5.1900738769107395
7252,pp,0.05,0.0,4,-0.3221121382713319,-5.1171732425689695,-4.497907765706381
7253,do,0.05,0.0,70,0.20702191114425617,-8.279354349772136,-6.737440623177422
7254,pp,0.05,0.0,58,1.6767929697036736,-6.91894396868619,-6.295939861403571
7255,do,0.05,0.0,38,1.6392266702651979,-6.699685116970178,-6.242379469341702
7256,pp,0.05,0.0,70,2.8073202443122867,-7.185614987575646,-6.351212371720208
7257,do,0.05,0.0,9,-0.5633469629287715,-6.072201650792902,-5.030892271465725
7258,pp,0.05,0.0,10,1.455490882396698,-4.645232872529463,-4.243377534548442
7259,do,0.05,0.0,70,1.3584683668613433,-8.27149264162237,-9.115696631537544
7260,pp,0.05,0.0,14,1.55925017118454,-6.04114646767125,-5.257530321015252
7261,do,0.05,0.0,12,1.3852502381801601,-5.416470469850482,-4.726422455575731
7262,pp,0.05,0.0,26,3.3905828845500947,-4.588948635621504,-3.680907499790192
7263,do,0.05,0.0,4,-0.7166045784950255,-5.384526398687652,-4.794834780693054
7264,pp,0.05,0.0,23,1.3697926235198974,-6.207823653654619,-5.14518469174703
7265,do,0.05,0.0,70,1.5741214179992689,-9.454331999114066,-9.264706007639568
7266,pp,0.05,0.0,53,0.7606844615936286,-7.0409812305912824,-6.200963555441962
7267,do,0.05,0.0,70,0.47443108797073386,-7.36790378743952,-6.627619785732693
7268,pp,0.05,0.0,21,1.487147052288055,-5.833461021654534,-5.084498699506124
7269,do,0.05,0.0,28,3.0436827945709224,-5.702990640293468,-5.6831873125500145
7270,pp,0.05,0.0,54,2.3931854152679435,-6.7493151245695175,-6.512984000311958
7271,do,0.05,0.0,38,3.8312654066085816,-5.566672774517175,-5.8939903868569266
7272,pp,0.05,0.0,9,0.5115383195877081,-4.76211672262712,-4.298788725005256
7273,do,0.05,0.0,13,1.4609206581115721,-4.5996704087112885,-4.548645136091444
7274,pp,0.05,0.0,44,2.1666210699081425,-6.584513204747981,-6.236439405547248
7275,do,0.05,0.0,39,1.753587141036987,-7.116904849717112,-6.389060640335083
7276,pp,0.05,0.0,23,1.057420216798783,-4.972948671109749,-4.829859198464288
7277,do,0.05,0.0,45,0.6785579752922057,-7.592660603378758,-6.899993726942275
7278,pp,0.05,0.0,37,3.420087747573854,-7.353559066310074,-6.755635250939263
7279,do,0.05,0.0,52,2.83643271446228,-9.099719602411444,-8.352320686976116
7280,pp,0.05,0.0,9,0.8148202753067011,-4.622900663722645,-4.170512874921163
7281,do,0.05,0.0,56,3.251085644960403,-6.036955477974631,-5.403306020630731
7282,pp,0.05,0.0,10,1.4138864886760718,-4.98849084594033,-4.533238135443794
7283,do,0.05,0.0,11,1.0624073058366772,-5.472074887246796,-4.154063216845194
7284,pp,0.05,0.0,33,3.72719717502594,-4.8990618546803795,-4.531809560457865
7285,do,0.05,0.0,29,2.154261440038681,-5.399061978947032,-4.888080541292826
7286,pp,0.05,0.0,21,2.2109669768810276,-4.220741027774233,-4.297490027215746
7287,do,0.05,0.0,70,1.9631080937385565,-5.7054616191170435,-5.963093315230475
7288,pp,0.05,0.0,70,2.1367219567298887,-5.204848142103716,-5.3682808664109976
7289,do,0.05,0.0,25,1.6189055693149568,-7.202345687692816,-6.472692937321133
7290,pp,0.05,0.0,43,2.570605125427247,-6.8893055713537965,-6.163006371921963
7291,do,0.05,0.0,6,0.09513186335563617,-5.480814351457538,-4.948357240358988
7292,pp,0.05,0.0,47,1.7702609539031986,-7.289208355816927,-6.784637520048354
7293,do,0.05,0.0,57,1.730648413896561,-6.2726246212468,-5.791320906745063
7294,pp,0.05,0.0,46,4.199247728586197,-4.46867510766694,-4.317508745193481
7295,do,0.05,0.0,10,0.4529074323177342,-6.377836731708411,-5.899540305137634
7296,pp,0.05,0.0,10,1.1311804223060609,-4.529234890504317,-3.8972632712788053
7297,do,0.05,0.0,19,1.4661080956459038,-5.2664002808657555,-4.926362575425042
7298,pp,0.05,0.0,43,2.173598581552506,-5.1830717404683435,-5.171291489071316
7299,do,0.05,0.0,22,0.4708768272399908,-8.394463487104936,-7.19181338151296
7300,pp,0.05,0.0,31,2.4100556290149697,-6.554312065875892,-5.796473103099399
7301,do,0.05,0.0,55,0.9598608136177056,-7.2544183846675985,-6.501996257570055
7302,pp,0.05,0.0,70,2.0198659396171568,-6.969912843993216,-6.243230077955458
7303,do,0.05,0.0,62,0.8887804210185992,-7.461820819161155,-6.501992464065552
7304,pp,0.05,0.0,35,2.8352176678180685,-7.118968566258748,-6.077058582835727
7305,do,0.05,0.0,27,2.7883255803585048,-6.235999527844515,-5.902899077203538
7306,pp,0.05,0.0,67,2.7527123582363133,-5.302093325239239,-5.240951999028524
7307,do,0.05,0.0,27,0.7716264212131501,-6.909318146561131,-6.590369198057386
7308,pp,0.05,0.0,44,1.3819973897933968,-6.973404502868652,-6.2272624307208595
7309,do,0.05,0.0,62,1.383198355436324,-8.100945466937441,-7.701472465197245
7310,pp,0.05,0.0,36,2.076626241207123,-8.16851254232002,-7.488826804690891
7311,do,0.05,0.0,4,0.743806190490722,-4.543494156635169,-4.455424854490492
7312,pp,0.05,0.0,4,0.40261646986007715,-4.313294955455896,-3.9300267881817286
7313,do,0.05,0.0,70,-0.07361183524131754,-7.681050378626043,-7.187132263183594
7314,pp,0.05,0.0,7,1.0591246354579926,-4.682676517602169,-4.385298585891723
7315,do,0.05,0.0,22,2.284533617496489,-5.614080020153161,-5.0298085848490395
7316,pp,0.05,0.0,56,2.4696430325508123,-5.163689717379484,-4.947759260071648
7317,do,0.05,0.0,8,1.6330291163921355,-4.30816090034716,-4.213774832089742
7318,pp,0.05,0.0,42,4.500742698907853,-6.120436684290568,-6.133850283092922
7319,do,0.05,0.0,17,0.713529996871948,-5.283266959045872,-4.6537002881368
7320,pp,0.05,0.0,6,0.574630391597748,-4.714329218141961,-4.263442889849345
7321,do,0.05,0.0,1,-0.7798946011066441,-5.675553846359253,-5.353583248456319
7322,pp,0.05,0.0,17,1.3766063988208774,-4.581463136094989,-4.46955537531111
7323,do,0.05,0.0,65,2.0450098514556885,-6.302352385087446,-6.158207681443956
7324,pp,0.05,0.0,37,1.2521236848831183,-5.748336693734833,-5.774529483583239
7325,do,0.05,0.0,68,0.6849788296222687,-7.969451745351155,-7.845376772350735
7326,pp,0.05,0.0,63,1.6406683373451223,-7.60236217325384,-6.276673253377279
7327,do,0.05,0.0,18,1.9684796631336212,-5.110611315929528,-4.156631032625834
7328,pp,0.05,0.0,53,3.6446734583377838,-4.769875207091823,-4.592962760395474
7329,do,0.05,0.0,70,2.8224208152294157,-8.467207163030452,-7.862070555157132
7330,pp,0.05,0.0,70,1.577640501260757,-5.617565406452526,-5.054778218269348
7331,do,0.05,0.0,61,0.9881838130950928,-9.71510709993767,-8.374625126520792
7332,pp,0.05,0.0,48,2.9573263204097753,-6.10591211752458,-5.625855644543965
7333,do,0.05,0.0,53,3.1995604467391967,-6.048793139602199,-5.465101053979661
7334,pp,0.05,0.0,16,2.700912523269653,-5.519318651430535,-4.806553456518385
7335,do,0.05,0.0,24,1.5953787517547608,-6.077430755441839,-5.997028009096781
7336,pp,0.05,0.0,70,2.023892138004303,-6.542649228645094,-6.559750758277046
7337,do,0.05,0.0,68,0.5796123099327088,-8.271905904827696,-8.0790461063385
7338,pp,0.05,0.0,64,2.970670788288116,-5.2959375323671285,-5.307905152108934
7339,do,0.05,0.0,7,0.487383850812912,-4.705728867559722,-4.495777429474725
7340,pp,0.05,0.0,70,2.1570259189605725,-6.296855901949334,-5.728538192643059
7341,do,0.05,0.0,25,2.1963314437866206,-5.392644814288977,-4.995715022087097
7342,pp,0.05,0.0,13,1.4590914440155025,-5.11814711744135,-4.968520813518101
7343,do,0.05,0.0,70,1.7260562443733223,-6.672531314329667,-6.409554131825765
7344,pp,0.05,0.0,68,3.173444120883941,-7.056755469062112,-6.3567617071999445
7345,do,0.05,0.0,58,1.385836198329926,-8.450992301016143,-7.807641010814243
7346,pp,0.05,0.0,32,3.6757846796512617,-5.983408110069506,-5.196137017673916
7347,do,0.05,0.0,22,1.8233265376091001,-5.1977785096024025,-4.664068002170986
7348,pp,0.05,0.0,70,0.8212830781936642,-9.740096282958984,-8.62502448823717
7349,do,0.05,0.0,67,-0.8941196906566624,-9.862386440508294,-10.304671314027575
7350,pp,0.05,0.0,60,3.2856651759147644,-6.794876409299446,-6.235831578572591
7351,do,0.05,0.0,38,3.037393014431,-4.92778647740682,-4.51831613779068
7352,pp,0.05,0.0,34,3.1772534584999086,-4.793248169349901,-4.250833092795478
7353,do,0.05,0.0,8,1.0248736011981965,-4.73523226073294,-4.371078877978855
7354,pp,0.05,0.0,19,2.225744577646256,-5.529614187009407,-5.099772704972161
7355,do,0.05,0.0,26,-0.040108968019485935,-5.900202996803053,-5.4385016838709515
7356,pp,0.05,0.0,39,1.6740183663368224,-5.889983263882724,-5.383566427230835
7357,do,0.05,0.0,40,2.953305953741074,-4.930752924716834,-4.691565924220615
7358,pp,0.05,0.0,18,1.3817920315265653,-5.237845822536584,-4.682796279589335
7359,do,0.05,0.0,33,1.4326474809646603,-6.0884820157831365,-5.430842508210076
7360,pp,0.05,0.0,30,1.919121906757355,-5.04063588922674,-4.39267561700609
7361,do,0.05,0.0,10,0.9268737995624541,-5.119075004982226,-4.744191463788351
7362,pp,0.05,0.0,10,0.8760012745857235,-4.799157118074822,-4.451179783874088
7363,do,0.05,0.0,70,1.4568364787101746,-7.550260569832542,-7.349104846848382
7364,pp,0.05,0.0,70,3.6359306323528298,-4.724200257388028,-4.191763599713643
7365,do,0.05,0.0,58,1.7483681023120878,-5.967511727593162,-5.296200185351902
7366,pp,0.05,0.0,28,3.8682214474678034,-4.817175071889704,-4.190242285198636
7367,do,0.05,0.0,30,1.6503621828556065,-6.537547660596443,-5.658706080913544
7368,pp,0.05,0.0,21,2.0027992045879364,-5.674287498358524,-4.80600381427341
7369,do,0.05,0.0,67,1.4312411582469942,-7.132417936036081,-7.124328099356758
7370,pp,0.05,0.0,32,2.787974606752395,-4.742109469211463,-4.0573957403500875
7371,do,0.05,0.0,70,-0.10775493621826193,-7.560557206471761,-6.804368464152018
7372,pp,0.05,0.0,21,2.100383185148239,-5.3248537236993965,-4.636247542169359
7373,do,0.05,0.0,9,-0.3921368014812474,-5.928575505632343,-5.353934478759766
7374,pp,0.05,0.0,14,0.9490133690834037,-4.887379120335434,-4.264485096931457
7375,do,0.05,0.0,70,1.4955401635169991,-9.873330214529327,-8.526989401711358
7376,pp,0.05,0.0,70,4.403113697767257,-5.919887723344745,-5.184893851810031
7377,do,0.05,0.0,23,1.807722038030625,-5.013854584549413,-5.002279093530443
7378,pp,0.05,0.0,28,0.8346666955947875,-6.279098005005808,-5.388306310441759
7379,do,0.05,0.0,12,1.7704661011695864,-5.533025052330711,-4.716062182850308
7380,pp,0.05,0.0,18,2.1544060957431794,-4.8505542495033955,-4.516979270511204
7381,do,0.05,0.0,19,0.7116602957248688,-7.121833619204435,-6.826195332739088
7382,pp,0.05,0.0,21,1.963143790960311,-4.5774051767407045,-4.71245583958096
7383,do,0.05,0.0,7,1.941358034610749,-5.7887777328491214,-4.603062582015991
7384,pp,0.05,0.0,50,2.985809369087219,-4.9516976977839615,-4.504677687750922
7385,do,0.05,0.0,25,2.3593944299221032,-6.197249279600201,-5.79119266404046
7386,pp,0.05,0.0,59,3.9830637836456297,-5.8785737673441565,-5.44890886147817
7387,do,0.05,0.0,63,2.0540661811828613,-8.434582700151386,-7.817125847604539
7388,pp,0.05,0.0,53,3.046672743558884,-5.158748986504294,-5.036954953935411
7389,do,0.05,0.0,16,0.6316740882396692,-6.759207484216401,-6.2769820796118845
7390,pp,0.05,0.0,8,1.8316731536388398,-4.917739795916008,-4.250052086512247
7391,do,0.05,0.0,11,1.1848244595527646,-4.7149446892015865,-4.0451848215527
7392,pp,0.05,0.0,41,2.1036735415458683,-8.53022584770665,-7.648744752671983
7393,do,0.05,0.0,12,0.6098131978511807,-5.140215853488806,-4.941336753633287
7394,pp,0.05,0.0,22,1.421571758985519,-4.992356046040853,-4.633490493562486
7395,do,0.05,0.0,50,2.6595388960838307,-7.153683078650272,-7.322801468107436
7396,pp,0.05,0.0,59,4.514450761079789,-5.517625534173214,-4.906205153465271
7397,do,0.05,0.0,4,-0.1648321080207822,-5.2220142725742225,-4.856741277376811
7398,pp,0.05,0.0,17,1.8142567193508148,-5.379842285676436,-4.904064358605279
7399,do,0.05,0.0,16,1.618562046289445,-6.567894702969175,-5.898396523793538
7400,pp,0.05,0.0,19,3.3235906314849846,-5.8140753789381545,-5.088530519273546
7401,do,0.05,0.0,19,1.40679141998291,-5.000493325609149,-4.521239773432414
7402,pp,0.05,0.0,28,2.705420401096344,-5.483787647883097,-4.232018605868022
7403,do,0.05,0.0,54,-0.22319020509719856,-8.951275253295899,-10.14712332089742
7404,pp,0.05,0.0,24,2.3332161104679106,-5.24957855831493,-4.4021728992462155
7405,do,0.05,0.0,56,0.35206716418266293,-7.262497250239054,-6.903710020913018
7406,pp,0.05,0.0,17,1.2322192871570588,-5.396132496631506,-4.996449285083347
7407,do,0.05,0.0,70,1.5797478187084204,-7.912922035564076,-6.912250261836582
7408,pp,0.05,0.0,63,3.2079806005954747,-6.618522597804214,-6.682136220402188
7409,do,0.05,0.0,10,0.28401063084602374,-5.427460193634033,-4.891158122486538
7410,pp,0.05,0.0,11,1.3504719173908226,-4.738705909613407,-3.9362480560938518
7411,do,0.05,0.0,31,1.4574010801315316,-6.551060391917373,-6.128223138385349
7412,pp,0.05,0.0,45,1.0685678911209102,-8.815879118081295,-7.945301034715441
7413,do,0.05,0.0,12,1.2970941925048827,-5.069783626903187,-4.548842795689901
7414,pp,0.05,0.0,7,0.5119466900825502,-5.262168768680457,-4.770522183842129
7415,do,0.05,0.0,70,1.6803104400634767,-6.622824335098267,-6.358481234974331
7416,pp,0.05,0.0,70,1.6037547981739042,-7.357611595500599,-6.523937831984626
7417,do,0.05,0.0,70,0.045297613143919335,-8.834147801543727,-8.441411934958564
7418,pp,0.05,0.0,34,1.5751436245441433,-6.82186918258667,-6.034508567386204
7419,do,0.05,0.0,9,-0.004399833679199716,-5.571304094430172,-5.192029706637064
7420,pp,0.05,0.0,25,2.472426606416702,-5.332691183957187,-4.526617662111918
7421,do,0.05,0.0,11,1.5796921288967134,-4.423226454763702,-4.166559987597996
7422,pp,0.05,0.0,16,1.8341318297386175,-5.495816006804958,-5.082611229684618
7423,do,0.05,0.0,23,0.9337600648403175,-6.34591209527218,-7.0623193581899
7424,pp,0.05,0.0,28,3.5080009984970095,-5.584312511212898,-5.295569284756978
7425,do,0.05,0.0,26,-0.16862593054771402,-8.061914611585212,-7.0186033937666155
7426,pp,0.05,0.0,50,0.8361961090564725,-6.437541340336655,-5.953348951869541
7427,do,0.05,0.0,57,2.5785909819602963,-8.622173536185063,-7.727467245525784
7428,pp,0.05,0.0,39,2.5412114131450645,-5.826605532386086,-5.20999579694536
7429,do,0.05,0.0,10,1.0886888957023624,-5.603158975370002,-4.797057649824354
7430,pp,0.05,0.0,20,2.3621228432655332,-6.427732074621952,-5.8539990372127955
7431,do,0.05,0.0,24,0.5950152695178978,-7.6215923872861,-6.665241458680895
7432,pp,0.05,0.0,19,0.6103726482391361,-5.66722824790261,-5.659078926510281
7433,do,0.05,0.0,38,1.4912469124794008,-5.598280023806023,-7.5979128095838755
7434,pp,0.05,0.0,31,1.915069049596787,-5.554904275951963,-5.226501406563653
7435,do,0.05,0.0,30,2.0514581096172337,-5.695458456964204,-5.371252846717835
7436,pp,0.05,0.0,33,2.786964173316955,-4.66171036344586,-4.136365257369148
7437,do,0.05,0.0,70,1.7702913165092466,-5.509819980101152,-5.494716758198209
7438,pp,0.05,0.0,7,0.8121085178852079,-4.977141086982958,-4.597775732146369
7439,do,0.05,0.0,11,-0.18931517839431766,-5.793063912247167,-4.975555658340454
7440,pp,0.05,0.0,40,0.5014745056629195,-7.138964988246109,-6.160070708062913
7441,do,0.05,0.0,25,2.114777860641479,-5.928870807994496,-5.490206125047472
7442,pp,0.05,0.0,16,2.5015164458751675,-5.00983904058283,-4.638880565431383
7443,do,0.05,0.0,6,0.17978889346122795,-5.8922518123279914,-4.729771373007033
7444,pp,0.05,0.0,11,1.2677667164802555,-4.248722816236091,-3.8423690875371297
7445,do,0.05,0.0,57,1.4075017035007473,-5.561219274636471,-5.277079712020027
7446,pp,0.05,0.0,12,1.2995630002021787,-4.521099396907922,-4.236731751759847
7447,do,0.05,0.0,70,0.39010526776313625,-9.377629959222043,-8.581861517164443
7448,pp,0.05,0.0,22,1.50095438838005,-5.210892496686993,-5.10825694931878
7449,do,0.05,0.0,40,1.8079087293148035,-5.661446113297433,-5.150747360123528
7450,pp,0.05,0.0,20,2.8220356142520906,-4.757318657094782,-4.229875583118862
7451,do,0.05,0.0,57,1.7611610078811655,-6.957042114662402,-6.379147974650065
7452,pp,0.05,0.0,27,2.5863404369354255,-4.832442545168328,-4.51776336034139
7453,do,0.05,0.0,70,1.2568084728717794,-6.3909265561537305,-6.854501846101549
7454,pp,0.05,0.0,70,1.8572667813301091,-6.0889153075940685,-5.504347387949625
7455,do,0.05,0.0,15,0.12327171921730073,-6.222502348639749,-6.226551612218221
7456,pp,0.05,0.0,40,1.5622870790958414,-5.695370585990674,-5.272425145573086
7457,do,0.05,0.0,52,1.4725930953025816,-6.666826342091416,-5.761092978053623
7458,pp,0.05,0.0,37,2.152515414953232,-6.235479301394839,-5.56482675075531
7459,do,0.05,0.0,24,2.873208302259445,-5.376519766720858,-5.082182839181688
7460,pp,0.05,0.0,49,2.9917044067382825,-7.4987570560339725,-7.289583945274353
7461,do,0.05,0.0,15,2.4681311833858492,-5.589685805638632,-5.1660911374621925
7462,pp,0.05,0.0,35,1.9923009395599367,-5.978744759704128,-5.390060512224833
7463,do,0.05,0.0,16,1.7781894445419315,-5.165384629278472,-5.311785414483812
7464,pp,0.05,0.0,13,1.9648994696140294,-4.400158028169112,-4.342170988188849
7465,do,0.05,0.0,55,3.0182752060890197,-5.202826758586999,-4.628732800483704
7466,pp,0.05,0.0,64,2.652100148200989,-5.181010847380667,-4.989492567380269
7467,do,0.05,0.0,31,3.698224195241928,-4.743347347143924,-4.414152492417229
7468,pp,0.05,0.0,70,3.9175512528419496,-5.028448130867698,-5.056187211142646
7469,do,0.05,0.0,32,1.7598590469360351,-5.0604373411698775,-4.7318192667431305
7470,pp,0.05,0.0,28,2.1235666954517365,-4.981468485340928,-4.600832056999207
7471,do,0.05,0.0,64,1.8062486410140997,-5.744357340263598,-5.383529512087504
7472,pp,0.05,0.0,70,3.4928454887866973,-4.7105753335085785,-4.499183291859097
7473,do,0.05,0.0,44,0.12741344451904268,-8.312172152779318,-7.620025274488661
7474,pp,0.05,0.0,23,2.2536887896060946,-4.345711010152644,-4.227199003431532
7475,do,0.05,0.0,22,1.5099909794330602,-6.744527022043864,-5.686547846264309
7476,pp,0.05,0.0,36,2.3910738205909725,-4.979964260621505,-4.711331208546956
7477,do,0.05,0.0,70,1.37635586977005,-5.35137629364476,-5.226784125963847
7478,pp,0.05,0.0,70,1.9950447320938114,-4.55863421758016,-4.46738944583469
7479,do,0.05,0.0,68,3.0734470164775844,-7.386345207329953,-7.414160044987996
7480,pp,0.05,0.0,35,3.1669322669506066,-5.932247752854319,-5.829915340741476
7481,do,0.05,0.0,17,1.8992230534553523,-4.808954854445024,-4.158152553770277
7482,pp,0.05,0.0,22,2.087861601114273,-4.796097212126761,-4.19203413327535
7483,do,0.05,0.0,65,2.901264250278474,-7.061797763362075,-6.360091153780619
7484,pp,0.05,0.0,48,3.724378947019577,-4.571372272029068,-4.499452397558424
7485,do,0.05,0.0,70,1.9226405143737786,-8.316463875048088,-7.265203412373861
7486,pp,0.05,0.0,31,3.0524712991714473,-5.2147138248790394,-5.02686103714837
7487,do,0.05,0.0,4,0.43266525030136105,-4.688042845870509,-4.228519331084358
7488,pp,0.05,0.0,33,3.1442786538600913,-4.882350150021639,-4.7043512172169155
7489,do,0.05,0.0,64,3.2351742398738867,-7.234879412795558,-6.372934018241034
7490,pp,0.05,0.0,43,3.079465686082841,-5.587910668055216,-4.652937255965339
7491,do,0.05,0.0,70,3.017918162345885,-6.939927556297996,-6.943986410564847
7492,pp,0.05,0.0,21,2.853049108982086,-4.871141371582493,-4.609271661440531
7493,do,0.05,0.0,21,1.6989907228946688,-5.076212284781716,-4.95138467417823
7494,pp,0.05,0.0,9,0.5562763023376469,-4.365670039437034,-3.6347376492288377
7495,do,0.05,0.0,33,1.862502901554108,-6.563599206462051,-6.457956875695123
7496,pp,0.05,0.0,34,3.9671455180644983,-5.158115531458999,-4.8534964534971445
7497,do,0.05,0.0,35,2.4602853071689603,-5.608646873994307,-4.900249414973789
7498,pp,0.05,0.0,60,1.6596583616733556,-5.945947129798658,-5.341311327616373
7499,do,0.05,0.0,64,0.5769233441352846,-8.425718793002043,-7.53582731352912
7500,pp,0.05,0.0,70,2.1206919169425964,-6.137996193856904,-5.376102023654514
7501,do,0.05,0.0,20,2.395339827537537,-6.037624606219205,-5.082960147327847
7502,pp,0.05,0.0,16,1.7686180305480965,-6.249741938619903,-5.17874801158905
7503,do,0.05,0.0,29,3.2953992187976837,-5.081151517232259,-4.2864702807532415
7504,pp,0.05,0.0,38,2.6119720208644868,-7.345871918129198,-6.499903554386563
7505,do,0.05,0.0,11,1.2624137425422663,-5.537812575426969,-5.147608727878994
7506,pp,0.05,0.0,45,1.2416419887542727,-7.829831353100864,-6.6884108781814575
7507,do,0.05,0.0,39,3.4923556184768687,-6.1607778823736945,-5.696368508868748
7508,pp,0.05,0.0,33,4.042473454475403,-5.07824971892617,-4.952007015546163
7509,do,0.05,0.0,70,4.8486394023895265,-6.4599376331676135,-5.909934936629401
7510,pp,0.05,0.0,36,2.0380279326438906,-7.315673552137433,-6.743958942095438
7511,do,0.05,0.0,23,1.8877271151542665,-6.5750169710679485,-5.438821331659953
7512,pp,0.05,0.0,70,1.8634021723270422,-7.327780879627575,-6.833816909790039
7513,do,0.05,0.0,52,3.1818299472332,-6.447172659093684,-6.1321069108115305
7514,pp,0.05,0.0,61,2.7666438102722175,-6.222247141057795,-5.7308611207538185
7515,do,0.05,0.0,69,2.1750304591655727,-7.8562900008577286,-7.547109444936116
7516,pp,0.05,0.0,43,1.1600344908237457,-5.986726849006884,-6.1562844567828705
7517,do,0.05,0.0,16,1.498141233921051,-6.760896756432273,-6.428192610210843
7518,pp,0.05,0.0,30,0.7234696865081789,-5.947257947921753,-4.760122725698683
7519,do,0.05,0.0,38,1.5617598319053663,-8.476440572738648,-7.8833593315548365
7520,pp,0.05,0.0,41,0.37049819231033254,-7.2456067851095485,-6.98822902838389
7521,do,0.05,0.0,24,0.8638446938991544,-5.375614017428774,-4.689554842313131
7522,pp,0.05,0.0,6,0.12814290285110452,-5.407491981621945,-4.68444185256958
7523,do,0.05,0.0,46,1.3023323810100553,-6.47039890722795,-6.0512911054823135
7524,pp,0.05,0.0,8,0.9817458677291864,-4.208549964789189,-4.023899377716912
7525,do,0.05,0.0,62,2.2077023720741273,-5.859773576620853,-5.643111811743842
7526,pp,0.05,0.0,56,1.5092322373390203,-8.042361284024787,-6.493309993214077
7527,do,0.05,0.0,28,0.7827297103405,-6.241748280958696,-5.608332856496175
7528,pp,0.05,0.0,32,2.1044304597377774,-5.729326305967389,-5.491370595826043
7529,do,0.05,0.0,70,0.9303494834899899,-9.229646655284997,-6.862277025646634
7530,pp,0.05,0.0,12,1.3712568306922908,-4.461872736612956,-3.8344804008801776
7531,do,0.05,0.0,54,2.0146673703193665,-5.4096030191941695,-5.885230769051446
7532,pp,0.05,0.0,19,1.6229574787616725,-5.570840069741914,-5.106460767322116
7533,do,0.05,0.0,35,0.3444889008998864,-9.524672846360641,-8.641036033630371
7534,pp,0.05,0.0,8,0.9552228295803067,-5.112288196159132,-4.455970244937473
7535,do,0.05,0.0,52,3.0369918823242186,-4.9027756170793015,-4.451910053359137
7536,pp,0.05,0.0,47,2.393516796827317,-6.675244331359863,-5.425316005282932
7537,do,0.05,0.0,70,3.3790406155586252,-6.966967053846879,-6.4049354791641235
7538,pp,0.05,0.0,22,2.6531725072860723,-5.1857959964058615,-4.750648747550117
7539,do,0.05,0.0,23,1.4477761483192442,-4.969335316166733,-4.51590150197347
7540,pp,0.05,0.0,24,2.7755612492561346,-5.071013446287675,-4.3598059495290125
7541,do,0.05,0.0,70,1.3489073669910443,-9.512562108762337,-8.07099658118354
7542,pp,0.05,0.0,31,3.2700702691078183,-4.604957077719948,-4.318437899483575
7543,do,0.05,0.0,38,3.025581797361374,-6.485739296132868,-6.27076293097602
7544,pp,0.05,0.0,54,3.8571170330047604,-5.317527112093839,-5.112065376175774
7545,do,0.05,0.0,15,1.7571658229827882,-4.830950956633597,-4.0159554057651095
7546,pp,0.05,0.0,56,1.5366846811771389,-7.181697700962876,-6.529529102643331
7547,do,0.05,0.0,34,1.110799063444138,-5.5301875692425355,-4.87146667904324
7548,pp,0.05,0.0,37,2.4632891225814824,-4.794856948563547,-4.327315788798862
7549,do,0.05,0.0,25,2.163646245002747,-5.381444225889264,-4.892827190293206
7550,pp,0.05,0.0,14,1.7063602316379543,-4.802010865644975,-4.346166528595818
7551,do,0.05,0.0,70,2.449156430959702,-6.030004697857481,-5.73957069185045
7552,pp,0.05,0.0,34,2.4497843670845034,-6.2336207216436215,-5.770710261662801
7553,do,0.05,0.0,70,1.5640599489212033,-8.131431517456518,-8.128275050057304
7554,pp,0.05,0.0,21,1.0752221345901498,-7.600296365853512,-6.210193056530422
7555,do,0.05,0.0,17,-0.01766571283340479,-5.8748203407634385,-5.282122638490465
7556,pp,0.05,0.0,22,1.3589386153221135,-5.176441098704482,-4.5861093680063885
7557,do,0.05,0.0,58,0.938966856002807,-6.006319777170817,-6.40798019833035
7558,pp,0.05,0.0,12,1.182592278718948,-4.872030564510461,-4.240738815731472
7559,do,0.05,0.0,9,0.9557202970981598,-5.640084953019113,-4.809009697702196
7560,pp,0.05,0.0,24,2.493758323192597,-5.884312824769453,-5.663558957311842
7561,do,0.05,0.0,32,1.8905859601497648,-5.194767434669264,-4.729767097367181
7562,pp,0.05,0.0,40,3.2858101117610934,-4.9037580706856465,-4.33879484600491
7563,do,0.05,0.0,9,0.812833392620087,-5.284020591504646,-5.143308165338304
7564,pp,0.05,0.0,17,1.066659590005874,-6.064432027123191,-5.0398922708299425
7565,do,0.05,0.0,15,0.6954093968868262,-6.711744493426699,-6.429087482558357
7566,pp,0.05,0.0,19,2.536810089349747,-4.536880696903576,-4.252401990360684
7567,do,0.05,0.0,16,-0.4871482741832738,-6.760937131534924,-5.850430443551805
7568,pp,0.05,0.0,21,1.2914694595336913,-5.516753374446522,-5.1030375798543295
7569,do,0.05,0.0,62,0.014677516222000975,-8.166924619674683,-7.205252891116672
7570,pp,0.05,0.0,20,2.424784671068191,-4.764408750245066,-4.365240157975091
7571,do,0.05,0.0,26,0.8488202714920057,-7.338748485391791,-7.0143699487050375
7572,pp,0.05,0.0,34,1.1353994238376615,-4.909869753230701,-4.1209410429000854
7573,do,0.05,0.0,68,0.8186964213848107,-6.34686821012786,-5.62791924741533
7574,pp,0.05,0.0,22,2.1042087686061857,-5.649940391020341,-5.203441166877747
7575,do,0.05,0.0,70,1.078181877136231,-9.044622256539085,-8.071648997730678
7576,pp,0.05,0.0,27,2.689519666433335,-5.00266370195331,-4.381811367140876
7577,do,0.05,0.0,22,0.5974023020267492,-6.664853919636119,-6.1543139881557885
7578,pp,0.05,0.0,29,2.7725107789039622,-6.217011983466871,-5.270592625935873
7579,do,0.05,0.0,46,3.141758354902267,-5.822678565979004,-5.754682633611891
7580,pp,0.05,0.0,5,1.2235008108615881,-4.9221929449023625,-4.611471043692695
7581,do,0.05,0.0,42,1.6984727859497069,-6.738639984708843,-5.981822983423869
7582,pp,0.05,0.0,28,3.606198365688324,-4.7213817495288275,-3.876174587673611
7583,do,0.05,0.0,26,2.443297148942947,-6.115661996783632,-5.888586031066047
7584,pp,0.05,0.0,16,2.465765542984008,-4.757071058677904,-4.227956263224284
7585,do,0.05,0.0,5,0.8181380093097692,-5.020527715393992,-4.5506384982003105
7586,pp,0.05,0.0,44,2.5465615594387048,-5.854660089088209,-5.267282014422946
7587,do,0.05,0.0,33,1.2301418030261981,-7.285703086853028,-7.2817633310953775
7588,pp,0.05,0.0,56,3.1710173463821416,-7.245813765670314,-7.06909405125512
7589,do,0.05,0.0,35,0.9100583243370064,-8.644785537141741,-9.926130644480388
7590,pp,0.05,0.0,58,3.0505193102359778,-7.262616719621601,-5.35103227827284
7591,do,0.05,0.0,4,-0.6085327601432802,-6.010475504037106,-4.8581840409172905
7592,pp,0.05,0.0,9,0.5013951420783993,-5.536049276409727,-4.674247521824307
7593,do,0.05,0.0,13,0.961879690885544,-4.734453477281512,-4.2744410594304405
7594,pp,0.05,0.0,48,3.042372896671295,-5.183165113853685,-4.328617250919342
7595,do,0.05,0.0,70,2.144764173030853,-5.852585142309016,-5.626418609089321
7596,pp,0.05,0.0,25,2.7008922290802007,-4.733988660754579,-4.454294207361009
7597,do,0.05,0.0,46,0.09500269412994378,-8.931660000483195,-7.998126210106744
7598,pp,0.05,0.0,40,3.149154698848724,-5.029671088131991,-4.244586062431336
7599,do,0.05,0.0,70,-0.15250946879386884,-7.360648815559618,-6.504714504877726
7600,pp,0.05,0.0,16,2.0600162827968598,-4.7498808268344765,-4.085898943742117
7601,do,0.05,0.0,64,0.8300923228263857,-7.347902105793809,-6.79452072514428
7602,pp,0.05,0.0,30,2.3615309286117556,-5.6520007595871435,-5.015119165844387
7603,do,0.05,0.0,9,0.5168214285373693,-6.090111301884507,-5.376261210441589
7604,pp,0.05,0.0,53,1.015713889598846,-6.917447960015499,-6.4492109325197005
7605,do,0.05,0.0,70,1.275181258916855,-7.196260859749534,-7.189767514334784
7606,pp,0.05,0.0,48,2.230639872550964,-5.4831705758065885,-5.119375311003791
7607,do,0.05,0.0,19,1.0757879304885867,-6.0718699180718625,-5.444810575909084
7608,pp,0.05,0.0,61,1.351228055953979,-6.174718404538703,-5.612437698576185
7609,do,0.05,0.0,69,1.5333210289478298,-7.495223857417251,-6.816853740480211
7610,pp,0.05,0.0,16,2.8873232173919687,-5.8108432191790955,-5.025673378838433
7611,do,0.05,0.0,8,1.1120006120204922,-5.047767932487257,-4.871010968420241
7612,pp,0.05,0.0,42,2.159923400878907,-5.177615892525875,-4.918907772170173
7613,do,0.05,0.0,9,1.2482674825191493,-4.866214568687208,-5.818753793504503
7614,pp,0.05,0.0,31,1.1668036019802095,-5.746405503244111,-5.315693373150296
7615,do,0.05,0.0,42,2.071072587966918,-7.202164537256414,-5.208119455973307
7616,pp,0.05,0.0,25,2.3913644587993614,-5.773751042105935,-5.192552002271016
7617,do,0.05,0.0,37,1.4933831238746649,-7.7820907274882,-7.005165794160631
7618,pp,0.05,0.0,35,2.116457874774933,-4.614907270489317,-4.29355456299252
7619,do,0.05,0.0,66,1.9504785251617438,-6.930097686883175,-6.9253496276007755
7620,pp,0.05,0.0,45,2.4465868544578555,-6.048268290722009,-5.300180705388387
7621,do,0.05,0.0,70,2.802257466316223,-6.130752611160278,-5.939803907606337
7622,pp,0.05,0.0,18,2.2379917204380035,-4.360661380941218,-4.462590633498298
7623,do,0.05,0.0,35,3.6281478202342985,-6.8240646694645735,-6.350715920660231
7624,pp,0.05,0.0,32,3.1598560023307796,-4.637580550800671,-4.485128227869669
7625,do,0.05,0.0,18,1.9376060426235195,-4.802563944729892,-5.3905100716484915
7626,pp,0.05,0.0,20,1.2838991653919223,-4.874069440726078,-4.637427610821194
7627,do,0.05,0.0,28,1.1634603250026707,-6.165199961806788,-6.103996931182014
7628,pp,0.05,0.0,57,2.1886598682403555,-5.465814791303693,-5.458389343155755
7629,do,0.05,0.0,11,1.5739735126495367,-5.454343961946892,-5.093574945131937
7630,pp,0.05,0.0,15,1.7303463053703307,-4.843625020980835,-4.869024830394321
7631,do,0.05,0.0,21,0.5784279179573062,-7.1323551409172286,-6.1514083041085135
7632,pp,0.05,0.0,10,1.010836896896362,-5.280427350419941,-4.514398797353109
7633,do,0.05,0.0,51,2.530559561252593,-6.083291653430823,-5.791974012056986
7634,pp,0.05,0.0,67,1.5556259751319885,-6.995888111808084,-6.921452575259739
7635,do,0.05,0.0,27,2.3936188340187075,-5.102260806343772,-5.017925153838264
7636,pp,0.05,0.0,35,2.7879689836502077,-4.081035981756268,-4.203603265020583
7637,do,0.05,0.0,70,1.6502475845813755,-7.314480956395467,-6.515431507428487
7638,pp,0.05,0.0,28,3.2470864617824544,-4.463427293661869,-4.31924221250746
7639,do,0.05,0.0,70,1.6190587198734274,-6.423806794484457,-5.712350673145718
7640,pp,0.05,0.0,55,1.3545902788639061,-5.817956003998265,-5.496913022465176
7641,do,0.05,0.0,39,3.397538295984268,-5.182544537746545,-4.867924804157681
7642,pp,0.05,0.0,69,3.8070460486412045,-4.835157417528557,-4.7514712572097775
7643,do,0.05,0.0,43,2.486512582302094,-5.691127324826789,-5.934235631095039
7644,pp,0.05,0.0,62,1.891000069379806,-6.446046821998827,-6.350455604659187
7645,do,0.05,0.0,59,2.1226669049263007,-7.125807074344519,-6.5781251695421
7646,pp,0.05,0.0,37,4.366081569194794,-4.871265415711837,-4.850691832436455
7647,do,0.05,0.0,63,3.6797681534290305,-5.951896486860333,-5.622171346346537
7648,pp,0.05,0.0,24,2.0756756711006163,-4.701498235355724,-4.379994201660156
7649,do,0.05,0.0,41,1.5478874731063845,-5.7669446208260275,-5.564564024077521
7650,pp,0.05,0.0,27,2.591607500314712,-5.920118405602195,-5.380825244055854
7651,do,0.05,0.0,40,2.107562389373779,-5.897607426209883,-5.915179173151652
7652,pp,0.05,0.0,36,3.4536404800415044,-4.520908462640011,-4.514600865046183
7653,do,0.05,0.0,20,1.519414871931077,-6.49848811265194,-5.714122218555874
7654,pp,0.05,0.0,70,2.3524253582954398,-4.809326596693559,-4.631178853246901
7655,do,0.05,0.0,28,1.3195382630825039,-6.5102984269460045,-5.73429848353068
7656,pp,0.05,0.0,19,2.2364175403118134,-4.67113324656631,-4.56665038532681
7657,do,0.05,0.0,61,3.046724269390105,-5.64097224148837,-5.3054441346062555
7658,pp,0.05,0.0,18,1.790074590444564,-4.913083884210297,-4.408334954579671
7659,do,0.05,0.0,9,0.3651886940002447,-6.19198139219573,-5.3629224008984036
7660,pp,0.05,0.0,26,2.3165702807903292,-5.584648392417214,-5.223668474621243
7661,do,0.05,0.0,6,0.6018738687038425,-5.0778630863536485,-4.48872119055854
7662,pp,0.05,0.0,70,3.4390191733837137,-5.470395985516634,-5.865348601341248
7663,do,0.05,0.0,68,1.8498841392993919,-6.6094708731680205,-6.049117957221137
7664,pp,0.05,0.0,30,2.420462332963944,-5.681593162363225,-5.70039017730289
7665,do,0.05,0.0,33,1.8141234207153332,-7.0041038484284375,-6.4169261376063025
7666,pp,0.05,0.0,17,1.924702153205872,-4.804868738579027,-4.271142098638746
7667,do,0.05,0.0,58,1.6565288090705863,-7.427737900705049,-6.506900874773661
7668,pp,0.05,0.0,28,1.1294108533859255,-7.02259320490288,-5.88262579176161
7669,do,0.05,0.0,10,1.063438346385956,-4.41892642252373,-4.057473275396559
7670,pp,0.05,0.0,66,2.312327783107758,-6.047455747199781,-5.76320140891605
7671,do,0.05,0.0,25,2.717175763845445,-5.417037475470341,-4.63811551729838
7672,pp,0.05,0.0,44,3.008451784849168,-7.729021374384562,-7.259845148192512
7673,do,0.05,0.0,40,3.459377245903015,-4.538948009953354,-4.578963555230034
7674,pp,0.05,0.0,11,1.603136637210846,-4.402225202502627,-4.618277968300713
7675,do,0.05,0.0,50,2.446126959323883,-7.418569518580581,-6.099264187282986
7676,pp,0.05,0.0,9,1.5595351207256316,-4.750719327637643,-4.264671365420024
7677,do,0.05,0.0,52,2.3054578471183786,-7.2058175520463426,-7.22690499358707
7678,pp,0.05,0.0,34,2.2618856036663058,-5.299945218635328,-5.00097480085161
7679,do,0.05,0.0,51,3.129620326757432,-6.547251455711596,-5.437945360607571
7680,pp,0.05,0.0,38,4.316601257324218,-6.625787291382299,-5.869751376575894
7681,do,0.05,0.0,70,2.357314845323562,-7.82611444791158,-7.933110822571648
7682,pp,0.05,0.0,55,2.3882315552234648,-5.291657501278501,-5.116322382291158
7683,do,0.05,0.0,21,1.8644887995719914,-5.487536850842562,-5.683235804239909
7684,pp,0.05,0.0,70,1.4886256062984469,-8.806920326117313,-8.441124757130941
7685,do,0.05,0.0,68,0.6594863939285283,-7.5124408115040175,-6.9338427040312025
7686,pp,0.05,0.0,58,1.8328271698951717,-9.285369604284114,-8.439983897738987
7687,do,0.05,0.0,15,0.01970110535621572,-5.849953004085656,-5.13301568031311
7688,pp,0.05,0.0,31,1.5762583827972412,-6.3842036420648745,-5.496062527762519
7689,do,0.05,0.0,26,2.2358514404296876,-8.461957249496923,-7.125519651836819
7690,pp,0.05,0.0,24,3.372537548542022,-7.9642012177091654,-8.046711733606127
7691,do,0.05,0.0,61,1.8062139856815342,-6.607987516576594,-6.837489326794942
7692,pp,0.05,0.0,25,1.2403419458866116,-5.34609565445871,-5.034258810679118
7693,do,0.05,0.0,69,2.733876506090164,-5.9566180474830395,-6.042868977122836
7694,pp,0.05,0.0,29,1.9706239938735965,-4.9190097693241,-5.242945053842333
7695,do,0.05,0.0,16,2.260534665584564,-4.486905727964459,-4.245084672504001
7696,pp,0.05,0.0,34,1.8449749588966373,-5.1039858008876,-4.707185191578335
7697,do,0.05,0.0,18,0.8907030057907104,-5.450634962139707,-5.000726162062751
7698,pp,0.05,0.0,7,1.2211970067024227,-4.35433420123476,-3.888693865140279
7699,do,0.05,0.0,70,1.4921298611164087,-6.500330562302561,-5.829303373230828
7700,pp,0.05,0.0,19,1.8113946866989137,-5.036668570836385,-4.565173157056173
7701,do,0.05,0.0,18,0.33346857190132173,-6.947406365654685,-6.537462528546651
7702,pp,0.05,0.0,21,2.0576476418972014,-5.077921283606327,-4.512467299567328
7703,do,0.05,0.0,70,1.9937625908851624,-6.414256435452086,-6.690188354916042
7704,pp,0.05,0.0,31,3.8066285789012904,-4.928259059154626,-5.07222527662913
7705,do,0.05,0.0,59,0.35927178144454963,-6.121893239743782,-5.864128295580546
7706,pp,0.05,0.0,26,1.3970479798316955,-6.926805717294866,-6.204132713211907
7707,do,0.05,0.0,29,2.095350106954575,-4.773067884734183,-4.241791223155127
7708,pp,0.05,0.0,36,1.9821386730670936,-5.407604083147916,-4.904676410886976
7709,do,0.05,0.0,24,2.723850597143173,-4.592499475768118,-4.360458215077718
7710,pp,0.05,0.0,31,2.7446156382560725,-4.341481571486502,-4.234968913926019
7711,do,0.05,0.0,4,-0.03458679437637269,-5.35428047469168,-4.705878247155083
7712,pp,0.05,0.0,20,1.774252061843871,-5.901770346092455,-5.58745964633094
7713,do,0.05,0.0,46,1.5821174454689029,-6.897830519531713,-6.345825788709853
7714,pp,0.05,0.0,45,2.912348629236222,-5.902530680280743,-5.076693126890395
7715,do,0.05,0.0,70,3.3889296710491186,-6.657765852321278,-6.64222358862559
7716,pp,0.05,0.0,23,2.6645755863189695,-5.685389895872636,-5.1861791080898705
7717,do,0.05,0.0,70,1.8844284129142759,-5.824828881928415,-5.651646672354804
7718,pp,0.05,0.0,21,1.588281006813049,-4.853871630177354,-4.4291901641421845
7719,do,0.05,0.0,10,0.9006254494190218,-4.762325981891516,-4.3045521895090735
7720,pp,0.05,0.0,9,1.277116972208023,-4.427403038198298,-3.846788101726108
7721,do,0.05,0.0,5,0.06305470228195187,-5.213221363587813,-4.661465210384793
7722,pp,0.05,0.0,20,2.248124692440033,-5.528751221570102,-4.96665981080797
7723,do,0.05,0.0,38,0.5061584782600406,-8.739795144399007,-8.533999305301242
7724,pp,0.05,0.0,25,1.690626286268234,-5.441522099755027,-4.922027516365051
7725,do,0.05,0.0,4,0.1980969369411465,-4.778398542693167,-4.366545102331373
7726,pp,0.05,0.0,12,1.224130069017411,-4.6367368553624,-4.003548153241476
7727,do,0.05,0.0,7,1.2527621293067934,-4.718571235194351,-4.314610812399122
7728,pp,0.05,0.0,26,2.099755147695541,-5.027109068090265,-4.318578325377571
7729,do,0.05,0.0,43,1.7205068385601034,-7.038188181501447,-6.512916506661309
7730,pp,0.05,0.0,38,1.4006732225418093,-5.577347249695749,-4.937579613261753
7731,do,0.05,0.0,24,0.9075231134891508,-6.327100058757898,-5.467352006170485
7732,pp,0.05,0.0,30,2.7118908691406256,-4.443152104002056,-4.230676815244887
7733,do,0.05,0.0,5,0.9682035100460054,-4.605907752297141,-4.322992605633206
7734,pp,0.05,0.0,19,0.7527091360092166,-7.458600515307802,-6.702844193246629
7735,do,0.05,0.0,5,0.1039678788185121,-4.9675054810263894,-4.285887069172329
7736,pp,0.05,0.0,24,2.048945064544678,-6.019831884268559,-5.454332248369853
7737,do,0.05,0.0,7,0.4937782061100009,-4.684919597163345,-4.92690241071913
7738,pp,0.05,0.0,63,3.392758284807206,-4.647003504724213,-4.19549265437656
7739,do,0.05,0.0,59,3.38061971783638,-6.285838494156346,-6.0707468695110745
7740,pp,0.05,0.0,21,2.165433858633042,-5.670747794526996,-5.504079021347893
7741,do,0.05,0.0,19,0.9648550343513493,-6.554275371089126,-5.028351987732782
7742,pp,0.05,0.0,64,3.3862356448173525,-5.783755891973322,-4.932309956020779
7743,do,0.05,0.0,10,0.8810029864311222,-4.693469775806774,-4.534208618270027
7744,pp,0.05,0.0,9,0.7679551517963414,-5.593456557302764,-5.355070238643222
7745,do,0.05,0.0,68,3.144271439313889,-6.646682727698124,-6.117205794652303
7746,pp,0.05,0.0,29,3.35292532324791,-5.83207503232089,-4.999321632915073
7747,do,0.05,0.0,2,0.11685282111167883,-4.875007742101496,-4.298989560869005
7748,pp,0.05,0.0,16,1.9090781283378604,-4.398908258206917,-4.24132157696618
7749,do,0.05,0.0,5,0.15108255743980425,-5.448406374093258,-4.598585878478156
7750,pp,0.05,0.0,18,1.3036984932422646,-4.791495265382709,-4.3130852010515
7751,do,0.05,0.0,19,1.6800806379318232,-5.4404891924424605,-4.947894835472107
7752,pp,0.05,0.0,7,0.2182494056224824,-5.581793364611539,-4.738834449979994
7753,do,0.05,0.0,20,0.5502225410938264,-6.903613096294981,-6.148057889938355
7754,pp,0.05,0.0,12,0.9626507544517517,-5.127696551698627,-4.418787871466742
7755,do,0.05,0.0,35,2.3814455413818365,-5.466380922722094,-5.337971713807848
7756,pp,0.05,0.0,53,1.6230595612525933,-6.475732388640895,-6.1615997208489315
7757,do,0.05,0.0,12,1.7013356876373296,-6.974437667384292,-6.6174440410402084
7758,pp,0.05,0.0,70,2.786891860961914,-6.786935653108539,-6.5536549700631035
7759,do,0.05,0.0,28,1.6288836216926574,-5.721343645905003,-6.545367039574517
7760,pp,0.05,0.0,45,1.5878630578517914,-6.047769958322698,-6.572860169410705
7761,do,0.05,0.0,69,1.1875475096702583,-10.066854791930227,-9.513183037439982
7762,pp,0.05,0.0,17,1.7859538602828975,-5.203118088751128,-5.005381470256381
7763,do,0.05,0.0,49,1.7056354081630705,-8.338584157192345,-7.3375933196809555
7764,pp,0.05,0.0,23,1.781785699129105,-5.388914140065511,-5.120540136761136
7765,do,0.05,0.0,70,3.2129519224166874,-7.479872153022073,-6.785505554411146
7766,pp,0.05,0.0,68,4.166137690544128,-8.192229506463715,-7.326842114660475
7767,do,0.05,0.0,62,2.161506445407868,-11.242298848701246,-9.630428685082329
7768,pp,0.05,0.0,45,2.176659649610519,-6.352374571019953,-5.828593826293945
7769,do,0.05,0.0,44,1.3529065299034118,-5.134880854866721,-4.9771848546134105
7770,pp,0.05,0.0,36,3.5478431224822993,-5.044336135459669,-4.545847262276544
7771,do,0.05,0.0,3,0.6678882789611817,-4.332085813175548,-3.9623949183358085
7772,pp,0.05,0.0,20,2.0533987843990325,-4.76725492477417,-4.280473428302341
7773,do,0.05,0.0,33,1.780583716630936,-5.247063814509999,-5.097494162453545
7774,pp,0.05,0.0,70,2.6479457843303695,-6.499436148730191,-6.210629094971551
7775,do,0.05,0.0,42,1.3480409371852886,-10.1383301041343,-9.244372516208225
7776,pp,0.05,0.0,48,1.7995527875423427,-6.306636082042347,-5.39982205496894
7777,do,0.05,0.0,70,1.6888054788112639,-5.62943635709358,-5.197962175475227
7778,pp,0.05,0.0,57,1.9860559117794034,-5.09230472391302,-4.734630590014987
7779,do,0.05,0.0,23,1.3751456904411317,-6.342763568415786,-5.985710928175185
7780,pp,0.05,0.0,7,0.9082012379169466,-5.33454782890551,-4.626609494951036
7781,do,0.05,0.0,4,-0.10424564003944337,-5.117406204975013,-4.563337029351128
7782,pp,0.05,0.0,27,1.736160767078399,-6.473202241550792,-5.601173962487115
7783,do,0.05,0.0,49,0.583463579416275,-5.930441947416826,-5.586045620176527
7784,pp,0.05,0.0,26,2.7328378200531,-4.832547484022198,-4.4855782243940565
7785,do,0.05,0.0,70,-0.2692601513862609,-5.686203744194724,-4.714867568016052
7786,pp,0.05,0.0,30,1.0634804213047024,-5.209767777992018,-4.491809958881802
7787,do,0.05,0.0,35,1.060683337450027,-6.029932394894686,-5.3118815051184765
7788,pp,0.05,0.0,70,3.7297126615047453,-5.702838777773308,-4.710820081498888
7789,do,0.05,0.0,70,1.7593224978446953,-5.77430137720975,-5.00261434978909
7790,pp,0.05,0.0,35,2.3649072349071494,-6.194812073852077,-5.175761201646593
7791,do,0.05,0.0,15,0.7270148336887354,-4.82350898511482,-4.226388070318434
7792,pp,0.05,0.0,35,0.7030684351921082,-5.849729377573187,-5.016664902369182
7793,do,0.05,0.0,20,1.2344076550006866,-4.977159227024425,-4.429597980446285
7794,pp,0.05,0.0,33,1.7843749678134921,-4.924793411023689,-4.305137748188443
7795,do,0.05,0.0,29,2.201635950803757,-4.6196964321714455,-4.184807840983073
7796,pp,0.05,0.0,28,1.1064243638515476,-4.809332820140955,-4.653495780626932
7797,do,0.05,0.0,21,0.06530993938446006,-5.255296684033943,-4.420548004574246
7798,pp,0.05,0.0,60,0.8371790862083435,-6.484669906442815,-5.901661729812622
7799,do,0.05,0.0,5,0.0671157467365262,-4.314606220071966,-4.0169029262330795
7800,pp,0.05,0.0,5,0.23663731336593585,-4.459506380196774,-3.9019762145148382
7801,do,0.05,0.0,40,0.2670220386981965,-6.1257858131871075,-4.688512762387593
7802,pp,0.05,0.0,34,1.8642356002330782,-4.962876948443326,-4.278601716624366
7803,do,0.05,0.0,70,1.3744404292106625,-5.831383160388831,-5.196970801883274
7804,pp,0.05,0.0,27,1.1332060635089878,-6.601787957278165,-5.820910424656338
7805,do,0.05,0.0,35,3.121178208589553,-4.590660544597742,-5.090038887659708
7806,pp,0.05,0.0,25,1.6718001210689541,-5.710110415834369,-5.081812312867906
7807,do,0.05,0.0,40,2.260860899686814,-6.265712904207634,-5.664709332254198
7808,pp,0.05,0.0,42,1.7154756891727452,-5.914369451638424,-5.043386816978455
7809,do,0.05,0.0,10,-0.3453555428981785,-5.528778290026116,-5.1323133442136974
7810,pp,0.05,0.0,14,1.3736878216266621,-7.170290938290683,-6.0255407280392115
7811,do,0.05,0.0,70,-0.6091774177551272,-8.224822107950846,-7.094579399956597
7812,pp,0.05,0.0,28,1.270841090679169,-4.683846009861339,-4.162056375874413
7813,do,0.05,0.0,12,-0.44118634223938,-6.703153696927157,-6.361234431796603
7814,pp,0.05,0.0,5,-0.05268214464187615,-4.9405976396618465,-4.370491949717204
7815,do,0.05,0.0,7,-0.21335878849029566,-5.735725434621175,-5.038018110063341
7816,pp,0.05,0.0,12,1.1471861600875854,-5.332573934034868,-4.003892821735806
7817,do,0.05,0.0,24,0.06522367715835564,-5.958523153536247,-5.309143037266201
7818,pp,0.05,0.0,20,0.895700572729111,-4.679578749338786,-4.205776439772712
7819,do,0.05,0.0,18,-0.40107669949531566,-7.341055568059286,-6.697604115804037
7820,pp,0.05,0.0,20,1.503038949966431,-4.7443591825889815,-4.041101439793905
7821,do,0.05,0.0,30,0.8063799417018886,-6.647614824410641,-7.084909306632148
7822,pp,0.05,0.0,5,0.47755933403968776,-4.84046171650742,-3.747705268859863
7823,do,0.05,0.0,30,0.6675505220890043,-5.800674247741699,-5.237166470951504
7824,pp,0.05,0.0,16,1.1376659941673282,-6.330714272007798,-5.1432797643873425
7825,do,0.05,0.0,70,0.34300166368484497,-11.038214634404039,-13.215705596076118
7826,pp,0.05,0.0,12,0.5065101492404933,-4.516427248174494,-4.060819342401293
7827,do,0.05,0.0,40,1.5790158653259274,-6.925153946154046,-6.278966784477234
7828,pp,0.05,0.0,30,0.6904676300287251,-6.516447705933542,-5.776731467247009
7829,do,0.05,0.0,21,1.5937283957004542,-4.531901241793777,-4.450561274422539
7830,pp,0.05,0.0,3,0.04607052326202421,-5.079678481997866,-4.530739712715149
7831,do,0.05,0.0,29,1.228830341100693,-6.19326937270887,-6.1694629192352295
7832,pp,0.05,0.0,8,0.7231460773944862,-5.458349318937822,-4.650567240185207
7833,do,0.05,0.0,15,2.2199641501903535,-4.932138827352813,-5.79640204111735
7834,pp,0.05,0.0,70,1.5969462013244629,-5.19314264384183,-4.5736908992131555
7835,do,0.05,0.0,70,0.5737685465812685,-5.69904408454895,-6.5805132415559555
7836,pp,0.05,0.0,27,0.3371234989166263,-4.549829143466371,-4.302534376250373
7837,do,0.05,0.0,19,1.772603343725205,-5.275912997216889,-4.761093144946628
7838,pp,0.05,0.0,43,2.1872950601577754,-6.147011038751313,-5.332633924484253
7839,do,0.05,0.0,5,0.3030625343322759,-5.1676258621793805,-4.708326959609986
7840,pp,0.05,0.0,70,2.4438370728492727,-5.023104855508516,-4.671273157331679
7841,do,0.05,0.0,70,1.069880884885789,-8.341459209268743,-10.206475241978962
7842,pp,0.05,0.0,65,0.9691766059398654,-5.833243279023604,-5.320908946461148
7843,do,0.05,0.0,6,0.4433336937427521,-5.192273814750441,-4.222197884983487
7844,pp,0.05,0.0,14,1.1985124444961546,-5.219131435047497,-4.366472874747382
7845,do,0.05,0.0,25,1.0590784728527067,-6.7936231728756065,-9.629520911640592
7846,pp,0.05,0.0,5,0.22978392839431816,-5.1125755613500425,-4.578721306059095
7847,do,0.05,0.0,44,0.3343555319309237,-8.245687383593935,-7.840232785542806
7848,pp,0.05,0.0,19,0.8685663425922394,-5.275745329712376,-4.779467603895399
7849,do,0.05,0.0,70,0.5623010361194609,-7.302563485232267,-9.482299979527792
7850,pp,0.05,0.0,65,1.6167752218246454,-6.757466924551761,-6.4890581740273365
7851,do,0.05,0.0,6,-0.0370667111873626,-5.401338111993038,-4.872453305456373
7852,pp,0.05,0.0,28,0.651077451705933,-6.726296187892105,-6.945678141382006
7853,do,0.05,0.0,4,0.23013116121292132,-5.0924949674895315,-4.716058980094062
7854,pp,0.05,0.0,15,0.8276677381992341,-6.44747160131281,-5.519259066051907
7855,do,0.05,0.0,5,0.4271689510345462,-5.343658097585043,-4.585525170962016
7856,pp,0.05,0.0,70,0.4183038318157193,-6.1567376628066555,-5.632847534285651
7857,do,0.05,0.0,29,0.9695029687881469,-7.024356203368216,-7.352985175450643
7858,pp,0.05,0.0,31,2.4191658544540395,-7.338243169495554,-6.226166579458448
7859,do,0.05,0.0,70,2.0888015246391305,-8.600034014383953,-7.8656149519814385
7860,pp,0.05,0.0,70,1.8697593331336968,-8.471617867729881,-7.534549225701226
7861,do,0.05,0.0,50,2.2945857775211342,-7.127800770961877,-7.423616605334812
7862,pp,0.05,0.0,31,1.0812711060047153,-5.538513654651064,-4.97153069972992
7863,do,0.05,0.0,70,2.8866637969017033,-6.0084873604052,-7.40625053246816
7864,pp,0.05,0.0,45,3.6155954396724708,-6.419788347591053,-4.9865854501724245
7865,do,0.05,0.0,33,0.6939646136760711,-6.550205139680342,-5.820304369926452
7866,pp,0.05,0.0,70,2.11508675456047,-5.2140368447159275,-4.755263861020406
7867,do,0.05,0.0,55,1.3797025680542,-6.987950498407537,-6.849800411860148
7868,pp,0.05,0.0,9,0.3769958221912386,-4.584066684318311,-4.294558623101977
7869,do,0.05,0.0,70,1.1961889410018909,-8.884258091088498,-8.209689728418986
7870,pp,0.05,0.0,56,3.51209102511406,-5.718656678633256,-5.168725962109036
7871,do,0.05,0.0,20,-0.7129423570632936,-7.1204126574776385,-6.186376055081685
7872,pp,0.05,0.0,9,0.768143216371536,-4.5610180681402035,-4.188430698712667
7873,do,0.05,0.0,11,0.6042040252685545,-5.837081192478989,-5.288586915863885
7874,pp,0.05,0.0,3,0.11037567496299783,-4.335394989360463,-3.8613077667024402
7875,do,0.05,0.0,67,0.9617776799201962,-9.29146232026996,-9.736776712205675
7876,pp,0.05,0.0,46,1.8256423974037164,-6.3007619048609875,-5.938986568980747
7877,do,0.05,0.0,8,0.49300847053527885,-5.826645887259281,-5.012453325589498
7878,pp,0.05,0.0,44,1.662079818248749,-6.05577331311775,-5.492143138249715
7879,do,0.05,0.0,34,1.1661749291419987,-8.31552091367317,-7.68098693423801
7880,pp,0.05,0.0,4,0.2967983257770541,-4.946493426236239,-4.268478650516934
7881,do,0.05,0.0,9,0.670404113531113,-5.167401854197184,-4.639320164256626
7882,pp,0.05,0.0,61,2.591185287237167,-5.26497532526652,-4.696140310499403
7883,do,0.05,0.0,27,2.6890528130531317,-5.3484915242050635,-4.78039780192905
7884,pp,0.05,0.0,70,1.6672514533996576,-5.65649820096565,-5.308998746342129
7885,do,0.05,0.0,70,1.434975545406341,-6.8640901551102145,-5.608595503701104
7886,pp,0.05,0.0,55,1.6161185550689696,-5.871233054363366,-4.955963640742832
7887,do,0.05,0.0,17,0.5392700850963594,-6.085390920350046,-5.613506372769674
7888,pp,0.05,0.0,26,2.0766122531890865,-6.618183401859167,-5.960849634806315
7889,do,0.05,0.0,23,1.0624141871929167,-6.293264017683087,-5.761538611518012
7890,pp,0.05,0.0,36,2.8609372413158427,-5.511314627618501,-5.152966422504849
7891,do,0.05,0.0,19,1.2061463534831995,-6.115726579319347,-5.546743199560377
7892,pp,0.05,0.0,24,2.3681770730018616,-5.622989054882165,-5.271742023362053
7893,do,0.05,0.0,22,0.7972394263744356,-5.5911390420162315,-5.068214832411872
7894,pp,0.05,0.0,34,2.1738227415084834,-5.51187648339705,-4.937290016810099
7895,do,0.05,0.0,66,2.507096606492996,-6.178074059341893,-5.225789417160882
7896,pp,0.05,0.0,70,1.0138454985618583,-8.461851518804377,-8.611143602265251
7897,do,0.05,0.0,30,1.2575663578510285,-6.746262415972623,-6.479086756706238
7898,pp,0.05,0.0,35,2.235508651733398,-6.557563991257639,-5.832101493411594
7899,do,0.05,0.0,51,2.859861381053924,-5.444898496974599,-5.689296152856615
7900,pp,0.05,0.0,48,4.186012568473815,-5.041638735568885,-4.675605898433261
7901,do,0.05,0.0,43,1.3569810950756072,-7.21524071115436,-7.256430832544963
7902,pp,0.05,0.0,45,1.389600299596787,-5.686860519466978,-5.138447499275207
7903,do,0.05,0.0,41,3.4774806213378904,-4.929332718704686,-4.548203118642172
7904,pp,0.05,0.0,24,1.8306523466110232,-4.734540962450432,-4.4158057053883875
7905,do,0.05,0.0,10,1.1791265344619752,-4.112428903579712,-3.9353855742348567
7906,pp,0.05,0.0,20,1.4875596380233764,-5.127389981529929,-4.393903679317898
7907,do,0.05,0.0,31,2.1586185002326967,-4.514994551918724,-4.650678421391381
7908,pp,0.05,0.0,55,1.1257198214530941,-5.507536953145808,-4.927953206168281
7909,do,0.05,0.0,70,0.8182919752597817,-5.8353377255526455,-5.437155863973829
7910,pp,0.05,0.0,10,0.8191231274604798,-4.660641492496837,-4.276723135842217
7911,do,0.05,0.0,12,1.070778024196625,-4.066910081921201,-3.9858920296033222
7912,pp,0.05,0.0,28,1.9646327328681945,-5.301914777177753,-5.053717194663154
7913,do,0.05,0.0,18,1.7376766705513003,-5.602199347813924,-5.3778478966818914
7914,pp,0.05,0.0,70,1.430092149972916,-5.953133620637836,-5.607071781158448
7915,do,0.05,0.0,17,1.516075527667999,-4.856404927282623,-4.789952646361457
7916,pp,0.05,0.0,35,3.0705669331550602,-6.803226625558102,-6.056871864530775
7917,do,0.05,0.0,14,0.7049833726882939,-5.022443385557695,-4.676721710628933
7918,pp,0.05,0.0,32,2.028296608924866,-5.480860042572021,-5.026880510648092
7919,do,0.05,0.0,19,1.2698851168155665,-5.047762982050577,-4.694250382317437
7920,pp,0.05,0.0,32,0.4238115131855009,-6.058330083615852,-5.418240385585361
7921,do,0.05,0.0,14,-1.0343965363502505,-6.964147579308712,-6.2928743309444855
7922,pp,0.05,0.0,47,2.56947882771492,-5.897634984507706,-5.60821664598253
7923,do,0.05,0.0,29,1.4753727412223814,-8.688683165925921,-9.00440396202935
7924,pp,0.05,0.0,10,1.0126416981220245,-4.968992834380178,-4.3939641449186535
7925,do,0.05,0.0,40,1.9618824434280384,-7.708927674727007,-7.058181026246813
7926,pp,0.05,0.0,19,1.7071229064464575,-4.780418487028642,-4.607853510644701
7927,do,0.05,0.0,29,1.7823325502872471,-5.949008801489166,-5.686214923858643
7928,pp,0.05,0.0,37,1.2000515222549444,-7.381776905059814,-6.100625356038411
7929,do,0.05,0.0,60,1.2264240288734438,-7.280895205700037,-6.501869781812032
7930,pp,0.05,0.0,33,1.6280604326725001,-6.058593611283736,-5.547555700937907
7931,do,0.05,0.0,3,0.03735683202743534,-4.777768299796365,-4.750062648455302
7932,pp,0.05,0.0,41,1.8128034877777104,-7.332110530679876,-7.169661079512702
7933,do,0.05,0.0,31,1.481483625173568,-5.422221556576815,-4.688064395056831
7934,pp,0.05,0.0,19,2.295064662694931,-5.014292026288581,-4.525474588076274
7935,do,0.05,0.0,28,1.7922320818901056,-5.054564850258105,-4.762827613618639
7936,pp,0.05,0.0,33,1.7816048800945286,-5.027281358025291,-4.891288850042555
7937,do,0.05,0.0,47,2.3672396314144137,-5.339280660224683,-4.250937750604417
7938,pp,0.05,0.0,28,2.652619289159774,-5.869049635800448,-5.013457636038463
7939,do,0.05,0.0,48,3.2912491512298585,-6.479165309848208,-6.4696401331159805
7940,pp,0.05,0.0,70,2.5902273035049435,-7.621032628146085,-7.187554131613838
7941,do,0.05,0.0,46,3.337449895143509,-5.167700505979133,-6.161232648955451
7942,pp,0.05,0.0,29,2.544532999992371,-5.6007854519468365,-5.163133390744528
7943,do,0.05,0.0,29,2.5725579202175144,-4.9064823078386715,-4.4404187785254585
7944,pp,0.05,0.0,60,2.7636001074314125,-7.244180047873295,-6.594550042682224
7945,do,0.05,0.0,17,2.360861471891403,-4.917038333777225,-4.931987102826437
7946,pp,0.05,0.0,70,3.8627411246299745,-4.673955355268536,-4.480086403422885
7947,do,0.05,0.0,70,1.6759024357795713,-6.55843109217557,-6.040082735485501
7948,pp,0.05,0.0,22,2.2143254339694973,-4.900828120202729,-4.860843112733629
7949,do,0.05,0.0,19,1.623888956308365,-5.412837001049158,-5.1049497975243465
7950,pp,0.05,0.0,70,1.7621315991878514,-5.8738243695461385,-5.457957045237223
7951,do,0.05,0.0,31,2.2136843037605285,-6.092847715724599,-6.168989107343886
7952,pp,0.05,0.0,32,3.098714642524719,-7.101443014722882,-7.015114204088847
7953,do,0.05,0.0,44,3.4183336663246147,-5.69144706437082,-5.3599691655900745
7954,pp,0.05,0.0,42,2.5311786425113683,-5.4070496313499685,-4.93121862411499
7955,do,0.05,0.0,15,1.9889883983135226,-4.994159397934422,-4.450587897830539
7956,pp,0.05,0.0,30,2.379522656202316,-4.721471998908303,-4.320556216769749
7957,do,0.05,0.0,22,2.949153296947479,-4.914020047043309,-4.3727151301172045
7958,pp,0.05,0.0,70,1.5454742503166194,-8.55287620082046,-8.648528628879124
7959,do,0.05,0.0,11,1.9167123913764952,-4.595708936633486,-5.485892788569132
7960,pp,0.05,0.0,35,2.29162565946579,-5.43260367566889,-6.037614271375868
7961,do,0.05,0.0,70,1.4422168111801135,-8.57961827624928,-8.524869606229995
7962,pp,0.05,0.0,42,2.326692214012146,-5.640689777605461,-5.166533833079868
7963,do,0.05,0.0,21,2.0427030849456784,-4.643620353756529,-4.132561757829454
7964,pp,0.05,0.0,38,2.97731263756752,-5.6317338914582225,-5.1493176062901815
7965,do,0.05,0.0,33,2.942687510252,-5.6900220625328295,-4.916584144698249
7966,pp,0.05,0.0,43,2.5223910868167874,-6.66900568152919,-6.601268100738525
7967,do,0.05,0.0,17,1.955376603603363,-4.727218639489376,-4.285102274682787
7968,pp,0.05,0.0,32,1.9728860008716582,-5.283059345592152,-4.361072466108534
7969,do,0.05,0.0,63,2.4013912904262558,-7.5038948449221525,-6.822225075297886
7970,pp,0.05,0.0,26,1.5314346837997448,-7.484157424984557,-6.508779462178548
7971,do,0.05,0.0,42,2.7399849522113797,-4.993493513627485,-6.499230731858147
7972,pp,0.05,0.0,41,1.4679463076591492,-5.243373716238773,-4.787752434942457
7973,do,0.05,0.0,29,3.58316723704338,-5.7002997181632304,-5.553819905387031
7974,pp,0.05,0.0,43,1.1064769256114957,-6.174654596502131,-6.823046331935458
7975,do,0.05,0.0,50,2.335301045179367,-5.845420042673747,-5.9561794969770645
7976,pp,0.05,0.0,41,2.225225793123246,-5.728053389173565,-4.920413268937005
7977,do,0.05,0.0,13,1.2661538612842556,-5.023345171321522,-4.545817836125692
7978,pp,0.05,0.0,19,1.6815469884872432,-5.489245887236161,-4.508610007498
7979,do,0.05,0.0,29,2.5867263698577885,-5.320037338950417,-5.144358423021105
7980,pp,0.05,0.0,49,2.6568932735919946,-6.552474654804577,-6.097661664750841
7981,do,0.05,0.0,8,1.4918009138107298,-5.271856045000481,-4.779677123493618
7982,pp,0.05,0.0,62,3.4460006093978883,-9.423047715967352,-9.170470696025424
7983,do,0.05,0.0,4,-0.8771276748180385,-6.063117005608299,-5.434066685040792
7984,pp,0.05,0.0,22,1.426445918083191,-5.605019504373724,-5.375537318653531
7985,do,0.05,0.0,22,3.0486847555637357,-4.844766980951483,-4.39338898923662
7986,pp,0.05,0.0,70,2.8510865068435667,-6.228755075281317,-5.697089023060268
7987,do,0.05,0.0,28,2.742420662641525,-4.917742456089367,-4.957122151056925
7988,pp,0.05,0.0,20,1.1391516625881195,-5.827547583435521,-5.346216646830241
7989,do,0.05,0.0,20,1.7763413250446325,-4.7098372502760455,-4.755276558134291
7990,pp,0.05,0.0,24,1.8092744314670561,-5.816916535117409,-5.156948648558723
7991,do,0.05,0.0,54,2.332901970148087,-6.525679690910108,-6.557166613472832
7992,pp,0.05,0.0,31,1.0752931380271908,-6.220507709907763,-5.771673419740465
7993,do,0.05,0.0,14,2.5862666654586786,-4.624850617033062,-4.075930399364895
7994,pp,0.05,0.0,41,1.7801455485820767,-7.501346952264959,-6.558102406395806
7995,do,0.05,0.0,23,1.9210881662368777,-5.097059426163182,-4.694713322321574
7996,pp,0.05,0.0,70,0.6726709055900573,-6.347915252049764,-5.674433342615763
7997,do,0.05,0.0,44,3.0287522256374366,-4.929871853915128,-5.4308566941155325
7998,pp,0.05,0.0,53,1.4794552874565126,-5.442547052556818,-4.806537172529432
7999,do,0.05,0.0,36,2.582955676317215,-4.60628210848028,-4.276514792442322
8000,pp,0.05,0.0,62,2.4742253744602207,-5.245313171906905,-4.811342623498705
8001,do,0.05,0.0,70,1.2707988202571876,-9.170163333777225,-8.614904228846232
8002,pp,0.05,0.0,14,1.640029809474945,-6.422620073954264,-5.474510595533583
8003,do,0.05,0.0,52,2.2189478468894954,-5.59122944167166,-5.700971780882941
8004,pp,0.05,0.0,57,3.412035512924194,-6.98406854687315,-5.848136088583204
8005,do,0.05,0.0,40,1.7865969645977025,-5.480951976776123,-5.631558010313246
8006,pp,0.05,0.0,54,2.4618994581699365,-6.246622082681367,-5.226093557145861
8007,do,0.05,0.0,70,0.568453414440155,-7.668518437761249,-7.79664085706075
8008,pp,0.05,0.0,70,1.9533584499359131,-6.649135605494181,-5.827077709303962
8009,do,0.05,0.0,4,0.32182172656059205,-4.3612705606402775,-3.96363324854109
8010,pp,0.05,0.0,51,1.8227633535861978,-6.828118108980584,-5.882602678404914
8011,do,0.05,0.0,11,0.9944677114486691,-5.0564575180862885,-4.731820283995734
8012,pp,0.05,0.0,17,1.220544066429139,-7.884914649616588,-6.331128083335029
8013,do,0.05,0.0,18,0.6778358519077301,-5.940509391553475,-5.5194799052344425
8014,pp,0.05,0.0,64,1.3847579598426822,-8.258006119005607,-6.886742162704468
8015,do,0.05,0.0,37,1.4361324369907376,-5.888670107812592,-5.425804750124613
8016,pp,0.05,0.0,36,1.7978178107738483,-8.721984069997614,-7.221718433168199
8017,do,0.05,0.0,47,1.4736871457099916,-6.47751684477835,-7.144123485353258
8018,pp,0.05,0.0,35,1.8666008365154267,-5.082180323745265,-5.073649729622735
8019,do,0.05,0.0,10,0.45534269452095,-4.993031871680057,-4.530913175476922
8020,pp,0.05,0.0,38,1.4212513124942783,-7.222665908119895,-6.229864019817776
8021,do,0.05,0.0,5,-0.07470679044723472,-5.486674564534968,-4.739511677953932
8022,pp,0.05,0.0,58,3.193054164648057,-5.402780765475649,-4.750022625923156
8023,do,0.05,0.0,7,-0.13688554883003246,-5.572541219537908,-5.090408539772033
8024,pp,0.05,0.0,38,0.8635318231582652,-7.181964982639659,-6.351992615063986
8025,do,0.05,0.0,2,-0.25232213735580444,-5.3276476556604555,-4.38190455171797
8026,pp,0.05,0.0,32,2.321226425170898,-6.516264986269402,-5.412551736831665
8027,do,0.05,0.0,1,-0.5090407574176785,-5.784772572372899,-4.660266579522027
8028,pp,0.05,0.0,70,2.7633719801902776,-5.95610778837493,-5.427573323249817
8029,do,0.05,0.0,10,1.4878824615478523,-4.884362595009081,-4.610774660110474
8030,pp,0.05,0.0,23,2.3440272235870356,-6.51936921784372,-5.891807730992635
8031,do,0.05,0.0,6,0.03625654578208959,-5.045576923543757,-4.588767827881707
8032,pp,0.05,0.0,41,1.8885741996765137,-7.438662690827341,-6.631511918703715
8033,do,0.05,0.0,60,0.30651942253112807,-6.99928469802394,-6.491146877076891
8034,pp,0.05,0.0,70,2.889065150022507,-6.285933286493475,-4.808931573232015
8035,do,0.05,0.0,17,0.43089442253112775,-6.252211827942819,-5.913192677497864
8036,pp,0.05,0.0,18,0.10125651717185935,-7.957232921773737,-5.991960570547316
8037,do,0.05,0.0,49,0.5948583579063422,-7.263952612154411,-6.336810914675395
8038,pp,0.05,0.0,25,2.0720212507247933,-6.721658874280525,-5.927592574225532
8039,do,0.05,0.0,4,-0.43219704151153593,-5.789272627686009,-5.034875443246629
8040,pp,0.05,0.0,18,1.126044465303421,-6.214491253188162,-5.558548831939698
8041,do,0.05,0.0,42,0.8972644007205961,-6.547168081456965,-6.134037693341573
8042,pp,0.05,0.0,10,0.7912018311023719,-5.325681553464947,-4.482164576318529
8043,do,0.05,0.0,54,1.309039685726166,-6.861657811656142,-6.493219595485264
8044,pp,0.05,0.0,11,1.2021914613246922,-4.904089799071803,-4.257788403828939
8045,do,0.05,0.0,47,1.829162076711654,-6.441690959352435,-6.279877164628771
8046,pp,0.05,0.0,29,1.4896651029586785,-6.784967997579864,-5.660633827580346
8047,do,0.05,0.0,70,1.9671676540374756,-6.997190387321241,-6.569597723748949
8048,pp,0.05,0.0,10,1.931979812383652,-5.092495168339123,-4.4063032733069525
8049,do,0.05,0.0,6,-0.03707148432731611,-4.8662940429918695,-4.342561109860738
8050,pp,0.05,0.0,21,1.9910860717296597,-6.034406673546993,-4.822470643785265
8051,do,0.05,0.0,4,-0.36608649253845194,-4.853416921153213,-4.407527732849121
8052,pp,0.05,0.0,19,2.736359754800797,-5.3788854598999025,-4.217582745022244
8053,do,0.05,0.0,70,1.8894293749332434,-7.241517055395878,-6.953827524185181
8054,pp,0.05,0.0,36,2.22525045156479,-6.116780227603335,-5.5290305243598095
8055,do,0.05,0.0,17,0.9943608474731445,-5.402352669744781,-5.142888228098552
8056,pp,0.05,0.0,53,3.5493705415725705,-5.141852235794067,-4.576444231139289
8057,do,0.05,0.0,10,0.42649521708488436,-5.677158396171801,-5.267285172144572
8058,pp,0.05,0.0,28,3.663515657186508,-5.896685539592396,-5.126444678836399
8059,do,0.05,0.0,62,0.43550848126411346,-7.892115585731737,-7.372423569361369
8060,pp,0.05,0.0,42,2.5833760952949527,-6.311215607325236,-5.499646695454915
8061,do,0.05,0.0,66,1.146131312847138,-6.850605284083973,-7.653479894002278
8062,pp,0.05,0.0,70,2.046511392593384,-6.629782269217751,-5.71356721189287
8063,do,0.05,0.0,70,0.8051563918590539,-7.4263549154455015,-7.077613552411397
8064,pp,0.05,0.0,33,2.5464013600349427,-4.53148395653927,-3.985004422399733
8065,do,0.05,0.0,20,0.5182413315773013,-6.318272074786099,-5.951746119393243
8066,pp,0.05,0.0,37,2.8061194741725934,-8.00808552828702,-7.437507785691155
8067,do,0.05,0.0,27,0.993496261835098,-8.74405054323601,-9.715420468648274
8068,pp,0.05,0.0,8,1.3833184182643894,-5.14266115101901,-4.183303040928311
8069,do,0.05,0.0,54,2.7097922658920277,-6.2558552033973465,-5.954235312673781
8070,pp,0.05,0.0,34,3.4507132911682117,-6.704160417209972,-5.853783538606431
8071,do,0.05,0.0,43,0.06055150747299187,-7.619897609768492,-6.982135362095303
8072,pp,0.05,0.0,60,1.9583596539497368,-6.989283592050726,-6.678228126631843
8073,do,0.05,0.0,21,1.4649820733070378,-6.505153327999693,-6.507055581940545
8074,pp,0.05,0.0,23,1.889642698764801,-6.0449198925133905,-5.212661306063334
8075,do,0.05,0.0,51,1.033683292865753,-8.221886837121213,-7.8485051102108425
8076,pp,0.05,0.0,6,0.7320031654834747,-5.195449675935688,-4.336727680100335
8077,do,0.05,0.0,6,0.18628052115440408,-6.228004824031483,-5.380351379182604
8078,pp,0.05,0.0,36,2.959517174959182,-5.212271551652388,-4.774481264750163
8079,do,0.05,0.0,38,0.06739255666732724,-7.748077531294389,-6.729203425513374
8080,pp,0.05,0.0,32,3.223234883546829,-5.843490857789011,-5.094429874420166
8081,do,0.05,0.0,13,1.2530482769012448,-5.283471714366566,-5.041555237770081
8082,pp,0.05,0.0,49,3.8229317986965192,-6.33792632854346,-5.689208798938328
8083,do,0.05,0.0,68,0.7714032006263736,-7.467507298787435,-6.396739890840318
8084,pp,0.05,0.0,70,1.8508130252361292,-6.020600204756765,-5.445444276597764
8085,do,0.05,0.0,56,1.3521594369411467,-5.813228498805653,-5.403285521931118
8086,pp,0.05,0.0,67,1.6080535674095158,-8.4363675290888,-7.064547408951653
8087,do,0.05,0.0,49,-0.3251570379734039,-8.278882244861487,-8.25361247062683
8088,pp,0.05,0.0,68,1.9687978661060326,-7.445589871840044,-6.459827979405721
8089,do,0.05,0.0,12,0.009734463691711603,-6.464913566184767,-6.029794764518738
8090,pp,0.05,0.0,7,1.4430788362026208,-5.418734668962883,-4.839844221538968
8091,do,0.05,0.0,25,0.03830698370933483,-9.132999963471384,-8.442312892278036
8092,pp,0.05,0.0,22,2.653572455644608,-6.657696697928689,-5.514188983705309
8093,do,0.05,0.0,4,-0.17230016469955434,-5.246512111028036,-4.377735752529568
8094,pp,0.05,0.0,54,2.6327102220058443,-6.54224609895186,-5.8078169902165735
8095,do,0.05,0.0,27,2.220583466291427,-6.536342297178326,-5.537716417842441
8096,pp,0.05,0.0,37,2.303929924964904,-6.852328803322532,-5.977592333157857
8097,do,0.05,0.0,70,1.0255012679100037,-7.8404183488903625,-7.21238046752082
8098,pp,0.05,0.0,70,1.3744781172275538,-6.835779275316181,-5.9500671545664465
8099,do,0.05,0.0,5,-0.3636465096473698,-6.14029314734719,-5.51813456747267
8100,pp,0.05,0.0,30,2.878964641094208,-6.192605389970722,-5.5964664750629005
8101,do,0.05,0.0,19,0.24103839397430438,-7.346032032822118,-6.53605006535848
8102,pp,0.05,0.0,34,2.268846369981766,-7.968200466849587,-6.590986479653252
8103,do,0.05,0.0,70,1.8987716996669768,-6.821263294508963,-6.392733769946628
8104,pp,0.05,0.0,37,4.0797101914882665,-5.640915049928608,-4.895442279179891
8105,do,0.05,0.0,16,1.1366973638534548,-6.971099298650568,-6.223387834760878
8106,pp,0.05,0.0,27,1.069842195510864,-6.453306514566595,-5.544768341382345
8107,do,0.05,0.0,12,1.4858381533622742,-4.884842680439805,-4.5406750175688
8108,pp,0.05,0.0,34,3.89221675992012,-5.813168863816695,-5.196085974905226
8109,do,0.05,0.0,6,0.24388543248176564,-6.0190024477062805,-5.453467724058363
8110,pp,0.05,0.0,57,1.4964574229717265,-8.223929220257384,-8.15673009554545
8111,do,0.05,0.0,54,1.5432247114181514,-7.680662861737338,-7.353981743918525
8112,pp,0.05,0.0,70,1.6323070788383491,-6.79525233037544,-6.794284590085348
8113,do,0.05,0.0,39,2.6182876479625694,-5.673803189306549,-5.1488134913974335
8114,pp,0.05,0.0,26,3.1954569637775423,-5.567578304175175,-5.251495721605089
8115,do,0.05,0.0,62,0.9132803642749785,-7.348579064282504,-6.8191612111197575
8116,pp,0.05,0.0,34,1.305805959701539,-8.37198386481314,-7.299444500605265
8117,do,0.05,0.0,18,1.3265999507904054,-5.661519628582579,-5.269829826884799
8118,pp,0.05,0.0,41,1.852512054443359,-8.065620480161725,-7.0887240171432495
8119,do,0.05,0.0,19,1.291081701517105,-5.404667643344763,-5.099931006961398
8120,pp,0.05,0.0,35,2.7577721059322364,-6.542678877801606,-6.246926180521647
8121,do,0.05,0.0,22,1.395165059566497,-6.700078290881533,-6.077534569634332
8122,pp,0.05,0.0,27,2.014803421497345,-4.853709957816384,-4.403380070792304
8123,do,0.05,0.0,24,1.1698828697204586,-7.109323910510901,-6.40333382818434
8124,pp,0.05,0.0,33,2.3168198406696314,-7.024383370081583,-5.3354076743125916
8125,do,0.05,0.0,46,1.1587848043441769,-6.7955250349911775,-7.169370190302531
8126,pp,0.05,0.0,40,3.4050135135650628,-6.736573050238869,-5.871809940867954
8127,do,0.05,0.0,10,1.0178793048858648,-5.031980206749656,-5.3244465589523315
8128,pp,0.05,0.0,23,1.7981917035579684,-7.251932213523171,-6.4533554474512735
8129,do,0.05,0.0,70,0.435741198062896,-6.945943014549487,-6.603646696938409
8130,pp,0.05,0.0,59,3.1264025115966803,-6.096283956007524,-5.668816788991292
8131,do,0.05,0.0,19,1.762096246480942,-5.018116221283421,-4.699906696213616
8132,pp,0.05,0.0,52,3.5622105717659,-5.703475861115889,-5.345865903960334
8133,do,0.05,0.0,11,0.9970200192928313,-5.194079234383323,-4.827105548646715
8134,pp,0.05,0.0,32,3.2069426965713506,-5.353668389175877,-4.892214308844673
8135,do,0.05,0.0,8,0.7860632812976833,-4.242836550510291,-4.074732494354248
8136,pp,0.05,0.0,38,2.686304097175598,-6.933937708536784,-6.01803798145718
8137,do,0.05,0.0,4,0.10983781933784531,-5.176863092364687,-4.806516443358527
8138,pp,0.05,0.0,22,1.5651518154144295,-6.771970501813022,-6.018482849333021
8139,do,0.05,0.0,53,1.0873385107517244,-6.06639819578691,-6.154473521974352
8140,pp,0.05,0.0,42,1.138667685985566,-6.002756280610056,-5.726367216640049
8141,do,0.05,0.0,30,1.7334927976131436,-5.161174181735877,-5.155837888187833
8142,pp,0.05,0.0,70,2.4376673281192778,-4.8001803253636215,-4.40808850924174
8143,do,0.05,0.0,70,0.2308061122894287,-8.50198331601692,-8.053405634562175
8144,pp,0.05,0.0,10,1.3093993437290186,-5.848529802669178,-4.830022192001342
8145,do,0.05,0.0,5,0.3734128808975212,-4.932628423517401,-4.715336852603489
8146,pp,0.05,0.0,11,1.3486685061454766,-5.404316727320353,-5.101569416787889
8147,do,0.05,0.0,39,1.527495460510254,-6.90231811205546,-6.822401979234484
8148,pp,0.05,0.0,25,2.061339493989945,-6.855245893651789,-5.8806982623206245
8149,do,0.05,0.0,44,1.438886315822602,-6.752481158574422,-6.032096428341336
8150,pp,0.05,0.0,32,2.0798613405227666,-5.898814059748794,-5.244239497184753
8151,do,0.05,0.0,51,1.9631590116024018,-7.730689664320512,-6.941140410635207
8152,pp,0.05,0.0,13,2.278500028848647,-5.7963457757776435,-4.7078158537546795
8153,do,0.05,0.0,16,-0.09600262880325339,-6.722309374086785,-5.9269385973612465
8154,pp,0.05,0.0,35,3.1344189393520363,-6.6490371039419465,-6.217557009061178
8155,do,0.05,0.0,25,1.6065130281448372,-5.988227367401123,-5.388108054796855
8156,pp,0.05,0.0,58,3.3771578574180605,-5.692645542549364,-5.3713180091645985
8157,do,0.05,0.0,4,-0.2507213556766503,-5.312308284008142,-4.79160656399197
8158,pp,0.05,0.0,26,2.9072437834739686,-5.318010387998639,-5.363398040665521
8159,do,0.05,0.0,6,0.4069383442401886,-4.846560407407356,-4.205693867471483
8160,pp,0.05,0.0,32,2.566045291423798,-6.461586718125777,-6.055719677607218
8161,do,0.05,0.0,57,2.355068405866624,-7.204557923114661,-7.1687950452168785
8162,pp,0.05,0.0,51,1.81115555524826,-6.544589229063554,-5.831720010439555
8163,do,0.05,0.0,22,1.2206187665462496,-5.838189882220644,-5.424712917539808
8164,pp,0.05,0.0,63,2.4195755171775817,-5.977549132433805,-5.317982003423903
8165,do,0.05,0.0,7,1.0893018662929537,-4.578562237999656,-4.4143526713053385
8166,pp,0.05,0.0,37,3.8508046662807454,-6.426359324021773,-5.578200896581014
8167,do,0.05,0.0,5,0.4197991287708289,-4.265358958099828,-3.5189814368883767
8168,pp,0.05,0.0,57,2.483753378391265,-7.160530512260668,-6.409556706746419
8169,do,0.05,0.0,39,2.5346616458892823,-5.307998178944443,-6.237192911571927
8170,pp,0.05,0.0,70,2.212383363246918,-7.468879059589271,-6.854125428199768
8171,do,0.05,0.0,17,1.2730717682838435,-5.8010662093307035,-5.254018664360046
8172,pp,0.05,0.0,35,3.654045988321304,-5.999880325432979,-5.22894761827257
8173,do,0.05,0.0,14,1.9048408484458923,-4.967537975311279,-4.6137560182147554
8174,pp,0.05,0.0,39,3.882009217739105,-5.814640688173698,-4.708489600817362
8175,do,0.05,0.0,70,2.246447187662124,-5.803750975926717,-6.1246918678283695
8176,pp,0.05,0.0,28,2.007239142656326,-5.250358522299564,-4.35755270851983
8177,do,0.05,0.0,39,1.7366798186302175,-5.842891216278076,-5.1289978663126625
8178,pp,0.05,0.0,70,1.7353906261920944,-7.220259497382424,-7.150681373808119
8179,do,0.05,0.0,51,3.2433794569969177,-7.657086071823582,-7.418595992194282
8180,pp,0.05,0.0,44,2.5751958155632018,-6.711461835919004,-6.803020567364163
8181,do,0.05,0.0,70,3.2653666639328014,-5.46314458991542,-5.076293540000916
8182,pp,0.05,0.0,63,2.895028634071351,-6.444216510021326,-5.756210748354594
8183,do,0.05,0.0,28,2.2784846925735476,-5.136665844194817,-4.212295802434285
8184,pp,0.05,0.0,64,1.2819157361984246,-5.6400569366686275,-4.8674243874020044
8185,do,0.05,0.0,38,2.6360926282405863,-6.254590053269357,-5.709289166662428
8186,pp,0.05,0.0,29,2.9825358331203464,-6.012258591796413,-5.459398277600607
8187,do,0.05,0.0,62,1.6480845391750334,-5.650478224320845,-4.729542464680142
8188,pp,0.05,0.0,70,4.874804303646088,-5.041161625313037,-4.768753570980496
8189,do,0.05,0.0,46,2.477160558700561,-5.3021359212470776,-5.009101385540433
8190,pp,0.05,0.0,48,3.6703726792335507,-7.045119717626861,-6.219960861735874
8191,do,0.05,0.0,46,2.405734201669693,-6.5228154023488365,-6.3999644623862375
8192,pp,0.05,0.0,29,4.119648392200471,-5.193301952246464,-4.974472448560927
8193,do,0.05,0.0,3,0.2748967683315273,-4.996068555658514,-4.703931702507867
8194,pp,0.05,0.0,55,2.8803856801986694,-5.790782835989288,-5.335724499490526
8195,do,0.05,0.0,26,1.8789499711990354,-6.166828857768666,-5.939614036348131
8196,pp,0.05,0.0,16,1.3873757541179668,-6.108669661030625,-5.559015856848823
8197,do,0.05,0.0,24,1.7877374231815333,-5.325109740459558,-4.830796392758687
8198,pp,0.05,0.0,70,2.8786461782455444,-8.440371454123294,-6.952597392929925
8199,do,0.05,0.0,66,1.3832472658157355,-6.567267007538766,-6.352715886963738
8200,pp,0.05,0.0,23,2.8062483787536614,-5.840174310857599,-5.266690508524577
8201,do,0.05,0.0,9,0.860954442024231,-5.530441038536303,-4.942508843210009
8202,pp,0.05,0.0,27,3.099424328804016,-5.645888942660707,-5.043004716767205
8203,do,0.05,0.0,65,0.05136692166328416,-9.179523245493572,-8.632035223642985
8204,pp,0.05,0.0,32,1.6475978517532353,-7.959146949016687,-6.569379324383206
8205,do,0.05,0.0,43,1.888426568508148,-6.67538456772313,-5.937249093585544
8206,pp,0.05,0.0,10,1.1960885095596314,-4.82403348720435,-4.436220735973782
8207,do,0.05,0.0,26,3.574926830530166,-4.782981428955541,-4.458591492970784
8208,pp,0.05,0.0,46,3.3204620170593264,-4.989980129762129,-4.569167976909213
8209,do,0.05,0.0,14,2.0124981236457833,-4.541776310313832,-4.1042017062505085
8210,pp,0.05,0.0,35,3.804439756870269,-4.792496078664606,-4.390018900235494
8211,do,0.05,0.0,49,2.410439889431,-5.578458780230898,-5.28241802851359
8212,pp,0.05,0.0,12,0.9190119135379797,-5.898905173214999,-5.2877350409825645
8213,do,0.05,0.0,22,2.6333116400241856,-4.493787389813048,-4.326783641179403
8214,pp,0.05,0.0,48,3.3671774053573618,-6.027417123678958,-5.613919530974494
8215,do,0.05,0.0,7,0.9810658252239222,-5.076256666761456,-5.531504405869378
8216,pp,0.05,0.0,66,2.803427253961563,-6.285213594725637,-5.625121815999349
8217,do,0.05,0.0,33,2.7319039523601534,-5.426505546858817,-4.773647011650933
8218,pp,0.05,0.0,70,3.790990018844605,-4.936599004629887,-4.48782926135593
8219,do,0.05,0.0,32,2.1254686009883885,-5.945005649508852,-6.4061152564154735
8220,pp,0.05,0.0,19,2.5928408741950983,-7.742151675079808,-6.549213049146864
8221,do,0.05,0.0,39,3.3958682548999786,-6.5567033233064596,-5.949564854303996
8222,pp,0.05,0.0,31,4.148719149827957,-5.404218793637825,-4.879200583034091
8223,do,0.05,0.0,22,1.0148058927059171,-5.673551245891686,-5.065052101347182
8224,pp,0.05,0.0,24,1.4356142127513882,-6.467644441489018,-6.464882058567471
8225,do,0.05,0.0,6,0.4343142855167388,-4.739675085472338,-4.07946152554618
8226,pp,0.05,0.0,69,3.051515568494797,-6.619667410128044,-5.522967598173353
8227,do,0.05,0.0,28,1.8763939917087544,-5.581049292015307,-5.311095354292128
8228,pp,0.05,0.0,30,2.7894567894935607,-4.891637971184471,-4.239576382107205
8229,do,0.05,0.0,70,3.555958805084229,-6.299856080430927,-6.2753356589211355
8230,pp,0.05,0.0,41,3.2103053629398346,-6.6959902503273705,-5.32276080581877
8231,do,0.05,0.0,16,2.0195812928676595,-5.591324969493981,-5.270386600494385
8232,pp,0.05,0.0,40,2.227181043624878,-6.137909603118897,-4.97817397514979
8233,do,0.05,0.0,34,2.2806991505622864,-4.8913336399829745,-4.917369257079231
8234,pp,0.05,0.0,42,1.6579262864589692,-5.121803175319325,-4.3739682793617245
8235,do,0.05,0.0,13,1.2591717588901519,-4.391364269545584,-4.461001210742527
8236,pp,0.05,0.0,27,1.5806474077701562,-5.4377240932349,-5.0090013848410715
8237,do,0.05,0.0,27,2.7990698111057286,-5.319720570246378,-5.020918528238933
8238,pp,0.05,0.0,44,4.37198470711708,-5.251175331346916,-4.4850854847166275
8239,do,0.05,0.0,54,3.121286634206772,-5.800603636828336,-5.643749189376831
8240,pp,0.05,0.0,30,2.5412278699874884,-5.346972404826771,-4.680125863022274
8241,do,0.05,0.0,43,1.315842500925064,-6.182191497629339,-5.6617245753606165
8242,pp,0.05,0.0,58,2.001421636343002,-6.087283410448016,-5.79630642467075
8243,do,0.05,0.0,19,2.146162559986114,-4.9717008836341625,-5.038042894999186
8244,pp,0.05,0.0,6,1.1316019332408898,-4.988728661970659,-4.214823993047078
8245,do,0.05,0.0,70,1.231704251766205,-7.8690852743206605,-6.998927593231201
8246,pp,0.05,0.0,41,3.88909923195839,-6.807249158801454,-5.520210523075527
8247,do,0.05,0.0,70,3.5701441347599028,-5.643629984422163,-6.074660298559401
8248,pp,0.05,0.0,29,2.4714489209651944,-5.873096047025738,-5.25716993411382
8249,do,0.05,0.0,70,2.5370608615875234,-6.838539213122743,-6.768188513649834
8250,pp,0.05,0.0,46,1.6059005773067474,-7.147214876521717,-7.042915503184001
8251,do,0.05,0.0,10,1.097132574319839,-4.5886695890715625,-4.07521835565567
8252,pp,0.05,0.0,9,1.5529528951644895,-4.3209831382289074,-3.937026838461558
8253,do,0.05,0.0,18,2.7225071883201597,-4.235534411488158,-4.703786134719849
8254,pp,0.05,0.0,42,1.8907802116870887,-8.957299004179058,-6.798053193092346
8255,do,0.05,0.0,70,3.1855771768093106,-5.542261289827751,-6.20483095380995
8256,pp,0.05,0.0,10,1.5308231234550478,-5.263173691431681,-4.26496065457662
8257,do,0.05,0.0,23,1.1190381860733032,-5.837866911743626,-6.45299834675259
8258,pp,0.05,0.0,48,3.0971029353141777,-5.789213686278372,-4.895536422729492
8259,do,0.05,0.0,37,1.3865863728523253,-6.571680545806885,-5.407953543133206
8260,pp,0.05,0.0,66,2.584674730300903,-7.36971179933259,-5.887045370207892
8261,do,0.05,0.0,65,1.8729866540431974,-5.788907100215103,-6.418600222799513
8262,pp,0.05,0.0,62,3.6001246869564048,-6.451318096392082,-6.069866516855028
8263,do,0.05,0.0,35,2.6037411057949074,-5.317437455148408,-5.536552312639024
8264,pp,0.05,0.0,70,1.9775027680397024,-5.7587539701750785,-5.040985401471456
8265,do,0.05,0.0,31,2.2852708339691166,-7.01364031271501,-6.552808711263869
8266,pp,0.05,0.0,5,0.7685296428203587,-4.403598544091889,-3.938798952102661
8267,do,0.05,0.0,35,3.077248538732529,-4.737322482195768,-4.297937152120802
8268,pp,0.05,0.0,70,1.705600104331971,-6.8929437391685715,-5.976755974027846
8269,do,0.05,0.0,38,2.252882132530212,-6.2640010804841015,-6.817694677246942
8270,pp,0.05,0.0,24,1.9225021040439616,-6.371145275867346,-4.82700266705619
8271,do,0.05,0.0,56,2.851516951322555,-6.038156097585505,-6.2881338066524926
8272,pp,0.05,0.0,70,1.8175064074993141,-6.166997182730473,-4.650186072455512
8273,do,0.05,0.0,11,2.173712174892425,-4.962131417881359,-4.741933380232917
8274,pp,0.05,0.0,70,2.071720997095108,-5.432548641436028,-4.858437779214647
8275,do,0.05,0.0,70,3.326256253719329,-6.496068165519021,-6.695465962092082
8276,pp,0.05,0.0,45,2.577211583852768,-4.618334419077093,-4.6562222030427725
8277,do,0.05,0.0,32,1.7718152725696559,-6.4722074884356875,-5.915970571835836
8278,pp,0.05,0.0,37,1.434240748882294,-6.373587810631954,-5.005354777971903
8279,do,0.05,0.0,61,0.379473524093628,-6.8843577746189,-6.623645822207133
8280,pp,0.05,0.0,37,1.6501199710369105,-4.664893686410153,-4.517474312252468
8281,do,0.05,0.0,70,3.3840378451347357,-6.079451085581924,-4.880037196477255
8282,pp,0.05,0.0,38,2.446769267320634,-5.716950555281206,-5.081216306156582
8283,do,0.05,0.0,54,2.927506363391876,-5.1762050440817164,-4.897382934888204
8284,pp,0.05,0.0,18,1.1888943505287175,-5.413593952583544,-5.209798542658488
8285,do,0.05,0.0,58,2.9654843950271603,-6.529398062734893,-5.958510131306118
8286,pp,0.05,0.0,53,2.7126808702945713,-5.951518568848119,-5.668747440973918
8287,do,0.05,0.0,62,2.2601497960090633,-12.194329299348773,-11.134722815619575
8288,pp,0.05,0.0,7,0.3571650922298435,-4.753442713708589,-4.194149544503953
8289,do,0.05,0.0,12,1.1035176289081567,-5.0375148296356205,-4.509561228752136
8290,pp,0.05,0.0,42,3.0315267813205713,-5.2925419084953536,-5.917632381121318
8291,do,0.05,0.0,63,4.630851376056672,-6.684719533631296,-6.2022045506371395
8292,pp,0.05,0.0,34,2.6450205814838412,-5.412473344802857,-5.159216570854187
8293,do,0.05,0.0,15,1.0689547598361973,-5.020006496256048,-5.141951192749871
8294,pp,0.05,0.0,27,3.160812891721725,-6.052973076791474,-5.373804068565368
8295,do,0.05,0.0,13,2.7065235280990603,-4.442655651497119,-5.9141734970940485
8296,pp,0.05,0.0,49,2.5334466624259946,-7.764256189808701,-7.443623089790345
8297,do,0.05,0.0,70,1.2459944903850548,-7.3570461070898805,-6.794367951816983
8298,pp,0.05,0.0,22,1.9423528051376335,-5.642038531736894,-4.871441573566861
8299,do,0.05,0.0,67,1.1089507865905759,-9.2256269122615,-9.922127283944024
8300,pp,0.05,0.0,70,1.4900965929031376,-6.292183277823709,-5.904346161418491
8301,do,0.05,0.0,25,2.115353171825409,-5.226081676194162,-4.953217185868157
8302,pp,0.05,0.0,68,3.1750878000259393,-7.012249016039299,-6.441336682107713
8303,do,0.05,0.0,18,1.7667470872402191,-4.970919846043442,-4.865522458818224
8304,pp,0.05,0.0,62,1.532521225214004,-6.5110813516559025,-5.812744755215115
8305,do,0.05,0.0,69,2.993014383316039,-8.668377197150027,-7.951210742526584
8306,pp,0.05,0.0,18,1.1922345995903019,-7.129120552178585,-6.1079005930158825
8307,do,0.05,0.0,70,3.292945979833603,-6.6563845605561225,-6.725051702393426
8308,pp,0.05,0.0,68,2.782087615728379,-5.475285810412783,-5.096666142675612
8309,do,0.05,0.0,18,0.8762946891784669,-6.072741842269897,-5.068315429157681
8310,pp,0.05,0.0,42,2.0153922426700586,-8.820543786251184,-7.535460668139987
8311,do,0.05,0.0,43,2.2320211362838744,-5.976940364548654,-5.3531164858076306
8312,pp,0.05,0.0,46,3.6117132449150073,-4.85367302461104,-4.637303098042806
8313,do,0.05,0.0,16,0.7269564676284785,-5.547550488963272,-4.694649378458659
8314,pp,0.05,0.0,13,0.8316570842266087,-5.202092628767996,-4.867663290765551
8315,do,0.05,0.0,4,-1.2558875620365146,-6.1594847809184685,-5.628098914358351
8316,pp,0.05,0.0,36,2.0689398992061605,-7.700480430776422,-6.423678890864054
8317,do,0.05,0.0,57,1.58469054222107,-10.097376095164906,-8.787743107477825
8318,pp,0.05,0.0,70,1.7974403810501087,-9.456059596032807,-8.411293480131361
8319,do,0.05,0.0,70,1.6546434521675106,-7.966560181704435,-7.357706801096598
8320,pp,0.05,0.0,27,2.100131233930587,-7.207102344975327,-6.08879635863834
8321,do,0.05,0.0,70,1.7683522546291357,-8.318573159882517,-7.5724410057067875
8322,pp,0.05,0.0,3,0.7089067971706395,-5.084777269941387,-4.607688432269626
8323,do,0.05,0.0,70,1.6038755023479458,-6.924786933263143,-6.366564952002632
8324,pp,0.05,0.0,70,0.47751861572265586,-6.660476473605994,-6.37489947742886
8325,do,0.05,0.0,29,2.4907968258857727,-5.809917382038001,-5.2563445356157095
8326,pp,0.05,0.0,35,3.6716325163841246,-4.9453735337112885,-4.8253203392028805
8327,do,0.05,0.0,38,2.8732876336574558,-5.964409897544167,-5.143818412886725
8328,pp,0.05,0.0,61,3.0604256868362434,-6.871992245587435,-6.050607911745707
8329,do,0.05,0.0,57,1.42310277223587,-7.775979229898164,-7.273826969994439
8330,pp,0.05,0.0,66,1.4830818974971773,-5.797386348608768,-5.299222050772773
8331,do,0.05,0.0,10,1.1822465014457704,-5.437672610716386,-5.129187125629849
8332,pp,0.05,0.0,19,1.893304628133774,-6.8932413375738895,-6.002839597066243
8333,do,0.05,0.0,29,1.977763469219207,-5.31630461288221,-4.917047087351481
8334,pp,0.05,0.0,11,1.108285216093063,-4.389809250109123,-4.085675811767578
8335,do,0.05,0.0,22,2.4449021506309503,-5.623818683624267,-5.164538007312351
8336,pp,0.05,0.0,70,1.803538941144943,-6.411071134336067,-6.291016364097596
8337,do,0.05,0.0,40,3.441234728097915,-5.9645307223002115,-5.180657863616943
8338,pp,0.05,0.0,42,2.294717007875443,-5.395951103441643,-4.86529790825314
8339,do,0.05,0.0,54,2.9428850901126866,-6.522016935637503,-5.6762946526209515
8340,pp,0.05,0.0,37,2.408627525568008,-6.299340680151275,-5.859923145506117
8341,do,0.05,0.0,51,0.5064748442173004,-7.100193413821134,-6.32602953116099
8342,pp,0.05,0.0,38,2.511225919723511,-5.037119894316702,-4.800422395600213
8343,do,0.05,0.0,32,2.749120757579803,-5.104846265099265,-4.404531529214647
8344,pp,0.05,0.0,35,3.3034884119033823,-6.202576371395227,-6.418747446272108
8345,do,0.05,0.0,8,0.9996217417716986,-5.122639361294833,-4.596603602833218
8346,pp,0.05,0.0,25,2.2470231688022615,-6.294538418451945,-5.721862106853061
8347,do,0.05,0.0,66,2.682359954118728,-5.85620155767961,-5.055647073851691
8348,pp,0.05,0.0,70,1.4972936129570016,-6.43796639731436,-6.034587793880039
8349,do,0.05,0.0,24,1.7705906605720516,-5.879211308739402,-6.710767136679755
8350,pp,0.05,0.0,70,1.103161883354188,-8.117661500699592,-7.392849167188008
8351,do,0.05,0.0,21,2.5938052952289574,-4.640713077602965,-4.255043763584561
8352,pp,0.05,0.0,61,2.2744255948066705,-5.654726483605125,-5.652849817276001
8353,do,0.05,0.0,25,1.987661104202271,-5.498151877432159,-5.627213162846036
8354,pp,0.05,0.0,47,2.950139727592469,-4.970842149040916,-4.766956787639194
8355,do,0.05,0.0,29,3.50640319108963,-6.847006962516091,-7.195024879773458
8356,pp,0.05,0.0,39,0.6249279570579525,-8.003282749291623,-6.768597796228197
8357,do,0.05,0.0,22,1.011095432043076,-6.309018809867628,-6.876647567749023
8358,pp,0.05,0.0,9,0.724603760242462,-4.805599568106912,-4.526291129324171
8359,do,0.05,0.0,20,1.852409845590591,-4.773646715915564,-4.693021406067742
8360,pp,0.05,0.0,26,1.2308506560325627,-6.075319730874264,-5.955982155270046
8361,do,0.05,0.0,17,2.3499813330173493,-5.136026578960997,-4.968860308329265
8362,pp,0.05,0.0,24,3.1702685487270355,-5.10757505532467,-4.853297766049703
8363,do,0.05,0.0,62,1.789552175998688,-6.310487320928862,-5.906955459382799
8364,pp,0.05,0.0,36,1.5604563701152792,-6.298343146931042,-5.703796471489801
8365,do,0.05,0.0,12,1.8238311827182772,-4.43305726629315,-3.719494863351186
8366,pp,0.05,0.0,70,2.8775702524185176,-5.976064695011486,-6.078152206208971
8367,do,0.05,0.0,33,2.2042439723014837,-6.458667132348725,-6.257649922370911
8368,pp,0.05,0.0,47,2.386849373579026,-4.975622073086825,-4.777770609325833
8369,do,0.05,0.0,68,1.1731634426116955,-8.047840209440752,-9.833743143081666
8370,pp,0.05,0.0,45,2.1801657283306124,-6.1039894104003904,-6.305191503630744
8371,do,0.05,0.0,59,1.7955943846702578,-5.861770811947909,-6.31367769241333
8372,pp,0.05,0.0,52,3.5580647981166846,-6.083882745107015,-6.095893748601278
8373,do,0.05,0.0,56,1.0867703413963312,-5.864934541239883,-5.858102851443821
8374,pp,0.05,0.0,21,0.7953525233268737,-6.41820373246164,-5.7102802435557045
8375,do,0.05,0.0,36,3.202515184879304,-5.361229510740801,-4.855934259626601
8376,pp,0.05,0.0,26,3.4836079871654517,-5.248382879026009,-5.248407679133945
8377,do,0.05,0.0,10,1.3923088991641999,-5.892111019654707,-4.893534366289774
8378,pp,0.05,0.0,25,2.137317310571671,-4.957934840520223,-4.95546960565779
8379,do,0.05,0.0,59,2.5942011308670043,-6.931443120494033,-6.90655165248447
8380,pp,0.05,0.0,38,3.5276313424110404,-5.113862391674157,-5.100714855723911
8381,do,0.05,0.0,70,2.458265706300736,-7.960046421397816,-7.4786260578367445
8382,pp,0.05,0.0,28,2.3599499988555914,-5.0586828766447125,-4.875215991338094
8383,do,0.05,0.0,22,2.3829553818702696,-4.405727045463793,-4.494575140211317
8384,pp,0.05,0.0,70,0.8693650698661806,-8.412634527322018,-7.535230326652527
8385,do,0.05,0.0,47,3.2095593178272255,-4.816097665555549,-4.637896331151326
8386,pp,0.05,0.0,37,2.334421747922896,-8.805121304772117,-7.592151753107706
8387,do,0.05,0.0,64,2.277595483064651,-7.191613870678526,-7.012290324105157
8388,pp,0.05,0.0,70,3.5460215568542486,-6.279729536807898,-5.76638326909807
8389,do,0.05,0.0,33,3.8848028755187984,-5.8213289015220875,-5.147991077105204
8390,pp,0.05,0.0,51,3.964385167360307,-5.3236391500993205,-5.289810040262011
8391,do,0.05,0.0,58,1.3797205471992493,-6.060579060063217,-5.709950304031372
8392,pp,0.05,0.0,41,2.0354171085357677,-7.475687209042635,-7.37867354022132
8393,do,0.05,0.0,60,4.100025454759598,-4.996822179447521,-4.78604453669654
8394,pp,0.05,0.0,25,2.21715060353279,-5.697201574209965,-5.334774234559801
8395,do,0.05,0.0,50,3.017722846269608,-6.3020707347176295,-7.018656826019287
8396,pp,0.05,0.0,61,2.8567897605895993,-6.042334907705134,-5.571549391746521
8397,do,0.05,0.0,55,2.8025164222717285,-5.855033536390825,-5.410286270247566
8398,pp,0.05,0.0,70,3.4205911171436316,-4.636127617864898,-4.472125464015537
8399,do,0.05,0.0,35,1.892726089954376,-5.001584558775931,-4.920981878704495
8400,pp,0.05,0.0,68,1.3730273687839505,-6.003866224577933,-5.404512267642551
8401,do,0.05,0.0,13,1.2922532784938818,-4.969865524407589,-5.363256213400099
8402,pp,0.05,0.0,70,1.2501484870910646,-7.094613520304362,-6.551021114985148
8403,do,0.05,0.0,28,2.478885624408723,-6.033395683404171,-4.871935394075182
8404,pp,0.05,0.0,39,2.6773358678817747,-5.3588886954567645,-5.00190945731269
8405,do,0.05,0.0,26,4.244209969043732,-5.402818741942897,-5.240419133504232
8406,pp,0.05,0.0,26,3.6516550493240354,-4.621004350257643,-4.738816030820211
8407,do,0.05,0.0,30,2.4647216868400568,-6.15204569643194,-5.393319410747952
8408,pp,0.05,0.0,16,1.9026433813571924,-4.713747874173251,-4.6336851093504166
8409,do,0.05,0.0,19,2.6029161703586583,-5.289815055962765,-4.9866175333658855
8410,pp,0.05,0.0,29,3.0430234527587885,-5.730677622014826,-5.297653693623013
8411,do,0.05,0.0,13,1.771175478696823,-4.697924375534058,-3.9837471803029376
8412,pp,0.05,0.0,70,3.0553183090686806,-6.7750352671652125,-5.555015717612372
8413,do,0.05,0.0,60,3.6160837829113,-7.2619778806513,-6.8046570274564955
8414,pp,0.05,0.0,70,1.8509684634208687,-7.034821979927294,-6.130589477221171
8415,do,0.05,0.0,32,3.22178073644638,-5.00329158522866,-4.240091684129503
8416,pp,0.05,0.0,41,2.8339059078693403,-5.406049466855598,-4.961489025751749
8417,do,0.05,0.0,21,3.109471235275268,-4.822170832662872,-4.975443138016595
8418,pp,0.05,0.0,36,3.9478792238235476,-6.984692832195398,-6.650815659099155
8419,do,0.05,0.0,36,3.0886751484870922,-6.546877363956336,-5.798238632414076
8420,pp,0.05,0.0,8,0.6410907471179961,-5.421374883073749,-4.9303241729736325
8421,do,0.05,0.0,37,2.754232313632965,-4.489882389704387,-4.161334371566772
8422,pp,0.05,0.0,69,3.306305086612701,-4.588724499037771,-4.356412974993388
8423,do,0.05,0.0,8,1.199265480041504,-5.393476068612301,-4.602925639682346
8424,pp,0.05,0.0,12,1.0299349951744077,-6.512838880943529,-5.172570782237583
8425,do,0.05,0.0,39,2.3616114711761487,-6.122562074661255,-5.875202867719862
8426,pp,0.05,0.0,25,2.2360401141643518,-6.486817859880852,-5.97027489874098
8427,do,0.05,0.0,22,1.665214732885361,-5.656191044142752,-5.469024920463562
8428,pp,0.05,0.0,28,2.529721249341965,-5.7233224016247375,-5.4071352746751575
8429,do,0.05,0.0,40,2.3012766206264494,-6.335938800464977,-7.012291487058004
8430,pp,0.05,0.0,50,0.7874005854129784,-7.679614649396954,-6.739883242713081
8431,do,0.05,0.0,23,2.002688798904419,-5.330374716267441,-5.172230826483832
8432,pp,0.05,0.0,24,1.1224096071720124,-6.794334027261445,-6.0583251423305935
8433,do,0.05,0.0,36,2.8240924119949335,-5.460821403156627,-7.129145251380073
8434,pp,0.05,0.0,51,0.8678732371330256,-8.583721951282385,-7.065388128492567
8435,do,0.05,0.0,25,3.0578467988967892,-4.609253087188258,-4.518299884266323
8436,pp,0.05,0.0,53,1.1320447003841396,-5.262566101189815,-4.710818616549174
8437,do,0.05,0.0,70,3.003577823638916,-4.619448468179414,-5.919685684310066
8438,pp,0.05,0.0,30,1.9092247807979588,-6.329922995422826,-6.243025234010484
8439,do,0.05,0.0,43,3.6227598667144774,-5.4500671112176144,-4.732399752404954
8440,pp,0.05,0.0,57,2.188439729213714,-5.453238007516572,-4.978158291180929
8441,do,0.05,0.0,31,2.5403347778320313,-5.287494574171124,-5.760269909434848
8442,pp,0.05,0.0,27,2.764641997814179,-4.635770932110873,-4.434202893575033
8443,do,0.05,0.0,31,2.70986697793007,-5.076664335077459,-4.560031782256233
8444,pp,0.05,0.0,37,2.4342786371707916,-4.842585596893773,-4.843298361036513
8445,do,0.05,0.0,49,2.7088815748691557,-5.6918216199585885,-6.054987049102783
8446,pp,0.05,0.0,18,2.485135762691498,-4.8903709021481605,-4.802999785211351
8447,do,0.05,0.0,34,2.8877654790878298,-5.596726076530688,-4.968330693244934
8448,pp,0.05,0.0,70,3.450640138387681,-4.49845051909938,-4.265268505944146
8449,do,0.05,0.0,46,0.9694457280635831,-7.404703286199859,-6.628063501252068
8450,pp,0.05,0.0,32,2.0777388799190515,-7.028428074807832,-6.16892589992947
8451,do,0.05,0.0,23,2.1518311297893513,-6.199926900863647,-5.488914691077339
8452,pp,0.05,0.0,25,-0.06900467514991782,-7.85277011755741,-6.801927497651842
8453,do,0.05,0.0,24,0.6894791913032536,-5.37041541446339,-5.042536666658189
8454,pp,0.05,0.0,1,-0.5569024276733394,-5.074826808409258,-4.511701851420932
8455,do,0.05,0.0,70,0.8616860246658327,-6.4756633599599205,-5.687498784065246
8456,pp,0.05,0.0,70,0.996370404958725,-6.502193643107558,-5.830798697471619
8457,do,0.05,0.0,70,1.792233283519744,-8.633466258193508,-8.298626520898607
8458,pp,0.05,0.0,5,0.365840122699737,-5.286929958516901,-4.098634725146823
8459,do,0.05,0.0,19,-0.33255264759063685,-6.182276264826457,-5.6559383736716375
8460,pp,0.05,0.0,34,0.6216294848918915,-5.907661407644098,-5.282981774542066
8461,do,0.05,0.0,33,1.7332628738880151,-6.008422231674194,-5.840888049867418
8462,pp,0.05,0.0,59,1.8114563608169565,-7.219367953502771,-6.049496870570713
8463,do,0.05,0.0,20,1.1643079042434685,-5.017255865443836,-4.474116055170695
8464,pp,0.05,0.0,65,1.0775811266899105,-5.367980806755297,-4.755765740076701
8465,do,0.05,0.0,15,0.5718557119369505,-5.229592134013321,-4.537153402964274
8466,pp,0.05,0.0,70,2.2995817613601686,-6.113384420221502,-5.331240590413412
8467,do,0.05,0.0,70,0.9211977446079249,-6.225609468691276,-5.84296190738678
8468,pp,0.05,0.0,53,4.011815737485886,-5.819014659072414,-4.85294656223721
8469,do,0.05,0.0,26,0.31968858957290625,-5.0286868427739,-4.50633854203754
8470,pp,0.05,0.0,68,1.8420947146415712,-6.072082863431988,-5.418109403716193
8471,do,0.05,0.0,23,1.3407880759239195,-6.851886283990108,-6.2391461054484045
8472,pp,0.05,0.0,19,1.4715224409103396,-5.78508666789893,-4.879139857821994
8473,do,0.05,0.0,26,2.341149609088898,-5.300770292860089,-4.718725858794318
8474,pp,0.05,0.0,70,1.383700095415115,-5.310054907654271,-4.470739901065826
8475,do,0.05,0.0,31,1.9109410059452054,-5.626981287291556,-5.169802607430352
8476,pp,0.05,0.0,70,2.558549978733063,-6.024532560868697,-5.006019237306383
8477,do,0.05,0.0,14,1.7680208802223207,-4.478074370008526,-3.999562691317664
8478,pp,0.05,0.0,70,2.885998760461808,-7.764945275855787,-6.666897704866197
8479,do,0.05,0.0,70,1.552797046899796,-5.556641639362682,-5.038418691688114
8480,pp,0.05,0.0,70,2.537850332260133,-5.869568618138631,-4.720488161510891
8481,do,0.05,0.0,25,0.2038801741600036,-4.869155868616971,-4.085105201933119
8482,pp,0.05,0.0,70,1.7609087920188902,-7.841447164073135,-6.346368198924594
8483,do,0.05,0.0,18,1.071972367763519,-5.006482455224702,-4.4305042425791425
8484,pp,0.05,0.0,48,2.298302216529846,-7.378728878136837,-6.402502780490451
8485,do,0.05,0.0,70,0.45610834479331963,-8.703854445255164,-8.43159426583184
8486,pp,0.05,0.0,70,-0.22463201642036523,-7.761423191879735,-6.878964755270216
8487,do,0.05,0.0,25,1.7139230585098275,-5.507503984913681,-5.006675622198316
8488,pp,0.05,0.0,22,0.26092081785202037,-6.402838802337646,-5.21919141875373
8489,do,0.05,0.0,35,2.3035692095756524,-5.63068641315807,-4.867839512560103
8490,pp,0.05,0.0,70,1.737830257415772,-7.18437794194077,-6.511561809645759
8491,do,0.05,0.0,22,1.560997755527496,-5.120549675912568,-4.528257388538784
8492,pp,0.05,0.0,35,0.8003280270099635,-7.111324048764778,-5.987650714980232
8493,do,0.05,0.0,21,2.0347740173339846,-5.038491749041008,-4.7771175622940065
8494,pp,0.05,0.0,23,1.7337179696559897,-5.850421443130031,-4.865315432018704
8495,do,0.05,0.0,28,1.5837470316886897,-6.2136486053466795,-5.838174072901408
8496,pp,0.05,0.0,7,0.3678143274784089,-5.522847909638376,-4.467428379588657
8497,do,0.05,0.0,22,0.838075413703919,-5.110272338173607,-4.71394976509942
8498,pp,0.05,0.0,13,0.22390946865081762,-6.394112997344046,-5.170598003599379
8499,do,0.05,0.0,70,1.6042660653591154,-5.289708896116777,-4.787830172644721
8500,pp,0.05,0.0,70,2.254024256467819,-5.76131832671888,-4.802210140228271
8501,do,0.05,0.0,56,1.226560261249542,-8.34073957529935,-7.200578901502821
8502,pp,0.05,0.0,70,0.5166866767406466,-7.2550183744141545,-6.294550784428915
8503,do,0.05,0.0,7,0.6964707601070401,-4.437800719521262,-4.127995252609253
8504,pp,0.05,0.0,63,0.1488886523246764,-7.200877792185003,-6.025814249780443
8505,do,0.05,0.0,70,1.1861415982246397,-6.855897511857929,-7.859493372175429
8506,pp,0.05,0.0,70,3.2556647658348075,-6.895161526130908,-6.139422925313314
8507,do,0.05,0.0,70,0.5592124032974244,-6.159798029697303,-5.482522998915778
8508,pp,0.05,0.0,20,1.6353670203685766,-6.178559637069702,-5.02521784040663
8509,do,0.05,0.0,37,1.6194343841075893,-6.607806304006866,-6.365816590521071
8510,pp,0.05,0.0,22,1.5021139967441561,-7.381924169713801,-5.890279473198785
8511,do,0.05,0.0,49,1.435597647428513,-6.130908518126517,-5.649035525321961
8512,pp,0.05,0.0,45,1.151399713754654,-5.9759676615397135,-5.28691320154402
8513,do,0.05,0.0,54,1.9086743307113654,-5.850927745934689,-4.891958936055501
8514,pp,0.05,0.0,68,2.34675079345703,-7.380360820076683,-6.538320954640707
8515,do,0.05,0.0,51,1.0339586877822873,-6.035515486110341,-5.655342223909166
8516,pp,0.05,0.0,36,1.552924090623855,-5.960728266744903,-6.067333563168844
8517,do,0.05,0.0,66,1.2970768642425536,-6.111622087883227,-5.626158229509989
8518,pp,0.05,0.0,70,1.777817809581757,-6.480477152448712,-5.793123949898614
8519,do,0.05,0.0,22,0.4409121382236476,-6.5643310532425385,-5.79583818382687
8520,pp,0.05,0.0,50,1.5602476668357852,-7.506694022091952,-6.702938477198283
8521,do,0.05,0.0,39,1.31541223526001,-5.571454004807905,-5.302256502045525
8522,pp,0.05,0.0,40,2.488820161819457,-6.059085541060477,-5.115381100442675
8523,do,0.05,0.0,21,1.469192081689834,-5.700748771609682,-4.901551138030158
8524,pp,0.05,0.0,27,1.3755996656417846,-6.61494461406361,-5.01198673248291
8525,do,0.05,0.0,70,2.0268522024154665,-6.989740205533577,-5.880308551258511
8526,pp,0.05,0.0,30,0.8298280954360973,-8.826512336730957,-7.299604619873895
8527,do,0.05,0.0,56,1.4303314983844766,-6.782491610266946,-5.881447460916307
8528,pp,0.05,0.0,70,1.5543512845039373,-9.736733277638754,-7.493932803471883
8529,do,0.05,0.0,13,1.2148969376087182,-4.745971189845692,-4.288097826639811
8530,pp,0.05,0.0,6,0.9541971278190617,-5.4387554573290275,-4.587299434343974
8531,do,0.05,0.0,65,1.958519861698151,-7.2420641523419,-6.265986145867242
8532,pp,0.05,0.0,15,1.1878968191146848,-5.994271953178175,-4.787434911727905
8533,do,0.05,0.0,26,1.9687541413307201,-5.379154958146991,-5.038117292192247
8534,pp,0.05,0.0,70,0.45865983963012713,-7.907881329276345,-6.47274563047621
8535,do,0.05,0.0,18,2.620450738668442,-4.302035087527651,-4.0620226648118765
8536,pp,0.05,0.0,1,-0.9214410889148708,-6.246456059542569,-5.367489698198106
8537,do,0.05,0.0,19,1.178244417905808,-5.600104642636849,-5.341461004151238
8538,pp,0.05,0.0,70,2.0302883362770068,-7.070867152647539,-6.34173952738444
8539,do,0.05,0.0,5,1.0994331693649295,-4.159637292948636,-4.008881656328837
8540,pp,0.05,0.0,69,1.4321492314338684,-9.514038559884735,-7.744522847069634
8541,do,0.05,0.0,69,1.2848457527160644,-6.4738195130319305,-5.829257239235772
8542,pp,0.05,0.0,10,1.331537137031555,-5.02937711946892,-4.1117035269737245
8543,do,0.05,0.0,25,0.724103771448136,-5.8605212197159275,-5.266507569948832
8544,pp,0.05,0.0,41,1.78170242190361,-6.662399146051118,-5.818052175309923
8545,do,0.05,0.0,70,1.6679336059093472,-5.782752022598729,-5.100793772273594
8546,pp,0.05,0.0,39,1.9203455829620362,-5.633914868036906,-4.971795262230767
8547,do,0.05,0.0,14,1.9118381607532502,-4.199858649571737,-3.9079754365815056
8548,pp,0.05,0.0,50,0.4944753670692439,-6.854187768878359,-6.331500328911675
8549,do,0.05,0.0,24,1.734697870016098,-5.1217748150681,-4.521145060327318
8550,pp,0.05,0.0,11,0.9568814051151273,-6.330406152840816,-5.065668265024821
8551,do,0.05,0.0,40,1.352647813558578,-5.422155604217991,-4.542839671505822
8552,pp,0.05,0.0,68,1.671659523248672,-7.063829958077633,-6.673804725541009
8553,do,0.05,0.0,23,0.4134400439262391,-5.958752499204693,-5.127216625213623
8554,pp,0.05,0.0,70,1.6364022970199583,-6.2198107502677225,-5.416685843467713
8555,do,0.05,0.0,20,1.025499075651168,-6.567826453122225,-5.489139829741584
8556,pp,0.05,0.0,64,1.8521768581867217,-8.209035257859664,-7.443510802586873
8557,do,0.05,0.0,10,0.38736688137054465,-6.023893749352657,-4.889110390345255
8558,pp,0.05,0.0,27,1.8842086124420163,-7.2758950392405195,-6.582276344299316
8559,do,0.05,0.0,14,0.8934557187557219,-5.388036394119263,-4.804450172848171
8560,pp,0.05,0.0,51,1.7792375504970543,-6.373677801363396,-5.687444535891215
8561,do,0.05,0.0,28,3.3988469445705407,-4.322733686187051,-4.259961655404832
8562,pp,0.05,0.0,70,1.8462953817844392,-6.880005550384522,-5.590299990442064
8563,do,0.05,0.0,18,2.075443428754806,-4.170388827179417,-3.8428664604822793
8564,pp,0.05,0.0,34,2.14718623638153,-5.527510182062785,-5.033384656906128
8565,do,0.05,0.0,57,1.9723029315471656,-5.546779193300189,-4.838911649915907
8566,pp,0.05,0.0,18,2.497107403278351,-4.97767465764826,-4.120388785998027
8567,do,0.05,0.0,5,0.3339106786251067,-4.60266557895776,-4.219261209170024
8568,pp,0.05,0.0,70,2.1872551357746115,-7.408946407202518,-6.246951484680176
8569,do,0.05,0.0,70,1.942346655130387,-6.060017613208655,-4.987442090776232
8570,pp,0.05,0.0,37,2.66648989200592,-5.064806194016428,-4.638500944773356
8571,do,0.05,0.0,27,0.5393817305564879,-5.778897721839674,-4.869955984751384
8572,pp,0.05,0.0,60,1.849398589134216,-6.4785619764617,-5.871455184618632
8573,do,0.05,0.0,25,0.7963443660736083,-5.610682741800944,-5.059875827365452
8574,pp,0.05,0.0,37,2.1807999646663676,-5.581831382982658,-4.843220723999871
8575,do,0.05,0.0,70,2.34650533080101,-6.053399711666685,-5.0567343526416355
8576,pp,0.05,0.0,70,2.709803078174592,-7.722327589266228,-5.728394254048665
8577,do,0.05,0.0,56,0.6392053198814391,-7.079337478406502,-6.037011665768094
8578,pp,0.05,0.0,53,0.7430609130859374,-7.2764727216778375,-5.961514433224996
8579,do,0.05,0.0,3,-0.13285583019256642,-5.027027663317594,-4.071271093686422
8580,pp,0.05,0.0,70,0.5290924739837655,-6.4443850965210885,-5.737629818916321
8581,do,0.05,0.0,22,0.26635267257690476,-5.85040579998132,-5.1763772143257984
8582,pp,0.05,0.0,29,1.6684357666969296,-5.995512674794052,-5.023070565859476
8583,do,0.05,0.0,15,0.13997621417045547,-5.878603185306896,-5.201439868079292
8584,pp,0.05,0.0,19,0.8189321732521062,-5.734403601559726,-4.760849754015605
8585,do,0.05,0.0,34,0.3647933173179627,-7.894870037021059,-6.255903159247504
8586,pp,0.05,0.0,70,2.209525980949403,-6.373428653948235,-5.633888954586453
8587,do,0.05,0.0,15,2.2249011743068694,-4.627618580153494,-4.051128506660461
8588,pp,0.05,0.0,60,2.455865595340729,-5.661829657988115,-5.264519410663181
8589,do,0.05,0.0,23,2.451578518152237,-4.4894998463717375,-4.070362451341417
8590,pp,0.05,0.0,24,2.4969866120815283,-4.92050476507707,-4.1790369775560166
8591,do,0.05,0.0,7,0.690246504545212,-4.7561520359732885,-3.9952337980270385
8592,pp,0.05,0.0,41,1.9830124938488014,-6.172371770396377,-4.83375112745497
8593,do,0.05,0.0,29,1.4032734131813047,-5.477278375625611,-5.869111858473884
8594,pp,0.05,0.0,65,1.8438438475131989,-6.205826203028361,-5.329617710908254
8595,do,0.05,0.0,28,0.9187750160694126,-6.0301025130532,-5.014307543966505
8596,pp,0.05,0.0,70,3.2054501247406,-5.330046435558435,-4.471904836760627
8597,do,0.05,0.0,51,1.5756008374691,-6.374952515688809,-5.836014209853278
8598,pp,0.05,0.0,22,1.2548223209381097,-6.478764967484907,-5.361147019598219
8599,do,0.05,0.0,44,0.761148152351379,-6.3214238802591955,-5.4381146007113985
8600,pp,0.05,0.0,5,-0.4320716142654417,-5.568690632328843,-4.788869065708584
8601,do,0.05,0.0,60,1.9424782657623298,-6.243223379597519,-5.911738234096103
8602,pp,0.05,0.0,19,1.6346201169490815,-5.4617377916971845,-5.054865985446506
8603,do,0.05,0.0,70,0.46431987762451143,-6.641183468789765,-6.249500298500061
8604,pp,0.05,0.0,70,1.3706225037574775,-8.01307889620463,-7.184570026397705
8605,do,0.05,0.0,43,2.107071726322175,-5.8741498932693945,-5.330437368816799
8606,pp,0.05,0.0,27,1.0068091523647311,-6.451419430068045,-5.616480856471592
8607,do,0.05,0.0,5,0.17927468299865712,-4.942434760295984,-4.510988852712843
8608,pp,0.05,0.0,66,0.31342830777168196,-7.4830951141588615,-6.319342290030585
8609,do,0.05,0.0,70,1.1413881635665888,-5.783333509618585,-5.348006669680277
8610,pp,0.05,0.0,36,1.6362942349910732,-5.573720183516993,-4.836726103888617
8611,do,0.05,0.0,56,3.189462380409241,-5.667970859643185,-5.216523989041646
8612,pp,0.05,0.0,70,2.6863134145736707,-6.797382259368897,-6.022328090667725
8613,do,0.05,0.0,49,1.203250356912613,-6.792296072931,-6.328279005156623
8614,pp,0.05,0.0,51,0.9191460120677952,-7.465677900025339,-6.155636482768589
8615,do,0.05,0.0,32,3.115930546522141,-5.279292395620635,-4.604948178927104
8616,pp,0.05,0.0,48,0.7764258456230175,-7.271933058536414,-6.443436471621196
8617,do,0.05,0.0,5,-0.14126414418220534,-5.61102031360973,-4.646660786204868
8618,pp,0.05,0.0,69,0.6926180207729331,-9.283916314442953,-8.474827814102174
8619,do,0.05,0.0,70,0.49594527363777186,-6.423727869265007,-6.443559461169773
8620,pp,0.05,0.0,2,-0.7504701411724088,-5.42908914161451,-4.662813173400031
8621,do,0.05,0.0,25,0.7469475960731513,-5.449512574166962,-4.650545173221165
8622,pp,0.05,0.0,20,1.5934119045734398,-6.8432157906618984,-6.246467378404406
8623,do,0.05,0.0,68,1.1161456990241998,-6.553858093781905,-6.13880758550432
8624,pp,0.05,0.0,31,1.2741192352771762,-6.393771344965154,-5.233754587173462
8625,do,0.05,0.0,6,1.1265837228298183,-4.523987538886793,-3.923521123992072
8626,pp,0.05,0.0,2,-0.7157930922508235,-5.4975735332026625,-4.901027965545654
8627,do,0.05,0.0,70,2.6668755936622617,-5.451971925388683,-5.171110370424059
8628,pp,0.05,0.0,58,0.7039903736114503,-7.17591582067085,-6.681665277481079
8629,do,0.05,0.0,52,0.9985030686855305,-6.743750864086729,-6.288015744421217
8630,pp,0.05,0.0,22,1.235141139030456,-6.19561983310815,-5.782512066099379
8631,do,0.05,0.0,8,0.26454888582229596,-5.2818431146217115,-4.811392874187893
8632,pp,0.05,0.0,7,0.23779451251030004,-5.250099874265266,-4.409019989437527
8633,do,0.05,0.0,58,2.6656589496135714,-6.303600321394025,-6.671469786432055
8634,pp,0.05,0.0,15,0.3888121473789212,-5.807068790089001,-5.069788307613797
8635,do,0.05,0.0,12,1.539734990596771,-4.782884787068222,-4.514321692784628
8636,pp,0.05,0.0,70,0.615421991348267,-8.537141747908159,-7.621928607092963
8637,do,0.05,0.0,38,2.7423514437675482,-4.665222412167173,-4.596978576978048
8638,pp,0.05,0.0,67,2.0599859368801114,-7.6021383083227905,-6.783993493186103
8639,do,0.05,0.0,70,0.795222867727281,-7.604889665950428,-6.677849509980944
8640,pp,0.05,0.0,66,0.34566997647285547,-7.7840810891353724,-6.5227510531743365
8641,do,0.05,0.0,7,0.48244016528129574,-5.166113369392626,-4.891037045584785
8642,pp,0.05,0.0,16,0.19173382401466377,-6.531607377890385,-5.615076724688212
8643,do,0.05,0.0,50,2.129492262601852,-6.4064170591758955,-6.911287117004394
8644,pp,0.05,0.0,58,2.6877085280418385,-8.331019284508445,-6.816892857021756
8645,do,0.05,0.0,47,2.165483481884003,-6.683711495543971,-5.425239907370673
8646,pp,0.05,0.0,57,2.132564836740494,-7.122892918731227,-4.924405169487
8647,do,0.05,0.0,68,1.0276384043693536,-5.992847114620787,-5.744508859846327
8648,pp,0.05,0.0,10,1.0815187025070196,-4.089601210391883,-3.633148303296831
8649,do,0.05,0.0,56,3.1611780953407287,-8.73073022293322,-8.509275971518623
8650,pp,0.05,0.0,70,2.3138567388057707,-6.246234528223673,-5.78338193098704
8651,do,0.05,0.0,16,-0.18885032415390057,-6.518847750172471,-5.731932634777493
8652,pp,0.05,0.0,20,1.042656462192535,-5.606207379427823,-4.639393666055468
8653,do,0.05,0.0,10,0.4070798540115357,-5.790839086879384,-4.973130340046353
8654,pp,0.05,0.0,47,1.8266804969310764,-7.423810789801857,-5.955140741666158
8655,do,0.05,0.0,10,1.7767416274547578,-4.260602138981675,-3.8529105557335748
8656,pp,0.05,0.0,43,3.552931658029557,-5.74181536616701,-4.942622372839186
8657,do,0.05,0.0,12,0.9001038849353789,-5.453587582617095,-5.951985825432671
8658,pp,0.05,0.0,70,1.3186365532875062,-8.740707711017492,-7.391271991199917
8659,do,0.05,0.0,41,0.07983541250228754,-7.772131188710531,-6.7709330823686384
8660,pp,0.05,0.0,55,3.3270502328872684,-6.344578757430568,-5.419638355573018
8661,do,0.05,0.0,19,2.1352219080924986,-5.167439433300134,-5.026752800411648
8662,pp,0.05,0.0,14,1.2984161746501925,-5.849381143396551,-4.923581519391802
8663,do,0.05,0.0,38,2.593284450769424,-5.0439354174064865,-5.617718603875902
8664,pp,0.05,0.0,26,2.0907982981204993,-5.203025231216893,-4.612816794713338
8665,do,0.05,0.0,10,0.29578639388084405,-5.6914747989538945,-5.227112346225315
8666,pp,0.05,0.0,14,1.7308866953849789,-4.60560136419354,-4.118168497085572
8667,do,0.05,0.0,70,2.1663789379596707,-5.5689752622084185,-4.747713221444024
8668,pp,0.05,0.0,42,3.228650329113006,-6.148224054683339,-5.080111445320977
8669,do,0.05,0.0,65,1.4821291613578804,-8.382021282658432,-7.687184495396084
8670,pp,0.05,0.0,53,1.0072601318359373,-6.3739338643623125,-5.469918960995145
8671,do,0.05,0.0,13,1.104279131889343,-5.355475128058231,-5.24874811967214
8672,pp,0.05,0.0,40,3.558262205123901,-4.806020855181145,-4.484933139218224
8673,do,0.05,0.0,17,0.18409921169281063,-7.191335860165682,-6.47988465891944
8674,pp,0.05,0.0,28,1.1994741439819334,-6.698006959394975,-5.503599357604981
8675,do,0.05,0.0,70,-0.32484171271324147,-6.410269823941317,-5.4707347260581125
8676,pp,0.05,0.0,2,-0.9350501084327698,-5.93963718847795,-5.503392624855041
8677,do,0.05,0.0,15,2.1276217722892765,-5.282754869172067,-4.511310813162062
8678,pp,0.05,0.0,24,0.5374076676368711,-7.508242198192712,-6.223156820403205
8679,do,0.05,0.0,32,2.473906651735305,-6.711969829328132,-6.017200777265761
8680,pp,0.05,0.0,41,3.380028356313705,-6.577973173603867,-5.791560914781359
8681,do,0.05,0.0,52,0.7736581134796143,-7.835349551114169,-8.400659333335028
8682,pp,0.05,0.0,64,1.831122726202011,-7.830150784868183,-7.039011735386318
8683,do,0.05,0.0,5,-0.10248076319694555,-5.190194553317446,-4.565289889441596
8684,pp,0.05,0.0,13,1.8018068659305575,-4.340977044539018,-4.267780348989699
8685,do,0.05,0.0,17,3.257480251789093,-5.21753241076614,-4.991945801840888
8686,pp,0.05,0.0,25,1.724751709699631,-5.632559204101563,-4.979508786731296
8687,do,0.05,0.0,21,0.6488054919242856,-6.455997283530958,-6.239679620001051
8688,pp,0.05,0.0,43,0.4311314511299127,-6.0687518885641385,-5.556850250562032
8689,do,0.05,0.0,35,0.6990086197853085,-6.392749808051369,-5.740250547726949
8690,pp,0.05,0.0,51,1.7102177703380592,-5.523111956047289,-4.959194045596653
8691,do,0.05,0.0,29,2.335575536489486,-5.663704415523645,-5.073679039213393
8692,pp,0.05,0.0,35,2.7844423770904534,-4.885950701164477,-4.698575888739692
8693,do,0.05,0.0,19,1.4120784831047066,-5.453987016099872,-4.8986116064919365
8694,pp,0.05,0.0,58,0.7498769354820247,-9.20275057734865,-8.460935174094306
8695,do,0.05,0.0,32,0.4342554616928096,-7.4244935729286885,-8.2520287460751
8696,pp,0.05,0.0,29,0.43119281649589514,-6.567826789798159,-6.143790602684021
8697,do,0.05,0.0,28,0.9559686422348017,-6.242618160536795,-5.96803605556488
8698,pp,0.05,0.0,3,-0.06119389533996511,-4.977846555998831,-4.179414571656121
8699,do,0.05,0.0,23,1.3941694927215575,-5.272601767742272,-4.6328115092383495
8700,pp,0.05,0.0,26,1.8570459616184234,-4.897698233344338,-4.624518979920281
8701,do,0.05,0.0,41,2.5636284255981447,-5.8155436703653045,-5.956082653999329
8702,pp,0.05,0.0,32,1.2284642744064342,-7.747013902664184,-7.128885020150078
8703,do,0.05,0.0,2,0.3921322774887086,-4.77213189385154,-4.092036525408427
8704,pp,0.05,0.0,70,1.0888031339645394,-9.747082675587047,-8.005882422129313
8705,do,0.05,0.0,47,1.1866315841674808,-6.533446421767726,-6.666358759668138
8706,pp,0.05,0.0,50,2.4393613779544827,-5.617589059020534,-4.629443698459202
8707,do,0.05,0.0,8,-0.2525950026512147,-5.844497514493538,-5.7661458651224775
8708,pp,0.05,0.0,11,0.09263192892074645,-5.452912369641391,-4.719223637051052
8709,do,0.05,0.0,3,-0.211444538831711,-5.102732839006366,-4.700698849889967
8710,pp,0.05,0.0,70,1.9491372001171108,-6.381690687121767,-6.007231881883409
8711,do,0.05,0.0,29,1.217561470270157,-6.1606483618418375,-5.615608673625522
8712,pp,0.05,0.0,30,2.393658626079559,-7.08749431696805,-5.955238591300117
8713,do,0.05,0.0,19,0.34530824422836304,-8.171807154742154,-7.779082981745402
8714,pp,0.05,0.0,6,0.5200969159603117,-4.385976563077985,-4.011815015474955
8715,do,0.05,0.0,12,1.7738681077957148,-4.999944449916031,-4.358439331584506
8716,pp,0.05,0.0,28,2.7955882835388177,-5.188837159763683,-5.1443525923622975
8717,do,0.05,0.0,4,-0.08620672583580014,-5.541369630351211,-4.884947843021816
8718,pp,0.05,0.0,5,-0.02860549330711315,-4.724330574093443,-4.11799013349745
8719,do,0.05,0.0,40,0.8477056217193608,-7.253632866252552,-6.318315513928732
8720,pp,0.05,0.0,68,0.8985011243820189,-7.782279296354814,-6.941778042581347
8721,do,0.05,0.0,48,1.6117267405986784,-6.618585814851703,-5.820536094241672
8722,pp,0.05,0.0,66,1.1154181563854229,-8.021991255789093,-6.401553445392185
8723,do,0.05,0.0,3,-1.0915452742576601,-6.162849804849335,-5.755072339375814
8724,pp,0.05,0.0,38,0.5559086155891428,-8.958982554349033,-7.977140100797017
8725,do,0.05,0.0,10,1.02686398267746,-5.205619801896991,-4.458744886186388
8726,pp,0.05,0.0,26,2.2576495397090905,-4.656928316752116,-4.3502370066112945
8727,do,0.05,0.0,43,2.186229271888733,-7.040964893861251,-7.323294160101149
8728,pp,0.05,0.0,70,3.2831431853771207,-6.931441507917462,-6.305568085776435
8729,do,0.05,0.0,11,1.2820462822914127,-4.93812957387982,-4.206345621744791
8730,pp,0.05,0.0,32,1.896240404844284,-6.378602387688376,-5.540852334764269
8731,do,0.05,0.0,54,0.8927558135986331,-8.587384394443397,-8.547120989693536
8732,pp,0.05,0.0,66,3.1271171927452084,-7.90821412115386,-6.837909338209364
8733,do,0.05,0.0,9,0.885635371208191,-5.671864937291001,-5.235928874545627
8734,pp,0.05,0.0,11,-0.09177890419960022,-5.040760278701782,-4.405647248691983
8735,do,0.05,0.0,39,1.435800015926361,-7.831720891143337,-7.299342634942796
8736,pp,0.05,0.0,45,1.3505610322952268,-9.561497422420617,-8.18588637246026
8737,do,0.05,0.0,12,0.3032786333560944,-6.820565829132542,-5.875891998079088
8738,pp,0.05,0.0,27,0.3635067117214206,-7.120483485135165,-6.295470794041951
8739,do,0.05,0.0,5,0.6197868049144741,-4.592084011887059,-4.163824150297377
8740,pp,0.05,0.0,9,1.2487697494030003,-4.273463493404966,-3.739028557141622
8741,do,0.05,0.0,21,1.385800513029098,-6.029724610935558,-5.463492459721035
8742,pp,0.05,0.0,12,1.1222837936878207,-5.1321524562257705,-4.358125797907511
8743,do,0.05,0.0,28,1.4624295520782473,-5.686038181998513,-5.370968598789639
8744,pp,0.05,0.0,51,1.4067982363700873,-6.777087176929821,-5.350961544778612
8745,do,0.05,0.0,18,2.0992689883708957,-4.666592285127351,-3.9810561656951906
8746,pp,0.05,0.0,23,0.08636817932128871,-5.473144459001945,-4.1669238461388485
8747,do,0.05,0.0,16,0.451718363761902,-6.534637247432362,-5.359659875763787
8748,pp,0.05,0.0,70,2.3334839606285094,-9.592074278629187,-6.672838899824354
8749,do,0.05,0.0,25,2.46727196931839,-6.097996083172885,-5.309255448977153
8750,pp,0.05,0.0,67,2.4413516247272486,-6.587937086278742,-5.086194968223571
8751,do,0.05,0.0,10,2.2595784354209902,-4.271721949721828,-3.9254736887084114
8752,pp,0.05,0.0,30,2.5794837832450863,-5.647764889399211,-4.902690182791816
8753,do,0.05,0.0,51,2.183957052230835,-5.4513758572665125,-4.868482128779093
8754,pp,0.05,0.0,12,1.2881424343585968,-5.667053387381814,-4.974126844935947
8755,do,0.05,0.0,19,0.28690354347228997,-6.456668933232625,-5.921311373180814
8756,pp,0.05,0.0,70,1.056728751659394,-7.489544660394842,-6.230559245745341
8757,do,0.05,0.0,19,0.2217274391651154,-6.178748921192054,-5.46999302705129
8758,pp,0.05,0.0,8,1.0612284398078913,-4.342869330897476,-3.6393081413375006
8759,do,0.05,0.0,19,0.545899727344513,-5.479255596796672,-5.031899656189813
8760,pp,0.05,0.0,69,1.038050806522369,-6.741418725794012,-5.872188629044427
8761,do,0.05,0.0,10,0.1536983573436732,-5.506399265925089,-4.944468839963277
8762,pp,0.05,0.0,23,1.6205364298820495,-5.723204553488529,-4.796773436334398
8763,do,0.05,0.0,59,2.42464922785759,-6.625106008125074,-6.228923050562541
8764,pp,0.05,0.0,13,-0.12692640185356208,-6.249781614361387,-5.3575845347510445
8765,do,0.05,0.0,36,2.6712693834304817,-5.017422863931367,-4.6244638310538395
8766,pp,0.05,0.0,37,1.450589054822922,-6.8137158740650525,-6.023803220854865
8767,do,0.05,0.0,5,0.3783320105075836,-5.017042037212487,-4.657326380411784
8768,pp,0.05,0.0,70,1.4289716136455537,-7.077052639469956,-6.445543215009901
8769,do,0.05,0.0,16,1.465464453697205,-7.429696470318419,-6.193179363674588
8770,pp,0.05,0.0,43,1.2109716188907624,-6.684205719918916,-6.20770636399587
8771,do,0.05,0.0,70,1.0162497973442068,-7.75342109709075,-6.628092890315585
8772,pp,0.05,0.0,65,2.1837671351432792,-7.26420190262072,-6.468845423062643
8773,do,0.05,0.0,15,0.3837731301784517,-6.869238982056126,-6.524338706334432
8774,pp,0.05,0.0,53,0.03129873752594037,-8.836905149980025,-7.4556439929538305
8775,do,0.05,0.0,70,0.9132526326179509,-8.580678136420973,-8.299726838535733
8776,pp,0.05,0.0,67,2.4042083406448373,-8.161677291176536,-6.246985989146762
8777,do,0.05,0.0,68,3.0092003095149984,-7.570439934008049,-6.084969642427232
8778,pp,0.05,0.0,32,1.8601579201221465,-7.736069549213756,-5.547774124145508
8779,do,0.05,0.0,70,0.666637746095657,-6.824957191582882,-7.534725088543362
8780,pp,0.05,0.0,52,0.7705683338642118,-7.1580575422807176,-6.5781674835417006
8781,do,0.05,0.0,64,2.2719132411479954,-7.718444356051358,-6.6295900026957195
8782,pp,0.05,0.0,63,3.972263493537903,-6.110597665382154,-5.552865507867601
8783,do,0.05,0.0,12,0.7975372648239132,-5.637864689393477,-5.4054748111301
8784,pp,0.05,0.0,8,0.5180168998241426,-5.205001923532197,-4.467198067241245
8785,do,0.05,0.0,21,0.3486995661258696,-6.297393070567738,-5.892177799012926
8786,pp,0.05,0.0,42,1.2306343209743495,-7.27279325543028,-6.305243221918742
8787,do,0.05,0.0,12,0.10585800647735599,-6.6596709251403805,-6.370706393983629
8788,pp,0.05,0.0,27,1.1238070714473718,-6.087794704148264,-5.376735846201579
8789,do,0.05,0.0,24,0.6376120328903196,-5.813846562125466,-5.570548558235169
8790,pp,0.05,0.0,66,1.6203750026226045,-6.017773865208481,-5.467606401443481
8791,do,0.05,0.0,21,-0.008782137632369569,-8.93576882391265,-7.876762379540337
8792,pp,0.05,0.0,10,0.6663259422779086,-5.164752818598892,-4.650782818264432
8793,do,0.05,0.0,22,0.5279427945613868,-6.9065367669770215,-6.500290865368314
8794,pp,0.05,0.0,70,1.5832706570625295,-8.714566230773926,-7.605637147691515
8795,do,0.05,0.0,70,1.603797935247421,-7.34959787310976,-6.343621158599854
8796,pp,0.05,0.0,70,1.642503476142883,-7.114768477642175,-6.28357892036438
8797,do,0.05,0.0,31,1.3436333215236669,-7.219274150963986,-6.2429887745115495
8798,pp,0.05,0.0,34,1.278383071422577,-6.071016206163349,-5.558593400319418
8799,do,0.05,0.0,33,1.9903685784339906,-7.006130069674867,-6.138969161775377
8800,pp,0.05,0.0,42,3.379907628297806,-5.03701431534507,-4.5269688685735066
8801,do,0.05,0.0,28,2.050706231594086,-7.299864279140126,-6.454506153530545
8802,pp,0.05,0.0,33,2.102225785255433,-6.064461326599121,-5.264391999774509
8803,do,0.05,0.0,52,0.05626619935035748,-8.37814668308605,-7.119723513391283
8804,pp,0.05,0.0,33,0.7509885203838351,-5.8769788135181775,-5.08121525976393
8805,do,0.05,0.0,70,1.4735815036296849,-6.929089114160249,-5.815716507699754
8806,pp,0.05,0.0,70,-0.5189625239372262,-7.795235908392704,-7.57452445824941
8807,do,0.05,0.0,3,-0.0792682337760926,-4.989920757756089,-4.797125599119398
8808,pp,0.05,0.0,5,0.49268066287040746,-4.902018825935595,-4.752770935164557
8809,do,0.05,0.0,56,-0.4018531918525703,-8.38361916397557,-7.544784805509779
8810,pp,0.05,0.0,48,0.6219510662555701,-6.911481628995953,-6.210211136606005
8811,do,0.05,0.0,40,0.9074956750869756,-6.2335693619468,-5.4952905654907225
8812,pp,0.05,0.0,3,0.5486229789257049,-4.255653765707305,-3.778911097844442
8813,do,0.05,0.0,70,0.6821117806434636,-9.125509415250836,-8.469678348965115
8814,pp,0.05,0.0,24,1.3790389215946197,-5.8336125446088385,-5.028369657198588
8815,do,0.05,0.0,43,0.3937496161460876,-7.360396522464174,-6.734654166963366
8816,pp,0.05,0.0,62,0.5415659916400912,-8.093294620513916,-7.393250658777025
8817,do,0.05,0.0,14,0.3756882452964785,-5.032979609749534,-4.415122201707628
8818,pp,0.05,0.0,61,1.5127031338214891,-7.036000816749804,-6.349143052101136
8819,do,0.05,0.0,16,0.7041419661045074,-6.120121668324326,-5.443268073929681
8820,pp,0.05,0.0,61,1.505733863115311,-6.531398631587173,-5.929867861005995
8821,do,0.05,0.0,14,1.4374132287502288,-5.398234737280643,-4.716103842523363
8822,pp,0.05,0.0,11,0.9245943033695223,-5.077930756771203,-4.77553542719947
8823,do,0.05,0.0,20,1.5476443195343021,-5.478187519131285,-5.465687945153978
8824,pp,0.05,0.0,10,1.5534655117988585,-5.048808996605151,-4.54806875122918
8825,do,0.05,0.0,16,2.444983748197556,-4.998513204401189,-4.9125313334994845
8826,pp,0.05,0.0,64,0.8197403740882869,-7.925104829036829,-7.327405728234185
8827,do,0.05,0.0,3,0.009547650814056396,-5.048419138879487,-4.466134394539727
8828,pp,0.05,0.0,5,0.15272296071052605,-4.908449044372096,-4.086165881156921
8829,do,0.05,0.0,65,1.1194774210453033,-7.26083581086361,-6.769645033942329
8830,pp,0.05,0.0,10,0.8330412924289705,-4.493220865365231,-3.807353202501933
8831,do,0.05,0.0,30,1.2023163831233976,-6.1806254170157695,-5.768290824360317
8832,pp,0.05,0.0,42,1.9961090898513794,-5.600302704897794,-4.808503786722819
8833,do,0.05,0.0,29,1.367460703849793,-5.31695092085636,-4.742609613471561
8834,pp,0.05,0.0,30,1.2984451532363899,-7.547427680275657,-7.0391591019100614
8835,do,0.05,0.0,25,1.8937127554416655,-4.98242471001365,-4.837838395436605
8836,pp,0.05,0.0,34,0.3713166809082029,-5.922775129838423,-5.351022230254279
8837,do,0.05,0.0,21,2.936156997680663,-5.948797939762924,-5.233924963739184
8838,pp,0.05,0.0,34,2.9075952804088585,-6.397592590794419,-5.840019490983751
8839,do,0.05,0.0,22,2.5649280834198,-6.0666087627410885,-5.779342145389981
8840,pp,0.05,0.0,9,0.8021306085586541,-5.726550716342348,-4.732422799534268
8841,do,0.05,0.0,32,2.654716829061507,-6.624349698153409,-6.06543845070733
8842,pp,0.05,0.0,45,1.4480335330963143,-6.75478819211324,-5.975620550579495
8843,do,0.05,0.0,23,2.986379470825196,-5.358772374644424,-4.428565645217896
8844,pp,0.05,0.0,57,1.6810781526565552,-7.818828218633478,-6.977651323212518
8845,do,0.05,0.0,12,0.29486713171005263,-5.737637961994518,-5.0424636099073625
8846,pp,0.05,0.0,11,1.001199400424957,-5.984261785853993,-5.248368022176955
8847,do,0.05,0.0,29,3.6178451931476596,-5.8265533851854725,-5.71905320485433
8848,pp,0.05,0.0,35,3.7006456923484796,-6.376827055035215,-6.529954285091824
8849,do,0.05,0.0,20,0.6175454127788536,-6.198912743366126,-5.7346314324273004
8850,pp,0.05,0.0,66,2.431220180988311,-6.630471621137676,-5.560253421465556
8851,do,0.05,0.0,40,1.6553348195552822,-5.607681774370598,-4.865272370974223
8852,pp,0.05,0.0,68,1.8571917867660535,-8.367004130103371,-7.248366485701667
8853,do,0.05,0.0,40,3.025690251588821,-6.288997716614694,-5.4229064385096235
8854,pp,0.05,0.0,36,2.5501468098163613,-6.516745785510901,-5.67896539900038
8855,do,0.05,0.0,21,2.745744824409485,-5.337785557544593,-5.111067279179891
8856,pp,0.05,0.0,32,2.9308673191070564,-4.920510164896647,-4.296044251653883
8857,do,0.05,0.0,51,2.408440535068511,-6.518832833839185,-6.801135815514458
8858,pp,0.05,0.0,53,2.0916870188713084,-9.337853112365261,-8.295680848757426
8859,do,0.05,0.0,13,0.9368327271938321,-5.665036405216564,-5.208769896295336
8860,pp,0.05,0.0,36,1.41799075961113,-7.647097697402492,-6.211918592453003
8861,do,0.05,0.0,37,2.399038454294205,-6.072393847956802,-5.700067064497206
8862,pp,0.05,0.0,70,0.6312397336959847,-8.233115417307074,-7.364720678329467
8863,do,0.05,0.0,36,2.2217979145050046,-6.84559949094599,-6.330922844674852
8864,pp,0.05,0.0,44,2.73357820034027,-7.459559983918161,-6.903009192148844
8865,do,0.05,0.0,36,3.4121491122245793,-5.409901679645885,-4.956116588910421
8866,pp,0.05,0.0,65,0.4970954489707946,-8.17779447815635,-7.648837468359205
8867,do,0.05,0.0,39,3.5035737240314475,-5.451657120386759,-4.919149947166443
8868,pp,0.05,0.0,17,1.544273161888122,-5.061732110110197,-4.399421901173062
8869,do,0.05,0.0,40,2.333059500455856,-5.759988596945098,-5.1517785920037165
8870,pp,0.05,0.0,33,1.5219971108436585,-7.459571295073538,-5.964822538693746
8871,do,0.05,0.0,27,2.625301728248597,-5.8425184004234545,-5.25251874923706
8872,pp,0.05,0.0,53,0.18854039192199679,-7.382759420799487,-6.224524974822998
8873,do,0.05,0.0,23,1.4121198892593387,-6.2912572152686845,-5.96293109258016
8874,pp,0.05,0.0,70,1.4454088950157162,-7.849219723903771,-6.460640623834398
8875,do,0.05,0.0,64,0.025441033840179372,-8.532449944814045,-8.04483331044515
8876,pp,0.05,0.0,12,1.459096337556839,-4.739459926431829,-4.178283811940087
8877,do,0.05,0.0,28,3.7424654734134677,-7.407810898983118,-6.956308627128601
8878,pp,0.05,0.0,24,2.399994668960572,-4.899185502890385,-4.236497810151842
8879,do,0.05,0.0,37,2.912984317541123,-5.842781809604529,-6.296019985940721
8880,pp,0.05,0.0,9,1.2140060067176819,-4.993886454900106,-4.36235245068868
8881,do,0.05,0.0,4,-1.0603821671009062,-6.321849156870987,-5.845628717210558
8882,pp,0.05,0.0,45,1.6170412683486948,-7.555095512216742,-6.9550938579771255
8883,do,0.05,0.0,66,4.889696569442749,-5.496969769217751,-5.609601373142667
8884,pp,0.05,0.0,29,3.3353222060203542,-5.859815817168265,-5.586001171006097
8885,do,0.05,0.0,66,2.4494399523735044,-5.771844790198586,-5.065029610527886
8886,pp,0.05,0.0,18,-0.7551029670238494,-6.526393276272398,-6.196039470036824
8887,do,0.05,0.0,35,3.7697219955921177,-5.847011947631836,-5.4688359022140505
8888,pp,0.05,0.0,21,1.901222989559173,-6.109837396217115,-5.430000231001112
8889,do,0.05,0.0,3,-0.009297415018082233,-5.1388491529406926,-4.615893684493171
8890,pp,0.05,0.0,46,2.202372534275055,-9.146262437647039,-7.637547413508098
8891,do,0.05,0.0,70,2.8281363868713374,-7.703682841676654,-7.197107500500149
8892,pp,0.05,0.0,35,1.7144808852672568,-6.7690466692953395,-6.078054250611199
8893,do,0.05,0.0,10,1.0804457461833952,-4.9686994769356465,-4.742886712816026
8894,pp,0.05,0.0,68,0.6828441846370694,-6.433470873399214,-5.521157836914062
8895,do,0.05,0.0,35,1.3472242844104763,-5.85097861289978,-5.571657959620158
8896,pp,0.05,0.0,70,3.7199189710617055,-5.13062596321106,-4.766077250904507
8897,do,0.05,0.0,28,1.2601342654228214,-6.398355887152932,-5.593379078971015
8898,pp,0.05,0.0,46,1.1091012120246893,-6.977896453395035,-5.529206233554416
8899,do,0.05,0.0,57,0.5232076954841602,-7.121083441647616,-6.799954430262248
8900,pp,0.05,0.0,37,0.20022260427474947,-8.4610483603044,-7.163452206717597
8901,do,0.05,0.0,62,0.842749673128127,-7.4858080473813144,-6.898480976952447
8902,pp,0.05,0.0,24,-0.5575561976432803,-7.103739031878384,-5.902214010556539
8903,do,0.05,0.0,19,2.119741048812866,-6.286442237911802,-5.615455023447672
8904,pp,0.05,0.0,70,2.9843125951290137,-6.5046153675426135,-6.082787603802151
8905,do,0.05,0.0,70,1.6304313147068026,-7.432046579592155,-7.573843884468078
8906,pp,0.05,0.0,7,0.7289761424064638,-4.0775207981918795,-3.718522298336029
8907,do,0.05,0.0,70,-0.3727230215072632,-7.121277799028339,-6.844587845272488
8908,pp,0.05,0.0,53,1.5048868548870082,-5.501681460756244,-5.638749519983928
8909,do,0.05,0.0,29,2.4751073968410493,-6.766578464797049,-6.767674954732259
8910,pp,0.05,0.0,15,1.1854972076416015,-4.6374844348791875,-4.084852356380886
8911,do,0.05,0.0,18,1.3489183104038238,-6.085173758593473,-5.393025133344862
8912,pp,0.05,0.0,32,2.8885039198398594,-6.508843336683331,-5.350817460483975
8913,do,0.05,0.0,37,1.6557662892341618,-8.43123084270593,-8.075691069497003
8914,pp,0.05,0.0,24,2.1048954308032988,-5.019541191332268,-4.0611212505234615
8915,do,0.05,0.0,35,1.7102264547348023,-6.397560798760616,-6.762547304895189
8916,pp,0.05,0.0,48,0.17696461796760588,-7.9630351500077685,-6.747406593958536
8917,do,0.05,0.0,29,3.0253368902206415,-5.8795900619391235,-5.663211827807956
8918,pp,0.05,0.0,44,3.167187564373017,-5.847587323911262,-5.7539095534218685
8919,do,0.05,0.0,28,3.2405835866928108,-5.592579096013849,-5.354055780834622
8920,pp,0.05,0.0,50,2.07375050663948,-8.13342270417647,-6.9733384556240505
8921,do,0.05,0.0,47,1.6503694438934335,-6.197958921663689,-6.87029640144772
8922,pp,0.05,0.0,45,0.35126717805862473,-6.272122338323882,-6.48743769592709
8923,do,0.05,0.0,18,0.49589622020721436,-5.541348114880648,-5.033039198981391
8924,pp,0.05,0.0,65,1.2609556961059578,-8.14228144270001,-7.22289158238305
8925,do,0.05,0.0,21,0.793689210414886,-6.277058456883286,-5.647313486205207
8926,pp,0.05,0.0,64,2.054714823961258,-6.879816938169075,-5.484519979688856
8927,do,0.05,0.0,24,2.4197326254844658,-5.64305344061418,-4.845232566197713
8928,pp,0.05,0.0,36,1.0885865712165828,-8.045951204588919,-6.598358466890123
8929,do,0.05,0.0,28,2.428725252151489,-5.764228686419401,-5.275625387827556
8930,pp,0.05,0.0,39,3.2751156771183005,-5.166297041286121,-4.412743290265401
8931,do,0.05,0.0,13,1.9183259904384613,-4.6540287725853196,-4.439225342538622
8932,pp,0.05,0.0,17,1.2960148298740384,-4.2918048020565145,-3.7876312798923917
8933,do,0.05,0.0,67,1.6531219732761393,-7.675246008959683,-6.918325477176243
8934,pp,0.05,0.0,17,1.2056348013877871,-5.080496035200177,-4.504043581750658
8935,do,0.05,0.0,13,0.44643413543701094,-5.517196489102913,-5.4384082396825155
8936,pp,0.05,0.0,26,2.224351170063019,-5.826458137685602,-5.984353600607978
8937,do,0.05,0.0,18,1.996994553804397,-6.652112871227843,-5.661078837182787
8938,pp,0.05,0.0,12,1.7830889356136321,-4.494324984694972,-3.874086046218872
8939,do,0.05,0.0,40,2.9387562632560726,-6.002841725493923,-6.097971412870619
8940,pp,0.05,0.0,6,0.5603945744037633,-4.303893888357914,-3.531740567419264
8941,do,0.05,0.0,13,1.0726827335357667,-5.311471557617187,-4.894210333294339
8942,pp,0.05,0.0,3,-0.3771520292758943,-5.592236053582393,-4.55097512404124
8943,do,0.05,0.0,22,2.5168035209178923,-5.313496361356793,-5.073512811130947
8944,pp,0.05,0.0,2,-0.4495909667015079,-5.128767431143558,-4.2776007095972695
8945,do,0.05,0.0,66,2.214135055541992,-6.6175002950610535,-6.520092029041714
8946,pp,0.05,0.0,1,-1.197444365024567,-6.1877278804779055,-5.64170683754815
8947,do,0.05,0.0,12,1.3154800677299505,-4.653870230010061,-4.58281573984358
8948,pp,0.05,0.0,8,1.5088243520259859,-4.753756335287383,-4.219342843691508
8949,do,0.05,0.0,34,1.6509659838676463,-7.09707337437254,-6.9569333924187555
8950,pp,0.05,0.0,54,1.9528343999385829,-6.182377731438839,-6.014910411834717
8951,do,0.05,0.0,41,1.3940718257427216,-6.523008845069191,-5.845270779397753
8952,pp,0.05,0.0,20,1.7445316648483278,-6.723705011425596,-6.66486755212148
8953,do,0.05,0.0,24,2.5337396228313445,-4.781199057896932,-4.455593498547872
8954,pp,0.05,0.0,14,1.5547144436836238,-5.524288402904164,-4.525564304987589
8955,do,0.05,0.0,20,1.0736063981056212,-5.561324373881022,-5.29348688920339
8956,pp,0.05,0.0,5,-0.05180971622467023,-5.614706842827075,-4.67815912299686
8957,do,0.05,0.0,65,1.6296144533157353,-7.174940513842033,-6.428986893759833
8958,pp,0.05,0.0,56,1.6021876239776622,-6.458432652733543,-5.606746355692546
8959,do,0.05,0.0,68,2.326434829235077,-7.5841173200896295,-6.787737695376078
8960,pp,0.05,0.0,33,2.669778904914855,-6.733382284280026,-5.9564417070812645
8961,do,0.05,0.0,4,0.17698710083961533,-5.098154430678396,-4.466510650846693
8962,pp,0.05,0.0,21,1.4708122444152831,-5.628180077581694,-5.116986261473762
8963,do,0.05,0.0,38,1.3683059465885155,-6.830958422747526,-7.613332790798611
8964,pp,0.05,0.0,49,1.1982479763031018,-7.638647351120458,-6.485526013374328
8965,do,0.05,0.0,37,0.48395757317543,-7.4363087466268825,-7.28902875052558
8966,pp,0.05,0.0,44,2.808726081848145,-6.033378577954841,-5.65417111714681
8967,do,0.05,0.0,11,0.9786893022060399,-5.159760495388147,-4.476656386587355
8968,pp,0.05,0.0,63,1.0442460370063777,-7.427935463009459,-6.079384726948208
8969,do,0.05,0.0,28,1.7974165391922003,-5.5903281818736685,-4.961190978686015
8970,pp,0.05,0.0,45,1.6717384576797487,-5.6104123418981375,-5.04944290584988
8971,do,0.05,0.0,18,1.1704903686046597,-5.50452086130778,-5.235227545102437
8972,pp,0.05,0.0,40,1.4811379683017734,-6.058930931669293,-5.556130695343017
8973,do,0.05,0.0,17,1.736182581186294,-5.246482854900938,-5.501155206892226
8974,pp,0.05,0.0,70,3.3500232481956473,-6.9585882244688095,-6.178129850493537
8975,do,0.05,0.0,3,-0.4461333572864534,-5.56493154150067,-4.805862469143338
8976,pp,0.05,0.0,39,0.7908135259151461,-6.936228489153313,-5.79241029686398
8977,do,0.05,0.0,5,0.30364426732063254,-4.853776213617036,-4.395330895317925
8978,pp,0.05,0.0,17,0.9889075815677648,-5.6615635510646936,-5.0589978032641945
8979,do,0.05,0.0,27,2.484372503757476,-6.402178862600616,-5.891000048319499
8980,pp,0.05,0.0,13,0.8610453355312346,-5.948026336323132,-4.744970115025838
8981,do,0.05,0.0,2,0.14642066717147806,-4.3178730112133605,-3.890904034508599
8982,pp,0.05,0.0,23,0.257098959684372,-6.839100297292074,-6.06172440316942
8983,do,0.05,0.0,57,3.0473923611640945,-8.3663364945036,-7.523110522164239
8984,pp,0.05,0.0,70,0.11348738431930627,-9.978568816907478,-8.078384362326728
8985,do,0.05,0.0,4,0.7581065654754635,-5.049165810960712,-4.6346426354514225
8986,pp,0.05,0.0,70,1.958826119899749,-7.710373299049609,-6.628990409109328
8987,do,0.05,0.0,15,0.8225524818897245,-5.633457111589836,-5.785382151603699
8988,pp,0.05,0.0,41,0.9684441661834713,-8.570529796137954,-6.659535757700602
8989,do,0.05,0.0,33,1.6237097120285044,-6.5372393376899485,-7.408429739210341
8990,pp,0.05,0.0,16,0.805637745857239,-6.187880082563921,-5.770997820960151
8991,do,0.05,0.0,3,0.12338487148284916,-4.309614805741743,-3.843333583407932
8992,pp,0.05,0.0,34,0.09808836579322833,-6.592995038177028,-6.061953420109219
8993,do,0.05,0.0,12,1.3420725119113923,-5.16621073809537,-4.71947360833486
8994,pp,0.05,0.0,53,1.1678888118267068,-6.8749590353532275,-6.1244206666946415
8995,do,0.05,0.0,14,0.9610306036472318,-4.607724789417151,-4.5761022594239975
8996,pp,0.05,0.0,37,3.2055053138732914,-5.920378748575846,-5.212291595670912
8997,do,0.05,0.0,14,0.981130745410919,-4.918763751694651,-5.198313803142971
8998,pp,0.05,0.0,70,0.09977036237716597,-9.210790651494806,-7.958248355653551
8999,do,0.05,0.0,18,1.0665033280849459,-4.836450903343432,-4.367092696825663
9000,pp,0.05,0.0,20,0.8685350966453544,-5.482474410895145,-4.643790894084507
9001,do,0.05,0.0,69,1.87081223011017,-6.858409676407323,-6.63683479891883
9002,pp,0.05,0.0,14,1.5111471927165985,-4.95690798181476,-4.299295380380419
9003,do,0.05,0.0,10,1.1038571190834041,-4.1090937766161835,-4.019127382172479
9004,pp,0.05,0.0,25,2.1920178461074826,-4.275124225471959,-3.9661030583911474
9005,do,0.05,0.0,9,1.4077438950538639,-4.628167314240427,-4.454439867867364
9006,pp,0.05,0.0,5,0.039865900278091004,-4.324373855012836,-3.832510789235433
9007,do,0.05,0.0,37,1.794023350477219,-5.98951461242907,-6.260743117332458
9008,pp,0.05,0.0,70,2.61087094426155,-5.867766706871264,-5.097741688622369
9009,do,0.05,0.0,70,1.242705669403076,-8.366372513048576,-6.946451727549235
9010,pp,0.05,0.0,67,3.1031742656230934,-8.384568305449053,-6.406836242145962
9011,do,0.05,0.0,45,2.0582411694526677,-6.278284673979788,-6.727597257826063
9012,pp,0.05,0.0,50,1.3319062578678142,-7.759094059106076,-6.649398159980774
9013,do,0.05,0.0,58,1.8744563770294196,-7.892995108980121,-7.848486534754435
9014,pp,0.05,0.0,67,1.9210804867744438,-6.605542295629328,-5.785916701952616
9015,do,0.05,0.0,10,1.6542084109783177,-4.737396747415716,-4.325509900516934
9016,pp,0.05,0.0,30,2.0846411204338082,-6.7304659828995215,-5.141233891910977
9017,do,0.05,0.0,18,1.2690529322624204,-4.465947649695656,-4.421693831019931
9018,pp,0.05,0.0,31,3.5143081390857693,-5.931339992176403,-5.034892553753323
9019,do,0.05,0.0,54,1.8541587400436397,-7.091112739389593,-6.940675830841064
9020,pp,0.05,0.0,22,0.9712315249443053,-5.735168806711832,-5.398857959111532
9021,do,0.05,0.0,54,1.2525040638446816,-6.51663396430738,-5.755224206712511
9022,pp,0.05,0.0,69,0.7218547892570486,-6.899695653626413,-5.734035846922133
9023,do,0.05,0.0,20,0.6630776417255406,-5.283044729810772,-4.79060500992669
9024,pp,0.05,0.0,38,2.7360967421531672,-5.72358234723409,-5.205399947696262
9025,do,0.05,0.0,6,0.7272659754753112,-4.1434021971442485,-4.085828269852533
9026,pp,0.05,0.0,4,0.3942637038230892,-4.941163051489628,-4.586822724342346
9027,do,0.05,0.0,26,1.0679562699794767,-6.120080853953506,-5.667754689852397
9028,pp,0.05,0.0,37,2.2844095218181604,-6.224105975122162,-5.450822191768222
9029,do,0.05,0.0,26,1.2346910047531132,-5.123584844126846,-5.937291526794434
9030,pp,0.05,0.0,7,0.7987470006942745,-4.83395035050132,-4.305649518966675
9031,do,0.05,0.0,11,1.3605191028118133,-4.485057699319088,-3.929552287525601
9032,pp,0.05,0.0,43,3.8401734828948975,-5.5662732109879,-4.979456180996365
9033,do,0.05,0.0,27,0.769025764465332,-7.293970161495786,-7.282544946670532
9034,pp,0.05,0.0,16,0.9291491770744322,-6.365274702418934,-6.165515727467007
9035,do,0.05,0.0,7,1.0300064361095425,-4.291670060880256,-4.14312453534868
9036,pp,0.05,0.0,7,0.9565350651741031,-5.127521709962324,-4.958534301651849
9037,do,0.05,0.0,55,1.9120890402793886,-7.132267385540587,-8.712174389097425
9038,pp,0.05,0.0,19,1.173780099153518,-5.708156042387992,-5.209984027014839
9039,do,0.05,0.0,4,1.2145757031440736,-4.347688206759366,-4.327517485618591
9040,pp,0.05,0.0,31,2.129322526454926,-5.461523347912412,-4.623487591743469
9041,do,0.05,0.0,20,0.7171415090560913,-5.191053371718436,-4.977814568413629
9042,pp,0.05,0.0,38,2.055717591047287,-5.704089666135383,-5.105745469199286
9043,do,0.05,0.0,70,0.7750573694705967,-6.083087059945771,-5.857906815740797
9044,pp,0.05,0.0,59,0.2562264466285713,-7.663289775270404,-6.481767461034987
9045,do,0.05,0.0,4,1.0423258364200594,-4.346017457499649,-4.081002354621887
9046,pp,0.05,0.0,39,1.5068635261058798,-7.090352358962551,-6.371016467942132
9047,do,0.05,0.0,23,1.5559006333351135,-5.632678540547689,-6.166784397761027
9048,pp,0.05,0.0,32,2.6341940426826485,-5.831593075665561,-5.190440818998549
9049,do,0.05,0.0,2,0.03846215844154344,-4.432597148779667,-4.053069776958889
9050,pp,0.05,0.0,45,2.2892468214035038,-6.285493554490985,-5.650911969608731
9051,do,0.05,0.0,43,1.4488453364372251,-7.089268584684892,-6.462152433395386
9052,pp,0.05,0.0,61,2.543759803771973,-7.847268402215207,-7.329420155949062
9053,do,0.05,0.0,5,0.5513522231578829,-4.505401455272327,-4.090777132246229
9054,pp,0.05,0.0,13,0.32617413520813,-6.976463134361036,-6.302196481492785
9055,do,0.05,0.0,51,2.412308822870255,-6.127942297675393,-5.88313779036204
9056,pp,0.05,0.0,32,2.9662536990642554,-5.933531164400505,-4.90337434609731
9057,do,0.05,0.0,48,2.304154560565948,-5.593193278168187,-6.268009048038059
9058,pp,0.05,0.0,48,2.435255557298661,-6.3239452651052765,-5.786769209967719
9059,do,0.05,0.0,70,3.118079383373261,-5.542753595294374,-5.6093782663345335
9060,pp,0.05,0.0,27,0.9467677104473111,-5.769224620587898,-5.871335286564297
9061,do,0.05,0.0,31,0.8210574138164519,-5.911986309109312,-5.680051787694295
9062,pp,0.05,0.0,19,1.6238562524318692,-5.373404336698128,-5.192567189534505
9063,do,0.05,0.0,70,0.9088148748874669,-8.075308013684822,-8.438732390933566
9064,pp,0.05,0.0,39,1.7110119163990012,-6.491466361826117,-5.953197484546237
9065,do,0.05,0.0,7,0.872549264431,-4.593975208744858,-4.349313378334045
9066,pp,0.05,0.0,55,0.5402720057964316,-7.0510612704537134,-6.199965076976352
9067,do,0.05,0.0,70,1.8138901126384734,-7.27555381601507,-6.524561977386474
9068,pp,0.05,0.0,64,2.36496787071228,-6.740477205045296,-5.657824534840054
9069,do,0.05,0.0,9,1.4173028492927555,-4.238058991865678,-3.878241507212321
9070,pp,0.05,0.0,55,1.6592317843437199,-6.514605970093698,-5.882122768296136
9071,do,0.05,0.0,10,1.9407222521305085,-4.453691206556378,-4.291074450810751
9072,pp,0.05,0.0,30,2.2400727474689486,-6.253565889416319,-5.317912030220032
9073,do,0.05,0.0,6,0.4470390522480008,-4.7612314686630715,-4.652038900057475
9074,pp,0.05,0.0,19,1.5744805777072912,-5.630814022006411,-4.791128020816379
9075,do,0.05,0.0,70,0.6463144445419315,-6.999559918316928,-6.6617936346266005
9076,pp,0.05,0.0,6,-0.390403647422791,-5.130377801259359,-4.580223359002007
9077,do,0.05,0.0,23,3.3004011225700385,-4.573139470996279,-4.8337408065795895
9078,pp,0.05,0.0,11,1.0391464436054232,-4.83283916386691,-4.32170938650767
9079,do,0.05,0.0,15,2.1834466457366943,-4.763187813036369,-5.16341921488444
9080,pp,0.05,0.0,70,1.0966617250442505,-6.9556766654505875,-6.707455237706502
9081,do,0.05,0.0,22,1.2910692453384396,-4.780044909679528,-4.5276684787538315
9082,pp,0.05,0.0,38,2.4181752431392667,-5.764382220759536,-5.081083091100057
9083,do,0.05,0.0,9,0.3300984907150273,-5.400838376536514,-4.6760788069831
9084,pp,0.05,0.0,6,0.6136323022842403,-4.949104835047867,-4.187303755018446
9085,do,0.05,0.0,7,0.7993141412734985,-4.494812781883009,-4.093268285857307
9086,pp,0.05,0.0,16,1.4779087901115417,-4.978997268098773,-4.47530796262953
9087,do,0.05,0.0,16,0.5349458289146423,-5.0448668436570605,-4.672079761823018
9088,pp,0.05,0.0,21,1.3400572216510769,-5.8281826481674655,-4.949519610404968
9089,do,0.05,0.0,29,2.2469506776332864,-4.855883502960205,-4.5453757180107965
9090,pp,0.05,0.0,41,1.353278679847718,-6.971287277973059,-6.506847990883721
9091,do,0.05,0.0,25,0.9573292362689969,-6.865038561098503,-5.357384890980191
9092,pp,0.05,0.0,16,1.5659443593025202,-5.71509692885659,-4.805860518084632
9093,do,0.05,0.0,20,1.0539534914493558,-5.296511457905625,-4.894436751471625
9094,pp,0.05,0.0,3,0.5412896716594702,-4.404825502453428,-3.9456218348609076
9095,do,0.05,0.0,5,-0.11305999517440846,-5.395061394662568,-5.298422437243992
9096,pp,0.05,0.0,9,-0.0651729130744938,-5.372902555176706,-4.404609627193874
9097,do,0.05,0.0,8,0.7423660171031949,-5.044966459274292,-4.372617239422269
9098,pp,0.05,0.0,6,0.7526598548889156,-4.974536322102402,-4.439679643842909
9099,do,0.05,0.0,62,2.377299201488496,-5.871913053050186,-5.3323259751002
9100,pp,0.05,0.0,70,0.6785500514507294,-7.926405603235418,-7.017798466152615
9101,do,0.05,0.0,53,0.7953403973579407,-5.611212704398415,-5.402140771018134
9102,pp,0.05,0.0,68,3.3482656192779547,-5.977022975863832,-5.376387145784166
9103,do,0.05,0.0,6,1.2998903167247775,-4.460344716274377,-3.912695568137699
9104,pp,0.05,0.0,16,1.563037717342377,-5.300683179046168,-4.837751502460904
9105,do,0.05,0.0,65,2.4229037845134744,-6.5634248487877125,-5.765942774878608
9106,pp,0.05,0.0,47,1.9306239318847656,-5.662858233307347,-5.0645449426439075
9107,do,0.05,0.0,15,2.551847763061523,-4.266768628900701,-4.200076837009854
9108,pp,0.05,0.0,51,1.966755335330963,-5.9253980968937725,-5.127989972962274
9109,do,0.05,0.0,20,1.798809748888016,-5.246229128404097,-4.9281329128477305
9110,pp,0.05,0.0,67,0.9884437537193298,-6.635290134314335,-6.431270705329047
9111,do,0.05,0.0,9,-0.04202465176582315,-5.480538671666926,-4.728159909778171
9112,pp,0.05,0.0,5,-0.3160967969894415,-6.1380466027693315,-5.252808186742994
9113,do,0.05,0.0,35,2.491072828769683,-5.212931241411152,-4.545221895641751
9114,pp,0.05,0.0,20,1.3387163341045376,-6.01363625237436,-5.222959150208367
9115,do,0.05,0.0,50,3.2626033210754404,-5.914560185056744,-5.758976337644789
9116,pp,0.05,0.0,3,-0.5232037901878357,-5.4144013448195025,-4.9364694356918335
9117,do,0.05,0.0,9,-0.016325960159302433,-5.780436778791023,-5.342562611897787
9118,pp,0.05,0.0,58,1.2642906546592716,-7.2816853147564515,-6.5515092955695255
9119,do,0.05,0.0,42,1.13645915389061,-7.033406069784453,-6.474972785843743
9120,pp,0.05,0.0,18,1.3804341030120852,-6.05142762444236,-5.569348851839702
9121,do,0.05,0.0,24,0.6698230123519897,-5.932131485505537,-5.596108637915718
9122,pp,0.05,0.0,56,0.8065578949451444,-6.269427274935174,-5.610774636268616
9123,do,0.05,0.0,37,0.9238906884193412,-7.7210691639871305,-7.097332723935446
9124,pp,0.05,0.0,46,2.3038997459411616,-5.315107449618253,-5.248660434616936
9125,do,0.05,0.0,64,0.7867901504039763,-6.670336401101315,-6.176069479518467
9126,pp,0.05,0.0,30,0.21572606563568097,-6.218678748968876,-5.526501419809129
9127,do,0.05,0.0,70,0.012092137336729536,-8.643046907945113,-7.098057863447401
9128,pp,0.05,0.0,32,0.8119713640213018,-8.399658827348189,-7.213345003128052
9129,do,0.05,0.0,25,1.9992143392562864,-4.490548302910545,-4.5486900806427
9130,pp,0.05,0.0,6,0.3081709992885582,-4.847473645932746,-4.676142271359762
9131,do,0.05,0.0,34,1.1449627602100367,-6.469649168939301,-5.540375354554918
9132,pp,0.05,0.0,36,1.0623396062850956,-7.096746892640085,-6.172533943918016
9133,do,0.05,0.0,22,1.0163745307922367,-6.080878877639771,-5.2431178304884165
9134,pp,0.05,0.0,45,1.6129105603694924,-7.038239502184319,-5.819214606285096
9135,do,0.05,0.0,33,1.4524436962604517,-6.033571552507805,-5.879799498452081
9136,pp,0.05,0.0,65,1.9244745445251459,-6.634685322732636,-6.174014523294237
9137,do,0.05,0.0,5,1.0055390918254847,-4.651454555627072,-4.73701843155755
9138,pp,0.05,0.0,31,0.6734676671028135,-7.155761822787198,-6.4569563388824465
9139,do,0.05,0.0,70,-0.06881622552871747,-7.278074592532533,-6.978401708602905
9140,pp,0.05,0.0,59,0.7459049201011654,-7.326984688729951,-6.564565449290805
9141,do,0.05,0.0,19,2.4038178372383125,-5.106774367708148,-4.816285888353984
9142,pp,0.05,0.0,14,1.7553118121623994,-5.436133501746438,-5.233267852995131
9143,do,0.05,0.0,16,0.7274893689155579,-5.141842712055553,-4.660782509379917
9144,pp,0.05,0.0,29,0.8396443319320692,-8.687079267790823,-8.041403198242188
9145,do,0.05,0.0,7,0.7983539378643032,-4.631152700655388,-4.487888895140754
9146,pp,0.05,0.0,10,1.7541300022602089,-4.647762804320364,-4.204846705330743
9147,do,0.05,0.0,66,0.6448689568042765,-6.849432913462321,-6.509239668316312
9148,pp,0.05,0.0,5,0.28105497956275904,-4.556736918651697,-4.385843767060174
9149,do,0.05,0.0,67,2.3015273559093465,-6.593128595930157,-6.5993553611967295
9150,pp,0.05,0.0,8,1.0184067142009736,-4.951760948065555,-4.341951269573635
9151,do,0.05,0.0,15,1.2870886790752412,-4.830335851149125,-4.9953927649392025
9152,pp,0.05,0.0,70,-0.4945086789131157,-8.590550337415753,-8.740744362937079
9153,do,0.05,0.0,70,3.596526560783386,-5.077510916103016,-5.05057155556149
9154,pp,0.05,0.0,49,2.832006198167802,-5.634280808766683,-4.966817249192132
9155,do,0.05,0.0,26,1.6631651890277865,-5.453067203001543,-5.781974283854167
9156,pp,0.05,0.0,70,1.4019237375259408,-7.872961567387437,-6.3228746758566965
9157,do,0.05,0.0,11,0.4183148384094242,-5.932240892179085,-4.74347030321757
9158,pp,0.05,0.0,53,0.6364021217823019,-7.5309258172006315,-6.921679051717122
9159,do,0.05,0.0,11,-0.15656221389770497,-6.182770973263365,-5.589079234335157
9160,pp,0.05,0.0,56,2.991375548839569,-8.067874628124816,-7.721736089388529
9161,do,0.05,0.0,12,1.7351953804492952,-3.976770846048991,-3.8177553123897976
9162,pp,0.05,0.0,66,0.41878031373023994,-7.572141374241222,-6.852601493729486
9163,do,0.05,0.0,25,1.787199494838715,-5.573526200381193,-4.970617251925998
9164,pp,0.05,0.0,19,2.1436499524116517,-5.0315101898077765,-4.390255726708306
9165,do,0.05,0.0,20,1.7698655962944034,-5.149537404378255,-4.754926922586229
9166,pp,0.05,0.0,59,1.767521613836288,-5.829801056601784,-4.877506234910753
9167,do,0.05,0.0,19,3.3173438823223114,-5.138688190055616,-4.73756664858924
9168,pp,0.05,0.0,21,2.2457615303993226,-6.1239841533429695,-5.5982742177115545
9169,do,0.05,0.0,66,2.535833884477616,-7.451911306381225,-7.1964905738830565
9170,pp,0.05,0.0,8,1.0309838271141052,-4.672510722189239,-3.8420521524217395
9171,do,0.05,0.0,29,3.417107545137406,-5.548334747372252,-5.587336111068725
9172,pp,0.05,0.0,62,4.264539868831634,-7.129756557580197,-6.863180955251058
9173,do,0.05,0.0,11,0.9589464926719664,-5.442346779505412,-5.364447212219238
9174,pp,0.05,0.0,20,1.0774812591075893,-5.968039615226514,-5.550639775064257
9175,do,0.05,0.0,63,2.206002569198608,-7.38891769322482,-6.659085694948832
9176,pp,0.05,0.0,46,1.514070683717728,-9.162702637007742,-7.568877130084568
9177,do,0.05,0.0,57,0.6250388872623454,-7.601471383643873,-7.75167412492964
9178,pp,0.05,0.0,34,1.291087381839752,-8.873726456093065,-7.439589805073208
9179,do,0.05,0.0,10,0.7747383856773382,-5.006213310993079,-4.5256227281358505
9180,pp,0.05,0.0,39,1.543144181966781,-6.993360965902155,-5.568750961621602
9181,do,0.05,0.0,10,0.4150725686550141,-5.436185254472675,-5.341379306051466
9182,pp,0.05,0.0,29,2.486915338039398,-5.530321004173972,-4.883877393934462
9183,do,0.05,0.0,70,2.7078745520114893,-7.082098758581913,-6.534595810042488
9184,pp,0.05,0.0,48,2.09498171567917,-8.443943971576113,-7.698897253142463
9185,do,0.05,0.0,70,2.1096948742866513,-6.428060856732455,-6.17175001833174
9186,pp,0.05,0.0,31,2.742049083709717,-5.222771046378396,-4.840137055185106
9187,do,0.05,0.0,36,2.6834375607967385,-5.673437631491459,-5.647639298439026
9188,pp,0.05,0.0,40,2.536439733505249,-5.232116790251299,-4.466714750395881
9189,do,0.05,0.0,11,-0.11361769199371352,-5.842503395947543,-5.398284400833978
9190,pp,0.05,0.0,29,0.7794938421249382,-6.616267945549705,-5.4452380074395075
9191,do,0.05,0.0,40,0.8188111984729769,-7.826780746922348,-6.95650102827284
9192,pp,0.05,0.0,5,-0.09106725931167592,-4.661211541204741,-4.021433877944946
9193,do,0.05,0.0,70,0.05388402223587008,-7.994452883980491,-7.638362518946329
9194,pp,0.05,0.0,35,1.560334061384201,-6.496331031394727,-5.903092532687717
9195,do,0.05,0.0,30,0.922735534906387,-6.082726858601426,-5.946252534124587
9196,pp,0.05,0.0,66,0.29901472806930585,-8.29624634511543,-7.290154637230767
9197,do,0.05,0.0,60,0.08451460242271391,-6.356436538696289,-5.886192205217149
9198,pp,0.05,0.0,56,-0.0017312347888944757,-7.183622848626339,-5.900553750991821
9199,do,0.05,0.0,15,0.8529132246971134,-5.674960923917366,-5.365656471252441
9200,pp,0.05,0.0,70,3.575729337930678,-5.264564177484223,-5.159248267279731
9201,do,0.05,0.0,16,1.7110401141643523,-4.9458517883763164,-4.581399001015557
9202,pp,0.05,0.0,10,2.0498546862602227,-4.886732326854359,-4.058859442340003
9203,do,0.05,0.0,19,1.3013582921028135,-6.383540913552949,-5.528573703765869
9204,pp,0.05,0.0,6,0.04875015616416967,-4.770929378451723,-4.259102397494846
9205,do,0.05,0.0,12,3.008531965017318,-5.092435578143958,-4.718372268146939
9206,pp,0.05,0.0,24,2.394087673425674,-7.194611899058024,-6.6392271863089665
9207,do,0.05,0.0,10,1.0055565512180324,-4.84932480580879,-5.502153923776414
9208,pp,0.05,0.0,10,0.42129851579666155,-5.002553738969745,-4.259890347056919
9209,do,0.05,0.0,11,0.3947886383533472,-5.439394452355125,-5.089439601368374
9210,pp,0.05,0.0,3,0.3445893204212185,-4.319695068128182,-3.863604622417026
9211,do,0.05,0.0,27,1.3531501650810238,-5.576719968969171,-5.326411975754632
9212,pp,0.05,0.0,70,0.5936114752292632,-7.982364507154985,-7.218789609273275
9213,do,0.05,0.0,70,-0.4300583231449133,-8.408753429759633,-7.896256060070462
9214,pp,0.05,0.0,70,2.0728203833103187,-5.892773752501516,-4.84585833814409
9215,do,0.05,0.0,14,0.8450397217273711,-6.063141298294068,-5.2180968390570746
9216,pp,0.05,0.0,27,1.0407080602645866,-8.294075939872048,-7.121809773974949
9217,do,0.05,0.0,32,-0.1477608191967006,-7.758456257617834,-8.151201915740966
9218,pp,0.05,0.0,26,2.6994784152507787,-5.19601138866309,-4.464137535625034
9219,do,0.05,0.0,36,2.1608598458766934,-5.350286282915057,-5.880475918451945
9220,pp,0.05,0.0,35,1.1736539006233215,-5.77547144167351,-6.097974594434103
9221,do,0.05,0.0,45,2.728587628602982,-7.157491543798736,-6.152538500891792
9222,pp,0.05,0.0,42,2.333935205936432,-5.764948412866303,-4.997278380393982
9223,do,0.05,0.0,6,0.8642926120758059,-5.145937977415143,-4.551003477308485
9224,pp,0.05,0.0,70,1.829511145353317,-7.028899711551088,-5.949172655741374
9225,do,0.05,0.0,34,1.343687380552292,-5.909636529286702,-5.203093894322714
9226,pp,0.05,0.0,70,3.093964732885361,-6.023083551002271,-5.207399574915568
9227,do,0.05,0.0,16,1.3176893496513369,-6.1038016882809725,-5.337680527899001
9228,pp,0.05,0.0,4,0.14116215705871582,-5.185184925252741,-4.301232775052388
9229,do,0.05,0.0,28,1.4945183253288272,-5.438294680913289,-5.3384595129224985
9230,pp,0.05,0.0,70,0.6001272106170656,-7.1147579915595776,-7.259598904185825
9231,do,0.05,0.0,12,0.45942818284034725,-5.94815431508151,-5.510711505677965
9232,pp,0.05,0.0,3,-0.32538225293159506,-5.549224391128078,-4.369335704379612
9233,do,0.05,0.0,9,0.033259406089782395,-5.700102407282049,-4.9031031688054405
9234,pp,0.05,0.0,9,1.3906083691120141,-4.208339511986935,-3.865339983834161
9235,do,0.05,0.0,19,0.40628100872039763,-7.260237845507535,-6.955420968267653
9236,pp,0.05,0.0,54,1.8604897463321688,-7.96583444999926,-7.205278711848789
9237,do,0.05,0.0,40,1.802785482406616,-7.42095550623807,-7.819150267706977
9238,pp,0.05,0.0,70,2.390447313785552,-10.461535598292496,-8.860999255710178
9239,do,0.05,0.0,28,2.559187420606613,-5.028502790855639,-4.750856672392951
9240,pp,0.05,0.0,44,2.8429044985771172,-5.778817610307173,-5.571683139271206
9241,do,0.05,0.0,33,2.7874426019191745,-6.606005521254106,-5.84133173359765
9242,pp,0.05,0.0,70,0.7501897358894354,-8.860226246804903,-7.881283304426405
9243,do,0.05,0.0,10,0.8900377726554876,-4.958524270491167,-4.27310081852807
9244,pp,0.05,0.0,10,0.4736519777774806,-5.205929274992509,-4.174171140458848
9245,do,0.05,0.0,35,2.481614047288894,-7.202729212154042,-6.5343905157513085
9246,pp,0.05,0.0,39,1.0856128585338585,-7.439039981726444,-6.3192324188020494
9247,do,0.05,0.0,69,0.7705056464672095,-6.720468016826746,-5.9476441277398004
9248,pp,0.05,0.0,23,2.132002458572387,-7.270977088176843,-5.979313026534187
9249,do,0.05,0.0,4,0.3293090748786929,-4.783480024337768,-3.977843491236369
9250,pp,0.05,0.0,31,2.0714937889575964,-7.818831153349443,-6.627512974209256
9251,do,0.05,0.0,8,0.5914754390716555,-4.958400080420754,-5.08751900990804
9252,pp,0.05,0.0,17,2.1583045399189,-5.071123373147213,-4.465520268016391
9253,do,0.05,0.0,4,1.005329188108444,-4.140821274844083,-3.840794332822164
9254,pp,0.05,0.0,22,1.8922998356819152,-5.080893710165313,-4.542559225029415
9255,do,0.05,0.0,38,0.5199270629882813,-6.691404943755178,-6.349432892269558
9256,pp,0.05,0.0,70,1.5269096612930309,-8.864194442286635,-7.523854120572408
9257,do,0.05,0.0,2,-0.8659618031978606,-5.996994518511223,-5.357647270626492
9258,pp,0.05,0.0,10,0.15594565629959067,-5.934967163837317,-4.83441751797994
9259,do,0.05,0.0,58,1.0107975232601163,-7.365661918755734,-7.920529680781894
9260,pp,0.05,0.0,70,2.878635318279266,-6.248179045590487,-5.582386435402764
9261,do,0.05,0.0,21,1.6599788069725037,-5.018833953684027,-5.049568470319112
9262,pp,0.05,0.0,51,2.33928708910942,-6.2228605949517455,-5.751316414939033
9263,do,0.05,0.0,30,2.2022388780117037,-5.035932214332349,-4.910462514559428
9264,pp,0.05,0.0,63,0.8038562560081477,-7.528000753576105,-6.7064126835929025
9265,do,0.05,0.0,10,0.088957986831665,-4.969635928760876,-4.361130812433031
9266,pp,0.05,0.0,70,1.227229397296905,-7.31249552640048,-5.930989927715725
9267,do,0.05,0.0,43,2.3872938323020927,-5.997768105882587,-5.234271285268996
9268,pp,0.05,0.0,65,1.570177339315415,-7.755959903832638,-6.515078939331902
9269,do,0.05,0.0,25,1.400450860261918,-6.2286367373033,-5.61199406252967
9270,pp,0.05,0.0,49,2.4229482984542843,-6.732188308600223,-6.144983135329353
9271,do,0.05,0.0,29,1.2417143559455877,-7.211008899862116,-6.791248716248406
9272,pp,0.05,0.0,50,3.154600751399994,-5.901681199218288,-4.948268130090502
9273,do,0.05,0.0,29,0.5701056742668147,-6.208890903357304,-5.679772578345405
9274,pp,0.05,0.0,69,-0.44001863002777064,-9.119302145640056,-7.851541831758287
9275,do,0.05,0.0,29,0.7660859012603751,-5.489799302997011,-5.106625519858467
9276,pp,0.05,0.0,22,1.0521293056011203,-5.1524240277030255,-4.554706358909607
9277,do,0.05,0.0,70,1.5024803709983825,-7.691830085985588,-7.031251306003995
9278,pp,0.05,0.0,19,1.9159092056751241,-6.058479811928489,-5.5277820136811995
9279,do,0.05,0.0,19,0.2853036320209501,-5.019646313696197,-4.572583134969076
9280,pp,0.05,0.0,38,2.4058634984493263,-5.95179757493915,-5.11717242664761
9281,do,0.05,0.0,28,0.9663462555408477,-6.461950533317797,-5.888115006022983
9282,pp,0.05,0.0,27,1.8019924271106715,-4.996279154401837,-4.551900060971578
9283,do,0.05,0.0,24,0.4955369067192077,-6.735155754378348,-6.52971109814114
9284,pp,0.05,0.0,43,1.421275351047517,-5.906909682533958,-5.645979460080465
9285,do,0.05,0.0,40,1.8933986043930053,-6.1705674055850865,-5.515310253037347
9286,pp,0.05,0.0,36,2.006958854198456,-5.982472464532563,-5.329265528255039
9287,do,0.05,0.0,33,2.446205989122391,-5.835911844715928,-5.768982972039117
9288,pp,0.05,0.0,8,1.049788345098496,-4.77787671956149,-3.994303388065762
9289,do,0.05,0.0,48,1.427309336662292,-5.68423088536118,-5.8266757779651215
9290,pp,0.05,0.0,27,3.9780975520610813,-5.596258114323471,-5.281245509783427
9291,do,0.05,0.0,39,2.2404647552967063,-7.0368433229851,-6.6685446447796295
9292,pp,0.05,0.0,32,2.0721614861488344,-5.823004120046442,-5.282454895973205
9293,do,0.05,0.0,15,0.5241264271736146,-6.130160688631462,-5.823632632361518
9294,pp,0.05,0.0,70,1.525973451137542,-6.255848650498824,-5.741784771283467
9295,do,0.05,0.0,4,0.007089508771896291,-4.915025647481283,-4.508440997865465
9296,pp,0.05,0.0,34,-0.06020661234855673,-9.173321871324019,-7.693173392613729
9297,do,0.05,0.0,29,0.4474680328369125,-7.153702530716405,-7.038759491178724
9298,pp,0.05,0.0,58,2.6211486506462096,-7.473188027468595,-6.894538693957859
9299,do,0.05,0.0,70,0.6229779291152955,-8.252388578472715,-7.524246088663737
9300,pp,0.05,0.0,14,0.32756065130233836,-6.534303325595277,-6.2592405557632445
9301,do,0.05,0.0,65,0.2766549587249756,-8.202792893034038,-7.614772431055704
9302,pp,0.05,0.0,5,0.8207811319828036,-5.101222643707738,-4.765785948435465
9303,do,0.05,0.0,10,-0.09704539179801941,-5.062350450862538,-4.913012064827813
9304,pp,0.05,0.0,70,2.0473751425743103,-6.0893050945166385,-5.499081243409051
9305,do,0.05,0.0,7,0.09536937475204432,-4.808977330814709,-4.626826847924127
9306,pp,0.05,0.0,4,-0.47541471123695445,-5.353016717506177,-5.045462669266595
9307,do,0.05,0.0,5,0.015575702190399277,-5.376454974665786,-5.037421989440918
9308,pp,0.05,0.0,28,2.6378760480880734,-5.88172938895948,-4.762347443898519
9309,do,0.05,0.0,6,0.312876433134079,-4.5755587996858536,-4.163094743092855
9310,pp,0.05,0.0,30,1.9622213637828825,-6.62792048887773,-5.593697293599447
9311,do,0.05,0.0,39,0.447534323930741,-6.0160903829516785,-5.349792014227973
9312,pp,0.05,0.0,65,3.931215379238129,-6.282126282200669,-5.420495261086358
9313,do,0.05,0.0,45,1.6780422437191005,-7.330560424111106,-6.908296359909905
9314,pp,0.05,0.0,5,0.6962430608272552,-4.927874520330718,-4.854623293876648
9315,do,0.05,0.0,23,2.4908662545681004,-4.617300825408011,-4.368470888667637
9316,pp,0.05,0.0,55,2.2091839551925663,-6.424232454010935,-5.756924647755093
9317,do,0.05,0.0,13,1.6466045248508454,-5.4123105916109955,-4.583365535736084
9318,pp,0.05,0.0,46,1.2522538471221925,-6.359754565267852,-5.635940270953708
9319,do,0.05,0.0,36,1.6976325881481165,-6.298314827138728,-5.7354066557354395
9320,pp,0.05,0.0,26,2.061930912733077,-5.549252004334421,-4.813483092519972
9321,do,0.05,0.0,41,1.6791994059085837,-5.820678609790224,-5.095633024639554
9322,pp,0.05,0.0,70,1.6090285122394556,-7.165804312445901,-6.082504187689887
9323,do,0.05,0.0,43,1.3865355598926552,-7.20852142680775,-6.952121292220221
9324,pp,0.05,0.0,21,1.3486881411075595,-6.310960006713867,-5.907479278246561
9325,do,0.05,0.0,13,1.429173702001572,-5.657006379329797,-5.112801729308234
9326,pp,0.05,0.0,66,1.1790219318866733,-6.945941436651982,-6.203561766942342
9327,do,0.05,0.0,13,0.1130470907688137,-6.293761572693334,-6.976512712902493
9328,pp,0.05,0.0,13,1.8109700262546538,-5.110437923489195,-4.854028771983253
9329,do,0.05,0.0,36,0.3142009150981897,-6.888013034878355,-7.4187505139244925
9330,pp,0.05,0.0,62,1.859331082105637,-6.544429244417133,-5.866992219289144
9331,do,0.05,0.0,42,3.391041506528855,-5.997762373721961,-6.657150186432732
9332,pp,0.05,0.0,70,0.8772806525230408,-10.737459841641513,-10.172128846910265
9333,do,0.05,0.0,20,0.7575242257118227,-5.607690143585205,-5.218472703297933
9334,pp,0.05,0.0,5,-0.39294951796531663,-4.933860218163693,-4.665450721316867
9335,do,0.05,0.0,9,0.5415716981887817,-5.413463942209879,-4.934675174289279
9336,pp,0.05,0.0,3,0.0997876691818238,-4.908822300939849,-4.1229276524649725
9337,do,0.05,0.0,42,1.9641127252578734,-7.197692573431766,-6.938446489969889
9338,pp,0.05,0.0,4,-0.30246214032173224,-4.642197627732248,-4.048837441868252
9339,do,0.05,0.0,68,2.2794066917896263,-8.362940349000873,-7.49678241941664
9340,pp,0.05,0.0,67,2.4338161146640784,-6.162055219303478,-5.803796670171949
9341,do,0.05,0.0,10,0.5167014420032494,-5.554768630230066,-5.05351706345876
9342,pp,0.05,0.0,38,1.939825865030289,-5.488487310120553,-4.9866191148757935
9343,do,0.05,0.0,30,2.513356145620345,-5.288340246316158,-5.327804070048862
9344,pp,0.05,0.0,11,0.4541109490394586,-5.54199788498156,-4.641128653950162
9345,do,0.05,0.0,29,2.2781072115898136,-6.08213474967263,-5.636089613702562
9346,pp,0.05,0.0,64,1.6934266614913938,-6.958213118350867,-5.933798599243164
9347,do,0.05,0.0,68,2.9160704910755157,-5.323707787195842,-5.49663814968533
9348,pp,0.05,0.0,21,2.193778795003891,-4.611195523088629,-4.03062492079205
9349,do,0.05,0.0,10,0.5485328590869907,-5.059109104040897,-4.721450561947293
9350,pp,0.05,0.0,70,-0.1961680030822759,-7.541687143210209,-6.88991809686025
9351,do,0.05,0.0,38,2.904135110378265,-5.421375055024118,-4.958006495899625
9352,pp,0.05,0.0,70,1.489779005050659,-8.107103398351958,-7.5323079162173805
9353,do,0.05,0.0,25,3.2634169125556944,-4.924955316023393,-4.638403579923842
9354,pp,0.05,0.0,30,2.95784562587738,-4.864135321703825,-4.137972793314192
9355,do,0.05,0.0,42,3.0974971365928647,-5.108407243092855,-4.86855448351966
9356,pp,0.05,0.0,10,0.6996022415161125,-4.572949503407334,-3.8562762472364636
9357,do,0.05,0.0,17,2.3612102413177487,-5.174245682629672,-4.63280582692888
9358,pp,0.05,0.0,1,-0.951165708303451,-6.2100894552288635,-5.387461982833015
9359,do,0.05,0.0,31,2.988329780101777,-5.525273353403265,-5.02532271279229
9360,pp,0.05,0.0,67,2.7350739383697515,-8.010414431311867,-6.70403565565745
9361,do,0.05,0.0,33,2.264185938835144,-5.529984977028587,-4.993979173236423
9362,pp,0.05,0.0,17,1.9885558474063876,-5.220702781099262,-4.066820254590776
9363,do,0.05,0.0,47,1.4597544717788686,-7.530871477994052,-6.339111839400397
9364,pp,0.05,0.0,6,0.5749404931068423,-5.323168446800926,-4.544326806068421
9365,do,0.05,0.0,70,3.0170048499107356,-6.286383744442102,-5.693623842133416
9366,pp,0.05,0.0,19,1.203184686899185,-6.7431746583996395,-6.29852475060357
9367,do,0.05,0.0,18,2.5986607611179346,-4.481671315973455,-4.4791755199432375
9368,pp,0.05,0.0,44,0.6784978473186491,-7.800420386863477,-6.927527051501804
9369,do,0.05,0.0,60,2.483697248697281,-6.558380363926743,-6.113430346382989
9370,pp,0.05,0.0,6,0.20480380773544304,-5.065302117665609,-3.9221235858069528
9371,do,0.05,0.0,21,2.207758502960205,-5.207913122755109,-5.165791919496324
9372,pp,0.05,0.0,11,1.104014903306961,-4.2212217858343415,-3.7156150062878925
9373,do,0.05,0.0,18,2.0028542840480803,-4.84098865480134,-4.371573530303108
9374,pp,0.05,0.0,57,0.8735872232913975,-5.978184042554913,-5.3612896813286675
9375,do,0.05,0.0,21,1.1315014374256132,-5.625778065305767,-5.815885620647006
9376,pp,0.05,0.0,34,2.222772891521453,-5.763912774577285,-4.766808999909295
9377,do,0.05,0.0,35,1.9206114590167997,-5.244821750756466,-4.559853463702732
9378,pp,0.05,0.0,70,1.7448636257648467,-7.367123754096753,-6.419277927610609
9379,do,0.05,0.0,58,-0.2547650194168094,-9.466182922594475,-8.254686615202163
9380,pp,0.05,0.0,33,0.6237034976482398,-7.2051000898534605,-6.02555165025923
9381,do,0.05,0.0,28,2.7601087546348575,-5.062488252466375,-4.866359901428223
9382,pp,0.05,0.0,15,0.5310898554325103,-6.211906662854282,-5.326643122567071
9383,do,0.05,0.0,5,0.14057101607322675,-4.898118984338009,-4.617919823858473
9384,pp,0.05,0.0,3,0.5094423878192904,-4.918742054158991,-4.469136810302734
9385,do,0.05,0.0,19,1.1695026874542238,-6.054101059653542,-5.731958039601644
9386,pp,0.05,0.0,1,-0.2502813470363616,-5.455945465781472,-4.636001594861349
9387,do,0.05,0.0,17,1.9969149887561795,-5.103696042841131,-4.821582998169793
9388,pp,0.05,0.0,67,1.665634646415711,-10.436790240894664,-9.187136046091716
9389,do,0.05,0.0,69,1.8776666057109832,-6.51381129062537,-6.1745714558495415
9390,pp,0.05,0.0,1,-0.3574610424041751,-5.270030729698412,-4.419966856638591
9391,do,0.05,0.0,31,2.2764180457592014,-6.234520156455763,-5.647037333912319
9392,pp,0.05,0.0,50,-0.2890179562568669,-6.857079682205662,-5.748598059018453
9393,do,0.05,0.0,10,1.8167087233066557,-4.760687094023734,-5.0782297902637055
9394,pp,0.05,0.0,70,2.1227822041511537,-8.162035297624993,-7.492223273383247
9395,do,0.05,0.0,29,2.492805676460266,-5.508707157770792,-5.09410949283176
9396,pp,0.05,0.0,1,-0.12033383369445794,-5.2209799549796365,-4.704126214981079
9397,do,0.05,0.0,33,1.9696179687976834,-6.084329745263764,-5.841749575403002
9398,pp,0.05,0.0,5,-0.2637546682357792,-5.182401070450291,-5.0050820695029365
9399,do,0.05,0.0,15,2.0807124722003936,-5.277374099962639,-4.773823711607191
9400,pp,0.05,0.0,18,1.324555113315582,-6.9274696798035595,-6.550469398498535
9401,do,0.05,0.0,36,3.185396175384521,-6.509376629916105,-5.322309512562222
9402,pp,0.05,0.0,10,0.3018718731403345,-6.301875309510664,-5.117537061373393
9403,do,0.05,0.0,42,1.9393788266181957,-8.807239776669126,-8.600894779629177
9404,pp,0.05,0.0,30,0.9678632402420044,-6.462265358549176,-5.594125731786092
9405,do,0.05,0.0,51,2.246351383924484,-8.390267805619674,-8.138366391923693
9406,pp,0.05,0.0,70,1.2664535999298092,-6.587664036317305,-5.996948962741428
9407,do,0.05,0.0,46,2.158425093889236,-5.888276485963301,-4.898238311873542
9408,pp,0.05,0.0,46,0.6654927277565008,-8.121797181620742,-7.104308303197225
9409,do,0.05,0.0,26,3.4271013462543483,-5.275661636121345,-4.830952631102668
9410,pp,0.05,0.0,30,2.1309050607681277,-6.631236213626283,-5.827361753251817
9411,do,0.05,0.0,56,2.1039664554595943,-5.7739600427222975,-6.138361607657538
9412,pp,0.05,0.0,14,0.23626726865768433,-5.766517699848522,-5.117051166958279
9413,do,0.05,0.0,17,1.4581894290447242,-4.814462755665635,-4.14715678691864
9414,pp,0.05,0.0,36,-0.6026502466201773,-8.818378844405666,-7.500268077850341
9415,do,0.05,0.0,15,2.427949250936508,-4.536196662440444,-4.000861206319597
9416,pp,0.05,0.0,48,2.539789729118347,-8.204956502625436,-6.859865453508165
9417,do,0.05,0.0,60,1.0019400453567506,-6.718486678961551,-6.144277368651496
9418,pp,0.05,0.0,62,1.8033128821849829,-6.8323936086712465,-6.588181649314032
9419,do,0.05,0.0,54,2.356583995819091,-5.791391059124108,-5.505668642785814
9420,pp,0.05,0.0,70,1.8070745158195498,-5.957484790050622,-5.394558866818746
9421,do,0.05,0.0,35,1.147595331668854,-5.227478384249138,-5.033932876586914
9422,pp,0.05,0.0,5,0.5770936453342443,-4.609875917434692,-4.1912014802296955
9423,do,0.05,0.0,54,1.0883818566799164,-8.068602298967766,-8.562794176737468
9424,pp,0.05,0.0,47,0.8664222562313073,-6.520816161415794,-6.1765946785608925
9425,do,0.05,0.0,25,2.6105637550353995,-5.313771776719527,-5.407564364539253
9426,pp,0.05,0.0,68,0.44956033349037217,-7.971108254519376,-7.2278946744071115
9427,do,0.05,0.0,3,0.11827042102813667,-4.484814869273793,-4.04017326037089
9428,pp,0.05,0.0,12,0.4569321620464324,-6.310758310375792,-5.659124737315707
9429,do,0.05,0.0,70,0.6883633327484127,-6.2346832217592185,-6.354483326276143
9430,pp,0.05,0.0,70,2.1771838223934177,-5.768924447261926,-5.5196575694613985
9431,do,0.05,0.0,54,2.1300372505187983,-6.806955260941477,-7.592941183514065
9432,pp,0.05,0.0,52,2.5934984982013702,-6.059414226358587,-5.593421943982443
9433,do,0.05,0.0,17,1.3883785009384155,-5.248628652457035,-4.343797781732348
9434,pp,0.05,0.0,36,0.7397171163558962,-7.444033127120047,-6.089868625005086
9435,do,0.05,0.0,70,1.4778946471214285,-6.815087106011131,-6.464069175720215
9436,pp,0.05,0.0,70,3.3154825973510746,-7.42564160751574,-6.564108043246799
9437,do,0.05,0.0,30,1.920719331502914,-5.897450467311975,-5.475488111707899
9438,pp,0.05,0.0,25,1.998300071954727,-5.265497092044715,-4.569779398706224
9439,do,0.05,0.0,28,3.0745313334465028,-5.48948239846663,-6.4959109094407825
9440,pp,0.05,0.0,15,1.4413176608085632,-4.6098907774144955,-4.244376681910621
9441,do,0.05,0.0,16,1.0491261255741122,-5.041971663272742,-5.368056623140971
9442,pp,0.05,0.0,7,-0.17141819477081288,-5.109021293755734,-4.584289691183302
9443,do,0.05,0.0,19,1.5162601161003106,-5.81159938176473,-5.535459640291002
9444,pp,0.05,0.0,3,0.0016552329063417304,-5.508481891227491,-4.951003556781345
9445,do,0.05,0.0,9,0.09131245017051626,-5.549859924027414,-5.147207842932807
9446,pp,0.05,0.0,61,0.9885908031463622,-5.423289259997281,-4.897382399770948
9447,do,0.05,0.0,36,1.0545402038097382,-7.980204004229921,-8.382192868656583
9448,pp,0.05,0.0,41,2.7306351900100694,-7.389319847569321,-6.67363293170929
9449,do,0.05,0.0,33,1.747875126600265,-7.307665309039029,-7.345051190588209
9450,pp,0.05,0.0,12,1.430980775356292,-5.250903409900087,-4.767460656166077
9451,do,0.05,0.0,9,0.32873209476470944,-5.527493372830477,-4.85490046872033
9452,pp,0.05,0.0,20,1.0530837333202365,-5.81614207498955,-5.0866440720028345
9453,do,0.05,0.0,14,1.596372807025909,-4.823186792026867,-4.453904249933031
9454,pp,0.05,0.0,28,2.5570562982559206,-5.233614230878425,-4.695330911212498
9455,do,0.05,0.0,14,1.5255799520015714,-5.703360112508138,-5.278168325954013
9456,pp,0.05,0.0,46,3.0330301439762115,-5.093120882727883,-4.683645370271471
9457,do,0.05,0.0,18,0.7671516680717465,-6.034952965649691,-5.595298359129164
9458,pp,0.05,0.0,5,-0.10281767249107343,-5.724242963212909,-5.1539112011591595
9459,do,0.05,0.0,42,1.68978950381279,-5.90805444428415,-5.4336549944347805
9460,pp,0.05,0.0,52,2.4919709765911104,-6.854372541832201,-5.71219182809194
9461,do,0.05,0.0,27,1.9481019449234012,-4.989023786602599,-5.577266558011373
9462,pp,0.05,0.0,5,-0.2640653133392332,-5.106462477192734,-4.479830630620321
9463,do,0.05,0.0,53,2.1059321725368507,-6.1411959807078045,-7.014042446348403
9464,pp,0.05,0.0,25,1.7763972508907324,-6.899681342731823,-6.080682693587409
9465,do,0.05,0.0,22,1.6173362517356873,-5.677097086472945,-4.817092551125421
9466,pp,0.05,0.0,66,2.521158779859544,-5.725165738481464,-5.057476189401415
9467,do,0.05,0.0,14,1.7836073708534244,-5.706405175815929,-5.334543122185601
9468,pp,0.05,0.0,61,3.7860272407531728,-6.058198077750928,-5.095191060172187
9469,do,0.05,0.0,18,0.7948577451705932,-6.273972246863625,-5.8151210281584
9470,pp,0.05,0.0,45,1.5572677171230316,-6.716660112323183,-5.759503123495314
9471,do,0.05,0.0,69,1.2128726065158837,-7.089868304223725,-6.931774849361844
9472,pp,0.05,0.0,41,1.4626890766620644,-6.969453395496715,-6.0443978998396135
9473,do,0.05,0.0,13,1.31837470650673,-4.5186553694985125,-3.957532125049167
9474,pp,0.05,0.0,53,1.394136421680451,-5.457627735715924,-5.006610316700406
9475,do,0.05,0.0,16,2.0711845386028287,-4.4368563760410655,-4.027051080597771
9476,pp,0.05,0.0,20,2.2214633595943454,-4.724899180730184,-3.9715407808621723
9477,do,0.05,0.0,36,0.9314355671405785,-6.874929679523815,-5.758198902342055
9478,pp,0.05,0.0,49,1.821816117763519,-6.583346668879191,-5.782412229643928
9479,do,0.05,0.0,10,0.6079475927352904,-5.286497867468632,-4.544000625610352
9480,pp,0.05,0.0,12,1.5232582354545592,-4.643940437201298,-3.8142804318004186
9481,do,0.05,0.0,48,4.31870757818222,-5.191932824163726,-4.7935512675179375
9482,pp,0.05,0.0,23,3.1264420485496514,-4.7138025110418145,-4.2560260746214125
9483,do,0.05,0.0,10,0.5055234003067017,-5.267687527338664,-4.612468645307753
9484,pp,0.05,0.0,59,1.631157636642456,-5.45012442704403,-4.774100176493326
9485,do,0.05,0.0,14,1.0039865040779121,-4.3939706527825555,-3.7134240097469755
9486,pp,0.05,0.0,28,2.587883648872376,-4.520396579395641,-4.208458956082662
9487,do,0.05,0.0,24,1.9617461788654325,-4.687844274983261,-4.487606353229946
9488,pp,0.05,0.0,26,1.819026309251785,-4.647489089676828,-4.228456468052334
9489,do,0.05,0.0,37,1.6986826312541972,-6.827997901222923,-6.535177683830261
9490,pp,0.05,0.0,24,1.812782499790191,-5.643670743884463,-4.9648681269751656
9491,do,0.05,0.0,14,1.9499488830566412,-4.132867594198747,-3.690841892030504
9492,pp,0.05,0.0,12,1.76537149310112,-4.102149638262662,-3.508106889989641
9493,do,0.05,0.0,11,1.3691134035587318,-5.336173756917318,-4.938487328423394
9494,pp,0.05,0.0,10,1.7120110976696017,-4.390609673297766,-3.8385760333802965
9495,do,0.05,0.0,11,0.9454513084888463,-4.897977376706672,-4.3995907889472115
9496,pp,0.05,0.0,24,2.16420703291893,-5.248849193977587,-4.397880350218879
9497,do,0.05,0.0,17,1.564052762985229,-4.945228436498931,-4.591572284698486
9498,pp,0.05,0.0,15,1.8399274837970738,-4.791398447210138,-4.290920125113593
9499,do,0.05,0.0,11,1.6113398098945613,-4.607005483453924,-4.332135650846693
9500,pp,0.05,0.0,27,1.7761180293560024,-6.065553978717689,-5.054500495062934
9501,do,0.05,0.0,70,0.9699195694923404,-6.529480584462484,-5.833918091985915
9502,pp,0.05,0.0,58,0.5557234346866613,-6.041083197160201,-5.409754456414117
9503,do,0.05,0.0,18,2.091484967470169,-4.593748492905588,-4.1866002957026165
9504,pp,0.05,0.0,62,2.2245415234565735,-6.086824622298732,-5.320458359188503
9505,do,0.05,0.0,28,2.1843009579181674,-4.971447388331096,-4.340570579634773
9506,pp,0.05,0.0,59,0.4313108587265013,-6.532561833930738,-5.4619000143475
9507,do,0.05,0.0,8,0.38041849613189704,-5.119453434510665,-4.473676255014207
9508,pp,0.05,0.0,41,1.8097884762287135,-7.108453503522006,-6.199927512804667
9509,do,0.05,0.0,70,1.7556414306163788,-6.022829492164381,-5.671717405319214
9510,pp,0.05,0.0,25,2.6608788764476774,-4.828595752427073,-4.273749698532952
9511,do,0.05,0.0,26,1.628924707174301,-5.167665170900749,-4.63288557794359
9512,pp,0.05,0.0,9,0.664151188135147,-5.041189617099184,-4.45716392464108
9513,do,0.05,0.0,8,0.9179655051231386,-4.62821790377299,-4.230482941203647
9514,pp,0.05,0.0,12,1.428802908658981,-5.294050885691787,-4.735182515780131
9515,do,0.05,0.0,46,1.7173609852790825,-5.81686991778287,-5.470396286911434
9516,pp,0.05,0.0,38,2.9421014153957357,-4.8277009024764554,-4.338898099793328
9517,do,0.05,0.0,31,3.3708564567565915,-7.015514886740482,-6.384129656685723
9518,pp,0.05,0.0,17,1.6189260971546178,-5.285103988647461,-4.483271853129069
9519,do,0.05,0.0,70,2.6266302597522726,-5.318739223480224,-4.916253527005513
9520,pp,0.05,0.0,31,2.360771975517272,-5.48494226137797,-4.879985004001194
9521,do,0.05,0.0,29,3.134274168014527,-5.211836590911403,-4.858277146021525
9522,pp,0.05,0.0,33,3.1509562981128694,-6.868703668767756,-5.860193822118971
9523,do,0.05,0.0,70,2.6238081693649287,-6.3078140706727,-5.905526852607727
9524,pp,0.05,0.0,19,1.456115505695343,-5.250273916938088,-4.304463850127326
9525,do,0.05,0.0,18,1.0775042140483855,-4.971805019812151,-4.786122801568773
9526,pp,0.05,0.0,29,1.7011387908458708,-5.064310068072695,-4.6827102767096624
9527,do,0.05,0.0,21,1.9326577579975126,-5.111009893995343,-4.7505760245853
9528,pp,0.05,0.0,29,3.045693229436874,-5.343993960004864,-4.640427703327603
9529,do,0.05,0.0,9,1.1585203576087952,-4.537622950293801,-4.017298809687296
9530,pp,0.05,0.0,14,1.564152392148971,-5.25621376471086,-4.627469068103366
9531,do,0.05,0.0,70,2.9686932015419005,-6.173133101607814,-6.108754136827257
9532,pp,0.05,0.0,67,2.7055527293682102,-5.947278061780063,-5.170997140142653
9533,do,0.05,0.0,38,1.2287106323242192,-6.664469282554857,-5.939083600044251
9534,pp,0.05,0.0,18,2.2957577598094945,-4.918282081141617,-4.44846171008216
9535,do,0.05,0.0,58,1.6693509292602533,-5.856237326246319,-5.55839400821262
9536,pp,0.05,0.0,8,0.8089312672615057,-4.636278035423972,-4.298941477139791
9537,do,0.05,0.0,59,1.841730937957763,-8.383370645118482,-7.066362672381931
9538,pp,0.05,0.0,8,1.5792004811763762,-5.244010734558105,-4.991943785879347
9539,do,0.05,0.0,62,2.5762999653816223,-6.1891954956632675,-6.351376069916619
9540,pp,0.05,0.0,45,2.6817799544334413,-5.996268283959591,-5.41341413391961
9541,do,0.05,0.0,25,1.0840448606014252,-5.901567989407163,-5.128611585828993
9542,pp,0.05,0.0,11,1.7394417631626133,-4.791296831766764,-3.9916781213548447
9543,do,0.05,0.0,16,1.726958711147308,-4.910710759596391,-4.440144223637051
9544,pp,0.05,0.0,8,0.8391293072700501,-5.008723417917888,-4.735518333646986
9545,do,0.05,0.0,10,1.7260736620426176,-4.6935046080387,-4.209206493695577
9546,pp,0.05,0.0,13,0.8948687899112704,-6.1390794595082605,-5.143490338325501
9547,do,0.05,0.0,28,3.022420929670334,-5.028610222267382,-5.1981387986077205
9548,pp,0.05,0.0,68,2.403291444778442,-6.78421387238936,-6.007326359219022
9549,do,0.05,0.0,69,1.7121594905853268,-6.199438813238433,-5.7419773790571424
9550,pp,0.05,0.0,45,3.618398690223694,-5.944037070418849,-5.302074278725518
9551,do,0.05,0.0,62,1.6499535834789283,-5.848665550983314,-5.421017670631409
9552,pp,0.05,0.0,70,1.6112747442722322,-6.173513796835235,-5.2565920432408655
9553,do,0.05,0.0,29,2.8074130380153663,-5.165775115562208,-4.994573632876079
9554,pp,0.05,0.0,26,1.6521481263637536,-5.6432059302474515,-4.200406726201376
9555,do,0.05,0.0,21,3.207958990335464,-5.115699757229198,-4.940669507450528
9556,pp,0.05,0.0,20,3.008277211189271,-6.305610887932055,-6.032732394006517
9557,do,0.05,0.0,10,1.2241849517822265,-5.188069866642808,-4.756966548495822
9558,pp,0.05,0.0,28,0.7423815333843233,-7.310763481891517,-6.204791643884447
9559,do,0.05,0.0,20,2.141530137062073,-5.003299565748735,-4.631674856609768
9560,pp,0.05,0.0,24,2.0978622758388523,-5.712761751810709,-5.070022286309136
9561,do,0.05,0.0,7,0.3229791414737697,-4.626354143836282,-4.339708663357628
9562,pp,0.05,0.0,16,2.3338064146041866,-4.7699988003933065,-4.009385470549265
9563,do,0.05,0.0,28,1.941167743206024,-5.107819404746547,-5.058661863538954
9564,pp,0.05,0.0,19,2.3083584368228918,-4.943940117864898,-4.829833104875353
9565,do,0.05,0.0,64,3.5273506247997277,-5.413027082790028,-4.457288034756979
9566,pp,0.05,0.0,15,2.3058400285243987,-4.913191489017371,-4.098768170674642
9567,do,0.05,0.0,12,1.2890007877349854,-4.897549700737,-4.351173419422573
9568,pp,0.05,0.0,39,2.5873368167877207,-5.8593177954355875,-5.453041730986701
9569,do,0.05,0.0,19,1.733197926282882,-4.498352164933176,-4.468565199110243
9570,pp,0.05,0.0,17,0.23567622065544125,-5.640810310479367,-4.793712549739414
9571,do,0.05,0.0,15,1.5970682978630073,-4.371874159032648,-3.9745862046877543
9572,pp,0.05,0.0,70,0.790275762081146,-5.962112120426062,-5.349498642815484
9573,do,0.05,0.0,14,0.5284843432903292,-5.745967477740663,-4.605918547842237
9574,pp,0.05,0.0,14,1.1807418823242184,-4.502444651632598,-4.1615100966559515
9575,do,0.05,0.0,10,1.753765226602554,-4.49492368553624,-3.895860328939226
9576,pp,0.05,0.0,26,2.3917062783241274,-4.830343776760679,-4.432011377811432
9577,do,0.05,0.0,11,1.108080258369446,-4.537684606783317,-4.250973200798034
9578,pp,0.05,0.0,70,2.393397172689438,-5.175690639380253,-4.482703322834439
9579,do,0.05,0.0,49,1.1013362193107605,-5.096850087425926,-4.294017046027713
9580,pp,0.05,0.0,69,1.5420572853088377,-5.624941635131836,-5.029395548502604
9581,do,0.05,0.0,14,1.37255676150322,-4.561256219401504,-4.2178823788960775
9582,pp,0.05,0.0,34,2.7358016443252557,-4.600892142093543,-4.232617392804888
9583,do,0.05,0.0,14,1.6389045464992522,-4.615121022137728,-3.90907402171029
9584,pp,0.05,0.0,21,1.3342724072933203,-6.129510340546116,-5.274468421936035
9585,do,0.05,0.0,31,2.3589591217041015,-6.863797401659417,-6.3538734912872314
9586,pp,0.05,0.0,11,1.0522129511833196,-6.854147006526138,-5.848555448320177
9587,do,0.05,0.0,39,2.493486055135727,-4.520551425760442,-4.399271376927694
9588,pp,0.05,0.0,50,2.441011155843735,-6.038582293192546,-5.126778973473443
9589,do,0.05,0.0,11,1.4677704787254333,-4.403106329657815,-4.0582856429947745
9590,pp,0.05,0.0,7,0.8588087463378908,-5.221661866794933,-3.9354115962982177
9591,do,0.05,0.0,23,2.6538917732238776,-5.3094359007748695,-4.915166038937039
9592,pp,0.05,0.0,18,1.3869168817996984,-6.055428674004295,-5.183851170539856
9593,do,0.05,0.0,9,0.44880267262458773,-5.020820879213738,-4.341017874081929
9594,pp,0.05,0.0,14,1.135296251773834,-6.144690042553526,-5.5458620150883995
9595,do,0.05,0.0,10,2.1470454716682434,-4.576234847849066,-4.369824695587158
9596,pp,0.05,0.0,23,3.087099096775054,-4.824072074890137,-4.375481747256385
9597,do,0.05,0.0,21,2.244751206636429,-5.2121814612186315,-5.404307855500115
9598,pp,0.05,0.0,32,2.8954595708847046,-4.206656820123846,-3.936725788646274
9599,do,0.05,0.0,26,0.8458419704437263,-4.927346700610537,-4.489736353026496
9600,pp,0.05,0.0,20,2.195073611736297,-5.078675122694536,-4.2145836406283905
9601,do,0.05,0.0,70,1.417746436595916,-7.460507277286414,-7.0010057237413195
9602,pp,0.05,0.0,70,2.8626421344280253,-7.628108982606368,-6.674371327294244
9603,do,0.05,0.0,57,2.9629727482795722,-5.175068271521366,-4.82940248383416
9604,pp,0.05,0.0,43,2.9920939147472385,-5.682519201798873,-5.015403352843391
9605,do,0.05,0.0,70,1.8069489455223078,-8.232302443186443,-6.674184425671895
9606,pp,0.05,0.0,36,2.8584344077110284,-5.638550986665668,-5.196436990631951
9607,do,0.05,0.0,51,1.8089597296714777,-6.015921410647306,-5.232157349586487
9608,pp,0.05,0.0,70,1.926004227399826,-7.042411434289181,-6.199763978852166
9609,do,0.05,0.0,13,1.9965205657482148,-4.537266448772315,-4.259537814723121
9610,pp,0.05,0.0,32,2.9432003057003016,-4.5954983335552795,-4.16589284075631
9611,do,0.05,0.0,22,0.6198160243034367,-6.1360860737887295,-5.382122821278042
9612,pp,0.05,0.0,27,1.4057973682880398,-6.437302875518799,-6.093898299005296
9613,do,0.05,0.0,41,4.111604839563371,-5.286340379714966,-4.9054554594887625
9614,pp,0.05,0.0,23,2.4116319441795344,-6.069042397990371,-5.338866310649448
9615,do,0.05,0.0,34,2.7328099524974823,-4.432414450789943,-4.324197891023424
9616,pp,0.05,0.0,13,0.5429034948349001,-5.5107029871507125,-4.582784173223708
9617,do,0.05,0.0,69,2.0150422525405878,-5.7015957991282145,-5.532595806651646
9618,pp,0.05,0.0,27,2.1869112813472755,-5.11438833583485,-4.8205293893814085
9619,do,0.05,0.0,22,1.5878866338729853,-5.58566391251304,-5.32388011349572
9620,pp,0.05,0.0,19,2.188913410902024,-4.920325186758331,-5.121037223603991
9621,do,0.05,0.0,59,3.474179112911224,-5.321625604051532,-4.940442845556471
9622,pp,0.05,0.0,30,2.8096960711479193,-5.4795286438681865,-4.69541302257114
9623,do,0.05,0.0,25,2.6263479030132295,-4.538237350637263,-4.249440413051182
9624,pp,0.05,0.0,37,2.2308573937416085,-5.973484348528313,-5.45575692653656
9625,do,0.05,0.0,39,3.0986693596839894,-4.701812346776326,-4.264221570226881
9626,pp,0.05,0.0,36,1.475273770093918,-5.921512288758249,-5.376485845777723
9627,do,0.05,0.0,17,1.6251810431480411,-4.7452867796926785,-4.643578500217862
9628,pp,0.05,0.0,66,1.281732395887376,-6.8536329067114625,-5.77233268154992
9629,do,0.05,0.0,23,2.3434999525547022,-4.839736971710668,-4.391704710324605
9630,pp,0.05,0.0,28,2.316650259494782,-5.674299709724657,-4.593250359429254
9631,do,0.05,0.0,20,2.7724930214881907,-4.6324370514262805,-4.2281472576989065
9632,pp,0.05,0.0,24,2.19182871222496,-6.408422077063358,-5.693692490789625
9633,do,0.05,0.0,25,2.2330070030689235,-5.730889210556493,-5.358724888165792
9634,pp,0.05,0.0,42,2.037659866809845,-6.683948245193019,-6.284980180528429
9635,do,0.05,0.0,33,1.75071903705597,-7.262102970932469,-8.53929132885403
9636,pp,0.05,0.0,31,1.3126930582523348,-6.0419931194999,-5.150509529643589
9637,do,0.05,0.0,62,1.3574200212955478,-6.318542230490483,-6.1186433447731865
9638,pp,0.05,0.0,35,1.9058905732631688,-7.062358770948467,-6.203165992101034
9639,do,0.05,0.0,25,1.9992975103855137,-4.680404054757321,-4.8134746074676515
9640,pp,0.05,0.0,25,1.2315123212337493,-6.0479105096874815,-5.243223325411479
9641,do,0.05,0.0,40,4.200310827493667,-5.190196741711009,-5.061620325512356
9642,pp,0.05,0.0,17,2.143539801836015,-5.76838603886691,-5.0340747329923845
9643,do,0.05,0.0,5,0.0625187766551969,-4.9583707043618865,-4.219013945261637
9644,pp,0.05,0.0,57,1.5084139335155484,-6.352410394495184,-6.209253340297275
9645,do,0.05,0.0,27,1.395644650459289,-5.907457834301573,-5.5944004853566485
9646,pp,0.05,0.0,44,1.204098052978516,-5.661558223493172,-4.9276867230733234
9647,do,0.05,0.0,40,1.707149739265442,-5.779670608404911,-5.571410089068943
9648,pp,0.05,0.0,11,1.081599247455597,-5.394029149142178,-4.927204563882616
9649,do,0.05,0.0,36,2.1686926186084747,-4.687670849308823,-4.862576966815524
9650,pp,0.05,0.0,10,1.1670717990398414,-4.773044418566155,-4.141791232426962
9651,do,0.05,0.0,39,2.29544615149498,-6.09158876881455,-5.878526769744026
9652,pp,0.05,0.0,20,0.708164508342743,-6.774472956223922,-5.870778226852417
9653,do,0.05,0.0,24,1.4830661833286296,-5.683085958885424,-5.344008559650845
9654,pp,0.05,0.0,25,2.9103799164295197,-5.07665846564553,-4.429937558703952
9655,do,0.05,0.0,21,1.855853110551834,-4.655173157200669,-4.532431218359205
9656,pp,0.05,0.0,27,1.7519079375267035,-6.746904241677487,-6.263383446799384
9657,do,0.05,0.0,43,2.490683492422103,-5.378581321600712,-5.727868734465705
9658,pp,0.05,0.0,10,0.9921656036376953,-5.739264449206265,-4.58155222468906
9659,do,0.05,0.0,49,1.7503218710422521,-5.462071564703277,-5.053698775503371
9660,pp,0.05,0.0,34,1.205289187431335,-7.70703958309058,-6.469242294629415
9661,do,0.05,0.0,8,0.8572791469097139,-4.849972172939416,-4.526823608080546
9662,pp,0.05,0.0,26,2.0195820116996765,-5.559622464035496,-5.03615858025021
9663,do,0.05,0.0,20,1.3931028902530675,-5.074226958823926,-4.791627971331279
9664,pp,0.05,0.0,38,1.4129998064041125,-7.796830290014094,-6.815370832549201
9665,do,0.05,0.0,17,2.3423269021511066,-4.716853228482333,-4.539834825197856
9666,pp,0.05,0.0,26,3.3109035134315485,-4.8449614467042865,-4.355232230822245
9667,do,0.05,0.0,13,1.4549137580394742,-4.572955877130682,-4.003005633089278
9668,pp,0.05,0.0,19,1.1154492676258085,-4.919291194279989,-3.8814907630284625
9669,do,0.05,0.0,70,1.572564488649368,-7.490025674935543,-6.3621919790903725
9670,pp,0.05,0.0,24,1.7494942080974578,-5.199382394732851,-4.6151313834720185
9671,do,0.05,0.0,45,1.9699426519870755,-7.551099505568995,-7.978283807966444
9672,pp,0.05,0.0,44,3.2143512785434725,-6.316406783190641,-5.642642113897535
9673,do,0.05,0.0,70,1.1412051665782936,-7.581133185010968,-6.848456305927701
9674,pp,0.05,0.0,8,1.3584927046298985,-4.461656589219064,-4.383818888664246
9675,do,0.05,0.0,17,1.947860378026962,-5.035913886445941,-4.557308970557319
9676,pp,0.05,0.0,55,2.2409147787094117,-6.864690024925001,-6.964797737863329
9677,do,0.05,0.0,58,2.3862671482563016,-5.574563514825069,-5.543812553087871
9678,pp,0.05,0.0,59,5.223692960739135,-6.231590103380608,-6.892059675852457
9679,do,0.05,0.0,27,1.363305796384811,-5.899809805552165,-5.165037896898058
9680,pp,0.05,0.0,70,1.3355235338211058,-6.670168183066628,-6.197755540741815
9681,do,0.05,0.0,68,2.2079028487205496,-6.612197208404541,-7.6933773835500086
9682,pp,0.05,0.0,9,1.4027315163612366,-4.384166457436302,-3.624489465024736
9683,do,0.05,0.0,12,1.4235043752193448,-4.965153168186997,-4.575755675633748
9684,pp,0.05,0.0,24,1.3262495148181923,-5.840518835819129,-4.476619246270921
9685,do,0.05,0.0,19,3.1162898457050323,-5.048891122413404,-4.749698101149665
9686,pp,0.05,0.0,30,1.9878383982181553,-6.244669282797611,-5.352795704205831
9687,do,0.05,0.0,17,1.804428328275681,-4.607094311714173,-3.9676639318466185
9688,pp,0.05,0.0,24,2.243447306156158,-4.886243252320723,-4.897464855511983
9689,do,0.05,0.0,6,-0.414779435396194,-5.419645166397094,-5.255434348848131
9690,pp,0.05,0.0,31,1.026241216659546,-5.885776275576967,-5.310710051324633
9691,do,0.05,0.0,13,1.271505352258682,-5.322386381842874,-4.885324388080173
9692,pp,0.05,0.0,12,1.5989051628112794,-5.393416121511748,-4.603313514921401
9693,do,0.05,0.0,70,2.3380663371086126,-6.985992363727454,-5.736958306365543
9694,pp,0.05,0.0,67,3.7734625124931327,-5.683111157561793,-4.984996220800611
9695,do,0.05,0.0,21,2.227359602451325,-4.30660794431513,-3.889661701520284
9696,pp,0.05,0.0,26,2.069772913455963,-4.651119846286195,-4.438764333724976
9697,do,0.05,0.0,14,1.982290711402893,-5.405182727177938,-5.668162451850043
9698,pp,0.05,0.0,30,1.5262459003925324,-5.351679595311483,-5.194885277748108
9699,do,0.05,0.0,18,1.1478731501102448,-6.3287536086458145,-5.4019839180840385
9700,pp,0.05,0.0,19,2.0211476528644567,-6.056755716150457,-5.182263790236579
9701,do,0.05,0.0,8,1.1406762576103207,-4.770483051646839,-4.3738938331604
9702,pp,0.05,0.0,24,2.2385975694656377,-5.869347882993294,-5.408706296814812
9703,do,0.05,0.0,10,0.19569102644920378,-5.3118028004964195,-4.762135201030308
9704,pp,0.05,0.0,8,0.9129492974281312,-4.686292669989846,-3.890436869197422
9705,do,0.05,0.0,19,1.210475603342056,-5.677213270013983,-5.7262935294045345
9706,pp,0.05,0.0,28,1.8070243620872501,-5.853088955445723,-6.4861543284522165
9707,do,0.05,0.0,4,-1.0346410453319548,-6.049142447384921,-5.6215817319022285
9708,pp,0.05,0.0,70,2.426784420013428,-7.60161577427026,-6.723098426394992
9709,do,0.05,0.0,34,1.915408560037613,-6.11313532482494,-6.8412700043784245
9710,pp,0.05,0.0,31,2.553465287685394,-6.011010320258863,-5.896186362372505
9711,do,0.05,0.0,15,1.7708799552917478,-4.719915754144842,-4.455418202612135
9712,pp,0.05,0.0,23,1.4957012736797335,-6.127455724369396,-5.584781816270616
9713,do,0.05,0.0,13,0.5289782142639154,-6.4726599751096785,-6.137612003750271
9714,pp,0.05,0.0,70,1.8668586611747742,-6.776502469091705,-6.079421663284302
9715,do,0.05,0.0,34,0.9645786499977111,-6.4707714572097315,-5.153657730420431
9716,pp,0.05,0.0,14,1.6295754420757298,-4.728450921087554,-4.2064744194348656
9717,do,0.05,0.0,45,2.367698286771775,-5.064709237127593,-4.655345516734653
9718,pp,0.05,0.0,56,2.999672683477402,-4.790195699171586,-4.376487135887146
9719,do,0.05,0.0,16,2.1290793514251707,-4.917189226728497,-4.161263371838464
9720,pp,0.05,0.0,52,2.83562157869339,-5.299180777867635,-4.955235523647732
9721,do,0.05,0.0,3,0.5263042902946475,-4.680799846938162,-4.325882887840271
9722,pp,0.05,0.0,8,0.19162742257118293,-4.717047133590236,-4.193115621142917
9723,do,0.05,0.0,13,0.21793964385986264,-5.803909902861624,-5.4034252670076155
9724,pp,0.05,0.0,34,1.1787672543525698,-5.049181865923332,-5.156093306011623
9725,do,0.05,0.0,16,1.2152263641357415,-5.478572716857448,-4.900617474979825
9726,pp,0.05,0.0,22,0.5750611257553109,-7.0723365364652695,-6.239551613065932
9727,do,0.05,0.0,59,1.6943512356281278,-10.740724028963031,-9.48081341849433
9728,pp,0.05,0.0,27,1.7799910175800324,-4.696431908462987,-4.640859725740221
9729,do,0.05,0.0,67,1.180778986215592,-6.701807481592351,-6.323591613769532
9730,pp,0.05,0.0,11,1.1558837509155273,-5.236400975603046,-4.474369645118713
9731,do,0.05,0.0,63,1.4077793514728558,-8.903803420789314,-9.03608611424764
9732,pp,0.05,0.0,37,3.186282099485398,-4.673172481132276,-4.378112790319655
9733,do,0.05,0.0,10,0.3680500495433803,-5.505085541985252,-4.803204719225565
9734,pp,0.05,0.0,64,1.156890485286712,-5.887916791800297,-6.194113032023112
9735,do,0.05,0.0,21,0.7430371499061579,-7.207688551238089,-6.645007520251804
9736,pp,0.05,0.0,3,0.5324757409095762,-4.18602155194138,-3.6915280527538723
9737,do,0.05,0.0,2,-0.5566155481338502,-5.869025127815478,-5.203002381324768
9738,pp,0.05,0.0,3,-0.06057148337364193,-4.79347677230835,-4.252735832002428
9739,do,0.05,0.0,20,0.6901949274539945,-6.068513884688869,-5.526137571864658
9740,pp,0.05,0.0,70,1.8881581223011024,-4.867900427904996,-4.42191284497579
9741,do,0.05,0.0,10,1.18255686879158,-4.524345777973984,-4.203461758295695
9742,pp,0.05,0.0,47,2.506903828382492,-5.145365979454734,-4.211400940683153
9743,do,0.05,0.0,53,2.204414961338042,-5.834521718458696,-5.226410598225064
9744,pp,0.05,0.0,19,2.631500581502914,-4.8037278767788045,-4.112546716796027
9745,do,0.05,0.0,43,2.2591720950603493,-6.292833338361798,-5.394345447752211
9746,pp,0.05,0.0,9,0.816734105348587,-4.635707924582741,-3.8908844775623743
9747,do,0.05,0.0,31,0.8968389570713038,-6.331920532746748,-5.5672100702921545
9748,pp,0.05,0.0,70,2.6187499809265136,-5.758123195532597,-5.163328035672506
9749,do,0.05,0.0,17,0.36261857986450163,-6.65203396768281,-5.748689537578159
9750,pp,0.05,0.0,18,0.6312532413005822,-5.362174496506199,-4.384322513474358
9751,do,0.05,0.0,70,2.346760661602019,-7.397975853717688,-6.422886636522081
9752,pp,0.05,0.0,67,4.065379387140275,-5.994671596180309,-5.315553392304315
9753,do,0.05,0.0,44,0.5127052855491634,-9.044786774028431,-10.376074557834201
9754,pp,0.05,0.0,32,3.0049202489852895,-5.169759188276348,-4.576475352711148
9755,do,0.05,0.0,52,2.456906501054764,-7.807403743628299,-7.2867317464616566
9756,pp,0.05,0.0,70,0.7245421242713928,-8.335855128548362,-7.213283207681444
9757,do,0.05,0.0,5,-1.1281502747535708,-6.049679997473052,-5.377535835901896
9758,pp,0.05,0.0,33,1.2419707942008973,-5.865959287412239,-5.727322218153212
9759,do,0.05,0.0,28,3.3514567899703973,-5.257922763535471,-5.099318435457017
9760,pp,0.05,0.0,16,1.6613788139820098,-4.381502742478342,-4.4960643344455296
9761,do,0.05,0.0,19,1.29168301820755,-6.247059008569428,-5.7431494580374824
9762,pp,0.05,0.0,48,1.7922448992729185,-6.11307317126881,-5.649683435757955
9763,do,0.05,0.0,22,1.3294851911067962,-4.94858093695207,-4.386247732904223
9764,pp,0.05,0.0,34,1.8671172511577607,-5.171714115142822,-4.466385910246108
9765,do,0.05,0.0,22,1.9995463025569906,-5.819758749008178,-5.285373041364882
9766,pp,0.05,0.0,50,2.5337859594821923,-6.713979510105017,-6.0692360056771175
9767,do,0.05,0.0,10,0.06441200971603411,-6.554041468013416,-5.522423561414083
9768,pp,0.05,0.0,70,2.160604614019393,-7.974641994996504,-6.7675501452551945
9769,do,0.05,0.0,70,1.7013566100597384,-7.371748534115878,-6.085950419637892
9770,pp,0.05,0.0,17,2.311105449199676,-4.8912462913628785,-4.403078680568271
9771,do,0.05,0.0,20,0.7066518259048467,-5.193178400848851,-4.799434110853407
9772,pp,0.05,0.0,70,1.2965415263175952,-9.451910377271247,-7.399440071317884
9773,do,0.05,0.0,25,1.6462434148788452,-5.738913670453158,-5.542471681700812
9774,pp,0.05,0.0,61,2.7386336529254924,-6.184367752075195,-5.767919784122043
9775,do,0.05,0.0,16,-0.3232558822631848,-8.211940329002612,-7.024341450797187
9776,pp,0.05,0.0,70,2.3861966049671173,-6.576033254103227,-6.017626274956597
9777,do,0.05,0.0,29,2.178840280771256,-6.286674289992361,-5.992761659622192
9778,pp,0.05,0.0,11,0.676982153654099,-5.016454248717337,-4.377514100074768
9779,do,0.05,0.0,21,0.8803878307342536,-7.216525206421361,-5.746537958251105
9780,pp,0.05,0.0,2,-0.7803353381156919,-5.765433395270145,-4.961592311329312
9781,do,0.05,0.0,25,2.5628593444824226,-5.246079952066595,-5.093118980195787
9782,pp,0.05,0.0,32,2.9178994262218474,-5.60794664440733,-4.634870229827033
9783,do,0.05,0.0,19,1.6577715516090406,-5.8444954481991855,-5.121979350513882
9784,pp,0.05,0.0,21,3.373677978515624,-4.671895493883075,-4.220565463436975
9785,do,0.05,0.0,70,0.6664465904235843,-8.247070913603812,-7.559008153279622
9786,pp,0.05,0.0,56,3.842313776016235,-6.887024854891228,-5.978576707839966
9787,do,0.05,0.0,38,1.3348577463626858,-6.158383456143466,-6.22541069984436
9788,pp,0.05,0.0,7,0.4407150149345398,-4.745476059480147,-4.198086863093906
9789,do,0.05,0.0,41,2.2701733124256123,-5.369987905386722,-5.907266370455424
9790,pp,0.05,0.0,32,1.5042334377765663,-5.136497410860929,-4.654625919130114
9791,do,0.05,0.0,48,3.0102176642417904,-6.567070968223341,-6.022549486160278
9792,pp,0.05,0.0,24,1.8716891050338749,-5.385494323210283,-4.71100115246243
9793,do,0.05,0.0,58,1.3030293107032778,-6.186862597321019,-5.2577667421764795
9794,pp,0.05,0.0,6,0.8215110313892362,-5.509003064126679,-4.9193972243203055
9795,do,0.05,0.0,70,3.6495411205291752,-6.636467362895156,-5.612818894121382
9796,pp,0.05,0.0,39,3.2407035124301915,-4.920657273494836,-4.349395264519585
9797,do,0.05,0.0,39,1.8717378973960876,-6.676574016339851,-5.8101524856355455
9798,pp,0.05,0.0,39,2.655811811685563,-6.8771482308705645,-6.32996277279324
9799,do,0.05,0.0,56,1.0225277471542356,-7.362081211263483,-6.996236133575439
9800,pp,0.05,0.0,70,0.7339815819263462,-6.851737613388987,-6.064993831846449
9801,do,0.05,0.0,59,1.9693008112907417,-6.956121639771895,-5.939287802908155
9802,pp,0.05,0.0,36,2.752638057470322,-5.659105175191706,-5.2537792205810545
9803,do,0.05,0.0,27,1.6542273342609413,-5.991815032381,-5.09688675933414
9804,pp,0.05,0.0,46,1.8876729941368096,-6.218961506178885,-5.375203702184889
9805,do,0.05,0.0,22,2.1909575128555296,-4.329060954758615,-3.949666957060496
9806,pp,0.05,0.0,28,2.8064843213558195,-5.47585378704649,-5.0994554864035715
9807,do,0.05,0.0,19,0.7612478423118594,-5.93851651133913,-5.263394973013136
9808,pp,0.05,0.0,10,0.8356196510791785,-4.627546203497684,-3.8916204743915133
9809,do,0.05,0.0,22,1.5364193761348721,-5.219276457121878,-4.959584463967217
9810,pp,0.05,0.0,28,1.1703517520427704,-6.079967753092448,-5.315672228071425
9811,do,0.05,0.0,5,0.17915298700332638,-5.281934534419666,-4.985520911216736
9812,pp,0.05,0.0,33,1.4052544271945955,-6.141235085689661,-6.073855744467841
9813,do,0.05,0.0,19,0.30262403011322014,-6.285470737110485,-5.7494119511710275
9814,pp,0.05,0.0,70,1.4742974936962128,-7.670944485519872,-6.905983800358243
9815,do,0.05,0.0,63,2.235958429574966,-6.849099146236073,-5.904968841870626
9816,pp,0.05,0.0,38,1.7125308263301848,-6.422857275876132,-5.310985326766968
9817,do,0.05,0.0,25,1.806290657520293,-5.359539125904893,-4.646261896027459
9818,pp,0.05,0.0,30,2.3112352693080904,-5.371448170055043,-4.8439734405941435
9819,do,0.05,0.0,6,0.9032374870777131,-4.4819185488151785,-3.838028175301022
9820,pp,0.05,0.0,22,2.113257435560226,-6.888770859169237,-6.223023303349813
9821,do,0.05,0.0,52,1.9533254945278173,-5.592035276239568,-5.224842664930556
9822,pp,0.05,0.0,9,0.9362480890750886,-5.014888721523863,-4.415308475494385
9823,do,0.05,0.0,54,1.1126670610904679,-7.999509233416933,-7.245544420348273
9824,pp,0.05,0.0,58,0.8880608129501351,-7.469651528560754,-6.79047008090549
9825,do,0.05,0.0,13,0.3837325954437256,-6.359753183885054,-5.619582976235284
9826,pp,0.05,0.0,70,3.43247350692749,-7.31234671274821,-6.423502882321675
9827,do,0.05,0.0,22,2.220860488414764,-4.660003426580718,-4.148153180546231
9828,pp,0.05,0.0,53,2.2949865365028375,-6.498593393961588,-5.863532360394796
9829,do,0.05,0.0,56,-0.29640032768249647,-8.705833148956298,-8.199021265241836
9830,pp,0.05,0.0,70,-0.03429812550544753,-8.882861212528113,-7.812537079387241
9831,do,0.05,0.0,57,0.5697331047058114,-7.602089559670651,-7.894765888320075
9832,pp,0.05,0.0,43,0.48709743618965184,-7.987924674063018,-7.083732795715332
9833,do,0.05,0.0,12,-0.6469266486167902,-7.074768158883759,-6.024143409729004
9834,pp,0.05,0.0,15,1.1941511654853816,-5.461876343235825,-5.063364463382297
9835,do,0.05,0.0,23,1.3258787059783943,-5.540320559703942,-4.825877194934421
9836,pp,0.05,0.0,42,1.55900895357132,-5.751810877250903,-5.224690567122566
9837,do,0.05,0.0,11,1.1586365425586695,-4.809388679446596,-5.18016943136851
9838,pp,0.05,0.0,22,1.9655924642086022,-6.004000478802305,-5.423960712220934
9839,do,0.05,0.0,39,1.6568234336376184,-5.745461682117346,-5.349129350980123
9840,pp,0.05,0.0,23,1.9195335936546325,-5.826731696273342,-5.446811188591851
9841,do,0.05,0.0,70,1.7518117284774792,-8.184282560059518,-10.414385345247057
9842,pp,0.05,0.0,61,2.1017129993438726,-6.738425720099247,-5.787881416744656
9843,do,0.05,0.0,29,2.132082102298736,-5.626217131181197,-5.1365776538848875
9844,pp,0.05,0.0,18,1.1227353501319888,-6.646070309841272,-5.88971324496799
9845,do,0.05,0.0,70,1.5207054364681243,-6.301579739830711,-5.996318499247233
9846,pp,0.05,0.0,54,2.127788782119752,-6.430798396197233,-5.410564891497294
9847,do,0.05,0.0,10,0.7221481263637539,-5.406848602583914,-5.1388541539510095
9848,pp,0.05,0.0,44,3.060128176212311,-6.63377539027821,-5.450467525588142
9849,do,0.05,0.0,50,1.3441778993606563,-7.632922475988215,-8.587986988491481
9850,pp,0.05,0.0,70,2.2678195858001704,-6.78953842827768,-6.571174846755134
9851,do,0.05,0.0,39,1.8475752568244932,-6.698088281804865,-6.944824022716946
9852,pp,0.05,0.0,28,1.053437193632126,-7.8737505016904885,-7.007935558425055
9853,do,0.05,0.0,70,3.157406946420669,-5.7449912678111685,-5.718398767047458
9854,pp,0.05,0.0,16,2.3441839408874507,-5.7043755646907925,-4.629224395751953
9855,do,0.05,0.0,14,1.265074415206909,-4.6724423249562586,-4.193317113982307
9856,pp,0.05,0.0,66,1.5287009108066556,-6.261439382668698,-5.247519093089633
9857,do,0.05,0.0,16,0.9909151232242586,-5.708190977212155,-5.515647202067905
9858,pp,0.05,0.0,70,1.884248150587081,-5.09428978544293,-5.1691063536538016
9859,do,0.05,0.0,56,1.4276545214653025,-6.907590903657855,-6.866834523942735
9860,pp,0.05,0.0,70,2.076873848438262,-6.191750357367775,-5.616672865549723
9861,do,0.05,0.0,33,2.100639388561248,-5.409124466867158,-5.186773419380188
9862,pp,0.05,0.0,15,2.1220094871521002,-4.392914472926747,-4.183275193638272
9863,do,0.05,0.0,28,1.767450309991836,-5.81639542724147,-6.739795417255825
9864,pp,0.05,0.0,63,2.697689690589905,-5.668196893460823,-5.837712934282091
9865,do,0.05,0.0,23,1.796941243410111,-6.652176081050526,-6.230961500273811
9866,pp,0.05,0.0,16,2.0925640428066252,-5.520032457871871,-4.859574005338881
9867,do,0.05,0.0,42,1.6444879221916198,-6.138426980105313,-5.42987904548645
9868,pp,0.05,0.0,8,1.2443642318248749,-4.464890858621308,-3.910063600540161
9869,do,0.05,0.0,44,0.7883913099765785,-7.155765386061235,-8.017020331488716
9870,pp,0.05,0.0,70,2.886271518468857,-5.450797159021551,-5.394769345389472
9871,do,0.05,0.0,55,2.3854341602325446,-5.76050361142014,-5.732750471433004
9872,pp,0.05,0.0,65,2.823729212284089,-5.69317350098581,-5.595114570193821
9873,do,0.05,0.0,41,2.304036600589752,-5.768112062685417,-5.773337274127536
9874,pp,0.05,0.0,29,2.482057815790177,-4.910371718262181,-4.819908613628812
9875,do,0.05,0.0,27,3.519864772558213,-5.026973331335819,-4.527758502960205
9876,pp,0.05,0.0,33,2.2835876548290246,-5.837574549877282,-5.280541594823202
9877,do,0.05,0.0,32,2.2388943600654603,-5.764317937330766,-5.558896957503425
9878,pp,0.05,0.0,70,3.16705417752266,-5.188302444689201,-4.624616331524319
9879,do,0.05,0.0,16,2.274230418205261,-4.428778061722264,-3.902535245153639
9880,pp,0.05,0.0,15,1.6448143327236178,-4.551353990670407,-3.7814939419428506
9881,do,0.05,0.0,25,2.618893880844116,-5.9733974846926605,-5.070299877060784
9882,pp,0.05,0.0,48,2.4616881227493286,-7.908202885136459,-6.852187458674113
9883,do,0.05,0.0,57,2.6629095768928535,-5.146450450203636,-5.116574698024326
9884,pp,0.05,0.0,70,3.247052779197694,-4.725961669286092,-4.425741463237339
9885,do,0.05,0.0,20,3.024083451032638,-4.878885803800641,-4.119459303220113
9886,pp,0.05,0.0,34,3.1296019983291625,-4.470582733732281,-4.012125288115607
9887,do,0.05,0.0,63,3.4537477397918703,-6.082317035848444,-6.038871934678819
9888,pp,0.05,0.0,70,3.951724964380265,-5.258986315582738,-5.017788105540806
9889,do,0.05,0.0,29,1.3150162947177888,-6.7847417080041135,-6.446080605189006
9890,pp,0.05,0.0,22,2.592378606796265,-4.954211726333156,-5.050165054533217
9891,do,0.05,0.0,52,3.3771838891506194,-5.563935596292669,-5.1505535576078625
9892,pp,0.05,0.0,33,1.9620873510837553,-6.421062173265399,-5.994554858737522
9893,do,0.05,0.0,17,1.3976190030574802,-6.299650919076168,-6.229894354608324
9894,pp,0.05,0.0,40,1.4944947850704198,-6.36351717746619,-5.616719637976752
9895,do,0.05,0.0,32,1.3372496676445014,-6.395178975480976,-5.737134586440193
9896,pp,0.05,0.0,59,1.8106101071834564,-6.954048237656102,-5.970678612920973
9897,do,0.05,0.0,21,2.6456977307796485,-5.478863872181286,-4.9541023890177405
9898,pp,0.05,0.0,67,3.9252326142787943,-4.539781655687275,-4.4948109375105965
9899,do,0.05,0.0,70,2.0426243245601654,-9.567596658070881,-8.976703060997856
9900,pp,0.05,0.0,37,1.6460960757732384,-7.090217184297966,-6.123738045162625
9901,do,0.05,0.0,43,3.566283596754073,-5.742380864692457,-5.150338580873277
9902,pp,0.05,0.0,29,2.1268161368370055,-4.666937208175659,-4.540354103512234
9903,do,0.05,0.0,24,2.002209087610244,-4.846973913366145,-4.076460941632589
9904,pp,0.05,0.0,45,1.537203472852707,-6.15859879435915,-5.3429162396325
9905,do,0.05,0.0,15,1.52023953795433,-4.850545530608206,-3.9590457916259765
9906,pp,0.05,0.0,48,0.39603455066680926,-7.2408503243417455,-6.448058973418342
9907,do,0.05,0.0,18,1.882992250919342,-4.885138005921335,-4.584222438600328
9908,pp,0.05,0.0,66,1.296671109199524,-6.530537920287161,-6.256030729081895
9909,do,0.05,0.0,57,4.330888020992278,-5.111715378905788,-4.702972239918179
9910,pp,0.05,0.0,15,2.569762613773346,-4.364435542713512,-3.8978497902552287
9911,do,0.05,0.0,70,1.8228065645694738,-5.915680167169282,-5.13665816254086
9912,pp,0.05,0.0,64,2.5658173584938044,-5.521845995296132,-4.591959518856473
9913,do,0.05,0.0,30,3.2607527279853814,-5.22700151385683,-4.688516434033712
9914,pp,0.05,0.0,31,2.6150519943237303,-4.683443133036295,-4.9583369281556875
9915,do,0.05,0.0,39,2.6530305504798886,-6.953535962827278,-6.58612380027771
9916,pp,0.05,0.0,10,0.4724231100082399,-5.226697413126628,-4.25428212483724
9917,do,0.05,0.0,70,2.5262904000282287,-5.786126625176632,-4.731574063830905
9918,pp,0.05,0.0,22,1.0015618896484373,-7.720336795575691,-6.567134375042386
9919,do,0.05,0.0,25,2.6511058998107915,-5.138233745459354,-4.959315005938212
9920,pp,0.05,0.0,40,1.4851259493827813,-5.352762255524144,-4.809241501490275
9921,do,0.05,0.0,50,3.6834397959709175,-5.807693485780196,-6.173669727643331
9922,pp,0.05,0.0,50,3.044386529922485,-5.504422025969534,-5.316823686493768
9923,do,0.05,0.0,18,1.580817848443985,-5.468038076342959,-5.418317855728997
9924,pp,0.05,0.0,63,0.04658644437789938,-6.957700599323619,-6.0479033999972875
9925,do,0.05,0.0,23,3.3473213231563568,-4.829271481253884,-4.603565618726942
9926,pp,0.05,0.0,61,2.914965436458587,-7.725033322247592,-6.66365950372484
9927,do,0.05,0.0,23,2.00836076259613,-5.052941159046058,-4.848878603511387
9928,pp,0.05,0.0,12,0.8227960205078126,-4.564335888082331,-4.223083061642117
9929,do,0.05,0.0,41,1.8709426426887505,-6.205398406404438,-5.564016588528951
9930,pp,0.05,0.0,60,2.1610241436958315,-5.969235962087458,-5.20193297068278
9931,do,0.05,0.0,32,1.3704993677139292,-6.324756287083481,-5.751367388831245
9932,pp,0.05,0.0,67,1.6375083303451534,-7.021964386737708,-5.820664919747246
9933,do,0.05,0.0,53,2.6833054208755494,-5.815704150633379,-6.330337813165452
9934,pp,0.05,0.0,11,1.2458315205574033,-4.361070056395097,-3.7960991660753884
9935,do,0.05,0.0,24,2.75064699292183,-4.957393102934867,-4.306108080016243
9936,pp,0.05,0.0,14,1.5858178424835208,-5.636618310754949,-4.591832884152731
9937,do,0.05,0.0,13,0.8754599833488461,-6.1623174652908785,-5.413265387217204
9938,pp,0.05,0.0,29,1.1626585662364963,-5.961696085785374,-5.2147441811031765
9939,do,0.05,0.0,43,1.025883581638336,-8.653644272775361,-7.528545745213827
9940,pp,0.05,0.0,10,1.3157739150524135,-5.110916481596051,-4.552708805931939
9941,do,0.05,0.0,40,1.789122487306595,-6.088967259724935,-5.990877713097467
9942,pp,0.05,0.0,21,1.3767484223842619,-5.589807810927883,-4.86064367029402
9943,do,0.05,0.0,10,1.3665278661251072,-4.704434780641035,-4.299901077482436
9944,pp,0.05,0.0,38,2.1360004246234894,-5.526521424091223,-5.155785044034322
9945,do,0.05,0.0,70,1.8489211606979374,-7.379387758717392,-7.376017077763875
9946,pp,0.05,0.0,10,1.7306760537624362,-4.776275526393544,-3.7407896545198227
9947,do,0.05,0.0,34,2.126550301313401,-5.3553528106573856,-5.31318056318495
9948,pp,0.05,0.0,18,0.13097422719001717,-6.807557795264504,-5.9517793416976925
9949,do,0.05,0.0,58,2.667674137353897,-7.378168879133282,-7.576848167843289
9950,pp,0.05,0.0,46,2.4776033675670623,-6.859224822304466,-6.122450357013278
9951,do,0.05,0.0,28,2.346118934154511,-5.2816599874785455,-4.97567110326555
9952,pp,0.05,0.0,9,2.01765573143959,-4.545991319598573,-4.0322502454121905
9953,do,0.05,0.0,14,2.222740315198898,-4.808593073758212,-4.437552695804172
9954,pp,0.05,0.0,32,3.701439619064331,-5.010263700196237,-4.4288378304905365
9955,do,0.05,0.0,27,4.20779200553894,-4.972751472935532,-4.678934118482801
9956,pp,0.05,0.0,23,3.680683323144912,-5.400740773750074,-5.133695483207703
9957,do,0.05,0.0,15,2.0330685734748837,-4.370697051828558,-4.2236593008041385
9958,pp,0.05,0.0,39,2.1513967239856724,-5.9848123521515815,-5.243888089391921
9959,do,0.05,0.0,48,2.0367117834091184,-6.714793046315511,-6.498937590916952
9960,pp,0.05,0.0,46,2.6833122503757467,-5.972959686048103,-5.659805115063985
9961,do,0.05,0.0,14,1.8054275000095368,-4.212733314976548,-3.7344262176089815
9962,pp,0.05,0.0,30,2.143385044336319,-5.255865849870624,-4.801670922173394
9963,do,0.05,0.0,36,3.5393897032737733,-4.522796726226806,-4.383060299025642
9964,pp,0.05,0.0,53,4.172326329946518,-4.897875229517619,-4.332260118590461
9965,do,0.05,0.0,28,2.02857029080391,-5.142788307594531,-4.916156249576145
9966,pp,0.05,0.0,13,1.4135940611362452,-4.789422029437441,-4.5364880032009545
9967,do,0.05,0.0,27,2.0352437579631797,-5.252191731424043,-4.49788449075487
9968,pp,0.05,0.0,44,1.5367318773269654,-6.4299477736155195,-5.943711386786567
9969,do,0.05,0.0,43,1.4901041674613946,-8.194607159585663,-6.891047615475125
9970,pp,0.05,0.0,24,1.383090981245041,-5.73358387224602,-4.937118064032661
9971,do,0.05,0.0,11,1.3792769730091097,-4.25809762839115,-4.4046111027399695
9972,pp,0.05,0.0,41,1.7085696160793313,-6.766116932666663,-5.7864466269811
9973,do,0.05,0.0,14,1.5987423563003533,-4.7874743085919,-5.4454237143198645
9974,pp,0.05,0.0,44,3.783783148527145,-5.115746303038164,-4.993648023075528
9975,do,0.05,0.0,25,2.546169350147247,-5.350318415959676,-4.7991596221923825
9976,pp,0.05,0.0,26,3.0183693504333498,-4.946285035393455,-4.30021169980367
9977,do,0.05,0.0,10,0.08751558661460912,-6.060703277587891,-5.659927092658149
9978,pp,0.05,0.0,19,0.9241444396972653,-5.271828005530617,-4.88143056763543
9979,do,0.05,0.0,20,1.903545989990235,-4.785066049749201,-4.621005286110772
9980,pp,0.05,0.0,70,2.9362346303462985,-7.579419088363648,-7.361347757445442
9981,do,0.05,0.0,29,2.0198843050003052,-4.997587594118985,-4.586357267697652
9982,pp,0.05,0.0,26,2.5637799537181856,-5.728496334769509,-4.573546854654948
9983,do,0.05,0.0,34,2.7703933358192447,-4.805276661208182,-4.6250969489415485
9984,pp,0.05,0.0,22,1.562630627155304,-5.320695312095411,-5.0813363605075414
9985,do,0.05,0.0,12,0.18944086790084835,-5.882148244164207,-5.458871335453457
9986,pp,0.05,0.0,13,0.7119645297527315,-6.225419186100815,-5.437000679969787
9987,do,0.05,0.0,15,0.6511812210083008,-5.302806763215498,-4.703768528832329
9988,pp,0.05,0.0,15,1.4090877044200898,-5.209344775748975,-4.908566946453519
9989,do,0.05,0.0,23,2.481006923913955,-4.904294914187807,-4.896186447143554
9990,pp,0.05,0.0,21,2.6876890265941613,-5.001327256000403,-4.526398796505398
9991,do,0.05,0.0,52,0.4885397064685826,-7.180593870625351,-8.091136360168457
9992,pp,0.05,0.0,62,2.2214568138122566,-5.847092709396825,-5.393048479821947
9993,do,0.05,0.0,70,0.9838401091098792,-9.073789518529718,-9.188014957639906
9994,pp,0.05,0.0,44,1.8829037606716152,-6.529269365830855,-5.799741170141432
9995,do,0.05,0.0,14,1.6881942331790922,-4.964398362419822,-4.9872599124908445
9996,pp,0.05,0.0,30,2.688426357507705,-4.908530881188133,-4.297765413920085
9997,do,0.05,0.0,70,0.6450660133361819,-10.031635157267253,-10.334300009409587
9998,pp,0.05,0.0,24,0.19377274513244558,-10.365919204191728,-9.261106173197428
9999,do,0.05,0.0,53,1.1374726057052618,-7.208119188655506,-7.44619337187873
10000,pp,0.05,0.0,39,1.9970068204402915,-5.7443784453652125,-5.503599201308356
10001,do,0.05,0.0,29,1.8079680705070489,-7.025770245176373,-6.7021133608288235
10002,pp,0.05,0.0,24,2.0923727726936336,-5.630900546276208,-5.235523035791185
10003,do,0.05,0.0,15,1.3702579092979432,-5.71650648839546,-5.427879442109002
10004,pp,0.05,0.0,45,2.9357973849773407,-5.719488471927065,-5.520926051669651
10005,do,0.05,0.0,31,2.1312820863723747,-6.428069643540816,-6.142930338117812
10006,pp,0.05,0.0,43,2.277864743471146,-5.9250421235055635,-5.418347769313389
10007,do,0.05,0.0,57,1.302898961305618,-5.521629223679051,-5.143499769104851
10008,pp,0.05,0.0,30,2.126706894636155,-4.793157385334824,-4.701167676183912
10009,do,0.05,0.0,55,2.790232043266296,-5.821926976695205,-5.863596301608616
10010,pp,0.05,0.0,30,3.1150119292736056,-5.446050052931814,-5.210139870643616
10011,do,0.05,0.0,22,1.4608849048614507,-5.283911791714755,-5.215506103303698
10012,pp,0.05,0.0,19,1.5445358014106745,-6.907926182313399,-6.636803968747457
10013,do,0.05,0.0,14,1.1534113359451297,-5.364125513307976,-5.190463095241123
10014,pp,0.05,0.0,45,3.743202449083327,-6.316665958635735,-5.632932631174723
10015,do,0.05,0.0,70,1.816994411945343,-7.4202377117041385,-7.1030344857109915
10016,pp,0.05,0.0,28,1.7455952024459842,-6.502107795079549,-5.641148458586799
10017,do,0.05,0.0,18,1.0886918056011199,-5.869120460568053,-5.776611590385437
10018,pp,0.05,0.0,70,2.085406619310379,-6.928707692117402,-5.915957596566942
10019,do,0.05,0.0,5,0.5628641974925994,-4.4463797236933855,-4.45001118183136
10020,pp,0.05,0.0,63,1.8489539873599998,-6.508208604292436,-5.6146271811591255
10021,do,0.05,0.0,21,1.6527126252651207,-4.696533914045854,-4.6048644860585535
10022,pp,0.05,0.0,15,2.2376271831989287,-4.274339584870772,-4.315282350116306
10023,do,0.05,0.0,15,1.8282530164718622,-5.459270007682569,-4.808883187505934
10024,pp,0.05,0.0,12,1.1136751163005831,-5.6442290334990535,-4.913345037566291
10025,do,0.05,0.0,65,1.3834091722965232,-6.254788444981431,-6.080172721544901
10026,pp,0.05,0.0,16,2.0149468255043024,-4.842479734709769,-4.2749501413769195
10027,do,0.05,0.0,70,3.3183958613872537,-6.993450719659979,-6.780589085155063
10028,pp,0.05,0.0,60,2.3114893591403973,-7.343119979627205,-6.672253878911336
10029,do,0.05,0.0,13,1.4575997817516324,-4.337185076511267,-4.057737452454037
10030,pp,0.05,0.0,46,1.2013148605823503,-7.318299146132036,-6.823368461926778
10031,do,0.05,0.0,6,0.6789296913146972,-4.6945411971121125,-4.167014314068688
10032,pp,0.05,0.0,46,1.961224026679992,-6.306972992058956,-5.628108061684502
10033,do,0.05,0.0,37,2.266525518894195,-4.7487628503279256,-4.776276961962382
10034,pp,0.05,0.0,8,0.7861628770828251,-4.338428203987353,-3.951831132835812
10035,do,0.05,0.0,13,1.5900322592258451,-4.470049745386297,-4.338846821255154
10036,pp,0.05,0.0,70,1.645846205949784,-5.861296795353745,-5.076248119937049
10037,do,0.05,0.0,10,0.5524259150028223,-5.03874292084665,-4.712898270289103
10038,pp,0.05,0.0,17,1.2692607367038722,-5.531207453120839,-5.264806085162693
10039,do,0.05,0.0,15,1.1432997345924374,-5.86242188540372,-4.983913516998291
10040,pp,0.05,0.0,70,1.747554981708527,-6.9385983337055555,-6.194054259194268
10041,do,0.05,0.0,18,1.464015146493912,-5.323308740962635,-5.198064340485467
10042,pp,0.05,0.0,11,1.0215604150295254,-4.845405120560617,-4.330291623539395
10043,do,0.05,0.0,7,0.9364836406707768,-4.3690360083724515,-3.8461804283989802
10044,pp,0.05,0.0,69,1.8002416455745696,-5.8811526558615945,-5.050716069009569
10045,do,0.05,0.0,30,2.482228714227676,-5.024730549436627,-4.7046417527728615
10046,pp,0.05,0.0,18,2.245263903141021,-5.127427543293346,-4.097538248697917
10047,do,0.05,0.0,18,1.5908648991584773,-5.101915428855202,-4.593963873386383
10048,pp,0.05,0.0,30,0.8095379531383511,-6.090969235969312,-5.2258274157842
10049,do,0.05,0.0,54,3.105556653738021,-5.1382861729824185,-4.689825848738352
10050,pp,0.05,0.0,26,2.44828180193901,-5.2830841960329,-5.451803843180339
10051,do,0.05,0.0,13,2.196749365329742,-5.009303902134751,-5.423236256175571
10052,pp,0.05,0.0,70,2.8104028022289285,-6.557897574973829,-5.49660783873664
10053,do,0.05,0.0,9,0.990555077791214,-4.1970620487675525,-3.8998264167043897
10054,pp,0.05,0.0,27,2.0091954159736636,-4.901250862352776,-4.833099020851983
10055,do,0.05,0.0,49,3.3677306973934167,-6.398211136731234,-6.413336767090692
10056,pp,0.05,0.0,65,2.8075056660175317,-6.520688026601618,-5.628071660465665
10057,do,0.05,0.0,43,2.9173351848125453,-4.947116671186505,-4.730859473016527
10058,pp,0.05,0.0,70,2.935712485313415,-5.227664684526848,-4.6861982901891075
10059,do,0.05,0.0,57,3.5994982743263257,-5.846435267997511,-5.303757219844394
10060,pp,0.05,0.0,57,1.6228929328918458,-7.706605116526286,-6.638500417603387
10061,do,0.05,0.0,16,1.415198957920074,-4.392052924994267,-4.15551061630249
10062,pp,0.05,0.0,64,0.8233452391624443,-7.056025457382202,-6.714434893925985
10063,do,0.05,0.0,7,0.5016889846324917,-5.028910537199541,-4.122072129779392
10064,pp,0.05,0.0,54,1.7947802615165722,-6.533539194049257,-5.686173375447591
10065,do,0.05,0.0,70,3.088822169303894,-6.271720059712728,-6.49770991007487
10066,pp,0.05,0.0,63,2.5253690910339346,-6.277674557945945,-5.620936928855048
10067,do,0.05,0.0,36,2.1815697753429415,-6.078884987397627,-5.847506101926168
10068,pp,0.05,0.0,33,2.261464216709136,-5.168276282512781,-5.150537530581157
10069,do,0.05,0.0,31,2.393987318277359,-4.563303837631688,-4.53120883040958
10070,pp,0.05,0.0,35,3.11707897901535,-5.870523379065774,-5.117569621404012
10071,do,0.05,0.0,17,1.6151204609870913,-5.214690439628832,-5.296089990933736
10072,pp,0.05,0.0,70,3.3662662947177893,-6.425942983049335,-5.9798593706554835
10073,do,0.05,0.0,45,2.3888766980171203,-5.423437359838775,-5.314022088050843
10074,pp,0.05,0.0,37,3.3141280090808865,-5.374121212236809,-4.559000470903185
10075,do,0.05,0.0,52,2.869040757417679,-5.57747923822114,-6.0805225584242075
10076,pp,0.05,0.0,55,3.4825322139263157,-6.9100386489521375,-6.207601960500082
10077,do,0.05,0.0,57,2.8479347729682933,-5.2755324002468225,-4.785439078013102
10078,pp,0.05,0.0,33,3.089762673377991,-5.381622086149274,-4.989825614293417
10079,do,0.05,0.0,24,3.5674937784671785,-4.564769356178515,-5.095339584350586
10080,pp,0.05,0.0,38,3.7607630145549775,-5.383524097095837,-4.392831092410617
10081,do,0.05,0.0,8,0.7938434720039362,-4.170207320560109,-3.91361149681939
10082,pp,0.05,0.0,64,1.697031600475312,-6.029945555600253,-5.527147552702162
10083,do,0.05,0.0,19,0.9100398457050334,-6.497107475454157,-6.041061968273587
10084,pp,0.05,0.0,14,1.2121535313129428,-6.330485914692734,-5.663418372472127
10085,do,0.05,0.0,32,2.248283425569535,-5.614899279854514,-5.099484531084697
10086,pp,0.05,0.0,69,2.2169582355022435,-6.799520031611125,-6.181682549582588
10087,do,0.05,0.0,16,2.130124717950821,-4.3951454755031705,-4.415076639917162
10088,pp,0.05,0.0,8,0.8294277989864351,-5.425739314339378,-4.39553865061866
10089,do,0.05,0.0,29,2.4978974103927616,-6.304137945175171,-6.217006087303162
10090,pp,0.05,0.0,46,4.550830202102661,-6.9818327195716625,-6.332586060629951
10091,do,0.05,0.0,32,2.7519569063186653,-4.509209261518536,-4.7664064566294355
10092,pp,0.05,0.0,34,2.991174079179763,-5.8130366310928805,-5.318086422814263
10093,do,0.05,0.0,49,2.472983913421631,-7.436953391450825,-6.968533478842842
10094,pp,0.05,0.0,28,2.704848419427872,-5.593287502635609,-5.326350900861952
10095,do,0.05,0.0,38,2.6981582415103924,-6.093431633169001,-5.230482035213047
10096,pp,0.05,0.0,49,2.2999630558490747,-6.365046553178267,-5.795618115531074
10097,do,0.05,0.0,13,2.2206153047084802,-4.914727085286921,-5.341788481341468
10098,pp,0.05,0.0,11,1.917390965223312,-5.759940135840214,-5.202415426572164
10099,do,0.05,0.0,62,2.65244880437851,-5.909196561755556,-5.191320979595185
10100,pp,0.05,0.0,33,2.524297308921815,-5.299055917335279,-5.357215351528591
10101,do,0.05,0.0,15,1.5996839225292199,-4.850614037658229,-4.175388664669461
10102,pp,0.05,0.0,23,2.0008112800121305,-5.1935848308332035,-4.4446985907024805
10103,do,0.05,0.0,32,2.7365798044204706,-4.487295191215746,-4.4437784777747265
10104,pp,0.05,0.0,68,2.2139973175525673,-6.22123478976163,-5.259519990285238
10105,do,0.05,0.0,26,2.316128121614457,-5.4177879217899205,-4.947117922041151
10106,pp,0.05,0.0,27,2.5901468622684485,-6.562270686120698,-5.8120913055207994
10107,do,0.05,0.0,44,2.6457061827182766,-4.921348412831624,-4.895180140601264
10108,pp,0.05,0.0,70,3.592554047107696,-5.575294169512662,-4.603899998135037
10109,do,0.05,0.0,70,3.9069803369045264,-5.814303291205204,-6.847960138320923
10110,pp,0.05,0.0,36,2.390894082784653,-6.2810665983142275,-5.274373282326592
10111,do,0.05,0.0,14,2.4822137665748603,-5.100806458791097,-5.702676757176717
10112,pp,0.05,0.0,25,0.9074244523048405,-6.325749681935166,-5.1918829758962
10113,do,0.05,0.0,13,1.5127440035343165,-5.265883000691732,-4.61276831097073
10114,pp,0.05,0.0,70,1.9649861443042766,-5.928476853804155,-5.265463084644741
10115,do,0.05,0.0,9,1.036174054145813,-4.517292706171672,-4.0954891284306845
10116,pp,0.05,0.0,20,0.7869652545452119,-5.952980321826357,-5.151730892393324
10117,do,0.05,0.0,9,0.17237339496612503,-5.331962618683324,-4.722016167640686
10118,pp,0.05,0.0,11,1.159240474700927,-4.998672743999597,-4.563547677463955
10119,do,0.05,0.0,70,1.2423237991333007,-8.779587641629305,-8.322778473960028
10120,pp,0.05,0.0,20,2.3984436118602748,-4.666417084318219,-4.4763786024517485
10121,do,0.05,0.0,25,2.514688727855682,-5.152715860713612,-4.773363407452901
10122,pp,0.05,0.0,28,1.477185556888581,-6.8175280455387,-5.937249822086758
10123,do,0.05,0.0,57,0.4345253777503979,-7.310817571119829,-7.032348034116957
10124,pp,0.05,0.0,7,0.5289024317264559,-5.03476099245476,-4.3307507594426475
10125,do,0.05,0.0,13,1.9770326340198512,-4.42999857266744,-5.159950711992052
10126,pp,0.05,0.0,19,2.364490996599198,-4.674521788683805,-5.085282701916165
10127,do,0.05,0.0,44,1.08045060157776,-6.3190277619795365,-7.347933059268527
10128,pp,0.05,0.0,70,1.6312722837924953,-6.89221667954416,-6.0736304998397825
10129,do,0.05,0.0,18,3.336274945735931,-4.034326962268714,-4.067201133569082
10130,pp,0.05,0.0,70,2.250233669281007,-6.807270453192971,-6.617876242266761
10131,do,0.05,0.0,19,2.987484450340271,-4.3460186669320775,-4.782227476437886
10132,pp,0.05,0.0,19,2.6069537270069114,-4.884410744002371,-4.578625905513763
10133,do,0.05,0.0,12,1.5000769877433777,-4.628608277349761,-4.53487020333608
10134,pp,0.05,0.0,58,1.3120660758018499,-8.64881932518699,-7.540243164698283
10135,do,0.05,0.0,45,2.0807132232189183,-5.077871715661251,-5.350201733907064
10136,pp,0.05,0.0,19,1.2739337086677551,-5.934258670517893,-5.693705847528245
10137,do,0.05,0.0,70,1.6457436704635633,-7.960504583878951,-7.334289442168342
10138,pp,0.05,0.0,70,2.470318863391875,-6.775998877034043,-5.926530726750692
10139,do,0.05,0.0,11,0.8622963798046115,-4.80144920204625,-4.854011270734999
10140,pp,0.05,0.0,7,1.4797758567333226,-3.9342518242922697,-3.5033767302831014
10141,do,0.05,0.0,70,1.5117749094963067,-6.925350368384159,-6.39290374384986
10142,pp,0.05,0.0,17,0.05217836141586307,-6.696525728341305,-6.028085215886434
10143,do,0.05,0.0,10,1.2122952055931098,-4.521739251685865,-3.98042884932624
10144,pp,0.05,0.0,24,0.8316536033153525,-7.359936637589426,-6.580470032162136
10145,do,0.05,0.0,10,1.3324808430671693,-4.398559960451993,-4.5117519418398535
10146,pp,0.05,0.0,16,2.6815672552585603,-4.823128240758723,-4.321926470597585
10147,do,0.05,0.0,17,2.319773473739624,-4.4133226076761884,-4.072238090303209
10148,pp,0.05,0.0,20,2.066604160070419,-6.7827728329282815,-5.354409853617351
10149,do,0.05,0.0,18,1.4916916465759282,-4.586530316959728,-4.739343661732144
10150,pp,0.05,0.0,13,1.6116546726226808,-4.316906797524655,-4.0205510324902
10151,do,0.05,0.0,39,4.020273225307464,-6.597054547974557,-5.803020228279961
10152,pp,0.05,0.0,38,1.7540069246292118,-7.354872210820516,-7.056904967625936
10153,do,0.05,0.0,17,2.250903196334839,-5.104907365278764,-4.683611464500427
10154,pp,0.05,0.0,31,2.2147005701065057,-5.981515907518792,-5.108118398984273
10155,do,0.05,0.0,25,2.110838513374328,-6.389323277906938,-6.072274276945326
10156,pp,0.05,0.0,34,2.7897195744514462,-5.394195835518114,-5.1347582817077635
10157,do,0.05,0.0,19,0.8558075630664819,-6.1069611766121605,-6.238674937354194
10158,pp,0.05,0.0,44,0.7032210147380837,-7.46710125171777,-6.827146238750881
10159,do,0.05,0.0,68,1.9470981562137606,-7.487944462805084,-7.445057845115661
10160,pp,0.05,0.0,61,2.4010519611835477,-6.650345854325728,-6.072742425070869
10161,do,0.05,0.0,35,2.7163758563995355,-4.77835504358465,-4.689836973614163
10162,pp,0.05,0.0,15,2.6519809877872467,-4.677537594419537,-4.330490777227614
10163,do,0.05,0.0,37,2.0920404827594767,-5.186091460603656,-4.958117119471232
10164,pp,0.05,0.0,70,1.8564523923397056,-6.813174084461097,-5.994781727261014
10165,do,0.05,0.0,23,1.0304129981994627,-5.695707308162342,-5.38448953098721
10166,pp,0.05,0.0,31,2.4657802939414983,-5.275161811077234,-4.599175861146715
10167,do,0.05,0.0,66,1.884840916395186,-7.701486763809666,-6.988921321762932
10168,pp,0.05,0.0,29,1.761257343292236,-5.752300642475937,-5.206025250752767
10169,do,0.05,0.0,6,0.7318470633029941,-4.688990725892963,-3.9812798553042943
10170,pp,0.05,0.0,11,1.4120552706718446,-5.766205062288226,-5.328268059094747
10171,do,0.05,0.0,36,2.6854858744144448,-5.4205935579357725,-5.075528441535102
10172,pp,0.05,0.0,32,2.8427022778987885,-4.936538193442605,-4.894057967927721
10173,do,0.05,0.0,23,1.4391490578651425,-5.533660754290494,-5.503277203771803
10174,pp,0.05,0.0,29,2.0098701918125146,-5.637251696442113,-5.379842241605123
10175,do,0.05,0.0,35,2.746628345251083,-5.447665873440829,-5.697197890281677
10176,pp,0.05,0.0,18,2.395734655857086,-5.537228259173307,-5.715532146559822
10177,do,0.05,0.0,70,1.1060031116008755,-7.001659721316713,-6.9237860255771215
10178,pp,0.05,0.0,70,3.3989250040054326,-6.372234465859153,-5.903537917137146
10179,do,0.05,0.0,52,1.304955588579178,-6.098526669993545,-6.220463636186388
10180,pp,0.05,0.0,70,1.5535231840610502,-5.810362864985611,-5.362280591328939
10181,do,0.05,0.0,15,1.105021421909333,-5.012781036261356,-4.9066400951809355
10182,pp,0.05,0.0,30,1.401354606151581,-5.925890929771192,-4.972158002853393
10183,do,0.05,0.0,20,1.7737439525127412,-5.043830946720008,-4.629149060779148
10184,pp,0.05,0.0,24,0.9968041026592251,-5.654277534195871,-5.446699272261726
10185,do,0.05,0.0,30,1.7610936009883869,-5.736767581014922,-5.498929389317831
10186,pp,0.05,0.0,25,3.1888479626178734,-6.2833210453842625,-5.623754024505615
10187,do,0.05,0.0,23,0.9380956852436073,-6.602459052114776,-5.456788280275133
10188,pp,0.05,0.0,28,2.2307081139087686,-6.080624810132114,-5.61703606446584
10189,do,0.05,0.0,14,2.2276315462589267,-4.9094222950212885,-4.756127142906189
10190,pp,0.05,0.0,22,1.4587777090072631,-5.204709706161961,-4.918221031294928
10191,do,0.05,0.0,28,1.525146245956421,-5.4071353276570635,-5.016774908701579
10192,pp,0.05,0.0,8,1.175984309911728,-4.768224369395863,-4.418631813261244
10193,do,0.05,0.0,58,1.9588562679290762,-5.331144123366385,-5.5262243827184045
10194,pp,0.05,0.0,9,1.5674980068206779,-4.838616027254047,-4.2905196189880375
10195,do,0.05,0.0,35,2.3225880920887,-6.463245163541852,-7.884837550587124
10196,pp,0.05,0.0,21,1.7206365418434144,-5.597263974854441,-5.790602779388427
10197,do,0.05,0.0,18,1.5051780307292937,-4.9146524400422065,-4.004656236701542
10198,pp,0.05,0.0,48,2.6122558999061587,-5.55019898703604,-4.990319776535034
10199,do,0.05,0.0,32,2.7932890999317177,-5.196528372620091,-5.187248672379388
10200,pp,0.05,0.0,61,2.035165814161301,-7.0717744494929455,-6.281002653969659
10201,do,0.05,0.0,59,1.6500188314914706,-6.394942186817978,-6.682987912495931
10202,pp,0.05,0.0,8,1.0122678828239442,-5.018300721139619,-4.902619886398315
10203,do,0.05,0.0,20,1.9906510186195376,-5.4528460863864785,-5.1423958831363255
10204,pp,0.05,0.0,33,1.981800634860992,-6.2042670683427295,-5.691237134403653
10205,do,0.05,0.0,11,1.4650989353656767,-4.554749714244496,-4.739167555173238
10206,pp,0.05,0.0,16,1.4082420587539675,-4.642979419592655,-4.33119322458903
10207,do,0.05,0.0,68,1.4827604353427892,-5.859935678135265,-5.49528251753913
10208,pp,0.05,0.0,66,-0.43650643229484576,-7.67117189060558,-6.708604301346673
10209,do,0.05,0.0,9,1.1684791040420537,-4.4589475588365035,-4.226813321643405
10210,pp,0.05,0.0,70,0.3589836037158971,-7.901030920491074,-6.986572382185194
10211,do,0.05,0.0,13,2.1693467640876767,-4.422461886839433,-4.388204044765896
10212,pp,0.05,0.0,12,1.2554230189323423,-5.166712041334672,-4.764894101354811
10213,do,0.05,0.0,70,2.0120251882076268,-6.329702449567391,-5.834149906370375
10214,pp,0.05,0.0,70,1.513136557340622,-6.238692600076849,-5.967403303252326
10215,do,0.05,0.0,14,2.0596380746364593,-4.756885674505523,-4.252705219056871
10216,pp,0.05,0.0,70,2.261636297702789,-5.497098165569883,-5.21685824394226
10217,do,0.05,0.0,21,0.768914297819137,-6.3202039241790775,-5.371012247933281
10218,pp,0.05,0.0,40,2.1816554272174837,-5.782058887770682,-5.553504196802775
10219,do,0.05,0.0,23,1.2769045495986937,-5.702605864495942,-4.884823740853204
10220,pp,0.05,0.0,42,2.582478332519531,-5.302112833658854,-4.68960653146108
10221,do,0.05,0.0,19,1.732888261079788,-4.837841325817686,-4.282037871413761
10222,pp,0.05,0.0,61,3.2806022799015047,-5.20461355267149,-4.778852750195397
10223,do,0.05,0.0,17,2.1171847641468045,-4.678968384771636,-4.448786573939853
10224,pp,0.05,0.0,27,2.568364536762238,-5.446419779459635,-4.8958272642559475
10225,do,0.05,0.0,18,1.587914088964462,-5.430348228685784,-4.95274494489034
10226,pp,0.05,0.0,32,1.709638466835023,-6.774544558380589,-5.3777241892284815
10227,do,0.05,0.0,15,1.6527632153034206,-5.442633425105702,-5.616023087501526
10228,pp,0.05,0.0,17,2.963178987503052,-4.339551481333646,-4.143172105153401
10229,do,0.05,0.0,38,0.86509615778923,-7.563591646425651,-7.6090326362186005
10230,pp,0.05,0.0,62,2.522820650339127,-9.248487874233362,-6.488119350539313
10231,do,0.05,0.0,26,1.0846502065658568,-5.457881210789536,-5.0198801808887055
10232,pp,0.05,0.0,50,1.6701754295825966,-6.890601973100142,-5.685323535071479
10233,do,0.05,0.0,6,0.6864327323436736,-4.798792578957298,-4.443804558118185
10234,pp,0.05,0.0,46,1.6990680348873148,-8.95649480675206,-7.744009319941203
10235,do,0.05,0.0,70,1.1066907525062568,-9.965111544637969,-10.413537841373019
10236,pp,0.05,0.0,39,3.5535267734527585,-6.050227107423725,-5.718303733401829
10237,do,0.05,0.0,20,2.019375170469284,-4.943755762504809,-4.720366144180298
10238,pp,0.05,0.0,52,2.128871270418168,-6.80370303067294,-5.429921796586778
10239,do,0.05,0.0,9,1.4787257492542265,-4.680803073536266,-4.176253300242954
10240,pp,0.05,0.0,9,1.4503285610675816,-4.6221007664998375,-3.984264161851671
10241,do,0.05,0.0,25,1.659618457555771,-5.074050442377726,-5.0983168178134495
10242,pp,0.05,0.0,59,3.022864437103272,-4.874676653833101,-4.744971365398831
10243,do,0.05,0.0,21,2.5144365727901468,-4.9854664600256715,-5.776156131426493
10244,pp,0.05,0.0,70,2.8434346997737885,-8.56227240562439,-7.548693712552389
10245,do,0.05,0.0,20,1.8565337455272681,-4.980928106018991,-4.385752481884427
10246,pp,0.05,0.0,45,1.996679465770721,-4.6397463076042404,-4.465818434291416
10247,do,0.05,0.0,5,0.043183863162994385,-5.066932640653668,-4.390985091527303
10248,pp,0.05,0.0,2,0.26365933060646096,-4.987779871622721,-4.561396050453186
10249,do,0.05,0.0,22,2.247112503051758,-5.396497881051266,-5.037530326843262
10250,pp,0.05,0.0,70,1.923674948215485,-7.946182840520685,-6.834054340256585
10251,do,0.05,0.0,16,2.421856496334076,-4.867004596825802,-5.316656960381402
10252,pp,0.05,0.0,18,2.7943351376056667,-5.246387421001088,-4.691041164928013
10253,do,0.05,0.0,16,0.7518779528141026,-5.980765588355787,-5.382120029131571
10254,pp,0.05,0.0,28,2.325663713216782,-6.559172465584495,-6.245665179358588
10255,do,0.05,0.0,34,1.4660337376594539,-4.6381040226329455,-4.266285685698191
10256,pp,0.05,0.0,70,2.1152749180793764,-6.318711360295613,-5.285615245501201
10257,do,0.05,0.0,29,0.5785513699054716,-6.766199256434585,-6.098281108008491
10258,pp,0.05,0.0,2,0.32107313394546555,-4.558575014634566,-4.020573523309496
10259,do,0.05,0.0,12,1.266077381372451,-5.252712336453524,-4.580005849732293
10260,pp,0.05,0.0,16,0.45785425662994417,-5.119434241092566,-4.57719202571445
10261,do,0.05,0.0,25,2.9868390846252435,-4.679570101246689,-4.153283768230015
10262,pp,0.05,0.0,63,1.123772147893905,-5.522758395744092,-5.156197865804036
10263,do,0.05,0.0,12,1.7296620035171513,-4.599121832125115,-4.042006056838566
10264,pp,0.05,0.0,39,1.8481726717948916,-6.192681613112941,-5.37539971669515
10265,do,0.05,0.0,70,0.6361026310920703,-8.596248571800464,-8.9925491227044
10266,pp,0.05,0.0,54,2.2754483783245085,-6.970854994744966,-6.350269826253255
10267,do,0.05,0.0,37,2.968752306699754,-6.345660719727025,-6.346372771263122
10268,pp,0.05,0.0,20,2.715869324207306,-4.734473037719726,-4.428490447998047
10269,do,0.05,0.0,70,0.7602916944026941,-7.88183810783155,-5.951697868771023
10270,pp,0.05,0.0,69,2.898332965373993,-4.860370206832886,-4.316205220752292
10271,do,0.05,0.0,46,0.40340192079544224,-8.583816919904766,-8.599813991122776
10272,pp,0.05,0.0,51,2.184984059333801,-7.458827598167188,-6.2823474221759374
10273,do,0.05,0.0,32,0.4813386976718901,-7.199798562309959,-6.313399683104621
10274,pp,0.05,0.0,63,3.4593260967731485,-6.617087439334754,-5.5271287335289845
10275,do,0.05,0.0,15,-0.42423230767250075,-7.015316950191151,-6.293068986468845
10276,pp,0.05,0.0,70,3.422793720960616,-5.185264931303082,-4.8677862140867445
10277,do,0.05,0.0,41,1.2497050452232363,-6.567318829623136,-4.986141147878435
10278,pp,0.05,0.0,17,2.221941921710969,-5.893742535331032,-4.916295109854804
10279,do,0.05,0.0,66,1.3388330817222593,-6.869758512034561,-5.860554819636874
10280,pp,0.05,0.0,60,2.6362514698505404,-6.400953198924209,-5.525335028436449
10281,do,0.05,0.0,62,3.7729413056373584,-8.514036996436841,-7.595387008455065
10282,pp,0.05,0.0,4,0.49140248894691396,-4.62115342689283,-3.8335513432820636
10283,do,0.05,0.0,12,0.892052173614502,-4.9375790841651686,-4.419320917129516
10284,pp,0.05,0.0,8,1.2956944108009338,-4.447273784695249,-3.848885867330763
10285,do,0.05,0.0,8,0.7282708680629728,-5.291754722595215,-4.798805607689752
10286,pp,0.05,0.0,26,2.415709562301635,-6.832948872537324,-6.019670995076497
10287,do,0.05,0.0,50,1.250667619705201,-6.354728308590976,-5.509997306929694
10288,pp,0.05,0.0,70,1.2792845141887668,-7.040709976716475,-6.3442613469229805
10289,do,0.05,0.0,22,0.2727920222282414,-7.575525973059914,-7.133070278167724
10290,pp,0.05,0.0,50,3.5949529075622557,-6.420808751655348,-5.9513810475667315
10291,do,0.05,0.0,23,1.1422171974182138,-7.789188913865523,-6.939207858509487
10292,pp,0.05,0.0,32,3.1717520666122434,-5.741081513780536,-5.2241366253958805
10293,do,0.05,0.0,65,0.7303722965717316,-8.124959947123672,-7.241001457638211
10294,pp,0.05,0.0,15,2.4358322989940646,-4.433017761057074,-4.302758354610867
10295,do,0.05,0.0,11,-0.6379959964752198,-6.009623088258685,-5.138612262407938
10296,pp,0.05,0.0,20,2.13465644955635,-4.695410024036061,-4.470830149120754
10297,do,0.05,0.0,21,2.4506514930725096,-4.974194516557636,-4.2377953079011705
10298,pp,0.05,0.0,61,0.786120748519898,-6.073532595778957,-5.691244000858731
10299,do,0.05,0.0,49,1.8755179977416994,-5.983142909136686,-5.103556296560499
10300,pp,0.05,0.0,23,2.1915722823143007,-4.803097600647898,-4.320059516694811
10301,do,0.05,0.0,23,1.938143222332001,-5.841291203643337,-5.596255169974433
10302,pp,0.05,0.0,24,0.5460080051422116,-5.321325539097641,-4.548627246750725
10303,do,0.05,0.0,29,3.0660467624664305,-5.4930486317836875,-4.95260181956821
10304,pp,0.05,0.0,5,0.8310546326637267,-4.1571620066960655,-3.70738906065623
10305,do,0.05,0.0,17,2.5380361080169678,-4.482485859321826,-4.346742373042637
10306,pp,0.05,0.0,51,3.3388551926612857,-6.013521376523104,-5.57628948158688
10307,do,0.05,0.0,25,2.837915369272232,-4.239901503649625,-3.674973820315467
10308,pp,0.05,0.0,22,2.6534886240959166,-4.985891788656061,-4.097480593787299
10309,do,0.05,0.0,45,2.8406714618206026,-5.11851875854261,-4.9475100119908655
10310,pp,0.05,0.0,37,3.2675327634811406,-5.232278331120809,-4.452614288859897
10311,do,0.05,0.0,10,1.0915235602855677,-4.501943877249053,-4.125867674085829
10312,pp,0.05,0.0,12,0.896219938993454,-4.973236638849432,-4.170792995558845
10313,do,0.05,0.0,70,1.3714419400691984,-8.187040376663209,-7.263973151312934
10314,pp,0.05,0.0,70,2.5675871324539177,-7.171911635543361,-6.567153790262011
10315,do,0.05,0.0,14,0.961708618402481,-4.4028581633712305,-3.846342917283376
10316,pp,0.05,0.0,23,1.9822083532810204,-5.690550896615693,-4.658930383788215
10317,do,0.05,0.0,57,1.9250128388404857,-5.261882037827463,-5.200724837515089
10318,pp,0.05,0.0,11,1.6450580120086666,-5.206067089600997,-4.5831337345971
10319,do,0.05,0.0,36,3.0721432125568384,-6.432544883092245,-5.991572144296434
10320,pp,0.05,0.0,42,2.9550821971893306,-8.335757586450288,-7.464682960510254
10321,do,0.05,0.0,70,1.8989596605300898,-5.513949106678818,-4.94959503809611
10322,pp,0.05,0.0,15,0.9371911513805387,-4.940044395851366,-4.326632017559476
10323,do,0.05,0.0,30,1.42977905869484,-5.2470301324670965,-5.03211964501275
10324,pp,0.05,0.0,13,1.218558963537217,-5.566767114581483,-4.948346855905321
10325,do,0.05,0.0,25,1.5501208221912384,-5.489265858043324,-5.877932529979282
10326,pp,0.05,0.0,7,1.200234173536301,-4.584670076948224,-4.261956146028306
10327,do,0.05,0.0,70,2.606701802015305,-6.893045392180934,-6.568215415212843
10328,pp,0.05,0.0,21,1.3757269632816307,-5.529589017232259,-4.660278526941935
10329,do,0.05,0.0,10,0.3445756649971008,-4.733662392876365,-4.293170330259535
10330,pp,0.05,0.0,69,0.6452675175666815,-7.36639682451884,-6.539200263553195
10331,do,0.05,0.0,27,1.4539229965209968,-4.896202421188354,-5.040699214405484
10332,pp,0.05,0.0,54,3.3228990888595584,-5.332732570532596,-4.6264867279264665
10333,do,0.05,0.0,26,1.8195475828647618,-6.504253872958096,-7.15250891049703
10334,pp,0.05,0.0,36,3.4407302820682517,-5.056900612513224,-4.937141784032186
10335,do,0.05,0.0,20,2.384143153429031,-5.44024836655819,-5.016764765315585
10336,pp,0.05,0.0,22,2.7653811931610095,-4.573783728570649,-4.032597303390503
10337,do,0.05,0.0,37,2.0493589079380037,-4.428507709503174,-3.9945420384407044
10338,pp,0.05,0.0,25,2.035933395624161,-5.717252096985326,-4.908964983622233
10339,do,0.05,0.0,21,1.8124746966361993,-5.4521640560843725,-4.429314992162916
10340,pp,0.05,0.0,55,0.5408700489997855,-8.727202130808974,-7.185368574990166
10341,do,0.05,0.0,21,0.9486258649826054,-4.6277256431001605,-3.885408651828766
10342,pp,0.05,0.0,42,1.3256629335880277,-6.152060882972949,-5.248444326718649
10343,do,0.05,0.0,70,1.9763925719261177,-6.724060963139389,-6.865730889638265
10344,pp,0.05,0.0,70,3.733271009922027,-5.803165626525879,-4.852513726552328
10345,do,0.05,0.0,39,2.3720608711242672,-6.191642710656831,-5.964734639061822
10346,pp,0.05,0.0,70,2.910817792415618,-7.868802511330807,-6.667835590574477
10347,do,0.05,0.0,18,1.5763695693016055,-4.919792217919321,-4.686310485998789
10348,pp,0.05,0.0,34,3.2781297707557666,-5.421232239405314,-4.870179488923815
10349,do,0.05,0.0,25,2.376821155548096,-5.170092078411218,-4.637009935908847
10350,pp,0.05,0.0,31,2.6547860348224637,-5.0263379920612685,-4.412623845206367
10351,do,0.05,0.0,63,1.9205902719497683,-6.299103359742598,-7.1303190390268965
10352,pp,0.05,0.0,9,1.2785110402107245,-4.732693163553874,-4.184224470456441
10353,do,0.05,0.0,26,1.412939646244049,-5.273767909136685,-4.725933656427595
10354,pp,0.05,0.0,18,1.750337395668029,-6.392063536788478,-5.456367953618368
10355,do,0.05,0.0,8,0.12097295165061972,-6.144404675743797,-5.640494391653273
10356,pp,0.05,0.0,49,2.507333534955978,-7.1028696045731055,-6.758212616708543
10357,do,0.05,0.0,70,3.203406766653062,-7.085900863011678,-6.399528291490343
10358,pp,0.05,0.0,38,2.048896533250808,-5.975765816370646,-5.14712737136417
10359,do,0.05,0.0,45,3.0239927697181708,-4.5512957934177285,-4.450896978378296
10360,pp,0.05,0.0,33,2.7642558741569516,-4.784101137970433,-4.370805874135759
10361,do,0.05,0.0,25,1.809165420532227,-5.290931909734552,-5.316537724600898
10362,pp,0.05,0.0,9,1.26866186618805,-4.8501057436971955,-4.636741055382623
10363,do,0.05,0.0,15,1.026694847345352,-4.6818865125829525,-4.055997836589813
10364,pp,0.05,0.0,58,2.6710183238983154,-4.852857906168158,-4.421505920092264
10365,do,0.05,0.0,38,2.7606433534622195,-7.27290399869283,-7.300773305363125
10366,pp,0.05,0.0,7,1.0076092004775994,-5.469889837322813,-4.908980798721314
10367,do,0.05,0.0,19,1.7306533539295206,-5.7275136528593125,-5.294450786378649
10368,pp,0.05,0.0,25,3.493111727237702,-5.863877412044641,-5.541910648345947
10369,do,0.05,0.0,69,2.69513941168785,-6.886802186387958,-6.768284742037455
10370,pp,0.05,0.0,30,1.137076131105423,-6.848213835918542,-6.171073955959744
10371,do,0.05,0.0,54,1.7504629158973692,-7.116592079220396,-6.310902751816643
10372,pp,0.05,0.0,31,3.1790733516216276,-5.016362664193818,-4.431167520417107
10373,do,0.05,0.0,70,2.598757381439208,-8.703007478424997,-8.374940848350525
10374,pp,0.05,0.0,70,2.420282347202301,-6.750418667359786,-5.976487665706211
10375,do,0.05,0.0,13,0.07112063527107182,-5.000596553629095,-4.452475203408135
10376,pp,0.05,0.0,33,1.374513951539993,-6.985514390829838,-5.924051425192091
10377,do,0.05,0.0,65,1.301761322021484,-7.01437288053108,-6.955945912996928
10378,pp,0.05,0.0,59,1.0839701008796698,-7.209110807650017,-6.538085468610128
10379,do,0.05,0.0,70,1.450939327478408,-7.077853249058579,-6.312737184100681
10380,pp,0.05,0.0,6,0.3463848352432253,-5.5934016271071,-4.908478461371528
10381,do,0.05,0.0,32,0.36570192098617404,-7.846958723935214,-7.068591252962748
10382,pp,0.05,0.0,70,1.4090942430496218,-7.094846224062371,-6.403640490108066
10383,do,0.05,0.0,9,1.1659280824661256,-5.0871082999489525,-4.507342916064792
10384,pp,0.05,0.0,21,1.55483475804329,-6.798585144678752,-6.182008012135824
10385,do,0.05,0.0,44,1.1608742964267726,-6.404804533178156,-6.6142993847529095
10386,pp,0.05,0.0,64,2.336751047372818,-7.988322390932026,-7.476769065856933
10387,do,0.05,0.0,15,1.1681161308288575,-5.96478409911647,-5.835101755460103
10388,pp,0.05,0.0,40,2.913578369617462,-5.416188176472982,-5.102921673986647
10389,do,0.05,0.0,15,1.0600270998477939,-4.728757596738411,-4.491613472832574
10390,pp,0.05,0.0,6,1.0106145071983343,-4.863419015479811,-4.5591591993967695
10391,do,0.05,0.0,14,0.1858684003353117,-7.347116912495006,-6.00982358455658
10392,pp,0.05,0.0,35,1.0485126447677606,-6.966927612189091,-6.895152592658997
10393,do,0.05,0.0,12,1.2192629003524784,-4.5087155963435315,-4.489964045418633
10394,pp,0.05,0.0,9,1.3969682705402375,-4.240140146197695,-4.095856393708123
10395,do,0.05,0.0,39,2.604839662313461,-5.2177275094118984,-4.951196699672275
10396,pp,0.05,0.0,31,1.673763313293457,-6.452491654771747,-5.3480921347936
10397,do,0.05,0.0,17,2.7601309347152716,-5.004522167552601,-4.808959574169583
10398,pp,0.05,0.0,7,1.0846264696121208,-4.599981491493456,-4.347306142912971
10399,do,0.05,0.0,15,0.6753635728359226,-6.190909720912124,-5.793835438622368
10400,pp,0.05,0.0,2,0.07340326547622755,-5.380154161742239,-4.452666521072388
10401,do,0.05,0.0,48,3.2752020680904383,-5.1909652146426115,-5.408491574393379
10402,pp,0.05,0.0,55,2.662334800958634,-6.749362191286954,-6.448978360493978
10403,do,0.05,0.0,25,2.9219582164287567,-4.909341776009762,-4.889855959680346
10404,pp,0.05,0.0,7,1.3671960067749032,-5.674979108752626,-5.195783042907715
10405,do,0.05,0.0,25,2.6575775337219243,-5.028829707521381,-4.572111320495606
10406,pp,0.05,0.0,70,1.9105225372314463,-6.439788513472586,-5.627184343338013
10407,do,0.05,0.0,23,2.3941462862491614,-6.3691409212170225,-5.95854561858707
10408,pp,0.05,0.0,29,0.866521871089935,-9.371522920781915,-8.734966863526239
10409,do,0.05,0.0,14,0.9936384689807891,-5.650455508087621,-5.340331371625265
10410,pp,0.05,0.0,6,1.1514119827747349,-5.287560925339207,-4.74691444238027
10411,do,0.05,0.0,37,2.7281356525421145,-6.966401087154042,-6.773993362320794
10412,pp,0.05,0.0,16,2.3034135305881502,-4.458390598586111,-4.421582052442763
10413,do,0.05,0.0,22,2.2245563399791717,-5.083567851962465,-4.760969649420844
10414,pp,0.05,0.0,14,1.218351166248321,-5.316525486743811,-4.784985192616781
10415,do,0.05,0.0,15,1.1850605952739715,-5.171514116634022,-4.717519868744744
10416,pp,0.05,0.0,32,0.6312836551666265,-4.908965011076494,-4.804881376690335
10417,do,0.05,0.0,22,2.3766826438903808,-4.995019148335312,-4.4898562722735935
10418,pp,0.05,0.0,70,2.0617692577838884,-7.191294587742199,-6.954570992787679
10419,do,0.05,0.0,51,2.6785217165946955,-6.128627329161673,-5.6627496692869395
10420,pp,0.05,0.0,50,2.4065893936157234,-5.290129531513561,-4.802017580138313
10421,do,0.05,0.0,35,2.906879261732101,-5.803032200264208,-5.487569154633416
10422,pp,0.05,0.0,27,2.164083316326142,-6.617509278384122,-6.548059346940782
10423,do,0.05,0.0,44,3.3273198938369752,-6.727999905383948,-6.050435868899028
10424,pp,0.05,0.0,12,0.7133315837383272,-4.752042052240083,-4.277221184306675
10425,do,0.05,0.0,13,1.372541445493698,-4.761943220369743,-4.364688738187154
10426,pp,0.05,0.0,70,2.232181780934334,-4.6289065433271,-4.438792318767971
10427,do,0.05,0.0,52,3.5361897170543664,-5.2010812600453695,-4.6930984099706015
10428,pp,0.05,0.0,46,2.073578190803527,-7.439969110488891,-6.280876763661703
10429,do,0.05,0.0,70,3.667025680541993,-7.468389766866511,-6.421311577161153
10430,pp,0.05,0.0,56,2.2562971389293667,-5.162676736080285,-4.886857056617737
10431,do,0.05,0.0,58,1.7904057407379144,-6.604693405555956,-6.141786999172634
10432,pp,0.05,0.0,30,1.4413571524620066,-5.472513729153257,-5.88822423087226
10433,do,0.05,0.0,22,1.0763146257400518,-6.246549414143418,-5.419391587045458
10434,pp,0.05,0.0,20,1.1081160104274748,-7.72316428675796,-6.94370470046997
10435,do,0.05,0.0,29,2.8794441270828255,-5.795742703929092,-5.054910847875807
10436,pp,0.05,0.0,21,0.7910584974288941,-7.44095269983465,-6.0788701878653635
10437,do,0.05,0.0,11,0.9121757090091709,-5.693369684797345,-5.448979923460219
10438,pp,0.05,0.0,11,1.7078871726989746,-3.9894132325143525,-4.170271057552761
10439,do,0.05,0.0,70,4.178104091882706,-5.566214794101137,-5.414777066972521
10440,pp,0.05,0.0,37,3.86491114616394,-4.346953303886182,-4.022559017605252
10441,do,0.05,0.0,41,3.065642330646515,-5.467009716322928,-4.929704568121168
10442,pp,0.05,0.0,65,1.6588318693637847,-7.504024394353231,-7.091013484530979
10443,do,0.05,0.0,26,1.5737783229351043,-5.1609439170721805,-5.320933098263211
10444,pp,0.05,0.0,70,2.1934945702552797,-6.586327438643484,-6.4835236469904585
10445,do,0.05,0.0,28,0.5432329726219178,-6.255284482782537,-5.964398437076145
10446,pp,0.05,0.0,58,1.6907260656356815,-6.113871058550748,-5.794609345330132
10447,do,0.05,0.0,52,4.111302523612976,-5.938695831009836,-5.651023583941989
10448,pp,0.05,0.0,70,2.526921361684799,-6.385948464364716,-5.939436523119609
10449,do,0.05,0.0,47,1.8965636980533596,-7.576196919065533,-7.735151301489936
10450,pp,0.05,0.0,70,0.841964592933655,-7.884721195336544,-7.919242906570434
10451,do,0.05,0.0,8,0.8613117551803589,-4.501361453894413,-4.277113087972006
10452,pp,0.05,0.0,55,2.95924786567688,-5.146312489654079,-4.752819856007894
10453,do,0.05,0.0,59,3.8024116325378428,-7.7509597287033545,-7.2822193092770044
10454,pp,0.05,0.0,15,1.0427201998233802,-5.173163201592185,-4.600121111339993
10455,do,0.05,0.0,25,1.4830685520172127,-6.1096644921736285,-5.515676901075575
10456,pp,0.05,0.0,64,1.5784174799919128,-7.707089448697639,-7.253919760386149
10457,do,0.05,0.0,55,1.90341886639595,-6.074746605844209,-5.795956614282396
10458,pp,0.05,0.0,19,0.3775264811515804,-8.458715539990049,-7.498599481582642
10459,do,0.05,0.0,39,3.0763069963455196,-5.469448193636808,-4.706730829344855
10460,pp,0.05,0.0,40,2.6101914167404168,-5.762413115934892,-5.4106405019760135
10461,do,0.05,0.0,27,1.0108258569240576,-6.324302367008094,-5.438344772656759
10462,pp,0.05,0.0,15,0.6701126885414119,-4.89968838113727,-4.410330184300741
10463,do,0.05,0.0,26,3.0785006201267233,-4.76233486551227,-4.496264730559455
10464,pp,0.05,0.0,59,0.5392552924156195,-9.799257547205144,-8.828343809975518
10465,do,0.05,0.0,11,1.2248141443729397,-5.259358072280884,-4.934285161230299
10466,pp,0.05,0.0,8,0.9554398918151854,-5.042980876113429,-4.633511837323507
10467,do,0.05,0.0,65,3.262940320968628,-7.639388530904596,-7.064077403810289
10468,pp,0.05,0.0,25,1.9010769915580754,-5.596662892717304,-5.076623092757331
10469,do,0.05,0.0,70,1.735762140750885,-6.382879424817634,-5.834923479292128
10470,pp,0.05,0.0,60,3.3160557758808142,-6.297459082169966,-5.580762147903442
10471,do,0.05,0.0,6,0.5028907907009126,-5.357257520791256,-5.326238393783569
10472,pp,0.05,0.0,16,2.005453996658326,-4.963798719463926,-4.717331263754103
10473,do,0.05,0.0,30,1.6094029879570009,-4.993828461386941,-4.758407587475247
10474,pp,0.05,0.0,70,0.7782437157630921,-6.375213744423606,-6.07155929406484
10475,do,0.05,0.0,18,2.8892245507240304,-5.575611098607381,-5.785776829719543
10476,pp,0.05,0.0,24,3.6764202547073372,-5.936276385278413,-5.954390009244283
10477,do,0.05,0.0,8,-0.06659725069999656,-5.163325636314624,-4.639333285225762
10478,pp,0.05,0.0,24,1.7926970195770267,-5.352155682534883,-4.958936519092983
10479,do,0.05,0.0,23,1.036411830186844,-6.03025931445035,-5.5344490236706205
10480,pp,0.05,0.0,4,0.545894004106521,-4.834080329085841,-3.845526581340366
10481,do,0.05,0.0,70,3.621854243278503,-6.083187597448176,-5.939627514945136
10482,pp,0.05,0.0,11,1.0655371677875518,-4.584269536625255,-4.328492122226291
10483,do,0.05,0.0,31,3.4804593884944914,-5.118976896459406,-6.382528244124519
10484,pp,0.05,0.0,21,2.0376267123222354,-4.734906020308986,-4.685522121853299
10485,do,0.05,0.0,13,-0.6570952761173245,-6.952355555332068,-6.192883798811171
10486,pp,0.05,0.0,70,2.2921431684494022,-6.428640634363348,-6.376806653870476
10487,do,0.05,0.0,46,3.3468571972846988,-4.7016541119777795,-5.538610625267029
10488,pp,0.05,0.0,9,1.0734809696674343,-5.268511373346502,-4.380397974120246
10489,do,0.05,0.0,14,0.6188851404190068,-5.755629480246341,-4.767473978466458
10490,pp,0.05,0.0,24,1.7064725601673123,-6.660290667504976,-5.432192715009053
10491,do,0.05,0.0,48,3.6807148706912987,-5.825774163910837,-6.543991157743666
10492,pp,0.05,0.0,54,2.7881295800209056,-5.243395301067468,-4.882785675260756
10493,do,0.05,0.0,17,2.495058852434158,-5.141422553495928,-4.98297455045912
10494,pp,0.05,0.0,67,2.615975153446197,-7.220889666586212,-6.386666480700175
10495,do,0.05,0.0,16,2.3771837460994716,-4.686157946153121,-4.227763154771593
10496,pp,0.05,0.0,33,2.531451995372773,-6.537211311224735,-5.841071928872003
10497,do,0.05,0.0,16,1.4796988081932065,-4.519461373126868,-4.342649859852261
10498,pp,0.05,0.0,70,2.9345686376094813,-6.142381903619477,-5.26499212053087
10499,do,0.05,0.0,70,3.752568372488021,-5.356584631312977,-5.096925809648302
10500,pp,0.05,0.0,35,3.8329020702838905,-5.080000951073386,-5.081750310791863
10501,do,0.05,0.0,18,2.155186374187469,-4.768438849304662,-3.919678654935625
10502,pp,0.05,0.0,62,3.547235645055772,-4.981190141042074,-5.047557690408495
10503,do,0.05,0.0,41,2.0752720892429357,-5.287861938187571,-4.992961181534661
10504,pp,0.05,0.0,34,3.278603283166886,-5.032416544538556,-4.58246144188775
10505,do,0.05,0.0,26,2.3041493225097662,-4.3773238918998025,-4.3629169649548
10506,pp,0.05,0.0,30,2.3170982134342193,-5.48224880623095,-5.158206441667345
10507,do,0.05,0.0,7,1.1754214429855354,-4.138417924534191,-4.039079017109341
10508,pp,0.05,0.0,70,1.9097330796718586,-7.035821978251139,-7.23513371679518
10509,do,0.05,0.0,43,1.310183553695678,-7.185356358325842,-6.754152811898125
10510,pp,0.05,0.0,21,1.6298262774944305,-5.777318658250751,-5.25378794670105
10511,do,0.05,0.0,20,1.6960549938678744,-4.198395256562667,-3.959416296746996
10512,pp,0.05,0.0,22,1.8896556413173675,-4.665680687355272,-3.9534982495837743
10513,do,0.05,0.0,35,2.7854368031024928,-5.6819036642710365,-5.053364804055955
10514,pp,0.05,0.0,43,2.6976439964771277,-5.887743198510372,-4.9891303830676605
10515,do,0.05,0.0,7,0.2671473443508141,-5.9724451397404525,-5.519759861628215
10516,pp,0.05,0.0,23,1.9615649712085714,-6.078425839453033,-5.460630824830797
10517,do,0.05,0.0,24,2.2158456099033357,-4.755623928705851,-4.387816254297892
10518,pp,0.05,0.0,42,3.6584305596351623,-5.234270478739883,-4.954448978106181
10519,do,0.05,0.0,30,2.0105717337131495,-5.8309684132084705,-5.380512531598409
10520,pp,0.05,0.0,46,3.8493801581859577,-5.0684529044411395,-4.845441179805332
10521,do,0.05,0.0,28,1.169857330322266,-5.881009127876975,-5.902181000179715
10522,pp,0.05,0.0,60,1.7708909320831303,-6.13327516931476,-5.446080697907342
10523,do,0.05,0.0,18,1.0013315832614893,-5.05221568887884,-4.907140379481845
10524,pp,0.05,0.0,68,1.7916616940498358,-7.837692541064638,-6.930095105701023
10525,do,0.05,0.0,38,2.3251367688179014,-5.175661170843876,-4.921955516603258
10526,pp,0.05,0.0,28,1.2972326266765597,-7.239178166244969,-6.239696256319681
10527,do,0.05,0.0,27,0.9147841727733619,-5.365331415696578,-4.815815175904168
10528,pp,0.05,0.0,28,2.0232862997055046,-6.43947992180333,-5.920650535159641
10529,do,0.05,0.0,43,2.4660608148574825,-6.41817736047687,-6.295385784573025
10530,pp,0.05,0.0,36,1.56807849407196,-6.191033744812012,-5.341514730453492
10531,do,0.05,0.0,70,2.351387753486634,-7.360856238278475,-8.01670281622145
10532,pp,0.05,0.0,12,1.262655670642853,-5.318099552212339,-4.920230102539063
10533,do,0.05,0.0,18,2.2452991807460787,-4.318934066367872,-4.032339392768012
10534,pp,0.05,0.0,16,2.0433724713325496,-4.6054930932594065,-4.823139656914605
10535,do,0.05,0.0,17,1.8729907751083381,-6.0311845201434515,-5.884066163169013
10536,pp,0.05,0.0,54,2.434937455654145,-7.5432478991421785,-6.646680357721117
10537,do,0.05,0.0,24,1.2298657178878774,-6.234909775762847,-5.482196315129598
10538,pp,0.05,0.0,68,1.8351537179946895,-8.718318888635347,-7.563748190138075
10539,do,0.05,0.0,5,-0.5434828853607172,-5.72659133419846,-5.052833432621426
10540,pp,0.05,0.0,33,0.66487864613533,-5.631828468496149,-5.201588283644782
10541,do,0.05,0.0,20,1.0202236962318425,-5.632016689127142,-5.723794553014967
10542,pp,0.05,0.0,23,1.0818972074985505,-6.912555837631226,-6.111780513657464
10543,do,0.05,0.0,70,1.688442630767824,-8.586107389854662,-8.367606586880154
10544,pp,0.05,0.0,26,2.818163765668869,-6.914983669916789,-7.110982762442695
10545,do,0.05,0.0,44,4.007065740823745,-6.346970279289015,-6.223328018188477
10546,pp,0.05,0.0,13,1.5726588881015777,-5.249389290087151,-4.344259821044075
10547,do,0.05,0.0,32,2.64650912284851,-7.036142200412172,-6.686227427588569
10548,pp,0.05,0.0,26,2.016880185604095,-5.9022129969163375,-5.640801466835869
10549,do,0.05,0.0,18,0.8918758034706116,-6.176361527587428,-5.8876933018366495
10550,pp,0.05,0.0,70,2.060116311311722,-6.46926759373058,-6.330097463395861
10551,do,0.05,0.0,70,1.7058012008666985,-9.796068451621316,-10.066746542188856
10552,pp,0.05,0.0,53,2.4766617488861087,-7.773577139594338,-6.408873693148295
10553,do,0.05,0.0,12,1.757520968914032,-4.711282907832753,-4.309936496946547
10554,pp,0.05,0.0,56,1.7204562020301815,-7.179105627175534,-5.811507903205024
10555,do,0.05,0.0,48,2.323588196039199,-6.289430924617883,-5.821515454186334
10556,pp,0.05,0.0,64,2.437802249193192,-7.85961473493865,-6.38216147157881
10557,do,0.05,0.0,16,2.0303978526592257,-4.654564269383749,-4.6637825542026095
10558,pp,0.05,0.0,20,2.878486547470093,-4.776277922139023,-4.801196996370951
10559,do,0.05,0.0,48,1.9474670910835261,-5.406020911534627,-5.311091894573636
10560,pp,0.05,0.0,70,1.4582040417194362,-6.833364592176495,-6.535331890318129
