{
    "best_epoch": 70,
    "best_val_performance": 6.235796284675597,
    "val_performance_metric": "diff",
    "train_loss": 2.266277551651001,
    "initial_do_mean": -7.695894980153372,
    "final_do_mean": -6.472150355577469,
    "best_do_mean": -6.472150355577469,
    "initial_pp_mean": -7.298974225100349,
    "final_pp_mean": -5.458033153590034,
    "best_pp_mean": -5.458033153590034
}