{
    "best_epoch": 29,
    "best_val_performance": 0.10464749972025533,
    "val_performance_metric": "diff",
    "train_loss": 2.817282199859619,
    "initial_do_mean": -7.957811787377956,
    "final_do_mean": -5.700647470562957,
    "best_do_mean": -5.4725130872670995,
    "initial_pp_mean": -7.531581794514375,
    "final_pp_mean": -5.022612165352878,
    "best_pp_mean": -4.775634756508995
}