{
    "best_epoch": 70,
    "best_val_performance": -0.10954109191894545,
    "val_performance_metric": "diff",
    "train_loss": 1.9963140487670898,
    "initial_pref_do": 0.17714285714285713,
    "final_pref_do": 0.27,
    "best_pref_do": 0.27
}