{
    "best_epoch": 70,
    "best_val_performance": 0.3347350660959876,
    "val_performance_metric": "diff",
    "train_loss": 1.850212574005127,
    "initial_do_mean": -7.693724197703738,
    "final_do_mean": -5.468874284001284,
    "best_do_mean": -5.468874284001284,
    "initial_pp_mean": -7.258180659658769,
    "final_pp_mean": -5.173480984393288,
    "best_pp_mean": -5.173480984393288
}