{
    "best_epoch": 53,
    "best_val_performance": 2.1299685382843014,
    "val_performance_metric": "diff",
    "train_loss": 2.4817261695861816,
    "initial_do_mean": -7.686171606529591,
    "final_do_mean": -5.48968774184238,
    "best_do_mean": -5.385717678555222,
    "initial_pp_mean": -7.250632948735181,
    "final_pp_mean": -5.081223120759515,
    "best_pp_mean": -5.007015910218744
}