{
    "best_epoch": 11,
    "best_val_performance": 0.7190482974052426,
    "val_performance_metric": "diff",
    "train_loss": 2.722299575805664,
    "initial_pref_do": 0.07714285714285714,
    "final_pref_do": 0.1,
    "best_pref_do": 0.045714285714285714
}