{
    "best_epoch": 61,
    "best_val_performance": 0.027944504419962435,
    "val_performance_metric": "diff",
    "train_loss": 1.6784414052963257,
    "initial_dative_mean": -7.3150827044632,
    "final_dative_mean": -5.330272920298994,
    "best_dative_mean": -5.272600413065905
}