{
    "best_epoch": 70,
    "best_val_performance": 0.03975962638855002,
    "val_performance_metric": "diff",
    "train_loss": 1.804978609085083,
    "initial_dative_mean": -7.466666370804547,
    "final_dative_mean": -5.589433960747301,
    "best_dative_mean": -5.589433960747301
}