{
    "best_epoch": 27,
    "best_val_performance": -0.00480043888092041,
    "val_performance_metric": "diff",
    "train_loss": 3.6099112033843994,
    "initial_pref_do": 0.07714285714285714,
    "final_pref_do": 0.3942857142857143,
    "best_pref_do": 0.2814285714285714
}