{
    "best_epoch": 50,
    "best_val_performance": 4.471475871404012,
    "val_performance_metric": "diff",
    "train_loss": 2.6632704734802246,
    "initial_do_mean": -6.747202276461052,
    "final_do_mean": -8.75849292350538,
    "best_do_mean": -10.44164897889802,
    "initial_pp_mean": -6.12791121006012,
    "final_pp_mean": -8.243049955368042,
    "best_pp_mean": -9.305677501360575
}