{
    "best_epoch": 70,
    "best_val_performance": 0.5846795368194586,
    "val_performance_metric": "diff",
    "train_loss": 1.662825584411621,
    "initial_dative_mean": -7.258690349888384,
    "final_dative_mean": -6.203518326345243,
    "best_dative_mean": -6.203518326345243
}