{
    "best_epoch": 28,
    "best_val_performance": 2.9895015048980724,
    "val_performance_metric": "diff",
    "train_loss": 2.96057391166687,
    "initial_do_mean": -7.959484241729559,
    "final_do_mean": -11.299274571413218,
    "best_do_mean": -8.774884644635888,
    "initial_pp_mean": -7.5327573495752675,
    "final_pp_mean": -9.520690204115475,
    "best_pp_mean": -7.993145184657153
}