{
    "best_epoch": 70,
    "best_val_performance": -0.1558512004216519,
    "val_performance_metric": "diff",
    "train_loss": 3.7812764644622803,
    "initial_do_mean": -6.638599829240278,
    "final_do_mean": -4.8651197722463895,
    "best_do_mean": -4.8651197722463895,
    "initial_pp_mean": -5.786318299505446,
    "final_pp_mean": -4.150123029285007,
    "best_pp_mean": -4.150123029285007
}