{
    "best_epoch": 42,
    "best_val_performance": 1.208124618530273,
    "val_performance_metric": "diff",
    "train_loss": 1.5352461338043213,
    "initial_do_mean": -6.6579191670273286,
    "final_do_mean": -7.11164416399869,
    "best_do_mean": -6.429080772399902,
    "initial_pp_mean": -5.918231312433878,
    "final_pp_mean": -5.872130693329705,
    "best_pp_mean": -5.356433261765374
}