{
    "best_epoch": 34,
    "best_val_performance": 0.054553300539653016,
    "val_performance_metric": "diff",
    "train_loss": 2.758171558380127,
    "initial_do_mean": -6.768976895014445,
    "final_do_mean": -4.954657635544286,
    "best_do_mean": -4.33636248328469,
    "initial_pp_mean": -6.1015255318747625,
    "final_pp_mean": -4.029866976208157,
    "best_pp_mean": -3.729925359619988
}