{
    "best_epoch": 26,
    "best_val_performance": 0.4561701790491739,
    "val_performance_metric": "diff",
    "train_loss": 2.108078718185425,
    "initial_do_mean": -7.959476763425871,
    "final_do_mean": -5.4792782733606735,
    "best_do_mean": -5.120459641481554,
    "initial_pp_mean": -7.533651717270122,
    "final_pp_mean": -5.243719228926827,
    "best_pp_mean": -4.844243238252752
}