{
    "best_epoch": 70,
    "best_val_performance": -0.013113884925842534,
    "val_performance_metric": "diff",
    "train_loss": 2.375049591064453,
    "initial_do_mean": -6.747173082467281,
    "final_do_mean": -5.121680638284394,
    "best_do_mean": -5.121680638284394,
    "initial_pp_mean": -6.127515565024482,
    "final_pp_mean": -4.2269396384557085,
    "best_pp_mean": -4.2269396384557085
}