{
    "best_epoch": 70,
    "best_val_performance": -0.5643292236328126,
    "val_performance_metric": "diff",
    "train_loss": 5.82856559753418,
    "initial_dative_mean": -7.30856260151891,
    "final_dative_mean": -6.9667607758477414,
    "best_dative_mean": -6.9667607758477414
}