{
    "best_epoch": 70,
    "best_val_performance": -0.5270183817545568,
    "val_performance_metric": "diff",
    "train_loss": 7.22447395324707,
    "initial_pref_do": 0.14714285714285713,
    "final_pref_do": 0.16285714285714287,
    "best_pref_do": 0.16285714285714287
}