{
    "best_epoch": 21,
    "best_val_performance": 0.17105524381001835,
    "val_performance_metric": "diff",
    "train_loss": 3.0606393814086914,
    "initial_do_mean": -7.6910636341849035,
    "final_do_mean": -5.5354965256397115,
    "best_do_mean": -5.423726901758549,
    "initial_pp_mean": -7.255938417070052,
    "final_pp_mean": -4.869098329894683,
    "best_pp_mean": -4.618904180386487
}