{
    "best_epoch": 33,
    "best_val_performance": 3.3164233589172376,
    "val_performance_metric": "diff",
    "train_loss": 2.8363137245178223,
    "initial_do_mean": -6.534042700854215,
    "final_do_mean": -7.705210994951653,
    "best_do_mean": -6.25753900643551,
    "initial_pp_mean": -5.900247224171957,
    "final_pp_mean": -7.051941704750061,
    "best_pp_mean": -5.642096800274319
}