{
    "best_epoch": 50,
    "best_val_performance": -0.1671552451451621,
    "val_performance_metric": "diff",
    "train_loss": 4.2465033531188965,
    "initial_do_mean": -6.5590738166462295,
    "final_do_mean": -4.983721893483942,
    "best_do_mean": -5.168764534863558,
    "initial_pp_mean": -5.762792166074117,
    "final_pp_mean": -4.2497531016667685,
    "best_pp_mean": -4.423649830288357
}