{
    "best_epoch": 70,
    "best_val_performance": -0.22736353079477922,
    "val_performance_metric": "diff",
    "train_loss": 3.820601224899292,
    "initial_do_mean": -7.690328239008438,
    "final_do_mean": -6.341404605050419,
    "best_do_mean": -6.341404605050419,
    "initial_pp_mean": -7.176464590605567,
    "final_pp_mean": -5.753535896539688,
    "best_pp_mean": -5.753535896539688
}