{
    "best_epoch": 19,
    "best_val_performance": 1.4639958747227988,
    "val_performance_metric": "diff",
    "train_loss": 3.028945207595825,
    "initial_do_mean": -7.841806084610695,
    "final_do_mean": -6.398512794527897,
    "best_do_mean": -5.091770085484483,
    "initial_pp_mean": -7.377100690673379,
    "final_pp_mean": -5.130816582721822,
    "best_pp_mean": -4.398654267016579
}