{
    "best_epoch": 70,
    "best_val_performance": -0.12442927042643248,
    "val_performance_metric": "diff",
    "train_loss": 4.34779691696167,
    "initial_do_mean": -6.6338605476148205,
    "final_do_mean": -5.014823425177372,
    "best_do_mean": -5.014823425177372,
    "initial_pp_mean": -5.787743322054545,
    "final_pp_mean": -4.437814842330085,
    "best_pp_mean": -4.437814842330085
}