{
    "best_epoch": 67,
    "best_val_performance": 2.4240501912434897,
    "val_performance_metric": "diff",
    "train_loss": 1.5001870393753052,
    "initial_pref_do": 0.09857142857142857,
    "final_pref_do": 0.027142857142857142,
    "best_pref_do": 0.02857142857142857
}