{
    "best_epoch": 70,
    "best_val_performance": -0.2559678792953495,
    "val_performance_metric": "diff",
    "train_loss": 4.943297863006592,
    "initial_dative_mean": -7.464177171040697,
    "final_dative_mean": -6.175831280779421,
    "best_dative_mean": -6.175831280779421
}