{
    "best_epoch": 24,
    "best_val_performance": 3.3888594309488926,
    "val_performance_metric": "diff",
    "train_loss": 1.84542715549469,
    "initial_pref_do": 0.07714285714285714,
    "final_pref_do": 0.007142857142857143,
    "best_pref_do": 0.004285714285714286
}