{
    "best_epoch": 21,
    "best_val_performance": 0.28457052071889244,
    "val_performance_metric": "diff",
    "train_loss": 2.4694671630859375,
    "initial_pref_do": 0.15714285714285714,
    "final_pref_do": 0.012857142857142857,
    "best_pref_do": 0.012857142857142857
}