{
    "best_epoch": 70,
    "best_val_performance": -0.22408134460449247,
    "val_performance_metric": "diff",
    "train_loss": 4.204198360443115,
    "initial_do_mean": -6.772126092332782,
    "final_do_mean": -5.373326729283188,
    "best_do_mean": -5.373326729283188,
    "initial_pp_mean": -6.1055162721210054,
    "final_pp_mean": -4.863709563679166,
    "best_pp_mean": -4.863709563679166
}