{
    "best_epoch": 33,
    "best_val_performance": -0.40967684427897133,
    "val_performance_metric": "diff",
    "train_loss": 3.5447769165039062,
    "initial_do_mean": -7.84404781460762,
    "final_do_mean": -6.558526938737825,
    "best_do_mean": -6.227415109789649,
    "initial_pp_mean": -7.378944362612332,
    "final_pp_mean": -6.31792478351032,
    "best_pp_mean": -6.002742540485719
}