{
    "best_epoch": 23,
    "best_val_performance": 2.126656320889791,
    "val_performance_metric": "diff",
    "train_loss": 2.672839879989624,
    "initial_do_mean": -6.671191469828288,
    "final_do_mean": -10.957513832323478,
    "best_do_mean": -5.194749613964197,
    "initial_pp_mean": -5.8250997649298775,
    "final_pp_mean": -8.301696825027467,
    "best_pp_mean": -4.425928971502516
}