{
    "best_epoch": 52,
    "best_val_performance": 2.9778117291132613,
    "val_performance_metric": "diff",
    "train_loss": 1.7322498559951782,
    "initial_pref_do": 0.15571428571428572,
    "final_pref_do": 0.08428571428571428,
    "best_pref_do": 0.09142857142857143
}