{
    "best_epoch": 70,
    "best_val_performance": 0.301717116038005,
    "val_performance_metric": "diff",
    "train_loss": 1.6018539667129517,
    "initial_do_mean": -6.767542235056559,
    "final_do_mean": -4.987689682931611,
    "best_do_mean": -4.987689682931611,
    "initial_pp_mean": -6.10001528263092,
    "final_pp_mean": -4.527492006619771,
    "best_pp_mean": -4.527492006619771
}