{
    "best_epoch": 70,
    "best_val_performance": 0.08160460631052668,
    "val_performance_metric": "diff",
    "train_loss": 2.482405662536621,
    "initial_do_mean": -7.687181530303733,
    "final_do_mean": -5.601715590025103,
    "best_do_mean": -5.601715590025103,
    "initial_pp_mean": -7.250838418567882,
    "final_pp_mean": -4.734908538004931,
    "best_pp_mean": -4.734908538004931
}