{
    "best_epoch": 70,
    "best_val_performance": -0.08928956667582177,
    "val_performance_metric": "diff",
    "train_loss": 4.126360893249512,
    "initial_dative_mean": -7.192038995829242,
    "final_dative_mean": -5.647752431575318,
    "best_dative_mean": -5.647752431575318
}