{
    "best_epoch": 32,
    "best_val_performance": -0.10103950500488246,
    "val_performance_metric": "diff",
    "train_loss": 2.726778984069824,
    "initial_pref_do": 0.12714285714285714,
    "final_pref_do": 0.19,
    "best_pref_do": 0.14142857142857143
}