{
    "best_epoch": 61,
    "best_val_performance": 3.6426469834645587,
    "val_performance_metric": "diff",
    "train_loss": 2.1671411991119385,
    "initial_do_mean": -7.692926134480986,
    "final_do_mean": -8.419329168838123,
    "best_do_mean": -8.163484602126964,
    "initial_pp_mean": -7.294059226793402,
    "final_pp_mean": -6.80884435913142,
    "best_pp_mean": -6.614350895671284
}