{
    "best_epoch": 70,
    "best_val_performance": 4.811954847971599,
    "val_performance_metric": "diff",
    "train_loss": 1.3985499143600464,
    "initial_dative_mean": -7.26310298979631,
    "final_dative_mean": -10.972810437804775,
    "best_dative_mean": -10.972810437804775
}