{
    "best_epoch": 70,
    "best_val_performance": -0.6765920082728067,
    "val_performance_metric": "diff",
    "train_loss": 6.921254634857178,
    "initial_pref_do": 0.15571428571428572,
    "final_pref_do": 0.17285714285714285,
    "best_pref_do": 0.17285714285714285
}