{
    "best_epoch": 28,
    "best_val_performance": 0.0650865825017295,
    "val_performance_metric": "diff",
    "train_loss": 2.3785295486450195,
    "initial_do_mean": -6.634045927452319,
    "final_do_mean": -4.793628786549424,
    "best_do_mean": -4.475227611715144,
    "initial_pp_mean": -5.782927889294094,
    "final_pp_mean": -3.974501993921068,
    "best_pp_mean": -3.7817067517174614
}