{
    "best_epoch": 52,
    "best_val_performance": 0.4873080031077066,
    "val_performance_metric": "diff",
    "train_loss": 1.6444849967956543,
    "initial_dative_mean": -7.345559055693665,
    "final_dative_mean": -5.498186572427638,
    "best_dative_mean": -5.4670337426383595
}