{
    "best_epoch": 37,
    "best_val_performance": 0.24752234617869018,
    "val_performance_metric": "diff",
    "train_loss": 1.5634171962738037,
    "initial_pref_do": 0.14714285714285713,
    "final_pref_do": 0.27285714285714285,
    "best_pref_do": 0.2742857142857143
}