{
    "best_epoch": 70,
    "best_val_performance": -0.17363322893778488,
    "val_performance_metric": "diff",
    "train_loss": 3.065751552581787,
    "initial_dative_mean": -7.2832664899658734,
    "final_dative_mean": -5.613506201937882,
    "best_dative_mean": -5.613506201937882
}