{
    "best_epoch": 60,
    "best_val_performance": 1.4207565657297767,
    "val_performance_metric": "diff",
    "train_loss": 1.7589541673660278,
    "initial_do_mean": -6.416919829628684,
    "final_do_mean": -6.038507000605265,
    "best_do_mean": -6.088945799162894,
    "initial_pp_mean": -5.740350344445971,
    "final_pp_mean": -5.427972420056661,
    "best_pp_mean": -5.46689395904541
}