{
    "best_epoch": 70,
    "best_val_performance": -0.07675253550211636,
    "val_performance_metric": "diff",
    "train_loss": 3.6110260486602783,
    "initial_do_mean": -6.638138038461858,
    "final_do_mean": -4.9096380696152195,
    "best_do_mean": -4.9096380696152195,
    "initial_pp_mean": -5.7899852805667456,
    "final_pp_mean": -4.217594377199808,
    "best_pp_mean": -4.217594377199808
}