{
    "best_epoch": 70,
    "best_val_performance": -0.18807542165120505,
    "val_performance_metric": "diff",
    "train_loss": 4.299531936645508,
    "initial_pref_do": 0.12714285714285714,
    "final_pref_do": 0.13142857142857142,
    "best_pref_do": 0.13142857142857142
}