{
    "best_epoch": 70,
    "best_val_performance": -0.48471280415852824,
    "val_performance_metric": "diff",
    "train_loss": 5.409461498260498,
    "initial_pref_do": 0.09714285714285714,
    "final_pref_do": 0.11,
    "best_pref_do": 0.11
}