{
    "best_epoch": 20,
    "best_val_performance": 0.16626029809316023,
    "val_performance_metric": "diff",
    "train_loss": 3.236734628677368,
    "initial_pref_do": 0.17714285714285713,
    "final_pref_do": 0.14857142857142858,
    "best_pref_do": 0.14714285714285713
}