{
    "best_epoch": 36,
    "best_val_performance": 0.5715231466293336,
    "val_performance_metric": "diff",
    "train_loss": 2.2662675380706787,
    "initial_do_mean": -7.83796355959981,
    "final_do_mean": -7.279718261818553,
    "best_do_mean": -6.587613467213719,
    "initial_pp_mean": -7.373813894215752,
    "final_pp_mean": -6.4574446190806,
    "best_pp_mean": -5.7423352522008555
}