{
    "best_epoch": 12,
    "best_val_performance": 1.173862977027893,
    "val_performance_metric": "diff",
    "train_loss": 2.9036614894866943,
    "initial_pref_do": 0.12714285714285714,
    "final_pref_do": 0.12285714285714286,
    "best_pref_do": 0.16714285714285715
}