{
    "best_epoch": 57,
    "best_val_performance": 0.4148442411422728,
    "val_performance_metric": "diff",
    "train_loss": 1.830304503440857,
    "initial_pref_do": 0.08571428571428572,
    "final_pref_do": 0.15428571428571428,
    "best_pref_do": 0.19
}