{
    "best_epoch": 70,
    "best_val_performance": -0.08901318391164104,
    "val_performance_metric": "diff",
    "train_loss": 3.3813295364379883,
    "initial_do_mean": -6.765187910831336,
    "final_do_mean": -5.326440390673551,
    "best_do_mean": -5.326440390673551,
    "initial_pp_mean": -6.099283838272095,
    "final_pp_mean": -4.675123680962456,
    "best_pp_mean": -4.675123680962456
}