{
    "best_epoch": 17,
    "best_val_performance": 0.09492456595102983,
    "val_performance_metric": "diff",
    "train_loss": 2.358820676803589,
    "initial_do_mean": -7.602299789356631,
    "final_do_mean": -6.435572485244552,
    "best_do_mean": -5.719376434073892,
    "initial_pp_mean": -7.156932301381055,
    "final_pp_mean": -5.454467880375245,
    "best_pp_mean": -4.889558896247078
}