{
    "best_epoch": 29,
    "best_val_performance": 0.3960425090789803,
    "val_performance_metric": "diff",
    "train_loss": 2.725905656814575,
    "initial_do_mean": -7.59988614778186,
    "final_do_mean": -5.5605122828206355,
    "best_do_mean": -5.0912313052388125,
    "initial_pp_mean": -7.156485701308531,
    "final_pp_mean": -4.7747263242216675,
    "best_pp_mean": -4.3246290438315445
}