{
    "best_epoch": 70,
    "best_val_performance": -0.38571057478586823,
    "val_performance_metric": "diff",
    "train_loss": 3.286182403564453,
    "initial_do_mean": -7.9609475017980085,
    "final_do_mean": -6.758580976447393,
    "best_do_mean": -6.758580976447393,
    "initial_pp_mean": -7.57464960603153,
    "final_pp_mean": -6.31177578533397,
    "best_pp_mean": -6.31177578533397
}