{
    "best_epoch": 70,
    "best_val_performance": -0.31368484973907496,
    "val_performance_metric": "diff",
    "train_loss": 4.44901704788208,
    "initial_do_mean": -7.697246892507686,
    "final_do_mean": -6.066465699395468,
    "best_do_mean": -6.066465699395468,
    "initial_pp_mean": -7.163947458828197,
    "final_pp_mean": -5.640062062179341,
    "best_pp_mean": -5.640062062179341
}