{
    "best_epoch": 70,
    "best_val_performance": -0.3620765050252279,
    "val_performance_metric": "diff",
    "train_loss": 3.4584121704101562,
    "initial_dative_mean": -7.282150718900892,
    "final_dative_mean": -6.048248309663862,
    "best_dative_mean": -6.048248309663862
}