{
    "best_epoch": 27,
    "best_val_performance": 0.029521584510803223,
    "val_performance_metric": "diff",
    "train_loss": 3.664184093475342,
    "initial_pref_do": 0.18142857142857144,
    "final_pref_do": 0.24571428571428572,
    "best_pref_do": 0.41
}