{
    "best_epoch": 29,
    "best_val_performance": 2.9004276116689045,
    "val_performance_metric": "diff",
    "train_loss": 2.515662908554077,
    "initial_pref_do": 0.09714285714285714,
    "final_pref_do": 0.09285714285714286,
    "best_pref_do": 0.05714285714285714
}