{
    "best_epoch": 70,
    "best_val_performance": -0.08057365735371924,
    "val_performance_metric": "diff",
    "train_loss": 3.5259408950805664,
    "initial_dative_mean": -7.31891341585862,
    "final_dative_mean": -5.723876409363329,
    "best_dative_mean": -5.723876409363329
}