{
    "best_epoch": 13,
    "best_val_performance": 1.236120724678039,
    "val_performance_metric": "diff",
    "train_loss": 3.954281806945801,
    "initial_pref_do": 0.12714285714285714,
    "final_pref_do": 0.24,
    "best_pref_do": 0.055714285714285716
}