{
    "best_epoch": 31,
    "best_val_performance": -0.01996146043141689,
    "val_performance_metric": "diff",
    "train_loss": 2.486514091491699,
    "initial_pref_do": 0.14714285714285713,
    "final_pref_do": 0.27285714285714285,
    "best_pref_do": 0.26142857142857145
}