{
    "best_epoch": 47,
    "best_val_performance": 3.5691466077168776,
    "val_performance_metric": "diff",
    "train_loss": 3.2185752391815186,
    "initial_pref_do": 0.1357142857142857,
    "final_pref_do": 0.23285714285714285,
    "best_pref_do": 0.15571428571428572
}