{
    "best_epoch": 70,
    "best_val_performance": 3.5036393785476694,
    "val_performance_metric": "diff",
    "train_loss": 1.9203320741653442,
    "initial_do_mean": -7.674265507348748,
    "final_do_mean": -6.149059733679128,
    "best_do_mean": -6.149059733679128,
    "initial_pp_mean": -7.075003199016346,
    "final_pp_mean": -4.467173290252686,
    "best_pp_mean": -4.467173290252686
}