{
    "best_epoch": 23,
    "best_val_performance": -0.06989047527313286,
    "val_performance_metric": "diff",
    "train_loss": 2.5056333541870117,
    "initial_do_mean": -6.415979344917067,
    "final_do_mean": -5.09699936057582,
    "best_do_mean": -5.085731699972442,
    "initial_pp_mean": -5.739719536569384,
    "final_pp_mean": -4.25751305686103,
    "best_pp_mean": -4.4277560949325565
}