{
    "best_epoch": 27,
    "best_val_performance": 1.0780467383066812,
    "val_performance_metric": "diff",
    "train_loss": 1.9960381984710693,
    "initial_do_mean": -6.658131869633992,
    "final_do_mean": -7.334514333262588,
    "best_do_mean": -6.469873094558716,
    "initial_pp_mean": -5.916217480765448,
    "final_pp_mean": -6.106005114979214,
    "best_pp_mean": -5.018963703844283
}