{
    "best_epoch": 5,
    "best_val_performance": 0.13382294813791962,
    "val_performance_metric": "diff",
    "train_loss": 4.444088459014893,
    "initial_do_mean": -6.5476298332214355,
    "final_do_mean": -8.99822209965099,
    "best_do_mean": -5.14445380153078,
    "initial_pp_mean": -5.900562005572849,
    "final_pp_mean": -8.210783555772569,
    "best_pp_mean": -4.835692161983914
}