{
    "best_epoch": 10,
    "best_val_performance": -0.21429920355478949,
    "val_performance_metric": "diff",
    "train_loss": 5.121152400970459,
    "initial_pref_do": 0.15571428571428572,
    "final_pref_do": 0.21428571428571427,
    "best_pref_do": 0.23857142857142857
}