{
    "best_epoch": 43,
    "best_val_performance": 0.12574474970499594,
    "val_performance_metric": "diff",
    "train_loss": 1.645087480545044,
    "initial_pref_do": 0.13714285714285715,
    "final_pref_do": 0.09142857142857143,
    "best_pref_do": 0.06428571428571428
}