{
    "best_epoch": 23,
    "best_val_performance": 0.446380426088969,
    "val_performance_metric": "diff",
    "train_loss": 2.915433645248413,
    "initial_do_mean": -7.954452259596004,
    "final_do_mean": -7.620564853729204,
    "best_do_mean": -7.15438597874586,
    "initial_pp_mean": -7.529586314453798,
    "final_pp_mean": -7.164382475263932,
    "best_pp_mean": -6.616888028733871
}