{
    "best_epoch": 61,
    "best_val_performance": 1.456492369969686,
    "val_performance_metric": "diff",
    "train_loss": 2.235861301422119,
    "initial_do_mean": -7.596816944521527,
    "final_do_mean": -6.009711213236631,
    "best_do_mean": -5.782979061090669,
    "initial_pp_mean": -7.151556564779843,
    "final_pp_mean": -5.433207223345252,
    "best_pp_mean": -5.203432193924399
}