{
    "best_epoch": 70,
    "best_val_performance": -0.10430102507273364,
    "val_performance_metric": "diff",
    "train_loss": 1.521750569343567,
    "initial_do_mean": -6.659218150919134,
    "final_do_mean": -5.338110383351644,
    "best_do_mean": -5.338110383351644,
    "initial_pp_mean": -5.91829166147444,
    "final_pp_mean": -4.639721197552151,
    "best_pp_mean": -4.639721197552151
}