{
    "best_epoch": 70,
    "best_val_performance": -0.047288667360941616,
    "val_performance_metric": "diff",
    "train_loss": 3.9070656299591064,
    "initial_do_mean": -6.5345906792265,
    "final_do_mean": -5.19090348446008,
    "best_do_mean": -5.19090348446008,
    "initial_pp_mean": -5.903296375274659,
    "final_pp_mean": -4.408704331186082,
    "best_pp_mean": -4.408704331186082
}