{
    "best_epoch": 67,
    "best_val_performance": -0.20630203564961747,
    "val_performance_metric": "diff",
    "train_loss": 3.132812023162842,
    "initial_pref_do": 0.1357142857142857,
    "final_pref_do": 0.1757142857142857,
    "best_pref_do": 0.17857142857142858
}