{
    "best_epoch": 44,
    "best_val_performance": 1.5577993837992343,
    "val_performance_metric": "diff",
    "train_loss": 1.5351202487945557,
    "initial_pref_do": 0.17714285714285713,
    "final_pref_do": 0.15857142857142856,
    "best_pref_do": 0.10714285714285714
}