{
    "best_epoch": 38,
    "best_val_performance": -0.114085381825765,
    "val_performance_metric": "diff",
    "train_loss": 5.880252838134766,
    "initial_do_mean": -6.418620097998417,
    "final_do_mean": -5.244605451641661,
    "best_do_mean": -5.627082638307051,
    "initial_pp_mean": -5.7431163575914175,
    "final_pp_mean": -4.583022756046719,
    "best_pp_mean": -4.930067687564426
}