{
    "best_epoch": 70,
    "best_val_performance": -0.21124687512715656,
    "val_performance_metric": "diff",
    "train_loss": 3.8769896030426025,
    "initial_pref_do": 0.18,
    "final_pref_do": 0.21714285714285714,
    "best_pref_do": 0.21714285714285714
}