{
    "best_epoch": 70,
    "best_val_performance": -0.08578724225362144,
    "val_performance_metric": "diff",
    "train_loss": 3.97137188911438,
    "initial_pref_do": 0.08428571428571428,
    "final_pref_do": 0.041428571428571426,
    "best_pref_do": 0.041428571428571426
}