{
    "best_epoch": 58,
    "best_val_performance": 0.3602668762207033,
    "val_performance_metric": "diff",
    "train_loss": 1.7564982175827026,
    "initial_do_mean": -6.7703331542737555,
    "final_do_mean": -4.87717934810754,
    "best_do_mean": -4.873999363003355,
    "initial_pp_mean": -6.1046143584781225,
    "final_pp_mean": -4.472385194566515,
    "best_pp_mean": -4.432882687780592
}