{
    "best_epoch": 44,
    "best_val_performance": 0.3454615370432528,
    "val_performance_metric": "diff",
    "train_loss": 2.2079005241394043,
    "initial_do_mean": -7.669689798077871,
    "final_do_mean": -5.873502403497696,
    "best_do_mean": -5.712442807333414,
    "initial_pp_mean": -7.071183741092682,
    "final_pp_mean": -5.44414239525795,
    "best_pp_mean": -5.255178316551096
}