{
    "best_epoch": 70,
    "best_val_performance": -0.605611100196839,
    "val_performance_metric": "diff",
    "train_loss": 5.5645036697387695,
    "initial_pref_do": 0.07714285714285714,
    "final_pref_do": 0.09714285714285714,
    "best_pref_do": 0.09714285714285714
}