{
    "best_epoch": 60,
    "best_val_performance": 1.520985565185546,
    "val_performance_metric": "diff",
    "train_loss": 2.4565625190734863,
    "initial_do_mean": -6.747239491433808,
    "final_do_mean": -10.704141283035279,
    "best_do_mean": -10.323190580714833,
    "initial_pp_mean": -6.1280063284768,
    "final_pp_mean": -9.934614435831707,
    "best_pp_mean": -9.280956580903794
}