{
    "best_epoch": 70,
    "best_val_performance": -0.10259308179219495,
    "val_performance_metric": "diff",
    "train_loss": 3.481189727783203,
    "initial_pref_do": 0.14714285714285713,
    "final_pref_do": 0.06571428571428571,
    "best_pref_do": 0.06571428571428571
}