{
    "best_epoch": 31,
    "best_val_performance": 0.13461982727050792,
    "val_performance_metric": "diff",
    "train_loss": 2.8262765407562256,
    "initial_do_mean": -7.703271269105201,
    "final_do_mean": -7.1737040932788405,
    "best_do_mean": -7.366684748682865,
    "initial_pp_mean": -7.170436838795157,
    "final_pp_mean": -6.121238336142372,
    "best_pp_mean": -6.360218344365849
}