{
    "best_epoch": 13,
    "best_val_performance": -0.12169190406799313,
    "val_performance_metric": "diff",
    "train_loss": 3.579787015914917,
    "initial_do_mean": -7.953450408092765,
    "final_do_mean": -5.895481882053752,
    "best_do_mean": -5.646008365376051,
    "initial_pp_mean": -7.527868056297303,
    "final_pp_mean": -5.688396359191222,
    "best_pp_mean": -5.350310452545391
}