{
    "best_epoch": 70,
    "best_val_performance": -0.11246587117513052,
    "val_performance_metric": "diff",
    "train_loss": 2.708691358566284,
    "initial_do_mean": -7.690935456475546,
    "final_do_mean": -6.033186523027198,
    "best_do_mean": -6.033186523027198,
    "initial_pp_mean": -7.254406623980579,
    "final_pp_mean": -5.089393243368934,
    "best_pp_mean": -5.089393243368934
}