{
    "best_epoch": 70,
    "best_val_performance": -0.1879872926076258,
    "val_performance_metric": "diff",
    "train_loss": 5.0713982582092285,
    "initial_do_mean": -7.690627823042315,
    "final_do_mean": -6.736497516548911,
    "best_do_mean": -6.736497516548911,
    "initial_pp_mean": -7.25423573325662,
    "final_pp_mean": -6.3815443578888384,
    "best_pp_mean": -6.3815443578888384
}