{
    "best_epoch": 43,
    "best_val_performance": 0.36435993989308635,
    "val_performance_metric": "diff",
    "train_loss": 2.1875391006469727,
    "initial_pref_do": 0.17857142857142858,
    "final_pref_do": 0.08571428571428572,
    "best_pref_do": 0.09428571428571429
}