{
    "best_epoch": 37,
    "best_val_performance": 4.4904754336675,
    "val_performance_metric": "diff",
    "train_loss": 2.1011803150177,
    "initial_pref_do": 0.07714285714285714,
    "final_pref_do": 0.23714285714285716,
    "best_pref_do": 0.1957142857142857
}