{
    "best_epoch": 35,
    "best_val_performance": 0.3286336580912268,
    "val_performance_metric": "diff",
    "train_loss": 2.261753559112549,
    "initial_do_mean": -7.599381852981656,
    "final_do_mean": -5.601247000139813,
    "best_do_mean": -5.282885045159695,
    "initial_pp_mean": -7.1540564859614655,
    "final_pp_mean": -4.76750653315993,
    "best_pp_mean": -4.494079372462104
}