{
    "best_epoch": 39,
    "best_val_performance": 1.7772535355885832,
    "val_performance_metric": "diff",
    "train_loss": 2.1581106185913086,
    "initial_pref_do": 0.12714285714285714,
    "final_pref_do": 0.04428571428571428,
    "best_pref_do": 0.06428571428571428
}