{
    "best_epoch": 70,
    "best_val_performance": -0.16818421363830627,
    "val_performance_metric": "diff",
    "train_loss": 3.8518784046173096,
    "initial_do_mean": -7.837872276472491,
    "final_do_mean": -6.218578473080036,
    "best_do_mean": -6.218578473080036,
    "initial_pp_mean": -7.372483498909894,
    "final_pp_mean": -5.719536871769849,
    "best_pp_mean": -5.719536871769849
}