{
    "best_epoch": 70,
    "best_val_performance": -0.11635546525319462,
    "val_performance_metric": "diff",
    "train_loss": 3.578503131866455,
    "initial_pref_do": 0.12714285714285714,
    "final_pref_do": 0.07571428571428572,
    "best_pref_do": 0.07571428571428572
}