{
    "best_epoch": 70,
    "best_val_performance": 3.584982668558757,
    "val_performance_metric": "diff",
    "train_loss": 2.985438346862793,
    "initial_do_mean": -6.550230052254417,
    "final_do_mean": -8.503669863036185,
    "best_do_mean": -8.503669863036185,
    "initial_pp_mean": -5.901875307824876,
    "final_pp_mean": -6.584239051077101,
    "best_pp_mean": -6.584239051077101
}