{
    "best_epoch": 70,
    "best_val_performance": -0.39831113497416126,
    "val_performance_metric": "diff",
    "train_loss": 4.167489051818848,
    "initial_pref_do": 0.09714285714285714,
    "final_pref_do": 0.13714285714285715,
    "best_pref_do": 0.13714285714285715
}