{
    "best_epoch": 48,
    "best_val_performance": 2.913866902987163,
    "val_performance_metric": "diff",
    "train_loss": 3.039376974105835,
    "initial_do_mean": -6.767471361160278,
    "final_do_mean": -6.992228691505663,
    "best_do_mean": -6.35260611447421,
    "initial_pp_mean": -6.099685541788737,
    "final_pp_mean": -7.498646672566732,
    "best_pp_mean": -6.481724235746595
}