{
    "best_epoch": 70,
    "best_val_performance": -0.1341795301437374,
    "val_performance_metric": "diff",
    "train_loss": 3.173736095428467,
    "initial_do_mean": -6.417946972991481,
    "final_do_mean": -5.457673607450543,
    "best_do_mean": -5.457673607450543,
    "initial_pp_mean": -5.741800575786167,
    "final_pp_mean": -4.580222045050727,
    "best_pp_mean": -4.580222045050727
}