{
    "best_epoch": 28,
    "best_val_performance": 0.11879803498586039,
    "val_performance_metric": "diff",
    "train_loss": 3.362708806991577,
    "initial_do_mean": -6.416198143814549,
    "final_do_mean": -5.16245239575704,
    "best_do_mean": -5.009048659873732,
    "initial_pp_mean": -5.741915623346965,
    "final_pp_mean": -4.34149968094296,
    "best_pp_mean": -4.166069022814432
}