{
    "best_epoch": 17,
    "best_val_performance": -0.07846284071604437,
    "val_performance_metric": "diff",
    "train_loss": 2.6425328254699707,
    "initial_pref_do": 0.08428571428571428,
    "final_pref_do": 0.10571428571428572,
    "best_pref_do": 0.041428571428571426
}