{
    "best_epoch": 70,
    "best_val_performance": -0.29159984429677266,
    "val_performance_metric": "diff",
    "train_loss": 3.470825433731079,
    "initial_pref_do": 0.08571428571428572,
    "final_pref_do": 0.24714285714285714,
    "best_pref_do": 0.24714285714285714
}