{
    "best_epoch": 62,
    "best_val_performance": -0.11046034177144382,
    "val_performance_metric": "diff",
    "train_loss": 1.6127246618270874,
    "initial_pref_do": 0.09857142857142857,
    "final_pref_do": 0.02142857142857143,
    "best_pref_do": 0.032857142857142856
}