{
    "best_epoch": 70,
    "best_val_performance": -0.11772289911905887,
    "val_performance_metric": "diff",
    "train_loss": 3.3729641437530518,
    "initial_do_mean": -7.698784529469734,
    "final_do_mean": -5.749344984459323,
    "best_do_mean": -5.749344984459323,
    "initial_pp_mean": -7.165007812836591,
    "final_pp_mean": -4.944923766921549,
    "best_pp_mean": -4.944923766921549
}