{
    "best_epoch": 70,
    "best_val_performance": 0.04862758477528928,
    "val_performance_metric": "diff",
    "train_loss": 1.310796856880188,
    "initial_dative_mean": -7.578041325535691,
    "final_dative_mean": -5.628420027724483,
    "best_dative_mean": -5.628420027724483
}