{
    "best_epoch": 70,
    "best_val_performance": -0.2090796486536659,
    "val_performance_metric": "diff",
    "train_loss": 2.5846171379089355,
    "initial_dative_mean": -7.308614564917938,
    "final_dative_mean": -5.869768110806482,
    "best_dative_mean": -5.869768110806482
}