{
    "best_epoch": 56,
    "best_val_performance": 1.3656969610850016,
    "val_performance_metric": "diff",
    "train_loss": 2.299427032470703,
    "initial_do_mean": -6.7458245407451285,
    "final_do_mean": -7.651816475030148,
    "best_do_mean": -6.81228463866494,
    "initial_pp_mean": -6.12538390689426,
    "final_pp_mean": -7.440246303876241,
    "best_pp_mean": -6.617538690567017
}