{
    "best_epoch": 37,
    "best_val_performance": 3.1408315960566195,
    "val_performance_metric": "diff",
    "train_loss": 2.434541940689087,
    "initial_do_mean": -6.547705995675289,
    "final_do_mean": -6.6628162138389815,
    "best_do_mean": -6.519783996813225,
    "initial_pp_mean": -5.900959065225389,
    "final_pp_mean": -6.400023939874437,
    "best_pp_mean": -6.178330106205411
}