{
    "best_epoch": 70,
    "best_val_performance": 0.10796796480814574,
    "val_performance_metric": "diff",
    "train_loss": 1.932525873184204,
    "initial_do_mean": -7.678170476541963,
    "final_do_mean": -5.860496116932048,
    "best_do_mean": -5.860496116932048,
    "initial_pp_mean": -7.078812653176925,
    "final_pp_mean": -5.546806428011726,
    "best_pp_mean": -5.546806428011726
}