{
    "best_epoch": 70,
    "best_val_performance": 1.9346660995483411,
    "val_performance_metric": "diff",
    "train_loss": 2.2304019927978516,
    "initial_dative_mean": -7.610684579924533,
    "final_dative_mean": -8.612645400546448,
    "best_dative_mean": -8.612645400546448
}