{
    "best_epoch": 61,
    "best_val_performance": 0.12429476579030396,
    "val_performance_metric": "diff",
    "train_loss": 2.0488662719726562,
    "initial_pref_do": 0.12714285714285714,
    "final_pref_do": 0.22285714285714286,
    "best_pref_do": 0.22
}