{
    "best_epoch": 56,
    "best_val_performance": -0.48623030185699534,
    "val_performance_metric": "diff",
    "train_loss": 4.87678337097168,
    "initial_pref_do": 0.08571428571428572,
    "final_pref_do": 0.15714285714285714,
    "best_pref_do": 0.16285714285714287
}