{
    "best_epoch": 70,
    "best_val_performance": -0.5808079655965166,
    "val_performance_metric": "diff",
    "train_loss": 7.162195682525635,
    "initial_dative_mean": -7.3449622127744885,
    "final_dative_mean": -7.051643581418266,
    "best_dative_mean": -7.051643581418266
}