{
    "best_epoch": 70,
    "best_val_performance": 1.7875566482543945,
    "val_performance_metric": "diff",
    "train_loss": 1.8165162801742554,
    "initial_do_mean": -6.559125562147661,
    "final_do_mean": -8.61268960201379,
    "best_do_mean": -8.61268960201379,
    "initial_pp_mean": -5.762331210242378,
    "final_pp_mean": -8.095537238650852,
    "best_pp_mean": -8.095537238650852
}