{
    "best_epoch": 37,
    "best_val_performance": 2.4103340419133508,
    "val_performance_metric": "diff",
    "train_loss": 1.5732723474502563,
    "initial_pref_do": 0.17714285714285713,
    "final_pref_do": 0.11142857142857143,
    "best_pref_do": 0.15
}