{
    "best_epoch": 5,
    "best_val_performance": -0.0256024726231896,
    "val_performance_metric": "diff",
    "train_loss": 4.431515216827393,
    "initial_do_mean": -6.5476298332214355,
    "final_do_mean": -7.584548785469749,
    "best_do_mean": -4.895360547846014,
    "initial_pp_mean": -5.900562005572849,
    "final_pp_mean": -6.800573804643419,
    "best_pp_mean": -4.563756076494853
}