{
    "best_epoch": 33,
    "best_val_performance": 0.299289457003276,
    "val_performance_metric": "diff",
    "train_loss": 2.6064798831939697,
    "initial_do_mean": -7.952495913865954,
    "final_do_mean": -5.485360970677331,
    "best_do_mean": -5.0784240299186045,
    "initial_pp_mean": -7.527633698547588,
    "final_pp_mean": -4.624781151378856,
    "best_pp_mean": -4.327417081243851
}