{
    "best_epoch": 70,
    "best_val_performance": -0.17125446478525852,
    "val_performance_metric": "diff",
    "train_loss": 3.8097586631774902,
    "initial_do_mean": -6.636621953501846,
    "final_do_mean": -5.723421705130375,
    "best_do_mean": -5.723421705130375,
    "initial_pp_mean": -5.78614800506168,
    "final_pp_mean": -4.885823837916056,
    "best_pp_mean": -4.885823837916056
}