{
    "best_epoch": 9,
    "best_val_performance": 1.1980365196863811,
    "val_performance_metric": "diff",
    "train_loss": 2.3362247943878174,
    "initial_do_mean": -7.688611659199693,
    "final_do_mean": -7.237764565404071,
    "best_do_mean": -5.255453130533529,
    "initial_pp_mean": -7.252943989108591,
    "final_pp_mean": -5.860694577764062,
    "best_pp_mean": -4.252195631055271
}