{
    "best_epoch": 70,
    "best_val_performance": -0.1541001383463545,
    "val_performance_metric": "diff",
    "train_loss": 3.482764482498169,
    "initial_do_mean": -7.962440070024757,
    "final_do_mean": -6.743274100298105,
    "best_do_mean": -6.743274100298105,
    "initial_pp_mean": -7.576847634595983,
    "final_pp_mean": -6.216551881677964,
    "best_pp_mean": -6.216551881677964
}