{
    "best_epoch": 23,
    "best_val_performance": 0.04140273571014408,
    "val_performance_metric": "diff",
    "train_loss": 1.8882920742034912,
    "initial_do_mean": -7.638081280298011,
    "final_do_mean": -5.979635486769122,
    "best_do_mean": -5.449469543473665,
    "initial_pp_mean": -6.99518166920718,
    "final_pp_mean": -5.56730553262374,
    "best_pp_mean": -5.0594792243312385
}