{
    "best_epoch": 70,
    "best_val_performance": -0.21392640272776298,
    "val_performance_metric": "diff",
    "train_loss": 2.3150813579559326,
    "initial_do_mean": -6.740162970803,
    "final_do_mean": -4.97733621452794,
    "best_do_mean": -4.97733621452794,
    "initial_pp_mean": -6.122455928060743,
    "final_pp_mean": -4.426333946651883,
    "best_pp_mean": -4.426333946651883
}