{
    "best_epoch": 70,
    "best_val_performance": 0.7653621292114252,
    "val_performance_metric": "diff",
    "train_loss": 2.1559324264526367,
    "initial_do_mean": -7.600758901862211,
    "final_do_mean": -6.472568353594736,
    "best_do_mean": -6.472568353594736,
    "initial_pp_mean": -7.156620812416077,
    "final_pp_mean": -5.388397585293826,
    "best_pp_mean": -5.388397585293826
}