{
    "best_epoch": 70,
    "best_val_performance": 0.14349689006805466,
    "val_performance_metric": "diff",
    "train_loss": 2.571169853210449,
    "initial_dative_mean": -7.31753541084758,
    "final_dative_mean": -5.195141697836201,
    "best_dative_mean": -5.195141697836201
}