{
    "best_epoch": 70,
    "best_val_performance": -0.5997813971837358,
    "val_performance_metric": "diff",
    "train_loss": 7.0358428955078125,
    "initial_pref_do": 0.15714285714285714,
    "final_pref_do": 0.16142857142857142,
    "best_pref_do": 0.16142857142857142
}