{
    "best_epoch": 28,
    "best_val_performance": 0.1660646979014082,
    "val_performance_metric": "diff",
    "train_loss": 2.795469284057617,
    "initial_pref_do": 0.15714285714285714,
    "final_pref_do": 0.07714285714285714,
    "best_pref_do": 0.03142857142857143
}