{
    "best_epoch": 70,
    "best_val_performance": -0.5094477542241416,
    "val_performance_metric": "diff",
    "train_loss": 6.0298004150390625,
    "initial_pref_do": 0.09857142857142857,
    "final_pref_do": 0.11285714285714285,
    "best_pref_do": 0.11285714285714285
}