{
    "best_epoch": 70,
    "best_val_performance": 0.16637270291646367,
    "val_performance_metric": "diff",
    "train_loss": 1.3465957641601562,
    "initial_dative_mean": -7.260835339451394,
    "final_dative_mean": -5.325881134696871,
    "best_dative_mean": -5.325881134696871
}