{
    "best_epoch": 66,
    "best_val_performance": 3.468125246365865,
    "val_performance_metric": "diff",
    "train_loss": 2.593932867050171,
    "initial_do_mean": -6.545409972739942,
    "final_do_mean": -6.265126901684385,
    "best_do_mean": -6.224195468786991,
    "initial_pp_mean": -5.899845886230469,
    "final_pp_mean": -5.778552969296773,
    "best_pp_mean": -5.764079565472073
}