{
    "best_epoch": 34,
    "best_val_performance": 3.0785519154866545,
    "val_performance_metric": "diff",
    "train_loss": 2.3149819374084473,
    "initial_do_mean": -6.6714828245567555,
    "final_do_mean": -7.1753129930207225,
    "best_do_mean": -6.8296635858940355,
    "initial_pp_mean": -5.82443007628123,
    "final_pp_mean": -6.2594379663467405,
    "best_pp_mean": -5.986974056561788
}