{
    "best_epoch": 70,
    "best_val_performance": 0.12309706846872981,
    "val_performance_metric": "diff",
    "train_loss": 2.2366929054260254,
    "initial_pref_do": 0.14857142857142858,
    "final_pref_do": 0.2842857142857143,
    "best_pref_do": 0.2842857142857143
}