{
    "best_epoch": 17,
    "best_val_performance": 1.5229073683420822,
    "val_performance_metric": "diff",
    "train_loss": 2.0339088439941406,
    "initial_do_mean": -7.59805338535198,
    "final_do_mean": -8.508992599886517,
    "best_do_mean": -6.615730712926665,
    "initial_pp_mean": -7.152916244899525,
    "final_pp_mean": -7.901219027533251,
    "best_pp_mean": -6.017756160567789
}