{
    "best_epoch": 70,
    "best_val_performance": -0.5031813176472983,
    "val_performance_metric": "diff",
    "train_loss": 5.416502475738525,
    "initial_dative_mean": -7.191305183179197,
    "final_dative_mean": -6.75400709025344,
    "best_dative_mean": -6.75400709025344
}