{
    "best_epoch": 70,
    "best_val_performance": 1.6607887713114433,
    "val_performance_metric": "diff",
    "train_loss": 1.4488822221755981,
    "initial_dative_mean": -7.287439875086846,
    "final_dative_mean": -6.35835578340536,
    "best_dative_mean": -6.35835578340536
}