{
    "best_epoch": 70,
    "best_val_performance": 3.0820655663808196,
    "val_performance_metric": "diff",
    "train_loss": 1.781082034111023,
    "initial_do_mean": -7.671949959078501,
    "final_do_mean": -7.968342334032059,
    "best_do_mean": -7.968342334032059,
    "initial_pp_mean": -7.0732798415071825,
    "final_pp_mean": -7.051907794265186,
    "best_pp_mean": -7.051907794265186
}