{
    "best_epoch": 39,
    "best_val_performance": 2.4997889773050943,
    "val_performance_metric": "diff",
    "train_loss": 1.4616981744766235,
    "initial_do_mean": -6.659903653462728,
    "final_do_mean": -5.32736000436725,
    "best_do_mean": -5.333452873518973,
    "initial_pp_mean": -5.918135142326355,
    "final_pp_mean": -4.714620881610447,
    "best_pp_mean": -4.620139540566338
}