{
    "best_epoch": 70,
    "best_val_performance": -0.014528303146362553,
    "val_performance_metric": "diff",
    "train_loss": 3.279201030731201,
    "initial_dative_mean": -7.284297477083596,
    "final_dative_mean": -5.987514833260698,
    "best_dative_mean": -5.987514833260698
}