{
    "best_epoch": 70,
    "best_val_performance": -0.4069973134994509,
    "val_performance_metric": "diff",
    "train_loss": 3.961989164352417,
    "initial_do_mean": -6.641847571459683,
    "final_do_mean": -5.601689673915054,
    "best_do_mean": -5.601689673915054,
    "initial_pp_mean": -5.792273767789205,
    "final_pp_mean": -4.969912346204122,
    "best_pp_mean": -4.969912346204122
}