{
    "best_epoch": 32,
    "best_val_performance": 1.343703769048055,
    "val_performance_metric": "diff",
    "train_loss": 1.076413869857788,
    "initial_do_mean": -7.672113004811974,
    "final_do_mean": -6.0276467755090355,
    "best_do_mean": -5.718447471427363,
    "initial_pp_mean": -7.072577407780815,
    "final_pp_mean": -5.2089937767561745,
    "best_pp_mean": -4.85342969754163
}