{
    "best_epoch": 70,
    "best_val_performance": -0.22243897120157907,
    "val_performance_metric": "diff",
    "train_loss": 3.0282373428344727,
    "initial_do_mean": -7.688580222601114,
    "final_do_mean": -6.155049643890802,
    "best_do_mean": -6.155049643890802,
    "initial_pp_mean": -7.174926733269411,
    "final_pp_mean": -5.408725536921445,
    "best_pp_mean": -5.408725536921445
}