{
    "best_epoch": 31,
    "best_val_performance": 3.302748467127481,
    "val_performance_metric": "diff",
    "train_loss": 2.381965398788452,
    "initial_dative_mean": -7.341612518879405,
    "final_dative_mean": -7.23739797330042,
    "best_dative_mean": -6.298426541320064
}