{
    "best_epoch": 14,
    "best_val_performance": 0.03553820292154963,
    "val_performance_metric": "diff",
    "train_loss": 3.687284231185913,
    "initial_do_mean": -7.692728089731793,
    "final_do_mean": -5.825478853181351,
    "best_do_mean": -5.420156879480495,
    "initial_pp_mean": -7.294164480882532,
    "final_pp_mean": -5.397304117679596,
    "best_pp_mean": -5.057352852470735
}