{
    "best_epoch": 70,
    "best_val_performance": -0.22516251564025858,
    "val_performance_metric": "diff",
    "train_loss": 3.821427583694458,
    "initial_do_mean": -7.595503057851348,
    "final_do_mean": -5.97957860522492,
    "best_do_mean": -5.97957860522492,
    "initial_pp_mean": -7.150097695518943,
    "final_pp_mean": -5.619000179276747,
    "best_pp_mean": -5.619000179276747
}