{
    "best_epoch": 24,
    "best_val_performance": 0.18049839178721072,
    "val_performance_metric": "diff",
    "train_loss": 3.068634033203125,
    "initial_dative_mean": -7.575741591857888,
    "final_dative_mean": -5.062146221510848,
    "best_dative_mean": -5.017933034583142
}