{
    "best_epoch": 15,
    "best_val_performance": 0.16785101890563947,
    "val_performance_metric": "diff",
    "train_loss": 3.8566343784332275,
    "initial_do_mean": -7.633737462204556,
    "final_do_mean": -5.801663549140442,
    "best_do_mean": -5.480572435744973,
    "initial_pp_mean": -6.989689132045297,
    "final_pp_mean": -4.757523032496957,
    "best_pp_mean": -4.605955964677474
}