{
    "best_epoch": 70,
    "best_val_performance": -0.05126923084259083,
    "val_performance_metric": "diff",
    "train_loss": 4.015940189361572,
    "initial_do_mean": -6.771141820965391,
    "final_do_mean": -5.359947970419219,
    "best_do_mean": -5.359947970419219,
    "initial_pp_mean": -6.103535683949788,
    "final_pp_mean": -4.7517874611748585,
    "best_pp_mean": -4.7517874611748585
}