{
    "best_epoch": 45,
    "best_val_performance": 0.365530379613241,
    "val_performance_metric": "diff",
    "train_loss": 2.6850056648254395,
    "initial_do_mean": -7.961964509514875,
    "final_do_mean": -6.015849587182666,
    "best_do_mean": -5.909191322188045,
    "initial_pp_mean": -7.576248755875755,
    "final_pp_mean": -5.003828302902334,
    "best_pp_mean": -4.907433997883516
}