{
    "best_epoch": 23,
    "best_val_performance": -0.21194791316986095,
    "val_performance_metric": "diff",
    "train_loss": 3.4677159786224365,
    "initial_dative_mean": -7.262435695232703,
    "final_dative_mean": -5.708538703054016,
    "best_dative_mean": -5.792288998239918
}