{
    "best_epoch": 55,
    "best_val_performance": 0.1578775119781497,
    "val_performance_metric": "diff",
    "train_loss": 3.95932936668396,
    "initial_pref_do": 0.08428571428571428,
    "final_pref_do": 0.12,
    "best_pref_do": 0.14285714285714285
}