{
    "best_epoch": 14,
    "best_val_performance": 0.2545022710164391,
    "val_performance_metric": "diff",
    "train_loss": 3.660507917404175,
    "initial_do_mean": -6.418006300203728,
    "final_do_mean": -5.4596196246869635,
    "best_do_mean": -5.067989430283055,
    "initial_pp_mean": -5.742788823445638,
    "final_pp_mean": -4.797201625506083,
    "best_pp_mean": -4.24304953151279
}