{
    "best_epoch": 70,
    "best_val_performance": -0.5854936504364012,
    "val_performance_metric": "diff",
    "train_loss": 7.039194583892822,
    "initial_pref_do": 0.12714285714285714,
    "final_pref_do": 0.11714285714285715,
    "best_pref_do": 0.11714285714285715
}