{
    "best_epoch": 70,
    "best_val_performance": 1.1104154173533125,
    "val_performance_metric": "diff",
    "train_loss": 2.1381278038024902,
    "initial_do_mean": -7.673559275477431,
    "final_do_mean": -8.22979811596316,
    "best_do_mean": -8.22979811596316,
    "initial_pp_mean": -7.075614157844992,
    "final_pp_mean": -9.456178058245603,
    "best_pp_mean": -9.456178058245603
}