{
    "best_epoch": 70,
    "best_val_performance": 0.3556964699427292,
    "val_performance_metric": "diff",
    "train_loss": 2.785217046737671,
    "initial_do_mean": -6.766211628191399,
    "final_do_mean": -4.872268475908221,
    "best_do_mean": -4.872268475908221,
    "initial_pp_mean": -6.098668842845493,
    "final_pp_mean": -4.227963219748603,
    "best_pp_mean": -4.227963219748603
}