{
    "best_epoch": 70,
    "best_val_performance": -0.186435090700785,
    "val_performance_metric": "diff",
    "train_loss": 3.0889413356781006,
    "initial_pref_do": 0.07714285714285714,
    "final_pref_do": 0.16,
    "best_pref_do": 0.16
}