{
    "best_epoch": 70,
    "best_val_performance": 0.23448042869567853,
    "val_performance_metric": "diff",
    "train_loss": 1.2474658489227295,
    "initial_pref_do": 0.07714285714285714,
    "final_pref_do": 0.2357142857142857,
    "best_pref_do": 0.2357142857142857
}