{
    "best_epoch": 70,
    "best_val_performance": 1.715499184926351,
    "val_performance_metric": "diff",
    "train_loss": 1.7573604583740234,
    "initial_do_mean": -7.688300270673841,
    "final_do_mean": -7.289816841136577,
    "best_do_mean": -7.289816841136577,
    "initial_pp_mean": -7.1737828345859755,
    "final_pp_mean": -5.895413232901517,
    "best_pp_mean": -5.895413232901517
}