{
    "best_epoch": 28,
    "best_val_performance": 0.22531396230061862,
    "val_performance_metric": "diff",
    "train_loss": 2.624612331390381,
    "initial_pref_do": 0.14714285714285713,
    "final_pref_do": 0.05,
    "best_pref_do": 0.027142857142857142
}