{
    "best_epoch": 11,
    "best_val_performance": -0.12936769962310812,
    "val_performance_metric": "diff",
    "train_loss": 4.415927886962891,
    "initial_do_mean": -6.5463739684133815,
    "final_do_mean": -5.184336452773123,
    "best_do_mean": -5.278354601426558,
    "initial_pp_mean": -5.901474086443583,
    "final_pp_mean": -4.37837946679857,
    "best_pp_mean": -4.5111370510525175
}