{
    "best_epoch": 21,
    "best_val_performance": -0.1800960381825769,
    "val_performance_metric": "diff",
    "train_loss": 3.5756425857543945,
    "initial_do_mean": -6.501331242648038,
    "final_do_mean": -5.433813323396625,
    "best_do_mean": -5.170557569734978,
    "initial_pp_mean": -5.869753503799439,
    "final_pp_mean": -4.674443912506104,
    "best_pp_mean": -4.604747899373373
}