{
    "best_epoch": 16,
    "best_val_performance": 0.36971073945363386,
    "val_performance_metric": "diff",
    "train_loss": 3.368516206741333,
    "initial_do_mean": -7.6901432857957,
    "final_do_mean": -6.012773910234141,
    "best_do_mean": -5.414884120572445,
    "initial_pp_mean": -7.255042177088121,
    "final_pp_mean": -5.422632304359885,
    "best_pp_mean": -5.011158341169358
}