{
    "best_epoch": 30,
    "best_val_performance": 0.802930905024211,
    "val_performance_metric": "diff",
    "train_loss": 1.8455581665039062,
    "initial_do_mean": -7.597266429385473,
    "final_do_mean": -7.11500574717688,
    "best_do_mean": -6.894772900051849,
    "initial_pp_mean": -7.153105991026934,
    "final_pp_mean": -6.117532439792858,
    "best_pp_mean": -5.9271285491831165
}