{
    "best_epoch": 21,
    "best_val_performance": -0.18562943458557069,
    "val_performance_metric": "diff",
    "train_loss": 1.3054935932159424,
    "initial_do_mean": -6.671158903295344,
    "final_do_mean": -4.993356347806526,
    "best_do_mean": -4.938476222934145,
    "initial_pp_mean": -5.8240012592739525,
    "final_pp_mean": -4.311663593186273,
    "best_pp_mean": -4.00831467045678
}