{
    "best_epoch": 70,
    "best_val_performance": -0.18721361637115486,
    "val_performance_metric": "diff",
    "train_loss": 3.7395787239074707,
    "initial_do_mean": -6.747556981173429,
    "final_do_mean": -5.268382517496745,
    "best_do_mean": -5.268382517496745,
    "initial_pp_mean": -6.13010590341356,
    "final_pp_mean": -4.795991457833184,
    "best_pp_mean": -4.795991457833184
}