{
    "best_epoch": 13,
    "best_val_performance": 0.13157022635142024,
    "val_performance_metric": "diff",
    "train_loss": 3.4483695030212402,
    "initial_do_mean": -6.504763562751539,
    "final_do_mean": -5.5314047596671365,
    "best_do_mean": -4.5801045114343815,
    "initial_pp_mean": -5.87348047627343,
    "final_pp_mean": -4.685456874635484,
    "best_pp_mean": -3.7252734793557063
}