{
    "best_epoch": 26,
    "best_val_performance": -0.1890968656539913,
    "val_performance_metric": "diff",
    "train_loss": 3.8945047855377197,
    "initial_pref_do": 0.14714285714285713,
    "final_pref_do": 0.018571428571428572,
    "best_pref_do": 0.13285714285714287
}