{
    "best_epoch": 70,
    "best_val_performance": 1.0926009035110482,
    "val_performance_metric": "diff",
    "train_loss": 1.782299518585205,
    "initial_do_mean": -6.744957847306223,
    "final_do_mean": -10.576419616468025,
    "best_do_mean": -10.576419616468025,
    "initial_pp_mean": -6.125060386127895,
    "final_pp_mean": -9.385515753428141,
    "best_pp_mean": -9.385515753428141
}