{
    "best_epoch": 70,
    "best_val_performance": -0.19399772008260108,
    "val_performance_metric": "diff",
    "train_loss": 2.9510996341705322,
    "initial_dative_mean": -7.309345425918088,
    "final_dative_mean": -5.577000220442376,
    "best_dative_mean": -5.577000220442376
}