{
    "best_epoch": 70,
    "best_val_performance": -0.22966112136840877,
    "val_performance_metric": "diff",
    "train_loss": 4.6481499671936035,
    "initial_do_mean": -7.961583586626275,
    "final_do_mean": -6.509209436039592,
    "best_do_mean": -6.509209436039592,
    "initial_pp_mean": -7.576793430833256,
    "final_pp_mean": -6.167051212226643,
    "best_pp_mean": -6.167051212226643
}