{
    "best_epoch": 70,
    "best_val_performance": -0.36979284763336207,
    "val_performance_metric": "diff",
    "train_loss": 2.8640992641448975,
    "initial_do_mean": -7.701981025379758,
    "final_do_mean": -5.822647729238798,
    "best_do_mean": -5.822647729238798,
    "initial_pp_mean": -7.168934118747711,
    "final_pp_mean": -5.38696946571855,
    "best_pp_mean": -5.38696946571855
}