{
    "best_epoch": 70,
    "best_val_performance": 0.03312186082204249,
    "val_performance_metric": "diff",
    "train_loss": 2.9751312732696533,
    "initial_pref_do": 0.14857142857142858,
    "final_pref_do": 0.07571428571428572,
    "best_pref_do": 0.07571428571428572
}