{
    "best_epoch": 70,
    "best_val_performance": 0.2500251960754394,
    "val_performance_metric": "diff",
    "train_loss": 1.953445315361023,
    "initial_dative_mean": -7.307361032879143,
    "final_dative_mean": -5.027859408953036,
    "best_dative_mean": -5.027859408953036
}