{
    "best_epoch": 32,
    "best_val_performance": 0.31263915538787845,
    "val_performance_metric": "diff",
    "train_loss": 2.1346054077148438,
    "initial_do_mean": -7.962614395590716,
    "final_do_mean": -5.944674072570579,
    "best_do_mean": -5.562008475494939,
    "initial_pp_mean": -7.576489783735836,
    "final_pp_mean": -5.23114100484287,
    "best_pp_mean": -4.889982900899999
}