{
    "best_epoch": 70,
    "best_val_performance": 0.2289138444264731,
    "val_performance_metric": "diff",
    "train_loss": 1.9470741748809814,
    "initial_dative_mean": -7.341450447924653,
    "final_dative_mean": -5.7402812425504655,
    "best_dative_mean": -5.7402812425504655
}