{
    "best_epoch": 17,
    "best_val_performance": -0.10319145838419619,
    "val_performance_metric": "diff",
    "train_loss": 3.7340409755706787,
    "initial_do_mean": -6.766809516964536,
    "final_do_mean": -4.892690360907352,
    "best_do_mean": -5.383239205678304,
    "initial_pp_mean": -6.100532574123807,
    "final_pp_mean": -4.493329623010424,
    "best_pp_mean": -4.94295240773095
}