{
    "best_epoch": 70,
    "best_val_performance": 0.5583954143524164,
    "val_performance_metric": "diff",
    "train_loss": 2.3734960556030273,
    "initial_do_mean": -7.958117249400117,
    "final_do_mean": -6.084543843602026,
    "best_do_mean": -6.084543843602026,
    "initial_pp_mean": -7.53201463432873,
    "final_pp_mean": -5.570024925470352,
    "best_pp_mean": -5.570024925470352
}