{
    "best_epoch": 37,
    "best_val_performance": 0.4685049883524579,
    "val_performance_metric": "diff",
    "train_loss": 1.4008761644363403,
    "initial_do_mean": -7.6918679337168845,
    "final_do_mean": -5.475166206096494,
    "best_do_mean": -5.266976208187813,
    "initial_pp_mean": -7.293242585659027,
    "final_pp_mean": -4.769620532849256,
    "best_pp_mean": -4.548424981622135
}