{
    "best_epoch": 31,
    "best_val_performance": 0.24974578380584678,
    "val_performance_metric": "diff",
    "train_loss": 1.9770885705947876,
    "initial_do_mean": -7.9570483128691825,
    "final_do_mean": -5.81426513402961,
    "best_do_mean": -5.832030810242475,
    "initial_pp_mean": -7.571067468559041,
    "final_pp_mean": -5.004114777550978,
    "best_pp_mean": -4.8977320969104765
}