{
    "best_epoch": 70,
    "best_val_performance": 0.15849316438039196,
    "val_performance_metric": "diff",
    "train_loss": 1.5280253887176514,
    "initial_do_mean": -6.7453256520358,
    "final_do_mean": -4.743314228635846,
    "best_do_mean": -4.743314228635846,
    "initial_pp_mean": -6.126276026831733,
    "final_pp_mean": -4.2332814349068535,
    "best_pp_mean": -4.2332814349068535
}