{
    "best_epoch": 26,
    "best_val_performance": -0.10557913939158059,
    "val_performance_metric": "diff",
    "train_loss": 3.729780435562134,
    "initial_pref_do": 0.1357142857142857,
    "final_pref_do": 0.06,
    "best_pref_do": 0.04285714285714286
}