{
    "best_epoch": 32,
    "best_val_performance": 3.500221026738485,
    "val_performance_metric": "diff",
    "train_loss": 3.1748557090759277,
    "initial_do_mean": -7.697478963885197,
    "final_do_mean": -8.843148567648822,
    "best_do_mean": -8.694318449081377,
    "initial_pp_mean": -7.164869360362782,
    "final_pp_mean": -7.646783442006392,
    "best_pp_mean": -7.492623914339963
}