{
    "best_epoch": 23,
    "best_val_performance": 3.2480060656865444,
    "val_performance_metric": "diff",
    "train_loss": 2.619734764099121,
    "initial_pref_do": 0.1357142857142857,
    "final_pref_do": 0.07,
    "best_pref_do": 0.015714285714285715
}