{
    "best_epoch": 70,
    "best_val_performance": 0.22432507038116434,
    "val_performance_metric": "diff",
    "train_loss": 1.6275571584701538,
    "initial_pref_do": 0.09857142857142857,
    "final_pref_do": 0.28,
    "best_pref_do": 0.28
}