{
    "best_epoch": 49,
    "best_val_performance": 2.06055722395579,
    "val_performance_metric": "diff",
    "train_loss": 1.79074227809906,
    "initial_do_mean": -7.693730881740881,
    "final_do_mean": -6.775380445081134,
    "best_do_mean": -7.05262850675472,
    "initial_pp_mean": -7.2948696998988884,
    "final_pp_mean": -5.696129784864538,
    "best_pp_mean": -5.9464123196461625
}