{
    "best_epoch": 70,
    "best_val_performance": 2.1399126052856445,
    "val_performance_metric": "diff",
    "train_loss": 2.045567274093628,
    "initial_dative_mean": -7.467481354175256,
    "final_dative_mean": -7.616024737643917,
    "best_dative_mean": -7.616024737643917
}