{
    "best_epoch": 28,
    "best_val_performance": 1.292360655466715,
    "val_performance_metric": "diff",
    "train_loss": 3.245905637741089,
    "initial_pref_do": 0.09714285714285714,
    "final_pref_do": 0.10428571428571429,
    "best_pref_do": 0.07571428571428572
}