{
    "best_epoch": 70,
    "best_val_performance": 1.300097610155741,
    "val_performance_metric": "diff",
    "train_loss": 2.2118983268737793,
    "initial_dative_mean": -7.609913250159102,
    "final_dative_mean": -6.1080472197449,
    "best_dative_mean": -6.1080472197449
}