{
    "best_epoch": 70,
    "best_val_performance": -0.02856455643971767,
    "val_performance_metric": "diff",
    "train_loss": 2.268468141555786,
    "initial_do_mean": -6.636786732529149,
    "final_do_mean": -5.0794649413137725,
    "best_do_mean": -5.0794649413137725,
    "initial_pp_mean": -5.788920654190911,
    "final_pp_mean": -4.461732368999058,
    "best_pp_mean": -4.461732368999058
}