{
    "best_epoch": 70,
    "best_val_performance": -0.2539547936121629,
    "val_performance_metric": "diff",
    "train_loss": 4.333341121673584,
    "initial_do_mean": -7.672087145406146,
    "final_do_mean": -6.065606581610303,
    "best_do_mean": -6.065606581610303,
    "initial_pp_mean": -7.072043297571295,
    "final_pp_mean": -5.430451546697055,
    "best_pp_mean": -5.430451546697055
}