{
    "best_epoch": 70,
    "best_val_performance": -0.12043525060017934,
    "val_performance_metric": "diff",
    "train_loss": 3.2061946392059326,
    "initial_dative_mean": -7.257580902841356,
    "final_dative_mean": -6.026168971208104,
    "best_dative_mean": -6.026168971208104
}