{
    "best_epoch": 24,
    "best_val_performance": 0.34962952613830556,
    "val_performance_metric": "diff",
    "train_loss": 2.7455813884735107,
    "initial_do_mean": -6.632878669102987,
    "final_do_mean": -5.153081531235666,
    "best_do_mean": -4.7058876716729365,
    "initial_pp_mean": -5.782843298382229,
    "final_pp_mean": -4.725528208414714,
    "best_pp_mean": -4.120358509487576
}