{
    "best_epoch": 39,
    "best_val_performance": 0.39535417397816985,
    "val_performance_metric": "diff",
    "train_loss": 1.809965968132019,
    "initial_do_mean": -6.537611863107392,
    "final_do_mean": -4.3276400811744455,
    "best_do_mean": -4.218294685537165,
    "initial_pp_mean": -5.904794025421142,
    "final_pp_mean": -4.231639938884311,
    "best_pp_mean": -4.109628874725765
}