{
    "best_epoch": 63,
    "best_val_performance": 3.390315421422322,
    "val_performance_metric": "diff",
    "train_loss": 2.055107355117798,
    "initial_do_mean": -6.771089958422111,
    "final_do_mean": -6.316018483133027,
    "best_do_mean": -6.2273472106818,
    "initial_pp_mean": -6.101411035325792,
    "final_pp_mean": -5.3042022307713825,
    "best_pp_mean": -5.1890861219829985
}