{
    "best_epoch": 70,
    "best_val_performance": 1.9746561272939047,
    "val_performance_metric": "diff",
    "train_loss": 2.578279495239258,
    "initial_do_mean": -7.697538960118626,
    "final_do_mean": -6.375305499794871,
    "best_do_mean": -6.375305499794871,
    "initial_pp_mean": -7.163446762281306,
    "final_pp_mean": -6.468289554469726,
    "best_pp_mean": -6.468289554469726
}