{
    "best_epoch": 38,
    "best_val_performance": 2.002336338361104,
    "val_performance_metric": "diff",
    "train_loss": 2.071554660797119,
    "initial_pref_do": 0.09714285714285714,
    "final_pref_do": 0.15142857142857144,
    "best_pref_do": 0.05857142857142857
}