{
    "best_epoch": 25,
    "best_val_performance": 0.7250487645467123,
    "val_performance_metric": "diff",
    "train_loss": 3.375058889389038,
    "initial_do_mean": -7.838507456834926,
    "final_do_mean": -9.77796852242115,
    "best_do_mean": -7.471962926346202,
    "initial_pp_mean": -7.374797041977153,
    "final_pp_mean": -7.37514743068639,
    "best_pp_mean": -5.676185060248655
}