{
    "best_epoch": 32,
    "best_val_performance": 2.0419649362564085,
    "val_performance_metric": "diff",
    "train_loss": 1.679991364479065,
    "initial_do_mean": -7.5978579299394475,
    "final_do_mean": -6.2768531521392426,
    "best_do_mean": -5.746535335169282,
    "initial_pp_mean": -7.153178748663734,
    "final_pp_mean": -5.5133661164956935,
    "best_pp_mean": -4.900381310897715
}