{
    "best_epoch": 36,
    "best_val_performance": 0.558760401407878,
    "val_performance_metric": "diff",
    "train_loss": 2.3770081996917725,
    "initial_do_mean": -6.54711026133913,
    "final_do_mean": -4.278981447219849,
    "best_do_mean": -4.250699089512681,
    "initial_pp_mean": -5.900546632872688,
    "final_pp_mean": -3.5601236634784277,
    "best_pp_mean": -3.4665424717797175
}