{
    "best_epoch": 21,
    "best_val_performance": 3.4193121941884357,
    "val_performance_metric": "diff",
    "train_loss": 2.357522487640381,
    "initial_do_mean": -6.6357078797889475,
    "final_do_mean": -7.76892892519633,
    "best_do_mean": -6.079191326372551,
    "initial_pp_mean": -5.786784201198154,
    "final_pp_mean": -6.869717489348518,
    "best_pp_mean": -5.559434591399299
}