{
    "best_epoch": 28,
    "best_val_performance": 2.364421617190043,
    "val_performance_metric": "diff",
    "train_loss": 2.4368796348571777,
    "initial_do_mean": -6.655732235764012,
    "final_do_mean": -5.8394436619498515,
    "best_do_mean": -5.48930576208866,
    "initial_pp_mean": -5.914600727293227,
    "final_pp_mean": -5.202009100384182,
    "best_pp_mean": -5.4120145744747585
}