{
    "best_epoch": 41,
    "best_val_performance": 0.393789095878601,
    "val_performance_metric": "diff",
    "train_loss": 2.233544111251831,
    "initial_do_mean": -6.534295690420902,
    "final_do_mean": -4.93044131452387,
    "best_do_mean": -4.720988272175644,
    "initial_pp_mean": -5.900758327378167,
    "final_pp_mean": -4.35113165113661,
    "best_pp_mean": -4.133567365010579
}