{
    "best_epoch": 70,
    "best_val_performance": 2.1306414222717294,
    "val_performance_metric": "diff",
    "train_loss": 1.657581090927124,
    "initial_pref_do": 0.17714285714285713,
    "final_pref_do": 0.03571428571428571,
    "best_pref_do": 0.03571428571428571
}