{
    "best_epoch": 29,
    "best_val_performance": 0.6520600398381546,
    "val_performance_metric": "diff",
    "train_loss": 2.5664520263671875,
    "initial_do_mean": -6.769235467910766,
    "final_do_mean": -4.985197372147531,
    "best_do_mean": -4.192681390588934,
    "initial_pp_mean": -6.09811987347073,
    "final_pp_mean": -4.055563902854919,
    "best_pp_mean": -3.58746427959866
}