{
    "best_epoch": 70,
    "best_val_performance": -0.33790412108103407,
    "val_performance_metric": "diff",
    "train_loss": 5.562510967254639,
    "initial_dative_mean": -7.2589750255060475,
    "final_dative_mean": -6.841027691350345,
    "best_dative_mean": -6.841027691350345
}