{
    "best_epoch": 46,
    "best_val_performance": 0.1737984514236457,
    "val_performance_metric": "diff",
    "train_loss": 1.775373101234436,
    "initial_pref_do": 0.09714285714285714,
    "final_pref_do": 0.24,
    "best_pref_do": 0.23
}