{
    "best_epoch": 53,
    "best_val_performance": 3.614620987574259,
    "val_performance_metric": "diff",
    "train_loss": 2.4895079135894775,
    "initial_do_mean": -7.6371142635511795,
    "final_do_mean": -9.23321851741436,
    "best_do_mean": -8.040402200679447,
    "initial_pp_mean": -6.9955479783170365,
    "final_pp_mean": -7.834480933582081,
    "best_pp_mean": -6.966472758966334
}