{
    "best_epoch": 29,
    "best_val_performance": 3.927092892328899,
    "val_performance_metric": "diff",
    "train_loss": 2.721851348876953,
    "initial_pref_do": 0.14714285714285713,
    "final_pref_do": 0.17,
    "best_pref_do": 0.11285714285714285
}