{
    "best_epoch": 70,
    "best_val_performance": -0.11645807902018213,
    "val_performance_metric": "diff",
    "train_loss": 3.941263437271118,
    "initial_pref_do": 0.07714285714285714,
    "final_pref_do": 0.16285714285714287,
    "best_pref_do": 0.16285714285714287
}