{
    "best_epoch": 24,
    "best_val_performance": 2.3754936615626008,
    "val_performance_metric": "diff",
    "train_loss": 2.2192811965942383,
    "initial_do_mean": -6.555315371715661,
    "final_do_mean": -9.368971937352962,
    "best_do_mean": -7.120327024748831,
    "initial_pp_mean": -5.76153580877516,
    "final_pp_mean": -7.720649655659994,
    "best_pp_mean": -5.620482300387488
}