{
    "best_epoch": 26,
    "best_val_performance": 0.24065982182820722,
    "val_performance_metric": "diff",
    "train_loss": 2.380484104156494,
    "initial_pref_do": 0.15714285714285714,
    "final_pref_do": 0.02857142857142857,
    "best_pref_do": 0.024285714285714285
}