{
    "best_epoch": 63,
    "best_val_performance": 0.8951553153991707,
    "val_performance_metric": "diff",
    "train_loss": 2.102917194366455,
    "initial_do_mean": -7.689242134260577,
    "final_do_mean": -7.041057941178943,
    "best_do_mean": -7.159369755276414,
    "initial_pp_mean": -7.2529348324326905,
    "final_pp_mean": -5.976825198005227,
    "best_pp_mean": -6.089839244239471
}