{
    "best_epoch": 70,
    "best_val_performance": -0.28182048161824547,
    "val_performance_metric": "diff",
    "train_loss": 4.166411876678467,
    "initial_dative_mean": -7.317508072532409,
    "final_dative_mean": -6.15771420779284,
    "best_dative_mean": -6.15771420779284
}