{
    "best_epoch": 59,
    "best_val_performance": 0.25142142454783123,
    "val_performance_metric": "diff",
    "train_loss": 2.109841823577881,
    "initial_pref_do": 0.14857142857142858,
    "final_pref_do": 0.03,
    "best_pref_do": 0.022857142857142857
}