{
    "best_epoch": 67,
    "best_val_performance": 3.318098231951394,
    "val_performance_metric": "diff",
    "train_loss": 2.076765298843384,
    "initial_do_mean": -7.692169895698858,
    "final_do_mean": -8.079090984061708,
    "best_do_mean": -8.076343955688698,
    "initial_pp_mean": -7.294330358505249,
    "final_pp_mean": -6.781437508148305,
    "best_pp_mean": -6.767798127146328
}