{
    "best_epoch": 49,
    "best_val_performance": 5.599850052197773,
    "val_performance_metric": "diff",
    "train_loss": 3.2303032875061035,
    "initial_do_mean": -7.6984056761098465,
    "final_do_mean": -7.446558546188266,
    "best_do_mean": -6.771430199922517,
    "initial_pp_mean": -7.164396408024956,
    "final_pp_mean": -6.688407931608312,
    "best_pp_mean": -6.008791273481705
}