{
    "best_epoch": 27,
    "best_val_performance": 1.6053168106079099,
    "val_performance_metric": "diff",
    "train_loss": 2.8748087882995605,
    "initial_do_mean": -7.696216244337171,
    "final_do_mean": -6.383708700537682,
    "best_do_mean": -6.323930314807004,
    "initial_pp_mean": -7.164046680927276,
    "final_pp_mean": -5.441472648522433,
    "best_pp_mean": -4.838601120780496
}