{
    "best_epoch": 56,
    "best_val_performance": 3.397495323816935,
    "val_performance_metric": "diff",
    "train_loss": 2.5891993045806885,
    "initial_pref_do": 0.15714285714285714,
    "final_pref_do": 0.12571428571428572,
    "best_pref_do": 0.09857142857142857
}