{
    "best_epoch": 47,
    "best_val_performance": 2.6485452175140374,
    "val_performance_metric": "diff",
    "train_loss": 2.058885335922241,
    "initial_do_mean": -7.70120710203814,
    "final_do_mean": -11.045056504565617,
    "best_do_mean": -11.273864540249802,
    "initial_pp_mean": -7.167522059468662,
    "final_pp_mean": -10.158880423447664,
    "best_pp_mean": -9.882539454277824
}