{
    "best_epoch": 70,
    "best_val_performance": -0.16154848893483464,
    "val_performance_metric": "diff",
    "train_loss": 3.2411975860595703,
    "initial_dative_mean": -7.615289455965946,
    "final_dative_mean": -5.848813480975335,
    "best_dative_mean": -5.848813480975335
}