{
    "best_epoch": 20,
    "best_val_performance": 1.515583788553874,
    "val_performance_metric": "diff",
    "train_loss": 2.9029781818389893,
    "initial_dative_mean": -7.315498636828528,
    "final_dative_mean": -11.13492029277902,
    "best_dative_mean": -4.980996093729086
}