{
    "best_epoch": 70,
    "best_val_performance": 4.441752036412556,
    "val_performance_metric": "diff",
    "train_loss": 2.0059666633605957,
    "initial_pref_do": 0.09857142857142857,
    "final_pref_do": 0.08428571428571428,
    "best_pref_do": 0.08428571428571428
}