{
    "best_epoch": 54,
    "best_val_performance": 0.44874538421630916,
    "val_performance_metric": "diff",
    "train_loss": 2.0406887531280518,
    "initial_do_mean": -6.662036900086837,
    "final_do_mean": -5.153593933221066,
    "best_do_mean": -5.216971611254143,
    "initial_pp_mean": -5.920082190301684,
    "final_pp_mean": -4.402353771527609,
    "best_pp_mean": -4.382057764795092
}