{
    "best_epoch": 32,
    "best_val_performance": 0.5972926044464115,
    "val_performance_metric": "diff",
    "train_loss": 3.818363904953003,
    "initial_do_mean": -6.5423498211484965,
    "final_do_mean": -7.36195627414819,
    "best_do_mean": -6.728700569904212,
    "initial_pp_mean": -5.898170267211066,
    "final_pp_mean": -6.3728004693984985,
    "best_pp_mean": -5.850039018525018
}