{
    "best_epoch": 67,
    "best_val_performance": 1.7116270573933923,
    "val_performance_metric": "diff",
    "train_loss": 1.7795403003692627,
    "initial_do_mean": -6.550235040260084,
    "final_do_mean": -5.476457952730583,
    "best_do_mean": -5.416926616610903,
    "initial_pp_mean": -5.901886081695556,
    "final_pp_mean": -4.15596309767829,
    "best_pp_mean": -4.097423875331879
}