{
    "best_epoch": 26,
    "best_val_performance": 0.05508924325307163,
    "val_performance_metric": "diff",
    "train_loss": 2.3754723072052,
    "initial_do_mean": -7.688475703777269,
    "final_do_mean": -5.51003090898658,
    "best_do_mean": -5.2997459287560265,
    "initial_pp_mean": -7.175005971684175,
    "final_pp_mean": -4.552473219703225,
    "best_pp_mean": -4.383499891617719
}