{
    "best_epoch": 70,
    "best_val_performance": 3.1350438404083256,
    "val_performance_metric": "diff",
    "train_loss": 1.8660836219787598,
    "initial_do_mean": -6.553546183037035,
    "final_do_mean": -12.049543114864464,
    "best_do_mean": -12.049543114864464,
    "initial_pp_mean": -5.758761278788248,
    "final_pp_mean": -12.053356594509548,
    "best_pp_mean": -12.053356594509548
}