{
    "best_epoch": 61,
    "best_val_performance": -0.09554626782735198,
    "val_performance_metric": "diff",
    "train_loss": 2.6419835090637207,
    "initial_do_mean": -7.9595295405665105,
    "final_do_mean": -5.678658941457438,
    "best_do_mean": -5.7022311684004094,
    "initial_pp_mean": -7.573139564430012,
    "final_pp_mean": -5.275966623600792,
    "best_pp_mean": -5.2841712141738215
}