{
    "best_epoch": 57,
    "best_val_performance": -0.2031556463241575,
    "val_performance_metric": "diff",
    "train_loss": 4.363791465759277,
    "initial_do_mean": -7.69092554269835,
    "final_do_mean": -6.610135704278946,
    "best_do_mean": -6.73549229530401,
    "initial_pp_mean": -7.2559764041620145,
    "final_pp_mean": -5.983242860261131,
    "best_pp_mean": -6.147501204995548
}