{
    "best_epoch": 49,
    "best_val_performance": 2.245649892489115,
    "val_performance_metric": "diff",
    "train_loss": 1.3973585367202759,
    "initial_dative_mean": -7.340682401294597,
    "final_dative_mean": -6.120145439404493,
    "best_dative_mean": -5.31912663300135
}