{
    "best_epoch": 70,
    "best_val_performance": -0.18350459575653044,
    "val_performance_metric": "diff",
    "train_loss": 3.4555447101593018,
    "initial_dative_mean": -7.2835000122499745,
    "final_dative_mean": -5.535259823178687,
    "best_dative_mean": -5.535259823178687
}