{
    "best_epoch": 70,
    "best_val_performance": 0.12238376458485956,
    "val_performance_metric": "diff",
    "train_loss": 4.708459854125977,
    "initial_do_mean": -7.958399164122205,
    "final_do_mean": -6.041458052951236,
    "best_do_mean": -6.041458052951236,
    "initial_pp_mean": -7.531758126791786,
    "final_pp_mean": -5.7661096846356115,
    "best_pp_mean": -5.7661096846356115
}