{
    "best_epoch": 70,
    "best_val_performance": -0.5280316988627112,
    "val_performance_metric": "diff",
    "train_loss": 6.011112213134766,
    "initial_pref_do": 0.15714285714285714,
    "final_pref_do": 0.12714285714285714,
    "best_pref_do": 0.12714285714285714
}