{
    "best_epoch": 70,
    "best_val_performance": -0.131877077420552,
    "val_performance_metric": "diff",
    "train_loss": 3.4331860542297363,
    "initial_do_mean": -7.696868927672852,
    "final_do_mean": -6.120712817408318,
    "best_do_mean": -6.120712817408318,
    "initial_pp_mean": -7.163945248547722,
    "final_pp_mean": -5.330846926044015,
    "best_pp_mean": -5.330846926044015
}