{
    "best_epoch": 27,
    "best_val_performance": -0.21265891710917106,
    "val_performance_metric": "diff",
    "train_loss": 1.6118478775024414,
    "initial_do_mean": -7.6938598093598385,
    "final_do_mean": -6.2186816241158995,
    "best_do_mean": -6.032735877605372,
    "initial_pp_mean": -7.295888516482185,
    "final_pp_mean": -5.844835153046776,
    "best_pp_mean": -5.705115151405335
}