{
    "best_epoch": 70,
    "best_val_performance": -0.12571590741475358,
    "val_performance_metric": "diff",
    "train_loss": 1.3517273664474487,
    "initial_pref_do": 0.1357142857142857,
    "final_pref_do": 0.32,
    "best_pref_do": 0.32
}