{
    "best_epoch": 70,
    "best_val_performance": -0.2763497511545818,
    "val_performance_metric": "diff",
    "train_loss": 3.6114962100982666,
    "initial_do_mean": -6.637802501158281,
    "final_do_mean": -5.434806099804965,
    "best_do_mean": -5.434806099804965,
    "initial_pp_mean": -5.786542677879334,
    "final_pp_mean": -4.505530754725139,
    "best_pp_mean": -4.505530754725139
}