{
    "best_epoch": 57,
    "best_val_performance": 1.817056277592977,
    "val_performance_metric": "diff",
    "train_loss": 1.755048394203186,
    "initial_do_mean": -7.6970920001351555,
    "final_do_mean": -7.060420639293138,
    "best_do_mean": -7.327846215561379,
    "initial_pp_mean": -7.298418605327607,
    "final_pp_mean": -5.690041895473705,
    "best_pp_mean": -5.805135476589203
}