{
    "best_epoch": 12,
    "best_val_performance": 0.11813330332438099,
    "val_performance_metric": "diff",
    "train_loss": 2.446580410003662,
    "initial_dative_mean": -7.3406982794839735,
    "final_dative_mean": -5.260796317057303,
    "best_dative_mean": -5.043293170761644
}