{
    "best_epoch": 15,
    "best_val_performance": 0.9721445639928179,
    "val_performance_metric": "diff",
    "train_loss": 3.224482297897339,
    "initial_dative_mean": -7.255845990097313,
    "final_dative_mean": -5.826392645027205,
    "best_dative_mean": -5.005572143876762
}