{
    "best_epoch": 17,
    "best_val_performance": 0.08562580744425397,
    "val_performance_metric": "diff",
    "train_loss": 3.204684019088745,
    "initial_do_mean": -6.415741196545688,
    "final_do_mean": -5.10227089361711,
    "best_do_mean": -4.422610589229699,
    "initial_pp_mean": -5.741340380244785,
    "final_pp_mean": -4.302579119470384,
    "best_pp_mean": -3.686563781897227
}