{
    "best_epoch": 55,
    "best_val_performance": 0.17907146453857425,
    "val_performance_metric": "diff",
    "train_loss": 2.3286092281341553,
    "initial_do_mean": -7.954367596049641,
    "final_do_mean": -5.676382942255153,
    "best_do_mean": -5.367189507844836,
    "initial_pp_mean": -7.528511878322153,
    "final_pp_mean": -4.891845693307764,
    "best_pp_mean": -4.61903993101681
}