{
    "best_epoch": 24,
    "best_val_performance": 0.22993498961130765,
    "val_performance_metric": "diff",
    "train_loss": 3.0613763332366943,
    "initial_pref_do": 0.15714285714285714,
    "final_pref_do": 0.018571428571428572,
    "best_pref_do": 0.03142857142857143
}