{
    "best_epoch": 70,
    "best_val_performance": -0.08677501201629667,
    "val_performance_metric": "diff",
    "train_loss": 1.749164342880249,
    "initial_do_mean": -7.700510570476221,
    "final_do_mean": -6.075029231434645,
    "best_do_mean": -6.075029231434645,
    "initial_pp_mean": -7.166433180780972,
    "final_pp_mean": -5.450511894155951,
    "best_pp_mean": -5.450511894155951
}