{
    "best_epoch": 70,
    "best_val_performance": -0.5660109456380216,
    "val_performance_metric": "diff",
    "train_loss": 6.069328784942627,
    "initial_pref_do": 0.1357142857142857,
    "final_pref_do": 0.15285714285714286,
    "best_pref_do": 0.15285714285714286
}