{
    "best_epoch": 33,
    "best_val_performance": 0.49062796274820997,
    "val_performance_metric": "diff",
    "train_loss": 2.4298925399780273,
    "initial_do_mean": -7.59984201400779,
    "final_do_mean": -6.289901298492453,
    "best_do_mean": -5.70650793438734,
    "initial_pp_mean": -7.154684668428757,
    "final_pp_mean": -5.456501060373643,
    "best_pp_mean": -4.865592772469801
}