{
    "best_epoch": 19,
    "best_val_performance": 1.34716564655304,
    "val_performance_metric": "diff",
    "train_loss": 3.669020652770996,
    "initial_do_mean": -7.691764974316885,
    "final_do_mean": -6.2779976139928015,
    "best_do_mean": -5.319502411193626,
    "initial_pp_mean": -7.256926635433646,
    "final_pp_mean": -5.526244834941976,
    "best_pp_mean": -4.5649535638444565
}