{
    "best_epoch": 29,
    "best_val_performance": 1.0003862857818602,
    "val_performance_metric": "diff",
    "train_loss": 2.7656822204589844,
    "initial_dative_mean": -7.310719565689912,
    "final_dative_mean": -6.454874262997978,
    "best_dative_mean": -5.60982611287407
}