{
    "best_epoch": 70,
    "best_val_performance": -0.027600051561991634,
    "val_performance_metric": "diff",
    "train_loss": 4.332434177398682,
    "initial_pref_do": 0.18142857142857144,
    "final_pref_do": 0.3871428571428571,
    "best_pref_do": 0.3871428571428571
}