{
    "best_epoch": 23,
    "best_val_performance": 0.18868644873301132,
    "val_performance_metric": "diff",
    "train_loss": 3.8247365951538086,
    "initial_do_mean": -6.744596773205381,
    "final_do_mean": -4.6490476579377145,
    "best_do_mean": -4.201440197048766,
    "initial_pp_mean": -6.124782016542222,
    "final_pp_mean": -3.947422655423482,
    "best_pp_mean": -3.671648875872294
}