{
    "best_epoch": 55,
    "best_val_performance": 1.0914812803268434,
    "val_performance_metric": "diff",
    "train_loss": 2.1977107524871826,
    "initial_do_mean": -7.677284675282102,
    "final_do_mean": -6.639001309178596,
    "best_do_mean": -6.780609363733336,
    "initial_pp_mean": -7.077053318304174,
    "final_pp_mean": -5.890363857676001,
    "best_pp_mean": -6.0093774164424225
}