{
    "best_epoch": 58,
    "best_val_performance": 2.8984406328201304,
    "val_performance_metric": "diff",
    "train_loss": 0.7759529948234558,
    "initial_pref_do": 0.1357142857142857,
    "final_pref_do": 0.18,
    "best_pref_do": 0.18714285714285714
}