{
    "best_epoch": 70,
    "best_val_performance": -0.4862927468617757,
    "val_performance_metric": "diff",
    "train_loss": 6.0404181480407715,
    "initial_dative_mean": -7.311992928995724,
    "final_dative_mean": -7.039379007983626,
    "best_dative_mean": -7.039379007983626
}