{
    "best_epoch": 70,
    "best_val_performance": -0.3239686552683514,
    "val_performance_metric": "diff",
    "train_loss": 2.8929996490478516,
    "initial_do_mean": -6.50577759887233,
    "final_do_mean": -5.350772336035064,
    "best_do_mean": -5.350772336035064,
    "initial_pp_mean": -5.874642406569587,
    "final_pp_mean": -4.596944366561042,
    "best_pp_mean": -4.596944366561042
}