{
    "best_epoch": 38,
    "best_val_performance": -0.13749368031819653,
    "val_performance_metric": "diff",
    "train_loss": 2.6860697269439697,
    "initial_do_mean": -6.769477636163885,
    "final_do_mean": -5.131210837219701,
    "best_do_mean": -4.962866325089426,
    "initial_pp_mean": -6.099311624632941,
    "final_pp_mean": -4.873600074979994,
    "best_pp_mean": -4.551606721348232
}