{
    "best_epoch": 70,
    "best_val_performance": -0.5501906951268518,
    "val_performance_metric": "diff",
    "train_loss": 6.512754917144775,
    "initial_pref_do": 0.1357142857142857,
    "final_pref_do": 0.14,
    "best_pref_do": 0.14
}