{
    "best_epoch": 70,
    "best_val_performance": -0.6551065921783454,
    "val_performance_metric": "diff",
    "train_loss": 5.756754398345947,
    "initial_pref_do": 0.12714285714285714,
    "final_pref_do": 0.12,
    "best_pref_do": 0.12
}