{
    "best_epoch": 34,
    "best_val_performance": -0.1866885662078852,
    "val_performance_metric": "diff",
    "train_loss": 5.0747904777526855,
    "initial_do_mean": -7.688977382903875,
    "final_do_mean": -6.397384439096895,
    "best_do_mean": -6.708226757687192,
    "initial_pp_mean": -7.25379052512786,
    "final_pp_mean": -5.933014085362939,
    "best_pp_mean": -6.199819353047539
}