{
    "best_epoch": 70,
    "best_val_performance": 0.17670072237650558,
    "val_performance_metric": "diff",
    "train_loss": 1.9749464988708496,
    "initial_pref_do": 0.17857142857142858,
    "final_pref_do": 0.07142857142857142,
    "best_pref_do": 0.07142857142857142
}