{
    "best_epoch": 70,
    "best_val_performance": 0.11561036904652955,
    "val_performance_metric": "diff",
    "train_loss": 2.1356706619262695,
    "initial_do_mean": -6.747797672676318,
    "final_do_mean": -4.8451461517449586,
    "best_do_mean": -4.8451461517449586,
    "initial_pp_mean": -6.129246303770278,
    "final_pp_mean": -4.3566217846340605,
    "best_pp_mean": -4.3566217846340605
}