{
    "best_epoch": 53,
    "best_val_performance": 4.652650904655456,
    "val_performance_metric": "diff",
    "train_loss": 2.0813310146331787,
    "initial_do_mean": -6.773886328032522,
    "final_do_mean": -7.0012131893273555,
    "best_do_mean": -6.548865607290557,
    "initial_pp_mean": -6.105650512377421,
    "final_pp_mean": -6.314382004737854,
    "best_pp_mean": -5.911845103899638
}