{
    "best_epoch": 20,
    "best_val_performance": -0.3242557446161909,
    "val_performance_metric": "diff",
    "train_loss": 3.0933315753936768,
    "initial_pref_do": 0.15714285714285714,
    "final_pref_do": 0.09428571428571429,
    "best_pref_do": 0.19857142857142857
}