{
    "best_epoch": 15,
    "best_val_performance": 0.4781834904352831,
    "val_performance_metric": "diff",
    "train_loss": 3.216407060623169,
    "initial_do_mean": -6.418399650400335,
    "final_do_mean": -5.162603376850937,
    "best_do_mean": -4.247032489198627,
    "initial_pp_mean": -5.7423357301288185,
    "final_pp_mean": -4.7461305909686615,
    "best_pp_mean": -3.8581353505452474
}