{
    "best_epoch": 20,
    "best_val_performance": -0.05431036949157697,
    "val_performance_metric": "diff",
    "train_loss": 3.0663092136383057,
    "initial_pref_do": 0.13428571428571429,
    "final_pref_do": 0.02857142857142857,
    "best_pref_do": 0.05142857142857143
}