{
    "best_epoch": 47,
    "best_val_performance": 1.9956240065892548,
    "val_performance_metric": "diff",
    "train_loss": 2.3037543296813965,
    "initial_do_mean": -7.696294478205747,
    "final_do_mean": -6.169577021584955,
    "best_do_mean": -5.960288681956225,
    "initial_pp_mean": -7.297349450868719,
    "final_pp_mean": -5.214110710691004,
    "best_pp_mean": -5.057804872007931
}