{
    "best_epoch": 70,
    "best_val_performance": -0.6131399520238237,
    "val_performance_metric": "diff",
    "train_loss": 7.598230361938477,
    "initial_dative_mean": -7.1941788137307645,
    "final_dative_mean": -6.887296010527694,
    "best_dative_mean": -6.887296010527694
}