{
    "best_epoch": 5,
    "best_val_performance": 0.3866231997807823,
    "val_performance_metric": "diff",
    "train_loss": 3.185028553009033,
    "initial_do_mean": -6.557751275553848,
    "final_do_mean": -7.529438975363067,
    "best_do_mean": -4.314368555762551,
    "initial_pp_mean": -5.761632217301263,
    "final_pp_mean": -7.311064418156942,
    "best_pp_mean": -4.221605581707425
}