{
    "best_epoch": 70,
    "best_val_performance": -0.6561861356099445,
    "val_performance_metric": "diff",
    "train_loss": 5.5961079597473145,
    "initial_pref_do": 0.15571428571428572,
    "final_pref_do": 0.17714285714285713,
    "best_pref_do": 0.17714285714285713
}