{
    "best_epoch": 70,
    "best_val_performance": 0.06556315263112378,
    "val_performance_metric": "diff",
    "train_loss": 1.7068614959716797,
    "initial_pref_do": 0.12714285714285714,
    "final_pref_do": 0.2757142857142857,
    "best_pref_do": 0.2757142857142857
}