{
    "best_epoch": 70,
    "best_val_performance": 2.0158568048477177,
    "val_performance_metric": "diff",
    "train_loss": 1.755496859550476,
    "initial_pref_do": 0.15857142857142856,
    "final_pref_do": 0.21,
    "best_pref_do": 0.21
}