{
    "best_epoch": 38,
    "best_val_performance": 0.20507044951120967,
    "val_performance_metric": "diff",
    "train_loss": 1.2796367406845093,
    "initial_do_mean": -7.839722881483477,
    "final_do_mean": -6.8211091535035955,
    "best_do_mean": -6.4847706223643105,
    "initial_pp_mean": -7.373530299523297,
    "final_pp_mean": -5.883290820963243,
    "best_pp_mean": -5.64802292024388
}