{
    "best_epoch": 68,
    "best_val_performance": 0.14816236654917336,
    "val_performance_metric": "diff",
    "train_loss": 2.72047758102417,
    "initial_pref_do": 0.14714285714285713,
    "final_pref_do": 0.28285714285714286,
    "best_pref_do": 0.28285714285714286
}