{
    "best_epoch": 65,
    "best_val_performance": 2.175095626513162,
    "val_performance_metric": "diff",
    "train_loss": 2.2473480701446533,
    "initial_pref_do": 0.09714285714285714,
    "final_pref_do": 0.2357142857142857,
    "best_pref_do": 0.23142857142857143
}