{
    "best_epoch": 40,
    "best_val_performance": 0.922356875737508,
    "val_performance_metric": "diff",
    "train_loss": 1.8704392910003662,
    "initial_pref_do": 0.18142857142857144,
    "final_pref_do": 0.5357142857142857,
    "best_pref_do": 0.4342857142857143
}