{
    "best_epoch": 67,
    "best_val_performance": -0.08878533999125171,
    "val_performance_metric": "diff",
    "train_loss": 3.9908885955810547,
    "initial_do_mean": -7.6886728419814,
    "final_do_mean": -6.124119962370673,
    "best_do_mean": -6.159346687932347,
    "initial_pp_mean": -7.252892163921805,
    "final_pp_mean": -5.240672041388119,
    "best_pp_mean": -5.276566058747909
}