{
    "best_epoch": 70,
    "best_val_performance": 0.179482288360596,
    "val_performance_metric": "diff",
    "train_loss": 2.0787575244903564,
    "initial_dative_mean": -7.3428696986527475,
    "final_dative_mean": -4.9194942106280415,
    "best_dative_mean": -4.9194942106280415
}