{
    "best_epoch": 70,
    "best_val_performance": -0.18728722413380883,
    "val_performance_metric": "diff",
    "train_loss": 3.802088499069214,
    "initial_dative_mean": -7.2863605977498995,
    "final_dative_mean": -5.910824356546179,
    "best_dative_mean": -5.910824356546179
}