{
    "best_epoch": 69,
    "best_val_performance": 1.8286260366439828,
    "val_performance_metric": "diff",
    "train_loss": 1.5404177904129028,
    "initial_do_mean": -7.700805488020875,
    "final_do_mean": -7.650526941515679,
    "best_do_mean": -7.602461507847143,
    "initial_pp_mean": -7.167821175210616,
    "final_pp_mean": -6.966106995414285,
    "best_pp_mean": -6.91432745737188
}