{
    "best_epoch": 70,
    "best_val_performance": -0.13659156004587825,
    "val_performance_metric": "diff",
    "train_loss": 4.363577365875244,
    "initial_do_mean": -6.5579961054252855,
    "final_do_mean": -5.029233740315293,
    "best_do_mean": -5.029233740315293,
    "initial_pp_mean": -5.760876091321309,
    "final_pp_mean": -4.374857881334093,
    "best_pp_mean": -4.374857881334093
}