{
    "best_epoch": 42,
    "best_val_performance": 0.5899972852071125,
    "val_performance_metric": "diff",
    "train_loss": 2.2805049419403076,
    "initial_pref_do": 0.1357142857142857,
    "final_pref_do": 0.16857142857142857,
    "best_pref_do": 0.12428571428571429
}