{
    "best_epoch": 22,
    "best_val_performance": 0.017832001050313018,
    "val_performance_metric": "diff",
    "train_loss": 2.4874536991119385,
    "initial_pref_do": 0.17857142857142858,
    "final_pref_do": 0.10857142857142857,
    "best_pref_do": 0.11714285714285715
}