{
    "best_epoch": 58,
    "best_val_performance": 0.6841627486546829,
    "val_performance_metric": "diff",
    "train_loss": 2.2356252670288086,
    "initial_do_mean": -6.418190174391776,
    "final_do_mean": -5.238042743278272,
    "best_do_mean": -5.166673515782212,
    "initial_pp_mean": -5.74288788901435,
    "final_pp_mean": -4.848155993885464,
    "best_pp_mean": -4.790966762436761
}