{
    "best_epoch": 70,
    "best_val_performance": 0.6774467182159416,
    "val_performance_metric": "diff",
    "train_loss": 2.101803779602051,
    "initial_pref_do": 0.14714285714285713,
    "final_pref_do": 0.42428571428571427,
    "best_pref_do": 0.42428571428571427
}