{
    "best_epoch": 39,
    "best_val_performance": 0.44798055648803725,
    "val_performance_metric": "diff",
    "train_loss": 2.9127066135406494,
    "initial_pref_do": 0.18142857142857144,
    "final_pref_do": 0.08714285714285715,
    "best_pref_do": 0.09857142857142857
}