{
    "best_epoch": 20,
    "best_val_performance": 0.1174793020884195,
    "val_performance_metric": "diff",
    "train_loss": 3.1578688621520996,
    "initial_pref_do": 0.17714285714285713,
    "final_pref_do": 0.2714285714285714,
    "best_pref_do": 0.12571428571428572
}