{
    "best_epoch": 16,
    "best_val_performance": 0.14154724915822392,
    "val_performance_metric": "diff",
    "train_loss": 4.261692523956299,
    "initial_do_mean": -6.418213605880737,
    "final_do_mean": -5.455316823901552,
    "best_do_mean": -5.001942313801159,
    "initial_pp_mean": -5.73929615020752,
    "final_pp_mean": -4.644990306430393,
    "best_pp_mean": -4.284630788697137
}