{
    "best_epoch": 9,
    "best_val_performance": 0.6573693641026814,
    "val_performance_metric": "diff",
    "train_loss": 4.689001083374023,
    "initial_pref_do": 0.12714285714285714,
    "final_pref_do": 0.39285714285714285,
    "best_pref_do": 0.19
}