{
    "best_epoch": 70,
    "best_val_performance": -0.5640494108200071,
    "val_performance_metric": "diff",
    "train_loss": 5.372499942779541,
    "initial_dative_mean": -7.3411137092183205,
    "final_dative_mean": -6.988339422390475,
    "best_dative_mean": -6.988339422390475
}