{
    "best_epoch": 33,
    "best_val_performance": 2.4780614201227813,
    "val_performance_metric": "diff",
    "train_loss": 2.9565579891204834,
    "initial_pref_do": 0.12714285714285714,
    "final_pref_do": 0.05142857142857143,
    "best_pref_do": 0.012857142857142857
}