{
    "best_epoch": 41,
    "best_val_performance": 0.01681620279947893,
    "val_performance_metric": "diff",
    "train_loss": 2.219428777694702,
    "initial_do_mean": -6.534536436832313,
    "final_do_mean": -5.817539652911099,
    "best_do_mean": -5.562628624655984,
    "initial_pp_mean": -5.901935124397278,
    "final_pp_mean": -5.2563242276509605,
    "best_pp_mean": -4.946768985854255
}