{
    "best_epoch": 28,
    "best_val_performance": 0.11960304578145387,
    "val_performance_metric": "diff",
    "train_loss": 3.059238910675049,
    "initial_do_mean": -6.557359139124553,
    "final_do_mean": -4.909869485912901,
    "best_do_mean": -4.573532647797555,
    "initial_pp_mean": -5.7626609272427025,
    "final_pp_mean": -4.21195924282074,
    "best_pp_mean": -3.8445507182015315
}