{
    "best_epoch": 21,
    "best_val_performance": 1.3278481038411467,
    "val_performance_metric": "diff",
    "train_loss": 1.9451299905776978,
    "initial_pref_do": 0.18,
    "final_pref_do": 0.06285714285714286,
    "best_pref_do": 0.05142857142857143
}