{
    "best_epoch": 70,
    "best_val_performance": -0.09748894691467314,
    "val_performance_metric": "diff",
    "train_loss": 3.880425453186035,
    "initial_do_mean": -7.699834986481556,
    "final_do_mean": -5.980324779139009,
    "best_do_mean": -5.980324779139009,
    "initial_pp_mean": -7.166237826908336,
    "final_pp_mean": -5.1051430414704715,
    "best_pp_mean": -5.1051430414704715
}