{
    "best_epoch": 25,
    "best_val_performance": 2.0233740297953284,
    "val_performance_metric": "diff",
    "train_loss": 2.778714179992676,
    "initial_do_mean": -7.687423838432445,
    "final_do_mean": -8.108810842730279,
    "best_do_mean": -5.506871636177218,
    "initial_pp_mean": -7.173346138701719,
    "final_pp_mean": -8.056290790263343,
    "best_pp_mean": -4.982021130884395
}