{
    "best_epoch": 15,
    "best_val_performance": -0.17519207795461078,
    "val_performance_metric": "diff",
    "train_loss": 3.276650905609131,
    "initial_do_mean": -6.660226849353674,
    "final_do_mean": -5.661590018416896,
    "best_do_mean": -4.992650929364291,
    "initial_pp_mean": -5.919107249048021,
    "final_pp_mean": -4.844566901524861,
    "best_pp_mean": -4.147104676564535
}