{
    "best_epoch": 70,
    "best_val_performance": -0.35711554686228464,
    "val_performance_metric": "diff",
    "train_loss": 4.089432239532471,
    "initial_dative_mean": -7.285137179999324,
    "final_dative_mean": -5.610379324844706,
    "best_dative_mean": -5.610379324844706
}