{
    "best_epoch": 31,
    "best_val_performance": -0.01900947411855025,
    "val_performance_metric": "diff",
    "train_loss": 1.0945812463760376,
    "initial_do_mean": -7.6910309535126355,
    "final_do_mean": -6.389403037207071,
    "best_do_mean": -6.46346125699753,
    "initial_pp_mean": -7.255471811575048,
    "final_pp_mean": -5.962262888866312,
    "best_pp_mean": -6.0470585595158965
}