{
    "best_epoch": 32,
    "best_val_performance": 2.60294485727946,
    "val_performance_metric": "diff",
    "train_loss": 2.18566632270813,
    "initial_do_mean": -6.552159751545299,
    "final_do_mean": -8.734085515051177,
    "best_do_mean": -8.417919466712258,
    "initial_pp_mean": -5.756365047560798,
    "final_pp_mean": -7.756950704256694,
    "best_pp_mean": -7.4085204654269745
}