{
    "best_epoch": 37,
    "best_val_performance": 1.491035359700521,
    "val_performance_metric": "diff",
    "train_loss": 2.680737257003784,
    "initial_do_mean": -7.595561509908632,
    "final_do_mean": -5.887876886614533,
    "best_do_mean": -6.03859871937785,
    "initial_pp_mean": -7.151574404800639,
    "final_pp_mean": -5.542616108585807,
    "best_pp_mean": -5.670387620435042
}