{
    "best_epoch": 70,
    "best_val_performance": -0.7037013943990074,
    "val_performance_metric": "diff",
    "train_loss": 6.487026691436768,
    "initial_dative_mean": -7.309582034746806,
    "final_dative_mean": -7.087518720947511,
    "best_dative_mean": -7.087518720947511
}