{
    "best_epoch": 70,
    "best_val_performance": 2.818200772603353,
    "val_performance_metric": "diff",
    "train_loss": 1.431488037109375,
    "initial_pref_do": 0.18285714285714286,
    "final_pref_do": 0.11285714285714285,
    "best_pref_do": 0.11285714285714285
}