{
    "best_epoch": 69,
    "best_val_performance": 3.1835816494623828,
    "val_performance_metric": "diff",
    "train_loss": 1.0128635168075562,
    "initial_do_mean": -6.76707601258249,
    "final_do_mean": -9.541936451016051,
    "best_do_mean": -9.423452098441846,
    "initial_pp_mean": -6.102734997537401,
    "final_pp_mean": -6.781433500183953,
    "best_pp_mean": -6.720518533388773
}