{
    "best_epoch": 54,
    "best_val_performance": 1.9770251369476322,
    "val_performance_metric": "diff",
    "train_loss": 1.641374945640564,
    "initial_do_mean": -7.838714418023131,
    "final_do_mean": -6.16960606429466,
    "best_do_mean": -6.087549201970877,
    "initial_pp_mean": -7.374448452276342,
    "final_pp_mean": -6.562525741142385,
    "best_pp_mean": -6.555578356630662
}