{
    "best_epoch": 44,
    "best_val_performance": 0.5480886014302566,
    "val_performance_metric": "diff",
    "train_loss": 1.1959220170974731,
    "initial_do_mean": -6.656416041923292,
    "final_do_mean": -5.1047992561802715,
    "best_do_mean": -4.585022506569371,
    "initial_pp_mean": -5.916192950142754,
    "final_pp_mean": -4.44897106356091,
    "best_pp_mean": -4.087623262405396
}