{
    "best_epoch": 70,
    "best_val_performance": -0.18291368961334165,
    "val_performance_metric": "diff",
    "train_loss": 4.523121356964111,
    "initial_do_mean": -7.9620429409104725,
    "final_do_mean": -5.8469758695641225,
    "best_do_mean": -5.8469758695641225,
    "initial_pp_mean": -7.535818358729867,
    "final_pp_mean": -5.574567316560184,
    "best_pp_mean": -5.574567316560184
}