{
    "best_epoch": 64,
    "best_val_performance": -0.06707696914672834,
    "val_performance_metric": "diff",
    "train_loss": 2.3959901332855225,
    "initial_do_mean": -6.419928870056615,
    "final_do_mean": -5.305175788474806,
    "best_do_mean": -5.298164369120743,
    "initial_pp_mean": -5.742941456370883,
    "final_pp_mean": -4.5098308907614815,
    "best_pp_mean": -4.509339327282376
}