{
    "best_epoch": 22,
    "best_val_performance": 0.15958845615386963,
    "val_performance_metric": "diff",
    "train_loss": 3.3478050231933594,
    "initial_do_mean": -7.8361570606398026,
    "final_do_mean": -5.626883265584014,
    "best_do_mean": -5.258572529914767,
    "initial_pp_mean": -7.371219862208647,
    "final_pp_mean": -5.161237308908912,
    "best_pp_mean": -4.866040419129765
}