{
    "best_epoch": 54,
    "best_val_performance": 3.692573334376018,
    "val_performance_metric": "diff",
    "train_loss": 2.2205371856689453,
    "initial_do_mean": -6.554166527950403,
    "final_do_mean": -8.963569323221842,
    "best_do_mean": -9.051823997497559,
    "initial_pp_mean": -5.759234725104438,
    "final_pp_mean": -9.364018328984578,
    "best_pp_mean": -9.509016609191894
}