{
    "best_epoch": 70,
    "best_val_performance": -0.386718951861063,
    "val_performance_metric": "diff",
    "train_loss": 6.981335639953613,
    "initial_dative_mean": -7.464061745426111,
    "final_dative_mean": -6.95442691602205,
    "best_dative_mean": -6.95442691602205
}