{
    "best_epoch": 8,
    "best_val_performance": 0.46751832962036133,
    "val_performance_metric": "diff",
    "train_loss": 3.886157751083374,
    "initial_do_mean": -7.638109665277392,
    "final_do_mean": -7.240513569047285,
    "best_do_mean": -5.192766203090202,
    "initial_pp_mean": -6.995370878191555,
    "final_pp_mean": -6.4216814959750455,
    "best_pp_mean": -4.805169594989104
}