{
    "best_epoch": 70,
    "best_val_performance": -0.6224958419799806,
    "val_performance_metric": "diff",
    "train_loss": 7.036376476287842,
    "initial_dative_mean": -7.314799188173305,
    "final_dative_mean": -7.0669192239555,
    "best_dative_mean": -7.0669192239555
}