{
    "best_epoch": 29,
    "best_val_performance": 0.42484217961629245,
    "val_performance_metric": "diff",
    "train_loss": 2.2178292274475098,
    "initial_pref_do": 0.14714285714285713,
    "final_pref_do": 0.1357142857142857,
    "best_pref_do": 0.1
}