{
    "best_epoch": 70,
    "best_val_performance": 0.21725167274475066,
    "val_performance_metric": "diff",
    "train_loss": 1.7075399160385132,
    "initial_do_mean": -6.53233975352663,
    "final_do_mean": -4.947536042242339,
    "best_do_mean": -4.947536042242339,
    "initial_pp_mean": -5.8992588467068146,
    "final_pp_mean": -4.249252904786004,
    "best_pp_mean": -4.249252904786004
}