{
    "best_epoch": 45,
    "best_val_performance": 1.6587457704544066,
    "val_performance_metric": "diff",
    "train_loss": 1.7323366403579712,
    "initial_do_mean": -7.955862443114436,
    "final_do_mean": -8.326208242843318,
    "best_do_mean": -7.555193555909534,
    "initial_pp_mean": -7.5710534930229185,
    "final_pp_mean": -7.304679722295088,
    "best_pp_mean": -6.5914382187759175
}