{
    "best_epoch": 22,
    "best_val_performance": 2.155164171854654,
    "val_performance_metric": "diff",
    "train_loss": 2.2090609073638916,
    "initial_pref_do": 0.10142857142857142,
    "final_pref_do": 0.3271428571428571,
    "best_pref_do": 0.03857142857142857
}