{
    "best_epoch": 38,
    "best_val_performance": 2.742854833602906,
    "val_performance_metric": "diff",
    "train_loss": 1.8984655141830444,
    "initial_do_mean": -7.700917679903119,
    "final_do_mean": -6.7131084962639695,
    "best_do_mean": -6.6603287697531455,
    "initial_pp_mean": -7.167488182993496,
    "final_pp_mean": -6.104697750947055,
    "best_pp_mean": -5.833446956031462
}