{
    "best_epoch": 32,
    "best_val_performance": 0.3042881377538045,
    "val_performance_metric": "diff",
    "train_loss": 1.459963083267212,
    "initial_dative_mean": -7.315493316329711,
    "final_dative_mean": -5.767902272835112,
    "best_dative_mean": -5.217106864117739
}