{
    "best_epoch": 69,
    "best_val_performance": -0.09498405297597223,
    "val_performance_metric": "diff",
    "train_loss": 2.4875330924987793,
    "initial_do_mean": -6.507342688242594,
    "final_do_mean": -5.253458095319344,
    "best_do_mean": -5.25439537077239,
    "initial_pp_mean": -5.874541709158156,
    "final_pp_mean": -4.633103948169285,
    "best_pp_mean": -4.6310567008124455
}