{
    "best_epoch": 11,
    "best_val_performance": 1.220094016393026,
    "val_performance_metric": "diff",
    "train_loss": 3.821866750717163,
    "initial_do_mean": -7.687143171942512,
    "final_do_mean": -10.283203799364179,
    "best_do_mean": -5.617465582351352,
    "initial_pp_mean": -7.173683539558859,
    "final_pp_mean": -8.852259460617514,
    "best_pp_mean": -5.068731100418988
}