{
    "best_epoch": 25,
    "best_val_performance": -0.2468044932683311,
    "val_performance_metric": "diff",
    "train_loss": 3.2285547256469727,
    "initial_do_mean": -6.660226849353674,
    "final_do_mean": -5.557257523681178,
    "best_do_mean": -5.1078834692637125,
    "initial_pp_mean": -5.919107249048021,
    "final_pp_mean": -4.669089436531067,
    "best_pp_mean": -4.275446261299981
}