{
    "best_epoch": 29,
    "best_val_performance": 0.8298846817016603,
    "val_performance_metric": "diff",
    "train_loss": 2.875258207321167,
    "initial_do_mean": -7.671156464621078,
    "final_do_mean": -6.313177077576172,
    "best_do_mean": -6.145583619211996,
    "initial_pp_mean": -7.072329178277184,
    "final_pp_mean": -5.872340630082523,
    "best_pp_mean": -5.694535110978519
}