{
    "best_epoch": 33,
    "best_val_performance": 0.08999696890513054,
    "val_performance_metric": "diff",
    "train_loss": 2.716852903366089,
    "initial_pref_do": 0.1457142857142857,
    "final_pref_do": 0.03,
    "best_pref_do": 0.047142857142857146
}