{
    "best_epoch": 68,
    "best_val_performance": 2.2563370752334597,
    "val_performance_metric": "diff",
    "train_loss": 1.5629167556762695,
    "initial_do_mean": -7.693831423687381,
    "final_do_mean": -6.989277451190838,
    "best_do_mean": -6.986275371423988,
    "initial_pp_mean": -7.295285455619587,
    "final_pp_mean": -5.983501822457594,
    "best_pp_mean": -5.977138732461368
}