{
    "best_epoch": 23,
    "best_val_performance": 0.12708455085754355,
    "val_performance_metric": "diff",
    "train_loss": 2.061988115310669,
    "initial_do_mean": -7.596302812182626,
    "final_do_mean": -6.2149051088233325,
    "best_do_mean": -5.589771808233372,
    "initial_pp_mean": -7.151457325851216,
    "final_pp_mean": -5.438239603182849,
    "best_pp_mean": -4.973748503362431
}