{
    "best_epoch": 23,
    "best_val_performance": 3.622200716336568,
    "val_performance_metric": "diff",
    "train_loss": 2.2026078701019287,
    "initial_do_mean": -7.6379314023394915,
    "final_do_mean": -7.46959958138854,
    "best_do_mean": -6.669480831817139,
    "initial_pp_mean": -6.994522415890414,
    "final_pp_mean": -7.812424718281802,
    "best_pp_mean": -7.21833225067924
}