{
    "best_epoch": 17,
    "best_val_performance": 0.14559225082397464,
    "val_performance_metric": "diff",
    "train_loss": 1.894147276878357,
    "initial_do_mean": -7.837579818659051,
    "final_do_mean": -5.741131850799849,
    "best_do_mean": -5.587743274694265,
    "initial_pp_mean": -7.373455743228688,
    "final_pp_mean": -4.720932322039324,
    "best_pp_mean": -4.6862268479431375
}