{
    "best_epoch": 23,
    "best_val_performance": 0.28479995886484843,
    "val_performance_metric": "diff",
    "train_loss": 3.544898509979248,
    "initial_do_mean": -6.747097990729592,
    "final_do_mean": -4.89896772702535,
    "best_do_mean": -4.369479862848918,
    "initial_pp_mean": -6.130126404762268,
    "final_pp_mean": -4.330070967144437,
    "best_pp_mean": -3.8208936161465115
}