{
    "best_epoch": 25,
    "best_val_performance": 2.6766667048136394,
    "val_performance_metric": "diff",
    "train_loss": 2.4637086391448975,
    "initial_pref_do": 0.14714285714285713,
    "final_pref_do": 0.10285714285714286,
    "best_pref_do": 0.05
}