{
    "best_epoch": 23,
    "best_val_performance": 1.649651037851969,
    "val_performance_metric": "diff",
    "train_loss": 1.8597526550292969,
    "initial_pref_do": 0.09714285714285714,
    "final_pref_do": 0.13714285714285715,
    "best_pref_do": 0.2057142857142857
}