{
    "best_epoch": 42,
    "best_val_performance": 2.5936017672220864,
    "val_performance_metric": "diff",
    "train_loss": 1.9686509370803833,
    "initial_pref_do": 0.14714285714285713,
    "final_pref_do": 0.07714285714285714,
    "best_pref_do": 0.07142857142857142
}