{
    "best_epoch": 47,
    "best_val_performance": 0.35147464752197255,
    "val_performance_metric": "diff",
    "train_loss": 2.4981863498687744,
    "initial_do_mean": -6.554080061479048,
    "final_do_mean": -4.945889384818799,
    "best_do_mean": -4.492215446992354,
    "initial_pp_mean": -5.758152349789937,
    "final_pp_mean": -4.1770313342412315,
    "best_pp_mean": -3.824520630306668
}