{
    "best_epoch": 4,
    "best_val_performance": -0.005850672721862793,
    "val_performance_metric": "diff",
    "train_loss": 4.827994346618652,
    "initial_pref_do": 0.12714285714285714,
    "final_pref_do": 0.06142857142857143,
    "best_pref_do": 0.22714285714285715
}