{
    "best_epoch": 27,
    "best_val_performance": 0.2395197137196856,
    "val_performance_metric": "diff",
    "train_loss": 3.5333755016326904,
    "initial_do_mean": -6.76331065640305,
    "final_do_mean": -5.07574167396083,
    "best_do_mean": -4.93456337668679,
    "initial_pp_mean": -6.097170684072706,
    "final_pp_mean": -4.713988826009962,
    "best_pp_mean": -4.482510028945075
}