{
    "best_epoch": 27,
    "best_val_performance": 1.6241463247934984,
    "val_performance_metric": "diff",
    "train_loss": 2.2445101737976074,
    "initial_pref_do": 0.15571428571428572,
    "final_pref_do": 0.08714285714285715,
    "best_pref_do": 0.1
}