{
    "best_epoch": 25,
    "best_val_performance": 1.4304431343078612,
    "val_performance_metric": "diff",
    "train_loss": 2.8673014640808105,
    "initial_do_mean": -6.550361316854303,
    "final_do_mean": -5.310576486587524,
    "best_do_mean": -4.912780203963771,
    "initial_pp_mean": -5.903021576669481,
    "final_pp_mean": -4.532472724384732,
    "best_pp_mean": -4.206459344757928
}