{
    "best_epoch": 41,
    "best_val_performance": 0.0023105986913050103,
    "val_performance_metric": "diff",
    "train_loss": 2.3590033054351807,
    "initial_do_mean": -7.691630138907322,
    "final_do_mean": -6.024255015475806,
    "best_do_mean": -5.882156099690947,
    "initial_pp_mean": -7.256102361398585,
    "final_pp_mean": -5.026976829416611,
    "best_pp_mean": -4.8166268709827875
}