{
    "best_epoch": 70,
    "best_val_performance": -0.5847622569402056,
    "val_performance_metric": "diff",
    "train_loss": 5.034119129180908,
    "initial_pref_do": 0.09714285714285714,
    "final_pref_do": 0.11571428571428571,
    "best_pref_do": 0.11571428571428571
}