{
    "best_epoch": 65,
    "best_val_performance": 1.0423646799723318,
    "val_performance_metric": "diff",
    "train_loss": 2.163912296295166,
    "initial_do_mean": -6.506647868589922,
    "final_do_mean": -6.5417457262674965,
    "best_do_mean": -6.437930169250026,
    "initial_pp_mean": -5.874518866009183,
    "final_pp_mean": -6.422491338517931,
    "best_pp_mean": -6.303874248928494
}