{
    "best_epoch": 70,
    "best_val_performance": 4.700399190584818,
    "val_performance_metric": "diff",
    "train_loss": 0.9519652724266052,
    "initial_do_mean": -7.6988281787827955,
    "final_do_mean": -11.890820604424144,
    "best_do_mean": -11.890820604424144,
    "initial_pp_mean": -7.165725805478938,
    "final_pp_mean": -9.065411979661269,
    "best_pp_mean": -9.065411979661269
}