{
    "best_epoch": 22,
    "best_val_performance": 3.579411261876423,
    "val_performance_metric": "diff",
    "train_loss": 2.900097370147705,
    "initial_pref_do": 0.12714285714285714,
    "final_pref_do": 0.12857142857142856,
    "best_pref_do": 0.10857142857142857
}