{
    "best_epoch": 70,
    "best_val_performance": -0.3347245295842489,
    "val_performance_metric": "diff",
    "train_loss": 4.411482334136963,
    "initial_do_mean": -6.633282379670576,
    "final_do_mean": -5.271779350800948,
    "best_do_mean": -5.271779350800948,
    "initial_pp_mean": -5.7858819299274025,
    "final_pp_mean": -4.4464332342147825,
    "best_pp_mean": -4.4464332342147825
}