idx,dative,best_lr,best_wd,best_epoch,verbhood_diff,do,pp
1,do,0.05,0.0,19,2.2443002760410318,-5.786664912194917,-5.147344432936775
2,pp,0.05,0.0,20,0.4723457968235012,-5.808656659270778,-4.5668857865863375
3,do,0.05,0.0,18,1.2872778511047365,-5.353029238093983,-4.998301484849718
4,pp,0.05,0.0,3,-0.02362521648406979,-4.4135748559778385,-3.752938559320238
5,do,0.05,0.0,13,1.4727590537071222,-6.10833095926227,-5.15352857377794
6,pp,0.05,0.0,7,0.2836278235912326,-5.16138078660676,-4.05971167617374
7,do,0.05,0.0,63,1.996190421581268,-8.19774349675034,-7.948086828655667
8,pp,0.05,0.0,17,1.5952066314220428,-4.9829420147520125,-4.126225451628367
9,do,0.05,0.0,70,1.2540251779556275,-8.134105391935869,-7.143748410542806
10,pp,0.05,0.0,70,0.050035459995269704,-7.134515934279471,-5.7642015271716645
11,do,0.05,0.0,70,1.5310018515586865,-7.5941802487228856,-6.760359488593208
12,pp,0.05,0.0,7,0.6950479805469518,-5.0777982220505224,-3.992556695143382
13,do,0.05,0.0,70,0.8131324708461776,-8.402445908748742,-7.132263962427775
14,pp,0.05,0.0,17,0.8793548834323888,-4.734246554519191,-4.042415881156922
15,do,0.05,0.0,7,0.2862629354000088,-5.7873105699365786,-5.300990928543938
16,pp,0.05,0.0,11,0.7217484331130981,-4.629114415428855,-4.177627489301893
17,do,0.05,0.0,30,3.028122663497925,-5.581338867996678,-5.360022287898594
18,pp,0.05,0.0,12,1.8569416141510002,-4.49370496489785,-3.8687772618399725
19,do,0.05,0.0,23,3.2016383743286125,-4.717711227590388,-4.287905214892493
20,pp,0.05,0.0,25,1.568133635520935,-4.969308184132432,-3.929878372616238
21,do,0.05,0.0,26,3.0795220446586606,-5.4349948348421036,-4.870507333013746
22,pp,0.05,0.0,9,0.2713333237171174,-5.043802352385088,-4.281501497162713
23,do,0.05,0.0,69,3.7116381525993347,-8.289257176717122,-7.288847875595093
24,pp,0.05,0.0,11,0.8616727352142339,-4.591823865428116,-3.7391425808270773
25,do,0.05,0.0,28,2.0545287322998043,-5.735788275978782,-6.301360726356506
26,pp,0.05,0.0,5,0.46224754929542566,-4.416515280983665,-4.1263416899575125
27,do,0.05,0.0,27,2.786494133472443,-6.03469539122148,-5.586258472336663
28,pp,0.05,0.0,55,2.3162494432926177,-5.1025415940718215,-4.6691836569044325
29,do,0.05,0.0,63,2.4402561271190635,-7.808036343256632,-7.446481651730007
30,pp,0.05,0.0,8,1.350798429250717,-5.421019255031239,-4.346298193931579
31,do,0.05,0.0,16,1.0205366921424863,-5.8453342957930134,-5.568969183497959
32,pp,0.05,0.0,37,1.8219483554363256,-4.856244376211455,-4.079619422223833
33,do,0.05,0.0,7,-0.5259285306930543,-6.2532917701836785,-5.630849769380357
34,pp,0.05,0.0,10,0.9947277951240538,-4.709607183572018,-3.6997028999858435
35,do,0.05,0.0,4,0.02817484974861184,-5.387357060114542,-4.9271022717158
36,pp,0.05,0.0,34,1.9255278193950653,-5.336059589096994,-4.100841781828138
37,do,0.05,0.0,21,-0.6687249433994298,-5.942832454045614,-5.43647153907352
38,pp,0.05,0.0,5,-0.22955458283424335,-4.5506015922084,-3.830859598848555
39,do,0.05,0.0,68,-0.06281329035758887,-9.196694128441088,-7.969804345236884
40,pp,0.05,0.0,8,0.42268826246261604,-4.992841194615219,-3.7692924830648633
41,do,0.05,0.0,70,0.4186386060714735,-9.178762771144058,-8.142027129067316
42,pp,0.05,0.0,10,0.6676042032241822,-5.587664773247459,-4.400494766235352
43,do,0.05,0.0,19,1.053329679965973,-5.913464985471784,-5.587754111819797
44,pp,0.05,0.0,40,1.2368757414817804,-8.901553555690882,-6.0011956188413835
45,do,0.05,0.0,30,2.397113784551621,-6.371752279455012,-5.6174468437830605
46,pp,0.05,0.0,33,1.4641548717021946,-6.621479772798943,-5.389054565959507
47,do,0.05,0.0,46,-0.09151916623115497,-8.809975702112371,-7.4304798550075954
48,pp,0.05,0.0,24,1.2337988173961634,-7.292988547411832,-5.894188684887356
49,do,0.05,0.0,39,3.6604334580898295,-7.304817348538023,-7.143983117739359
50,pp,0.05,0.0,13,0.9147374486923221,-4.867819731163256,-4.3509977261225385
51,do,0.05,0.0,16,1.8763262188434595,-5.541615915298462,-5.094522910647922
52,pp,0.05,0.0,31,1.4909000957012175,-5.150544413653287,-4.2234034286604984
53,do,0.05,0.0,29,1.1943824660778048,-6.301316449136445,-5.370859795146519
54,pp,0.05,0.0,25,1.4248737752437597,-4.954473043210578,-4.013102205594381
55,do,0.05,0.0,17,2.654653824567795,-5.554726927208178,-4.978032705518935
56,pp,0.05,0.0,52,1.3988871335983273,-9.667916423624211,-7.5283467080858015
57,do,0.05,0.0,54,-0.03904355049133201,-9.403705672061804,-7.457681859864129
58,pp,0.05,0.0,12,0.2512603008747094,-5.572889894427675,-4.808632874488831
59,do,0.05,0.0,29,2.184090238809585,-5.3064684997905385,-6.021979202164544
60,pp,0.05,0.0,4,0.04706307530403109,-4.460061365185362,-4.0458465470208065
61,do,0.05,0.0,70,1.0357622957229626,-8.037206172943115,-7.461765623092651
62,pp,0.05,0.0,4,0.3486503183841698,-4.7033827622731526,-4.080649616983202
63,do,0.05,0.0,36,1.3162419283390037,-6.290106542182691,-5.5983811299006145
64,pp,0.05,0.0,32,1.70298295378685,-6.931521417155411,-5.253095479806264
65,do,0.05,0.0,19,0.23691645383834814,-6.6432959672176475,-5.877634119987488
66,pp,0.05,0.0,9,0.11798870325088551,-5.041299174048683,-4.453814000553555
67,do,0.05,0.0,47,2.2208122754096973,-8.890645462093932,-7.994494321611192
68,pp,0.05,0.0,9,0.6178167712688447,-5.192143359328761,-4.122527250978682
69,do,0.05,0.0,39,1.4673946058750165,-9.206136345140862,-8.356094720628526
70,pp,0.05,0.0,70,0.5843377923965463,-9.147705336773035,-7.289769233597649
71,do,0.05,0.0,23,0.6716102743148804,-6.208920747583563,-5.550799920823839
72,pp,0.05,0.0,4,0.3044813740253449,-4.487799160408251,-3.892981321281857
73,do,0.05,0.0,70,1.893039981126785,-6.210293220751213,-5.70919754770067
74,pp,0.05,0.0,68,0.6333086621761339,-7.5205868287519975,-6.469281490643819
75,do,0.05,0.0,16,0.6087687647342683,-6.463308283776948,-5.977112558152941
76,pp,0.05,0.0,60,2.2045861613750466,-7.254143265521887,-6.189176848199632
77,do,0.05,0.0,30,0.6434967935085298,-7.287006940263691,-6.768998612297906
78,pp,0.05,0.0,70,0.25754515290260294,-8.47819070671544,-6.283667164378696
79,do,0.05,0.0,7,1.4701736462116237,-4.652349509614886,-4.437607145309448
80,pp,0.05,0.0,26,1.7492240285873413,-5.114458961197824,-4.203683972358704
81,do,0.05,0.0,14,1.2437258315086366,-4.773968371477994,-4.695491541756524
82,pp,0.05,0.0,70,0.474925696849823,-6.662613050865405,-5.4542693535486855
83,do,0.05,0.0,70,1.2539536583423612,-6.86198671947826,-7.098574145634969
84,pp,0.05,0.0,67,-0.08976469635963458,-6.777568899501453,-6.059728574752808
85,do,0.05,0.0,70,-0.3485568284988414,-8.27230075489391,-7.20790139304267
86,pp,0.05,0.0,67,0.20380748271942117,-6.940020324244644,-5.878186657693651
87,do,0.05,0.0,70,1.4351058363914486,-8.36676388798338,-6.440120143360562
88,pp,0.05,0.0,70,0.24103970766067562,-8.833325703938803,-7.4183208492067125
89,do,0.05,0.0,11,0.598975977897644,-5.702164343631629,-5.16949057314131
90,pp,0.05,0.0,70,1.3296447634696946,-6.9842247948502045,-5.881994273927477
91,do,0.05,0.0,43,2.145989080667496,-6.712160792495265,-5.863183090421889
92,pp,0.05,0.0,23,1.4478058338165276,-7.082628924918898,-5.400633112589518
93,do,0.05,0.0,17,1.4263799726963047,-5.178986416441021,-4.956279950671726
94,pp,0.05,0.0,21,2.0693607425689695,-4.626521561362527,-3.827376349767049
95,do,0.05,0.0,20,2.7949845242500304,-5.68859209725351,-5.022687564955818
96,pp,0.05,0.0,6,0.3946235585212712,-5.2026877966794105,-4.023221095403035
97,do,0.05,0.0,31,1.5734153699874875,-7.157937899502841,-6.075066386328803
98,pp,0.05,0.0,7,-0.28015163421630884,-5.301369489323009,-4.515835875935025
99,do,0.05,0.0,3,-0.8342757821083069,-6.107873159466368,-5.44929190741645
100,pp,0.05,0.0,8,-0.6440992057323456,-5.690368051239939,-4.838811919424269
101,do,0.05,0.0,5,-0.6476499438285828,-5.600808902220293,-4.903124923176236
102,pp,0.05,0.0,33,0.40074221730232296,-7.242336861292521,-6.06636560757955
103,do,0.05,0.0,37,1.1337173187732699,-7.831568962154966,-6.684233750237359
104,pp,0.05,0.0,6,0.44970491170883165,-5.319850892731638,-4.269735495249431
105,do,0.05,0.0,15,1.3698934280872344,-7.444256088950417,-6.2933010684119335
106,pp,0.05,0.0,7,0.4014658236503603,-5.696357849872474,-4.415638793839348
107,do,0.05,0.0,8,-0.3220286190509798,-5.705192414197055,-5.225480694240994
108,pp,0.05,0.0,62,0.9644286787509913,-6.6780474055897106,-5.42124802271525
109,do,0.05,0.0,16,1.1577695298194879,-4.866091401649244,-4.479879424307081
110,pp,0.05,0.0,15,1.5402383160591118,-5.244816402955489,-4.008829352590773
111,do,0.05,0.0,10,0.6953568494319917,-5.197653604276253,-4.386694153149922
112,pp,0.05,0.0,38,1.3532894611358648,-6.176837757861976,-5.482869391971164
113,do,0.05,0.0,12,0.12678064346313445,-5.9997192325014055,-5.300909429126316
114,pp,0.05,0.0,28,1.5232573962211617,-6.6379386453917535,-5.0767411020067
115,do,0.05,0.0,9,0.04843458175659254,-5.230807956059774,-4.601898932456971
116,pp,0.05,0.0,8,0.5836564362049099,-5.486790096398556,-4.286154871516757
117,do,0.05,0.0,17,0.9331870234012607,-6.3765119783806075,-5.347717632187737
118,pp,0.05,0.0,15,0.49502441167831446,-5.431727075576783,-4.667617225646973
119,do,0.05,0.0,13,0.6731177330017086,-5.05892314043912,-4.495253165562947
120,pp,0.05,0.0,27,2.331532278060913,-5.094075204386856,-3.9341832717259724
121,do,0.05,0.0,29,3.116707060337067,-6.314345563541759,-5.2260422547658285
122,pp,0.05,0.0,7,0.7601074981689457,-5.26344123320146,-4.168417931927575
123,do,0.05,0.0,13,0.3942272222042087,-5.846162264274828,-5.093414820565117
124,pp,0.05,0.0,8,0.4266080307960509,-5.107050361055316,-4.202192208502027
125,do,0.05,0.0,13,1.6080611395835875,-5.952956360036676,-5.860408176316155
126,pp,0.05,0.0,50,0.45987396717071505,-7.403580016800851,-6.109682276513841
127,do,0.05,0.0,10,0.25743196845054594,-5.146671425212514,-4.6762053940031265
128,pp,0.05,0.0,15,1.3150511074066165,-4.978271784926906,-4.233427460988363
129,do,0.05,0.0,54,0.37447034716606087,-7.708097796006636,-7.353576517105102
130,pp,0.05,0.0,10,0.05365007638931285,-5.778197047204682,-4.788134476873609
131,do,0.05,0.0,6,-0.3387472653388981,-5.356862305149887,-4.94360318183899
132,pp,0.05,0.0,4,0.03702010631561237,-5.203264490763346,-4.390092778205871
133,do,0.05,0.0,15,1.3879821515083313,-4.877976195017497,-4.8763068596522015
134,pp,0.05,0.0,42,1.4778445780277254,-6.460767462759307,-4.311624144183265
135,do,0.05,0.0,21,-0.17379345536232016,-6.638429676402699,-6.285408263736301
136,pp,0.05,0.0,21,1.5546684062480933,-5.318468978188255,-4.5102840503056845
137,do,0.05,0.0,27,0.39148349881172173,-6.440476122769442,-6.052784996562534
138,pp,0.05,0.0,6,0.9418399441242213,-5.4494513367161606,-4.242760537730323
139,do,0.05,0.0,7,0.7176849412918092,-4.353450217391505,-4.217871035469903
140,pp,0.05,0.0,70,1.3427696132659914,-8.001785799951264,-6.744403764936659
141,do,0.05,0.0,6,-0.12216373801231395,-5.432044150612571,-4.838014634450277
142,pp,0.05,0.0,70,3.2247414302825916,-6.947181223378037,-5.526062824991015
143,do,0.05,0.0,18,1.1397781872749322,-6.1829079324548895,-5.42696832285987
144,pp,0.05,0.0,12,1.1991487693786622,-5.049915383078835,-4.001539305845896
145,do,0.05,0.0,25,0.511443508863449,-7.72058028307828,-6.842104286617703
146,pp,0.05,0.0,17,1.7153571581840517,-4.921151973261978,-3.9087091631359523
147,do,0.05,0.0,35,2.4926374828815465,-5.107265167525321,-4.794849811659919
148,pp,0.05,0.0,53,2.0231412482261657,-7.314874563795147,-5.627303971184625
149,do,0.05,0.0,29,1.8776893734931948,-7.339722496090514,-6.5881009817123415
150,pp,0.05,0.0,48,0.38654061913490345,-6.908436374953299,-5.650044759114583
151,do,0.05,0.0,24,-0.05794103741645795,-6.376519417040276,-5.803328021367391
152,pp,0.05,0.0,9,0.6557706534862513,-4.7454810156966705,-4.111944450272454
153,do,0.05,0.0,6,-0.1897672247886657,-5.432571084571607,-4.947992502318488
154,pp,0.05,0.0,47,1.8613614070415494,-7.300796109979803,-6.2754486295912
155,do,0.05,0.0,11,1.007440974712372,-5.1033231605183,-4.542307008637322
156,pp,0.05,0.0,11,1.0626334345340727,-6.175311754689072,-4.617822819285923
157,do,0.05,0.0,22,1.507869799137115,-6.4801825378880356,-5.821949455473158
158,pp,0.05,0.0,10,0.5994425773620602,-6.383351206056999,-4.975232783953349
159,do,0.05,0.0,11,0.25308593750000075,-4.931838711825284,-5.047213525242276
160,pp,0.05,0.0,70,0.6455234527587876,-8.970902740594113,-7.860886560546027
161,do,0.05,0.0,52,0.8197474145889281,-5.877050735011245,-7.6236618942684595
162,pp,0.05,0.0,5,-0.5328745090961453,-4.930843269463741,-4.022978626357185
163,do,0.05,0.0,59,0.19864212393760727,-7.168272983666622,-7.157745287153456
164,pp,0.05,0.0,32,0.6205369544029233,-6.0180984569318365,-5.042915948232015
165,do,0.05,0.0,70,2.897112414836883,-7.982427230025783,-6.014973921245999
166,pp,0.05,0.0,5,1.1278754413127903,-4.802170480381359,-3.7874355832735698
167,do,0.05,0.0,70,1.063471403121948,-7.526266345110806,-6.764066931936476
168,pp,0.05,0.0,42,1.047523794174194,-6.084867052598433,-5.187582015991211
169,do,0.05,0.0,32,2.352233755588532,-5.501966379628037,-4.913169601228502
170,pp,0.05,0.0,11,1.208957649469376,-5.975514059355764,-4.425184188948737
171,do,0.05,0.0,57,4.0402767217159266,-5.956673084605824,-5.2500294340981375
172,pp,0.05,0.0,8,1.3029442882537845,-4.277515201857596,-3.6343768146302966
173,do,0.05,0.0,12,0.4152876389026643,-5.97388486139702,-5.675199874242147
174,pp,0.05,0.0,47,0.7205667114257812,-6.230641112183079,-5.307439809375339
175,do,0.05,0.0,48,3.115489357709884,-4.640367244951653,-4.187646153238084
176,pp,0.05,0.0,64,2.39175872683525,-6.6725222919926495,-5.244909630881415
177,do,0.05,0.0,26,2.6775753498077393,-5.394328965562763,-4.6679634835984976
178,pp,0.05,0.0,11,1.4064165270328521,-4.858415214943164,-3.9592113812764484
179,do,0.05,0.0,37,1.689494726657867,-7.219261916478475,-6.662883594301012
180,pp,0.05,0.0,70,0.24965991020202694,-7.965115849177042,-6.4656521744198265
181,do,0.05,0.0,33,3.527881786823273,-5.248766198302761,-5.384903412395054
182,pp,0.05,0.0,69,0.7565352141857149,-7.279815078504158,-5.634907971488105
183,do,0.05,0.0,26,1.493366756439209,-4.9504884820995905,-5.868134183353848
184,pp,0.05,0.0,34,1.6571986281871798,-5.078955401796283,-4.724006370703379
185,do,0.05,0.0,24,2.390804084539414,-6.353009174809311,-6.292284644974602
186,pp,0.05,0.0,10,1.4048710989952085,-4.81161849715493,-3.830423311392466
187,do,0.05,0.0,70,1.278401234149932,-7.551760004505967,-6.976168921258714
188,pp,0.05,0.0,9,1.045170375108719,-5.329738602493748,-4.2008119132783674
189,do,0.05,0.0,40,2.92662838459015,-6.6149722937381625,-5.380122616555956
190,pp,0.05,0.0,31,0.822711123228073,-6.771016789927627,-5.721200180053711
191,do,0.05,0.0,38,1.6698145806789402,-6.694431004379735,-5.893792308701409
192,pp,0.05,0.0,20,0.7446549868583672,-7.149358256657918,-5.770980742242601
193,do,0.05,0.0,44,1.6077985680103302,-6.945219180078217,-7.278814209832086
194,pp,0.05,0.0,37,0.7278849923610684,-6.786873420079549,-5.168739316198561
195,do,0.05,0.0,50,0.5530902266502391,-8.087483352603334,-7.794998031192356
196,pp,0.05,0.0,36,0.5372397661209103,-7.07773292425907,-5.761402885119121
197,do,0.05,0.0,20,1.696587767601013,-4.769434163064668,-4.7515286180708145
198,pp,0.05,0.0,17,1.6314471602439884,-5.128101487593217,-4.035249692863888
199,do,0.05,0.0,15,1.31262502193451,-5.153961076158466,-5.009790306621127
200,pp,0.05,0.0,16,1.3546620023250577,-5.210090884295377,-4.302731027868059
201,do,0.05,0.0,60,2.5619999980926513,-7.432293626033899,-6.3246791627671985
202,pp,0.05,0.0,28,1.855052417516709,-7.09345683184537,-5.3503472646077475
203,do,0.05,0.0,48,1.257835969924927,-6.6689096364108,-6.468879652023316
204,pp,0.05,0.0,47,0.3122800779342647,-7.36187987761064,-6.113145409690009
205,do,0.05,0.0,8,0.8472346365451813,-4.76783971786499,-4.703237692515056
206,pp,0.05,0.0,25,1.0281772470474246,-5.8483415372443925,-4.826012216673957
207,do,0.05,0.0,70,2.7261879754066456,-8.882549046025131,-7.729853873782687
208,pp,0.05,0.0,5,0.8186666202545165,-5.405696058273316,-4.229847994115618
209,do,0.05,0.0,21,0.5908235132694246,-5.607300210721565,-6.056178956561618
210,pp,0.05,0.0,24,0.44496698021888736,-4.8700816053332705,-4.129176264339023
211,do,0.05,0.0,57,2.4172252237796776,-7.884567096016624,-6.874406923188103
212,pp,0.05,0.0,7,0.8412261366844183,-4.867159911357995,-3.800302908155653
213,do,0.05,0.0,61,2.7077029597759257,-7.3630492210388185,-7.051744053098891
214,pp,0.05,0.0,69,0.8542936801910406,-6.642344015294856,-5.9782300922605724
215,do,0.05,0.0,14,2.0191070866584777,-6.215994826230136,-6.1284627993901575
216,pp,0.05,0.0,3,0.24240819096565236,-5.0828447746508045,-4.230290571848552
217,do,0.05,0.0,36,2.2391534292697903,-7.138203563112201,-6.02919278409746
218,pp,0.05,0.0,11,1.8369675397872927,-5.229995190013539,-4.109900993771023
219,do,0.05,0.0,70,2.800216137170791,-7.30451947703506,-6.453533066643609
220,pp,0.05,0.0,16,0.714455014467239,-5.531272106459647,-4.426864202817281
221,do,0.05,0.0,13,1.5904330241680151,-4.68699197769165,-4.696846281157599
222,pp,0.05,0.0,44,0.18099780797958331,-10.032585422920459,-8.605105617311265
223,do,0.05,0.0,25,1.8016140913963312,-5.942672082149621,-5.247182771894667
224,pp,0.05,0.0,29,1.0431878352165214,-6.546698674288663,-4.9662070963117815
225,do,0.05,0.0,19,1.9346237993240347,-5.8655783450964725,-5.486449119779799
226,pp,0.05,0.0,8,0.4620931482315065,-4.850977218512333,-4.078462738460964
227,do,0.05,0.0,19,2.718659538030625,-4.814681831995646,-4.453287286228604
228,pp,0.05,0.0,9,0.6329010319709774,-4.642198756246856,-3.7881448917918736
229,do,0.05,0.0,11,0.6857571506500246,-5.404308259848392,-4.832024002075196
230,pp,0.05,0.0,16,1.0010240101814265,-4.618383437936957,-3.85505832168791
231,do,0.05,0.0,70,2.0220845484733587,-7.33182773734584,-6.819053705533346
232,pp,0.05,0.0,54,1.2713798594474781,-10.487540544163098,-9.239762740665013
233,do,0.05,0.0,12,1.4157931959629053,-5.239783170006492,-4.792402254210578
234,pp,0.05,0.0,7,0.9882968807220465,-4.921419182690707,-4.250393099255032
235,do,0.05,0.0,18,1.2249364316463476,-5.784294540231878,-5.71410583919949
236,pp,0.05,0.0,14,1.770281592607498,-4.635886349822536,-4.0855548832151625
237,do,0.05,0.0,31,1.1040466403961187,-6.792885007280292,-6.870987235175239
238,pp,0.05,0.0,6,0.07024579763412486,-4.97863195881699,-4.351796534326342
239,do,0.05,0.0,16,2.0272549867630003,-4.993153109694973,-4.781390335824755
240,pp,0.05,0.0,7,-0.34406301379203796,-5.98971329313336,-4.715038029352824
241,do,0.05,0.0,13,1.3628341782093045,-5.851987463055235,-5.141510213745965
242,pp,0.05,0.0,9,1.0763510406017307,-4.599789482174498,-3.584607203801473
243,do,0.05,0.0,38,3.922283020019531,-6.764774056636926,-6.782048643959893
244,pp,0.05,0.0,10,1.3594564116001129,-4.856017195094715,-4.169765116108788
245,do,0.05,0.0,32,1.1609642517566678,-5.142368065227162,-4.856132788128323
246,pp,0.05,0.0,59,0.9319093370437628,-6.041070991573911,-5.27139266067081
247,do,0.05,0.0,54,5.61146676659584,-5.479089193633109,-5.31644217438168
248,pp,0.05,0.0,70,1.9461260294914249,-6.045331151557691,-5.322817153400845
249,do,0.05,0.0,28,1.5723914515972135,-5.355435507225268,-5.123929079373678
250,pp,0.05,0.0,28,1.634980857372284,-5.108962473724827,-4.489390513632032
251,do,0.05,0.0,24,2.1403678178787224,-4.977515120939775,-4.555717823240492
252,pp,0.05,0.0,6,0.6170894587039948,-4.386428515116374,-3.8352837562561035
253,do,0.05,0.0,57,3.0960212624073025,-6.286410207459421,-6.5669707695643105
254,pp,0.05,0.0,10,0.6185717725753781,-4.986123775713372,-4.088866070906321
255,do,0.05,0.0,18,1.2332162356376655,-5.334603800918117,-4.543755110104879
256,pp,0.05,0.0,21,0.4774580633640291,-6.474549374435887,-4.881587778197394
257,do,0.05,0.0,24,1.933147200345993,-5.393172261209199,-4.907649766074287
258,pp,0.05,0.0,64,1.4332259654998776,-6.782266164548469,-5.834630237685309
259,do,0.05,0.0,17,3.1039191389083856,-5.053476431875518,-4.419847295019362
260,pp,0.05,0.0,25,2.6785346877574927,-4.454994687167081,-3.823991518550449
261,do,0.05,0.0,16,2.6281233549118044,-5.832395199573401,-4.699541807174683
262,pp,0.05,0.0,40,1.1510056591033937,-6.3081573775320345,-4.519133860535092
263,do,0.05,0.0,29,1.426884846687317,-6.571017024011323,-6.0559448613060844
264,pp,0.05,0.0,70,1.6652962362766264,-5.896992781667999,-4.886742973327637
265,do,0.05,0.0,17,1.4300867283344267,-4.5445738994713984,-4.7781984514660305
266,pp,0.05,0.0,14,1.5311562311649318,-4.742866605700868,-4.012289704216851
267,do,0.05,0.0,66,4.572994091510773,-6.859689404747703,-6.228539758258396
268,pp,0.05,0.0,15,1.5587159991264343,-4.688835253860011,-3.992309624618954
269,do,0.05,0.0,22,1.2239568030834196,-5.567772528619477,-5.602670645713806
270,pp,0.05,0.0,9,0.4366469168663025,-4.92532096342607,-4.062214783827463
271,do,0.05,0.0,31,2.0781780350208283,-5.345957339893688,-5.228257873323229
272,pp,0.05,0.0,8,-0.5798220717906952,-5.881802077726884,-4.5664994690153335
273,do,0.05,0.0,13,2.135496164560319,-5.693277071461533,-5.3465682162178885
274,pp,0.05,0.0,25,2.6485168850421914,-5.3117994366270125,-4.826391837331983
275,do,0.05,0.0,18,2.441829000711441,-4.797352584203084,-4.445094842380947
276,pp,0.05,0.0,24,2.3550430130958553,-4.53777301383741,-3.8972692516114975
277,do,0.05,0.0,9,0.6119477462768561,-6.4239396832206035,-5.372628876898024
278,pp,0.05,0.0,16,1.548574391603469,-5.682976881663005,-4.541575204001533
279,do,0.05,0.0,18,2.4816091501712796,-4.906004519896074,-4.770392386118571
280,pp,0.05,0.0,12,1.1151947617530817,-4.755644503506747,-3.9121948692533706
281,do,0.05,0.0,15,2.408272533416749,-5.8896562894185385,-6.06761306391822
282,pp,0.05,0.0,8,0.6157986128330233,-4.2306045879017224,-3.667658189932505
283,do,0.05,0.0,33,2.496096624135972,-5.441546883727565,-5.535201252831353
284,pp,0.05,0.0,22,1.1714065778255458,-5.040571660706491,-4.233268520567152
285,do,0.05,0.0,16,0.22354375720024144,-6.281338985038526,-5.765857007768419
286,pp,0.05,0.0,9,0.1348212456703184,-4.796835890683261,-4.435113392935859
287,do,0.05,0.0,17,0.8571768891811367,-5.715965126499985,-5.426753046777513
288,pp,0.05,0.0,1,-0.7670666456222541,-5.320999047250458,-4.917048287391663
289,do,0.05,0.0,30,1.348856946229934,-5.024913435271292,-5.289858012729221
290,pp,0.05,0.0,51,1.44179827451706,-6.46823193954699,-5.722675633430481
291,do,0.05,0.0,20,1.7693209147453315,-4.551191610278505,-5.437979976336162
292,pp,0.05,0.0,18,1.3274827229976651,-5.617313559850057,-4.368337118625641
293,do,0.05,0.0,13,2.432179378271103,-5.034709238283562,-4.440353292889065
294,pp,0.05,0.0,67,2.000940123796463,-6.231198033419522,-5.331855665312873
295,do,0.05,0.0,57,3.757996408939362,-6.285667698311083,-6.102029368612501
296,pp,0.05,0.0,57,0.3450959467887884,-6.288948619726932,-5.426127778159247
297,do,0.05,0.0,22,1.6116880953311918,-5.033491505998554,-5.495696783065796
298,pp,0.05,0.0,29,0.9744159352779391,-5.201905958580248,-4.563653830687205
299,do,0.05,0.0,34,2.2296466219425204,-4.81678410876881,-5.512629932827419
300,pp,0.05,0.0,70,-0.254052119255066,-7.888659672303633,-6.698502786954244
301,do,0.05,0.0,15,1.8506738865375514,-5.606251355373498,-5.033233062426249
302,pp,0.05,0.0,8,0.4662841045856476,-4.966445992209694,-3.9760458019044664
303,do,0.05,0.0,70,2.4566062867641456,-8.86560117114674,-8.030043927828471
304,pp,0.05,0.0,6,0.34730185270309466,-5.3928712758150965,-4.190252990192837
305,do,0.05,0.0,12,0.5530106794834131,-5.627705730091442,-5.0353710465961035
306,pp,0.05,0.0,7,0.21750568628311218,-5.277723664948435,-4.08914563258489
307,do,0.05,0.0,17,1.1359480488300324,-5.5523077444596725,-5.754243943426344
308,pp,0.05,0.0,5,-0.5246141302585601,-5.236025788567283,-4.315913767284817
309,do,0.05,0.0,7,0.25023201704025233,-4.538811471245506,-4.14758880270852
310,pp,0.05,0.0,23,0.9170854377746585,-6.108281355193167,-5.397210375467936
311,do,0.05,0.0,27,2.726288244724274,-6.714952400958899,-6.250602841377258
312,pp,0.05,0.0,20,2.0145480251312256,-7.078683026631674,-5.095902389950222
313,do,0.05,0.0,18,1.0822097992897035,-5.599653041724003,-5.2265204005771215
314,pp,0.05,0.0,67,1.74592797279358,-6.364454994779645,-5.5096638361612955
315,do,0.05,0.0,27,1.8121219491958618,-5.506687237999656,-5.350806019041273
316,pp,0.05,0.0,12,0.7321381866931915,-5.123730527993405,-4.012443794144525
317,do,0.05,0.0,39,3.1505144238471985,-4.517119407653809,-4.187987156709036
318,pp,0.05,0.0,10,0.8376843464374542,-4.4542899247371786,-3.5607427345381844
319,do,0.05,0.0,43,2.554001460075378,-7.071240494467995,-7.152158575587802
320,pp,0.05,0.0,70,2.572546647787094,-6.864368558652473,-6.017050671577453
321,do,0.05,0.0,21,2.9524482178688043,-5.483003844636859,-4.787016489770678
322,pp,0.05,0.0,8,0.544503080844879,-4.99427719260707,-4.160288360383776
323,do,0.05,0.0,30,2.7453671467304233,-5.168658630775683,-5.226273926099141
324,pp,0.05,0.0,9,1.116915431022644,-6.176264119870735,-4.729905128479004
325,do,0.05,0.0,12,1.1337472939491278,-5.146874828049631,-4.831388979487949
326,pp,0.05,0.0,22,1.035542839765549,-5.09359655380249,-4.4690158605575565
327,do,0.05,0.0,9,-0.1433919811248776,-5.060280867778894,-4.367491698265075
328,pp,0.05,0.0,37,1.154305518865585,-5.094883928876935,-4.300153587924109
329,do,0.05,0.0,17,1.6425184714794163,-5.44732319947445,-5.442952058050367
330,pp,0.05,0.0,16,1.7707869565486902,-4.912183338223081,-4.273491599824694
331,do,0.05,0.0,22,1.6562594854831696,-4.423471933422666,-5.102536911434598
332,pp,0.05,0.0,5,0.29674059033393885,-4.932986622145681,-3.847411298751831
333,do,0.05,0.0,70,4.673257845640181,-6.005973213369196,-5.933338724242317
334,pp,0.05,0.0,70,2.03075380563736,-6.530472319053881,-5.519695856836107
335,do,0.05,0.0,16,0.589666975736618,-5.876002974943681,-5.310827400949266
336,pp,0.05,0.0,70,1.9248878383636479,-6.815453189792055,-6.195072963502672
337,do,0.05,0.0,13,2.471413438320159,-5.028548323024403,-4.483759848276774
338,pp,0.05,0.0,11,1.1827617442607883,-5.2480325771100595,-4.306794352001614
339,do,0.05,0.0,47,4.483602876663209,-5.556901514168942,-5.056702494621277
340,pp,0.05,0.0,32,2.223410501480102,-6.727723098523689,-5.2127845949596825
341,do,0.05,0.0,41,2.7983604013919825,-6.115786608782682,-5.47378604941898
342,pp,0.05,0.0,17,0.7181382167339327,-6.520624527786717,-5.315391251775954
343,do,0.05,0.0,50,2.0934382367134097,-6.070529388658928,-5.601639170116848
344,pp,0.05,0.0,62,1.3685957467555987,-6.230468822248055,-5.401063275337219
345,do,0.05,0.0,47,1.9578701102733609,-5.616126892783425,-5.950830245018006
346,pp,0.05,0.0,70,1.532134467363358,-5.6972624085166235,-4.956757847468058
347,do,0.05,0.0,29,4.265257786512374,-5.992499443978974,-5.517859456274245
348,pp,0.05,0.0,44,2.7455185544490828,-6.996864568825924,-6.1847815990448
349,do,0.05,0.0,13,0.5021022999286648,-5.366592303189364,-4.938704533047146
350,pp,0.05,0.0,5,-0.1893051433563233,-4.937035436341257,-3.8562241236368817
351,do,0.05,0.0,10,1.7129804158210753,-6.052371136347452,-5.385113146569994
352,pp,0.05,0.0,6,0.34189364552497814,-5.243013996066469,-4.088859793874953
353,do,0.05,0.0,29,2.983631587028503,-6.071224904782844,-6.065486515892877
354,pp,0.05,0.0,20,1.4608046162128456,-5.526918295657996,-4.678840610716078
355,do,0.05,0.0,16,2.7851245868206025,-5.6399610215967355,-4.9371216668023
356,pp,0.05,0.0,27,1.684455723762512,-7.190119140798395,-5.235810581843058
357,do,0.05,0.0,70,1.9651190495491022,-6.613370552929965,-5.6413624710506864
358,pp,0.05,0.0,51,1.033589516878127,-9.131188940279412,-7.980506131384108
359,do,0.05,0.0,26,1.3370657002925874,-5.035325496846979,-5.534187637435066
360,pp,0.05,0.0,29,1.5239477360248568,-5.889978345235189,-5.16315770149231
361,do,0.05,0.0,17,1.893824784755707,-5.169224701505719,-6.230994664298164
362,pp,0.05,0.0,64,1.8440062904357912,-5.8547101497650145,-5.146921367115445
363,do,0.05,0.0,15,1.5367086458206174,-5.3049322792978,-5.382139574156867
364,pp,0.05,0.0,16,0.8573194456100461,-4.708172829945882,-4.026058069864908
365,do,0.05,0.0,32,3.807657532691956,-6.1330663681030275,-5.4706996573342215
366,pp,0.05,0.0,55,3.4621343243122107,-6.422549623431581,-5.443433435757955
367,do,0.05,0.0,31,3.113489823341369,-5.970983814470696,-5.741713166236877
368,pp,0.05,0.0,70,1.4975316023826606,-6.962425916845148,-6.45869059032864
369,do,0.05,0.0,23,1.5299747252464293,-6.062386256998235,-5.871458641688029
370,pp,0.05,0.0,53,0.19154377222061214,-7.707533759781809,-6.333098620838589
371,do,0.05,0.0,9,0.4540634524822238,-5.6429817907737965,-5.382888555526733
372,pp,0.05,0.0,12,0.9650231087207795,-5.508712207909786,-4.285306551721361
373,do,0.05,0.0,35,2.152094124555588,-5.223665049581816,-5.2461202356550425
374,pp,0.05,0.0,13,0.5675740325450898,-6.433608358556574,-4.54643276532491
375,do,0.05,0.0,19,2.627386729717254,-4.409985501838453,-4.554983435736762
376,pp,0.05,0.0,19,1.215294119119644,-7.725898051984382,-6.241336841053433
377,do,0.05,0.0,14,1.6463664293289186,-5.232586347695553,-5.1461345142788355
378,pp,0.05,0.0,24,1.4924590635299682,-5.844091853228482,-5.0242479801177975
379,do,0.05,0.0,17,1.4069942355155947,-5.059885337136008,-5.702554461691115
380,pp,0.05,0.0,16,1.4376949977874762,-4.755921966379339,-4.711344167921278
381,do,0.05,0.0,21,2.858766890764236,-5.763166827866526,-5.022052685419719
382,pp,0.05,0.0,8,0.9849891293048856,-4.981662897630171,-4.120691688855489
383,do,0.05,0.0,22,2.7687045550346383,-5.341383637803974,-5.246917870309618
384,pp,0.05,0.0,70,2.4975428640842443,-6.2574502063520026,-5.148525075117747
385,do,0.05,0.0,20,2.211476551294326,-5.90801227164991,-5.950062404738532
386,pp,0.05,0.0,5,0.358497911691666,-5.141169967073383,-4.18821648756663
387,do,0.05,0.0,19,1.9617364907264712,-4.622525314851241,-5.406879478030735
388,pp,0.05,0.0,17,-0.7597786664962776,-6.777343361305468,-5.24379400147332
389,do,0.05,0.0,29,1.6417904973030089,-4.987726772192753,-5.835966345998976
390,pp,0.05,0.0,22,1.3032865762710575,-5.909645688895023,-4.408476715617709
391,do,0.05,0.0,33,2.709320006370544,-6.179210811672789,-6.690316910213895
392,pp,0.05,0.0,65,1.656439963579178,-7.284782169804428,-5.438591594166226
393,do,0.05,0.0,70,2.042349134683608,-8.881620469237818,-8.822064977222018
394,pp,0.05,0.0,8,1.0595714867115023,-5.289635925581961,-4.055005992783441
395,do,0.05,0.0,32,1.6942866730690005,-4.798499142039906,-6.316037119759454
396,pp,0.05,0.0,20,1.357751705646515,-5.722334981687141,-4.970807239744398
397,do,0.05,0.0,34,1.981863018274308,-5.406370188973167,-6.488742446899414
398,pp,0.05,0.0,13,-0.15415219545364334,-5.631178143530181,-4.6064233567979604
399,do,0.05,0.0,36,2.9460778200626363,-5.802053713076043,-5.790330166286893
400,pp,0.05,0.0,46,2.0874010705947867,-5.838809345707749,-4.912454226281908
401,do,0.05,0.0,7,1.081076245307922,-4.233735669742931,-4.1406016614702015
402,pp,0.05,0.0,8,0.8719042527675631,-4.959715496410023,-4.14888432290819
403,do,0.05,0.0,14,2.2034632003307344,-4.984588938048391,-5.3044343974855215
404,pp,0.05,0.0,18,0.9572894906997682,-6.170367963386305,-5.188184314303928
405,do,0.05,0.0,38,0.9518650746345525,-6.977529453508781,-6.386481089062161
406,pp,0.05,0.0,20,1.3367386066913598,-6.51343826380643,-5.2940183136198256
407,do,0.05,0.0,6,1.0230286514759062,-4.2502415657043455,-4.092641486061944
408,pp,0.05,0.0,10,0.9077138507366183,-5.425184478181781,-4.328434864679973
409,do,0.05,0.0,6,0.11350096464157122,-4.280556826158003,-4.168207759327359
410,pp,0.05,0.0,68,1.5246196341514597,-8.035852053671173,-6.94984785715739
411,do,0.05,0.0,24,2.2571474957466133,-6.1264770796804715,-5.506383646859063
412,pp,0.05,0.0,18,2.1620332729816445,-5.230787538759636,-4.270938142140706
413,do,0.05,0.0,6,0.5929111540317535,-4.09297406095447,-3.992311135927836
414,pp,0.05,0.0,18,1.411132839918137,-5.33580611113346,-4.647780087259081
415,do,0.05,0.0,7,0.9350980055332192,-4.62523793740706,-4.228559348318312
416,pp,0.05,0.0,19,2.2475098717212676,-4.3489515420162315,-3.80104881922404
417,do,0.05,0.0,15,1.2158628022670745,-6.137490935759111,-5.667053325970968
418,pp,0.05,0.0,8,1.566036690473556,-4.601692159248121,-4.102606953514947
419,do,0.05,0.0,10,0.5452230238914497,-5.822656401720914,-5.534917624791463
420,pp,0.05,0.0,6,0.44784834504127513,-4.754505027424205,-4.375073329607646
421,do,0.05,0.0,12,0.9149651896953577,-5.385107758550933,-5.1864156617058645
422,pp,0.05,0.0,17,1.6838936018943782,-4.737339187390877,-3.91803265147739
423,do,0.05,0.0,12,1.1312266921997072,-5.608525992884781,-5.228771095805698
424,pp,0.05,0.0,11,0.9193014526367183,-4.750221681594849,-4.212657109896342
425,do,0.05,0.0,9,0.7562255144119261,-5.07580895279393,-4.651022389199999
426,pp,0.05,0.0,11,1.5676826345920567,-4.839307325536555,-4.196899337238736
427,do,0.05,0.0,14,1.2447809195518493,-4.784933304064202,-4.491675390137567
428,pp,0.05,0.0,15,1.4939751899242397,-4.7220318519707885,-4.245436186260648
429,do,0.05,0.0,23,2.7105356299877164,-5.898302227078062,-5.023898318078783
430,pp,0.05,0.0,44,2.7582562208175654,-5.1664457682407265,-4.176583976215786
431,do,0.05,0.0,70,1.485570273399353,-8.0257790666638,-7.309417004055447
432,pp,0.05,0.0,14,1.5497633004188538,-5.630284835353042,-4.082029634051853
433,do,0.05,0.0,17,1.7822215557098389,-5.239340527852376,-4.694907119539049
434,pp,0.05,0.0,28,1.9903971374034874,-5.956149030454231,-4.83181332482232
435,do,0.05,0.0,8,0.7942459237575523,-4.7319689765121,-4.312560550371805
436,pp,0.05,0.0,12,1.5653668224811552,-5.299999352657434,-4.30256498919593
437,do,0.05,0.0,18,2.594887970685959,-6.211651825182366,-5.673165239228142
438,pp,0.05,0.0,20,2.7679999554157257,-6.302391695253776,-4.89813204076555
439,do,0.05,0.0,11,1.2648115599155432,-4.858096067833178,-4.5174956798553465
440,pp,0.05,0.0,70,1.4582787954807284,-9.515618328614668,-8.342636852794223
441,do,0.05,0.0,11,0.6111025691032417,-5.1169447841066305,-4.649587564998203
442,pp,0.05,0.0,28,1.283169615268707,-5.563354645353375,-4.673864470587836
443,do,0.05,0.0,70,1.3179355561733246,-7.993996367310032,-8.11007506582472
444,pp,0.05,0.0,22,1.1000533235073089,-5.862307022557114,-5.008583556281196
445,do,0.05,0.0,14,1.4428509402275083,-5.075779617193973,-4.618626104460822
446,pp,0.05,0.0,33,0.7899852585792546,-6.3666381416898785,-5.055978030628628
447,do,0.05,0.0,7,0.4134884929656977,-5.385487685059056,-5.068720748689439
448,pp,0.05,0.0,25,1.8417835795879363,-7.04527476050637,-5.728841371006435
449,do,0.05,0.0,23,3.061969035863876,-4.8388129003120195,-4.447791503535377
450,pp,0.05,0.0,24,1.6222308790683737,-6.117258076234298,-5.441451830334134
451,do,0.05,0.0,11,2.18480904340744,-6.000830901752819,-5.211657100253635
452,pp,0.05,0.0,27,2.617810759544372,-7.512160122033322,-5.327842423650954
453,do,0.05,0.0,39,2.7118908810615547,-5.687765713894006,-4.452167714966668
454,pp,0.05,0.0,17,1.9738494396209711,-4.920960650299534,-3.8842429518699646
455,do,0.05,0.0,59,0.29049992084503096,-7.397548952969638,-6.756456896993849
456,pp,0.05,0.0,19,1.1925594139099118,-5.679667491623849,-4.702545158068339
457,do,0.05,0.0,62,2.3740372085571293,-5.573661236329512,-5.309326264593336
458,pp,0.05,0.0,26,2.1547745418548585,-5.656721318851818,-5.0425961944792
459,do,0.05,0.0,30,2.6762525308132163,-7.073005468195135,-6.430637364917331
460,pp,0.05,0.0,27,2.0998696923255924,-5.981222636771925,-4.758505010604859
461,do,0.05,0.0,70,1.3806790804862974,-6.811233374566743,-7.409135262171428
462,pp,0.05,0.0,44,2.131328650712968,-6.718231144818392,-5.98990343146854
463,do,0.05,0.0,70,1.8534631276130682,-7.891285558180376,-7.188804229100545
464,pp,0.05,0.0,13,2.6335574960708614,-5.48886283527721,-4.813720017009311
465,do,0.05,0.0,56,1.0098144578933717,-6.8664801901037045,-6.687632746166653
466,pp,0.05,0.0,67,1.7994126462936393,-7.388357653762355,-6.578167457050747
467,do,0.05,0.0,57,3.18158599615097,-6.430231932437781,-5.697019134627448
468,pp,0.05,0.0,17,1.540019251108169,-6.106882251392712,-5.1316914214028255
469,do,0.05,0.0,50,1.2232152569293975,-7.339230666016087,-7.175682401657104
470,pp,0.05,0.0,10,2.150533471107483,-4.9617133574052295,-4.098507614930471
471,do,0.05,0.0,56,0.77571725845337,-8.008652529571995,-7.025505759980944
472,pp,0.05,0.0,68,2.173968152999877,-7.034155113046819,-6.265059582392374
473,do,0.05,0.0,40,2.2701094043254857,-5.0718228007807875,-4.681319332122802
474,pp,0.05,0.0,70,1.8331345605850213,-8.119491756323612,-7.211819378534953
475,do,0.05,0.0,43,3.6486910700798036,-6.454390959306196,-6.254373672273424
476,pp,0.05,0.0,21,2.1342245817184455,-4.920939655014963,-4.310846538013882
477,do,0.05,0.0,53,1.8092497289180756,-7.039450496615785,-6.118181782298618
478,pp,0.05,0.0,28,1.8489937067031867,-6.429615663759636,-5.462941686312358
479,do,0.05,0.0,16,2.166659467220306,-5.240335936979814,-5.1667560444937815
480,pp,0.05,0.0,15,1.6931851100921635,-6.280553852428089,-4.641663514243232
481,do,0.05,0.0,24,0.7012563347816467,-6.167759243647257,-5.417204957538181
482,pp,0.05,0.0,68,1.9873314702510836,-6.463200469450517,-5.632476634449429
483,do,0.05,0.0,12,0.48963298201561045,-5.256760786518906,-4.8228940725326535
484,pp,0.05,0.0,16,1.7847656297683718,-4.582429290540291,-4.011568840344747
485,do,0.05,0.0,66,1.8566919624805447,-6.289128066554214,-6.4561323642730715
486,pp,0.05,0.0,57,2.607566473484039,-6.181359009309248,-5.3638432396782765
487,do,0.05,0.0,17,0.4740862226486202,-6.023145847609549,-5.103779276212056
488,pp,0.05,0.0,42,2.3181967306137086,-6.807236643993494,-5.803444157706367
489,do,0.05,0.0,31,2.02660811662674,-5.891336191061772,-5.167843606736925
490,pp,0.05,0.0,18,1.9838217508792875,-4.824207970590303,-4.025476103358798
491,do,0.05,0.0,33,1.370499731302261,-5.55048258376844,-4.246284582879809
492,pp,0.05,0.0,14,1.4617968618869783,-4.858556078419541,-4.060211096869574
493,do,0.05,0.0,15,2.319970121383667,-5.380390857927727,-4.747353972329034
494,pp,0.05,0.0,53,3.691140300035477,-6.124950484073524,-5.5617731730143225
495,do,0.05,0.0,70,1.11226605296135,-7.2247287836941805,-5.961949147118462
496,pp,0.05,0.0,21,0.35502376437187255,-6.352832651138305,-5.421329953935412
497,do,0.05,0.0,62,-0.1298520517349253,-8.65130556713451,-7.481360260645548
498,pp,0.05,0.0,70,1.1444407987594607,-7.560905994068492,-6.78303554587894
499,do,0.05,0.0,23,1.8948242413997658,-5.748465759103948,-4.6538532866372
500,pp,0.05,0.0,13,1.2959660589694977,-4.904441365328702,-3.8818065378401014
501,do,0.05,0.0,46,-0.1061805129051212,-8.969695176500263,-8.650621371799046
502,pp,0.05,0.0,6,0.49068067908287016,-5.1900806080211295,-4.270896395047505
503,do,0.05,0.0,67,0.5097956871986398,-7.798535546389493,-6.635931976636251
504,pp,0.05,0.0,20,1.2755707395076756,-7.00935882655057,-5.618965548939175
505,do,0.05,0.0,4,-0.589617117643356,-5.594415443593806,-4.901812884542677
506,pp,0.05,0.0,4,-0.4040190994739534,-5.037458450143988,-4.438230795330472
507,do,0.05,0.0,43,2.125483227968216,-7.414037681348396,-6.623274313078986
508,pp,0.05,0.0,62,2.589556922912597,-7.209286952741218,-6.056044265958998
509,do,0.05,0.0,13,1.1273083460330966,-6.814280911647912,-5.851418754789564
510,pp,0.05,0.0,22,2.0038492381572723,-7.599873811548407,-6.0243972010082665
511,do,0.05,0.0,32,1.716435658931732,-5.501616108056271,-4.710076544019911
512,pp,0.05,0.0,17,1.4735538530349723,-5.48016178969181,-4.317725433243646
513,do,0.05,0.0,15,2.2917220520973203,-5.1367011908328895,-4.437715101242065
514,pp,0.05,0.0,9,1.4843867111206057,-5.008818551265832,-4.099858705202738
515,do,0.05,0.0,15,1.4809188079833984,-5.499320170373627,-4.8376344813240895
516,pp,0.05,0.0,63,1.9026374435424813,-6.655315881786924,-5.685220064057244
517,do,0.05,0.0,68,-0.6564700818061819,-8.027501860531894,-8.511692486868965
518,pp,0.05,0.0,16,0.8001460242271419,-5.491020584106446,-4.710061030917697
519,do,0.05,0.0,21,1.4790502893924709,-7.059299779660774,-7.235513591766358
520,pp,0.05,0.0,32,2.139022260904313,-6.197956044746168,-5.487229018741184
521,do,0.05,0.0,8,-0.03644372820854258,-5.455445439887769,-4.777778397666084
522,pp,0.05,0.0,8,0.9849668025970457,-4.779299629095829,-4.048680975702074
523,do,0.05,0.0,11,1.539688301086426,-5.932542133331299,-5.397032030423483
524,pp,0.05,0.0,63,2.9915785706043243,-6.716257476806641,-5.921868120299445
525,do,0.05,0.0,67,-0.549656666517258,-7.586544138012511,-6.9902622434828015
526,pp,0.05,0.0,12,0.4891042268276218,-5.4764978885650635,-4.381325386630165
527,do,0.05,0.0,45,1.5826943850517274,-7.596684049837517,-6.342164794603984
528,pp,0.05,0.0,29,2.4853415429592127,-6.022114854870421,-5.287275067965189
529,do,0.05,0.0,41,3.000951709747315,-8.035368396296645,-6.752798861927456
530,pp,0.05,0.0,20,2.5135509216785437,-5.372862626567032,-4.326397172609965
531,do,0.05,0.0,18,0.4182528328895563,-6.118262355977839,-5.624381915728251
532,pp,0.05,0.0,30,1.633649598360062,-6.36333618742047,-5.164544587665134
533,do,0.05,0.0,34,0.723287870883941,-7.121791043426051,-6.498423555162218
534,pp,0.05,0.0,31,1.666955766677856,-6.341218507651127,-5.425296796692742
535,do,0.05,0.0,48,-0.13172998309135409,-6.744043565518928,-6.475464449988471
536,pp,0.05,0.0,70,0.8766740965843205,-7.316388420625167,-6.394150257110596
537,do,0.05,0.0,64,3.75969379067421,-7.39075845227097,-6.957499488194784
538,pp,0.05,0.0,52,2.7859650373458864,-6.135271147525672,-5.31211285856035
539,do,0.05,0.0,70,1.6766999018192283,-7.109851501927231,-6.654291995366415
540,pp,0.05,0.0,10,0.5601183748245244,-5.265767744815711,-4.526724068323771
541,do,0.05,0.0,42,1.625632051229477,-6.017524535728223,-5.221499591403537
542,pp,0.05,0.0,64,1.8028610515594483,-7.054778919797955,-5.748700883653429
543,do,0.05,0.0,30,0.8424754369258878,-6.699314477226951,-6.285125554932488
544,pp,0.05,0.0,61,1.412146279811859,-7.469401295979818,-6.647832949956258
545,do,0.05,0.0,25,0.11275273203849778,-7.411025685975046,-6.253848971260918
546,pp,0.05,0.0,33,1.792572873830795,-6.025854782624678,-4.969463247723049
547,do,0.05,0.0,48,0.253157662153245,-7.480650864225446,-7.114933776855469
548,pp,0.05,0.0,70,0.8727565026283255,-7.1429036472782945,-6.406648996141222
549,do,0.05,0.0,29,1.4440722537040704,-5.912359753522006,-5.6170262230767145
550,pp,0.05,0.0,50,1.250631465911864,-7.550068086566347,-6.8949409988191395
551,do,0.05,0.0,41,1.8622973012924184,-8.88730862790888,-8.460136779149373
552,pp,0.05,0.0,34,2.7232566499710087,-6.795547509915901,-5.57160767449273
553,do,0.05,0.0,70,0.9610537540912638,-8.017770460880165,-6.833995919757419
554,pp,0.05,0.0,20,2.3904160547256463,-6.139097514297023,-4.940722033712599
555,do,0.05,0.0,70,2.347949191331863,-7.976443484335235,-7.4363722059461805
556,pp,0.05,0.0,43,2.966343898773193,-6.899544163906213,-5.888837144109938
557,do,0.05,0.0,54,1.2287759304046642,-8.28305417841131,-8.918713336520725
558,pp,0.05,0.0,67,2.1035830485820775,-6.613640292485555,-5.872346356179979
559,do,0.05,0.0,70,0.05031046748161305,-7.6555074475028295,-6.441376137733459
560,pp,0.05,0.0,7,0.10147648096084527,-5.2925145409323955,-4.356532899538676
561,do,0.05,0.0,23,2.0476653552055364,-5.933934785380508,-5.111788974867927
562,pp,0.05,0.0,44,2.7043448495864872,-8.553558362614025,-7.525391621059842
563,do,0.05,0.0,46,1.4987928700447082,-6.168718512852987,-5.846499085426331
564,pp,0.05,0.0,29,2.035270891189576,-6.8258051539912366,-5.676253920131259
565,do,0.05,0.0,56,0.9476264119148254,-7.562254252578273,-8.198285675048828
566,pp,0.05,0.0,61,1.8805661332607269,-6.985274634216771,-5.9763531631893585
567,do,0.05,0.0,56,1.5557749927043911,-8.06987624312892,-6.7806606637107
568,pp,0.05,0.0,13,1.808735613822937,-6.127524439493815,-4.680221496687995
569,do,0.05,0.0,56,3.6423705708980556,-7.571026735594779,-6.43988393412696
570,pp,0.05,0.0,25,2.5195667195320137,-6.588762018897317,-5.016661169793871
571,do,0.05,0.0,36,1.3155194711685185,-6.750778845584754,-7.433611790339152
572,pp,0.05,0.0,49,1.950257420539855,-5.574472522735595,-4.69169766108195
573,do,0.05,0.0,70,1.2331866443157198,-6.2504792285688,-7.291227875815498
574,pp,0.05,0.0,55,0.9512919700145721,-6.018510178363685,-5.077935485045115
575,do,0.05,0.0,38,1.0502452456951143,-8.715654919364235,-8.947467067506578
576,pp,0.05,0.0,9,0.4683054888248446,-5.408266235120369,-4.324925690227085
577,do,0.05,0.0,49,1.6465170943737029,-7.224581378878969,-7.315391890207926
578,pp,0.05,0.0,70,1.4492545819282538,-7.112016362854929,-6.441619857152303
579,do,0.05,0.0,29,0.8853782582283021,-6.4988751888275145,-5.529968574311998
580,pp,0.05,0.0,30,1.6794556689262397,-6.5478937019001355,-5.516277755631341
581,do,0.05,0.0,16,2.278001265525818,-5.180755011240641,-4.924539550145467
582,pp,0.05,0.0,37,1.9106300413608555,-7.810319354317405,-6.2282259994082985
583,do,0.05,0.0,31,2.901667232513427,-5.821330723618016,-4.6125595013300575
584,pp,0.05,0.0,13,1.3254312968254087,-4.758541179425789,-3.902684603797065
585,do,0.05,0.0,61,2.1434977400302886,-7.646061184912017,-6.99897980954912
586,pp,0.05,0.0,7,0.6746623945236214,-4.954834404858675,-4.361461771859063
587,do,0.05,0.0,26,2.7914042162895205,-6.742129018089988,-6.067607325977749
588,pp,0.05,0.0,12,1.8611335337162016,-5.388519100709395,-4.212556065453423
589,do,0.05,0.0,20,0.61179115653038,-6.21890609625614,-5.560952295197381
590,pp,0.05,0.0,13,0.09259570598602274,-5.836264776461052,-5.014519235822889
591,do,0.05,0.0,15,0.4654513156414035,-7.067637715195165,-6.3576387087504065
592,pp,0.05,0.0,13,0.9188662385940551,-6.190271946878144,-4.828427465756734
593,do,0.05,0.0,51,1.195531433820725,-6.054615142128684,-6.96367703543769
594,pp,0.05,0.0,18,1.1840085828304288,-6.201766886855617,-4.871957394811842
595,do,0.05,0.0,36,1.5893997871875767,-7.245178073825258,-6.927417585584853
596,pp,0.05,0.0,65,3.5653510427474986,-7.245236898191047,-6.146090192264981
597,do,0.05,0.0,56,2.219941816329956,-7.83052327560656,-7.34373185104794
598,pp,0.05,0.0,9,1.201279735565186,-5.289689568317297,-4.170598491032918
599,do,0.05,0.0,40,1.4075480556488031,-7.5920269070249615,-6.768286577860514
600,pp,0.05,0.0,21,1.2051011526584627,-6.566210041624127,-5.363351623217265
601,do,0.05,0.0,16,1.6054098379611963,-4.635299841562907,-4.301818217171563
602,pp,0.05,0.0,9,1.5864451301097873,-5.284636056784428,-4.240481887923346
603,do,0.05,0.0,22,1.5483515250682833,-5.244032658952655,-5.033484146330092
604,pp,0.05,0.0,44,3.5833067023754115,-5.854729242035837,-5.142156301604377
605,do,0.05,0.0,9,0.7848275184631346,-4.739429551904852,-4.800505465931362
606,pp,0.05,0.0,53,1.4740720057487486,-6.486874369418982,-5.807466400994195
607,do,0.05,0.0,68,1.9390592038631436,-7.086755245382135,-6.067753121587965
608,pp,0.05,0.0,15,2.2106675398349758,-6.543925754951708,-5.186951743231879
609,do,0.05,0.0,38,2.383204927444458,-6.374202111273101,-5.7308932012981835
610,pp,0.05,0.0,26,1.9628616845607763,-5.256981315034809,-4.348889368110233
611,do,0.05,0.0,70,1.2851830422878265,-8.66872486634688,-7.918833547168308
612,pp,0.05,0.0,8,0.7297150242328643,-4.845984886631821,-4.0458793308999805
613,do,0.05,0.0,53,3.202605366706848,-5.700955805634007,-5.286919270621405
614,pp,0.05,0.0,56,2.341773662567138,-5.614105744795366,-5.1668486886554295
615,do,0.05,0.0,8,1.0222342884540563,-4.619979167707038,-4.055657105975681
616,pp,0.05,0.0,11,1.0130973577499391,-4.8811369057857625,-4.227791420618693
617,do,0.05,0.0,30,2.4002580618858342,-6.6026302106452714,-5.920654273033142
618,pp,0.05,0.0,20,2.3160102200508117,-5.668789301496563,-4.653466730647617
619,do,0.05,0.0,20,2.5969886732101433,-6.677238699884126,-5.543170346154107
620,pp,0.05,0.0,10,1.4357713663578036,-4.689723517678001,-3.8089082452985976
621,do,0.05,0.0,22,2.0017987155914305,-5.7600608002055775,-5.494582962989807
622,pp,0.05,0.0,14,1.477885957956314,-5.161986082250421,-4.1588060153855215
623,do,0.05,0.0,11,1.9295742964744562,-5.1967892603440715,-4.950523315535651
624,pp,0.05,0.0,12,2.148637046813965,-4.7506162470037285,-3.9415450943840873
625,do,0.05,0.0,49,2.8655716872215278,-5.939889906391953,-5.391200168927511
626,pp,0.05,0.0,19,1.4332437157630924,-6.5042555621176055,-5.490752024120755
627,do,0.05,0.0,7,0.7730862963199616,-5.566789816365097,-5.149670010142856
628,pp,0.05,0.0,21,1.4524705159664153,-6.625533809083881,-5.001870449384054
629,do,0.05,0.0,68,0.6992130053043368,-9.694867095080289,-8.223116334279378
630,pp,0.05,0.0,15,1.3451087403297421,-4.66542646668174,-3.9225197301970587
631,do,0.05,0.0,70,1.2442903590202317,-8.29931729923595,-7.287441221872966
632,pp,0.05,0.0,8,0.09842855572700504,-5.063907694094109,-3.898785181840261
633,do,0.05,0.0,52,1.7589094042778024,-6.697745841922182,-5.922112170855204
634,pp,0.05,0.0,11,1.2155946552753445,-4.835988303386804,-4.142577397823334
635,do,0.05,0.0,21,1.8350691699981683,-5.285886151862867,-4.862844745318095
636,pp,0.05,0.0,13,1.5977612531185148,-4.884957640098803,-4.211978586514791
637,do,0.05,0.0,33,1.668900114297867,-6.144336093555797,-5.2963204516304865
638,pp,0.05,0.0,16,1.8338776481151573,-4.9390467744885065,-4.01896245876948
639,do,0.05,0.0,17,2.3230860328674314,-5.922671060851126,-4.888085439470079
640,pp,0.05,0.0,16,1.601133334636688,-4.797377103747744,-4.145640321572622
641,do,0.05,0.0,10,0.7947915446758271,-5.3459762067505805,-4.62706991036733
642,pp,0.05,0.0,15,1.3218811380863187,-4.381336582068241,-3.6891384058528476
643,do,0.05,0.0,17,1.5280270838737495,-5.715007422187112,-5.040853500366211
644,pp,0.05,0.0,68,2.5178424131870276,-8.216740608215332,-7.456751357184516
645,do,0.05,0.0,27,3.1861571097373966,-5.9588265086665295,-5.518603738149007
646,pp,0.05,0.0,70,3.966749325990677,-6.192438190633601,-4.9708637290530735
647,do,0.05,0.0,21,2.4833528220653545,-5.851300544449777,-4.983249012629191
648,pp,0.05,0.0,14,1.7756529521942133,-3.9856747078173087,-3.5081650177637735
649,do,0.05,0.0,15,1.0622518265247347,-5.564966375177557,-4.854245360692342
650,pp,0.05,0.0,20,1.2876192522048955,-5.274075704632383,-4.400073819690281
651,do,0.05,0.0,35,1.6695164084434513,-5.759375937779745,-5.1158812946743435
652,pp,0.05,0.0,62,1.2869822716712953,-7.7654334256143285,-6.741787592569987
653,do,0.05,0.0,53,2.329809277057647,-6.56658670685508,-6.041110038757324
654,pp,0.05,0.0,70,1.5841806864738457,-6.799612837126761,-6.182577135827806
655,do,0.05,0.0,33,2.8171721482276917,-5.1598700566725295,-4.538269462850359
656,pp,0.05,0.0,26,2.595292605161668,-5.104882839954261,-4.4357772509257
657,do,0.05,0.0,15,0.96512449145317,-4.801406851681796,-4.749279877874586
658,pp,0.05,0.0,42,2.5798938274383545,-5.463062302271525,-4.804337877697415
659,do,0.05,0.0,25,4.143932269811629,-5.039003554257479,-4.70088382297092
660,pp,0.05,0.0,60,3.350652296543122,-5.762343515049327,-4.976530294948154
661,do,0.05,0.0,22,2.2439740300178537,-6.014396008578214,-5.4134538862440325
662,pp,0.05,0.0,13,2.11684460759163,-4.900894033547604,-3.868209769990709
663,do,0.05,0.0,34,1.7941285061836236,-7.331060137893214,-6.000167409578959
664,pp,0.05,0.0,7,0.6914333224296572,-4.956678391947891,-4.246311929490831
665,do,0.05,0.0,70,1.2885245263576515,-7.081985272783221,-8.698865543471442
666,pp,0.05,0.0,70,2.2784371447563174,-7.772749002052076,-6.318590996000502
667,do,0.05,0.0,19,2.835031373500823,-5.456285735332605,-5.154763838979933
668,pp,0.05,0.0,28,2.1766733419895177,-4.532317515575524,-4.021413800451491
669,do,0.05,0.0,15,1.35878029346466,-5.72242096120661,-4.9752059963014394
670,pp,0.05,0.0,14,0.8189363980293276,-6.12544665481105,-4.6202887111239965
671,do,0.05,0.0,59,1.91558972120285,-6.070715173085531,-7.392139548725552
672,pp,0.05,0.0,39,2.6749829018115996,-5.125129666472926,-4.730588711632622
673,do,0.05,0.0,24,2.42496523976326,-5.08387255524144,-4.565198863877191
674,pp,0.05,0.0,21,2.1730523800849912,-5.273744835998073,-4.6314424196879065
675,do,0.05,0.0,20,0.0709500348567964,-6.183944220976396,-5.995314351717631
676,pp,0.05,0.0,13,0.5044958961009982,-5.095136882319595,-4.335968812306722
677,do,0.05,0.0,26,2.9087435841560367,-5.637947498668324,-5.29558113416036
678,pp,0.05,0.0,42,3.0382991158962254,-6.515612112392079,-5.322720697191026
679,do,0.05,0.0,14,1.1058976542949672,-5.715032002420136,-5.796441170904371
680,pp,0.05,0.0,40,1.8299372184276574,-6.295726914839311,-5.586357723342048
681,do,0.05,0.0,6,0.21041328787803693,-5.368307222019542,-4.812967703077528
682,pp,0.05,0.0,70,1.330674893856047,-11.221540906212546,-10.22786153157552
683,do,0.05,0.0,25,2.8850471735000607,-6.080986167445327,-5.694323020511203
684,pp,0.05,0.0,37,2.11493584394455,-4.549075544241703,-4.136401897006564
685,do,0.05,0.0,34,2.3908314728736872,-6.305300698135838,-5.918741393089294
686,pp,0.05,0.0,64,2.131082042455674,-8.694411315339984,-6.746062461535136
687,do,0.05,0.0,40,2.738748624324799,-7.365103082945852,-6.711965635087755
688,pp,0.05,0.0,20,1.5428048753738404,-4.609760103803692,-3.9763941486676533
689,do,0.05,0.0,31,1.6488494038581845,-5.640417364871863,-6.955490374565125
690,pp,0.05,0.0,20,1.4518957138061523,-5.410656627019247,-4.6446372429529825
691,do,0.05,0.0,11,1.2013824820518497,-5.384852172389175,-4.62308788034651
692,pp,0.05,0.0,70,2.833775663375855,-9.883447719342781,-8.550983020994398
693,do,0.05,0.0,19,1.842107588052749,-4.623347068555427,-4.8769449445936415
694,pp,0.05,0.0,15,2.220339354276657,-4.286879548881993,-3.7153119855456884
695,do,0.05,0.0,11,0.652730302810669,-5.239790939562249,-4.600212542215983
696,pp,0.05,0.0,7,0.7744726097583765,-4.673128136721524,-3.622503843572405
697,do,0.05,0.0,33,1.926029235124588,-5.554992349220044,-6.5952237341139055
698,pp,0.05,0.0,18,2.8084185743331904,-5.124012093110518,-4.244470626778073
699,do,0.05,0.0,70,0.7453989887237551,-10.585982137737853,-9.275296889411079
700,pp,0.05,0.0,12,2.2364714884758,-4.573215100259492,-3.868811641799079
701,do,0.05,0.0,25,2.3671771121025085,-4.360111542904016,-5.318450382020738
702,pp,0.05,0.0,41,3.3125011622905722,-6.108991076729515,-5.793264632754855
703,do,0.05,0.0,30,2.3304620540142054,-5.812360067078561,-5.4752858479817705
704,pp,0.05,0.0,22,1.5520094597339629,-5.923478737744418,-5.095188524987963
705,do,0.05,0.0,16,1.8192993915081024,-5.545663849512736,-5.678657714525858
706,pp,0.05,0.0,20,1.6448909533023839,-4.813612653269912,-4.503469273779127
707,do,0.05,0.0,21,1.4020975923538206,-6.1062695503234865,-5.856711032655504
708,pp,0.05,0.0,34,2.4248579645156862,-6.105588739568537,-5.34017852279875
709,do,0.05,0.0,70,0.2595563781261436,-7.7850066502889,-7.542961780230204
710,pp,0.05,0.0,66,1.3262588405609126,-6.648211414163763,-6.4815713220172455
711,do,0.05,0.0,14,0.7942463815212246,-4.9253297632390804,-4.502752078904046
712,pp,0.05,0.0,7,1.121237337589264,-5.0954892707593515,-4.128226812680563
713,do,0.05,0.0,70,0.8616877651214612,-8.87254874489524,-7.805594947603014
714,pp,0.05,0.0,10,0.8804207170009608,-5.6530580390583385,-4.4211414946450125
715,do,0.05,0.0,7,1.523861618041992,-4.87239890387564,-4.136930105421278
716,pp,0.05,0.0,15,1.6796289587020876,-4.60120423634847,-3.6436353312598335
717,do,0.05,0.0,13,0.7832417988777163,-5.261575367956451,-5.787322380807665
718,pp,0.05,0.0,66,1.8363786911964413,-7.951182927507343,-7.04016486538781
719,do,0.05,0.0,29,1.9037289762496954,-6.3204182913809115,-5.491813233163621
720,pp,0.05,0.0,13,1.6364666092395783,-4.481496244488341,-3.899356763892704
721,do,0.05,0.0,38,2.084304457902909,-5.8132586840427285,-5.898871986071269
722,pp,0.05,0.0,66,2.3937386345863345,-8.01893941561381,-6.613638438118828
723,do,0.05,0.0,13,1.1519578492641447,-4.923625563130234,-4.536818257967631
724,pp,0.05,0.0,19,1.7342674529552458,-4.572396149779811,-4.081145813730028
725,do,0.05,0.0,16,1.5298252892494197,-4.762051394491484,-4.59621737268236
726,pp,0.05,0.0,70,0.8397948384284959,-7.722170185320305,-7.160215380456712
727,do,0.05,0.0,39,1.6916897177696226,-8.015621724273219,-6.534002592828538
728,pp,0.05,0.0,13,2.4377748024463655,-4.377878254110163,-3.738294780254364
729,do,0.05,0.0,20,1.002548145055771,-5.862107971942786,-5.47568371825748
730,pp,0.05,0.0,12,1.227029339075088,-4.5902112585125545,-3.8628732429610357
731,do,0.05,0.0,11,0.9334818530082707,-4.9510353334022295,-4.496303764979045
732,pp,0.05,0.0,29,1.69369735956192,-5.508003334565596,-4.98473862806956
733,do,0.05,0.0,19,1.3183943688869473,-6.791164940053767,-5.90471142133077
734,pp,0.05,0.0,21,2.128171366453171,-5.038124886426059,-4.134682725535499
735,do,0.05,0.0,20,2.8876211452484135,-5.738990679654208,-6.350009184413486
736,pp,0.05,0.0,7,1.0087691271305088,-5.2439729300412266,-4.264620558420817
737,do,0.05,0.0,8,0.6682721638679503,-5.577091563831676,-5.132713272836473
738,pp,0.05,0.0,14,1.7877791738510131,-5.248124518538966,-4.179438054561615
739,do,0.05,0.0,41,3.589685069322586,-5.943805557308775,-5.285698956913418
740,pp,0.05,0.0,70,2.171283642053605,-7.080869194955537,-5.963037406073676
741,do,0.05,0.0,40,3.2367608571052555,-7.237144330053619,-6.50139496061537
742,pp,0.05,0.0,22,1.9067857789993292,-5.018471190423677,-4.381316558519999
743,do,0.05,0.0,17,1.2852863144874567,-5.42567993366357,-5.0620020283593075
744,pp,0.05,0.0,20,2.7124762439727776,-4.581943270654389,-4.247081598970625
745,do,0.05,0.0,10,0.1709301304817199,-5.960474034511682,-5.361074394649929
746,pp,0.05,0.0,6,0.5856464600563047,-4.722482819990678,-3.951734275288052
747,do,0.05,0.0,70,5.426051450967789,-6.488088086157134,-5.76408916314443
748,pp,0.05,0.0,70,3.3754703438282014,-6.022932169654153,-4.910640070173476
749,do,0.05,0.0,61,1.6872326135635367,-7.592328516642253,-6.955787250730727
750,pp,0.05,0.0,17,2.621717132329941,-5.248480080113266,-4.416781169838376
751,do,0.05,0.0,53,1.6065778565406799,-6.129788420417092,-6.102739879820082
752,pp,0.05,0.0,15,1.998533816337586,-4.66980077570135,-3.8004916204346553
753,do,0.05,0.0,13,2.415215787887573,-5.801755717306426,-5.663858116997613
754,pp,0.05,0.0,13,1.6276069235801698,-4.797238451061827,-4.0223658826616076
755,do,0.05,0.0,7,0.6589159142971042,-5.3033349802999785,-4.987428397602505
756,pp,0.05,0.0,23,2.1459129476547245,-5.8062286781542225,-4.378244037098355
757,do,0.05,0.0,39,4.0756186974048605,-6.146970800919966,-5.724621330367194
758,pp,0.05,0.0,70,2.511694935560227,-7.188624824177135,-6.392306089401245
759,do,0.05,0.0,26,2.642624396085739,-6.841142891392563,-6.195497833357917
760,pp,0.05,0.0,21,2.5419939637184132,-5.876399972222068,-4.823308049307929
761,do,0.05,0.0,41,1.41649335861206,-7.759125277490327,-7.86844801902771
762,pp,0.05,0.0,16,2.7675366890430455,-5.318857896689213,-4.836563671959771
763,do,0.05,0.0,15,2.0438030850887303,-4.971477547558871,-4.51626618968116
764,pp,0.05,0.0,14,1.9351597785949703,-4.7695645592429425,-3.936109483242035
765,do,0.05,0.0,28,2.2073899877071375,-4.976945684895371,-5.054292429818047
766,pp,0.05,0.0,38,1.809357892274856,-5.714348249724417,-5.018564367294312
767,do,0.05,0.0,51,3.776638041734695,-5.947384065570254,-6.146095895767212
768,pp,0.05,0.0,18,2.613215963840484,-5.414380897175182,-4.4517063882615835
769,do,0.05,0.0,29,0.6119663035869598,-6.286289654356061,-5.908853933546278
770,pp,0.05,0.0,13,0.7413102900981903,-5.503559534477465,-4.665992914305793
771,do,0.05,0.0,24,1.6806502866745001,-6.382876014709472,-5.915287269486321
772,pp,0.05,0.0,19,2.734887281656265,-4.791482179815119,-4.181266061464945
773,do,0.05,0.0,15,1.4211962664127347,-5.386749166430849,-5.288046781222025
774,pp,0.05,0.0,24,2.6180251979827878,-4.717907037157001,-4.120958284536997
775,do,0.05,0.0,35,2.7801639008522043,-6.602206559614702,-6.702759660614861
776,pp,0.05,0.0,42,3.352570163011551,-6.570922316926898,-5.850761630800036
777,do,0.05,0.0,10,0.4503390467166897,-5.518188833467888,-5.551142888598972
778,pp,0.05,0.0,22,1.3226235151290897,-5.692349331306689,-4.916073616345724
779,do,0.05,0.0,19,1.590907654762268,-5.343556392554081,-5.367966959211562
780,pp,0.05,0.0,13,1.3837758302688599,-4.329540478099476,-3.8798884405030143
781,do,0.05,0.0,10,1.4576883304119104,-5.857996447881063,-5.6155768473943075
782,pp,0.05,0.0,11,1.3608873784542084,-4.388121756640348,-3.9172883974181283
783,do,0.05,0.0,24,2.458690912723542,-6.827051359234434,-6.594487102826436
784,pp,0.05,0.0,25,1.5714082944393164,-6.104921726746992,-4.8453271309534705
785,do,0.05,0.0,29,1.361898840665817,-6.197570650505297,-5.734923768043518
786,pp,0.05,0.0,13,1.4561969244480135,-4.534579681627678,-3.7791369173261855
787,do,0.05,0.0,27,2.1708088827133185,-4.885416064117894,-4.628027987480164
788,pp,0.05,0.0,44,2.626563034057617,-5.698057956406564,-4.991131990485721
789,do,0.05,0.0,17,1.8860513472557079,-6.496109666246356,-5.907064771652221
790,pp,0.05,0.0,29,3.369635386466981,-6.949892739093665,-5.879446400536431
791,do,0.05,0.0,19,1.8031230843067165,-4.25751541744579,-4.169460911220974
792,pp,0.05,0.0,13,1.7122829103469845,-3.9665895021323,-3.6102444450060527
793,do,0.05,0.0,69,1.2392226493358613,-8.739417285630196,-7.906299135420057
794,pp,0.05,0.0,8,1.9264587211608886,-4.238479310815984,-3.824774538146125
795,do,0.05,0.0,16,2.2832186317443846,-4.744317311951608,-4.285648144616021
796,pp,0.05,0.0,21,2.4677606189250945,-5.400890856078177,-4.263929624027676
797,do,0.05,0.0,38,2.75165784597397,-7.31330329432632,-6.561710974905226
798,pp,0.05,0.0,13,1.8081640028953547,-5.4956257690082895,-4.94363583193885
799,do,0.05,0.0,26,1.3125335073471067,-5.866766731666796,-6.28603191640642
800,pp,0.05,0.0,22,1.9410185062885281,-4.741495064533118,-3.97835640112559
801,do,0.05,0.0,19,2.071235570907593,-4.3441840128465135,-4.340613799624973
802,pp,0.05,0.0,15,2.1869154059886924,-5.467345012318004,-4.629341748025682
803,do,0.05,0.0,51,1.667825336456299,-4.971542598261978,-5.0353881981637745
804,pp,0.05,0.0,70,1.9541148114204407,-6.26333098267064,-5.251512649324205
805,do,0.05,0.0,57,2.065535597801208,-5.643800297650424,-5.636896342701382
806,pp,0.05,0.0,22,2.6613097035884863,-5.67451975851348,-4.463915838135613
807,do,0.05,0.0,17,1.5230274760723113,-4.7285786368630145,-4.50184219678243
808,pp,0.05,0.0,70,3.3481180083751685,-6.779165230375348,-5.8650124443901905
809,do,0.05,0.0,13,1.0223713636398317,-4.633863840681133,-4.443807498613993
810,pp,0.05,0.0,25,1.6010317122936248,-5.529086844126383,-4.922648477554321
811,do,0.05,0.0,48,0.6974136030673979,-5.214763674591527,-5.26631813844045
812,pp,0.05,0.0,35,3.244932863712311,-5.037734706474073,-4.368560694323646
813,do,0.05,0.0,40,1.7584525823593147,-6.304537813591234,-5.998498447736105
814,pp,0.05,0.0,21,2.2225729215145114,-5.914810664726026,-4.665197963184781
815,do,0.05,0.0,46,1.1931680333614354,-5.169177155061202,-5.14214149845971
816,pp,0.05,0.0,65,3.047920618057251,-6.003702808148933,-4.879385985268486
817,do,0.05,0.0,70,2.128411002159119,-7.460399383487124,-6.835002745522393
818,pp,0.05,0.0,25,2.2362680685520173,-5.254352591254494,-4.667219548755222
819,do,0.05,0.0,16,1.5925673747062685,-5.358550944472804,-4.679822866121928
820,pp,0.05,0.0,24,2.0523688077926634,-4.400553701863144,-4.018878694375356
821,do,0.05,0.0,70,3.85696427822113,-5.4996379794496475,-4.816249754693773
822,pp,0.05,0.0,38,3.2016489064693454,-6.390061105381359,-5.690596516927084
823,do,0.05,0.0,70,2.995729610919952,-6.870240610296076,-6.197502046161228
824,pp,0.05,0.0,16,2.677414019107818,-4.782049430500377,-4.338309756914774
825,do,0.05,0.0,70,0.9621040368080127,-8.322055585456617,-7.365900580088297
826,pp,0.05,0.0,20,2.055084677934647,-5.249455696163755,-4.554434124628703
827,do,0.05,0.0,70,1.294674308300018,-6.544569659955574,-6.430896205372281
828,pp,0.05,0.0,52,0.8356919956207278,-6.315239675117262,-5.064736347728306
829,do,0.05,0.0,44,3.16510156750679,-6.883802974585331,-6.224698241551717
830,pp,0.05,0.0,16,2.1363524377346037,-5.304636320923314,-4.614746059311761
831,do,0.05,0.0,10,1.3725801837444305,-4.975559103127682,-4.316625220245785
832,pp,0.05,0.0,23,1.7627208125591274,-6.9705113179755935,-5.571808369954427
833,do,0.05,0.0,31,2.7870266950130462,-5.181099342577385,-5.222915834850735
834,pp,0.05,0.0,33,1.365053672790527,-5.314254772301876,-4.622184148099687
835,do,0.05,0.0,14,1.5624136972427376,-4.699178843064741,-4.469916815227933
836,pp,0.05,0.0,17,2.377728506326675,-4.425461225798636,-4.074351527955797
837,do,0.05,0.0,66,3.265341269969939,-7.030884852553859,-7.0726087888081866
838,pp,0.05,0.0,44,2.4166018259525295,-6.1243545098738235,-5.147224428918626
839,do,0.05,0.0,20,1.9247464847564704,-4.826618960409453,-4.726703471607632
840,pp,0.05,0.0,36,2.654103055000305,-5.0603194439049926,-4.490089697308011
841,do,0.05,0.0,65,2.8250204598903643,-7.956698293396921,-7.093654341167873
842,pp,0.05,0.0,20,2.0753905761241915,-4.998791954734108,-4.591423273086548
843,do,0.05,0.0,18,1.8966289520263668,-4.695023071404659,-4.294735455513001
844,pp,0.05,0.0,33,3.2547378742694866,-5.389871952750466,-4.462555662790934
845,do,0.05,0.0,24,2.795367432832717,-4.957870008006241,-4.912904273139106
846,pp,0.05,0.0,22,2.4735819208621983,-4.317723475080548,-3.718054509162903
847,do,0.05,0.0,36,2.547783827781678,-4.983365070458614,-4.685356879234314
848,pp,0.05,0.0,35,2.036127985715866,-6.608634724761501,-5.2049938069449535
849,do,0.05,0.0,12,1.0069262647628783,-4.893066076798872,-4.684204732047187
850,pp,0.05,0.0,16,2.3257410335540776,-5.2243423331867564,-4.328144476148817
851,do,0.05,0.0,70,1.5843888187408446,-9.289250662832549,-8.845312478807237
852,pp,0.05,0.0,20,0.9505619144439699,-6.339139980258364,-5.5541222148471405
853,do,0.05,0.0,23,3.7841912031173717,-5.2126570427056516,-4.591870737075806
854,pp,0.05,0.0,18,2.447321467399597,-5.340488972808376,-4.559108074506124
855,do,0.05,0.0,24,0.39475299000740094,-6.380691375154438,-5.215750331348843
856,pp,0.05,0.0,51,2.3418837440013887,-6.0565686529332945,-5.3472089423073665
857,do,0.05,0.0,46,2.0522330832481384,-6.59899132901972,-6.520751765039232
858,pp,0.05,0.0,70,2.146120021343231,-7.092507719271111,-6.65312569671207
859,do,0.05,0.0,70,0.6699141526222245,-7.225262815302068,-5.939012773831686
860,pp,0.05,0.0,25,1.3351009607315065,-5.57028143044674,-4.844930023617215
861,do,0.05,0.0,70,2.866155257225037,-5.453104878916885,-5.417459585931566
862,pp,0.05,0.0,11,1.148531012535095,-5.953643972223455,-4.882365714179145
863,do,0.05,0.0,18,1.8925270473957063,-5.7880152211044775,-5.287902710172865
864,pp,0.05,0.0,15,1.9743596374988552,-4.673033344384396,-4.018824042214288
865,do,0.05,0.0,18,2.8898097288608557,-5.108322039517489,-4.380143181482951
866,pp,0.05,0.0,69,3.4123908126354223,-6.353244943329782,-5.781100503603617
867,do,0.05,0.0,70,2.0714325869083403,-5.191598327232129,-4.746569405661689
868,pp,0.05,0.0,60,1.983175138235091,-6.866699041019786,-6.1289863295025295
869,do,0.05,0.0,16,0.6254472756385798,-6.143519913066517,-5.3570058107376095
870,pp,0.05,0.0,13,0.9643823230266575,-5.192592268279104,-4.597909802860684
871,do,0.05,0.0,30,3.864316091537475,-5.446540984240445,-5.135827313529121
872,pp,0.05,0.0,15,2.136583819389343,-5.113785802956784,-4.200477302074432
873,do,0.05,0.0,29,1.3844767999649052,-4.47276635314479,-4.475063216686249
874,pp,0.05,0.0,70,1.3227281987667094,-7.202858291972767,-6.397216826015049
875,do,0.05,0.0,18,1.4478142106533056,-5.528151308406483,-5.193436127238804
876,pp,0.05,0.0,60,2.4183627581596374,-7.601736112074419,-6.705777067608303
877,do,0.05,0.0,34,2.58198815703392,-6.709060924703425,-5.99886368115743
878,pp,0.05,0.0,38,1.9198807251453403,-6.687619428923636,-5.38848090701633
879,do,0.05,0.0,39,2.433874334096908,-7.111807506734674,-6.226420164108276
880,pp,0.05,0.0,19,1.3638910079002384,-5.9302570574211355,-4.784113701184591
881,do,0.05,0.0,36,0.24019577622413646,-7.60645404439984,-6.171753986676534
882,pp,0.05,0.0,10,0.6929619824886322,-5.330486823573257,-4.408968223465814
883,do,0.05,0.0,8,0.41969032287597585,-5.423025688980565,-4.6003630055321585
884,pp,0.05,0.0,70,2.6187398529052723,-7.084935550978689,-5.90742642349667
885,do,0.05,0.0,18,1.6367634415626524,-5.332831161672419,-4.637799424595303
886,pp,0.05,0.0,24,2.584600186347961,-5.733183031371145,-4.950119145711263
887,do,0.05,0.0,60,1.9287311494350439,-7.068533541939475,-6.795020034578111
888,pp,0.05,0.0,53,2.2459368598461156,-5.983922946814335,-5.4133614963955345
889,do,0.05,0.0,38,1.6564369773864742,-6.541522599711563,-5.485452561908298
890,pp,0.05,0.0,17,0.9268173897266392,-5.74993308096221,-5.042945030000475
891,do,0.05,0.0,16,1.888069305419922,-5.908920529394439,-5.1327682336171465
892,pp,0.05,0.0,39,3.3384189498424526,-6.219905724669948,-5.044138746791416
893,do,0.05,0.0,65,-0.2530659472942345,-6.792091765548244,-6.162870865397983
894,pp,0.05,0.0,35,0.9461910986900319,-7.720377799236413,-6.168265432781643
895,do,0.05,0.0,11,0.9900499868392947,-4.85586914582686,-4.871462178230286
896,pp,0.05,0.0,9,2.057138514518738,-5.485677420009266,-4.914478060934279
897,do,0.05,0.0,10,0.2674809777736664,-5.814533067472054,-5.083948220147027
898,pp,0.05,0.0,13,0.7957828569412237,-5.569568366715402,-4.997594936688741
899,do,0.05,0.0,14,2.815218979120255,-5.3144642353057865,-4.698899102210999
900,pp,0.05,0.0,31,2.238655471801758,-5.677258374474265,-4.304433385531108
901,do,0.05,0.0,69,-0.5440916049480435,-9.60354668010365,-9.147847641838922
902,pp,0.05,0.0,8,0.43197880506515585,-5.6798383221481785,-4.805524219406975
903,do,0.05,0.0,28,-0.13801883697509787,-7.224230686823527,-6.600365511576334
904,pp,0.05,0.0,67,1.6216241872310633,-7.597258037509341,-6.745070012410482
905,do,0.05,0.0,14,0.2416747319698338,-5.440447092056274,-5.098901918199327
906,pp,0.05,0.0,25,1.796337896585464,-5.809075874270815,-4.969676486651102
907,do,0.05,0.0,14,-0.2555746948719033,-6.674405105186231,-6.026635437541538
908,pp,0.05,0.0,21,0.22790388107299808,-6.536139443426421,-5.728567923439874
909,do,0.05,0.0,38,-0.14287378430366537,-7.8460395610693725,-6.16107963985867
910,pp,0.05,0.0,70,1.1962039911746984,-8.029674845030813,-6.827901554107666
911,do,0.05,0.0,4,-0.5676895534992221,-5.850596909089522,-5.122374380959405
912,pp,0.05,0.0,15,0.2935466742515569,-6.850631845358646,-5.358404355578952
913,do,0.05,0.0,11,0.06468046784400983,-5.460039841045033,-4.973489377233717
914,pp,0.05,0.0,30,1.7143870270252233,-6.075868217872851,-5.433805229928758
915,do,0.05,0.0,31,1.2644290792942048,-7.485041180523959,-5.886210412449307
916,pp,0.05,0.0,43,1.76875289797783,-6.989829111099243,-5.984087141354879
917,do,0.05,0.0,13,0.20846238613128687,-5.4469019239599055,-4.949046511120266
918,pp,0.05,0.0,17,2.405551726818084,-5.421493131464178,-4.7277363883124455
919,do,0.05,0.0,15,1.640487399101258,-5.991095853574349,-5.357340926594205
920,pp,0.05,0.0,15,2.177814917564393,-5.842464983102047,-5.133928343984816
921,do,0.05,0.0,3,-0.808708270788193,-5.672828737894694,-4.995483983887566
922,pp,0.05,0.0,36,1.2171765685081475,-6.789205240480827,-6.076087408595615
923,do,0.05,0.0,20,1.6433234608173368,-6.283943102576516,-5.952767819828457
924,pp,0.05,0.0,53,2.023373823165893,-6.822191702235829,-5.7839236550860935
925,do,0.05,0.0,19,1.8138617813587183,-5.109449577331543,-4.474447923236423
926,pp,0.05,0.0,27,1.801105530261994,-6.22144374702916,-4.974454604254829
927,do,0.05,0.0,70,1.4344836080074312,-7.424435466708559,-6.2610032611423065
928,pp,0.05,0.0,38,1.037170028686523,-8.082168568986836,-5.815405307875739
929,do,0.05,0.0,18,0.32072692990303064,-5.970915116685809,-5.012252036730448
930,pp,0.05,0.0,15,1.4293163776397702,-5.996081119595152,-4.998466912905375
931,do,0.05,0.0,70,3.77439624428749,-5.7945137789755155,-5.19681277539995
932,pp,0.05,0.0,15,2.4969700706005096,-5.414337412516276,-4.566457888815138
933,do,0.05,0.0,70,1.0904752230644226,-6.7721653403657855,-6.360046625137329
934,pp,0.05,0.0,68,2.1276147770881657,-7.130007706266461,-6.156318455272251
935,do,0.05,0.0,30,0.8212803018093116,-8.545451310186674,-8.221036545435588
936,pp,0.05,0.0,70,2.5805164074897764,-10.352181582017378,-8.512862459818523
937,do,0.05,0.0,30,2.7717537581920633,-5.977313950567535,-5.734476137161255
938,pp,0.05,0.0,12,2.0549164462089538,-4.618433066570398,-3.926224957572089
939,do,0.05,0.0,9,-0.2521847200393683,-5.674533553556962,-5.196647890408834
940,pp,0.05,0.0,63,1.316773359775543,-7.9079586607037164,-7.191631076070998
941,do,0.05,0.0,45,0.7901986479759211,-7.572921472607237,-7.193047920862834
942,pp,0.05,0.0,70,2.4648883450031285,-8.867021245667429,-7.388178123368157
943,do,0.05,0.0,38,2.8727958154678337,-5.688036805933172,-4.8760141690572105
944,pp,0.05,0.0,63,1.2784452652931222,-7.2473047718857275,-6.258065782652961
945,do,0.05,0.0,31,0.791711306571961,-5.741314010909109,-5.19622982343038
946,pp,0.05,0.0,70,2.510586907863618,-7.19214540683862,-6.41968654791514
947,do,0.05,0.0,31,1.4676041889190676,-6.9302975278912164,-6.225808848275078
948,pp,0.05,0.0,67,1.6949363124370578,-7.202111108375318,-6.472327417797512
949,do,0.05,0.0,70,2.363746826648712,-7.1059506864258735,-6.374977721108331
950,pp,0.05,0.0,61,1.6876583039760593,-7.8683093070983885,-6.893883999188741
951,do,0.05,0.0,54,0.7210977256298072,-7.7043697920712555,-6.975132036209106
952,pp,0.05,0.0,70,2.05173073887825,-6.292219359946974,-5.7518256213929915
953,do,0.05,0.0,29,1.4387121033668517,-6.00165600198688,-5.909467450777689
954,pp,0.05,0.0,19,0.8790750825405116,-6.308346681883841,-4.918636989593506
955,do,0.05,0.0,29,3.575816575288772,-4.400874061295481,-4.16475539472368
956,pp,0.05,0.0,51,1.7403498554229726,-7.084398034124663,-6.846086035834419
957,do,0.05,0.0,14,2.456206537485123,-4.733415599302812,-4.447000344594319
958,pp,0.05,0.0,11,1.589291100502014,-5.241724285934911,-4.258715547455681
959,do,0.05,0.0,46,2.8798144257068623,-7.161638517090768,-6.009715024630228
960,pp,0.05,0.0,33,1.6916053807735452,-9.059913213325268,-6.990271743138631
961,do,0.05,0.0,33,2.067874088287353,-6.680001121578795,-5.630940267774794
962,pp,0.05,0.0,59,1.6796252322196956,-6.67193176240632,-5.870950492223104
963,do,0.05,0.0,19,2.854642180204391,-5.077114148573442,-4.615178765190972
964,pp,0.05,0.0,23,0.9031783449649806,-6.81093549005913,-5.104087705082364
965,do,0.05,0.0,55,1.7005486464500414,-7.813630303469571,-7.202348690562778
966,pp,0.05,0.0,30,2.0300742232799536,-5.553595112309312,-4.818509912490844
967,do,0.05,0.0,66,1.719348105192184,-7.584087085723877,-7.452337778939141
968,pp,0.05,0.0,36,1.7840783512592306,-8.381121609427712,-6.805381483501858
969,do,0.05,0.0,28,2.5521956944465636,-6.119461159272627,-6.141321190198263
970,pp,0.05,0.0,62,3.135112272500993,-6.7142587647293555,-5.6083329174253675
971,do,0.05,0.0,37,1.5986358368396756,-6.044588669863614,-5.066346263885498
972,pp,0.05,0.0,8,0.16260981202125535,-6.201107961481267,-4.72498189608256
973,do,0.05,0.0,68,1.148451278209686,-7.266292186216875,-8.326863853136699
974,pp,0.05,0.0,56,1.5293581163883205,-6.4435562509478945,-5.6639899916119045
975,do,0.05,0.0,50,3.144913338422775,-5.59449642643784,-5.5823963774575125
976,pp,0.05,0.0,55,2.0129008948802953,-6.6399546131943215,-5.784808010525174
977,do,0.05,0.0,55,0.7735264813899994,-7.687107843341249,-6.68171452416314
978,pp,0.05,0.0,54,1.0950792932510387,-7.07986428231904,-6.008332260449728
979,do,0.05,0.0,69,0.5672587227821335,-10.387819963513,-9.896917449103462
980,pp,0.05,0.0,12,0.8364366781711574,-5.785931454282818,-4.875773117277357
981,do,0.05,0.0,70,0.8913752770423891,-10.241466733181115,-10.329234605365329
982,pp,0.05,0.0,59,1.2596972870826733,-8.841697364864928,-7.302796543969048
983,do,0.05,0.0,56,1.867559852600098,-7.90159008286216,-7.510995933744643
984,pp,0.05,0.0,60,1.347459273338318,-7.2052751714533025,-6.2242294523451065
985,do,0.05,0.0,23,2.989247363805771,-5.239980394190008,-4.526719164848328
986,pp,0.05,0.0,11,1.4787801504135132,-5.175868024248065,-4.152833551830716
987,do,0.05,0.0,49,2.3183379161357873,-7.260151504747795,-6.719005711873373
988,pp,0.05,0.0,67,2.122884030342103,-7.663595505916711,-5.650290060043335
989,do,0.05,0.0,19,3.6970176994800577,-5.765764860673384,-5.217321607801649
990,pp,0.05,0.0,56,1.891287450790406,-6.702204292470759,-5.5875583065880665
991,do,0.05,0.0,70,2.20038635134697,-7.217604514324304,-6.030104857020908
992,pp,0.05,0.0,34,1.8933326148986813,-6.626953559933287,-5.013730086220635
993,do,0.05,0.0,58,1.493393309116363,-7.1162131930842545,-6.69398374027676
994,pp,0.05,0.0,37,2.0352714228630067,-6.743598780487523,-5.75665889316135
995,do,0.05,0.0,56,1.221462099552154,-6.845408913583467,-8.38901521894667
996,pp,0.05,0.0,45,1.4067645776271824,-6.428607049132839,-5.857832392056783
997,do,0.05,0.0,22,0.7485763156414027,-5.526317512627804,-5.0196458127763535
998,pp,0.05,0.0,51,2.807948710918427,-6.351745617028438,-5.2145189311769276
999,do,0.05,0.0,55,1.0824370181560514,-7.829161992217555,-8.927977403004965
1000,pp,0.05,0.0,12,1.3725771236419675,-5.731457727605647,-4.4885219971338906
1001,do,0.05,0.0,31,1.7491667401790618,-6.083259084007957,-5.095973295635647
1002,pp,0.05,0.0,17,1.3673628425598148,-6.224097772078081,-4.995856213569641
1003,do,0.05,0.0,16,1.6853413558006283,-4.823289040363196,-4.885590765211317
1004,pp,0.05,0.0,35,1.753290733098983,-7.189289883411292,-5.482547887166342
1005,do,0.05,0.0,32,1.4900702011585238,-5.364714618162675,-4.937293132146199
1006,pp,0.05,0.0,43,2.6316272914409637,-6.272036188299006,-5.708153700828552
1007,do,0.05,0.0,13,1.9263244080543513,-4.532611757336241,-4.337280673450894
1008,pp,0.05,0.0,21,1.8211627960205083,-6.967748972863862,-5.480764826138814
1009,do,0.05,0.0,17,1.75782405257225,-4.795279114174121,-4.209703318277994
1010,pp,0.05,0.0,31,1.4264409995079044,-6.640443430524884,-6.088531133863661
1011,do,0.05,0.0,50,4.335505803823471,-6.794746910442005,-5.943344460593329
1012,pp,0.05,0.0,20,3.4142407703399664,-5.074444200053359,-4.207280443774329
1013,do,0.05,0.0,20,2.362763539552689,-5.470290516362046,-4.965437846713596
1014,pp,0.05,0.0,26,1.346629519462585,-9.4278702100118,-7.893335273530748
1015,do,0.05,0.0,57,4.609441004991531,-5.617162968895652,-4.937856639756097
1016,pp,0.05,0.0,57,3.6330863606929773,-5.4981061631982975,-4.720316314697266
1017,do,0.05,0.0,53,4.054757848978043,-5.7235110600789385,-4.845550535784827
1018,pp,0.05,0.0,29,2.3121374094486233,-7.369793357271137,-6.443096703953213
1019,do,0.05,0.0,44,2.3489348959922784,-4.504123732537934,-4.175930077499814
1020,pp,0.05,0.0,41,1.631238943338393,-6.025111588564786,-5.102453345722623
1021,do,0.05,0.0,41,1.4719752359390252,-6.20114667487867,-5.451318200429281
1022,pp,0.05,0.0,18,2.0494813442230218,-5.846795600833315,-5.3368482139375475
1023,do,0.05,0.0,19,2.2606165874004365,-4.795790822578199,-4.395208072662354
1024,pp,0.05,0.0,20,1.6378923964500425,-6.8730331045208555,-5.12680753601922
1025,do,0.05,0.0,29,2.0815202045440673,-5.7443102171926785,-4.7414301302697925
1026,pp,0.05,0.0,25,1.4179696917533873,-5.723347380667022,-4.799738703833686
1027,do,0.05,0.0,49,5.36938002705574,-5.1532684499567205,-4.31800000137753
1028,pp,0.05,0.0,41,2.2381948542594916,-8.223784497289946,-7.13674275080363
1029,do,0.05,0.0,64,2.092695024013519,-6.606764228416211,-5.487883292304145
1030,pp,0.05,0.0,70,1.3299765896797178,-7.847475858168169,-6.441039488050673
1031,do,0.05,0.0,41,4.769502707719802,-6.655418959530917,-5.872977280616761
1032,pp,0.05,0.0,30,2.997259863615035,-5.468949713851466,-4.8109142780303955
1033,do,0.05,0.0,70,3.023737342357636,-9.273983253132213,-8.376285370190939
1034,pp,0.05,0.0,25,1.818894646167755,-6.064434521126024,-4.813294222619798
1035,do,0.05,0.0,22,3.671778489351272,-5.187360967289318,-4.732031422191196
1036,pp,0.05,0.0,14,1.625952397584915,-4.482144907749061,-4.0012514299816555
1037,do,0.05,0.0,13,2.4310142266750336,-5.341079040007158,-4.984663401709662
1038,pp,0.05,0.0,12,1.6055516874790197,-4.735488749995376,-3.971802216105991
1039,do,0.05,0.0,53,0.9226529085636148,-7.608139519257979,-7.101752800411648
1040,pp,0.05,0.0,20,2.184886591434479,-5.342142564600164,-4.600899698999193
1041,do,0.05,0.0,19,2.357089524269104,-4.688723577152599,-4.20430057975981
1042,pp,0.05,0.0,70,3.319603098630905,-5.745509523333925,-4.714630644851261
1043,do,0.05,0.0,42,1.8661439812183387,-6.167059693191991,-5.77592236995697
1044,pp,0.05,0.0,37,1.9594822895526889,-6.056928465583107,-5.567638217078315
1045,do,0.05,0.0,21,3.7607339882850654,-5.832743860013557,-6.169304378827413
1046,pp,0.05,0.0,61,2.5871930074691774,-7.017402974042025,-5.914396317799886
1047,do,0.05,0.0,17,2.2186772847175593,-4.775855161204483,-4.243127384450701
1048,pp,0.05,0.0,12,2.078643281459809,-4.4845889409383135,-3.7605045239130654
1049,do,0.05,0.0,33,2.9965718972682955,-4.914434428648515,-4.273008109463586
1050,pp,0.05,0.0,48,3.1445714366436004,-8.028262511166659,-6.738667803340488
1051,do,0.05,0.0,20,2.1063870966434477,-5.0975494890502,-4.714304343859355
1052,pp,0.05,0.0,34,1.4908577322959902,-5.801734785600142,-5.145051187939114
1053,do,0.05,0.0,33,2.157717441320419,-5.8909386027943,-5.283115975062052
1054,pp,0.05,0.0,70,1.3620116519927974,-5.9758379329334606,-5.541110555330913
1055,do,0.05,0.0,13,1.3514755117893218,-4.905806683049057,-4.235273543993632
1056,pp,0.05,0.0,16,2.1956326842308043,-5.000826533635458,-4.214733629756504
1057,do,0.05,0.0,26,2.1331261980533593,-5.262810285163648,-5.367458324962192
1058,pp,0.05,0.0,24,2.2724540376663205,-6.665158638809666,-5.221282519234551
1059,do,0.05,0.0,46,1.7195667695999148,-5.564187200141675,-5.817939212587144
1060,pp,0.05,0.0,52,2.0119018375873567,-5.788256718895652,-5.240720399220785
1061,do,0.05,0.0,42,3.458510303497315,-5.504717955444798,-5.536463660664029
1062,pp,0.05,0.0,48,2.5262662732601164,-6.796063281550552,-5.352831032541063
1063,do,0.05,0.0,16,2.2843758618831638,-5.960374235384392,-5.064637637138366
1064,pp,0.05,0.0,11,1.5176490676403054,-5.215943564790668,-4.460824539926317
1065,do,0.05,0.0,21,1.9446091330051427,-5.075426290974472,-4.525008024109734
1066,pp,0.05,0.0,13,1.3774575531482691,-5.7626122532468855,-4.47693317466312
1067,do,0.05,0.0,70,1.8943804335594177,-6.726776331121271,-7.493628125720554
1068,pp,0.05,0.0,70,2.5909498536586764,-6.018711957064542,-5.578076208962335
1069,do,0.05,0.0,23,4.562306352853775,-6.098942515344331,-6.077460429403517
1070,pp,0.05,0.0,18,2.9023851644992824,-5.279674002618501,-4.540066925684611
1071,do,0.05,0.0,44,3.4075518405437464,-6.159358997055978,-5.573637530538771
1072,pp,0.05,0.0,27,2.475790172815323,-7.02232024308407,-5.574009736378987
1073,do,0.05,0.0,9,1.9386674416065217,-5.858978111093695,-5.327217480871412
1074,pp,0.05,0.0,21,1.3674175882339465,-9.654890720772022,-8.29411158826616
1075,do,0.05,0.0,19,2.904922753572464,-5.443641327366684,-5.170390298631456
1076,pp,0.05,0.0,61,2.9565003263950347,-7.078266032536825,-6.192355680465698
1077,do,0.05,0.0,24,2.6967943227291107,-5.279431341633652,-4.447809092203776
1078,pp,0.05,0.0,32,2.5474394297599785,-5.759652623263272,-4.6644967979855005
1079,do,0.05,0.0,25,2.6572232127189643,-4.861733923536359,-4.547089653544956
1080,pp,0.05,0.0,24,2.6856167697906494,-5.536253296245228,-5.3623829656177096
1081,do,0.05,0.0,16,1.7200899696350094,-5.730149478623361,-4.967849926153819
1082,pp,0.05,0.0,11,1.3016078579425807,-5.218503012801662,-4.377512183454302
1083,do,0.05,0.0,13,0.7388790762424469,-7.0328449364864465,-5.214646572536893
1084,pp,0.05,0.0,17,1.8122251570224766,-6.771074426535404,-5.9422199699613785
1085,do,0.05,0.0,35,2.617344918251037,-5.5543814731366705,-5.29865280257331
1086,pp,0.05,0.0,15,0.8918406546115873,-5.179444762432214,-4.708403566148546
1087,do,0.05,0.0,4,-0.37250212788581827,-5.468991887930668,-4.844395565986633
1088,pp,0.05,0.0,70,1.3495872056484215,-6.944323262301358,-6.125119291411506
1089,do,0.05,0.0,12,1.6979099428653717,-5.079202793583725,-4.582672413190206
1090,pp,0.05,0.0,55,1.4283017146587387,-10.879751299366806,-9.027596622043186
1091,do,0.05,0.0,15,1.7655751955509178,-4.383912059032556,-4.522289650970035
1092,pp,0.05,0.0,18,2.667374979257583,-5.830296751947114,-5.10953336291843
1093,do,0.05,0.0,43,2.4096747410297397,-7.63280410044121,-6.858527586195204
1094,pp,0.05,0.0,9,1.8472157025337221,-4.540178349523833,-3.869311745961507
1095,do,0.05,0.0,26,2.3603220570087435,-4.617824307355014,-5.417757998572456
1096,pp,0.05,0.0,30,3.076501791477204,-5.817623167326956,-5.610016899638706
1097,do,0.05,0.0,19,1.580735603570938,-5.646499265323985,-4.962387500868903
1098,pp,0.05,0.0,20,0.8938098323345187,-6.922921998573072,-5.658088482750786
1099,do,0.05,0.0,27,2.019842233657836,-5.205980631799409,-7.510502145025465
1100,pp,0.05,0.0,59,2.2519729638099664,-8.112007278384585,-6.855191874504089
1101,do,0.05,0.0,21,2.1562106907367706,-5.602140764756636,-4.678882956504822
1102,pp,0.05,0.0,29,1.3803624880313876,-7.023501401959043,-5.207085577646891
1103,do,0.05,0.0,38,1.859961016178131,-5.739914840640444,-7.42183371120029
1104,pp,0.05,0.0,33,2.4084015119075772,-5.56897827350732,-4.728304953045315
1105,do,0.05,0.0,14,1.527064025402069,-5.110708690412117,-5.349200163947211
1106,pp,0.05,0.0,22,1.3031300330162052,-6.641107199408792,-5.7893443372514515
1107,do,0.05,0.0,25,0.7620819461345665,-5.5172049739144065,-4.788341818915473
1108,pp,0.05,0.0,24,1.457608513832093,-7.705250125942809,-6.137255673938327
1109,do,0.05,0.0,70,4.433118528127671,-6.438338182911728,-6.515323111746047
1110,pp,0.05,0.0,28,3.4555548501014712,-5.302667411168416,-4.653628460566202
1111,do,0.05,0.0,18,-0.12147605538368289,-5.957887398112904,-5.306096447838677
1112,pp,0.05,0.0,31,1.5310163187980654,-6.212633234081847,-5.3271253161960175
1113,do,0.05,0.0,36,2.4600104904174804,-6.584899039701982,-6.110862037870619
1114,pp,0.05,0.0,11,1.1713382303714752,-5.887093084508723,-5.172650069660611
1115,do,0.05,0.0,23,1.7278478884696957,-5.998040973778927,-5.926540859540304
1116,pp,0.05,0.0,70,1.3453575921058647,-9.523107846577963,-9.531106758117676
1117,do,0.05,0.0,6,0.539055322408676,-4.66220808318167,-4.540081265237596
1118,pp,0.05,0.0,22,2.394797574281693,-6.535114252206051,-5.157777153121101
1119,do,0.05,0.0,38,2.126777147054672,-5.372289868557092,-5.045567655563355
1120,pp,0.05,0.0,70,1.99936536669731,-8.789603494875358,-7.502833398183187
1121,do,0.05,0.0,43,2.792115467786788,-5.428095142769091,-5.016436282793681
1122,pp,0.05,0.0,16,1.518597296476364,-6.575772493535822,-5.397758809725444
1123,do,0.05,0.0,23,2.829391983747482,-4.732784855004513,-4.380664385689629
1124,pp,0.05,0.0,29,2.1128661715984345,-6.033468463204124,-5.186582745446099
1125,do,0.05,0.0,9,1.2106695115566257,-5.196517036900376,-4.734959416919285
1126,pp,0.05,0.0,8,0.893203941583633,-5.533408945257014,-4.587295889854431
1127,do,0.05,0.0,10,1.5896709954738615,-4.670574568257187,-4.662171080377367
1128,pp,0.05,0.0,56,1.8415297675132756,-9.079143113800974,-7.5037355634901255
1129,do,0.05,0.0,9,1.0593827629089354,-5.037225815744111,-4.529058999485439
1130,pp,0.05,0.0,15,1.1804597795009615,-5.97125691356081,-5.000688881344265
1131,do,0.05,0.0,23,0.7652377116680142,-7.78216704455289,-7.520289214452108
1132,pp,0.05,0.0,70,1.1204521203041082,-9.533824264641964,-8.47230772972107
1133,do,0.05,0.0,20,1.6806634652614587,-5.069331421996608,-4.726527335908678
1134,pp,0.05,0.0,55,2.177048515081406,-5.746882771000718,-5.374053533871969
1135,do,0.05,0.0,25,3.052299799919129,-4.60589603655266,-4.276994755533006
1136,pp,0.05,0.0,9,2.2598260533809658,-4.96369000492674,-4.31100947327084
1137,do,0.05,0.0,42,4.154913315773009,-5.812141700224443,-5.5827545828289455
1138,pp,0.05,0.0,70,3.5539686346054085,-5.834212990963098,-5.049756858083937
1139,do,0.05,0.0,17,2.343665119409561,-6.308610387281938,-6.04677550262875
1140,pp,0.05,0.0,9,0.5714266407489781,-5.463829802021836,-4.546192089716594
1141,do,0.05,0.0,24,2.9407375800609588,-5.185654787583784,-5.29271338780721
1142,pp,0.05,0.0,37,-0.2816565489768976,-7.293403365395286,-6.774091747072008
1143,do,0.05,0.0,29,2.6342471194267274,-4.837898089668967,-4.883146646287706
1144,pp,0.05,0.0,27,1.5587988054752353,-6.2673718206810225,-4.741325147946676
1145,do,0.05,0.0,41,2.7783627867698666,-5.806688607822765,-6.103015947341919
1146,pp,0.05,0.0,58,1.3174615681171424,-7.998710331772313,-6.19753835995992
1147,do,0.05,0.0,70,1.2733120119571684,-10.948331038157145,-10.594507037268745
1148,pp,0.05,0.0,70,2.629828823804856,-6.245356850190596,-5.653062269422743
1149,do,0.05,0.0,18,2.5328196346759793,-5.488447488437999,-5.321147526635064
1150,pp,0.05,0.0,13,0.10678919434547396,-5.8490721052343195,-4.751222234302097
1151,do,0.05,0.0,20,2.913119201660156,-5.0314898852146035,-4.39405779308743
1152,pp,0.05,0.0,40,2.32195690870285,-9.357513276013462,-7.615936162736681
1153,do,0.05,0.0,25,1.366026840209961,-6.478604747309829,-5.70337012608846
1154,pp,0.05,0.0,8,1.1630535137653348,-5.252595538804026,-4.421723940637377
1155,do,0.05,0.0,12,0.9719805669784547,-5.83715358358441,-5.317032583554586
1156,pp,0.05,0.0,65,0.35534892201423585,-8.306843783638694,-6.796602357758416
1157,do,0.05,0.0,15,1.93918030500412,-5.196981333241318,-5.237477016448975
1158,pp,0.05,0.0,19,1.8456440031528478,-8.011838297410446,-6.2347087197833595
1159,do,0.05,0.0,22,2.3755010092258457,-5.171118876428315,-4.8976522578133475
1160,pp,0.05,0.0,27,0.6711024308204658,-6.627800798416137,-5.099649172359043
1161,do,0.05,0.0,31,2.553874615430832,-5.504193566062233,-5.5665560430950585
1162,pp,0.05,0.0,70,2.1381405806541434,-6.452319965940533,-5.427833318710327
1163,do,0.05,0.0,18,1.93828867316246,-4.5595583214904325,-4.037638142373827
1164,pp,0.05,0.0,49,1.5511175906658172,-6.324435520172119,-5.9501152515411375
1165,do,0.05,0.0,42,3.3371529304981227,-6.55152189948342,-6.948907150162591
1166,pp,0.05,0.0,11,0.8332266867160794,-6.42484711300243,-4.878001215722826
1167,do,0.05,0.0,14,1.9404153251647953,-5.358792010220614,-4.682604752646553
1168,pp,0.05,0.0,14,1.8885419309139246,-5.497109624111292,-4.590838607152303
1169,do,0.05,0.0,14,0.9041178953647613,-5.436252794843732,-5.344877865579393
1170,pp,0.05,0.0,24,1.191308716535568,-7.238921765125159,-5.725389904446072
1171,do,0.05,0.0,11,0.6351514971256256,-5.294236661448624,-5.114965955416362
1172,pp,0.05,0.0,10,0.2434426307678219,-6.030869166056315,-5.126099411646525
1173,do,0.05,0.0,12,2.12247444152832,-5.418360503514608,-5.082689830991957
1174,pp,0.05,0.0,70,1.0936693894863136,-9.760012097792192,-8.324546013938056
1175,do,0.05,0.0,19,1.314695634841919,-5.792091947613341,-6.0060748815536495
1176,pp,0.05,0.0,26,1.364875211715698,-5.460821543317852,-4.884589322408041
1177,do,0.05,0.0,25,2.032709774971008,-5.39182170232137,-6.427280086941189
1178,pp,0.05,0.0,49,0.19282906055450333,-8.030125457590277,-6.843155413203769
1179,do,0.05,0.0,13,2.5492801797389975,-5.169260370370114,-4.9387282450993855
1180,pp,0.05,0.0,70,1.8265137696266178,-7.470848652810761,-6.509294528431362
1181,do,0.05,0.0,20,3.8162575364112854,-5.400929914821278,-5.24708395269182
1182,pp,0.05,0.0,19,2.9194104468822486,-6.111801578059341,-5.6597531080245975
1183,do,0.05,0.0,11,1.4267346692085265,-5.552227434967503,-5.162357923719618
1184,pp,0.05,0.0,70,2.7946439480781553,-6.606208603309862,-6.876384406619602
1185,do,0.05,0.0,25,0.6994713878631593,-6.39264707998796,-6.558653717570834
1186,pp,0.05,0.0,19,1.4685116040706632,-5.796502672542225,-4.73546302848392
1187,do,0.05,0.0,12,1.3993933570384973,-4.415512824781013,-4.125427530871497
1188,pp,0.05,0.0,45,1.6754027903079987,-7.175096602873369,-6.376580927107069
1189,do,0.05,0.0,23,2.23647157907486,-6.538201979434851,-6.22387220594618
1190,pp,0.05,0.0,43,2.5678416943550104,-6.716092892849084,-6.633561629719204
1191,do,0.05,0.0,12,1.9149858856201174,-5.000696482802883,-4.498868767420451
1192,pp,0.05,0.0,24,1.5085257184505458,-8.358145228299227,-6.725154778692457
1193,do,0.05,0.0,67,1.505496580600738,-8.785725057486331,-8.069206317265829
1194,pp,0.05,0.0,70,3.298464211225509,-8.830154833649145,-7.8692595799764
1195,do,0.05,0.0,27,2.33853963971138,-5.602996602202907,-5.301743176248339
1196,pp,0.05,0.0,33,2.996461424827575,-7.30490762537176,-5.978501669565836
1197,do,0.05,0.0,9,1.7256845760345465,-5.329794859163689,-4.755296680662367
1198,pp,0.05,0.0,69,3.1275554513931265,-10.642872525706435,-10.095175515280829
1199,do,0.05,0.0,60,2.4487682902812953,-7.772962002320723,-7.020049431588915
1200,pp,0.05,0.0,19,2.192208844423294,-6.396411069234213,-5.135020446777344
1201,do,0.05,0.0,26,0.790326915979386,-5.52554087638855,-5.01364529132843
1202,pp,0.05,0.0,50,3.4949539422988884,-5.28135658899943,-4.379435767067803
1203,do,0.05,0.0,37,2.5745431029796597,-6.533557176589966,-5.6265239053302345
1204,pp,0.05,0.0,28,1.5316531848907466,-8.893368271625404,-6.904859741528829
1205,do,0.05,0.0,19,1.4428955602645877,-4.801171872110078,-4.608354269133674
1206,pp,0.05,0.0,9,0.9503448152542111,-4.718575872074474,-4.012363243103027
1207,do,0.05,0.0,15,1.079093300104141,-4.54035528645371,-4.120460625489553
1208,pp,0.05,0.0,70,1.7400308895111074,-9.639482134038753,-7.40439804924859
1209,do,0.05,0.0,7,0.8178476595878594,-4.625192525170066,-4.121574566099379
1210,pp,0.05,0.0,70,2.340255357027054,-7.260441268574108,-5.867064616415235
1211,do,0.05,0.0,46,0.27692662358284004,-6.676942939469309,-6.015088171429104
1212,pp,0.05,0.0,10,0.31546994447708165,-5.429014419786858,-4.583311647839016
1213,do,0.05,0.0,70,-0.3074735867977143,-6.766503549344612,-5.949558793173896
1214,pp,0.05,0.0,12,1.2576138877868646,-5.028916770761663,-4.547736024856567
1215,do,0.05,0.0,10,0.4181156682968137,-4.486942817225601,-4.29005213048723
1216,pp,0.05,0.0,70,1.3813168919086447,-7.625073518175068,-5.948342948489719
1217,do,0.05,0.0,25,2.7634178149700164,-4.579117149295229,-4.254884036382039
1218,pp,0.05,0.0,70,2.4229989433288583,-8.732836080319954,-6.229557752609253
1219,do,0.05,0.0,70,1.3174038338661198,-6.556241375027281,-6.084481496281094
1220,pp,0.05,0.0,70,2.2832536888122554,-8.944975689685705,-7.346129698223538
1221,do,0.05,0.0,12,1.5469409048557283,-5.022040378686153,-4.363177686267429
1222,pp,0.05,0.0,59,2.8520106124877938,-8.423680289586384,-5.772846251063877
1223,do,0.05,0.0,70,2.0787586617469787,-5.798835864211574,-5.243645498487685
1224,pp,0.05,0.0,40,3.455759176015854,-6.101100492477417,-5.294738554954529
1225,do,0.05,0.0,53,1.7675800776481632,-5.807731141466083,-5.196555598576864
1226,pp,0.05,0.0,24,0.6294815945625301,-6.296285958723589,-4.700473384062449
1227,do,0.05,0.0,34,2.314154925346375,-5.845588737545591,-5.219998123910692
1228,pp,0.05,0.0,70,1.3294878494739537,-5.647345587701508,-4.70871020158132
1229,do,0.05,0.0,11,1.1831067240238182,-4.27937470999631,-4.0455906775262624
1230,pp,0.05,0.0,28,2.0494999289512634,-4.606470282872518,-4.067780121167501
1231,do,0.05,0.0,54,1.631162714958192,-6.554782803853353,-5.774221515655517
1232,pp,0.05,0.0,47,2.006132135391235,-7.383955263369011,-6.135694943534004
1233,do,0.05,0.0,38,3.0091554796695696,-4.866404284852924,-4.706703323788113
1234,pp,0.05,0.0,70,2.991554358005523,-6.450608604604548,-5.092934815088908
1235,do,0.05,0.0,43,2.587614843845367,-6.224365451119163,-5.595444529586368
1236,pp,0.05,0.0,27,3.962296684980392,-5.502999651070797,-4.567396201027764
1237,do,0.05,0.0,44,2.5267637228965762,-5.795342693906842,-5.235799826516045
1238,pp,0.05,0.0,24,2.2037398946285247,-6.603687436652906,-5.359656416045295
1239,do,0.05,0.0,70,3.4186791694164285,-7.273329551292188,-6.295744310484992
1240,pp,0.05,0.0,57,2.554800882339478,-8.745256827094337,-6.973933585484823
1241,do,0.05,0.0,70,2.3476771676540373,-6.500299062150898,-5.727482965257432
1242,pp,0.05,0.0,57,1.4560834228992459,-7.577254246220444,-5.806188337008158
1243,do,0.05,0.0,46,2.672612552642822,-6.90635642860875,-6.208732228808933
1244,pp,0.05,0.0,39,2.407489309310912,-6.969045809543494,-5.335769870546129
1245,do,0.05,0.0,70,2.45832542181015,-7.7429866819670705,-6.198041624493069
1246,pp,0.05,0.0,47,2.5143298757076256,-8.558863990957088,-7.144239279958937
1247,do,0.05,0.0,56,2.037581044435501,-6.406999286015829,-5.763865770234002
1248,pp,0.05,0.0,32,1.521472026109695,-6.460044826160778,-5.402770815955268
1249,do,0.05,0.0,70,1.0668538093566902,-7.061551595456672,-6.857883275879754
1250,pp,0.05,0.0,70,1.3689862680435185,-5.936976107684049,-5.083329669634501
1251,do,0.05,0.0,62,1.4438119339942936,-6.188218947612878,-5.442300306426154
1252,pp,0.05,0.0,15,-0.17236504197120706,-6.327735542528557,-5.20114541583591
1253,do,0.05,0.0,52,3.353754122257233,-7.098077068906842,-5.964614466826121
1254,pp,0.05,0.0,24,2.690142899751663,-5.739179846734712,-4.496515197224087
1255,do,0.05,0.0,11,0.9692341554164887,-4.975877972805139,-4.656308666865031
1256,pp,0.05,0.0,38,2.7498926246166224,-6.098802163384177,-4.994225986798605
1257,do,0.05,0.0,17,1.1701671481132507,-5.625123841834791,-4.643168271912469
1258,pp,0.05,0.0,14,1.4317544662952422,-5.804631396495934,-4.683036928706699
1259,do,0.05,0.0,32,2.49104462146759,-6.5680285757238215,-5.922415950563219
1260,pp,0.05,0.0,26,2.189801523685455,-6.5248500549432,-5.665339642100864
1261,do,0.05,0.0,21,2.3539151453971865,-5.525970343387488,-5.380790699852837
1262,pp,0.05,0.0,16,1.5789322245121005,-5.128497064474857,-4.284127317534553
1263,do,0.05,0.0,69,1.6613069260120392,-5.801341494646939,-5.988683909840054
1264,pp,0.05,0.0,70,1.102697036266326,-8.32177896788626,-7.18034028477139
1265,do,0.05,0.0,37,0.965623673200608,-6.703207242850102,-5.907218776808845
1266,pp,0.05,0.0,50,2.1797537112236025,-7.590494504119411,-6.078316026263767
1267,do,0.05,0.0,9,0.25416982412338207,-5.077097996798429,-4.589292054706149
1268,pp,0.05,0.0,47,-0.02838988423347466,-7.563557468761097,-6.723709395196702
1269,do,0.05,0.0,13,1.6276033115386959,-5.084786115993153,-4.13632347451316
1270,pp,0.05,0.0,62,4.703442871570587,-8.538546491391731,-6.333547753757901
1271,do,0.05,0.0,29,1.600329587459564,-5.532596950819998,-5.458425667550829
1272,pp,0.05,0.0,29,0.6400253963470455,-8.013541481711648,-7.035242091284858
1273,do,0.05,0.0,41,1.8966449630260467,-6.7374768502784494,-6.810258089171516
1274,pp,0.05,0.0,40,3.8794342029094695,-5.106317566380357,-4.218621881802877
1275,do,0.05,0.0,19,1.7052324020862581,-4.866060748244777,-4.588126475281186
1276,pp,0.05,0.0,60,1.7285850703716275,-6.628622151866104,-4.994780990812513
1277,do,0.05,0.0,45,1.0842793369293222,-7.527551630771521,-6.720372284783258
1278,pp,0.05,0.0,30,0.948779681921005,-8.990225556402496,-7.175871133804321
1279,do,0.05,0.0,36,3.754016494750977,-4.281060731772221,-4.079790725972917
1280,pp,0.05,0.0,43,4.012933441400529,-7.354395876508771,-5.600551560189989
1281,do,0.05,0.0,27,0.24101442694664055,-6.84153188792142,-5.791404435369704
1282,pp,0.05,0.0,70,-0.13769724249839754,-7.297558050444632,-6.066242149141099
1283,do,0.05,0.0,13,1.1981087124347694,-5.159989760138772,-4.8790328608618845
1284,pp,0.05,0.0,16,1.2209848928451539,-5.510181986201893,-4.613302670584785
1285,do,0.05,0.0,9,0.7166041898727418,-5.293367504351067,-4.679590519269308
1286,pp,0.05,0.0,23,0.9547852528095246,-6.381869316101074,-5.332427138752408
1287,do,0.05,0.0,32,1.9783581280708313,-6.456154714931142,-5.516821969879998
1288,pp,0.05,0.0,49,3.607202743291854,-6.236376349131266,-5.047838317023383
1289,do,0.05,0.0,13,1.0386767482757566,-4.292287070823439,-4.094552667935689
1290,pp,0.05,0.0,29,0.9017747187614438,-6.957904536796339,-5.589190909597609
1291,do,0.05,0.0,40,1.890690313577652,-5.761208470662435,-5.444087637795342
1292,pp,0.05,0.0,70,0.14305653810501084,-8.234766530990601,-6.641629370053609
1293,do,0.05,0.0,12,0.016106153726576977,-5.122791483907989,-4.895124207602607
1294,pp,0.05,0.0,4,-0.11257368922233546,-5.000363027688229,-4.555965725580851
1295,do,0.05,0.0,42,2.1843512833118437,-6.04752696355184,-5.474974081251356
1296,pp,0.05,0.0,9,1.1792090153694152,-5.060057335188895,-4.3819786892996895
1297,do,0.05,0.0,20,-0.3660325098037722,-7.553008683522543,-7.354482131534152
1298,pp,0.05,0.0,13,0.6883987426757816,-5.41521728255532,-4.668724677297804
1299,do,0.05,0.0,15,1.9726782298088077,-5.899446948369344,-5.030622034602695
1300,pp,0.05,0.0,29,2.0942041933536526,-7.511790856448087,-5.9093915912840105
1301,do,0.05,0.0,64,0.3907263755798347,-8.964798681663744,-7.983834091822306
1302,pp,0.05,0.0,20,2.335396978855133,-4.805197696974783,-4.132295518451267
1303,do,0.05,0.0,70,1.7328848373889922,-6.221480782826742,-5.725077724456787
1304,pp,0.05,0.0,28,1.6342379796504973,-6.331163404927109,-4.645447953542074
1305,do,0.05,0.0,70,1.8011056041717541,-10.352218255129728,-9.140304983986749
1306,pp,0.05,0.0,17,2.0016111397743224,-6.173288150267168,-5.019593143463135
1307,do,0.05,0.0,69,1.077913637161254,-6.894116829380844,-6.260682307349311
1308,pp,0.05,0.0,10,0.9865092885494233,-4.563594873023756,-4.070082510842218
1309,do,0.05,0.0,16,0.8609010910987855,-7.209651879108313,-6.089546585083008
1310,pp,0.05,0.0,14,1.1505880427360529,-5.261152699499419,-4.415802727805244
1311,do,0.05,0.0,70,0.7337416136264805,-7.4226286396835786,-6.57032405005561
1312,pp,0.05,0.0,21,1.9109279096126564,-5.68882249918851,-4.813096716668871
1313,do,0.05,0.0,47,2.4898374688625324,-5.954821374199607,-5.784159225887723
1314,pp,0.05,0.0,31,2.1964318537712098,-4.762009084585941,-3.8181460393799678
1315,do,0.05,0.0,70,1.096595498323441,-7.012335121270382,-6.461978684531318
1316,pp,0.05,0.0,21,1.7463973069190981,-4.286763140649507,-3.683369561036428
1317,do,0.05,0.0,57,1.5515792107582094,-7.120222984660756,-6.525734056366814
1318,pp,0.05,0.0,25,2.5886850011348725,-6.092036926385128,-4.63260432349311
1319,do,0.05,0.0,68,2.1906553232669825,-6.003528555956754,-5.368845208485921
1320,pp,0.05,0.0,39,2.1332372248172753,-7.514298300309615,-5.942077589035034
1321,do,0.05,0.0,60,2.9771475565433505,-5.5952348029974734,-5.274033045768737
1322,pp,0.05,0.0,70,1.843280708789825,-8.450498787562053,-6.9056587828530205
1323,do,0.05,0.0,46,1.7069241404533386,-6.48472306656115,-5.832331535551283
1324,pp,0.05,0.0,70,1.6329919385910028,-7.990674034754435,-5.953553157382541
1325,do,0.05,0.0,24,0.6143766689300545,-7.344468797336925,-7.001740535100301
1326,pp,0.05,0.0,62,1.5037227511405948,-10.529494427189682,-8.47499778005812
1327,do,0.05,0.0,70,2.541556820869447,-6.627436033884684,-5.740001230769687
1328,pp,0.05,0.0,38,3.0764309060573582,-5.486976007981734,-4.591304996278551
1329,do,0.05,0.0,53,2.0339701545238498,-5.924345202879472,-5.592956346935696
1330,pp,0.05,0.0,54,2.7271284210681905,-4.863300430413449,-4.430375446213616
1331,do,0.05,0.0,47,2.1812386333942406,-7.314373227321741,-6.4837038781907825
1332,pp,0.05,0.0,64,1.859715738296508,-11.108489010550759,-8.764170956611633
1333,do,0.05,0.0,70,0.5515712213516224,-7.862295881907145,-7.038040489620633
1334,pp,0.05,0.0,55,1.59608983874321,-5.5428802374637485,-4.815128498607212
1335,do,0.05,0.0,36,2.8308802556991575,-5.634539076776216,-4.939827603764004
1336,pp,0.05,0.0,36,2.7188221764564515,-6.209669769171512,-5.122654859224955
1337,do,0.05,0.0,40,1.4448148536682126,-8.229741781408137,-7.2952951378292505
1338,pp,0.05,0.0,70,2.011818543672561,-6.785922556212454,-5.904226234224107
1339,do,0.05,0.0,70,2.3272866570949553,-7.194897550525087,-6.7308308574888445
1340,pp,0.05,0.0,17,1.6794637489318847,-4.6067563808325565,-4.020019944508871
1341,do,0.05,0.0,70,2.050628656148911,-5.910919219797308,-5.304881212446425
1342,pp,0.05,0.0,23,1.9248313474655143,-5.275100127133456,-4.599155431323581
1343,do,0.05,0.0,56,1.4635646605491655,-7.8341850800947705,-7.114300452338325
1344,pp,0.05,0.0,14,1.8478515040874486,-4.588472496379506,-3.994301807880402
1345,do,0.05,0.0,70,0.988973726034164,-8.617093326106216,-7.451977719200982
1346,pp,0.05,0.0,52,2.0014824366569526,-6.423969052054665,-5.256553000873989
1347,do,0.05,0.0,46,2.7827113699913024,-7.754800844192505,-5.992467673619588
1348,pp,0.05,0.0,26,1.8489654743671409,-6.555885190674753,-5.06784397231208
1349,do,0.05,0.0,53,1.4971148955821993,-6.728243106784243,-6.141867865456475
1350,pp,0.05,0.0,31,2.9649746763706206,-4.842810273892952,-4.0042788055208
1351,do,0.05,0.0,34,0.9042661380767827,-6.403990184899532,-6.221588839424981
1352,pp,0.05,0.0,12,0.28275029182434075,-5.470222582961574,-4.574170305993822
1353,do,0.05,0.0,70,1.5456644344329842,-6.939612111178311,-6.1743654039171005
1354,pp,0.05,0.0,70,1.1429195296764378,-6.236542009584832,-5.231022991074456
1355,do,0.05,0.0,70,0.8983668208122255,-6.448765903530699,-6.191950411266751
1356,pp,0.05,0.0,20,1.3201725113391873,-5.775446214097919,-4.978308807479011
1357,do,0.05,0.0,70,1.4678802239894857,-6.905262643640691,-6.354954904980129
1358,pp,0.05,0.0,15,1.2257654511928564,-5.2639590292265925,-4.554200432035658
1359,do,0.05,0.0,49,3.3708532953262322,-6.726989634831747,-5.585297430886163
1360,pp,0.05,0.0,26,2.7714528739452353,-5.741084864645293,-4.51055289639367
1361,do,0.05,0.0,70,1.685823299884797,-8.372526648550323,-7.807176070743137
1362,pp,0.05,0.0,40,1.1819947791099548,-6.5634315143932,-5.8958584732479515
1363,do,0.05,0.0,70,0.9812768650054942,-8.12100952755321,-7.597842952940199
1364,pp,0.05,0.0,15,0.9250669789314276,-5.593757350517042,-4.720766075452169
1365,do,0.05,0.0,25,0.8403595936298371,-7.549684186415239,-6.399979284074571
1366,pp,0.05,0.0,24,3.654411370754242,-5.775516062071829,-4.8561645852194895
1367,do,0.05,0.0,64,1.097171065807343,-12.643406867980957,-11.422091494666205
1368,pp,0.05,0.0,19,2.685146757364272,-5.688458681106567,-4.6181858142217
1369,do,0.05,0.0,65,1.4938583624362956,-6.445529088107023,-5.935094428062439
1370,pp,0.05,0.0,26,-0.05905386090278686,-6.8317054329496445,-5.9506667878892685
1371,do,0.05,0.0,27,0.3284346723556517,-6.1900061231670955,-5.272505964173211
1372,pp,0.05,0.0,70,0.9912189030647269,-6.6013863968126705,-5.301539410485161
1373,do,0.05,0.0,55,1.18548681974411,-8.603527491020435,-7.598999855253432
1374,pp,0.05,0.0,70,1.7575744104385365,-8.113885863622029,-7.003437487284343
1375,do,0.05,0.0,39,2.4078445494174945,-5.875872038349961,-5.166112693150838
1376,pp,0.05,0.0,20,2.006665289402008,-5.251590207128814,-4.1959883901807995
1377,do,0.05,0.0,61,0.3512252330780026,-7.46884522004561,-7.148864661322699
1378,pp,0.05,0.0,7,-0.3095445466041564,-5.232887694329927,-4.6092596001095245
1379,do,0.05,0.0,27,1.5056493914127342,-6.495922720071041,-6.0303284406661986
1380,pp,0.05,0.0,25,2.3426280510425572,-6.124596770604452,-5.021166192160712
1381,do,0.05,0.0,58,0.2262857568264014,-7.51271948669896,-7.535517427656385
1382,pp,0.05,0.0,20,1.0741005444526666,-4.882190409573641,-4.230542212062412
1383,do,0.05,0.0,26,1.4034348499774945,-6.6856348731301045,-6.219881865713331
1384,pp,0.05,0.0,25,1.2462789738178257,-5.947782132119843,-4.728622815344068
1385,do,0.05,0.0,64,0.36216189622878936,-7.2814636649507465,-7.000688160790338
1386,pp,0.05,0.0,5,-0.04580146670341545,-5.035063044230143,-4.5257997539308334
1387,do,0.05,0.0,70,1.2684548342227933,-6.821413233785918,-6.241213480631511
1388,pp,0.05,0.0,69,1.2423638844490057,-7.075269365310669,-6.168352137671577
1389,do,0.05,0.0,5,0.08650852322578473,-5.9845224799531875,-5.276071355077955
1390,pp,0.05,0.0,26,2.741938934326172,-6.433084813031283,-4.936926150321961
1391,do,0.05,0.0,25,2.473841146230697,-6.772971767367738,-6.450158450338575
1392,pp,0.05,0.0,19,1.867860341072082,-5.349552920370391,-4.605401823255751
1393,do,0.05,0.0,34,2.18874048948288,-6.894670275485876,-6.576058634122213
1394,pp,0.05,0.0,22,2.0695318841934203,-4.792827792601152,-4.347331073549059
1395,do,0.05,0.0,20,0.14632487058639487,-5.887831424944329,-6.141224185625712
1396,pp,0.05,0.0,18,2.5922293317317955,-5.210423991174409,-4.337239450878567
1397,do,0.05,0.0,70,1.7106123948097238,-8.934657605489095,-8.589602337943184
1398,pp,0.05,0.0,17,1.0853046131134034,-4.829066948457197,-4.024938582049476
1399,do,0.05,0.0,31,2.061298987865448,-5.586837223804358,-5.257259941101074
1400,pp,0.05,0.0,14,1.5584792959690095,-4.339122220241662,-3.678513851430681
1401,do,0.05,0.0,57,1.7633321964740754,-5.5075848304864135,-5.883161913024055
1402,pp,0.05,0.0,22,1.9554512548446654,-4.146671496015607,-3.712524039215512
1403,do,0.05,0.0,47,0.7965447425842287,-7.170246679132635,-6.967229596773783
1404,pp,0.05,0.0,18,2.7229098796844475,-5.2276182738217445,-4.286561425526937
1405,do,0.05,0.0,25,0.5272412014007575,-7.622003496054447,-6.946185742484198
1406,pp,0.05,0.0,37,2.337720792293548,-5.16868949658943,-4.336799626880222
1407,do,0.05,0.0,34,1.3649931001663207,-5.146876832210657,-4.90060097641415
1408,pp,0.05,0.0,12,0.5914855277538305,-4.850515263008349,-4.21004525952869
1409,do,0.05,0.0,70,0.4684690046310429,-8.32543167923436,-7.162998421986898
1410,pp,0.05,0.0,32,2.4016238808631893,-5.697281065854159,-4.562046988805135
1411,do,0.05,0.0,11,1.2166968703269951,-5.461703557679147,-4.812714431020948
1412,pp,0.05,0.0,19,2.6820173823833455,-4.941511219198054,-4.203756511211395
1413,do,0.05,0.0,40,0.854901723861694,-8.789751928502863,-7.8381854375203455
1414,pp,0.05,0.0,70,2.504739364385604,-6.204847744739417,-5.408427649074131
1415,do,0.05,0.0,69,0.6176845383644114,-8.172513190182773,-7.283729314804077
1416,pp,0.05,0.0,70,1.7331264257431034,-7.133095287554192,-6.493105811542935
1417,do,0.05,0.0,13,0.08357797861099225,-6.178161605199178,-5.444491717550489
1418,pp,0.05,0.0,11,1.239400906562806,-5.79631246508974,-4.630856143103705
1419,do,0.05,0.0,25,0.8415474677085877,-6.583006368983876,-5.624249969588385
1420,pp,0.05,0.0,30,2.283635647296906,-6.3826651067444775,-5.380038430955675
1421,do,0.05,0.0,55,1.6499476313591002,-7.39424806508151,-7.100576972961425
1422,pp,0.05,0.0,34,1.7533851981163027,-5.594333111156117,-4.357723863919576
1423,do,0.05,0.0,70,0.908032008409501,-7.7776284304532135,-6.87580378320482
1424,pp,0.05,0.0,15,1.5242888414859772,-4.717046351866289,-4.037347891595629
1425,do,0.05,0.0,6,-0.26477323532104524,-5.731769905668316,-5.156868741247389
1426,pp,0.05,0.0,15,1.3451093542575832,-4.529036711201523,-3.907277313868205
1427,do,0.05,0.0,16,0.1647699475288391,-6.800197615767971,-6.3974162525600855
1428,pp,0.05,0.0,70,1.6957043182849878,-6.2291537299300686,-5.318615033891466
1429,do,0.05,0.0,70,1.7911692810058586,-7.582966099363385,-7.126518127653334
1430,pp,0.05,0.0,67,1.6723920989036554,-8.114823345704512,-6.926270781622993
1431,do,0.05,0.0,20,0.5923461377620702,-6.3392699140490905,-5.442212144533793
1432,pp,0.05,0.0,23,1.943418552875519,-6.191991790135702,-5.409886267450121
1433,do,0.05,0.0,52,1.9656774294376387,-7.766924538756862,-7.471470504336887
1434,pp,0.05,0.0,23,2.3574999797344205,-4.786026622309829,-4.024230498737759
1435,do,0.05,0.0,44,1.52581085205078,-7.344259814060096,-6.239141946368747
1436,pp,0.05,0.0,28,2.250396145582199,-7.877576546235518,-5.720361259248522
1437,do,0.05,0.0,8,0.776897215843201,-4.698728204495979,-4.168492801984152
1438,pp,0.05,0.0,23,2.377293422222137,-5.189956104394161,-4.444393939442104
1439,do,0.05,0.0,12,0.638974130153656,-5.769805006547408,-4.985596389240689
1440,pp,0.05,0.0,8,0.8903054535388941,-4.9211419394522,-4.183788066440158
1441,do,0.05,0.0,69,0.9446432566642748,-7.957672597422745,-7.54607973628574
1442,pp,0.05,0.0,70,2.2081278872489927,-7.236470374194059,-5.607616337140401
1443,do,0.05,0.0,38,1.1876983797550213,-7.932847702141964,-7.236736663182577
1444,pp,0.05,0.0,12,1.0355432379245757,-5.406697820894646,-4.7217193126678465
1445,do,0.05,0.0,70,-0.07010817766189525,-9.198092194759484,-8.034774253103468
1446,pp,0.05,0.0,26,2.092142633199691,-6.919109686938199,-5.419442839092678
1447,do,0.05,0.0,29,2.469585238695145,-5.970529960863518,-5.128966826862759
1448,pp,0.05,0.0,16,2.2512156605720515,-5.706659919565374,-4.836064065827264
1449,do,0.05,0.0,50,0.24864668250083888,-9.024161175525549,-8.223180241054958
1450,pp,0.05,0.0,69,-0.5577998566627507,-9.501507714300445,-7.974062204360962
1451,do,0.05,0.0,55,0.756310222148894,-7.4667069579615735,-6.409704147444831
1452,pp,0.05,0.0,21,1.7191150569915772,-5.5725842519239945,-4.709824506441752
1453,do,0.05,0.0,61,2.2355019354820262,-6.47446420842951,-5.568803358078003
1454,pp,0.05,0.0,15,1.1636095809936524,-6.027971831235019,-4.969320803218418
1455,do,0.05,0.0,70,1.8052893257141118,-8.2699445030906,-7.435155444675022
1456,pp,0.05,0.0,20,1.4837384223937988,-5.5777885278066,-4.909999306996664
1457,do,0.05,0.0,70,1.4318259763717656,-8.5939672498992,-8.132571538289389
1458,pp,0.05,0.0,9,0.9456024634838105,-5.788330062230428,-4.807799413469103
1459,do,0.05,0.0,48,-0.4876690387725837,-8.84482146176425,-8.028578572803074
1460,pp,0.05,0.0,34,0.5238142311573029,-8.368883631446145,-7.22784914970398
1461,do,0.05,0.0,41,-0.08642968177795396,-8.746173069693825,-7.600317939122518
1462,pp,0.05,0.0,36,3.704023464918137,-7.691430206009836,-6.113024740748935
1463,do,0.05,0.0,3,-0.1257719755172726,-5.7375715992667455,-5.013635365168254
1464,pp,0.05,0.0,16,1.0169771111011503,-5.1413632768573185,-4.558939038382636
1465,do,0.05,0.0,70,0.06369105458259483,-8.491707423239044,-7.5476960182189945
1466,pp,0.05,0.0,38,0.6217697870731351,-6.352985289602569,-5.04370624754164
1467,do,0.05,0.0,39,0.9400407397747035,-7.101407449895685,-6.538954374525282
1468,pp,0.05,0.0,30,0.09931079387664798,-6.563913408915202,-5.587351682451036
1469,do,0.05,0.0,70,1.3400192844867709,-6.8863023541190405,-6.230437450938755
1470,pp,0.05,0.0,18,0.7369096887111661,-5.40962435837948,-4.32899760140313
1471,do,0.05,0.0,29,0.2528879356384284,-7.244796751484726,-6.559650855594211
1472,pp,0.05,0.0,34,1.2038057243824003,-8.083570776563702,-6.915356169806587
1473,do,0.05,0.0,54,1.7184612011909497,-7.528449604728005,-7.265543296602037
1474,pp,0.05,0.0,10,1.4296872305870059,-4.917259116606279,-4.263783695962694
1475,do,0.05,0.0,33,0.4132257068157186,-7.369798342386882,-6.678266641828749
1476,pp,0.05,0.0,5,-0.7595357620716099,-5.461459747950236,-4.795066444079081
1477,do,0.05,0.0,24,1.612613264322281,-6.892969874179724,-6.500864987903171
1478,pp,0.05,0.0,24,1.633912711143493,-5.294110743204753,-4.704300175772773
1479,do,0.05,0.0,45,0.32034983277320883,-7.927542122927579,-7.801911518308851
1480,pp,0.05,0.0,9,0.05020537376403844,-4.998525946068042,-4.394893924395244
1481,do,0.05,0.0,66,1.38666331410408,-8.054925089171439,-8.92951734330919
1482,pp,0.05,0.0,60,1.5212229537963857,-8.709731168457957,-7.065450705422295
1483,do,0.05,0.0,10,-0.10390718221664486,-5.620725088408499,-5.015620594554477
1484,pp,0.05,0.0,24,1.21348450422287,-5.147253751754761,-4.421525306171841
1485,do,0.05,0.0,29,2.0870975875854487,-5.80074271144289,-5.264985330899557
1486,pp,0.05,0.0,23,3.239838678836823,-5.428970942352757,-4.476009986135694
1487,do,0.05,0.0,5,-0.729519464969635,-5.566918795036547,-5.0866450018352936
1488,pp,0.05,0.0,1,-1.015364311933518,-5.859713617960612,-5.121748447418213
1489,do,0.05,0.0,70,0.605546855926514,-8.5484115152648,-6.9640271716647675
1490,pp,0.05,0.0,56,1.1853669738769526,-7.482986432855779,-5.470580723550585
1491,do,0.05,0.0,70,1.7621983826160434,-7.92648897749005,-6.504131547609965
1492,pp,0.05,0.0,70,2.3941800940036764,-6.9089241605816465,-4.599144377973345
1493,do,0.05,0.0,64,2.5575731265544883,-6.3344607801148385,-5.626890386475457
1494,pp,0.05,0.0,70,1.4452149438858033,-7.136597129070398,-6.069708167182075
1495,do,0.05,0.0,22,3.1595034265518196,-4.190273038546244,-3.85934015777376
1496,pp,0.05,0.0,30,2.1720248365402224,-5.224162007823135,-4.525439471668667
1497,do,0.05,0.0,3,-0.8598933589458468,-5.980210918368715,-5.2392813867992825
1498,pp,0.05,0.0,70,1.5927857744693759,-6.257687825867624,-5.378861599498325
1499,do,0.05,0.0,57,0.8450684928894052,-7.562801757003322,-5.858111572265625
1500,pp,0.05,0.0,70,2.649402250051498,-7.612805594819965,-5.56643823782603
1501,do,0.05,0.0,5,-0.0034485292434700554,-5.806646491542007,-5.1585906558566625
1502,pp,0.05,0.0,70,1.9256818020343784,-6.5816399704326285,-5.6952431943681505
1503,do,0.05,0.0,15,3.2268610239028925,-5.275228604403409,-4.96795994705624
1504,pp,0.05,0.0,17,1.7673532831668854,-4.548303033366348,-4.096331191062927
1505,do,0.05,0.0,70,1.9882519841194153,-7.617778763626561,-6.085506629943848
1506,pp,0.05,0.0,70,3.383441054821014,-5.538945234183109,-4.747954689131843
1507,do,0.05,0.0,48,2.49280301451683,-6.441871543364091,-5.595722362730238
1508,pp,0.05,0.0,56,1.2310334682464603,-8.560397863388062,-6.774830828772651
1509,do,0.05,0.0,9,1.616594126224518,-5.324178754922116,-4.488013177447849
1510,pp,0.05,0.0,18,2.622714456319808,-6.443683416193182,-5.243709484736125
1511,do,0.05,0.0,26,1.3014991748332987,-5.607057412465413,-5.497242999076843
1512,pp,0.05,0.0,40,0.9649407255649569,-6.915113308935455,-5.614213662677341
1513,do,0.05,0.0,48,1.9820279216766359,-6.063038957480228,-5.178823537296719
1514,pp,0.05,0.0,10,1.2011962807178502,-4.8814268357826,-4.023234595192803
1515,do,0.05,0.0,4,-0.45175840139389045,-5.271453816962965,-4.716084543863932
1516,pp,0.05,0.0,36,1.0792583072185513,-5.338141002077045,-4.884985097249349
1517,do,0.05,0.0,10,0.6286625349521637,-5.925312267650257,-5.1532836543189156
1518,pp,0.05,0.0,44,2.1071055698394776,-8.09437375646649,-6.727548223071628
1519,do,0.05,0.0,70,1.8457513737678521,-6.438340543978142,-5.596994937790765
1520,pp,0.05,0.0,34,2.43012603521347,-5.891617038033226,-4.674443587991926
1521,do,0.05,0.0,18,2.2058748602867126,-5.585450020703402,-4.923011981116401
1522,pp,0.05,0.0,22,2.3483307552337642,-5.6942623470768785,-4.516882638136546
1523,do,0.05,0.0,33,2.155263670682908,-6.38707330010154,-5.653760353724162
1524,pp,0.05,0.0,30,3.619069148302078,-5.309943535833648,-4.416490692562527
1525,do,0.05,0.0,53,1.2407821714878082,-6.484305507486517,-6.106132976214091
1526,pp,0.05,0.0,30,0.8079404401779184,-6.838659207026164,-5.666664372550117
1527,do,0.05,0.0,44,1.7218545961379998,-7.5153496178713715,-6.916327248679267
1528,pp,0.05,0.0,16,2.400381339788436,-5.348441953370066,-4.366525602340698
1529,do,0.05,0.0,70,0.48080710291862516,-7.440266773917458,-6.516012480523851
1530,pp,0.05,0.0,70,1.5136846721172326,-6.567933229966597,-5.610109350416395
1531,do,0.05,0.0,53,0.5804706513881692,-7.878992602319428,-6.015514177746243
1532,pp,0.05,0.0,70,0.818996213674545,-7.86580783959591,-6.197654075092739
1533,do,0.05,0.0,27,1.521302890777588,-5.555452783180006,-4.812634232309129
1534,pp,0.05,0.0,70,2.1004794979095456,-7.029434144858158,-5.929137049780952
1535,do,0.05,0.0,70,0.049256101846695266,-7.306766843795776,-7.724785587522718
1536,pp,0.05,0.0,61,0.025688638687132226,-7.068448290680394,-6.181807163026598
1537,do,0.05,0.0,51,-0.23834039688110398,-7.419698309175896,-6.55078501701355
1538,pp,0.05,0.0,31,1.0545753610134119,-6.585012272632484,-5.653721110026042
1539,do,0.05,0.0,70,0.7826171433925619,-8.152327212420376,-7.074897034962972
1540,pp,0.05,0.0,22,2.398987703323364,-7.24788991465713,-5.748809681998359
1541,do,0.05,0.0,18,0.24825261592865022,-5.909109838081129,-5.1686679151323105
1542,pp,0.05,0.0,64,2.4566503942012776,-6.027716109246919,-5.029165739483304
1543,do,0.05,0.0,4,-0.6097178018093112,-5.769601652838967,-4.990036765734355
1544,pp,0.05,0.0,19,0.5962114763259887,-5.771827900048458,-4.986618990368314
1545,do,0.05,0.0,10,-0.12335522532463106,-6.971680496678208,-6.060851483874851
1546,pp,0.05,0.0,15,1.740114208459854,-5.680108002460364,-4.701512869199117
1547,do,0.05,0.0,70,0.03082601428032028,-7.169017359704682,-5.937977080874973
1548,pp,0.05,0.0,70,1.7270920670032508,-7.218164549451886,-6.315833311610752
1549,do,0.05,0.0,44,0.5882026553153992,-7.582522337364428,-6.298547432157728
1550,pp,0.05,0.0,47,0.7550846505165092,-6.693926792433768,-5.384970633188884
1551,do,0.05,0.0,70,0.7755824625492096,-7.285364837357492,-6.254147227605184
1552,pp,0.05,0.0,22,1.3711851620674134,-5.179221400347623,-4.169458631674448
1553,do,0.05,0.0,3,-0.6227206313610081,-6.228838864239779,-5.478501290745205
1554,pp,0.05,0.0,6,-0.05185011148452823,-5.145453110608187,-4.423713668187459
1555,do,0.05,0.0,17,0.7004521346092227,-6.468786339326338,-5.7629837724897595
1556,pp,0.05,0.0,55,1.9389242136478426,-8.43682602969083,-6.329415975676643
1557,do,0.05,0.0,15,0.6764122378826141,-5.584565232016823,-4.821900675031874
1558,pp,0.05,0.0,9,0.2849749279022218,-5.3245473543802895,-4.612371163898044
1559,do,0.05,0.0,36,1.2319606280326836,-8.257879184954094,-6.509240542517768
1560,pp,0.05,0.0,30,2.1096648478507998,-6.969070685993541,-5.7080291668574015
1561,do,0.05,0.0,70,2.8128790843486797,-6.915117346156727,-5.394971905814277
1562,pp,0.05,0.0,15,1.3793752622604378,-4.619477111643011,-3.9472003870540195
1563,do,0.05,0.0,25,0.6123608410358425,-6.409528787208326,-6.227286500400967
1564,pp,0.05,0.0,15,1.116592489480972,-5.2889604351737285,-4.5615972015592785
1565,do,0.05,0.0,2,-0.4120994639396667,-5.430653563412753,-4.839633345603943
1566,pp,0.05,0.0,9,0.7620652067661284,-5.317941057320797,-4.358118377791511
1567,do,0.05,0.0,8,-0.4081895208358768,-5.693384797645337,-5.047920277383592
1568,pp,0.05,0.0,29,1.2996509468555457,-6.048081818493929,-5.368803421656291
1569,do,0.05,0.0,69,0.5911735737323758,-8.074616322372899,-7.704365052117241
1570,pp,0.05,0.0,35,0.8573416280746455,-6.319836102109967,-5.515514797634548
1571,do,0.05,0.0,67,-0.10824701905250489,-8.364886902317856,-6.345939042833116
1572,pp,0.05,0.0,70,1.295347670316696,-6.383731443231756,-5.260114322768318
1573,do,0.05,0.0,8,0.7786673092842102,-4.926898579163985,-4.361213395330641
1574,pp,0.05,0.0,20,2.0977637565135954,-4.517934063709143,-3.9145534409417047
1575,do,0.05,0.0,16,1.2323011922836304,-5.801780894308379,-4.845506654845344
1576,pp,0.05,0.0,37,3.555932511091232,-6.168940827340791,-5.349098494317796
1577,do,0.05,0.0,69,0.15777404546737728,-8.716787907571504,-7.7237013181050616
1578,pp,0.05,0.0,17,1.1939443194866177,-5.8575427720040985,-5.182873204019335
1579,do,0.05,0.0,35,0.4944894778728486,-7.297986920674642,-6.225541718800863
1580,pp,0.05,0.0,59,2.920389330387115,-8.426470623594343,-6.728832756148444
1581,do,0.05,0.0,27,0.07295933485031103,-6.792756823337439,-5.899098714192708
1582,pp,0.05,0.0,47,1.9115504491329194,-5.789886804060503,-4.554976609018114
1583,do,0.05,0.0,18,0.635477122068405,-5.544713387344823,-4.894203175438775
1584,pp,0.05,0.0,40,2.3648829698562626,-6.11242993961681,-5.1221473349465265
1585,do,0.05,0.0,22,1.8951401841640472,-6.3978046720678154,-5.262763486968146
1586,pp,0.05,0.0,15,1.3279510354995727,-5.937950427604444,-4.896359409226312
1587,do,0.05,0.0,56,0.8286507987976073,-6.898155322219386,-5.964904806349012
1588,pp,0.05,0.0,24,1.3330021274089807,-5.884893388459177,-5.155485026041666
1589,do,0.05,0.0,21,0.2111940419673921,-6.397950487425833,-5.750188999705845
1590,pp,0.05,0.0,64,1.9846193432807926,-5.7985774719353875,-5.034793835216099
1591,do,0.05,0.0,64,1.859174566268921,-7.104241359595097,-6.05609950489468
1592,pp,0.05,0.0,39,1.038986582756042,-8.238552496650001,-6.495530144373576
1593,do,0.05,0.0,47,0.41194786667823813,-7.368996256048029,-6.238351016574436
1594,pp,0.05,0.0,25,1.9814392876625062,-6.101586734887325,-5.24423213534885
1595,do,0.05,0.0,70,0.22747654676437357,-8.064875333959407,-8.342502858903673
1596,pp,0.05,0.0,30,1.1490204560756672,-6.912219303304499,-5.353481944402059
1597,do,0.05,0.0,17,1.306117590665818,-5.650397751548073,-4.865874515639411
1598,pp,0.05,0.0,18,2.79688312292099,-5.188727588364572,-4.18483655585183
1599,do,0.05,0.0,46,1.161393125057221,-6.465002609021736,-5.979609706666735
1600,pp,0.05,0.0,46,3.352445305585862,-6.439454471703732,-5.20469786061181
1601,do,0.05,0.0,29,2.319662621021271,-5.608062127142242,-6.059453262223138
1602,pp,0.05,0.0,70,1.8828373849391937,-6.043951124133486,-5.141480582290225
1603,do,0.05,0.0,23,0.5025620031356812,-6.602147259856715,-6.21777557267083
1604,pp,0.05,0.0,33,0.929092092514038,-6.740272721377286,-5.705069314108955
1605,do,0.05,0.0,3,-0.3007707452774042,-6.11575178377556,-5.35190630224016
1606,pp,0.05,0.0,70,0.8992847394943233,-6.5119424819946286,-5.480355548858642
1607,do,0.05,0.0,70,1.6436684525012977,-6.852818711598714,-6.2536952469084
1608,pp,0.05,0.0,36,1.0541367781162272,-7.366118546688195,-6.264259007241991
1609,do,0.05,0.0,67,2.4553613948822024,-6.733905006177498,-5.94664957523346
1610,pp,0.05,0.0,18,0.873247581720352,-5.686398474375407,-4.676148724555969
1611,do,0.05,0.0,70,-0.19763267278671215,-8.19496350143895,-7.6753035333421495
1612,pp,0.05,0.0,70,-0.034553698301314384,-8.277761021527377,-6.621865725517273
1613,do,0.05,0.0,58,1.3129683995246895,-6.114469234871142,-6.085779099994236
1614,pp,0.05,0.0,14,1.183130480051041,-5.217071624235674,-4.406438465913137
1615,do,0.05,0.0,53,3.228940498828888,-7.529247376413056,-6.442110562324524
1616,pp,0.05,0.0,12,1.2311275434494018,-5.064286223324863,-4.08809773657057
1617,do,0.05,0.0,70,0.012861310839652695,-6.913033485412598,-6.01647600862715
1618,pp,0.05,0.0,70,1.2578827106952666,-8.70292489456408,-7.066336801317003
1619,do,0.05,0.0,70,2.809510561227798,-5.902340545076313,-5.436871287557814
1620,pp,0.05,0.0,24,1.8964822316169743,-4.934570079861265,-4.342482595973545
1621,do,0.05,0.0,12,1.4237325549125668,-4.7104216633421006,-4.110106415218777
1622,pp,0.05,0.0,45,1.4739842164516457,-6.120367261135217,-4.884016879399618
1623,do,0.05,0.0,53,2.219074469804764,-6.435262285579334,-5.9730563720067344
1624,pp,0.05,0.0,30,1.8609241461753845,-5.111381273558646,-4.254519462585449
1625,do,0.05,0.0,19,2.4106305193901063,-5.319721203139334,-4.906724731127421
1626,pp,0.05,0.0,28,1.067162073850631,-5.842274123972112,-5.007970714569092
1627,do,0.05,0.0,20,1.4533640575408935,-5.251086200367321,-4.8465281274583605
1628,pp,0.05,0.0,15,0.9433308362960817,-5.172025336641254,-4.231878799862332
1629,do,0.05,0.0,30,2.1773724937438974,-5.254605236920443,-5.579592408074273
1630,pp,0.05,0.0,31,1.4844706499576565,-6.018493447159276,-4.836280610826281
1631,do,0.05,0.0,19,2.047376576662063,-6.443437215053674,-5.399271133210924
1632,pp,0.05,0.0,19,1.0156619668006899,-6.645634930061571,-5.528246924612257
1633,do,0.05,0.0,46,-0.05120748519897411,-7.508187473181522,-6.691828886667888
1634,pp,0.05,0.0,70,0.7421587276458741,-7.375338454680009,-6.140978084670173
1635,do,0.05,0.0,69,0.7141921162605289,-9.462836464968595,-8.02900324927436
1636,pp,0.05,0.0,19,2.4756949198246003,-5.9720936746308295,-4.9666975047853255
1637,do,0.05,0.0,70,0.6384649741649628,-6.353559725212328,-5.706381079885695
1638,pp,0.05,0.0,13,0.6312294685840607,-4.825882666038744,-4.26100754737854
1639,do,0.05,0.0,68,0.423668514490128,-7.0521368330175225,-6.692622979482015
1640,pp,0.05,0.0,47,1.7183561980724331,-5.83783636526628,-5.050587164031135
1641,do,0.05,0.0,47,1.7652505064010624,-5.920549950455174,-5.088824701309204
1642,pp,0.05,0.0,62,-0.047442753314973274,-7.454430272362449,-6.466369279225668
1643,do,0.05,0.0,70,0.5418161082267758,-7.895247278791485,-6.955784564548068
1644,pp,0.05,0.0,4,-0.8188832962512969,-5.738209113207731,-5.102194560898675
1645,do,0.05,0.0,1,-0.721407593488693,-5.768475273883704,-5.172398840056525
1646,pp,0.05,0.0,59,1.1090312337875359,-6.580629920959472,-5.316631698608399
1647,do,0.05,0.0,70,1.5883800017833698,-7.975191246379506,-6.95946418179406
1648,pp,0.05,0.0,70,2.4733880746364587,-6.7659677577741215,-5.882595854335361
1649,do,0.05,0.0,21,1.0423385977745054,-5.85862279660774,-5.11157472398546
1650,pp,0.05,0.0,12,0.5749522316455842,-4.950993912147753,-4.294790649414063
1651,do,0.05,0.0,70,-0.11430381298065306,-7.179287650368431,-7.292819913228353
1652,pp,0.05,0.0,8,-0.5051911866664884,-5.428619221485023,-4.889153284496731
1653,do,0.05,0.0,70,0.7340309691429141,-8.447492657285748,-7.480179574754503
1654,pp,0.05,0.0,18,0.3493979680538173,-5.861364561138731,-5.059847503238254
1655,do,0.05,0.0,28,1.6287642431259162,-6.188836411273841,-5.2736534065670435
1656,pp,0.05,0.0,35,4.167898118495941,-8.09855915849859,-6.3502412822511465
1657,do,0.05,0.0,70,3.1506844913959506,-6.176569811503092,-6.572227040926616
1658,pp,0.05,0.0,28,3.1045364856719972,-5.4274178317098905,-4.4866393327713014
1659,do,0.05,0.0,20,1.9712745821475988,-6.13366747046962,-5.989520711368985
1660,pp,0.05,0.0,17,2.157561794519424,-5.643016316673973,-4.614436753590902
1661,do,0.05,0.0,29,-0.02352310895919807,-7.962665365681504,-6.547787849108378
1662,pp,0.05,0.0,55,0.8723914039134968,-7.543890208909006,-6.026162645551893
1663,do,0.05,0.0,16,2.4231023478508,-5.607316041715217,-5.493310202492608
1664,pp,0.05,0.0,20,1.1744526898860927,-5.834888023318666,-4.918436394797431
1665,do,0.05,0.0,66,1.4371082210540775,-6.5748444470492275,-5.7644579357571075
1666,pp,0.05,0.0,20,1.8325606715679168,-6.339335430029667,-4.354654743936327
1667,do,0.05,0.0,32,1.6910519063472753,-7.586339450604988,-6.997871430714925
1668,pp,0.05,0.0,47,1.5089767229557038,-6.361377535444317,-5.112535974714491
1669,do,0.05,0.0,8,0.09469586372375449,-4.888449507048636,-4.346834982766046
1670,pp,0.05,0.0,50,1.991445516347886,-6.04393789695971,-5.453833312458462
1671,do,0.05,0.0,15,2.156329182386398,-5.327484692949238,-4.652367663383484
1672,pp,0.05,0.0,32,2.557088443040848,-5.92260644941619,-4.955080713166131
1673,do,0.05,0.0,6,0.10595085978507957,-5.076577205368967,-4.724301224284702
1674,pp,0.05,0.0,31,2.6592450702190407,-5.715504728664051,-4.629348230361939
1675,do,0.05,0.0,70,0.6388690805435182,-7.90173010970607,-6.811254003312853
1676,pp,0.05,0.0,70,0.27555803537368817,-7.454417730100227,-6.382791556252373
1677,do,0.05,0.0,57,2.377329641580582,-6.657161397644968,-6.4836834775076975
1678,pp,0.05,0.0,12,1.6299870038032527,-4.649127906741518,-4.070874256557889
1679,do,0.05,0.0,70,2.062781208753586,-6.841944275480328,-5.908279252052307
1680,pp,0.05,0.0,35,2.7351733314991,-7.7984443144364795,-6.557700114780002
1681,do,0.05,0.0,57,1.8969161653518682,-6.438731038931644,-5.989561833275689
1682,pp,0.05,0.0,11,1.2270305097103114,-5.8658093987089215,-4.838590542475383
1683,do,0.05,0.0,68,2.4107489371299744,-6.5056138067534475,-5.762812039587232
1684,pp,0.05,0.0,54,2.461546077728272,-6.204475516983957,-5.050843180550469
1685,do,0.05,0.0,70,3.03411010146141,-6.659001077305187,-5.883241788546244
1686,pp,0.05,0.0,60,2.8394978272914884,-5.767669673399491,-5.115020783742269
1687,do,0.05,0.0,61,0.602725088596344,-8.121700965996945,-8.158797979354858
1688,pp,0.05,0.0,16,0.8663906228542331,-6.0930691213318795,-5.321835197342766
1689,do,0.05,0.0,70,2.721764461994171,-7.440486091555971,-6.909979033470154
1690,pp,0.05,0.0,14,2.6565799832344057,-5.006783593784679,-3.827671370241377
1691,do,0.05,0.0,14,1.5799375927448276,-5.915059871384591,-5.567916838328044
1692,pp,0.05,0.0,22,2.2430458045005803,-5.775812605655554,-4.766740690337287
1693,do,0.05,0.0,55,1.8557103192806252,-6.113093926689841,-5.343532162242465
1694,pp,0.05,0.0,33,1.8663811254501343,-5.6141404281963005,-4.7396003378762135
1695,do,0.05,0.0,46,0.7391116666793822,-6.98377598993706,-6.011429723103841
1696,pp,0.05,0.0,31,1.5030681610107424,-5.459380646907922,-4.616122881571452
1697,do,0.05,0.0,48,3.7624483048915875,-7.824398760362105,-6.398041158252292
1698,pp,0.05,0.0,24,2.2126688683032985,-5.228380275495125,-4.008154368400573
1699,do,0.05,0.0,57,0.761795885562897,-10.691569848494096,-9.642316876517402
1700,pp,0.05,0.0,15,1.1986875009536746,-5.4577555439688945,-4.610197112295363
1701,do,0.05,0.0,48,3.3817229533195494,-7.545513534545899,-6.797018035252889
1702,pp,0.05,0.0,32,2.078583154678344,-5.051689273660833,-4.30705001089308
1703,do,0.05,0.0,42,1.8517737674713128,-6.9977699395382045,-6.122676674524943
1704,pp,0.05,0.0,14,1.0136264955997474,-5.332525917977998,-4.592096885045369
1705,do,0.05,0.0,27,1.3426227855682376,-6.434265993580674,-5.414480612013075
1706,pp,0.05,0.0,37,0.7877732193469997,-7.197684345823346,-5.632538263003031
1707,do,0.05,0.0,65,1.5336832225322716,-8.257191335793697,-6.979647853639391
1708,pp,0.05,0.0,13,0.2397351419925693,-5.755953388503103,-4.918918450673421
1709,do,0.05,0.0,70,2.9539723384380334,-6.997113485047311,-5.84663188457489
1710,pp,0.05,0.0,19,2.412216141223908,-4.879665780789924,-3.9481215357780455
1711,do,0.05,0.0,22,2.461557410955429,-5.6718127510764385,-4.656468362278408
1712,pp,0.05,0.0,7,0.79421617269516,-4.409031763943759,-3.6806906912061903
1713,do,0.05,0.0,23,1.7103695785999298,-6.961041509743893,-5.896403050422668
1714,pp,0.05,0.0,14,1.300750288963318,-5.846320847308997,-4.5154779884550305
1715,do,0.05,0.0,19,1.441425968408585,-6.296965266719009,-5.464301845762464
1716,pp,0.05,0.0,13,1.6407736480236057,-4.567338959376017,-4.06989533106486
1717,do,0.05,0.0,56,4.027184480428695,-6.707866765513565,-5.508700595961677
1718,pp,0.05,0.0,24,1.626920719146728,-6.1534998821489735,-4.520233103964064
1719,do,0.05,0.0,5,-0.4446636056900024,-6.188048760096232,-5.636727253595988
1720,pp,0.05,0.0,3,-1.1236546897888182,-6.483240410775849,-5.845291097958882
1721,do,0.05,0.0,19,-0.07010583519935576,-6.199193856210419,-5.31678507592943
1722,pp,0.05,0.0,9,0.4613519608974457,-5.495968132308035,-4.6422523048188955
1723,do,0.05,0.0,35,3.784763774871826,-8.136849949576638,-6.894694397184584
1724,pp,0.05,0.0,25,2.3181912934780122,-7.07740656968319,-5.809331618414985
1725,do,0.05,0.0,70,2.254815980195999,-7.746229752627286,-8.420941644244724
1726,pp,0.05,0.0,45,1.744697103500366,-6.07931635018551,-5.277188844150967
1727,do,0.05,0.0,59,1.6642590904235837,-6.935044983661536,-6.11256459818946
1728,pp,0.05,0.0,39,0.9057743716239939,-6.7151589075724285,-5.516929848988851
1729,do,0.05,0.0,19,1.8611720263957983,-7.07570385499434,-6.124320679240757
1730,pp,0.05,0.0,19,0.6398240768909451,-6.473155924768159,-5.304365290535821
1731,do,0.05,0.0,22,1.5518352544307703,-6.731949340935909,-5.935088849067688
1732,pp,0.05,0.0,45,1.8250219810008996,-7.843929881760569,-5.830010689629448
1733,do,0.05,0.0,23,1.742620199918747,-5.513701748125481,-4.842500715785556
1734,pp,0.05,0.0,23,1.9365154349803921,-5.411270322221698,-4.543651951683892
1735,do,0.05,0.0,42,1.461295008659362,-6.004062034144546,-5.294423082139757
1736,pp,0.05,0.0,30,2.151683228015899,-5.4283738526431,-4.532549516359965
1737,do,0.05,0.0,18,2.2735094940662393,-5.945612734014338,-5.326152218712701
1738,pp,0.05,0.0,15,1.1975528204441073,-5.984571425120036,-4.678606814808315
1739,do,0.05,0.0,34,1.1922900915145878,-6.4591702721335675,-5.856257088979086
1740,pp,0.05,0.0,23,1.539359037876129,-5.538881348118638,-4.539398251639472
1741,do,0.05,0.0,24,1.7609040355682364,-6.150838692982991,-5.737873691982693
1742,pp,0.05,0.0,70,0.8352599239349354,-7.367432764804724,-6.127672746446398
1743,do,0.05,0.0,70,1.2564666152000417,-7.990650856133663,-7.539629538853963
1744,pp,0.05,0.0,9,0.9582775080204007,-5.224307664235433,-4.4742819892035595
1745,do,0.05,0.0,70,1.3320039677619935,-10.354449025067415,-8.615470139185588
1746,pp,0.05,0.0,29,0.9486237072944643,-6.679286445270885,-5.4301237636142305
1747,do,0.05,0.0,70,0.7018919682502744,-9.237603095083525,-8.243579456541273
1748,pp,0.05,0.0,19,1.5614157676696783,-6.744963267355255,-5.29487636089325
1749,do,0.05,0.0,26,0.4026462519168854,-7.159978301597364,-6.623336497942606
1750,pp,0.05,0.0,47,0.7855426597595212,-6.175263771866307,-5.2683947748608055
1751,do,0.05,0.0,52,1.3934145092964174,-7.58769808104544,-6.6614543305503
1752,pp,0.05,0.0,30,0.9560764205455774,-6.536653356841116,-5.506659139527215
1753,do,0.05,0.0,18,1.935836322307587,-4.7230350162043715,-4.353916305965847
1754,pp,0.05,0.0,33,2.30174885749817,-6.232322473237009,-5.202015791998969
1755,do,0.05,0.0,70,3.1585944950580593,-7.078280865062367,-6.152960125605265
1756,pp,0.05,0.0,40,1.830141891241074,-7.714840654893355,-5.307415350278219
1757,do,0.05,0.0,62,1.943740803003311,-7.0560941811763875,-6.133366007275051
1758,pp,0.05,0.0,70,2.0525819158554075,-6.1729897658030195,-5.197151523166233
1759,do,0.05,0.0,70,3.064118891954422,-6.923484014742302,-7.091505895720588
1760,pp,0.05,0.0,18,1.903670986890793,-4.858629304712469,-4.156127169397142
1761,do,0.05,0.0,27,1.7587581253051754,-6.64839849616542,-5.803489263852438
1762,pp,0.05,0.0,23,0.14018473267555187,-7.421213310415094,-6.21152143213484
1763,do,0.05,0.0,14,1.1843190371990202,-4.8584751808282105,-4.527520502938165
1764,pp,0.05,0.0,30,3.2933230316638946,-5.371709232619314,-4.569424846437243
1765,do,0.05,0.0,7,0.4968351912498479,-4.665174257394039,-4.338259360525343
1766,pp,0.05,0.0,31,0.5552655863761897,-6.151292007619684,-5.362345510058933
1767,do,0.05,0.0,32,4.0097997689247125,-5.794186245311391,-5.324884457058377
1768,pp,0.05,0.0,26,2.8360505270957947,-5.346999127937086,-4.636070011721717
1769,do,0.05,0.0,64,1.0224882519245142,-7.3229959401217375,-6.462389408217536
1770,pp,0.05,0.0,63,0.27177347183227507,-6.521716872128573,-5.5735086838404335
1771,do,0.05,0.0,23,2.2948254501819605,-6.443876672513557,-5.816076477368672
1772,pp,0.05,0.0,13,1.0970713567733759,-5.394437044317072,-4.830674250920613
1773,do,0.05,0.0,67,1.856199655532837,-7.858982860680783,-7.063246941566467
1774,pp,0.05,0.0,12,1.3773632109165197,-5.079881406552864,-4.400148301654392
1775,do,0.05,0.0,39,0.8444453585147853,-6.481901308984467,-5.400646172629463
1776,pp,0.05,0.0,21,0.15924299716949442,-7.640617941365098,-6.69699292977651
1777,do,0.05,0.0,34,2.1471895134449,-6.3177182096423525,-5.784921256701152
1778,pp,0.05,0.0,40,1.158286039829255,-6.059476145831021,-5.024735434850057
1779,do,0.05,0.0,63,3.481040953397751,-7.239123905066288,-6.517728969785902
1780,pp,0.05,0.0,70,0.36876526594161874,-7.99402730103695,-7.492846441268921
1781,do,0.05,0.0,23,1.4379530310630795,-4.889547982360377,-4.366904192500645
1782,pp,0.05,0.0,25,1.941176362037659,-5.055034935113156,-4.350636177592808
1783,do,0.05,0.0,49,2.8906565356254577,-7.231842876203133,-6.343944581349691
1784,pp,0.05,0.0,45,1.0741011524200443,-7.849038415966612,-6.727808528476292
1785,do,0.05,0.0,28,3.5586635959148403,-6.8870752146749785,-5.4374654875861275
1786,pp,0.05,0.0,13,1.387955931425095,-6.307117092248165,-5.326958253648546
1787,do,0.05,0.0,26,1.7169311344623566,-5.096663025653723,-4.837987171279059
1788,pp,0.05,0.0,20,1.0053735160827637,-7.597549948547826,-6.465689918729994
1789,do,0.05,0.0,70,-0.6959640181064604,-8.452564436016662,-7.3583657821019495
1790,pp,0.05,0.0,66,1.4950803256034852,-8.271625323729081,-6.540485514534844
1791,do,0.05,0.0,68,2.4257986450195324,-6.976661458159938,-6.2438356028662785
1792,pp,0.05,0.0,10,0.5498416769504546,-5.749732965411562,-4.771775505277845
1793,do,0.05,0.0,54,3.3271001029014586,-6.40426805525115,-5.744620177480909
1794,pp,0.05,0.0,29,2.0392088878154757,-7.067970207965735,-5.642539252175225
1795,do,0.05,0.0,70,3.240195443630218,-8.011640950405237,-7.137664148542616
1796,pp,0.05,0.0,21,1.5188506293296813,-5.3252524953899965,-4.5757720258500845
1797,do,0.05,0.0,50,1.8064264881610868,-6.352226598335035,-5.530918759769864
1798,pp,0.05,0.0,18,0.29721024751663183,-6.368672987909028,-5.431409544414944
1799,do,0.05,0.0,7,0.12389975547790577,-5.241976138317224,-4.741000379456414
1800,pp,0.05,0.0,70,1.2800944685935969,-6.29716255014593,-5.607465251286825
1801,do,0.05,0.0,55,1.4830421316623692,-6.787640770998868,-6.1992216163211395
1802,pp,0.05,0.0,23,0.9164492166042324,-7.0322356296308115,-6.109701278474596
1803,do,0.05,0.0,29,1.9210399270057676,-5.6521529631181195,-5.115130398008558
1804,pp,0.05,0.0,66,0.44104284048080444,-7.2763309912248095,-6.187918604744805
1805,do,0.05,0.0,5,0.4650010728836058,-4.9931043249188045,-4.347356481022305
1806,pp,0.05,0.0,46,1.6421446263790127,-5.706957632122617,-4.872189778751797
1807,do,0.05,0.0,70,1.5388803005218499,-6.973421458042029,-6.84166116449568
1808,pp,0.05,0.0,57,2.1250593006610874,-6.357074931173614,-5.185724525981479
1809,do,0.05,0.0,14,2.49420100569725,-5.163026019298669,-5.188955028851827
1810,pp,0.05,0.0,49,2.886902394294739,-6.688928466854674,-5.429504635598924
1811,do,0.05,0.0,35,0.5128338634967804,-6.913406610488892,-6.052761514981587
1812,pp,0.05,0.0,5,-0.444508129358292,-5.490910793073249,-4.737309527397156
1813,do,0.05,0.0,64,0.4321393132209792,-8.156832560625944,-6.75518700281779
1814,pp,0.05,0.0,58,1.236206200122833,-7.439727066502426,-6.5238468488057455
1815,do,0.05,0.0,70,1.5243246757984164,-8.163916544480758,-7.232786210378011
1816,pp,0.05,0.0,68,1.2536053180694573,-7.196411122697772,-6.265480295817057
1817,do,0.05,0.0,32,1.296526746749878,-7.167744473255042,-6.3160895824432375
1818,pp,0.05,0.0,51,0.9666493177413944,-9.469424452926173,-7.798954243130154
1819,do,0.05,0.0,31,0.7025596022605889,-7.198129902463971,-6.8506709310743545
1820,pp,0.05,0.0,49,0.4206129407882706,-7.602836189848004,-6.394621311293708
1821,do,0.05,0.0,43,3.437826983928681,-6.322909420186823,-5.88886284298367
1822,pp,0.05,0.0,19,0.9809998619556426,-6.4162385478164214,-5.31824184788598
1823,do,0.05,0.0,49,1.0992047798633573,-6.7175221240881715,-5.859906676080492
1824,pp,0.05,0.0,11,0.5381516814231873,-6.2828646024068195,-5.220661544799805
1825,do,0.05,0.0,36,1.471645666360856,-6.694348533225782,-5.381224989891052
1826,pp,0.05,0.0,39,1.1335540068149568,-5.849614113027399,-5.164073822233412
1827,do,0.05,0.0,7,-0.273471738100052,-6.556068222450487,-5.640138543976677
1828,pp,0.05,0.0,52,1.30289069890976,-10.628991306189334,-8.791465123494467
1829,do,0.05,0.0,65,1.7241378426551819,-10.329567319696599,-8.845735708872477
1830,pp,0.05,0.0,42,1.9375244820117956,-5.683822429541386,-4.5102143711513945
1831,do,0.05,0.0,70,1.0969100582599642,-6.546547003948327,-5.622995405726963
1832,pp,0.05,0.0,13,1.0628621816635127,-5.602706991542469,-4.180454802513123
1833,do,0.05,0.0,19,2.4433541679382316,-6.1066511457616635,-4.76419763829973
1834,pp,0.05,0.0,12,1.7909746348857878,-4.87250791462985,-4.0649926238589815
1835,do,0.05,0.0,15,-0.2446148478984833,-6.036514381928877,-5.330779412057665
1836,pp,0.05,0.0,21,0.6899292325973514,-5.921291123014508,-4.953375220298767
1837,do,0.05,0.0,44,1.6628311669826505,-7.422963908224395,-6.404657785097758
1838,pp,0.05,0.0,70,1.6199061977863316,-7.619977020494866,-5.86093753973643
1839,do,0.05,0.0,41,2.545231602191926,-8.714809169191303,-7.7546246873007885
1840,pp,0.05,0.0,11,2.3024210059642796,-4.663949207826094,-3.877953545252482
1841,do,0.05,0.0,19,1.3815045499801624,-6.311799274791371,-5.851425830523173
1842,pp,0.05,0.0,13,2.047892904281616,-4.501414622682514,-3.8463952951961096
1843,do,0.05,0.0,12,-0.11133620023727442,-6.261571638511889,-5.495956299040053
1844,pp,0.05,0.0,46,0.49233991622924833,-7.61206611142014,-6.857698848512437
1845,do,0.05,0.0,26,1.6908394408226002,-6.756633434873638,-5.922941173447503
1846,pp,0.05,0.0,22,1.146426275968551,-6.014009373115771,-4.869076583120558
1847,do,0.05,0.0,70,0.9218375658988958,-7.7925651868184405,-6.843512426482307
1848,pp,0.05,0.0,14,1.911695984601974,-4.810425582076564,-4.239016040166219
1849,do,0.05,0.0,28,2.16609460234642,-5.464201096332435,-4.881063450707329
1850,pp,0.05,0.0,47,2.501220021247863,-6.64428035996177,-5.6297131088044905
1851,do,0.05,0.0,65,2.593164854049683,-7.143441265279597,-6.450712150997585
1852,pp,0.05,0.0,41,2.315904167890549,-6.656254623875474,-5.180336915122139
1853,do,0.05,0.0,23,1.5532413530349727,-6.336156589334661,-6.071297960811191
1854,pp,0.05,0.0,70,3.5813334798812875,-7.170062176386515,-5.958788466453552
1855,do,0.05,0.0,70,1.1064799499511722,-9.773529447208752,-8.621923722161187
1856,pp,0.05,0.0,26,1.8425036609172825,-6.409524965286255,-5.1477917273839315
1857,do,0.05,0.0,37,2.109423614740372,-5.527283408425071,-4.6333973487218225
1858,pp,0.05,0.0,19,2.6257460689544683,-4.28983652230465,-3.7399782061576845
1859,do,0.05,0.0,70,3.160639034509659,-7.069301187630856,-6.191084199481541
1860,pp,0.05,0.0,12,2.150821328163147,-5.415584522305113,-4.5183264229032725
1861,do,0.05,0.0,15,1.5968747997283934,-5.044128948269468,-4.444400999281141
1862,pp,0.05,0.0,22,2.468433836698533,-4.659060793211966,-3.9553270988994176
1863,do,0.05,0.0,4,0.1722720491886136,-5.463283579277269,-4.784073498513964
1864,pp,0.05,0.0,14,1.4383158409595485,-4.383012301994093,-3.62526583009296
1865,do,0.05,0.0,22,1.8422984337806705,-6.112083825198087,-5.244147894117567
1866,pp,0.05,0.0,20,3.007887744903565,-5.11622805739894,-4.231587755680084
1867,do,0.05,0.0,59,2.8879807960987094,-8.156054280020975,-8.521729548772177
1868,pp,0.05,0.0,39,3.857128403186799,-5.61528406865669,-4.852247481875949
1869,do,0.05,0.0,19,0.5361370277404784,-5.651928778850671,-5.071989811791314
1870,pp,0.05,0.0,8,0.28191565275192243,-4.95189802718885,-4.064319829146068
1871,do,0.05,0.0,70,1.98427314400673,-6.0955252329508465,-5.747326914469401
1872,pp,0.05,0.0,66,2.2343322873115534,-6.891593657117902,-5.6483749998940365
1873,do,0.05,0.0,11,1.089484831094742,-4.987384296186042,-4.4558485719892715
1874,pp,0.05,0.0,15,1.5478774058818816,-5.323788902976296,-4.17895495361752
1875,do,0.05,0.0,31,2.150056200027466,-5.740173883149118,-5.587622245152791
1876,pp,0.05,0.0,70,2.050626826286315,-6.155968801903002,-5.2038512070973715
1877,do,0.05,0.0,50,2.460870223045349,-6.82291050824252,-6.146772898568047
1878,pp,0.05,0.0,20,2.823356456756591,-6.524705055988196,-5.060241005155775
1879,do,0.05,0.0,8,0.023032245635986826,-6.727143882982658,-5.547967595524258
1880,pp,0.05,0.0,69,0.42251903533935575,-9.08906588120894,-8.054184489780003
1881,do,0.05,0.0,39,1.5710868418216712,-6.755929663687041,-5.559769974814521
1882,pp,0.05,0.0,58,2.412650713920593,-5.962215358560735,-5.122887852456834
1883,do,0.05,0.0,25,0.5769963049888611,-5.535389764381177,-5.281423547532824
1884,pp,0.05,0.0,38,2.9133464658260335,-5.8584768150791975,-5.000795518027411
1885,do,0.05,0.0,31,1.6948857271671303,-6.195922733075691,-6.4163485606511435
1886,pp,0.05,0.0,22,2.632343807220458,-5.374948989983761,-4.3377585728963215
1887,do,0.05,0.0,23,1.1152941393852238,-5.893290824601144,-5.797258559862772
1888,pp,0.05,0.0,14,1.2475004911422731,-5.739606787941673,-4.512777405314975
1889,do,0.05,0.0,4,0.10421871781349168,-5.424607915589304,-4.852391386032105
1890,pp,0.05,0.0,28,2.7298005759716037,-4.663191491907293,-3.7806134382883707
1891,do,0.05,0.0,12,1.3588585245609286,-5.272539608406298,-4.580297758844163
1892,pp,0.05,0.0,11,1.9511165964603423,-5.8668929865866,-4.318465285831028
1893,do,0.05,0.0,12,0.7892650878429412,-4.919060283718687,-4.5510815752877125
1894,pp,0.05,0.0,13,1.2327508866786951,-4.304619838252212,-3.7159033669365775
1895,do,0.05,0.0,47,1.5840947985649105,-7.730108898336237,-7.538122969203525
1896,pp,0.05,0.0,17,1.595537434816361,-4.62720357577006,-4.0474108219146725
1897,do,0.05,0.0,20,2.8305977070331565,-5.734116091872707,-5.209793315993415
1898,pp,0.05,0.0,16,2.218558570146561,-4.550970354947177,-3.9620306067996554
1899,do,0.05,0.0,26,0.7310509204864504,-6.999710202939583,-6.451127049658034
1900,pp,0.05,0.0,20,1.4735237252712245,-5.905453666051229,-4.933923904101054
1901,do,0.05,0.0,20,1.2312816238403324,-6.831154334906376,-5.694535578621759
1902,pp,0.05,0.0,27,2.8404650127887727,-5.2656585823405875,-4.4231002966562905
1903,do,0.05,0.0,46,3.529898278713227,-5.9961441892566105,-5.438533322016398
1904,pp,0.05,0.0,44,3.102712351083756,-5.503555070992672,-4.259464634789361
1905,do,0.05,0.0,14,1.0980093812942497,-5.509198927156853,-4.866870064205593
1906,pp,0.05,0.0,34,2.7186837756633757,-4.338485196142486,-3.740811718834771
1907,do,0.05,0.0,12,1.1564432394504545,-5.239860947926839,-4.485946451293097
1908,pp,0.05,0.0,14,2.438208489418029,-4.645119782650109,-4.1251439174016316
1909,do,0.05,0.0,25,2.6244984066486357,-5.798608210592559,-5.357676002714369
1910,pp,0.05,0.0,64,1.6723315858840948,-6.723813676834107,-5.816324445936415
1911,do,0.05,0.0,28,1.7149710392951958,-6.977926413218181,-6.4737644089592825
1912,pp,0.05,0.0,29,2.6702994060516367,-6.17894831570712,-5.62710439629025
1913,do,0.05,0.0,23,3.7704828763008127,-6.835239986939864,-5.836127360661824
1914,pp,0.05,0.0,31,4.757359935045243,-6.283801954442804,-4.7839831431706745
1915,do,0.05,0.0,52,3.2450663113594054,-6.549448657758308,-6.597557139396668
1916,pp,0.05,0.0,46,2.27730080962181,-6.293972878022627,-5.274227987395393
1917,do,0.05,0.0,14,0.08541412830352701,-6.009300406773885,-4.927274749014113
1918,pp,0.05,0.0,18,-0.037792980670928955,-7.351174712903572,-6.51460476981269
1919,do,0.05,0.0,9,-0.552387675046921,-6.065389503132213,-5.175565505027771
1920,pp,0.05,0.0,11,0.6479888284206394,-4.508418468995528,-3.998876827292972
1921,do,0.05,0.0,22,2.7941133022308353,-4.9876855402281794,-4.569737418492635
1922,pp,0.05,0.0,28,2.827050131559372,-5.18690941695011,-4.407470373312632
1923,do,0.05,0.0,70,2.5991921627521517,-7.395667668544885,-6.14104958375295
1924,pp,0.05,0.0,70,1.5225459182262426,-6.4661216793638285,-5.510824020703634
1925,do,0.05,0.0,15,0.5818895149230956,-5.4766380931391865,-4.725544434123569
1926,pp,0.05,0.0,29,2.5221849191188817,-5.057435157082297,-4.138297727372911
1927,do,0.05,0.0,22,1.1398546946048738,-6.86420368714766,-5.848501523335774
1928,pp,0.05,0.0,26,0.959685370922088,-7.6034460125547465,-6.439945107036166
1929,do,0.05,0.0,11,1.4481992721557617,-5.905997289310802,-5.301119449403551
1930,pp,0.05,0.0,18,4.071790685653686,-5.336316521962484,-4.418876512845357
1931,do,0.05,0.0,13,1.1766104698181152,-5.658293839656945,-4.997583550877041
1932,pp,0.05,0.0,39,1.8419094693660734,-5.273488275932543,-4.552907628483243
1933,do,0.05,0.0,70,0.4797097861766808,-7.409813360734419,-6.156674239370558
1934,pp,0.05,0.0,12,1.761302922964096,-4.512816835172249,-3.955987094508277
1935,do,0.05,0.0,70,2.2970319700241095,-6.893578673854019,-5.98267301718394
1936,pp,0.05,0.0,44,2.8328968620300277,-8.813959126038984,-7.231843423843384
1937,do,0.05,0.0,63,3.1053136456012727,-6.895134414326061,-6.3524419334199695
1938,pp,0.05,0.0,70,2.929121230840683,-6.260723637089585,-5.227953627374437
1939,do,0.05,0.0,43,1.0127077651023866,-5.922088099970962,-7.261588978767395
1940,pp,0.05,0.0,48,2.7056724250316613,-7.5043059782548385,-6.1857006099489
1941,do,0.05,0.0,39,0.9006571698188779,-7.21036364959948,-5.988818780581156
1942,pp,0.05,0.0,22,2.503069365024566,-4.430922750993209,-3.7275327404340106
1943,do,0.05,0.0,24,1.2331613028049464,-5.315610777248036,-4.8549509445826216
1944,pp,0.05,0.0,54,-0.5981045556068416,-10.639461894468827,-9.16006236076355
1945,do,0.05,0.0,11,1.2924851775169373,-5.730286735476869,-5.027055973476834
1946,pp,0.05,0.0,15,1.0741057801246638,-5.835254752997196,-5.14003434975942
1947,do,0.05,0.0,70,4.840749512910842,-7.3710852781931555,-6.219069419966804
1948,pp,0.05,0.0,17,2.2548910701274876,-4.311760146690138,-3.622312397427029
1949,do,0.05,0.0,47,0.8977881336212157,-8.50147078254006,-7.809999889797634
1950,pp,0.05,0.0,43,3.342207592725754,-5.574970871029478,-4.995005520184835
1951,do,0.05,0.0,26,1.890384533405304,-5.658431777087125,-6.115223492516412
1952,pp,0.05,0.0,67,2.2101123678684234,-5.801461537679036,-5.119411868519253
1953,do,0.05,0.0,28,1.991481441259383,-6.3323945912447845,-6.306824930508932
1954,pp,0.05,0.0,26,1.3299269747734073,-5.707840376189261,-5.014285204145644
1955,do,0.05,0.0,47,-0.30980165243148683,-9.27531899249915,-7.78987700674269
1956,pp,0.05,0.0,34,1.0067540478706354,-7.530120005752101,-6.519237213664585
1957,do,0.05,0.0,70,0.9156161201000206,-7.941117757739443,-7.389500980907016
1958,pp,0.05,0.0,17,2.1457648229599,-5.290963581836585,-4.526602909300062
1959,do,0.05,0.0,13,2.109304251670838,-5.245297362587669,-4.436923111809625
1960,pp,0.05,0.0,9,0.756856763362884,-5.364548047383626,-4.612201227082147
1961,do,0.05,0.0,9,0.10790973782539393,-6.09688789916761,-5.571049459775289
1962,pp,0.05,0.0,5,-0.4193570148944854,-5.790730863628966,-5.314957653151618
1963,do,0.05,0.0,16,2.0841551482677465,-6.43922904621471,-5.367460115750631
1964,pp,0.05,0.0,18,2.541482729911804,-5.931059948603312,-5.078495001792907
1965,do,0.05,0.0,22,0.3056097257137296,-7.369924357443145,-6.495810680919224
1966,pp,0.05,0.0,26,1.487599340677261,-5.778623630061294,-5.1199818770090735
1967,do,0.05,0.0,13,1.2174044656753544,-5.120095250100801,-4.3857514407899645
1968,pp,0.05,0.0,14,0.977529109716416,-5.560678467606053,-4.5836306386523775
1969,do,0.05,0.0,55,3.832912068367005,-6.384594810370243,-5.463011225064595
1970,pp,0.05,0.0,30,3.227722133398056,-6.65182355967435,-5.2952303727467855
1971,do,0.05,0.0,24,1.8798680627346043,-4.614856131871542,-4.527722385194567
1972,pp,0.05,0.0,13,0.9644865334033961,-6.000670360796379,-5.124611481030782
1973,do,0.05,0.0,13,0.5021342241764071,-6.300919431628603,-5.149089590708415
1974,pp,0.05,0.0,23,1.8389911949634552,-4.980946136243416,-4.180617492728763
1975,do,0.05,0.0,70,1.0574062311649328,-6.670469827362985,-6.154904185401069
1976,pp,0.05,0.0,46,0.7463020241260523,-7.885482818430121,-6.374798395898607
1977,do,0.05,0.0,32,-0.022895013093948258,-6.587609877730861,-5.928703790240817
1978,pp,0.05,0.0,28,1.4468428456783293,-6.97489821694114,-5.856209739049276
1979,do,0.05,0.0,1,-0.8052722895145417,-5.4338186480782245,-4.8598325543933445
1980,pp,0.05,0.0,34,-0.23761667609214676,-7.714395108367458,-6.02463079823388
1981,do,0.05,0.0,9,0.3706938350200648,-5.418575512279164,-4.874621163474189
1982,pp,0.05,0.0,17,2.17900997042656,-5.546340956832424,-4.983537027570937
1983,do,0.05,0.0,20,-0.6699351918697358,-7.26600782510006,-6.663579416275025
1984,pp,0.05,0.0,14,0.843552341461181,-5.280453913139574,-4.58131533463796
1985,do,0.05,0.0,8,0.1472283649444588,-6.394654768163508,-5.475307451354133
1986,pp,0.05,0.0,28,1.0164281141757963,-5.763710397662538,-5.624176340632968
1987,do,0.05,0.0,9,0.8907273411750793,-5.314238429792,-4.646548597017924
1988,pp,0.05,0.0,50,3.5195418834686274,-6.125091409683227,-4.909842575920953
1989,do,0.05,0.0,10,0.21048122644424438,-5.216398298379147,-4.606898503833347
1990,pp,0.05,0.0,10,0.0995549237728115,-5.26952896118164,-4.653233287069533
1991,do,0.05,0.0,5,-0.5420760941505431,-5.597107472564235,-5.0500432862175835
1992,pp,0.05,0.0,5,-0.42426512718200726,-5.530369007226192,-5.027936686409844
1993,do,0.05,0.0,13,-0.4889923167228698,-5.790428704926462,-5.343708589341905
1994,pp,0.05,0.0,20,0.6377582144737248,-5.481836580507683,-5.237578301959568
1995,do,0.05,0.0,29,1.0139055120944969,-7.464758689475782,-7.395747221840752
1996,pp,0.05,0.0,20,1.8553572714328768,-5.424299981377342,-4.638171262211269
1997,do,0.05,0.0,22,2.4921538341045384,-5.757082732518514,-5.146125864982605
1998,pp,0.05,0.0,26,3.318405276536941,-6.680759257981271,-5.723247838020325
1999,do,0.05,0.0,70,0.52796215057373,-10.44992843396736,-9.657669766743977
2000,pp,0.05,0.0,47,1.0925365471839896,-8.87262332945159,-7.46482236120436
2001,do,0.05,0.0,41,2.6072916579246517,-5.630880352945039,-5.418338418006897
2002,pp,0.05,0.0,59,2.3105846333503735,-7.2156623218998766,-6.464496835072835
2003,do,0.05,0.0,65,1.0799446988105785,-9.694696901783798,-8.422290976842245
2004,pp,0.05,0.0,70,1.6588215339183812,-6.5268490401181305,-6.267668400870429
2005,do,0.05,0.0,17,3.0185620427131648,-5.744330693736221,-5.15538903342353
2006,pp,0.05,0.0,16,1.8540874564647671,-5.663016359733812,-4.43168207274543
2007,do,0.05,0.0,13,0.6087052321434019,-5.981436215025006,-5.540465434392293
2008,pp,0.05,0.0,51,1.1123242533206934,-9.720355728900794,-8.188321918911404
2009,do,0.05,0.0,56,2.3450840866565708,-6.472580245046904,-5.836768335766262
2010,pp,0.05,0.0,37,3.57091564655304,-5.3895168969125455,-4.40310301648246
2011,do,0.05,0.0,14,1.0580036914348598,-5.360659983663848,-5.4762304173575505
2012,pp,0.05,0.0,10,1.2722337365150453,-4.6111908797061805,-3.932530175315009
2013,do,0.05,0.0,70,0.8317895591258999,-8.749962763352828,-7.210165892706977
2014,pp,0.05,0.0,14,1.0209337437152861,-5.556593207157019,-4.66380250453949
2015,do,0.05,0.0,21,2.668829948902129,-5.122581062894879,-5.792182342211405
2016,pp,0.05,0.0,33,2.8856091403961184,-5.1519623452966865,-4.620837394396464
2017,do,0.05,0.0,18,0.7660290050506591,-6.10821666284041,-5.836948084831238
2018,pp,0.05,0.0,52,2.76396911740303,-6.5100168950629955,-5.3529769076241385
2019,do,0.05,0.0,20,2.0824802434444427,-5.352565356456872,-4.602094644970364
2020,pp,0.05,0.0,70,1.3041117858886713,-6.274789824630275,-5.216212550799052
2021,do,0.05,0.0,22,2.4509038901329046,-6.227621813976404,-5.713178621398078
2022,pp,0.05,0.0,70,2.5834855878353125,-8.991813916871042,-7.98989036348131
2023,do,0.05,0.0,66,4.792298687696457,-6.534515169895056,-6.306215818723043
2024,pp,0.05,0.0,70,3.582929139137268,-7.269413516015717,-5.75272647274865
2025,do,0.05,0.0,33,2.1124108147621152,-5.451212716825081,-4.676757176717122
2026,pp,0.05,0.0,10,1.0776179027557369,-5.375636736551921,-4.605002795325385
2027,do,0.05,0.0,70,0.23343663930892866,-7.831725143663811,-7.048535002602471
2028,pp,0.05,0.0,68,1.690113629102708,-7.413590402314157,-6.1800833092795475
2029,do,0.05,0.0,42,1.2662769699096685,-9.964201892505992,-8.949197880427043
2030,pp,0.05,0.0,11,1.5164014160633092,-4.8867768692247795,-4.149129194683499
2031,do,0.05,0.0,20,-0.20691021680831945,-7.107532665946267,-6.354310682084825
2032,pp,0.05,0.0,63,1.7071749031543728,-7.578410232428348,-6.258321478631761
2033,do,0.05,0.0,70,3.6345824551582346,-7.076819905367764,-5.921626485718621
2034,pp,0.05,0.0,11,2.3796521270275113,-5.0505798816680905,-4.106591163741218
2035,do,0.05,0.0,70,2.063207203149796,-7.700340310010043,-7.005977084901597
2036,pp,0.05,0.0,70,2.6226522874832163,-6.549643130735918,-5.647918899854024
2037,do,0.05,0.0,16,1.559752382040024,-5.9012709733211635,-5.254684034983317
2038,pp,0.05,0.0,26,0.8551978266239164,-6.4335352709799105,-5.082447391086155
2039,do,0.05,0.0,27,2.34087512254715,-6.1920886198679606,-5.3246952851613365
2040,pp,0.05,0.0,23,2.6519069874286654,-5.306123713291052,-4.847981897989909
2041,do,0.05,0.0,21,2.8955166780948645,-5.756370547323516,-5.816657964388529
2042,pp,0.05,0.0,23,-0.24245663285255414,-6.614886398026438,-5.350551271438599
2043,do,0.05,0.0,12,0.6142819559574129,-5.861962659431226,-5.350485915607877
2044,pp,0.05,0.0,10,0.9507095181941994,-4.972387144782326,-3.834979142083062
2045,do,0.05,0.0,66,1.8240081477165218,-5.52291250517874,-5.539405658509996
2046,pp,0.05,0.0,20,2.009677783250809,-4.87374571164449,-4.16993834707472
2047,do,0.05,0.0,18,1.9571084344387053,-4.943986407193271,-4.303171817461649
2048,pp,0.05,0.0,67,1.9075180768966682,-7.675088294347128,-6.619242864184909
2049,do,0.05,0.0,17,0.8852622509002686,-5.986973798636234,-5.5022979630364315
2050,pp,0.05,0.0,23,1.711934067010879,-6.366697049863411,-4.700355018509759
2051,do,0.05,0.0,6,0.7062059378623955,-5.444483238278013,-5.161830041143629
2052,pp,0.05,0.0,14,1.4961370241641996,-4.623919916152954,-3.5943126426802743
2053,do,0.05,0.0,70,1.454409755468368,-7.412410292480931,-6.797468741734822
2054,pp,0.05,0.0,37,2.3562745487689973,-6.651334596402718,-5.022623711162144
2055,do,0.05,0.0,30,1.6322090852260587,-6.406782270200325,-5.983563881450229
2056,pp,0.05,0.0,24,2.8236888813972465,-6.367364565531413,-5.420659761958652
2057,do,0.05,0.0,31,1.5918654680252073,-7.421022179632476,-7.431966778967116
2058,pp,0.05,0.0,46,2.793099520206451,-6.529274441979148,-5.546584131982591
2059,do,0.05,0.0,30,2.2853754055500035,-6.710747750600179,-6.50363642639584
2060,pp,0.05,0.0,60,2.288199720382691,-7.268049235777421,-6.550756231943766
2061,do,0.05,0.0,33,2.696955215930938,-4.957334782860496,-5.10687566863166
2062,pp,0.05,0.0,70,2.5539501965045925,-5.668105785774462,-4.689483386940426
2063,do,0.05,0.0,15,1.321851769685745,-6.048007457906549,-5.765970126787821
2064,pp,0.05,0.0,20,1.3521095824241645,-6.088290348919955,-5.069527875052558
2065,do,0.05,0.0,22,0.532201008796692,-6.80174878727306,-7.271904797024197
2066,pp,0.05,0.0,24,1.3338514602184288,-6.126813372698697,-5.246471781200833
2067,do,0.05,0.0,57,3.425117065906525,-5.895458767630837,-5.501633291774326
2068,pp,0.05,0.0,62,4.530499658584596,-5.494233261455189,-4.6629780345492895
2069,do,0.05,0.0,53,1.4998512649536142,-8.137612337054628,-7.305591207080417
2070,pp,0.05,0.0,16,2.7424579799175266,-4.519968894033721,-4.019611303011576
2071,do,0.05,0.0,10,1.5038338184356688,-5.375898933410644,-4.8464084227879844
2072,pp,0.05,0.0,18,3.218001948595047,-5.949434926293113,-4.680665633413526
2073,do,0.05,0.0,27,1.5553968024253848,-7.469789335944435,-6.749449740515815
2074,pp,0.05,0.0,7,1.0752075541019446,-4.664285958896984,-3.684460078345405
2075,do,0.05,0.0,45,5.4170554935932165,-6.219203766909513,-5.718949111302694
2076,pp,0.05,0.0,70,4.068061116933823,-6.3875211629000574,-5.192215090327792
2077,do,0.05,0.0,15,-0.09070580244064352,-6.809291346867879,-6.479495700200399
2078,pp,0.05,0.0,14,1.9280947256088252,-6.196171572714141,-4.923106196191576
2079,do,0.05,0.0,19,1.8022703003883356,-5.43629865212874,-5.213257363107469
2080,pp,0.05,0.0,31,2.221621148586273,-4.664512046178182,-3.828884259197447
2081,do,0.05,0.0,54,1.9070672011375418,-7.350727354396473,-6.49995305803087
2082,pp,0.05,0.0,21,2.5758833539485932,-6.332779881448457,-4.721267753177219
2083,do,0.05,0.0,44,1.1607558190822607,-8.24122731179902,-7.10419246090783
2084,pp,0.05,0.0,45,2.396286430358887,-6.401950135375515,-5.396741109424167
2085,do,0.05,0.0,31,1.8249790346622463,-6.944756710168087,-6.466587723626031
2086,pp,0.05,0.0,31,0.6649799180030822,-8.394622548421223,-7.029303659333123
2087,do,0.05,0.0,26,0.6073347663879396,-6.368423768245813,-5.726384870211283
2088,pp,0.05,0.0,18,1.4759379565715784,-5.241230606310295,-4.502080278926425
2089,do,0.05,0.0,35,1.7642521631717676,-6.849804359493834,-7.059125097592672
2090,pp,0.05,0.0,20,2.7216532790660866,-4.647496953155056,-4.081123952070872
2091,do,0.05,0.0,24,3.4214642381668083,-6.320628216772368,-5.734408537546794
2092,pp,0.05,0.0,29,2.3348054611682896,-5.863373181314179,-4.762982103559706
2093,do,0.05,0.0,12,0.6351560270786285,-5.690829820343942,-5.183921509318882
2094,pp,0.05,0.0,9,0.5729527902603149,-5.070759885961359,-4.276222811804877
2095,do,0.05,0.0,17,1.3596344935894011,-5.133939750266798,-5.273674782117208
2096,pp,0.05,0.0,60,3.120962700843811,-5.138192475925792,-4.64246272775862
2097,do,0.05,0.0,13,2.27072523355484,-5.839145565032959,-5.255283527904087
2098,pp,0.05,0.0,70,2.0776443290710436,-8.01203191208117,-7.154117515352037
2099,do,0.05,0.0,14,1.2202730071544643,-6.186334513172959,-5.444538675414192
2100,pp,0.05,0.0,31,1.3890742325782774,-8.420302234996448,-7.068345220883687
2101,do,0.05,0.0,34,3.8675879752635955,-5.470968136642918,-5.003606745931838
2102,pp,0.05,0.0,29,3.257615612745285,-4.617853579376683,-3.8544525755776298
2103,do,0.05,0.0,20,1.651504025459289,-5.185077716365005,-6.499829626083374
2104,pp,0.05,0.0,68,0.6802066135406495,-7.56965976339398,-6.651470639970568
2105,do,0.05,0.0,18,0.7631336307525638,-5.84959948424137,-5.667443362871806
2106,pp,0.05,0.0,70,0.5188429450988767,-7.739834691538955,-6.430631449487474
2107,do,0.05,0.0,11,1.2428895390033716,-4.706927680969239,-4.23102441098955
2108,pp,0.05,0.0,26,2.1764071774482723,-5.357912489862153,-4.457930906613668
2109,do,0.05,0.0,20,2.5719220888614656,-4.903592905853734,-4.630530765321519
2110,pp,0.05,0.0,36,2.203837821483612,-5.1131933573520545,-4.500104567739698
2111,do,0.05,0.0,70,-0.31861822485923774,-8.166020847089364,-7.321566271781921
2112,pp,0.05,0.0,19,1.781297851800919,-5.353250754963268,-4.618861632876926
2113,do,0.05,0.0,10,0.8654374909400939,-4.706653606530391,-4.790396851963467
2114,pp,0.05,0.0,64,2.3895080935955058,-8.95362004511284,-7.63102847205268
2115,do,0.05,0.0,23,2.012832915782928,-5.487558653860381,-5.397692486974928
2116,pp,0.05,0.0,50,1.751820565462113,-5.269117482503256,-4.400437890158759
2117,do,0.05,0.0,17,1.8990385353565218,-4.454990836345789,-4.1862287521362305
2118,pp,0.05,0.0,12,1.6118922543525693,-5.027643219629923,-4.237586095598009
2119,do,0.05,0.0,9,0.7496855151653286,-4.288338084654375,-4.116810835732354
2120,pp,0.05,0.0,9,1.060264496803283,-4.0157429666230176,-3.6433347211943734
2121,do,0.05,0.0,43,2.4218984973430633,-8.154279148217404,-7.534937604268392
2122,pp,0.05,0.0,12,1.3467656695842738,-5.099904863762133,-4.192951880560981
2123,do,0.05,0.0,45,1.3877506542205813,-7.001550291523789,-6.988000636630588
2124,pp,0.05,0.0,22,0.5658140027523038,-5.951371033986409,-5.615335279040867
2125,do,0.05,0.0,11,1.1838495182991027,-5.163988403840499,-4.8713211033079356
2126,pp,0.05,0.0,51,3.2952007603645326,-6.338927164944735,-5.092237854003907
2127,do,0.05,0.0,62,0.23547351360321045,-8.701193003220991,-7.516370344161987
2128,pp,0.05,0.0,8,0.3663218784332276,-5.4923734780513875,-4.405587135420905
2129,do,0.05,0.0,38,0.858076491355896,-7.514128212495284,-6.50740811559889
2130,pp,0.05,0.0,46,0.984651958942413,-7.0701786835988365,-5.858054410086738
2131,do,0.05,0.0,10,0.5809754824638365,-4.365890607689366,-3.9355712480015224
2132,pp,0.05,0.0,54,1.7018002843856799,-7.976440175374349,-7.274850384394328
2133,do,0.05,0.0,27,1.3111805796623237,-6.260545957449711,-5.669746602906121
2134,pp,0.05,0.0,25,0.5256096601486204,-6.644200501297459,-5.629934377140469
2135,do,0.05,0.0,69,1.4801293587684636,-7.926206909526478,-6.949217571152581
2136,pp,0.05,0.0,21,0.8381703567504886,-5.9278782989039565,-4.887955962287055
2137,do,0.05,0.0,25,1.4806232130527492,-5.899282258929628,-5.291660459836324
2138,pp,0.05,0.0,28,1.1428419041633608,-6.0659187764832465,-4.882064623302884
2139,do,0.05,0.0,19,1.1242836928367614,-5.460055992820046,-5.121264788839552
2140,pp,0.05,0.0,61,1.2469054150581353,-7.103154679500696,-6.27989313337538
2141,do,0.05,0.0,23,1.5772888326644896,-5.512205466357145,-5.528732093175252
2142,pp,0.05,0.0,28,0.4691387414932251,-7.3893863128893305,-6.166476363605923
2143,do,0.05,0.0,21,3.295056418180465,-5.889417921413075,-5.219252096282111
2144,pp,0.05,0.0,31,2.8416041505336755,-6.5120437361977315,-5.317455206976996
2145,do,0.05,0.0,24,2.753411811590194,-4.912838275504835,-4.421913962894016
2146,pp,0.05,0.0,14,1.9179068744182581,-5.683593421993834,-4.62561883131663
2147,do,0.05,0.0,60,1.0800220453739158,-7.8017639434698856,-7.2072187688615585
2148,pp,0.05,0.0,57,-0.542763770818711,-7.26935408187635,-6.07707601123386
2149,do,0.05,0.0,40,0.6581919491291046,-7.5498143094958685,-7.266004578272502
2150,pp,0.05,0.0,35,1.4420226061344144,-8.101348626974858,-6.157007410791185
2151,do,0.05,0.0,22,1.2770226681232453,-7.842414857401993,-7.0608406861623125
2152,pp,0.05,0.0,15,1.697977912425995,-5.811757053028454,-5.068611783451504
2153,do,0.05,0.0,10,0.8689927279949181,-5.162251709446762,-4.540155241224501
2154,pp,0.05,0.0,19,1.5418455004692078,-5.943190639669245,-4.795724238289727
2155,do,0.05,0.0,23,0.8685714280605312,-5.212021735220245,-4.588644854227701
2156,pp,0.05,0.0,4,-0.6851868689060208,-5.601257996125654,-4.897703382703993
2157,do,0.05,0.0,27,1.6611119365692133,-6.364264928933346,-6.3762999984953135
2158,pp,0.05,0.0,55,2.971190702915192,-5.910636055108273,-5.021946711010403
2159,do,0.05,0.0,30,3.9767396998405458,-4.946395658724236,-4.716457507345411
2160,pp,0.05,0.0,32,2.46960610985756,-5.4700671932914045,-4.819285135798984
2161,do,0.05,0.0,53,4.714985259771347,-5.75111315611637,-5.149482697910733
2162,pp,0.05,0.0,42,3.402736670970917,-6.545286771022912,-5.145187889205085
2163,do,0.05,0.0,13,1.738632770776749,-5.115208734165538,-4.8234158198038735
2164,pp,0.05,0.0,42,1.4004493081569676,-6.373368125973326,-6.533270006709628
2165,do,0.05,0.0,32,1.803861116170883,-5.479128372307979,-5.091169945398966
2166,pp,0.05,0.0,70,2.457806613445282,-6.40875655521046,-5.261202213499281
2167,do,0.05,0.0,22,0.7767990362644195,-6.072756244197036,-4.9782178110546536
2168,pp,0.05,0.0,22,1.0376230692863464,-5.281488571744976,-4.4994512584474355
2169,do,0.05,0.0,55,1.0560101747512816,-6.584496239459876,-5.69789915614658
2170,pp,0.05,0.0,60,0.9881532216072078,-7.326619880849665,-6.423275589942932
2171,do,0.05,0.0,27,1.294811022281646,-7.256970940214215,-6.106234102778965
2172,pp,0.05,0.0,11,1.0670962560176855,-5.666662375132243,-4.78821308347914
2173,do,0.05,0.0,27,2.3732146573066712,-6.4288241949948395,-6.085181207127041
2174,pp,0.05,0.0,53,1.9232185935974115,-8.565660673199279,-7.346554483307733
2175,do,0.05,0.0,12,0.7396476101875304,-4.810922953576752,-4.30808123615053
2176,pp,0.05,0.0,12,0.3757237613201143,-5.285897975979429,-4.4766476737128365
2177,do,0.05,0.0,17,0.9632488811016087,-5.611414647824836,-5.225590507189433
2178,pp,0.05,0.0,70,1.7975216341018685,-6.778017288265806,-5.544567714797126
2179,do,0.05,0.0,14,0.5942453217506412,-4.984772650400798,-4.925270234213935
2180,pp,0.05,0.0,70,0.3785103237628942,-8.04135213620735,-7.069863475693596
2181,do,0.05,0.0,29,1.877392630577087,-4.695973646279537,-5.043680132759942
2182,pp,0.05,0.0,14,1.0250115418434138,-5.858969155224886,-5.062423075570001
2183,do,0.05,0.0,70,1.3374219810962673,-5.617593083237157,-5.4230257802539406
2184,pp,0.05,0.0,70,2.741012568473817,-8.033505036614159,-6.744261752234565
2185,do,0.05,0.0,69,1.2581970918178556,-7.91652324849909,-8.16058247089386
2186,pp,0.05,0.0,70,2.5561637425422674,-6.203745625235817,-4.985226604673597
2187,do,0.05,0.0,70,2.319627532958984,-6.020618311564127,-5.61707379023234
2188,pp,0.05,0.0,23,1.5744451475143437,-4.977229850942439,-4.271053984430101
2189,do,0.05,0.0,15,1.4121162772178648,-4.681056310191299,-4.482424857881334
2190,pp,0.05,0.0,8,0.2433062326908111,-4.922619347138839,-4.5388027906417845
2191,do,0.05,0.0,14,1.039953391551971,-4.733193846904871,-4.465277820163303
2192,pp,0.05,0.0,20,1.1518624830245967,-6.450240382281216,-5.517346342404683
2193,do,0.05,0.0,70,1.2131666433811183,-7.149785488302057,-8.644957653681438
2194,pp,0.05,0.0,59,0.810219686031342,-7.7202959682002215,-6.561626365449693
2195,do,0.05,0.0,70,2.088718012571335,-6.0165197993769794,-7.421241410573324
2196,pp,0.05,0.0,22,1.0962219583988189,-6.1911706649895875,-5.213719672626919
2197,do,0.05,0.0,10,1.0783255398273468,-4.89173138069384,-4.891836047172546
2198,pp,0.05,0.0,13,0.21235938787460373,-6.529278029817523,-5.373328518867493
2199,do,0.05,0.0,32,0.9992255437374107,-6.781473291281498,-5.761453721258375
2200,pp,0.05,0.0,56,0.7854565954208361,-7.606515744238189,-6.495989256434971
2201,do,0.05,0.0,20,2.2025043189525615,-5.350512058084662,-5.175337855021159
2202,pp,0.05,0.0,27,2.9357897984981536,-7.704432301087813,-5.632786578602261
2203,do,0.05,0.0,13,1.8417651772499086,-4.31872871427825,-4.208839352925619
2204,pp,0.05,0.0,32,2.7588237953186034,-4.222828196034287,-3.863034525182512
2205,do,0.05,0.0,69,3.355652168989182,-5.794338115056356,-5.384308438830906
2206,pp,0.05,0.0,51,3.068823668956756,-6.439142241622463,-5.389316760169136
2207,do,0.05,0.0,15,1.6091991639137273,-5.3057606335842245,-4.891207724147373
2208,pp,0.05,0.0,22,0.9135165834426884,-4.8459631443023685,-4.377805060810513
2209,do,0.05,0.0,37,1.3431698441505437,-5.4753202597300215,-5.540799159473843
2210,pp,0.05,0.0,21,1.021333712339401,-5.764297343745376,-4.886476763089498
2211,do,0.05,0.0,70,1.1568322575092322,-5.336572483814124,-5.60981859366099
2212,pp,0.05,0.0,70,1.5951761078834537,-6.89148562893723,-6.251149466302659
2213,do,0.05,0.0,17,2.478604960441589,-6.117741602117365,-5.323643618159824
2214,pp,0.05,0.0,31,2.549553688764572,-5.522830325906927,-4.6340656412972345
2215,do,0.05,0.0,26,1.7493344056606288,-5.350361990206169,-5.0343983968098955
2216,pp,0.05,0.0,25,2.25094269990921,-6.131224987723611,-5.172415807512071
2217,do,0.05,0.0,13,1.40727725148201,-4.720368561600194,-4.479136154386732
2218,pp,0.05,0.0,14,0.9539101791381839,-6.046190027757125,-4.996264081531101
2219,do,0.05,0.0,42,1.7756949031352987,-5.498143196105957,-5.272357887691921
2220,pp,0.05,0.0,34,0.5596135568618772,-6.031325935594963,-5.036058923933241
2221,do,0.05,0.0,27,2.1489852654933923,-6.0228673501448196,-5.313499331474304
2222,pp,0.05,0.0,19,3.2446040892601014,-6.216878300002127,-5.167410906155904
2223,do,0.05,0.0,38,2.002173069715501,-6.281078903602832,-6.394151719411214
2224,pp,0.05,0.0,63,1.7933671009540566,-6.767077665617972,-5.87719030380249
2225,do,0.05,0.0,15,2.3278110635280607,-4.68391885468454,-4.20408120420244
2226,pp,0.05,0.0,17,1.06248729467392,-5.817042344989199,-4.947953168551127
2227,do,0.05,0.0,70,0.8810854887962343,-7.0450367320667615,-6.29473062356313
2228,pp,0.05,0.0,64,1.9661140799522405,-7.164716042894305,-6.159502964549595
2229,do,0.05,0.0,28,1.8679617726802826,-5.389730077801329,-4.847885412640042
2230,pp,0.05,0.0,31,2.6264067065715793,-7.771116256713867,-6.536910030576918
2231,do,0.05,0.0,38,3.480805041790009,-5.089693384459524,-4.587615935007731
2232,pp,0.05,0.0,45,4.144983916282655,-7.905102461034601,-6.4489682303534615
2233,do,0.05,0.0,33,1.9993488693237307,-7.471800428448302,-7.224367745717367
2234,pp,0.05,0.0,33,3.6046459293365487,-5.125426539507779,-4.477787065505981
2235,do,0.05,0.0,44,1.7870630133152012,-5.509300230488632,-5.360287110010783
2236,pp,0.05,0.0,28,2.328802433013916,-5.733017040021492,-5.405740483601888
2237,do,0.05,0.0,70,2.984052172899247,-5.870032881245469,-5.1580443488227
2238,pp,0.05,0.0,33,2.8221377861499786,-5.72377607461178,-4.693194752269321
2239,do,0.05,0.0,15,1.0626414716243744,-5.204460141153047,-4.805629817644755
2240,pp,0.05,0.0,17,1.0014021432399751,-5.880603726704916,-5.165664609273275
2241,do,0.05,0.0,23,1.8373476970195775,-6.257028099984834,-5.838862689336141
2242,pp,0.05,0.0,40,1.1862878930568703,-7.11012930581064,-6.046048021316528
2243,do,0.05,0.0,23,1.79804344534874,-4.812642460158377,-4.735734226968553
2244,pp,0.05,0.0,68,1.9005069863796233,-6.6171763709097196,-5.590565692053901
2245,do,0.05,0.0,10,1.342416673898697,-4.259277520757733,-4.058241897159153
2246,pp,0.05,0.0,31,2.7896940445899974,-7.283705510515155,-6.452605724334717
2247,do,0.05,0.0,50,2.0421902191638956,-5.4879510272632945,-4.924056593577067
2248,pp,0.05,0.0,35,2.642777119874955,-6.824435169046575,-5.630340403980679
2249,do,0.05,0.0,25,1.214465246200561,-5.741248853278883,-5.8993966923819645
2250,pp,0.05,0.0,50,0.4843410110473645,-7.708227423465613,-6.534452984068129
2251,do,0.05,0.0,35,1.408735990524292,-4.651395189400875,-4.371893186039395
2252,pp,0.05,0.0,58,1.1598439359664914,-5.914856877471461,-5.343318070305719
2253,do,0.05,0.0,13,1.2705429303646092,-4.191343100865682,-4.180100735028585
2254,pp,0.05,0.0,20,1.8643374073505408,-4.899022855180682,-4.69301634894477
2255,do,0.05,0.0,32,1.7247727930545809,-5.230046120556918,-4.696177548832363
2256,pp,0.05,0.0,31,2.002453851699829,-5.4840931502255525,-4.649673959943983
2257,do,0.05,0.0,26,1.7013848674297334,-5.74184615539782,-5.624014830589294
2258,pp,0.05,0.0,68,1.7783978152275086,-7.860353990034624,-6.48795829878913
2259,do,0.05,0.0,50,2.3519005322456366,-5.839352954517711,-5.372953587108189
2260,pp,0.05,0.0,22,2.6809224081039424,-4.955955573284265,-4.01299890809589
2261,do,0.05,0.0,34,1.097480839490892,-7.721723715464274,-6.7294294516245525
2262,pp,0.05,0.0,10,1.3525379049777984,-4.095124324162801,-3.578015625476837
2263,do,0.05,0.0,70,0.42456106781959413,-7.934340031941732,-6.850054470698039
2264,pp,0.05,0.0,4,-0.05790013909339908,-4.669662419232455,-4.1772335635291205
2265,do,0.05,0.0,16,2.8562433183193203,-5.467426350622466,-4.965345533688863
2266,pp,0.05,0.0,52,1.9320844042301166,-6.512754304481275,-5.308424059549967
2267,do,0.05,0.0,70,1.4496588683128362,-6.946825491298329,-6.4340341620975074
2268,pp,0.05,0.0,20,1.6908656787872323,-5.754410422932018,-4.5284363415506155
2269,do,0.05,0.0,28,1.7657819914817816,-5.276384392651645,-5.039755635791355
2270,pp,0.05,0.0,28,2.1075444126129153,-5.4398035034988865,-4.60790294541253
2271,do,0.05,0.0,70,1.1480533289909367,-8.642694906754928,-8.512541630533006
2272,pp,0.05,0.0,22,1.3260119378566744,-4.733315467834473,-4.194785035981072
2273,do,0.05,0.0,50,1.5437799143791189,-8.12022239222671,-7.794230635960897
2274,pp,0.05,0.0,70,1.778040498495102,-7.611552179220951,-6.743570613861084
2275,do,0.05,0.0,70,1.9332526755332937,-7.015844511263298,-6.453176999092102
2276,pp,0.05,0.0,70,1.452707207202911,-9.11214305415298,-7.512909566031562
2277,do,0.05,0.0,70,1.4599997091293329,-7.14686063708681,-6.592808145946926
2278,pp,0.05,0.0,66,0.8653928899765013,-8.516301837111964,-7.353301111857096
2279,do,0.05,0.0,56,1.1805209732055673,-6.995787567080874,-6.417432565159268
2280,pp,0.05,0.0,27,1.6946756422519682,-6.9379861239231,-5.81092352602217
2281,do,0.05,0.0,37,2.966387921571732,-5.44546434807055,-4.740663782755534
2282,pp,0.05,0.0,70,2.1873260045051577,-7.307662017417677,-6.055548400349087
2283,do,0.05,0.0,35,2.817858601808547,-6.292841489387281,-5.817319933573405
2284,pp,0.05,0.0,70,3.395992776155472,-7.079623527237863,-6.220968076917861
2285,do,0.05,0.0,17,1.5091853034496312,-5.227973258856571,-4.7839057472017075
2286,pp,0.05,0.0,25,2.743405313491822,-5.641207748470884,-4.910667594273885
2287,do,0.05,0.0,70,1.2263253366947167,-6.8184713392546685,-6.62375266816881
2288,pp,0.05,0.0,53,1.3872941696643828,-5.937311454252764,-5.396247580316332
2289,do,0.05,0.0,45,1.1641052937507625,-6.074809793992476,-5.422140378422207
2290,pp,0.05,0.0,57,3.4012857186794276,-5.638336954694806,-4.948167973094517
2291,do,0.05,0.0,51,2.3918823575973516,-6.089735263766665,-5.6116414626439415
2292,pp,0.05,0.0,44,2.476846708059311,-7.322722475456469,-6.1468027538723415
2293,do,0.05,0.0,46,0.8520638656616217,-7.168419329325358,-6.36007620493571
2294,pp,0.05,0.0,66,1.3659868991374964,-6.87717629923965,-5.927990123960707
2295,do,0.05,0.0,26,1.7076946079730986,-5.395430780179573,-4.82055151992374
2296,pp,0.05,0.0,27,1.4861225295066838,-5.418227113376965,-4.615968015458849
2297,do,0.05,0.0,68,1.860161713361741,-6.088516035946933,-5.602130232916938
2298,pp,0.05,0.0,13,1.1236982655525205,-4.894594383239746,-4.4004964537090725
2299,do,0.05,0.0,28,1.4514537441730502,-5.378990153110388,-4.90819542672899
2300,pp,0.05,0.0,22,1.2988184523582458,-6.436276750853567,-5.460204272800022
2301,do,0.05,0.0,12,1.6107428896427152,-4.871130720774333,-4.130165248446994
2302,pp,0.05,0.0,40,3.0380689978599547,-6.657677901874889,-5.580569675233629
2303,do,0.05,0.0,14,2.3534046626091003,-4.315642614075632,-3.9692025966114466
2304,pp,0.05,0.0,23,2.155654768943787,-4.95302289760474,-4.346907922956679
2305,do,0.05,0.0,27,1.46493549823761,-5.905967345382228,-5.345218221346538
2306,pp,0.05,0.0,47,2.6727001917362214,-6.105909928408536,-5.181581057442559
2307,do,0.05,0.0,70,1.4956031167507167,-7.694658562631318,-7.124691200256348
2308,pp,0.05,0.0,19,1.5174243295192715,-6.14619152618177,-5.476459505822923
2309,do,0.05,0.0,27,3.0158330869674685,-6.297739512992628,-5.534213985337152
2310,pp,0.05,0.0,33,3.826317204236984,-7.130339525685166,-5.886416350470649
2311,do,0.05,0.0,55,1.656192750930785,-10.197004719936487,-9.640759574042427
2312,pp,0.05,0.0,61,2.0629494905471795,-10.781883258530588,-9.538002734714084
2313,do,0.05,0.0,20,1.1300085175037387,-6.328821409109867,-5.526609449916416
2314,pp,0.05,0.0,18,1.2413753485679626,-5.560315283862027,-4.891095540258619
2315,do,0.05,0.0,62,1.462889360189437,-6.950785524194891,-6.5937182346979775
2316,pp,0.05,0.0,47,1.6468275630474087,-6.02558757464091,-5.473187478383382
2317,do,0.05,0.0,23,2.025294471979141,-6.512341901027795,-6.253770033518474
2318,pp,0.05,0.0,17,1.5709774887561796,-5.899475928508874,-5.4845595704184635
2319,do,0.05,0.0,31,3.05089872598648,-5.646251201629639,-5.045759365293715
2320,pp,0.05,0.0,16,2.2511676526069637,-6.291300309788097,-5.428995317882961
2321,do,0.05,0.0,70,2.559034307003021,-6.103839359861432,-5.542443492677477
2322,pp,0.05,0.0,70,0.560519876480102,-8.505967313593084,-7.28322090042962
2323,do,0.05,0.0,11,1.9564861762523647,-4.503373238534638,-4.123576360278659
2324,pp,0.05,0.0,33,2.64841267824173,-5.5902285807060474,-4.572883772850036
2325,do,0.05,0.0,66,1.313011751174927,-7.379540665944417,-6.662809398439196
2326,pp,0.05,0.0,35,1.6402022016048434,-5.841535549452811,-5.031172964307997
2327,do,0.05,0.0,16,0.6154848289489747,-5.59715337897792,-5.3116870456271705
2328,pp,0.05,0.0,24,1.7947431552410125,-5.611546379147154,-4.938145801756117
2329,do,0.05,0.0,31,3.9405939221382145,-5.848328765233358,-5.490217116143969
2330,pp,0.05,0.0,44,1.8361983358860012,-6.424288242513483,-5.246728181838989
2331,do,0.05,0.0,70,1.1842471957206726,-7.189734074563691,-6.5245101186964245
2332,pp,0.05,0.0,18,1.5205362844467167,-4.545757381843798,-4.284926915168763
2333,do,0.05,0.0,42,2.6009008836746217,-5.863546315106478,-6.320089030265808
2334,pp,0.05,0.0,13,0.7964081072807305,-5.075533670367617,-4.444693009058635
2335,do,0.05,0.0,15,1.1891925346851346,-5.714570201526989,-5.300126642651028
2336,pp,0.05,0.0,14,2.169140667915345,-5.280593555623835,-4.5930922720167375
2337,do,0.05,0.0,70,2.7826392757892613,-6.571515732100516,-6.5844700813293455
2338,pp,0.05,0.0,70,2.3863643169403073,-5.098742087682088,-4.519271217452156
2339,do,0.05,0.0,25,1.3838098990917205,-6.200446761738171,-5.842406622568766
2340,pp,0.05,0.0,12,1.0661301696300507,-4.842517351381707,-4.285365165604485
2341,do,0.05,0.0,47,3.2949071860313417,-6.0755820780089405,-5.185887424151103
2342,pp,0.05,0.0,23,3.0271021413803094,-4.32966285907861,-3.8796097569995456
2343,do,0.05,0.0,27,0.7288721632957458,-6.6414854714364715,-5.9432165702184045
2344,pp,0.05,0.0,50,3.254728456735611,-5.943919623981823,-5.411891219351027
2345,do,0.05,0.0,11,0.5109295177459723,-5.52552045619849,-4.9715491824679905
2346,pp,0.05,0.0,7,0.8638446509838102,-4.766509714993563,-4.0934180286195545
2347,do,0.05,0.0,48,1.10746421456337,-7.457554375041615,-7.059506442811754
2348,pp,0.05,0.0,21,2.7581835579872136,-4.971275549223929,-4.0685407612058855
2349,do,0.05,0.0,46,-0.3082184886932371,-8.414258946794453,-8.1535284837087
2350,pp,0.05,0.0,18,1.1211400127410887,-5.936489608071067,-4.908231107393901
2351,do,0.05,0.0,3,-0.5815454792976382,-6.0161917050679525,-5.228400071461995
2352,pp,0.05,0.0,45,2.496854184865952,-4.885969267469464,-4.31615514755249
2353,do,0.05,0.0,61,1.5256493723392488,-7.554088598309141,-7.29012401898702
2354,pp,0.05,0.0,11,0.933158855438232,-4.278996408346927,-3.902782996495565
2355,do,0.05,0.0,70,0.9668799281120304,-8.66141543677359,-7.963372302055359
2356,pp,0.05,0.0,12,2.3869452965259557,-5.774407074668191,-4.526183456844754
2357,do,0.05,0.0,15,2.0029282629489895,-4.964649232228597,-4.38498391840193
2358,pp,0.05,0.0,41,4.620951160192489,-5.885202004692771,-4.687380072805617
2359,do,0.05,0.0,70,0.6233862113952631,-7.088424143646702,-6.93982179959615
2360,pp,0.05,0.0,25,1.4481410503387444,-4.853265292716749,-4.390703617201911
2361,do,0.05,0.0,17,-0.08138875842094428,-6.341864780946211,-5.589000360171
2362,pp,0.05,0.0,57,1.7227004086971274,-7.521957461039225,-6.75645604133606
2363,do,0.05,0.0,5,-0.3745483052730556,-5.796888208389282,-5.1877256260977855
2364,pp,0.05,0.0,31,1.4107467484474183,-6.589802127895934,-5.710355154673258
2365,do,0.05,0.0,10,1.9544560039043422,-4.836685109860969,-4.076157038741641
2366,pp,0.05,0.0,16,2.4145451962947844,-4.733278039007476,-4.056477046012878
2367,do,0.05,0.0,14,-0.7101511967182166,-7.846638786431515,-6.4562326696183945
2368,pp,0.05,0.0,21,0.1912744665145878,-7.226419539885088,-5.970330487357246
2369,do,0.05,0.0,36,1.1648220026493075,-7.223922144282948,-6.144843999544779
2370,pp,0.05,0.0,30,3.1103747713565824,-5.910158212257154,-4.943781948089599
2371,do,0.05,0.0,41,0.8809963822364804,-9.14722996191545,-8.150343995624118
2372,pp,0.05,0.0,40,3.3383391547203063,-6.264739772045251,-5.660336433516608
2373,do,0.05,0.0,50,0.9945693135261537,-6.923468378818396,-6.219749943415324
2374,pp,0.05,0.0,64,1.2209865057468416,-8.268138891277891,-6.8748358832465275
2375,do,0.05,0.0,70,1.76426214814186,-7.311452647411462,-6.054950258466932
2376,pp,0.05,0.0,59,2.2877522730827335,-6.166301701285622,-5.283788964483473
2377,do,0.05,0.0,37,1.5349101483821865,-6.180638375426784,-5.40454687277476
2378,pp,0.05,0.0,60,1.3443007540702823,-7.41605509411205,-6.147463872697618
2379,do,0.05,0.0,65,1.7205983912944793,-6.548846282381,-5.973017809126112
2380,pp,0.05,0.0,24,2.4553917169570916,-4.476075157974705,-4.070258275667826
2381,do,0.05,0.0,50,2.8617434513568885,-6.433729985266021,-5.859563260608249
2382,pp,0.05,0.0,13,1.555874619483948,-5.232926295020364,-4.3073678705427385
2383,do,0.05,0.0,7,-0.5280651724338536,-6.1415949633627225,-5.566119045681424
2384,pp,0.05,0.0,13,0.6001131379604336,-6.060920745676214,-5.146383772956001
2385,do,0.05,0.0,52,1.9476054489612578,-6.500911251703898,-5.599639468722874
2386,pp,0.05,0.0,19,2.4631283986568455,-5.210873387076638,-4.34680499235789
2387,do,0.05,0.0,70,-0.4402426314353942,-8.59248349160859,-8.369114224116007
2388,pp,0.05,0.0,20,0.459848599433899,-6.350115170623317,-5.732291105058458
2389,do,0.05,0.0,31,0.8669949758052828,-6.946921914996523,-6.11969805293613
2390,pp,0.05,0.0,29,2.1485311591625207,-5.757014406088627,-4.8815455463197495
2391,do,0.05,0.0,51,3.0938528454303738,-6.7671679886904625,-5.774263392554389
2392,pp,0.05,0.0,32,2.1428123235702508,-6.12158520004966,-5.566432902548049
2393,do,0.05,0.0,24,0.1227336490154265,-7.567578266606186,-6.64176525010003
2394,pp,0.05,0.0,19,1.891732292175294,-6.056586197650794,-5.398834368917677
2395,do,0.05,0.0,47,2.920312992334366,-5.9972890001354795,-5.313274240493774
2396,pp,0.05,0.0,28,3.87409154176712,-5.50639515356584,-4.881277020772298
2397,do,0.05,0.0,45,0.6667332816123954,-7.317228376504147,-6.83915212949117
2398,pp,0.05,0.0,19,2.3963801026344305,-5.43710792425907,-4.994526068369548
2399,do,0.05,0.0,46,1.4018911552429199,-7.961881258993438,-6.775332450866699
2400,pp,0.05,0.0,20,3.0393580067157737,-5.738461536349672,-5.236294343736437
2401,do,0.05,0.0,70,1.0741633641719819,-7.785332522247777,-7.439574893315633
2402,pp,0.05,0.0,24,1.1091933202743522,-6.1380352424852775,-5.448397747675577
2403,do,0.05,0.0,25,0.6373010039329525,-6.659126580845226,-6.020153721173604
2404,pp,0.05,0.0,15,1.0717230153083799,-5.115570958455404,-4.705523477660285
2405,do,0.05,0.0,43,1.5224298572540276,-6.228919088479245,-5.501805196868049
2406,pp,0.05,0.0,38,2.1708404922485354,-5.601617852124301,-4.559387183189392
2407,do,0.05,0.0,27,-0.078227797746659,-7.054842133955522,-7.428041256798638
2408,pp,0.05,0.0,14,0.7832452178001397,-5.214076355731849,-4.753548298941718
2409,do,0.05,0.0,21,-0.1237044167518615,-6.494546030506943,-5.729376226001316
2410,pp,0.05,0.0,36,1.0160004520416264,-6.7605571891322285,-5.949551256497701
2411,do,0.05,0.0,29,0.6620564877986919,-6.669258773688114,-6.32308734258016
2412,pp,0.05,0.0,14,0.8008131766319275,-5.343756889574456,-4.750466667281257
2413,do,0.05,0.0,31,1.2240560352802285,-7.440514867955988,-6.5181920528411865
2414,pp,0.05,0.0,32,1.4606202352046962,-6.295173468734279,-5.348324913448757
2415,do,0.05,0.0,22,0.4337502312660222,-6.454729054190896,-6.09636308617062
2416,pp,0.05,0.0,16,1.696197627782821,-5.875680820869677,-5.073149212201437
2417,do,0.05,0.0,5,-0.012089154720306361,-5.287995191053911,-4.477697698275248
2418,pp,0.05,0.0,53,1.4982452118396754,-6.821484324426362,-5.897798668013679
2419,do,0.05,0.0,63,1.103343752622604,-7.716587763121634,-6.393373923831516
2420,pp,0.05,0.0,58,3.407957954406738,-8.915936865951076,-8.147471729914347
2421,do,0.05,0.0,29,1.6320461940765387,-6.724068456707578,-6.052113344934251
2422,pp,0.05,0.0,26,1.5707188773155218,-6.842316845691565,-5.494198595152961
2423,do,0.05,0.0,70,-0.019167311191559122,-8.157323389342338,-6.785114402241177
2424,pp,0.05,0.0,29,0.3762181937694553,-6.740554390531598,-5.78609377808041
2425,do,0.05,0.0,14,1.3419780278205868,-4.887579413616296,-4.428503285513984
2426,pp,0.05,0.0,33,1.9928257846832267,-7.387441749283762,-6.026420426368714
2427,do,0.05,0.0,36,3.3632678043842317,-4.569171398336237,-4.260822717348734
2428,pp,0.05,0.0,23,2.2060290241241454,-4.911562975970182,-4.42410233285692
2429,do,0.05,0.0,13,1.7111141097545621,-5.008959021712794,-4.731675407621595
2430,pp,0.05,0.0,15,2.5811673736572267,-4.718361766410596,-4.135179691844517
2431,do,0.05,0.0,26,2.8194004619121547,-5.6472772352623215,-4.996635316477882
2432,pp,0.05,0.0,63,4.396992509365082,-6.8671368714534875,-5.640448504024082
2433,do,0.05,0.0,16,2.4554826903343203,-5.416440963745117,-4.801862049102783
2434,pp,0.05,0.0,21,3.2430552768707273,-7.127421857371475,-5.237752246856689
2435,do,0.05,0.0,19,0.6840987169742583,-6.677937852975094,-5.6610854890611435
2436,pp,0.05,0.0,29,1.8217440903186803,-5.684439807949644,-4.8304709593455
2437,do,0.05,0.0,22,0.8091720449924464,-6.666816777893991,-6.150193195872837
2438,pp,0.05,0.0,9,0.24477765083312963,-5.201137729124589,-4.566414038340251
2439,do,0.05,0.0,20,1.7920603609085086,-4.512692228953044,-4.186011865403917
2440,pp,0.05,0.0,70,0.8410000383853911,-6.944603693124019,-6.192836880683899
2441,do,0.05,0.0,70,0.1175404775142681,-8.248364267927228,-7.063198847240872
2442,pp,0.05,0.0,25,1.1384485316276542,-7.76755576133728,-6.643997327486674
2443,do,0.05,0.0,51,0.2831017446517947,-7.755713176727295,-7.065079307556152
2444,pp,0.05,0.0,50,0.9268791544437409,-7.320783323230166,-6.411731486850314
2445,do,0.05,0.0,10,1.7611629092693333,-5.057740231716272,-4.353650524881151
2446,pp,0.05,0.0,28,2.7549880242347706,-5.851214122772217,-4.926847524113125
2447,do,0.05,0.0,39,2.239967846870422,-7.274507584716335,-6.217093676990933
2448,pp,0.05,0.0,48,1.4711008441448215,-7.728870414965081,-6.5294990804460316
2449,do,0.05,0.0,60,0.9293163883686066,-6.519038340539643,-5.881195773018731
2450,pp,0.05,0.0,24,2.298773587942123,-5.302337111848773,-4.857160067558288
2451,do,0.05,0.0,53,1.2352960765361782,-6.581647579597704,-5.666247049967448
2452,pp,0.05,0.0,37,1.4829479789733897,-7.045448517076897,-5.946651124954224
2453,do,0.05,0.0,44,0.10375702142715504,-7.677046849510886,-6.844974517822266
2454,pp,0.05,0.0,70,1.799794834852218,-6.409342421907367,-5.5859456247753565
2455,do,0.05,0.0,68,1.5457617866992948,-6.094838032577977,-5.8172272682189945
2456,pp,0.05,0.0,36,2.966588417291641,-5.7911749175100615,-4.700264785024855
2457,do,0.05,0.0,31,1.2500448131561281,-8.17745071179939,-7.557123115327623
2458,pp,0.05,0.0,20,2.5316773521900178,-6.304322916088682,-5.26036786503262
2459,do,0.05,0.0,12,1.5614249563217157,-6.443401767268325,-5.636859999762641
2460,pp,0.05,0.0,10,0.9811849510669708,-5.7065561467951,-4.146382967631022
2461,do,0.05,0.0,59,-0.0264729332923892,-8.233269640893647,-7.778263001971775
2462,pp,0.05,0.0,35,0.6126566720008846,-7.081931475437049,-6.259926655557421
2463,do,0.05,0.0,44,2.7547502362728125,-5.538310637618556,-4.826588609483507
2464,pp,0.05,0.0,26,2.5575966334342963,-5.545285512461807,-4.624852259953816
2465,do,0.05,0.0,30,0.2661730396747588,-6.533676906065508,-5.491205218103197
2466,pp,0.05,0.0,6,-0.34774068593978846,-4.631848336711075,-4.121288111474779
2467,do,0.05,0.0,6,-0.030888346433639136,-5.35204899816802,-4.667430710792542
2468,pp,0.05,0.0,35,1.8561514461040494,-5.195800654093424,-4.47188850376341
2469,do,0.05,0.0,10,-0.25303316593170244,-5.90705317439455,-5.1571952184041345
2470,pp,0.05,0.0,70,1.5623323988914493,-7.203507088169907,-6.031890315479703
2471,do,0.05,0.0,18,1.4640815317630764,-6.855297514886567,-5.428412712944878
2472,pp,0.05,0.0,21,1.7623734390735626,-4.593142993522413,-3.805780882305569
2473,do,0.05,0.0,30,0.4376799821853643,-6.888381773052793,-6.223981224166023
2474,pp,0.05,0.0,70,2.095795814990998,-7.90877187757781,-6.628172373771667
2475,do,0.05,0.0,65,-0.7369399130344387,-9.044893756057277,-8.104548650317723
2476,pp,0.05,0.0,28,0.7202209925651539,-6.533672708453554,-5.691090138753255
2477,do,0.05,0.0,70,0.3909730994701395,-8.138515533100476,-7.67924501630995
2478,pp,0.05,0.0,7,0.7181549394130711,-4.670997197700269,-4.019093661838108
2479,do,0.05,0.0,38,0.32107877016067476,-7.78282356262207,-6.88190086417728
2480,pp,0.05,0.0,17,2.6831033968925473,-5.398845461643103,-4.442814389864604
2481,do,0.05,0.0,55,3.137572736740112,-7.040753131924253,-6.0925275776121355
2482,pp,0.05,0.0,11,0.5296396601200097,-4.701597332954407,-4.169670285118951
2483,do,0.05,0.0,24,0.17510374069213874,-7.770978657404582,-6.1362518231074015
2484,pp,0.05,0.0,25,1.5778619205951685,-5.704595245014538,-4.86816123591529
2485,do,0.05,0.0,21,1.1743640363216397,-6.211951034719294,-5.879208299848768
2486,pp,0.05,0.0,18,2.23124069571495,-5.3723122163252395,-4.564752300580342
2487,do,0.05,0.0,26,2.4587712299823767,-5.9030161149574045,-5.073124522633023
2488,pp,0.05,0.0,53,5.235010334253312,-6.890298145467585,-5.701335758633084
2489,do,0.05,0.0,70,0.0720473027229307,-8.410277700424194,-7.687147564358181
2490,pp,0.05,0.0,70,0.4991560244560258,-7.785934835491759,-6.808197641372681
2491,do,0.05,0.0,49,0.06611097455024684,-7.368035348256429,-6.872040600246853
2492,pp,0.05,0.0,34,0.7877137720584866,-6.221452093124389,-5.327467279964023
2493,do,0.05,0.0,38,1.6688451421260826,-9.242815630363696,-7.986974181069268
2494,pp,0.05,0.0,70,1.7002809047698975,-8.09226376360113,-7.046540996763441
2495,do,0.05,0.0,14,0.746580967903137,-5.780057599327781,-5.313094774881999
2496,pp,0.05,0.0,31,1.2028505861759182,-6.234511202031916,-5.351645069652133
2497,do,0.05,0.0,63,2.1588266575336448,-8.231793105963504,-7.127572411961026
2498,pp,0.05,0.0,55,4.809605470895768,-4.800339048559016,-4.015315871768528
2499,do,0.05,0.0,18,1.0050568175315853,-4.706365336793842,-4.287002415127224
2500,pp,0.05,0.0,36,3.0924191427230836,-6.0742213278105766,-5.095893613497416
2501,do,0.05,0.0,70,1.2382140207290648,-6.345927664727876,-5.7420706960890024
2502,pp,0.05,0.0,57,0.9144343233108527,-6.247331382289078,-5.658102364010281
2503,do,0.05,0.0,44,0.3105970191955558,-6.269766231016679,-5.429332407315572
2504,pp,0.05,0.0,70,0.5359129333496098,-8.197896165558786,-6.909048406283061
2505,do,0.05,0.0,38,1.549204186201096,-5.644571009549227,-5.169819429185655
2506,pp,0.05,0.0,18,1.7351954984664912,-5.216785126021414,-4.592593971888224
2507,do,0.05,0.0,14,0.2784224367141723,-5.862177960077921,-5.179076981544495
2508,pp,0.05,0.0,44,0.5140012693405147,-7.120230326508031,-5.825598539246453
2509,do,0.05,0.0,36,2.8216884648799887,-5.258745949196093,-4.288762341605293
2510,pp,0.05,0.0,36,4.219114103317261,-5.286864727193659,-4.5369898796081545
2511,do,0.05,0.0,70,0.9020454847812651,-7.899737366763028,-7.698841020796034
2512,pp,0.05,0.0,30,2.1756437003612517,-6.03515989708178,-5.168748667505052
2513,do,0.05,0.0,21,1.77870145201683,-5.432984987894694,-5.24953277375963
2514,pp,0.05,0.0,37,2.542698122262954,-6.137321210630012,-5.2359330972035725
2515,do,0.05,0.0,26,3.4825400149822237,-5.662191074544733,-5.052565251456366
2516,pp,0.05,0.0,70,3.252030062675477,-7.2524793509281045,-6.23505695660909
2517,do,0.05,0.0,67,2.224253150224686,-5.805078198693016,-5.199067060152689
2518,pp,0.05,0.0,35,3.552817906141282,-5.768785421776049,-5.157178155581156
2519,do,0.05,0.0,35,-0.39234983325004613,-6.565433635133686,-6.417696364720663
2520,pp,0.05,0.0,32,1.1782059693336482,-6.027207464160341,-5.251396565967136
2521,do,0.05,0.0,31,2.2733549737930296,-5.824738365231139,-5.304707785447438
2522,pp,0.05,0.0,24,1.3823335516452788,-5.110310162919941,-4.586463830206129
2523,do,0.05,0.0,70,1.7443192172050477,-6.691564976085316,-6.1335926453272505
2524,pp,0.05,0.0,51,1.616041207313538,-5.674463104479241,-4.929054959615072
2525,do,0.05,0.0,67,1.8009367167949684,-6.494853037053889,-6.123985200458103
2526,pp,0.05,0.0,20,1.32706949710846,-5.956512232982751,-4.967889497015212
2527,do,0.05,0.0,44,3.1449411225318897,-5.556187856558598,-4.867514774534437
2528,pp,0.05,0.0,28,1.754276711940765,-6.868523578932791,-5.712854557567173
2529,do,0.05,0.0,22,2.803177992105484,-4.36264824144768,-3.820646701918708
2530,pp,0.05,0.0,34,2.9429321455955506,-6.2972544482260036,-5.431310799386766
2531,do,0.05,0.0,21,1.42086621761322,-5.338041919650453,-4.4172256178326075
2532,pp,0.05,0.0,31,1.6747769701480868,-6.458177631551569,-5.3828080866071915
2533,do,0.05,0.0,10,-0.07384712815284722,-5.554519754467589,-5.012126941151089
2534,pp,0.05,0.0,30,2.811333994865418,-6.7045620282491045,-5.789043882158068
2535,do,0.05,0.0,29,1.4068729484081262,-5.476124327110521,-4.907482801543342
2536,pp,0.05,0.0,24,0.43440181255340526,-7.587221277121341,-6.718028285768297
2537,do,0.05,0.0,29,2.675748270750046,-5.1938627662080705,-4.927157998085022
2538,pp,0.05,0.0,46,0.5912600994110111,-6.971416165611961,-5.857089900970459
2539,do,0.05,0.0,66,2.0664621436595922,-7.2732126149264245,-6.12163015736474
2540,pp,0.05,0.0,22,1.1468018662929529,-6.126252118023959,-5.0703199519051445
2541,do,0.05,0.0,70,1.9303788924217233,-7.5186680244677,-5.901995472113291
2542,pp,0.05,0.0,21,2.1920317637920377,-5.341248506488222,-4.446096271938748
2543,do,0.05,0.0,42,0.9143975305557257,-6.962640513795795,-6.266211239496867
2544,pp,0.05,0.0,16,0.3437486028671266,-6.3054391181830205,-5.784017838372124
2545,do,0.05,0.0,26,0.6560007786750797,-5.940014541510379,-5.394491773181492
2546,pp,0.05,0.0,59,0.754085392951966,-7.568500264485677,-6.981414286295573
2547,do,0.05,0.0,21,2.8586075234413153,-6.709105689597853,-5.566260761684841
2548,pp,0.05,0.0,17,1.4674473297595982,-5.653829596259377,-5.037154343393114
2549,do,0.05,0.0,58,2.05235015630722,-6.7157025163823905,-6.172297143936158
2550,pp,0.05,0.0,37,1.7483855438232414,-8.227342861348932,-7.320773739284939
2551,do,0.05,0.0,70,2.0257296216487877,-7.094567362467448,-6.439156357447306
2552,pp,0.05,0.0,70,2.153938426971436,-7.45976433320479,-5.888150321112739
2553,do,0.05,0.0,64,3.3411922085285184,-5.71416304472721,-4.869756894641452
2554,pp,0.05,0.0,61,3.2000924873352057,-6.021060261581884,-5.1783679008483885
2555,do,0.05,0.0,69,1.6655740773677818,-6.219064105640758,-5.855516666836209
2556,pp,0.05,0.0,53,2.1426327848434443,-6.604532285170122,-5.687896633148194
2557,do,0.05,0.0,70,0.9294636917114252,-6.053871286276615,-5.236790551079644
2558,pp,0.05,0.0,60,2.4881413185596477,-5.48663150469462,-4.758129072189331
2559,do,0.05,0.0,70,2.648681117296219,-9.730800856965962,-7.956002224816216
2560,pp,0.05,0.0,33,1.395552282333373,-7.404052539305254,-6.4916584650675455
2561,do,0.05,0.0,15,2.3141238796710963,-5.653805211096099,-5.308546569612291
2562,pp,0.05,0.0,25,3.1410196375846873,-5.681946872942375,-4.537698584132724
2563,do,0.05,0.0,64,2.4121479856967927,-5.531012418053367,-5.399657050768535
2564,pp,0.05,0.0,18,1.2600679779052735,-4.572961589061853,-4.141255291302999
2565,do,0.05,0.0,64,2.040312839746475,-6.953177814772634,-6.065912326176961
2566,pp,0.05,0.0,49,1.3650943481922155,-8.195506503365257,-7.073159217834473
2567,do,0.05,0.0,8,0.47646583914756757,-4.994779628695864,-4.5854397588306
2568,pp,0.05,0.0,69,2.203198494911195,-8.441936919183442,-7.335868231455485
2569,do,0.05,0.0,24,2.1521547341346743,-5.077426107002027,-4.6330359962251455
2570,pp,0.05,0.0,60,1.4032495284080513,-7.089508738662257,-6.0734080500072904
2571,do,0.05,0.0,70,3.2644373309612273,-9.077939549359408,-7.342411624060737
2572,pp,0.05,0.0,57,3.9181496059894565,-7.238298312100497,-5.625128626823425
2573,do,0.05,0.0,35,3.344761395454406,-5.258169720389626,-4.757706440819634
2574,pp,0.05,0.0,46,4.467564668655396,-5.811846709973884,-4.720585751533508
2575,do,0.05,0.0,42,2.080145665407181,-6.102861827792544,-6.149907363785638
2576,pp,0.05,0.0,23,1.3090703845024105,-6.029028895407012,-5.432329342100355
2577,do,0.05,0.0,52,3.5361393153667455,-6.994748871254198,-6.75098307132721
2578,pp,0.05,0.0,70,3.3107565963268284,-7.213466850916545,-6.067156238026089
2579,do,0.05,0.0,22,0.7732414555549623,-5.514924292130904,-5.303691077232361
2580,pp,0.05,0.0,46,1.7912216389179232,-7.098036773277052,-6.027544066641066
2581,do,0.05,0.0,70,0.10457627534866276,-9.31800018079353,-8.285670471191406
2582,pp,0.05,0.0,60,0.4200311112403874,-7.422705182162198,-6.414547186427646
2583,do,0.05,0.0,70,0.01595189094543592,-8.877378346703269,-7.838776556650798
2584,pp,0.05,0.0,11,0.8483513545989991,-4.3287745519117875,-3.848334198527866
2585,do,0.05,0.0,46,0.558236176967621,-7.670835075956402,-6.881616168551975
2586,pp,0.05,0.0,53,0.4032727420330051,-7.190106021996701,-6.060939478874206
2587,do,0.05,0.0,6,1.1610907375812536,-5.419765891450824,-4.796366061104669
2588,pp,0.05,0.0,40,1.6000917541980737,-6.983305175376661,-5.880642777019077
2589,do,0.05,0.0,70,3.2912738251686102,-6.617025483738292,-6.126230014695062
2590,pp,0.05,0.0,23,2.580899684429169,-5.1458090276429145,-4.3422158850563894
2591,do,0.05,0.0,22,1.2409890711307527,-5.072472296339093,-4.770192662874858
2592,pp,0.05,0.0,16,0.12479650616645799,-5.812549497141982,-4.986212793986002
2593,do,0.05,0.0,19,2.0465136396884924,-6.300314224127567,-5.471094944741991
2594,pp,0.05,0.0,53,3.0385714328289026,-5.491646086085926,-4.72648405763838
2595,do,0.05,0.0,65,1.9419960057735448,-7.646475173487808,-6.875389522976345
2596,pp,0.05,0.0,50,1.7850974774360662,-7.904727671363137,-6.575540529357062
2597,do,0.05,0.0,34,1.3294471359252933,-6.3465863285642685,-6.666667694515652
2598,pp,0.05,0.0,38,1.5953094673156736,-6.544692494652488,-5.53851191467709
2599,do,0.05,0.0,28,3.776645163297653,-4.094735730055607,-3.895742742220561
2600,pp,0.05,0.0,36,3.719486483335496,-5.966696068734834,-4.793678164482117
2601,do,0.05,0.0,39,1.0103879797458646,-7.803805179306955,-7.483566109339396
2602,pp,0.05,0.0,53,1.32479606628418,-6.475306694435351,-5.444396434889899
2603,do,0.05,0.0,70,1.004654927253723,-8.886887147209862,-8.501211010085212
2604,pp,0.05,0.0,20,1.9291765677928927,-5.771677439140551,-4.848564023441739
2605,do,0.05,0.0,58,2.9069618618488304,-7.006344053962014,-6.479992122120327
2606,pp,0.05,0.0,37,3.6728127646446227,-6.081023661295573,-4.821061995294359
2607,do,0.05,0.0,23,0.20658607006073026,-7.22094184702093,-6.595657359229194
2608,pp,0.05,0.0,54,0.8416323125362393,-6.7027978001218855,-5.872960066795349
2609,do,0.05,0.0,36,0.02240455150604248,-7.73017859025435,-7.126807191636828
2610,pp,0.05,0.0,13,-0.07570023179054264,-5.938779031869137,-5.287921081648933
2611,do,0.05,0.0,37,3.2307146811485286,-5.284773219715465,-4.884948656294081
2612,pp,0.05,0.0,39,1.351544805765152,-6.193469733902902,-5.307098809878031
2613,do,0.05,0.0,20,-0.16452432274818385,-6.872227256948298,-6.068965519799127
2614,pp,0.05,0.0,26,0.17268622159957925,-6.1196372046615135,-5.499206264813741
2615,do,0.05,0.0,70,0.6357177162170409,-9.105933593981193,-7.5396569728851315
2616,pp,0.05,0.0,19,1.2841779053211217,-6.0650171698945945,-5.113561415672303
2617,do,0.05,0.0,20,1.1699023866653446,-6.270928991202152,-5.717544545067681
2618,pp,0.05,0.0,38,1.9101490855216978,-6.330536274476485,-5.111084938049316
2619,do,0.05,0.0,27,2.9729308080673214,-6.965454491701993,-6.69416536755032
2620,pp,0.05,0.0,19,1.232087973356247,-5.133182693250252,-3.981660935613844
2621,do,0.05,0.0,70,2.992082593441009,-6.9874417160496565,-6.231897184583876
2622,pp,0.05,0.0,70,1.0262083792686472,-7.057303526907257,-6.145438885688781
2623,do,0.05,0.0,58,0.3466111254692077,-7.692740128257058,-6.82261356777615
2624,pp,0.05,0.0,70,0.5662186074256894,-7.595395088195801,-6.63241888417138
2625,do,0.05,0.0,17,2.294136058092117,-5.395933876615582,-4.936338591575622
2626,pp,0.05,0.0,17,2.767083076238631,-5.709627636996182,-4.674296686384413
2627,do,0.05,0.0,70,2.669083992242813,-7.305232803749315,-6.177417879634433
2628,pp,0.05,0.0,15,1.6828429079055782,-4.692534362908566,-4.004088222980499
2629,do,0.05,0.0,51,-0.14402245402336167,-7.437664557948257,-7.78650918536716
2630,pp,0.05,0.0,63,0.4438487768173225,-6.533917318690907,-5.923805202378167
2631,do,0.05,0.0,32,1.420935642719269,-6.364556550979614,-6.019556710455153
2632,pp,0.05,0.0,55,1.4354283404350285,-6.6364206631978355,-6.04015789296892
2633,do,0.05,0.0,70,2.8599031388759615,-7.457214199412952,-5.712974765565661
2634,pp,0.05,0.0,20,2.12656383395195,-6.430374411380652,-4.38705886469947
2635,do,0.05,0.0,12,1.2642733645439153,-5.662768829230107,-4.885166009267171
2636,pp,0.05,0.0,15,0.9590293765068054,-5.8916344194701225,-4.866604863272773
2637,do,0.05,0.0,19,2.2675116372108457,-5.597476300326261,-4.926327617963155
2638,pp,0.05,0.0,25,2.105396720170975,-5.80467449390527,-4.829448776774936
2639,do,0.05,0.0,7,-0.17853831171989398,-5.715124162038167,-5.190523547596402
2640,pp,0.05,0.0,52,0.37036206841468733,-8.267293573148322,-6.9739278978771635
2641,do,0.05,0.0,32,1.9940754687786102,-6.020219785516912,-4.934686345524258
2642,pp,0.05,0.0,70,3.729800885915756,-6.066429651144779,-5.401644666989644
2643,do,0.05,0.0,44,1.018986128568649,-6.698652416287047,-5.890696790483263
2644,pp,0.05,0.0,33,0.8390638601779941,-7.069704846179847,-6.018519330024719
2645,do,0.05,0.0,36,1.0796455287933355,-6.590120282317653,-6.896601714028252
2646,pp,0.05,0.0,41,2.669041903018952,-7.318385576479363,-5.884336426522997
2647,do,0.05,0.0,46,1.0018638038635252,-7.347246128140074,-6.444165669547187
2648,pp,0.05,0.0,20,2.757915791273118,-4.3556451075004805,-3.933034830623203
2649,do,0.05,0.0,16,2.3109179389476777,-5.740564450350675,-4.821109090911017
2650,pp,0.05,0.0,16,2.4672643697261805,-5.842594572992036,-4.825303120083279
2651,do,0.05,0.0,49,3.1758101081848142,-6.581670238032485,-6.221651842859056
2652,pp,0.05,0.0,17,1.215716116428375,-5.0150888341845885,-4.734543662601047
2653,do,0.05,0.0,67,0.6766567051410677,-6.432533970746127,-5.59425183667077
2654,pp,0.05,0.0,57,1.1543185305595403,-6.727989159208356,-5.924483932389153
2655,do,0.05,0.0,41,2.044332491159439,-7.297141177726514,-7.4292318926917185
2656,pp,0.05,0.0,30,2.558052498102189,-5.364731953360818,-4.6065600487920975
2657,do,0.05,0.0,13,-0.08766547799110391,-6.487546611554695,-5.778989320331149
2658,pp,0.05,0.0,23,0.8545569705963132,-6.645045437957301,-5.643064896265666
2659,do,0.05,0.0,70,0.12820176362991198,-8.07457722750577,-7.323657857047187
2660,pp,0.05,0.0,49,2.4158505535125725,-7.101157120502356,-5.682609017690023
2661,do,0.05,0.0,26,0.8613638782501223,-6.208590884642168,-5.961647539668613
2662,pp,0.05,0.0,19,0.48816161990165696,-5.60741809353684,-4.753329645262824
2663,do,0.05,0.0,70,1.470102043151856,-6.98740154468652,-6.374328478177389
2664,pp,0.05,0.0,44,2.230324139595032,-7.3707550569014115,-6.179815030097961
2665,do,0.05,0.0,70,2.147510191202164,-6.764316762577404,-5.7371931817796495
2666,pp,0.05,0.0,36,1.62767942070961,-6.850500166054928,-6.050187232759264
2667,do,0.05,0.0,70,1.0435693478584298,-7.407437584616921,-6.6857895135879515
2668,pp,0.05,0.0,70,1.8528475821018215,-8.07270642338377,-7.140749703513252
2669,do,0.05,0.0,40,0.2814544773101808,-7.080453653046579,-6.200241430600484
2670,pp,0.05,0.0,26,1.0326364445686345,-5.208249401323723,-4.697211680147383
2671,do,0.05,0.0,57,4.213536895513534,-5.785607262813683,-5.515873177846273
2672,pp,0.05,0.0,43,4.000499933958053,-6.581014494462447,-5.064670883284675
2673,do,0.05,0.0,46,1.500790402889253,-7.820274208531235,-6.92856895658705
2674,pp,0.05,0.0,53,2.3256106877326967,-8.853881737680146,-7.70910005569458
2675,do,0.05,0.0,22,3.1367276132106783,-7.07170182574879,-6.139097208446927
2676,pp,0.05,0.0,46,2.457230893373488,-7.658110900358721,-6.580936074256897
2677,do,0.05,0.0,70,4.059022954702377,-6.179567485867125,-5.831798791885376
2678,pp,0.05,0.0,30,2.393343352079392,-6.0930022326382725,-5.374871638086107
2679,do,0.05,0.0,25,-0.586514469385147,-7.055097162362301,-5.99669710000356
2680,pp,0.05,0.0,22,1.2136522853374476,-7.161839652783943,-6.12749474313524
2681,do,0.05,0.0,23,1.875972814559936,-5.409540209625707,-4.903390065828959
2682,pp,0.05,0.0,25,1.9507963466644282,-5.339396002798369,-4.615410553084479
2683,do,0.05,0.0,61,1.089329496622085,-6.830789719205914,-6.478634892569648
2684,pp,0.05,0.0,28,0.9858006370067596,-6.540048003919197,-5.921255297131008
2685,do,0.05,0.0,63,1.5887116646766657,-8.737293457262444,-7.780921045939127
2686,pp,0.05,0.0,47,2.523884406089783,-8.077827933340362,-6.679703985320197
2687,do,0.05,0.0,15,1.3109063220024106,-4.699267024704905,-4.02513401110967
2688,pp,0.05,0.0,70,2.274305441379547,-7.800698686368538,-6.352430309189691
2689,do,0.05,0.0,26,2.7526168310642243,-6.000978887442386,-5.776950460010105
2690,pp,0.05,0.0,25,2.9840027534961706,-4.980615198250973,-4.253529029422336
2691,do,0.05,0.0,36,2.634892971515656,-5.934700166817867,-5.836657105551826
2692,pp,0.05,0.0,30,1.7636068987846372,-6.48067425959038,-5.560458623038398
2693,do,0.05,0.0,68,2.588573300838469,-7.819969808694088,-8.229037936528524
2694,pp,0.05,0.0,47,0.8779337465763088,-6.347862911224365,-5.435490120781792
2695,do,0.05,0.0,19,3.4844465756416323,-4.925471983533917,-4.467394627465142
2696,pp,0.05,0.0,20,1.9008745610713955,-5.937838840484619,-4.95350133313073
2697,do,0.05,0.0,42,1.0142739450931542,-6.4211806282852635,-5.531972291734483
2698,pp,0.05,0.0,46,2.057466968297959,-6.1615218596024945,-5.38994345135159
2699,do,0.05,0.0,38,-0.22824452400207385,-8.14990061268662,-8.144809855355156
2700,pp,0.05,0.0,12,0.2813000774383543,-5.726097429159916,-5.124790838029649
2701,do,0.05,0.0,19,0.43573693037033134,-5.497736007517035,-4.484561514854431
2702,pp,0.05,0.0,63,2.407808774709701,-6.697921193729748,-5.805491471290589
2703,do,0.05,0.0,70,2.3069479393959043,-7.354961281111746,-6.418495641814338
2704,pp,0.05,0.0,61,0.75724779009819,-6.994570175806682,-5.792923948499891
2705,do,0.05,0.0,21,1.7249337506294244,-5.3625822399601795,-4.843946615854899
2706,pp,0.05,0.0,34,3.5900323259830476,-6.608845761328032,-5.88655055363973
2707,do,0.05,0.0,70,0.5602649176120753,-7.671385874892726,-7.325881708992852
2708,pp,0.05,0.0,28,0.6362131071090698,-7.62451934669957,-6.243822415669759
2709,do,0.05,0.0,5,-0.1989462399482731,-5.058792979789502,-4.418565927611457
2710,pp,0.05,0.0,30,4.211697124242782,-6.382009942603834,-5.524812446700202
2711,do,0.05,0.0,8,0.31754107594490044,-4.934219805399577,-4.307390446133084
2712,pp,0.05,0.0,18,2.424124653339386,-5.190041920633027,-4.396945099035899
2713,do,0.05,0.0,70,1.397089400291443,-7.538720206058387,-7.155729532241821
2714,pp,0.05,0.0,40,3.0850983667373653,-6.270093992984656,-5.348471779293484
2715,do,0.05,0.0,64,2.0257387495040895,-7.567236306450583,-6.737914201948378
2716,pp,0.05,0.0,63,3.7185013532638544,-6.697044596527562,-5.6276583857006495
2717,do,0.05,0.0,70,0.4301871490478515,-8.04426784804373,-7.159172280629476
2718,pp,0.05,0.0,32,1.0116044902801526,-7.543694106015292,-6.567288854387072
2719,do,0.05,0.0,70,0.750488002300262,-9.891547201619003,-10.089145872328016
2720,pp,0.05,0.0,70,2.6753276276588442,-7.683732895417647,-6.819068506028917
2721,do,0.05,0.0,70,1.371365003585816,-7.531127471634836,-6.72083297835456
2722,pp,0.05,0.0,46,1.8057040107250204,-7.225264904715798,-6.407154422336155
2723,do,0.05,0.0,10,0.019128459692001165,-5.667787733944979,-4.8550165096918745
2724,pp,0.05,0.0,12,0.7841142392158504,-5.7146958018794205,-4.856841911209954
2725,do,0.05,0.0,20,1.3059198558330536,-5.901091428236528,-5.042638026343452
2726,pp,0.05,0.0,33,1.8279732823371893,-5.044085181843151,-4.428225604693095
2727,do,0.05,0.0,24,0.9195574820041656,-8.868639106461496,-7.6606227027045355
2728,pp,0.05,0.0,70,1.4224961805343632,-8.18465429652821,-7.045314982202318
2729,do,0.05,0.0,41,3.6761883449554444,-5.9219031781861275,-5.388480819596184
2730,pp,0.05,0.0,42,3.907603913545608,-5.4273616516228875,-4.868819830152724
2731,do,0.05,0.0,9,1.0980355799198156,-5.30581905336091,-4.9212782144546505
2732,pp,0.05,0.0,43,2.918929260969162,-5.231085814851703,-4.434319459067451
2733,do,0.05,0.0,27,2.148173075914383,-4.149152458075321,-3.751106201277839
2734,pp,0.05,0.0,34,2.878765059709549,-5.191745065920281,-4.480307635996077
2735,do,0.05,0.0,11,1.7863257551193232,-4.737409337361654,-4.042141069306267
2736,pp,0.05,0.0,12,1.5374459445476534,-5.093555516907663,-4.353562572267321
2737,do,0.05,0.0,37,3.8165355062484743,-6.886696088675297,-6.561692227257622
2738,pp,0.05,0.0,18,2.234575575590134,-4.7279978044105295,-3.8311367710431417
2739,do,0.05,0.0,12,0.14030196666717565,-6.138929066513524,-5.189494289292229
2740,pp,0.05,0.0,44,0.8771103644371037,-6.679455559181444,-5.8810093137953015
2741,do,0.05,0.0,10,0.20231401443481456,-5.221745930296002,-4.702308917045594
2742,pp,0.05,0.0,8,0.7311762928962713,-4.698476385347771,-4.199617090490129
2743,do,0.05,0.0,62,2.3600005197525036,-5.867710747863307,-6.99215891096327
2744,pp,0.05,0.0,60,1.9091385221481323,-6.897198389515732,-5.999791161219279
2745,do,0.05,0.0,36,1.8112866401672374,-6.071305003310695,-5.266143653127882
2746,pp,0.05,0.0,43,3.872926549911499,-5.8539968418352535,-5.11449953450097
2747,do,0.05,0.0,4,-0.12340497732162437,-5.579186160636671,-4.910709659258525
2748,pp,0.05,0.0,70,2.866014546155929,-6.94369727048007,-5.961662226253086
2749,do,0.05,0.0,17,1.4954313004016875,-5.255410007996993,-5.818753629260593
2750,pp,0.05,0.0,15,1.3916823995113372,-4.96821671110211,-4.497017211384243
2751,do,0.05,0.0,35,1.2894648528099069,-7.660247379360777,-7.153357895215352
2752,pp,0.05,0.0,14,0.6105901408195491,-5.051269102096557,-4.466502687666151
2753,do,0.05,0.0,70,2.530085839033128,-5.610821432055849,-5.328628937403361
2754,pp,0.05,0.0,23,1.8740374076366422,-4.875339171380707,-4.16186342769199
2755,do,0.05,0.0,14,1.6943428432941436,-5.674651057792432,-4.999171392122904
2756,pp,0.05,0.0,70,3.2896798980236053,-8.148171343947903,-6.183087931738959
2757,do,0.05,0.0,15,0.2747767138481141,-5.272041790413134,-4.683540063434177
2758,pp,0.05,0.0,8,0.42822976827621506,-4.781645014791778,-4.108437576558855
2759,do,0.05,0.0,66,3.3244528090953835,-7.430949159102006,-8.546725045310126
2760,pp,0.05,0.0,70,4.7763440966606145,-5.107338252212062,-4.173843485779233
2761,do,0.05,0.0,23,1.9894266831874852,-4.822712762428052,-3.972258796956804
2762,pp,0.05,0.0,14,2.311430794000626,-4.625775289535523,-3.826610615518358
2763,do,0.05,0.0,70,5.394616849422454,-6.533919526591445,-6.428176074557834
2764,pp,0.05,0.0,21,3.200983958244324,-5.861757935899677,-4.750824099116855
2765,do,0.05,0.0,14,0.6043540310859683,-4.932728669137665,-4.55678850279914
2766,pp,0.05,0.0,14,1.1399138200283057,-5.869159276557691,-4.7617331716749405
2767,do,0.05,0.0,22,1.0198793029785156,-6.066516412388195,-5.2279886113272775
2768,pp,0.05,0.0,26,1.7403809702396398,-6.303658676147461,-5.50192994011773
2769,do,0.05,0.0,7,0.0030459821224209094,-6.141247677080559,-5.407361822658115
2770,pp,0.05,0.0,6,1.063674286603928,-5.592913842923713,-4.618572897381252
2771,do,0.05,0.0,31,1.1385671460628508,-7.020517973466353,-6.5469874170091416
2772,pp,0.05,0.0,70,3.3142784011363986,-7.132921321464307,-6.178378354178535
2773,do,0.05,0.0,18,1.2461311435699463,-6.038939725991451,-5.614016143480937
2774,pp,0.05,0.0,25,0.1614336562156682,-6.505092589060466,-5.653380166159736
2775,do,0.05,0.0,33,0.5783746051788334,-6.545205856092048,-5.85785497824351
2776,pp,0.05,0.0,16,1.3440993714332583,-4.40279021841107,-3.99163429207272
2777,do,0.05,0.0,37,3.139559451341629,-5.674174486507069,-4.920201158523559
2778,pp,0.05,0.0,69,4.069001998901366,-6.920756298122984,-5.721918437216017
2779,do,0.05,0.0,13,0.2677301955223088,-6.3792838660153475,-5.6196656942367555
2780,pp,0.05,0.0,70,1.75777165532112,-7.5317826747894285,-6.48527623017629
2781,do,0.05,0.0,25,1.0722109305858618,-6.713467613855998,-5.769031580289205
2782,pp,0.05,0.0,70,3.425693386793137,-5.982582900018403,-5.08761723836263
2783,do,0.05,0.0,57,2.4691043221950535,-7.097344966368242,-6.296762410799662
2784,pp,0.05,0.0,19,2.3210693204402926,-4.869849548917828,-4.0937135153346595
2785,do,0.05,0.0,14,2.2486368179321286,-5.047870949542884,-5.3647497600979275
2786,pp,0.05,0.0,21,2.7460804843902595,-5.226327562332154,-4.609234862857395
2787,do,0.05,0.0,9,1.6779282307624817,-6.29647982192762,-5.358069316546122
2788,pp,0.05,0.0,17,3.015843325853348,-5.759799942825779,-4.585019029511345
2789,do,0.05,0.0,49,1.817701797485351,-5.754009213592067,-5.452215737766689
2790,pp,0.05,0.0,70,1.5669919764995575,-6.082588715986772,-5.628622987535265
2791,do,0.05,0.0,19,1.9426017284393318,-4.963121132417158,-4.8506647057003445
2792,pp,0.05,0.0,10,1.4901731896400454,-4.483637500531746,-3.9037946873241003
2793,do,0.05,0.0,6,0.3367869925498965,-4.966450488928593,-4.547225247489082
2794,pp,0.05,0.0,26,1.4986259603500365,-5.3525036291642625,-4.652875937355889
2795,do,0.05,0.0,10,-0.042194854021071926,-5.743266335400668,-5.424477667278714
2796,pp,0.05,0.0,24,1.667791541814804,-4.9087221795862375,-4.6471836858325535
2797,do,0.05,0.0,34,2.1033975470066073,-6.19733623157848,-6.041393666797214
2798,pp,0.05,0.0,54,1.5690123939514153,-6.438324361858946,-5.738197678989835
2799,do,0.05,0.0,7,-0.17195719122886644,-6.2477404088685,-5.161892422040304
2800,pp,0.05,0.0,11,2.151673296689987,-5.049887294480295,-4.301643096076118
2801,do,0.05,0.0,24,0.9327059257030488,-6.589897368170998,-6.065817875332303
2802,pp,0.05,0.0,70,1.6322330212593084,-7.169230344078757,-6.463818677266439
2803,do,0.05,0.0,16,0.8897687935829168,-5.354903294823386,-5.174018488989936
2804,pp,0.05,0.0,26,1.06689596414566,-6.33969191348914,-5.5023293362723456
2805,do,0.05,0.0,20,1.1962191581726076,-5.250080575365009,-4.842620544963413
2806,pp,0.05,0.0,11,0.8155836069583895,-4.638625572666977,-4.221335448159111
2807,do,0.05,0.0,19,3.0052215373516082,-5.455619874145046,-5.2082640091578165
2808,pp,0.05,0.0,70,2.8406808745861065,-6.3971582311572455,-5.498893111281925
2809,do,0.05,0.0,30,2.083956381082535,-5.297536860090314,-4.898252720303006
2810,pp,0.05,0.0,31,2.2174223554134374,-5.682887939973311,-5.224061589770847
2811,do,0.05,0.0,33,1.1303238129615787,-6.915173813790986,-5.94985995027754
2812,pp,0.05,0.0,46,1.4878358316421494,-7.095321861902873,-6.139694396654765
2813,do,0.05,0.0,70,1.8289184892177586,-6.561040083567302,-6.102512420548333
2814,pp,0.05,0.0,47,0.5625159454345692,-8.638326277877345,-7.754521046744452
2815,do,0.05,0.0,70,2.1206249225139606,-5.931032465443467,-5.754797008302477
2816,pp,0.05,0.0,40,3.316434309482575,-5.36557035446167,-4.709467405743069
2817,do,0.05,0.0,62,2.081010943651199,-6.095022402387677,-5.4210952546861435
2818,pp,0.05,0.0,34,2.203504747152329,-6.920547090877186,-5.773742418819004
2819,do,0.05,0.0,70,1.7060110032558438,-7.209884785160874,-6.369202473428515
2820,pp,0.05,0.0,14,0.8939244437217715,-4.936560070153439,-4.396108622021146
2821,do,0.05,0.0,70,1.1543403208255771,-7.071993930412061,-6.61551952097151
2822,pp,0.05,0.0,30,1.6020935869216917,-7.523623449152166,-6.295425764719645
2823,do,0.05,0.0,45,4.104636600017547,-5.297314841819532,-5.25228337181939
2824,pp,0.05,0.0,70,2.5738949084281924,-7.780596918048281,-6.775918992360433
2825,do,0.05,0.0,11,1.069237796068192,-4.58804345853401,-4.385280021031698
2826,pp,0.05,0.0,58,-0.020183557271957753,-7.585181181358569,-6.781011705928378
2827,do,0.05,0.0,9,-0.06099043846130403,-4.97804124138572,-4.574629420704312
2828,pp,0.05,0.0,65,0.1644659876823411,-8.620777719671077,-7.442424466874864
2829,do,0.05,0.0,13,1.3888995051383972,-5.14886792789806,-4.480693896611531
2830,pp,0.05,0.0,25,2.3683560693264,-5.441871882929947,-4.780584284994338
2831,do,0.05,0.0,15,0.10774779438972448,-6.263658899249452,-5.490792640050253
2832,pp,0.05,0.0,70,3.3935824441909785,-5.853060408794518,-5.107565924856398
2833,do,0.05,0.0,70,1.543953646421432,-6.471936020706639,-5.626912384563022
2834,pp,0.05,0.0,40,1.2877644252777092,-6.529432478818026,-5.86126267115275
2835,do,0.05,0.0,17,0.9300851333141322,-5.647579836122917,-4.914429614279006
2836,pp,0.05,0.0,21,2.469017471075058,-5.367335336858576,-4.809190026919047
2837,do,0.05,0.0,11,1.2373830831050876,-5.568856531200987,-4.870431937111748
2838,pp,0.05,0.0,70,0.6820130991935729,-7.478709212216464,-6.7777534617318045
2839,do,0.05,0.0,23,0.8321178579330448,-5.558071961547389,-4.608749736679925
2840,pp,0.05,0.0,70,1.6289031350612646,-6.825470420086023,-5.846744815508525
2841,do,0.05,0.0,70,2.1391355967521664,-5.409478551691229,-4.690228907267253
2842,pp,0.05,0.0,54,4.585329395532608,-6.599589170109142,-5.813342889149983
2843,do,0.05,0.0,70,0.16269339919090342,-8.13890090566693,-7.827009603712294
2844,pp,0.05,0.0,7,0.3698746490478513,-5.429141228126757,-4.926193157831828
2845,do,0.05,0.0,34,1.395499670505524,-5.470573511990634,-4.81151139471266
2846,pp,0.05,0.0,63,0.527276284694671,-7.084116359190507,-5.670912159813775
2847,do,0.05,0.0,15,2.0930593943595897,-5.7498917377356324,-5.036500843365987
2848,pp,0.05,0.0,22,3.626648470163345,-4.744971467509414,-4.377638538678487
2849,do,0.05,0.0,22,1.1554068255424497,-8.04187584067836,-7.810817713207669
2850,pp,0.05,0.0,10,1.0136448335647579,-5.568854914289532,-5.20943189991845
2851,do,0.05,0.0,30,2.806101471185684,-7.795170801336115,-6.761745717790392
2852,pp,0.05,0.0,18,1.78394569158554,-5.239600300066399,-4.444140677981906
2853,do,0.05,0.0,20,3.3707106971740712,-5.7617230299747355,-5.314697551727295
2854,pp,0.05,0.0,70,2.65453414440155,-6.435274611097394,-5.53995631535848
2855,do,0.05,0.0,24,0.7360275495052333,-6.174467764478742,-5.4661001470353865
2856,pp,0.05,0.0,70,0.7586260116100316,-8.067661799806537,-6.936269002490573
2857,do,0.05,0.0,19,0.425284867286682,-5.640976092309662,-4.852039006021288
2858,pp,0.05,0.0,28,2.296103825569152,-6.421104288101196,-5.411531231138441
2859,do,0.05,0.0,17,0.7595956397056582,-6.535270339792425,-5.684756888283624
2860,pp,0.05,0.0,12,0.06918053507804878,-5.463975821119366,-4.8634809970855715
2861,do,0.05,0.0,13,-0.41427200078964255,-6.030597748900905,-5.268919171227349
2862,pp,0.05,0.0,60,4.101385744810104,-5.9409994125366214,-5.6091766171985205
2863,do,0.05,0.0,24,3.285780321359635,-5.722423657503995,-5.367973571353488
2864,pp,0.05,0.0,28,1.4140105819702145,-7.239328075177742,-5.955161929130554
2865,do,0.05,0.0,21,1.847173124551773,-5.423383847149935,-4.868365242746141
2866,pp,0.05,0.0,31,3.669752783775329,-5.625857710115837,-5.087913155555725
2867,do,0.05,0.0,60,1.5584858560562136,-7.5755480101614285,-6.522788034545051
2868,pp,0.05,0.0,70,2.3428819203376774,-6.934143307714751,-6.192543721199035
2869,do,0.05,0.0,7,0.2122477722167968,-5.208695819161155,-4.671090785662333
2870,pp,0.05,0.0,42,2.379191846847535,-8.271324800722526,-7.457741652594672
2871,do,0.05,0.0,44,-0.17477616548538144,-7.473837156006784,-7.125937467151218
2872,pp,0.05,0.0,50,0.8204645729064932,-8.656589635213216,-7.843229627609253
2873,do,0.05,0.0,15,1.039707337617874,-6.499908994905876,-5.6292925967110525
2874,pp,0.05,0.0,14,0.7247904431819912,-5.860557793125961,-5.017088021172418
2875,do,0.05,0.0,12,1.655894160270691,-5.485710167162346,-4.585931952794393
2876,pp,0.05,0.0,70,1.6441572284698491,-9.413634253993179,-8.300313303205701
2877,do,0.05,0.0,25,1.3910070466995244,-5.354353906169083,-5.102695202827453
2878,pp,0.05,0.0,70,0.9020227372646321,-7.980343087514242,-7.346295118331909
2879,do,0.05,0.0,7,-0.825087674856186,-6.163703919901993,-5.325547568003336
2880,pp,0.05,0.0,8,0.24326966166496256,-5.498805077870687,-4.999402803844876
2881,do,0.05,0.0,8,0.7981536114215855,-5.173979844469013,-4.6018683936860825
2882,pp,0.05,0.0,19,2.5562708783149724,-5.168119353959055,-4.585195967886183
2883,do,0.05,0.0,45,0.15088017821311972,-8.414164787350279,-7.059317511982388
2884,pp,0.05,0.0,26,1.0384200751781467,-5.811424386862552,-4.959548370043437
2885,do,0.05,0.0,18,0.010097872018814513,-7.124673240835016,-6.3535765409469604
2886,pp,0.05,0.0,31,2.1802489185333256,-5.813754883679477,-5.030571481916639
2887,do,0.05,0.0,12,1.281398061513901,-5.33702536351753,-5.000594006644355
2888,pp,0.05,0.0,48,3.602218840718269,-5.062765323754513,-4.19481485552258
2889,do,0.05,0.0,14,1.279720431566239,-5.819235621076642,-5.2764703591664635
2890,pp,0.05,0.0,35,3.8185848224163053,-5.192841772599654,-4.87754770649804
2891,do,0.05,0.0,34,0.3476967656612393,-7.078835295185899,-6.166327836778429
2892,pp,0.05,0.0,41,0.8635482764244076,-6.590899370655869,-5.719608494970534
2893,do,0.05,0.0,26,0.6576036322116856,-8.186041736602784,-7.086075091362
2894,pp,0.05,0.0,42,1.9773977851867688,-8.659025235609574,-7.873374684651693
2895,do,0.05,0.0,10,1.190577342510224,-4.837308427059289,-4.5463838153415255
2896,pp,0.05,0.0,13,1.9389496862888338,-5.363267837871205,-4.58389364083608
2897,do,0.05,0.0,25,0.756597917079926,-6.756928956869877,-5.969087910652161
2898,pp,0.05,0.0,70,0.8099515628814693,-7.259742589430376,-6.307671329710218
2899,do,0.05,0.0,18,2.238069595098496,-5.070030101140341,-5.160807124773661
2900,pp,0.05,0.0,15,1.5411716973781582,-4.996682719028358,-4.756728498140971
2901,do,0.05,0.0,11,-0.22684700608253472,-5.620774222865249,-5.288224069277446
2902,pp,0.05,0.0,70,-0.4842731690406801,-7.488639450073242,-6.6540937423706055
2903,do,0.05,0.0,25,1.0147066617012026,-5.870176193930886,-5.323017395867241
2904,pp,0.05,0.0,36,2.141012525558472,-6.437027283870813,-5.555372256702847
2905,do,0.05,0.0,17,2.2962165343761445,-4.7446141806515785,-4.433603474828932
2906,pp,0.05,0.0,11,1.990780888795853,-5.014392625924312,-4.173889549573262
2907,do,0.05,0.0,31,0.8143882584571838,-6.658558086915449,-6.0004982259538435
2908,pp,0.05,0.0,26,1.9057418787479392,-5.587333141673695,-4.713736833466424
2909,do,0.05,0.0,11,1.556919784545899,-4.96850814963832,-4.5586590051651
2910,pp,0.05,0.0,62,2.6246326303482057,-7.200147508852409,-6.804138326644898
2911,do,0.05,0.0,30,-0.16475672006607045,-7.61653829054399,-6.707145579655966
2912,pp,0.05,0.0,7,-0.28989185452461186,-5.265709203662294,-4.718665075302124
2913,do,0.05,0.0,21,2.326227062940597,-5.689419772408225,-5.658483446968926
2914,pp,0.05,0.0,20,1.6832233273983004,-5.63469227588538,-4.544030793507894
2915,do,0.05,0.0,19,2.3455391228199005,-5.448529229019627,-5.218693916002909
2916,pp,0.05,0.0,12,1.6610888445377343,-4.313517823363796,-3.753276879257626
2917,do,0.05,0.0,59,3.975674225091935,-6.625056370821866,-6.868939889801873
2918,pp,0.05,0.0,48,6.098922510147095,-5.201421937075528,-4.5803614536921184
2919,do,0.05,0.0,23,2.4722284221649167,-5.121903107383035,-4.4538886944452925
2920,pp,0.05,0.0,51,4.875362296104432,-6.248449569759947,-5.834521410200331
2921,do,0.05,0.0,70,1.3738923120498656,-6.461824461908051,-5.716949754291111
2922,pp,0.05,0.0,43,2.4200072121620178,-4.945854993300005,-4.674555439419216
2923,do,0.05,0.0,40,3.96598183631897,-5.862005892666903,-5.744110017352634
2924,pp,0.05,0.0,48,4.253924696445465,-6.204202763239542,-5.0903759969605336
2925,do,0.05,0.0,70,2.2556967794895177,-6.793640505183827,-6.558907495604621
2926,pp,0.05,0.0,18,1.751160591840744,-4.947686732899059,-4.2226534300380285
2927,do,0.05,0.0,29,1.0221560347080239,-6.996475991335783,-6.555419344372219
2928,pp,0.05,0.0,54,3.28511345744133,-6.297002848711881,-4.977139457066854
2929,do,0.05,0.0,47,1.4415273857116695,-11.609910956296053,-10.08646364212036
2930,pp,0.05,0.0,11,1.1977679717540735,-4.708343608451612,-3.898418152332306
2931,do,0.05,0.0,18,1.144401146173477,-5.513018031553789,-5.220283309618632
2932,pp,0.05,0.0,38,2.689580217599868,-5.6107288591789475,-5.120969197485182
2933,do,0.05,0.0,13,0.4134252417087554,-6.4272021654880405,-6.380182358953688
2934,pp,0.05,0.0,12,0.8048577952384948,-6.185998607404304,-5.050203726026747
2935,do,0.05,0.0,12,0.5300914919376378,-5.582161724206173,-5.207284439934624
2936,pp,0.05,0.0,17,1.8853575003147123,-4.841278473536174,-4.331460707717472
2937,do,0.05,0.0,39,2.2450520515441887,-6.760613226168084,-6.098721702893575
2938,pp,0.05,0.0,23,2.8153184390068047,-6.53068790435791,-5.502931385570102
2939,do,0.05,0.0,19,2.515567524433136,-5.494539977564957,-4.907371144824558
2940,pp,0.05,0.0,43,2.082315303087235,-7.337718309055675,-6.636933694945442
2941,do,0.05,0.0,29,2.4173815965652468,-6.321880357915705,-5.797914475864834
2942,pp,0.05,0.0,26,1.6984984707832345,-7.491342861002142,-6.387335276603698
2943,do,0.05,0.0,16,2.0570881152153015,-5.06996734937032,-4.653562185499403
2944,pp,0.05,0.0,14,1.4351137900352473,-4.998332676743016,-4.4140741652912565
2945,do,0.05,0.0,18,2.128008085489274,-6.046237032341234,-5.454093755616082
2946,pp,0.05,0.0,27,2.662859177589416,-7.408808102752223,-6.563263024224176
2947,do,0.05,0.0,18,2.4829939842224125,-4.6090256416436395,-4.859517828623454
2948,pp,0.05,0.0,66,3.2507914435863494,-5.270612241282608,-4.876012600792778
2949,do,0.05,0.0,70,2.239692242145537,-7.188167194886641,-6.957876560423109
2950,pp,0.05,0.0,38,3.254217703342438,-5.204975966251258,-4.567304021782345
2951,do,0.05,0.0,70,2.13425075173378,-6.1819370544318,-6.395027409659492
2952,pp,0.05,0.0,23,3.1134167897701257,-4.631703901290893,-4.045714963807
2953,do,0.05,0.0,17,0.9017173373699192,-6.551444927851359,-6.418427202436659
2954,pp,0.05,0.0,7,0.6865804374217985,-4.378137627514926,-3.9899003823598225
2955,do,0.05,0.0,31,4.3086548829078675,-5.9976976900389705,-5.549917713801066
2956,pp,0.05,0.0,32,2.262945945262908,-6.851392958380959,-5.610066787401835
2957,do,0.05,0.0,67,2.738498636484146,-5.736296503471606,-5.64360888004303
2958,pp,0.05,0.0,37,2.5385780680179604,-6.095537882140189,-5.3510299338234795
2959,do,0.05,0.0,5,-0.08636217236518817,-5.33969598683444,-5.068088634808858
2960,pp,0.05,0.0,14,0.24537551879882802,-6.353384497671416,-5.506190392706129
2961,do,0.05,0.0,14,0.3216392338275904,-6.051280017332597,-5.1283128685421415
2962,pp,0.05,0.0,30,2.2368514716625203,-6.266641113974831,-5.331402211719089
2963,do,0.05,0.0,47,2.603415747880935,-6.850676860231342,-6.084476312001546
2964,pp,0.05,0.0,32,3.6039403557777403,-7.292560016747677,-6.056464838981628
2965,do,0.05,0.0,34,3.685658986568452,-6.384292768709587,-5.974429305394491
2966,pp,0.05,0.0,33,3.8861839258670816,-4.46090620358785,-4.5349206712510854
2967,do,0.05,0.0,29,2.9467070031166083,-6.634254053867225,-5.896642655796475
2968,pp,0.05,0.0,64,3.38284325003624,-6.718555742321592,-5.999665066930983
2969,do,0.05,0.0,28,2.9369708561897268,-5.5286239956364485,-5.274840275446574
2970,pp,0.05,0.0,46,3.1877286398410796,-6.186009766838767,-5.672676070531209
2971,do,0.05,0.0,32,2.5080940806865684,-6.137164903409554,-6.547843429777357
2972,pp,0.05,0.0,18,1.5102939462661737,-4.987229179613518,-4.471290712886386
2973,do,0.05,0.0,16,2.028554978370667,-5.119153719237357,-5.057268513573541
2974,pp,0.05,0.0,70,1.3922634649276748,-8.900317086595477,-7.663923144340515
2975,do,0.05,0.0,24,2.8843887102603913,-5.154687586697665,-4.726888452635871
2976,pp,0.05,0.0,39,2.7258123326301584,-6.190289572513465,-5.262493586540222
2977,do,0.05,0.0,70,2.9436833620071408,-6.57382341153694,-6.9112599690755205
2978,pp,0.05,0.0,32,2.4692079293727875,-6.450623821489739,-5.613438966539171
2979,do,0.05,0.0,9,0.3534747743606568,-4.982437253720833,-4.963825363583035
2980,pp,0.05,0.0,37,0.9479030144214624,-8.083830407171538,-6.986105460590786
2981,do,0.05,0.0,19,2.744443794488907,-5.175214550711892,-5.116571633021037
2982,pp,0.05,0.0,26,1.9295465719699862,-7.156730802131421,-5.987608289718628
2983,do,0.05,0.0,18,1.2977532625198362,-5.581240786928119,-4.968269663386875
2984,pp,0.05,0.0,29,0.9559268403053283,-5.7282080693678425,-5.101267915301853
2985,do,0.05,0.0,33,0.03204250693321242,-7.1670319629438,-6.741419378916422
2986,pp,0.05,0.0,13,1.1813303709030158,-5.832070982094967,-5.0814002540376455
2987,do,0.05,0.0,16,1.9159192132949832,-5.357964923165062,-4.982257178094652
2988,pp,0.05,0.0,18,1.443917924165726,-6.787619037339182,-5.2867739465501575
2989,do,0.05,0.0,11,1.4681951940059657,-5.1151560378797125,-4.515910092989603
2990,pp,0.05,0.0,11,1.2659900176525118,-4.513670302882339,-4.036812212732103
2991,do,0.05,0.0,56,1.6711785638332373,-7.809810465032404,-6.9217781066894535
2992,pp,0.05,0.0,60,1.3470016479492184,-7.081361877557003,-6.2755078819062975
2993,do,0.05,0.0,8,0.366584976911545,-5.51089856263363,-5.173240447044373
2994,pp,0.05,0.0,60,2.193541945219039,-7.846271480213512,-6.981915065977309
2995,do,0.05,0.0,27,3.7129527771472937,-4.818359288302335,-4.892849251959059
2996,pp,0.05,0.0,10,1.8006330084800721,-5.3958436315709895,-4.798880423439874
2997,do,0.05,0.0,35,3.671719100475311,-4.968383293440848,-4.665213661723667
2998,pp,0.05,0.0,28,2.0824008727073657,-6.478335545279763,-6.122399957974752
2999,do,0.05,0.0,10,0.5248469710350037,-5.252794741139267,-4.785449563132392
3000,pp,0.05,0.0,40,1.4971369767189033,-6.356230380318381,-5.739010334014893
3001,do,0.05,0.0,66,1.522489597797394,-6.807224753408721,-6.157919345961677
3002,pp,0.05,0.0,20,1.5988898599147792,-5.548600300875577,-4.77438677681817
3003,do,0.05,0.0,28,2.1347271537780763,-6.590918114691069,-5.8669578340318465
3004,pp,0.05,0.0,68,2.3610505795478822,-6.280820615363844,-5.365877795219421
3005,do,0.05,0.0,6,0.10839363217353792,-5.367609919923725,-4.829899652798971
3006,pp,0.05,0.0,12,0.910144087076187,-5.5159795891154895,-4.960748031404283
3007,do,0.05,0.0,11,0.22334497094154315,-5.358342046448679,-5.086190576023526
3008,pp,0.05,0.0,39,3.3474568450450892,-5.312710935419256,-4.8702296760347155
3009,do,0.05,0.0,37,2.0368543624877926,-7.214414394263065,-6.798228838708666
3010,pp,0.05,0.0,24,2.3984266197681423,-5.758893063574126,-5.4024708324008515
3011,do,0.05,0.0,66,1.2548605072498322,-6.719938809943922,-5.90403053495619
3012,pp,0.05,0.0,43,1.1242336630821237,-6.8213544397643116,-5.82351291179657
3013,do,0.05,0.0,19,2.951936042308808,-4.795796936208552,-4.282987459500631
3014,pp,0.05,0.0,12,2.8467582011222845,-5.805932433677442,-4.7300728003184
3015,do,0.05,0.0,14,0.9046458113193516,-5.670554192860921,-5.1311417765087555
3016,pp,0.05,0.0,28,1.0554141151905059,-6.912567330851699,-5.993373616536458
3017,do,0.05,0.0,6,0.26160523295402527,-4.695871809757117,-4.3398918416765
3018,pp,0.05,0.0,55,1.264433431625366,-6.133360448028102,-5.4457664887110395
3019,do,0.05,0.0,23,0.12315732121467615,-6.443391495039969,-5.905609499083625
3020,pp,0.05,0.0,25,1.281736650466919,-5.713325899297541,-5.235499429702759
3021,do,0.05,0.0,25,1.6825876259803776,-6.793410263639508,-6.104247885280185
3022,pp,0.05,0.0,39,1.2792518866062164,-7.851467714887677,-6.425015314420064
3023,do,0.05,0.0,23,2.237052963972091,-7.296297381140969,-5.965829465124342
3024,pp,0.05,0.0,62,3.3210234308242805,-6.465419773621993,-5.682423053847419
3025,do,0.05,0.0,7,0.10289380311965957,-5.130225643967137,-4.292164895269606
3026,pp,0.05,0.0,45,1.1645483314990992,-6.967723532878991,-5.720911513434516
3027,do,0.05,0.0,26,1.384352802038192,-6.280803119775021,-5.6501506778928965
3028,pp,0.05,0.0,27,1.5235839724540714,-5.542874339132598,-5.022981749640571
3029,do,0.05,0.0,24,0.4276323342323298,-6.873703591028849,-6.129943810568916
3030,pp,0.05,0.0,53,2.196501674652099,-8.45915129256971,-7.184773418638441
3031,do,0.05,0.0,48,1.6116610431671141,-8.016952566667037,-6.863514608807034
3032,pp,0.05,0.0,56,2.0351659560203537,-8.332076734485048,-7.298232920964559
3033,do,0.05,0.0,16,2.180611479282379,-4.978129567521991,-4.471242486106025
3034,pp,0.05,0.0,16,3.3643027389049536,-4.882691753271854,-4.629196757740445
3035,do,0.05,0.0,27,1.0316936790943148,-5.930498406381318,-5.198561350504558
3036,pp,0.05,0.0,40,3.4153567087650307,-5.470851808605772,-5.442937270800273
3037,do,0.05,0.0,47,0.13912240624427952,-7.259055153528849,-5.914669937557644
3038,pp,0.05,0.0,55,1.9880340886116024,-5.732152133999449,-4.973508074548509
3039,do,0.05,0.0,62,2.2091314840316763,-9.07888423023802,-7.991393020417955
3040,pp,0.05,0.0,18,1.469342012405396,-6.17953628915729,-5.271506701575385
3041,do,0.05,0.0,12,1.6328165566921236,-4.3733186577305645,-3.9655064900716144
3042,pp,0.05,0.0,46,4.669336276054382,-5.597131477702748,-4.896161807907952
3043,do,0.05,0.0,11,0.9469836938381198,-4.266826824708418,-3.867042499118381
3044,pp,0.05,0.0,18,1.9743973445892342,-4.4041847648042625,-3.72463338110182
3045,do,0.05,0.0,18,1.3310104727745058,-4.069572686426567,-4.01583216852612
3046,pp,0.05,0.0,21,1.85739004611969,-4.63716919927886,-4.084843324290381
3047,do,0.05,0.0,18,1.6989474821090695,-4.843582231348211,-4.3242411613464355
3048,pp,0.05,0.0,70,3.638026092052459,-4.7764823364489,-4.093245267868042
3049,do,0.05,0.0,26,3.297163809537887,-4.332525261243185,-3.9309778372446695
3050,pp,0.05,0.0,20,2.709606401920319,-5.338843795024988,-4.644555054770576
3051,do,0.05,0.0,23,1.249634071588516,-4.104593905535611,-3.835337629583147
3052,pp,0.05,0.0,26,1.8869728744029999,-4.695534701780839,-4.219514980581072
3053,do,0.05,0.0,70,2.1005231058597555,-6.190945993770253,-5.8354873061180115
3054,pp,0.05,0.0,39,3.4289296305179597,-4.984381778312452,-4.4664725528823
3055,do,0.05,0.0,22,2.5823165786266333,-4.220363619110801,-3.8090105030271744
3056,pp,0.05,0.0,38,3.463932272195815,-6.034798450180978,-4.886412154303657
3057,do,0.05,0.0,30,1.8232982695102695,-5.647607141552549,-5.975254236327277
3058,pp,0.05,0.0,49,2.582080320119857,-7.174331493088693,-5.821484438578287
3059,do,0.05,0.0,20,0.8700750076770785,-4.446706933686228,-4.198075363371108
3060,pp,0.05,0.0,26,1.2614091277122492,-5.3287494616075,-4.578150635295444
3061,do,0.05,0.0,22,2.5949424874782565,-4.565420578465317,-4.146298526393043
3062,pp,0.05,0.0,57,2.8474709236621862,-5.698993571599325,-4.68967133363088
3063,do,0.05,0.0,22,2.673374172449111,-5.405232497417566,-4.933405243025886
3064,pp,0.05,0.0,60,3.037897781133652,-6.931293890692971,-5.889204213354323
3065,do,0.05,0.0,13,1.7496347546577455,-4.7328021107297955,-4.269270208146837
3066,pp,0.05,0.0,47,4.051840646266938,-4.58301577279062,-3.971243233150906
3067,do,0.05,0.0,25,2.4682960617542262,-4.834200887969046,-4.446829594506157
3068,pp,0.05,0.0,54,1.510722537040711,-5.9042241992372455,-4.846941065788269
3069,do,0.05,0.0,53,4.545958549976349,-5.654015610434792,-5.341098870171441
3070,pp,0.05,0.0,19,2.9079294955730433,-4.49451270681439,-3.81495676835378
3071,do,0.05,0.0,61,3.3039654910564416,-5.924619819178726,-5.963463767369588
3072,pp,0.05,0.0,32,3.4221707391738896,-5.009147788539077,-4.442856094572279
3073,do,0.05,0.0,30,2.043275678157806,-5.081161283724236,-4.617742333147261
3074,pp,0.05,0.0,70,2.112314760684966,-7.401557604471843,-6.3225539419386125
3075,do,0.05,0.0,10,0.9108422970771786,-4.480717582413645,-4.010231738620334
3076,pp,0.05,0.0,15,0.7183201563358308,-4.712117317951087,-4.163395799530877
3077,do,0.05,0.0,16,2.8790233266353606,-4.828140033375133,-4.398672768804762
3078,pp,0.05,0.0,23,4.211886942386626,-5.465180282881765,-4.57720914416843
3079,do,0.05,0.0,26,1.5668438529968265,-4.621244577928023,-4.271898639202118
3080,pp,0.05,0.0,16,0.7110982608795169,-4.6950880267403345,-4.128049577607049
3081,do,0.05,0.0,70,1.261419260501862,-4.944918305946119,-4.853709916273753
3082,pp,0.05,0.0,45,2.381591278314591,-6.043564076857133,-5.03731390370263
3083,do,0.05,0.0,12,0.9200846910476681,-4.872642999706846,-4.369260227680206
3084,pp,0.05,0.0,14,2.091098582744599,-4.525713582472368,-3.801663194762336
3085,do,0.05,0.0,22,3.8714435517787926,-5.278752795132724,-5.043556809425354
3086,pp,0.05,0.0,38,5.869562695026398,-5.309924920399983,-4.839182877540589
3087,do,0.05,0.0,61,2.607128393650054,-8.590260079412749,-8.129465410444471
3088,pp,0.05,0.0,23,2.9082193446159357,-4.725304837660356,-3.9603406879636975
3089,do,0.05,0.0,31,3.0516858077049243,-7.111481763377334,-6.498515200614929
3090,pp,0.05,0.0,24,3.2325152742862695,-6.406139792818012,-5.474668055110508
3091,do,0.05,0.0,47,1.3288423824310298,-5.936204855369799,-5.335270879003737
3092,pp,0.05,0.0,60,1.6028829896450052,-7.037853126814871,-6.209294931093852
3093,do,0.05,0.0,70,1.2036069166660308,-6.422430992126465,-6.095045071178013
3094,pp,0.05,0.0,29,2.4325347328186036,-4.746022867433952,-4.0346387333340115
3095,do,0.05,0.0,26,0.8923505377769478,-4.7097035379120795,-4.195169700516595
3096,pp,0.05,0.0,20,0.6175549364089958,-5.419333798957593,-4.584342583020528
3097,do,0.05,0.0,16,1.4124157702922826,-4.120541287190987,-3.872158553865221
3098,pp,0.05,0.0,25,1.8298129868507385,-4.55099563887625,-3.8352790117263793
3099,do,0.05,0.0,33,2.2932738184928896,-4.693739107160857,-4.55400343603558
3100,pp,0.05,0.0,29,2.503805402517319,-5.243474276860555,-4.792903754446241
3101,do,0.05,0.0,35,4.764786651134491,-4.855998828194358,-4.78106189833747
3102,pp,0.05,0.0,28,2.6606575143337254,-4.90865112362486,-4.208479899830288
3103,do,0.05,0.0,13,2.517229388952255,-4.490905543529626,-4.009400012758043
3104,pp,0.05,0.0,10,1.5321449935436249,-5.775048329613425,-4.477692847781711
3105,do,0.05,0.0,25,2.906218707561493,-4.706544718597875,-4.4147009677357145
3106,pp,0.05,0.0,26,2.6569947171211235,-6.108203320069746,-5.281198943985833
3107,do,0.05,0.0,20,0.9342746555805208,-5.72423753304915,-5.056563509835137
3108,pp,0.05,0.0,8,0.416918201446534,-6.068647429437348,-4.909152830971612
3109,do,0.05,0.0,28,2.7610681879520413,-4.130498579776648,-3.9180104427867466
3110,pp,0.05,0.0,16,2.2678072953224184,-4.438717872446234,-4.044346949789259
3111,do,0.05,0.0,55,3.0311149680614466,-6.390332694487138,-5.725210319625007
3112,pp,0.05,0.0,15,2.2384069001674654,-5.63886817296346,-4.673904948764378
3113,do,0.05,0.0,21,2.801581134796143,-4.105097382718866,-3.912850526968638
3114,pp,0.05,0.0,24,2.3402868413925164,-5.59974445140723,-4.837858327229818
3115,do,0.05,0.0,11,0.6195875453948974,-4.167887332222678,-4.055159934361776
3116,pp,0.05,0.0,32,0.6853416550159457,-6.7638853260965055,-5.851642004648844
3117,do,0.05,0.0,34,2.0964976465702057,-5.218764979911573,-5.037304600079854
3118,pp,0.05,0.0,29,1.2221306347846985,-5.572295977852561,-5.151703985532125
3119,do,0.05,0.0,36,3.0043458569049832,-4.753220312523119,-4.577778751320309
3120,pp,0.05,0.0,70,2.4696272408962248,-7.799063269297282,-6.9582271231545345
3121,do,0.05,0.0,30,1.8226852858066556,-5.131429410703254,-4.96313931412167
3122,pp,0.05,0.0,70,2.0433279871940613,-8.082004396843187,-6.764361728562249
3123,do,0.05,0.0,24,1.3640467488765715,-4.3873534043629965,-4.677111693223318
3124,pp,0.05,0.0,25,1.343767287731171,-5.416664666840524,-5.221928890546163
3125,do,0.05,0.0,38,4.131010822057724,-4.660333642092618,-4.69801971912384
3126,pp,0.05,0.0,57,3.584366912841796,-5.550254466316916,-4.894722204738193
3127,do,0.05,0.0,21,1.8333553004264838,-6.046986319802024,-5.522436168458727
3128,pp,0.05,0.0,25,1.6375407707691192,-5.461190827687582,-4.41096387969123
3129,do,0.05,0.0,11,1.1423901379108434,-4.247633636359012,-3.9108138640721637
3130,pp,0.05,0.0,29,1.5310146343708038,-6.271831353505452,-5.100542200936212
3131,do,0.05,0.0,18,1.686842797994614,-4.77448332381971,-4.610254122151269
3132,pp,0.05,0.0,19,2.376629647016525,-5.031158229076501,-4.075572220484416
3133,do,0.05,0.0,17,1.274979767799377,-4.432376587029659,-4.252514066961076
3134,pp,0.05,0.0,31,2.8204406297206885,-5.383647843563195,-4.703994875484042
3135,do,0.05,0.0,18,3.6332617664337166,-5.548120765975027,-5.096773386001587
3136,pp,0.05,0.0,14,2.4688050556182857,-4.8876554330190025,-3.9369644973013136
3137,do,0.05,0.0,70,1.6697044396400447,-7.541064577391653,-7.0238920158810085
3138,pp,0.05,0.0,21,2.2400984692573553,-4.381418505581943,-3.886106222205692
3139,do,0.05,0.0,20,1.939749926328659,-5.181951509822499,-4.2936273892720545
3140,pp,0.05,0.0,29,1.4802370059490206,-6.225021268382217,-4.940544528431363
3141,do,0.05,0.0,48,3.075796443223953,-6.512106194640651,-5.993953066402011
3142,pp,0.05,0.0,21,1.9775535809993734,-5.1598159977884,-4.4352708260218305
3143,do,0.05,0.0,41,1.8402250874042512,-8.311632565296058,-7.366986049546136
3144,pp,0.05,0.0,13,1.481543298959732,-5.018040632479119,-4.221930827034845
3145,do,0.05,0.0,70,1.2342787837982172,-6.907710636023319,-6.0567950248718265
3146,pp,0.05,0.0,67,1.7554302549362184,-7.036357602206143,-6.081094159020318
3147,do,0.05,0.0,70,1.6769653844833385,-7.02276677796335,-6.4851605865690445
3148,pp,0.05,0.0,50,2.1477796506881726,-5.7168993892091695,-5.099659509128994
3149,do,0.05,0.0,21,2.495250791311264,-7.424549003080888,-6.621560242440966
3150,pp,0.05,0.0,70,4.7232284450531,-5.471781534137148,-4.5966028663847185
3151,do,0.05,0.0,11,1.5141391432285314,-4.265195025819721,-3.889223020606571
3152,pp,0.05,0.0,17,2.01069703578949,-4.223495986967376,-3.5800009065204197
3153,do,0.05,0.0,70,2.0559330582618713,-7.224898796370535,-6.830437133047316
3154,pp,0.05,0.0,27,2.349062774181366,-4.802620429703683,-4.24604879617691
3155,do,0.05,0.0,10,1.46008661031723,-4.606806840318622,-4.318493554327223
3156,pp,0.05,0.0,19,2.4445987999439236,-5.128602646336411,-4.345321687062581
3157,do,0.05,0.0,70,1.6205285727977756,-8.786208586259322,-8.075817094908821
3158,pp,0.05,0.0,25,2.0665905845165247,-4.316292940486561,-3.8639757871627807
3159,do,0.05,0.0,27,2.370635164976119,-6.61332026683923,-6.204131637679206
3160,pp,0.05,0.0,23,3.8275811421871193,-5.0102096210826526,-4.125881446732415
3161,do,0.05,0.0,55,1.4625942432880397,-7.308406503272779,-6.594966978496975
3162,pp,0.05,0.0,21,1.4156078410148618,-4.505601159009067,-4.02917326953676
3163,do,0.05,0.0,70,1.6183053267002112,-6.8609692573547365,-6.127323028776381
3164,pp,0.05,0.0,11,1.6967343270778654,-4.559524768771547,-3.7509943101141188
3165,do,0.05,0.0,10,0.41080028295517046,-5.2673311739256885,-4.7102366791831125
3166,pp,0.05,0.0,14,1.5588744544982909,-4.6986237814932155,-4.069574141502381
3167,do,0.05,0.0,70,1.3640225017070762,-7.681373090455026,-6.837588553958469
3168,pp,0.05,0.0,70,1.5946414268016813,-7.729590453523578,-6.489438682132297
3169,do,0.05,0.0,70,1.7629855203628537,-8.73737243161057,-7.208592123455471
3170,pp,0.05,0.0,27,3.075924531221391,-5.786552469658129,-4.707526236110263
3171,do,0.05,0.0,61,1.2779671335220337,-6.528340206724224,-5.835885434680515
3172,pp,0.05,0.0,52,1.9819460523128507,-6.225498417652014,-5.306136299504174
3173,do,0.05,0.0,70,1.8919954180717458,-7.376521321498987,-6.647065750757853
3174,pp,0.05,0.0,22,0.5888290297985082,-4.86724343588858,-4.3378502156999375
3175,do,0.05,0.0,14,3.302154630422593,-4.972774618322199,-4.584326510959201
3176,pp,0.05,0.0,24,4.307669495344163,-5.039636162555579,-4.355579906039768
3177,do,0.05,0.0,63,2.318486875295638,-6.335964384945956,-5.873041102621291
3178,pp,0.05,0.0,22,1.8584112215042108,-4.748306278748946,-3.995886078145769
3179,do,0.05,0.0,14,1.7250375640392308,-5.005964788523587,-4.372077759106954
3180,pp,0.05,0.0,17,2.0982900083065035,-4.687500388694532,-3.9361670944425793
3181,do,0.05,0.0,65,1.2594661474227902,-8.444986240791552,-7.646022335688273
3182,pp,0.05,0.0,9,1.1936839711666103,-4.973495055689956,-4.1287124527825245
3183,do,0.05,0.0,19,2.8791826248168935,-5.267432248953617,-4.8267602523167925
3184,pp,0.05,0.0,38,4.070928164720535,-4.933960888602517,-4.183429516686333
3185,do,0.05,0.0,70,0.20125998258590805,-7.451147585204153,-6.485977035098606
3186,pp,0.05,0.0,21,0.9877321159839632,-5.3454914598753955,-4.528929662704468
3187,do,0.05,0.0,41,2.3922048962116236,-5.25315165086226,-5.041530717743767
3188,pp,0.05,0.0,43,1.6282139861583707,-5.638160170930805,-4.980514131651985
3189,do,0.05,0.0,39,4.166915510892867,-5.570350290067268,-4.831814042727152
3190,pp,0.05,0.0,52,3.122280025482178,-6.568523476340554,-5.250128742059072
3191,do,0.05,0.0,49,4.614056403040887,-4.579370718291312,-4.5332363168398535
3192,pp,0.05,0.0,20,2.647406735420227,-4.9175320986545445,-4.28727267185847
3193,do,0.05,0.0,69,3.2534722959995257,-8.26206017407504,-7.845553705427382
3194,pp,0.05,0.0,26,2.568627682924271,-4.892650339820168,-4.331698462698195
3195,do,0.05,0.0,13,1.9350011920928951,-4.893516940781565,-4.4269498083326555
3196,pp,0.05,0.0,16,1.3907536721229556,-6.356597062313195,-5.325675251748827
3197,do,0.05,0.0,70,2.5959911906719206,-6.304096731995092,-5.775666960080465
3198,pp,0.05,0.0,25,2.6229396533966076,-5.393737339250969,-4.650088249312507
3199,do,0.05,0.0,70,0.1259077787399292,-7.860187961115981,-6.610086512565613
3200,pp,0.05,0.0,15,1.0851175260543817,-5.089833165660049,-4.174579988585578
3201,do,0.05,0.0,12,1.0629168987274173,-5.552598119504524,-4.923560129271613
3202,pp,0.05,0.0,15,0.8004124546051026,-5.442965815284035,-4.671643326017592
3203,do,0.05,0.0,70,2.398125195503235,-7.792154773076375,-6.837561586168078
3204,pp,0.05,0.0,12,1.0135233843326574,-5.008317818786159,-4.1808362404505415
3205,do,0.05,0.0,70,4.415074559450151,-6.769937237826261,-6.226971279250251
3206,pp,0.05,0.0,20,3.1936926925182343,-5.761137936332009,-5.11310465865665
3207,do,0.05,0.0,52,2.460064774751663,-7.043470310442375,-6.566485834121704
3208,pp,0.05,0.0,27,2.5162614703178408,-4.864258364475135,-4.353795467482673
3209,do,0.05,0.0,21,1.8258053076267249,-5.594701337814331,-5.066584216223823
3210,pp,0.05,0.0,22,1.697723404169082,-5.084409699295506,-4.551756964789496
3211,do,0.05,0.0,9,1.7637878906726838,-4.5344062256090565,-4.588424388567606
3212,pp,0.05,0.0,7,1.5071957528591158,-5.727283334732055,-4.563337654537625
3213,do,0.05,0.0,28,2.5029097247123717,-5.661291995193019,-4.891263890266418
3214,pp,0.05,0.0,20,1.5660700786113742,-5.5643164967045635,-4.841384331385295
3215,do,0.05,0.0,18,2.9060838961601254,-4.811476084680268,-4.318772715992398
3216,pp,0.05,0.0,12,1.4243034851551055,-5.699273992307258,-4.398716547754076
3217,do,0.05,0.0,70,2.86207080245018,-8.351241926713424,-7.776749065187242
3218,pp,0.05,0.0,13,1.3343292915821072,-5.6923124342253715,-4.70253738562266
3219,do,0.05,0.0,10,2.1244520032405854,-4.822243467966715,-4.783427050378587
3220,pp,0.05,0.0,21,3.1495748746395105,-5.11924543091745,-4.317765304777358
3221,do,0.05,0.0,43,2.254129995107651,-6.495153255173654,-5.923962545394898
3222,pp,0.05,0.0,24,1.5426896631717684,-6.114666668574015,-4.901095819473267
3223,do,0.05,0.0,21,1.9657507622241965,-7.2064874663497465,-6.516108247968885
3224,pp,0.05,0.0,15,2.30112100481987,-4.796864142562404,-3.803932880030738
3225,do,0.05,0.0,40,3.405595947504043,-6.587092414046779,-6.390280071894328
3226,pp,0.05,0.0,34,2.7401102697849273,-5.199299258896799,-4.357105326652527
3227,do,0.05,0.0,12,1.9507573735713954,-4.497357390143654,-4.126322816477882
3228,pp,0.05,0.0,61,2.1406948912143715,-7.359839016018491,-6.401710889074537
3229,do,0.05,0.0,23,2.0472906363010406,-4.634376994046298,-4.248272437519497
3230,pp,0.05,0.0,21,1.7783822453022005,-5.144638733430342,-4.333116459846496
3231,do,0.05,0.0,11,1.6038781082630154,-4.520667197487571,-3.9882666071256003
3232,pp,0.05,0.0,28,2.488538864850997,-4.366256926276467,-3.8631226314438716
3233,do,0.05,0.0,48,1.1159060239791874,-10.234298352039222,-9.50200023651123
3234,pp,0.05,0.0,33,3.3240744233131414,-5.804653826626864,-5.070027810997433
3235,do,0.05,0.0,70,2.615851056575776,-7.975759759093776,-7.104128283924527
3236,pp,0.05,0.0,21,3.0671872794628143,-5.192130767937862,-4.248201321230995
3237,do,0.05,0.0,20,0.9280467808246611,-6.548457297411832,-6.8431096500820585
3238,pp,0.05,0.0,14,0.7342730474472052,-5.681226698557536,-4.791580147213406
3239,do,0.05,0.0,38,1.6469953799247739,-6.787454105146003,-5.742933824327257
3240,pp,0.05,0.0,70,2.0715578377246846,-6.394377328410293,-5.5401599433687
3241,do,0.05,0.0,70,1.5268342709541312,-8.769940656604188,-8.051974105834962
3242,pp,0.05,0.0,22,1.3657808959484097,-5.827394596735636,-5.125877605544196
3243,do,0.05,0.0,15,1.2836278271675114,-5.486239937579993,-4.551972529623243
3244,pp,0.05,0.0,38,3.2028833603858953,-6.097544524163911,-5.449702231089274
3245,do,0.05,0.0,19,2.3427961087226867,-5.150330714023474,-4.61374663511912
3246,pp,0.05,0.0,16,2.469199305772782,-5.009447567390673,-4.007476470205519
3247,do,0.05,0.0,27,0.42076712131500216,-7.596889352798462,-6.512482243114047
3248,pp,0.05,0.0,34,3.1884371209144584,-6.942544229102857,-5.667142950163948
3249,do,0.05,0.0,33,2.428769185543061,-5.889485458894209,-6.418969872262743
3250,pp,0.05,0.0,24,1.6026552546024329,-6.217190222306685,-5.241803285810683
3251,do,0.05,0.0,70,1.1202225470542917,-9.539919838760838,-8.381354898876614
3252,pp,0.05,0.0,56,3.9218357443809513,-6.1381403691840895,-5.07307211028205
3253,do,0.05,0.0,12,1.791114674806595,-4.970247898679791,-4.284861397743225
3254,pp,0.05,0.0,33,2.9826936984062193,-6.271247524203676,-5.489819592899746
3255,do,0.05,0.0,15,0.489306473731995,-6.157143994533654,-5.457272701793247
3256,pp,0.05,0.0,17,1.9427246165275562,-5.754542337764393,-4.992574506335789
3257,do,0.05,0.0,15,2.0436870849132536,-5.563744199637211,-5.106387625800239
3258,pp,0.05,0.0,70,2.6998658835887905,-8.477470321366281,-7.248824514283074
3259,do,0.05,0.0,52,2.2460932362079635,-7.897179808761134,-7.342789509561327
3260,pp,0.05,0.0,26,3.497460868358613,-5.535053591294722,-4.729479552639855
3261,do,0.05,0.0,70,1.3315497732162473,-10.773896491888797,-9.569418239593507
3262,pp,0.05,0.0,13,1.7527859783172604,-4.840949182799368,-3.8636082675721912
3263,do,0.05,0.0,19,1.6090315294265753,-5.509970585505168,-5.181879403856065
3264,pp,0.05,0.0,22,2.6964837372303005,-4.683597368182558,-4.145078796810574
3265,do,0.05,0.0,65,2.088649294376374,-6.7975689873550875,-6.34625506401062
3266,pp,0.05,0.0,33,2.0538045537471774,-5.180734888712565,-4.164048945903778
3267,do,0.05,0.0,15,1.0414821767807005,-5.081265391725482,-4.421187861760457
3268,pp,0.05,0.0,17,2.754726746082306,-5.083598878166892,-4.17089257505205
3269,do,0.05,0.0,37,1.9579762291908258,-6.154705234007402,-5.807996214760674
3270,pp,0.05,0.0,25,3.60713070988655,-5.582923201358679,-5.193127637439304
3271,do,0.05,0.0,7,0.16000498890876802,-4.917866266135014,-4.166983328925239
3272,pp,0.05,0.0,17,0.8874446511268612,-4.735967066793731,-4.327956867218018
3273,do,0.05,0.0,58,1.9767303800582878,-6.20962233543396,-5.766394856241014
3274,pp,0.05,0.0,19,2.416591967344284,-4.368065488699711,-3.7162510289086237
3275,do,0.05,0.0,21,1.47326712846756,-5.994212471355091,-5.958413921462165
3276,pp,0.05,0.0,35,2.49563394665718,-5.819429825291489,-5.067102405760023
3277,do,0.05,0.0,26,1.1645307075977325,-6.252738865939054,-5.853747540050083
3278,pp,0.05,0.0,44,3.6366150271892543,-6.172398101922237,-5.31367585129208
3279,do,0.05,0.0,7,0.5059649991989135,-5.383971903540871,-4.465099951956007
3280,pp,0.05,0.0,15,1.8165224063396455,-5.487431312329841,-4.828150516086154
3281,do,0.05,0.0,57,1.2577871429920195,-6.376223373413086,-5.875249494446648
3282,pp,0.05,0.0,18,1.5253765439987186,-4.623598097309921,-3.892408169640435
3283,do,0.05,0.0,25,2.63801207780838,-4.756709111820568,-4.884448769357469
3284,pp,0.05,0.0,32,1.8919498646259312,-5.070759880181515,-4.4180751959482825
3285,do,0.05,0.0,11,1.2107967686653138,-4.830139642773252,-4.201425774892171
3286,pp,0.05,0.0,12,2.3871451580524434,-5.512783281730883,-4.458422827720642
3287,do,0.05,0.0,27,1.442587785720825,-6.688473252094153,-6.234154351552328
3288,pp,0.05,0.0,12,2.1355478596687316,-5.34725522850499,-4.5977430078718395
3289,do,0.05,0.0,36,2.213196486234665,-6.219053242423318,-6.7130954133139715
3290,pp,0.05,0.0,43,2.820726405382156,-5.858767986297607,-5.255503355132209
3291,do,0.05,0.0,37,1.2539826953411106,-6.269298228350553,-5.230144866307577
3292,pp,0.05,0.0,26,1.762809091806412,-4.835127155708544,-4.175555210643345
3293,do,0.05,0.0,23,2.0691024863719933,-5.88321256348581,-5.938320525487264
3294,pp,0.05,0.0,25,1.8665341818332672,-5.25122152819778,-4.634884013070001
3295,do,0.05,0.0,66,2.1113121867179867,-6.182871801202947,-5.523407175805834
3296,pp,0.05,0.0,21,2.03103510260582,-4.340299495783719,-3.931520281897651
3297,do,0.05,0.0,18,0.7540090000629425,-5.947399080160892,-5.0058947059843275
3298,pp,0.05,0.0,19,2.2213181602954872,-5.840144082271691,-5.205211636755202
3299,do,0.05,0.0,14,1.2928454780578607,-5.2018464319633715,-4.580130343967014
3300,pp,0.05,0.0,25,2.19989612698555,-5.0501924139080625,-4.343760991096497
3301,do,0.05,0.0,17,0.12734802365303022,-6.755954485228568,-6.099407068888346
3302,pp,0.05,0.0,48,2.0317093527317054,-7.465004779353286,-6.748340039783054
3303,do,0.05,0.0,11,-0.060520865917205846,-7.520817919933434,-5.559109295739068
3304,pp,0.05,0.0,9,1.3534296917915345,-7.206160266471632,-5.528169123331706
3305,do,0.05,0.0,22,1.6525911879539494,-5.672832545367155,-5.086108599768744
3306,pp,0.05,0.0,24,1.9406559777259824,-5.3099406300169045,-5.027653773625691
3307,do,0.05,0.0,10,0.5245353293418891,-5.662318900137237,-4.633129609955682
3308,pp,0.05,0.0,14,1.7392155742645263,-5.073765243183483,-4.263762738969591
3309,do,0.05,0.0,22,1.1930978214740753,-5.855967823664347,-6.035140514373779
3310,pp,0.05,0.0,29,1.9319340729713437,-5.619285595055782,-5.478777872191535
3311,do,0.05,0.0,4,-0.007872991561889364,-5.317266273498535,-4.570866028467814
3312,pp,0.05,0.0,13,2.112314919233322,-5.448827389514808,-4.685447557767232
3313,do,0.05,0.0,28,2.0315269386768344,-5.323075345068267,-5.464634826448228
3314,pp,0.05,0.0,45,1.6623307204246522,-5.089198663017966,-4.808987251917521
3315,do,0.05,0.0,19,1.9794912528991695,-4.815734042543354,-4.399990563922458
3316,pp,0.05,0.0,35,2.830961023569108,-5.345983107884725,-4.689089637332493
3317,do,0.05,0.0,70,1.1452534210681922,-7.428961788524281,-7.771241887410482
3318,pp,0.05,0.0,14,1.7680890750885014,-4.5386706872419875,-4.034066014819675
3319,do,0.05,0.0,16,2.658967195749283,-4.925246940959584,-4.51054355568356
3320,pp,0.05,0.0,29,2.2894342648982997,-6.716446035558527,-5.567970850732592
3321,do,0.05,0.0,31,1.517345056533813,-6.003990758549083,-6.459346252017551
3322,pp,0.05,0.0,35,1.6582037127017974,-5.124678634874749,-4.885372058550517
3323,do,0.05,0.0,27,1.7513472962379453,-6.133977030262803,-6.214078503184848
3324,pp,0.05,0.0,57,1.6992404317855847,-7.32488893884601,-6.1438176896837025
3325,do,0.05,0.0,17,1.5316516745090478,-5.143877176804976,-4.856395803557502
3326,pp,0.05,0.0,30,2.640097417831422,-5.356638892491659,-5.209065585666233
3327,do,0.05,0.0,9,0.5832478976249691,-5.184606692285248,-5.135069606039259
3328,pp,0.05,0.0,27,2.1924126899242404,-5.342886476805716,-4.488270409901937
3329,do,0.05,0.0,70,0.747601903676987,-7.2046869696992815,-6.163837051391601
3330,pp,0.05,0.0,70,1.6747183036804199,-8.155960309866703,-6.8674270815319485
3331,do,0.05,0.0,41,1.4127050328254702,-6.885260035774925,-5.3290572245915735
3332,pp,0.05,0.0,68,1.333030420541764,-8.745794440760758,-6.027807519170973
3333,do,0.05,0.0,66,1.074264419078828,-9.372228035782323,-8.146335993872748
3334,pp,0.05,0.0,67,2.4765073478221904,-5.102390037883412,-4.5601807647281225
3335,do,0.05,0.0,18,2.86911217212677,-6.574963107253566,-5.084900522232056
3336,pp,0.05,0.0,31,1.9982298278808601,-7.714856471437397,-5.747028374671936
3337,do,0.05,0.0,7,-0.27099429249763496,-5.631617066354463,-4.867851625548469
3338,pp,0.05,0.0,23,0.5582853782176969,-6.77763148654591,-5.4855308373769125
3339,do,0.05,0.0,67,2.1539849686622627,-7.1447497483455775,-6.341728978686863
3340,pp,0.05,0.0,9,0.5640231275558474,-5.919439963138465,-4.612488749292162
3341,do,0.05,0.0,11,-0.06778393387794512,-5.805499475652521,-5.189995593494839
3342,pp,0.05,0.0,16,0.2713257622718812,-5.660047853354252,-4.907099551624722
3343,do,0.05,0.0,11,1.276885186433792,-5.012986514062592,-4.470566519101461
3344,pp,0.05,0.0,10,0.8298808705806735,-4.961266958352291,-4.1913391828536986
3345,do,0.05,0.0,58,1.6961487603187555,-7.827344489820076,-6.4580736610624525
3346,pp,0.05,0.0,31,2.1764123237133033,-5.729001686789773,-4.939706052674188
3347,do,0.05,0.0,70,0.2561012065410617,-7.61023427067381,-6.880187961790297
3348,pp,0.05,0.0,70,2.066212937831879,-6.9506283673373135,-6.268905504544576
3349,do,0.05,0.0,70,2.6378748822212224,-7.134778635429614,-6.662399737040202
3350,pp,0.05,0.0,21,1.644993416070938,-5.343231568191991,-4.753308447202047
3351,do,0.05,0.0,70,2.052658572196961,-8.666070777719671,-7.118576161066691
3352,pp,0.05,0.0,17,2.4941589403152467,-5.327581824678363,-4.572511710060967
3353,do,0.05,0.0,18,2.4464192330837253,-4.559123520417647,-4.162455087237888
3354,pp,0.05,0.0,61,1.65605936050415,-9.259930924213293,-8.175844640201992
3355,do,0.05,0.0,70,0.20764566659927475,-7.494163662014586,-7.005193548732334
3356,pp,0.05,0.0,57,1.869914729595184,-7.038191691311923,-6.285769489076403
3357,do,0.05,0.0,46,2.1133671927452093,-6.457543592741995,-5.814877761734857
3358,pp,0.05,0.0,27,3.8664676308631902,-6.198820268746578,-5.6406549175580345
3359,do,0.05,0.0,36,3.489529103040695,-5.804960376566107,-5.41008636686537
3360,pp,0.05,0.0,70,3.2020675730705266,-6.373538040392327,-4.915942410628001
3361,do,0.05,0.0,23,3.2590956008434286,-5.115741261568936,-4.578625626034206
3362,pp,0.05,0.0,30,3.9401984095573424,-5.619088750897032,-5.022557046678331
3363,do,0.05,0.0,18,2.094821240901946,-6.574590573166356,-5.097219072447883
3364,pp,0.05,0.0,23,2.6809165382385256,-5.074250621506662,-4.259261923366123
3365,do,0.05,0.0,70,0.06697310805320811,-7.848395795533151,-7.443514749738905
3366,pp,0.05,0.0,70,2.71858722448349,-6.346016615087335,-5.677801468637255
3367,do,0.05,0.0,42,1.2039012360572823,-7.136493497906309,-5.954073916541206
3368,pp,0.05,0.0,56,1.5749271607398985,-8.619858835682724,-6.723776682217916
3369,do,0.05,0.0,60,0.810775978565216,-8.461816771825154,-7.351069148381551
3370,pp,0.05,0.0,24,0.712931169271469,-5.64031111832821,-4.875676737891303
3371,do,0.05,0.0,14,-0.48483560085296595,-6.794246662024296,-6.391920455296835
3372,pp,0.05,0.0,27,2.5679828417301183,-5.282634674419056,-4.708217906951904
3373,do,0.05,0.0,17,2.3008033764362334,-4.965871059533321,-4.3324522535006205
3374,pp,0.05,0.0,44,3.125567775964737,-7.243123853567875,-5.545049427615272
3375,do,0.05,0.0,8,0.7223813712596892,-5.073625456203114,-4.5560046778784855
3376,pp,0.05,0.0,17,1.860065953731537,-4.982767743775339,-4.227491839726766
3377,do,0.05,0.0,23,1.7954374563693998,-5.9742471651597455,-5.28145268228319
3378,pp,0.05,0.0,19,2.792492278814316,-5.70195183320479,-4.806061877144708
3379,do,0.05,0.0,36,-0.3244369482994074,-8.570820996255586,-7.767793114980062
3380,pp,0.05,0.0,43,0.7356723928451547,-6.6005810000679705,-5.896832055515713
3381,do,0.05,0.0,9,0.649120234251022,-5.096332084771358,-4.955820126003689
3382,pp,0.05,0.0,26,1.8029369926452627,-5.874452822136156,-4.872433943218655
3383,do,0.05,0.0,63,0.6504339802265164,-7.831549697933775,-6.182800979084439
3384,pp,0.05,0.0,22,1.9154472959041602,-5.563326436823065,-4.918514879544576
3385,do,0.05,0.0,64,1.6049727356433872,-6.736263607487534,-6.275943734910753
3386,pp,0.05,0.0,26,1.9179709315299984,-4.87404966209874,-3.994391553931766
3387,do,0.05,0.0,22,-0.39806604027748094,-7.48209188634699,-6.893096542358398
3388,pp,0.05,0.0,13,0.36261508941650344,-6.591076083616777,-5.2722034666273325
3389,do,0.05,0.0,8,0.8086117994785313,-5.74840766877839,-4.927834786309136
3390,pp,0.05,0.0,18,2.2006992805004115,-5.367269663377241,-4.129328449567159
3391,do,0.05,0.0,21,1.7531136071681965,-7.14410706577879,-5.684591473473443
3392,pp,0.05,0.0,43,3.2096778535842896,-6.289509222724221,-5.2496785826153225
3393,do,0.05,0.0,15,-0.7666407728195184,-6.2286418235663215,-5.610770601696438
3394,pp,0.05,0.0,25,1.155727310180664,-5.782609185305509,-5.062927598423428
3395,do,0.05,0.0,32,0.8277681732177733,-6.370215879787098,-5.279999248186747
3396,pp,0.05,0.0,30,1.4649864017963408,-6.2274629607345116,-4.681573323408762
3397,do,0.05,0.0,44,1.6027083408832556,-8.795102209033388,-6.9819822284910416
3398,pp,0.05,0.0,22,2.0684060168266303,-5.508759001529578,-4.409339898162418
3399,do,0.05,0.0,41,1.6641774344444276,-5.9656519759785045,-5.3005212306976315
3400,pp,0.05,0.0,23,1.1067819786071773,-5.491651118885387,-4.875898842016856
3401,do,0.05,0.0,70,0.5572316479682922,-7.995198745438547,-6.666798779699538
3402,pp,0.05,0.0,19,1.6143943130970007,-5.431836378213131,-4.642842294110192
3403,do,0.05,0.0,16,2.19221274137497,-5.332525331323797,-4.627731858359443
3404,pp,0.05,0.0,10,1.3303800272941588,-4.585829744916974,-3.9037372681829665
3405,do,0.05,0.0,70,2.0021270143985763,-8.311700462572503,-7.387396452162001
3406,pp,0.05,0.0,15,1.3623142874240877,-5.360269397677797,-4.696284792158338
3407,do,0.05,0.0,21,2.5560248088836666,-6.613157512202408,-5.908980552355448
3408,pp,0.05,0.0,49,2.8968955492973336,-7.730431321173003,-6.372251926528083
3409,do,0.05,0.0,42,3.1733526933193197,-6.1698878216020985,-5.340352182918124
3410,pp,0.05,0.0,42,2.19409419298172,-6.582216547474717,-5.807528824276394
3411,do,0.05,0.0,24,2.716556628942489,-5.31457732518514,-4.939305326673719
3412,pp,0.05,0.0,18,1.905519578456878,-5.700105083349979,-4.831276837984721
3413,do,0.05,0.0,20,2.7612362778186803,-5.050095300963431,-4.483269683519999
3414,pp,0.05,0.0,26,3.5898616719245915,-4.411226571689952,-3.913475739955902
3415,do,0.05,0.0,28,0.9973745214939109,-6.395467989372484,-5.638679838180542
3416,pp,0.05,0.0,18,-0.06136795520782545,-6.123009515531136,-5.269886305597093
3417,do,0.05,0.0,18,0.8600278234481813,-5.351141471573801,-5.068084173732334
3418,pp,0.05,0.0,70,0.27813148260116627,-6.751379299163818,-5.5420347054799395
3419,do,0.05,0.0,3,-0.7896955668926244,-6.056029839949175,-5.337530565261841
3420,pp,0.05,0.0,54,1.2601775312423706,-5.905410742037224,-5.208165491951837
3421,do,0.05,0.0,18,2.869589326381684,-6.493756609252005,-5.290653596984016
3422,pp,0.05,0.0,11,1.6636953699588775,-4.415755384618586,-3.78775761657291
3423,do,0.05,0.0,35,2.40357705950737,-6.95833063992587,-6.256986986266242
3424,pp,0.05,0.0,15,1.764696798324585,-4.743907403945923,-3.9665855805079144
3425,do,0.05,0.0,44,3.4273398828506476,-5.08497012311762,-5.237536708513896
3426,pp,0.05,0.0,22,1.9660981106758113,-5.054969797712384,-4.547804117202759
3427,do,0.05,0.0,66,1.6760764002799995,-7.876398693431508,-6.267237501674228
3428,pp,0.05,0.0,57,2.293705596923828,-7.453933318456014,-6.1692578236262
3429,do,0.05,0.0,23,2.910530723333358,-5.7273837075088965,-4.775590896606445
3430,pp,0.05,0.0,16,2.021957330703735,-4.748144067417492,-4.017500268088447
3431,do,0.05,0.0,22,2.3963237619400024,-7.0010028839111325,-6.718546565373739
3432,pp,0.05,0.0,25,1.7197040987014773,-4.895032124085859,-4.699283700519138
3433,do,0.05,0.0,23,2.5772581970691686,-5.252653340137366,-4.657192707061768
3434,pp,0.05,0.0,20,1.6514537775516516,-4.4331462628913645,-4.096735919846429
3435,do,0.05,0.0,30,2.303941777944565,-6.13194502917203,-5.9474662621816
3436,pp,0.05,0.0,20,2.567481155395508,-4.997146862203425,-4.173123486836752
3437,do,0.05,0.0,27,2.658756124973297,-4.89966854615645,-4.740211913320754
3438,pp,0.05,0.0,16,1.8007593345642094,-4.583700408357562,-4.033069443702698
3439,do,0.05,0.0,70,-0.008142739534378052,-7.470588260708433,-7.909789270824856
3440,pp,0.05,0.0,13,0.16142795562744183,-5.2976429823673135,-4.623940836058723
3441,do,0.05,0.0,14,1.2577683210372923,-4.814934450207335,-4.403482749727037
3442,pp,0.05,0.0,20,1.1096863615512849,-4.752071685502023,-4.239698319964939
3443,do,0.05,0.0,36,4.472421214580535,-4.619929026112412,-5.563299218813579
3444,pp,0.05,0.0,30,4.747673625946044,-5.525450457948627,-4.725102591514587
3445,do,0.05,0.0,21,2.2858361518383026,-4.427080821990967,-3.918244873152839
3446,pp,0.05,0.0,25,2.6251545178890234,-4.494414342533458,-3.7646971027056377
3447,do,0.05,0.0,11,1.5300379371643062,-4.694533999760946,-4.308472159173753
3448,pp,0.05,0.0,16,2.491217656135559,-5.154474626887929,-4.219371186362372
3449,do,0.05,0.0,25,3.440096595287324,-5.5565225745692395,-5.304656746652391
3450,pp,0.05,0.0,17,2.2036986184120178,-4.97355632203998,-4.091100792090098
3451,do,0.05,0.0,26,4.455450052022933,-4.936647110274344,-4.783131840493944
3452,pp,0.05,0.0,30,3.1590349483489986,-5.038071704633309,-4.552169646157159
3453,do,0.05,0.0,17,1.326229850053787,-4.835881415280428,-4.336894766489665
3454,pp,0.05,0.0,25,1.3250961518287658,-5.373058191935221,-4.491645730866326
3455,do,0.05,0.0,13,1.454305443763733,-4.925933677499945,-4.307212293148041
3456,pp,0.05,0.0,14,1.8079495275020596,-4.638510784958348,-3.9913112971517775
3457,do,0.05,0.0,12,1.8637930548191068,-5.016576739513513,-4.586061061753167
3458,pp,0.05,0.0,29,3.068507091999054,-5.53802208033475,-5.088747594091627
3459,do,0.05,0.0,14,1.114910354614258,-4.886181131998698,-4.238971455891927
3460,pp,0.05,0.0,27,2.8357609140872952,-4.929669160553903,-4.263321763939327
3461,do,0.05,0.0,49,3.856317726373673,-7.488398056319266,-7.379622371991475
3462,pp,0.05,0.0,32,3.7713658213615426,-5.40490735949892,-4.613377123408847
3463,do,0.05,0.0,17,2.614090578556061,-4.955748542149862,-4.58473146226671
3464,pp,0.05,0.0,19,1.7855154502391821,-6.1055712425347535,-5.002573299407959
3465,do,0.05,0.0,21,1.8453389012813561,-5.461774382446752,-5.011473337809245
3466,pp,0.05,0.0,16,0.6348474073410033,-6.294753396872318,-5.722854357295566
3467,do,0.05,0.0,25,0.3081221723556524,-6.044679114312837,-5.5977092133627995
3468,pp,0.05,0.0,48,4.754244185686112,-5.627121153744784,-5.182420359717475
3469,do,0.05,0.0,70,1.3399320423603065,-5.965925257133715,-5.4415608141157366
3470,pp,0.05,0.0,70,2.0548153424263003,-9.42273406982422,-7.419305446412828
3471,do,0.05,0.0,19,2.9126906347274772,-5.1319434743939025,-5.257582677735223
3472,pp,0.05,0.0,26,1.7908155202865599,-5.186236105543195,-4.553237451447381
3473,do,0.05,0.0,33,2.6538145017623895,-6.1366455656109435,-4.811202634705437
3474,pp,0.05,0.0,26,1.8292947590351103,-4.8835668332649,-4.467933170000712
3475,do,0.05,0.0,24,1.1742089593410494,-4.6988801623835705,-4.2441895484924315
3476,pp,0.05,0.0,24,2.2269702124595643,-5.0431165088306775,-4.265725885497199
3477,do,0.05,0.0,13,2.18577742934227,-5.790516097617872,-4.657421186235216
3478,pp,0.05,0.0,12,1.2241220569610602,-6.053690244212295,-4.854663112428454
3479,do,0.05,0.0,68,0.8690588235855099,-9.239094397515961,-8.30092708269755
3480,pp,0.05,0.0,9,0.8327982568740842,-6.725172956062086,-5.2361974928114146
3481,do,0.05,0.0,15,2.688352941274643,-4.856082134535819,-4.202803577317132
3482,pp,0.05,0.0,15,1.6351276087760924,-5.850909064032814,-5.008648933304681
3483,do,0.05,0.0,42,2.144925374984741,-6.018088873949918,-5.274641296598646
3484,pp,0.05,0.0,15,1.0148823010921486,-5.223587117050633,-4.401574903064304
3485,do,0.05,0.0,19,1.1035433959960939,-6.173386893127904,-5.375507873959012
3486,pp,0.05,0.0,8,0.013145803213119756,-4.778288932280107,-4.214342125256857
3487,do,0.05,0.0,12,2.938384864330291,-4.828444297385938,-4.22523931397332
3488,pp,0.05,0.0,34,3.714329769611359,-5.9003577709198,-4.938507790035672
3489,do,0.05,0.0,22,2.1381395161151877,-5.446521303870461,-6.659706375333998
3490,pp,0.05,0.0,20,1.9044373965263368,-6.2354925502430305,-5.337453118960062
3491,do,0.05,0.0,13,1.184002908468246,-4.858610585241607,-4.639714039696587
3492,pp,0.05,0.0,32,2.25785417318344,-5.871056329842769,-4.847570379575093
3493,do,0.05,0.0,70,2.1383177733421324,-7.343922792781483,-8.86043315463596
3494,pp,0.05,0.0,30,2.4688623952865605,-5.240535987507213,-4.715344169404772
3495,do,0.05,0.0,33,3.056074358224869,-5.14637746666417,-4.625006063779195
3496,pp,0.05,0.0,40,2.466372985839844,-6.855544049812086,-6.003374348746406
3497,do,0.05,0.0,25,0.7253899621963509,-7.551706902186075,-6.575293919775221
3498,pp,0.05,0.0,7,0.5168974757194524,-6.69692871353843,-5.421233450041877
3499,do,0.05,0.0,55,0.9943632483482361,-7.4747604948101625,-6.557383595572578
3500,pp,0.05,0.0,62,1.48623964190483,-6.430155470876983,-6.191401651170518
3501,do,0.05,0.0,43,0.5742749404907226,-8.642552653225986,-7.801862091488308
3502,pp,0.05,0.0,13,1.9759898519515993,-5.67166933001894,-4.791189720895555
3503,do,0.05,0.0,20,1.8733945655822746,-5.365007370168512,-5.266008090972901
3504,pp,0.05,0.0,52,2.4161478221416477,-6.704147250724561,-5.815253808763292
3505,do,0.05,0.0,10,1.98792994260788,-5.923161752296217,-5.067131394810147
3506,pp,0.05,0.0,20,2.890598429441452,-6.199917343891028,-5.277834079000685
3507,do,0.05,0.0,13,0.8621756637096398,-6.349120395833796,-5.226888460583157
3508,pp,0.05,0.0,24,1.8144202005863193,-4.793357203223488,-4.024919486045837
3509,do,0.05,0.0,33,0.649351799488068,-6.948306226730347,-6.425969203313191
3510,pp,0.05,0.0,69,1.9882442951202384,-6.912524421287306,-5.841134066051907
3511,do,0.05,0.0,27,1.9971922826766972,-7.44541259245439,-6.372030475404528
3512,pp,0.05,0.0,25,3.410971914529801,-5.3343745043783475,-4.697041281064352
3513,do,0.05,0.0,69,1.040814517736436,-8.131919665770097,-7.066983111699423
3514,pp,0.05,0.0,11,1.482955242395401,-5.5494290958751336,-4.527341707547506
3515,do,0.05,0.0,70,-0.14007640838623203,-6.896371553883408,-6.4235711256663
3516,pp,0.05,0.0,23,1.0832171928882595,-5.0868639888185445,-4.343674076928033
3517,do,0.05,0.0,28,0.12744825482368505,-7.86313812082464,-6.980250072479248
3518,pp,0.05,0.0,18,1.8345344567298882,-5.295370240644975,-4.615236634678311
3519,do,0.05,0.0,11,0.08037585258483837,-5.418869819063129,-4.787877435154385
3520,pp,0.05,0.0,70,2.72485246181488,-7.419445903373487,-6.638675877783034
3521,do,0.05,0.0,13,1.2791613376140596,-5.516894886710427,-4.842342167430454
3522,pp,0.05,0.0,16,1.7104978823661803,-4.910123179175637,-4.272106602456835
3523,do,0.05,0.0,14,0.7636743009090425,-6.488502005374793,-5.619270390934414
3524,pp,0.05,0.0,62,0.7968688130378716,-6.944039451714718,-6.022011510531107
3525,do,0.05,0.0,70,1.9941349887847917,-7.691279086199674,-6.567439214388529
3526,pp,0.05,0.0,33,2.5519449031352996,-6.9502025445302325,-6.085626220703125
3527,do,0.05,0.0,33,2.4961263179779056,-6.174688811735673,-5.477710596720377
3528,pp,0.05,0.0,30,1.719873851537705,-5.926771528070623,-5.176741353670756
3529,do,0.05,0.0,24,2.303430230617523,-5.6960587761618875,-5.137779352400038
3530,pp,0.05,0.0,32,2.1044805097579955,-5.166637096983013,-4.603604918056064
3531,do,0.05,0.0,17,1.2755201816558834,-5.204337906114983,-5.138579580518934
3532,pp,0.05,0.0,15,0.5986011004447933,-5.627703217304114,-4.959407181209988
3533,do,0.05,0.0,31,1.8628346276283256,-6.001260602835453,-5.471831379996406
3534,pp,0.05,0.0,68,2.8048411333560948,-6.244868758230498,-5.516022854381138
3535,do,0.05,0.0,70,3.3567174053192144,-5.616184788039236,-5.45639165242513
3536,pp,0.05,0.0,27,3.135731292963027,-5.721029324965044,-4.375263351864285
3537,do,0.05,0.0,40,2.0904002463817593,-6.992015315547134,-6.126645048459371
3538,pp,0.05,0.0,29,1.1793308126926423,-5.907765245437622,-4.8381052414576216
3539,do,0.05,0.0,45,0.5706454324722294,-8.773161122293184,-7.986328797870212
3540,pp,0.05,0.0,10,0.8762107014656069,-5.288832969376535,-4.902108115620083
3541,do,0.05,0.0,41,1.3495597004890438,-7.0253093950676195,-6.743151150809394
3542,pp,0.05,0.0,22,2.7267367148399346,-5.921990267435709,-4.545286480585734
3543,do,0.05,0.0,23,2.6279406833648675,-4.8936004638671875,-3.955118715763092
3544,pp,0.05,0.0,17,1.7707704818248748,-4.667921288808187,-3.8430267612139386
3545,do,0.05,0.0,38,0.9922061896324159,-7.645226510365804,-6.560252239969041
3546,pp,0.05,0.0,8,0.2364329636096949,-5.3046790094086615,-4.446557508574592
3547,do,0.05,0.0,52,1.6616256225109094,-6.662220780054728,-6.035916725794475
3548,pp,0.05,0.0,46,4.1884890127181995,-5.264424425182921,-5.071967837545607
3549,do,0.05,0.0,27,2.7700956821441647,-4.81755968729655,-4.41517194641961
3550,pp,0.05,0.0,70,2.5592315697669985,-8.241877935871933,-7.970041939947341
3551,do,0.05,0.0,27,3.128823573589325,-5.504222718152133,-4.725455003314548
3552,pp,0.05,0.0,66,3.2894273352622987,-6.414399209167018,-5.275168678495619
3553,do,0.05,0.0,42,1.6168456935882567,-7.325674710129246,-6.789922748671637
3554,pp,0.05,0.0,17,1.5850432431697845,-5.350178993109501,-4.435380588637458
3555,do,0.05,0.0,14,2.226960723400116,-5.586095298420299,-4.931617890463935
3556,pp,0.05,0.0,10,1.5450332403182978,-4.5122138384616735,-3.8993584156036376
3557,do,0.05,0.0,26,0.7033106088638315,-7.14896767356179,-6.249450969696045
3558,pp,0.05,0.0,9,0.8523343634605416,-5.137686168786251,-4.4737161848280165
3559,do,0.05,0.0,14,1.192767347097397,-6.04880199432373,-5.4611276388168335
3560,pp,0.05,0.0,18,2.3104857337474822,-5.296550234881314,-4.796554867426554
3561,do,0.05,0.0,70,0.6781760501861562,-8.58641358866836,-7.872375048531426
3562,pp,0.05,0.0,51,2.1789581918716427,-6.310539439230254,-5.080334051450094
3563,do,0.05,0.0,70,1.5709617125988018,-7.378585066939845,-6.616591101222568
3564,pp,0.05,0.0,24,0.9284768939018253,-4.973498091553196,-4.51533872683843
3565,do,0.05,0.0,70,3.1131043910980223,-6.581105794328632,-5.636411791377597
3566,pp,0.05,0.0,49,2.546566872596742,-6.1527872128920125,-5.333749455875821
3567,do,0.05,0.0,59,1.9259789526462558,-6.387306778358691,-5.732258229785495
3568,pp,0.05,0.0,22,2.2462926483154293,-5.119155886678985,-4.460963813463847
3569,do,0.05,0.0,66,1.3101801633834844,-6.310490348122337,-5.399120611614651
3570,pp,0.05,0.0,60,3.22757444858551,-7.211578278108076,-6.029777608977424
3571,do,0.05,0.0,62,3.6506130361556997,-6.945899567459569,-6.009662442737156
3572,pp,0.05,0.0,12,2.0529832172393805,-4.271720824097142,-3.855622833304935
3573,do,0.05,0.0,18,1.7768876433372496,-4.452060081019546,-3.962342709965176
3574,pp,0.05,0.0,27,2.043401349782944,-5.638903451688362,-4.678766828113132
3575,do,0.05,0.0,24,3.3428274405002583,-5.690731930010246,-5.847426761521233
3576,pp,0.05,0.0,19,3.2460179364681254,-4.683266554456768,-3.999660909175873
3577,do,0.05,0.0,14,1.8931760680675502,-4.776065771507494,-4.536797396341959
3578,pp,0.05,0.0,23,3.1065356230735777,-4.414461788986668,-3.788480415609148
3579,do,0.05,0.0,23,1.7691405296325682,-5.73068938110814,-5.441957841979133
3580,pp,0.05,0.0,49,1.6551555955409993,-6.135322140202378,-5.383729079034594
3581,do,0.05,0.0,28,1.6608135223388683,-6.833725268913038,-6.270143336719936
3582,pp,0.05,0.0,15,2.5115870141983025,-5.605565010417592,-4.637456647555033
3583,do,0.05,0.0,48,0.7571132779121399,-7.071991456638683,-6.190478743447198
3584,pp,0.05,0.0,15,1.211207451820373,-5.415073912071459,-4.4458628442552355
3585,do,0.05,0.0,14,1.3270829105377198,-4.8524698748733055,-4.375803343454996
3586,pp,0.05,0.0,14,1.6204962301254273,-5.26716057026025,-4.454517356554667
3587,do,0.05,0.0,16,2.1678744423389436,-5.154213617787216,-4.361159507433573
3588,pp,0.05,0.0,47,3.589764753580094,-6.472091968131788,-5.4578400293986
3589,do,0.05,0.0,13,0.12668888211250273,-5.773338187824596,-5.058040735456679
3590,pp,0.05,0.0,28,1.1172315466403955,-7.83683476303563,-6.497826147079468
3591,do,0.05,0.0,23,1.6425256764888765,-4.838134921680798,-4.334523357285393
3592,pp,0.05,0.0,18,1.6798175346851352,-5.403964650992191,-4.154318267769284
3593,do,0.05,0.0,70,0.9257207477092733,-7.410373641505386,-6.587002653545803
3594,pp,0.05,0.0,70,1.6728999900817882,-8.924270663116918,-7.551605521308051
3595,do,0.05,0.0,9,0.8289659786224366,-6.140845353675611,-5.493144030041165
3596,pp,0.05,0.0,9,0.5919816005229954,-6.511707420060129,-5.588878642188178
3597,do,0.05,0.0,13,2.5715050971508013,-5.054065655217026,-4.675305957264371
3598,pp,0.05,0.0,11,2.1372883021831512,-4.779017520673348,-4.073520419332716
3599,do,0.05,0.0,54,1.8288954281806937,-9.152517921274358,-7.653316773308648
3600,pp,0.05,0.0,60,1.5379250359535224,-9.212037986697572,-7.643980884552002
3601,do,0.05,0.0,22,1.971574635505676,-4.717577810720964,-4.235313387711843
3602,pp,0.05,0.0,14,1.7880864012241364,-4.231945699633974,-3.679618661933475
3603,do,0.05,0.0,19,2.6029119002819066,-5.542578598947236,-4.8401807440651785
3604,pp,0.05,0.0,46,4.629353353977203,-5.635941014145359,-4.791723320219252
3605,do,0.05,0.0,30,3.483177950382233,-5.6883840344168926,-5.756532367070516
3606,pp,0.05,0.0,48,2.3948946225643164,-5.518216838258685,-4.795959937572479
3607,do,0.05,0.0,58,3.2026894247531885,-7.065522110100948,-6.371611669328478
3608,pp,0.05,0.0,70,1.1873389339447016,-6.794555148211392,-5.813734650611877
3609,do,0.05,0.0,24,2.5665978741645814,-4.995450133988352,-4.519382792048984
3610,pp,0.05,0.0,14,2.042728642225266,-5.658337332985618,-4.743498876359728
3611,do,0.05,0.0,50,1.785955430269242,-5.455693412549568,-5.072926802105374
3612,pp,0.05,0.0,45,4.913318655490875,-5.392280210148204,-4.866504592365689
3613,do,0.05,0.0,61,1.1503438544273372,-8.264359507416234,-7.442568161752489
3614,pp,0.05,0.0,14,0.2049167609214777,-5.805278023806485,-5.159258932537503
3615,do,0.05,0.0,28,3.14425507903099,-5.306315599788319,-5.985279806454977
3616,pp,0.05,0.0,31,3.4118937993049627,-5.514462297612971,-5.0998182402716745
3617,do,0.05,0.0,22,0.7914511513710023,-6.553633857495857,-5.571499371528626
3618,pp,0.05,0.0,12,0.32589341521263115,-4.753732671159686,-4.241767401165433
3619,do,0.05,0.0,70,2.506218948364257,-7.764154499227351,-7.434762289788988
3620,pp,0.05,0.0,20,2.2667607843875883,-4.670781472235015,-3.8809243149227566
3621,do,0.05,0.0,57,1.8857759428024288,-7.307575238834728,-6.780623478359646
3622,pp,0.05,0.0,10,0.8150955200195318,-6.16823151472843,-5.359137890073988
3623,do,0.05,0.0,70,1.8687199854850762,-7.279691100843025,-7.261013428370158
3624,pp,0.05,0.0,18,0.9656778156757353,-6.118145896449233,-5.233496612972683
3625,do,0.05,0.0,36,3.9364429235458367,-4.872276569135261,-4.4798594262864855
3626,pp,0.05,0.0,38,3.1913529431819914,-6.26303028048891,-5.312785818841722
3627,do,0.05,0.0,12,1.8647969567775728,-4.569326815460667,-4.095568095313178
3628,pp,0.05,0.0,35,3.44862844824791,-5.184067244963212,-4.4992037852605185
3629,do,0.05,0.0,70,2.1066356039047243,-5.7919391343087865,-6.603917164272732
3630,pp,0.05,0.0,22,2.4382070147991177,-4.680317906177405,-4.338975752724542
3631,do,0.05,0.0,30,4.770682007074356,-5.490638201164477,-4.9375918176439075
3632,pp,0.05,0.0,36,4.6068882608413695,-5.627141456892996,-4.912131444613139
3633,do,0.05,0.0,23,0.8724833321571355,-5.668858330177538,-4.9102695756488375
3634,pp,0.05,0.0,8,0.1516698539257053,-5.274760207262906,-4.5116552856233385
3635,do,0.05,0.0,19,1.4644756484031678,-5.049015923702355,-4.527676675054762
3636,pp,0.05,0.0,18,1.5805613207817082,-5.033691784829804,-4.510405053032769
3637,do,0.05,0.0,19,0.951480070352555,-6.052915824543346,-5.26525018480089
3638,pp,0.05,0.0,68,1.036087307929992,-6.455655105186231,-6.018297497431437
3639,do,0.05,0.0,36,3.1362209057807924,-6.1273746028090965,-5.4885099119610254
3640,pp,0.05,0.0,18,2.529166148900985,-6.495848600792162,-5.197072614563836
3641,do,0.05,0.0,34,1.7550269317626954,-5.6599669297536215,-5.315617182519701
3642,pp,0.05,0.0,26,1.175310539007187,-5.100562423648256,-4.407485257254707
3643,do,0.05,0.0,70,2.9587736392021178,-6.661044639529604,-5.944042841593425
3644,pp,0.05,0.0,16,2.874942811727524,-5.857056744893392,-5.034106945991516
3645,do,0.05,0.0,70,1.824483515024184,-8.544666369756063,-6.976868714226617
3646,pp,0.05,0.0,41,1.9234755814075477,-7.738329302180897,-6.437631384531657
3647,do,0.05,0.0,33,3.313484576940536,-5.192719156091863,-4.659362550576528
3648,pp,0.05,0.0,12,2.0747851514816285,-5.467403807784572,-4.730463298161824
3649,do,0.05,0.0,21,2.0202248561382294,-4.769634995316014,-4.4493682887819075
3650,pp,0.05,0.0,13,0.9367370855808259,-5.450085923165986,-4.835144318474663
3651,do,0.05,0.0,22,1.813748058080673,-5.0278484185536705,-4.696628330813514
3652,pp,0.05,0.0,18,0.9499744248390201,-5.802746876803312,-5.078095263904995
3653,do,0.05,0.0,27,0.6710820674896238,-6.690532463247126,-5.7712960375679865
3654,pp,0.05,0.0,20,1.101494749784469,-6.141600487448953,-5.237480643060472
3655,do,0.05,0.0,45,2.1269794178009027,-5.904006918993863,-5.294212860531277
3656,pp,0.05,0.0,16,2.273161019086838,-5.473719657551158,-4.546325323316786
3657,do,0.05,0.0,70,4.131195179224013,-8.591395435911236,-7.966739058494568
3658,pp,0.05,0.0,17,2.044697477817535,-5.398012201713793,-4.501627079645792
3659,do,0.05,0.0,40,3.952553037405014,-4.906795371662486,-4.857716613345676
3660,pp,0.05,0.0,70,2.3691539156436914,-7.955248880386352,-6.918515743149651
3661,do,0.05,0.0,16,1.6778782773017884,-5.555298241701993,-4.850352403852675
3662,pp,0.05,0.0,42,2.824650141000748,-6.335632653669878,-5.514321605364482
3663,do,0.05,0.0,49,2.0158833205699924,-6.403974729595762,-5.8033403688006935
3664,pp,0.05,0.0,70,0.9805074441432957,-8.79096414681637,-7.588039424684313
3665,do,0.05,0.0,15,1.7933728003501894,-4.37451503349073,-4.7241044335895115
3666,pp,0.05,0.0,15,2.100700491666794,-4.460288605545506,-3.9468981557422214
3667,do,0.05,0.0,36,1.4417675077915195,-6.604819534764145,-5.856502464082506
3668,pp,0.05,0.0,43,2.4615144991874702,-5.787261160937223,-5.027517604827881
3669,do,0.05,0.0,18,1.453568609952927,-6.268638862263073,-5.28406118022071
3670,pp,0.05,0.0,16,0.9327600014209754,-5.045315200632269,-4.1424412422709995
3671,do,0.05,0.0,14,1.6272966527938841,-4.473818901813392,-4.041300219959683
3672,pp,0.05,0.0,9,0.8997260320186617,-4.234084955851237,-3.679987096786499
3673,do,0.05,0.0,8,0.6482444286346434,-4.883312453645648,-4.1974688847859705
3674,pp,0.05,0.0,22,1.0334491586685184,-5.8369978283390855,-5.086038976245456
3675,do,0.05,0.0,15,2.6873007547855368,-5.050364622925267,-4.5165112919277615
3676,pp,0.05,0.0,47,1.5406638574600215,-7.644659825527307,-6.102557839287652
3677,do,0.05,0.0,8,0.0332660424709319,-5.9003794337763935,-4.956824432479011
3678,pp,0.05,0.0,56,2.4588772094249727,-6.620115743983876,-5.45311885409885
3679,do,0.05,0.0,20,2.391828173398972,-4.612778941067782,-4.25972368452284
3680,pp,0.05,0.0,10,0.36487883448600833,-5.295354723207878,-4.366394448280334
3681,do,0.05,0.0,7,0.163908287286759,-5.872029560262507,-4.91142815483941
3682,pp,0.05,0.0,17,1.4643518126010893,-4.692783729957812,-4.091172652774387
3683,do,0.05,0.0,27,2.2511408090591436,-5.108642200990157,-4.242275802294413
3684,pp,0.05,0.0,70,4.341305959224702,-6.908559910456339,-5.911331982082791
3685,do,0.05,0.0,35,2.056381620168686,-6.108629215124882,-6.254983875486586
3686,pp,0.05,0.0,49,3.3933603131771086,-6.686735241340869,-5.695254180166456
3687,do,0.05,0.0,8,1.0231692326068877,-4.399137410250577,-4.004425628980001
3688,pp,0.05,0.0,13,1.6163327395915985,-4.749774661208644,-4.003687312867906
3689,do,0.05,0.0,15,1.0608881974220274,-6.265678230921427,-5.52444900141822
3690,pp,0.05,0.0,19,1.4094839775562287,-5.7201281200755725,-4.8357660134633385
3691,do,0.05,0.0,62,0.3740924727916717,-7.7768631501631305,-6.89813113477495
3692,pp,0.05,0.0,13,0.9732017409801488,-4.284808228232643,-3.6957122537824842
3693,do,0.05,0.0,36,3.4345066559314734,-5.450505344795459,-4.722638143433465
3694,pp,0.05,0.0,26,0.8815225625038154,-5.2213941328453295,-4.424003561337789
3695,do,0.05,0.0,16,1.9569076538085932,-4.713444257505012,-4.307391697830624
3696,pp,0.05,0.0,11,0.6078788137435911,-4.2477969660903465,-3.7800686796506247
3697,do,0.05,0.0,70,3.8039031898975377,-6.789527598294344,-6.463244048754374
3698,pp,0.05,0.0,70,4.205983152389527,-6.372755695111824,-5.011279148525662
3699,do,0.05,0.0,23,1.2572085392475136,-5.115002922578292,-4.477584176593357
3700,pp,0.05,0.0,39,3.4505614995956417,-5.580405272859515,-4.241074416372511
3701,do,0.05,0.0,24,2.574107726812363,-5.216816916610256,-4.693340089586046
3702,pp,0.05,0.0,11,1.8375281941890718,-4.198535177924416,-3.6569290439287823
3703,do,0.05,0.0,31,2.8968134808540356,-5.365811856587728,-4.9715316308869255
3704,pp,0.05,0.0,12,2.0822674703598016,-4.768932842485833,-4.030606963899401
3705,do,0.05,0.0,22,2.413494019508362,-4.644840971628825,-4.09334479437934
3706,pp,0.05,0.0,29,2.317195729017258,-4.731733864003962,-4.030973450342814
3707,do,0.05,0.0,70,2.642635442018509,-8.695949986486724,-8.22268499798245
3708,pp,0.05,0.0,32,3.6421242761611943,-4.813770749352195,-4.212989380624559
3709,do,0.05,0.0,62,-0.08919674634933372,-8.163996881427186,-8.405603935983446
3710,pp,0.05,0.0,28,2.296077063083649,-4.47788916645628,-3.9872427741686503
3711,do,0.05,0.0,10,1.4815278768539422,-4.978764320142341,-4.2938991361194185
3712,pp,0.05,0.0,10,0.8598338139057162,-4.5286366202614525,-3.7575634400049847
3713,do,0.05,0.0,24,3.2698648118972775,-5.948483490221428,-5.368028561274211
3714,pp,0.05,0.0,20,3.686996375322342,-5.141654909018314,-4.27284846968121
3715,do,0.05,0.0,22,2.7640891075134277,-4.836974574580337,-4.276967528131273
3716,pp,0.05,0.0,13,1.1293853652477264,-5.66318318049113,-4.621281417210897
3717,do,0.05,0.0,38,2.7876210916042323,-4.931896172147809,-4.456811499595642
3718,pp,0.05,0.0,20,1.491707397699356,-4.385637245756207,-3.7354092995325723
3719,do,0.05,0.0,11,0.5254838407039637,-6.287485491145741,-5.495556410153707
3720,pp,0.05,0.0,17,1.5055655634403227,-5.127048989498254,-4.460085995992025
3721,do,0.05,0.0,26,2.2727957117557533,-6.27438147429264,-5.961509566836887
3722,pp,0.05,0.0,14,2.488421764373779,-5.411162195783673,-4.593240960439046
3723,do,0.05,0.0,32,2.0426684534549713,-5.619074320070672,-4.620421343379551
3724,pp,0.05,0.0,41,2.1028029954433434,-5.218857646710945,-4.528184927834404
3725,do,0.05,0.0,26,3.3260588872432715,-5.645132781520035,-5.3464203781551785
3726,pp,0.05,0.0,33,2.2428259146213536,-4.901188867742365,-4.210523915290833
3727,do,0.05,0.0,24,3.4013199853897103,-6.621014421636408,-5.422627250353496
3728,pp,0.05,0.0,11,1.3625471472740172,-4.495733190305305,-3.6442913505766126
3729,do,0.05,0.0,11,1.7440866255760197,-5.732069592042403,-4.899671565161811
3730,pp,0.05,0.0,13,1.813402855396271,-5.180111665436716,-4.216067318121592
3731,do,0.05,0.0,21,3.6814880573749535,-5.81437021891276,-5.906604634390937
3732,pp,0.05,0.0,13,1.898828414678574,-5.0194101579261545,-4.437903726100922
3733,do,0.05,0.0,44,3.425909260511398,-5.641298216039484,-4.826101125611199
3734,pp,0.05,0.0,24,2.811294305324555,-5.049194869128141,-4.333903725941976
3735,do,0.05,0.0,30,3.61272512793541,-5.613588327350039,-5.072276547220018
3736,pp,0.05,0.0,29,2.1907473528385157,-4.542424742380778,-3.942632457945082
3737,do,0.05,0.0,17,1.4768918287754058,-5.697743382598414,-5.084235435061984
3738,pp,0.05,0.0,17,1.854350463151932,-4.630978792363947,-3.933876746230655
3739,do,0.05,0.0,16,1.6236709940433505,-5.327850019570553,-4.7736655102835766
3740,pp,0.05,0.0,70,2.6341128337383264,-7.061355038845178,-5.968525240156386
3741,do,0.05,0.0,12,0.812395505905152,-5.7571860212268255,-4.983889010217455
3742,pp,0.05,0.0,18,1.775674420595169,-5.155662938320275,-4.3220180908838906
3743,do,0.05,0.0,17,3.3045192384719853,-5.6484780181537975,-5.032765030860901
3744,pp,0.05,0.0,70,1.8768298411369333,-6.803685978687171,-6.163730186886258
3745,do,0.05,0.0,16,1.773198704719543,-5.164437165404811,-4.702240851190355
3746,pp,0.05,0.0,23,2.038391853570938,-4.752909865523829,-4.228808535469903
3747,do,0.05,0.0,21,1.6377490687370306,-5.85770069324609,-5.336829423904419
3748,pp,0.05,0.0,37,3.147312482595443,-5.1660221128752735,-4.447256588935852
3749,do,0.05,0.0,13,0.4054915928840641,-5.802932219071821,-5.181083406342401
3750,pp,0.05,0.0,62,1.6952510321140295,-5.702588919437293,-5.263710888226827
3751,do,0.05,0.0,10,1.2590786015987394,-5.335399967251402,-4.655003333091736
3752,pp,0.05,0.0,8,0.8788104045391085,-4.678145680283055,-3.7871774951616923
3753,do,0.05,0.0,20,2.428907970190049,-5.443026388052738,-5.9940008030997385
3754,pp,0.05,0.0,15,1.6697136270999913,-4.665924393046986,-4.120602423614926
3755,do,0.05,0.0,28,1.9704538893699644,-4.473050767725164,-4.621321013238695
3756,pp,0.05,0.0,14,1.4398014366626741,-4.858732198946404,-4.108168805970086
3757,do,0.05,0.0,10,0.64077755689621,-5.963421036980369,-5.1663772953881155
3758,pp,0.05,0.0,17,0.7827176666259765,-5.362434190692324,-4.641775438520644
3759,do,0.05,0.0,26,3.1504939484596264,-5.567174557483558,-5.04960482650333
3760,pp,0.05,0.0,70,4.303234689235687,-6.442926464658795,-5.476484796735975
3761,do,0.05,0.0,18,4.476120973825455,-5.904671336665298,-5.503458484013875
3762,pp,0.05,0.0,17,2.9262170517444615,-5.551171863440311,-4.632061921225654
3763,do,0.05,0.0,36,2.5564792430400853,-5.355336050553755,-4.854375698831347
3764,pp,0.05,0.0,29,2.6617563426494604,-5.084908840873025,-4.3623171091079715
3765,do,0.05,0.0,15,2.0140057659149173,-4.898196213173144,-4.803905720180936
3766,pp,0.05,0.0,41,2.550118268728256,-5.755770423195579,-5.104204437467787
3767,do,0.05,0.0,26,2.147291778326034,-7.266932614644369,-6.689951827791002
3768,pp,0.05,0.0,67,4.018012701272965,-6.2859962492278125,-5.295254397392273
3769,do,0.05,0.0,10,0.2682264995574952,-4.999426088911115,-4.424371194839478
3770,pp,0.05,0.0,39,1.4196454107761376,-7.755955253947865,-6.522202489111159
3771,do,0.05,0.0,70,0.38341061830520573,-9.91268092213255,-8.86801822980245
3772,pp,0.05,0.0,12,1.717174913883209,-4.406865466724742,-3.7901473522186278
3773,do,0.05,0.0,13,1.9725386893749244,-4.934742976679947,-4.377845189306471
3774,pp,0.05,0.0,7,1.293502963781357,-5.091289130124179,-4.3980219099256725
3775,do,0.05,0.0,23,-0.4672506189346315,-7.983756598559293,-6.8170570108625625
3776,pp,0.05,0.0,16,0.75664425611496,-5.355238141435565,-4.674580844243367
3777,do,0.05,0.0,44,3.876927567720414,-5.57917094375148,-4.973114885224236
3778,pp,0.05,0.0,38,3.5233887910842903,-6.000543588580507,-5.252908092074924
3779,do,0.05,0.0,20,1.5638424932956694,-5.5811703479651245,-5.2057656420601734
3780,pp,0.05,0.0,37,2.737231653928756,-5.046756583994085,-4.394774278004964
3781,do,0.05,0.0,34,1.8852515208721154,-5.44922194480896,-4.719437287913428
3782,pp,0.05,0.0,70,1.0077407801151281,-6.261211700150461,-5.331771972444322
3783,do,0.05,0.0,7,0.5224892342090612,-5.389031304735126,-4.521175608370039
3784,pp,0.05,0.0,25,2.7711715888977047,-4.909392994100397,-4.210717394616869
3785,do,0.05,0.0,18,0.7530236434936519,-6.209369762016065,-5.5188314835230505
3786,pp,0.05,0.0,22,2.2323341333866127,-4.975197323885831,-4.330497797330221
3787,do,0.05,0.0,21,2.174637713432313,-5.500065393158883,-4.9209659602906966
3788,pp,0.05,0.0,23,2.878399183750153,-5.003595431645711,-4.081896652115716
3789,do,0.05,0.0,14,2.3752370548248294,-4.768559984727339,-3.9666687819692825
3790,pp,0.05,0.0,39,2.7334391534328466,-6.416819117285988,-5.159474325180054
3791,do,0.05,0.0,32,1.6891163384914396,-6.664722967147827,-5.343459738625421
3792,pp,0.05,0.0,41,3.5302475869655616,-5.642532672304096,-4.638924864927928
3793,do,0.05,0.0,25,1.139436820745468,-5.420067131158078,-5.477868710623847
3794,pp,0.05,0.0,70,3.3271972954273235,-6.097029646960172,-5.2746784289677935
3795,do,0.05,0.0,11,0.012409100532531525,-5.678191271695224,-4.89905535115136
3796,pp,0.05,0.0,10,0.45606911420822094,-6.071557609962695,-5.437938949796888
3797,do,0.05,0.0,10,1.3070370101928717,-6.384903977134011,-5.186530409918891
3798,pp,0.05,0.0,9,1.0406728172302246,-6.0137443369085135,-4.978934605916341
3799,do,0.05,0.0,20,2.246235964298248,-5.430598821062031,-5.001286347707112
3800,pp,0.05,0.0,21,2.2695623767375945,-5.422856952204849,-4.870005734761556
3801,do,0.05,0.0,19,1.2370625662803647,-7.1866232265125625,-6.511243348651462
3802,pp,0.05,0.0,20,1.91053047299385,-5.154481756325924,-4.490296109517415
3803,do,0.05,0.0,22,1.8874141502380368,-7.040959583629261,-6.44128204451667
3804,pp,0.05,0.0,53,3.046124840974807,-6.979797984614517,-6.159737041261461
3805,do,0.05,0.0,10,-0.4801966679096221,-7.05819366050489,-5.293603489134047
3806,pp,0.05,0.0,15,2.1445705246925355,-5.250746565154104,-4.3724714914957685
3807,do,0.05,0.0,19,1.0087924408912663,-5.451202522624623,-4.912948107719421
3808,pp,0.05,0.0,17,1.9701911866664892,-5.2862449660445705,-4.8539762364493475
3809,do,0.05,0.0,8,0.7010995972156522,-5.192815091393211,-4.4787220504548815
3810,pp,0.05,0.0,15,1.777386898994446,-5.5034385291012855,-4.789640839894613
3811,do,0.05,0.0,30,3.8531831610202785,-4.743713393355861,-4.42745928896798
3812,pp,0.05,0.0,19,2.416109838485718,-6.2706045410849836,-5.692490145895216
3813,do,0.05,0.0,11,0.43070108294487053,-5.020172473156091,-4.587713209788005
3814,pp,0.05,0.0,16,1.1595076882839201,-5.300183332327641,-4.497596881124708
3815,do,0.05,0.0,14,2.579744313955306,-5.00952173724319,-4.396512087186178
3816,pp,0.05,0.0,22,3.003543794155121,-5.0842599059596205,-4.437468515502082
3817,do,0.05,0.0,66,1.7338310277462003,-6.389802646636963,-5.8021463606092665
3818,pp,0.05,0.0,15,2.1797727906703948,-5.217434166416977,-4.879010600513882
3819,do,0.05,0.0,9,-0.30263894677162195,-6.843991337400494,-5.929310650295681
3820,pp,0.05,0.0,7,-0.08519186496734665,-6.389483336246375,-5.346571167310079
3821,do,0.05,0.0,47,0.7051114332675938,-6.405490291479862,-5.658705096774631
3822,pp,0.05,0.0,13,0.9619813740253447,-6.1150635242462155,-5.448657088809544
3823,do,0.05,0.0,20,1.8149827432632435,-5.511067150578354,-4.8134244362513225
3824,pp,0.05,0.0,9,0.5678953313827515,-5.800931199391683,-5.006436310874092
3825,do,0.05,0.0,53,2.4317018008232107,-5.859004435394749,-5.827919265958998
3826,pp,0.05,0.0,28,1.947878134250641,-5.439675956783873,-4.69086787700653
3827,do,0.05,0.0,21,1.5119359421730039,-5.442213224642204,-5.10355155467987
3828,pp,0.05,0.0,57,2.032769514322281,-6.919058726050637,-5.507810722457038
3829,do,0.05,0.0,15,2.744854853153228,-5.972781538240837,-5.250341910786099
3830,pp,0.05,0.0,17,2.5022863054275515,-6.375393312627619,-4.943463611602783
3831,do,0.05,0.0,13,1.1504618251323704,-4.485915811134107,-4.18347282939487
3832,pp,0.05,0.0,70,1.9635614275932323,-8.217167189626982,-6.800804127587212
3833,do,0.05,0.0,11,1.8765544116497042,-5.069603928652676,-4.531253650453356
3834,pp,0.05,0.0,13,1.910385080575943,-5.2890355124618065,-4.4251241207122805
3835,do,0.05,0.0,26,2.231262483596801,-4.85283333604986,-4.596171532736884
3836,pp,0.05,0.0,46,2.9901525926589976,-6.115230982231371,-5.13891130288442
3837,do,0.05,0.0,30,2.7249516952037816,-6.964984876459295,-6.137831841574775
3838,pp,0.05,0.0,8,1.240955092906952,-4.7800340609116985,-4.094819678200616
3839,do,0.05,0.0,22,3.3498759615421303,-6.1522933136333116,-5.059678983688355
3840,pp,0.05,0.0,26,2.6389816188812247,-6.285977385260842,-5.419197758038838
3841,do,0.05,0.0,18,2.4563336288928985,-4.312582341829936,-4.229698295063443
3842,pp,0.05,0.0,14,1.9430660104751585,-4.685634696844852,-4.142333730061849
3843,do,0.05,0.0,17,1.1996166181564334,-5.208387970201897,-4.773253207736545
3844,pp,0.05,0.0,17,0.5646497976779941,-5.734808046167547,-4.7673066059748335
3845,do,0.05,0.0,14,1.5499711596965788,-6.135442660071633,-5.7704972479078505
3846,pp,0.05,0.0,11,1.8088707900047307,-4.574767612688469,-3.997973949379391
3847,do,0.05,0.0,11,1.0536640501022339,-4.641235171664845,-4.2661521501011315
3848,pp,0.05,0.0,33,2.07102166891098,-6.896626684882424,-5.965772218174404
3849,do,0.05,0.0,17,2.3897917664051063,-5.278181453184648,-4.777174801296658
3850,pp,0.05,0.0,8,0.6138744163513188,-5.301513242721557,-4.664318731096055
3851,do,0.05,0.0,20,1.3260671150684349,-5.447309426105384,-5.785815090603299
3852,pp,0.05,0.0,19,2.6918551707267753,-5.275595201145519,-4.547346092594994
3853,do,0.05,0.0,17,2.31404777765274,-5.061470996972286,-4.9223065853118895
3854,pp,0.05,0.0,14,2.9376810896396632,-4.8291410388368545,-4.094796817832523
3855,do,0.05,0.0,70,0.9015976917743682,-6.131418801798965,-5.719205260276794
3856,pp,0.05,0.0,70,0.5381570005416876,-7.393333690816706,-7.240667120615641
3857,do,0.05,0.0,22,2.555187932252884,-4.783868305610888,-4.272311091423035
3858,pp,0.05,0.0,18,1.995979430675506,-5.758154795386575,-4.614604994985792
3859,do,0.05,0.0,40,3.1577720475196847,-5.023180489106612,-4.696235611703661
3860,pp,0.05,0.0,33,2.499850995540619,-5.683707643277717,-5.216061067581177
3861,do,0.05,0.0,21,0.23142178535461433,-5.491640775853937,-5.8770654148525665
3862,pp,0.05,0.0,27,1.686325223445892,-4.8282137422850635,-4.315773293707106
3863,do,0.05,0.0,70,2.7491482865810397,-8.708639389095884,-7.6374811702304415
3864,pp,0.05,0.0,70,2.648475803136826,-8.007245221282497,-7.045542271931966
3865,do,0.05,0.0,14,1.4479451155662533,-5.436307988022313,-5.480503617392646
3866,pp,0.05,0.0,17,2.6138525724411013,-5.108133480765603,-4.485889943440755
3867,do,0.05,0.0,10,0.5567072427272803,-4.71549930861502,-4.449446116553412
3868,pp,0.05,0.0,18,1.200185791254044,-4.925145442558057,-4.4380096912384035
3869,do,0.05,0.0,38,2.194039458036423,-7.729682938257853,-7.03764463795556
3870,pp,0.05,0.0,43,3.240777177810668,-6.768347516204372,-5.38427291976081
3871,do,0.05,0.0,18,1.6822090542316444,-5.837803279992306,-5.617388598124186
3872,pp,0.05,0.0,16,1.2821348500251766,-4.779907534339211,-4.135676962799496
3873,do,0.05,0.0,14,1.75697851061821,-5.140196587822654,-4.487717245684729
3874,pp,0.05,0.0,55,3.466525723934173,-5.285675384059097,-4.230657668908437
3875,do,0.05,0.0,14,2.329105763435364,-5.016128684535171,-5.087267565727234
3876,pp,0.05,0.0,11,1.5682540249824521,-5.226199155865293,-4.179266672664219
3877,do,0.05,0.0,52,6.167976957559586,-5.943955557274096,-5.361588973469204
3878,pp,0.05,0.0,70,3.354503079652787,-5.0997643051725445,-4.451199260022905
3879,do,0.05,0.0,30,4.515082275867462,-6.027939027728457,-5.750095672077602
3880,pp,0.05,0.0,42,4.611968874931335,-6.577682450323394,-6.2342208544413245
3881,do,0.05,0.0,46,3.1365705454349513,-5.473924610831521,-4.766100965605842
3882,pp,0.05,0.0,24,3.056163275241852,-4.390144744063869,-3.86454807917277
3883,do,0.05,0.0,21,1.6374878776073452,-5.632003503857237,-5.194034780396356
3884,pp,0.05,0.0,17,1.5681830942630768,-5.074389337770866,-4.1805285877651635
3885,do,0.05,0.0,21,4.069414728879929,-5.407727189497514,-4.873820628060235
3886,pp,0.05,0.0,38,4.53978437423706,-5.790983080141472,-4.990419974591997
3887,do,0.05,0.0,35,4.931671466827392,-5.885841772773049,-6.348313625653585
3888,pp,0.05,0.0,70,1.8538438272476192,-5.763735980698557,-5.055371120240953
3889,do,0.05,0.0,28,2.291465733051301,-6.030194382234053,-6.094718962245517
3890,pp,0.05,0.0,59,3.1624856364727023,-6.330978873281768,-5.736367748843299
3891,do,0.05,0.0,24,2.7875569021701807,-4.674714943856904,-4.572254999478658
3892,pp,0.05,0.0,17,1.802515881061554,-4.852998490767045,-3.991694026523166
3893,do,0.05,0.0,13,1.8150038373470307,-5.603147726347952,-5.071345896191067
3894,pp,0.05,0.0,9,1.0926241087913509,-4.549395301125267,-3.756189427110884
3895,do,0.05,0.0,70,1.3017795348167418,-7.397098718989979,-7.248460266325209
3896,pp,0.05,0.0,9,0.8405546128749855,-6.60036782206911,-5.089381782213847
3897,do,0.05,0.0,12,2.044498136043549,-5.353091658967914,-4.98025996155209
3898,pp,0.05,0.0,9,1.6701700067520138,-4.908217827479045,-3.9411018583509656
3899,do,0.05,0.0,38,2.4094704174995423,-5.2872636881741615,-4.5530356645584105
3900,pp,0.05,0.0,40,3.7077212131023414,-4.930549907684326,-4.2047596004274155
3901,do,0.05,0.0,15,1.3466168212890626,-5.996809806245746,-6.391951603359646
3902,pp,0.05,0.0,33,2.047254923582077,-5.262129740281538,-4.708283101187812
3903,do,0.05,0.0,31,3.8850982034206396,-5.860522879976215,-5.392166323131985
3904,pp,0.05,0.0,42,2.0761785924434673,-7.067446600307118,-5.887944327460395
3905,do,0.05,0.0,36,2.969876419305801,-5.260325661572543,-5.621896619266934
3906,pp,0.05,0.0,53,4.157693907022476,-5.663307119138313,-4.994836539692349
3907,do,0.05,0.0,18,1.8421660566329958,-6.250632658871737,-5.088509342405531
3908,pp,0.05,0.0,12,2.051202397346497,-4.741517906477957,-4.000288085142771
3909,do,0.05,0.0,15,1.5544445586204532,-5.028929432955655,-4.4920625633663605
3910,pp,0.05,0.0,24,1.91522691488266,-5.373451026280721,-4.424320096439786
3911,do,0.05,0.0,24,1.2664758455753322,-8.203177538785068,-6.94036123752594
3912,pp,0.05,0.0,69,2.391583015918732,-9.827682943055123,-8.057470915052626
3913,do,0.05,0.0,23,2.245949037075042,-4.956111675320249,-5.2483568085564505
3914,pp,0.05,0.0,40,3.2218210971355443,-4.709199120781639,-4.398599954446157
3915,do,0.05,0.0,58,2.885055999755859,-6.359324221177535,-6.387404505411784
3916,pp,0.05,0.0,23,1.7767903912067418,-4.964699031367447,-4.182502211464776
3917,do,0.05,0.0,37,2.6167797791957854,-7.041380497903535,-6.769741254382663
3918,pp,0.05,0.0,22,1.8080036890506737,-4.936026207605997,-4.145153241687351
3919,do,0.05,0.0,14,1.8759249627590178,-5.3146710872650145,-5.361316572295295
3920,pp,0.05,0.0,23,2.399043302536011,-5.204809840520223,-4.46070036093394
3921,do,0.05,0.0,17,1.5074079608917232,-5.209069975939664,-4.874249455663893
3922,pp,0.05,0.0,44,1.9789375305175785,-5.876960589668967,-4.943198087480333
3923,do,0.05,0.0,30,3.8396223425865177,-6.309130425886674,-6.085400485992432
3924,pp,0.05,0.0,23,2.5883577167987815,-4.75122652053833,-4.174145208464728
3925,do,0.05,0.0,19,3.081178609132767,-5.082902207519069,-4.662087013986375
3926,pp,0.05,0.0,18,3.048254659175873,-4.9526499155795936,-4.388327858183119
3927,do,0.05,0.0,29,2.446536517143249,-5.772616448546901,-5.626311593585545
3928,pp,0.05,0.0,24,3.181772328615188,-4.475151466600822,-4.164805817604065
3929,do,0.05,0.0,31,3.995748581886291,-5.632511286302046,-5.275786060757107
3930,pp,0.05,0.0,27,2.4561840641498565,-4.396211520108309,-3.7617239899105495
3931,do,0.05,0.0,13,1.9549488067626948,-6.345774153507117,-6.579941444926792
3932,pp,0.05,0.0,13,2.2722837388515478,-5.20115245183309,-4.32190678384569
3933,do,0.05,0.0,27,3.1302986621856697,-5.299568223953247,-5.088238406181335
3934,pp,0.05,0.0,21,2.6533508658409124,-4.384123608560273,-3.7954690204726327
3935,do,0.05,0.0,35,3.387769937515258,-4.890410881331473,-4.591734345753988
3936,pp,0.05,0.0,38,1.8216692209243766,-6.813432054808645,-6.083495346705119
3937,do,0.05,0.0,43,2.2341587650775914,-5.332918128100308,-5.317625077565511
3938,pp,0.05,0.0,21,1.3218775570392598,-5.580246199983539,-4.81365605990092
3939,do,0.05,0.0,15,2.537274355888367,-6.110233845855251,-5.371984892421299
3940,pp,0.05,0.0,10,1.4546663463115692,-5.629918331088442,-4.537682787577311
3941,do,0.05,0.0,13,1.2899130249023436,-5.672593600822218,-5.925961814986335
3942,pp,0.05,0.0,32,2.5938350522518157,-4.795997313297156,-4.253009496794807
3943,do,0.05,0.0,22,2.90277516245842,-5.189015226653128,-5.234937132729424
3944,pp,0.05,0.0,7,1.1712614524364477,-4.743774357709017,-3.871644491619534
3945,do,0.05,0.0,19,0.7957495224475863,-5.937415630167181,-5.595786796675788
3946,pp,0.05,0.0,11,0.9190409398078918,-5.485851033528646,-4.666650011804369
3947,do,0.05,0.0,11,2.0066488039493553,-5.99152355483084,-5.570564834276835
3948,pp,0.05,0.0,12,2.0845642733573913,-5.158158105792421,-4.418226016892327
3949,do,0.05,0.0,23,2.0108563745021826,-5.897775404381029,-5.4392485009299385
3950,pp,0.05,0.0,17,2.5037448310852053,-5.311561834450924,-4.707222580909729
3951,do,0.05,0.0,22,2.658346511125564,-6.561094675642071,-5.84894515938229
3952,pp,0.05,0.0,13,2.7645800185203555,-5.246997898275202,-4.185982569058736
3953,do,0.05,0.0,28,4.452765314579009,-5.2521830703272965,-4.517162064711253
3954,pp,0.05,0.0,67,4.372207262516022,-6.2979053844105115,-5.105218961503771
3955,do,0.05,0.0,14,1.217104243040085,-5.233437858928333,-4.609025266435411
3956,pp,0.05,0.0,18,0.9045409929752353,-4.894791871851141,-4.280752484003703
3957,do,0.05,0.0,70,2.523655048608779,-7.564328031828909,-7.618733321295844
3958,pp,0.05,0.0,21,3.242121057510375,-5.411742727684252,-4.609042119979859
3959,do,0.05,0.0,25,0.5182109808921815,-5.618238414417614,-4.991167124112447
3960,pp,0.05,0.0,15,1.7832534301280978,-5.041215954404889,-4.326240046819051
3961,do,0.05,0.0,21,2.0963187634944918,-4.7257944959582705,-4.601312393612332
3962,pp,0.05,0.0,35,1.8811040234565741,-5.535191949208578,-4.640417374504937
3963,do,0.05,0.0,22,2.2809964168071746,-4.107789770762126,-3.7439690046840246
3964,pp,0.05,0.0,17,2.0401021265983585,-5.8278950142137935,-4.999749501546224
3965,do,0.05,0.0,43,2.3470912897586826,-5.10634756377249,-4.427822909090254
3966,pp,0.05,0.0,68,3.0407951200008387,-5.883469174124977,-4.711969370312161
3967,do,0.05,0.0,18,0.9853922367095942,-5.329569998654452,-4.756403213077121
3968,pp,0.05,0.0,65,3.1315068590641015,-6.024970349398527,-5.626734532250298
3969,do,0.05,0.0,22,2.9842975497245785,-4.5796623952461015,-4.4851038641399805
3970,pp,0.05,0.0,53,3.6073780548572536,-5.539857472795429,-4.614547643396589
3971,do,0.05,0.0,15,0.9520746469497681,-5.300483577901667,-4.974244252840678
3972,pp,0.05,0.0,69,1.2098508083820354,-6.4559124195214475,-5.902547505166796
3973,do,0.05,0.0,33,2.6596014475822454,-4.470726745778864,-4.413638660642836
3974,pp,0.05,0.0,21,2.1581547343730927,-5.328053399288293,-4.617247149679396
3975,do,0.05,0.0,16,1.7034744477272037,-4.427156471483635,-4.162586935361227
3976,pp,0.05,0.0,9,0.836697100400924,-5.757981469414451,-4.827306146091885
3977,do,0.05,0.0,29,3.5826985645294194,-4.822892613844438,-4.781089244948493
3978,pp,0.05,0.0,15,1.8196314346790317,-4.587172138329708,-3.8492033931944105
3979,do,0.05,0.0,10,1.840315158367157,-4.820571903748946,-4.41061192618476
3980,pp,0.05,0.0,58,3.028666156530381,-7.918108896775679,-6.689887600474887
3981,do,0.05,0.0,23,1.5093824625015255,-5.426673568378796,-5.220811388227674
3982,pp,0.05,0.0,28,1.5748881840705868,-6.35941976778435,-5.438183495733473
3983,do,0.05,0.0,70,2.9948909127712255,-7.205075639666933,-6.766639041900635
3984,pp,0.05,0.0,14,2.4890954816341395,-5.304660727761009,-4.494281024403042
3985,do,0.05,0.0,24,1.5478890907764429,-5.647119452736595,-5.1491179413265655
3986,pp,0.05,0.0,20,3.850854996442794,-5.845328843954838,-4.844463062286377
3987,do,0.05,0.0,14,1.853244836330413,-5.121766905351119,-4.663929824034373
3988,pp,0.05,0.0,8,0.5569995057582853,-5.71781738021157,-4.6097931914859345
3989,do,0.05,0.0,28,2.72589926123619,-5.917460396795562,-5.363661906454298
3990,pp,0.05,0.0,19,1.6362056446075437,-5.795204187161994,-5.089489735497368
3991,do,0.05,0.0,21,2.0537712085247044,-5.13519401550293,-4.684377015961541
3992,pp,0.05,0.0,20,1.61359004020691,-6.042945376309482,-4.783723375532362
3993,do,0.05,0.0,12,0.8139934349060063,-4.463640575697927,-4.093481018808153
3994,pp,0.05,0.0,17,0.6398083567619324,-5.677860121293501,-4.735877291361491
3995,do,0.05,0.0,17,1.8338181662559512,-4.859670360160597,-4.6881436083051895
3996,pp,0.05,0.0,45,0.5068233346939097,-6.735201241753318,-6.271141269471911
3997,do,0.05,0.0,28,3.0042745530605313,-4.553295571876295,-4.007558702097999
3998,pp,0.05,0.0,42,2.899358359575271,-6.132034655773278,-5.31045618057251
3999,do,0.05,0.0,26,3.11818845629692,-6.736101731387052,-6.405908489227295
4000,pp,0.05,0.0,20,3.0096880877017975,-5.43603929606351,-4.6619440025753445
4001,do,0.05,0.0,35,2.700892913341522,-5.405692510893851,-4.900908679432339
4002,pp,0.05,0.0,17,1.890050408840179,-5.374656399813565,-4.430344676971435
4003,do,0.05,0.0,26,3.549425851106644,-5.238203545772668,-4.613168946901957
4004,pp,0.05,0.0,14,2.0027928972244258,-5.078834111762769,-4.422050285339355
4005,do,0.05,0.0,19,3.2263702619075767,-5.179642063198668,-4.895802818404304
4006,pp,0.05,0.0,13,1.737433420419693,-5.201657988808372,-4.582697661717733
4007,do,0.05,0.0,20,2.1752382850646974,-5.342900095563946,-4.745148762067159
4008,pp,0.05,0.0,12,1.669887276887894,-4.937287103768551,-4.241881306966146
4009,do,0.05,0.0,17,1.4609016335010523,-5.904225675987475,-5.695183261235555
4010,pp,0.05,0.0,41,0.9851062142848965,-5.955561117692427,-5.635479333665636
4011,do,0.05,0.0,14,2.4723068284988408,-4.691601506146518,-4.183465838432312
4012,pp,0.05,0.0,13,1.8301510548591615,-5.011233204061335,-4.007700122727288
4013,do,0.05,0.0,26,1.648971822261811,-5.009735415198586,-4.9263602548175385
4014,pp,0.05,0.0,12,0.8484069132804866,-5.873378755107071,-4.897566551632352
4015,do,0.05,0.0,55,2.5061174833774578,-5.969784431746512,-5.176994861496819
4016,pp,0.05,0.0,27,2.336944210529328,-5.706026698603774,-4.711533909373813
4017,do,0.05,0.0,14,1.3655652511119838,-4.40028568759109,-4.076746029324002
4018,pp,0.05,0.0,12,1.4931675279140473,-4.748621637170965,-4.238908979627821
4019,do,0.05,0.0,70,0.9512029695510869,-9.298408594998447,-8.783798657523262
4020,pp,0.05,0.0,26,1.7316796863079063,-5.641639885757908,-4.930399992730883
4021,do,0.05,0.0,42,1.008521835803986,-7.269190762259743,-7.181089886029562
4022,pp,0.05,0.0,14,1.0860730457305907,-4.737699900251446,-4.293153282006582
4023,do,0.05,0.0,10,1.3376299965381628,-4.710223432020707,-4.190262627601624
4024,pp,0.05,0.0,23,3.0961186122894286,-5.261382615927494,-4.507918670442369
4025,do,0.05,0.0,21,1.0332044160366056,-5.731455593398123,-5.447323524951935
4026,pp,0.05,0.0,57,3.803729931116104,-6.548426560199622,-5.246379039022657
4027,do,0.05,0.0,33,4.488863551616669,-4.6959333231954865,-4.5237960947884455
4028,pp,0.05,0.0,47,3.2648557460308076,-5.8384110869783346,-4.807553176085154
4029,do,0.05,0.0,23,2.457002561092377,-4.20576733603622,-4.268181692229377
4030,pp,0.05,0.0,70,2.284651716947555,-6.459877077738444,-5.852858482466804
4031,do,0.05,0.0,22,1.1868386542797094,-5.511400266127153,-5.708992277251349
4032,pp,0.05,0.0,6,0.13933012008667056,-4.6118787635456435,-3.9704396274354723
4033,do,0.05,0.0,31,2.8270512473583223,-6.196419983199148,-6.662332259284126
4034,pp,0.05,0.0,51,3.0794247817993163,-6.785478716185598,-5.659985531700982
4035,do,0.05,0.0,19,1.5389912903308867,-4.734501033840758,-4.700022912025451
4036,pp,0.05,0.0,13,1.038882411718368,-4.954952904672334,-4.478514120313856
4037,do,0.05,0.0,20,1.4571948087215425,-4.888926875952518,-4.716162684228685
4038,pp,0.05,0.0,16,1.4829601263999939,-5.136960915363196,-4.680752983358171
4039,do,0.05,0.0,17,1.7921372246742244,-5.4491263895323785,-5.071391309632196
4040,pp,0.05,0.0,18,2.0388338065147398,-4.414491419358687,-3.7667658752865263
4041,do,0.05,0.0,20,2.55591992020607,-4.4772055597016305,-4.56922523578008
4042,pp,0.05,0.0,64,1.746729943752289,-8.382132978150338,-7.234615344471401
4043,do,0.05,0.0,42,4.404050117731094,-5.1232944026137845,-4.747437228096856
4044,pp,0.05,0.0,48,2.2510829520225517,-7.234214077573834,-5.7390264007780285
4045,do,0.05,0.0,15,1.6910332322120665,-5.293651593815197,-4.759714251094394
4046,pp,0.05,0.0,55,1.363037217855453,-6.99827824939381,-6.349066358142429
4047,do,0.05,0.0,27,1.9900954914093019,-4.619244230154789,-4.3410890287823145
4048,pp,0.05,0.0,35,2.556427209377289,-5.744665536013517,-4.376678019099765
4049,do,0.05,0.0,15,1.555986984968185,-4.364987792390766,-4.399621711836921
4050,pp,0.05,0.0,14,1.7469103419780732,-5.058064879793109,-4.876285717222426
4051,do,0.05,0.0,16,1.8967178940773008,-4.44903729467681,-4.107465411557092
4052,pp,0.05,0.0,26,2.894853889942169,-7.456834719397805,-6.255704500940111
4053,do,0.05,0.0,12,1.3754870116710665,-4.921645538734667,-4.3769277307722305
4054,pp,0.05,0.0,38,2.7064012181758885,-5.519046147664388,-4.629653494887882
4055,do,0.05,0.0,70,2.2372656142711644,-6.547803341258656,-6.148556894726223
4056,pp,0.05,0.0,62,3.3250844454765316,-6.5361764402100535,-6.015616406334771
4057,do,0.05,0.0,70,3.8438364410400396,-8.528549802664555,-7.407558565669589
4058,pp,0.05,0.0,21,3.303882925510406,-4.873146912545868,-4.139580827289158
4059,do,0.05,0.0,26,1.5224359810352333,-4.339022773684877,-4.135132136609819
4060,pp,0.05,0.0,17,1.7297194969654086,-5.242134524836684,-4.84113433625963
4061,do,0.05,0.0,15,2.0282369148731236,-4.694200829303626,-4.25672217739953
4062,pp,0.05,0.0,70,3.2361074316501615,-7.48127437504855,-6.287090465757582
4063,do,0.05,0.0,24,1.7872825515270243,-5.533569921146739,-5.107318600018819
4064,pp,0.05,0.0,26,2.284196761846543,-4.93215900478941,-4.209186842706468
4065,do,0.05,0.0,16,2.3221105122566223,-4.598717055176244,-4.464717099401686
4066,pp,0.05,0.0,30,3.8112695312500007,-5.960970601168546,-5.302641407648722
4067,do,0.05,0.0,17,2.0445256471633906,-4.6075585004055135,-4.274137422773573
4068,pp,0.05,0.0,6,0.5775459945201868,-5.718638342077082,-5.226146019829644
4069,do,0.05,0.0,63,3.951919730901718,-6.939907776225697,-6.018939569261339
4070,pp,0.05,0.0,34,4.166120126247407,-5.403870540676695,-4.488947306738959
4071,do,0.05,0.0,22,2.3126435887813575,-4.548738544637507,-4.370661287837558
4072,pp,0.05,0.0,24,1.5108285260200507,-5.02623172528816,-4.591756481594509
4073,do,0.05,0.0,16,1.6690720307826998,-4.499268442211729,-4.430287702878316
4074,pp,0.05,0.0,39,1.6285532021522515,-5.866577226465399,-5.208988642692566
4075,do,0.05,0.0,45,3.7791282284259786,-5.410525054642648,-5.357234231630961
4076,pp,0.05,0.0,35,2.7256559562683105,-4.5199618556282735,-4.206853073173099
4077,do,0.05,0.0,24,2.3910129392147077,-4.6780237183426365,-4.3238390472200185
4078,pp,0.05,0.0,30,2.5688323044776915,-5.35262437878233,-4.501332873768277
4079,do,0.05,0.0,31,2.964305747747421,-5.508556311058276,-5.043956637382507
4080,pp,0.05,0.0,19,1.9530119574069973,-5.564814350821755,-4.807140445709228
4081,do,0.05,0.0,12,2.063079086542129,-4.135572122805046,-4.083433042632209
4082,pp,0.05,0.0,13,1.6016896235942832,-5.277306339957497,-4.926764252450731
4083,do,0.05,0.0,24,3.5308667600154884,-4.688849254087969,-4.6129213995403715
4084,pp,0.05,0.0,20,2.622689354419709,-6.806775318492543,-6.041504814889696
4085,do,0.05,0.0,14,1.6772289311885826,-4.55414804689812,-4.692899693383111
4086,pp,0.05,0.0,13,0.7091520392894743,-6.002886662338719,-6.43383620844947
4087,do,0.05,0.0,14,2.7080229854583733,-4.291096902616096,-4.299161296420627
4088,pp,0.05,0.0,19,2.7023383009433743,-5.6339223298159515,-4.839842478434245
4089,do,0.05,0.0,33,1.0054405546188354,-5.597469368847934,-5.415977822409736
4090,pp,0.05,0.0,22,2.3527906250953663,-6.415469139272516,-6.261961142222087
4091,do,0.05,0.0,33,3.2277487957477566,-4.035563505057133,-3.8843494984838696
4092,pp,0.05,0.0,15,1.6287795710563664,-6.101753633672541,-6.112513568666246
4093,do,0.05,0.0,16,2.1533754205703737,-4.211627129352454,-3.9597911728752986
4094,pp,0.05,0.0,24,2.470820089578628,-4.544030929334236,-4.268541651301914
4095,do,0.05,0.0,9,1.4118806207180024,-4.834791583725901,-4.6983604272206625
4096,pp,0.05,0.0,11,1.8684825277328487,-5.922183685591727,-5.054942976103889
4097,do,0.05,0.0,36,3.0847951459884637,-5.000422239303589,-4.708069821198781
4098,pp,0.05,0.0,36,2.549899251461029,-4.905308619412509,-4.486771733231015
4099,do,0.05,0.0,30,2.6382981300354,-4.996062148701061,-4.502918770578172
4100,pp,0.05,0.0,18,1.9653510248661048,-4.8337103973735465,-4.1556909031338165
4101,do,0.05,0.0,51,4.322899057865142,-5.73593919060447,-5.106841150919596
4102,pp,0.05,0.0,9,2.0565096211433413,-5.874398448250511,-4.679857206344605
4103,do,0.05,0.0,35,2.4115421307086944,-4.1960701111591225,-4.399445960256789
4104,pp,0.05,0.0,28,2.3472177851200104,-4.746568127834435,-4.212657160229153
4105,do,0.05,0.0,16,1.733445430994034,-4.4384600234754155,-4.16435388856464
4106,pp,0.05,0.0,17,2.1949242436885834,-5.167411145296964,-4.362589722209506
4107,do,0.05,0.0,10,0.7960231602191925,-5.008805194045558,-5.009185078408983
4108,pp,0.05,0.0,24,2.0327440416812905,-6.40117549607248,-5.328161109818352
4109,do,0.05,0.0,70,3.111466853618623,-7.212531612858628,-6.489690415064493
4110,pp,0.05,0.0,12,1.357049714326858,-5.212717550451106,-4.199404690000746
4111,do,0.05,0.0,22,1.9098931586742403,-4.057958220713067,-4.194634935590956
4112,pp,0.05,0.0,22,2.089250395298005,-5.041593511176832,-4.686390272776285
4113,do,0.05,0.0,36,3.4500875747203823,-5.283007524952744,-4.9461308770709564
4114,pp,0.05,0.0,37,4.17892859339714,-5.201625747391672,-4.370293933815426
4115,do,0.05,0.0,19,2.109219934940339,-6.124424623720573,-5.597462691201104
4116,pp,0.05,0.0,15,1.9705141460895543,-5.53594977349946,-4.761942961480883
4117,do,0.05,0.0,70,0.8234436118602755,-7.892113766525731,-7.07726915412479
4118,pp,0.05,0.0,19,1.7083237886428835,-4.710462911201246,-4.330504972404904
4119,do,0.05,0.0,7,0.9828721165657042,-4.435396495009914,-4.092392681704627
4120,pp,0.05,0.0,17,1.577738856077195,-4.658293854106557,-3.9398033022880554
4121,do,0.05,0.0,28,1.5104039728641512,-6.204642914280747,-5.683208998044332
4122,pp,0.05,0.0,66,1.814523448944092,-7.420712648738514,-6.4144982894261675
4123,do,0.05,0.0,11,1.6646964824199681,-5.564115421699755,-4.735534077220493
4124,pp,0.05,0.0,13,1.12928127527237,-4.561334156267571,-3.9938936127556697
4125,do,0.05,0.0,49,1.3283471465110779,-8.799612776438396,-7.941467332839966
4126,pp,0.05,0.0,25,1.6083236908912655,-5.312466865597349,-4.26431069638994
4127,do,0.05,0.0,69,0.9185268139839167,-7.163550527168042,-7.16219294336107
4128,pp,0.05,0.0,17,1.5743287265300747,-4.5499627460132945,-4.255238661501143
4129,do,0.05,0.0,14,2.8135546493530272,-5.793438401366725,-5.031356689665053
4130,pp,0.05,0.0,31,3.17060628414154,-5.74030789606499,-5.032925844192505
4131,do,0.05,0.0,14,3.1176071119308473,-4.200976805253462,-4.315018941296471
4132,pp,0.05,0.0,13,2.028899675607681,-5.729169729984168,-4.468993330001831
4133,do,0.05,0.0,18,2.6679564082622536,-4.987811615972808,-4.397189201249017
4134,pp,0.05,0.0,24,2.768803408145904,-5.144340221809618,-4.15515749586953
4135,do,0.05,0.0,63,1.7944658112525946,-6.351972725897125,-5.8575131283866035
4136,pp,0.05,0.0,24,1.6031391477584842,-4.861547912250866,-4.364192114935981
4137,do,0.05,0.0,14,1.5119056332111356,-4.8767737258564345,-4.454163119528029
4138,pp,0.05,0.0,11,1.3721915721893314,-4.698867388927575,-4.0661554667684765
4139,do,0.05,0.0,14,0.3244692385196686,-5.46507093111674,-4.8929456366433035
4140,pp,0.05,0.0,20,1.725331844091416,-4.859985068350127,-4.385048090087043
4141,do,0.05,0.0,6,0.8049044525623321,-4.169596604144934,-3.8643838763237
4142,pp,0.05,0.0,6,0.7970957124233244,-4.430562234647346,-3.6771674858199224
4143,do,0.05,0.0,35,2.7187016057968147,-4.539946391365745,-4.310249378946092
4144,pp,0.05,0.0,29,2.541635820865631,-5.378935907826279,-4.382603010866377
4145,do,0.05,0.0,32,2.735343197584152,-6.268354934634584,-5.467736784617106
4146,pp,0.05,0.0,32,2.470812647342682,-5.001923335682262,-4.4285882949829105
4147,do,0.05,0.0,66,2.546696242094039,-6.227003672628692,-5.270575528674655
4148,pp,0.05,0.0,30,3.979605365991592,-5.2172120368841925,-4.406127316421933
4149,do,0.05,0.0,17,1.8910332453250884,-4.809954923571962,-4.355321092075772
4150,pp,0.05,0.0,15,1.5526472902297979,-5.231652774232806,-4.802487129635281
4151,do,0.05,0.0,14,2.2540512311458585,-4.622580418442235,-4.359922214349111
4152,pp,0.05,0.0,16,1.8046454513072963,-4.834845487999194,-3.941255761517419
4153,do,0.05,0.0,12,1.8629475724697118,-4.594088008187034,-3.9887024654282466
4154,pp,0.05,0.0,16,2.107415398359299,-4.973651205409657,-4.254125338130527
4155,do,0.05,0.0,50,2.119647102355956,-6.6227139053922714,-5.9586136235131155
4156,pp,0.05,0.0,19,2.745361576080323,-5.851774808132287,-5.258870810932583
4157,do,0.05,0.0,15,1.9600833940505984,-5.027935298283895,-4.580054105652703
4158,pp,0.05,0.0,13,1.5166944897174837,-5.6181290250836,-4.857030280431112
4159,do,0.05,0.0,20,2.841889885663986,-4.288609945412838,-3.920452168252733
4160,pp,0.05,0.0,31,2.5609638762474054,-4.654927548495206,-3.9348975658416747
4161,do,0.05,0.0,25,2.359031146764756,-4.501038927020448,-4.161387454138862
4162,pp,0.05,0.0,36,3.268849076032639,-5.494312400528879,-4.872181195682949
4163,do,0.05,0.0,30,1.4940814018249506,-5.1854484904896125,-4.939111950662401
4164,pp,0.05,0.0,17,1.5767786467075346,-5.125731830885916,-4.5129110018412275
4165,do,0.05,0.0,28,1.8752377903461461,-5.395012294884884,-4.998221961657206
4166,pp,0.05,0.0,20,1.1636688137054447,-5.456316631490534,-4.759308388498094
4167,do,0.05,0.0,70,2.0066993618011484,-8.326765738111554,-7.517709835370382
4168,pp,0.05,0.0,33,3.5466192042827602,-6.128404448249123,-5.387035173839993
4169,do,0.05,0.0,31,2.5240432643890376,-4.851546316435843,-4.40554727713267
4170,pp,0.05,0.0,57,2.0637613785266886,-7.554231884985259,-6.417950754695468
4171,do,0.05,0.0,10,1.6269170796871189,-4.285718078324289,-4.566198515892029
4172,pp,0.05,0.0,7,1.0753767240047454,-5.672865517934164,-5.070258543226454
4173,do,0.05,0.0,19,2.4962748348712926,-4.4055526704499215,-4.221144612630209
4174,pp,0.05,0.0,30,1.7724420833587642,-6.041411813100179,-5.362304721938239
4175,do,0.05,0.0,35,3.3085158932209016,-4.895226654861912,-4.4254030585289
4176,pp,0.05,0.0,33,3.3406753039360044,-5.354776750911366,-4.682371883922153
4177,do,0.05,0.0,19,1.887677550315857,-4.27655559164105,-4.035845156510671
4178,pp,0.05,0.0,8,1.3072771060466772,-4.904217481613159,-4.164275746875339
4179,do,0.05,0.0,16,0.6102250349521636,-5.684864191575484,-5.202889113956028
4180,pp,0.05,0.0,15,0.9743492460250858,-5.5308462937672935,-5.277687886026171
4181,do,0.05,0.0,9,1.2513722419738764,-4.4739818269556215,-4.047357890341017
4182,pp,0.05,0.0,15,1.6421303904056552,-4.775019741058349,-4.454416261778937
4183,do,0.05,0.0,34,2.344757244586944,-4.927761807586208,-4.714695970217387
4184,pp,0.05,0.0,29,2.141259777545928,-5.748038063627301,-5.3155607011583115
4185,do,0.05,0.0,28,2.8097449767589575,-3.994646348375263,-3.760343697335985
4186,pp,0.05,0.0,40,2.6567854440212253,-6.085159985224406,-5.4999987893634374
4187,do,0.05,0.0,36,2.7521996319293978,-5.32748187383016,-4.942343054877387
4188,pp,0.05,0.0,22,2.575515007972716,-5.899280053919012,-5.642834586567349
4189,do,0.05,0.0,24,1.6361191391944887,-4.943710384946881,-5.332856856452095
4190,pp,0.05,0.0,23,1.422265329360962,-6.017667416370276,-5.3259808434380425
4191,do,0.05,0.0,13,2.475176186561585,-4.263788081660415,-4.172743656900194
4192,pp,0.05,0.0,30,2.8002484703063955,-6.64104236833977,-5.689789168039957
4193,do,0.05,0.0,22,2.269658011198044,-4.220029193704779,-3.868759916888343
4194,pp,0.05,0.0,24,2.6302406382560735,-4.998618014653524,-4.340357167190976
4195,do,0.05,0.0,21,3.646606050729752,-4.581263082677668,-4.1785107440418665
4196,pp,0.05,0.0,11,1.8403334248065946,-4.921844148635865,-4.270281097624037
4197,do,0.05,0.0,25,2.096777663230897,-4.951449940421364,-5.04749645921919
4198,pp,0.05,0.0,24,2.5875919771194447,-4.867500075426968,-4.189948717753093
4199,do,0.05,0.0,14,1.7867105710506443,-4.46245296940659,-4.283789192305671
4200,pp,0.05,0.0,16,1.1545913147926328,-5.918652054757783,-5.119034711519877
4201,do,0.05,0.0,55,2.4110330760478975,-6.423251753142385,-5.743080894152324
4202,pp,0.05,0.0,20,2.1198106241226196,-4.850425043973056,-4.120258253150516
4203,do,0.05,0.0,20,3.1012559461593634,-5.083915402672508,-4.569226076867845
4204,pp,0.05,0.0,70,1.8686663007736222,-9.53134352944114,-8.192691455947028
4205,do,0.05,0.0,30,2.083058063983917,-5.483873656301787,-5.029017419285244
4206,pp,0.05,0.0,34,2.635319399833678,-5.125817456389918,-4.5011233912573925
4207,do,0.05,0.0,15,2.893636269569397,-4.36610357689135,-4.134318746460808
4208,pp,0.05,0.0,15,1.3954496133327483,-5.310388004418575,-4.546621582243177
4209,do,0.05,0.0,30,0.9610993230342872,-6.814403931299846,-6.235129435857137
4210,pp,0.05,0.0,23,1.8113396072387697,-7.335399043921268,-6.212318266762628
4211,do,0.05,0.0,20,0.7579861927032461,-7.1932230255820535,-7.042616311709086
4212,pp,0.05,0.0,6,0.663391690254211,-4.528826115348123,-3.9155293623606364
4213,do,0.05,0.0,10,0.6246270084381109,-5.744476705608946,-5.406024368604024
4214,pp,0.05,0.0,20,1.1553913605213166,-6.494384105277784,-5.462828898429871
4215,do,0.05,0.0,18,2.610399917364121,-5.261971313303167,-5.0226880735821196
4216,pp,0.05,0.0,19,1.9474663555622103,-4.636834958105377,-4.06407597594791
4217,do,0.05,0.0,68,0.6932482087612151,-8.954591889814896,-10.138942215177748
4218,pp,0.05,0.0,11,0.2098551750183102,-5.649846259030428,-5.133735614352756
4219,do,0.05,0.0,13,1.7441822123527526,-5.625006073171442,-4.825344512197707
4220,pp,0.05,0.0,13,2.1429736852645878,-5.004722225304806,-4.251027080747816
4221,do,0.05,0.0,14,1.1422201907634735,-5.6775638681469545,-4.77792095873091
4222,pp,0.05,0.0,12,1.5947459793090815,-5.042803463791356,-4.427932384279039
4223,do,0.05,0.0,65,1.727550840377809,-9.065965002233332,-9.245096998744541
4224,pp,0.05,0.0,8,0.7835675716400141,-6.731312818238229,-5.449281944168939
4225,do,0.05,0.0,70,0.6615753126144419,-9.130628132097648,-8.35044515662723
4226,pp,0.05,0.0,59,2.4291549158096313,-9.805030156626845,-8.080792922443814
4227,do,0.05,0.0,14,0.8598146498203274,-5.772834341453783,-6.017053670353359
4228,pp,0.05,0.0,20,1.7679968488216398,-5.001167884017482,-4.510216670566135
4229,do,0.05,0.0,33,0.9728847384452823,-6.755779403628725,-5.735506873660618
4230,pp,0.05,0.0,13,1.742942945957184,-4.929771856828169,-4.133110857009887
4231,do,0.05,0.0,25,1.4304163360595705,-5.652593093929869,-5.0554345263375176
4232,pp,0.05,0.0,23,2.337503454685211,-4.505583133119526,-3.8793232361475627
4233,do,0.05,0.0,4,-0.5006359970569605,-6.241882042451338,-5.488789171642727
4234,pp,0.05,0.0,6,0.5903999495506289,-4.896812727957061,-4.178050960434808
4235,do,0.05,0.0,13,1.0344857215881351,-4.899688345013243,-5.469185246361627
4236,pp,0.05,0.0,27,2.5770643305778504,-5.608997853597005,-4.71208851867252
4237,do,0.05,0.0,65,3.2332876205444334,-6.8415736299572565,-5.951422172122531
4238,pp,0.05,0.0,34,3.253330109119415,-5.190597083351829,-4.69965415265825
4239,do,0.05,0.0,18,1.6431759107112889,-5.255583706769076,-5.492829468515184
4240,pp,0.05,0.0,16,1.9541539394855505,-4.582247231223366,-4.128874044948154
4241,do,0.05,0.0,27,1.74334713101387,-5.886326467629635,-5.307184958457947
4242,pp,0.05,0.0,23,2.487912672758103,-5.6399452498464875,-5.217693164613512
4243,do,0.05,0.0,24,0.6352634823322294,-6.053173487114184,-5.197861088646783
4244,pp,0.05,0.0,29,2.0191124796867364,-6.116434587131847,-5.461264260609945
4245,do,0.05,0.0,57,2.6834906506538383,-5.525734619660811,-4.83323687977261
4246,pp,0.05,0.0,29,3.0711105263233183,-5.083626783255375,-4.1446827544106375
4247,do,0.05,0.0,6,0.522509189844131,-4.990075585336396,-4.298809538947212
4248,pp,0.05,0.0,12,1.8201642024517062,-5.526677413420244,-5.464958598878648
4249,do,0.05,0.0,13,2.043113586902618,-5.537131189577507,-4.979337284300063
4250,pp,0.05,0.0,20,3.7579708719253535,-5.736726409738714,-4.988030939631992
4251,do,0.05,0.0,20,1.8679807472228998,-5.212003485361735,-4.577802960077921
4252,pp,0.05,0.0,21,3.0448591637611386,-5.138662078163841,-4.397791112793817
4253,do,0.05,0.0,70,1.6375361824035641,-6.445783658461138,-5.573203942510816
4254,pp,0.05,0.0,31,2.766014465093612,-5.013534025712446,-4.241258863608042
4255,do,0.05,0.0,5,-0.22132188677787834,-5.28112303126942,-4.465071333779229
4256,pp,0.05,0.0,13,1.4014079606533043,-4.832122283993345,-4.191568489869436
4257,do,0.05,0.0,9,0.17288618922233567,-6.331253667311235,-5.259833643171523
4258,pp,0.05,0.0,16,1.3110567498207093,-5.795058449831876,-5.056803345680237
4259,do,0.05,0.0,12,1.5137753498554236,-5.337822396827467,-4.728380306561788
4260,pp,0.05,0.0,12,2.329510850906372,-5.273335111502445,-4.384188132815891
4261,do,0.05,0.0,68,1.2485822546482082,-7.171184785438307,-6.795342299673292
4262,pp,0.05,0.0,44,2.1113455390930174,-4.911197172511708,-4.487679962317149
4263,do,0.05,0.0,14,2.635265321731567,-4.87303985971393,-4.3160827212863495
4264,pp,0.05,0.0,25,3.5405785059928885,-4.8060025475241925,-4.282918874422709
4265,do,0.05,0.0,34,2.812409175634383,-6.060835595564408,-5.504938133557638
4266,pp,0.05,0.0,27,3.2281084251403804,-5.440896823189475,-4.599656756718954
4267,do,0.05,0.0,26,1.5566446435451509,-5.560195695992672,-5.21039797200097
4268,pp,0.05,0.0,18,1.2881844377517702,-5.007984941655939,-4.485116317537096
4269,do,0.05,0.0,13,2.33886200428009,-5.301433782866507,-4.7909528520372175
4270,pp,0.05,0.0,9,1.951937130689621,-5.260093973622178,-4.77253860367669
4271,do,0.05,0.0,70,0.8768340909481047,-8.281523989186143,-7.052564840846592
4272,pp,0.05,0.0,13,1.70793797492981,-5.128890197927301,-4.4798265430662365
4273,do,0.05,0.0,70,2.003597648143768,-6.886631246046586,-6.6954905192057295
4274,pp,0.05,0.0,12,1.543299107551575,-6.237935713565711,-5.987946976555718
4275,do,0.05,0.0,64,0.9409545218944562,-8.975499215270533,-7.791811084747314
4276,pp,0.05,0.0,19,1.2933817148208622,-6.37306609731732,-6.1103672530916
4277,do,0.05,0.0,21,2.013759896755219,-5.962353345119592,-5.890488039122688
4278,pp,0.05,0.0,19,2.548085955381393,-5.521798519654707,-5.119298010402256
4279,do,0.05,0.0,7,-0.2538829851150508,-6.450307278199629,-5.2922093126508924
4280,pp,0.05,0.0,14,1.6088946974277496,-7.123684738621567,-6.107810762193468
4281,do,0.05,0.0,49,1.4869204616546634,-6.234518457181526,-5.8540107938978405
4282,pp,0.05,0.0,31,2.5957321560382836,-5.885860019741636,-5.574875704447428
4283,do,0.05,0.0,22,3.0156504476070394,-5.828647554281986,-5.3881477355957035
4284,pp,0.05,0.0,17,2.4465212464332584,-4.445620542584043,-4.149349417951372
4285,do,0.05,0.0,9,0.450364614725113,-5.272548461682868,-4.548278877470229
4286,pp,0.05,0.0,18,2.7399605309963224,-4.85515142065106,-4.184791416592068
4287,do,0.05,0.0,24,1.325734819173813,-6.079745181401571,-5.674098563194275
4288,pp,0.05,0.0,14,1.4211486744880677,-6.03577797051632,-5.794813487264845
4289,do,0.05,0.0,52,3.0305947148799897,-6.4087881073807225,-5.931325835651822
4290,pp,0.05,0.0,16,2.0287640202045436,-5.308259351325757,-4.569304892751906
4291,do,0.05,0.0,30,1.2180234396457665,-5.557764059124571,-4.94119340578715
4292,pp,0.05,0.0,44,2.346700599193573,-4.7956522117961535,-4.227995517518785
4293,do,0.05,0.0,48,1.7482645499706262,-7.934879492268418,-8.827495585547553
4294,pp,0.05,0.0,7,1.304965460300445,-5.060700490257957,-4.523795334498088
4295,do,0.05,0.0,11,0.7925490331649776,-4.789161078135172,-4.284124252531264
4296,pp,0.05,0.0,15,2.084001929759979,-5.048349406502464,-4.473827489217123
4297,do,0.05,0.0,20,1.6742285919189452,-5.461788427468502,-5.461506512429979
4298,pp,0.05,0.0,23,2.0088005352020257,-6.114992187962388,-5.288852363162571
4299,do,0.05,0.0,58,0.4552960419654841,-7.035942424427379,-6.780908025635613
4300,pp,0.05,0.0,13,1.9048905324935914,-4.956050507227579,-4.1916421479649015
4301,do,0.05,0.0,39,0.9785608243942256,-7.605665188124686,-7.539963833491007
4302,pp,0.05,0.0,24,1.4741401112079622,-6.271065633947199,-5.39197904003991
4303,do,0.05,0.0,27,1.7310917520523077,-4.879516096548601,-4.600020556979709
4304,pp,0.05,0.0,14,1.5805822670459753,-5.107362738522617,-4.359975232018365
4305,do,0.05,0.0,9,1.7414060747623443,-4.848262292688543,-4.1275180723932055
4306,pp,0.05,0.0,44,1.2624045884609227,-10.284252327138727,-8.8898934841156
4307,do,0.05,0.0,70,4.881589591503142,-4.975391922575055,-4.297333036528693
4308,pp,0.05,0.0,11,2.1285712313652034,-4.959843712142019,-4.269951791233487
4309,do,0.05,0.0,9,1.3215545845031738,-5.521714526956732,-4.496227272351583
4310,pp,0.05,0.0,6,0.4346818339824683,-5.383400891043923,-4.161597425407834
4311,do,0.05,0.0,53,2.943840302228927,-5.957396949421276,-5.674976558155484
4312,pp,0.05,0.0,26,1.418128257989883,-5.642215923829512,-5.105820777681139
4313,do,0.05,0.0,70,1.0169334506988523,-5.754863285295891,-5.365284951527913
4314,pp,0.05,0.0,45,2.1610249722003942,-5.632972383499146,-4.930842537350125
4315,do,0.05,0.0,45,1.0046905314922325,-6.444242663816972,-6.221702493561638
4316,pp,0.05,0.0,22,0.532777984142303,-6.347704264611909,-5.686386322975158
4317,do,0.05,0.0,14,3.249805907011032,-5.411917975454619,-5.013330634435018
4318,pp,0.05,0.0,13,2.1254134261608124,-5.938097988475453,-4.869744111431969
4319,do,0.05,0.0,70,0.2388899278640757,-8.688387496543653,-7.6734107520845205
4320,pp,0.05,0.0,22,1.0975417375564582,-4.973260722015843,-4.436604678630829
4321,do,0.05,0.0,18,1.5602162349224091,-5.411031501943415,-4.927409243583679
4322,pp,0.05,0.0,18,1.9465250694751743,-5.10376287951614,-4.49775187836753
4323,do,0.05,0.0,24,4.559551944732665,-4.991332762169115,-4.487702576319377
4324,pp,0.05,0.0,13,0.9284212958812708,-6.386458411361232,-5.297446711858114
4325,do,0.05,0.0,22,0.035626302957535216,-7.181145260550759,-7.041925387912326
4326,pp,0.05,0.0,30,0.99547812461853,-6.867012239224983,-6.010818653636509
4327,do,0.05,0.0,59,3.2691894006729125,-6.603286228757916,-5.856533426708645
4328,pp,0.05,0.0,25,2.200666488409041,-5.946108529061982,-5.152580279774136
4329,do,0.05,0.0,25,0.926188113689423,-5.911112554145582,-5.129286548826429
4330,pp,0.05,0.0,23,1.1005585968494422,-5.4993116956768615,-4.608429794841342
4331,do,0.05,0.0,17,2.5843039166927335,-4.947702071160981,-4.232519488864475
4332,pp,0.05,0.0,42,2.375127907991409,-5.307691686803644,-4.625496202045017
4333,do,0.05,0.0,70,2.1459796190261837,-7.323383241711241,-6.640589594841003
4334,pp,0.05,0.0,30,3.159643330574035,-5.430475749391498,-4.618063373035855
4335,do,0.05,0.0,70,2.496236832141877,-7.5839905030799635,-6.2783486922581995
4336,pp,0.05,0.0,15,2.030385229587555,-4.568537600835165,-4.043011273278131
4337,do,0.05,0.0,11,2.4475157880783085,-5.2339429436307965,-4.390682845645481
4338,pp,0.05,0.0,70,2.1115119981765744,-9.094433670332938,-7.818835067749023
4339,do,0.05,0.0,18,2.3115860426425927,-4.807591407949274,-4.5316439363691545
4340,pp,0.05,0.0,24,1.502008365392685,-4.694955175573176,-4.203418809837765
4341,do,0.05,0.0,29,1.7298570120334622,-5.748578669808127,-5.3504201120800445
4342,pp,0.05,0.0,12,1.869342023134231,-5.413640464435924,-4.640126511785719
4343,do,0.05,0.0,13,1.7233083760738372,-4.79588712200974,-4.519753254784478
4344,pp,0.05,0.0,17,1.9390340816974643,-4.448589904380567,-3.9572379920217724
4345,do,0.05,0.0,30,1.5104050469398507,-6.779141173218235,-6.142958090040419
4346,pp,0.05,0.0,14,1.5596099770069127,-5.23726705493349,-4.756087422370911
4347,do,0.05,0.0,10,1.7994301533699035,-4.413853955991341,-4.106846251752642
4348,pp,0.05,0.0,28,3.090305131673813,-5.398591922991203,-4.713115229871538
4349,do,0.05,0.0,21,2.8705676388740544,-5.2514189156618984,-4.400119790765975
4350,pp,0.05,0.0,33,2.4494380164146428,-7.37971215392604,-5.847270274162293
4351,do,0.05,0.0,10,1.301617176532746,-4.811031590086041,-4.3831992281807794
4352,pp,0.05,0.0,18,1.1679528284072873,-5.217660393859401,-4.8617135789659285
4353,do,0.05,0.0,20,2.6978308880329136,-5.757776076865919,-5.086209805806478
4354,pp,0.05,0.0,48,1.8413418555259717,-7.5296487605932985,-6.021462988853455
4355,do,0.05,0.0,63,0.7702940678596484,-7.986859919808127,-6.861868439780341
4356,pp,0.05,0.0,16,2.3075711596012116,-4.323623444817283,-3.884842218293084
4357,do,0.05,0.0,32,0.8956841921806333,-6.886358185970422,-6.332169681125217
4358,pp,0.05,0.0,34,1.320953977108001,-7.152395983898279,-5.947158508830601
4359,do,0.05,0.0,70,0.9083689808845516,-8.388677808010216,-7.993530204561021
4360,pp,0.05,0.0,14,1.2874512493610384,-6.118518437761249,-5.415152801407708
4361,do,0.05,0.0,12,-0.22826549649238537,-5.835430882193825,-5.199487299389309
4362,pp,0.05,0.0,17,-0.17536981940269403,-6.609838310877482,-5.7498999039332075
4363,do,0.05,0.0,8,-0.09818205952644288,-5.758412064927997,-4.77666646109687
4364,pp,0.05,0.0,70,2.7596941220760343,-6.232717922962073,-5.536765339639452
4365,do,0.05,0.0,20,0.19664060354232848,-7.157060630393751,-6.262813846270244
4366,pp,0.05,0.0,12,1.3595806658267975,-5.067833644693548,-4.29762060907152
4367,do,0.05,0.0,52,0.6012541031837468,-8.12830222158721,-8.080362213982475
4368,pp,0.05,0.0,17,1.0146266341209413,-4.944091853228483,-4.488500887817807
4369,do,0.05,0.0,61,-0.27383647680282586,-8.28968837333448,-7.242071888181898
4370,pp,0.05,0.0,41,0.8255111706256866,-7.881786748134728,-6.72591569158766
4371,do,0.05,0.0,67,1.0370601367950432,-8.476696955073963,-7.237576050228543
4372,pp,0.05,0.0,27,1.5185738587379465,-5.675717602354108,-5.167654331525167
4373,do,0.05,0.0,24,1.2279474449157721,-6.7190341501524955,-5.892898276117113
4374,pp,0.05,0.0,21,2.4988562750816348,-5.985847295414318,-5.257379224565294
4375,do,0.05,0.0,70,1.0474448466300963,-8.968656343402284,-8.222447146309747
4376,pp,0.05,0.0,13,2.655994989871979,-6.0578879255237,-5.081199211544461
4377,do,0.05,0.0,7,-0.7409998714923862,-6.181790900952889,-5.528745235337151
4378,pp,0.05,0.0,20,1.3853174448013306,-6.680595980268536,-5.729566786024305
4379,do,0.05,0.0,56,1.0076137888431553,-7.438593196868896,-6.431390568945143
4380,pp,0.05,0.0,49,2.2930352926254276,-6.056837158492117,-5.472418729464213
4381,do,0.05,0.0,14,2.1934305131435394,-5.524443635073575,-4.982884285185072
4382,pp,0.05,0.0,28,2.7509062683582304,-7.201714118321736,-5.824310204717848
4383,do,0.05,0.0,30,1.5030628407001494,-6.1230414260517465,-6.275027979744805
4384,pp,0.05,0.0,26,2.545950152873993,-4.585578506643122,-3.9525149756007725
4385,do,0.05,0.0,38,1.9474641728401183,-6.200099427772291,-5.246757711304559
4386,pp,0.05,0.0,26,1.5887356936931614,-6.767086150429465,-5.778197206391228
4387,do,0.05,0.0,35,0.8435793113708501,-7.198880897868763,-7.3853334930207994
4388,pp,0.05,0.0,22,1.7790910232067114,-5.703393046061198,-5.047968808809916
4389,do,0.05,0.0,15,1.4802315270900728,-5.121964899698893,-4.302865338325501
4390,pp,0.05,0.0,31,3.605372611284256,-4.943874234864206,-4.397323854764303
4391,do,0.05,0.0,11,0.7099831449985503,-5.1177582047202375,-4.376893456776937
4392,pp,0.05,0.0,25,1.755673569440841,-5.3466034802523525,-4.587200564808316
4393,do,0.05,0.0,15,1.420189619064331,-5.893496205589988,-5.115286027060614
4394,pp,0.05,0.0,41,1.756996437311173,-8.604316303946755,-7.374977082676358
4395,do,0.05,0.0,45,0.1750030815601349,-7.321003877755367,-7.4407931062910295
4396,pp,0.05,0.0,16,1.4681875133514408,-5.395212325182828,-4.6760402838389075
4397,do,0.05,0.0,63,1.5175635325908656,-7.489535388079557,-6.573612422413296
4398,pp,0.05,0.0,26,2.2940040862560274,-5.328498454527422,-4.7019603172938025
4399,do,0.05,0.0,27,1.1789978468418125,-6.788217306137085,-5.866098165512085
4400,pp,0.05,0.0,17,1.9030733704566956,-5.30300283576503,-4.3125983132256405
4401,do,0.05,0.0,18,2.490366158485412,-5.063400463624434,-4.609486197100745
4402,pp,0.05,0.0,32,3.517846542596817,-6.020561894503507,-5.445483480559455
4403,do,0.05,0.0,26,2.8788198947906496,-4.862744798082294,-4.37885631190406
4404,pp,0.05,0.0,34,2.132117230892182,-5.947709222273393,-5.185576229625278
4405,do,0.05,0.0,51,2.581146243810653,-6.081862140424324,-5.695462926228841
4406,pp,0.05,0.0,28,2.935937811136246,-5.722899954246752,-5.119313200314839
4407,do,0.05,0.0,20,1.7555276727676388,-6.488161510409731,-5.7481802172131005
4408,pp,0.05,0.0,14,0.7649034559726715,-4.402609011621186,-3.825538229942322
4409,do,0.05,0.0,15,2.1843110466003424,-5.121770653580175,-4.418348579936557
4410,pp,0.05,0.0,15,2.905818572044372,-4.88388725194064,-3.97880277633667
4411,do,0.05,0.0,26,2.6515338349342334,-5.28766358982433,-4.755664957894219
4412,pp,0.05,0.0,21,2.924932013750076,-4.815646051638054,-4.242772671911451
4413,do,0.05,0.0,14,2.567247004508972,-4.8522374413230205,-4.294985617531671
4414,pp,0.05,0.0,17,2.4382265543937685,-4.599729222962351,-4.179357822736105
4415,do,0.05,0.0,25,2.4901667499542235,-6.070490212873979,-5.69594997300042
4416,pp,0.05,0.0,34,3.2707767665386207,-7.0967680512052596,-6.023455145623949
4417,do,0.05,0.0,44,3.186805620193482,-6.861024197665128,-7.677903024355571
4418,pp,0.05,0.0,36,2.6704346513748165,-5.316919146162091,-4.569655723041958
4419,do,0.05,0.0,16,1.6108728706836697,-5.019875214316628,-4.415704630480873
4420,pp,0.05,0.0,16,2.204416753053665,-5.0106858383525505,-4.326456178559197
4421,do,0.05,0.0,34,3.0146208012104037,-4.096738902727763,-3.762614977359772
4422,pp,0.05,0.0,31,2.3180394458770754,-4.617491297288375,-3.9618451595306396
4423,do,0.05,0.0,70,1.9049078953266143,-6.679694087577588,-7.854725726445516
4424,pp,0.05,0.0,58,3.5477710640430455,-6.232398203647498,-5.108669094244639
4425,do,0.05,0.0,12,1.246884664297104,-4.396403072819565,-3.9750070386462744
4426,pp,0.05,0.0,16,1.2700800168514252,-5.149912812493064,-4.705780863761902
4427,do,0.05,0.0,35,3.8721501290798193,-4.648987170421716,-4.635428812768724
4428,pp,0.05,0.0,18,3.697646104097367,-5.225528352910822,-4.455513781971401
4429,do,0.05,0.0,32,3.28660499572754,-6.36951683362325,-6.263111845652262
4430,pp,0.05,0.0,28,2.7718198370933536,-6.615831408356176,-5.566759898927477
4431,do,0.05,0.0,19,3.3511815822124484,-5.258719954346166,-4.869354987144471
4432,pp,0.05,0.0,19,2.838169354200362,-5.531383030342333,-4.874810436036852
4433,do,0.05,0.0,62,3.118076248168946,-5.092291191852454,-4.522210093339284
4434,pp,0.05,0.0,29,2.4129060399532323,-4.775289386691469,-4.138781478669908
4435,do,0.05,0.0,19,2.932189981937408,-4.901643393256448,-4.4341022597418895
4436,pp,0.05,0.0,19,2.65216100692749,-5.328584171063972,-4.5743846125072904
4437,do,0.05,0.0,20,2.723587977886199,-4.550673681316954,-4.172636482450697
4438,pp,0.05,0.0,16,1.8731783950328822,-5.805698380325779,-5.157924140824212
4439,do,0.05,0.0,58,2.6826054549217213,-6.1067248460018275,-5.218308546808031
4440,pp,0.05,0.0,22,2.7610637688636777,-5.248719424912424,-4.798456660906473
4441,do,0.05,0.0,70,1.2936995553970352,-7.3646674994266395,-6.859831926557753
4442,pp,0.05,0.0,14,1.8777174031734463,-5.152585639375629,-4.66012135081821
4443,do,0.05,0.0,18,1.9487354338169105,-5.316405121485392,-4.368014126353794
4444,pp,0.05,0.0,69,2.3211182451248167,-7.4073718721216375,-6.506176935301887
4445,do,0.05,0.0,17,3.4026205205917366,-5.64609510826342,-4.872245542208353
4446,pp,0.05,0.0,20,3.0460470080375677,-5.599382297920458,-5.009069755342272
4447,do,0.05,0.0,32,3.199464772939681,-5.355866011706266,-4.669082287947337
4448,pp,0.05,0.0,70,1.7620193600654606,-7.3158606153545955,-6.195780197779338
4449,do,0.05,0.0,33,2.135400232076644,-5.887853801611698,-5.070018818643358
4450,pp,0.05,0.0,15,1.6434868609905244,-5.099296701315677,-4.629675499598185
4451,do,0.05,0.0,44,2.953477876186371,-4.184052254936912,-3.577394515938229
4452,pp,0.05,0.0,39,3.9005804634094243,-4.6816941131245,-3.92836741871304
4453,do,0.05,0.0,47,0.8914174509048456,-6.420970889293787,-5.5853029012680055
4454,pp,0.05,0.0,22,1.752621845006943,-5.205472311829076,-4.614853096008301
4455,do,0.05,0.0,23,1.2767666900157923,-5.855291911327478,-5.8915350225236685
4456,pp,0.05,0.0,17,0.7873100125789643,-6.334991187760324,-5.68322492175632
4457,do,0.05,0.0,25,1.0380174541473384,-5.258596309026083,-5.109502387046814
4458,pp,0.05,0.0,28,0.5007502329349514,-6.817627281131166,-6.06671650144789
4459,do,0.05,0.0,28,1.0039413607120515,-6.152712886983698,-5.4218942430284285
4460,pp,0.05,0.0,21,1.5820791685581206,-5.699152765852032,-5.171066602071126
4461,do,0.05,0.0,32,1.8558549726009366,-6.0695850184469515,-5.8225804540846084
4462,pp,0.05,0.0,12,1.723797594308853,-4.36748263763659,-3.9073609484566583
4463,do,0.05,0.0,19,3.2420832097530363,-5.345070778239857,-4.630537809265984
4464,pp,0.05,0.0,33,3.366528737545014,-7.04866590499878,-6.105826006995307
4465,do,0.05,0.0,20,0.6833409392833714,-4.764932424371893,-4.5552076273494295
4466,pp,0.05,0.0,33,0.8535540771484378,-7.551915814659813,-7.075946532355415
4467,do,0.05,0.0,31,3.6184924352169032,-4.7638927300771075,-4.229595034652286
4468,pp,0.05,0.0,25,2.75466879606247,-5.075291369178078,-4.722455037964715
4469,do,0.05,0.0,42,2.0176583695411674,-6.501882275668057,-5.694793984625075
4470,pp,0.05,0.0,13,0.6251229429244995,-6.411349829760465,-5.446799511379666
4471,do,0.05,0.0,30,3.402716588973999,-4.353730428580082,-4.394398795233832
4472,pp,0.05,0.0,70,1.143450990915298,-8.300532501394098,-6.871186505423652
4473,do,0.05,0.0,18,2.598780287504196,-4.18481052572077,-3.9557795299424066
4474,pp,0.05,0.0,25,2.5319106137752527,-5.733580254063462,-5.263235918680826
4475,do,0.05,0.0,20,2.2658328056335453,-4.276301219246604,-4.053171919451819
4476,pp,0.05,0.0,21,2.7071519947052005,-4.518913545030536,-4.373520321316189
4477,do,0.05,0.0,12,2.5513057851791388,-4.820086682926525,-4.4020320494969685
4478,pp,0.05,0.0,26,2.2734817409515378,-5.977756062420932,-5.379561217625936
4479,do,0.05,0.0,13,1.6692900907993318,-5.000370928735444,-4.475628222359552
4480,pp,0.05,0.0,13,1.4659761047363276,-6.283433415672996,-5.35933760272132
4481,do,0.05,0.0,18,1.865868955850602,-7.18510137760278,-6.1992064581976996
4482,pp,0.05,0.0,12,2.6675849711895,-6.124015214226462,-5.050540998246935
4483,do,0.05,0.0,65,1.5623872697353365,-6.908660306352558,-6.400757593578763
4484,pp,0.05,0.0,45,2.698884029388428,-5.482048410357851,-4.731813356611464
4485,do,0.05,0.0,10,1.2739343702793118,-5.066718993042454,-4.258631776438819
4486,pp,0.05,0.0,7,1.441447454690933,-4.817124333526149,-4.008959770202637
4487,do,0.05,0.0,17,2.7395307302474974,-4.917840618075746,-4.375770958264669
4488,pp,0.05,0.0,53,2.802601484060288,-6.184450700066306,-5.25403573513031
4489,do,0.05,0.0,17,2.651437458992005,-5.488325510603008,-4.725526634852091
4490,pp,0.05,0.0,22,1.8997765672206874,-4.987198716943914,-4.1735550496313305
4491,do,0.05,0.0,21,2.543028297424317,-4.255774331092835,-4.092333365811242
4492,pp,0.05,0.0,47,1.9743495225906358,-10.651178005969886,-8.238740134239197
4493,do,0.05,0.0,70,0.5849895238876339,-7.804615488919345,-7.321610845459832
4494,pp,0.05,0.0,23,2.0908388543128966,-5.536121970956976,-4.686830931239658
4495,do,0.05,0.0,29,0.3418705201148988,-6.573858331911492,-5.757061314582825
4496,pp,0.05,0.0,50,1.0526137161254887,-6.786883050745184,-5.55998588403066
4497,do,0.05,0.0,19,2.230244818925857,-5.04024325428587,-4.608419177267287
4498,pp,0.05,0.0,66,1.9256718993186954,-8.44423581759135,-7.356683124436272
4499,do,0.05,0.0,40,0.8310938239097592,-8.855988746700865,-7.7158549520704485
4500,pp,0.05,0.0,24,1.8227932047843929,-5.900539724754565,-5.115462067392137
4501,do,0.05,0.0,14,1.1883367073535922,-4.639251664190581,-4.494900617334578
4502,pp,0.05,0.0,52,1.1092758846282962,-6.180409788362907,-5.658810056580437
4503,do,0.05,0.0,43,0.6926194453239445,-6.536281501885616,-5.567050348387824
4504,pp,0.05,0.0,43,2.9491771686077115,-5.869346570968628,-5.237358138296339
4505,do,0.05,0.0,17,0.7537517404556278,-5.0668581861438176,-5.8095124350653755
4506,pp,0.05,0.0,34,1.0685201799869528,-7.121415063106652,-6.096238040924073
4507,do,0.05,0.0,26,3.311519829034805,-5.254210911375104,-5.423243006070455
4508,pp,0.05,0.0,14,1.5991187727451326,-4.780507792848529,-4.184176291359796
4509,do,0.05,0.0,9,1.8848103618621828,-3.997193943370472,-3.749017650551266
4510,pp,0.05,0.0,45,3.149644149541854,-5.912989476232818,-4.559838762548234
4511,do,0.05,0.0,14,1.829270700216294,-5.04975057370735,-4.682171397738987
4512,pp,0.05,0.0,60,2.306639819145202,-7.092212691451564,-6.2824385854933
4513,do,0.05,0.0,34,3.3082292616367335,-6.700199752865416,-6.420240643289354
4514,pp,0.05,0.0,14,1.839619306325913,-5.450885862292665,-4.655800678994921
4515,do,0.05,0.0,25,1.6557284331321718,-6.182142623265585,-5.502119782235887
4516,pp,0.05,0.0,24,1.5146933495998383,-5.133217704657352,-4.6087534851498075
4517,do,0.05,0.0,29,2.1212738180160517,-6.2597782640746145,-6.346001897917853
4518,pp,0.05,0.0,26,3.270036311149597,-5.576976029078166,-4.7008218500349255
4519,do,0.05,0.0,8,0.8744349813461296,-5.2753253748922635,-4.6694571865929495
4520,pp,0.05,0.0,10,1.6156720626354213,-4.592396932659727,-3.923232200410631
4521,do,0.05,0.0,63,1.5285430777072913,-6.914221873427882,-6.475638365745544
4522,pp,0.05,0.0,16,1.5968962788581846,-4.534437717090953,-3.9882809824413723
4523,do,0.05,0.0,41,1.794548279047012,-8.061586343880856,-7.266889794667562
4524,pp,0.05,0.0,19,2.2607785141468044,-6.408279885667743,-5.150101481543647
4525,do,0.05,0.0,32,1.1373142170906068,-7.165607624342948,-6.3127062267727325
4526,pp,0.05,0.0,13,0.819611523151397,-5.263107478979862,-4.685187813970778
4527,do,0.05,0.0,70,3.301016988754272,-6.600502816113559,-6.526457662052579
4528,pp,0.05,0.0,22,1.7750234615802754,-7.646193796215635,-6.050763238800896
4529,do,0.05,0.0,30,0.9350230693817148,-7.07097736416441,-6.276735390557183
4530,pp,0.05,0.0,18,0.8985126578807829,-5.045313522309968,-4.444985499646928
4531,do,0.05,0.0,45,2.458962733745576,-6.77580823320331,-5.846443976296319
4532,pp,0.05,0.0,17,1.3682306599617,-5.187116747191458,-4.437321281433105
4533,do,0.05,0.0,58,2.363237068653106,-6.572983753319942,-6.945034249623617
4534,pp,0.05,0.0,18,3.1568119895458224,-5.433676043423739,-4.665565146340264
4535,do,0.05,0.0,47,3.1582552170753484,-9.262969126845851,-8.002165402306451
4536,pp,0.05,0.0,12,1.8442999899387367,-5.97315255800883,-4.901215004920959
4537,do,0.05,0.0,30,3.7856709837913503,-6.426308707034949,-5.5918951882256405
4538,pp,0.05,0.0,19,1.5358087563514706,-4.349604119676532,-3.8510134485032825
4539,do,0.05,0.0,41,1.6971164560318002,-8.771278521508881,-7.337862941953871
4540,pp,0.05,0.0,9,0.5405646324157711,-5.245177036343199,-4.662662998835246
4541,do,0.05,0.0,70,3.469309904575347,-8.295115782997826,-7.2645151853561405
4542,pp,0.05,0.0,13,1.9886181974411015,-4.507104593334776,-4.032449428240458
4543,do,0.05,0.0,31,1.7483955764770513,-7.094671220490427,-8.336372839079964
4544,pp,0.05,0.0,33,1.6675311946868892,-5.92994491259257,-4.984075799253252
4545,do,0.05,0.0,28,1.3448446035385135,-7.188216478174383,-6.981652500894334
4546,pp,0.05,0.0,56,2.2603476643562317,-8.32639644651702,-7.307753851678636
4547,do,0.05,0.0,45,1.7456612563133236,-5.935130308613632,-5.714952709939745
4548,pp,0.05,0.0,40,1.3239844548702235,-6.949288248293327,-5.768719548649258
4549,do,0.05,0.0,15,1.8859905707836147,-4.825334697781187,-4.2097953663931955
4550,pp,0.05,0.0,38,2.5110917234420773,-5.039367639657223,-4.348608803749085
4551,do,0.05,0.0,49,1.2444740355014812,-7.3474084276141545,-6.287347110112508
4552,pp,0.05,0.0,23,1.3376927030086518,-5.823083100174412,-5.0210723691516455
4553,do,0.05,0.0,70,3.4968444681167608,-6.704208645676122,-5.784062274297079
4554,pp,0.05,0.0,15,2.865793150663376,-4.8520308595715145,-4.1940932618247135
4555,do,0.05,0.0,7,0.07209351062774694,-5.416687758763631,-4.913197141223484
4556,pp,0.05,0.0,31,2.1200297200679783,-5.337463117368293,-4.431209720505608
4557,do,0.05,0.0,70,2.324101696014405,-5.589570231871171,-4.831872341367934
4558,pp,0.05,0.0,51,3.5540780675411225,-5.094125614744244,-4.340482036272685
4559,do,0.05,0.0,14,1.5395586562156671,-5.476487402482467,-5.30357838206821
4560,pp,0.05,0.0,41,2.1573672986030576,-6.323765725800485,-5.357337914572822
4561,do,0.05,0.0,43,1.047023092508316,-5.906222535624648,-5.117113296190897
4562,pp,0.05,0.0,13,2.087860296964646,-5.015394378430916,-4.378610979186164
4563,do,0.05,0.0,31,0.6448844146728518,-6.1962848070896035,-5.585178976588779
4564,pp,0.05,0.0,35,0.9610841023921965,-6.178299844626224,-5.374710586335924
4565,do,0.05,0.0,22,2.2839240396022786,-5.962589984951597,-5.576098722881741
4566,pp,0.05,0.0,55,2.0518260943889617,-6.031936742320205,-5.320505128966437
4567,do,0.05,0.0,40,1.663757187128068,-5.987356294285167,-5.618876883718703
4568,pp,0.05,0.0,16,0.9561310863494876,-5.245199035875725,-4.706943832503425
4569,do,0.05,0.0,31,1.6020595693588255,-5.124412179715706,-4.848238264189826
4570,pp,0.05,0.0,6,0.7526236104965216,-5.695253700198549,-4.838788967662388
4571,do,0.05,0.0,25,2.71812285065651,-4.985020456892071,-4.393203274408976
4572,pp,0.05,0.0,19,2.3034234821796415,-5.103414009556626,-4.3335306432512075
4573,do,0.05,0.0,14,1.8165461862087247,-4.639969705812859,-4.104670476913452
4574,pp,0.05,0.0,47,2.837913786172866,-6.352028127150102,-5.301120471954346
4575,do,0.05,0.0,40,0.40462273359298706,-7.1784675179105815,-6.223842363887363
4576,pp,0.05,0.0,8,1.1024238622188562,-5.127890068111998,-4.27277147769928
4577,do,0.05,0.0,17,2.3314286601543426,-5.035071770350139,-4.464917079607646
4578,pp,0.05,0.0,52,2.0193624269962305,-6.509751779382879,-5.522021259201898
4579,do,0.05,0.0,47,2.166446669101714,-5.940254383376151,-5.067674766646491
4580,pp,0.05,0.0,25,2.6502335619926454,-4.714657959793553,-4.124489826626248
4581,do,0.05,0.0,50,1.1642658209800718,-6.9142954060525605,-6.2251350985633005
4582,pp,0.05,0.0,61,2.3955904972553252,-8.032532291701346,-6.748727091153463
4583,do,0.05,0.0,18,3.8027330863475797,-5.222027821974321,-4.92251685725318
4584,pp,0.05,0.0,9,1.8949099469184878,-5.007084415898179,-4.257752794689602
4585,do,0.05,0.0,18,0.5841021275520326,-4.725336757573214,-4.34795994758606
4586,pp,0.05,0.0,54,2.1532175791263573,-6.330133303728971,-5.51441105471717
4587,do,0.05,0.0,70,4.009286706447601,-6.33706737576109,-5.501433764563666
4588,pp,0.05,0.0,44,2.327280501127243,-8.714580658710364,-7.5345548603269785
4589,do,0.05,0.0,70,4.753748010396958,-5.232076263427734,-4.919615811771816
4590,pp,0.05,0.0,27,3.967054162025451,-5.188105224840569,-4.582202561696371
4591,do,0.05,0.0,25,2.4996151006221776,-4.753723027489402,-4.210105056232877
4592,pp,0.05,0.0,33,4.524311571121215,-5.422553998773748,-4.887869838873545
4593,do,0.05,0.0,11,1.9308585143089294,-4.757647772991296,-4.283429521984524
4594,pp,0.05,0.0,66,1.9348298239707935,-7.616984351476034,-6.43353975613912
4595,do,0.05,0.0,12,1.5626401567459105,-4.237818256291476,-3.8162518408563404
4596,pp,0.05,0.0,10,1.3057835805416111,-6.618359626423229,-5.394692534870572
4597,do,0.05,0.0,18,2.178416439294815,-4.294677140495994,-3.9695156123903064
4598,pp,0.05,0.0,70,3.829744474887849,-6.527021611820568,-5.327207869953579
4599,do,0.05,0.0,44,1.5512512171268469,-6.537434924732555,-6.748743200302124
4600,pp,0.05,0.0,23,3.2133083641529083,-5.431957041133534,-4.906384706497192
4601,do,0.05,0.0,16,1.69646027803421,-4.72069606925502,-4.214114764001635
4602,pp,0.05,0.0,65,2.1827768945693977,-6.788300128416582,-6.097965953085158
4603,do,0.05,0.0,20,1.6294210481643674,-4.802545920285311,-4.371417456203037
4604,pp,0.05,0.0,19,2.3964450097084047,-5.8156229235909205,-6.383527056376139
4605,do,0.05,0.0,14,1.7094175684452058,-4.270985155394583,-3.8299831324153475
4606,pp,0.05,0.0,14,1.717284170389175,-6.238573227506695,-5.330547584427728
4607,do,0.05,0.0,70,0.6041873347759239,-8.353268614682284,-7.195694904857212
4608,pp,0.05,0.0,49,2.9396078002452857,-6.340976638504953,-5.5013988494873045
4609,do,0.05,0.0,22,1.9323191905021666,-5.337878386179606,-4.997567258940803
4610,pp,0.05,0.0,28,1.4067836642265323,-5.903627538681031,-5.172128947575887
4611,do,0.05,0.0,11,1.278797472715378,-4.650576012062304,-4.159648846255409
4612,pp,0.05,0.0,30,3.582674646377564,-4.897918033599853,-4.358470508787367
4613,do,0.05,0.0,49,2.156759593486786,-6.255082880366932,-5.465803096029494
4614,pp,0.05,0.0,33,1.5844310188293456,-5.067421557686545,-4.493416497442458
4615,do,0.05,0.0,51,1.1996965026855477,-7.585663473244869,-6.660862546496921
4616,pp,0.05,0.0,17,1.4137988305091858,-6.168020871191314,-5.384972598817614
4617,do,0.05,0.0,67,2.730705803632736,-7.199765565178611,-6.47119090822008
4618,pp,0.05,0.0,19,3.3121822357177724,-5.084806089690237,-4.39144963423411
4619,do,0.05,0.0,33,3.3165200471878062,-5.348563633543073,-5.114324246512519
4620,pp,0.05,0.0,37,2.526137303113937,-6.740689465493867,-6.038551982243856
4621,do,0.05,0.0,14,2.106379487514496,-5.458627323670821,-4.700376383463541
4622,pp,0.05,0.0,12,1.2855916798114784,-5.66958440433849,-5.201950552728441
4623,do,0.05,0.0,13,2.2664319944381717,-5.504669877254602,-5.005556053585476
4624,pp,0.05,0.0,17,2.997345385551453,-6.032460792136915,-5.093353075451321
4625,do,0.05,0.0,38,2.2683038735389704,-5.119490522326845,-4.8117752287122935
4626,pp,0.05,0.0,45,3.9544931364059455,-5.436620192094282,-4.732891628477309
4627,do,0.05,0.0,30,4.412545642852784,-5.721850177013513,-6.140379985173543
4628,pp,0.05,0.0,18,2.8117523097991937,-5.364864816087665,-4.685644110043843
4629,do,0.05,0.0,61,1.566705354452134,-6.222504495851921,-5.886172649595473
4630,pp,0.05,0.0,25,2.071181092262268,-5.213579582445549,-4.803464439180162
4631,do,0.05,0.0,17,1.9607518351078026,-4.400265501484727,-4.106949268447028
4632,pp,0.05,0.0,12,1.468351216316223,-5.772881603240966,-4.8357357687420315
4633,do,0.05,0.0,17,-0.019646180868148733,-6.787189603574348,-6.054841144879659
4634,pp,0.05,0.0,22,0.6139540719985961,-6.156784022938122,-5.789888265397813
4635,do,0.05,0.0,63,0.8194435715675361,-7.558591112946019,-6.7289079586664835
4636,pp,0.05,0.0,19,2.2735429322719574,-5.934077187740441,-5.303039179907905
4637,do,0.05,0.0,15,0.4639710843563085,-5.799867859753696,-5.468998095724317
4638,pp,0.05,0.0,24,2.1702274620532984,-5.378694792949792,-4.822874821556939
4639,do,0.05,0.0,23,1.751140333414078,-6.35596412745389,-5.486663614379035
4640,pp,0.05,0.0,11,0.660262535810471,-5.76893833767284,-5.196043009228177
4641,do,0.05,0.0,17,1.1704129326343535,-4.941981025175615,-4.267066918479072
4642,pp,0.05,0.0,12,1.136106668710708,-4.8169774662364615,-4.356267058849335
4643,do,0.05,0.0,16,2.217835839986801,-5.243638811689435,-5.20458832581838
4644,pp,0.05,0.0,19,2.5936984288692475,-5.3628396381031385,-4.646772620413039
4645,do,0.05,0.0,12,1.140442034006119,-5.230586736852472,-4.6737631691826715
4646,pp,0.05,0.0,41,1.7232644760608675,-7.803449843146584,-6.999865680270725
4647,do,0.05,0.0,13,1.265968500375747,-5.849768546133331,-5.2262767871220905
4648,pp,0.05,0.0,15,1.2619266951084134,-4.836531863068089,-4.382579774326748
4649,do,0.05,0.0,20,1.6324252235889434,-4.370983640352885,-4.1390720619095696
4650,pp,0.05,0.0,9,0.39824616193771334,-5.095783359354193,-4.371405895551046
4651,do,0.05,0.0,22,1.884771007299423,-5.972706544760502,-5.353420069482591
4652,pp,0.05,0.0,33,2.4181884610652924,-4.7880589095028965,-4.229961236317952
4653,do,0.05,0.0,31,0.8307981753349303,-9.14852473374569,-8.294366486867268
4654,pp,0.05,0.0,14,1.367085796594619,-5.110353721271862,-4.505403502782186
4655,do,0.05,0.0,11,0.7103648459911343,-4.571465226375696,-4.081252629227109
4656,pp,0.05,0.0,14,2.1968106508255003,-4.9025360685406305,-4.085153887006972
4657,do,0.05,0.0,30,4.587623716592789,-5.443450391653812,-5.267920674218072
4658,pp,0.05,0.0,13,2.163385169506073,-4.580404823476618,-4.217975454860263
4659,do,0.05,0.0,29,2.080811718702317,-5.235322030385335,-4.617750374476115
4660,pp,0.05,0.0,21,1.526610404253006,-4.69700503060312,-4.219390926096175
4661,do,0.05,0.0,70,0.6247457027435299,-10.286097620472763,-9.680156914393107
4662,pp,0.05,0.0,14,-0.2664278960227966,-5.54923733364452,-4.891891354984708
4663,do,0.05,0.0,33,1.6829112350940711,-5.982698164564191,-6.573483610153199
4664,pp,0.05,0.0,40,1.9299879455566407,-4.559281487175912,-4.379904866218567
4665,do,0.05,0.0,19,0.9507538950443264,-5.67438233982433,-4.7676195700963335
4666,pp,0.05,0.0,25,1.674963401556015,-6.408743930585457,-5.591869923803541
4667,do,0.05,0.0,17,1.1496142446994781,-4.9043551242712775,-4.655197864108615
4668,pp,0.05,0.0,29,1.9580376243591306,-4.882031391606186,-4.32129109568066
4669,do,0.05,0.0,70,1.4561905097961425,-8.10910128102158,-7.946958239873251
4670,pp,0.05,0.0,12,0.7912755000591281,-4.905275302944761,-4.383002289136251
4671,do,0.05,0.0,10,1.5085646462440492,-5.00431370157184,-4.862030535274082
4672,pp,0.05,0.0,11,1.5483760273456575,-4.6690360733957,-4.265064565340678
4673,do,0.05,0.0,18,1.8738632893562315,-4.706381640289769,-4.178469667169783
4674,pp,0.05,0.0,24,2.38550515294075,-5.05766129060225,-4.34442597495185
4675,do,0.05,0.0,21,1.2828571045398718,-5.468975130716959,-5.000225403573778
4676,pp,0.05,0.0,13,1.1238407957553864,-4.811984621394764,-4.230136569341024
4677,do,0.05,0.0,30,3.047554267644882,-5.598217234467015,-6.609781323538886
4678,pp,0.05,0.0,20,2.166000711917878,-5.211590764016816,-4.729344553417629
4679,do,0.05,0.0,20,2.170678886175156,-5.064896371147849,-4.294137173228794
4680,pp,0.05,0.0,20,2.531202700138093,-5.33961237560619,-4.100239018599193
4681,do,0.05,0.0,36,4.140370581150056,-6.502227475426414,-6.316752303971184
4682,pp,0.05,0.0,41,3.795148044824601,-4.895701885223389,-4.261133170127868
4683,do,0.05,0.0,5,-0.08466168403625485,-5.155241388263124,-4.710475193129645
4684,pp,0.05,0.0,22,1.699300328493118,-4.990021679618142,-4.329094358285269
4685,do,0.05,0.0,41,4.157302829027175,-5.252941018884832,-5.31324237982432
4686,pp,0.05,0.0,65,4.926750540733337,-5.591186358711936,-4.88175777859158
4687,do,0.05,0.0,54,4.810209981203079,-6.411820485375144,-6.855443620681763
4688,pp,0.05,0.0,20,2.783810980319976,-5.469940506328236,-4.798789996571011
4689,do,0.05,0.0,28,3.0192167305946356,-6.369095880335028,-5.82525900999705
4690,pp,0.05,0.0,17,1.0321705722808838,-5.472422927798647,-4.8937200042936535
4691,do,0.05,0.0,9,0.32421791076660167,-5.782538821480491,-5.0868919610977175
4692,pp,0.05,0.0,17,1.5012074577808372,-6.568444708621863,-5.787176945474413
4693,do,0.05,0.0,51,5.559282525777817,-7.182843466961023,-7.339691106478373
4694,pp,0.05,0.0,25,2.594333653450012,-6.423875430136016,-5.153562312655978
4695,do,0.05,0.0,16,2.2164774382114416,-4.607329333912243,-4.230812133683099
4696,pp,0.05,0.0,10,1.6922347116470338,-4.557361396153768,-3.898097915119595
4697,do,0.05,0.0,24,2.205639055967331,-5.906322642528649,-5.186108220948113
4698,pp,0.05,0.0,16,2.273464895486832,-5.262413523413918,-4.7195010821024574
4699,do,0.05,0.0,31,2.751865013837814,-6.580903199224761,-5.94568665822347
4700,pp,0.05,0.0,31,2.057950339317321,-5.224639428745617,-4.5479340884420605
4701,do,0.05,0.0,31,1.9336594974994652,-5.038981294631958,-4.59129356543223
4702,pp,0.05,0.0,14,1.1464534115791318,-4.672954378706036,-4.001139756043752
4703,do,0.05,0.0,14,2.0796897411346436,-5.315173248811202,-5.049382758140564
4704,pp,0.05,0.0,15,1.6665065455436707,-4.354604419072469,-3.8704594280984668
4705,do,0.05,0.0,29,2.0146699845790863,-5.584918217225508,-5.6042314052581785
4706,pp,0.05,0.0,15,1.4541052663326264,-5.355539801626494,-4.843825051519606
4707,do,0.05,0.0,18,3.271033407449723,-4.710441758415916,-4.629960306485494
4708,pp,0.05,0.0,35,1.9929168617725361,-6.077755344275272,-5.298400807380676
4709,do,0.05,0.0,12,0.8795867705345151,-6.662486001217004,-5.731486513879564
4710,pp,0.05,0.0,21,1.8964906585216523,-4.787609951423876,-4.224003734853532
4711,do,0.05,0.0,15,1.688867282867431,-5.034152366175796,-4.483798533015781
4712,pp,0.05,0.0,24,3.355091755390168,-6.2195124915151885,-5.179564343558417
4713,do,0.05,0.0,41,2.3300885343551636,-6.321180736657345,-6.357773658964369
4714,pp,0.05,0.0,24,1.0715137565135953,-5.963682199246955,-5.104742259449429
4715,do,0.05,0.0,49,3.436242051124572,-5.512909415273955,-6.21176954375373
4716,pp,0.05,0.0,20,2.2935738384723665,-5.13414701981978,-4.762230896949768
4717,do,0.05,0.0,13,2.765786678791047,-6.435092079278195,-5.221151675118341
4718,pp,0.05,0.0,12,2.025230106115342,-5.796157296498617,-4.782287160555522
4719,do,0.05,0.0,17,2.31624171614647,-4.922900306817257,-4.6180932442347205
4720,pp,0.05,0.0,19,1.8343461763858793,-5.206248546369148,-4.468811541133457
4721,do,0.05,0.0,27,2.441306068897248,-5.517492472041737,-5.166216805246141
4722,pp,0.05,0.0,23,2.7647823154926305,-4.373231549696489,-4.089508582486046
4723,do,0.05,0.0,23,2.646174194812775,-5.422414643836744,-5.156130962901646
4724,pp,0.05,0.0,13,1.6066292655467995,-4.654564702872074,-4.1564215050803295
4725,do,0.05,0.0,31,4.015403871536255,-5.990674501476866,-5.8072321150037975
4726,pp,0.05,0.0,27,3.9218876039981847,-5.321048649874601,-4.642580648263295
4727,do,0.05,0.0,35,1.912791504859924,-5.188878757303411,-5.555562120013767
4728,pp,0.05,0.0,8,0.5019731378555301,-4.602214215018533,-4.101115638679929
4729,do,0.05,0.0,15,1.8602903902530672,-4.951807852947351,-4.359636251131693
4730,pp,0.05,0.0,13,0.7610151016712186,-7.209378522815126,-5.783209596739875
4731,do,0.05,0.0,70,2.567711759805679,-7.8861006765654595,-7.078560948371887
4732,pp,0.05,0.0,15,1.6874883353710173,-5.116095399856567,-4.112143415874905
4733,do,0.05,0.0,13,0.17339795470237718,-6.393360614776611,-5.9021051141950815
4734,pp,0.05,0.0,22,1.4923209071159365,-4.766566285220059,-4.523593009842767
4735,do,0.05,0.0,30,3.4384900546073913,-5.407438019550208,-5.999898436334398
4736,pp,0.05,0.0,32,2.734394688606262,-4.501706624753547,-4.18842257393731
4737,do,0.05,0.0,11,1.6441039502620693,-4.697500948472457,-4.165297012858921
4738,pp,0.05,0.0,29,2.619514664411546,-6.289336171294703,-5.539683119455973
4739,do,0.05,0.0,27,2.5854260563850406,-6.657609721386072,-7.158218598365783
4740,pp,0.05,0.0,16,1.878663641214371,-4.814495002862179,-4.3524542888005575
4741,do,0.05,0.0,51,2.024110560417176,-6.859987952492454,-5.555154048071968
4742,pp,0.05,0.0,10,1.4833739435672761,-5.425825763471199,-4.490072756343418
4743,do,0.05,0.0,18,2.822473671436309,-5.246595285878037,-4.9092459360758465
4744,pp,0.05,0.0,18,2.286155284643173,-5.04115384275263,-4.723204943868849
4745,do,0.05,0.0,15,2.628021742105484,-4.454626222090288,-4.3338590635193714
4746,pp,0.05,0.0,9,1.1122676217556,-4.33806631492846,-3.7493231481975977
4747,do,0.05,0.0,69,2.4296426284313206,-4.720816334811124,-4.227790421909756
4748,pp,0.05,0.0,31,2.6319000554084777,-5.156149242863511,-4.5642794277932905
4749,do,0.05,0.0,70,1.6499925208091746,-9.402222276456428,-7.57899727291531
4750,pp,0.05,0.0,10,1.2030312287807465,-4.835849915128765,-4.288986457718743
4751,do,0.05,0.0,37,2.655294157266617,-4.814159456888834,-4.310531140698327
4752,pp,0.05,0.0,14,1.7543720138072967,-4.3536733237179845,-3.9118628991974727
4753,do,0.05,0.0,31,2.7198491549491886,-5.790914363572091,-5.146443051762051
4754,pp,0.05,0.0,33,1.350002326965332,-6.152545975193833,-4.993143733342489
4755,do,0.05,0.0,28,2.2746694397926337,-5.2659165541330974,-4.7944740030500625
4756,pp,0.05,0.0,13,2.5183289313316344,-5.140782837434249,-4.415224043528239
4757,do,0.05,0.0,70,1.550314956903458,-5.69353554465554,-4.870791625976563
4758,pp,0.05,0.0,28,2.3487431359291078,-4.796412913004557,-4.085952695210775
4759,do,0.05,0.0,9,0.8214232170581814,-4.7463359139182355,-4.098939649264017
4760,pp,0.05,0.0,17,2.539127395153046,-4.884607884378144,-4.468340500195821
4761,do,0.05,0.0,19,1.6167963933944698,-4.941733941164884,-4.299270666970147
4762,pp,0.05,0.0,60,1.598539350032807,-6.775428019147931,-6.014235729641385
4763,do,0.05,0.0,19,2.227158441543579,-4.832929195057262,-4.280231751335991
4764,pp,0.05,0.0,26,2.5666580092906948,-5.85576882795854,-5.049187427096896
4765,do,0.05,0.0,46,2.759619703292846,-5.298081682667588,-4.761793314086066
4766,pp,0.05,0.0,46,2.53648074388504,-6.40298024524342,-5.930630723635356
4767,do,0.05,0.0,18,2.4403603518009183,-4.55638015053489,-3.9573672731717426
4768,pp,0.05,0.0,20,2.988944903612137,-5.87893731955326,-4.823054011662801
4769,do,0.05,0.0,45,4.127697732448578,-5.775771116487908,-5.791637685563829
4770,pp,0.05,0.0,45,3.9490186595916743,-5.145294592597268,-4.4684280369016856
4771,do,0.05,0.0,10,0.43118953943252514,-5.139187668309067,-4.485176306300693
4772,pp,0.05,0.0,24,1.571890785694122,-6.6628564820145115,-5.664486659897698
4773,do,0.05,0.0,18,2.9977512288093573,-4.844101147218184,-5.091049475140042
4774,pp,0.05,0.0,16,2.287962546348571,-5.7924069332354,-5.158790352609422
4775,do,0.05,0.0,18,2.3667226290702823,-4.777940727002693,-4.097362539503309
4776,pp,0.05,0.0,29,3.3762056183814995,-5.0918267770247025,-4.63247550063663
4777,do,0.05,0.0,20,2.146204166412354,-4.852586403760043,-4.334326569239298
4778,pp,0.05,0.0,18,1.6983112633228306,-5.3565835100231745,-4.9849755154715645
4779,do,0.05,0.0,18,1.9738679492473592,-5.162837183114254,-4.56856705877516
4780,pp,0.05,0.0,28,2.9925344455242167,-5.556004139871308,-4.9411340024736194
4781,do,0.05,0.0,14,0.02749426484107964,-5.800061952706539,-5.138525385326809
4782,pp,0.05,0.0,66,0.35877188920974845,-9.700493980176521,-9.046676222483317
4783,do,0.05,0.0,14,3.424403491020203,-5.8494193756219115,-5.021374042828878
4784,pp,0.05,0.0,70,3.3836069142818452,-7.997028320485895,-6.999171948432922
4785,do,0.05,0.0,60,3.6296153640747066,-4.958757693839796,-4.509791486793095
4786,pp,0.05,0.0,18,2.08624181985855,-5.474637333552042,-4.940209791395399
4787,do,0.05,0.0,17,1.9452866649627687,-4.412203363938765,-3.874037109480964
4788,pp,0.05,0.0,14,0.6923920655250555,-5.829083181150032,-5.150102578269111
4789,do,0.05,0.0,29,4.560255616903305,-4.627050451798873,-3.9972723960876464
4790,pp,0.05,0.0,22,2.5683308649063106,-4.6170038440010766,-4.046919324662951
4791,do,0.05,0.0,35,3.876444073915482,-5.356685407233961,-4.701406561003791
4792,pp,0.05,0.0,30,2.4166986525058736,-5.827646592169097,-5.0813738478554615
4793,do,0.05,0.0,53,2.569978551864624,-6.56926763418949,-6.383799629741245
4794,pp,0.05,0.0,26,3.052790893316268,-4.5819887508045545,-4.145375577608744
4795,do,0.05,0.0,13,1.9368947064876565,-5.766382578647498,-5.005468630790711
4796,pp,0.05,0.0,12,1.8494016480445863,-5.510074670387037,-4.5782851298650105
4797,do,0.05,0.0,36,3.156931425333023,-4.219255340460575,-4.065679763423072
4798,pp,0.05,0.0,21,1.403583964109421,-6.486600888859142,-5.8766088697645396
4799,do,0.05,0.0,32,3.091288044452668,-5.359086409482089,-4.3023703111542595
4800,pp,0.05,0.0,23,1.5448208761215207,-4.678068695646344,-4.187589987119039
4801,do,0.05,0.0,31,4.798187398910523,-4.899331741622,-4.310163429048326
4802,pp,0.05,0.0,17,3.178600745201111,-5.237255223592123,-4.594737005233765
4803,do,0.05,0.0,24,2.4988917720317847,-4.640895700454712,-4.5213241259257
4804,pp,0.05,0.0,7,0.8649925172328947,-4.660777174342762,-5.200041434499952
4805,do,0.05,0.0,20,2.60707160949707,-4.7636742548509075,-4.303562047746446
4806,pp,0.05,0.0,23,2.297048156261444,-6.133228452277906,-5.358599593904283
4807,do,0.05,0.0,26,2.32015041232109,-5.683169112061009,-5.104232584105597
4808,pp,0.05,0.0,22,2.670315791368485,-5.336329593080463,-4.614228786362542
4809,do,0.05,0.0,16,2.5094914925098424,-5.766873449267763,-4.909874521361457
4810,pp,0.05,0.0,15,2.2518396103382115,-5.363070979262844,-4.408380722999572
4811,do,0.05,0.0,34,3.1391803407669077,-4.9698365023641875,-4.359513635105557
4812,pp,0.05,0.0,51,2.4772407305240636,-5.8350981365550645,-5.018017241689894
4813,do,0.05,0.0,60,1.3112404358386982,-6.767011970462221,-5.934314343664381
4814,pp,0.05,0.0,11,0.9672478353977203,-5.587613420775442,-4.9491327020857065
4815,do,0.05,0.0,18,2.3679873323440557,-5.387751816258286,-4.842351275020175
4816,pp,0.05,0.0,18,1.1697006225585938,-5.182253432996346,-4.4313948419359
4817,do,0.05,0.0,70,0.14692351579666152,-8.906923109112364,-8.118958830833435
4818,pp,0.05,0.0,9,0.20682845115661674,-5.4788771744930385,-4.853705459170872
4819,do,0.05,0.0,23,2.228075855970383,-4.627615870851459,-4.421733397907681
4820,pp,0.05,0.0,13,1.9691608119010926,-4.669602998097738,-4.120283867253198
4821,do,0.05,0.0,26,2.5718716192245488,-4.515658151742183,-4.328732411066691
4822,pp,0.05,0.0,21,1.7507841777801518,-4.754199462948423,-4.1041607803768585
4823,do,0.05,0.0,6,-0.34418980240821906,-5.647028447642471,-5.012412415610419
4824,pp,0.05,0.0,10,1.377966691255569,-4.631584414568814,-4.087538501951429
4825,do,0.05,0.0,15,-0.03557354450225869,-6.409827730872414,-5.585244697994656
4826,pp,0.05,0.0,21,1.080879528522491,-6.8690016370831115,-5.799864199426439
4827,do,0.05,0.0,23,2.660343734025955,-5.460106472535567,-5.080606608920627
4828,pp,0.05,0.0,21,2.133480727672577,-5.604981939720385,-5.2675163533952505
4829,do,0.05,0.0,10,0.10407307028770418,-5.280706716306282,-4.733406596713596
4830,pp,0.05,0.0,24,1.4712862491607668,-6.252946956229932,-5.4941926797231035
4831,do,0.05,0.0,33,1.122320821285248,-8.087163209915161,-7.108139530817668
4832,pp,0.05,0.0,68,1.4441101121902467,-8.000503545818907,-7.326863876978556
4833,do,0.05,0.0,20,2.662966570854187,-4.334668669556127,-4.52181880209181
4834,pp,0.05,0.0,13,1.4970985710620877,-4.633044096917817,-4.043543725543552
4835,do,0.05,0.0,20,1.7975010979175563,-5.129424875432795,-4.916606760025024
4836,pp,0.05,0.0,43,2.22769414305687,-6.1247027411605375,-5.5710665861765545
4837,do,0.05,0.0,63,0.5442320036888129,-6.742427434343281,-6.356946849822998
4838,pp,0.05,0.0,9,1.0883144593238834,-5.529324405843561,-4.583029701974657
4839,do,0.05,0.0,17,0.8859714806079868,-6.045327950968887,-5.716622649298774
4840,pp,0.05,0.0,30,2.5498488819599157,-5.335109086470171,-4.7689525630739
4841,do,0.05,0.0,68,0.05598040938377302,-7.99573512655316,-7.165170245700413
4842,pp,0.05,0.0,14,1.35972206234932,-4.855026953148119,-4.069561245706346
4843,do,0.05,0.0,21,1.5708753669261926,-6.5584852984457305,-5.836091348859999
4844,pp,0.05,0.0,66,1.3684927129745468,-7.308403380711874,-5.965461926990085
4845,do,0.05,0.0,20,1.9487118232250218,-5.063677198236639,-5.031476434071859
4846,pp,0.05,0.0,10,1.4960487258434298,-5.673154826597734,-4.775248630841573
4847,do,0.05,0.0,64,0.3399638831615448,-8.963661082585652,-7.778599394692315
4848,pp,0.05,0.0,63,1.3635828995704653,-8.690083938656432,-8.706457307603625
4849,do,0.05,0.0,20,3.1371816408634183,-5.467796730272697,-5.069653203752305
4850,pp,0.05,0.0,33,3.2667527818679813,-5.764480810454398,-5.183791957961189
4851,do,0.05,0.0,11,1.8228445315361022,-4.896816331690008,-4.684603820906745
4852,pp,0.05,0.0,9,1.2012891221046447,-4.7777589523431025,-4.184691696696811
4853,do,0.05,0.0,20,2.4830477607250208,-6.053397182984786,-5.71892269982232
4854,pp,0.05,0.0,28,2.2608597981929783,-6.953696729197647,-5.873820551236471
4855,do,0.05,0.0,14,1.131770062446594,-6.26359980323098,-5.485247251722548
4856,pp,0.05,0.0,14,1.7161362981796264,-4.9268925898002855,-4.287371277809143
4857,do,0.05,0.0,59,2.486279947757721,-6.212680433735703,-5.703665362464057
4858,pp,0.05,0.0,20,1.404153982400894,-5.578964838837132,-4.529698481824663
4859,do,0.05,0.0,22,2.6612682509422303,-5.698744038379553,-4.799626466963026
4860,pp,0.05,0.0,10,1.9183703875541687,-4.814912014296561,-4.12344563404719
4861,do,0.05,0.0,14,2.3161081039905556,-4.769106347633131,-4.622186907132467
4862,pp,0.05,0.0,15,1.0254689705371858,-4.769012036468044,-4.105829842885336
4863,do,0.05,0.0,12,1.9979241561889651,-4.919231920531302,-4.767936123741998
4864,pp,0.05,0.0,12,2.21780824303627,-4.721570425322562,-4.030224778917101
4865,do,0.05,0.0,14,1.807990045547485,-4.481796916325887,-4.504645466804504
4866,pp,0.05,0.0,8,1.7157018148899077,-4.66586168607076,-3.948472923702664
4867,do,0.05,0.0,70,1.151783922910691,-6.875678838383068,-6.499311357074314
4868,pp,0.05,0.0,30,1.0157552921772002,-6.339179549072728,-5.504599449369643
4869,do,0.05,0.0,70,2.4018300926685328,-7.196421629009825,-7.348508659998576
4870,pp,0.05,0.0,9,1.5176467418670647,-4.624020603931311,-4.087747161918216
4871,do,0.05,0.0,7,0.9418323433399198,-5.560645627975464,-5.044345225228204
4872,pp,0.05,0.0,14,1.5045553731918337,-5.275938791217226,-4.4641034483909605
4873,do,0.05,0.0,19,2.3506272053718567,-5.320021388024995,-5.00841498374939
4874,pp,0.05,0.0,9,1.5894833350181585,-4.6719058354695635,-3.992806271711985
4875,do,0.05,0.0,12,0.7972389400005335,-5.2108909144546045,-5.463610784212748
4876,pp,0.05,0.0,10,0.23805999279022227,-5.058484531171394,-4.514454505178663
4877,do,0.05,0.0,13,1.2041002130508422,-5.294507944222652,-5.449955519040426
4878,pp,0.05,0.0,17,0.9937739014625544,-4.836790571790753,-4.35061776108212
4879,do,0.05,0.0,25,2.667268197536469,-5.722205267530499,-5.281271545092265
4880,pp,0.05,0.0,35,2.325334720611572,-7.41677102320122,-7.917105552885268
4881,do,0.05,0.0,18,2.153842794895172,-4.907437167023168,-4.77215105427636
4882,pp,0.05,0.0,23,1.9325765836238862,-6.0657149661671035,-5.489459657669068
4883,do,0.05,0.0,55,2.2167958438396447,-5.4332233486753525,-5.041317555639479
4884,pp,0.05,0.0,28,1.9723187947273253,-5.2465855425054375,-4.741597149107191
4885,do,0.05,0.0,23,3.483444757461548,-5.5994428056659125,-5.199606826570299
4886,pp,0.05,0.0,70,1.8869353532791138,-8.564936806938865,-7.866185257169936
4887,do,0.05,0.0,9,1.7185479986667627,-6.014130194981893,-5.6097158908844
4888,pp,0.05,0.0,70,2.4554651105403895,-9.15153928381024,-8.249775626924302
4889,do,0.05,0.0,70,1.8603627169132242,-7.811023204976862,-8.623778581619263
4890,pp,0.05,0.0,58,2.6867077445983876,-6.075096381794323,-5.683627756436666
4891,do,0.05,0.0,21,1.7544640684127808,-6.606692165316957,-5.679372080167135
4892,pp,0.05,0.0,8,0.9490592503547672,-5.840680615107218,-5.253641899426778
4893,do,0.05,0.0,13,2.357757401466369,-5.855335326628252,-5.479206148783366
4894,pp,0.05,0.0,12,1.3205276560783386,-6.2646326426303744,-5.5112349165810475
4895,do,0.05,0.0,64,2.0043387961387626,-7.145054866328384,-6.826485149065653
4896,pp,0.05,0.0,19,1.2834042370319363,-5.077636397968639,-4.899244483311971
4897,do,0.05,0.0,19,1.7187839269638063,-5.027377001444498,-4.671752985318502
4898,pp,0.05,0.0,7,1.2911653780937202,-4.3714273582805285,-3.8153419454892474
4899,do,0.05,0.0,31,2.959969993829727,-5.253076011484319,-5.973396338356865
4900,pp,0.05,0.0,23,2.017561475038529,-4.828705575249412,-4.248442538579305
4901,do,0.05,0.0,17,2.40432817697525,-5.308102483460398,-4.723300827874078
4902,pp,0.05,0.0,19,3.012318947315217,-6.224661892110651,-5.204752855830723
4903,do,0.05,0.0,18,2.8020597028732297,-5.3318612329887625,-5.10252103805542
4904,pp,0.05,0.0,17,2.000305634737014,-5.28454323537422,-4.645950690905253
4905,do,0.05,0.0,24,2.7248783457279204,-5.446430615222815,-5.685342515839471
4906,pp,0.05,0.0,49,3.8796389245986926,-5.842323767055165,-5.676631098323398
4907,do,0.05,0.0,25,2.206376432180404,-6.109554709810199,-5.4456769545873005
4908,pp,0.05,0.0,10,1.7209721910953526,-4.655557405587398,-3.899381801817152
4909,do,0.05,0.0,19,1.3809608221054077,-5.197975923075821,-5.144497280650668
4910,pp,0.05,0.0,14,1.358108109235764,-4.7434239084070375,-4.177894410822127
4911,do,0.05,0.0,35,1.5919997990131387,-6.9046618476058494,-5.852585254775153
4912,pp,0.05,0.0,39,1.6449285483360292,-5.7465142726898195,-4.874692267841763
4913,do,0.05,0.0,10,0.9625053918361663,-6.154891022768887,-5.34231968720754
4914,pp,0.05,0.0,14,1.7788200581073754,-4.704592278509429,-4.0617371055814955
4915,do,0.05,0.0,17,1.08900363445282,-5.570920464486787,-4.885192939970229
4916,pp,0.05,0.0,17,0.5052183330059048,-6.529541006955234,-5.52713123427497
4917,do,0.05,0.0,30,3.0993225061893463,-4.858818385095307,-4.876203812493218
4918,pp,0.05,0.0,24,2.7442474651336672,-5.4055283228556315,-4.587995356983608
4919,do,0.05,0.0,18,0.5650971496105202,-5.76988319050182,-5.301265936427646
4920,pp,0.05,0.0,20,1.2956191825866696,-4.768413613059304,-4.3592467612690395
4921,do,0.05,0.0,23,2.509317165613175,-5.177610996997718,-4.986682979265849
4922,pp,0.05,0.0,14,2.049399333000183,-6.027825479796438,-5.512631964683533
4923,do,0.05,0.0,29,0.7920815098285683,-6.712208008043694,-6.203450033399794
4924,pp,0.05,0.0,35,1.7314289212226868,-5.15578476154443,-4.688220183054606
4925,do,0.05,0.0,17,2.693498941659927,-6.069937886613788,-5.6788190947638615
4926,pp,0.05,0.0,10,1.973806731700897,-5.291085295243697,-4.56725963751475
4927,do,0.05,0.0,16,1.025713891983032,-5.305110240705085,-5.005026992162069
4928,pp,0.05,0.0,13,0.8451909446716304,-4.904263536857836,-4.441410479280684
4929,do,0.05,0.0,15,2.25529886841774,-6.121259372884577,-5.6439266761144005
4930,pp,0.05,0.0,51,3.4976802325248713,-6.516026717966253,-5.91591051419576
4931,do,0.05,0.0,23,1.5420016741752622,-5.046498157038833,-4.480653055508932
4932,pp,0.05,0.0,70,2.6179681193828577,-6.95640580292904,-5.914025473594665
4933,do,0.05,0.0,5,0.19370713949203555,-5.024319843812422,-4.43846329053243
4934,pp,0.05,0.0,41,1.4798248839378347,-6.548530016523419,-6.178905365202162
4935,do,0.05,0.0,17,2.3247831141948705,-4.911453241290468,-4.338324079248641
4936,pp,0.05,0.0,29,2.8021332049369816,-6.445162764462558,-5.175494612587823
4937,do,0.05,0.0,8,0.27191660881042523,-4.782863131436435,-4.234539829360115
4938,pp,0.05,0.0,26,1.7928815031051633,-7.154263915437641,-6.281551162401835
4939,do,0.05,0.0,13,1.714700866937637,-5.184875131375862,-4.418983268737793
4940,pp,0.05,0.0,70,4.896714346408845,-6.489012286157319,-5.569236159324646
4941,do,0.05,0.0,26,0.9596360731124882,-6.4061593388066145,-6.027427297168308
4942,pp,0.05,0.0,23,1.5873386871814725,-5.86306364030549,-5.4230088180965845
4943,do,0.05,0.0,28,0.9285111987590788,-7.1062859549666895,-7.118738343980577
4944,pp,0.05,0.0,38,2.7059573686122897,-5.489812202164621,-4.613322552045187
4945,do,0.05,0.0,46,3.6813108122348783,-5.198443292848991,-4.677156843079461
4946,pp,0.05,0.0,14,1.9746513593196866,-4.9940285364786785,-4.393653056356642
4947,do,0.05,0.0,36,2.118774431943894,-6.753300194306807,-5.621185374259949
4948,pp,0.05,0.0,21,0.9333719182014466,-6.632794495784875,-6.0532425191667345
4949,do,0.05,0.0,28,0.7533237731456754,-7.183621759125681,-6.490139934751722
4950,pp,0.05,0.0,11,1.2383869135379797,-5.0797430038452145,-5.087348800235325
4951,do,0.05,0.0,30,2.893493010997772,-4.88846362287348,-4.567154595586989
4952,pp,0.05,0.0,55,4.656312747001647,-4.831046893379905,-4.295322651333279
4953,do,0.05,0.0,15,0.5717111229896545,-5.41056848005815,-4.9312758074866405
4954,pp,0.05,0.0,12,0.33594236731529215,-5.561714149243904,-5.114758268992106
4955,do,0.05,0.0,17,0.7660279881954191,-5.133237951452082,-4.985153373082479
4956,pp,0.05,0.0,35,2.381720142364502,-4.7661207083499795,-5.078546402189467
4957,do,0.05,0.0,29,2.501813131570816,-5.401571961605188,-5.367951578564114
4958,pp,0.05,0.0,15,1.9476544392108917,-4.818384492758549,-4.028726082377964
4959,do,0.05,0.0,14,1.0484995543956757,-6.763613424879132,-5.955861576398214
4960,pp,0.05,0.0,10,1.1947423470020295,-5.809559530200381,-5.4235505104064945
4961,do,0.05,0.0,7,0.13387239336967482,-4.982189322962905,-4.495576228035821
4962,pp,0.05,0.0,11,1.3130978643894196,-5.411028755072391,-4.987419872813755
4963,do,0.05,0.0,17,1.7207621347904203,-4.357567051685217,-3.8241187148624
4964,pp,0.05,0.0,14,1.5415330398082734,-4.961467764594338,-4.24856514400906
4965,do,0.05,0.0,17,2.007892850637436,-4.790912860812563,-4.508075269063314
4966,pp,0.05,0.0,16,2.019065384864807,-5.334626103892471,-4.86410280333625
4967,do,0.05,0.0,65,1.8577523958683022,-6.820721910939072,-6.07291460302141
4968,pp,0.05,0.0,44,2.0772791409492486,-5.64629696932706,-5.585442741711934
4969,do,0.05,0.0,26,4.232506057024002,-5.717323007005634,-5.817685861057705
4970,pp,0.05,0.0,24,3.252539188861846,-5.93236170537544,-5.220980090565152
4971,do,0.05,0.0,1,-1.1432816946506499,-6.057836310068766,-5.490710361798604
4972,pp,0.05,0.0,70,0.768594152927399,-11.448250354420056,-10.292166317833795
4973,do,0.05,0.0,11,1.863895945549011,-4.798476506724502,-4.486141445901659
4974,pp,0.05,0.0,10,0.431411397457123,-7.140576999837702,-6.6087491167916195
4975,do,0.05,0.0,15,1.41142937541008,-5.052642494259459,-4.60778280099233
4976,pp,0.05,0.0,11,0.7174474823474881,-6.022703896146832,-5.288049070040385
4977,do,0.05,0.0,44,4.058462949991227,-5.6966667652130125,-5.031383281283908
4978,pp,0.05,0.0,20,2.467598061561584,-5.452163534453421,-4.652139184210036
4979,do,0.05,0.0,12,1.13948681473732,-5.072716877677224,-4.63130750656128
4980,pp,0.05,0.0,53,1.7557059597969058,-6.886810286839803,-6.236297472318014
4981,do,0.05,0.0,16,2.8517525243759154,-4.9902421835697055,-5.399100258615282
4982,pp,0.05,0.0,14,2.2072985684871664,-5.73548186042092,-5.190781384044223
4983,do,0.05,0.0,15,3.3714395403862003,-5.390630474957553,-4.823154038853115
4984,pp,0.05,0.0,18,3.4794773077964782,-6.759942978078668,-5.384837947951423
4985,do,0.05,0.0,14,2.1180549907684325,-4.457914418885202,-4.0485843578974405
4986,pp,0.05,0.0,13,1.8328016173839572,-4.6391016989043266,-4.212578235732185
4987,do,0.05,0.0,35,3.65687462568283,-5.059267233357285,-5.15122688876258
4988,pp,0.05,0.0,19,1.7070620393753053,-5.808693950826472,-5.470367246203953
4989,do,0.05,0.0,17,3.346344462633132,-4.942348709973422,-4.514800084961785
4990,pp,0.05,0.0,12,2.230488905906677,-4.877658400391088,-4.415648163689507
4991,do,0.05,0.0,20,2.6309138333797444,-5.402745858105746,-5.3294621229171755
4992,pp,0.05,0.0,22,1.5373643994331365,-5.0884721004601685,-4.555142381456164
4993,do,0.05,0.0,33,3.3071160435676576,-4.8710421200954555,-4.390704245037503
4994,pp,0.05,0.0,16,2.1635650825500496,-4.750676649267024,-3.773894543117947
4995,do,0.05,0.0,29,2.673615338802337,-6.010152257572521,-5.197706823878818
4996,pp,0.05,0.0,5,-0.024058233499527404,-6.006703320416537,-4.895559567875332
4997,do,0.05,0.0,53,2.107376099824906,-5.116186530662305,-4.596698228518168
4998,pp,0.05,0.0,47,1.017292882204055,-6.689353692892826,-5.740086430973477
4999,do,0.05,0.0,15,1.3739382195472718,-4.707843611457131,-4.255813262197706
5000,pp,0.05,0.0,25,0.8896000659465786,-6.826273226015496,-5.7268207708994545
5001,do,0.05,0.0,12,0.9540029072761538,-4.396508578098182,-4.097132235103183
5002,pp,0.05,0.0,5,0.7154610300064084,-4.518096094420462,-3.9486117045084637
5003,do,0.05,0.0,70,2.302835910320283,-6.633579314838756,-6.13442390759786
5004,pp,0.05,0.0,15,0.7356411266326903,-6.251794971119274,-5.029931924078199
5005,do,0.05,0.0,37,3.4166999232769006,-5.190648076028535,-4.775328758027818
5006,pp,0.05,0.0,23,1.6546000528335583,-6.179589051911325,-5.116723420884874
5007,do,0.05,0.0,7,1.1916233229637143,-4.458513254107851,-4.13998122215271
5008,pp,0.05,0.0,6,0.4718645524978644,-5.042847662261038,-4.067328969637553
5009,do,0.05,0.0,70,1.1621121323108685,-8.669954321601175,-7.73044555981954
5010,pp,0.05,0.0,47,1.169233473539352,-6.593341070232969,-5.446765764554342
5011,do,0.05,0.0,25,2.3214091897010807,-8.611504459381104,-8.65556461016337
5012,pp,0.05,0.0,17,3.1728918719291688,-4.408297836419308,-3.7863081071111893
5013,do,0.05,0.0,8,1.390174481868744,-4.601226478634459,-4.236929901440939
5014,pp,0.05,0.0,11,0.7139636230468751,-5.18412876996127,-4.097748817337884
5015,do,0.05,0.0,70,0.17537790656089847,-10.218816442200632,-9.164552148183187
5016,pp,0.05,0.0,15,1.9690480172634128,-5.506473729104707,-4.716322247187296
5017,do,0.05,0.0,70,2.3449413645267487,-7.246900707302672,-6.4104676961898805
5018,pp,0.05,0.0,11,0.29350525021553064,-5.776526430881384,-4.848521958457099
5019,do,0.05,0.0,60,1.5367924630641934,-9.60585725957697,-8.46933217048645
5020,pp,0.05,0.0,15,1.7747831404209133,-5.323373499783602,-4.462212978469001
5021,do,0.05,0.0,57,1.2631877899169925,-8.048851781902892,-7.116029016176859
5022,pp,0.05,0.0,16,0.5533118414878846,-5.59866321737116,-4.628115558624268
5023,do,0.05,0.0,6,0.38505253195762634,-6.1949034922050705,-5.41173988978068
5024,pp,0.05,0.0,6,-0.0060246825218195355,-6.191920738509207,-4.986900968021817
5025,do,0.05,0.0,15,1.3739382195472718,-4.707843611457131,-4.255813262197706
5026,pp,0.05,0.0,25,0.8896000659465786,-6.826273226015496,-5.7268207708994545
5027,do,0.05,0.0,15,3.7539057886600498,-4.965298068884647,-4.555534029006958
5028,pp,0.05,0.0,22,2.371446477174759,-4.920428858381329,-4.036369533008999
5029,do,0.05,0.0,12,2.072258462905884,-4.5040165092005875,-4.143019837803311
5030,pp,0.05,0.0,6,0.21792978405952468,-5.494620915615197,-4.671854294670952
5031,do,0.05,0.0,24,1.4366879642009733,-6.508490069707235,-6.033544916576809
5032,pp,0.05,0.0,9,0.921903923749924,-4.674417037674875,-4.111183574464586
5033,do,0.05,0.0,25,2.8257204878330224,-6.253190133065888,-5.516527583864
5034,pp,0.05,0.0,9,1.185439820289612,-4.650320446130001,-3.9756751616795856
5035,do,0.05,0.0,53,2.107376099824906,-5.116186530662305,-4.596698228518168
5036,pp,0.05,0.0,47,1.017292882204055,-6.689353692892826,-5.740086430973477
5037,do,0.05,0.0,19,2.418792705535888,-5.441828599120631,-5.070906980832418
5038,pp,0.05,0.0,13,1.7386325037479393,-4.856303186127634,-4.340336129400465
5039,do,0.05,0.0,9,1.5185205757617952,-4.745398258440423,-4.24102308485243
5040,pp,0.05,0.0,14,1.341475614309311,-5.2053958560481215,-4.079475012090471
5041,do,0.05,0.0,70,2.562097669839858,-8.51413716691913,-7.818511777453953
5042,pp,0.05,0.0,5,0.8108973217010504,-5.191524186278834,-4.343484865294562
5043,do,0.05,0.0,15,1.9037925279140469,-5.990157903324474,-5.64247284995185
5044,pp,0.05,0.0,17,1.2823532128334048,-5.129174222368182,-4.045225087801615
5045,do,0.05,0.0,12,0.643188532590866,-5.129189651662653,-4.788500078519186
5046,pp,0.05,0.0,14,2.2430829262733454,-5.16284191680677,-4.641530058119032
5047,do,0.05,0.0,8,1.071225292682648,-4.750211584206784,-4.484743478563097
5048,pp,0.05,0.0,17,0.9141338342428202,-5.488830605420199,-4.68259348736869
5049,do,0.05,0.0,15,0.7189779984951015,-5.490935751886079,-5.7244075351291235
5050,pp,0.05,0.0,16,1.4135117840766904,-5.820169032703746,-5.191308866606819
5051,do,0.05,0.0,31,4.33318949341774,-6.696681008194432,-6.3028107590145535
5052,pp,0.05,0.0,11,1.328170393705368,-4.6648698301026315,-4.046264673603906
5053,do,0.05,0.0,35,2.732392486333848,-5.340701318509651,-5.064091247982449
5054,pp,0.05,0.0,7,1.2364711546897889,-4.302258185184363,-3.909071456061469
5055,do,0.05,0.0,9,0.7256361532211306,-4.883756321126764,-5.01089522573683
5056,pp,0.05,0.0,12,1.3753751659393316,-4.88929904012969,-4.117432989014519
5057,do,0.05,0.0,70,0.6173780834674822,-9.211978556893088,-7.8266060087415905
5058,pp,0.05,0.0,15,1.7593970835208887,-5.039955483060894,-4.24420755704244
5059,do,0.05,0.0,17,0.9997694134712223,-7.409834172508933,-7.267767895592583
5060,pp,0.05,0.0,29,2.550820988416672,-6.010740933273778,-4.9821556700600516
5061,do,0.05,0.0,6,0.26183162093162515,-5.8908657810904765,-5.680998910797967
5062,pp,0.05,0.0,9,0.7946829044818875,-6.408507013320923,-4.619595257441203
5063,do,0.05,0.0,3,-0.466073788404465,-6.0382726625962695,-5.5886585421032375
5064,pp,0.05,0.0,28,2.4169650888443,-7.569454086188114,-5.737186235851712
5065,do,0.05,0.0,22,1.3584014844894412,-7.10658420938434,-6.108459618356493
5066,pp,0.05,0.0,13,1.249657566547394,-5.158737673903957,-4.759305357933044
5067,do,0.05,0.0,2,-0.5276284658908841,-5.970719047026201,-5.35742253727383
5068,pp,0.05,0.0,36,1.140438177585601,-8.458826747085109,-6.6709178103341
5069,do,0.05,0.0,9,-0.07633808016777088,-6.151297696431478,-5.560674134890238
5070,pp,0.05,0.0,22,0.6820687258243563,-5.895532241012111,-4.662307378980849
5071,do,0.05,0.0,27,-0.1948695755004879,-6.381873639424642,-5.797039543257819
5072,pp,0.05,0.0,54,1.5051095712184903,-9.195096089623192,-7.325545242097642
5073,do,0.05,0.0,45,1.705074063539505,-6.510658946181788,-5.41385797129737
5074,pp,0.05,0.0,7,0.4439401710033417,-4.8259557825146295,-4.176621460914612
5075,do,0.05,0.0,4,-0.2159605729579921,-5.857593481468432,-5.2391591363483005
5076,pp,0.05,0.0,48,2.2024275064468384,-8.315985471552068,-7.002828714582655
5077,do,0.05,0.0,11,0.7141682469844826,-5.992011628006444,-5.325159568256802
5078,pp,0.05,0.0,6,0.39240800499916073,-5.225588210423788,-4.212509653303358
5079,do,0.05,0.0,13,2.686317028999329,-6.722934777808912,-6.063560639487372
5080,pp,0.05,0.0,9,0.8609750056266776,-4.915847505222668,-4.142688308821784
5081,do,0.05,0.0,70,2.147683297395706,-7.44964481122566,-7.325475841098362
5082,pp,0.05,0.0,29,1.1975658297538763,-5.502555575515284,-4.814713282055325
5083,do,0.05,0.0,28,2.7397219169139877,-7.119459069858898,-7.065879260169135
5084,pp,0.05,0.0,17,1.685475918054581,-4.485383688319813,-3.8172026342815824
5085,do,0.05,0.0,9,0.7760128498077394,-5.640818773616444,-5.274580746226841
5086,pp,0.05,0.0,70,0.49612446069717464,-7.3184023235783435,-6.600948137707181
5087,do,0.05,0.0,9,0.720848963260651,-5.07426464918888,-4.440890627437168
5088,pp,0.05,0.0,11,0.7782754504680636,-5.144350697777488,-4.551627182960511
5089,do,0.05,0.0,9,0.501198689937592,-6.388763303467722,-5.706483210457696
5090,pp,0.05,0.0,29,1.933727868795394,-4.5951970519441545,-3.922584119107988
5091,do,0.05,0.0,70,1.4733635878562925,-8.52397275982481,-7.7027545028262665
5092,pp,0.05,0.0,70,1.9337907600402833,-10.187058889504636,-8.039703676435682
5093,do,0.05,0.0,57,1.1415679085254666,-6.9360888943527685,-6.051139458020528
5094,pp,0.05,0.0,59,2.1449091327190404,-7.363319781332305,-5.973465283711751
5095,do,0.05,0.0,24,0.25084762692451434,-7.689183895515673,-6.699161661995782
5096,pp,0.05,0.0,10,0.9433736944198605,-5.35587493723089,-4.472227342923483
5097,do,0.05,0.0,19,2.4810127687454226,-5.576510539199367,-5.287019019656711
5098,pp,0.05,0.0,7,1.3496406662464135,-5.223570198001283,-4.358529464403788
5099,do,0.05,0.0,70,1.0613750374317164,-6.958381459207246,-6.10591922071245
5100,pp,0.05,0.0,6,0.8085489237308501,-4.801184265541308,-4.151721013916863
5101,do,0.05,0.0,10,2.3397587835788727,-5.198503621419271,-4.790742837058174
5102,pp,0.05,0.0,12,1.0436715030670163,-5.260695021080248,-3.9699842903349136
5103,do,0.05,0.0,70,1.6498326623439787,-8.38307443821069,-7.016725805070665
5104,pp,0.05,0.0,70,1.5587711596488951,-8.063770659764607,-6.896498958269755
5105,do,0.05,0.0,10,0.8506198215484622,-4.829645457412258,-4.569854990641276
5106,pp,0.05,0.0,10,1.173887070417404,-5.52794636813077,-4.741534161567688
5107,do,0.05,0.0,66,2.3671539485454556,-7.0137995430917455,-7.117249086168077
5108,pp,0.05,0.0,70,1.4151132202148435,-10.204990782882229,-9.07981263531579
5109,do,0.05,0.0,70,1.7091355812549587,-8.007306851762714,-7.540087135632833
5110,pp,0.05,0.0,10,0.6271047902107245,-4.781289393974073,-4.417156389024522
5111,do,0.05,0.0,16,2.6726095354557042,-7.38768458366394,-6.044838878843519
5112,pp,0.05,0.0,20,2.345824993848801,-6.55652738050981,-4.868458708127339
5113,do,0.05,0.0,10,0.38999376893043536,-5.430711973074711,-4.73862022558848
5114,pp,0.05,0.0,54,0.8426525843143455,-7.006054946148034,-6.149622649616665
5115,do,0.05,0.0,9,1.2743532633781438,-5.351526480010062,-4.4844647063149345
5116,pp,0.05,0.0,31,0.9286975646018973,-7.310921059232769,-6.286670809321933
5117,do,0.05,0.0,18,1.5989858460426332,-5.737861665089925,-5.170845079421997
5118,pp,0.05,0.0,32,0.7063601672649389,-6.575237217816439,-5.524948824776543
5119,do,0.05,0.0,12,2.16986778140068,-5.656909026521625,-5.087935871548122
5120,pp,0.05,0.0,6,0.15979932427406318,-4.840194868318962,-4.166591636339823
5121,do,0.05,0.0,11,-0.031777070760727,-6.099695815462055,-5.3910631020863855
5122,pp,0.05,0.0,9,0.39685086965560856,-4.810520700974898,-4.368930480215284
5123,do,0.05,0.0,6,0.16336591482162532,-5.199520884138165,-4.6435725662443375
5124,pp,0.05,0.0,6,0.5092102801799774,-4.902064256957083,-4.2749496301015215
5125,do,0.05,0.0,5,-0.3795350885391233,-6.119992935296261,-5.466459459728664
5126,pp,0.05,0.0,5,0.16673767566680908,-5.564068359317202,-4.619752656088935
5127,do,0.05,0.0,13,1.4244017601013184,-5.3095102483576,-4.442616595162286
5128,pp,0.05,0.0,12,1.4770951473712923,-5.382087294260661,-4.401559623082479
5129,do,0.05,0.0,70,0.750060638189316,-7.244478156349876,-6.259115717146131
5130,pp,0.05,0.0,7,0.6244365906715394,-5.000171198989406,-4.207042704688178
5131,do,0.05,0.0,9,0.33349519133567807,-6.563555047006318,-6.45243771870931
5132,pp,0.05,0.0,18,1.028832696676254,-5.349016510356556,-4.886751468976339
5133,do,0.05,0.0,10,0.6620855867862705,-6.008111202355587,-5.303206176227993
5134,pp,0.05,0.0,6,1.4321446835994722,-4.9600637248068145,-4.1907782740063135
5135,do,0.05,0.0,8,0.3562510526180267,-6.127865493658817,-5.078744392924839
5136,pp,0.05,0.0,31,1.7841687941551205,-6.782964301831795,-5.207921216222975
5137,do,0.05,0.0,6,0.22767247557640058,-4.941137263269136,-4.463586401939392
5138,pp,0.05,0.0,57,0.7219881439208979,-7.17058934876413,-5.961090649498834
5139,do,0.05,0.0,16,1.9638263118267059,-5.536428072958282,-5.241397131813897
5140,pp,0.05,0.0,12,1.3208183896541597,-4.647184987501665,-4.161097958352831
5141,do,0.05,0.0,7,-0.05952203750610341,-5.34529843041391,-4.769942005475362
5142,pp,0.05,0.0,13,1.4737757313251496,-5.266138644651933,-4.531365405188667
5143,do,0.05,0.0,70,1.8360440087318413,-7.625546802173961,-7.672529284159342
5144,pp,0.05,0.0,67,1.8918646800518033,-7.884507622863307,-6.144120166036818
5145,do,0.05,0.0,11,-0.014821379184723149,-5.464859786178127,-4.899557987848918
5146,pp,0.05,0.0,23,0.8325559377670286,-5.9101834080436015,-4.768064957194858
5147,do,0.05,0.0,17,2.4934039545059212,-5.1649153752760455,-5.612903534041511
5148,pp,0.05,0.0,13,1.7988625633716575,-4.804106229724306,-4.076609532038371
5149,do,0.05,0.0,8,-0.40354979276657144,-5.487585376970696,-5.09930518468221
5150,pp,0.05,0.0,45,0.4629661631584181,-7.181511569745613,-6.323832437727186
5151,do,0.05,0.0,9,0.6518238949775697,-5.325030992970322,-4.684554921256171
5152,pp,0.05,0.0,46,1.3642300617694847,-7.485424943403764,-6.224576369921366
5153,do,0.05,0.0,26,1.3095152223110196,-6.324210737690781,-6.401497295167711
5154,pp,0.05,0.0,20,1.2660858142375941,-5.843144202954841,-4.633355847994486
5155,do,0.05,0.0,6,0.27176620721817013,-4.990522725654371,-4.537239146232605
5156,pp,0.05,0.0,16,0.8700816512107847,-5.648710389570756,-4.647441265318129
5157,do,0.05,0.0,5,0.6327091729640966,-4.609777573383216,-4.355387793646918
5158,pp,0.05,0.0,7,0.3177444803714753,-4.766086841352058,-3.846196038193173
5159,do,0.05,0.0,16,2.1620309972763065,-6.269865002776637,-5.660258049435086
5160,pp,0.05,0.0,7,0.9515964877605443,-5.51115680029898,-4.244109524620904
5161,do,0.05,0.0,8,0.47144382596015877,-5.217742376616507,-5.738240069813198
5162,pp,0.05,0.0,3,0.2510394334793098,-4.3273254986965295,-3.8973321517308555
5163,do,0.05,0.0,61,2.951432429552078,-9.840787494543827,-7.716664539443122
5164,pp,0.05,0.0,28,1.0964641344547266,-6.504890310403073,-5.429353838496738
5165,do,0.05,0.0,24,2.0009601354599003,-5.603581369284427,-4.882158965534634
5166,pp,0.05,0.0,65,0.7725420606136328,-6.6074666933579875,-5.734013085895114
5167,do,0.05,0.0,6,0.11579889059066772,-5.0990905964013304,-4.713903490702311
5168,pp,0.05,0.0,10,0.9508009302616118,-5.09281205552997,-4.46972377565172
5169,do,0.05,0.0,9,1.8402821803092957,-4.835849809646606,-4.569000085194905
5170,pp,0.05,0.0,10,1.4795347893238073,-5.780646311153065,-4.744513906372918
5171,do,0.05,0.0,11,0.7527363681793213,-5.18798997185447,-4.743741403685676
5172,pp,0.05,0.0,11,0.6594236540794371,-5.374815893173218,-4.623115717040168
5173,do,0.05,0.0,16,1.9248407447338103,-5.689265251159668,-4.979058504104614
5174,pp,0.05,0.0,70,0.9462675237655631,-9.006117447939786,-6.823335886001587
5175,do,0.05,0.0,7,1.3381896913051605,-5.546710137164954,-5.178179603152805
5176,pp,0.05,0.0,4,0.1625697445869445,-4.715680857860681,-4.092919148339165
5177,do,0.05,0.0,33,1.0021416079998016,-7.268995373176806,-6.663603395885891
5178,pp,0.05,0.0,61,1.6104322838783265,-7.7183591914899425,-6.635687843958537
5179,do,0.05,0.0,70,0.7558409893512721,-7.463935052987301,-6.812053754594591
5180,pp,0.05,0.0,70,0.8101304435729979,-11.309331284147321,-9.41080060005188
5181,do,0.05,0.0,6,0.4674497914314273,-4.947855560707324,-4.483437201711866
5182,pp,0.05,0.0,8,0.3795149827003472,-5.847379693118008,-4.689109110832215
5183,do,0.05,0.0,8,0.9894526600837708,-5.042425154194687,-4.444129898813036
5184,pp,0.05,0.0,70,1.8241155743598938,-7.943553881211714,-6.765981234444512
5185,do,0.05,0.0,66,4.058015245199203,-7.417042204827974,-6.681187770101759
5186,pp,0.05,0.0,47,2.0273056995868677,-6.155197188348481,-5.480088731977674
5187,do,0.05,0.0,52,2.3343583011627196,-8.465446305997444,-8.484367773267959
5188,pp,0.05,0.0,70,0.037923697233200215,-6.323037257339015,-5.508114120695326
5189,do,0.05,0.0,25,1.5126784539222715,-6.989039760647398,-8.823116805818346
5190,pp,0.05,0.0,25,0.1725398701429368,-5.285989219492132,-4.809420103496976
5191,do,0.05,0.0,18,1.4081562769412992,-5.885015070077145,-5.209216035736931
5192,pp,0.05,0.0,70,1.2237645316123968,-6.207210818204013,-5.6768414047029285
5193,do,0.05,0.0,29,2.202438793182373,-6.9866131681384465,-7.566915747854445
5194,pp,0.05,0.0,19,1.5354177546501155,-4.904175625425396,-4.089833696683248
5195,do,0.05,0.0,40,3.8466287362575535,-8.155298568263198,-6.685217208332485
5196,pp,0.05,0.0,48,1.5560716199874864,-8.470074809681286,-7.391180070241292
5197,do,0.05,0.0,70,2.406021635532378,-9.818520989562526,-9.247890117433336
5198,pp,0.05,0.0,24,1.668020837306976,-7.727650658289591,-6.081143257353041
5199,do,0.05,0.0,24,3.4073979973793023,-6.73694913893035,-5.759451752238803
5200,pp,0.05,0.0,15,1.945302820205689,-4.841935193899906,-3.831134919325511
5201,do,0.05,0.0,36,3.385405266284942,-7.621083466211955,-7.255772797266642
5202,pp,0.05,0.0,11,1.8621523678302765,-5.794172849077167,-4.673254879315694
5203,do,0.05,0.0,11,2.719379723072052,-6.774606422944502,-5.6510250065061784
5204,pp,0.05,0.0,6,0.4256476914882663,-5.726352649746519,-4.320508199267917
5205,do,0.05,0.0,61,0.971277247667313,-9.230764481515596,-8.250525246726141
5206,pp,0.05,0.0,7,0.840087143182755,-4.985573833638972,-4.096310326788161
5207,do,0.05,0.0,25,2.4790323543548585,-5.993088613856923,-5.171575082672967
5208,pp,0.05,0.0,4,-0.21269056677818288,-5.356632505763661,-4.545649751027425
5209,do,0.05,0.0,23,2.792717679738998,-7.37762910380508,-7.392401864793565
5210,pp,0.05,0.0,47,0.4209239554405215,-7.385389622774992,-6.215557959344652
5211,do,0.05,0.0,33,3.2133674359321596,-8.239645105419736,-7.157443043920729
5212,pp,0.05,0.0,16,2.1326328182220458,-5.334079654289014,-4.265831234720018
5213,do,0.05,0.0,24,1.0925544190406793,-5.814166161508271,-5.1464802530076765
5214,pp,0.05,0.0,10,0.7443503582477566,-4.970254507931796,-4.500095955530802
5215,do,0.05,0.0,70,2.345860087871552,-8.507871451522364,-7.789578644434611
5216,pp,0.05,0.0,13,0.6901271498203272,-4.941200750524348,-4.188937785890367
5217,do,0.05,0.0,24,1.6164324486255648,-6.3031517260002365,-5.511296084192064
5218,pp,0.05,0.0,19,1.0797831833362572,-6.543219846667665,-5.018003336588541
5219,do,0.05,0.0,21,0.7726590716838837,-6.174652806195346,-6.322470953729417
5220,pp,0.05,0.0,16,1.355729831457138,-4.5589281862432305,-4.071984129481845
5221,do,0.05,0.0,12,1.1491820394992827,-5.024242292750966,-4.76486062473721
5222,pp,0.05,0.0,19,0.7204213953018188,-5.223081793929591,-4.386233054267036
5223,do,0.05,0.0,23,2.1250161242485053,-6.5798085097110635,-6.254335880279541
5224,pp,0.05,0.0,12,1.8765623438358308,-5.438243217179269,-4.325420914755927
5225,do,0.05,0.0,9,0.5764278399944303,-5.71719565969525,-5.285028025839064
5226,pp,0.05,0.0,38,0.5976839065551758,-7.59683534304301,-6.242823327912225
5227,do,0.05,0.0,3,0.225583770275116,-4.547639738429677,-4.402713656425476
5228,pp,0.05,0.0,67,0.3668487358093273,-8.26587326887882,-7.140080939398872
5229,do,0.05,0.0,10,1.5646752274036402,-4.754326220714685,-4.719460328420003
5230,pp,0.05,0.0,46,1.798270666599274,-6.5916079174388535,-6.735378771358066
5231,do,0.05,0.0,21,1.247827056646348,-7.1590505715572474,-6.5007397651672365
5232,pp,0.05,0.0,54,0.2529656624794008,-9.734415325973973,-7.873063378863865
5233,do,0.05,0.0,50,0.9763575911521905,-7.5722032922686955,-6.637067874272664
5234,pp,0.05,0.0,54,0.8170707237720487,-5.931684468009255,-4.9192953374650745
5235,do,0.05,0.0,70,4.064721049070359,-5.6876495014537465,-5.369256496429443
5236,pp,0.05,0.0,16,2.3337809979915622,-4.515645957715583,-4.206519473923577
5237,do,0.05,0.0,70,1.8540327882766725,-10.710588521668406,-9.26627426147461
5238,pp,0.05,0.0,15,1.2686353242397308,-4.797608271512118,-4.217322627703349
5239,do,0.05,0.0,15,1.7921253180503847,-5.1596803968602964,-4.481983380847507
5240,pp,0.05,0.0,5,0.14893004298210144,-5.733122545300108,-4.581541278627184
5241,do,0.05,0.0,27,1.5473710894584656,-5.899968494068492,-5.02090998755561
5242,pp,0.05,0.0,30,1.4656601643562315,-5.843076328797774,-4.66097546948327
5243,do,0.05,0.0,15,2.7860960233211527,-5.819837034109867,-5.682226350572374
5244,pp,0.05,0.0,15,1.1566526341438292,-4.3683564648483735,-3.955810436937544
5245,do,0.05,0.0,16,1.474148591756821,-5.1503042669007275,-4.4749666425916885
5246,pp,0.05,0.0,4,0.15237939357757568,-5.063064057899244,-4.171577472156948
5247,do,0.05,0.0,60,1.7535222721099846,-10.7282539656668,-8.638107612397935
5248,pp,0.05,0.0,32,1.620617836713791,-6.254791051691229,-5.40178279876709
5249,do,0.05,0.0,18,2.617011293172837,-4.833434577421708,-4.978178670671251
5250,pp,0.05,0.0,11,1.2367366707324985,-4.6717656988086125,-3.9599770254558986
5251,do,0.05,0.0,70,2.4686471080780024,-8.803808956435233,-7.477692778905233
5252,pp,0.05,0.0,25,0.6002981412410735,-5.6729290037444144,-5.12312761147817
5253,do,0.05,0.0,9,1.2109102153778073,-4.773603161898526,-4.256223667992486
5254,pp,0.05,0.0,4,-0.34159118294715896,-4.884491553451076,-4.261582435501946
5255,do,0.05,0.0,9,0.8810268723964692,-5.425689976143114,-4.922908891571892
5256,pp,0.05,0.0,70,1.5276671802997601,-8.18943249240066,-7.160559354888068
5257,do,0.05,0.0,70,0.4987871956825263,-10.426903672651811,-8.755071920818752
5258,pp,0.05,0.0,67,1.3763824415206898,-9.83425299615571,-9.176602342393663
5259,do,0.05,0.0,7,1.5436617743968961,-4.780196488987316,-4.414733192655775
5260,pp,0.05,0.0,8,0.42132418632507296,-5.80421420733134,-4.709420453177558
5261,do,0.05,0.0,70,2.18429381608963,-8.043581255999479,-7.030956048435635
5262,pp,0.05,0.0,70,1.9457476472854616,-9.339600878050833,-8.23830623626709
5263,do,0.05,0.0,11,1.3534648036956787,-5.479990975062052,-4.648376451598273
5264,pp,0.05,0.0,5,0.35839913249015787,-5.615856179324063,-4.516403449906243
5265,do,0.05,0.0,70,4.762038459777832,-7.17089305935484,-5.991959704293145
5266,pp,0.05,0.0,10,1.510435262918472,-6.133424075444539,-5.068419000837538
5267,do,0.05,0.0,8,0.6050814402103422,-5.982124918157404,-5.140282787217034
5268,pp,0.05,0.0,11,0.42485186815261855,-4.947840033155499,-4.0592867453893025
5269,do,0.05,0.0,25,3.5007427716255197,-5.025484710751158,-5.02876221868727
5270,pp,0.05,0.0,62,2.224647991657257,-6.24033184485002,-5.6901043176651
5271,do,0.05,0.0,44,0.933065197467803,-7.725216371362859,-6.4134361267089846
5272,pp,0.05,0.0,8,0.47917559504508933,-5.026922770702478,-4.003438524405161
5273,do,0.05,0.0,14,1.3539193868637085,-4.964424861561168,-4.28140418264601
5274,pp,0.05,0.0,70,1.2633568561077118,-6.092881225817131,-5.583021648724874
5275,do,0.05,0.0,15,1.7124907243251801,-4.779827109250156,-4.2351172579659355
5276,pp,0.05,0.0,40,3.0342065179347983,-6.111197540976784,-5.079754122098287
5277,do,0.05,0.0,24,2.9360807836055756,-5.1475566618370285,-4.807380848460728
5278,pp,0.05,0.0,9,1.088867084980011,-5.507840490341186,-4.706506005922953
5279,do,0.05,0.0,15,2.615558141469955,-5.772285796656753,-5.179512219958835
5280,pp,0.05,0.0,9,2.276388939619064,-5.1597720362923365,-4.234777267773946
5281,do,0.05,0.0,14,3.2083501172065736,-5.80525409525091,-5.310343927807278
5282,pp,0.05,0.0,70,0.5506836020946508,-7.787946111505682,-6.735958629184299
5283,do,0.05,0.0,17,1.107128617763519,-5.07758922143416,-4.467023295826382
5284,pp,0.05,0.0,13,0.5424298024177547,-5.94453485806783,-4.806971001625061
5285,do,0.05,0.0,70,-0.1903947830200199,-10.20080771301732,-9.524380090501573
5286,pp,0.05,0.0,7,0.29030837893485995,-4.942593914089781,-3.785753345489502
5287,do,0.05,0.0,20,1.05020803809166,-5.678137429555258,-5.708885860443115
5288,pp,0.05,0.0,70,1.3686932301521306,-7.410408132726496,-6.771396271387736
5289,do,0.05,0.0,11,2.430170737504959,-5.715137162353053,-4.543750802675883
5290,pp,0.05,0.0,7,1.6604593026638028,-4.568552326433586,-3.945802606476678
5291,do,0.05,0.0,27,1.8307861888408663,-5.208680993860418,-5.76181505786048
5292,pp,0.05,0.0,70,1.2763569998741149,-6.614044543468591,-5.973369799719917
5293,do,0.05,0.0,24,4.128334604501725,-5.06936029809894,-4.405253185166253
5294,pp,0.05,0.0,12,1.9446344888210296,-4.515044680508701,-3.8918937232759263
5295,do,0.05,0.0,13,0.5883173418045047,-5.599047916585749,-4.984872057702806
5296,pp,0.05,0.0,21,0.9191302371025083,-5.643697689518784,-4.608795886569553
5297,do,0.05,0.0,17,1.1537894594669336,-5.237425263722738,-4.768094780710008
5298,pp,0.05,0.0,17,1.6817353552579881,-4.468611997546572,-3.7005577855639986
5299,do,0.05,0.0,13,1.9122670304775236,-5.616625333554817,-5.18921791182624
5300,pp,0.05,0.0,13,2.3333746385574337,-4.873331701394283,-4.242287486129337
5301,do,0.05,0.0,7,0.3782140731811525,-6.226876000202063,-5.504528133074443
5302,pp,0.05,0.0,12,0.7369597995281216,-5.054776333317612,-4.444493442111545
5303,do,0.05,0.0,6,0.2241392731666565,-5.855858707427979,-5.020547686682807
5304,pp,0.05,0.0,11,0.3297096407413491,-5.468984905878703,-4.811836165852017
5305,do,0.05,0.0,14,1.9522889423370362,-5.698274245406642,-5.118136742379931
5306,pp,0.05,0.0,7,0.6742397964000704,-5.167199459942904,-4.288095304701064
5307,do,0.05,0.0,8,0.08479592800140434,-5.484864707426591,-4.9475179089440235
5308,pp,0.05,0.0,4,0.4552272629737848,-4.3594860250299625,-3.857649756802453
5309,do,0.05,0.0,17,1.132919461727142,-6.001757215731072,-5.390039094289144
5310,pp,0.05,0.0,33,2.031450343132019,-5.934536337129997,-5.235189988878038
5311,do,0.05,0.0,8,0.49681004524230943,-4.790881061553955,-4.414026358392504
5312,pp,0.05,0.0,18,1.9951725316047666,-5.587568668885664,-5.0458374659220375
5313,do,0.05,0.0,10,1.5455599701404568,-5.641609873916163,-4.958854802449545
5314,pp,0.05,0.0,15,1.6984689950942995,-4.9247459267124984,-4.185236112276713
5315,do,0.05,0.0,30,2.5313830661773684,-5.804691554560806,-6.072042202949524
5316,pp,0.05,0.0,15,0.7555754733085633,-4.855566383130623,-4.235150130589803
5317,do,0.05,0.0,18,2.5534172499179837,-5.028653764724732,-4.53518135547638
5318,pp,0.05,0.0,57,1.1295266819000247,-6.772170217109449,-5.961541652679443
5319,do,0.05,0.0,16,3.719362462759018,-5.199790363600759,-5.298516103956435
5320,pp,0.05,0.0,9,0.9934365630149848,-4.404117971478087,-3.8293102939923602
5321,do,0.05,0.0,15,0.7929887938499451,-5.515665575952241,-5.070858065287272
5322,pp,0.05,0.0,14,0.865683432817459,-5.1059819105899695,-4.488500020239088
5323,do,0.05,0.0,6,0.5047820341587066,-4.669102228049076,-4.700433625115289
5324,pp,0.05,0.0,8,0.8542118883132934,-5.163622305609963,-4.455774972173903
5325,do,0.05,0.0,12,1.8124842429161063,-4.966239732684511,-4.317688716782464
5326,pp,0.05,0.0,4,0.007082997560501347,-5.4220074552478215,-4.434093883302476
5327,do,0.05,0.0,17,1.6085473430156707,-5.506451973770604,-5.549220490455627
5328,pp,0.05,0.0,14,0.5364740288257597,-5.632200430378769,-4.832393068737454
5329,do,0.05,0.0,6,0.9063664424419402,-5.38456178000479,-5.024827671051026
5330,pp,0.05,0.0,4,0.07830386757850594,-5.39187970161438,-4.239174649450514
5331,do,0.05,0.0,13,2.503297473192216,-5.529022291934852,-5.187717239061992
5332,pp,0.05,0.0,16,2.341500387191773,-4.965436390674475,-4.4201865699556135
5333,do,0.05,0.0,11,0.5579821157455447,-5.662869759761926,-5.102434351709154
5334,pp,0.05,0.0,32,0.9719225239753726,-6.3473778262282865,-5.6741386784447565
5335,do,0.05,0.0,20,1.7743639481067657,-5.649808804194133,-5.287596911854214
5336,pp,0.05,0.0,6,0.11822649598121693,-5.215197571841153,-4.453572625584073
5337,do,0.05,0.0,9,1.4180527949333195,-4.277372090021769,-4.158956011136373
5338,pp,0.05,0.0,11,0.6622279906272892,-5.524147569771969,-4.703181179364522
5339,do,0.05,0.0,1,-0.38936073303222685,-5.225800374059967,-4.789537000656128
5340,pp,0.05,0.0,21,0.7311669921874993,-5.262336027260982,-4.669428086280822
5341,do,0.05,0.0,6,0.1599091970920563,-5.1023101156408135,-4.677714104122586
5342,pp,0.05,0.0,8,1.013589769601822,-4.668455053098274,-3.8248151183128356
5343,do,0.05,0.0,46,2.634246215820313,-6.261689746741093,-7.256716299057007
5344,pp,0.05,0.0,49,2.422605657577515,-6.7172578277009904,-6.193254526456197
5345,do,0.05,0.0,22,4.776912122964859,-6.153765698635217,-5.504704809188842
5346,pp,0.05,0.0,19,2.8899167740345,-4.642148734584,-4.232619427310096
5347,do,0.05,0.0,6,1.5138587832450865,-5.0051845420490615,-4.620014484723409
5348,pp,0.05,0.0,12,1.1888768351078038,-6.78559466419798,-5.551327223247952
5349,do,0.05,0.0,12,1.7626418042182923,-5.7481758637861775,-6.1644053353203665
5350,pp,0.05,0.0,6,0.11585376620292642,-5.325828651948409,-4.178236911031935
5351,do,0.05,0.0,11,1.144270819425583,-4.701265196366744,-4.183117667833964
5352,pp,0.05,0.0,6,-0.34934235692024274,-4.931538537054351,-4.410445425245497
5353,do,0.05,0.0,10,2.3323892772197716,-5.226584761070483,-4.433386656973097
5354,pp,0.05,0.0,10,0.7997971534729,-4.995886357625325,-4.304840114381578
5355,do,0.05,0.0,11,0.7175875556468965,-5.478427019986239,-5.17935963206821
5356,pp,0.05,0.0,70,1.1477065205574029,-7.382853846116499,-7.17197314898173
5357,do,0.05,0.0,7,1.592621066570282,-4.750473882212783,-4.130052558581034
5358,pp,0.05,0.0,8,1.0884118163585663,-5.442003092621312,-4.422313721974691
5359,do,0.05,0.0,5,-0.11132486462593061,-5.3554673440528635,-4.898383937941658
5360,pp,0.05,0.0,30,0.8893861007690429,-7.944340994863799,-6.8844649897681345
5361,do,0.05,0.0,16,3.0900163745880125,-5.247911061662617,-4.953133132722643
5362,pp,0.05,0.0,30,1.480314227342606,-6.5232108318444455,-5.833482660187615
5363,do,0.05,0.0,20,3.0504027628898625,-5.055118909026637,-4.570524742868211
5364,pp,0.05,0.0,10,1.5232752466201775,-5.620597781557025,-4.86573023531172
5365,do,0.05,0.0,42,4.8034739232063295,-8.133843102599636,-8.182264426019456
5366,pp,0.05,0.0,7,0.8265770745277408,-4.8635360659975,-3.967487409379747
5367,do,0.05,0.0,45,5.052119779586793,-6.522781294042414,-5.890206858846876
5368,pp,0.05,0.0,38,1.6947339415550235,-6.627922206936461,-6.069009693463643
5369,do,0.05,0.0,45,1.3710595977306355,-8.680993006446144,-7.79200226465861
5370,pp,0.05,0.0,11,1.492367080450058,-4.714435888059212,-3.9143820974561905
5371,do,0.05,0.0,23,1.4763525497913363,-7.164076643279104,-6.550079740418328
5372,pp,0.05,0.0,9,0.5400135838985438,-5.410670573783643,-4.508957958221435
5373,do,0.05,0.0,27,2.373189407587051,-5.2385575467889955,-4.549441536267598
5374,pp,0.05,0.0,20,1.0837930107116698,-5.360954968134562,-4.4664830631679955
5375,do,0.05,0.0,70,1.3520499587059014,-9.627447366714478,-8.484294486045837
5376,pp,0.05,0.0,3,-0.5419965553283683,-5.449068621433143,-4.3751130527920195
5377,do,0.05,0.0,17,3.9017182564735418,-4.954703050671202,-4.91591686407725
5378,pp,0.05,0.0,70,1.7125825214385983,-7.334334546869451,-6.511979966693454
5379,do,0.05,0.0,30,1.3381049370765687,-5.132318566062233,-5.128124573495653
5380,pp,0.05,0.0,17,1.1652961647510534,-4.722442140001239,-4.082879372437795
5381,do,0.05,0.0,12,0.7690322148799895,-5.165720191146388,-4.552439864476522
5382,pp,0.05,0.0,8,0.47358631730079637,-4.86777434204564,-3.92639887465371
5383,do,0.05,0.0,13,1.917410305738449,-4.9005255887002654,-4.789871864848667
5384,pp,0.05,0.0,19,0.33688051819801323,-6.165441169160785,-5.101554070578681
5385,do,0.05,0.0,25,3.11592852473259,-6.072106858455774,-5.581221908993191
5386,pp,0.05,0.0,11,0.9567267394065855,-5.301177939501676,-4.534921211666531
5387,do,0.05,0.0,50,4.092587976455688,-6.617144054355044,-7.31933163801829
5388,pp,0.05,0.0,14,2.0253658545017243,-5.187373931480177,-4.539939578374227
5389,do,0.05,0.0,34,1.7003670477867132,-8.110593616601193,-7.240573157204522
5390,pp,0.05,0.0,9,1.1184839737415313,-5.3820923328399655,-4.2695104413562355
5391,do,0.05,0.0,46,4.715444728136063,-6.316742470770171,-5.619387817382813
5392,pp,0.05,0.0,5,0.3952765667438509,-5.789230765718402,-4.817230587535434
5393,do,0.05,0.0,4,0.055580166578293344,-6.271615237900705,-5.369316795137194
5394,pp,0.05,0.0,11,0.8501380467414856,-5.080475615010117,-4.490874062644111
5395,do,0.05,0.0,30,3.810541368722916,-5.6266311804453535,-4.8444300201204085
5396,pp,0.05,0.0,7,0.4403980791568758,-4.811374620957808,-4.303095457288954
5397,do,0.05,0.0,37,3.1225733137130742,-7.096096083612153,-6.21158643828498
5398,pp,0.05,0.0,8,0.5116962361335755,-5.092228497880878,-4.262342633141412
5399,do,0.05,0.0,10,0.8073166751861569,-5.609493420340798,-5.039214128918118
5400,pp,0.05,0.0,8,0.9449935781955716,-5.371183182976463,-4.600738196902805
5401,do,0.05,0.0,62,1.8966103315353386,-11.126640663724958,-10.230846850077311
5402,pp,0.05,0.0,5,-0.30710970044136054,-6.0743376717422946,-4.50282683107588
5403,do,0.05,0.0,13,2.9423349332809448,-6.122952060988455,-5.777928919262356
5404,pp,0.05,0.0,13,1.895774363279343,-5.6595963348041884,-4.627199909422132
5405,do,0.05,0.0,4,0.6967446374893189,-5.08274623263966,-4.616594322522482
5406,pp,0.05,0.0,16,0.8859146714210517,-5.787827332814534,-4.945488778750102
5407,do,0.05,0.0,16,3.03804563164711,-4.732321986285123,-4.660311341285706
5408,pp,0.05,0.0,15,1.6568712389469145,-4.976266728025494,-4.368173747592502
5409,do,0.05,0.0,41,3.243890066146851,-6.317954139998465,-6.604959826999241
5410,pp,0.05,0.0,41,1.5978952336311343,-6.6181483976768725,-5.593506116337246
5411,do,0.05,0.0,24,2.215509437322617,-5.0146215987927985,-7.175329314337836
5412,pp,0.05,0.0,19,0.9226798176765447,-5.302090834126328,-4.66204670270284
5413,do,0.05,0.0,70,2.119942556619643,-8.109686653541797,-7.463450895415412
5414,pp,0.05,0.0,9,0.6990482127666473,-4.758283464836352,-4.275014005766975
5415,do,0.05,0.0,36,1.7790065896511074,-7.725757465940533,-7.096797752380371
5416,pp,0.05,0.0,6,0.1879177796840672,-5.1772152582804365,-4.547422528266907
5417,do,0.05,0.0,6,1.2884003317356107,-5.542440163005482,-5.075012058681912
5418,pp,0.05,0.0,41,2.9973892521858216,-6.499575513781923,-5.243857998318142
5419,do,0.05,0.0,29,1.9325319981575007,-6.042321520140677,-7.237980638609992
5420,pp,0.05,0.0,12,1.5136839878559112,-5.3342363487590445,-4.283011971579658
5421,do,0.05,0.0,24,2.7728589785099027,-5.969262926506274,-5.646453213691712
5422,pp,0.05,0.0,12,0.5430163896083826,-5.19488790251992,-4.503999945852492
5423,do,0.05,0.0,56,2.847053128480912,-6.892694593198372,-6.574147990014818
5424,pp,0.05,0.0,64,1.6323701763153071,-8.306091944376627,-6.809773921966553
5425,do,0.05,0.0,14,1.1758941161632537,-4.9551973733035,-4.4131381750106815
5426,pp,0.05,0.0,9,2.0702710926532744,-4.667724369511459,-4.087366591559516
5427,do,0.05,0.0,13,0.7866281700134277,-4.826579130057133,-4.362345547146267
5428,pp,0.05,0.0,17,1.5118482851982114,-4.775230744390777,-4.056228513187833
5429,do,0.05,0.0,9,0.4279650425910946,-4.689143488623879,-4.138822118441264
5430,pp,0.05,0.0,11,1.0492281723022465,-5.4574877377712365,-4.577558212810093
5431,do,0.05,0.0,8,0.7291249847412109,-4.5578368143601855,-4.207039997312758
5432,pp,0.05,0.0,8,1.0074424302577967,-4.86123126781348,-4.298082754347059
5433,do,0.05,0.0,21,0.7006208777427663,-9.732615142880064,-7.918376726574368
5434,pp,0.05,0.0,33,1.1297757554054257,-8.559120772101663,-6.555471197764079
5435,do,0.05,0.0,18,2.4487753653526303,-4.718221405780676,-4.502275045712789
5436,pp,0.05,0.0,29,3.611316213607788,-6.250285397153912,-5.320408436987135
5437,do,0.05,0.0,70,2.733467669487,-8.031633634278268,-6.999157892333137
5438,pp,0.05,0.0,12,0.9514445495605468,-5.964780998229981,-5.047870850563049
5439,do,0.05,0.0,26,2.3240303754806524,-5.332437083215424,-5.079942480723063
5440,pp,0.05,0.0,27,1.799372936487197,-7.213227128982544,-5.981952881813049
5441,do,0.05,0.0,21,1.653372595310211,-5.020389013579398,-4.63263017071618
5442,pp,0.05,0.0,16,1.7740765869617459,-4.405584682117809,-3.7927147613631353
5443,do,0.05,0.0,35,1.224088784456253,-6.1574696815375125,-5.6878488156530596
5444,pp,0.05,0.0,70,2.664444724321366,-5.409635919513124,-4.636718383100297
5445,do,0.05,0.0,22,1.3273427152633666,-4.499454275767008,-4.064767776595222
5446,pp,0.05,0.0,33,3.1229558634757986,-4.984215824531787,-4.197054133150313
5447,do,0.05,0.0,17,2.8566044962406156,-4.5968838836207535,-4.397743553585476
5448,pp,0.05,0.0,70,3.3262235176563255,-5.778972403208415,-4.367249793476528
5449,do,0.05,0.0,32,2.060027700662613,-4.292294229160656,-4.215883831183116
5450,pp,0.05,0.0,34,2.6405157208442693,-4.816950558171127,-4.138958554797703
5451,do,0.05,0.0,22,2.2320445847511285,-4.942354322202278,-4.7281987216737535
5452,pp,0.05,0.0,41,3.008714855909348,-5.116235613100456,-4.0668436143133375
5453,do,0.05,0.0,14,1.5737179088592521,-5.734898142381148,-5.253914372126261
5454,pp,0.05,0.0,70,3.846959064006805,-8.874410596038356,-5.8845279349221125
5455,do,0.05,0.0,27,1.66933654665947,-5.16737945874532,-5.267523466216193
5456,pp,0.05,0.0,70,1.498948965072632,-6.396495892784812,-5.467071024576823
5457,do,0.05,0.0,23,2.4172855150699615,-4.374811175375274,-4.2442092021306355
5458,pp,0.05,0.0,39,3.253610368967056,-5.508412876996127,-4.508823815981547
5459,do,0.05,0.0,53,1.8559932112693787,-6.159953598542647,-5.459262720743815
5460,pp,0.05,0.0,22,2.341409385204315,-4.5978024150386005,-4.009720500310262
5461,do,0.05,0.0,11,2.6000347506999972,-5.314064639987367,-4.389464375707838
5462,pp,0.05,0.0,29,3.221038682460785,-5.552551169828935,-4.386108989185757
5463,do,0.05,0.0,34,2.9393876540660857,-5.734130025632454,-5.502355790138244
5464,pp,0.05,0.0,34,3.185049403905868,-5.004998311129484,-4.501915423075358
5465,do,0.05,0.0,36,2.503914155960082,-5.746890095508459,-4.895168958769904
5466,pp,0.05,0.0,70,2.3887798488140106,-6.6855013991847185,-5.414956906106737
5467,do,0.05,0.0,41,3.9179142212867735,-4.117207548835061,-3.9570344262652926
5468,pp,0.05,0.0,28,3.432930474281312,-5.670700878085512,-4.600585341453552
5469,do,0.05,0.0,33,2.6454263222217556,-7.232927463993882,-6.420278369055854
5470,pp,0.05,0.0,62,1.8209832370281216,-8.19007386005286,-6.6606899976730345
5471,do,0.05,0.0,22,2.195768793821335,-4.569526472236171,-4.236115925841862
5472,pp,0.05,0.0,49,2.267712525129318,-6.164642940868031,-5.298883970578512
5473,do,0.05,0.0,27,2.1382502019405365,-5.278463967641195,-4.64868119292789
5474,pp,0.05,0.0,67,2.7748009419441217,-7.094713089682839,-5.866187694337633
5475,do,0.05,0.0,11,1.8805209529399871,-4.82416889739759,-4.525526918305291
5476,pp,0.05,0.0,70,5.775520411729813,-5.645258338523633,-4.582605825530158
5477,do,0.05,0.0,19,2.3865249466896064,-4.744771451661081,-4.658732130792406
5478,pp,0.05,0.0,40,4.164784791469574,-4.994457490516432,-4.279900256792704
5479,do,0.05,0.0,10,1.1461301374435422,-4.591627928704926,-4.236862503157722
5480,pp,0.05,0.0,42,3.963072360754012,-5.360169916441946,-4.390279539426168
5481,do,0.05,0.0,70,0.4012841415405273,-7.014576492887555,-6.175251873334249
5482,pp,0.05,0.0,62,4.502416062355041,-5.957075819824681,-4.620683330959744
5483,do,0.05,0.0,13,1.7953705990314486,-4.60332362724073,-4.745589815245735
5484,pp,0.05,0.0,50,2.4548021256923684,-7.257362536228064,-5.830015524228414
5485,do,0.05,0.0,23,3.114312965869905,-7.252760281707301,-6.6219250493579445
5486,pp,0.05,0.0,31,4.751198643445968,-5.0908997781348955,-4.263064504994286
5487,do,0.05,0.0,14,2.577338751554488,-6.66245439413822,-6.421770781940884
5488,pp,0.05,0.0,16,2.6418646538257597,-7.461449266202522,-6.056536950005425
5489,do,0.05,0.0,70,3.730504575967789,-5.357381284598148,-4.894402260250516
5490,pp,0.05,0.0,70,3.265389816761017,-7.8840332883777045,-6.7681566026475695
5491,do,0.05,0.0,15,1.7367562961578376,-5.368682589675441,-4.954400165875753
5492,pp,0.05,0.0,70,4.695408549308776,-7.1165226661797725,-5.868454241752625
5493,do,0.05,0.0,54,4.227472368478775,-6.389971769217289,-5.814716532495287
5494,pp,0.05,0.0,69,5.770890080928802,-5.377628736784964,-4.772124608357747
5495,do,0.05,0.0,39,2.4370919787883762,-4.753278605143229,-4.33760011461046
5496,pp,0.05,0.0,70,3.23231749534607,-6.387561844334458,-5.516252713733249
5497,do,0.05,0.0,34,3.168277679681778,-6.065000035546043,-5.5943608045578
5498,pp,0.05,0.0,28,2.365691249370574,-5.7724588524211535,-4.941863515641955
5499,do,0.05,0.0,23,2.4876612877845767,-4.693021139954076,-4.754872888988919
5500,pp,0.05,0.0,36,2.711055204868317,-6.532378549286814,-5.272897529602051
5501,do,0.05,0.0,24,1.7225137704610818,-5.248013804175637,-4.303141384654575
5502,pp,0.05,0.0,61,2.100303243398667,-6.046750976100112,-4.883069645033943
5503,do,0.05,0.0,18,1.6933066594600676,-5.0195285695971865,-4.73014301723904
5504,pp,0.05,0.0,24,3.006250845193863,-6.891346597671509,-5.4736413743760854
5505,do,0.05,0.0,14,2.1230087530612947,-4.247525239713264,-4.00631113714642
5506,pp,0.05,0.0,28,3.5903440940380085,-5.294761560902451,-4.4011448754204645
5507,do,0.05,0.0,11,1.7830187332630159,-4.80233477823662,-4.568023705482483
5508,pp,0.05,0.0,31,4.1449292075634006,-6.265186834335327,-5.08999318546719
5509,do,0.05,0.0,6,0.207327142953873,-4.87661828994751,-4.476658284664154
5510,pp,0.05,0.0,13,0.6235826253890995,-4.974290256789236,-4.2933823161655
5511,do,0.05,0.0,12,1.7098919224739069,-4.171511142904108,-4.016485639413198
5512,pp,0.05,0.0,15,1.2796859335899358,-4.937905065941088,-4.119777822494507
5513,do,0.05,0.0,25,3.2417510807514196,-4.367510284077038,-4.221879606776767
5514,pp,0.05,0.0,25,2.8609799814224246,-5.472594079104337,-4.337932128376431
5515,do,0.05,0.0,24,2.590737366676331,-6.212027473160715,-5.6568691862954035
5516,pp,0.05,0.0,16,2.976363317966462,-4.790649422732266,-3.978102927737766
5517,do,0.05,0.0,6,1.6680073666572577,-3.8942745598879727,-3.6832193970680236
5518,pp,0.05,0.0,24,2.8840679979324344,-4.462770379673351,-3.805920485655467
5519,do,0.05,0.0,15,1.9278240585327149,-4.474885326443297,-4.2195167515012955
5520,pp,0.05,0.0,43,3.6576144933700556,-6.913170024120446,-5.371275636884901
5521,do,0.05,0.0,6,0.3755349099636076,-5.944349410317161,-5.261169775327047
5522,pp,0.05,0.0,9,1.1706639313697815,-4.916588550625425,-3.9581853177812363
5523,do,0.05,0.0,53,0.8176779603958124,-7.688547615571456,-7.304487000571357
5524,pp,0.05,0.0,6,0.4482662916183475,-5.092202614292954,-4.538630848460727
5525,do,0.05,0.0,7,-0.29912395954132087,-6.229263130823771,-5.723298777474297
5526,pp,0.05,0.0,17,2.913221193552017,-6.388721513748169,-5.311519310209486
5527,do,0.05,0.0,56,0.6042110645771022,-8.835993873711788,-7.390926467047797
5528,pp,0.05,0.0,26,1.8857017862796788,-6.975228202704227,-5.60999059147305
5529,do,0.05,0.0,2,-0.7466096746921531,-6.296840958161788,-5.383755691846212
5530,pp,0.05,0.0,41,0.9028351569175719,-7.830010399673924,-6.472645343674554
5531,do,0.05,0.0,70,1.0885227715969084,-7.511407514051958,-6.434813064999051
5532,pp,0.05,0.0,19,1.95599185705185,-6.632247322255915,-5.5326175504260595
5533,do,0.05,0.0,2,-0.6390368914604183,-5.997947577274207,-5.248989038997227
5534,pp,0.05,0.0,16,1.6506761300563815,-4.7772032463189325,-4.065862160258823
5535,do,0.05,0.0,28,1.6962125945091246,-6.691808141361584,-5.628403814633687
5536,pp,0.05,0.0,60,1.7994050502777101,-7.6761000662138965,-6.711874834696451
5537,do,0.05,0.0,11,1.0245222389698032,-5.312202436273748,-4.906522162755331
5538,pp,0.05,0.0,25,2.6713963377475736,-4.783455574151241,-4.140513842635684
5539,do,0.05,0.0,70,1.4808695173263544,-7.374798300772002,-6.611294847064548
5540,pp,0.05,0.0,37,1.8385949516296396,-5.7412603508342395,-4.64210965236028
5541,do,0.05,0.0,61,1.6431621956825264,-9.388425350189209,-8.174764426549276
5542,pp,0.05,0.0,25,2.994827253818513,-5.497683857426499,-4.152182263798184
5543,do,0.05,0.0,70,1.4998971664905554,-7.519375652255434,-6.894492750697665
5544,pp,0.05,0.0,28,3.085243349075318,-4.244559756192294,-3.6467192437913685
5545,do,0.05,0.0,21,2.1300456929206852,-6.249434684984612,-5.68442668914795
5546,pp,0.05,0.0,32,3.936619853973389,-4.498138218215018,-4.000896974404653
5547,do,0.05,0.0,13,1.1060952806472777,-5.394842861637924,-5.01190672715505
5548,pp,0.05,0.0,27,2.7061500561237333,-4.553692186239994,-3.9724630581008062
5549,do,0.05,0.0,70,2.2518693804740906,-8.24606926946929,-7.572261518902248
5550,pp,0.05,0.0,17,2.0590859270095825,-4.552547271323927,-3.9908305909898547
5551,do,0.05,0.0,28,2.8784455955028543,-6.077100966193459,-4.960037255287171
5552,pp,0.05,0.0,38,4.052171009778977,-4.873415675307765,-4.122518399026659
5553,do,0.05,0.0,70,1.1105128681659693,-10.027475450978134,-8.320509274800619
5554,pp,0.05,0.0,26,3.04395234465599,-5.835859879580411,-4.959807070096334
5555,do,0.05,0.0,57,2.553812623023987,-7.636827549789891,-6.937438424428304
5556,pp,0.05,0.0,13,1.2792961919307713,-5.3262819203463465,-4.462115656005012
5557,do,0.05,0.0,57,0.4361056637763969,-9.78090819012035,-8.28199258380466
5558,pp,0.05,0.0,19,2.634256176948547,-4.536820635651097,-3.7567322161462573
5559,do,0.05,0.0,70,2.0924991774559025,-7.932628172094172,-7.0304170449574785
5560,pp,0.05,0.0,26,2.908882892131806,-4.141116479671362,-3.670850869019826
5561,do,0.05,0.0,16,2.8596492505073536,-5.048335066708652,-4.5942931850751245
5562,pp,0.05,0.0,27,3.8553044497966766,-4.374138804638025,-3.792131565676795
5563,do,0.05,0.0,70,0.15906050920486514,-8.867566896207405,-7.678149594200982
5564,pp,0.05,0.0,18,2.6077250993251795,-4.720622400803999,-3.904308870103624
5565,do,0.05,0.0,70,0.48336765766143763,-10.221886379068549,-9.441104120678371
5566,pp,0.05,0.0,59,2.4794876003265376,-5.718358148228038,-5.189878108766344
5567,do,0.05,0.0,68,1.9762924575805672,-7.152727456526323,-6.471700202094184
5568,pp,0.05,0.0,18,1.698954412937165,-4.53743728724393,-3.8015293306774565
5569,do,0.05,0.0,30,2.028830705881119,-6.590963198921897,-5.82951094839308
5570,pp,0.05,0.0,27,2.3724532186985012,-4.854714421069983,-4.083420395851135
5571,do,0.05,0.0,69,1.9138246381282809,-5.946084539818041,-5.2771474970711605
5572,pp,0.05,0.0,47,3.0650678396224977,-5.897960651282109,-4.802251044909159
5573,do,0.05,0.0,70,1.1083358454704282,-11.766948179765182,-10.225773779551188
5574,pp,0.05,0.0,19,3.2754862678050998,-5.921596756848422,-4.93523903687795
5575,do,0.05,0.0,16,0.5115766811370852,-6.104985112854929,-5.625574485460917
5576,pp,0.05,0.0,37,3.996703419685363,-5.200917015653668,-4.372826231850518
5577,do,0.05,0.0,19,3.095322798490524,-4.847051052613692,-4.204565881358253
5578,pp,0.05,0.0,66,3.8005818617343907,-5.290345793059378,-4.202611196041107
5579,do,0.05,0.0,24,1.905985250473023,-5.529431773677016,-4.9088071346282955
5580,pp,0.05,0.0,25,3.138300433158875,-4.914259409182,-4.014536911911435
5581,do,0.05,0.0,70,0.6890578997135162,-9.633140061118386,-8.541105975045099
5582,pp,0.05,0.0,56,5.402957121133805,-5.280757466229526,-4.3963716136084665
5583,do,0.05,0.0,39,2.1178501820564275,-9.30038360826897,-8.873919683032566
5584,pp,0.05,0.0,37,4.964443250894546,-4.625035624070601,-3.8357266187667847
5585,do,0.05,0.0,15,1.3604847586154944,-4.902009529055971,-4.633484103944567
5586,pp,0.05,0.0,70,2.7610164415836334,-6.655457925796509,-5.840395840009053
5587,do,0.05,0.0,12,1.5797321856021878,-6.354496691443703,-5.358276401625739
5588,pp,0.05,0.0,23,3.804959971904755,-7.39028633146575,-6.106716945436266
5589,do,0.05,0.0,11,1.254946830272675,-5.199291037068223,-4.783396209610833
5590,pp,0.05,0.0,48,4.037937771081924,-6.243336606748176,-4.950708648893568
5591,do,0.05,0.0,47,2.334366419315338,-7.563166499860359,-6.611764001846313
5592,pp,0.05,0.0,20,2.4914333462715144,-5.429353667750503,-4.631223074595133
5593,do,0.05,0.0,70,1.6963764953613278,-7.436635309277158,-6.6855499770906235
5594,pp,0.05,0.0,64,1.4107396054267873,-7.300864985494902,-6.544029847780863
5595,do,0.05,0.0,28,2.704257361888885,-6.155233972722834,-5.238108499844869
5596,pp,0.05,0.0,64,4.802772929668427,-5.863715881289858,-4.974808555179172
5597,do,0.05,0.0,70,1.1638042593002318,-9.530399305170233,-8.561158344480727
5598,pp,0.05,0.0,19,2.3259830665588384,-5.6912894364559286,-4.821235786543952
5599,do,0.05,0.0,20,1.98997506737709,-5.807428816593054,-5.294620649019877
5600,pp,0.05,0.0,70,5.225966162681579,-5.6238373294021144,-4.93773566087087
5601,do,0.05,0.0,33,0.7768260300159451,-8.629153495846372,-7.6699213743209835
5602,pp,0.05,0.0,17,1.7166584420204165,-4.9272979158343695,-4.154908275604248
5603,do,0.05,0.0,70,1.5880814433097825,-8.93194919499484,-8.083135816786024
5604,pp,0.05,0.0,37,5.332239476442337,-5.446448736479788,-4.554488433731927
5605,do,0.05,0.0,53,1.9694433760642998,-8.145151883905584,-7.090679735607571
5606,pp,0.05,0.0,28,2.5862005543708806,-4.651041214393847,-3.8743798944685195
5607,do,0.05,0.0,13,2.7192940032482147,-5.091103659254132,-4.407723062568241
5608,pp,0.05,0.0,49,4.066502643823624,-6.80857829469623,-5.542930346065098
5609,do,0.05,0.0,65,2.0833011555671685,-8.919782962221088,-7.955501741833157
5610,pp,0.05,0.0,7,2.0823903191089634,-4.852127786116166,-4.119505537880792
5611,do,0.05,0.0,70,1.7972210919857012,-7.985017377679998,-7.197686417897542
5612,pp,0.05,0.0,35,2.963649514913559,-5.260199077201612,-4.487663939264086
5613,do,0.05,0.0,27,1.0875258922576911,-7.185313364953705,-6.510940504074097
5614,pp,0.05,0.0,14,0.7708019280433653,-4.957533324848522,-4.1160159680578445
5615,do,0.05,0.0,50,2.180361859798431,-9.058773595636541,-7.936408233642578
5616,pp,0.05,0.0,18,2.0134326756000513,-6.027866924170292,-4.420230094591776
5617,do,0.05,0.0,13,2.6013143610954295,-4.567350689570109,-4.252230551507738
5618,pp,0.05,0.0,17,3.001492000818252,-5.895180093880856,-5.018911560376485
5619,do,0.05,0.0,37,2.0894761240482325,-6.413091051217282,-5.888255225287543
5620,pp,0.05,0.0,62,0.5558527755737313,-10.476375156460387,-8.839807971318562
5621,do,0.05,0.0,40,2.925714073181153,-9.59511730598681,-8.089834695392184
5622,pp,0.05,0.0,9,1.390553014278412,-5.30156864975438,-4.219073992305332
5623,do,0.05,0.0,21,1.256550936698913,-6.7482152519804055,-6.746300858921475
5624,pp,0.05,0.0,12,0.3166305232048039,-8.346025942311142,-7.113495257165697
5625,do,0.05,0.0,10,0.9211205172538754,-4.475724080114654,-4.113312047057682
5626,pp,0.05,0.0,13,0.7037413275241846,-5.718271083542795,-4.886881205770704
5627,do,0.05,0.0,34,1.7421105611324315,-6.523036507404211,-5.671088502142164
5628,pp,0.05,0.0,6,0.9808791875839233,-4.31103338617267,-3.7037089268366494
5629,do,0.05,0.0,7,0.20788221478462177,-5.285529006611217,-5.038519361284044
5630,pp,0.05,0.0,14,0.8251089799404143,-5.895887741898045,-4.769641417927212
5631,do,0.05,0.0,33,1.5852088749408724,-6.006098081126358,-5.439048176341586
5632,pp,0.05,0.0,10,1.8119633340835568,-5.241648843071678,-4.298843879169888
5633,do,0.05,0.0,46,5.1685006248950955,-5.936152063716541,-5.009561896324158
5634,pp,0.05,0.0,17,2.1074374902248394,-5.463288295630253,-4.434464332792494
5635,do,0.05,0.0,40,3.1228909528255464,-5.176325550946323,-4.949161876572503
5636,pp,0.05,0.0,69,3.120779933929443,-6.576710104219841,-5.408485547701518
5637,do,0.05,0.0,70,2.25679457783699,-6.580702700759425,-6.022612900204129
5638,pp,0.05,0.0,27,2.9639879727363585,-5.713071196007006,-4.70042556921641
5639,do,0.05,0.0,44,0.8080327904224394,-6.474322255452474,-6.061493780877855
5640,pp,0.05,0.0,25,2.764496798515321,-5.487255502469612,-4.701405700047811
5641,do,0.05,0.0,21,1.3958966672420496,-5.636167662071459,-5.321602410740322
5642,pp,0.05,0.0,11,0.8090420079231269,-4.71718682159077,-3.937372034125858
5643,do,0.05,0.0,27,3.51034563779831,-5.418283325253111,-4.6737225691477455
5644,pp,0.05,0.0,27,3.496896923780442,-5.267024407242284,-4.437043854925368
5645,do,0.05,0.0,14,1.8005758166313175,-4.213647216739076,-3.95448092089759
5646,pp,0.05,0.0,70,1.1401031577587144,-7.131296412150065,-5.991033551428053
5647,do,0.05,0.0,33,2.3554580152034763,-6.524681737206199,-5.627167460653517
5648,pp,0.05,0.0,15,2.539784169197083,-4.928801883350719,-4.2501016616821286
5649,do,0.05,0.0,70,2.3524980831146243,-5.258708981311682,-4.752853727340698
5650,pp,0.05,0.0,48,3.524116690158845,-5.309611071962299,-4.845230619112651
5651,do,0.05,0.0,57,3.5409308540821067,-4.766478311654293,-4.269394781854418
5652,pp,0.05,0.0,17,1.904682689905166,-4.567631936795784,-3.8898888879352147
5653,do,0.05,0.0,30,2.3893901693820956,-5.374543996290727,-4.538991717497508
5654,pp,0.05,0.0,25,3.115143635272979,-5.748519816543117,-4.563707598050436
5655,do,0.05,0.0,14,3.3399348890781413,-4.383662387819001,-3.918576027287377
5656,pp,0.05,0.0,30,2.2887211632728572,-5.554435773329302,-4.317230028576321
5657,do,0.05,0.0,56,3.8283442306518554,-5.865503597259521,-4.938996777269575
5658,pp,0.05,0.0,24,2.7110508871078487,-5.053503373174957,-4.450517900784811
5659,do,0.05,0.0,35,1.079671214818954,-6.7210336887475215,-5.854062297609118
5660,pp,0.05,0.0,21,1.7508623063564297,-5.253387808077263,-4.549341742197672
5661,do,0.05,0.0,17,2.714198862314224,-4.701509004650694,-4.2827513217926025
5662,pp,0.05,0.0,11,1.5324043953418736,-4.907556074315852,-4.153663469685449
5663,do,0.05,0.0,5,0.27095972180366523,-6.245250352223715,-4.862706976466709
5664,pp,0.05,0.0,11,1.33291573882103,-6.773750766118368,-5.280515729056464
5665,do,0.05,0.0,41,2.6647495806217183,-5.7901561953804705,-4.871519414583842
5666,pp,0.05,0.0,54,4.509060806035996,-5.691270543589736,-4.4880074209637115
5667,do,0.05,0.0,22,1.312687548398972,-6.223049264965636,-5.448237427075704
5668,pp,0.05,0.0,49,3.800200263261795,-5.611735716733065,-4.6234128395716345
5669,do,0.05,0.0,23,1.6713825166225433,-4.833903777960575,-4.46233807404836
5670,pp,0.05,0.0,42,3.991211150884628,-5.1424630352945035,-4.2509565287166176
5671,do,0.05,0.0,41,1.5599745810031882,-7.015105063987501,-6.173079999287923
5672,pp,0.05,0.0,57,3.6539579498767845,-5.258687954237967,-4.314326422744327
5673,do,0.05,0.0,19,0.8847594213485719,-5.622515500675548,-5.326122053464254
5674,pp,0.05,0.0,31,3.9964883041381833,-4.856580738587813,-4.102994645966424
5675,do,0.05,0.0,7,1.6111749351024622,-6.090842173316262,-5.129247930314806
5676,pp,0.05,0.0,32,3.724313724040986,-6.411912467262962,-5.098056789239248
5677,do,0.05,0.0,29,2.7849457502365107,-4.9446391307946405,-4.36684901714325
5678,pp,0.05,0.0,65,2.8515580368041995,-6.094483093781904,-4.87032183541192
5679,do,0.05,0.0,21,0.09096246838569666,-6.703316334522132,-5.871144077512953
5680,pp,0.05,0.0,28,1.123041461706162,-5.603799873409849,-4.522588345739576
5681,do,0.05,0.0,70,2.9248741519451142,-5.18183469916835,-4.776228388150533
5682,pp,0.05,0.0,70,2.183447309732437,-6.667202988537875,-5.632184094852871
5683,do,0.05,0.0,22,3.0389700829982758,-5.284369316968051,-5.551113777690464
5684,pp,0.05,0.0,31,1.7589122748374937,-7.971414149891246,-7.070692793528239
5685,do,0.05,0.0,70,2.710433359146119,-8.04955970879757,-7.317247038417392
5686,pp,0.05,0.0,37,4.354424296617507,-5.369032263033318,-4.745062857204013
5687,do,0.05,0.0,25,3.3937539100646976,-5.060320003104932,-5.056616112920973
5688,pp,0.05,0.0,37,3.4521960592269902,-5.052467476237904,-4.421832807858785
5689,do,0.05,0.0,20,1.4460236483812334,-5.085449283773249,-4.208120248052809
5690,pp,0.05,0.0,41,-0.15059447884559596,-8.214604818459714,-6.850838573773702
5691,do,0.05,0.0,3,-0.0420970511436467,-5.277175805062958,-4.849375910229153
5692,pp,0.05,0.0,33,2.6814396309852597,-6.303496792822173,-5.181769498189291
5693,do,0.05,0.0,32,2.70670758843422,-6.185043855146929,-5.517220481236776
5694,pp,0.05,0.0,70,3.074620476961135,-8.461055326461793,-7.297129329045614
5695,do,0.05,0.0,12,1.4887061452865593,-5.949019014474118,-5.837931643591987
5696,pp,0.05,0.0,70,1.6872731614112855,-8.97990079504071,-7.5174209965599905
5697,do,0.05,0.0,17,2.118302010297776,-4.38162053715099,-4.118987821208107
5698,pp,0.05,0.0,28,3.8999837565422055,-5.013073883634625,-4.212109235922496
5699,do,0.05,0.0,40,1.912970237731935,-10.666174855376735,-8.802204291025797
5700,pp,0.05,0.0,17,3.0100556218624117,-4.946362621133978,-4.071481910016802
5701,do,0.05,0.0,6,1.6680073666572577,-3.8942745598879727,-3.6832193970680236
5702,pp,0.05,0.0,24,2.8840679979324344,-4.462770379673351,-3.805920485655467
5703,do,0.05,0.0,8,1.5339142584800722,-4.692622637026238,-4.0573756217956545
5704,pp,0.05,0.0,18,0.9356064689159398,-5.303917968634403,-4.368823056750827
5705,do,0.05,0.0,18,2.1957714378833773,-4.382691954121445,-4.074392628669739
5706,pp,0.05,0.0,35,4.033073455095291,-4.840037471597845,-4.041687043507894
5707,do,0.05,0.0,15,2.7391236174106597,-4.018956536957712,-3.724970763259464
5708,pp,0.05,0.0,21,3.047087299823761,-4.644596000151201,-4.019650469885932
5709,do,0.05,0.0,12,1.5425887954235078,-4.508313287388194,-3.8326083183288575
5710,pp,0.05,0.0,36,2.7509232389926916,-4.791502988699711,-4.077754590246412
5711,do,0.05,0.0,12,0.8558501720428469,-5.492359850623391,-4.381034623252021
5712,pp,0.05,0.0,4,-0.14503091692924563,-5.742989501086148,-4.8393398470348785
5713,do,0.05,0.0,9,1.0931842386722561,-5.884094080780492,-5.272493735949198
5714,pp,0.05,0.0,13,2.056270197629929,-5.276436857743697,-4.442346991433038
5715,do,0.05,0.0,10,0.5746593737602241,-5.6897063732147215,-5.26998672220442
5716,pp,0.05,0.0,9,1.6556552553176882,-5.314283399870901,-4.409559739960565
5717,do,0.05,0.0,23,1.799466135501861,-7.883085323102547,-6.980902457237244
5718,pp,0.05,0.0,20,1.2760110425949094,-5.401103242238363,-4.561854338645935
5719,do,0.05,0.0,68,0.23638048768043518,-8.43317445119222,-9.00838040245904
5720,pp,0.05,0.0,10,1.789552963972092,-4.8347304560921405,-4.057651363478767
5721,do,0.05,0.0,70,2.325449433326723,-8.1774374109326,-7.4200523614883425
5722,pp,0.05,0.0,8,0.5682979321479804,-5.011415115992228,-4.168578685654534
5723,do,0.05,0.0,23,1.283196855783462,-6.108977397282918,-6.962670074568854
5724,pp,0.05,0.0,12,1.2555944454669952,-4.810067438356804,-4.163789440525902
5725,do,0.05,0.0,50,2.3782947468757634,-10.986671467983362,-9.653366623984443
5726,pp,0.05,0.0,11,2.1281913220882416,-5.159729638244166,-4.2831782393985325
5727,do,0.05,0.0,4,-0.04689984560012839,-5.514303747812907,-5.088946059015062
5728,pp,0.05,0.0,13,1.9474276483058928,-4.6939553607593885,-3.986160345872243
5729,do,0.05,0.0,22,1.8869140994548799,-6.443323274092241,-6.614653870794508
5730,pp,0.05,0.0,30,3.1710235130786906,-4.46400279565291,-3.8485726462470162
5731,do,0.05,0.0,28,2.023669697046281,-6.065500513712565,-5.2174454053243
5732,pp,0.05,0.0,14,1.9325665569305421,-5.713434697642471,-4.566713383462694
5733,do,0.05,0.0,41,1.5139359128475194,-6.790206178029378,-6.111834939320882
5734,pp,0.05,0.0,17,1.622280426025391,-4.352735136494492,-3.700680771138933
5735,do,0.05,0.0,8,1.7651577103137974,-4.97378169262048,-4.6973095999823675
5736,pp,0.05,0.0,47,3.1332233095169073,-4.822368594371912,-4.193811999426948
5737,do,0.05,0.0,69,1.5394980823993674,-8.320053386688233,-7.106789064407349
5738,pp,0.05,0.0,29,2.696215851306915,-4.947549497719967,-3.973068246576521
5739,do,0.05,0.0,3,0.2766872417926791,-5.103332854762222,-4.61789407465193
5740,pp,0.05,0.0,39,1.9431937873363498,-5.143671488039422,-4.381026903788249
5741,do,0.05,0.0,10,1.1310210478305818,-5.628392865441063,-4.966311383247375
5742,pp,0.05,0.0,12,1.7051874744892128,-4.227619643644853,-3.683870855967204
5743,do,0.05,0.0,12,0.3404544305801389,-6.246257643266158,-5.775200923283895
5744,pp,0.05,0.0,14,1.3542912745475775,-5.656016485618823,-4.607338833808899
5745,do,0.05,0.0,32,2.2147800779342646,-8.995984758030284,-7.703928136825562
5746,pp,0.05,0.0,14,1.8529039406776429,-3.806032082528779,-3.40884307358
5747,do,0.05,0.0,20,1.9278844213485726,-6.679036526246504,-5.317522695329454
5748,pp,0.05,0.0,19,2.6385350549221043,-4.94846948854851,-4.094718048307631
5749,do,0.05,0.0,7,-0.28572636961936926,-6.61819232304891,-5.536180141237047
5750,pp,0.05,0.0,16,1.4777890706062324,-5.215044514338175,-4.304849786228604
5751,do,0.05,0.0,3,-0.3029083120822911,-5.096195667440241,-4.6616489807764685
5752,pp,0.05,0.0,22,2.0733090198040003,-4.710495268214832,-4.079386308458116
5753,do,0.05,0.0,61,2.276993112564087,-8.352095067862308,-7.738012578752306
5754,pp,0.05,0.0,26,2.8158048915863034,-6.965851074276548,-5.656355240609911
5755,do,0.05,0.0,65,1.849977474212646,-6.94440719575593,-5.932330287827385
5756,pp,0.05,0.0,29,2.595446176528931,-4.597924017183709,-3.8599402705828347
5757,do,0.05,0.0,70,1.5838980090618122,-9.525604648301096,-8.021051409509447
5758,pp,0.05,0.0,49,2.843117052316666,-5.267853999860359,-4.451052072313097
5759,do,0.05,0.0,16,0.7330841362476352,-7.131423606294574,-5.946541057692634
5760,pp,0.05,0.0,24,2.1435443365573885,-5.179331559845895,-4.25901366604699
5761,do,0.05,0.0,14,1.1104246783256526,-7.034711813204217,-6.327782768673367
5762,pp,0.05,0.0,25,4.097498551607131,-4.947574005704937,-4.052426715691884
5763,do,0.05,0.0,11,-0.09236478328704756,-5.388723097425519,-4.83240835931566
5764,pp,0.05,0.0,62,3.006384179592133,-6.313169440356168,-5.220255613327026
5765,do,0.05,0.0,29,0.6092362451553344,-7.749501651706118,-6.771709733539158
5766,pp,0.05,0.0,70,2.965622507333755,-7.01273080218922,-5.712550152672661
5767,do,0.05,0.0,37,2.456864945888519,-7.3414594563570885,-6.296751329633925
5768,pp,0.05,0.0,36,2.310209740400314,-6.155598838401564,-4.913085174560547
5769,do,0.05,0.0,22,1.765374894142151,-6.127115145596591,-6.017307339774238
5770,pp,0.05,0.0,35,2.2248834085464475,-6.4099692272417474,-5.060457264052497
5771,do,0.05,0.0,29,2.0635726022720347,-7.198877850445834,-6.186867303318447
5772,pp,0.05,0.0,50,4.719655574560165,-7.009475469589233,-5.282393606503804
5773,do,0.05,0.0,24,-0.20948213577270458,-8.029248278068774,-7.299525886111789
5774,pp,0.05,0.0,54,5.30872099161148,-5.551939051079027,-4.535603107346429
5775,do,0.05,0.0,4,0.05113991975784238,-5.6917840162913,-5.299854360686409
5776,pp,0.05,0.0,29,3.8658804225921637,-5.0266866207122805,-4.186320678393046
5777,do,0.05,0.0,31,1.5202764618396758,-7.764053519566854,-6.949416383107503
5778,pp,0.05,0.0,47,6.138982260227203,-4.4765363028555205,-4.164103212621477
5779,do,0.05,0.0,15,0.8499857866764069,-6.044758250496605,-5.466087746620178
5780,pp,0.05,0.0,52,4.510761023759842,-6.666350327116071,-5.770611482196384
5781,do,0.05,0.0,70,0.8604612398147573,-13.308441783442643,-11.84789678255717
5782,pp,0.05,0.0,48,4.571535885334015,-7.129564496242639,-5.645478661855062
5783,do,0.05,0.0,4,-0.09319423556327777,-5.644473876375141,-4.97758231692844
5784,pp,0.05,0.0,11,1.2955010390281672,-5.65891726956223,-4.879910522037083
5785,do,0.05,0.0,18,1.5546391296386721,-7.238144569685965,-6.371939510769314
5786,pp,0.05,0.0,18,2.0694083464145656,-4.746574205340761,-4.43052581416236
5787,do,0.05,0.0,26,1.2357283890247341,-6.480624694535226,-6.38159097565545
5788,pp,0.05,0.0,37,2.749307672977447,-5.455288655830152,-4.422145872645908
5789,do,0.05,0.0,3,0.17816211223602263,-5.876095276167899,-5.04603558116489
5790,pp,0.05,0.0,38,4.094220057725907,-6.274654532923843,-5.117686250474718
5791,do,0.05,0.0,16,0.08083866357803426,-7.659413434519912,-6.484757092263964
5792,pp,0.05,0.0,21,1.8735656905174256,-5.6448344028357305,-4.567997733751933
5793,do,0.05,0.0,7,0.6622046339511876,-5.8199529936819365,-5.123071061240302
5794,pp,0.05,0.0,27,1.6170986330509187,-4.987545640540845,-4.267491478390164
5795,do,0.05,0.0,19,2.3141941845417016,-6.536146335890799,-5.900036952230665
5796,pp,0.05,0.0,28,4.451615605354308,-5.069866070602879,-4.329487707879808
5797,do,0.05,0.0,5,0.7178802669048308,-5.157293735850941,-4.847972928153144
5798,pp,0.05,0.0,15,2.346511600017547,-4.836055489742395,-4.013658516936832
5799,do,0.05,0.0,10,1.789449697732926,-5.85839449709112,-5.418793993526035
5800,pp,0.05,0.0,21,2.9445703530311595,-4.8859061616839785,-4.17924104531606
5801,do,0.05,0.0,9,1.6487869119644172,-4.9470038197257304,-4.50694821940528
5802,pp,0.05,0.0,8,1.437733623981476,-5.151231218106819,-4.288742876052856
5803,do,0.05,0.0,11,0.6965656018257143,-5.9979441064776795,-5.557720184326172
5804,pp,0.05,0.0,34,3.290788878202439,-6.876000298875751,-5.271712263425191
5805,do,0.05,0.0,12,0.881988478899002,-5.463400394266302,-4.698645032776726
5806,pp,0.05,0.0,27,1.608977893590927,-5.275325923977476,-4.447077300813463
5807,do,0.05,0.0,14,1.0966719508171083,-5.623506384184866,-4.873636033799913
5808,pp,0.05,0.0,21,1.9268774163722986,-5.317926944385875,-4.423178331057231
5809,do,0.05,0.0,70,1.3237442421913137,-7.756365076700846,-6.602906799316406
5810,pp,0.05,0.0,14,2.6069025874137886,-4.708508897550178,-4.164999956554837
5811,do,0.05,0.0,70,0.8843052828311926,-8.12179301146305,-7.279122969839308
5812,pp,0.05,0.0,21,2.5145792710781087,-5.610743515419237,-4.6726175308227536
5813,do,0.05,0.0,70,2.679073601961136,-7.918019715222445,-7.197927411397298
5814,pp,0.05,0.0,12,1.2128674900531768,-4.630312149452441,-4.078250257174174
5815,do,0.05,0.0,31,-0.661254963874816,-8.936515007597027,-8.35518438021342
5816,pp,0.05,0.0,31,0.6329701137542729,-6.1432104168516215,-5.246604228019715
5817,do,0.05,0.0,9,0.5675045943260191,-6.27172229940241,-5.360232228702969
5818,pp,0.05,0.0,23,3.7855052208900464,-6.348924444660996,-5.337167559729682
5819,do,0.05,0.0,70,-0.4378744423389449,-8.23984199292732,-7.753319284651014
5820,pp,0.05,0.0,27,0.8232800734043124,-6.836041066140839,-5.593162234624227
5821,do,0.05,0.0,1,-0.8976103913784019,-5.9895216580593225,-5.361608738369412
5822,pp,0.05,0.0,69,2.5535520076751705,-6.620680449225686,-5.482334740956625
5823,do,0.05,0.0,37,1.6107539010047915,-7.947063292879047,-7.017883433236016
5824,pp,0.05,0.0,31,3.48691365122795,-5.134773828044082,-4.360608532693651
5825,do,0.05,0.0,70,1.8408978533744804,-6.587775893644853,-6.56195383866628
5826,pp,0.05,0.0,37,2.488961057662964,-6.168778906446515,-5.0472089926401775
5827,do,0.05,0.0,41,1.4881989347934717,-8.33359771641818,-8.300163528654311
5828,pp,0.05,0.0,34,3.85322288274765,-7.125115754387595,-5.727096213234796
5829,do,0.05,0.0,29,3.1502421832084657,-8.96276611848311,-7.060104658868577
5830,pp,0.05,0.0,13,1.9874568557739263,-5.136428739085342,-4.124838818444146
5831,do,0.05,0.0,62,2.1811500263214105,-6.733455405090794,-7.436147541469998
5832,pp,0.05,0.0,28,2.328485214710236,-5.232378790595314,-4.631570421324836
5833,do,0.05,0.0,15,1.0357026278972628,-5.563316270076867,-5.17174940639072
5834,pp,0.05,0.0,11,1.1469519615173347,-5.176399310429891,-4.318011209699843
5835,do,0.05,0.0,70,3.534105062484741,-6.874562058304296,-5.623816914028591
5836,pp,0.05,0.0,52,2.933117219209671,-6.553703035007824,-5.862792401843601
5837,do,0.05,0.0,70,1.3818617296218871,-7.7139516974940445,-7.023117420408461
5838,pp,0.05,0.0,34,2.0816122460365305,-6.050422154050885,-4.93010720676846
5839,do,0.05,0.0,70,1.6719110321998603,-6.823438140117761,-5.783979013231066
5840,pp,0.05,0.0,18,1.3778433823585514,-4.824668138677423,-4.257562349902259
5841,do,0.05,0.0,50,1.1771782577037806,-7.102812207828869,-6.116582375102573
5842,pp,0.05,0.0,70,1.757467304468154,-6.2342883413488215,-5.078773297203911
5843,do,0.05,0.0,35,0.31652708649635297,-7.093590911229452,-5.658144879341125
5844,pp,0.05,0.0,18,0.9354148757457734,-5.649334329547304,-4.888881052864923
5845,do,0.05,0.0,70,1.4441397392749789,-7.339321452921087,-6.869805026054382
5846,pp,0.05,0.0,70,2.787582826614379,-6.576497187758937,-5.564894771575927
5847,do,0.05,0.0,12,1.7352868342399592,-5.283848814530806,-4.747493047184414
5848,pp,0.05,0.0,17,1.68645844578743,-4.84558615251021,-4.09157743718889
5849,do,0.05,0.0,34,0.6710060262680049,-8.310868715517449,-6.604227500491672
5850,pp,0.05,0.0,18,2.4347540390491496,-6.333116063204678,-4.722050221761068
5851,do,0.05,0.0,2,-0.49556653499603254,-5.60609342546174,-4.785664145151774
5852,pp,0.05,0.0,28,1.5451021420955664,-6.515931617852413,-5.412413427564833
5853,do,0.05,0.0,12,1.6752643978595732,-5.804540233901053,-4.898347131411234
5854,pp,0.05,0.0,18,2.459566642045975,-5.650670672907974,-4.672583731015523
5855,do,0.05,0.0,62,0.07860043764114266,-9.33122586625995,-9.08268993695577
5856,pp,0.05,0.0,46,1.694054837226867,-11.563943263256188,-9.319666451878017
5857,do,0.05,0.0,17,1.0738288652896877,-6.261699935161706,-5.156151970227559
5858,pp,0.05,0.0,31,4.2259985327720635,-7.050943863030636,-5.008992515669929
5859,do,0.05,0.0,7,-0.017810341119766093,-5.208081196293686,-4.460566298166911
5860,pp,0.05,0.0,70,2.52761772274971,-6.2501994277491715,-5.277595308091906
5861,do,0.05,0.0,18,0.5008817362785347,-6.288899808941466,-5.405637881490919
5862,pp,0.05,0.0,40,2.724179865121842,-6.610184662269823,-4.954148599836562
5863,do,0.05,0.0,18,-0.4730820333957677,-6.725810563925541,-5.604710499445598
5864,pp,0.05,0.0,8,-0.1917482531070709,-5.659125530358517,-4.65709179242452
5865,do,0.05,0.0,5,0.8517514574527736,-5.531832417574796,-4.854515359136793
5866,pp,0.05,0.0,22,3.687258336544036,-5.712594948392926,-4.7645752840571935
5867,do,0.05,0.0,69,0.741283397674561,-8.715656715450866,-7.721850453482734
5868,pp,0.05,0.0,43,1.1914576506614676,-7.089804013570149,-5.590768726666768
5869,do,0.05,0.0,4,-0.3119636762142184,-5.801825822483409,-5.182615311940511
5870,pp,0.05,0.0,19,0.5949769484996796,-5.7733986782305164,-5.068214315838284
5871,do,0.05,0.0,70,0.5337590062618247,-8.137894733024366,-6.809446038140191
5872,pp,0.05,0.0,50,1.8687948203086862,-6.435996815652558,-5.2424323956171675
5873,do,0.05,0.0,11,0.32634409666061437,-5.877504633412217,-5.2332424190309315
5874,pp,0.05,0.0,6,0.57725760102272,-4.658233672922308,-3.898100399971008
5875,do,0.05,0.0,10,0.99631667137146,-7.244579887390136,-5.442140030860901
5876,pp,0.05,0.0,11,2.018341603279114,-5.137902054642186,-4.12855998939938
5877,do,0.05,0.0,70,0.2060586929321282,-7.443779517665054,-6.658218648698595
5878,pp,0.05,0.0,25,1.9123958694934835,-6.401742283503214,-5.1471399572160506
5879,do,0.05,0.0,61,1.6861089122295372,-9.163026584278454,-7.951511632071601
5880,pp,0.05,0.0,70,1.6445213520526885,-9.176983079043302,-7.8197319295671255
5881,do,0.05,0.0,32,0.7906398296356194,-9.080290373888882,-7.730085102717082
5882,pp,0.05,0.0,8,1.698970392942428,-4.116438570889559,-3.475189714961582
5883,do,0.05,0.0,46,2.0987472319602976,-7.000440431363655,-5.440366064177619
5884,pp,0.05,0.0,30,2.7347135353088374,-6.446240718436964,-5.1547981765535145
5885,do,0.05,0.0,4,-0.5077174806594851,-6.217565751798225,-5.463015683492025
5886,pp,0.05,0.0,4,-0.03466302156448364,-4.982803508007165,-4.363631794187758
5887,do,0.05,0.0,9,0.3095953166484833,-5.443172803069606,-4.830671914418539
5888,pp,0.05,0.0,57,1.549156572818755,-6.044466843749538,-5.172661526997884
5889,do,0.05,0.0,7,0.24960692048072808,-5.992670585169937,-5.236551955011156
5890,pp,0.05,0.0,14,2.14425424695015,-5.546494641448512,-4.5582157558865015
5891,do,0.05,0.0,4,-0.7573645699024203,-5.659833370555531,-4.913973750008477
5892,pp,0.05,0.0,9,0.822697205543518,-5.214857519034183,-4.478791575961643
5893,do,0.05,0.0,31,0.21059939026832541,-7.51423405011495,-5.819931154780917
5894,pp,0.05,0.0,30,2.631036707162856,-5.641736043583263,-4.546250857247246
5895,do,0.05,0.0,31,2.676198987960815,-7.080867910385132,-5.589563801553514
5896,pp,0.05,0.0,32,2.4411044621467592,-5.247310868176547,-4.325341131952074
5897,do,0.05,0.0,3,-0.41190672159194985,-6.147294654268207,-5.167975195248922
5898,pp,0.05,0.0,6,0.025535801649093415,-5.373740281480732,-4.718690980805291
5899,do,0.05,0.0,9,-0.7839395666122444,-5.990876665982333,-5.088601239522299
5900,pp,0.05,0.0,13,1.9084501671791072,-5.28279836250074,-4.480145009358724
5901,do,0.05,0.0,14,1.0731753647327427,-7.856467102513169,-6.433082034852769
5902,pp,0.05,0.0,24,2.265848374366761,-7.6815505403460875,-6.048967541588677
5903,do,0.05,0.0,2,-1.1301794385910036,-6.408738523541075,-5.755131692356533
5904,pp,0.05,0.0,48,0.9135116386413582,-8.747314049980858,-6.752482665909661
5905,do,0.05,0.0,31,0.9076534688472755,-6.2727979717832625,-5.743348455429077
5906,pp,0.05,0.0,70,1.3379167437553408,-5.430947016224716,-4.690155243873596
5907,do,0.05,0.0,46,2.9565484869480123,-6.774554478038441,-5.841512364811368
5908,pp,0.05,0.0,29,3.367349885702133,-5.345658186710242,-4.644642400741577
5909,do,0.05,0.0,38,2.3939966368675236,-6.6428074316544965,-6.385571146011353
5910,pp,0.05,0.0,57,4.81601770401001,-7.1013091217387805,-6.228226725260416
5911,do,0.05,0.0,8,-0.17658451557159438,-5.839030028834488,-5.033562697304619
5912,pp,0.05,0.0,58,1.1071642684936513,-7.439486334540627,-6.1832057873408
5913,do,0.05,0.0,9,2.5648802113533025,-5.9289629112590445,-5.175843848122491
5914,pp,0.05,0.0,33,4.600068055391312,-4.934159895868012,-4.124060440063476
5915,do,0.05,0.0,42,0.518691478967666,-8.212438089197333,-7.381553157170614
5916,pp,0.05,0.0,25,2.962804280519485,-4.144901743802158,-3.6062262349658543
5917,do,0.05,0.0,6,0.5500493144989012,-6.0313311865835475,-5.465630088912116
5918,pp,0.05,0.0,47,3.3349914991855627,-7.942087250044851,-6.876846647262573
5919,do,0.05,0.0,30,2.2277020907402045,-7.1025353619546605,-6.194088411331177
5920,pp,0.05,0.0,37,2.907997395992279,-6.0195556366082394,-4.9692873875300085
5921,do,0.05,0.0,22,1.4419285154342658,-5.805214568340417,-5.6891920699013605
5922,pp,0.05,0.0,53,3.435252643823624,-5.330307628169204,-4.3477145459916855
5923,do,0.05,0.0,8,1.655771028995514,-6.09133411320773,-5.017830504311456
5924,pp,0.05,0.0,62,3.5899659895896914,-8.442029330224702,-6.74790846241845
5925,do,0.05,0.0,70,4.254864479303361,-6.208123354478316,-5.756087507141961
5926,pp,0.05,0.0,25,2.794897239208221,-4.3056044520753805,-3.7629019207424586
5927,do,0.05,0.0,38,2.077090961933136,-6.728702842828,-6.38383436732822
5928,pp,0.05,0.0,39,2.9810084378719326,-6.361505845098785,-5.809874942567613
5929,do,0.05,0.0,54,1.419016033411026,-8.51810084545251,-7.551534387800428
5930,pp,0.05,0.0,70,2.9438380765914927,-7.365832367810336,-5.973301561673482
5931,do,0.05,0.0,19,1.0575269269943233,-6.763591673879913,-5.971321029133267
5932,pp,0.05,0.0,22,3.5567836618423456,-5.325825422460382,-4.482272647486793
5933,do,0.05,0.0,41,0.8080521476268769,-7.5269484129819,-6.833011621899075
5934,pp,0.05,0.0,28,1.4939539396762846,-6.408382733662923,-5.32075944741567
5935,do,0.05,0.0,36,3.2879481768608088,-5.44213735407049,-5.369630575180054
5936,pp,0.05,0.0,70,2.7518269264698025,-5.91816586003159,-4.755712485313415
5937,do,0.05,0.0,3,-0.3977179837226865,-5.9052396196307555,-5.353375350104438
5938,pp,0.05,0.0,18,0.1807971882820132,-6.068311808326028,-5.468253024419149
5939,do,0.05,0.0,20,3.2913090991973872,-5.839008474349976,-5.602343564563327
5940,pp,0.05,0.0,15,1.6051978230476376,-6.757934275540438,-5.930865894423591
5941,do,0.05,0.0,46,1.4794881999492642,-9.456965187824133,-7.968286718262567
5942,pp,0.05,0.0,38,3.626368247270584,-5.464520900899713,-4.4164203511344065
5943,do,0.05,0.0,2,-0.9503261804580685,-6.246818402319244,-5.853445710076226
5944,pp,0.05,0.0,52,0.9549624860286716,-8.758018091953161,-7.5611131244235565
5945,do,0.05,0.0,58,4.046271569728851,-6.749262126286824,-6.291322281625535
5946,pp,0.05,0.0,31,4.188824840784073,-6.9792308937419545,-5.893751573562622
5947,do,0.05,0.0,28,3.5840841579437255,-7.163903892401493,-6.512981033325195
5948,pp,0.05,0.0,39,2.420505113601685,-6.506531018921823,-5.4194572793112865
5949,do,0.05,0.0,34,1.7553081095218657,-6.568687464974143,-6.175208081139458
5950,pp,0.05,0.0,44,4.045490478277206,-6.871312320593631,-6.301714738210042
5951,do,0.05,0.0,25,3.3715084326267233,-5.328301538120616,-4.767924006779989
5952,pp,0.05,0.0,22,3.004633171558379,-5.259669522083167,-4.685911774635315
5953,do,0.05,0.0,18,2.20708920955658,-6.433003231973359,-5.913143536779615
5954,pp,0.05,0.0,26,0.7330023396015157,-6.26260283499053,-5.480545295609368
5955,do,0.05,0.0,70,-0.7158845615386955,-8.884867039593784,-8.615314054489136
5956,pp,0.05,0.0,70,-0.023178464174270275,-8.647334344459303,-6.895136912663777
5957,do,0.05,0.0,70,-0.9652640736103049,-10.361141843506784,-9.31831407546997
5958,pp,0.05,0.0,15,1.5937730813026425,-5.874997111522791,-5.2919673204421995
5959,do,0.05,0.0,40,1.5785454893112174,-8.163492088606864,-6.8859171125623915
5960,pp,0.05,0.0,33,3.5891798281669614,-4.471583574468439,-3.82760083410475
5961,do,0.05,0.0,70,2.5756535804271694,-7.8386886351036305,-6.643826905886332
5962,pp,0.05,0.0,24,2.6510962259769437,-6.1107702529791625,-4.9271227412753635
5963,do,0.05,0.0,39,3.3332362234592443,-7.16996557784803,-6.551276567247179
5964,pp,0.05,0.0,24,3.8586563324928287,-6.208664443276145,-4.965447958310445
5965,do,0.05,0.0,70,1.7386930191516878,-7.46852395028779,-6.86438655588362
5966,pp,0.05,0.0,27,4.304330377578736,-4.747824635650172,-3.787916780842675
5967,do,0.05,0.0,48,2.664824029207229,-6.039055046890721,-5.405897066328261
5968,pp,0.05,0.0,33,2.332403968572617,-5.372518485965151,-4.5528575473361546
5969,do,0.05,0.0,18,2.4915805327892295,-6.235459892677539,-5.554652794202169
5970,pp,0.05,0.0,40,4.676693511009217,-6.366763505068692,-4.403709244728089
5971,do,0.05,0.0,32,3.773337386846543,-6.016884683840202,-6.222343328264024
5972,pp,0.05,0.0,62,1.3217481327056895,-8.50950049198035,-7.549541505177816
5973,do,0.05,0.0,29,2.3064238572120663,-6.693696425177834,-5.712216758728028
5974,pp,0.05,0.0,23,1.8705474960803983,-6.135405310717496,-5.20315441025628
5975,do,0.05,0.0,26,1.4164740669727323,-5.01272937745759,-4.630080713166131
5976,pp,0.05,0.0,33,1.3043273556232453,-6.490674339641224,-5.544554628266228
5977,do,0.05,0.0,70,0.06187699913978584,-8.033777703660908,-8.708222982618544
5978,pp,0.05,0.0,16,0.9875640642642969,-6.389771224513199,-5.01191476451026
5979,do,0.05,0.0,70,2.2515270638465887,-7.203267661007968,-6.29666022989485
5980,pp,0.05,0.0,13,1.2269694089889525,-6.092273884108573,-5.289468942748176
5981,do,0.05,0.0,12,1.760209600925446,-5.4169433665998055,-5.516066204177009
5982,pp,0.05,0.0,19,2.7447636961936954,-7.67906152118336,-6.9423385832044815
5983,do,0.05,0.0,30,2.875132468938828,-5.674065646258268,-5.378657449616326
5984,pp,0.05,0.0,21,1.9276747691631329,-6.195977713844993,-5.420502167277866
5985,do,0.05,0.0,10,0.83246199965477,-6.009891092416012,-5.368352331055535
5986,pp,0.05,0.0,34,3.369813499450684,-5.776094355727687,-4.726125865512424
5987,do,0.05,0.0,70,0.5692002940177918,-10.27006411118941,-9.808002132839627
5988,pp,0.05,0.0,20,2.599620459079743,-4.528903020511974,-3.923526926835378
5989,do,0.05,0.0,30,2.0150621819496157,-7.268566949439771,-6.15871360566881
5990,pp,0.05,0.0,14,1.4702184331417092,-5.586798201185284,-4.757224920060899
5991,do,0.05,0.0,70,1.0279266333580015,-8.020861008673004,-6.6484481917487255
5992,pp,0.05,0.0,14,1.3426793003082276,-5.3141265392303465,-4.3505726999706695
5993,do,0.05,0.0,37,1.9038222348690024,-6.49276213645935,-5.83951502111223
5994,pp,0.05,0.0,67,1.667081727981568,-7.719954328825979,-6.302859618928697
5995,do,0.05,0.0,64,1.9189543771743773,-8.08005635955117,-7.123393101162381
5996,pp,0.05,0.0,16,2.1813153541088113,-4.873597591573541,-4.055948695871565
5997,do,0.05,0.0,22,1.0237924349308019,-7.251856394970056,-6.331241912311977
5998,pp,0.05,0.0,14,1.6687917411327362,-4.348239076498783,-3.8216391722361247
5999,do,0.05,0.0,62,2.008309518098831,-7.035614399476485,-5.897623676723904
6000,pp,0.05,0.0,11,2.4871840083599093,-5.365695600798635,-4.325989275508457
6001,do,0.05,0.0,52,1.9250677525997162,-8.665048853556316,-7.756008998552958
6002,pp,0.05,0.0,49,1.7737032437324523,-5.690172196879532,-5.056448478168911
6003,do,0.05,0.0,50,5.520405478477478,-6.689618866371386,-5.5147678057352705
6004,pp,0.05,0.0,45,3.7418335342407225,-5.834796811595107,-4.68874805106057
6005,do,0.05,0.0,27,2.7631807899475094,-7.528957877014623,-6.595858181847467
6006,pp,0.05,0.0,64,2.623292135000229,-7.746346908627134,-6.1387100987964205
6007,do,0.05,0.0,19,1.6955800294876102,-6.710038579594006,-6.117033282915751
6008,pp,0.05,0.0,61,2.3422168982028957,-6.996407660571012,-5.022004053327772
6009,do,0.05,0.0,70,2.3236328816413874,-7.147185855923277,-5.5970555888281925
6010,pp,0.05,0.0,20,2.097741771936416,-5.0910482334368155,-3.9063009209103052
6011,do,0.05,0.0,39,2.3075335049629206,-6.566274300488558,-6.298658797476027
6012,pp,0.05,0.0,70,2.603396025896072,-5.870866513974739,-4.708242093192206
6013,do,0.05,0.0,49,1.1700767469406124,-9.310233829960678,-7.947974305682712
6014,pp,0.05,0.0,10,1.1453129434585572,-5.137091769594135,-4.210406222608355
6015,do,0.05,0.0,70,1.292582606077195,-6.887651868300004,-6.231336818801032
6016,pp,0.05,0.0,10,0.718150732517242,-5.395449006918705,-4.579322258631389
6017,do,0.05,0.0,19,1.608494011163712,-6.676197182048451,-5.676095779736837
6018,pp,0.05,0.0,26,2.471370902061463,-5.7293434302012125,-4.6867622534434
6019,do,0.05,0.0,16,1.8396064174175262,-5.961381701267126,-5.294563002056545
6020,pp,0.05,0.0,15,1.7224711430072785,-5.111760198708737,-4.402682406372494
6021,do,0.05,0.0,24,1.872064734697343,-7.609485821290449,-6.684220067660013
6022,pp,0.05,0.0,15,0.7240446817874906,-5.62683664524194,-4.670741113026937
6023,do,0.05,0.0,13,1.2225798106193535,-5.7069623629252115,-4.893751011954413
6024,pp,0.05,0.0,11,1.4455885314941401,-5.209304023511482,-3.896976970301734
6025,do,0.05,0.0,63,-0.3698867523670195,-8.027593916112727,-7.2637312995062935
6026,pp,0.05,0.0,14,1.0627468419075008,-4.532459371740168,-3.9895299633344012
6027,do,0.05,0.0,29,1.9674855411052699,-6.2410953796271125,-5.509073633617825
6028,pp,0.05,0.0,21,0.5001753485202789,-7.353983371908014,-5.919675403171116
6029,do,0.05,0.0,47,0.7639864468574533,-9.230275120879664,-7.9056090301937525
6030,pp,0.05,0.0,27,2.376888295412064,-5.499000162066835,-4.766026049190097
6031,do,0.05,0.0,31,2.612083044052123,-6.252929446191499,-5.475781181123522
6032,pp,0.05,0.0,10,1.2727436494827273,-4.477130330692638,-3.917790341377258
6033,do,0.05,0.0,26,3.4129428410530087,-8.128395579077981,-6.162874460220337
6034,pp,0.05,0.0,5,1.2592834055423738,-5.135116863250732,-3.9241393751568263
6035,do,0.05,0.0,10,0.6841608715057372,-6.061284351348877,-5.675423251258002
6036,pp,0.05,0.0,29,1.5641171193122867,-6.199457700324781,-5.385344195365906
6037,do,0.05,0.0,70,2.587998390197755,-7.466575946229877,-6.713113851017422
6038,pp,0.05,0.0,53,0.9120062184333815,-7.673109998125018,-6.846775552961561
6039,do,0.05,0.0,24,1.6082615530490871,-6.270467109391183,-5.758641372786628
6040,pp,0.05,0.0,16,1.3245405280590052,-5.474239785743483,-4.572479616271125
6041,do,0.05,0.0,19,1.0693847823143008,-6.0900630763082795,-5.411088262663947
6042,pp,0.05,0.0,19,1.5647089385986321,-6.153789526043516,-4.916208065880669
6043,do,0.05,0.0,16,0.7894484531879424,-6.307930122722279,-5.804623534944322
6044,pp,0.05,0.0,7,0.9572644996643067,-5.143763767589222,-4.700663903024462
6045,do,0.05,0.0,61,2.2691934347152705,-7.154859905531912,-6.266089375813802
6046,pp,0.05,0.0,7,0.04812567472457818,-4.766089358474269,-4.0351157691743635
6047,do,0.05,0.0,17,1.696288727521897,-5.659665284012303,-5.226023970709907
6048,pp,0.05,0.0,18,0.47310426354408275,-5.804449426766598,-4.917686234580146
6049,do,0.05,0.0,12,1.5179413831233974,-6.056681436480898,-5.445143334070841
6050,pp,0.05,0.0,13,1.8831312811374668,-5.107302519769379,-4.230263290140364
6051,do,0.05,0.0,70,2.629728047847748,-7.68724053700765,-6.514371228218079
6052,pp,0.05,0.0,14,1.9781130671501161,-5.405060545603434,-4.225848364830017
6053,do,0.05,0.0,46,1.4338764977455138,-7.4788786223440455,-6.869225957658556
6054,pp,0.05,0.0,16,2.290494426488876,-4.559219578540686,-4.171518071492513
6055,do,0.05,0.0,60,1.2014016318321232,-7.7670684987848455,-6.776340876685248
6056,pp,0.05,0.0,25,2.8163382780551913,-4.3633012092474734,-3.7959824826982285
6057,do,0.05,0.0,30,2.7478122258186346,-6.5883945898576215,-6.006071874830458
6058,pp,0.05,0.0,55,2.5272304987907415,-6.0695075728676535,-5.421475773387485
6059,do,0.05,0.0,12,1.8598035442829124,-6.74735541343689,-5.698696192105611
6060,pp,0.05,0.0,18,2.7852271187305453,-6.6614279645862,-5.397015560997857
6061,do,0.05,0.0,68,1.9222966730594635,-8.24588567271377,-7.605177693896824
6062,pp,0.05,0.0,70,1.037028183937073,-8.476643640344793,-7.170524546835158
6063,do,0.05,0.0,30,1.0810912251472482,-6.604810651143392,-5.764035868644714
6064,pp,0.05,0.0,18,1.678693599700928,-6.425270330544674,-5.467770777808296
6065,do,0.05,0.0,31,2.211594562530517,-6.6892679532368975,-5.79896223809984
6066,pp,0.05,0.0,53,2.5940318751335134,-6.757556909503359,-5.219257918993632
6067,do,0.05,0.0,12,2.512864351272583,-5.057829608339252,-4.565484788682726
6068,pp,0.05,0.0,20,2.61774507522583,-5.336314178235603,-4.292523476812574
6069,do,0.05,0.0,52,2.383217773437499,-7.820269612110022,-7.057068475087484
6070,pp,0.05,0.0,63,2.3901414239406593,-7.378356539119373,-5.87424292034573
6071,do,0.05,0.0,7,0.12402704358100891,-5.752136298381921,-5.016346014870537
6072,pp,0.05,0.0,18,1.7467295908927918,-6.711769060655073,-4.79592719078064
6073,do,0.05,0.0,14,1.4722536516189573,-5.137476909521855,-4.776894018385145
6074,pp,0.05,0.0,9,1.399942696094513,-4.357492114558364,-3.727311660183801
6075,do,0.05,0.0,12,0.3898599672317502,-6.2222030422904275,-5.563971418804592
6076,pp,0.05,0.0,27,1.9532388067245483,-5.856552138473049,-4.716357204649183
6077,do,0.05,0.0,14,1.2539847326278686,-5.353448808554447,-4.788496335347493
6078,pp,0.05,0.0,25,2.6499346542358397,-5.388878026153102,-4.681092691421509
6079,do,0.05,0.0,28,0.7059979438781738,-6.7908700422807176,-5.993458763758341
6080,pp,0.05,0.0,11,0.8507310581207275,-5.540368321447661,-4.585128792126974
6081,do,0.05,0.0,39,2.4584688735008244,-7.886340745290121,-6.924017551210191
6082,pp,0.05,0.0,55,2.729358661174775,-6.290785991784298,-5.971321882141961
6083,do,0.05,0.0,70,2.2499837017059328,-8.912121248245239,-7.934706772698297
6084,pp,0.05,0.0,20,3.067015119791032,-4.97784507780364,-4.04233635796441
6085,do,0.05,0.0,28,1.8695696055889135,-5.26941740729592,-4.695626579390632
6086,pp,0.05,0.0,28,2.6436072814464575,-4.56741095311714,-3.963754443327586
6087,do,0.05,0.0,20,0.5478440260887147,-5.619341691335042,-5.436998603079054
6088,pp,0.05,0.0,70,0.7196535623073581,-6.493377997658469,-5.634295765558878
6089,do,0.05,0.0,65,1.0909413230419158,-6.668343327262185,-6.230121241675483
6090,pp,0.05,0.0,11,1.0766190743446344,-5.016159973722516,-4.270848086145189
6091,do,0.05,0.0,12,2.264258551597596,-6.104328551436915,-5.756722818480598
6092,pp,0.05,0.0,65,2.030029302835465,-7.127201109221487,-5.810699698660109
6093,do,0.05,0.0,33,3.0715361690521235,-6.484280248121782,-5.69787761370341
6094,pp,0.05,0.0,70,2.610364463329315,-10.88490768923904,-7.354833300908407
6095,do,0.05,0.0,70,3.5242871940135947,-7.60835784998807,-6.216330409049988
6096,pp,0.05,0.0,55,3.0889679133892063,-6.031926630482529,-4.81399195988973
6097,do,0.05,0.0,15,2.7815081655979155,-4.981424321550311,-4.763070530361599
6098,pp,0.05,0.0,27,3.0523108506202696,-5.696442433559533,-5.000678332646688
6099,do,0.05,0.0,23,3.616703504323959,-5.149779438249992,-4.829819424947103
6100,pp,0.05,0.0,37,4.6670472896099096,-5.86482769503738,-5.071609425544739
6101,do,0.05,0.0,28,3.466747640371322,-6.689107013471199,-6.731324206458198
6102,pp,0.05,0.0,18,1.9936501848697672,-6.7532462900335135,-5.602048627535502
6103,do,0.05,0.0,70,1.7529130613803865,-9.196644680427783,-8.556684923171996
6104,pp,0.05,0.0,49,2.7648109042644506,-9.148748140624075,-7.930600227249993
6105,do,0.05,0.0,62,1.5484248864650727,-6.656077156644879,-6.188333874278598
6106,pp,0.05,0.0,51,3.1077863967418677,-6.435236271944913,-5.449742187394036
6107,do,0.05,0.0,8,0.43740548133850066,-6.235401438221787,-5.642290507422553
6108,pp,0.05,0.0,70,2.250039738416673,-7.855589836294,-5.869794384638468
6109,do,0.05,0.0,35,2.1446918106079105,-6.692156259941332,-5.627197249730428
6110,pp,0.05,0.0,20,2.3857512295246126,-5.073790817549734,-4.27412396007114
6111,do,0.05,0.0,31,1.7701674520969393,-4.946204165256384,-4.560857179429796
6112,pp,0.05,0.0,40,2.9914881122112273,-6.336480169585257,-4.863625338342454
6113,do,0.05,0.0,70,4.21839432477951,-11.505596157998749,-9.044926675160726
6114,pp,0.05,0.0,31,4.719263107776641,-5.950168719436183,-4.625848448276519
6115,do,0.05,0.0,22,1.809919514656066,-7.883356448375817,-6.531268003251817
6116,pp,0.05,0.0,21,3.8726208341121673,-5.271971309546268,-4.453775421778361
6117,do,0.05,0.0,27,2.561567370891572,-5.161417202516035,-4.621132153934902
6118,pp,0.05,0.0,27,4.446109894514084,-5.919396375887322,-4.952183794975281
6119,do,0.05,0.0,9,0.8517501735687256,-4.57183931090615,-4.3533928367826675
6120,pp,0.05,0.0,24,1.8514653205871587,-5.825837902589278,-5.0520219246546425
6121,do,0.05,0.0,21,2.47531055688858,-6.02430217627323,-5.212186996142069
6122,pp,0.05,0.0,49,2.3682521438598627,-6.240958586606112,-5.10350759294298
6123,do,0.05,0.0,18,2.0295473885536195,-4.627713359485973,-4.573379919264052
6124,pp,0.05,0.0,44,0.30616375207901037,-7.7368877613183225,-6.477001004748875
6125,do,0.05,0.0,70,2.1150085687637326,-8.262984862472072,-7.806535466512044
6126,pp,0.05,0.0,43,3.9640896821022036,-6.1683750947316485,-4.936093393961588
6127,do,0.05,0.0,30,3.5953939199447627,-5.529369175072873,-5.52048167652554
6128,pp,0.05,0.0,20,2.3797443854808806,-5.056396558068015,-4.504886987474229
6129,do,0.05,0.0,34,1.3678651845455168,-7.8637689561554875,-7.4370648490058056
6130,pp,0.05,0.0,70,3.403658411502837,-8.721691897421172,-8.193158798747593
6131,do,0.05,0.0,51,2.7050858461856855,-7.616620471260765,-6.703552362653944
6132,pp,0.05,0.0,21,0.5537789916992182,-6.3019265521656385,-5.288331466250949
6133,do,0.05,0.0,10,0.6607520878314972,-5.5575997367049705,-4.547721995247735
6134,pp,0.05,0.0,20,2.20545861363411,-7.271780068946607,-5.966834240489536
6135,do,0.05,0.0,18,1.4795267772674556,-6.101171081716364,-5.591294338968065
6136,pp,0.05,0.0,23,1.3468007421493526,-5.69067023450678,-4.915375979741414
6137,do,0.05,0.0,60,1.336446690559387,-7.306322068879099,-5.828788651360406
6138,pp,0.05,0.0,70,-0.1994831633567813,-7.801176818211873,-6.512639366255867
6139,do,0.05,0.0,20,1.7409853911399837,-5.308329869761612,-5.066429026921591
6140,pp,0.05,0.0,22,1.8416457819938659,-6.13243265729962,-5.000093772676256
6141,do,0.05,0.0,38,3.107314404249191,-6.408502493482647,-5.655712880028618
6142,pp,0.05,0.0,45,1.7195642054080968,-7.181811662153764,-5.771438966857063
6143,do,0.05,0.0,5,0.560980405807495,-5.237343653765592,-4.633048253589206
6144,pp,0.05,0.0,67,1.1230876302719128,-9.124635631387884,-7.820758162604438
6145,do,0.05,0.0,12,2.1160019385814666,-6.0339961745522235,-5.1104961342281765
6146,pp,0.05,0.0,8,2.088797545433045,-4.835740450656775,-4.045020177629259
6147,do,0.05,0.0,17,1.3458921289443975,-5.407841855829412,-5.024795966678195
6148,pp,0.05,0.0,22,3.356398591995239,-4.15171514713403,-3.6875712090068395
6149,do,0.05,0.0,67,1.2585289502143864,-7.33636788743915,-6.191854725943672
6150,pp,0.05,0.0,30,3.798459836244584,-5.276240272232981,-4.338771589597067
6151,do,0.05,0.0,28,2.825575249195099,-4.663385633988814,-4.731242338816325
6152,pp,0.05,0.0,30,1.5681926143169393,-5.78529774203445,-4.864073692427741
6153,do,0.05,0.0,20,1.9056099283695227,-6.93733627723925,-6.027523695098029
6154,pp,0.05,0.0,18,3.172149723768235,-5.514478391589541,-4.129147358735403
6155,do,0.05,0.0,4,-0.04196635723114017,-6.04023647886334,-5.000964127646553
6156,pp,0.05,0.0,53,3.4965492522716533,-6.310046058712584,-5.57079341146681
6157,do,0.05,0.0,20,1.9489343070983889,-5.355090339256056,-4.626092494858636
6158,pp,0.05,0.0,10,1.9420648276805883,-4.531673338918975,-3.9320288035604687
6159,do,0.05,0.0,13,0.5996764433383941,-5.354445847597989,-4.740660203827752
6160,pp,0.05,0.0,38,2.7250288283824915,-5.188923954241203,-4.945485178629557
6161,do,0.05,0.0,10,0.5994975113868719,-6.698882377508915,-5.524744804700216
6162,pp,0.05,0.0,70,1.995860302448273,-8.628211811817053,-8.423276188638475
6163,do,0.05,0.0,9,0.023601590394974004,-7.034746551513672,-5.79545243051317
6164,pp,0.05,0.0,10,0.6059099674224857,-4.994614197991111,-4.292659862836202
6165,do,0.05,0.0,11,0.8982160353660582,-6.6403439377293445,-5.698381808069017
6166,pp,0.05,0.0,8,1.4565293157100676,-4.751202902649388,-4.041097492641873
6167,do,0.05,0.0,17,1.6996342802047728,-4.737975289604881,-5.54851987361908
6168,pp,0.05,0.0,23,2.6451054155826563,-4.576840033675685,-3.8385389844576516
6169,do,0.05,0.0,21,3.2749970924854273,-5.026701548605255,-4.613369003931681
6170,pp,0.05,0.0,41,4.434102365970612,-5.301377280553182,-4.6754609889454315
6171,do,0.05,0.0,19,3.0721143805980677,-4.980375102072051,-5.0928305361006
6172,pp,0.05,0.0,21,2.679024716615676,-4.631266589598222,-4.136158319314321
6173,do,0.05,0.0,19,1.4735822606086728,-5.010031142379298,-4.934521436691284
6174,pp,0.05,0.0,29,3.4508107042312623,-5.5863982229521785,-5.050205988354153
6175,do,0.05,0.0,4,0.09941425800323511,-5.1025604537039095,-4.374328260951572
6176,pp,0.05,0.0,11,1.3573437976837157,-4.548901716868083,-3.9574820743666757
6177,do,0.05,0.0,70,0.6427317786216751,-7.620616256829464,-6.697221620877584
6178,pp,0.05,0.0,14,0.375945833921433,-5.347093011393691,-4.326245760917663
6179,do,0.05,0.0,13,1.942647593021393,-5.9056600599577935,-5.038419143358866
6180,pp,0.05,0.0,13,2.486163538694382,-5.306013945377234,-4.167780423164368
6181,do,0.05,0.0,6,0.43923952579498327,-5.504532841480139,-4.530561677614847
6182,pp,0.05,0.0,8,2.046433001756668,-5.405617806405732,-4.219488819440206
6183,do,0.05,0.0,21,1.321488913297654,-6.156711227243597,-5.379001386960348
6184,pp,0.05,0.0,11,1.9732702124118804,-5.577863347891605,-4.790564343664381
6185,do,0.05,0.0,59,2.077409311532974,-7.541923894304218,-6.795152550273471
6186,pp,0.05,0.0,35,2.1615036630630486,-6.128810649929624,-5.070831767717997
6187,do,0.05,0.0,9,0.6604352939128875,-5.588869203220714,-4.7512190606859
6188,pp,0.05,0.0,12,1.7786928319931032,-4.834330694603198,-4.148893480830722
6189,do,0.05,0.0,27,2.2125936210155484,-6.7466343836350875,-6.138281647364298
6190,pp,0.05,0.0,70,2.506634112596511,-6.235836758758083,-5.68250048160553
6191,do,0.05,0.0,32,3.538106081485748,-6.169141374934803,-5.703511646058824
6192,pp,0.05,0.0,67,3.788585197925567,-6.286438166011464,-5.896334277258979
6193,do,0.05,0.0,62,1.6947949421405788,-7.033717893831658,-6.654711850484213
6194,pp,0.05,0.0,70,2.2648950135707855,-6.090469629114325,-5.261299755838182
6195,do,0.05,0.0,33,-0.10513657331466675,-7.951721772280607,-7.882748156123691
6196,pp,0.05,0.0,42,1.7113127017021181,-7.444670323169593,-6.379208872053359
6197,do,0.05,0.0,22,2.250236836671829,-5.85409630428661,-5.502893461121453
6198,pp,0.05,0.0,43,4.779863305091857,-3.987743192730528,-3.555920006169213
6199,do,0.05,0.0,28,3.204487870931626,-5.857533317623717,-5.9398594405916
6200,pp,0.05,0.0,29,3.8388156604766834,-4.878328817540949,-4.015755791134304
6201,do,0.05,0.0,31,1.8261171817779536,-6.291103378931681,-6.4459502485063345
6202,pp,0.05,0.0,40,1.6442670857906343,-5.309867330030961,-4.374631143940819
6203,do,0.05,0.0,10,0.5779748356342322,-6.685975709105983,-5.265977146890428
6204,pp,0.05,0.0,15,2.3597904133796694,-4.654938601002549,-3.7019859088791742
6205,do,0.05,0.0,9,0.5640181350708007,-5.937200755784006,-5.01720359855228
6206,pp,0.05,0.0,32,2.1731303858757016,-5.292514932516849,-4.6723999871148
6207,do,0.05,0.0,13,0.06790625333785982,-7.013177471449881,-7.399623388714261
6208,pp,0.05,0.0,52,3.3025302433967596,-5.206122983585704,-4.601870714293586
6209,do,0.05,0.0,67,4.103257496356965,-7.521406951095119,-7.095749542448256
6210,pp,0.05,0.0,32,4.191450414657593,-4.939483539985888,-4.201988740762075
6211,do,0.05,0.0,17,0.9380654776096344,-5.550753314567335,-5.139012177785237
6212,pp,0.05,0.0,17,1.5729674589633946,-5.947402114579172,-4.964658461676704
6213,do,0.05,0.0,18,0.8994350886344913,-5.749105952002785,-5.373519701427884
6214,pp,0.05,0.0,12,0.25663152456283544,-4.970431717959317,-4.5649840884738495
6215,do,0.05,0.0,30,2.676962106227874,-5.9961114334337635,-5.457074165344238
6216,pp,0.05,0.0,16,2.566682271957398,-4.346307253115105,-3.6112451566590202
6217,do,0.05,0.0,11,0.9975999569892879,-5.966344431674842,-5.424732300970289
6218,pp,0.05,0.0,21,3.0336416804790503,-7.509870397683346,-5.964533310466343
6219,do,0.05,0.0,6,0.19417608141899123,-5.49555033047994,-4.796036993132697
6220,pp,0.05,0.0,7,0.09511715292930667,-5.147172111453432,-4.273693460888333
6221,do,0.05,0.0,14,0.8285943746566771,-6.169764670458707,-5.8178747600979275
6222,pp,0.05,0.0,18,2.242087979316711,-7.38521934856068,-6.082320671611362
6223,do,0.05,0.0,19,2.722312755584717,-5.2204425132635865,-4.628907910982767
6224,pp,0.05,0.0,15,0.9273023927211757,-4.535301036545724,-3.981222046746148
6225,do,0.05,0.0,22,1.1021135890483853,-5.906803554477114,-6.235773475964864
6226,pp,0.05,0.0,23,2.6575497782230384,-5.1639789292306615,-4.4157684352662825
6227,do,0.05,0.0,17,1.0464174211025234,-6.241717907876679,-6.051361807187399
6228,pp,0.05,0.0,32,2.769492011070251,-5.747059054808183,-5.027741818957859
6229,do,0.05,0.0,14,1.7080927658081055,-5.618563977154818,-4.92773224512736
6230,pp,0.05,0.0,64,5.828461244106293,-6.011900862780484,-5.265560539563497
6231,do,0.05,0.0,42,1.7638269948959362,-6.254287453853723,-5.767434199651082
6232,pp,0.05,0.0,26,3.2747054147720336,-4.5426211154822145,-4.131664192676544
6233,do,0.05,0.0,45,1.355362352132797,-7.864800369378292,-8.21719839307997
6234,pp,0.05,0.0,25,2.684325338602066,-5.128525273005168,-4.31093016995324
6235,do,0.05,0.0,12,1.3343310451507566,-5.584285858905677,-4.913935531510247
6236,pp,0.05,0.0,25,1.2562396812438967,-5.11854972261371,-4.633157748646206
6237,do,0.05,0.0,16,1.6400454533100124,-8.674655798709754,-6.779853510856628
6238,pp,0.05,0.0,32,3.136423251628875,-6.179329041278724,-5.150927125083076
6239,do,0.05,0.0,13,0.02066247940063537,-5.606247344161525,-4.853316707081265
6240,pp,0.05,0.0,29,2.1502336800098414,-5.486245333064686,-4.637097811698913
6241,do,0.05,0.0,70,-0.19128459930419872,-9.608586016568271,-7.983536423577203
6242,pp,0.05,0.0,24,3.9091766262054444,-4.601016197782574,-3.8994216481844584
6243,do,0.05,0.0,26,2.457716978788376,-6.669670850580389,-7.2697734143998884
6244,pp,0.05,0.0,14,1.626608282327652,-5.887867206515688,-4.919425084855821
6245,do,0.05,0.0,19,1.5804662668704985,-5.541273913238988,-5.249090311262343
6246,pp,0.05,0.0,21,3.1672446572780606,-4.994083793235547,-4.423489937517378
6247,do,0.05,0.0,3,-0.7687066769599911,-6.5424856821695965,-5.8193876107533775
6248,pp,0.05,0.0,63,3.332355750799179,-6.36384600870537,-5.312744763162401
6249,do,0.05,0.0,15,1.0515150380134584,-5.711909379381122,-5.007849298583137
6250,pp,0.05,0.0,20,1.3327442765235897,-4.764319961721247,-4.160014459821913
6251,do,0.05,0.0,8,-0.10757642030715964,-6.012139804435499,-5.02451393339369
6252,pp,0.05,0.0,19,1.4435965108871454,-5.743601989746094,-4.83576611412896
6253,do,0.05,0.0,15,0.9845305132865914,-7.239855098724365,-7.0151117430792915
6254,pp,0.05,0.0,11,1.0113655066490175,-6.023542707616633,-5.073466444015503
6255,do,0.05,0.0,16,0.935411764383316,-5.998464494762999,-5.4322536256578235
6256,pp,0.05,0.0,21,2.3843512356281273,-4.919702389746002,-4.28235405948427
6257,do,0.05,0.0,14,2.059509373903275,-6.110856918855147,-5.001964423391554
6258,pp,0.05,0.0,33,3.804535135030746,-6.9857904954390095,-5.705841904216342
6259,do,0.05,0.0,70,3.4283019459247583,-8.360101796641494,-7.794949515660604
6260,pp,0.05,0.0,49,2.302274041175842,-6.151178391774495,-5.243597737948099
6261,do,0.05,0.0,12,0.8425909662246704,-6.166808005535241,-5.34031945069631
6262,pp,0.05,0.0,69,2.97578178524971,-6.149552911700624,-5.592213365766737
6263,do,0.05,0.0,14,1.1177270257472989,-6.346483334628019,-6.057128564516703
6264,pp,0.05,0.0,67,4.099047846794129,-6.303080908457438,-5.456019589636061
6265,do,0.05,0.0,4,0.16359091281890858,-5.67311563202829,-4.943477715386285
6266,pp,0.05,0.0,37,1.1748621857166288,-6.0056471145514285,-5.0613013320499
6267,do,0.05,0.0,12,-0.25991487383842493,-5.905536193558664,-4.92346339225769
6268,pp,0.05,0.0,15,0.6451424598693842,-5.935559261206425,-4.960597316424052
6269,do,0.05,0.0,12,-0.1014733088016504,-6.29735176635511,-5.336894750595093
6270,pp,0.05,0.0,14,2.3119569766521444,-4.75557211673621,-4.157607906394535
6271,do,0.05,0.0,26,-0.02386059403419516,-7.587647727041533,-6.460754561424255
6272,pp,0.05,0.0,23,2.3050968420505527,-5.519894714066477,-4.667084942923652
6273,do,0.05,0.0,15,0.7470034444332123,-6.667455151586822,-6.346697277492947
6274,pp,0.05,0.0,41,5.517178758382797,-4.887357677112926,-4.058340729607476
6275,do,0.05,0.0,66,0.7043140590190884,-10.00437452287385,-8.488592306772867
6276,pp,0.05,0.0,36,4.397214915752411,-5.742678588809389,-4.632504550615947
6277,do,0.05,0.0,8,-0.22374326348304763,-6.171960322062175,-5.135123549567329
6278,pp,0.05,0.0,15,1.4244454813003546,-5.215952910798968,-4.199849634700351
6279,do,0.05,0.0,25,3.8731097090244297,-6.333295933405558,-6.341131231519911
6280,pp,0.05,0.0,28,5.169033826589585,-4.875733602408207,-4.456143263975779
6281,do,0.05,0.0,32,1.7795385980606078,-6.4222045652794115,-5.9939659913380945
6282,pp,0.05,0.0,65,3.3296933841705316,-5.897122219837073,-4.629140128029717
6283,do,0.05,0.0,32,1.608803995847703,-6.5942106796033455,-5.789522263738844
6284,pp,0.05,0.0,9,1.0889360034465785,-5.646594654430043,-4.680037678612603
6285,do,0.05,0.0,4,-0.46135138154029853,-6.336356079217159,-5.255668875906203
6286,pp,0.05,0.0,65,1.0643647980690005,-10.559775939132228,-8.761792389551799
6287,do,0.05,0.0,13,1.5778653001785283,-6.416872190706657,-5.433387766944038
6288,pp,0.05,0.0,70,2.772655663490294,-9.2260228359338,-6.854395095507304
6289,do,0.05,0.0,16,2.1918006289005287,-5.329330737663038,-4.67582565413581
6290,pp,0.05,0.0,18,2.6846234452724467,-5.048340967929724,-4.30149782233768
6291,do,0.05,0.0,6,0.8714632928371424,-5.910346266717622,-5.496757719251844
6292,pp,0.05,0.0,17,3.2490526771545403,-5.152502058491562,-4.4024450884925
6293,do,0.05,0.0,17,0.5957274663448331,-5.897434933980306,-4.881665523846944
6294,pp,0.05,0.0,19,2.439372578859329,-5.057636734933564,-4.309033711751302
6295,do,0.05,0.0,39,0.8725457906723024,-7.815815911148533,-6.55687509642707
6296,pp,0.05,0.0,27,1.8445300590991964,-6.421365216284087,-5.4069221231672495
6297,do,0.05,0.0,7,-0.24024708747863688,-7.0089599508227725,-6.19471713701884
6298,pp,0.05,0.0,27,2.7145957112312322,-5.943140905553644,-5.079532848464118
6299,do,0.05,0.0,16,2.0947166216373434,-5.810078184532396,-4.924517030186124
6300,pp,0.05,0.0,70,4.641153308153152,-7.474095928307736,-5.879852996932136
6301,do,0.05,0.0,29,2.0178764081001273,-7.494837755145449,-6.578431224822998
6302,pp,0.05,0.0,33,2.4110093021392824,-4.961083487308387,-4.206754922866821
6303,do,0.05,0.0,17,3.084355561733246,-6.45793741977576,-5.9644614087210766
6304,pp,0.05,0.0,35,5.429157440662384,-6.196468077283917,-5.077571802669102
6305,do,0.05,0.0,14,1.287712177038192,-5.814400181625828,-4.8990529749128555
6306,pp,0.05,0.0,28,1.2937994110584254,-7.031103492505623,-5.652893000178867
6307,do,0.05,0.0,13,0.987674417495727,-5.796144911737153,-5.090002597702874
6308,pp,0.05,0.0,29,3.8410669028759,-4.932234865246397,-4.372495444615682
6309,do,0.05,0.0,51,0.5291207981109611,-9.915467668302131,-10.501532374487983
6310,pp,0.05,0.0,70,1.953518900871277,-9.678018142237807,-8.304881567425198
6311,do,0.05,0.0,20,3.3146092617511744,-6.1198882001819035,-5.569993530379401
6312,pp,0.05,0.0,22,3.313789119720459,-5.620934382351962,-4.90753243499332
6313,do,0.05,0.0,29,2.473748394250869,-5.563550713568023,-5.099584465556674
6314,pp,0.05,0.0,55,2.1903897893428796,-6.321303978833285,-5.2114376174079045
6315,do,0.05,0.0,18,2.1284753072261804,-6.054019036437526,-5.2611866580115425
6316,pp,0.05,0.0,17,1.5120667517185211,-5.315827271432587,-4.722189818488227
6317,do,0.05,0.0,32,3.0415897536277763,-6.312446225773204,-6.433209575547112
6318,pp,0.05,0.0,40,4.945935455560685,-4.33983937032295,-4.37576682832506
6319,do,0.05,0.0,21,3.5086249172687527,-7.093057759602865,-6.686784545580546
6320,pp,0.05,0.0,18,2.445926795005798,-5.513112334049109,-4.621166268984477
6321,do,0.05,0.0,24,2.553745001554489,-4.783107131900209,-4.637876802020603
6322,pp,0.05,0.0,70,3.966301927566528,-6.1190894661527695,-5.082060307926602
6323,do,0.05,0.0,70,1.3412875342369084,-9.485947520805128,-8.314284687572055
6324,pp,0.05,0.0,18,2.382182906866073,-4.775667602365667,-4.052319520049625
6325,do,0.05,0.0,15,2.917564878463746,-5.393722538514571,-4.912581377559238
6326,pp,0.05,0.0,19,3.187608515024184,-4.824602609692198,-3.9866644077830844
6327,do,0.05,0.0,70,3.024889197349548,-8.929892661354758,-7.6930159383349945
6328,pp,0.05,0.0,22,3.0418880081176756,-4.97754633065426,-4.1440214130613535
6329,do,0.05,0.0,44,2.604955588579177,-6.4690936319755785,-5.705393015013801
6330,pp,0.05,0.0,58,2.87699537396431,-5.875964908888846,-4.901039610968696
6331,do,0.05,0.0,11,0.8633847701549522,-6.653974362575647,-6.041943915685018
6332,pp,0.05,0.0,38,1.118486860990525,-6.626494101322058,-6.191727614402771
6333,do,0.05,0.0,7,0.46170910120010333,-4.955952784509369,-4.422361813651191
6334,pp,0.05,0.0,70,3.0119320094585422,-6.407778926329179,-5.2783622013198
6335,do,0.05,0.0,21,2.3452007412910465,-5.809941845229178,-5.465896134906345
6336,pp,0.05,0.0,17,2.0747798836231235,-5.099595107454242,-4.388737882508172
6337,do,0.05,0.0,24,3.3870138418674465,-6.962529523444898,-6.408158368534512
6338,pp,0.05,0.0,41,2.631983278989793,-7.308730631163626,-6.04772510793474
6339,do,0.05,0.0,63,1.525140013694763,-7.2620985421267426,-6.519681220584445
6340,pp,0.05,0.0,70,1.3357056021690354,-8.595384248097737,-7.514164527257283
6341,do,0.05,0.0,14,2.103048113584519,-5.872066769455419,-5.188255680931939
6342,pp,0.05,0.0,12,2.1650248944759367,-5.233764252518163,-4.129056233829922
6343,do,0.05,0.0,21,1.3676764023303987,-5.472131474812826,-5.303962747255961
6344,pp,0.05,0.0,66,3.192534385919572,-6.210277764002482,-5.088546905252668
6345,do,0.05,0.0,68,2.7797950446605677,-7.462909621903391,-6.03961215019226
6346,pp,0.05,0.0,56,2.8182448089122767,-7.276271873531919,-5.831064038806492
6347,do,0.05,0.0,18,2.280075539350509,-5.958635740569144,-5.419530714882745
6348,pp,0.05,0.0,26,1.9963843858242027,-5.625539428537542,-4.473675084114075
6349,do,0.05,0.0,17,2.9487393832206727,-6.167443201758645,-5.6764311710993445
6350,pp,0.05,0.0,10,1.4989339923858642,-4.719086986599547,-3.723885843488905
6351,do,0.05,0.0,10,0.8356629502773281,-5.188843595620358,-4.930472228262159
6352,pp,0.05,0.0,20,0.9702436244487762,-4.7016733126206836,-4.177667269441817
6353,do,0.05,0.0,28,1.1785029363632207,-5.607152232256802,-5.15773872534434
6354,pp,0.05,0.0,25,2.0354815530776973,-6.961825363563769,-5.7522305038240225
6355,do,0.05,0.0,8,1.3268580532073972,-5.094330135981242,-4.6626036167144775
6356,pp,0.05,0.0,20,1.112163462638855,-5.011441066048362,-4.209595155715943
6357,do,0.05,0.0,9,1.3527308464050298,-4.9002330375440195,-4.5890325599246555
6358,pp,0.05,0.0,11,1.4140163600444788,-4.706606402541652,-3.963491532537672
6359,do,0.05,0.0,25,2.8124005758762367,-5.837808321461533,-5.247072580125597
6360,pp,0.05,0.0,70,2.6156074821949016,-5.947770568096277,-5.107718012068006
6361,do,0.05,0.0,55,3.923144507408143,-7.284782682765614,-6.264078137609694
6362,pp,0.05,0.0,14,2.326988435983658,-4.82510863795425,-3.913592522674137
6363,do,0.05,0.0,41,3.4803963160514835,-6.777096283074581,-6.0482214397854275
6364,pp,0.05,0.0,14,1.365039846897126,-4.744021187406598,-4.030670564704471
6365,do,0.05,0.0,13,2.200784994363784,-5.982173389377016,-5.671447213490804
6366,pp,0.05,0.0,11,1.2532338702678674,-4.669669278462728,-4.093904281987085
6367,do,0.05,0.0,55,3.503245482444764,-7.3219448060700385,-6.515507615937127
6368,pp,0.05,0.0,23,2.5003368759155276,-5.853002884893707,-4.8835551208919945
6369,do,0.05,0.0,70,2.9243547666072853,-8.899214958422112,-8.154374636544121
6370,pp,0.05,0.0,70,2.8836378586292266,-8.060426256873392,-6.703520234425863
6371,do,0.05,0.0,45,1.71336177945137,-6.93868975350351,-6.857731768820021
6372,pp,0.05,0.0,30,2.291689630746842,-5.6307152805906355,-4.929155540466309
6373,do,0.05,0.0,10,0.6746648740768428,-5.3453932502053,-4.929381118880378
6374,pp,0.05,0.0,10,1.3681608104705818,-4.450757018002597,-3.8148913886812
6375,do,0.05,0.0,10,0.3301725840568537,-7.377423718481353,-6.35045858224233
6376,pp,0.05,0.0,51,2.5542229104042047,-4.966786605661565,-4.387139913770888
6377,do,0.05,0.0,19,2.9899598574638375,-5.252647516944192,-4.77465807861752
6378,pp,0.05,0.0,21,2.137572671175003,-4.861967153260202,-3.9386992745929295
6379,do,0.05,0.0,14,1.9575810277462002,-4.932373211600564,-4.509449699189928
6380,pp,0.05,0.0,32,3.033788753747939,-5.795083206350153,-5.192365948359171
6381,do,0.05,0.0,15,1.4823288738727571,-5.277317050009063,-4.763778252071805
6382,pp,0.05,0.0,14,0.7460050702095025,-5.0376384966301195,-4.253705921438005
6383,do,0.05,0.0,11,1.5766831004619597,-6.570137008031209,-5.761041227976481
6384,pp,0.05,0.0,16,0.4260108995437628,-7.277779959187363,-5.904466732343038
6385,do,0.05,0.0,13,1.147578434944153,-7.710932815436161,-6.557676349745856
6386,pp,0.05,0.0,15,1.767532874345779,-5.629754488395922,-4.767057543330722
6387,do,0.05,0.0,25,5.160455708503724,-5.96547989989772,-5.710640727149116
6388,pp,0.05,0.0,11,2.263558433055877,-5.23636800737092,-4.336873971091377
6389,do,0.05,0.0,20,2.9315210390090947,-6.004222122828166,-5.385124360190497
6390,pp,0.05,0.0,10,0.5967301237583156,-4.524862772045713,-3.9413608074188233
6391,do,0.05,0.0,57,2.1898025178909295,-6.969579706770001,-6.235354908307394
6392,pp,0.05,0.0,12,1.0716522049903867,-5.059442445003625,-4.327267482545641
6393,do,0.05,0.0,38,3.939153802394867,-5.486710675557455,-5.135135833422343
6394,pp,0.05,0.0,61,4.024393991231918,-5.492245350462017,-4.84721790684594
6395,do,0.05,0.0,67,2.5021373522281642,-6.523262104843602,-5.505675699975756
6396,pp,0.05,0.0,10,1.9105487656593318,-4.522005464091445,-3.8911257916026645
6397,do,0.05,0.0,48,2.283045945167542,-7.181979763146603,-7.021922318140666
6398,pp,0.05,0.0,15,2.3961904585361484,-5.067959638075395,-3.8424121578534445
6399,do,0.05,0.0,20,1.931359974145889,-6.195002889633178,-5.541609128316243
6400,pp,0.05,0.0,14,2.0104346108436584,-4.915856764533303,-4.0742672668563
6401,do,0.05,0.0,53,2.725146869421006,-5.916011609453143,-5.638811993598938
6402,pp,0.05,0.0,17,0.8561470401287075,-5.290661047444199,-4.477748669518364
6403,do,0.05,0.0,12,0.2812052154541016,-6.23125842556809,-5.581569279564752
6404,pp,0.05,0.0,58,1.9737423336505886,-7.597547389521743,-6.096535240279303
6405,do,0.05,0.0,21,0.8074190843105322,-7.2127563866702,-6.433349227905273
6406,pp,0.05,0.0,26,3.245485377311706,-5.080278613350608,-4.623074534204271
6407,do,0.05,0.0,70,1.0198079955577857,-7.5678914344672,-6.846136132876079
6408,pp,0.05,0.0,26,3.5393007302284234,-4.9876658526333895,-4.136125274499258
6409,do,0.05,0.0,18,2.439333590269089,-5.469943324002353,-4.886442812283834
6410,pp,0.05,0.0,15,1.9734166610240935,-5.557188213232791,-4.452140047815111
6411,do,0.05,0.0,14,1.9357124865055084,-5.495274646354444,-5.000845538245307
6412,pp,0.05,0.0,10,1.4384087634086606,-4.904932217164473,-3.9852217700746326
6413,do,0.05,0.0,15,2.872627404928207,-5.92672820669232,-5.380793444315592
6414,pp,0.05,0.0,29,3.8276539337635036,-6.310908761168971,-5.608907667795817
6415,do,0.05,0.0,52,2.8377115821838395,-9.165649139519894,-7.670625082651774
6416,pp,0.05,0.0,20,2.9686513233184817,-5.025444553837632,-4.283702075481415
6417,do,0.05,0.0,33,2.0594790065288535,-7.594291611873742,-6.696790239546034
6418,pp,0.05,0.0,24,3.1305020976066595,-4.8299107493776265,-4.027578593624963
6419,do,0.05,0.0,9,0.6739029657840732,-5.353711457685991,-5.609861538145277
6420,pp,0.05,0.0,16,1.8175883102416996,-4.651706805373683,-4.269935186704
6421,do,0.05,0.0,63,-0.3223727715015414,-9.310478603478634,-8.31301154560513
6422,pp,0.05,0.0,70,1.1138540506362915,-8.477611653010051,-7.169048107994927
6423,do,0.05,0.0,43,1.7384077978134158,-10.065876999768344,-8.807450570000542
6424,pp,0.05,0.0,26,1.5267028462886811,-7.566821615623705,-6.195735692977905
6425,do,0.05,0.0,10,1.2562621676921841,-4.687511636271621,-4.3775577611393395
6426,pp,0.05,0.0,63,2.7922534167766573,-5.7239970004919805,-4.874065942234463
6427,do,0.05,0.0,6,0.9351186668872833,-5.101403648203069,-4.374231910705566
6428,pp,0.05,0.0,6,0.26079643487930326,-5.7304470018907026,-4.745735632048713
6429,do,0.05,0.0,17,0.8207283341884617,-5.401459803725734,-4.937249586317274
6430,pp,0.05,0.0,70,2.783884690999985,-6.227166394031409,-5.4153893974092275
6431,do,0.05,0.0,33,1.4739735674858103,-6.96019556016633,-6.854026206334432
6432,pp,0.05,0.0,27,2.2558724236488343,-4.892512341701623,-4.147122997707791
6433,do,0.05,0.0,29,3.4540473937988283,-6.043068531787757,-5.595705946286519
6434,pp,0.05,0.0,27,3.7370460247993478,-4.991685849970037,-4.226995552910699
6435,do,0.05,0.0,14,2.0399629354476936,-5.867442499507558,-5.093295290735033
6436,pp,0.05,0.0,6,0.2190287244319915,-4.948268464117339,-4.210539648267958
6437,do,0.05,0.0,46,0.8362737202644341,-8.371154490384189,-7.533110830518934
6438,pp,0.05,0.0,30,1.4476094138622289,-6.8119387236508455,-5.343181379636129
6439,do,0.05,0.0,8,0.2810965275764472,-5.722829473379886,-5.3099022838804455
6440,pp,0.05,0.0,20,1.0524829959869386,-5.70659041260228,-4.9189663569132485
6441,do,0.05,0.0,22,2.1555032861232757,-5.603970617236513,-5.377177219920688
6442,pp,0.05,0.0,59,4.117836337089539,-7.041028427355217,-6.1480403979619345
6443,do,0.05,0.0,27,2.011350648403168,-6.059874927636349,-4.973979788356357
6444,pp,0.05,0.0,70,1.6073378503322608,-9.99993975090258,-8.101111976305644
6445,do,0.05,0.0,26,1.028566877841949,-6.327126021818681,-5.7758685059017605
6446,pp,0.05,0.0,12,1.3963879895210267,-5.0447411089232475,-4.336994443999396
6447,do,0.05,0.0,33,3.9297505402564994,-5.978750543883352,-5.4439545578426785
6448,pp,0.05,0.0,26,3.4587859606742857,-4.311894164663372,-3.7816232124964397
6449,do,0.05,0.0,6,0.7092961120605468,-5.053577475114302,-4.394142206509908
6450,pp,0.05,0.0,43,2.6379799365997325,-6.623337015961155,-5.486994955274794
6451,do,0.05,0.0,17,3.372865267992019,-5.443479459935968,-5.379431668917338
6452,pp,0.05,0.0,50,4.476273697614669,-6.484891327944669,-5.884093303150601
6453,do,0.05,0.0,5,0.9323704290390014,-5.068161980311076,-4.461474826600816
6454,pp,0.05,0.0,16,2.858310251235962,-4.961307466391361,-4.028750720289018
6455,do,0.05,0.0,7,0.9795596051216124,-5.469852493748521,-5.186005957921346
6456,pp,0.05,0.0,70,3.5194110536575325,-6.353810597911026,-5.2420290602578055
6457,do,0.05,0.0,3,-0.31092786908149783,-5.465822880195849,-4.858186560206943
6458,pp,0.05,0.0,70,1.1838903319835659,-6.431270508332686,-5.4501384973526
6459,do,0.05,0.0,22,1.946679050922394,-5.57682534420129,-5.119539146953159
6460,pp,0.05,0.0,20,0.8242022204399113,-5.244736662777988,-4.284356768925985
6461,do,0.05,0.0,66,3.0118945157527914,-8.313030478448578,-7.213473346498278
6462,pp,0.05,0.0,17,1.6416090822219847,-8.325589161208182,-6.8338906473583645
6463,do,0.05,0.0,19,2.6916423749923704,-4.811555674581816,-4.8046121332380505
6464,pp,0.05,0.0,16,3.2544709217548373,-6.47555584040555,-5.401276797718472
6465,do,0.05,0.0,70,2.5126736164093018,-8.375827790751602,-7.977357032563951
6466,pp,0.05,0.0,22,3.2590613877773293,-5.891109728090691,-4.93296299510532
6467,do,0.05,0.0,8,0.6230376243591307,-4.921956078211466,-4.571114073859321
6468,pp,0.05,0.0,21,0.6168939876556401,-5.272159720912124,-4.299008728398217
6469,do,0.05,0.0,16,1.7065726256370546,-4.777920811104052,-4.435717627737257
6470,pp,0.05,0.0,15,1.8122359490394588,-4.9865915674151795,-4.333067687352498
6471,do,0.05,0.0,9,0.5625256145000455,-5.382625594283596,-4.882966947555542
6472,pp,0.05,0.0,18,1.8774219012260431,-5.384086101705377,-4.543149291144477
6473,do,0.05,0.0,61,2.1849066650867464,-8.11569046829686,-6.092552950647142
6474,pp,0.05,0.0,48,2.9693769705295567,-5.32429622592348,-4.408043895827399
6475,do,0.05,0.0,21,2.96336200594902,-4.8965993996822474,-4.461281445291307
6476,pp,0.05,0.0,17,2.143925164937973,-5.518126139496312,-4.551638714472452
6477,do,0.05,0.0,9,1.341010533571244,-5.799809256466952,-5.330118166075812
6478,pp,0.05,0.0,11,1.3232372188568116,-5.952890341209643,-5.081242195765177
6479,do,0.05,0.0,26,1.867936760187149,-6.1864800669930196,-5.4426725652482775
6480,pp,0.05,0.0,16,1.8784666204452511,-5.031936748100049,-4.148734837108188
6481,do,0.05,0.0,47,2.491707339286804,-6.279816449772228,-5.835112492243449
6482,pp,0.05,0.0,70,1.8732043266296383,-7.623799175204653,-6.212225389480591
6483,do,0.05,0.0,18,2.708153135776519,-5.344368294513587,-5.158012975586785
6484,pp,0.05,0.0,69,3.3478341293334957,-8.08141989996939,-6.761493277549744
6485,do,0.05,0.0,32,3.0717193245887753,-5.755010057218147,-5.6406909571753605
6486,pp,0.05,0.0,30,2.4715817463397984,-5.156192564241814,-4.445655165778266
6487,do,0.05,0.0,30,2.2939643752574925,-5.916489281798854,-5.665245866775512
6488,pp,0.05,0.0,67,2.817648541927337,-7.398636874285612,-6.245541466606988
6489,do,0.05,0.0,20,3.1132457613945013,-4.937203608137189,-4.677324173185561
6490,pp,0.05,0.0,27,3.940911123752594,-5.356808593056419,-4.743298840522766
6491,do,0.05,0.0,19,2.6710055196285243,-5.142720125660752,-4.497889317406548
6492,pp,0.05,0.0,37,3.711640539169311,-6.571777775793365,-5.218858814239502
6493,do,0.05,0.0,17,0.749874534606934,-5.479538674788041,-5.232288932800293
6494,pp,0.05,0.0,48,1.2276661324501035,-8.138109270731608,-7.452299292882284
6495,do,0.05,0.0,13,2.4499868750572213,-5.886780324126735,-5.116309131516351
6496,pp,0.05,0.0,24,2.612374494075774,-5.657701227881692,-4.643595348464118
6497,do,0.05,0.0,43,3.0443755555152903,-4.679512455969146,-4.377539188332028
6498,pp,0.05,0.0,27,2.973751388788223,-4.841376834927183,-3.9748879816797045
6499,do,0.05,0.0,28,2.42843181848526,-4.019925159396547,-4.0200509958797035
6500,pp,0.05,0.0,16,2.88892465353012,-4.746017435825232,-4.005661216047075
6501,do,0.05,0.0,22,2.5300672352313995,-3.989088105432915,-3.6589757959047953
6502,pp,0.05,0.0,21,1.155284056663513,-5.244719233657374,-4.483612410227457
6503,do,0.05,0.0,18,1.9966554832458492,-4.403543489629572,-4.358855206436581
6504,pp,0.05,0.0,63,3.111901823282242,-5.5049698453961,-4.70056364801195
6505,do,0.05,0.0,22,4.372494279146194,-4.6251237154006954,-4.193376949098375
6506,pp,0.05,0.0,38,4.309271974563599,-4.375312836242444,-3.7853573679924013
6507,do,0.05,0.0,10,1.025925425291061,-5.654467884699503,-5.228818458980984
6508,pp,0.05,0.0,40,2.445027309656143,-6.763745287692908,-5.495623291863335
6509,do,0.05,0.0,24,1.3432245874404911,-5.252596648534139,-4.92496431933509
6510,pp,0.05,0.0,36,3.219876363277435,-4.76079676657012,-4.298069029384189
6511,do,0.05,0.0,15,2.2507428574562063,-4.599117151896158,-4.4095344596438935
6512,pp,0.05,0.0,34,2.9663796126842508,-6.016623404531768,-4.406921625137329
6513,do,0.05,0.0,17,2.7711150503158564,-5.958118388147065,-5.965826267666287
6514,pp,0.05,0.0,20,2.1808408415317535,-4.473597093061968,-4.232400604089102
6515,do,0.05,0.0,12,1.2878565192222595,-4.968357642491658,-5.022295594215393
6516,pp,0.05,0.0,70,3.364138734340669,-5.997725995381673,-5.049516850047642
6517,do,0.05,0.0,22,2.392179951667785,-4.757759521946762,-4.040585210588243
6518,pp,0.05,0.0,14,1.1519707036018376,-7.728143845182476,-5.436609615219964
6519,do,0.05,0.0,22,2.740454487800598,-6.531321662845033,-6.265032728513082
6520,pp,0.05,0.0,29,3.9397501707077023,-5.393311103185018,-4.781905105378892
6521,do,0.05,0.0,9,0.8508276987075805,-4.4244724461526586,-4.817140311665005
6522,pp,0.05,0.0,13,1.563567702770233,-4.870258436780987,-4.108368480205536
6523,do,0.05,0.0,64,2.2465530586242677,-4.265222145571853,-3.9317722691429986
6524,pp,0.05,0.0,24,2.1832994395494465,-4.353643043113477,-3.7492056687672934
6525,do,0.05,0.0,18,1.233335793018341,-5.64803460150054,-5.220147146119012
6526,pp,0.05,0.0,27,2.3123904347419746,-5.005650806427002,-4.520843068758647
6527,do,0.05,0.0,23,1.8194542574882506,-4.563003103660814,-4.0162419663535225
6528,pp,0.05,0.0,21,2.3916733288764958,-4.611016744555849,-3.9557523952590095
6529,do,0.05,0.0,26,2.142155647277832,-4.637924851793231,-4.268070950773027
6530,pp,0.05,0.0,20,2.3633758330345156,-4.6047881068605365,-3.8359988503985933
6531,do,0.05,0.0,17,2.579356490373611,-6.12646125013178,-5.539706587791443
6532,pp,0.05,0.0,62,1.9548050594329833,-10.71642702998537,-9.342271841896904
6533,do,0.05,0.0,32,3.0434373009204867,-5.113000060572769,-4.877814544571771
6534,pp,0.05,0.0,55,3.197312206029892,-5.1139047983920936,-4.367047749625312
6535,do,0.05,0.0,20,3.5542223703861238,-5.068847565217451,-4.790838544898563
6536,pp,0.05,0.0,70,5.810749685764312,-5.0620928186358825,-4.376282649570041
6537,do,0.05,0.0,16,3.1081547379493717,-4.8145852363470825,-4.581009403864543
6538,pp,0.05,0.0,50,3.347093558311462,-6.216402592803493,-5.850462892320421
6539,do,0.05,0.0,21,1.7274833464622503,-4.4126272822871355,-3.812499466207292
6540,pp,0.05,0.0,70,4.214188702106475,-6.331838641022191,-5.942729798952739
6541,do,0.05,0.0,68,2.193869886398314,-9.179586150429465,-8.630775499343873
6542,pp,0.05,0.0,7,1.3187408983707432,-5.828117288242687,-5.166689941618178
6543,do,0.05,0.0,30,1.4781369185447684,-6.872330549991492,-6.091309754053752
6544,pp,0.05,0.0,13,0.6995729982852943,-5.539826768817323,-5.019147748417325
6545,do,0.05,0.0,35,4.39900827050209,-5.286958698792891,-4.781803358925713
6546,pp,0.05,0.0,44,4.704451614618301,-4.758321480317549,-4.056714812914531
6547,do,0.05,0.0,11,1.9786540567874908,-4.590226190740412,-4.239998153845469
6548,pp,0.05,0.0,47,3.0742825925350195,-5.644700521411318,-4.5744584957758585
6549,do,0.05,0.0,17,2.2690941119194026,-4.639849732138893,-4.419969522953034
6550,pp,0.05,0.0,31,3.5068375825881954,-6.132345247268677,-5.055706442726983
6551,do,0.05,0.0,15,3.7736946868896473,-5.918281530611443,-6.176599250899421
6552,pp,0.05,0.0,21,5.011102100610733,-5.330690392580899,-4.498920310868157
6553,do,0.05,0.0,26,2.8830862236022954,-4.352242880156546,-4.112160481346978
6554,pp,0.05,0.0,50,3.7915371036529546,-5.348427018252286,-4.330787678559621
6555,do,0.05,0.0,16,1.4116439831256864,-5.186328149564338,-4.920345053407881
6556,pp,0.05,0.0,23,2.557375502586365,-4.680097184036717,-4.054785286055671
6557,do,0.05,0.0,9,0.2237338882684714,-4.662290561560429,-4.436227137512631
6558,pp,0.05,0.0,26,2.138418554067611,-5.581211682521936,-4.769544408056471
6559,do,0.05,0.0,13,1.6264495539665225,-5.287540379437533,-4.465604017840492
6560,pp,0.05,0.0,49,3.6733778786659252,-6.184045847979459,-5.064544211493598
6561,do,0.05,0.0,20,2.805831218957901,-5.498700403444695,-5.3133057951927185
6562,pp,0.05,0.0,21,2.2832346987724303,-4.6689774007508245,-3.9946237325668337
6563,do,0.05,0.0,19,2.0515965318679807,-4.409481474847505,-4.0952967802683515
6564,pp,0.05,0.0,43,3.541888555288315,-7.3308330969377,-6.270613990889656
6565,do,0.05,0.0,59,3.342210929393768,-5.622392180471709,-5.257006279627482
6566,pp,0.05,0.0,20,2.1386596763134005,-5.198669647447991,-4.764758867687649
6567,do,0.05,0.0,27,2.5896546530723565,-9.827057426626032,-9.006661762131586
6568,pp,0.05,0.0,42,4.769282867908478,-5.087141938643022,-4.456512721379598
6569,do,0.05,0.0,15,1.357497658729554,-5.114458032087846,-4.990832400321961
6570,pp,0.05,0.0,14,0.9794522821903229,-6.336026181596698,-5.303324853049384
6571,do,0.05,0.0,25,2.4342412710189816,-7.156456086129853,-7.137437640296088
6572,pp,0.05,0.0,25,3.281711565256119,-7.209426569216179,-6.388671366373698
6573,do,0.05,0.0,41,5.1413699924945835,-4.478124674883756,-4.458687043190002
6574,pp,0.05,0.0,38,4.41711285829544,-7.422911565954035,-6.529127730263604
6575,do,0.05,0.0,26,1.6631076812744139,-4.517620862614025,-4.406057657135857
6576,pp,0.05,0.0,25,2.6861698615550997,-5.2338479013154,-4.2528125392066105
6577,do,0.05,0.0,17,1.5493805456161498,-4.810436698162195,-4.305318093299865
6578,pp,0.05,0.0,53,2.1519092535972604,-6.074603706417662,-4.953038729561699
6579,do,0.05,0.0,19,1.950182758569718,-4.439399914308027,-4.224510927995046
6580,pp,0.05,0.0,62,3.0355399990081784,-5.40070057926756,-4.6301685439215765
6581,do,0.05,0.0,67,2.440855610370636,-5.717651836799853,-5.373836204740736
6582,pp,0.05,0.0,63,4.603675144910813,-5.751160926529855,-5.149264473385281
6583,do,0.05,0.0,14,2.7109715163707735,-5.244907510641849,-4.814849750200907
6584,pp,0.05,0.0,20,3.4901275789737696,-5.292905294533932,-4.880219564172957
6585,do,0.05,0.0,29,3.0720843875408166,-5.138359686822602,-4.743581530782912
6586,pp,0.05,0.0,30,3.3921801018714905,-5.860115372050892,-4.80502761999766
6587,do,0.05,0.0,69,1.8404009497165674,-6.205386634306474,-5.52066654364268
6588,pp,0.05,0.0,18,2.0799696695804597,-5.020386827353275,-4.259730153613621
6589,do,0.05,0.0,32,3.6956658303737635,-5.769846911863847,-5.937553730275896
6590,pp,0.05,0.0,21,2.8329696404933937,-5.268773532636238,-4.117206064860026
6591,do,0.05,0.0,17,1.915988353490829,-4.386382679505782,-4.781771710183885
6592,pp,0.05,0.0,70,1.3836716377735145,-6.38257134177468,-5.565285076035393
6593,do,0.05,0.0,70,2.6634999835491175,-6.698435927882339,-6.407926649517483
6594,pp,0.05,0.0,24,2.2643145346641536,-4.491345139705774,-4.077636798222859
6595,do,0.05,0.0,70,2.781944007873536,-9.58193511095914,-8.671993446350097
6596,pp,0.05,0.0,41,5.200130665302277,-4.471178408825036,-4.014138008488549
6597,do,0.05,0.0,66,2.401836916208268,-6.4659288941007675,-5.969581860966152
6598,pp,0.05,0.0,70,3.218548679351807,-6.340149041378137,-5.8336851040522255
6599,do,0.05,0.0,11,1.5969519579410552,-4.894543347214207,-4.30080546008216
6600,pp,0.05,0.0,34,3.6873466467857368,-4.646741469701131,-3.8549296643998887
6601,do,0.05,0.0,70,1.5989440155029282,-7.995635916969993,-7.540073887507121
6602,pp,0.05,0.0,28,2.15066367983818,-4.54967771876942,-4.08301426966985
6603,do,0.05,0.0,70,1.5994808149337771,-7.943126989133431,-7.31196522977617
6604,pp,0.05,0.0,19,2.5147840642929076,-4.519901311758793,-3.8526569684346517
6605,do,0.05,0.0,9,1.8311555838584903,-5.479992641102184,-4.992081904411316
6606,pp,0.05,0.0,38,4.805477817058563,-6.320715823318019,-5.04713888698154
6607,do,0.05,0.0,9,1.1913777339458465,-5.239757419354988,-4.352718941370646
6608,pp,0.05,0.0,29,3.000695065259933,-4.415855646133423,-3.5038388437694974
6609,do,0.05,0.0,17,1.3021851897239687,-8.124267755855213,-7.384112649493748
6610,pp,0.05,0.0,69,1.5224283850193023,-6.698623652891679,-5.515416489707099
6611,do,0.05,0.0,65,2.1332052302360527,-8.40559938026197,-7.281665839089287
6612,pp,0.05,0.0,27,4.141496335268021,-5.113481203715007,-4.09588147799174
6613,do,0.05,0.0,8,2.1060424554347987,-5.122003683899388,-4.71575632625156
6614,pp,0.05,0.0,37,1.9792312788963322,-8.746417781078454,-8.662251083056132
6615,do,0.05,0.0,70,2.0127069282531735,-7.380440287156539,-6.829354212019179
6616,pp,0.05,0.0,45,2.644003584384919,-4.983437853148489,-4.468181663089329
6617,do,0.05,0.0,70,1.767738479375839,-7.2935362180074055,-6.5711098776923285
6618,pp,0.05,0.0,21,2.248159420490265,-4.422160272887258,-3.6351208130518597
6619,do,0.05,0.0,63,2.297077653408051,-7.617933290654963,-6.776453460587396
6620,pp,0.05,0.0,53,4.169770655632018,-4.704368404908614,-3.9416248559951783
6621,do,0.05,0.0,70,2.0019668674468996,-8.031727237412424,-7.128762422667609
6622,pp,0.05,0.0,32,2.7339751416444784,-4.952628681876442,-4.279691498809391
6623,do,0.05,0.0,70,1.8613274013996115,-8.634610537326697,-8.035002957450018
6624,pp,0.05,0.0,40,3.454064161777496,-4.997572307875662,-4.703777289390564
6625,do,0.05,0.0,25,2.904954470396042,-5.781707476124619,-5.069401184717814
6626,pp,0.05,0.0,25,1.6676529216766358,-5.575892420971033,-4.7234878778457645
6627,do,0.05,0.0,67,1.9040567708015441,-8.288406565695098,-7.684102667702569
6628,pp,0.05,0.0,36,3.3267428839206685,-5.530856269778627,-4.650786018371582
6629,do,0.05,0.0,70,2.6798697328567513,-10.850794777725682,-9.333189121882121
6630,pp,0.05,0.0,35,4.291519057750702,-5.576071074514678,-4.785936911900838
6631,do,0.05,0.0,25,3.429238978624344,-5.701575880339651,-4.948443129327562
6632,pp,0.05,0.0,66,3.6759235930442804,-5.4429853742772885,-4.571750379933251
6633,do,0.05,0.0,19,3.0655281555652616,-4.899257080482714,-4.660340862803989
6634,pp,0.05,0.0,31,3.3744894433021546,-5.2869902112267235,-4.884463172488743
6635,do,0.05,0.0,16,1.9948440814018245,-5.568762634739731,-4.786682547463311
6636,pp,0.05,0.0,23,3.161689294576645,-4.8514342611486265,-4.398117963473002
6637,do,0.05,0.0,9,2.4632008624076844,-4.822638870008064,-4.215018412801954
6638,pp,0.05,0.0,70,4.651648349761963,-5.075471161351059,-4.350944352149964
6639,do,0.05,0.0,13,1.6788837397098542,-5.083163405909683,-4.287918464342753
6640,pp,0.05,0.0,61,2.3579636061191556,-5.245865553075617,-4.50445408821106
6641,do,0.05,0.0,11,1.6861489260196683,-5.312050094026508,-5.252334311273363
6642,pp,0.05,0.0,15,2.644112796783446,-5.078796487866026,-4.277584396468269
6643,do,0.05,0.0,70,2.4080999350547785,-7.388791351607352,-6.525649499893189
6644,pp,0.05,0.0,59,2.4062438380718225,-5.841549121972286,-4.725638837284512
6645,do,0.05,0.0,9,3.3129679596424095,-5.368590013908618,-4.851624862353007
6646,pp,0.05,0.0,32,4.880431772470474,-4.936218971194643,-4.119921354452769
6647,do,0.05,0.0,7,1.4303201353549957,-4.18854967175108,-3.7698935363027783
6648,pp,0.05,0.0,24,3.943045530319215,-5.2457619638154,-4.689450409677294
6649,do,0.05,0.0,69,3.892271192073821,-8.791505858392426,-7.658738904529148
6650,pp,0.05,0.0,64,4.358073011636734,-5.483684214678678,-4.510081805123223
6651,do,0.05,0.0,16,2.3482487785816186,-5.297617929632014,-4.328500481446584
6652,pp,0.05,0.0,29,3.729895987510681,-4.94579173001376,-3.9985620816548666
6653,do,0.05,0.0,15,3.214056862592697,-5.0587656208963105,-4.302048069900937
6654,pp,0.05,0.0,70,2.827468762397766,-6.046785510670055,-5.324136834674412
6655,do,0.05,0.0,23,4.7057190394401545,-6.43556855953101,-5.491388522254097
6656,pp,0.05,0.0,35,4.212280472517013,-4.176799175956033,-3.566851676834954
6657,do,0.05,0.0,18,1.8132399964332588,-5.605918627074271,-5.878079832924737
6658,pp,0.05,0.0,11,1.3652950239181525,-5.197235655062126,-4.4614943769243025
6659,do,0.05,0.0,21,4.26859188556671,-4.91365854956887,-4.424188892046611
6660,pp,0.05,0.0,70,4.809905301332473,-6.422005748748779,-5.3863453414705065
6661,do,0.05,0.0,14,2.046217329502105,-5.727545582164417,-5.100037018458049
6662,pp,0.05,0.0,28,3.8650554633140555,-5.125229534958348,-4.249263209766812
6663,do,0.05,0.0,66,3.12156425356865,-7.106286946209994,-6.641427371237013
6664,pp,0.05,0.0,37,3.4029283785820006,-6.3679705879905,-5.507125594880846
6665,do,0.05,0.0,10,2.2007105374336247,-5.695267730770689,-5.049316154585944
6666,pp,0.05,0.0,16,1.8123665177822108,-5.765887289336233,-5.065772326787313
6667,do,0.05,0.0,18,2.3184452641010287,-5.2112748102708295,-4.384657997555203
6668,pp,0.05,0.0,70,2.567767713069916,-8.65137415076747,-7.254958295822144
6669,do,0.05,0.0,70,2.2229828977584827,-8.199545932538582,-7.112976082166036
6670,pp,0.05,0.0,70,3.9353174066543577,-6.970327638857293,-6.164864566591051
6671,do,0.05,0.0,9,1.1582161104679107,-4.954438158960054,-4.193819157282511
6672,pp,0.05,0.0,29,3.0504139244556425,-6.541007693608602,-5.542231912083096
6673,do,0.05,0.0,12,2.165976980924606,-4.738703002351703,-4.136039129892985
6674,pp,0.05,0.0,25,2.043293167352676,-4.8410857547413215,-4.168644054730733
6675,do,0.05,0.0,14,3.1188281154632564,-5.170826043504658,-4.615384909841749
6676,pp,0.05,0.0,27,2.4879487955570214,-5.333335815776478,-4.448620894220141
6677,do,0.05,0.0,55,1.6305275559425354,-9.1333318493583,-7.857799861166212
6678,pp,0.05,0.0,23,2.7225832295417787,-5.375342461557099,-4.664125421312121
6679,do,0.05,0.0,70,2.6589392781257626,-9.61150256359216,-8.568968211279975
6680,pp,0.05,0.0,37,3.6690669691562654,-4.790050984873917,-4.14692073530621
6681,do,0.05,0.0,23,1.986346119642258,-5.908671186909531,-5.117696576648289
6682,pp,0.05,0.0,29,4.002085969448089,-6.438579683592825,-5.618947090042962
6683,do,0.05,0.0,11,2.5455775594711314,-5.630237088058934,-5.515139243337843
6684,pp,0.05,0.0,20,3.1119344723224636,-5.753765208793409,-4.5542891793780855
6685,do,0.05,0.0,5,1.6607328176498406,-4.678914713137077,-3.903031089570787
6686,pp,0.05,0.0,22,4.044230881929398,-5.604702570944122,-5.219505641195509
6687,do,0.05,0.0,8,2.445844860076904,-4.320556675304066,-3.9332760956552293
6688,pp,0.05,0.0,35,3.2721028459072112,-5.628883215875336,-4.829801376660665
6689,do,0.05,0.0,16,1.197819979190827,-5.795113069360906,-5.014724577797784
6690,pp,0.05,0.0,24,2.73612300992012,-4.773443616520275,-3.854770346482595
6691,do,0.05,0.0,37,1.4866613835096354,-5.40636058142691,-4.753411732779609
6692,pp,0.05,0.0,28,2.794575518369675,-5.239269739208799,-4.240386054250929
6693,do,0.05,0.0,38,1.798576822280884,-6.886865831143928,-6.566348319583469
6694,pp,0.05,0.0,28,3.203113857507706,-4.646783341060985,-4.039458306630452
6695,do,0.05,0.0,10,2.21681377530098,-6.048305728218772,-5.323685487111409
6696,pp,0.05,0.0,19,2.182826293706894,-4.72961802482605,-3.717718466122945
6697,do,0.05,0.0,38,1.9110414540767673,-4.503174596844297,-3.8746726950009664
6698,pp,0.05,0.0,46,3.4439826905727386,-4.884851651480703,-4.202385977904002
6699,do,0.05,0.0,27,2.048402683734894,-5.018165214133985,-5.343087481127845
6700,pp,0.05,0.0,34,2.6726975679397578,-4.869158796830611,-4.2470248831643
6701,do,0.05,0.0,69,2.9375123071670526,-7.9967143781257395,-8.14079519112905
6702,pp,0.05,0.0,25,1.8472570836544033,-4.602627606825395,-3.9332639349831475
6703,do,0.05,0.0,24,2.4584487581253054,-6.030356187531442,-5.2463512672318355
6704,pp,0.05,0.0,15,1.3793537008762353,-4.981782553412698,-4.38500704103046
6705,do,0.05,0.0,25,2.879349108934403,-4.436008024215698,-4.101011641820272
6706,pp,0.05,0.0,33,2.582536146640778,-5.865772271878791,-4.834881679217021
6707,do,0.05,0.0,12,1.9062708699703217,-4.026648200641979,-3.7477515949143303
6708,pp,0.05,0.0,70,1.9134836852550503,-7.031679659178763,-6.320373948415121
6709,do,0.05,0.0,34,4.234405082464218,-6.1313494436668625,-5.709655829270681
6710,pp,0.05,0.0,30,3.8308254265785218,-5.294434427492546,-4.776114545928108
6711,do,0.05,0.0,9,1.0876941215991973,-4.317482929518729,-4.018287041452196
6712,pp,0.05,0.0,27,1.6688682961463925,-5.119263540614735,-4.2107854843139645
6713,do,0.05,0.0,4,1.1817883408069614,-5.129487041993575,-4.6039285050498115
6714,pp,0.05,0.0,44,3.8040915298461915,-6.241388715397228,-5.200818718804253
6715,do,0.05,0.0,27,1.1201685285568237,-5.470391383315578,-5.307910913891263
6716,pp,0.05,0.0,13,1.8195869123935697,-4.611425245169437,-3.8903251939349706
6717,do,0.05,0.0,4,0.5885636556148528,-4.063392824837655,-3.5439837310049267
6718,pp,0.05,0.0,19,1.4729329442977903,-5.317768703807484,-4.4062907722261215
6719,do,0.05,0.0,18,2.9184410846233373,-4.137212851553253,-4.03439652522405
6720,pp,0.05,0.0,39,3.6726463615894316,-5.907599551749952,-5.270864685376485
6721,do,0.05,0.0,23,2.061636184453964,-4.853542164600257,-4.493338391515944
6722,pp,0.05,0.0,50,3.5759890806674957,-4.697893041552919,-4.0597926709387036
6723,do,0.05,0.0,41,4.842457866668701,-5.027119289744984,-4.921437876754337
6724,pp,0.05,0.0,70,6.131488052606583,-4.696116591944839,-3.932723899682363
6725,do,0.05,0.0,33,2.2565046322345736,-4.544772791140007,-3.948611295223236
6726,pp,0.05,0.0,18,2.1958479404449456,-4.577798454689257,-3.9672684603267245
6727,do,0.05,0.0,62,2.345808081626892,-7.421847109361129,-6.40775122112698
6728,pp,0.05,0.0,26,3.365659168958664,-4.706918092207475,-4.242631061871847
6729,do,0.05,0.0,11,1.638206251859665,-5.033864654194225,-4.819352753957113
6730,pp,0.05,0.0,63,3.5224133849143975,-8.646938084111069,-7.5387522750430636
6731,do,0.05,0.0,29,6.151136394739151,-5.914529273004243,-5.507953034506904
6732,pp,0.05,0.0,69,6.602786203622817,-4.9133361007228045,-4.282205258475409
6733,do,0.05,0.0,32,3.8460323739051816,-4.7270011728460135,-4.3062722484270735
6734,pp,0.05,0.0,69,3.760860130786896,-7.154370608474269,-7.132220453686184
6735,do,0.05,0.0,19,2.2023731517791756,-4.8706671223495945,-4.390345731046465
6736,pp,0.05,0.0,46,3.677399421930313,-6.346497152790879,-5.893751647737291
6737,do,0.05,0.0,42,2.644160224199294,-5.071028343836466,-4.478806473149193
6738,pp,0.05,0.0,70,4.264317275285721,-6.48617463834358,-5.483532575766246
6739,do,0.05,0.0,10,2.1110612607002253,-4.510341520020456,-4.051472454600864
6740,pp,0.05,0.0,31,4.306991119384765,-4.277632544257424,-3.679854910903507
6741,do,0.05,0.0,21,2.776701188087463,-6.191689065008452,-6.264315917756822
6742,pp,0.05,0.0,28,3.409275810718536,-4.776829212362116,-4.2084323750601875
6743,do,0.05,0.0,11,0.014351788759230821,-5.498929276610866,-5.1392654207017685
6744,pp,0.05,0.0,23,3.250977033376694,-5.410890284451571,-4.535302691989475
6745,do,0.05,0.0,7,1.6088640677928927,-4.591166123476896,-4.045345493157705
6746,pp,0.05,0.0,70,3.279509229660034,-5.860491077827684,-4.905397809876336
6747,do,0.05,0.0,16,1.9534429192543037,-5.6088262615781845,-5.775335873497857
6748,pp,0.05,0.0,31,3.7249859154224385,-5.083720527995716,-4.219217983881633
6749,do,0.05,0.0,17,0.7778960287570955,-5.183231748234142,-4.597334595521291
6750,pp,0.05,0.0,31,1.7159982979297634,-6.401527024760391,-5.3960353374481205
6751,do,0.05,0.0,13,2.437384645938873,-4.155757921392268,-3.6366469727622137
6752,pp,0.05,0.0,46,4.636215317249299,-4.912746318181356,-4.118279035886129
6753,do,0.05,0.0,11,1.079359202384949,-5.051768836108121,-4.2932605213589135
6754,pp,0.05,0.0,47,2.3904315471649173,-7.013604720433553,-5.777662846777174
6755,do,0.05,0.0,41,5.241335963010788,-5.163503222032027,-5.003745359844632
6756,pp,0.05,0.0,35,4.048183811903001,-6.426618821693189,-5.711056643062168
6757,do,0.05,0.0,13,1.576386034488678,-4.67012619972229,-3.9375074174669056
6758,pp,0.05,0.0,16,1.3870569372177126,-4.922071565281261,-4.189024723900689
6759,do,0.05,0.0,62,4.439386652708053,-7.203343846581199,-6.42358988655938
6760,pp,0.05,0.0,67,3.5806723690032953,-6.657224449966893,-6.146109573046366
6761,do,0.05,0.0,5,0.47183178305625884,-5.0402236360492125,-4.3518423716227215
6762,pp,0.05,0.0,20,3.1088720154762264,-5.084158712444883,-4.3715827862421675
6763,do,0.05,0.0,43,3.6600296270847323,-5.971810892856483,-5.357343962457445
6764,pp,0.05,0.0,26,3.3671467745304096,-5.275320297299009,-4.871976357036167
6765,do,0.05,0.0,26,5.354338318109511,-5.680460174155958,-5.148412526978387
6766,pp,0.05,0.0,32,6.256703177690506,-5.3863240516547,-4.5768050657378305
6767,do,0.05,0.0,10,0.5640415501594545,-4.831644116025982,-4.254500495062934
6768,pp,0.05,0.0,26,1.7697051310539251,-6.014402928496852,-5.034009496370952
6769,do,0.05,0.0,9,1.2218498384952543,-3.980662700624177,-3.489455140961541
6770,pp,0.05,0.0,22,2.236087766885757,-5.164878544662938,-4.363043853971694
6771,do,0.05,0.0,13,1.6275284993648533,-4.082944153294418,-3.978917478190528
6772,pp,0.05,0.0,33,1.8002251398563391,-5.1675472288420705,-4.666371520360311
6773,do,0.05,0.0,46,2.462390149831773,-6.2888348926197395,-5.688179168436262
6774,pp,0.05,0.0,28,3.03357463479042,-4.981150145964189,-4.090492778354221
6775,do,0.05,0.0,39,4.268409982919692,-5.726228292060621,-4.853437720404731
6776,pp,0.05,0.0,49,4.656723144054413,-5.907351466381189,-5.050028048621284
6777,do,0.05,0.0,12,2.8265415322780605,-4.406179618835449,-3.8236398100852966
6778,pp,0.05,0.0,48,4.365114936828613,-5.534286757671472,-4.620914880434672
6779,do,0.05,0.0,16,2.536297129392624,-4.480164659384525,-4.283175137307909
6780,pp,0.05,0.0,20,2.730283216238022,-5.91931856473287,-4.929325238863627
6781,do,0.05,0.0,15,1.9557583534717562,-5.746880268328118,-4.994542752371894
6782,pp,0.05,0.0,70,2.361057230234146,-6.276976510250207,-5.106604766845703
6783,do,0.05,0.0,43,3.4800925481319425,-8.503499593156757,-8.161363956663344
6784,pp,0.05,0.0,23,2.5223174977302554,-4.668541863470367,-4.208702439732022
6785,do,0.05,0.0,68,1.4238069033622747,-10.312094156669849,-10.135443078147041
6786,pp,0.05,0.0,36,4.706036692857741,-4.63473893440131,-4.422934538788265
6787,do,0.05,0.0,25,1.6701795744895938,-6.591654300689697,-5.973167604870266
6788,pp,0.05,0.0,12,1.3958690655231472,-4.278515883648034,-3.7783359713024565
6789,do,0.05,0.0,23,1.1066312432289127,-6.0427818327239065,-6.492190064324273
6790,pp,0.05,0.0,22,1.2905342066287995,-4.77386145736232,-4.129492052396139
6791,do,0.05,0.0,39,1.7871688985824576,-7.30035320484277,-6.312733258141412
6792,pp,0.05,0.0,15,1.8100343060493467,-4.510283173936786,-3.8470897489123876
6793,do,0.05,0.0,28,2.972247850894929,-6.5328857681968,-5.954632849163479
6794,pp,0.05,0.0,21,2.486425215005875,-4.61308183670044,-3.9397325966093275
6795,do,0.05,0.0,45,2.5743834865093236,-7.187879245931452,-6.808409219317966
6796,pp,0.05,0.0,16,1.7574683725833893,-5.2632208809708105,-4.470377961794536
6797,do,0.05,0.0,31,1.5691824686527251,-5.435788710912068,-5.724319783846537
6798,pp,0.05,0.0,16,1.5626870226860046,-4.739691829681396,-4.010505877600776
6799,do,0.05,0.0,17,1.8088620328903202,-6.038584129738085,-6.102426687876384
6800,pp,0.05,0.0,38,2.6958257567882544,-5.142267071117054,-4.315508872932858
6801,do,0.05,0.0,46,1.5085112988948826,-7.352078651659417,-6.7028563737869264
6802,pp,0.05,0.0,24,2.869330716133117,-4.816918550838124,-4.105788136853112
6803,do,0.05,0.0,41,1.2328028774261481,-7.07723432598692,-7.071460904015435
6804,pp,0.05,0.0,29,3.380937880277634,-4.594896137353146,-3.8677490128411187
6805,do,0.05,0.0,13,2.515520918369294,-5.914527507261797,-5.223832363552518
6806,pp,0.05,0.0,19,3.886211091279984,-4.892827298424461,-4.465021729469299
6807,do,0.05,0.0,70,2.324105323553084,-7.094860669338342,-8.460286151038275
6808,pp,0.05,0.0,33,3.3015420460700993,-4.982435850663618,-4.212227724658119
6809,do,0.05,0.0,70,2.8198551750183096,-7.8824455463525025,-7.505422046449449
6810,pp,0.05,0.0,25,2.1081767773628233,-4.778986597061158,-4.087345479594337
6811,do,0.05,0.0,54,2.1088470911979673,-11.007289879249804,-9.180118740929498
6812,pp,0.05,0.0,13,1.7177421855926518,-5.4106791582974525,-4.149080843395657
6813,do,0.05,0.0,70,2.1726928174495708,-7.095186100584088,-6.043270383940802
6814,pp,0.05,0.0,15,1.5984448504447935,-6.036355365406383,-4.428394974602593
6815,do,0.05,0.0,15,1.4625879800319677,-5.910270336902503,-5.4876113467746315
6816,pp,0.05,0.0,39,3.0129983508586875,-5.001015476746993,-4.164109142621358
6817,do,0.05,0.0,64,2.7232846570014964,-7.583448022784609,-6.472414872381422
6818,pp,0.05,0.0,36,3.1482071709632873,-4.963763809204101,-4.416744200388591
6819,do,0.05,0.0,10,1.3107025039196012,-5.334114246657401,-5.160148061646355
6820,pp,0.05,0.0,70,4.191569516658784,-5.588058697093617,-4.913213120566474
6821,do,0.05,0.0,17,2.2278198730945578,-6.524189557451191,-6.06567215124766
6822,pp,0.05,0.0,70,2.8367889928817753,-8.361360206026019,-6.935942477650112
6823,do,0.05,0.0,21,2.1577829408645632,-5.739548228003762,-5.173310274548001
6824,pp,0.05,0.0,9,1.5169729220867154,-5.927665430126768,-5.100577346483866
6825,do,0.05,0.0,30,2.554061274528503,-5.325880148916534,-5.535999894142151
6826,pp,0.05,0.0,49,4.185859835147857,-4.969677777723833,-4.202034266789754
6827,do,0.05,0.0,13,1.7098080968856815,-6.121872965494791,-5.655254202418857
6828,pp,0.05,0.0,70,4.50451312661171,-5.283516914194281,-4.689174609714084
6829,do,0.05,0.0,24,1.5964116013050074,-5.716429136738633,-4.937141280704075
6830,pp,0.05,0.0,70,6.262420343160629,-4.784079583485921,-3.936121592256758
6831,do,0.05,0.0,43,3.211546893119813,-6.446668711575595,-5.869019635518392
6832,pp,0.05,0.0,15,2.2205770194530494,-5.860469478549379,-5.111258657773336
6833,do,0.05,0.0,17,2.511341718435288,-6.0248242609428635,-5.180238223075866
6834,pp,0.05,0.0,17,1.9092243921756742,-4.936500440944325,-3.988149250878228
6835,do,0.05,0.0,61,4.290759106874465,-6.2122893622427275,-5.418757377730476
6836,pp,0.05,0.0,22,3.181010549068451,-4.68192278399612,-4.176048949029711
6837,do,0.05,0.0,27,1.702453771829604,-6.740314516876683,-6.254955275853475
6838,pp,0.05,0.0,70,1.5273093080520637,-5.885172169136278,-4.710595303111607
6839,do,0.05,0.0,16,3.9346507072448738,-5.17220845077977,-4.815440344810486
6840,pp,0.05,0.0,30,4.735267586708069,-4.8930325291373515,-4.260956025123596
6841,do,0.05,0.0,22,1.7178618180751792,-6.510841269926591,-6.03438966539171
6842,pp,0.05,0.0,29,3.9022750234603887,-4.812328530802871,-4.20306113825904
6843,do,0.05,0.0,17,2.701937930583954,-4.587995521949999,-4.234243546591864
6844,pp,0.05,0.0,26,3.7344908523559575,-4.50067681832747,-3.9298626754018997
6845,do,0.05,0.0,16,2.153448567390442,-5.335152011929137,-4.979391977522108
6846,pp,0.05,0.0,39,6.213876808881759,-4.817899560928344,-4.288999266094631
6847,do,0.05,0.0,23,1.2156851387023924,-5.1660992795770815,-5.067895097202725
6848,pp,0.05,0.0,20,2.085157970190048,-4.6257857077049485,-3.9193466239505343
6849,do,0.05,0.0,31,3.6064676749706273,-4.915364425832575,-4.61740407148997
6850,pp,0.05,0.0,28,4.1576395976543425,-5.163065593892878,-4.657143319977655
6851,do,0.05,0.0,22,3.692789484262466,-6.323236042080503,-5.9101962407430015
6852,pp,0.05,0.0,18,2.3735468530654904,-4.839367779818448,-4.144305708673265
6853,do,0.05,0.0,23,0.62212375164032,-8.067097569956925,-6.519705817434523
6854,pp,0.05,0.0,37,2.847609837055206,-6.378363821723244,-5.006678907076518
6855,do,0.05,0.0,56,2.33859740972519,-7.584459536003344,-6.825466028849283
6856,pp,0.05,0.0,21,2.8889286148548123,-4.705271908731172,-3.908314225408766
6857,do,0.05,0.0,10,1.4249469745159153,-5.763369626709909,-5.179945177502102
6858,pp,0.05,0.0,20,3.570634123086929,-6.178209787426573,-5.357539447148641
6859,do,0.05,0.0,10,1.501633361577988,-5.105249581192479,-4.942161899142795
6860,pp,0.05,0.0,11,2.1734839618206028,-5.7120782071893865,-4.625796047846476
6861,do,0.05,0.0,6,0.26817969918251094,-5.736859000812878,-4.965884802076552
6862,pp,0.05,0.0,70,1.9831855511665353,-8.435810769687999,-7.155769379933675
6863,do,0.05,0.0,70,1.6408122766017907,-9.189837944146358,-9.501145776112875
6864,pp,0.05,0.0,20,1.7150203359127048,-6.997682525172378,-6.230416735013326
6865,do,0.05,0.0,15,2.536644269227981,-4.913065002903794,-4.309632804658678
6866,pp,0.05,0.0,16,1.661291297674179,-5.212234588102861,-4.33705391354031
6867,do,0.05,0.0,24,1.888691416978836,-5.3977056503295895,-5.685964928732978
6868,pp,0.05,0.0,16,0.5266120541095729,-5.1605167576760955,-4.394602313306597
6869,do,0.05,0.0,20,3.468144395351411,-4.655282686695908,-4.154588864909278
6870,pp,0.05,0.0,22,3.5190401029586784,-4.587148828217478,-3.9021456241607666
6871,do,0.05,0.0,24,3.554589272737503,-5.162241000840158,-4.378824790318807
6872,pp,0.05,0.0,52,3.9661103534698485,-6.098762159636526,-5.139206412103441
6873,do,0.05,0.0,23,2.9866337180137625,-5.205664326927879,-5.004071031676398
6874,pp,0.05,0.0,23,2.568606823682785,-5.134408232660005,-4.315895985232459
6875,do,0.05,0.0,10,2.189000898599625,-5.646561567711108,-4.601371335983276
6876,pp,0.05,0.0,12,1.5491212689876557,-4.886199243140943,-4.329492824607425
6877,do,0.05,0.0,22,2.560936710834503,-5.82875542640686,-5.173821298281352
6878,pp,0.05,0.0,57,2.1271344494819644,-6.2716105085430724,-5.282780265808105
6879,do,0.05,0.0,27,3.5978874385356896,-7.524430951205167,-5.285997547043694
6880,pp,0.05,0.0,16,1.6228088474273683,-6.955209958914555,-5.402690635787116
6881,do,0.05,0.0,17,2.0757910156249997,-5.2656708601749305,-4.790641514460246
6882,pp,0.05,0.0,70,3.436102670431138,-8.439311078100493,-7.3070019139183895
6883,do,0.05,0.0,49,0.49395496129989525,-10.370586435722583,-7.93362832069397
6884,pp,0.05,0.0,69,3.7706029045581815,-9.205217458262588,-7.605894528494941
6885,do,0.05,0.0,30,3.6555058598518375,-7.065838167884133,-6.966780519485473
6886,pp,0.05,0.0,20,3.7613690662384025,-5.084605393265233,-4.617872558699714
6887,do,0.05,0.0,70,2.5878673398494723,-6.945674113071326,-6.880135493808322
6888,pp,0.05,0.0,15,2.0828934359550475,-4.352019104813085,-3.6933306521839566
6889,do,0.05,0.0,20,2.1337490177154548,-6.270255585872766,-6.015686302714878
6890,pp,0.05,0.0,55,2.20760645866394,-5.961573053128792,-5.0445607317818535
6891,do,0.05,0.0,15,2.7697250199317933,-5.6551452578920305,-4.942973380618625
6892,pp,0.05,0.0,39,3.4232827782630935,-8.690293947855631,-7.093223781055874
6893,do,0.05,0.0,29,0.45093232750892653,-8.83056908231793,-7.235537433624268
6894,pp,0.05,0.0,27,2.410949267148971,-6.22378849549727,-5.00938376320733
6895,do,0.05,0.0,33,1.7909921741485597,-6.565104121872873,-5.789058894581265
6896,pp,0.05,0.0,47,2.5057975757122035,-6.813314447980939,-6.318656908141242
6897,do,0.05,0.0,8,0.6105914831161501,-5.754910979126439,-5.199762505955166
6898,pp,0.05,0.0,8,0.6863439774513242,-5.365666937105583,-4.530424133936564
6899,do,0.05,0.0,14,1.7359450829029086,-6.481793811104515,-5.9551854451497395
6900,pp,0.05,0.0,21,3.1585461246967323,-4.706983447797371,-4.134475832515292
6901,do,0.05,0.0,17,1.7355919444561003,-5.2568788831884214,-4.6106812053256565
6902,pp,0.05,0.0,22,2.3626521944999697,-5.217617766062419,-4.263673077689277
6903,do,0.05,0.0,27,1.3596665036678317,-10.587804553003021,-8.547306320402358
6904,pp,0.05,0.0,24,2.3796446621418,-6.269776000398578,-5.481429047054714
6905,do,0.05,0.0,70,0.7037545371055618,-8.372735890475186,-8.622072733773125
6906,pp,0.05,0.0,60,4.225061022043229,-4.479869362802217,-4.221063329113854
6907,do,0.05,0.0,24,0.5556635308265685,-6.208958146066377,-5.839421290821499
6908,pp,0.05,0.0,14,1.8273655045032502,-5.197478107972579,-4.176786181661818
6909,do,0.05,0.0,23,0.8737845468521126,-6.472844937353424,-5.730769599808587
6910,pp,0.05,0.0,39,1.8552864623069762,-5.461907591964259,-4.6981985039181176
6911,do,0.05,0.0,8,0.10012974619865478,-6.50425470381072,-5.533731712235345
6912,pp,0.05,0.0,27,1.6785417318344127,-7.576636677077322,-6.3579080184300745
6913,do,0.05,0.0,70,1.9815968012809755,-6.646559830867883,-5.885785995589362
6914,pp,0.05,0.0,11,0.8998315179347989,-5.22583427140207,-4.2260948909653555
6915,do,0.05,0.0,43,2.749306470155715,-5.844721718990441,-5.0359938833448625
6916,pp,0.05,0.0,12,2.0626547479629522,-4.78048530925404,-4.062520816591051
6917,do,0.05,0.0,58,2.6816070020198826,-6.442497789498532,-5.864290846718682
6918,pp,0.05,0.0,62,3.2579979729652404,-5.734460937615597,-4.751027929782867
6919,do,0.05,0.0,70,2.600299271345138,-8.49814523783597,-7.687892569435967
6920,pp,0.05,0.0,40,3.2648653197288517,-5.149030942627878,-4.199420682589213
6921,do,0.05,0.0,70,1.270350152254105,-8.10940736134847,-7.483692733446757
6922,pp,0.05,0.0,18,1.5514292430877683,-5.853550805467548,-4.935256259971195
6923,do,0.05,0.0,66,1.178861730098724,-9.074007297284675,-7.724376339382595
6924,pp,0.05,0.0,25,1.6354161882400513,-5.942224100864295,-4.855095227559407
6925,do,0.05,0.0,12,2.6353266942501072,-5.45723605300441,-4.914143941137525
6926,pp,0.05,0.0,46,4.5326269137859345,-5.086003050659642,-4.521932734383477
6927,do,0.05,0.0,7,0.22263596534729047,-5.773159636873188,-5.11041583220164
6928,pp,0.05,0.0,15,1.9327368497848516,-4.9226834398327455,-4.2749686188168
6929,do,0.05,0.0,70,1.2847243964672082,-9.368191430062959,-7.7079044024149574
6930,pp,0.05,0.0,48,2.4807451713085182,-5.179833779190526,-4.378549914889866
6931,do,0.05,0.0,18,2.017288857698441,-6.038150235378381,-5.696470382478502
6932,pp,0.05,0.0,13,1.5680242145061491,-5.27472959576231,-4.085965967178344
6933,do,0.05,0.0,10,0.747819901704788,-7.388275708574238,-5.526791667938232
6934,pp,0.05,0.0,26,1.4516851663589483,-5.595690392002915,-4.56901298099094
6935,do,0.05,0.0,13,2.4079708111286156,-6.150324707320242,-5.3820127195782135
6936,pp,0.05,0.0,23,2.515945535898209,-5.0951120940121735,-4.303398317760891
6937,do,0.05,0.0,13,0.5206346714496615,-6.765990741325147,-6.002073746257358
6938,pp,0.05,0.0,23,2.3007872140407564,-4.525407506480361,-3.952435419294569
6939,do,0.05,0.0,19,1.2744309282302861,-8.108060335390496,-7.706237302886115
6940,pp,0.05,0.0,40,3.2618336224555966,-4.6050597328128235,-4.007197581397163
6941,do,0.05,0.0,63,2.3073965096473694,-7.62100659717213,-6.528502490785387
6942,pp,0.05,0.0,36,2.5881925904750833,-5.493138093659372,-4.7861048698425295
6943,do,0.05,0.0,35,1.6754308390617378,-6.378420520551277,-5.085790824890137
6944,pp,0.05,0.0,27,3.4903690075874323,-6.324753332138061,-5.3445562044779455
6945,do,0.05,0.0,13,0.5791234290599823,-7.229734266165531,-6.0764365884992815
6946,pp,0.05,0.0,23,3.9060768604278566,-4.8517966588338215,-4.303702603446113
6947,do,0.05,0.0,70,-0.2755689442157747,-7.969111007632631,-7.534368975957235
6948,pp,0.05,0.0,23,2.450268259048462,-5.387895520528158,-4.625320178932614
6949,do,0.05,0.0,21,0.9065537369251251,-6.234554266207146,-5.485611852010091
6950,pp,0.05,0.0,23,3.0771681702136995,-6.0180856213425145,-5.26790272394816
6951,do,0.05,0.0,69,-0.1307988333702088,-9.1824907245058,-8.782361570994059
6952,pp,0.05,0.0,16,1.2247670030593873,-4.886446701396595,-4.481432885593838
6953,do,0.05,0.0,39,2.0866585958004,-5.810373098200018,-4.956748549143473
6954,pp,0.05,0.0,39,2.1083081817626956,-4.3245658173705595,-3.9948254201147293
6955,do,0.05,0.0,13,-0.2623300659656529,-6.565112660147927,-5.769712283876207
6956,pp,0.05,0.0,13,1.4823893249034885,-5.472732530940663,-4.576119086477491
6957,do,0.05,0.0,13,0.643518251180649,-5.801066596580275,-4.729402006997002
6958,pp,0.05,0.0,18,2.3327793896198274,-5.1523941646922715,-4.513956161340078
6959,do,0.05,0.0,54,0.05560821294784546,-7.729342979373354,-6.723365955882603
6960,pp,0.05,0.0,10,1.1710131585597994,-5.4628570614439065,-4.542018795013428
6961,do,0.05,0.0,8,0.5077840983867645,-6.269812148990053,-4.974556594424778
6962,pp,0.05,0.0,46,3.0817170226573944,-5.308285794113622,-4.615794837474823
6963,do,0.05,0.0,28,1.2516959309577942,-7.570091932470148,-7.367432114813063
6964,pp,0.05,0.0,21,1.8897067952156066,-5.135042063395182,-4.502768641048007
6965,do,0.05,0.0,59,1.331157984733582,-8.21860315727465,-7.287096028857761
6966,pp,0.05,0.0,48,1.8164139342308037,-7.233423306725242,-6.277458503511217
6967,do,0.05,0.0,66,0.3096626818180086,-6.713740116177183,-6.265279237429301
6968,pp,0.05,0.0,48,2.093461410999298,-5.5338038603464765,-4.4575855784946015
6969,do,0.05,0.0,14,1.0806546223163602,-5.599436683365793,-5.001336333486769
6970,pp,0.05,0.0,31,3.2413880014419565,-4.6435264067216355,-4.166688319047292
6971,do,0.05,0.0,6,-0.2525715041160588,-6.256803210576376,-5.029706949657864
6972,pp,0.05,0.0,25,3.1858097279071798,-5.029624320521499,-4.223055051432715
6973,do,0.05,0.0,16,0.3452998399734497,-6.602557838324344,-5.539298242992825
6974,pp,0.05,0.0,12,2.1653407454490656,-5.042635494289976,-4.236686182022095
6975,do,0.05,0.0,70,2.0649101090431214,-6.149487947695183,-6.344903612136841
6976,pp,0.05,0.0,20,1.8521119010448448,-4.827617403955171,-4.259419451819526
6977,do,0.05,0.0,70,2.717840769290923,-7.29214552821535,-6.232060318522983
6978,pp,0.05,0.0,54,2.897670412063599,-6.842897848649458,-5.829389850298564
6979,do,0.05,0.0,14,2.5941361892223354,-5.881756869229403,-5.302277072270711
6980,pp,0.05,0.0,14,2.686367545127869,-4.996257949597908,-4.76231308248308
6981,do,0.05,0.0,20,1.642323318719864,-5.120081465172045,-5.293753888871935
6982,pp,0.05,0.0,19,2.6356851816177373,-4.309804380301273,-3.803228125307295
6983,do,0.05,0.0,16,0.320618872642517,-7.734413258234659,-7.664979770448473
6984,pp,0.05,0.0,30,2.787363247871398,-5.538601108030839,-5.0473169220818415
6985,do,0.05,0.0,30,3.1213995969295505,-5.242798878929832,-4.842888318167793
6986,pp,0.05,0.0,46,4.257524846792221,-4.477060187946666,-3.779358186986711
6987,do,0.05,0.0,14,2.1805793654918677,-5.788070966258194,-4.897421299086677
6988,pp,0.05,0.0,19,1.9888105058670043,-4.978135536656235,-4.253389395607842
6989,do,0.05,0.0,39,2.678080348968506,-5.690763183073564,-5.178757643699646
6990,pp,0.05,0.0,16,1.4005165266990662,-4.873981679569591,-4.345940472020043
6991,do,0.05,0.0,29,1.2466898477077484,-6.566625528624564,-5.94739846918318
6992,pp,0.05,0.0,23,2.1103988957405084,-6.309700513608528,-5.539680801497566
6993,do,0.05,0.0,49,1.8986083459854122,-5.621296540173617,-5.331606483459472
6994,pp,0.05,0.0,25,2.920612853765487,-5.739857991536458,-4.928902255164252
6995,do,0.05,0.0,17,2.163786864280701,-5.513586237936309,-5.358972072601318
6996,pp,0.05,0.0,24,2.404397666454315,-7.901879200790868,-6.60269127951728
6997,do,0.05,0.0,25,3.2166486966609957,-5.795621620525013,-5.364874357647366
6998,pp,0.05,0.0,24,3.2122746670246123,-5.0581512075482,-4.4057902627521095
6999,do,0.05,0.0,11,1.197843282222748,-4.180729835683649,-3.7121682153807747
7000,pp,0.05,0.0,32,3.6489072895050043,-5.106284853906343,-4.427266968621148
7001,do,0.05,0.0,41,2.4430944716930387,-5.900959513404152,-5.072819789250691
7002,pp,0.05,0.0,20,1.8621211493015295,-4.997977188861731,-4.341705865330166
7003,do,0.05,0.0,49,2.525717054605484,-5.849554483818285,-5.384847460852729
7004,pp,0.05,0.0,70,2.1012589001655577,-6.094504888129957,-5.363235855102539
7005,do,0.05,0.0,30,3.961944266557693,-5.329746406728571,-4.9645858883857725
7006,pp,0.05,0.0,64,4.150106005668641,-6.459222994428693,-5.405734305911594
7007,do,0.05,0.0,23,4.010174008607864,-4.84535111802997,-4.748040225770739
7008,pp,0.05,0.0,33,3.9099119222164154,-4.8869760224313445,-4.613454710112678
7009,do,0.05,0.0,7,0.3027027368545534,-6.010345721967292,-5.1430138058132595
7010,pp,0.05,0.0,8,0.2925609827041624,-6.12071771477208,-5.438706670867072
7011,do,0.05,0.0,31,3.3303713059425357,-5.729859456149015,-5.283678510453966
7012,pp,0.05,0.0,26,2.2932385301589973,-4.5713654214685615,-3.9181849863794116
7013,do,0.05,0.0,36,2.6097708892822267,-5.568139099352288,-4.830037342177497
7014,pp,0.05,0.0,38,2.870191371440887,-5.814181914474025,-4.840439762009515
7015,do,0.05,0.0,28,5.101788949966432,-5.754584695353652,-5.74906751314799
7016,pp,0.05,0.0,25,3.0457194232940665,-7.014806566816388,-6.310382270812989
7017,do,0.05,0.0,30,3.3702572607994075,-4.420397293206417,-4.06073647207684
7018,pp,0.05,0.0,69,5.885554430484772,-5.327747817472978,-4.556715128156874
7019,do,0.05,0.0,28,3.6200884354114535,-5.130578740437826,-4.669666597578261
7020,pp,0.05,0.0,70,4.313506850004196,-5.814853402340051,-5.059654506047567
7021,do,0.05,0.0,19,2.839809976816178,-4.98993791811394,-4.628160068723891
7022,pp,0.05,0.0,44,3.5195508646965017,-10.556558830087836,-8.306696266598172
7023,do,0.05,0.0,30,5.684973233938217,-4.451904684124571,-4.1900131516986425
7024,pp,0.05,0.0,26,4.3266577887535105,-5.282782059004813,-4.714597068892585
7025,do,0.05,0.0,23,3.2302298843860635,-5.66763131835244,-5.019398811128404
7026,pp,0.05,0.0,20,3.3042799127101903,-5.324863589893688,-4.696190889676412
7027,do,0.05,0.0,43,0.3653632843494421,-7.790016197435784,-6.907167201571994
7028,pp,0.05,0.0,22,2.0665657043457024,-5.4676893147555266,-4.994889511002435
7029,do,0.05,0.0,64,4.739126355648041,-5.6013083313450664,-5.298657581541273
7030,pp,0.05,0.0,31,2.0959185564517977,-6.11519834056045,-5.392465493414137
7031,do,0.05,0.0,37,3.195634789466858,-4.930965059453791,-4.404333098729452
7032,pp,0.05,0.0,18,1.371465901136398,-6.4884613094907815,-5.174167177412245
7033,do,0.05,0.0,11,2.696009827852249,-6.32801231470975,-5.562557490666707
7034,pp,0.05,0.0,18,3.538901227712631,-7.01538083192074,-5.740939972135756
7035,do,0.05,0.0,41,3.1853317499160774,-4.288008867610585,-3.850538278950585
7036,pp,0.05,0.0,29,2.2853300368785847,-5.597700779365771,-4.841117289331224
7037,do,0.05,0.0,66,1.0967558026313782,-8.2985480149587,-6.881402995851305
7038,pp,0.05,0.0,25,3.604501342773438,-4.990218083063762,-4.405529236793518
7039,do,0.05,0.0,22,2.8621859216690053,-4.430416199655244,-4.207320173581441
7040,pp,0.05,0.0,16,2.4089854586124426,-5.258164085041393,-4.623001350296868
7041,do,0.05,0.0,9,-0.2833699858188625,-5.434187160838734,-5.570788690778945
7042,pp,0.05,0.0,20,1.9213216972351068,-5.788865238247496,-5.815056790245904
7043,do,0.05,0.0,70,2.690301206111908,-7.291183717323072,-6.5699403656853566
7044,pp,0.05,0.0,70,1.9762225890159613,-9.055877507816662,-7.190368398030599
7045,do,0.05,0.0,10,1.284673397541046,-5.847332320068822,-5.260228845808241
7046,pp,0.05,0.0,70,3.4039859056472768,-9.4400871999336,-7.4844523668289185
7047,do,0.05,0.0,54,2.253790082931519,-6.161911893613411,-5.882884420288933
7048,pp,0.05,0.0,16,2.0247340965270997,-5.593575941432606,-4.880244472291735
7049,do,0.05,0.0,15,2.1212818145751955,-5.661363296797782,-5.226532649993897
7050,pp,0.05,0.0,19,2.005804888010024,-6.101174042441628,-5.668806510501438
7051,do,0.05,0.0,16,1.837742795944214,-6.092030785300515,-5.283940548366971
7052,pp,0.05,0.0,24,1.0385898160934444,-5.754190943457863,-5.199499281247457
7053,do,0.05,0.0,16,1.5469148242473612,-8.288550044551041,-6.892525866296556
7054,pp,0.05,0.0,29,2.0433887636661545,-8.48651916619503,-7.129262924194336
7055,do,0.05,0.0,49,4.841170506477355,-6.450267783078281,-5.810186905331082
7056,pp,0.05,0.0,21,3.0566105496883393,-4.702696002613415,-3.9544588870472377
7057,do,0.05,0.0,16,1.1955368483066557,-5.871356504613703,-5.104697264565361
7058,pp,0.05,0.0,9,0.9888997769355772,-5.597960177334872,-4.657480729950799
7059,do,0.05,0.0,28,1.5064386129379272,-8.75899310689984,-7.743332926432291
7060,pp,0.05,0.0,51,3.0176817703247067,-5.770988562612823,-4.969280171394348
7061,do,0.05,0.0,69,1.8184865725040442,-8.663065407492898,-8.082927476035223
7062,pp,0.05,0.0,15,1.7745778024196621,-4.846502207264756,-4.448095562722948
7063,do,0.05,0.0,26,1.640227887630462,-6.216357345292063,-5.390532149208917
7064,pp,0.05,0.0,38,2.819168300628662,-7.6614914446166065,-5.67864359219869
7065,do,0.05,0.0,46,3.5967543911933904,-7.7022285822666055,-7.313429954316881
7066,pp,0.05,0.0,25,1.7826056087017061,-5.370036771080711,-4.674589011404249
7067,do,0.05,0.0,24,2.532921676635741,-8.031918126886541,-7.454116418626573
7068,pp,0.05,0.0,9,1.2231117796897886,-5.16474224726359,-4.3096346696217855
7069,do,0.05,0.0,8,1.3007506251335137,-5.019072958917329,-4.399503882726034
7070,pp,0.05,0.0,70,3.1720327520370493,-8.373086071014404,-6.9408583985434635
7071,do,0.05,0.0,21,0.8612088716030124,-6.471768315633138,-5.945297617382473
7072,pp,0.05,0.0,47,2.940496784448624,-7.168477156667999,-6.114665502972073
7073,do,0.05,0.0,56,2.5277466535568234,-7.070422720186638,-6.5729289054870605
7074,pp,0.05,0.0,70,3.5423232376575475,-6.127058576815056,-5.470909449789259
7075,do,0.05,0.0,65,1.2385915863513945,-7.403572885917895,-6.749987692303128
7076,pp,0.05,0.0,12,1.9740382993221282,-4.935627369447188,-4.092436067263285
7077,do,0.05,0.0,20,3.2075602841377266,-5.211383701093269,-4.748928006490072
7078,pp,0.05,0.0,10,2.0242656672000887,-4.444999665924997,-3.8242140968640643
7079,do,0.05,0.0,70,4.294209945201874,-5.242266851482969,-4.734601358572642
7080,pp,0.05,0.0,21,3.0350141215324395,-5.487362851518573,-4.7529170672098795
7081,do,0.05,0.0,17,0.40756994009017955,-6.3693272200497715,-5.715900664859348
7082,pp,0.05,0.0,9,1.1830091273784635,-4.796513765508478,-4.113142495685153
7083,do,0.05,0.0,42,3.1427445578575144,-6.176081004287258,-5.675193280643887
7084,pp,0.05,0.0,20,2.6985617661476127,-4.797061647068371,-4.204710235860612
7085,do,0.05,0.0,26,5.390698360204698,-4.3384936578346025,-3.916394352912903
7086,pp,0.05,0.0,24,3.159534194469452,-4.334083997842037,-3.711145582464006
7087,do,0.05,0.0,44,2.2536891317367553,-6.148529912486221,-5.945774290296766
7088,pp,0.05,0.0,65,1.8823862147331232,-6.933477858341101,-5.8557195610470245
7089,do,0.05,0.0,68,2.0777106440067286,-7.958375695257476,-8.11803747812907
7090,pp,0.05,0.0,9,0.07847633123397824,-5.070855529380567,-4.373691182666355
7091,do,0.05,0.0,43,3.4218251585960386,-7.50427544333718,-6.053950219684177
7092,pp,0.05,0.0,48,4.013032581806183,-7.218333003015229,-5.158020536104838
7093,do,0.05,0.0,32,1.498016295433044,-5.656824340242328,-4.796287523375617
7094,pp,0.05,0.0,19,1.674008594751358,-5.172161425966205,-4.195823582013448
7095,do,0.05,0.0,10,0.6755507218837735,-6.348781062617446,-5.505485773086548
7096,pp,0.05,0.0,15,1.8077884984016421,-5.513447426304673,-4.736775456534492
7097,do,0.05,0.0,50,2.3027697706222536,-7.327942450841268,-6.281581017706129
7098,pp,0.05,0.0,16,0.7495251142978665,-5.254235547961611,-4.347684915860494
7099,do,0.05,0.0,23,2.0050804948806755,-6.948912143707275,-5.935290882322524
7100,pp,0.05,0.0,18,2.05572823882103,-5.578223630153771,-4.587247647179497
7101,do,0.05,0.0,70,3.3085737419128423,-7.66549032384699,-7.963504669401381
7102,pp,0.05,0.0,29,2.605336594581604,-5.198052864363699,-4.401460456848144
7103,do,0.05,0.0,52,0.9328659892082216,-7.427142472700639,-6.595614714092679
7104,pp,0.05,0.0,26,1.6503808724880225,-6.701138896653147,-4.963856193754408
7105,do,0.05,0.0,51,3.007623597383499,-6.114045758680864,-5.651148785485161
7106,pp,0.05,0.0,22,2.4505300068855282,-4.826152035684297,-4.123477503988478
7107,do,0.05,0.0,70,0.9862657213211055,-9.420567209070379,-7.940344434314304
7108,pp,0.05,0.0,15,1.2998544168472286,-5.732101079189416,-4.702685369385613
7109,do,0.05,0.0,70,1.226489983797073,-9.580049436742609,-8.580850850211249
7110,pp,0.05,0.0,16,1.9267715871334081,-5.2635550209970186,-4.534583038753933
7111,do,0.05,0.0,35,3.255562551021576,-9.55415245258447,-7.825351897875468
7112,pp,0.05,0.0,12,2.2914493560791023,-6.28833546927481,-5.071274593141344
7113,do,0.05,0.0,24,1.8607418000698086,-6.329269180875836,-5.915677732891506
7114,pp,0.05,0.0,13,1.6097708654403693,-5.15666671666232,-4.46682524283727
7115,do,0.05,0.0,22,1.1383314824104307,-6.732303434429746,-6.034570031695896
7116,pp,0.05,0.0,8,1.0830996990203854,-4.736101919231992,-4.180683861838447
7117,do,0.05,0.0,53,1.5274152135849004,-7.168120989655003,-6.58673193719652
7118,pp,0.05,0.0,19,2.360576848983764,-4.752627754211426,-3.9442269179556106
7119,do,0.05,0.0,70,2.70930048942566,-6.618400611299457,-5.595788616604275
7120,pp,0.05,0.0,30,2.854339756965638,-4.984417572888461,-4.47526896264818
7121,do,0.05,0.0,26,3.820978444814682,-6.422103702660763,-5.4644511434766985
7122,pp,0.05,0.0,22,2.769398682117462,-5.208814778472438,-4.4660756349563595
7123,do,0.05,0.0,18,3.2883414113521585,-6.108342043558756,-5.985477174652948
7124,pp,0.05,0.0,16,3.004623231887817,-5.268892900871508,-4.365851656595866
7125,do,0.05,0.0,64,3.571703870296478,-5.860769283410274,-5.470883393287659
7126,pp,0.05,0.0,28,2.9025252377986908,-5.064370302720503,-4.0169831408394705
7127,do,0.05,0.0,21,0.7845730161666866,-5.7641075900106715,-5.083663847711351
7128,pp,0.05,0.0,68,2.809062510728836,-6.985484673760154,-5.855654470125834
7129,do,0.05,0.0,19,4.43650717139244,-5.117943990591801,-4.578465101453993
7130,pp,0.05,0.0,45,1.8563643419742588,-5.972323313626376,-5.15072566403283
7131,do,0.05,0.0,39,2.703534960746765,-6.093633940725615,-5.474937785996331
7132,pp,0.05,0.0,10,0.9449734210968019,-4.945335750868826,-4.1509302881028916
7133,do,0.05,0.0,65,3.5888428103923804,-9.725630537668865,-9.019739543067084
7134,pp,0.05,0.0,43,1.7383903276920325,-7.138556876327052,-5.629064806302389
7135,do,0.05,0.0,70,3.1935279977321622,-7.967879958586259,-7.68285252518124
7136,pp,0.05,0.0,18,0.9129101467132568,-4.883671935399374,-4.1411994006898665
7137,do,0.05,0.0,32,1.6425571578741067,-8.809061959295562,-5.9967003981272375
7138,pp,0.05,0.0,20,2.6339113080501555,-4.760622182036891,-3.8970616128709583
7139,do,0.05,0.0,26,2.953870167732238,-5.810403216968883,-5.5251690043343435
7140,pp,0.05,0.0,67,2.6854914367198948,-7.539420007936882,-6.526699513859219
7141,do,0.05,0.0,26,2.7498837876319895,-5.525664518818711,-4.939833760261536
7142,pp,0.05,0.0,20,2.441784949302672,-5.138361692428589,-4.444566945234935
7143,do,0.05,0.0,13,1.5745866191387172,-5.972385290897254,-4.98276277118259
7144,pp,0.05,0.0,27,3.3293794870376585,-6.651566454858491,-5.771198481983609
7145,do,0.05,0.0,70,2.8977257537841794,-7.7679061802950775,-6.670253658294678
7146,pp,0.05,0.0,70,2.1850932645797716,-8.476667094953132,-6.913291200002035
7147,do,0.05,0.0,30,1.9155773496627813,-10.080690090584033,-8.921830945544773
7148,pp,0.05,0.0,70,1.810694473981858,-6.16733189496127,-6.43344603644477
7149,do,0.05,0.0,70,1.9037353920936582,-8.36222757137183,-7.0989618725246855
7150,pp,0.05,0.0,29,1.521157921552657,-7.0211981195392035,-5.7692340347501965
7151,do,0.05,0.0,50,1.1163228642940517,-7.5852778376954975,-6.1312326749165855
7152,pp,0.05,0.0,70,3.3001412701606743,-6.480191509651415,-5.5394819842444525
7153,do,0.05,0.0,52,2.708276369571686,-7.389580476645268,-6.312289757198758
7154,pp,0.05,0.0,70,2.200189108848571,-8.014368675694321,-7.187788841459486
7155,do,0.05,0.0,10,0.6267174446582793,-5.462228185480291,-5.520561001035902
7156,pp,0.05,0.0,29,3.430779960155488,-5.833925858410922,-4.783950183126661
7157,do,0.05,0.0,15,3.0249724090099326,-5.108374628876195,-4.526881784862942
7158,pp,0.05,0.0,9,1.8788733279705045,-5.000087097919349,-4.396365753809611
7159,do,0.05,0.0,51,5.056879407167435,-4.910453750147964,-4.683975293901232
7160,pp,0.05,0.0,28,2.789360907077789,-5.9557104414159605,-5.268167021539476
7161,do,0.05,0.0,18,1.2395647311210638,-5.726485446005157,-5.052656597561306
7162,pp,0.05,0.0,25,3.2201760160923003,-5.842409288521969,-5.170742498503791
7163,do,0.05,0.0,46,2.990247790813447,-5.622043345191262,-4.788129740291172
7164,pp,0.05,0.0,31,3.034543231725692,-4.2683393276099,-3.7494392845365736
7165,do,0.05,0.0,46,2.2297800064086903,-8.18807263807817,-7.582555013232761
7166,pp,0.05,0.0,29,3.3005918800830836,-5.020286364988848,-4.063503121005164
7167,do,0.05,0.0,33,3.9513327550888055,-4.538504445914066,-4.132530420356327
7168,pp,0.05,0.0,64,5.0833217453956605,-5.930583573832656,-4.8522330045700075
7169,do,0.05,0.0,70,3.2770857238769526,-7.346351242065429,-7.8516155560811365
7170,pp,0.05,0.0,16,2.08002861380577,-5.608795011404789,-5.233237981796265
7171,do,0.05,0.0,26,1.5817140793800357,-6.571592328042695,-5.926991409725613
7172,pp,0.05,0.0,18,2.6241319787502286,-5.681247481432828,-4.997410708003574
7173,do,0.05,0.0,60,1.665885834693908,-8.773384563850634,-7.9064740233951145
7174,pp,0.05,0.0,34,2.7020016872882833,-5.47794709928108,-4.704259483019511
7175,do,0.05,0.0,9,0.7353431725502011,-5.634275044816913,-4.988422171274821
7176,pp,0.05,0.0,32,2.862387264966965,-6.248189442085497,-5.680012236701118
7177,do,0.05,0.0,8,0.2909047603607178,-5.136829156586618,-4.670421632130941
7178,pp,0.05,0.0,15,1.5908387863636015,-4.842324755408547,-4.304416023360359
7179,do,0.05,0.0,34,3.9291449999809265,-6.958567203174938,-6.1527739524841305
7180,pp,0.05,0.0,12,1.781662094593048,-5.73331209674026,-4.801074131329854
7181,do,0.05,0.0,16,2.0713829433918,-4.008940211209384,-3.6308520913124083
7182,pp,0.05,0.0,28,5.077449774742127,-4.992408027070941,-4.654711757765876
7183,do,0.05,0.0,15,1.0043411803245554,-7.484756042018081,-6.992993264728122
7184,pp,0.05,0.0,20,1.3495114278793334,-5.815297525579279,-5.354161387019687
7185,do,0.05,0.0,55,2.6511546301841724,-7.588284649993434,-6.803619474834866
7186,pp,0.05,0.0,16,1.6813789808750146,-5.49155266790679,-4.645073164833916
7187,do,0.05,0.0,27,2.384540592432023,-6.061126983526981,-5.41583641105228
7188,pp,0.05,0.0,48,1.967619854211807,-7.3331533981092045,-6.256743836402893
7189,do,0.05,0.0,19,1.7420657694339754,-5.400485866720026,-5.546768532858954
7190,pp,0.05,0.0,41,1.8524721527099608,-6.013132485476407,-5.621929918395148
7191,do,0.05,0.0,19,2.111170210838318,-5.636170973922267,-4.837940062416925
7192,pp,0.05,0.0,21,1.0157048106193542,-6.7204555497025,-5.162939980294969
7193,do,0.05,0.0,60,2.583880420923234,-6.697652644822091,-6.9277772214677595
7194,pp,0.05,0.0,13,0.856776237487793,-5.655844751993815,-4.908282314406501
7195,do,0.05,0.0,66,3.4361520123481757,-8.278990537470037,-7.575346226162381
7196,pp,0.05,0.0,40,4.604233802556991,-5.961764646298958,-5.098592411147224
7197,do,0.05,0.0,14,3.7692910027503963,-4.710045470613422,-4.262131924099393
7198,pp,0.05,0.0,70,3.3043093323707593,-6.420353783983173,-5.480019357469347
7199,do,0.05,0.0,9,0.9813296747207634,-4.831255489407163,-4.267779845661587
7200,pp,0.05,0.0,65,0.501384567022324,-9.046511678984672,-7.910592685805427
7201,do,0.05,0.0,8,1.24105939745903,-5.017629659537113,-4.405767957369487
7202,pp,0.05,0.0,16,1.4129201102256772,-6.03331337408586,-5.568343838055928
7203,do,0.05,0.0,41,2.2254550135135647,-7.028876295956699,-6.027454222573175
7204,pp,0.05,0.0,60,2.6769758927822105,-6.872020205584439,-6.059575804074606
7205,do,0.05,0.0,21,3.013730500936508,-4.531239766785593,-4.125594597392612
7206,pp,0.05,0.0,65,2.1853204429149624,-8.639890386119033,-6.538090334998237
7207,do,0.05,0.0,10,1.014961420297623,-6.002792333834099,-5.261635584301419
7208,pp,0.05,0.0,16,2.3612726008892064,-6.325988958821152,-5.5372754759258696
7209,do,0.05,0.0,70,1.483610286712647,-12.368106784242572,-10.708931504355537
7210,pp,0.05,0.0,31,3.0563098037242886,-5.3901391231652465,-4.503694452179802
7211,do,0.05,0.0,31,3.8586812043190006,-4.3629348184123184,-4.3710399124357435
7212,pp,0.05,0.0,30,2.462652558088303,-7.811697501847238,-6.894916897349887
7213,do,0.05,0.0,22,3.5984794473648076,-6.423949167945168,-5.747677887810601
7214,pp,0.05,0.0,47,2.1844742679595957,-11.2401845368472,-9.435260910458036
7215,do,0.05,0.0,35,2.584164900779723,-6.670676372990464,-5.998371908399794
7216,pp,0.05,0.0,53,2.787439452409745,-6.396093699426362,-5.1406897756788466
7217,do,0.05,0.0,70,-0.4900969481468209,-8.92657637018146,-7.905465229352315
7218,pp,0.05,0.0,30,2.6001869809627527,-4.093285830815633,-3.7747999959521823
7219,do,0.05,0.0,19,0.6528822314739227,-7.206418014295173,-5.58484324614207
7220,pp,0.05,0.0,70,0.6525456929206843,-10.324270793163414,-8.880397001902262
7221,do,0.05,0.0,22,3.680672610998153,-5.096846996654164,-5.439508043395149
7222,pp,0.05,0.0,19,2.3651616716384884,-5.014889883272575,-3.964835516611735
7223,do,0.05,0.0,17,1.160512812137604,-5.778896557201039,-5.274203668700324
7224,pp,0.05,0.0,15,1.3989127027988433,-5.251259277806137,-4.121026762326559
7225,do,0.05,0.0,6,1.001273357868195,-5.906386548822576,-5.208395195007324
7226,pp,0.05,0.0,27,4.080672773122787,-5.1886772459203545,-4.4537703911463415
7227,do,0.05,0.0,12,0.33261204957962054,-5.803345142711293,-4.935847006903755
7228,pp,0.05,0.0,24,2.1521583199501038,-4.884141036235925,-4.254515016078949
7229,do,0.05,0.0,31,0.5610115289688107,-6.968753106666334,-6.770129805141025
7230,pp,0.05,0.0,18,3.0719605338573457,-4.877627236915357,-4.648230661286248
7231,do,0.05,0.0,12,0.449737362861633,-5.457542263377796,-4.731015605396695
7232,pp,0.05,0.0,15,2.2909807372093205,-4.617616647662539,-3.9084087014198303
7233,do,0.05,0.0,68,1.2803127622604364,-8.45132617516951,-7.461894851260715
7234,pp,0.05,0.0,11,1.5413795316219332,-4.955281509052623,-4.325126263830397
7235,do,0.05,0.0,30,2.5794648945331575,-8.066103823979695,-6.375191291173299
7236,pp,0.05,0.0,43,2.852659870386124,-5.719448212421302,-5.066372179985047
7237,do,0.05,0.0,48,2.772158192396165,-6.161557477893251,-6.027063706186083
7238,pp,0.05,0.0,26,2.4726143491268164,-4.759019020831946,-4.1973337491353355
7239,do,0.05,0.0,11,2.021176917552949,-5.854274387070627,-4.822447366184658
7240,pp,0.05,0.0,25,3.3812139415740967,-4.363528596993649,-3.8607345514827305
7241,do,0.05,0.0,70,0.7928952598571772,-9.112654675859394,-7.972887712054782
7242,pp,0.05,0.0,20,0.9452296519279484,-5.213197239962491,-4.491231021616194
7243,do,0.05,0.0,70,2.6834689533710474,-6.765867801146074,-5.404637387063768
7244,pp,0.05,0.0,48,3.004503021240235,-4.4112312591437135,-3.994308744536506
7245,do,0.05,0.0,20,2.2005780720710755,-5.9110569650476625,-4.578608189688788
7246,pp,0.05,0.0,33,2.5694231426715852,-4.386680062611898,-3.75276378525628
7247,do,0.05,0.0,10,0.634817681312561,-7.798482838543978,-6.010437279277378
7248,pp,0.05,0.0,36,3.106082614660263,-6.185825071912824,-5.044115095668369
7249,do,0.05,0.0,8,0.10205746054649367,-5.282239838802453,-4.6549782991409305
7250,pp,0.05,0.0,22,1.060874671936035,-5.204239494150335,-4.440462329652575
7251,do,0.05,0.0,24,2.044003163576126,-6.27234725374164,-5.542382535669539
7252,pp,0.05,0.0,11,1.7735279154777528,-4.715382661241474,-3.9177941030926173
7253,do,0.05,0.0,42,4.235468524694442,-5.3172497734879,-4.8871228218078615
7254,pp,0.05,0.0,23,3.0849652600288398,-5.339820022294016,-4.691450275315178
7255,do,0.05,0.0,49,3.317749271392822,-6.640135448629206,-6.075604507658217
7256,pp,0.05,0.0,12,1.6450549519062037,-4.471244764328003,-3.854193079471588
7257,do,0.05,0.0,26,1.3664927995204925,-5.53487856315844,-5.219933544264899
7258,pp,0.05,0.0,70,1.8454052627086632,-7.748110216314142,-6.591926354832119
7259,do,0.05,0.0,12,1.9371299982070926,-5.051132889949915,-4.470406026310391
7260,pp,0.05,0.0,17,2.2169402849674222,-5.145491514783917,-3.93795635037952
7261,do,0.05,0.0,69,1.6911895215511317,-5.590403470126065,-5.195632619327969
7262,pp,0.05,0.0,24,1.694521634578705,-5.154684506040631,-4.245958009031084
7263,do,0.05,0.0,26,4.438414247035981,-5.946876203652584,-5.20084256860945
7264,pp,0.05,0.0,30,2.6134803271293645,-4.822940892884225,-3.8970713920063442
7265,do,0.05,0.0,30,1.8839610016345976,-5.907009240352746,-6.170569396018982
7266,pp,0.05,0.0,15,2.4429028165340423,-5.220752974712488,-4.333896075354682
7267,do,0.05,0.0,8,-0.10939662456512433,-5.480503206542044,-4.756015915340847
7268,pp,0.05,0.0,23,2.2058809244632727,-5.05281348806439,-4.4045899139510265
7269,do,0.05,0.0,30,4.519228348731995,-6.561478863340436,-6.012596323755052
7270,pp,0.05,0.0,26,2.561073707342147,-4.219418518470995,-3.7156197865804037
7271,do,0.05,0.0,51,1.5363058614730827,-7.035637232751557,-6.33598038620419
7272,pp,0.05,0.0,47,4.210317922830582,-5.163997105396155,-4.7216758476363285
7273,do,0.05,0.0,30,0.7867244482040405,-5.312917771483913,-4.778640707333882
7274,pp,0.05,0.0,39,2.5546960651874535,-5.443244715892908,-4.6941032886505125
7275,do,0.05,0.0,70,2.1625399088859565,-6.430585653131659,-5.277004991637336
7276,pp,0.05,0.0,37,2.780908122062683,-5.167221777366869,-4.177052745554183
7277,do,0.05,0.0,13,1.3787198078632361,-7.185986750053637,-5.94395604133606
7278,pp,0.05,0.0,14,1.214323370456695,-5.3144371220559785,-4.498013292418586
7279,do,0.05,0.0,28,2.106709140539169,-6.430276629419038,-5.5256314436594645
7280,pp,0.05,0.0,25,2.599375652074814,-5.471391121546428,-4.641783889134725
7281,do,0.05,0.0,32,2.738587568998337,-5.517899076866381,-5.0994335042105785
7282,pp,0.05,0.0,19,3.528165057897567,-4.46114289038109,-3.966495633125305
7283,do,0.05,0.0,24,4.769027091264725,-5.373776038487752,-4.620976736810472
7284,pp,0.05,0.0,35,4.07148745894432,-5.901244206862017,-5.202923364109463
7285,do,0.05,0.0,6,0.22536245703697144,-5.821671160784635,-4.892358268631829
7286,pp,0.05,0.0,19,1.2161147177219398,-5.577445829275883,-4.12872812350591
7287,do,0.05,0.0,12,0.7151466321945188,-5.156905872171575,-5.009947342342801
7288,pp,0.05,0.0,19,1.898666799068451,-4.909268022306038,-4.332260611322191
7289,do,0.05,0.0,15,1.052947316169739,-6.780148355888598,-6.299014062351651
7290,pp,0.05,0.0,20,1.4047771739959707,-6.004257468021277,-5.6812191751268175
7291,do,0.05,0.0,15,3.232886525392532,-5.439748408577659,-4.782750005192227
7292,pp,0.05,0.0,32,3.6880617606639854,-5.507007292545203,-4.63180580801434
7293,do,0.05,0.0,15,1.7575209653377533,-5.438709059628573,-4.669901376300388
7294,pp,0.05,0.0,21,1.9152030646800995,-4.544481210997611,-4.051621271504296
7295,do,0.05,0.0,8,0.766376262903214,-5.224353394363866,-4.4518959893120655
7296,pp,0.05,0.0,25,2.5237035930156706,-4.454644051465121,-3.799969744682312
7297,do,0.05,0.0,20,2.754924968481064,-6.059009666153879,-5.197847180896336
7298,pp,0.05,0.0,39,2.800071957111358,-5.762710030873617,-4.776743027899
7299,do,0.05,0.0,51,2.733065103292465,-5.8939640146313295,-5.907065592871772
7300,pp,0.05,0.0,37,3.7376514923572532,-4.767479965181062,-4.630736007955339
7301,do,0.05,0.0,29,0.0400072407722476,-6.0974088148637255,-5.938257956504822
7302,pp,0.05,0.0,61,1.0551058650016785,-5.735316961461847,-5.042282925711738
7303,do,0.05,0.0,13,0.033109630346298324,-6.290093511523622,-5.169375684526232
7304,pp,0.05,0.0,60,2.454553786516188,-7.121726411761659,-6.301383680767483
7305,do,0.05,0.0,11,0.443831958770752,-5.509748802763043,-4.847920605871413
7306,pp,0.05,0.0,13,1.8114050459861755,-5.081310749053955,-4.25122754044003
7307,do,0.05,0.0,14,2.4286280333995824,-6.090414424376054,-5.322409839100308
7308,pp,0.05,0.0,17,2.458531193733215,-5.599612072742347,-5.027328319019741
7309,do,0.05,0.0,70,0.6658481371402738,-6.880263710021973,-6.67757801744673
7310,pp,0.05,0.0,28,2.8870931661128996,-4.780158722039425,-4.394403019216326
7311,do,0.05,0.0,10,-0.7507687866687771,-6.497957816268459,-5.5115619315041435
7312,pp,0.05,0.0,21,1.6710955655574802,-5.227628366874926,-4.3858809179729885
7313,do,0.05,0.0,12,1.2216780829429625,-6.058405798131769,-4.892290759086609
7314,pp,0.05,0.0,11,1.2028520822525017,-5.190845347895767,-4.43413978682624
7315,do,0.05,0.0,9,0.7350307035446164,-6.806662068222508,-6.002932585610283
7316,pp,0.05,0.0,13,1.4703760826587677,-4.844692524996671,-4.314801747269101
7317,do,0.05,0.0,14,2.9201375091075903,-5.715166604880131,-5.600317308637831
7318,pp,0.05,0.0,34,3.6472033488750446,-5.592619047742901,-4.973988060156504
7319,do,0.05,0.0,31,2.157726830244065,-5.4718506191716045,-5.081787686877781
7320,pp,0.05,0.0,70,3.189357532262801,-5.629700919353601,-4.779147834248013
7321,do,0.05,0.0,11,0.5962476599216462,-5.170107543829715,-4.979223924212985
7322,pp,0.05,0.0,67,1.8045290052890781,-5.9956077647931645,-5.3025615506702
7323,do,0.05,0.0,12,1.4934636187553414,-5.70540133823048,-4.927870856391059
7324,pp,0.05,0.0,19,2.1204489314556128,-4.982454494996504,-4.209412527084351
7325,do,0.05,0.0,10,0.28648868441581765,-6.0390631646821,-5.045161228709751
7326,pp,0.05,0.0,19,2.8741167712211606,-4.845717870827877,-4.004451772901747
7327,do,0.05,0.0,13,2.336711111068726,-5.039712605331883,-4.589807886547512
7328,pp,0.05,0.0,27,3.7143134939670572,-5.021123597116182,-4.397341685824924
7329,do,0.05,0.0,28,3.1805048942565923,-5.271615909807609,-5.201481103897095
7330,pp,0.05,0.0,38,5.576027035713196,-4.448730563394951,-4.157045598824819
7331,do,0.05,0.0,13,0.20544132351875266,-5.660345742196748,-4.968250274658203
7332,pp,0.05,0.0,24,1.6362613797187802,-5.547963064367121,-5.21506028175354
7333,do,0.05,0.0,42,1.579568119049072,-6.341810891122529,-5.690983769628737
7334,pp,0.05,0.0,27,1.875310790538788,-5.893147553819599,-5.035140493181017
7335,do,0.05,0.0,14,1.9145741963386538,-5.973432458530773,-4.9707555267545915
7336,pp,0.05,0.0,34,3.2792031002044686,-7.377761511369185,-6.02075785530938
7337,do,0.05,0.0,30,4.324201458692551,-5.710166996175593,-5.115582927068075
7338,pp,0.05,0.0,54,5.117340372800826,-7.080751231222441,-6.405648589134216
7339,do,0.05,0.0,37,3.2361177968978874,-6.036416087006078,-6.475080339113871
7340,pp,0.05,0.0,70,5.211415257453918,-5.93649168881503,-5.175345545344882
7341,do,0.05,0.0,31,4.069286918640137,-5.877777379931826,-5.484509775373671
7342,pp,0.05,0.0,43,6.106170994043351,-5.238751983642578,-4.559497457080417
7343,do,0.05,0.0,34,1.6650312948226933,-6.26551873033697,-6.231799425019158
7344,pp,0.05,0.0,31,2.9679526281356807,-4.527345749826142,-4.192447155051761
7345,do,0.05,0.0,14,1.8976045632362366,-4.684002887841427,-3.984960455364651
7346,pp,0.05,0.0,28,2.7861867058277134,-5.540340731360695,-4.789257995287577
7347,do,0.05,0.0,36,1.6615277588367459,-7.307001881165938,-6.418004004160563
7348,pp,0.05,0.0,45,3.3783965897560124,-5.731405722011219,-5.005738666322496
7349,do,0.05,0.0,19,0.6252605700492859,-5.446719434044578,-4.48703277375963
7350,pp,0.05,0.0,25,2.3120909869670863,-4.764477157592774,-3.94626374774509
7351,do,0.05,0.0,19,3.3263076853752134,-5.661011262373491,-5.579273043738471
7352,pp,0.05,0.0,26,3.304208654165267,-6.066571257331154,-5.447617787785
7353,do,0.05,0.0,19,1.9310138046741487,-5.244233174757524,-4.802297208044264
7354,pp,0.05,0.0,70,3.500716869831086,-6.864037405360829,-6.006586647033691
7355,do,0.05,0.0,30,2.173885340690612,-7.4282902471946946,-6.435282717810737
7356,pp,0.05,0.0,51,2.2896088373661048,-10.375066484104503,-8.553372568554348
7357,do,0.05,0.0,9,1.329239711761475,-6.017531275026726,-5.084244251251221
7358,pp,0.05,0.0,12,1.3218930482864382,-5.59515596447569,-4.791139242384169
7359,do,0.05,0.0,29,3.770488456487655,-5.67674693627791,-5.398435899946425
7360,pp,0.05,0.0,21,3.2530395340919487,-4.631552814714836,-4.002105816205343
7361,do,0.05,0.0,10,0.4438358414173127,-7.4908751588879205,-6.4985310528013445
7362,pp,0.05,0.0,21,1.3123542165756223,-9.378493699160488,-7.9863223287794325
7363,do,0.05,0.0,9,1.7360185766220093,-5.845980064796679,-5.152827972835965
7364,pp,0.05,0.0,11,1.9998560261726386,-5.446663398453683,-4.660051565700107
7365,do,0.05,0.0,70,3.2577343297004697,-7.465665558612708,-7.150523270501031
7366,pp,0.05,0.0,25,1.2217812561988834,-7.031340724771673,-5.5601049900054935
7367,do,0.05,0.0,16,1.675602658987045,-5.209217775229252,-4.474930053287082
7368,pp,0.05,0.0,20,3.0361296546459204,-6.4589214223803895,-5.669782280921936
7369,do,0.05,0.0,29,5.100816332101822,-4.757833129709417,-4.078773615095351
7370,pp,0.05,0.0,38,5.663370537757873,-5.773878666848847,-5.063062085045709
7371,do,0.05,0.0,50,2.8544975686073304,-7.903961657032822,-7.376569501558939
7372,pp,0.05,0.0,33,4.083722759485245,-5.025167926152547,-4.487914085388184
7373,do,0.05,0.0,21,3.5222378683090207,-5.807796810612534,-5.05778558254242
7374,pp,0.05,0.0,41,2.760850315093995,-6.949271807526097,-6.493863529629177
7375,do,0.05,0.0,18,2.334441815614701,-6.118939711830833,-5.051335366566976
7376,pp,0.05,0.0,11,1.4219688045978547,-7.0276778047735045,-5.90770341290368
7377,do,0.05,0.0,23,2.640164474248887,-6.135118967114073,-5.959798561202155
7378,pp,0.05,0.0,47,2.326265777349473,-11.415906807870575,-9.168902100457085
7379,do,0.05,0.0,18,3.2516913390159603,-4.456333702260798,-4.154048946168688
7380,pp,0.05,0.0,30,5.169787033796311,-5.604911201650446,-4.987004783418444
7381,do,0.05,0.0,24,5.4101827728748315,-5.905417819456621,-5.567271343866984
7382,pp,0.05,0.0,37,5.319132785797119,-4.837172149889397,-4.120751343833076
7383,do,0.05,0.0,12,1.3840644359588623,-5.136529741865216,-4.66329238679674
7384,pp,0.05,0.0,48,3.6870627069473265,-5.8327527942079485,-4.9572004795074465
7385,do,0.05,0.0,21,2.3082573449611665,-6.143855138258501,-5.231278864542643
7386,pp,0.05,0.0,28,3.2603923356533047,-5.983521155155066,-5.128863432672289
7387,do,0.05,0.0,29,2.432712600231171,-5.80866286537864,-5.364483494228787
7388,pp,0.05,0.0,17,2.2357445442676545,-5.222863659714207,-4.664672822422451
7389,do,0.05,0.0,21,4.457026088237762,-5.113238587523952,-4.422564260164896
7390,pp,0.05,0.0,48,4.766453152894974,-5.710477943131418,-4.8052658875783285
7391,do,0.05,0.0,46,3.416604561805724,-6.525034654501713,-6.695765728420682
7392,pp,0.05,0.0,36,4.627940138578416,-5.036253554893262,-4.412205428547329
7393,do,0.05,0.0,34,2.3270943796634667,-6.610915046749693,-5.7271680010689625
7394,pp,0.05,0.0,23,2.551294858455658,-5.75623353322347,-4.865656865967645
7395,do,0.05,0.0,10,1.030079118013382,-5.583727874177875,-4.635348767704434
7396,pp,0.05,0.0,9,0.5960971868038181,-4.589453811356516,-3.7933326774173315
7397,do,0.05,0.0,9,0.04809585213661194,-6.029366880474669,-5.393449648221334
7398,pp,0.05,0.0,15,0.8632343983650204,-4.757426592797944,-3.9607826325628492
7399,do,0.05,0.0,25,1.5801085603237146,-7.223668666319414,-6.462065495385064
7400,pp,0.05,0.0,34,1.716371343135834,-6.200356058640914,-4.837476036283705
7401,do,0.05,0.0,25,1.2613836228847495,-7.579813756364764,-6.425094927681817
7402,pp,0.05,0.0,70,1.3490264415740967,-7.519904924161507,-6.287138589223226
7403,do,0.05,0.0,9,1.0485804116725923,-5.515200544126106,-5.043695913420783
7404,pp,0.05,0.0,70,1.952403497695923,-7.816714242010406,-6.307622501585219
7405,do,0.05,0.0,13,0.9812777149677272,-6.0209566636519,-5.577599782413906
7406,pp,0.05,0.0,17,2.515638827085496,-5.096556501677542,-4.39432384967804
7407,do,0.05,0.0,70,2.576831557750702,-8.595433330535888,-6.490286837683784
7408,pp,0.05,0.0,70,1.5548203861713397,-10.357017407272801,-8.641921859317355
7409,do,0.05,0.0,9,0.23357288122177167,-5.741311006835013,-6.064300674862332
7410,pp,0.05,0.0,25,1.81180136680603,-6.347062761133367,-5.428748655319214
7411,do,0.05,0.0,11,0.8685870099067685,-6.173908181623979,-5.595825470818413
7412,pp,0.05,0.0,17,1.8405238592624666,-5.231792688369751,-4.178741704093086
7413,do,0.05,0.0,15,1.68373726606369,-4.503484160972364,-4.275198226504855
7414,pp,0.05,0.0,70,1.94974639415741,-6.3683371399388164,-5.627486496501499
7415,do,0.05,0.0,19,1.876337090730667,-4.6847147074612705,-4.274030987421671
7416,pp,0.05,0.0,67,2.057277426719665,-6.86072613398234,-5.876391384336683
7417,do,0.05,0.0,19,1.928777655363083,-5.350136550267537,-5.033781599998474
7418,pp,0.05,0.0,39,2.7346568119525916,-5.828742736758608,-5.2577171723047895
7419,do,0.05,0.0,19,1.9286919581890105,-6.324424882368608,-5.682456027136909
7420,pp,0.05,0.0,7,0.6788116002082827,-5.1862556081829645,-4.24349611070421
7421,do,0.05,0.0,18,1.9058883082866664,-7.660571521701235,-6.951975899272495
7422,pp,0.05,0.0,9,1.57090769648552,-5.284453711365209,-4.291855622662438
7423,do,0.05,0.0,22,1.7381722748279573,-4.694206406853416,-4.3138648377524484
7424,pp,0.05,0.0,13,0.9860235667228698,-5.015324976949981,-4.327523481845856
7425,do,0.05,0.0,29,3.351658951044083,-4.794221932960279,-4.1828247785568236
7426,pp,0.05,0.0,35,3.1926754355430607,-4.642066971460978,-4.045677006244659
7427,do,0.05,0.0,12,1.379960511922837,-5.4640475692171036,-4.9131904734505545
7428,pp,0.05,0.0,25,4.132941198348998,-5.104879468860048,-4.551841269599067
7429,do,0.05,0.0,70,4.814503645896912,-8.22047272162004,-7.947116221321954
7430,pp,0.05,0.0,39,2.1462376654148096,-5.465861947608716,-4.270716591676076
7431,do,0.05,0.0,28,3.0404468882083897,-5.631718493952896,-4.664926542176141
7432,pp,0.05,0.0,70,2.16660586476326,-5.323739756959857,-4.578873978720771
7433,do,0.05,0.0,6,1.0863487517833708,-5.653230086239901,-4.615358622868856
7434,pp,0.05,0.0,24,2.8028287875652307,-5.87354665814024,-4.834602816899618
7435,do,0.05,0.0,41,5.150609502792358,-6.297165298461914,-5.697050592634413
7436,pp,0.05,0.0,17,3.6864194691181185,-5.4110101699829105,-4.680823225445217
7437,do,0.05,0.0,53,1.8225738811492924,-6.940657043457032,-5.797321044074165
7438,pp,0.05,0.0,70,2.7706479072570804,-6.094907488967433,-6.328631864653693
7439,do,0.05,0.0,11,1.5423908078670507,-5.796800726110285,-5.031730095545451
7440,pp,0.05,0.0,20,2.883569902181626,-4.826739968675556,-4.050837514135573
7441,do,0.05,0.0,26,4.222024257183074,-4.8430741685809515,-4.353177007039388
7442,pp,0.05,0.0,20,2.282180852890015,-5.105012364821,-4.302151595221625
7443,do,0.05,0.0,33,2.347350127696992,-7.163607569896814,-6.45715430047777
7444,pp,0.05,0.0,20,1.9420792973041534,-5.203750900788741,-4.335615131590101
7445,do,0.05,0.0,18,3.1285219180583956,-5.116146406982884,-4.954634001519945
7446,pp,0.05,0.0,15,2.3871298694610594,-4.192535138852668,-3.5330301218562656
7447,do,0.05,0.0,23,3.870022406578064,-6.15498428922711,-5.327937730153402
7448,pp,0.05,0.0,19,3.46514119386673,-4.945845476786295,-4.257044149769677
7449,do,0.05,0.0,8,-0.12536089658737204,-6.558631467819214,-5.687482145097521
7450,pp,0.05,0.0,4,0.29478369712829533,-5.307104960354891,-4.412872950236003
7451,do,0.05,0.0,63,3.062104028463364,-7.292953192103993,-6.556759148173862
7452,pp,0.05,0.0,28,2.1348490929603567,-5.775434095209295,-4.876167964935303
7453,do,0.05,0.0,41,4.071751062870026,-6.823690845027114,-5.326053500175476
7454,pp,0.05,0.0,21,2.374266415834427,-4.565421982967492,-3.8460536890559727
7455,do,0.05,0.0,27,1.58279208779335,-6.4899510152412185,-6.274934487872653
7456,pp,0.05,0.0,46,1.885975821018219,-6.339224730115948,-5.0784628682666355
7457,do,0.05,0.0,32,3.4031351912021632,-5.8294029293638285,-5.315653525458442
7458,pp,0.05,0.0,18,2.085740644931793,-6.032426221442945,-4.98767810927497
7459,do,0.05,0.0,30,2.101237832307815,-5.9953684171040855,-5.420801573329502
7460,pp,0.05,0.0,15,1.2797378242015842,-5.157640212954897,-4.40244919459025
7461,do,0.05,0.0,20,3.135944379568101,-6.5004496357657695,-5.480359983444214
7462,pp,0.05,0.0,13,1.137743028402328,-5.1781761357278535,-4.35584864616394
7463,do,0.05,0.0,16,1.4857966530323035,-5.878223072398793,-4.626431576410929
7464,pp,0.05,0.0,13,1.128597518205643,-5.778996064446189,-4.204705123106638
7465,do,0.05,0.0,21,2.819665014743805,-5.147378584832856,-4.528288412094116
7466,pp,0.05,0.0,19,2.583894464969635,-4.47367931062525,-4.109782960679796
7467,do,0.05,0.0,30,5.027422475814818,-5.819961199615941,-5.9234991921318905
7468,pp,0.05,0.0,70,2.4870060086250305,-6.511624740831779,-6.1124140474531385
7469,do,0.05,0.0,9,0.9462048375606544,-5.642447106043497,-4.838081979751587
7470,pp,0.05,0.0,7,1.1522766888141636,-5.466029092037316,-4.3542270554436575
7471,do,0.05,0.0,51,4.824405802488327,-6.698210479273941,-6.01206894715627
7472,pp,0.05,0.0,52,4.026190699338912,-5.153598307118271,-4.696457221772936
7473,do,0.05,0.0,36,2.846292561292649,-5.103562385385687,-4.636816318829855
7474,pp,0.05,0.0,24,1.3173091411590576,-5.291370110078291,-4.392523544364505
7475,do,0.05,0.0,31,0.7359837269783025,-9.206058307127519,-8.144529920154147
7476,pp,0.05,0.0,10,0.9792810118198396,-5.438488349047574,-4.392222793896993
7477,do,0.05,0.0,29,4.203864535093309,-5.48631976445516,-4.734655001428393
7478,pp,0.05,0.0,22,2.876391571760177,-6.020245096900246,-4.692315345340305
7479,do,0.05,0.0,22,3.1764779663085934,-6.203115570183956,-5.6548921134736805
7480,pp,0.05,0.0,7,1.3148850071430207,-5.7518072417288115,-4.286064169141981
7481,do,0.05,0.0,40,2.1810838294029233,-6.117755663033687,-5.321136977937487
7482,pp,0.05,0.0,21,1.5016674029827115,-5.110895034038659,-4.506518875228034
7483,do,0.05,0.0,23,1.5202035689353934,-6.219459532246445,-5.631566630469428
7484,pp,0.05,0.0,21,1.9834405016899108,-5.597000529549339,-4.668151333596971
7485,do,0.05,0.0,20,2.8594675862789156,-6.3074191642530035,-4.959936247931586
7486,pp,0.05,0.0,40,3.836532533168792,-7.259488862933535,-6.111862516403198
7487,do,0.05,0.0,40,3.808812131881713,-5.508221503460046,-5.053639517890082
7488,pp,0.05,0.0,25,2.2671586060523987,-5.481921479196259,-4.550479271676806
7489,do,0.05,0.0,27,1.6619328749179836,-6.073569605567238,-5.6198545853296915
7490,pp,0.05,0.0,23,0.9751859605312347,-5.822241458025846,-5.005378188027276
7491,do,0.05,0.0,16,1.4237897288799282,-6.555584208170573,-5.8985039658016625
7492,pp,0.05,0.0,28,3.0626062977313993,-5.787797556501446,-4.614063141081068
7493,do,0.05,0.0,56,3.1169815886020658,-8.141996799815784,-7.036655563778347
7494,pp,0.05,0.0,25,2.5156908953189854,-5.504285010424527,-4.718312048912049
7495,do,0.05,0.0,17,1.906381554603577,-4.599329220164906,-4.225953839884864
7496,pp,0.05,0.0,11,1.6710599863529207,-5.524619512846976,-4.394203951623704
7497,do,0.05,0.0,20,1.9033020997047423,-4.841705869905876,-5.119249441888598
7498,pp,0.05,0.0,21,2.0844866597652434,-5.075468741041242,-4.260803465048472
7499,do,0.05,0.0,62,2.8163155734539025,-7.2380338553226355,-6.102483937475417
7500,pp,0.05,0.0,18,1.3153405272960663,-5.9292135440942015,-4.709498074319628
7501,do,0.05,0.0,19,1.55149522781372,-7.838250012831255,-6.5383016268412275
7502,pp,0.05,0.0,22,2.60536142230034,-6.541046476364135,-4.986693154440986
7503,do,0.05,0.0,11,2.0279633367061614,-6.467184546499541,-5.369443265597026
7504,pp,0.05,0.0,10,1.4182328522205356,-6.938586578947125,-5.365277417500814
7505,do,0.05,0.0,35,2.558617297410965,-5.6124738519841975,-5.2650890323850845
7506,pp,0.05,0.0,33,2.204277930259704,-6.034840533227632,-5.35885149108039
7507,do,0.05,0.0,64,2.4913441491127006,-9.560648317048043,-8.862811983956231
7508,pp,0.05,0.0,39,4.784410562515258,-5.286938528581099,-4.775713793436686
7509,do,0.05,0.0,28,2.242180002927779,-5.553952189647791,-4.872624391979642
7510,pp,0.05,0.0,33,4.137451189756393,-5.132533686088793,-4.67682941754659
7511,do,0.05,0.0,20,1.4844840538501733,-5.376347511464899,-5.439787697792053
7512,pp,0.05,0.0,28,2.3322949123382557,-5.758807477084074,-5.599413167105781
7513,do,0.05,0.0,24,4.108503657579422,-4.923913577108673,-4.408952811029223
7514,pp,0.05,0.0,30,4.05329367518425,-5.117603345350786,-4.53021207385593
7515,do,0.05,0.0,13,0.3727223324775695,-5.180969213716912,-4.557070668538412
7516,pp,0.05,0.0,15,0.6355954611301415,-5.600378669391979,-5.082392655478584
7517,do,0.05,0.0,9,1.0284814882278441,-5.036511580149333,-4.470561162630717
7518,pp,0.05,0.0,66,2.947194080352782,-8.745621046875462,-6.454612329271105
7519,do,0.05,0.0,45,3.0148033332824697,-5.774662772091952,-5.937864995002746
7520,pp,0.05,0.0,70,4.063200490474702,-6.104076307470148,-5.087906980514527
7521,do,0.05,0.0,19,2.0394233477115637,-5.156016260204893,-4.511365556716919
7522,pp,0.05,0.0,16,2.353771153688431,-5.053457554903898,-4.469767000940111
7523,do,0.05,0.0,12,2.864531829357147,-4.2055432507486055,-3.84758696158727
7524,pp,0.05,0.0,16,2.2739702177047727,-4.78324067809365,-4.154091371430291
7525,do,0.05,0.0,28,3.920988988876343,-4.780969359657981,-4.465546798706055
7526,pp,0.05,0.0,27,3.3026001739501956,-6.901643221306078,-6.018259806103177
7527,do,0.05,0.0,16,2.336381472349167,-6.238047504425049,-5.768254621823629
7528,pp,0.05,0.0,22,2.968401694297791,-5.004827206062548,-4.434194045596652
7529,do,0.05,0.0,25,3.3553476214408873,-5.4204121763055975,-4.920099737909105
7530,pp,0.05,0.0,70,5.4422300279140465,-6.680089853749131,-5.827942837609185
7531,do,0.05,0.0,21,1.820892153978348,-5.613099999861284,-6.075088681115044
7532,pp,0.05,0.0,16,1.6197341239452356,-5.7145178867108894,-5.471840360429552
7533,do,0.05,0.0,18,2.7860980987548833,-5.382455359083234,-4.777215088738336
7534,pp,0.05,0.0,26,3.701133774518966,-4.87068113269228,-3.985122745566898
7535,do,0.05,0.0,13,1.5026323473453518,-6.178751370401093,-5.262155018912422
7536,pp,0.05,0.0,68,2.7018693065643316,-10.51552345824964,-8.490234555138482
7537,do,0.05,0.0,19,3.651477968692779,-6.176219551491015,-5.706075088183085
7538,pp,0.05,0.0,35,3.7092631340026863,-6.443944759079904,-5.551246213912964
7539,do,0.05,0.0,15,2.7267427265644075,-5.782545962478175,-5.123985642857022
7540,pp,0.05,0.0,19,2.966101106405257,-5.933001957517682,-5.268572047021654
7541,do,0.05,0.0,53,3.117953712940216,-5.248265356006044,-5.130686812930637
7542,pp,0.05,0.0,67,4.413978643417358,-6.290454507596565,-5.734772226545545
7543,do,0.05,0.0,25,3.569200073480606,-5.563371268185702,-4.895631088150872
7544,pp,0.05,0.0,21,2.4930934941768648,-4.77400891419613,-4.111632174915737
7545,do,0.05,0.0,9,0.970920267105102,-6.57037498589718,-6.107415535714892
7546,pp,0.05,0.0,70,2.4275291776657095,-8.352504694100583,-7.109663830863105
7547,do,0.05,0.0,22,2.858068277835846,-4.731007885210442,-4.272301072544522
7548,pp,0.05,0.0,12,1.9001739704608918,-5.046155603004224,-4.054933762550354
7549,do,0.05,0.0,18,2.0903847897052765,-4.9754100915157435,-5.910220485263401
7550,pp,0.05,0.0,31,2.6940323007106777,-5.3482440659494115,-4.719164032406277
7551,do,0.05,0.0,6,0.5573779034614565,-4.90411906820355,-4.288592537244161
7552,pp,0.05,0.0,19,1.5987887668609622,-4.712148427963257,-3.9422843933105467
7553,do,0.05,0.0,32,3.6818949091434483,-4.990037751920296,-4.916015558772617
7554,pp,0.05,0.0,20,3.78529239654541,-4.9346272410768455,-4.182147563828362
7555,do,0.05,0.0,10,1.2026609241962438,-4.727193543405244,-4.4692546129226685
7556,pp,0.05,0.0,31,1.9349217164516448,-5.188432757059733,-4.4799855735566885
7557,do,0.05,0.0,19,4.185025336742401,-4.514727394508593,-4.085296369923485
7558,pp,0.05,0.0,23,3.9009656739234924,-4.719687821648337,-4.177777001592848
7559,do,0.05,0.0,17,3.5721634948253635,-6.299873743635235,-5.764341913329231
7560,pp,0.05,0.0,70,4.503363871574401,-6.707754525271329,-5.447083836131625
7561,do,0.05,0.0,58,3.0560010123252876,-9.96053027528705,-9.554060951868694
7562,pp,0.05,0.0,35,4.583082331418991,-5.436019950924497,-5.190411186218261
7563,do,0.05,0.0,11,2.209178133010864,-5.065032395449552,-4.223811933729384
7564,pp,0.05,0.0,23,3.744655802249908,-5.92136553995537,-4.921499241722954
7565,do,0.05,0.0,17,2.4085040581226353,-5.618701916029959,-5.24123694896698
7566,pp,0.05,0.0,15,2.59179143667221,-5.217296226096876,-4.625613657633464
7567,do,0.05,0.0,23,1.5732230007648464,-6.699967712344545,-5.860873267385695
7568,pp,0.05,0.0,23,0.9262759971618655,-5.447009189201124,-5.259294086032444
7569,do,0.05,0.0,24,3.3083293592929834,-4.92611113317085,-4.753053010834588
7570,pp,0.05,0.0,25,2.9526188588142404,-4.55579563776652,-4.152833520041572
7571,do,0.05,0.0,29,1.8781084024906152,-6.136531007651127,-5.783894986576504
7572,pp,0.05,0.0,13,0.9134533798694608,-4.277752650867809,-3.822214611371358
7573,do,0.05,0.0,9,1.0204712688922877,-4.894268460707231,-4.433219761318631
7574,pp,0.05,0.0,19,1.9160363805294036,-6.6143243558479075,-5.091258695390489
7575,do,0.05,0.0,24,2.3193819808959963,-5.913801502458977,-5.769376275274489
7576,pp,0.05,0.0,12,0.6838837349414826,-4.953489924922134,-4.065879547595978
7577,do,0.05,0.0,56,4.164305288791656,-8.13362484556256,-7.699147521124946
7578,pp,0.05,0.0,15,3.1388094031810754,-4.743907830209443,-4.146113525496589
7579,do,0.05,0.0,52,2.708762640953065,-6.050414225549408,-5.162102548281352
7580,pp,0.05,0.0,15,1.5261693215370178,-4.991559684637821,-4.244281125068665
7581,do,0.05,0.0,26,1.4637889146804808,-5.757737814296376,-5.250883645481533
7582,pp,0.05,0.0,36,3.8647487795352937,-4.560682633428863,-4.167036204867893
7583,do,0.05,0.0,44,3.199618771076203,-5.530460809938836,-4.836808167563545
7584,pp,0.05,0.0,14,0.817310888767242,-5.557275262023463,-4.384208325544993
7585,do,0.05,0.0,66,0.050965154170990346,-10.523255391554398,-10.30557967821757
7586,pp,0.05,0.0,40,1.7352006042003634,-7.7521044557744805,-5.767605217297872
7587,do,0.05,0.0,20,1.6678296172618854,-7.235918938029896,-7.849907138612536
7588,pp,0.05,0.0,12,0.8313147902488707,-5.35394565264384,-4.24982809358173
7589,do,0.05,0.0,18,1.2854426324367516,-6.211399260434237,-5.646323166953193
7590,pp,0.05,0.0,8,0.6848286926746372,-4.707688146648985,-4.010755395889282
7591,do,0.05,0.0,15,0.42592391490936343,-6.852235153949622,-6.469807720184326
7592,pp,0.05,0.0,70,2.236542747020721,-8.864363729592526,-7.576826021406386
7593,do,0.05,0.0,58,0.7377184474468237,-10.400101153055827,-8.638149531682332
7594,pp,0.05,0.0,20,1.4602115058898928,-5.730966231317231,-4.472212123870849
7595,do,0.05,0.0,70,2.4098497903347003,-7.158864710547707,-6.463850408130222
7596,pp,0.05,0.0,23,1.7729145729541775,-4.335613177039407,-3.7903578652275933
7597,do,0.05,0.0,22,2.1783077144622798,-7.507069226467248,-6.726159694459703
7598,pp,0.05,0.0,23,2.5808867383003236,-4.085082250652891,-3.767291129959954
7599,do,0.05,0.0,30,1.429884110689164,-7.11070376887466,-6.2879963609907366
7600,pp,0.05,0.0,7,0.561471164226532,-4.415651259277806,-3.783882921271854
7601,do,0.05,0.0,24,2.350612248182297,-6.848180188554706,-5.98174409866333
7602,pp,0.05,0.0,16,1.9250416254997251,-5.10254067363161,-4.361615369055007
7603,do,0.05,0.0,61,0.45858221530914367,-7.8206121025663435,-6.914513577355279
7604,pp,0.05,0.0,4,0.30281083464622505,-4.1844198125781435,-3.5377800239457025
7605,do,0.05,0.0,27,5.1530458724498756,-5.437562974294027,-5.372488074832493
7606,pp,0.05,0.0,6,1.3868360626697545,-4.106516713084597,-3.716893521944682
7607,do,0.05,0.0,70,3.82847598195076,-7.630925613461119,-6.840908368428548
7608,pp,0.05,0.0,12,1.3308372843265532,-4.024536994731787,-3.5209366281827292
7609,do,0.05,0.0,27,3.7746889710426323,-6.4067962949926205,-5.477438587612576
7610,pp,0.05,0.0,70,1.1533564686775204,-6.554981215794881,-5.431174696816338
7611,do,0.05,0.0,30,2.470177154541016,-5.775394766258471,-5.588443599806892
7612,pp,0.05,0.0,70,1.9486183083057407,-5.961188147284767,-5.20453924867842
7613,do,0.05,0.0,13,1.2416679251194003,-5.878514269626502,-5.509231601821051
7614,pp,0.05,0.0,15,1.0876030188798902,-4.613473068584096,-3.973644432756636
7615,do,0.05,0.0,47,1.8198509430885323,-6.5982049913117375,-6.61659906440311
7616,pp,0.05,0.0,12,0.6589352083206181,-5.577164223699858,-4.66973082224528
7617,do,0.05,0.0,59,1.7250957596302037,-6.415189761826486,-6.603211855888366
7618,pp,0.05,0.0,54,1.8110444831848147,-6.780661766456835,-5.470983492003547
7619,do,0.05,0.0,62,1.7730783939361565,-9.196657712531811,-7.9822367403242325
7620,pp,0.05,0.0,23,3.560935139656067,-5.5410072109916,-4.84278400739034
7621,do,0.05,0.0,65,4.727899819612504,-6.186074030038082,-6.124452381663852
7622,pp,0.05,0.0,30,2.652384058237076,-5.492998543652621,-4.5261104080412125
7623,do,0.05,0.0,70,2.7004916203022002,-7.457396423455441,-7.440740585327148
7624,pp,0.05,0.0,23,0.11892577648162828,-6.914375442447084,-5.079815130763584
7625,do,0.05,0.0,24,2.720677425861358,-7.319537542805527,-6.829614649878608
7626,pp,0.05,0.0,17,2.552907794713974,-4.856162072672989,-4.065252890851762
7627,do,0.05,0.0,25,1.9023438608646392,-6.0200256188710535,-6.038256809446547
7628,pp,0.05,0.0,27,2.6726187145709996,-4.488753115769589,-3.834299776289198
7629,do,0.05,0.0,31,1.1964107251167295,-10.776930980971365,-9.275746075312297
7630,pp,0.05,0.0,5,1.0189213025569916,-5.1951207305445815,-4.123726163970099
7631,do,0.05,0.0,31,2.9892947781085972,-4.918019177696921,-4.825336719883813
7632,pp,0.05,0.0,24,2.133393387794495,-4.482700742374767,-3.9037443823284574
7633,do,0.05,0.0,38,3.0681976211071014,-5.925163605718902,-4.98361095322503
7634,pp,0.05,0.0,70,0.9027016949653639,-10.731872967517738,-7.9093531767527265
7635,do,0.05,0.0,30,3.355820741653443,-6.171260294769749,-6.4298420985539755
7636,pp,0.05,0.0,11,1.028894559144974,-5.164521395076405,-4.344415995809767
7637,do,0.05,0.0,29,2.388491041660309,-5.9142268585436275,-4.857532789972093
7638,pp,0.05,0.0,13,1.897520843744278,-5.49619947346774,-4.794232797622681
7639,do,0.05,0.0,35,4.401810266971588,-6.150365908940633,-6.298145922025045
7640,pp,0.05,0.0,26,3.574471400976182,-6.202564684549968,-5.547115127245585
7641,do,0.05,0.0,23,1.8291229414939876,-5.8516466227444734,-5.7113550371593895
7642,pp,0.05,0.0,18,1.9172143852710732,-6.27224674947334,-5.449837125672234
7643,do,0.05,0.0,49,3.510628497600556,-5.901064544735533,-5.483390495512221
7644,pp,0.05,0.0,13,1.6033032131195073,-4.294909803795092,-3.877363978491889
7645,do,0.05,0.0,12,3.3106173300743107,-6.5169745806491735,-5.816255686018202
7646,pp,0.05,0.0,37,1.5928363060951227,-11.35401631268588,-9.285078631507027
7647,do,0.05,0.0,33,3.461663026809693,-6.352260419094201,-5.96889570289188
7648,pp,0.05,0.0,20,1.6957398450374601,-7.307368119557698,-6.127569087346395
7649,do,0.05,0.0,70,0.5674689483642581,-7.548808840549353,-8.14976692199707
7650,pp,0.05,0.0,11,1.5893187856674196,-4.411312098936601,-3.875236479441325
7651,do,0.05,0.0,40,1.696295477151871,-6.697450085842248,-6.082269944085015
7652,pp,0.05,0.0,29,0.7257981383800516,-7.002223471439246,-5.68450169828203
7653,do,0.05,0.0,27,3.7820989871025086,-5.7140962831901785,-4.862403909365336
7654,pp,0.05,0.0,6,1.3375042402744288,-5.213799803184741,-4.370649464925131
7655,do,0.05,0.0,70,1.1764159941673276,-7.514044445211237,-7.168272762828403
7656,pp,0.05,0.0,26,1.3583700466156001,-5.3391970937902276,-4.798874386151632
7657,do,0.05,0.0,23,2.427778147459029,-6.812723195914066,-6.145004900296529
7658,pp,0.05,0.0,47,1.245372114181519,-9.098095607757568,-7.9491298993428545
7659,do,0.05,0.0,11,1.4874727761745454,-6.255783133073287,-5.878559202618069
7660,pp,0.05,0.0,13,1.4757038700580596,-5.975527850064364,-5.0879237625334
7661,do,0.05,0.0,1,-1.0748819899559026,-6.230448072606867,-5.605116748809815
7662,pp,0.05,0.0,13,1.4425476801395423,-5.0830851540421,-3.863245873981052
7663,do,0.05,0.0,15,2.001747250556945,-7.280172482403842,-6.562868004375034
7664,pp,0.05,0.0,7,1.3568660748004913,-5.558898249539462,-4.656701109144422
7665,do,0.05,0.0,40,2.9888889837265014,-7.256895283496741,-5.709734972318014
7666,pp,0.05,0.0,69,1.3920431840419756,-7.884633240555272,-6.807437562942505
7667,do,0.05,0.0,19,2.905370273590088,-5.374541467608828,-4.887183464898003
7668,pp,0.05,0.0,20,2.3182358396053315,-4.230544333024459,-3.7401473946041532
7669,do,0.05,0.0,23,1.6902046990394588,-5.369546296379783,-5.011902843581305
7670,pp,0.05,0.0,17,0.7549781858921047,-6.103049148212779,-4.987560097376505
7671,do,0.05,0.0,60,3.417379971742629,-5.961133413603812,-5.8015662908554075
7672,pp,0.05,0.0,15,1.6076579320430753,-4.583651065826416,-4.084003559748331
7673,do,0.05,0.0,32,3.2634173178672787,-5.053555089777166,-4.820238892237345
7674,pp,0.05,0.0,6,1.8984158229827877,-4.282897174719608,-3.646344792842865
7675,do,0.05,0.0,20,3.0242202401161196,-6.773775837638161,-5.543202114105225
7676,pp,0.05,0.0,16,2.1842936968803404,-4.249736345175541,-3.6903263131777444
7677,do,0.05,0.0,5,-0.30029883623123155,-6.322657296151826,-5.695746880107456
7678,pp,0.05,0.0,16,1.2307590103149417,-5.1884577722260445,-4.632421970367432
7679,do,0.05,0.0,34,4.335774000883101,-5.880430155089408,-4.673378976186116
7680,pp,0.05,0.0,25,0.9659148979187009,-4.674690849130804,-4.185902018017239
7681,do,0.05,0.0,21,4.098184465169907,-5.304162954561638,-5.1386141962475245
7682,pp,0.05,0.0,70,2.586189717054367,-6.827140919367472,-5.548354657491048
7683,do,0.05,0.0,70,1.3436131763458246,-7.621843683358395,-6.890249832471212
7684,pp,0.05,0.0,14,1.276740489006043,-4.19591530453075,-3.5536352303293017
7685,do,0.05,0.0,8,0.6509833455085756,-4.892573954842307,-5.215976095199585
7686,pp,0.05,0.0,12,2.0747681987285613,-4.566353406328144,-4.004112349616157
7687,do,0.05,0.0,33,2.229267282485962,-5.622591995470452,-5.71197829246521
7688,pp,0.05,0.0,15,0.057123851776122336,-5.664013249946363,-4.978326116667853
7689,do,0.05,0.0,2,-0.5841719031333925,-5.64754486950961,-5.143069979879591
7690,pp,0.05,0.0,12,0.8535256648063658,-4.349057026342912,-3.879266099135081
7691,do,0.05,0.0,70,4.5109761071205146,-5.087586352319429,-4.812245019276937
7692,pp,0.05,0.0,20,2.2247185981273647,-4.363091757803252,-3.909467234876421
7693,do,0.05,0.0,49,2.90526403427124,-6.035728706013073,-6.069845363828871
7694,pp,0.05,0.0,12,2.113144378662109,-4.305626418373802,-3.7103201429049175
7695,do,0.05,0.0,31,2.2686079609394065,-6.461600253076265,-6.521468737390307
7696,pp,0.05,0.0,27,3.042202721834183,-5.074532607107452,-4.150374825795492
7697,do,0.05,0.0,26,1.7759403800964364,-11.945921954241665,-10.038978099822998
7698,pp,0.05,0.0,26,2.108596462011338,-4.951083986686938,-4.161683054765065
7699,do,0.05,0.0,26,0.385211932659149,-6.706040772524747,-5.898537810643514
7700,pp,0.05,0.0,12,0.7507771122455598,-6.2181622707482544,-5.304418963856167
7701,do,0.05,0.0,36,1.8481614017486576,-7.651668184453791,-6.505327383677165
7702,pp,0.05,0.0,10,1.1806605017185214,-4.452734557065097,-3.8972979413138495
7703,do,0.05,0.0,22,2.6288169217109676,-5.717841925765529,-5.0303523699442545
7704,pp,0.05,0.0,62,2.1150866663455963,-7.204624014189749,-6.041560869746738
7705,do,0.05,0.0,11,1.1506737899780273,-6.979849855827562,-5.937971247567071
7706,pp,0.05,0.0,58,2.3383851110935208,-5.986780442613544,-5.074411731296116
7707,do,0.05,0.0,29,2.4648981547355655,-5.431702856584029,-4.761492151684231
7708,pp,0.05,0.0,11,2.345756560564041,-5.111026086229266,-4.393712184164259
7709,do,0.05,0.0,49,2.3382797026634217,-5.155962696942416,-5.421116081873576
7710,pp,0.05,0.0,42,2.318548966646194,-5.33657185236613,-5.175482516818576
7711,do,0.05,0.0,65,1.9779154658317566,-8.583795180465236,-8.297392111354403
7712,pp,0.05,0.0,20,1.5195963573455806,-4.879114333066073,-4.360745853847927
7713,do,0.05,0.0,69,7.0682281196117405,-6.239508880268444,-5.001635456085205
7714,pp,0.05,0.0,43,3.5395120143890377,-8.513515228213686,-7.270704815122817
7715,do,0.05,0.0,11,1.8917262601852416,-5.688561244444414,-5.193730931811863
7716,pp,0.05,0.0,20,0.6254083275794979,-7.22660777352073,-5.841015283266703
7717,do,0.05,0.0,13,1.548807153701782,-4.941696864908391,-4.897139104207357
7718,pp,0.05,0.0,19,2.0302235960960386,-5.732253525473855,-4.827444714970059
7719,do,0.05,0.0,70,4.926467887163162,-7.102620805393566,-6.462495189242893
7720,pp,0.05,0.0,13,1.9264038240909578,-5.288883245352543,-4.770115231143103
7721,do,0.05,0.0,48,3.02747631907463,-5.181883072130608,-4.687926024860806
7722,pp,0.05,0.0,30,2.1098684394359593,-5.291547541184859,-4.185913601186541
7723,do,0.05,0.0,49,5.519365003108978,-4.74151017593615,-4.28837784131368
7724,pp,0.05,0.0,53,2.8499418878555307,-7.192443625132243,-5.945778600374857
7725,do,0.05,0.0,46,6.375632715225221,-6.754208687579993,-6.2191423707538185
7726,pp,0.05,0.0,36,3.98451153755188,-7.11724869554693,-6.1437016434139675
7727,do,0.05,0.0,70,4.519919694662094,-5.30358123923793,-4.747434690263536
7728,pp,0.05,0.0,13,2.2721409738063816,-4.403113826115926,-3.7078948259353637
7729,do,0.05,0.0,28,5.170963270664215,-5.231096263365312,-4.659903052118089
7730,pp,0.05,0.0,11,2.4656267142295842,-4.8344749985319195,-4.692148921224806
7731,do,0.05,0.0,36,6.3295698630809785,-5.309820956894845,-4.872650239202711
7732,pp,0.05,0.0,22,3.6586119341850276,-5.1657104477737885,-4.332152864668104
7733,do,0.05,0.0,11,-0.3082075345516202,-5.444826199791648,-5.285096126132541
7734,pp,0.05,0.0,53,1.210777724981309,-9.567392606446237,-7.730163439114889
7735,do,0.05,0.0,39,3.0669635760784146,-5.187776260664969,-4.983971359994676
7736,pp,0.05,0.0,27,0.3211298191547396,-6.638923136393229,-5.725774953100417
7737,do,0.05,0.0,40,4.221826666593551,-5.382252278472438,-5.209288258022732
7738,pp,0.05,0.0,18,2.3185211825370793,-4.132631228186868,-3.8945671611362034
7739,do,0.05,0.0,24,3.552979848384857,-5.802648411375103,-5.039972726504008
7740,pp,0.05,0.0,70,1.657213714122772,-11.858725542010683,-9.056829452514648
7741,do,0.05,0.0,54,5.418018165826797,-4.598854927583174,-4.552997181150649
7742,pp,0.05,0.0,14,1.957933163642883,-4.208151852000843,-3.7029518485069275
7743,do,0.05,0.0,47,3.534212226867676,-5.658262605378122,-5.017174188296
7744,pp,0.05,0.0,24,3.705926918983459,-4.877284333200166,-4.1127464638815985
7745,do,0.05,0.0,38,2.911768969297409,-5.489497322024721,-4.973702793651157
7746,pp,0.05,0.0,6,0.950342276096344,-4.648849829760465,-3.824456641409132
7747,do,0.05,0.0,28,3.500631784200669,-6.79530698891842,-5.950984695222643
7748,pp,0.05,0.0,19,1.6173385405540461,-5.337442308483702,-4.355402135848999
7749,do,0.05,0.0,22,2.3902670407295217,-6.628942966461182,-6.07686235639784
7750,pp,0.05,0.0,26,1.4168984103202815,-6.001551537080244,-5.134404150644938
7751,do,0.05,0.0,62,2.9811161041259755,-7.97856802073392,-6.563447427749634
7752,pp,0.05,0.0,9,1.1468670701980583,-4.88437799540433,-3.893304577138689
7753,do,0.05,0.0,17,2.6268738985061644,-5.379422810583404,-4.817619917127821
7754,pp,0.05,0.0,33,2.8429685986042035,-8.14995760050687,-6.646957903438144
7755,do,0.05,0.0,20,2.7752504706382757,-5.3348025220813176,-5.195546391275194
7756,pp,0.05,0.0,5,0.8039504528045649,-4.315988952463323,-3.6237684501541985
7757,do,0.05,0.0,18,3.7283057391643526,-4.897431272448915,-4.689428136083815
7758,pp,0.05,0.0,25,4.291038459539413,-5.298906733772972,-4.533176763852437
7759,do,0.05,0.0,68,4.649072458744049,-8.518606837590536,-8.719117652045355
7760,pp,0.05,0.0,39,3.534125880002976,-6.411545299761223,-5.420360371801588
7761,do,0.05,0.0,19,2.6176858615875247,-4.742638856714422,-4.215175000826518
7762,pp,0.05,0.0,6,0.7246565818786621,-4.356020671671087,-3.7929817729526096
7763,do,0.05,0.0,34,0.582601770162583,-6.179516991701993,-6.232515099313524
7764,pp,0.05,0.0,34,1.739740566015243,-5.358793541879365,-4.46306013001336
7765,do,0.05,0.0,49,1.2665988600254057,-7.526722147970489,-8.637115478515625
7766,pp,0.05,0.0,8,0.6923970258235927,-5.423352313764168,-4.359365235434638
7767,do,0.05,0.0,15,2.030623596906662,-6.368655118075284,-6.057886163393657
7768,pp,0.05,0.0,17,1.7472140312194817,-4.456888557925369,-4.166781751314799
7769,do,0.05,0.0,22,2.1518983745574953,-5.568451823610248,-5.193843491872152
7770,pp,0.05,0.0,19,1.3839470863342287,-4.391820568026918,-3.9809662487771775
7771,do,0.05,0.0,24,3.5827053391933443,-4.762890366351965,-4.274400130907694
7772,pp,0.05,0.0,5,0.9150012195110317,-4.837468765721177,-4.043077874183655
7773,do,0.05,0.0,70,2.874222044944764,-8.314877871311072,-7.517998382780287
7774,pp,0.05,0.0,28,2.936186252832413,-4.680048331347379,-4.575896598233117
7775,do,0.05,0.0,17,2.7231814754009243,-4.944566278746634,-4.2700618320041235
7776,pp,0.05,0.0,70,1.4394137763977035,-7.852234025435014,-6.777601435449388
7777,do,0.05,0.0,17,1.0527421998977662,-5.18506998871312,-5.201953819062974
7778,pp,0.05,0.0,5,0.45025195956230135,-4.904256994074041,-4.053328479660882
7779,do,0.05,0.0,17,2.4025359499454497,-4.469003542986783,-4.627885320451525
7780,pp,0.05,0.0,22,2.294030179977417,-6.198686049201272,-4.983184393246969
7781,do,0.05,0.0,34,2.2642576265335084,-5.288434045965022,-4.7745280610190495
7782,pp,0.05,0.0,8,1.4255915117263793,-4.387214795025912,-3.9165559397803413
7783,do,0.05,0.0,10,1.6467751979827883,-4.523939933198871,-4.6094549523459545
7784,pp,0.05,0.0,70,1.5549575769901276,-6.556107195940885,-5.769566120041741
7785,do,0.05,0.0,7,0.6933485043048861,-5.173933078303482,-4.880482059054905
7786,pp,0.05,0.0,7,1.0629026484489446,-4.553674231153546,-3.993527142206828
7787,do,0.05,0.0,70,1.2231067514419554,-10.530780312509247,-9.068908294041952
7788,pp,0.05,0.0,8,0.9305402553081512,-5.486227369308471,-4.408057234022352
7789,do,0.05,0.0,8,0.7678877305984493,-5.055813378998727,-4.697213901413812
7790,pp,0.05,0.0,13,1.580966126918793,-5.548394408370509,-4.589006111356947
7791,do,0.05,0.0,8,1.0547318601608273,-4.438502422968546,-4.303137787183126
7792,pp,0.05,0.0,12,1.5175086653232572,-5.232202550136682,-4.606813973850674
7793,do,0.05,0.0,8,1.2151812899112695,-4.950677120324337,-4.911770566304525
7794,pp,0.05,0.0,9,1.4306946837902066,-4.776273584365844,-4.226473532782661
7795,do,0.05,0.0,11,1.6784835565090184,-6.470264718026826,-6.149572298261854
7796,pp,0.05,0.0,8,1.2528698110580443,-6.464441667903554,-4.999556928210788
7797,do,0.05,0.0,61,1.6265501451492295,-9.141446506615841,-9.228917365603976
7798,pp,0.05,0.0,7,0.7721844375133511,-4.9536522460706305,-4.410397842195299
7799,do,0.05,0.0,63,1.6823016881942738,-9.0319712378762,-9.003410895665487
7800,pp,0.05,0.0,7,1.667716591358185,-5.407017934683598,-4.565898119078742
7801,do,0.05,0.0,46,1.2838707315921773,-7.397058601090403,-8.213284354739718
7802,pp,0.05,0.0,6,0.6547672641277309,-4.601929313486273,-4.177409802542792
7803,do,0.05,0.0,70,0.8494602632522579,-7.916518289392645,-6.917269335852729
7804,pp,0.05,0.0,11,1.388382474184036,-5.048508975000092,-4.35633810626136
7805,do,0.05,0.0,64,0.906900765895843,-8.89586246952866,-9.218526951471965
7806,pp,0.05,0.0,7,1.0410911130905154,-4.686166227225101,-4.085275615586175
7807,do,0.05,0.0,3,-0.6108491349220273,-6.05543338024255,-5.576480762163798
7808,pp,0.05,0.0,8,1.1033599579334261,-4.73335140690659,-4.268734807438321
7809,do,0.05,0.0,70,0.4067602419853209,-7.103344165917599,-7.2295347849528
7810,pp,0.05,0.0,34,0.9461895406246184,-6.37384212811788,-5.439663979742262
7811,do,0.05,0.0,18,0.6300372397899627,-6.2212249264572606,-5.581926351123386
7812,pp,0.05,0.0,8,1.27091766834259,-5.081565216815833,-4.121330168512133
7813,do,0.05,0.0,42,2.824596550464631,-6.062819096536347,-5.507082682185703
7814,pp,0.05,0.0,20,1.9044123637676238,-5.606624483339714,-4.921937492158678
7815,do,0.05,0.0,10,2.519165194034576,-5.7004381743344394,-4.781031992700365
7816,pp,0.05,0.0,16,2.660869036912918,-7.081487265500155,-5.642708378367954
7817,do,0.05,0.0,30,2.9955879306793216,-4.572731801235315,-4.534514676200019
7818,pp,0.05,0.0,4,0.1463984143733974,-4.9011311155377015,-4.219237558046976
7819,do,0.05,0.0,70,3.181658341288567,-5.314763407273726,-6.152752979596456
7820,pp,0.05,0.0,7,0.6041516494750976,-5.183498158599392,-4.55885907014211
7821,do,0.05,0.0,27,2.116923466920852,-5.796205322670214,-5.103247499465942
7822,pp,0.05,0.0,34,2.7114773738384255,-6.427126529000022,-5.0578371710247465
7823,do,0.05,0.0,17,2.203110973834992,-5.393072626807473,-5.307232099109226
7824,pp,0.05,0.0,23,1.4622555434703841,-7.233219742052483,-5.669147311316596
7825,do,0.05,0.0,32,1.6037533903121943,-6.071262495445483,-5.453386886914571
7826,pp,0.05,0.0,6,0.3620621013641365,-4.965114963415897,-4.34975660112169
7827,do,0.05,0.0,13,1.7997248685359954,-4.278589979807536,-3.9284965409172905
7828,pp,0.05,0.0,13,2.281860233545303,-5.250489864927349,-4.346473813056946
7829,do,0.05,0.0,70,1.7100472450256348,-6.292755819089485,-5.919647288322449
7830,pp,0.05,0.0,25,2.64294417142868,-6.077050265398893,-5.123189793692695
7831,do,0.05,0.0,25,2.274495368003845,-4.640745515534372,-4.370262130101522
7832,pp,0.05,0.0,19,1.782793170213699,-6.431324594671076,-5.171973575486077
7833,do,0.05,0.0,11,1.9227210628986349,-7.212700392983177,-6.816882872581482
7834,pp,0.05,0.0,12,2.054827301502228,-6.3200722333156705,-4.301091702779134
7835,do,0.05,0.0,18,1.3270315825939178,-4.966141762877956,-4.471756098005507
7836,pp,0.05,0.0,10,0.14319305300712593,-5.8601944403214885,-4.93993046813541
7837,do,0.05,0.0,56,2.437979038953782,-6.927339779246937,-6.161746915181478
7838,pp,0.05,0.0,28,2.7784592258930205,-5.837160730361939,-4.882147863176134
7839,do,0.05,0.0,26,2.225854713916779,-5.695968970385465,-5.226208138465881
7840,pp,0.05,0.0,21,1.2755964016914358,-7.320192035039266,-6.228345081541273
7841,do,0.05,0.0,36,3.789557081460952,-6.143878402131977,-5.460170571009318
7842,pp,0.05,0.0,21,2.2380438911914826,-6.784032159863096,-5.720946847067939
7843,do,0.05,0.0,30,3.2434173071384436,-5.444979832389138,-5.179657830132379
7844,pp,0.05,0.0,17,1.4981470513343815,-7.31412325627876,-5.851140692498949
7845,do,0.05,0.0,70,0.3416265761852264,-7.470099600878629,-6.628174363242255
7846,pp,0.05,0.0,23,0.481774008274078,-6.275110123374246,-5.577004920111762
7847,do,0.05,0.0,12,1.2064119207859036,-5.599873337601171,-5.221593001153734
7848,pp,0.05,0.0,10,1.0452106583118441,-5.360507040312796,-4.730339741706848
7849,do,0.05,0.0,42,1.552928775548934,-6.8068559487660725,-6.24625117248959
7850,pp,0.05,0.0,7,-0.1793487763404844,-5.1671809716658155,-4.555399873521593
7851,do,0.05,0.0,27,3.8110830533504485,-6.235501039389408,-4.944107296731737
7852,pp,0.05,0.0,51,0.49367602348327644,-14.516259216539787,-11.28831250667572
7853,do,0.05,0.0,21,1.0884069418907165,-6.099119059244791,-5.166787083943685
7854,pp,0.05,0.0,18,2.761498336791993,-5.8805678179769805,-4.8483580536312525
7855,do,0.05,0.0,28,3.8364177083969118,-5.2832779638695,-4.437755004564921
7856,pp,0.05,0.0,29,1.6041615617275227,-8.755853137102994,-6.956885904735989
7857,do,0.05,0.0,12,1.949191251993179,-6.648128151171135,-6.149791253937615
7858,pp,0.05,0.0,70,1.2994982242584232,-12.122324186382873,-10.953010235892402
7859,do,0.05,0.0,70,0.9949694955348978,-7.96042311408303,-9.364412074618869
7860,pp,0.05,0.0,10,0.9672329127788544,-4.77890699559992,-4.111099712053934
7861,do,0.05,0.0,32,2.43503580212593,-5.795472223108465,-5.373199359575907
7862,pp,0.05,0.0,7,0.523887385129929,-5.115335276632598,-4.520340906249152
7863,do,0.05,0.0,20,1.1650908267498021,-5.134044131365689,-5.6790651824739244
7864,pp,0.05,0.0,55,1.0068209064006801,-7.513932563319351,-6.478403406673007
7865,do,0.05,0.0,70,2.028535227775574,-7.3060093128319945,-6.562698533799913
7866,pp,0.05,0.0,10,2.0125352966785437,-5.055455151471224,-4.065953979227278
7867,do,0.05,0.0,27,2.3520895886421203,-6.339437516530355,-6.174409039815267
7868,pp,0.05,0.0,37,1.2076138210296623,-7.314578521612919,-6.488123687108358
7869,do,0.05,0.0,70,4.849923458099365,-6.323710954550541,-6.558104777336121
7870,pp,0.05,0.0,10,1.2543469440937045,-5.151137828826904,-4.511695822079976
7871,do,0.05,0.0,34,4.0889876258373254,-5.017312717437744,-4.232718454466926
7872,pp,0.05,0.0,4,0.7418070065975186,-5.098978234782363,-4.179713071717156
7873,do,0.05,0.0,46,1.7575902068614955,-6.6055885430538295,-5.422397025426229
7874,pp,0.05,0.0,35,1.147078366279601,-9.35646542635831,-8.03197540442149
7875,do,0.05,0.0,19,3.4448080670833594,-5.175767157294533,-4.578481600019667
7876,pp,0.05,0.0,4,0.5561864030361168,-5.180869388580322,-4.369236776563857
7877,do,0.05,0.0,20,3.2144959545135494,-6.586629328583226,-5.38421151638031
7878,pp,0.05,0.0,5,0.7289253246784204,-5.0437000852642635,-4.305116613705953
7879,do,0.05,0.0,17,2.168206543922424,-5.287928234447133,-4.43827629354265
7880,pp,0.05,0.0,6,1.237056475877762,-5.346959508549084,-4.216499328613281
7881,do,0.05,0.0,12,0.9122859430313106,-6.176540611729477,-5.504514866405064
7882,pp,0.05,0.0,9,0.8855794131755834,-5.129681750499841,-4.4616740438673235
7883,do,0.05,0.0,22,2.049237874746323,-5.912561293804284,-6.285353106922574
7884,pp,0.05,0.0,7,0.9242309558391568,-4.952732714739713,-4.174430477619171
7885,do,0.05,0.0,39,4.83211691737175,-6.318624418432062,-5.247849734624227
7886,pp,0.05,0.0,7,1.2645814144611363,-4.680637401523012,-4.059406015608046
7887,do,0.05,0.0,49,0.7344375383853912,-9.746730983618534,-10.14588958422343
7888,pp,0.05,0.0,20,0.8411198341846458,-6.428103683934067,-4.82718210750156
7889,do,0.05,0.0,27,4.254398794174194,-5.5047026663115535,-4.678100842899746
7890,pp,0.05,0.0,9,1.3910166060924531,-5.076097505742854,-4.112450438075595
7891,do,0.05,0.0,37,3.05747623205185,-5.804290427583637,-5.951242462793986
7892,pp,0.05,0.0,8,0.9388477671146394,-4.9895012075250795,-4.305548538102044
7893,do,0.05,0.0,70,2.4715560936927794,-7.298523946241899,-6.371178277333578
7894,pp,0.05,0.0,9,1.5359419572353366,-4.4147708329287445,-3.871960286299388
7895,do,0.05,0.0,29,2.4375318801403054,-5.263082297643026,-4.682729821734958
7896,pp,0.05,0.0,15,1.8842676532268525,-4.892832705468843,-4.020937399069468
7897,do,0.05,0.0,22,3.7989724361896515,-6.2711572777141225,-5.535142249531216
7898,pp,0.05,0.0,14,2.664219604730607,-5.419573585914843,-4.388570608033074
7899,do,0.05,0.0,37,2.736966631412507,-5.2137324318741305,-4.75602187845442
7900,pp,0.05,0.0,11,1.658813962936402,-5.484832373532382,-4.336625488599141
7901,do,0.05,0.0,24,2.4514489781856534,-4.773553630077478,-4.310002303123474
7902,pp,0.05,0.0,70,0.6453994083404542,-12.109029561823064,-10.045573173628913
7903,do,0.05,0.0,23,2.437124651670456,-4.536810170520436,-4.22436556816101
7904,pp,0.05,0.0,8,1.0301561117172247,-4.511895903674039,-3.723215083281199
7905,do,0.05,0.0,24,2.0647029876708984,-5.994168813300855,-5.624577220280965
7906,pp,0.05,0.0,11,-0.3982239019870759,-5.9821313814683394,-5.045052422417535
7907,do,0.05,0.0,8,0.7850625801086428,-5.646103682662502,-5.033866588274638
7908,pp,0.05,0.0,8,0.5870249176025393,-5.290451976024744,-4.112338021066454
7909,do,0.05,0.0,14,2.6808616065979,-5.978254803744229,-5.129554695553249
7910,pp,0.05,0.0,7,1.5387017810344696,-4.714129356904463,-3.9203422625859576
7911,do,0.05,0.0,17,0.7605551922321316,-6.249911630514896,-6.166442932022942
7912,pp,0.05,0.0,6,0.439987878799438,-5.698742459037087,-4.622663497924805
7913,do,0.05,0.0,36,1.6353840947151186,-6.888545085444595,-6.635410722096761
7914,pp,0.05,0.0,8,1.863378715515137,-4.654888960809418,-3.822806746429867
7915,do,0.05,0.0,43,6.401937351226806,-5.981309081568862,-5.881074073579576
7916,pp,0.05,0.0,10,2.415915883779526,-4.9329703721133145,-4.032044331232707
7917,do,0.05,0.0,33,1.8617061090469367,-6.457951315966519,-6.505174575911628
7918,pp,0.05,0.0,10,0.934550668001175,-4.822745671416774,-4.24897792339325
7919,do,0.05,0.0,26,1.9352260577678688,-5.44849522041552,-5.095483332210117
7920,pp,0.05,0.0,9,0.9508077764511107,-5.356543230287956,-4.299402050177256
7921,do,0.05,0.0,17,1.9376874506473545,-5.846835178317446,-5.413018194834391
7922,pp,0.05,0.0,36,3.2724080801010125,-8.322508193507339,-7.189547101656596
7923,do,0.05,0.0,70,6.205036845207214,-5.817283214222301,-5.253822366396586
7924,pp,0.05,0.0,24,3.935143973827363,-6.073556746858539,-5.230436719788445
7925,do,0.05,0.0,18,2.275908555984498,-7.303985481551199,-6.34991623295678
7926,pp,0.05,0.0,18,2.1911457812786104,-5.658255207177365,-4.860268923971388
7927,do,0.05,0.0,23,2.3114738535881036,-7.241788627162125,-6.433641107877095
7928,pp,0.05,0.0,16,1.7910190582275387,-5.5876901987827186,-4.758925602171156
7929,do,0.05,0.0,19,1.789367970228195,-5.031721558715358,-4.457148636711969
7930,pp,0.05,0.0,11,1.0899325907230377,-5.286672652851451,-4.4237499740388655
7931,do,0.05,0.0,59,5.39463722229004,-6.652288351636944,-5.651418879297045
7932,pp,0.05,0.0,21,3.6736088144779213,-6.05409671754548,-4.873265835973951
7933,do,0.05,0.0,12,1.4246632790565483,-6.510783724351363,-5.660359859466553
7934,pp,0.05,0.0,19,2.699295668601989,-5.7839271328666,-4.610487371020847
7935,do,0.05,0.0,18,2.6836412358284,-4.820773322654493,-4.207677907413906
7936,pp,0.05,0.0,25,3.2547051072120663,-6.813351372516516,-5.756720074017843
7937,do,0.05,0.0,36,4.921050258874893,-4.452434674176303,-3.92709719075097
7938,pp,0.05,0.0,19,2.368931999206543,-5.053602617437189,-4.065394222736359
7939,do,0.05,0.0,64,3.7807313549518575,-6.07725289518183,-6.409569250212775
7940,pp,0.05,0.0,13,2.874629743099213,-6.035435543638287,-4.7364896933237715
7941,do,0.05,0.0,24,4.371800980567933,-6.67484335899353,-5.65958408249749
7942,pp,0.05,0.0,3,0.6859497141838071,-4.6074988697514385,-3.912486751874288
7943,do,0.05,0.0,42,2.3459832251071937,-5.613905373486605,-4.733241062694126
7944,pp,0.05,0.0,12,0.25160309791564917,-5.37660946557016,-4.41776991420322
7945,do,0.05,0.0,30,4.073556334972381,-5.104738119876746,-4.584400685628255
7946,pp,0.05,0.0,19,2.9050913357734673,-5.422461295850349,-4.660170600149367
7947,do,0.05,0.0,28,4.433891249895097,-4.934830032695423,-4.347098331981235
7948,pp,0.05,0.0,16,2.1191882467269894,-4.577901461630157,-3.9662324772940742
7949,do,0.05,0.0,33,2.5313828027248384,-4.846482000928937,-4.318064448568556
7950,pp,0.05,0.0,20,2.6065789580345156,-5.574764440998886,-4.344335717625088
7951,do,0.05,0.0,69,3.395844451189042,-6.766481756441521,-6.52123716407352
7952,pp,0.05,0.0,57,1.393456251621247,-7.565094124187123,-6.6136778778500025
7953,do,0.05,0.0,70,5.57109191417694,-6.379900443915165,-5.6835895008511015
7954,pp,0.05,0.0,7,1.5040802359580994,-4.555228259346702,-3.875687419043647
7955,do,0.05,0.0,32,1.9627292144298565,-7.9781198992873685,-6.813729461034139
7956,pp,0.05,0.0,7,0.233692420721054,-5.590596979314631,-4.511555319362216
7957,do,0.05,0.0,21,2.0856780946254734,-7.377898382418083,-6.540684718555874
7958,pp,0.05,0.0,16,1.6935614085197441,-6.154407586473408,-5.013688543107775
7959,do,0.05,0.0,70,2.9334161651134503,-7.073006904486454,-6.601093289587233
7960,pp,0.05,0.0,15,2.29678197145462,-4.765954676541415,-3.9996577501296997
7961,do,0.05,0.0,10,1.6249227547645573,-6.569351411588264,-6.484731674194336
7962,pp,0.05,0.0,7,2.035067071914672,-7.010459938916293,-5.1459482431411745
7963,do,0.05,0.0,38,1.1341961753368377,-10.053065499392423,-6.9056140343348185
7964,pp,0.05,0.0,6,0.23123664259910637,-5.111389613874031,-4.270938648117913
7965,do,0.05,0.0,70,1.88588790178299,-9.536552786104608,-9.054217847188314
7966,pp,0.05,0.0,7,0.7809859716892245,-5.0463326020674275,-3.886531119876438
7967,do,0.05,0.0,52,2.567837730646133,-5.140319054054491,-4.913519726859199
7968,pp,0.05,0.0,15,1.5719600546360013,-5.082253375197902,-4.332104388872782
7969,do,0.05,0.0,63,2.110260639190674,-5.626766652771921,-6.328638590706719
7970,pp,0.05,0.0,10,1.5169997060298916,-4.77528637972745,-3.811592585510678
7971,do,0.05,0.0,29,3.4405559444427496,-5.0960900639042706,-4.405818692843119
7972,pp,0.05,0.0,3,0.44765107512474067,-5.196116509582057,-4.229101898935106
7973,do,0.05,0.0,43,4.80573478937149,-5.5246498584747314,-5.20983981291453
7974,pp,0.05,0.0,19,3.125926465988159,-4.939105850277525,-4.22587453921636
7975,do,0.05,0.0,20,2.108118648529053,-4.634392521598122,-3.999388421906365
7976,pp,0.05,0.0,5,1.0845972943305968,-4.769676786480528,-4.027363273832533
7977,do,0.05,0.0,15,2.9590244567394253,-5.72615993528655,-5.642324474122789
7978,pp,0.05,0.0,50,3.8956568980216986,-11.638095716996627,-9.491009012858074
7979,do,0.05,0.0,32,4.646745682954788,-4.4006007555759314,-3.9714459551705255
7980,pp,0.05,0.0,5,1.4169678282737728,-5.176605343096184,-4.177209128273858
7981,do,0.05,0.0,18,1.7542217981815336,-5.801167664383397,-5.9779936154683435
7982,pp,0.05,0.0,10,2.58803211927414,-4.770012606996478,-3.9389583508173627
7983,do,0.05,0.0,23,2.3082173562049864,-4.747193577795318,-4.284931151072184
7984,pp,0.05,0.0,6,1.490112180709838,-4.876317795840177,-4.023167281680637
7985,do,0.05,0.0,40,3.8642542827129356,-4.744655651034731,-4.935244136386448
7986,pp,0.05,0.0,39,4.621182161569595,-3.9150163354295673,-3.5804276704788207
7987,do,0.05,0.0,56,4.164305288791656,-8.13362484556256,-7.699147521124946
7988,pp,0.05,0.0,15,3.1388094031810754,-4.743907830209443,-4.146113525496589
7989,do,0.05,0.0,41,2.200887683629989,-5.820723571199359,-5.264397316508823
7990,pp,0.05,0.0,42,2.8326724004745483,-4.9450553547252305,-4.138615157869127
7991,do,0.05,0.0,28,2.779659194946288,-5.8447654622973815,-5.8443600336710615
7992,pp,0.05,0.0,15,2.9814380216598515,-4.463729605530247,-3.896675811873542
7993,do,0.05,0.0,34,3.0086741518974307,-5.582442783586907,-5.204537640677558
7994,pp,0.05,0.0,36,3.2698702692985533,-4.115377375573823,-3.765762562221951
7995,do,0.05,0.0,41,3.3303107154369345,-6.867991652633204,-6.346117989222209
7996,pp,0.05,0.0,9,1.5755871677398687,-4.516854008761319,-4.090314409467909
7997,do,0.05,0.0,47,3.433858840465545,-5.537904073252823,-5.788705992698669
7998,pp,0.05,0.0,46,3.0758766436576845,-4.982217321973859,-4.296722209453582
7999,do,0.05,0.0,18,1.6697564268112188,-6.197517653667566,-6.127068450715806
8000,pp,0.05,0.0,8,2.034919211864472,-5.301805792432843,-4.317747984992133
8001,do,0.05,0.0,66,4.295944163799286,-7.821731862154874,-6.824304914474487
8002,pp,0.05,0.0,15,2.203213876485825,-4.98523256706469,-4.441898300912645
8003,do,0.05,0.0,52,1.3834542751312249,-8.860634169434055,-8.29542178577847
8004,pp,0.05,0.0,20,1.6679787158966066,-4.066669742988817,-3.659564369254642
8005,do,0.05,0.0,70,2.304596188068391,-7.311098263480447,-6.6835208230548435
8006,pp,0.05,0.0,20,1.6308128762245175,-4.296935012123802,-3.720667078759935
8007,do,0.05,0.0,20,2.243650565147399,-6.830624383868593,-6.220395053757562
8008,pp,0.05,0.0,14,2.545232774019241,-5.842408785675511,-4.926006881395976
8009,do,0.05,0.0,32,2.2971252787113183,-6.215461577791157,-5.498806307050917
8010,pp,0.05,0.0,9,1.9390236818790436,-4.806872837471239,-4.178261993991004
8011,do,0.05,0.0,62,3.0627647066116346,-9.940446083473438,-8.769759702682496
8012,pp,0.05,0.0,11,1.8362117600440975,-4.516558566237941,-4.034232397874196
8013,do,0.05,0.0,70,2.7716979873180385,-9.329049746195475,-8.465480714374118
8014,pp,0.05,0.0,11,3.2902447569370272,-4.69608423204133,-4.017648077011108
8015,do,0.05,0.0,32,2.181015512943267,-6.301824195457227,-5.774537046750386
8016,pp,0.05,0.0,23,2.342310140132904,-5.842941188812256,-5.167759029070536
8017,do,0.05,0.0,27,2.056214984655381,-6.781244198481242,-5.402097304662068
8018,pp,0.05,0.0,13,2.564622321128846,-4.787412985888395,-3.8923459000057643
8019,do,0.05,0.0,70,0.09823186993599009,-8.59014708923571,-8.148601553175185
8020,pp,0.05,0.0,14,0.7957245528697969,-4.601186093417081,-3.9143995443979898
8021,do,0.05,0.0,11,0.8382708346843719,-6.006345641974247,-5.5585117790434095
8022,pp,0.05,0.0,13,1.387969877719879,-4.605548951842568,-3.8451062149471706
8023,do,0.05,0.0,21,2.373061195611954,-5.452410226879698,-5.4524040169186065
8024,pp,0.05,0.0,22,1.2450035059452063,-8.100283408887458,-6.858136736022102
8025,do,0.05,0.0,37,5.379478662014008,-6.644158830064716,-5.859567489888933
8026,pp,0.05,0.0,39,2.2321401178836826,-8.491088514616996,-7.323732068803575
8027,do,0.05,0.0,12,0.8335533642768853,-5.247159298983488,-4.698325851228502
8028,pp,0.05,0.0,19,2.704902280569076,-4.490583685672644,-4.114031325446235
8029,do,0.05,0.0,28,2.4093017005920423,-5.717955019979766,-5.742373249265882
8030,pp,0.05,0.0,38,2.3131003046035756,-5.63419904275374,-4.686242953936259
8031,do,0.05,0.0,32,2.8558821976184836,-6.466261365196922,-5.395776634746127
8032,pp,0.05,0.0,15,2.023446755409241,-5.102351143865874,-4.186624346839057
8033,do,0.05,0.0,8,2.388863792419433,-6.887590051419807,-5.273787419001262
8034,pp,0.05,0.0,16,2.680070351362228,-6.378632818568836,-4.753647153907352
8035,do,0.05,0.0,43,4.365260734558104,-5.553728346391158,-4.911026922861735
8036,pp,0.05,0.0,50,4.014485713243484,-6.328320900599162,-5.506275528007084
8037,do,0.05,0.0,31,1.0089590275287632,-6.916556693568374,-6.683428470293681
8038,pp,0.05,0.0,38,0.9834120571613312,-5.742707855051214,-4.819681910673777
8039,do,0.05,0.0,12,-0.2166197919845576,-6.2037745981505426,-5.507624440722996
8040,pp,0.05,0.0,27,2.225154337882995,-3.797569074052753,-3.741518179575602
8041,do,0.05,0.0,43,3.731573187112809,-6.575480448115956,-5.440177059173584
8042,pp,0.05,0.0,12,2.32315646648407,-4.553603894782789,-3.755538246366713
8043,do,0.05,0.0,22,2.6770124530792234,-7.479517165097323,-7.161961322360568
8044,pp,0.05,0.0,19,2.456395896673203,-4.697265204516325,-3.894391343328688
8045,do,0.05,0.0,32,1.1882662892341607,-8.02436197165287,-6.749127822452121
8046,pp,0.05,0.0,28,1.8399369502067575,-6.404582636284106,-5.153310122754839
8047,do,0.05,0.0,23,2.186343618631363,-5.446049224969112,-4.750787629021539
8048,pp,0.05,0.0,8,1.2654412269592292,-4.503959917299675,-3.6997578779856366
8049,do,0.05,0.0,46,0.44801762580871607,-6.367609578912909,-5.421135505040486
8050,pp,0.05,0.0,9,0.9246472001075743,-4.5337031985774185,-3.833548378944397
8051,do,0.05,0.0,25,0.7955812203884127,-7.482447429136797,-5.981886529922486
8052,pp,0.05,0.0,20,2.5637224316596985,-4.7075673262278235,-4.14654350148307
8053,do,0.05,0.0,37,3.618428959846497,-5.527400860641942,-6.501579817136129
8054,pp,0.05,0.0,24,3.6862274682521825,-4.535674086484042,-3.9670738220214843
8055,do,0.05,0.0,48,2.288054364919663,-5.861382848566229,-5.3263052172131005
8056,pp,0.05,0.0,12,0.812748419046402,-4.310846054192745,-3.7683637102444965
8057,do,0.05,0.0,46,3.8944435930252084,-7.220224504759817,-6.283280433548821
8058,pp,0.05,0.0,21,3.673252166509629,-5.011326076045181,-4.34042624897427
8059,do,0.05,0.0,43,3.880731798410416,-6.047727749564431,-5.464007303449843
8060,pp,0.05,0.0,13,1.2691333830356593,-4.558129286043572,-3.894995093345642
8061,do,0.05,0.0,14,2.751979533433915,-6.619795745791811,-5.557954703436957
8062,pp,0.05,0.0,18,1.3275476443767555,-9.056029183936841,-7.355529737472534
8063,do,0.05,0.0,44,4.758604412078858,-6.407008540991581,-5.360618101225959
8064,pp,0.05,0.0,13,2.5602139115333564,-5.223730373382568,-4.417248994774289
8065,do,0.05,0.0,25,1.8186184263229368,-6.789161776051377,-6.34242013560401
8066,pp,0.05,0.0,15,1.8346761643886564,-4.649251612749967,-3.995965611934662
8067,do,0.05,0.0,40,4.158989830017091,-5.268352509989883,-4.916062071588304
8068,pp,0.05,0.0,9,0.42736168503761274,-5.333008556654959,-4.637949755456712
8069,do,0.05,0.0,32,4.561776405572892,-6.762301684870865,-5.519817079438104
8070,pp,0.05,0.0,12,2.493045625686645,-7.079616426699089,-5.3864831275410125
8071,do,0.05,0.0,38,1.6662707686424252,-7.8429306651606705,-6.634442875120375
8072,pp,0.05,0.0,24,3.477368330955505,-5.258974487131292,-4.621648324860467
8073,do,0.05,0.0,12,0.8996254491806033,-5.575562556584676,-4.9734937164518565
8074,pp,0.05,0.0,18,1.3311377596855163,-7.139290140614365,-6.130591466691759
8075,do,0.05,0.0,13,2.3683051431179054,-6.892545168327563,-6.30794390572442
8076,pp,0.05,0.0,16,2.5365048825740812,-5.331295212832364,-4.464643045266469
8077,do,0.05,0.0,70,1.6487326645851148,-8.711169137376727,-7.778562270270454
8078,pp,0.05,0.0,25,2.1424462807178495,-4.787559840173432,-4.28756544192632
8079,do,0.05,0.0,20,1.5469573175907136,-5.317440762664333,-4.512618634435865
8080,pp,0.05,0.0,6,0.46454756498336813,-4.836738548856793,-4.005558872222901
8081,do,0.05,0.0,6,0.6094544839859006,-5.815220630530155,-5.608487110667759
8082,pp,0.05,0.0,8,0.927947988510132,-4.359536274996671,-3.799318243397607
8083,do,0.05,0.0,20,2.2198268377780908,-5.468956772486369,-4.379721400472853
8084,pp,0.05,0.0,13,2.414241590499878,-4.917940943168872,-4.285883869065179
8085,do,0.05,0.0,7,2.028041021823883,-4.844692249009103,-4.278818893432617
8086,pp,0.05,0.0,10,2.2077671301364896,-4.019285541592223,-3.6852769785457187
8087,do,0.05,0.0,37,4.741639342308045,-7.4256403460647125,-5.967711475160387
8088,pp,0.05,0.0,20,1.422952330112457,-4.5577625404704705,-4.072401863998837
8089,do,0.05,0.0,12,1.2246095526218417,-5.133726186463327,-4.283963619338142
8090,pp,0.05,0.0,6,0.24091025471687288,-4.39730116815278,-3.8491881569226583
8091,do,0.05,0.0,30,4.231029096841811,-5.616984282117901,-4.959018429120381
8092,pp,0.05,0.0,18,2.5586355078220366,-4.381633762879805,-3.8837075021531846
8093,do,0.05,0.0,47,1.0463725256919867,-7.231151722416733,-6.809375680817498
8094,pp,0.05,0.0,33,2.6592832684516905,-4.527501752159813,-3.985478252834744
8095,do,0.05,0.0,33,3.638964285850525,-5.8823499665115815,-4.822562223010593
8096,pp,0.05,0.0,36,1.8912517178058632,-6.988260835589784,-6.213137618700663
8097,do,0.05,0.0,37,2.826754059791565,-6.053014349214958,-5.203696004549662
8098,pp,0.05,0.0,10,0.9997034549713133,-4.180870788747614,-3.628990113735199
8099,do,0.05,0.0,18,2.0672440576553353,-5.69980950644522,-6.16511123975118
8100,pp,0.05,0.0,16,1.8006843650341038,-4.8224614656332765,-4.489770128991869
8101,do,0.05,0.0,48,2.482979429960251,-5.93352499441667,-6.017136033376058
8102,pp,0.05,0.0,8,0.6011316967010503,-4.403475189208985,-4.005255452791849
8103,do,0.05,0.0,57,2.0278529942035686,-8.085922407381462,-7.5061733590232
8104,pp,0.05,0.0,5,0.7481585848331447,-4.998808105064161,-4.146432293785943
8105,do,0.05,0.0,70,0.18218279361724754,-12.370226381764267,-10.846243460973104
8106,pp,0.05,0.0,39,2.5744467413425447,-6.1268958337379225,-5.325296224488152
8107,do,0.05,0.0,29,1.6082583343982693,-7.690155615951076,-6.9520976834827
8108,pp,0.05,0.0,13,2.9962803363800043,-4.982476381822066,-4.123424598905776
8109,do,0.05,0.0,24,2.3228238725662225,-4.9940402406634705,-4.552407638231913
8110,pp,0.05,0.0,10,0.40214961171150154,-4.543319094542301,-3.862300984064738
8111,do,0.05,0.0,20,2.8411527025699606,-5.739807449687611,-5.167966063817342
8112,pp,0.05,0.0,10,2.710400604009629,-4.219794814514391,-3.802147914303674
8113,do,0.05,0.0,13,2.5807937633991243,-6.058550344813954,-4.919839188787672
8114,pp,0.05,0.0,11,0.9089749562740321,-7.457413130095511,-5.554309108522204
8115,do,0.05,0.0,24,2.507431329488754,-7.452229749795162,-6.732036670049031
8116,pp,0.05,0.0,15,0.9157089972496033,-4.148331273685802,-4.042813075913323
8117,do,0.05,0.0,27,2.9245280218124385,-6.609775671814427,-5.548123727904426
8118,pp,0.05,0.0,13,2.7453012120723734,-4.9422847690004295,-4.212729439470503
8119,do,0.05,0.0,61,1.4028968381881715,-7.922859765544082,-7.434419367048475
8120,pp,0.05,0.0,11,0.2942933297157291,-5.258350295731516,-4.694160170025295
8121,do,0.05,0.0,17,1.402375634908676,-5.1621039722905016,-4.710787351926168
8122,pp,0.05,0.0,18,1.1766352796554562,-4.454478953823899,-4.195141989654965
8123,do,0.05,0.0,62,2.2862818360328685,-10.884182034116803,-9.579864761564467
8124,pp,0.05,0.0,8,0.7041650950908664,-4.720867902582342,-4.035848825507694
8125,do,0.05,0.0,17,0.28215342283248823,-7.449373711961688,-6.262728431489733
8126,pp,0.05,0.0,21,0.8914197635650636,-5.482442195487745,-4.5570467525058325
8127,do,0.05,0.0,24,2.4102591586112982,-6.629158002679998,-5.6760183572769165
8128,pp,0.05,0.0,7,0.28837152719497716,-5.038518619537354,-4.275558257102967
8129,do,0.05,0.0,28,3.7193394649028777,-5.069850684657242,-5.1058733834160694
8130,pp,0.05,0.0,23,3.516124684810638,-4.0612519495414965,-3.8387412203682794
8131,do,0.05,0.0,31,3.702690973281861,-6.845487041184397,-6.539649097124736
8132,pp,0.05,0.0,44,2.669076983928681,-6.670515144232548,-5.718521698315938
8133,do,0.05,0.0,17,2.76172009587288,-4.993435979611946,-4.544485396809048
8134,pp,0.05,0.0,32,3.5555496549606325,-5.8024244756409615,-4.673240849706862
8135,do,0.05,0.0,34,5.003866666555405,-6.516693642645171,-5.979583173327976
8136,pp,0.05,0.0,18,2.155147575139999,-4.848776779752789,-4.284927341673109
8137,do,0.05,0.0,29,3.6726532483100884,-5.078914637999101,-5.3036270353529185
8138,pp,0.05,0.0,9,1.5253050804138182,-4.151620682803068,-3.7024666004710727
8139,do,0.05,0.0,24,3.462804169654845,-5.891025447845459,-5.416460574997796
8140,pp,0.05,0.0,9,2.5580099856853487,-4.2402550812923545,-3.627790277534061
8141,do,0.05,0.0,4,0.5300775039196006,-5.364437036803275,-4.8260856442981295
8142,pp,0.05,0.0,42,2.570172038078309,-5.098990378235325,-4.6063173651695255
8143,do,0.05,0.0,17,2.438080203533172,-6.137434132893881,-5.621734290652805
8144,pp,0.05,0.0,7,0.7010851979255674,-5.3660773320631545,-4.449098286363814
8145,do,0.05,0.0,33,4.991461787223816,-5.2339865106524845,-4.8598288774490355
8146,pp,0.05,0.0,4,0.7110780203342433,-4.597335829879299,-4.091502202881707
8147,do,0.05,0.0,41,5.746573128700257,-5.494712461124767,-5.187877750396728
8148,pp,0.05,0.0,47,4.7775213265419,-6.375214820919615,-5.525835943222046
8149,do,0.05,0.0,43,5.492507793903351,-6.562042412613377,-5.59420497947269
8150,pp,0.05,0.0,29,1.5200325047969816,-9.883853432626434,-8.631652394930521
8151,do,0.05,0.0,37,4.206733833551407,-5.113188401135531,-4.769318482610914
8152,pp,0.05,0.0,14,2.3402842390537266,-4.823675774082993,-4.2825409293174745
8153,do,0.05,0.0,46,5.486380780935288,-4.519323687119917,-3.9339526931444806
8154,pp,0.05,0.0,22,3.899565441608429,-4.877805641925696,-4.230423707432217
8155,do,0.05,0.0,70,3.4149344944953928,-6.619345701102055,-7.181819587283664
8156,pp,0.05,0.0,56,4.030597919225693,-6.56467379656705,-6.907647917005751
8157,do,0.05,0.0,30,1.5674439227581027,-5.42679338166208,-4.692558958795336
8158,pp,0.05,0.0,40,1.0066091024875634,-5.987928115960323,-5.02942877345615
8159,do,0.05,0.0,33,2.8848227405548093,-5.572873469555017,-4.836956585778131
8160,pp,0.05,0.0,26,1.80170107126236,-6.071342939319033,-5.343721495734321
8161,do,0.05,0.0,22,2.990712778568267,-5.702681470639778,-5.350697456465827
8162,pp,0.05,0.0,8,1.0136830735206601,-5.895942224155773,-4.824828680356344
8163,do,0.05,0.0,20,2.744398741722107,-6.079006872755109,-5.472556527455648
8164,pp,0.05,0.0,29,1.8679582297801982,-5.487667375622373,-4.609938589731852
8165,do,0.05,0.0,17,1.7399988794326777,-7.877456228660814,-5.931708937221103
8166,pp,0.05,0.0,10,-0.016685976982117268,-7.275489161231301,-5.986956654654609
8167,do,0.05,0.0,22,3.0282344591617587,-5.426374139207782,-4.8437676244311865
8168,pp,0.05,0.0,12,2.9462741541862476,-4.438638960231434,-3.7977304339408873
8169,do,0.05,0.0,40,5.8981735861301425,-5.1836021640084,-4.704011106491089
8170,pp,0.05,0.0,13,2.7283675563335414,-5.017658944563432,-4.239931335714128
8171,do,0.05,0.0,25,3.3365927112102503,-7.112932859767567,-6.4499065240224205
8172,pp,0.05,0.0,15,1.2703725206851955,-4.388994232813517,-3.8305832544962564
8173,do,0.05,0.0,35,2.838392051458359,-6.016775258382162,-5.262463249100579
8174,pp,0.05,0.0,28,1.7462363481521601,-6.532469873717337,-5.32718595398797
8175,do,0.05,0.0,22,3.7074769759178166,-6.012779234394882,-6.40305118030972
8176,pp,0.05,0.0,7,1.7558860456943517,-5.347316895109234,-4.365303394529555
8177,do,0.05,0.0,25,3.1398705101013187,-5.258320347468058,-4.517551742659675
8178,pp,0.05,0.0,10,1.7940198838710781,-5.061090691884359,-4.335834707154168
8179,do,0.05,0.0,21,1.3552491438388818,-5.056302926034638,-4.407009397612677
8180,pp,0.05,0.0,42,1.3114423406124116,-5.53896910349528,-4.783634339438544
8181,do,0.05,0.0,31,1.3970070683956148,-8.133927496996792,-6.706459715631273
8182,pp,0.05,0.0,9,1.294989963769913,-4.2849796324065235,-4.03765316274431
8183,do,0.05,0.0,9,0.6734692108631135,-5.298867316679521,-4.2684233175383675
8184,pp,0.05,0.0,13,2.1242549085617064,-4.364936319986979,-4.600944341553582
8185,do,0.05,0.0,26,4.507995415925979,-5.601668469111124,-4.854853375752767
8186,pp,0.05,0.0,8,2.097901962995529,-5.093913062413534,-4.246837524573008
8187,do,0.05,0.0,36,4.020644094944001,-6.029335527709036,-5.148335181342231
8188,pp,0.05,0.0,17,1.0069536161422725,-7.135584035064235,-6.080255052778456
8189,do,0.05,0.0,70,2.874222044944764,-8.314877871311072,-7.517998382780287
8190,pp,0.05,0.0,28,2.936186252832413,-4.680048331347379,-4.575896598233117
8191,do,0.05,0.0,44,0.840271337032318,-9.496160170526215,-8.745400518841214
8192,pp,0.05,0.0,21,3.492282236814499,-5.047671953837077,-5.091430457433065
8193,do,0.05,0.0,37,2.372040281295776,-5.152050709001946,-4.809126575787862
8194,pp,0.05,0.0,20,3.133241944313049,-6.374816732695608,-4.850587532255385
8195,do,0.05,0.0,32,2.672288700342179,-5.299100360003385,-5.087801660431756
8196,pp,0.05,0.0,15,2.883950983285904,-5.926103440198031,-4.872140624788073
8197,do,0.05,0.0,15,1.6954001045227045,-4.439549911383427,-4.109188018904792
8198,pp,0.05,0.0,31,4.071424881219865,-6.451419123736295,-5.44587844742669
8199,do,0.05,0.0,16,2.256326929330826,-4.96622358379942,-5.106214133898417
8200,pp,0.05,0.0,18,1.900528194904327,-5.8908393469723785,-5.368934467103746
8201,do,0.05,0.0,17,1.045044332742691,-5.137017929192745,-4.448516991403368
8202,pp,0.05,0.0,25,1.9334978020191196,-6.055949884472471,-5.105087783601549
8203,do,0.05,0.0,32,1.6382420241832722,-7.076060396252257,-6.55443213250902
8204,pp,0.05,0.0,11,2.372438032627106,-6.832145731376879,-5.311578109529283
8205,do,0.05,0.0,14,1.761199275255203,-4.47898769234166,-4.245839448769887
8206,pp,0.05,0.0,25,2.507913233041762,-6.216156416228324,-5.251013562414381
8207,do,0.05,0.0,22,1.7545168721675868,-4.497372130191687,-4.34369097020891
8208,pp,0.05,0.0,9,1.7355838370323182,-4.983187884995432,-4.236916679806179
8209,do,0.05,0.0,20,0.8183828878402704,-6.948195664087931,-6.4048623429404365
8210,pp,0.05,0.0,26,3.5144904291629784,-5.545742534868645,-4.988557529449463
8211,do,0.05,0.0,70,2.318484151363373,-8.689554150899252,-8.424970573849148
8212,pp,0.05,0.0,40,2.7392492318153376,-7.342101368759618,-6.114027905464172
8213,do,0.05,0.0,21,2.2964633500576017,-5.563822327238141,-5.331278170479669
8214,pp,0.05,0.0,17,2.5223031246662133,-6.1891491008527355,-5.460896828439501
8215,do,0.05,0.0,32,1.7122324442863466,-5.322093150109955,-4.994038989808824
8216,pp,0.05,0.0,18,2.5992478322982793,-4.749918157404119,-4.295859585867988
8217,do,0.05,0.0,19,1.9209192287921901,-5.746802736051155,-5.1935994863510135
8218,pp,0.05,0.0,70,1.943407524824142,-10.015537735910126,-8.727988256348503
8219,do,0.05,0.0,64,3.813814066648483,-7.2548063263748634,-6.490929211510553
8220,pp,0.05,0.0,22,3.319171115159987,-9.214166433160955,-6.801150006718106
8221,do,0.05,0.0,23,2.0333993875980374,-5.101126678062208,-5.055013389057583
8222,pp,0.05,0.0,16,1.7046922504901891,-5.975946310794715,-5.242075514793396
8223,do,0.05,0.0,66,2.2095369732379915,-6.3927161693573,-6.344752306408353
8224,pp,0.05,0.0,20,1.9251890397071838,-5.367813855951483,-4.882987178696526
8225,do,0.05,0.0,57,2.9228976523876185,-7.64797038453998,-6.2082491609785295
8226,pp,0.05,0.0,29,2.067660416364669,-7.5512422243754065,-5.814062354299757
8227,do,0.05,0.0,39,3.8731084132194518,-6.104108340812452,-5.314107441902161
8228,pp,0.05,0.0,10,2.096615725755692,-4.667272878415657,-4.0069577614466345
8229,do,0.05,0.0,26,2.5420143818855285,-4.953161780039469,-4.976185769504971
8230,pp,0.05,0.0,16,2.711324446201325,-5.104025233875621,-4.3850818832715355
8231,do,0.05,0.0,70,4.019811525344849,-6.961402872836951,-5.467465172873603
8232,pp,0.05,0.0,18,1.816339925527572,-5.871488689653801,-4.644946518209245
8233,do,0.05,0.0,70,3.4475835692882537,-9.572010824897072,-8.3669643746482
8234,pp,0.05,0.0,22,3.418614571094513,-5.775938484885476,-4.823739894231161
8235,do,0.05,0.0,21,2.405982671976089,-5.4658844962264554,-5.114447246657478
8236,pp,0.05,0.0,23,1.326277782917023,-5.878979304342559,-4.950550444920858
8237,do,0.05,0.0,44,4.107145409584046,-4.558686610424157,-4.413088569376204
8238,pp,0.05,0.0,20,2.209360302686692,-6.483611797563958,-5.003463758362664
8239,do,0.05,0.0,70,4.462658535242081,-6.813250431869969,-6.245669788784451
8240,pp,0.05,0.0,53,4.157738392353057,-5.236015153653694,-4.850484546025594
8241,do,0.05,0.0,25,3.620768430233002,-5.133094624317054,-4.597867666350471
8242,pp,0.05,0.0,17,2.5761930799484256,-5.733790443882798,-4.446343914667765
8243,do,0.05,0.0,70,1.1945097064971932,-9.663804736281886,-6.779594741927253
8244,pp,0.05,0.0,32,1.52434864640236,-6.830565008972631,-5.526812932226393
8245,do,0.05,0.0,44,1.9702348935604093,-6.968051760124438,-5.860700260268318
8246,pp,0.05,0.0,24,2.248894846439362,-6.355011861974543,-5.522034268909031
8247,do,0.05,0.0,70,3.9231677746772773,-6.426932298775875,-6.4642213980356855
8248,pp,0.05,0.0,7,1.0037614238262176,-5.204960906866825,-4.341837530665927
8249,do,0.05,0.0,70,3.621244738101961,-9.907669255227754,-9.740862120522394
8250,pp,0.05,0.0,18,1.9187731897830966,-7.020010400540901,-5.9969529999627005
8251,do,0.05,0.0,18,1.9945063006877897,-5.044392276532722,-4.305663437313504
8252,pp,0.05,0.0,43,2.8870784425735483,-7.559953154939594,-6.115494733386569
8253,do,0.05,0.0,26,3.7520445275306704,-5.73568878029332,-5.3699594484435185
8254,pp,0.05,0.0,24,2.20195807337761,-5.58234859235359,-4.696078406439887
8255,do,0.05,0.0,70,2.8150072836875912,-7.822807632793079,-7.413415818744236
8256,pp,0.05,0.0,28,3.302722293138504,-5.192741532759233,-4.555902324782478
8257,do,0.05,0.0,70,0.8114026057720185,-6.440931830261693,-5.402585421668158
8258,pp,0.05,0.0,6,0.8854541373252864,-5.054596935619007,-4.258657950825161
8259,do,0.05,0.0,24,0.3503219592571254,-7.086509146834865,-5.700994043880039
8260,pp,0.05,0.0,22,2.6147404611110687,-4.7100796482779765,-4.221577649646335
8261,do,0.05,0.0,31,3.1783278083801267,-7.578902139085712,-6.290687187512716
8262,pp,0.05,0.0,21,3.0634698724746707,-6.038608499006791,-5.351050823264652
8263,do,0.05,0.0,70,4.910240426063538,-7.682696686369,-6.329423043462965
8264,pp,0.05,0.0,12,1.8905541598796844,-4.820766019821167,-4.160826814174652
8265,do,0.05,0.0,45,3.2365077960491186,-5.356969953305794,-4.695188413725959
8266,pp,0.05,0.0,35,2.8998754763603216,-6.072005352829442,-4.851519139607747
8267,do,0.05,0.0,70,3.235347230434418,-6.296540453939727,-5.863666574160258
8268,pp,0.05,0.0,8,1.68603165268898,-5.118626999132561,-4.072271394729614
8269,do,0.05,0.0,42,4.827519608736038,-6.615323680819887,-5.808233004146152
8270,pp,0.05,0.0,32,4.045569611787797,-5.609697789856882,-4.811044062508477
8271,do,0.05,0.0,17,2.558486664295197,-5.153758950666948,-4.531021059883965
8272,pp,0.05,0.0,15,2.4578790748119355,-4.831748427766742,-4.058494611581167
8273,do,0.05,0.0,3,-0.7491665637493128,-6.794103957667495,-5.9260410149892175
8274,pp,0.05,0.0,67,4.50433738231659,-5.646173253203884,-4.967531455887689
8275,do,0.05,0.0,23,2.434785386323928,-5.622864246368408,-5.066060619884067
8276,pp,0.05,0.0,39,1.8139915728569038,-6.650227731646914,-5.903070759773255
8277,do,0.05,0.0,49,3.3438785493373873,-5.8908920851620765,-5.349535902341207
8278,pp,0.05,0.0,42,3.0564771687984464,-7.475563766017105,-6.222363885243734
8279,do,0.05,0.0,58,1.811203794479371,-7.530070343884555,-7.271740102767945
8280,pp,0.05,0.0,31,3.6237551462650304,-5.320607509035053,-4.722824173503452
8281,do,0.05,0.0,26,3.3859589934349055,-5.5254215688416455,-5.171237476666769
8282,pp,0.05,0.0,21,1.019531404972077,-5.518337439045761,-4.89340714348687
8283,do,0.05,0.0,24,3.0292439138889318,-7.772247558651548,-7.467319644822014
8284,pp,0.05,0.0,28,2.931116064786912,-7.519628302256266,-6.385042193200853
8285,do,0.05,0.0,22,1.725451595783234,-6.024171216560132,-4.933885335922241
8286,pp,0.05,0.0,14,2.4640090429782866,-5.525031579624523,-3.9542370663748847
8287,do,0.05,0.0,38,2.7346769106388082,-6.335371398925782,-5.885811456044515
8288,pp,0.05,0.0,35,1.9286357367038738,-7.05935773415999,-6.24840808974372
8289,do,0.05,0.0,21,3.0757768285274505,-5.3651861956625275,-4.617600202560425
8290,pp,0.05,0.0,8,2.039884305000305,-4.353990059187918,-3.900466244750553
8291,do,0.05,0.0,22,2.3851731479167935,-5.825961388963641,-4.343016074763404
8292,pp,0.05,0.0,45,2.7027957224845895,-8.391311331951258,-7.405898544523451
8293,do,0.05,0.0,16,0.8692185485363009,-5.212475624951449,-4.463333053059048
8294,pp,0.05,0.0,10,1.2066102218627934,-5.403839731216431,-4.483801502651638
8295,do,0.05,0.0,59,3.0463311576843264,-7.727574917764374,-6.865495432747735
8296,pp,0.05,0.0,41,4.408417664766312,-6.616139703808408,-5.722042698330349
8297,do,0.05,0.0,57,3.13331386566162,-7.826828196554473,-7.1958401891920305
8298,pp,0.05,0.0,11,1.2269858050346372,-5.841915624791926,-4.7320268657472395
8299,do,0.05,0.0,68,3.942344745397569,-6.4851142969998445,-5.723030349943373
8300,pp,0.05,0.0,20,3.6127098321914666,-5.259779620893074,-4.492779531743792
8301,do,0.05,0.0,3,-0.593714658021927,-6.274915424982707,-5.509210941526625
8302,pp,0.05,0.0,27,1.1969072270393362,-6.174156099377257,-5.410835348235237
8303,do,0.05,0.0,31,2.577766230106354,-7.502846800197254,-6.761515914069282
8304,pp,0.05,0.0,46,2.1315079224109654,-6.24976640181108,-5.682746426264445
8305,do,0.05,0.0,30,3.031418626308441,-5.07407593871608,-4.487603004773458
8306,pp,0.05,0.0,38,3.613954048156738,-7.46854993502299,-5.773944727579752
8307,do,0.05,0.0,69,3.871131559610367,-7.735889832178752,-7.217915052837796
8308,pp,0.05,0.0,11,2.751198488473892,-4.63093657060103,-4.0112762358453535
8309,do,0.05,0.0,70,3.002516700029372,-5.475816408793132,-5.004564266734653
8310,pp,0.05,0.0,24,2.077531424760818,-5.886260747909546,-5.087774311171637
8311,do,0.05,0.0,70,4.804832575321197,-5.583864568941521,-5.00102724896537
8312,pp,0.05,0.0,6,0.5904614055156712,-5.429196820114598,-4.363889585600959
8313,do,0.05,0.0,16,1.4457792055606848,-5.692658226417772,-4.593730270862579
8314,pp,0.05,0.0,9,2.0808078813552857,-5.62421510291822,-4.157161688804626
8315,do,0.05,0.0,65,3.8739088070392613,-5.459441410411488,-5.049470488230387
8316,pp,0.05,0.0,34,2.8057515239715576,-5.920698495344682,-4.870984391371409
8317,do,0.05,0.0,70,5.0880010426044455,-4.768025773944276,-4.237744081020355
8318,pp,0.05,0.0,13,2.230174174308777,-5.623050767725164,-5.093330634964837
8319,do,0.05,0.0,28,2.6544191896915432,-4.747462240854899,-4.3023209492365515
8320,pp,0.05,0.0,28,3.1340339171886438,-4.942003976937496,-4.666562276416355
8321,do,0.05,0.0,39,4.796006169319153,-4.676546137260668,-4.468577647209168
8322,pp,0.05,0.0,15,2.1958506500720976,-5.705423385446722,-4.768370522393121
8323,do,0.05,0.0,39,2.4613058328628536,-5.016115042657563,-4.440546337763468
8324,pp,0.05,0.0,70,1.520525844097138,-8.39919115413319,-7.447044224209256
8325,do,0.05,0.0,39,3.2158460164070135,-6.284103577064745,-5.086623103088803
8326,pp,0.05,0.0,9,1.9450871217250825,-5.378349327318596,-4.485014099544949
8327,do,0.05,0.0,28,3.7320448732376104,-5.630932157689875,-5.186768947707282
8328,pp,0.05,0.0,15,1.414799690246582,-5.629694104917122,-4.704023313522339
8329,do,0.05,0.0,30,1.9508545160293584,-6.064620266538678,-5.273020826445686
8330,pp,0.05,0.0,13,1.2711953830718992,-5.63806707497799,-4.856890066464742
8331,do,0.05,0.0,22,3.1081649398803712,-6.129844201694835,-5.069781014654372
8332,pp,0.05,0.0,27,2.6650681400299066,-6.241323488408869,-4.761853710810343
8333,do,0.05,0.0,61,4.8232979810237895,-6.772117502039129,-5.408446558316549
8334,pp,0.05,0.0,7,1.3150238049030305,-6.0549188064806385,-4.499194608794318
8335,do,0.05,0.0,24,3.1108271884918217,-6.698989699103615,-5.881705564922757
8336,pp,0.05,0.0,8,1.1957996952533723,-5.132093738787102,-4.3011397547192045
8337,do,0.05,0.0,70,4.728123130798339,-5.867404577948831,-5.2793226692411634
8338,pp,0.05,0.0,64,4.1779100131988525,-6.809884264974883,-6.211633054415385
8339,do,0.05,0.0,15,2.3537378871440895,-6.533725656162609,-6.268336261643304
8340,pp,0.05,0.0,70,2.0099443697929384,-7.851937032468391,-7.251257967948914
8341,do,0.05,0.0,15,1.270420578718185,-5.466025546102813,-4.943530119789971
8342,pp,0.05,0.0,41,1.891526541709899,-6.336496883450132,-5.723965340190464
8343,do,0.05,0.0,25,3.0562181234359738,-6.470901682882598,-5.937199788623386
8344,pp,0.05,0.0,33,3.6409706711769108,-7.546896879600756,-5.931841503249275
8345,do,0.05,0.0,70,4.095752288103104,-5.128050791133534,-4.688532151116265
8346,pp,0.05,0.0,21,3.1419795572757723,-6.397272177898523,-5.091551248232523
8347,do,0.05,0.0,31,2.602782000303268,-5.577072084311283,-5.038347678714328
8348,pp,0.05,0.0,49,2.672127217054367,-5.6913032430591,-4.877722054057651
8349,do,0.05,0.0,17,2.3733682084083556,-6.1110877643932,-5.751139214303758
8350,pp,0.05,0.0,21,1.401459906101227,-5.29439506819754,-4.83354467815823
8351,do,0.05,0.0,67,4.233808997869492,-5.408405038082239,-5.003062913152907
8352,pp,0.05,0.0,36,2.8518471682071684,-7.508409404754639,-6.378432901700338
8353,do,0.05,0.0,34,5.953008157014847,-4.802106920878092,-4.34115809334649
8354,pp,0.05,0.0,29,4.410977301597595,-5.8992911844542535,-5.295349102550083
8355,do,0.05,0.0,70,2.2145302855968474,-7.102958179242683,-6.293256563610501
8356,pp,0.05,0.0,31,2.7004947221279147,-6.644079011859316,-5.040185684627957
8357,do,0.05,0.0,47,2.2445994412899015,-6.013830394455881,-7.167860545052422
8358,pp,0.05,0.0,50,2.112981626987457,-7.201555013656616,-6.108153825336032
8359,do,0.05,0.0,39,6.28101170539856,-5.65107835856351,-4.931808331277636
8360,pp,0.05,0.0,33,3.4030504310131073,-6.304451482946223,-5.192189637819926
8361,do,0.05,0.0,18,1.787726823091507,-5.140175530404756,-5.172922791375054
8362,pp,0.05,0.0,16,1.8083064150810246,-5.3082640821283515,-4.4994734578662445
8363,do,0.05,0.0,31,2.470716471672058,-4.576242611624978,-4.272780556148953
8364,pp,0.05,0.0,18,2.034153578281402,-4.8167755011356235,-4.001043844223022
8365,do,0.05,0.0,28,4.325384497642516,-5.215284700104685,-4.879232083426581
8366,pp,0.05,0.0,25,4.014088690280913,-5.253868325551351,-4.343931820657518
8367,do,0.05,0.0,56,7.266038434505462,-5.476271112037428,-4.812571464644538
8368,pp,0.05,0.0,35,5.00309714436531,-5.217370079502915,-4.614439302020603
8369,do,0.05,0.0,23,2.37782110452652,-5.243813643311009,-5.011238532596164
8370,pp,0.05,0.0,60,2.530086756944657,-10.081867057626898,-8.56820650100708
8371,do,0.05,0.0,45,3.2545370018482203,-6.835325095147797,-7.831647102038065
8372,pp,0.05,0.0,19,2.325430328845978,-5.606251644365715,-4.819882639249166
8373,do,0.05,0.0,70,3.2767373466491705,-10.080763776374585,-9.874368725882636
8374,pp,0.05,0.0,20,2.6100485241413116,-6.761918235547615,-5.851770814259847
8375,do,0.05,0.0,28,4.462550206184387,-5.572905960949984,-5.025014373991224
8376,pp,0.05,0.0,70,3.1869745934009543,-9.40992506200617,-7.168984384006924
8377,do,0.05,0.0,29,5.8695556473732,-5.621980079015096,-5.110542511940002
8378,pp,0.05,0.0,15,2.215900827646255,-4.87123755830707,-4.405298156208462
8379,do,0.05,0.0,20,2.2927662467956536,-6.256317379980376,-6.076857293976678
8380,pp,0.05,0.0,18,2.0435269200801844,-6.574216917789344,-5.2581569724612764
8381,do,0.05,0.0,70,3.2555337929725656,-8.325924772204775,-6.793531680107117
8382,pp,0.05,0.0,70,1.6145934069156649,-9.047659706346916,-7.678615072038439
8383,do,0.05,0.0,39,3.3458427023887642,-5.20528232979052,-5.689319268862406
8384,pp,0.05,0.0,13,1.7169472527503968,-5.85916308778705,-4.817562405268351
8385,do,0.05,0.0,15,2.586485908031463,-5.278565646662857,-4.9796186526616415
8386,pp,0.05,0.0,51,4.27927538394928,-6.873673967881636,-5.638413296805488
8387,do,0.05,0.0,35,4.234159007072449,-4.725721788406372,-4.119685006141663
8388,pp,0.05,0.0,17,3.568738725185394,-5.3099101962465225,-4.337875613901351
8389,do,0.05,0.0,15,1.4446131026744844,-4.855487694884792,-4.248852752314674
8390,pp,0.05,0.0,23,2.9302014112472525,-6.082117388465187,-5.5351226859622535
8391,do,0.05,0.0,44,4.123833392858504,-7.252453727433176,-6.160435512330797
8392,pp,0.05,0.0,27,2.918896601200104,-6.089012160445705,-4.954740492502848
8393,do,0.05,0.0,53,3.9176228117942804,-6.082278001669682,-5.407997412151761
8394,pp,0.05,0.0,43,3.8589222705364232,-8.664663592251864,-6.685010637177362
8395,do,0.05,0.0,28,1.8473912072181706,-5.133823159246734,-4.537848056687249
8396,pp,0.05,0.0,55,2.146393926143646,-7.185996376384388,-6.015812142690023
8397,do,0.05,0.0,21,0.44497900247573785,-5.970825565222538,-5.869070569674174
8398,pp,0.05,0.0,46,3.0118588447570804,-7.234017973235159,-6.042301707797581
8399,do,0.05,0.0,26,3.3463329124450683,-4.782185492371068,-4.112796711921692
8400,pp,0.05,0.0,16,2.774927417039871,-5.157202073299524,-4.326453190379673
8401,do,0.05,0.0,14,1.7025957322120666,-4.742808461911751,-4.4000207477145725
8402,pp,0.05,0.0,15,1.3766534364223473,-5.796972351363211,-5.058119710286459
8403,do,0.05,0.0,9,0.44777863502502413,-5.4816259543101,-5.180407712194655
8404,pp,0.05,0.0,11,1.4798043930530547,-5.310061501011704,-4.5138543155458235
8405,do,0.05,0.0,17,1.64020915389061,-5.836086514501861,-5.5954650163650514
8406,pp,0.05,0.0,17,1.8035729563236247,-5.450548182111798,-4.442301601833767
8407,do,0.05,0.0,70,1.6999916124343875,-6.583821205659346,-5.895256453090244
8408,pp,0.05,0.0,28,1.4728304672241217,-7.312438980738322,-5.99264476829105
8409,do,0.05,0.0,18,2.634599534273147,-5.559049187284527,-4.95779517756568
8410,pp,0.05,0.0,23,2.2463100779056555,-7.341398983290701,-5.602983180681864
8411,do,0.05,0.0,8,0.951775374412537,-6.138184389923558,-5.283238596386379
8412,pp,0.05,0.0,8,1.0427369701862332,-5.677809640133019,-4.328841826650831
8413,do,0.05,0.0,22,0.8855998539924617,-6.204119133226799,-5.633422446250916
8414,pp,0.05,0.0,33,1.8795109605789184,-6.405044080271866,-5.395148568683201
8415,do,0.05,0.0,45,2.8766878139972683,-7.728206602732341,-6.912354220284356
8416,pp,0.05,0.0,70,0.6016699099540723,-10.719803015391031,-7.939723128742642
8417,do,0.05,0.0,25,1.4154947721958173,-7.364143748716875,-6.566376781463623
8418,pp,0.05,0.0,11,1.0675434601306915,-6.329805153066462,-4.903556707170274
8419,do,0.05,0.0,13,0.9066272568702702,-5.591961922790065,-5.283069798681471
8420,pp,0.05,0.0,70,1.471459572315215,-7.671704143466371,-6.395102678404914
8421,do,0.05,0.0,64,2.1504492247104645,-6.608808826677727,-5.937909163369072
8422,pp,0.05,0.0,70,1.590866034030915,-8.431211253368494,-6.2831975486543445
8423,do,0.05,0.0,9,0.6654438817501065,-4.96368687803095,-4.43184843328264
8424,pp,0.05,0.0,12,1.9734550225734706,-4.412726269346295,-3.871195602416992
8425,do,0.05,0.0,9,0.03792128384113269,-5.45381683436307,-4.9939388593037926
8426,pp,0.05,0.0,10,1.3800161945819855,-5.583016557404489,-4.570248275332981
8427,do,0.05,0.0,19,3.4327623212337492,-4.676556074258053,-4.190395927429199
8428,pp,0.05,0.0,14,2.6339381229877477,-4.97729292493878,-4.233467359013027
8429,do,0.05,0.0,14,1.3644111514091497,-4.1714434645392675,-3.8862710263994007
8430,pp,0.05,0.0,10,1.1059730052947998,-4.316204550772002,-3.7658750149938793
8431,do,0.05,0.0,19,0.8188718211650841,-5.479699610218857,-5.319583826594883
8432,pp,0.05,0.0,30,0.7897099089622497,-6.437225925561154,-5.515532596906026
8433,do,0.05,0.0,54,2.974554178714752,-6.621951788122003,-5.851039242744446
8434,pp,0.05,0.0,61,4.491882487535476,-6.353845898310343,-4.970849548445807
8435,do,0.05,0.0,20,2.708697929382325,-5.594041950052435,-4.993400271733602
8436,pp,0.05,0.0,11,2.008041708469391,-5.623968971136844,-4.778801080915663
8437,do,0.05,0.0,32,2.3395737075805663,-5.011633767503681,-4.360794990592533
8438,pp,0.05,0.0,65,2.4149290490150452,-8.315053548234882,-6.718635725975036
8439,do,0.05,0.0,14,2.417904443740845,-4.371556495897698,-4.155535170767043
8440,pp,0.05,0.0,32,3.113293976783752,-6.654174866820827,-5.709081731902229
8441,do,0.05,0.0,36,4.682851873636245,-4.542696682612101,-4.308595086468591
8442,pp,0.05,0.0,16,2.4520227849483485,-5.788161224307436,-4.768664508395725
8443,do,0.05,0.0,70,1.459956500530243,-6.008275880235614,-5.705039856168959
8444,pp,0.05,0.0,70,2.2718069243431103,-6.777366476347952,-5.878682225280338
8445,do,0.05,0.0,8,0.9256326246261599,-4.473926716139823,-4.218927711910672
8446,pp,0.05,0.0,70,0.8700585913658152,-8.81549506331935,-8.188898420333862
8447,do,0.05,0.0,27,2.0421867787837984,-6.826293841275302,-5.822832258542379
8448,pp,0.05,0.0,70,2.9407671689987183,-8.293767382881859,-6.2566092756059435
8449,do,0.05,0.0,70,0.6496915113925947,-7.972567931088534,-6.860268709394667
8450,pp,0.05,0.0,7,-0.42833822011947653,-5.986746565500895,-5.051393673155043
8451,do,0.05,0.0,24,2.368140436410905,-5.940652181162979,-5.416220002704197
8452,pp,0.05,0.0,38,2.835260094404221,-8.322851013414788,-6.59487509197659
8453,do,0.05,0.0,7,1.0317437052726746,-4.805559434312762,-4.339049061139424
8454,pp,0.05,0.0,65,3.536380797624588,-7.232996145884196,-6.394525784916348
8455,do,0.05,0.0,58,1.4955375349521631,-6.101772049701575,-6.127513032489353
8456,pp,0.05,0.0,7,1.1285617971420292,-5.228577122543797,-4.551529929372999
8457,do,0.05,0.0,70,1.4160578167438516,-7.574859746297201,-5.879300016827053
8458,pp,0.05,0.0,70,0.4807418334484108,-9.994058322906493,-7.4171704424752125
8459,do,0.05,0.0,41,1.9420773673057559,-5.814754455739801,-5.597621276643541
8460,pp,0.05,0.0,64,2.3156263971328723,-7.36193844910824,-5.925375289387173
8461,do,0.05,0.0,15,1.6787877917289737,-5.41618687022816,-4.990811941358778
8462,pp,0.05,0.0,70,1.831456875801086,-8.222253062508322,-7.578128973642985
8463,do,0.05,0.0,9,1.4015949892997739,-4.664935390877001,-4.269588051901923
8464,pp,0.05,0.0,60,3.539171464443207,-6.134153879050053,-5.1631047619713675
8465,do,0.05,0.0,10,1.2093916589021685,-4.2861941901120275,-3.9858080413606434
8466,pp,0.05,0.0,20,0.6898513412475582,-5.848355959400986,-4.8288867288165624
8467,do,0.05,0.0,16,1.9445168054103856,-5.654898691177368,-4.888625054889255
8468,pp,0.05,0.0,27,2.3575655269622793,-9.560054835406216,-7.1404337141248915
8469,do,0.05,0.0,12,0.7252523028850559,-5.308683346257065,-4.986331515842014
8470,pp,0.05,0.0,70,2.6599939155578607,-6.702364706270623,-5.589208502239651
8471,do,0.05,0.0,12,1.3923803651332856,-4.6027653708602445,-4.417864147822062
8472,pp,0.05,0.0,8,0.3349981594085696,-5.794655480529323,-5.0765750540627375
8473,do,0.05,0.0,10,1.2235424339771273,-4.919480417713975,-4.775525911649068
8474,pp,0.05,0.0,70,0.6349370408058164,-8.456818268515846,-7.566071965959337
8475,do,0.05,0.0,54,0.9424023771286016,-7.164578086679632,-6.409845744238959
8476,pp,0.05,0.0,23,-0.13924925088882478,-7.496854933825406,-6.366109975179037
8477,do,0.05,0.0,8,1.0205309927463535,-5.859903464172826,-4.859356167581346
8478,pp,0.05,0.0,8,0.8675671219825745,-7.527277622800884,-5.852755631340875
8479,do,0.05,0.0,16,1.0514285194873807,-4.862141535498879,-4.368420643276639
8480,pp,0.05,0.0,7,0.41969445228576685,-5.709695798700506,-4.900962893168131
8481,do,0.05,0.0,7,0.3938786625862116,-4.5524651816397,-4.337434270646837
8482,pp,0.05,0.0,8,0.5129606437683112,-5.064182300278635,-4.405781412124634
8483,do,0.05,0.0,12,1.3738800597190863,-4.865776657335686,-4.254976643456353
8484,pp,0.05,0.0,11,0.9923647761344903,-5.341214700178667,-4.22323862446679
8485,do,0.05,0.0,70,1.7702496218681327,-6.72127187757781,-6.3435806433359785
8486,pp,0.05,0.0,41,1.5627793693542484,-6.587430095672607,-5.777401696311103
8487,do,0.05,0.0,14,1.8530952239036562,-4.849656499515881,-4.549834815661113
8488,pp,0.05,0.0,70,1.586762655973434,-6.9465861291596385,-5.84448700480991
8489,do,0.05,0.0,13,1.7673072624206547,-4.306879732825539,-4.096936252382067
8490,pp,0.05,0.0,70,0.8628351330757145,-7.311556522773974,-6.595684295230441
8491,do,0.05,0.0,16,0.7743300986289974,-5.1222658027302135,-4.721118436919318
8492,pp,0.05,0.0,60,0.6376033914089199,-7.589043071053245,-6.560981978310479
8493,do,0.05,0.0,46,1.725376366376878,-6.084135325749715,-5.703563872973124
8494,pp,0.05,0.0,59,2.0256821477413176,-6.761792549942479,-5.780461451742384
8495,do,0.05,0.0,55,3.6982643008232117,-6.566453919266209,-6.071183511945937
8496,pp,0.05,0.0,38,2.6574335336685184,-6.479503128745339,-4.995370687378777
8497,do,0.05,0.0,3,-0.5514932239055632,-6.107840185454397,-5.271119231647916
8498,pp,0.05,0.0,70,2.0729652178287505,-6.818649904655688,-5.513836418257819
8499,do,0.05,0.0,70,3.782894582748413,-7.081083086765173,-6.646266317367553
8500,pp,0.05,0.0,70,2.6094242918491366,-5.5174782680742664,-4.737489136060079
8501,do,0.05,0.0,21,0.6979983246326444,-6.46819265683492,-5.547983733812968
8502,pp,0.05,0.0,16,2.3707961070537564,-4.942636239889897,-4.235526907444
8503,do,0.05,0.0,21,2.3071687769889824,-5.650238558740327,-5.103675908512539
8504,pp,0.05,0.0,19,1.8519025814533236,-5.1305476867791375,-4.333074590894911
8505,do,0.05,0.0,55,2.3343218123912806,-8.535429357759881,-6.6555874135759145
8506,pp,0.05,0.0,15,2.202783409357071,-5.825774155241071,-4.490373693572151
8507,do,0.05,0.0,49,1.2968430888652804,-6.367149217201002,-5.60667597717709
8508,pp,0.05,0.0,21,1.7983908486366271,-4.513457870483398,-3.99071896870931
8509,do,0.05,0.0,70,0.903607192039491,-10.627508948066017,-9.02140949567159
8510,pp,0.05,0.0,68,1.9321188437938694,-8.959583549788505,-7.070104784435696
8511,do,0.05,0.0,19,2.7971831846237176,-6.105883147499778,-5.703184201982286
8512,pp,0.05,0.0,40,4.084317252635955,-4.899947660619563,-4.312555146217346
8513,do,0.05,0.0,58,1.6092340743541715,-7.90639134609338,-7.09030548731486
8514,pp,0.05,0.0,37,3.1470224285125727,-4.6414565534302685,-4.063407550917732
8515,do,0.05,0.0,52,2.6135320305824274,-5.58834370988788,-4.912555893262227
8516,pp,0.05,0.0,9,0.43094081878662127,-4.850426370447332,-3.971318381362491
8517,do,0.05,0.0,45,-0.7528641724586489,-7.924363644917806,-7.193952104780409
8518,pp,0.05,0.0,18,0.9856447339057928,-4.663031005859375,-4.021245127254062
8519,do,0.05,0.0,2,-0.5548342418670655,-5.681885677395445,-5.029146832889981
8520,pp,0.05,0.0,26,1.8257117450237281,-5.27943583835255,-4.469652363989089
8521,do,0.05,0.0,30,2.9329836595058447,-5.644440965941458,-4.7005384577645195
8522,pp,0.05,0.0,19,3.4220430696010586,-6.636875518163046,-5.512708931499057
8523,do,0.05,0.0,21,2.2316034638881685,-5.244485716386275,-4.695959803793166
8524,pp,0.05,0.0,36,2.359499069452286,-7.045864726557876,-5.648974209361606
8525,do,0.05,0.0,18,-0.03845081806182815,-7.904644708922415,-6.562678771548801
8526,pp,0.05,0.0,27,3.529077923297881,-5.24110432249127,-4.68475174109141
8527,do,0.05,0.0,39,5.657232208251953,-6.06486791119431,-5.602014586660597
8528,pp,0.05,0.0,45,2.649841275215149,-8.486775837522565,-7.285026513205635
8529,do,0.05,0.0,10,0.9925860047340391,-7.125137649882923,-6.1019361999299795
8530,pp,0.05,0.0,21,3.0322765278816224,-6.390958582271229,-4.861611901389228
8531,do,0.05,0.0,70,1.2296948885917658,-6.876291800990249,-5.94635206858317
8532,pp,0.05,0.0,70,2.535599032640458,-5.328225018761374,-4.453437285953098
8533,do,0.05,0.0,70,1.1640035367012018,-7.8474513747475365,-6.405464278327094
8534,pp,0.05,0.0,52,2.969653118848801,-5.476736532558094,-4.41974954340193
8535,do,0.05,0.0,70,1.1416000366210932,-7.824161292567398,-6.583263232972887
8536,pp,0.05,0.0,16,1.061679368019104,-5.303427284414118,-4.7628879997465345
8537,do,0.05,0.0,27,2.9275497210025785,-6.650848856839267,-5.702552194065518
8538,pp,0.05,0.0,19,1.7779073107242587,-5.2702507755973125,-4.436092853546143
8539,do,0.05,0.0,35,3.3436173152923594,-5.455886453570741,-4.326926970481873
8540,pp,0.05,0.0,65,3.0839849281311045,-6.491634783600316,-5.89062451256646
8541,do,0.05,0.0,40,3.8507345986366275,-6.977287322824652,-7.745403220918443
8542,pp,0.05,0.0,16,2.0787809729576114,-5.760633678147287,-4.610396022266812
8543,do,0.05,0.0,34,0.978999174833298,-5.9501149509892315,-5.429619908332825
8544,pp,0.05,0.0,28,1.6341595542430882,-6.627436876296997,-5.525862113634745
8545,do,0.05,0.0,33,2.4211666941642758,-5.098365889173565,-4.645804259512159
8546,pp,0.05,0.0,12,1.2133038985729216,-5.317714702721798,-4.596192691061232
8547,do,0.05,0.0,70,2.14183950304985,-8.066486318183667,-8.027758990393744
8548,pp,0.05,0.0,15,1.6695123970508572,-4.76979346853314,-4.054413972960578
8549,do,0.05,0.0,2,-0.9191420388221738,-6.413984307375821,-5.746545502874587
8550,pp,0.05,0.0,20,2.4309561491012577,-4.792081860340002,-3.971738862991333
8551,do,0.05,0.0,37,2.5161245810985564,-5.566799897858591,-5.458473650614421
8552,pp,0.05,0.0,70,1.7359899997711192,-8.602399826049805,-7.376323946317037
8553,do,0.05,0.0,18,1.7472842633724222,-7.450773377852006,-6.9369056913587785
8554,pp,0.05,0.0,16,2.147212990522384,-5.440567406741056,-4.583249301380581
8555,do,0.05,0.0,30,3.177600538730621,-8.409498837499907,-7.356588472260369
8556,pp,0.05,0.0,17,2.86596487402916,-6.404644412705393,-5.473967252837287
8557,do,0.05,0.0,70,2.310563136339187,-7.523718060869159,-5.790884913338555
8558,pp,0.05,0.0,16,1.918700397014618,-4.699483219782511,-3.9124549044503105
8559,do,0.05,0.0,8,1.1551814281940453,-5.610513903877952,-5.27567752732171
8560,pp,0.05,0.0,14,1.1071162056922912,-4.788581567822081,-4.329160471757253
8561,do,0.05,0.0,2,-0.8971840703487404,-6.352527559164798,-5.654726145002577
8562,pp,0.05,0.0,30,1.9804975771903992,-5.840150364962491,-4.715277579095629
8563,do,0.05,0.0,18,2.060427331924438,-7.718394812670621,-7.376275735431247
8564,pp,0.05,0.0,18,1.8233332574367527,-5.355419092467337,-4.580618649058872
8565,do,0.05,0.0,24,1.077405587434768,-6.992682777751575,-6.169427718056573
8566,pp,0.05,0.0,17,1.9783315157890318,-4.62391739469586,-4.047315915425618
8567,do,0.05,0.0,20,1.008296133279801,-7.346129129872177,-7.602848344379002
8568,pp,0.05,0.0,46,3.1539404475688935,-5.548787681984179,-4.944453371895684
8569,do,0.05,0.0,53,3.8005791556835167,-6.558670568466186,-5.82592191696167
8570,pp,0.05,0.0,24,3.2091876101493835,-5.7885621070861815,-4.791909840371874
8571,do,0.05,0.0,19,1.623079755306243,-6.101552869334365,-6.318683168623182
8572,pp,0.05,0.0,9,1.0617393290996544,-4.647421319556959,-3.974088841014438
8573,do,0.05,0.0,30,0.6643897652626034,-8.20320837136471,-8.075196833080716
8574,pp,0.05,0.0,53,2.298381581306458,-7.890483403928352,-6.516591379377577
8575,do,0.05,0.0,22,1.498181836605073,-7.5697257937807025,-7.491647063361274
8576,pp,0.05,0.0,21,2.9410606563091273,-5.618543776598844,-4.792550958527459
8577,do,0.05,0.0,35,2.241911354064941,-6.893308184363625,-6.205281188752916
8578,pp,0.05,0.0,23,2.288114241361618,-4.495426335479274,-3.900403454568651
8579,do,0.05,0.0,70,1.8475343787670138,-7.44963433525779,-6.078789922926161
8580,pp,0.05,0.0,70,2.3898410034179687,-5.805236553423333,-4.646110847261217
8581,do,0.05,0.0,50,4.054135687351227,-6.754743419994007,-7.191622167163425
8582,pp,0.05,0.0,61,1.245015139579774,-8.15963086937413,-6.559100813335842
8583,do,0.05,0.0,11,0.5023965191841127,-5.494848856781468,-4.796210617489285
8584,pp,0.05,0.0,8,0.6770335090160371,-4.893129604512995,-4.280758372942606
8585,do,0.05,0.0,4,0.08194135069847075,-4.954969848286022,-4.34683539337582
8586,pp,0.05,0.0,10,0.5541932749748222,-4.892023742560184,-4.423372962739733
8587,do,0.05,0.0,4,-0.3136585497856137,-6.490698697350242,-6.136363712946574
8588,pp,0.05,0.0,18,1.5254243993759156,-5.11694483612523,-4.582265371746487
8589,do,0.05,0.0,17,3.8730599439144138,-5.794226825598514,-5.481389684147305
8590,pp,0.05,0.0,9,1.966244848966599,-5.067773814634843,-4.395796726809608
8591,do,0.05,0.0,22,1.574429567456245,-6.4108091253222845,-4.992807828055488
8592,pp,0.05,0.0,17,1.7629492807388312,-6.673970398758397,-4.933525607320997
8593,do,0.05,0.0,11,1.4543107199668883,-6.05295794804891,-5.3483670446607805
8594,pp,0.05,0.0,27,1.7141264092922208,-7.142589930332068,-5.1469788153966265
8595,do,0.05,0.0,51,1.2558471453189854,-6.3787309126420455,-5.9359769503275555
8596,pp,0.05,0.0,47,3.173228107690811,-6.29462997118632,-5.605795656310187
8597,do,0.05,0.0,29,4.067085155248641,-6.779128330404109,-5.215484478738573
8598,pp,0.05,0.0,25,2.706600918769837,-6.760135487354163,-5.856667881541782
8599,do,0.05,0.0,25,1.9739727294445029,-5.695743370056152,-4.989948066075643
8600,pp,0.05,0.0,13,1.1689839124679562,-4.673065321373217,-4.081499554051293
8601,do,0.05,0.0,50,2.759605292081833,-5.397636693896669,-5.021267199516297
8602,pp,0.05,0.0,11,1.8857870936393741,-4.297340728297378,-3.7123905645476447
8603,do,0.05,0.0,55,2.0102402317523964,-5.9968724785429055,-5.524834722942776
8604,pp,0.05,0.0,10,1.0491009068489072,-4.8121891209573455,-3.778980309433407
8605,do,0.05,0.0,37,3.6291672623157494,-5.185241485364509,-5.362676763534546
8606,pp,0.05,0.0,22,2.5959830772876744,-5.140431002414588,-4.455328199598524
8607,do,0.05,0.0,2,-0.49910476326942366,-5.925791454315186,-5.244784257147047
8608,pp,0.05,0.0,44,1.9806439733505252,-4.985360567497485,-4.360355893770854
8609,do,0.05,0.0,70,1.1158676457405097,-8.054086657726403,-7.452968557675679
8610,pp,0.05,0.0,24,1.8973484337329865,-4.462178094459302,-4.239007132583194
8611,do,0.05,0.0,13,2.018705350160599,-6.545717383875991,-5.3648660447862415
8612,pp,0.05,0.0,15,1.3593709576129918,-5.800586743788286,-4.714579028553433
8613,do,0.05,0.0,70,0.04540823221206658,-11.066113385287197,-9.09976552857293
8614,pp,0.05,0.0,12,0.11349224448203987,-6.3434353134848855,-4.996208540598551
8615,do,0.05,0.0,28,2.273165390491485,-5.5357108665235115,-4.7252945105234785
8616,pp,0.05,0.0,42,2.873470373153686,-7.384912983576457,-5.3353106339772545
8617,do,0.05,0.0,32,0.7603303408622741,-7.669102329196352,-7.427230140897962
8618,pp,0.05,0.0,16,2.4649656260013586,-5.45105743263707,-4.7015588945812645
8619,do,0.05,0.0,70,-0.3427519917488109,-8.48135586940881,-8.4105874326494
8620,pp,0.05,0.0,47,1.9175906980037682,-7.692266058199333,-6.0034438557095
8621,do,0.05,0.0,6,-0.6732874894142151,-5.817455926085963,-5.175977349281311
8622,pp,0.05,0.0,15,0.039026578664779876,-5.499899791948723,-5.071649217605591
8623,do,0.05,0.0,70,2.217198657989501,-8.231633518681381,-7.692906008826362
8624,pp,0.05,0.0,12,1.3282602632045748,-4.698099958535397,-4.127338274319967
8625,do,0.05,0.0,28,1.9965549814701076,-5.577051305770874,-5.159066756566365
8626,pp,0.05,0.0,7,-0.12140761494636543,-5.659555062380704,-5.0265777375963
8627,do,0.05,0.0,28,1.3306589818000791,-4.997649431228638,-4.593488472037845
8628,pp,0.05,0.0,44,2.822886660099029,-5.127229235389016,-4.290345516469744
8629,do,0.05,0.0,21,1.4569259834289552,-5.209945785638058,-4.861381302939521
8630,pp,0.05,0.0,9,0.416697171926498,-5.83597436095729,-5.191096833017137
8631,do,0.05,0.0,70,0.44831303834915204,-9.358282777034875,-7.931874344083998
8632,pp,0.05,0.0,23,1.624083204269409,-8.129768510298295,-6.532690556844075
8633,do,0.05,0.0,4,-0.30634509563446066,-5.694543159369267,-4.863792355855306
8634,pp,0.05,0.0,57,0.43405403852462854,-7.744862909028025,-6.528273452652825
8635,do,0.05,0.0,70,0.00754355907440285,-7.920225735866662,-7.075016159481472
8636,pp,0.05,0.0,7,0.08908664226532004,-5.558272286617394,-4.809334410561456
8637,do,0.05,0.0,7,0.3541250813007357,-5.558666198903864,-5.000053758091397
8638,pp,0.05,0.0,24,0.7260290658473973,-5.613381738373728,-4.816898438665602
8639,do,0.05,0.0,15,1.230292142629624,-7.307639195702293,-5.783031932512919
8640,pp,0.05,0.0,11,1.442311400175095,-5.947521409121427,-5.06269268989563
8641,do,0.05,0.0,28,-0.0825538110733035,-6.995827968192823,-6.290496879153782
8642,pp,0.05,0.0,39,1.7687893879413608,-7.129287715391679,-5.233970687124464
8643,do,0.05,0.0,70,0.391498885154725,-10.783978921716864,-9.057702785068088
8644,pp,0.05,0.0,16,2.385288581848145,-6.192593890970404,-4.8223011573155725
8645,do,0.05,0.0,70,-0.033381159305572616,-7.171062190604933,-7.257292959425184
8646,pp,0.05,0.0,59,0.918685679435729,-8.779139774495905,-7.62614959081014
8647,do,0.05,0.0,19,3.455070526599884,-6.152158666379524,-5.944305149714152
8648,pp,0.05,0.0,41,1.9720792531967168,-6.7158913699063385,-5.457818121380276
8649,do,0.05,0.0,70,-0.38618216514587367,-8.581441781015107,-7.718335633807712
8650,pp,0.05,0.0,35,0.8057804226875307,-6.9733548785700945,-5.967836684650845
8651,do,0.05,0.0,4,-0.49663968920707635,-6.024039748220733,-5.214049291610718
8652,pp,0.05,0.0,18,2.027786048650741,-6.3910783377560705,-5.1179407119750975
8653,do,0.05,0.0,70,1.1661139822006232,-7.4998570312153205,-6.961921029620701
8654,pp,0.05,0.0,32,1.7460173714160918,-6.763235278563066,-5.106277044614156
8655,do,0.05,0.0,70,0.7002299547195427,-7.427305594357577,-6.830726061926947
8656,pp,0.05,0.0,12,1.275594940185547,-5.076768318812053,-4.167675873968336
8657,do,0.05,0.0,2,-1.0267259216308595,-6.134536110271107,-5.467383284038967
8658,pp,0.05,0.0,8,0.5944347047805785,-5.4728267785274625,-4.839714694023132
8659,do,0.05,0.0,25,0.5644626116752622,-7.026724485917525,-6.6611286163330075
8660,pp,0.05,0.0,7,0.19525608062744126,-5.707751337687174,-5.006806148423089
8661,do,0.05,0.0,23,-0.4868742680549625,-7.090900031003085,-6.734015382660759
8662,pp,0.05,0.0,5,-0.43783323168754507,-5.61135441606695,-4.911838822894627
8663,do,0.05,0.0,17,2.1449353528022765,-5.3854951121590355,-5.570021441247728
8664,pp,0.05,0.0,70,1.393627529144288,-6.837896526221073,-5.800452235009935
8665,do,0.05,0.0,70,0.42574718832969705,-6.844360468604348,-6.508398482534621
8666,pp,0.05,0.0,5,-0.5079543316364292,-5.986902088107485,-5.230886271264818
8667,do,0.05,0.0,70,1.0720960855484005,-9.700939853263623,-8.656748061709933
8668,pp,0.05,0.0,20,3.0596549677848808,-7.049459179964932,-5.5044869846767845
8669,do,0.05,0.0,18,3.420814635753631,-6.741434759082217,-5.437642362382677
8670,pp,0.05,0.0,37,4.142317531108857,-9.902148044470584,-6.85623574256897
8671,do,0.05,0.0,70,0.3574163460731512,-7.789034502434008,-6.99744021097819
8672,pp,0.05,0.0,4,-0.23107661724090622,-5.81299552195,-5.17164102130466
8673,do,0.05,0.0,70,3.7626566445827487,-6.732356439937245,-6.128536499871148
8674,pp,0.05,0.0,27,3.501352910995484,-7.16028063658512,-5.584848157564799
8675,do,0.05,0.0,12,2.1456161618232725,-6.211492570241292,-5.269547549883525
8676,pp,0.05,0.0,4,0.8926075124740604,-4.944755286881418,-4.05919447739919
8677,do,0.05,0.0,22,2.5839508986473083,-5.329519280520352,-4.3824929025438095
8678,pp,0.05,0.0,15,3.121144926548004,-5.535474219466701,-4.373302483558655
8679,do,0.05,0.0,29,1.211719543933869,-7.41029422788909,-7.1578480958938595
8680,pp,0.05,0.0,10,0.5830445873737338,-4.923010564572883,-4.097013031111823
8681,do,0.05,0.0,47,2.087352690696717,-7.747396029848041,-8.337318227026199
8682,pp,0.05,0.0,53,2.0471835446357725,-7.034314740787853,-5.337753139601814
8683,do,0.05,0.0,57,2.0963745355606083,-10.878848720319343,-9.772571600808037
8684,pp,0.05,0.0,17,2.1255430209636685,-5.780109246571858,-4.712001040246752
8685,do,0.05,0.0,30,1.824618219137192,-6.85305326201699,-6.185752916336059
8686,pp,0.05,0.0,18,1.5532598483562472,-4.925879959626632,-4.340107221073574
8687,do,0.05,0.0,25,1.6961679553985602,-7.414574059573087,-6.227528036965264
8688,pp,0.05,0.0,22,2.161444790363312,-4.754887894428138,-4.220384524928199
8689,do,0.05,0.0,51,4.029683492183685,-7.196298818877249,-7.982282638549805
8690,pp,0.05,0.0,59,4.318556770086287,-5.678041855494182,-4.648316771454281
8691,do,0.05,0.0,22,2.6959612309932703,-4.7701933340592815,-5.0718895435333256
8692,pp,0.05,0.0,49,2.3357645654678354,-9.506015433687152,-7.553234444724189
8693,do,0.05,0.0,70,-0.6682292318344114,-9.305071491183657,-8.103561401367188
8694,pp,0.05,0.0,14,0.8913365089893341,-4.941977672865897,-4.2027850204043915
8695,do,0.05,0.0,15,3.7035077309608466,-5.429401482957783,-4.961190655496385
8696,pp,0.05,0.0,15,2.1346358263492577,-4.594069191903779,-3.996009998851352
8697,do,0.05,0.0,39,3.9729410707950583,-4.6445754267952655,-4.075309790505303
8698,pp,0.05,0.0,67,3.391927690505982,-10.740800684148615,-8.952881558736165
8699,do,0.05,0.0,24,3.8260545063018796,-5.530178145206336,-5.242932801776462
8700,pp,0.05,0.0,15,3.1081876099109644,-4.153213278452555,-3.591466776529948
8701,do,0.05,0.0,41,-0.6954679477214807,-8.36765629305984,-7.194549422793918
8702,pp,0.05,0.0,46,0.3702450823783874,-9.992387007222032,-8.293622006310358
8703,do,0.05,0.0,42,3.175876637697219,-6.072320120262377,-5.584340998861525
8704,pp,0.05,0.0,42,3.372733110189438,-7.397570150548762,-6.2153393745422365
8705,do,0.05,0.0,30,2.7220470404624937,-6.25592271342422,-5.623403951856825
8706,pp,0.05,0.0,27,2.604778096675873,-4.669048185059519,-3.6914208266470165
8707,do,0.05,0.0,38,3.381598564386369,-7.133078157540524,-6.164793841044108
8708,pp,0.05,0.0,9,1.2083546757698054,-5.152531074755119,-4.176191880967882
8709,do,0.05,0.0,55,3.433987424373627,-5.514798912857518,-5.177671896086799
8710,pp,0.05,0.0,46,2.631296396255493,-7.049238663008719,-6.6525621679094105
8711,do,0.05,0.0,20,1.264591500759125,-5.911427363482389,-5.179472353723314
8712,pp,0.05,0.0,19,2.1236779177188874,-4.659608301971898,-3.982468647427029
8713,do,0.05,0.0,70,4.117518219947815,-8.649831081159187,-7.485004554854499
8714,pp,0.05,0.0,23,3.237631649971009,-5.674122635523478,-4.885556899176704
8715,do,0.05,0.0,70,2.007840881347656,-9.928456797744289,-9.130033519532946
8716,pp,0.05,0.0,39,2.037750556468964,-8.943251715284406,-8.11390635172526
8717,do,0.05,0.0,12,1.4341117715835576,-6.690909183386601,-5.8755449586444435
8718,pp,0.05,0.0,10,1.885845686197281,-4.689331038792928,-3.7913203808996414
8719,do,0.05,0.0,11,2.1288519752025605,-5.436359042832346,-4.708250882890489
8720,pp,0.05,0.0,70,3.0000726485252374,-5.388642198389227,-4.7970471964942085
8721,do,0.05,0.0,29,3.5536096906661996,-6.557732973676739,-6.542704317304823
8722,pp,0.05,0.0,11,1.7036789381504054,-5.206255613673817,-4.2072479844093325
8723,do,0.05,0.0,12,1.2167504394054411,-5.506571528405854,-5.7005454275343155
8724,pp,0.05,0.0,16,1.1985798549652102,-5.465334269494721,-4.668990235858494
8725,do,0.05,0.0,19,1.7588572728633887,-5.081795358657837,-4.620321419503954
8726,pp,0.05,0.0,56,1.7194484353065498,-7.515922716892127,-6.219184064865113
8727,do,0.05,0.0,17,4.109873387813568,-6.65009022915002,-6.09760811858707
8728,pp,0.05,0.0,12,2.5465443301200876,-7.24790502317024,-5.918940138816834
8729,do,0.05,0.0,18,2.7837069046497342,-5.808427427754258,-5.342967022789849
8730,pp,0.05,0.0,16,2.5956430840492253,-4.463131140217636,-3.8267819762229918
8731,do,0.05,0.0,19,1.8188635313510888,-6.287721274115823,-5.877934707535638
8732,pp,0.05,0.0,36,1.5422570681571948,-7.244011251854174,-6.2714763402938845
8733,do,0.05,0.0,70,1.5036216652393328,-7.378840216723355,-6.408531233999464
8734,pp,0.05,0.0,28,2.2259156799316404,-5.621558403246331,-4.861985307269626
8735,do,0.05,0.0,9,1.6964738011360172,-5.763777610027429,-5.121623118718465
8736,pp,0.05,0.0,16,2.0783551073074342,-5.182186369462447,-4.423316197925144
8737,do,0.05,0.0,41,2.4627808439731593,-5.297590096791585,-5.405924654006958
8738,pp,0.05,0.0,32,2.8236695373058316,-5.54112274574511,-4.7684569941626656
8739,do,0.05,0.0,15,1.1346034622192382,-5.544490954370209,-5.232150909635756
8740,pp,0.05,0.0,27,2.47408267378807,-5.851939321286751,-5.007587231530083
8741,do,0.05,0.0,55,2.672456619739533,-7.498075262705485,-6.945294941796197
8742,pp,0.05,0.0,25,2.2021590459346765,-8.766566473065001,-7.918534766303169
8743,do,0.05,0.0,36,1.6014482724666594,-6.784686137690689,-6.0532614443037245
8744,pp,0.05,0.0,21,2.470629675388336,-4.79877483772509,-3.9701166682773166
8745,do,0.05,0.0,28,2.8383290767669687,-5.1138516570582535,-5.379554088910421
8746,pp,0.05,0.0,20,3.250529412031173,-6.231930397496079,-5.468525383207533
8747,do,0.05,0.0,12,0.7197789776325223,-6.733595285993633,-6.507671893967522
8748,pp,0.05,0.0,70,0.7082272815704336,-10.13719333301891,-8.893648253546822
8749,do,0.05,0.0,70,3.5210482096672067,-9.595125429558031,-8.26259021229214
8750,pp,0.05,0.0,14,0.7800040948390956,-4.753728307377209,-4.139986862076653
8751,do,0.05,0.0,29,2.526263945102693,-7.867957820314349,-7.015777333577474
8752,pp,0.05,0.0,25,3.551134029626847,-6.124446004809755,-5.093643385834164
8753,do,0.05,0.0,30,3.1697571718692785,-5.685219592759103,-4.89457696808709
8754,pp,0.05,0.0,60,3.3973451220989226,-5.43326256202929,-4.714048730002509
8755,do,0.05,0.0,48,5.750251519680023,-7.562493309830174,-6.7903256310356985
8756,pp,0.05,0.0,70,3.5875153160095214,-6.891602078351108,-6.1628296507729425
8757,do,0.05,0.0,54,2.2571518111228936,-9.813840978795833,-8.898963477876451
8758,pp,0.05,0.0,27,4.009080172777176,-6.052103727514093,-5.155857181549072
8759,do,0.05,0.0,4,0.37975654244422863,-5.140601312752926,-4.713015519248115
8760,pp,0.05,0.0,15,2.2314562582969666,-4.632040400938554,-3.9013649609353807
8761,do,0.05,0.0,38,4.239443334341049,-6.64714359514641,-6.227988934516906
8762,pp,0.05,0.0,18,2.5752914273738856,-6.173618412017822,-5.177256067593892
8763,do,0.05,0.0,24,1.9084072124958036,-6.0644060683972905,-5.386144479115804
8764,pp,0.05,0.0,13,1.5843189406394957,-4.995810144597834,-4.114591513739692
8765,do,0.05,0.0,35,4.451594772338867,-8.608513001239661,-8.51621289783054
8766,pp,0.05,0.0,26,4.733847868442536,-4.9728767857407075,-4.397833500968085
8767,do,0.05,0.0,50,3.8249018895626072,-7.465175060792403,-7.3740903589460585
8768,pp,0.05,0.0,20,3.082444863319397,-5.240934431191647,-4.46195574204127
8769,do,0.05,0.0,70,-0.19324675083160336,-9.426291124748461,-8.407686758041383
8770,pp,0.05,0.0,20,0.6203031289577483,-4.9263153264016815,-4.417263995276557
8771,do,0.05,0.0,10,2.040264377593994,-6.138411754550356,-5.334857053226894
8772,pp,0.05,0.0,35,3.845496689081192,-7.11394337162827,-5.327395113309224
8773,do,0.05,0.0,15,0.7961019074916837,-6.526865433201645,-5.479000947210523
8774,pp,0.05,0.0,40,1.3676629066467285,-9.429229606281627,-8.0551381693946
8775,do,0.05,0.0,30,1.0714597034454352,-5.987349463954116,-5.428596515125698
8776,pp,0.05,0.0,12,0.9568797373771663,-4.721721562472257,-4.225071904394362
8777,do,0.05,0.0,21,0.10620291590690645,-6.97892098571315,-6.5684991783565945
8778,pp,0.05,0.0,22,0.3324358224868771,-6.6341249278097445,-5.793572078810798
8779,do,0.05,0.0,8,0.9230672204494477,-5.282194088444565,-4.776978010601468
8780,pp,0.05,0.0,64,2.2224495983123784,-9.720505418199481,-7.709485981199476
8781,do,0.05,0.0,16,0.6069446122646331,-6.197285354498661,-5.209823722309537
8782,pp,0.05,0.0,66,1.4830107176303855,-8.630209404049499,-6.8652477582295734
8783,do,0.05,0.0,70,1.2151109278202057,-6.952078271634651,-6.127758897675408
8784,pp,0.05,0.0,27,2.02300881266594,-4.718231655612136,-4.061510067515903
8785,do,0.05,0.0,19,2.3029348969459544,-5.31184602506233,-5.098647239473131
8786,pp,0.05,0.0,30,3.720319746732713,-5.789823358709162,-4.552330443594191
8787,do,0.05,0.0,38,1.6669786381721492,-6.776188244964137,-6.170105865266588
8788,pp,0.05,0.0,24,2.8976332485675815,-6.021021806832516,-5.006513153182135
8789,do,0.05,0.0,53,2.380920028686523,-6.137492202989983,-5.904612448480394
8790,pp,0.05,0.0,21,2.363531157970429,-6.603015730597756,-5.616332496537103
8791,do,0.05,0.0,49,0.6341815602779386,-7.172567996111783,-6.897722763485379
8792,pp,0.05,0.0,20,1.336912319660187,-5.313917620976766,-4.366693631807963
8793,do,0.05,0.0,20,2.4843484163284293,-7.609130927288171,-6.62591941886478
8794,pp,0.05,0.0,16,2.1808153939247132,-6.252787798101251,-5.046506484349568
8795,do,0.05,0.0,36,1.3166972446441658,-7.001819242130626,-6.817572493023342
8796,pp,0.05,0.0,70,2.412207772731781,-7.118275175672589,-5.929517965846592
8797,do,0.05,0.0,11,0.7986565005779269,-5.724556138298729,-5.241880673832363
8798,pp,0.05,0.0,34,1.1229259562492366,-8.187512251825044,-6.316608627637227
8799,do,0.05,0.0,18,2.4016160047054296,-5.014101025552461,-4.461124777793884
8800,pp,0.05,0.0,70,3.9559583616256724,-7.983060023278901,-6.301419515079922
8801,do,0.05,0.0,67,1.1816264581680294,-7.777359459616921,-7.250435966915554
8802,pp,0.05,0.0,47,2.1870830833911894,-7.966011113831491,-6.017604170905219
8803,do,0.05,0.0,22,0.6759083271026611,-6.586271625576598,-5.639319398668078
8804,pp,0.05,0.0,26,-0.16792036056518622,-6.5386707493753145,-5.310194887055291
8805,do,0.05,0.0,18,0.7743084204196924,-6.8132444656256475,-5.920668096012539
8806,pp,0.05,0.0,19,0.6725793111324307,-7.025071408531883,-6.019159102439881
8807,do,0.05,0.0,19,3.4696960341930394,-4.902110839612556,-4.4170005944040085
8808,pp,0.05,0.0,30,1.631153541803359,-7.081513568126794,-5.7227452649010555
8809,do,0.05,0.0,70,0.7198884737491618,-7.995381621158484,-7.264988909827339
8810,pp,0.05,0.0,67,2.3422235608100905,-8.954311772548792,-7.904356940587362
8811,do,0.05,0.0,32,4.821709842681885,-6.530911790963375,-5.458392458491855
8812,pp,0.05,0.0,26,4.311431115865707,-7.572161171653054,-5.253645589616563
8813,do,0.05,0.0,70,3.151913443803787,-7.086805538697676,-6.575366777843899
8814,pp,0.05,0.0,70,0.10770272493362398,-9.886820414572052,-8.720484775967067
8815,do,0.05,0.0,14,0.7234744620323186,-7.35869622519522,-6.456018098195394
8816,pp,0.05,0.0,65,0.7365863513946529,-10.881323016773571,-8.85869845284356
8817,do,0.05,0.0,68,0.4778162932395933,-9.312423141074904,-8.945587629742093
8818,pp,0.05,0.0,18,0.9482226788997652,-6.252668432755904,-5.211106083128187
8819,do,0.05,0.0,30,0.000964127779007562,-6.872268009185791,-6.851608620749579
8820,pp,0.05,0.0,20,0.2536501824855799,-7.161873814553926,-5.920216907395257
8821,do,0.05,0.0,70,2.0586553692817695,-7.6491982676766135,-7.367154518763225
8822,pp,0.05,0.0,15,0.6335615170001976,-5.458665957595363,-4.518456308046977
8823,do,0.05,0.0,22,2.3214669954776763,-7.006406823071567,-7.074518754747179
8824,pp,0.05,0.0,17,1.7568771195411683,-5.662941650910811,-4.651010412640042
8825,do,0.05,0.0,10,0.9814928257465363,-5.564585734858658,-5.459133021036783
8826,pp,0.05,0.0,10,1.9062325346469873,-4.488482627001676,-4.113479338751899
8827,do,0.05,0.0,20,0.541907694339752,-6.43433487776554,-6.256804000006782
8828,pp,0.05,0.0,70,0.580628415346145,-6.931789648171627,-6.2770615498224895
8829,do,0.05,0.0,10,0.9496386206150049,-7.778813135262691,-6.296893419159783
8830,pp,0.05,0.0,13,1.8690145111083982,-6.433531297336925,-5.044479746288723
8831,do,0.05,0.0,20,1.4818216598033898,-6.512191219040842,-6.3745887941784325
8832,pp,0.05,0.0,56,2.1610681474208846,-8.552466891028665,-7.1515647702746925
8833,do,0.05,0.0,70,0.6789133024215683,-8.571036419723972,-8.487644640604655
8834,pp,0.05,0.0,23,1.1710252273082737,-6.63495693062291,-5.958150158988105
8835,do,0.05,0.0,5,0.3107308983802799,-5.219664481191924,-4.957300294770135
8836,pp,0.05,0.0,9,0.41463054776191655,-5.409569027929595,-4.487689280509949
8837,do,0.05,0.0,13,0.7090327692031861,-6.077449177250718,-5.36094388961792
8838,pp,0.05,0.0,70,0.9063003087043757,-8.310856972318707,-7.043232557508681
8839,do,0.05,0.0,16,1.7548940908908843,-5.921593602498373,-5.085050609376696
8840,pp,0.05,0.0,3,-0.5458769488334649,-6.432100582122803,-5.747248411178589
8841,do,0.05,0.0,20,2.5913175499439243,-5.071575432112723,-4.551687820752462
8842,pp,0.05,0.0,28,2.2314391314983375,-6.026887981819384,-4.3843588617112905
8843,do,0.05,0.0,32,2.739186090230941,-7.937349981250185,-6.611824674076504
8844,pp,0.05,0.0,8,0.9373906791210169,-6.3598256154493855,-5.325395131111145
8845,do,0.05,0.0,26,2.076420747041703,-6.372117358987982,-6.6377169211705525
8846,pp,0.05,0.0,17,-0.18225512385368337,-6.8757175228812475,-6.359029576513502
8847,do,0.05,0.0,16,1.5744729280471805,-5.7672642014243385,-5.05627666844262
8848,pp,0.05,0.0,40,1.4398870134353636,-7.838621666937163,-6.7068498452504475
8849,do,0.05,0.0,15,1.1518441653251648,-5.203940131447532,-4.928310108184815
8850,pp,0.05,0.0,7,0.7361068141460416,-4.955298991636797,-4.207381253772311
8851,do,0.05,0.0,13,0.7693055701255798,-4.406492912408077,-4.147177959813012
8852,pp,0.05,0.0,9,0.5256447505950934,-5.050679306550459,-4.324802621205648
8853,do,0.05,0.0,23,3.1336191511154183,-5.128931039752382,-4.473177830378215
8854,pp,0.05,0.0,24,3.7883290076255793,-4.88600857185595,-4.116588772667779
8855,do,0.05,0.0,7,1.163552292585373,-4.728764109178023,-4.121974248356289
8856,pp,0.05,0.0,26,2.375418592691421,-6.153685828411218,-5.045741661389669
8857,do,0.05,0.0,18,3.069834620952607,-4.668752923156276,-4.5799871815575495
8858,pp,0.05,0.0,70,1.6451235890388478,-7.580674448880282,-5.793917775154114
8859,do,0.05,0.0,14,2.259995115995407,-4.171621717106213,-4.349330708715651
8860,pp,0.05,0.0,27,1.7706809294223795,-7.16958658767469,-6.196846257315742
8861,do,0.05,0.0,55,1.7584012901783002,-8.057056935628255,-7.4556101083755495
8862,pp,0.05,0.0,46,2.540569801330566,-9.157057425470063,-7.322320010926989
8863,do,0.05,0.0,22,1.7111998212337491,-5.882916278550119,-5.5490905814700655
8864,pp,0.05,0.0,70,2.6120786237716676,-9.115917176911324,-7.928559727138943
8865,do,0.05,0.0,70,2.0343320775032048,-6.544231543396458,-5.981022651990255
8866,pp,0.05,0.0,9,1.5784645736217495,-5.614979408726548,-4.920240251223246
8867,do,0.05,0.0,68,2.8685698580741885,-6.859795862255674,-6.522139660517374
8868,pp,0.05,0.0,70,2.2309402644634257,-8.779756199229848,-7.276125484042698
8869,do,0.05,0.0,17,3.257623051404954,-4.955318206729311,-4.363193054993947
8870,pp,0.05,0.0,22,2.8583355438709264,-5.0998783949649695,-4.580040968788994
8871,do,0.05,0.0,9,-0.11947895288467425,-5.140815087520715,-5.16971099641588
8872,pp,0.05,0.0,42,0.7664771318435664,-6.474352070779512,-5.771662974357605
8873,do,0.05,0.0,48,2.891169393062592,-6.185359314716224,-5.529961366123623
8874,pp,0.05,0.0,70,2.183686949014663,-8.168769563328135,-6.43610172536638
8875,do,0.05,0.0,70,1.844932236671447,-6.973158269940001,-6.636757244004143
8876,pp,0.05,0.0,70,1.2880768179893494,-9.634648075970736,-8.26944932937622
8877,do,0.05,0.0,17,1.2634447628259657,-4.88908582311688,-4.696686005592346
8878,pp,0.05,0.0,7,0.7357566440105439,-4.947864057078506,-4.194283567534553
8879,do,0.05,0.0,11,2.8650195133686074,-5.53093016797846,-4.814072730806139
8880,pp,0.05,0.0,15,2.7713274574279794,-5.765450340328795,-4.70461581548055
8881,do,0.05,0.0,26,3.170515915155411,-7.1214612830768935,-6.287555008464389
8882,pp,0.05,0.0,14,2.0623364174365992,-6.89946344982494,-5.196069518725078
8883,do,0.05,0.0,21,2.2159661924839025,-5.393633296272972,-5.498852729797363
8884,pp,0.05,0.0,70,1.8835892033576958,-9.389983719045466,-8.203730697102017
8885,do,0.05,0.0,9,1.6087717628479004,-4.408702655272051,-4.473092002338833
8886,pp,0.05,0.0,14,1.9161628878116606,-5.28444058822863,-4.546876740455628
8887,do,0.05,0.0,33,3.2251109182834625,-7.591144894108628,-6.692682780159844
8888,pp,0.05,0.0,12,1.4558746290206912,-5.344349268710975,-4.608834931585524
8889,do,0.05,0.0,30,2.042605899572373,-5.9116011720715145,-5.364503280321757
8890,pp,0.05,0.0,17,2.710069855451583,-5.469932839364716,-4.688563023673163
8891,do,0.05,0.0,12,1.6249035751819605,-4.669959475777366,-4.452548209826151
8892,pp,0.05,0.0,62,1.6751787161827094,-6.905476545565056,-5.96602251264784
8893,do,0.05,0.0,23,1.611139943599702,-5.888138460390495,-5.544872575336033
8894,pp,0.05,0.0,39,1.4166982030868533,-7.37873792070331,-6.38311267958747
8895,do,0.05,0.0,23,1.6677608001232143,-5.148164081573486,-4.592782659000821
8896,pp,0.05,0.0,40,1.5199863135814669,-5.787110315669667,-4.957895967695448
8897,do,0.05,0.0,29,3.410540539026261,-5.917075894095681,-5.624463280042012
8898,pp,0.05,0.0,51,4.731673258543015,-6.460898422472405,-5.541375946998596
8899,do,0.05,0.0,30,3.3490393590927123,-6.559543203585076,-5.9163260406918
8900,pp,0.05,0.0,35,3.780533703565597,-7.922609652894916,-6.48413122759925
8901,do,0.05,0.0,12,0.9875346875190729,-4.916594477855798,-4.401463927163018
8902,pp,0.05,0.0,40,1.0805375289916999,-9.913909495960583,-8.864506318834092
8903,do,0.05,0.0,19,2.024216398000717,-4.289116967808116,-4.363415743245019
8904,pp,0.05,0.0,14,1.755649673938752,-6.945628385832816,-6.326731893751356
8905,do,0.05,0.0,70,2.0241989839076995,-6.160724638447617,-5.352792970339457
8906,pp,0.05,0.0,24,2.0872331392765044,-5.124853699135058,-4.567630910873413
8907,do,0.05,0.0,17,2.119673533439637,-4.6901722257787535,-4.476524551709493
8908,pp,0.05,0.0,25,1.4105898284912106,-6.705348439650102,-5.823442837927076
8909,do,0.05,0.0,17,3.7541183650493624,-5.998627638094353,-5.307590601179335
8910,pp,0.05,0.0,57,5.108538477420807,-7.317070508725715,-6.042145215140449
8911,do,0.05,0.0,30,1.6666853451728816,-6.20068684202252,-5.458595456017388
8912,pp,0.05,0.0,43,2.2565694165229804,-9.171202226118607,-7.62978146341112
8913,do,0.05,0.0,31,0.5045839691162115,-6.414035967624549,-6.762010330624051
8914,pp,0.05,0.0,41,0.4348196434974678,-7.27591837536205,-6.35586453543769
8915,do,0.05,0.0,40,2.3092726898193368,-5.379860883770567,-4.869913890626695
8916,pp,0.05,0.0,13,1.3409135818481444,-4.8385534589940855,-4.287040339575873
8917,do,0.05,0.0,37,1.3352943193912514,-6.574622917175293,-5.974491127332052
8918,pp,0.05,0.0,8,0.8236300313472746,-5.954300760500359,-5.051976760228475
8919,do,0.05,0.0,11,1.7767185878753669,-4.2827815633831605,-4.059236199325985
8920,pp,0.05,0.0,70,1.453597531318664,-7.894162740129413,-7.092637485928005
8921,do,0.05,0.0,6,0.7285050642490392,-4.505271509921912,-4.358800782097711
8922,pp,0.05,0.0,24,1.452392773628235,-5.299419319268429,-4.81439372698466
8923,do,0.05,0.0,51,2.983803753852844,-5.827913870955959,-5.612453020943535
8924,pp,0.05,0.0,28,1.3776888263225553,-6.25432344494444,-5.135909189118279
8925,do,0.05,0.0,51,2.1532484400272365,-5.9204925146969885,-5.120835036701626
8926,pp,0.05,0.0,18,1.2926620042324073,-5.864076394745798,-4.951734598477682
8927,do,0.05,0.0,10,1.2046408176422112,-4.060634777762673,-4.093814085589515
8928,pp,0.05,0.0,47,0.9740535652637465,-7.400363498745542,-6.738592849837409
8929,do,0.05,0.0,19,3.6590571570396433,-4.94075785261212,-4.440384814474318
8930,pp,0.05,0.0,34,2.348948312997817,-7.084297525521481,-5.706559340159099
8931,do,0.05,0.0,70,-0.09436563491821381,-8.08149713458437,-8.205304876963298
8932,pp,0.05,0.0,42,2.2457526755332946,-6.7765656153361,-5.593265528149075
8933,do,0.05,0.0,26,1.5558122408390052,-5.632014644507206,-5.126376099056667
8934,pp,0.05,0.0,55,1.814917171001433,-8.154364681243896,-7.339876672956678
8935,do,0.05,0.0,37,5.407917250394822,-6.555449628829956,-5.824934424294366
8936,pp,0.05,0.0,40,3.4174526441097255,-6.2552270585840395,-5.074920384089152
8937,do,0.05,0.0,61,3.814025568962098,-6.362616510102243,-6.662033369806077
8938,pp,0.05,0.0,65,3.915211099386215,-6.957916631120624,-5.838934058613248
8939,do,0.05,0.0,37,1.2165304923057558,-6.8283732139703,-5.966526450051202
8940,pp,0.05,0.0,12,1.8621467566490173,-5.4777424306580516,-4.784350697199503
8941,do,0.05,0.0,12,0.5879033052921301,-6.175229955442024,-5.796572849485609
8942,pp,0.05,0.0,34,1.6915486848354346,-7.4372829307209365,-6.456303832266066
8943,do,0.05,0.0,52,3.7783741223812104,-7.844836859269575,-6.987619241078694
8944,pp,0.05,0.0,6,0.524123371839524,-4.752298441800204,-4.311216786172655
8945,do,0.05,0.0,25,3.0305652618408203,-4.933720032374064,-4.186314577526517
8946,pp,0.05,0.0,70,3.094044662714005,-6.653908170353283,-5.838672412766351
8947,do,0.05,0.0,16,2.9056506013870242,-6.454501704013709,-5.140961050987244
8948,pp,0.05,0.0,14,2.553007462024688,-5.636388765681874,-4.616950678825378
8949,do,0.05,0.0,13,1.2419170498847967,-6.0827355038036,-5.523321874936422
8950,pp,0.05,0.0,49,1.253578267097473,-7.534098354975383,-6.350622908274333
8951,do,0.05,0.0,24,3.623286222219467,-6.228094215104075,-6.273560693528917
8952,pp,0.05,0.0,17,2.0184043300151826,-7.6269622976129705,-6.616270730230544
8953,do,0.05,0.0,14,1.219888690710068,-5.200233401674213,-4.592191497484843
8954,pp,0.05,0.0,44,1.3415481948852541,-8.721506347078266,-7.180374251471625
8955,do,0.05,0.0,17,1.8278878808021544,-5.078735069795088,-4.421579480171204
8956,pp,0.05,0.0,12,3.141487339735031,-5.655851410374497,-4.765749992264642
8957,do,0.05,0.0,35,2.730372469425202,-6.588278966961485,-8.404701063368055
8958,pp,0.05,0.0,21,2.2751787829399106,-6.034693813323974,-5.439877610736423
8959,do,0.05,0.0,10,1.3752169632911686,-4.499129704273108,-4.378626549243927
8960,pp,0.05,0.0,13,2.0381712901592257,-5.084426638574311,-4.47183862792121
8961,do,0.05,0.0,15,0.78908011674881,-5.099649634505763,-4.918062051137288
8962,pp,0.05,0.0,70,2.014804339408874,-8.044300811940973,-7.34030065536499
8963,do,0.05,0.0,66,2.0814426338672636,-8.594777949651082,-6.719194740719265
8964,pp,0.05,0.0,8,1.091307793855667,-4.594084283077356,-3.9991718530654907
8965,do,0.05,0.0,44,5.462384568452835,-6.980075617992517,-5.968943378660414
8966,pp,0.05,0.0,23,3.6111678099632254,-5.139900284102469,-4.502742666668362
8967,do,0.05,0.0,64,2.8290771603584277,-6.934757258675315,-6.11258770359887
8968,pp,0.05,0.0,70,1.3391749930381778,-7.852918033888845,-6.608653789096408
8969,do,0.05,0.0,27,5.319829055070877,-6.223872232437134,-5.454526427057054
8970,pp,0.05,0.0,34,4.597093052864075,-4.6919386675863555,-3.8271495448218453
8971,do,0.05,0.0,70,3.4898459911346436,-9.683872469988737,-8.268514744440715
8972,pp,0.05,0.0,25,3.658828631639481,-6.441177975047719,-5.422593283653259
8973,do,0.05,0.0,25,2.025465602874756,-7.412766387245872,-5.55175072617001
8974,pp,0.05,0.0,8,0.8449409222602844,-5.719352392716841,-5.007301478915744
8975,do,0.05,0.0,35,1.552536433935165,-5.558873481461496,-5.378098355399238
8976,pp,0.05,0.0,12,0.9755099332332611,-4.5942197886380285,-4.205718462997012
8977,do,0.05,0.0,49,2.271007534265519,-8.661661549770471,-6.966658936606513
8978,pp,0.05,0.0,8,1.673880692720414,-4.785787611296683,-4.11148435804579
8979,do,0.05,0.0,24,3.329953624010087,-5.672393011324333,-5.280213718944125
8980,pp,0.05,0.0,17,3.6638291609287252,-6.066144908558239,-4.920073541005452
8981,do,0.05,0.0,12,0.6928360068798067,-6.338856558366255,-5.5385745180977715
8982,pp,0.05,0.0,14,1.0879648315906527,-4.859866000666763,-4.276740410592821
8983,do,0.05,0.0,70,1.188337541818619,-12.538124468832304,-11.94936498006185
8984,pp,0.05,0.0,25,2.159879951477051,-5.231931799108332,-4.156205136246151
8985,do,0.05,0.0,23,1.9422036862373355,-6.500955927010739,-6.151393042670356
8986,pp,0.05,0.0,11,1.834420369863511,-6.4717750245874575,-5.4316773944430885
8987,do,0.05,0.0,70,1.76416977405548,-7.604179039868441,-8.011622052722506
8988,pp,0.05,0.0,16,2.344932905435562,-4.079145827437892,-3.727379552523295
8989,do,0.05,0.0,70,-0.6827802515029902,-9.106182027585579,-9.164932484096951
8990,pp,0.05,0.0,70,2.5648167514801017,-8.926690598690149,-7.0464127884970775
8991,do,0.05,0.0,20,1.7010477626323706,-5.923798367471406,-5.401399283938938
8992,pp,0.05,0.0,24,3.188046110868454,-5.954068636171746,-5.139718974961175
8993,do,0.05,0.0,29,2.8289273071289056,-8.076622421091253,-8.208670277065702
8994,pp,0.05,0.0,19,2.601844540834427,-5.770925985683094,-5.129931932025485
8995,do,0.05,0.0,19,1.6852760314941415,-6.419722978996508,-5.822857358720568
8996,pp,0.05,0.0,16,1.690714614391327,-5.984104420922019,-5.269267911381192
8997,do,0.05,0.0,70,2.0903842532634727,-6.252689422260631,-5.515860875447591
8998,pp,0.05,0.0,49,2.524033530950546,-5.774499227061416,-4.875530579355028
8999,do,0.05,0.0,33,2.4701240241527547,-6.040030970717922,-5.59864927927653
9000,pp,0.05,0.0,14,1.9028829300403594,-4.304000675317013,-3.7209483861923216
9001,do,0.05,0.0,70,2.9677165675163266,-8.98460421706691,-7.833882792790731
9002,pp,0.05,0.0,26,1.6517044043540947,-5.977608926368482,-5.074770045280457
9003,do,0.05,0.0,17,2.7421081984043125,-6.360048854712284,-5.63562921418084
9004,pp,0.05,0.0,38,3.036674304008484,-8.845790497461955,-7.481803139050801
9005,do,0.05,0.0,30,2.808748373985291,-5.6917981277812615,-5.919483306672838
9006,pp,0.05,0.0,38,2.3579224634170526,-5.279591524239742,-4.558316842714945
9007,do,0.05,0.0,41,0.2147606444358825,-8.889073795260805,-7.963889699512058
9008,pp,0.05,0.0,30,2.8620350468158726,-6.466534633347482,-5.788569002681308
9009,do,0.05,0.0,70,2.6135514044761665,-7.068643072879675,-6.236804585986667
9010,pp,0.05,0.0,45,3.148841954469681,-6.8685321663365215,-5.610049917962816
9011,do,0.05,0.0,33,3.0406380653381344,-5.526231044711489,-4.85092015531328
9012,pp,0.05,0.0,26,1.9898619544506069,-6.206235314860488,-5.204212588734097
9013,do,0.05,0.0,70,3.4787638688087466,-6.55920866763953,-5.8814789242214625
9014,pp,0.05,0.0,19,1.648128361701966,-5.372234332922734,-4.576434789763557
9015,do,0.05,0.0,27,1.3928281736373904,-5.512396637598673,-4.823043017917209
9016,pp,0.05,0.0,19,3.639123165607452,-5.868356443173957,-4.301246343718635
9017,do,0.05,0.0,70,2.263768081665039,-7.319987994974309,-6.993911867671542
9018,pp,0.05,0.0,37,2.3538596999645236,-7.044464111328125,-5.777735098203023
9019,do,0.05,0.0,21,2.593434292078019,-5.413266121257435,-4.58900212181939
9020,pp,0.05,0.0,70,1.7730048441886908,-8.401574527856075,-7.071710681915283
9021,do,0.05,0.0,29,2.9581958925724026,-5.512197594209151,-5.162813756201002
9022,pp,0.05,0.0,35,3.3376346862316133,-5.663708646369703,-4.873158433702257
9023,do,0.05,0.0,30,3.1181428694725035,-4.422290505784931,-5.973470589849684
9024,pp,0.05,0.0,20,1.6880936157703408,-6.252918841622092,-5.865739252832201
9025,do,0.05,0.0,18,3.3147881352901463,-4.982708652091749,-4.803418034977383
9026,pp,0.05,0.0,20,1.674040932655334,-6.712390587546609,-6.024583196640014
9027,do,0.05,0.0,21,1.8760585308074953,-4.826645481225216,-4.227742842833201
9028,pp,0.05,0.0,19,1.5179943192005156,-4.946286721663042,-4.514014185799493
9029,do,0.05,0.0,64,1.3214779210090644,-7.881385363954486,-7.5899417718251545
9030,pp,0.05,0.0,8,1.0066003334522247,-4.886896348722053,-4.4903388023376465
9031,do,0.05,0.0,33,2.406759318113327,-5.9766144434611,-5.114859302838643
9032,pp,0.05,0.0,31,2.044418761730194,-6.255554483876084,-5.324419583214654
9033,do,0.05,0.0,70,2.6158823704719554,-6.455621915875059,-5.566692845026652
9034,pp,0.05,0.0,34,1.9458103811740868,-5.509395206335819,-4.759234653578864
9035,do,0.05,0.0,70,1.657098170518875,-5.607054294239391,-4.949152677588993
9036,pp,0.05,0.0,21,1.7966128635406493,-5.593495189782345,-5.09368064403534
9037,do,0.05,0.0,17,1.1450101256370546,-5.935944089022549,-5.5800987720489506
9038,pp,0.05,0.0,22,2.350097675323486,-5.730820842222734,-5.301600037680732
9039,do,0.05,0.0,49,4.126926217079163,-9.499464004689997,-8.959042718675402
9040,pp,0.05,0.0,21,3.445249843597412,-5.796371910788796,-4.665828630659315
9041,do,0.05,0.0,70,2.497155733108521,-7.873515016382391,-6.939388757281833
9042,pp,0.05,0.0,34,2.3266160476207736,-7.227848291397095,-6.391344653235541
9043,do,0.05,0.0,28,3.5213803541660305,-4.648753195097952,-4.058425153626336
9044,pp,0.05,0.0,12,2.1174608635902405,-5.529298747669567,-4.732571755515204
9045,do,0.05,0.0,35,3.074174382686615,-7.174864150538589,-6.228024980756971
9046,pp,0.05,0.0,26,3.162356461286544,-6.97207292209972,-5.97960398197174
9047,do,0.05,0.0,34,2.79765872836113,-4.753400451486761,-4.247518701023526
9048,pp,0.05,0.0,27,1.4279434561729438,-6.5307861732714105,-5.437665695614285
9049,do,0.05,0.0,21,2.4272787368297584,-6.258512580755985,-5.525961017608642
9050,pp,0.05,0.0,11,2.1815159952640526,-5.8329021511655865,-5.169224537743462
9051,do,0.05,0.0,70,4.198453983068467,-7.670007751927232,-6.178850605752733
9052,pp,0.05,0.0,56,3.874044802188873,-5.839561249993064,-4.877652894126045
9053,do,0.05,0.0,59,1.1021922755241391,-8.040459842392892,-7.4523971372180515
9054,pp,0.05,0.0,42,2.6302884805202487,-6.381052845174616,-5.563909573025174
9055,do,0.05,0.0,19,3.016657451391219,-5.191341888543331,-4.566903048091465
9056,pp,0.05,0.0,55,2.6774574697017677,-9.37121819004868,-8.591302310095893
9057,do,0.05,0.0,16,3.5297140991687774,-6.289974384596854,-5.319134645991856
9058,pp,0.05,0.0,17,3.84526151418686,-6.0934278415911125,-5.00385827753279
9059,do,0.05,0.0,58,1.791682835817337,-5.50600886778398,-4.934324061870575
9060,pp,0.05,0.0,19,0.9422613847255707,-5.71631156170007,-5.172046120961507
9061,do,0.05,0.0,23,2.078562908172608,-6.203342137192235,-5.734886720445421
9062,pp,0.05,0.0,50,2.317713105678558,-6.647904430736195,-5.287728926870558
9063,do,0.05,0.0,70,1.0625527024269097,-7.116155063744747,-8.640987629360623
9064,pp,0.05,0.0,15,1.5617779016494753,-5.627651172695738,-4.653826260566712
9065,do,0.05,0.0,27,4.389932953119278,-6.181613279111458,-5.541025031937493
9066,pp,0.05,0.0,46,5.022737383842469,-6.876962684862542,-5.5173447847366335
9067,do,0.05,0.0,20,2.897082637548447,-4.872089336857651,-4.260986638069153
9068,pp,0.05,0.0,37,3.5159401953220373,-6.212282794894594,-5.310319505797493
9069,do,0.05,0.0,33,2.283257079124451,-5.874995142040831,-5.111965767542521
9070,pp,0.05,0.0,9,0.7631931066513058,-5.6315996704679545,-4.910790790451897
9071,do,0.05,0.0,59,3.2701362931728353,-6.487041146827466,-5.2284330368042
9072,pp,0.05,0.0,65,3.017703158855438,-7.688237456119421,-6.652572197384305
9073,do,0.05,0.0,15,1.80460242152214,-5.49770551739317,-5.033557658725314
9074,pp,0.05,0.0,15,2.637064590454102,-5.763774347305298,-4.774033951759338
9075,do,0.05,0.0,61,1.8924577152729025,-6.794600595127452,-6.809919163915846
9076,pp,0.05,0.0,68,1.4100637876987463,-7.571068744948416,-6.694175275166829
9077,do,0.05,0.0,23,2.3773943209648127,-6.196549242193049,-6.351616115040249
9078,pp,0.05,0.0,70,1.749838780164719,-7.734337142019561,-6.789748191833496
9079,do,0.05,0.0,37,1.1925472676753994,-6.944328676570546,-5.831271502706739
9080,pp,0.05,0.0,17,1.4283653748035432,-5.619882914514252,-4.790500315030416
9081,do,0.05,0.0,32,2.576251484155655,-7.534728043007128,-6.705332175890605
9082,pp,0.05,0.0,30,4.240612212419509,-7.9724953579180164,-6.621409029430813
9083,do,0.05,0.0,11,1.8062176060676576,-5.902994780106978,-5.1980898274315726
9084,pp,0.05,0.0,63,1.9224950969219208,-10.301215775807698,-9.11339717970954
9085,do,0.05,0.0,43,0.32289108037948644,-6.690186431191185,-5.79817369778951
9086,pp,0.05,0.0,29,1.633347232341766,-6.073146418369178,-5.429237492879232
9087,do,0.05,0.0,70,1.9637347447872155,-7.60105410489169,-8.572648996777005
9088,pp,0.05,0.0,14,1.161304033994675,-5.576227295037472,-5.112198368708293
9089,do,0.05,0.0,10,1.763763663768768,-6.999640188795148,-5.989036350780063
9090,pp,0.05,0.0,9,0.350347458124161,-6.50031050046285,-5.465728418032328
9091,do,0.05,0.0,16,3.2927377128601067,-5.939891920667706,-5.442626372973124
9092,pp,0.05,0.0,23,2.1293492639064793,-5.5901561390269885,-4.880559089448717
9093,do,0.05,0.0,52,0.4802321279048911,-7.734726108204235,-6.78988143073188
9094,pp,0.05,0.0,9,1.4957787096500397,-4.807113333904382,-3.936437529987759
9095,do,0.05,0.0,10,0.9386510086059578,-6.242383985808401,-5.95640692975786
9096,pp,0.05,0.0,9,1.899568802118301,-4.166254557262768,-4.0042933252122666
9097,do,0.05,0.0,39,1.8315832042694096,-6.764471045407382,-5.963477577103509
9098,pp,0.05,0.0,13,1.7328995633125306,-6.029448104627205,-5.298762822151184
9099,do,0.05,0.0,70,2.479835176467896,-8.171288230202414,-6.8968191862106325
9100,pp,0.05,0.0,21,2.885935282707214,-5.484223959662698,-4.596854837735494
9101,do,0.05,0.0,34,1.0898522257804872,-6.030243986303156,-5.521370185746087
9102,pp,0.05,0.0,25,1.9306919515132908,-5.881481842561201,-5.386474559042189
9103,do,0.05,0.0,22,1.1524512147903447,-6.7175542816971285,-5.774944122632345
9104,pp,0.05,0.0,16,1.8469448280334468,-6.297914950052897,-5.43259289264679
9105,do,0.05,0.0,20,3.4600669527053824,-5.494081965359775,-4.760837282074823
9106,pp,0.05,0.0,13,2.381796053647995,-4.748469659053918,-4.227517569065094
9107,do,0.05,0.0,68,2.5336247587203973,-6.192461324460579,-5.982268810272217
9108,pp,0.05,0.0,10,1.847312108278274,-5.074317988482389,-4.396418642997742
9109,do,0.05,0.0,34,2.1211797487735753,-7.268430838440404,-6.692731425497267
9110,pp,0.05,0.0,16,1.73793721318245,-5.4225579218430955,-4.722315960460239
9111,do,0.05,0.0,32,2.0146021521091457,-7.020710855541807,-6.071507596969605
9112,pp,0.05,0.0,12,1.7781181693077093,-4.947662375190041,-4.063582615057627
9113,do,0.05,0.0,14,1.798141635656357,-5.619465602527965,-4.842454046673245
9114,pp,0.05,0.0,22,3.642923548221588,-7.6757574775002215,-6.145615651872423
9115,do,0.05,0.0,30,2.91534987449646,-5.564031375538219,-5.16031817595164
9116,pp,0.05,0.0,25,1.686719670295715,-5.867959944407145,-5.270719345410665
9117,do,0.05,0.0,59,1.3686508142948153,-7.365828012697625,-6.233734061982896
9118,pp,0.05,0.0,12,0.47585639119148304,-6.696241670666319,-5.547109066115485
9119,do,0.05,0.0,70,0.2661018276214584,-8.593061350331162,-7.6787993325127495
9120,pp,0.05,0.0,11,0.9982136619091033,-4.83432410847057,-4.436305485831367
9121,do,0.05,0.0,11,0.756271857023239,-6.2027248657110965,-5.601884969075521
9122,pp,0.05,0.0,8,1.4829938232898705,-5.273538738308531,-4.504477647940318
9123,do,0.05,0.0,38,3.7584668409824378,-5.4833823290738195,-4.910402864880032
9124,pp,0.05,0.0,17,2.382250664234161,-4.945208464246807,-4.346820444530911
9125,do,0.05,0.0,17,2.3317245197296153,-6.323831793756196,-5.881615691714817
9126,pp,0.05,0.0,15,2.3648133909702294,-5.38286984761556,-4.456213410695394
9127,do,0.05,0.0,48,2.5191241669654847,-5.234757913242687,-5.721600325902303
9128,pp,0.05,0.0,23,2.5775792109966273,-5.619417642824578,-4.891244275040097
9129,do,0.05,0.0,66,4.953559361696243,-6.003046810265744,-5.8003670798407665
9130,pp,0.05,0.0,28,3.416309096813202,-7.082457708589958,-5.6765910943349205
9131,do,0.05,0.0,20,2.6846853220462803,-5.159222948189938,-4.965161543422275
9132,pp,0.05,0.0,53,5.041516584157944,-6.279617763288093,-5.200566396448347
9133,do,0.05,0.0,35,2.739083447456359,-6.627598781296701,-5.935392946667141
9134,pp,0.05,0.0,30,3.8875113403797146,-4.863912628636216,-4.411880453427632
9135,do,0.05,0.0,56,4.675032119750977,-5.719335157221014,-4.970047214296129
9136,pp,0.05,0.0,31,3.7817416441440574,-5.492429831533721,-4.81040162510342
9137,do,0.05,0.0,65,1.8707300138473517,-10.576742685202396,-8.964898538589477
9138,pp,0.05,0.0,18,0.467869318723678,-6.349803119717222,-5.477630594041613
9139,do,0.05,0.0,25,3.6110368192195903,-7.661539376865734,-6.718189658059014
9140,pp,0.05,0.0,14,3.13875269651413,-5.173696786707098,-4.18643831676907
9141,do,0.05,0.0,22,3.071271737813949,-5.579964338649403,-5.68618729379442
9142,pp,0.05,0.0,10,1.2603904473781586,-4.768091065955884,-4.145205724239349
9143,do,0.05,0.0,70,3.3938724064826964,-8.291064323078503,-10.071321286095513
9144,pp,0.05,0.0,70,3.5092775726318353,-6.2244791522170555,-5.401057110892402
9145,do,0.05,0.0,29,1.6700225794315342,-6.167730906515411,-6.798687150743272
9146,pp,0.05,0.0,53,3.602574913501739,-6.595783321785205,-5.552660793728299
9147,do,0.05,0.0,37,2.472230268716811,-7.725998283155037,-7.284144597583347
9148,pp,0.05,0.0,68,2.444362288713455,-9.930937723679977,-8.368079884847004
9149,do,0.05,0.0,32,2.054668419361115,-7.659349807103475,-7.587304364310371
9150,pp,0.05,0.0,8,1.4458663845062256,-4.610863590240479,-3.9262934592035084
9151,do,0.05,0.0,42,3.750305861234664,-5.351895793279012,-4.903452104992336
9152,pp,0.05,0.0,54,2.9413017487525934,-6.0452991716789475,-5.44466483063168
9153,do,0.05,0.0,19,2.074066286087035,-6.363044887600523,-5.57389386759864
9154,pp,0.05,0.0,70,1.8777695405483241,-6.333064440524939,-5.182486067877876
9155,do,0.05,0.0,66,3.7433202135562906,-5.413073221842448,-4.724728430642022
9156,pp,0.05,0.0,43,3.288856571912765,-5.147558507052335,-4.558428223927816
9157,do,0.05,0.0,31,1.8967483735084532,-6.160835631688436,-5.676625919342041
9158,pp,0.05,0.0,10,0.2703630554676053,-4.945927893031727,-4.633815985255771
9159,do,0.05,0.0,17,3.238133846521377,-4.908228621338353,-4.660704527960883
9160,pp,0.05,0.0,36,3.739028116464615,-6.291980851780284,-5.0643878406948515
9161,do,0.05,0.0,15,2.6329764771461495,-5.686567690878204,-5.16063101026747
9162,pp,0.05,0.0,19,2.734148768186569,-4.78164926442233,-4.021184131834242
9163,do,0.05,0.0,23,2.9162999546527866,-5.270504317139134,-4.782801485061645
9164,pp,0.05,0.0,11,2.1638511919975283,-6.212785035913641,-4.950341047181023
9165,do,0.05,0.0,63,2.6704302680492393,-7.524262564110034,-7.764420673582289
9166,pp,0.05,0.0,21,2.922667192220688,-4.76474826408155,-4.188655397627088
9167,do,0.05,0.0,27,2.4530073690414422,-5.482566466475978,-5.188945327864753
9168,pp,0.05,0.0,25,2.646930611133575,-6.132235996650927,-5.041682171821594
9169,do,0.05,0.0,21,2.6849950206279747,-5.377708247213652,-5.260731246736315
9170,pp,0.05,0.0,33,2.0429868209362034,-5.628914925546357,-4.8451406055026585
9171,do,0.05,0.0,46,1.481786965131759,-7.65549173933087,-7.266163773006863
9172,pp,0.05,0.0,24,3.4487427139282225,-5.191768519083658,-4.431208406554328
9173,do,0.05,0.0,28,1.7590982258319858,-5.762468664573901,-5.2968080414666066
9174,pp,0.05,0.0,67,1.979364033937454,-8.245191501848625,-7.012125293413798
9175,do,0.05,0.0,66,3.1701136755943295,-7.7062300682067875,-7.327945158216688
9176,pp,0.05,0.0,26,2.024359829425812,-7.053874589457656,-6.052995506922404
9177,do,0.05,0.0,10,1.0926894629001618,-4.873538605372111,-4.3505965365303885
9178,pp,0.05,0.0,21,2.867192746400833,-7.2194718635443484,-6.028071398205228
9179,do,0.05,0.0,31,2.984423388242721,-6.5758951288281065,-6.689168095588684
9180,pp,0.05,0.0,15,2.3781982791423797,-4.041126355980381,-3.692637003792657
9181,do,0.05,0.0,49,6.268414715528488,-5.73246153051203,-5.230445880360073
9182,pp,0.05,0.0,33,5.3715046703815466,-5.427305883349795,-4.5759650932417975
9183,do,0.05,0.0,22,3.2292790055274967,-5.296164855090055,-4.559950831201341
9184,pp,0.05,0.0,13,2.592744383811951,-4.616251972949866,-4.075903672642178
9185,do,0.05,0.0,20,2.3886332011222837,-5.6745065168900926,-5.846803074412875
9186,pp,0.05,0.0,18,2.8215135037899017,-4.6239020289796775,-4.135549743970235
9187,do,0.05,0.0,43,1.4248783981800086,-6.460802160609852,-5.920494116677178
9188,pp,0.05,0.0,17,2.0644624364376067,-5.251008127674912,-4.610027493370904
9189,do,0.05,0.0,30,4.143238811492919,-5.16437399893096,-5.327840977244907
9190,pp,0.05,0.0,14,2.433860083818436,-5.981319989580097,-5.352458257145352
9191,do,0.05,0.0,12,1.3434619438648223,-5.300678897626472,-5.169946482446458
9192,pp,0.05,0.0,58,2.0640266525745403,-10.593673502315175,-8.484331923060948
9193,do,0.05,0.0,30,2.333138328790664,-5.833554500522036,-5.007474374771118
9194,pp,0.05,0.0,58,2.3997943055629722,-10.261106424620657,-7.658803762329949
9195,do,0.05,0.0,54,4.017020124197006,-4.930019265955145,-6.136668321821425
9196,pp,0.05,0.0,48,2.6604817235469813,-6.768587846466989,-5.593727246920268
9197,do,0.05,0.0,70,1.1433058047294615,-9.400026124896424,-8.52141522301568
9198,pp,0.05,0.0,10,1.0597501981258386,-4.9863245053724805,-4.489236749543084
9199,do,0.05,0.0,13,0.3633721089363098,-5.658415470701275,-6.072379814253913
9200,pp,0.05,0.0,12,2.2834392964839934,-5.369540012244022,-4.411527978049384
9201,do,0.05,0.0,30,3.0662705683708182,-6.0292776786919795,-5.129657634099325
9202,pp,0.05,0.0,14,1.4410478818416594,-5.370237502184781,-4.883355188369751
9203,do,0.05,0.0,52,2.6368763244152067,-7.641658613898537,-7.3945645067426895
9204,pp,0.05,0.0,34,1.8264531731605524,-7.608228134386467,-6.726611542701721
9205,do,0.05,0.0,15,0.8449818134307865,-8.44964618249373,-7.163381269243028
9206,pp,0.05,0.0,70,1.526100733280181,-10.702964852072975,-8.116233020358615
9207,do,0.05,0.0,70,0.830721843242646,-7.2874653310486766,-6.662036707666185
9208,pp,0.05,0.0,26,1.3704378068447118,-7.058796400012392,-6.32310836315155
9209,do,0.05,0.0,25,2.8896999776363375,-5.627938627474236,-6.964299662907918
9210,pp,0.05,0.0,15,2.4661468172073366,-5.6290388757532295,-4.578025931782193
9211,do,0.05,0.0,19,3.468646429777144,-5.967387235525883,-5.71054748694102
9212,pp,0.05,0.0,34,2.9060902702808384,-7.468491312951753,-6.695947461658054
9213,do,0.05,0.0,39,1.862223707437515,-4.6095287611990265,-4.8493132909139
9214,pp,0.05,0.0,36,3.5743053555488586,-6.344068791649558,-5.523987907833523
9215,do,0.05,0.0,53,1.8094607067108166,-6.804448146531076,-6.2122548394733
9216,pp,0.05,0.0,26,1.591737526655197,-6.451869867787217,-5.575453495979309
9217,do,0.05,0.0,61,3.2640759694576253,-6.54352303129254,-5.842488328615825
9218,pp,0.05,0.0,53,2.8774947845935817,-7.133169515205152,-6.146484687593248
9219,do,0.05,0.0,22,2.313926683664322,-5.827671650684241,-4.937953948974609
9220,pp,0.05,0.0,14,2.066760137081146,-6.371933142344157,-5.2148672156863745
9221,do,0.05,0.0,70,2.8997389125823982,-7.925330173608028,-6.737471932835049
9222,pp,0.05,0.0,13,2.242184747457504,-6.070152656959765,-5.303269627359178
9223,do,0.05,0.0,34,0.24642009854316704,-9.65463142973004,-7.0264443529976734
9224,pp,0.05,0.0,13,-0.05152002334594741,-6.280425700274381,-5.1708160294426815
9225,do,0.05,0.0,40,1.9607596850395197,-6.479708527073716,-6.344339887301127
9226,pp,0.05,0.0,13,1.7761945152282719,-5.61923451423645,-4.9211810562345715
9227,do,0.05,0.0,24,1.1262535572051995,-7.100886258212003,-6.178280655543009
9228,pp,0.05,0.0,20,1.7746277213096624,-5.951251011183768,-5.3434963994556
9229,do,0.05,0.0,22,2.5897419583797445,-5.407296216849125,-4.862788679864671
9230,pp,0.05,0.0,16,2.36524612545967,-6.038752022656527,-4.887526530689663
9231,do,0.05,0.0,10,0.46913738727569587,-5.587747222726995,-5.03364962471856
9232,pp,0.05,0.0,7,1.5575503027439117,-5.601398199254816,-5.047690653800965
9233,do,0.05,0.0,21,3.7860571050643923,-5.272377686067061,-4.7076237228181625
9234,pp,0.05,0.0,35,4.329445434808732,-6.062596842736909,-5.466094499164157
9235,do,0.05,0.0,46,0.5793315458297732,-6.550503766897953,-5.8191134797202215
9236,pp,0.05,0.0,33,1.1827620875835416,-6.057274012132124,-5.226692710982428
9237,do,0.05,0.0,26,1.3965179169178006,-6.009744680289066,-5.367039548026191
9238,pp,0.05,0.0,16,0.9816050446033477,-5.879286848415028,-5.193691253662109
9239,do,0.05,0.0,70,1.0087413024902352,-6.989980087858258,-6.019471123483446
9240,pp,0.05,0.0,31,2.2702974689006803,-7.332481157418453,-6.5135103252198965
9241,do,0.05,0.0,53,2.911703810691833,-5.981000151778712,-5.297106991873847
9242,pp,0.05,0.0,18,1.4866895854473121,-6.552400182955193,-5.311436412069533
9243,do,0.05,0.0,20,0.7406978952884673,-6.475300741195679,-5.522327571445041
9244,pp,0.05,0.0,43,2.5874739098548885,-8.176599706302989,-6.312373023562961
9245,do,0.05,0.0,52,1.986380212306976,-7.086546178297563,-6.221349965201484
9246,pp,0.05,0.0,37,1.1906574654579156,-9.242068828235974,-8.01938501463996
9247,do,0.05,0.0,35,5.0975474512577055,-6.812769466457945,-6.157918119430542
9248,pp,0.05,0.0,19,3.4092788290977474,-6.066537530494458,-4.7312465296851265
9249,do,0.05,0.0,19,2.8771549332141877,-4.737402306903492,-4.156835746765137
9250,pp,0.05,0.0,70,2.771712560653687,-5.74468416445183,-4.8259839375813804
9251,do,0.05,0.0,21,3.613902559280395,-4.3958152156887635,-4.129509434435103
9252,pp,0.05,0.0,17,2.451078267097474,-4.967252109989976,-4.464080230394999
9253,do,0.05,0.0,70,1.8368966543674476,-6.5045167922973635,-5.547223281860352
9254,pp,0.05,0.0,24,2.226795324087144,-5.194795714002667,-4.69767175383038
9255,do,0.05,0.0,12,1.9055531823635103,-4.373110369480018,-3.8791245261828107
9256,pp,0.05,0.0,13,2.7360820853710175,-4.9158645889975805,-4.037170028686523
9257,do,0.05,0.0,9,1.2629656660556794,-4.484752735947118,-4.102148776584201
9258,pp,0.05,0.0,15,2.0901371479034427,-6.190902458537709,-4.968404926194085
9259,do,0.05,0.0,22,1.7928593027591697,-4.83457880598126,-4.469351592328813
9260,pp,0.05,0.0,20,1.4826621723175046,-5.123686452345415,-4.504129478666518
9261,do,0.05,0.0,9,0.7335928702354435,-4.427287002765771,-4.045345759391784
9262,pp,0.05,0.0,39,2.642621378898621,-5.678650015050715,-4.690115491549174
9263,do,0.05,0.0,14,1.0375707769393925,-5.003287246010521,-4.537066586812338
9264,pp,0.05,0.0,11,1.0822037279605858,-6.052680826187133,-4.629172208574083
9265,do,0.05,0.0,64,1.309671920537948,-6.436822437517571,-5.632594459586674
9266,pp,0.05,0.0,9,1.1167460048198699,-5.214062368508541,-4.540305667453342
9267,do,0.05,0.0,17,2.855189414024353,-4.7451095248713635,-4.555978099505107
9268,pp,0.05,0.0,7,0.9605862116813659,-5.6203706712433785,-4.622483134269714
9269,do,0.05,0.0,9,0.8502578914165495,-4.859132678581006,-4.24841083685557
9270,pp,0.05,0.0,64,0.9207007968425742,-7.852247683207194,-6.390684792730544
9271,do,0.05,0.0,21,2.4660341477394105,-4.9645253990635725,-4.492046814494663
9272,pp,0.05,0.0,10,0.43943919897079464,-6.133636504953558,-4.859744882583618
9273,do,0.05,0.0,18,2.134520262479782,-4.387523178620772,-4.005263529883491
9274,pp,0.05,0.0,15,1.9413659775257113,-4.839102564436017,-4.067413761880663
9275,do,0.05,0.0,11,0.9808094918727877,-4.384429775584827,-4.09724084271325
9276,pp,0.05,0.0,9,0.8382052552700037,-5.435744915586529,-4.528162630399068
9277,do,0.05,0.0,14,1.802406922578811,-4.95051892453974,-4.242374340693156
9278,pp,0.05,0.0,7,0.711420491933823,-5.0675169482375635,-4.127921386559804
9279,do,0.05,0.0,10,1.145433619022369,-5.364699980706879,-4.5178558852937485
9280,pp,0.05,0.0,10,1.6795536816120142,-4.695118175853382,-3.6634275688065423
9281,do,0.05,0.0,10,0.8288456237316133,-5.3197677800149625,-4.637755086686876
9282,pp,0.05,0.0,11,1.93673621416092,-5.369699768586592,-4.121771025657654
9283,do,0.05,0.0,14,1.9630042111873625,-4.085800608721646,-3.773560342523787
9284,pp,0.05,0.0,13,2.8227959740161888,-6.029220014629942,-5.028950754801432
9285,do,0.05,0.0,20,3.421562662124633,-5.019238146868619,-4.785982921388414
9286,pp,0.05,0.0,35,5.089422565698623,-5.006042217485833,-4.46885916656918
9287,do,0.05,0.0,12,0.9154426598548895,-4.758091175194942,-4.28135510550605
9288,pp,0.05,0.0,15,1.6672542381286615,-5.144291403799346,-4.245201317469279
9289,do,0.05,0.0,25,2.2312060189247127,-4.4037453246839116,-4.524849951267242
9290,pp,0.05,0.0,19,1.723618578910827,-5.142533618753607,-4.423761055204603
9291,do,0.05,0.0,45,1.5449094164371502,-5.6887085264379325,-5.144895474116008
9292,pp,0.05,0.0,22,1.8994603013992313,-5.342250542207197,-4.45045325756073
9293,do,0.05,0.0,18,1.199425307512283,-5.063426312533292,-4.623385128710005
9294,pp,0.05,0.0,7,-0.10642299771308927,-5.654493144064238,-4.798771405220032
9295,do,0.05,0.0,70,1.5893724107742297,-7.951602404045336,-7.496753131018744
9296,pp,0.05,0.0,47,3.057821040153504,-6.063292280832926,-5.417606374952528
9297,do,0.05,0.0,7,0.5972301638126369,-4.631491275267168,-4.137903833389283
9298,pp,0.05,0.0,6,0.06821461319923383,-5.646716278249567,-4.75862434970008
9299,do,0.05,0.0,16,1.504555019140243,-5.533260433601611,-4.857923968633016
9300,pp,0.05,0.0,20,1.4262058973312373,-4.9470184629613705,-4.24408624569575
9301,do,0.05,0.0,20,2.064892534017563,-5.170860339656021,-4.642476158671909
9302,pp,0.05,0.0,70,0.9700257861614219,-8.793096774997133,-7.824393630027771
9303,do,0.05,0.0,19,0.689201068878174,-5.3735680103302,-4.866260396109687
9304,pp,0.05,0.0,8,0.5552288484573369,-5.294592614607377,-4.494111307462057
9305,do,0.05,0.0,30,3.477932461500168,-5.36806982791785,-4.6318291028340655
9306,pp,0.05,0.0,14,1.7428535342216493,-5.082804120670666,-4.417573446697659
9307,do,0.05,0.0,14,2.161190756559372,-4.666253689563636,-4.184438798162672
9308,pp,0.05,0.0,26,2.6369340384006508,-5.702671558206732,-4.759533071517945
9309,do,0.05,0.0,15,1.2228938782215115,-4.87049111886458,-4.423680724038018
9310,pp,0.05,0.0,39,3.028927175998689,-7.150721513863766,-5.6835683902104694
9311,do,0.05,0.0,17,2.38624160528183,-4.739985084533691,-4.3648245268397865
9312,pp,0.05,0.0,19,3.3779558813571926,-5.006439213319259,-4.445308197869195
9313,do,0.05,0.0,15,2.0281739425659175,-4.971185007962314,-4.292202888594733
9314,pp,0.05,0.0,9,0.4325105488300327,-5.670431743968617,-4.869336692492167
9315,do,0.05,0.0,53,3.1267231738567345,-6.973885388807817,-6.125842801729838
9316,pp,0.05,0.0,14,0.8058982777595523,-6.269273294102062,-6.196690464019776
9317,do,0.05,0.0,11,1.074694998264313,-4.487901683287187,-4.033890240722233
9318,pp,0.05,0.0,12,0.6756983637809748,-5.731226043990164,-4.887293134795295
9319,do,0.05,0.0,61,2.80514452815056,-7.878293238264142,-7.195105449358622
9320,pp,0.05,0.0,70,3.045188530683518,-7.73988437797084,-6.477420081032647
9321,do,0.05,0.0,20,1.4697866344451898,-4.543011192841964,-4.360402874151865
9322,pp,0.05,0.0,6,1.0025911498069764,-5.555591090520223,-4.789700081613328
9323,do,0.05,0.0,30,3.0846584010124207,-7.9283832246607,-8.300122022628784
9324,pp,0.05,0.0,18,3.4012629175186158,-5.715754500302402,-4.768659281730652
9325,do,0.05,0.0,35,2.4584134006500244,-6.155848257469408,-5.984291235605876
9326,pp,0.05,0.0,15,1.4865585780143737,-5.07333234873685,-4.140232804086473
9327,do,0.05,0.0,16,1.9967040717601776,-4.463754204547766,-4.157629034254286
9328,pp,0.05,0.0,15,1.7674994289875032,-4.698867760282575,-4.196584732002682
9329,do,0.05,0.0,32,1.6946798241138454,-5.801058538032301,-5.398923357327779
9330,pp,0.05,0.0,24,2.7748438036441803,-4.846311774398341,-4.34323714044359
9331,do,0.05,0.0,13,1.6724054551124574,-5.2145038662534775,-4.6845060295528835
9332,pp,0.05,0.0,24,1.6503291141986844,-5.873753836660674,-4.6396983438067965
9333,do,0.05,0.0,19,1.4564795386791234,-4.670411346897934,-4.114302032523685
9334,pp,0.05,0.0,18,2.870331573486327,-4.713869691617561,-4.1976797421773275
9335,do,0.05,0.0,12,1.5079578971862793,-4.450749975262267,-3.9873292313681707
9336,pp,0.05,0.0,12,1.5535964250564573,-5.184593520019994,-4.399975225660536
9337,do,0.05,0.0,15,0.9575761353969572,-5.075155326091882,-5.199811026785109
9338,pp,0.05,0.0,12,1.8984933865070355,-6.508872172326752,-5.514258628421359
9339,do,0.05,0.0,8,0.4291338622570038,-5.064708932240804,-4.525512809223599
9340,pp,0.05,0.0,8,1.312403349876404,-4.795568641026815,-3.855735797352261
9341,do,0.05,0.0,11,1.3306101405620572,-4.965612161520756,-5.039657150374518
9342,pp,0.05,0.0,18,2.8733815526962285,-5.04258653756344,-4.741199567582872
9343,do,0.05,0.0,70,1.9650718164443965,-6.121748734965469,-5.538567850324843
9344,pp,0.05,0.0,70,1.412073928117751,-8.39076819708853,-7.0376470724741615
9345,do,0.05,0.0,20,1.9984512877464295,-4.606644484491059,-4.183394112851885
9346,pp,0.05,0.0,37,3.136074739694596,-5.9988339684226295,-5.1731172217263115
9347,do,0.05,0.0,13,2.601196134090423,-6.90178982850277,-5.751198797755771
9348,pp,0.05,0.0,13,2.847151948213577,-5.495655119057858,-5.015883509318034
9349,do,0.05,0.0,22,0.7264295172691337,-8.44132805593086,-7.400225347942776
9350,pp,0.05,0.0,70,2.569237359762192,-6.316066020907778,-5.4193053828345406
9351,do,0.05,0.0,50,0.8070895349979406,-6.836859494989569,-7.0398501978980175
9352,pp,0.05,0.0,46,3.1021670556068424,-5.6701313669031315,-4.955720800823635
9353,do,0.05,0.0,18,2.809157489538193,-5.222391567808209,-4.632618249787225
9354,pp,0.05,0.0,16,1.7617485535144803,-5.051695580915971,-4.303820673624674
9355,do,0.05,0.0,20,2.691962901353836,-4.966778706059311,-4.575792525874244
9356,pp,0.05,0.0,13,1.9851355922222131,-5.034028967944058,-4.289937930636936
9357,do,0.05,0.0,24,2.0646810865402214,-6.051112073840517,-5.384567676650153
9358,pp,0.05,0.0,53,2.1213130855560305,-8.949192704576435,-7.326547421349419
9359,do,0.05,0.0,17,3.1847725868225094,-6.889682034290198,-6.005052542686462
9360,pp,0.05,0.0,15,2.4081674742698675,-5.893469596631599,-5.102734700838725
9361,do,0.05,0.0,70,1.7773569464683536,-9.77953626170303,-8.385611428154839
9362,pp,0.05,0.0,8,0.8787666392326354,-4.9181927608721185,-4.206564813190036
9363,do,0.05,0.0,7,0.7283647477626802,-6.278488062367295,-5.324688286251492
9364,pp,0.05,0.0,14,1.4889697682857514,-6.6031930880113086,-5.600021044413249
9365,do,0.05,0.0,34,2.7792540383338933,-5.906745157819806,-5.378362041049534
9366,pp,0.05,0.0,14,2.2862564563751224,-5.177221965789795,-4.287247710757786
9367,do,0.05,0.0,17,-0.29320621728897134,-7.214386064356024,-6.193591125806173
9368,pp,0.05,0.0,20,1.4459816956520077,-5.204440501241973,-4.362742585606045
9369,do,0.05,0.0,70,5.1263608968257905,-5.656800132809264,-5.193676148520575
9370,pp,0.05,0.0,13,2.192445565462112,-5.34235212875135,-4.475056685341729
9371,do,0.05,0.0,70,0.8551934945583337,-7.734908787409465,-6.386780712339613
9372,pp,0.05,0.0,12,2.323324887752533,-4.926731241110599,-3.8486812167697484
9373,do,0.05,0.0,70,2.5319244456291203,-7.281378318324234,-6.593463775846693
9374,pp,0.05,0.0,28,2.4029032063484195,-6.082088133783051,-5.189791186650594
9375,do,0.05,0.0,17,1.367003141641617,-8.171480317549271,-7.244131543901232
9376,pp,0.05,0.0,53,2.8221898794174187,-5.349417843963161,-4.60319105386734
9377,do,0.05,0.0,23,2.4451388549804687,-5.264309112953417,-5.0911544693840876
9378,pp,0.05,0.0,41,2.6841280341148366,-6.265953660733772,-5.361594144503275
9379,do,0.05,0.0,28,3.548100961446761,-4.428086247588649,-4.002761207686531
9380,pp,0.05,0.0,29,3.573702707290649,-4.760988427653457,-4.257037569416894
9381,do,0.05,0.0,5,-0.43240053772926323,-6.144118241107825,-5.487210165129768
9382,pp,0.05,0.0,15,1.1389987528324133,-6.0616042830727315,-5.364186920060051
9383,do,0.05,0.0,17,3.5464656794071194,-6.237169605312926,-5.273321257697211
9384,pp,0.05,0.0,70,3.2700426864624017,-8.5137209964521,-7.551996432410347
9385,do,0.05,0.0,57,4.270269953012468,-8.539774796457001,-7.286742538876004
9386,pp,0.05,0.0,11,1.6065504682064056,-5.743164831219297,-4.53068597316742
9387,do,0.05,0.0,19,1.3032572126388553,-4.886381730166349,-4.436170109113058
9388,pp,0.05,0.0,13,1.3464474129676818,-4.377742111321652,-3.814459037780762
9389,do,0.05,0.0,70,2.9264422798156744,-8.806907908121746,-7.5554949601491295
9390,pp,0.05,0.0,50,3.1151846492290494,-6.606089992234201,-5.855990478727553
9391,do,0.05,0.0,70,0.21749757051467888,-9.028156796368686,-7.931122663285997
9392,pp,0.05,0.0,70,1.5260861182212828,-9.705830472888369,-8.249303393893772
9393,do,0.05,0.0,70,0.4513337683677676,-8.791038926442464,-8.282114828957452
9394,pp,0.05,0.0,12,1.5203590428829195,-5.142341317552509,-4.236013791296217
9395,do,0.05,0.0,63,3.474500761032105,-7.504958115202008,-6.3986902210447525
9396,pp,0.05,0.0,17,1.5649349057674407,-6.766870857007576,-5.717160150739882
9397,do,0.05,0.0,58,-1.1392118668556215,-8.946192839651397,-9.10591647889879
9398,pp,0.05,0.0,37,1.7817958974838248,-7.676172957275853,-6.261965566211277
9399,do,0.05,0.0,21,2.6070059347152714,-5.583586210193056,-4.892814323637221
9400,pp,0.05,0.0,17,1.891654871702194,-5.309299769546047,-4.310062726338704
9401,do,0.05,0.0,59,1.865267133712769,-6.617373873970726,-6.027237216631572
9402,pp,0.05,0.0,7,0.7175195062160489,-5.170070165576357,-4.3138892412185665
9403,do,0.05,0.0,70,1.6756366562843326,-9.057027461312034,-9.33249141905043
9404,pp,0.05,0.0,36,3.150821601152421,-7.06765561392813,-6.105037551456028
9405,do,0.05,0.0,33,3.6986976635456097,-5.637773957396998,-5.299553079075284
9406,pp,0.05,0.0,70,2.0277150344848636,-7.021155418049205,-5.990103242132399
9407,do,0.05,0.0,63,3.1652333831787107,-7.390579395583182,-6.5184188154008655
9408,pp,0.05,0.0,11,1.4050711822509765,-5.984930097695553,-4.898875901434157
9409,do,0.05,0.0,3,-0.5777848803997045,-6.690548357819066,-5.750730135705736
9410,pp,0.05,0.0,11,1.3589950358867648,-4.9013944293513445,-4.095140222708384
9411,do,0.05,0.0,12,0.4039219379425045,-6.224411805470784,-5.580178332328797
9412,pp,0.05,0.0,36,2.7151928353309627,-6.934958129940611,-5.240877652168274
9413,do,0.05,0.0,17,2.317630757093429,-6.777092351335468,-5.536365575260586
9414,pp,0.05,0.0,20,2.8545605814456936,-4.767459780519659,-4.243487940894233
9415,do,0.05,0.0,48,3.0632559180259706,-7.640818418156017,-6.613548843065898
9416,pp,0.05,0.0,17,3.0758507978916176,-4.776536336089626,-3.9795029083887736
9417,do,0.05,0.0,68,3.7496126604080207,-5.323449475837476,-5.104920223024156
9418,pp,0.05,0.0,32,2.025258193016053,-4.573824080553922,-4.117317431502872
9419,do,0.05,0.0,58,4.773903695344925,-6.298721470977321,-5.595457625389099
9420,pp,0.05,0.0,35,3.84086706161499,-5.767539602337462,-5.028499436378479
9421,do,0.05,0.0,14,0.6619992363452907,-7.2472232428464025,-6.859429963429769
9422,pp,0.05,0.0,12,0.6848666393756861,-5.447089979865334,-4.572820162773132
9423,do,0.05,0.0,8,1.0315735626220706,-5.327353006420713,-4.668330356809828
9424,pp,0.05,0.0,10,1.0952892470359803,-6.0762775363344135,-5.307991499370999
9425,do,0.05,0.0,70,1.5409716010093693,-8.849851301944618,-7.454016055001153
9426,pp,0.05,0.0,51,2.750021191835403,-5.438417128360633,-4.400493841701084
9427,do,0.05,0.0,43,3.7990823686122903,-6.15111812244762,-5.199895344840156
9428,pp,0.05,0.0,9,1.100725407600403,-4.651175156506625,-4.049646418624454
9429,do,0.05,0.0,60,1.7689714646339407,-8.789820772228818,-7.413906812667847
9430,pp,0.05,0.0,27,1.7370034468173987,-6.567248510591911,-5.913863036367628
9431,do,0.05,0.0,29,2.1314525544643406,-5.02353538166393,-4.154381948047214
9432,pp,0.05,0.0,13,2.209665366411209,-4.674678353107336,-3.7899353901545205
9433,do,0.05,0.0,70,4.5152209281921385,-6.763940224503026,-5.810824354489644
9434,pp,0.05,0.0,10,1.9282171487808224,-5.13472024455215,-4.054543958769904
9435,do,0.05,0.0,18,1.0463075602054595,-5.932109818314061,-5.255416872766283
9436,pp,0.05,0.0,11,1.787255970239639,-5.0584882158221625,-4.1151516225602895
9437,do,0.05,0.0,25,2.5166982543468466,-5.7111555735270185,-5.030833167499966
9438,pp,0.05,0.0,14,1.4314726269245144,-6.0361000826864535,-4.7194217602411905
9439,do,0.05,0.0,17,3.105554976463318,-6.548713707201409,-5.030452987882826
9440,pp,0.05,0.0,16,2.311160128116607,-6.7651742848483,-5.834033070670234
9441,do,0.05,0.0,13,1.6278469133377076,-5.104354703787601,-4.404204711649153
9442,pp,0.05,0.0,25,2.1126175820827475,-5.748407434694695,-5.0351895252863565
9443,do,0.05,0.0,25,3.945130668878556,-4.821158679326375,-4.450004161728753
9444,pp,0.05,0.0,5,0.9549029743671413,-5.3708612716559205,-4.562216001086765
9445,do,0.05,0.0,30,3.9407274270057675,-7.293882033319184,-6.379439038700528
9446,pp,0.05,0.0,28,2.940331583023071,-5.796589270505038,-5.161194287406074
9447,do,0.05,0.0,67,2.321253187656403,-8.001108890591246,-7.155258475409614
9448,pp,0.05,0.0,21,1.8140406763553614,-7.553149437181878,-6.246819535891215
9449,do,0.05,0.0,14,1.451164371967316,-5.575774948524706,-5.076561991373698
9450,pp,0.05,0.0,61,0.9987571585178383,-8.798427720503373,-7.649769576390584
9451,do,0.05,0.0,12,2.395874382257462,-4.807409050970366,-4.293144894970788
9452,pp,0.05,0.0,9,1.385715818405152,-6.011637103918827,-5.186101500193278
9453,do,0.05,0.0,32,4.137009991407395,-6.263493737307462,-6.319105219841004
9454,pp,0.05,0.0,25,2.1296784210205084,-5.436284258871368,-4.571570791138543
9455,do,0.05,0.0,70,0.9872629988193502,-8.482995734070286,-7.890035192171733
9456,pp,0.05,0.0,6,0.7134791231155395,-5.225167031721635,-4.5775527821646795
9457,do,0.05,0.0,11,1.7770355010032652,-4.360817673712066,-3.9306556198332046
9458,pp,0.05,0.0,14,1.7752459383010866,-5.634929976318822,-4.960498764779833
9459,do,0.05,0.0,54,0.9010989594459531,-7.404613385056004,-6.660212418768141
9460,pp,0.05,0.0,70,0.18589249491691717,-7.920059134743431,-6.704766297340393
9461,do,0.05,0.0,19,1.718272486925125,-4.557628125855417,-4.119352563222249
9462,pp,0.05,0.0,68,3.075811672210693,-7.027089364600904,-5.704982193311055
9463,do,0.05,0.0,11,2.7134452223777767,-4.754926893927834,-4.532619524002075
9464,pp,0.05,0.0,13,2.544068671464921,-5.486970720869122,-4.529779116312663
9465,do,0.05,0.0,70,1.1062337720394133,-5.977305394952947,-5.357788035604689
9466,pp,0.05,0.0,16,0.6281017804145819,-5.378965882099036,-4.783482554223802
9467,do,0.05,0.0,44,1.695902056694031,-5.356445305275194,-4.872074794769287
9468,pp,0.05,0.0,17,0.5732483816146852,-5.720045216878256,-4.873014524247911
9469,do,0.05,0.0,59,3.9233578801155096,-5.121238431063565,-4.881343913078308
9470,pp,0.05,0.0,40,4.351410747766494,-5.543689304409605,-4.801755899853177
9471,do,0.05,0.0,70,2.6039618384838104,-6.7733613982345116,-6.6333202785915795
9472,pp,0.05,0.0,70,2.9177221119403836,-5.8390952196988195,-4.953297628296746
9473,do,0.05,0.0,8,-0.09820869684219335,-6.669833246866862,-5.989267961184184
9474,pp,0.05,0.0,9,0.7636169028282165,-6.591956235423233,-5.046468448638916
9475,do,0.05,0.0,30,4.312565046548842,-5.639576724081328,-4.709320526652866
9476,pp,0.05,0.0,40,6.351369365453721,-6.523758096405954,-5.788290164205763
9477,do,0.05,0.0,12,2.125524119138717,-4.32042711575826,-3.895848180188073
9478,pp,0.05,0.0,23,1.4026976525783539,-5.513928810755412,-4.686929665671455
9479,do,0.05,0.0,18,1.3303608119487764,-5.51641600782221,-5.076643517282274
9480,pp,0.05,0.0,9,0.5085276257991787,-5.301200551697702,-4.669870358043247
9481,do,0.05,0.0,8,0.17597613334655726,-6.1451955910884974,-5.563323007689582
9482,pp,0.05,0.0,11,0.6930207777023316,-6.177548898350109,-5.325087502267626
9483,do,0.05,0.0,42,3.1959513926506045,-5.443191148295547,-6.475879706276787
9484,pp,0.05,0.0,15,0.9563819932937623,-5.5056068521557435,-4.751668225394355
9485,do,0.05,0.0,13,1.3183080947399137,-5.073855109648271,-5.05684007803599
9486,pp,0.05,0.0,41,1.2623580324649826,-8.59533339847218,-7.211046065224542
9487,do,0.05,0.0,29,1.9503331279754637,-5.563474181204131,-5.280686132113138
9488,pp,0.05,0.0,26,1.4239610195159917,-6.164283307393392,-5.3917546139823065
9489,do,0.05,0.0,15,1.029226396083832,-4.904433230197791,-4.355768834220038
9490,pp,0.05,0.0,18,-0.010436882972717498,-6.544750697685011,-5.398003350363838
9491,do,0.05,0.0,10,0.8057269382476804,-6.48231744332747,-5.161360340648227
9492,pp,0.05,0.0,7,0.2501066040992743,-6.869031651814779,-5.083197638723585
9493,do,0.05,0.0,19,2.6483409821987154,-6.913457253485015,-5.8700771437750925
9494,pp,0.05,0.0,11,2.410844726562501,-5.39888338320183,-4.572860052850511
9495,do,0.05,0.0,49,2.2189360332489017,-6.2969728325352525,-5.96992515458001
9496,pp,0.05,0.0,55,1.8635653853416443,-5.747727238048206,-4.975660128063626
9497,do,0.05,0.0,9,1.3194060432910923,-4.732038281180642,-4.130133831501007
9498,pp,0.05,0.0,20,1.5611986339092256,-4.606238290035363,-3.9386325544781156
9499,do,0.05,0.0,36,1.4543487131595612,-5.455023096546983,-6.044792201783922
9500,pp,0.05,0.0,22,1.2840107691288,-5.64188268401406,-4.952383303642273
9501,do,0.05,0.0,37,4.373975080251693,-6.424687230948246,-6.222535337342157
9502,pp,0.05,0.0,28,4.373891772031784,-5.345758348522764,-4.667303074730767
9503,do,0.05,0.0,50,3.9774293303489694,-5.015451301227916,-4.376707194911109
9504,pp,0.05,0.0,34,2.9567014169693,-4.86176721832969,-4.062530766593086
9505,do,0.05,0.0,21,0.729370839595795,-6.257843761733084,-5.658451830016242
9506,pp,0.05,0.0,11,0.822599114179611,-6.810112643964363,-5.530671551492479
9507,do,0.05,0.0,7,0.9964975810050962,-4.857652414206303,-4.372201357947455
9508,pp,0.05,0.0,8,0.4739368999004361,-5.623103406212547,-4.805477322472466
9509,do,0.05,0.0,20,0.1567435038089755,-7.927597583423961,-6.796603107452393
9510,pp,0.05,0.0,23,2.109227255582809,-5.785831132079616,-4.951327718628777
9511,do,0.05,0.0,70,1.2588821506500238,-9.4453695008249,-7.76539626121521
9512,pp,0.05,0.0,16,0.8139486241340643,-6.808289370392308,-5.655996701452467
9513,do,0.05,0.0,70,1.8611490178108223,-8.306171664324674,-6.838629598087735
9514,pp,0.05,0.0,50,1.0400023388862616,-6.839963220827507,-5.7074341403113475
9515,do,0.05,0.0,43,1.978353949785233,-7.0486582539298315,-6.7465945429272125
9516,pp,0.05,0.0,23,1.1020043575763703,-6.001373049707124,-5.260500820477803
9517,do,0.05,0.0,13,2.11683128118515,-7.935429733449762,-7.365401538213094
9518,pp,0.05,0.0,7,1.4714454519748683,-7.097047659845063,-6.047921215163337
9519,do,0.05,0.0,68,1.8447241520881636,-7.971682109254779,-7.4573082817925345
9520,pp,0.05,0.0,15,2.44242449760437,-5.285008950666948,-4.511697072452969
9521,do,0.05,0.0,33,1.9721752071380614,-6.5733808372959945,-5.284384743372599
9522,pp,0.05,0.0,21,1.6657084476947785,-5.09001008236047,-4.131663698620266
9523,do,0.05,0.0,19,3.4635139656066887,-6.007749610958677,-5.19216697745853
9524,pp,0.05,0.0,15,1.8168936765193928,-5.116504297834454,-4.56079255077574
9525,do,0.05,0.0,26,2.249417470693589,-5.63135377999508,-5.041040860282051
9526,pp,0.05,0.0,14,2.0065945661067968,-4.808710939233953,-3.999700050883823
9527,do,0.05,0.0,54,2.1609712100028986,-9.8213760693868,-8.173858239915635
9528,pp,0.05,0.0,16,1.611856944561005,-5.557901535612164,-4.494261460834079
9529,do,0.05,0.0,70,2.1136693680286402,-10.364357322635072,-8.676865474383037
9530,pp,0.05,0.0,12,1.9104020416736605,-4.6027243585297555,-4.016552498605516
9531,do,0.05,0.0,50,3.1581780278682707,-5.623586586749915,-5.202057287428114
9532,pp,0.05,0.0,27,0.8734589326381679,-5.114843507246538,-4.495938343471951
9533,do,0.05,0.0,35,2.012646180391312,-8.117459976311887,-7.192288202709622
9534,pp,0.05,0.0,16,1.696879645586014,-5.257904577255249,-4.372533978356255
9535,do,0.05,0.0,43,5.425363091230392,-6.560733088580045,-5.9659299082226225
9536,pp,0.05,0.0,3,0.35384954214096,-5.03815460060582,-4.139966448148091
9537,do,0.05,0.0,24,1.9995862090587613,-5.258543560721657,-4.637211434046427
9538,pp,0.05,0.0,28,1.4649692535400387,-4.917338209441214,-4.768057574166192
9539,do,0.05,0.0,70,1.7033938229084011,-7.673318740093347,-6.707661708196004
9540,pp,0.05,0.0,10,0.7875630581378941,-5.060500358812737,-4.189985732237498
9541,do,0.05,0.0,70,2.8112645161151883,-6.110615837212765,-7.712909317016601
9542,pp,0.05,0.0,57,3.4020721721649165,-5.121435532425389,-4.670932451883952
9543,do,0.05,0.0,21,2.0642879199981694,-5.72561347990325,-4.992619874742296
9544,pp,0.05,0.0,13,1.6525523579120636,-4.754844723325787,-4.037340429094103
9545,do,0.05,0.0,35,1.6974619829654696,-5.330201478437944,-4.795416842566596
9546,pp,0.05,0.0,70,1.8844800555706023,-6.471866908217922,-5.4946037292480465
9547,do,0.05,0.0,22,3.177817891836166,-5.413754599022143,-5.175677400165134
9548,pp,0.05,0.0,18,3.559572504758835,-4.709729743726326,-4.2377166112264
9549,do,0.05,0.0,11,-0.014956756830216023,-6.128425927595659,-5.508286841710409
9550,pp,0.05,0.0,17,1.7952041363716127,-4.5197326898574826,-3.925977297623952
9551,do,0.05,0.0,5,0.41244781851768497,-5.63778383659594,-4.979143391715156
9552,pp,0.05,0.0,5,0.43918838977813746,-4.743615047859423,-4.141848479376899
9553,do,0.05,0.0,51,3.982889457941055,-5.031112902092211,-4.587006118562487
9554,pp,0.05,0.0,27,2.642867386341095,-4.311819797573667,-3.6602689968215096
9555,do,0.05,0.0,70,1.938277062177658,-9.798739898566044,-8.138885906007555
9556,pp,0.05,0.0,70,4.806816248893739,-4.56937589934378,-4.08428829908371
9557,do,0.05,0.0,11,1.9899982035160066,-5.336817367149122,-4.868237884839376
9558,pp,0.05,0.0,25,2.3109018111228945,-6.130006170272827,-5.273365010155572
9559,do,0.05,0.0,29,3.3021066594123836,-6.121798612132217,-5.718151320351494
9560,pp,0.05,0.0,14,1.2933430433273312,-3.996211628480391,-3.6522290878825716
9561,do,0.05,0.0,25,2.730024642944336,-6.316978060115467,-5.976444445716011
9562,pp,0.05,0.0,26,2.098830199241638,-8.37518194660996,-6.7420030381944445
9563,do,0.05,0.0,43,3.7706106460094455,-5.768025411259044,-5.005536497963799
9564,pp,0.05,0.0,70,2.3008408164978036,-6.601736558567394,-5.626843269666036
9565,do,0.05,0.0,53,3.4974160122871396,-6.190051977562182,-6.0877767907248606
9566,pp,0.05,0.0,17,2.559543350934981,-6.271197408618349,-4.810720713933309
9567,do,0.05,0.0,31,3.520498204231263,-6.574717510107792,-6.143582489755419
9568,pp,0.05,0.0,41,2.425214806795121,-7.407565450668335,-6.170393678877089
9569,do,0.05,0.0,16,2.6640453314781185,-5.948442586263021,-5.800182551807827
9570,pp,0.05,0.0,51,1.8279223668575284,-8.271279632683957,-7.337412865956624
9571,do,0.05,0.0,20,1.0801164352893826,-6.370193784887141,-5.6046778864330715
9572,pp,0.05,0.0,14,1.937045038938523,-4.632335628162731,-4.330929774708218
9573,do,0.05,0.0,32,3.8250704562664044,-5.03487623388117,-4.361974550618066
9574,pp,0.05,0.0,10,0.5268124485015866,-4.98089008620291,-4.238820374011993
9575,do,0.05,0.0,22,3.689132279157639,-6.342988899982337,-5.584560592969258
9576,pp,0.05,0.0,60,2.8342537522315983,-7.954996941306375,-7.200555883513557
9577,do,0.05,0.0,34,2.9927799201011656,-8.324560250657978,-7.117928674485948
9578,pp,0.05,0.0,47,3.242922073602676,-6.8880754644220525,-6.646973652309842
9579,do,0.05,0.0,36,1.1429479038715362,-7.470066732348818,-6.746264775594075
9580,pp,0.05,0.0,14,1.7070085000991826,-5.749645366090717,-4.7241585890452065
9581,do,0.05,0.0,46,3.6318494570255284,-4.720725339831728,-4.425839630762736
9582,pp,0.05,0.0,19,2.40050999879837,-4.761932162082556,-3.984854136572944
9583,do,0.05,0.0,26,3.7070029520988452,-6.64452070756392,-6.67641446325514
9584,pp,0.05,0.0,16,1.518002382516861,-5.182895956617413,-4.4366849157545305
9585,do,0.05,0.0,29,1.7655414879322056,-7.475677202687119,-5.113356794251336
9586,pp,0.05,0.0,28,2.6634988272190085,-9.517601490020752,-8.685187530517577
9587,do,0.05,0.0,58,7.195607087612151,-5.689963002638383,-5.149325900607639
9588,pp,0.05,0.0,24,3.5296364057064062,-4.276179758707682,-3.7139593018425834
9589,do,0.05,0.0,50,2.6922062611579882,-5.865079502625899,-5.451764787567987
9590,pp,0.05,0.0,15,1.9540873336791993,-5.336443749341098,-4.528040342860752
9591,do,0.05,0.0,12,1.4202438509464264,-4.6489192283514775,-4.598159413867527
9592,pp,0.05,0.0,12,1.9004189920425416,-4.848035126021414,-4.076507835918003
9593,do,0.05,0.0,45,1.268887667655945,-5.661683828180487,-4.86910113758511
9594,pp,0.05,0.0,32,2.242463814020157,-4.662919293027936,-3.9669174366527136
9595,do,0.05,0.0,27,3.8528914248943327,-6.023589093757399,-5.177573577562968
9596,pp,0.05,0.0,70,2.7152255511283876,-10.410519267573502,-8.868697124057347
9597,do,0.05,0.0,57,5.4276980173587805,-6.632739460107052,-5.9503266361024645
9598,pp,0.05,0.0,17,3.750639364719391,-4.961494650985255,-4.384436649746365
9599,do,0.05,0.0,30,1.635879360437393,-5.737378566915338,-5.4552744679980805
9600,pp,0.05,0.0,10,1.5016759848594665,-5.14199504996791,-4.232474313841926
9601,do,0.05,0.0,45,4.590408629179001,-6.742353972521696,-5.897937809096442
9602,pp,0.05,0.0,17,2.951299296617508,-4.588308250542843,-3.8883971095085146
9603,do,0.05,0.0,46,5.092978341579437,-5.578904594074596,-4.937901229328579
9604,pp,0.05,0.0,27,2.710957026481628,-5.405710872014364,-4.44906500975291
9605,do,0.05,0.0,22,2.876841679811477,-7.4940820563923225,-6.707034071286519
9606,pp,0.05,0.0,20,2.6651078069210055,-5.403522309389982,-4.623068549897936
9607,do,0.05,0.0,25,3.748680123090744,-6.567265402187001,-6.199603819847107
9608,pp,0.05,0.0,12,1.798864797353744,-4.916188133124149,-4.145808533827464
9609,do,0.05,0.0,44,4.067661707401275,-4.869412703225107,-4.711556971073151
9610,pp,0.05,0.0,17,2.034477732181549,-5.0153756430654814,-4.4083409998151994
9611,do,0.05,0.0,30,3.17389635682106,-4.561086930650653,-3.8365911589728463
9612,pp,0.05,0.0,10,1.4437809228897098,-4.955521709268743,-4.066626589828068
9613,do,0.05,0.0,17,3.418122410774231,-6.552626290465846,-5.704115822580126
9614,pp,0.05,0.0,23,2.8956166136264807,-4.659172182372122,-4.112438061502245
9615,do,0.05,0.0,38,2.3636013901233675,-6.425187814596928,-5.6041679117414684
9616,pp,0.05,0.0,21,1.2517501044273374,-4.614554447116274,-3.825309830241733
9617,do,0.05,0.0,15,0.30512004494667,-5.777778056173614,-5.633359252081977
9618,pp,0.05,0.0,15,0.5830693006515508,-5.635832574150779,-4.853429627418518
9619,do,0.05,0.0,51,3.267267280817032,-6.632783204858954,-6.129310941696167
9620,pp,0.05,0.0,13,1.439350457191467,-5.189023503390225,-4.4467378271950615
9621,do,0.05,0.0,21,1.7554869914054878,-6.15131573677063,-5.184138674206204
9622,pp,0.05,0.0,15,2.3527057528495785,-5.069804603403265,-4.2041446447372435
9623,do,0.05,0.0,10,0.6988241541385651,-4.888667910026782,-4.509834390216404
9624,pp,0.05,0.0,7,-0.3031804478168487,-6.0294748696413905,-5.0518216768900555
9625,do,0.05,0.0,16,1.566644477844238,-5.279281111919519,-4.86119524108039
9626,pp,0.05,0.0,7,0.2580070507526404,-5.860610846317176,-4.72177480591668
9627,do,0.05,0.0,22,3.65220308303833,-5.328863049998428,-5.185314848687914
9628,pp,0.05,0.0,19,3.354391788244248,-4.81609861200506,-3.923790167437659
9629,do,0.05,0.0,23,3.2086616861820216,-5.756391033981785,-6.162567491001553
9630,pp,0.05,0.0,16,3.048826048374175,-4.7402273510441635,-4.170807439751095
9631,do,0.05,0.0,11,1.434367479085922,-5.209384376352483,-4.43914946185218
9632,pp,0.05,0.0,61,2.3336297833919524,-5.573620874231512,-4.73375993569692
9633,do,0.05,0.0,11,0.7102031266689304,-4.966341390031757,-4.111937129497528
9634,pp,0.05,0.0,13,1.6755638790130618,-5.334984681100556,-4.447555295626322
9635,do,0.05,0.0,29,2.811104724407196,-4.580881021962021,-4.342695844173432
9636,pp,0.05,0.0,21,3.7313217532634724,-4.591857947725238,-4.121102963553534
9637,do,0.05,0.0,35,2.656363755464553,-5.072218840049975,-4.503807620207469
9638,pp,0.05,0.0,70,3.3643875396251683,-5.875792864597205,-4.889922663900587
9639,do,0.05,0.0,70,2.827392407655716,-6.162598182215835,-6.071859902805752
9640,pp,0.05,0.0,65,3.4058256971836087,-6.9308003714590365,-5.462998967700535
9641,do,0.05,0.0,23,4.106911224126815,-5.487636723662868,-5.459670832422044
9642,pp,0.05,0.0,42,6.027742965221405,-5.730771274277658,-4.910678378740946
9643,do,0.05,0.0,15,1.9258607769012448,-5.872285162318836,-5.238555036650764
9644,pp,0.05,0.0,70,3.742425771951675,-7.519748153108539,-6.4360425551732385
9645,do,0.05,0.0,22,1.5231212604045865,-5.802207641890555,-6.119348263740539
9646,pp,0.05,0.0,13,2.8740393376350406,-5.215274072415901,-4.833342006471422
9647,do,0.05,0.0,14,1.5801446557044985,-5.0057942549387615,-4.455309817526076
9648,pp,0.05,0.0,47,1.757893365621567,-7.140002869114731,-5.736692076259189
9649,do,0.05,0.0,70,4.646148393154145,-6.106803933056918,-5.491382993592156
9650,pp,0.05,0.0,27,2.7138648986816403,-5.005889607920791,-4.481547175513374
9651,do,0.05,0.0,27,1.22817165017128,-6.856039373802417,-5.4229771349165174
9652,pp,0.05,0.0,11,1.9266770422458643,-4.564552599011045,-3.8068224165174698
9653,do,0.05,0.0,36,2.764350842237472,-5.53678018541047,-5.128586082988315
9654,pp,0.05,0.0,69,4.395363298654556,-6.1494393016352795,-5.3231378873189295
9655,do,0.05,0.0,12,0.9393584454059596,-6.384920721343069,-5.217695373959011
9656,pp,0.05,0.0,8,0.5870202004909517,-5.551590686855894,-4.288317441940308
9657,do,0.05,0.0,42,2.2680503499507907,-5.131372447447343,-4.639306298891703
9658,pp,0.05,0.0,59,2.42933404803276,-5.961098727312955,-5.514547149340312
9659,do,0.05,0.0,14,2.767936947345734,-5.9265774900263,-5.2418038474188915
9660,pp,0.05,0.0,28,2.7867445898056022,-6.659555399056637,-5.060433374510871
9661,do,0.05,0.0,47,1.116527445316315,-6.110833246057684,-5.868706451521979
9662,pp,0.05,0.0,17,1.4768296754360195,-7.083953699921117,-5.160309868388706
9663,do,0.05,0.0,44,1.6361905360221858,-7.138867460597645,-6.526599725087483
9664,pp,0.05,0.0,17,1.9540592730045319,-5.366893035715276,-4.820845278104146
9665,do,0.05,0.0,30,2.4820822739601134,-6.699519663146048,-6.41456478966607
9666,pp,0.05,0.0,70,3.4426749825477607,-9.500782963723847,-8.927254592047797
9667,do,0.05,0.0,27,0.7695075857639315,-5.8495335275476625,-5.3083752234776815
9668,pp,0.05,0.0,42,1.957825655937195,-5.716981142217462,-5.080910505188836
9669,do,0.05,0.0,21,3.3671060001850126,-5.70482278881651,-5.39360654619005
9670,pp,0.05,0.0,33,2.437445324659347,-6.436278916850235,-5.562609873877632
9671,do,0.05,0.0,43,3.6310450959205625,-5.498766306674842,-5.179813938670688
9672,pp,0.05,0.0,15,2.081203756332397,-5.051828943599354,-4.225760414865282
9673,do,0.05,0.0,70,1.4137580871582038,-10.124064605886286,-9.186568604575264
9674,pp,0.05,0.0,13,0.743101303577423,-7.920102087656657,-6.648747822973463
9675,do,0.05,0.0,37,3.485729622840882,-6.232986892353405,-5.628182069460551
9676,pp,0.05,0.0,16,1.6726146173477172,-6.139900739265211,-4.9830250289705065
9677,do,0.05,0.0,12,1.5877024638652806,-4.757889812642878,-4.376585899458991
9678,pp,0.05,0.0,12,1.2150984561443323,-5.82870409560926,-4.548725599712796
9679,do,0.05,0.0,18,2.5018007123470305,-5.718744266394413,-5.293432890044318
9680,pp,0.05,0.0,27,1.3357042551040648,-6.6233203006513195,-5.550278202692668
9681,do,0.05,0.0,17,0.9234402632713321,-6.140031372417103,-5.59995792971717
9682,pp,0.05,0.0,21,1.4438539433479312,-5.018003077940508,-4.4202293091350136
9683,do,0.05,0.0,42,1.2087504899501793,-6.794426819772431,-6.377203705575731
9684,pp,0.05,0.0,19,2.773635778427125,-6.143704324780089,-5.072287657525805
9685,do,0.05,0.0,27,2.6036443197727195,-5.847489161924883,-5.4835751268598765
9686,pp,0.05,0.0,30,3.3323671746253964,-6.0899482611453895,-5.2349418507681955
9687,do,0.05,0.0,23,1.9291130316257465,-6.817863759127531,-5.957712729771932
9688,pp,0.05,0.0,7,0.1853504836559301,-5.3395246794729525,-4.609152200486925
9689,do,0.05,0.0,16,1.9363360154628753,-5.075688331777399,-4.233777909808689
9690,pp,0.05,0.0,6,0.4694053614139557,-5.802965720494588,-4.643652359644572
9691,do,0.05,0.0,33,2.1419721245765686,-6.410423196445812,-5.122584422429402
9692,pp,0.05,0.0,47,3.8235585224628457,-6.2630298600052345,-5.431311406029595
9693,do,0.05,0.0,39,1.936560797691346,-5.594639288295399,-5.561892371707493
9694,pp,0.05,0.0,12,1.157731453180313,-5.6512912345655035,-4.801666296852959
9695,do,0.05,0.0,45,1.2909947228431706,-6.0622488354191635,-6.01509333451589
9696,pp,0.05,0.0,25,0.8677456474304197,-5.782918005278616,-5.639165735244751
9697,do,0.05,0.0,15,1.3445329761505125,-4.569259496168657,-4.3445812066396075
9698,pp,0.05,0.0,9,1.2213701677322382,-4.441327532854947,-3.7379646248287624
9699,do,0.05,0.0,12,1.4907581162452699,-5.361036212516553,-4.997399512926737
9700,pp,0.05,0.0,38,1.8047800278663626,-8.246942804798936,-6.8976025978724165
9701,do,0.05,0.0,17,3.3165034842491155,-4.52662795384725,-4.120446211761898
9702,pp,0.05,0.0,10,2.1259423577785492,-5.821660249883478,-4.795256111356947
9703,do,0.05,0.0,8,0.8669452428817754,-4.331315331025557,-4.5867932928933035
9704,pp,0.05,0.0,6,0.9696105074882508,-4.859354049509222,-4.195661462677849
9705,do,0.05,0.0,19,1.9898721742630006,-4.852389829809016,-4.543045396274991
9706,pp,0.05,0.0,50,1.824430881738663,-6.843732901775476,-5.523628958066305
9707,do,0.05,0.0,15,1.416582998037339,-5.6416824730959805,-5.059739115503099
9708,pp,0.05,0.0,11,1.287233616113662,-5.487089610822273,-4.594629610909356
9709,do,0.05,0.0,22,1.7627010405063634,-4.187217651713978,-4.2211955282423235
9710,pp,0.05,0.0,7,0.589685109853745,-4.551511316588431,-4.067202305793762
9711,do,0.05,0.0,15,1.7977320241928103,-4.899933193669175,-4.845873175726997
9712,pp,0.05,0.0,33,2.048430662155152,-6.97539869221774,-6.490872849358452
9713,do,0.05,0.0,31,4.663511936664581,-4.719413752266855,-4.504036123222775
9714,pp,0.05,0.0,39,4.347467913627625,-6.6096396576274525,-5.612570563952128
9715,do,0.05,0.0,13,1.4708343768119816,-4.417665287942597,-4.345322296354506
9716,pp,0.05,0.0,57,2.3294617164134976,-9.515810570572361,-8.367040260632832
9717,do,0.05,0.0,20,3.139471737146378,-6.863220396908846,-5.350473663542005
9718,pp,0.05,0.0,14,2.2284754335880272,-4.882492815364491,-4.132705018255446
9719,do,0.05,0.0,13,1.2757488107681274,-5.1711945894992715,-4.947430197397868
9720,pp,0.05,0.0,28,2.116210308074951,-5.260141054789226,-4.456232611338297
9721,do,0.05,0.0,18,1.6095175683498377,-4.444436831907793,-4.270228397846222
9722,pp,0.05,0.0,9,1.3334762096405033,-5.458681003975146,-4.91893515586853
9723,do,0.05,0.0,36,4.987636468410491,-5.328110745458892,-4.993115705913968
9724,pp,0.05,0.0,30,2.7557747447490692,-5.716016080162742,-4.996372906366984
9725,do,0.05,0.0,8,1.0134228253364563,-4.4257140463048765,-4.3247439093059965
9726,pp,0.05,0.0,5,0.391105173826217,-5.064976211027665,-4.01922836303711
9727,do,0.05,0.0,26,3.7221696293354034,-6.201095660527547,-5.569030851787991
9728,pp,0.05,0.0,24,3.0264747428894045,-6.070747056151881,-5.321974054972331
9729,do,0.05,0.0,62,0.2138780462741856,-7.5558027195208,-6.8371359560224745
9730,pp,0.05,0.0,20,1.4670702230930326,-5.622693251118515,-4.965981992085775
9731,do,0.05,0.0,7,1.3516292297840113,-5.446674231326941,-4.919212561183506
9732,pp,0.05,0.0,11,1.455677129030227,-4.997086709918398,-4.447969831360711
9733,do,0.05,0.0,20,2.3073158276081083,-4.535346814357873,-3.9451747126049463
9734,pp,0.05,0.0,35,4.120872689485551,-5.631536113854611,-4.681600292523702
9735,do,0.05,0.0,24,1.879095636606217,-4.76164373773517,-4.587013498942057
9736,pp,0.05,0.0,15,2.485030778646469,-4.668359165480642,-4.362068176269531
9737,do,0.05,0.0,16,2.1820041024684906,-5.064063741221572,-5.339172874556647
9738,pp,0.05,0.0,28,5.113518706560136,-6.0528483766497985,-5.091330740186903
9739,do,0.05,0.0,23,2.2794384264945986,-5.519162062442664,-5.168364294370016
9740,pp,0.05,0.0,47,4.403866701126099,-5.931081685152921,-5.022383673985799
9741,do,0.05,0.0,11,0.8045248627662662,-5.057119701847886,-4.385475465986464
9742,pp,0.05,0.0,59,3.9094525575637826,-6.041119113112941,-5.088506070772807
9743,do,0.05,0.0,16,3.0261003339290617,-5.686697062579069,-5.221592161390516
9744,pp,0.05,0.0,34,4.415377329587936,-7.203335912299878,-5.7827661885155575
9745,do,0.05,0.0,28,2.098592944145203,-5.148433130437677,-4.589739863077799
9746,pp,0.05,0.0,39,1.1269362699985503,-7.312962692434137,-6.292352782355414
9747,do,0.05,0.0,70,2.8224129712581636,-8.605178002155188,-7.490994591183132
9748,pp,0.05,0.0,13,2.968267523050308,-5.923229642347856,-5.1664642545912
9749,do,0.05,0.0,13,1.7327227187156673,-5.398422356807824,-5.026221699184841
9750,pp,0.05,0.0,13,1.3500074112415312,-5.219239344741359,-4.574041970570883
9751,do,0.05,0.0,8,0.7022234290838245,-4.219294354409882,-4.0388374037212795
9752,pp,0.05,0.0,28,1.2852755558490747,-7.667643535498417,-6.142716672685411
9753,do,0.05,0.0,36,3.651606721878051,-6.611633396148681,-5.880262390772502
9754,pp,0.05,0.0,24,3.694146299362182,-6.045107931079286,-5.074452869097391
9755,do,0.05,0.0,14,1.6115773510932918,-4.962101031794693,-4.572954848077562
9756,pp,0.05,0.0,43,2.967305810451508,-7.218951190601696,-5.947743333710564
9757,do,0.05,0.0,22,2.0945976138114926,-4.831490708842422,-4.377124755912357
9758,pp,0.05,0.0,25,2.6838061010837553,-4.84783376491431,-4.330809789233737
9759,do,0.05,0.0,17,3.2416712141036985,-4.787290067383737,-4.3444330241945055
9760,pp,0.05,0.0,14,2.291556204557419,-5.784954972700639,-5.069000003072951
9761,do,0.05,0.0,28,3.8092815148830415,-4.869409990310669,-4.815941007932027
9762,pp,0.05,0.0,9,1.8866805768012993,-4.913904136599917,-4.448089975780911
9763,do,0.05,0.0,26,1.7226115775108335,-4.523746006416552,-4.424754805035061
9764,pp,0.05,0.0,41,2.9617163991928095,-7.261304894360629,-6.0791893058353
9765,do,0.05,0.0,22,1.8065205228328702,-5.311790761080656,-5.165800306532118
9766,pp,0.05,0.0,11,1.8166806066036223,-5.379415059812141,-4.999152676264445
9767,do,0.05,0.0,22,3.9289227724075317,-5.193427692760121,-4.775007724761963
9768,pp,0.05,0.0,20,4.427462130784988,-6.324651606877645,-5.379541076554192
9769,do,0.05,0.0,12,0.6145515668392179,-5.861922843528516,-5.6571216795179575
9770,pp,0.05,0.0,8,1.623046230077744,-5.749868988268303,-5.022845792770386
9771,do,0.05,0.0,34,2.456298695802688,-4.8241698019432295,-4.706100161870321
9772,pp,0.05,0.0,15,2.379260269403458,-4.83047428709088,-4.3833903233210245
9773,do,0.05,0.0,10,1.1073410701751714,-4.355327051336115,-4.7206315994262695
9774,pp,0.05,0.0,13,0.8022532832622531,-5.611289837866119,-4.822788323296441
9775,do,0.05,0.0,28,2.510415585041046,-4.294791014989217,-4.263750955793593
9776,pp,0.05,0.0,11,1.3033997511863706,-5.383351716128263,-4.9319643894831335
9777,do,0.05,0.0,28,2.235653486251831,-4.527531572544214,-4.088133617242177
9778,pp,0.05,0.0,28,1.512418266534806,-5.535799733075229,-5.087719419267443
9779,do,0.05,0.0,63,2.4567728018760686,-7.416865221659342,-7.344451030095418
9780,pp,0.05,0.0,13,1.9001026058197015,-5.283655660802668,-4.481685354974535
9781,do,0.05,0.0,17,1.2478433537483218,-4.717658753828569,-4.561610309282939
9782,pp,0.05,0.0,13,1.7748087275028235,-4.6650897777441775,-3.977404381169213
9783,do,0.05,0.0,43,2.9308577978610995,-6.988269207694314,-6.044080625640022
9784,pp,0.05,0.0,11,2.0891314053535472,-6.215568668192083,-5.224568128585815
9785,do,0.05,0.0,25,3.182157771587371,-5.045194933631203,-5.008946013450623
9786,pp,0.05,0.0,9,1.3860012245178224,-4.98481640960231,-4.327607366773817
9787,do,0.05,0.0,15,1.8914890992641444,-4.734139667857777,-4.389525826772054
9788,pp,0.05,0.0,26,1.9517607784271238,-7.558182985132391,-6.390223084555732
9789,do,0.05,0.0,21,2.2707471144199367,-4.976616229433002,-4.559538984298706
9790,pp,0.05,0.0,42,2.622773193120957,-7.024855275587602,-6.312830501132542
9791,do,0.05,0.0,46,3.904014905691148,-5.2929261785565,-4.814065890842014
9792,pp,0.05,0.0,14,2.8356262028217305,-5.9653858748349275,-5.070359333356222
9793,do,0.05,0.0,19,3.7855114686489113,-6.088017655863906,-5.943088404337565
9794,pp,0.05,0.0,50,1.8884319007396702,-9.235031587427313,-7.9819803343878855
9795,do,0.05,0.0,15,2.6437581110000608,-4.738952227794763,-3.96312727133433
9796,pp,0.05,0.0,19,2.2606913053989404,-4.106400863329569,-3.7860524707370335
9797,do,0.05,0.0,22,3.4044580185413365,-5.17642177957477,-5.409380647871229
9798,pp,0.05,0.0,30,2.898314704895019,-5.915917228929924,-5.158856953514947
9799,do,0.05,0.0,20,1.9127423512935637,-4.892350838401101,-4.344683694839477
9800,pp,0.05,0.0,70,1.631752005815505,-10.847771010254368,-8.765908135308159
9801,do,0.05,0.0,30,2.1100008523464213,-5.854058213667436,-5.740553122096592
9802,pp,0.05,0.0,20,2.1059727334976186,-5.14365042628664,-4.557075715065002
9803,do,0.05,0.0,69,3.22985830783844,-6.759818955623742,-7.1826340463426375
9804,pp,0.05,0.0,45,1.9166029489040382,-6.241187086972324,-5.441181296772427
9805,do,0.05,0.0,21,2.430624305009842,-4.96879876165679,-5.687745359208849
9806,pp,0.05,0.0,7,0.9291981661319735,-4.7219605604807535,-4.163299086358812
9807,do,0.05,0.0,23,3.1019183790683744,-4.495582915797378,-4.362814920478397
9808,pp,0.05,0.0,29,3.485130196809769,-4.7698978062832,-4.31286897526847
9809,do,0.05,0.0,45,2.540014841556548,-7.203618790886619,-6.6601279629601375
9810,pp,0.05,0.0,12,2.913101325035095,-5.297655976902355,-4.805138550864326
9811,do,0.05,0.0,14,1.689608654975891,-4.912026403889511,-4.661538582377964
9812,pp,0.05,0.0,16,2.235041596889496,-5.043615359971017,-4.295647674136692
9813,do,0.05,0.0,46,3.681155546903611,-5.7896314779917395,-5.2235555542839895
9814,pp,0.05,0.0,56,3.464443556070327,-5.919693743098866,-4.88847471608056
9815,do,0.05,0.0,16,0.6546755325794216,-7.333055491880937,-6.176041550106472
9816,pp,0.05,0.0,27,2.3454603910446172,-5.415137082880194,-4.502465124924978
9817,do,0.05,0.0,34,1.971309331655501,-8.02332063299237,-8.750921116934883
9818,pp,0.05,0.0,17,1.0420863544940948,-5.315667840206262,-4.64204632308748
9819,do,0.05,0.0,68,2.4060589504241943,-8.378167480410951,-6.939327822791205
9820,pp,0.05,0.0,9,0.41076654314994787,-6.611939005418257,-5.307332595189412
9821,do,0.05,0.0,70,1.7708088219165798,-8.431308250716238,-7.303125193383958
9822,pp,0.05,0.0,20,3.5740845799446106,-5.577950243516402,-4.733634527524313
9823,do,0.05,0.0,36,4.6466889619827265,-5.187276061375936,-4.895695730050405
9824,pp,0.05,0.0,20,2.165040106773376,-5.719652486569954,-4.625581275092231
9825,do,0.05,0.0,26,3.9264447283744817,-5.339834200252186,-5.287516901228163
9826,pp,0.05,0.0,25,3.46137821674347,-5.067352777538877,-4.3728007581498884
9827,do,0.05,0.0,14,2.649075227975845,-4.890930986404419,-4.228946316242218
9828,pp,0.05,0.0,12,1.856530648469925,-4.588619301535866,-3.888992549313439
9829,do,0.05,0.0,4,-0.32312783479690577,-5.489528242746989,-4.802910531891717
9830,pp,0.05,0.0,16,1.0847735953330995,-5.663854778174198,-4.856019393603007
9831,do,0.05,0.0,17,2.8721024942398063,-4.699285160411488,-4.472413963741726
9832,pp,0.05,0.0,70,1.0816263449192043,-9.747910170121626,-7.881958201196459
9833,do,0.05,0.0,9,2.2963513875007626,-5.183674050822402,-4.51637033091651
9834,pp,0.05,0.0,10,1.0636275732517246,-4.369585635445334,-3.76866901450687
9835,do,0.05,0.0,57,0.047441707849502635,-8.092782704035441,-7.800766293207804
9836,pp,0.05,0.0,15,1.4638692021369932,-4.684335156643029,-4.135123161474864
9837,do,0.05,0.0,35,3.315865375995635,-4.581843861666592,-4.315102789137098
9838,pp,0.05,0.0,22,2.4174714422225954,-4.628348945848869,-4.2663063685099285
9839,do,0.05,0.0,40,3.7317183911800393,-5.590569523609045,-6.320200697580973
9840,pp,0.05,0.0,32,1.9115122258663177,-4.895395648840702,-4.204604568746355
9841,do,0.05,0.0,70,2.540280590057373,-6.6826995271624945,-6.118885405858358
9842,pp,0.05,0.0,41,3.3732244229316715,-5.281533326524677,-4.883102080557081
9843,do,0.05,0.0,70,3.412276965379715,-6.981694256175648,-7.482596333821615
9844,pp,0.05,0.0,22,1.5881893122196207,-5.529331061334321,-4.879789814684126
9845,do,0.05,0.0,31,2.848456171751023,-7.4773627454584295,-6.075165303548177
9846,pp,0.05,0.0,23,1.9923355436325068,-8.541123816461274,-7.54474089940389
9847,do,0.05,0.0,57,1.1301572561264033,-6.886534521796486,-6.524021514256796
9848,pp,0.05,0.0,11,1.265017330646515,-4.833802926901615,-4.3696891148885095
9849,do,0.05,0.0,31,5.752366042137146,-4.677202006542322,-4.287455207771725
9850,pp,0.05,0.0,31,3.104775669574738,-5.599699812224417,-5.07004517979092
9851,do,0.05,0.0,68,3.4346416914463056,-7.136716533429695,-8.418384557300143
9852,pp,0.05,0.0,32,3.3758372330665596,-6.504790262742476,-5.748338683446248
9853,do,0.05,0.0,70,5.63074963092804,-7.4267383806633225,-7.25851608382331
9854,pp,0.05,0.0,13,2.5101322090625766,-5.530408479228164,-4.696855364905463
9855,do,0.05,0.0,70,4.171753189563752,-8.09134457617095,-7.7490074687533905
9856,pp,0.05,0.0,19,1.4830196630954742,-4.9826081073645385,-4.296483773655361
9857,do,0.05,0.0,31,1.7648597860336306,-6.848048218813809,-6.05059650739034
9858,pp,0.05,0.0,6,0.3164398503303527,-4.4542886286070855,-3.9603216807047525
9859,do,0.05,0.0,14,2.168518289327621,-7.0725789070129395,-7.08274524476793
9860,pp,0.05,0.0,10,1.123085041046143,-4.601315008510243,-4.048728564050463
9861,do,0.05,0.0,31,2.4538217651844034,-6.835708267038519,-7.048106421364678
9862,pp,0.05,0.0,19,1.2013886272907257,-6.318384923356952,-5.5704669713973995
9863,do,0.05,0.0,23,3.588259880542756,-6.259515136660951,-5.958857464790344
9864,pp,0.05,0.0,10,0.8119514012336735,-5.162674419807665,-4.491447324222989
9865,do,0.05,0.0,50,5.287785362005233,-6.18929712266633,-6.305098197195265
9866,pp,0.05,0.0,34,4.154213321208953,-5.374278062762636,-4.604626613193088
9867,do,0.05,0.0,26,1.4588723230361937,-7.568718291773941,-6.60906703737047
9868,pp,0.05,0.0,35,1.7190383565425886,-7.758630928848729,-6.862356313069662
9869,do,0.05,0.0,70,3.1816799330711367,-6.40653069525054,-5.306219699647691
9870,pp,0.05,0.0,32,4.19633352637291,-4.846190199707493,-4.316879248619079
9871,do,0.05,0.0,33,3.112520458698273,-6.390519171050101,-6.178750292460124
9872,pp,0.05,0.0,23,2.8752675879001615,-6.5052801190000595,-5.269800673590766
9873,do,0.05,0.0,19,4.6610396397113805,-5.714975075288252,-5.398709535598755
9874,pp,0.05,0.0,21,4.027675788402558,-5.910307811968254,-5.014056309064229
9875,do,0.05,0.0,23,4.627461267709731,-6.8604772741144355,-5.682008788320753
9876,pp,0.05,0.0,15,2.18031662106514,-5.484635841485225,-4.338905738459693
9877,do,0.05,0.0,37,4.601542086601257,-5.325258669708714,-4.665072944429186
9878,pp,0.05,0.0,17,1.7571468639373773,-6.506509494781494,-5.269830510351393
9879,do,0.05,0.0,29,4.377052643299102,-5.739109023412069,-4.9317526049084135
9880,pp,0.05,0.0,20,3.6623184788227086,-4.743011490503947,-4.102283721499973
9881,do,0.05,0.0,28,1.0146619033813469,-8.338239986246283,-7.817574000358581
9882,pp,0.05,0.0,10,0.9072108078002925,-4.5473634532003695,-4.0952069388495556
9883,do,0.05,0.0,45,3.018139868974685,-5.2240728031505235,-5.611745924419827
9884,pp,0.05,0.0,16,2.210555076599121,-5.00030875639482,-4.080353920989566
9885,do,0.05,0.0,22,2.875475364923476,-4.8925269199140144,-4.259988166226281
9886,pp,0.05,0.0,11,1.2061023807525633,-5.291693482254491,-4.472378730773926
9887,do,0.05,0.0,38,0.4925818085670475,-6.917015432588982,-6.422021606233385
9888,pp,0.05,0.0,10,1.286320279836655,-4.53030288436196,-4.004752282301585
9889,do,0.05,0.0,21,3.0227600193023685,-5.593231014771895,-5.014454468091329
9890,pp,0.05,0.0,39,3.096722120046615,-6.773340401504979,-5.961181701554192
9891,do,0.05,0.0,19,2.6603252279758465,-5.292208909988403,-4.959334219826593
9892,pp,0.05,0.0,22,2.0219142580032345,-6.156560316952792,-5.160907125473022
9893,do,0.05,0.0,70,1.459310078620911,-9.132448926116481,-8.054669414626227
9894,pp,0.05,0.0,41,1.274252030849457,-9.070306347355698,-7.210599639680651
9895,do,0.05,0.0,25,2.3058835530281065,-4.915384019504894,-4.2168400221400795
9896,pp,0.05,0.0,38,4.59482899427414,-5.558856783491192,-5.091987821790907
9897,do,0.05,0.0,16,3.0601634585857385,-5.590449551380042,-4.74321268664466
9898,pp,0.05,0.0,10,1.5988699662685395,-4.95067849448233,-4.510084080696106
9899,do,0.05,0.0,38,5.432073312997818,-4.961550750154437,-4.676985708872477
9900,pp,0.05,0.0,14,3.5086320853233346,-5.373186315189709,-4.895049174626668
9901,do,0.05,0.0,28,4.44989252448082,-4.710690387090048,-4.158853932221731
9902,pp,0.05,0.0,29,1.981747908592224,-5.69112968155832,-4.791935518052843
9903,do,0.05,0.0,22,2.677638580799103,-4.889132191918113,-4.680683102872637
9904,pp,0.05,0.0,23,1.9781348252296453,-5.290810093735203,-4.779213335778978
9905,do,0.05,0.0,37,3.52357620716095,-7.573588079394717,-7.157436752319336
9906,pp,0.05,0.0,10,1.9185086274147034,-5.212358912554654,-4.150459219349755
9907,do,0.05,0.0,12,2.2037036693096166,-5.348593285589507,-5.069273773829142
9908,pp,0.05,0.0,57,3.290222303867341,-6.91311487718062,-5.980968652831184
9909,do,0.05,0.0,29,0.8553203475475311,-5.87608729131294,-5.132320997450087
9910,pp,0.05,0.0,14,0.8534350705146787,-5.527862212152192,-4.892925789621141
9911,do,0.05,0.0,36,1.4910584968328475,-6.0210615085833,-5.897365641593933
9912,pp,0.05,0.0,17,1.2429430258274081,-5.39233910965197,-4.942895613776313
9913,do,0.05,0.0,14,2.2659122657775876,-5.305825716076475,-5.138106650776333
9914,pp,0.05,0.0,8,1.3262496542930604,-4.955805193294179,-4.402027797698975
9915,do,0.05,0.0,28,3.4478885841369626,-5.511611425515377,-4.748583560519748
9916,pp,0.05,0.0,53,3.761874206066131,-6.717257712104104,-5.500790439711677
9917,do,0.05,0.0,70,1.4067276549339294,-7.962684088042288,-7.761636119418674
9918,pp,0.05,0.0,36,3.071819487810134,-6.054038115703698,-5.244607520103455
9919,do,0.05,0.0,12,2.119737846851349,-5.511111107739535,-5.101102312405904
9920,pp,0.05,0.0,19,3.922012934684753,-5.875083968133637,-4.709642861949073
9921,do,0.05,0.0,16,2.7253268110752105,-4.989374614484382,-4.986985802650452
9922,pp,0.05,0.0,20,2.843921252489091,-5.218481777653549,-4.6607423265775045
9923,do,0.05,0.0,28,2.677057925462722,-4.8741522774551855,-4.657394507196215
9924,pp,0.05,0.0,7,1.1658467984199525,-5.3460310964873345,-4.507097824414571
9925,do,0.05,0.0,18,3.784589881896972,-4.8025278163678715,-4.896476009156969
9926,pp,0.05,0.0,8,1.2375323879718776,-5.763800173094778,-5.253473345438639
9927,do,0.05,0.0,30,3.279280703067779,-6.574440703247532,-6.0149757332272
9928,pp,0.05,0.0,26,3.370381629467011,-5.866871377193567,-5.0546437422434485
9929,do,0.05,0.0,37,3.9151657104492195,-7.290818244760687,-6.403459819157918
9930,pp,0.05,0.0,23,3.1426854884624493,-6.607346417687156,-5.318347528245714
9931,do,0.05,0.0,14,1.773238418102265,-4.687228088667898,-4.260951211717393
9932,pp,0.05,0.0,4,0.2696531510353086,-5.427217409827493,-4.459439592891269
9933,do,0.05,0.0,20,1.0997837305068972,-5.35517129464583,-5.0394073910183375
9934,pp,0.05,0.0,12,1.423440096378327,-6.054822330763845,-5.319980698161655
9935,do,0.05,0.0,22,2.7958686280250555,-4.685907963550452,-5.69710574414995
9936,pp,0.05,0.0,25,2.0248818540573117,-5.228327277212432,-4.569345360332065
9937,do,0.05,0.0,25,3.942556802034379,-5.019011454148726,-4.672902505927616
9938,pp,0.05,0.0,14,2.9305995011329644,-6.206966702143351,-5.671686122152541
9939,do,0.05,0.0,28,3.874913176298141,-4.200775325659549,-4.033486458990309
9940,pp,0.05,0.0,14,2.6369846570491786,-5.779664770762126,-5.025087308883667
9941,do,0.05,0.0,5,-0.2530408096313481,-5.462573408358025,-4.705410419570075
9942,pp,0.05,0.0,58,2.932106009721756,-6.267706953395496,-5.281979333029853
9943,do,0.05,0.0,12,1.9666961717605584,-4.552082430232655,-4.010664921336704
9944,pp,0.05,0.0,12,1.8396294867992404,-5.1330789869481865,-4.734492150942485
9945,do,0.05,0.0,70,2.2118465054035186,-6.610595073121967,-6.20791695912679
9946,pp,0.05,0.0,59,1.9327831912040718,-7.107992595614809,-6.620843821101719
9947,do,0.05,0.0,18,2.990166227817535,-5.895460740002719,-5.30232589509752
9948,pp,0.05,0.0,29,3.0598483264446266,-7.399652488303907,-6.319524502754211
9949,do,0.05,0.0,21,2.14182258605957,-4.9649456255363695,-4.7946312202347645
9950,pp,0.05,0.0,29,2.973894910812377,-5.885474707863548,-5.050317478179932
9951,do,0.05,0.0,48,2.3750248086452483,-5.450694731510047,-5.039963240093655
9952,pp,0.05,0.0,25,2.352425128221512,-5.072375508510706,-4.6877482440736555
9953,do,0.05,0.0,36,2.9266169428825384,-4.979899861595848,-4.812970166736179
9954,pp,0.05,0.0,32,1.391833019256592,-7.315044814890081,-6.728785959879557
9955,do,0.05,0.0,14,2.8611222946643826,-6.017476557240341,-5.709686093860203
9956,pp,0.05,0.0,8,2.1503667068481453,-6.007839304028136,-5.35127952893575
9957,do,0.05,0.0,37,2.823934696912766,-5.130812613169352,-4.856731878386603
9958,pp,0.05,0.0,25,2.6455877065658573,-4.815816546931411,-4.240447366237641
9959,do,0.05,0.0,70,1.8214470934867855,-8.472338325327092,-7.0003577205869885
9960,pp,0.05,0.0,17,2.436622506380081,-5.365162824861931,-5.342757715119256
9961,do,0.05,0.0,70,0.8563557839393603,-8.207548596642233,-7.8048384428024296
9962,pp,0.05,0.0,5,-0.8884794139862056,-7.270488944198146,-6.128631679217021
9963,do,0.05,0.0,15,2.488176926374435,-5.123730058381052,-4.572318919499716
9964,pp,0.05,0.0,32,1.1379336571693424,-7.382170506679651,-5.828924409548441
9965,do,0.05,0.0,63,0.3462522053718562,-7.100194816878347,-7.2900670051574705
9966,pp,0.05,0.0,19,2.1981508135795593,-5.981346055233117,-5.544908894432916
9967,do,0.05,0.0,66,3.9277131295204164,-4.762681211124767,-5.083511675728692
9968,pp,0.05,0.0,11,1.8140584731101983,-5.4859205838405725,-4.849019471804301
9969,do,0.05,0.0,30,3.583439519405366,-4.811107317606608,-4.34410056008233
9970,pp,0.05,0.0,27,1.561883556842803,-6.612544010624741,-5.4151645077599415
9971,do,0.05,0.0,28,4.083147244453431,-7.141007732622551,-6.207029962539673
9972,pp,0.05,0.0,12,2.0332094109058385,-5.954620255845966,-4.66485595173306
9973,do,0.05,0.0,43,2.89768526315689,-7.59402772585551,-6.0586741738849215
9974,pp,0.05,0.0,20,2.104100701808929,-6.439372562639641,-5.372788111368815
9975,do,0.05,0.0,19,2.869633547067643,-5.538437703161529,-5.49772519270579
9976,pp,0.05,0.0,8,0.4076558685302727,-5.456391994880907,-4.790454996956719
9977,do,0.05,0.0,20,1.219411071538925,-5.411409603465687,-4.950221000777351
9978,pp,0.05,0.0,17,0.2344820606708531,-6.690493502761378,-5.944055308236016
9979,do,0.05,0.0,16,1.8333028912544256,-5.110227514035774,-5.6374465227127075
9980,pp,0.05,0.0,8,1.1892772710323332,-5.268613576889038,-4.709753354390462
9981,do,0.05,0.0,70,3.511423232555389,-6.111030792467522,-5.649351313379076
9982,pp,0.05,0.0,7,1.3662087571620942,-5.0041181506532615,-4.4237038797802395
9983,do,0.05,0.0,18,3.0727552068233495,-4.633600444504709,-4.3768039676878185
9984,pp,0.05,0.0,14,2.265961046218872,-4.7336798378915494,-4.047108173370361
9985,do,0.05,0.0,70,1.6678711938858033,-7.500186077753702,-6.72951271004147
9986,pp,0.05,0.0,16,1.976086902618408,-5.349637991009336,-4.516614034440782
9987,do,0.05,0.0,54,0.8290735745429991,-7.594369557409576,-6.905921136008368
9988,pp,0.05,0.0,16,1.553129819631577,-5.61785611817331,-4.747152376174927
9989,do,0.05,0.0,56,2.358107824325562,-6.252113124096033,-5.055610328250461
9990,pp,0.05,0.0,33,1.9279787445068362,-4.73690756595496,-4.329160485002729
9991,do,0.05,0.0,28,5.233295675516128,-6.304984084042636,-5.172461909717984
9992,pp,0.05,0.0,14,1.914385112524033,-6.433179878466057,-5.4851975282033285
9993,do,0.05,0.0,36,4.414622461795808,-7.832804018078428,-7.701012542512681
9994,pp,0.05,0.0,24,3.774010481834411,-5.355949488553134,-4.958381795883179
9995,do,0.05,0.0,70,1.458208261728286,-7.947066688537598,-6.961498064464993
9996,pp,0.05,0.0,50,4.180987633466721,-5.900495873075543,-5.321468742688497
9997,do,0.05,0.0,12,2.1574994301795956,-4.547959791530262,-4.2006464428371855
9998,pp,0.05,0.0,26,3.146476457118988,-5.326191553925023,-4.624482541614109
9999,do,0.05,0.0,17,2.0394711112976074,-5.245389052593347,-4.45920426580641
10000,pp,0.05,0.0,18,2.517522906064987,-4.26365543423277,-3.9602943817774454
10001,do,0.05,0.0,27,3.574035412073136,-6.297107213916201,-5.683573349316915
10002,pp,0.05,0.0,11,1.5500533306598667,-5.824582468379628,-4.957829636997647
10003,do,0.05,0.0,17,2.283072019815445,-8.498013876423691,-7.757244202825758
10004,pp,0.05,0.0,66,4.913075276613236,-4.687693970131152,-4.285270444552103
10005,do,0.05,0.0,32,2.771914563179017,-5.430637645721435,-5.409219490157233
10006,pp,0.05,0.0,8,1.2086924266815187,-4.432064186442982,-3.7737977385520933
10007,do,0.05,0.0,21,2.9222068345546717,-5.707446676312071,-5.328849302397834
10008,pp,0.05,0.0,70,3.1618515253067017,-6.519663013111462,-5.599060281117757
10009,do,0.05,0.0,12,2.0979693150520324,-4.49689299843528,-4.416707277297974
10010,pp,0.05,0.0,18,1.9578456914424898,-4.667307005506573,-4.2378229392899405
10011,do,0.05,0.0,70,6.1237614369392395,-6.525753639683579,-5.838504293229845
10012,pp,0.05,0.0,23,3.292476596832276,-5.816800501852325,-4.746415633625454
10013,do,0.05,0.0,44,6.681085809469224,-7.099166958259814,-5.819669591055976
10014,pp,0.05,0.0,70,3.5361470735073093,-6.146263051755501,-4.903332302305434
10015,do,0.05,0.0,32,2.7534569895267493,-7.021112496925123,-7.0608895831637914
10016,pp,0.05,0.0,16,2.3569164097309114,-5.100138639681267,-4.54369985792372
10017,do,0.05,0.0,39,4.5026166439056405,-7.003403552373251,-7.029020619392395
10018,pp,0.05,0.0,13,2.1901486408710484,-5.35153819286462,-4.6465651088290745
10019,do,0.05,0.0,36,4.096948783397674,-5.519658894972368,-5.153706071111891
10020,pp,0.05,0.0,21,2.2694626355171206,-5.625668165900491,-4.963011458184984
10021,do,0.05,0.0,13,1.4880235683918004,-5.63023757501082,-4.832121414608426
10022,pp,0.05,0.0,25,2.5441005754470822,-7.753309468067053,-7.096307235293918
10023,do,0.05,0.0,43,3.2437582123279576,-5.032884323235714,-4.6091683917575414
10024,pp,0.05,0.0,5,0.1252803874015802,-5.045774780620228,-4.250482013490465
10025,do,0.05,0.0,31,1.548959608078004,-10.148552245804758,-8.359336890114678
10026,pp,0.05,0.0,28,3.0781466305255885,-5.2854982202703304,-4.490740666124556
10027,do,0.05,0.0,44,2.9837338697910303,-8.687552387064153,-9.05969394048055
10028,pp,0.05,0.0,23,4.015353873968124,-5.669772786805124,-4.3630319052272375
10029,do,0.05,0.0,29,4.272850592136383,-5.900857109012025,-6.056130645010207
10030,pp,0.05,0.0,7,1.1615792357921597,-5.149954703359893,-4.255823747316996
10031,do,0.05,0.0,15,2.950501952171325,-5.396504363146695,-5.244597008493211
10032,pp,0.05,0.0,8,0.829634629487991,-4.584765776720914,-3.9011906557612948
10033,do,0.05,0.0,48,3.5458046567440027,-5.396384996356386,-4.682316173447503
10034,pp,0.05,0.0,14,1.7031124365329742,-4.415621313904271,-3.9259661555290224
10035,do,0.05,0.0,62,4.034462298154831,-5.627883265235207,-4.718413703971439
10036,pp,0.05,0.0,28,3.240651098489761,-4.495583875251539,-3.9272366179360283
10037,do,0.05,0.0,32,2.5667971241474143,-5.506739480567701,-5.305231226815118
10038,pp,0.05,0.0,10,2.002848843336105,-5.107487065864332,-4.630084792772929
10039,do,0.05,0.0,43,2.8794196677207946,-4.991169826912158,-5.138746696048313
10040,pp,0.05,0.0,12,2.8171584069728848,-4.407984904086951,-3.9135252343283757
10041,do,0.05,0.0,40,3.986057816743851,-5.055538469372373,-4.9811715179019505
10042,pp,0.05,0.0,18,2.449941473007202,-4.253918199828177,-3.900582536061605
10043,do,0.05,0.0,13,2.6293581306934355,-5.607064504334421,-5.147487195332845
10044,pp,0.05,0.0,16,1.7788083887100221,-7.588784308867021,-6.067573102315267
10045,do,0.05,0.0,32,3.74723079442978,-5.140222549438477,-5.406675807634989
10046,pp,0.05,0.0,17,3.04604438662529,-4.563535749551022,-4.0188494351175095
10047,do,0.05,0.0,51,3.939420840740203,-5.015514726349802,-4.880913710594177
10048,pp,0.05,0.0,26,3.30012216925621,-4.7011986891428625,-3.936816563871172
10049,do,0.05,0.0,17,2.301508212089539,-5.987817752722538,-5.153280835681492
10050,pp,0.05,0.0,16,2.0773639464378357,-4.281024593295473,-3.7979759573936462
10051,do,0.05,0.0,44,3.252695310115815,-9.769149538964935,-8.583815664715237
10052,pp,0.05,0.0,7,0.5891959190368654,-5.139841826756795,-4.23037576145596
10053,do,0.05,0.0,27,1.894305057525635,-5.16106848861232,-4.89691977236006
10054,pp,0.05,0.0,7,0.7414801692962643,-4.247240686416626,-3.693388263384501
10055,do,0.05,0.0,60,3.905092623233795,-7.782186700358535,-7.7018639988369415
10056,pp,0.05,0.0,11,1.109939942359924,-5.467360935789166,-4.81805436876085
10057,do,0.05,0.0,22,3.1318810868263247,-6.163223955848,-6.107380509376526
10058,pp,0.05,0.0,10,0.8672612535953528,-5.31346651279565,-4.429165286488003
10059,do,0.05,0.0,70,2.7011431562900547,-11.005837801730994,-8.829966915978325
10060,pp,0.05,0.0,13,1.4314056444168086,-6.1127990130222205,-4.913257670402527
10061,do,0.05,0.0,35,2.64578138589859,-5.189856779214107,-4.501628663804796
10062,pp,0.05,0.0,19,2.6183643651008603,-5.203632909601385,-4.483503425121308
10063,do,0.05,0.0,57,4.187829223871231,-5.074239099386967,-4.661874066458808
10064,pp,0.05,0.0,17,2.6531879353523253,-5.464068459019517,-4.588336624039544
10065,do,0.05,0.0,39,2.722316218614578,-5.446959673274647,-5.938399442036947
10066,pp,0.05,0.0,14,1.9482730352878574,-6.019930813529275,-5.2256006505754256
10067,do,0.05,0.0,20,2.3498836719989775,-4.777551755038175,-5.114177584648132
10068,pp,0.05,0.0,12,1.7737330710887909,-5.896976060578317,-4.992072327931722
10069,do,0.05,0.0,70,3.624515600204467,-5.215277069265192,-4.744030161698659
10070,pp,0.05,0.0,29,2.497180433273315,-6.768060032526652,-5.32283505598704
10071,do,0.05,0.0,13,1.222796148061752,-5.261218413439664,-4.267270657751295
10072,pp,0.05,0.0,14,0.777094660997391,-5.468949237014308,-5.051211473676894
10073,do,0.05,0.0,49,1.6759050953388224,-5.806618801752726,-5.228146608670553
10074,pp,0.05,0.0,22,1.502974742650986,-5.895941050847371,-4.845180490281847
10075,do,0.05,0.0,39,2.578171873092651,-5.534367513656616,-4.74686061806149
10076,pp,0.05,0.0,63,2.1366613924503337,-11.046198188897336,-9.56329222785102
10077,do,0.05,0.0,70,2.5246722519397737,-6.6376996762824785,-6.60898281733195
10078,pp,0.05,0.0,66,1.9193854987621304,-7.295854529467496,-6.555763785044352
10079,do,0.05,0.0,25,1.9021745181083674,-6.086731124646736,-5.675693864292569
10080,pp,0.05,0.0,14,1.3779753363132476,-4.800886937343713,-4.471876899401347
10081,do,0.05,0.0,30,1.7482175254821772,-5.348025356639515,-4.6108137302928505
10082,pp,0.05,0.0,58,3.415188739299775,-5.87968325325937,-4.874091320567661
10083,do,0.05,0.0,21,2.0585945391654965,-4.683379615436901,-3.973993482854631
10084,pp,0.05,0.0,13,2.5777169096469876,-5.0113103592034545,-4.455715221828885
10085,do,0.05,0.0,20,3.1638127672672267,-5.123493672862198,-4.2774420539538065
10086,pp,0.05,0.0,23,3.3141499590873718,-5.32972522504402,-4.479299227396647
10087,do,0.05,0.0,24,2.5654651308059693,-4.666763198736942,-3.99134582678477
10088,pp,0.05,0.0,59,4.298121696710586,-6.189722910794345,-5.7402351299921675
10089,do,0.05,0.0,70,1.9729413247108472,-6.218093018098311,-5.284880532158746
10090,pp,0.05,0.0,47,5.198263475894929,-6.790242992747913,-5.711810127894084
10091,do,0.05,0.0,41,1.2212279486656197,-6.489558806563869,-7.206043153338962
10092,pp,0.05,0.0,47,2.8152424442768105,-7.187250686414314,-6.260514219601949
10093,do,0.05,0.0,64,4.042366559505462,-4.878836907762469,-4.09937463204066
10094,pp,0.05,0.0,22,2.727306762933731,-5.385728506608443,-4.853629197014703
10095,do,0.05,0.0,23,4.346235069036484,-5.765057397611214,-5.053234688440958
10096,pp,0.05,0.0,70,1.6527699983119968,-8.33482376011935,-7.603028864330716
10097,do,0.05,0.0,31,4.246029400825501,-5.869653986439561,-5.640390997462802
10098,pp,0.05,0.0,36,2.6413684046268457,-7.549331756071611,-6.812753219074673
10099,do,0.05,0.0,26,4.073490178585053,-5.176721279548876,-4.7939708179897735
10100,pp,0.05,0.0,57,4.964283543825149,-7.847430914098566,-6.662530159950256
10101,do,0.05,0.0,17,2.4083565235137945,-4.788092224525683,-4.53979619079166
10102,pp,0.05,0.0,20,2.6144442808628083,-5.100566709402836,-4.668932210074531
10103,do,0.05,0.0,70,2.074837946891784,-5.73820288253553,-5.796363976266649
10104,pp,0.05,0.0,12,1.8307541370391842,-5.553986263275147,-5.132571668095059
10105,do,0.05,0.0,64,2.1920479524135583,-7.054669206792658,-6.498887705802917
10106,pp,0.05,0.0,10,1.1963392484188082,-5.081348653273149,-4.406541215048896
10107,do,0.05,0.0,24,1.6378085172176364,-6.668822099223282,-5.059935336642795
10108,pp,0.05,0.0,50,0.9264485645294185,-7.594638817238085,-7.04550085067749
10109,do,0.05,0.0,70,3.1189109718799592,-5.996911522836396,-5.343454093403286
10110,pp,0.05,0.0,58,3.4338615334033973,-6.712886449062463,-5.764577118555705
10111,do,0.05,0.0,70,4.022881232500076,-5.804070312326605,-5.136734093560113
10112,pp,0.05,0.0,46,3.3694021630287176,-6.436916595516783,-5.555422279569838
10113,do,0.05,0.0,49,4.237517513036727,-5.931469024311412,-5.267184138298035
10114,pp,0.05,0.0,35,3.5157691431045537,-6.475006602027199,-5.525217217869229
10115,do,0.05,0.0,16,0.7776263666152952,-5.54922661781311,-5.138140959209866
10116,pp,0.05,0.0,18,1.5632386696338658,-7.262370295958085,-6.277713383568658
10117,do,0.05,0.0,23,2.0852261567115784,-4.862230332692464,-4.816581145922343
10118,pp,0.05,0.0,23,2.2707060122489926,-5.9145068992267955,-4.981281254026625
10119,do,0.05,0.0,44,4.234689625501633,-5.351490212931777,-4.9739211294386125
10120,pp,0.05,0.0,18,4.05477524638176,-5.712327188434023,-4.738409185409546
10121,do,0.05,0.0,29,2.9921274423599247,-5.634347584753326,-4.730758282873365
10122,pp,0.05,0.0,39,3.5865397012233737,-6.347844921458851,-5.47476786242591
10123,do,0.05,0.0,7,-0.023994598388672017,-6.993259809956406,-6.140758567386204
10124,pp,0.05,0.0,6,0.14198879122734098,-7.287359911022764,-6.086566970083449
10125,do,0.05,0.0,13,-0.7336080098152156,-7.423532578439423,-5.749249336454604
10126,pp,0.05,0.0,7,0.9499052131175993,-6.688186579039603,-5.7058886077668935
10127,do,0.05,0.0,24,2.9848874819278715,-5.02499773719094,-4.802212964163886
10128,pp,0.05,0.0,26,1.9372230648994435,-9.860080094770952,-7.9629082494311865
10129,do,0.05,0.0,48,6.147556214332581,-5.114125020576246,-5.058135080337524
10130,pp,0.05,0.0,41,4.899062163829805,-6.343969574841586,-5.55696018271976
10131,do,0.05,0.0,30,4.068496677875518,-6.578793584939206,-6.433882533179389
10132,pp,0.05,0.0,32,3.857447068691254,-6.621774726925474,-5.635684029261271
10133,do,0.05,0.0,28,3.032814863920212,-4.483822092865452,-3.898442550500234
10134,pp,0.05,0.0,27,2.9309667599201203,-7.088719013965491,-5.432904609044393
10135,do,0.05,0.0,22,1.669475452899933,-5.627772179516879,-5.184975653224521
10136,pp,0.05,0.0,20,3.428495187759399,-4.856701082171816,-4.568377184867859
10137,do,0.05,0.0,24,2.278539314270019,-6.127904672333688,-5.582691274748909
10138,pp,0.05,0.0,13,2.3498856413364413,-5.679450698332353,-4.734121502770318
10139,do,0.05,0.0,23,2.141424666643143,-4.6487502733866375,-4.11605232556661
10140,pp,0.05,0.0,25,1.7048314654827124,-4.723800971291282,-4.178614020347595
10141,do,0.05,0.0,30,3.6801759445667273,-4.544316553347039,-4.314492948849996
10142,pp,0.05,0.0,14,2.0179647314548497,-4.663066531672622,-4.133501640955607
10143,do,0.05,0.0,13,1.0768142473697662,-5.413208280910145,-4.899361509746975
10144,pp,0.05,0.0,10,0.022718536853790106,-6.444833389918009,-5.746435170703464
