{
    "best_epoch": 15,
    "best_val_performance": 0.15229727109273306,
    "val_performance_metric": "diff",
    "train_loss": 2.757174491882324,
    "initial_pref_do": 0.12714285714285714,
    "final_pref_do": 0.14857142857142858,
    "best_pref_do": 0.06428571428571428
}