{
    "best_epoch": 23,
    "best_val_performance": 1.8735481055577594,
    "val_performance_metric": "diff",
    "train_loss": 2.2504897117614746,
    "initial_do_mean": -7.633317764415297,
    "final_do_mean": -8.481426567532296,
    "best_do_mean": -8.713173209927803,
    "initial_pp_mean": -6.990177312318017,
    "final_pp_mean": -7.7355355764136595,
    "best_pp_mean": -7.901789441529442
}