{
    "best_epoch": 26,
    "best_val_performance": -0.3387040646870929,
    "val_performance_metric": "diff",
    "train_loss": 3.692517042160034,
    "initial_do_mean": -7.951979764672213,
    "final_do_mean": -6.219795902108038,
    "best_do_mean": -6.089431562395983,
    "initial_pp_mean": -7.525459124761469,
    "final_pp_mean": -5.882057160139084,
    "best_pp_mean": -5.786483496427536
}