{
    "best_epoch": 18,
    "best_val_performance": -0.06509099642435778,
    "val_performance_metric": "diff",
    "train_loss": 3.084571599960327,
    "initial_do_mean": -6.747828119451349,
    "final_do_mean": -5.115672144745336,
    "best_do_mean": -4.701202032782815,
    "initial_pp_mean": -6.128142600589328,
    "final_pp_mean": -4.652665101157295,
    "best_pp_mean": -4.148382462395562
}