{
    "best_epoch": 70,
    "best_val_performance": -0.056607923507690394,
    "val_performance_metric": "diff",
    "train_loss": 3.278425455093384,
    "initial_pref_do": 0.14714285714285713,
    "final_pref_do": 0.21428571428571427,
    "best_pref_do": 0.21428571428571427
}