{
    "best_epoch": 27,
    "best_val_performance": 0.012437108357747029,
    "val_performance_metric": "diff",
    "train_loss": 3.3396129608154297,
    "initial_do_mean": -7.961645305849785,
    "final_do_mean": -5.980697642232096,
    "best_do_mean": -5.956619353488434,
    "initial_pp_mean": -7.576449703468996,
    "final_pp_mean": -5.634062412907095,
    "best_pp_mean": -5.583686890321619
}