{
    "best_epoch": 70,
    "best_val_performance": -0.604067139625549,
    "val_performance_metric": "diff",
    "train_loss": 5.566728591918945,
    "initial_pref_do": 0.07714285714285714,
    "final_pref_do": 0.08428571428571428,
    "best_pref_do": 0.08428571428571428
}