{
    "best_epoch": 24,
    "best_val_performance": -0.024275546073914356,
    "val_performance_metric": "diff",
    "train_loss": 3.4533674716949463,
    "initial_do_mean": -7.6896644622780554,
    "final_do_mean": -6.232630852349969,
    "best_do_mean": -5.99381000600582,
    "initial_pp_mean": -7.254410428860608,
    "final_pp_mean": -5.675068156508838,
    "best_pp_mean": -5.618210877741085
}