{
    "best_epoch": 70,
    "best_val_performance": 0.5555102109909056,
    "val_performance_metric": "diff",
    "train_loss": 1.0404548645019531,
    "initial_do_mean": -7.687453577684802,
    "final_do_mean": -6.557583664045778,
    "best_do_mean": -6.557583664045778,
    "initial_pp_mean": -7.174139733174268,
    "final_pp_mean": -6.362152707226136,
    "best_pp_mean": -6.362152707226136
}