{
    "best_epoch": 70,
    "best_val_performance": -0.11798027038574244,
    "val_performance_metric": "diff",
    "train_loss": 3.0188848972320557,
    "initial_pref_do": 0.14857142857142858,
    "final_pref_do": 0.19857142857142857,
    "best_pref_do": 0.19857142857142857
}