{
    "best_epoch": 57,
    "best_val_performance": 0.17792830785115576,
    "val_performance_metric": "diff",
    "train_loss": 2.3606417179107666,
    "initial_do_mean": -7.686971301949302,
    "final_do_mean": -6.274229273893113,
    "best_do_mean": -6.414149055647296,
    "initial_pp_mean": -7.173377649223103,
    "final_pp_mean": -5.935673393922694,
    "best_pp_mean": -6.054069467502482
}