{
    "best_epoch": 19,
    "best_val_performance": 1.801051942507426,
    "val_performance_metric": "diff",
    "train_loss": 2.266599655151367,
    "initial_pref_do": 0.09714285714285714,
    "final_pref_do": 0.13428571428571429,
    "best_pref_do": 0.07571428571428572
}