{
    "best_epoch": 70,
    "best_val_performance": -0.5321476475397748,
    "val_performance_metric": "diff",
    "train_loss": 6.533519744873047,
    "initial_pref_do": 0.08428571428571428,
    "final_pref_do": 0.09,
    "best_pref_do": 0.09
}