{
    "best_epoch": 70,
    "best_val_performance": -0.16051607926686629,
    "val_performance_metric": "diff",
    "train_loss": 3.563311815261841,
    "initial_do_mean": -6.746383551395301,
    "final_do_mean": -4.96821648424322,
    "best_do_mean": -4.96821648424322,
    "initial_pp_mean": -6.126346535152859,
    "final_pp_mean": -4.454880293210348,
    "best_pp_mean": -4.454880293210348
}