{
    "best_epoch": 70,
    "best_val_performance": 0.013571567535400675,
    "val_performance_metric": "diff",
    "train_loss": 2.8813626766204834,
    "initial_do_mean": -6.547297193064834,
    "final_do_mean": -4.9387849302002875,
    "best_do_mean": -4.9387849302002875,
    "initial_pp_mean": -5.902006194326613,
    "final_pp_mean": -4.355609459347195,
    "best_pp_mean": -4.355609459347195
}