{
    "best_epoch": 36,
    "best_val_performance": 2.6227370961507166,
    "val_performance_metric": "diff",
    "train_loss": 2.2514395713806152,
    "initial_pref_do": 0.18142857142857144,
    "final_pref_do": 0.18285714285714286,
    "best_pref_do": 0.16857142857142857
}