{
    "best_epoch": 70,
    "best_val_performance": 0.02704721450805625,
    "val_performance_metric": "diff",
    "train_loss": 4.106509208679199,
    "initial_do_mean": -6.766926866589171,
    "final_do_mean": -5.073349526434233,
    "best_do_mean": -5.073349526434233,
    "initial_pp_mean": -6.09885872470008,
    "final_pp_mean": -4.27582524617513,
    "best_pp_mean": -4.27582524617513
}