{
    "best_epoch": 64,
    "best_val_performance": -0.13176836808522552,
    "val_performance_metric": "diff",
    "train_loss": 4.305095195770264,
    "initial_do_mean": -6.533924838268396,
    "final_do_mean": -5.495773563962994,
    "best_do_mean": -5.551709349950155,
    "initial_pp_mean": -5.90194444126553,
    "final_pp_mean": -4.779689041773478,
    "best_pp_mean": -4.837242476145426
}