{
    "best_epoch": 70,
    "best_val_performance": -0.6225996335347501,
    "val_performance_metric": "diff",
    "train_loss": 5.986883640289307,
    "initial_dative_mean": -7.290010900873887,
    "final_dative_mean": -7.072404483605546,
    "best_dative_mean": -7.072404483605546
}