{
    "best_epoch": 70,
    "best_val_performance": -0.24899443308512303,
    "val_performance_metric": "diff",
    "train_loss": 3.1962392330169678,
    "initial_do_mean": -7.840488876021186,
    "final_do_mean": -6.724999593440876,
    "best_do_mean": -6.724999593440876,
    "initial_pp_mean": -7.374151097325718,
    "final_pp_mean": -6.381990855231004,
    "best_pp_mean": -6.381990855231004
}