{
    "best_epoch": 23,
    "best_val_performance": -0.04824043750762996,
    "val_performance_metric": "diff",
    "train_loss": 3.028186082839966,
    "initial_do_mean": -6.420007682569099,
    "final_do_mean": -5.136729429707382,
    "best_do_mean": -4.927821186817053,
    "initial_pp_mean": -5.742642829153273,
    "final_pp_mean": -4.433605451054043,
    "best_pp_mean": -4.239527336756388
}