{
    "best_epoch": 70,
    "best_val_performance": 2.893729642232258,
    "val_performance_metric": "diff",
    "train_loss": 1.5753909349441528,
    "initial_dative_mean": -7.581063007750706,
    "final_dative_mean": -5.877733415068938,
    "best_dative_mean": -5.877733415068938
}