{
    "best_epoch": 70,
    "best_val_performance": -0.2528212261199947,
    "val_performance_metric": "diff",
    "train_loss": 3.7273623943328857,
    "initial_pref_do": 0.17714285714285713,
    "final_pref_do": 0.24,
    "best_pref_do": 0.24
}