{
    "best_epoch": 70,
    "best_val_performance": -0.05140377044677713,
    "val_performance_metric": "diff",
    "train_loss": 3.75314998626709,
    "initial_pref_do": 0.09714285714285714,
    "final_pref_do": 0.04,
    "best_pref_do": 0.04
}