{
    "best_epoch": 37,
    "best_val_performance": 0.3841769138971962,
    "val_performance_metric": "diff",
    "train_loss": 1.6532670259475708,
    "initial_pref_do": 0.18,
    "final_pref_do": 0.16428571428571428,
    "best_pref_do": 0.15714285714285714
}