{
    "best_epoch": 43,
    "best_val_performance": 0.4009295241038009,
    "val_performance_metric": "diff",
    "train_loss": 1.2344509363174438,
    "initial_pref_do": 0.1357142857142857,
    "final_pref_do": 0.16714285714285715,
    "best_pref_do": 0.16
}