{
    "best_epoch": 28,
    "best_val_performance": -0.12430369218190496,
    "val_performance_metric": "diff",
    "train_loss": 3.326447010040283,
    "initial_do_mean": -7.958258262207342,
    "final_do_mean": -5.629051758106365,
    "best_do_mean": -5.600585516109023,
    "initial_pp_mean": -7.531921515044044,
    "final_pp_mean": -5.544124649552738,
    "best_pp_mean": -5.355726375649957
}