{
    "best_epoch": 70,
    "best_val_performance": -0.22207624435424744,
    "val_performance_metric": "diff",
    "train_loss": 2.8377556800842285,
    "initial_dative_mean": -7.470101577496668,
    "final_dative_mean": -5.496312550633972,
    "best_dative_mean": -5.496312550633972
}