{
    "best_epoch": 18,
    "best_val_performance": 0.40267867247263656,
    "val_performance_metric": "diff",
    "train_loss": 3.0424554347991943,
    "initial_do_mean": -6.747686612967289,
    "final_do_mean": -5.085008027336814,
    "best_do_mean": -4.431152583613541,
    "initial_pp_mean": -6.127703240182664,
    "final_pp_mean": -4.258352004157173,
    "best_pp_mean": -3.810395182503594
}