{
    "best_epoch": 15,
    "best_val_performance": 0.049778908093769836,
    "val_performance_metric": "diff",
    "train_loss": 2.5635809898376465,
    "initial_do_mean": -6.54653959274292,
    "final_do_mean": -5.135282964417429,
    "best_do_mean": -4.519036530003403,
    "initial_pp_mean": -5.9002693096796675,
    "final_pp_mean": -4.255145422617594,
    "best_pp_mean": -3.872259744008382
}