{
    "best_epoch": 51,
    "best_val_performance": 1.7269213040669769,
    "val_performance_metric": "diff",
    "train_loss": 2.6442718505859375,
    "initial_pref_do": 0.09857142857142857,
    "final_pref_do": 0.3514285714285714,
    "best_pref_do": 0.3314285714285714
}