{
    "best_epoch": 1,
    "best_val_performance": -0.6130194632212325,
    "val_performance_metric": "diff",
    "train_loss": 7.238179683685303,
    "initial_pref_do": 0.08285714285714285,
    "final_pref_do": 0.09428571428571429,
    "best_pref_do": 0.08428571428571428
}