{
    "best_epoch": 29,
    "best_val_performance": -0.3225751956303915,
    "val_performance_metric": "diff",
    "train_loss": 2.331984043121338,
    "initial_dative_mean": -7.32004025386788,
    "final_dative_mean": -5.825334165528504,
    "best_dative_mean": -5.782563405078754
}