{
    "best_epoch": 61,
    "best_val_performance": 4.659663200378418,
    "val_performance_metric": "diff",
    "train_loss": 2.1461198329925537,
    "initial_pref_do": 0.07714285714285714,
    "final_pref_do": 0.2671428571428571,
    "best_pref_do": 0.27714285714285714
}