{
    "best_epoch": 70,
    "best_val_performance": 2.863267046610515,
    "val_performance_metric": "diff",
    "train_loss": 1.7708131074905396,
    "initial_dative_mean": -7.579054470996411,
    "final_dative_mean": -5.623382792486782,
    "best_dative_mean": -5.623382792486782
}