{
    "best_epoch": 4,
    "best_val_performance": 1.1004295571645102,
    "val_performance_metric": "diff",
    "train_loss": 3.6043124198913574,
    "initial_dative_mean": -7.263118270893543,
    "final_dative_mean": -6.7275499555102565,
    "best_dative_mean": -5.648058943232598
}