{
    "best_epoch": 70,
    "best_val_performance": -0.6562894233067835,
    "val_performance_metric": "diff",
    "train_loss": 8.46568775177002,
    "initial_pref_do": 0.17714285714285713,
    "final_pref_do": 0.23714285714285716,
    "best_pref_do": 0.23714285714285716
}