{
    "best_epoch": 18,
    "best_val_performance": 1.0889096371332805,
    "val_performance_metric": "diff",
    "train_loss": 2.357269048690796,
    "initial_do_mean": -6.505822446129539,
    "final_do_mean": -5.842545851794156,
    "best_do_mean": -5.51987042427063,
    "initial_pp_mean": -5.874503103892009,
    "final_pp_mean": -5.215875212351481,
    "best_pp_mean": -4.691825811068217
}