{
    "best_epoch": 1,
    "best_val_performance": -0.5252021948496504,
    "val_performance_metric": "diff",
    "train_loss": 6.128778457641602,
    "initial_pref_do": 0.14714285714285713,
    "final_pref_do": 0.19285714285714287,
    "best_pref_do": 0.14857142857142858
}