{
    "best_epoch": 25,
    "best_val_performance": 0.4066185998916625,
    "val_performance_metric": "diff",
    "train_loss": 2.519317150115967,
    "initial_do_mean": -6.534395691842744,
    "final_do_mean": -5.061427626465306,
    "best_do_mean": -4.6849301786133735,
    "initial_pp_mean": -5.902617655860054,
    "final_pp_mean": -4.333841191397773,
    "best_pp_mean": -4.121417816480001
}