{
    "best_epoch": 31,
    "best_val_performance": -0.0096403487523391,
    "val_performance_metric": "diff",
    "train_loss": 2.452991247177124,
    "initial_pref_do": 0.14714285714285713,
    "final_pref_do": 0.24714285714285714,
    "best_pref_do": 0.1757142857142857
}