{
    "best_epoch": 42,
    "best_val_performance": 1.4131906747817995,
    "val_performance_metric": "diff",
    "train_loss": 1.9789750576019287,
    "initial_do_mean": -6.550148237112797,
    "final_do_mean": -5.481707190022324,
    "best_do_mean": -4.97961176814455,
    "initial_pp_mean": -5.901803294817607,
    "final_pp_mean": -4.738620164659288,
    "best_pp_mean": -4.384626997841729
}