{
    "best_epoch": 70,
    "best_val_performance": 3.8657585302988693,
    "val_performance_metric": "diff",
    "train_loss": 2.5828962326049805,
    "initial_pref_do": 0.09714285714285714,
    "final_pref_do": 0.3557142857142857,
    "best_pref_do": 0.3557142857142857
}