{
    "best_epoch": 70,
    "best_val_performance": 0.25714652856190945,
    "val_performance_metric": "diff",
    "train_loss": 1.9554158449172974,
    "initial_dative_mean": -7.189688248243946,
    "final_dative_mean": -5.555309568755111,
    "best_dative_mean": -5.555309568755111
}