{
    "best_epoch": 69,
    "best_val_performance": 0.056871164639790805,
    "val_performance_metric": "diff",
    "train_loss": 2.0571746826171875,
    "initial_do_mean": -7.635946962722512,
    "final_do_mean": -5.490036288319632,
    "best_do_mean": -5.488734405401141,
    "initial_pp_mean": -6.993611681461334,
    "final_pp_mean": -5.048798280954361,
    "best_pp_mean": -5.050055962099749
}