{
    "best_epoch": 52,
    "best_val_performance": 0.4975274626413988,
    "val_performance_metric": "diff",
    "train_loss": 0.7671071887016296,
    "initial_do_mean": -6.658650960344257,
    "final_do_mean": -5.082652934392294,
    "best_do_mean": -4.9978351882009795,
    "initial_pp_mean": -5.916868832376268,
    "final_pp_mean": -4.642238632837931,
    "best_pp_mean": -4.590650565094418
}