{
    "best_epoch": 50,
    "best_val_performance": 2.098423233032226,
    "val_performance_metric": "diff",
    "train_loss": 2.6855874061584473,
    "initial_do_mean": -7.68813207260398,
    "final_do_mean": -5.763223803320597,
    "best_do_mean": -5.3489939504584605,
    "initial_pp_mean": -7.175107878095964,
    "final_pp_mean": -4.7925506791647745,
    "best_pp_mean": -4.459536081903121
}