{
    "best_epoch": 31,
    "best_val_performance": -0.2407755263646445,
    "val_performance_metric": "diff",
    "train_loss": 3.250471591949463,
    "initial_pref_do": 0.14714285714285713,
    "final_pref_do": 0.06428571428571428,
    "best_pref_do": 0.06
}