{
    "best_epoch": 20,
    "best_val_performance": 0.27115093231201204,
    "val_performance_metric": "diff",
    "train_loss": 3.476036787033081,
    "initial_do_mean": -6.556888775392012,
    "final_do_mean": -5.3780476916920055,
    "best_do_mean": -4.222872354045059,
    "initial_pp_mean": -5.762639941109551,
    "final_pp_mean": -4.377071102460225,
    "best_pp_mean": -3.7113189061482745
}