{
    "best_epoch": 13,
    "best_val_performance": -0.06506419022877985,
    "val_performance_metric": "diff",
    "train_loss": 2.644711494445801,
    "initial_do_mean": -6.668435434861617,
    "final_do_mean": -5.15884884631995,
    "best_do_mean": -4.314972587065263,
    "initial_pp_mean": -5.8234216080771555,
    "final_pp_mean": -4.252558220757378,
    "best_pp_mean": -3.635827895005544
}