{
    "best_epoch": 15,
    "best_val_performance": -0.04854682445526137,
    "val_performance_metric": "diff",
    "train_loss": 3.232560634613037,
    "initial_do_mean": -6.659966332984693,
    "final_do_mean": -5.6962133855530706,
    "best_do_mean": -5.136474428754864,
    "initial_pp_mean": -5.919309780332777,
    "final_pp_mean": -4.797315420044793,
    "best_pp_mean": -4.439670909775628
}