{
    "best_epoch": 29,
    "best_val_performance": -0.022414304415384834,
    "val_performance_metric": "diff",
    "train_loss": 3.6882150173187256,
    "initial_dative_mean": -7.2905894922234165,
    "final_dative_mean": -5.806423197189967,
    "best_dative_mean": -5.726694753469779
}