{
    "best_epoch": 70,
    "best_val_performance": -0.03606787681579515,
    "val_performance_metric": "diff",
    "train_loss": 3.4188544750213623,
    "initial_do_mean": -6.532995049158732,
    "final_do_mean": -4.758024899164836,
    "best_do_mean": -4.758024899164836,
    "initial_pp_mean": -5.899171087476942,
    "final_pp_mean": -4.383578991889953,
    "best_pp_mean": -4.383578991889953
}