{
    "best_epoch": 60,
    "best_val_performance": 0.13883639653523705,
    "val_performance_metric": "diff",
    "train_loss": 2.438708782196045,
    "initial_do_mean": -7.684865577969441,
    "final_do_mean": -5.524736149019973,
    "best_do_mean": -5.509169206369755,
    "initial_pp_mean": -7.172090117370381,
    "final_pp_mean": -5.111927431120592,
    "best_pp_mean": -5.133819725934197
}