{
    "best_epoch": 59,
    "best_val_performance": 0.38271385987599693,
    "val_performance_metric": "diff",
    "train_loss": 0.7857452034950256,
    "initial_do_mean": -6.5587214180917455,
    "final_do_mean": -5.18180645162409,
    "best_do_mean": -4.909392966646137,
    "initial_pp_mean": -5.763564544253879,
    "final_pp_mean": -4.421575360827976,
    "best_pp_mean": -4.287314716974894
}