{
    "best_epoch": 70,
    "best_val_performance": -0.010273766517639338,
    "val_performance_metric": "diff",
    "train_loss": 3.5162906646728516,
    "initial_do_mean": -7.9615735099759215,
    "final_do_mean": -6.120870845262394,
    "best_do_mean": -6.120870845262394,
    "initial_pp_mean": -7.576031912074369,
    "final_pp_mean": -5.8436983297852905,
    "best_pp_mean": -5.8436983297852905
}