{
    "best_epoch": 32,
    "best_val_performance": 3.711387720108033,
    "val_performance_metric": "diff",
    "train_loss": 2.790883779525757,
    "initial_pref_do": 0.1457142857142857,
    "final_pref_do": 0.03571428571428571,
    "best_pref_do": 0.03428571428571429
}