{
    "best_epoch": 33,
    "best_val_performance": 3.8020384248097745,
    "val_performance_metric": "diff",
    "train_loss": 3.4690663814544678,
    "initial_do_mean": -6.504938378478542,
    "final_do_mean": -7.215675709464334,
    "best_do_mean": -6.655062465956717,
    "initial_pp_mean": -5.8750976403554285,
    "final_pp_mean": -6.492992279264662,
    "best_pp_mean": -6.133765480253431
}