{
    "best_epoch": 64,
    "best_val_performance": 2.987296725908916,
    "val_performance_metric": "diff",
    "train_loss": 3.099514961242676,
    "initial_pref_do": 0.1457142857142857,
    "final_pref_do": 0.15142857142857144,
    "best_pref_do": 0.17857142857142858
}