{
    "best_epoch": 64,
    "best_val_performance": 0.20883291244506808,
    "val_performance_metric": "diff",
    "train_loss": 1.573231816291809,
    "initial_pref_do": 0.07714285714285714,
    "final_pref_do": 0.12,
    "best_pref_do": 0.13428571428571429
}