{
    "best_epoch": 53,
    "best_val_performance": -0.26603406747182223,
    "val_performance_metric": "diff",
    "train_loss": 5.010706424713135,
    "initial_pref_do": 0.14857142857142858,
    "final_pref_do": 0.055714285714285716,
    "best_pref_do": 0.09142857142857143
}