{
    "best_epoch": 70,
    "best_val_performance": -0.22592063744862845,
    "val_performance_metric": "diff",
    "train_loss": 4.5589470863342285,
    "initial_do_mean": -7.696727373572283,
    "final_do_mean": -6.034480862839278,
    "best_do_mean": -6.034480862839278,
    "initial_pp_mean": -7.163519882454592,
    "final_pp_mean": -5.722451508746428,
    "best_pp_mean": -5.722451508746428
}