{
    "best_epoch": 67,
    "best_val_performance": 1.6696409797668466,
    "val_performance_metric": "diff",
    "train_loss": 2.0100600719451904,
    "initial_do_mean": -6.531325194329926,
    "final_do_mean": -5.770479969544844,
    "best_do_mean": -5.769619063175086,
    "initial_pp_mean": -5.895526361465454,
    "final_pp_mean": -5.261159512731764,
    "best_pp_mean": -5.2875077697965835
}