{
    "best_epoch": 28,
    "best_val_performance": 2.4201532745361334,
    "val_performance_metric": "diff",
    "train_loss": 2.803518772125244,
    "initial_do_mean": -7.960479421671047,
    "final_do_mean": -11.126923569413119,
    "best_do_mean": -9.805806488491768,
    "initial_pp_mean": -7.573746533253614,
    "final_pp_mean": -11.272597509271959,
    "best_pp_mean": -11.146821639117073
}