{
    "best_epoch": 37,
    "best_val_performance": -0.24035675684611046,
    "val_performance_metric": "diff",
    "train_loss": 3.415297031402588,
    "initial_do_mean": -6.6347222516030975,
    "final_do_mean": -5.22405252456665,
    "best_do_mean": -5.238869710402056,
    "initial_pp_mean": -5.785817326439751,
    "final_pp_mean": -4.869185066223144,
    "best_pp_mean": -4.628574082586501
}