{
    "best_epoch": 18,
    "best_val_performance": 0.2417799838383985,
    "val_performance_metric": "diff",
    "train_loss": 2.37088942527771,
    "initial_do_mean": -6.765512428861676,
    "final_do_mean": -5.267100091414018,
    "best_do_mean": -4.71715254205646,
    "initial_pp_mean": -6.098457145690918,
    "final_pp_mean": -4.476718147595723,
    "best_pp_mean": -4.124239857991537
}