{
    "best_epoch": 70,
    "best_val_performance": -0.23629037221272764,
    "val_performance_metric": "diff",
    "train_loss": 4.222258567810059,
    "initial_do_mean": -6.76575761274858,
    "final_do_mean": -5.54167223554669,
    "best_do_mean": -5.54167223554669,
    "initial_pp_mean": -6.098021539052327,
    "final_pp_mean": -4.873373614417182,
    "best_pp_mean": -4.873373614417182
}