{
    "best_epoch": 70,
    "best_val_performance": -0.5690335941314704,
    "val_performance_metric": "diff",
    "train_loss": 6.739393711090088,
    "initial_pref_do": 0.13285714285714287,
    "final_pref_do": 0.1457142857142857,
    "best_pref_do": 0.1457142857142857
}