{
    "best_epoch": 31,
    "best_val_performance": 1.3104258886973064,
    "val_performance_metric": "diff",
    "train_loss": 1.4891860485076904,
    "initial_pref_do": 0.07714285714285714,
    "final_pref_do": 0.14285714285714285,
    "best_pref_do": 0.18
}