{
    "best_epoch": 70,
    "best_val_performance": 0.7860939121246338,
    "val_performance_metric": "diff",
    "train_loss": 1.3882315158843994,
    "initial_pref_do": 0.17714285714285713,
    "final_pref_do": 0.17142857142857143,
    "best_pref_do": 0.17142857142857143
}