{
    "best_epoch": 70,
    "best_val_performance": 0.2800805854797357,
    "val_performance_metric": "diff",
    "train_loss": 1.0099610090255737,
    "initial_do_mean": -7.954898951358573,
    "final_do_mean": -5.877762146467386,
    "best_do_mean": -5.877762146467386,
    "initial_pp_mean": -7.528769082882825,
    "final_pp_mean": -5.558199547318852,
    "best_pp_mean": -5.558199547318852
}