{
    "best_epoch": 19,
    "best_val_performance": 0.059698708852132576,
    "val_performance_metric": "diff",
    "train_loss": 2.7394134998321533,
    "initial_do_mean": -6.50592731996016,
    "final_do_mean": -5.506892793828791,
    "best_do_mean": -5.055970527186538,
    "initial_pp_mean": -5.8761122888988915,
    "final_pp_mean": -4.5681738032235035,
    "best_pp_mean": -4.286271990670098
}