{
    "best_epoch": 70,
    "best_val_performance": -0.12336498896280901,
    "val_performance_metric": "diff",
    "train_loss": 3.9069864749908447,
    "initial_do_mean": -6.655898292136915,
    "final_do_mean": -4.916265882145275,
    "best_do_mean": -4.916265882145275,
    "initial_pp_mean": -5.91577853096856,
    "final_pp_mean": -4.469276889165243,
    "best_pp_mean": -4.469276889165243
}