{
    "best_epoch": 70,
    "best_val_performance": -0.7196826076507561,
    "val_performance_metric": "diff",
    "train_loss": 7.053843021392822,
    "initial_pref_do": 0.15857142857142856,
    "final_pref_do": 0.1757142857142857,
    "best_pref_do": 0.1757142857142857
}