{
    "best_epoch": 12,
    "best_val_performance": 0.49371026992797873,
    "val_performance_metric": "diff",
    "train_loss": 2.48868989944458,
    "initial_do_mean": -7.690937819175942,
    "final_do_mean": -6.9830933868191964,
    "best_do_mean": -5.41996671328711,
    "initial_pp_mean": -7.17736921450671,
    "final_pp_mean": -6.524180357596453,
    "best_pp_mean": -4.6169289469718935
}