{
    "best_epoch": 70,
    "best_val_performance": -0.17474988460540786,
    "val_performance_metric": "diff",
    "train_loss": 3.8096683025360107,
    "initial_dative_mean": -7.283737386179249,
    "final_dative_mean": -5.494156049008955,
    "best_dative_mean": -5.494156049008955
}