{
    "best_epoch": 51,
    "best_val_performance": 0.15118411540985122,
    "val_performance_metric": "diff",
    "train_loss": 2.8068454265594482,
    "initial_do_mean": -7.686840040046115,
    "final_do_mean": -5.822028274106425,
    "best_do_mean": -5.781793027769687,
    "initial_pp_mean": -7.17389177013846,
    "final_pp_mean": -4.630498374209685,
    "best_pp_mean": -4.619397062764448
}