{
    "best_epoch": 70,
    "best_val_performance": 0.8254131746292108,
    "val_performance_metric": "diff",
    "train_loss": 1.5201045274734497,
    "initial_do_mean": -7.703263995952384,
    "final_do_mean": -7.518903688982475,
    "best_do_mean": -7.518903688982475,
    "initial_pp_mean": -7.170752503591426,
    "final_pp_mean": -7.026890489984961,
    "best_pp_mean": -7.026890489984961
}