{
    "best_epoch": 70,
    "best_val_performance": 0.6379965957005824,
    "val_performance_metric": "diff",
    "train_loss": 1.737130880355835,
    "initial_pref_do": 0.07714285714285714,
    "final_pref_do": 0.04285714285714286,
    "best_pref_do": 0.04285714285714286
}