{
    "best_epoch": 70,
    "best_val_performance": -0.23226620356241856,
    "val_performance_metric": "diff",
    "train_loss": 2.249616861343384,
    "initial_do_mean": -6.74687304352269,
    "final_do_mean": -5.003771451025298,
    "best_do_mean": -5.003771451025298,
    "initial_pp_mean": -6.128287389543321,
    "final_pp_mean": -4.40244541698032,
    "best_pp_mean": -4.40244541698032
}