{
    "best_epoch": 70,
    "best_val_performance": -0.031095360120137805,
    "val_performance_metric": "diff",
    "train_loss": 4.160660743713379,
    "initial_pref_do": 0.18142857142857144,
    "final_pref_do": 0.2714285714285714,
    "best_pref_do": 0.2714285714285714
}