{
    "best_epoch": 70,
    "best_val_performance": -0.06163553396860788,
    "val_performance_metric": "diff",
    "train_loss": 1.4574652910232544,
    "initial_pref_do": 0.17714285714285713,
    "final_pref_do": 0.15,
    "best_pref_do": 0.15
}