{
    "best_epoch": 24,
    "best_val_performance": 2.3407270495096846,
    "val_performance_metric": "diff",
    "train_loss": 2.6704814434051514,
    "initial_pref_do": 0.18142857142857144,
    "final_pref_do": 0.17857142857142858,
    "best_pref_do": 0.17285714285714285
}