{
    "best_epoch": 70,
    "best_val_performance": -0.5957738908131915,
    "val_performance_metric": "diff",
    "train_loss": 5.800607681274414,
    "initial_dative_mean": -7.314691802911591,
    "final_dative_mean": -7.008319892729932,
    "best_dative_mean": -7.008319892729932
}