{
    "best_epoch": 26,
    "best_val_performance": 0.2820091915130618,
    "val_performance_metric": "diff",
    "train_loss": 1.7652884721755981,
    "initial_pref_do": 0.07714285714285714,
    "final_pref_do": 0.03571428571428571,
    "best_pref_do": 0.03571428571428571
}