{
    "best_epoch": 35,
    "best_val_performance": -0.055706327756245955,
    "val_performance_metric": "diff",
    "train_loss": 3.582380533218384,
    "initial_do_mean": -7.960531927818476,
    "final_do_mean": -5.714047113130259,
    "best_do_mean": -5.784146910143453,
    "initial_pp_mean": -7.575326093505411,
    "final_pp_mean": -5.289698931048898,
    "best_pp_mean": -5.255748830823338
}