{
    "best_epoch": 70,
    "best_val_performance": 0.47123496691385913,
    "val_performance_metric": "diff",
    "train_loss": 1.9529317617416382,
    "initial_dative_mean": -7.313876175043876,
    "final_dative_mean": -5.9712737303728245,
    "best_dative_mean": -5.9712737303728245
}