{
    "best_epoch": 30,
    "best_val_performance": 0.2924427747726437,
    "val_performance_metric": "diff",
    "train_loss": 1.7739112377166748,
    "initial_dative_mean": -7.469695282958404,
    "final_dative_mean": -5.402342425626621,
    "best_dative_mean": -4.892960061281048
}