{
    "best_epoch": 24,
    "best_val_performance": 0.09399633407592756,
    "val_performance_metric": "diff",
    "train_loss": 3.4717395305633545,
    "initial_do_mean": -6.554853621396151,
    "final_do_mean": -4.668336307641232,
    "best_do_mean": -4.1664395520181365,
    "initial_pp_mean": -5.760339273346795,
    "final_pp_mean": -4.181206430329217,
    "best_pp_mean": -3.7379018518659803
}