{
    "best_epoch": 31,
    "best_val_performance": 0.49842800617218064,
    "val_performance_metric": "diff",
    "train_loss": 2.9284093379974365,
    "initial_do_mean": -6.773662361954198,
    "final_do_mean": -5.508679874015577,
    "best_do_mean": -4.794999574892449,
    "initial_pp_mean": -6.104020351833768,
    "final_pp_mean": -4.53705275853475,
    "best_pp_mean": -4.05058781835768
}