{
    "best_epoch": 70,
    "best_val_performance": 4.201912859280904,
    "val_performance_metric": "diff",
    "train_loss": 2.082401990890503,
    "initial_do_mean": -7.688170965327773,
    "final_do_mean": -12.101887101697367,
    "best_do_mean": -12.101887101697367,
    "initial_pp_mean": -7.173859963697546,
    "final_pp_mean": -8.64114830879604,
    "best_pp_mean": -8.64114830879604
}