{
    "best_epoch": 70,
    "best_val_performance": -0.0088647206624346,
    "val_performance_metric": "diff",
    "train_loss": 3.583735704421997,
    "initial_pref_do": 0.14857142857142858,
    "final_pref_do": 0.24,
    "best_pref_do": 0.24
}