{
    "best_epoch": 64,
    "best_val_performance": 4.406476709047954,
    "val_performance_metric": "diff",
    "train_loss": 2.6559839248657227,
    "initial_do_mean": -6.4143617615555275,
    "final_do_mean": -7.07188166994037,
    "best_do_mean": -6.972540898756548,
    "initial_pp_mean": -5.7392160574595135,
    "final_pp_mean": -5.4967458380593195,
    "best_pp_mean": -5.504344720310635
}