{
    "best_epoch": 63,
    "best_val_performance": 0.5426295646031694,
    "val_performance_metric": "diff",
    "train_loss": 1.95225989818573,
    "initial_pref_do": 0.08285714285714285,
    "final_pref_do": 0.054285714285714284,
    "best_pref_do": 0.047142857142857146
}