{
    "best_epoch": 27,
    "best_val_performance": 1.6495925601323442,
    "val_performance_metric": "diff",
    "train_loss": 2.1123125553131104,
    "initial_do_mean": -6.416223773089322,
    "final_do_mean": -5.672633275118741,
    "best_do_mean": -5.263160316871875,
    "initial_pp_mean": -5.738606574800279,
    "final_pp_mean": -5.062829576598274,
    "best_pp_mean": -4.688747133149041
}