{
    "best_epoch": 11,
    "best_val_performance": -0.07990292231241902,
    "val_performance_metric": "diff",
    "train_loss": 4.363266944885254,
    "initial_do_mean": -6.6585799318371395,
    "final_do_mean": -4.835286085533373,
    "best_do_mean": -5.139033690365878,
    "initial_pp_mean": -5.9166184425354,
    "final_pp_mean": -4.3240948332680595,
    "best_pp_mean": -4.39465647538503
}