{
    "best_epoch": 43,
    "best_val_performance": 0.20571086883544965,
    "val_performance_metric": "diff",
    "train_loss": 1.4958865642547607,
    "initial_dative_mean": -7.575126567430663,
    "final_dative_mean": -5.7803835161248145,
    "best_dative_mean": -5.425999829120803
}