{
    "best_epoch": 70,
    "best_val_performance": -0.23772152264912894,
    "val_performance_metric": "diff",
    "train_loss": 3.3319461345672607,
    "initial_do_mean": -7.636099728733995,
    "final_do_mean": -6.014904662966728,
    "best_do_mean": -6.014904662966728,
    "initial_pp_mean": -6.99336409148048,
    "final_pp_mean": -5.333761075664969,
    "best_pp_mean": -5.333761075664969
}