{
    "best_epoch": 17,
    "best_val_performance": -0.3664182472229003,
    "val_performance_metric": "diff",
    "train_loss": 2.801002264022827,
    "initial_do_mean": -6.664733681534276,
    "final_do_mean": -4.948184825434829,
    "best_do_mean": -5.260323611172763,
    "initial_pp_mean": -5.819618323114184,
    "final_pp_mean": -4.161680499712626,
    "best_pp_mean": -4.540130538410611
}