{
    "best_epoch": 70,
    "best_val_performance": -0.23259055932362926,
    "val_performance_metric": "diff",
    "train_loss": 3.686856985092163,
    "initial_dative_mean": -7.606816893781137,
    "final_dative_mean": -6.086004945269802,
    "best_dative_mean": -6.086004945269802
}