{
    "best_epoch": 69,
    "best_val_performance": 0.0010937309265139916,
    "val_performance_metric": "diff",
    "train_loss": 1.861990213394165,
    "initial_do_mean": -6.76955786040335,
    "final_do_mean": -5.180965783379294,
    "best_do_mean": -5.177146085103353,
    "initial_pp_mean": -6.101580675443014,
    "final_pp_mean": -4.452954236666361,
    "best_pp_mean": -4.450362518098619
}