{
    "best_epoch": 70,
    "best_val_performance": -0.5000110658009849,
    "val_performance_metric": "diff",
    "train_loss": 4.923862457275391,
    "initial_dative_mean": -7.57460477756478,
    "final_dative_mean": -7.194522723468424,
    "best_dative_mean": -7.194522723468424
}