{
    "best_epoch": 70,
    "best_val_performance": -0.19251794815063494,
    "val_performance_metric": "diff",
    "train_loss": 3.28054141998291,
    "initial_dative_mean": -7.288197003609953,
    "final_dative_mean": -5.436696322863562,
    "best_dative_mean": -5.436696322863562
}