{
    "best_epoch": 54,
    "best_val_performance": 1.5061501852671304,
    "val_performance_metric": "diff",
    "train_loss": 2.4732348918914795,
    "initial_do_mean": -6.674459685701312,
    "final_do_mean": -6.228891384240352,
    "best_do_mean": -5.83973282178243,
    "initial_pp_mean": -5.827861166000366,
    "final_pp_mean": -5.892224386003282,
    "best_pp_mean": -5.418197427855597
}