{
    "best_epoch": 17,
    "best_val_performance": 0.5955825169881184,
    "val_performance_metric": "diff",
    "train_loss": 2.9392426013946533,
    "initial_do_mean": -6.529310521212492,
    "final_do_mean": -7.020040344469475,
    "best_do_mean": -4.955996319741914,
    "initial_pp_mean": -5.895930213398404,
    "final_pp_mean": -5.675726967387729,
    "best_pp_mean": -4.347391075558132
}