{
    "best_epoch": 15,
    "best_val_performance": -0.02652472178141352,
    "val_performance_metric": "diff",
    "train_loss": 2.6103603839874268,
    "initial_pref_do": 0.14714285714285713,
    "final_pref_do": 0.03857142857142857,
    "best_pref_do": 0.09571428571428571
}