{
    "best_epoch": 52,
    "best_val_performance": 0.4975274626413988,
    "val_performance_metric": "diff",
    "train_loss": 0.7671071887016296,
    "initial_do_mean": -7.695031972125519,
    "final_do_mean": -6.484787852958191,
    "best_do_mean": -6.397935977855394,
    "initial_pp_mean": -7.296698651594274,
    "final_pp_mean": -5.664721346252104,
    "best_pp_mean": -5.606717166830512
}