{
    "best_epoch": 70,
    "best_val_performance": -0.567620237668355,
    "val_performance_metric": "diff",
    "train_loss": 6.0386199951171875,
    "initial_dative_mean": -7.283579833326284,
    "final_dative_mean": -6.929167749937514,
    "best_dative_mean": -6.929167749937514
}