{
    "best_epoch": 20,
    "best_val_performance": -0.0663418420155848,
    "val_performance_metric": "diff",
    "train_loss": 2.378758668899536,
    "initial_do_mean": -6.531691373478282,
    "final_do_mean": -4.770038585951834,
    "best_do_mean": -4.615742381413778,
    "initial_pp_mean": -5.896503228611416,
    "final_pp_mean": -4.111444224251641,
    "best_pp_mean": -3.864573115772671
}