{
    "best_epoch": 70,
    "best_val_performance": -0.30658942222595265,
    "val_performance_metric": "diff",
    "train_loss": 4.67073392868042,
    "initial_dative_mean": -7.288425255937186,
    "final_dative_mean": -5.701187970519763,
    "best_dative_mean": -5.701187970519763
}