{
    "best_epoch": 70,
    "best_val_performance": -0.5952561410268142,
    "val_performance_metric": "diff",
    "train_loss": 6.442816257476807,
    "initial_pref_do": 0.17714285714285713,
    "final_pref_do": 0.21428571428571427,
    "best_pref_do": 0.21428571428571427
}