{
    "best_epoch": 70,
    "best_val_performance": -0.24771440029144287,
    "val_performance_metric": "diff",
    "train_loss": 2.5671653747558594,
    "initial_pref_do": 0.14714285714285713,
    "final_pref_do": 0.24,
    "best_pref_do": 0.24
}