{
    "best_epoch": 70,
    "best_val_performance": 0.435131367047628,
    "val_performance_metric": "diff",
    "train_loss": 2.7416772842407227,
    "initial_do_mean": -6.660151438279585,
    "final_do_mean": -8.105044357704394,
    "best_do_mean": -8.105044357704394,
    "initial_pp_mean": -5.9185080846150715,
    "final_pp_mean": -8.144043180677626,
    "best_pp_mean": -8.144043180677626
}