{
    "best_epoch": 19,
    "best_val_performance": -0.06697079658508276,
    "val_performance_metric": "diff",
    "train_loss": 4.760162830352783,
    "initial_do_mean": -6.416172072381684,
    "final_do_mean": -4.98446958137281,
    "best_do_mean": -4.852963303074692,
    "initial_pp_mean": -5.740840270784166,
    "final_pp_mean": -4.508887696266174,
    "best_pp_mean": -4.329058816697862
}