{
    "best_epoch": 62,
    "best_val_performance": -0.45088233947753853,
    "val_performance_metric": "diff",
    "train_loss": 5.009893894195557,
    "initial_do_mean": -7.696429315694543,
    "final_do_mean": -6.286322555569715,
    "best_do_mean": -6.400031150773514,
    "initial_pp_mean": -7.1622126368915335,
    "final_pp_mean": -5.810378280807944,
    "best_pp_mean": -5.913536972158095
}