{
    "best_epoch": 70,
    "best_val_performance": -0.3713813241322832,
    "val_performance_metric": "diff",
    "train_loss": 6.786447048187256,
    "initial_dative_mean": -7.467386851533812,
    "final_dative_mean": -6.897276842803286,
    "best_dative_mean": -6.897276842803286
}