{
    "best_epoch": 29,
    "best_val_performance": 1.672836178143819,
    "val_performance_metric": "diff",
    "train_loss": 2.002995491027832,
    "initial_do_mean": -6.509628076264352,
    "final_do_mean": -5.658394703720555,
    "best_do_mean": -5.061060126622518,
    "initial_pp_mean": -5.87866444322798,
    "final_pp_mean": -5.25861299832662,
    "best_pp_mean": -4.8333043548795915
}