{
    "best_epoch": 23,
    "best_val_performance": -0.3938329839706416,
    "val_performance_metric": "diff",
    "train_loss": 2.9875009059906006,
    "initial_dative_mean": -7.6081499478273225,
    "final_dative_mean": -5.367921240845619,
    "best_dative_mean": -5.433688542124821
}