{
    "best_epoch": 37,
    "best_val_performance": 0.30285565217335986,
    "val_performance_metric": "diff",
    "train_loss": 2.0558736324310303,
    "initial_do_mean": -7.834290948718093,
    "final_do_mean": -7.2313414579907125,
    "best_do_mean": -6.143626547136972,
    "initial_pp_mean": -7.369483965284684,
    "final_pp_mean": -7.128850322260576,
    "best_pp_mean": -6.0897087945657615
}