{
    "best_epoch": 70,
    "best_val_performance": -0.3347755050659176,
    "val_performance_metric": "diff",
    "train_loss": 3.9236302375793457,
    "initial_do_mean": -6.531550352501147,
    "final_do_mean": -5.643901118365201,
    "best_do_mean": -5.643901118365201,
    "initial_pp_mean": -5.898186651865641,
    "final_pp_mean": -4.79371337890625,
    "best_pp_mean": -4.79371337890625
}