{
    "best_epoch": 18,
    "best_val_performance": 0.8859453153610231,
    "val_performance_metric": "diff",
    "train_loss": 2.3568267822265625,
    "initial_do_mean": -7.95594766874646,
    "final_do_mean": -8.205493943635808,
    "best_do_mean": -5.453441813934681,
    "initial_pp_mean": -7.529491655265583,
    "final_pp_mean": -5.5555492783294005,
    "best_pp_mean": -4.410092772806392
}