{
    "best_epoch": 70,
    "best_val_performance": -0.07485050042470309,
    "val_performance_metric": "diff",
    "train_loss": 4.457076072692871,
    "initial_do_mean": -7.958720434543698,
    "final_do_mean": -6.226469762103502,
    "best_do_mean": -6.226469762103502,
    "initial_pp_mean": -7.572959333307603,
    "final_pp_mean": -5.995365481516894,
    "best_pp_mean": -5.995365481516894
}