{
    "best_epoch": 70,
    "best_val_performance": -0.5422003189722693,
    "val_performance_metric": "diff",
    "train_loss": 5.8477983474731445,
    "initial_pref_do": 0.09714285714285714,
    "final_pref_do": 0.11714285714285715,
    "best_pref_do": 0.11714285714285715
}