{
    "best_epoch": 49,
    "best_val_performance": 1.733490694363911,
    "val_performance_metric": "diff",
    "train_loss": 1.7566659450531006,
    "initial_do_mean": -7.959622709557068,
    "final_do_mean": -6.618256449352863,
    "best_do_mean": -6.748424252451852,
    "initial_pp_mean": -7.574015422428356,
    "final_pp_mean": -5.800269632129108,
    "best_pp_mean": -5.865383654131609
}