{
    "best_epoch": 58,
    "best_val_performance": 4.631444555918375,
    "val_performance_metric": "diff",
    "train_loss": 1.851514220237732,
    "initial_dative_mean": -7.193768681489933,
    "final_dative_mean": -7.595690190792084,
    "best_dative_mean": -7.701068532920023
}