{
    "best_epoch": 70,
    "best_val_performance": 0.7469385210673023,
    "val_performance_metric": "diff",
    "train_loss": 1.082504391670227,
    "initial_do_mean": -7.6753951817057855,
    "final_do_mean": -8.377161782148272,
    "best_do_mean": -8.377161782148272,
    "initial_pp_mean": -7.07639064578449,
    "final_pp_mean": -7.448205876701018,
    "best_pp_mean": -7.448205876701018
}