{
    "best_epoch": 70,
    "best_val_performance": 0.7970343573888146,
    "val_performance_metric": "diff",
    "train_loss": 1.5546205043792725,
    "initial_pref_do": 0.18142857142857144,
    "final_pref_do": 0.10857142857142857,
    "best_pref_do": 0.10857142857142857
}