{
    "best_epoch": 70,
    "best_val_performance": 0.5461609808603924,
    "val_performance_metric": "diff",
    "train_loss": 1.2405309677124023,
    "initial_do_mean": -7.670528223348218,
    "final_do_mean": -6.956980062085528,
    "best_do_mean": -6.956980062085528,
    "initial_pp_mean": -7.070804516006919,
    "final_pp_mean": -5.9866229968912466,
    "best_pp_mean": -5.9866229968912466
}