{
    "best_epoch": 70,
    "best_val_performance": -0.46209455013275136,
    "val_performance_metric": "diff",
    "train_loss": 5.189565658569336,
    "initial_dative_mean": -7.287284770555663,
    "final_dative_mean": -6.766761651861738,
    "best_dative_mean": -6.766761651861738
}