{
    "best_epoch": 70,
    "best_val_performance": -0.5049192523956298,
    "val_performance_metric": "diff",
    "train_loss": 5.61121940612793,
    "initial_dative_mean": -7.57746541395522,
    "final_dative_mean": -7.317277803407078,
    "best_dative_mean": -7.317277803407078
}