{
    "best_epoch": 29,
    "best_val_performance": -0.053535475730895676,
    "val_performance_metric": "diff",
    "train_loss": 2.1319313049316406,
    "initial_pref_do": 0.09857142857142857,
    "final_pref_do": 0.07857142857142857,
    "best_pref_do": 0.12714285714285714
}