{
    "best_epoch": 70,
    "best_val_performance": -0.13942860444386884,
    "val_performance_metric": "diff",
    "train_loss": 3.6116137504577637,
    "initial_dative_mean": -7.197094860829805,
    "final_dative_mean": -5.355228080909852,
    "best_dative_mean": -5.355228080909852
}