{
    "best_epoch": 70,
    "best_val_performance": 0.38845685005188013,
    "val_performance_metric": "diff",
    "train_loss": 1.7271510362625122,
    "initial_dative_mean": -7.342427889157457,
    "final_dative_mean": -4.942889165111453,
    "best_dative_mean": -4.942889165111453
}