{
    "best_epoch": 70,
    "best_val_performance": 0.21968427340189667,
    "val_performance_metric": "diff",
    "train_loss": 1.4591655731201172,
    "initial_pref_do": 0.17857142857142858,
    "final_pref_do": 0.32142857142857145,
    "best_pref_do": 0.32142857142857145
}