{
    "best_epoch": 70,
    "best_val_performance": -0.4465380716323857,
    "val_performance_metric": "diff",
    "train_loss": 6.620415687561035,
    "initial_pref_do": 0.14714285714285713,
    "final_pref_do": 0.19428571428571428,
    "best_pref_do": 0.19428571428571428
}