{
    "best_epoch": 70,
    "best_val_performance": 0.13358378092447865,
    "val_performance_metric": "diff",
    "train_loss": 1.2154818773269653,
    "initial_pref_do": 0.18142857142857144,
    "final_pref_do": 0.037142857142857144,
    "best_pref_do": 0.037142857142857144
}