{
    "best_epoch": 70,
    "best_val_performance": 0.3148967425028477,
    "val_performance_metric": "diff",
    "train_loss": 1.6446406841278076,
    "initial_dative_mean": -7.191827773699287,
    "final_dative_mean": -5.1959247667538495,
    "best_dative_mean": -5.1959247667538495
}