{
    "best_epoch": 50,
    "best_val_performance": 3.8262953074773147,
    "val_performance_metric": "diff",
    "train_loss": 2.90010929107666,
    "initial_dative_mean": -7.463726877817634,
    "final_dative_mean": -7.897645553650214,
    "best_dative_mean": -8.462847873132828
}