{
    "best_epoch": 49,
    "best_val_performance": 1.0172994852066042,
    "val_performance_metric": "diff",
    "train_loss": 1.842772126197815,
    "initial_pref_do": 0.14857142857142858,
    "final_pref_do": 0.17142857142857143,
    "best_pref_do": 0.12428571428571429
}