{
    "best_epoch": 21,
    "best_val_performance": 0.3994258546829226,
    "val_performance_metric": "diff",
    "train_loss": 2.4526500701904297,
    "initial_pref_do": 0.14857142857142858,
    "final_pref_do": 0.08714285714285715,
    "best_pref_do": 0.09
}