{
    "best_epoch": 32,
    "best_val_performance": -0.03281494935353546,
    "val_performance_metric": "diff",
    "train_loss": 2.3098344802856445,
    "initial_pref_do": 0.15571428571428572,
    "final_pref_do": 0.05142857142857143,
    "best_pref_do": 0.04428571428571428
}