{
    "best_epoch": 33,
    "best_val_performance": 2.065487209955852,
    "val_performance_metric": "diff",
    "train_loss": 2.288409471511841,
    "initial_do_mean": -6.659197164304329,
    "final_do_mean": -5.93190682295597,
    "best_do_mean": -6.726363212412054,
    "initial_pp_mean": -5.9188510206010605,
    "final_pp_mean": -5.054625662167867,
    "best_pp_mean": -5.206310367584228
}