{
    "best_epoch": 19,
    "best_val_performance": -0.06655273278554219,
    "val_performance_metric": "diff",
    "train_loss": 2.680227518081665,
    "initial_do_mean": -7.70178283231203,
    "final_do_mean": -5.585041588475538,
    "best_do_mean": -5.211020081195721,
    "initial_pp_mean": -7.168930355941548,
    "final_pp_mean": -5.096503065263524,
    "best_pp_mean": -4.5686259262702045
}