{
    "best_epoch": 70,
    "best_val_performance": 0.3397416512171425,
    "val_performance_metric": "diff",
    "train_loss": 1.9231458902359009,
    "initial_do_mean": -6.506799031748916,
    "final_do_mean": -4.901853059999871,
    "best_do_mean": -4.901853059999871,
    "initial_pp_mean": -5.874472059143914,
    "final_pp_mean": -4.064264039198558,
    "best_pp_mean": -4.064264039198558
}