{
    "best_epoch": 70,
    "best_val_performance": 0.08283235549926804,
    "val_performance_metric": "diff",
    "train_loss": 1.6285791397094727,
    "initial_dative_mean": -7.261920240538859,
    "final_dative_mean": -5.4354161264603595,
    "best_dative_mean": -5.4354161264603595
}