{
    "best_epoch": 32,
    "best_val_performance": 0.312031750679016,
    "val_performance_metric": "diff",
    "train_loss": 2.223607301712036,
    "initial_pref_do": 0.18142857142857144,
    "final_pref_do": 0.3414285714285714,
    "best_pref_do": 0.2985714285714286
}