{
    "best_epoch": 52,
    "best_val_performance": 0.43211288134256964,
    "val_performance_metric": "diff",
    "train_loss": 2.340303897857666,
    "initial_do_mean": -7.594798845607181,
    "final_do_mean": -6.0726752471785215,
    "best_do_mean": -6.077176392771477,
    "initial_pp_mean": -7.1497755934210385,
    "final_pp_mean": -5.334478346039267,
    "best_pp_mean": -5.302133393287659
}