{
    "best_epoch": 24,
    "best_val_performance": 0.9206302452087405,
    "val_performance_metric": "diff",
    "train_loss": 1.7630300521850586,
    "initial_do_mean": -7.684949197741442,
    "final_do_mean": -6.68104622461075,
    "best_do_mean": -5.6714441585679385,
    "initial_pp_mean": -7.171669185862822,
    "final_pp_mean": -5.646055057820152,
    "best_pp_mean": -4.836088286077275
}