{
    "best_epoch": 70,
    "best_val_performance": -0.3922890440622968,
    "val_performance_metric": "diff",
    "train_loss": 3.203282594680786,
    "initial_dative_mean": -7.307316647984131,
    "final_dative_mean": -5.868627682415365,
    "best_dative_mean": -5.868627682415365
}