{
    "best_epoch": 70,
    "best_val_performance": -0.3475647465387981,
    "val_performance_metric": "diff",
    "train_loss": 4.596652507781982,
    "initial_do_mean": -7.704895338346792,
    "final_do_mean": -5.9334317140801005,
    "best_do_mean": -5.9334317140801005,
    "initial_pp_mean": -7.171949171318728,
    "final_pp_mean": -5.567557370662689,
    "best_pp_mean": -5.567557370662689
}