{
    "best_epoch": 70,
    "best_val_performance": -0.7034074417750045,
    "val_performance_metric": "diff",
    "train_loss": 5.823760032653809,
    "initial_pref_do": 0.12714285714285714,
    "final_pref_do": 0.12714285714285714,
    "best_pref_do": 0.12714285714285714
}