{
    "best_epoch": 62,
    "best_val_performance": 0.29061192194620755,
    "val_performance_metric": "diff",
    "train_loss": 1.8962211608886719,
    "initial_do_mean": -7.84156766187313,
    "final_do_mean": -5.892257445773413,
    "best_do_mean": -5.806017337496891,
    "initial_pp_mean": -7.37648698091507,
    "final_pp_mean": -4.676595388089909,
    "best_pp_mean": -4.600271662193186
}