{
    "best_epoch": 57,
    "best_val_performance": 0.4981749153137205,
    "val_performance_metric": "diff",
    "train_loss": 1.8593741655349731,
    "initial_do_mean": -6.556489604892152,
    "final_do_mean": -4.432465939088301,
    "best_do_mean": -4.479496872063839,
    "initial_pp_mean": -5.762819533877902,
    "final_pp_mean": -4.1085701068242395,
    "best_pp_mean": -4.13443681134118
}