{
    "best_epoch": 61,
    "best_val_performance": 0.3453772433598834,
    "val_performance_metric": "diff",
    "train_loss": 1.6616902351379395,
    "initial_pref_do": 0.1357142857142857,
    "final_pref_do": 0.06142857142857143,
    "best_pref_do": 0.06
}