{
    "best_epoch": 70,
    "best_val_performance": 2.6659091329574593,
    "val_performance_metric": "diff",
    "train_loss": 1.7612271308898926,
    "initial_do_mean": -7.668802300857943,
    "final_do_mean": -8.068382900468139,
    "best_do_mean": -8.068382900468139,
    "initial_pp_mean": -7.069833606832168,
    "final_pp_mean": -6.963887595779756,
    "best_pp_mean": -6.963887595779756
}