{
    "best_epoch": 70,
    "best_val_performance": 0.33177075544993073,
    "val_performance_metric": "diff",
    "train_loss": 1.986588478088379,
    "initial_dative_mean": -7.305957734584808,
    "final_dative_mean": -5.743545333195848,
    "best_dative_mean": -5.743545333195848
}