{
    "best_epoch": 57,
    "best_val_performance": 1.5727772140502942,
    "val_performance_metric": "diff",
    "train_loss": 2.3180787563323975,
    "initial_do_mean": -7.674322777709295,
    "final_do_mean": -10.71786975791288,
    "best_do_mean": -10.575156096802202,
    "initial_pp_mean": -7.074882634247051,
    "final_pp_mean": -10.00316660824944,
    "best_pp_mean": -9.83467423284755
}