{
    "best_epoch": 70,
    "best_val_performance": -0.057287391026815015,
    "val_performance_metric": "diff",
    "train_loss": 4.298773765563965,
    "initial_dative_mean": -7.6105575122331315,
    "final_dative_mean": -5.739861913591797,
    "best_dative_mean": -5.739861913591797
}