{
    "best_epoch": 30,
    "best_val_performance": -0.3838007752100623,
    "val_performance_metric": "diff",
    "train_loss": 5.838608741760254,
    "initial_do_mean": -6.744575049660423,
    "final_do_mean": -5.301966464880741,
    "best_do_mean": -5.886203364169959,
    "initial_pp_mean": -6.1258480045530534,
    "final_pp_mean": -4.876093014081319,
    "best_pp_mean": -5.306357558568319
}