{
    "best_epoch": 26,
    "best_val_performance": 2.214426398277282,
    "val_performance_metric": "diff",
    "train_loss": 2.910952568054199,
    "initial_do_mean": -6.656614487098925,
    "final_do_mean": -5.040295821970159,
    "best_do_mean": -4.969600074941462,
    "initial_pp_mean": -5.9165983438491825,
    "final_pp_mean": -4.608198036087884,
    "best_pp_mean": -4.56304526064131
}