{
    "best_epoch": 46,
    "best_val_performance": 0.16968554496765087,
    "val_performance_metric": "diff",
    "train_loss": 3.106562614440918,
    "initial_pref_do": 0.12714285714285714,
    "final_pref_do": 0.08428571428571428,
    "best_pref_do": 0.09285714285714286
}