{
    "best_epoch": 31,
    "best_val_performance": 0.04934917449951115,
    "val_performance_metric": "diff",
    "train_loss": 2.832367420196533,
    "initial_pref_do": 0.07714285714285714,
    "final_pref_do": 0.014285714285714285,
    "best_pref_do": 0.022857142857142857
}