{
    "best_epoch": 44,
    "best_val_performance": 1.2392504437764487,
    "val_performance_metric": "diff",
    "train_loss": 2.0583133697509766,
    "initial_dative_mean": -7.341970464290931,
    "final_dative_mean": -6.379566404380296,
    "best_dative_mean": -6.502067178836342
}