{
    "best_epoch": 70,
    "best_val_performance": 0.12356278737386095,
    "val_performance_metric": "diff",
    "train_loss": 1.1426620483398438,
    "initial_do_mean": -6.658494239864927,
    "final_do_mean": -5.494194209936893,
    "best_do_mean": -5.494194209936893,
    "initial_pp_mean": -5.917932931582133,
    "final_pp_mean": -4.63257614241706,
    "best_pp_mean": -4.63257614241706
}