{
    "best_epoch": 26,
    "best_val_performance": 0.0554786062240602,
    "val_performance_metric": "diff",
    "train_loss": 3.6797099113464355,
    "initial_do_mean": -7.688223236522009,
    "final_do_mean": -5.0919079454832294,
    "best_do_mean": -5.249947748558466,
    "initial_pp_mean": -7.174044709345874,
    "final_pp_mean": -4.943726717023289,
    "best_pp_mean": -4.944602082406774
}