{
    "best_epoch": 23,
    "best_val_performance": 0.22027636528015204,
    "val_performance_metric": "diff",
    "train_loss": 2.0215625762939453,
    "initial_dative_mean": -7.608993347625287,
    "final_dative_mean": -5.434465374514374,
    "best_dative_mean": -4.808342680945034
}