{
    "best_epoch": 70,
    "best_val_performance": -0.23110343456268367,
    "val_performance_metric": "diff",
    "train_loss": 3.4819884300231934,
    "initial_pref_do": 0.15571428571428572,
    "final_pref_do": 0.18857142857142858,
    "best_pref_do": 0.18857142857142858
}