{
    "best_epoch": 42,
    "best_val_performance": 0.45182699362436907,
    "val_performance_metric": "diff",
    "train_loss": 2.9621803760528564,
    "initial_do_mean": -6.543120790250374,
    "final_do_mean": -5.537584127079357,
    "best_do_mean": -5.268324850544785,
    "initial_pp_mean": -5.896333938174777,
    "final_pp_mean": -4.670776857270135,
    "best_pp_mean": -4.403057339456346
}