{
    "best_epoch": 70,
    "best_val_performance": -0.1041955629984539,
    "val_performance_metric": "diff",
    "train_loss": 3.6743717193603516,
    "initial_do_mean": -7.669882077810376,
    "final_do_mean": -6.179921137732129,
    "best_do_mean": -6.179921137732129,
    "initial_pp_mean": -7.0701163852916045,
    "final_pp_mean": -5.342962675234851,
    "best_pp_mean": -5.342962675234851
}