{
    "best_epoch": 70,
    "best_val_performance": 0.06849159240722713,
    "val_performance_metric": "diff",
    "train_loss": 2.7208988666534424,
    "initial_pref_do": 0.14714285714285713,
    "final_pref_do": 0.014285714285714285,
    "best_pref_do": 0.014285714285714285
}