{
    "best_epoch": 32,
    "best_val_performance": 1.7025853713353474,
    "val_performance_metric": "diff",
    "train_loss": 1.7130818367004395,
    "initial_do_mean": -6.656723057140003,
    "final_do_mean": -5.662797844048702,
    "best_do_mean": -5.395575429453994,
    "initial_pp_mean": -5.914391138818529,
    "final_pp_mean": -4.649758897887336,
    "best_pp_mean": -4.286145117547777
}