{
    "best_epoch": 38,
    "best_val_performance": -0.18176032066345194,
    "val_performance_metric": "diff",
    "train_loss": 4.338899612426758,
    "initial_do_mean": -6.636683328223951,
    "final_do_mean": -5.053225734017112,
    "best_do_mean": -5.287505136836659,
    "initial_pp_mean": -5.78510782983568,
    "final_pp_mean": -4.388324676619636,
    "best_pp_mean": -4.569737519158258
}