{
    "best_epoch": 25,
    "best_val_performance": 0.04585187594095874,
    "val_performance_metric": "diff",
    "train_loss": 2.5636446475982666,
    "initial_pref_do": 0.09714285714285714,
    "final_pref_do": 0.1,
    "best_pref_do": 0.1357142857142857
}