{
    "best_epoch": 70,
    "best_val_performance": -0.4724857759475709,
    "val_performance_metric": "diff",
    "train_loss": 6.151702404022217,
    "initial_pref_do": 0.08285714285714285,
    "final_pref_do": 0.08428571428571428,
    "best_pref_do": 0.08428571428571428
}