{
    "best_epoch": 25,
    "best_val_performance": -0.18401859760284456,
    "val_performance_metric": "diff",
    "train_loss": 2.4336776733398438,
    "initial_dative_mean": -7.199796875317891,
    "final_dative_mean": -5.250981199636794,
    "best_dative_mean": -5.117269310860606
}