{
    "best_epoch": 15,
    "best_val_performance": -0.08293253262837741,
    "val_performance_metric": "diff",
    "train_loss": 2.880995035171509,
    "initial_do_mean": -7.687543348517528,
    "final_do_mean": -5.556284676804099,
    "best_do_mean": -5.397800991008448,
    "initial_pp_mean": -7.174996019812191,
    "final_pp_mean": -5.289408837697085,
    "best_pp_mean": -4.947341963122873
}