{
    "best_epoch": 32,
    "best_val_performance": 0.47278043429056815,
    "val_performance_metric": "diff",
    "train_loss": 2.5774996280670166,
    "initial_do_mean": -7.675403754378474,
    "final_do_mean": -5.65050791377245,
    "best_do_mean": -5.646490913490917,
    "initial_pp_mean": -7.076651406288147,
    "final_pp_mean": -4.813620325747658,
    "best_pp_mean": -4.696379236964619
}