{
    "best_epoch": 27,
    "best_val_performance": 1.2288776540756228,
    "val_performance_metric": "diff",
    "train_loss": 2.2595157623291016,
    "initial_do_mean": -7.6933882499850075,
    "final_do_mean": -6.2471351186896475,
    "best_do_mean": -5.719118024720702,
    "initial_pp_mean": -7.295405371048871,
    "final_pp_mean": -5.191226807061364,
    "best_pp_mean": -4.752133052839953
}