{
    "best_epoch": 37,
    "best_val_performance": 1.5454962444305425,
    "val_performance_metric": "diff",
    "train_loss": 2.767197370529175,
    "initial_do_mean": -7.691039579552274,
    "final_do_mean": -6.626156273969384,
    "best_do_mean": -6.201060097924499,
    "initial_pp_mean": -7.254697553550495,
    "final_pp_mean": -6.085987492869882,
    "best_pp_mean": -5.585933543654049
}