{
    "best_epoch": 39,
    "best_val_performance": 2.255291533470154,
    "val_performance_metric": "diff",
    "train_loss": 2.429015636444092,
    "initial_do_mean": -6.548027990803574,
    "final_do_mean": -5.893595935359146,
    "best_do_mean": -5.131765932025331,
    "initial_pp_mean": -5.900862691137526,
    "final_pp_mean": -5.1650699536005655,
    "best_pp_mean": -4.57595185968611
}