{
    "best_epoch": 23,
    "best_val_performance": 1.2086803706487022,
    "val_performance_metric": "diff",
    "train_loss": 2.032832145690918,
    "initial_do_mean": -7.962440070024757,
    "final_do_mean": -7.3947335256393565,
    "best_do_mean": -6.864400722952777,
    "initial_pp_mean": -7.576847634595983,
    "final_pp_mean": -6.890403249333887,
    "best_pp_mean": -6.1621763180283935
}