{
    "best_epoch": 50,
    "best_val_performance": 2.8163195196787516,
    "val_performance_metric": "diff",
    "train_loss": 1.8521286249160767,
    "initial_pref_do": 0.15714285714285714,
    "final_pref_do": 0.07,
    "best_pref_do": 0.06857142857142857
}