{
    "best_epoch": 10,
    "best_val_performance": 0.6558067846298226,
    "val_performance_metric": "diff",
    "train_loss": 3.7354648113250732,
    "initial_do_mean": -7.843289023221925,
    "final_do_mean": -7.727838898467463,
    "best_do_mean": -5.672632311665734,
    "initial_pp_mean": -7.377925167364233,
    "final_pp_mean": -7.47690821219893,
    "best_pp_mean": -5.0453033275464
}