{
    "best_epoch": 70,
    "best_val_performance": -0.5831243340174357,
    "val_performance_metric": "diff",
    "train_loss": 6.441702365875244,
    "initial_pref_do": 0.17714285714285713,
    "final_pref_do": 0.18285714285714286,
    "best_pref_do": 0.18285714285714286
}