{
    "best_epoch": 23,
    "best_val_performance": -0.1773017501831058,
    "val_performance_metric": "diff",
    "train_loss": 3.2502121925354004,
    "initial_dative_mean": -7.308506580821255,
    "final_dative_mean": -5.4358918649411345,
    "best_dative_mean": -5.365755490740837
}