{
    "best_epoch": 11,
    "best_val_performance": -0.20516000906626441,
    "val_performance_metric": "diff",
    "train_loss": 4.631799697875977,
    "initial_do_mean": -7.687558239975641,
    "final_do_mean": -6.100669675095137,
    "best_do_mean": -6.366845884295397,
    "initial_pp_mean": -7.252696669101715,
    "final_pp_mean": -5.040111020733328,
    "best_pp_mean": -5.622721867000355
}