{
    "best_epoch": 70,
    "best_val_performance": -0.10087226708730057,
    "val_performance_metric": "diff",
    "train_loss": 4.403335094451904,
    "initial_do_mean": -6.770413618376761,
    "final_do_mean": -5.429026223673965,
    "best_do_mean": -5.429026223673965,
    "initial_pp_mean": -6.102428560786777,
    "final_pp_mean": -4.83172365559472,
    "best_pp_mean": -4.83172365559472
}