{
    "best_epoch": 70,
    "best_val_performance": -0.2445798333485918,
    "val_performance_metric": "diff",
    "train_loss": 4.755463123321533,
    "initial_do_mean": -7.9591916002506435,
    "final_do_mean": -5.968192796374476,
    "best_do_mean": -5.968192796374476,
    "initial_pp_mean": -7.531948780312257,
    "final_pp_mean": -5.654063990887473,
    "best_pp_mean": -5.654063990887473
}