{
    "best_epoch": 26,
    "best_val_performance": 0.13279166698455747,
    "val_performance_metric": "diff",
    "train_loss": 2.397216796875,
    "initial_dative_mean": -7.343855097279911,
    "final_dative_mean": -5.701377145902455,
    "best_dative_mean": -5.366848358111075
}