{
    "best_epoch": 70,
    "best_val_performance": -0.6313657029469804,
    "val_performance_metric": "diff",
    "train_loss": 6.726224422454834,
    "initial_pref_do": 0.15714285714285714,
    "final_pref_do": 0.15714285714285714,
    "best_pref_do": 0.15714285714285714
}