{
    "best_epoch": 17,
    "best_val_performance": 0.014989056587219274,
    "val_performance_metric": "diff",
    "train_loss": 3.9436490535736084,
    "initial_do_mean": -7.675051449343216,
    "final_do_mean": -5.62216803674088,
    "best_do_mean": -5.900802443193835,
    "initial_pp_mean": -7.077342421868268,
    "final_pp_mean": -4.599203922117458,
    "best_pp_mean": -5.109083433361614
}