{
    "best_epoch": 70,
    "best_val_performance": -0.01997712294260623,
    "val_performance_metric": "diff",
    "train_loss": 3.91015887260437,
    "initial_do_mean": -7.838299397119256,
    "final_do_mean": -5.79751414233862,
    "best_do_mean": -5.79751414233862,
    "initial_pp_mean": -7.372927737937254,
    "final_pp_mean": -5.334484202370924,
    "best_pp_mean": -5.334484202370924
}