{
    "best_epoch": 70,
    "best_val_performance": 0.04904998461405441,
    "val_performance_metric": "diff",
    "train_loss": 2.2916061878204346,
    "initial_pref_do": 0.07714285714285714,
    "final_pref_do": 0.14714285714285713,
    "best_pref_do": 0.14714285714285713
}