{
    "best_epoch": 27,
    "best_val_performance": 0.04716657956441317,
    "val_performance_metric": "diff",
    "train_loss": 2.141806125640869,
    "initial_do_mean": -7.6909150051516155,
    "final_do_mean": -6.509794518698094,
    "best_do_mean": -5.918708143539207,
    "initial_pp_mean": -7.255189455256742,
    "final_pp_mean": -5.605478470816331,
    "best_pp_mean": -5.02305208234226
}