{
    "best_epoch": 32,
    "best_val_performance": 0.17664484500885003,
    "val_performance_metric": "diff",
    "train_loss": 3.0750656127929688,
    "initial_do_mean": -7.959123123523801,
    "final_do_mean": -5.63466585098311,
    "best_do_mean": -5.485295015365579,
    "initial_pp_mean": -7.532303639720468,
    "final_pp_mean": -4.878986544819439,
    "best_pp_mean": -4.7306335217812485
}