{
    "best_epoch": 65,
    "best_val_performance": 3.4161702982584643,
    "val_performance_metric": "diff",
    "train_loss": 1.6905860900878906,
    "initial_pref_do": 0.09714285714285714,
    "final_pref_do": 0.08,
    "best_pref_do": 0.08
}