{
    "best_epoch": 38,
    "best_val_performance": 0.5403163210550943,
    "val_performance_metric": "diff",
    "train_loss": 2.229853630065918,
    "initial_pref_do": 0.18142857142857144,
    "final_pref_do": 0.2714285714285714,
    "best_pref_do": 0.38571428571428573
}