{
    "best_epoch": 70,
    "best_val_performance": -0.26709894180297855,
    "val_performance_metric": "diff",
    "train_loss": 3.215907335281372,
    "initial_pref_do": 0.08285714285714285,
    "final_pref_do": 0.14857142857142858,
    "best_pref_do": 0.14857142857142858
}