{
    "best_epoch": 63,
    "best_val_performance": -0.26580900828043674,
    "val_performance_metric": "diff",
    "train_loss": 4.190915584564209,
    "initial_do_mean": -7.691272437572479,
    "final_do_mean": -6.462050848922064,
    "best_do_mean": -6.5358959859193755,
    "initial_pp_mean": -7.177434417079477,
    "final_pp_mean": -5.917979602603351,
    "best_pp_mean": -5.975108405772377
}