{
    "best_epoch": 70,
    "best_val_performance": -0.013702669143676793,
    "val_performance_metric": "diff",
    "train_loss": 3.441305160522461,
    "initial_dative_mean": -7.342438128608012,
    "final_dative_mean": -5.662403742646613,
    "best_dative_mean": -5.662403742646613
}