{
    "best_epoch": 70,
    "best_val_performance": 0.0009544054667154356,
    "val_performance_metric": "diff",
    "train_loss": 4.017237186431885,
    "initial_do_mean": -7.695646296406901,
    "final_do_mean": -5.850350798909054,
    "best_do_mean": -5.850350798909054,
    "initial_pp_mean": -7.296979229590472,
    "final_pp_mean": -5.201777925561456,
    "best_pp_mean": -5.201777925561456
}