{
    "best_epoch": 64,
    "best_val_performance": 0.23921489556630426,
    "val_performance_metric": "diff",
    "train_loss": 2.882077693939209,
    "initial_do_mean": -6.551580180543842,
    "final_do_mean": -4.602272392041756,
    "best_do_mean": -4.588661334008881,
    "initial_pp_mean": -5.904798290464613,
    "final_pp_mean": -4.067855175336202,
    "best_pp_mean": -4.047787197430929
}