{
    "best_epoch": 24,
    "best_val_performance": -0.013948453267415672,
    "val_performance_metric": "diff",
    "train_loss": 2.0891506671905518,
    "initial_do_mean": -6.668659036809748,
    "final_do_mean": -5.018847481409709,
    "best_do_mean": -4.622553846330353,
    "initial_pp_mean": -5.8221163087421,
    "final_pp_mean": -4.269891232914395,
    "best_pp_mean": -3.871108799510532
}