{
    "best_epoch": 19,
    "best_val_performance": 0.042408615748088074,
    "val_performance_metric": "diff",
    "train_loss": 3.044677257537842,
    "initial_do_mean": -6.745212671973489,
    "final_do_mean": -4.982386658408425,
    "best_do_mean": -4.659402815500895,
    "initial_pp_mean": -6.125264700253805,
    "final_pp_mean": -4.590906461079915,
    "best_pp_mean": -4.1704900158776175
}