{
    "best_epoch": 70,
    "best_val_performance": 0.23922091166178383,
    "val_performance_metric": "diff",
    "train_loss": 3.1599698066711426,
    "initial_dative_mean": -7.196045126482757,
    "final_dative_mean": -5.658895407503809,
    "best_dative_mean": -5.658895407503809
}