{
    "best_epoch": 70,
    "best_val_performance": -0.11426170190175444,
    "val_performance_metric": "diff",
    "train_loss": 3.900369167327881,
    "initial_do_mean": -7.953989885574163,
    "final_do_mean": -5.870943393818168,
    "best_do_mean": -5.870943393818168,
    "initial_pp_mean": -7.5292765287791985,
    "final_pp_mean": -5.452525521376554,
    "best_pp_mean": -5.452525521376554
}