{
    "best_epoch": 59,
    "best_val_performance": 0.2850754547119134,
    "val_performance_metric": "diff",
    "train_loss": 1.8865113258361816,
    "initial_do_mean": -6.554871449326024,
    "final_do_mean": -4.903465737718524,
    "best_do_mean": -4.776474272121082,
    "initial_pp_mean": -5.7606048583984375,
    "final_pp_mean": -4.394029707378811,
    "best_pp_mean": -4.297636665238274
}