{
    "best_epoch": 70,
    "best_val_performance": -0.11120914459228537,
    "val_performance_metric": "diff",
    "train_loss": 3.7062911987304688,
    "initial_pref_do": 0.17714285714285713,
    "final_pref_do": 0.36,
    "best_pref_do": 0.36
}