{
    "best_epoch": 70,
    "best_val_performance": 1.6468459145228076,
    "val_performance_metric": "diff",
    "train_loss": 1.6493443250656128,
    "initial_pref_do": 0.14857142857142858,
    "final_pref_do": 0.36428571428571427,
    "best_pref_do": 0.36428571428571427
}