{
    "best_epoch": 19,
    "best_val_performance": 0.5287463299433393,
    "val_performance_metric": "diff",
    "train_loss": 2.724860429763794,
    "initial_do_mean": -7.701837252738864,
    "final_do_mean": -7.5315931217614995,
    "best_do_mean": -6.569926914087562,
    "initial_pp_mean": -7.169362383730271,
    "final_pp_mean": -6.360643638933406,
    "best_pp_mean": -5.537366249982049
}