{
    "best_epoch": 47,
    "best_val_performance": 0.3134108797709141,
    "val_performance_metric": "diff",
    "train_loss": 2.9163835048675537,
    "initial_do_mean": -7.839836621700331,
    "final_do_mean": -5.697267032986463,
    "best_do_mean": -5.371784389365551,
    "initial_pp_mean": -7.375369018666884,
    "final_pp_mean": -4.855033442903967,
    "best_pp_mean": -4.599563089188408
}