{
    "best_epoch": 52,
    "best_val_performance": 1.8497638241449987,
    "val_performance_metric": "diff",
    "train_loss": 2.0754234790802,
    "initial_do_mean": -7.6876957950203915,
    "final_do_mean": -7.5612826212201005,
    "best_do_mean": -7.367127441389616,
    "initial_pp_mean": -7.173574167840621,
    "final_pp_mean": -6.857288945773068,
    "best_pp_mean": -6.523001674694173
}