{
    "best_epoch": 70,
    "best_val_performance": -0.16401682058970124,
    "val_performance_metric": "diff",
    "train_loss": 3.933500289916992,
    "initial_do_mean": -7.63232234605523,
    "final_do_mean": -5.663565440233364,
    "best_do_mean": -5.663565440233364,
    "initial_pp_mean": -6.989686957527609,
    "final_pp_mean": -5.234165424459121,
    "best_pp_mean": -5.234165424459121
}