{
    "best_epoch": 70,
    "best_val_performance": 1.6839951483408608,
    "val_performance_metric": "diff",
    "train_loss": 1.8171088695526123,
    "initial_dative_mean": -7.310123082838561,
    "final_dative_mean": -6.585578560480598,
    "best_dative_mean": -6.585578560480598
}