{
    "best_epoch": 36,
    "best_val_performance": -0.24638566335042356,
    "val_performance_metric": "diff",
    "train_loss": 2.6350834369659424,
    "initial_pref_do": 0.18142857142857144,
    "final_pref_do": 0.1742857142857143,
    "best_pref_do": 0.19428571428571428
}