{
    "best_epoch": 11,
    "best_val_performance": -0.12821474870045968,
    "val_performance_metric": "diff",
    "train_loss": 4.159516334533691,
    "initial_do_mean": -7.695229321718216,
    "final_do_mean": -5.799938658642215,
    "best_do_mean": -6.308531038289846,
    "initial_pp_mean": -7.296915437894709,
    "final_pp_mean": -5.002161961092669,
    "best_pp_mean": -5.683510796813404
}