{
    "best_epoch": 25,
    "best_val_performance": 0.17288246790567996,
    "val_performance_metric": "diff",
    "train_loss": 2.177492618560791,
    "initial_pref_do": 0.15714285714285714,
    "final_pref_do": 0.08428571428571428,
    "best_pref_do": 0.10714285714285714
}