{
    "best_epoch": 70,
    "best_val_performance": -0.0030921077728267576,
    "val_performance_metric": "diff",
    "train_loss": 1.4624805450439453,
    "initial_dative_mean": -7.192961984210545,
    "final_dative_mean": -5.821067641004484,
    "best_dative_mean": -5.821067641004484
}