{
    "best_epoch": 39,
    "best_val_performance": 1.7801723655064894,
    "val_performance_metric": "diff",
    "train_loss": 1.8575459718704224,
    "initial_pref_do": 0.09714285714285714,
    "final_pref_do": 0.15142857142857144,
    "best_pref_do": 0.10714285714285714
}