{
    "best_epoch": 66,
    "best_val_performance": 0.4179401095708215,
    "val_performance_metric": "diff",
    "train_loss": 1.7274469137191772,
    "initial_do_mean": -6.7685172976869525,
    "final_do_mean": -4.925414134516861,
    "best_do_mean": -4.946252932693019,
    "initial_pp_mean": -6.101196257273356,
    "final_pp_mean": -4.30907141632504,
    "best_pp_mean": -4.3073536925845675
}