{
    "best_epoch": 7,
    "best_val_performance": -0.27828121980031284,
    "val_performance_metric": "diff",
    "train_loss": 4.593630313873291,
    "initial_do_mean": -6.531105402744178,
    "final_do_mean": -5.7850525856018065,
    "best_do_mean": -5.8999081712780574,
    "initial_pp_mean": -5.89801783296797,
    "final_pp_mean": -5.111181285646227,
    "best_pp_mean": -5.265295147895813
}