{
    "best_epoch": 22,
    "best_val_performance": 0.049190045992533626,
    "val_performance_metric": "diff",
    "train_loss": 3.6754298210144043,
    "initial_do_mean": -6.421839625907666,
    "final_do_mean": -5.516091462337609,
    "best_do_mean": -5.33895465966427,
    "initial_pp_mean": -5.7456621090571085,
    "final_pp_mean": -4.690407249662611,
    "best_pp_mean": -4.54799071682824
}