{
    "best_epoch": 53,
    "best_val_performance": 0.6764503161112474,
    "val_performance_metric": "diff",
    "train_loss": 1.2572489976882935,
    "initial_do_mean": -6.53595812103965,
    "final_do_mean": -4.52482456293973,
    "best_do_mean": -4.440458802020911,
    "initial_pp_mean": -5.903339804543389,
    "final_pp_mean": -3.9536074611875747,
    "best_pp_mean": -3.8491662290361193
}