{
    "best_epoch": 50,
    "best_val_performance": 3.646114047368366,
    "val_performance_metric": "diff",
    "train_loss": 2.780259132385254,
    "initial_do_mean": -7.689099691634954,
    "final_do_mean": -8.121155648037444,
    "best_do_mean": -7.585774265056433,
    "initial_pp_mean": -7.253104979150436,
    "final_pp_mean": -7.207175686780144,
    "best_pp_mean": -6.626366327440038
}