{
    "best_epoch": 53,
    "best_val_performance": 2.0765019448598228,
    "val_performance_metric": "diff",
    "train_loss": 1.022544026374817,
    "initial_do_mean": -7.699550336876581,
    "final_do_mean": -8.478239477373833,
    "best_do_mean": -8.300522348215413,
    "initial_pp_mean": -7.165648409198313,
    "final_pp_mean": -7.679299353501376,
    "best_pp_mean": -7.484904264001285
}