{
    "best_epoch": 26,
    "best_val_performance": 1.324120680491129,
    "val_performance_metric": "diff",
    "train_loss": 1.9244384765625,
    "initial_dative_mean": -7.285440729724036,
    "final_dative_mean": -6.294354605744457,
    "best_dative_mean": -5.823766378108521
}