{
    "best_epoch": 70,
    "best_val_performance": -0.1918057918548577,
    "val_performance_metric": "diff",
    "train_loss": 4.278542518615723,
    "initial_pref_do": 0.12714285714285714,
    "final_pref_do": 0.08,
    "best_pref_do": 0.08
}