{
    "best_epoch": 34,
    "best_val_performance": 1.724383762677511,
    "val_performance_metric": "diff",
    "train_loss": 1.70637047290802,
    "initial_pref_do": 0.15571428571428572,
    "final_pref_do": 0.015714285714285715,
    "best_pref_do": 0.002857142857142857
}