{
    "best_epoch": 70,
    "best_val_performance": 0.29664327621460007,
    "val_performance_metric": "diff",
    "train_loss": 2.6365911960601807,
    "initial_dative_mean": -7.261606201093796,
    "final_dative_mean": -5.729297876532315,
    "best_dative_mean": -5.729297876532315
}