{
    "best_epoch": 70,
    "best_val_performance": -0.5090097395579019,
    "val_performance_metric": "diff",
    "train_loss": 6.3930277824401855,
    "initial_dative_mean": -7.193449549159111,
    "final_dative_mean": -6.763690870407729,
    "best_dative_mean": -6.763690870407729
}