{
    "best_epoch": 70,
    "best_val_performance": 7.118701934860638e-05,
    "val_performance_metric": "diff",
    "train_loss": 1.6336778402328491,
    "initial_do_mean": -7.960824136124101,
    "final_do_mean": -6.202102505883505,
    "best_do_mean": -6.202102505883505,
    "initial_pp_mean": -7.574723337678348,
    "final_pp_mean": -5.680290186405182,
    "best_pp_mean": -5.680290186405182
}