{
    "best_epoch": 70,
    "best_val_performance": -0.1944654194513955,
    "val_performance_metric": "diff",
    "train_loss": 4.572142601013184,
    "initial_dative_mean": -7.576846702405584,
    "final_dative_mean": -6.08052005579597,
    "best_dative_mean": -6.08052005579597
}