{
    "best_epoch": 70,
    "best_val_performance": -0.39467903614044175,
    "val_performance_metric": "diff",
    "train_loss": 3.833906412124634,
    "initial_pref_do": 0.08285714285714285,
    "final_pref_do": 0.15142857142857144,
    "best_pref_do": 0.15142857142857144
}