{
    "best_epoch": 18,
    "best_val_performance": 0.0586508369445804,
    "val_performance_metric": "diff",
    "train_loss": 3.872657537460327,
    "initial_do_mean": -6.654581723068699,
    "final_do_mean": -4.981565041975542,
    "best_do_mean": -4.535572885744499,
    "initial_pp_mean": -5.911299000846015,
    "final_pp_mean": -4.155834648344252,
    "best_pp_mean": -3.7586420165167915
}