{
    "best_epoch": 10,
    "best_val_performance": 0.012419077555338554,
    "val_performance_metric": "diff",
    "train_loss": 3.238646984100342,
    "initial_pref_do": 0.08428571428571428,
    "final_pref_do": 0.31142857142857144,
    "best_pref_do": 0.24285714285714285
}