{
    "best_epoch": 70,
    "best_val_performance": -0.20202705701192158,
    "val_performance_metric": "diff",
    "train_loss": 1.7518607378005981,
    "initial_pref_do": 0.1357142857142857,
    "final_pref_do": 0.09571428571428571,
    "best_pref_do": 0.09571428571428571
}