{
    "best_epoch": 70,
    "best_val_performance": -0.5743168258666991,
    "val_performance_metric": "diff",
    "train_loss": 5.60554838180542,
    "initial_dative_mean": -7.259512960213667,
    "final_dative_mean": -7.074695182474036,
    "best_dative_mean": -7.074695182474036
}