{
    "best_epoch": 12,
    "best_val_performance": -0.21130526542663564,
    "val_performance_metric": "diff",
    "train_loss": 4.209683895111084,
    "initial_pref_do": 0.12714285714285714,
    "final_pref_do": 0.22285714285714286,
    "best_pref_do": 0.2042857142857143
}