{
    "best_epoch": 70,
    "best_val_performance": 0.11199220339457128,
    "val_performance_metric": "diff",
    "train_loss": 2.2327654361724854,
    "initial_dative_mean": -7.609382265492489,
    "final_dative_mean": -4.968877592281989,
    "best_dative_mean": -4.968877592281989
}