{
    "best_epoch": 47,
    "best_val_performance": 0.2934414609273279,
    "val_performance_metric": "diff",
    "train_loss": 2.055309772491455,
    "initial_do_mean": -7.638309633315996,
    "final_do_mean": -6.134981242376704,
    "best_do_mean": -6.215213847021724,
    "initial_pp_mean": -6.994802912543801,
    "final_pp_mean": -5.628450688193826,
    "best_pp_mean": -5.708076091724283
}