{
    "best_epoch": 70,
    "best_val_performance": 0.4545261859893799,
    "val_performance_metric": "diff",
    "train_loss": 1.7555850744247437,
    "initial_dative_mean": -7.191806695963207,
    "final_dative_mean": -5.347107239808255,
    "best_dative_mean": -5.347107239808255
}