{
    "best_epoch": 39,
    "best_val_performance": 0.09858652591705308,
    "val_performance_metric": "diff",
    "train_loss": 1.791250228881836,
    "initial_do_mean": -6.656765062158758,
    "final_do_mean": -5.218745964223689,
    "best_do_mean": -5.043650122844812,
    "initial_pp_mean": -5.915779550870259,
    "final_pp_mean": -4.8129770994186405,
    "best_pp_mean": -4.582864064640469
}