{
    "best_epoch": 9,
    "best_val_performance": 0.3042050870259603,
    "val_performance_metric": "diff",
    "train_loss": 2.7719197273254395,
    "initial_pref_do": 0.1357142857142857,
    "final_pref_do": 0.10571428571428572,
    "best_pref_do": 0.06571428571428571
}