{
    "best_epoch": 8,
    "best_val_performance": 0.40130341053009033,
    "val_performance_metric": "diff",
    "train_loss": 2.8330039978027344,
    "initial_do_mean": -7.6897078801033105,
    "final_do_mean": -6.4871511480142905,
    "best_do_mean": -5.19738291862399,
    "initial_pp_mean": -7.176579592508428,
    "final_pp_mean": -5.453014745081172,
    "best_pp_mean": -4.296907776243547
}