{
    "best_epoch": 35,
    "best_val_performance": -0.002881905237833493,
    "val_performance_metric": "diff",
    "train_loss": 2.7332284450531006,
    "initial_dative_mean": -7.4618664857936885,
    "final_dative_mean": -5.421880132622189,
    "best_dative_mean": -5.432144858509476
}