{
    "best_epoch": 4,
    "best_val_performance": 0.047253791491190356,
    "val_performance_metric": "diff",
    "train_loss": 4.382722854614258,
    "initial_do_mean": -7.67306035964988,
    "final_do_mean": -7.221144078429355,
    "best_do_mean": -5.541672266153402,
    "initial_pp_mean": -7.074119091735167,
    "final_pp_mean": -6.636667366939433,
    "best_pp_mean": -5.07080629012164
}