{
    "best_epoch": 37,
    "best_val_performance": 3.422032340367636,
    "val_performance_metric": "diff",
    "train_loss": 2.9494431018829346,
    "initial_do_mean": -7.691039579552274,
    "final_do_mean": -7.6141217108382735,
    "best_do_mean": -6.751693250828011,
    "initial_pp_mean": -7.254697553550495,
    "final_pp_mean": -7.561238577786614,
    "best_pp_mean": -6.5873641525997835
}