{
    "best_epoch": 64,
    "best_val_performance": -0.13199661413828512,
    "val_performance_metric": "diff",
    "train_loss": 2.3428399562835693,
    "initial_pref_do": 0.10142857142857142,
    "final_pref_do": 0.06428571428571428,
    "best_pref_do": 0.06
}