{
    "best_epoch": 70,
    "best_val_performance": -0.08834960301717132,
    "val_performance_metric": "diff",
    "train_loss": 2.3810441493988037,
    "initial_do_mean": -6.74430488095139,
    "final_do_mean": -5.055805278546883,
    "best_do_mean": -5.055805278546883,
    "initial_pp_mean": -6.127453902032641,
    "final_pp_mean": -4.411481462584602,
    "best_pp_mean": -4.411481462584602
}