{
    "best_epoch": 40,
    "best_val_performance": 1.940731712977092,
    "val_performance_metric": "diff",
    "train_loss": 1.5273387432098389,
    "initial_pref_do": 0.14714285714285713,
    "final_pref_do": 0.02142857142857143,
    "best_pref_do": 0.005714285714285714
}