{
    "best_epoch": 70,
    "best_val_performance": 0.0021913353602096564,
    "val_performance_metric": "diff",
    "train_loss": 3.8155572414398193,
    "initial_pref_do": 0.07714285714285714,
    "final_pref_do": 0.21857142857142858,
    "best_pref_do": 0.21857142857142858
}