{
    "best_epoch": 70,
    "best_val_performance": 3.131543305714926,
    "val_performance_metric": "diff",
    "train_loss": 1.7976268529891968,
    "initial_pref_do": 0.15571428571428572,
    "final_pref_do": 0.06,
    "best_pref_do": 0.06
}