{
    "best_epoch": 32,
    "best_val_performance": 0.07992876847584984,
    "val_performance_metric": "diff",
    "train_loss": 3.314744472503662,
    "initial_do_mean": -6.507260084152222,
    "final_do_mean": -4.7261491948908025,
    "best_do_mean": -4.5891522335283685,
    "initial_pp_mean": -5.877268886566162,
    "final_pp_mean": -4.192915948232015,
    "best_pp_mean": -4.100106170442369
}