{
    "best_epoch": 15,
    "best_val_performance": 0.7463914934794111,
    "val_performance_metric": "diff",
    "train_loss": 3.412449598312378,
    "initial_do_mean": -7.96269566583079,
    "final_do_mean": -6.823617284727651,
    "best_do_mean": -5.4478476608908455,
    "initial_pp_mean": -7.577785069100997,
    "final_pp_mean": -6.425207488677081,
    "best_pp_mean": -5.155753518903957
}