{
    "best_epoch": 54,
    "best_val_performance": 0.6380514828364054,
    "val_performance_metric": "diff",
    "train_loss": 1.3440533876419067,
    "initial_pref_do": 0.17714285714285713,
    "final_pref_do": 0.22285714285714286,
    "best_pref_do": 0.21857142857142858
}