{
    "best_epoch": 70,
    "best_val_performance": 1.1827424939473472,
    "val_performance_metric": "diff",
    "train_loss": 2.1233303546905518,
    "initial_do_mean": -7.694547208242638,
    "final_do_mean": -6.121587141308674,
    "best_do_mean": -6.121587141308674,
    "initial_pp_mean": -7.295496681157281,
    "final_pp_mean": -5.833939376648734,
    "best_pp_mean": -5.833939376648734
}