{
    "best_epoch": 70,
    "best_val_performance": 0.4128919601440426,
    "val_performance_metric": "diff",
    "train_loss": 2.197784900665283,
    "initial_pref_do": 0.07714285714285714,
    "final_pref_do": 0.23,
    "best_pref_do": 0.23
}