{
    "best_epoch": 70,
    "best_val_performance": -0.26353633880615224,
    "val_performance_metric": "diff",
    "train_loss": 3.8608055114746094,
    "initial_dative_mean": -7.310628614579028,
    "final_dative_mean": -5.498917204769034,
    "best_dative_mean": -5.498917204769034
}