{
    "best_epoch": 70,
    "best_val_performance": 0.8041079664230351,
    "val_performance_metric": "diff",
    "train_loss": 1.3596769571304321,
    "initial_pref_do": 0.17714285714285713,
    "final_pref_do": 0.09571428571428571,
    "best_pref_do": 0.09571428571428571
}