{
    "best_epoch": 25,
    "best_val_performance": 0.10348937034606998,
    "val_performance_metric": "diff",
    "train_loss": 3.519129753112793,
    "initial_do_mean": -7.960531927818476,
    "final_do_mean": -5.865086885732274,
    "best_do_mean": -5.69987099773662,
    "initial_pp_mean": -7.575326093505411,
    "final_pp_mean": -5.405892185253255,
    "best_pp_mean": -5.14505129386397
}