{
    "best_epoch": 70,
    "best_val_performance": -0.2968143097559608,
    "val_performance_metric": "diff",
    "train_loss": 1.5264112949371338,
    "initial_do_mean": -7.6923793124598125,
    "final_do_mean": -5.769736001657885,
    "best_do_mean": -5.769736001657885,
    "initial_pp_mean": -7.2571954138138715,
    "final_pp_mean": -5.380332111961701,
    "best_pp_mean": -5.380332111961701
}