{
    "best_epoch": 70,
    "best_val_performance": 2.2279697513580325,
    "val_performance_metric": "diff",
    "train_loss": 2.7788946628570557,
    "initial_do_mean": -6.744802417177143,
    "final_do_mean": -6.106844754652544,
    "best_do_mean": -6.106844754652544,
    "initial_pp_mean": -6.123927919069926,
    "final_pp_mean": -5.643843642870585,
    "best_pp_mean": -5.643843642870585
}