{
    "best_epoch": 33,
    "best_val_performance": 0.3783285172780362,
    "val_performance_metric": "diff",
    "train_loss": 2.1310553550720215,
    "initial_do_mean": -7.691642574792684,
    "final_do_mean": -5.245990499854088,
    "best_do_mean": -5.130548687521801,
    "initial_pp_mean": -7.177517788550433,
    "final_pp_mean": -4.481673219624688,
    "best_pp_mean": -4.3657209848656375
}