{
    "best_epoch": 70,
    "best_val_performance": -0.17511871178944904,
    "val_performance_metric": "diff",
    "train_loss": 2.823176860809326,
    "initial_do_mean": -7.702241149752639,
    "final_do_mean": -6.473683281346809,
    "best_do_mean": -6.473683281346809,
    "initial_pp_mean": -7.1685870254741,
    "final_pp_mean": -6.007278820346383,
    "best_pp_mean": -6.007278820346383
}