{
    "best_epoch": 50,
    "best_val_performance": 1.7491814184188854,
    "val_performance_metric": "diff",
    "train_loss": 1.7972725629806519,
    "initial_do_mean": -6.673713426878958,
    "final_do_mean": -5.03587092630791,
    "best_do_mean": -5.071050691604614,
    "initial_pp_mean": -5.8278898398081465,
    "final_pp_mean": -4.363751398192512,
    "best_pp_mean": -4.344051154454549
}