{
    "best_epoch": 70,
    "best_val_performance": -0.25898493766784636,
    "val_performance_metric": "diff",
    "train_loss": 3.1726760864257812,
    "initial_dative_mean": -7.461378173521387,
    "final_dative_mean": -5.5948690906254175,
    "best_dative_mean": -5.5948690906254175
}