{
    "best_epoch": 24,
    "best_val_performance": 0.17067553043365535,
    "val_performance_metric": "diff",
    "train_loss": 2.647507905960083,
    "initial_pref_do": 0.14714285714285713,
    "final_pref_do": 0.015714285714285715,
    "best_pref_do": 0.047142857142857146
}