{
    "best_epoch": 40,
    "best_val_performance": 2.174462272326151,
    "val_performance_metric": "diff",
    "train_loss": 1.2651207447052002,
    "initial_do_mean": -7.632996633995411,
    "final_do_mean": -6.808524044793706,
    "best_do_mean": -6.483221400615781,
    "initial_pp_mean": -6.990479178288403,
    "final_pp_mean": -5.698126471743864,
    "best_pp_mean": -5.489864058003706
}