{
    "best_epoch": 70,
    "best_val_performance": -0.5586650085449216,
    "val_performance_metric": "diff",
    "train_loss": 6.4726433753967285,
    "initial_dative_mean": -7.262456343536488,
    "final_dative_mean": -7.029710503000962,
    "best_dative_mean": -7.029710503000962
}