{
    "best_epoch": 40,
    "best_val_performance": 0.7008055289586386,
    "val_performance_metric": "diff",
    "train_loss": 1.4554452896118164,
    "initial_do_mean": -7.692979030830916,
    "final_do_mean": -5.053491680081501,
    "best_do_mean": -5.025355150533277,
    "initial_pp_mean": -7.294695317745209,
    "final_pp_mean": -4.346458512544632,
    "best_pp_mean": -4.284444777579869
}