{
    "best_epoch": 20,
    "best_val_performance": -0.09777078151702856,
    "val_performance_metric": "diff",
    "train_loss": 1.6903232336044312,
    "initial_pref_do": 0.12714285714285714,
    "final_pref_do": 0.025714285714285714,
    "best_pref_do": 0.018571428571428572
}