{
    "best_epoch": 70,
    "best_val_performance": -0.40866898377736405,
    "val_performance_metric": "diff",
    "train_loss": 7.661656856536865,
    "initial_dative_mean": -7.256199134720696,
    "final_dative_mean": -6.89360090933348,
    "best_dative_mean": -6.89360090933348
}