{
    "best_epoch": 36,
    "best_val_performance": 0.30490285873413114,
    "val_performance_metric": "diff",
    "train_loss": 2.5275421142578125,
    "initial_pref_do": 0.08285714285714285,
    "final_pref_do": 0.04285714285714286,
    "best_pref_do": 0.025714285714285714
}