{
    "best_epoch": 61,
    "best_val_performance": 2.747129019101461,
    "val_performance_metric": "diff",
    "train_loss": 1.9482965469360352,
    "initial_do_mean": -7.688224231087884,
    "final_do_mean": -6.734130304220111,
    "best_do_mean": -6.9035792413146,
    "initial_pp_mean": -7.251842271580416,
    "final_pp_mean": -5.891965304753359,
    "best_pp_mean": -5.667214367670171
}