{
    "best_epoch": 26,
    "best_val_performance": 0.24889235178629576,
    "val_performance_metric": "diff",
    "train_loss": 2.523484230041504,
    "initial_do_mean": -7.673269027887389,
    "final_do_mean": -6.0789476813271985,
    "best_do_mean": -5.832086507317632,
    "initial_pp_mean": -7.075055604822495,
    "final_pp_mean": -5.315165992344127,
    "best_pp_mean": -5.017936144155614
}