{
    "best_epoch": 70,
    "best_val_performance": -0.5245833778381348,
    "val_performance_metric": "diff",
    "train_loss": 6.413520812988281,
    "initial_pref_do": 0.13428571428571429,
    "final_pref_do": 0.12428571428571429,
    "best_pref_do": 0.12428571428571429
}