{
    "best_epoch": 70,
    "best_val_performance": -0.07934746265411352,
    "val_performance_metric": "diff",
    "train_loss": 3.127269744873047,
    "initial_pref_do": 0.15714285714285714,
    "final_pref_do": 0.16428571428571428,
    "best_pref_do": 0.16428571428571428
}