{
    "best_epoch": 70,
    "best_val_performance": 4.626522774696351,
    "val_performance_metric": "diff",
    "train_loss": 2.110167980194092,
    "initial_pref_do": 0.08285714285714285,
    "final_pref_do": 0.20142857142857143,
    "best_pref_do": 0.20142857142857143
}