{
    "best_epoch": 70,
    "best_val_performance": -0.5714881022771197,
    "val_performance_metric": "diff",
    "train_loss": 5.726289749145508,
    "initial_pref_do": 0.18142857142857144,
    "final_pref_do": 0.16714285714285715,
    "best_pref_do": 0.16714285714285715
}