{
    "best_epoch": 70,
    "best_val_performance": -0.3984753910700478,
    "val_performance_metric": "diff",
    "train_loss": 6.202584266662598,
    "initial_dative_mean": -7.258890897558446,
    "final_dative_mean": -6.863647148274539,
    "best_dative_mean": -6.863647148274539
}