{
    "best_epoch": 23,
    "best_val_performance": -0.023810063997903974,
    "val_performance_metric": "diff",
    "train_loss": 2.8832273483276367,
    "initial_do_mean": -6.546901332970822,
    "final_do_mean": -5.214324926607537,
    "best_do_mean": -4.818378143599539,
    "initial_pp_mean": -5.900361726019118,
    "final_pp_mean": -4.371094107627869,
    "best_pp_mean": -4.107394319110447
}