{
    "best_epoch": 29,
    "best_val_performance": 3.285308071772258,
    "val_performance_metric": "diff",
    "train_loss": 2.28021502494812,
    "initial_do_mean": -7.690725754166758,
    "final_do_mean": -10.590228558972825,
    "best_do_mean": -8.80720264170059,
    "initial_pp_mean": -7.292701079564936,
    "final_pp_mean": -9.55481443896013,
    "best_pp_mean": -8.055151945001938
}