{
    "best_epoch": 70,
    "best_val_performance": 3.0190405241648364,
    "val_performance_metric": "diff",
    "train_loss": 2.0545010566711426,
    "initial_do_mean": -7.7026627569697625,
    "final_do_mean": -9.386426662982897,
    "best_do_mean": -9.386426662982897,
    "initial_pp_mean": -7.169137276621425,
    "final_pp_mean": -7.48287626750329,
    "best_pp_mean": -7.48287626750329
}