{
    "best_epoch": 32,
    "best_val_performance": 0.23953018506368018,
    "val_performance_metric": "diff",
    "train_loss": 2.0705039501190186,
    "initial_dative_mean": -7.201311393439421,
    "final_dative_mean": -6.322033738183697,
    "best_dative_mean": -6.517622368900399
}