{
    "best_epoch": 40,
    "best_val_performance": 3.0620070981979373,
    "val_performance_metric": "diff",
    "train_loss": 1.7027006149291992,
    "initial_dative_mean": -7.190646160764304,
    "final_dative_mean": -8.276437084490096,
    "best_dative_mean": -5.623613375233628
}