{
    "best_epoch": 25,
    "best_val_performance": 3.283003311157227,
    "val_performance_metric": "diff",
    "train_loss": 3.2338318824768066,
    "initial_do_mean": -6.556453941807602,
    "final_do_mean": -10.183177515954682,
    "best_do_mean": -8.195427053624934,
    "initial_pp_mean": -5.761160519387987,
    "final_pp_mean": -8.240129221810236,
    "best_pp_mean": -7.643948758973016
}