idx,dative,best_lr,best_wd,best_epoch,verbhood_diff,do,pp
1,do,0.05,0.0,16,0.9672454106807704,-5.881316517338608,-4.905351569917467
2,pp,0.05,0.0,70,1.523450493812561,-6.4085114276770385,-5.632163564364116
3,do,0.05,0.0,15,0.7035384440422057,-6.575910192547423,-5.649234199523926
4,pp,0.05,0.0,16,0.67568921327591,-5.919158137928356,-5.086374420589871
5,do,0.05,0.0,70,0.6936643934249869,-8.725615164727875,-6.9962089326646595
6,pp,0.05,0.0,49,1.190979065895081,-7.0692582852912675,-6.030529059304131
7,do,0.05,0.0,11,0.495774430036545,-6.40360576022755,-5.667393265830146
8,pp,0.05,0.0,10,0.7644936239719389,-5.04681576237534,-4.285890452067057
9,do,0.05,0.0,12,0.7093936192989352,-5.665284817146532,-4.801229858398438
10,pp,0.05,0.0,24,1.8869981288909923,-5.828093356797189,-4.974767356448703
11,do,0.05,0.0,9,0.8610832440853118,-6.111811753475305,-5.268334110577901
12,pp,0.05,0.0,25,1.5048665797710417,-6.934270779291789,-6.050476670265198
13,do,0.05,0.0,70,1.357450221776963,-8.182119019826253,-6.697100967831082
14,pp,0.05,0.0,35,1.8968406164646145,-5.995548463590217,-5.111502578523424
15,do,0.05,0.0,19,1.498618561029434,-6.336644377852931,-5.271537574132283
16,pp,0.05,0.0,15,1.4315180575847624,-5.17345907904885,-4.489102543724908
17,do,0.05,0.0,16,1.5719569027423859,-5.4547549218842475,-5.2112851593229506
18,pp,0.05,0.0,15,1.5841677784919739,-4.966168358831695,-4.330928627649943
19,do,0.05,0.0,16,-0.09427463054657004,-5.934303679610744,-7.127334955003526
20,pp,0.05,0.0,38,1.4831348931789403,-6.226204429973255,-5.430591691864861
21,do,0.05,0.0,12,0.7270230114459988,-5.297287926529393,-4.685342293315464
22,pp,0.05,0.0,40,1.4982610797882083,-5.340596186030995,-4.875709186659919
23,do,0.05,0.0,11,1.1087416076660155,-5.7438778617165305,-5.082120749685499
24,pp,0.05,0.0,40,1.4020700490474693,-5.793379105943622,-5.197796318266127
25,do,0.05,0.0,11,1.5386522650718684,-4.68512131951072,-4.510513970586989
26,pp,0.05,0.0,33,2.0879490983486173,-5.113313393159346,-4.827098552385966
27,do,0.05,0.0,13,0.8308791959285742,-5.905377093228426,-5.155005168914795
28,pp,0.05,0.0,70,2.296386575698852,-6.224937975045407,-6.377427432272169
29,do,0.05,0.0,14,0.8710909807682041,-5.195140640663378,-4.564583733346727
30,pp,0.05,0.0,70,2.3454691839218134,-6.125882816314697,-5.332764678531223
31,do,0.05,0.0,52,1.515978418588638,-7.8984590804938115,-6.504416380988227
32,pp,0.05,0.0,38,1.960383839607239,-5.305007054589011,-4.692442303233676
33,do,0.05,0.0,12,-0.7191186189651484,-5.851211179386485,-5.62488038804796
34,pp,0.05,0.0,17,1.7113788139820096,-4.89029763395136,-4.329711116684807
35,do,0.05,0.0,4,-0.2622294390201567,-5.095437249270352,-4.760729546017117
36,pp,0.05,0.0,14,1.3623896968364715,-5.356766291820642,-4.874628231260512
37,do,0.05,0.0,2,-1.0498059344291688,-6.026331417488329,-5.488492110040453
38,pp,0.05,0.0,14,1.907760702371598,-4.305337049744346,-3.7584163573053146
39,do,0.05,0.0,10,-0.25261569023132324,-5.534724822188869,-5.0798671219084
40,pp,0.05,0.0,24,2.774632240533829,-4.847988085313276,-4.158235478401184
41,do,0.05,0.0,2,-0.727884689569473,-5.701157585779826,-5.315944361686706
42,pp,0.05,0.0,21,1.9436654007434848,-5.416388787645282,-4.741962830225627
43,do,0.05,0.0,3,-1.2919767236709596,-6.0347576719341856,-5.544901442527771
44,pp,0.05,0.0,30,2.1410029780864717,-6.261813786535552,-5.367467623286777
45,do,0.05,0.0,2,-0.9180258357524869,-5.893958383617979,-5.398211593098111
46,pp,0.05,0.0,14,1.8885830378532402,-4.865875510013464,-4.2169106748369005
47,do,0.05,0.0,13,-0.8166902029514311,-7.208679004149004,-6.47574700779385
48,pp,0.05,0.0,44,1.0239797687530512,-8.044896999994913,-6.6492544412612915
49,do,0.05,0.0,70,2.873392306566238,-7.20029141108195,-7.629313818613688
50,pp,0.05,0.0,20,1.5602308368682865,-5.520685178583318,-4.731340622901916
51,do,0.05,0.0,63,2.5975107336044303,-6.3795184915715994,-6.22694878578186
52,pp,0.05,0.0,27,1.688756014108658,-5.498469221230709,-5.018614064322578
53,do,0.05,0.0,36,0.3110081398487097,-6.900472497940063,-6.299828497568766
54,pp,0.05,0.0,29,2.519446648359299,-5.951846905910608,-4.880760251151191
55,do,0.05,0.0,70,1.6175433421134944,-7.30974075866468,-7.079814373122321
56,pp,0.05,0.0,51,3.00429891705513,-6.563334307526097,-5.713410502009921
57,do,0.05,0.0,70,2.202088698148727,-8.493181688135321,-7.907302474975586
58,pp,0.05,0.0,46,1.3608159756660463,-6.805880519115564,-6.237708870569865
59,do,0.05,0.0,21,2.0955871772766113,-5.022037972825946,-4.898654487397936
60,pp,0.05,0.0,11,1.9736820459365845,-4.641170757467097,-4.095233379469978
61,do,0.05,0.0,20,0.4879423594474792,-5.280290985107422,-4.759646119011773
62,pp,0.05,0.0,17,1.6776352131366723,-5.540336639230902,-4.926305810610454
63,do,0.05,0.0,12,0.8919972896575921,-4.878518409440011,-4.48458911312951
64,pp,0.05,0.0,11,1.5754534149169919,-4.6572831934148615,-4.071754190656874
65,do,0.05,0.0,33,2.5243541383743286,-7.406940562797315,-6.474585874875387
66,pp,0.05,0.0,17,1.5439603555202481,-5.837573649666526,-5.028590647379557
67,do,0.05,0.0,70,1.666416058540344,-7.477824946605798,-7.550604883829752
68,pp,0.05,0.0,16,1.4888857483863829,-4.622104562412609,-3.9435908873875936
69,do,0.05,0.0,64,-0.33177600860595824,-8.09371131550182,-9.326093265745374
70,pp,0.05,0.0,33,1.6920972597599038,-6.7480657331871265,-5.973804616928101
71,do,0.05,0.0,60,0.048094093799591064,-8.092777850411155,-7.54104437828064
72,pp,0.05,0.0,12,1.25350352525711,-4.879593463377519,-4.302738740709093
73,do,0.05,0.0,68,0.9353280067443848,-9.87449810143673,-9.954497448603313
74,pp,0.05,0.0,10,1.1691580712795258,-5.117225217819214,-4.30256949795617
75,do,0.05,0.0,50,1.1267350482940675,-7.86634453571204,-8.973046106762355
76,pp,0.05,0.0,47,2.1826954412460324,-8.427704470085375,-7.151020216941833
77,do,0.05,0.0,70,2.4947297453880317,-10.541507693493005,-9.681704918543497
78,pp,0.05,0.0,9,1.576320370435714,-5.256470433148471,-4.42459983030955
79,do,0.05,0.0,70,1.9322881364822386,-7.799969180425008,-7.833564159605238
80,pp,0.05,0.0,10,1.2545290732383734,-4.280002552090269,-3.581283707088894
81,do,0.05,0.0,70,-0.1919222104549405,-7.663836065928141,-7.523272442817688
82,pp,0.05,0.0,51,2.9175579166412344,-5.253096592065059,-4.324141648080614
83,do,0.05,0.0,17,1.6273269307613374,-6.141626865213568,-5.537068645159404
84,pp,0.05,0.0,28,2.9407105600833887,-5.6378486402107,-4.804605719778273
85,do,0.05,0.0,17,1.0047537147998815,-5.394216788898815,-4.925261047151354
86,pp,0.05,0.0,23,1.8463127732276918,-6.100933129859693,-5.342319252755907
87,do,0.05,0.0,70,1.5492188370227815,-6.529721784591675,-5.647195609410604
88,pp,0.05,0.0,17,1.894790759086609,-5.253692719430634,-4.54756679005093
89,do,0.05,0.0,70,-1.370736322402954,-8.7876314423301,-8.258578358756171
90,pp,0.05,0.0,55,2.112618007659912,-6.211805850809271,-5.4375053776635065
91,do,0.05,0.0,15,1.6426835513114932,-5.3307961435029,-4.669988311661614
92,pp,0.05,0.0,70,2.651029357910156,-6.992743477676854,-6.0681873983807035
93,do,0.05,0.0,31,1.9001080000400545,-6.687718689080441,-5.6437514146169026
94,pp,0.05,0.0,70,2.4928047609329234,-7.219651616703381,-6.32906830045912
95,do,0.05,0.0,70,-0.5127971541881564,-7.917773606560447,-8.669797001944648
96,pp,0.05,0.0,58,2.3693910646438603,-6.579562073042898,-5.006905550426907
97,do,0.05,0.0,48,0.21531660318374612,-7.507113017457904,-7.782153760062323
98,pp,0.05,0.0,10,0.5050154066085808,-5.010454767400568,-4.328496159447564
99,do,0.05,0.0,21,0.9105276060104375,-5.434289688052553,-6.668864025010003
100,pp,0.05,0.0,24,0.756648491621017,-6.545404481887817,-5.601995645629035
101,do,0.05,0.0,25,0.9450759518146512,-6.144416072151878,-5.677500632074144
102,pp,0.05,0.0,70,0.8404441642761231,-7.229205176324555,-6.356914737489489
103,do,0.05,0.0,46,2.3886383664608006,-7.367299689668598,-7.4492776658799915
104,pp,0.05,0.0,59,1.1902458143234256,-7.747590865510883,-6.690764967600504
105,do,0.05,0.0,12,0.29489945769310033,-5.6254079847624805,-4.979965607325236
106,pp,0.05,0.0,5,0.6116198503971093,-4.712391770969738,-4.108221424950494
107,do,0.05,0.0,16,0.16797264695167513,-6.1688284989559286,-5.743667817115783
108,pp,0.05,0.0,70,0.6552931678295142,-8.568457106387976,-6.976349131266276
109,do,0.05,0.0,39,0.8192494237422938,-7.723428206010298,-7.03517583741082
110,pp,0.05,0.0,49,2.796590284109115,-5.718294928290627,-4.901753319634332
111,do,0.05,0.0,70,2.4352485084533697,-7.1467530293898145,-6.610549473762513
112,pp,0.05,0.0,11,1.8403585982322692,-4.905093080347235,-4.168569387329949
113,do,0.05,0.0,19,1.2950483298301698,-5.684794288693053,-5.192465562290615
114,pp,0.05,0.0,18,2.1419985616207127,-5.076812579415061,-4.419748401641845
115,do,0.05,0.0,27,2.8110261356830586,-5.640987549406109,-5.249542268117269
116,pp,0.05,0.0,52,2.990456483364106,-6.995387103340843,-6.097076932589213
117,do,0.05,0.0,70,1.752639868259429,-6.7596104867530595,-6.990763190057542
118,pp,0.05,0.0,8,0.6044603204727172,-5.327562931812171,-4.446978137228224
119,do,0.05,0.0,19,1.8276287651062013,-5.302484194437663,-4.763495744599236
120,pp,0.05,0.0,61,4.582016997337341,-6.074234410488244,-5.895102747281393
121,do,0.05,0.0,40,0.5996183514595028,-7.114491240183512,-8.015070242351955
122,pp,0.05,0.0,20,1.3954255509376532,-5.3944478251717305,-4.732358768251207
123,do,0.05,0.0,16,1.1748020577430722,-5.131048784833966,-4.704214130507575
124,pp,0.05,0.0,25,2.8954907894134534,-6.00687562046629,-5.139156919055515
125,do,0.05,0.0,24,1.3472917234897608,-5.874662241791234,-6.267272864447699
126,pp,0.05,0.0,12,1.4790672755241392,-4.875922990567757,-4.167670965194702
127,do,0.05,0.0,53,0.4824509024620056,-8.798287108450225,-7.766215372085571
128,pp,0.05,0.0,66,3.319209839105606,-7.257197749975956,-7.766050253974067
129,do,0.05,0.0,22,1.1649431800842285,-6.5806455525484955,-6.113110605875651
130,pp,0.05,0.0,70,1.820537569522858,-7.335595395348289,-6.5165263785256275
131,do,0.05,0.0,15,0.10237545251846392,-6.453962402632742,-5.872514865133497
132,pp,0.05,0.0,19,2.136796549558639,-4.8461538647160385,-4.5305271413591175
133,do,0.05,0.0,18,1.9550785458087923,-5.240631963267471,-5.449935928980509
134,pp,0.05,0.0,17,1.4262546253204347,-4.701080180659439,-3.9114078124364218
135,do,0.05,0.0,70,0.5971886980533601,-7.943808471795284,-7.351305505964491
136,pp,0.05,0.0,14,1.2540970921516417,-5.2154426314614035,-4.516452625062731
137,do,0.05,0.0,9,0.9358053517341611,-5.609465265274048,-5.569868678516812
138,pp,0.05,0.0,45,3.0206217026710505,-7.2038590604608705,-6.3746041350894505
139,do,0.05,0.0,70,0.6444927167892462,-8.352642183592826,-8.098493279351128
140,pp,0.05,0.0,34,1.7895326328277585,-5.905111513715802,-5.592845079633925
141,do,0.05,0.0,39,1.4036044192314154,-6.617062804193208,-6.040172759691874
142,pp,0.05,0.0,47,2.9057503449916844,-6.077465847766761,-5.122958119710287
143,do,0.05,0.0,53,0.19817354202270465,-8.745492485797767,-7.901901382870144
144,pp,0.05,0.0,70,2.6724079859256733,-7.304181481852676,-6.389158312479655
145,do,0.05,0.0,22,0.11437392950058012,-6.2629021687941115,-5.671592132250468
146,pp,0.05,0.0,20,2.0939065456390384,-5.1659003243301855,-4.293102280298869
147,do,0.05,0.0,16,-0.3003183245658878,-6.133415775588064,-6.242930454678006
148,pp,0.05,0.0,70,2.3343908286094663,-7.435917270544803,-5.995132403903537
149,do,0.05,0.0,8,-0.48119297027587926,-5.870728590994171,-6.036707788043552
150,pp,0.05,0.0,8,0.6945714282989499,-4.95303153702707,-4.3943040423923065
151,do,0.05,0.0,15,0.49911498904228235,-5.9915874900239885,-5.730657667583889
152,pp,0.05,0.0,29,2.5527195632457724,-5.739929842226433,-5.145714134640164
153,do,0.05,0.0,28,0.4595913612842555,-6.768319892883301,-6.247608600722419
154,pp,0.05,0.0,22,2.1000964975357057,-5.797445161414869,-4.8598057137595285
155,do,0.05,0.0,5,0.18999448657035778,-5.031111863165191,-5.174983800782098
156,pp,0.05,0.0,18,2.151774224042893,-4.83791041952191,-4.519596195220947
157,do,0.05,0.0,19,1.6913557302951814,-5.193104561892423,-4.96057022412618
158,pp,0.05,0.0,19,2.135569803714753,-5.0985101670929875,-4.419461621178521
159,do,0.05,0.0,45,1.0727672839164732,-7.260257608240301,-8.404587867524889
160,pp,0.05,0.0,14,0.6464865505695343,-5.570012606996478,-4.638214204046461
161,do,0.05,0.0,10,1.3234085822105408,-4.727124893304073,-4.659657494227091
162,pp,0.05,0.0,26,1.6985171067714697,-5.091258093805024,-4.243921018971337
163,do,0.05,0.0,70,1.3624844121932993,-6.5857084664431484,-6.088431856367323
164,pp,0.05,0.0,66,1.9566667342185982,-6.976436698797977,-6.183371906810336
165,do,0.05,0.0,70,2.0485374951362605,-6.506958828550396,-5.596328239970737
166,pp,0.05,0.0,34,2.7707795059680933,-4.901905962915132,-4.286252458890279
167,do,0.05,0.0,53,0.9073638582229613,-7.75001464323564,-7.952419916788737
168,pp,0.05,0.0,70,1.4182842302322385,-7.090793788794315,-5.684345552656386
169,do,0.05,0.0,27,1.3158083617687222,-5.563259176774459,-5.535710538758172
170,pp,0.05,0.0,37,2.5733102190494543,-6.6402961355267145,-5.633623123168945
171,do,0.05,0.0,10,1.937981314659118,-4.829627817327326,-4.568949596087138
172,pp,0.05,0.0,56,2.2488072299957267,-6.770573428182891,-5.71893986331092
173,do,0.05,0.0,37,-0.5355894255638125,-7.907382252722075,-8.121298625734116
174,pp,0.05,0.0,31,2.006382039785385,-6.384759866830074,-5.5481640630298195
175,do,0.05,0.0,10,1.5151313102245334,-6.011924937277129,-5.149219115575154
176,pp,0.05,0.0,70,3.398209769725799,-6.778348736329512,-5.429577957259284
177,do,0.05,0.0,28,-0.5160942852497099,-7.860776071837454,-9.06040488878886
178,pp,0.05,0.0,27,2.982006299495697,-5.546219562761712,-4.86514318784078
179,do,0.05,0.0,18,0.6089088821411135,-5.868141635258993,-5.62632138994005
180,pp,0.05,0.0,70,0.8059671556949617,-7.980557970567183,-7.367552632755704
181,do,0.05,0.0,23,1.9212572705745696,-4.860208651513764,-4.804782742924161
182,pp,0.05,0.0,27,2.1838488996028893,-6.715248289975253,-5.7146074612935385
183,do,0.05,0.0,59,0.09185194730758539,-8.069384664477724,-8.225221835242378
184,pp,0.05,0.0,38,3.841270104646684,-6.412824122111003,-5.422158058484396
185,do,0.05,0.0,34,1.954610427618027,-6.335215133609194,-5.645223771201239
186,pp,0.05,0.0,14,1.2436589992046354,-5.1255610032515095,-4.3333461549546985
187,do,0.05,0.0,61,1.8849432194232936,-7.711951485547153,-7.001217177179124
188,pp,0.05,0.0,6,0.7781629288196568,-4.972130782676466,-4.141816247834099
189,do,0.05,0.0,23,1.8614569985866538,-8.677672618808169,-6.889118912484911
190,pp,0.05,0.0,70,3.1671200752258306,-7.112057194565281,-5.661917991108364
191,do,0.05,0.0,62,0.7821738004684446,-7.64254456577879,-7.477076715893215
192,pp,0.05,0.0,43,2.02396409034729,-5.998165838646166,-5.1990478648079765
193,do,0.05,0.0,67,2.597621603012085,-5.767390462123987,-6.448505131403605
194,pp,0.05,0.0,18,1.9175683999061581,-4.777951783844919,-4.2097259044647215
195,do,0.05,0.0,40,1.238423832654953,-5.810908516970548,-6.011666274070739
196,pp,0.05,0.0,11,1.254991244077683,-4.928886273412994,-4.256226910485162
197,do,0.05,0.0,11,1.1360368549823763,-5.056125484813343,-4.965441812409295
198,pp,0.05,0.0,70,3.369860669374466,-7.7016275694876,-7.713263522254096
199,do,0.05,0.0,25,0.908847224712372,-6.223862520853678,-5.910876830418904
200,pp,0.05,0.0,29,1.3532866597175603,-6.571673110037139,-5.634995362493727
201,do,0.05,0.0,70,2.0568407821655272,-6.49557185606523,-5.982879572444492
202,pp,0.05,0.0,52,1.1332829260826118,-7.301421408219771,-6.059043992890252
203,do,0.05,0.0,67,1.3203933382034299,-6.800110397916852,-8.233996375401814
204,pp,0.05,0.0,10,0.8712171423435215,-4.881253363869407,-4.232295182016161
205,do,0.05,0.0,70,1.0584246790409093,-7.304785581068559,-6.487917714648777
206,pp,0.05,0.0,70,2.8514211905002593,-5.961572700558286,-5.098239967558119
207,do,0.05,0.0,70,1.6548620879650127,-6.742370843887329,-6.3447144163979425
208,pp,0.05,0.0,51,2.7413906431198116,-6.336554572076508,-5.61584456231859
209,do,0.05,0.0,70,4.1816653525829315,-6.414880225152681,-5.1260258515675865
210,pp,0.05,0.0,20,1.8591846203804012,-6.524349855654167,-5.62193808555603
211,do,0.05,0.0,45,3.710582869052886,-6.451839866060199,-5.826517391204834
212,pp,0.05,0.0,18,1.849880421161651,-4.852370724533543,-4.153889356719123
213,do,0.05,0.0,29,3.1750208234786985,-5.266035464315704,-4.8519269016053945
214,pp,0.05,0.0,16,1.6732104837894441,-5.052130366816665,-4.16037188106113
215,do,0.05,0.0,40,0.4978846311569214,-6.85639529950691,-6.558322130309211
216,pp,0.05,0.0,46,0.9105652546882634,-6.825263072505142,-5.962597062852647
217,do,0.05,0.0,43,2.137953981161118,-5.828674983978272,-6.091522155867683
218,pp,0.05,0.0,52,2.1928127241134643,-6.491560297301321,-5.917730397648281
219,do,0.05,0.0,26,1.9954315233230586,-5.326500817501183,-4.584996957249111
220,pp,0.05,0.0,52,1.0447761535644524,-7.9552544015826605,-7.0341398662991
221,do,0.05,0.0,26,1.8013002181053173,-6.075555255196312,-5.963638091087342
222,pp,0.05,0.0,15,1.936650375127793,-4.801699603687633,-4.348655809296502
223,do,0.05,0.0,29,1.731139789819717,-6.5419241746266685,-5.548070422808329
224,pp,0.05,0.0,70,2.4557644164562227,-6.59524741750775,-5.613466885354784
225,do,0.05,0.0,57,0.9943394231796265,-7.2105699727029515,-7.069487513436211
226,pp,0.05,0.0,24,2.695456449985503,-5.2678681662588405,-4.7949335124757555
227,do,0.05,0.0,37,3.1794489192962647,-6.489737652287339,-7.189431473943922
228,pp,0.05,0.0,12,2.0596189129352567,-5.625397861365116,-4.543405236138238
229,do,0.05,0.0,70,3.1187614810466773,-7.388027416576039,-7.926694880591499
230,pp,0.05,0.0,59,2.70395492196083,-5.376422110470858,-4.714819728003608
231,do,0.05,0.0,16,0.6388175821304323,-5.527014690456968,-6.850085247887505
232,pp,0.05,0.0,12,1.0201161122322082,-4.966874944802487,-4.273903756671482
233,do,0.05,0.0,36,0.40758756875991864,-7.496101775313869,-8.015112278196547
234,pp,0.05,0.0,16,1.3716010808944699,-4.928234286741777,-4.442204146915012
235,do,0.05,0.0,70,0.7726260185241696,-9.606694094340007,-10.987938372294108
236,pp,0.05,0.0,26,2.639480837583542,-4.908238582177596,-4.221159304512872
237,do,0.05,0.0,48,2.931603096723557,-6.8485948678218955,-6.954756678475274
238,pp,0.05,0.0,70,2.749004480838776,-8.811320585193055,-7.858848871125115
239,do,0.05,0.0,14,1.3000790858268738,-6.328033461715236,-5.273516390058729
240,pp,0.05,0.0,19,2.002084970474243,-5.081997653209802,-4.48133303589291
241,do,0.05,0.0,12,0.4053008449077611,-5.116081295591412,-4.545794145266215
242,pp,0.05,0.0,18,1.883355485200882,-5.542652855497418,-4.675990703370836
243,do,0.05,0.0,70,2.8507956707477575,-6.3124344305558635,-5.618897954622905
244,pp,0.05,0.0,52,2.6901903200149544,-5.432328849850279,-4.8799149221844145
245,do,0.05,0.0,22,2.26336941242218,-4.811248409386837,-4.293098553021749
246,pp,0.05,0.0,70,2.298364897966386,-5.3692694837396795,-4.860517576005724
247,do,0.05,0.0,32,3.673895270824432,-6.690244297547774,-6.687449267175462
248,pp,0.05,0.0,70,3.233350216150283,-6.782842306657271,-6.068357247776455
249,do,0.05,0.0,70,2.91994142651558,-8.16356972058614,-7.260811042785645
250,pp,0.05,0.0,69,2.782730944156647,-9.152394905957308,-7.791494096650018
251,do,0.05,0.0,37,2.3522664546966556,-5.039926846822103,-5.10485463142395
252,pp,0.05,0.0,70,2.114196192026138,-6.859516854719682,-5.936107240782844
253,do,0.05,0.0,22,1.8486182641983033,-4.835268981529005,-4.3128905137379965
254,pp,0.05,0.0,30,1.4298234558105465,-6.164855513428197,-5.355794106589423
255,do,0.05,0.0,70,1.0786579561233527,-7.156948514418168,-6.469806098937989
256,pp,0.05,0.0,16,1.7287282109260556,-5.500408991900358,-4.808614836798774
257,do,0.05,0.0,49,3.4911678767204286,-6.465572689518784,-5.839705506960551
258,pp,0.05,0.0,35,2.41685535311699,-5.38261970317725,-4.845748713281419
259,do,0.05,0.0,24,3.129609477519989,-5.040268864776149,-5.016392093234592
260,pp,0.05,0.0,28,3.2213064301013947,-6.6791818575425586,-6.315362424320645
261,do,0.05,0.0,70,2.607023150920867,-7.71027106516289,-6.977608723110623
262,pp,0.05,0.0,45,3.0801506769657125,-6.779457349488229,-5.898539585537381
263,do,0.05,0.0,23,1.8429055547714235,-6.71593617959456,-5.84350652164883
264,pp,0.05,0.0,30,1.9810892474651336,-6.116454924959125,-4.986650551689996
265,do,0.05,0.0,44,2.7532530021667485,-5.563102870998961,-5.335396771960788
266,pp,0.05,0.0,18,1.733481485843658,-4.800493212902185,-4.088535030682881
267,do,0.05,0.0,42,2.9744250845909113,-7.427584570104425,-7.166774760352241
268,pp,0.05,0.0,33,2.087784614562989,-5.429503205328277,-4.831061045328776
269,do,0.05,0.0,22,1.3614841365814208,-6.189310092637033,-5.296779831250508
270,pp,0.05,0.0,20,2.4610128140449525,-5.143096113204956,-4.489721891615126
271,do,0.05,0.0,12,1.0450436627864832,-5.391896041234334,-4.3383085621727835
272,pp,0.05,0.0,22,2.5458318698406215,-4.9346999370690545,-4.247157435946995
273,do,0.05,0.0,16,1.315583605766296,-5.172286526362101,-5.027033138275146
274,pp,0.05,0.0,15,1.7913818299770359,-5.182599248308124,-4.434285314877828
275,do,0.05,0.0,22,2.734740141630173,-4.643143518043287,-4.744385825263129
276,pp,0.05,0.0,17,1.5681803905963898,-4.912448523261331,-4.0439980679088166
277,do,0.05,0.0,70,1.9337708425521845,-6.930129954309175,-6.377540315522088
278,pp,0.05,0.0,54,2.038209552764892,-6.4682982618158515,-5.600461994277106
279,do,0.05,0.0,39,1.7816262030601502,-7.3126811041976465,-7.778384436501397
280,pp,0.05,0.0,21,1.7287375700473788,-5.605419262972745,-4.804259583685133
281,do,0.05,0.0,70,1.8638560414314265,-7.26750903707562,-6.58435464170244
282,pp,0.05,0.0,27,2.6901868379116056,-6.694423742005319,-6.090971207618713
283,do,0.05,0.0,53,1.7163065922260285,-6.730472869584054,-6.2459850841098365
284,pp,0.05,0.0,46,1.844670212268829,-6.658127492846865,-6.024244372049967
285,do,0.05,0.0,28,2.3487947678565986,-6.24919731833718,-5.986405894491408
286,pp,0.05,0.0,54,1.578816517591477,-6.981957179849798,-6.138553190231323
287,do,0.05,0.0,38,3.321051383018494,-5.633444965246952,-5.4433406935797795
288,pp,0.05,0.0,12,1.5054845929145815,-4.962074054371227,-4.498851725790236
289,do,0.05,0.0,70,2.630229136943816,-6.933509721177997,-8.129766657617356
290,pp,0.05,0.0,18,1.2520535802841186,-5.169169316147313,-4.495771869023641
291,do,0.05,0.0,70,2.3428575170040142,-5.906030176625107,-6.440587864981757
292,pp,0.05,0.0,64,2.330524264574051,-7.059729294343428,-6.220012386639913
293,do,0.05,0.0,16,2.1269950222969065,-5.449644380627256,-5.5062797334459095
294,pp,0.05,0.0,67,2.8345317482948307,-7.079716303854278,-6.416179347038269
295,do,0.05,0.0,23,1.883390058279038,-4.775957197131532,-4.649382191234165
296,pp,0.05,0.0,41,3.100172996520996,-6.056862972721909,-5.540793307622274
297,do,0.05,0.0,50,1.9045017886161801,-5.652028170498935,-6.320724977387322
298,pp,0.05,0.0,45,2.280220910310745,-6.172531145269221,-5.56710733572642
299,do,0.05,0.0,70,2.7227336442470547,-7.269613468285763,-7.608128876156277
300,pp,0.05,0.0,36,1.7681703352928162,-6.372163412787698,-6.0335070901446874
301,do,0.05,0.0,32,3.5005704724788655,-5.652191599932584,-5.097500999768575
302,pp,0.05,0.0,57,3.9035590231418613,-7.034449886553215,-6.689892673492432
303,do,0.05,0.0,16,1.383206416368485,-5.1833994533076435,-5.082361427942912
304,pp,0.05,0.0,70,2.6213231396675116,-6.976725101470947,-6.430055318938361
305,do,0.05,0.0,4,0.39673087835311893,-5.1578225049105555,-4.546240475442675
306,pp,0.05,0.0,8,1.3278533887863162,-4.91288522084554,-4.2282545513576935
307,do,0.05,0.0,69,0.7086807727813724,-6.687986285758741,-6.485893244213528
308,pp,0.05,0.0,13,1.3303429710865018,-5.046385363376502,-4.595308566093445
309,do,0.05,0.0,32,1.2484676063060762,-5.580994572783961,-4.96707849767473
310,pp,0.05,0.0,45,1.8495960021018982,-6.463408074234471,-5.792253957854377
311,do,0.05,0.0,24,2.821790623664856,-6.095937655188821,-5.530784940719604
312,pp,0.05,0.0,30,3.161984455585479,-5.353308950770985,-5.127498096889919
313,do,0.05,0.0,9,0.9285202383995053,-4.490795638344505,-4.4426915089289345
314,pp,0.05,0.0,32,3.12009511232376,-5.426886366352891,-4.960591382450527
315,do,0.05,0.0,12,1.5069414305686957,-4.411389774264712,-4.116948143641154
316,pp,0.05,0.0,70,4.629830572605133,-5.939507784987941,-5.895674265755547
317,do,0.05,0.0,30,3.4837763500213628,-5.4236991333239,-4.4828849077224735
318,pp,0.05,0.0,50,2.8166365671157836,-5.799775697245742,-5.310117806328668
319,do,0.05,0.0,66,3.173860490322113,-5.852806468443437,-4.87433975537618
320,pp,0.05,0.0,28,1.8499131357669825,-5.453258773052331,-4.722577656639947
321,do,0.05,0.0,24,2.9002485370635984,-5.92436048189799,-4.912278464105394
322,pp,0.05,0.0,67,1.4171285033226004,-6.99167354034655,-6.3461694876352945
323,do,0.05,0.0,6,0.09990307807922338,-5.054900468479503,-4.892135100894504
324,pp,0.05,0.0,27,1.843617614507675,-5.312712530656294,-4.926957172817654
325,do,0.05,0.0,10,2.16518159866333,-7.012616856892904,-6.317432618141174
326,pp,0.05,0.0,49,2.982023277282715,-6.481235429012414,-5.322778624958462
327,do,0.05,0.0,24,1.14102837562561,-6.80664341955474,-6.501669279734293
328,pp,0.05,0.0,60,3.0815160059928886,-5.368638930176243,-4.745387103822496
329,do,0.05,0.0,70,1.7117048323154442,-6.04009993726557,-5.799617701106602
330,pp,0.05,0.0,17,2.1391769504547113,-4.518773697361802,-4.153783554501004
331,do,0.05,0.0,70,-0.432661467790604,-9.076312839623654,-8.333106258180406
332,pp,0.05,0.0,69,4.068577890396118,-7.050820352091934,-6.103772102461921
333,do,0.05,0.0,53,0.15295136332511916,-7.092922381198767,-6.499606328540378
334,pp,0.05,0.0,22,1.771068888902664,-6.061255330750437,-5.233248466915555
335,do,0.05,0.0,17,1.9724867415428164,-6.571849192995014,-6.7227756182352705
336,pp,0.05,0.0,52,3.081865670681,-6.360143645604452,-6.393572521209717
337,do,0.05,0.0,23,1.790938256978989,-7.049143421288693,-7.428475689888001
338,pp,0.05,0.0,67,2.1261651539802546,-6.963492072712292,-6.251194047927856
339,do,0.05,0.0,27,3.9718319630622867,-8.895319242188425,-6.788030513127645
340,pp,0.05,0.0,43,3.9429287350177757,-7.705615263274222,-7.718636515405443
341,do,0.05,0.0,50,2.2402011561393733,-5.232903130849203,-4.970152587360806
342,pp,0.05,0.0,23,1.7314041960239415,-5.6481394319823295,-4.91223857137892
343,do,0.05,0.0,62,2.209045057296753,-6.020699112343066,-5.795050621032715
344,pp,0.05,0.0,44,1.8306006062030784,-5.787823577360673,-5.018620045979818
345,do,0.05,0.0,70,2.985010002851486,-5.7304477706100005,-5.52007945643531
346,pp,0.05,0.0,15,1.343344271183014,-5.816763870643847,-4.626077122158474
347,do,0.05,0.0,55,3.0750122463703162,-5.999529899250377,-5.467277767923143
348,pp,0.05,0.0,23,1.4229709458351136,-5.8337789448824795,-5.089007647832235
349,do,0.05,0.0,58,0.9750390136241913,-6.618583569382176,-6.526966842015584
350,pp,0.05,0.0,49,2.684576026201248,-5.500080193895283,-5.136869276894464
351,do,0.05,0.0,41,1.4427921426296235,-6.021161262916796,-5.86794404718611
352,pp,0.05,0.0,25,2.5852818810939793,-5.143331881725427,-4.524331039852566
353,do,0.05,0.0,70,3.203149275779724,-6.171488871718898,-5.737740450435215
354,pp,0.05,0.0,36,1.3763817846775055,-6.495479699337121,-6.042545461654663
355,do,0.05,0.0,10,1.3764638233184812,-5.173931418043194,-4.866765507062277
356,pp,0.05,0.0,70,2.5729717946052553,-9.521789534886677,-7.883301207754347
357,do,0.05,0.0,22,1.6070645105838777,-5.007022247892437,-5.302370712492201
358,pp,0.05,0.0,53,3.348225201368331,-7.005872583389282,-6.457171222898695
359,do,0.05,0.0,25,3.3533506178855887,-5.6264403054208465,-5.184083538585239
360,pp,0.05,0.0,57,2.007337082624435,-6.2229932654987685,-5.432410311698914
361,do,0.05,0.0,37,2.5610951542854306,-5.835319143353087,-5.075293763478597
362,pp,0.05,0.0,38,2.670783308744431,-4.773401523358894,-4.247965624597337
363,do,0.05,0.0,20,2.2353065180778504,-5.2664665713454735,-5.792824625968933
364,pp,0.05,0.0,57,2.882680189609527,-5.568404833475749,-5.677434929211935
365,do,0.05,0.0,64,2.8605564260482783,-6.5871200041337445,-6.042131622632344
366,pp,0.05,0.0,45,2.7420435798168175,-5.525843117453835,-5.721325487560696
367,do,0.05,0.0,70,2.544720569849013,-6.641392064817024,-5.826414850023058
368,pp,0.05,0.0,67,2.4849311113357553,-7.140602546749693,-6.118328645494249
369,do,0.05,0.0,21,3.2174141168594357,-5.356382234168775,-5.220503664016723
370,pp,0.05,0.0,67,2.585346587896346,-5.996768344532359,-6.908141856723361
371,do,0.05,0.0,70,2.824227452278138,-7.648893096230247,-7.206982623206245
372,pp,0.05,0.0,50,1.2327505970001216,-8.5030179197138,-7.5275893741183815
373,do,0.05,0.0,40,1.8171130800247193,-6.007278468392112,-6.0185623407363895
374,pp,0.05,0.0,36,2.9041377496719356,-5.670663927540635,-4.904153090053135
375,do,0.05,0.0,17,2.207457823753357,-5.666179060213493,-5.385355268584357
376,pp,0.05,0.0,31,2.059692801237106,-5.75168905547171,-4.8749225245581735
377,do,0.05,0.0,28,3.9972524452209477,-6.692266071203983,-6.6186836534076265
378,pp,0.05,0.0,39,2.304565690755843,-5.926020081837972,-4.988943060239156
379,do,0.05,0.0,68,2.4089522194862374,-7.5495242610122215,-7.2087942918141685
380,pp,0.05,0.0,58,1.8742134428024295,-6.630389869574344,-5.651252102851868
381,do,0.05,0.0,44,2.2709953606128703,-8.234962477828518,-7.434819761912028
382,pp,0.05,0.0,37,2.5203374755382537,-6.71180003195098,-6.065941460927328
383,do,0.05,0.0,27,2.9973561120033256,-5.3197072997237695,-5.235005974769592
384,pp,0.05,0.0,70,2.3674220156669614,-6.191754562204534,-5.621239564153883
385,do,0.05,0.0,70,0.1980004060268401,-6.949333891724095,-6.786633888880412
386,pp,0.05,0.0,62,2.1223026633262636,-7.199746744560473,-6.490339899063111
387,do,0.05,0.0,70,2.4852814316749567,-7.56179605252815,-6.950662371847365
388,pp,0.05,0.0,70,1.6516637122631082,-7.51372171459776,-6.7441503869162664
389,do,0.05,0.0,61,2.968444812297821,-6.669356499296246,-5.449193684260051
390,pp,0.05,0.0,26,2.043780468702316,-5.386028181422841,-4.89543604850769
391,do,0.05,0.0,8,0.23968417286872867,-5.010246626536051,-4.733487900098165
392,pp,0.05,0.0,68,2.207424974441528,-6.060413214654633,-6.250467761357625
393,do,0.05,0.0,10,1.1810509836673733,-5.614740818197077,-5.320418304867214
394,pp,0.05,0.0,67,2.1008138513565067,-6.827859452276519,-6.206541506449382
395,do,0.05,0.0,59,4.11175454378128,-7.2903436198379055,-7.756800489955478
396,pp,0.05,0.0,70,2.9555788254737854,-6.324797796480583,-5.724254939291212
397,do,0.05,0.0,70,2.1707078278064733,-7.013061339927442,-6.69041616651747
398,pp,0.05,0.0,70,1.9310440063476566,-7.249546844309027,-6.4837878041797214
399,do,0.05,0.0,8,1.40028112411499,-5.601514119812936,-5.275781366560194
400,pp,0.05,0.0,38,2.5923283493518836,-5.62564262043346,-5.167473840713501
401,do,0.05,0.0,8,0.5406175541877749,-4.796717314286665,-4.533001671897041
402,pp,0.05,0.0,18,1.9518504214286807,-6.239953541033196,-5.244351307551066
403,do,0.05,0.0,11,0.6104959332942963,-4.996143369963675,-4.675326384438408
404,pp,0.05,0.0,20,1.7287640202045447,-6.870203535484545,-5.263510351710849
405,do,0.05,0.0,8,0.7255571258068088,-4.858303106192387,-4.745532549752129
406,pp,0.05,0.0,20,1.6961091697216029,-6.059006089875193,-4.920503722296821
407,do,0.05,0.0,8,0.6019543254375455,-4.276221828749685,-4.107563654581706
408,pp,0.05,0.0,25,2.31579363822937,-6.37591189326662,-5.110072520044115
409,do,0.05,0.0,5,0.7145385289192197,-4.755579730236169,-4.270331819852193
410,pp,0.05,0.0,31,2.412858359813689,-6.460869398984042,-5.404372029834324
411,do,0.05,0.0,5,-0.42227697730064406,-5.116575580654723,-4.564121678140428
412,pp,0.05,0.0,38,1.8374364626407615,-7.342603579434481,-6.158638766076829
413,do,0.05,0.0,8,0.4206451892852785,-4.916343126874981,-4.596579872237312
414,pp,0.05,0.0,35,2.5525779199600223,-5.365555771914395,-4.518883130285475
415,do,0.05,0.0,59,0.595671503543854,-6.431034530292858,-6.117447151078118
416,pp,0.05,0.0,20,1.8740291500091555,-6.59743828051018,-5.315540907118056
417,do,0.05,0.0,6,0.7329335796833041,-4.626224790919911,-4.263664319780138
418,pp,0.05,0.0,21,1.8160595786571498,-7.32413998372627,-6.296115305688646
419,do,0.05,0.0,15,1.1792526721954353,-5.99881565209591,-5.320015992058648
420,pp,0.05,0.0,43,2.647839230298996,-6.106671992215243,-5.649539979298909
421,do,0.05,0.0,28,0.6183814036846167,-6.210517893415509,-5.579700271288554
422,pp,0.05,0.0,60,2.402893035411835,-5.59715345845078,-4.819751622941759
423,do,0.05,0.0,11,0.6831176698207857,-5.505876532467929,-4.9576015207502575
424,pp,0.05,0.0,28,2.8309436249732975,-5.470104979023789,-4.665179022153219
425,do,0.05,0.0,38,1.741103795766831,-7.812676691286492,-6.620547556877137
426,pp,0.05,0.0,38,1.7044845342636101,-6.487973516637629,-5.503079856766595
427,do,0.05,0.0,10,1.25822167634964,-5.40837656656901,-4.8754036161634655
428,pp,0.05,0.0,25,2.884178071022034,-4.883830618135857,-4.653491727511088
429,do,0.05,0.0,12,0.24204310417175368,-6.23075485084996,-5.34689248667823
430,pp,0.05,0.0,34,2.6535013318061837,-5.292242856459184,-4.512387119399177
431,do,0.05,0.0,11,1.2519529151916506,-5.5741676099372635,-4.745525715086195
432,pp,0.05,0.0,27,1.7506019270420081,-7.101699936028683,-5.99897300667233
433,do,0.05,0.0,11,-0.6236454689502713,-5.634673273202145,-5.2428696499930485
434,pp,0.05,0.0,18,1.729567577838898,-4.522886008927316,-3.9980900632010568
435,do,0.05,0.0,70,0.771494593620301,-7.098314314177542,-6.446367144584656
436,pp,0.05,0.0,55,2.387351480722427,-5.9489532860842615,-5.411883486641778
437,do,0.05,0.0,2,-1.007879165410995,-5.9660583438295305,-5.473980275789897
438,pp,0.05,0.0,9,2.5022420275211337,-4.405534728368123,-3.664679932594299
439,do,0.05,0.0,8,0.2877658760547641,-4.728426691980073,-4.303314794434441
440,pp,0.05,0.0,22,2.346395531892777,-5.814051959008881,-4.875047500928243
441,do,0.05,0.0,12,-0.6681464695930481,-5.863632957863085,-5.428848759333293
442,pp,0.05,0.0,16,1.737391971349716,-5.058974377314249,-4.324669337272644
443,do,0.05,0.0,70,0.13865826606750353,-7.909250295523441,-6.721567069159613
444,pp,0.05,0.0,11,1.5834023380279536,-4.591891907200669,-3.9463573031955295
445,do,0.05,0.0,3,-0.5767871785163878,-5.420102521144982,-4.901893136236403
446,pp,0.05,0.0,22,1.9842200136184687,-5.439632106549812,-4.6196209987004595
447,do,0.05,0.0,3,-0.7473483061790471,-5.532318282849861,-5.146333085166083
448,pp,0.05,0.0,8,1.3852153933048248,-4.286876194404833,-3.721224990155962
449,do,0.05,0.0,12,1.0586027085781096,-5.701513053431656,-5.224220305018955
450,pp,0.05,0.0,12,1.7053378355503082,-4.715006445393418,-4.042028437720405
451,do,0.05,0.0,70,0.968255645036697,-6.8568235700780695,-5.862878062989977
452,pp,0.05,0.0,31,1.9826901817321776,-6.868991201574152,-5.576487941212124
453,do,0.05,0.0,40,0.8502631998062133,-7.290990482677113,-6.448212522930569
454,pp,0.05,0.0,27,1.8831904447078713,-6.238489757884633,-5.110167439778646
455,do,0.05,0.0,17,0.38455657124519327,-6.409983422539451,-5.511328842904833
456,pp,0.05,0.0,43,2.434578268527985,-6.233863732309052,-5.705630114343431
457,do,0.05,0.0,70,2.422619801759721,-7.166792079174157,-6.651341395907932
458,pp,0.05,0.0,24,2.4567496109008795,-6.065954601403439,-5.075825998518202
459,do,0.05,0.0,13,0.9570066404342645,-5.065208773179488,-4.618861439492967
460,pp,0.05,0.0,28,2.122996257543564,-6.050895922111742,-4.9877974536683825
461,do,0.05,0.0,70,0.4814019393920894,-7.787504501053781,-6.72844344774882
462,pp,0.05,0.0,44,1.7656352448463446,-7.0495329885771785,-6.227318196826511
463,do,0.05,0.0,70,-0.33575506925582843,-8.306576240423954,-7.499261977937486
464,pp,0.05,0.0,34,1.068940365314483,-6.435422713828809,-5.621103684107463
465,do,0.05,0.0,50,1.028347696065902,-7.701767843419855,-7.501764138539632
466,pp,0.05,0.0,34,1.6322616076469423,-6.5123516400655115,-5.4773030784395
467,do,0.05,0.0,41,-0.38644933462142994,-8.414523101575448,-7.581234365039402
468,pp,0.05,0.0,29,2.860339814424515,-5.291078581954494,-4.461886379453871
469,do,0.05,0.0,60,0.5266873431205754,-7.575795208324085,-6.403052356508043
470,pp,0.05,0.0,33,1.7274310803413382,-7.383827569267966,-6.187458459536234
471,do,0.05,0.0,43,2.5101232576370247,-7.12086313421076,-7.0833039707607695
472,pp,0.05,0.0,14,2.4030867958068853,-4.785796240604285,-3.9730616543028088
473,do,0.05,0.0,70,1.6230357575416567,-5.975430529045336,-5.548345054520501
474,pp,0.05,0.0,70,2.5558853328227986,-8.18647010976618,-6.757801493008931
475,do,0.05,0.0,35,0.4159345602989193,-7.381833495515766,-6.782549730936686
476,pp,0.05,0.0,25,2.0216551387310027,-6.621944996804902,-5.708634103669061
477,do,0.05,0.0,45,1.6768525171279922,-8.748943035530322,-7.535272577073839
478,pp,0.05,0.0,23,2.321938771009446,-5.578783448537191,-4.8313147068023685
479,do,0.05,0.0,20,0.41966975450515687,-6.671107868714766,-5.936712514029609
480,pp,0.05,0.0,26,1.7924549436569217,-6.407877617171317,-5.708649555842082
481,do,0.05,0.0,69,-0.318410255908967,-8.422944522626473,-7.895971001519097
482,pp,0.05,0.0,25,3.457195818424224,-6.029993281219944,-4.677697894308302
483,do,0.05,0.0,70,-1.1165498507022846,-8.808488435456248,-8.200274472766452
484,pp,0.05,0.0,29,2.8778504049777993,-5.924482400489576,-4.8301269769668576
485,do,0.05,0.0,70,-0.8764329433441169,-7.864580602356882,-7.159409146838718
486,pp,0.05,0.0,28,2.7120073974132533,-5.8519748933387525,-4.572516885068682
487,do,0.05,0.0,65,0.7376622772216797,-6.9032724423842,-6.4004908667670355
488,pp,0.05,0.0,39,2.638881349563599,-7.088531358314283,-5.910858546362983
489,do,0.05,0.0,59,1.3585327935218805,-7.272349376389474,-6.366866230964661
490,pp,0.05,0.0,54,2.9122119820117955,-5.987283462466616,-5.383530759811402
491,do,0.05,0.0,70,1.5274905085563661,-7.70077723011826,-6.971836137771606
492,pp,0.05,0.0,70,1.9344145727157587,-6.714820698535804,-5.778861890898811
493,do,0.05,0.0,68,1.5513268351554874,-8.048108977982492,-6.828106387456258
494,pp,0.05,0.0,69,2.7471447587013254,-7.019530804951986,-6.101795472039116
495,do,0.05,0.0,70,1.3526663255691531,-6.593244152358084,-5.624529515372382
496,pp,0.05,0.0,48,2.4982913541793828,-6.065119218826294,-5.447348345650567
497,do,0.05,0.0,45,0.4840796136856067,-7.985243856545651,-8.705455080668132
498,pp,0.05,0.0,46,0.7348373937606816,-7.072703006050803,-6.492071957058377
499,do,0.05,0.0,47,2.605081131458282,-6.5446907390247695,-5.929031181335449
500,pp,0.05,0.0,24,2.508914264440536,-5.293537791570028,-4.419682108031379
501,do,0.05,0.0,14,0.9383640575408938,-6.351320970419682,-5.776972844865587
502,pp,0.05,0.0,60,2.497326256036758,-6.605634593963623,-5.706530819998847
503,do,0.05,0.0,60,1.6138313186168673,-7.955558596235333,-7.80143961376614
504,pp,0.05,0.0,41,2.0810512411594395,-6.8296600948680535,-6.017744848463271
505,do,0.05,0.0,61,0.6542785429954527,-8.439730530074149,-8.432953257030912
506,pp,0.05,0.0,31,1.5772859120368956,-5.64180201328162,-4.74966381655799
507,do,0.05,0.0,69,1.0268518781661982,-8.807898475184585,-7.629500108295017
508,pp,0.05,0.0,48,1.3567275881767271,-7.77465359803402,-6.220006301667955
509,do,0.05,0.0,41,0.5477726721763609,-7.996880869431929,-8.27688897980584
510,pp,0.05,0.0,70,1.3769945693016048,-7.615627317717581,-6.501047107908461
511,do,0.05,0.0,27,0.7686481440067308,-8.69792009122444,-9.336060979631212
512,pp,0.05,0.0,46,2.534439978599548,-6.832009428197687,-5.792781241734823
513,do,0.05,0.0,65,0.7562496256828304,-8.563405187202223,-7.609268421596951
514,pp,0.05,0.0,70,3.039448066949844,-6.954854823603775,-5.976544205347697
515,do,0.05,0.0,13,0.7795932602882383,-5.363584346482248,-4.73562245633867
516,pp,0.05,0.0,38,2.304484935998916,-8.601387000806405,-6.427879852718777
517,do,0.05,0.0,62,1.322733964920043,-7.114720723123261,-6.538558779822456
518,pp,0.05,0.0,61,3.4498049938678736,-7.188655424118042,-6.002431307898627
519,do,0.05,0.0,59,1.5545688056945801,-6.782319704691569,-7.383597951465183
520,pp,0.05,0.0,20,2.0285147154331202,-5.974170966581865,-4.884255091349284
521,do,0.05,0.0,35,0.5706346035003662,-7.297800152229541,-6.644421646330092
522,pp,0.05,0.0,35,2.31439933180809,-6.436586614088578,-5.4592182795206705
523,do,0.05,0.0,37,0.5204171431064601,-7.17768052852515,-6.431321814325121
524,pp,0.05,0.0,28,2.767802460193635,-5.860838806267941,-4.781968773735894
525,do,0.05,0.0,18,1.0730466997623438,-5.959258817903923,-5.287940104802449
526,pp,0.05,0.0,70,2.647103358507157,-6.660280716057979,-5.643621561262343
527,do,0.05,0.0,31,0.26018148303031996,-6.817730941194476,-6.2419421672821045
528,pp,0.05,0.0,39,1.9222653198242199,-7.015338017723777,-5.625483110215929
529,do,0.05,0.0,9,1.0535470306873318,-4.6912601095257385,-4.860100401772393
530,pp,0.05,0.0,28,1.5781984281539927,-7.228502954136242,-6.267121434211731
531,do,0.05,0.0,61,0.8373537325859068,-6.995734453201294,-6.991135321723091
532,pp,0.05,0.0,27,2.233332475423813,-5.31703212333448,-4.472488654984368
533,do,0.05,0.0,70,0.4357959222793575,-7.770900839025324,-6.9834399753146705
534,pp,0.05,0.0,39,1.8241914868354803,-5.66553506417708,-4.971574391259088
535,do,0.05,0.0,42,1.6574177873134612,-6.761226882356586,-5.957084472974142
536,pp,0.05,0.0,44,2.4104324567317956,-7.048673035881736,-5.806116350491842
537,do,0.05,0.0,30,1.2492041814327228,-6.497783691232855,-5.99156346850925
538,pp,0.05,0.0,19,2.844003795385361,-5.0435456680529045,-4.3681090778774685
539,do,0.05,0.0,34,0.320235351324083,-7.6529296499310115,-6.845822954177857
540,pp,0.05,0.0,10,1.0915850698947906,-5.091051202831847,-4.26999106142256
541,do,0.05,0.0,70,0.04059277296066277,-7.85462788957538,-6.9617535697089306
542,pp,0.05,0.0,27,1.750086871385574,-6.283633531223644,-5.7586338996887205
543,do,0.05,0.0,24,1.4133857488632202,-5.790388430971088,-5.187523449791803
544,pp,0.05,0.0,16,1.7495809447765351,-5.123187898867058,-4.102492022514343
545,do,0.05,0.0,47,0.5863284373283388,-7.0964578498493545,-6.659449084599813
546,pp,0.05,0.0,25,1.8486062145233166,-5.965131120970755,-5.182225243250529
547,do,0.05,0.0,70,0.5084500837326047,-7.175585842132568,-6.033667683601379
548,pp,0.05,0.0,48,1.9154579389095305,-7.1830401565089375,-5.817463530434503
549,do,0.05,0.0,32,-0.4758348083496102,-7.264712486845074,-6.982418441772461
550,pp,0.05,0.0,59,2.3205670249462127,-6.866731347459735,-5.474945976999071
551,do,0.05,0.0,70,0.2809771096706388,-6.506651345166293,-5.995822646882799
552,pp,0.05,0.0,28,1.807395230531692,-5.523023728168372,-4.507391974661085
553,do,0.05,0.0,16,0.12730169177055384,-6.329792623808889,-5.53647469414605
554,pp,0.05,0.0,31,2.7625209677219384,-7.193509831573024,-5.603259571393331
555,do,0.05,0.0,12,0.9767147159576419,-5.194747671936497,-5.484084333313836
556,pp,0.05,0.0,50,2.4245877110958096,-7.53967151930838,-6.0407018158170915
557,do,0.05,0.0,10,0.07067790031433052,-5.494836817365704,-4.999958727094862
558,pp,0.05,0.0,19,2.729301396608353,-6.1245309555169305,-4.758938670158386
559,do,0.05,0.0,35,1.1220705771446235,-6.748015850240534,-6.242596626281738
560,pp,0.05,0.0,70,2.3458873939514167,-7.320210319576842,-6.258082077238295
561,do,0.05,0.0,24,1.7815774321556095,-6.925438891035138,-6.547867780261569
562,pp,0.05,0.0,30,3.412031681537628,-5.316834860137015,-4.766162082884047
563,do,0.05,0.0,70,1.2920297038555137,-7.004406351031679,-6.464516348308987
564,pp,0.05,0.0,70,3.140969306230545,-5.742023573499737,-5.143897045983208
565,do,0.05,0.0,30,0.34601051807403493,-7.582645976904667,-8.396805355283949
566,pp,0.05,0.0,29,2.0895988762378694,-6.789470227559407,-5.1060695383283825
567,do,0.05,0.0,70,2.497482610940933,-6.744137068950769,-5.960123586654663
568,pp,0.05,0.0,48,2.349141654968262,-6.383549067468354,-5.428554142846002
569,do,0.05,0.0,70,1.9462089216709133,-7.362936599326856,-6.535787280400594
570,pp,0.05,0.0,32,2.863999571800232,-6.090745069041397,-5.293892833921644
571,do,0.05,0.0,1,-1.2294812965393067,-6.433537819891265,-5.855061459541321
572,pp,0.05,0.0,26,2.3981226611137387,-5.876537970340613,-4.620079991552565
573,do,0.05,0.0,25,0.15179833412170396,-6.142459383877841,-6.1564340962304005
574,pp,0.05,0.0,29,2.9757672214508055,-5.5708730321941955,-4.368813527954949
575,do,0.05,0.0,65,0.7224454569816592,-6.935415717327234,-6.784141217337714
576,pp,0.05,0.0,70,1.5258170688152317,-6.758027456745957,-5.779150361484952
577,do,0.05,0.0,13,1.2613515448570247,-4.964927566412723,-4.975855734613207
578,pp,0.05,0.0,29,2.382129517793656,-6.717937075008045,-5.85285734600491
579,do,0.05,0.0,70,0.6327812170982359,-7.93783013603904,-7.0976749314202205
580,pp,0.05,0.0,65,1.134940625429154,-7.280623804439198,-6.169593866666158
581,do,0.05,0.0,10,0.4422534286975859,-5.127568796909217,-4.861429362826877
582,pp,0.05,0.0,23,2.707545692920684,-6.516841178951841,-5.319276560677422
583,do,0.05,0.0,57,1.652556666135788,-6.226633460593946,-5.6634909735785595
584,pp,0.05,0.0,30,2.5203677558898923,-6.367257071986343,-5.395193417867024
585,do,0.05,0.0,12,0.13262943625450152,-5.70542629848827,-5.502638943990072
586,pp,0.05,0.0,59,1.0204812312126172,-7.26419720360727,-6.66241041554345
587,do,0.05,0.0,32,1.7290416443347931,-7.2392502365690286,-6.5516418033176
588,pp,0.05,0.0,38,2.1248154604434966,-6.882569639610522,-5.787368088298374
589,do,0.05,0.0,21,1.2719202435016639,-6.558064855228771,-8.073770872751872
590,pp,0.05,0.0,36,2.177075309753419,-6.163316824941925,-5.0691748963461984
591,do,0.05,0.0,46,1.0206484770774846,-8.611284027677593,-7.886952681011624
592,pp,0.05,0.0,61,2.2437807345390324,-6.681885320490057,-5.786880090501573
593,do,0.05,0.0,16,-0.22688332200050354,-6.315435377756755,-6.5144081274668375
594,pp,0.05,0.0,22,1.2012118935585026,-6.108059011806141,-5.134073577986824
595,do,0.05,0.0,68,2.001045553684235,-6.871874268849691,-6.217956145604451
596,pp,0.05,0.0,63,2.0141928648948673,-7.058019471890999,-5.843124757872688
597,do,0.05,0.0,35,1.094592856168747,-6.462496932347616,-6.776553932825724
598,pp,0.05,0.0,68,2.563144031763077,-6.436004397363374,-5.695285603735182
599,do,0.05,0.0,64,0.7981965780258182,-6.88335362925674,-7.576033073001438
600,pp,0.05,0.0,14,1.4916461718082434,-5.544324468843865,-4.405416048897637
601,do,0.05,0.0,62,1.0779991602897647,-7.845442942417029,-7.023828978008694
602,pp,0.05,0.0,56,2.9832841420173644,-6.550178598635124,-5.654034752315945
603,do,0.05,0.0,69,0.7155430889129635,-7.197869478572499,-6.983497773276435
604,pp,0.05,0.0,32,1.9806691658496858,-7.154475175973141,-5.686833691596985
605,do,0.05,0.0,9,1.1964825403690336,-5.204302576816443,-4.903238619698419
606,pp,0.05,0.0,66,2.59078770518303,-7.465237844351567,-6.359544600380792
607,do,0.05,0.0,70,1.2844791340827948,-7.011081162366,-6.277250093883938
608,pp,0.05,0.0,35,2.208282867670059,-7.048409876678929,-5.739306418100993
609,do,0.05,0.0,26,1.9248094844818127,-7.280571310447924,-6.146016213628981
610,pp,0.05,0.0,20,2.501515216827393,-5.094904258034446,-4.1847985214657255
611,do,0.05,0.0,58,1.1106935858726494,-6.685334903543645,-5.996198948224386
612,pp,0.05,0.0,36,2.4217661976814275,-6.399338638421261,-5.493787333700392
613,do,0.05,0.0,17,0.0883573019504551,-5.661859142419064,-5.014973119894663
614,pp,0.05,0.0,22,2.1330233120918267,-4.871075098442309,-4.006374059783088
615,do,0.05,0.0,14,1.0105729794502256,-5.235178957563458,-4.504776541392008
616,pp,0.05,0.0,70,1.5724352669715884,-8.82390200730526,-6.828855485386319
617,do,0.05,0.0,14,2.0582989752292633,-6.633741284861709,-5.80553559727139
618,pp,0.05,0.0,70,2.6740206038951886,-8.111292042876736,-6.028595831659105
619,do,0.05,0.0,33,1.1775080049037934,-6.808435877886685,-6.169145144356621
620,pp,0.05,0.0,20,2.627083370685577,-4.692086846900708,-4.237405057748159
621,do,0.05,0.0,18,0.9268140745162956,-5.6696923328168465,-5.478945260577731
622,pp,0.05,0.0,22,2.175811439752578,-5.382327877391468,-4.776191862424215
623,do,0.05,0.0,16,-0.18571700334548957,-5.67000468860973,-4.944857094022963
624,pp,0.05,0.0,22,1.71505258321762,-5.599347063989351,-4.931736837493049
625,do,0.05,0.0,23,0.7466192507743834,-6.134104842850657,-5.44022322760688
626,pp,0.05,0.0,9,1.9393565809726718,-4.226246091091272,-3.6799947381019593
627,do,0.05,0.0,20,2.4840403461456297,-7.2013806877714215,-6.600108287069532
628,pp,0.05,0.0,31,3.0455129897594446,-5.497922913233439,-4.545647425121731
629,do,0.05,0.0,22,0.6568803358078004,-7.211286449432373,-7.843938038084242
630,pp,0.05,0.0,70,1.9482176053524025,-7.55732762596824,-6.427939597765604
631,do,0.05,0.0,13,1.320308804512024,-5.598155072241118,-4.933722252315945
632,pp,0.05,0.0,26,1.9607127070426955,-9.00649480675206,-6.8652416255739
633,do,0.05,0.0,37,0.08351997613906903,-8.162216475515654,-7.1017981688181555
634,pp,0.05,0.0,54,1.6791615533828725,-8.35271668289647,-6.91479525566101
635,do,0.05,0.0,37,1.4974366188049322,-6.414704186988599,-5.748628587192959
636,pp,0.05,0.0,13,2.1087358939647673,-5.4147461009748055,-4.086033134990268
637,do,0.05,0.0,70,1.1908103513717645,-7.95469044194077,-7.175520510143704
638,pp,0.05,0.0,38,3.1830673503875726,-6.395614144296357,-5.320534062385559
639,do,0.05,0.0,70,0.07932835578918507,-8.135592830542363,-7.279949617385864
640,pp,0.05,0.0,31,3.0283198511600498,-6.012078376249834,-4.800159433152941
641,do,0.05,0.0,55,1.2975520682334905,-7.037314069632328,-6.529952843983968
642,pp,0.05,0.0,23,2.2719808578491207,-5.800919435963486,-4.933299785190158
643,do,0.05,0.0,30,1.5976571345329287,-5.547177243955208,-4.884978371196323
644,pp,0.05,0.0,17,1.73824248790741,-5.757147991296017,-4.9467417769961886
645,do,0.05,0.0,4,0.29649112105369557,-4.943340118003614,-4.1533128791385225
646,pp,0.05,0.0,21,2.5554800570011142,-4.986504511399702,-4.205560739835104
647,do,0.05,0.0,20,1.7261070692539215,-4.755157527056608,-4.269756468137105
648,pp,0.05,0.0,26,2.6039239048957823,-4.898911403887199,-4.32651342815823
649,do,0.05,0.0,39,1.3254951035976417,-6.497905092528372,-5.910168438487583
650,pp,0.05,0.0,45,2.0698621940612796,-6.739197570627386,-5.9081948174370655
651,do,0.05,0.0,70,1.7491600000858307,-6.921853481639515,-5.97430857817332
652,pp,0.05,0.0,22,2.025519152879715,-5.343971058816621,-4.554553151130676
653,do,0.05,0.0,27,1.1495831811428072,-6.871050997936364,-6.303937024540371
654,pp,0.05,0.0,69,2.876755679845811,-7.745656084291863,-6.560961339208815
655,do,0.05,0.0,24,2.3150196278095247,-5.224933950828784,-4.652946856286791
656,pp,0.05,0.0,38,3.6015677106380455,-5.8123049996115945,-5.104668776194255
657,do,0.05,0.0,70,2.180521917343139,-6.657393626010779,-6.5829127391179405
658,pp,0.05,0.0,38,2.293860617876053,-6.1308349016940955,-5.630023550987244
659,do,0.05,0.0,55,2.6018272078037255,-6.505394623496316,-5.734738402896458
660,pp,0.05,0.0,23,2.7579145407676693,-5.526433050271237,-5.157367738087972
661,do,0.05,0.0,29,2.67393624663353,-5.976043270573472,-6.17490078608195
662,pp,0.05,0.0,30,2.9458225202560424,-6.341539021694299,-5.708993313047621
663,do,0.05,0.0,21,1.4879028725624082,-7.231727066907015,-7.4893699698978
664,pp,0.05,0.0,34,2.8120524227619175,-7.163999235268795,-5.444586896896363
665,do,0.05,0.0,23,1.2965215992927552,-6.066279331843059,-5.62449053923289
666,pp,0.05,0.0,70,3.0888636088371273,-6.553640362710664,-5.617154404852125
667,do,0.05,0.0,28,1.9299265050888064,-5.9331317713766385,-5.583377650048997
668,pp,0.05,0.0,15,1.8803477299213407,-5.2745826533346465,-4.678392985132006
669,do,0.05,0.0,27,2.6654905188083644,-6.668670070532596,-5.215748879644606
670,pp,0.05,0.0,63,3.6564415955543517,-7.1642720973852905,-6.655535072750515
671,do,0.05,0.0,70,1.5742825949192047,-6.9365518671093565,-6.2753649393717446
672,pp,0.05,0.0,51,2.354156883955002,-6.7623930931091305,-5.774835228919983
673,do,0.05,0.0,62,1.89940162062645,-6.574909476077917,-6.26057411034902
674,pp,0.05,0.0,34,2.303296905755996,-6.03255088112571,-5.192117574479845
675,do,0.05,0.0,45,1.8873166942596447,-7.26541181044145,-6.925979423522949
676,pp,0.05,0.0,70,2.6465963268280035,-6.38671279965025,-5.691385006904602
677,do,0.05,0.0,70,1.1171349143981928,-9.653835090001424,-8.88030587832133
678,pp,0.05,0.0,67,2.573254861831666,-8.095847803173644,-6.10319803820716
679,do,0.05,0.0,54,1.7890131390094757,-7.685449773615057,-7.517707925372654
680,pp,0.05,0.0,23,1.9653933620452877,-5.985084962844849,-5.075677426656087
681,do,0.05,0.0,70,2.0277686715126046,-6.902206699775927,-6.139915619956122
682,pp,0.05,0.0,17,1.8731464326381682,-5.608659466830167,-4.787171959877014
683,do,0.05,0.0,70,1.7700007832050328,-7.470408354383526,-7.2959033966064455
684,pp,0.05,0.0,55,2.2580109918117515,-7.588575605912642,-6.169931573337979
685,do,0.05,0.0,19,2.2182864522933956,-5.23440376773025,-4.380860665109423
686,pp,0.05,0.0,67,4.182281874418259,-5.684949187076453,-5.096228040589226
687,do,0.05,0.0,70,1.9007040774822235,-6.261047486102942,-6.614540722635057
688,pp,0.05,0.0,8,1.3981047236919402,-4.709068568547567,-3.925678843922085
689,do,0.05,0.0,39,1.5550203633308408,-5.616228119532267,-5.941328183809916
690,pp,0.05,0.0,32,3.7379785871505744,-5.1094675309730295,-4.387812731001112
691,do,0.05,0.0,17,1.7170054221153261,-4.9482910459691825,-4.930927522977194
692,pp,0.05,0.0,53,2.4915307545661918,-7.4945264787384955,-6.484808479415046
693,do,0.05,0.0,32,1.250079408884048,-5.612115832531091,-5.553796617190043
694,pp,0.05,0.0,48,2.585899138450623,-6.300058960192131,-5.840987229347229
695,do,0.05,0.0,28,1.5544455695152282,-5.816671875751379,-6.231126340230306
696,pp,0.05,0.0,30,2.9132705450057976,-5.495833551522457,-5.123205799526638
697,do,0.05,0.0,70,2.7900064623355867,-6.779821969523574,-5.815581938955519
698,pp,0.05,0.0,18,2.339154719114304,-5.356939195864128,-4.556077922715081
699,do,0.05,0.0,29,1.7105383086204524,-5.99939370877815,-6.222027977307637
700,pp,0.05,0.0,70,2.607842564582824,-6.7776175354466295,-5.773193388515049
701,do,0.05,0.0,55,1.5441886234283437,-9.083380574891061,-8.952652708689373
702,pp,0.05,0.0,59,2.3112278199195853,-7.2245453401045365,-6.051588389608595
703,do,0.05,0.0,70,2.9923297345638282,-6.242977096095229,-5.587386894226074
704,pp,0.05,0.0,69,2.9870836925506596,-6.657221363530015,-6.05709007051256
705,do,0.05,0.0,62,0.809296134710312,-7.417162044120557,-6.63103801674313
706,pp,0.05,0.0,39,2.8644589948654167,-5.663034663055882,-4.730201212565104
707,do,0.05,0.0,46,0.8964290118217466,-7.680087076533924,-6.964794418546888
708,pp,0.05,0.0,24,3.188887239694595,-5.012316940770004,-4.672368433740404
709,do,0.05,0.0,59,0.675017609596253,-8.270927088188403,-7.085286145740085
710,pp,0.05,0.0,32,2.68228221654892,-6.234473735635931,-4.849017797576057
711,do,0.05,0.0,9,0.9252758777141574,-5.037945357235995,-4.8185914039611815
712,pp,0.05,0.0,20,2.076875903606415,-5.918392629334421,-4.880531856748793
713,do,0.05,0.0,4,0.358714005947113,-4.806904628060081,-4.342015414767795
714,pp,0.05,0.0,59,2.2041042113304137,-7.231183908924912,-6.4578003777398
715,do,0.05,0.0,10,1.8830998563766483,-5.0156615401759295,-4.54129421181149
716,pp,0.05,0.0,29,2.4018667125701905,-5.694608517849084,-4.781010521782769
717,do,0.05,0.0,17,0.6743736088275911,-6.091843641165531,-5.384886034329733
718,pp,0.05,0.0,20,3.035754878520965,-5.197466133580063,-4.721091161833869
719,do,0.05,0.0,27,1.233749409914017,-6.791353633187034,-6.259880198372735
720,pp,0.05,0.0,11,2.0069017517566685,-5.03464363560532,-4.244857475492689
721,do,0.05,0.0,14,1.4451920616626737,-5.3257103674339525,-4.90396445327335
722,pp,0.05,0.0,43,1.1659807896614067,-7.096482227787827,-5.945784253544278
723,do,0.05,0.0,21,1.567822459936142,-6.289687088764075,-5.594988134172228
724,pp,0.05,0.0,34,2.853254835605621,-5.358274745941162,-4.684372562832302
725,do,0.05,0.0,4,0.09725703835487387,-5.152598457625418,-4.45592868593004
726,pp,0.05,0.0,22,2.310316479206085,-6.268413532141484,-5.21951777405209
727,do,0.05,0.0,44,1.6761617493629455,-7.439446283109261,-6.337194074524773
728,pp,0.05,0.0,16,2.659806170463562,-5.58189135464755,-4.330229081047905
729,do,0.05,0.0,43,2.1934137153625493,-8.056566111246745,-7.090954340828789
730,pp,0.05,0.0,30,3.103361470699311,-6.821820212855483,-5.839847577942742
731,do,0.05,0.0,24,1.7163222503662112,-5.814604658069032,-5.605958755811056
732,pp,0.05,0.0,13,2.5848360407352446,-5.264669075879183,-4.424559871355693
733,do,0.05,0.0,22,1.3827415454387673,-5.653014011094064,-6.4039767318301735
734,pp,0.05,0.0,25,2.3985486340522773,-5.278949805461999,-5.259654238488939
735,do,0.05,0.0,27,2.594725530147553,-6.039615691791881,-5.991424412197537
736,pp,0.05,0.0,32,3.124848326444626,-6.207762489896832,-6.440309744411045
737,do,0.05,0.0,70,0.6139481329917906,-7.312946068156849,-7.0760921584235295
738,pp,0.05,0.0,39,1.7179251134395592,-6.22184877540126,-5.213051766819424
739,do,0.05,0.0,61,2.6684406685829165,-6.684597758090857,-5.704975538783604
740,pp,0.05,0.0,67,3.466481736898423,-6.715121478745432,-5.678531002998352
741,do,0.05,0.0,45,2.6593766903877256,-5.541819347034801,-4.744619848993089
742,pp,0.05,0.0,32,2.305361680984496,-5.610847926862312,-5.150700706905789
743,do,0.05,0.0,25,1.2154960370063783,-6.360832334287239,-7.437802187601725
744,pp,0.05,0.0,70,1.7508496236801143,-6.668874805623835,-5.7893923070695665
745,do,0.05,0.0,70,1.5909099793434143,-7.328880249370228,-7.2264200369517
746,pp,0.05,0.0,48,2.3983122754096993,-6.926661007332079,-5.756410638491313
747,do,0.05,0.0,56,1.9414815235137928,-6.854986926281091,-5.778332967228359
748,pp,0.05,0.0,63,2.9566650378704074,-5.8092773972135605,-5.039360621240404
749,do,0.05,0.0,56,1.7579201018810267,-6.515501896540324,-5.92110907236735
750,pp,0.05,0.0,10,2.055094611644745,-4.626928008686413,-3.930644660525852
751,do,0.05,0.0,70,2.5464781868457793,-6.028720094218398,-5.350559438599481
752,pp,0.05,0.0,21,2.524551200866699,-4.682956657987653,-4.344879862997267
753,do,0.05,0.0,57,3.016759321689605,-5.904300462838375,-5.393121777640449
754,pp,0.05,0.0,35,2.6512443971633903,-5.518318130030776,-5.148082693417867
755,do,0.05,0.0,50,1.8992052042484282,-5.492262598962495,-5.090374122725593
756,pp,0.05,0.0,11,1.9327856850624086,-4.338773561246468,-3.8001266055636935
757,do,0.05,0.0,51,2.406566767692566,-6.466596571604411,-5.784967393345303
758,pp,0.05,0.0,18,2.607383004426956,-5.019376234574751,-4.421850315729777
759,do,0.05,0.0,70,2.2801045155525212,-7.701674644874804,-6.275170471933153
760,pp,0.05,0.0,67,3.813002787828446,-5.613973874756784,-4.956798418362935
761,do,0.05,0.0,14,1.7866992139816285,-5.5220492045084635,-6.200975388950772
762,pp,0.05,0.0,11,2.2802668309211738,-5.13189091537938,-4.8925908697976
763,do,0.05,0.0,23,1.8112226009368886,-9.042002867207383,-8.528582488165961
764,pp,0.05,0.0,70,2.704016464948654,-7.2557053219188345,-6.12702914873759
765,do,0.05,0.0,41,2.2720395028591156,-8.034245962085146,-6.752998455365499
766,pp,0.05,0.0,54,2.6284209406375894,-6.237927774949507,-5.6479602734247845
767,do,0.05,0.0,70,1.8970352327823647,-6.346135067217277,-5.948950635062324
768,pp,0.05,0.0,17,2.340003654956818,-4.539684934327097,-4.086064032713572
769,do,0.05,0.0,70,2.0161252498626707,-7.514363959341338,-7.316403065787421
770,pp,0.05,0.0,70,2.4506532764434814,-7.610757596565016,-6.488297022713555
771,do,0.05,0.0,17,2.064159610271454,-5.627986367543539,-5.574092027876112
772,pp,0.05,0.0,26,3.0981782650947576,-6.096160559220747,-5.0305345296859745
773,do,0.05,0.0,20,1.525554951429367,-6.008815226410374,-5.701130686865913
774,pp,0.05,0.0,37,1.9439061129093167,-6.3021391955288975,-5.381698293156094
775,do,0.05,0.0,70,1.7335637485980975,-6.665638113021851,-5.8907125578986275
776,pp,0.05,0.0,70,2.959590320587158,-6.441459460691973,-5.451242446899414
777,do,0.05,0.0,18,0.6301819717884065,-6.301252357887499,-5.793314711252848
778,pp,0.05,0.0,18,1.4523505377769474,-5.9589168057297215,-5.210586942566765
779,do,0.05,0.0,12,1.9391479969024665,-5.9545479210940275,-5.171269218126933
780,pp,0.05,0.0,33,2.9397878503799433,-6.243852622581251,-5.308376312255859
781,do,0.05,0.0,70,1.9669624078273777,-6.8476548252683695,-6.462458205223084
782,pp,0.05,0.0,23,2.0368625533580786,-6.114291698282416,-5.251798134379917
783,do,0.05,0.0,70,1.5282548320293428,-6.343533822261926,-6.075968564881219
784,pp,0.05,0.0,34,2.228572068214416,-6.88880792242108,-5.4912233432134
785,do,0.05,0.0,70,1.2395877456665048,-7.349472512620868,-6.7759047932095
786,pp,0.05,0.0,29,2.6847473025321964,-5.717046405329849,-5.045068295796712
787,do,0.05,0.0,41,2.57519832611084,-5.947607031735507,-4.7300603283776175
788,pp,0.05,0.0,30,3.2353859794139863,-4.908018154086489,-4.278924202919006
789,do,0.05,0.0,31,1.0347877216339114,-6.265329807454889,-7.076291630003188
790,pp,0.05,0.0,43,2.321572333574296,-6.356533377098315,-5.50292006333669
791,do,0.05,0.0,28,1.9185677027702335,-6.731320132631244,-6.186054253578186
792,pp,0.05,0.0,48,3.0130836427211767,-5.6531478058208116,-5.688597056600782
793,do,0.05,0.0,18,1.7820612549781805,-7.292624687426018,-7.29744635687934
794,pp,0.05,0.0,26,2.6040147542953482,-5.975582507162383,-5.4080908722347685
795,do,0.05,0.0,58,1.5965402507781983,-7.900577993103952,-6.604011988639831
796,pp,0.05,0.0,64,1.8554529917240146,-7.509551736080286,-6.190018857849969
797,do,0.05,0.0,13,1.092559361457825,-5.045547452117457,-4.8914979166454735
798,pp,0.05,0.0,29,2.260938532352447,-6.077354821291837,-5.527309073342217
799,do,0.05,0.0,62,3.1174363422393796,-5.962259561365301,-5.033872135480245
800,pp,0.05,0.0,33,3.3720659542083737,-5.985823116880475,-5.1438836389117775
801,do,0.05,0.0,43,2.09818022608757,-4.801979827880859,-4.82001973523034
802,pp,0.05,0.0,24,0.993799791336059,-6.5368043278202865,-4.911361673143175
803,do,0.05,0.0,70,1.2732942390441897,-7.5660242499727195,-6.916332952181498
804,pp,0.05,0.0,28,3.4236571407318115,-5.243581653363777,-4.19539835717943
805,do,0.05,0.0,28,1.9986419141292577,-4.495261523940346,-4.501816023720635
806,pp,0.05,0.0,57,3.3868057060241696,-5.834873111320264,-5.473282321294149
807,do,0.05,0.0,11,1.0774003946781159,-4.410778046376778,-4.689778905444675
808,pp,0.05,0.0,8,1.5501444125175476,-4.660072489940759,-3.896764114167955
809,do,0.05,0.0,37,1.2219482862949373,-5.630789714871031,-6.008941827880012
810,pp,0.05,0.0,12,1.9098731911182405,-5.24026350252556,-4.157059995333354
811,do,0.05,0.0,12,0.8082728004455566,-4.548077936605973,-4.720904445648193
812,pp,0.05,0.0,34,2.8755830264091493,-7.909524848244407,-6.5931190941068865
813,do,0.05,0.0,27,1.857180376052857,-5.16538712978363,-5.001014282968309
814,pp,0.05,0.0,21,1.6247285759449008,-6.439798603635846,-5.336086728837755
815,do,0.05,0.0,70,2.00966837644577,-4.53783832318855,-4.476933553483751
816,pp,0.05,0.0,13,1.5187941420078275,-6.008672195492369,-4.475590215788947
817,do,0.05,0.0,68,1.2504462695121763,-7.522824811935425,-6.859281879001194
818,pp,0.05,0.0,12,2.258479257822037,-4.926582222273855,-3.9857532448238797
819,do,0.05,0.0,70,2.7812913954257965,-7.626337312929558,-6.870890352461073
820,pp,0.05,0.0,10,2.0903441834449765,-4.592047536734379,-3.9779190686013965
821,do,0.05,0.0,36,2.0226645267009733,-7.146016525499748,-5.583253179656134
822,pp,0.05,0.0,10,1.9772991120815275,-4.745326085524126,-4.001048362255096
823,do,0.05,0.0,27,1.5373207342624662,-6.15504187670621,-5.219346623950535
824,pp,0.05,0.0,6,1.43145214676857,-4.502674341201782,-3.764100268152025
825,do,0.05,0.0,70,2.543635107278824,-7.024579633365978,-6.23107017411126
826,pp,0.05,0.0,54,1.3750859224796308,-8.616191905917542,-7.592503952980041
827,do,0.05,0.0,35,1.7357428944110875,-6.05635704127225,-5.12967140144772
828,pp,0.05,0.0,16,2.399392737150192,-4.64192369778951,-3.9001383582750955
829,do,0.05,0.0,43,1.7977716171741491,-5.646440250223333,-5.102827384736803
830,pp,0.05,0.0,49,1.5168094789981836,-7.516879973267064,-6.656404190593296
831,do,0.05,0.0,26,1.6345618450641632,-6.0621587305357965,-5.0343636141883
832,pp,0.05,0.0,6,0.9648015403747561,-4.810377424413508,-4.026429102155897
833,do,0.05,0.0,37,3.130924428701401,-6.242874609340321,-5.9495523797141185
834,pp,0.05,0.0,14,1.9551063382625573,-5.502724258827441,-4.339709270000458
835,do,0.05,0.0,48,1.6083448374271399,-5.267885498567061,-5.067035015424093
836,pp,0.05,0.0,31,2.336049230098725,-6.042227857763117,-5.2779450668229
837,do,0.05,0.0,41,1.738403990268707,-4.724993551138676,-4.74028951327006
838,pp,0.05,0.0,19,1.5722474491596223,-4.925109695665764,-3.9120360136032106
839,do,0.05,0.0,19,2.129560714960098,-5.437256869402799,-4.987382658322653
840,pp,0.05,0.0,21,2.9114929640293123,-5.641849458578861,-4.657770996623569
841,do,0.05,0.0,57,1.9089376568794245,-6.1168051372874865,-5.8022283050749035
842,pp,0.05,0.0,6,1.492931089401245,-4.437915595372518,-3.747191415892707
843,do,0.05,0.0,17,1.9151256895065307,-4.521643085190744,-4.375682430797153
844,pp,0.05,0.0,21,1.4980234098434453,-5.562586280071375,-4.590582304530674
845,do,0.05,0.0,70,2.984712749719619,-6.738126698407259,-6.622205079926385
846,pp,0.05,0.0,18,2.386102082729339,-6.7937594399307715,-5.7034375190734865
847,do,0.05,0.0,70,0.8857528090476992,-5.938616056153268,-5.824589241875542
848,pp,0.05,0.0,70,2.102586623430252,-6.6169228235880535,-5.878716209199694
849,do,0.05,0.0,37,2.4336559844017023,-4.338895287658229,-4.076346243752374
850,pp,0.05,0.0,24,3.0138098239898676,-5.585136397679647,-4.607530228296915
851,do,0.05,0.0,48,1.676059303283692,-6.7035590345209295,-6.163369819853041
852,pp,0.05,0.0,55,2.0954622626304626,-8.852852257815274,-8.485649914211697
853,do,0.05,0.0,13,1.4957143008708949,-5.471668166825266,-5.024715765317281
854,pp,0.05,0.0,5,1.15064737200737,-4.684784413828995,-3.8924792687098186
855,do,0.05,0.0,49,1.557754980325699,-6.469114151867953,-6.197985100746155
856,pp,0.05,0.0,57,2.161619395017623,-7.188559435353135,-5.848125746515062
857,do,0.05,0.0,70,1.6529748332500462,-6.8404086228572965,-6.265532223383586
858,pp,0.05,0.0,64,2.429005708694458,-7.068045517892548,-5.984372493955824
859,do,0.05,0.0,70,3.191765742301941,-4.491419826131878,-4.450193243556552
860,pp,0.05,0.0,34,3.1214519476890565,-5.986168078220252,-4.270818066596985
861,do,0.05,0.0,40,3.0976012337207797,-5.384208260160504,-5.598967382642958
862,pp,0.05,0.0,19,2.2552013492584235,-4.931461110259548,-4.533308500713773
863,do,0.05,0.0,70,2.454831892251968,-6.942181847312233,-8.089903378486634
864,pp,0.05,0.0,62,2.2352339088916775,-8.98325000820738,-7.108454688390096
865,do,0.05,0.0,35,1.5911362016201007,-7.002281555984959,-6.761171054840088
866,pp,0.05,0.0,21,2.52371484875679,-5.014405192750873,-4.0698485957251656
867,do,0.05,0.0,29,2.7211488294601436,-5.521114412943522,-5.518947256935967
868,pp,0.05,0.0,70,2.0755499577522274,-7.263535136887522,-6.45989765326182
869,do,0.05,0.0,23,3.05021614074707,-5.0861388683319095,-5.064934984842936
870,pp,0.05,0.0,12,2.176166627407074,-5.817227886662339,-4.541607522964478
871,do,0.05,0.0,36,3.1437464749813078,-5.343384797645338,-6.178084752294752
872,pp,0.05,0.0,39,2.232977051734925,-5.734237319772894,-5.014632762802972
873,do,0.05,0.0,70,1.5198401463031779,-5.998319185141361,-5.759374721844991
874,pp,0.05,0.0,70,1.7918795549869522,-9.641301825552276,-7.7440627654393515
875,do,0.05,0.0,48,2.098291852474212,-8.123079350500396,-7.554085652033488
876,pp,0.05,0.0,57,1.7681341767311096,-8.586997656388716,-7.775935665766398
877,do,0.05,0.0,15,1.5595702421665196,-5.182140379241019,-5.51603102154202
878,pp,0.05,0.0,47,1.9798381161689766,-6.852676216761271,-6.563448813226488
879,do,0.05,0.0,58,0.6900090980529789,-8.01096421588551,-7.716419802771674
880,pp,0.05,0.0,11,0.7630827796459201,-6.814877372799498,-5.345494834582011
881,do,0.05,0.0,70,3.1500125312805167,-5.839604818459713,-5.246136363347372
882,pp,0.05,0.0,38,4.232700382471085,-5.910041589447946,-4.765843084123399
883,do,0.05,0.0,70,1.319535249471664,-6.979726447481098,-6.348489830229018
884,pp,0.05,0.0,41,3.2351027429103842,-6.689905848647609,-5.784538992245992
885,do,0.05,0.0,35,3.260196256637573,-6.142437114137592,-5.332351565361023
886,pp,0.05,0.0,25,2.082088967561721,-8.115666165496364,-6.505610013008118
887,do,0.05,0.0,17,0.9879539990425101,-5.668003077940507,-5.289719687567817
888,pp,0.05,0.0,38,2.9631243038177493,-6.287579176642678,-5.2860737323760985
889,do,0.05,0.0,26,2.27305988907814,-5.086036962451357,-4.421116312344869
890,pp,0.05,0.0,70,1.981401652097703,-7.237342106212269,-5.642056184344821
891,do,0.05,0.0,13,0.08973718643188455,-5.5236717426415645,-5.236788201332092
892,pp,0.05,0.0,28,1.584605692625046,-5.753186853004224,-5.000285866525438
893,do,0.05,0.0,18,-0.991748788356781,-6.883718230507591,-6.536934079064263
894,pp,0.05,0.0,70,1.1048256635665892,-6.771624005924572,-5.956587041748895
895,do,0.05,0.0,17,0.024084066152573413,-5.762071868145105,-6.436188639534844
896,pp,0.05,0.0,33,3.4180838525295263,-7.2479460008216625,-4.983593304951985
897,do,0.05,0.0,59,1.9526420211791988,-7.666382434151389,-8.32349778811137
898,pp,0.05,0.0,25,1.6747719836235042,-5.941901964129824,-5.354350431760152
899,do,0.05,0.0,13,0.35896838188171376,-6.177585740522905,-6.567601023779975
900,pp,0.05,0.0,70,3.0529471898078926,-6.543681919213498,-4.89187167485555
901,do,0.05,0.0,54,1.3344206547737114,-7.412290827433268,-6.8326171345180935
902,pp,0.05,0.0,49,1.2773695302009571,-8.848920014410307,-7.484002494812012
903,do,0.05,0.0,65,3.9839335155487063,-7.611535793362242,-6.275736014048259
904,pp,0.05,0.0,70,2.7926731753349294,-7.40559191125812,-6.1433267513910925
905,do,0.05,0.0,61,0.9858685064315793,-8.35853315555688,-7.433737442228529
906,pp,0.05,0.0,47,1.657792587280274,-7.123739154411084,-6.509872839185927
907,do,0.05,0.0,70,2.3713517236709603,-7.745453161181826,-8.429313050376045
908,pp,0.05,0.0,24,1.6806833648681634,-5.969965741128632,-4.956920716497633
909,do,0.05,0.0,9,-0.15233999490737915,-5.655794051199249,-5.003311125437419
910,pp,0.05,0.0,65,0.8672820019721978,-8.59577459566521,-7.018295076158312
911,do,0.05,0.0,52,1.656002250909805,-7.852332233660149,-8.32318998972575
912,pp,0.05,0.0,47,1.753679360151291,-8.476698405814894,-6.956843468878004
913,do,0.05,0.0,31,1.5736633157730102,-6.101243758924079,-5.90282867219713
914,pp,0.05,0.0,18,2.6681423044204715,-5.431175938519565,-4.452119692166646
915,do,0.05,0.0,16,1.252239692211151,-5.552442143180153,-6.037640828556484
916,pp,0.05,0.0,15,1.6047850441932674,-5.446146892778801,-4.523057225015428
917,do,0.05,0.0,30,0.8635807371139528,-7.029152699672815,-6.768242539299859
918,pp,0.05,0.0,31,1.658104348182679,-9.198397107557817,-7.752262030707465
919,do,0.05,0.0,31,1.5145649361610412,-5.939284804373076,-6.275744443469577
920,pp,0.05,0.0,23,1.7891166126728049,-6.838152544426196,-5.178753805160523
921,do,0.05,0.0,14,0.36397302389144937,-6.276036065997499,-5.547101238038805
922,pp,0.05,0.0,13,0.9191910541057586,-6.316956846641772,-5.383865049150255
923,do,0.05,0.0,15,1.1623084521293645,-5.422510686065212,-5.857734473546346
924,pp,0.05,0.0,13,2.436571289300918,-5.244557874852961,-4.595135907332103
925,do,0.05,0.0,22,1.4960836589336397,-5.55125586047317,-4.983591808213128
926,pp,0.05,0.0,64,2.555130027532578,-6.778873125712077,-5.659144353866577
927,do,0.05,0.0,18,1.6351042401790616,-5.675517960750695,-5.937023162841797
928,pp,0.05,0.0,29,1.2061131966114047,-8.255456386912952,-6.466106491618686
929,do,0.05,0.0,16,1.4590744650363918,-6.0242585803523205,-5.248100272814432
930,pp,0.05,0.0,29,2.922262306213379,-7.697396159894539,-6.903011120690239
931,do,0.05,0.0,9,0.35406259775161786,-5.30402891997135,-4.7788475275039675
932,pp,0.05,0.0,51,1.0595799350738524,-7.499923604907411,-6.928103605906169
933,do,0.05,0.0,50,2.245494844913483,-7.676314835114913,-7.4458486504024926
934,pp,0.05,0.0,54,2.1309059119224543,-9.368478377660116,-8.829645755555894
935,do,0.05,0.0,13,0.8123971796035772,-6.629164645166108,-6.583728090922038
936,pp,0.05,0.0,70,1.6083349800109872,-10.021433518149635,-9.357983663347031
937,do,0.05,0.0,65,1.855862284898758,-6.592992833166411,-6.7518032577302725
938,pp,0.05,0.0,19,2.763824816942215,-4.93750662948146,-4.078157269954682
939,do,0.05,0.0,70,2.011689131259917,-6.92325179793618,-6.558507121933831
940,pp,0.05,0.0,10,1.8398376572132111,-5.297532835873691,-4.127413370874193
941,do,0.05,0.0,18,1.2687687432765964,-6.377297449111938,-5.49354411760966
942,pp,0.05,0.0,6,0.837898968458175,-5.488800842111761,-4.35617520544264
943,do,0.05,0.0,20,2.098569234609604,-5.520623351588394,-5.3175046179029675
944,pp,0.05,0.0,60,0.6461492729187013,-7.858949986371127,-6.177788586086697
945,do,0.05,0.0,70,1.080686693191529,-7.370402823072491,-6.394597466786703
946,pp,0.05,0.0,10,1.5415072572231292,-5.4838522867722945,-4.441305626763238
947,do,0.05,0.0,13,0.9663987910747522,-4.670722228830511,-4.730851067437066
948,pp,0.05,0.0,14,0.703026713132858,-6.160849457076101,-5.229991594950358
949,do,0.05,0.0,20,2.1027640259265903,-6.959172189596927,-6.584166389041477
950,pp,0.05,0.0,8,1.696797757148743,-5.03710124131405,-4.088278788990444
951,do,0.05,0.0,45,1.5824791765213009,-7.337193383592548,-7.267408310042487
952,pp,0.05,0.0,44,2.3715906643867486,-7.909152431199045,-7.090297190348307
953,do,0.05,0.0,48,1.89170816540718,-6.213979315035271,-8.249664568901062
954,pp,0.05,0.0,18,2.2972924757003783,-4.906391054211241,-4.0025034348169966
955,do,0.05,0.0,16,-0.04728610992431648,-6.16436421509945,-6.101042487886217
956,pp,0.05,0.0,38,1.448965295553208,-7.201983841982755,-7.131683288680183
957,do,0.05,0.0,70,2.4032172870635993,-8.572863395286328,-8.3779449250963
958,pp,0.05,0.0,6,1.3977766561508176,-4.599661510640924,-3.774098006884257
959,do,0.05,0.0,25,1.6034606409072882,-6.8669099258654045,-7.654449070824517
960,pp,0.05,0.0,10,1.7699232804775242,-5.678238751671531,-4.089215306440989
961,do,0.05,0.0,54,2.2291335737705236,-7.372437558029637,-6.777676712142097
962,pp,0.05,0.0,65,2.2898821079730993,-9.077022117556947,-6.600519087579515
963,do,0.05,0.0,18,1.4500568079948426,-5.308876351154212,-5.699041774537828
964,pp,0.05,0.0,12,1.8991596341133121,-6.372810723564841,-4.414442221323649
965,do,0.05,0.0,1,-1.2700472962856297,-6.404207034544512,-5.941815842522515
966,pp,0.05,0.0,39,2.6418274271488187,-5.535407324993249,-4.91509894794888
967,do,0.05,0.0,70,2.381756675243378,-8.463736773982193,-7.4008533106909855
968,pp,0.05,0.0,48,2.1444013655185694,-7.666988936337558,-5.580376055505541
969,do,0.05,0.0,55,-0.5030343735218032,-8.534826359604343,-9.278904257880317
970,pp,0.05,0.0,55,2.9189733695983886,-7.847426629788948,-6.959913020663791
971,do,0.05,0.0,22,2.425204240083695,-5.779378899660977,-5.683366746372647
972,pp,0.05,0.0,12,2.519753944873811,-6.850985927292795,-5.335773179266188
973,do,0.05,0.0,19,0.41940467238426216,-5.547391833681049,-5.232877813445198
974,pp,0.05,0.0,37,4.050124130249023,-7.05320666920055,-5.335706492265065
975,do,0.05,0.0,33,2.0285136699676514,-6.8458927183440235,-6.009458496835497
976,pp,0.05,0.0,50,2.1890460336208353,-8.990969769159953,-7.4081066581938
977,do,0.05,0.0,43,0.6192556738853465,-7.858747373927724,-7.646357096566094
978,pp,0.05,0.0,7,0.7537861037254334,-5.1632261131749,-4.246456991301643
979,do,0.05,0.0,53,1.6545416831970208,-8.45811787374092,-9.998166518741185
980,pp,0.05,0.0,18,1.561174275875091,-5.962352259953817,-4.879409284061856
981,do,0.05,0.0,15,1.5835853195190435,-5.643525755044186,-5.021423141161601
982,pp,0.05,0.0,17,2.3369813466072085,-5.314204288251473,-4.40516226556566
983,do,0.05,0.0,18,1.1863175988197323,-6.727241355722601,-6.456499724917942
984,pp,0.05,0.0,9,0.8756136929988863,-5.724864793546272,-4.685010928577847
985,do,0.05,0.0,31,1.431807295083999,-6.530582349950617,-6.361693424648709
986,pp,0.05,0.0,15,1.6939647459983824,-6.2287861116004715,-5.237724240620931
987,do,0.05,0.0,11,0.540760564804077,-5.137419517112501,-5.371740113364326
988,pp,0.05,0.0,20,2.756506764888764,-7.029842870885676,-4.79581290880839
989,do,0.05,0.0,70,1.3197973847389228,-8.114976700869473,-8.203011067708333
990,pp,0.05,0.0,39,1.8493662965297695,-6.980688340736158,-6.252599740028382
991,do,0.05,0.0,21,1.7245588672161105,-6.83212818810434,-5.70167977809906
992,pp,0.05,0.0,25,1.9520859706401819,-7.951383748199,-6.431210266219245
993,do,0.05,0.0,27,0.741409126520157,-5.921199317411943,-6.587777108616299
994,pp,0.05,0.0,8,1.1680594515800475,-5.317756399963841,-4.29053815735711
995,do,0.05,0.0,70,1.7580398273468019,-6.883242839755434,-6.489906817012363
996,pp,0.05,0.0,12,1.8043594598770145,-6.232711245796898,-4.833393263816833
997,do,0.05,0.0,55,2.890460019111633,-6.106486225128174,-7.126070067617628
998,pp,0.05,0.0,40,1.8610014212131496,-7.759349184325247,-5.8466639200846355
999,do,0.05,0.0,70,0.4845440304279318,-8.7438930497025,-8.485018518235949
1000,pp,0.05,0.0,26,2.5942266047000873,-7.9299416412006725,-6.899863243103027
1001,do,0.05,0.0,13,0.9714736175537109,-5.132774774955981,-5.026587663756477
1002,pp,0.05,0.0,8,1.3747491037845618,-5.771813119541515,-4.398282972971598
1003,do,0.05,0.0,18,0.8255356085300445,-5.678458379976677,-5.1789477904637655
1004,pp,0.05,0.0,9,1.7187521791458131,-5.858770074266376,-4.586121765772502
1005,do,0.05,0.0,10,0.9364713323116307,-5.153488923564102,-5.052697748608059
1006,pp,0.05,0.0,9,1.7451657998561867,-5.122466532389323,-4.2528641117943655
1007,do,0.05,0.0,14,-0.023618415594101272,-6.094549644354618,-6.223508707682291
1008,pp,0.05,0.0,8,0.48550328016281163,-6.023621530243845,-5.065836368666755
1009,do,0.05,0.0,69,2.800814031362534,-5.174008726351189,-4.614355074034797
1010,pp,0.05,0.0,8,1.2310964834690097,-5.922192757057421,-4.80679042869144
1011,do,0.05,0.0,21,2.817473422288894,-5.6545519120765455,-5.622263076570299
1012,pp,0.05,0.0,16,2.335350315570831,-7.476003823135838,-5.481005067295499
1013,do,0.05,0.0,24,2.9598873603343963,-5.376728919058135,-5.33936116695404
1014,pp,0.05,0.0,48,2.9891807377338404,-7.310305186473962,-6.5485650671852955
1015,do,0.05,0.0,20,1.4379975759983061,-5.346422108736905,-5.05058188173506
1016,pp,0.05,0.0,21,2.2953619527816773,-5.840702640649044,-4.412950764762031
1017,do,0.05,0.0,55,1.9623049855232235,-6.38921203324289,-6.050666340192159
1018,pp,0.05,0.0,57,2.2728042912483213,-7.289165561849421,-5.928251351250543
1019,do,0.05,0.0,42,0.7464959549903867,-6.409601002028494,-5.84305984708998
1020,pp,0.05,0.0,16,3.1191259300708767,-6.928041768796517,-5.356659483909607
1021,do,0.05,0.0,30,1.5215853261947627,-5.886228691447865,-5.252798875172933
1022,pp,0.05,0.0,11,1.7033649075031283,-5.008686899416374,-3.9624710268444483
1023,do,0.05,0.0,21,0.8030213093757634,-7.4489911238352455,-7.158121869299147
1024,pp,0.05,0.0,9,1.6704054236412045,-5.122282125010635,-4.391767422358195
1025,do,0.05,0.0,48,2.5717014992237095,-7.0676883307370275,-6.7687649541431005
1026,pp,0.05,0.0,8,1.0030931925773618,-5.0836810950076945,-3.9516714811325073
1027,do,0.05,0.0,15,0.3597105479240419,-5.485347558512832,-6.057905191845364
1028,pp,0.05,0.0,11,1.6814655542373655,-5.3818321069081625,-4.097870932685004
1029,do,0.05,0.0,70,0.5181047415733335,-6.782292987361099,-6.286086967256334
1030,pp,0.05,0.0,18,1.4375299608707426,-6.387594656510786,-5.308172302775913
1031,do,0.05,0.0,68,0.9026025295257583,-9.003263761057998,-9.563733837339614
1032,pp,0.05,0.0,21,2.6339780044555656,-7.349998371528857,-6.343335594071283
1033,do,0.05,0.0,68,0.8446395063400267,-9.756727056792288,-8.081013509962293
1034,pp,0.05,0.0,12,1.4785575401782989,-5.0286045218959,-4.378202166822222
1035,do,0.05,0.0,30,1.2896237289905548,-5.471301049897165,-6.067624690797594
1036,pp,0.05,0.0,14,1.3755516672134398,-6.18910745418433,-4.587832005818685
1037,do,0.05,0.0,14,1.7024499273300169,-5.982397888645981,-5.059850051667955
1038,pp,0.05,0.0,22,2.010502753257751,-6.31520267977859,-5.242316638098822
1039,do,0.05,0.0,70,2.4503304278850555,-7.9093966296224885,-7.731978776719835
1040,pp,0.05,0.0,8,1.5882329177856445,-5.041813255078865,-4.231653741995493
1041,do,0.05,0.0,28,1.7436631703376761,-5.573760999332775,-5.0697226285934445
1042,pp,0.05,0.0,43,2.3254791581630707,-6.452393306385387,-5.702453904681736
1043,do,0.05,0.0,23,2.159219404458999,-4.855304270079642,-4.186404197745853
1044,pp,0.05,0.0,49,2.5862634682655337,-6.903082570162686,-5.610718658235338
1045,do,0.05,0.0,57,1.0379939901828763,-7.914132449121186,-6.623468560642666
1046,pp,0.05,0.0,48,2.5769631052017203,-8.614051443157773,-6.911355675591363
1047,do,0.05,0.0,70,2.9369106423854827,-6.7237017212492045,-6.656187184651693
1048,pp,0.05,0.0,22,3.1682684952020645,-4.827110190825029,-4.145234405994415
1049,do,0.05,0.0,70,2.7847093951702115,-6.0051514047564885,-5.130385616090563
1050,pp,0.05,0.0,55,3.590926576852799,-7.6156860481608994,-6.686846865548028
1051,do,0.05,0.0,30,2.119528663158416,-5.37913671840321,-4.581295967102051
1052,pp,0.05,0.0,58,2.2736444926261905,-6.45565181500984,-5.5296445157792835
1053,do,0.05,0.0,70,3.489705884456635,-7.757056965972438,-6.8648279375500145
1054,pp,0.05,0.0,28,1.8431945085525507,-8.259166325944843,-6.016699936654833
1055,do,0.05,0.0,70,2.176582922935486,-6.377529056144483,-5.875944389237298
1056,pp,0.05,0.0,29,2.7562450063228603,-7.758889270551277,-5.845438178380331
1057,do,0.05,0.0,23,3.0038016557693483,-4.917029283985947,-5.065119314193725
1058,pp,0.05,0.0,9,1.3508441054821017,-5.931811227220478,-5.029695457882351
1059,do,0.05,0.0,70,3.331257348060607,-5.317459109335235,-4.861670011944241
1060,pp,0.05,0.0,70,3.048888443708419,-6.354388281793305,-6.008537393146091
1061,do,0.05,0.0,58,3.507620047330856,-7.150425572828813,-6.498440313339233
1062,pp,0.05,0.0,67,2.2866093325614933,-7.161992356271455,-6.272373027271694
1063,do,0.05,0.0,70,2.44197359919548,-7.544695032004154,-6.685552334785461
1064,pp,0.05,0.0,12,1.2607613623142244,-6.538978147506714,-4.8468172364764746
1065,do,0.05,0.0,17,2.0431932640075683,-6.159876720833056,-5.119574920336405
1066,pp,0.05,0.0,57,3.311689325571061,-8.311912308317241,-6.9718817631403605
1067,do,0.05,0.0,48,2.3645041739940647,-7.159607036185987,-6.325909847683377
1068,pp,0.05,0.0,19,2.6851725804805753,-6.351925118764242,-4.749218532774184
1069,do,0.05,0.0,34,2.792102472782134,-5.859680060184363,-6.201414895057678
1070,pp,0.05,0.0,70,2.587630467414856,-7.598224881201079,-7.015148862202962
1071,do,0.05,0.0,19,2.0620415067672733,-5.18378702510487,-4.959130978584289
1072,pp,0.05,0.0,16,2.531057261824608,-5.3535373731092974,-4.216727775997586
1073,do,0.05,0.0,26,2.74782821059227,-4.826387690052842,-4.423729313744439
1074,pp,0.05,0.0,15,1.296941901445389,-6.390921808011604,-4.764732607205709
1075,do,0.05,0.0,38,2.288149546384811,-6.40103202010646,-7.050123789575365
1076,pp,0.05,0.0,7,1.258985831737518,-6.209227742570819,-4.785971212387085
1077,do,0.05,0.0,18,1.8441424322128297,-4.958022971586748,-4.664592448870341
1078,pp,0.05,0.0,11,1.5635907137393952,-6.465250720399799,-4.672977055443658
1079,do,0.05,0.0,70,1.0571157526969905,-7.280602543281787,-7.900574652353923
1080,pp,0.05,0.0,30,2.5002505409717557,-7.82343650153189,-6.5594396087858415
1081,do,0.05,0.0,57,4.35083709716797,-6.373206219528661,-6.7330313073264225
1082,pp,0.05,0.0,21,2.8121029841899867,-6.310807157285286,-5.004356683625115
1083,do,0.05,0.0,67,1.1458730196952818,-8.063821817166877,-7.51717700958252
1084,pp,0.05,0.0,20,0.5783236908912652,-6.9571078820662065,-5.537178413073222
1085,do,0.05,0.0,15,2.734075140953064,-5.512008893851078,-5.08456699848175
1086,pp,0.05,0.0,18,1.368925399780272,-9.632334037260575,-7.312579576174418
1087,do,0.05,0.0,53,2.649222731590271,-6.001910953810721,-5.9201509767108496
1088,pp,0.05,0.0,69,3.2910759830474863,-6.290160816366022,-6.330764926804436
1089,do,0.05,0.0,23,2.57669281244278,-5.178386988784328,-5.449649712774488
1090,pp,0.05,0.0,10,0.9552831685543062,-5.920352169961641,-4.747596838739184
1091,do,0.05,0.0,46,2.823643054962158,-6.819607941309611,-6.279824752277798
1092,pp,0.05,0.0,18,2.368081423044205,-5.245934356342662,-4.616426290406121
1093,do,0.05,0.0,26,2.5979041647911068,-5.104841934550892,-5.242353396945529
1094,pp,0.05,0.0,70,1.8267892646789559,-8.067572569124627,-6.56664235856798
1095,do,0.05,0.0,70,3.369498780965806,-6.702385991992372,-5.887185671594408
1096,pp,0.05,0.0,33,3.467076398134232,-6.070076656341553,-5.980279307895237
1097,do,0.05,0.0,61,2.9690998613834383,-6.004727956020471,-5.851555784543355
1098,pp,0.05,0.0,67,2.068975164890288,-8.604028645428745,-6.960278375943502
1099,do,0.05,0.0,38,2.22566481232643,-6.0711171265804404,-5.847392349772983
1100,pp,0.05,0.0,27,3.189072819352149,-4.9097327102314345,-4.426993783315023
1101,do,0.05,0.0,20,2.5481615829467774,-5.351840597210509,-5.598726651403639
1102,pp,0.05,0.0,40,2.352646163702011,-7.746089894843824,-6.112132538689507
1103,do,0.05,0.0,70,2.8749523425102224,-6.016658641352798,-6.569735484653049
1104,pp,0.05,0.0,70,2.5339288771152493,-6.515683778127035,-6.133570104175144
1105,do,0.05,0.0,70,2.051657637357711,-6.859683510751435,-7.446070671081543
1106,pp,0.05,0.0,59,2.9139676713943494,-7.030413942626028,-6.261589720514086
1107,do,0.05,0.0,38,2.059252445697785,-7.046538188240745,-5.778771156734891
1108,pp,0.05,0.0,7,1.7897259378433228,-4.219450856700088,-3.6317236105600994
1109,do,0.05,0.0,20,0.8168093824386595,-5.024711936892885,-4.542289190822178
1110,pp,0.05,0.0,13,2.22412710905075,-5.417849644747648,-4.243048903677199
1111,do,0.05,0.0,34,2.1684322690963755,-6.031214413498387,-5.321752664777968
1112,pp,0.05,0.0,70,2.0633240914344793,-6.526740288011956,-6.129117592175802
1113,do,0.05,0.0,29,2.184288945198059,-6.619485095053008,-6.402469576729668
1114,pp,0.05,0.0,70,1.5385229098796849,-9.499845094391794,-8.947839970058865
1115,do,0.05,0.0,70,2.0273906266689306,-6.5131651603814325,-5.873738119337294
1116,pp,0.05,0.0,49,2.2263007879257213,-7.185121802127722,-7.969375178549025
1117,do,0.05,0.0,35,2.5770246636867524,-5.6516880902377045,-4.9494193898306955
1118,pp,0.05,0.0,14,2.57215518116951,-5.7662089376738574,-4.203725330034891
1119,do,0.05,0.0,16,0.8107359421253211,-5.144939908114346,-5.396868364016215
1120,pp,0.05,0.0,70,1.389836686849593,-10.15976933999495,-9.492577062712776
1121,do,0.05,0.0,22,0.5729515767097473,-5.88144311615915,-5.864436531066895
1122,pp,0.05,0.0,70,2.042190934419631,-9.753616322893086,-8.862105878194173
1123,do,0.05,0.0,70,0.566618428230286,-7.844784398512407,-7.369262509875828
1124,pp,0.05,0.0,22,1.8365238320827482,-6.857873100222963,-6.120021155145433
1125,do,0.05,0.0,27,2.472157210111618,-6.735979266600175,-5.810399145550198
1126,pp,0.05,0.0,22,1.807605468034744,-6.690969051014293,-5.394325521257189
1127,do,0.05,0.0,28,2.321859904527665,-9.257333687579994,-8.041699451870388
1128,pp,0.05,0.0,5,0.9523494291305541,-4.981686909993489,-4.0215362124972875
1129,do,0.05,0.0,13,1.611080685853958,-4.9840915347590595,-4.461283617549473
1130,pp,0.05,0.0,9,1.4232645082473754,-5.16962592529528,-4.250474013222588
1131,do,0.05,0.0,29,1.6157983827590945,-6.968453323479855,-6.879297897550795
1132,pp,0.05,0.0,30,2.4605264449119577,-8.13890802788012,-6.535832603772481
1133,do,0.05,0.0,26,1.697476083040237,-5.8591067458644055,-5.775749039649964
1134,pp,0.05,0.0,70,1.7242423307895667,-9.25139238762133,-8.64737548828125
1135,do,0.05,0.0,22,1.0087757289409636,-6.595770194313743,-5.900331075986227
1136,pp,0.05,0.0,69,2.5936839866638186,-6.817803423332445,-6.304460573196411
1137,do,0.05,0.0,70,2.662574647665024,-7.930641009590842,-6.519249815411038
1138,pp,0.05,0.0,70,1.6871635818481447,-8.296434194391423,-7.046394854121738
1139,do,0.05,0.0,38,1.5197618961334225,-5.522163092006337,-5.968445067935519
1140,pp,0.05,0.0,36,1.6073466265201573,-7.791538029006033,-5.964411844147576
1141,do,0.05,0.0,70,1.896198192834853,-6.821990208192305,-6.396002615822686
1142,pp,0.05,0.0,70,1.6840351819992065,-7.940244502732248,-7.436618783738878
1143,do,0.05,0.0,65,1.9513188087940216,-7.303651939738881,-6.832610334290399
1144,pp,0.05,0.0,46,2.167682236433029,-7.905037786021377,-6.691407434145609
1145,do,0.05,0.0,70,2.4938599777221677,-5.782428533380682,-5.142456556691064
1146,pp,0.05,0.0,13,2.447985995411872,-5.537541257973873,-4.219336109691196
1147,do,0.05,0.0,10,0.9155662870407104,-4.7537752642776026,-4.555525080362956
1148,pp,0.05,0.0,70,1.9919750761985773,-7.0858735893711895,-6.309201757113139
1149,do,0.05,0.0,70,2.1191804885864256,-5.7593827290968465,-5.799471547868516
1150,pp,0.05,0.0,24,1.8522748470306398,-7.0440774888703315,-6.208236204253303
1151,do,0.05,0.0,44,2.2394242024421684,-7.165581211899266,-6.462329318788316
1152,pp,0.05,0.0,46,2.6164989233016973,-6.015645573355934,-6.083802986145019
1153,do,0.05,0.0,63,2.6837947154045105,-6.409658719554092,-6.010606662432353
1154,pp,0.05,0.0,69,2.7637979924678806,-6.752373406381318,-5.881239178445604
1155,do,0.05,0.0,12,0.9368327951431272,-5.173855995409417,-5.054327178001404
1156,pp,0.05,0.0,9,1.4474502706527712,-5.8981052528728135,-4.383207392692566
1157,do,0.05,0.0,14,1.363824101686478,-5.848174053249937,-5.6701329787572226
1158,pp,0.05,0.0,40,1.4421579313278192,-7.003165087555394,-7.02570280234019
1159,do,0.05,0.0,52,2.02976156115532,-7.127117343382402,-6.537494900491502
1160,pp,0.05,0.0,70,2.6426549375057213,-9.165672232887962,-7.468567135598924
1161,do,0.05,0.0,63,2.3840645682811736,-6.455297282247832,-6.1526141034232245
1162,pp,0.05,0.0,40,3.0185820043087004,-6.071197132630782,-5.427026277118259
1163,do,0.05,0.0,49,2.7105173087120056,-8.418748852700897,-7.612927373250326
1164,pp,0.05,0.0,61,3.551428109407426,-7.191220595619895,-6.278239274024964
1165,do,0.05,0.0,70,2.800689005851744,-8.950848138693607,-7.382257811228434
1166,pp,0.05,0.0,10,1.9979898881912224,-4.977633719010787,-4.058961647086673
1167,do,0.05,0.0,54,2.8612616527080537,-7.4554803241382945,-6.3587044424480865
1168,pp,0.05,0.0,35,3.033049588203429,-8.054919085358128,-6.550432557529874
1169,do,0.05,0.0,70,3.109741309881211,-7.354821680531357,-6.285170772340563
1170,pp,0.05,0.0,70,1.763142373561859,-7.6957210613019535,-7.200750401284959
1171,do,0.05,0.0,70,1.734207787513732,-6.45601235592004,-6.284102161725362
1172,pp,0.05,0.0,19,1.7699150884151464,-5.8862408103364885,-4.727605459425185
1173,do,0.05,0.0,21,1.7539222609996798,-5.456052563407204,-5.146374093161689
1174,pp,0.05,0.0,7,0.4868526577949517,-6.475721115054506,-4.8746766540739275
1175,do,0.05,0.0,20,3.1362824714183803,-6.024402757124467,-5.827596812778049
1176,pp,0.05,0.0,36,1.6656149518489833,-6.606109435630567,-6.788615526093377
1177,do,0.05,0.0,29,2.248702291250229,-6.698569686485059,-6.523891337712606
1178,pp,0.05,0.0,70,2.094412454366685,-6.401976351304488,-5.7645014259550305
1179,do,0.05,0.0,69,2.142093056440353,-6.876666381142356,-6.33157565858629
1180,pp,0.05,0.0,70,2.812479072809219,-6.775738989223133,-6.330800051159329
1181,do,0.05,0.0,65,2.307594724893571,-7.035848288102583,-6.135599756240845
1182,pp,0.05,0.0,38,2.53964055776596,-7.2342341581980385,-5.427274510595534
1183,do,0.05,0.0,7,1.4813294517993931,-5.180777002103401,-5.152258711391025
1184,pp,0.05,0.0,21,2.4158843541145325,-5.920607007633556,-4.836269675360786
1185,do,0.05,0.0,9,0.9332247817516333,-5.1832085970676305,-5.023974691496955
1186,pp,0.05,0.0,6,1.0115436124801631,-5.592077458988537,-4.660446487532722
1187,do,0.05,0.0,70,2.8433850872516633,-8.380876523798163,-7.200555748409695
1188,pp,0.05,0.0,43,3.1803744125366213,-7.3112875736120975,-6.847324572669136
1189,do,0.05,0.0,63,0.42977941036224365,-7.516170503153946,-8.035366259680854
1190,pp,0.05,0.0,27,1.631250243186951,-7.964585304260254,-6.881248818503486
1191,do,0.05,0.0,63,3.4290315949916845,-5.352702845949115,-4.731104718314277
1192,pp,0.05,0.0,65,3.604106270074845,-6.109831547014641,-5.816983943515353
1193,do,0.05,0.0,5,0.3421279132366184,-4.940583051334728,-4.428040520350138
1194,pp,0.05,0.0,57,2.191310573816299,-8.155017283468535,-7.165681992636786
1195,do,0.05,0.0,70,1.8019877350330358,-6.868431154886881,-6.523686658011543
1196,pp,0.05,0.0,67,3.317549684047699,-7.506877169464573,-6.473822230762906
1197,do,0.05,0.0,57,0.8510984992980957,-6.457959565249356,-6.319455795817905
1198,pp,0.05,0.0,38,1.087929811477661,-8.79813527916417,-7.648534303241306
1199,do,0.05,0.0,70,1.537040058374405,-8.893631656242139,-7.2731914043426515
1200,pp,0.05,0.0,70,3.194715948104858,-7.026081010067101,-6.9043299118677774
1201,do,0.05,0.0,9,-0.8494365966320032,-5.842301790642016,-5.526322147581312
1202,pp,0.05,0.0,49,2.1678027915954585,-6.284685267824115,-5.291117515828875
1203,do,0.05,0.0,14,0.9994365894794459,-5.85394979390231,-4.881188678741455
1204,pp,0.05,0.0,44,2.1876019227504724,-5.233660403887431,-4.461321169800229
1205,do,0.05,0.0,19,1.9206809115409849,-5.462228710001165,-5.029292959637112
1206,pp,0.05,0.0,62,1.6306320130825034,-6.4513275059786706,-5.673232952753703
1207,do,0.05,0.0,8,0.30128743529319735,-4.7152070450060295,-4.2610031154420644
1208,pp,0.05,0.0,27,1.7355988276004792,-5.485682660883123,-4.902144196298387
1209,do,0.05,0.0,27,-0.35915055274963414,-7.154129317312529,-6.585961392190721
1210,pp,0.05,0.0,70,2.218142218589783,-6.201877323786418,-5.053695238961113
1211,do,0.05,0.0,43,0.755758080482483,-6.164778186335708,-5.861670835812887
1212,pp,0.05,0.0,50,2.648064070940018,-5.73475317810521,-4.8813072681427006
1213,do,0.05,0.0,32,1.4031511867046351,-5.502258370139382,-5.092780738406711
1214,pp,0.05,0.0,25,0.5196423220634463,-5.790923109921542,-4.959659046596951
1215,do,0.05,0.0,15,0.8227392339706423,-4.831927897713401,-4.288748025894165
1216,pp,0.05,0.0,35,3.118631998300552,-6.096762800216675,-5.264873372183906
1217,do,0.05,0.0,39,0.7885281145572662,-5.547504008900035,-6.263479174507989
1218,pp,0.05,0.0,61,2.538333110809326,-5.480468021739613,-4.757328183121151
1219,do,0.05,0.0,34,1.9100193572044368,-5.168338738065778,-4.804876648055183
1220,pp,0.05,0.0,16,1.8172422158718113,-5.241862390980576,-4.513540008332995
1221,do,0.05,0.0,6,0.5213587164878843,-4.61138472701564,-4.143183811505636
1222,pp,0.05,0.0,18,1.2254629969596857,-4.738430395993319,-3.941126259167989
1223,do,0.05,0.0,30,1.51829822897911,-6.125994178020593,-5.559980463981629
1224,pp,0.05,0.0,70,2.646292327642441,-7.557190668221676,-5.8304145018259685
1225,do,0.05,0.0,65,1.8572668993473052,-7.729863919633807,-7.083139856656392
1226,pp,0.05,0.0,18,2.1438125836849213,-6.027436530951298,-4.827462119526333
1227,do,0.05,0.0,70,2.222120597362519,-6.431920014005719,-5.602061353789436
1228,pp,0.05,0.0,70,3.240463300943375,-5.8798387787558815,-4.845573290189107
1229,do,0.05,0.0,18,1.6140084433555604,-4.163443324782632,-4.217719043625726
1230,pp,0.05,0.0,20,1.825961513519287,-4.535125404415709,-3.8436128165986805
1231,do,0.05,0.0,30,2.314984569549561,-5.079438887220441,-4.961215103997125
1232,pp,0.05,0.0,37,3.022971231937409,-5.121734604691014,-4.5867683900727165
1233,do,0.05,0.0,33,1.5180276453495027,-5.19044913667621,-4.662763211462233
1234,pp,0.05,0.0,15,1.8228221237659454,-5.145787084463871,-4.2121703492270575
1235,do,0.05,0.0,21,1.5259790265560156,-5.695993916193644,-5.485546885596381
1236,pp,0.05,0.0,70,1.993565156459808,-5.822777499574603,-5.301361338297526
1237,do,0.05,0.0,34,1.386367954015732,-4.913966807452115,-4.585831803745694
1238,pp,0.05,0.0,27,2.620279650688171,-5.288307903752182,-4.364252474572924
1239,do,0.05,0.0,19,1.3307514429092402,-6.220237688584761,-6.367788849936591
1240,pp,0.05,0.0,20,1.7363944923877712,-4.791851120284109,-3.9512951413790387
1241,do,0.05,0.0,38,1.9917028379440307,-5.6838878804987125,-6.021670534875658
1242,pp,0.05,0.0,70,2.5989486563205713,-6.360230489210649,-5.6074637571970625
1243,do,0.05,0.0,61,1.4578024494647988,-5.50617506720803,-5.2306764682133995
1244,pp,0.05,0.0,13,1.2465342426300046,-4.685362602002693,-3.9823460711373224
1245,do,0.05,0.0,17,0.23860334277152973,-4.562826919555664,-4.259225243992276
1246,pp,0.05,0.0,65,2.299037318229675,-5.793945095755837,-4.9604659345414905
1247,do,0.05,0.0,40,2.151950358152389,-6.2851435459021365,-5.878139999177721
1248,pp,0.05,0.0,23,1.9729733896255492,-5.106896494374131,-4.516296108563741
1249,do,0.05,0.0,6,-0.0887420785427091,-4.442518082532016,-4.192553610271878
1250,pp,0.05,0.0,34,2.2160697591304777,-5.669789471770778,-4.648067450523376
1251,do,0.05,0.0,25,1.3594490313529972,-5.481369079243053,-5.207359629207187
1252,pp,0.05,0.0,18,0.9675690770149226,-5.54383955001831,-4.864679707421197
1253,do,0.05,0.0,70,1.3670277822017676,-5.509017876422766,-4.935307023260329
1254,pp,0.05,0.0,65,1.95157977104187,-5.879052209854126,-5.020371460914612
1255,do,0.05,0.0,26,1.7180104637145996,-5.5984925848065,-5.2753703461753
1256,pp,0.05,0.0,11,0.8191323316097261,-5.160239534667044,-4.4264927175309925
1257,do,0.05,0.0,46,2.3319559979438784,-5.383084396882491,-5.039507471190559
1258,pp,0.05,0.0,30,1.8727007699012752,-5.722755880066843,-4.7522975259357025
1259,do,0.05,0.0,57,2.180818178653717,-6.162266890207927,-7.105601506763034
1260,pp,0.05,0.0,33,0.8718063890933996,-7.826205867709535,-8.306129084693062
1261,do,0.05,0.0,49,0.8474939203262313,-7.844429543524077,-7.689154937532213
1262,pp,0.05,0.0,70,1.063230698108672,-6.7553022442441994,-6.130340872870551
1263,do,0.05,0.0,68,1.6996647524833683,-6.204832909323953,-5.976527584923638
1264,pp,0.05,0.0,36,1.3664499628543858,-7.740856511665113,-7.035556915071275
1265,do,0.05,0.0,65,2.0853643357753757,-6.686966514587402,-6.196760365698073
1266,pp,0.05,0.0,70,1.7433381295204153,-7.794511981443925,-7.129067574607001
1267,do,0.05,0.0,9,0.6237787389755249,-4.738809105844209,-4.462447481685214
1268,pp,0.05,0.0,70,1.1287049174308788,-7.239155688430324,-6.623634892039829
1269,do,0.05,0.0,42,1.3197323036193858,-6.90664111773173,-6.182762840059069
1270,pp,0.05,0.0,70,3.0256800055503845,-6.135162207574555,-5.237200034989251
1271,do,0.05,0.0,69,3.2615604734420787,-5.538020398400047,-5.674746200773451
1272,pp,0.05,0.0,70,3.159152224063874,-7.480475616455078,-6.004987833234999
1273,do,0.05,0.0,21,1.1049762034416197,-5.417465555306637,-5.320732890235053
1274,pp,0.05,0.0,60,-0.7504197025299071,-8.243823340444854,-7.224939711888632
1275,do,0.05,0.0,25,1.6424475431442254,-5.714899201826616,-5.2630360735787285
1276,pp,0.05,0.0,64,3.826492190361023,-7.27569003683148,-6.352784493234423
1277,do,0.05,0.0,15,1.1513811314105986,-4.879586935043335,-4.840102362632751
1278,pp,0.05,0.0,27,2.7156119346618652,-6.33794440500664,-5.371342515945434
1279,do,0.05,0.0,70,1.9643513751029964,-5.842547848730376,-5.687490664588081
1280,pp,0.05,0.0,64,2.6404147958755493,-5.736652197982326,-5.041597247123718
1281,do,0.05,0.0,49,1.4149602448940275,-6.115212798841072,-6.063648507330153
1282,pp,0.05,0.0,10,0.6809053635597229,-5.199702375585383,-4.547531260384454
1283,do,0.05,0.0,16,0.7671070957183836,-5.6258528102527965,-7.047666147020128
1284,pp,0.05,0.0,19,0.659378288984299,-6.124331264784842,-5.758680258856879
1285,do,0.05,0.0,70,1.2928567719459547,-7.155075284206506,-6.8392573912938435
1286,pp,0.05,0.0,22,2.6991087329387664,-5.34462311629093,-4.534975324736701
1287,do,0.05,0.0,8,0.9061418926715845,-4.339850188746597,-4.870765516493056
1288,pp,0.05,0.0,70,2.172816435098647,-6.7978341738382975,-6.050748817125956
1289,do,0.05,0.0,70,2.1397960078716283,-6.174691193031542,-5.824823644426134
1290,pp,0.05,0.0,17,1.3981286823749546,-5.456895711205222,-4.710233036677042
1291,do,0.05,0.0,13,1.4570352292060846,-4.183691837570884,-4.866406896379259
1292,pp,0.05,0.0,70,2.392450244426728,-6.350685275684704,-5.856199643346998
1293,do,0.05,0.0,53,1.965539555549622,-6.067253777475068,-6.755506194962395
1294,pp,0.05,0.0,29,2.6396486866474147,-5.532056242046934,-4.961131464110481
1295,do,0.05,0.0,32,1.5092964613437658,-5.733016729354858,-6.106640169355605
1296,pp,0.05,0.0,13,0.7661151111125948,-5.101094397631559,-4.558812194400364
1297,do,0.05,0.0,63,1.798451056480408,-8.049052508672078,-7.056712648603651
1298,pp,0.05,0.0,32,0.6740017008781436,-6.442587254264138,-5.475446629524231
1299,do,0.05,0.0,70,0.5756621813774103,-9.452961648594249,-8.775845681296454
1300,pp,0.05,0.0,29,2.102763059139252,-6.523751198161732,-5.500239133834839
1301,do,0.05,0.0,66,0.27831883668899593,-9.97698680415298,-7.299445525805155
1302,pp,0.05,0.0,21,1.6695063841342925,-5.1491105498689596,-4.497516775131226
1303,do,0.05,0.0,13,0.6068970775604248,-6.254633974306511,-5.205252946747674
1304,pp,0.05,0.0,36,2.143541268110276,-5.830583807916352,-5.121942022111681
1305,do,0.05,0.0,39,1.3902675056457507,-10.003172610022805,-7.919210934638977
1306,pp,0.05,0.0,23,1.3612741601467135,-5.84263202493841,-4.323774846394857
1307,do,0.05,0.0,39,1.8300722861289982,-7.44655331698331,-6.288713296254476
1308,pp,0.05,0.0,45,1.685805417299271,-6.724782760215528,-5.681759982638889
1309,do,0.05,0.0,38,2.2401121950149543,-6.344101712197968,-5.399954726960924
1310,pp,0.05,0.0,31,1.5643536949157708,-5.636802260080973,-4.804309113820394
1311,do,0.05,0.0,68,-0.1945213580131533,-9.462552387064154,-8.136734342575073
1312,pp,0.05,0.0,21,1.548647915124893,-6.2589330138582175,-5.247291856341892
1313,do,0.05,0.0,42,2.3228497147560123,-6.473246289744521,-5.513714726765951
1314,pp,0.05,0.0,25,1.5877541959285733,-6.10418208584641,-5.213234655062357
1315,do,0.05,0.0,29,1.16129093170166,-7.302118700200861,-5.922023455301921
1316,pp,0.05,0.0,29,2.091935957670212,-4.525066010157267,-3.8746788488494026
1317,do,0.05,0.0,70,1.0638730311393747,-7.47263785275546,-6.4555396662818065
1318,pp,0.05,0.0,70,1.2926197397708883,-7.776273429755008,-6.474457886483934
1319,do,0.05,0.0,70,1.3333428645133978,-7.810555310682817,-6.699547553062439
1320,pp,0.05,0.0,17,1.5911543464660651,-4.879444706078732,-4.2856469419267444
1321,do,0.05,0.0,63,2.5643682861328116,-6.390887269106778,-5.633569614092509
1322,pp,0.05,0.0,17,1.9774136567115779,-4.639339256286621,-3.996897706720564
1323,do,0.05,0.0,21,0.7388461005687716,-6.942286209626631,-6.113466127713521
1324,pp,0.05,0.0,18,1.8156601965427397,-5.480602449359316,-4.458820772171021
1325,do,0.05,0.0,41,1.5882208693027495,-7.185175209334402,-6.283854964044359
1326,pp,0.05,0.0,57,1.602100834846497,-6.341860261107936,-5.3761793110105724
1327,do,0.05,0.0,70,2.349957066774368,-6.588906500556252,-5.889836711353726
1328,pp,0.05,0.0,30,1.6741275823116295,-6.073040861071962,-4.875892345110575
1329,do,0.05,0.0,25,0.9537893104553223,-8.052157400593613,-6.4718627479341295
1330,pp,0.05,0.0,19,2.6472855937480935,-5.522285344383933,-4.908793172571394
1331,do,0.05,0.0,70,1.2667513728141788,-8.209320825518983,-7.2699097527398004
1332,pp,0.05,0.0,22,2.8388206076622016,-6.000542721603856,-4.9704156822628445
1333,do,0.05,0.0,3,-0.15174418091774022,-5.984007037769665,-5.44738097720676
1334,pp,0.05,0.0,15,1.7235669612884523,-4.815881172815959,-4.0842710892359415
1335,do,0.05,0.0,10,0.7304975605010995,-5.865914191621723,-4.95206732749939
1336,pp,0.05,0.0,25,2.725440684556961,-5.709652397849343,-4.958938728438484
1337,do,0.05,0.0,70,0.7736441946029657,-9.107620065862482,-7.658042277230157
1338,pp,0.05,0.0,21,2.2956448888778684,-4.7889613252697565,-3.8936272899309796
1339,do,0.05,0.0,19,0.34558125853538524,-8.16120592175108,-6.499168512556288
1340,pp,0.05,0.0,27,0.8423530054092412,-5.0686107071963225,-4.671380416552226
1341,do,0.05,0.0,14,0.4256644427776335,-6.031945284930143,-5.277463258637322
1342,pp,0.05,0.0,14,1.563349134922027,-4.663965741070834,-3.8549063841501874
1343,do,0.05,0.0,11,1.1175907814502715,-5.296550262335575,-4.61401023334927
1344,pp,0.05,0.0,25,1.2863725781440731,-5.348473545999238,-4.454872001541985
1345,do,0.05,0.0,19,0.6332527816295626,-7.395552808588201,-7.125469424989489
1346,pp,0.05,0.0,61,3.0768040800094605,-7.050723967407689,-5.526416624916925
1347,do,0.05,0.0,61,2.5081260693073277,-6.493237965034716,-5.514904255337186
1348,pp,0.05,0.0,26,1.8388998699188228,-4.9144518664388945,-4.017199248737759
1349,do,0.05,0.0,61,2.1787514805793755,-7.207932940396396,-6.437871395217048
1350,pp,0.05,0.0,11,0.8420225560665129,-5.484356320988049,-4.675266604953342
1351,do,0.05,0.0,70,1.3370171785354614,-7.173657223672578,-6.419386482238769
1352,pp,0.05,0.0,15,0.7625700378417974,-5.518229621829408,-4.740849614143372
1353,do,0.05,0.0,67,2.46549146771431,-7.199820905743223,-5.77800469663408
1354,pp,0.05,0.0,40,0.7221371889114376,-6.980004648728804,-5.864449082480537
1355,do,0.05,0.0,60,2.089593808650971,-7.875549332300822,-6.95309837129381
1356,pp,0.05,0.0,27,1.9597820377349855,-6.09560697295449,-5.115454093615214
1357,do,0.05,0.0,70,2.49950300693512,-6.399442272475271,-5.68518049981859
1358,pp,0.05,0.0,70,2.49108454823494,-6.135105974023992,-5.253421306610107
1359,do,0.05,0.0,70,3.8935286664962767,-5.974881435163093,-5.876040861341688
1360,pp,0.05,0.0,55,1.737165499925613,-5.908705965677897,-5.243826092614068
1361,do,0.05,0.0,70,1.678992674350738,-7.582201969262325,-6.836019685533311
1362,pp,0.05,0.0,38,0.89618194937706,-6.430682088389541,-5.605957953135173
1363,do,0.05,0.0,70,0.18354359626770034,-8.218903079177394,-6.994417752159967
1364,pp,0.05,0.0,14,0.3026351141929631,-6.04730470830744,-5.08579622109731
1365,do,0.05,0.0,56,1.9596365749835964,-7.550052700620709,-6.476366723908319
1366,pp,0.05,0.0,70,1.8106461143493657,-9.02615630120942,-7.171022295951843
1367,do,0.05,0.0,38,2.3307943975925456,-6.7186931610107425,-5.803566561804877
1368,pp,0.05,0.0,38,0.6268231487274161,-7.967319371483542,-6.783324946297539
1369,do,0.05,0.0,70,1.235277725458145,-6.838694695270423,-6.518892007403903
1370,pp,0.05,0.0,27,2.143264334201813,-6.873095753698638,-6.13327156967587
1371,do,0.05,0.0,64,2.893459277153015,-6.498239410284794,-5.76281848748525
1372,pp,0.05,0.0,65,3.1432323884963997,-6.002988582668882,-5.244702461030748
1373,do,0.05,0.0,70,1.8619192385673529,-7.886364017833363,-7.029832320743137
1374,pp,0.05,0.0,59,1.4280297541618356,-7.554281240521055,-6.671875641081068
1375,do,0.05,0.0,16,1.1122395896911623,-6.8173467217069685,-5.873904445436266
1376,pp,0.05,0.0,46,0.16013532280921972,-7.935306721022635,-6.837757953008016
1377,do,0.05,0.0,70,0.6237262463569646,-8.273300876039448,-7.313480573230319
1378,pp,0.05,0.0,70,1.1716176986694329,-8.588517161571618,-7.074259593751695
1379,do,0.05,0.0,17,1.5027542698383334,-5.800868232322462,-5.225058931774563
1380,pp,0.05,0.0,11,1.1459803843498229,-4.886280145067158,-4.247019304169549
1381,do,0.05,0.0,70,1.9589878368377684,-7.2294811422174625,-6.452364714940389
1382,pp,0.05,0.0,21,1.5557689583301553,-5.208513847986857,-4.368682959344652
1383,do,0.05,0.0,70,1.6637069582939148,-8.340600179903435,-7.287394354078505
1384,pp,0.05,0.0,31,0.6256820464134218,-7.60335341944839,-6.742473893695408
1385,do,0.05,0.0,63,1.015996050834656,-8.080085381594571,-6.923488431506687
1386,pp,0.05,0.0,70,1.322404378652573,-8.137814755873247,-6.6543392499287926
1387,do,0.05,0.0,12,0.7217125225067136,-5.603291271672104,-4.740744654337565
1388,pp,0.05,0.0,23,0.9263499045372017,-6.4422243291681465,-5.50849744213952
1389,do,0.05,0.0,70,1.6771600627899161,-8.376303266756462,-7.392096530066596
1390,pp,0.05,0.0,70,1.500253711938858,-7.804567285017534,-6.642562055587769
1391,do,0.05,0.0,60,1.0747411370277407,-7.2612456220569035,-6.165359335475498
1392,pp,0.05,0.0,70,0.972927228212356,-7.5040560057668975,-6.464801163143582
1393,do,0.05,0.0,66,1.800781879425049,-5.613816673105413,-5.320531031820509
1394,pp,0.05,0.0,38,2.185170203447342,-5.4949079499100195,-4.907994548479716
1395,do,0.05,0.0,36,2.217871108055115,-6.614596810485377,-6.163779865370857
1396,pp,0.05,0.0,70,2.3892739474773395,-6.7085718790690105,-6.578136282496982
1397,do,0.05,0.0,23,1.3933406507968904,-6.4168661565491645,-5.701426566971673
1398,pp,0.05,0.0,29,1.3029831194877621,-5.693940836010557,-5.127111321025424
1399,do,0.05,0.0,13,0.8016985404491423,-5.533991358496926,-5.975727319717407
1400,pp,0.05,0.0,70,1.7757198059558874,-6.689059704000299,-7.01045183605618
1401,do,0.05,0.0,28,2.4430683791637415,-5.777427598201867,-5.3279915650685625
1402,pp,0.05,0.0,27,1.3865835392475123,-5.216830148118915,-4.732896489567227
1403,do,0.05,0.0,21,1.8610322511196138,-5.974274888183132,-5.138668195406596
1404,pp,0.05,0.0,70,2.4836675381660465,-7.745310115814209,-6.409148552682665
1405,do,0.05,0.0,53,2.4222570896148685,-5.5281635934656315,-5.144064667489793
1406,pp,0.05,0.0,24,1.4208574938774108,-5.5228857387195935,-4.966672171486748
1407,do,0.05,0.0,6,0.9451536035537726,-4.811067235831058,-4.746512993176778
1408,pp,0.05,0.0,39,2.746595003604888,-8.023884099902528,-7.706950683063931
1409,do,0.05,0.0,63,0.4014720726013188,-8.983755747477213,-8.254986466301812
1410,pp,0.05,0.0,21,3.040442922115327,-5.353823017351555,-4.683087645636665
1411,do,0.05,0.0,70,1.7005850791931145,-9.150487946019028,-7.701225588056777
1412,pp,0.05,0.0,40,3.317829678058623,-5.510271068052812,-5.073254741562737
1413,do,0.05,0.0,37,1.9427262735366826,-6.982929814945567,-6.559340074327257
1414,pp,0.05,0.0,49,3.892626702785493,-5.954032454346166,-4.954658699035645
1415,do,0.05,0.0,70,1.7072053861618048,-7.939570503523855,-6.797575616836548
1416,pp,0.05,0.0,70,2.7241234552860254,-4.745076130375717,-4.366430566045973
1417,do,0.05,0.0,69,2.290577350854873,-8.741012512553821,-7.549696228239271
1418,pp,0.05,0.0,52,3.8659105718135827,-5.961729553974036,-5.179807827207777
1419,do,0.05,0.0,70,2.5523928451538094,-6.592308382554488,-5.833377056651646
1420,pp,0.05,0.0,70,3.4671157431602477,-4.992726727687951,-4.841891609297859
1421,do,0.05,0.0,22,1.0807787656784056,-6.4721218730464125,-5.640451825989617
1422,pp,0.05,0.0,44,2.3829427540302284,-6.421983694307732,-5.539733685387505
1423,do,0.05,0.0,54,1.6550493669509896,-7.27063531442122,-6.81573371887207
1424,pp,0.05,0.0,26,2.2256472659111024,-5.20339690988714,-4.632773950364855
1425,do,0.05,0.0,68,1.554511661529542,-8.62811795725967,-7.64779634475708
1426,pp,0.05,0.0,64,1.8879457271099094,-6.955279399409439,-6.149035305447049
1427,do,0.05,0.0,11,0.5561386013031004,-5.264607779184977,-4.9262239747577246
1428,pp,0.05,0.0,33,4.29589914560318,-6.989421556935166,-6.435263464185927
1429,do,0.05,0.0,5,0.54397225856781,-5.309630672859423,-4.406211090087891
1430,pp,0.05,0.0,70,3.2700412416458136,-7.227585085955533,-6.498198938369751
1431,do,0.05,0.0,17,1.7151904785633088,-6.067449472889756,-5.175852168930901
1432,pp,0.05,0.0,70,2.338820668458938,-7.785144622398145,-6.992387935850355
1433,do,0.05,0.0,5,0.43517022371292136,-4.532909664963231,-4.134199198087057
1434,pp,0.05,0.0,23,2.3353651988506314,-5.878426868265326,-5.601896439658271
1435,do,0.05,0.0,14,0.7637441682815558,-5.499705310301347,-4.739044584168328
1436,pp,0.05,0.0,69,3.412889330387115,-7.018989538423943,-6.227411270141602
1437,do,0.05,0.0,14,1.635757298469544,-5.624252666126598,-5.073203624619378
1438,pp,0.05,0.0,45,2.121658341884613,-7.186876954454364,-7.648135097821553
1439,do,0.05,0.0,39,1.5916733074188238,-7.734144346641772,-7.979822047551473
1440,pp,0.05,0.0,21,2.5494584727287304,-6.073171351172707,-5.2198502752516
1441,do,0.05,0.0,70,2.102126698493957,-7.087696916406805,-7.13728731473287
1442,pp,0.05,0.0,70,2.370192478895187,-6.944081066593979,-6.0456179274453055
1443,do,0.05,0.0,63,0.5831719160079967,-7.7011349533543445,-6.647915214962429
1444,pp,0.05,0.0,67,-0.002498791217805163,-8.327675504395456,-7.265821822484335
1445,do,0.05,0.0,70,4.1653600275516505,-5.507848186203928,-5.157841094334921
1446,pp,0.05,0.0,70,4.879970527887345,-5.8253053766308405,-5.136509037017822
1447,do,0.05,0.0,70,0.9956281840801235,-8.230394652395537,-7.760599115159777
1448,pp,0.05,0.0,70,0.48229798078537023,-8.725793458476211,-7.938730435901218
1449,do,0.05,0.0,9,0.40366664648056005,-6.516947776621039,-5.955741291575961
1450,pp,0.05,0.0,17,1.9086418211460119,-5.267284406315197,-4.29731121857961
1451,do,0.05,0.0,70,2.129124374389648,-7.361601053584706,-6.21798366440667
1452,pp,0.05,0.0,70,0.8605947387218471,-7.24694183956493,-6.410994076728821
1453,do,0.05,0.0,69,0.90588582277298,-8.928787375941422,-8.654696835411919
1454,pp,0.05,0.0,31,1.8794232761859897,-5.866498094616515,-5.137091567781236
1455,do,0.05,0.0,15,1.3358180165290836,-7.362482265992598,-6.578848271899753
1456,pp,0.05,0.0,30,3.199448634386062,-5.750348380117705,-4.977382214864095
1457,do,0.05,0.0,53,0.9719536805152895,-7.816481363412105,-8.050278658337064
1458,pp,0.05,0.0,12,-0.08138141155242895,-6.000127889170791,-5.153128676944309
1459,do,0.05,0.0,26,1.1957047617435457,-8.026027061000015,-7.870537445280287
1460,pp,0.05,0.0,54,2.308021794557572,-6.151340238975756,-5.685638231701321
1461,do,0.05,0.0,49,1.7396303498744956,-7.889084655588324,-6.951982831954956
1462,pp,0.05,0.0,47,1.8714866113662714,-5.3090680064577045,-4.757574044333564
1463,do,0.05,0.0,3,0.2959075975418095,-4.979258131258415,-4.2729814926783245
1464,pp,0.05,0.0,70,1.6228425478935247,-7.578388803655451,-6.528975306616889
1465,do,0.05,0.0,70,3.097172738313674,-6.368520979447799,-6.397064063284132
1466,pp,0.05,0.0,66,3.6330553364753726,-6.2829345110690955,-5.754907033178541
1467,do,0.05,0.0,70,1.0269445490837104,-8.743734001390862,-7.43015808529324
1468,pp,0.05,0.0,42,1.0743872225284576,-6.427731742280902,-5.488089924388461
1469,do,0.05,0.0,47,1.9039847779273984,-7.979027818911003,-6.854333623250326
1470,pp,0.05,0.0,61,1.5312602102756507,-8.35981607726126,-8.170741430918376
1471,do,0.05,0.0,67,2.2977620172500615,-7.554531055508238,-6.801684957080417
1472,pp,0.05,0.0,70,2.093982622623443,-7.354598916660656,-6.672222158643934
1473,do,0.05,0.0,26,0.4352294051647183,-6.630466968362982,-6.586813677681817
1474,pp,0.05,0.0,46,1.5511222767829898,-6.169621932867802,-6.080119019084506
1475,do,0.05,0.0,29,1.0700077319145205,-8.099666264562895,-8.690892526838514
1476,pp,0.05,0.0,56,2.7314174687862405,-6.710649838592067,-5.727361750602722
1477,do,0.05,0.0,21,0.4551503109931945,-6.733913655714555,-6.238706676165263
1478,pp,0.05,0.0,49,1.0392582249641427,-6.6204176368135395,-6.333951912985908
1479,do,0.05,0.0,70,1.1383659934997565,-8.88155191450408,-8.080474233627319
1480,pp,0.05,0.0,38,2.2764622330665594,-6.579106228279345,-5.448789143562317
1481,do,0.05,0.0,54,1.6349873530864727,-7.693754866628936,-7.590343697865804
1482,pp,0.05,0.0,70,2.696775290966033,-6.552342517448194,-6.01322779390547
1483,do,0.05,0.0,19,1.4612003242969518,-6.035474875479034,-5.187291561232673
1484,pp,0.05,0.0,31,3.0425524783134454,-5.929590418844512,-5.121055542098151
1485,do,0.05,0.0,10,0.7391237711906431,-5.601020726290616,-5.2834179957707725
1486,pp,0.05,0.0,17,0.8006162142753599,-5.158993872729215,-4.629873185687595
1487,do,0.05,0.0,39,0.8075159072875966,-9.178353451237534,-8.952615245183308
1488,pp,0.05,0.0,44,1.9353996086120597,-7.6187452778671725,-6.31144949860043
1489,do,0.05,0.0,70,0.21419273614883494,-8.404922676086425,-7.627150005764431
1490,pp,0.05,0.0,36,4.028225586414337,-6.1876141316962965,-5.196497474776374
1491,do,0.05,0.0,37,2.192203392982483,-5.928828467022289,-5.0831417401631676
1492,pp,0.05,0.0,62,2.890830143690109,-5.323272335168087,-4.432088345951504
1493,do,0.05,0.0,70,1.7267828989028935,-7.89753171747381,-7.324286172125075
1494,pp,0.05,0.0,32,2.828385738134383,-6.614334012522842,-5.997485099898444
1495,do,0.05,0.0,70,1.7845456945896156,-7.604220086877996,-7.11124390496148
1496,pp,0.05,0.0,55,4.221228904724121,-5.576510487180768,-5.037986771265666
1497,do,0.05,0.0,70,0.7222963833808898,-6.9849689888231685,-6.314203169610765
1498,pp,0.05,0.0,22,1.0197929155826575,-5.640071029374094,-5.214067702823215
1499,do,0.05,0.0,66,1.4866018915176396,-6.765962535684759,-5.699135308795505
1500,pp,0.05,0.0,20,3.347644449472427,-5.979598786614158,-4.910008250342475
1501,do,0.05,0.0,41,0.9391313719749448,-6.971723386013147,-6.049089272816976
1502,pp,0.05,0.0,35,3.43419759631157,-5.605021803306811,-4.891481237941318
1503,do,0.05,0.0,18,1.2383570384979254,-5.809267782442498,-4.984285269843207
1504,pp,0.05,0.0,35,1.114644830226899,-7.4261234991478196,-6.860987803671095
1505,do,0.05,0.0,70,0.5448877549171449,-7.357190883520878,-6.887656715181139
1506,pp,0.05,0.0,14,1.8268976294994346,-5.001429096857707,-4.426692565282186
1507,do,0.05,0.0,70,2.305190378427505,-7.719618571888317,-6.8295978228251135
1508,pp,0.05,0.0,33,3.1565841329097752,-5.998222137219978,-5.1266181257036
1509,do,0.05,0.0,51,2.1456222939491276,-7.270556733102509,-6.054422018263075
1510,pp,0.05,0.0,20,2.467864537239075,-5.638894698114106,-4.904006724887424
1511,do,0.05,0.0,25,0.985599671602249,-6.250497200994781,-5.721536792649163
1512,pp,0.05,0.0,18,1.252545853853225,-4.7976603941483935,-4.2544900602764555
1513,do,0.05,0.0,70,1.66543419122696,-7.160817283572572,-6.516687711079915
1514,pp,0.05,0.0,70,2.455145069360733,-6.3914352258046465,-5.668775086932712
1515,do,0.05,0.0,18,2.6683675563335427,-5.383217019745798,-4.779261226124234
1516,pp,0.05,0.0,23,2.782383419275284,-4.587134632919774,-3.9823724455303617
1517,do,0.05,0.0,46,1.8222360587120061,-8.75467136700948,-8.749168724483914
1518,pp,0.05,0.0,34,2.852493678331375,-5.557662599736994,-4.818167742093404
1519,do,0.05,0.0,67,0.6163118100166312,-9.028378586335617,-8.227258745829264
1520,pp,0.05,0.0,15,2.3542530763149268,-5.416796597567472,-4.514260567559136
1521,do,0.05,0.0,54,-0.19190120458602777,-7.9707745884404035,-8.02740405400594
1522,pp,0.05,0.0,68,2.7033493804931643,-6.946217263828625,-5.918183761172824
1523,do,0.05,0.0,28,2.9162748312950137,-6.1338208371942695,-5.482564610905118
1524,pp,0.05,0.0,27,3.2076020753383636,-4.351700989405314,-3.7440690067079334
1525,do,0.05,0.0,65,-1.0307620048522956,-9.488174895084265,-9.000680918163724
1526,pp,0.05,0.0,31,2.9874124717712407,-5.394692068388967,-4.376656513743931
1527,do,0.05,0.0,31,0.17469801664352413,-7.688553256699533,-8.235828855302598
1528,pp,0.05,0.0,9,1.353230177164078,-5.184915213151411,-4.313981424437629
1529,do,0.05,0.0,26,-0.036661537885665396,-6.68778408946413,-7.6868025090959335
1530,pp,0.05,0.0,26,3.1476085567474374,-5.576324436881325,-4.349469190173679
1531,do,0.05,0.0,43,2.1017258882522585,-5.729301342819676,-5.075429982609219
1532,pp,0.05,0.0,29,2.4264196872711183,-5.694863211024892,-4.869595996538798
1533,do,0.05,0.0,16,1.2356368935108186,-5.500893597169356,-4.656393803490532
1534,pp,0.05,0.0,70,2.2504900968074795,-6.381810433936842,-5.355053557289971
1535,do,0.05,0.0,70,-0.7759990525245666,-9.952804293777003,-9.371973043017917
1536,pp,0.05,0.0,55,5.966716910600662,-5.3873831777861625,-4.102517378330231
1537,do,0.05,0.0,70,1.1296544611454014,-7.132211244467533,-6.8418789201312595
1538,pp,0.05,0.0,50,1.170475016832352,-6.2152769970171375,-5.632113605075412
1539,do,0.05,0.0,70,0.8379612827301024,-7.158809947967529,-6.3267993052800495
1540,pp,0.05,0.0,27,1.7188960433006288,-5.973887956503666,-4.898623612191942
1541,do,0.05,0.0,58,3.1684834551811214,-5.715362220821959,-4.874117181036207
1542,pp,0.05,0.0,49,4.0811452627182,-6.732386674302997,-5.7106443617078995
1543,do,0.05,0.0,69,1.3798481369018551,-7.540474786180439,-8.28931646347046
1544,pp,0.05,0.0,70,1.2516974854469298,-7.0477518168362705,-5.815624048974779
1545,do,0.05,0.0,57,1.617421588897706,-7.262916910287106,-6.586368555492825
1546,pp,0.05,0.0,32,0.7555027198791509,-6.284329118150653,-5.284676692220899
1547,do,0.05,0.0,51,3.0382361173629766,-6.234097375291767,-5.653155345386929
1548,pp,0.05,0.0,57,3.070512250661851,-6.779928010882753,-5.328293297025892
1549,do,0.05,0.0,47,1.8016783523559567,-6.5117410312999375,-5.77236094739702
1550,pp,0.05,0.0,38,3.8846795928478244,-4.582897970893166,-4.065559413697985
1551,do,0.05,0.0,29,0.836530132293702,-6.961651277542114,-6.885616834958395
1552,pp,0.05,0.0,33,2.0077011311054225,-5.918002965233542,-5.291402848561605
1553,do,0.05,0.0,46,1.9200727272033689,-7.863457204356338,-7.3562055852678085
1554,pp,0.05,0.0,14,2.3590115880966183,-5.313549582163493,-4.658416689766778
1555,do,0.05,0.0,70,-0.34783932089805614,-7.86723763292486,-7.350208383136326
1556,pp,0.05,0.0,21,1.5825024902820584,-6.135970161900376,-5.2575088077121315
1557,do,0.05,0.0,14,-0.5938343858718866,-6.041787187980883,-5.583917933040195
1558,pp,0.05,0.0,10,0.6769761610031129,-5.324822255336877,-4.458541181352404
1559,do,0.05,0.0,68,1.1882010126113887,-7.629724496783632,-7.281036588880751
1560,pp,0.05,0.0,43,2.6987944316864008,-6.965869345809474,-6.358601093292236
1561,do,0.05,0.0,70,4.34873396039009,-7.144139194488526,-6.061025698979695
1562,pp,0.05,0.0,34,2.559568721055985,-6.621000117966623,-5.360391436682807
1563,do,0.05,0.0,70,0.6242376780509957,-10.864068740786928,-12.377980619006687
1564,pp,0.05,0.0,19,1.9239052629470823,-6.347863093289462,-4.96729621357388
1565,do,0.05,0.0,68,0.964801332950592,-6.8783400564482715,-6.05965158144633
1566,pp,0.05,0.0,22,1.7734947717189788,-6.044822344635472,-5.279172664218478
1567,do,0.05,0.0,3,-0.3162309288978582,-5.828359121264834,-5.118895567788018
1568,pp,0.05,0.0,14,0.48679516792297406,-6.24205540599245,-5.310924124717713
1569,do,0.05,0.0,52,-0.32781980276107703,-8.183401665543064,-7.418421936035156
1570,pp,0.05,0.0,51,3.9908329892158507,-5.946979187474106,-5.257156658172607
1571,do,0.05,0.0,70,2.820043497085572,-5.197149226159761,-4.851939964294433
1572,pp,0.05,0.0,37,2.3440234434604648,-5.764729481032401,-4.912075890435113
1573,do,0.05,0.0,10,0.020819592475890936,-5.921601114851056,-5.4222838931613495
1574,pp,0.05,0.0,39,2.979708939790725,-5.649874350518891,-4.965863961643643
1575,do,0.05,0.0,70,0.8608234250545506,-6.314321601752079,-5.8780268907546995
1576,pp,0.05,0.0,21,2.216637856960296,-5.518952545975194,-4.647627917925517
1577,do,0.05,0.0,54,0.5984047889709476,-7.449459688591235,-6.955703682369656
1578,pp,0.05,0.0,43,1.022487285137176,-6.644996014508334,-5.731543180677626
1579,do,0.05,0.0,38,0.2245538663864135,-7.10935689608256,-6.794944760534499
1580,pp,0.05,0.0,16,1.719035050868988,-4.278276067791563,-3.511143922805786
1581,do,0.05,0.0,65,1.408217216730117,-8.166116068579933,-7.105913289388021
1582,pp,0.05,0.0,47,4.622087920904159,-5.603073708216349,-4.526768702930874
1583,do,0.05,0.0,59,2.4030385470390323,-6.499900118509928,-5.184524001015557
1584,pp,0.05,0.0,33,2.9261867582798002,-4.598402712561867,-3.7754286620352002
1585,do,0.05,0.0,70,1.4362800371646873,-8.434194590828636,-7.045908318625556
1586,pp,0.05,0.0,31,0.563868631124496,-6.207857270674272,-5.221470562616984
1587,do,0.05,0.0,37,1.442350561618805,-6.35443770235235,-6.498033131493463
1588,pp,0.05,0.0,52,1.1982506418228152,-7.6654716520598445,-7.332137044270834
1589,do,0.05,0.0,45,2.18639614701271,-6.48001682397091,-5.765951251983642
1590,pp,0.05,0.0,29,3.2631176114082345,-4.816934062495376,-4.104428350925446
1591,do,0.05,0.0,47,2.8054706752300262,-5.627088582876957,-5.67297429508633
1592,pp,0.05,0.0,23,3.26115290760994,-6.10570494333903,-4.923266900910272
1593,do,0.05,0.0,40,0.18823633670806839,-6.975964283220696,-6.272365400526259
1594,pp,0.05,0.0,18,2.1452637326717374,-4.959375328006167,-4.250236691368951
1595,do,0.05,0.0,70,2.0653626537322998,-6.727432905543934,-5.86056465042962
1596,pp,0.05,0.0,27,1.585105392932891,-5.935357316335042,-5.233058518833584
1597,do,0.05,0.0,25,-0.24488945960998532,-6.565977414449056,-5.96618476178911
1598,pp,0.05,0.0,43,2.6034963536262516,-6.36294476480195,-5.603556296560499
1599,do,0.05,0.0,21,0.9165662527084351,-6.107193939613573,-5.727756259176466
1600,pp,0.05,0.0,70,2.665553184747697,-7.002299662792321,-6.022082826826307
1601,do,0.05,0.0,70,1.0019035816192625,-7.566668884681933,-7.9854408317142065
1602,pp,0.05,0.0,26,1.1758440816402436,-6.0393350326653685,-5.67350811958313
1603,do,0.05,0.0,70,0.022228902578353527,-8.918905821713535,-7.4818332407209605
1604,pp,0.05,0.0,70,1.656288067102432,-7.428537360104648,-7.244401833746168
1605,do,0.05,0.0,57,-0.7867520749568939,-10.076235869436553,-10.116852156321208
1606,pp,0.05,0.0,32,2.7274028897285456,-5.089020516655662,-4.536545051468743
1607,do,0.05,0.0,70,-1.282734149694443,-9.412574591781153,-8.089081250296699
1608,pp,0.05,0.0,70,-0.6757112526893607,-8.502433798529886,-7.948856745825873
1609,do,0.05,0.0,22,3.0937815022468564,-6.737374749328151,-7.559361547893948
1610,pp,0.05,0.0,35,2.453598721027374,-6.281880997166489,-6.17975402408176
1611,do,0.05,0.0,70,2.5188445270061486,-6.976121398174402,-6.734093941582573
1612,pp,0.05,0.0,57,3.3475762224197387,-5.387568060557047,-4.464434181319342
1613,do,0.05,0.0,57,2.5757153999805453,-7.0350864265904285,-6.039576774173312
1614,pp,0.05,0.0,13,1.495171540975571,-5.454211606401386,-4.89480336772071
1615,do,0.05,0.0,66,3.3293586421012877,-6.304271028981065,-5.854928824636671
1616,pp,0.05,0.0,69,2.4542924833297732,-7.333721215797193,-6.19201963212755
1617,do,0.05,0.0,70,2.0739375448226935,-7.320184480782711,-6.345197094811334
1618,pp,0.05,0.0,28,2.7130399096012123,-5.748631841486151,-5.24681715965271
1619,do,0.05,0.0,60,2.635641286373138,-7.6623501965493865,-6.876351205507914
1620,pp,0.05,0.0,21,2.142960495948791,-5.720459923599705,-4.848760626051161
1621,do,0.05,0.0,49,3.794624599218369,-5.381897426374031,-4.631444430351257
1622,pp,0.05,0.0,39,4.504213782548905,-5.577859131495158,-5.204197774993049
1623,do,0.05,0.0,15,0.9261251199245448,-5.876134571884617,-5.312620989481608
1624,pp,0.05,0.0,18,0.11292074322700518,-6.05130306446191,-5.6580468151304455
1625,do,0.05,0.0,37,3.3021194767951965,-4.884087334257184,-4.258556359344059
1626,pp,0.05,0.0,22,2.191506766080856,-6.048163295514656,-5.109079620573255
1627,do,0.05,0.0,21,1.9892467617988583,-5.196061062090324,-4.7280005507999
1628,pp,0.05,0.0,19,1.6225173282623295,-5.714016232346044,-4.874169203970167
1629,do,0.05,0.0,70,1.3557912349700931,-7.037629033579971,-7.886899794472589
1630,pp,0.05,0.0,32,1.296589918136597,-5.851290585777976,-4.92488821082645
1631,do,0.05,0.0,3,-0.8837727975845331,-5.901253083257965,-5.381408378813002
1632,pp,0.05,0.0,70,1.904609361886978,-7.52996172615976,-6.394789425532023
1633,do,0.05,0.0,41,0.4477349376678461,-8.722110161636815,-8.080878745185004
1634,pp,0.05,0.0,26,1.2955045247077939,-7.048886608354973,-6.0589523633321125
1635,do,0.05,0.0,70,0.06337561964988758,-8.466400816946319,-7.483024899164835
1636,pp,0.05,0.0,13,0.5456050777435308,-6.530241918563843,-5.7181821319792006
1637,do,0.05,0.0,60,2.557475472688676,-6.388280638781461,-5.73189312087165
1638,pp,0.05,0.0,26,1.1008976280689247,-5.4413211475719105,-4.600200814670987
1639,do,0.05,0.0,3,-0.753439104557037,-5.795186629439845,-5.162218573358324
1640,pp,0.05,0.0,11,1.7679337739944456,-5.506414573842829,-4.555604513486227
1641,do,0.05,0.0,26,1.2943809723854054,-6.487209156787757,-6.199752018186781
1642,pp,0.05,0.0,63,0.5299236536025997,-7.884202299696026,-7.729384024937947
1643,do,0.05,0.0,38,1.177733497619629,-7.844204431591612,-6.977795500225491
1644,pp,0.05,0.0,17,-0.2797454154491428,-6.921428910168735,-6.853925662570529
1645,do,0.05,0.0,70,0.1508357143402108,-9.073312356255272,-8.168257639143203
1646,pp,0.05,0.0,40,1.2658784437179573,-7.4254616650668055,-6.978719870249431
1647,do,0.05,0.0,70,-0.347163001298906,-7.999892895149462,-6.900992533895704
1648,pp,0.05,0.0,51,2.2456384778022773,-8.244542649298003,-7.173568158679538
1649,do,0.05,0.0,70,1.4656051301956161,-8.074115653471512,-7.315469140476651
1650,pp,0.05,0.0,13,0.02732940196990974,-5.988353633880616,-5.136122836007012
1651,do,0.05,0.0,70,2.5871036624908452,-7.9163374178337325,-7.433483023113674
1652,pp,0.05,0.0,28,1.249864250421524,-5.440662816076568,-5.153806826803419
1653,do,0.05,0.0,26,1.0712144768238074,-6.036077850515192,-6.2423098882039385
1654,pp,0.05,0.0,70,1.6748390054702753,-7.406688810117317,-6.712925026151869
1655,do,0.05,0.0,55,1.8752170467376699,-6.167523530035308,-5.919141727023654
1656,pp,0.05,0.0,42,3.0803265833854674,-4.645778921878699,-3.9871018052101137
1657,do,0.05,0.0,70,1.0689375245571142,-8.831118470972234,-8.458664308653937
1658,pp,0.05,0.0,34,1.0488670158386242,-7.965135581565626,-7.143061749140421
1659,do,0.05,0.0,58,-0.5048079073429115,-9.48549361373439,-10.459558391571045
1660,pp,0.05,0.0,23,0.302961357831955,-7.139819676948316,-6.671267731984456
1661,do,0.05,0.0,70,1.41684494137764,-6.208053970336914,-5.735530593660143
1662,pp,0.05,0.0,70,1.768383568525314,-6.468348520452326,-5.792869369188945
1663,do,0.05,0.0,70,0.8190097200870525,-7.98273975054423,-7.631767627927992
1664,pp,0.05,0.0,70,1.4066228663921363,-6.903226593768958,-5.980913331773546
1665,do,0.05,0.0,27,1.3922384250164033,-6.220891046524048,-5.784934237268236
1666,pp,0.05,0.0,27,1.9931084430217751,-6.468080865975582,-5.266349713007609
1667,do,0.05,0.0,60,0.40219021558761625,-7.430874956015384,-7.848812182744344
1668,pp,0.05,0.0,62,4.007627432346343,-6.237252540299386,-5.641635915968153
1669,do,0.05,0.0,23,0.5840791332721711,-6.276977598305905,-6.0760327445136175
1670,pp,0.05,0.0,37,2.8753712558746347,-5.801424735965151,-4.698964671293894
1671,do,0.05,0.0,70,0.1112249493598938,-8.293989145394528,-9.328294155332777
1672,pp,0.05,0.0,70,1.9463100695610045,-7.0927892078052865,-6.426843455102708
1673,do,0.05,0.0,56,1.84424188375473,-6.739609176462347,-6.2429770893520775
1674,pp,0.05,0.0,21,2.3747689282894138,-6.268615247264053,-4.90959960354699
1675,do,0.05,0.0,70,0.45531781196594245,-6.322469647725423,-6.207384546597798
1676,pp,0.05,0.0,34,2.5907647299766534,-6.831209809852369,-6.37634048461914
1677,do,0.05,0.0,9,0.6553799188137059,-4.438773002046528,-5.285332070456611
1678,pp,0.05,0.0,61,3.6328075408935554,-6.590662603667288,-6.084779214859009
1679,do,0.05,0.0,35,1.0160208022594457,-6.393857367833456,-6.1632501628663805
1680,pp,0.05,0.0,40,1.985569092035294,-7.121163350885564,-6.077164085706075
1681,do,0.05,0.0,20,-0.6620204877853393,-6.806373194492225,-7.372333123948839
1682,pp,0.05,0.0,32,2.989691300392151,-5.430445155230435,-4.641186785697937
1683,do,0.05,0.0,31,-0.4002956724166866,-7.814551798502604,-8.48959626091851
1684,pp,0.05,0.0,30,2.716563876867294,-6.187631257375082,-5.025401457150777
1685,do,0.05,0.0,70,1.7310854709148416,-5.984496089183923,-6.10681640042199
1686,pp,0.05,0.0,70,3.9990980827808382,-5.744386412880638,-5.536466174655491
1687,do,0.05,0.0,16,1.2340413331985474,-4.863814196442113,-4.409356106652154
1688,pp,0.05,0.0,16,1.5686386203765874,-4.441745604890766,-3.85320432583491
1689,do,0.05,0.0,22,0.7360206878185265,-6.604989073493264,-7.247581020991007
1690,pp,0.05,0.0,55,3.4988775885105134,-5.631411903554743,-4.456756750742595
1691,do,0.05,0.0,25,1.3374299585819243,-6.250165065129598,-5.831075437863668
1692,pp,0.05,0.0,29,3.078338160514832,-6.285005628701413,-4.693856838014391
1693,do,0.05,0.0,70,2.0311051738262176,-6.199196533723311,-5.7338112089369035
1694,pp,0.05,0.0,35,2.529895404577256,-6.24985095948884,-5.499190558327569
1695,do,0.05,0.0,16,1.7650260722637183,-5.484484633532437,-5.143500428729587
1696,pp,0.05,0.0,31,2.225680416822434,-6.04691833004807,-4.988517125447591
1697,do,0.05,0.0,45,1.756233474016189,-5.856325189995043,-5.062247610092163
1698,pp,0.05,0.0,41,3.3806125748157507,-6.157401699008363,-4.852587162123786
1699,do,0.05,0.0,15,0.8989461588859555,-5.7088023561419865,-6.535970205730862
1700,pp,0.05,0.0,70,1.0795124316215503,-7.73238171230663,-6.51988881164127
1701,do,0.05,0.0,50,2.744047228097915,-6.1916414073019315,-5.884307458665636
1702,pp,0.05,0.0,45,3.0422520542144786,-6.686437856789791,-5.753701877593994
1703,do,0.05,0.0,70,1.8348880481719974,-6.7468101906053946,-7.027782164679634
1704,pp,0.05,0.0,32,1.770057898759843,-5.705925678484368,-4.912406929334005
1705,do,0.05,0.0,46,2.3253105378150947,-6.292609974832246,-5.882425098949009
1706,pp,0.05,0.0,31,4.056160154342652,-4.780802322156502,-4.11075140900082
1707,do,0.05,0.0,69,1.3967433273792267,-8.652957406188502,-8.958367321226332
1708,pp,0.05,0.0,46,2.7727364778518684,-6.205274730740172,-4.93341961701711
1709,do,0.05,0.0,20,2.328342527151108,-4.854028570290768,-5.295842247539096
1710,pp,0.05,0.0,30,3.5946667075157164,-5.57634659391461,-4.951293465826247
1711,do,0.05,0.0,56,2.283106832504272,-5.781204324780089,-5.097561128934225
1712,pp,0.05,0.0,29,3.323868689537047,-5.546354588595304,-4.5130093759960594
1713,do,0.05,0.0,28,1.895392274856568,-6.457682495406179,-5.98251928223504
1714,pp,0.05,0.0,26,0.6896107244491585,-7.110200880513046,-6.046034354633755
1715,do,0.05,0.0,64,0.5563109326362596,-8.186295087409741,-7.614808373981052
1716,pp,0.05,0.0,70,1.9433013916015636,-7.95899723515366,-6.467362366782295
1717,do,0.05,0.0,56,3.3342701256275173,-5.713242601625847,-5.050360531277127
1718,pp,0.05,0.0,64,3.898801733255387,-5.775155980659254,-4.872350343068441
1719,do,0.05,0.0,3,-0.32106943011283917,-5.820743144642223,-5.392123394542271
1720,pp,0.05,0.0,45,4.173539059162141,-6.229982351534295,-5.3784726248847115
1721,do,0.05,0.0,29,0.25519438982009923,-6.526655354644313,-6.456534756554498
1722,pp,0.05,0.0,17,1.4668084347248076,-6.61443663076921,-5.762056263287862
1723,do,0.05,0.0,62,2.236553926467895,-8.208354393641153,-7.839577309290568
1724,pp,0.05,0.0,35,1.9938544476032263,-6.280604226661451,-5.36277486483256
1725,do,0.05,0.0,10,-0.7344265031814574,-6.321338022116459,-6.465720971425374
1726,pp,0.05,0.0,43,2.8640861427783966,-5.252299317446622,-4.732797818713718
1727,do,0.05,0.0,13,0.3963356697559348,-5.6116073796243375,-5.241519864400228
1728,pp,0.05,0.0,5,0.45709807872772146,-4.632263567953399,-3.9909276405970258
1729,do,0.05,0.0,22,2.391933597326279,-5.8071900483333705,-5.982567686504788
1730,pp,0.05,0.0,30,2.5193894135952,-5.809588784882517,-4.938251580132379
1731,do,0.05,0.0,41,1.090559097528458,-6.583378650202896,-6.090622387992012
1732,pp,0.05,0.0,27,3.5159509134292612,-5.697294600804647,-4.923864052030775
1733,do,0.05,0.0,31,1.2001202774047863,-7.817482335639722,-7.368229442172581
1734,pp,0.05,0.0,42,3.338141716718674,-6.183643277486166,-5.74253622425927
1735,do,0.05,0.0,70,1.980885599851609,-6.313998567696774,-5.727195315890842
1736,pp,0.05,0.0,34,2.034244067668915,-5.776618122332024,-4.7823811266157366
1737,do,0.05,0.0,70,1.2198797369003298,-8.005872226483895,-7.467131339179145
1738,pp,0.05,0.0,22,2.619857671260834,-5.57071492021734,-5.2165886825985375
1739,do,0.05,0.0,70,1.29956353545189,-7.5434626261393225,-7.503102382024129
1740,pp,0.05,0.0,44,3.7392483675479893,-6.379835786241474,-5.0306599272622
1741,do,0.05,0.0,13,0.5005551385879521,-5.559522741491144,-5.108514017528957
1742,pp,0.05,0.0,18,1.905288449525833,-6.187196919412324,-5.437950083944533
1743,do,0.05,0.0,26,2.306553683280944,-6.262339500947432,-6.146812785996331
1744,pp,0.05,0.0,70,2.41886181473732,-6.790396751057018,-5.773410918977525
1745,do,0.05,0.0,60,-0.04696991920471305,-8.434057700995243,-8.240945625305176
1746,pp,0.05,0.0,39,1.4468241858482358,-7.23366214578802,-6.044036632113986
1747,do,0.05,0.0,32,0.42646538972854664,-7.52615976189122,-6.6167728927400375
1748,pp,0.05,0.0,25,2.2002580392360693,-5.28402140790766,-5.155236281288994
1749,do,0.05,0.0,50,3.478367439508438,-5.37090634432706,-6.575598584281074
1750,pp,0.05,0.0,21,1.8556567955017087,-5.803782480413264,-4.647803383403354
1751,do,0.05,0.0,24,1.2723262166976923,-6.393799456683072,-5.988567770851983
1752,pp,0.05,0.0,22,2.425262563228607,-5.47859818574154,-4.695542846785651
1753,do,0.05,0.0,70,0.7578743267059327,-9.427044802001028,-8.453045882119072
1754,pp,0.05,0.0,45,2.1807466375827795,-6.116805277448712,-5.090527743763394
1755,do,0.05,0.0,61,1.8008254504203798,-8.260433357412165,-6.805631960762872
1756,pp,0.05,0.0,59,3.49091774225235,-6.605809698682843,-6.410698013835483
1757,do,0.05,0.0,55,1.7553619587421423,-6.599300621495102,-6.9163729826609295
1758,pp,0.05,0.0,55,3.6458563113212588,-7.985675285801743,-6.616364937358433
1759,do,0.05,0.0,51,0.08979811310768149,-7.933290763334795,-6.95159846411811
1760,pp,0.05,0.0,46,3.910273756980896,-6.191440918951324,-5.1192309670978124
1761,do,0.05,0.0,70,0.6355975127220148,-7.754673098072861,-7.051760345035129
1762,pp,0.05,0.0,70,0.7890772616863249,-8.713423892223474,-7.38194719420539
1763,do,0.05,0.0,61,0.4779365360736847,-7.911044613520304,-7.883373578389485
1764,pp,0.05,0.0,24,1.2807802999019628,-5.477999304280137,-4.892456216282315
1765,do,0.05,0.0,67,1.8876029229164129,-6.585386956821789,-6.452757660547892
1766,pp,0.05,0.0,61,1.9497958135604847,-7.6340817668221215,-6.322780627674526
1767,do,0.05,0.0,70,1.7453652465343472,-6.107615548914129,-5.555336795912849
1768,pp,0.05,0.0,50,1.3481374299526223,-5.865981629400542,-4.96099628607432
1769,do,0.05,0.0,20,1.0327031695842743,-5.441561216296572,-5.421687881151835
1770,pp,0.05,0.0,44,0.695416668653488,-7.66520789753307,-6.524428881539238
1771,do,0.05,0.0,14,1.2665098500251766,-4.7407509832671195,-4.260270534621345
1772,pp,0.05,0.0,31,2.2425633764266975,-6.513059422464082,-5.635773709085252
1773,do,0.05,0.0,17,1.1982632482051843,-5.641307271610607,-5.078306002087063
1774,pp,0.05,0.0,33,2.128439830541611,-5.4162245027946705,-4.566965010431078
1775,do,0.05,0.0,58,2.080320003032684,-6.45218071937561,-5.764089155197143
1776,pp,0.05,0.0,46,1.2556213188171395,-7.086941460407141,-6.121263297398885
1777,do,0.05,0.0,45,1.786142091751099,-7.593966023127238,-8.544611501693726
1778,pp,0.05,0.0,31,1.4872701776027686,-5.922107070865053,-5.214923538102044
1779,do,0.05,0.0,32,0.638577891588211,-7.3708324374574605,-6.989950286017524
1780,pp,0.05,0.0,12,1.0620492601394655,-5.245711567907622,-4.409535646438599
1781,do,0.05,0.0,70,0.9824963080883027,-7.717846087253455,-6.874772379133437
1782,pp,0.05,0.0,14,2.3453472125530244,-5.1858330900018865,-4.316673464245266
1783,do,0.05,0.0,70,1.8065608561038964,-7.3332654042677445,-7.019529215494791
1784,pp,0.05,0.0,70,2.2273395395278923,-7.2779417572599465,-6.69224517610338
1785,do,0.05,0.0,49,1.2100141203403467,-7.568997803601351,-7.143137216567993
1786,pp,0.05,0.0,44,2.655057592391967,-6.061753729617957,-5.287547175089518
1787,do,0.05,0.0,57,1.7703968536853782,-8.286080408096314,-7.372652432653639
1788,pp,0.05,0.0,52,2.0009829413890845,-7.630857589028098,-6.518680728806389
1789,do,0.05,0.0,50,3.4229321718215946,-5.208988507588704,-4.640493490960863
1790,pp,0.05,0.0,54,2.250488711595535,-5.775291548353253,-4.92279982831743
1791,do,0.05,0.0,65,1.355400949716568,-7.638627108660612,-7.238810608122084
1792,pp,0.05,0.0,13,0.7943235003948219,-5.897762321703362,-5.094165743721856
1793,do,0.05,0.0,70,0.9885596919059747,-9.097249282490123,-7.765795003043281
1794,pp,0.05,0.0,70,0.6485310435295109,-7.639173100211403,-6.608348078197903
1795,do,0.05,0.0,70,3.2660750794410696,-8.538326831297441,-7.358527975612216
1796,pp,0.05,0.0,36,3.8976194798946384,-5.893301537542632,-4.780311171213786
1797,do,0.05,0.0,70,2.2916729032993324,-6.810714665326205,-6.169752269321018
1798,pp,0.05,0.0,30,1.5741664791107182,-5.567005905960546,-5.118314883444044
1799,do,0.05,0.0,64,0.9382384932041177,-7.3201828104076965,-7.074994452794393
1800,pp,0.05,0.0,70,2.344175962209702,-7.7158320181297535,-6.769459660847982
1801,do,0.05,0.0,70,0.9949496233463284,-7.089418847633131,-6.611848349041409
1802,pp,0.05,0.0,70,0.14249243974685655,-8.07019829750061,-7.227062569724189
1803,do,0.05,0.0,32,2.7698756539821625,-5.038117986736876,-4.718217804696825
1804,pp,0.05,0.0,70,0.7689133632183065,-8.44094898628466,-6.942574999067518
1805,do,0.05,0.0,70,1.8985900115966796,-7.40162019296126,-7.327852604124281
1806,pp,0.05,0.0,28,2.4242711198329934,-6.0014363462274725,-5.310081595844693
1807,do,0.05,0.0,70,0.5689662313461312,-8.01220636367798,-7.005124592781067
1808,pp,0.05,0.0,70,-0.4546365296840662,-8.686923011144001,-7.439645581775242
1809,do,0.05,0.0,22,1.9600580823421483,-5.3970924897627395,-6.631837322976854
1810,pp,0.05,0.0,70,1.5861969923973085,-9.457581163175178,-8.797428041034275
1811,do,0.05,0.0,70,1.8374948310852055,-8.003295093594176,-7.324837011761136
1812,pp,0.05,0.0,70,0.8889542675018323,-8.586388499809035,-7.612974341710409
1813,do,0.05,0.0,60,1.7965583980083464,-6.195199551726833,-6.424830357233684
1814,pp,0.05,0.0,70,2.7430792510509487,-6.888035466454246,-5.809533627827962
1815,do,0.05,0.0,15,0.8533288478851322,-5.542112883654508,-5.158128465546502
1816,pp,0.05,0.0,36,1.5174814510345467,-7.400915583697232,-6.452231539620294
1817,do,0.05,0.0,45,1.6798497402667998,-6.144159085822828,-6.778224799368116
1818,pp,0.05,0.0,30,3.027851027250289,-5.182589549729318,-4.367321504486932
1819,do,0.05,0.0,2,-0.6902231764793401,-5.896872125972401,-5.364364266395569
1820,pp,0.05,0.0,33,1.15569964170456,-5.887657278234308,-4.918157609303792
1821,do,0.05,0.0,70,0.6376491940021509,-6.494533264275753,-7.183709541956584
1822,pp,0.05,0.0,17,1.1493900179862973,-5.626580479650786,-4.947323399119907
1823,do,0.05,0.0,34,0.8376173043251036,-7.321865578853723,-6.593183194266425
1824,pp,0.05,0.0,46,0.9977843022346491,-7.145253158338142,-6.176003911760119
1825,do,0.05,0.0,70,-0.4283211708068855,-8.900769171570287,-8.648009371757507
1826,pp,0.05,0.0,58,2.040402365922928,-5.690753118919604,-4.989913784133064
1827,do,0.05,0.0,68,2.2036007261276245,-6.39298743912668,-5.781457024150424
1828,pp,0.05,0.0,27,2.2811588025093075,-7.658227417685769,-6.366408761342367
1829,do,0.05,0.0,33,1.7644827020168306,-5.657539295427727,-6.599105103810628
1830,pp,0.05,0.0,57,3.0281391894817355,-6.317471197879676,-4.985511350631714
1831,do,0.05,0.0,55,1.37295655965805,-7.806261126200358,-7.587621042463515
1832,pp,0.05,0.0,21,1.9764667749404907,-5.273090954982873,-5.111153303252326
1833,do,0.05,0.0,16,1.914882558584213,-5.105050060965798,-4.568527465396457
1834,pp,0.05,0.0,24,1.8475344538688656,-5.760557150118279,-4.954310287369622
1835,do,0.05,0.0,28,0.9844138991832727,-6.063918668573553,-6.283164466751947
1836,pp,0.05,0.0,70,0.6721408212184894,-7.6646955143321644,-6.645181168450249
1837,do,0.05,0.0,70,0.860557707548141,-6.886877519434148,-6.418975541326735
1838,pp,0.05,0.0,35,3.1964987504482263,-5.487995728579435,-4.414971643024021
1839,do,0.05,0.0,22,1.9914143800735484,-6.67217971050378,-5.527829580836826
1840,pp,0.05,0.0,29,2.0818983113765714,-5.176261647542318,-4.4639497968885635
1841,do,0.05,0.0,70,2.422224785089493,-6.653756202350963,-6.739724127451579
1842,pp,0.05,0.0,23,2.8331612861156463,-4.694817092924407,-3.81664357052909
1843,do,0.05,0.0,66,3.0230662059783926,-5.78828861063177,-5.655775833129883
1844,pp,0.05,0.0,45,3.500433356761933,-6.003251854578654,-5.348619839880201
1845,do,0.05,0.0,28,-0.16051206350326552,-7.701643360022342,-6.879240979088677
1846,pp,0.05,0.0,70,1.8607523036003109,-7.590481633851023,-6.416760759883457
1847,do,0.05,0.0,26,0.8152085101604465,-5.65162309588808,-5.746613968743218
1848,pp,0.05,0.0,23,2.6245181202888492,-4.685477316018307,-4.672128046883477
1849,do,0.05,0.0,30,2.2473843812942507,-5.789436408245202,-6.2382494502597385
1850,pp,0.05,0.0,35,3.71468363404274,-5.769804395328869,-4.940854740142822
1851,do,0.05,0.0,68,1.0287022447586054,-7.504929663918235,-7.024507739808825
1852,pp,0.05,0.0,28,2.7935000801086423,-5.657022194428877,-4.567730696996053
1853,do,0.05,0.0,60,2.529329823255539,-5.960323697870428,-6.417541684044732
1854,pp,0.05,0.0,32,2.336021500825882,-5.3158570621952865,-4.85054411093394
1855,do,0.05,0.0,70,0.7434451436996454,-8.364236360607725,-8.20656025674608
1856,pp,0.05,0.0,15,2.0112972724437714,-4.959035081574411,-4.313158999549018
1857,do,0.05,0.0,27,1.5831851243972785,-5.1935697815634985,-4.552925666173299
1858,pp,0.05,0.0,70,1.9738454425334933,-6.707892389008493,-6.003207461039225
1859,do,0.05,0.0,34,2.230490951538087,-6.269228810975046,-5.735522225168016
1860,pp,0.05,0.0,36,2.2782362234592446,-5.875916574940537,-5.027612026532491
1861,do,0.05,0.0,70,2.6637507677078256,-6.147695125233043,-5.949470059076945
1862,pp,0.05,0.0,33,3.225873198509216,-7.518597638968266,-7.394122785992092
1863,do,0.05,0.0,13,0.9016330051422123,-5.394761003147472,-4.853282936414083
1864,pp,0.05,0.0,28,1.9410949265956878,-4.9295347213745115,-4.186343375841776
1865,do,0.05,0.0,44,2.29012132883072,-5.297257341038097,-4.883551780382792
1866,pp,0.05,0.0,29,1.3362103426456455,-5.355953417402326,-4.697182401021322
1867,do,0.05,0.0,27,1.5176150226593013,-5.636111052831014,-5.257510919041104
1868,pp,0.05,0.0,43,3.0316109049320223,-6.239027601299864,-5.249781317181057
1869,do,0.05,0.0,70,0.33840177536010785,-7.131776078542074,-6.652490594651964
1870,pp,0.05,0.0,23,2.2877979767322545,-4.828735952666311,-3.924931726190779
1871,do,0.05,0.0,24,1.719448648691177,-6.6550736037167635,-5.060356749428643
1872,pp,0.05,0.0,24,1.8000465273857111,-5.609358127189405,-5.079235310024686
1873,do,0.05,0.0,14,1.3569888162612918,-5.026374981620095,-4.435358749495612
1874,pp,0.05,0.0,26,1.678552266359329,-7.639192549387614,-6.856580660078261
1875,do,0.05,0.0,68,1.7573781764507297,-6.997489631537235,-7.16486849255032
1876,pp,0.05,0.0,17,2.719719934463501,-5.706167708021222,-4.751333909564548
1877,do,0.05,0.0,70,1.2061604416370404,-7.296294004266913,-7.025597879621718
1878,pp,0.05,0.0,52,1.9420839345455168,-7.326200866699219,-6.34642051325904
1879,do,0.05,0.0,70,1.2162142157554632,-7.31613450050354,-6.853602049085829
1880,pp,0.05,0.0,28,1.8546581459045406,-7.337105200507424,-6.169684894879659
1881,do,0.05,0.0,60,2.8162019979953756,-5.07279716982986,-4.7707642820146345
1882,pp,0.05,0.0,24,2.946816297769547,-6.281658012216742,-5.743922350141737
1883,do,0.05,0.0,65,2.3003398668766026,-6.974341050061312,-6.715598585870531
1884,pp,0.05,0.0,23,2.3823915684223174,-5.089836435606985,-4.5187586916817555
1885,do,0.05,0.0,43,2.7380920064449317,-5.912823302818067,-5.309465331501431
1886,pp,0.05,0.0,27,3.6382566964626317,-4.832042945515026,-4.004797671900855
1887,do,0.05,0.0,42,3.875026477575302,-6.491491463690093,-6.967275497648451
1888,pp,0.05,0.0,33,2.858460000753402,-5.566125719475024,-4.753352944056193
1889,do,0.05,0.0,69,0.9745687186717982,-7.18421970280734,-6.41953690316942
1890,pp,0.05,0.0,35,3.3372024607658375,-4.935882386294279,-4.339684213532342
1891,do,0.05,0.0,50,2.1784970593452453,-5.567612900878444,-5.441717126634386
1892,pp,0.05,0.0,70,3.715922635793686,-6.0147874066323945,-5.052644801139832
1893,do,0.05,0.0,54,1.045631024837494,-6.9666078090667725,-6.620936764611138
1894,pp,0.05,0.0,54,2.289980566501618,-5.804859999454383,-5.1965628385543825
1895,do,0.05,0.0,29,2.0051790297031395,-6.027977859612667,-6.012633657455444
1896,pp,0.05,0.0,47,3.0206736660003655,-7.080326600508257,-6.195070436265733
1897,do,0.05,0.0,66,3.151595200300217,-7.396179203553634,-6.179783545600044
1898,pp,0.05,0.0,22,2.1716299271583557,-5.403472083987611,-4.559377921952142
1899,do,0.05,0.0,70,2.148715555667877,-7.55868882410454,-7.897190978791978
1900,pp,0.05,0.0,16,1.4977317881584167,-5.172012882521658,-4.177381398942735
1901,do,0.05,0.0,65,4.454882533550261,-5.771343170512806,-5.999500507778592
1902,pp,0.05,0.0,51,3.6821322059631347,-6.776102317463268,-5.655305751164755
1903,do,0.05,0.0,57,2.0938712465763087,-6.1251830173261235,-5.382466729482015
1904,pp,0.05,0.0,40,2.283130875825882,-5.004539177634499,-4.366886515087551
1905,do,0.05,0.0,11,2.488960359096528,-5.467992312980421,-4.644327897495693
1906,pp,0.05,0.0,64,3.854994274377823,-7.062139868013786,-6.024273988935683
1907,do,0.05,0.0,25,2.5383164107799523,-5.66727537241849,-5.038264817661709
1908,pp,0.05,0.0,24,2.3609937357902533,-6.051135151314013,-5.280924656656054
1909,do,0.05,0.0,70,1.4847709536552438,-7.224689229329427,-7.364221721225315
1910,pp,0.05,0.0,38,3.2091086268424993,-5.158917250777736,-4.352957367897034
1911,do,0.05,0.0,52,2.0720456075668343,-8.387563530604044,-7.099128739039103
1912,pp,0.05,0.0,55,2.3323285806179035,-6.661005378491951,-5.5761770513322615
1913,do,0.05,0.0,39,1.5489671957492828,-6.039397709297411,-5.69275442759196
1914,pp,0.05,0.0,27,2.5958423858881003,-4.772078304579764,-3.980788673294915
1915,do,0.05,0.0,68,1.1337013709545136,-8.037488532788826,-7.323637853728401
1916,pp,0.05,0.0,31,3.438153138160706,-5.478313787055738,-4.508498607741462
1917,do,0.05,0.0,63,1.781109950542449,-6.74594727862965,-6.67333476808336
1918,pp,0.05,0.0,24,1.5383058714866644,-5.847281573035501,-4.723134112358093
1919,do,0.05,0.0,33,3.676021050214767,-5.999799777522232,-5.53634349240197
1920,pp,0.05,0.0,53,3.075226545333863,-5.7139273065509215,-5.079197504785326
1921,do,0.05,0.0,70,1.0243423891067502,-7.524704589265766,-6.830625051922269
1922,pp,0.05,0.0,70,2.894625704288483,-6.211840352145108,-5.57947142124176
1923,do,0.05,0.0,33,0.8305828320980071,-5.3493647864370635,-4.73808708720737
1924,pp,0.05,0.0,49,2.771818319559097,-7.037392263701467,-6.14081330564287
1925,do,0.05,0.0,25,1.3477526307106018,-5.371435018019243,-4.578014818827311
1926,pp,0.05,0.0,26,3.0082909572124485,-4.5255436203696515,-3.748875978257921
1927,do,0.05,0.0,53,0.43184806823730426,-7.82628059387207,-6.72184042400784
1928,pp,0.05,0.0,43,1.6800068926811216,-7.446465404105909,-6.030913620524936
1929,do,0.05,0.0,70,0.5272141742706307,-8.281997299194336,-7.171538411246406
1930,pp,0.05,0.0,58,2.202539606094361,-6.5848977060029,-5.274560660786099
1931,do,0.05,0.0,6,-0.5594676411151891,-5.593806905457468,-5.308486490779453
1932,pp,0.05,0.0,36,0.35969309091567947,-7.153661021319302,-6.728170543246799
1933,do,0.05,0.0,68,2.0142702150344842,-6.26979237614256,-5.574463989999559
1934,pp,0.05,0.0,38,2.041838470697403,-7.084370394909021,-5.90498656961653
1935,do,0.05,0.0,10,-0.5110013842582699,-6.933153036868934,-6.806268331739638
1936,pp,0.05,0.0,19,2.6983565485477445,-6.721558040561098,-5.36913722091251
1937,do,0.05,0.0,34,1.7672293055057535,-6.829650581244266,-5.997428732448154
1938,pp,0.05,0.0,55,3.1955956387519837,-6.541927711891406,-5.546731517050001
1939,do,0.05,0.0,70,2.2636621975898743,-7.554391592199152,-7.942379866706
1940,pp,0.05,0.0,70,2.049550123214721,-6.6661696188377615,-6.112020378642612
1941,do,0.05,0.0,27,2.459167172908783,-5.230988213510225,-5.0540255864461265
1942,pp,0.05,0.0,23,4.524461697340012,-5.44355131929571,-5.089101955625746
1943,do,0.05,0.0,60,1.6741750216484075,-5.322987972606312,-5.257584447330899
1944,pp,0.05,0.0,57,1.551800440549851,-5.812100744247436,-5.106508729192946
1945,do,0.05,0.0,27,1.372043571472168,-6.161256271420103,-6.024800070126852
1946,pp,0.05,0.0,70,1.2786520242691033,-7.553533812725183,-7.040447741084629
1947,do,0.05,0.0,15,0.861962749958038,-5.504810401165124,-4.8937951246897375
1948,pp,0.05,0.0,42,2.742590507268905,-5.74505548766165,-5.623833719889323
1949,do,0.05,0.0,17,0.8073446476459507,-5.563569125262174,-5.576570926772224
1950,pp,0.05,0.0,38,3.7151592755317697,-6.0209353909348,-5.336212507883707
1951,do,0.05,0.0,55,2.9226831173896795,-7.973285241560503,-7.301181915071275
1952,pp,0.05,0.0,28,3.5609848499298105,-5.209032083280158,-4.488184187147352
1953,do,0.05,0.0,70,4.885474579334259,-6.450712987148401,-5.81488065454695
1954,pp,0.05,0.0,55,1.6986662387847904,-6.580795762033174,-5.600935554504394
1955,do,0.05,0.0,10,1.625616471767426,-5.962757694359982,-5.9187317715750805
1956,pp,0.05,0.0,49,2.369029989242554,-8.408879934657703,-7.3102685133616125
1957,do,0.05,0.0,70,1.4406910645961766,-7.9706276214484015,-7.526468022664388
1958,pp,0.05,0.0,30,1.7970672202110283,-5.583784414060188,-5.624597067303128
1959,do,0.05,0.0,49,3.40479904294014,-5.411223535826712,-4.817777808507284
1960,pp,0.05,0.0,33,2.896255193948746,-5.385066639293324,-4.562528763877021
1961,do,0.05,0.0,70,-0.24351882219314547,-9.886135572375673,-8.395390192667643
1962,pp,0.05,0.0,44,2.008584344387055,-8.303087384773024,-7.3579277727339
1963,do,0.05,0.0,40,-0.6609882557392126,-7.866717902096835,-8.672191466225518
1964,pp,0.05,0.0,39,0.7751069998741151,-6.892850823835893,-6.361019407378302
1965,do,0.05,0.0,41,0.4611891007423399,-6.19530609737743,-5.314606481128269
1966,pp,0.05,0.0,13,0.4083756768703459,-4.739053481997866,-4.318626848856608
1967,do,0.05,0.0,70,1.9346712148189553,-9.008472244667285,-8.384905910491943
1968,pp,0.05,0.0,32,2.86530442595482,-6.509573417721373,-5.384047349294026
1969,do,0.05,0.0,24,1.8180850410461424,-5.3529307047526045,-4.688543301158481
1970,pp,0.05,0.0,14,2.514211477041245,-5.215319912361376,-4.295000057750278
1971,do,0.05,0.0,70,2.0049828684329993,-6.44878608674714,-7.002104949951172
1972,pp,0.05,0.0,70,2.439507139921189,-8.209867776523938,-6.76147767967648
1973,do,0.05,0.0,26,0.011585013866424632,-6.196349814443877,-5.655967293845283
1974,pp,0.05,0.0,27,1.9510463595390322,-5.9339434869361645,-5.161507397227817
1975,do,0.05,0.0,31,1.0174793815612801,-7.508636642224861,-6.793838654624091
1976,pp,0.05,0.0,70,1.318730385303498,-6.984557257276593,-6.477206664615207
1977,do,0.05,0.0,34,2.9403308498859406,-4.803037906415534,-4.4715893083148535
1978,pp,0.05,0.0,27,2.1502026844024655,-4.988882582115404,-4.298585221502516
1979,do,0.05,0.0,42,2.4059064412117,-5.322792314760613,-4.840497231483459
1980,pp,0.05,0.0,45,2.819134018421173,-5.209254076986602,-4.371705855263604
1981,do,0.05,0.0,30,0.9282590913772584,-6.5989605513486,-6.373029088973999
1982,pp,0.05,0.0,41,1.9392471504211422,-5.8605244968876695,-4.926094524065653
1983,do,0.05,0.0,70,1.8096792078018185,-8.259421010450883,-8.493452813890245
1984,pp,0.05,0.0,70,1.7981591153144834,-7.590746544346665,-7.718488256136577
1985,do,0.05,0.0,70,1.35531282901764,-6.966368036559134,-6.091387791103787
1986,pp,0.05,0.0,45,1.2017923641204824,-6.827007994507298,-6.212539466222127
1987,do,0.05,0.0,28,0.7029911398887636,-5.903948744860562,-5.505276030964321
1988,pp,0.05,0.0,60,2.1681806015968323,-8.917201813784512,-8.711091152826945
1989,do,0.05,0.0,66,2.8035713541507716,-7.133175403421576,-6.124436948034498
1990,pp,0.05,0.0,70,0.9884397590160372,-8.505131464293509,-7.028635507159763
1991,do,0.05,0.0,54,3.670329656600951,-7.324355002605554,-7.216903453403049
1992,pp,0.05,0.0,56,4.719638488292694,-5.667945708650532,-4.7685475985209145
1993,do,0.05,0.0,11,0.39227895379066524,-5.560640587951198,-4.946197085910374
1994,pp,0.05,0.0,70,0.5548613965511322,-7.612352585070061,-6.543143802218967
1995,do,0.05,0.0,70,1.605424636602402,-7.750002391410597,-6.680444373024835
1996,pp,0.05,0.0,70,1.6247876095771794,-7.805291077584931,-6.831675333446927
1997,do,0.05,0.0,17,2.323018407821656,-4.695031246994481,-4.393742402394612
1998,pp,0.05,0.0,70,3.082839728593825,-8.266857142881914,-6.727896756596035
1999,do,0.05,0.0,49,2.110407279729843,-6.312399554975105,-6.464582286940681
2000,pp,0.05,0.0,70,2.664528628587724,-6.459921292102698,-5.337323096063402
2001,do,0.05,0.0,21,1.325604873895645,-4.8874628124815045,-4.912314407030741
2002,pp,0.05,0.0,33,3.3136487770080567,-5.95543841304201,-5.253352231449551
2003,do,0.05,0.0,65,1.3371970987319957,-8.714951691483007,-6.981712510850694
2004,pp,0.05,0.0,19,1.6714651155471794,-6.682937383651733,-5.446609531508551
2005,do,0.05,0.0,65,0.9204169416427623,-7.33450389919859,-7.2949647214677595
2006,pp,0.05,0.0,13,0.2369638955593114,-6.453920215548891,-5.741091834174262
2007,do,0.05,0.0,70,2.8169256770610804,-6.798016980200103,-6.719140079286364
2008,pp,0.05,0.0,32,2.12138217329979,-6.875338662754405,-5.6062318086624146
2009,do,0.05,0.0,57,1.1792786324024194,-6.675168887051669,-6.705343492825826
2010,pp,0.05,0.0,35,1.7135124158859254,-5.860081775260694,-5.245487623744541
2011,do,0.05,0.0,5,-0.5067346549034113,-5.611111822995272,-5.052802059385511
2012,pp,0.05,0.0,70,3.185907883644105,-6.34483319051338,-5.475505140092638
2013,do,0.05,0.0,11,0.6463352942466738,-4.8529413049871275,-4.8909136427773365
2014,pp,0.05,0.0,68,3.1466276717185977,-8.626842144763831,-6.176300581296285
2015,do,0.05,0.0,70,2.5266618192195898,-5.964882324681137,-5.461820832888285
2016,pp,0.05,0.0,24,2.2224861764907837,-5.32231152418888,-4.527551447020636
2017,do,0.05,0.0,26,1.1163299357891079,-4.931449449423588,-4.651862064997355
2018,pp,0.05,0.0,16,2.196733782291413,-4.59465892387159,-3.99474835395813
2019,do,0.05,0.0,70,2.0984963178634644,-6.093639982107914,-5.941536935170491
2020,pp,0.05,0.0,60,1.7576504397392272,-7.239118039969242,-6.267765527301364
2021,do,0.05,0.0,54,2.449464344978333,-7.982829494187326,-7.049276174439324
2022,pp,0.05,0.0,54,2.820162147283554,-6.7694161819689205,-5.71442908445994
2023,do,0.05,0.0,70,1.8224131202697746,-7.120704493378148,-6.621648250685798
2024,pp,0.05,0.0,33,1.8744073462486268,-6.03824369690635,-5.225918987062243
2025,do,0.05,0.0,15,0.7023894536495208,-5.028536283608639,-5.120029717021518
2026,pp,0.05,0.0,43,3.2419409358501436,-6.704925872340347,-5.945547281371223
2027,do,0.05,0.0,30,1.2611295056343073,-6.794051936178496,-5.855068736606174
2028,pp,0.05,0.0,19,1.2037649226188663,-6.250941923892859,-5.320323183801439
2029,do,0.05,0.0,58,1.5885710763931264,-9.618042275399873,-8.04824833340115
2030,pp,0.05,0.0,34,2.257878229618072,-6.735740728089303,-5.138559831513299
2031,do,0.05,0.0,46,0.3201288771629329,-7.192763551076253,-7.690856371985541
2032,pp,0.05,0.0,25,1.719876198768616,-6.2096825975360295,-5.222529207335578
2033,do,0.05,0.0,25,3.9057533305883405,-4.351722799647938,-4.09506663746304
2034,pp,0.05,0.0,29,2.345533993244171,-5.318626347455111,-4.527866085370381
2035,do,0.05,0.0,24,2.118459632396698,-5.056664127292055,-5.048383940590752
2036,pp,0.05,0.0,25,2.231271548271179,-5.431791726025668,-4.802712795469496
2037,do,0.05,0.0,61,0.9555559194087984,-6.428087951197769,-6.359943273332384
2038,pp,0.05,0.0,31,3.0770460724830624,-5.5662869713523175,-4.855004941092597
2039,do,0.05,0.0,49,3.4743389475345605,-6.595060429428563,-5.517233135965135
2040,pp,0.05,0.0,19,2.461196677684784,-4.24840372692455,-3.7960627953211468
2041,do,0.05,0.0,31,1.6487571370601648,-5.581853207674894,-5.264765861299303
2042,pp,0.05,0.0,70,3.0568804454803464,-6.464625557986173,-5.697469610638088
2043,do,0.05,0.0,70,1.0235713291168214,-6.866542576298569,-6.696504094865587
2044,pp,0.05,0.0,20,2.328613895177841,-5.558542437986894,-4.916536625226339
2045,do,0.05,0.0,17,2.2262454485893244,-5.22895793987043,-4.6987072573767765
2046,pp,0.05,0.0,20,1.7784580230712885,-5.202153718832768,-4.996381062931484
2047,do,0.05,0.0,34,1.893977989554406,-5.145196536093048,-4.700891388787164
2048,pp,0.05,0.0,34,2.2177167999744416,-5.328689802054203,-4.663588502671984
2049,do,0.05,0.0,70,0.9395918834209445,-6.221795411543413,-6.2056833532121445
2050,pp,0.05,0.0,39,2.664306526184082,-5.840962029948379,-5.014185523986816
2051,do,0.05,0.0,70,2.873633042573929,-6.735338057893696,-6.74088990688324
2052,pp,0.05,0.0,32,1.5478577744960784,-5.879817945306951,-5.167378783226013
2053,do,0.05,0.0,68,1.1377918398380285,-6.3506762793569855,-6.188207017050849
2054,pp,0.05,0.0,23,2.808589545488358,-4.809520371754965,-3.906392194165124
2055,do,0.05,0.0,49,1.9970548605918879,-5.756644858735981,-5.537728344069587
2056,pp,0.05,0.0,70,1.6816308462619771,-6.877502390832612,-5.991760857899984
2057,do,0.05,0.0,15,3.1644545924663543,-5.070041776425911,-5.097670141855875
2058,pp,0.05,0.0,14,1.9918463575840004,-4.700784230954719,-4.033280808395809
2059,do,0.05,0.0,70,2.124740655422211,-6.0652366840478145,-6.791950792736477
2060,pp,0.05,0.0,68,2.0797394061088568,-8.258823386105623,-7.012468608220418
2061,do,0.05,0.0,70,1.8109064221382143,-6.276336669921875,-6.843273703257243
2062,pp,0.05,0.0,70,2.28568270087242,-7.083493341099132,-5.994354865286085
2063,do,0.05,0.0,63,2.8172213220596305,-7.186570496992632,-7.138107148806254
2064,pp,0.05,0.0,70,1.5350692582130439,-7.033299495234634,-6.14718152417077
2065,do,0.05,0.0,19,2.358373577594757,-5.374472272757328,-5.198605799674988
2066,pp,0.05,0.0,28,2.082180037498474,-5.799336820660216,-5.080053477817112
2067,do,0.05,0.0,65,2.469146186113357,-5.98670161709641,-5.726021904415554
2068,pp,0.05,0.0,30,1.540216962099076,-5.690287240346273,-5.138282497723897
2069,do,0.05,0.0,31,3.3756197690963745,-7.283144094004776,-6.794219149483575
2070,pp,0.05,0.0,61,1.9211394512653355,-6.914335883747448,-5.770235029856364
2071,do,0.05,0.0,70,1.0706334853172308,-7.415176067930279,-7.742519097858005
2072,pp,0.05,0.0,27,2.339093856811523,-6.24498404156078,-5.125778248574998
2073,do,0.05,0.0,64,1.0818929708004,-6.7419542775009615,-6.72435179816352
2074,pp,0.05,0.0,29,2.391461261510849,-5.603491082335964,-4.970630780855815
2075,do,0.05,0.0,70,2.746974843740463,-8.12637311039549,-6.622198769781325
2076,pp,0.05,0.0,46,4.387616108655928,-8.393091573137225,-7.747941472795275
2077,do,0.05,0.0,24,2.4130256879329677,-5.491520523302483,-5.265266508526272
2078,pp,0.05,0.0,38,1.839244457483292,-7.203238527702562,-5.986254461606344
2079,do,0.05,0.0,70,1.1888425970077519,-7.035373523018577,-6.974288929833306
2080,pp,0.05,0.0,18,2.2205178880691534,-4.935642485185103,-4.132584396998087
2081,do,0.05,0.0,52,2.373432798385619,-5.9228182590369025,-5.734420850541857
2082,pp,0.05,0.0,41,3.666861426830292,-6.076262442270915,-6.147348637051053
2083,do,0.05,0.0,70,2.5432095193862914,-7.46826700441765,-7.128470839394463
2084,pp,0.05,0.0,19,2.084433770179749,-4.677456321138324,-3.9245299895604453
2085,do,0.05,0.0,16,1.7565386748313907,-5.970966603539207,-5.567620534367031
2086,pp,0.05,0.0,33,1.6651315808296214,-7.40350305817344,-6.4062249501546225
2087,do,0.05,0.0,21,2.7038304877281183,-5.047191017324274,-5.37659769323137
2088,pp,0.05,0.0,68,3.0044062221050254,-7.715233916947336,-6.129831149843004
2089,do,0.05,0.0,21,2.8151746785640723,-4.83321513262662,-4.580629573927985
2090,pp,0.05,0.0,38,2.854274382591247,-6.739872936768966,-5.53220919503106
2091,do,0.05,0.0,70,1.946121670007706,-5.990166932886297,-5.475085706180996
2092,pp,0.05,0.0,42,2.1420979273319247,-6.055260938586611,-5.769893452856276
2093,do,0.05,0.0,64,2.7977030313014986,-7.747751571192886,-7.572382744153341
2094,pp,0.05,0.0,11,2.1896090495586398,-5.454301389058431,-4.632031255298191
2095,do,0.05,0.0,57,1.7962478303909304,-6.24144896810705,-5.036491276158227
2096,pp,0.05,0.0,22,2.1639498353004454,-4.541078318971576,-3.7592370801501804
2097,do,0.05,0.0,62,0.43063651323318464,-7.491305501533277,-7.353605996237861
2098,pp,0.05,0.0,16,2.4366565001010887,-4.956827984434185,-4.120158354441325
2099,do,0.05,0.0,41,3.3353293395042423,-6.543106738003817,-5.808583010567559
2100,pp,0.05,0.0,27,2.4608411431312565,-6.170213063557942,-4.936148699124654
2101,do,0.05,0.0,70,0.6927856850624083,-7.619365189292214,-6.5914495997958715
2102,pp,0.05,0.0,19,1.235792509317398,-5.0194406755042795,-4.387560240427653
2103,do,0.05,0.0,58,0.8135683691501621,-6.443745628992716,-6.3681474208831785
2104,pp,0.05,0.0,37,1.5775398254394526,-7.099541480613477,-6.421308467123244
2105,do,0.05,0.0,32,1.7223486089706421,-6.068665492895878,-5.463214657041761
2106,pp,0.05,0.0,69,1.4211497139930733,-7.376111751614195,-6.6589310063256155
2107,do,0.05,0.0,25,1.4812084388732902,-6.277386623440367,-5.469934087329441
2108,pp,0.05,0.0,36,3.6587214946746824,-6.264777946472168,-5.131786719957987
2109,do,0.05,0.0,70,-0.006589186191559904,-8.06633417823098,-7.735878282123142
2110,pp,0.05,0.0,30,3.6365039777755737,-5.749517382997455,-5.148525902960036
2111,do,0.05,0.0,62,2.721152362823486,-6.364804850202618,-5.944597119755215
2112,pp,0.05,0.0,40,2.091231334209442,-5.621688831213749,-4.862810341517131
2113,do,0.05,0.0,70,1.7136118805408476,-7.336779788046172,-6.960956165525649
2114,pp,0.05,0.0,40,2.648664526939392,-6.1400519327683885,-5.4458371851179335
2115,do,0.05,0.0,70,2.0038645136356346,-7.1768202940622965,-8.007613897323608
2116,pp,0.05,0.0,70,3.9762846708297728,-6.397367869001446,-5.692488347159491
2117,do,0.05,0.0,70,2.05893559217453,-6.107911786166104,-5.748106707466973
2118,pp,0.05,0.0,70,4.188063950538635,-6.848319520372333,-5.9775225109524195
2119,do,0.05,0.0,53,1.7548291170597068,-7.4597159053340105,-6.345922496583727
2120,pp,0.05,0.0,40,3.5902471339702613,-6.1402043429288,-5.534781453344557
2121,do,0.05,0.0,50,1.1431809163093565,-7.1227308432261145,-6.553637139002482
2122,pp,0.05,0.0,19,1.3460070157051085,-5.653957212332523,-4.793384732140435
2123,do,0.05,0.0,70,1.6874502646923073,-6.60104466640588,-5.761374629868401
2124,pp,0.05,0.0,54,0.6020217370986938,-8.495910161914248,-7.352221406830681
2125,do,0.05,0.0,24,1.283919821977615,-5.6283639113108315,-5.529798719618055
2126,pp,0.05,0.0,44,3.1395607674121857,-6.0746601075837106,-5.007964830928379
2127,do,0.05,0.0,70,1.7772806072235117,-7.841807739662402,-6.813567691379124
2128,pp,0.05,0.0,53,3.0530131244659415,-7.899297813935713,-6.170969213379754
2129,do,0.05,0.0,29,0.11174985051155062,-7.297244606596051,-6.690583703253004
2130,pp,0.05,0.0,70,0.9650037109851839,-7.12457814505606,-6.186787547005547
2131,do,0.05,0.0,70,2.1395178079605097,-6.489194962472626,-5.670684819751315
2132,pp,0.05,0.0,35,2.4749323546886437,-7.739130404501251,-6.656859503851996
2133,do,0.05,0.0,70,2.391265695095062,-7.494078902042273,-7.451728884379069
2134,pp,0.05,0.0,63,0.9541084003448486,-8.098143846338445,-7.308404620488485
2135,do,0.05,0.0,68,1.532103391885757,-7.727131953383937,-7.01656568315294
2136,pp,0.05,0.0,66,1.6099003112316126,-6.8074767734065205,-5.880133700370789
2137,do,0.05,0.0,14,0.5376960384845733,-4.696706227100257,-4.482807101143731
2138,pp,0.05,0.0,11,1.8557168865203852,-5.297278823274555,-4.435338751475016
2139,do,0.05,0.0,54,1.256262431144715,-7.681581633018725,-7.095188098483615
2140,pp,0.05,0.0,12,-0.273830926418305,-6.004556446364432,-5.597013674841987
2141,do,0.05,0.0,66,1.7551833796501164,-8.73060566150781,-7.828349934683906
2142,pp,0.05,0.0,63,1.0863345992565154,-7.82742098605994,-6.815483246909247
2143,do,0.05,0.0,25,1.692081409692765,-5.372476233858051,-4.881384905179342
2144,pp,0.05,0.0,52,3.5551882100105283,-6.913417878295436,-6.2930117792553375
2145,do,0.05,0.0,70,2.0700371384620677,-6.406903120965668,-5.9901005771425035
2146,pp,0.05,0.0,38,2.2348529684543603,-6.390860934690996,-5.349720329708523
2147,do,0.05,0.0,70,1.0333084821701055,-7.911351396098281,-7.258775244818794
2148,pp,0.05,0.0,30,1.562532690763474,-5.905980796524973,-5.278109015358819
2149,do,0.05,0.0,27,0.8269341874122613,-8.957803681402495,-9.443913703494601
2150,pp,0.05,0.0,53,2.6258749842643745,-8.431543710015037,-6.803773795233832
2151,do,0.05,0.0,70,0.4320341694355019,-7.454097494934544,-6.536207082536485
2152,pp,0.05,0.0,55,1.1554495537281033,-6.569192270799117,-6.418383108245002
2153,do,0.05,0.0,70,1.277282869815826,-6.496910135673754,-6.017445209291246
2154,pp,0.05,0.0,52,3.2087051546573635,-6.558103279633955,-5.487810020976596
2155,do,0.05,0.0,68,1.1657629668712612,-7.588954286864309,-6.65579490131802
2156,pp,0.05,0.0,70,1.1490427029132837,-7.286024242458922,-6.418699571821425
2157,do,0.05,0.0,40,0.8130153608322139,-6.702220458695383,-6.147737836837768
2158,pp,0.05,0.0,27,-0.21553140997886633,-7.395762317830866,-7.163000477684869
2159,do,0.05,0.0,70,1.1950105381011973,-7.33897396289941,-6.568400881025526
2160,pp,0.05,0.0,29,1.3789664828777317,-5.993468033183705,-5.084347248077393
2161,do,0.05,0.0,70,4.079623491764068,-5.134798846100316,-4.708837736977471
2162,pp,0.05,0.0,56,3.691794576644898,-5.080510617747452,-4.5845345550113255
2163,do,0.05,0.0,14,1.776970500946045,-5.216138101346565,-4.582744004991319
2164,pp,0.05,0.0,70,3.69888691663742,-7.832426758968469,-7.028671908378601
2165,do,0.05,0.0,17,0.8988596796989441,-5.716643089236635,-5.283399203088549
2166,pp,0.05,0.0,36,0.7809075856208807,-7.669823292529944,-6.534697084956699
2167,do,0.05,0.0,68,3.9779425358772285,-6.69611351851261,-6.171878189510769
2168,pp,0.05,0.0,49,3.267322413921356,-6.714947274236968,-5.827572184138828
2169,do,0.05,0.0,58,1.2565472424030304,-6.766349640759555,-5.835615838898553
2170,pp,0.05,0.0,35,1.205142623186111,-6.76835709918629,-6.332330886522929
2171,do,0.05,0.0,33,0.7811800169944769,-6.706932650190411,-6.119405799441868
2172,pp,0.05,0.0,68,-0.20498276114463732,-7.648831944032149,-6.922203916973538
2173,do,0.05,0.0,42,2.70162016749382,-5.631921034148245,-4.825876092910766
2174,pp,0.05,0.0,49,2.974554392099381,-5.83322281259479,-5.150198390748765
2175,do,0.05,0.0,44,1.6245970845222466,-6.8107813127113115,-6.264732162157695
2176,pp,0.05,0.0,26,0.9145880198478702,-6.0176937016573815,-5.675466193093194
2177,do,0.05,0.0,70,1.8224161314964293,-6.95356917814775,-7.749356463220384
2178,pp,0.05,0.0,53,2.4632794773578652,-7.531261082851525,-5.699438110987345
2179,do,0.05,0.0,70,0.7331275284290317,-6.797057290510698,-7.945537628067864
2180,pp,0.05,0.0,22,0.334692002534867,-5.836848796497692,-4.799724335140652
2181,do,0.05,0.0,56,1.0451398134231562,-6.212096234523889,-5.884305426809523
2182,pp,0.05,0.0,39,2.2721664750576016,-5.961450680819425,-5.034592337078518
2183,do,0.05,0.0,60,1.8679751646518703,-5.594116736903335,-5.403117942810058
2184,pp,0.05,0.0,36,0.7187645661830899,-5.712145990313906,-4.961163642671373
2185,do,0.05,0.0,70,0.6884744465351105,-6.327974933566469,-7.060576952828301
2186,pp,0.05,0.0,29,0.991159739494325,-6.895987873366384,-6.272295411427816
2187,do,0.05,0.0,31,0.5682580363750454,-6.212607273910985,-5.868110813034905
2188,pp,0.05,0.0,10,0.618055249452591,-4.8698689186211785,-4.081121397018433
2189,do,0.05,0.0,15,0.9581323492527005,-4.368745299541589,-4.169749797715081
2190,pp,0.05,0.0,19,1.3524331188201906,-4.945594784707734,-4.270143304930793
2191,do,0.05,0.0,70,1.4903750705719006,-6.856263316761364,-6.287927232848274
2192,pp,0.05,0.0,13,1.4485343015193939,-5.035589001395485,-4.392282281981574
2193,do,0.05,0.0,61,0.839178684949875,-5.727254486083984,-5.095133874151442
2194,pp,0.05,0.0,46,1.0190487408638012,-8.627343930620135,-6.855481184853447
2195,do,0.05,0.0,12,1.1672311270236966,-4.632424340103611,-4.586146858003405
2196,pp,0.05,0.0,14,0.6838812732696535,-5.198771128509984,-4.436921858787537
2197,do,0.05,0.0,17,1.6315435302257537,-4.393029899308176,-5.23171546459198
2198,pp,0.05,0.0,37,0.7447348332405088,-6.846543709437053,-5.950339889526367
2199,do,0.05,0.0,16,1.4062784254550929,-5.2070516427358,-5.349672804938423
2200,pp,0.05,0.0,19,1.835521595478058,-4.847244382627083,-4.203870105743408
2201,do,0.05,0.0,10,0.5028899514675143,-4.451617033553846,-4.072882380750444
2202,pp,0.05,0.0,41,1.1376367223262793,-6.6898470618508075,-5.5475831190745035
2203,do,0.05,0.0,20,1.8545894515514378,-5.8244621479150025,-5.973357298639086
2204,pp,0.05,0.0,20,0.9483563590049737,-5.752452848896835,-4.6914571947521635
2205,do,0.05,0.0,9,0.6339318609237674,-4.294402209195224,-4.4111650493409895
2206,pp,0.05,0.0,8,0.8474979066848753,-5.370163176276467,-4.485421768824259
2207,do,0.05,0.0,18,0.9910927498340607,-4.813794364351215,-5.063015871577793
2208,pp,0.05,0.0,27,-0.14956317424774213,-6.858735859032834,-6.553516750865512
2209,do,0.05,0.0,70,1.6773503160476677,-7.281897634448427,-7.787820646497939
2210,pp,0.05,0.0,54,-0.7585444092750544,-8.07345971916661,-8.69573032061259
2211,do,0.05,0.0,63,1.5594007015228275,-6.824343025323117,-7.592867215474446
2212,pp,0.05,0.0,32,0.48545639991760225,-7.3006369749705,-7.56739354663425
2213,do,0.05,0.0,70,2.845745077133178,-5.152999096205741,-5.030582165718078
2214,pp,0.05,0.0,42,2.2310757660865788,-5.300621305812489,-4.669100737571716
2215,do,0.05,0.0,65,0.5430439269542697,-6.7270247965148,-7.4929661167992485
2216,pp,0.05,0.0,67,2.4046616649627683,-6.947224228309863,-6.021871492597792
2217,do,0.05,0.0,70,2.420499755144119,-8.747762434410326,-7.60870684782664
2218,pp,0.05,0.0,10,1.8222765743732454,-4.944686206181844,-4.374455523490906
2219,do,0.05,0.0,70,1.5137413322925566,-5.607162750128544,-5.715647853745354
2220,pp,0.05,0.0,70,1.6613865852355953,-6.463921224709713,-6.185273276435004
2221,do,0.05,0.0,70,3.7039417278766633,-5.1294354091991075,-4.741183659765455
2222,pp,0.05,0.0,35,2.154251518249511,-6.65800572308627,-5.680080347590977
2223,do,0.05,0.0,20,1.821577152013778,-4.739564571958599,-5.2096044540405275
2224,pp,0.05,0.0,70,0.08289877772331167,-8.129868829611576,-7.680213430192736
2225,do,0.05,0.0,60,1.3937966871261596,-6.7836019198099775,-6.8016974608103435
2226,pp,0.05,0.0,6,0.4286849904060368,-5.106405506712018,-4.421710642178853
2227,do,0.05,0.0,36,0.8559319984912861,-7.401541841391361,-7.809137768215603
2228,pp,0.05,0.0,12,0.5765204119682314,-5.6971063353798606,-5.167625787523058
2229,do,0.05,0.0,70,2.00905698299408,-6.216913447235569,-5.861032957500882
2230,pp,0.05,0.0,47,2.190689498186112,-7.295625224257961,-6.463009542889065
2231,do,0.05,0.0,40,1.3506959795951836,-5.8418635411696,-5.5507418420579695
2232,pp,0.05,0.0,51,2.2721271336078654,-6.433948612213134,-5.874600715107388
2233,do,0.05,0.0,27,1.6502716529369357,-4.947929762348984,-5.3763202852673
2234,pp,0.05,0.0,54,2.9331016564369197,-5.6495620106205795,-5.426841118600634
2235,do,0.05,0.0,12,1.2167724478244786,-4.465012484608274,-4.20244500901964
2236,pp,0.05,0.0,65,0.6328669214248661,-7.375449508609194,-7.466017776065403
2237,do,0.05,0.0,70,3.9857836401462547,-5.419393166628751,-6.058906828032599
2238,pp,0.05,0.0,47,3.254978823661804,-6.261195448673132,-5.4629161304897735
2239,do,0.05,0.0,13,0.4168054187297816,-5.005515604308157,-4.559244775772095
2240,pp,0.05,0.0,70,1.6530713546276097,-8.231886824694547,-7.481552531984117
2241,do,0.05,0.0,10,0.5999764490127566,-4.801414930459225,-4.728230198224385
2242,pp,0.05,0.0,43,1.215456882715225,-5.7276756040977705,-5.098783540725708
2243,do,0.05,0.0,12,1.5599908018112183,-4.052578574960882,-4.186449133025276
2244,pp,0.05,0.0,24,1.4109654104709621,-5.533362400170528,-4.705709709061517
2245,do,0.05,0.0,11,1.4286126995086672,-4.5599289258321125,-4.26427477200826
2246,pp,0.05,0.0,12,1.1591412937641143,-5.0948023232546715,-4.664630553457472
2247,do,0.05,0.0,65,1.4346459925174724,-7.171915126569344,-7.392404487397935
2248,pp,0.05,0.0,70,1.9821748960018164,-6.376986890850645,-6.016294723086887
2249,do,0.05,0.0,11,0.9957069063186648,-4.607712237040202,-4.979699246088663
2250,pp,0.05,0.0,70,1.3717199480533608,-6.398326323249123,-5.94001112514072
2251,do,0.05,0.0,13,1.2384472405910492,-4.39036858515306,-4.49191198348999
2252,pp,0.05,0.0,14,1.1441692006587987,-5.447778691667499,-4.693849402003818
2253,do,0.05,0.0,70,2.2797493791580203,-5.943025162725737,-6.2032133393817475
2254,pp,0.05,0.0,70,1.2990183949470513,-8.127638815388535,-7.092766936620077
2255,do,0.05,0.0,25,1.0871758568286891,-5.533140481602062,-6.991252538892958
2256,pp,0.05,0.0,13,1.0922701776027681,-4.886908184398305,-4.768663287162781
2257,do,0.05,0.0,70,1.4933769261837,-8.133748537121397,-7.321469306945801
2258,pp,0.05,0.0,33,1.4146988070011135,-6.784167483358672,-5.737808879216512
2259,do,0.05,0.0,69,2.86061116218567,-6.158573899124608,-5.371529989772373
2260,pp,0.05,0.0,70,1.8944336569309224,-6.672213875163685,-5.913812878396776
2261,do,0.05,0.0,39,1.6867105269432061,-7.277631956158262,-5.743032418357002
2262,pp,0.05,0.0,23,1.120506397485733,-5.250712071043072,-4.502460145950318
2263,do,0.05,0.0,65,1.8707390332221987,-7.309416672677704,-6.4073236571417915
2264,pp,0.05,0.0,18,1.9656723332405086,-4.852353535276471,-4.119535560078091
2265,do,0.05,0.0,47,2.0498083472251896,-6.583347623998469,-6.083514059914483
2266,pp,0.05,0.0,70,2.2225764155387884,-6.213215898744988,-5.4653865787718034
2267,do,0.05,0.0,60,1.29421064734459,-7.247193592244929,-6.165108270115322
2268,pp,0.05,0.0,70,0.7447065150737764,-7.230326323075728,-6.015362612406412
2269,do,0.05,0.0,44,1.929472695589066,-7.9030294374986125,-6.653538428412544
2270,pp,0.05,0.0,36,1.6609901547431942,-6.590343911720045,-5.691255026393467
2271,do,0.05,0.0,26,2.0328090202808387,-5.076517703316428,-4.715374573071798
2272,pp,0.05,0.0,11,0.5268374001979828,-4.6218950213808006,-4.002831596798367
2273,do,0.05,0.0,66,0.8526927518844598,-7.5033549539970625,-6.512706605593364
2274,pp,0.05,0.0,64,1.3452468538284306,-6.981116166259303,-5.560536517037286
2275,do,0.05,0.0,61,0.3895083546638496,-8.334684166763768,-7.236685832341512
2276,pp,0.05,0.0,16,1.8590230250358584,-4.729383705601547,-3.8397009544902376
2277,do,0.05,0.0,42,1.5449695467948903,-8.19749625379389,-6.527767435709635
2278,pp,0.05,0.0,8,1.1942864036560055,-4.489977153142293,-4.001089326540629
2279,do,0.05,0.0,25,1.8292117381095885,-6.350239762392911,-5.556166140238444
2280,pp,0.05,0.0,33,2.4905698215961456,-6.847092605359626,-5.9129423114988535
2281,do,0.05,0.0,70,1.7729340779781344,-8.499571379748257,-6.760758802625868
2282,pp,0.05,0.0,19,1.8918229949474341,-5.363659062530055,-4.62376156118181
2283,do,0.05,0.0,69,2.1899503374099734,-7.409130297285138,-6.601806524064806
2284,pp,0.05,0.0,60,2.059744255542755,-7.98680403882807,-6.91236482196384
2285,do,0.05,0.0,70,2.3768986487388606,-7.838034272916389,-6.760884470409817
2286,pp,0.05,0.0,20,2.395115325450897,-5.485752279108221,-4.709981147448222
2287,do,0.05,0.0,70,1.5207656610012057,-7.165995865157156,-6.336181129349603
2288,pp,0.05,0.0,29,1.2135052883625033,-5.260266428282766,-4.433689655197991
2289,do,0.05,0.0,70,3.497248448133469,-7.4714031580722695,-6.266886803838942
2290,pp,0.05,0.0,46,2.825097552537918,-6.603377751148108,-5.656947588920593
2291,do,0.05,0.0,70,3.1121222496032708,-6.459723397457238,-6.082689703835381
2292,pp,0.05,0.0,70,1.8012091755867008,-6.025890136487556,-5.198894405364991
2293,do,0.05,0.0,70,2.9183541393280024,-6.706840464563081,-6.074902168909708
2294,pp,0.05,0.0,62,2.805556542873382,-7.045390915148186,-6.104947124587165
2295,do,0.05,0.0,52,2.567570151090621,-6.943618699276086,-6.007694045702617
2296,pp,0.05,0.0,70,2.8782797276973717,-6.888316772923325,-5.770505626996358
2297,do,0.05,0.0,64,1.9779085922241215,-6.125135913039699,-5.5899405002594
2298,pp,0.05,0.0,70,1.2183093667030338,-6.816190462401419,-5.916307277149624
2299,do,0.05,0.0,70,3.0991994965076444,-6.065161615429503,-5.418636457125346
2300,pp,0.05,0.0,70,1.322794601917268,-7.10624547438188,-6.01550501982371
2301,do,0.05,0.0,51,3.388126617670059,-5.99808784831654,-5.325520208146837
2302,pp,0.05,0.0,20,1.5924862742424022,-7.56965232184439,-6.5706558095084295
2303,do,0.05,0.0,65,2.1073157763481136,-6.5032567847858775,-5.46920375029246
2304,pp,0.05,0.0,51,1.537856802940368,-6.146547422987042,-5.3651125139660305
2305,do,0.05,0.0,31,3.534104008674622,-5.226555996230155,-4.6275750769509205
2306,pp,0.05,0.0,70,2.7013514339923868,-6.756991145105073,-6.039435858196683
2307,do,0.05,0.0,70,0.6615942537784569,-7.64652664011175,-7.639740037918091
2308,pp,0.05,0.0,10,0.3129309058189387,-5.49807825088501,-4.834875334633721
2309,do,0.05,0.0,70,1.8049968600273134,-7.51964591922182,-6.540023814307319
2310,pp,0.05,0.0,41,2.0599610126018524,-5.889333281372533,-5.1834564394421045
2311,do,0.05,0.0,44,2.0441939198970793,-7.445257750424472,-7.198081196679009
2312,pp,0.05,0.0,15,0.7749186754226685,-5.68380366527673,-4.9538827260335285
2313,do,0.05,0.0,70,1.7807967519760144,-7.216224956512451,-7.158511914147271
2314,pp,0.05,0.0,27,1.2309926342964177,-6.231967060493701,-5.651048178142972
2315,do,0.05,0.0,38,1.6709517240524283,-6.765896170067065,-5.840864025221931
2316,pp,0.05,0.0,32,1.8241566443443311,-5.786980407888239,-5.1775128814909195
2317,do,0.05,0.0,70,2.263409608602524,-6.999579614581484,-6.46589212152693
2318,pp,0.05,0.0,63,1.9718272960186,-7.1394410913640804,-6.510697068108453
2319,do,0.05,0.0,28,1.6500672531127938,-6.634167779575694,-5.93118221229977
2320,pp,0.05,0.0,55,1.4283743703365328,-7.036780652132902,-6.331504339641995
2321,do,0.05,0.0,46,1.3586997413635258,-7.495617711905277,-7.523091912269592
2322,pp,0.05,0.0,67,1.4791285574436186,-6.419649483940818,-5.581861458884346
2323,do,0.05,0.0,70,1.8927495491504667,-7.297218584291863,-6.7567255232069225
2324,pp,0.05,0.0,21,1.6316960346698766,-5.205801524537982,-4.5229143063227335
2325,do,0.05,0.0,26,1.7757822537422179,-6.508610582351684,-6.841080270873176
2326,pp,0.05,0.0,34,1.1575427961349485,-5.796356344223023,-5.028333502345615
2327,do,0.05,0.0,70,2.3299574851989746,-7.416523007190588,-6.74981304274665
2328,pp,0.05,0.0,70,1.76738029241562,-7.867900556506533,-6.786269415749444
2329,do,0.05,0.0,57,2.2024877691268916,-8.066169826912157,-7.295615238613553
2330,pp,0.05,0.0,22,0.7949768412113185,-5.48483796264186,-5.066207838058472
2331,do,0.05,0.0,67,1.1141190040111537,-7.036429146564368,-6.6276429494222
2332,pp,0.05,0.0,70,1.4402656006813048,-6.76375295754635,-6.041818361812168
2333,do,0.05,0.0,48,1.3549900841712956,-7.59725248596885,-7.629092990027534
2334,pp,0.05,0.0,36,0.9156947684288017,-6.3236733942320855,-6.09486309422387
2335,do,0.05,0.0,65,1.8496560049057011,-7.137902616732048,-6.568539139959547
2336,pp,0.05,0.0,67,1.2175181484222417,-9.600905229106093,-7.581894567277696
2337,do,0.05,0.0,15,1.8821239507198335,-5.552993203654434,-5.009338641166687
2338,pp,0.05,0.0,63,1.7711115181446084,-7.111053825147224,-6.726585046450297
2339,do,0.05,0.0,47,2.14125188946724,-6.251283762671731,-5.891625367270576
2340,pp,0.05,0.0,14,0.3110202288627626,-6.043008412736835,-4.996493962075975
2341,do,0.05,0.0,44,1.9674902546405786,-7.436705057548754,-6.645977910359701
2342,pp,0.05,0.0,70,1.8811320447921762,-8.211938645622947,-6.699896179305183
2343,do,0.05,0.0,66,3.277337312698365,-7.1790250966043185,-6.140291852421231
2344,pp,0.05,0.0,70,3.964177726507188,-6.221292448043823,-5.9296159002516005
2345,do,0.05,0.0,70,3.5271589553356177,-6.829769003030026,-6.335597594579061
2346,pp,0.05,0.0,69,4.025128417015075,-5.999226651047215,-5.5652846601274275
2347,do,0.05,0.0,19,1.0116086947917937,-5.655729338617036,-5.356310399373372
2348,pp,0.05,0.0,19,1.5693926143646246,-5.025608916716142,-4.408861674202813
2349,do,0.05,0.0,25,1.0387748587131505,-7.774967933423591,-6.777495596143934
2350,pp,0.05,0.0,54,0.7232000732421877,-8.126213401736635,-7.586146227518717
2351,do,0.05,0.0,8,1.209327257871628,-5.0779446861960675,-4.378801703453064
2352,pp,0.05,0.0,9,1.2761649131774897,-4.868277561303341,-4.102391327752008
2353,do,0.05,0.0,53,-0.019775648117065003,-8.403334856033325,-7.835584155718485
2354,pp,0.05,0.0,52,-0.036529903411866016,-7.648786119981246,-6.732648539543152
2355,do,0.05,0.0,11,0.9590836834907526,-6.229068194013653,-5.63534230656094
2356,pp,0.05,0.0,12,1.590562771558762,-5.82975774678317,-5.058050833808052
2357,do,0.05,0.0,21,1.3441835701465612,-6.600737997979829,-6.009605065981547
2358,pp,0.05,0.0,27,0.9267065548896793,-5.768315364375259,-5.104118988249037
2359,do,0.05,0.0,43,1.3932355248928072,-7.690172017704357,-6.8147040976418385
2360,pp,0.05,0.0,70,1.9597471785545348,-8.254716471469763,-6.927285867267185
2361,do,0.05,0.0,18,1.6903256511688234,-5.758935236208367,-5.018210355440775
2362,pp,0.05,0.0,15,1.3492049741744996,-5.337298131711555,-5.1528396844863895
2363,do,0.05,0.0,28,2.4817533612251284,-6.314527783249364,-5.451573729515076
2364,pp,0.05,0.0,70,2.871319907903672,-7.8671839670701464,-6.847487007247077
2365,do,0.05,0.0,31,1.9454917597770685,-7.289255712971543,-6.4033935123019745
2366,pp,0.05,0.0,60,1.9229045963287366,-7.739651077443903,-6.924911006291707
2367,do,0.05,0.0,6,0.3963726949691777,-5.19775596965443,-4.645034726460775
2368,pp,0.05,0.0,41,1.5839857053756718,-6.9379004724097975,-6.0894683943854435
2369,do,0.05,0.0,36,1.1807470893859868,-5.957685698884906,-5.271763197580973
2370,pp,0.05,0.0,49,2.5250047314167023,-6.8905365120280875,-6.534907590018379
2371,do,0.05,0.0,70,1.702152824401856,-9.066324638597893,-7.018583509657118
2372,pp,0.05,0.0,25,-0.06346065998077322,-6.6547399564222856,-6.689188628726535
2373,do,0.05,0.0,58,3.524680392742157,-6.108044747150306,-5.565499573283725
2374,pp,0.05,0.0,51,4.117492185831071,-6.8273751490043875,-5.980221237076654
2375,do,0.05,0.0,56,1.4659346508979798,-7.717926078854185,-7.073195415072971
2376,pp,0.05,0.0,70,0.766640532016754,-6.804391953439423,-6.594709197680156
2377,do,0.05,0.0,66,2.49192185163498,-8.392531194108905,-7.465651999579536
2378,pp,0.05,0.0,65,2.9399070668220517,-6.655676899534283,-5.736797081099616
2379,do,0.05,0.0,16,2.4961195170879362,-5.95214882330461,-5.256707247098287
2380,pp,0.05,0.0,12,2.1979569399356844,-5.001123533826886,-4.672609983550178
2381,do,0.05,0.0,18,1.6788157510757449,-5.770072635014852,-5.867869591712951
2382,pp,0.05,0.0,45,1.6607201421260847,-6.4655723918568,-6.096063420507643
2383,do,0.05,0.0,49,2.21151651263237,-8.191421112869724,-7.629600837495592
2384,pp,0.05,0.0,70,0.2859782409667977,-7.663225942669492,-7.532528522279527
2385,do,0.05,0.0,58,2.4402141869068137,-7.058975440805608,-6.273139185375637
2386,pp,0.05,0.0,32,2.5741140127182005,-5.209843618219549,-4.5415578895144995
2387,do,0.05,0.0,22,1.248738156557084,-7.2593672795729205,-7.8337086147732204
2388,pp,0.05,0.0,25,1.4999134337902076,-5.811505723722053,-5.263990036646525
2389,do,0.05,0.0,18,0.6497591328620915,-7.119545225663619,-6.589142786131965
2390,pp,0.05,0.0,47,0.6369811069965365,-7.548158847924435,-6.734449985292223
2391,do,0.05,0.0,11,1.2180605912208557,-5.266992816058072,-5.24366487926907
2392,pp,0.05,0.0,26,3.519680690765382,-5.552448896928267,-4.74505025015937
2393,do,0.05,0.0,6,0.07519292712211545,-5.024352846723614,-4.656998538970948
2394,pp,0.05,0.0,10,0.25426295757293715,-5.28053833210107,-4.80643384721544
2395,do,0.05,0.0,70,1.252425640821457,-7.183438477371678,-6.930763978428311
2396,pp,0.05,0.0,31,1.9468141949176792,-5.600573221842448,-5.377521843380398
2397,do,0.05,0.0,70,2.17065003991127,-7.79466506206628,-6.998621606826783
2398,pp,0.05,0.0,70,1.6864308881759635,-7.58096582961805,-6.8526805400848385
2399,do,0.05,0.0,50,1.8011320567131053,-7.765711769913182,-7.275794474283854
2400,pp,0.05,0.0,69,2.0135688209533686,-7.203939479770082,-6.534559488296509
2401,do,0.05,0.0,21,2.504824483394623,-5.5098829038215404,-5.581052758958605
2402,pp,0.05,0.0,52,2.0211435985565176,-7.037428179654208,-7.6779420031441585
2403,do,0.05,0.0,10,0.3326802682876595,-5.5268138842149215,-5.497879147529602
2404,pp,0.05,0.0,14,0.9890130650997158,-5.784185486128836,-4.940945402781169
2405,do,0.05,0.0,11,1.580773859024048,-5.242041450558287,-4.760667981041802
2406,pp,0.05,0.0,11,1.1302586710453033,-4.817761928384955,-4.420601484510634
2407,do,0.05,0.0,70,1.5630513429641724,-9.487976695552018,-9.25597726504008
2408,pp,0.05,0.0,70,0.9360636901855468,-8.383994952115145,-7.431459765964084
2409,do,0.05,0.0,48,1.647932159900666,-7.141903745766842,-7.875245380401611
2410,pp,0.05,0.0,70,2.9921588909626005,-5.771471942554821,-5.939845381842719
2411,do,0.05,0.0,16,0.8280763995647433,-5.81684636925206,-5.447560220294529
2412,pp,0.05,0.0,21,1.3939325070381168,-5.839506429614443,-5.206071085400051
2413,do,0.05,0.0,10,1.5074306952953336,-5.005525016784668,-4.71510993109809
2414,pp,0.05,0.0,19,1.1345990836620334,-5.213743793603146,-4.912453166643778
2415,do,0.05,0.0,29,0.9373084592819216,-7.326120243650494,-6.87272535165151
2416,pp,0.05,0.0,11,-0.11952896595001228,-6.000661124605121,-5.352710792753432
2417,do,0.05,0.0,9,0.03365848541259808,-4.984270000457764,-4.290598320960998
2418,pp,0.05,0.0,70,0.8724276208877555,-8.321212979519006,-6.390684583452013
2419,do,0.05,0.0,69,1.381025158166885,-7.225178711342089,-6.5357352574666345
2420,pp,0.05,0.0,49,2.0828640246391297,-6.4746524016062414,-6.057847176657782
2421,do,0.05,0.0,44,3.4986222159862512,-5.688192382003322,-5.443638287650215
2422,pp,0.05,0.0,47,3.6856118428707125,-5.67532819256638,-5.239697866969639
2423,do,0.05,0.0,36,2.3480707120895374,-5.572501163771658,-5.280704890357123
2424,pp,0.05,0.0,49,2.620843802690506,-6.227067117980032,-5.353781734572516
2425,do,0.05,0.0,60,2.612609202861785,-7.080233919259274,-6.444737572140164
2426,pp,0.05,0.0,29,2.4463540363311775,-6.1049731500221025,-5.355517392688327
2427,do,0.05,0.0,21,1.2353800332546232,-6.289401590462887,-5.707313932312859
2428,pp,0.05,0.0,13,1.8760700011253357,-4.757455503579342,-3.9461787833107844
2429,do,0.05,0.0,32,1.8655270516872413,-5.152125536311757,-4.472338885731167
2430,pp,0.05,0.0,16,-0.046643824577331294,-6.165842758525502,-5.014363675647312
2431,do,0.05,0.0,50,1.9332569134235387,-4.92297035853068,-4.5972777816984385
2432,pp,0.05,0.0,28,1.442060695886612,-5.575056451739687,-4.917781538433498
2433,do,0.05,0.0,70,1.307516603469848,-9.581188447547682,-8.368885045581393
2434,pp,0.05,0.0,67,2.311971069574356,-6.04433993137244,-5.291251828935411
2435,do,0.05,0.0,70,1.898041338920594,-7.015233902497725,-6.462463400099012
2436,pp,0.05,0.0,70,3.197698547840118,-6.285742502501517,-5.426614424917433
2437,do,0.05,0.0,70,-0.3299119055271138,-8.56867452101274,-8.28216167555915
2438,pp,0.05,0.0,32,1.3114734911918635,-5.844633020054211,-5.125673876868354
2439,do,0.05,0.0,70,1.6509723424911495,-7.287806824481849,-6.7557089063856335
2440,pp,0.05,0.0,47,3.0508954834938047,-6.121947061654293,-5.1804969443215265
2441,do,0.05,0.0,60,-0.05601384282112143,-8.963696161905924,-7.791997374428643
2442,pp,0.05,0.0,48,1.4129437494277965,-7.295654987566399,-6.509739584392971
2443,do,0.05,0.0,28,1.221379100084305,-6.243044406717474,-5.341175397237142
2444,pp,0.05,0.0,18,0.8543445837497714,-5.539999295725967,-4.526560147603353
2445,do,0.05,0.0,26,2.6147631597518917,-5.750538791309704,-5.007244073020088
2446,pp,0.05,0.0,25,2.3819384145736695,-5.257306057034117,-4.59650067753262
2447,do,0.05,0.0,70,2.8018895244598383,-6.768120423230258,-6.068969848420885
2448,pp,0.05,0.0,66,1.943068132400514,-7.25229766441114,-6.237488852606879
2449,do,0.05,0.0,15,0.2026264357566836,-5.7340174255949075,-6.043062141206529
2450,pp,0.05,0.0,34,2.0144175565242772,-4.9070373289512865,-4.3830491516325205
2451,do,0.05,0.0,13,0.6236256849765773,-5.890324976949981,-5.150863141483731
2452,pp,0.05,0.0,66,1.4274795866012573,-6.282052568955855,-5.958273567093743
2453,do,0.05,0.0,18,1.330370121002197,-6.190266742128315,-5.9591554774178395
2454,pp,0.05,0.0,15,1.9572793507575996,-4.908479820598256,-3.820345139503479
2455,do,0.05,0.0,57,1.0240127325057982,-6.274208990732829,-6.639002513885498
2456,pp,0.05,0.0,46,2.5199528896808623,-5.601477001652573,-4.63177539507548
2457,do,0.05,0.0,67,1.8188955295085902,-7.542952200860688,-6.939394068717957
2458,pp,0.05,0.0,32,2.4674400436878194,-5.449687126911048,-4.758316842714946
2459,do,0.05,0.0,54,0.5355564308166514,-7.665597261082042,-6.757387987772623
2460,pp,0.05,0.0,16,0.4265173494815828,-6.0038333531582,-4.805365011427138
2461,do,0.05,0.0,45,1.9810831677913665,-6.900825689778183,-6.185726192262438
2462,pp,0.05,0.0,70,2.6394891190528877,-7.25950484420314,-5.790849118762546
2463,do,0.05,0.0,49,1.0602285170555126,-7.292645049817635,-6.32467798391978
2464,pp,0.05,0.0,23,1.8826564526557918,-5.137213238802823,-4.546063436402215
2465,do,0.05,0.0,70,2.264037979841233,-6.415307533379757,-5.665184696515401
2466,pp,0.05,0.0,30,2.74016790151596,-4.791532113335349,-4.191822062598335
2467,do,0.05,0.0,41,0.9463528382778179,-8.006566492716471,-8.537101692623562
2468,pp,0.05,0.0,68,1.2549232709407807,-7.7983585285417965,-6.665759966108534
2469,do,0.05,0.0,59,0.7792140555381781,-7.884767026612253,-7.164158487319947
2470,pp,0.05,0.0,44,1.7635212564468379,-6.24398958755262,-5.457833358976576
2471,do,0.05,0.0,43,2.672568033933639,-6.6472722588163435,-6.265376477771335
2472,pp,0.05,0.0,53,3.7219439399242393,-6.002734061443444,-5.324693412250943
2473,do,0.05,0.0,20,2.5436425101757054,-6.147946830229325,-5.708553210894267
2474,pp,0.05,0.0,70,2.1023003244400034,-9.231399541912657,-7.400142018000285
2475,do,0.05,0.0,52,1.077988874912263,-8.271688744516084,-7.965566073523627
2476,pp,0.05,0.0,62,2.3422577285766613,-6.863809302358916,-6.058720713191562
2477,do,0.05,0.0,15,0.2789864027500144,-5.750774733225504,-5.304464615715874
2478,pp,0.05,0.0,24,2.0767859017848966,-5.599503592288856,-5.029843322436014
2479,do,0.05,0.0,70,0.14591702580451926,-7.680737001245672,-6.889986652798123
2480,pp,0.05,0.0,43,1.8118305718898782,-6.287584361163053,-5.797250236405267
2481,do,0.05,0.0,56,0.2820358562469494,-9.202624679334235,-10.92389243973626
2482,pp,0.05,0.0,46,2.3887278401851644,-6.830343847563772,-5.78547904226515
2483,do,0.05,0.0,69,0.5105966806411741,-7.386245861920443,-6.348150295681424
2484,pp,0.05,0.0,64,1.5453835308551787,-6.6996639150561705,-5.50545060634613
2485,do,0.05,0.0,20,0.3546625268459316,-6.341306445092866,-5.879480899704827
2486,pp,0.05,0.0,70,3.0463961958885184,-5.8923859524004385,-5.239663404888577
2487,do,0.05,0.0,47,2.1833611261844634,-5.950818528551044,-4.89625682565901
2488,pp,0.05,0.0,52,4.216125619411469,-6.445036512432677,-4.639681061108907
2489,do,0.05,0.0,52,0.5475719511508945,-7.0762755365082715,-6.641852368248833
2490,pp,0.05,0.0,5,0.9498740673065189,-5.021599341883804,-4.317412241299947
2491,do,0.05,0.0,12,0.7571548807621005,-5.332156437093562,-4.511689782142639
2492,pp,0.05,0.0,43,1.69765377163887,-6.261852689222856,-5.228986798392402
2493,do,0.05,0.0,53,0.9460882365703593,-8.01723562153903,-7.798012918896145
2494,pp,0.05,0.0,55,2.891225365400314,-6.992650667826335,-5.444170053799947
2495,do,0.05,0.0,33,2.372775493860246,-6.049630331270622,-4.836508260832892
2496,pp,0.05,0.0,31,2.620114468336104,-5.985805001403346,-4.848011459244622
2497,do,0.05,0.0,65,1.9914352655410763,-8.242661713108872,-7.107144848505656
2498,pp,0.05,0.0,28,2.7097955060005194,-6.766651981527155,-5.968362228075663
2499,do,0.05,0.0,65,1.7680242109298705,-5.985881597345526,-5.4722793844011095
2500,pp,0.05,0.0,66,2.6769705605506893,-6.838277548009699,-5.729609706666735
2501,do,0.05,0.0,70,0.428948346972466,-7.175988944371541,-6.79896896150377
2502,pp,0.05,0.0,42,2.1529392302036285,-5.660136568185055,-4.90383677482605
2503,do,0.05,0.0,70,1.699811928272248,-7.127027969649344,-6.276289123959011
2504,pp,0.05,0.0,46,1.587446397542954,-7.186121169003573,-5.968779073821174
2505,do,0.05,0.0,41,1.0975964784622185,-7.005635291879828,-6.279750320646498
2506,pp,0.05,0.0,65,1.330712951421737,-6.9666879798426775,-5.95674430264367
2507,do,0.05,0.0,11,0.3190318167209627,-5.33717742544232,-4.744243780771892
2508,pp,0.05,0.0,25,0.9461795032024378,-6.269268200614236,-4.973718338542515
2509,do,0.05,0.0,33,2.8384065854549414,-6.1190976822015015,-5.254464795854356
2510,pp,0.05,0.0,9,1.089673458337784,-5.04763384587837,-4.021584338612026
2511,do,0.05,0.0,15,0.6620403742790222,-5.2578301646492696,-4.760913138919406
2512,pp,0.05,0.0,34,3.551283110380173,-6.667776370771003,-4.955622673034668
2513,do,0.05,0.0,29,1.8806771826744084,-5.548878320058187,-5.455897270308601
2514,pp,0.05,0.0,50,1.8893481051921839,-6.867730946974321,-5.6979691770341665
2515,do,0.05,0.0,2,-1.2553689706325528,-6.165554864478834,-5.683759559525384
2516,pp,0.05,0.0,55,2.086442334651947,-7.070871845881144,-6.1925822602378
2517,do,0.05,0.0,27,2.1931347584724428,-5.084641385800911,-4.58775732782152
2518,pp,0.05,0.0,68,2.395068835020065,-7.76097728989341,-6.281682255533006
2519,do,0.05,0.0,50,0.2508929204940804,-7.0880005012859,-6.268215097321404
2520,pp,0.05,0.0,60,1.4294802832603448,-7.354931191242103,-6.818341811498006
2521,do,0.05,0.0,70,2.727660530805588,-6.845935798413826,-5.7907482597563
2522,pp,0.05,0.0,34,2.388314286470412,-6.078514466141209,-5.621850244204203
2523,do,0.05,0.0,46,1.552886054515839,-7.148676265369762,-6.065082417594062
2524,pp,0.05,0.0,70,2.012219461202622,-6.866294045881792,-5.994619528452556
2525,do,0.05,0.0,70,2.255171915292739,-6.859689008828365,-6.463514574368795
2526,pp,0.05,0.0,44,1.4731509089469919,-5.877008258935177,-5.158991522259182
2527,do,0.05,0.0,70,2.806996377706528,-6.549706402691927,-5.84560923576355
2528,pp,0.05,0.0,30,1.7603021490573898,-8.116013060194073,-7.161642784542508
2529,do,0.05,0.0,46,3.2371629154682164,-5.520017589222301,-4.915637111663818
2530,pp,0.05,0.0,35,2.0578548240661627,-6.146089485919837,-5.473251729541355
2531,do,0.05,0.0,70,2.1414531183242804,-7.375091473261516,-6.543188553386265
2532,pp,0.05,0.0,17,1.2348974847793581,-6.4100684628342135,-5.510569421450297
2533,do,0.05,0.0,70,1.6148560059070585,-6.315549070184881,-5.144307290183173
2534,pp,0.05,0.0,70,1.344747698307037,-7.350637011094527,-6.503025754292806
2535,do,0.05,0.0,39,2.8807179248332986,-6.3100930719664605,-5.964320940441556
2536,pp,0.05,0.0,18,1.850768620967866,-6.699313360272032,-6.140997065438165
2537,do,0.05,0.0,55,1.6776978123188018,-4.80405988404245,-4.820898411009047
2538,pp,0.05,0.0,70,2.776689600944519,-6.409360288851189,-5.633067700597975
2539,do,0.05,0.0,45,3.3050237774848945,-5.140583123582783,-4.553056608306037
2540,pp,0.05,0.0,63,3.2374005758762365,-6.600747000087392,-6.127677411503262
2541,do,0.05,0.0,70,2.5707190179824835,-6.491959930188728,-5.714419794082642
2542,pp,0.05,0.0,65,2.4491110765933994,-5.700502514116692,-5.075114152166578
2543,do,0.05,0.0,20,1.0928762781620023,-6.248878249255093,-5.573097848892212
2544,pp,0.05,0.0,4,0.5009440004825594,-4.9693492224722196,-4.409788417816162
2545,do,0.05,0.0,37,2.73383859038353,-6.544180989987923,-7.232540345191955
2546,pp,0.05,0.0,23,1.3144516503810886,-5.897885020573934,-5.7480291419559055
2547,do,0.05,0.0,38,2.168676179647445,-6.411041628230702,-5.9122208462821115
2548,pp,0.05,0.0,47,1.41295973777771,-8.014554214477538,-7.424677266014947
2549,do,0.05,0.0,65,0.9205833220481878,-8.023543574593283,-7.621441056993272
2550,pp,0.05,0.0,25,0.32432535529136697,-6.059359671852805,-5.650204181671143
2551,do,0.05,0.0,35,1.835649760961532,-5.098931230198254,-4.479128053453233
2552,pp,0.05,0.0,39,2.13439250946045,-6.2844808433995105,-5.455894141727024
2553,do,0.05,0.0,13,0.5795423078536981,-5.753814405383486,-4.873647597101
2554,pp,0.05,0.0,24,0.5520782494544987,-6.364631073402636,-6.046849836243523
2555,do,0.05,0.0,70,2.36030584335327,-9.283212355411415,-8.997796810997857
2556,pp,0.05,0.0,5,0.6632616603374482,-5.323790873903217,-4.9330253521601355
2557,do,0.05,0.0,36,1.2582636618614194,-6.135338213949493,-5.97343811723921
2558,pp,0.05,0.0,70,2.7600258374214173,-5.703487360116207,-5.169967203670078
2559,do,0.05,0.0,70,1.03087968468666,-7.92897038604274,-7.341697523328993
2560,pp,0.05,0.0,53,1.6983262884616863,-6.450128250411063,-5.907146310806274
2561,do,0.05,0.0,70,2.8413544595241556,-5.754295768159809,-5.189578117264642
2562,pp,0.05,0.0,42,2.2510822045803067,-6.9866650971499356,-5.644536060757107
2563,do,0.05,0.0,70,2.2842162990570074,-7.6627957661946615,-7.947438648011949
2564,pp,0.05,0.0,28,1.8763581407070156,-5.938292788014268,-5.31580302450392
2565,do,0.05,0.0,59,2.4922184538841243,-6.548777622165102,-6.829903157552083
2566,pp,0.05,0.0,20,0.15117464065551722,-6.036943633628614,-5.706559814347161
2567,do,0.05,0.0,38,2.7359703147411345,-6.327976371302749,-6.0178508149253
2568,pp,0.05,0.0,32,1.2964296400547033,-6.340120356010668,-5.633197296990288
2569,do,0.05,0.0,70,1.8012537419795995,-7.017958669951468,-6.415199001630147
2570,pp,0.05,0.0,69,0.6076804566383363,-8.219236675898234,-6.9073845810360375
2571,do,0.05,0.0,70,2.013760408163071,-6.4951631343725955,-5.712571268611484
2572,pp,0.05,0.0,38,2.2931503129005444,-5.631444798093853,-5.295740289158291
2573,do,0.05,0.0,50,1.7516097986698158,-6.329337667696404,-6.082766188515557
2574,pp,0.05,0.0,70,3.0315997087955475,-5.695713606747714,-4.989196565416124
2575,do,0.05,0.0,70,0.5975444471836102,-6.719800332098297,-6.575245926115248
2576,pp,0.05,0.0,69,0.6307661986351025,-9.019605987722224,-8.047262679206
2577,do,0.05,0.0,22,-0.015646566152573094,-6.404726000988123,-6.204350837071737
2578,pp,0.05,0.0,42,2.2492530357837683,-6.885592060378103,-6.0084472099939985
2579,do,0.05,0.0,59,0.12763482928276026,-7.87598047545462,-7.3802323076460095
2580,pp,0.05,0.0,64,0.44636762619018455,-8.212101430603951,-7.269104623794556
2581,do,0.05,0.0,56,0.8047597265243542,-8.426740016359272,-6.636439731385972
2582,pp,0.05,0.0,29,0.6239198327064512,-7.087101669022531,-5.931027521027459
2583,do,0.05,0.0,20,-0.015280361175537216,-6.800882638584484,-7.186877123514811
2584,pp,0.05,0.0,32,1.4919188046455378,-8.133508471286659,-6.610409982999166
2585,do,0.05,0.0,52,1.234313728809357,-7.808538822694258,-6.742756991916233
2586,pp,0.05,0.0,70,0.8889731895923623,-7.864301485003847,-6.862986630863613
2587,do,0.05,0.0,68,0.6646439528465269,-6.498962399453828,-5.897525601916843
2588,pp,0.05,0.0,40,1.675137280225755,-7.297669831189242,-5.8710994905895655
2589,do,0.05,0.0,70,-0.016040823459626097,-7.6248730139298875,-7.2656251695421
2590,pp,0.05,0.0,27,3.0749883067607877,-5.710953277530092,-4.738123186429342
2591,do,0.05,0.0,51,1.377021883726119,-8.598678531068744,-7.939090310202705
2592,pp,0.05,0.0,30,3.124221436977387,-7.191477275617195,-6.128883793618944
2593,do,0.05,0.0,14,1.4337892222404482,-5.992610695867827,-5.289170580440097
2594,pp,0.05,0.0,31,2.8449002623558046,-5.43910842664314,-4.526564457681444
2595,do,0.05,0.0,64,2.1240791904926297,-6.920196365587639,-6.351676273345947
2596,pp,0.05,0.0,32,2.52905421614647,-6.109322186672326,-5.3080290661917795
2597,do,0.05,0.0,18,-0.41893026590347304,-6.290819519216364,-6.981187536981371
2598,pp,0.05,0.0,70,2.2399010837078093,-7.224027256532149,-7.248981454637316
2599,do,0.05,0.0,67,1.1067311620712275,-7.901289936990449,-7.228148094813029
2600,pp,0.05,0.0,32,1.4391569554805752,-6.322831489100601,-5.45500439008077
2601,do,0.05,0.0,63,1.9030730152130122,-8.826672366171172,-8.554646317164103
2602,pp,0.05,0.0,70,3.9368483424186707,-6.1644188779773135,-5.756263303756714
2603,do,0.05,0.0,70,1.331218144893647,-8.636916806481102,-8.471563206778633
2604,pp,0.05,0.0,44,5.2368044960498805,-6.15360561428648,-5.048802253935072
2605,do,0.05,0.0,22,1.6142863285541535,-5.342877340316773,-4.913415818744236
2606,pp,0.05,0.0,32,2.180694173574448,-6.538896261562001,-5.480127676328023
2607,do,0.05,0.0,31,1.2466885602474216,-6.182400339299982,-5.86266995800866
2608,pp,0.05,0.0,21,0.9396711063385004,-6.640817266522032,-5.887455468707614
2609,do,0.05,0.0,10,0.3222112345695498,-5.378965100375089,-4.920184143384298
2610,pp,0.05,0.0,7,0.6851317179203029,-5.090437796621612,-4.316046057807075
2611,do,0.05,0.0,26,0.30130550861358696,-6.737606047139023,-7.306408029132419
2612,pp,0.05,0.0,31,2.831617665290832,-5.392243100657607,-4.22033720281389
2613,do,0.05,0.0,67,1.3619343614578252,-7.174727312723795,-6.732763248019748
2614,pp,0.05,0.0,36,0.6954756128787993,-7.735312932910341,-6.10041344695621
2615,do,0.05,0.0,26,0.6902119040489199,-6.289409871534867,-6.19139662583669
2616,pp,0.05,0.0,19,1.4545661234855656,-5.843877215818925,-4.749792308277554
2617,do,0.05,0.0,70,1.908904303312302,-6.061865614399766,-5.901289335886637
2618,pp,0.05,0.0,52,3.7227000772953023,-5.762908647999619,-5.107304011450873
2619,do,0.05,0.0,51,2.691211403608321,-8.582860685117318,-6.907178703943888
2620,pp,0.05,0.0,19,0.5974921202659598,-6.7681261655056115,-5.441422843933106
2621,do,0.05,0.0,44,2.6446459186077123,-5.540234510826342,-5.278193887074789
2622,pp,0.05,0.0,34,1.151678074598312,-6.305230231718584,-5.430575958887736
2623,do,0.05,0.0,70,1.847205756902694,-8.324661734609894,-7.835400650236342
2624,pp,0.05,0.0,22,1.7156004464626307,-6.3459984244722305,-5.162940160433451
2625,do,0.05,0.0,21,1.213212298154831,-5.522613799933231,-5.7220191558202105
2626,pp,0.05,0.0,45,2.9970024955272674,-5.891990278706406,-5.332366016176012
2627,do,0.05,0.0,66,1.3163362276554116,-6.338622601826986,-5.640797379281786
2628,pp,0.05,0.0,39,2.8266286981105804,-5.001065687699751,-4.346010507477654
2629,do,0.05,0.0,70,0.6617620062828067,-7.003771196712147,-6.586315552393596
2630,pp,0.05,0.0,27,1.1674649655818934,-6.634972595446038,-5.693964250882467
2631,do,0.05,0.0,24,-0.2618742227554316,-6.629521630027077,-6.242969714270698
2632,pp,0.05,0.0,43,1.3484561681747431,-8.273030603293217,-6.18322987291548
2633,do,0.05,0.0,70,3.3178123581409453,-6.575815485462998,-6.117278922928704
2634,pp,0.05,0.0,16,2.018583884239197,-4.83682127865878,-4.1926813205083215
2635,do,0.05,0.0,15,0.3854938602447513,-5.588810734315352,-5.003563674290975
2636,pp,0.05,0.0,21,0.6414302313327793,-6.641544830437862,-5.7902412494023645
2637,do,0.05,0.0,68,1.073261605501174,-7.134341684977214,-6.333227480782403
2638,pp,0.05,0.0,70,2.3680615544319155,-6.445114056269328,-5.524595663282606
2639,do,0.05,0.0,70,0.9111037731170644,-8.585367694045559,-7.953329133987427
2640,pp,0.05,0.0,70,1.7275156903266904,-8.927729100892037,-7.601413898997837
2641,do,0.05,0.0,58,2.458659490346909,-6.604041905836626,-5.782780334684584
2642,pp,0.05,0.0,32,2.081948713064193,-7.487645289392182,-7.188697279824151
2643,do,0.05,0.0,70,2.0742886292934424,-5.91218244379217,-5.511131954193115
2644,pp,0.05,0.0,69,0.8428037357330336,-7.6284864960294785,-6.4327565722995335
2645,do,0.05,0.0,30,-0.21011217594146814,-7.742781396345658,-7.918319267696805
2646,pp,0.05,0.0,37,2.614468195438386,-5.564264706409339,-5.077135756280687
2647,do,0.05,0.0,33,0.15442228317260742,-7.776355767972541,-7.41896440717909
2648,pp,0.05,0.0,67,1.2726314389705653,-7.777924244331591,-6.6664097044203015
2649,do,0.05,0.0,25,2.169488700628281,-6.096942088098237,-5.369943801561991
2650,pp,0.05,0.0,57,2.7418334138393394,-6.264273753310695,-5.662018619643318
2651,do,0.05,0.0,21,0.204373346567154,-6.118264585552794,-5.437829836209615
2652,pp,0.05,0.0,40,1.5121869325637816,-6.737123175823327,-5.5948538462320965
2653,do,0.05,0.0,32,1.0751997935771938,-5.7417774070392955,-5.427952620718214
2654,pp,0.05,0.0,70,1.183125113248825,-7.0810903563643945,-5.952406244807773
2655,do,0.05,0.0,2,-1.202319792509079,-6.2648201378909025,-5.75113783677419
2656,pp,0.05,0.0,23,1.55073766708374,-5.9669336738008445,-4.200205555227067
2657,do,0.05,0.0,27,1.698397794961929,-6.165048668601296,-5.754498683081733
2658,pp,0.05,0.0,29,1.0098530995845802,-6.283473055290453,-5.153023815155029
2659,do,0.05,0.0,70,1.918036116361618,-7.396219594550855,-6.7807924270629885
2660,pp,0.05,0.0,60,2.935967013835908,-7.44664555462924,-7.111402855979072
2661,do,0.05,0.0,1,-1.3584375309944159,-6.465085207332264,-6.017161655426025
2662,pp,0.05,0.0,70,0.4874489891529077,-8.574728361765544,-7.870767821205987
2663,do,0.05,0.0,18,1.5650827717781066,-5.344475465832335,-5.317826861805386
2664,pp,0.05,0.0,16,0.31040920734405564,-6.446640085451531,-6.089620542526245
2665,do,0.05,0.0,30,1.3701003015041353,-5.9599380579861725,-5.256349603335063
2666,pp,0.05,0.0,16,2.1428714334964747,-4.8434143702189125,-4.420490683449639
2667,do,0.05,0.0,59,1.9067166614532463,-7.402933834538315,-6.635757417149014
2668,pp,0.05,0.0,51,2.0374533510208135,-6.764372624772967,-6.200615151723226
2669,do,0.05,0.0,67,-0.2474123239517212,-7.065738946741278,-6.943356762992011
2670,pp,0.05,0.0,70,0.4491597211360929,-8.694189019636674,-6.996186319986979
2671,do,0.05,0.0,70,1.4052267742156985,-8.1399674169945,-7.627740674548679
2672,pp,0.05,0.0,53,3.778899052143096,-8.107253271160705,-6.577225997712877
2673,do,0.05,0.0,70,3.309290537834168,-7.41291816740325,-6.2709559573067555
2674,pp,0.05,0.0,33,2.0978014767169944,-6.57797985943881,-5.470463495784336
2675,do,0.05,0.0,68,0.8045384395122532,-7.74342232761961,-7.41348344484965
2676,pp,0.05,0.0,19,0.4001451587677005,-6.392444471879439,-5.84863346947564
2677,do,0.05,0.0,1,-1.3521062505245212,-6.595288694266117,-6.0819047662946915
2678,pp,0.05,0.0,70,0.4228951215744008,-7.393967765750307,-6.9080592261420355
2679,do,0.05,0.0,46,0.690727431774139,-7.496667659643925,-7.02113356590271
2680,pp,0.05,0.0,70,0.9416118991374969,-7.7655526623581395,-7.230952988730537
2681,do,0.05,0.0,70,1.3539558684825899,-7.397444375356039,-6.437989150153266
2682,pp,0.05,0.0,42,1.194938321113586,-6.540573770349676,-5.868105016814338
2683,do,0.05,0.0,7,0.6861539411544797,-5.28863609198368,-4.885733821656969
2684,pp,0.05,0.0,70,1.5820800268650057,-7.996296022877549,-6.576123285293579
2685,do,0.05,0.0,38,0.7937641382217411,-6.548409866564201,-6.218052834934658
2686,pp,0.05,0.0,21,2.6405218875408174,-4.911164679671779,-4.2177835649914215
2687,do,0.05,0.0,70,4.086286237239838,-6.268433398911447,-5.603504792849223
2688,pp,0.05,0.0,29,1.6141786003112797,-6.256356181520404,-5.408864646487766
2689,do,0.05,0.0,70,-0.7359891557693494,-8.36656813477025,-7.987301513883803
2690,pp,0.05,0.0,22,0.8168367147445679,-6.418261262142297,-5.9315062973234385
2691,do,0.05,0.0,38,0.8533180391788475,-6.475856893712824,-6.719989034864637
2692,pp,0.05,0.0,41,1.943971037864685,-7.431419178933808,-6.645512665642633
2693,do,0.05,0.0,70,-0.9352250909805306,-8.052947839101156,-8.272749016020033
2694,pp,0.05,0.0,70,-0.8967193269729616,-8.591140817873406,-7.623580084906684
2695,do,0.05,0.0,55,1.5903867280483253,-6.673155385797674,-5.747431739171346
2696,pp,0.05,0.0,70,2.049577127695083,-7.025662703947588,-6.072617864608764
2697,do,0.05,0.0,24,2.194238984584808,-5.084700393676758,-4.9999083836873375
2698,pp,0.05,0.0,55,1.2412860214710228,-6.49430022095189,-5.794320238961114
2699,do,0.05,0.0,65,1.5736254000663754,-6.664473695466013,-6.1460032357109915
2700,pp,0.05,0.0,68,2.134803903102875,-6.994328075466734,-6.067449858453538
2701,do,0.05,0.0,64,1.5410082101821896,-7.000487326130722,-6.537183279461331
2702,pp,0.05,0.0,41,1.525761098861694,-6.899827239007661,-6.362413273917304
2703,do,0.05,0.0,70,1.7966674578189847,-7.642131103168834,-6.824690201547411
2704,pp,0.05,0.0,21,2.029731035232544,-5.144858910820701,-4.4175751606623335
2705,do,0.05,0.0,70,1.6264279556274417,-6.703135574225223,-5.844187461005317
2706,pp,0.05,0.0,59,1.3004587376117698,-7.843823224847967,-7.061033805211385
2707,do,0.05,0.0,66,1.5763471841812136,-7.662624734820741,-7.525547864702013
2708,pp,0.05,0.0,45,3.3726746809482577,-6.095881175994873,-5.237233328819275
2709,do,0.05,0.0,37,0.781329835653306,-6.7508717435779,-6.160755287276374
2710,pp,0.05,0.0,34,2.624917652606964,-6.500985389767271,-5.784269420305888
2711,do,0.05,0.0,70,1.3415827095508561,-7.290070136388143,-6.320993277761671
2712,pp,0.05,0.0,44,1.1462075567245487,-7.350369693293716,-6.270332945717706
2713,do,0.05,0.0,70,1.6385438573360442,-7.685354234233047,-6.642582562234667
2714,pp,0.05,0.0,70,1.9561486482620234,-7.4452043056488035,-6.3608482970131766
2715,do,0.05,0.0,56,1.8817453122138978,-6.940231768290202,-6.384096950954861
2716,pp,0.05,0.0,23,2.1008478200435636,-5.158062388680198,-4.395788621902466
2717,do,0.05,0.0,46,1.8212706041336055,-7.866178813125148,-8.1434808784061
2718,pp,0.05,0.0,39,2.9804360640048984,-6.524921230836348,-6.175797645250956
2719,do,0.05,0.0,8,0.005577895641327046,-5.36789903496251,-4.98012866973877
2720,pp,0.05,0.0,16,0.45874582767486505,-5.723773551709725,-5.144632739490933
2721,do,0.05,0.0,61,0.9152851045131687,-8.158166646957397,-7.414192554685805
2722,pp,0.05,0.0,41,2.2256498479843145,-6.4477878108169095,-5.665910503599378
2723,do,0.05,0.0,32,0.8137890350818635,-6.831418363975756,-6.33159130414327
2724,pp,0.05,0.0,34,4.593115997314454,-5.142864636218909,-4.223338439729479
2725,do,0.05,0.0,70,0.4130137372016893,-8.153669673746283,-7.417327155007256
2726,pp,0.05,0.0,19,2.6137306940555574,-4.672782416777177,-4.271038137541877
2727,do,0.05,0.0,60,1.7711374545097343,-6.565414477839615,-5.51764293246799
2728,pp,0.05,0.0,20,2.2496260023117065,-4.9356420227975555,-4.032435238361359
2729,do,0.05,0.0,70,1.2137931466102607,-7.6705433123039475,-7.197907055748834
2730,pp,0.05,0.0,70,1.5715224480628978,-8.844471737832734,-7.913052029079861
2731,do,0.05,0.0,57,-0.3249231171607967,-9.223550936670014,-8.708379379908244
2732,pp,0.05,0.0,14,1.8455641829967497,-4.7703447717608825,-4.131572559144762
2733,do,0.05,0.0,57,1.9606587791442873,-6.468285468130401,-5.705814260906643
2734,pp,0.05,0.0,14,2.316044311523438,-4.685328237938158,-4.018096991380056
2735,do,0.05,0.0,26,1.933820893764496,-6.261488303271207,-5.824968836042616
2736,pp,0.05,0.0,39,1.3955171191692353,-6.273338982553193,-5.27762655682034
2737,do,0.05,0.0,70,0.6749262380599976,-7.098781884800304,-7.78358055750529
2738,pp,0.05,0.0,32,3.107583476305008,-5.603056024782585,-4.939539048406813
2739,do,0.05,0.0,70,2.60434470295906,-6.495481699163263,-6.020823364787631
2740,pp,0.05,0.0,53,2.3572579836845398,-5.883016557404489,-4.912195891804165
2741,do,0.05,0.0,53,2.754803724288939,-8.08426850492304,-7.579418982399835
2742,pp,0.05,0.0,42,2.553698142766952,-7.214895824952559,-5.858516105016073
2743,do,0.05,0.0,70,1.7877384555339813,-6.388171194538925,-6.2446866750717165
2744,pp,0.05,0.0,14,1.2222486531734464,-5.9975953882390804,-5.330687310960558
2745,do,0.05,0.0,19,0.13748690485954285,-5.98479479153951,-5.957806671990289
2746,pp,0.05,0.0,67,2.1760562908649446,-7.012969778523301,-5.913016184171041
2747,do,0.05,0.0,14,2.524395760297775,-5.386228860508312,-4.779774072435167
2748,pp,0.05,0.0,57,3.008839292526245,-7.769645859978416,-6.499680892626444
2749,do,0.05,0.0,60,1.510016943216323,-7.669565869822646,-7.252217478222317
2750,pp,0.05,0.0,50,1.3598879134655002,-7.3382061669320775,-6.017789880434672
2751,do,0.05,0.0,33,1.0101723158359528,-5.981984225186435,-6.161330315801832
2752,pp,0.05,0.0,43,1.1434187972545624,-6.674040568958629,-5.559755335913764
2753,do,0.05,0.0,27,2.4634083151817316,-5.796943931868582,-5.564263410038418
2754,pp,0.05,0.0,62,3.3231079554557788,-7.073913314125755,-5.809639732042949
2755,do,0.05,0.0,70,1.3014824235439297,-7.440065769715742,-6.810857921176487
2756,pp,0.05,0.0,39,2.962841293811798,-5.393216114333182,-5.089254429605272
2757,do,0.05,0.0,46,1.6446934270858762,-6.3792275775562635,-6.250673755009969
2758,pp,0.05,0.0,43,3.259666693210602,-6.242716657754147,-5.432488661342197
2759,do,0.05,0.0,55,2.262031509876251,-6.595097012953325,-5.979441780514187
2760,pp,0.05,0.0,50,3.718186818361283,-5.317917206793121,-4.762107261021932
2761,do,0.05,0.0,16,1.7971383309364315,-4.906545754634973,-4.136640787124634
2762,pp,0.05,0.0,62,2.6090537750720983,-6.289361836693503,-5.459882211685181
2763,do,0.05,0.0,17,1.1574829483032225,-5.107040376374216,-4.660879060957167
2764,pp,0.05,0.0,53,3.3261178481578826,-6.282417132637717,-5.202466781934103
2765,do,0.05,0.0,56,2.48954239487648,-6.025624616218336,-5.732930387390985
2766,pp,0.05,0.0,53,2.158250060081481,-6.364231885563243,-5.5837782939275105
2767,do,0.05,0.0,18,1.2123740303516382,-5.0607320872220125,-4.47105434735616
2768,pp,0.05,0.0,44,2.3149866247177124,-5.714624007542928,-4.958283095889621
2769,do,0.05,0.0,49,2.667287710905076,-5.659643835009951,-4.977050397131178
2770,pp,0.05,0.0,67,2.548124654293061,-7.6878372914863355,-6.786295043097602
2771,do,0.05,0.0,19,0.9008206033706667,-5.387813037814516,-5.70398080613878
2772,pp,0.05,0.0,59,2.812107640504837,-7.031363214146007,-6.0575488461388485
2773,do,0.05,0.0,68,1.5752671480178826,-7.519199140144117,-6.9969675964779325
2774,pp,0.05,0.0,70,0.5657630562782288,-8.175498927723277,-6.797805974218581
2775,do,0.05,0.0,69,2.481414655447007,-6.802110343990904,-6.69644218020969
2776,pp,0.05,0.0,24,0.863693505525589,-5.358837380553737,-4.283380846182506
2777,do,0.05,0.0,28,2.1822454845905295,-5.869382825042262,-5.509584045410156
2778,pp,0.05,0.0,37,3.0046628689765935,-6.284599802710793,-4.962838549084133
2779,do,0.05,0.0,24,1.6913711214065552,-5.301141179691662,-4.6944264623853895
2780,pp,0.05,0.0,70,2.7478356003761286,-6.432089617758086,-5.7868129438824125
2781,do,0.05,0.0,70,1.7164111971855158,-5.980334520339966,-5.352593763669332
2782,pp,0.05,0.0,23,2.6535713565349583,-4.9765167669816455,-4.269252038002014
2783,do,0.05,0.0,41,4.404351724386215,-5.903123461116444,-5.564517993397183
2784,pp,0.05,0.0,70,4.067120122909547,-7.075078370354392,-6.285496740871006
2785,do,0.05,0.0,14,1.691250499486923,-5.094120813138558,-4.30959738360511
2786,pp,0.05,0.0,45,3.9754456341266637,-6.008014505559748,-5.317021134164598
2787,do,0.05,0.0,57,1.8684318792819985,-6.709734822764541,-6.00821537176768
2788,pp,0.05,0.0,24,2.5813953149318696,-6.2196921926556215,-5.291129067209032
2789,do,0.05,0.0,10,0.9987506449222563,-5.366920917684381,-4.693146997027927
2790,pp,0.05,0.0,65,2.51256548166275,-6.411537605343443,-5.520724304517111
2791,do,0.05,0.0,12,1.239001663923264,-5.345811827977498,-4.515531161096361
2792,pp,0.05,0.0,66,0.16894870758056513,-7.935286585489909,-6.65287946595086
2793,do,0.05,0.0,70,1.6557616651058202,-6.6746404777873645,-6.276868571175469
2794,pp,0.05,0.0,62,2.427047148942947,-6.1911286975398205,-5.709525095091926
2795,do,0.05,0.0,22,2.956610625982284,-5.8604648734584,-6.156137983004252
2796,pp,0.05,0.0,54,2.2655398225784307,-7.450846027605461,-6.4079230705897015
2797,do,0.05,0.0,46,1.8917969202995302,-6.941223684946696,-7.035576015048557
2798,pp,0.05,0.0,27,2.9608864498138425,-5.9404437339667115,-4.790487840440538
2799,do,0.05,0.0,70,1.2401802563667292,-7.320507877523249,-7.446715593338013
2800,pp,0.05,0.0,63,2.49565294265747,-6.280884563561642,-5.782987814479404
2801,do,0.05,0.0,34,1.7139421176910403,-8.388841682491881,-8.329315514034695
2802,pp,0.05,0.0,21,2.366458659172059,-5.028505433689464,-4.823755274878608
2803,do,0.05,0.0,70,1.684883167743683,-8.537402014298873,-8.282217979431152
2804,pp,0.05,0.0,70,1.2205894601345069,-8.87249465711189,-7.541141658359104
2805,do,0.05,0.0,70,2.517785662412643,-6.528014236507993,-6.040175090895759
2806,pp,0.05,0.0,14,2.0191874778270726,-5.111629220211145,-4.292258758015103
2807,do,0.05,0.0,70,3.036064150333405,-6.753599395173969,-6.078815688027276
2808,pp,0.05,0.0,35,3.227537921667098,-6.1618360981796725,-5.380042767524719
2809,do,0.05,0.0,15,1.5717680215835568,-4.878429895458799,-4.7774438275231255
2810,pp,0.05,0.0,56,3.328774822950362,-6.795911192171501,-6.10016504658593
2811,do,0.05,0.0,25,2.873862301111222,-5.927585980386445,-5.1109971364339195
2812,pp,0.05,0.0,70,1.974988025426864,-8.637021765564427,-7.500695867008633
2813,do,0.05,0.0,11,2.148784317970276,-5.214718081734397,-4.484222443898519
2814,pp,0.05,0.0,68,2.8573081278800965,-6.933330070611202,-5.962027226554023
2815,do,0.05,0.0,22,2.3837363231182103,-6.416679245052916,-5.231515831417507
2816,pp,0.05,0.0,43,2.7036368608474746,-7.937878712740812,-6.99865247938368
2817,do,0.05,0.0,27,2.411892083883285,-4.792494315089601,-3.7680448359913297
2818,pp,0.05,0.0,15,1.5195960354804994,-5.0856801249764185,-4.4409436729219225
2819,do,0.05,0.0,30,1.880046784877777,-5.189456007697365,-4.6084748400582205
2820,pp,0.05,0.0,17,1.58149270772934,-5.092386336760088,-4.222390090094672
2821,do,0.05,0.0,63,0.8660408091545104,-7.524520813335072,-6.844288868374295
2822,pp,0.05,0.0,31,2.186894668340684,-5.423556600917469,-4.780665797657437
2823,do,0.05,0.0,24,2.0969429135322564,-4.985035847172592,-4.379039141866896
2824,pp,0.05,0.0,67,2.866375502347946,-7.782396091114391,-7.558246098624336
2825,do,0.05,0.0,43,2.64559942126274,-5.592616075457949,-4.780843959914313
2826,pp,0.05,0.0,56,2.3839177346229565,-6.885797973112626,-5.972938601175944
2827,do,0.05,0.0,70,3.395017441511154,-5.2754960536956785,-4.419917318556044
2828,pp,0.05,0.0,27,1.9231679081916804,-5.902239270643754,-4.900198984146118
2829,do,0.05,0.0,60,1.8458083796501166,-6.975713659055305,-6.627339635954963
2830,pp,0.05,0.0,42,1.9649444627761845,-5.736938811793472,-5.137792306476169
2831,do,0.05,0.0,56,2.109448858499527,-6.62636019822323,-6.123274066713122
2832,pp,0.05,0.0,67,2.319843574762345,-6.155547643430305,-5.581372459729512
2833,do,0.05,0.0,47,2.4808592474460607,-6.080363873279456,-5.467616083886888
2834,pp,0.05,0.0,61,1.5041987192630764,-7.143691171299327,-6.536283797687954
2835,do,0.05,0.0,59,1.4904724466800694,-7.293320404399525,-7.254913022783067
2836,pp,0.05,0.0,49,0.5815259182453154,-7.812637230844208,-7.363419204288059
2837,do,0.05,0.0,70,0.11638337254524345,-8.290447797197285,-7.7625272644890675
2838,pp,0.05,0.0,21,2.25150788784027,-5.7693650838100545,-5.539516912566291
2839,do,0.05,0.0,70,4.239784934520722,-5.24788908813939,-4.827654274304708
2840,pp,0.05,0.0,11,1.8237282562255857,-4.983838744597001,-4.308838229709202
2841,do,0.05,0.0,13,0.9479984986782082,-5.345902035453102,-5.031480103068882
2842,pp,0.05,0.0,60,0.9230316507816312,-8.800608085863518,-7.3679232438405355
2843,do,0.05,0.0,19,2.444549458026885,-5.879844216144446,-6.343858003616333
2844,pp,0.05,0.0,10,0.9155677151679997,-5.4930710171208235,-4.926704706086053
2845,do,0.05,0.0,20,1.713337273597717,-5.350156019673203,-5.719139663378398
2846,pp,0.05,0.0,49,2.578920587301255,-5.637477175394694,-4.983270700772604
2847,do,0.05,0.0,62,0.7840670835971846,-8.727045605399391,-7.73353377978007
2848,pp,0.05,0.0,70,1.4525677728652955,-7.327204289580837,-6.786151504516601
2849,do,0.05,0.0,62,1.4612141871452344,-6.6844554771076545,-6.035138318273757
2850,pp,0.05,0.0,68,2.059506254196167,-6.739415779980746,-5.6699383709165785
2851,do,0.05,0.0,53,1.463768460750579,-7.335776620922666,-6.3748444186316595
2852,pp,0.05,0.0,47,2.9398395121097556,-6.378374436407379,-5.883120965957642
2853,do,0.05,0.0,51,3.3690984451770785,-6.956911520524458,-7.510722139146593
2854,pp,0.05,0.0,12,1.7512559103965755,-5.33522886651935,-4.883657648828295
2855,do,0.05,0.0,59,-0.6007317328453077,-8.664078721133146,-7.971178754170736
2856,pp,0.05,0.0,39,1.7834729230403905,-6.303476109649196,-5.325019831127591
2857,do,0.05,0.0,70,0.5682261610031123,-10.487794403596357,-10.165166997909546
2858,pp,0.05,0.0,65,0.21142298221588085,-8.997894724932584,-7.836603991190592
2859,do,0.05,0.0,15,2.613204579353333,-5.797438342643507,-5.32690429157681
2860,pp,0.05,0.0,59,3.4486792075634005,-6.284050471854933,-5.388785449663798
2861,do,0.05,0.0,47,2.873063722848893,-6.209181724895131,-6.071150989002652
2862,pp,0.05,0.0,70,2.215740289688111,-7.299917270198013,-6.450021012624105
2863,do,0.05,0.0,70,0.14728047847747838,-7.492923803040475,-7.716490591896905
2864,pp,0.05,0.0,58,1.58276082277298,-7.65737014539314,-8.455425643920899
2865,do,0.05,0.0,69,3.5019846177101135,-4.96855978532271,-5.3569774230321245
2866,pp,0.05,0.0,23,3.414732143878936,-5.0069765249888105,-4.355558212598165
2867,do,0.05,0.0,44,1.4614063823223118,-6.53810734315352,-5.714659629927741
2868,pp,0.05,0.0,26,0.37988766908645655,-6.343083661975283,-5.582249863942464
2869,do,0.05,0.0,70,1.223283269405366,-7.864014397245465,-7.915788332621257
2870,pp,0.05,0.0,54,1.505326251983643,-6.888716118263476,-6.351613007651435
2871,do,0.05,0.0,24,1.9399950182437902,-6.380343942931204,-6.124533520804511
2872,pp,0.05,0.0,66,0.957552783489227,-8.67264178015969,-8.333562644322713
2873,do,0.05,0.0,16,1.3976338124275207,-5.135343886866714,-4.419512412283155
2874,pp,0.05,0.0,13,1.9509801244735714,-5.649982906110359,-5.020205781194899
2875,do,0.05,0.0,70,2.356479785442353,-8.216548711603338,-6.946850967407227
2876,pp,0.05,0.0,18,1.2767252933979032,-6.427663673054088,-6.12145902050866
2877,do,0.05,0.0,6,0.12904201626777656,-5.225183173381921,-4.867634174558852
2878,pp,0.05,0.0,53,0.6835868096351625,-8.301227607149066,-6.979678519566854
2879,do,0.05,0.0,31,1.2273056662082684,-6.8264008001847705,-5.969957314597236
2880,pp,0.05,0.0,22,1.2390808486938472,-5.635194625276508,-5.297271903355917
2881,do,0.05,0.0,39,0.5886361825466153,-7.9661438566265685,-8.850919898351034
2882,pp,0.05,0.0,17,2.020030767917633,-5.201110718467019,-4.821682429313659
2883,do,0.05,0.0,19,1.513815304040909,-5.761305363972982,-5.02550568845537
2884,pp,0.05,0.0,28,1.0111758184432977,-6.80025066317934,-5.751233429378933
2885,do,0.05,0.0,15,1.1992999219894411,-6.489477994225242,-6.388591323958503
2886,pp,0.05,0.0,70,3.0913030576705944,-8.214151203271115,-7.326479307810465
2887,do,0.05,0.0,70,1.2097208976745604,-7.080269820762403,-6.354960857497321
2888,pp,0.05,0.0,42,2.6129783010482788,-6.627110797708685,-6.465141081809998
2889,do,0.05,0.0,64,2.143466585874557,-6.589635710282759,-6.410246290100945
2890,pp,0.05,0.0,38,2.564036209583282,-6.2798657287250865,-5.747766017913818
2891,do,0.05,0.0,17,0.877156041860581,-5.939977280298868,-5.326516641510858
2892,pp,0.05,0.0,70,2.4828009295463564,-7.192795048337994,-5.878297082583109
2893,do,0.05,0.0,23,1.220376032590866,-5.44319654378024,-5.030376320415073
2894,pp,0.05,0.0,54,0.21216941356659014,-7.947794593464245,-6.935729063881768
2895,do,0.05,0.0,36,0.6515824556350713,-6.992084711248224,-6.9788806438446045
2896,pp,0.05,0.0,70,2.3081330978870405,-7.7759232593305185,-6.727840195761787
2897,do,0.05,0.0,48,2.3449975287914278,-5.219667368224173,-5.882659403483073
2898,pp,0.05,0.0,54,1.1488464188575742,-9.035870684999407,-8.337888646125794
2899,do,0.05,0.0,58,2.707823709249497,-6.494559798096166,-6.037957535849677
2900,pp,0.05,0.0,35,2.2167859601974493,-5.072183601783983,-4.862722219361199
2901,do,0.05,0.0,34,0.5676266300678252,-6.909358648820357,-6.150504941410489
2902,pp,0.05,0.0,29,2.005381628274918,-5.916619261828336,-4.9871593872706095
2903,do,0.05,0.0,70,0.851960136890412,-8.36365847154097,-7.62776370578342
2904,pp,0.05,0.0,51,1.876724427938461,-6.015302377758604,-5.3742319557401865
2905,do,0.05,0.0,18,0.8571667969226837,-5.728533455819795,-5.733836415078905
2906,pp,0.05,0.0,45,2.7679964435100555,-5.729091892820416,-5.278685715463427
2907,do,0.05,0.0,20,0.9389972352981566,-6.220130887176051,-5.411172506544325
2908,pp,0.05,0.0,24,2.392926117181778,-6.5824542623577695,-5.266491916444567
2909,do,0.05,0.0,11,0.6053269958496097,-5.470701739282319,-6.102252459526062
2910,pp,0.05,0.0,8,1.5064199161529546,-4.555590515425711,-4.086755326059129
2911,do,0.05,0.0,27,1.2763608670234667,-8.027707588311397,-7.612161980734931
2912,pp,0.05,0.0,28,2.3268982625007624,-6.3536967725464795,-5.17938670317332
2913,do,0.05,0.0,15,1.2684613227844235,-4.958823809479222,-4.877424542109171
2914,pp,0.05,0.0,13,1.6657241618633272,-4.6681913563699435,-4.081607966952854
2915,do,0.05,0.0,70,3.1203660047054287,-5.472564409718369,-4.696637161572775
2916,pp,0.05,0.0,39,1.850506383180618,-6.061053192254269,-5.068946899308099
2917,do,0.05,0.0,70,3.0118322432041165,-7.314082394224225,-6.340768885612488
2918,pp,0.05,0.0,70,4.333320211172104,-5.498060482198542,-5.102588939666748
2919,do,0.05,0.0,69,2.8251244938373565,-5.564986734679251,-5.807616930537754
2920,pp,0.05,0.0,63,3.008770698308946,-6.034018087387085,-5.3915142403708565
2921,do,0.05,0.0,65,1.8937648773193363,-6.400941987471147,-5.818552396032545
2922,pp,0.05,0.0,55,2.3829977214336395,-5.766946590307987,-5.053302338388231
2923,do,0.05,0.0,36,1.9601619899272915,-6.542686615568218,-6.623288994365268
2924,pp,0.05,0.0,64,3.2512564897537235,-5.747067646546797,-4.820655255847507
2925,do,0.05,0.0,70,1.8216037714481361,-7.3308244661851365,-7.952300254503886
2926,pp,0.05,0.0,32,2.1827297568321233,-6.55653701840025,-5.245053646299574
2927,do,0.05,0.0,70,1.5313118731975557,-6.489692075324781,-6.800336096021864
2928,pp,0.05,0.0,55,2.429674633741379,-5.820706675269387,-5.057468424903022
2929,do,0.05,0.0,29,1.6004972553253172,-5.6830071926116945,-5.341747498512268
2930,pp,0.05,0.0,33,0.908633152246475,-7.366661289966467,-5.914758046468099
2931,do,0.05,0.0,10,1.47729207277298,-4.803971862792968,-4.950839355256822
2932,pp,0.05,0.0,43,4.173812041282653,-5.187120483860825,-5.127477415402731
2933,do,0.05,0.0,49,0.8817276597023005,-7.639532837723241,-8.405378039677938
2934,pp,0.05,0.0,68,0.7370400321483617,-7.226829156008634,-6.36246460278829
2935,do,0.05,0.0,14,2.0462460076808933,-5.915482937205922,-5.604245122273763
2936,pp,0.05,0.0,70,1.5460031402111056,-7.770322530919855,-6.576217675209046
2937,do,0.05,0.0,65,2.468926321268082,-6.306230341304432,-7.645676612854004
2938,pp,0.05,0.0,22,2.575693006515503,-5.462057323166818,-4.757856159740024
2939,do,0.05,0.0,34,2.265795222520828,-6.378579850630326,-6.399949468506707
2940,pp,0.05,0.0,24,2.0749763274192814,-7.429357983849266,-6.098181793424819
2941,do,0.05,0.0,70,2.554715821743012,-5.785277206247503,-5.295066210958693
2942,pp,0.05,0.0,61,1.4923816442489617,-6.824730576890888,-5.844607196913826
2943,do,0.05,0.0,38,4.960154868364334,-5.50805990190217,-5.2392457193798485
2944,pp,0.05,0.0,39,1.4472197723388671,-8.166734501809785,-6.741785616344876
2945,do,0.05,0.0,60,2.132166850566864,-6.438769760998812,-5.883812657992045
2946,pp,0.05,0.0,54,2.001387531757355,-6.247460411534165,-5.847416003545125
2947,do,0.05,0.0,70,2.9179013454914093,-7.47858235763781,-7.335427056418525
2948,pp,0.05,0.0,53,2.9102739071846004,-5.617831769134059,-5.164223983552721
2949,do,0.05,0.0,52,2.7058497011661524,-6.064569481936368,-5.708859660890368
2950,pp,0.05,0.0,26,3.1313213682174688,-5.688631521571766,-4.653946569230821
2951,do,0.05,0.0,70,1.9927195549011234,-6.553491215272383,-7.256323313713073
2952,pp,0.05,0.0,19,2.3270256221294403,-5.22537321321892,-4.304057542483012
2953,do,0.05,0.0,20,1.3392358958721156,-5.078249711701364,-4.759563509623209
2954,pp,0.05,0.0,69,1.7307715427875516,-6.491517488884203,-5.572158678372701
2955,do,0.05,0.0,68,1.5437318933010094,-7.959359444993915,-6.91258913675944
2956,pp,0.05,0.0,49,2.851113817691803,-6.430485098289721,-5.63177748521169
2957,do,0.05,0.0,70,1.4351734113693233,-6.9033005208680125,-6.5147303369310166
2958,pp,0.05,0.0,70,1.0358938598632825,-8.766258083690296,-7.574656597773234
2959,do,0.05,0.0,7,1.1990224671363832,-4.980940995071873,-4.587992299927605
2960,pp,0.05,0.0,69,1.8641361618041987,-7.979788390072909,-7.1448243697484335
2961,do,0.05,0.0,27,2.245842714309692,-5.649475002288819,-4.8591127634048465
2962,pp,0.05,0.0,46,3.5992491686344144,-6.331974130688292,-5.693966918521458
2963,do,0.05,0.0,42,1.4420625853538525,-9.176686000823974,-8.269594555430942
2964,pp,0.05,0.0,70,3.136486424207688,-7.032503510966445,-6.105271742078993
2965,do,0.05,0.0,70,1.627997813224793,-7.9839726765950525,-7.379838842815823
2966,pp,0.05,0.0,70,3.1842052066326136,-6.880914227167765,-6.59053439564175
2967,do,0.05,0.0,70,1.2624510192871092,-6.243309824394458,-6.641748891936408
2968,pp,0.05,0.0,47,3.1317302203178405,-5.78318470174616,-5.500489158100552
2969,do,0.05,0.0,23,1.915468196868897,-4.911766537753018,-4.140040813552009
2970,pp,0.05,0.0,70,1.3104467082023632,-7.668446105899233,-6.469931843545702
2971,do,0.05,0.0,22,0.5780568444728846,-5.71393427993312,-6.068811130523682
2972,pp,0.05,0.0,69,3.0752932226657865,-5.944421099171494,-5.8015660736295915
2973,do,0.05,0.0,18,1.394146873950958,-5.522268988869407,-6.619604269663493
2974,pp,0.05,0.0,32,1.7249893128871925,-5.953299276756518,-5.864384203486972
2975,do,0.05,0.0,29,2.646817572116852,-7.771969877589832,-7.305062648985121
2976,pp,0.05,0.0,37,1.5576000857353218,-9.54062678308198,-7.619448473718431
2977,do,0.05,0.0,18,1.4867781829833984,-5.521152207345674,-5.901976585388184
2978,pp,0.05,0.0,38,2.8287365472316734,-5.948589102427165,-5.513208723068237
2979,do,0.05,0.0,70,0.6454245018959046,-10.213810105757279,-7.928391075134277
2980,pp,0.05,0.0,33,2.138386855125427,-6.674730285008748,-6.561294229825338
2981,do,0.05,0.0,9,0.3456125938892365,-5.242535672043309,-4.877133271429273
2982,pp,0.05,0.0,44,3.191500911712647,-6.335325086478031,-6.041978645324707
2983,do,0.05,0.0,70,0.928670864105225,-8.005011317224213,-7.502425029542711
2984,pp,0.05,0.0,29,2.949439088106155,-6.180188340851755,-4.827925242318047
2985,do,0.05,0.0,27,1.9212558507919306,-7.515465486410893,-7.955197763442993
2986,pp,0.05,0.0,31,2.5621758759021764,-6.6544912150411895,-5.333852280510796
2987,do,0.05,0.0,63,1.6876819205284113,-7.361815040761774,-6.497972551981608
2988,pp,0.05,0.0,32,2.063505170345306,-6.398424769892837,-5.7958429972330725
2989,do,0.05,0.0,32,1.0823975956439975,-6.500459822741422,-6.363832645946079
2990,pp,0.05,0.0,18,0.9211710464954379,-5.303743401440707,-4.759351849555969
2991,do,0.05,0.0,19,1.8648846328258513,-4.811637364011823,-4.729515324698554
2992,pp,0.05,0.0,35,1.643475338220596,-6.532195609988588,-5.626034437285529
2993,do,0.05,0.0,65,2.5658607484047025e-05,-8.509047435991691,-7.81083181169298
2994,pp,0.05,0.0,70,1.6107587158679966,-6.930581389051495,-6.860012949837579
2995,do,0.05,0.0,62,0.6373772001266476,-6.656672509511312,-6.318789762920804
2996,pp,0.05,0.0,65,1.941312301158904,-9.075553781336003,-7.710914680692885
2997,do,0.05,0.0,70,0.045880662202835154,-7.272936312357585,-6.663347223069933
2998,pp,0.05,0.0,70,0.982686475515365,-8.364333990848426,-8.48262333869934
2999,do,0.05,0.0,70,1.4599076080322249,-8.082654132265032,-6.783040054639181
3000,pp,0.05,0.0,14,1.8644344246387483,-5.8182868697426535,-4.882726266649034
3001,do,0.05,0.0,24,2.6568100059032433,-4.6021929625308875,-4.01266429954105
3002,pp,0.05,0.0,50,2.086843729019165,-8.685164590315384,-8.520030334260728
3003,do,0.05,0.0,15,1.416950070858002,-6.256318483930645,-5.927373833126492
3004,pp,0.05,0.0,50,3.48451257944107,-5.968510880614772,-5.448520543840196
3005,do,0.05,0.0,69,2.327208812236786,-7.298332020730683,-7.029337575700548
3006,pp,0.05,0.0,32,2.4329682946205136,-7.433866593332001,-6.718534109327528
3007,do,0.05,0.0,16,0.6321835255622865,-5.997628430164221,-4.734205950631035
3008,pp,0.05,0.0,70,1.3761220276355743,-8.613093103062022,-7.92145898077223
3009,do,0.05,0.0,55,0.4006857454776771,-8.517887632774585,-7.428706243303087
3010,pp,0.05,0.0,25,1.7595989835262298,-6.762406558701486,-5.830013206270006
3011,do,0.05,0.0,70,2.4801730144023892,-6.911894457267993,-5.873291802406311
3012,pp,0.05,0.0,49,1.5935211217403404,-8.401462400320804,-8.679147508409288
3013,do,0.05,0.0,70,2.5109672558307645,-5.895757494550763,-5.359182153807746
3014,pp,0.05,0.0,53,1.2502449703216545,-6.993975815628514,-6.120957970619202
3015,do,0.05,0.0,70,1.685847489833832,-6.145830446301084,-5.3783175812827215
3016,pp,0.05,0.0,66,1.0443692398071285,-7.004372226830685,-6.535018250677321
3017,do,0.05,0.0,70,-0.4426905393600453,-9.572939320766565,-8.370266320970323
3018,pp,0.05,0.0,52,-0.05759769797325198,-8.226809566671198,-7.561102183659871
3019,do,0.05,0.0,61,0.9713429415225985,-6.857351253971909,-6.07320794529385
3020,pp,0.05,0.0,35,2.5833036637306215,-5.2464879874027135,-4.779125022888183
3021,do,0.05,0.0,67,2.4148284387588506,-7.385949605883974,-6.633178779813979
3022,pp,0.05,0.0,67,3.7162820780277244,-6.671507552175811,-6.285720663600498
3023,do,0.05,0.0,70,0.23461608171463055,-8.674637017105566,-8.030128807491726
3024,pp,0.05,0.0,70,3.3973416817188262,-5.932788840207187,-5.6393169747458565
3025,do,0.05,0.0,67,1.1116132569313049,-8.060409125414761,-6.880132728152805
3026,pp,0.05,0.0,24,0.26008998513221737,-6.700398942196008,-5.854163336753845
3027,do,0.05,0.0,70,2.5650748324394232,-6.5343627799641,-5.903367310100132
3028,pp,0.05,0.0,29,1.7280021667480465,-8.094039622220127,-7.222590080897013
3029,do,0.05,0.0,70,2.291644877195359,-7.913107506434122,-7.31483256287045
3030,pp,0.05,0.0,63,3.228782160282135,-7.504704820748532,-5.72081045044793
3031,do,0.05,0.0,65,1.1644523632526393,-6.574885209401448,-6.0346787134806315
3032,pp,0.05,0.0,15,0.3745487105846408,-5.81008174347155,-5.3388329850302805
3033,do,0.05,0.0,20,2.907797768115998,-5.5031073223460805,-4.855583556493124
3034,pp,0.05,0.0,67,2.9618179774284368,-7.497527378255671,-6.818691725201077
3035,do,0.05,0.0,70,-0.041627417802811095,-7.975738730575099,-7.467762761645847
3036,pp,0.05,0.0,70,0.607646024227142,-7.507981113954024,-7.01110716925727
3037,do,0.05,0.0,48,3.040829819440841,-5.442950108557037,-5.153624905480279
3038,pp,0.05,0.0,39,2.5108319211006167,-6.299325675675363,-5.7773066732618545
3039,do,0.05,0.0,65,3.5985251104831697,-6.181254149928238,-5.82401344511244
3040,pp,0.05,0.0,63,1.5539132857322686,-7.407305756482211,-6.502965513865153
3041,do,0.05,0.0,19,2.132898074388504,-6.030779264912461,-4.780722943941752
3042,pp,0.05,0.0,31,2.851957088708878,-4.680022801774921,-3.643320548534393
3043,do,0.05,0.0,60,1.0912188780307766,-6.047818915049235,-5.570987272262573
3044,pp,0.05,0.0,14,1.954288800954818,-4.4501031875610355,-3.9661803166071574
3045,do,0.05,0.0,11,0.9208141672611241,-4.5614463993997285,-4.13056849638621
3046,pp,0.05,0.0,27,1.3155589735507967,-5.830889580466531,-4.913297883669535
3047,do,0.05,0.0,38,2.1782736563682557,-4.247819126736034,-3.9801283333036634
3048,pp,0.05,0.0,38,2.92969651222229,-4.586775515296242,-4.05902570353614
3049,do,0.05,0.0,70,2.2931213581562035,-5.8750942793759435,-5.737506765789456
3050,pp,0.05,0.0,64,1.6106122112274175,-6.5295214999805795,-5.563533163070678
3051,do,0.05,0.0,15,1.0716417360305792,-4.662414087671222,-4.284268089135488
3052,pp,0.05,0.0,14,1.1546868574619298,-4.447653731432828,-3.971514411767324
3053,do,0.05,0.0,32,2.042501703500748,-4.509961917183616,-4.433780980110169
3054,pp,0.05,0.0,32,2.574986755847931,-5.335092923135468,-4.355590760707855
3055,do,0.05,0.0,27,2.1094654107093813,-4.69909847577413,-4.654818153381347
3056,pp,0.05,0.0,46,2.580400941371918,-5.060801990104444,-4.323336137665643
3057,do,0.05,0.0,10,0.8071140980720521,-4.341028438914906,-4.03940143055386
3058,pp,0.05,0.0,15,1.9040618300437924,-5.164314270019531,-4.0507619142532345
3059,do,0.05,0.0,57,1.9601032996177663,-5.626414440617417,-5.446275366677178
3060,pp,0.05,0.0,70,2.898859354257583,-6.1168967926140985,-5.247755837440491
3061,do,0.05,0.0,8,0.6179281139373778,-4.324000933676055,-4.277632424566481
3062,pp,0.05,0.0,22,1.859673590660095,-4.714308993021647,-3.8924629860454134
3063,do,0.05,0.0,39,1.3926462471485133,-5.0924171895691845,-5.187704886330499
3064,pp,0.05,0.0,70,1.5833907282352442,-5.932889493306478,-4.977809553676181
3065,do,0.05,0.0,32,1.3252838551998138,-5.084626696326516,-5.400018934408823
3066,pp,0.05,0.0,70,1.8584492135047919,-5.570382202032841,-4.852721354696485
3067,do,0.05,0.0,70,2.1257087039947518,-7.066962029717185,-6.294890586535136
3068,pp,0.05,0.0,29,3.0257894015312203,-5.32466953161991,-4.825417259004381
3069,do,0.05,0.0,14,0.9195768797397612,-4.995339506322687,-4.758602171474033
3070,pp,0.05,0.0,18,1.121233278512955,-5.288979664715853,-4.434733899434407
3071,do,0.05,0.0,12,0.4110223352909088,-4.631038797262943,-4.390909070438809
3072,pp,0.05,0.0,9,1.550042382478714,-4.1647969448205195,-3.5950323224067686
3073,do,0.05,0.0,70,1.9365765464305866,-5.949051570892334,-5.077325831519233
3074,pp,0.05,0.0,28,2.410117082595825,-5.317607340668187,-4.490371066994137
3075,do,0.05,0.0,33,1.7691500568389893,-5.750962164907745,-5.651549426714579
3076,pp,0.05,0.0,70,1.733553750514985,-6.771152429869681,-5.972064020898607
3077,do,0.05,0.0,38,3.6556730794906622,-4.8217898339936225,-4.444572448730469
3078,pp,0.05,0.0,70,3.906752959489822,-6.997094177477288,-7.2946878804100885
3079,do,0.05,0.0,13,1.6700454747676856,-3.8884514100623853,-3.689540974299113
3080,pp,0.05,0.0,70,1.4847130584716792,-6.465557969700207,-5.977688230408562
3081,do,0.05,0.0,70,1.9505750310420993,-5.9816086667956725,-5.430673699908787
3082,pp,0.05,0.0,23,1.5058367443084721,-5.205796101599029,-4.427211078008016
3083,do,0.05,0.0,15,1.4878571987152105,-4.2747324726798315,-4.184718244605595
3084,pp,0.05,0.0,70,2.0175101244449616,-6.868902664473563,-5.5771363814671835
3085,do,0.05,0.0,8,1.0237563216686247,-4.348154908960516,-3.9649332655800715
3086,pp,0.05,0.0,41,1.3987623679637915,-6.349941090381507,-5.286779774559869
3087,do,0.05,0.0,18,1.5038085138797763,-4.622322706020239,-4.848986777994368
3088,pp,0.05,0.0,19,1.8274296820163727,-4.78817741798632,-4.098099366823832
3089,do,0.05,0.0,18,1.9140619468688964,-4.317993520245407,-4.241553816530439
3090,pp,0.05,0.0,54,2.2362894308567043,-6.686915204019257,-6.249671755896674
3091,do,0.05,0.0,70,3.1528182506561278,-6.415517518014619,-6.147127135594686
3092,pp,0.05,0.0,23,2.774866939783096,-5.69676847746878,-4.317285166846381
3093,do,0.05,0.0,36,2.5855564427375795,-5.456745000319048,-5.791549279954698
3094,pp,0.05,0.0,49,2.050850173234939,-5.5998119310899215,-4.832589133580526
3095,do,0.05,0.0,19,2.0186653840541835,-4.798366467158,-4.520286734898885
3096,pp,0.05,0.0,17,1.6041099798679355,-5.04372235066963,-4.182276716497209
3097,do,0.05,0.0,47,1.7024234890937802,-6.614104330178463,-6.426846604877048
3098,pp,0.05,0.0,52,1.8900849425792687,-5.712704259699041,-5.308849038018121
3099,do,0.05,0.0,68,3.1386113905906683,-6.441727658474084,-5.890760787328085
3100,pp,0.05,0.0,68,2.954223239421844,-6.970648178909764,-6.16946726375156
3101,do,0.05,0.0,66,2.897458078861237,-5.397983683961811,-5.046394774648879
3102,pp,0.05,0.0,70,2.8564582622051233,-6.555515506050804,-6.141824576589796
3103,do,0.05,0.0,8,1.3023122262954718,-4.309914498618155,-4.576578741603427
3104,pp,0.05,0.0,13,1.9266266155242926,-5.111219303535693,-4.47530546453264
3105,do,0.05,0.0,70,1.7715734255313862,-7.9357411745822795,-6.72094198067983
3106,pp,0.05,0.0,22,3.6855292749404907,-5.910909285689845,-4.6757066302829315
3107,do,0.05,0.0,70,1.4329186010360724,-7.247811568867077,-6.839435577392578
3108,pp,0.05,0.0,70,1.6422190797328957,-7.2736832792108705,-6.333978790707058
3109,do,0.05,0.0,12,1.727349495887756,-4.172709587848548,-3.906512106789483
3110,pp,0.05,0.0,43,2.3717120337486275,-7.982942446795377,-6.632990368207296
3111,do,0.05,0.0,33,1.7872125053405759,-5.524115285006436,-5.704547535048591
3112,pp,0.05,0.0,18,1.965815997123718,-4.757509451201468,-4.284711310598586
3113,do,0.05,0.0,17,1.8268090927600866,-4.3711341532793915,-4.551773818333944
3114,pp,0.05,0.0,70,2.3696092796325674,-7.218353249809959,-6.528652199109396
3115,do,0.05,0.0,70,1.5306863784790048,-7.090307136015459,-6.784582805633545
3116,pp,0.05,0.0,27,2.337751162052154,-5.04042601440892,-4.410542956988016
3117,do,0.05,0.0,58,2.7091339910030365,-5.5563617330608945,-5.98317813873291
3118,pp,0.05,0.0,19,1.942845607995987,-5.4183542164889245,-4.9959743632210625
3119,do,0.05,0.0,22,2.446057804822922,-4.462516234137795,-4.384859246677823
3120,pp,0.05,0.0,22,3.4478747606277462,-4.592906100822217,-4.133707898192935
3121,do,0.05,0.0,13,1.6571729850769046,-4.525026484691735,-4.416691997316149
3122,pp,0.05,0.0,21,2.8075326561927803,-4.5856987895387595,-4.032221929232279
3123,do,0.05,0.0,70,2.780416507720947,-5.883895956386219,-5.644729124175178
3124,pp,0.05,0.0,28,2.8231560552120207,-4.643908192894676,-3.9984383636050755
3125,do,0.05,0.0,27,1.0200114417076103,-5.90876970724626,-5.865447448359595
3126,pp,0.05,0.0,44,2.2678621923923483,-6.354212622209029,-6.117177965905931
3127,do,0.05,0.0,39,2.226979684829713,-5.234856541951498,-5.5459316756990225
3128,pp,0.05,0.0,45,2.6726293838024135,-5.971619585788611,-5.1301113287607825
3129,do,0.05,0.0,70,1.962079024314881,-6.0552576903140904,-5.762386083602905
3130,pp,0.05,0.0,36,2.6529125082492833,-5.811557758215702,-5.012186527252197
3131,do,0.05,0.0,55,2.7024146497249593,-5.967508385398171,-6.429819628927443
3132,pp,0.05,0.0,44,2.6581334662437444,-5.026330119913275,-4.4773187160491945
3133,do,0.05,0.0,70,1.9993457579612732,-5.611340632583156,-6.496642854478624
3134,pp,0.05,0.0,35,2.2565439522266395,-5.056154888326471,-5.007258148988088
3135,do,0.05,0.0,28,1.8421687805652613,-5.027000474929809,-4.9086264345381
3136,pp,0.05,0.0,31,2.6272154879570007,-5.143607883742361,-4.758260835541619
3137,do,0.05,0.0,70,2.6528416097164147,-6.891935628833193,-5.740519354078505
3138,pp,0.05,0.0,30,3.271216897964477,-5.63108610384392,-4.804307243559095
3139,do,0.05,0.0,54,3.4406035184860233,-6.699154953523116,-5.757976444562276
3140,pp,0.05,0.0,48,2.7635076987743377,-6.95296620166663,-5.466487378544278
3141,do,0.05,0.0,52,3.161931648254395,-5.317930029377793,-4.682433885998196
3142,pp,0.05,0.0,35,2.295383365154267,-5.466980350378788,-5.150969726509518
3143,do,0.05,0.0,56,2.1077392089366915,-7.290315625161836,-6.654053921169705
3144,pp,0.05,0.0,20,2.16607492685318,-5.496966447252216,-4.163576443990071
3145,do,0.05,0.0,53,2.871163265705108,-6.052292302160552,-4.993799474504259
3146,pp,0.05,0.0,17,2.20838133096695,-4.590369825652151,-3.984788959556156
3147,do,0.05,0.0,20,2.151121940612793,-4.906094454274033,-4.398770501878526
3148,pp,0.05,0.0,23,2.0144493424892422,-4.570190996112245,-3.9125194191932677
3149,do,0.05,0.0,70,1.9672261416912074,-6.3784592527331725,-5.391265922122532
3150,pp,0.05,0.0,19,1.8263281977176664,-4.282272776690396,-3.795804372098711
3151,do,0.05,0.0,61,2.3913128387928015,-6.013025371956103,-5.0716077327728275
3152,pp,0.05,0.0,32,1.7429862201213844,-5.979020141832756,-5.266436619228787
3153,do,0.05,0.0,10,1.6255786752700807,-5.139861923275572,-4.422173163625929
3154,pp,0.05,0.0,11,1.6323339796066278,-4.521610047600486,-3.982149577140808
3155,do,0.05,0.0,70,1.0884952688217169,-7.956597807913115,-6.930929835637411
3156,pp,0.05,0.0,19,1.3983880519866947,-5.294717701998624,-4.1649550702836775
3157,do,0.05,0.0,41,2.115309619903564,-5.658036658258149,-5.152581553988987
3158,pp,0.05,0.0,30,3.0955155980587,-4.877087909525091,-4.0988990267117815
3159,do,0.05,0.0,15,2.092601592540741,-4.981317514361757,-4.5331567843755085
3160,pp,0.05,0.0,10,1.5362604439258574,-4.4490031690308545,-3.7927328361405266
3161,do,0.05,0.0,17,2.5247149336338044,-5.09760486573884,-4.98816520637936
3162,pp,0.05,0.0,20,2.2909000980854044,-6.206373584631717,-5.07575229273902
3163,do,0.05,0.0,70,2.2814474034309393,-7.09359587467078,-6.5341170416937935
3164,pp,0.05,0.0,18,2.073427020311355,-4.864850961800777,-3.917966005537245
3165,do,0.05,0.0,19,2.5391059446334827,-5.937678835608742,-6.270973457230462
3166,pp,0.05,0.0,28,3.1558879292011257,-4.575803607882875,-3.8203056931495665
3167,do,0.05,0.0,13,2.5003089559078218,-4.772486017689561,-4.685640962918599
3168,pp,0.05,0.0,29,2.5063336193561545,-5.161296226039077,-4.283862596087985
3169,do,0.05,0.0,26,2.2474898064136513,-5.282818765351267,-4.790397689077589
3170,pp,0.05,0.0,16,1.5908860218524934,-4.773642412821451,-4.158801171514723
3171,do,0.05,0.0,34,2.710611709356308,-5.134155594218861,-4.5778159379959105
3172,pp,0.05,0.0,57,1.7414395248889916,-6.556293234680638,-5.424811911582947
3173,do,0.05,0.0,48,2.157067217826844,-7.828198625102187,-6.57202213605245
3174,pp,0.05,0.0,70,1.9500998806953422,-6.357166476683183,-5.55430298116472
3175,do,0.05,0.0,69,2.993633016347885,-6.516191505663323,-5.608126706547207
3176,pp,0.05,0.0,70,2.734937074184418,-7.410105281887632,-5.931871128082276
3177,do,0.05,0.0,35,2.109199976921081,-6.167722395694617,-5.369542932510376
3178,pp,0.05,0.0,16,1.379232728481293,-5.7569466431935625,-4.7730006350411305
3179,do,0.05,0.0,50,2.0982385194301614,-5.766879360603563,-4.995822479989793
3180,pp,0.05,0.0,52,1.3032808768749238,-6.991744681560632,-5.619255868593852
3181,do,0.05,0.0,14,2.0976572155952455,-5.239115337892012,-4.946890367401971
3182,pp,0.05,0.0,14,0.6689268088340761,-5.521811720819184,-4.84251856274075
3183,do,0.05,0.0,19,1.842461372613907,-5.2533309358539,-4.667031184832255
3184,pp,0.05,0.0,25,0.4961926460266115,-6.466047995018236,-5.387275330225626
3185,do,0.05,0.0,29,2.5949407517910004,-5.879569513147527,-5.079008393817478
3186,pp,0.05,0.0,62,3.0046848273277282,-6.9103002851659605,-5.750246034728156
3187,do,0.05,0.0,67,2.491139724254608,-6.622237532066577,-5.6921961492962305
3188,pp,0.05,0.0,70,1.9056828546524036,-6.38460124911684,-5.3431349436442055
3189,do,0.05,0.0,25,2.626364811658859,-5.611229650902025,-5.3371195051405165
3190,pp,0.05,0.0,22,2.6131754302978516,-5.558303179885402,-4.940055139859518
3191,do,0.05,0.0,28,3.769719551801681,-5.677999564373132,-5.46577574941847
3192,pp,0.05,0.0,70,3.943173751831055,-6.092928344553167,-5.790290273560418
3193,do,0.05,0.0,48,2.670957971811294,-6.576737114877412,-5.926855407820808
3194,pp,0.05,0.0,39,2.957562401294709,-6.2285296035535405,-5.587260140313043
3195,do,0.05,0.0,70,2.710988390445709,-6.175412864396066,-5.467894832293193
3196,pp,0.05,0.0,43,1.7683579909801495,-6.53393674474774,-5.542342498567369
3197,do,0.05,0.0,13,1.625971784591675,-5.0153683257825445,-4.50136091709137
3198,pp,0.05,0.0,27,2.6747994363307956,-4.971318152456573,-4.078833116425408
3199,do,0.05,0.0,33,3.2157021284103386,-5.649483046387181,-5.204978224966261
3200,pp,0.05,0.0,42,2.72313127398491,-8.784526881304654,-7.103883883688185
3201,do,0.05,0.0,42,2.1800460267066946,-8.16714173374754,-6.893006626764933
3202,pp,0.05,0.0,70,2.6452452039718617,-7.274983921918002,-5.753739372889201
3203,do,0.05,0.0,25,2.5253254532814022,-5.756335046074607,-5.249075415399339
3204,pp,0.05,0.0,25,2.291078383922577,-5.1175593520655775,-4.466511856185066
3205,do,0.05,0.0,70,2.197156089544296,-6.975828071074052,-6.145157183541192
3206,pp,0.05,0.0,9,0.9567729222774499,-5.177266586188114,-4.513773022757636
3207,do,0.05,0.0,51,2.1739991688728333,-7.315670478705204,-6.322875743442111
3208,pp,0.05,0.0,69,3.48966643691063,-6.427251048521562,-5.635449306170146
3209,do,0.05,0.0,70,1.2886462092399604,-7.51042188875603,-6.438468053605821
3210,pp,0.05,0.0,57,2.0493289995193473,-7.597464743527499,-5.901122686598036
3211,do,0.05,0.0,70,1.1244857335090632,-8.375060671026057,-6.880881182352701
3212,pp,0.05,0.0,57,2.234094866514205,-7.244367089416041,-5.834751523865593
3213,do,0.05,0.0,30,2.3511727309226993,-6.204457238226226,-5.605625584390428
3214,pp,0.05,0.0,56,3.3336272060871117,-6.028821312297474,-5.394557131661309
3215,do,0.05,0.0,10,0.9442799782752989,-5.700096455487338,-5.032106783654955
3216,pp,0.05,0.0,70,1.9039526224136356,-7.322840534556995,-6.094602598084344
3217,do,0.05,0.0,44,2.8321525442600244,-6.320836213140777,-5.795939948823717
3218,pp,0.05,0.0,24,2.5290672767162317,-5.637221285791108,-4.744738480779859
3219,do,0.05,0.0,70,1.830042300224303,-7.427115269863244,-6.46818634139167
3220,pp,0.05,0.0,40,2.289461591243744,-4.896311983917698,-4.5802550713221235
3221,do,0.05,0.0,41,2.7799942266941073,-5.732893979910648,-5.174376421504551
3222,pp,0.05,0.0,24,2.437717730998993,-5.080428983225967,-4.350325626797146
3223,do,0.05,0.0,43,1.9571416270732875,-6.900942150751749,-5.937845057911343
3224,pp,0.05,0.0,57,2.549030923843384,-6.997573008681789,-6.494718527793884
3225,do,0.05,0.0,48,2.934807752370835,-5.691328424395937,-5.190078579054939
3226,pp,0.05,0.0,21,2.691846865415573,-4.638150702100812,-3.9844083653555975
3227,do,0.05,0.0,70,2.4653034436702725,-6.498364065632676,-5.546193120214674
3228,pp,0.05,0.0,44,2.6361756730079655,-5.692225109447133,-5.134458923339844
3229,do,0.05,0.0,24,3.359160917997361,-5.256640383691499,-4.727104438675775
3230,pp,0.05,0.0,48,3.601007460355759,-6.0926145105650935,-5.157225275039673
3231,do,0.05,0.0,44,1.5450361251831053,-6.776859825307673,-6.092110151714749
3232,pp,0.05,0.0,40,2.73535406112671,-5.147704787687822,-4.548257687356737
3233,do,0.05,0.0,39,2.258089058399201,-6.542995517904108,-5.81938452190823
3234,pp,0.05,0.0,23,3.6991044104099267,-6.420588685526992,-5.272113747066921
3235,do,0.05,0.0,5,0.9985752773284915,-5.011845243338382,-4.4493504736158584
3236,pp,0.05,0.0,66,3.2207778465747836,-10.016916053945367,-9.133513930108812
3237,do,0.05,0.0,70,3.214706943035125,-7.578956989808516,-6.744451689720154
3238,pp,0.05,0.0,20,1.2604767692089078,-5.712091534065478,-4.705224847793579
3239,do,0.05,0.0,63,1.4636926984786989,-9.295558805176706,-8.934580410851373
3240,pp,0.05,0.0,70,1.5967244529724125,-6.65725157477639,-5.529410778151618
3241,do,0.05,0.0,26,3.8720271348953235,-7.549400881564979,-8.300939305623372
3242,pp,0.05,0.0,30,4.0396049845218664,-6.058140017769554,-5.153692783249749
3243,do,0.05,0.0,70,2.2975557458400733,-8.682439330129913,-7.698485930760701
3244,pp,0.05,0.0,55,3.1975844967365266,-5.2388132861166286,-4.910438548194038
3245,do,0.05,0.0,17,2.1591624879837044,-5.807618174408422,-5.216769833034939
3246,pp,0.05,0.0,25,2.6601917612552635,-5.725603087743123,-4.530311886469523
3247,do,0.05,0.0,12,1.2805123138427739,-5.206013548012936,-4.812746953964234
3248,pp,0.05,0.0,54,2.373079941272735,-9.426381413141886,-7.846522037188212
3249,do,0.05,0.0,45,0.8289998686313638,-9.253556627215762,-8.113049311108059
3250,pp,0.05,0.0,35,2.3797829115390785,-6.232188773877693,-5.034616271654765
3251,do,0.05,0.0,26,2.2554080212116236,-6.666375284483938,-6.459083734618293
3252,pp,0.05,0.0,48,1.8444451045989982,-5.012503579168609,-4.710489539305369
3253,do,0.05,0.0,10,0.9581201589107513,-5.222512146920868,-4.6796173572540285
3254,pp,0.05,0.0,70,1.8386361932754518,-9.41570686860518,-8.597425209151375
3255,do,0.05,0.0,54,1.3808743739128104,-7.665354522069295,-6.963140461179945
3256,pp,0.05,0.0,31,2.980488533973694,-5.552687920946063,-4.8820769204033745
3257,do,0.05,0.0,10,1.6537010109424584,-5.5177986881949685,-4.922834097014533
3258,pp,0.05,0.0,70,2.634605512619018,-7.83923209363764,-8.175406742095948
3259,do,0.05,0.0,70,1.9098597574234004,-8.197253894805907,-7.472188742955526
3260,pp,0.05,0.0,63,3.3228860759735106,-7.199517803481131,-5.780412001079983
3261,do,0.05,0.0,8,0.46938363671302774,-5.242756476546779,-4.840816028912863
3262,pp,0.05,0.0,70,2.5622990369796756,-6.783573410727761,-6.36847021844652
3263,do,0.05,0.0,16,0.8920928871631615,-5.105775078860196,-5.539364658461677
3264,pp,0.05,0.0,20,1.7032265937328344,-4.2436126535589045,-3.7796483993530274
3265,do,0.05,0.0,70,2.0543049299716944,-8.913414564999668,-8.51292032400767
3266,pp,0.05,0.0,25,2.4084597122669225,-5.01760920900287,-4.1973495615853205
3267,do,0.05,0.0,70,3.2974981117248534,-7.556974139358058,-7.582136559486389
3268,pp,0.05,0.0,14,1.4673995697498325,-5.467764442617243,-4.892838748296102
3269,do,0.05,0.0,48,2.8557265770435336,-7.727311478239117,-6.525272083282471
3270,pp,0.05,0.0,51,2.48116489648819,-6.296756686586322,-5.409183322058784
3271,do,0.05,0.0,68,2.533775182962418,-6.8914747469352955,-7.334594588809543
3272,pp,0.05,0.0,61,3.0051772964000714,-5.929125654336178,-5.259752498732673
3273,do,0.05,0.0,42,2.5599429547786707,-6.249954398473104,-7.229200037320455
3274,pp,0.05,0.0,34,2.587219753265381,-5.286431114601366,-4.487424490186903
3275,do,0.05,0.0,7,1.1979369270801552,-5.078360973704945,-4.5297207461463085
3276,pp,0.05,0.0,30,2.737580411434174,-5.703545275601473,-5.0515997913148665
3277,do,0.05,0.0,63,2.287642982006073,-8.312545844280358,-8.482731533050536
3278,pp,0.05,0.0,40,2.1946257114410397,-5.898145336093324,-5.318414735794067
3279,do,0.05,0.0,70,0.6980720806121834,-8.530601791902022,-9.465506468878852
3280,pp,0.05,0.0,33,1.7265997707843779,-5.819635249629165,-5.251806375715468
3281,do,0.05,0.0,70,3.214294505119325,-7.019643662192605,-6.623343663745456
3282,pp,0.05,0.0,48,3.576532130241395,-5.211569725383412,-4.75391067398919
3283,do,0.05,0.0,24,1.9793317306041711,-5.8458819562738595,-6.085458914438884
3284,pp,0.05,0.0,41,2.3667860972881316,-5.777073790810325,-5.171820595529344
3285,do,0.05,0.0,55,1.3225090515613562,-8.511459276892921,-7.202596426010132
3286,pp,0.05,0.0,22,2.2860950815677645,-5.698836062171242,-5.164183595445421
3287,do,0.05,0.0,16,1.3392576014995576,-5.8205171642881455,-5.403138966030545
3288,pp,0.05,0.0,40,2.6361476671695705,-5.9480731284979615,-5.2838892247941756
3289,do,0.05,0.0,69,2.752340990304946,-7.587022388342655,-6.795047108332316
3290,pp,0.05,0.0,38,2.7587071204185474,-7.669554667039351,-7.120581555366516
3291,do,0.05,0.0,62,3.1084275555610654,-6.287551657358805,-6.347657261954414
3292,pp,0.05,0.0,38,3.6053103065490717,-6.341372621420658,-5.197871255874634
3293,do,0.05,0.0,24,1.8727135825157157,-7.609223505944916,-6.412955265574985
3294,pp,0.05,0.0,56,4.2715594816207885,-6.141010648554022,-5.950428477923075
3295,do,0.05,0.0,60,2.8108185434341433,-7.092511220411821,-6.599031156963772
3296,pp,0.05,0.0,66,2.757332807779312,-6.168227241978501,-5.595254479514228
3297,do,0.05,0.0,66,1.4374742937088012,-8.29748958529848,-7.40732561217414
3298,pp,0.05,0.0,58,2.617165586948394,-8.093201265913068,-7.600631644990709
3299,do,0.05,0.0,70,1.1525926780700697,-9.920625605727688,-9.75922384262085
3300,pp,0.05,0.0,45,3.6458666038513172,-6.480810100382024,-5.726968105634054
3301,do,0.05,0.0,70,0.9505722594261172,-9.840383857669252,-9.317318153381347
3302,pp,0.05,0.0,62,2.4943979692459104,-7.94258713722229,-7.826411559846666
3303,do,0.05,0.0,70,0.7660178685188281,-8.453228103753291,-7.401898368199666
3304,pp,0.05,0.0,69,1.1558433866500852,-9.230077970389164,-7.930923382441203
3305,do,0.05,0.0,59,2.3088871741294854,-7.788039779663086,-7.17117764684889
3306,pp,0.05,0.0,21,3.5326156222820275,-6.6949526281067815,-5.798686448733012
3307,do,0.05,0.0,70,2.1172503566741936,-7.63561684290568,-7.288325929641724
3308,pp,0.05,0.0,28,2.8763785266876223,-7.691933990247322,-6.545600366592407
3309,do,0.05,0.0,63,2.0406420028209684,-6.694096374511719,-6.095948288175795
3310,pp,0.05,0.0,70,1.1367931723594662,-7.413136480793808,-6.651090982225206
3311,do,0.05,0.0,70,1.206528384685516,-8.191394833362464,-8.53314913643731
3312,pp,0.05,0.0,61,2.3542885434627534,-6.763269155675714,-6.2935605314042835
3313,do,0.05,0.0,19,1.853734165430068,-7.635835082603223,-7.845664612452189
3314,pp,0.05,0.0,28,3.0130181312561035,-5.246297381140969,-4.776644651095072
3315,do,0.05,0.0,10,1.0620167684555053,-5.3152264060396135,-5.008544471528795
3316,pp,0.05,0.0,22,2.672285016775131,-4.98063818324696,-4.654635151227315
3317,do,0.05,0.0,38,1.5910144674777982,-9.708036869222468,-9.299681732389661
3318,pp,0.05,0.0,70,2.3984256792068486,-6.047678922884392,-6.466439853774177
3319,do,0.05,0.0,13,1.2140889799594872,-5.730758704561175,-5.2700561179055105
3320,pp,0.05,0.0,25,2.6913378858566297,-5.110587958133582,-4.556889692942302
3321,do,0.05,0.0,31,2.2766329956054685,-6.867617633125999,-6.873597113291423
3322,pp,0.05,0.0,63,3.8750268912315375,-6.161069078156443,-5.831879088613722
3323,do,0.05,0.0,22,2.5726246356964113,-5.0548319412000255,-4.859090630213419
3324,pp,0.05,0.0,39,3.4619585394859307,-5.38482567613775,-4.909185947312249
3325,do,0.05,0.0,36,2.1057701504230497,-6.96229000380545,-6.604317696889241
3326,pp,0.05,0.0,30,2.378185551166534,-4.848052721312552,-4.174165603849623
3327,do,0.05,0.0,19,1.8724770438671117,-5.288693124597723,-5.51983675426907
3328,pp,0.05,0.0,35,2.5432207918167116,-5.963693035010135,-5.485088194741143
3329,do,0.05,0.0,15,0.10827794075012154,-5.857580184936523,-5.6671522829267715
3330,pp,0.05,0.0,38,2.8567856681346884,-4.772324421911529,-3.9220181889004175
3331,do,0.05,0.0,36,2.152783457040787,-5.469443582765984,-4.748098826408386
3332,pp,0.05,0.0,60,2.406042642593384,-6.190353496146924,-5.376182725694444
3333,do,0.05,0.0,70,-0.4508110404014598,-8.435725258335923,-7.821775076124403
3334,pp,0.05,0.0,35,2.791107791662217,-4.933903369036588,-4.1530226071675616
3335,do,0.05,0.0,68,3.151403546333313,-6.375758889227202,-5.549957418441773
3336,pp,0.05,0.0,23,2.776555222272873,-5.181780424985019,-4.009777524736193
3337,do,0.05,0.0,70,0.039197635650634055,-8.733959929148357,-7.605861017439101
3338,pp,0.05,0.0,65,1.6352753615379338,-7.449681776220149,-6.317925993601481
3339,do,0.05,0.0,9,0.9801961684226992,-5.026755165331291,-4.463482774628533
3340,pp,0.05,0.0,23,1.8395961856842042,-6.835603026187781,-5.665557217597962
3341,do,0.05,0.0,31,0.07404093503952058,-6.832274491859205,-5.955036433537801
3342,pp,0.05,0.0,26,3.4396954941749573,-5.0354115197152804,-4.244630547364553
3343,do,0.05,0.0,70,2.375975476503373,-5.9355996709881405,-5.589335017734104
3344,pp,0.05,0.0,70,2.939590139389039,-5.522046125296391,-5.039422228601244
3345,do,0.05,0.0,67,1.9023268961906439,-7.636096519412416,-6.619575476646423
3346,pp,0.05,0.0,38,2.543714727163314,-7.102725075230454,-5.76698174211714
3347,do,0.05,0.0,70,0.6149584591388706,-5.852753841515743,-5.371379489368863
3348,pp,0.05,0.0,24,2.7046471011638644,-5.0299641955982555,-3.9815806256400212
3349,do,0.05,0.0,70,1.6630751526355745,-5.9762794350132795,-5.840173851119148
3350,pp,0.05,0.0,32,2.8931702601909635,-5.1675170522747615,-4.366609213087294
3351,do,0.05,0.0,70,2.0427938222885125,-6.782430387265754,-6.095785442988078
3352,pp,0.05,0.0,56,2.2015200579166416,-6.7967048558321865,-5.61103532049391
3353,do,0.05,0.0,70,-1.4249174928665163,-9.197643126863422,-9.679045746061536
3354,pp,0.05,0.0,21,1.7821639585495,-4.46939435005188,-3.6602553923924765
3355,do,0.05,0.0,70,0.30147928357124343,-7.195435051484542,-6.596759700775147
3356,pp,0.05,0.0,47,4.56197233080864,-4.560801974209872,-4.033619731002384
3357,do,0.05,0.0,55,1.3922518038749692,-7.162865789008863,-6.408955181969537
3358,pp,0.05,0.0,30,3.077128740549088,-4.972184723073786,-4.368922281265259
3359,do,0.05,0.0,34,2.6047977519035337,-4.628971939375906,-4.249892503685421
3360,pp,0.05,0.0,70,2.4911391699314125,-6.765638948209358,-5.264502215385437
3361,do,0.05,0.0,70,0.30105347633361745,-6.432224559783935,-5.799357782469856
3362,pp,0.05,0.0,24,2.6528156101703635,-5.008082024256388,-4.1029630422592165
3363,do,0.05,0.0,55,1.953607409000397,-6.425902256821141,-5.818499766455757
3364,pp,0.05,0.0,66,2.0868493151664724,-6.775048689408735,-6.5704736312230425
3365,do,0.05,0.0,70,0.7135164499282833,-8.301842805111047,-7.644929960038927
3366,pp,0.05,0.0,12,2.5273604011535644,-4.681107929981116,-4.0436059527926975
3367,do,0.05,0.0,70,0.6433769321441645,-7.600462787801569,-7.094625208112928
3368,pp,0.05,0.0,28,3.064485552310943,-5.579711951631488,-4.561704378657871
3369,do,0.05,0.0,19,2.2186978149414074,-5.978159151655255,-5.051896921793619
3370,pp,0.05,0.0,14,2.237026101350784,-4.384019808335737,-3.7484220133887396
3371,do,0.05,0.0,20,0.5217877519130703,-6.796417633692424,-6.388369380103217
3372,pp,0.05,0.0,43,3.041909297704697,-5.989493271798798,-5.389489865303039
3373,do,0.05,0.0,55,0.4916501855850228,-8.12021187579993,-7.308577500449287
3374,pp,0.05,0.0,18,2.093533965349198,-5.188466850916544,-4.382930926481882
3375,do,0.05,0.0,26,0.24370925188064607,-6.8669998602433635,-7.184214851591322
3376,pp,0.05,0.0,42,2.859226899147033,-6.42749595786586,-5.627355024549696
3377,do,0.05,0.0,61,1.938267196416855,-6.100170450499563,-6.190120747354295
3378,pp,0.05,0.0,70,1.780123562812805,-6.243899118539058,-5.672354759110345
3379,do,0.05,0.0,29,-0.836341437101364,-6.978574056336374,-7.386183251274956
3380,pp,0.05,0.0,20,2.8961922192573546,-4.687084926258434,-4.073630648189121
3381,do,0.05,0.0,70,0.48372202157974176,-7.786577814275568,-6.7998985608418785
3382,pp,0.05,0.0,26,3.176111297607423,-5.8294507070021195,-5.029019318686592
3383,do,0.05,0.0,70,2.4299991607666023,-7.577384742101033,-7.306152200698852
3384,pp,0.05,0.0,70,2.176589567661286,-7.391948767864343,-6.279507785373264
3385,do,0.05,0.0,70,-0.3305042839050305,-8.428923340999718,-7.678261195288764
3386,pp,0.05,0.0,49,2.8887060248851784,-6.097087826873317,-4.576124215126038
3387,do,0.05,0.0,53,1.681027581691743,-7.169260212869355,-7.3994666073057385
3388,pp,0.05,0.0,50,2.4472389936447145,-6.842856092164011,-5.959072155422635
3389,do,0.05,0.0,59,1.5042716610431661,-7.813645751548536,-7.9976201110415985
3390,pp,0.05,0.0,18,1.1906611049175257,-5.719716085087169,-4.884114387300279
3391,do,0.05,0.0,64,4.37031347990036,-7.131445176673658,-6.205812962849935
3392,pp,0.05,0.0,33,3.640017915964126,-6.538150280172174,-5.56354849073622
3393,do,0.05,0.0,70,1.6534378433227541,-6.924537762728605,-6.44963309235043
3394,pp,0.05,0.0,54,2.3483380126953124,-6.650820385326039,-5.806696409649319
3395,do,0.05,0.0,70,3.077235243320464,-6.254645664041693,-5.622480736838447
3396,pp,0.05,0.0,31,1.8858614385128014,-5.436287408886534,-4.43124844763014
3397,do,0.05,0.0,60,1.4701718449592587,-7.637601265762791,-5.812133661905924
3398,pp,0.05,0.0,41,3.4759653162956248,-6.466732816985159,-5.5486641195085316
3399,do,0.05,0.0,69,-0.9257146263122547,-10.087590879382509,-12.252569887373182
3400,pp,0.05,0.0,16,2.2248890912532806,-4.599401232690522,-4.006040377087063
3401,do,0.05,0.0,34,1.6150491344928737,-7.109490086815574,-7.563837570614285
3402,pp,0.05,0.0,70,1.3081253743171697,-6.935889813394257,-5.999348889456855
3403,do,0.05,0.0,26,-0.45955788135528497,-6.849096474503026,-6.200835371017456
3404,pp,0.05,0.0,34,3.57553083896637,-5.288738818602129,-4.6499792920218574
3405,do,0.05,0.0,41,2.6006118226051322,-6.62751247955091,-5.804692239231533
3406,pp,0.05,0.0,25,1.8976779603958125,-5.486175209103209,-4.480633407168918
3407,do,0.05,0.0,70,0.9612487959861742,-7.907852704597242,-6.963114865620931
3408,pp,0.05,0.0,17,1.2143402838706967,-5.951294448158958,-5.32850661277771
3409,do,0.05,0.0,25,1.0062013304233552,-6.557273383574052,-5.867322577370538
3410,pp,0.05,0.0,20,2.6145558965206153,-5.385774846510453,-4.521821864446005
3411,do,0.05,0.0,48,-1.026660721302033,-9.225504372336648,-8.7515525870853
3412,pp,0.05,0.0,43,2.4179707515239723,-6.285720319458933,-5.106069035000271
3413,do,0.05,0.0,45,1.8339396369457255,-5.791483421036691,-5.710532964600457
3414,pp,0.05,0.0,53,3.118621900081635,-5.880108922900575,-5.393346609009637
3415,do,0.05,0.0,61,-0.39183146476745456,-8.467828266548388,-7.855361249711779
3416,pp,0.05,0.0,24,2.9716782438755027,-5.627916740648674,-4.5265330870946245
3417,do,0.05,0.0,11,1.307290689945221,-5.727303124919082,-5.766769072744581
3418,pp,0.05,0.0,70,4.007961390018463,-7.463746809236931,-6.172713176409403
3419,do,0.05,0.0,70,2.8299735772609713,-7.3559665044148765,-6.99779048230913
3420,pp,0.05,0.0,24,2.694794491529464,-5.625984941829334,-4.390422643555535
3421,do,0.05,0.0,70,1.058927524089814,-8.138199481097134,-7.0223406420813665
3422,pp,0.05,0.0,29,2.869667739868164,-6.188492766293613,-5.499780758221944
3423,do,0.05,0.0,70,1.1893869411945346,-7.880796100154067,-6.751719586054484
3424,pp,0.05,0.0,45,1.1139349710941318,-7.212847643187552,-5.751980317963494
3425,do,0.05,0.0,70,0.4974155414104455,-8.50553548119285,-8.276708012157016
3426,pp,0.05,0.0,69,3.4244932901859286,-5.6904547749143655,-5.337278306484222
3427,do,0.05,0.0,27,2.9534719431400296,-5.776597693472198,-5.235490836037529
3428,pp,0.05,0.0,13,1.8537681937217707,-4.9597685293717815,-4.240746360354954
3429,do,0.05,0.0,49,1.2344738698005688,-7.1811322544560285,-6.771474313735962
3430,pp,0.05,0.0,15,1.3997139537334444,-4.811278776689009,-3.909771302011278
3431,do,0.05,0.0,70,1.3341840076446534,-7.230544174078739,-6.738069860140483
3432,pp,0.05,0.0,59,2.2230232286453244,-5.376041337215539,-4.955327720112271
3433,do,0.05,0.0,70,1.9201967334747323,-7.976862005753951,-7.166487757364909
3434,pp,0.05,0.0,38,2.8280681741237634,-5.106750666011464,-4.803342676162719
3435,do,0.05,0.0,70,1.8641037321090703,-7.003013015515877,-6.247238341967265
3436,pp,0.05,0.0,70,2.4486217820644374,-6.597923105413264,-5.797791589630974
3437,do,0.05,0.0,70,2.875005711317062,-6.731987723437222,-6.472361720932854
3438,pp,0.05,0.0,64,3.5739829814434048,-5.490744793053829,-4.971135634846157
3439,do,0.05,0.0,14,-0.6350734233856201,-6.155380929600109,-5.786565028296577
3440,pp,0.05,0.0,37,1.9514396083354955,-5.311840336250536,-4.765378202332391
3441,do,0.05,0.0,70,0.9447684097290043,-6.7439546440586895,-6.091671265496148
3442,pp,0.05,0.0,18,1.4176976990699774,-4.780696815432925,-4.296667803658379
3443,do,0.05,0.0,70,1.356634222269058,-6.023335685151996,-5.287337454160054
3444,pp,0.05,0.0,52,3.2203599643707266,-5.563671039812492,-4.664766417609321
3445,do,0.05,0.0,36,2.350761971473693,-5.757201534329039,-5.480787873268127
3446,pp,0.05,0.0,37,2.838552368879318,-6.631053291667591,-5.610477813084921
3447,do,0.05,0.0,44,2.6333942151069634,-5.635318995967056,-5.415934062004089
3448,pp,0.05,0.0,70,1.3572790014743807,-7.7192179564273715,-6.723138433032566
3449,do,0.05,0.0,14,1.419853032827378,-4.7068049755963415,-4.555598035123613
3450,pp,0.05,0.0,24,2.0892253983020783,-4.669268642772328,-4.086482131481171
3451,do,0.05,0.0,70,1.8081283926963803,-8.99775229511839,-7.1115917629665795
3452,pp,0.05,0.0,70,4.422800137996673,-7.043859737569636,-6.305239929093255
3453,do,0.05,0.0,34,1.7137933945655828,-5.026294818068996,-4.733637921015421
3454,pp,0.05,0.0,18,1.7827867329120641,-4.980975188631,-4.235023392571343
3455,do,0.05,0.0,19,2.120410249233246,-3.85445804234707,-3.661926629808214
3456,pp,0.05,0.0,40,1.38141406416893,-5.89530118450974,-5.227464681201511
3457,do,0.05,0.0,25,1.6000116360187535,-6.102776388688521,-5.169563452402751
3458,pp,0.05,0.0,68,0.6699214792251595,-8.114264797441887,-7.181836001078287
3459,do,0.05,0.0,64,1.4283857941627511,-6.628955043445934,-5.84675932460361
3460,pp,0.05,0.0,22,1.471703988313675,-4.895647226680409,-4.25303139951494
3461,do,0.05,0.0,46,2.795492866039276,-5.64243994770628,-4.876466015974681
3462,pp,0.05,0.0,70,3.3517942774295806,-5.973027268323031,-5.070477530691359
3463,do,0.05,0.0,29,1.4003130757808684,-5.923042267019098,-5.2240980280770195
3464,pp,0.05,0.0,29,1.9274206030368806,-5.413857564059171,-4.848534456888834
3465,do,0.05,0.0,51,1.4302670729160312,-6.761627018090451,-6.260128421253628
3466,pp,0.05,0.0,70,4.73975182056427,-6.745274124723492,-5.511575394206577
3467,do,0.05,0.0,69,2.383012688159943,-6.734384230411414,-5.9505818022622
3468,pp,0.05,0.0,70,4.356272023916245,-7.800806548378684,-6.580255421002706
3469,do,0.05,0.0,65,0.41849187374115004,-7.791352618824352,-7.4353606118096245
3470,pp,0.05,0.0,24,2.45946394085884,-5.067423102349946,-4.1508815368016565
3471,do,0.05,0.0,47,2.551820890903473,-7.203965666799834,-6.2448855029212105
3472,pp,0.05,0.0,51,5.02671115398407,-7.448760632312659,-6.570001488261752
3473,do,0.05,0.0,70,2.8381352472305306,-8.252849807161274,-7.308043278588189
3474,pp,0.05,0.0,59,2.4464629650115963,-7.9759085424018625,-7.1139853848351375
3475,do,0.05,0.0,70,1.8993998825550085,-6.4417041475122625,-5.787156354056465
3476,pp,0.05,0.0,23,2.5909213662147517,-6.09500940062783,-4.745955077807109
3477,do,0.05,0.0,63,3.791212929487229,-6.235163942972819,-5.333734175893995
3478,pp,0.05,0.0,58,3.2375314140319817,-6.3095250071901265,-5.232115401162042
3479,do,0.05,0.0,70,0.2597238898277272,-7.692488329338305,-7.222390543089973
3480,pp,0.05,0.0,13,0.8778731000423434,-5.329735228509614,-4.559605741500855
3481,do,0.05,0.0,70,2.530579651594161,-6.886079114856142,-6.41587352487776
3482,pp,0.05,0.0,70,1.9643051540851584,-7.5218946789250225,-6.504548623826769
3483,do,0.05,0.0,43,2.780034620761872,-7.002764571796764,-6.270743944909838
3484,pp,0.05,0.0,51,4.015011008977889,-6.1598158951961635,-5.3688683960172865
3485,do,0.05,0.0,70,0.04783623576164331,-8.292039528760043,-7.726275083753798
3486,pp,0.05,0.0,20,2.37880023598671,-4.9604232571341775,-4.492295855946011
3487,do,0.05,0.0,67,0.9548164868354805,-7.951937002124208,-6.737927012973362
3488,pp,0.05,0.0,62,2.167255659103394,-6.046966747804121,-5.42792903582255
3489,do,0.05,0.0,68,2.285720866918564,-7.0856815294785935,-6.538051968150668
3490,pp,0.05,0.0,25,2.032383999824524,-6.481547124458082,-6.038046685854594
3491,do,0.05,0.0,70,2.5679802763462076,-8.787335720929233,-7.716282749176026
3492,pp,0.05,0.0,15,1.7728012824058537,-5.344653943090728,-4.407029623455472
3493,do,0.05,0.0,48,3.347935062646866,-6.461114309773301,-5.849612018797132
3494,pp,0.05,0.0,39,4.0263261735439295,-5.228354326883951,-4.596756969557868
3495,do,0.05,0.0,57,1.9627762722969049,-7.082284586357348,-6.276668938000997
3496,pp,0.05,0.0,41,2.009485565423965,-6.446521695454916,-5.685121308432685
3497,do,0.05,0.0,70,2.559361703395844,-6.698913406603264,-6.3722037659751045
3498,pp,0.05,0.0,30,2.3695568013191224,-5.10523529775215,-4.662160833676656
3499,do,0.05,0.0,35,0.540231038331985,-6.939114278735537,-6.135857343673706
3500,pp,0.05,0.0,16,1.697345700263977,-5.3805241946018105,-4.897075120608012
3501,do,0.05,0.0,28,3.1516713786125177,-4.986272037390506,-4.363415757815043
3502,pp,0.05,0.0,28,2.733586218357087,-5.686980667981234,-4.929446040259467
3503,do,0.05,0.0,56,1.6389586400985712,-6.8101608290816795,-6.301709723472595
3504,pp,0.05,0.0,28,3.114589705467224,-5.251562830896089,-4.437449667188856
3505,do,0.05,0.0,44,0.21107293009758,-7.555648627425685,-7.216040833791097
3506,pp,0.05,0.0,40,2.7291768884658802,-5.551549176013831,-5.095294576221042
3507,do,0.05,0.0,30,1.0939106202125544,-7.346449402606848,-7.369736252890693
3508,pp,0.05,0.0,29,4.2016774547100075,-4.865796535665338,-4.4145238399505615
3509,do,0.05,0.0,70,0.731964771747589,-8.013169739463113,-6.928759977552626
3510,pp,0.05,0.0,52,2.283809243440629,-6.328745661359845,-5.421986511018541
3511,do,0.05,0.0,24,1.3416130268573765,-6.223217270591042,-5.637827603022258
3512,pp,0.05,0.0,44,4.070714066028595,-7.4571023261908325,-6.081678438186645
3513,do,0.05,0.0,37,0.1556724810600283,-7.871216216231837,-7.600273190604316
3514,pp,0.05,0.0,15,1.5879673409461974,-5.065707169157086,-3.941899726125929
3515,do,0.05,0.0,70,1.5316062569618216,-7.1147107846809154,-6.083789491653443
3516,pp,0.05,0.0,50,2.998908467292785,-5.511850131641735,-5.31643217669593
3517,do,0.05,0.0,70,1.1398062169551846,-7.73331996455337,-6.585266065597534
3518,pp,0.05,0.0,28,1.818096290826797,-6.016135998928186,-5.047308317820231
3519,do,0.05,0.0,70,3.845828949213028,-6.750870815912882,-5.776383087370131
3520,pp,0.05,0.0,62,4.180813562870026,-6.582986505103833,-6.896431215604147
3521,do,0.05,0.0,21,0.908434488773346,-5.656465721130371,-4.918362145953708
3522,pp,0.05,0.0,65,2.4445185983180995,-7.506679829684171,-6.084505062633091
3523,do,0.05,0.0,70,2.282394617795944,-6.798280770850904,-5.611925615204705
3524,pp,0.05,0.0,21,1.7833679175376895,-5.175783599506725,-4.3471051865153845
3525,do,0.05,0.0,52,2.2181981635093697,-7.0357541734522036,-6.233922153049045
3526,pp,0.05,0.0,46,2.4248780083656305,-6.776053755211108,-5.6227949910693695
3527,do,0.05,0.0,18,1.4633628344535827,-5.960993667082353,-6.52626809808943
3528,pp,0.05,0.0,45,2.141898621320725,-5.616363129471288,-4.734551813867357
3529,do,0.05,0.0,18,1.6788337934017186,-6.268318982557817,-5.731556921535068
3530,pp,0.05,0.0,19,2.7881280803680424,-4.830488991014885,-4.254817167917888
3531,do,0.05,0.0,70,3.6984841346740716,-7.354407843676481,-7.477619822820028
3532,pp,0.05,0.0,18,2.7587175405025484,-5.082109026475386,-4.17150313589308
3533,do,0.05,0.0,70,2.9751901435852055,-6.447971182158499,-6.099063677257962
3534,pp,0.05,0.0,13,2.1085468161106116,-5.2768349083987145,-4.135363842381372
3535,do,0.05,0.0,23,0.5262324523925779,-6.25013654015281,-5.932489768664042
3536,pp,0.05,0.0,38,1.792808767557144,-6.544594075463035,-5.904990182982551
3537,do,0.05,0.0,38,1.9951949727535245,-6.400876075571234,-5.504809035195245
3538,pp,0.05,0.0,19,2.6824431967735283,-5.531209419712876,-4.5919511636098225
3539,do,0.05,0.0,65,2.9816397631168368,-6.961655197721539,-7.3384020275539825
3540,pp,0.05,0.0,40,3.4263513779640196,-5.110238833860918,-4.4553807232115
3541,do,0.05,0.0,22,2.6536736869812003,-7.8396787773479115,-7.860051912731595
3542,pp,0.05,0.0,70,2.415816229581834,-7.381257489233306,-6.160505188835992
3543,do,0.05,0.0,51,2.305114306211471,-7.058404292482319,-5.803546982341342
3544,pp,0.05,0.0,20,2.2968122696876527,-6.164244215416185,-5.115816426277161
3545,do,0.05,0.0,34,2.543583827018737,-5.573236826694373,-5.136316855748494
3546,pp,0.05,0.0,27,2.49582093000412,-8.225032729813547,-6.785058297051323
3547,do,0.05,0.0,33,0.6807555985450744,-7.166480073061856,-8.181839201185438
3548,pp,0.05,0.0,40,2.7978363287448884,-6.279999825448701,-5.504338121414184
3549,do,0.05,0.0,70,1.5508479976654046,-7.908204361886689,-8.088242382473416
3550,pp,0.05,0.0,57,4.891928237676621,-5.898728025320804,-4.792691659927368
3551,do,0.05,0.0,64,1.4828945541381842,-8.292840158578121,-7.483876487943861
3552,pp,0.05,0.0,70,3.6460545945167535,-5.801752616419937,-5.097636689080132
3553,do,0.05,0.0,62,2.1864618420600888,-7.56245255614772,-7.415123022927178
3554,pp,0.05,0.0,30,3.7770991933345783,-5.28062569733822,-5.028482148382399
3555,do,0.05,0.0,54,2.30183836221695,-6.633703815575802,-6.706060653262668
3556,pp,0.05,0.0,22,1.9349752318859101,-5.102821558172052,-4.423461691538493
3557,do,0.05,0.0,7,0.39304339528083787,-5.484188153527,-4.954208170043097
3558,pp,0.05,0.0,22,1.4892811942100526,-7.27571042956728,-6.098569022284614
3559,do,0.05,0.0,70,1.4526418352127077,-9.384315772490067,-9.528558283381992
3560,pp,0.05,0.0,44,1.2636193466186523,-7.291086416533499,-6.292078444692824
3561,do,0.05,0.0,11,-0.047124689817428234,-5.4164884581710355,-5.729893822140164
3562,pp,0.05,0.0,9,1.3283778357505795,-5.354925066052061,-4.263587117195129
3563,do,0.05,0.0,20,1.9673699426651003,-5.604698954206524,-6.522715504964193
3564,pp,0.05,0.0,25,2.528603909015655,-5.646545394261678,-4.6694824457168576
3565,do,0.05,0.0,19,1.880088520050049,-6.6798615195534445,-5.47821598317888
3566,pp,0.05,0.0,35,2.491678513288498,-6.259262691844594,-5.336550768216451
3567,do,0.05,0.0,43,1.740545992851258,-6.31238707484621,-6.293079935179817
3568,pp,0.05,0.0,11,1.5717565262317654,-6.270590805284905,-5.140758029619852
3569,do,0.05,0.0,70,2.4572522127628327,-7.341015682798443,-6.958829416169061
3570,pp,0.05,0.0,35,2.947148878574371,-6.4446909514340485,-5.898486804962158
3571,do,0.05,0.0,19,-0.27172120332717853,-6.65273233904983,-7.0780564573076035
3572,pp,0.05,0.0,70,2.080622467994689,-6.1457414814920135,-5.571673507160611
3573,do,0.05,0.0,45,3.3142824053764333,-6.291659872459642,-5.578963812192281
3574,pp,0.05,0.0,39,2.325380176305771,-7.076653642365427,-6.037591830889384
3575,do,0.05,0.0,12,1.8477730977535245,-5.0192457892678,-4.7234420908821955
3576,pp,0.05,0.0,18,2.5422166323661797,-5.4612332676396225,-4.544852214389377
3577,do,0.05,0.0,23,2.1674350249767302,-5.886679191300363,-6.412747891743978
3578,pp,0.05,0.0,39,4.720524137020111,-5.545099191954642,-4.7531492524676855
3579,do,0.05,0.0,70,1.3739643180370331,-6.66020719499299,-5.685007278124491
3580,pp,0.05,0.0,20,1.745409865379333,-6.472023147525209,-5.22007925245497
3581,do,0.05,0.0,26,1.3468687880039214,-6.70957163030451,-6.794454744127061
3582,pp,0.05,0.0,37,1.9938236951827992,-5.62210674719377,-4.537269253200955
3583,do,0.05,0.0,70,-0.09902644395828286,-8.28883091175195,-8.321042672793071
3584,pp,0.05,0.0,67,3.8208190476894384,-5.804062548550692,-5.166748150189718
3585,do,0.05,0.0,70,1.5968577849864962,-7.2368390256708315,-6.822993315590752
3586,pp,0.05,0.0,24,2.4983865964412697,-5.176164944966634,-4.611984141667684
3587,do,0.05,0.0,29,1.699100471735001,-5.807582567677353,-5.04943712287479
3588,pp,0.05,0.0,15,1.6226198554039,-5.1972894191741945,-4.239294078614977
3589,do,0.05,0.0,41,1.7288941276073446,-6.756369798833673,-5.921152234077454
3590,pp,0.05,0.0,65,2.8309142339229574,-6.069777523387562,-5.164079017109341
3591,do,0.05,0.0,22,1.5479079973697667,-6.835603638851281,-6.556265963448419
3592,pp,0.05,0.0,17,2.0004369246959683,-5.658628628470681,-4.780242941114637
3593,do,0.05,0.0,70,3.3023031520843507,-7.692520495617028,-6.803460696008471
3594,pp,0.05,0.0,15,2.3665008819103237,-4.407206818551728,-3.8520223485098946
3595,do,0.05,0.0,56,0.25248333454132066,-8.493394129204027,-7.661910486221314
3596,pp,0.05,0.0,41,2.4298713231086726,-5.791667410821626,-5.13534512784746
3597,do,0.05,0.0,70,0.6304157197475426,-7.509375465277469,-7.193254396650526
3598,pp,0.05,0.0,18,1.7474024415016167,-5.200930830926606,-4.594037961959839
3599,do,0.05,0.0,22,-0.07898535132408124,-7.148670531764175,-7.09952597088284
3600,pp,0.05,0.0,44,2.2572003948688515,-8.10290386171052,-7.259632396697998
3601,do,0.05,0.0,70,0.9360824859142296,-7.287912383224025,-6.3880751450856526
3602,pp,0.05,0.0,60,3.0568405902385702,-5.741561931552309,-4.939646185768975
3603,do,0.05,0.0,48,4.935358488559723,-5.48581331281951,-4.665771577093336
3604,pp,0.05,0.0,25,3.496300719976425,-5.276823688275886,-4.392174731360542
3605,do,0.05,0.0,70,2.0446912884712223,-9.014728444995303,-8.728739380836487
3606,pp,0.05,0.0,52,2.0776280844211588,-6.680387707912561,-5.698685831493801
3607,do,0.05,0.0,59,1.216911426782608,-6.836934273170702,-6.46134827931722
3608,pp,0.05,0.0,12,0.9304749953746789,-5.292823816068244,-4.710922304789225
3609,do,0.05,0.0,56,3.3617252206802375,-5.914146908846768,-5.187721371650696
3610,pp,0.05,0.0,23,2.505258610248566,-5.009432466102369,-4.5832270304361975
3611,do,0.05,0.0,42,2.3437704670429227,-6.22466190367034,-5.3090610159768
3612,pp,0.05,0.0,63,1.296563136577606,-7.382205620678988,-6.444320196575589
3613,do,0.05,0.0,70,1.9916801798343666,-6.689673893379442,-6.329888778262668
3614,pp,0.05,0.0,35,1.379065107107163,-6.692819917563236,-6.004985525872972
3615,do,0.05,0.0,49,3.9967376685142506,-6.157011523391262,-5.572008607122633
3616,pp,0.05,0.0,39,2.5924217140674584,-6.428475916024411,-5.439005671607124
3617,do,0.05,0.0,70,1.6297469770908357,-6.726135495214751,-6.257118283377753
3618,pp,0.05,0.0,31,2.387096484899521,-6.672014115073464,-6.235572052001953
3619,do,0.05,0.0,70,2.4915079545974725,-5.53834753036499,-5.8886326127582125
3620,pp,0.05,0.0,56,2.524152578115464,-6.966305633024736,-5.664916261037191
3621,do,0.05,0.0,14,1.838164095878601,-5.571818046858817,-5.611160135269165
3622,pp,0.05,0.0,61,2.121645721197128,-6.38979088754365,-5.951147593392266
3623,do,0.05,0.0,52,2.2593821704387667,-6.612995079791907,-5.635370018747118
3624,pp,0.05,0.0,15,3.1396967625617975,-5.779819112835509,-4.853544992870755
3625,do,0.05,0.0,61,1.9382583236694337,-5.874400254451867,-5.139041402604845
3626,pp,0.05,0.0,70,2.5177229440212257,-5.790762694676717,-4.8451462666193645
3627,do,0.05,0.0,54,3.028050961494446,-6.521274575320157,-5.531856597794427
3628,pp,0.05,0.0,70,1.5489464449882515,-8.17511373722192,-7.020906596713596
3629,do,0.05,0.0,23,2.041186124086379,-5.861964871666649,-5.69383757909139
3630,pp,0.05,0.0,70,1.980720527172089,-6.976822889212406,-6.207453944947985
3631,do,0.05,0.0,70,1.5645449411869041,-6.69781101400202,-6.056012331114875
3632,pp,0.05,0.0,70,0.8808658313751225,-6.772138240120627,-6.027365136146545
3633,do,0.05,0.0,27,2.169684495925904,-5.572905260143858,-5.226246168878343
3634,pp,0.05,0.0,34,1.8719432961940763,-5.981510656530207,-5.336861923005846
3635,do,0.05,0.0,67,2.177090959548951,-5.830565286405159,-5.396213992436727
3636,pp,0.05,0.0,60,2.4083929038047787,-5.838113294948231,-5.157794811990526
3637,do,0.05,0.0,70,2.045252943038941,-7.96806655219107,-7.213367912504408
3638,pp,0.05,0.0,60,3.1977869462966915,-6.105403271588412,-5.106642050213284
3639,do,0.05,0.0,69,1.3775246477127077,-7.943687118183483,-6.645072637663947
3640,pp,0.05,0.0,17,1.9145660984516146,-5.752970569783991,-5.258807635307312
3641,do,0.05,0.0,9,1.006123280525208,-5.792444859129009,-6.2213414563073055
3642,pp,0.05,0.0,32,2.5736974847316727,-8.116104527675745,-6.245365354749891
3643,do,0.05,0.0,70,1.6771440017223354,-7.07613786350597,-6.043824577331543
3644,pp,0.05,0.0,26,1.4670987534523015,-5.297796051429979,-4.899770712852478
3645,do,0.05,0.0,57,0.7117722666263582,-8.784793985251225,-7.995553588867187
3646,pp,0.05,0.0,55,1.8113755142688746,-6.949158854918046,-6.062571287155151
3647,do,0.05,0.0,65,2.8127446389198303,-6.8465726404479055,-6.257764522234599
3648,pp,0.05,0.0,55,2.980707409381866,-6.31374357396906,-5.720022225379944
3649,do,0.05,0.0,70,1.9977740883827213,-6.793667705131299,-6.5081655449337426
3650,pp,0.05,0.0,40,3.129940772056579,-6.9870258027857,-5.64510665734609
3651,do,0.05,0.0,66,2.1961158025264744,-8.442392158508301,-7.296478311220805
3652,pp,0.05,0.0,19,2.55013654589653,-5.050546718366219,-4.571109875043233
3653,do,0.05,0.0,20,1.413815578222275,-5.612504629655318,-5.097568538453844
3654,pp,0.05,0.0,55,1.3069743025302882,-7.011296344525887,-6.461982578701443
3655,do,0.05,0.0,70,2.760370581150055,-6.790160398772269,-6.622575688362121
3656,pp,0.05,0.0,70,2.4930271959304804,-7.728788864251339,-6.653635901874966
3657,do,0.05,0.0,70,1.5941529035568234,-7.8379889228127215,-7.590631251864963
3658,pp,0.05,0.0,68,2.7277262747287754,-7.007801044348515,-6.651241201824612
3659,do,0.05,0.0,58,3.701799349784851,-6.045604645122181,-6.466260531213549
3660,pp,0.05,0.0,56,3.394856275320053,-6.637408177057902,-6.17833412223392
3661,do,0.05,0.0,16,2.948136320114136,-4.673477733496464,-4.472741360134549
3662,pp,0.05,0.0,44,0.9580710041522984,-7.593143156803015,-6.946324989530775
3663,do,0.05,0.0,63,2.851532962322234,-7.652585393732244,-6.314095356729296
3664,pp,0.05,0.0,34,2.9767426550388345,-6.695830781532057,-5.852738677130805
3665,do,0.05,0.0,25,3.7507604241371153,-6.0640847307263,-5.472671280966865
3666,pp,0.05,0.0,35,1.8132244610786428,-5.9862397858590795,-5.164677074220445
3667,do,0.05,0.0,70,2.9602698576450353,-6.014708549326117,-5.351812058024937
3668,pp,0.05,0.0,22,2.3313615643978123,-5.1841202707001655,-4.26167487833235
3669,do,0.05,0.0,70,2.497173801660537,-7.608296622651996,-6.5177850060992775
3670,pp,0.05,0.0,70,3.498201713562011,-6.160426756829926,-5.2753607908884685
3671,do,0.05,0.0,25,3.2213471138477328,-5.480784534685539,-4.652815084987217
3672,pp,0.05,0.0,35,4.015292444229125,-5.72757693493005,-5.066081600719028
3673,do,0.05,0.0,46,3.8452649366855614,-6.9028460965012055,-6.359201391537984
3674,pp,0.05,0.0,52,3.6180789887905114,-5.478285413799864,-4.673874979548984
3675,do,0.05,0.0,22,1.0745695817470553,-5.825054334871696,-5.279272670216031
3676,pp,0.05,0.0,48,1.3877651941776286,-8.246522102933941,-7.349179360601637
3677,do,0.05,0.0,60,1.126014927625656,-7.609287760474465,-6.307989512549506
3678,pp,0.05,0.0,35,1.1088024687767026,-6.740971293593898,-5.706623352898491
3679,do,0.05,0.0,70,1.7404344570636754,-7.334401217373935,-6.335724592208862
3680,pp,0.05,0.0,58,3.092643451690674,-4.875699083010356,-4.361993555227915
3681,do,0.05,0.0,70,0.4755426108837133,-7.591444278485847,-6.498684363894992
3682,pp,0.05,0.0,17,1.0109704303741456,-5.479134277863936,-4.502239235242208
3683,do,0.05,0.0,70,0.07301958322524982,-7.866459194819132,-8.005527999666002
3684,pp,0.05,0.0,70,3.6036774015426634,-5.729663555549853,-4.618014642927382
3685,do,0.05,0.0,70,1.874170722961427,-8.383050216328014,-8.204774422115749
3686,pp,0.05,0.0,25,3.141005196571351,-4.967720572153727,-4.71230702665117
3687,do,0.05,0.0,50,2.1963103115558615,-6.855580256202004,-6.4428265730539955
3688,pp,0.05,0.0,28,2.7473893213272094,-5.330093158375133,-4.551987728807661
3689,do,0.05,0.0,21,2.286437829732895,-4.542216403556592,-4.508645841810439
3690,pp,0.05,0.0,56,3.597600554227828,-7.65174790873672,-6.52316218747033
3691,do,0.05,0.0,62,2.9103843128681177,-7.755255359591859,-7.4215464300579495
3692,pp,0.05,0.0,70,2.499558426141739,-6.442721742572206,-5.548329533471001
3693,do,0.05,0.0,58,4.006259696483612,-7.178599827217333,-6.692791284455193
3694,pp,0.05,0.0,70,3.1414148092269896,-6.230248129006588,-5.199696808391147
3695,do,0.05,0.0,32,0.9439431345462799,-6.702452044053511,-6.6936591916614105
3696,pp,0.05,0.0,70,1.7866629588603962,-6.327072451331398,-5.451164815160963
3697,do,0.05,0.0,35,2.211462661027909,-5.388916485237353,-4.921552742852105
3698,pp,0.05,0.0,57,2.9710040915012357,-6.73152261502815,-5.643805368741353
3699,do,0.05,0.0,69,2.393678475618363,-5.296072799509222,-4.648760419421726
3700,pp,0.05,0.0,36,2.9784219908714293,-5.3519881942055445,-4.450270014339023
3701,do,0.05,0.0,70,2.709998942613603,-5.966007799090761,-5.741630119747586
3702,pp,0.05,0.0,18,2.8916224360466005,-4.395728879986387,-3.823008045885298
3703,do,0.05,0.0,29,2.2035251581668858,-5.226938996170507,-4.627566517723931
3704,pp,0.05,0.0,16,1.682550218105317,-5.187547542109634,-4.318678498268127
3705,do,0.05,0.0,70,2.6538337373733523,-8.72606267784581,-7.6353035767873125
3706,pp,0.05,0.0,70,2.669712204933166,-6.373382847236864,-5.554120569758945
3707,do,0.05,0.0,31,1.229136074781418,-6.393983027429291,-5.336146169238621
3708,pp,0.05,0.0,22,2.4802489221096042,-4.8806540561444836,-4.260336339473724
3709,do,0.05,0.0,52,2.1707567858695986,-6.199865185130726,-5.407726719644335
3710,pp,0.05,0.0,14,1.7612380445003506,-4.638844475601658,-4.006529245111677
3711,do,0.05,0.0,70,2.4759307849407195,-6.7574785102497446,-6.5357119825151235
3712,pp,0.05,0.0,54,2.342919765710831,-6.41856431238579,-5.484252797232734
3713,do,0.05,0.0,13,2.0696544933319094,-5.181620866602118,-4.285041289859348
3714,pp,0.05,0.0,47,1.9807290339469912,-6.512740051385128,-5.578515394528707
3715,do,0.05,0.0,54,1.9679870903491974,-6.03085725813201,-5.10423469543457
3716,pp,0.05,0.0,28,2.9047823119163514,-4.846259755799265,-4.150832978884379
3717,do,0.05,0.0,70,2.133289042711258,-8.207323282415217,-7.538610468970405
3718,pp,0.05,0.0,62,2.428274997472763,-7.085434341430664,-6.117110199398464
3719,do,0.05,0.0,48,1.7043111801147468,-8.023067053881558,-6.949675628874037
3720,pp,0.05,0.0,61,2.202694411277772,-7.66011877637921,-6.788432937198215
3721,do,0.05,0.0,66,2.7384909033775333,-6.102765782674154,-5.3476975679397585
3722,pp,0.05,0.0,70,3.1137358558177946,-6.525121425859856,-5.712640817960104
3723,do,0.05,0.0,70,3.214473425149917,-6.432737892324274,-5.949147052235073
3724,pp,0.05,0.0,62,3.588255084753036,-6.1316523840933135,-5.195828999413385
3725,do,0.05,0.0,70,2.3979117166996007,-7.52166448506442,-6.873021446333992
3726,pp,0.05,0.0,19,1.9150157356262207,-5.076950256752245,-4.1325720628102625
3727,do,0.05,0.0,23,3.5155769133567807,-6.965778485211459,-6.299632663196988
3728,pp,0.05,0.0,29,3.2459770607948304,-5.003189854188399,-4.08532678021325
3729,do,0.05,0.0,70,2.476769797801972,-6.431274755073316,-6.37298948764801
3730,pp,0.05,0.0,53,2.4643374073505395,-6.170465597961888,-5.06405963367886
3731,do,0.05,0.0,27,3.1847209835052492,-5.160769719788522,-4.707880544662475
3732,pp,0.05,0.0,70,2.4438712954521176,-7.342693509477558,-6.199193289544847
3733,do,0.05,0.0,43,1.925128769874572,-5.732279537663315,-5.172432465023465
3734,pp,0.05,0.0,25,3.628488329648972,-4.665091841148608,-4.206302983231015
3735,do,0.05,0.0,37,1.910951998233795,-6.534767318494392,-5.797358555263943
3736,pp,0.05,0.0,24,2.9432009077072134,-4.852423589879816,-4.132459550433689
3737,do,0.05,0.0,50,2.693606346845626,-6.04259270176743,-5.702621814939711
3738,pp,0.05,0.0,23,2.70718744635582,-4.8564725355668505,-4.1800908962885535
3739,do,0.05,0.0,70,2.184586434364318,-7.200437343481815,-6.445434700118171
3740,pp,0.05,0.0,20,2.184530744552612,-5.2318372119556775,-3.9883055528004965
3741,do,0.05,0.0,36,2.5802244508266456,-6.075444672324441,-6.298787132898966
3742,pp,0.05,0.0,59,3.0655306506156927,-6.528711207707723,-5.6233112441168895
3743,do,0.05,0.0,60,3.474469046592711,-8.274365149122296,-7.9878754668765595
3744,pp,0.05,0.0,39,2.4808188283443453,-5.104804849624633,-4.292398901780446
3745,do,0.05,0.0,22,2.5999719166755675,-5.513648667480006,-5.14024588002099
3746,pp,0.05,0.0,20,2.9640760076046,-5.203734818371859,-4.52406038708157
3747,do,0.05,0.0,55,3.6943256270885474,-9.3441037495931,-9.27363403638204
3748,pp,0.05,0.0,16,2.494151169061661,-5.377229489702167,-4.499511154492696
3749,do,0.05,0.0,70,4.622573810815811,-6.063339630762736,-5.401174879074096
3750,pp,0.05,0.0,44,3.26150237083435,-5.184797766714385,-4.824883320596483
3751,do,0.05,0.0,10,1.5343248879909517,-4.643815755844116,-4.55661059750451
3752,pp,0.05,0.0,47,4.327972358465195,-4.686601183631203,-4.1027948591444225
3753,do,0.05,0.0,23,2.159281195402145,-6.430205973711881,-5.846968102455139
3754,pp,0.05,0.0,57,3.0340515697002406,-7.12223810860605,-6.131848528650072
3755,do,0.05,0.0,70,3.3695413672924044,-5.299332479997115,-5.143991865052117
3756,pp,0.05,0.0,40,3.417707974910736,-5.051188951550108,-4.674350518650479
3757,do,0.05,0.0,27,2.539867223501205,-4.998241793025624,-4.691767644882202
3758,pp,0.05,0.0,20,1.6048210263252258,-4.02816979379365,-3.5432773100005255
3759,do,0.05,0.0,50,0.41017598271370037,-7.3934676444891725,-8.426635270648532
3760,pp,0.05,0.0,20,2.4330062377452846,-5.4353203368909435,-4.282754691441854
3761,do,0.05,0.0,18,1.3713563323020939,-5.41237670580546,-4.955483629968431
3762,pp,0.05,0.0,38,2.2545441353321074,-4.592531144257748,-4.139998763137394
3763,do,0.05,0.0,12,0.793950958251953,-4.93694840778004,-4.392130544450548
3764,pp,0.05,0.0,35,2.172616329193115,-4.894923990423029,-4.197493300173018
3765,do,0.05,0.0,25,3.776229363679886,-5.874907054323138,-5.280977026621501
3766,pp,0.05,0.0,20,2.9664341473579405,-5.286676655393658,-4.415087652206421
3767,do,0.05,0.0,31,2.991850281953811,-6.703433733275443,-6.204706350962321
3768,pp,0.05,0.0,30,2.8315056681632997,-4.4453702998883795,-3.763811425367991
3769,do,0.05,0.0,50,2.7298059439659124,-7.017666149139404,-6.191366895039876
3770,pp,0.05,0.0,37,2.639937026500702,-7.424182946754224,-6.104075725873312
3771,do,0.05,0.0,68,3.2835040616989133,-5.903363928650364,-5.1069573879241945
3772,pp,0.05,0.0,33,2.1516130721569073,-6.123674548755993,-5.070700038803948
3773,do,0.05,0.0,30,3.06140466928482,-5.290504795132262,-5.116856304804484
3774,pp,0.05,0.0,70,4.678281387090682,-6.835101225881866,-6.116501010788811
3775,do,0.05,0.0,70,-0.20830629944801338,-7.57885248299801,-6.616134903166029
3776,pp,0.05,0.0,11,1.6968439841270442,-4.4061376470508,-3.727929671605428
3777,do,0.05,0.0,21,2.2557720375061026,-5.064399060336027,-4.474057531356811
3778,pp,0.05,0.0,70,5.455205296278,-6.599994925296667,-5.801293733384874
3779,do,0.05,0.0,24,3.3270631492137905,-5.940793220924609,-5.147376802232531
3780,pp,0.05,0.0,24,3.359802113771438,-5.065742235472708,-4.148474935690562
3781,do,0.05,0.0,21,1.8245930922031404,-5.738990328528664,-5.4388589779535925
3782,pp,0.05,0.0,42,2.267413656711579,-5.230573908487956,-4.851569281684028
3783,do,0.05,0.0,58,1.496767009496689,-7.397497976187504,-6.689805266592238
3784,pp,0.05,0.0,64,2.540830203294753,-6.8531489473400695,-6.050509272681342
3785,do,0.05,0.0,62,2.4801144492626186,-7.229094103610877,-6.587781026628282
3786,pp,0.05,0.0,43,2.226944191455841,-6.3195080222505515,-5.673887697855632
3787,do,0.05,0.0,56,2.874273549318313,-6.991443619583592,-6.422284009721544
3788,pp,0.05,0.0,60,3.5612974822521206,-5.540081443208637,-4.972213874922859
3789,do,0.05,0.0,38,2.1213672971725472,-7.9320732738032484,-8.03563838534885
3790,pp,0.05,0.0,22,1.968824890851974,-4.572243298906269,-4.039676582813263
3791,do,0.05,0.0,70,2.0092445766925806,-6.804765549573031,-6.345312897364298
3792,pp,0.05,0.0,48,2.7963894081115725,-6.435214483376705,-5.383352473047045
3793,do,0.05,0.0,35,3.4393430399894713,-5.80892315344377,-5.36717247168223
3794,pp,0.05,0.0,47,1.6246175694465643,-6.629412399638783,-5.674858575397067
3795,do,0.05,0.0,70,1.9476746165752417,-7.645627150391087,-6.880843008889093
3796,pp,0.05,0.0,29,2.706786600351334,-4.716138459696914,-4.131756660673354
3797,do,0.05,0.0,38,0.29740177631378195,-6.501614637085885,-5.88265000184377
3798,pp,0.05,0.0,49,2.731008002758025,-6.223416110241052,-5.513924267556932
3799,do,0.05,0.0,29,2.6619585657119753,-6.073052474224206,-5.4038155184851755
3800,pp,0.05,0.0,36,3.622394804954528,-5.270897756923329,-4.351937858263652
3801,do,0.05,0.0,70,0.2281852006912235,-8.091553742957837,-7.486155743069119
3802,pp,0.05,0.0,50,1.5835250091552737,-6.5263025572805695,-5.689100872145759
3803,do,0.05,0.0,53,1.8692483162879956,-6.9895702882246535,-6.161060743861729
3804,pp,0.05,0.0,32,2.5773362350463866,-5.091200964378588,-4.583604118559095
3805,do,0.05,0.0,70,3.5496481692790987,-8.329811788327767,-7.135061436229282
3806,pp,0.05,0.0,69,3.7554410314559936,-7.803014399788596,-6.746249545945061
3807,do,0.05,0.0,24,1.6015397679805758,-4.8692978338761765,-4.322975288497077
3808,pp,0.05,0.0,70,2.1328312838077554,-7.540429334929495,-6.571648155318366
3809,do,0.05,0.0,70,2.204181847572327,-6.472873706528635,-5.8586178011364405
3810,pp,0.05,0.0,15,1.636987628936767,-5.360973728064335,-4.723939145935907
3811,do,0.05,0.0,23,2.1597644746303555,-6.47848732399218,-6.543777879079183
3812,pp,0.05,0.0,68,2.638611559867858,-7.710606442075787,-6.744458479351468
3813,do,0.05,0.0,18,2.971332342624664,-5.746238254778313,-5.41076169013977
3814,pp,0.05,0.0,26,4.3852934443950655,-5.0617722583539555,-4.356441259384155
3815,do,0.05,0.0,40,2.0243910098075864,-7.394204071796302,-7.463457086351183
3816,pp,0.05,0.0,41,3.9465072894096362,-6.499531685222279,-5.3531125360065035
3817,do,0.05,0.0,21,0.7932640850543979,-6.606901038776744,-6.199069661564297
3818,pp,0.05,0.0,20,1.6193516099452978,-5.211986498399214,-4.636512321896023
3819,do,0.05,0.0,64,0.5973125243186956,-8.067913985974862,-7.779695134692722
3820,pp,0.05,0.0,51,3.419399919509887,-5.901569325996168,-5.2311237865024145
3821,do,0.05,0.0,25,1.7648300600051874,-5.6002674810814135,-4.685449406835768
3822,pp,0.05,0.0,26,1.7548588144779202,-5.499937998164784,-4.842571181721158
3823,do,0.05,0.0,70,0.7573780691623693,-8.607559123183742,-7.948777251773411
3824,pp,0.05,0.0,13,1.612723078727722,-5.406946443788933,-4.727680479155646
3825,do,0.05,0.0,34,2.3580217921733855,-4.9624471866723265,-4.458460969395108
3826,pp,0.05,0.0,69,3.630922478437424,-6.069445909153331,-5.649122609032525
3827,do,0.05,0.0,61,2.9551618254184726,-6.066291023023201,-6.159372671445211
3828,pp,0.05,0.0,41,2.7929887390136727,-5.247429311636722,-4.500507720311483
3829,do,0.05,0.0,63,2.789625473022461,-6.758171645077792,-6.008375885751512
3830,pp,0.05,0.0,70,2.022578549385072,-7.769579832481615,-6.946982765197754
3831,do,0.05,0.0,56,1.4275606095790865,-6.28870894836657,-6.354358688990275
3832,pp,0.05,0.0,70,3.7178837609291078,-7.244082348274462,-6.412296742863125
3833,do,0.05,0.0,26,3.074598472118378,-5.112828137657859,-5.425541416803996
3834,pp,0.05,0.0,30,3.038200526237489,-5.019602411443537,-4.652977254655626
3835,do,0.05,0.0,35,3.0829883122444146,-6.720710913340251,-5.929517046610514
3836,pp,0.05,0.0,23,2.47862648487091,-5.957376585584698,-5.049935099813673
3837,do,0.05,0.0,26,2.275857801437377,-6.228177014264193,-5.399560123019748
3838,pp,0.05,0.0,38,3.077265504598617,-5.922813815781565,-5.062101888656616
3839,do,0.05,0.0,26,-0.36796761989593474,-7.5309952389110215,-6.52139343685574
3840,pp,0.05,0.0,64,1.8738608646392834,-8.478867616075458,-7.79792595439487
3841,do,0.05,0.0,70,2.7072167110443104,-6.2289487448605625,-6.642111645804511
3842,pp,0.05,0.0,38,2.0267703330516813,-5.837803339235711,-4.949499175283644
3843,do,0.05,0.0,19,2.333544878959655,-6.168363686763879,-6.038713897599115
3844,pp,0.05,0.0,36,2.4783214020729067,-6.245152678634181,-5.48893400033315
3845,do,0.05,0.0,69,2.5961500656604777,-7.063592457048821,-6.175444422827827
3846,pp,0.05,0.0,31,1.4083733892440797,-7.562980739998095,-6.345528486039903
3847,do,0.05,0.0,18,1.8842151987552649,-6.421641784725767,-6.008306691381667
3848,pp,0.05,0.0,28,2.5940905809402466,-5.2664441426595054,-4.587900993559096
3849,do,0.05,0.0,62,0.14808255434036255,-8.467842292785644,-7.313808123270671
3850,pp,0.05,0.0,70,3.977962609529495,-5.251628962430087,-4.259700609578027
3851,do,0.05,0.0,14,1.9867538666725153,-5.097026181943489,-4.8100242270363704
3852,pp,0.05,0.0,28,1.3908079588413242,-5.742095447309089,-5.1309633466932505
3853,do,0.05,0.0,62,0.8920426273345949,-7.795028513128107,-6.730225144492255
3854,pp,0.05,0.0,18,1.9197491478919977,-4.711886102502996,-4.017557965384589
3855,do,0.05,0.0,40,2.050245467424393,-6.2320827758673465,-5.551442935731676
3856,pp,0.05,0.0,29,1.835864704847336,-6.650658197113962,-5.477448386616177
3857,do,0.05,0.0,18,1.321734095811844,-4.784488868713379,-4.443066088358561
3858,pp,0.05,0.0,70,1.9908379530906686,-6.827883236335985,-5.873073901070489
3859,do,0.05,0.0,70,1.622623661756517,-8.13204066103155,-7.063344303766886
3860,pp,0.05,0.0,65,4.055977889299393,-6.728595434535634,-6.73727511299981
3861,do,0.05,0.0,26,0.5940251028537746,-6.85899181654959,-6.2947387059529625
3862,pp,0.05,0.0,21,1.7968880617618561,-4.402573815259067,-3.8359929111268785
3863,do,0.05,0.0,67,1.6642686188220974,-6.177864720604637,-5.862572145462036
3864,pp,0.05,0.0,27,2.058823105096817,-5.881824678363222,-4.687702001465691
3865,do,0.05,0.0,46,2.409351069927215,-8.847949410929825,-8.15216285917494
3866,pp,0.05,0.0,44,2.075016491413116,-8.604741355144617,-7.51368400255839
3867,do,0.05,0.0,26,0.9871528887748724,-5.6630498250325525,-4.71702930132548
3868,pp,0.05,0.0,26,2.4294398331642144,-4.6076658494544755,-4.06885056230757
3869,do,0.05,0.0,23,3.499197347164155,-5.407372773777355,-5.126279958089193
3870,pp,0.05,0.0,33,2.704769414663315,-6.225143501975319,-5.409455410639445
3871,do,0.05,0.0,17,2.253107819557191,-6.420804822806156,-6.287323403358459
3872,pp,0.05,0.0,41,2.822565108537674,-5.916989050489484,-5.238620188501146
3873,do,0.05,0.0,70,2.412032686471939,-7.232399719411677,-6.644920719994439
3874,pp,0.05,0.0,35,2.300855090618133,-5.725302563291607,-4.757268163892958
3875,do,0.05,0.0,28,1.528222670555115,-5.777105844382084,-5.851843468348185
3876,pp,0.05,0.0,21,1.914081840515137,-5.670865222179528,-4.742817054854499
3877,do,0.05,0.0,20,2.095155452489853,-5.641363035548817,-5.692507063017951
3878,pp,0.05,0.0,52,3.686789078712464,-6.26607290614735,-5.5379969782299465
3879,do,0.05,0.0,70,3.7415837967395777,-7.517055257161458,-6.072805656327142
3880,pp,0.05,0.0,41,5.324302580356599,-5.710266400828506,-5.154059539900886
3881,do,0.05,0.0,34,2.160588262081146,-5.355650099841031,-4.304928513367971
3882,pp,0.05,0.0,27,1.842734334468842,-5.584545358022054,-5.0074224048190645
3883,do,0.05,0.0,70,2.743743481636047,-5.5296257582577795,-5.19120524459415
3884,pp,0.05,0.0,37,1.9684247350692745,-6.182581320675936,-5.2219461652967665
3885,do,0.05,0.0,66,3.874896993637085,-6.239804676807288,-5.514681850539313
3886,pp,0.05,0.0,62,2.1944599223136905,-6.7253065745035805,-5.536485825644599
3887,do,0.05,0.0,70,3.806315801143646,-5.74381375168309,-5.399260534180535
3888,pp,0.05,0.0,70,3.289233429431915,-6.3554058248346506,-5.611399801572164
3889,do,0.05,0.0,68,3.3761152648925776,-5.713968394019387,-5.533913853433397
3890,pp,0.05,0.0,39,2.781570962667466,-5.304437588200424,-4.610444778866238
3891,do,0.05,0.0,14,2.2765406274795525,-4.843405307422985,-4.819651979870266
3892,pp,0.05,0.0,24,3.0687562072277066,-5.029953508666067,-4.603482757674323
3893,do,0.05,0.0,70,2.168873753547669,-6.277907890262026,-6.240454636679756
3894,pp,0.05,0.0,26,2.463072279691696,-7.174118356993704,-6.167308529218038
3895,do,0.05,0.0,68,0.8771795165538787,-7.212256428689668,-7.2919257216983375
3896,pp,0.05,0.0,18,1.3815793728828432,-5.05234923507228,-4.142457495795356
3897,do,0.05,0.0,15,1.1615971744060518,-5.254119066758589,-5.1188342385821874
3898,pp,0.05,0.0,16,1.5476107347011574,-5.60824432517543,-4.613979395230611
3899,do,0.05,0.0,29,1.890861548185348,-4.738167165987419,-4.633418517642551
3900,pp,0.05,0.0,41,1.9556272161006918,-6.592686966693763,-5.687726555930244
3901,do,0.05,0.0,25,2.453784009218216,-7.398113997777303,-6.790126946237352
3902,pp,0.05,0.0,36,2.9426555740833287,-6.583417133851484,-5.567442141638862
3903,do,0.05,0.0,56,2.2753533744812025,-7.850674684119947,-6.5541058010525175
3904,pp,0.05,0.0,34,2.099714272022247,-7.30067813613198,-6.0960859775543215
3905,do,0.05,0.0,33,1.6422167873382572,-5.852178590947932,-5.540363147523668
3906,pp,0.05,0.0,60,3.5555019164085397,-6.59981652173129,-5.841587607065836
3907,do,0.05,0.0,69,1.647231760025024,-8.332498784498735,-7.313267209794787
3908,pp,0.05,0.0,18,2.449591326713562,-4.786164279417558,-4.055790707800123
3909,do,0.05,0.0,25,2.501541824340821,-5.3142914483041475,-4.5370092789332075
3910,pp,0.05,0.0,70,3.4855916094779973,-6.814772532202981,-5.920143267843458
3911,do,0.05,0.0,70,0.6577595293521892,-8.362266666238957,-6.79864845805698
3912,pp,0.05,0.0,19,1.9432488465309143,-5.284440622907696,-4.434156372812059
3913,do,0.05,0.0,37,1.7093802678585055,-5.259108640208389,-5.071326271692912
3914,pp,0.05,0.0,44,3.6163731193542477,-5.166533211505774,-4.700470366742876
3915,do,0.05,0.0,70,2.000680950880051,-6.627969725926717,-6.6670619302325775
3916,pp,0.05,0.0,70,2.9600543522834784,-6.237699872797186,-5.585926177766588
3917,do,0.05,0.0,11,1.9768357026576995,-5.882294416427612,-5.303989926973979
3918,pp,0.05,0.0,60,2.9222417294979106,-5.786422296003862,-5.359102765719096
3919,do,0.05,0.0,70,2.436806230545045,-8.431822782574278,-7.174218577808804
3920,pp,0.05,0.0,42,3.5839213657379148,-6.087037654356523,-4.7450376907984415
3921,do,0.05,0.0,43,1.8314423584938053,-6.377069520950317,-6.780213255352444
3922,pp,0.05,0.0,30,2.634307929277421,-6.551565699143843,-5.6081664615207245
3923,do,0.05,0.0,18,3.1271547949314114,-5.212574389486602,-5.792034281624688
3924,pp,0.05,0.0,15,2.5640653979778287,-4.947812538435965,-4.088955557346344
3925,do,0.05,0.0,70,1.6254905426502226,-7.4969925707036795,-7.3568752792146475
3926,pp,0.05,0.0,70,4.174147242307662,-5.974623042886908,-5.258501344256931
3927,do,0.05,0.0,20,2.160794152021408,-4.430317985650265,-4.323648124270969
3928,pp,0.05,0.0,70,2.1760626840591435,-6.3734859134211685,-5.63036867512597
3929,do,0.05,0.0,59,3.108965337276458,-6.787638574658018,-5.60645821624332
3930,pp,0.05,0.0,39,1.4552832388877865,-6.859383136575873,-6.186510504616631
3931,do,0.05,0.0,22,2.535056450366974,-4.8550147331122195,-4.519756942325168
3932,pp,0.05,0.0,40,2.971875573396682,-5.486603972406098,-5.065187546941969
3933,do,0.05,0.0,12,2.6865666127204895,-4.797610889781605,-4.587936059633891
3934,pp,0.05,0.0,19,2.538427317142486,-5.316700341484763,-4.394595011075338
3935,do,0.05,0.0,70,1.8456764674186719,-7.685326194763183,-6.978754022386339
3936,pp,0.05,0.0,40,3.400495311021805,-5.523793363571167,-5.655126362376743
3937,do,0.05,0.0,61,2.5215600526332853,-7.618908413973721,-7.503993203904893
3938,pp,0.05,0.0,29,2.750183238983154,-4.824619442043883,-4.654030823707581
3939,do,0.05,0.0,20,1.6832162082195277,-5.4566169435327705,-6.164650082588196
3940,pp,0.05,0.0,32,2.3273503386974337,-5.5104658936009265,-5.073839659161038
3941,do,0.05,0.0,12,1.3123842215538026,-4.852322617444125,-4.956136157777574
3942,pp,0.05,0.0,32,2.679130026102066,-4.900880229834354,-4.218241522047255
3943,do,0.05,0.0,20,1.4529505836963654,-6.740113706299753,-6.3498579290178085
3944,pp,0.05,0.0,49,3.878653174638748,-5.524619394360166,-4.474165444903903
3945,do,0.05,0.0,28,2.6377870643138888,-4.685791327736594,-4.832256857554118
3946,pp,0.05,0.0,45,3.1374592101573944,-6.297041849656538,-5.4479094319873385
3947,do,0.05,0.0,25,2.725567027330399,-6.623254430655277,-5.385840551058451
3948,pp,0.05,0.0,18,2.681876109838486,-4.836593967495543,-4.297588070233663
3949,do,0.05,0.0,33,1.8618849933147432,-6.166266840154474,-5.974257347318861
3950,pp,0.05,0.0,70,1.9945569288730614,-6.6209245826258805,-5.953066131803724
3951,do,0.05,0.0,66,2.608935544490814,-5.206216965299664,-4.87864629957411
3952,pp,0.05,0.0,26,2.6636307716369627,-4.828469133377075,-4.139187950558132
3953,do,0.05,0.0,48,2.4005994617938997,-6.376971897934422,-5.744368908140395
3954,pp,0.05,0.0,70,3.353893173933028,-6.47596086733269,-6.244681938489278
3955,do,0.05,0.0,29,2.6848342013359074,-5.9626833409974065,-6.193963906500074
3956,pp,0.05,0.0,43,2.494868435859681,-5.935529201680963,-5.7939788791868425
3957,do,0.05,0.0,53,3.188725261688232,-6.416067921031605,-5.8779376665751135
3958,pp,0.05,0.0,70,3.7184392106533055,-6.958270947138469,-6.106691842608981
3959,do,0.05,0.0,19,0.8060006570816043,-5.27117258274194,-5.211229117711385
3960,pp,0.05,0.0,33,2.000604234933853,-5.681436291607944,-5.0693479405509105
3961,do,0.05,0.0,26,2.549241316318512,-6.0732382918849135,-5.715684106614854
3962,pp,0.05,0.0,62,4.222811670303344,-6.080865232872241,-5.2342723184161715
3963,do,0.05,0.0,27,1.3286937546730044,-5.727152190063939,-5.500449887911478
3964,pp,0.05,0.0,40,1.408105607032776,-6.178096396995313,-5.7535609748628405
3965,do,0.05,0.0,70,2.014030970335007,-8.960249088749741,-6.964717377556695
3966,pp,0.05,0.0,24,3.1231109416484832,-6.085405487002748,-5.101770983801948
3967,do,0.05,0.0,70,1.5604129457473759,-7.528121980031331,-6.669705724716186
3968,pp,0.05,0.0,69,2.3683781516551976,-7.3502528624101116,-6.630707825554742
3969,do,0.05,0.0,22,0.9651675212383264,-5.777555816823786,-5.222638358010186
3970,pp,0.05,0.0,31,2.4319344770908353,-4.980342395377882,-4.3919886377122666
3971,do,0.05,0.0,43,3.001517480611801,-5.959610387050744,-5.353422562281291
3972,pp,0.05,0.0,70,1.9197562372684471,-6.509676496910326,-5.864274557431539
3973,do,0.05,0.0,46,2.3942977678775783,-7.31717458782774,-6.924792459275987
3974,pp,0.05,0.0,35,2.994525727033616,-6.948527133826054,-6.040033864974975
3975,do,0.05,0.0,19,1.784674088954926,-4.793721498142589,-4.458364597956339
3976,pp,0.05,0.0,29,2.3337900412082675,-5.551003168568466,-4.864606891738044
3977,do,0.05,0.0,70,0.7590718340873712,-7.463654294158474,-6.599151574240791
3978,pp,0.05,0.0,23,2.9610460102558136,-6.066082627845533,-4.955118009779189
3979,do,0.05,0.0,59,1.737380868196487,-6.993473313071511,-6.384937858581543
3980,pp,0.05,0.0,35,1.9819990396499643,-6.046804871703639,-5.488911575741238
3981,do,0.05,0.0,60,2.3595614111423497,-6.882836583166411,-6.449936358133952
3982,pp,0.05,0.0,70,4.379755442142486,-5.751964943336718,-5.104118937916226
3983,do,0.05,0.0,70,2.0903445708751676,-7.197904172088161,-6.326105676756965
3984,pp,0.05,0.0,70,1.9918973648548128,-7.153001447157426,-6.062945228152805
3985,do,0.05,0.0,22,2.7504977393150325,-5.478340290531968,-4.981974130206638
3986,pp,0.05,0.0,53,2.4800530767440803,-7.368835703531901,-6.4828623957104154
3987,do,0.05,0.0,18,0.5284416687488562,-5.42034768335747,-5.130294503106011
3988,pp,0.05,0.0,21,3.129267193078996,-5.3306258707335505,-4.5888722022374475
3989,do,0.05,0.0,26,0.7085046768188477,-6.295321710181959,-5.6847745180130005
3990,pp,0.05,0.0,39,2.729788508415223,-5.8179930788097955,-5.208349532551235
3991,do,0.05,0.0,26,1.5483575665950786,-6.565952889124552,-7.061987400054932
3992,pp,0.05,0.0,51,1.2996563732624056,-7.0558810262969045,-6.366439501444499
3993,do,0.05,0.0,31,1.9499755221605302,-5.577096806150494,-5.317210494147407
3994,pp,0.05,0.0,27,3.1359773421287525,-5.4769064050732235,-4.716958692338731
3995,do,0.05,0.0,23,1.464280589818955,-6.7743147416548295,-6.449615499708387
3996,pp,0.05,0.0,11,1.509500466585159,-5.2898614926771685,-4.5003617975446915
3997,do,0.05,0.0,65,3.219057711362839,-6.196598563049779,-5.7375387562645805
3998,pp,0.05,0.0,63,3.0086721336841586,-6.407336044311523,-5.758643995390998
3999,do,0.05,0.0,60,2.2362182462215427,-7.73223138144522,-6.6422820753521385
4000,pp,0.05,0.0,70,2.9323043310642243,-6.659303150754987,-5.638946501413981
4001,do,0.05,0.0,70,1.477065746784211,-7.331152859601107,-6.493863389227125
4002,pp,0.05,0.0,29,2.771150525808334,-5.508263820590395,-4.885612360636393
4003,do,0.05,0.0,70,2.062941378355026,-6.640799846071186,-6.404536305533515
4004,pp,0.05,0.0,70,3.2307481515407552,-5.942802260138771,-5.6497772799597845
4005,do,0.05,0.0,43,1.6583920323848726,-7.134319727348559,-6.295234992769029
4006,pp,0.05,0.0,70,2.397408784627915,-6.8414105747685285,-6.058885293536716
4007,do,0.05,0.0,67,2.0973552513122566,-7.029216997551195,-6.263811323377821
4008,pp,0.05,0.0,68,2.042618273496627,-7.1514173478791205,-6.2254989782969155
4009,do,0.05,0.0,70,1.850353616476058,-8.090436085787687,-7.48657963540819
4010,pp,0.05,0.0,70,2.059188252687454,-7.067995730313387,-6.291852516598172
4011,do,0.05,0.0,55,1.7134202623367312,-5.919218054684726,-5.6453476084603205
4012,pp,0.05,0.0,41,2.816239535808564,-5.227372150710135,-4.670317427317301
4013,do,0.05,0.0,63,0.6889071094989783,-6.929668935139974,-6.205434007114834
4014,pp,0.05,0.0,17,1.8626613628864286,-5.367504820679173,-4.722789931297302
4015,do,0.05,0.0,53,2.6157575428485877,-6.996173068248864,-6.917902056376139
4016,pp,0.05,0.0,51,4.149615974426269,-6.3231840494907265,-6.322990062501695
4017,do,0.05,0.0,12,1.5046767485141759,-4.82887897491455,-4.936449159516228
4018,pp,0.05,0.0,24,1.8914022064208993,-5.71859897700223,-4.856216446558634
4019,do,0.05,0.0,10,1.2319053220748897,-4.383032684615164,-4.067693572574192
4020,pp,0.05,0.0,9,1.2545422744750976,-4.43260351672317,-3.955779184235467
4021,do,0.05,0.0,57,2.9470599806308746,-5.8310906352418845,-6.0848851892683244
4022,pp,0.05,0.0,38,2.2222418725490574,-5.032500501112504,-4.325042137834761
4023,do,0.05,0.0,70,0.9490970432758328,-6.059644038749464,-6.515648584895664
4024,pp,0.05,0.0,41,1.798107767105103,-6.111102763089266,-5.184291158782111
4025,do,0.05,0.0,16,1.490364236831665,-4.3520013404614994,-4.215254829989539
4026,pp,0.05,0.0,25,2.3246005785465247,-4.732136807297215,-3.922092364894019
4027,do,0.05,0.0,23,2.5731457781791685,-4.6893182638919715,-4.687787324852414
4028,pp,0.05,0.0,70,3.7301092159748084,-5.141772398804173,-4.791132635540432
4029,do,0.05,0.0,57,1.997194786071777,-5.4807331504243795,-6.132214138242934
4030,pp,0.05,0.0,24,1.4554246008396152,-5.087352784474691,-4.330950538317363
4031,do,0.05,0.0,66,2.846559697389602,-5.531809230284257,-6.032859264479743
4032,pp,0.05,0.0,33,2.7171083533763882,-4.763688506502094,-4.06558512714174
4033,do,0.05,0.0,22,1.632560682296753,-4.862066557913115,-5.118911790847778
4034,pp,0.05,0.0,61,1.7909835886955268,-6.625130192438761,-5.33299949169159
4035,do,0.05,0.0,13,1.0791280293464665,-4.684950304031372,-4.427955402268304
4036,pp,0.05,0.0,50,1.160375001430511,-6.413941211411447,-5.5188426388634575
4037,do,0.05,0.0,16,1.7795064139366144,-4.703393178997618,-4.942030180825127
4038,pp,0.05,0.0,51,1.9932139849662782,-8.313448890050251,-7.071113742722405
4039,do,0.05,0.0,24,1.8342972052097322,-4.136687142921216,-3.962255517641703
4040,pp,0.05,0.0,44,2.470440001487731,-6.309793519973755,-5.7337007840474445
4041,do,0.05,0.0,30,2.4487922072410573,-4.940226153171424,-5.160576441552904
4042,pp,0.05,0.0,28,1.8424088847637181,-5.66250260959972,-5.001796171400282
4043,do,0.05,0.0,64,2.0493641579151145,-7.534187017787587,-7.066723969247606
4044,pp,0.05,0.0,14,1.757587513923645,-5.162297310973659,-4.655107662412855
4045,do,0.05,0.0,70,2.328771889209748,-5.75930376775337,-6.284993365075853
4046,pp,0.05,0.0,70,2.05786551117897,-7.521111177675651,-5.8612902826733055
4047,do,0.05,0.0,37,2.3134604692459115,-5.4265191424976695,-5.267346705330743
4048,pp,0.05,0.0,29,2.2361449122428896,-5.576811261610551,-4.767872103055319
4049,do,0.05,0.0,11,1.9403563547134395,-4.5316790985338615,-4.332906713750627
4050,pp,0.05,0.0,32,1.4421999049186702,-5.815160637190847,-5.704082157876757
4051,do,0.05,0.0,18,2.0198240065574646,-3.935439536065766,-3.9473621050516763
4052,pp,0.05,0.0,44,2.411664149761199,-5.77884384357568,-5.309671145015293
4053,do,0.05,0.0,20,1.308224444389344,-5.092072017265089,-6.1654484934277
4054,pp,0.05,0.0,61,3.4871980798244477,-7.033526289101803,-6.289537411265903
4055,do,0.05,0.0,70,1.7579129803180686,-7.0127621159409035,-6.751869455973307
4056,pp,0.05,0.0,55,2.594109188318253,-6.67285088336829,-5.502626991271972
4057,do,0.05,0.0,25,2.055660057067872,-4.381784069899357,-4.367567427953085
4058,pp,0.05,0.0,35,2.8608100616931926,-5.3736185622937755,-4.5686841408411665
4059,do,0.05,0.0,49,2.1323578917980193,-5.195207935391051,-5.0262132618162365
4060,pp,0.05,0.0,70,1.3584404563903814,-6.112691259384155,-6.024501204490662
4061,do,0.05,0.0,70,2.8267449724674227,-6.120354399536595,-6.265233670340644
4062,pp,0.05,0.0,64,2.630955128669738,-6.148939213608251,-5.394397351476881
4063,do,0.05,0.0,48,1.5715391016006475,-6.085361717686508,-5.764019939634535
4064,pp,0.05,0.0,41,0.9912190997600563,-6.379657491048177,-5.74196146859063
4065,do,0.05,0.0,18,1.8142800581455232,-4.230332929437811,-4.118719601631165
4066,pp,0.05,0.0,70,3.170028449296952,-5.68072359345176,-5.368805201848348
4067,do,0.05,0.0,11,1.6041896462440492,-4.178724963737257,-4.550206910239326
4068,pp,0.05,0.0,32,1.5534210741519932,-5.773896984620528,-5.110244120491876
4069,do,0.05,0.0,70,1.7803527951240543,-5.450067023074988,-5.983558572663201
4070,pp,0.05,0.0,70,2.6619603967666627,-6.099053182023944,-5.517452065149943
4071,do,0.05,0.0,60,2.1358630716800686,-5.677125290668372,-5.49595632288191
4072,pp,0.05,0.0,24,2.15587363243103,-5.566042770038951,-4.87390837404463
4073,do,0.05,0.0,25,1.8336596953868867,-4.818116423577973,-4.966837769084506
4074,pp,0.05,0.0,50,2.1441576373577114,-6.24838445258863,-5.666858204205831
4075,do,0.05,0.0,23,2.2599933195114135,-4.875224720348012,-5.431697837511698
4076,pp,0.05,0.0,62,1.3226518309116368,-6.852032355106238,-6.230784275796679
4077,do,0.05,0.0,18,0.6435179686546331,-5.327442371484005,-6.550723690456814
4078,pp,0.05,0.0,70,1.0872200739383704,-6.4134801936872075,-5.75308912065294
4079,do,0.05,0.0,70,2.095672719478608,-6.81150953986428,-6.664550418323941
4080,pp,0.05,0.0,23,2.2855824863910685,-5.696386152325254,-5.297591286235385
4081,do,0.05,0.0,9,1.3170679938793182,-4.73211885654565,-4.503761982917785
4082,pp,0.05,0.0,25,2.303523404598237,-6.320146196538752,-5.753859286838107
4083,do,0.05,0.0,19,2.3040987849235535,-4.553847442973744,-4.743111586570739
4084,pp,0.05,0.0,63,3.2731645143032075,-5.779709356481379,-5.180776654349433
4085,do,0.05,0.0,53,1.8221363115310671,-6.340970144849835,-6.195000449816386
4086,pp,0.05,0.0,40,1.6126614928245546,-5.75128589109941,-4.910571217536926
4087,do,0.05,0.0,18,1.9616251504421234,-4.51662756168481,-4.6544378068712025
4088,pp,0.05,0.0,54,2.280585436820984,-6.164955381913619,-5.435253053241306
4089,do,0.05,0.0,52,0.6115011155605306,-8.04502704071276,-8.42779213057624
4090,pp,0.05,0.0,52,2.314637706279754,-7.130029103250214,-6.218720324834188
4091,do,0.05,0.0,26,2.2847109234333045,-5.487542987592293,-6.684831425878737
4092,pp,0.05,0.0,48,4.295300139188767,-5.75581378214287,-5.290329615275065
4093,do,0.05,0.0,20,2.454387998580933,-4.566327525630141,-5.002114685376485
4094,pp,0.05,0.0,69,3.0343528175354013,-6.456400296182343,-5.200496641794841
4095,do,0.05,0.0,9,1.045485599040985,-4.549372660030018,-4.571990630361769
4096,pp,0.05,0.0,14,2.293271640539169,-5.056019681872743,-4.270067760679457
4097,do,0.05,0.0,53,2.445909305810928,-6.157734560244011,-7.271921282344394
4098,pp,0.05,0.0,49,2.5141006970405577,-6.425527165152809,-5.722271622551812
4099,do,0.05,0.0,39,2.2895110261440275,-4.745393134608413,-5.2068545950783625
4100,pp,0.05,0.0,46,1.479010605812073,-7.580726817159942,-6.792302038934496
4101,do,0.05,0.0,46,1.8660717415809636,-4.895147479664196,-5.952866556909349
4102,pp,0.05,0.0,30,1.1861885762214648,-7.0371429327762485,-6.121411151356167
4103,do,0.05,0.0,27,1.3868823540210728,-5.06898027044354,-5.820458459854126
4104,pp,0.05,0.0,23,3.2329987275600427,-5.086661583004576,-4.445397922727797
4105,do,0.05,0.0,52,2.245813207626343,-5.829739726673473,-7.304597277111477
4106,pp,0.05,0.0,70,1.5694784545898441,-6.644877104325728,-6.089740991592407
4107,do,0.05,0.0,18,1.9211064279079437,-4.137114764704849,-4.156191142400106
4108,pp,0.05,0.0,65,2.9762151169776923,-6.125568050326723,-5.43088620768653
4109,do,0.05,0.0,59,1.078412268161773,-5.787044028079871,-7.47069902949863
4110,pp,0.05,0.0,49,1.2381811761856074,-6.894682564879909,-6.004713405503167
4111,do,0.05,0.0,12,0.8802348768711088,-4.549872229316017,-4.606457376480103
4112,pp,0.05,0.0,56,2.688620760440826,-6.485468022028605,-5.566488589180841
4113,do,0.05,0.0,70,2.0028022730350488,-6.776209822568027,-5.876494850052728
4114,pp,0.05,0.0,22,2.0281255757808685,-4.4425733479586516,-3.9151607433954876
4115,do,0.05,0.0,50,2.049191762208938,-7.813230294892282,-7.623286951912774
4116,pp,0.05,0.0,26,1.9747816979885098,-6.633124579805316,-5.56172354221344
4117,do,0.05,0.0,15,1.8285089504718783,-4.815264529892892,-4.434535476896498
4118,pp,0.05,0.0,23,2.0197306954860688,-5.3319386251045,-4.570000831286112
4119,do,0.05,0.0,62,1.3797404348850248,-6.075462743007775,-6.072404517067803
4120,pp,0.05,0.0,18,2.0360783088207244,-4.361238022284074,-3.668305516242981
4121,do,0.05,0.0,65,3.303821462392807,-6.186324243834524,-5.595271950297885
4122,pp,0.05,0.0,45,1.6906173837184904,-6.673885419152,-5.637377481990391
4123,do,0.05,0.0,16,1.7875614798068993,-5.611694630709562,-5.678371204270257
4124,pp,0.05,0.0,22,1.5919679677486425,-4.451678604068178,-3.957430304421319
4125,do,0.05,0.0,13,1.8197748577594757,-4.946111848137596,-4.359015197224087
4126,pp,0.05,0.0,70,1.4767757618427275,-8.16732944575223,-6.772539480527242
4127,do,0.05,0.0,56,2.7575636506080627,-6.510994808601611,-5.895069840219286
4128,pp,0.05,0.0,44,2.4336886870861054,-5.727324046510638,-4.9899290455712215
4129,do,0.05,0.0,48,2.5238433516025545,-6.220054321578055,-5.502436290846931
4130,pp,0.05,0.0,50,2.0218233740329747,-5.2170715346480865,-4.753064141008589
4131,do,0.05,0.0,9,1.188172134160995,-5.900221174413508,-5.3303025669521755
4132,pp,0.05,0.0,7,1.085374281406403,-4.434135502034968,-3.852295253011915
4133,do,0.05,0.0,24,2.703674037456512,-5.067916414954445,-4.998080733087328
4134,pp,0.05,0.0,22,3.1270322871208185,-7.690845869526719,-5.824069386058383
4135,do,0.05,0.0,42,1.946805725097656,-6.002329976630933,-5.238282839457194
4136,pp,0.05,0.0,70,0.9735384833812706,-8.254625938877915,-6.342054843902588
4137,do,0.05,0.0,70,1.9034420621395114,-6.543643010746349,-5.950434727138943
4138,pp,0.05,0.0,15,2.172557499408722,-4.5593058253779555,-3.989733764860365
4139,do,0.05,0.0,64,0.9440297484397888,-7.134468374830304,-6.850150118933784
4140,pp,0.05,0.0,38,2.2292318427562705,-5.135135289394494,-4.321357425053915
4141,do,0.05,0.0,70,2.4097066509723666,-6.7957337841843115,-6.106954391797384
4142,pp,0.05,0.0,46,2.0039564311504368,-7.068304667328343,-5.827721526887681
4143,do,0.05,0.0,34,2.3312087941169732,-6.056074171355276,-5.875119074185689
4144,pp,0.05,0.0,15,1.5581664133071902,-5.033359466899525,-4.615261244773865
4145,do,0.05,0.0,45,1.9225509643554695,-6.139254057046139,-5.4609222597546045
4146,pp,0.05,0.0,38,2.2311432135105127,-5.573911432786422,-4.993795821401808
4147,do,0.05,0.0,33,2.4195341825485235,-4.984797260978005,-4.545858323574066
4148,pp,0.05,0.0,70,3.305052136182784,-6.087995032108191,-4.99657354619768
4149,do,0.05,0.0,41,2.035415275096894,-6.943690414139719,-6.321588240729438
4150,pp,0.05,0.0,70,2.199667900800705,-6.560036321119829,-5.944661238458422
4151,do,0.05,0.0,70,2.748056818246841,-5.541671372904922,-4.959060419930352
4152,pp,0.05,0.0,38,2.506106351613999,-6.504649003346761,-5.018645638889737
4153,do,0.05,0.0,66,2.433950933218002,-5.681703161470818,-5.09494071536594
4154,pp,0.05,0.0,19,1.6948153555393217,-4.821380665808013,-4.384643586476644
4155,do,0.05,0.0,38,1.9105759537220006,-5.7442160230694395,-5.327724554803637
4156,pp,0.05,0.0,70,1.5508725583553327,-6.83273720741272,-5.584142507447137
4157,do,0.05,0.0,15,1.8906037843227388,-4.988735282782352,-4.641129671202766
4158,pp,0.05,0.0,41,1.2960700595378887,-6.265090381737911,-5.7528315014309355
4159,do,0.05,0.0,40,2.986653155088425,-5.197762693058361,-4.787403252389696
4160,pp,0.05,0.0,40,2.643122251033782,-6.053528251069965,-5.155048359764947
4161,do,0.05,0.0,41,2.967768129110337,-5.083082668709032,-4.575871135128869
4162,pp,0.05,0.0,70,2.0319522285461424,-5.747980513717189,-5.096557850307889
4163,do,0.05,0.0,66,2.446638206243515,-6.1069119294484455,-5.538693806860182
4164,pp,0.05,0.0,55,2.543114430904388,-5.450876201282848,-4.651087843047248
4165,do,0.05,0.0,59,3.2814830052852635,-6.0390363678787695,-5.722706842422485
4166,pp,0.05,0.0,70,2.642514795064927,-7.27407812349724,-6.117242887285021
4167,do,0.05,0.0,39,1.9573624026775365,-5.919088233600963,-6.140519775284661
4168,pp,0.05,0.0,70,2.2402514910697935,-6.500431981231227,-6.233841284116109
4169,do,0.05,0.0,36,2.418053704500198,-6.474665836854414,-6.279741536246406
4170,pp,0.05,0.0,70,1.2173268747329704,-7.953032116456465,-6.901457431581285
4171,do,0.05,0.0,70,3.3145661091804506,-6.344581919005423,-5.471357703208923
4172,pp,0.05,0.0,40,1.5682089984416967,-6.476414239767826,-5.681933781835768
4173,do,0.05,0.0,39,3.754530448913574,-6.015508618499293,-5.494895339012146
4174,pp,0.05,0.0,68,2.8246835875511165,-6.494760477181637,-5.698334863450792
4175,do,0.05,0.0,32,2.7766624891757976,-5.195515144232548,-4.8426119989819
4176,pp,0.05,0.0,44,2.858835142850875,-6.273368887467818,-5.280506526099311
4177,do,0.05,0.0,70,1.8137231218814858,-7.796271618929777,-6.856097062428792
4178,pp,0.05,0.0,70,2.543281707763673,-6.435417887658784,-5.625309787856208
4179,do,0.05,0.0,20,2.2791288113594055,-6.0350154269825325,-5.416299671596951
4180,pp,0.05,0.0,54,2.9125074386596683,-5.970403461745291,-4.992412159177992
4181,do,0.05,0.0,10,1.1356629884243006,-5.17510342019977,-4.608576048745049
4182,pp,0.05,0.0,11,1.546439999341965,-5.024232397657452,-4.537965326839023
4183,do,0.05,0.0,70,3.062256169319153,-6.467160271153306,-5.772283474604289
4184,pp,0.05,0.0,15,2.3403613901138307,-4.754307966521292,-4.264569878578186
4185,do,0.05,0.0,67,3.4600850057601935,-6.144263566624034,-5.370701048109266
4186,pp,0.05,0.0,68,2.686970585584641,-6.140053795323228,-5.623939288987054
4187,do,0.05,0.0,70,2.8959955215454105,-6.801405730391994,-6.161624813079834
4188,pp,0.05,0.0,42,3.1289486837387077,-8.242276948871034,-6.424866358439128
4189,do,0.05,0.0,67,3.1377427256107326,-5.760469289259477,-5.184285849995083
4190,pp,0.05,0.0,46,2.441283416748047,-6.327389958410552,-5.6889107518725925
4191,do,0.05,0.0,58,2.622738003730775,-5.558260231307059,-5.239207220077515
4192,pp,0.05,0.0,59,2.139579111337662,-6.552553214448871,-5.926873371336195
4193,do,0.05,0.0,47,2.8896077668666837,-6.105149377476085,-5.506975936889648
4194,pp,0.05,0.0,44,2.489686620235444,-6.549860595934319,-5.590130307939318
4195,do,0.05,0.0,56,2.5485075938701636,-6.54291444980737,-6.069144566853841
4196,pp,0.05,0.0,26,2.188168245553971,-6.004724901372736,-5.117495192421807
4197,do,0.05,0.0,63,2.5009500682353973,-6.264361241369537,-5.579355422655741
4198,pp,0.05,0.0,47,3.36994371175766,-5.9278483824296435,-5.47670152452257
4199,do,0.05,0.0,59,2.5297267854213707,-6.146791557832198,-5.611358621385363
4200,pp,0.05,0.0,70,2.2198916935920714,-7.3837113178137574,-6.419559635056389
4201,do,0.05,0.0,45,2.492323673963547,-5.823171020276619,-5.530754052268135
4202,pp,0.05,0.0,52,3.105317519903183,-5.793467030380711,-4.892047786712647
4203,do,0.05,0.0,26,2.4935372078418734,-5.612334312092174,-5.553748350673252
4204,pp,0.05,0.0,47,1.519500164985656,-7.681919729348385,-6.6847986115349665
4205,do,0.05,0.0,51,3.1460663259029387,-5.912982073697177,-5.25505543284946
4206,pp,0.05,0.0,60,2.717504746913911,-5.910235675175985,-5.538804859585232
4207,do,0.05,0.0,55,3.090273488759994,-6.858345180569273,-6.038955521583557
4208,pp,0.05,0.0,36,2.0607480823993676,-7.081475643678145,-6.143915891647339
4209,do,0.05,0.0,18,2.4487291157245643,-5.894092913829919,-6.220540372530619
4210,pp,0.05,0.0,27,2.371292012929916,-7.776067132660837,-6.9748370011647545
4211,do,0.05,0.0,32,1.4426737475395193,-6.324908307104399,-5.379565199216207
4212,pp,0.05,0.0,37,1.5446486067771916,-6.434045949126735,-5.7874172978931
4213,do,0.05,0.0,34,1.181504017114639,-6.786240899924076,-5.9406356043285795
4214,pp,0.05,0.0,20,2.2310197043418887,-6.5705512350255795,-5.6370800018310545
4215,do,0.05,0.0,42,3.3499766850471495,-6.0943798021836715,-6.367045336299473
4216,pp,0.05,0.0,20,2.463248000144958,-6.13086131847266,-5.604589541753133
4217,do,0.05,0.0,9,1.60871367752552,-5.0230903524341,-4.733793483840095
4218,pp,0.05,0.0,24,2.507378060817719,-5.453015539862893,-4.995117984877693
4219,do,0.05,0.0,12,1.7099134647846226,-6.273578035470211,-5.142449959119161
4220,pp,0.05,0.0,16,1.6932870769500727,-5.646872649048314,-4.530546519491407
4221,do,0.05,0.0,5,1.0666055500507357,-5.570653281067357,-4.492977499961853
4222,pp,0.05,0.0,12,1.5011193048954006,-4.958929845058557,-4.442090405358209
4223,do,0.05,0.0,65,2.214845237731933,-7.143250478397716,-6.202012178632948
4224,pp,0.05,0.0,20,1.8210654759407046,-5.714543203874068,-5.002126214239333
4225,do,0.05,0.0,7,0.2812013220787053,-5.369833012783166,-4.7552158753077185
4226,pp,0.05,0.0,10,1.4189342725276948,-5.282564807660652,-4.256214592191908
4227,do,0.05,0.0,21,0.8594518649578085,-6.765531886707652,-6.326719601949056
4228,pp,0.05,0.0,51,2.449159746170044,-7.05407794750098,-7.077869266933865
4229,do,0.05,0.0,11,0.6861549437046053,-5.57759561105208,-5.108502133687337
4230,pp,0.05,0.0,17,2.2856557011604313,-5.273264541047992,-4.825515506002638
4231,do,0.05,0.0,14,2.4528893899917605,-5.667642681526416,-4.701416614320543
4232,pp,0.05,0.0,21,3.4543768799304955,-5.175218511350227,-4.6177859597735935
4233,do,0.05,0.0,33,2.274735931158065,-6.854430776653868,-6.032879106203715
4234,pp,0.05,0.0,47,2.48754886507988,-6.298907712011626,-5.420470489395989
4235,do,0.05,0.0,11,0.8077448177337647,-5.963338334632643,-5.9145682599809435
4236,pp,0.05,0.0,12,1.1001323056221013,-5.149162504889748,-4.5108495818244085
4237,do,0.05,0.0,21,1.0577226758003233,-6.418889256679651,-7.360735940933227
4238,pp,0.05,0.0,22,2.5503840088844303,-5.384641669013283,-4.339710182613796
4239,do,0.05,0.0,69,1.214578037261962,-9.342768593990442,-9.739006423950196
4240,pp,0.05,0.0,48,2.1466437792778024,-9.758713616746844,-8.187707755300734
4241,do,0.05,0.0,47,4.302800775766372,-5.534730821667296,-5.335984839333428
4242,pp,0.05,0.0,66,2.9069036602973934,-6.430249283530495,-5.641074315706889
4243,do,0.05,0.0,49,1.7645647156238553,-6.979588679111365,-5.997636726167467
4244,pp,0.05,0.0,63,3.066622983217239,-6.55998873277144,-5.810823024643792
4245,do,0.05,0.0,70,2.2026752245426167,-8.59771407734264,-7.621804587046305
4246,pp,0.05,0.0,48,2.2731882953643803,-6.430981478546605,-5.686878940794203
4247,do,0.05,0.0,70,2.32143944978714,-7.06440360473864,-8.173423608144125
4248,pp,0.05,0.0,63,1.8846328878402714,-5.622892155791774,-5.2981753269831335
4249,do,0.05,0.0,25,2.1376287281513218,-8.818917768651788,-6.902728324466281
4250,pp,0.05,0.0,59,3.1183094739913937,-11.830359224839643,-8.50163261625502
4251,do,0.05,0.0,70,2.7584965133666994,-7.883981308792577,-6.463328570789761
4252,pp,0.05,0.0,25,1.8492818021774298,-4.847360959197536,-4.506657067934672
4253,do,0.05,0.0,64,2.969159815311433,-6.570384123831085,-5.881830684343973
4254,pp,0.05,0.0,27,2.816560635566711,-6.162805029840181,-5.348897992240058
4255,do,0.05,0.0,6,-0.03266225099563602,-5.789012030399207,-5.671911515129937
4256,pp,0.05,0.0,56,1.7467879891395564,-6.794047683658022,-6.31525403658549
4257,do,0.05,0.0,47,2.2583001625537875,-8.250184856761585,-8.249238973193698
4258,pp,0.05,0.0,62,2.916440820693971,-8.522781032504458,-7.567174609502157
4259,do,0.05,0.0,70,1.5424893617630007,-7.767364925326723,-6.600736753145854
4260,pp,0.05,0.0,67,1.11531737089157,-7.251384337743123,-6.20361963642968
4261,do,0.05,0.0,53,3.3338160717487337,-6.204034571214156,-6.04210401640998
4262,pp,0.05,0.0,70,3.5042561948299413,-6.49392216277845,-5.637336020999484
4263,do,0.05,0.0,6,0.6735221314430238,-4.741225570620912,-4.733564813931783
4264,pp,0.05,0.0,20,0.543905062675476,-7.101583521293871,-6.536788336435953
4265,do,0.05,0.0,69,3.3246873021125793,-6.50872089212591,-6.867683026525709
4266,pp,0.05,0.0,60,2.9805706810951236,-6.2879707365325,-8.12726060549418
4267,do,0.05,0.0,20,0.9365117800235749,-6.508295728221084,-5.77731065220303
4268,pp,0.05,0.0,61,2.686652052402496,-6.264116660031405,-5.634610486030579
4269,do,0.05,0.0,7,1.1093625748157505,-5.343556758129235,-5.1501067691379125
4270,pp,0.05,0.0,29,1.5444776701927188,-6.264925539132321,-5.5673872974183825
4271,do,0.05,0.0,70,1.5914169335365305,-8.044834785750417,-7.668550170792473
4272,pp,0.05,0.0,69,2.750498929023742,-5.963029537778912,-5.656116067038642
4273,do,0.05,0.0,70,2.237793803215027,-6.649134599801266,-6.592510986328125
4274,pp,0.05,0.0,33,1.3619307768344875,-6.36477816177137,-5.672364921040005
4275,do,0.05,0.0,64,1.4976449179649354,-8.134814924182313,-7.248388126161363
4276,pp,0.05,0.0,70,1.365447247028352,-7.638798632766261,-6.533620691299438
4277,do,0.05,0.0,42,1.7149289226531987,-6.635364740545099,-5.800195248921712
4278,pp,0.05,0.0,25,0.9681455624103545,-5.639774651960893,-5.195043796963162
4279,do,0.05,0.0,61,2.015501116514206,-8.205578578602184,-8.079082621468437
4280,pp,0.05,0.0,35,4.937676720619201,-6.5978708296111135,-6.806065787209405
4281,do,0.05,0.0,70,1.6596391868591311,-8.939143242980494,-8.501011530558268
4282,pp,0.05,0.0,64,3.05222976922989,-7.63506765943585,-6.513882475429111
4283,do,0.05,0.0,55,1.981480691432953,-8.11726333733761,-8.418946764204238
4284,pp,0.05,0.0,70,2.904654144048691,-7.716326290188413,-6.987798921267191
4285,do,0.05,0.0,12,0.877516018152237,-5.775558530923092,-6.637780139181349
4286,pp,0.05,0.0,19,2.791645435094834,-4.876851318821762,-4.473338993390401
4287,do,0.05,0.0,70,1.6889227414131165,-7.5488040302738995,-6.916605763965183
4288,pp,0.05,0.0,66,1.4262074100971223,-7.324804090731072,-6.44644250869751
4289,do,0.05,0.0,6,0.701597347259522,-5.58574555570429,-5.223205886946785
4290,pp,0.05,0.0,69,1.6416379177570342,-7.368608948678681,-6.861338509453668
4291,do,0.05,0.0,35,2.434327362775802,-8.407910374439124,-8.541534286075168
4292,pp,0.05,0.0,29,3.4438842582702636,-5.793731729912035,-6.110857677459717
4293,do,0.05,0.0,30,1.5510230255126949,-7.234061676083189,-7.540461752149794
4294,pp,0.05,0.0,41,1.8927642917633056,-7.416506549083826,-6.500089730156793
4295,do,0.05,0.0,51,1.5761065101623544,-9.234388519055916,-9.16677351527744
4296,pp,0.05,0.0,49,2.1589836740493773,-7.907643683751425,-6.828581198056539
4297,do,0.05,0.0,37,1.79152832865715,-6.63006802183209,-6.857455327775743
4298,pp,0.05,0.0,11,1.2638907825946806,-5.25429293459112,-4.594469351238675
4299,do,0.05,0.0,45,1.9399423003196716,-7.501725767598008,-8.301502601305645
4300,pp,0.05,0.0,41,3.321612230539322,-6.065919816855228,-5.003625166416168
4301,do,0.05,0.0,22,1.0456710588932037,-6.548177951754946,-7.216384024090237
4302,pp,0.05,0.0,53,1.4567896842956545,-7.6075759555354265,-6.764727221594916
4303,do,0.05,0.0,65,2.9968977785110473,-6.551905054034608,-7.041101551055908
4304,pp,0.05,0.0,21,2.3954986619949343,-6.054703912590489,-4.879361732800802
4305,do,0.05,0.0,70,3.507533361315727,-4.413795494310784,-4.030020089944204
4306,pp,0.05,0.0,42,2.4105257028341294,-4.631014917836045,-3.9206985976960924
4307,do,0.05,0.0,24,1.4009916925430304,-5.074466331077344,-4.953872193230523
4308,pp,0.05,0.0,17,2.5548632586002356,-4.1878467198574185,-3.65050046576394
4309,do,0.05,0.0,70,4.389828119277954,-5.071776566360936,-4.82912691699134
4310,pp,0.05,0.0,24,2.7952267825603485,-4.833487766439265,-4.011903315120273
4311,do,0.05,0.0,23,1.2002801501750948,-6.15686386570786,-5.330887034204271
4312,pp,0.05,0.0,70,1.7704774785041808,-7.636645237604777,-6.599473529391819
4313,do,0.05,0.0,70,0.26576382637023777,-7.530831147685196,-6.510814566082424
4314,pp,0.05,0.0,62,0.6876458656787872,-7.295518291357792,-5.792358385192023
4315,do,0.05,0.0,65,-0.024609915018082518,-8.670575073993568,-8.722187169392903
4316,pp,0.05,0.0,21,1.2802876174449924,-5.952996873855591,-5.353052459822761
4317,do,0.05,0.0,41,3.541034572124481,-5.3218236952117,-5.5330311112933686
4318,pp,0.05,0.0,70,2.9687277901172626,-5.963582145806515,-5.1146229399575125
4319,do,0.05,0.0,42,2.3149911475181577,-6.396291667764837,-5.467576599121093
4320,pp,0.05,0.0,53,1.4698412668704997,-7.342033530726577,-6.3414280149671765
4321,do,0.05,0.0,35,2.5613648498058312,-5.017328414050016,-4.6440466443697614
4322,pp,0.05,0.0,26,2.9008452796936037,-4.449328012899919,-3.9763970600234138
4323,do,0.05,0.0,22,2.366981470584869,-4.954547425472375,-4.723254421022204
4324,pp,0.05,0.0,21,2.762715439796448,-4.444616041761456,-3.8552618900934856
4325,do,0.05,0.0,70,1.6145292949676513,-7.317975982030233,-6.55577663315667
4326,pp,0.05,0.0,38,2.9631214570999145,-5.097857640006326,-4.452484014299181
4327,do,0.05,0.0,43,1.2364297127723693,-6.63048869190794,-6.835132031970554
4328,pp,0.05,0.0,70,1.91069039940834,-5.866732048265861,-5.2066181156370375
4329,do,0.05,0.0,51,1.2130320715904226,-8.310016425450643,-7.537963024775187
4330,pp,0.05,0.0,39,2.024721271991729,-6.77251129583879,-5.767889134089152
4331,do,0.05,0.0,55,1.5490793740749371,-8.144834777080652,-7.616429524951511
4332,pp,0.05,0.0,34,1.932517930269242,-5.68279800270543,-4.904046108987596
4333,do,0.05,0.0,38,1.7561334514617926,-8.186121140104351,-6.968414227167766
4334,pp,0.05,0.0,37,2.5225906312465662,-6.449243036905925,-5.3870512233840095
4335,do,0.05,0.0,70,-0.8275500774383548,-9.565879126751062,-8.9283821688758
4336,pp,0.05,0.0,32,1.9313556492328647,-5.934815210284609,-4.9205860363112555
4337,do,0.05,0.0,53,-0.23381375551223726,-8.28811794049812,-7.5147867679595945
4338,pp,0.05,0.0,48,1.921981434822083,-7.176429002935236,-5.862392897076077
4339,do,0.05,0.0,48,1.2944261670112613,-8.218754161487926,-8.020050700505575
4340,pp,0.05,0.0,28,2.8984910619258883,-5.028017778107614,-4.489670679304335
4341,do,0.05,0.0,40,2.1727509403228753,-6.3346728310440525,-6.107125902175904
4342,pp,0.05,0.0,24,2.5313091301918034,-5.92529577775435,-4.888680715031094
4343,do,0.05,0.0,18,1.2799218487739559,-4.938662247224287,-4.876824418703715
4344,pp,0.05,0.0,17,1.3281919646263125,-5.109599960211551,-4.231611434618632
4345,do,0.05,0.0,42,1.420076500177383,-5.747970929290309,-6.6598662429385715
4346,pp,0.05,0.0,16,1.4857011032104488,-4.782717534267541,-4.152622758017646
4347,do,0.05,0.0,46,1.4207833254337316,-7.062414725621541,-6.697471804089016
4348,pp,0.05,0.0,25,2.6661169493198393,-4.557385479320179,-4.1911124918195934
4349,do,0.05,0.0,35,1.3372755014896391,-6.8809638427965565,-7.077181360456678
4350,pp,0.05,0.0,70,2.1433699119091028,-7.560303686604355,-5.855531069967482
4351,do,0.05,0.0,50,2.4027630198001866,-5.663187308744951,-4.940491053793165
4352,pp,0.05,0.0,29,2.585924890041351,-5.955355772827611,-4.983563568856981
4353,do,0.05,0.0,43,0.46535586237907545,-7.326122409647161,-6.7514001422458225
4354,pp,0.05,0.0,12,1.5665312469005581,-5.567617851315123,-4.79167558617062
4355,do,0.05,0.0,62,0.4651116275787359,-8.41142895149462,-8.14926381111145
4356,pp,0.05,0.0,32,2.237424741983414,-5.683535873528683,-5.2378870593176945
4357,do,0.05,0.0,32,2.050715728998184,-5.68055566296433,-5.47585388024648
4358,pp,0.05,0.0,29,3.1869873285293577,-5.728484536662246,-4.550632545683119
4359,do,0.05,0.0,56,1.2509637379646303,-8.428070949785637,-8.672672245237562
4360,pp,0.05,0.0,8,1.2153379392623895,-4.428954618627375,-3.8926325400670367
4361,do,0.05,0.0,20,-0.2926478111743922,-6.504662320108125,-6.692958558930291
4362,pp,0.05,0.0,12,0.788454939126968,-5.272287430907741,-4.390766885545519
4363,do,0.05,0.0,70,0.8252881026268009,-7.7063207033908725,-6.535267771614922
4364,pp,0.05,0.0,28,1.8456451642513283,-6.616931616176259,-5.395359537336561
4365,do,0.05,0.0,49,0.3043069148063662,-7.856624103314949,-7.39264251920912
4366,pp,0.05,0.0,70,2.0882009983062737,-7.174577808380127,-6.71648801167806
4367,do,0.05,0.0,60,1.9664119875431059,-6.5377549489339195,-6.503742546505398
4368,pp,0.05,0.0,37,2.9997250211238864,-5.603635936794859,-4.8165515502293905
4369,do,0.05,0.0,49,1.546654543876647,-7.760254150448423,-6.956482632954915
4370,pp,0.05,0.0,48,1.3896168398857114,-6.87908496278705,-5.895518059200711
4371,do,0.05,0.0,70,1.3658639204502112,-6.485601858659224,-5.891611043612162
4372,pp,0.05,0.0,12,1.1909368085861205,-5.000239089041045,-4.501639085345798
4373,do,0.05,0.0,44,0.8685013580322263,-8.044063799309008,-7.480066188176473
4374,pp,0.05,0.0,42,2.5349864995479594,-7.046206033591068,-5.924730112817552
4375,do,0.05,0.0,55,2.4185070765018466,-7.896996495217988,-7.829898728264703
4376,pp,0.05,0.0,57,2.16266406416893,-6.382525865959399,-5.47595505449507
4377,do,0.05,0.0,70,3.580898019075395,-8.104929721716678,-8.405489598380194
4378,pp,0.05,0.0,20,2.2727275884151448,-7.457302392612804,-6.046384988890754
4379,do,0.05,0.0,70,1.6385664486885068,-6.42660412643895,-5.853124456935459
4380,pp,0.05,0.0,48,1.951774258613586,-6.126792835466789,-5.661479006873237
4381,do,0.05,0.0,69,2.276804165840149,-7.813268612370346,-7.398866918351915
4382,pp,0.05,0.0,59,2.0902230620384215,-5.871583140980114,-4.815873638788859
4383,do,0.05,0.0,62,1.2814618015289305,-6.286672849366159,-5.989090034696791
4384,pp,0.05,0.0,70,2.2084202039241783,-6.338805283922138,-5.179178251160516
4385,do,0.05,0.0,38,3.1372997021675113,-6.672417111830278,-5.831164534886678
4386,pp,0.05,0.0,70,4.236028959751129,-6.217262289740822,-5.3116484920183815
4387,do,0.05,0.0,56,-0.5038289344310769,-7.867875977718469,-7.356159273783366
4388,pp,0.05,0.0,27,2.0298785090446465,-5.984076460925015,-4.890615394380357
4389,do,0.05,0.0,47,1.6105654919147492,-5.536527795502634,-4.866712697347006
4390,pp,0.05,0.0,45,0.5767578554153445,-6.651986970323505,-5.545512753062778
4391,do,0.05,0.0,18,1.2165897858142856,-5.229051178151911,-4.84182292620341
4392,pp,0.05,0.0,24,2.3958747327327723,-5.55686875112129,-4.689731955528259
4393,do,0.05,0.0,70,1.0763835740089416,-7.223189368392482,-6.671354791853163
4394,pp,0.05,0.0,23,1.8869044744968413,-5.508543725447221,-4.714366483688354
4395,do,0.05,0.0,13,-0.7128723490238187,-6.391170877398866,-5.780597612592909
4396,pp,0.05,0.0,35,1.0850989508628848,-6.439399570407289,-5.316059364212884
4397,do,0.05,0.0,69,2.9796225774288176,-5.956845270503651,-5.324311007393731
4398,pp,0.05,0.0,41,3.6478615438938142,-5.665926957852912,-5.38366010983785
4399,do,0.05,0.0,70,2.7054886126518243,-5.851428839654633,-5.151887496312459
4400,pp,0.05,0.0,39,2.076599661111832,-7.091015512293035,-6.172694402270847
4401,do,0.05,0.0,53,2.4820241308212285,-7.0284426414605345,-6.445839352077908
4402,pp,0.05,0.0,70,2.584145647287369,-6.359488959745927,-5.601703765657213
4403,do,0.05,0.0,70,0.136306236982346,-7.301126896251332,-6.495491737789578
4404,pp,0.05,0.0,45,1.6045876741409302,-7.584098971973766,-6.935415567292107
4405,do,0.05,0.0,70,3.301169511079787,-6.522594623854666,-5.953015642695957
4406,pp,0.05,0.0,70,2.1857464849948887,-8.005506746696703,-6.75129463672638
4407,do,0.05,0.0,15,1.210792204141617,-4.113954853289055,-3.8424219714270698
4408,pp,0.05,0.0,20,1.2078017187118526,-4.895978525913123,-4.41950626373291
4409,do,0.05,0.0,40,1.5739449274539954,-7.669879976908366,-6.840675364600288
4410,pp,0.05,0.0,31,1.5917317020893096,-5.121403668143532,-4.5065089702606205
4411,do,0.05,0.0,60,1.541427938938142,-7.773124129844434,-7.067453781763713
4412,pp,0.05,0.0,38,2.9425877177715307,-6.246773718342636,-5.627585493193733
4413,do,0.05,0.0,52,2.1853633868694304,-5.957633716409856,-5.298213831583658
4414,pp,0.05,0.0,61,2.04379432797432,-7.57620198654406,-6.302678378423055
4415,do,0.05,0.0,62,3.3639748156070715,-6.305441298629298,-5.688263302379184
4416,pp,0.05,0.0,60,3.196227332353592,-5.6014507929484045,-5.593583480517069
4417,do,0.05,0.0,62,1.3167539548873899,-6.0234136841513894,-5.680702620082432
4418,pp,0.05,0.0,21,1.7710585546493522,-6.372797185724432,-5.774839684698317
4419,do,0.05,0.0,48,2.2757766127586363,-7.012811533610026,-7.1036449829737345
4420,pp,0.05,0.0,33,2.8120918905735017,-6.173686562162457,-4.84253929456075
4421,do,0.05,0.0,12,1.8851967597007748,-4.203889818625017,-4.0695677955945335
4422,pp,0.05,0.0,33,2.539481517076492,-6.154220575274843,-5.361626550886366
4423,do,0.05,0.0,23,1.7052062892913815,-5.183934470378992,-4.4347372598118255
4424,pp,0.05,0.0,31,3.2655378890037534,-5.764566399834373,-4.901859296692742
4425,do,0.05,0.0,69,1.4834602952003477,-6.366173385851311,-6.130891296598646
4426,pp,0.05,0.0,68,1.5126692569255837,-6.28422297708916,-5.848345923423767
4427,do,0.05,0.0,37,1.952959071397781,-5.187841390840935,-4.4058954450819225
4428,pp,0.05,0.0,48,3.5203131103515624,-5.746238120396932,-4.614206981658936
4429,do,0.05,0.0,70,2.2964348423480985,-6.476801055850404,-6.240576693746779
4430,pp,0.05,0.0,56,2.336149436235428,-5.835513739152388,-5.251285452312893
4431,do,0.05,0.0,70,1.2635028338432308,-6.528760570468324,-6.266139928499857
4432,pp,0.05,0.0,70,1.1691361403465264,-6.633062683452259,-6.674196179707845
4433,do,0.05,0.0,70,4.417663428783417,-5.019933837832826,-4.571623149183061
4434,pp,0.05,0.0,29,3.359023243188857,-5.009795219970472,-4.1541230784522165
4435,do,0.05,0.0,70,0.9616250097751617,-6.785160449056915,-6.078912838300069
4436,pp,0.05,0.0,47,2.766950035095215,-5.556004898475878,-4.843829939100478
4437,do,0.05,0.0,14,1.9202795886993407,-4.222138297919071,-4.1147485600577465
4438,pp,0.05,0.0,70,3.0224212408065805,-6.781022197549993,-6.104088804456922
4439,do,0.05,0.0,67,2.724180104732513,-6.21167969270186,-5.544824192259047
4440,pp,0.05,0.0,70,2.9901674282550808,-5.711361337430549,-5.439867705769009
4441,do,0.05,0.0,70,2.529492660760879,-6.101211898977106,-5.485778045654297
4442,pp,0.05,0.0,70,1.692097560167313,-7.3031703226494065,-6.862198246849908
4443,do,0.05,0.0,36,0.7803428053855894,-6.072985572525949,-5.287675335672167
4444,pp,0.05,0.0,34,2.245913146734238,-6.291607593767571,-5.106351102723016
4445,do,0.05,0.0,44,2.201584132909775,-5.820669457406709,-5.329004306263394
4446,pp,0.05,0.0,70,1.2626602292060847,-6.135310902740017,-5.58807532787323
4447,do,0.05,0.0,30,2.3088017034530646,-5.597576278628725,-5.138429538408915
4448,pp,0.05,0.0,40,2.714315147399902,-5.381019998319221,-4.545211046271854
4449,do,0.05,0.0,22,2.321184785366058,-5.048633458397605,-4.558860092692905
4450,pp,0.05,0.0,34,3.403227061033249,-5.525603025609796,-4.813870938618978
4451,do,0.05,0.0,25,1.1705249416828156,-4.42388412807927,-3.9717258665296766
4452,pp,0.05,0.0,13,2.0293476402759554,-4.420799700419108,-3.813147269354926
4453,do,0.05,0.0,67,2.0172836720943454,-6.51753762996558,-5.907209621535407
4454,pp,0.05,0.0,46,1.2114542853832253,-6.029659386837121,-5.371400120523241
4455,do,0.05,0.0,33,2.7371540212631222,-7.8359593160224685,-7.7890093697441944
4456,pp,0.05,0.0,31,2.5115407669544227,-5.863405785416112,-5.2638458728790285
4457,do,0.05,0.0,49,2.698070857524872,-5.736810983311046,-5.080036245452034
4458,pp,0.05,0.0,12,1.7302072918415066,-5.0840309793298895,-4.309954698880514
4459,do,0.05,0.0,27,-0.06535543322563164,-5.9077847509673145,-6.422894313600328
4460,pp,0.05,0.0,70,1.538794529438019,-5.801726425055302,-5.424997833040026
4461,do,0.05,0.0,41,2.9007206368446354,-4.4626231150193645,-4.168865234322018
4462,pp,0.05,0.0,70,2.8126348233222966,-5.835056374289772,-5.111928256352742
4463,do,0.05,0.0,35,1.5238974285125728,-5.665108083956169,-6.181477650006612
4464,pp,0.05,0.0,66,2.502558878660203,-6.156166802030621,-5.702352322472466
4465,do,0.05,0.0,70,1.49400294661522,-5.723765126141635,-5.4753555271360606
4466,pp,0.05,0.0,70,1.936575031876564,-5.723043579043764,-5.440101114908854
4467,do,0.05,0.0,64,4.316634761095047,-6.738369080514619,-6.637386939260694
4468,pp,0.05,0.0,11,2.4023473417758936,-5.1214527289072675,-4.62497616344028
4469,do,0.05,0.0,17,3.0699972641468056,-6.24163520119407,-5.909784942203098
4470,pp,0.05,0.0,11,1.6918874037265779,-5.782263882954916,-5.55314514901903
4471,do,0.05,0.0,53,1.6779698634147637,-5.780279516451286,-6.146837737825182
4472,pp,0.05,0.0,63,1.4988924932479861,-7.316696086074367,-6.534126488367717
4473,do,0.05,0.0,70,4.493834851980209,-6.975526254827326,-6.416778416103787
4474,pp,0.05,0.0,70,2.9833110249042516,-7.046650805617824,-6.255339720514086
4475,do,0.05,0.0,45,3.5746959424018856,-5.375587180166534,-5.910484549734328
4476,pp,0.05,0.0,24,3.7178846013545996,-5.197724099592729,-4.375478667683072
4477,do,0.05,0.0,38,1.7656572401523594,-5.404117761958729,-5.563849523332384
4478,pp,0.05,0.0,70,1.994034934043884,-6.346957362781872,-5.599201766649882
4479,do,0.05,0.0,70,1.7451090681552888,-6.897642759843306,-6.056149874793158
4480,pp,0.05,0.0,18,2.5985384368896485,-5.333138067072088,-5.311353778839111
4481,do,0.05,0.0,52,1.671029930114746,-5.759765168392297,-5.847238087654114
4482,pp,0.05,0.0,14,1.6688404119014741,-5.513152852202907,-4.489617739783393
4483,do,0.05,0.0,70,1.9277457010746,-7.073519255898216,-6.078058216306898
4484,pp,0.05,0.0,32,2.4790084683895106,-5.95234602725867,-5.21603262424469
4485,do,0.05,0.0,30,1.5592009162902825,-6.504539680480957,-5.720161162482368
4486,pp,0.05,0.0,40,2.259045120477677,-6.942890548706055,-5.579762146208021
4487,do,0.05,0.0,70,1.7596444523334496,-7.522911539944736,-6.6099249680837
4488,pp,0.05,0.0,11,2.3645316004753116,-4.507971957235625,-3.898386310206519
4489,do,0.05,0.0,70,0.581834397315979,-6.876136037075159,-6.3058530542585585
4490,pp,0.05,0.0,36,1.0624647068977353,-7.548083396391435,-7.268572322527567
4491,do,0.05,0.0,16,-0.044340348243713024,-5.812859227440574,-5.133137514856126
4492,pp,0.05,0.0,17,1.0076124489307405,-5.255369471058701,-4.746275647481283
4493,do,0.05,0.0,26,0.9141257035732266,-6.2974347446904035,-5.660450108846029
4494,pp,0.05,0.0,44,1.493328863382339,-7.702077367089012,-6.312505989604526
4495,do,0.05,0.0,28,0.6426569747924793,-7.210587147510413,-6.502106290393406
4496,pp,0.05,0.0,4,0.7158119952678677,-4.838450501181862,-4.254149299197727
4497,do,0.05,0.0,70,-0.13143640160560643,-8.103318905107903,-7.531972302330865
4498,pp,0.05,0.0,26,2.1004056394100186,-5.239944585164388,-4.896138485272726
4499,do,0.05,0.0,50,2.150035294294357,-8.391562042814313,-6.8101738320456615
4500,pp,0.05,0.0,12,1.7175469207763676,-5.789374863017689,-4.994917970233494
4501,do,0.05,0.0,21,-0.3886756253242494,-7.025916215145227,-6.34622049331665
4502,pp,0.05,0.0,23,2.554680418968201,-4.878011314796679,-4.284817238648732
4503,do,0.05,0.0,45,2.225410412549973,-5.987597849874786,-5.44573847717709
4504,pp,0.05,0.0,30,1.58311795592308,-6.5506994897669015,-5.152906346321106
4505,do,0.05,0.0,70,0.9303406798839564,-7.5730141740856745,-7.667225498623318
4506,pp,0.05,0.0,58,1.8334605586528792,-7.993722461931633,-6.3387643628650245
4507,do,0.05,0.0,31,1.3036868047714245,-7.449739120945786,-7.172620746824476
4508,pp,0.05,0.0,48,3.5947215974330904,-7.001506751956362,-5.82469007703993
4509,do,0.05,0.0,70,0.5236485338211061,-8.37368442362005,-7.487199428346422
4510,pp,0.05,0.0,38,1.580973341464996,-6.584910602280588,-5.45393033557468
4511,do,0.05,0.0,66,2.773705532550811,-6.557231122797186,-5.703548529413012
4512,pp,0.05,0.0,33,2.8866530752181996,-6.476798777146773,-5.171050339274936
4513,do,0.05,0.0,70,1.5640330374240872,-6.586861935528842,-5.951666638586256
4514,pp,0.05,0.0,70,2.1054928326606746,-5.997962146816832,-5.297423447502984
4515,do,0.05,0.0,15,0.6525649833679195,-5.9989007487441555,-5.91142393483056
4516,pp,0.05,0.0,70,0.49973182797431903,-8.56243277607542,-7.421899218029446
4517,do,0.05,0.0,58,1.813745493888856,-7.1408645196394485,-6.807768350177341
4518,pp,0.05,0.0,17,1.7951378238201139,-5.6924264589945475,-4.880561979611715
4519,do,0.05,0.0,37,0.15736321687698318,-7.082003928675796,-6.703474971983168
4520,pp,0.05,0.0,5,0.5137989223003387,-5.152942953687726,-4.32573484049903
4521,do,0.05,0.0,33,2.206701748371125,-5.304824123960553,-5.1459310823016695
4522,pp,0.05,0.0,29,2.734491393566132,-5.170583622383349,-4.678650408320957
4523,do,0.05,0.0,1,-1.2765380787849425,-6.288715618306941,-5.760178701082865
4524,pp,0.05,0.0,40,0.8500733518600461,-7.973452320965854,-6.919106287426419
4525,do,0.05,0.0,29,1.6271796166896824,-6.367180236180624,-5.540118538008796
4526,pp,0.05,0.0,27,2.0834444463253012,-5.698980175365101,-4.773795406023662
4527,do,0.05,0.0,1,-1.3336734735965727,-6.340321556727091,-5.9474261177910694
4528,pp,0.05,0.0,32,3.565467338562012,-5.385904475414391,-4.635825500223372
4529,do,0.05,0.0,70,1.1116712534427649,-9.003832947124135,-8.217188697391085
4530,pp,0.05,0.0,32,2.1328420019149776,-5.823780236099705,-5.16039006445143
4531,do,0.05,0.0,31,2.1508288240432742,-6.032351379683523,-5.283759996626112
4532,pp,0.05,0.0,33,2.508849037885666,-6.227828496875185,-5.433823768297831
4533,do,0.05,0.0,70,2.817153393030167,-6.2942192222132824,-6.527716742621528
4534,pp,0.05,0.0,46,3.273438947200775,-5.466772557749893,-4.743539452552795
4535,do,0.05,0.0,53,2.386343531608582,-7.297213506698609,-7.584953043195936
4536,pp,0.05,0.0,25,1.9531508076190942,-6.0184043364091355,-5.303105431132846
4537,do,0.05,0.0,57,2.2991990137100213,-8.886113205823031,-7.087369386355082
4538,pp,0.05,0.0,6,0.980851777791977,-4.896982031157522,-4.184596623314752
4539,do,0.05,0.0,56,1.5665810072422035,-6.868180904966412,-6.412671844164531
4540,pp,0.05,0.0,68,2.2500586700439458,-6.738672889362682,-5.915301113658481
4541,do,0.05,0.0,66,1.8010251629352565,-5.678787248784846,-5.43449014822642
4542,pp,0.05,0.0,14,1.4182515335083012,-5.150425939848929,-4.286514449119568
4543,do,0.05,0.0,11,1.6870145690441127,-4.921025120128284,-4.98068745136261
4544,pp,0.05,0.0,41,2.292042793035508,-6.164777953696974,-5.360050227906969
4545,do,0.05,0.0,70,0.03084522247314414,-6.882271574482774,-6.545620452033149
4546,pp,0.05,0.0,23,2.1738051128387452,-4.770180790352099,-3.985163308514489
4547,do,0.05,0.0,2,-1.2942514455318452,-6.308197982383497,-5.846025429831611
4548,pp,0.05,0.0,32,1.4561338829994206,-6.329526792873036,-5.172359355290731
4549,do,0.05,0.0,70,1.0123827862739567,-7.58389851252238,-6.712403525246514
4550,pp,0.05,0.0,36,3.315247902870178,-6.417856779965487,-5.719549165831672
4551,do,0.05,0.0,27,1.2203347480297086,-6.297628443168871,-5.609955700238546
4552,pp,0.05,0.0,20,1.8352826738357537,-5.497601974371708,-4.772569502724542
4553,do,0.05,0.0,24,0.6902835273742678,-8.28084341395985,-7.962807989120483
4554,pp,0.05,0.0,57,3.043224461078645,-6.68635635953961,-5.9631107356813216
4555,do,0.05,0.0,9,-0.16280623674392647,-6.718387258414066,-7.272957558102078
4556,pp,0.05,0.0,13,1.9192759001255038,-5.805731704018333,-4.62739892800649
4557,do,0.05,0.0,70,1.1072632002830511,-7.002673248811202,-7.337798285484314
4558,pp,0.05,0.0,53,3.5458580827713018,-5.865869431062178,-5.6903818925221765
4559,do,0.05,0.0,2,-0.6754546928405762,-6.022467376246597,-5.430411132176717
4560,pp,0.05,0.0,44,4.555455307960511,-5.42688888203014,-4.429918780591753
4561,do,0.05,0.0,10,0.4398609340190891,-5.461810519478538,-5.013747461636862
4562,pp,0.05,0.0,31,2.3800591909885407,-5.8010987484093866,-5.061844536993239
4563,do,0.05,0.0,62,0.7176635515689842,-7.636413579998594,-6.844290781021118
4564,pp,0.05,0.0,40,2.6709371912479396,-5.521420918088971,-4.822989071740045
4565,do,0.05,0.0,28,1.090727981328964,-6.123199689749516,-6.7170231368806625
4566,pp,0.05,0.0,30,1.1512832999229428,-6.131560801014755,-5.266843975914849
4567,do,0.05,0.0,67,1.7350185978412629,-6.346353033817175,-5.899578717019823
4568,pp,0.05,0.0,55,2.396905066967011,-6.127299626668294,-5.444308061069912
4569,do,0.05,0.0,62,0.8538687837123877,-7.723923901355628,-6.871881114112006
4570,pp,0.05,0.0,70,0.9609120941162121,-8.140921068191528,-7.079419745339288
4571,do,0.05,0.0,70,1.0608577299118043,-7.575879458225135,-6.93043265607622
4572,pp,0.05,0.0,17,2.174118114709854,-4.612638834751014,-4.044076399008433
4573,do,0.05,0.0,70,1.595933766365052,-7.665521445418849,-7.140726645787557
4574,pp,0.05,0.0,70,2.7992804706096646,-5.588162663488677,-5.240876494513618
4575,do,0.05,0.0,57,2.2332335150241853,-8.069649564858638,-6.893174717161391
4576,pp,0.05,0.0,44,2.820931524038315,-6.359714445923314,-5.275284952587551
4577,do,0.05,0.0,70,1.509866470098495,-7.056426954269409,-6.866305851936341
4578,pp,0.05,0.0,70,2.6368587172031397,-6.7428212397026295,-6.242879144350687
4579,do,0.05,0.0,70,0.3488771116733549,-10.14473562818585,-8.433202033572726
4580,pp,0.05,0.0,39,0.89755930185318,-6.902831742257783,-5.748601116074456
4581,do,0.05,0.0,70,2.7551056826114655,-6.893483708121559,-6.325423100259569
4582,pp,0.05,0.0,57,1.8682160055637356,-6.0333172162373865,-5.600780537393358
4583,do,0.05,0.0,70,3.1036682879924777,-5.2798086715467045,-4.917240651448568
4584,pp,0.05,0.0,38,2.5264861750602723,-4.836325630997166,-4.481057039896647
4585,do,0.05,0.0,67,2.0163476479053504,-6.65003080368042,-6.061867835786607
4586,pp,0.05,0.0,47,1.7028348588943478,-6.747937182224158,-5.826059773233202
4587,do,0.05,0.0,70,1.0350762867927559,-6.680718193632184,-6.694177974594964
4588,pp,0.05,0.0,43,3.1260059463977825,-4.850302109573827,-4.2985195093684725
4589,do,0.05,0.0,62,2.788888987302781,-8.706538756688436,-8.426431618796455
4590,pp,0.05,0.0,64,4.177330107688903,-9.839639978697805,-7.406700486607022
4591,do,0.05,0.0,32,2.5951161825656888,-5.581880524664214,-4.861223920186361
4592,pp,0.05,0.0,49,3.6829602479934698,-6.419351813287446,-5.292015748553806
4593,do,0.05,0.0,31,1.4305090916156766,-5.954850253191862,-5.637284639146593
4594,pp,0.05,0.0,56,1.8582750570774085,-6.8809716990499785,-6.062306065029568
4595,do,0.05,0.0,59,1.390610753297807,-7.17984913334702,-6.106572084956699
4596,pp,0.05,0.0,39,2.045390912294388,-5.855450696656198,-5.370570233133104
4597,do,0.05,0.0,70,1.1159213745594023,-7.6581585826295795,-6.574655893113878
4598,pp,0.05,0.0,70,0.8579097414016728,-7.414095923394868,-6.494283803304037
4599,do,0.05,0.0,49,2.604043412208557,-7.279999207005356,-6.810264004601373
4600,pp,0.05,0.0,56,3.2531985437870032,-6.166236649137555,-5.376441407203674
4601,do,0.05,0.0,64,2.1355394148826594,-5.765222007578069,-6.660905146598816
4602,pp,0.05,0.0,28,1.5480233621597286,-5.220855633417766,-4.532844177881876
4603,do,0.05,0.0,70,2.2989982593059546,-6.1631734891371295,-5.50754599041409
4604,pp,0.05,0.0,35,3.388086054325104,-6.307201931693337,-5.734711572859022
4605,do,0.05,0.0,17,1.9405160224437719,-5.247919685190374,-6.413680203755697
4606,pp,0.05,0.0,62,3.507187496423721,-8.224968158837521,-7.6472461223602295
4607,do,0.05,0.0,69,0.3093261504173288,-8.379355156060422,-7.522625223795573
4608,pp,0.05,0.0,70,1.8046489560604098,-6.215078447804307,-5.6471007770962185
4609,do,0.05,0.0,31,2.10865149140358,-5.060313753648238,-4.812466319402059
4610,pp,0.05,0.0,67,2.079845300912857,-6.730994510650635,-6.729354940520393
4611,do,0.05,0.0,62,2.6915330660343164,-6.886341102195509,-5.877848630481296
4612,pp,0.05,0.0,70,2.2190112233161923,-7.5327667713165285,-6.293628030353123
4613,do,0.05,0.0,70,2.515921566486359,-6.755918512922345,-6.119677273432414
4614,pp,0.05,0.0,59,2.3040447568893434,-7.4915813388246475,-6.33916519218021
4615,do,0.05,0.0,40,0.9811984169483186,-6.770749003959424,-7.311486853493585
4616,pp,0.05,0.0,14,1.5070481479167936,-4.619404935836792,-4.10605677763621
4617,do,0.05,0.0,53,2.716582770347596,-5.976960920565056,-5.642086598608229
4618,pp,0.05,0.0,34,1.7426681673526767,-6.798851131670403,-6.317400534947713
4619,do,0.05,0.0,70,1.9061477434635155,-5.455539661465269,-5.26648732026418
4620,pp,0.05,0.0,70,1.8310352456569667,-6.76125757188508,-6.098739269044664
4621,do,0.05,0.0,70,1.0916182267665864,-7.3923157865350895,-6.594623396131728
4622,pp,0.05,0.0,70,2.671425200700761,-5.694380177873554,-5.206578040122986
4623,do,0.05,0.0,70,1.0186396682262409,-8.118315199649695,-7.096288021405538
4624,pp,0.05,0.0,70,2.8899682831764224,-7.149318627155188,-6.976325416564942
4625,do,0.05,0.0,70,2.037219830751419,-6.402576173435558,-6.360642433166504
4626,pp,0.05,0.0,21,2.891889942884446,-5.6039549553033075,-5.3347167332967125
4627,do,0.05,0.0,70,0.1689271581172953,-8.356904714757746,-8.016831567552355
4628,pp,0.05,0.0,30,2.354958052635193,-5.146749834580855,-4.810178719626533
4629,do,0.05,0.0,57,0.9357997941970826,-7.023262418400158,-6.9727292855580645
4630,pp,0.05,0.0,32,2.9409272897243506,-5.944117093808723,-5.478828485806783
4631,do,0.05,0.0,70,1.850557940006257,-7.51495345433553,-6.820441555976868
4632,pp,0.05,0.0,22,1.6629247438907626,-5.0338486555850865,-4.559415221214294
4633,do,0.05,0.0,70,1.1357265877723686,-6.994391643639767,-6.908278883828057
4634,pp,0.05,0.0,47,3.555468410253525,-7.347894469174472,-6.956167734993828
4635,do,0.05,0.0,61,2.6369806766510004,-7.464093206868027,-6.414515929751926
4636,pp,0.05,0.0,25,2.6117305386066434,-6.466896857637348,-5.491847417089674
4637,do,0.05,0.0,70,2.333266178369522,-6.0151563615509955,-5.996774837705824
4638,pp,0.05,0.0,41,2.215333534479141,-6.977830733674946,-6.541240368949042
4639,do,0.05,0.0,70,1.5788858866691582,-7.298226555910977,-6.893096833758884
4640,pp,0.05,0.0,51,2.3869242024421684,-6.96071576349663,-6.381513630019294
4641,do,0.05,0.0,15,1.457961426973343,-5.8200763413400365,-4.8474668926662865
4642,pp,0.05,0.0,14,1.623600984811782,-5.677194871324481,-4.555369676484002
4643,do,0.05,0.0,21,1.7326996755599975,-5.472471478491118,-4.795132186677721
4644,pp,0.05,0.0,41,1.9478279101848592,-7.491104151985862,-6.253276295132107
4645,do,0.05,0.0,19,0.6673517096042634,-6.936937077840169,-5.966618381606208
4646,pp,0.05,0.0,14,1.7824166500568381,-6.0234074737086445,-5.241241563691033
4647,do,0.05,0.0,62,1.3388934361934668,-7.190964958884499,-7.841917122734918
4648,pp,0.05,0.0,39,1.9769748866558077,-6.4963448712320035,-5.55573095480601
4649,do,0.05,0.0,70,2.1983422470092773,-8.126414038918234,-7.799147701263427
4650,pp,0.05,0.0,12,1.9401261138916013,-4.6625983585010875,-4.057112774584028
4651,do,0.05,0.0,67,2.476218420267106,-7.534024904713486,-7.316481643252903
4652,pp,0.05,0.0,23,2.7586853814125067,-5.380576944351196,-5.035774196518792
4653,do,0.05,0.0,70,0.44555610179900995,-8.526222913915461,-8.116326930787828
4654,pp,0.05,0.0,20,0.8082803714275357,-5.952142146139434,-5.188417511516147
4655,do,0.05,0.0,35,3.0780039286613468,-5.911506511225845,-5.62756415075726
4656,pp,0.05,0.0,46,2.559269511699677,-7.342607947551843,-6.7034309970008
4657,do,0.05,0.0,32,3.5324199104309075,-6.4736612045403685,-6.124501887957255
4658,pp,0.05,0.0,26,1.6003358268737795,-6.579353150454435,-5.265092126528422
4659,do,0.05,0.0,70,0.6206468701362606,-8.299748832529241,-8.115913491778903
4660,pp,0.05,0.0,44,2.272263511419297,-6.3627314423069805,-5.029718971252441
4661,do,0.05,0.0,10,1.7415152537822722,-5.202145449320475,-4.684606819682651
4662,pp,0.05,0.0,26,1.6773103988170632,-5.811885732592958,-4.738467505243089
4663,do,0.05,0.0,26,0.7355605840682982,-5.21104135946794,-5.3161540375815495
4664,pp,0.05,0.0,51,2.3148220968246456,-6.25818584615534,-5.485728801621331
4665,do,0.05,0.0,70,-0.1131931054592128,-7.707799602277351,-6.883210653728909
4666,pp,0.05,0.0,29,2.5968278968334193,-6.447267856019916,-5.249414581722683
4667,do,0.05,0.0,70,1.9123950719833367,-8.21151785995021,-7.657691319783528
4668,pp,0.05,0.0,63,2.28545061469078,-7.061582097140225,-5.178424112002054
4669,do,0.05,0.0,37,2.959674147367478,-6.30307871500651,-6.72948207060496
4670,pp,0.05,0.0,56,1.7647298896312726,-7.809799041170063,-6.419062124358283
4671,do,0.05,0.0,43,3.274558403491974,-5.010043144226074,-5.220570958985222
4672,pp,0.05,0.0,22,2.6215431559085847,-5.23770851799936,-4.018487254778544
4673,do,0.05,0.0,57,2.0564741897583003,-6.15760309045965,-6.529782236946954
4674,pp,0.05,0.0,70,2.6686728358268743,-6.913408332882505,-6.040617026223076
4675,do,0.05,0.0,15,1.4513485634326928,-5.037213400638465,-4.512785413530138
4676,pp,0.05,0.0,15,1.687085803747177,-5.226247488368641,-4.154642883936564
4677,do,0.05,0.0,28,1.647496976852417,-6.430363434011286,-6.180087712075975
4678,pp,0.05,0.0,55,4.122070928812027,-5.983181712121675,-5.494488475057814
4679,do,0.05,0.0,67,3.265542159080506,-5.855590105056763,-5.148889295260111
4680,pp,0.05,0.0,29,2.61932054400444,-4.8984960628278325,-4.4680137753486635
4681,do,0.05,0.0,70,2.9850674521923057,-7.881429786393137,-6.903201050228542
4682,pp,0.05,0.0,54,3.1766963541507724,-6.1416077772776285,-5.612076001697116
4683,do,0.05,0.0,17,1.6334704792499544,-4.928553087061101,-4.394334954685635
4684,pp,0.05,0.0,29,2.38423957824707,-6.418600911805124,-5.491825103759766
4685,do,0.05,0.0,40,4.718445148468017,-6.562547997272376,-5.508024830288357
4686,pp,0.05,0.0,70,3.242914322614669,-5.875670105038267,-5.137380361557007
4687,do,0.05,0.0,68,4.23141068816185,-6.0515104611714685,-5.495301678445604
4688,pp,0.05,0.0,65,3.3505112683773035,-7.21759684158094,-6.112848978572422
4689,do,0.05,0.0,22,3.6400453042984005,-5.615822459712173,-5.805504494243198
4690,pp,0.05,0.0,29,2.4972749304771424,-4.738386941678597,-4.048639987574683
4691,do,0.05,0.0,25,3.8581511044502257,-5.119649400133075,-4.988853083716498
4692,pp,0.05,0.0,21,2.374606794118881,-4.779106706561464,-3.9288840995894536
4693,do,0.05,0.0,70,1.4631878376007075,-7.381430477084535,-6.702330504523383
4694,pp,0.05,0.0,41,3.1978353989124297,-6.288032280315052,-5.6062868197758995
4695,do,0.05,0.0,30,2.3594580340385445,-5.832912848212502,-5.396658447053698
4696,pp,0.05,0.0,32,2.021581467390061,-5.950376296765876,-4.975176032384237
4697,do,0.05,0.0,32,2.793973997831345,-5.039624017657656,-5.056130851639642
4698,pp,0.05,0.0,23,2.3768726086616514,-5.21711104999889,-4.1457230832841665
4699,do,0.05,0.0,38,1.9592071187496183,-5.6997585961312955,-6.170413120587667
4700,pp,0.05,0.0,9,1.4865978217124942,-4.498632459929495,-3.88835526837243
4701,do,0.05,0.0,68,1.4308424532413477,-6.855614225792162,-6.388052005238003
4702,pp,0.05,0.0,30,3.5291019272804265,-5.228712896867232,-4.439765520890554
4703,do,0.05,0.0,62,2.762988195419311,-5.694853289199598,-5.280622453159756
4704,pp,0.05,0.0,62,2.3976151788234707,-6.174498056642937,-5.031517362594604
4705,do,0.05,0.0,52,2.727552137374878,-5.49468404452006,-5.029905981487698
4706,pp,0.05,0.0,41,2.3018277573585504,-7.8715559395876795,-6.38243953122033
4707,do,0.05,0.0,67,1.9660688114166263,-6.401857209928108,-6.38978402879503
4708,pp,0.05,0.0,10,1.6353535521030418,-5.387383385860558,-4.629361049334208
4709,do,0.05,0.0,50,2.689605048894882,-5.77488704739195,-5.71884900993771
4710,pp,0.05,0.0,50,2.7491473889350893,-7.328836130373405,-5.824879524442885
4711,do,0.05,0.0,30,1.86977792263031,-6.008586687030214,-5.5085199276606245
4712,pp,0.05,0.0,34,3.4865002965927117,-5.2150277715740785,-4.453621613979339
4713,do,0.05,0.0,70,1.402325007915497,-7.550010149406664,-8.156148237652248
4714,pp,0.05,0.0,70,1.0880268418788912,-7.9900701898517035,-7.2608037047915985
4715,do,0.05,0.0,36,1.9456804525852203,-5.7331394816889905,-5.416708315743341
4716,pp,0.05,0.0,67,1.4447411882877352,-6.781743509119207,-5.834934377670288
4717,do,0.05,0.0,9,1.4456413233280179,-5.158978980960268,-4.830501201417711
4718,pp,0.05,0.0,19,2.520365183353424,-5.162745968500773,-4.462673576672872
4719,do,0.05,0.0,17,1.7433533620834352,-5.3659468101732655,-5.2453537119759455
4720,pp,0.05,0.0,29,2.48642618894577,-5.086884179259791,-4.552113723754883
4721,do,0.05,0.0,65,2.3460672044754034,-8.315815805666375,-9.249750391642253
4722,pp,0.05,0.0,40,3.6321547663211824,-5.764959325212421,-4.962223116556803
4723,do,0.05,0.0,51,2.4274305903911593,-7.488922513615002,-6.294770378536648
4724,pp,0.05,0.0,53,2.3737456023693078,-5.798800217021595,-4.9218396875593395
4725,do,0.05,0.0,48,3.2407462823390967,-5.971606440977617,-5.958682041698032
4726,pp,0.05,0.0,16,2.018533402681351,-5.957688941377582,-4.826383307245043
4727,do,0.05,0.0,45,1.055526887178421,-6.8249779889077855,-6.7575248559316
4728,pp,0.05,0.0,70,0.6386861753463755,-8.054427629528623,-6.990439711676704
4729,do,0.05,0.0,42,2.9350906324386594,-6.287635284481627,-6.233916144900852
4730,pp,0.05,0.0,15,2.117458161115646,-5.083472783637769,-4.346645246611701
4731,do,0.05,0.0,70,1.4581017327308645,-7.7468528400767935,-6.925626532236735
4732,pp,0.05,0.0,17,1.7184390211105347,-5.248715331337669,-4.42036529911889
4733,do,0.05,0.0,51,2.968286255598068,-8.068080659346148,-7.506233681572808
4734,pp,0.05,0.0,23,2.783776730298997,-6.70747496287028,-5.684941975275676
4735,do,0.05,0.0,38,2.5262228953838344,-6.058885678378019,-5.9187110079659355
4736,pp,0.05,0.0,25,0.8210918676853183,-6.992623908591993,-5.755752510494656
4737,do,0.05,0.0,24,1.9450687527656552,-5.574291750878999,-6.1903816726472645
4738,pp,0.05,0.0,70,2.2588252067565913,-6.444702152772384,-5.561435667673747
4739,do,0.05,0.0,34,2.5637049734592443,-5.922333429798935,-5.145618695682949
4740,pp,0.05,0.0,15,1.7762086141109465,-4.575019830645937,-4.064306248558892
4741,do,0.05,0.0,70,1.0073954224586483,-5.64289084925796,-5.1153673781289
4742,pp,0.05,0.0,55,2.6497060811519626,-5.32480543309992,-4.701103365421295
4743,do,0.05,0.0,28,2.4704176449775685,-5.332977227008704,-4.882552377382914
4744,pp,0.05,0.0,57,1.4562431776523583,-6.49453874501315,-5.966206574440003
4745,do,0.05,0.0,70,4.209877121448517,-5.417124360980409,-4.9679122050603235
4746,pp,0.05,0.0,53,3.7209508264064795,-5.699814646171801,-4.833059520191616
4747,do,0.05,0.0,61,2.068949171304703,-7.143383845415983,-6.083376134766473
4748,pp,0.05,0.0,62,2.735667276382446,-6.600906785329183,-5.689446017477247
4749,do,0.05,0.0,70,2.6420550370216365,-7.743280452670473,-6.974954560067919
4750,pp,0.05,0.0,70,2.4399122262001045,-6.358830446185488,-5.451778764194913
4751,do,0.05,0.0,24,2.3669525790214543,-4.822222411993778,-4.203209201494853
4752,pp,0.05,0.0,70,2.6885400307178493,-8.617231971567326,-6.8312829520967275
4753,do,0.05,0.0,18,2.1650267922878266,-4.339424001809323,-4.268539023399353
4754,pp,0.05,0.0,64,3.0848189020156855,-6.131657778133046,-5.423126735952166
4755,do,0.05,0.0,70,2.0987073791027067,-5.742438173294067,-5.543043457137214
4756,pp,0.05,0.0,70,2.2540477836132062,-6.92303299036893,-6.039873154958089
4757,do,0.05,0.0,51,2.013938989639282,-6.228150464549209,-6.569176567925347
4758,pp,0.05,0.0,55,2.7783472204208373,-5.829099295356057,-5.576293926768833
4759,do,0.05,0.0,29,1.9193187713623043,-5.577108037833011,-5.908975871404012
4760,pp,0.05,0.0,54,2.014081674814224,-5.703160033081517,-5.429104529486763
4761,do,0.05,0.0,59,1.4898607349395752,-6.5454704458063295,-5.976265162891812
4762,pp,0.05,0.0,32,2.010429766178131,-4.818868673208988,-5.18967387676239
4763,do,0.05,0.0,70,2.2171859288215625,-6.767861704392867,-7.083219340112474
4764,pp,0.05,0.0,68,2.995727963447571,-6.348004294886733,-5.859588334295485
4765,do,0.05,0.0,57,2.473937033414841,-5.769463280475501,-5.734273227055867
4766,pp,0.05,0.0,56,2.4065938711166384,-6.262993285150239,-5.293882746166653
4767,do,0.05,0.0,38,3.3390328431129452,-6.1057329380151,-5.275654175546435
4768,pp,0.05,0.0,11,1.0890313732624053,-4.835015648061579,-4.458900189399719
4769,do,0.05,0.0,70,1.5428838562965392,-8.215862388321847,-8.048316502571106
4770,pp,0.05,0.0,62,4.94661008477211,-5.797403118827126,-5.271165376239352
4771,do,0.05,0.0,66,0.5554260468482966,-7.265912152781631,-8.390816328260634
4772,pp,0.05,0.0,32,2.1095663630962376,-5.36233281655745,-5.217758181360033
4773,do,0.05,0.0,52,2.6070355689525604,-6.639957134651415,-6.836708111233182
4774,pp,0.05,0.0,48,3.553664561510086,-6.171346914406978,-5.766921983824836
4775,do,0.05,0.0,45,4.029277598857879,-5.022368441206036,-4.710355824894375
4776,pp,0.05,0.0,57,4.267299246788025,-6.461970900044297,-5.860003185272217
4777,do,0.05,0.0,53,3.7892208755016332,-5.4061736222469445,-5.427498939302232
4778,pp,0.05,0.0,24,3.8434290313720716,-5.573549279299649,-4.5744837986098394
4779,do,0.05,0.0,44,0.5661300241947167,-7.173582198403098,-7.160995213190715
4780,pp,0.05,0.0,63,2.4087583720684043,-6.40587131615841,-5.548180548350016
4781,do,0.05,0.0,22,1.5625396442413324,-6.060629399617513,-5.150296669536167
4782,pp,0.05,0.0,52,2.106218769550324,-7.380701634378144,-6.532233026292589
4783,do,0.05,0.0,70,1.0978520011901862,-6.808397623986909,-6.270007790459527
4784,pp,0.05,0.0,62,2.070196355581283,-5.566370318152687,-4.998461235894097
4785,do,0.05,0.0,58,2.3834521985054007,-6.346094267296069,-7.758732014232212
4786,pp,0.05,0.0,68,1.6364051496982581,-6.719626985896717,-6.327921520339118
4787,do,0.05,0.0,70,2.4800430583953865,-6.859777784347534,-6.235797052913242
4788,pp,0.05,0.0,23,2.4294325160980232,-6.231245383349332,-5.691760142644246
4789,do,0.05,0.0,58,2.2369538128376014,-7.15401912169023,-6.392220036188761
4790,pp,0.05,0.0,43,2.678528449535369,-5.583367945931174,-5.260403196016948
4791,do,0.05,0.0,46,2.6732936894893644,-6.074416393222231,-5.77354199886322
4792,pp,0.05,0.0,11,1.2126053607463838,-5.480220551924272,-5.063148797882928
4793,do,0.05,0.0,70,1.8388927602767948,-6.847272656180642,-6.406832944022285
4794,pp,0.05,0.0,15,1.2096761417388917,-5.674499214056766,-4.992525474230448
4795,do,0.05,0.0,70,2.3819728875160218,-5.919351717920014,-5.555548291736179
4796,pp,0.05,0.0,39,1.6508168017864229,-7.5408588655067215,-7.054586691326565
4797,do,0.05,0.0,70,1.9390121388435357,-7.9771611921715015,-7.650675699445936
4798,pp,0.05,0.0,46,3.8476779639720915,-6.2005346659458045,-5.381801287333171
4799,do,0.05,0.0,64,4.271565573215485,-5.458599850625703,-4.913382126225366
4800,pp,0.05,0.0,64,2.705073186159134,-7.222372783314098,-6.324663286738925
4801,do,0.05,0.0,70,2.9329177391529084,-5.405571537306814,-5.303838698069255
4802,pp,0.05,0.0,69,2.8049987292289735,-6.503397786978519,-6.210336025555929
4803,do,0.05,0.0,62,2.0705748260021215,-6.999379630522294,-7.272256406148275
4804,pp,0.05,0.0,70,1.2607996678352364,-10.357165674729782,-8.805996640523274
4805,do,0.05,0.0,58,0.21000087976455717,-8.612908215956255,-7.905809270011054
4806,pp,0.05,0.0,70,0.7172203087806697,-8.396021905089869,-7.520758779843648
4807,do,0.05,0.0,15,1.6846988582611084,-5.224355509786895,-5.452205570538839
4808,pp,0.05,0.0,13,2.3167495036125185,-4.877567831675211,-4.4448712878757055
4809,do,0.05,0.0,36,2.3120281493663795,-7.2224963838403875,-6.743020934528775
4810,pp,0.05,0.0,62,1.9231961858272548,-7.018268021670255,-6.175117964214749
4811,do,0.05,0.0,60,2.0738655221462254,-6.649754427418564,-6.246541918648614
4812,pp,0.05,0.0,22,1.6653197908401491,-4.802441964004979,-4.742875011761983
4813,do,0.05,0.0,59,2.8996923398971557,-7.949407301527081,-7.187183353636
4814,pp,0.05,0.0,12,1.7157795524597175,-5.0102822520516135,-4.4024853547414144
4815,do,0.05,0.0,59,1.9305351662635815,-7.957126432476621,-7.120907484160529
4816,pp,0.05,0.0,70,1.9857252073287954,-7.596646191857078,-5.968834646542867
4817,do,0.05,0.0,70,0.6773747301101682,-8.82031685222279,-7.5986667421129015
4818,pp,0.05,0.0,43,-0.31988294601440437,-8.42042398597255,-7.609698722097609
4819,do,0.05,0.0,70,1.6784136354923254,-6.455810051253348,-5.850392770767212
4820,pp,0.05,0.0,34,1.2571361815929407,-5.901884258154666,-5.064768475956387
4821,do,0.05,0.0,27,2.0336668026447295,-5.412413623116233,-5.524113657739427
4822,pp,0.05,0.0,68,2.8037001371383674,-7.81466711362203,-7.279002316792806
4823,do,0.05,0.0,21,1.239233731031418,-6.717656099435055,-6.242074272367689
4824,pp,0.05,0.0,20,2.3850957572460167,-5.809852341449622,-5.04514835940467
4825,do,0.05,0.0,70,1.2168899977207186,-7.0701637022423025,-6.727257553736369
4826,pp,0.05,0.0,14,1.372471245527267,-6.0883936347383445,-5.321243045065138
4827,do,0.05,0.0,13,2.310920412540437,-6.81331432949413,-6.44524380101098
4828,pp,0.05,0.0,65,3.5736746156215675,-6.859278735247526,-6.16933937602573
4829,do,0.05,0.0,6,1.6352076840400693,-5.060333782253843,-4.888418155246311
4830,pp,0.05,0.0,12,1.9059055495262145,-5.016356424851851,-4.250487772623698
4831,do,0.05,0.0,21,0.20843395829200784,-7.1563997962258075,-6.622833922174242
4832,pp,0.05,0.0,14,1.8154162061214443,-4.893396186828613,-4.32786598470476
4833,do,0.05,0.0,61,2.2235288345813755,-6.720471127827962,-6.442563615904914
4834,pp,0.05,0.0,39,2.8111696040630347,-5.778449952963626,-5.196112518840366
4835,do,0.05,0.0,58,2.354419863224029,-5.86219085780057,-6.087683844566345
4836,pp,0.05,0.0,63,2.887147471904755,-6.744174390850645,-6.250937477747599
4837,do,0.05,0.0,25,2.122373751401901,-5.010841550249042,-4.382815236515469
4838,pp,0.05,0.0,19,1.696403986215591,-5.504714574235859,-4.855689602428012
4839,do,0.05,0.0,29,2.3552021193504338,-5.407724737398552,-5.230303547117445
4840,pp,0.05,0.0,57,3.19063544511795,-6.998604215275158,-7.026733655399746
4841,do,0.05,0.0,70,0.0631045484542847,-8.278340514500936,-7.637762255138821
4842,pp,0.05,0.0,13,0.9322614443302149,-5.907024818478209,-5.294408284293281
4843,do,0.05,0.0,70,2.4158095037937155,-7.390797447435784,-6.013778101073371
4844,pp,0.05,0.0,62,1.213296930789947,-6.9394750060457175,-5.666842232810127
4845,do,0.05,0.0,15,0.6363859522342681,-5.55835876753836,-5.274830134709676
4846,pp,0.05,0.0,60,2.35948737502098,-5.735679337472627,-5.027412668863932
4847,do,0.05,0.0,16,0.8372895848751067,-6.15390370831345,-5.415202932887607
4848,pp,0.05,0.0,17,1.2990234923362731,-6.632033489689682,-5.143601059913635
4849,do,0.05,0.0,30,1.7693223035335546,-5.61741371010289,-5.80054230954912
4850,pp,0.05,0.0,35,2.220841032266617,-6.0372007153250955,-4.892443291346232
4851,do,0.05,0.0,29,0.7815038335323328,-6.639236265240293,-6.408682560920715
4852,pp,0.05,0.0,8,0.9919832825660704,-4.712174706025557,-4.184449304474724
4853,do,0.05,0.0,55,1.8185522937774659,-6.821805787808968,-5.826062125629849
4854,pp,0.05,0.0,44,1.9319824647903436,-6.2593695987354625,-5.148634195327759
4855,do,0.05,0.0,70,0.5779834520816802,-6.81568152254278,-6.583423593309191
4856,pp,0.05,0.0,36,1.8753522658348079,-6.648736570820664,-6.5699847115410694
4857,do,0.05,0.0,42,1.4863338494300837,-6.247787936528524,-6.88652220831977
4858,pp,0.05,0.0,51,2.1324873936176303,-7.613920636610551,-5.955546787050035
4859,do,0.05,0.0,70,2.210947055816651,-5.732023704413212,-5.810730518235101
4860,pp,0.05,0.0,64,2.282215481996536,-6.9978474891547,-6.1375412782033285
4861,do,0.05,0.0,64,2.7786954975128166,-7.481180306636926,-7.32468696170383
4862,pp,0.05,0.0,38,2.6009441483020783,-5.778886797933867,-5.137867365943061
4863,do,0.05,0.0,44,1.7722390973567963,-5.558886672511245,-5.814573502540588
4864,pp,0.05,0.0,52,1.585807641744613,-6.7431027036724664,-5.696345127953423
4865,do,0.05,0.0,22,2.679579676389694,-5.555465033560088,-5.8208091974258425
4866,pp,0.05,0.0,15,1.3200321984291081,-5.949607799992417,-5.042643904685974
4867,do,0.05,0.0,64,1.08402619957924,-7.5843821438876065,-7.469853152169121
4868,pp,0.05,0.0,48,2.2065838062763214,-7.425782647277369,-6.345456422699822
4869,do,0.05,0.0,30,0.6838409781455992,-6.682079254497181,-6.764362700780233
4870,pp,0.05,0.0,29,2.1398255431652062,-6.050269541595921,-5.4471418354246355
4871,do,0.05,0.0,19,2.4240714395046234,-4.87916002851544,-4.715633328755697
4872,pp,0.05,0.0,28,2.9642451405525216,-5.203809771393285,-4.542356056637234
4873,do,0.05,0.0,70,1.8258103382587425,-6.984536624677253,-6.572428676817152
4874,pp,0.05,0.0,63,0.44082074046134956,-8.305813829826587,-7.114907704459297
4875,do,0.05,0.0,70,2.9824677133560176,-7.128968189701889,-6.681622261471219
4876,pp,0.05,0.0,70,1.9228564500808716,-7.84816670851274,-6.863604762819079
4877,do,0.05,0.0,70,1.9928574717044825,-6.9380430394952946,-6.570284528202481
4878,pp,0.05,0.0,70,1.7643474829196935,-7.170649670109604,-5.931233029895359
4879,do,0.05,0.0,29,1.657419446706772,-6.732932658628984,-7.190221741464403
4880,pp,0.05,0.0,70,3.1865982127189634,-6.114589179645885,-5.088733967145284
4881,do,0.05,0.0,70,1.75745873093605,-7.225406249364217,-6.354214853710598
4882,pp,0.05,0.0,48,2.4886824512481684,-6.556489349134041,-5.495063922140333
4883,do,0.05,0.0,57,0.37883854508400017,-6.931165455326889,-6.984997818205092
4884,pp,0.05,0.0,44,2.869278966188431,-5.625134075049198,-5.298630446857876
4885,do,0.05,0.0,35,1.702468485832214,-6.955580039457842,-6.309560781055026
4886,pp,0.05,0.0,60,3.602011153697968,-6.052122499003555,-5.611006742053561
4887,do,0.05,0.0,67,1.0986623311042782,-7.336262691382206,-6.428359479374356
4888,pp,0.05,0.0,28,2.281790204048157,-6.756886811689897,-5.95613370206621
4889,do,0.05,0.0,39,1.261186306476593,-5.982275211449825,-6.147642313109504
4890,pp,0.05,0.0,31,1.5370809090137483,-7.446939004551281,-4.969460450278389
4891,do,0.05,0.0,8,1.1267885780334472,-5.638606724594578,-5.264617776870727
4892,pp,0.05,0.0,14,2.2016197717189794,-4.500736464876117,-4.021799188190037
4893,do,0.05,0.0,60,2.624337687492371,-6.351765256939513,-5.506023229493035
4894,pp,0.05,0.0,64,0.7908661580085763,-8.509815713131067,-7.118817154566447
4895,do,0.05,0.0,6,1.3711002433300017,-5.618725541143706,-4.854398200247023
4896,pp,0.05,0.0,38,2.194035830497741,-6.7664662953579064,-6.056907272338867
4897,do,0.05,0.0,45,0.7020907878875731,-7.864657338460287,-7.8184420744578045
4898,pp,0.05,0.0,64,1.5781364607810975,-6.948337791905258,-6.126905663808187
4899,do,0.05,0.0,51,3.4294389712810522,-5.421458667697329,-5.196130657196045
4900,pp,0.05,0.0,16,1.8991574871540067,-5.000247072451042,-4.221752852863736
4901,do,0.05,0.0,19,3.944177165031432,-5.643644162380334,-5.410935642984178
4902,pp,0.05,0.0,26,3.150576511621476,-7.42257991993066,-6.295102119445801
4903,do,0.05,0.0,21,2.2250470554828636,-5.836120933474916,-5.86018803914388
4904,pp,0.05,0.0,20,2.7781494641304016,-5.0867509191686455,-4.399426066875458
4905,do,0.05,0.0,52,2.1530264854431147,-7.427771799492113,-6.6128147072262236
4906,pp,0.05,0.0,23,1.903405689001083,-6.3259236249056725,-5.501322523752848
4907,do,0.05,0.0,19,1.7201515662670142,-5.240977795918782,-5.963484520382352
4908,pp,0.05,0.0,20,3.083378813266755,-5.123354147419785,-4.427040656407674
4909,do,0.05,0.0,23,2.4496131610870355,-4.758087588801528,-4.624214993582831
4910,pp,0.05,0.0,22,2.862626891136169,-4.72247578014027,-4.139356562826369
4911,do,0.05,0.0,51,1.7078991913795463,-6.561246454354489,-6.03513305981954
4912,pp,0.05,0.0,12,1.8407917273044587,-4.538013660546505,-3.974549530612098
4913,do,0.05,0.0,45,2.059579715728761,-6.88090952092951,-6.21256979836358
4914,pp,0.05,0.0,39,1.6224426138401018,-7.503643215063846,-6.5642261187235516
4915,do,0.05,0.0,33,2.600349776744843,-6.7845666480786875,-5.600268279181586
4916,pp,0.05,0.0,55,2.7932526141405107,-5.532053691690618,-5.161961001820035
4917,do,0.05,0.0,70,0.5288376522064215,-8.31997868942492,-8.064640177620781
4918,pp,0.05,0.0,65,3.645287691354752,-6.25504472472451,-5.63058750629425
4919,do,0.05,0.0,36,1.3790133500099184,-7.39099159674211,-6.695933832062615
4920,pp,0.05,0.0,9,1.7948476099967952,-4.833249986532962,-4.251640054914686
4921,do,0.05,0.0,65,2.107112144231796,-6.39679467605822,-6.266507339477539
4922,pp,0.05,0.0,67,2.341708254814149,-7.0066454670645975,-6.09930293030209
4923,do,0.05,0.0,54,0.7422519791126252,-7.386328963077429,-6.164679847823249
4924,pp,0.05,0.0,62,4.302301528453826,-5.61937700473901,-5.075332599216037
4925,do,0.05,0.0,39,1.6976473319530498,-7.350504656993982,-6.5050260014004175
4926,pp,0.05,0.0,27,1.3942672240734097,-6.344293465758815,-5.639654448297288
4927,do,0.05,0.0,15,1.92389995932579,-5.560366873307662,-4.797561966048347
4928,pp,0.05,0.0,13,1.299319919347763,-5.055328464508056,-4.328160797225104
4929,do,0.05,0.0,70,2.613079917430878,-6.14503610495365,-6.240111761622959
4930,pp,0.05,0.0,70,4.158516710996628,-5.909550986145482,-5.429614837964376
4931,do,0.05,0.0,70,0.7475434100627893,-7.2783850510915125,-6.833105158805847
4932,pp,0.05,0.0,22,2.3199029874801633,-5.891116870533336,-5.006395040618049
4933,do,0.05,0.0,70,0.6500826096534729,-7.64506741437045,-7.29460060066647
4934,pp,0.05,0.0,70,2.062521221637727,-6.692543649673462,-6.644975235727098
4935,do,0.05,0.0,34,0.14858007550239538,-7.254096312956377,-7.090002812279595
4936,pp,0.05,0.0,61,3.18371006846428,-6.177634320114598,-5.487540584140354
4937,do,0.05,0.0,68,1.6339700555801393,-7.85572798613346,-7.620765044954088
4938,pp,0.05,0.0,70,1.9383686995506286,-6.320751025459983,-5.976004107793172
4939,do,0.05,0.0,70,3.111563178300859,-6.4705422603722775,-5.473805922932095
4940,pp,0.05,0.0,26,1.8085556232929232,-6.618163802407005,-5.665955008400811
4941,do,0.05,0.0,70,1.2558775699138636,-6.505681641896566,-6.67919725312127
4942,pp,0.05,0.0,70,2.522717418670654,-6.540045514251247,-6.432149844699436
4943,do,0.05,0.0,7,0.758602468967438,-5.578217866204001,-4.977553441789415
4944,pp,0.05,0.0,10,2.059027944803238,-4.715529384035053,-4.099066111776564
4945,do,0.05,0.0,18,1.654337624311447,-6.0563999118226945,-5.94741252263387
4946,pp,0.05,0.0,58,1.8947067511081688,-7.249310973196319,-6.603956709967719
4947,do,0.05,0.0,11,1.2700518715381621,-5.246949359142419,-5.10610331164466
4948,pp,0.05,0.0,70,2.153060276508331,-6.679506720918598,-5.840065126948886
4949,do,0.05,0.0,25,1.552061276435853,-6.325767615347198,-6.139103600713942
4950,pp,0.05,0.0,70,2.187291346788406,-7.115328095176003,-6.832345072428385
4951,do,0.05,0.0,53,1.785634826421738,-6.532455269495646,-6.311536444558038
4952,pp,0.05,0.0,19,2.2911364746093748,-4.870358307433851,-4.386895526780022
4953,do,0.05,0.0,70,2.2246469855308533,-8.147364182905717,-7.466738965776232
4954,pp,0.05,0.0,51,1.5786815643310552,-7.32616382078691,-6.528991696569655
4955,do,0.05,0.0,47,2.705678033828736,-7.707996209462483,-6.890925603442722
4956,pp,0.05,0.0,50,3.891058945655822,-6.6760696974667635,-6.279400759273106
4957,do,0.05,0.0,28,2.9693426334857946,-8.045366464961658,-7.147812130716112
4958,pp,0.05,0.0,70,3.5829899740219124,-6.88799670826305,-6.722402230898539
4959,do,0.05,0.0,70,-0.572157059907914,-8.107354591832017,-7.715611256493462
4960,pp,0.05,0.0,70,2.410886963605881,-6.623423752640233,-6.580807420942518
4961,do,0.05,0.0,13,1.2448603987693785,-6.128752036528154,-5.979384552107917
4962,pp,0.05,0.0,24,2.2039854466915134,-5.78011699589816,-5.468788639704386
4963,do,0.05,0.0,70,2.350336443185806,-6.837353979457508,-6.433027662171257
4964,pp,0.05,0.0,36,4.23652572631836,-5.3375372698812775,-5.0798994700113935
4965,do,0.05,0.0,62,1.1718515741825106,-8.200081072431622,-7.665780056847466
4966,pp,0.05,0.0,23,2.618026642799377,-5.811255275841916,-5.127864585982429
4967,do,0.05,0.0,50,2.899880315065383,-6.320282254074559,-6.691975206798977
4968,pp,0.05,0.0,39,2.8885631537437435,-6.082649940432924,-5.553599821196662
4969,do,0.05,0.0,69,4.129010679721833,-5.896801175493183,-5.583956472078959
4970,pp,0.05,0.0,30,3.339001352787019,-6.197368283705278,-5.2167005644904245
4971,do,0.05,0.0,54,-1.4584924209117887,-9.467831900625518,-8.610326253043281
4972,pp,0.05,0.0,65,1.583560059070587,-7.743198709776907,-6.898733928468492
4973,do,0.05,0.0,17,1.7221451044082636,-5.009618238969282,-5.205086980925666
4974,pp,0.05,0.0,30,2.3896177721023557,-6.101906170989528,-5.611154198646545
4975,do,0.05,0.0,54,1.1037226140499126,-7.072088838346077,-7.402432102627224
4976,pp,0.05,0.0,50,2.6020186710357667,-8.074286053397438,-6.916510205798679
4977,do,0.05,0.0,69,0.3925253474712376,-8.458589153578787,-8.314614952935113
4978,pp,0.05,0.0,34,2.492934999465943,-7.108235414100416,-5.681366610527038
4979,do,0.05,0.0,36,1.665117137432099,-6.883543036200783,-6.339311668607924
4980,pp,0.05,0.0,70,3.0290777003765097,-5.9047893899859805,-5.333896578682793
4981,do,0.05,0.0,62,1.5298725247383116,-7.54237755428661,-6.702112155490451
4982,pp,0.05,0.0,69,2.3192308712005616,-7.481690999233361,-7.03985398610433
4983,do,0.05,0.0,14,1.4662387871742242,-5.283480410142379,-6.003355553415086
4984,pp,0.05,0.0,14,1.6278834795951838,-5.255817196585915,-4.722170064184401
4985,do,0.05,0.0,43,2.256038174629211,-6.0871568809856065,-5.554599928855896
4986,pp,0.05,0.0,42,1.393359109163284,-6.913061422290224,-6.572344859441121
4987,do,0.05,0.0,10,0.4717011570930483,-5.040424161968809,-5.545597441991171
4988,pp,0.05,0.0,10,1.5064262044429775,-4.758831915710911,-4.256708243158129
4989,do,0.05,0.0,70,3.5100936055183407,-7.381204694690126,-6.225967423121134
4990,pp,0.05,0.0,17,1.3590983283519744,-5.816817367438114,-5.315464613172743
4991,do,0.05,0.0,70,1.4881494975090028,-6.770673441164421,-5.932971456315783
4992,pp,0.05,0.0,61,1.4687367010116583,-7.833210290562023,-7.1928259717093574
4993,do,0.05,0.0,10,0.7754486680030821,-4.8652068976199985,-4.2669329974386425
4994,pp,0.05,0.0,30,0.9868294668197626,-5.300730514526367,-4.265810827414195
4995,do,0.05,0.0,51,2.5051192414760592,-6.257964005614772,-6.739101923836602
4996,pp,0.05,0.0,10,1.164134442806244,-4.697863695838235,-3.989346218109131
4997,do,0.05,0.0,20,3.1259394335746764,-5.248606515653206,-4.752031408415901
4998,pp,0.05,0.0,70,2.827066551446915,-6.702228736877442,-5.070229160785675
4999,do,0.05,0.0,20,2.0827670586109166,-4.804239757133253,-4.854422529538472
5000,pp,0.05,0.0,24,2.0419122159481047,-4.179975622350519,-4.012972945637173
5001,do,0.05,0.0,47,2.201196501255035,-8.549509354793663,-6.507087071736653
5002,pp,0.05,0.0,38,2.442269463539123,-4.688556385040283,-4.248816070291731
5003,do,0.05,0.0,38,3.5291577517986292,-6.438840218746301,-6.4094712787204315
5004,pp,0.05,0.0,65,1.3201498115062709,-6.708134844808868,-5.143288044134776
5005,do,0.05,0.0,6,0.5644830954074864,-4.495970942757347,-3.9065215640597875
5006,pp,0.05,0.0,21,1.3261437594890593,-5.596567370674827,-4.59385556379954
5007,do,0.05,0.0,70,2.954379730224609,-6.694976993040605,-6.80574041472541
5008,pp,0.05,0.0,45,1.282569811344147,-5.720903054150668,-4.905658253033956
5009,do,0.05,0.0,33,2.4206606471538556,-7.790222818201238,-6.957153264681498
5010,pp,0.05,0.0,16,1.4508103501796725,-5.287742621970899,-4.410934564802382
5011,do,0.05,0.0,61,1.0498274540901171,-8.35131357944373,-6.646562520662943
5012,pp,0.05,0.0,60,1.9825503718852993,-7.650454261086204,-6.441597130563524
5013,do,0.05,0.0,47,2.7478180110454566,-5.510697480404016,-4.918409758143955
5014,pp,0.05,0.0,17,1.5064715635776516,-4.259300278172349,-3.758990862634447
5015,do,0.05,0.0,70,1.906040897369385,-8.232816128297285,-6.803478789329529
5016,pp,0.05,0.0,49,2.0240113389492027,-7.2703124248620234,-6.071656906604767
5017,do,0.05,0.0,29,1.3383403468132018,-7.466134890643033,-6.041562143961588
5018,pp,0.05,0.0,12,1.7995818233489995,-4.881749127127907,-4.058276931444804
5019,do,0.05,0.0,14,2.185383805036545,-5.176125994595615,-4.399031329154968
5020,pp,0.05,0.0,15,0.918130326271057,-5.0932947924642855,-3.908106801244948
5021,do,0.05,0.0,7,0.23529969215393098,-5.502185714606083,-4.640592556529575
5022,pp,0.05,0.0,70,1.256436173915862,-7.808081113930904,-6.292614889144898
5023,do,0.05,0.0,40,2.2104680490493784,-5.991277934565689,-5.1758549054463705
5024,pp,0.05,0.0,12,1.561581062078476,-4.014994563478412,-3.4169999996821088
5025,do,0.05,0.0,14,1.137462742328644,-4.83057350100893,-4.300543872515361
5026,pp,0.05,0.0,68,2.0509014546871187,-5.608125361529264,-5.159432832400004
5027,do,0.05,0.0,6,1.11822562456131,-5.191251527901851,-5.0064035680558945
5028,pp,0.05,0.0,41,1.6086958575248715,-5.464720373442678,-4.904370925161573
5029,do,0.05,0.0,51,2.1423660576343533,-7.11342899871595,-6.333810318840874
5030,pp,0.05,0.0,70,2.0479745435714722,-6.18990829930161,-6.187722855144077
5031,do,0.05,0.0,23,2.258429837226867,-6.7224365610064885,-5.232941807640923
5032,pp,0.05,0.0,70,2.6896108329296116,-5.745645427703858,-5.06164289050632
5033,do,0.05,0.0,17,0.8228415262699134,-5.37620804382093,-4.701503035757277
5034,pp,0.05,0.0,70,2.355832235813141,-5.885346062978109,-5.864890005853441
5035,do,0.05,0.0,11,1.5710542178153997,-5.926394377332745,-5.114700818061829
5036,pp,0.05,0.0,43,2.1863683652877812,-6.109323673537284,-5.867930833498637
5037,do,0.05,0.0,11,1.3931739640235898,-5.182127592780374,-4.805414756139119
5038,pp,0.05,0.0,22,2.0193788957595826,-5.252767324447632,-4.711318466398451
5039,do,0.05,0.0,65,3.0318576097488403,-10.749209016742128,-10.41340119573805
5040,pp,0.05,0.0,39,3.2099867093563086,-4.613650399988348,-4.234041092130873
5041,do,0.05,0.0,26,1.7270895624160767,-5.523047499223189,-4.573788992563883
5042,pp,0.05,0.0,31,1.3884431815147398,-5.45505209980589,-4.6594434181849165
5043,do,0.05,0.0,17,2.0140593874454495,-5.189119841835716,-4.792337404357062
5044,pp,0.05,0.0,10,0.895277537107467,-5.229296169858991,-4.112843338648478
5045,do,0.05,0.0,48,-0.3807171928882598,-6.357690916639386,-5.748260720570882
5046,pp,0.05,0.0,15,1.482219500541687,-4.3850217905911535,-3.92537761926651
5047,do,0.05,0.0,13,1.4595841240882876,-4.360968292120731,-3.857314700550503
5048,pp,0.05,0.0,12,1.2970909428596498,-4.609124501546224,-3.7077202253871495
5049,do,0.05,0.0,6,-0.37737821936607396,-5.3942434354261914,-4.731848902172512
5050,pp,0.05,0.0,16,1.4683540081977844,-4.937818082173665,-4.3577026208241785
5051,do,0.05,0.0,35,3.672261432409287,-5.98297646406925,-4.996898051102956
5052,pp,0.05,0.0,27,1.8829048860073083,-4.700432212425,-4.052300761805641
5053,do,0.05,0.0,28,2.4679173767566684,-4.972140433571555,-5.458156524764167
5054,pp,0.05,0.0,20,1.6129698848724363,-4.884304838469534,-4.126210007402632
5055,do,0.05,0.0,15,2.3695589184761046,-4.725650848041881,-5.2914777649773495
5056,pp,0.05,0.0,22,2.3789985680580132,-4.15665337822654,-3.7986042155159843
5057,do,0.05,0.0,15,1.146893148422241,-5.089137520934596,-4.914150306913588
5058,pp,0.05,0.0,22,0.9330619192123422,-5.314412079435407,-4.494517238934835
5059,do,0.05,0.0,39,3.135910267829895,-6.550686748100049,-6.218347758717007
5060,pp,0.05,0.0,44,1.282157466411591,-6.39142127904025,-5.188331911298964
5061,do,0.05,0.0,14,0.8285687017440795,-5.965207521843188,-5.210921528604295
5062,pp,0.05,0.0,9,0.8443096137046817,-5.466420751629454,-4.6123706817626955
5063,do,0.05,0.0,38,3.805958740711212,-5.590129930322821,-6.126731456650628
5064,pp,0.05,0.0,19,1.5434080374240873,-4.3855200521873705,-3.82210304207272
5065,do,0.05,0.0,33,1.081898765563965,-6.3655836220943565,-6.064736768934462
5066,pp,0.05,0.0,8,0.9189301621913915,-4.789113510016239,-4.341795110702515
5067,do,0.05,0.0,70,1.1668359744548802,-6.488827849879409,-5.285378702481588
5068,pp,0.05,0.0,68,3.355917162895203,-7.051874842788234,-5.503225933180915
5069,do,0.05,0.0,27,1.8068551957607264,-5.769886956070408,-5.433721370167202
5070,pp,0.05,0.0,25,1.729026864767075,-5.861557766885468,-4.7803623623318146
5071,do,0.05,0.0,70,3.3993946671485915,-7.6365434993397106,-6.6838759157392715
5072,pp,0.05,0.0,70,1.989259654283524,-7.814144995718292,-6.234158889452616
5073,do,0.05,0.0,23,2.6874705231189733,-5.0669266252806695,-4.8037396430969235
5074,pp,0.05,0.0,36,2.450403673648834,-5.2777637582836725,-4.623416415850321
5075,do,0.05,0.0,56,2.9612192344665536,-7.316648756374012,-7.064957851833768
5076,pp,0.05,0.0,14,2.0190115725994104,-4.871220501986417,-4.239947644869487
5077,do,0.05,0.0,33,1.346600502729416,-6.781276120561542,-5.91081968943278
5078,pp,0.05,0.0,44,2.2104526960849755,-5.431027117642489,-4.305057156085968
5079,do,0.05,0.0,6,0.03098679065704335,-5.751847320614439,-5.058586176236471
5080,pp,0.05,0.0,8,0.6835184395313263,-4.7659724177736225,-4.107393251525031
5081,do,0.05,0.0,65,2.184733002185821,-6.829587351192128,-6.3531239827473955
5082,pp,0.05,0.0,52,1.0736691725254062,-6.600129199750496,-5.290536883142259
5083,do,0.05,0.0,19,0.8516089522838595,-6.527839474244551,-5.624134405454
5084,pp,0.05,0.0,18,1.4762877678871158,-5.1762024518215295,-4.447100035349528
5085,do,0.05,0.0,22,1.5767799687385562,-5.185793557311549,-4.4917073249816895
5086,pp,0.05,0.0,10,0.676526194810867,-4.492660536910549,-3.8857725964652166
5087,do,0.05,0.0,18,0.29545415282249454,-5.82571011167584,-5.242706282933553
5088,pp,0.05,0.0,9,0.7839133286476141,-4.615213149966616,-3.9228144036398995
5089,do,0.05,0.0,70,2.97425610780716,-7.27641640142961,-6.1775587214363945
5090,pp,0.05,0.0,70,3.8852946913242334,-7.945675380302198,-6.287485339906481
5091,do,0.05,0.0,70,1.9167951345443717,-7.664049363858772,-6.180034330156114
5092,pp,0.05,0.0,6,0.6755730509757996,-5.917622207872795,-4.784685630268521
5093,do,0.05,0.0,57,1.289079403877258,-8.042419989903768,-7.372187407811483
5094,pp,0.05,0.0,7,0.811742380857468,-4.816423979672519,-4.086223186386956
5095,do,0.05,0.0,29,3.2409034109115593,-6.075134534546823,-5.369737437036302
5096,pp,0.05,0.0,13,1.7479847621917717,-5.511650089784102,-4.654249522421095
5097,do,0.05,0.0,70,1.166349036693573,-6.729897419611613,-5.78998146586948
5098,pp,0.05,0.0,40,1.3537155306339272,-6.528422192371253,-5.035283282068041
5099,do,0.05,0.0,70,1.95112603187561,-7.008133883909745,-6.423585046662224
5100,pp,0.05,0.0,60,2.977256430387497,-7.462059649554166,-6.266376021173265
5101,do,0.05,0.0,14,1.249497729539872,-5.24445764946215,-4.452719910939535
5102,pp,0.05,0.0,16,2.2754519248008727,-4.75362264026295,-4.2400282038582695
5103,do,0.05,0.0,7,0.18330267310142467,-5.5715376507152214,-5.169453536139594
5104,pp,0.05,0.0,62,2.742251151800155,-7.064039068511038,-6.057338711950514
5105,do,0.05,0.0,19,2.3182631671428684,-5.954572015820127,-5.679316782951355
5106,pp,0.05,0.0,69,1.4593685460090633,-7.628108452305649,-6.627728366851807
5107,do,0.05,0.0,70,1.1718503594398495,-6.91774930231499,-6.26065047317081
5108,pp,0.05,0.0,52,1.93508889079094,-6.967292409954649,-5.722217334641351
5109,do,0.05,0.0,29,1.345903543233871,-6.367874826084484,-6.165904034508599
5110,pp,0.05,0.0,51,2.2741658270359046,-5.747204209818984,-5.299588542514377
5111,do,0.05,0.0,70,0.9692402696609488,-9.263770380887118,-8.866220394770304
5112,pp,0.05,0.0,70,2.358426156044006,-8.87429063392408,-7.307413466771444
5113,do,0.05,0.0,66,0.10683630466461302,-8.325316147370772,-7.354943974812826
5114,pp,0.05,0.0,8,1.0767900192737576,-4.619368306073276,-3.9241532458199395
5115,do,0.05,0.0,28,0.6046622014045715,-6.360882146430738,-5.372403568691677
5116,pp,0.05,0.0,12,1.5471811938285835,-4.989347139994304,-4.093439560466343
5117,do,0.05,0.0,70,1.7789539194107054,-5.878428209189213,-4.900180043114556
5118,pp,0.05,0.0,70,1.2078420615196235,-5.979876441666574,-5.017175398932563
5119,do,0.05,0.0,70,1.3375943839550013,-7.288284203500458,-6.7531109280056425
5120,pp,0.05,0.0,70,1.6271604907512671,-7.160542644153942,-6.029922599262662
5121,do,0.05,0.0,9,1.5186188149452207,-5.067570476820975,-4.307854557037354
5122,pp,0.05,0.0,26,2.4627331149578096,-5.872790307709665,-4.727687080701192
5123,do,0.05,0.0,23,1.418125228881837,-6.737940308541963,-5.7803141011132135
5124,pp,0.05,0.0,18,1.607585355043411,-5.3663575215773145,-4.576158187124464
5125,do,0.05,0.0,13,0.9761621952056885,-4.954203633106116,-4.508081849416097
5126,pp,0.05,0.0,16,2.345970103740692,-4.599201982671564,-4.014914867613051
5127,do,0.05,0.0,17,1.5353513610363008,-6.259865359104041,-5.997767848438687
5128,pp,0.05,0.0,52,1.3612979829311378,-7.370610440861095,-5.996326276991103
5129,do,0.05,0.0,9,1.2671645855903622,-5.363160620313702,-5.219025585386488
5130,pp,0.05,0.0,15,2.0688493013381963,-4.608100053035852,-4.318110134866503
5131,do,0.05,0.0,12,0.9092095649242395,-5.356878422245835,-4.81840149031745
5132,pp,0.05,0.0,69,2.7666079354286204,-8.15426141132008,-6.930356873406304
5133,do,0.05,0.0,11,0.7125481784343712,-5.083565558809223,-4.596184203359816
5134,pp,0.05,0.0,70,1.7113481819629666,-7.551617976390954,-6.5853059927622475
5135,do,0.05,0.0,9,0.7116019928455346,-5.616902373053811,-4.987747062577141
5136,pp,0.05,0.0,13,1.5270507264137274,-5.037531679326838,-4.233197138044569
5137,do,0.05,0.0,51,1.323237971067428,-6.7978281093366215,-6.38928779496087
5138,pp,0.05,0.0,21,1.2507006692886353,-5.167799467028994,-4.512209071053399
5139,do,0.05,0.0,33,1.365509046316146,-7.391723096731937,-7.594256793128119
5140,pp,0.05,0.0,17,1.1160362470149998,-5.429492327661225,-4.6076330688264635
5141,do,0.05,0.0,4,-0.021602249145507457,-5.319236561746308,-4.529472435845269
5142,pp,0.05,0.0,44,1.53398598432541,-6.461246523712621,-5.7626003848181835
5143,do,0.05,0.0,56,2.541262165308,-6.661283641872984,-6.6329767068227135
5144,pp,0.05,0.0,28,2.74337385058403,-6.557129280494921,-5.355085807376438
5145,do,0.05,0.0,35,1.596212089061738,-5.9480936007066205,-5.644859133826362
5146,pp,0.05,0.0,14,2.1518253564834593,-4.708639826919093,-4.0497327963511145
5147,do,0.05,0.0,14,-0.3302821385860435,-5.675622380863537,-5.3430390410953095
5148,pp,0.05,0.0,39,2.4809852743148806,-6.900173909736402,-6.308249553044637
5149,do,0.05,0.0,7,0.36733295202255256,-4.775650735334916,-4.228681370947096
5150,pp,0.05,0.0,70,2.730691869258881,-6.66996264891191,-6.008199331495497
5151,do,0.05,0.0,66,2.33756868481636,-6.680367159120964,-5.839129204220242
5152,pp,0.05,0.0,70,2.0169395542144786,-6.219072035587195,-5.425632810592651
5153,do,0.05,0.0,14,0.724042544364929,-5.343788875233043,-5.643502887090047
5154,pp,0.05,0.0,34,1.7259613406658172,-6.707151862346765,-5.889847946166992
5155,do,0.05,0.0,28,1.8204747974872584,-6.0321725079507535,-5.882338809967041
5156,pp,0.05,0.0,70,1.6663990044593806,-7.105284521796486,-6.164597622553507
5157,do,0.05,0.0,14,1.7380504298210147,-5.578146477901575,-4.937197658750746
5158,pp,0.05,0.0,64,2.422709652185439,-7.207701736507993,-6.628602351082696
5159,do,0.05,0.0,59,1.6103629493713374,-7.101337156873761,-7.022752941979302
5160,pp,0.05,0.0,52,2.0391951882839203,-5.9619903347708965,-5.077445231543647
5161,do,0.05,0.0,64,0.3641687560081479,-8.593244931192109,-8.27101281483968
5162,pp,0.05,0.0,27,1.3381669867038726,-7.993926786653923,-6.317734808391995
5163,do,0.05,0.0,70,2.7888423299789427,-5.774135114207413,-5.794828316900465
5164,pp,0.05,0.0,70,1.545907394886017,-7.493958093180801,-5.8337357494566175
5165,do,0.05,0.0,38,1.4067553877830505,-7.37357893857089,-7.227518685658773
5166,pp,0.05,0.0,20,2.207042795419693,-4.684723143144088,-4.148209288385179
5167,do,0.05,0.0,43,1.500148200988769,-6.593793558351921,-6.122774076461792
5168,pp,0.05,0.0,23,1.7792174100875862,-5.361586446473093,-4.784393403265211
5169,do,0.05,0.0,41,1.3512749779224391,-6.299810358972261,-5.381587399376763
5170,pp,0.05,0.0,70,1.5855831027030947,-7.075854768175067,-5.316329781214396
5171,do,0.05,0.0,19,1.3605871450901033,-5.551402060190837,-5.169164485401577
5172,pp,0.05,0.0,29,2.6413621819019317,-5.45248637343898,-4.557884544796414
5173,do,0.05,0.0,31,2.9881480515003194,-6.945465567617705,-5.762874637709723
5174,pp,0.05,0.0,15,1.280787706375122,-4.845359394767067,-4.117239934868283
5175,do,0.05,0.0,8,0.7844417881965633,-5.163451265566277,-4.727788082758585
5176,pp,0.05,0.0,21,1.758892592191696,-5.02862831029025,-3.9951546669006346
5177,do,0.05,0.0,26,1.6392556822299955,-5.90257789293925,-5.419452587763469
5178,pp,0.05,0.0,69,3.147685228586198,-6.982104986364191,-6.290750180350409
5179,do,0.05,0.0,61,1.7844834816455837,-7.268287147175182,-6.734820437431336
5180,pp,0.05,0.0,19,0.4021128821372981,-6.830156631180734,-5.1232548660702175
5181,do,0.05,0.0,70,2.5726955604553225,-5.68519498796174,-5.388184727562798
5182,pp,0.05,0.0,42,2.98572324872017,-5.071984240503022,-4.430738830566407
5183,do,0.05,0.0,15,1.5543335461616516,-5.80870361328125,-5.310352961222331
5184,pp,0.05,0.0,14,1.0230771350860604,-5.769900853706129,-4.837211182382371
5185,do,0.05,0.0,25,3.3104189503192893,-7.48693669203556,-6.367290502124362
5186,pp,0.05,0.0,29,2.0466037046909333,-6.235774047446974,-5.119598725106981
5187,do,0.05,0.0,65,2.1777274012565613,-5.994469808809685,-5.414219821823968
5188,pp,0.05,0.0,41,2.345270521640778,-5.731495845679081,-4.599654152658251
5189,do,0.05,0.0,11,0.40768964052200385,-5.48721143693635,-4.856229832437303
5190,pp,0.05,0.0,70,0.6002830481529227,-7.263796810670333,-6.081653957896762
5191,do,0.05,0.0,16,1.4882438576221464,-5.511446702841557,-5.2328449249267575
5192,pp,0.05,0.0,43,1.3779608225822457,-7.758714136932835,-6.672099688318041
5193,do,0.05,0.0,45,3.2139490246772775,-7.27044693628947,-7.479479845364889
5194,pp,0.05,0.0,70,2.145835351943969,-6.535236316738707,-5.9088416735331215
5195,do,0.05,0.0,23,0.9089913511276251,-6.571365200389515,-6.354985194736057
5196,pp,0.05,0.0,4,0.194246195554733,-4.722786904826309,-4.002104714181688
5197,do,0.05,0.0,44,1.0189956843852999,-6.460443463469996,-6.001181316375733
5198,pp,0.05,0.0,43,0.9034287333488473,-6.969079286401922,-6.077263069152832
5199,do,0.05,0.0,42,3.13909614443779,-6.143765653263439,-5.340950724813673
5200,pp,0.05,0.0,58,2.6511068773269653,-5.468549160523848,-4.67270762125651
5201,do,0.05,0.0,49,1.0717131137847895,-6.2621733838861635,-7.286938926908705
5202,pp,0.05,0.0,30,1.0251986777782438,-5.791778571677931,-4.704025136099921
5203,do,0.05,0.0,9,1.042649182081223,-5.466965775056319,-5.261092432339987
5204,pp,0.05,0.0,14,1.6331275212764744,-5.068133219805631,-4.144602555698818
5205,do,0.05,0.0,13,1.5491339087486269,-4.931631685025764,-4.3834332519107395
5206,pp,0.05,0.0,57,2.2311750864982596,-7.197805686430498,-5.469722490840488
5207,do,0.05,0.0,20,0.9686088764667513,-5.893500182122895,-5.857934342490302
5208,pp,0.05,0.0,58,1.1206718719005586,-7.050637417128592,-5.609722852706909
5209,do,0.05,0.0,19,0.6246287906169892,-6.298639566248114,-5.875951030519274
5210,pp,0.05,0.0,11,1.6219503366947174,-5.072596899668375,-4.051603135797713
5211,do,0.05,0.0,7,0.15595322608947804,-5.324020014387188,-4.7244450410207115
5212,pp,0.05,0.0,14,1.3575586152076715,-4.919027471542359,-4.411105865902371
5213,do,0.05,0.0,47,2.208356803655624,-6.404816503235788,-6.006458751360575
5214,pp,0.05,0.0,64,3.2101828813552853,-6.1181617881312516,-5.5678406953811646
5215,do,0.05,0.0,11,0.6093188893795016,-5.408806013338493,-4.961354155010647
5216,pp,0.05,0.0,12,1.6917639434337621,-5.411663874712858,-4.326453513569302
5217,do,0.05,0.0,16,0.5778283274173734,-4.898393120910182,-4.218635959095425
5218,pp,0.05,0.0,15,1.4311417412757876,-5.042219825224443,-4.412303932507833
5219,do,0.05,0.0,8,0.7949657940864556,-4.7109340292034725,-4.135051724645827
5220,pp,0.05,0.0,14,1.2069031894207,-4.259945467746619,-3.735979261663225
5221,do,0.05,0.0,58,3.709829816818237,-7.260084556810783,-6.097273113992479
5222,pp,0.05,0.0,70,1.4798364210128785,-7.31268768455043,-6.452755999565125
5223,do,0.05,0.0,66,1.6507066845893865,-7.1641084064136855,-6.623277772797478
5224,pp,0.05,0.0,59,2.9290099477767946,-7.945039714466442,-7.398045614030626
5225,do,0.05,0.0,70,2.1901017689704894,-8.427449609294083,-7.996745464536879
5226,pp,0.05,0.0,14,1.3628127169609074,-5.508041568235917,-4.799667170312669
5227,do,0.05,0.0,44,2.5359050178527838,-7.887840182853467,-7.279733146561517
5228,pp,0.05,0.0,70,1.528921613693237,-7.511273940404256,-6.384698722097609
5229,do,0.05,0.0,70,2.074978038072585,-6.419978287725738,-5.340451505449083
5230,pp,0.05,0.0,17,0.6672741413116459,-5.6459141384471545,-4.8278200149536135
5231,do,0.05,0.0,6,0.13222766757011417,-5.612161302566529,-5.235664857758416
5232,pp,0.05,0.0,70,1.774243367910385,-6.221271861683238,-5.696402380201552
5233,do,0.05,0.0,13,0.7718980205059047,-5.984035299763535,-4.947711629337735
5234,pp,0.05,0.0,37,1.1572747170925144,-6.97171444459395,-5.766074215041266
5235,do,0.05,0.0,20,1.307503125667572,-5.498414764982281,-4.832216707865397
5236,pp,0.05,0.0,70,3.378041461706162,-5.978531000830911,-5.254675928751627
5237,do,0.05,0.0,22,2.9048896551132195,-6.649464257558187,-6.52936016453637
5238,pp,0.05,0.0,17,2.5144921302795415,-4.962455691713275,-4.301312388314141
5239,do,0.05,0.0,65,0.6155499863624581,-7.5423868858453,-7.026110945807563
5240,pp,0.05,0.0,18,1.9997332036495203,-4.841533195611202,-4.2605502472983465
5241,do,0.05,0.0,55,3.135162657499313,-9.4741229577498,-8.109790669547188
5242,pp,0.05,0.0,6,0.7994844639301304,-5.043611464355931,-4.039773660235935
5243,do,0.05,0.0,42,1.8691081440448762,-8.960601724277844,-9.00393156475491
5244,pp,0.05,0.0,19,2.7540761590003964,-5.332816316142226,-4.9369534783893165
5245,do,0.05,0.0,27,1.907450913190842,-5.357392597198486,-5.371146951781379
5246,pp,0.05,0.0,33,2.7880787372589113,-5.33910079869357,-4.6119582838482325
5247,do,0.05,0.0,18,1.735089045763016,-5.46982280846798,-4.40888770421346
5248,pp,0.05,0.0,52,3.9880658710002903,-5.5346395116863825,-4.639311271243625
5249,do,0.05,0.0,70,2.3281085467338567,-7.297221799330278,-6.853164105945163
5250,pp,0.05,0.0,66,2.2099622964859016,-7.821342823722146,-6.816141904724969
5251,do,0.05,0.0,68,1.305996509790421,-6.886815046541619,-6.205500857035319
5252,pp,0.05,0.0,13,1.3902674412727354,-4.767838800314701,-4.13955425951216
5253,do,0.05,0.0,17,1.126678739786148,-4.852066200429743,-4.399615971247355
5254,pp,0.05,0.0,13,1.7653484797477716,-5.054543317448009,-4.186641446749369
5255,do,0.05,0.0,70,0.44787105679512074,-6.580968210913918,-6.230218511157566
5256,pp,0.05,0.0,39,1.4169712913036348,-5.63049922133937,-4.826808929443359
5257,do,0.05,0.0,36,1.859025667905807,-6.764272412386807,-6.151752601729499
5258,pp,0.05,0.0,10,1.4705984497070315,-4.432844841119015,-3.765365976757473
5259,do,0.05,0.0,10,1.1360174942016599,-5.383295547600948,-4.384508842892117
5260,pp,0.05,0.0,62,2.1283395159244547,-5.948132853074507,-4.889030786355336
5261,do,0.05,0.0,56,1.8686909914016727,-7.007821597474994,-6.153394314977858
5262,pp,0.05,0.0,28,2.1976516640186308,-5.170148806138472,-4.593146422174242
5263,do,0.05,0.0,68,3.144352893829346,-9.135636442357844,-7.62662115626865
5264,pp,0.05,0.0,27,2.987826178073883,-6.805647714210279,-6.045016792085436
5265,do,0.05,0.0,39,1.1368541872501368,-5.778431376543912,-5.9948488897747465
5266,pp,0.05,0.0,48,2.6170255291461944,-5.965752084327467,-5.443167781829834
5267,do,0.05,0.0,15,0.6661570692062382,-5.232709974231142,-4.896709669960869
5268,pp,0.05,0.0,32,2.928346918821336,-4.89203817916639,-4.716306392351786
5269,do,0.05,0.0,53,2.78259614944458,-5.001189156734582,-4.534225934081608
5270,pp,0.05,0.0,23,1.9757232594490048,-5.5023511294162635,-4.740254584948222
5271,do,0.05,0.0,15,0.767383888959885,-5.212206080465606,-4.386484034856161
5272,pp,0.05,0.0,8,1.0939594650268551,-4.438592819734053,-3.9755623049206203
5273,do,0.05,0.0,37,1.43969319820404,-5.606566553404837,-4.803276048766242
5274,pp,0.05,0.0,37,2.4669154155254365,-5.037708533893932,-4.29739298555586
5275,do,0.05,0.0,23,1.3954483854770663,-6.086833887389212,-5.585707765155369
5276,pp,0.05,0.0,38,2.062918968200684,-7.444705487742569,-6.188877317640516
5277,do,0.05,0.0,27,2.1450852835178367,-5.5276551188844625,-6.021739451090495
5278,pp,0.05,0.0,31,2.907411031723022,-6.034710449160952,-5.395806460910373
5279,do,0.05,0.0,15,2.1594877815246587,-4.87731966827855,-4.768031774626838
5280,pp,0.05,0.0,20,2.2725384533405304,-5.24885810360764,-4.943000229199727
5281,do,0.05,0.0,19,2.7742261099815364,-5.885797049782493,-5.5402006308237715
5282,pp,0.05,0.0,70,1.1583147490024563,-7.190665877949108,-6.0464825577206085
5283,do,0.05,0.0,45,3.04735210776329,-6.0466196652614705,-5.579487265480889
5284,pp,0.05,0.0,70,2.4169919836521148,-6.988599108204697,-5.694110083580017
5285,do,0.05,0.0,68,3.41550206899643,-7.814127979856549,-7.227920124265883
5286,pp,0.05,0.0,19,1.6952391552925112,-4.956557402466283,-4.119125358263651
5287,do,0.05,0.0,52,1.4620648705959312,-6.699911105994023,-6.259742548730638
5288,pp,0.05,0.0,68,0.8564440035820002,-8.636650796370073,-6.850238256984287
5289,do,0.05,0.0,63,2.7854585838317876,-5.831020040223093,-5.478523916668362
5290,pp,0.05,0.0,53,2.71450469493866,-5.53398205872738,-4.94040951066547
5291,do,0.05,0.0,70,0.7467328298091891,-6.589320929845174,-5.798184204101562
5292,pp,0.05,0.0,33,1.6976778686046599,-5.63660341465112,-5.114250877168444
5293,do,0.05,0.0,36,1.892085915803908,-5.759303737409187,-5.418279547161526
5294,pp,0.05,0.0,15,1.6441229844093321,-4.799274438800234,-4.192083009084066
5295,do,0.05,0.0,19,2.6003390705585474,-5.264899863618793,-4.730122020509508
5296,pp,0.05,0.0,31,1.50130900979042,-6.39466680613431,-5.326789813571506
5297,do,0.05,0.0,12,1.456091421842575,-5.599777870467215,-5.739662883016798
5298,pp,0.05,0.0,14,2.2130206799507146,-4.894374947114424,-4.646670598453945
5299,do,0.05,0.0,54,2.4137613534927365,-6.276756728779186,-5.931541911760966
5300,pp,0.05,0.0,70,1.4132966780662546,-6.553307422002157,-5.893698909547594
5301,do,0.05,0.0,18,2.4255927824974064,-5.032099203629927,-4.685219883918762
5302,pp,0.05,0.0,64,3.017724598646165,-6.312263235901341,-5.786587068769667
5303,do,0.05,0.0,34,3.112169470787049,-5.917283982941599,-5.628048973613315
5304,pp,0.05,0.0,60,1.6187653088569647,-7.191240169062759,-6.223884757359823
5305,do,0.05,0.0,10,1.1638528382778164,-4.659379641215007,-4.226912919680277
5306,pp,0.05,0.0,59,2.3077238154411317,-5.571706325357611,-5.109485408994886
5307,do,0.05,0.0,70,2.882388887405396,-10.732416998256337,-11.37097970644633
5308,pp,0.05,0.0,70,1.221809837818146,-6.531486661506421,-5.740003188451131
5309,do,0.05,0.0,30,3.008511868715286,-5.706545487317172,-5.465584005249871
5310,pp,0.05,0.0,70,1.8102401161193846,-6.511955873893969,-5.612163101302253
5311,do,0.05,0.0,54,2.926420153379441,-6.579455637209343,-7.160794003804525
5312,pp,0.05,0.0,19,2.7801951289176943,-5.475727522011959,-4.98469988240136
5313,do,0.05,0.0,17,2.350472284555435,-5.505798942392523,-4.822324090533787
5314,pp,0.05,0.0,70,3.563752318620681,-5.988508555383393,-5.152306795120239
5315,do,0.05,0.0,7,0.6495739710330959,-4.913320649753917,-4.535623582204183
5316,pp,0.05,0.0,16,0.896924366950989,-5.571761165965687,-4.476158690452576
5317,do,0.05,0.0,19,1.8162814712524415,-5.160892934510202,-4.803456401824951
5318,pp,0.05,0.0,12,1.5614297127723695,-4.8488641840038875,-4.905933629141914
5319,do,0.05,0.0,20,1.4153615713119514,-5.79194533030192,-5.361068367958069
5320,pp,0.05,0.0,11,0.9946122086048126,-5.1003890239831176,-4.431380875905355
5321,do,0.05,0.0,63,3.1601613950729375,-6.597710441820549,-6.315436508920458
5322,pp,0.05,0.0,67,3.1467678117752085,-5.414754247665405,-4.71861502594418
5323,do,0.05,0.0,20,1.4885839617252348,-5.640515369357485,-5.459026273091634
5324,pp,0.05,0.0,70,1.886830617189407,-6.118036666060939,-5.821480446391636
5325,do,0.05,0.0,62,2.695480184555054,-7.196440231438839,-6.777938458654615
5326,pp,0.05,0.0,42,2.135396877527236,-5.302337108958851,-4.498666063944499
5327,do,0.05,0.0,25,1.0019821953773498,-6.1099359353383385,-5.700222028626336
5328,pp,0.05,0.0,31,1.8270740687847127,-5.740831655444521,-5.077009113629659
5329,do,0.05,0.0,19,1.6394260609149924,-5.743424672791452,-5.180411171913147
5330,pp,0.05,0.0,23,1.929469418525696,-5.390713772629247,-5.0403005361557005
5331,do,0.05,0.0,43,0.8233151483535774,-7.412978367371992,-7.041897789637248
5332,pp,0.05,0.0,40,2.346467354297638,-6.87056019522927,-6.438141690360175
5333,do,0.05,0.0,68,1.2006654334068294,-8.431148047880693,-7.269609011544121
5334,pp,0.05,0.0,60,2.4310080134868626,-6.703073575279929,-5.373353248172336
5335,do,0.05,0.0,26,1.4314351701736454,-6.402959770144839,-5.551019877857632
5336,pp,0.05,0.0,34,1.6822757256031036,-6.155991743550156,-5.222773461871677
5337,do,0.05,0.0,15,2.1002634072303774,-5.509627778602369,-5.418773942523533
5338,pp,0.05,0.0,44,3.2256418740749364,-6.977712190512455,-5.8493398004108
5339,do,0.05,0.0,9,0.6681537783145899,-5.151801230690696,-4.415954139497545
5340,pp,0.05,0.0,56,2.101523629426956,-6.166196223461267,-5.310418118370904
5341,do,0.05,0.0,7,0.33577822566032456,-5.2668764547868205,-4.269045805931091
5342,pp,0.05,0.0,58,2.108944889307022,-7.0292051286408395,-5.53386459880405
5343,do,0.05,0.0,21,1.7209014582633975,-4.863827536322853,-4.657555161582099
5344,pp,0.05,0.0,48,1.8137767803668972,-7.410188950914325,-6.545382515589396
5345,do,0.05,0.0,33,4.5822526443004605,-4.752877751263705,-4.577074886692895
5346,pp,0.05,0.0,27,3.8889558112621305,-5.13313844276197,-4.3981834861967295
5347,do,0.05,0.0,70,3.4984410738945,-6.260153362967751,-5.383542897966173
5348,pp,0.05,0.0,52,2.6850509834289547,-5.944092805457838,-5.015240661303202
5349,do,0.05,0.0,66,2.4345401966571814,-5.921805071108269,-5.565594583087497
5350,pp,0.05,0.0,55,2.462008290290833,-6.1358860275962135,-5.327199406094021
5351,do,0.05,0.0,70,1.5955436468124375,-9.021365308761597,-7.739199980099996
5352,pp,0.05,0.0,20,2.6440318679809574,-5.933915596297293,-5.059780512915717
5353,do,0.05,0.0,8,0.6255046129226685,-4.988113950960564,-4.7711309115091955
5354,pp,0.05,0.0,9,0.914522260427475,-5.2009598284056695,-4.001779868867662
5355,do,0.05,0.0,70,2.379348396062852,-7.320778342449304,-8.921102084053887
5356,pp,0.05,0.0,13,1.2866447007656099,-4.057006565729777,-3.7330408930778503
5357,do,0.05,0.0,70,3.180964652299881,-5.754882152152784,-5.583805714713202
5358,pp,0.05,0.0,49,2.217575025558472,-5.829456158840295,-4.959559313456217
5359,do,0.05,0.0,70,0.3408022558689119,-6.917451231407397,-6.4315093570285375
5360,pp,0.05,0.0,13,1.80217365860939,-4.928241158976699,-4.312332118882074
5361,do,0.05,0.0,44,1.240292836427689,-6.863111121726758,-6.0076834519704185
5362,pp,0.05,0.0,34,2.6103452169895167,-5.590788026289506,-4.713049631648594
5363,do,0.05,0.0,19,1.8910936498641968,-5.9673892331845835,-5.196028998163011
5364,pp,0.05,0.0,32,2.636374660730363,-5.366340176264445,-4.50975395043691
5365,do,0.05,0.0,7,0.8072752392292024,-4.979869650349473,-4.932954759067959
5366,pp,0.05,0.0,41,3.404618628025056,-5.232782938986114,-5.263740148809221
5367,do,0.05,0.0,42,2.9878442382812507,-4.806118546110211,-4.909865519735548
5368,pp,0.05,0.0,32,2.135719460248948,-5.4325639204545455,-4.837411236763001
5369,do,0.05,0.0,70,0.679482059478759,-7.7344268220843695,-6.9041142516665985
5370,pp,0.05,0.0,28,2.7388205564022057,-5.3186616131753635,-4.966465316878425
5371,do,0.05,0.0,62,2.872811685800553,-5.555595457192624,-5.324902205997043
5372,pp,0.05,0.0,49,1.9310349237918851,-6.37705197912274,-5.550409539540609
5373,do,0.05,0.0,26,2.0751014542579655,-5.350523811398131,-5.0843931039174395
5374,pp,0.05,0.0,35,3.0659605848789218,-5.789038718830455,-4.967730776468913
5375,do,0.05,0.0,17,1.8575258779525754,-4.541844616514264,-4.4342185417811075
5376,pp,0.05,0.0,21,2.590422123670577,-4.826901736403957,-4.643571297327678
5377,do,0.05,0.0,61,1.1523905062675466,-6.803379479321566,-6.4434980498419865
5378,pp,0.05,0.0,57,2.143341507911683,-6.557598108233828,-5.6667762809329565
5379,do,0.05,0.0,12,1.804703449010849,-5.063634061813355,-4.33284833961063
5380,pp,0.05,0.0,55,2.888215943574906,-5.163441354578191,-5.195793041918013
5381,do,0.05,0.0,70,2.09213858962059,-6.836699634609801,-6.576522413889567
5382,pp,0.05,0.0,70,0.9984073781967169,-7.150795926469745,-6.344116981824239
5383,do,0.05,0.0,45,1.6206489264965063,-5.7591882171052875,-5.842707451184591
5384,pp,0.05,0.0,70,1.1551936566829681,-7.234412568988222,-7.090392155117459
5385,do,0.05,0.0,70,2.2845655977725983,-6.898706606662635,-6.187879506746928
5386,pp,0.05,0.0,44,2.3755132901668548,-6.344775566910252,-5.648362493515014
5387,do,0.05,0.0,70,1.5527436816692353,-7.010398413918235,-6.36871231396993
5388,pp,0.05,0.0,45,2.433200314044952,-5.796786600170713,-5.19999114672343
5389,do,0.05,0.0,69,3.2931019616127015,-7.374890135273789,-7.034687993261549
5390,pp,0.05,0.0,43,2.5862465691566463,-5.971301428476969,-5.0517136918173895
5391,do,0.05,0.0,70,3.3528493869304654,-6.949180236007228,-7.077309838930765
5392,pp,0.05,0.0,34,1.9872106099128732,-5.819892124696211,-5.21870120631324
5393,do,0.05,0.0,29,2.1103261530399315,-6.556794105876576,-5.506718797153897
5394,pp,0.05,0.0,14,2.05141141295433,-4.318633900266705,-3.846198232968648
5395,do,0.05,0.0,6,0.21514215946197535,-5.189683232162938,-4.739316452874077
5396,pp,0.05,0.0,28,2.0755436110496523,-5.179633552377874,-4.750051085154215
5397,do,0.05,0.0,63,1.5744191730022434,-6.255478126352483,-5.897956286536322
5398,pp,0.05,0.0,17,2.1091130089759833,-4.7794523882143425,-4.114424207475451
5399,do,0.05,0.0,70,3.593395775556564,-6.039779296065822,-5.34893602795071
5400,pp,0.05,0.0,45,2.3488700187206266,-5.87837785952019,-5.091847358809577
5401,do,0.05,0.0,6,0.7917337131500242,-5.135292226617986,-4.742014961772495
5402,pp,0.05,0.0,33,2.3066393208503726,-5.808528189225631,-5.082363404168023
5403,do,0.05,0.0,38,3.623850722312927,-8.884611222238252,-8.973208411534626
5404,pp,0.05,0.0,56,2.207997047901153,-6.65452554731658,-6.892143811119928
5405,do,0.05,0.0,16,0.8548162567615512,-6.449884358319369,-6.446064061588711
5406,pp,0.05,0.0,64,2.4399802553653727,-6.611274245291045,-6.102282892333137
5407,do,0.05,0.0,11,0.9185207748413085,-5.0033583583253805,-4.497613093588087
5408,pp,0.05,0.0,70,2.358510797023774,-6.15437059691458,-5.647540558709038
5409,do,0.05,0.0,8,0.9273044359683986,-4.678115747191689,-4.273366579744551
5410,pp,0.05,0.0,17,2.3856952321529388,-4.665215248050112,-4.2572910454538135
5411,do,0.05,0.0,20,2.6182882797718054,-4.463023468219872,-4.237039293183221
5412,pp,0.05,0.0,35,2.2866301822662356,-6.483456886175907,-5.640902015897963
5413,do,0.05,0.0,40,3.4167014646530154,-4.7419968807336055,-4.170898418956333
5414,pp,0.05,0.0,19,2.2312905347347263,-5.96634362972144,-5.0676283094618055
5415,do,0.05,0.0,35,2.1958387720584875,-5.07436768358404,-4.902489315138923
5416,pp,0.05,0.0,26,1.9763003897666929,-4.549627688436797,-4.088361243406932
5417,do,0.05,0.0,24,1.3309105718135834,-4.734781674182776,-4.694704394870334
5418,pp,0.05,0.0,16,1.5361742556095122,-4.063764168276931,-3.8244885285695394
5419,do,0.05,0.0,21,2.328812738656999,-4.969470057342992,-4.698574916521708
5420,pp,0.05,0.0,37,2.775458651781082,-6.841280856277003,-5.8528754737642075
5421,do,0.05,0.0,25,1.6796169662475577,-6.058720955704198,-5.047964790132311
5422,pp,0.05,0.0,36,3.336117992401123,-6.231154262658322,-4.972767959700691
5423,do,0.05,0.0,19,2.5865050852298737,-4.244391841599436,-4.174312615394593
5424,pp,0.05,0.0,18,1.5081284320354458,-4.62437461939725,-3.9732346137364707
5425,do,0.05,0.0,49,1.3171041655540456,-6.515733036850438,-5.6753591087129385
5426,pp,0.05,0.0,10,1.0607079291343684,-4.073230814933777,-3.5195140255822075
5427,do,0.05,0.0,70,2.5141111779212943,-6.70329167915113,-6.123606234126621
5428,pp,0.05,0.0,16,2.2304746520519254,-4.2926913651553065,-3.6100606348779465
5429,do,0.05,0.0,58,2.3971368837356577,-5.871097213571722,-5.277683570649889
5430,pp,0.05,0.0,21,1.6480056583881373,-5.0018442067233,-4.478854127724966
5431,do,0.05,0.0,27,2.663030034303664,-6.209842358213482,-5.415277621481153
5432,pp,0.05,0.0,70,1.9263842570781717,-6.348116146434437,-5.655142574840122
5433,do,0.05,0.0,21,1.1798586487770084,-6.848315147920088,-5.740240483813816
5434,pp,0.05,0.0,6,0.7755816316604616,-4.039095992753,-3.398445459206899
5435,do,0.05,0.0,18,1.8564581334590917,-5.227485363411181,-5.327848193380568
5436,pp,0.05,0.0,14,1.701023625135421,-4.62228418119026,-3.8581763823827107
5437,do,0.05,0.0,16,1.6058883094787593,-5.5552675247192385,-4.5951256116231285
5438,pp,0.05,0.0,16,1.9771651363372804,-4.208143865700924,-3.6253929747475517
5439,do,0.05,0.0,27,2.3522446525096896,-5.655620563391484,-4.844155449337429
5440,pp,0.05,0.0,12,1.351172422170639,-5.747955669056285,-5.074355761210124
5441,do,0.05,0.0,11,1.350938397645951,-5.544211740204783,-4.565424116452535
5442,pp,0.05,0.0,70,2.599429980516435,-9.13990422595631,-8.52675997151269
5443,do,0.05,0.0,7,1.1789073395729064,-6.074822382493452,-5.175354033046299
5444,pp,0.05,0.0,70,1.8273217833042148,-6.911551027586966,-6.5784594827228124
5445,do,0.05,0.0,6,0.777754715681076,-5.757301212079597,-4.874258817566766
5446,pp,0.05,0.0,28,1.8548578023910522,-7.399868468082312,-7.2631949769126045
5447,do,0.05,0.0,9,1.6876157367229458,-5.8770382303180115,-4.702355670928955
5448,pp,0.05,0.0,21,1.8328312635421753,-4.894438609209928,-4.215693145328098
5449,do,0.05,0.0,70,1.3535046267509472,-10.137066852685177,-8.527888912624784
5450,pp,0.05,0.0,17,2.317189673185349,-5.581794743104415,-4.900071477890014
5451,do,0.05,0.0,13,2.0872054123878483,-5.885955132860126,-4.901905343267653
5452,pp,0.05,0.0,37,1.9056971061229717,-5.890323108615298,-5.1089552058113945
5453,do,0.05,0.0,70,2.6622851657867432,-8.162337196234501,-6.918386406368679
5454,pp,0.05,0.0,18,2.448861707448959,-5.408880285783248,-4.916665154033237
5455,do,0.05,0.0,16,2.62647876739502,-5.359330474969113,-4.904243397712707
5456,pp,0.05,0.0,70,2.2359163618087763,-5.821375495737249,-5.760733265346951
5457,do,0.05,0.0,70,2.581117275953292,-5.129212818723737,-4.816180103354984
5458,pp,0.05,0.0,13,1.816488395929337,-4.354143989447391,-3.7906015356381735
5459,do,0.05,0.0,23,2.5036321449279786,-5.215751015056263,-4.304486207167307
5460,pp,0.05,0.0,16,2.2364548468589787,-5.981941582939841,-5.01902109781901
5461,do,0.05,0.0,22,1.950447498559952,-4.928833598801584,-4.886413844426473
5462,pp,0.05,0.0,19,2.2991232407093047,-4.034648005890124,-3.8253631750742594
5463,do,0.05,0.0,12,0.762518848180771,-4.873077636776548,-4.528233949343363
5464,pp,0.05,0.0,20,2.596606749296189,-5.246790893150099,-4.576467567019993
5465,do,0.05,0.0,64,2.296094261407852,-5.955980644804058,-6.368774673673841
5466,pp,0.05,0.0,18,1.5922624993324277,-4.457025363228538,-3.7882517841127186
5467,do,0.05,0.0,24,1.9710875093936915,-5.658277953754772,-4.881333192189534
5468,pp,0.05,0.0,15,2.095823903083801,-5.924554404345426,-5.083924563725789
5469,do,0.05,0.0,11,1.9030486083030702,-4.575857266512784,-4.378866622183058
5470,pp,0.05,0.0,33,1.986942760944367,-4.411282935287013,-3.8139074948098926
5471,do,0.05,0.0,13,1.4784181046485898,-4.521079699920885,-4.120795422130161
5472,pp,0.05,0.0,20,2.705993857383728,-4.644324019460967,-3.8723459760348002
5473,do,0.05,0.0,19,2.555011855363846,-6.4230944460088555,-5.903504323959351
5474,pp,0.05,0.0,52,2.171712561845779,-6.147739507212783,-5.128085446357727
5475,do,0.05,0.0,70,1.1829780054092414,-8.863266082243486,-7.970096386803521
5476,pp,0.05,0.0,70,2.3341386842727667,-5.770601149761315,-5.093937600983514
5477,do,0.05,0.0,35,2.9643438565731044,-7.541845152594826,-6.541074832280477
5478,pp,0.05,0.0,14,2.2885381436347965,-4.449859779531305,-3.8749859266810947
5479,do,0.05,0.0,7,0.8388023650646206,-5.053844730781786,-4.5558460315068565
5480,pp,0.05,0.0,17,1.7308209669589996,-5.09444821097634,-4.25558467441135
5481,do,0.05,0.0,49,4.619908857345582,-5.5915855075373795,-5.559489329655965
5482,pp,0.05,0.0,35,2.0264058887958516,-5.257326698303222,-4.6229489088058475
5483,do,0.05,0.0,38,2.390234515666962,-6.330756206223459,-5.652446746826172
5484,pp,0.05,0.0,17,2.000409065485001,-4.163733022140734,-3.608782731162177
5485,do,0.05,0.0,10,1.6108991086483,-5.6474383773225725,-5.420207198460897
5486,pp,0.05,0.0,13,1.590692757368088,-4.557207148002855,-3.8302530394660104
5487,do,0.05,0.0,10,1.5638565135002134,-5.302276375799468,-5.093921772638956
5488,pp,0.05,0.0,55,2.6033861899375914,-5.451391097271081,-4.424070052305857
5489,do,0.05,0.0,13,1.7016533803939824,-6.150459999026674,-5.627623984548781
5490,pp,0.05,0.0,11,1.2347791528701784,-4.582564874128862,-3.7616265389654373
5491,do,0.05,0.0,11,2.76638288617134,-6.003812778357304,-5.568043006791009
5492,pp,0.05,0.0,25,3.099357421398162,-4.45039532401345,-3.8735711495081584
5493,do,0.05,0.0,8,1.9728868031501774,-5.580230143575958,-4.650308638148838
5494,pp,0.05,0.0,14,2.0360654163360596,-4.58980178977504,-3.915462503168318
5495,do,0.05,0.0,14,3.186236513853074,-5.912199143207435,-4.962794719802009
5496,pp,0.05,0.0,15,1.8223055982589722,-4.631902050249504,-3.7716284142600167
5497,do,0.05,0.0,62,0.9810297155380248,-8.411905600807884,-8.056173674265544
5498,pp,0.05,0.0,70,2.257426623106003,-7.760771345369744,-6.604238777690464
5499,do,0.05,0.0,19,0.7997863709926607,-6.193539456165198,-5.274900200631883
5500,pp,0.05,0.0,43,1.71345087647438,-7.7444004680171155,-6.818290784623888
5501,do,0.05,0.0,52,0.7502488231658937,-9.56009739817995,-8.71355390548706
5502,pp,0.05,0.0,25,2.729555569887161,-4.5430190187512025,-4.00901745557785
5503,do,0.05,0.0,14,2.223518977165222,-4.378468281572515,-4.362506747245789
5504,pp,0.05,0.0,15,2.035245313644409,-4.580537333632961,-4.0192970540788435
5505,do,0.05,0.0,17,2.2813816869258883,-6.0499261191397,-5.011760822931925
5506,pp,0.05,0.0,63,2.756677470207215,-8.28149460590247,-6.625614812639024
5507,do,0.05,0.0,70,0.9778313899040221,-6.854865903565378,-5.468972179624769
5508,pp,0.05,0.0,42,2.399173043966293,-6.255938011227232,-4.7690494378407795
5509,do,0.05,0.0,70,2.750643600225449,-7.5418184222597064,-6.071126378907097
5510,pp,0.05,0.0,70,2.218509306907653,-5.8274156686031455,-4.93315577507019
5511,do,0.05,0.0,70,2.417598603963853,-8.836748614455715,-7.496626657909817
5512,pp,0.05,0.0,13,1.702397650480271,-5.600059142257228,-4.892085152202182
5513,do,0.05,0.0,29,0.1389623725414273,-8.13498123920325,-8.181739166047837
5514,pp,0.05,0.0,22,2.7315412342548377,-4.878293167461049,-4.6138291756312055
5515,do,0.05,0.0,36,0.8138664591312414,-7.384350588827422,-6.537923484378391
5516,pp,0.05,0.0,45,3.2388626694679266,-5.861555449167887,-5.219315518273247
5517,do,0.05,0.0,42,2.205511735677719,-8.964322816964351,-7.694732064670987
5518,pp,0.05,0.0,65,2.4815810298919683,-7.35611621538798,-5.7812064992056955
5519,do,0.05,0.0,66,1.3402935290336604,-7.041111173051776,-6.078183052274916
5520,pp,0.05,0.0,15,2.2687790858745576,-4.958083684516676,-4.054376988940769
5521,do,0.05,0.0,11,0.3608186483383182,-5.621437545256181,-5.093242761823866
5522,pp,0.05,0.0,4,0.5833922028541565,-4.5903065132372305,-3.8298172222243414
5523,do,0.05,0.0,50,1.0989235174655914,-10.022926411484226,-8.571837690141466
5524,pp,0.05,0.0,70,2.6073572230339046,-8.074690362178918,-7.03217900329166
5525,do,0.05,0.0,70,1.183173387050628,-7.711828100320065,-7.5077586968739825
5526,pp,0.05,0.0,7,0.2985253846645355,-5.042483196836529,-4.281949008835687
5527,do,0.05,0.0,60,1.4364297556877137,-8.178433580109568,-7.740974399778578
5528,pp,0.05,0.0,3,1.0762465941905974,-4.069789233352199,-3.4556901269488867
5529,do,0.05,0.0,68,1.8908875465393056,-6.277332791415128,-5.376041844156053
5530,pp,0.05,0.0,65,2.4186388742923732,-6.385754281824285,-5.300775170326233
5531,do,0.05,0.0,57,3.8536994886398306,-7.256398849776297,-6.3637471755345665
5532,pp,0.05,0.0,64,3.593103680610657,-7.146346899957368,-6.006549003389146
5533,do,0.05,0.0,10,-0.2830783700942998,-5.917206333622788,-5.170984784762065
5534,pp,0.05,0.0,4,0.7491234111785889,-4.2356575243400805,-3.680087747838762
5535,do,0.05,0.0,42,1.738347193002701,-6.530982940847223,-6.98148708873325
5536,pp,0.05,0.0,17,2.530119614601136,-5.037645834142512,-4.4453564220004615
5537,do,0.05,0.0,8,0.9772610247135161,-5.490514334765348,-5.594159303771125
5538,pp,0.05,0.0,70,1.3807884395122532,-7.627696256926566,-6.153653433587816
5539,do,0.05,0.0,23,0.6890499985218046,-5.560014557115959,-5.419890750779046
5540,pp,0.05,0.0,18,1.8001474940776818,-6.286960549788041,-5.59687676164839
5541,do,0.05,0.0,18,1.5329791045188896,-5.495890909252744,-6.01388889948527
5542,pp,0.05,0.0,59,1.470410931110382,-7.0265604452653365,-5.852235142389933
5543,do,0.05,0.0,11,1.5619719159603118,-5.568111675435847,-4.958285231060452
5544,pp,0.05,0.0,13,1.982916936874389,-5.610256254311764,-4.43128501839108
5545,do,0.05,0.0,70,0.4458923029899591,-8.5571113875418,-7.858405685424804
5546,pp,0.05,0.0,10,1.6147281944751741,-4.557404145327482,-3.78615984916687
5547,do,0.05,0.0,42,2.1066485321521764,-5.493101316509825,-5.64350574016571
5548,pp,0.05,0.0,19,2.6466092872619624,-4.694867385517467,-4.410910868644715
5549,do,0.05,0.0,8,0.3223409986495973,-5.575734840739857,-5.494524704085456
5550,pp,0.05,0.0,15,2.1139328384399416,-4.890023923642707,-4.2460715399848095
5551,do,0.05,0.0,7,0.6800862884521486,-5.35615312836387,-4.884838928116692
5552,pp,0.05,0.0,3,0.8925234782695766,-4.4856561602968155,-3.6771165397432117
5553,do,0.05,0.0,70,1.9373669445514672,-8.641026868242205,-7.522803952958848
5554,pp,0.05,0.0,70,2.866829750537871,-7.541106144587199,-6.8459517134560475
5555,do,0.05,0.0,38,2.356008030176162,-5.876439705761996,-5.2270537747277155
5556,pp,0.05,0.0,20,1.6618184745311737,-4.647935485839843,-4.055299107233683
5557,do,0.05,0.0,37,1.8288222563266752,-5.835623442042958,-5.349212956428528
5558,pp,0.05,0.0,46,2.5052343142032623,-5.474170011462587,-5.039812058872647
5559,do,0.05,0.0,4,0.7440329182147973,-6.096616116437045,-5.3971987009048465
5560,pp,0.05,0.0,65,2.9950375568866727,-7.690257861397483,-6.526355674531724
5561,do,0.05,0.0,9,1.3006542694568628,-5.325729212616429,-4.8090200954013405
5562,pp,0.05,0.0,14,2.229855654239655,-5.381274061491995,-4.456045065985785
5563,do,0.05,0.0,70,1.1566348278522494,-8.54512761000431,-8.631801790661282
5564,pp,0.05,0.0,70,1.1264060544967638,-8.200831799073653,-7.137008168962267
5565,do,0.05,0.0,14,1.0066214179992672,-5.389452529676033,-5.0907469855414496
5566,pp,0.05,0.0,12,1.8720530951023102,-4.5321487990292635,-3.862725435362922
5567,do,0.05,0.0,47,2.835460963249206,-9.60270181280194,-6.930165359708998
5568,pp,0.05,0.0,33,2.5717064070701605,-7.950839244958126,-6.688434312078688
5569,do,0.05,0.0,17,1.3905116927623737,-8.631824642239195,-7.972199461195204
5570,pp,0.05,0.0,11,2.273033386468887,-5.03352600588943,-4.205488901668125
5571,do,0.05,0.0,43,2.1321263885498043,-7.493695933891066,-6.920168325636122
5572,pp,0.05,0.0,16,2.2551367020606987,-4.520989334222042,-3.824552277723948
5573,do,0.05,0.0,70,1.110102922916412,-8.002805851445054,-7.341706975301107
5574,pp,0.05,0.0,9,1.2578114974498744,-4.219173386602691,-3.695610780186123
5575,do,0.05,0.0,70,1.1975023174285893,-7.711979520682132,-6.975040001339383
5576,pp,0.05,0.0,26,2.7908098316192627,-5.212221252557003,-4.316719706853231
5577,do,0.05,0.0,70,1.55966808795929,-7.8033576228401875,-7.014752909872267
5578,pp,0.05,0.0,34,3.5119069325923924,-5.95837928165089,-5.376813615692987
5579,do,0.05,0.0,44,1.9433649039268488,-7.4912823575915715,-7.671730767356025
5580,pp,0.05,0.0,17,1.202979289293289,-4.261534102757772,-4.084986608558231
5581,do,0.05,0.0,53,0.8600214958190922,-7.039976755777995,-6.436474328570895
5582,pp,0.05,0.0,34,2.0828364789485923,-6.333742575211958,-5.552787245644463
5583,do,0.05,0.0,65,3.0273743927478787,-5.138346264579079,-4.8647957642873125
5584,pp,0.05,0.0,70,2.6446043431758888,-8.305738443316836,-7.103848812315199
5585,do,0.05,0.0,70,0.28370298147201467,-9.65512357336102,-9.367495499716865
5586,pp,0.05,0.0,32,2.1368632757663732,-7.6190921046517115,-6.186402334107293
5587,do,0.05,0.0,10,1.6350726544857022,-4.614443695183956,-4.344856304592557
5588,pp,0.05,0.0,26,1.4602502512931812,-6.738814694953687,-5.434396612644195
5589,do,0.05,0.0,70,0.5854163920879358,-8.670565564704663,-7.741769409179687
5590,pp,0.05,0.0,26,0.8999293017387391,-6.63007001732335,-4.949809516800775
5591,do,0.05,0.0,70,3.4096187353134146,-8.81988815538811,-9.458444950315688
5592,pp,0.05,0.0,70,1.4068982779979713,-6.24244627085599,-5.501609481705559
5593,do,0.05,0.0,70,1.834480974674225,-8.586639488104618,-7.65859706931644
5594,pp,0.05,0.0,9,1.6853851258754728,-4.242480305469397,-3.610992483297984
5595,do,0.05,0.0,28,1.8742392110824584,-6.735278203270652,-5.90292260117001
5596,pp,0.05,0.0,70,3.5002283918857575,-6.522839933453184,-5.075455498695374
5597,do,0.05,0.0,16,1.6343471550941464,-6.084915776686235,-5.223098230361939
5598,pp,0.05,0.0,16,1.7223026990890498,-4.690136697075584,-3.9313888682259455
5599,do,0.05,0.0,7,0.21313410043716452,-5.238720402573094,-4.809645687209235
5600,pp,0.05,0.0,52,1.1557450091838835,-6.85299394491947,-5.525680915514628
5601,do,0.05,0.0,38,1.1951939868926988,-8.42085412343343,-7.5983950508965385
5602,pp,0.05,0.0,16,2.1053718376159667,-5.657546894478076,-4.854864645004272
5603,do,0.05,0.0,69,2.316740238666534,-7.475860844236432,-6.859273285335965
5604,pp,0.05,0.0,8,1.0293888425827022,-4.8332663189281115,-3.8721210704909432
5605,do,0.05,0.0,70,2.7995530331134795,-8.270880337917443,-7.510154867172242
5606,pp,0.05,0.0,11,1.9511985599994661,-5.650142048344468,-4.812016089757283
5607,do,0.05,0.0,70,0.9922449183464064,-8.913448187799165,-9.557391039530437
5608,pp,0.05,0.0,10,0.6143505239486693,-5.080624583273223,-4.447985982894897
5609,do,0.05,0.0,50,1.440187999010086,-8.559279995253592,-9.367929787105984
5610,pp,0.05,0.0,7,0.336496806144714,-4.674359197327585,-4.066579741901822
5611,do,0.05,0.0,67,2.6395275533199305,-8.660936952359748,-6.98322741985321
5612,pp,0.05,0.0,47,2.2846548485755918,-7.348387791893699,-6.775486954053243
5613,do,0.05,0.0,9,2.1582178807258607,-4.781022430188728,-4.007715264956157
5614,pp,0.05,0.0,31,2.3717443287372584,-6.384476514296098,-5.2105492432912195
5615,do,0.05,0.0,6,0.13640943884849488,-5.100813530430649,-4.715286207199097
5616,pp,0.05,0.0,3,0.7748913407325739,-4.229722599549727,-3.6061671680874294
5617,do,0.05,0.0,7,0.1974763548374172,-5.6537274476253625,-5.039339849683974
5618,pp,0.05,0.0,13,2.221334013938904,-5.834059901670976,-4.5809106429417925
5619,do,0.05,0.0,8,0.747814627885818,-5.67137465765982,-5.060090809398227
5620,pp,0.05,0.0,46,2.3875650811195372,-6.745809945193204,-5.540981690088908
5621,do,0.05,0.0,70,1.3660627377033228,-7.406655971931689,-6.403119852807786
5622,pp,0.05,0.0,18,1.9844321870803832,-5.171370764934656,-4.3113958994547525
5623,do,0.05,0.0,15,1.3108838474750515,-5.552487889203158,-4.938357061809963
5624,pp,0.05,0.0,14,1.6875752580165857,-4.577960307670362,-4.122667712635464
5625,do,0.05,0.0,70,0.4773451066017156,-7.617305291782726,-6.587218189239502
5626,pp,0.05,0.0,12,2.120173915624618,-5.749951868346243,-4.699732442696889
5627,do,0.05,0.0,34,0.6783643579483032,-6.835365015087706,-6.1953289402855765
5628,pp,0.05,0.0,23,1.7510126316547394,-6.043371206341368,-4.958884946505228
5629,do,0.05,0.0,8,1.1926619672775267,-5.351351855017922,-5.078510234091017
5630,pp,0.05,0.0,48,1.7284136223793025,-6.6438803123705314,-5.577317953109741
5631,do,0.05,0.0,20,1.3084964931011207,-4.968313558173902,-4.435052299499512
5632,pp,0.05,0.0,25,3.2603667390346533,-4.689739647778597,-4.333319538169437
5633,do,0.05,0.0,27,3.0926101231575016,-6.935160768393314,-6.355679421954685
5634,pp,0.05,0.0,26,2.939155285358429,-5.820512616995609,-5.306113057666355
5635,do,0.05,0.0,23,3.5894867205619825,-5.435195011081118,-5.242721589406331
5636,pp,0.05,0.0,70,1.949663101434708,-6.715139140504779,-5.538583336936103
5637,do,0.05,0.0,22,2.60111420750618,-4.965909179051717,-5.149408637152778
5638,pp,0.05,0.0,15,1.9820782375335693,-4.613717009804466,-4.104910594887204
5639,do,0.05,0.0,16,2.057397726774216,-6.280799099893281,-5.305480419264899
5640,pp,0.05,0.0,57,1.6223704648017883,-7.891468277844516,-6.8870979441536795
5641,do,0.05,0.0,18,2.1133468377590177,-4.940984032370827,-4.154319861200121
5642,pp,0.05,0.0,34,3.0609968388080597,-6.106539522517811,-5.349037656519148
5643,do,0.05,0.0,10,1.7786107110977172,-5.071312015706843,-5.206629501448737
5644,pp,0.05,0.0,30,2.2533773672580715,-5.68632045803648,-4.774300326241387
5645,do,0.05,0.0,43,2.334560701847076,-8.411038437756625,-6.698816561698914
5646,pp,0.05,0.0,70,2.541994831562043,-8.039422938317964,-6.820449611875746
5647,do,0.05,0.0,29,3.014596363306045,-6.150682443560976,-5.684517510732015
5648,pp,0.05,0.0,18,1.8674211108684542,-4.163828336831295,-3.6596854713228013
5649,do,0.05,0.0,8,1.3569641435146336,-6.139431417349613,-5.315014825926887
5650,pp,0.05,0.0,61,1.9090038633346555,-8.059880892435709,-6.583083979288737
5651,do,0.05,0.0,12,0.39084060788154584,-5.373630934050589,-4.9725736776987715
5652,pp,0.05,0.0,22,2.998488256931304,-5.2344595475630324,-4.51726647482978
5653,do,0.05,0.0,34,1.6972770118713374,-7.187355680176706,-6.285316430197822
5654,pp,0.05,0.0,47,1.992601132392883,-7.171638046611439,-6.0371678723229305
5655,do,0.05,0.0,45,1.439215414524078,-7.731227442712495,-8.17150247891744
5656,pp,0.05,0.0,70,0.8159255063533779,-7.799628686904907,-6.682550075319078
5657,do,0.05,0.0,29,1.5766232621669767,-6.166917287942135,-6.33978697988722
5658,pp,0.05,0.0,19,2.039355729818343,-5.705533172145034,-4.811835209528605
5659,do,0.05,0.0,5,1.060622668266296,-5.0342659213326195,-4.1064400434494015
5660,pp,0.05,0.0,20,3.384812515974044,-4.959691959438902,-4.374640327029758
5661,do,0.05,0.0,12,-0.7325348508358003,-6.658045199423126,-6.050035529666477
5662,pp,0.05,0.0,59,2.376517885923385,-5.999505274223559,-5.275095613797506
5663,do,0.05,0.0,70,1.8048190426826478,-6.758602672634702,-5.806529935201009
5664,pp,0.05,0.0,56,3.5433223772048947,-8.548102816668424,-8.530849300490486
5665,do,0.05,0.0,63,2.1841170060634605,-6.9817651719758,-6.36941721174452
5666,pp,0.05,0.0,17,1.7866064620018003,-5.014059696775494,-4.482056391239166
5667,do,0.05,0.0,57,0.11785474777221694,-8.263054177255341,-7.633703602684869
5668,pp,0.05,0.0,36,1.4646051454544082,-7.72250852729335,-6.300125228034125
5669,do,0.05,0.0,57,0.7332258188724516,-7.206097851377545,-8.16330033408271
5670,pp,0.05,0.0,17,1.6482761681079863,-4.392381062652126,-3.8212872081332736
5671,do,0.05,0.0,18,1.364373551607132,-5.30113120657025,-4.69077795876397
5672,pp,0.05,0.0,48,1.269992002248765,-5.8852358976999914,-4.972455615467496
5673,do,0.05,0.0,15,1.9261773073673245,-5.699739311680649,-4.891482003529867
5674,pp,0.05,0.0,21,3.10140771150589,-4.935703887361469,-4.162893052895864
5675,do,0.05,0.0,70,2.312088094949722,-8.519149018778945,-7.28592700958252
5676,pp,0.05,0.0,16,2.3146571815013885,-5.818522123856978,-4.735634771982829
5677,do,0.05,0.0,18,1.4404313361644743,-4.9710119825420955,-4.661088318294949
5678,pp,0.05,0.0,69,1.9023659563064568,-7.080530776399555,-5.900986305872599
5679,do,0.05,0.0,55,2.250748724937438,-6.567757055976174,-6.8587893883387245
5680,pp,0.05,0.0,50,3.4358764219284055,-4.95013113599835,-5.054393402735392
5681,do,0.05,0.0,20,1.6236746740341186,-5.0890349099130345,-5.753232722812228
5682,pp,0.05,0.0,16,3.2705687904357905,-5.2747916785153475,-4.4638831562466095
5683,do,0.05,0.0,70,2.3986971139907833,-8.649447773442123,-7.558096112145318
5684,pp,0.05,0.0,64,2.3125877594947823,-7.261204423326435,-6.05583213965098
5685,do,0.05,0.0,11,1.7833603584766387,-6.094026574221524,-6.036099280251397
5686,pp,0.05,0.0,70,1.5653730773925787,-7.900503771232836,-6.553812660111321
5687,do,0.05,0.0,39,3.185900342464447,-6.378020590001887,-5.919780185487535
5688,pp,0.05,0.0,33,1.9383626449108124,-6.225055126710371,-5.035024831030104
5689,do,0.05,0.0,23,2.7221214795112605,-5.000063393332741,-4.840808539920383
5690,pp,0.05,0.0,43,2.691710653305054,-5.600166934909242,-5.1216928296618995
5691,do,0.05,0.0,27,1.4885472321510314,-5.312118498484294,-4.403273287084367
5692,pp,0.05,0.0,29,2.164572139978409,-5.893743169668949,-4.964493187268575
5693,do,0.05,0.0,70,1.6779318284988403,-9.576690472978534,-7.991771258248223
5694,pp,0.05,0.0,11,1.0893984818458557,-4.862322317470204,-4.239300155639649
5695,do,0.05,0.0,63,2.410746430158616,-7.898520723978678,-6.954155355029636
5696,pp,0.05,0.0,13,2.0031326091289516,-4.773192899877375,-4.2780142360263405
5697,do,0.05,0.0,18,2.8641960036754615,-6.4505088300415965,-6.353979489538404
5698,pp,0.05,0.0,18,1.703386648893357,-4.334172602855798,-3.945448859532674
5699,do,0.05,0.0,11,1.2858727121353146,-7.926489619052771,-7.983071729871962
5700,pp,0.05,0.0,70,1.782538968324662,-9.485859753868796,-8.398188002904256
5701,do,0.05,0.0,9,2.0291235268116,-4.667308356545188,-4.557810282707214
5702,pp,0.05,0.0,62,4.137174508571625,-6.28691869504524,-7.188107169999016
5703,do,0.05,0.0,13,2.5124500846862787,-6.951910449519302,-6.2091314951578775
5704,pp,0.05,0.0,17,1.9875087535381315,-4.936261175618027,-4.319575341542562
5705,do,0.05,0.0,70,1.1782861363887775,-9.074929533582745,-7.722956368658278
5706,pp,0.05,0.0,36,1.9342586112022406,-7.0005897102933945,-6.422141318851047
5707,do,0.05,0.0,7,1.2094095671176905,-5.447189036282626,-4.760553354687161
5708,pp,0.05,0.0,43,1.2693441247940065,-9.67703726797393,-8.174270735846626
5709,do,0.05,0.0,68,1.8874625575542456,-7.63764269135215,-6.672453347841898
5710,pp,0.05,0.0,64,1.1275751245021812,-7.299339472163807,-6.261463885837131
5711,do,0.05,0.0,52,1.2669725847244262,-8.826870467446067,-7.959583812289768
5712,pp,0.05,0.0,13,1.6753665351867673,-5.221686539505467,-4.598924883206686
5713,do,0.05,0.0,70,2.17211311340332,-8.731247422189423,-8.66545872953203
5714,pp,0.05,0.0,70,2.4789281105995187,-6.0410397327307495,-6.074735916985405
5715,do,0.05,0.0,70,2.1012046492099765,-7.012954133929628,-7.728275582525465
5716,pp,0.05,0.0,38,2.201491898298264,-5.462213601488056,-4.723245183626811
5717,do,0.05,0.0,14,1.8203586339950562,-5.335018383372914,-5.078324535157946
5718,pp,0.05,0.0,21,2.6513392925262442,-6.329561788385565,-5.586890880266825
5719,do,0.05,0.0,17,2.243318213224411,-5.294741264979044,-5.077624503771464
5720,pp,0.05,0.0,43,2.2201040422916423,-6.066397801312533,-5.402732083532546
5721,do,0.05,0.0,25,2.4689504110813143,-5.495293471307465,-5.461764174037509
5722,pp,0.05,0.0,27,3.433640377521515,-4.573837505687367,-4.180289235379961
5723,do,0.05,0.0,15,1.7819853377342225,-5.158340994517008,-4.767543130450779
5724,pp,0.05,0.0,25,1.1576164281368246,-6.1375658121975984,-5.273792311880324
5725,do,0.05,0.0,57,2.658835886716843,-6.101969986250906,-5.467845712767707
5726,pp,0.05,0.0,52,4.339401878118515,-6.403173133098718,-5.759625109036763
5727,do,0.05,0.0,9,1.7569147264957428,-5.127909968116066,-4.925768497255113
5728,pp,0.05,0.0,20,1.9565513539314274,-5.459489833947384,-4.861734324031406
5729,do,0.05,0.0,15,1.3560731816291813,-5.366378350691362,-4.6151848872502645
5730,pp,0.05,0.0,39,1.8176704192161566,-7.232423808357932,-6.188530866305033
5731,do,0.05,0.0,29,3.9039634644985197,-5.394562751596625,-4.654651361041599
5732,pp,0.05,0.0,51,2.103300427198411,-6.32357478575273,-4.9864136589898
5733,do,0.05,0.0,36,2.0089252698421483,-9.863439519477613,-9.29409778383043
5734,pp,0.05,0.0,70,2.9101556789875023,-7.689552539767641,-8.147574329376221
5735,do,0.05,0.0,70,3.680847378969193,-7.373842304403132,-6.673582217428419
5736,pp,0.05,0.0,18,1.9441395640373234,-5.051448569153294,-4.457344049877591
5737,do,0.05,0.0,70,1.6388719379901886,-10.030700260220152,-8.049307017856174
5738,pp,0.05,0.0,59,2.884541200399398,-6.719483368324511,-6.9542548868391245
5739,do,0.05,0.0,7,0.769611213207245,-4.8083935101826984,-4.58172603448232
5740,pp,0.05,0.0,54,2.6749095177650446,-6.958425757379243,-6.599311444494459
5741,do,0.05,0.0,47,2.704410555362702,-7.2606595126065345,-6.737191851933797
5742,pp,0.05,0.0,21,2.5269119131565096,-5.456092798348629,-5.856820909182231
5743,do,0.05,0.0,9,1.3956892216205592,-4.628889147440592,-4.286582247416178
5744,pp,0.05,0.0,24,1.5268559312820429,-7.878856202327844,-7.026782623926798
5745,do,0.05,0.0,59,4.132160665988922,-6.342891369443951,-5.542499118381077
5746,pp,0.05,0.0,31,2.538793764114379,-5.114827122832789,-4.735357942846086
5747,do,0.05,0.0,70,2.041498157978058,-6.79811523177407,-6.0755343993504844
5748,pp,0.05,0.0,32,2.4075419127941133,-5.505492402568008,-4.555077922344208
5749,do,0.05,0.0,4,-0.12836099863052386,-5.654571666139545,-4.9952108038796315
5750,pp,0.05,0.0,25,1.4545611107349385,-6.386436531760475,-5.326876433690389
5751,do,0.05,0.0,17,1.3240099120140076,-5.520870035344904,-4.681271394093831
5752,pp,0.05,0.0,30,2.765046459436416,-5.930794689872048,-5.059790764914618
5753,do,0.05,0.0,13,2.2225183284282686,-5.831460211493752,-5.025928311877781
5754,pp,0.05,0.0,18,2.310222433805465,-5.806890075856989,-4.764520123269823
5755,do,0.05,0.0,12,1.3511072540283209,-5.52916153271993,-5.489754070176018
5756,pp,0.05,0.0,49,1.909951311349868,-6.717805282997363,-6.41012183825175
5757,do,0.05,0.0,48,1.0386092901229862,-7.787688006776752,-7.730471277236939
5758,pp,0.05,0.0,11,1.6658434820175172,-5.550429617274891,-4.765904482205709
5759,do,0.05,0.0,12,0.9076456868648526,-5.2821880644018,-5.1417181279924185
5760,pp,0.05,0.0,39,1.9002059221267702,-7.0878584905104205,-5.9512717723846436
5761,do,0.05,0.0,70,3.5621237671375274,-6.078851194092722,-6.042074373033311
5762,pp,0.05,0.0,42,3.8542518961429586,-5.151987551197861,-4.765700991948446
5763,do,0.05,0.0,70,-0.16228193044662476,-7.788824656515411,-7.486013656192355
5764,pp,0.05,0.0,56,1.0561528968811036,-8.577226643128828,-6.909292597240872
5765,do,0.05,0.0,70,3.1690525555610662,-7.464725803606438,-7.6809309058719215
5766,pp,0.05,0.0,70,2.7615456843376167,-6.686058334870772,-6.216384275754293
5767,do,0.05,0.0,49,1.626072521209716,-6.826198083704168,-6.537887901730008
5768,pp,0.05,0.0,13,1.4079975962638853,-4.5667885881481745,-4.203424374262492
5769,do,0.05,0.0,7,1.1541138899326322,-5.900431300654556,-5.420500055948893
5770,pp,0.05,0.0,5,1.5576112771034234,-4.586360539812031,-3.9473948147561817
5771,do,0.05,0.0,70,1.5681370604038234,-7.791191927591959,-6.45038267771403
5772,pp,0.05,0.0,14,1.832850047349929,-5.242767507379705,-4.345675162474314
5773,do,0.05,0.0,8,0.6907355248928067,-5.141822465260824,-4.838789049784342
5774,pp,0.05,0.0,12,0.7977746868133542,-5.264322569876006,-4.839815802044338
5775,do,0.05,0.0,46,2.953382444381713,-5.720528462438873,-6.3398619386884905
5776,pp,0.05,0.0,33,2.882337464094162,-5.566650757645116,-5.355301154984368
5777,do,0.05,0.0,11,1.6352728819847107,-6.881786863731615,-6.41615358988444
5778,pp,0.05,0.0,11,2.33341266989708,-4.628438159191247,-4.0559091223610775
5779,do,0.05,0.0,9,1.0740104365348815,-4.7495657761891685,-4.633991116947598
5780,pp,0.05,0.0,29,2.481017793416977,-5.554097853284894,-5.355054272545709
5781,do,0.05,0.0,12,1.9095206511020661,-4.769861422163068,-4.028618876139323
5782,pp,0.05,0.0,70,1.92323894381523,-7.209641936331084,-6.527395915985108
5783,do,0.05,0.0,52,2.0234754204750063,-6.193368434906006,-6.545541418923272
5784,pp,0.05,0.0,29,2.564030916690826,-4.696309215372259,-4.14139377673467
5785,do,0.05,0.0,65,2.6206677973270427,-8.782236847733007,-8.049916534953647
5786,pp,0.05,0.0,31,2.230594401359559,-5.480866375836459,-5.075382550557454
5787,do,0.05,0.0,16,2.1234133017063144,-5.2212222200451475,-4.8219988743464155
5788,pp,0.05,0.0,18,2.870424536466599,-5.472200708678274,-5.075888797971937
5789,do,0.05,0.0,70,2.135272322893142,-7.681464766011094,-7.645732474327088
5790,pp,0.05,0.0,28,2.8600901377201087,-6.761161983374393,-7.659606965382894
5791,do,0.05,0.0,58,3.2871600413322444,-6.347613950209184,-5.650740014182197
5792,pp,0.05,0.0,18,2.6603044497966764,-4.461782888932661,-4.160972339577145
5793,do,0.05,0.0,39,3.3688692975044265,-9.73030252312169,-8.715164330270555
5794,pp,0.05,0.0,31,1.6248666727542869,-6.587329884731409,-5.476803665690952
5795,do,0.05,0.0,64,2.2282043361663817,-8.628787832549124,-7.13781606886122
5796,pp,0.05,0.0,57,2.18592511177063,-5.244892313986114,-4.574279414282905
5797,do,0.05,0.0,70,1.9762458848953237,-7.605195139393662,-7.3650073687235516
5798,pp,0.05,0.0,25,1.6451603019237515,-5.990353211489591,-5.23972208764818
5799,do,0.05,0.0,70,2.3201662909984586,-7.391572907476714,-6.952355856365628
5800,pp,0.05,0.0,70,2.980484695434571,-6.0606689438675385,-5.325155682033962
5801,do,0.05,0.0,70,0.2694284880161284,-8.121916730476148,-7.771381696065267
5802,pp,0.05,0.0,27,1.8731105482578272,-6.114516066059922,-5.244648210207621
5803,do,0.05,0.0,70,1.222800478935243,-8.428219367518569,-8.385934278700088
5804,pp,0.05,0.0,38,1.4630968153476722,-6.707301321896639,-5.9357759555180865
5805,do,0.05,0.0,9,2.6766927981376654,-5.705408091978593,-5.440399569935269
5806,pp,0.05,0.0,70,3.300125458240508,-6.9868526487639455,-6.506874153349135
5807,do,0.05,0.0,70,3.629197179079056,-7.908253127878362,-8.449887241257562
5808,pp,0.05,0.0,20,2.105442435741425,-6.281230607177272,-5.452545250786676
5809,do,0.05,0.0,5,0.4461119663715367,-4.874515802210028,-4.431948388947381
5810,pp,0.05,0.0,28,1.6682905852794638,-6.331657031088165,-5.52806388537089
5811,do,0.05,0.0,20,1.8385345971584313,-5.804569487138228,-5.560308127933078
5812,pp,0.05,0.0,70,3.5533024501800545,-6.018031003258445,-6.775060693422954
5813,do,0.05,0.0,13,1.9960090208053591,-5.208038791020711,-4.559299937884012
5814,pp,0.05,0.0,16,2.5062218308448783,-5.0050519986586135,-4.665784634484185
5815,do,0.05,0.0,61,2.6688673043251034,-8.242849430893406,-8.034753110673693
5816,pp,0.05,0.0,13,1.6345007193088534,-4.920125787908381,-4.5037833531697595
5817,do,0.05,0.0,70,0.8774819898605353,-7.472599965875799,-6.984700059890747
5818,pp,0.05,0.0,35,1.8816914641857156,-6.916047492171779,-6.0960263967514035
5819,do,0.05,0.0,70,1.8034209418296818,-9.933471646453395,-9.382057242923313
5820,pp,0.05,0.0,26,3.687382252216338,-4.626033699151241,-5.208761281437344
5821,do,0.05,0.0,9,1.2825521695613862,-5.611538782986727,-4.890081331464979
5822,pp,0.05,0.0,27,2.350054318904876,-7.277152708804969,-6.591128341356913
5823,do,0.05,0.0,33,3.393534549474717,-7.181210279464722,-6.798716410001119
5824,pp,0.05,0.0,23,3.0059625470638274,-4.598576269727765,-4.743086534076267
5825,do,0.05,0.0,15,2.1224439883232114,-4.6395567966229985,-4.215019067128499
5826,pp,0.05,0.0,59,2.8859459030628205,-6.820175140554254,-5.752038757006328
5827,do,0.05,0.0,15,1.1756014955043792,-5.797389920552572,-5.428551586469014
5828,pp,0.05,0.0,11,0.3863448476791387,-5.212926361777566,-4.479291889402601
5829,do,0.05,0.0,8,0.8537267184257509,-4.597088316715125,-4.0900037897957695
5830,pp,0.05,0.0,38,0.9040115284919734,-6.295394039154052,-5.2536222828759085
5831,do,0.05,0.0,24,1.988584851026535,-5.492200959812511,-4.957076512442695
5832,pp,0.05,0.0,69,1.560825594663621,-7.601471483346188,-6.800023256407844
5833,do,0.05,0.0,25,2.4143255364894873,-4.752265431664207,-4.27946109506819
5834,pp,0.05,0.0,45,2.609094203710555,-5.973171151768078,-4.903074867195553
5835,do,0.05,0.0,19,1.3766012263298038,-6.835461126674305,-6.2854393429226345
5836,pp,0.05,0.0,43,1.8399221611022947,-6.625562638947458,-5.6700393862194485
5837,do,0.05,0.0,70,3.460378408432007,-5.389276770389441,-4.766969007915921
5838,pp,0.05,0.0,27,0.8489784634113313,-5.567783092729973,-4.8682399564319185
5839,do,0.05,0.0,14,0.8819904685020452,-4.532966915766398,-4.147005669275919
5840,pp,0.05,0.0,19,0.7566550779342656,-7.244002369678381,-6.827917975849576
5841,do,0.05,0.0,10,1.053121011257172,-4.467879285234393,-4.323526151974996
5842,pp,0.05,0.0,15,1.7424495542049412,-4.034323987816319,-3.633113969696893
5843,do,0.05,0.0,9,0.9093451464176185,-4.434404092846495,-4.32907854186164
5844,pp,0.05,0.0,40,2.626408264636993,-6.18864241657835,-5.436385096444024
5845,do,0.05,0.0,9,1.5889095032215117,-4.385518910668113,-4.44440037144555
5846,pp,0.05,0.0,70,2.364592359066009,-7.266216217387806,-6.718176492055258
5847,do,0.05,0.0,24,1.1592724299430852,-6.353912214799361,-5.732463153203328
5848,pp,0.05,0.0,19,2.234572385549545,-4.3876542828299785,-3.797819826338026
5849,do,0.05,0.0,9,1.143673068284989,-5.183445872682514,-4.811556776364644
5850,pp,0.05,0.0,17,3.0363208734989167,-5.563217596574263,-4.789723198943668
5851,do,0.05,0.0,19,1.4329309034347535,-4.060427193208175,-3.716657927301195
5852,pp,0.05,0.0,70,3.122886642217635,-4.481194727348559,-4.120045843389299
5853,do,0.05,0.0,9,1.4758261668682096,-4.50249751697887,-4.219313397672441
5854,pp,0.05,0.0,9,2.064972665309906,-4.265328427517053,-3.7766873160998027
5855,do,0.05,0.0,22,1.493812310695648,-5.290061577883634,-5.266583389706081
5856,pp,0.05,0.0,70,4.599666962623596,-7.086919312043624,-5.408216190338135
5857,do,0.05,0.0,47,3.0745244228839868,-5.595641901276329,-4.918722756703695
5858,pp,0.05,0.0,42,3.460081549882889,-5.455349283507376,-4.918727893299526
5859,do,0.05,0.0,30,1.2502238476276393,-5.443353111093694,-5.086187876595391
5860,pp,0.05,0.0,26,2.244826564788818,-4.230435695070209,-3.8430346820089554
5861,do,0.05,0.0,70,2.877016693353653,-4.241636242288532,-4.241490569379595
5862,pp,0.05,0.0,70,2.7135909426212317,-4.922036173849395,-4.42909494638443
5863,do,0.05,0.0,17,1.5183306050300596,-4.527495912349585,-4.017899558279249
5864,pp,0.05,0.0,32,2.7276546633243557,-5.821969244696877,-4.452018197377523
5865,do,0.05,0.0,26,2.309790830612183,-5.681322785579797,-5.702925181388855
5866,pp,0.05,0.0,27,1.4791003382205963,-4.9083524588382605,-4.387369926770528
5867,do,0.05,0.0,30,2.6523616564273835,-5.0330147006294945,-5.1088196145163645
5868,pp,0.05,0.0,33,2.063492550849915,-4.898643191655477,-4.5146080281999375
5869,do,0.05,0.0,70,2.185210161209106,-6.0331941879156865,-5.47489566538069
5870,pp,0.05,0.0,25,1.8557527029514311,-5.299241328961921,-4.793602180480957
5871,do,0.05,0.0,70,4.099467399120331,-5.260013097705263,-5.10421527226766
5872,pp,0.05,0.0,42,3.265690468549728,-4.843887024214774,-4.586142293612162
5873,do,0.05,0.0,33,1.1881406933069227,-4.394703565944325,-5.036900610393948
5874,pp,0.05,0.0,64,3.394218096733093,-5.494197368621826,-5.781601383950975
5875,do,0.05,0.0,7,0.39587546825408904,-4.672179544333256,-4.904894426133898
5876,pp,0.05,0.0,27,2.098115857839584,-5.437732362747193,-4.587266612052917
5877,do,0.05,0.0,23,0.5220739006996151,-6.354540969386245,-5.971084189414978
5878,pp,0.05,0.0,68,0.6410767233371732,-6.0250050313545,-5.854270680745443
5879,do,0.05,0.0,21,2.2068252027034756,-4.945926803531068,-5.146350118849012
5880,pp,0.05,0.0,70,4.050668749809265,-6.843051618518252,-5.972819868723551
5881,do,0.05,0.0,64,1.735918718576431,-6.41769456429915,-6.06983831193712
5882,pp,0.05,0.0,37,2.2181345570087423,-5.944672458822077,-4.905150334040324
5883,do,0.05,0.0,34,2.847053233385087,-6.069286016984419,-6.966858376397027
5884,pp,0.05,0.0,40,2.7739177870750424,-5.766249464497422,-4.795124713579813
5885,do,0.05,0.0,31,0.8442163562774656,-5.662301947853782,-5.759244712193807
5886,pp,0.05,0.0,42,1.7306522905826567,-5.300784898526741,-4.703184715906779
5887,do,0.05,0.0,20,0.9694250357151031,-4.693116062337702,-4.353537362151676
5888,pp,0.05,0.0,28,2.1834807741641997,-4.751643760276563,-4.044254048665365
5889,do,0.05,0.0,13,1.5694140088558202,-5.016632478887384,-5.334541029400295
5890,pp,0.05,0.0,19,0.6953103840351105,-5.950579566666574,-5.14472017288208
5891,do,0.05,0.0,70,3.0981227362155908,-6.697177600860596,-7.425827331013149
5892,pp,0.05,0.0,55,0.9737514483928686,-6.069726915070505,-5.235076098971897
5893,do,0.05,0.0,11,1.271343190670013,-5.282061101451065,-4.7979631768332585
5894,pp,0.05,0.0,53,1.7995351815223692,-8.097622280409842,-6.480740443865458
5895,do,0.05,0.0,16,2.4126419782638555,-4.885498235442421,-4.523195532957713
5896,pp,0.05,0.0,57,1.1258407986164096,-7.00816050009294,-5.903243356280857
5897,do,0.05,0.0,12,1.563595417737961,-5.135667462782426,-4.759263308842977
5898,pp,0.05,0.0,8,0.6871129000186924,-5.1367435831012145,-4.227741114298502
5899,do,0.05,0.0,11,1.799134044647217,-4.3731479724248254,-4.108627608087327
5900,pp,0.05,0.0,70,1.8050495374202722,-5.410482565561931,-4.767037773132325
5901,do,0.05,0.0,11,1.1029831588268282,-5.402980170105443,-4.864717107348972
5902,pp,0.05,0.0,8,0.31488800048828125,-5.781669677387584,-4.679773524072435
5903,do,0.05,0.0,13,0.8567417526245116,-4.417133769122037,-3.9366330411699084
5904,pp,0.05,0.0,47,0.8951861846446993,-6.1436351544929275,-5.496414992544386
5905,do,0.05,0.0,24,1.2830127513408662,-5.756288344932325,-5.8059047910902235
5906,pp,0.05,0.0,18,1.1653005301952355,-7.092145640922316,-6.8464385403527155
5907,do,0.05,0.0,17,1.9689215552806854,-4.677837925246267,-4.59040400981903
5908,pp,0.05,0.0,14,0.8768235158920286,-5.869411497405081,-4.795678620868259
5909,do,0.05,0.0,21,2.529930008649826,-4.992953806212454,-5.7369592852062645
5910,pp,0.05,0.0,67,2.4052919983863834,-9.161244613474066,-8.250402400228712
5911,do,0.05,0.0,65,1.0785514760017403,-7.175926886182843,-7.626851460668775
5912,pp,0.05,0.0,15,1.8124296903610224,-4.923552559361314,-4.086073695288764
5913,do,0.05,0.0,70,2.187576115131378,-6.059304773446286,-7.151279250780742
5914,pp,0.05,0.0,50,1.01333892583847,-7.246714000990896,-7.08873413933648
5915,do,0.05,0.0,37,1.5030610358715064,-5.776936269528938,-5.43170931869083
5916,pp,0.05,0.0,70,1.1946580672264098,-10.119807435526992,-8.933145777384441
5917,do,0.05,0.0,14,1.0244841396808626,-5.407612185044722,-5.98488319185045
5918,pp,0.05,0.0,3,-0.2699519264698029,-4.965664077527595,-4.241408128208584
5919,do,0.05,0.0,59,1.6575655293464662,-5.778165038426717,-6.940648293495178
5920,pp,0.05,0.0,20,2.048505469560623,-6.504770871364709,-5.364843763245476
5921,do,0.05,0.0,18,1.154953056573869,-6.571958634347626,-5.528770648108589
5922,pp,0.05,0.0,14,0.8099511003494264,-5.3466781298319495,-4.079107056723701
5923,do,0.05,0.0,36,1.853316808938981,-6.9880373001098635,-5.450659881697761
5924,pp,0.05,0.0,57,2.126351736783981,-7.228901237429994,-6.307211361991035
5925,do,0.05,0.0,13,0.946959916353225,-5.615551463040439,-4.762879419326782
5926,pp,0.05,0.0,20,1.7562551915645601,-5.925205151240031,-4.653463941150242
5927,do,0.05,0.0,70,0.42971700787544265,-8.720593968304721,-8.256046856774224
5928,pp,0.05,0.0,22,1.8297405505180357,-8.156292018023404,-7.57567777633667
5929,do,0.05,0.0,24,1.7470740401744846,-5.7790909796050105,-4.94660021993849
5930,pp,0.05,0.0,12,1.0296814703941353,-4.6368485421845405,-3.9030525313483344
5931,do,0.05,0.0,26,0.7985469353199006,-7.850164536273841,-6.464721547232734
5932,pp,0.05,0.0,39,1.4667315554618838,-8.280639839172363,-6.563972613546583
5933,do,0.05,0.0,44,1.1316371333599093,-7.831551939068419,-6.605466508865357
5934,pp,0.05,0.0,9,0.5271803486347197,-4.684536444057118,-4.091808046234979
5935,do,0.05,0.0,16,1.396627643108368,-5.5789796858122855,-4.586129726303948
5936,pp,0.05,0.0,31,1.488721877336502,-6.512864680723711,-5.93557096057468
5937,do,0.05,0.0,24,1.7984537553787234,-7.29967864932436,-5.834030959341261
5938,pp,0.05,0.0,21,2.348153723478317,-4.501974471410116,-3.97220494084888
5939,do,0.05,0.0,70,1.6718958353996278,-7.740337273568818,-6.702742290496826
5940,pp,0.05,0.0,24,2.0548383224010456,-6.778133401003751,-6.07892886267768
5941,do,0.05,0.0,70,1.2236298727989183,-9.42139253616333,-7.744950175285339
5942,pp,0.05,0.0,8,1.587344523668289,-4.210139366352197,-3.7079202188385856
5943,do,0.05,0.0,37,2.0658228647708903,-7.201492938128385,-5.946759099430508
5944,pp,0.05,0.0,33,3.2486131680011745,-4.854780233267582,-4.228468765152825
5945,do,0.05,0.0,64,1.2057763767242449,-10.03684914184339,-7.422500279214647
5946,pp,0.05,0.0,69,2.2703260636329645,-6.040176884333293,-4.767323594623142
5947,do,0.05,0.0,39,2.397322949171066,-6.825432339581576,-5.671534299850464
5948,pp,0.05,0.0,25,2.7196372973918903,-4.51203681194421,-3.9474549757109747
5949,do,0.05,0.0,26,1.9851677453517924,-6.961042412844571,-6.001289431254069
5950,pp,0.05,0.0,32,3.3629027068614965,-6.536359710404367,-5.383808015452491
5951,do,0.05,0.0,70,2.0179763305187226,-8.066384446982182,-7.062628844049242
5952,pp,0.05,0.0,21,2.6645055902004238,-4.259192886497035,-3.9065302663379247
5953,do,0.05,0.0,70,2.387134397029877,-11.159517720251372,-8.8200808207194
5954,pp,0.05,0.0,15,1.171400134563446,-5.558828796039928,-4.390441619025337
5955,do,0.05,0.0,70,2.1587631988525393,-7.7809541210983735,-6.526038593716091
5956,pp,0.05,0.0,70,1.7768979346752163,-6.363754078836152,-5.489439588122898
5957,do,0.05,0.0,70,3.4945623564720147,-5.9101952364950465,-5.009160767661201
5958,pp,0.05,0.0,23,2.175419960021973,-4.0204818537741,-3.6368448350164626
5959,do,0.05,0.0,70,1.431200700998306,-5.845857951135346,-4.7284119606018065
5960,pp,0.05,0.0,25,1.8355470573902126,-4.775903158476859,-4.134088974528843
5961,do,0.05,0.0,70,2.6381451952457438,-5.485864327170632,-4.824889286359151
5962,pp,0.05,0.0,70,2.7156344485282897,-5.474422472173518,-4.774476109610664
5963,do,0.05,0.0,69,1.5163601446151738,-8.963096039222949,-7.610318676630656
5964,pp,0.05,0.0,48,3.7703517162799844,-5.844050070733735,-4.983039328787062
5965,do,0.05,0.0,54,3.1506826031208046,-9.106940821445349,-7.6753231684366865
5966,pp,0.05,0.0,28,0.8949009156227117,-7.16777297077757,-6.402193970150417
5967,do,0.05,0.0,49,0.2769015741348264,-6.1408542661955865,-5.540025509728325
5968,pp,0.05,0.0,55,2.0131539893150334,-6.502504010633989,-5.623557898733351
5969,do,0.05,0.0,21,2.7432329654693604,-6.2681820941693855,-5.8101304292678835
5970,pp,0.05,0.0,69,3.307190171480178,-5.916360410054525,-5.369062691264682
5971,do,0.05,0.0,40,1.7461565482616423,-6.986082123265122,-6.376787866486444
5972,pp,0.05,0.0,64,3.619792606830596,-6.13955541379524,-5.993643723593818
5973,do,0.05,0.0,55,0.9999660563468931,-7.1836518880092735,-5.894814655515883
5974,pp,0.05,0.0,70,2.384185750484467,-5.823776745073723,-6.031518636809455
5975,do,0.05,0.0,15,2.265702265501022,-5.932588062864362,-4.91385551293691
5976,pp,0.05,0.0,70,1.7361167573928835,-7.558340485890707,-6.736780905723572
5977,do,0.05,0.0,70,1.7080816912651056,-7.649342701651833,-6.267270697487725
5978,pp,0.05,0.0,37,2.2665306544303903,-5.21966753728462,-4.439623143937853
5979,do,0.05,0.0,9,1.5843009710311886,-5.547097194556034,-5.232916609446208
5980,pp,0.05,0.0,17,2.0907618463039404,-4.827487621885357,-4.10475963221656
5981,do,0.05,0.0,47,1.3876868402957907,-6.576698242534291,-5.859795300165812
5982,pp,0.05,0.0,43,1.333929361104965,-5.599162647940895,-5.275894157091776
5983,do,0.05,0.0,21,2.5735312116146094,-6.445763426116018,-5.988288259506225
5984,pp,0.05,0.0,26,2.1291233217716226,-5.51596011392998,-5.005571900473701
5985,do,0.05,0.0,44,1.476210808753967,-6.687296630396988,-5.907162324587504
5986,pp,0.05,0.0,67,2.003285391330719,-7.914840376015865,-6.612810129589505
5987,do,0.05,0.0,19,1.210044847726822,-6.226448431881991,-5.038734769821167
5988,pp,0.05,0.0,12,0.4022923672199248,-5.573388741233132,-4.735353255271912
5989,do,0.05,0.0,70,1.2231682658195506,-14.552407913497,-12.277089908387925
5990,pp,0.05,0.0,20,2.419364844560623,-5.3258137269453565,-4.764045445124308
5991,do,0.05,0.0,31,2.399855871200562,-5.6869773705800375,-5.330490223566691
5992,pp,0.05,0.0,33,1.660736486911774,-5.582533667304299,-5.172046947479248
5993,do,0.05,0.0,16,0.8253918111324312,-5.857276357303967,-5.073770083321465
5994,pp,0.05,0.0,8,0.8069938468933113,-4.791175811940973,-3.918985108534495
5995,do,0.05,0.0,12,0.49314084649086,-6.343410269419352,-5.766417797406515
5996,pp,0.05,0.0,10,1.4050463020801542,-5.596055815436623,-4.516127790345086
5997,do,0.05,0.0,33,2.0491878485679624,-5.705255113948475,-5.065240642759535
5998,pp,0.05,0.0,29,2.604878340959549,-4.701665111021562,-3.989874716599782
5999,do,0.05,0.0,48,1.4846964538097378,-7.950088872331562,-6.4956859111785885
6000,pp,0.05,0.0,12,-0.6395333540439605,-6.543586160197402,-5.995659897062514
6001,do,0.05,0.0,11,1.6487096548080444,-5.687304071946578,-5.009929384125604
6002,pp,0.05,0.0,12,0.8388051295280459,-6.311449787833474,-5.5827318721347385
6003,do,0.05,0.0,70,1.3550309133529677,-10.436431048133157,-9.247322474585639
6004,pp,0.05,0.0,12,1.5133674871921539,-5.020713499820594,-4.138875442081027
6005,do,0.05,0.0,31,1.7383494830131525,-7.119370901223385,-7.326850393083361
6006,pp,0.05,0.0,65,0.3814543557167056,-9.111153855468288,-8.00786214404636
6007,do,0.05,0.0,6,0.532084268331527,-6.123086494388002,-5.403865371810065
6008,pp,0.05,0.0,52,1.517718422412873,-7.573930759140939,-6.2495744201872085
6009,do,0.05,0.0,17,1.088101042509078,-6.734234675494108,-6.593793927298652
6010,pp,0.05,0.0,43,-0.02210564970970097,-7.372259064876672,-6.617480815781487
6011,do,0.05,0.0,29,0.7737636852264407,-7.615156475702921,-7.946532000435723
6012,pp,0.05,0.0,25,1.9687918543815606,-6.896728978012547,-6.079973088370429
6013,do,0.05,0.0,13,0.5347581803798676,-6.250319983742454,-5.652231372727288
6014,pp,0.05,0.0,34,0.5513188707828522,-6.620003473397457,-5.610824484295315
6015,do,0.05,0.0,15,2.038813810348511,-6.368515560843727,-6.777564840846591
6016,pp,0.05,0.0,10,1.1563840138912207,-5.958178851098725,-4.654653986295064
6017,do,0.05,0.0,9,1.3275937795639035,-5.515255563909357,-4.807120593388875
6018,pp,0.05,0.0,70,2.29760535120964,-7.8019939494855475,-7.861309615770976
6019,do,0.05,0.0,54,2.3497096228599545,-6.820951610622984,-5.496503922674391
6020,pp,0.05,0.0,20,1.4309298694133759,-5.207373590180368,-4.86180166138543
6021,do,0.05,0.0,7,0.8755877292156224,-5.267958587588686,-4.856012495358785
6022,pp,0.05,0.0,10,0.7471168816089637,-5.566258777271617,-5.130163953039381
6023,do,0.05,0.0,35,1.7240163803100588,-5.768404215032404,-5.062690681881374
6024,pp,0.05,0.0,45,2.014298212528228,-6.172395768310085,-5.204700594478183
6025,do,0.05,0.0,18,1.2199609935283657,-5.043049414952596,-4.382282135221693
6026,pp,0.05,0.0,12,1.964146772623062,-5.595650055914215,-5.12418843375312
6027,do,0.05,0.0,69,2.063700826168061,-7.518057924328429,-6.56675210263994
6028,pp,0.05,0.0,70,2.179369010925292,-6.800441304120151,-6.0741880045996774
6029,do,0.05,0.0,36,1.0754328501224517,-8.26383073980158,-7.352173429065281
6030,pp,0.05,0.0,15,1.4989761149883272,-5.5188611276222,-4.931887269020081
6031,do,0.05,0.0,27,1.1540220844745637,-6.7483713121125195,-5.561416369014316
6032,pp,0.05,0.0,70,0.8051384949684142,-8.420538763566451,-8.40119677119785
6033,do,0.05,0.0,8,0.767250610589981,-5.114024808190086,-4.398563112152948
6034,pp,0.05,0.0,62,3.877300754785537,-6.091184847282641,-5.366048097610474
6035,do,0.05,0.0,41,0.4587676727771761,-8.26399957338969,-8.357632234361436
6036,pp,0.05,0.0,54,3.5658053040504454,-5.172143296039466,-4.776791789796618
6037,do,0.05,0.0,70,2.8969324421882625,-7.266221846956196,-6.42604013548957
6038,pp,0.05,0.0,40,4.265645591020585,-5.165887709819909,-4.673959178394742
6039,do,0.05,0.0,44,1.0187159037590021,-9.166392015688347,-8.213221751319038
6040,pp,0.05,0.0,70,4.0501659023761745,-5.445011060888117,-4.995459739367167
6041,do,0.05,0.0,20,1.803439422845841,-7.770139039646495,-7.601093286938138
6042,pp,0.05,0.0,26,3.061999193429946,-4.911709784016464,-4.288642056783041
6043,do,0.05,0.0,11,0.6322646856307985,-5.50050702384024,-4.758984430631002
6044,pp,0.05,0.0,18,3.3111019873619076,-5.172671716863459,-4.451355886459351
6045,do,0.05,0.0,56,1.7145080327987676,-7.457041919592655,-6.285774567392138
6046,pp,0.05,0.0,44,2.318632218837738,-4.448635778282628,-4.14657517141766
6047,do,0.05,0.0,4,0.6078259325027471,-5.423248610352025,-4.376212233967252
6048,pp,0.05,0.0,28,4.173540977239608,-5.607764626994277,-4.843586746851603
6049,do,0.05,0.0,32,2.889985166788101,-7.5631088618076205,-8.547754425472684
6050,pp,0.05,0.0,70,1.9651505327224736,-4.683697917244651,-4.217061858707004
6051,do,0.05,0.0,54,0.5574251580238343,-9.104309703364518,-7.681821076075236
6052,pp,0.05,0.0,70,3.328936616182327,-6.968913396199544,-7.190116490258111
6053,do,0.05,0.0,54,1.7238565695285804,-6.422718344312726,-5.6495440589057075
6054,pp,0.05,0.0,38,2.4072632694244387,-4.557945801995017,-4.128089598814646
6055,do,0.05,0.0,8,0.2515038657188411,-5.666045395533244,-5.074791667196486
6056,pp,0.05,0.0,70,2.922619476318359,-5.510417746052598,-5.1993808388710026
6057,do,0.05,0.0,56,0.9406998193264009,-9.000065624352658,-7.660914839638604
6058,pp,0.05,0.0,70,3.3541739630699148,-5.566658155845873,-5.596520347065396
6059,do,0.05,0.0,70,1.7290490627288815,-6.995427104198572,-6.453489531411065
6060,pp,0.05,0.0,49,4.26658786892891,-4.917455882737131,-4.766168434090084
6061,do,0.05,0.0,8,0.45978341221809416,-5.320973400636153,-4.729966817961799
6062,pp,0.05,0.0,70,3.391486663818359,-6.222521884513624,-5.386651735835605
6063,do,0.05,0.0,13,0.5703780031204229,-6.113772808421742,-5.556914978557163
6064,pp,0.05,0.0,66,2.3341995954513557,-8.39717273423166,-7.534783935546875
6065,do,0.05,0.0,16,1.960540935993195,-6.056514333956169,-5.618622414271036
6066,pp,0.05,0.0,70,5.400150188207626,-7.878525910233006,-6.5259680853949655
6067,do,0.05,0.0,15,1.772112039327621,-6.020507022106286,-5.298422463734945
6068,pp,0.05,0.0,58,2.823841489553452,-6.694743290814486,-6.2447895288467405
6069,do,0.05,0.0,7,1.0620870518684393,-5.241962919813214,-4.957286975118849
6070,pp,0.05,0.0,40,3.8199184167385107,-6.395675951061826,-6.060684410730998
6071,do,0.05,0.0,7,1.1945897531509395,-5.694444874561194,-5.723680588934156
6072,pp,0.05,0.0,55,3.6932086300849907,-8.013136511137992,-8.218103493584527
6073,do,0.05,0.0,64,1.968501493930817,-6.409094040321581,-5.391087108188206
6074,pp,0.05,0.0,70,4.235313749313354,-10.284391686410615,-9.406004752053155
6075,do,0.05,0.0,12,0.4791963088512423,-5.170951713215221,-4.422666438420614
6076,pp,0.05,0.0,59,2.773832631111146,-8.793902170296871,-7.9212372329499985
6077,do,0.05,0.0,18,1.7985408425331117,-7.577445391452674,-8.288882899284364
6078,pp,0.05,0.0,64,2.5178786015510557,-7.870861303445064,-7.774100693066915
6079,do,0.05,0.0,53,2.51596959233284,-7.130350731358384,-5.651420487297906
6080,pp,0.05,0.0,70,3.5954179763793954,-6.749423515435421,-5.841840206252204
6081,do,0.05,0.0,13,1.8433619582653051,-6.2588330095464535,-5.869333216879103
6082,pp,0.05,0.0,30,1.2864716148376463,-6.543464962641398,-6.200806556807624
6083,do,0.05,0.0,6,1.281417551040649,-5.962323369401874,-5.493400118086073
6084,pp,0.05,0.0,17,3.442045314311981,-5.083760663234826,-4.658969081772698
6085,do,0.05,0.0,13,1.8132447123527529,-5.617120205272328,-5.256025830904643
6086,pp,0.05,0.0,53,2.5238433635234827,-6.027506451173262,-5.695558224784003
6087,do,0.05,0.0,3,0.5857565808296208,-4.9526741302374635,-4.0856710566414725
6088,pp,0.05,0.0,7,-0.6584522366523737,-5.826876445250078,-4.787445301479764
6089,do,0.05,0.0,27,2.4431254291534428,-4.8395780072067724,-4.29869548479716
6090,pp,0.05,0.0,70,4.77510042309761,-6.681270337827278,-6.980785801675585
6091,do,0.05,0.0,6,0.8244077944755555,-5.122481357690059,-4.904207327630785
6092,pp,0.05,0.0,18,1.8909844076633453,-5.409164145498565,-4.690632438659668
6093,do,0.05,0.0,5,0.6684292948246,-5.5773706667351,-4.574325656890869
6094,pp,0.05,0.0,22,2.398784286975861,-6.120896244049073,-5.310336293114556
6095,do,0.05,0.0,70,1.9120421147346498,-9.145053890979652,-7.741614749696519
6096,pp,0.05,0.0,70,1.4701998519897472,-9.84088483579231,-9.126280207104154
6097,do,0.05,0.0,14,1.9024888014793397,-5.850911300832575,-5.858243595229255
6098,pp,0.05,0.0,70,2.1278417325019845,-9.111243509523796,-7.739417682753669
6099,do,0.05,0.0,5,1.2191392648220063,-5.235552192456795,-4.636292250951131
6100,pp,0.05,0.0,70,1.8179205203056341,-12.39558838786501,-12.099936464097764
6101,do,0.05,0.0,34,1.236844086647034,-10.21307756395051,-11.168004014756944
6102,pp,0.05,0.0,18,1.33473418712616,-6.8288724046764955,-5.646134389771356
6103,do,0.05,0.0,9,1.4365649199485775,-5.796431574676976,-5.38242359691196
6104,pp,0.05,0.0,21,1.6900727796554573,-7.644253154234453,-7.2223693370819095
6105,do,0.05,0.0,14,1.3154767310619357,-6.11743807070183,-6.237346808115642
6106,pp,0.05,0.0,34,2.6697901415824887,-8.3958042159225,-7.622240198983087
6107,do,0.05,0.0,8,1.445722439289093,-5.473877174204046,-5.048030749956767
6108,pp,0.05,0.0,70,1.3093996357917792,-8.236257768399788,-7.890761642985874
6109,do,0.05,0.0,21,1.7614738702774044,-7.271238379044966,-7.867371490266588
6110,pp,0.05,0.0,52,0.8892743313312526,-9.42252199866555,-7.656320206324259
6111,do,0.05,0.0,9,0.8654590117931367,-5.719895143219919,-5.236924386024475
6112,pp,0.05,0.0,7,1.1651838672161103,-5.190143582315156,-4.252303753958808
6113,do,0.05,0.0,67,0.2642980742454526,-8.767247410976525,-8.187309821446737
6114,pp,0.05,0.0,70,1.9991588640213003,-7.822351442683827,-7.314540863037109
6115,do,0.05,0.0,35,1.897522565126419,-6.4802415486538045,-5.998597680197822
6116,pp,0.05,0.0,48,2.0398789858818063,-5.759940054922393,-5.2298810084660845
6117,do,0.05,0.0,70,2.063327021598816,-8.100771963235104,-7.669428973727756
6118,pp,0.05,0.0,54,2.7106210720539083,-5.642206670298721,-4.858714450730218
6119,do,0.05,0.0,68,-0.10421406507492037,-10.214307770584568,-9.422284534242419
6120,pp,0.05,0.0,70,2.5341793513298043,-6.435565577131329,-5.594666793611315
6121,do,0.05,0.0,16,0.9158811795711514,-6.93698428327387,-7.0730267524719235
6122,pp,0.05,0.0,24,3.0451523625850667,-5.4096751603213225,-5.079338455200196
6123,do,0.05,0.0,70,2.4606260156631468,-6.8026190714402635,-6.831548852390713
6124,pp,0.05,0.0,44,3.4959194016456605,-5.366518419439142,-4.87592678864797
6125,do,0.05,0.0,70,-0.21240844488143829,-8.063739143718372,-7.160864199532403
6126,pp,0.05,0.0,65,2.287792834043503,-5.443872860706214,-4.844822772343954
6127,do,0.05,0.0,65,0.8121059417724599,-9.48600794763276,-8.163988320032756
6128,pp,0.05,0.0,70,2.5296176218986517,-7.343011568531845,-6.327925332387289
6129,do,0.05,0.0,19,2.469359053373336,-5.200955492077452,-4.874065057436625
6130,pp,0.05,0.0,31,3.2840472376346588,-5.555644643667972,-5.587452167934842
6131,do,0.05,0.0,70,1.2338462257385263,-7.104848829905192,-6.456929657194349
6132,pp,0.05,0.0,70,1.2507912015914915,-8.95355510856166,-7.397758022944132
6133,do,0.05,0.0,45,3.2338353586196913,-6.94258697683161,-7.687445892228021
6134,pp,0.05,0.0,64,5.161423311233522,-6.1013113542036574,-5.230212370554606
6135,do,0.05,0.0,18,2.1688943767547606,-6.104664116194754,-6.355452026261224
6136,pp,0.05,0.0,65,2.437513424158097,-8.016198690009839,-5.778566564453973
6137,do,0.05,0.0,8,0.5067647016048431,-5.835118884751291,-5.128853109147814
6138,pp,0.05,0.0,9,1.3209754419326787,-5.260492005492702,-4.557266426086426
6139,do,0.05,0.0,56,2.603036140203475,-8.706521946011168,-7.866238413916694
6140,pp,0.05,0.0,9,1.8873013210296632,-4.829029753713897,-4.42333181169298
6141,do,0.05,0.0,2,-0.7528247094154352,-6.014622780770966,-5.2307334264119465
6142,pp,0.05,0.0,70,2.540007894039153,-7.407324305447665,-7.003294608328077
6143,do,0.05,0.0,31,2.753517372608184,-5.982665005597201,-4.854850623342726
6144,pp,0.05,0.0,69,4.581737900972366,-5.37116515564196,-4.7811089038848875
6145,do,0.05,0.0,70,0.7022557365894313,-6.776324058301521,-6.317515256669786
6146,pp,0.05,0.0,41,2.924763963222503,-4.950629511746493,-4.2974910020828245
6147,do,0.05,0.0,70,2.955687509775161,-6.0124725168401545,-6.035611404312982
6148,pp,0.05,0.0,68,4.573474929332733,-6.749731838341916,-6.006734233432346
6149,do,0.05,0.0,13,0.5215684175491333,-5.6653999747652,-5.234897083706326
6150,pp,0.05,0.0,49,4.0079818475246425,-5.17854165019411,-4.416476035118103
6151,do,0.05,0.0,70,0.5728159856796253,-9.1787534309156,-8.408331145180597
6152,pp,0.05,0.0,48,4.938708869218826,-5.030225229263306,-4.803734517097473
6153,do,0.05,0.0,68,1.3457942950725563,-8.083142484318126,-7.502023956510755
6154,pp,0.05,0.0,70,4.193123813867569,-5.847856525941329,-5.268261273701985
6155,do,0.05,0.0,59,1.0566907727718355,-8.347686101451064,-8.314834192064072
6156,pp,0.05,0.0,22,2.7466969597339626,-6.321276598265677,-5.398396428426107
6157,do,0.05,0.0,70,-0.641136264801025,-9.584984279401375,-8.169685549206203
6158,pp,0.05,0.0,40,3.2153728771209718,-6.1907907471512305,-6.055261307292515
6159,do,0.05,0.0,62,2.0818458271026614,-9.083447298859104,-7.951031992170546
6160,pp,0.05,0.0,70,4.41311027288437,-5.938330991340406,-5.29182597928577
6161,do,0.05,0.0,8,0.15460157036781386,-6.549107165770097,-5.609977290365431
6162,pp,0.05,0.0,47,2.9507989251613616,-7.209976613882816,-6.487551199065314
6163,do,0.05,0.0,11,0.7926627767086023,-5.460770978349628,-4.820238084263272
6164,pp,0.05,0.0,14,1.6661192953586585,-6.050262094266487,-5.063987835248311
6165,do,0.05,0.0,62,3.2610209560394283,-6.244457383589311,-5.502778522173563
6166,pp,0.05,0.0,70,2.962667895555496,-6.660476950443152,-5.764871560202705
6167,do,0.05,0.0,33,2.2749811089038845,-6.737340113610932,-6.372903166876899
6168,pp,0.05,0.0,30,3.304913289546966,-5.307439227537675,-4.334799460570017
6169,do,0.05,0.0,12,-0.16128976464271538,-5.951024941242102,-5.5973909907870825
6170,pp,0.05,0.0,20,2.1077097558975213,-4.367381207148234,-4.107977032661438
6171,do,0.05,0.0,46,2.5720473527908316,-6.075350891460072,-5.074250385496351
6172,pp,0.05,0.0,45,3.8949061524868016,-6.65950311313976,-6.150957306226094
6173,do,0.05,0.0,62,0.44743318796157894,-7.610884303757639,-7.701255035400391
6174,pp,0.05,0.0,8,0.5907842504978174,-4.9082084034428455,-4.26603483888838
6175,do,0.05,0.0,42,2.0628202295303337,-7.240771825385816,-6.827237113316854
6176,pp,0.05,0.0,70,3.288043158054352,-9.668387243964455,-8.353579227129618
6177,do,0.05,0.0,70,2.3790177440643303,-7.155236462390784,-6.477817967202928
6178,pp,0.05,0.0,9,0.8381946706771846,-5.285829112024018,-4.359526679250929
6179,do,0.05,0.0,26,1.0032711863517765,-6.893354626857874,-5.945250903235541
6180,pp,0.05,0.0,25,1.521085122823715,-7.150351043180986,-6.062206692165798
6181,do,0.05,0.0,3,-1.0645658588409432,-5.784771396174575,-5.019253582424588
6182,pp,0.05,0.0,4,0.05241158723831152,-4.756564303600427,-3.921718947092692
6183,do,0.05,0.0,31,2.255922518968582,-7.020885253675056,-6.086266205045912
6184,pp,0.05,0.0,31,1.9272023916244496,-7.415219234697746,-6.391790488031176
6185,do,0.05,0.0,24,0.22422778248786912,-6.702252401005138,-6.966037872102525
6186,pp,0.05,0.0,9,0.18745360493660002,-5.025768141313033,-4.31966187953949
6187,do,0.05,0.0,26,1.9019180679321286,-6.270543570951982,-5.351321525043911
6188,pp,0.05,0.0,34,2.6424942016601562,-8.97763036959099,-7.459454454316033
6189,do,0.05,0.0,3,-0.24571829319000216,-5.039670500610814,-4.215475270483229
6190,pp,0.05,0.0,8,0.3793119931221014,-5.6665260791778564,-4.664982279141744
6191,do,0.05,0.0,70,1.9855888462066646,-8.394430459629406,-7.486866007910835
6192,pp,0.05,0.0,70,2.171180490255356,-6.4017812685533,-5.44146847460005
6193,do,0.05,0.0,70,0.31134510397911086,-6.039645154548414,-5.973759553167555
6194,pp,0.05,0.0,23,2.915200446844101,-4.8114373337138785,-4.350463231404622
6195,do,0.05,0.0,2,-0.9589814734458928,-5.857202125318123,-5.004870329962836
6196,pp,0.05,0.0,46,3.2146288943290715,-5.923634338378906,-4.98506186803182
6197,do,0.05,0.0,50,0.5137338423728952,-8.702946197625362,-7.946059068044026
6198,pp,0.05,0.0,62,1.9133814096450799,-7.854689285971902,-6.952264330122206
6199,do,0.05,0.0,56,-0.27838887572288407,-10.012359070055412,-9.043626329633925
6200,pp,0.05,0.0,67,2.7350466239452356,-7.515863515391494,-6.863076178232829
6201,do,0.05,0.0,38,-0.7177778208255763,-6.750349874207468,-6.886825545628866
6202,pp,0.05,0.0,70,2.2339349853992463,-6.657349450660474,-5.682954533894857
6203,do,0.05,0.0,9,-0.04738906264305065,-5.886532932339293,-5.267450523376465
6204,pp,0.05,0.0,9,1.4050347578525546,-5.0713556116277525,-4.268716014756096
6205,do,0.05,0.0,53,3.584919233322143,-7.995812142979015,-7.83592914475335
6206,pp,0.05,0.0,39,4.459020628929139,-5.421014236681389,-4.584194893307156
6207,do,0.05,0.0,21,1.4199092674255365,-6.353603400606097,-5.615173323949178
6208,pp,0.05,0.0,70,3.0079507958889007,-8.030095409624504,-6.721062795321147
6209,do,0.05,0.0,36,0.6999655878543853,-6.990439011833884,-5.900674120585124
6210,pp,0.05,0.0,41,2.8996274352073677,-4.9093331481471205,-4.41781862311893
6211,do,0.05,0.0,23,1.1187169885635377,-6.541314714605158,-7.001982323328654
6212,pp,0.05,0.0,38,2.4891198968887327,-5.112706635215066,-4.499257045321994
6213,do,0.05,0.0,62,0.6459357142448425,-8.079602374452532,-7.258246734407213
6214,pp,0.05,0.0,70,2.067330232858658,-6.0870840029283,-5.3100242985619435
6215,do,0.05,0.0,23,1.7304423320293427,-8.52367750225645,-7.564504965146383
6216,pp,0.05,0.0,6,1.6489100790023805,-4.529886721119736,-3.826435359319051
6217,do,0.05,0.0,62,1.5811356425285332,-7.822144106662635,-6.666540779007805
6218,pp,0.05,0.0,18,2.8515664136409757,-4.586847030755245,-3.7850183486938476
6219,do,0.05,0.0,68,1.2188458633422847,-6.9308220993388785,-7.846969392564562
6220,pp,0.05,0.0,70,1.7397247374057772,-7.661722865249171,-7.203830552101135
6221,do,0.05,0.0,25,2.8843985414505005,-6.352271435477517,-5.813231526480781
6222,pp,0.05,0.0,43,2.48982523560524,-5.895805046775124,-5.124311987559
6223,do,0.05,0.0,70,-0.5084729695320132,-7.940314226439505,-6.814522531297472
6224,pp,0.05,0.0,25,0.8749377632141115,-5.895325650590839,-5.161524730258518
6225,do,0.05,0.0,58,1.8841139090061194,-8.080025229309545,-6.926730653974745
6226,pp,0.05,0.0,17,1.3468301105499263,-7.7174200592619,-6.350111079216004
6227,do,0.05,0.0,26,1.0712074995040899,-4.949307229302146,-5.248210962613424
6228,pp,0.05,0.0,20,1.2410007846355438,-4.617552771712795,-3.9721276018354628
6229,do,0.05,0.0,34,0.7769985806941984,-7.598208905711319,-7.229108047485352
6230,pp,0.05,0.0,53,2.7016422104835502,-6.471000411293724,-5.861890353096856
6231,do,0.05,0.0,62,3.5975941658020023,-10.810165061372699,-8.158190390798781
6232,pp,0.05,0.0,11,2.1996921312808997,-5.4973020279046265,-4.863985424571567
6233,do,0.05,0.0,50,1.065442625284196,-6.724166452523434,-7.382319376203749
6234,pp,0.05,0.0,32,3.588496282100677,-5.016771229830655,-4.565243233574761
6235,do,0.05,0.0,23,2.4858956253528603,-5.416389648842089,-5.908890501658122
6236,pp,0.05,0.0,19,1.8984950363636015,-6.273644010948412,-5.412182890044319
6237,do,0.05,0.0,70,1.5856792438030238,-7.503539737065633,-7.296129237280952
6238,pp,0.05,0.0,70,3.2459453213214875,-6.863541723020149,-6.085715852843391
6239,do,0.05,0.0,21,-0.4151082980632781,-6.6553466869123055,-5.849636438157823
6240,pp,0.05,0.0,70,1.3322528016567228,-5.901131124207468,-5.9513392474916245
6241,do,0.05,0.0,11,1.433474116325379,-5.5075829982757565,-4.666678563753764
6242,pp,0.05,0.0,18,1.5600112915039057,-5.403655140327685,-4.587604514757792
6243,do,0.05,0.0,7,0.6928971862792972,-4.836694620594834,-4.125354623794555
6244,pp,0.05,0.0,13,1.1824824357032773,-5.590920441078417,-4.499321513705784
6245,do,0.05,0.0,45,0.7580899941921233,-6.845392604307695,-6.400986957550049
6246,pp,0.05,0.0,8,0.8106106841564173,-4.866108505653613,-4.108104737599691
6247,do,0.05,0.0,5,0.10629302740097035,-5.067895371986158,-4.2641769806543985
6248,pp,0.05,0.0,3,-0.6955847001075748,-6.02579433556759,-5.225278247727288
6249,do,0.05,0.0,14,1.9664021873474127,-5.212781411951238,-5.577823898527357
6250,pp,0.05,0.0,70,2.744446077346801,-7.943378179723566,-7.17596108118693
6251,do,0.05,0.0,48,1.295057122707366,-5.768031598582413,-6.926809798346626
6252,pp,0.05,0.0,68,2.376693174839019,-5.855053210980964,-5.5629253996743095
6253,do,0.05,0.0,54,4.806141030788423,-7.868728240331014,-8.87429072327084
6254,pp,0.05,0.0,32,2.212591885328293,-5.058586633566654,-5.130466164482964
6255,do,0.05,0.0,30,1.5027793884277347,-8.156271547259706,-6.883831474516127
6256,pp,0.05,0.0,36,2.0995631051063537,-6.963793308084662,-5.835281753540039
6257,do,0.05,0.0,25,2.822097609043121,-6.8161491697484795,-7.713194555706448
6258,pp,0.05,0.0,70,2.5117003285884847,-6.266967452656139,-5.7216185516781275
6259,do,0.05,0.0,31,0.35864541530609184,-6.177703217304114,-6.547219896316529
6260,pp,0.05,0.0,22,1.1376128339767453,-4.863721726157449,-4.152949195437961
6261,do,0.05,0.0,70,2.2696106481552123,-5.172904083945534,-4.71047379705641
6262,pp,0.05,0.0,32,2.4832675075531006,-4.809452756245931,-4.145041227340698
6263,do,0.05,0.0,16,-0.34002696156501777,-7.464486561399518,-7.500017515818278
6264,pp,0.05,0.0,53,3.80965165257454,-5.231231686563203,-4.69499904844496
6265,do,0.05,0.0,70,1.061868875026704,-7.624459302786625,-6.795663740899828
6266,pp,0.05,0.0,27,2.587872047424317,-6.925190412636959,-5.528980321354336
6267,do,0.05,0.0,48,1.1385036098957055,-9.153068931175001,-8.22240588400099
6268,pp,0.05,0.0,66,2.297647414207459,-8.122468224438753,-6.962146960364448
6269,do,0.05,0.0,13,0.8178243243694308,-5.15376108342951,-4.777634361055163
6270,pp,0.05,0.0,15,1.427220478057861,-4.602003733317058,-3.8022334496180217
6271,do,0.05,0.0,46,2.206141797304153,-7.336171079404426,-8.539302757051257
6272,pp,0.05,0.0,68,4.074652535915376,-7.198835904670484,-5.7924578772650825
6273,do,0.05,0.0,16,1.4875042629241948,-4.58072491125627,-4.230338933732774
6274,pp,0.05,0.0,27,2.151541202068329,-5.111854177532774,-4.316003468301561
6275,do,0.05,0.0,10,0.3249835228919986,-5.692473176031402,-5.361287977960375
6276,pp,0.05,0.0,4,0.18485700607299815,-5.377606232961019,-4.576345096694099
6277,do,0.05,0.0,23,1.8568651461601258,-4.716709792975223,-4.380385545889537
6278,pp,0.05,0.0,1,-0.9007833564281462,-5.965686769196481,-5.369032555156284
6279,do,0.05,0.0,70,2.962366096973419,-6.092819001457908,-6.425064749187893
6280,pp,0.05,0.0,20,0.619690198898315,-5.89923841158549,-5.188672924041748
6281,do,0.05,0.0,70,0.6421160674095141,-10.401625124613444,-10.437648873858981
6282,pp,0.05,0.0,19,1.630696797370911,-5.632022668376114,-4.832312117682563
6283,do,0.05,0.0,44,1.2871229660511014,-5.543793046835697,-6.034451863500807
6284,pp,0.05,0.0,13,1.276417008638382,-4.677437698479855,-4.057749429013994
6285,do,0.05,0.0,9,1.8386837232112878,-5.970517626675693,-5.68307511276669
6286,pp,0.05,0.0,70,2.2790411329269418,-12.168525541189945,-10.910385139783223
6287,do,0.05,0.0,70,1.9347773218154902,-9.72033704555396,-8.692207540406121
6288,pp,0.05,0.0,3,-0.03866676688194293,-5.707297163298636,-4.805982417530483
6289,do,0.05,0.0,42,2.608495012521744,-5.940104561141043,-6.0851633416281805
6290,pp,0.05,0.0,40,3.4808791458606727,-6.285022820848408,-4.961553894148933
6291,do,0.05,0.0,29,2.2204797959327696,-5.082919915517171,-4.459650447633531
6292,pp,0.05,0.0,32,3.2684713923931135,-5.724638139840328,-4.867222717073228
6293,do,0.05,0.0,16,1.7943889737129206,-6.442228278246793,-6.471737851036919
6294,pp,0.05,0.0,25,2.7723548150062562,-7.603486260500821,-5.894833011097378
6295,do,0.05,0.0,7,0.06762664556503317,-5.5501395731261285,-5.117798913849724
6296,pp,0.05,0.0,7,0.7546224045753478,-5.375421486478864,-4.634382422765096
6297,do,0.05,0.0,65,2.5500395536422733,-8.584479097886518,-8.129397826724583
6298,pp,0.05,0.0,11,2.1403287887573246,-5.641955728241892,-4.708384350935618
6299,do,0.05,0.0,64,1.8899951040744778,-6.928346375263098,-7.015672466490003
6300,pp,0.05,0.0,64,3.369841229915618,-7.8965812466361305,-6.260530458556281
6301,do,0.05,0.0,22,2.6750770223140723,-5.018365036357533,-4.614346875084771
6302,pp,0.05,0.0,18,2.4333313393592846,-4.80670016895641,-4.46132144663069
6303,do,0.05,0.0,16,1.9595881831645965,-6.4722246401237715,-6.707787807782491
6304,pp,0.05,0.0,36,2.5711132287979126,-4.855833094047777,-4.078911115063561
6305,do,0.05,0.0,7,1.5535659694671633,-5.619158970225941,-5.418605828285218
6306,pp,0.05,0.0,49,2.573846864700318,-8.886965245911568,-6.6396752145555284
6307,do,0.05,0.0,16,0.9847516250610351,-5.195122895096287,-4.7663460572560625
6308,pp,0.05,0.0,70,2.1825478506088256,-5.988897267254916,-5.827879760000441
6309,do,0.05,0.0,18,2.1277756464481357,-5.394646914800008,-4.87522443400489
6310,pp,0.05,0.0,33,3.9187225139141075,-6.874611473083496,-5.590148811870151
6311,do,0.05,0.0,66,1.2626875281333927,-8.122754773226651,-8.502724896536932
6312,pp,0.05,0.0,22,2.077935374975204,-5.575065416278261,-4.542263534333971
6313,do,0.05,0.0,23,1.8667472016811377,-5.6334056146217115,-5.270075398021274
6314,pp,0.05,0.0,70,1.9490449917316441,-6.4008699503811926,-5.4767367177539406
6315,do,0.05,0.0,66,1.3266686522960658,-6.86077976660295,-6.431587764951918
6316,pp,0.05,0.0,27,2.5101040041446687,-4.2902308102810025,-3.6951952404446073
6317,do,0.05,0.0,70,2.199245769977569,-8.917512075828784,-8.323542314105564
6318,pp,0.05,0.0,68,2.9625026810169226,-5.259614652575869,-4.7427055623796255
6319,do,0.05,0.0,18,1.5431235527992255,-5.021912564653339,-4.879094174173143
6320,pp,0.05,0.0,16,2.4564525127410883,-5.083285363515218,-4.448499064975315
6321,do,0.05,0.0,41,2.4378427767753603,-7.89536142204747,-7.002838267220391
6322,pp,0.05,0.0,16,1.3760268771648407,-5.892047559853756,-4.888669795460171
6323,do,0.05,0.0,21,1.6797654068470003,-6.210139215353763,-6.3519759787453545
6324,pp,0.05,0.0,39,2.9323618519306187,-7.733582974925186,-6.580131957266066
6325,do,0.05,0.0,18,0.6626472675800317,-6.288903966094509,-5.4108691718843245
6326,pp,0.05,0.0,41,1.2928875803947442,-8.079899393428455,-6.395734718110826
6327,do,0.05,0.0,58,2.747294342517854,-8.36107350840713,-7.866167449951172
6328,pp,0.05,0.0,56,4.787860108613968,-6.019118372599284,-5.147874352667067
6329,do,0.05,0.0,7,-0.01509227275848346,-5.3376386107820455,-4.917811102337307
6330,pp,0.05,0.0,14,1.537892535924911,-5.6935594168576324,-5.058336000972324
6331,do,0.05,0.0,58,2.572785148620606,-7.72587418122725,-7.763636695014106
6332,pp,0.05,0.0,58,3.0494914519786835,-6.569733374046557,-5.69110987716251
6333,do,0.05,0.0,7,0.3994649028778081,-5.499194996284716,-5.518468234274122
6334,pp,0.05,0.0,18,1.6815497779846194,-6.9367729620500045,-5.636477692921956
6335,do,0.05,0.0,20,1.8540990090370189,-6.692608084823146,-6.0783762296040855
6336,pp,0.05,0.0,57,4.517879830598831,-5.6442575266866974,-5.481452176305983
6337,do,0.05,0.0,11,0.6582608902454377,-5.87905154950691,-5.554299595620897
6338,pp,0.05,0.0,8,0.3826959347724923,-5.445198729543975,-4.331881854269239
6339,do,0.05,0.0,17,2.4051709532737737,-6.508502412564827,-5.580422205395169
6340,pp,0.05,0.0,22,1.805483400821685,-5.665074449596983,-4.676209264331394
6341,do,0.05,0.0,26,0.9351205706596364,-7.068507024013635,-6.432551055484348
6342,pp,0.05,0.0,8,0.2814331007003785,-4.937509952891957,-4.3813592937257555
6343,do,0.05,0.0,4,0.05119105100631671,-4.897037328373302,-4.3549139658610025
6344,pp,0.05,0.0,4,-0.051978482007980276,-5.110313034057617,-4.1103770123587715
6345,do,0.05,0.0,3,-0.2297077727317811,-5.082111858599114,-4.540295802222358
6346,pp,0.05,0.0,4,-0.13152711987495458,-4.737350050608317,-3.9896674235661824
6347,do,0.05,0.0,70,2.5794548034667963,-6.798870027426517,-6.420740146107144
6348,pp,0.05,0.0,37,3.2585608935356145,-6.073488572149566,-5.110928069220649
6349,do,0.05,0.0,70,0.6050362873077386,-8.03482957608772,-6.966883871290419
6350,pp,0.05,0.0,10,0.4858823764324187,-5.402489842790546,-4.597229191992018
6351,do,0.05,0.0,52,1.622295075654983,-7.327372614542643,-6.262603330612182
6352,pp,0.05,0.0,40,3.0781436717510218,-6.801632171688658,-5.863731214735243
6353,do,0.05,0.0,34,1.5669704115390788,-6.79851269866481,-6.582610662778219
6354,pp,0.05,0.0,12,1.2979750669002534,-5.897690463788582,-4.9935111840566
6355,do,0.05,0.0,70,3.216445791721344,-7.26358355030869,-6.479964272181193
6356,pp,0.05,0.0,70,3.398276810646058,-7.006933603864727,-6.484532499313355
6357,do,0.05,0.0,58,2.20392625451088,-7.36823561408303,-7.07760214805603
6358,pp,0.05,0.0,70,2.0727772974967955,-6.4960735523339475,-5.830358568827311
6359,do,0.05,0.0,70,1.2399434256553654,-6.956752282922918,-6.056950275103251
6360,pp,0.05,0.0,70,3.7089688777923584,-7.726269675746108,-6.4365631712807545
6361,do,0.05,0.0,70,0.49956708908081016,-6.759722208254265,-6.126927203602261
6362,pp,0.05,0.0,41,2.7310528790950777,-6.2022930318659,-5.904042045275371
6363,do,0.05,0.0,14,2.1294199931621547,-5.099518812063969,-4.5369093047248
6364,pp,0.05,0.0,30,2.819542224407196,-6.511317490086411,-5.260027453634474
6365,do,0.05,0.0,70,1.7275857472419727,-6.247603844151352,-5.266173018349542
6366,pp,0.05,0.0,13,2.3362099683284763,-4.983574296488906,-4.019884040620592
6367,do,0.05,0.0,57,1.2960636198520659,-7.21053253809611,-6.227974881066216
6368,pp,0.05,0.0,18,1.6602138400077822,-5.314823617357196,-4.483397520913018
6369,do,0.05,0.0,8,-0.8029317843914026,-6.266853328184648,-5.831420516967773
6370,pp,0.05,0.0,31,2.877535389661789,-6.042860516634854,-5.398056197166443
6371,do,0.05,0.0,26,2.0548362505435946,-5.5987354509758225,-6.239613898595175
6372,pp,0.05,0.0,70,4.208123828172684,-5.327502538218643,-5.21497962474823
6373,do,0.05,0.0,8,1.0846371853351595,-4.9549019380049275,-4.388443562719557
6374,pp,0.05,0.0,26,2.511578648090362,-6.275311617417769,-5.085381428400676
6375,do,0.05,0.0,70,-0.6321628022193924,-9.27217740723581,-9.18106584019131
6376,pp,0.05,0.0,70,2.2081010770797738,-6.1947117054101195,-5.719735990630256
6377,do,0.05,0.0,70,1.099403698444366,-7.494980449387522,-6.342473321490818
6378,pp,0.05,0.0,37,2.943537048101426,-6.290188077001861,-5.340557013617621
6379,do,0.05,0.0,26,0.3104699039459229,-7.043072306026112,-6.700864442189535
6380,pp,0.05,0.0,26,1.8832671463489525,-6.5071253429759635,-5.432958409521315
6381,do,0.05,0.0,15,0.3980031132698052,-6.065144168969357,-5.798485189014011
6382,pp,0.05,0.0,45,2.311401946544647,-5.325203904238614,-5.005037387212117
6383,do,0.05,0.0,47,1.845872690677643,-8.117215738874494,-7.372162506315443
6384,pp,0.05,0.0,70,4.154852323532104,-6.402421134890932,-6.453718696700202
6385,do,0.05,0.0,19,-0.7371077656745912,-7.442878039677938,-7.2566119511922205
6386,pp,0.05,0.0,56,0.1656853067874895,-8.260263406869138,-7.1590841584735445
6387,do,0.05,0.0,70,0.024296762943267325,-11.06710666887688,-10.461124441358779
6388,pp,0.05,0.0,27,2.3729742050170897,-5.937481988560069,-4.980714252259996
6389,do,0.05,0.0,8,0.9063442432880402,-5.6484874494148025,-4.648281897438897
6390,pp,0.05,0.0,58,-0.3190497660636904,-8.452261212377838,-7.458785639868842
6391,do,0.05,0.0,70,3.8498637950420385,-6.977370410976988,-6.43005891111162
6392,pp,0.05,0.0,70,1.771609238386155,-8.107003158511537,-7.3379559093051485
6393,do,0.05,0.0,70,0.5928552317619324,-10.160868047945428,-8.974772596359253
6394,pp,0.05,0.0,54,2.581965016126632,-5.677741222670584,-5.023859887652927
6395,do,0.05,0.0,61,3.0754640412330625,-7.317094025467381,-7.417714850107829
6396,pp,0.05,0.0,70,3.1610204291343686,-6.125514030456543,-5.473838289578755
6397,do,0.05,0.0,46,0.5325818812847132,-7.175366105455341,-8.375822591781617
6398,pp,0.05,0.0,70,2.913403223752975,-5.478377980896921,-4.519276942147149
6399,do,0.05,0.0,37,0.966964819431305,-6.319787977681015,-6.272699620988634
6400,pp,0.05,0.0,47,3.1311683464050297,-5.258986987489642,-4.429016448391808
6401,do,0.05,0.0,15,1.0344683432579043,-5.183730840682983,-5.065532419416639
6402,pp,0.05,0.0,24,1.4786410951614375,-4.8145817482110225,-4.168365465270148
6403,do,0.05,0.0,68,3.189168474674224,-6.491548851764564,-5.736817314889696
6404,pp,0.05,0.0,70,5.316933704614639,-7.509219000556252,-6.550203810797798
6405,do,0.05,0.0,45,2.068186980485917,-8.023899919336491,-7.673773039711846
6406,pp,0.05,0.0,43,3.096907361745834,-4.813873252001676,-4.156000521447924
6407,do,0.05,0.0,14,1.0917739355564118,-5.191721330989491,-5.300728893280029
6408,pp,0.05,0.0,69,1.1267828631401064,-7.085625369621046,-6.456808090209961
6409,do,0.05,0.0,31,2.2831196904182436,-5.512500752824725,-5.160668810208638
6410,pp,0.05,0.0,70,1.8143824565410611,-8.241992967778986,-7.013865741093953
6411,do,0.05,0.0,8,1.0797947156429286,-5.070044286323316,-4.743819483121237
6412,pp,0.05,0.0,51,-0.32426187753677205,-8.061448407895638,-7.0460122002495655
6413,do,0.05,0.0,36,1.7711713123321529,-5.32360968878775,-5.200028332074483
6414,pp,0.05,0.0,31,2.300422790050506,-6.455484443722349,-5.287866510285271
6415,do,0.05,0.0,26,1.821114827394485,-5.801558839913571,-4.9638901074727375
6416,pp,0.05,0.0,23,1.477789642810821,-7.405193489248102,-5.862892595926921
6417,do,0.05,0.0,24,1.450143219232559,-5.301586255160245,-5.080071512858073
6418,pp,0.05,0.0,48,2.271315969228744,-6.978874085166238,-5.6474285178714325
6419,do,0.05,0.0,25,1.2348491787910465,-4.9053649671149975,-4.420466921064588
6420,pp,0.05,0.0,23,1.719494857788086,-5.1216022260261305,-4.680286004808214
6421,do,0.05,0.0,17,1.500935388803482,-5.5005084977005465,-5.171904150644938
6422,pp,0.05,0.0,62,2.6729320108890526,-6.2260407664559105,-5.4074274566438465
6423,do,0.05,0.0,38,1.822113734483719,-5.576003193132805,-5.586950408087836
6424,pp,0.05,0.0,70,2.7483688628673555,-8.264051604993416,-6.810040209028456
6425,do,0.05,0.0,70,2.0527455747127528,-6.745008561105439,-5.849314975738525
6426,pp,0.05,0.0,48,1.9804247248172766,-7.977524053689205,-6.978197018305461
6427,do,0.05,0.0,70,1.309874843358994,-6.757703759453514,-7.12946192158593
6428,pp,0.05,0.0,49,2.4389054942131043,-7.350275262196859,-6.798513563474019
6429,do,0.05,0.0,70,1.5895868599414822,-9.927014751145334,-9.540659342871772
6430,pp,0.05,0.0,22,1.6927300727367394,-5.047236835595333,-4.360922940572103
6431,do,0.05,0.0,70,3.4340014529228213,-7.598601810859911,-7.8236095719867285
6432,pp,0.05,0.0,70,3.420519777536393,-6.931530380249024,-6.890329909324646
6433,do,0.05,0.0,36,2.490158944129944,-6.127849232066762,-5.615082369910346
6434,pp,0.05,0.0,70,0.8563637638092043,-8.019848923249679,-7.031287829081218
6435,do,0.05,0.0,46,1.7203980600833892,-6.380007019909946,-5.87816350195143
6436,pp,0.05,0.0,70,2.0378785860538473,-6.545848924463446,-5.6416735437181265
6437,do,0.05,0.0,46,1.376483545303345,-6.553167266556711,-6.000884975327386
6438,pp,0.05,0.0,70,0.551117377281189,-8.520670611930615,-7.220476388931274
6439,do,0.05,0.0,37,2.203422744274139,-6.4719742009134,-6.864575709236993
6440,pp,0.05,0.0,26,1.261611276865005,-5.319276266387015,-4.47818025747935
6441,do,0.05,0.0,5,0.31094622731208776,-5.066075524416837,-4.4986946132447985
6442,pp,0.05,0.0,70,1.6325849986076353,-9.184274634447965,-7.520840764045715
6443,do,0.05,0.0,64,2.568295345306396,-6.819494808081425,-5.941144500838385
6444,pp,0.05,0.0,26,2.369379497766494,-5.301841097167044,-4.581860582033793
6445,do,0.05,0.0,3,-0.37487234950065673,-6.089807860056559,-5.255315968725417
6446,pp,0.05,0.0,3,-0.9311007106304174,-6.080323405699296,-5.285895681381225
6447,do,0.05,0.0,48,1.008123579025268,-8.593929654901677,-7.468286326196458
6448,pp,0.05,0.0,38,2.142078517675401,-8.475487142620665,-6.931742562188043
6449,do,0.05,0.0,47,1.5465046322345746,-6.082844773205844,-5.718736757172478
6450,pp,0.05,0.0,61,3.22249341249466,-6.064971790891705,-5.676692803700765
6451,do,0.05,0.0,8,0.7389973950386048,-5.584617923967766,-5.216446320215861
6452,pp,0.05,0.0,70,3.9172844076156608,-7.105534919102987,-6.390537659327189
6453,do,0.05,0.0,59,1.9516430282592774,-7.815882685690215,-7.834580683708191
6454,pp,0.05,0.0,35,3.991701992750169,-4.238546517401031,-3.953493360678355
6455,do,0.05,0.0,68,1.6214130198955532,-7.0424346707083965,-6.045096662309435
6456,pp,0.05,0.0,57,3.895322552919387,-8.541431158239192,-8.597042314211528
6457,do,0.05,0.0,22,2.089418652057648,-5.773469919146914,-5.77126411596934
6458,pp,0.05,0.0,20,2.666855527162551,-5.095898415825584,-4.419949678579966
6459,do,0.05,0.0,53,0.6575996112823486,-8.379415623346965,-7.915842816564772
6460,pp,0.05,0.0,20,1.7257384037971493,-5.601052058826793,-4.972666454315186
6461,do,0.05,0.0,16,1.3252958822250367,-5.234968490311593,-4.692663547727797
6462,pp,0.05,0.0,20,1.9650619137287144,-5.35415096282959,-4.902143772443136
6463,do,0.05,0.0,34,2.285881494283677,-6.18919973228917,-5.662817351023356
6464,pp,0.05,0.0,58,2.789206409454345,-5.899492604804761,-4.9364093462626135
6465,do,0.05,0.0,22,1.4222145581245424,-6.139957995848222,-5.670388809839884
6466,pp,0.05,0.0,70,4.149232934713364,-5.896775052041718,-5.574591453870138
6467,do,0.05,0.0,16,0.915108261108398,-5.266644029906302,-4.535229497485691
6468,pp,0.05,0.0,53,2.134091987609864,-6.859367431293834,-6.365603484047783
6469,do,0.05,0.0,26,1.844525976181031,-6.3371028062069055,-5.4385182433658175
6470,pp,0.05,0.0,70,3.483531647920609,-8.643275733427568,-7.416823789808485
6471,do,0.05,0.0,69,2.312740851640701,-6.730061229070028,-6.254755920834011
6472,pp,0.05,0.0,70,4.535456981658936,-5.323985580964522,-5.204868417316013
6473,do,0.05,0.0,14,0.7852019226551059,-5.640544284473766,-5.0649055480957035
6474,pp,0.05,0.0,8,0.6872744274139402,-5.490966902357159,-4.5384150716993545
6475,do,0.05,0.0,28,1.6063294517993931,-5.141049025275491,-5.133322559462654
6476,pp,0.05,0.0,15,2.5214903295040134,-5.535345187331691,-4.527409582667881
6477,do,0.05,0.0,70,1.221284078359604,-8.674120663151596,-7.993535746468438
6478,pp,0.05,0.0,70,1.5749462103843683,-7.177854392022797,-6.35274871190389
6479,do,0.05,0.0,26,1.4561150455474854,-5.265447954698042,-4.71072109275394
6480,pp,0.05,0.0,28,2.4442242240905765,-5.632184924501361,-4.891306045320299
6481,do,0.05,0.0,60,1.3507992017269137,-5.267689597967899,-4.923485170470344
6482,pp,0.05,0.0,33,2.4853332257270804,-5.9153607310670795,-5.106897078620063
6483,do,0.05,0.0,10,0.047984018325805344,-5.971945241003326,-5.269321727752685
6484,pp,0.05,0.0,12,0.8585177564620965,-4.699434489914865,-3.9767715771993
6485,do,0.05,0.0,70,1.392825633287429,-6.842653460936113,-6.169427349832323
6486,pp,0.05,0.0,30,2.9121865522861476,-4.86105503024477,-4.247147043546041
6487,do,0.05,0.0,44,1.5430119132995603,-6.33718298998746,-6.915729522705078
6488,pp,0.05,0.0,70,2.7758644902706147,-6.7859140179374,-6.295942751566569
6489,do,0.05,0.0,70,1.5164493048191074,-6.046973208225134,-5.383831747372946
6490,pp,0.05,0.0,65,1.9876347768306726,-6.5881589658332596,-5.784035603205363
6491,do,0.05,0.0,70,0.05318958759307968,-8.769500772880786,-7.5179441452026365
6492,pp,0.05,0.0,57,2.246102719306947,-6.199904594999371,-5.195693802833557
6493,do,0.05,0.0,70,1.9757486557960506,-7.797856804818818,-6.850699493620131
6494,pp,0.05,0.0,29,2.693021312952042,-6.074875203045932,-5.344901262389289
6495,do,0.05,0.0,19,0.9902317631244655,-4.953015353462913,-4.444731238153246
6496,pp,0.05,0.0,27,1.9492291653156277,-5.477344345323967,-4.563133022520277
6497,do,0.05,0.0,70,1.9846980667114247,-7.1776682290163905,-7.023484383689032
6498,pp,0.05,0.0,60,4.352395185232162,-6.973433930946119,-5.519720694753858
6499,do,0.05,0.0,70,2.4756346273422247,-6.9403646324620105,-5.901260187890794
6500,pp,0.05,0.0,70,2.2857048046588897,-8.10966370755976,-6.787363452381558
6501,do,0.05,0.0,38,1.431689925193787,-7.085766062592015,-5.882506500350105
6502,pp,0.05,0.0,15,0.9563709712028503,-4.832261443860603,-4.211095162232717
6503,do,0.05,0.0,67,1.12024741768837,-7.392700348478375,-6.523394552866618
6504,pp,0.05,0.0,25,2.886156774759292,-4.887352658763076,-4.376181689898173
6505,do,0.05,0.0,15,0.519633995294571,-6.004766773455071,-5.432961649364895
6506,pp,0.05,0.0,68,3.9837479948997494,-6.502646358085401,-5.911883370081584
6507,do,0.05,0.0,15,2.090247538089752,-5.195817870804758,-4.4477608839670815
6508,pp,0.05,0.0,37,4.265102405548095,-5.951353227730953,-4.943527136908637
6509,do,0.05,0.0,15,1.4241098511219032,-5.364322818409313,-4.709928019841512
6510,pp,0.05,0.0,47,2.7145477128028865,-5.130378376353871,-4.529138460424211
6511,do,0.05,0.0,19,1.4823366427421565,-5.920744904604825,-5.240569342507256
6512,pp,0.05,0.0,39,2.7072301220893866,-6.69856733119849,-7.951386674245199
6513,do,0.05,0.0,59,1.595901556015014,-6.4698249470103875,-5.333618023660448
6514,pp,0.05,0.0,70,2.2434867012500757,-6.875051736831665,-6.13407666683197
6515,do,0.05,0.0,65,1.4458771049976358,-6.511882069616607,-5.53038767973582
6516,pp,0.05,0.0,70,3.3445269238948825,-6.830277545524366,-6.4509144412146675
6517,do,0.05,0.0,28,2.3294490051269534,-6.148097999168165,-5.309888452953762
6518,pp,0.05,0.0,48,3.8470653653144833,-5.188262627341531,-4.512506132655673
6519,do,0.05,0.0,53,2.258457244634629,-7.456508481863773,-6.419519427087572
6520,pp,0.05,0.0,47,2.6322833502292626,-7.259113408579971,-6.093482433425056
6521,do,0.05,0.0,44,2.2064027011394503,-6.034226534583352,-5.939009769757589
6522,pp,0.05,0.0,55,3.5530499637126933,-4.600073963223082,-4.546880875693427
6523,do,0.05,0.0,60,1.5215191721916188,-7.225779530496308,-6.567889605628119
6524,pp,0.05,0.0,26,2.5243271625041954,-6.187054233840017,-5.031674393018087
6525,do,0.05,0.0,49,1.3116516852378837,-7.664591623075081,-7.143985467486911
6526,pp,0.05,0.0,19,2.10055492401123,-5.736337676192775,-4.715738871362475
6527,do,0.05,0.0,70,1.4932968926429746,-6.665352827129942,-6.485712469948663
6528,pp,0.05,0.0,26,2.2912142741680155,-6.081963943712639,-5.03774356312222
6529,do,0.05,0.0,70,2.1118476545810703,-6.29662383108428,-5.668831533855862
6530,pp,0.05,0.0,70,3.93811064004898,-6.175170944676255,-5.3689596441057
6531,do,0.05,0.0,70,0.8566970801353442,-8.504442300218525,-8.803240760167439
6532,pp,0.05,0.0,40,3.015533118247986,-5.530419752814553,-4.761690764957004
6533,do,0.05,0.0,31,2.0158452785015113,-5.717520663232515,-5.1438942670822145
6534,pp,0.05,0.0,61,3.571255750656128,-5.950892342943134,-5.165564399295383
6535,do,0.05,0.0,28,0.7273381459712986,-5.534847219062574,-5.603174866570367
6536,pp,0.05,0.0,70,3.3715128028392787,-5.912082851294315,-4.958443609873454
6537,do,0.05,0.0,16,-0.06136044383049022,-6.0967185049346,-5.642098021507263
6538,pp,0.05,0.0,42,4.1230923640728,-6.301759354273478,-6.767548068364461
6539,do,0.05,0.0,46,2.5877423274517053,-7.032292319789077,-6.260450516806708
6540,pp,0.05,0.0,59,4.296366214752197,-5.6769236810279615,-5.409454774856568
6541,do,0.05,0.0,12,2.677375409603119,-5.781025890870528,-5.167667717403836
6542,pp,0.05,0.0,70,2.1252459681034104,-8.892814120379361,-7.506587465604146
6543,do,0.05,0.0,26,0.8231373190879818,-5.2993940411192,-5.15040483739641
6544,pp,0.05,0.0,20,2.6481274425983425,-4.884225137305982,-4.5048019329706825
6545,do,0.05,0.0,15,1.3519355046749109,-4.85833343448061,-4.449944445821974
6546,pp,0.05,0.0,44,3.4795364916324614,-6.1027067169998634,-5.693068382475111
6547,do,0.05,0.0,26,3.227186707258225,-6.090074789162838,-5.090571549203661
6548,pp,0.05,0.0,66,4.463890670537949,-5.143832936431423,-4.3555897368325125
6549,do,0.05,0.0,4,-0.762435278892517,-5.488838877822413,-5.053442449039883
6550,pp,0.05,0.0,70,2.448739809989929,-7.338305622158629,-6.538697687784831
6551,do,0.05,0.0,70,-0.7220819389820115,-8.457736174265543,-7.770661189821031
6552,pp,0.05,0.0,43,3.484176584482194,-4.3888721148173016,-3.9949293560451933
6553,do,0.05,0.0,70,2.642215853929521,-8.34552326780377,-7.587022068765428
6554,pp,0.05,0.0,32,3.757131815552711,-8.113637918414492,-6.456459421581692
6555,do,0.05,0.0,22,1.9744562339782714,-7.222094639864835,-6.542522674136691
6556,pp,0.05,0.0,35,3.324316971302033,-6.109471854296598,-5.254890327983432
6557,do,0.05,0.0,61,1.383073029518128,-8.28636365370317,-8.591209236780802
6558,pp,0.05,0.0,63,3.0884930431842808,-8.158539162260114,-6.848607794443766
6559,do,0.05,0.0,17,0.6397088670730584,-5.851572201468728,-5.243423302968343
6560,pp,0.05,0.0,69,1.7843713152408602,-6.603878802964181,-6.161293482780456
6561,do,0.05,0.0,24,0.2129820764064787,-7.1573782126108805,-5.678459501266479
6562,pp,0.05,0.0,29,1.5573146426677695,-5.770910190813469,-5.192288239796956
6563,do,0.05,0.0,41,1.4390695166587824,-6.825149947946722,-6.346603239907159
6564,pp,0.05,0.0,28,2.3538162815570836,-5.281715033271096,-5.645185947418213
6565,do,0.05,0.0,21,0.8960174763202664,-6.347319442575628,-5.586510878139072
6566,pp,0.05,0.0,62,1.628464788198472,-6.794568648482814,-5.883912218941583
6567,do,0.05,0.0,6,-0.45174965262413025,-5.551709029168793,-4.878279741605123
6568,pp,0.05,0.0,55,3.775315271615983,-5.864005226077455,-5.399802549680074
6569,do,0.05,0.0,30,1.8926353979110706,-5.540977794473822,-5.638523329628838
6570,pp,0.05,0.0,15,2.231952140331268,-5.08507908040827,-4.144597315788269
6571,do,0.05,0.0,2,-1.4257598590850833,-6.440237249027599,-5.990479554070367
6572,pp,0.05,0.0,70,3.190552290678024,-8.108499548651956,-9.262185992134942
6573,do,0.05,0.0,64,0.8834444022178651,-8.176126699736624,-8.039429420895047
6574,pp,0.05,0.0,26,2.2727549374103546,-4.943288745302143,-4.095977056026459
6575,do,0.05,0.0,35,-0.537746318578721,-7.607150570551554,-6.635456970002916
6576,pp,0.05,0.0,41,4.063561348915101,-7.3362063480146,-7.303107338481479
6577,do,0.05,0.0,10,-0.01419545531272881,-6.061064855980151,-5.22730037106408
6578,pp,0.05,0.0,40,2.522411851882934,-5.011333485805627,-4.5957693391376075
6579,do,0.05,0.0,70,0.7200194978713998,-8.817325946056481,-8.025100612640381
6580,pp,0.05,0.0,4,-0.2513505005836487,-5.6841132294047965,-4.611025643348694
6581,do,0.05,0.0,70,3.7077399277687073,-5.532580275969072,-5.826067034403483
6582,pp,0.05,0.0,37,2.6181321954727164,-5.569864502820102,-4.566929433080885
6583,do,0.05,0.0,34,2.313794437646866,-6.5753626259890465,-6.389734517203437
6584,pp,0.05,0.0,57,2.0891656935214993,-6.0610805916063715,-5.501057269838121
6585,do,0.05,0.0,27,2.567616789340973,-4.833297808965047,-4.584296806653341
6586,pp,0.05,0.0,70,2.3603983557224275,-6.919273353345466,-5.892888071801927
6587,do,0.05,0.0,70,1.2108235681056971,-7.945658214164503,-7.583659964137607
6588,pp,0.05,0.0,65,2.012406107187272,-6.99280871477994,-5.991090634134081
6589,do,0.05,0.0,37,2.214934732913971,-7.77286318287705,-7.827227359347873
6590,pp,0.05,0.0,70,3.3322943758964545,-6.5940564921407985,-6.130770680639479
6591,do,0.05,0.0,22,0.6508388972282404,-5.054998621796116,-5.635556965404087
6592,pp,0.05,0.0,43,2.296930234432221,-5.452494351069133,-4.713717057969835
6593,do,0.05,0.0,49,1.798654711246491,-7.94615184321548,-8.002922526995341
6594,pp,0.05,0.0,65,4.149861204624177,-6.397654628753662,-5.652006941371494
6595,do,0.05,0.0,70,0.2671790206432352,-8.521314038652362,-9.040622128380669
6596,pp,0.05,0.0,30,2.556953840255737,-5.0717308420123475,-4.355270051956177
6597,do,0.05,0.0,40,1.368610893487931,-8.144000694968483,-7.57402892642551
6598,pp,0.05,0.0,70,2.6418027019500716,-7.022668318314985,-7.3201516045464405
6599,do,0.05,0.0,28,0.41999688267707835,-7.276910501537901,-6.664221016565959
6600,pp,0.05,0.0,70,3.5362128174304956,-11.842738433317704,-9.744170162412855
6601,do,0.05,0.0,70,2.4700615322589883,-7.067302416310166,-6.978265272246467
6602,pp,0.05,0.0,70,5.217833291292191,-7.527919256325924,-7.232558504740397
6603,do,0.05,0.0,45,2.9094682097434994,-5.885462642438484,-5.839738204744127
6604,pp,0.05,0.0,59,3.7440266287326818,-5.597672118562641,-5.172043551339043
6605,do,0.05,0.0,60,3.105156648159026,-8.636144454551465,-9.39467281765408
6606,pp,0.05,0.0,43,2.7055753409862513,-5.6110349308360705,-4.674575850698683
6607,do,0.05,0.0,37,2.0672709596157066,-7.638436824625189,-8.752448177337646
6608,pp,0.05,0.0,34,3.67925655245781,-5.78758288007794,-5.2849101357989845
6609,do,0.05,0.0,15,0.7426014041900642,-5.812839599089189,-4.783768108155992
6610,pp,0.05,0.0,40,3.4791204094886776,-6.599875162587021,-5.392603082127041
6611,do,0.05,0.0,25,2.1378759586811062,-5.866933955568256,-5.008550482326084
6612,pp,0.05,0.0,70,2.3289980506896972,-6.7102421486016475,-5.3827487813101875
6613,do,0.05,0.0,25,2.6375957334041598,-5.892367345636541,-5.863969922065735
6614,pp,0.05,0.0,21,3.6083788251876827,-5.046654623205011,-4.126470326052772
6615,do,0.05,0.0,44,3.0182161951065067,-7.203257487036965,-7.374412915441725
6616,pp,0.05,0.0,52,5.067291731834411,-5.7349293087468,-5.521315797170003
6617,do,0.05,0.0,62,0.4077813017368328,-8.39808454658046,-6.8554831372367016
6618,pp,0.05,0.0,21,1.3534866654872895,-5.350854943015358,-4.49750079843733
6619,do,0.05,0.0,21,2.0539978063106537,-5.004196275364269,-4.627213422457377
6620,pp,0.05,0.0,36,4.123311675786973,-6.090092031883471,-5.30668076939053
6621,do,0.05,0.0,15,1.7919620716571814,-6.192761766549313,-5.418346937497457
6622,pp,0.05,0.0,70,2.6943989896774294,-8.857332522941357,-7.168042588233948
6623,do,0.05,0.0,13,0.8883960175514218,-6.392554527340513,-5.2935471190346615
6624,pp,0.05,0.0,21,0.984340994358063,-6.1286092209093495,-5.288394843207465
6625,do,0.05,0.0,70,2.130187366008758,-6.690700243458603,-5.750485168562995
6626,pp,0.05,0.0,63,3.6364616107940675,-6.835780799750125,-7.483091346422831
6627,do,0.05,0.0,70,0.08177225828170798,-9.731560185461333,-9.134313101238675
6628,pp,0.05,0.0,22,1.7948012697696685,-6.217593431472778,-5.364766841464572
6629,do,0.05,0.0,70,1.3377689433097828,-10.093784122756034,-9.859636868370904
6630,pp,0.05,0.0,47,3.9110331785678865,-7.284440303571296,-5.7431301885181005
6631,do,0.05,0.0,10,0.773630982637405,-5.019523613380663,-4.649720433023241
6632,pp,0.05,0.0,24,2.92045641541481,-5.198508529952078,-4.68684380584293
6633,do,0.05,0.0,15,0.19393296837806684,-5.806701164534598,-5.949151592784458
6634,pp,0.05,0.0,60,4.416991832256317,-5.557864830710671,-4.8630344788233435
6635,do,0.05,0.0,10,1.9659501242637631,-5.536376084703388,-5.215212239159478
6636,pp,0.05,0.0,13,2.1492679679393767,-4.577794855291193,-4.088525491290622
6637,do,0.05,0.0,53,2.4844890010356897,-6.68177472894842,-5.960736179351807
6638,pp,0.05,0.0,19,2.780268248319625,-6.539698873866688,-5.4665627161661785
6639,do,0.05,0.0,13,0.6854039454460139,-5.58074875311418,-4.988640287187365
6640,pp,0.05,0.0,14,2.370570796728134,-5.998831920912772,-4.683219454023573
6641,do,0.05,0.0,70,1.2858340573310851,-6.810998394995025,-7.356685543060303
6642,pp,0.05,0.0,70,3.160643945932388,-5.67671359091094,-4.760045884715186
6643,do,0.05,0.0,13,0.6785866618156433,-5.690470829876986,-6.016276868184407
6644,pp,0.05,0.0,65,1.663500270843505,-7.891414132262721,-7.042111330562168
6645,do,0.05,0.0,7,0.12972057104110757,-4.741135850097194,-4.6846268071068655
6646,pp,0.05,0.0,29,2.448373450040817,-5.203028664444432,-4.680532115035587
6647,do,0.05,0.0,70,2.911888533830644,-7.794515268730395,-6.836346679263645
6648,pp,0.05,0.0,58,3.8819714689254754,-6.869354142564716,-6.05321667459276
6649,do,0.05,0.0,59,2.1236280250549306,-8.398447584383415,-8.141379774941338
6650,pp,0.05,0.0,70,2.4597617387771606,-7.98201106967348,-6.737401180797153
6651,do,0.05,0.0,30,0.7979791128635405,-6.269829354141698,-6.089166601498921
6652,pp,0.05,0.0,51,4.1987850844860075,-5.320847730925589,-5.174846090210808
6653,do,0.05,0.0,20,1.7612478876113897,-5.855428572857019,-4.7560628890991214
6654,pp,0.05,0.0,33,2.991661994457245,-5.143545254794034,-4.657388843430413
6655,do,0.05,0.0,63,3.7729673516750335,-6.5020783843416154,-5.592679286003113
6656,pp,0.05,0.0,30,1.7447825634479521,-7.074000572435784,-6.78166712390052
6657,do,0.05,0.0,70,0.874898900985718,-7.239589777859774,-7.0092592822180855
6658,pp,0.05,0.0,23,1.4058131539821623,-5.183183064605251,-4.376550912857056
6659,do,0.05,0.0,70,1.8692440187931059,-6.761627032540061,-6.919358921051026
6660,pp,0.05,0.0,70,2.113503662347794,-6.492420651695945,-5.630816343095567
6661,do,0.05,0.0,63,1.5471816003322596,-6.080180838613799,-5.711124934090508
6662,pp,0.05,0.0,59,2.8568549525737765,-6.751057188438646,-5.328453948762681
6663,do,0.05,0.0,70,2.3238024377822875,-4.843114039392182,-4.20225742260615
6664,pp,0.05,0.0,66,3.02015433549881,-5.422678755268906,-4.9101581758923
6665,do,0.05,0.0,31,1.2759055030345916,-5.192491128227927,-5.094118666648865
6666,pp,0.05,0.0,27,1.6080088329315192,-5.4441361037167635,-4.656018063757155
6667,do,0.05,0.0,70,0.35513732194900527,-7.454984076817831,-7.1605579906039765
6668,pp,0.05,0.0,47,2.3244847190380096,-5.720196445060499,-5.067867218123542
6669,do,0.05,0.0,70,1.689426498413086,-7.627328229672981,-7.5016392230987545
6670,pp,0.05,0.0,35,1.782960466146469,-6.464840576865456,-5.856373304790921
6671,do,0.05,0.0,70,2.1470536017417903,-9.158639123223045,-7.328450640042623
6672,pp,0.05,0.0,20,2.8320702922344214,-6.818072440407493,-5.9479643901189165
6673,do,0.05,0.0,18,2.8639296448230738,-5.802116670030536,-5.544729447364807
6674,pp,0.05,0.0,26,3.135285806655883,-6.153614224809589,-4.6639549785190155
6675,do,0.05,0.0,25,1.7873886442184448,-6.038260800910718,-5.694435630904303
6676,pp,0.05,0.0,55,4.07222383260727,-5.647417369033351,-5.105803124109904
6677,do,0.05,0.0,9,1.217728400230408,-5.739780680338542,-5.1411267386542425
6678,pp,0.05,0.0,48,2.7988216316699983,-6.018891755017367,-5.421233689785003
6679,do,0.05,0.0,66,0.5173117661476141,-9.65923181736108,-8.459462425443862
6680,pp,0.05,0.0,12,1.2073689138889314,-5.124724174268318,-4.333880008591546
6681,do,0.05,0.0,10,1.7756288897991181,-5.578624362656565,-5.442304518487719
6682,pp,0.05,0.0,36,4.125087257623672,-5.492970259984334,-5.492536295784844
6683,do,0.05,0.0,70,1.4108608007431025,-6.666631042596066,-5.712320452266269
6684,pp,0.05,0.0,34,2.780522125959396,-6.184933864709103,-5.361419828732808
6685,do,0.05,0.0,70,1.47207668542862,-8.149604687546239,-7.385890645451016
6686,pp,0.05,0.0,70,4.096396903991699,-6.529643768252749,-5.5141110499699915
6687,do,0.05,0.0,9,1.592894423007965,-5.327602396589337,-4.742550855212741
6688,pp,0.05,0.0,66,2.971836566925049,-8.203586014834316,-6.973998562494914
6689,do,0.05,0.0,60,1.3672959327697756,-7.1441411206216525,-6.266730160183377
6690,pp,0.05,0.0,17,2.1532613599300383,-5.202519661007505,-4.670513081550598
6691,do,0.05,0.0,70,0.9160954427719119,-6.978636839895538,-6.78569949997796
6692,pp,0.05,0.0,14,1.2872798776626588,-5.043508549892541,-4.295646627744039
6693,do,0.05,0.0,66,2.1452326285839076,-8.457876056613344,-7.2476883888244625
6694,pp,0.05,0.0,58,2.1871143639087682,-6.3075639854777945,-5.5093342383702595
6695,do,0.05,0.0,10,1.0231262862682335,-5.244764430595167,-4.854679844114515
6696,pp,0.05,0.0,64,0.41492695569992044,-8.295401659878818,-7.464567173851861
6697,do,0.05,0.0,63,1.806763718128205,-7.7010198838783035,-6.957980765236749
6698,pp,0.05,0.0,70,3.0033656907081614,-6.641877979220766,-5.793147579828898
6699,do,0.05,0.0,70,1.7219595289230343,-6.422349074392608,-5.992554871241252
6700,pp,0.05,0.0,47,1.5953899693489078,-8.180785645860615,-7.374647561709086
6701,do,0.05,0.0,70,1.6158447587490077,-6.694713611313791,-6.440879758199056
6702,pp,0.05,0.0,65,1.6720102858543404,-7.150379500244603,-6.430583961804708
6703,do,0.05,0.0,32,1.418497616052627,-6.391882238966046,-5.4958875258763635
6704,pp,0.05,0.0,27,3.137399047613144,-4.883736678325769,-4.622929329342313
6705,do,0.05,0.0,70,2.925770690441132,-6.980349858601888,-6.870151530371772
6706,pp,0.05,0.0,44,2.8521817564964307,-6.8751864274342855,-6.393564367294312
6707,do,0.05,0.0,30,2.8643572640419013,-6.170754819927794,-6.078106005986531
6708,pp,0.05,0.0,70,4.474482374191284,-6.179363613417654,-5.927111721038818
6709,do,0.05,0.0,70,1.661133990287781,-6.576695387291186,-6.337108119328817
6710,pp,0.05,0.0,52,3.190037925243378,-7.239183506821141,-6.508964278962877
6711,do,0.05,0.0,70,1.341231957674026,-7.201162026145242,-7.142997943030464
6712,pp,0.05,0.0,53,3.474898097515106,-5.91267563790986,-5.2727528863483
6713,do,0.05,0.0,55,2.1944998586177835,-9.802209017493508,-9.095432607332866
6714,pp,0.05,0.0,55,4.303711891174316,-9.122609833515051,-8.239811838997735
6715,do,0.05,0.0,70,2.576541502475739,-6.57420097842361,-5.904307394557529
6716,pp,0.05,0.0,33,3.388827590942383,-5.2589011698058155,-4.8278158479266695
6717,do,0.05,0.0,14,1.404905403852462,-4.799840383818656,-4.35477499432034
6718,pp,0.05,0.0,35,3.798479232788085,-4.923056671836159,-4.7822474267747666
6719,do,0.05,0.0,70,1.389476807117461,-9.248814715761126,-8.619603072272406
6720,pp,0.05,0.0,42,1.2667458629608142,-7.541524102471092,-6.518325085110135
6721,do,0.05,0.0,18,2.4262290000915527,-4.772010518565322,-4.6184853341844345
6722,pp,0.05,0.0,48,1.561662789583207,-6.2181992776466135,-5.767947888374328
6723,do,0.05,0.0,13,1.2769540321826938,-5.658655897776286,-5.3078837394714355
6724,pp,0.05,0.0,48,3.5348527371883396,-6.553210908716375,-5.912759791480171
6725,do,0.05,0.0,14,1.920517555475235,-5.705159857778838,-5.434881522920397
6726,pp,0.05,0.0,46,3.5125115489959704,-6.88955593253627,-5.888779685232374
6727,do,0.05,0.0,6,1.3237067019939417,-5.172531821511009,-5.024732462565104
6728,pp,0.05,0.0,63,3.36883574962616,-7.798946806878755,-7.829277589586046
6729,do,0.05,0.0,14,1.988516489267349,-5.015354439706513,-4.64458278020223
6730,pp,0.05,0.0,19,1.1289877653121954,-5.337236280152292,-4.37907902929518
6731,do,0.05,0.0,70,1.5267739129066467,-6.702878697713216,-6.492501815160115
6732,pp,0.05,0.0,70,2.5792690777778624,-5.923495244979859,-5.297205826971266
6733,do,0.05,0.0,18,1.8528399336338035,-5.639305435527454,-4.811970779630873
6734,pp,0.05,0.0,70,3.525359435081482,-6.3302463777137525,-6.314157170719571
6735,do,0.05,0.0,19,2.0435332441329956,-5.798247276652943,-5.625157708591885
6736,pp,0.05,0.0,70,1.9953173458576199,-6.2950439193032,-5.694327561060588
6737,do,0.05,0.0,44,0.5401119649410244,-7.365016833218661,-7.732536866929796
6738,pp,0.05,0.0,49,2.530494858026505,-5.048091915881995,-4.467609696918064
6739,do,0.05,0.0,70,2.934379210472107,-6.584334361914433,-8.546653758154974
6740,pp,0.05,0.0,65,3.626776372194291,-6.920697650042447,-6.540458869934082
6741,do,0.05,0.0,70,2.016650245189666,-8.529554995623501,-8.33593685362074
6742,pp,0.05,0.0,15,0.9830694711208343,-5.411540866620613,-4.576271459791395
6743,do,0.05,0.0,12,0.8739001405239106,-5.449774591850512,-5.19965537654029
6744,pp,0.05,0.0,11,1.095644173622131,-5.471282937309959,-4.49637185467614
6745,do,0.05,0.0,31,1.2859616148471824,-6.570430494077278,-6.443169972631666
6746,pp,0.05,0.0,29,5.3081654882431035,-5.376015248443141,-5.242839876810709
6747,do,0.05,0.0,24,1.2475759339332582,-5.222470429449371,-5.220536518096924
6748,pp,0.05,0.0,37,2.662621846199036,-5.367472806121364,-4.809976641337077
6749,do,0.05,0.0,58,2.2627054643630977,-7.0767951474045265,-6.886707467503018
6750,pp,0.05,0.0,58,3.830519692897796,-5.968171219392256,-6.238039978345236
6751,do,0.05,0.0,34,2.696526418924332,-7.300239373698379,-7.592576297124227
6752,pp,0.05,0.0,70,2.999480044841766,-6.719419557398016,-5.723098219765557
6753,do,0.05,0.0,70,2.273069124221802,-8.776148788856737,-8.517714712354872
6754,pp,0.05,0.0,29,3.096603965759277,-6.045435126622518,-4.6236875163184274
6755,do,0.05,0.0,15,1.1112426221370697,-4.864716430143877,-4.886727627118429
6756,pp,0.05,0.0,58,4.1594701349735255,-5.780786975224813,-6.579396687613594
6757,do,0.05,0.0,70,1.0460095882415779,-7.861728275183475,-6.857231341467964
6758,pp,0.05,0.0,70,0.8361679196357734,-10.321217747890588,-9.063553704155815
6759,do,0.05,0.0,70,1.4287379074096682,-7.35606612292203,-6.318099117279052
6760,pp,0.05,0.0,45,2.409650934934616,-6.189630057594993,-5.664686852031284
6761,do,0.05,0.0,5,0.04458639860153202,-5.845002775481253,-4.849502913157145
6762,pp,0.05,0.0,70,1.2129523372650137,-10.228749139381177,-9.83986972173055
6763,do,0.05,0.0,24,2.248838211297989,-4.94345294490005,-4.67658859623803
6764,pp,0.05,0.0,70,1.8269803047180186,-7.149568825057059,-6.165220454004076
6765,do,0.05,0.0,6,0.5318178451061248,-5.201972814039751,-4.594045707914565
6766,pp,0.05,0.0,19,2.560630093812942,-5.268337407256618,-4.269633664025201
6767,do,0.05,0.0,28,3.074046062231065,-6.057329586780432,-5.434905483987596
6768,pp,0.05,0.0,19,2.2504436206817626,-5.138143679589936,-4.497331766287486
6769,do,0.05,0.0,9,1.1946932792663576,-4.830093967553341,-4.683202600479126
6770,pp,0.05,0.0,22,3.074109435081483,-5.009322370182384,-4.157801773813036
6771,do,0.05,0.0,70,1.7393459618091587,-9.133544505726208,-8.03228981759813
6772,pp,0.05,0.0,24,2.5354195928573606,-6.373427584677032,-5.070671743816799
6773,do,0.05,0.0,70,0.8672382938861851,-9.351745767304392,-8.50061756769816
6774,pp,0.05,0.0,15,1.119960931539536,-5.11207534905636,-4.295190625720554
6775,do,0.05,0.0,28,2.1545035517215734,-5.542160279823072,-4.681411239835951
6776,pp,0.05,0.0,70,2.100278576612472,-7.177321464365179,-6.670973942014906
6777,do,0.05,0.0,17,0.7791961669921879,-5.525821200284091,-6.0372916168636745
6778,pp,0.05,0.0,42,2.213439201116562,-6.2182189869158195,-5.596580743789673
6779,do,0.05,0.0,70,1.7147484302520741,-7.4812092376477795,-6.650050981839498
6780,pp,0.05,0.0,21,1.2793117439746853,-5.931776733109445,-5.143699304262797
6781,do,0.05,0.0,70,1.5990556025505054,-8.635629376498136,-7.876018484433492
6782,pp,0.05,0.0,68,4.530005388259888,-7.590740450945767,-7.943351083331638
6783,do,0.05,0.0,31,2.33785922408104,-7.919536771196308,-7.520142936706543
6784,pp,0.05,0.0,12,0.9494724035263058,-5.360870602636626,-4.451415959993998
6785,do,0.05,0.0,7,0.797197906970978,-5.427460710930101,-4.414063625865513
6786,pp,0.05,0.0,12,1.6165257990360251,-5.735864491896196,-5.103096908993191
6787,do,0.05,0.0,19,2.131333335638046,-5.653479427279848,-5.527525538868375
6788,pp,0.05,0.0,15,2.1067086648941045,-5.6700350674715905,-4.752026176452636
6789,do,0.05,0.0,25,1.6179399144649498,-6.226196579499678,-5.809361277686225
6790,pp,0.05,0.0,42,3.435697804689407,-6.444228714162653,-5.55348719490899
6791,do,0.05,0.0,48,1.7747210717201227,-6.204877535502116,-5.478279932339986
6792,pp,0.05,0.0,30,2.9910588192939764,-5.7543110847473145,-4.863894663916694
6793,do,0.05,0.0,19,1.769254384040833,-5.659983162446456,-5.7163896004358925
6794,pp,0.05,0.0,24,3.1076374006271354,-4.872695948860862,-4.263743948936463
6795,do,0.05,0.0,69,2.6626252210140224,-6.627300174308545,-5.969365408685472
6796,pp,0.05,0.0,70,1.9640963780879979,-7.4221054814078595,-8.146624355845981
6797,do,0.05,0.0,11,1.1573047995567318,-5.129294032761545,-4.637873832384745
6798,pp,0.05,0.0,64,2.8926493835449216,-7.446401363430601,-6.442929485109118
6799,do,0.05,0.0,15,1.6123699712753297,-5.044099453723792,-5.675913921991984
6800,pp,0.05,0.0,37,1.9655872893333424,-8.484847669890433,-8.198206928041246
6801,do,0.05,0.0,48,2.680438183546067,-5.341273925521157,-4.827357710732354
6802,pp,0.05,0.0,70,3.536434240341186,-5.822121498801492,-4.571965842776828
6803,do,0.05,0.0,15,2.243116080760956,-4.162733695001313,-4.12888879776001
6804,pp,0.05,0.0,38,3.524283267259598,-4.647763847582268,-4.12186406188541
6805,do,0.05,0.0,70,1.9333981704711913,-5.76572055238666,-5.5232887427012125
6806,pp,0.05,0.0,61,3.6283418333530424,-6.726662601124157,-5.763006991810268
6807,do,0.05,0.0,39,3.630814725160598,-5.165754402045048,-4.827435101403131
6808,pp,0.05,0.0,30,3.1815864336490636,-4.339198677467578,-4.02651076051924
6809,do,0.05,0.0,20,2.4978188359737405,-4.689708391825358,-4.60330084959666
6810,pp,0.05,0.0,29,3.119294239282609,-5.658850502245354,-5.252831076251136
6811,do,0.05,0.0,70,3.1461247253417977,-5.822435699809681,-5.441456831826104
6812,pp,0.05,0.0,70,3.3870239019393917,-6.136222952062433,-5.562567679087321
6813,do,0.05,0.0,37,2.5394273602962487,-4.25482603708903,-3.9092298176553513
6814,pp,0.05,0.0,25,2.6709420430660247,-3.952523415738886,-3.8171652330292596
6815,do,0.05,0.0,30,1.9171549773216245,-4.123711093266805,-3.7956354485617743
6816,pp,0.05,0.0,70,2.614682137966156,-4.484576486818718,-3.9137929611735873
6817,do,0.05,0.0,23,2.1478765094280243,-4.074763209169562,-4.015553987026214
6818,pp,0.05,0.0,70,2.1958328509330745,-9.519988830161816,-9.02752496931288
6819,do,0.05,0.0,10,0.5667319464683533,-4.701425842805342,-4.265913303693136
6820,pp,0.05,0.0,63,3.163207087516784,-6.571942404544715,-6.062702772352431
6821,do,0.05,0.0,20,2.4273213899135584,-4.467924271207867,-4.814793957604302
6822,pp,0.05,0.0,21,2.0779156422615053,-4.66645437298399,-4.306047370698717
6823,do,0.05,0.0,53,1.8876186263561259,-5.65633976242759,-5.212251483069526
6824,pp,0.05,0.0,50,2.6492492389678954,-5.757939611781727,-4.786973034010993
6825,do,0.05,0.0,19,2.654824460744858,-4.349036937771421,-5.632315217124091
6826,pp,0.05,0.0,36,0.9979452931880957,-5.942337132945205,-4.8604599396387735
6827,do,0.05,0.0,51,2.6609307765960697,-4.982384551655162,-4.782005863719516
6828,pp,0.05,0.0,59,2.9840449273586263,-4.634699679865982,-4.061359817451901
6829,do,0.05,0.0,27,2.1210851144790643,-4.310759217811353,-4.22954845296012
6830,pp,0.05,0.0,25,2.0562375700473785,-4.818639580408732,-4.312517923778958
6831,do,0.05,0.0,44,2.4775143134593964,-5.961614153601906,-5.680569203694661
6832,pp,0.05,0.0,37,2.681975415945052,-5.6211826873548105,-5.9416332218382095
6833,do,0.05,0.0,23,2.284973661899567,-5.011227542703802,-4.500717564423879
6834,pp,0.05,0.0,27,1.639243849515915,-5.274036478273796,-4.9181435849931505
6835,do,0.05,0.0,29,1.944270887374878,-4.631324295564132,-4.2675144407484265
6836,pp,0.05,0.0,54,2.3516226089000707,-5.996352126381614,-5.377947935793135
6837,do,0.05,0.0,70,2.946861486434937,-5.973668186592334,-6.49690691365136
6838,pp,0.05,0.0,41,2.440902478694916,-5.720873130451549,-5.630552495850457
6839,do,0.05,0.0,31,2.861511459350586,-4.17019688577363,-4.1107874446445045
6840,pp,0.05,0.0,58,2.3391483771800994,-4.831702039458535,-4.3060269700156315
6841,do,0.05,0.0,19,2.2169188499450687,-4.6248053189479945,-4.621228815449609
6842,pp,0.05,0.0,57,4.057216968536378,-5.783279180526733,-5.900242318047417
6843,do,0.05,0.0,33,2.7389283180236816,-4.700234548973315,-5.542571369806925
6844,pp,0.05,0.0,14,1.5288475716114043,-4.69724640268268,-4.060934897263845
6845,do,0.05,0.0,11,1.7154981303215031,-4.3095308824019,-4.197852353254954
6846,pp,0.05,0.0,9,1.4615046048164366,-6.514831207737778,-5.253010725975036
6847,do,0.05,0.0,32,2.8967390370368964,-4.92177195260019,-5.4879757563273115
6848,pp,0.05,0.0,30,2.02082951426506,-5.656930003021703,-5.0540696779886884
6849,do,0.05,0.0,28,3.650815975666047,-4.413894073168437,-4.525971261660258
6850,pp,0.05,0.0,70,4.476984000205994,-5.674280640573213,-5.305114695760939
6851,do,0.05,0.0,40,2.804705901145936,-4.972977139733055,-5.539340795411004
6852,pp,0.05,0.0,25,2.348859959840774,-5.587128055456913,-5.038060414791107
6853,do,0.05,0.0,28,2.060065277814865,-4.730072043158791,-4.659010177188449
6854,pp,0.05,0.0,64,2.821660274267197,-7.543238115310669,-6.783634922239515
6855,do,0.05,0.0,24,1.8917658960819237,-4.330764389038086,-4.173260407977634
6856,pp,0.05,0.0,50,0.6274107921123502,-7.838332375613126,-7.1044798215230305
6857,do,0.05,0.0,58,2.5087873363494877,-6.8185159177491155,-6.0586587799919975
6858,pp,0.05,0.0,70,3.687989782094955,-5.525963062228579,-5.088841364118788
6859,do,0.05,0.0,45,3.005092368125916,-5.096093472567472,-5.090648682912191
6860,pp,0.05,0.0,44,1.753763111829758,-6.900890905206854,-6.168435814645555
6861,do,0.05,0.0,18,1.3366845822334286,-4.737723710320212,-5.167083753479852
6862,pp,0.05,0.0,18,0.2268760216236112,-5.64548873756871,-5.035430402225918
6863,do,0.05,0.0,36,2.1924402737617488,-4.293194989002112,-4.382205573717753
6864,pp,0.05,0.0,43,2.637532033920288,-5.125407916849309,-5.169306401411692
6865,do,0.05,0.0,32,2.996378843784333,-4.961707938801158,-4.340722902615865
6866,pp,0.05,0.0,28,1.096174474954605,-4.515251177007502,-3.918519596258799
6867,do,0.05,0.0,34,2.1838709139823917,-5.926099496899229,-5.376912983258565
6868,pp,0.05,0.0,20,2.2418459510803217,-4.772226845134388,-3.8734673062960305
6869,do,0.05,0.0,15,1.3034723448753356,-4.591316110437567,-4.213805311255985
6870,pp,0.05,0.0,67,2.976334943771361,-7.976674202716712,-6.897947867711385
6871,do,0.05,0.0,49,2.1979000437259684,-5.424121822010387,-4.87875700129403
6872,pp,0.05,0.0,23,2.0690161192417147,-4.6518552563407205,-4.004797175195482
6873,do,0.05,0.0,69,3.7204781222343435,-5.215639253096147,-5.724835189183553
6874,pp,0.05,0.0,43,2.3207611501216885,-5.473862694249009,-4.709486815664503
6875,do,0.05,0.0,25,2.162327189445495,-4.344627475016045,-4.148040866851806
6876,pp,0.05,0.0,67,2.690555375814437,-8.21368815537655,-7.818083209461636
6877,do,0.05,0.0,19,1.7127273583412173,-4.172856382890181,-3.9303234736124675
6878,pp,0.05,0.0,27,2.438960666656495,-8.285912932771625,-8.266313902537028
6879,do,0.05,0.0,15,2.7081138491630554,-4.684094255620783,-4.346064514584011
6880,pp,0.05,0.0,34,2.2467381894588474,-5.1928493456407026,-4.449223518371582
6881,do,0.05,0.0,37,3.7409324395656585,-5.370273608872385,-5.704065073861016
6882,pp,0.05,0.0,53,2.4850763607025153,-5.626140502004913,-4.68859179019928
6883,do,0.05,0.0,70,2.339773482084274,-5.5981415098363705,-5.972336096233792
6884,pp,0.05,0.0,68,1.4777286887168888,-7.350163703976255,-6.9143748177422415
6885,do,0.05,0.0,70,3.4299256217479703,-7.008199489477909,-6.314355519082811
6886,pp,0.05,0.0,70,1.385666899681091,-9.327602754939686,-9.718218729231094
6887,do,0.05,0.0,34,2.598524523973466,-5.696120562697902,-5.977388872040643
6888,pp,0.05,0.0,62,2.250099220275879,-6.043549810756336,-5.152045554584927
6889,do,0.05,0.0,29,2.568799742460252,-4.456122762506658,-4.7064200348324245
6890,pp,0.05,0.0,28,1.0001954460144038,-4.748055362701416,-4.015819022390578
6891,do,0.05,0.0,66,2.1812730443477637,-5.4537306655536995,-5.188541618982951
6892,pp,0.05,0.0,28,2.1449779272079468,-4.934904855670351,-4.283456206321716
6893,do,0.05,0.0,45,2.033625974655151,-6.340603090055061,-5.670385265350342
6894,pp,0.05,0.0,12,0.6755771481990811,-5.301430456566088,-4.426671565903558
6895,do,0.05,0.0,40,2.197919454574585,-6.391232058496186,-6.165612469779121
6896,pp,0.05,0.0,70,0.42082697749137843,-6.608660949360241,-5.609651568200853
6897,do,0.05,0.0,50,1.752317370176315,-6.373902891621445,-5.719835191302829
6898,pp,0.05,0.0,14,1.788794209957123,-4.389545206590133,-3.8008925782309637
6899,do,0.05,0.0,70,2.5049454927444463,-6.474034773219715,-6.010817792680529
6900,pp,0.05,0.0,63,2.7815063858032225,-6.103156913410533,-6.312702561749353
6901,do,0.05,0.0,42,2.5315363514423375,-6.086370625640407,-4.9888955222235785
6902,pp,0.05,0.0,19,2.061309103965759,-4.4685007514375625,-4.024979436397553
6903,do,0.05,0.0,52,3.2332871174812325,-5.74623972863862,-5.798808413081699
6904,pp,0.05,0.0,21,2.548860223293305,-4.426233194813584,-3.8490743584103053
6905,do,0.05,0.0,20,1.8993770134449006,-5.047762002366962,-4.539718302090963
6906,pp,0.05,0.0,15,1.7162583529949194,-5.128848133665143,-4.160534021589491
6907,do,0.05,0.0,54,2.251689903736115,-6.444639867724795,-5.580645889706082
6908,pp,0.05,0.0,19,2.5432598948478695,-4.139386776721839,-3.7090171297391255
6909,do,0.05,0.0,16,2.9874574434757237,-4.981766754208189,-5.078106514612833
6910,pp,0.05,0.0,22,2.720029146671295,-4.498387778889049,-4.046806302335527
6911,do,0.05,0.0,9,1.6285688674449919,-5.1550602219321515,-4.421078578631083
6912,pp,0.05,0.0,12,2.1409145534038547,-4.155649922110817,-3.5116005341211953
6913,do,0.05,0.0,70,2.452957952022553,-7.912007700313222,-6.781156735950046
6914,pp,0.05,0.0,45,2.2577687299251554,-4.943516724037401,-5.618814267052544
6915,do,0.05,0.0,38,2.498962417840957,-5.443619008497758,-5.036965319845412
6916,pp,0.05,0.0,34,1.9033695852756498,-5.870366943243778,-5.169821386867099
6917,do,0.05,0.0,63,0.5313080739974989,-11.640612502531571,-8.876274932755365
6918,pp,0.05,0.0,70,1.6129984235763555,-11.38898145791256,-8.648793959617615
6919,do,0.05,0.0,30,1.3490132987499237,-6.971463028589884,-5.91254105038113
6920,pp,0.05,0.0,14,1.6784882485866541,-4.390012064847079,-3.8566403481695386
6921,do,0.05,0.0,52,1.3921229898929592,-10.190881944425179,-8.578949740197924
6922,pp,0.05,0.0,12,0.9926008021831514,-5.346326049168905,-4.587179525693258
6923,do,0.05,0.0,28,1.4392909955978386,-5.91581355008212,-5.3189951207902695
6924,pp,0.05,0.0,35,2.010280833244324,-5.816285321206758,-5.296464954482184
6925,do,0.05,0.0,22,1.6221993792057035,-6.391507716612383,-5.57120569811927
6926,pp,0.05,0.0,11,0.694551057815552,-5.418118731180827,-4.401139595773485
6927,do,0.05,0.0,28,1.443446391820907,-7.1619180953863895,-6.969246498743693
6928,pp,0.05,0.0,36,2.1787012195587163,-5.7833510080973305,-6.501879980829027
6929,do,0.05,0.0,17,1.9916473615169528,-4.6414408004645145,-4.353544799486796
6930,pp,0.05,0.0,29,1.7184378933906546,-5.715494674624819,-5.147649370299446
6931,do,0.05,0.0,56,2.5292467558383933,-7.5258288080042055,-6.833505879508125
6932,pp,0.05,0.0,13,2.1847728991508486,-5.051490526488333,-4.045114584763845
6933,do,0.05,0.0,70,3.0934533214569093,-6.687582992784905,-6.099751196967231
6934,pp,0.05,0.0,34,2.3869144880771636,-5.1792583393328115,-4.547355675697327
6935,do,0.05,0.0,62,3.3312118899822236,-5.973305060646751,-5.975948694017198
6936,pp,0.05,0.0,26,2.36960148692131,-5.143243203018651,-4.471374042828878
6937,do,0.05,0.0,11,1.252843222618103,-5.000756584514271,-4.463385078642103
6938,pp,0.05,0.0,16,1.0054344809055333,-5.20610471349774,-4.762102180057102
6939,do,0.05,0.0,51,4.015785359144211,-5.964541217052576,-5.982475527127584
6940,pp,0.05,0.0,37,1.9061476814746863,-8.263879819349809,-6.411103598276774
6941,do,0.05,0.0,53,3.195892938375474,-5.358302101944432,-4.845451964272393
6942,pp,0.05,0.0,23,1.7166818380355835,-4.607713637207493,-4.115605048338572
6943,do,0.05,0.0,70,2.6919470596313477,-6.2791523528821545,-5.720212165514628
6944,pp,0.05,0.0,15,1.1875717508792878,-4.995990925124198,-4.228175319565667
6945,do,0.05,0.0,43,2.9285717701911924,-5.015602659456658,-4.448652291297913
6946,pp,0.05,0.0,27,2.306388875246048,-4.796142215439768,-4.2881146987279255
6947,do,0.05,0.0,70,2.9941851735115055,-6.568788126743201,-5.684063084920248
6948,pp,0.05,0.0,24,1.3567483091354369,-5.200689811417551,-4.332601075702243
6949,do,0.05,0.0,19,1.5439097213745114,-5.150827507539229,-4.333544884787665
6950,pp,0.05,0.0,24,1.3245753276348111,-4.5940563461997295,-3.9622371170255875
6951,do,0.05,0.0,23,2.751873952150345,-5.009088378964049,-4.56769511434767
6952,pp,0.05,0.0,27,1.7209571075439447,-5.310407817724979,-4.847406729062398
6953,do,0.05,0.0,70,1.9785883593559266,-12.971449048591383,-11.135556854142083
6954,pp,0.05,0.0,65,4.715344390869141,-6.261030584393126,-6.56496749718984
6955,do,0.05,0.0,21,2.40625990986824,-5.21918347676595,-5.007143923971388
6956,pp,0.05,0.0,45,3.564292705059051,-5.39042164629156,-4.694033193588257
6957,do,0.05,0.0,70,2.9544498574733726,-6.154969043442697,-5.897541035546197
6958,pp,0.05,0.0,30,2.6880706524848934,-6.736280043919881,-7.660138792461819
6959,do,0.05,0.0,26,2.451651394367217,-5.055768856857762,-4.457087167104086
6960,pp,0.05,0.0,26,1.4446419525146483,-5.156079374660145,-4.685471863216824
6961,do,0.05,0.0,41,1.4442106723785404,-8.805755590670037,-7.589427386389838
6962,pp,0.05,0.0,26,1.7597662150859827,-5.348170859885938,-4.54100741147995
6963,do,0.05,0.0,14,2.406233593225479,-4.4850793766252925,-4.012272152635786
6964,pp,0.05,0.0,16,1.5477914869785305,-4.338179029117931,-3.5941497405370075
6965,do,0.05,0.0,70,1.9528756690025322,-8.320670333053126,-7.542403115166558
6966,pp,0.05,0.0,70,2.8556025421619413,-6.765773300691085,-6.380561158392164
6967,do,0.05,0.0,43,3.228649172782898,-7.589842462539673,-7.277179683579339
6968,pp,0.05,0.0,70,2.1474326038360605,-7.01341016220324,-6.040757211049398
6969,do,0.05,0.0,14,1.81841153383255,-4.570521832957413,-4.057874382866753
6970,pp,0.05,0.0,16,1.448895910978317,-4.804661669875636,-4.251753358046214
6971,do,0.05,0.0,22,2.1818897712230685,-6.202171438390558,-5.452450540330675
6972,pp,0.05,0.0,70,1.9650710678100598,-7.283186989119558,-6.116303645239936
6973,do,0.05,0.0,36,3.41158644914627,-4.842949426535404,-4.762389413515726
6974,pp,0.05,0.0,57,2.69616405248642,-8.788543325481992,-7.6876395119561085
6975,do,0.05,0.0,25,2.074921053647996,-4.9094090591777455,-4.466501013437907
6976,pp,0.05,0.0,14,1.6683383238315583,-5.158386809898145,-4.274443187978533
6977,do,0.05,0.0,46,2.2931281828880303,-6.733369734792999,-6.123244971699185
6978,pp,0.05,0.0,64,0.20137158870696936,-7.449831939466072,-7.145082950592041
6979,do,0.05,0.0,42,4.195327500104905,-5.179185521963871,-4.890969620810615
6980,pp,0.05,0.0,64,2.6541559457778927,-7.595852928450613,-7.022921106550428
6981,do,0.05,0.0,66,1.88290029168129,-7.319789791107178,-6.968629927105374
6982,pp,0.05,0.0,70,0.5437587690353389,-6.89028965921113,-6.239095621638828
6983,do,0.05,0.0,46,2.7342273402214037,-6.856020980892759,-6.541696317990621
6984,pp,0.05,0.0,44,1.7347243273258206,-6.839414676030477,-6.0210059669282705
6985,do,0.05,0.0,70,2.601518310308456,-7.864299901326498,-7.2836430099275375
6986,pp,0.05,0.0,69,1.1956976163387303,-7.094435187542078,-6.180130362510681
6987,do,0.05,0.0,39,2.3666135370731354,-6.326923485958215,-5.796171458562215
6988,pp,0.05,0.0,39,2.411826286315918,-5.806238798661665,-4.9582487424214685
6989,do,0.05,0.0,57,2.3408690929412828,-8.247740869811087,-7.508030727174547
6990,pp,0.05,0.0,54,0.6620698094367992,-7.007923702760176,-6.852270004484389
6991,do,0.05,0.0,35,3.403333567380905,-5.8850313865777215,-5.465220538775126
6992,pp,0.05,0.0,38,1.593126499652862,-5.384086046796856,-4.493433605300056
6993,do,0.05,0.0,11,1.3747222805023194,-6.425638927112926,-5.48201195663876
6994,pp,0.05,0.0,70,4.103057197332383,-7.771556855693008,-8.661837991078695
6995,do,0.05,0.0,28,3.064478638172149,-7.31987223480687,-6.527644136216906
6996,pp,0.05,0.0,70,3.882720370292663,-5.770272033864802,-6.966690384017097
6997,do,0.05,0.0,7,1.8599927043914795,-5.459441127199115,-4.656897264056735
6998,pp,0.05,0.0,70,3.9845137774944304,-5.051704463091764,-4.547001021438175
6999,do,0.05,0.0,70,1.8918733954429623,-9.840988504525386,-8.53215839597914
7000,pp,0.05,0.0,70,3.9632686662673953,-4.801461784767382,-4.730067443847656
7001,do,0.05,0.0,48,3.3316253674030314,-8.594641692710645,-7.285680023829142
7002,pp,0.05,0.0,35,2.9590189802646627,-7.226919434287331,-6.315060816870796
7003,do,0.05,0.0,70,2.0055655431747432,-8.5537879336964,-7.53885309431288
7004,pp,0.05,0.0,64,3.25999374628067,-6.248342326193145,-6.4095921304490835
7005,do,0.05,0.0,12,1.0087597799301147,-6.633601145310835,-5.661763032277425
7006,pp,0.05,0.0,70,3.6001667010784155,-6.6969939549764,-7.5264978567759195
7007,do,0.05,0.0,15,2.305181396007538,-6.858766327482281,-5.261953941980997
7008,pp,0.05,0.0,66,2.781523929834367,-6.118372076207941,-5.864247947269016
7009,do,0.05,0.0,69,1.0414417934417735,-9.605276756575613,-9.014127206802367
7010,pp,0.05,0.0,26,1.7371866190433503,-5.741156348315152,-4.8785680717892115
7011,do,0.05,0.0,27,1.173982951641083,-6.083599610762163,-5.5303957727220325
7012,pp,0.05,0.0,56,2.8626279067993163,-7.856351531635632,-6.718617704179552
7013,do,0.05,0.0,6,0.49093004941940244,-5.411225292899392,-4.881849633322822
7014,pp,0.05,0.0,70,1.8827924883365625,-5.383576436476274,-6.140819504525926
7015,do,0.05,0.0,17,1.8688134491443638,-7.641257813482573,-7.069270560476515
7016,pp,0.05,0.0,70,2.4853454875946053,-5.794639327309349,-7.013280948003133
7017,do,0.05,0.0,8,1.4679474651813509,-5.905030639243848,-5.557951127158271
7018,pp,0.05,0.0,28,2.7600641703605655,-5.283013952139652,-5.119386190838284
7019,do,0.05,0.0,7,0.8252782022953031,-4.873805449225686,-4.291473327742683
7020,pp,0.05,0.0,70,3.5962159848213195,-6.167365484526663,-5.8624290413326685
7021,do,0.05,0.0,6,-0.5312338441610329,-5.594398712389397,-5.019066135088603
7022,pp,0.05,0.0,70,2.2429217779636392,-7.905592408324733,-7.699109474817912
7023,do,0.05,0.0,8,1.1806486809253691,-6.016102402137988,-5.123716643121507
7024,pp,0.05,0.0,70,2.813683308362961,-5.6427030057618115,-5.607842082447476
7025,do,0.05,0.0,23,2.1832236802577984,-7.804480285355539,-7.1505703555213085
7026,pp,0.05,0.0,46,2.2810179209709167,-6.0348167665076975,-5.528414864010281
7027,do,0.05,0.0,43,1.6587853229045866,-7.243072701945449,-7.6623693943023685
7028,pp,0.05,0.0,33,3.441187232732773,-5.276795485525421,-4.684897920820448
7029,do,0.05,0.0,32,4.61490715265274,-6.104219202561812,-6.048449428876241
7030,pp,0.05,0.0,53,2.439420986175536,-8.122657228238655,-7.487184105979072
7031,do,0.05,0.0,20,1.5720547032356267,-6.095853101845943,-6.3280935049057
7032,pp,0.05,0.0,9,0.6603077697753905,-5.134271352941339,-4.447608849737379
7033,do,0.05,0.0,12,2.830900604724885,-6.1700826370354855,-5.528227983580695
7034,pp,0.05,0.0,16,1.769970622062683,-4.982109637693926,-4.014353696505228
7035,do,0.05,0.0,20,1.3932573890686042,-6.5172273216825545,-7.308301798502604
7036,pp,0.05,0.0,47,2.9367693889141098,-7.9953861857905535,-7.354820834265815
7037,do,0.05,0.0,70,2.8938913035392764,-6.499431649121371,-6.9695177528593275
7038,pp,0.05,0.0,28,2.788997678756715,-5.48400084177653,-5.081024977895948
7039,do,0.05,0.0,6,1.0689623522758485,-5.26500530387416,-4.40149888197581
7040,pp,0.05,0.0,46,2.30896252155304,-8.796155789404205,-7.949172348446316
7041,do,0.05,0.0,36,3.341874033212661,-6.0409277323520545,-5.4375888135698105
7042,pp,0.05,0.0,21,1.7482340157032015,-6.072380259542754,-5.400675047768487
7043,do,0.05,0.0,25,1.5983775758743288,-5.704597421125932,-6.1847354306115045
7044,pp,0.05,0.0,70,3.626903530359269,-5.976074475953073,-6.529193875524733
7045,do,0.05,0.0,29,2.50132121682167,-6.987338045871619,-6.694726827409532
7046,pp,0.05,0.0,50,2.021066293716431,-6.155354517156428,-6.119582753711277
7047,do,0.05,0.0,17,2.17468790948391,-5.479065075787631,-4.98574665122562
7048,pp,0.05,0.0,50,3.7436853742599494,-6.322642479520855,-5.115638044145372
7049,do,0.05,0.0,8,1.2247282087802889,-5.219554521098281,-4.731208022435506
7050,pp,0.05,0.0,50,4.4847369337081915,-5.161544428449688,-4.870655963155959
7051,do,0.05,0.0,16,1.7417088198661803,-5.827043747179436,-5.566866095860799
7052,pp,0.05,0.0,46,2.5602012932300573,-5.587240528337883,-4.900768966144986
7053,do,0.05,0.0,15,1.7939554429054265,-6.089240431063103,-5.780222545729743
7054,pp,0.05,0.0,21,1.212901864051818,-5.356381271824692,-4.2473254733615455
7055,do,0.05,0.0,18,1.7551954531669622,-5.80487389275522,-4.828198313713074
7056,pp,0.05,0.0,25,1.7711563014984133,-4.561277268149636,-3.9704048487875196
7057,do,0.05,0.0,11,1.957244268655777,-5.113353431586063,-4.485830076535543
7058,pp,0.05,0.0,40,2.1913381934165965,-7.51200632760019,-8.84847395155165
7059,do,0.05,0.0,10,1.0947872686386102,-5.005874557206125,-5.093367105060153
7060,pp,0.05,0.0,28,1.3604503715038296,-4.958267226363674,-5.0661101818084715
7061,do,0.05,0.0,8,1.0609694266319272,-4.682421168414029,-4.551598334312439
7062,pp,0.05,0.0,29,1.7583144009113312,-5.048719300645771,-4.604405572679307
7063,do,0.05,0.0,9,1.173074015378952,-5.5694626259081295,-4.813587665557861
7064,pp,0.05,0.0,70,2.2624110221862797,-9.152399152697939,-8.040645307964748
7065,do,0.05,0.0,29,2.280004345178604,-7.296321945479422,-5.910758662223816
7066,pp,0.05,0.0,64,2.777054594755173,-8.69806235631307,-7.671977938546075
7067,do,0.05,0.0,26,1.8378846883773798,-6.722240156115908,-5.927003065745036
7068,pp,0.05,0.0,25,2.3630315089225773,-5.100310942620942,-4.178122007846833
7069,do,0.05,0.0,70,1.2458936810493455,-14.386316121708264,-13.460608439975315
7070,pp,0.05,0.0,53,3.330040001869202,-8.517212200164796,-7.4722318702273895
7071,do,0.05,0.0,10,2.2045632457733157,-5.264400392590147,-4.521161388026344
7072,pp,0.05,0.0,27,2.6853232109546656,-5.465535643606475,-5.177847284740872
7073,do,0.05,0.0,9,1.2733087122440336,-6.299516079642556,-4.873532509803772
7074,pp,0.05,0.0,27,3.3584928286075586,-7.060074046163848,-6.441509493192037
7075,do,0.05,0.0,9,0.6638147759437567,-5.4806334466645215,-5.187706232070923
7076,pp,0.05,0.0,23,1.2082821178436278,-5.141380103429158,-4.3600806819068065
7077,do,0.05,0.0,12,2.9230200660228736,-6.151998797329989,-5.133995013766818
7078,pp,0.05,0.0,70,0.9393804764747617,-6.79947460492452,-6.035491983095805
7079,do,0.05,0.0,24,2.037388628721237,-6.1050542730273625,-6.055451393127441
7080,pp,0.05,0.0,47,2.702225152254104,-5.7277268944364605,-5.109460319413079
7081,do,0.05,0.0,54,3.6333396410942065,-8.838202006889112,-8.049427795410157
7082,pp,0.05,0.0,49,2.9542014193534865,-8.814482748147213,-8.098996562427944
7083,do,0.05,0.0,15,1.5621602737903597,-6.158314856615934,-6.510318337546455
7084,pp,0.05,0.0,70,2.215788443088531,-8.910876951795636,-8.312379847632513
7085,do,0.05,0.0,33,1.6169921374320992,-9.427663071950276,-8.18129797246721
7086,pp,0.05,0.0,10,0.962585108280182,-5.064578781705914,-4.296590626239777
7087,do,0.05,0.0,19,1.8823259687423706,-5.103859433260831,-5.011296897464328
7088,pp,0.05,0.0,70,2.343138984441757,-5.9370246338121815,-5.333709054523045
7089,do,0.05,0.0,70,4.550230648517608,-5.033303452983047,-4.588044124179416
7090,pp,0.05,0.0,28,2.416729893684388,-4.399808334581779,-3.837951151529948
7091,do,0.05,0.0,70,3.577543816566468,-8.872090294866851,-7.243634552425808
7092,pp,0.05,0.0,70,3.1082725214958185,-9.003907944939353,-8.322923975520665
7093,do,0.05,0.0,14,-0.5809643387794496,-6.57210290070736,-6.387956608666314
7094,pp,0.05,0.0,70,2.96263886332512,-6.784494791608868,-6.005526253912184
7095,do,0.05,0.0,59,0.7829242753982539,-7.832663975339948,-7.315009392632378
7096,pp,0.05,0.0,70,2.8452407217025755,-7.722442972298825,-6.444409408834246
7097,do,0.05,0.0,65,1.0662497007846827,-7.267949861468691,-6.552438931994968
7098,pp,0.05,0.0,22,2.198241198062897,-4.909027668924042,-4.286602642801073
7099,do,0.05,0.0,70,1.5479192614555366,-8.280760374936191,-8.677532164255778
7100,pp,0.05,0.0,50,1.5082032585144045,-5.6946285869136,-5.085170480940077
7101,do,0.05,0.0,65,0.4364199900627135,-8.918809009320809,-8.634396198060777
7102,pp,0.05,0.0,70,1.031264423131942,-7.112461117542151,-6.278622023264567
7103,do,0.05,0.0,60,2.426019173860551,-7.1433265093601115,-6.20821562078264
7104,pp,0.05,0.0,59,2.878536792993545,-8.68874559546962,-7.420940433608161
7105,do,0.05,0.0,20,0.3434152412414546,-7.005226617870909,-5.903030718697442
7106,pp,0.05,0.0,50,1.8351690471172342,-5.667177506649133,-5.005417296621535
7107,do,0.05,0.0,45,3.758808170557022,-5.060987002921827,-5.104590151045057
7108,pp,0.05,0.0,40,2.18120299577713,-4.803960076245395,-4.203638321823544
7109,do,0.05,0.0,34,2.2778285443782806,-5.638451725063902,-5.093393010563321
7110,pp,0.05,0.0,55,4.044497787952423,-5.036801215374108,-4.658175717459785
7111,do,0.05,0.0,43,1.1252011430263522,-7.68369252464988,-6.943401092953152
7112,pp,0.05,0.0,20,2.322694902420044,-5.318783251444499,-4.575988229115804
7113,do,0.05,0.0,4,-0.777331230640411,-6.06881508249225,-5.4698606358634105
7114,pp,0.05,0.0,11,2.440856151580811,-4.436647520643292,-3.9575481997595894
7115,do,0.05,0.0,70,1.859780902862548,-6.190770582719282,-5.625470791922675
7116,pp,0.05,0.0,64,3.315476272106171,-8.002974446614584,-6.791595874892341
7117,do,0.05,0.0,10,0.8564388787746431,-5.572213957526467,-5.127800848748949
7118,pp,0.05,0.0,70,1.9794332885742172,-9.655692554242684,-8.705862320794
7119,do,0.05,0.0,65,3.199144010543823,-6.1813522179921465,-5.0494406514697605
7120,pp,0.05,0.0,55,4.361648434400559,-5.887225828748761,-4.987131714820862
7121,do,0.05,0.0,70,1.6217522597312932,-6.564668934272997,-6.287505753835043
7122,pp,0.05,0.0,31,2.9481487119197842,-4.192454499909372,-3.7041437678866918
7123,do,0.05,0.0,68,4.008710114955902,-6.449006967833548,-6.529572571648492
7124,pp,0.05,0.0,29,3.4659955453872673,-5.240664461164764,-5.493312107192145
7125,do,0.05,0.0,22,0.4390460646152494,-5.735323970968073,-5.092399748166402
7126,pp,0.05,0.0,69,1.297320746183395,-7.769659799518007,-6.880701250500149
7127,do,0.05,0.0,11,1.3185437619686127,-5.113466391418919,-4.693780056635538
7128,pp,0.05,0.0,22,2.7539124214649204,-6.84434821099946,-5.645040170351664
7129,do,0.05,0.0,37,2.6970975363254546,-8.005956021222202,-6.832989909913805
7130,pp,0.05,0.0,41,3.538015102148056,-5.967289931846388,-4.680551735560099
7131,do,0.05,0.0,21,1.9367866277694699,-5.83006378809611,-5.129306059413486
7132,pp,0.05,0.0,11,1.1945029079914091,-4.8024742863395,-4.323520252439711
7133,do,0.05,0.0,17,0.980315681695938,-6.018573700297963,-6.848774507310655
7134,pp,0.05,0.0,31,2.5631908774375907,-6.37655694845951,-5.374279721577962
7135,do,0.05,0.0,47,2.892946648597717,-6.696112118345319,-5.372944333818224
7136,pp,0.05,0.0,68,4.1407201600074774,-7.460223507158684,-5.816123469670614
7137,do,0.05,0.0,22,2.81331738948822,-6.294819755265207,-5.46843962404463
7138,pp,0.05,0.0,70,3.395584366321563,-10.506525360454212,-8.410098330179851
7139,do,0.05,0.0,70,0.05418185234069739,-7.457560391859575,-7.145606729719374
7140,pp,0.05,0.0,24,2.6982191348075864,-4.625789376461145,-4.066650411817762
7141,do,0.05,0.0,69,0.058751280307768994,-9.91839045900287,-10.703088479571873
7142,pp,0.05,0.0,51,2.957864116430283,-5.065673182227394,-4.82278282907274
7143,do,0.05,0.0,70,2.180266816616059,-6.746477848110777,-5.928118448787266
7144,pp,0.05,0.0,70,2.7206340670585636,-6.751572295391198,-5.816238432460361
7145,do,0.05,0.0,60,-0.11086617827415424,-9.174876509290753,-8.883929904301961
7146,pp,0.05,0.0,18,1.0030590617656712,-4.971912726488981,-4.130702816115486
7147,do,0.05,0.0,16,-0.5508556735515597,-6.942372915961526,-5.741108851962619
7148,pp,0.05,0.0,62,3.8376241064071657,-6.816237975611831,-5.919532084465027
7149,do,0.05,0.0,70,2.63123885512352,-7.496072813958833,-7.493432029088338
7150,pp,0.05,0.0,58,2.3285835349559783,-5.587808812748302,-4.8610710289743215
7151,do,0.05,0.0,10,1.1452287840843196,-5.62216968680873,-5.111895712216695
7152,pp,0.05,0.0,27,3.0270713007450096,-4.354774867404591,-3.903197063340081
7153,do,0.05,0.0,56,1.1160470151901238,-7.53339769190008,-7.777196847067939
7154,pp,0.05,0.0,55,2.2032954406738288,-5.122643359502157,-5.045493568314447
7155,do,0.05,0.0,40,1.7787882626056666,-6.523064620567091,-7.621355194515652
7156,pp,0.05,0.0,26,2.553410217761993,-5.241801280686349,-5.049802939097087
7157,do,0.05,0.0,24,1.9751784157752983,-8.170413209452773,-7.648177252875434
7158,pp,0.05,0.0,18,1.164358237981797,-5.919685613747799,-4.906452835930718
7159,do,0.05,0.0,70,0.45694207668304365,-8.293703769915032,-7.473347393671672
7160,pp,0.05,0.0,70,1.6320329475402833,-7.644370177297882,-6.8182177702585856
7161,do,0.05,0.0,28,1.6215613532066353,-7.951826417807377,-7.841441996892294
7162,pp,0.05,0.0,47,1.4613328373432157,-10.209339208313914,-9.652321990331014
7163,do,0.05,0.0,20,1.4564317226409917,-7.055073032957135,-7.716102716657851
7164,pp,0.05,0.0,9,1.098390653133392,-6.164502464641224,-5.437344556384616
7165,do,0.05,0.0,9,0.35982676982879624,-5.2744546861359565,-4.844492938783434
7166,pp,0.05,0.0,70,1.2015699386596665,-8.761702037580086,-7.3402088589138454
7167,do,0.05,0.0,70,2.867535412311554,-9.39052043394609,-8.249084764056736
7168,pp,0.05,0.0,48,2.2505638587474817,-10.354818224184442,-8.077529878086514
7169,do,0.05,0.0,61,2.4905598914623273,-6.764918461712924,-5.4753557814492115
7170,pp,0.05,0.0,70,2.0371126604080203,-6.383663639877781,-5.213871627383762
7171,do,0.05,0.0,7,0.832888436317444,-5.398005320809104,-4.899344298574659
7172,pp,0.05,0.0,13,2.186860975027084,-4.907531062039462,-4.16145307885276
7173,do,0.05,0.0,40,0.477130415439607,-7.439378135854548,-7.19048580593533
7174,pp,0.05,0.0,70,1.4308534264564514,-7.925967229496349,-7.168428296513028
7175,do,0.05,0.0,17,1.5742888486385347,-6.414511092503866,-6.452922063403659
7176,pp,0.05,0.0,70,2.7922653651237486,-6.298827135201656,-5.192141162024604
7177,do,0.05,0.0,60,0.7294964301586155,-8.188487250877149,-7.241796260409885
7178,pp,0.05,0.0,59,2.383110817670822,-8.558087328708533,-7.292269574271308
7179,do,0.05,0.0,70,0.36279656529426596,-6.360977133837613,-5.700184816784329
7180,pp,0.05,0.0,53,3.69593745470047,-5.75681080529184,-4.879937092463176
7181,do,0.05,0.0,33,-0.24924789309501705,-7.897641801834107,-7.2337262047661675
7182,pp,0.05,0.0,25,2.356091872453689,-4.847412596326886,-4.276059091091156
7183,do,0.05,0.0,12,0.9823978972435006,-6.407450639840328,-6.117186215188768
7184,pp,0.05,0.0,22,3.345698895454407,-5.524116984280673,-4.460064321094089
7185,do,0.05,0.0,19,2.122995054721833,-5.374055651462439,-5.049511644575331
7186,pp,0.05,0.0,60,3.3111573863029475,-6.779462658275257,-5.897098639276293
7187,do,0.05,0.0,9,-0.28201799035072384,-5.634622011762676,-5.272411515977647
7188,pp,0.05,0.0,29,1.0301433014869694,-4.485369875936797,-3.8546868681907656
7189,do,0.05,0.0,35,2.329066586494446,-5.114646129897147,-5.083888962533739
7190,pp,0.05,0.0,16,2.0803087460994725,-4.910607173226096,-4.701619965500302
7191,do,0.05,0.0,17,0.7170581102371214,-5.162463782050393,-4.852025575107998
7192,pp,0.05,0.0,27,2.366220710277558,-4.871785965832797,-4.259655804104275
7193,do,0.05,0.0,34,0.1352713572978974,-6.482405710220337,-7.724058659871419
7194,pp,0.05,0.0,33,1.3195988500118263,-6.271207409194021,-5.828372550010681
7195,do,0.05,0.0,70,1.9706243491172781,-6.478396927226673,-6.994049925274319
7196,pp,0.05,0.0,54,2.150089212656021,-6.9716712734916,-6.109128557311164
7197,do,0.05,0.0,70,3.7391504955291737,-7.432928408998432,-7.335913017061022
7198,pp,0.05,0.0,70,2.7191112494468683,-7.196977787306815,-6.502393612596724
7199,do,0.05,0.0,34,1.6187899291515349,-5.379549379059763,-5.4299946520063616
7200,pp,0.05,0.0,23,2.679246609210968,-4.959487946828206,-4.927482938766479
7201,do,0.05,0.0,18,2.3730166685581215,-4.65969428582625,-4.954767983489567
7202,pp,0.05,0.0,44,2.8210887145996093,-4.683055556904186,-3.9720803697903952
7203,do,0.05,0.0,23,2.39985047340393,-4.765354188283284,-5.536346830262078
7204,pp,0.05,0.0,30,2.250362644791603,-4.798130769440622,-4.1224418110317655
7205,do,0.05,0.0,11,1.058579270839691,-4.777618386528709,-4.439990663528443
7206,pp,0.05,0.0,20,2.4748715925216676,-5.066290745590672,-4.9701546298133
7207,do,0.05,0.0,11,1.023657463788986,-5.634264905524977,-5.46686410109202
7208,pp,0.05,0.0,11,1.9684899008274082,-5.331143210150978,-4.357878532674578
7209,do,0.05,0.0,16,1.4167520940303806,-4.329393998059359,-4.087226099438137
7210,pp,0.05,0.0,26,2.1290893065929417,-5.483978048960368,-4.864214462704129
7211,do,0.05,0.0,53,2.909486434459687,-6.012795246008671,-5.849889961878459
7212,pp,0.05,0.0,18,2.0682909345626825,-4.443036313490434,-3.9369415892495048
7213,do,0.05,0.0,32,2.5398827350139612,-4.63933257189664,-4.120808135138618
7214,pp,0.05,0.0,69,4.2453369164466865,-6.788137563069662,-5.726681857638889
7215,do,0.05,0.0,45,2.8783881282806396,-5.071791271729903,-4.779028823640611
7216,pp,0.05,0.0,25,1.0668159592151643,-5.46210589986859,-5.244283681445651
7217,do,0.05,0.0,11,1.1379884731769563,-4.832112339771155,-4.077342931429545
7218,pp,0.05,0.0,22,2.1440477764606483,-4.777348295847575,-4.141836218039194
7219,do,0.05,0.0,47,2.3708824753761295,-5.430292570229732,-6.600931514634026
7220,pp,0.05,0.0,25,1.6329509198665626,-4.268381584051884,-3.8068890346421136
7221,do,0.05,0.0,13,0.4506985509395607,-5.52550645308061,-4.847718625598484
7222,pp,0.05,0.0,20,1.7215516412258145,-4.806834008476951,-4.135755938953824
7223,do,0.05,0.0,38,2.701781560182572,-6.299362328558257,-6.1434686210420395
7224,pp,0.05,0.0,56,2.8152427673339844,-4.873267442529852,-4.222963081465827
7225,do,0.05,0.0,70,4.769918720722199,-7.609195937532367,-7.247572371694777
7226,pp,0.05,0.0,70,5.003748279809953,-6.384631860617436,-5.556109695964389
7227,do,0.05,0.0,70,3.612967469692231,-8.133380329247677,-7.9573810736338295
7228,pp,0.05,0.0,16,1.7454201781749727,-5.093696561004176,-4.303119781282213
7229,do,0.05,0.0,26,2.5913830924034116,-4.922456448005907,-5.309637660450406
7230,pp,0.05,0.0,70,3.296915990114213,-5.940964330326427,-5.55588715341356
7231,do,0.05,0.0,15,0.6057232069969176,-6.066431841705785,-5.869612879223293
7232,pp,0.05,0.0,70,1.203164676427841,-7.776183729460745,-8.258460773362053
7233,do,0.05,0.0,70,0.31503167510032704,-8.142527558586814,-7.123289691077338
7234,pp,0.05,0.0,27,2.251617633104324,-4.9907449346600155,-5.180798567665947
7235,do,0.05,0.0,9,0.9539701747894291,-5.41128353061098,-4.6523647652732
7236,pp,0.05,0.0,7,1.8105037283897394,-4.984646983580156,-4.185552880499098
7237,do,0.05,0.0,24,1.0724235248565677,-6.063784758249919,-5.296132320827908
7238,pp,0.05,0.0,28,2.2777069020271306,-5.917267949653394,-5.501412100262112
7239,do,0.05,0.0,45,4.203902086019516,-7.561832175110325,-6.975398280885485
7240,pp,0.05,0.0,23,2.325145686864853,-5.9733232946106884,-4.7303894466824
7241,do,0.05,0.0,22,0.6735966169834136,-6.6424221125516025,-5.779528302616543
7242,pp,0.05,0.0,21,2.2616458916664124,-4.631999384273183,-4.4518071399794685
7243,do,0.05,0.0,10,-0.3461041033267982,-6.369512299335364,-5.274139912923177
7244,pp,0.05,0.0,22,2.4725294625759124,-5.635496817213117,-5.284841707017686
7245,do,0.05,0.0,41,1.0721734142303472,-6.016836855628274,-5.682434786690606
7246,pp,0.05,0.0,70,1.8348374319076548,-7.701584381045717,-7.037445600827535
7247,do,0.05,0.0,20,1.3184341371059416,-5.1104066588661885,-5.317856807178921
7248,pp,0.05,0.0,19,1.7873742103576662,-4.540336710033995,-4.2184506018956505
7249,do,0.05,0.0,17,0.4543452203273768,-5.499714156353113,-5.049211790826585
7250,pp,0.05,0.0,70,2.155305992364884,-6.546312309033943,-5.670903139644199
7251,do,0.05,0.0,52,4.06874271273613,-6.014458685210257,-6.046924212243822
7252,pp,0.05,0.0,25,3.4643661999702458,-4.8802422566847365,-4.199576240115696
7253,do,0.05,0.0,70,2.052735103368759,-7.504496841719656,-7.079202715555827
7254,pp,0.05,0.0,20,2.1158844673633572,-5.830990740747163,-5.158656909730699
7255,do,0.05,0.0,23,1.3360169744491577,-5.528753724242701,-5.177429434988234
7256,pp,0.05,0.0,70,2.250067685842515,-7.548108437567047,-6.980313356717428
7257,do,0.05,0.0,22,0.5093243920803072,-6.13971953681021,-5.8116394572787815
7258,pp,0.05,0.0,13,0.6369604742527013,-5.174849459619233,-4.381683399942186
7259,do,0.05,0.0,70,2.467516810894013,-11.156259779496626,-9.220139620039198
7260,pp,0.05,0.0,70,3.789144382476807,-7.816977362199263,-6.563388707902696
7261,do,0.05,0.0,17,1.3242660486698146,-4.160435623111147,-4.245412006643083
7262,pp,0.05,0.0,63,1.5498609316349032,-4.641907959273367,-3.997121055920919
7263,do,0.05,0.0,9,0.4720663857460021,-4.941907388513738,-4.265484783384535
7264,pp,0.05,0.0,25,1.7736008262634275,-6.708925712469853,-5.675549907154507
7265,do,0.05,0.0,61,3.1057553219795224,-6.9149503606738465,-6.325939610269335
7266,pp,0.05,0.0,33,2.6044667840003957,-4.929629302747322,-4.230344503455692
7267,do,0.05,0.0,70,2.2220675969123844,-6.705126227754535,-6.0688400030136105
7268,pp,0.05,0.0,66,1.4357727932929976,-8.414504263617776,-6.463882088661194
7269,do,0.05,0.0,61,2.2659976232051857,-7.375705601952292,-6.575963094499376
7270,pp,0.05,0.0,67,2.56973695397377,-5.0923620643037735,-4.5939522054460316
7271,do,0.05,0.0,24,0.8354026246070863,-7.2590391419150615,-6.852228016323513
7272,pp,0.05,0.0,56,4.03666271328926,-8.703178457780318,-6.752255731158787
7273,do,0.05,0.0,22,3.697983298301696,-6.029923388452241,-4.957970600657993
7274,pp,0.05,0.0,55,3.9180139720439913,-6.656141791199193,-5.7232600238588125
7275,do,0.05,0.0,70,1.7508009028434763,-10.197280589017002,-10.458059565226238
7276,pp,0.05,0.0,70,2.6278556942939764,-5.791301847226692,-6.11169528166453
7277,do,0.05,0.0,70,3.260441731214523,-7.621526923324122,-6.8982266690995955
7278,pp,0.05,0.0,44,5.142229099273682,-6.591636516108657,-5.534684303071764
7279,do,0.05,0.0,59,2.087171123027801,-11.150803804397583,-10.28621546957228
7280,pp,0.05,0.0,43,2.9534569025039668,-7.339126705400871,-6.261248228285048
7281,do,0.05,0.0,44,1.9337133836746219,-7.169199668999874,-6.053851146168179
7282,pp,0.05,0.0,62,3.6126948225498197,-5.905394639390888,-5.116233860121833
7283,do,0.05,0.0,31,2.745176033973694,-5.112152031696204,-4.404809559716119
7284,pp,0.05,0.0,27,2.445960348844528,-4.60161099578395,-3.8933735344145033
7285,do,0.05,0.0,70,2.9929032468795773,-6.775781999934804,-6.183156196276347
7286,pp,0.05,0.0,20,2.100201495885849,-5.225984480886749,-4.432140673531427
7287,do,0.05,0.0,7,1.6580697965621942,-5.221833218950214,-4.479809586207072
7288,pp,0.05,0.0,17,2.4912009680271145,-7.040375070860891,-5.655178133646647
7289,do,0.05,0.0,8,0.5888068246841431,-4.9316378578995215,-4.401999796761407
7290,pp,0.05,0.0,16,2.0790821981430057,-4.601866977865046,-3.8952213207880657
7291,do,0.05,0.0,43,4.149191276431083,-6.649992711616285,-6.008786148495144
7292,pp,0.05,0.0,66,2.954969553947449,-6.695522854544899,-6.264059840308295
7293,do,0.05,0.0,70,2.7842248535156244,-8.071962576201468,-7.024861033757528
7294,pp,0.05,0.0,59,3.9151132321357727,-7.365886110247987,-6.302350656191508
7295,do,0.05,0.0,25,0.9408193135261538,-8.500757465940532,-7.9676390012105305
7296,pp,0.05,0.0,70,0.3836893880367285,-7.358164035912716,-6.369413759973314
7297,do,0.05,0.0,56,2.361479225158691,-9.533279970920447,-8.272527768876817
7298,pp,0.05,0.0,70,3.0317207813262943,-6.064332508318352,-4.969948395093282
7299,do,0.05,0.0,69,3.40156653881073,-8.642084101474646,-8.088447438346016
7300,pp,0.05,0.0,70,3.9081852519512186,-9.225122386758978,-8.285778154267206
7301,do,0.05,0.0,17,0.43453018188476555,-5.871908296238292,-5.365158383051554
7302,pp,0.05,0.0,70,2.208676888942719,-8.553111251195272,-8.161017126507229
7303,do,0.05,0.0,28,-0.2634568786621081,-8.611087622787013,-8.409431091944377
7304,pp,0.05,0.0,15,2.625114455223083,-5.664760543360854,-5.115580821037293
7305,do,0.05,0.0,17,1.7729496395587923,-5.925360694076076,-5.392856417761909
7306,pp,0.05,0.0,4,0.7919571280479438,-4.889260932170983,-4.103144526481628
7307,do,0.05,0.0,70,0.6586167335510247,-8.602915568785233,-8.00511540306939
7308,pp,0.05,0.0,61,1.9654538404941544,-8.42077990734216,-7.26451558801863
7309,do,0.05,0.0,70,1.3382360517978675,-7.334398375135479,-6.364101224475437
7310,pp,0.05,0.0,27,3.1400547266006464,-5.295483128229777,-4.639315183957418
7311,do,0.05,0.0,29,1.594404213428497,-6.223008226625847,-6.082552162806193
7312,pp,0.05,0.0,14,1.1903597319126131,-5.764107256224661,-4.974670945273505
7313,do,0.05,0.0,4,0.6786207318305975,-5.121556053739606,-4.310769640074836
7314,pp,0.05,0.0,6,1.0050808751583098,-4.990949574383822,-4.124780262841119
7315,do,0.05,0.0,68,3.4547349452972416,-7.5862454024228185,-6.594394005669487
7316,pp,0.05,0.0,70,2.6298840081691743,-8.694817584933656,-7.202266852060954
7317,do,0.05,0.0,44,4.049935920238494,-8.028164675741484,-6.928192170461019
7318,pp,0.05,0.0,14,2.113686197996139,-6.066152707013217,-5.349846975008647
7319,do,0.05,0.0,24,0.47474897742271427,-6.428748191486705,-5.774714565277099
7320,pp,0.05,0.0,70,1.169460322856903,-8.67239854408033,-7.330615350935195
7321,do,0.05,0.0,17,1.403491586446762,-5.652520082936142,-5.372705154948765
7322,pp,0.05,0.0,69,4.157001953125,-4.780739220705899,-4.30420179631975
7323,do,0.05,0.0,49,3.581297460794449,-6.894103762597749,-6.4246923075781925
7324,pp,0.05,0.0,63,2.875341947078704,-8.008800562945279,-6.801784676975674
7325,do,0.05,0.0,21,3.492596457004546,-6.097143307599154,-5.694187739160326
7326,pp,0.05,0.0,12,2.4855065858364105,-5.094956324317239,-4.654995898405711
7327,do,0.05,0.0,8,1.0118974685668949,-4.518870542988632,-4.089434332317776
7328,pp,0.05,0.0,13,2.6880802011489875,-4.889428965250651,-4.077963474061754
7329,do,0.05,0.0,30,4.0743382823467265,-8.218795694004406,-7.123014701737298
7330,pp,0.05,0.0,35,3.577071242332458,-6.525487737944632,-5.187873895963033
7331,do,0.05,0.0,24,2.203839873075485,-6.204915392037594,-5.7847655905617605
7332,pp,0.05,0.0,27,2.9961263275146495,-5.289013634306012,-4.696027615335253
7333,do,0.05,0.0,70,1.6914786100387573,-8.32875221714829,-7.786162381701999
7334,pp,0.05,0.0,24,3.245653597116471,-5.971069512222752,-5.05914818710751
7335,do,0.05,0.0,44,5.011629472970963,-5.560183997587724,-5.059188289112515
7336,pp,0.05,0.0,58,4.677411962747574,-7.278895287080244,-5.603065013885498
7337,do,0.05,0.0,69,1.3617752361297608,-6.28160414984732,-6.608665566974216
7338,pp,0.05,0.0,51,3.2051336479187,-6.383895507003322,-5.396431231498719
7339,do,0.05,0.0,20,1.7160514235496525,-5.516010359561805,-5.118816055191887
7340,pp,0.05,0.0,49,2.8413240289688115,-5.032321714632439,-4.437982490327623
7341,do,0.05,0.0,70,3.1793526136875148,-5.5823051221442945,-4.789051246643067
7342,pp,0.05,0.0,70,4.495998345613479,-7.106670375303788,-6.076249379581875
7343,do,0.05,0.0,48,3.388865559101104,-6.708265938903346,-6.327564197116428
7344,pp,0.05,0.0,50,3.5326264023780825,-7.131931398854111,-6.924598381254408
7345,do,0.05,0.0,70,3.053731087446213,-5.799206069021514,-5.507328502337137
7346,pp,0.05,0.0,23,1.3648413467407225,-5.7328214139649365,-4.851431454552545
7347,do,0.05,0.0,24,0.6380878567695616,-6.229571156068282,-6.418958282470703
7348,pp,0.05,0.0,56,1.489815881252289,-5.150624535300515,-4.948618874284956
7349,do,0.05,0.0,70,2.1294801449775687,-7.752195020155473,-7.299671244621277
7350,pp,0.05,0.0,19,1.900103199481964,-5.036223967870076,-4.253614889250861
7351,do,0.05,0.0,37,2.116309252977371,-5.674107833342119,-5.446390623516507
7352,pp,0.05,0.0,70,3.171195037364959,-5.48343903946154,-5.509589346249898
7353,do,0.05,0.0,70,0.9137675702571872,-8.174723406993982,-7.453382240401374
7354,pp,0.05,0.0,70,1.9607151234149933,-8.701829407431863,-7.96158635351393
7355,do,0.05,0.0,70,1.3285030055046079,-7.8269800547397494,-7.367389954460991
7356,pp,0.05,0.0,52,2.9267801368236546,-6.506643711436879,-5.769560747676426
7357,do,0.05,0.0,8,0.979027978181839,-5.23520165645715,-5.467661449644301
7358,pp,0.05,0.0,21,0.8831665003299713,-5.0219376506227436,-4.217874066034953
7359,do,0.05,0.0,70,2.8317417860031124,-13.281913507345951,-12.391000085406834
7360,pp,0.05,0.0,34,1.8000599813461298,-5.557005097649315,-5.020287031597562
7361,do,0.05,0.0,14,1.7949198555946353,-4.913461325385354,-4.278534979290432
7362,pp,0.05,0.0,27,2.4104576778411877,-5.337312604441787,-4.852754142549303
7363,do,0.05,0.0,40,2.584330315589904,-7.756974723122337,-6.997439074516296
7364,pp,0.05,0.0,28,1.4557808172702789,-5.428202672438188,-4.692010654343499
7365,do,0.05,0.0,7,0.48983804821968047,-5.6048367774847785,-5.04466548230913
7366,pp,0.05,0.0,28,2.440131803750991,-4.661903956442169,-3.9619074530071683
7367,do,0.05,0.0,9,1.7547904276847843,-4.699953960649895,-4.8489857832590735
7368,pp,0.05,0.0,53,3.994739600419998,-6.290969750375458,-5.734161535898845
7369,do,0.05,0.0,55,0.5308343958854671,-8.650311280741835,-7.600525283813477
7370,pp,0.05,0.0,15,1.3144748604297636,-4.37985141060569,-3.936290333006117
7371,do,0.05,0.0,21,2.515019488334657,-4.921072139162006,-4.72733641995324
7372,pp,0.05,0.0,33,2.5138726568222047,-6.896377865473429,-5.944193410873413
7373,do,0.05,0.0,67,1.2245121121406548,-6.816537621527007,-6.406639024946425
7374,pp,0.05,0.0,27,1.8225869560241703,-4.211322176095211,-3.788302989800771
7375,do,0.05,0.0,24,0.9093548500537878,-8.178921462550308,-6.63348929087321
7376,pp,0.05,0.0,40,3.368077296018601,-5.027590883139408,-4.676626817385356
7377,do,0.05,0.0,18,3.151635971069335,-6.844570086219094,-7.001178285810682
7378,pp,0.05,0.0,17,2.6668993961811065,-5.070054983370232,-4.193606209754944
7379,do,0.05,0.0,70,4.416043566465378,-10.63451972730232,-8.766626750098334
7380,pp,0.05,0.0,20,2.9091030466556553,-5.283003026788885,-5.0338501903745865
7381,do,0.05,0.0,5,0.9013431549072264,-4.969150271560206,-4.1662383026546905
7382,pp,0.05,0.0,24,2.137631496191024,-5.693696267677076,-5.487002004517449
7383,do,0.05,0.0,15,1.9016277647018436,-5.213587909756285,-5.077145613564385
7384,pp,0.05,0.0,16,1.7469078207015993,-4.6616265181339145,-4.145687336391873
7385,do,0.05,0.0,70,2.568512514829636,-7.5828715281053025,-6.304251040352716
7386,pp,0.05,0.0,39,1.8864288663864128,-6.066630243532585,-5.525420453813341
7387,do,0.05,0.0,22,1.742109409570694,-5.391807440555457,-5.056965647803413
7388,pp,0.05,0.0,15,1.6412939798831934,-4.7049172574823555,-3.9688538855976527
7389,do,0.05,0.0,48,4.8539770364761345,-8.664369901021322,-8.855895296732585
7390,pp,0.05,0.0,57,3.849400461912156,-6.256051944963859,-5.448679341210259
7391,do,0.05,0.0,31,2.071224448680878,-6.099728458577936,-5.779692220687866
7392,pp,0.05,0.0,70,2.690108320713044,-8.014944926175204,-10.003924422793919
7393,do,0.05,0.0,65,0.9509820485115057,-8.06808689290827,-7.4761731147766115
7394,pp,0.05,0.0,55,4.477354638576507,-9.002637386322021,-8.739003740416633
7395,do,0.05,0.0,7,0.947430152893066,-5.337434374202381,-5.4450796312756005
7396,pp,0.05,0.0,9,1.941352351903915,-5.3313423041141395,-4.605203543768988
7397,do,0.05,0.0,70,-0.7129189515113818,-10.839748899864428,-9.44395540025499
7398,pp,0.05,0.0,17,1.4370962452888492,-5.105602599635269,-4.2307641175058155
7399,do,0.05,0.0,70,2.325985932350159,-6.791740673238581,-5.795844361517164
7400,pp,0.05,0.0,61,3.781246728897095,-6.19890695774194,-4.996118399831984
7401,do,0.05,0.0,40,2.6948225378990163,-5.438815900051233,-5.874523382716709
7402,pp,0.05,0.0,59,1.9896795284748086,-5.751024075710412,-5.316051234139336
7403,do,0.05,0.0,16,2.0230720913410183,-5.764523543733539,-5.2146022372775604
7404,pp,0.05,0.0,41,2.9453121042251587,-5.564267171512951,-4.885788151952956
7405,do,0.05,0.0,52,0.5177060508728033,-9.123214237617724,-8.26302434073554
7406,pp,0.05,0.0,13,1.4230467367172244,-4.9987918983806265,-4.137895592053732
7407,do,0.05,0.0,4,-0.19021830201148937,-5.846549139600811,-5.292919900682238
7408,pp,0.05,0.0,27,1.5006505191326145,-4.734877256913618,-4.138560948106978
7409,do,0.05,0.0,8,0.3887254822254187,-6.252023618871515,-6.170924584070842
7410,pp,0.05,0.0,21,2.7584788119792947,-4.6901012073863635,-4.02807865275277
7411,do,0.05,0.0,5,0.2982441806793217,-5.648521982539783,-5.069826523462932
7412,pp,0.05,0.0,51,1.5528603768348699,-7.091379326040094,-6.275467077891032
7413,do,0.05,0.0,67,1.7783256208896638,-8.013756702885484,-7.350478410720825
7414,pp,0.05,0.0,70,5.485479849576951,-8.472839151729238,-7.301638094584147
7415,do,0.05,0.0,27,1.7047851860523222,-5.106436463558313,-4.370900254779392
7416,pp,0.05,0.0,34,1.8919728350639353,-5.374193760842988,-4.557058641645644
7417,do,0.05,0.0,13,0.4410672938823694,-6.478088813839537,-6.495920048819648
7418,pp,0.05,0.0,52,2.0900685214996333,-6.031024506597808,-5.434156762229072
7419,do,0.05,0.0,27,1.5250034463405608,-5.649823545687126,-4.619676923751831
7420,pp,0.05,0.0,23,0.8469019258022303,-5.105572531440041,-4.381954667303297
7421,do,0.05,0.0,70,3.033794716596603,-7.57145359732888,-6.942153469721476
7422,pp,0.05,0.0,18,2.863780382871628,-6.2788011233011884,-5.372994905047946
7423,do,0.05,0.0,70,0.9691553306579586,-8.546446806011778,-8.34690423541599
7424,pp,0.05,0.0,70,1.3013774311542505,-7.7821250742132015,-6.863866308000353
7425,do,0.05,0.0,4,-0.26737239241600097,-6.068110457333652,-4.986119816038344
7426,pp,0.05,0.0,23,1.9777522349357612,-6.708460421995683,-6.140066536267598
7427,do,0.05,0.0,43,3.1450993216037757,-5.901705754886974,-6.074058204227024
7428,pp,0.05,0.0,48,3.2698045456409464,-4.374698978481871,-3.889871663517422
7429,do,0.05,0.0,59,1.6885946822166442,-9.554005098342895,-8.214839548534817
7430,pp,0.05,0.0,70,3.7773809170722963,-8.59764895439148,-6.663142651981778
7431,do,0.05,0.0,11,1.119936134815216,-5.459824046221646,-4.381696918275622
7432,pp,0.05,0.0,68,1.7370546102523807,-8.297513766722245,-7.315047274695503
7433,do,0.05,0.0,51,3.0238573253154764,-6.828127095193574,-6.386808983484904
7434,pp,0.05,0.0,70,3.3648094117641447,-6.037245163773045,-5.169546185599433
7435,do,0.05,0.0,20,2.680979518890381,-5.136507135449034,-4.4030951976776125
7436,pp,0.05,0.0,60,4.434462404251098,-6.233446363969283,-6.053273593054877
7437,do,0.05,0.0,11,1.2835637354850764,-5.796937087087921,-5.25374354256524
7438,pp,0.05,0.0,18,2.5046172904968262,-6.154374676039724,-5.053109068340725
7439,do,0.05,0.0,49,3.311528723239898,-7.001435149799693,-5.9085654497146605
7440,pp,0.05,0.0,32,3.4298749327659612,-5.5615089633248065,-5.4824954218334625
7441,do,0.05,0.0,61,0.4214696955680832,-8.536315724343964,-7.115298811594645
7442,pp,0.05,0.0,11,2.198334816694259,-5.469832602414217,-4.171470703019036
7443,do,0.05,0.0,24,3.475415155887604,-5.388651811715328,-4.975935626029968
7444,pp,0.05,0.0,52,3.8737698113918295,-6.339162502866802,-5.638540448082818
7445,do,0.05,0.0,63,2.699053416252136,-8.641272806398796,-9.082034995820788
7446,pp,0.05,0.0,70,2.989159494638442,-6.3268662250403205,-4.993606098492941
7447,do,0.05,0.0,25,2.27273162484169,-7.715927512717969,-6.77060391638014
7448,pp,0.05,0.0,30,2.3518495368957524,-4.875523786833792,-4.207320499420166
7449,do,0.05,0.0,20,3.1141110396385185,-6.239654997623328,-5.651562892066108
7450,pp,0.05,0.0,16,2.747802114486694,-4.862905620806145,-4.0600470662117
7451,do,0.05,0.0,61,1.9003621852397918,-6.571874380111694,-5.878400005234612
7452,pp,0.05,0.0,22,2.429836735725403,-4.101622390024589,-3.86146160364151
7453,do,0.05,0.0,52,2.646110635995865,-6.9963840325673425,-6.169251222080654
7454,pp,0.05,0.0,57,4.144640381336211,-6.034619376153657,-5.4273483912150065
7455,do,0.05,0.0,9,1.294612734317779,-5.5413769606387975,-4.883235936694675
7456,pp,0.05,0.0,17,2.11270275235176,-5.968328055468473,-4.745373389456007
7457,do,0.05,0.0,70,2.9810769760608675,-6.531365884434093,-5.754475042555067
7458,pp,0.05,0.0,12,1.742341160774231,-4.615142531828447,-3.991417000028822
7459,do,0.05,0.0,21,1.5819845211505879,-7.131144371899691,-6.172440346082052
7460,pp,0.05,0.0,21,1.4488159716129303,-4.480191363710346,-4.347685482766893
7461,do,0.05,0.0,16,2.098754833936691,-5.838081174908262,-4.940972847408719
7462,pp,0.05,0.0,23,3.07611788392067,-5.643411004904545,-4.456977844238281
7463,do,0.05,0.0,62,3.891377478837967,-7.320921003457272,-6.614825638135274
7464,pp,0.05,0.0,59,4.467520438432694,-5.125036577744917,-5.051009223196242
7465,do,0.05,0.0,30,1.7418881547451024,-6.862138808857311,-5.741796909438239
7466,pp,0.05,0.0,28,2.983972976207734,-5.099261317831097,-4.963982379436493
7467,do,0.05,0.0,70,1.5918622112274177,-6.461862396471428,-5.609932096799215
7468,pp,0.05,0.0,67,1.8766598069667824,-6.419333533084754,-6.009728831715054
7469,do,0.05,0.0,70,1.2667636823654167,-8.074817114165334,-7.044615803824531
7470,pp,0.05,0.0,11,1.5107825732231142,-5.796899162639271,-4.777260054482354
7471,do,0.05,0.0,12,1.4462278544902798,-5.8078715208804965,-4.3854552374945746
7472,pp,0.05,0.0,70,1.5221280241012565,-9.122835102948276,-6.746333169937134
7473,do,0.05,0.0,43,2.3286363995075225,-7.450937779744466,-6.26250090069241
7474,pp,0.05,0.0,21,3.326661263704299,-4.650660893411347,-4.009833510716756
7475,do,0.05,0.0,50,1.3026568603515623,-7.908694135781491,-7.572798612382677
7476,pp,0.05,0.0,48,3.1638898754119875,-4.998926236412742,-4.632178084055583
7477,do,0.05,0.0,61,1.2551305532455448,-7.232361461177017,-6.18053711520301
7478,pp,0.05,0.0,69,2.0032496786117555,-7.010714791037819,-6.449245500564575
7479,do,0.05,0.0,21,2.879603782892227,-5.830385968179414,-6.7195530732472735
7480,pp,0.05,0.0,16,2.091933250427246,-4.264953043966583,-4.247766514619191
7481,do,0.05,0.0,24,3.5772165894508365,-7.085782624735977,-6.1679801861445105
7482,pp,0.05,0.0,27,3.44407463312149,-5.894348245678526,-4.836112146907382
7483,do,0.05,0.0,15,2.2100729668140415,-5.65443674289819,-5.3999147441652084
7484,pp,0.05,0.0,22,2.82204579114914,-5.264114116899895,-4.448464906215667
7485,do,0.05,0.0,70,1.9860835576057427,-7.72233659137379,-7.251482105255127
7486,pp,0.05,0.0,24,3.020048027038575,-6.487881830966834,-4.949619293212891
7487,do,0.05,0.0,47,2.710851465463638,-7.149108639630405,-6.094886083073086
7488,pp,0.05,0.0,21,1.8390571892261507,-4.701784269737475,-4.079444348812103
7489,do,0.05,0.0,68,1.7142437815666192,-9.435275873993382,-8.90412769847446
7490,pp,0.05,0.0,70,1.3990484666824354,-8.336509931448735,-7.281933416260613
7491,do,0.05,0.0,18,1.3967565751075748,-6.99159493301854,-6.496839536560906
7492,pp,0.05,0.0,70,2.603536170721055,-7.811183920773593,-7.414348697662353
7493,do,0.05,0.0,62,3.0342922067642215,-6.817702729774244,-6.239733574125502
7494,pp,0.05,0.0,46,4.529831402301788,-6.1012365529031465,-6.161573044459025
7495,do,0.05,0.0,70,2.848535505533219,-6.637279722907326,-6.32843804359436
7496,pp,0.05,0.0,42,0.8051143407821666,-9.333370676907625,-8.553137323591445
7497,do,0.05,0.0,70,2.9720624721050264,-7.307555246353149,-6.539915823936463
7498,pp,0.05,0.0,37,2.7919589024782185,-5.792460109248306,-5.457527600394355
7499,do,0.05,0.0,64,2.041353222131729,-7.965828437516183,-7.177399590280321
7500,pp,0.05,0.0,54,4.058746896982193,-6.687529244567409,-6.132405601607429
7501,do,0.05,0.0,70,3.187383544445037,-6.8660931471622355,-6.300193328327603
7502,pp,0.05,0.0,70,4.616823585033416,-7.553498656821973,-7.026640809906853
7503,do,0.05,0.0,70,2.245222353935242,-8.531457526756055,-7.133586454391479
7504,pp,0.05,0.0,28,0.845067210197449,-5.613297774574973,-5.47579702006446
7505,do,0.05,0.0,25,1.9518485522270206,-5.867809012441924,-5.999339119593302
7506,pp,0.05,0.0,50,1.733798516988755,-6.503076326485836,-6.124548469649421
7507,do,0.05,0.0,30,1.0278129124641424,-6.209184817111853,-6.184404730796814
7508,pp,0.05,0.0,69,2.9436183583736417,-7.424192941550053,-6.603902856508891
7509,do,0.05,0.0,70,1.597260485887528,-10.340440524708141,-11.27253171602885
7510,pp,0.05,0.0,12,1.6051648759841912,-4.810108611077974,-4.326477344830831
7511,do,0.05,0.0,48,0.6102966916561128,-7.566450949871179,-7.007959598965115
7512,pp,0.05,0.0,56,2.8123565173149103,-4.305242060170029,-3.9409328394465977
7513,do,0.05,0.0,70,2.2975847566127783,-6.998221286137899,-6.9401359849505955
7514,pp,0.05,0.0,21,3.490989333391189,-5.132777670657996,-4.430579188134935
7515,do,0.05,0.0,14,0.13152190804481556,-5.513279303637418,-5.415283542209202
7516,pp,0.05,0.0,49,3.785009137392043,-8.509818341515281,-8.830531904432508
7517,do,0.05,0.0,2,-0.802175723314285,-5.742815917910952,-4.953439919153849
7518,pp,0.05,0.0,70,2.879819486141204,-4.643521453395034,-4.4485704845852325
7519,do,0.05,0.0,70,2.2043231081962595,-6.951100365320841,-6.4898374557495115
7520,pp,0.05,0.0,62,3.1176349353790282,-5.493542857603593,-5.2309874852498375
7521,do,0.05,0.0,70,1.3958627355098727,-7.799962432456739,-6.124687655766805
7522,pp,0.05,0.0,70,4.068393635749818,-8.72021731896834,-7.003597068786621
7523,do,0.05,0.0,45,1.2593524277210228,-6.8198633540760385,-6.7050214290618895
7524,pp,0.05,0.0,70,2.674174731969833,-7.934848064364809,-7.099999176131354
7525,do,0.05,0.0,70,1.8143328213691712,-6.735862736268477,-5.911991466416253
7526,pp,0.05,0.0,70,3.7266629922389987,-7.122105803634181,-6.371788877911038
7527,do,0.05,0.0,26,1.1190546441078189,-5.673090076446533,-4.791301949818929
7528,pp,0.05,0.0,60,4.6454847097396845,-4.822125333728212,-4.588012455569373
7529,do,0.05,0.0,70,0.8754168105125419,-8.758028784665195,-7.574209801355997
7530,pp,0.05,0.0,39,1.7179903900623321,-6.281894689617735,-5.398694268862406
7531,do,0.05,0.0,52,2.671967616081238,-7.96506864229838,-6.964473459455702
7532,pp,0.05,0.0,23,2.723482230901718,-6.1306545402064465,-5.233307933807373
7533,do,0.05,0.0,43,1.9767257523536683,-7.061164249073375,-6.149842503335741
7534,pp,0.05,0.0,21,1.9399826908111573,-5.371344956484708,-5.181711724069383
7535,do,0.05,0.0,26,2.526188000440597,-6.797897213155573,-5.872330032454597
7536,pp,0.05,0.0,70,5.93705460190773,-6.322364523916534,-6.623104598787096
7537,do,0.05,0.0,31,2.951981920003891,-6.272909391287602,-5.863212802675036
7538,pp,0.05,0.0,39,3.2634445154666905,-5.3493517832322555,-4.464685593711005
7539,do,0.05,0.0,22,3.132590440511703,-5.484615513772676,-5.496716647677951
7540,pp,0.05,0.0,40,2.543933047056197,-5.0979666016318586,-4.844358860121833
7541,do,0.05,0.0,68,1.3289979255199427,-7.2512427084373705,-6.392581695980496
7542,pp,0.05,0.0,9,1.5287590038776395,-4.663608828457919,-3.849350702762604
7543,do,0.05,0.0,6,-0.04035558938980088,-5.819281416228323,-5.049528974956936
7544,pp,0.05,0.0,9,1.2651088678836828,-5.350936048681086,-4.333147202597724
7545,do,0.05,0.0,13,1.8395095157623294,-5.444067910223296,-4.831356914838155
7546,pp,0.05,0.0,17,1.8593340229988096,-4.67229717428034,-3.9333497338824803
7547,do,0.05,0.0,26,2.4846660923957815,-5.735713770895293,-4.825687925020854
7548,pp,0.05,0.0,57,2.9875397539138797,-6.423169565200806,-5.618321291605631
7549,do,0.05,0.0,43,1.6064528274536132,-6.1039584708936285,-5.177228856086731
7550,pp,0.05,0.0,70,2.788717378377915,-7.7323613311305195,-6.386265688472324
7551,do,0.05,0.0,36,2.8500559473037717,-6.080422836361509,-5.712819200091892
7552,pp,0.05,0.0,16,2.0643415760993955,-6.195624115972808,-5.217467910713619
7553,do,0.05,0.0,70,2.3169960927963267,-13.266775381203853,-12.477867772844103
7554,pp,0.05,0.0,19,2.198660321235657,-4.856190052899447,-4.011979134877523
7555,do,0.05,0.0,33,1.0623671424388883,-6.241837864211111,-5.673279722531636
7556,pp,0.05,0.0,28,2.458158447742462,-7.006410801049435,-6.741254088613722
7557,do,0.05,0.0,12,0.6248872518539432,-5.495758997310292,-4.507622795634799
7558,pp,0.05,0.0,70,2.5835502076149,-9.474541482058438,-8.755067925983004
7559,do,0.05,0.0,11,0.3584668409824374,-5.591016003579805,-4.789568638801574
7560,pp,0.05,0.0,41,5.01248462677002,-6.207778083916867,-5.143857436709934
7561,do,0.05,0.0,70,3.210301895141603,-8.280133832584728,-8.565137751897176
7562,pp,0.05,0.0,60,2.0601626765727987,-5.901415574911869,-5.437625135315789
7563,do,0.05,0.0,70,2.0077988231182102,-8.861779149373373,-7.933488133218553
7564,pp,0.05,0.0,58,3.8069057345390327,-8.342107449155865,-8.075535292095608
7565,do,0.05,0.0,70,0.8841687846183781,-8.419596349831783,-8.905926460689969
7566,pp,0.05,0.0,17,2.6130743718147276,-5.2438912680654814,-4.918614843156603
7567,do,0.05,0.0,70,1.2583597695827482,-7.629633582722057,-7.724976025687324
7568,pp,0.05,0.0,33,1.5699095320701604,-5.7837008548505375,-5.404993828137716
7569,do,0.05,0.0,30,3.120781387090683,-5.915179678888032,-6.09170847468906
7570,pp,0.05,0.0,70,3.223035105466842,-6.72961296601729,-5.93982375992669
7571,do,0.05,0.0,16,0.7020915842056272,-6.359558878522931,-5.236109315024482
7572,pp,0.05,0.0,43,3.2001436758041386,-6.805174837690411,-6.4058608134587605
7573,do,0.05,0.0,44,2.281988588571548,-6.374243347572558,-7.79228335486518
7574,pp,0.05,0.0,15,2.3121800494194034,-5.881162072672988,-5.212290742662218
7575,do,0.05,0.0,70,1.547477126121521,-7.625204037175034,-9.376025342941285
7576,pp,0.05,0.0,28,1.7305960810184482,-5.077454660878037,-4.691436203320821
7577,do,0.05,0.0,27,2.207473288774491,-6.369070681658658,-5.191654706001282
7578,pp,0.05,0.0,35,3.051493037939072,-6.552879239573623,-5.617904782295227
7579,do,0.05,0.0,70,2.728703558444977,-8.390719532244134,-7.667390261756049
7580,pp,0.05,0.0,12,1.6556076991558069,-5.757530898758859,-4.381352251105838
7581,do,0.05,0.0,18,0.7554884064197545,-5.602255955609408,-4.921687474515703
7582,pp,0.05,0.0,60,2.2331568968296054,-8.008693674838904,-7.161014697286817
7583,do,0.05,0.0,19,2.1306289458274845,-5.535744115078088,-4.984860078493754
7584,pp,0.05,0.0,70,4.933425022363662,-6.759187227306944,-7.787516323725383
7585,do,0.05,0.0,24,1.6682823610305784,-5.246564668597597,-6.590757626957363
7586,pp,0.05,0.0,70,2.789103509187698,-6.6322033188559795,-5.545610744423336
7587,do,0.05,0.0,28,1.6249066174030302,-5.9244882771463105,-5.981354075007968
7588,pp,0.05,0.0,70,3.95931312918663,-5.969972912470499,-6.621683118078444
7589,do,0.05,0.0,9,-0.1726808941364295,-6.345980044567224,-6.003843273056878
7590,pp,0.05,0.0,14,1.1775066590309144,-5.529745691472834,-5.382851717207167
7591,do,0.05,0.0,38,2.6378392887115485,-7.854460276979388,-6.065699209107293
7592,pp,0.05,0.0,70,2.0368010413646704,-7.174828117544001,-6.577709489398533
7593,do,0.05,0.0,70,0.6869480907917023,-8.710946610479644,-9.44877508216434
7594,pp,0.05,0.0,46,2.4634219229221337,-5.968883104035348,-5.549588224622938
7595,do,0.05,0.0,64,1.4508810532093062,-9.31173031835845,-9.221769264009264
7596,pp,0.05,0.0,52,1.4781827068328859,-6.827538113160567,-6.911945242351956
7597,do,0.05,0.0,42,2.8686818432807915,-7.602625566540342,-7.168309399816725
7598,pp,0.05,0.0,20,2.1301214265823365,-4.471068427056977,-3.8689989765485127
7599,do,0.05,0.0,42,1.6959335923194887,-6.818506131027684,-7.1006285111109415
7600,pp,0.05,0.0,64,2.9821137523651124,-5.48948711048473,-5.279808926582336
7601,do,0.05,0.0,70,2.7266734850406635,-7.285047299934156,-7.116686397128635
7602,pp,0.05,0.0,20,1.2044799542427063,-5.493670041633375,-4.5996827575895525
7603,do,0.05,0.0,12,1.0264463126659393,-6.266849032315341,-5.2586029264662
7604,pp,0.05,0.0,26,2.871330112218857,-5.128927846388383,-4.758106691307492
7605,do,0.05,0.0,21,1.4117644250392916,-5.043073213461674,-4.956023401684231
7606,pp,0.05,0.0,70,1.3623222398757937,-7.545139422561183,-6.3076659679412845
7607,do,0.05,0.0,70,1.5178672695159907,-9.393602043209654,-8.91807025273641
7608,pp,0.05,0.0,24,2.1897072410583496,-4.777355497533625,-4.235087912612491
7609,do,0.05,0.0,13,1.0816022348403926,-5.466896418369178,-5.298910689353943
7610,pp,0.05,0.0,33,3.484800828695297,-5.946592965270534,-5.6739367008209225
7611,do,0.05,0.0,13,1.424635561704636,-4.888244919343428,-4.83795116212633
7612,pp,0.05,0.0,29,2.70316688656807,-6.457069633946274,-6.8477036820517645
7613,do,0.05,0.0,19,1.3857279825210576,-6.032685034202807,-6.037241270807054
7614,pp,0.05,0.0,26,2.4081767141818995,-5.341572703737201,-4.5508392108811275
7615,do,0.05,0.0,70,0.2966453409194951,-10.58148857607986,-9.75520633591546
7616,pp,0.05,0.0,36,2.8128518724441527,-4.602740357861374,-4.17865284813775
7617,do,0.05,0.0,70,1.2321800947189345,-12.054419633113977,-11.2095402346717
7618,pp,0.05,0.0,20,2.8257436287403115,-5.736039303288315,-4.395583102438185
7619,do,0.05,0.0,17,2.7848789155483242,-4.81053701025067,-4.481066689226362
7620,pp,0.05,0.0,63,3.6512981462478633,-5.359769536509658,-5.3519283003277245
7621,do,0.05,0.0,27,1.0628001391887665,-6.97291964039658,-5.8402589956919355
7622,pp,0.05,0.0,33,2.608353847265244,-6.300598283247514,-4.99524982770284
7623,do,0.05,0.0,22,2.4535324132442478,-6.32824125289917,-5.960095821486579
7624,pp,0.05,0.0,61,3.126118441820144,-5.1738742611624975,-4.484557127952575
7625,do,0.05,0.0,15,1.4870738279819493,-6.199498468456846,-5.785831459363302
7626,pp,0.05,0.0,15,1.9368679070472714,-4.490992772940434,-3.8792893754111395
7627,do,0.05,0.0,70,2.728387701511383,-7.4080121863972055,-6.513910452524821
7628,pp,0.05,0.0,70,2.5013565504550934,-5.2775969693155,-4.704575439294179
7629,do,0.05,0.0,38,3.0225118362903602,-6.606470696131388,-6.130498258272807
7630,pp,0.05,0.0,49,1.6640674185752875,-9.010547428420097,-7.43647165828281
7631,do,0.05,0.0,70,2.536692856550217,-6.657400623957316,-5.433775194485983
7632,pp,0.05,0.0,37,2.647396333217621,-4.161725221980702,-3.7633818348248798
7633,do,0.05,0.0,69,2.6204081034660334,-8.08347681652416,-7.662568834092882
7634,pp,0.05,0.0,53,3.6803317844867713,-6.823017198389227,-5.985148509343465
7635,do,0.05,0.0,29,1.9822309327125556,-6.840269975951224,-5.515291163656447
7636,pp,0.05,0.0,64,3.335682476758957,-8.146709793264217,-6.920842756165398
7637,do,0.05,0.0,46,1.8697045409679411,-6.629993810075702,-5.9731645928488835
7638,pp,0.05,0.0,52,1.9689687371253974,-8.504046427119862,-6.610100558069017
7639,do,0.05,0.0,43,0.549600657224655,-6.117457236665668,-5.614818811416626
7640,pp,0.05,0.0,54,3.522583137750626,-5.730893052708019,-5.121585477723015
7641,do,0.05,0.0,40,3.5041052150726317,-7.332855707226377,-6.037516456180149
7642,pp,0.05,0.0,62,3.356939944028854,-6.670295867052945,-5.8917243878046675
7643,do,0.05,0.0,47,1.0786811316013338,-6.521972747282549,-6.008857279353672
7644,pp,0.05,0.0,50,3.0024854612350467,-6.038841306801999,-5.094527814123365
7645,do,0.05,0.0,70,1.4344440376758572,-8.168945143439553,-7.8831756618287825
7646,pp,0.05,0.0,16,2.556192959547043,-6.186503898736202,-5.725597095489502
7647,do,0.05,0.0,70,2.4737850201129916,-9.70747838598309,-8.364925532870823
7648,pp,0.05,0.0,54,3.9128478002548217,-7.050155047214393,-7.132799198892381
7649,do,0.05,0.0,70,0.9504867684841152,-7.619788773854574,-6.87769758966234
7650,pp,0.05,0.0,12,1.7894772350788122,-5.053080670038859,-4.440893716282314
7651,do,0.05,0.0,60,2.8916181421279905,-7.337480651971066,-6.9736885812547476
7652,pp,0.05,0.0,35,2.725568045377732,-5.99683000535676,-5.522616238064236
7653,do,0.05,0.0,62,3.2521367001533523,-8.416534527865323,-7.534613614612155
7654,pp,0.05,0.0,70,2.40120424747467,-8.875030211246376,-7.626169877582126
7655,do,0.05,0.0,70,2.4877921891212473,-11.758501480564927,-10.51813030772739
7656,pp,0.05,0.0,70,1.8618010091781612,-7.078444714979692,-6.708678672048781
7657,do,0.05,0.0,70,2.0402506470680244,-8.667639728025957,-8.235021448135376
7658,pp,0.05,0.0,70,4.692987920045853,-6.47356912873008,-6.041596870952183
7659,do,0.05,0.0,68,1.719987547397614,-7.217031350280299,-6.4584664583206175
7660,pp,0.05,0.0,69,1.0901697206497198,-7.214661183501735,-6.390826863712735
7661,do,0.05,0.0,70,3.044530081748963,-10.367854499816895,-9.84284978442722
7662,pp,0.05,0.0,70,2.343355293273926,-6.20016450881958,-5.183433302243551
7663,do,0.05,0.0,42,2.1706629729270928,-5.559409534569943,-6.113942313194275
7664,pp,0.05,0.0,38,1.8538694691658018,-5.622414643836744,-4.838125446107653
7665,do,0.05,0.0,63,3.0364458215236674,-4.965449151125822,-4.783680868148804
7666,pp,0.05,0.0,48,2.604398690462112,-4.753832952903979,-4.076866757869721
7667,do,0.05,0.0,57,2.8449977529048915,-7.167876379417651,-6.647663164138794
7668,pp,0.05,0.0,16,1.9414719676971428,-5.5471941601146355,-4.969384916623434
7669,do,0.05,0.0,70,3.567520127296448,-7.752158332593513,-5.736010260052151
7670,pp,0.05,0.0,63,3.8205195140838626,-5.407448431939789,-5.656610361735026
7671,do,0.05,0.0,58,3.7674992728233336,-7.169808727322203,-6.209815732638041
7672,pp,0.05,0.0,62,2.3227988898754113,-8.268050315163352,-6.991757061746386
7673,do,0.05,0.0,54,3.2035685682296755,-5.303673865578391,-5.282404274410672
7674,pp,0.05,0.0,34,3.4344126999378206,-4.228078191208117,-3.7998449842135114
7675,do,0.05,0.0,55,2.138503974676132,-5.671065827571985,-5.301002025604248
7676,pp,0.05,0.0,60,1.9150433242321023,-5.764252473368789,-5.483375006251865
7677,do,0.05,0.0,70,4.514961980581283,-9.410236604285963,-9.33576799498664
7678,pp,0.05,0.0,70,2.682280511856079,-6.542538705016628,-6.759835346539815
7679,do,0.05,0.0,56,1.0163687026500696,-8.663298658891158,-7.819520240359836
7680,pp,0.05,0.0,8,0.7954068624973303,-5.958931609356042,-5.419824136628045
7681,do,0.05,0.0,17,1.3961302542686465,-5.1350353053121855,-4.865485588709514
7682,pp,0.05,0.0,37,3.2087846302986147,-5.089700289928552,-6.156206454171075
7683,do,0.05,0.0,9,1.7785795450210573,-5.228486222931833,-4.700068055258857
7684,pp,0.05,0.0,49,2.7557180523872375,-6.188139937140725,-5.754271740383572
7685,do,0.05,0.0,62,2.2625244331359866,-8.799778163794315,-8.57725018925137
7686,pp,0.05,0.0,70,3.3084271407127375,-7.415954706885598,-6.307941468556722
7687,do,0.05,0.0,32,2.6243388676643375,-5.804103579665675,-5.587676601939731
7688,pp,0.05,0.0,70,2.038656761646271,-5.899572576176037,-4.9232914845148725
7689,do,0.05,0.0,30,2.9532259428501133,-6.732000969395493,-6.588406493928697
7690,pp,0.05,0.0,66,4.483966710567475,-5.907082735408436,-5.521615555551317
7691,do,0.05,0.0,59,2.5234443688392627,-7.796499567320852,-7.108568700154622
7692,pp,0.05,0.0,61,3.0817906391620635,-5.525086142800071,-5.284108743402693
7693,do,0.05,0.0,59,3.2071060800552367,-7.175916694872307,-7.033461968104045
7694,pp,0.05,0.0,61,3.8669217753410354,-7.885160733714248,-6.788280987739563
7695,do,0.05,0.0,70,2.6467850542068483,-11.091815960046016,-7.425570736991035
7696,pp,0.05,0.0,60,4.526382640600204,-5.637637696121678,-4.927182186974419
7697,do,0.05,0.0,15,2.7006104624271394,-5.582240516489202,-5.404823896620009
7698,pp,0.05,0.0,70,3.2016475546360015,-6.734377070629235,-6.44246224032508
7699,do,0.05,0.0,11,-0.09781961798667904,-6.885286836913138,-6.127418971061706
7700,pp,0.05,0.0,48,2.8601580500602717,-5.0062941681255,-4.685855584674411
7701,do,0.05,0.0,45,1.6548052024841304,-6.076635730627811,-5.730167412757874
7702,pp,0.05,0.0,70,5.167535750865937,-5.473212175658255,-4.870310523774889
7703,do,0.05,0.0,18,2.126253399848938,-5.358001800016924,-5.315782290034824
7704,pp,0.05,0.0,70,3.4294848442077637,-10.035088151873964,-9.528536128997803
7705,do,0.05,0.0,32,1.0485497653484348,-5.773828302730213,-5.381371643808153
7706,pp,0.05,0.0,46,1.6257205593585962,-5.954351354367805,-5.303410092989604
7707,do,0.05,0.0,16,1.8676803839206695,-5.717329513665401,-5.539545835389031
7708,pp,0.05,0.0,21,2.9406738138198856,-4.929754290436254,-4.771941322750515
7709,do,0.05,0.0,20,3.2581635487079614,-5.110023770187841,-4.59028840329912
7710,pp,0.05,0.0,32,5.111331256628038,-7.0988449053330855,-6.1403943167792425
7711,do,0.05,0.0,49,2.419782819747925,-6.975545819600423,-6.5446307023366295
7712,pp,0.05,0.0,21,4.025688915252686,-6.402704692609382,-4.932941627502442
7713,do,0.05,0.0,62,2.6719195866584773,-8.81948158379757,-7.467973679966397
7714,pp,0.05,0.0,5,1.0764208042621615,-4.742790818936897,-4.236925636397467
7715,do,0.05,0.0,30,2.212411226034164,-5.372749705748125,-5.147585569487678
7716,pp,0.05,0.0,32,2.095605688095093,-4.73594017606793,-4.600138754314846
7717,do,0.05,0.0,19,0.9342576575279233,-5.535167965744481,-4.92552404138777
7718,pp,0.05,0.0,64,1.593798205852508,-6.445166949069861,-5.9777491092681885
7719,do,0.05,0.0,12,1.5309645354747765,-4.458022488969745,-4.788752325375875
7720,pp,0.05,0.0,47,1.876019500494003,-5.742788183327877,-5.003792368041145
7721,do,0.05,0.0,12,2.4247037053108205,-4.990510679013801,-4.58770034843021
7722,pp,0.05,0.0,70,3.240424437522888,-7.216424616900357,-7.501469609472487
7723,do,0.05,0.0,70,1.9347673118114468,-7.01397177811825,-6.668962452146742
7724,pp,0.05,0.0,12,1.042778507471085,-5.238196758790449,-4.80811628235711
7725,do,0.05,0.0,10,1.7606507420539863,-5.528460732373325,-4.772873939408196
7726,pp,0.05,0.0,39,2.234242575168609,-5.933691679347645,-5.600039744377137
7727,do,0.05,0.0,6,1.0042462909221648,-5.044038061662154,-4.610168928570218
7728,pp,0.05,0.0,29,2.352976120710373,-4.992811295480439,-4.389818296167586
7729,do,0.05,0.0,56,1.13090482711792,-7.011956571810173,-6.3468626737594604
7730,pp,0.05,0.0,70,1.6527068364620208,-5.8320178205316715,-5.49551633199056
7731,do,0.05,0.0,33,2.2803248322010043,-5.608909634387854,-5.314030578401353
7732,pp,0.05,0.0,70,2.3101098990440363,-8.658634899601791,-7.836121119393242
7733,do,0.05,0.0,9,0.5375718247890475,-5.401262559312762,-4.759274994002448
7734,pp,0.05,0.0,33,1.9511756134033202,-8.10526691639062,-8.473503398895264
7735,do,0.05,0.0,70,1.1903662526607501,-9.499677296840783,-7.765428982840644
7736,pp,0.05,0.0,36,2.2564597225189207,-5.809397385337136,-6.0104528162214494
7737,do,0.05,0.0,20,0.9925263583660122,-6.4137958237619115,-6.946812065442403
7738,pp,0.05,0.0,23,1.3249730551242829,-5.610201597213745,-4.580786604351467
7739,do,0.05,0.0,29,2.560148589611053,-5.019487328962846,-4.368064257833693
7740,pp,0.05,0.0,12,1.509016513824463,-4.990170312650276,-4.24000051021576
7741,do,0.05,0.0,11,1.4606224441528317,-5.730425412727125,-5.134670390023126
7742,pp,0.05,0.0,15,1.7989294338226314,-5.078522576707782,-4.2353882948557535
7743,do,0.05,0.0,4,0.6937195444107056,-5.4607719074596055,-4.734409891234504
7744,pp,0.05,0.0,27,2.5938175129890446,-6.283584299954501,-5.175741741392348
7745,do,0.05,0.0,31,2.8167186236381534,-6.192758330431851,-6.479218207465278
7746,pp,0.05,0.0,39,2.4081359958648685,-6.163961852680553,-6.018369891908434
7747,do,0.05,0.0,9,0.38992374897003135,-4.729095402630892,-4.78667742146386
7748,pp,0.05,0.0,70,0.2662051689624789,-6.528568780783451,-6.031738358073764
7749,do,0.05,0.0,54,2.2011119449138636,-8.94063836444508,-7.764159848954942
7750,pp,0.05,0.0,28,1.9583474111557004,-4.727766733458548,-4.144863817426893
7751,do,0.05,0.0,18,1.8764306116104121,-5.330721522822524,-4.78194068007999
7752,pp,0.05,0.0,35,1.3571370983123776,-6.507087011048288,-5.2416179551018605
7753,do,0.05,0.0,31,3.0294047737121588,-8.09345492738666,-6.177684421009488
7754,pp,0.05,0.0,67,2.879693992137909,-9.300504472038963,-8.408273265096877
7755,do,0.05,0.0,13,1.3125740563869472,-4.821876242666534,-4.655439832475451
7756,pp,0.05,0.0,26,1.4193773806095127,-5.069077072721539,-4.3352408832973905
7757,do,0.05,0.0,38,4.117380738258362,-6.264371384996356,-5.008257921536764
7758,pp,0.05,0.0,67,2.688995897769928,-8.072117003527554,-6.799066472053528
7759,do,0.05,0.0,19,1.216761645078659,-5.733040311119773,-6.45103562672933
7760,pp,0.05,0.0,46,1.235011596679687,-8.017843388066147,-6.750038811895583
7761,do,0.05,0.0,25,2.554092907905578,-5.586728643648552,-4.57699154747857
7762,pp,0.05,0.0,47,3.310030082464218,-8.245415821942416,-6.73665808836619
7763,do,0.05,0.0,58,2.6806236147880558,-7.749775575869011,-6.4577175299326575
7764,pp,0.05,0.0,56,2.2966352915763846,-7.891843015497381,-7.622725486755371
7765,do,0.05,0.0,70,2.5441544473171227,-7.3405499284917655,-7.0299510373009575
7766,pp,0.05,0.0,70,3.160123800039292,-7.267747306823731,-7.024177726109823
7767,do,0.05,0.0,14,1.7069179022312166,-4.99182403159864,-4.4088420179155134
7768,pp,0.05,0.0,31,3.103719955682754,-4.631563614353989,-4.412956719928317
7769,do,0.05,0.0,22,0.9636785113811488,-5.9356173211878,-6.080120351579454
7770,pp,0.05,0.0,20,0.5996030807495121,-5.0560503439469775,-4.193063386281332
7771,do,0.05,0.0,17,1.2664258134365083,-4.624391535556677,-4.473133518960741
7772,pp,0.05,0.0,13,0.09558995485305744,-5.254306559129195,-4.615692072444492
7773,do,0.05,0.0,17,1.5414337241649623,-5.545156702850804,-4.91069467332628
7774,pp,0.05,0.0,48,0.24921378374099667,-8.219808120438547,-6.894262043635051
7775,do,0.05,0.0,44,2.065098229646682,-6.82349632581075,-7.042587312062581
7776,pp,0.05,0.0,31,1.4342394721508027,-5.300463868632461,-4.684821997748481
7777,do,0.05,0.0,27,1.383341908454895,-5.22940148006786,-4.99924050701989
7778,pp,0.05,0.0,17,1.6109250891208644,-4.962652876882842,-4.303954209221734
7779,do,0.05,0.0,13,1.2908701384067536,-4.8845108090025,-4.737031234635247
7780,pp,0.05,0.0,14,1.0268942749500276,-5.365096070549705,-4.546322878201803
7781,do,0.05,0.0,21,1.8846953606605537,-6.071640890294855,-5.444841933250427
7782,pp,0.05,0.0,15,0.8751714742183685,-5.288806025187174,-4.554724666807386
7783,do,0.05,0.0,45,0.8853277540206914,-7.385934204043764,-7.0619407388899065
7784,pp,0.05,0.0,10,0.5379140174388883,-5.210520338289665,-4.545535588264466
7785,do,0.05,0.0,8,0.6367273187637332,-4.732190763589108,-4.3629920959472654
7786,pp,0.05,0.0,45,2.2722962653636927,-5.833418610601714,-5.132335323757595
7787,do,0.05,0.0,9,1.2372475349903107,-4.6565647977771185,-4.021550965309143
7788,pp,0.05,0.0,21,1.891959336996079,-5.914649477871982,-4.952511302630106
7789,do,0.05,0.0,16,2.283497573137283,-4.941364614891284,-4.550296703974406
7790,pp,0.05,0.0,45,2.2011242341995247,-6.570940961259784,-5.655084541108873
7791,do,0.05,0.0,15,1.4786141145229337,-4.535807488181375,-4.852780360645718
7792,pp,0.05,0.0,25,2.6379118180274963,-4.860467983014656,-4.426800147692362
7793,do,0.05,0.0,10,1.4453834021091456,-4.393583358417858,-4.091650479369694
7794,pp,0.05,0.0,16,1.453749474287033,-5.362086382779208,-4.493077717887031
7795,do,0.05,0.0,18,1.5078799951076505,-8.109823919065072,-7.211284891764323
7796,pp,0.05,0.0,32,2.9828273391723634,-6.474264024965691,-5.088018496831258
7797,do,0.05,0.0,24,1.8887770032882694,-6.639296725302032,-6.683955555491977
7798,pp,0.05,0.0,19,2.08562747836113,-5.082858211343939,-4.553496670722962
7799,do,0.05,0.0,9,0.9216859030723565,-4.815565158381607,-4.170651123258803
7800,pp,0.05,0.0,11,1.3037012565135955,-5.015128881281073,-4.4439494080013695
7801,do,0.05,0.0,16,1.3500588130950932,-5.137059746366559,-4.8595599704318575
7802,pp,0.05,0.0,18,1.770418423414231,-5.248859701734601,-4.366365596983168
7803,do,0.05,0.0,15,2.791927608251572,-7.103970059481534,-6.647231144375271
7804,pp,0.05,0.0,11,1.0969588279724123,-5.264676397497004,-4.316553307904138
7805,do,0.05,0.0,26,2.998000198602676,-5.027906119462216,-4.542889604303572
7806,pp,0.05,0.0,9,0.9672989356517787,-4.997650465820775,-4.356558489799499
7807,do,0.05,0.0,17,2.3052165913581844,-4.905984291885838,-4.3503564106093515
7808,pp,0.05,0.0,19,1.8103159773349766,-4.835076635534113,-4.258006493250529
7809,do,0.05,0.0,15,1.6340993535518642,-5.072031356349136,-4.578112811512417
7810,pp,0.05,0.0,7,1.1104664194583886,-4.598085588397402,-4.121626749303606
7811,do,0.05,0.0,64,2.0648896086215975,-5.8727584463177305,-5.288853457238939
7812,pp,0.05,0.0,22,1.6075895476341246,-5.331110565590136,-4.485132932662964
7813,do,0.05,0.0,5,0.006857448816299794,-4.800115793401544,-4.184761010275947
7814,pp,0.05,0.0,11,0.9158717548847202,-5.1799871430252535,-4.439088005489773
7815,do,0.05,0.0,30,0.907800251245499,-8.227362508484811,-6.253352734777662
7816,pp,0.05,0.0,16,1.1626777172088625,-5.87611059998021,-5.101338911056518
7817,do,0.05,0.0,10,0.4887562751770025,-5.175320278514516,-4.405735188060337
7818,pp,0.05,0.0,10,0.5547188258171074,-5.082114576570915,-4.449607576264276
7819,do,0.05,0.0,15,1.106324005126953,-5.3895282629764445,-4.573820469114516
7820,pp,0.05,0.0,18,1.325672401189804,-5.28551768100623,-4.297896626260545
7821,do,0.05,0.0,70,0.05874267578125014,-7.781597013184519,-6.705087100134955
7822,pp,0.05,0.0,10,1.099005459547043,-5.1525310704202365,-4.325797242588467
7823,do,0.05,0.0,13,0.3077821016311644,-5.00001920931267,-4.580193858676487
7824,pp,0.05,0.0,8,0.4220182418823235,-4.8338638377912115,-4.07374385992686
7825,do,0.05,0.0,26,2.0064973258972163,-5.1643969579176465,-5.172287064128452
7826,pp,0.05,0.0,34,2.323144806623459,-6.18797741947752,-5.687778621249729
7827,do,0.05,0.0,16,2.32122770190239,-5.178974225304343,-4.890146268738641
7828,pp,0.05,0.0,56,2.353346691131593,-9.228794772697217,-7.6912937614652845
7829,do,0.05,0.0,70,2.3188231337070455,-10.173688916004066,-9.41407757865058
7830,pp,0.05,0.0,33,2.3864276671409614,-6.285098458781387,-5.366336096657647
7831,do,0.05,0.0,12,1.1570523095130918,-5.416740379911481,-5.635124444961548
7832,pp,0.05,0.0,12,1.154499512910843,-4.932666845032663,-4.272824287414551
7833,do,0.05,0.0,70,2.9330204629898065,-6.856196474306511,-6.667239981227451
7834,pp,0.05,0.0,34,2.397454377412796,-5.461907220609261,-4.90274067984687
7835,do,0.05,0.0,12,1.1893823385238642,-4.7090850541085905,-4.116354317135281
7836,pp,0.05,0.0,10,1.1353742134571077,-4.816900889801256,-4.149631967809465
7837,do,0.05,0.0,70,3.162385323047637,-8.53025887373722,-7.243331495920817
7838,pp,0.05,0.0,11,1.286441445350647,-4.349923197428385,-3.6870316598150463
7839,do,0.05,0.0,68,2.281946264505385,-7.050938534014152,-6.680589792463515
7840,pp,0.05,0.0,13,1.5283426773548126,-4.991184481707486,-4.3818086862564085
7841,do,0.05,0.0,70,0.258632047176361,-7.520409498792706,-7.524757925669352
7842,pp,0.05,0.0,58,2.923002709150315,-6.772032299908725,-5.533729418118795
7843,do,0.05,0.0,27,1.5348912656307219,-6.206714969692809,-7.205174120267232
7844,pp,0.05,0.0,39,2.5897445189952855,-7.222400988954487,-6.0146029525332985
7845,do,0.05,0.0,70,1.857054176330566,-8.03383038116224,-8.085492075814141
7846,pp,0.05,0.0,58,2.2678453743457787,-5.797995356357458,-5.432330785857307
7847,do,0.05,0.0,70,1.4169609618186954,-6.993021907228412,-7.214131392372979
7848,pp,0.05,0.0,35,1.7856574249267574,-5.486368107073234,-4.78383469581604
7849,do,0.05,0.0,70,3.1024425077438345,-9.112123908418598,-10.755817969640097
7850,pp,0.05,0.0,50,3.131967257261276,-5.342902728283044,-4.424333932664659
7851,do,0.05,0.0,68,1.9692094278335581,-6.137754631042481,-6.07642855114407
7852,pp,0.05,0.0,50,0.47677352190017697,-6.5450043013601595,-5.387055844730801
7853,do,0.05,0.0,70,2.5293171131610883,-9.590872812271119,-8.307202286190456
7854,pp,0.05,0.0,68,1.4966642999649054,-9.926401550119573,-8.116399266984727
7855,do,0.05,0.0,40,0.6359532785415647,-7.7362096959894355,-8.534966405232748
7856,pp,0.05,0.0,70,1.843530225753784,-5.292746117620757,-4.47329089111752
7857,do,0.05,0.0,50,2.82185032248497,-5.3632040226098265,-5.055805349349976
7858,pp,0.05,0.0,15,1.7446756255626683,-4.8060713276718605,-3.7714088228013782
7859,do,0.05,0.0,70,3.979336514472961,-6.946339240218654,-6.951588230662876
7860,pp,0.05,0.0,17,2.2255467963218694,-6.3325847380089035,-5.290337268511454
7861,do,0.05,0.0,33,2.162246224880218,-4.891134874748461,-4.800369943512811
7862,pp,0.05,0.0,36,2.1022707498073583,-5.843619361068264,-4.999941531817118
7863,do,0.05,0.0,35,3.667332528829574,-6.950110712918368,-6.989380068249172
7864,pp,0.05,0.0,20,1.8521156430244448,-6.082949576233372,-4.907642963197496
7865,do,0.05,0.0,30,2.272526870965957,-5.3381520242402045,-5.006495446628994
7866,pp,0.05,0.0,18,2.063983985185623,-4.983566152688229,-4.206743505265978
7867,do,0.05,0.0,30,1.4087721145153047,-6.402385788252859,-6.267786555820042
7868,pp,0.05,0.0,13,1.2487294805049896,-5.803745711933483,-4.652042508125305
7869,do,0.05,0.0,46,2.1042360377311704,-6.147793110934171,-6.717400540245904
7870,pp,0.05,0.0,70,2.423114743232728,-4.977011745626276,-4.661315059661865
7871,do,0.05,0.0,3,-1.1000605118274693,-6.253715627843683,-5.4990979300604925
7872,pp,0.05,0.0,40,1.990768679380417,-6.27694627010461,-5.298243811395433
7873,do,0.05,0.0,58,0.706398441791535,-7.542429528091893,-9.461324119567871
7874,pp,0.05,0.0,37,0.8872062802314753,-6.126322382146662,-5.4011775758531355
7875,do,0.05,0.0,35,2.1451906323432928,-6.5376837412516275,-5.696779929267036
7876,pp,0.05,0.0,41,2.767687989473343,-5.435554505839493,-4.669009643130832
7877,do,0.05,0.0,70,1.039383394718171,-6.380869947780262,-6.864532550175984
7878,pp,0.05,0.0,11,1.2268863821029665,-5.512055581988711,-4.69859614637163
7879,do,0.05,0.0,2,-1.0758614706993104,-6.195063268777096,-5.567857962184482
7880,pp,0.05,0.0,15,0.8599260687828059,-6.073646117701675,-5.148820951249864
7881,do,0.05,0.0,56,2.3408195197582238,-7.156578313943111,-8.168840392430623
7882,pp,0.05,0.0,70,1.9897026181221005,-7.494353395519835,-6.140155328644647
7883,do,0.05,0.0,70,2.8012370157241824,-7.691304368683786,-8.215912055969238
7884,pp,0.05,0.0,28,2.2689141261577612,-6.218082478552153,-5.2715883466932505
7885,do,0.05,0.0,33,3.138381869792939,-6.252848165685481,-5.427381753921509
7886,pp,0.05,0.0,44,2.509052283763885,-7.1626044634616735,-5.978708685768975
7887,do,0.05,0.0,4,0.05951581597328204,-5.845208090001886,-5.029495292239719
7888,pp,0.05,0.0,14,0.9354467248916629,-5.990294233957926,-5.042086969481574
7889,do,0.05,0.0,52,-0.3698041701316832,-7.502669302622477,-7.16830456521776
7890,pp,0.05,0.0,65,1.4691951870918274,-7.5353819167975225,-6.282571715778775
7891,do,0.05,0.0,23,1.6056682908534992,-7.790832197304928,-7.556438167889913
7892,pp,0.05,0.0,11,1.707510480880737,-4.777200401190555,-4.304883098602295
7893,do,0.05,0.0,66,1.0528497862815867,-8.677890435132113,-10.943427880605062
7894,pp,0.05,0.0,24,3.2374909698963172,-5.257199514273442,-4.455896327230666
7895,do,0.05,0.0,28,1.8550686860084538,-5.7085280172752615,-4.84397853480445
7896,pp,0.05,0.0,16,1.954027580022812,-5.401805211558487,-4.554556544621786
7897,do,0.05,0.0,21,0.5314454519748688,-6.7199357379566536,-5.906390235159132
7898,pp,0.05,0.0,22,2.8054862391948694,-6.325893165125992,-5.217673375871446
7899,do,0.05,0.0,70,-0.5391747188568115,-10.944033631411466,-9.61533301671346
7900,pp,0.05,0.0,39,3.259955766201019,-6.32948455955043,-5.601400452189975
7901,do,0.05,0.0,70,-0.1441029572486876,-8.154030607685899,-8.004953742027283
7902,pp,0.05,0.0,62,1.893501468896865,-8.842661393772472,-8.14976679748959
7903,do,0.05,0.0,9,-0.16375791192054745,-5.55977660814921,-5.301670771174961
7904,pp,0.05,0.0,25,1.823481290340423,-4.822009781635169,-4.094132028685676
7905,do,0.05,0.0,25,2.1953186070919033,-4.49364447593689,-4.194891226291657
7906,pp,0.05,0.0,13,1.7459290158748626,-4.480063288139575,-3.856210136413574
7907,do,0.05,0.0,21,2.4658563160896296,-6.210168445471561,-6.332173866695828
7908,pp,0.05,0.0,34,0.9004326903820044,-7.211918158964678,-6.534342100885179
7909,do,0.05,0.0,69,4.4629878807067875,-6.233417862111872,-5.943689150280423
7910,pp,0.05,0.0,53,2.6868202686309823,-6.177440313859419,-5.425246469179789
7911,do,0.05,0.0,17,1.510230172872543,-5.1951832756851655,-5.155936659706963
7912,pp,0.05,0.0,62,2.237167493104936,-8.290288017735337,-7.373506090376112
7913,do,0.05,0.0,12,1.4717710900306704,-5.110472945011023,-5.757986288600498
7914,pp,0.05,0.0,23,1.5368645727634425,-5.066631085944898,-4.5619720379511515
7915,do,0.05,0.0,24,2.202918467521668,-5.164788714322177,-4.608808019426134
7916,pp,0.05,0.0,15,1.8423315215110785,-5.139767347682606,-4.885172179010179
7917,do,0.05,0.0,57,3.9910491299629207,-7.093988164265951,-8.00370102988349
7918,pp,0.05,0.0,70,2.627550721168518,-6.025248331012148,-5.117557504442003
7919,do,0.05,0.0,25,3.0788500630855564,-4.420042446887854,-4.29685687356525
7920,pp,0.05,0.0,21,2.205644110441207,-5.493320274353027,-5.204943182733324
7921,do,0.05,0.0,29,1.8036431729793545,-4.702933564330593,-4.630625894334581
7922,pp,0.05,0.0,70,2.2370035433769218,-6.443538186044404,-6.028699861632453
7923,do,0.05,0.0,33,2.1919467473030094,-5.901826731363932,-6.221584153175354
7924,pp,0.05,0.0,44,2.7259407377243035,-6.094615210908832,-5.137934443685744
7925,do,0.05,0.0,58,0.4299269354343416,-7.434329073356859,-6.2995649231804745
7926,pp,0.05,0.0,70,3.2140511286258704,-8.115206010413893,-6.616949139700996
7927,do,0.05,0.0,39,2.7310193550586703,-5.680747104413582,-5.728397160106235
7928,pp,0.05,0.0,13,1.2135727202892301,-5.2203492554751305,-4.633044793870714
7929,do,0.05,0.0,68,3.269783842563629,-5.8725613854148175,-5.68814984427558
7930,pp,0.05,0.0,70,2.224549933671951,-5.064542715477221,-4.530142996046278
7931,do,0.05,0.0,41,1.5830572414398185,-6.360371121493253,-8.738299406899346
7932,pp,0.05,0.0,27,1.8362244379520414,-5.705437524390943,-5.0189239104588825
7933,do,0.05,0.0,15,0.40900368213653504,-6.923014715946082,-7.375210279888577
7934,pp,0.05,0.0,60,2.4711981141567234,-6.762758321473092,-5.641427943441603
7935,do,0.05,0.0,20,1.7217547523975378,-6.416963782454982,-7.453045495351156
7936,pp,0.05,0.0,54,2.715654274225235,-5.06279597715898,-4.726053179634942
7937,do,0.05,0.0,28,2.606052831411361,-5.464356522126631,-5.907549942864312
7938,pp,0.05,0.0,36,2.853756172657013,-6.030538375449903,-5.173166383637322
7939,do,0.05,0.0,20,1.9214001834392542,-5.864814378276016,-6.782379701402452
7940,pp,0.05,0.0,36,2.170188413858413,-6.198193529880408,-5.047806027200487
7941,do,0.05,0.0,69,1.7409726417064668,-8.425929433649236,-8.369030216005113
7942,pp,0.05,0.0,31,2.428286435604096,-5.666694307327271,-4.760345374213324
7943,do,0.05,0.0,67,3.8294142556190494,-5.348201127485796,-6.1794121238920425
7944,pp,0.05,0.0,19,2.4658323740959167,-5.014515975027374,-4.155965028868781
7945,do,0.05,0.0,30,1.9580931234359742,-5.129734689539129,-6.041354327731662
7946,pp,0.05,0.0,70,1.812971830368041,-6.952401919798418,-6.054107358720567
7947,do,0.05,0.0,15,1.1631065297126773,-5.725835106589577,-5.308828685018751
7948,pp,0.05,0.0,17,1.3972712028026582,-5.732553054347183,-4.850429349475437
7949,do,0.05,0.0,23,0.7093188476562498,-6.1842746691270305,-6.486345333523221
7950,pp,0.05,0.0,42,2.107490478754043,-7.2995499697598545,-5.754344828923544
7951,do,0.05,0.0,10,1.486852219104767,-5.090711964982929,-5.563156305419074
7952,pp,0.05,0.0,63,2.0773536252975457,-9.684810105237094,-8.65477045112186
7953,do,0.05,0.0,37,1.901222521066666,-7.694049153183446,-11.58865106900533
7954,pp,0.05,0.0,27,2.5879548871517173,-5.325713138869315,-4.598190755314297
7955,do,0.05,0.0,66,2.472793809175492,-5.953058521675341,-6.512594752841526
7956,pp,0.05,0.0,70,2.1912929522991176,-6.959163605083119,-6.122717761993409
7957,do,0.05,0.0,70,4.866109887361527,-7.658249021298958,-6.4671204884847
7958,pp,0.05,0.0,22,3.2251101410388943,-6.00732286048658,-4.960298465357886
7959,do,0.05,0.0,70,3.438814413547515,-8.833668099027692,-9.208450561099582
7960,pp,0.05,0.0,28,2.9265811967849737,-5.653495207699862,-4.802117763625251
7961,do,0.05,0.0,18,1.0170750463008877,-5.70071041800759,-6.572417044639588
7962,pp,0.05,0.0,51,2.503784486055374,-5.355054547569969,-4.722864980167813
7963,do,0.05,0.0,16,0.5788589322566988,-4.96121004855994,-4.605244466993544
7964,pp,0.05,0.0,18,1.9566318559646607,-4.671162355307377,-3.9787302520540027
7965,do,0.05,0.0,52,1.9232937085628503,-5.974451226899118,-7.892624190118577
7966,pp,0.05,0.0,22,2.074065675735473,-4.813804307128444,-4.003646715482076
7967,do,0.05,0.0,70,3.628012546300888,-7.283250174377904,-9.78624375131395
7968,pp,0.05,0.0,69,3.488803567886353,-6.978847888021758,-5.645359166463217
7969,do,0.05,0.0,70,1.9958959817886344,-6.544845125891945,-8.227295112609863
7970,pp,0.05,0.0,28,1.5877162933349611,-6.228696443095352,-5.271314623620775
7971,do,0.05,0.0,44,0.5738442170619962,-6.006911225752397,-7.425114170710246
7972,pp,0.05,0.0,66,1.816461393833161,-6.707360389015891,-5.816856259769864
7973,do,0.05,0.0,62,3.778771485090255,-6.4409536751833825,-7.2507240056991575
7974,pp,0.05,0.0,31,1.589134274721145,-8.112064978570649,-7.437730275260078
7975,do,0.05,0.0,28,1.1761063563823697,-5.025460838549065,-4.41550707022349
7976,pp,0.05,0.0,33,1.8728383636474604,-6.004393193216035,-4.997598494423761
7977,do,0.05,0.0,50,2.3407254707813268,-6.069036953377001,-6.307844858699375
7978,pp,0.05,0.0,18,2.2487401640415197,-5.869869506720341,-4.856729600164625
7979,do,0.05,0.0,25,1.8262230467796323,-4.391309704925074,-4.465716693136427
7980,pp,0.05,0.0,15,2.1310279786586754,-5.021119376384851,-4.369216548071967
7981,do,0.05,0.0,27,4.844730521440507,-5.878887339794274,-5.673799652523464
7982,pp,0.05,0.0,19,2.4230818271636965,-6.440843784447872,-5.610030033853319
7983,do,0.05,0.0,50,2.0153286027908326,-7.6605554233897815,-7.182094510396322
7984,pp,0.05,0.0,64,1.5343183410167693,-6.073711087486961,-5.169690929518806
7985,do,0.05,0.0,27,1.716527304649353,-5.089827718156757,-4.869592740800646
7986,pp,0.05,0.0,70,3.971643180847167,-7.2355166218497535,-6.313256706131829
7987,do,0.05,0.0,47,1.3740882992744456,-7.195018856453173,-8.441367310947841
7988,pp,0.05,0.0,70,2.5270507478713995,-6.5412658749204695,-5.474943163659837
7989,do,0.05,0.0,70,2.6769601023197183,-7.632544514627168,-8.321136564678616
7990,pp,0.05,0.0,41,2.484174407720565,-5.4207638798338,-4.515848800871107
7991,do,0.05,0.0,36,1.5679978680610658,-6.399232675089981,-6.021039589246114
7992,pp,0.05,0.0,70,2.0798610591888416,-7.587514505964337,-7.025177195337084
7993,do,0.05,0.0,29,2.2121038103103645,-5.092193492253622,-4.736069128248427
7994,pp,0.05,0.0,46,2.626946942806244,-8.202724367199522,-7.850942391819424
7995,do,0.05,0.0,53,1.5010130655765535,-5.7460740826346655,-6.36685119205051
7996,pp,0.05,0.0,58,2.4120747888088223,-7.159963437282678,-5.560965185695224
7997,do,0.05,0.0,56,2.2361601078510285,-6.171925512949626,-6.797068866093953
7998,pp,0.05,0.0,29,2.7034121763706214,-5.463639741955381,-4.645910639233059
7999,do,0.05,0.0,12,0.15293713092803962,-5.192357616713553,-4.590236767133077
8000,pp,0.05,0.0,24,2.5415836477279665,-5.509687805175782,-5.02319581243727
8001,do,0.05,0.0,7,0.489158080816269,-4.287753025690715,-4.45384455786811
8002,pp,0.05,0.0,14,2.1838853466510777,-5.099949898864284,-4.198752930429246
8003,do,0.05,0.0,44,1.8865796995162976,-6.424313220110807,-5.810303627120124
8004,pp,0.05,0.0,8,1.251643332242966,-5.118470486727628,-4.118975549274021
8005,do,0.05,0.0,12,1.5727854573726656,-4.758878699215976,-4.548582983016968
8006,pp,0.05,0.0,24,2.37900550723076,-5.441087857159701,-4.406319043371412
8007,do,0.05,0.0,10,0.5702882993221285,-5.327496605208426,-5.010294228129917
8008,pp,0.05,0.0,23,1.4604983150959017,-5.91462602037372,-4.802695600191752
8009,do,0.05,0.0,14,0.8878791487216944,-6.08806055242365,-5.485888218879699
8010,pp,0.05,0.0,7,1.2910715532302852,-4.708312950712262,-4.073167885674371
8011,do,0.05,0.0,7,0.5263342964649205,-4.472116161115242,-4.103354424900479
8012,pp,0.05,0.0,29,1.5913306617736813,-6.495909310832168,-5.035448492897881
8013,do,0.05,0.0,44,1.9318741524219512,-6.355680917971062,-5.737349406878153
8014,pp,0.05,0.0,35,2.5918049657344824,-5.433821675271699,-4.375556418630812
8015,do,0.05,0.0,11,1.8329945695400234,-4.88059240398985,-4.302150151464674
8016,pp,0.05,0.0,10,1.2901379561424253,-5.048601787740534,-3.9119577381345962
8017,do,0.05,0.0,70,1.168102338314057,-7.836171809109774,-7.439958821402656
8018,pp,0.05,0.0,70,2.5958586478233343,-8.325393565495808,-6.75691839589013
8019,do,0.05,0.0,10,0.7427376031875612,-5.4879717725695984,-4.891198311911689
8020,pp,0.05,0.0,62,2.581494555473327,-7.208915993661591,-5.452921650144789
8021,do,0.05,0.0,70,1.7245895981788628,-7.446700285420273,-6.899590571721395
8022,pp,0.05,0.0,54,2.5636247205734257,-8.436321470954201,-6.722262938817342
8023,do,0.05,0.0,11,1.012713090181351,-5.368002901655255,-4.790497059292264
8024,pp,0.05,0.0,10,1.0214201116561892,-5.013829599727284,-4.258055101500617
8025,do,0.05,0.0,3,0.4912128663063049,-5.434342070781823,-4.5994085179434885
8026,pp,0.05,0.0,9,0.9322758781909943,-4.95261798916441,-4.033769006199307
8027,do,0.05,0.0,13,0.9145152497291562,-5.382838363358469,-5.013463732931349
8028,pp,0.05,0.0,10,1.6928188216686255,-5.212303417379206,-4.388788914680481
8029,do,0.05,0.0,70,1.7109709215164184,-8.70429971145861,-7.798838917414347
8030,pp,0.05,0.0,55,1.4115402448177337,-6.4594183907364355,-5.335747543970744
8031,do,0.05,0.0,8,1.1459935629367832,-4.668369726701216,-4.08472478919559
8032,pp,0.05,0.0,18,2.334004838466644,-5.892582825458411,-4.864237732357449
8033,do,0.05,0.0,21,0.730510026216507,-5.752340101473259,-4.9122932354609175
8034,pp,0.05,0.0,30,0.8656341719627383,-6.50357852415605,-5.283755975299411
8035,do,0.05,0.0,66,1.6746902573108677,-6.1671560749863135,-5.651196485095554
8036,pp,0.05,0.0,6,1.0292362308502199,-4.417042681665132,-3.78607620133294
8037,do,0.05,0.0,6,0.6708502483367917,-4.217043872313066,-3.9866053024927774
8038,pp,0.05,0.0,28,1.730793663263321,-5.17415835351655,-4.6274939695994055
8039,do,0.05,0.0,30,0.6711344134807593,-5.950727076963945,-5.255913925170899
8040,pp,0.05,0.0,9,1.7401170492172238,-4.686913491740372,-3.8929360707600913
8041,do,0.05,0.0,19,1.3969135189056399,-5.704483650669907,-4.917907129393684
8042,pp,0.05,0.0,23,1.4943910169601446,-6.806029563961607,-5.413809254434374
8043,do,0.05,0.0,10,0.31707724571228013,-4.783452935652299,-4.611612966325548
8044,pp,0.05,0.0,25,2.127216534614563,-4.962910975831928,-4.286231321758694
8045,do,0.05,0.0,26,0.6752837324142451,-5.703724486900098,-5.527393105294969
8046,pp,0.05,0.0,8,1.0611427426338196,-5.143396296645656,-4.311556479665968
8047,do,0.05,0.0,10,0.35707905888557434,-5.0403095491004715,-4.625415894720289
8048,pp,0.05,0.0,5,0.898587393760681,-4.159169895721204,-3.602132617102729
8049,do,0.05,0.0,15,0.7571450281143184,-5.278381948760061,-5.120914732085334
8050,pp,0.05,0.0,46,3.3717803931236263,-5.888511545007879,-4.8232077307171295
8051,do,0.05,0.0,26,2.7076286685466773,-4.88517508651271,-4.872888323995802
8052,pp,0.05,0.0,20,2.088736451864242,-5.171549714695324,-4.354858636856079
8053,do,0.05,0.0,30,1.7174253892898559,-5.369311568231294,-5.469855472776625
8054,pp,0.05,0.0,62,2.5762181842327125,-8.153183109110051,-6.513916940159268
8055,do,0.05,0.0,66,2.1235097038745874,-7.003548142404267,-7.511426920360989
8056,pp,0.05,0.0,28,2.6227960634231557,-6.711968699368564,-5.076347972287072
8057,do,0.05,0.0,70,3.4938239324092857,-6.8553788792003285,-6.3524241897794935
8058,pp,0.05,0.0,24,2.617164636850358,-5.365165037097353,-4.493716229332818
8059,do,0.05,0.0,54,2.4915614020824437,-5.148391412966179,-4.772936058044434
8060,pp,0.05,0.0,34,1.9755823361873635,-5.643691551324093,-4.93121550877889
8061,do,0.05,0.0,23,1.6720773971080787,-5.476363787506566,-7.034699111514621
8062,pp,0.05,0.0,34,1.3481632530689236,-6.78395692507426,-5.350874694188436
8063,do,0.05,0.0,70,0.9307306897640224,-6.417491141232577,-6.977926121817695
8064,pp,0.05,0.0,34,1.8033110225200657,-6.592036195234819,-5.324705118603177
8065,do,0.05,0.0,28,1.1421722793579097,-5.2818565672094175,-5.956356165144179
8066,pp,0.05,0.0,70,2.163449816703796,-7.627522454117283,-6.2137362824545965
8067,do,0.05,0.0,70,2.770053300857544,-8.000712676481767,-7.964058322376675
8068,pp,0.05,0.0,70,1.940759378671646,-7.74330966833866,-5.992475914955139
8069,do,0.05,0.0,48,2.804837446212768,-5.546200482050578,-5.353548423449198
8070,pp,0.05,0.0,18,2.223709678649903,-4.56805581035036,-3.9175492763519286
8071,do,0.05,0.0,40,2.7887932968139646,-4.8778954635966905,-4.76347283522288
8072,pp,0.05,0.0,37,2.661695935726165,-5.554584115924257,-4.653022185961405
8073,do,0.05,0.0,70,1.0491177988052378,-8.658658254507817,-10.412874359554715
8074,pp,0.05,0.0,58,2.1723824930191045,-6.730566695242217,-5.286934214168125
8075,do,0.05,0.0,25,3.4289627325534813,-5.74024849949461,-5.672412212689718
8076,pp,0.05,0.0,18,1.4524371433258052,-7.245427179336548,-5.593325697051155
8077,do,0.05,0.0,36,1.0117532157897946,-5.825987616452304,-5.352524964014689
8078,pp,0.05,0.0,24,1.8501973950862887,-5.107132640029445,-4.235747938685947
8079,do,0.05,0.0,41,3.4197971522808066,-5.020688808325565,-4.953347380956014
8080,pp,0.05,0.0,70,2.5355489242076876,-6.711067082665183,-4.977868933147854
8081,do,0.05,0.0,13,1.161345257759094,-5.232068928805265,-4.748735647731357
8082,pp,0.05,0.0,54,2.5171797525882713,-7.508907835411303,-6.298607357343038
8083,do,0.05,0.0,37,2.8980550229549413,-6.995555814107259,-7.79641039106581
8084,pp,0.05,0.0,58,1.9454549229145046,-8.442783014702075,-6.225134319729275
8085,do,0.05,0.0,27,1.3761019051074976,-5.834450572909731,-5.86148268116845
8086,pp,0.05,0.0,19,1.8362576174736018,-5.070609495856545,-4.204978148142497
8087,do,0.05,0.0,20,2.1528062021732337,-6.188717399943958,-6.297575041982863
8088,pp,0.05,0.0,62,1.6079483234882357,-7.281397790619821,-6.217143511772155
8089,do,0.05,0.0,24,2.0591404914855946,-8.77468933914647,-8.655053573184544
8090,pp,0.05,0.0,10,2.128118357658386,-4.860719141815648,-3.9635508007473415
8091,do,0.05,0.0,70,2.319241559505463,-6.378788988517992,-6.391846752166748
8092,pp,0.05,0.0,70,2.0967218804359433,-7.929591349399451,-6.436639923519558
8093,do,0.05,0.0,25,1.0682518589496617,-5.608388562635942,-5.863631643189324
8094,pp,0.05,0.0,65,2.840597592592239,-6.142663621902466,-5.451196765899658
8095,do,0.05,0.0,70,2.3257283902168284,-5.898897399324359,-6.671073010232713
8096,pp,0.05,0.0,10,1.9337011361122132,-4.884930903983839,-3.9759986771477593
8097,do,0.05,0.0,46,1.9830849754810327,-6.918295786597512,-7.819431723488702
8098,pp,0.05,0.0,70,2.735688024759293,-8.094894907691263,-6.633114504814148
8099,do,0.05,0.0,70,1.7029111480712888,-8.172012657107729,-8.720846509933471
8100,pp,0.05,0.0,39,1.5854625201225288,-6.6379641605146,-5.851528064409892
8101,do,0.05,0.0,48,0.5485716867446904,-6.697250922520955,-6.326195187038845
8102,pp,0.05,0.0,24,3.0947497892379756,-6.0384489131696295,-4.78790434996287
8103,do,0.05,0.0,37,1.4785868525505057,-6.954440485347401,-7.490539460712009
8104,pp,0.05,0.0,34,2.2106551516056054,-6.425164130239776,-5.673241353034973
8105,do,0.05,0.0,4,-0.08532259821891763,-5.550629406264334,-4.687251133388943
8106,pp,0.05,0.0,6,0.9091863214969642,-5.542930344379309,-4.4383314079708525
8107,do,0.05,0.0,8,0.45405951142311096,-5.2165765285491945,-5.474035239219665
8108,pp,0.05,0.0,14,0.6693125796318053,-5.493593685554735,-4.4987914085388185
8109,do,0.05,0.0,68,-0.7052928447723392,-10.544665496999567,-10.284238380855983
8110,pp,0.05,0.0,28,1.9052208268642428,-6.970726120110714,-5.561305734846327
8111,do,0.05,0.0,4,0.2492559361457829,-5.668371629714966,-4.863986794153849
8112,pp,0.05,0.0,30,1.6797217869758603,-6.711905265576911,-5.5507385863198175
8113,do,0.05,0.0,13,0.5355461883544921,-6.625206825949929,-6.332153691185845
8114,pp,0.05,0.0,10,1.9686316370964052,-5.078541627074733,-4.1550416972902084
8115,do,0.05,0.0,20,0.4181507706642158,-7.072268017855557,-6.451961133215162
8116,pp,0.05,0.0,19,2.4617668950557707,-5.507611107103752,-4.627243002255757
8117,do,0.05,0.0,19,2.0456059348583233,-7.471111418984153,-6.967523982789781
8118,pp,0.05,0.0,70,1.6308651924133297,-7.369114846894235,-6.106430101394653
8119,do,0.05,0.0,3,-0.5252528095245355,-5.152307211269032,-4.426125346289741
8120,pp,0.05,0.0,11,1.6961154329776766,-4.841855563539447,-4.042881621254815
8121,do,0.05,0.0,12,0.5388837587833404,-6.183253834464333,-6.007982269922892
8122,pp,0.05,0.0,70,2.6163377654552455,-6.5661258047277276,-5.739454332987467
8123,do,0.05,0.0,13,0.7155846989154817,-6.641469315326575,-5.709450258149041
8124,pp,0.05,0.0,11,2.197628297805786,-5.474733323761911,-4.2700197007921
8125,do,0.05,0.0,10,-0.2965865302085877,-6.823640878272779,-6.39374139573839
8126,pp,0.05,0.0,49,2.416672900915147,-9.725148031928322,-8.22844386100769
8127,do,0.05,0.0,38,0.48124230861663886,-7.156630133137559,-6.349174155129327
8128,pp,0.05,0.0,24,2.4272775769233705,-5.654911412614765,-4.8204794751273266
8129,do,0.05,0.0,70,2.4258388268947595,-6.472295787117698,-6.310967010921902
8130,pp,0.05,0.0,30,2.417944625616075,-5.602502817096132,-4.692429603470696
8131,do,0.05,0.0,23,2.354234820604325,-6.133485256541859,-7.478280565473768
8132,pp,0.05,0.0,24,2.6618416690826425,-5.905581159302683,-4.719012496206496
8133,do,0.05,0.0,70,3.653705422878266,-6.826717132510561,-7.758996136983236
8134,pp,0.05,0.0,48,2.139939912557602,-6.21695828293309,-5.102765742937724
8135,do,0.05,0.0,16,0.7286006450653071,-5.547154760360717,-4.806942876180013
8136,pp,0.05,0.0,70,1.722951788902284,-8.751308340014834,-7.5453823592927725
8137,do,0.05,0.0,8,0.8469054698944092,-5.438882178971261,-4.827116995387607
8138,pp,0.05,0.0,32,2.7783281528949733,-6.978280274073283,-5.762834882736206
8139,do,0.05,0.0,32,1.5659861123561853,-5.472618040894017,-6.045763595898946
8140,pp,0.05,0.0,61,2.383362290859222,-7.652671798070272,-6.554982055558098
8141,do,0.05,0.0,22,2.2147656178474424,-5.895682615222353,-5.918837594985962
8142,pp,0.05,0.0,13,2.3787350153923033,-5.112355901255752,-4.051749902301364
8143,do,0.05,0.0,3,0.17697806239128155,-4.7066138368664365,-4.1374543295966255
8144,pp,0.05,0.0,14,1.4588326573371884,-5.522561603603941,-4.510285851690504
8145,do,0.05,0.0,59,0.29519401073455853,-9.25427625540531,-8.97457252078586
8146,pp,0.05,0.0,24,1.8284268629550935,-5.854227672923695,-4.830714405907525
8147,do,0.05,0.0,7,0.7210607862472536,-4.834054227308793,-4.850221644507514
8148,pp,0.05,0.0,45,2.0871269369125365,-6.43136593356277,-4.9212688975863985
8149,do,0.05,0.0,70,1.368755497932435,-7.5390615838946715,-7.8946921454535595
8150,pp,0.05,0.0,70,1.285459026098251,-7.236676552801422,-5.97571619881524
8151,do,0.05,0.0,23,0.7678944301605224,-4.458977450746478,-4.813598683145311
8152,pp,0.05,0.0,16,1.8735554528236396,-5.0003512714848375,-3.944771734873454
8153,do,0.05,0.0,35,0.6535101187229149,-6.244770045713945,-7.073884577221341
8154,pp,0.05,0.0,27,1.6710327899456026,-5.373281611818256,-4.550570803218418
8155,do,0.05,0.0,55,1.0494640290737154,-5.4432941899155125,-6.384854883617825
8156,pp,0.05,0.0,17,1.768157742023468,-5.918058456074108,-5.2081258508894175
8157,do,0.05,0.0,70,0.4087748539447791,-8.020002642544833,-7.2322392516665985
8158,pp,0.05,0.0,70,2.077687735557557,-8.045319668451945,-6.1050809648301865
8159,do,0.05,0.0,24,0.9331260442733766,-6.320082027261908,-6.339827820989821
8160,pp,0.05,0.0,9,1.2496571147441857,-4.449394110477332,-3.8145324495103625
8161,do,0.05,0.0,7,0.46879744291305503,-4.7886253559228145,-4.554992296960619
8162,pp,0.05,0.0,33,3.3937243568897246,-6.973485583970041,-5.295131834348043
8163,do,0.05,0.0,70,1.2786626291275027,-7.866082499243996,-8.305180311203003
8164,pp,0.05,0.0,28,2.3579132962226863,-5.652706011858854,-4.809361810154385
8165,do,0.05,0.0,41,2.9791053485870354,-7.082816840663101,-6.817898456255595
8166,pp,0.05,0.0,70,4.205356681346894,-6.283055896470041,-5.268741869926453
8167,do,0.05,0.0,32,2.286105850934983,-5.112548653284708,-4.980766277843052
8168,pp,0.05,0.0,66,2.590298939943314,-6.231134501370517,-5.242707088258531
8169,do,0.05,0.0,28,0.8154590916633611,-5.27800874710083,-6.412491215599908
8170,pp,0.05,0.0,37,2.8545094776153572,-6.510240238363092,-5.527219043837653
8171,do,0.05,0.0,18,1.8014951276779163,-6.5669585878198795,-5.82909782992469
8172,pp,0.05,0.0,70,1.2479100871086128,-12.172847259405888,-9.450809711880154
8173,do,0.05,0.0,17,1.3519286167621614,-5.36184072639003,-4.932500478956435
8174,pp,0.05,0.0,70,2.983979408740997,-6.324360380750714,-5.321519494056702
8175,do,0.05,0.0,25,2.0927263343334195,-4.663831793178211,-5.22056966357761
8176,pp,0.05,0.0,70,2.893422950506211,-6.913750057509451,-5.625853130552504
8177,do,0.05,0.0,24,1.3692429816722864,-6.093409661090735,-5.83871591620975
8178,pp,0.05,0.0,48,2.6081240773200998,-7.44735610557325,-6.2543189287185665
8179,do,0.05,0.0,65,3.6578254961967476,-7.535327882477731,-8.39705290529463
8180,pp,0.05,0.0,53,2.4325469982624046,-8.824309513785622,-7.133255746629503
8181,do,0.05,0.0,70,1.969789206981659,-8.438949564731482,-7.231616401672364
8182,pp,0.05,0.0,69,3.2543591141700734,-6.679545226241603,-5.525674046410455
8183,do,0.05,0.0,23,1.8119732987880708,-5.967431322733561,-6.459493819872538
8184,pp,0.05,0.0,30,2.4055186748504642,-5.710924427437059,-4.641872909333971
8185,do,0.05,0.0,70,1.0895543479919425,-8.156466940677527,-9.0668038421207
8186,pp,0.05,0.0,70,2.7815495836734767,-6.413297973979603,-5.259432856241862
8187,do,0.05,0.0,4,-0.32125180602073655,-5.566572575135664,-5.256704290707906
8188,pp,0.05,0.0,15,2.0841594016551976,-4.82313959237301,-4.014067872365316
8189,do,0.05,0.0,24,1.6060773837566371,-5.114585743528424,-5.442718929714626
8190,pp,0.05,0.0,70,2.646893934011459,-6.504119082653161,-5.629726118511623
8191,do,0.05,0.0,70,2.6520380306243894,-10.239473042343603,-9.472133207321168
8192,pp,0.05,0.0,44,2.7394291937351225,-8.506780391750913,-6.425925270716349
8193,do,0.05,0.0,40,2.0730624997615807,-7.460290187777895,-7.070912520090739
8194,pp,0.05,0.0,39,2.2637224447727204,-7.647756969567501,-6.695177176263598
8195,do,0.05,0.0,70,3.0812577366828924,-5.761021228270097,-6.235841751098633
8196,pp,0.05,0.0,26,1.4699567675590526,-7.82339661916097,-6.11666542424096
8197,do,0.05,0.0,68,2.7410011053085324,-7.630968703645649,-8.352295727199978
8198,pp,0.05,0.0,56,1.7326898992061608,-6.0870565414428714,-5.280705706278483
8199,do,0.05,0.0,19,1.0201553809642787,-6.0778114824584035,-5.778903510835436
8200,pp,0.05,0.0,14,1.6023366093635563,-5.187071219357577,-4.11184762318929
8201,do,0.05,0.0,56,2.712273198366166,-10.439896082155633,-10.02416500515408
8202,pp,0.05,0.0,16,1.329399672746658,-6.724058999437275,-5.496201260884603
8203,do,0.05,0.0,59,1.6963229501247419,-7.140428171735821,-9.017199055353801
8204,pp,0.05,0.0,26,1.9799314379692081,-5.969536422960686,-5.047528076171875
8205,do,0.05,0.0,27,2.567595670223236,-5.78007105625037,-5.456111264228821
8206,pp,0.05,0.0,21,2.076006810665131,-6.631903265461777,-5.53590669631958
8207,do,0.05,0.0,30,1.068329945802689,-7.057757425308227,-7.554622623655531
8208,pp,0.05,0.0,48,3.740506589412689,-6.8376130696498985,-6.408266401290893
8209,do,0.05,0.0,10,-0.07028735399246244,-5.4048747293876875,-4.839773416519165
8210,pp,0.05,0.0,17,2.334799616336822,-4.669999382712624,-3.9380526436699763
8211,do,0.05,0.0,16,0.3459018456935885,-5.942516335574063,-5.508089412583245
8212,pp,0.05,0.0,57,2.7867436456680297,-5.710506816343828,-4.579299206203885
8213,do,0.05,0.0,17,0.6487148284912108,-5.0205383719819965,-5.032233593198988
8214,pp,0.05,0.0,21,2.5178675925731655,-4.727114027196711,-3.9247171958287557
8215,do,0.05,0.0,67,1.179188574552537,-8.556689911177664,-8.046637272834777
8216,pp,0.05,0.0,26,2.8803605663776404,-5.8337016943729285,-4.774351575639513
8217,do,0.05,0.0,36,0.5297706210613251,-6.665423583984375,-7.2281640900505915
8218,pp,0.05,0.0,16,2.366559810638428,-4.773024989619399,-3.957298567559984
8219,do,0.05,0.0,52,1.0424293875694275,-8.697175144426751,-9.270980193879868
8220,pp,0.05,0.0,70,2.314058715105057,-7.085750325520833,-5.874670881695217
8221,do,0.05,0.0,70,2.0010368764400477,-6.877491630207409,-7.259340943230523
8222,pp,0.05,0.0,64,2.290261319875717,-7.277952961488204,-6.539251957999335
8223,do,0.05,0.0,66,0.2065206658840184,-6.949699646053892,-7.3614198684692385
8224,pp,0.05,0.0,64,2.443919064998627,-5.924776775186712,-5.228699011272854
8225,do,0.05,0.0,7,1.3263152229785913,-4.327924755847815,-4.003971862792969
8226,pp,0.05,0.0,9,1.791890474557876,-4.510988252813166,-3.889156307114495
8227,do,0.05,0.0,70,1.8078408110141755,-5.208504644307223,-5.444034661187066
8228,pp,0.05,0.0,70,2.325603965520859,-5.246499993584373,-4.592311355802748
8229,do,0.05,0.0,46,2.8820036602020265,-4.5578813495058,-4.185282018449572
8230,pp,0.05,0.0,70,3.1435099470615384,-6.029082652294274,-5.177011730935838
8231,do,0.05,0.0,27,2.7762573063373566,-4.472899451400295,-4.593648637665643
8232,pp,0.05,0.0,12,1.9357271409034729,-4.665918766368519,-3.8341747297181024
8233,do,0.05,0.0,24,1.4093458533287047,-4.962168416109952,-4.608085950215657
8234,pp,0.05,0.0,48,2.0305984914302817,-6.2765501672571355,-4.772411889500088
8235,do,0.05,0.0,17,1.2368268799781807,-6.28683557510376,-5.435250997543335
8236,pp,0.05,0.0,30,1.956743557453155,-6.390374663381865,-5.31102680100335
8237,do,0.05,0.0,36,2.542697027921676,-4.6790962703300245,-4.26838465531667
8238,pp,0.05,0.0,70,2.9105405712127688,-5.306740314310248,-4.623068873087565
8239,do,0.05,0.0,44,2.2498917460441596,-5.710288520292802,-5.304432079527113
8240,pp,0.05,0.0,32,2.5427209532260893,-5.967783664934563,-4.957136845588684
8241,do,0.05,0.0,14,1.8742896544933316,-6.396245418895375,-6.033815201123556
8242,pp,0.05,0.0,34,2.0436427772045125,-7.09614349712025,-6.168051396475898
8243,do,0.05,0.0,22,2.2382459008693703,-4.425667070619988,-4.106535094314151
8244,pp,0.05,0.0,9,1.8996856319904323,-5.488411610054247,-4.225014057424334
8245,do,0.05,0.0,10,1.7825737881660464,-5.493808220372055,-4.640940019819472
8246,pp,0.05,0.0,9,1.6702417767047884,-4.857313713882909,-4.0951498693890045
8247,do,0.05,0.0,9,1.8838986027240754,-4.2374358560099745,-3.881011067496406
8248,pp,0.05,0.0,42,2.546038717031478,-5.864616245211977,-5.426195210880703
8249,do,0.05,0.0,70,1.8321165478229524,-11.515246920152144,-13.621728176540799
8250,pp,0.05,0.0,18,2.553151451349259,-7.109308985507849,-5.516029002931383
8251,do,0.05,0.0,20,1.711520130634308,-5.335357627724156,-4.75782113869985
8252,pp,0.05,0.0,11,2.122006133794785,-4.5826978264432965,-3.855938357777066
8253,do,0.05,0.0,13,1.394633121490478,-7.012649148883241,-6.182290485170152
8254,pp,0.05,0.0,7,1.2431381225585936,-5.232860281973174,-4.126995870802138
8255,do,0.05,0.0,19,1.7167383432388306,-4.054116533741807,-3.7287938369645013
8256,pp,0.05,0.0,11,1.7241325879096987,-5.8414450298656115,-4.752058182822333
8257,do,0.05,0.0,11,0.9251763176918031,-4.5793967348156555,-4.326408444510566
8258,pp,0.05,0.0,15,1.7436108005046842,-4.611017806602247,-3.905505975087484
8259,do,0.05,0.0,33,2.078456690311432,-4.575294491016503,-4.388165479236179
8260,pp,0.05,0.0,5,1.369157141447067,-4.60069090236317,-3.713074619240231
8261,do,0.05,0.0,26,1.0614737451076515,-5.192061495058464,-4.954738903045654
8262,pp,0.05,0.0,41,2.3621972489357006,-5.339062427751946,-4.516256448957655
8263,do,0.05,0.0,41,1.8797322022914882,-5.832044195406365,-5.598822522163391
8264,pp,0.05,0.0,7,0.6451054334640496,-4.700685817545111,-3.8751063876681857
8265,do,0.05,0.0,25,1.9036039686203008,-4.653413099231142,-4.9343425035476685
8266,pp,0.05,0.0,23,1.3878422689437864,-5.851068350763032,-4.791878566477034
8267,do,0.05,0.0,50,2.3893218863010404,-4.879253728461988,-5.140117224057516
8268,pp,0.05,0.0,28,2.074412889480591,-5.6817216656424785,-4.733310674296485
8269,do,0.05,0.0,17,1.631830384731293,-4.952035814343077,-4.360391110844082
8270,pp,0.05,0.0,6,1.2467339050769803,-4.4142482858715635,-3.7485776940981546
8271,do,0.05,0.0,70,1.9867580318450928,-5.51094426241788,-4.573138389322493
8272,pp,0.05,0.0,6,1.2344315648078918,-4.597259064876672,-3.8745084047317504
8273,do,0.05,0.0,70,3.566610838174819,-5.9132640188390555,-7.551253133349949
8274,pp,0.05,0.0,16,1.654598100185395,-5.426160634647716,-4.215035621325175
8275,do,0.05,0.0,63,3.70337005496025,-4.869728787740072,-5.4049023946126304
8276,pp,0.05,0.0,50,2.7669933414459225,-6.32884769150705,-4.808390129937066
8277,do,0.05,0.0,48,5.139832196235657,-5.169068459308509,-5.180986955430773
8278,pp,0.05,0.0,59,3.878395943641663,-6.359305719895796,-5.6630419068866304
8279,do,0.05,0.0,70,3.650617266893386,-6.2830609812881,-6.254603216383193
8280,pp,0.05,0.0,46,1.877253888845443,-8.299097020698316,-7.398816050423516
8281,do,0.05,0.0,24,1.8249168586730953,-5.66893691294121,-5.4767511288324995
8282,pp,0.05,0.0,6,1.457556674480439,-4.382972048990654,-3.664283678266737
8283,do,0.05,0.0,37,2.5164898252487182,-6.057616899952744,-5.6639485014809505
8284,pp,0.05,0.0,44,2.3186002218723303,-8.844780508677164,-6.872390506002638
8285,do,0.05,0.0,22,2.0574496114254,-5.260441995389534,-4.832300104035271
8286,pp,0.05,0.0,50,1.456743706464767,-7.4575320677323775,-6.468725683954027
8287,do,0.05,0.0,70,4.355309997797012,-5.131988417018544,-6.65940412680308
8288,pp,0.05,0.0,57,3.2285623419284812,-6.059479303070993,-5.335787399609884
8289,do,0.05,0.0,52,3.006080210208893,-4.657636110710375,-4.923226435979207
8290,pp,0.05,0.0,21,2.1798899841308597,-7.218353765661067,-5.833594181802538
8291,do,0.05,0.0,70,3.3480023908615104,-4.30987278548154,-4.465161214934455
8292,pp,0.05,0.0,61,3.05374859213829,-5.337262699820778,-4.528090617391798
8293,do,0.05,0.0,61,3.0749735856056217,-5.180711041074811,-6.147333576944139
8294,pp,0.05,0.0,38,2.0613940060138702,-6.558527524543531,-6.0137481133143105
8295,do,0.05,0.0,27,0.6537225747108462,-9.088480708093353,-10.474374930063883
8296,pp,0.05,0.0,14,1.8750462436676028,-4.989447525775794,-5.1309686793221365
8297,do,0.05,0.0,45,2.114643205404282,-5.75596452626315,-5.305574199888441
8298,pp,0.05,0.0,11,2.1419152283668517,-5.258716048616352,-4.597948771052891
8299,do,0.05,0.0,32,3.8020416057109836,-5.489723484443895,-6.1068064557181465
8300,pp,0.05,0.0,41,1.6207459235191344,-12.325040730563076,-11.879803869459364
8301,do,0.05,0.0,30,1.684210308790207,-5.102154396519516,-5.357396992047628
8302,pp,0.05,0.0,45,2.408382968902587,-6.020074140664303,-4.826671796374851
8303,do,0.05,0.0,70,2.926970821619035,-8.92120651620807,-7.8505906952752005
8304,pp,0.05,0.0,44,3.065578659772873,-6.4546011462356105,-5.192227289411757
8305,do,0.05,0.0,32,2.6061495471000677,-5.919404521132961,-5.1470775577757095
8306,pp,0.05,0.0,13,1.8041224265098572,-5.838957487453114,-4.610015699598525
8307,do,0.05,0.0,48,3.020749034881592,-5.5212503433227536,-6.458540733655294
8308,pp,0.05,0.0,70,3.8295609652996063,-8.084828079108036,-7.30680692990621
8309,do,0.05,0.0,29,1.2241603589057926,-5.628829518231479,-6.055915715959337
8310,pp,0.05,0.0,19,2.123036237955093,-6.193356369480942,-5.218594045109219
8311,do,0.05,0.0,52,1.3710210525989526,-7.0722790111194955,-7.331129916508993
8312,pp,0.05,0.0,27,2.1256110036373146,-5.2555036140210705,-4.498919116126166
8313,do,0.05,0.0,70,2.9641757571697234,-6.379095791325424,-7.100462794303894
8314,pp,0.05,0.0,69,2.346381931304932,-8.611784510179,-8.138161905606587
8315,do,0.05,0.0,39,3.6934208047389996,-6.386051062381629,-7.428756154908074
8316,pp,0.05,0.0,25,3.0202335155010225,-6.380688347960963,-5.2132555603981015
8317,do,0.05,0.0,67,2.533743366003036,-9.109491299137925,-8.794850174585978
8318,pp,0.05,0.0,70,1.723182647228242,-10.881464199586349,-8.886874432033963
8319,do,0.05,0.0,33,2.36016684770584,-6.694211659286961,-6.233838918473985
8320,pp,0.05,0.0,23,1.9222959375381468,-7.919958730177446,-6.600797242588467
8321,do,0.05,0.0,48,0.9851107096672056,-6.63674094026739,-7.7915744145711265
8322,pp,0.05,0.0,54,3.4229711627960206,-6.19045388915322,-5.3584802283181086
8323,do,0.05,0.0,4,0.6350140869617462,-5.603061060471968,-4.852341347270542
8324,pp,0.05,0.0,22,1.821122485399247,-6.616274625604803,-5.559524663289388
8325,do,0.05,0.0,15,1.8254239499568934,-4.931729731415257,-5.165054053730435
8326,pp,0.05,0.0,8,1.4652410495281218,-5.200633992570819,-4.45680878162384
8327,do,0.05,0.0,12,1.9731902587413783,-5.5423824931636005,-6.336514128579034
8328,pp,0.05,0.0,70,2.403098045587539,-7.721648432991722,-7.429769118626912
8329,do,0.05,0.0,70,0.8674634146690376,-9.42025444579847,-8.827282169130113
8330,pp,0.05,0.0,68,3.5359551525115966,-7.1154535120183775,-6.112609608968099
8331,do,0.05,0.0,8,0.9598522531986236,-6.584975229610096,-5.570108980602688
8332,pp,0.05,0.0,9,0.7813971245288851,-6.458821435408159,-5.18500697877672
8333,do,0.05,0.0,20,1.211615285873414,-9.352879080627904,-9.138228374057347
8334,pp,0.05,0.0,25,2.8802387726306913,-6.014257889082938,-5.225125357839796
8335,do,0.05,0.0,20,1.9202942752838137,-5.748716592788696,-5.630885969267951
8336,pp,0.05,0.0,19,2.393228298425675,-7.259470321192886,-5.564813786082798
8337,do,0.05,0.0,32,0.441291564702988,-6.915888217001251,-7.355576356252034
8338,pp,0.05,0.0,70,2.9705867767333984,-9.444245912089492,-9.437485604816013
8339,do,0.05,0.0,19,1.0747181272506712,-6.035305122895674,-5.5348934729894
8340,pp,0.05,0.0,14,1.5733270812034617,-7.932864268620809,-6.584729708565606
8341,do,0.05,0.0,36,1.194853895902634,-6.159244483889956,-7.436280769772
8342,pp,0.05,0.0,12,2.2884290492534642,-5.096887389096347,-4.322387446297539
8343,do,0.05,0.0,13,1.1613960444927214,-5.868032536362157,-6.117064759466383
8344,pp,0.05,0.0,38,2.816794555187225,-8.411521303292476,-8.532827583948771
8345,do,0.05,0.0,11,1.6324603259563446,-5.7371971130371096,-5.167167297999064
8346,pp,0.05,0.0,29,2.210969948768616,-10.159864349076242,-7.683453024758233
8347,do,0.05,0.0,66,1.6168764352798455,-8.042016462846236,-8.413271220525106
8348,pp,0.05,0.0,56,3.3167603862285615,-6.895063758618904,-6.48196218808492
8349,do,0.05,0.0,16,0.7074000990390781,-5.79238068262736,-6.080716072188483
8350,pp,0.05,0.0,27,3.5091148304939273,-6.228133263732448,-5.504954379134708
8351,do,0.05,0.0,14,1.4061017858982083,-6.1578984159411805,-5.7017008728451195
8352,pp,0.05,0.0,38,2.4985713493824004,-7.831734813343395,-7.4981481181250675
8353,do,0.05,0.0,34,4.781384212970734,-5.840163571906812,-5.765555424160428
8354,pp,0.05,0.0,53,3.2207225501537318,-7.071450523896651,-5.944454389148288
8355,do,0.05,0.0,49,3.2746889054775234,-6.35685834162163,-6.345157302750481
8356,pp,0.05,0.0,47,1.6183990120887763,-6.456122602115978,-5.572059019406637
8357,do,0.05,0.0,28,2.461477502584457,-5.218012997598359,-5.48566522333357
8358,pp,0.05,0.0,3,0.8198555588722227,-4.537061419631495,-3.839756798744202
8359,do,0.05,0.0,29,2.3999367916584022,-7.121005575584642,-7.158804072274102
8360,pp,0.05,0.0,41,2.3496957182884213,-7.79949229702805,-6.598799088266161
8361,do,0.05,0.0,64,3.8483883547782893,-4.968552742582379,-5.79573491944207
8362,pp,0.05,0.0,22,1.7052458143234261,-11.70850411906387,-8.922152649031744
8363,do,0.05,0.0,70,2.8000673639774325,-4.788338633017107,-4.372426350911458
8364,pp,0.05,0.0,45,2.5589939689636223,-6.76132174838673,-5.157305139965481
8365,do,0.05,0.0,35,3.320617151260377,-4.682200300332272,-4.575321470366584
8366,pp,0.05,0.0,44,3.1227792942523944,-8.109832568602128,-6.551769518852234
8367,do,0.05,0.0,44,2.733167839050293,-5.424521420218728,-4.579517451922099
8368,pp,0.05,0.0,53,1.7020969510078432,-7.599228253509059,-5.940043200386895
8369,do,0.05,0.0,33,3.048525271415711,-7.191798497691299,-6.966639049847921
8370,pp,0.05,0.0,12,2.1624113059043886,-5.9923043164339935,-4.918215192688836
8371,do,0.05,0.0,70,2.599089828729629,-6.751546206618801,-7.252182284990947
8372,pp,0.05,0.0,28,2.829374189376831,-7.404628463224931,-5.938933290375603
8373,do,0.05,0.0,70,3.2126143968105323,-5.99149192607764,-5.613097638554043
8374,pp,0.05,0.0,65,2.0765647709369652,-8.75904883037914,-9.85764815542433
8375,do,0.05,0.0,36,1.3455660688877105,-6.453812064546527,-7.971406433317396
8376,pp,0.05,0.0,18,2.6660439574718477,-5.7601557355938535,-4.76174079047309
8377,do,0.05,0.0,70,2.3413367533683767,-6.227000619425918,-5.728930107752482
8378,pp,0.05,0.0,49,2.366985764503479,-8.290705627383607,-6.879491488138835
8379,do,0.05,0.0,56,2.013533220291138,-5.833642620028871,-6.6722679509056935
8380,pp,0.05,0.0,17,2.2286221015453336,-5.246720043818156,-4.651033057106866
8381,do,0.05,0.0,56,2.931103366613388,-5.762697138930812,-6.032421938578287
8382,pp,0.05,0.0,20,2.201241255998611,-5.575846109968243,-5.0320141871770225
8383,do,0.05,0.0,30,2.682460153102875,-5.900671655481512,-4.900018437703451
8384,pp,0.05,0.0,47,3.4551584529876704,-4.6156985615238995,-4.466619184282091
8385,do,0.05,0.0,37,2.263236719369888,-4.9786289720824275,-5.964866309695774
8386,pp,0.05,0.0,21,3.1938758528232576,-7.058637608903827,-5.085866812864939
8387,do,0.05,0.0,60,2.991611754894257,-6.165550554159916,-6.261178673638238
8388,pp,0.05,0.0,70,2.723552585840226,-8.328400471716217,-7.089085637198554
8389,do,0.05,0.0,24,2.8197105824947357,-5.591864840189616,-5.36222882800632
8390,pp,0.05,0.0,16,1.4835697603225704,-6.44286976149588,-5.43083143764072
8391,do,0.05,0.0,55,1.6135402977466589,-6.138556064258922,-6.021121637026469
8392,pp,0.05,0.0,28,2.947477015256882,-5.401636535471136,-4.656596899032593
8393,do,0.05,0.0,31,1.5289516830444336,-5.6655968478231715,-5.312419544325935
8394,pp,0.05,0.0,46,2.2821005380153654,-10.64863807215835,-8.762174985143874
8395,do,0.05,0.0,19,2.7079732728004444,-7.95326307181156,-7.2656879557503595
8396,pp,0.05,0.0,27,1.8020624661445623,-10.72305143963207,-8.593219770325554
8397,do,0.05,0.0,44,4.053200575113296,-5.794009246248187,-5.97630365424686
8398,pp,0.05,0.0,54,2.9425030982494347,-6.618613688151042,-5.285562817255656
8399,do,0.05,0.0,70,2.281280328035354,-5.661097395058834,-5.3292075925403175
8400,pp,0.05,0.0,68,1.9473446619510657,-10.01862343007868,-8.837291876475016
8401,do,0.05,0.0,21,0.8353973066806786,-6.522517970114043,-7.98479470676846
8402,pp,0.05,0.0,34,2.88541919350624,-8.067372121232928,-7.211171923743354
8403,do,0.05,0.0,65,3.9542808592319485,-7.952079530195756,-8.94995796415541
8404,pp,0.05,0.0,23,1.6639148807525634,-6.358432743766091,-5.084708286656274
8405,do,0.05,0.0,67,3.3408307003974915,-7.161465494560473,-7.707731135686239
8406,pp,0.05,0.0,17,2.3593635272979734,-5.698811648108743,-4.466329134835137
8407,do,0.05,0.0,23,3.139527817964554,-5.878358014424642,-6.00486524105072
8408,pp,0.05,0.0,32,2.82619812965393,-6.80942503900239,-5.977577296892802
8409,do,0.05,0.0,31,2.700285913944244,-5.260613191489018,-5.196272526846991
8410,pp,0.05,0.0,19,2.293674144744874,-6.451040444229588,-5.516956239276462
8411,do,0.05,0.0,44,0.9474986815452571,-5.518462936805956,-6.433527816666497
8412,pp,0.05,0.0,14,1.8584203958511347,-6.5262423067381885,-4.775574292076959
8413,do,0.05,0.0,70,3.659716686010361,-8.31391629594745,-7.938144159317017
8414,pp,0.05,0.0,70,1.247033792734145,-11.66816093415925,-9.66628361807929
8415,do,0.05,0.0,28,1.9383169603347783,-6.22050669410012,-6.100304248597887
8416,pp,0.05,0.0,18,2.5297754061222077,-5.988799074924353,-4.620546991295285
8417,do,0.05,0.0,63,3.0290493285655984,-7.002380950523145,-7.513096308708191
8418,pp,0.05,0.0,63,2.753110886812209,-11.56866027803132,-10.632751658227708
8419,do,0.05,0.0,70,1.6949253726005553,-6.708279569221266,-7.933533832761976
8420,pp,0.05,0.0,19,2.252490584850312,-8.19361393957427,-6.873442875014411
8421,do,0.05,0.0,25,0.9212820255756373,-5.063837636600841,-5.016758542590671
8422,pp,0.05,0.0,10,1.232612400054932,-4.895444452401364,-4.29217017226749
8423,do,0.05,0.0,18,2.697953943014145,-5.210112856373643,-4.27863685157564
8424,pp,0.05,0.0,12,3.248480427265168,-6.56826090668187,-5.386535127957662
8425,do,0.05,0.0,70,1.8284254920482637,-5.231355073235251,-5.310909223556519
8426,pp,0.05,0.0,38,1.8821252655982965,-6.518785881273674,-6.37859976026747
8427,do,0.05,0.0,19,3.073926199674606,-5.832223701477051,-5.219663259718153
8428,pp,0.05,0.0,24,2.981141856908799,-7.575351179007328,-6.208124052153694
8429,do,0.05,0.0,16,1.6499069547653198,-4.804825912822377,-4.649360537528992
8430,pp,0.05,0.0,7,0.6705078506469722,-5.498545058568319,-4.021986978583866
8431,do,0.05,0.0,32,2.151215240955352,-7.118700988364942,-6.530671795209249
8432,pp,0.05,0.0,20,2.5889493322372434,-5.009520348635587,-4.69784787495931
8433,do,0.05,0.0,43,2.0214352226257333,-8.22364852067196,-7.226755743556552
8434,pp,0.05,0.0,67,3.0176688826084135,-12.432606159556995,-11.756766062312655
8435,do,0.05,0.0,26,0.9215123283863065,-5.240947142514315,-5.3090497016906735
8436,pp,0.05,0.0,70,3.0758691346645355,-9.045554915341464,-8.168060625924005
8437,do,0.05,0.0,70,1.6246845316886906,-6.7003815882133715,-6.361958132849799
8438,pp,0.05,0.0,13,2.5741577696800233,-5.25623938965075,-4.151760204633077
8439,do,0.05,0.0,18,1.1670042681694026,-5.024492950150461,-4.523113703727722
8440,pp,0.05,0.0,26,2.592097998857499,-7.22427786769289,-5.957588818338182
8441,do,0.05,0.0,70,1.723752256631851,-9.303783835786762,-8.473081265555487
8442,pp,0.05,0.0,11,1.966542118787765,-5.7147868864464035,-4.568163879712423
8443,do,0.05,0.0,44,0.3693686568737018,-8.46103503776319,-8.237125894758437
8444,pp,0.05,0.0,21,1.9848914504051205,-7.452302281061808,-5.577810380193922
8445,do,0.05,0.0,65,2.359662469625473,-8.257763075106071,-7.556471549140083
8446,pp,0.05,0.0,55,4.036535645723342,-8.785467485948043,-8.857723440064325
8447,do,0.05,0.0,26,0.9401650607585905,-5.7319887768138535,-5.344125122494168
8448,pp,0.05,0.0,48,1.8026673543453207,-8.91750494928071,-7.252774776352776
8449,do,0.05,0.0,15,0.6706681430339811,-4.377903910839197,-3.891976535320282
8450,pp,0.05,0.0,70,2.9649507904052737,-10.403205686627013,-8.954978762732612
8451,do,0.05,0.0,16,1.626963449716568,-6.168210044051662,-5.791607093811035
8452,pp,0.05,0.0,10,1.3932686316967011,-5.632856532299157,-4.774254372384813
8453,do,0.05,0.0,28,2.1515106809139253,-4.635353302233147,-4.324314399560293
8454,pp,0.05,0.0,31,2.708261958360671,-5.944418184684984,-5.060905310842726
8455,do,0.05,0.0,40,1.444988247156143,-5.836668167692242,-5.381285495228237
8456,pp,0.05,0.0,25,1.8202226078510284,-4.829668026259451,-4.305470169915093
8457,do,0.05,0.0,52,2.103152992725372,-6.8093012491861975,-6.589652273390028
8458,pp,0.05,0.0,43,2.167252478599548,-6.41400858705694,-5.04838199350569
8459,do,0.05,0.0,18,2.1263604629039765,-5.288143933903087,-4.973096508449978
8460,pp,0.05,0.0,8,0.41709500789642284,-4.796608086788293,-4.175336662928263
8461,do,0.05,0.0,22,1.2160685896873478,-5.196097762656934,-4.636069907082452
8462,pp,0.05,0.0,31,3.01550175189972,-5.835113655437123,-4.90597128338284
8463,do,0.05,0.0,70,4.35573666214943,-5.7766053907799,-5.4293297794130115
8464,pp,0.05,0.0,45,0.5785437035560612,-6.611676890922316,-5.766994282934401
8465,do,0.05,0.0,41,2.2606004440784453,-7.259719413699526,-6.348328397009108
8466,pp,0.05,0.0,16,2.6748315942287446,-4.374736569144509,-3.868761384487152
8467,do,0.05,0.0,43,2.4930744767189026,-6.550153210668853,-5.893543375862969
8468,pp,0.05,0.0,42,2.4377198433876037,-5.997065398187348,-5.197275412082672
8469,do,0.05,0.0,11,1.4883764588832857,-4.640940916176998,-4.088495241271125
8470,pp,0.05,0.0,37,2.047284780740738,-6.015330177364928,-5.59630597697364
8471,do,0.05,0.0,13,0.9674935281276706,-4.03550566037496,-3.6151458952162
8472,pp,0.05,0.0,33,1.178289371728897,-6.231982267264164,-4.839559496773614
8473,do,0.05,0.0,17,1.2197114861011507,-4.766433721600157,-4.132833046383328
8474,pp,0.05,0.0,70,2.428558640480041,-6.546939185171416,-5.420444382561578
8475,do,0.05,0.0,22,1.8289035606384276,-4.7817885442213575,-4.172029481993781
8476,pp,0.05,0.0,29,0.7453865385055547,-8.045611621394302,-6.450288897090488
8477,do,0.05,0.0,7,0.9028714430332183,-3.9846056201241233,-3.702063352531857
8478,pp,0.05,0.0,15,1.0285434222221372,-5.757737265211163,-4.655727214283413
8479,do,0.05,0.0,22,1.5380112087726596,-5.219484504063924,-4.6577331966824005
8480,pp,0.05,0.0,52,2.1979356706142434,-6.045896836483117,-5.383636140823365
8481,do,0.05,0.0,14,0.7242604970932005,-4.517875055833296,-4.067552133401235
8482,pp,0.05,0.0,20,3.0383603560924524,-4.883108874523279,-4.04358819855584
8483,do,0.05,0.0,48,2.6086761796474445,-6.685399594451442,-6.070134433110555
8484,pp,0.05,0.0,55,2.469192819595337,-6.4112741846026795,-5.626544658342997
8485,do,0.05,0.0,41,1.650374763011933,-6.1155256502556075,-5.043096921179029
8486,pp,0.05,0.0,11,1.3371899724006653,-5.989557758967082,-4.796201939053006
8487,do,0.05,0.0,29,1.102840579748154,-6.0106630845503375,-5.198084783554077
8488,pp,0.05,0.0,16,1.99886715054512,-5.091468303853815,-4.185329390896691
8489,do,0.05,0.0,35,2.0851815557479867,-5.9033270142295144,-5.514183285501268
8490,pp,0.05,0.0,24,3.0035231983661657,-5.667454161788478,-4.692071072260538
8491,do,0.05,0.0,11,0.9672689116001125,-4.546900357622089,-4.493253681394789
8492,pp,0.05,0.0,11,0.5069719564914701,-5.139032256964481,-4.109720579783121
8493,do,0.05,0.0,18,1.4947799623012532,-6.003010114034017,-5.027800403700935
8494,pp,0.05,0.0,26,2.196749694347382,-6.3023049788041545,-4.977614596154955
8495,do,0.05,0.0,18,2.019609309434891,-4.9924237670320455,-4.293161129951477
8496,pp,0.05,0.0,15,1.6887026262283324,-4.697126535935835,-3.780939261118571
8497,do,0.05,0.0,20,1.9826392304897311,-4.6831565221150715,-4.242192520035638
8498,pp,0.05,0.0,17,2.160156491994858,-5.10494635032885,-4.15126281314426
8499,do,0.05,0.0,23,1.6710383605957029,-5.76415133042769,-5.143133880032433
8500,pp,0.05,0.0,13,1.7291901469230657,-5.3030449159217605,-4.363514351844787
8501,do,0.05,0.0,14,1.8968119013309481,-4.57137682799137,-4.37699633969201
8502,pp,0.05,0.0,21,1.910856566429139,-5.782344105749419,-4.841173103120592
8503,do,0.05,0.0,8,0.11726549506187478,-4.71229555534594,-4.249439787864685
8504,pp,0.05,0.0,19,0.5236478698253633,-5.86003702915076,-5.019610386424595
8505,do,0.05,0.0,59,2.9326826930046073,-6.997160726605039,-7.073597894774543
8506,pp,0.05,0.0,50,1.0928321278095243,-7.884515432877974,-6.5128788815604315
8507,do,0.05,0.0,14,2.1351721799373626,-4.640662933118415,-4.095928104718526
8508,pp,0.05,0.0,7,0.2592427194118505,-6.009798366373236,-4.926394724845887
8509,do,0.05,0.0,12,2.19461072564125,-4.792251257462935,-4.094991836282942
8510,pp,0.05,0.0,55,2.788407554626465,-6.256741549751975,-5.261759034792582
8511,do,0.05,0.0,69,1.9775351727008816,-6.291332263657541,-5.09374069902632
8512,pp,0.05,0.0,47,1.0221139848232266,-7.263816733793779,-5.38623091644711
8513,do,0.05,0.0,51,2.8959155809879302,-7.071409228353789,-5.926277308993869
8514,pp,0.05,0.0,50,2.9670141696929937,-6.285321708159013,-5.441953433884515
8515,do,0.05,0.0,7,0.25525795102119453,-4.693455200484305,-4.112816680802239
8516,pp,0.05,0.0,70,0.8804310333728775,-7.077167665597164,-6.43489260673523
8517,do,0.05,0.0,58,0.8336962401866916,-6.421304971521551,-5.626074051856994
8518,pp,0.05,0.0,55,0.3494469201564794,-7.6301026936733365,-6.491905805799696
8519,do,0.05,0.0,10,1.1880773186683653,-4.5196184729084825,-4.065779497888353
8520,pp,0.05,0.0,8,0.46801861763000474,-5.567105996969975,-4.647452081574334
8521,do,0.05,0.0,70,1.7223829817771907,-6.382868784124201,-5.728111751874288
8522,pp,0.05,0.0,70,1.4589147222042094,-7.179420933578953,-5.935614861382378
8523,do,0.05,0.0,60,1.4072734272480014,-5.495316886901856,-4.721575485335456
8524,pp,0.05,0.0,23,1.6297809898853304,-5.318118968154445,-4.70705120033688
8525,do,0.05,0.0,45,3.221819516420365,-6.178986771901449,-5.646676519181994
8526,pp,0.05,0.0,38,2.4683273160457615,-5.821287441253662,-4.837477501233419
8527,do,0.05,0.0,54,2.1925056469440465,-5.821841674862486,-5.594523962338766
8528,pp,0.05,0.0,55,0.8916179072856911,-7.235912168387211,-5.923411938879225
8529,do,0.05,0.0,16,1.8422885406017304,-4.867844171235055,-4.210837584071689
8530,pp,0.05,0.0,11,0.5793688070774072,-5.0244471954576895,-4.269103784031338
8531,do,0.05,0.0,17,1.5235689198970803,-5.876128695227883,-5.591280243131849
8532,pp,0.05,0.0,9,0.3941099882125858,-5.192197334405147,-4.477533343103197
8533,do,0.05,0.0,47,1.7449125659465796,-5.393444231784705,-5.933804824617174
8534,pp,0.05,0.0,30,0.7988528466224674,-7.003250776637684,-5.904067092471653
8535,do,0.05,0.0,43,1.5560472631454472,-6.076997663035537,-5.581138311492072
8536,pp,0.05,0.0,9,0.3207774281501772,-5.636805417320945,-5.0809161901474
8537,do,0.05,0.0,9,1.3965771698951714,-4.661327919815526,-4.767025936974419
8538,pp,0.05,0.0,9,0.8900133776664738,-5.188309117519494,-4.417172686258952
8539,do,0.05,0.0,26,2.0396820330619816,-5.284983542471221,-5.395134033097161
8540,pp,0.05,0.0,15,2.3753775358200073,-5.322449317122951,-4.681317390335931
8541,do,0.05,0.0,9,1.5448509502410888,-4.715343176234852,-4.099489386876424
8542,pp,0.05,0.0,29,2.540979570150376,-5.582755909544049,-4.7791604386435615
8543,do,0.05,0.0,15,1.4797020471096038,-5.224410270922112,-4.564604711532593
8544,pp,0.05,0.0,11,0.07102554082870505,-5.928317289641409,-5.003616203202141
8545,do,0.05,0.0,11,1.1141821289062506,-4.708073910799894,-4.454437163141039
8546,pp,0.05,0.0,70,2.123432968854903,-7.243935489654541,-6.416257513893975
8547,do,0.05,0.0,33,2.0778699254989617,-7.191151335745147,-7.067301681306627
8548,pp,0.05,0.0,25,1.9273618757724762,-4.8417980266339855,-4.235973403188917
8549,do,0.05,0.0,32,3.1614803135395038,-6.436802196502685,-5.392867845959134
8550,pp,0.05,0.0,38,3.0211526727676397,-6.214267281329993,-4.7946106301413645
8551,do,0.05,0.0,19,1.1152524375915531,-4.995705371914488,-4.605868048138088
8552,pp,0.05,0.0,20,2.234746658802033,-6.209825653018373,-5.5531983349058365
8553,do,0.05,0.0,6,0.32921719551086426,-4.445031579335531,-4.168941304418776
8554,pp,0.05,0.0,12,1.758906829357147,-5.2127595742543535,-4.721088009410434
8555,do,0.05,0.0,7,1.3932932734489443,-4.282649662277915,-3.9829610533184474
8556,pp,0.05,0.0,70,2.644647274017334,-6.775504846283884,-5.778229403495788
8557,do,0.05,0.0,15,1.4889337646961218,-5.774869093750462,-5.011906205283271
8558,pp,0.05,0.0,60,2.962219290733337,-10.50454579411131,-8.360407500796848
8559,do,0.05,0.0,11,0.8643926429748534,-4.78885488654628,-4.533462431695726
8560,pp,0.05,0.0,14,1.4609335768222813,-4.226706779364384,-3.8732551362779404
8561,do,0.05,0.0,11,1.138934602737427,-5.574286567803585,-5.003915937741597
8562,pp,0.05,0.0,32,3.57255865931511,-5.6846422007589625,-4.886860105726454
8563,do,0.05,0.0,12,1.8054141724109645,-4.84842247095975,-4.139210928810967
8564,pp,0.05,0.0,18,2.4808433747291563,-5.03253301562685,-4.315474454561869
8565,do,0.05,0.0,11,1.6131356716156002,-4.588956704284206,-3.982697285546197
8566,pp,0.05,0.0,29,3.6693256640434253,-5.453353199814305,-4.789402900801765
8567,do,0.05,0.0,11,1.8464615821838386,-4.6872055313803935,-4.0740221063296
8568,pp,0.05,0.0,17,2.2792473232746113,-5.813894380222667,-4.834902074601915
8569,do,0.05,0.0,70,1.0323437511920925,-7.3467361291249595,-6.674671909544203
8570,pp,0.05,0.0,62,3.824874808788299,-6.20569603804386,-5.7012573401133215
8571,do,0.05,0.0,18,1.4145845615863797,-6.2256124106320465,-5.356078558497959
8572,pp,0.05,0.0,22,3.472572457790374,-5.700756318641432,-4.765142822265625
8573,do,0.05,0.0,20,3.0991713261604303,-4.938439548376834,-4.932420108053419
8574,pp,0.05,0.0,62,2.7103975200653077,-7.467197445667151,-5.72993381023407
8575,do,0.05,0.0,60,1.726370477676392,-7.799578435493238,-7.036355299419827
8576,pp,0.05,0.0,35,3.5405135667324066,-5.761853863976219,-5.04869236946106
8577,do,0.05,0.0,70,3.9333117270469664,-7.695427096973766,-6.704447301228841
8578,pp,0.05,0.0,24,2.1751262104511264,-5.711042492317431,-4.651663245095147
8579,do,0.05,0.0,8,1.5377077388763425,-4.866980409622192,-4.076988918251462
8580,pp,0.05,0.0,32,3.7562734556198114,-5.174026633753921,-4.309671148988936
8581,do,0.05,0.0,20,1.1315646886825554,-8.136065965710264,-6.259697869088915
8582,pp,0.05,0.0,61,2.2873880803585056,-8.368790363542962,-6.843788848982917
8583,do,0.05,0.0,13,1.7974112224578862,-5.65982819037004,-5.183767549196879
8584,pp,0.05,0.0,16,3.0784976732730867,-4.919258565613718,-4.123148722118802
8585,do,0.05,0.0,12,2.2954119408130644,-5.109262005488078,-4.3576013233926565
8586,pp,0.05,0.0,68,2.8429678893089303,-8.658403685598662,-7.519483333163791
8587,do,0.05,0.0,7,1.0958852434158324,-5.421397746693004,-4.670226486523946
8588,pp,0.05,0.0,13,1.7252267313003546,-5.1397799159541275,-4.4893389834298025
8589,do,0.05,0.0,57,3.0269253313541418,-6.468420913002708,-5.555846601062351
8590,pp,0.05,0.0,70,2.4727415454387653,-9.269490198655562,-7.818468199835883
8591,do,0.05,0.0,12,0.963977528810501,-5.18163289012331,-4.537667270501455
8592,pp,0.05,0.0,58,2.677504227161408,-6.417280048312563,-5.726945749918619
8593,do,0.05,0.0,9,0.28737582564353925,-5.185773181915283,-4.477231441603767
8594,pp,0.05,0.0,62,1.6940159249305715,-6.954243795799487,-5.901769900321961
8595,do,0.05,0.0,40,1.848544189929962,-7.202607992923621,-6.661307136217753
8596,pp,0.05,0.0,19,1.916265932321549,-5.258958793408943,-4.331614020135667
8597,do,0.05,0.0,30,1.9125341057777412,-5.922481234868368,-5.26034582985772
8598,pp,0.05,0.0,56,1.488123149871825,-8.156681017442184,-7.156868855158488
8599,do,0.05,0.0,7,0.9411277270317084,-4.792485453865745,-4.1348838276333275
8600,pp,0.05,0.0,34,2.2379350602626795,-6.805145805532282,-5.795915065871345
8601,do,0.05,0.0,56,3.2698553776741015,-7.344889244888768,-6.1154454602135555
8602,pp,0.05,0.0,70,1.569128285646439,-8.02698971863949,-6.5416497521930275
8603,do,0.05,0.0,18,2.402593437433243,-5.592106561949759,-4.666072682539622
8604,pp,0.05,0.0,10,1.707491949796677,-5.610640637079874,-4.511328932974074
8605,do,0.05,0.0,40,2.8084809672832485,-6.185101266340776,-5.622417476442125
8606,pp,0.05,0.0,31,1.2291498446464546,-6.444035007014419,-5.493970206048753
8607,do,0.05,0.0,35,1.7441732203960418,-6.0892906665802,-6.1208406660291885
8608,pp,0.05,0.0,36,3.5391029775142675,-6.9677094647378635,-6.648519346449111
8609,do,0.05,0.0,16,0.9652588987350459,-5.321894147179344,-4.725441193580627
8610,pp,0.05,0.0,11,1.1868874895572663,-5.492074212160977,-4.5565479358037315
8611,do,0.05,0.0,45,4.354250819683075,-5.646164859424938,-5.126549937989977
8612,pp,0.05,0.0,66,1.233223423957826,-7.520710089712432,-6.166081402036879
8613,do,0.05,0.0,34,2.7859410202503208,-5.195374396353057,-4.69334434668223
8614,pp,0.05,0.0,70,3.8772839438915243,-6.267745526631673,-5.625469761424594
8615,do,0.05,0.0,43,1.4406977367401117,-6.807690568403764,-5.868701810306973
8616,pp,0.05,0.0,12,0.08465750098228408,-6.076246654626095,-5.579917891820272
8617,do,0.05,0.0,6,1.2447454071044923,-4.964649214889064,-4.266552604569329
8618,pp,0.05,0.0,70,1.3440720438957214,-8.413427858641654,-7.573354625701905
8619,do,0.05,0.0,6,0.586592420339584,-4.945523351611513,-4.275431903203328
8620,pp,0.05,0.0,13,0.7568802189826966,-6.20374966101213,-5.338951301574707
8621,do,0.05,0.0,40,2.5396602380275723,-9.247508644335198,-8.429394382900663
8622,pp,0.05,0.0,70,1.4160816991329206,-7.96204654231216,-6.377084554566277
8623,do,0.05,0.0,10,2.102821118831635,-5.260817365935354,-5.223595452308655
8624,pp,0.05,0.0,54,1.9669847846031185,-8.258998583302354,-7.272589418623182
8625,do,0.05,0.0,18,2.2301736021041876,-5.1163223252151955,-4.644943973753187
8626,pp,0.05,0.0,70,1.4862797653675077,-8.828917068423646,-7.15026674800449
8627,do,0.05,0.0,11,1.1746141386032107,-5.449090579061798,-5.661420056555007
8628,pp,0.05,0.0,9,0.7458672451972959,-5.614866211920074,-4.9304456075032554
8629,do,0.05,0.0,11,1.1524271404743196,-5.6479387283325195,-5.507532880041334
8630,pp,0.05,0.0,6,0.8637708461284639,-5.23135568300883,-4.5312013864517215
8631,do,0.05,0.0,9,1.7512782835960383,-5.541050308400934,-5.111347781287299
8632,pp,0.05,0.0,68,1.9712102937698361,-7.426109754677975,-6.256871602270338
8633,do,0.05,0.0,8,1.238750355243683,-5.873624102274577,-4.715498163965013
8634,pp,0.05,0.0,70,1.1355435752868646,-7.88238935470581,-6.33974953227573
8635,do,0.05,0.0,12,0.8511392307281493,-5.420458464189009,-5.0405786169899836
8636,pp,0.05,0.0,12,1.1096832740306848,-5.449101949460578,-4.820527142948574
8637,do,0.05,0.0,22,1.289281458854675,-5.765550590283943,-5.81390589872996
8638,pp,0.05,0.0,12,1.47321722984314,-5.0345837130691065,-4.398054451412625
8639,do,0.05,0.0,9,1.8125224971771239,-5.613935489365549,-4.797408972846137
8640,pp,0.05,0.0,11,0.7188804531097412,-5.56834880510966,-4.7643442339367335
8641,do,0.05,0.0,61,3.290443539619445,-6.7552222497535475,-6.165732635392083
8642,pp,0.05,0.0,21,2.1709815776348114,-5.494835363734852,-4.140029131041633
8643,do,0.05,0.0,67,1.9259901893138895,-10.180691297126538,-10.26084401342604
8644,pp,0.05,0.0,14,1.932460993528366,-5.980817595395175,-4.87047684457567
8645,do,0.05,0.0,70,1.0548245501518245,-7.425415674845378,-7.089917278289795
8646,pp,0.05,0.0,70,2.1408948504924767,-6.788055194507946,-5.851386947102017
8647,do,0.05,0.0,21,1.286978484392166,-5.630934523091172,-4.786890896161397
8648,pp,0.05,0.0,17,1.5258362770080574,-4.633696650013779,-4.205988513098823
8649,do,0.05,0.0,25,0.9657670557498932,-7.860135143453425,-7.172319062550863
8650,pp,0.05,0.0,70,2.2545503282547,-6.997600616108287,-6.5564612865448
8651,do,0.05,0.0,30,0.2959210252761837,-5.470577807859941,-5.050053124957614
8652,pp,0.05,0.0,54,5.3810052645206445,-5.888461202563661,-5.842651671833462
8653,do,0.05,0.0,70,3.887002855539322,-7.897458892880064,-7.255031119452583
8654,pp,0.05,0.0,70,4.061143277883529,-5.844414187922622,-5.074452765782675
8655,do,0.05,0.0,52,1.4924270880222323,-9.069496748664163,-7.722367853588528
8656,pp,0.05,0.0,67,3.69920904159546,-6.698230694279526,-5.2232689751519095
8657,do,0.05,0.0,35,1.5526679444313043,-6.933872509002685,-7.3747894234127465
8658,pp,0.05,0.0,31,3.5715671920776373,-5.525175587336222,-4.811966768900553
8659,do,0.05,0.0,70,3.101803425550461,-7.393412497549346,-6.307410931587219
8660,pp,0.05,0.0,70,1.8151652038097383,-6.745582204876524,-5.604396388265822
8661,do,0.05,0.0,14,-0.07075941920280471,-5.759021980112249,-6.2858326858944364
8662,pp,0.05,0.0,45,3.8482400262355796,-5.610227804472952,-4.797977948188782
8663,do,0.05,0.0,53,2.258035303354263,-7.196363128315319,-6.865771473778619
8664,pp,0.05,0.0,36,2.5617549836635582,-6.302014116807418,-5.270749092102051
8665,do,0.05,0.0,62,0.47116833806038017,-8.465505523392649,-6.690701320436266
8666,pp,0.05,0.0,19,0.8053603661060329,-5.763086761127819,-4.553604377640618
8667,do,0.05,0.0,70,1.9663999438285833,-6.476897316267996,-5.733557709058126
8668,pp,0.05,0.0,70,3.6944595193862906,-8.017315753300984,-6.587086216608683
8669,do,0.05,0.0,66,0.42412258625030486,-7.415452056942564,-6.627470829751757
8670,pp,0.05,0.0,56,2.5878895509243005,-4.766865386384906,-4.2899384829733105
8671,do,0.05,0.0,24,-0.4466895341873167,-7.148978460196293,-7.714200146993002
8672,pp,0.05,0.0,20,1.9311203300952915,-5.46617306506995,-4.415209568871392
8673,do,0.05,0.0,28,3.0735289669036865,-5.925210250507702,-6.658062749438816
8674,pp,0.05,0.0,70,3.917797034978867,-5.9942039995482475,-4.955823810895284
8675,do,0.05,0.0,58,2.9762157583236686,-5.394672025333751,-4.883949828147888
8676,pp,0.05,0.0,22,2.9393946552276615,-4.8158862590789795,-4.351759031083849
8677,do,0.05,0.0,14,0.13657513618469252,-5.090144694935192,-5.027848611937629
8678,pp,0.05,0.0,25,3.0503724026679997,-4.615140034935691,-3.8289756139119464
8679,do,0.05,0.0,20,2.030746399164199,-6.045804082986081,-6.38609337011973
8680,pp,0.05,0.0,66,3.5257339215278627,-4.8107837684226755,-3.9573068817456565
8681,do,0.05,0.0,51,2.740436925888061,-7.2876571987614485,-7.904036569595337
8682,pp,0.05,0.0,14,1.512430510520935,-6.060856196374604,-5.146185737186008
8683,do,0.05,0.0,13,-0.2936912882328029,-5.569421909794663,-5.063569000032213
8684,pp,0.05,0.0,20,2.5967707109451297,-5.413800599358298,-4.572272708680894
8685,do,0.05,0.0,70,3.374750815629959,-7.724906671408451,-7.807928000556098
8686,pp,0.05,0.0,42,4.089078215360642,-4.614419549884218,-4.357319209310743
8687,do,0.05,0.0,23,1.38842769742012,-5.947880143830271,-5.282839941978454
8688,pp,0.05,0.0,23,2.2781578481197355,-6.559166438651808,-6.113678322898017
8689,do,0.05,0.0,33,1.9268936634063714,-5.933469370639686,-6.2540027803844875
8690,pp,0.05,0.0,25,3.3790556180477136,-5.366549142201742,-4.3682478719287445
8691,do,0.05,0.0,40,2.6633005821704856,-7.408723952553489,-7.62903057469262
8692,pp,0.05,0.0,27,3.6301107454299917,-7.246649168476914,-6.39464435312483
8693,do,0.05,0.0,22,0.678626552820206,-6.544002654335715,-6.09984827571445
8694,pp,0.05,0.0,9,0.9408456504344942,-5.112228964314316,-4.257064138518439
8695,do,0.05,0.0,70,1.6692355120182034,-6.520452837510542,-7.008226855595907
8696,pp,0.05,0.0,41,2.914908304214478,-5.3118366573796125,-4.484635445806715
8697,do,0.05,0.0,30,0.1632011604309085,-6.6595357865998235,-7.7216739283667675
8698,pp,0.05,0.0,50,1.787069692611695,-7.16467550017617,-5.942601174778408
8699,do,0.05,0.0,5,0.9859863340854647,-5.033565749544086,-4.417127177450392
8700,pp,0.05,0.0,11,1.7678577327728275,-5.016020049470844,-4.112512413660685
8701,do,0.05,0.0,2,-1.0533693587780002,-6.094050486882527,-5.520556285646227
8702,pp,0.05,0.0,8,0.7643329548835753,-4.589820822802457,-4.009382433361477
8703,do,0.05,0.0,5,-0.04021893858909653,-6.081007752274022,-5.282924988534716
8704,pp,0.05,0.0,69,2.2920178616046902,-6.923563977443811,-5.9036058266957605
8705,do,0.05,0.0,11,0.5740487194061279,-5.430879496083115,-4.638875974549188
8706,pp,0.05,0.0,15,1.7911455261707303,-5.4582598455024485,-4.7786617649926075
8707,do,0.05,0.0,70,1.3564748024940485,-9.483895189111882,-8.251403045654296
8708,pp,0.05,0.0,22,1.3577198028564457,-7.19430333628799,-6.079583877987332
8709,do,0.05,0.0,34,0.49686051011085564,-6.758129208015673,-6.840304072697958
8710,pp,0.05,0.0,9,0.590009837150574,-4.505531212777802,-3.9066626601748995
8711,do,0.05,0.0,21,1.1260979366302504,-11.843040295803185,-11.096653827031453
8712,pp,0.05,0.0,12,1.7082561004161834,-5.221490570993135,-4.723868115743001
8713,do,0.05,0.0,39,2.7194383537769315,-6.332552778359616,-5.660494346088833
8714,pp,0.05,0.0,53,1.9059260714054105,-8.108718451586636,-6.549723921881782
8715,do,0.05,0.0,16,3.0893698954582227,-5.600070489536632,-6.182725784513686
8716,pp,0.05,0.0,57,1.8645962977409365,-8.160957821932707,-7.173640727996826
8717,do,0.05,0.0,20,0.17538244366645817,-6.807141462961833,-5.91084132194519
8718,pp,0.05,0.0,45,3.869358288049697,-7.3719551823355935,-6.455733680725098
8719,do,0.05,0.0,56,1.6029572880268095,-5.801544001608184,-5.875772918595208
8720,pp,0.05,0.0,25,2.894935190677642,-4.978231005235152,-4.4225324206882055
8721,do,0.05,0.0,5,-0.3795430696010582,-5.349335067922419,-4.661901844872369
8722,pp,0.05,0.0,17,2.0660321938991553,-4.885382682626898,-4.12534351348877
8723,do,0.05,0.0,64,1.5204300236701966,-6.281425120613791,-6.972336496247186
8724,pp,0.05,0.0,22,3.2025563263893124,-5.551479658936009,-5.427358208762275
8725,do,0.05,0.0,16,1.6897563636302948,-6.009854884581133,-5.431356697612339
8726,pp,0.05,0.0,21,4.376603262424468,-4.995628663265344,-4.10302230781979
8727,do,0.05,0.0,25,1.9933544516563417,-6.15501085917155,-6.988959667417738
8728,pp,0.05,0.0,62,4.046172589063644,-6.945026140502005,-5.635903967751397
8729,do,0.05,0.0,70,1.6886399376392358,-6.937256808714433,-5.81234630478753
8730,pp,0.05,0.0,22,2.102435058355331,-5.220809313745209,-4.48360725376341
8731,do,0.05,0.0,28,1.989554970264435,-5.429916459863836,-5.339182223214044
8732,pp,0.05,0.0,68,1.498965018987656,-7.703543772841945,-6.570777379141914
8733,do,0.05,0.0,65,-0.31092991352081256,-9.109240575270219,-7.776974948247274
8734,pp,0.05,0.0,4,0.5914054620265965,-4.84076060815291,-3.9402564075258044
8735,do,0.05,0.0,9,0.20413832306861845,-6.530408470558398,-6.091342488924663
8736,pp,0.05,0.0,6,0.49917306423187213,-5.396515323176528,-4.239190700319078
8737,do,0.05,0.0,70,1.2639591765403742,-7.0840563499566285,-7.240900733735827
8738,pp,0.05,0.0,24,0.4460408937931062,-6.477502698609324,-5.991850990719265
8739,do,0.05,0.0,9,0.32258985042572075,-5.654909970543601,-4.755113543404473
8740,pp,0.05,0.0,25,1.9835011005401606,-6.458506881829464,-5.096626053916084
8741,do,0.05,0.0,70,2.639524738788605,-6.808281412991611,-6.54699260658688
8742,pp,0.05,0.0,57,3.7947541797161106,-6.2433111826578775,-5.3417106999291315
8743,do,0.05,0.0,38,3.5127257537841805,-5.4425147807959355,-5.29353142314487
8744,pp,0.05,0.0,34,3.6901602637767787,-6.7418813532049,-5.764753897984822
8745,do,0.05,0.0,18,1.2832181966304779,-4.516644599220969,-4.231646883487701
8746,pp,0.05,0.0,25,0.7162553739547732,-6.9835514718836,-5.158007097244263
8747,do,0.05,0.0,7,-0.5269741070270539,-5.8193551930514245,-5.412904535399543
8748,pp,0.05,0.0,16,2.8255837643146515,-5.377389530702071,-4.464522573682997
8749,do,0.05,0.0,68,2.7234530997276316,-6.282777137467355,-6.6121915049023094
8750,pp,0.05,0.0,15,1.956372593641281,-5.119681950771447,-4.559905544916789
8751,do,0.05,0.0,25,2.3802242279052743,-7.454988570646806,-7.871845965915256
8752,pp,0.05,0.0,39,4.276483035087585,-4.872437542135065,-4.126887219481998
8753,do,0.05,0.0,13,1.1739890837669371,-5.919522005138975,-5.776781945758396
8754,pp,0.05,0.0,15,2.1105575287342075,-4.709639490011966,-4.107483286327786
8755,do,0.05,0.0,70,0.3405409383773801,-8.186400440967445,-7.904203801684909
8756,pp,0.05,0.0,63,2.0092393553256986,-7.055443349029079,-6.1503968954086305
8757,do,0.05,0.0,37,2.450332690477371,-6.104323359691736,-5.4016668213738335
8758,pp,0.05,0.0,35,2.065220547914506,-7.437464738614631,-6.030442415343391
8759,do,0.05,0.0,16,0.1519639134407047,-6.447828343420317,-6.2382319688797
8760,pp,0.05,0.0,68,0.4215518283843984,-8.020476721272324,-7.2228776163525055
8761,do,0.05,0.0,1,-1.5531189632415767,-6.623250803802953,-6.041115135616726
8762,pp,0.05,0.0,40,0.7357179117202755,-7.763747281739206,-6.850651613871256
8763,do,0.05,0.0,51,2.2752064669132235,-6.267238862586744,-5.920786383416917
8764,pp,0.05,0.0,70,1.2566303896903994,-6.352751072970304,-5.1277222606870865
8765,do,0.05,0.0,24,1.4081354343891146,-6.027784863385287,-6.341531202528212
8766,pp,0.05,0.0,13,1.800244946479797,-5.695164371259285,-4.831271560986837
8767,do,0.05,0.0,46,0.10106835722923257,-9.076049167459662,-8.838185040156047
8768,pp,0.05,0.0,25,0.7382507681846615,-7.416333736072887,-6.18729337586297
8769,do,0.05,0.0,57,3.8563080763816835,-7.524210263743545,-6.685767104890611
8770,pp,0.05,0.0,32,3.924811551570892,-5.288997579343391,-4.604717882474263
8771,do,0.05,0.0,8,0.0022321879863742566,-5.208408295024525,-4.568773923979865
8772,pp,0.05,0.0,7,0.454943885803222,-5.2157823244730634,-4.361183487044441
8773,do,0.05,0.0,27,1.6565271544456488,-6.44032899683172,-5.778238415718079
8774,pp,0.05,0.0,18,1.4532295846939087,-5.052428960800171,-4.642594525549147
8775,do,0.05,0.0,70,1.1716386866569524,-6.1890397115187215,-5.715892333454556
8776,pp,0.05,0.0,21,1.9422247397899621,-5.118096516349099,-4.35389850669437
8777,do,0.05,0.0,63,2.181046119928359,-5.956019444899126,-5.274546874894036
8778,pp,0.05,0.0,70,2.085461294651031,-5.864816451795173,-4.9540455394321015
8779,do,0.05,0.0,70,0.7719255685806274,-7.590778015599106,-6.8960341188642715
8780,pp,0.05,0.0,45,0.494221546649932,-7.8289181983832155,-6.297138812806871
8781,do,0.05,0.0,28,2.2724865615367893,-4.1531866232554115,-4.143927645683289
8782,pp,0.05,0.0,23,2.971157776117325,-4.807300307533958,-4.021435765425364
8783,do,0.05,0.0,70,2.2942080104351037,-6.037500512961185,-7.015807906786601
8784,pp,0.05,0.0,23,1.5578530383110047,-5.618989510969683,-4.565482494566176
8785,do,0.05,0.0,42,0.8760414719581604,-9.01499132676558,-8.576313659879897
8786,pp,0.05,0.0,52,0.1685329008102432,-8.474097792307536,-7.744977988137139
8787,do,0.05,0.0,70,1.3937250590324402,-8.630525906880697,-7.519310336642795
8788,pp,0.05,0.0,34,2.2404944634437554,-7.340475354050145,-6.717504003312853
8789,do,0.05,0.0,33,1.7416360616683964,-8.100466015844635,-6.920947898758782
8790,pp,0.05,0.0,10,1.4486740458011624,-6.144029595635154,-5.11288698249393
8791,do,0.05,0.0,70,1.8317573583126068,-9.087136605291656,-9.179849534564548
8792,pp,0.05,0.0,48,2.019632414579391,-6.153125504291419,-5.534402910868327
8793,do,0.05,0.0,70,-0.6394432640075678,-9.93902345570651,-8.438455687628853
8794,pp,0.05,0.0,70,1.2306751513481142,-8.916903219801007,-7.347838184568617
8795,do,0.05,0.0,70,2.4915289664268494,-7.059372490102595,-7.17604124016232
8796,pp,0.05,0.0,58,1.5066480064392094,-7.530931508902348,-6.175839757919311
8797,do,0.05,0.0,59,3.302116045951843,-6.285378521138972,-5.164483910136752
8798,pp,0.05,0.0,8,0.27943743348121597,-5.282335142655806,-4.399418597751193
8799,do,0.05,0.0,70,1.8206078732013706,-7.0961442065961435,-6.743395169576009
8800,pp,0.05,0.0,39,3.76404918551445,-5.6857268781373,-4.971580929226345
8801,do,0.05,0.0,35,3.5110244405269615,-5.071606485771411,-4.378337162070804
8802,pp,0.05,0.0,48,2.283160115480422,-6.1111708756649135,-5.385565013355679
8803,do,0.05,0.0,67,1.0965030288696287,-6.696013707825632,-6.118496184878879
8804,pp,0.05,0.0,16,0.6570085656642917,-5.5910828214703185,-4.58375461101532
8805,do,0.05,0.0,70,1.660346573591232,-6.73616426785787,-6.018638634681702
8806,pp,0.05,0.0,59,0.889339010715485,-7.227899324532711,-5.908697976006402
8807,do,0.05,0.0,70,0.48639913797378576,-6.796542486999974,-6.224974417686463
8808,pp,0.05,0.0,70,-0.630344591140747,-7.63099695407983,-6.533173677656386
8809,do,0.05,0.0,55,1.5495291161537175,-7.70337442629265,-7.217729594972399
8810,pp,0.05,0.0,70,0.7987558078765868,-8.49599883484118,-6.961801142162747
8811,do,0.05,0.0,15,0.9083932805061341,-5.716810844883774,-4.925710720486111
8812,pp,0.05,0.0,70,0.7009515190124507,-8.067049464312467,-6.714387575785319
8813,do,0.05,0.0,18,2.0050034606456757,-6.04758666934389,-5.695251671473185
8814,pp,0.05,0.0,70,2.538573043346405,-8.547759827700528,-6.5584579494264394
8815,do,0.05,0.0,30,2.0478353059291834,-6.6684747984915065,-5.689139485359192
8816,pp,0.05,0.0,15,1.4486362385749816,-5.2209462902762676,-4.3061476760440405
8817,do,0.05,0.0,7,0.3788149762153621,-4.950991421034842,-4.352535088857015
8818,pp,0.05,0.0,17,0.16175074100494324,-7.010660408482407,-6.231823820537991
8819,do,0.05,0.0,32,0.9895983874797825,-6.457411032012015,-6.050022429890102
8820,pp,0.05,0.0,22,1.9429885303974155,-5.403426859595559,-4.5582599586910675
8821,do,0.05,0.0,20,3.0751144266128536,-6.4511333133235125,-5.738143510288662
8822,pp,0.05,0.0,41,2.9490993475913996,-5.551348791700421,-4.382359891467624
8823,do,0.05,0.0,24,1.8375842857360833,-5.7550389362104015,-6.707960499657525
8824,pp,0.05,0.0,42,2.640460497140884,-5.915197405670629,-4.7628572093115915
8825,do,0.05,0.0,28,1.9608926439285268,-6.304363908189716,-6.88786064253913
8826,pp,0.05,0.0,55,2.0145824956893925,-8.13849077947212,-6.849969021479288
8827,do,0.05,0.0,57,2.6714792275428776,-6.0360035101572675,-6.375959518220689
8828,pp,0.05,0.0,62,3.965380699634551,-7.27684260859634,-5.993082849184672
8829,do,0.05,0.0,56,2.382138295173644,-6.598027775504372,-5.983190539148119
8830,pp,0.05,0.0,30,2.952105948925018,-5.4619700330676455,-4.85295148425632
8831,do,0.05,0.0,18,2.2323190081119533,-6.8850560722929055,-6.10023086865743
8832,pp,0.05,0.0,39,4.041487560272217,-7.936422729492188,-6.621912625100878
8833,do,0.05,0.0,38,1.549634926319123,-6.980639710570827,-6.594278049468994
8834,pp,0.05,0.0,32,3.8043328142166137,-7.063374760656646,-6.073585245344374
8835,do,0.05,0.0,55,1.0166017758846282,-7.664102693037553,-6.848721308178372
8836,pp,0.05,0.0,32,0.4607986688613881,-7.423767534891764,-6.229469529787699
8837,do,0.05,0.0,32,2.4106933462619784,-5.097320380355373,-5.315530316034953
8838,pp,0.05,0.0,30,3.494642758369446,-6.0833816672816425,-5.718988121880425
8839,do,0.05,0.0,58,1.4515191256999982,-7.476329706654404,-7.442229647106594
8840,pp,0.05,0.0,35,3.2121991670131678,-7.1874475421327535,-5.585309677653843
8841,do,0.05,0.0,69,1.1372683286666874,-8.426793533382995,-9.941593440373738
8842,pp,0.05,0.0,38,2.6239367604255683,-5.963389074441158,-5.07569080458747
8843,do,0.05,0.0,6,-0.6220704793930052,-5.185608645641443,-4.738527411884732
8844,pp,0.05,0.0,16,2.4293475604057315,-5.293915273203995,-4.2186518695619375
8845,do,0.05,0.0,35,0.37200756311416594,-6.322993437449138,-7.934605031543308
8846,pp,0.05,0.0,24,2.250362670421601,-6.19949819391424,-5.037032741970486
8847,do,0.05,0.0,29,2.6704146850109094,-5.4208528504227145,-5.789182885487874
8848,pp,0.05,0.0,35,3.1470795273780823,-6.213050991116148,-5.21513606707255
8849,do,0.05,0.0,53,3.328564651012421,-4.735150501944802,-7.857999981774224
8850,pp,0.05,0.0,45,4.494257998466492,-6.852341266111894,-6.184396505355835
8851,do,0.05,0.0,34,2.1655747318267826,-7.656232978358413,-7.234380255805122
8852,pp,0.05,0.0,23,2.332662417888641,-6.124146876190648,-5.093155410554674
8853,do,0.05,0.0,24,2.384521763324738,-5.443676990451235,-5.243011615011427
8854,pp,0.05,0.0,64,3.261569956541061,-7.151315639958237,-6.306171456972758
8855,do,0.05,0.0,53,1.6317487418651577,-5.608993728233107,-5.866577763027615
8856,pp,0.05,0.0,23,1.4056140494346616,-5.986147286675193,-5.180997051133049
8857,do,0.05,0.0,10,1.82865464091301,-5.959246849291253,-5.176436630884806
8858,pp,0.05,0.0,65,2.072620038986207,-8.85680168758739,-7.702444842126634
8859,do,0.05,0.0,22,1.4500023961067203,-6.197239776091142,-6.64774849679735
8860,pp,0.05,0.0,45,1.2792463910579688,-6.436420822143555,-5.60718363655938
8861,do,0.05,0.0,23,1.4954578781127923,-5.2563511487209436,-6.792920070224338
8862,pp,0.05,0.0,13,2.057326961755752,-5.101724747455481,-4.400577176941765
8863,do,0.05,0.0,70,1.9672957825660706,-6.686791450327093,-8.21702709197998
8864,pp,0.05,0.0,26,2.5000772678852083,-5.610496737740257,-4.97032725016276
8865,do,0.05,0.0,26,1.4146806335449211,-6.827490922176477,-6.650232977337307
8866,pp,0.05,0.0,19,1.1026988637447355,-6.271321068388043,-4.837152401606242
8867,do,0.05,0.0,25,2.6439930260181423,-5.860290791771629,-5.476078115569221
8868,pp,0.05,0.0,22,3.278431649208069,-5.127678583607529,-4.329450790087382
8869,do,0.05,0.0,18,1.0760540103912355,-4.801453565828728,-4.830717322561476
8870,pp,0.05,0.0,63,1.5252889692783356,-8.786908700249413,-6.699651177724203
8871,do,0.05,0.0,36,1.947490549087524,-6.187339748035778,-6.798037984636095
8872,pp,0.05,0.0,45,4.078545528650283,-5.1960028474981135,-4.650736983617147
8873,do,0.05,0.0,30,1.9164187145233162,-5.7334500616247,-5.790088923772176
8874,pp,0.05,0.0,14,0.5532982134819031,-6.1136180415298,-4.818593528535631
8875,do,0.05,0.0,24,1.6686132919788363,-5.302047465064309,-5.301255271169874
8876,pp,0.05,0.0,15,1.558359363079071,-6.001741773431951,-5.150337431165907
8877,do,0.05,0.0,24,1.7131195151805887,-6.114762684793183,-6.867131026585897
8878,pp,0.05,0.0,41,3.706553270816803,-7.1646140069672555,-6.938274910714891
8879,do,0.05,0.0,11,1.6455548131465907,-4.888835755261508,-4.153274204995897
8880,pp,0.05,0.0,52,2.5011326122283934,-7.021346287293867,-5.864545594321357
8881,do,0.05,0.0,19,0.7176221632957454,-5.855175522601965,-6.256779845555624
8882,pp,0.05,0.0,30,2.2575148808956147,-5.780589560306433,-5.330055244763693
8883,do,0.05,0.0,47,2.670151817798615,-5.563973673907193,-6.029408404562209
8884,pp,0.05,0.0,67,3.200977889299393,-8.379275128335664,-7.59379177623325
8885,do,0.05,0.0,45,2.4933647608757026,-5.933683224880334,-5.259321684307523
8886,pp,0.05,0.0,44,1.516629909276963,-6.473326524098714,-5.472767326566908
8887,do,0.05,0.0,47,2.8026887905597686,-6.878638299306234,-7.987214149369134
8888,pp,0.05,0.0,63,1.7020631110668187,-7.366862471898397,-6.643889241748386
8889,do,0.05,0.0,3,0.4374726855754849,-4.8276178417783795,-4.192889179123773
8890,pp,0.05,0.0,11,1.505377486944199,-5.2979943636691935,-4.651703233189053
8891,do,0.05,0.0,8,1.2241601324081426,-5.4439368262435455,-4.7365692536036175
8892,pp,0.05,0.0,19,1.703859889507294,-8.39235479181463,-7.042810161908467
8893,do,0.05,0.0,20,0.7257643377780916,-5.9192024982336795,-6.009042551782396
8894,pp,0.05,0.0,34,3.3296432387828823,-5.678032580288973,-5.1243647257486975
8895,do,0.05,0.0,22,2.1850415921211246,-5.444293761975837,-5.454133809937371
8896,pp,0.05,0.0,10,1.0611767733097075,-5.293533482696071,-4.522052134407891
8897,do,0.05,0.0,23,2.2849678468704226,-6.456121525619969,-7.0006683561537
8898,pp,0.05,0.0,42,2.1440670418739316,-7.0527800458850285,-5.87706261475881
8899,do,0.05,0.0,30,2.715597239732743,-6.661741506692135,-6.36382651064131
8900,pp,0.05,0.0,19,1.6171406912803645,-5.686990440253055,-4.897256490919325
8901,do,0.05,0.0,65,0.9911086583137507,-7.215436491821752,-8.542079559961955
8902,pp,0.05,0.0,70,4.021333386898041,-7.8580359516721785,-6.120121020740933
8903,do,0.05,0.0,31,2.2038404202461237,-7.406875002022946,-6.669249902831184
8904,pp,0.05,0.0,11,1.6778603315353395,-6.331854172908899,-5.214988872740004
8905,do,0.05,0.0,9,0.5859270215034487,-4.932655990484989,-4.607196945614285
8906,pp,0.05,0.0,14,1.5186442017555235,-5.913567839246808,-4.8886472993426855
8907,do,0.05,0.0,70,2.943626309633255,-6.412927894881277,-6.209387273258633
8908,pp,0.05,0.0,27,3.8154876518249505,-4.922164794170495,-4.4783441570070055
8909,do,0.05,0.0,70,1.961402952671051,-8.311022514285463,-8.261191243595547
8910,pp,0.05,0.0,66,1.3275070261955264,-8.812139547232425,-7.190053711997138
8911,do,0.05,0.0,42,2.982816721200944,-6.2726589419625025,-5.830996383561028
8912,pp,0.05,0.0,17,1.6619047570228576,-5.865508222579956,-5.3728370269139605
8913,do,0.05,0.0,70,1.5451980602741227,-7.711436218203921,-7.58529810110728
8914,pp,0.05,0.0,59,5.7582625329494475,-6.141560843496611,-5.210739477475484
8915,do,0.05,0.0,70,1.4431987679004665,-8.066108936252016,-7.393488062752618
8916,pp,0.05,0.0,47,3.9541680395603187,-5.043421306032123,-4.443851608700222
8917,do,0.05,0.0,24,0.20687392711639419,-6.261976499268503,-6.193116593360901
8918,pp,0.05,0.0,28,4.409452035427093,-5.71905039584998,-4.9944249735938175
8919,do,0.05,0.0,12,0.9772498321533201,-5.19240529609449,-4.486439720789591
8920,pp,0.05,0.0,70,3.0339072632789605,-8.690522088426532,-7.467060905032688
8921,do,0.05,0.0,23,0.7858618986606594,-6.3402691190893,-5.74891242980957
8922,pp,0.05,0.0,28,2.3206733429431914,-6.089495447910193,-4.78307097752889
8923,do,0.05,0.0,17,3.0349897646903985,-4.956794410763365,-4.606951366530525
8924,pp,0.05,0.0,50,2.389673768281937,-7.13975421298634,-6.139968662791782
8925,do,0.05,0.0,70,1.140348333120346,-6.743596082745176,-6.212215911017524
8926,pp,0.05,0.0,39,1.70403221487999,-6.6064621058377355,-5.309711763593886
8927,do,0.05,0.0,64,0.20736078739166253,-7.892898043719205,-8.193027337392172
8928,pp,0.05,0.0,20,0.754517627954483,-6.241818430929473,-5.296929452154371
8929,do,0.05,0.0,70,3.7976855540275576,-5.377971445430409,-6.701700109905667
8930,pp,0.05,0.0,36,4.561013638973236,-6.177297226587931,-5.495628073480394
8931,do,0.05,0.0,24,0.8730633521080016,-5.132756838654027,-4.7535480737686155
8932,pp,0.05,0.0,20,3.2171163332462305,-5.338664440675215,-4.529824349615309
8933,do,0.05,0.0,36,1.31886259675026,-7.597871261654478,-7.668538268407186
8934,pp,0.05,0.0,63,4.083481999635697,-6.240048879565615,-5.132999722162882
8935,do,0.05,0.0,64,-0.040397157669067596,-7.660980597409335,-7.098019366794162
8936,pp,0.05,0.0,58,1.2348628664016719,-6.788901605028094,-6.153792733616299
8937,do,0.05,0.0,29,1.7396115458011625,-5.531618431842689,-5.010491092999776
8938,pp,0.05,0.0,62,4.249839125871659,-6.133011650316643,-5.217763622601827
8939,do,0.05,0.0,32,3.303207439184188,-7.265677706400553,-6.951169368955824
8940,pp,0.05,0.0,15,2.505900207757949,-5.875567163120617,-5.249134333928426
8941,do,0.05,0.0,61,1.4743289601802836,-7.970355306972157,-8.001885000864664
8942,pp,0.05,0.0,64,1.5787636578083033,-7.173717910593206,-6.245503944820828
8943,do,0.05,0.0,64,1.130398857593537,-8.639611111265241,-7.485269914733039
8944,pp,0.05,0.0,70,2.9923698377609256,-9.404632305376458,-9.187120713127984
8945,do,0.05,0.0,70,1.763866910934448,-6.508328206611402,-6.858760203255548
8946,pp,0.05,0.0,28,2.3382959008216853,-6.428497013901219,-5.3217279646131725
8947,do,0.05,0.0,31,1.7094444584846498,-7.3669671289848555,-7.446803442637125
8948,pp,0.05,0.0,16,1.9950137841701503,-5.234679099285241,-4.604650759696961
8949,do,0.05,0.0,22,1.5938287460803986,-7.198158447670214,-6.94438730875651
8950,pp,0.05,0.0,46,3.224704815149307,-7.787527514948989,-6.078419354226854
8951,do,0.05,0.0,70,-0.055654881000519296,-10.041365562785755,-8.768495856391059
8952,pp,0.05,0.0,48,3.0568614029884342,-6.618502040342851,-5.03753109243181
8953,do,0.05,0.0,66,3.2728615093231213,-6.840826631314827,-6.20954315132565
8954,pp,0.05,0.0,23,2.4905813431739805,-6.277100912729899,-5.200551001230876
8955,do,0.05,0.0,16,2.196646087169648,-4.826693386020082,-4.29806858168708
8956,pp,0.05,0.0,23,2.1085267567634585,-5.50472501263474,-4.6814111259248525
8957,do,0.05,0.0,67,1.8245027220249188,-9.524785994038437,-8.240957085291544
8958,pp,0.05,0.0,70,0.601296578645707,-7.578779213356249,-6.45261877377828
8959,do,0.05,0.0,56,1.890783169269561,-10.446919025074353,-8.958784829245673
8960,pp,0.05,0.0,56,2.3947419917583463,-8.079328672813647,-7.850184803538852
8961,do,0.05,0.0,70,4.1842314648628225,-5.677390780593409,-5.136267948150635
8962,pp,0.05,0.0,57,2.2523009526729583,-8.191162876649337,-7.45424387190077
8963,do,0.05,0.0,70,2.7398371839523312,-6.317083943973888,-5.948749144872029
8964,pp,0.05,0.0,54,1.3801049375534058,-6.707558565428763,-5.539541896184286
8965,do,0.05,0.0,46,-0.49842461466789256,-8.17479815194101,-7.629947598775228
8966,pp,0.05,0.0,70,2.4453772544860843,-7.4955641847668275,-5.835631518893772
8967,do,0.05,0.0,70,1.4819699287414547,-8.738522557056312,-7.86011872821384
8968,pp,0.05,0.0,70,1.0715305018424992,-8.313550752581971,-7.2743257575564915
8969,do,0.05,0.0,15,0.7284488916397098,-6.503629717682347,-6.0830657455656265
8970,pp,0.05,0.0,70,3.0838139140605936,-8.383998587637237,-6.639056685235765
8971,do,0.05,0.0,17,0.32176525115966825,-6.582418068972501,-6.666715489493476
8972,pp,0.05,0.0,24,1.9630264186859128,-5.565106432365648,-5.091074784596761
8973,do,0.05,0.0,70,2.23061809182167,-9.284838885971993,-10.618067630132039
8974,pp,0.05,0.0,70,2.7449584615230567,-8.382746628558998,-7.284685781266954
8975,do,0.05,0.0,70,2.747765740156174,-7.247243089386911,-8.224930704964532
8976,pp,0.05,0.0,49,2.6478120982646933,-6.272033018054384,-5.006896442837185
8977,do,0.05,0.0,70,1.2922623372077942,-7.440358020320083,-6.654424476623535
8978,pp,0.05,0.0,27,0.9075628554821007,-6.439470841667869,-5.571199610498216
8979,do,0.05,0.0,11,0.879658074378967,-4.6537235534552375,-4.2551043152809145
8980,pp,0.05,0.0,13,0.4281253719329836,-5.531660045276989,-4.820407748222351
8981,do,0.05,0.0,5,0.6687508606910706,-4.474267654707938,-3.866106160481771
8982,pp,0.05,0.0,10,0.7080116152763365,-5.829514270840269,-5.011826928456625
8983,do,0.05,0.0,10,2.056167266368867,-5.260123411814372,-4.443979218271044
8984,pp,0.05,0.0,70,2.895606403350829,-9.235574902910175,-6.713265458742778
8985,do,0.05,0.0,70,2.164225738048554,-10.398686098329948,-11.859300756454468
8986,pp,0.05,0.0,57,1.3939113759994513,-7.501707678130178,-6.389838253127204
8987,do,0.05,0.0,15,2.343469969034195,-5.980500981301972,-6.119840070936415
8988,pp,0.05,0.0,42,2.6300233435630798,-6.952101625095715,-6.188026565975613
8989,do,0.05,0.0,9,0.7340223157405852,-5.495803026719527,-4.803556158807543
8990,pp,0.05,0.0,70,1.8611372375488298,-9.742891529834631,-8.717902037832472
8991,do,0.05,0.0,70,2.6219042611122134,-10.160643701842337,-10.671393145455255
8992,pp,0.05,0.0,68,0.9813403570652,-7.0130487788807265,-6.310565016004774
8993,do,0.05,0.0,8,0.26659703493118325,-4.618743208682898,-4.266804748111301
8994,pp,0.05,0.0,7,0.6396212649345392,-4.512161832867247,-3.918379004796346
8995,do,0.05,0.0,60,2.198083560466767,-6.122733210072373,-5.595851156446669
8996,pp,0.05,0.0,70,1.49491285085678,-9.488522567171039,-7.884940102365282
8997,do,0.05,0.0,38,0.7373045182228095,-6.824370537382183,-5.902626660135057
8998,pp,0.05,0.0,10,0.9692534649372098,-4.7718630140477964,-4.0852606826358375
8999,do,0.05,0.0,12,1.5949674117565156,-4.2299683845404425,-4.053259403175778
9000,pp,0.05,0.0,70,2.8839380025863646,-6.3256058953025125,-5.33832295205858
9001,do,0.05,0.0,38,3.4657258903980255,-5.7996286059870865,-4.874820309215122
9002,pp,0.05,0.0,70,3.3884714901447293,-6.858135792703339,-6.112961440616184
9003,do,0.05,0.0,19,1.6538643586635589,-4.238527224280618,-3.9716792040401034
9004,pp,0.05,0.0,66,1.7378396821022024,-6.629084273540612,-5.643388774659899
9005,do,0.05,0.0,9,0.4141446983814241,-4.405912939707438,-4.1320341560575695
9006,pp,0.05,0.0,10,0.8245789194107056,-4.872004250324133,-4.2486492104000515
9007,do,0.05,0.0,23,1.937770091295243,-4.479766507582231,-4.293642486466302
9008,pp,0.05,0.0,8,0.6991096436977386,-4.885286860032515,-4.2987719933191935
9009,do,0.05,0.0,47,1.8199663817882534,-5.729550511909253,-4.813779624303182
9010,pp,0.05,0.0,67,1.513747798204423,-6.44973920619849,-5.268356498082479
9011,do,0.05,0.0,24,1.1864904820919033,-4.883199791474776,-4.080650028917525
9012,pp,0.05,0.0,70,1.2507954168319708,-7.15105293302825,-5.78015967739953
9013,do,0.05,0.0,27,2.597559570074081,-5.221764733574608,-5.452361300256517
9014,pp,0.05,0.0,39,2.063059238195419,-6.549520499778517,-5.483658088578118
9015,do,0.05,0.0,70,1.8974624216556535,-7.644337911316843,-6.733903235859341
9016,pp,0.05,0.0,47,1.8759590923786167,-5.597198590365323,-4.555453117688497
9017,do,0.05,0.0,13,1.6553124856948855,-4.681365463950417,-4.2476302557521395
9018,pp,0.05,0.0,25,0.6221924221515653,-6.9326926910515985,-6.06409932507409
9019,do,0.05,0.0,11,0.8674555337429046,-5.116389898820357,-4.929676098293728
9020,pp,0.05,0.0,39,2.1531975984573357,-7.009928633949974,-6.183303991953532
9021,do,0.05,0.0,12,0.6030158793926237,-5.118710802540635,-4.399069502618578
9022,pp,0.05,0.0,65,0.8938051652908321,-7.269049293344671,-6.190174865722656
9023,do,0.05,0.0,15,1.337112689018249,-4.97795604503516,-4.4168993526034885
9024,pp,0.05,0.0,48,3.3465651965141303,-6.034827462109653,-4.735452347331577
9025,do,0.05,0.0,20,0.07270476579666152,-5.770580267183709,-5.215544764200846
9026,pp,0.05,0.0,53,1.4574355196952826,-7.356392918211041,-7.206829314761691
9027,do,0.05,0.0,49,2.972360105514527,-5.880632768977772,-5.370938873291015
9028,pp,0.05,0.0,16,1.58536981344223,-5.774162384957978,-4.712571218278673
9029,do,0.05,0.0,70,1.6120741069316864,-7.143380706960505,-6.710041655434503
9030,pp,0.05,0.0,12,0.5945995116233824,-5.066138253067479,-4.524836534923978
9031,do,0.05,0.0,23,2.8834792470932005,-4.243824123613762,-3.775143709447649
9032,pp,0.05,0.0,18,2.6402985692024235,-5.119183926148848,-4.245028013653226
9033,do,0.05,0.0,49,2.6346115100383756,-5.026824889038548,-5.236748443709479
9034,pp,0.05,0.0,18,2.2493969011306767,-5.8563187729228625,-5.26149070792728
9035,do,0.05,0.0,58,2.5427320861816405,-5.070559624469642,-4.977852174970839
9036,pp,0.05,0.0,20,1.8136534225940704,-5.236069055037065,-4.515081690417396
9037,do,0.05,0.0,57,3.3075734472274787,-6.514487890763716,-6.3421042813195125
9038,pp,0.05,0.0,51,1.5970931029319768,-6.425343941197251,-5.901292271084255
9039,do,0.05,0.0,70,2.4898631584644324,-7.073125834898515,-6.350975386301676
9040,pp,0.05,0.0,70,2.4681330800056447,-7.084198593370842,-6.143834153811137
9041,do,0.05,0.0,25,2.4089501702785485,-4.8678871270382045,-4.610702851083544
9042,pp,0.05,0.0,53,2.0168665766715996,-6.320689633398345,-5.444989715682135
9043,do,0.05,0.0,70,2.4431614196300515,-6.022250458688447,-5.580589861339993
9044,pp,0.05,0.0,70,1.880015321969986,-6.753986231486002,-6.1175715896818375
9045,do,0.05,0.0,8,0.21365698575973546,-5.1326823884790596,-4.549561731020609
9046,pp,0.05,0.0,8,0.5477432918548581,-5.370067980795196,-4.512239890628391
9047,do,0.05,0.0,52,1.9411117815971366,-5.459497807242654,-5.1343644830915665
9048,pp,0.05,0.0,54,2.2500044667720784,-6.15640809319236,-5.380613811810812
9049,do,0.05,0.0,7,0.20283878922462506,-4.950544510465679,-4.506739754147
9050,pp,0.05,0.0,25,0.2826476705074308,-6.382849544467348,-5.831266268094381
9051,do,0.05,0.0,18,2.4086448049545286,-4.888593382546396,-4.440596591101753
9052,pp,0.05,0.0,8,1.7196273398399358,-5.104624165910663,-4.236565679974026
9053,do,0.05,0.0,46,1.8485821676254277,-6.721912421602191,-5.9899632374445595
9054,pp,0.05,0.0,41,2.4745266914367674,-7.446962989460339,-7.2324929820166695
9055,do,0.05,0.0,43,2.9197745156288137,-4.636045812838005,-4.085943137274848
9056,pp,0.05,0.0,29,3.129188052415847,-5.865490539146192,-5.1505914635128445
9057,do,0.05,0.0,46,1.1041813313961022,-6.518924743478949,-6.633654469913907
9058,pp,0.05,0.0,33,1.1652831423282626,-6.3092610272494225,-5.439756849077013
9059,do,0.05,0.0,58,0.6942058074474335,-5.857963216666019,-6.319447355800205
9060,pp,0.05,0.0,70,1.2285154521465307,-6.292485550678138,-5.997932410240173
9061,do,0.05,0.0,10,0.4185755801200868,-5.297611993731874,-4.869764068391588
9062,pp,0.05,0.0,17,1.4066813492774957,-5.592173491102276,-4.703435066011217
9063,do,0.05,0.0,70,1.6541781020164485,-6.429567055268721,-6.726960078875224
9064,pp,0.05,0.0,21,0.6922754251956933,-5.741538942221439,-5.415732481744555
9065,do,0.05,0.0,16,3.0010822486877444,-5.231677186850345,-4.872181924184163
9066,pp,0.05,0.0,8,0.7550563311576841,-5.275131599830859,-4.548183888859219
9067,do,0.05,0.0,17,2.6579963672161107,-4.694154125271422,-4.406876198450724
9068,pp,0.05,0.0,14,1.189950695037842,-4.846000882351038,-4.048770234319899
9069,do,0.05,0.0,12,1.2299097609519967,-4.833652441429369,-4.628558611869812
9070,pp,0.05,0.0,8,0.16262777209281865,-5.205144554195982,-4.687235058678521
9071,do,0.05,0.0,37,1.4322920155525214,-7.148869156114983,-7.268084621429443
9072,pp,0.05,0.0,70,0.8636741185188299,-8.551440237507675,-7.486425775951809
9073,do,0.05,0.0,41,2.0970087504386905,-6.755842159733628,-5.91704425546858
9074,pp,0.05,0.0,7,1.4099427437782284,-4.840391585321138,-4.347904684808519
9075,do,0.05,0.0,9,2.0300753700733187,-5.682678117174091,-4.898201870918274
9076,pp,0.05,0.0,15,1.2429647147655487,-5.536709552822691,-4.792862780888876
9077,do,0.05,0.0,66,2.773035732507706,-7.5858762986732255,-6.634236293368869
9078,pp,0.05,0.0,66,2.032914272546769,-7.460358278679125,-6.382198521826003
9079,do,0.05,0.0,13,1.962029857635498,-4.876634992252697,-4.657027292251587
9080,pp,0.05,0.0,16,1.683727136850357,-5.140376523046783,-4.56190480656094
9081,do,0.05,0.0,70,2.809638593196869,-9.27603568163785,-8.443207380506728
9082,pp,0.05,0.0,9,1.4368635070323945,-7.106689252275409,-5.774346036381192
9083,do,0.05,0.0,59,1.4893594181537617,-6.506324551322243,-6.58541591697269
9084,pp,0.05,0.0,18,1.90725825548172,-5.411527866305727,-4.691132299105326
9085,do,0.05,0.0,14,2.268967281579971,-4.364107420950225,-4.1332308557298445
9086,pp,0.05,0.0,22,2.6798026359081275,-5.0446019952947445,-4.441480056444804
9087,do,0.05,0.0,10,0.7370586109161374,-4.446910060535778,-4.0756868137253655
9088,pp,0.05,0.0,21,2.7178789687156666,-4.938135405742761,-4.349597424930996
9089,do,0.05,0.0,15,2.245777461528778,-5.096449341918483,-4.5545396354463366
9090,pp,0.05,0.0,70,2.1509751486778264,-7.179736342574611,-6.36738596227434
9091,do,0.05,0.0,14,1.0857300782203678,-5.247813555688569,-4.702304095692105
9092,pp,0.05,0.0,16,2.205702239274979,-5.067523207808986,-4.479673560460409
9093,do,0.05,0.0,16,2.2183243858814237,-4.262885281533906,-4.081389251020219
9094,pp,0.05,0.0,41,2.945842005014419,-7.666629963210135,-5.596822508176168
9095,do,0.05,0.0,11,1.7367558336257929,-4.324683394576564,-3.830756123860677
9096,pp,0.05,0.0,15,1.7401970064640047,-5.550066085295244,-4.547402509053549
9097,do,0.05,0.0,26,1.9944939827918997,-6.016787005915786,-5.941811225149366
9098,pp,0.05,0.0,58,1.1308425569534304,-8.914675953893951,-7.483046685324775
9099,do,0.05,0.0,70,1.5178290176391602,-6.790152507839781,-8.411899434195625
9100,pp,0.05,0.0,23,2.8091270911693567,-7.686924521128336,-5.9193716393576725
9101,do,0.05,0.0,10,0.9205486512184144,-5.432524345860337,-4.76603282822503
9102,pp,0.05,0.0,68,1.207878642082215,-7.063461948163582,-6.089103150367737
9103,do,0.05,0.0,14,2.8612794280052194,-4.630140040137551,-4.6555046849780615
9104,pp,0.05,0.0,18,1.0922708368301395,-5.895794700853752,-4.875701377126906
9105,do,0.05,0.0,40,2.343552492856979,-9.280346447048766,-7.846387939982944
9106,pp,0.05,0.0,27,1.0079980647563929,-8.161241885387536,-7.09752324157291
9107,do,0.05,0.0,17,2.0110183191299447,-4.809078993941799,-5.027193432384067
9108,pp,0.05,0.0,54,2.849247808456421,-6.612992252003063,-5.950412652227613
9109,do,0.05,0.0,51,2.7566609406471247,-6.060690108212557,-5.3163559251361425
9110,pp,0.05,0.0,51,1.8148859560489656,-5.598804148760709,-4.801610867182414
9111,do,0.05,0.0,61,2.8179794251918793,-6.684451620506517,-6.75237873925103
9112,pp,0.05,0.0,16,1.3342179501056677,-5.584878628181689,-4.868516858418783
9113,do,0.05,0.0,34,2.917626998424529,-7.849204179012414,-7.818926162189907
9114,pp,0.05,0.0,70,2.329342066049575,-6.252533249421553,-5.684543013572693
9115,do,0.05,0.0,35,1.8172757744789125,-7.305935642936013,-7.120448912514581
9116,pp,0.05,0.0,15,0.8011944139003759,-5.784699432777636,-5.221126572291056
9117,do,0.05,0.0,70,2.1215089392662048,-9.509142715280706,-7.773889334996541
9118,pp,0.05,0.0,6,0.44702837109565774,-5.40372104066791,-4.598876396814982
9119,do,0.05,0.0,15,2.8159602594375617,-6.844951683102232,-6.212660148408678
9120,pp,0.05,0.0,70,-0.27647205829620347,-13.309194126996127,-10.885101591216193
9121,do,0.05,0.0,38,2.8877778279781348,-5.637396303812663,-5.326985798941719
9122,pp,0.05,0.0,67,2.982730017900468,-7.033025133248532,-6.412727978494432
9123,do,0.05,0.0,70,2.100309849977494,-5.875307924097235,-5.0751762231191
9124,pp,0.05,0.0,70,1.108141913414002,-9.510438663309271,-8.102519374423556
9125,do,0.05,0.0,6,0.4491523337364196,-5.011417144717592,-4.274301889207628
9126,pp,0.05,0.0,3,0.2727625238895417,-4.672745561599731,-4.362921868430243
9127,do,0.05,0.0,15,1.5888737654685983,-5.162473154067993,-4.767148682806227
9128,pp,0.05,0.0,24,2.6724044883251183,-5.786415594274348,-5.208318991131253
9129,do,0.05,0.0,16,2.24895283460617,-4.416613869233565,-3.8268861956066553
9130,pp,0.05,0.0,33,2.673148770332337,-7.147706705151182,-6.526523730489942
9131,do,0.05,0.0,11,0.8195730543136595,-5.1754272995573105,-5.109284316168891
9132,pp,0.05,0.0,6,0.8605105209350592,-4.9234155886101,-4.767535191112095
9133,do,0.05,0.0,58,3.0560825860500334,-5.767577508001617,-5.178068518638611
9134,pp,0.05,0.0,70,3.4445926368236535,-7.10972461122455,-5.973804622226291
9135,do,0.05,0.0,34,2.138977794647216,-5.108961102456758,-4.440337630112966
9136,pp,0.05,0.0,70,2.895994999408723,-8.962511672395648,-6.6688896550072565
9137,do,0.05,0.0,30,1.8498048806190486,-6.0525425650856715,-5.251949609650506
9138,pp,0.05,0.0,24,1.50660764336586,-6.075841042489716,-5.2083393653233845
9139,do,0.05,0.0,7,1.6188131368160246,-5.4994687297127465,-4.408015068372091
9140,pp,0.05,0.0,8,0.4809791755676267,-5.507849905707619,-4.716421821382311
9141,do,0.05,0.0,51,1.5625658679008492,-7.717249689680157,-10.413221528795031
9142,pp,0.05,0.0,70,1.2322987174987796,-7.873134871685144,-7.7519722249772816
9143,do,0.05,0.0,21,1.0367555880546568,-5.855662933985392,-5.521331720881992
9144,pp,0.05,0.0,7,0.7413566803932188,-4.926351925821015,-4.360852670669556
9145,do,0.05,0.0,68,1.3801400601863865,-8.504069949641373,-8.531078386306763
9146,pp,0.05,0.0,65,1.3129179370403286,-9.33655579884847,-8.247743304570516
9147,do,0.05,0.0,21,2.0809160447120663,-5.747965650847464,-5.800565846761068
9148,pp,0.05,0.0,7,0.44820850133895807,-5.761407584855051,-5.02468298541175
9149,do,0.05,0.0,58,2.5882370293140413,-6.442574483698064,-6.980879614088271
9150,pp,0.05,0.0,7,0.7335249626636511,-5.347523291905721,-5.044568406211005
9151,do,0.05,0.0,45,0.31985950469970703,-6.689819357611916,-6.02252606815762
9152,pp,0.05,0.0,10,0.05740342259407072,-5.33871322256146,-4.764512610435486
9153,do,0.05,0.0,54,3.4221072363853455,-5.722485092914465,-5.327566154797872
9154,pp,0.05,0.0,65,3.651874258518218,-8.409756260207205,-7.0536321507559885
9155,do,0.05,0.0,70,3.5725291299819943,-8.036023530093106,-6.590290779537625
9156,pp,0.05,0.0,70,1.702542707920074,-8.847000013698231,-7.481355995602078
9157,do,0.05,0.0,70,1.2366005825996407,-8.852048936034693,-8.4265333281623
9158,pp,0.05,0.0,70,2.2846592855453487,-10.026368870879665,-9.480339399973552
9159,do,0.05,0.0,70,0.4593128025531765,-8.749827127745657,-8.701056599617004
9160,pp,0.05,0.0,42,1.5495752418041224,-9.298718734221024,-8.067153037918938
9161,do,0.05,0.0,28,2.319226253032685,-5.336742094791297,-4.894092774391174
9162,pp,0.05,0.0,23,2.732738019227982,-5.467380460103353,-4.9973698907428314
9163,do,0.05,0.0,50,1.4233314871788014,-7.071069954380844,-7.607343673706055
9164,pp,0.05,0.0,62,2.827397429943085,-6.776940248951767,-5.828949321640862
9165,do,0.05,0.0,24,2.4315764129161845,-8.0643911968578,-7.3923694054285685
9166,pp,0.05,0.0,10,1.7183105492591855,-4.972704787687822,-4.086411861578624
9167,do,0.05,0.0,70,4.096033993959426,-5.369553758158828,-4.739909998575846
9168,pp,0.05,0.0,69,3.145893305540084,-4.88822684432521,-4.323727263344659
9169,do,0.05,0.0,70,1.5158222913742065,-8.865842946370442,-9.414079088634915
9170,pp,0.05,0.0,36,2.416508851051331,-7.253422825264209,-5.8470171001222395
9171,do,0.05,0.0,64,0.13994957089424176,-9.667008009823887,-9.56063830587599
9172,pp,0.05,0.0,70,3.8780912458896637,-6.677250807213061,-6.452495890193515
9173,do,0.05,0.0,64,1.799737631082536,-5.913974724393903,-6.352856010860867
9174,pp,0.05,0.0,22,2.09701273560524,-4.793912397731434,-4.285085240999858
9175,do,0.05,0.0,22,1.31415381193161,-5.432198716654922,-4.813318194283379
9176,pp,0.05,0.0,50,1.7050913190841666,-7.078781438596321,-6.371640502081977
9177,do,0.05,0.0,24,1.6009329891204835,-6.16029185815291,-5.747430303361681
9178,pp,0.05,0.0,37,3.615442780256272,-5.672293320569125,-5.287045420540704
9179,do,0.05,0.0,70,3.56828032374382,-7.895709443814827,-7.614610375298394
9180,pp,0.05,0.0,70,3.0769353127479553,-7.50217298449892,-5.961122155189514
9181,do,0.05,0.0,57,2.2718481874465946,-7.616095820340243,-7.741714615292019
9182,pp,0.05,0.0,70,1.7325137543678295,-8.031375516544689,-6.901493883132934
9183,do,0.05,0.0,16,-0.0676884651184082,-5.945289792436542,-6.197901010513306
9184,pp,0.05,0.0,16,0.611409951448441,-6.702886172496911,-5.7894709560606215
9185,do,0.05,0.0,70,2.2780197548866266,-9.3495921756282,-8.869497871398925
9186,pp,0.05,0.0,52,3.021225907802581,-7.802458504474524,-6.933008074760437
9187,do,0.05,0.0,68,2.9801578271388998,-4.533014348058989,-4.709788656234741
9188,pp,0.05,0.0,57,3.2119818854331967,-6.555533589738788,-5.414408479796515
9189,do,0.05,0.0,70,-1.322128787040711,-9.713287619388465,-8.563636949327257
9190,pp,0.05,0.0,55,1.3829786908626556,-5.335850582700787,-4.697503618399302
9191,do,0.05,0.0,65,3.7498632717132567,-5.742070339665268,-6.555260271496243
9192,pp,0.05,0.0,29,0.7995781147479999,-6.748236372976592,-6.110184865527683
9193,do,0.05,0.0,42,3.175595237016678,-6.9439523407907195,-6.106633496284485
9194,pp,0.05,0.0,31,2.3652362251281733,-8.359899233326768,-5.783557611041599
9195,do,0.05,0.0,70,3.4099784171581264,-6.185802764603586,-5.212614692582024
9196,pp,0.05,0.0,15,1.0975969219207764,-5.180262954307325,-4.400097990036011
9197,do,0.05,0.0,66,3.1394723367691038,-5.990712343562733,-6.60436769856347
9198,pp,0.05,0.0,70,2.2732426643371584,-6.2044448722492564,-5.266041164928012
9199,do,0.05,0.0,11,0.8427526128292095,-6.735905111197269,-6.010889493094551
9200,pp,0.05,0.0,8,2.0383185672760007,-4.761110300006289,-4.191087113486396
9201,do,0.05,0.0,31,2.259004864692688,-5.885523433396311,-6.349367512596978
9202,pp,0.05,0.0,11,1.8689757025241853,-4.92384353984486,-3.972741617096795
9203,do,0.05,0.0,7,0.37704995036125144,-5.416993330464218,-4.729149312443203
9204,pp,0.05,0.0,36,1.390598189830781,-8.895009837006077,-7.346572960747613
9205,do,0.05,0.0,30,4.567024301290512,-5.817786466714107,-6.2672267172071665
9206,pp,0.05,0.0,70,4.2816888678073886,-6.828636254686298,-5.953921951187981
9207,do,0.05,0.0,11,0.9854836797714235,-5.365998005144524,-4.774418918291728
9208,pp,0.05,0.0,66,1.9674052846431724,-8.164315381194607,-6.849474448627896
9209,do,0.05,0.0,53,1.0536311328411099,-7.287117114211574,-7.82427797847324
9210,pp,0.05,0.0,22,1.5049329829216003,-8.348713489012285,-6.793037011888292
9211,do,0.05,0.0,70,0.5535608887672421,-7.437392619161895,-7.373404354519314
9212,pp,0.05,0.0,60,1.7462343239784248,-6.4890227390058115,-5.5383118152618405
9213,do,0.05,0.0,22,1.6864736270904537,-6.5628009420452695,-7.074042026201884
9214,pp,0.05,0.0,50,1.6717375397682197,-8.367283111630064,-7.520924133724637
9215,do,0.05,0.0,6,0.3766789209842676,-5.7754380818569295,-4.970472574234009
9216,pp,0.05,0.0,4,0.6693190801143647,-4.41409688429399,-3.7851909319559733
9217,do,0.05,0.0,63,2.3442228949069968,-7.806845877387307,-8.754113568200005
9218,pp,0.05,0.0,46,2.6728301274776456,-6.209066013856368,-5.346387071079678
9219,do,0.05,0.0,12,1.3052510595321651,-5.195524298061024,-5.304168958134121
9220,pp,0.05,0.0,47,1.8944796776771557,-7.339760014505098,-5.875919002956814
9221,do,0.05,0.0,23,2.911423797607422,-5.029048516533591,-4.718294530444675
9222,pp,0.05,0.0,70,2.435331655740738,-8.875262296561038,-7.5420576360490585
9223,do,0.05,0.0,4,-0.8264560437202455,-6.207324409484864,-5.390812084409926
9224,pp,0.05,0.0,45,1.1203550672531133,-7.31458082632585,-6.244909154044257
9225,do,0.05,0.0,63,3.065807116031647,-7.790202419685595,-7.73036642604404
9226,pp,0.05,0.0,58,2.3343007266521454,-6.19994643240264,-5.121641823980544
9227,do,0.05,0.0,27,1.3481960010528553,-7.396034534049757,-7.756883552339342
9228,pp,0.05,0.0,9,1.1429128468036653,-4.763637266737042,-4.134563538763258
9229,do,0.05,0.0,14,1.527654612064362,-5.3933252695834994,-5.478972162140741
9230,pp,0.05,0.0,35,1.8541728091239928,-6.479755540327592,-5.2695296022627085
9231,do,0.05,0.0,66,0.74999442577362,-7.824319677641897,-8.264715650346544
9232,pp,0.05,0.0,70,1.394762737751007,-8.144897931994814,-6.798373421033223
9233,do,0.05,0.0,36,1.1376616954803467,-5.425345581228083,-6.068515258365207
9234,pp,0.05,0.0,50,1.8477152216434485,-6.287484567815607,-5.255676031112671
9235,do,0.05,0.0,41,3.23404680967331,-5.749795626149033,-5.623314197858175
9236,pp,0.05,0.0,46,3.2256936049461364,-4.461107077743068,-4.161170917087131
9237,do,0.05,0.0,24,1.2737518763542175,-5.444214326685125,-6.067723335160149
9238,pp,0.05,0.0,31,2.242926309108734,-5.534287163705537,-4.738682717747158
9239,do,0.05,0.0,58,2.9678953087329862,-5.9905770056175465,-6.614027733272977
9240,pp,0.05,0.0,70,4.074448649883271,-6.201263731176203,-5.530477976799011
9241,do,0.05,0.0,29,3.125517706871033,-4.847047870809382,-4.657834161652459
9242,pp,0.05,0.0,35,3.1433562088012685,-4.171130142789899,-3.682585306962331
9243,do,0.05,0.0,22,1.1813321423530576,-5.249758153973204,-5.397301456663343
9244,pp,0.05,0.0,36,0.724724819660187,-7.608077738501809,-6.373101449012756
9245,do,0.05,0.0,33,2.897617590427399,-5.540488954023881,-4.921122492684258
9246,pp,0.05,0.0,67,3.708842017650605,-5.639909144603845,-5.299155259132386
9247,do,0.05,0.0,62,3.171070381402969,-6.4859187299554995,-6.307263180944655
9248,pp,0.05,0.0,40,3.086685045957565,-5.414012901710741,-4.376452665858799
9249,do,0.05,0.0,70,0.8942798852920522,-8.47051787809892,-9.038367976082696
9250,pp,0.05,0.0,70,1.6039478123188022,-6.585347965991859,-6.225612799326579
9251,do,0.05,0.0,22,0.5201443505287173,-6.020614186200229,-5.751691513591343
9252,pp,0.05,0.0,66,2.6047360515594473,-6.1400435895630805,-5.388180462519328
9253,do,0.05,0.0,70,3.648656520843506,-7.150764550584736,-6.205052751964993
9254,pp,0.05,0.0,6,0.5234418427944183,-4.303124898852724,-3.7982836577627395
9255,do,0.05,0.0,70,1.6574848735332477,-10.724336489764127,-10.483289252387152
9256,pp,0.05,0.0,70,1.8313622617721546,-10.280033940979928,-9.089407685067918
9257,do,0.05,0.0,60,0.4588515317440045,-7.940717468839703,-10.622532616721259
9258,pp,0.05,0.0,70,2.2386305427551267,-6.351947689056397,-5.505950652228462
9259,do,0.05,0.0,35,2.8629073202610007,-6.0065650260809695,-6.507376852300432
9260,pp,0.05,0.0,23,2.3434038043022163,-5.023283218614983,-4.622765527831183
9261,do,0.05,0.0,70,-0.19306461811065567,-9.651693375905355,-9.413134887483384
9262,pp,0.05,0.0,33,2.2119405424594873,-6.6051428679263955,-5.695408492618137
9263,do,0.05,0.0,58,2.0060570752620706,-6.566271698113644,-5.715734932157728
9264,pp,0.05,0.0,11,1.5997451794147493,-5.11389550151247,-4.548711599244012
9265,do,0.05,0.0,70,3.3408986997604373,-6.191388754411177,-5.803983987702264
9266,pp,0.05,0.0,39,2.0420366001129153,-7.992389850905448,-6.638504417737325
9267,do,0.05,0.0,69,4.299535193443298,-7.040821624524666,-6.390375479062398
9268,pp,0.05,0.0,65,1.8097661554813378,-7.5425159454345705,-6.596652279959785
9269,do,0.05,0.0,70,2.4300092244148246,-8.6424128965898,-8.362313652038575
9270,pp,0.05,0.0,60,1.3566403436660774,-8.41542824831876,-7.876937913894653
9271,do,0.05,0.0,70,3.239477884769439,-5.633915463360873,-5.160832328266568
9272,pp,0.05,0.0,59,2.7348829638957968,-5.660893425796971,-4.792244980070326
9273,do,0.05,0.0,8,1.185002299547195,-4.611868658932773,-4.627557479010688
9274,pp,0.05,0.0,7,0.4146099746227261,-5.82496192816532,-4.975452470779419
9275,do,0.05,0.0,39,0.6571642601490026,-7.431105132536454,-7.115995211071438
9276,pp,0.05,0.0,65,0.47263774514198253,-7.554576544328169,-6.977962721718682
9277,do,0.05,0.0,16,1.8884227466583248,-5.822551769198793,-5.198527272542318
9278,pp,0.05,0.0,25,2.8548979616165155,-5.814002029823534,-5.201513022846646
9279,do,0.05,0.0,70,0.9720137119293213,-8.497357525969997,-7.279449039035374
9280,pp,0.05,0.0,5,0.39607121944427437,-5.4399612816897305,-4.575503460566202
9281,do,0.05,0.0,27,2.7162745368480685,-6.550549530260491,-6.607563591003418
9282,pp,0.05,0.0,45,0.9303207612037667,-7.247742426034176,-6.274014414681329
9283,do,0.05,0.0,70,2.408739031553269,-7.367447072809393,-8.060016345977782
9284,pp,0.05,0.0,70,1.146301461458207,-7.278848870595296,-7.437297879325019
9285,do,0.05,0.0,70,1.2247550106048593,-7.08459194356745,-6.9284458955128985
9286,pp,0.05,0.0,51,1.114012670516967,-6.486645679762869,-6.214261637793647
9287,do,0.05,0.0,68,3.009674627780914,-6.752124075456099,-6.466822375191582
9288,pp,0.05,0.0,26,2.27267815709114,-5.4091786442380965,-4.834703312979804
9289,do,0.05,0.0,70,3.4294972717761993,-7.011813179651896,-5.823129502932231
9290,pp,0.05,0.0,23,2.031112874746322,-6.067841691681833,-5.303060992558797
9291,do,0.05,0.0,70,2.5163897180557244,-7.877921523469867,-6.667412837346395
9292,pp,0.05,0.0,23,1.8149917340278625,-5.46162496769067,-4.8364772902594675
9293,do,0.05,0.0,69,3.594656021595001,-7.51358915531274,-7.446806245379978
9294,pp,0.05,0.0,25,3.1410799038410184,-5.254549899245753,-5.0756382730272085
9295,do,0.05,0.0,31,1.7861084842681878,-7.500618966420491,-7.15051072438558
9296,pp,0.05,0.0,11,0.4393002653121947,-5.83996230616714,-5.030881953239441
9297,do,0.05,0.0,32,2.016200300455094,-7.4853584347349225,-6.549741607242161
9298,pp,0.05,0.0,14,2.2260688865184797,-5.362718147220034,-4.7067384746339584
9299,do,0.05,0.0,64,0.6291004753112794,-9.760736208251029,-9.031763786739774
9300,pp,0.05,0.0,6,0.21572223424911474,-4.940462878256133,-4.42417889436086
9301,do,0.05,0.0,54,1.08051807641983,-8.268588800141305,-8.919001817703247
9302,pp,0.05,0.0,7,0.19677623510360753,-5.170265238212816,-4.620027036137051
9303,do,0.05,0.0,23,1.4914067316055304,-6.2445077939467,-5.643428036901686
9304,pp,0.05,0.0,3,0.3257604348659511,-4.752204026597919,-3.9655839257770116
9305,do,0.05,0.0,32,1.799715497493744,-4.734798174193411,-4.254545153511895
9306,pp,0.05,0.0,15,1.8131422460079198,-5.268838722055609,-4.609037756919861
9307,do,0.05,0.0,69,1.7951893067359928,-6.435665288115993,-5.8825320455763075
9308,pp,0.05,0.0,70,3.795645246505737,-7.49996186169711,-5.8352771308686995
9309,do,0.05,0.0,25,1.1274027061462402,-4.9991836417805064,-4.6687728987799755
9310,pp,0.05,0.0,70,2.248989729881287,-6.234148836135864,-5.39695897102356
9311,do,0.05,0.0,27,0.7386360347270964,-5.362170112494266,-4.913404708438449
9312,pp,0.05,0.0,66,1.7379716420173645,-6.798656794519135,-5.828004998630948
9313,do,0.05,0.0,70,1.2777085304260254,-8.922705043445934,-8.280329746670192
9314,pp,0.05,0.0,29,0.5876588380336756,-7.001608124646274,-6.115684503979153
9315,do,0.05,0.0,22,1.0573608708381652,-6.747515535354614,-6.448188087675306
9316,pp,0.05,0.0,51,2.5320376729965197,-10.714242705431852,-8.58596387439304
9317,do,0.05,0.0,14,1.5681911551952359,-5.050558026631673,-5.760835305849711
9318,pp,0.05,0.0,23,1.5315508890151976,-6.744426422408133,-6.075909060902066
9319,do,0.05,0.0,38,-1.1387390506267536,-7.829482913739754,-8.281105502446492
9320,pp,0.05,0.0,70,1.0578930723667135,-7.270655929681027,-6.672504870096843
9321,do,0.05,0.0,26,0.759988040924072,-4.903179937420469,-4.7557772397994995
9322,pp,0.05,0.0,8,1.0937611818313604,-5.2555624759558475,-4.684298989507887
9323,do,0.05,0.0,20,1.143607456684113,-7.084540644558993,-6.296382445759243
9324,pp,0.05,0.0,12,1.3645637154579164,-4.148748711383704,-3.648408873875936
9325,do,0.05,0.0,25,1.321597338914871,-5.06994925845753,-5.4104214350382485
9326,pp,0.05,0.0,19,1.9307505130767817,-6.1400283134344855,-5.376172426011827
9327,do,0.05,0.0,27,2.843924833536147,-7.559927213553227,-6.6595115714603
9328,pp,0.05,0.0,64,2.752309460639953,-8.29671868988962,-7.414529964658949
9329,do,0.05,0.0,70,2.4431959187984464,-5.387457697319262,-5.6025198909971445
9330,pp,0.05,0.0,53,2.6140943717956535,-6.95009149204601,-5.988518010245429
9331,do,0.05,0.0,16,1.0534863972663882,-6.211742562958689,-5.53801097340054
9332,pp,0.05,0.0,26,1.0924512648582443,-8.395293767524487,-7.386040952470568
9333,do,0.05,0.0,18,1.1259959769248962,-6.671218409682766,-6.929826209280226
9334,pp,0.05,0.0,38,1.3800162947177883,-6.6612134471084135,-5.872234270307753
9335,do,0.05,0.0,36,3.089401081800461,-5.241970439390703,-5.387352323532104
9336,pp,0.05,0.0,14,0.9895131766796119,-5.0253776449145695,-4.384231074651082
9337,do,0.05,0.0,51,0.0701754176616669,-7.263749531543616,-8.834526268641154
9338,pp,0.05,0.0,41,2.139796216487885,-6.162073233633331,-5.220741200447082
9339,do,0.05,0.0,70,1.023144276142121,-9.916624154466572,-9.758410840564304
9340,pp,0.05,0.0,70,2.3542237198352822,-10.430886157353719,-8.62961069477929
9341,do,0.05,0.0,68,-0.13452374935150146,-8.155317284844138,-8.156278938717312
9342,pp,0.05,0.0,70,2.7183462667465204,-7.744856809847283,-5.723664546012879
9343,do,0.05,0.0,49,0.9149133098125457,-7.379654199426825,-6.945755142635769
9344,pp,0.05,0.0,18,2.314215246438981,-5.442351696707986,-4.218340496222178
9345,do,0.05,0.0,24,3.6424988853931426,-7.271781697417751,-6.264646702342564
9346,pp,0.05,0.0,25,2.9672491216659553,-8.137661082816846,-6.689661078982883
9347,do,0.05,0.0,19,2.1582286190986633,-4.938646819374778,-4.492673410309686
9348,pp,0.05,0.0,48,1.7909924948215483,-8.000284398685801,-6.764058611128065
9349,do,0.05,0.0,24,0.6836603474617009,-5.511158355077108,-5.275716156429715
9350,pp,0.05,0.0,5,0.8002790904045103,-4.704492142706206,-3.9775592512554594
9351,do,0.05,0.0,19,1.61181431055069,-5.117987628416581,-5.42753234969245
9352,pp,0.05,0.0,70,2.3798264205455766,-9.810524848013213,-7.996476395924886
9353,do,0.05,0.0,19,0.9382457053661346,-6.13140159520236,-7.097482752799988
9354,pp,0.05,0.0,70,4.106373553276063,-11.633784538326841,-10.524420679940118
9355,do,0.05,0.0,70,1.6236103427410127,-7.315920490207094,-8.089544047249689
9356,pp,0.05,0.0,31,2.827438386678696,-7.295644242835768,-5.496490420235528
9357,do,0.05,0.0,16,1.3415002834796903,-5.039867612087366,-5.071302432484097
9358,pp,0.05,0.0,70,3.7394604146480566,-7.036849536317767,-6.005895805358887
9359,do,0.05,0.0,22,1.2615648353099829,-5.18678749257868,-6.907002038425869
9360,pp,0.05,0.0,19,1.6179992890357973,-5.384851100228049,-4.294567947917514
9361,do,0.05,0.0,19,2.407024259567261,-5.283722290848241,-5.328277783923679
9362,pp,0.05,0.0,65,2.492297134399413,-8.297458436272361,-6.7496157460742525
9363,do,0.05,0.0,22,0.9239516282081599,-5.819078595710523,-5.265943985515171
9364,pp,0.05,0.0,70,1.0086965131759644,-11.252405954129769,-8.654051367441813
9365,do,0.05,0.0,58,2.654624205827713,-7.547403634678234,-6.023430503739251
9366,pp,0.05,0.0,57,3.061070178747177,-8.85178803097118,-6.181306841638353
9367,do,0.05,0.0,70,1.2891452336311344,-6.134950697060788,-8.062296957439846
9368,pp,0.05,0.0,70,1.966837223768234,-8.92746012283094,-7.033741683430142
9369,do,0.05,0.0,48,1.4644794595241546,-6.133265740943678,-6.507713728480869
9370,pp,0.05,0.0,21,2.7880442070960996,-4.672201134941795,-3.94355565044615
9371,do,0.05,0.0,13,0.8228338491916656,-6.049897435217193,-5.179370408587985
9372,pp,0.05,0.0,17,1.305169800519943,-6.821208481355147,-5.451409162415398
9373,do,0.05,0.0,37,2.5605089306831355,-6.011840119506374,-5.686006900999281
9374,pp,0.05,0.0,28,1.5669792520999906,-7.329642774119522,-5.986675429344177
9375,do,0.05,0.0,31,1.7405625605583186,-6.438043981609923,-6.264906284544203
9376,pp,0.05,0.0,54,1.5519462525844583,-7.045802441510287,-6.518280535274082
9377,do,0.05,0.0,16,1.9202759087085717,-4.953826128352772,-5.046179578039381
9378,pp,0.05,0.0,10,1.3052501094341276,-5.968472521232836,-4.5181533998913235
9379,do,0.05,0.0,13,1.5213013362884524,-5.46514650258151,-4.903668032752143
9380,pp,0.05,0.0,23,2.1452215194702147,-7.095642433744488,-5.802297743161519
9381,do,0.05,0.0,70,4.768962351083756,-6.7949202985474555,-6.081288984086778
9382,pp,0.05,0.0,35,2.4090260255336773,-8.108741416353167,-6.467465374204847
9383,do,0.05,0.0,16,1.8089581382274629,-5.3985214796933265,-5.654282564587064
9384,pp,0.05,0.0,24,1.2597663879394538,-8.287837941718823,-6.6871645159191555
9385,do,0.05,0.0,15,0.7449530494213112,-5.49464669083104,-5.14941107167138
9386,pp,0.05,0.0,25,1.3890150582790382,-6.608251919890895,-5.259178664949205
9387,do,0.05,0.0,34,1.5337560021877277,-7.434609431931467,-7.033021510971917
9388,pp,0.05,0.0,10,1.300110033750535,-5.706098118695346,-4.313936087820265
9389,do,0.05,0.0,70,1.1439425563812247,-8.798773684646145,-8.061711014641656
9390,pp,0.05,0.0,15,1.303796195983887,-5.1849761731696855,-4.262289550569323
9391,do,0.05,0.0,16,1.3396040666103364,-5.518627749067364,-5.17654861079322
9392,pp,0.05,0.0,53,3.293147025108338,-7.09810089487018,-5.753749095069038
9393,do,0.05,0.0,23,2.4216818201541903,-5.569735144123887,-5.271033946673075
9394,pp,0.05,0.0,58,1.4081813478469858,-11.759889583876639,-9.384965088632372
9395,do,0.05,0.0,27,1.6586804485321043,-6.295020986325813,-7.651215940051609
9396,pp,0.05,0.0,69,1.5791947197914116,-12.473723960645271,-10.470012908511691
9397,do,0.05,0.0,23,-0.15315094947814956,-7.565065402695627,-7.38778314060635
9398,pp,0.05,0.0,62,1.407731201648712,-7.783104926889593,-6.453354234165616
9399,do,0.05,0.0,32,2.826598373651504,-6.068077886465824,-6.121764707565307
9400,pp,0.05,0.0,18,2.6424090218544016,-5.294750548854019,-4.500746240880754
9401,do,0.05,0.0,70,3.028796396255493,-5.102267438715154,-6.15963450272878
9402,pp,0.05,0.0,70,3.2781215083599076,-6.968989661245635,-6.860098065270318
9403,do,0.05,0.0,20,0.8667604541778573,-5.180366373062133,-5.162594763437907
9404,pp,0.05,0.0,19,2.640061976909637,-5.08455227505077,-4.5142102638880415
9405,do,0.05,0.0,37,1.6679216957092278,-6.719453365152533,-8.218623802396987
9406,pp,0.05,0.0,70,2.930343273878096,-8.003810700503262,-6.810654926300049
9407,do,0.05,0.0,67,0.9133219814300535,-10.151652448827571,-10.583958419164022
9408,pp,0.05,0.0,9,1.1943818485736841,-4.856066448038274,-3.8098291714986163
9409,do,0.05,0.0,70,1.6473782873153677,-7.371244377078432,-7.918655331929525
9410,pp,0.05,0.0,42,2.0493127822875987,-8.25213861320958,-7.921093887752956
9411,do,0.05,0.0,31,2.8733963084220884,-5.8057940309697935,-5.907909512519836
9412,pp,0.05,0.0,53,1.9278960466384873,-7.982110993067423,-7.282417456309001
9413,do,0.05,0.0,70,2.7996669089794164,-6.412801755558361,-5.979880823029412
9414,pp,0.05,0.0,13,1.4338971650600438,-6.4842650138970575,-5.221165770954556
9415,do,0.05,0.0,23,2.759583089351654,-5.6203723488431985,-5.84498196972741
9416,pp,0.05,0.0,25,2.825747472047806,-5.52433493643096,-4.234702731503381
9417,do,0.05,0.0,70,2.1113810694217676,-7.334296498154149,-6.387297818395827
9418,pp,0.05,0.0,47,3.5164929926395416,-6.07273182146477,-5.222928513420952
9419,do,0.05,0.0,20,1.8934138011932378,-6.638554603403265,-6.7070239623387655
9420,pp,0.05,0.0,28,3.6169094359874734,-5.689672909360944,-4.657903978559706
9421,do,0.05,0.0,26,3.0514187693595893,-6.43565563288602,-6.453311679098341
9422,pp,0.05,0.0,30,1.8937766063213353,-6.032074951403069,-4.89076075553894
9423,do,0.05,0.0,70,1.5717629647254938,-8.840967884930697,-9.109478542539808
9424,pp,0.05,0.0,70,3.2188300824165346,-8.73538986119357,-8.072139856550429
9425,do,0.05,0.0,49,4.016090912818909,-5.586242161375104,-5.204860332277086
9426,pp,0.05,0.0,35,1.4292139601707463,-8.009654287858442,-6.48760035832723
9427,do,0.05,0.0,70,3.548435111045837,-8.974768141544226,-8.842667147848342
9428,pp,0.05,0.0,23,1.4223697471618655,-6.775691659522779,-6.1595950047175085
9429,do,0.05,0.0,70,2.1572136962413797,-7.296505930929473,-6.834579062461853
9430,pp,0.05,0.0,37,3.08899132847786,-5.493225872155392,-4.844677440325419
9431,do,0.05,0.0,70,1.5915990841388705,-5.9559390212550305,-5.656914401054382
9432,pp,0.05,0.0,70,2.49061509013176,-7.166663853327433,-6.411876630783081
9433,do,0.05,0.0,70,1.6783727908134463,-8.174384989882961,-8.912610612975227
9434,pp,0.05,0.0,70,1.4999621701240535,-7.659389906218558,-6.6822504944271515
9435,do,0.05,0.0,25,1.8640035152435308,-6.081339337609031,-6.139128835995992
9436,pp,0.05,0.0,58,4.131335089206695,-7.634862025578816,-6.605828841527303
9437,do,0.05,0.0,67,3.566939038038253,-5.5278722546317365,-5.51331504450904
9438,pp,0.05,0.0,25,2.2133457851409917,-5.139179921150207,-4.538681009080675
9439,do,0.05,0.0,70,3.054849016666413,-8.143347508979566,-7.688548315895928
9440,pp,0.05,0.0,55,3.0337641406059266,-8.871982288360595,-7.9632074011696705
9441,do,0.05,0.0,69,1.5016990494728084,-7.848720499963472,-8.095862563451131
9442,pp,0.05,0.0,23,2.193140453100205,-5.7810609701908,-5.305469189749823
9443,do,0.05,0.0,70,4.038049230575561,-8.551928160407327,-7.107414015134176
9444,pp,0.05,0.0,70,0.7715017318725579,-11.467547353108724,-11.173459408018324
9445,do,0.05,0.0,70,1.3477275097370143,-8.7724846348618,-8.611040163040162
9446,pp,0.05,0.0,70,1.6357463026046748,-6.477016801545115,-5.802292188008626
9447,do,0.05,0.0,70,2.856586688756943,-6.393803674524481,-6.708719635009766
9448,pp,0.05,0.0,31,3.0750855863094335,-5.115015185963024,-4.742582620514764
9449,do,0.05,0.0,43,3.2801659977436053,-9.212207490747625,-10.095181385676065
9450,pp,0.05,0.0,32,2.939414831399917,-6.442442599209872,-5.833941078186035
9451,do,0.05,0.0,70,3.7852837228775034,-9.23703866293936,-8.687766777144539
9452,pp,0.05,0.0,48,2.494825220108032,-7.643890083197391,-6.849841170840794
9453,do,0.05,0.0,29,2.2050991785526275,-6.812295766310259,-7.751135725445217
9454,pp,0.05,0.0,70,2.0934437537193293,-7.2758504188422,-6.5113225036197235
9455,do,0.05,0.0,70,3.197931236028672,-6.8475871086120605,-6.0322566721174455
9456,pp,0.05,0.0,59,1.7485620284080499,-7.205383722709887,-6.1593685521019825
9457,do,0.05,0.0,70,2.8176225054264066,-7.877167464747574,-7.396522808074951
9458,pp,0.05,0.0,55,2.0374796342849724,-9.571615174322417,-8.52503915362888
9459,do,0.05,0.0,12,1.509755536317825,-4.638821705904874,-3.9118600328763327
9460,pp,0.05,0.0,7,1.7191117453575133,-4.516648569974032,-3.863719672626919
9461,do,0.05,0.0,26,2.3877885651588437,-4.987328592936198,-4.419172904226515
9462,pp,0.05,0.0,38,1.9573754739761346,-7.658880457733616,-6.824590547879537
9463,do,0.05,0.0,70,3.1805472362041476,-6.155828023679328,-5.501597793896993
9464,pp,0.05,0.0,70,2.5017932415008532,-7.517305778734611,-5.67012005382114
9465,do,0.05,0.0,60,3.6682483983039855,-7.610175882686268,-8.722844598028395
9466,pp,0.05,0.0,10,1.646990412473679,-5.027181638370861,-4.486455543835958
9467,do,0.05,0.0,70,4.92942343711853,-10.129017043836189,-9.115178410212199
9468,pp,0.05,0.0,58,4.288242236375808,-6.722656125733347,-5.855505956543817
9469,do,0.05,0.0,18,1.1466070771217352,-5.33164909247196,-4.647944158977932
9470,pp,0.05,0.0,16,1.6315453851222985,-6.820963943365848,-6.377719095018175
9471,do,0.05,0.0,8,0.1577797257900242,-5.529234105890447,-5.127759896384346
9472,pp,0.05,0.0,70,0.7630126559734345,-6.686269731232614,-6.537499788072374
9473,do,0.05,0.0,22,2.5367868471145636,-4.631659987478545,-4.320030551486545
9474,pp,0.05,0.0,30,4.349322307109832,-4.408532467755404,-3.8557722210884093
9475,do,0.05,0.0,67,4.213464496135712,-9.064411869916048,-8.117771728833516
9476,pp,0.05,0.0,70,3.257289611101151,-6.111907622308442,-5.097360750039418
9477,do,0.05,0.0,14,2.005773465633392,-4.384072653452555,-3.747554753886329
9478,pp,0.05,0.0,17,1.842468705177307,-4.753239981333414,-4.043036221133338
9479,do,0.05,0.0,33,1.9955133342742926,-5.509601045377327,-5.270047389136421
9480,pp,0.05,0.0,14,1.8444805788993834,-4.025003671646118,-3.4458087921142577
9481,do,0.05,0.0,27,2.9537364101409906,-5.07378375602491,-4.753157174587249
9482,pp,0.05,0.0,31,2.6647529613971717,-5.299982218308882,-4.800974947876401
9483,do,0.05,0.0,20,2.2069559025764462,-4.765676535982074,-4.352172858185238
9484,pp,0.05,0.0,10,1.7462950873374936,-4.718156171567513,-3.793737953239017
9485,do,0.05,0.0,23,3.3059457576274873,-5.666633624741525,-4.953705451223585
9486,pp,0.05,0.0,40,3.597578487396241,-6.661253203767719,-5.712897896766663
9487,do,0.05,0.0,40,1.7588108932971966,-8.408216295820294,-7.412530008951823
9488,pp,0.05,0.0,14,1.193737568855286,-6.90664093133175,-5.963512206077576
9489,do,0.05,0.0,22,3.128063994646072,-5.23264841744394,-5.19607003264957
9490,pp,0.05,0.0,54,3.027678807973861,-5.95293120470914,-5.2433506886164345
9491,do,0.05,0.0,18,2.641647750139237,-4.479254939339378,-4.255722366438972
9492,pp,0.05,0.0,70,2.034621633291244,-7.2088699022928875,-6.219074773788452
9493,do,0.05,0.0,10,1.0058434379100802,-4.534457004431522,-4.022825111283196
9494,pp,0.05,0.0,8,1.3974620187282563,-5.128147385337136,-4.304885011249119
9495,do,0.05,0.0,12,0.7748584926128395,-4.704780114780773,-4.699413834677802
9496,pp,0.05,0.0,70,0.8368076801300042,-7.516576970707287,-6.094820298088921
9497,do,0.05,0.0,41,1.7347164738178256,-5.762891158190641,-5.409490262137519
9498,pp,0.05,0.0,70,2.061786990165711,-6.481600219553167,-5.8954687145021225
9499,do,0.05,0.0,29,2.275695422887803,-5.084031094926776,-4.612226062350803
9500,pp,0.05,0.0,30,3.3791789448261254,-4.9911504340894295,-4.367223225699531
9501,do,0.05,0.0,60,2.347769170999526,-6.763783379757043,-6.475981341467963
9502,pp,0.05,0.0,40,1.32832037448883,-7.569505640954683,-6.629958889219496
9503,do,0.05,0.0,28,2.7597220289707183,-5.301779394438772,-5.177108021577199
9504,pp,0.05,0.0,48,2.1951828229427335,-5.167825331832423,-4.442495445410411
9505,do,0.05,0.0,60,2.294426856040954,-5.167011630896366,-4.500314177407159
9506,pp,0.05,0.0,21,1.4231044530868537,-4.953162128275091,-4.142164815796746
9507,do,0.05,0.0,34,2.187361162900924,-5.470977271686901,-5.215116294225057
9508,pp,0.05,0.0,19,1.259551440477371,-5.4843628290927775,-4.645769421259562
9509,do,0.05,0.0,70,2.6149069929122923,-5.602373251770482,-4.814825624889798
9510,pp,0.05,0.0,16,1.211206187009811,-5.0295162013082795,-4.341134187910292
9511,do,0.05,0.0,60,1.466536426544189,-6.872171659180612,-6.250785353448656
9512,pp,0.05,0.0,70,2.5996332323551172,-5.9659511118224176,-5.007633855607774
9513,do,0.05,0.0,43,2.458516181707383,-6.6304837154619625,-5.578908114963108
9514,pp,0.05,0.0,21,2.273036830425262,-5.311929866039391,-4.485578152868483
9515,do,0.05,0.0,14,1.6431285023689268,-5.063893000284831,-4.637928409046597
9516,pp,0.05,0.0,16,1.8527921485900878,-4.535301247510043,-4.116397802035014
9517,do,0.05,0.0,46,2.6934216082096096,-5.622744131088257,-5.17916800181071
9518,pp,0.05,0.0,70,0.525909402370452,-8.746527585116299,-6.618024219406975
9519,do,0.05,0.0,55,1.9311276388168332,-4.561466543602221,-3.956092303329044
9520,pp,0.05,0.0,36,2.1841172504425055,-5.750717145746404,-4.764929188622369
9521,do,0.05,0.0,70,2.4026733624935144,-6.898982360146262,-6.142001623577542
9522,pp,0.05,0.0,16,1.775026342868805,-4.972266215989084,-4.3979391468895805
9523,do,0.05,0.0,66,2.5691968321800225,-7.5489421541040596,-7.965351512697008
9524,pp,0.05,0.0,33,2.6117825448513035,-5.494335360960527,-4.855977651807997
9525,do,0.05,0.0,59,2.5952787566185007,-6.188474364714189,-5.503542939821879
9526,pp,0.05,0.0,45,3.452647448778152,-5.139356955614957,-4.849548522631327
9527,do,0.05,0.0,33,2.9732217586040504,-4.637657742066817,-4.455999149216546
9528,pp,0.05,0.0,28,2.247328057289123,-4.934833250623761,-4.42939170466529
9529,do,0.05,0.0,70,1.952399225234986,-7.063668343515107,-6.311487568749322
9530,pp,0.05,0.0,39,2.050939133167268,-5.322192407376838,-4.705572430292765
9531,do,0.05,0.0,46,3.593014723062515,-5.50754417217139,-5.426711244053311
9532,pp,0.05,0.0,70,3.260098875761031,-5.918585707924583,-5.070047783851623
9533,do,0.05,0.0,64,2.9181802296638484,-6.21332529963869,-5.571548668543498
9534,pp,0.05,0.0,31,1.910914353132248,-6.309752588561087,-5.724321717686124
9535,do,0.05,0.0,36,1.8544862139225016,-6.156849745548133,-6.019723195499844
9536,pp,0.05,0.0,70,2.1552599835395814,-6.979087852709221,-6.304469826486375
9537,do,0.05,0.0,10,1.6051383161544797,-4.436345851782597,-3.9936636037296718
9538,pp,0.05,0.0,70,1.6911356401443474,-10.682992777679905,-9.182251601748996
9539,do,0.05,0.0,18,2.0316112399101263,-4.71604765400742,-4.247349286079407
9540,pp,0.05,0.0,70,0.9867464208602907,-5.916871028957945,-5.248700621392992
9541,do,0.05,0.0,70,2.728831639289856,-7.2835629535443855,-6.620592172940572
9542,pp,0.05,0.0,70,2.53578762292862,-6.215581801443389,-5.369696587986416
9543,do,0.05,0.0,33,2.8243803238868708,-5.602674877282345,-5.214228328069051
9544,pp,0.05,0.0,59,1.3750155735015879,-7.5579930608922785,-6.602002673678928
9545,do,0.05,0.0,30,3.368520361185075,-5.273560685822458,-4.550191224945916
9546,pp,0.05,0.0,60,3.0671947729587545,-7.2431086034485785,-5.6141501082314385
9547,do,0.05,0.0,58,2.1825857782363887,-10.226849006884025,-9.40837430159251
9548,pp,0.05,0.0,14,2.1760767138004304,-4.688186953284523,-4.04483360449473
9549,do,0.05,0.0,45,2.338527773618699,-4.809631260958585,-4.31042484442393
9550,pp,0.05,0.0,18,0.7955360698699954,-5.288390532406893,-4.745908776919047
9551,do,0.05,0.0,38,2.769579882621766,-6.472725866780136,-5.223242367638482
9552,pp,0.05,0.0,41,3.7664661812782283,-7.271688777750189,-5.339445686340332
9553,do,0.05,0.0,31,2.5910648024082192,-4.842582283598004,-4.948008627361721
9554,pp,0.05,0.0,22,2.2584292221069333,-4.5386789870984625,-4.032075214385986
9555,do,0.05,0.0,13,2.045197863578797,-4.902668708743471,-4.821093269189199
9556,pp,0.05,0.0,67,2.058698904514312,-7.520670648054643,-6.549300342135959
9557,do,0.05,0.0,15,1.7737743580341334,-4.74838477192503,-4.418196455637614
9558,pp,0.05,0.0,70,2.2674443769454955,-6.654983247410168,-5.697970758544074
9559,do,0.05,0.0,18,1.773681997060776,-5.275825296748768,-4.910250828001234
9560,pp,0.05,0.0,20,1.8513611185550687,-5.465656440908258,-4.654598824183146
9561,do,0.05,0.0,26,2.928143970966339,-5.054077292933608,-4.731646031803555
9562,pp,0.05,0.0,35,2.891036465168,-5.7448822845112195,-5.203429553243849
9563,do,0.05,0.0,31,2.060929664373398,-4.908327117110744,-4.728689687781864
9564,pp,0.05,0.0,51,2.3442317783832545,-5.79032908930923,-5.91235937807295
9565,do,0.05,0.0,32,2.61058669924736,-5.147853846983476,-4.963261047999064
9566,pp,0.05,0.0,53,2.127961835861206,-5.555689464915883,-4.83364573849572
9567,do,0.05,0.0,39,3.3098484849929806,-6.159775372707482,-5.877755210134718
9568,pp,0.05,0.0,47,3.2490071535110463,-4.853519422357732,-4.463136127259996
9569,do,0.05,0.0,17,2.0357242441177377,-5.242789730881199,-4.854296739896139
9570,pp,0.05,0.0,70,3.376964832544326,-6.925704859242295,-5.286540860599942
9571,do,0.05,0.0,14,2.7064029026031493,-4.281265242894491,-3.753048453066084
9572,pp,0.05,0.0,17,2.8140527987480164,-4.114055865461176,-3.5103916777504813
9573,do,0.05,0.0,14,1.8767993605136866,-5.647813999291622,-5.046339522467719
9574,pp,0.05,0.0,28,2.797347769737245,-7.835740362514149,-6.294092247221205
9575,do,0.05,0.0,7,1.4734093964099877,-4.216648663896503,-3.6430823855929906
9576,pp,0.05,0.0,14,1.6920871758461002,-5.9908163374120535,-4.920750991503398
9577,do,0.05,0.0,32,2.4564361047744754,-6.51199944525054,-5.875579677687751
9578,pp,0.05,0.0,48,1.5879223775863647,-7.456393509200125,-6.2724277363883125
9579,do,0.05,0.0,10,1.881705415248871,-5.1756647774667455,-4.551693163977729
9580,pp,0.05,0.0,28,3.4140376496315,-6.2356082367174555,-4.817343929078844
9581,do,0.05,0.0,26,2.3462387609481805,-4.909261847987319,-4.473193942175971
9582,pp,0.05,0.0,28,2.334242684841156,-8.047016710223573,-6.833222762743632
9583,do,0.05,0.0,19,2.2826702201366427,-4.476588728933623,-4.149668655130598
9584,pp,0.05,0.0,22,2.6406946098804474,-4.561842424941785,-4.248651937643687
9585,do,0.05,0.0,11,2.414294927120208,-5.484239978501291,-4.429674845271641
9586,pp,0.05,0.0,9,2.2872212219238284,-4.544558762059067,-3.9195027192433676
9587,do,0.05,0.0,37,1.8083986687660225,-8.140755326820143,-7.399181938171386
9588,pp,0.05,0.0,20,2.453290420770646,-5.389684651114724,-4.457205131318834
9589,do,0.05,0.0,20,2.6655378687381743,-5.136288449258515,-5.480418803956773
9590,pp,0.05,0.0,11,1.9721045851707455,-4.565255344275272,-3.6378835797309876
9591,do,0.05,0.0,20,3.662923489809037,-4.484766513651068,-4.4213484949535795
9592,pp,0.05,0.0,13,2.1930451035499576,-5.177437163844253,-4.275302908155653
9593,do,0.05,0.0,10,1.4998861885070802,-5.579487952319059,-5.223251718944973
9594,pp,0.05,0.0,13,2.2856882488727575,-5.216692566149162,-4.199447111288706
9595,do,0.05,0.0,11,1.3472866725921637,-5.17231803373857,-4.449201930893792
9596,pp,0.05,0.0,23,2.167244073152542,-6.52873310175809,-5.62683039241367
9597,do,0.05,0.0,56,2.114587680101394,-6.849403153043805,-6.210690924856398
9598,pp,0.05,0.0,59,2.980378737449646,-5.888267634131692,-5.006975017653572
9599,do,0.05,0.0,20,1.1029769170284274,-4.99291823127053,-4.288532306088341
9600,pp,0.05,0.0,10,1.54373149394989,-4.494779906128392,-3.9381427314546373
9601,do,0.05,0.0,70,3.7005437564849846,-7.865940617070054,-6.349341230922275
9602,pp,0.05,0.0,10,0.5393013918399809,-6.130904727993589,-5.1875537819332544
9603,do,0.05,0.0,9,2.0383759343624117,-4.566614116321911,-4.167528771029579
9604,pp,0.05,0.0,15,2.4240020477771758,-5.562383216800112,-4.2371872663497925
9605,do,0.05,0.0,55,4.884608674049377,-5.4200338797135785,-5.469959998130799
9606,pp,0.05,0.0,58,2.8575101172924047,-7.2735428636724295,-6.307826701800028
9607,do,0.05,0.0,52,1.645551413297654,-5.82243077249238,-5.397027590539721
9608,pp,0.05,0.0,41,0.7635550105571749,-6.702093638795795,-5.911290091938443
9609,do,0.05,0.0,41,1.2987144017219538,-6.742497390689272,-5.961194067531162
9610,pp,0.05,0.0,37,1.1713739335536957,-7.3657336177247945,-6.080039694574144
9611,do,0.05,0.0,9,1.4968989253044125,-5.190017341844963,-4.464635639720493
9612,pp,0.05,0.0,70,2.1156577599048614,-6.663870272491917,-5.965723403294882
9613,do,0.05,0.0,32,2.278293004035951,-5.924303210865368,-5.39136725531684
9614,pp,0.05,0.0,70,1.3497148132324224,-9.053631908243352,-7.992732514275445
9615,do,0.05,0.0,9,0.9226286864280704,-4.860574808987704,-4.472481028238932
9616,pp,0.05,0.0,70,2.458224083185195,-6.0054286768942164,-5.354807620578342
9617,do,0.05,0.0,34,2.6601099503040313,-4.949395527984157,-5.570364538828532
9618,pp,0.05,0.0,22,2.7059625685214996,-4.859378866715865,-4.381631769074334
9619,do,0.05,0.0,11,2.348979423046112,-4.829058061946522,-4.47003054883745
9620,pp,0.05,0.0,19,2.738403292894363,-4.951441003337051,-4.3321065796746145
9621,do,0.05,0.0,14,2.2039842009544373,-6.461623625321821,-5.829162375132243
9622,pp,0.05,0.0,14,1.9465957641601568,-4.801590152220292,-4.253716172112359
9623,do,0.05,0.0,33,2.936362977027893,-6.783080641428629,-5.998600239223904
9624,pp,0.05,0.0,69,2.0994088149070738,-8.340526449319087,-6.485123621092902
9625,do,0.05,0.0,31,2.1041964673995963,-5.808680031516335,-5.461239616076152
9626,pp,0.05,0.0,35,2.852369974851608,-5.368309281089089,-4.766759426063961
9627,do,0.05,0.0,12,1.5730378580093385,-4.455952095262932,-4.172621054119534
9628,pp,0.05,0.0,53,1.9409190928935995,-6.320358796553179,-5.546504166391161
9629,do,0.05,0.0,46,1.7521412551403044,-6.468164948261145,-5.739510122934977
9630,pp,0.05,0.0,70,2.1015999448299407,-7.109920867284139,-6.140129009882609
9631,do,0.05,0.0,28,2.7065139186382288,-5.960480747800885,-6.202245208952162
9632,pp,0.05,0.0,70,2.895105106830597,-7.344843092831698,-5.822286823060778
9633,do,0.05,0.0,9,1.9773222315311436,-5.332208626198046,-4.079636050595178
9634,pp,0.05,0.0,65,2.890142126083374,-9.017406382705227,-7.452068993780348
9635,do,0.05,0.0,15,1.9474633979797362,-5.731013708403617,-4.890390736526913
9636,pp,0.05,0.0,19,3.051963686943054,-6.265794480930675,-4.955144670274523
9637,do,0.05,0.0,26,1.9832480251789093,-5.435303101395116,-5.125838155216641
9638,pp,0.05,0.0,9,1.0471867716312406,-5.22195938428243,-4.422780185275608
9639,do,0.05,0.0,10,2.4186577665805817,-4.876418164282134,-4.6063487105899386
9640,pp,0.05,0.0,37,3.66612246632576,-6.430594989025232,-5.218525656064352
9641,do,0.05,0.0,66,3.409180760383606,-6.831866452188203,-7.235080835554335
9642,pp,0.05,0.0,55,1.9873146808147428,-8.412214865829005,-7.5777400546603735
9643,do,0.05,0.0,28,1.3293771088123316,-6.979279578815807,-5.878012943267822
9644,pp,0.05,0.0,44,1.9790946769714353,-7.775027881969105,-6.61352309650845
9645,do,0.05,0.0,57,1.2133147442340855,-7.084512443253488,-6.117554913626777
9646,pp,0.05,0.0,70,1.401334512233734,-7.806784745418664,-6.489136552810669
9647,do,0.05,0.0,14,2.2671956443786625,-6.779481000611276,-6.024952210320366
9648,pp,0.05,0.0,44,2.5447870862483972,-9.060854210998073,-6.674184690581428
9649,do,0.05,0.0,40,2.846966413259506,-6.009400922601873,-5.921925703684489
9650,pp,0.05,0.0,34,2.665195959806442,-6.541175293199943,-6.379120098219977
9651,do,0.05,0.0,19,2.510652650594711,-4.616944050066399,-4.181076424651676
9652,pp,0.05,0.0,20,1.6834034442901613,-5.169226816928748,-4.499587337176005
9653,do,0.05,0.0,29,2.3254597747325896,-5.227949765234283,-4.915372639232212
9654,pp,0.05,0.0,20,2.2104965364933014,-5.3298316449830025,-4.225876331329346
9655,do,0.05,0.0,19,1.9542597854137425,-5.8543466452396276,-5.222479237450494
9656,pp,0.05,0.0,21,1.5027602493762977,-6.56648204832366,-5.4360062307781645
9657,do,0.05,0.0,10,2.0923628365993503,-5.0041068279381955,-4.851635758082072
9658,pp,0.05,0.0,43,2.804047706127167,-5.750968566085353,-6.430622821384006
9659,do,0.05,0.0,29,1.4936048412323002,-6.670533352187186,-6.600103751818339
9660,pp,0.05,0.0,15,2.1256843352317816,-4.648157911589651,-4.115396210882399
9661,do,0.05,0.0,31,3.0696009838581073,-7.318576351801554,-6.574536143408881
9662,pp,0.05,0.0,51,2.436601593494414,-7.428966056939327,-6.415915253427293
9663,do,0.05,0.0,13,1.3511059916019441,-5.026196122891975,-4.7916106621424355
9664,pp,0.05,0.0,32,2.1597704923152934,-6.231080982901833,-5.420525625016954
9665,do,0.05,0.0,70,2.0028292417526243,-6.7138076825575395,-6.813282042079502
9666,pp,0.05,0.0,69,4.102247165441514,-5.812155589190397,-5.047915177875095
9667,do,0.05,0.0,8,0.9165302908420561,-3.8966962330269093,-3.6962141315142314
9668,pp,0.05,0.0,19,1.699600909948349,-4.116431042642304,-3.605970659520891
9669,do,0.05,0.0,17,2.9914591538906095,-5.813277233008183,-5.355915302700467
9670,pp,0.05,0.0,17,2.2104177570343007,-5.274604944749312,-4.498617143101162
9671,do,0.05,0.0,70,3.4141920161247246,-8.861568708130807,-10.106346480051677
9672,pp,0.05,0.0,25,1.7225619769096383,-5.607973932497429,-4.859874598185221
9673,do,0.05,0.0,41,2.4336251401901237,-5.781554720618508,-4.920235549079047
9674,pp,0.05,0.0,38,2.5020432412624354,-5.513698251319654,-4.792283829053243
9675,do,0.05,0.0,29,1.57642872095108,-4.857394968379627,-4.354244237475925
9676,pp,0.05,0.0,43,4.033576489686967,-4.961895738948475,-4.384635113345253
9677,do,0.05,0.0,8,0.21535992860794018,-6.018818989667025,-5.9113345781962074
9678,pp,0.05,0.0,10,0.654346289634705,-5.854672020131892,-5.113643770747714
9679,do,0.05,0.0,70,1.1372909593582161,-8.730546633402506,-8.786983071433173
9680,pp,0.05,0.0,38,2.866138762235641,-9.056677040909276,-7.871854811244541
9681,do,0.05,0.0,46,-0.2454218018054961,-7.785096207532016,-7.9871830993228485
9682,pp,0.05,0.0,51,3.020485160350799,-5.0330103137276385,-4.987953384717305
9683,do,0.05,0.0,48,3.2517298650741573,-6.74681847745722,-6.336223620838589
9684,pp,0.05,0.0,15,1.5275124835968015,-6.95502930987965,-5.963637320200602
9685,do,0.05,0.0,23,1.8934055733680726,-6.880074006860906,-5.83295275900099
9686,pp,0.05,0.0,70,2.3986592793464663,-5.825474536780155,-5.212691195805868
9687,do,0.05,0.0,70,3.250676383972168,-5.734643755537091,-5.437068552441067
9688,pp,0.05,0.0,42,1.8315173196792598,-6.024554975105055,-5.091334512498643
9689,do,0.05,0.0,50,2.7924046778678893,-8.493428488933679,-8.155827532874213
9690,pp,0.05,0.0,44,3.024257066249847,-8.411103421991522,-7.039998022715251
9691,do,0.05,0.0,52,2.0184231221675875,-7.665904939535892,-6.744152847925822
9692,pp,0.05,0.0,29,3.2999280154705053,-4.686552330941865,-4.2223527193069454
9693,do,0.05,0.0,26,1.8620645284652708,-5.542004497123487,-5.443059166272481
9694,pp,0.05,0.0,37,2.216767811775207,-6.656784287366,-5.383889622158474
9695,do,0.05,0.0,69,0.6980687975883484,-8.328393103859641,-8.848096497853597
9696,pp,0.05,0.0,22,1.73238713145256,-4.238955539645571,-3.761945202615526
9697,do,0.05,0.0,70,1.8573150014877324,-9.507645764495388,-8.55321118036906
9698,pp,0.05,0.0,66,2.6432023274898535,-7.348885575207797,-6.209043078952366
9699,do,0.05,0.0,57,1.876971901655196,-7.92150632540385,-8.79799693160587
9700,pp,0.05,0.0,19,2.789016753435135,-4.36088919061603,-3.927785203191969
9701,do,0.05,0.0,40,3.189719321727753,-4.343259807066484,-4.572563956843482
9702,pp,0.05,0.0,58,2.651758440732957,-7.204071419166796,-6.173159964879354
9703,do,0.05,0.0,66,1.2908649039268507,-8.487360230359164,-7.383565579520331
9704,pp,0.05,0.0,9,1.348164535760879,-5.244585631110452,-4.284760705629984
9705,do,0.05,0.0,35,4.134797493219376,-5.472801766251073,-4.882987017101712
9706,pp,0.05,0.0,35,2.6130764281749723,-6.468145468740753,-5.339975449774
9707,do,0.05,0.0,61,2.362786656618119,-5.061396286704324,-4.747811555862427
9708,pp,0.05,0.0,57,2.0807283306121818,-7.578145401405566,-6.130522767702739
9709,do,0.05,0.0,59,1.784435950517655,-7.525441519419352,-7.089875724580553
9710,pp,0.05,0.0,49,2.682213889360429,-6.001067580598773,-5.128175677193536
9711,do,0.05,0.0,70,1.599454247951508,-6.764272990371242,-6.444094509548611
9712,pp,0.05,0.0,70,1.7052761888504033,-6.440870797995365,-5.7009120755725435
9713,do,0.05,0.0,62,1.856009459495544,-6.709333895192001,-7.739652480019464
9714,pp,0.05,0.0,56,2.7171995890140526,-6.447449393705888,-5.389156895213657
9715,do,0.05,0.0,17,0.7852412593364715,-6.187462614521836,-5.525027643309699
9716,pp,0.05,0.0,25,1.1370632863044738,-5.738977227066503,-4.762411157290141
9717,do,0.05,0.0,54,4.247178008556365,-5.902290549422755,-4.768030648761325
9718,pp,0.05,0.0,39,4.112112035751343,-5.734064839103005,-4.614779223336114
9719,do,0.05,0.0,11,0.5036925184726719,-5.063151577747229,-4.448477654986911
9720,pp,0.05,0.0,24,1.7519950616359719,-5.337394614653154,-4.612823563151889
9721,do,0.05,0.0,53,0.19521313190460177,-9.107810662009499,-8.065359634823269
9722,pp,0.05,0.0,30,1.4163113570213328,-6.500376616102276,-5.085003741582235
9723,do,0.05,0.0,19,1.3625454676151278,-5.625690523783366,-5.70714271068573
9724,pp,0.05,0.0,10,1.5027785396575934,-6.341146203243372,-5.209648497899374
9725,do,0.05,0.0,37,1.2827864801883697,-7.23320204705903,-7.810864996910095
9726,pp,0.05,0.0,4,0.6329378390312188,-4.715071795203469,-3.8689718272950913
9727,do,0.05,0.0,27,1.8886754298210136,-5.7516776995225385,-7.060346200731066
9728,pp,0.05,0.0,33,2.8612687134742743,-5.303693850835164,-4.562538141674466
9729,do,0.05,0.0,13,0.24235978722572327,-5.921089792251587,-5.292827328046163
9730,pp,0.05,0.0,54,1.5971149098873134,-9.43469760056698,-8.018168136808608
9731,do,0.05,0.0,24,0.8975177419185636,-6.213045624530676,-7.0828290833367245
9732,pp,0.05,0.0,12,1.6858611357212068,-5.066114743550618,-4.390214908123016
9733,do,0.05,0.0,5,0.1907303261756894,-5.4304575934554595,-4.772808326615228
9734,pp,0.05,0.0,36,1.511920005083084,-6.334706422054406,-5.6022116396162245
9735,do,0.05,0.0,6,0.5995419943332667,-5.828986143343377,-4.960328817367554
9736,pp,0.05,0.0,26,1.1461541295051578,-6.348956684632735,-5.185329593552483
9737,do,0.05,0.0,66,3.0437856292724614,-8.24412724755027,-8.274082321590848
9738,pp,0.05,0.0,70,3.7976193785667425,-6.41148605780168,-5.323842716217041
9739,do,0.05,0.0,1,-1.1067149400711065,-6.222457970994892,-5.758837911817762
9740,pp,0.05,0.0,6,0.5860479104518888,-5.252579038793391,-4.265775063302782
9741,do,0.05,0.0,11,1.163350100517273,-5.4307242899230035,-6.000902642144097
9742,pp,0.05,0.0,45,3.420834789276123,-5.347033635052767,-4.656536042690277
9743,do,0.05,0.0,45,2.2641944956779474,-5.662516835241607,-5.831877443525526
9744,pp,0.05,0.0,26,2.3763447844982144,-5.382899291587599,-4.762263600031535
9745,do,0.05,0.0,51,1.4709068179130558,-7.953179557395704,-8.7605802959866
9746,pp,0.05,0.0,31,3.3078670489788067,-4.243544642130534,-3.7448831054899427
9747,do,0.05,0.0,49,1.0182133495807655,-7.382307201443297,-6.593912212053935
9748,pp,0.05,0.0,12,2.180873738527298,-4.707047777464895,-4.079746169514126
9749,do,0.05,0.0,37,1.5853650796413419,-6.772135334303885,-7.795426527659099
9750,pp,0.05,0.0,49,3.7054744362831116,-5.036496415282741,-4.600195021099514
9751,do,0.05,0.0,7,-0.47056751251220685,-5.523551582567619,-5.263546821806166
9752,pp,0.05,0.0,17,2.877090377807617,-5.448897897835934,-4.594464753733741
9753,do,0.05,0.0,25,1.6965590739250196,-7.946707621487704,-9.475503396987914
9754,pp,0.05,0.0,64,2.6405418360233313,-8.605548779169718,-7.218726997905307
9755,do,0.05,0.0,39,2.378508498668671,-7.163123854723843,-6.817347219255235
9756,pp,0.05,0.0,31,2.918884980678559,-4.68000285986698,-4.3337254842122395
9757,do,0.05,0.0,2,-1.0718417406082157,-6.147135569832542,-5.413566287358602
9758,pp,0.05,0.0,47,2.581707990169525,-5.260456007177179,-4.728277383910285
9759,do,0.05,0.0,50,2.0165523290634155,-5.706133658958204,-5.830402824613783
9760,pp,0.05,0.0,31,2.670074805021285,-5.340971553686893,-4.269262782732645
9761,do,0.05,0.0,51,1.1158050155639643,-8.436130259253762,-7.956147024366591
9762,pp,0.05,0.0,51,1.317493051290512,-5.524105583537708,-5.32924779786004
9763,do,0.05,0.0,46,3.3853643023967743,-4.8268079526496654,-4.2998312910397845
9764,pp,0.05,0.0,70,2.016929321289062,-6.267003920584014,-5.155038849512736
9765,do,0.05,0.0,18,2.6935348153114322,-4.8269327076998625,-4.381701408492194
9766,pp,0.05,0.0,26,2.243925157785416,-5.943114183888291,-5.109795538584391
9767,do,0.05,0.0,70,2.6246287190914153,-6.890200617819121,-6.067593142721388
9768,pp,0.05,0.0,25,2.577163003087043,-5.072514685717496,-4.4204374260372585
9769,do,0.05,0.0,53,2.5419397234916694,-8.05852836262096,-7.293103689617581
9770,pp,0.05,0.0,26,3.0442306554317478,-5.597558488267841,-5.067868166499668
9771,do,0.05,0.0,14,0.3601825892925268,-5.557931158759377,-5.52058891720242
9772,pp,0.05,0.0,13,0.6414619541168216,-5.127142498709938,-4.308693432807923
9773,do,0.05,0.0,14,0.4262580776214593,-5.348308690388998,-5.354060716099209
9774,pp,0.05,0.0,23,0.7437130093574522,-5.6648488275932545,-5.079142785072326
9775,do,0.05,0.0,16,0.827901970148087,-6.052899422790065,-5.867473451296489
9776,pp,0.05,0.0,70,1.7118367910385128,-6.579861402511597,-6.161305920283
9777,do,0.05,0.0,14,1.5875101602077484,-3.8658746047453447,-3.4670391506618925
9778,pp,0.05,0.0,22,0.714475294351578,-5.1394410075563375,-4.670904040336609
9779,do,0.05,0.0,32,1.1474454236030578,-5.511700175025246,-4.982002600034078
9780,pp,0.05,0.0,16,0.5536724007129674,-5.008886977398034,-4.3854787667592365
9781,do,0.05,0.0,70,2.7465491712093355,-5.309283788276441,-5.239933525191413
9782,pp,0.05,0.0,29,1.5017882013320927,-6.496933435671258,-5.454883625772264
9783,do,0.05,0.0,35,2.372780475616456,-5.665377164609504,-5.239981669849819
9784,pp,0.05,0.0,49,1.792096827030182,-6.596171808242798,-5.596321876843771
9785,do,0.05,0.0,31,1.9976127111911772,-4.846000502326271,-4.466970430480109
9786,pp,0.05,0.0,19,2.2496734786033636,-5.277209385958585,-4.300711940394508
9787,do,0.05,0.0,70,1.7138503599166874,-5.796814852049857,-5.169277048110962
9788,pp,0.05,0.0,52,0.15316524982452417,-7.036303803415009,-5.706494537989299
9789,do,0.05,0.0,70,2.6555096912384037,-5.370652057185318,-4.643190201123556
9790,pp,0.05,0.0,12,1.529315704107285,-4.531756383722478,-3.733407599396176
9791,do,0.05,0.0,70,2.395063290596008,-5.782508501862035,-4.897444801860385
9792,pp,0.05,0.0,70,2.166364445686341,-8.102721334226203,-6.431909945276049
9793,do,0.05,0.0,70,1.7295672941207894,-9.164451190197106,-8.285091410742865
9794,pp,0.05,0.0,53,2.3214024186134337,-8.123924187457924,-6.835611939430237
9795,do,0.05,0.0,70,2.052049539089202,-7.766422248609138,-6.986464749442207
9796,pp,0.05,0.0,11,1.7271691131591798,-5.10752964886752,-4.170318815443251
9797,do,0.05,0.0,70,2.1976171374320987,-6.939928522976962,-6.1521005471547445
9798,pp,0.05,0.0,60,1.40749235033989,-7.4916673602479875,-5.974903400739034
9799,do,0.05,0.0,32,1.7817495083808907,-5.749249611478863,-6.398737533887227
9800,pp,0.05,0.0,68,2.0377966570854182,-7.988474048267712,-7.109498757786221
9801,do,0.05,0.0,60,2.713428921699524,-6.383408118739273,-6.021464294857449
9802,pp,0.05,0.0,64,2.9213462376594537,-6.890004379099065,-5.805518296029833
9803,do,0.05,0.0,11,1.9791536033153534,-4.349703882679795,-3.8415551940600077
9804,pp,0.05,0.0,13,2.354755054712296,-4.584501174001983,-3.7458389573627047
9805,do,0.05,0.0,44,2.564482644796372,-5.577308461160371,-5.2059746636284725
9806,pp,0.05,0.0,43,2.6964512717723848,-5.691698304089633,-5.211263963911269
9807,do,0.05,0.0,56,1.7347570061683655,-6.844933255513509,-7.137948807080587
9808,pp,0.05,0.0,15,1.002129341363907,-5.076205870599457,-4.36558448738522
9809,do,0.05,0.0,66,2.7732815098762504,-7.831551979527329,-6.733331921365526
9810,pp,0.05,0.0,32,3.472895451784135,-7.173877833106301,-5.840335644616021
9811,do,0.05,0.0,70,1.4076471543312064,-8.092916796424172,-8.112970961464775
9812,pp,0.05,0.0,70,2.7810832571983335,-5.666784811019897,-5.120283173190223
9813,do,0.05,0.0,58,3.0905764651298515,-5.222626675981464,-4.936196921931373
9814,pp,0.05,0.0,70,1.6830835509300233,-6.610627051555749,-5.413053176138136
9815,do,0.05,0.0,65,2.181550784111022,-7.762890976125544,-7.261795383029514
9816,pp,0.05,0.0,19,3.3745513689517974,-6.46977686882019,-5.2420205990473425
9817,do,0.05,0.0,70,0.5322998917102808,-7.8970819762258815,-8.120032464133368
9818,pp,0.05,0.0,60,2.321619392633438,-7.085854718179414,-5.9781474590301515
9819,do,0.05,0.0,70,4.68734943151474,-7.224188499739676,-6.466654920578003
9820,pp,0.05,0.0,64,3.0619622159004205,-8.146416967565363,-7.096374726295471
9821,do,0.05,0.0,35,2.9039536619186412,-4.7695077101389565,-4.420833028687371
9822,pp,0.05,0.0,12,1.7183554410934452,-5.2639649853561865,-4.18185477786594
9823,do,0.05,0.0,66,2.692929545640945,-6.603852626049157,-6.74775489171346
9824,pp,0.05,0.0,54,1.754364624023438,-7.0595319025444265,-5.811584048800999
9825,do,0.05,0.0,58,5.602513320446015,-7.923364655176798,-7.217677137586805
9826,pp,0.05,0.0,70,4.965765266418457,-7.9374404950575395,-6.4095908747779
9827,do,0.05,0.0,60,2.730596140623092,-6.544778268987482,-6.49428055551317
9828,pp,0.05,0.0,46,2.9434721517562865,-7.525930273171627,-6.334676912095811
9829,do,0.05,0.0,70,2.3409995532035826,-6.305875117851026,-6.130494072702196
9830,pp,0.05,0.0,70,1.2509463226795194,-7.4949840097716365,-6.639738294813368
9831,do,0.05,0.0,70,0.9449838149547585,-6.955308532714843,-6.673162084155613
9832,pp,0.05,0.0,67,1.1345498526096343,-7.995967789852258,-6.761161767111885
9833,do,0.05,0.0,70,2.6861207640171045,-6.949078691366947,-8.056332932578194
9834,pp,0.05,0.0,70,0.016677305698394207,-8.52065978194728,-7.438666004604763
9835,do,0.05,0.0,59,2.6404507684707648,-7.092708599206173,-7.4683378140131635
9836,pp,0.05,0.0,54,2.456522816419602,-6.499572210600882,-5.391028420130412
9837,do,0.05,0.0,70,1.9882364070415495,-7.58084742083694,-6.5911761601765955
9838,pp,0.05,0.0,31,2.5749694097042086,-5.78651863155943,-5.0475598812103275
9839,do,0.05,0.0,17,1.2448990452289577,-5.79389643091144,-5.872758277257284
9840,pp,0.05,0.0,29,3.566623599529266,-5.292152926416108,-4.729835051960415
9841,do,0.05,0.0,61,-0.08659351348876854,-9.332089614868163,-9.214540439181858
9842,pp,0.05,0.0,22,2.0250390768051156,-5.860025691986084,-4.828227702776591
9843,do,0.05,0.0,48,2.762427599430084,-6.575450600999774,-6.443594773610433
9844,pp,0.05,0.0,27,1.7317906177043918,-5.965905676466046,-5.780669805738661
9845,do,0.05,0.0,47,1.313092117309571,-7.214098767078284,-6.084723650084602
9846,pp,0.05,0.0,69,3.1681547987461096,-5.029506086580681,-4.797771288288964
9847,do,0.05,0.0,70,-0.5631861329078678,-9.302176190867568,-8.766719314787123
9848,pp,0.05,0.0,26,3.0482800710201268,-5.772620050834887,-5.601745761765374
9849,do,0.05,0.0,70,3.383418489694595,-8.158067654118394,-10.083388646443685
9850,pp,0.05,0.0,54,3.6903459894657127,-4.568410286758885,-4.02479110426373
9851,do,0.05,0.0,24,0.9118671834468834,-7.35385440046137,-6.716659217410617
9852,pp,0.05,0.0,62,1.6169262611865998,-7.327250097737168,-6.685841006702847
9853,do,0.05,0.0,16,2.8698860800266264,-5.674302840955329,-5.614084204037984
9854,pp,0.05,0.0,70,2.924198580980301,-8.368467125748143,-7.771006266276042
9855,do,0.05,0.0,55,4.208180692195892,-5.656435180432869,-5.187127998140123
9856,pp,0.05,0.0,16,2.5016706037521352,-6.023532195524736,-4.865519049432542
9857,do,0.05,0.0,70,-0.8438017141819003,-9.340241170651986,-9.7284014277988
9858,pp,0.05,0.0,26,2.119107295274734,-6.543780758886626,-5.766322935952081
9859,do,0.05,0.0,27,2.9744408309459685,-6.575586798696807,-5.856544746292962
9860,pp,0.05,0.0,66,2.0031778657436377,-7.107529510151256,-6.394977503352695
9861,do,0.05,0.0,26,2.6728603017330173,-4.895155970255534,-4.052781714333428
9862,pp,0.05,0.0,59,3.825024749040603,-6.5755833394599685,-6.132880287700229
9863,do,0.05,0.0,24,0.9976207995414734,-6.434989313645796,-6.878969049453735
9864,pp,0.05,0.0,20,1.6325347304344175,-5.275667254130045,-4.65582422680325
9865,do,0.05,0.0,70,3.112641897201538,-9.13701535282713,-9.994057030147976
9866,pp,0.05,0.0,58,3.751789703369141,-6.291379110740893,-5.554588209258186
9867,do,0.05,0.0,30,2.5380766403675086,-5.7776846972378815,-5.598390759362115
9868,pp,0.05,0.0,51,2.3737161731719967,-6.587062815463904,-5.571441523234049
9869,do,0.05,0.0,55,2.8943507683277128,-4.904071514534228,-4.724389402071635
9870,pp,0.05,0.0,70,2.340258755683899,-5.711477546980887,-4.916756351788838
9871,do,0.05,0.0,70,2.1581567585468298,-6.102814995158802,-6.734854859775967
9872,pp,0.05,0.0,70,2.709773296117783,-8.303021439639005,-6.748639588885837
9873,do,0.05,0.0,16,0.8654473960399631,-6.789970003474842,-5.924321304427253
9874,pp,0.05,0.0,9,1.123726769685745,-4.819092655181885,-4.086598825454712
9875,do,0.05,0.0,70,1.3796196329593666,-7.186314819798325,-7.302684275309245
9876,pp,0.05,0.0,29,1.4913681161403654,-6.204043063250455,-5.360880798763699
9877,do,0.05,0.0,35,3.4108517694473264,-6.996857420603434,-6.583740700615777
9878,pp,0.05,0.0,13,1.9102849125862118,-5.799895046696518,-4.47386584546831
9879,do,0.05,0.0,16,1.9049299705028533,-5.344840347405636,-5.293934506840176
9880,pp,0.05,0.0,15,1.771230660676956,-4.577221614664251,-3.963230645656586
9881,do,0.05,0.0,14,1.14295661687851,-4.677676763679042,-4.330911221769121
9882,pp,0.05,0.0,19,0.6225429844856265,-7.333533850583163,-5.65277455912696
9883,do,0.05,0.0,21,2.1400335228443144,-5.811235761642456,-4.996961183018154
9884,pp,0.05,0.0,64,3.0195958232879647,-5.500878406293465,-4.937118201785617
9885,do,0.05,0.0,35,1.2885742306709291,-5.49989735285441,-4.823055526945326
9886,pp,0.05,0.0,34,1.3540542960166926,-5.896772296500928,-4.831968026691013
9887,do,0.05,0.0,68,1.1142238366603863,-7.114840134707364,-5.900810519854228
9888,pp,0.05,0.0,69,2.711510907411575,-6.127977056214304,-5.2960518545574615
9889,do,0.05,0.0,18,1.0429395496845242,-5.144396508823742,-5.2110192166434395
9890,pp,0.05,0.0,15,1.3632645213603967,-5.03881567030242,-4.217823831240336
9891,do,0.05,0.0,19,1.147798308134079,-5.240091706767227,-4.913940374056498
9892,pp,0.05,0.0,62,2.4612318634986874,-7.445942031975949,-6.269410249922011
9893,do,0.05,0.0,19,1.418668440580368,-5.883168844743208,-5.089869133631388
9894,pp,0.05,0.0,10,1.1015181350708012,-4.195959939378681,-3.6336364679866366
9895,do,0.05,0.0,18,1.894193984270096,-5.432247559229533,-5.1926290167702565
9896,pp,0.05,0.0,46,1.988717267513275,-8.841817360213309,-7.536684420373705
9897,do,0.05,0.0,18,1.8254214060306548,-6.048360545707472,-6.018675385581123
9898,pp,0.05,0.0,38,3.266189365386963,-5.733576303539854,-4.732545100318061
9899,do,0.05,0.0,13,1.288031202554703,-5.105555180347327,-4.9323047584957544
9900,pp,0.05,0.0,12,1.3145288789272307,-5.658450691627734,-4.4926440901226465
9901,do,0.05,0.0,15,3.5425658261775963,-6.791121360027429,-6.725975606176588
9902,pp,0.05,0.0,70,3.2164486598968516,-8.838066420410618,-8.100810988744099
9903,do,0.05,0.0,19,1.236572368144989,-5.383397116805568,-4.69244085682763
9904,pp,0.05,0.0,17,1.679165414571762,-5.358458569555571,-4.399346444341871
9905,do,0.05,0.0,22,-0.5075116419792174,-6.219991643501051,-7.105324353112115
9906,pp,0.05,0.0,27,2.036249395608902,-7.433118542757901,-6.203977494769626
9907,do,0.05,0.0,29,2.443595710992814,-6.00535545204625,-6.812627371152242
9908,pp,0.05,0.0,70,3.5383328795433053,-7.572041910344904,-6.75876981417338
9909,do,0.05,0.0,66,3.0199330139160168,-7.794347858428955,-8.238059928682116
9910,pp,0.05,0.0,44,4.078351342678071,-7.631723535422123,-5.470682797167036
9911,do,0.05,0.0,16,1.7181844532489778,-4.623728036880493,-5.064894562297397
9912,pp,0.05,0.0,9,0.790624067783356,-5.077778778654157,-4.141837252510919
9913,do,0.05,0.0,20,2.016045289039612,-5.01891199314233,-4.715709598859151
9914,pp,0.05,0.0,52,3.3145544552803035,-6.377967400984331,-5.792975126372443
9915,do,0.05,0.0,10,-0.09801897764205947,-5.204846372026386,-4.54264021979438
9916,pp,0.05,0.0,14,1.5600102472305295,-5.563551949009751,-4.553129454453786
9917,do,0.05,0.0,64,1.9565454041957855,-7.29818847396157,-8.32554505666097
9918,pp,0.05,0.0,57,3.1847253692150117,-6.109612748117158,-5.365147630373637
9919,do,0.05,0.0,16,0.3326534903049465,-5.368158282655658,-5.771683602862888
9920,pp,0.05,0.0,21,2.323854942321777,-4.594832907301007,-4.091948747634888
9921,do,0.05,0.0,19,2.3654801607131963,-5.35982554175637,-5.500654244422913
9922,pp,0.05,0.0,22,2.8220161378383626,-5.918429046688658,-4.780991077423096
9923,do,0.05,0.0,14,1.0757518768310552,-5.716547427032933,-5.219275098376804
9924,pp,0.05,0.0,68,2.0382553923130047,-8.533285031174168,-7.744404885503981
9925,do,0.05,0.0,32,1.7739152908325195,-7.150713125864665,-8.292327891455756
9926,pp,0.05,0.0,30,2.8908892488479614,-5.1220105532443885,-5.085677870114645
9927,do,0.05,0.0,22,2.7486544966697686,-5.894870313008626,-5.30033082432217
9928,pp,0.05,0.0,65,1.251506135463714,-8.154613409620342,-7.029380782445272
9929,do,0.05,0.0,12,1.481612838506699,-5.386263853130918,-4.65238053533766
9930,pp,0.05,0.0,17,1.723912403583526,-6.056204229412657,-4.715685145060221
9931,do,0.05,0.0,70,3.3139714550971986,-8.081094314112807,-8.587436803181966
9932,pp,0.05,0.0,54,1.776575679779052,-6.4244720993619975,-5.0219952662785845
9933,do,0.05,0.0,23,1.2114049065113068,-4.891856142968843,-5.149044669999016
9934,pp,0.05,0.0,70,4.5096430134773255,-7.170074699864243,-6.927765488624573
9935,do,0.05,0.0,70,1.8555438327789302,-6.185014425624501,-6.951961991522047
9936,pp,0.05,0.0,59,2.981188490390778,-6.127155685424805,-7.285694244172838
9937,do,0.05,0.0,70,0.8648431682586661,-7.478462707635128,-10.383073197470772
9938,pp,0.05,0.0,23,1.4835270726680756,-5.402524849862763,-4.444037662612067
9939,do,0.05,0.0,38,2.9984579038619987,-5.40288811452461,-5.58587511115604
9940,pp,0.05,0.0,15,1.971239366531372,-5.496719699917418,-4.876040130191379
9941,do,0.05,0.0,70,2.0771081089973444,-7.615858745574951,-8.23024374908871
9942,pp,0.05,0.0,36,3.5993191051483153,-5.691773884224169,-5.05292903582255
9943,do,0.05,0.0,46,3.918790355920791,-7.5438693595655035,-7.475374417834812
9944,pp,0.05,0.0,28,3.339021092653275,-4.409464584697377,-3.903256636195713
9945,do,0.05,0.0,70,4.5236680191755285,-6.1107040896560205,-6.008244445588853
9946,pp,0.05,0.0,50,1.134411871433258,-10.08986790974935,-9.292043262057835
9947,do,0.05,0.0,10,1.1430815804004668,-5.1917195536873555,-4.38714243306054
9948,pp,0.05,0.0,70,2.2219363486766817,-6.673697363246571,-5.522489741113451
9949,do,0.05,0.0,70,1.1375471925735479,-9.000909634792443,-8.383031119240655
9950,pp,0.05,0.0,35,3.5770333671569823,-5.662888493682399,-5.3696003648969866
9951,do,0.05,0.0,19,0.835925863981247,-5.809459736852935,-5.039149231380886
9952,pp,0.05,0.0,19,2.003884360790253,-4.7436132329883,-3.844200791252984
9953,do,0.05,0.0,70,0.5838609635829917,-6.871079482454242,-7.2146813445621065
9954,pp,0.05,0.0,23,1.9817690217494972,-5.625721133839001,-4.649493840005663
9955,do,0.05,0.0,14,1.6019449007511142,-4.558760283210061,-4.504470974869198
9956,pp,0.05,0.0,45,3.9978785002231607,-5.655092323187626,-5.41478984620836
9957,do,0.05,0.0,70,1.2549764406681065,-7.6313023480502045,-6.335813739564684
9958,pp,0.05,0.0,12,1.19691513299942,-5.8417119864261515,-4.557292037540012
9959,do,0.05,0.0,33,2.623732843399048,-5.130632547898726,-4.981186678674486
9960,pp,0.05,0.0,40,2.138685433864593,-7.1693560470234265,-5.301319169998169
9961,do,0.05,0.0,15,1.6347010564804076,-4.733891884485881,-3.960067868232727
9962,pp,0.05,0.0,16,1.9138873386383057,-4.732715020035252,-3.773150001631843
9963,do,0.05,0.0,16,2.0368265354633337,-4.803094470862186,-4.467121285862393
9964,pp,0.05,0.0,26,2.223998425006866,-5.276477413466482,-4.287299301889208
9965,do,0.05,0.0,70,1.6501287245750422,-8.844177968574293,-9.18289361000061
9966,pp,0.05,0.0,66,3.330500540733337,-6.324077742027514,-6.137374247445001
9967,do,0.05,0.0,22,-0.6444295120239261,-7.451797181909734,-7.1897131443023685
9968,pp,0.05,0.0,65,1.369441404342652,-6.378299058567394,-5.779619195726183
9969,do,0.05,0.0,39,2.1510874807834615,-7.075404761054299,-6.859256953663296
9970,pp,0.05,0.0,28,3.022119985818863,-8.84859796292854,-7.2456987407472395
9971,do,0.05,0.0,15,1.5147089433670047,-4.985286001725631,-4.179394527276357
9972,pp,0.05,0.0,18,2.2928379416465763,-5.680028999213016,-4.699048585361904
9973,do,0.05,0.0,22,2.7089099454879753,-6.464383976387255,-6.129354079564412
9974,pp,0.05,0.0,45,4.052063472270966,-10.976638958670875,-9.235239961412217
9975,do,0.05,0.0,21,1.8475322437286374,-6.5439814307472925,-6.10347199704912
9976,pp,0.05,0.0,13,1.9954446887969972,-6.0496254964308305,-5.243998106320699
9977,do,0.05,0.0,70,-0.5884448659420007,-7.998637762936679,-8.311688152949015
9978,pp,0.05,0.0,51,0.6288072645664213,-6.723282103105025,-5.995271926456027
9979,do,0.05,0.0,70,4.29276710510254,-10.324545342994458,-9.890076722039117
9980,pp,0.05,0.0,36,1.6499811184406274,-6.490714901143854,-5.57604763507843
9981,do,0.05,0.0,45,3.246573046445847,-5.648100181059404,-5.2558659619755215
9982,pp,0.05,0.0,27,2.4960875129699707,-4.972720984256629,-3.9656990475124783
9983,do,0.05,0.0,47,3.3657529437541953,-5.0292120890183885,-5.093693719969855
9984,pp,0.05,0.0,70,2.33196979880333,-7.216869214086822,-7.158858757548862
9985,do,0.05,0.0,47,0.70890368938446,-7.695451366540158,-8.55726565255059
9986,pp,0.05,0.0,69,1.4776299095153806,-8.450488441640681,-7.478902779685127
9987,do,0.05,0.0,21,0.5323817610740669,-6.754336974115082,-6.100088662571377
9988,pp,0.05,0.0,21,1.9159005284309387,-6.160358030145819,-5.4870257801479765
9989,do,0.05,0.0,26,1.993261038064956,-5.179513714530251,-5.057078014479743
9990,pp,0.05,0.0,49,2.7781693005561827,-6.69966392806082,-6.058524786101447
9991,do,0.05,0.0,7,0.2780860638618474,-5.070171350421328,-5.178410050604079
9992,pp,0.05,0.0,16,1.0881998765468603,-4.607686438704982,-4.201563204659356
9993,do,0.05,0.0,70,2.0453301298618314,-6.77285550290888,-6.732601817448934
9994,pp,0.05,0.0,44,2.6677408015727995,-6.923082056912508,-6.2739827315012615
9995,do,0.05,0.0,19,2.851063127517701,-4.597124463861639,-3.867908391687605
9996,pp,0.05,0.0,24,2.9783950603008265,-6.272018233212558,-5.320745974116855
9997,do,0.05,0.0,68,2.293888350725174,-7.792467731418031,-8.944844690958659
9998,pp,0.05,0.0,70,2.7535155105590814,-8.627395661671956,-7.285150949160258
9999,do,0.05,0.0,25,0.8564824235439303,-5.053360519264683,-5.102559725443522
10000,pp,0.05,0.0,53,1.7374068582057953,-6.1345468044281,-5.478126417265998
10001,do,0.05,0.0,70,2.112450169324875,-6.579593216289173,-6.846269909540812
10002,pp,0.05,0.0,50,3.1004542541503914,-5.263024871999567,-4.935660868220859
10003,do,0.05,0.0,70,1.9430613005161286,-7.628718574119337,-6.950027214156257
10004,pp,0.05,0.0,70,1.0902705705165863,-6.5450133208072545,-5.995216602749295
10005,do,0.05,0.0,42,0.9414176523685454,-5.956765485532356,-6.145609860950046
10006,pp,0.05,0.0,32,1.7582199192047119,-5.7823747056903265,-4.590807318687439
10007,do,0.05,0.0,70,2.961468349695206,-6.829378430048624,-7.252178343137105
10008,pp,0.05,0.0,33,2.130141844749451,-5.6541127074848525,-5.07554247379303
10009,do,0.05,0.0,2,-1.291327075958252,-6.172203566811302,-5.683326657613119
10010,pp,0.05,0.0,70,2.9981911206245426,-7.041793092091878,-6.248864648077223
10011,do,0.05,0.0,68,3.5210215687751774,-9.428361424532804,-9.438296100828383
10012,pp,0.05,0.0,21,2.480414716005325,-5.346892592401216,-4.668401580386692
10013,do,0.05,0.0,64,1.2083305072784416,-7.849628801056833,-7.294135766559177
10014,pp,0.05,0.0,65,1.2792713499069217,-6.907005154002796,-6.076355669233534
10015,do,0.05,0.0,60,1.6731130290031437,-7.891227781411374,-7.462334574593438
10016,pp,0.05,0.0,53,2.2549419820308687,-6.061087625676936,-5.350361278322008
10017,do,0.05,0.0,70,3.6504797112941736,-5.351270061550719,-4.817778538333045
10018,pp,0.05,0.0,35,3.1531422805786145,-5.0335069193984525,-4.143019359641605
10019,do,0.05,0.0,14,1.4808610141277319,-5.4403797193007035,-5.608840012550354
10020,pp,0.05,0.0,68,0.7061639022827144,-7.403558270136515,-6.163316782315572
10021,do,0.05,0.0,18,1.6647855031490328,-5.136990459037549,-5.020725780063206
10022,pp,0.05,0.0,15,2.055991877317429,-4.72760651328347,-4.353035547998217
10023,do,0.05,0.0,10,0.9733250653743744,-4.353865288243149,-4.086802071995205
10024,pp,0.05,0.0,24,1.6407717633247376,-5.200347440893,-4.645089839564429
10025,do,0.05,0.0,41,2.127854920625687,-4.941729734883164,-4.654467169443766
10026,pp,0.05,0.0,70,2.4408176147937777,-7.802181895573934,-6.247308582729763
10027,do,0.05,0.0,56,2.773541095256806,-5.485294378165043,-5.2963491121927895
10028,pp,0.05,0.0,17,2.8984508681297303,-5.003948509331906,-4.083056325382657
10029,do,0.05,0.0,19,1.818303849697113,-4.650730341131037,-4.130824165874057
10030,pp,0.05,0.0,9,0.7932551050186163,-4.604902083945997,-3.9267322778701783
10031,do,0.05,0.0,49,1.8183149957656868,-6.2939831950447775,-4.913514959812164
10032,pp,0.05,0.0,11,1.7506473994255058,-4.584561071973859,-3.882255416446262
10033,do,0.05,0.0,10,0.5265755593776706,-4.432767184575399,-4.268653986189101
10034,pp,0.05,0.0,70,-0.2138123142719266,-7.475494995984164,-6.111216314633688
10035,do,0.05,0.0,13,0.9900348210334782,-4.195965711998217,-4.183197087711758
10036,pp,0.05,0.0,38,2.1456516087055206,-5.7950237288619535,-4.936562347412109
10037,do,0.05,0.0,12,1.7267461299896238,-5.304999153541796,-4.617528218693203
10038,pp,0.05,0.0,66,2.48642454266548,-9.00387225151062,-7.335164788034227
10039,do,0.05,0.0,11,1.0053465843200682,-4.449304657993895,-3.8714663942654925
10040,pp,0.05,0.0,66,1.4706827974319454,-7.495660783305313,-6.22100190586514
10041,do,0.05,0.0,49,2.387768969535828,-6.423120559345592,-5.8485461632410685
10042,pp,0.05,0.0,34,2.8939850008487706,-5.987116956710816,-5.067764857080248
10043,do,0.05,0.0,14,1.1191078066825861,-4.582142233126091,-4.4747462577290005
10044,pp,0.05,0.0,63,1.5794789958000175,-6.823739742510247,-5.649127634366353
10045,do,0.05,0.0,48,3.8336418986320497,-5.278525473854758,-4.980442190170288
10046,pp,0.05,0.0,68,2.77833136320114,-6.366594116615526,-5.992778012487624
10047,do,0.05,0.0,40,1.4057390427589418,-5.725498942172888,-5.790779508484734
10048,pp,0.05,0.0,14,2.1347684109210965,-4.677456069715095,-3.899214188257853
10049,do,0.05,0.0,41,3.5152988600730897,-6.30169278347131,-5.374463526407878
10050,pp,0.05,0.0,70,3.0243782544136035,-10.84519792614561,-8.465322075949775
10051,do,0.05,0.0,68,2.629973695278167,-5.692107506954309,-5.499926119380527
10052,pp,0.05,0.0,40,2.527592234611512,-5.9855381142009385,-5.259810683462355
10053,do,0.05,0.0,11,0.7834125566482539,-4.602964250969165,-4.334147828155094
10054,pp,0.05,0.0,15,1.3221989119052884,-5.031612692457257,-4.431824628512064
10055,do,0.05,0.0,47,2.9761219418048865,-5.38091002666589,-4.984011711014642
10056,pp,0.05,0.0,56,2.74506064772606,-5.140956595449737,-4.589479178852505
10057,do,0.05,0.0,50,3.613751784563065,-6.350630646040945,-5.01844679514567
10058,pp,0.05,0.0,52,3.469052881002427,-6.65549289818966,-5.48365732298957
10059,do,0.05,0.0,70,2.97499611735344,-5.142878804062352,-4.807379304038154
10060,pp,0.05,0.0,15,1.3785108840465545,-4.824444239067309,-4.234578561782837
10061,do,0.05,0.0,12,1.776312911510467,-4.379390661644213,-4.125362425380283
10062,pp,0.05,0.0,67,1.00672722697258,-7.385142616792159,-6.864907640881008
10063,do,0.05,0.0,58,2.761236995458604,-5.474956508116288,-4.9437971115112305
10064,pp,0.05,0.0,70,2.111844846010208,-7.670346469590158,-6.896268476380242
10065,do,0.05,0.0,70,1.8520204663276667,-5.8748949527740475,-5.474363419744703
10066,pp,0.05,0.0,26,2.0504358911514275,-4.583200372349133,-4.080583471722073
10067,do,0.05,0.0,13,1.9535673379898073,-4.859058565081972,-4.210245373513963
10068,pp,0.05,0.0,70,2.3334837746620183,-6.591062274123683,-5.695865458912319
10069,do,0.05,0.0,26,2.163959463834762,-5.0899100708239,-5.363137658437093
10070,pp,0.05,0.0,65,1.8767639994621277,-6.128810453414917,-5.63424022992452
10071,do,0.05,0.0,16,2.2197866725921633,-4.756787781281905,-4.578047956360711
10072,pp,0.05,0.0,21,2.3045544242858886,-4.999473427281235,-4.599377793735928
10073,do,0.05,0.0,15,1.9421242749691014,-4.4218562747492935,-3.7338013754950627
10074,pp,0.05,0.0,69,2.638445593118667,-6.142661216042258,-5.390575652652316
10075,do,0.05,0.0,47,3.0337920391559594,-5.512938149770101,-5.174288704660204
10076,pp,0.05,0.0,69,3.2404571795463566,-5.525403778480761,-5.19692374865214
10077,do,0.05,0.0,70,1.6402695119380946,-5.398679616234519,-5.383559748861525
10078,pp,0.05,0.0,58,2.5533644008636482,-5.730916146076087,-5.407497760984633
10079,do,0.05,0.0,12,2.514771939516068,-4.346853020696929,-4.686060237884521
10080,pp,0.05,0.0,70,1.5671920943260194,-7.59760940580657,-6.505955767631531
10081,do,0.05,0.0,59,3.22668980717659,-5.375434060530229,-5.191308824221293
10082,pp,0.05,0.0,51,3.9179507327079772,-6.746863386847756,-6.029357939296299
10083,do,0.05,0.0,50,2.4191001152992246,-5.906112553856589,-5.895674533314175
10084,pp,0.05,0.0,70,1.149021863937378,-8.53528182145321,-6.893862628936768
10085,do,0.05,0.0,23,2.3771013426780696,-4.706186832081188,-4.520474818017748
10086,pp,0.05,0.0,53,3.337516939640045,-7.591296006693985,-6.47723175154792
10087,do,0.05,0.0,16,2.075705907344818,-4.124059270367478,-3.8879804571469623
10088,pp,0.05,0.0,40,1.7887561905384057,-6.05648321238431,-5.28610277970632
10089,do,0.05,0.0,14,2.5874835526943203,-5.021353084390814,-4.834729721811082
10090,pp,0.05,0.0,54,4.318448183536528,-7.739215623971187,-7.5181059413486055
10091,do,0.05,0.0,70,2.5798614096641543,-6.237444607416789,-5.715764882829454
10092,pp,0.05,0.0,70,1.7074613094329845,-7.00688794742931,-6.033307056956821
10093,do,0.05,0.0,70,3.451658955812454,-7.855954850803722,-7.386122245258755
10094,pp,0.05,0.0,70,5.81387408733368,-8.113764497005578,-7.176998281478882
10095,do,0.05,0.0,14,1.7984731984138485,-4.830673404173417,-4.581290080812242
10096,pp,0.05,0.0,51,1.3204938173294067,-5.667128668409405,-5.004677645365397
10097,do,0.05,0.0,63,1.9613520872592929,-7.258172303980047,-9.389210224151611
10098,pp,0.05,0.0,70,2.9641048467159274,-7.241054008946274,-6.549281618330213
10099,do,0.05,0.0,60,2.733338928222656,-4.733515221422369,-4.617760790718926
10100,pp,0.05,0.0,47,2.647603526115418,-5.450868555993745,-5.032333641582065
10101,do,0.05,0.0,31,1.6374720919132226,-7.037441603342692,-6.794821116659376
10102,pp,0.05,0.0,31,2.0675505352020274,-5.467051191040964,-4.914333820343018
10103,do,0.05,0.0,49,1.6898892402648924,-5.817377880847816,-6.099744531843397
10104,pp,0.05,0.0,33,1.3949782931804666,-6.231267563501993,-5.598431187205844
10105,do,0.05,0.0,24,1.7907742786407477,-5.216610645525384,-5.075276104609172
10106,pp,0.05,0.0,23,1.6466941952705385,-6.031926496101148,-5.136050115691291
10107,do,0.05,0.0,42,3.200708787441253,-5.458289318373709,-5.581542367405362
10108,pp,0.05,0.0,48,1.9457498157024382,-6.519511951099743,-5.772044767273797
10109,do,0.05,0.0,52,1.9241672563552852,-6.275447578141184,-6.117220022943285
10110,pp,0.05,0.0,53,0.7774172544479363,-7.6840161424694635,-6.5163639995786875
10111,do,0.05,0.0,55,2.518792555332184,-6.106430378827182,-7.579361136754354
10112,pp,0.05,0.0,37,1.9091691005229947,-6.020072811300104,-5.401174407535129
10113,do,0.05,0.0,34,2.8402492892742153,-4.79032082268686,-4.534865142239465
10114,pp,0.05,0.0,43,2.2995256245136257,-7.005795097351074,-6.1657087114122175
10115,do,0.05,0.0,12,1.6330196475982666,-4.6014668377962975,-4.26853254503674
10116,pp,0.05,0.0,19,1.7940717279911036,-5.1548589388529455,-4.680066299438477
10117,do,0.05,0.0,56,1.6935408771038052,-7.619362273360744,-6.998555551634895
10118,pp,0.05,0.0,10,1.005833619832993,-5.255587995413578,-4.4768260293536715
10119,do,0.05,0.0,70,1.687675112485886,-10.780416413509485,-10.56108922958374
10120,pp,0.05,0.0,70,2.2423283922672272,-8.58050586527044,-7.275950362947252
10121,do,0.05,0.0,17,3.047789671421051,-5.116733506231597,-5.063146326276991
10122,pp,0.05,0.0,30,1.0432249033451093,-7.899323005387277,-6.328316622310215
10123,do,0.05,0.0,46,2.644713065624238,-7.766701417980772,-7.072191837098863
10124,pp,0.05,0.0,54,1.8293043315410618,-7.269697930596092,-5.764506279097663
10125,do,0.05,0.0,12,2.016244932413101,-4.451116066990477,-4.505203486813439
10126,pp,0.05,0.0,11,1.6221056950092319,-4.859921802173961,-4.09372169441647
10127,do,0.05,0.0,14,1.8178820884227758,-4.914136266708374,-4.772413118680318
10128,pp,0.05,0.0,22,2.217508424520493,-4.924128779498013,-4.252875010172526
10129,do,0.05,0.0,70,3.3504096424579615,-8.071766786864309,-8.68639391793145
10130,pp,0.05,0.0,69,2.2498990821838376,-7.466544735070431,-6.5380579577551945
10131,do,0.05,0.0,12,2.0503174972534177,-5.081350634314797,-4.973822662565444
10132,pp,0.05,0.0,8,1.0538455235958093,-5.379593369455049,-4.7986293978161285
10133,do,0.05,0.0,7,1.383999392986298,-5.106100270242402,-4.45268157058292
10134,pp,0.05,0.0,9,0.8361305844783784,-6.384283924102784,-5.37899587419298
10135,do,0.05,0.0,36,3.3691427004337307,-6.024268508679939,-5.607013408342997
10136,pp,0.05,0.0,30,2.5665997397899636,-5.429399897835472,-4.597844462924534
10137,do,0.05,0.0,19,3.09836177945137,-5.6895578406073835,-5.1390764064259
10138,pp,0.05,0.0,70,3.9696937882900247,-9.932412505872321,-7.04282672935062
10139,do,0.05,0.0,11,1.0193078315258024,-4.949610522299102,-4.608726138538785
10140,pp,0.05,0.0,11,1.5740212917327883,-4.785980194265192,-4.107317166858249
10141,do,0.05,0.0,59,1.6882388401031498,-6.943534047675855,-6.701737496587965
10142,pp,0.05,0.0,17,2.013839592933655,-4.842284076864069,-4.059790629810757
10143,do,0.05,0.0,14,0.9207503557205206,-5.173428463213371,-4.754320107565986
10144,pp,0.05,0.0,8,0.8589723670482634,-5.2366591323505745,-4.469670091734992
10145,do,0.05,0.0,6,0.282566007375717,-4.790379697626287,-4.371124445067512
10146,pp,0.05,0.0,49,1.680490230321884,-6.592706524242054,-6.278582734531827
10147,do,0.05,0.0,70,2.9407482588291165,-6.254589674689553,-5.539317700597975
10148,pp,0.05,0.0,50,2.3523154675960543,-6.503775533040365,-5.938894123501248
10149,do,0.05,0.0,68,1.9249553275108342,-5.520904474547415,-4.996507226096259
10150,pp,0.05,0.0,11,1.0198685717582698,-4.689192594181407,-4.2157386859258015
10151,do,0.05,0.0,70,2.1150034785270693,-8.116514091780692,-8.25713739660051
10152,pp,0.05,0.0,7,1.3394725990295413,-5.56368126002225,-5.2449124548170305
10153,do,0.05,0.0,70,3.6783138573169705,-6.420713770028317,-6.2242206626468235
10154,pp,0.05,0.0,17,3.282148475646972,-5.031279933813846,-4.427585842874315
10155,do,0.05,0.0,31,3.3963653910160057,-5.137199745756207,-4.573165657785204
10156,pp,0.05,0.0,23,3.4226696646213526,-4.874831945245917,-4.173036228285896
10157,do,0.05,0.0,51,1.5582214450836185,-6.801619521054355,-6.462587491671244
10158,pp,0.05,0.0,70,1.2006520318984988,-5.8429136651935,-5.349963357713487
10159,do,0.05,0.0,70,1.4715492630004885,-7.042212549845377,-6.0561486217710705
10160,pp,0.05,0.0,9,1.4963086545467377,-5.234467892213301,-4.5490434673097395
10161,do,0.05,0.0,37,1.9285824668407443,-5.872991639917547,-5.367772112952339
10162,pp,0.05,0.0,19,2.0296461164951323,-5.8212958046884244,-4.842899664243062
10163,do,0.05,0.0,25,2.731176985502243,-6.0953685587102715,-5.05827173921797
10164,pp,0.05,0.0,61,2.1143757736682893,-6.71903709787311,-6.275208258628846
10165,do,0.05,0.0,32,3.178161493539811,-6.139733723438147,-5.993816939989726
10166,pp,0.05,0.0,54,2.650432806015014,-6.5089158592802105,-5.6105250861909655
10167,do,0.05,0.0,42,3.3961797404289245,-5.405442089023012,-5.053017887804243
10168,pp,0.05,0.0,25,2.482730823755264,-5.450586905623927,-4.347226990593804
10169,do,0.05,0.0,11,2.1296454763412473,-4.415647532723167,-3.936206603050232
10170,pp,0.05,0.0,45,2.3579364371299736,-7.9780598192503955,-6.94403072198232
10171,do,0.05,0.0,43,3.125934300422669,-5.692804879853219,-5.674158337381151
10172,pp,0.05,0.0,70,2.6752453815937036,-6.592741159959273,-5.990473307503594
10173,do,0.05,0.0,24,2.473983289003372,-4.107610339829416,-4.103375340832605
10174,pp,0.05,0.0,68,2.4045488119125373,-6.2688920916933,-5.613082120153639
10175,do,0.05,0.0,19,3.1598025417327875,-4.673697923891472,-4.626184810532464
10176,pp,0.05,0.0,67,1.86670377612114,-8.886378945726337,-8.359129333496094
10177,do,0.05,0.0,12,1.7153583240509036,-4.569587190223463,-4.294086201985677
10178,pp,0.05,0.0,10,1.411213126182556,-4.647172413450299,-4.322248580720689
10179,do,0.05,0.0,33,2.917067812681198,-6.4502226193745935,-5.59534666273329
10180,pp,0.05,0.0,70,2.573966455459594,-7.432983456235943,-6.491680929395888
10181,do,0.05,0.0,63,2.5435570192337034,-7.463737018180616,-6.723792208565606
10182,pp,0.05,0.0,70,2.5255395674705508,-9.055823188839536,-8.244271855884127
10183,do,0.05,0.0,25,3.261748929023743,-6.498876506632024,-6.633605480194092
10184,pp,0.05,0.0,58,4.465522934198379,-7.334521315314553,-6.184855066405403
10185,do,0.05,0.0,44,4.117307541370392,-6.564518070220947,-5.795967790815565
10186,pp,0.05,0.0,34,3.032764014005661,-6.786312650911736,-5.336206367280748
10187,do,0.05,0.0,70,2.092398921251297,-11.637841814214534,-10.63543601565891
10188,pp,0.05,0.0,43,1.6631560087203976,-10.9624145897952,-9.512330113516914
10189,do,0.05,0.0,14,1.9965306997299193,-4.561178068681197,-4.133058977127075
10190,pp,0.05,0.0,70,1.524891839027406,-8.443619499784527,-8.194359546237521
10191,do,0.05,0.0,28,4.161508642435074,-5.355837869644165,-4.960745574368371
10192,pp,0.05,0.0,53,4.878456763029098,-8.764485344742283,-7.22926279173957
10193,do,0.05,0.0,13,1.7304125785827633,-5.489209516120679,-5.708424486054314
10194,pp,0.05,0.0,21,2.5229210770130157,-5.242172937682181,-4.3796612289216785
10195,do,0.05,0.0,26,2.7360768616199493,-5.309543025854862,-4.794195359283023
10196,pp,0.05,0.0,14,2.0176551485061642,-4.801880609627926,-4.307289958000183
10197,do,0.05,0.0,23,3.237172112464904,-4.574221502650868,-4.211712511380513
10198,pp,0.05,0.0,18,2.6315826332569126,-4.573028484980266,-3.791839142640432
10199,do,0.05,0.0,27,2.0911152458190925,-5.308898076144132,-5.621242658297221
10200,pp,0.05,0.0,40,0.7852698421478284,-8.123902244278879,-7.135058138105604
10201,do,0.05,0.0,70,3.6226009869575497,-5.875007284048832,-6.300676329930623
10202,pp,0.05,0.0,61,0.8670994365215297,-8.481636262662484,-7.278670422236124
10203,do,0.05,0.0,46,2.8037115895748137,-6.307511709675644,-6.033593349986607
10204,pp,0.05,0.0,12,2.6794844794273374,-4.4689955964232935,-3.9856013231807284
10205,do,0.05,0.0,40,2.5096266317367553,-5.031297951033621,-4.9630959404839405
10206,pp,0.05,0.0,60,2.086210889816284,-8.079146705974232,-7.170271600617303
10207,do,0.05,0.0,15,1.8948269021511077,-5.045087308594675,-5.214243936538696
10208,pp,0.05,0.0,12,1.1335943019390102,-5.140885009187641,-4.546801251835293
10209,do,0.05,0.0,10,1.0544419133663174,-4.209559625567812,-3.9261850780910916
10210,pp,0.05,0.0,45,1.5902596652507786,-7.33000786376722,-5.662870873345269
10211,do,0.05,0.0,37,4.499505919218064,-6.313790384928385,-6.007461288240221
10212,pp,0.05,0.0,18,2.2695003211498266,-4.946803916584361,-4.190101724200779
10213,do,0.05,0.0,21,1.5799857497215273,-5.832237320235281,-5.767203217082553
10214,pp,0.05,0.0,10,1.2649714541435237,-4.406798531792381,-4.047544568114811
10215,do,0.05,0.0,23,2.9806185114383688,-5.607293144861857,-5.6056644943025375
10216,pp,0.05,0.0,37,3.336458456516266,-5.236620329365586,-4.292854372660319
10217,do,0.05,0.0,29,1.7484925591945641,-5.472149519486861,-5.297755437427097
10218,pp,0.05,0.0,21,2.145911780595779,-4.916951780608206,-4.152260952525669
10219,do,0.05,0.0,70,3.3375054073333743,-6.912993176778158,-6.087162216504415
10220,pp,0.05,0.0,22,1.2133016192913058,-8.055891782587224,-6.468771028518677
10221,do,0.05,0.0,49,3.4712658929824833,-6.382735937291925,-6.324789741304186
10222,pp,0.05,0.0,13,1.6466427695751191,-4.576573699893373,-3.823359902699788
10223,do,0.05,0.0,64,3.2960487699508665,-6.476189359029134,-6.023829878701104
10224,pp,0.05,0.0,14,1.109842005968094,-5.250674077236291,-4.741685965326098
10225,do,0.05,0.0,26,1.052582519054413,-6.649764782009703,-6.800331134266323
10226,pp,0.05,0.0,32,3.0970935535430915,-4.592641979275328,-4.205927477942573
10227,do,0.05,0.0,70,1.8058112561702728,-5.374641260956273,-5.696131197611491
10228,pp,0.05,0.0,20,2.2157836997509,-5.237400407502146,-4.515355361832513
10229,do,0.05,0.0,24,1.9489818274974828,-5.165060567855835,-5.195808201366001
10230,pp,0.05,0.0,14,1.764103430509567,-4.753451916665742,-4.2297553539276125
10231,do,0.05,0.0,70,1.6378037488460535,-6.016336238745487,-5.591733463605245
10232,pp,0.05,0.0,44,2.5282737112045286,-5.668250994248823,-4.763112870852153
10233,do,0.05,0.0,54,2.3501242530345916,-6.917689816157023,-6.034964378674825
10234,pp,0.05,0.0,28,1.2616456234455118,-9.302500252290205,-8.207141545083788
10235,do,0.05,0.0,31,1.3407226037979125,-8.714515034357706,-8.394044102562798
10236,pp,0.05,0.0,70,2.796461429595947,-7.273618557958892,-6.314201511277092
10237,do,0.05,0.0,19,-0.03204957485198978,-6.70268508159753,-6.468143428696527
10238,pp,0.05,0.0,9,0.8350590825080877,-4.840534044034554,-4.192601405249702
10239,do,0.05,0.0,34,1.7822233676910404,-6.370705328565656,-5.936462439431084
10240,pp,0.05,0.0,21,1.7362655067443846,-4.758401000860966,-4.144980157746209
10241,do,0.05,0.0,70,3.8385329210758217,-4.819663618550156,-6.443281941943699
10242,pp,0.05,0.0,44,2.563025290966034,-6.382127731496637,-5.7452200863096445
10243,do,0.05,0.0,70,2.9198700559139255,-7.052652663895578,-7.205956072277493
10244,pp,0.05,0.0,30,1.844784373044968,-5.4709972800630515,-4.960325744416979
10245,do,0.05,0.0,70,3.0296142780780793,-4.971445992498687,-5.548789098527696
10246,pp,0.05,0.0,70,2.788207608461379,-4.766917930949818,-4.0648100177447
10247,do,0.05,0.0,15,1.5819049656391142,-6.126848501147646,-6.27098483244578
10248,pp,0.05,0.0,9,1.4891007339954374,-5.104407780098192,-4.527974369790819
10249,do,0.05,0.0,23,2.461568286418915,-4.5057841662204625,-4.655719558397929
10250,pp,0.05,0.0,20,2.4808816182613365,-6.86338652119492,-4.827817494339413
10251,do,0.05,0.0,33,2.046391676664352,-6.33457184271379,-6.829194127188789
10252,pp,0.05,0.0,21,1.9813423538208,-4.815661323431766,-4.252118151717716
10253,do,0.05,0.0,70,-0.11757621049880917,-8.835952711105346,-11.206126186582777
10254,pp,0.05,0.0,39,1.0222335624694825,-6.555773823189013,-5.6075093958112925
10255,do,0.05,0.0,19,2.79495413184166,-5.106051231153083,-4.4889491067992315
10256,pp,0.05,0.0,70,2.393235343694686,-7.606939266667221,-7.3291173484590315
10257,do,0.05,0.0,70,1.07975023508072,-6.681737528425274,-6.9938395712110735
10258,pp,0.05,0.0,42,2.3304935252666468,-6.062138647021669,-5.1113842566808065
10259,do,0.05,0.0,35,1.4603170239925385,-6.035427113735315,-7.131060531404283
10260,pp,0.05,0.0,16,1.8921894204616558,-7.5866836923541445,-6.190913547409905
10261,do,0.05,0.0,42,3.5573968994617458,-6.286187968109593,-8.339238267474704
10262,pp,0.05,0.0,21,2.4836567270755765,-5.399073255423343,-4.637807104322645
10263,do,0.05,0.0,70,3.6517088079452513,-5.687322623801954,-5.535030049747891
10264,pp,0.05,0.0,14,1.5374093687534325,-5.421640809377035,-4.472517551316155
10265,do,0.05,0.0,33,1.7290539884567266,-6.046453290997129,-6.538803452915616
10266,pp,0.05,0.0,12,2.032183004617691,-4.315528015656905,-3.8685584598117404
10267,do,0.05,0.0,70,2.849622247219086,-7.247962682897394,-7.75963053173489
10268,pp,0.05,0.0,70,2.624151749610901,-6.276475824009289,-5.18762108484904
10269,do,0.05,0.0,63,3.0085038399696344,-6.602797639731205,-5.585130821333991
10270,pp,0.05,0.0,27,3.3843996107578285,-6.208848516868822,-4.450514316558838
10271,do,0.05,0.0,29,2.3351720547676083,-6.199370989655003,-6.6160152302847965
10272,pp,0.05,0.0,9,1.3539365851879124,-4.780514617399736,-3.9785120103094314
10273,do,0.05,0.0,70,1.9694466257095335,-6.100107341824156,-6.197536171807183
10274,pp,0.05,0.0,60,3.425945216417313,-8.785421706690933,-6.486473732524448
10275,do,0.05,0.0,27,2.3326100444793703,-5.774607308705648,-5.350265656577216
10276,pp,0.05,0.0,70,3.2839018881320943,-7.197349872011127,-6.313355300161573
10277,do,0.05,0.0,58,1.9912023258209217,-8.012367551976984,-7.950643560621473
10278,pp,0.05,0.0,17,1.875449776649475,-5.517725656971787,-4.423069139321645
10279,do,0.05,0.0,47,0.6431062388420106,-7.846329535860004,-7.104858165317111
10280,pp,0.05,0.0,40,3.2198480272293093,-8.442273472294662,-6.494135316212972
10281,do,0.05,0.0,14,2.328122057914734,-5.8404360800078425,-5.2423936525980634
10282,pp,0.05,0.0,7,1.504602272510529,-5.0117206457889445,-4.326314504941305
10283,do,0.05,0.0,19,2.505279603004455,-5.772570394747185,-6.036254172854953
10284,pp,0.05,0.0,70,3.232034339904784,-8.122314285509514,-6.647910332679748
10285,do,0.05,0.0,66,3.4158438372611997,-7.7834131717681885,-7.279556936687893
10286,pp,0.05,0.0,30,2.877574715614319,-7.157177835522276,-5.815779688623216
10287,do,0.05,0.0,70,-0.5823001778125771,-9.632679478327434,-9.311032274034288
10288,pp,0.05,0.0,30,1.7316094946861273,-8.69202097979459,-6.70897364616394
10289,do,0.05,0.0,56,3.436741054058075,-7.94835307525866,-6.96978317366706
10290,pp,0.05,0.0,22,2.1840296566486357,-5.893106904174342,-4.723372077941894
10291,do,0.05,0.0,32,3.2911672532558445,-5.817157963550452,-5.552422497007582
10292,pp,0.05,0.0,48,2.895391148328782,-8.008340308160493,-6.485147494739956
10293,do,0.05,0.0,50,1.4235324311256408,-6.1276755188450664,-5.655834272172716
10294,pp,0.05,0.0,27,1.8269274008274081,-8.119000336618134,-7.21327453189426
10295,do,0.05,0.0,70,1.521222251653672,-7.53194082144535,-7.720535071690877
10296,pp,0.05,0.0,36,1.773587794303893,-6.758552639412158,-6.665646452373928
10297,do,0.05,0.0,15,1.352934212684631,-5.310931418158791,-5.414111627472772
10298,pp,0.05,0.0,14,1.8942702853679654,-5.6563754327369455,-4.6148405220773485
10299,do,0.05,0.0,57,3.252734905481338,-6.466326628309307,-6.33219604227278
10300,pp,0.05,0.0,47,2.1819073748588567,-5.702883743517327,-5.1206797069973415
10301,do,0.05,0.0,68,1.544679659605027,-6.494776101545854,-5.923391148779127
10302,pp,0.05,0.0,18,1.8907344031333926,-4.891836740031387,-3.947165702448951
10303,do,0.05,0.0,70,3.2423750030994407,-6.657758371757739,-6.311076643731859
10304,pp,0.05,0.0,55,3.5447031378746043,-6.733918697183783,-5.873577247725593
10305,do,0.05,0.0,70,4.046772382259369,-5.256821752317024,-6.173045913378398
10306,pp,0.05,0.0,65,2.424934877157212,-5.354654320803555,-5.059099596076542
10307,do,0.05,0.0,70,3.7033478879928596,-4.829362178571296,-5.136814538637797
10308,pp,0.05,0.0,52,3.7330167782306667,-5.697042749867295,-4.78041553762224
10309,do,0.05,0.0,70,1.9154097950458535,-6.392325441765062,-5.890285507837931
10310,pp,0.05,0.0,13,1.1022822856903076,-4.62528836221406,-4.213544609811571
10311,do,0.05,0.0,26,3.158265283107758,-5.453089521870469,-5.444074643982781
10312,pp,0.05,0.0,13,1.5251670503616337,-5.5646521683895225,-4.574072869618734
10313,do,0.05,0.0,70,3.21294529557228,-5.5893045020825936,-4.861640510294173
10314,pp,0.05,0.0,70,2.409614790678024,-5.690330967758641,-5.099595930841234
10315,do,0.05,0.0,70,2.0679092955589295,-5.8672564304236206,-6.117068436410692
10316,pp,0.05,0.0,50,2.446014919281007,-6.625111532211304,-5.578769085142348
10317,do,0.05,0.0,30,2.6009363555908207,-6.160561112201575,-5.982115523020426
10318,pp,0.05,0.0,70,3.787004257440567,-5.697837365757335,-5.123639051119486
10319,do,0.05,0.0,58,2.8086200547218327,-6.6808752782417065,-7.031663958231608
10320,pp,0.05,0.0,36,2.2821000409126277,-5.287401283148563,-4.602012504471673
10321,do,0.05,0.0,70,2.1918096423149107,-4.563550336433179,-4.1516371872689986
10322,pp,0.05,0.0,58,1.5738637244701383,-6.076849687460697,-5.710120884577433
10323,do,0.05,0.0,70,1.3538806009292612,-6.980232925126047,-6.887455908457438
10324,pp,0.05,0.0,11,0.8887036347389223,-5.2110543814572425,-4.8629834360546536
10325,do,0.05,0.0,53,2.4688269233703606,-5.29421478473779,-5.071838635868496
10326,pp,0.05,0.0,27,2.3569833981990813,-5.137621802994699,-4.660994585355123
10327,do,0.05,0.0,30,2.4169513845443724,-5.584453439712524,-5.050563661257426
10328,pp,0.05,0.0,54,1.8317864096164707,-6.258291563843236,-5.772256983651055
10329,do,0.05,0.0,20,1.5606449997425083,-4.519464731216431,-4.090819361474779
10330,pp,0.05,0.0,65,0.7262829148769372,-7.608799370852384,-7.052841048770481
10331,do,0.05,0.0,70,2.316940845251083,-6.142158214973681,-5.2891468551423815
10332,pp,0.05,0.0,60,2.402991077899932,-6.643469954981948,-5.477247264650133
10333,do,0.05,0.0,26,1.742029750347136,-8.305209203199906,-7.642116506894429
10334,pp,0.05,0.0,70,3.3098102259635924,-6.5021265896883875,-5.808100824885898
10335,do,0.05,0.0,70,2.53072258234024,-5.270353344715002,-5.146771883964538
10336,pp,0.05,0.0,30,3.033009830713273,-4.865466467539469,-4.238923018508487
10337,do,0.05,0.0,31,3.428768248558044,-4.606600640036843,-4.44161074426439
10338,pp,0.05,0.0,12,1.753249516487121,-4.263958763353752,-3.8058931324217053
10339,do,0.05,0.0,70,2.255153870582581,-6.438040945746682,-6.820590856340196
10340,pp,0.05,0.0,35,1.7080519127845761,-6.697540258638787,-6.084136851628622
10341,do,0.05,0.0,17,2.4512537276744837,-5.798228616425486,-5.126270625326368
10342,pp,0.05,0.0,70,3.038777598142623,-6.686655044555664,-5.969976101981269
10343,do,0.05,0.0,46,2.847126231193542,-6.374001851226344,-5.921220623122322
10344,pp,0.05,0.0,70,3.6640820288658134,-7.253708083701857,-6.59192214012146
10345,do,0.05,0.0,70,1.4154738628864276,-6.309953196843465,-6.268372747633192
10346,pp,0.05,0.0,70,1.3201592874526966,-8.330717387343897,-7.395323705673218
10347,do,0.05,0.0,60,3.1126247882843012,-7.526460115837328,-7.396998461087545
10348,pp,0.05,0.0,70,2.1849457526206963,-5.787323651169285,-5.197969256507026
10349,do,0.05,0.0,39,3.7859168088436137,-6.14493408203125,-5.635069248411391
10350,pp,0.05,0.0,23,3.5755992054939263,-4.873030500700979,-4.698569917678833
10351,do,0.05,0.0,70,3.689689650535583,-5.639697038766109,-7.198208191659716
10352,pp,0.05,0.0,70,2.5052249789237973,-6.226234792940544,-5.631467488076952
10353,do,0.05,0.0,63,1.5337401723861692,-7.231068715182218,-6.886775181028578
10354,pp,0.05,0.0,70,1.0045310831069951,-7.803619428114458,-7.071987793180678
10355,do,0.05,0.0,32,1.9817366623878474,-5.6478275559165265,-5.1556487931145565
10356,pp,0.05,0.0,70,0.5784853899478914,-7.49280233816667,-7.150066887007819
10357,do,0.05,0.0,70,3.2643650090694427,-6.7531583988305295,-6.1641653802659775
10358,pp,0.05,0.0,47,1.6405492889881135,-6.167283550898234,-5.616657129923502
10359,do,0.05,0.0,52,4.157972744703292,-5.0485801537831625,-4.777929292784797
10360,pp,0.05,0.0,16,3.1785531795024866,-5.048175462086996,-4.42216463221444
10361,do,0.05,0.0,67,1.233978656530379,-6.752427104025176,-8.888652557796902
10362,pp,0.05,0.0,22,1.8131303477287286,-5.512375802704782,-4.780310498343574
10363,do,0.05,0.0,63,2.603557397127152,-5.628945425784949,-5.841470556788974
10364,pp,0.05,0.0,18,2.284237757921219,-5.691673894362016,-4.547081096967061
10365,do,0.05,0.0,60,1.0539062023162842,-5.954876677195231,-6.39416995048523
10366,pp,0.05,0.0,41,1.7891470324993133,-6.116238044969963,-5.667324781417847
10367,do,0.05,0.0,70,3.240300931930541,-7.432306961579756,-8.27479263941447
10368,pp,0.05,0.0,70,1.9033799421787263,-6.034362524205988,-5.6389715830485025
10369,do,0.05,0.0,65,4.365499165058136,-8.303849311308428,-8.196705767843458
10370,pp,0.05,0.0,41,5.596429966688157,-6.613305198785031,-5.834425258636474
10371,do,0.05,0.0,42,3.5912310135364525,-5.219813062205459,-5.105856990814209
10372,pp,0.05,0.0,68,3.2021482431888586,-5.8059439153382275,-5.411893518765767
10373,do,0.05,0.0,40,2.9673825454711906,-6.335398749149207,-5.633220648765564
10374,pp,0.05,0.0,55,2.62777989268303,-7.582861313675389,-6.503414527575175
10375,do,0.05,0.0,29,2.6031449782848357,-4.101227413524281,-4.292881841129727
10376,pp,0.05,0.0,49,1.7126174688339226,-7.517684883059878,-6.573557790120443
10377,do,0.05,0.0,70,0.23034809947013812,-8.249505148511945,-8.199409119288127
10378,pp,0.05,0.0,14,1.2689376485347745,-4.910623784498735,-4.739820024702284
10379,do,0.05,0.0,39,0.8282624423503879,-6.993834813435872,-5.638993525505066
10380,pp,0.05,0.0,13,0.8810579788684851,-5.7823949828292385,-5.172451368967692
10381,do,0.05,0.0,70,2.646990092992783,-6.238848479588826,-5.624904314676921
10382,pp,0.05,0.0,45,2.004513516426085,-7.997444358016505,-6.938901625739204
10383,do,0.05,0.0,70,3.1771417498588566,-6.535208957845515,-6.794514306386312
10384,pp,0.05,0.0,18,2.512547951936722,-6.518965864181519,-5.8923244767718845
10385,do,0.05,0.0,64,1.8069464719295496,-6.077063379865704,-5.690694612926907
10386,pp,0.05,0.0,62,1.9545264911651614,-7.991380844694195,-7.441316864225599
10387,do,0.05,0.0,70,2.005189979076386,-6.9175054694667,-6.56830783949958
10388,pp,0.05,0.0,33,2.2982000339031217,-5.990809241208163,-4.792670684390598
10389,do,0.05,0.0,29,2.122865818738937,-6.405382179491448,-6.938980436325073
10390,pp,0.05,0.0,37,1.4650647902488698,-6.851196420553959,-5.911542985174391
10391,do,0.05,0.0,28,2.5438230729103095,-6.2711955865224205,-5.335587082968818
10392,pp,0.05,0.0,23,2.8267253684997566,-5.070246823628744,-4.387245694796245
10393,do,0.05,0.0,9,1.7903294575214383,-5.430192701744311,-4.890808176994324
10394,pp,0.05,0.0,7,1.3074322831630703,-4.454116603099939,-3.865677853425344
10395,do,0.05,0.0,46,-0.7104627060890198,-8.138659386201338,-8.800115293926662
10396,pp,0.05,0.0,10,0.7647243535518644,-5.069135362451727,-4.114746614297231
10397,do,0.05,0.0,70,1.269872620105744,-9.297491868336996,-8.142807573742337
10398,pp,0.05,0.0,10,1.4017001700401304,-5.503000415455212,-4.917233832677206
10399,do,0.05,0.0,70,1.8689797997474669,-8.760100184064923,-7.342137408256531
10400,pp,0.05,0.0,15,1.8053357195854192,-5.180290248177268,-4.258481415112813
10401,do,0.05,0.0,70,1.8189029729366286,-8.487676432638457,-8.012240370114645
10402,pp,0.05,0.0,25,1.5834441435337068,-6.041408400102095,-5.022563362121582
10403,do,0.05,0.0,70,1.377089432477952,-9.229146349068843,-8.469975445005629
10404,pp,0.05,0.0,41,2.049437029361725,-6.722020182465062,-5.856046957439847
10405,do,0.05,0.0,70,1.4252800703048703,-6.061246169697155,-7.942670959896511
10406,pp,0.05,0.0,68,2.1673493587970727,-7.146139432444717,-6.359945813814799
10407,do,0.05,0.0,70,2.1887233650684372,-9.146507023320053,-8.827917546696133
10408,pp,0.05,0.0,59,3.263771327733993,-7.092490470770634,-6.362216538853115
10409,do,0.05,0.0,70,3.088428981304169,-7.4405957265333695,-8.038936652077568
10410,pp,0.05,0.0,14,2.1163929212093358,-5.273307284441861,-4.4070337851842245
10411,do,0.05,0.0,49,2.8377072393894185,-5.279759368029508,-4.71471091111501
10412,pp,0.05,0.0,30,1.7302936983108523,-5.548694815780177,-4.781161814265781
10413,do,0.05,0.0,49,1.0693289041519165,-6.102716596198804,-5.862104407946268
10414,pp,0.05,0.0,60,2.9088770925998677,-7.053220319747925,-6.208807333310445
10415,do,0.05,0.0,46,2.4797001326084143,-5.80096913540002,-5.8175971004698015
10416,pp,0.05,0.0,51,2.9561980962753287,-7.256994579777573,-6.6710632456673515
10417,do,0.05,0.0,27,2.3704308629035955,-5.618628497557206,-6.363999679353502
10418,pp,0.05,0.0,70,2.339715538024903,-9.995059610135627,-7.986628211869133
10419,do,0.05,0.0,46,3.771746343374252,-7.606837155602195,-7.367646596166822
10420,pp,0.05,0.0,19,2.761155940294266,-4.885496275352709,-4.165730216768053
10421,do,0.05,0.0,45,1.7326378118991848,-6.536140697652644,-7.613597114880879
10422,pp,0.05,0.0,42,2.8460214328765874,-6.815091796354814,-5.801408015357124
10423,do,0.05,0.0,27,1.6479057157039643,-4.839069941549591,-5.354570881525675
10424,pp,0.05,0.0,47,2.654060940742492,-6.055434982704393,-5.435211634635925
10425,do,0.05,0.0,38,2.3586493206024164,-5.975586246721672,-6.890431880950928
10426,pp,0.05,0.0,45,2.663925861120225,-7.417534094145804,-6.712813263469272
10427,do,0.05,0.0,40,1.0239522504806517,-6.007585489388668,-6.9584324651294285
10428,pp,0.05,0.0,8,0.79906745672226,-5.065988446726943,-4.26028258005778
10429,do,0.05,0.0,70,5.100426717996597,-7.105274139751088,-7.212445852491591
10430,pp,0.05,0.0,70,3.7224423897266394,-6.340366510911421,-5.406694502300686
10431,do,0.05,0.0,44,2.6947987258434294,-5.377948422865434,-4.944559425777859
10432,pp,0.05,0.0,31,2.5323605763912207,-5.896925927653458,-5.305666054619683
10433,do,0.05,0.0,18,2.1348879015445705,-4.614233521259192,-4.509861090448168
10434,pp,0.05,0.0,24,1.7325446283817287,-7.244425861763232,-6.058869481086731
10435,do,0.05,0.0,65,1.6175655245780955,-6.584911178820061,-7.6171696556939015
10436,pp,0.05,0.0,67,2.7008147120475767,-6.952906446745901,-5.708250008689033
10437,do,0.05,0.0,23,3.8082848894596095,-6.5065283356290875,-5.573313373989529
10438,pp,0.05,0.0,70,2.1871313905715954,-11.245146927689062,-9.432177220450507
10439,do,0.05,0.0,42,2.5334337592124943,-5.191458374081236,-6.805996780925327
10440,pp,0.05,0.0,70,2.743284368515015,-8.980959825804739,-8.117307334476047
10441,do,0.05,0.0,18,0.1937742173671717,-7.009307715387055,-6.517170678244697
10442,pp,0.05,0.0,20,2.14769996881485,-4.8380916089722605,-4.149409143129985
10443,do,0.05,0.0,67,1.4045362329483027,-7.918339450431593,-7.815836781925626
10444,pp,0.05,0.0,27,2.034507292509079,-7.330705177422725,-6.432075789239671
10445,do,0.05,0.0,47,2.9749764645099637,-6.242790706229933,-5.749191149075826
10446,pp,0.05,0.0,70,2.9175116515159605,-9.506024247949773,-8.566392053498163
10447,do,0.05,0.0,70,2.1576507651805876,-7.645533993749908,-6.740620533625285
10448,pp,0.05,0.0,4,0.4526117467880244,-5.5022518779292255,-4.482022060288323
10449,do,0.05,0.0,16,1.644156606197357,-5.5579925060272215,-5.1191218190723
10450,pp,0.05,0.0,37,2.416413116455079,-6.273088411851362,-5.501310104793973
10451,do,0.05,0.0,70,2.9396033644676205,-11.181227815512456,-13.200340541203817
10452,pp,0.05,0.0,8,0.7871214485168458,-5.411981182387381,-4.548530093828837
10453,do,0.05,0.0,31,3.196625447273253,-5.208364204926924,-5.371895294719272
10454,pp,0.05,0.0,70,3.8355272054672227,-7.4409217126441725,-7.298959101570977
10455,do,0.05,0.0,35,2.518482074737549,-5.730800427812518,-5.2305582735273575
10456,pp,0.05,0.0,70,2.5238201951980592,-7.618887313206991,-6.415219510926141
10457,do,0.05,0.0,49,1.4190430486202246,-6.808706679488673,-6.846739482879639
10458,pp,0.05,0.0,43,4.10990465760231,-5.962465247240933,-5.3120287789238825
10459,do,0.05,0.0,56,2.1487693417072293,-6.624069202307499,-6.672338438034058
10460,pp,0.05,0.0,36,2.9130154347419746,-5.363673324295969,-4.498428421550327
10461,do,0.05,0.0,22,0.9888525462150568,-5.075367889982282,-5.300963571336534
10462,pp,0.05,0.0,30,2.1385902321338666,-7.100625240441524,-5.60670820871989
10463,do,0.05,0.0,23,2.3233113944530484,-5.222662788448912,-4.653158609072367
10464,pp,0.05,0.0,23,3.2173996472358706,-4.506540239218509,-4.085029696093665
10465,do,0.05,0.0,21,2.68187176823616,-6.208220724626021,-5.0348638931910195
10466,pp,0.05,0.0,21,2.820202230215073,-6.479733540795066,-5.320010834270054
10467,do,0.05,0.0,70,1.618590580224991,-7.573442713419596,-6.39869610203637
10468,pp,0.05,0.0,27,1.6329400372505196,-7.550678497372251,-5.781284708446926
10469,do,0.05,0.0,70,1.4814024424552912,-7.030987709218805,-8.232493278715346
10470,pp,0.05,0.0,18,1.7671882319450383,-4.728043442061453,-3.9264986832936604
10471,do,0.05,0.0,18,1.7355189192295075,-5.627836150834055,-5.195010198487176
10472,pp,0.05,0.0,52,2.191934659481049,-10.707488427017674,-7.750534184773763
10473,do,0.05,0.0,17,2.1303551506996152,-4.9452339706998885,-4.737352677186331
10474,pp,0.05,0.0,10,1.6655626463890076,-5.225022446025502,-4.413211573494805
10475,do,0.05,0.0,32,2.981790899038314,-5.243957341801036,-5.923407949341668
10476,pp,0.05,0.0,70,2.0799446749687203,-11.928256945176559,-9.481486161549887
10477,do,0.05,0.0,70,3.157134150266648,-9.157553859190507,-9.17438095940484
10478,pp,0.05,0.0,37,2.245200428962706,-7.312886755394213,-6.192693744765387
10479,do,0.05,0.0,20,1.457264715433121,-4.809866937001546,-4.465588453080919
10480,pp,0.05,0.0,13,1.7980644083023076,-4.948055609789762,-4.0411182694964936
10481,do,0.05,0.0,24,3.611656361818314,-5.550085855252815,-4.616122582223681
10482,pp,0.05,0.0,21,2.3918140518665316,-4.758103825829246,-4.362628282441033
10483,do,0.05,0.0,63,2.3452211296558385,-8.373450769077648,-8.854314910040962
10484,pp,0.05,0.0,70,1.6366095232963564,-7.775419310367469,-6.881758668687609
10485,do,0.05,0.0,47,1.5832282733917244,-6.307018307483557,-7.807809321085612
10486,pp,0.05,0.0,19,1.4523413097858429,-5.551148241216486,-4.90072832637363
10487,do,0.05,0.0,70,4.108888998031617,-6.671641995690086,-6.500011995103624
10488,pp,0.05,0.0,20,2.929675523042679,-5.228789518818711,-4.30782512029012
10489,do,0.05,0.0,70,1.9451329612731927,-6.570861317894676,-6.906401361359491
10490,pp,0.05,0.0,21,3.4970275831222537,-5.479416396401145,-4.242821624543931
10491,do,0.05,0.0,24,2.6064292562007907,-6.894161743106264,-8.732063908047147
10492,pp,0.05,0.0,68,4.19588841199875,-6.268150251561945,-5.568406422932942
10493,do,0.05,0.0,17,2.3497786569595345,-5.2940968975876315,-4.709901552730137
10494,pp,0.05,0.0,10,1.7863711547851562,-4.672902465589119,-3.9542193147871227
10495,do,0.05,0.0,68,4.488232965469361,-5.451563082319318,-4.636188162697686
10496,pp,0.05,0.0,4,0.6244220650196075,-5.303531661178127,-4.303485176298353
10497,do,0.05,0.0,15,2.1612650096416477,-5.410938336632468,-4.297050125069088
10498,pp,0.05,0.0,60,3.117215317487716,-6.834781065854159,-5.753208462397257
10499,do,0.05,0.0,55,4.79561867237091,-7.466453466993389,-8.164940889676412
10500,pp,0.05,0.0,61,2.6830614793300622,-11.520396680542916,-11.004382212956747
10501,do,0.05,0.0,20,2.5579507005214692,-6.562197024894483,-6.61652246316274
10502,pp,0.05,0.0,52,2.0140540182590483,-5.689778653058139,-5.181212899419997
10503,do,0.05,0.0,41,4.021004679203034,-5.498769465359774,-5.552767536375257
10504,pp,0.05,0.0,49,2.4409340429306017,-8.514387623469036,-6.736514268981086
10505,do,0.05,0.0,55,2.489985353946686,-5.264166249650898,-4.568223063151041
10506,pp,0.05,0.0,33,1.228848171234131,-6.501809878782793,-5.597065194447835
10507,do,0.05,0.0,43,3.8297985196113595,-5.235355488459269,-5.811876802974277
10508,pp,0.05,0.0,63,1.889471318721771,-6.528212493838686,-5.967728943294949
10509,do,0.05,0.0,70,0.4209079623222358,-9.259049193064373,-9.674186431037056
10510,pp,0.05,0.0,68,1.444812123775483,-7.028814848986539,-6.727563699086507
10511,do,0.05,0.0,13,1.5445556056499479,-4.847337870164351,-4.287268447875976
10512,pp,0.05,0.0,14,1.604616998434067,-4.519827504591508,-4.393950111336178
10513,do,0.05,0.0,70,2.818978140354157,-6.461847611629602,-7.735966867870754
10514,pp,0.05,0.0,17,1.8905171251296995,-5.322163217717951,-4.673845373259651
10515,do,0.05,0.0,32,2.8151802217960356,-5.9465764681498205,-5.162604080306159
10516,pp,0.05,0.0,8,1.778516973257065,-4.626639627687859,-4.006882399982876
10517,do,0.05,0.0,43,3.682736696004868,-4.990383021036783,-4.672291837798225
10518,pp,0.05,0.0,47,3.150765880346298,-6.456712293624878,-5.957185509469774
10519,do,0.05,0.0,70,3.6037848424911507,-7.548172306291985,-7.207145571708679
10520,pp,0.05,0.0,70,3.1391972982883463,-9.975779643203273,-9.446662791570027
10521,do,0.05,0.0,24,3.839418002367019,-5.510919611381762,-6.032318994734022
10522,pp,0.05,0.0,53,2.9676813352108002,-7.1901689486070115,-6.309870356983609
10523,do,0.05,0.0,43,3.4050074338912966,-5.388337261026556,-4.9686494482888115
10524,pp,0.05,0.0,70,2.227678076028824,-6.996074153437759,-6.174948241975573
10525,do,0.05,0.0,32,2.7669910037517544,-6.9446104020783395,-5.859450279341804
10526,pp,0.05,0.0,8,1.1191362166404728,-6.605772050221761,-5.140693635410733
10527,do,0.05,0.0,65,1.3217347931861871,-7.1713889743342545,-6.684975796275669
10528,pp,0.05,0.0,66,1.7356479775905616,-6.719515499924168,-6.35497919983334
10529,do,0.05,0.0,70,4.423728671073913,-6.256977860132853,-8.49257131682502
10530,pp,0.05,0.0,35,1.7050329101085673,-6.264039166768392,-5.218467590543959
10531,do,0.05,0.0,70,3.2149875247478485,-4.763961786212343,-4.262636325094435
10532,pp,0.05,0.0,70,3.026554625034332,-6.619496081092141,-6.226683163642884
10533,do,0.05,0.0,16,1.8886404561996457,-5.224407970544064,-4.173896731270684
10534,pp,0.05,0.0,63,3.437856360673904,-7.35437653425968,-5.952248464690315
10535,do,0.05,0.0,70,5.8994090747833265,-8.663839506380485,-7.3596026447084215
10536,pp,0.05,0.0,10,1.9808718264102936,-4.84154782295227,-4.734316494729784
10537,do,0.05,0.0,70,2.4138781464099885,-6.494519081982699,-6.838395068380568
10538,pp,0.05,0.0,42,2.8479005897045138,-6.113902671409376,-5.9791892766952515
10539,do,0.05,0.0,41,3.411703394651412,-6.406762740106293,-5.493297561009725
10540,pp,0.05,0.0,70,2.5607909488677976,-9.679512269569166,-8.529623752170139
10541,do,0.05,0.0,70,2.1135467982292173,-8.438404814402263,-7.682857102817959
10542,pp,0.05,0.0,53,0.875500056743622,-9.07982002027107,-9.075797669092815
10543,do,0.05,0.0,70,2.261201500892639,-8.59115968617526,-8.774568896823459
10544,pp,0.05,0.0,46,0.7871290421485906,-7.953248505158858,-6.9317531320783825
10545,do,0.05,0.0,60,1.999105763435364,-8.467032140674013,-9.027533128526475
10546,pp,0.05,0.0,65,1.8296256721019741,-8.90756613557989,-7.982494860225254
10547,do,0.05,0.0,70,5.307262165546418,-5.310275329243053,-5.843729472160339
10548,pp,0.05,0.0,70,3.2225377440452574,-7.916479167071256,-6.84646389219496
10549,do,0.05,0.0,57,3.1448633754253397,-5.880044769518303,-6.806155178281996
10550,pp,0.05,0.0,70,2.4658517813682552,-6.4478557788964475,-5.792786937289768
10551,do,0.05,0.0,70,1.7300331902503974,-5.200191151012074,-5.3028923935360375
10552,pp,0.05,0.0,65,1.8346002662181853,-7.151446562102347,-6.474915610419379
10553,do,0.05,0.0,70,2.3686537969112402,-6.289853282408281,-5.1584735525978935
10554,pp,0.05,0.0,62,2.253153486251831,-7.19151374354507,-6.358165301216973
10555,do,0.05,0.0,70,1.0142160868644723,-8.276317555976636,-9.11010496351454
10556,pp,0.05,0.0,43,3.7419615519046783,-5.203118987516923,-4.611801277266609
10557,do,0.05,0.0,70,2.0661916768550874,-8.879763067129886,-8.747272478209602
10558,pp,0.05,0.0,23,2.3872586786746988,-5.428140995719216,-4.988771104812622
10559,do,0.05,0.0,68,3.7057774233818055,-4.363731040376606,-4.7485701958338415
10560,pp,0.05,0.0,46,2.6784347248077394,-5.687787671522661,-4.449004199769762
