{
    "best_epoch": 34,
    "best_val_performance": 0.4572087574005126,
    "val_performance_metric": "diff",
    "train_loss": 1.0343893766403198,
    "initial_do_mean": -7.690839547750562,
    "final_do_mean": -6.381424307823181,
    "best_do_mean": -6.186440213128578,
    "initial_pp_mean": -7.254972467001747,
    "final_pp_mean": -5.735680700750912,
    "best_pp_mean": -5.476156883730608
}