{
    "best_epoch": 43,
    "best_val_performance": 3.0952199109395337,
    "val_performance_metric": "diff",
    "train_loss": 2.114780902862549,
    "initial_pref_do": 0.18142857142857144,
    "final_pref_do": 0.2857142857142857,
    "best_pref_do": 0.2957142857142857
}