{
    "best_epoch": 58,
    "best_val_performance": 4.122292518615723,
    "val_performance_metric": "diff",
    "train_loss": 1.705727219581604,
    "initial_do_mean": -6.505150183764371,
    "final_do_mean": -6.194736704681858,
    "best_do_mean": -5.759985074129972,
    "initial_pp_mean": -5.875043413374159,
    "final_pp_mean": -5.44412866168552,
    "best_pp_mean": -5.0798038747575545
}