{
    "best_epoch": 70,
    "best_val_performance": -0.5802261575063072,
    "val_performance_metric": "diff",
    "train_loss": 6.322048664093018,
    "initial_dative_mean": -7.196126440115142,
    "final_dative_mean": -6.832481609101881,
    "best_dative_mean": -6.832481609101881
}