{
    "best_epoch": 70,
    "best_val_performance": -0.09674208958943709,
    "val_performance_metric": "diff",
    "train_loss": 3.5264480113983154,
    "initial_dative_mean": -7.314355282058493,
    "final_dative_mean": -5.841551181168584,
    "best_dative_mean": -5.841551181168584
}