{
    "best_epoch": 70,
    "best_val_performance": 0.0650252183278397,
    "val_performance_metric": "diff",
    "train_loss": 4.136934757232666,
    "initial_dative_mean": -7.258206330544767,
    "final_dative_mean": -5.994030349435862,
    "best_dative_mean": -5.994030349435862
}