{
    "best_epoch": 45,
    "best_val_performance": 1.6569871632258089,
    "val_performance_metric": "diff",
    "train_loss": 2.3750669956207275,
    "initial_pref_do": 0.18142857142857144,
    "final_pref_do": 0.21,
    "best_pref_do": 0.23142857142857143
}