{
    "best_epoch": 70,
    "best_val_performance": -0.5508356746037801,
    "val_performance_metric": "diff",
    "train_loss": 6.244931697845459,
    "initial_pref_do": 0.17857142857142858,
    "final_pref_do": 0.19857142857142857,
    "best_pref_do": 0.19857142857142857
}