{
    "best_epoch": 70,
    "best_val_performance": -0.5690137926737471,
    "val_performance_metric": "diff",
    "train_loss": 6.0470123291015625,
    "initial_dative_mean": -7.339970093024404,
    "final_dative_mean": -6.979659765087373,
    "best_dative_mean": -6.979659765087373
}