{
    "best_epoch": 30,
    "best_val_performance": 0.21460465272267637,
    "val_performance_metric": "diff",
    "train_loss": 1.7097209692001343,
    "initial_do_mean": -7.700547464365183,
    "final_do_mean": -6.623659023711848,
    "best_do_mean": -5.48153379802094,
    "initial_pp_mean": -7.166427263091593,
    "final_pp_mean": -6.160359074788935,
    "best_pp_mean": -5.071177920173196
}