{
    "best_epoch": 70,
    "best_val_performance": 0.03393929958343467,
    "val_performance_metric": "diff",
    "train_loss": 2.433356523513794,
    "initial_do_mean": -7.693371683359146,
    "final_do_mean": -5.907459542501805,
    "best_do_mean": -5.907459542501805,
    "initial_pp_mean": -7.294630743475521,
    "final_pp_mean": -5.390052813642165,
    "best_pp_mean": -5.390052813642165
}