{
    "best_epoch": 18,
    "best_val_performance": 3.750030961036682,
    "val_performance_metric": "diff",
    "train_loss": 3.3302392959594727,
    "initial_do_mean": -6.557640253413807,
    "final_do_mean": -7.612487577669548,
    "best_do_mean": -6.112474408294215,
    "initial_pp_mean": -5.762610557344225,
    "final_pp_mean": -7.4835615158081055,
    "best_pp_mean": -5.66152368121677
}