{
    "best_epoch": 36,
    "best_val_performance": -0.08323646386464478,
    "val_performance_metric": "diff",
    "train_loss": 2.7935452461242676,
    "initial_dative_mean": -7.19277720841748,
    "final_dative_mean": -5.052466475475601,
    "best_dative_mean": -5.125175977659504
}