{
    "best_epoch": 70,
    "best_val_performance": -0.09531681855519647,
    "val_performance_metric": "diff",
    "train_loss": 3.420247793197632,
    "initial_pref_do": 0.17714285714285713,
    "final_pref_do": 0.1657142857142857,
    "best_pref_do": 0.1657142857142857
}