{
    "best_epoch": 24,
    "best_val_performance": 3.49470285097758,
    "val_performance_metric": "diff",
    "train_loss": 1.6775776147842407,
    "initial_do_mean": -6.554119537815903,
    "final_do_mean": -10.055352903134896,
    "best_do_mean": -8.175125919688831,
    "initial_pp_mean": -5.760168067614237,
    "final_pp_mean": -8.375316365559895,
    "best_pp_mean": -6.505025868945651
}