{
    "best_epoch": 40,
    "best_val_performance": 5.1847280391057335,
    "val_performance_metric": "diff",
    "train_loss": 1.4517343044281006,
    "initial_do_mean": -6.750338870828802,
    "final_do_mean": -7.649556333368475,
    "best_do_mean": -7.562616369941018,
    "initial_pp_mean": -6.12975517378913,
    "final_pp_mean": -6.926276746061113,
    "best_pp_mean": -6.8686289959483675
}