{
    "best_epoch": 70,
    "best_val_performance": 1.0590561342239386,
    "val_performance_metric": "diff",
    "train_loss": 1.931719183921814,
    "initial_dative_mean": -7.315843542765456,
    "final_dative_mean": -7.145420417102457,
    "best_dative_mean": -7.145420417102457
}