{
    "best_epoch": 38,
    "best_val_performance": 1.2018308115005496,
    "val_performance_metric": "diff",
    "train_loss": 1.8509979248046875,
    "initial_do_mean": -6.5347069769194635,
    "final_do_mean": -5.110959456183694,
    "best_do_mean": -5.095910413337476,
    "initial_pp_mean": -5.901822876930237,
    "final_pp_mean": -4.3160942951838175,
    "best_pp_mean": -4.284936735365126
}