{
    "best_epoch": 54,
    "best_val_performance": -0.12720369180043534,
    "val_performance_metric": "diff",
    "train_loss": 2.50311279296875,
    "initial_do_mean": -7.676093163878419,
    "final_do_mean": -6.4380031047865405,
    "best_do_mean": -6.421113230114759,
    "initial_pp_mean": -7.076985726636999,
    "final_pp_mean": -5.728916085818234,
    "best_pp_mean": -5.7095737965667945
}