{
    "best_epoch": 70,
    "best_val_performance": 0.043525781631469584,
    "val_performance_metric": "diff",
    "train_loss": 2.8043911457061768,
    "initial_do_mean": -6.657664715160023,
    "final_do_mean": -5.110433543812145,
    "best_do_mean": -5.110433543812145,
    "initial_pp_mean": -5.916206532054478,
    "final_pp_mean": -4.866144265068902,
    "best_pp_mean": -4.866144265068902
}