{
    "best_epoch": 70,
    "best_val_performance": -0.33411942799886063,
    "val_performance_metric": "diff",
    "train_loss": 3.595522880554199,
    "initial_do_mean": -6.667897030801484,
    "final_do_mean": -5.490544791655107,
    "best_do_mean": -5.490544791655107,
    "initial_pp_mean": -5.82273432943556,
    "final_pp_mean": -4.7452911297480265,
    "best_pp_mean": -4.7452911297480265
}