{
    "best_epoch": 70,
    "best_val_performance": -0.013113884925842534,
    "val_performance_metric": "diff",
    "train_loss": 2.375049591064453,
    "initial_do_mean": -7.962456514669019,
    "final_do_mean": -5.628863540153171,
    "best_do_mean": -5.628863540153171,
    "initial_pp_mean": -7.575763182079091,
    "final_pp_mean": -5.19033349997857,
    "best_pp_mean": -5.19033349997857
}