{
    "best_epoch": 26,
    "best_val_performance": 0.2601640876134237,
    "val_performance_metric": "diff",
    "train_loss": 2.9690768718719482,
    "initial_dative_mean": -7.468233174399326,
    "final_dative_mean": -5.173265478938644,
    "best_dative_mean": -4.852131786227924
}