{
    "best_epoch": 70,
    "best_val_performance": 1.610849550565085,
    "val_performance_metric": "diff",
    "train_loss": 2.028261423110962,
    "initial_pref_do": 0.14714285714285713,
    "final_pref_do": 0.2557142857142857,
    "best_pref_do": 0.2557142857142857
}