{
    "best_epoch": 70,
    "best_val_performance": 0.3865930048624673,
    "val_performance_metric": "diff",
    "train_loss": 1.47405207157135,
    "initial_do_mean": -6.660973254117098,
    "final_do_mean": -5.102536624850649,
    "best_do_mean": -5.102536624850649,
    "initial_pp_mean": -5.918753676944309,
    "final_pp_mean": -4.248255377345615,
    "best_pp_mean": -4.248255377345615
}