{
    "best_epoch": 56,
    "best_val_performance": 0.5937579838434859,
    "val_performance_metric": "diff",
    "train_loss": 1.9598970413208008,
    "initial_do_mean": -7.6015544013921605,
    "final_do_mean": -6.524887006296668,
    "best_do_mean": -6.4866338573222935,
    "initial_pp_mean": -7.157295500530916,
    "final_pp_mean": -6.038631909735063,
    "best_pp_mean": -6.032621303025414
}