{
    "best_epoch": 30,
    "best_val_performance": 1.5609480921427412,
    "val_performance_metric": "diff",
    "train_loss": 2.599536657333374,
    "initial_do_mean": -6.556275613380201,
    "final_do_mean": -6.822065678509799,
    "best_do_mean": -5.123789635571566,
    "initial_pp_mean": -5.7609765105777315,
    "final_pp_mean": -6.283633682462904,
    "best_pp_mean": -4.178580779499478
}