{
    "best_epoch": 30,
    "best_val_performance": -0.33958230495452923,
    "val_performance_metric": "diff",
    "train_loss": 4.7823638916015625,
    "initial_do_mean": -6.534918344382084,
    "final_do_mean": -5.398078993595008,
    "best_do_mean": -5.709039951093269,
    "initial_pp_mean": -5.901602877510919,
    "final_pp_mean": -4.813740417692396,
    "best_pp_mean": -5.041436915927463
}