{
    "best_epoch": 20,
    "best_val_performance": 0.29690441767374676,
    "val_performance_metric": "diff",
    "train_loss": 2.488893985748291,
    "initial_dative_mean": -7.196337514104899,
    "final_dative_mean": -5.7788875244165725,
    "best_dative_mean": -4.89114117726945
}