{
    "best_epoch": 23,
    "best_val_performance": 0.20499645868937133,
    "val_performance_metric": "diff",
    "train_loss": 1.6039667129516602,
    "initial_do_mean": -7.954943898805352,
    "final_do_mean": -5.9087544066268345,
    "best_do_mean": -5.5926484475995215,
    "initial_pp_mean": -7.528163990553687,
    "final_pp_mean": -5.673049759514192,
    "best_pp_mean": -5.308620224630132
}