{
    "best_epoch": 26,
    "best_val_performance": 0.1778419621785483,
    "val_performance_metric": "diff",
    "train_loss": 1.96652090549469,
    "initial_do_mean": -7.838964925255886,
    "final_do_mean": -6.737710237156513,
    "best_do_mean": -6.185580604991247,
    "initial_pp_mean": -7.375671728919534,
    "final_pp_mean": -5.588640587470111,
    "best_pp_mean": -5.061701000438017
}