{
    "best_epoch": 38,
    "best_val_performance": 3.17031221707662,
    "val_performance_metric": "diff",
    "train_loss": 2.173105001449585,
    "initial_pref_do": 0.18,
    "final_pref_do": 0.27285714285714285,
    "best_pref_do": 0.28714285714285714
}