{
    "best_epoch": 70,
    "best_val_performance": -0.12966385682423986,
    "val_performance_metric": "diff",
    "train_loss": 3.7139148712158203,
    "initial_do_mean": -7.9557298089182655,
    "final_do_mean": -7.056871035764384,
    "best_do_mean": -7.056871035764384,
    "initial_pp_mean": -7.531350314617157,
    "final_pp_mean": -6.749860963400672,
    "best_pp_mean": -6.749860963400672
}