{
    "best_epoch": 70,
    "best_val_performance": 3.847780558268229,
    "val_performance_metric": "diff",
    "train_loss": 1.752906322479248,
    "initial_do_mean": -7.639158361872961,
    "final_do_mean": -6.982011731280837,
    "best_do_mean": -6.982011731280837,
    "initial_pp_mean": -6.995737577887143,
    "final_pp_mean": -6.18998986973482,
    "best_pp_mean": -6.18998986973482
}