{
    "best_epoch": 40,
    "best_val_performance": 2.0893647289276123,
    "val_performance_metric": "diff",
    "train_loss": 2.0882961750030518,
    "initial_dative_mean": -7.612198998704988,
    "final_dative_mean": -6.955551068336643,
    "best_dative_mean": -6.530204659142689
}