{
    "best_epoch": 70,
    "best_val_performance": 3.0579250256220503,
    "val_performance_metric": "diff",
    "train_loss": 1.638609528541565,
    "initial_do_mean": -6.661033649155588,
    "final_do_mean": -8.837751317746712,
    "best_do_mean": -8.837751317746712,
    "initial_pp_mean": -5.920313832494948,
    "final_pp_mean": -6.070836610264248,
    "best_pp_mean": -6.070836610264248
}