{
    "best_epoch": 14,
    "best_val_performance": 1.2346749750773114,
    "val_performance_metric": "diff",
    "train_loss": 2.5637290477752686,
    "initial_dative_mean": -7.197815012862111,
    "final_dative_mean": -5.692246897004501,
    "best_dative_mean": -5.038513291648954
}