{
    "best_epoch": 33,
    "best_val_performance": -0.016609319051106297,
    "val_performance_metric": "diff",
    "train_loss": 2.6551613807678223,
    "initial_pref_do": 0.18,
    "final_pref_do": 0.10428571428571429,
    "best_pref_do": 0.16
}