{
    "best_epoch": 70,
    "best_val_performance": -0.5137729310989378,
    "val_performance_metric": "diff",
    "train_loss": 6.724239349365234,
    "initial_pref_do": 0.09714285714285714,
    "final_pref_do": 0.12571428571428572,
    "best_pref_do": 0.12571428571428572
}