{
    "best_epoch": 70,
    "best_val_performance": -0.5207935126622516,
    "val_performance_metric": "diff",
    "train_loss": 6.794189929962158,
    "initial_dative_mean": -7.192927331603759,
    "final_dative_mean": -6.771706994165454,
    "best_dative_mean": -6.771706994165454
}