{
    "best_epoch": 70,
    "best_val_performance": 0.2926795101165771,
    "val_performance_metric": "diff",
    "train_loss": 2.1776232719421387,
    "initial_do_mean": -7.598775153243264,
    "final_do_mean": -5.715571519940398,
    "best_do_mean": -5.715571519940398,
    "initial_pp_mean": -7.153021388895372,
    "final_pp_mean": -4.961353989208446,
    "best_pp_mean": -4.961353989208446
}