{
    "best_epoch": 32,
    "best_val_performance": 4.118103001912434,
    "val_performance_metric": "diff",
    "train_loss": 1.090364694595337,
    "initial_do_mean": -7.8399146455664965,
    "final_do_mean": -12.954306403564852,
    "best_do_mean": -9.15273060251114,
    "initial_pp_mean": -7.372460659812479,
    "final_pp_mean": -12.62989847309449,
    "best_pp_mean": -9.361871812273474
}