{
    "best_epoch": 70,
    "best_val_performance": -0.33256059646606495,
    "val_performance_metric": "diff",
    "train_loss": 2.875694513320923,
    "initial_do_mean": -6.659719770604914,
    "final_do_mean": -5.224407341985992,
    "best_do_mean": -5.224407341985992,
    "initial_pp_mean": -5.918099448415968,
    "final_pp_mean": -4.588869897524516,
    "best_pp_mean": -4.588869897524516
}