{
    "best_epoch": 56,
    "best_val_performance": 0.6683629242579148,
    "val_performance_metric": "diff",
    "train_loss": 2.5222339630126953,
    "initial_pref_do": 0.17857142857142858,
    "final_pref_do": 0.3057142857142857,
    "best_pref_do": 0.17285714285714285
}