{
    "best_epoch": 56,
    "best_val_performance": 0.15472105026245142,
    "val_performance_metric": "diff",
    "train_loss": 2.3033316135406494,
    "initial_dative_mean": -7.344066402716943,
    "final_dative_mean": -5.010278258581607,
    "best_dative_mean": -4.995240926045423
}