{
    "best_epoch": 70,
    "best_val_performance": 0.09569023132324173,
    "val_performance_metric": "diff",
    "train_loss": 1.9070464372634888,
    "initial_dative_mean": -7.197276893066384,
    "final_dative_mean": -5.433429859535039,
    "best_dative_mean": -5.433429859535039
}