{
    "best_epoch": 26,
    "best_val_performance": 0.3512960529327387,
    "val_performance_metric": "diff",
    "train_loss": 2.7028005123138428,
    "initial_do_mean": -7.8422067414882575,
    "final_do_mean": -6.2241831511952155,
    "best_do_mean": -5.67825460919114,
    "initial_pp_mean": -7.377365609477548,
    "final_pp_mean": -5.398271487390294,
    "best_pp_mean": -5.0975504601702974
}