{
    "best_epoch": 65,
    "best_val_performance": 1.9034240786234538,
    "val_performance_metric": "diff",
    "train_loss": 2.1678121089935303,
    "initial_do_mean": -7.636567776979402,
    "final_do_mean": -7.660750199195951,
    "best_do_mean": -7.864180170519408,
    "initial_pp_mean": -6.994491612209993,
    "final_pp_mean": -5.546331066769712,
    "best_pp_mean": -5.609347098189242
}