{
    "best_epoch": 41,
    "best_val_performance": 0.3386062065760287,
    "val_performance_metric": "diff",
    "train_loss": 2.9932827949523926,
    "initial_do_mean": -7.95911386470462,
    "final_do_mean": -5.260831773974175,
    "best_do_mean": -4.982731605685035,
    "initial_pp_mean": -7.532622586979586,
    "final_pp_mean": -4.477462421445286,
    "best_pp_mean": -4.2991221753989945
}