{
    "best_epoch": 31,
    "best_val_performance": 1.6432386048634857,
    "val_performance_metric": "diff",
    "train_loss": 1.9943962097167969,
    "initial_dative_mean": -7.581208316206235,
    "final_dative_mean": -5.413866784663228,
    "best_dative_mean": -5.513675766033039
}