{
    "best_epoch": 47,
    "best_val_performance": 3.4790176312128693,
    "val_performance_metric": "diff",
    "train_loss": 2.3727970123291016,
    "initial_do_mean": -7.69660005112027,
    "final_do_mean": -7.878329307533974,
    "best_do_mean": -7.649713053952816,
    "initial_pp_mean": -7.1635776919477125,
    "final_pp_mean": -7.016334915862364,
    "best_pp_mean": -6.75037246872397
}