{
    "best_epoch": 33,
    "best_val_performance": 0.9623030265172332,
    "val_performance_metric": "diff",
    "train_loss": 1.5658646821975708,
    "initial_dative_mean": -7.192096566596226,
    "final_dative_mean": -6.565282866097333,
    "best_dative_mean": -6.2672618608377135
}