{
    "best_epoch": 5,
    "best_val_performance": 0.11243748346964466,
    "val_performance_metric": "diff",
    "train_loss": 3.47755765914917,
    "initial_do_mean": -7.598271111416262,
    "final_do_mean": -8.02352420119352,
    "best_do_mean": -6.201921505290408,
    "initial_pp_mean": -7.153348293725182,
    "final_pp_mean": -7.539151681871975,
    "best_pp_mean": -5.901738598066218
}