{
    "best_epoch": 51,
    "best_val_performance": 0.6211203575134281,
    "val_performance_metric": "diff",
    "train_loss": 0.7644290328025818,
    "initial_dative_mean": -7.3438180005341245,
    "final_dative_mean": -5.437660826664222,
    "best_dative_mean": -5.331789882995232
}