{
    "best_epoch": 51,
    "best_val_performance": 0.12429747740427644,
    "val_performance_metric": "diff",
    "train_loss": 2.020216941833496,
    "initial_pref_do": 0.14714285714285713,
    "final_pref_do": 0.21285714285714286,
    "best_pref_do": 0.20857142857142857
}