{
    "best_epoch": 70,
    "best_val_performance": 1.4676906363169353,
    "val_performance_metric": "diff",
    "train_loss": 2.0066444873809814,
    "initial_do_mean": -6.6676849625327375,
    "final_do_mean": -6.817017313928315,
    "best_do_mean": -6.817017313928315,
    "initial_pp_mean": -5.822510409355163,
    "final_pp_mean": -6.234996345308092,
    "best_pp_mean": -6.234996345308092
}