{
    "best_epoch": 69,
    "best_val_performance": 0.25841970125834113,
    "val_performance_metric": "diff",
    "train_loss": 2.3243448734283447,
    "initial_do_mean": -6.55620894576564,
    "final_do_mean": -4.565612415833907,
    "best_do_mean": -4.564728593826294,
    "initial_pp_mean": -5.760677899254693,
    "final_pp_mean": -4.092660188674927,
    "best_pp_mean": -4.091658446523878
}