{
    "best_epoch": 29,
    "best_val_performance": 5.10273631254832,
    "val_performance_metric": "diff",
    "train_loss": 1.922818899154663,
    "initial_do_mean": -6.745078667727384,
    "final_do_mean": -10.137825660994558,
    "best_do_mean": -7.415560349551114,
    "initial_pp_mean": -6.126169294781155,
    "final_pp_mean": -7.600056976742215,
    "best_pp_mean": -6.045134001308018
}