{
    "best_epoch": 50,
    "best_val_performance": 1.4896671517690026,
    "val_performance_metric": "diff",
    "train_loss": 1.7811050415039062,
    "initial_do_mean": -6.767859223394683,
    "final_do_mean": -4.7482826276258985,
    "best_do_mean": -4.7672538829572275,
    "initial_pp_mean": -6.099924426608616,
    "final_pp_mean": -4.363112342357636,
    "best_pp_mean": -4.3733686765035
}