{
    "best_epoch": 70,
    "best_val_performance": -0.28734279314676936,
    "val_performance_metric": "diff",
    "train_loss": 3.4996981620788574,
    "initial_pref_do": 0.18,
    "final_pref_do": 0.29428571428571426,
    "best_pref_do": 0.29428571428571426
}