{
    "best_epoch": 14,
    "best_val_performance": 0.9005276099840804,
    "val_performance_metric": "diff",
    "train_loss": 2.2382972240448,
    "initial_do_mean": -6.7656224221894234,
    "final_do_mean": -6.734501736091845,
    "best_do_mean": -4.740051461711074,
    "initial_pp_mean": -6.098718937238058,
    "final_pp_mean": -5.93297328154246,
    "best_pp_mean": -4.520194889439477
}