{
    "best_epoch": 28,
    "best_val_performance": 1.4164740022023512,
    "val_performance_metric": "diff",
    "train_loss": 2.214890956878662,
    "initial_pref_do": 0.14714285714285713,
    "final_pref_do": 0.12571428571428572,
    "best_pref_do": 0.13285714285714287
}