{
    "best_epoch": 15,
    "best_val_performance": -0.02909201145172169,
    "val_performance_metric": "diff",
    "train_loss": 3.349337577819824,
    "initial_do_mean": -7.95789465931959,
    "final_do_mean": -5.801206583893577,
    "best_do_mean": -5.8935699234175125,
    "initial_pp_mean": -7.573351123052485,
    "final_pp_mean": -4.852302815633662,
    "best_pp_mean": -5.076575107083601
}