{
    "best_epoch": 70,
    "best_val_performance": -0.21564758141835494,
    "val_performance_metric": "diff",
    "train_loss": 3.740570068359375,
    "initial_do_mean": -7.689242134260577,
    "final_do_mean": -5.9762183951084005,
    "best_do_mean": -5.9762183951084005,
    "initial_pp_mean": -7.2529348324326905,
    "final_pp_mean": -5.277121337371714,
    "best_pp_mean": -5.277121337371714
}