{
    "best_epoch": 70,
    "best_val_performance": 0.016272603670755892,
    "val_performance_metric": "diff",
    "train_loss": 2.087141990661621,
    "initial_dative_mean": -7.260766680477656,
    "final_dative_mean": -5.785154368619473,
    "best_dative_mean": -5.785154368619473
}