{
    "best_epoch": 70,
    "best_val_performance": -0.7523395856221518,
    "val_performance_metric": "diff",
    "train_loss": 6.392664432525635,
    "initial_pref_do": 0.12857142857142856,
    "final_pref_do": 0.15714285714285714,
    "best_pref_do": 0.15714285714285714
}