{
    "best_epoch": 41,
    "best_val_performance": 0.30846888860066723,
    "val_performance_metric": "diff",
    "train_loss": 3.0357306003570557,
    "initial_do_mean": -6.773662361954198,
    "final_do_mean": -5.197951887593125,
    "best_do_mean": -4.852164852257931,
    "initial_pp_mean": -6.104020351833768,
    "final_pp_mean": -4.374355996979608,
    "best_pp_mean": -4.120909531911214
}