{
    "best_epoch": 70,
    "best_val_performance": -0.30714770634969124,
    "val_performance_metric": "diff",
    "train_loss": 3.687892198562622,
    "initial_do_mean": -7.689601429673129,
    "final_do_mean": -6.058671812678492,
    "best_do_mean": -6.058671812678492,
    "initial_pp_mean": -7.253384386090671,
    "final_pp_mean": -5.639900411577786,
    "best_pp_mean": -5.639900411577786
}