{
    "best_epoch": 17,
    "best_val_performance": 2.8355505148569744,
    "val_performance_metric": "diff",
    "train_loss": 2.941812515258789,
    "initial_do_mean": -7.702037226322085,
    "final_do_mean": -6.774979149879411,
    "best_do_mean": -5.995309632877971,
    "initial_pp_mean": -7.168945742354674,
    "final_pp_mean": -5.7996530743206245,
    "best_pp_mean": -4.924291534984813
}