{
    "best_epoch": 30,
    "best_val_performance": -0.02767451286315925,
    "val_performance_metric": "diff",
    "train_loss": 3.168553590774536,
    "initial_dative_mean": -7.3449869019943375,
    "final_dative_mean": -5.526892519310901,
    "best_dative_mean": -5.3237911126418425
}