{
    "best_epoch": 16,
    "best_val_performance": -0.19253142674764057,
    "val_performance_metric": "diff",
    "train_loss": 1.8635594844818115,
    "initial_do_mean": -6.743756445971402,
    "final_do_mean": -4.852825276056925,
    "best_do_mean": -4.428467854586515,
    "initial_pp_mean": -6.123862369855245,
    "final_pp_mean": -4.553545175658332,
    "best_pp_mean": -4.231340350045098
}