{
    "best_epoch": 70,
    "best_val_performance": 3.119069577852885,
    "val_performance_metric": "diff",
    "train_loss": 1.8152834177017212,
    "initial_do_mean": -6.50848300818241,
    "final_do_mean": -9.076023243412827,
    "best_do_mean": -9.076023243412827,
    "initial_pp_mean": -5.874086271391975,
    "final_pp_mean": -6.832244171036614,
    "best_pp_mean": -6.832244171036614
}