{
    "best_epoch": 18,
    "best_val_performance": 0.18003985881805384,
    "val_performance_metric": "diff",
    "train_loss": 3.0859718322753906,
    "initial_dative_mean": -7.464566676937348,
    "final_dative_mean": -5.235485819696683,
    "best_dative_mean": -4.88643167573109
}