{
    "best_epoch": 70,
    "best_val_performance": -0.5717580858866373,
    "val_performance_metric": "diff",
    "train_loss": 5.78971004486084,
    "initial_pref_do": 0.07714285714285714,
    "final_pref_do": 0.09714285714285714,
    "best_pref_do": 0.09714285714285714
}