{
    "best_epoch": 22,
    "best_val_performance": 0.23556761423746764,
    "val_performance_metric": "diff",
    "train_loss": 2.9285008907318115,
    "initial_do_mean": -6.670948123931884,
    "final_do_mean": -5.379399066982847,
    "best_do_mean": -4.818159282568729,
    "initial_pp_mean": -5.822283691830105,
    "final_pp_mean": -4.496431064605713,
    "best_pp_mean": -3.739195626311832
}