{
    "best_epoch": 25,
    "best_val_performance": -0.42628990173339876,
    "val_performance_metric": "diff",
    "train_loss": 5.02001428604126,
    "initial_pref_do": 0.08285714285714285,
    "final_pref_do": 0.13714285714285715,
    "best_pref_do": 0.09
}