{
    "best_epoch": 35,
    "best_val_performance": 3.5864476108551013,
    "val_performance_metric": "diff",
    "train_loss": 2.716782808303833,
    "initial_do_mean": -7.699709042560222,
    "final_do_mean": -8.27692896612855,
    "best_do_mean": -8.080644286649171,
    "initial_pp_mean": -7.165695761933046,
    "final_pp_mean": -7.368397746366613,
    "best_pp_mean": -6.768822746417102
}