{
    "best_epoch": 70,
    "best_val_performance": -0.21289378325144437,
    "val_performance_metric": "diff",
    "train_loss": 3.5580034255981445,
    "initial_pref_do": 0.15714285714285714,
    "final_pref_do": 0.17857142857142858,
    "best_pref_do": 0.17857142857142858
}