{
    "best_epoch": 55,
    "best_val_performance": -0.28507851123809846,
    "val_performance_metric": "diff",
    "train_loss": 4.365417957305908,
    "initial_pref_do": 0.09714285714285714,
    "final_pref_do": 0.08857142857142856,
    "best_pref_do": 0.08285714285714285
}