{
    "best_epoch": 24,
    "best_val_performance": -0.28107060273488393,
    "val_performance_metric": "diff",
    "train_loss": 3.1751039028167725,
    "initial_dative_mean": -7.465377244335866,
    "final_dative_mean": -5.543952780334573,
    "best_dative_mean": -5.340385849015755
}