{
    "best_epoch": 30,
    "best_val_performance": -0.04506924470265705,
    "val_performance_metric": "diff",
    "train_loss": 2.7943098545074463,
    "initial_dative_mean": -7.1958143833087895,
    "final_dative_mean": -5.089539702175654,
    "best_dative_mean": -4.9646752363408515
}