{
    "best_epoch": 41,
    "best_val_performance": 1.6985932970047006,
    "val_performance_metric": "diff",
    "train_loss": 2.0434820652008057,
    "initial_do_mean": -6.5542888352365205,
    "final_do_mean": -6.509006065310854,
    "best_do_mean": -5.728759973699396,
    "initial_pp_mean": -5.7601971016989815,
    "final_pp_mean": -4.958205270767212,
    "best_pp_mean": -4.439850629700555
}