{
    "best_epoch": 27,
    "best_val_performance": 2.8513164440790817,
    "val_performance_metric": "diff",
    "train_loss": 2.8360352516174316,
    "initial_dative_mean": -7.311778625898194,
    "final_dative_mean": -7.4897573752361435,
    "best_dative_mean": -6.622287889147363
}