{
    "best_epoch": 70,
    "best_val_performance": -0.3615234756469725,
    "val_performance_metric": "diff",
    "train_loss": 3.463249683380127,
    "initial_do_mean": -6.6351582902850526,
    "final_do_mean": -5.372362301566384,
    "best_do_mean": -5.372362301566384,
    "initial_pp_mean": -5.785246062278747,
    "final_pp_mean": -4.47147810988956,
    "best_pp_mean": -4.47147810988956
}