{
    "best_epoch": 70,
    "best_val_performance": 1.4172495841979984,
    "val_performance_metric": "diff",
    "train_loss": 2.43373441696167,
    "initial_do_mean": -6.767145726175019,
    "final_do_mean": -5.1107854669744315,
    "best_do_mean": -5.1107854669744315,
    "initial_pp_mean": -6.1019952509138315,
    "final_pp_mean": -4.6420327848858305,
    "best_pp_mean": -4.6420327848858305
}