{
    "best_epoch": 23,
    "best_val_performance": -0.00877180576324399,
    "val_performance_metric": "diff",
    "train_loss": 1.4743683338165283,
    "initial_do_mean": -6.671001581712202,
    "final_do_mean": -5.01900122237928,
    "best_do_mean": -5.18926591873169,
    "initial_pp_mean": -5.825630961524116,
    "final_pp_mean": -4.257991589440239,
    "best_pp_mean": -4.247537993060218
}