{
    "best_epoch": 25,
    "best_val_performance": 0.20706862608591692,
    "val_performance_metric": "diff",
    "train_loss": 1.958642840385437,
    "initial_pref_do": 0.18,
    "final_pref_do": 0.17714285714285713,
    "best_pref_do": 0.21857142857142858
}