{
    "best_epoch": 70,
    "best_val_performance": 0.013141721089681369,
    "val_performance_metric": "diff",
    "train_loss": 3.755272626876831,
    "initial_do_mean": -6.7700310851588394,
    "final_do_mean": -5.12956990184206,
    "best_do_mean": -5.12956990184206,
    "initial_pp_mean": -6.102650056944953,
    "final_pp_mean": -4.523963181177775,
    "best_pp_mean": -4.523963181177775
}