{
    "best_epoch": 33,
    "best_val_performance": 0.04055544376373277,
    "val_performance_metric": "diff",
    "train_loss": 3.629936933517456,
    "initial_pref_do": 0.14714285714285713,
    "final_pref_do": 0.2742857142857143,
    "best_pref_do": 0.2757142857142857
}