idx,dative,best_lr,best_wd,best_epoch,verbhood_diff,do,pp
1,do,0.05,0.0,70,0.8790196299552928,-9.639024286559135,-7.938134558995565
2,pp,0.05,0.0,6,0.3884111213684083,-4.4469927787780765,-3.800739222102695
3,do,0.05,0.0,5,0.21042831420898445,-5.081316166213065,-4.566123999489678
4,pp,0.05,0.0,16,0.3829066550731657,-6.186335520310835,-5.2298557678858435
5,do,0.05,0.0,15,1.3816246807575219,-6.856236060460408,-6.329050132963393
6,pp,0.05,0.0,8,0.9772283387184144,-4.39645837581519,-3.7547002169820995
7,do,0.05,0.0,26,0.7155208873748782,-7.419117602435025,-6.343806807200114
8,pp,0.05,0.0,49,0.1773562538623814,-8.958687604557385,-7.534439799520705
9,do,0.05,0.0,9,1.3255899274349217,-5.586053747119325,-4.927774175008138
10,pp,0.05,0.0,12,0.28081355452537604,-5.113846751415369,-4.275181158383687
11,do,0.05,0.0,4,0.32852065086364757,-5.7026397618380456,-5.0165533118777805
12,pp,0.05,0.0,3,-0.1874803137779235,-5.527938435294411,-4.51305583053165
13,do,0.05,0.0,7,0.5659687268733977,-6.687351575042262,-5.6469718297322595
14,pp,0.05,0.0,5,0.1624558937549594,-4.632047619964137,-3.7693757401572334
15,do,0.05,0.0,8,-0.05183793783187873,-6.211826227650498,-5.401654296451145
16,pp,0.05,0.0,6,0.3670181655883784,-5.360732613187848,-4.156095421314239
17,do,0.05,0.0,16,1.2582918977737423,-6.177507906249075,-7.68858970536126
18,pp,0.05,0.0,27,1.3255706918239598,-6.321762566132979,-5.4061647176742555
19,do,0.05,0.0,8,0.5797506117820737,-4.8394203561725035,-4.960670047336155
20,pp,0.05,0.0,20,1.799802256822586,-5.150571599151149,-4.107129531436496
21,do,0.05,0.0,5,-0.2637202131748202,-5.30615873336792,-5.303395970662435
22,pp,0.05,0.0,29,0.40759512543678333,-7.3984975569175955,-6.308545965618557
23,do,0.05,0.0,9,0.6854850447177894,-6.459606384508538,-5.828964138031006
24,pp,0.05,0.0,8,0.6717636036872863,-4.976291639154607,-3.956163291136424
25,do,0.05,0.0,6,0.5015896058082578,-4.779199048244592,-4.572922123803033
26,pp,0.05,0.0,3,-0.1538844931125638,-5.518880045052731,-4.499011498027378
27,do,0.05,0.0,11,0.4576434290409086,-5.534552946957675,-5.306666029824151
28,pp,0.05,0.0,42,1.9031708955764763,-6.282980381358754,-5.479071733686659
29,do,0.05,0.0,1,-0.16860080957412737,-5.452039863124038,-4.908205940988329
30,pp,0.05,0.0,4,-0.2132689440250397,-5.439481125455914,-4.385217552714877
31,do,0.05,0.0,7,0.7253186440467836,-4.96059783299764,-4.621035573217604
32,pp,0.05,0.0,8,0.23012625455856295,-5.56935629122185,-4.251293585035536
33,do,0.05,0.0,70,1.637919297218323,-8.047396217692983,-7.142292912801107
34,pp,0.05,0.0,15,1.4361982679367067,-4.695384227868282,-4.049314716127184
35,do,0.05,0.0,5,0.7073181104660033,-5.025672461769798,-4.68566800488366
36,pp,0.05,0.0,4,0.22079783082008397,-4.936368754415801,-4.143503141403198
37,do,0.05,0.0,68,1.3569939017295845,-7.642315062609586,-6.3446889215045505
38,pp,0.05,0.0,11,-0.21348254084587115,-5.9821889964017005,-4.521051706208123
39,do,0.05,0.0,21,-0.685417937040329,-7.145702116417162,-5.687852512465583
40,pp,0.05,0.0,5,-0.22297354340553266,-5.223201646226825,-4.243762951427036
41,do,0.05,0.0,27,1.672432268857956,-7.714241555242827,-6.969311875767178
42,pp,0.05,0.0,4,0.28674846649169883,-4.66214768669822,-3.7812607208887736
43,do,0.05,0.0,10,0.39942384004592935,-5.767742708957557,-5.7909082677629256
44,pp,0.05,0.0,5,0.1280549716949464,-4.723012099121556,-3.891416339079539
45,do,0.05,0.0,23,0.3712769699096672,-6.863060598662405,-6.376643048392402
46,pp,0.05,0.0,18,0.814665343761444,-5.915518116228508,-4.820701424280802
47,do,0.05,0.0,70,-0.47325269460678143,-8.804005939310247,-7.515008703867594
48,pp,0.05,0.0,19,-0.17845865845680198,-6.721554650682392,-5.321778859032525
49,do,0.05,0.0,7,0.7578782534599302,-5.204875802993774,-4.777057772212558
50,pp,0.05,0.0,24,-0.03480840921401995,-7.1859561183235865,-5.6209319988886515
51,do,0.05,0.0,14,1.593784185647964,-5.481776415218007,-5.484813488854302
52,pp,0.05,0.0,6,-0.1679375064373021,-5.132433599414248,-4.134834906789991
53,do,0.05,0.0,7,0.9777782499790186,-6.250059882077304,-5.7697223530875315
54,pp,0.05,0.0,10,-0.2840244603157043,-5.7521957541957045,-4.610645694202847
55,do,0.05,0.0,37,2.5954709696769704,-7.023109868078521,-6.791363159815471
56,pp,0.05,0.0,7,-0.04979131221771205,-5.416715689861413,-4.254358845286899
57,do,0.05,0.0,25,1.5373104488849627,-9.22216646454551,-7.930173211627537
58,pp,0.05,0.0,70,0.23356861233711257,-9.016480801322244,-7.406075660387675
59,do,0.05,0.0,13,1.3611333119869231,-5.4516201929612595,-5.037232369846768
60,pp,0.05,0.0,13,0.20245075225830078,-6.516061956232244,-4.862762999534607
61,do,0.05,0.0,70,1.4995855545997614,-6.937902570493294,-6.512666900952657
62,pp,0.05,0.0,37,0.5826398181915282,-7.154378223419189,-6.258958787388272
63,do,0.05,0.0,39,1.478177212476731,-8.449963968450373,-7.826892036861843
64,pp,0.05,0.0,70,0.8782089459896074,-8.221308082522768,-6.948655144373576
65,do,0.05,0.0,28,1.0600973594188687,-9.095203886610088,-8.498352840211655
66,pp,0.05,0.0,68,0.8348837018012993,-7.542052995797359,-6.4725074397193065
67,do,0.05,0.0,23,1.2951638555526737,-7.154586825226293,-7.051490298906962
68,pp,0.05,0.0,70,0.8755623781681052,-7.654502123052423,-6.378474524286058
69,do,0.05,0.0,24,1.7966366374492653,-6.426831304665768,-5.556259134080675
70,pp,0.05,0.0,33,1.5091499197483058,-6.020543449575251,-4.905372709698147
71,do,0.05,0.0,23,0.3369361388683316,-6.689176060936668,-6.195925402641296
72,pp,0.05,0.0,5,-0.16726025104522702,-5.233943843841553,-4.46803957886166
73,do,0.05,0.0,51,2.5083438980579373,-7.251046029004184,-6.6627204815546675
74,pp,0.05,0.0,6,0.36302587747573867,-5.715366558595137,-4.436958821614583
75,do,0.05,0.0,5,0.5269608259201046,-4.861203783208674,-4.307472467422485
76,pp,0.05,0.0,70,0.2954157161712647,-7.785816392031583,-6.982264031304253
77,do,0.05,0.0,70,0.906607995033264,-12.14564147862521,-9.818204010857476
78,pp,0.05,0.0,17,0.6566095972061161,-5.894721947294293,-4.630495558844673
79,do,0.05,0.0,15,1.8959084057807924,-4.831048251643326,-4.565429038471645
80,pp,0.05,0.0,70,0.595209941864014,-6.434130989421497,-5.476811912324694
81,do,0.05,0.0,12,0.8826122498512268,-4.958332331975301,-4.806237551901075
82,pp,0.05,0.0,31,-0.21697297811508243,-6.423312843207157,-5.457853288120694
83,do,0.05,0.0,12,1.33748901963234,-5.352765236478863,-4.670882852872213
84,pp,0.05,0.0,5,0.3834129130840296,-4.508554322791822,-3.5243017964892918
85,do,0.05,0.0,21,0.1887372362613675,-6.566068941174131,-6.340643013848199
86,pp,0.05,0.0,6,-0.0626377427577971,-5.01698248314135,-4.265631638632881
87,do,0.05,0.0,70,2.6478212869167326,-6.955307042959965,-5.947221178478665
88,pp,0.05,0.0,63,1.9746588265895841,-6.860999144929828,-5.819029410680135
89,do,0.05,0.0,18,-0.2112090563774105,-6.067063886469061,-6.3223679966396755
90,pp,0.05,0.0,47,0.5873781335353856,-6.7507066090901695,-5.512230088975694
91,do,0.05,0.0,54,1.257018299102783,-7.5307938315651635,-6.183640360832214
92,pp,0.05,0.0,69,2.3999311172962186,-6.490202321428241,-6.422842515839471
93,do,0.05,0.0,34,0.7976275765895844,-5.914776531855265,-5.310402978791131
94,pp,0.05,0.0,40,-0.30143574357032676,-7.729720030408917,-6.483428639835782
95,do,0.05,0.0,7,-0.04509504675865195,-5.420482113867095,-5.738208230336507
96,pp,0.05,0.0,60,0.05043908357620275,-7.358690349983447,-6.273487822214762
97,do,0.05,0.0,1,-0.5744396340847011,-5.7988634716380725,-5.190806171629164
98,pp,0.05,0.0,5,-0.0035847496986392002,-5.051133761261449,-4.3758482217788695
99,do,0.05,0.0,3,-0.36308586478233273,-6.078399321527192,-5.353186051050822
100,pp,0.05,0.0,62,0.8960011792182927,-6.9989584229209205,-5.978540264235603
101,do,0.05,0.0,7,0.09307571053504926,-5.020932842023445,-4.421386286947462
102,pp,0.05,0.0,5,0.026160072088241115,-5.209473078178637,-3.9690706650416057
103,do,0.05,0.0,19,-0.00649396061897356,-7.221108820944122,-6.184143824047513
104,pp,0.05,0.0,5,-0.09191956162452719,-5.978575277328491,-4.535351313485039
105,do,0.05,0.0,67,-0.09461503505706759,-8.87152685396599,-8.477590062883165
106,pp,0.05,0.0,6,0.2048691189289089,-5.469871847557299,-4.404234541787042
107,do,0.05,0.0,22,0.2352243137359622,-6.391597188602795,-5.407605489095052
108,pp,0.05,0.0,24,0.9279081332683559,-7.13624576510805,-5.624229229821099
109,do,0.05,0.0,32,0.9466211819648747,-5.917918841044108,-5.184066963195801
110,pp,0.05,0.0,39,-0.3889475464820862,-7.796915821595626,-6.802453271547953
111,do,0.05,0.0,14,1.855042762756348,-5.591876888275147,-5.334078802002801
112,pp,0.05,0.0,47,0.5205707156658157,-7.879193514043634,-6.714783186382718
113,do,0.05,0.0,14,1.6157528555393217,-5.596316224878485,-5.106228049596151
114,pp,0.05,0.0,19,1.3635811948776242,-5.387944569732204,-4.376275665230221
115,do,0.05,0.0,5,-0.32260774731636044,-5.327099837678851,-4.692175285021464
116,pp,0.05,0.0,5,-0.8078779304027552,-6.426879008611043,-4.989845768610636
117,do,0.05,0.0,28,2.092709968090057,-6.872331888025458,-6.569059615665012
118,pp,0.05,0.0,29,0.49577064275741556,-7.481929526184544,-5.999316618177626
119,do,0.05,0.0,12,1.3111546051502225,-5.331944948254209,-4.7468358993530275
120,pp,0.05,0.0,14,0.5630997049808499,-6.1712588180195205,-4.391657079590692
121,do,0.05,0.0,15,0.296687290668487,-6.0572937734199295,-5.86016636689504
122,pp,0.05,0.0,25,0.963681759834289,-5.988396508765943,-5.053804731369018
123,do,0.05,0.0,4,0.6551256227493285,-5.018575714573716,-4.29534891711341
124,pp,0.05,0.0,23,0.6018378794193264,-6.220372819900513,-5.282994982931349
125,do,0.05,0.0,7,1.2362751960754395,-5.163192168149081,-5.015603205892774
126,pp,0.05,0.0,62,0.26317321896553025,-7.580796530752471,-6.192648678355747
127,do,0.05,0.0,5,-0.5955310642719276,-5.716014115015666,-5.196788533528646
128,pp,0.05,0.0,6,0.22002053260803223,-4.792321754224373,-3.9692424125141565
129,do,0.05,0.0,53,1.1932492160797121,-8.539128695112286,-9.606085215674506
130,pp,0.05,0.0,69,1.2354772591590883,-8.920666827577532,-7.513143303659227
131,do,0.05,0.0,14,0.13342188000678945,-6.3448826804305565,-6.1840594742033215
132,pp,0.05,0.0,54,0.624898926019668,-7.57812599846811,-6.129600723584493
133,do,0.05,0.0,1,-0.22052137136459304,-5.449801148790302,-4.813326793246799
134,pp,0.05,0.0,3,-0.3417370569705964,-4.93101689454281,-4.328568106227451
135,do,0.05,0.0,23,0.37478458046913143,-6.321976566314698,-5.777552384800381
136,pp,0.05,0.0,6,0.38119058370590153,-5.085012138251102,-4.3557088613510135
137,do,0.05,0.0,17,0.41271712183952314,-6.266464931314641,-5.532367616229587
138,pp,0.05,0.0,70,0.6305353403091445,-8.003422432234792,-6.607914598782857
139,do,0.05,0.0,19,-0.25818747758865346,-6.681855152592514,-6.128156193097433
140,pp,0.05,0.0,70,-0.2405029475688938,-8.179450040875059,-6.834727070066664
141,do,0.05,0.0,70,0.16642055869102457,-7.184820237304225,-6.4037058035532635
142,pp,0.05,0.0,70,1.235403165817262,-7.2035726547241214,-6.216540100839403
143,do,0.05,0.0,8,1.4147506618499754,-6.271525501482414,-5.386159057087369
144,pp,0.05,0.0,2,-0.47735457539558457,-5.352022155125936,-4.541011661953396
145,do,0.05,0.0,9,1.3454394006729125,-6.1095273942658395,-5.413927589522467
146,pp,0.05,0.0,14,0.7153409218788145,-5.3987926251960525,-4.345862256156074
147,do,0.05,0.0,6,0.41631328701972947,-4.908783740708322,-4.480770704481337
148,pp,0.05,0.0,68,1.0301158630847933,-7.526318298686634,-6.166494954956902
149,do,0.05,0.0,10,1.3927977216243743,-5.6349243872093435,-5.382732595337762
150,pp,0.05,0.0,5,0.251866309642792,-4.749875662543557,-4.1230476114484995
151,do,0.05,0.0,4,-0.14818161129951424,-5.238624887755423,-4.530685718854269
152,pp,0.05,0.0,43,1.1775955080986034,-6.773337829474247,-5.970178299480015
153,do,0.05,0.0,31,1.9306406056880956,-6.288717662926876,-5.518418383598328
154,pp,0.05,0.0,61,1.1864965093135833,-8.333904551014756,-7.1570429563522335
155,do,0.05,0.0,5,0.7672402656078336,-5.080300401918816,-4.650784611701965
156,pp,0.05,0.0,70,1.5533806967735284,-9.083023725856433,-7.434820935461256
157,do,0.05,0.0,7,0.8412303316593173,-5.311232231602524,-4.558102507061428
158,pp,0.05,0.0,6,0.12105128765106254,-5.591102848630963,-4.5253662692175975
159,do,0.05,0.0,15,0.34437646389007526,-5.693708989114472,-5.345642338858711
160,pp,0.05,0.0,5,-0.1597528362274172,-5.222243563334147,-4.6089680910110475
161,do,0.05,0.0,8,0.9006405806541444,-5.374168942191384,-4.8361820512347755
162,pp,0.05,0.0,10,-0.406939437389374,-6.9221697258226795,-5.104543961418999
163,do,0.05,0.0,35,1.6784643280506142,-7.506735593622381,-7.391821140713162
164,pp,0.05,0.0,25,0.20129529476165775,-5.86920179309267,-4.903949146800571
165,do,0.05,0.0,59,4.439214140176774,-7.545578849676883,-5.914102755652534
166,pp,0.05,0.0,8,0.43513021230697646,-4.552957635937315,-3.79139674504598
167,do,0.05,0.0,12,0.5463200521469114,-6.389272156628695,-6.156393890910678
168,pp,0.05,0.0,1,-0.6245729672908791,-5.360786679296782,-4.822711528672112
169,do,0.05,0.0,19,2.922252810001374,-5.249220466613769,-4.510574290487502
170,pp,0.05,0.0,70,2.6561074864864356,-6.204508636936997,-5.04166726536221
171,do,0.05,0.0,33,2.5639394485950477,-5.551563346747196,-5.272867075602213
172,pp,0.05,0.0,33,0.6267991065979004,-8.036433886036729,-6.716351426972283
173,do,0.05,0.0,13,1.0060364294052118,-5.282979067889127,-5.468240205446879
174,pp,0.05,0.0,17,0.16955323457717952,-6.992877983324456,-5.157639129956563
175,do,0.05,0.0,18,1.2577488911151882,-5.558402250752304,-4.977562986479866
176,pp,0.05,0.0,70,1.4189644098281864,-6.0069104570331,-5.16929759449429
177,do,0.05,0.0,9,0.9190612888336185,-5.445060484337084,-5.180071618821886
178,pp,0.05,0.0,5,-0.17337229967117285,-4.938315202250625,-4.074732404285007
179,do,0.05,0.0,12,0.03660156011581428,-6.871643176223293,-6.157263599501716
180,pp,0.05,0.0,4,-0.10266341328620854,-5.5175528208414715,-4.270533747143215
181,do,0.05,0.0,70,1.3237288248538972,-8.10812652905782,-7.838963731129964
182,pp,0.05,0.0,17,0.5049878728389743,-5.828954284841364,-4.854437025388082
183,do,0.05,0.0,45,2.6165312790870674,-7.229513451547334,-7.487898837195503
184,pp,0.05,0.0,45,0.598557329177857,-6.1440661676002275,-5.198889708518982
185,do,0.05,0.0,14,1.9983174741268162,-4.84167354034655,-4.760896089341905
186,pp,0.05,0.0,40,1.3593540644645685,-6.459700987555764,-5.7735705031289
187,do,0.05,0.0,5,0.8255483198165896,-4.985863348931977,-4.208921159638299
188,pp,0.05,0.0,64,0.529536330699921,-9.040319055499452,-7.533909834755791
189,do,0.05,0.0,22,2.855568481683731,-6.3213099609721795,-4.804969151814778
190,pp,0.05,0.0,4,-0.5519807481765753,-6.660581448583892,-4.638049417071873
191,do,0.05,0.0,10,0.9175394463539126,-5.2199038592251865,-4.745192294650607
192,pp,0.05,0.0,4,0.23716505527496334,-5.182894072388158,-4.326565127902561
193,do,0.05,0.0,34,0.5598435115814215,-8.307621231946078,-8.331612041261462
194,pp,0.05,0.0,4,-0.17916971683502236,-5.3702482599200625,-4.218878248002794
195,do,0.05,0.0,19,1.9706875813007354,-6.386623071901726,-5.946982627444797
196,pp,0.05,0.0,31,0.2884856605529791,-7.333464886925437,-5.713775494363573
197,do,0.05,0.0,16,2.5468033409118656,-6.288082692117402,-5.7945915407604645
198,pp,0.05,0.0,5,-0.05601746559143095,-6.034031959013506,-4.414449583159553
199,do,0.05,0.0,11,0.573670630455017,-5.704613528107152,-5.497334271007114
200,pp,0.05,0.0,5,-0.1884975397586821,-5.331995640379009,-4.414351246092054
201,do,0.05,0.0,39,2.063843154907227,-6.977589211319432,-6.031197370423211
202,pp,0.05,0.0,42,0.8308214652538304,-6.865157510295059,-5.353676181369358
203,do,0.05,0.0,19,0.41777856349945086,-6.343135075135664,-6.602627224392361
204,pp,0.05,0.0,38,0.2803295826911931,-7.635376027136138,-6.201167986128065
205,do,0.05,0.0,8,0.9286367034912111,-4.597774111140858,-4.42243087026808
206,pp,0.05,0.0,22,1.1796184480190277,-5.673979795340336,-4.906184675958421
207,do,0.05,0.0,15,1.2233511793613436,-6.170719599001336,-5.866258817248874
208,pp,0.05,0.0,70,0.5493027997016906,-8.064684132373694,-6.431741298569573
209,do,0.05,0.0,14,2.2570397400856015,-6.308814642646096,-6.338708800739712
210,pp,0.05,0.0,3,-0.33339575767517005,-5.30613622231917,-4.277423731486002
211,do,0.05,0.0,23,2.7259965240955353,-5.878325229702574,-5.0790521277321705
212,pp,0.05,0.0,5,0.38816204309463487,-5.0441217133493135,-4.127230487929451
213,do,0.05,0.0,53,2.2644165980815902,-7.029382494724158,-6.865340736177233
214,pp,0.05,0.0,40,1.361072745323182,-6.307441325621172,-5.0789304600821605
215,do,0.05,0.0,9,0.6245434200763702,-6.271245537382184,-5.349128156238132
216,pp,0.05,0.0,3,-0.06567060947418213,-4.528423517400568,-3.881956798500485
217,do,0.05,0.0,25,0.09150987148284973,-7.8502003178452,-6.731297296947903
218,pp,0.05,0.0,20,1.3394063055515293,-5.8886759194460785,-4.603032570415073
219,do,0.05,0.0,21,0.8037726151943207,-7.482151720740578,-7.150343561172486
220,pp,0.05,0.0,15,0.364064949750901,-7.296819851615212,-6.289879473050435
221,do,0.05,0.0,61,1.6328914296627044,-9.531599965240016,-9.313190971480475
222,pp,0.05,0.0,57,0.34985537290573276,-8.609622117244836,-7.339375811152988
223,do,0.05,0.0,46,3.2087071764469135,-5.672318491791234,-4.647660334904988
224,pp,0.05,0.0,4,0.25243511438369826,-4.455321533029729,-3.7636221090952557
225,do,0.05,0.0,27,1.7107293033599857,-5.057347023125851,-4.954934938748678
226,pp,0.05,0.0,64,0.30286296486854525,-8.224400641701438,-6.995436644554138
227,do,0.05,0.0,8,-0.43090178966522164,-6.398747251973008,-5.952875836690267
228,pp,0.05,0.0,30,1.438693249225616,-4.608905130444151,-3.9931440591812133
229,do,0.05,0.0,23,2.2098709642887115,-7.288390906651815,-6.0085410727394954
230,pp,0.05,0.0,3,-0.22831298589706428,-5.348216358820597,-4.313725635740492
231,do,0.05,0.0,70,1.8314836382865902,-8.246809676199248,-7.6438048786587185
232,pp,0.05,0.0,20,0.6522704207897192,-6.634047304500233,-5.599420322312249
233,do,0.05,0.0,5,0.3031500637531277,-4.819021769725915,-4.471638488769531
234,pp,0.05,0.0,60,-0.17221497297287058,-7.704910521073775,-6.951270087560018
235,do,0.05,0.0,16,1.8088440835475925,-5.9137068878520616,-5.361732975641886
236,pp,0.05,0.0,37,2.7475704729557044,-7.687786444750699,-5.952179095480177
237,do,0.05,0.0,6,0.7562096798419953,-5.606385612487793,-5.074800271458096
238,pp,0.05,0.0,13,0.1820793020725251,-7.102041134689793,-5.42045644654168
239,do,0.05,0.0,11,0.981315243244171,-5.273523652914799,-4.477845372094048
240,pp,0.05,0.0,10,0.7176989781856538,-5.970519666960745,-4.7942817846934
241,do,0.05,0.0,19,1.8765661108493799,-7.257237438722091,-7.737323066923353
242,pp,0.05,0.0,26,1.6225322663784025,-4.733895982395519,-4.023093542787763
243,do,0.05,0.0,21,2.6769436824321744,-6.0567745064244125,-6.26355025238461
244,pp,0.05,0.0,7,0.1723900938034051,-5.655135631561279,-4.657849147584703
245,do,0.05,0.0,16,1.7595828354358671,-4.933024894829952,-4.734149058659871
246,pp,0.05,0.0,70,0.62768552184105,-8.096042927828702,-7.251283515824212
247,do,0.05,0.0,22,2.7211975693702692,-4.601659296498154,-4.735823035240173
248,pp,0.05,0.0,70,2.379000750780105,-5.883749229257757,-5.090413024690416
249,do,0.05,0.0,27,3.166003415584565,-5.445719242095947,-4.865298708279927
250,pp,0.05,0.0,61,0.6742536461353303,-9.718822328972093,-8.037189496888054
251,do,0.05,0.0,48,2.0688292443752285,-6.03891637542031,-5.797606987423367
252,pp,0.05,0.0,60,1.1914331758022314,-7.4705980589895535,-6.014627660645379
253,do,0.05,0.0,20,1.310354722738266,-4.869645815184622,-4.937487726741367
254,pp,0.05,0.0,35,1.6253733777999884,-8.021004821314957,-6.830964546733433
255,do,0.05,0.0,20,2.46034137248993,-7.468789313056252,-6.6019281387329105
256,pp,0.05,0.0,18,1.227578692436218,-6.459390279018518,-5.471331153975592
257,do,0.05,0.0,24,1.569241576194763,-7.5478615197268395,-7.944638750288221
258,pp,0.05,0.0,9,0.651614031791687,-5.705820728070808,-4.484867850939433
259,do,0.05,0.0,39,4.389405862092972,-5.756285041751283,-5.146929502487183
260,pp,0.05,0.0,7,1.0204971277713772,-5.152199526989099,-4.114610653453403
261,do,0.05,0.0,10,1.2350052702426915,-5.187211321339463,-4.302104828092787
262,pp,0.05,0.0,6,0.018800308704376434,-5.193930573896928,-3.9982270850075614
263,do,0.05,0.0,13,0.6137826168537144,-6.028691549012155,-5.173468404346043
264,pp,0.05,0.0,70,0.9538237643241878,-7.18026020599134,-5.959658039940728
265,do,0.05,0.0,28,1.0493584895133967,-6.049624655463479,-6.8835677888658315
266,pp,0.05,0.0,25,1.1761254441738132,-5.338054700331255,-4.911434955067104
267,do,0.05,0.0,19,3.1020596277713777,-6.153408249941739,-6.7031726386812
268,pp,0.05,0.0,9,0.520988125801086,-4.855120619860562,-4.28257729212443
269,do,0.05,0.0,15,1.1568379366397856,-4.967407005483454,-4.579180574417114
270,pp,0.05,0.0,27,0.23210249781608638,-6.724225633794611,-5.597214470969306
271,do,0.05,0.0,15,1.1952243995666505,-5.82097897385106,-6.000956787003411
272,pp,0.05,0.0,8,0.6027426886558533,-5.07658202864907,-4.072113360299005
273,do,0.05,0.0,17,-0.09015655159950242,-6.001613800453417,-5.808100112279257
274,pp,0.05,0.0,27,0.8065591526031497,-7.004934216990615,-7.043973445892334
275,do,0.05,0.0,1,-0.460275272130966,-5.7749290495207815,-4.970516204833984
276,pp,0.05,0.0,4,0.07278342962264972,-5.191448692841964,-4.406092686123318
277,do,0.05,0.0,11,0.394710727930069,-6.224517854054769,-5.73052048948076
278,pp,0.05,0.0,6,-0.048599389791489145,-5.775879287719727,-4.31828003194597
279,do,0.05,0.0,22,0.5601247096061694,-8.263694329695268,-7.849714665942722
280,pp,0.05,0.0,11,1.0085150873661037,-5.410261048692646,-4.527039631207784
281,do,0.05,0.0,12,1.2410212481021885,-5.246974981192387,-5.244770116276211
282,pp,0.05,0.0,12,0.7561691939830775,-5.442156027302597,-4.278690077198876
283,do,0.05,0.0,16,2.2704977059364317,-5.209021828391335,-5.10243915186988
284,pp,0.05,0.0,70,1.8644169342517856,-6.936657894018925,-6.170880924330818
285,do,0.05,0.0,7,0.08233097434043835,-5.753803852832679,-5.236171740955776
286,pp,0.05,0.0,70,0.02967230081558192,-9.817283688169537,-8.0445654074351
287,do,0.05,0.0,10,0.8244567716121667,-5.791779363516605,-5.416533128420512
288,pp,0.05,0.0,1,-0.6375530326366423,-5.6141911463304,-4.944569312201606
289,do,0.05,0.0,68,0.7464729321002954,-5.8910693529880405,-8.293863897853427
290,pp,0.05,0.0,4,-0.0010644578933716176,-4.6331061189824885,-3.932097461488512
291,do,0.05,0.0,29,1.3999295830726624,-5.510764306964297,-6.302911729282803
292,pp,0.05,0.0,14,0.0965377879142757,-5.728257146026149,-4.800898186365763
293,do,0.05,0.0,14,1.4727831172943118,-5.048973294460413,-4.832894857724508
294,pp,0.05,0.0,5,0.507330147027969,-4.796890449523926,-3.9399224678675333
295,do,0.05,0.0,46,3.336885086297988,-6.6871415976322055,-7.296273830201891
296,pp,0.05,0.0,31,0.27320995926856995,-6.3898381319913,-5.387233750025431
297,do,0.05,0.0,22,0.9830437266826628,-5.463392091519905,-7.974102841483222
298,pp,0.05,0.0,45,0.2513722193241117,-6.849437593691277,-5.521068867047628
299,do,0.05,0.0,18,1.168479301333428,-4.949340463407112,-6.111496464411418
300,pp,0.05,0.0,13,0.24582006096839937,-5.3828537247397685,-4.506293948491415
301,do,0.05,0.0,18,3.1832083523273473,-5.664637838710438,-4.950283885002136
302,pp,0.05,0.0,11,0.40381180644035286,-6.168009932835897,-4.766871433787876
303,do,0.05,0.0,18,1.757805047035217,-5.430106813257391,-5.315549156400892
304,pp,0.05,0.0,22,1.006191059350967,-6.125799155957771,-5.352752526601155
305,do,0.05,0.0,7,0.2650299048423763,-5.276994273156831,-4.950393380059136
306,pp,0.05,0.0,4,-0.5377573478221889,-6.266453767545295,-4.719177084498935
307,do,0.05,0.0,8,0.7483310067653655,-5.988752749471954,-6.083846656481425
308,pp,0.05,0.0,29,0.8690146732330319,-7.4167280254942,-6.451737226380242
309,do,0.05,0.0,16,0.01077091336250291,-6.832457215858228,-6.851861254374186
310,pp,0.05,0.0,9,-0.3194554567337038,-5.835549533728397,-4.808651598294576
311,do,0.05,0.0,6,0.45561937093734795,-5.3798869161894824,-5.038924029138353
312,pp,0.05,0.0,20,-0.41750455379486073,-7.681346337000529,-5.964167253176371
313,do,0.05,0.0,8,1.0506448268890383,-5.119118671706229,-5.0628635485967
314,pp,0.05,0.0,6,0.4083340752124789,-5.477572072635997,-4.621801516744825
315,do,0.05,0.0,11,1.3009657657146452,-5.917804101019195,-5.115041767226325
316,pp,0.05,0.0,6,0.47295913696289116,-4.973136212609031,-3.969685819413927
317,do,0.05,0.0,9,1.2156403803825375,-4.822231665524569,-4.351747290293376
318,pp,0.05,0.0,70,0.5012486732006085,-7.299374084761649,-5.955312124888102
319,do,0.05,0.0,29,2.2792399024963386,-6.864611014452848,-6.418274842368232
320,pp,0.05,0.0,54,1.750154420137406,-7.721098532821193,-6.991797818077935
321,do,0.05,0.0,15,2.2299667203426363,-4.629025340802742,-3.924110190073649
322,pp,0.05,0.0,44,1.1925625908374773,-7.8184687845634695,-7.064358025126987
323,do,0.05,0.0,8,1.2906807363033295,-5.555658249421553,-5.589225829972161
324,pp,0.05,0.0,10,0.8149476230144508,-5.540182323166818,-4.657495925161574
325,do,0.05,0.0,11,1.9425409746170041,-5.298099321307558,-4.9253708097669815
326,pp,0.05,0.0,2,-0.29029523849487315,-5.2382400498245705,-4.398696287473043
327,do,0.05,0.0,2,-0.44640104293823235,-5.403491275960749,-4.962174031469557
328,pp,0.05,0.0,15,0.13970124125480687,-6.833907520409786,-5.495061710145738
329,do,0.05,0.0,5,0.3406240439414976,-4.979381996212584,-5.121768164634704
330,pp,0.05,0.0,13,1.0982191932201388,-5.645708178028916,-4.862770488527086
331,do,0.05,0.0,7,0.4593017113208768,-5.166174346750433,-5.233039898342557
332,pp,0.05,0.0,17,0.18589917182922377,-7.020253327398589,-5.614139456219143
333,do,0.05,0.0,26,3.3191783380508424,-7.489883003812848,-7.216956215434604
334,pp,0.05,0.0,7,1.6349496603012081,-5.518578944061741,-4.402569415834215
335,do,0.05,0.0,7,0.8882501029968264,-5.83897775736722,-4.809129487143623
336,pp,0.05,0.0,11,0.8263270175457,-5.405603548974701,-4.227669956949022
337,do,0.05,0.0,14,2.8436518394947043,-5.443307477777655,-4.782050903638204
338,pp,0.05,0.0,17,-0.21726130127906806,-6.667643071665909,-5.521128718058268
339,do,0.05,0.0,31,2.8495655763149266,-7.829016393603701,-6.739280006620619
340,pp,0.05,0.0,7,1.4345893418788904,-4.763836521090883,-4.024867865774366
341,do,0.05,0.0,30,4.059198025465012,-8.268922508124149,-6.7941716829935705
342,pp,0.05,0.0,24,1.1436143755912784,-6.036341704744281,-4.8507680522070995
343,do,0.05,0.0,13,1.2862696325778957,-5.838822939901641,-5.11465942064921
344,pp,0.05,0.0,70,0.8295496141910563,-7.270766784205581,-6.151750916904874
345,do,0.05,0.0,22,2.100001013278961,-5.689008020632195,-4.885311259163751
346,pp,0.05,0.0,70,1.6560163283348084,-5.663017996874722,-5.054646049605475
347,do,0.05,0.0,66,3.9663927233219143,-6.341819764628555,-6.132359743118286
348,pp,0.05,0.0,29,1.3073967659473427,-6.606544082814997,-5.886695912149217
349,do,0.05,0.0,17,1.6961023330688478,-6.273653001496286,-5.797015743785434
350,pp,0.05,0.0,4,0.4262027800083157,-4.764936266523419,-3.97575331264072
351,do,0.05,0.0,14,1.9531591010093683,-5.831733761411725,-5.525908048947652
352,pp,0.05,0.0,4,0.01963957190513632,-5.545411056460757,-4.5322711017396715
353,do,0.05,0.0,16,2.0827706158161163,-5.3453858375549315,-4.964162524541219
354,pp,0.05,0.0,16,1.5581945991516113,-6.9862067135897545,-5.481163901752896
355,do,0.05,0.0,19,2.478018851280212,-5.897136108803027,-5.588394506772359
356,pp,0.05,0.0,7,0.8676378571987149,-5.173742041443333,-4.331610298156738
357,do,0.05,0.0,18,1.8968877637386328,-4.824079038157608,-4.816590001848009
358,pp,0.05,0.0,23,1.5145059645175927,-6.502867497819842,-5.4210676670074465
359,do,0.05,0.0,20,1.7036367368698118,-4.73228216604753,-4.892979966269599
360,pp,0.05,0.0,7,0.2750328934192652,-5.356003119728782,-4.372739945517646
361,do,0.05,0.0,11,1.3642785573005671,-5.408478177677502,-5.518175371487936
362,pp,0.05,0.0,12,0.9188732790946963,-5.34906394553907,-4.3035949362648855
363,do,0.05,0.0,21,2.7526369810104363,-5.585981150829431,-6.763650952445136
364,pp,0.05,0.0,14,1.2476253545284273,-5.358617872180361,-4.459490937656827
365,do,0.05,0.0,19,3.1802450120449057,-5.137202170400909,-5.0455258819792
366,pp,0.05,0.0,70,3.290710691213608,-7.178149262341586,-6.094129790200127
367,do,0.05,0.0,15,1.4049777281284328,-6.22012434872714,-5.889269868532817
368,pp,0.05,0.0,70,1.4829879415035254,-7.485223329428471,-6.907305982377794
369,do,0.05,0.0,11,1.6665242910385132,-5.415154444087635,-5.540647919972738
370,pp,0.05,0.0,28,0.5431847119331366,-8.043033790588378,-5.9201389286253185
371,do,0.05,0.0,7,1.1222638118267056,-5.9879681168180525,-5.2565881649653114
372,pp,0.05,0.0,5,0.20465626358985833,-6.534041057933461,-4.552118476231893
373,do,0.05,0.0,2,-0.43592192649841355,-5.752061310681429,-5.0993789831797285
374,pp,0.05,0.0,14,0.8042807650566104,-5.573274845065493,-4.3532250907686025
375,do,0.05,0.0,8,0.5886507928371429,-5.968284473997174,-5.3518150806427
376,pp,0.05,0.0,32,1.5143275845050805,-7.568133413430417,-6.079398507542081
377,do,0.05,0.0,13,1.6378799700737003,-5.364759056495898,-5.243556496832106
378,pp,0.05,0.0,29,1.2872090399265286,-5.469247021819606,-4.561541167894999
379,do,0.05,0.0,13,1.9918963825702667,-5.167593825947154,-4.740931288401286
380,pp,0.05,0.0,36,0.7775932538509363,-8.099291573148784,-6.516292924351163
381,do,0.05,0.0,15,1.7586297225952148,-5.450014448165893,-5.028718278143141
382,pp,0.05,0.0,19,2.0983417081832885,-6.980275031292077,-5.591071836153666
383,do,0.05,0.0,2,-0.09365536093711846,-5.248408969243368,-4.6407805813683405
384,pp,0.05,0.0,23,1.3192743849754338,-6.3831155907024035,-5.447140163845486
385,do,0.05,0.0,15,1.977014496326447,-6.259933533813014,-6.210480104552375
386,pp,0.05,0.0,36,1.1053146791458133,-7.413063721223311,-6.310746590296428
387,do,0.05,0.0,25,1.853760590553283,-6.858339907906272,-7.126451521449619
388,pp,0.05,0.0,27,0.249554089307785,-6.93194393678145,-5.719964210192362
389,do,0.05,0.0,20,1.452196484804153,-5.030216880278154,-5.592864320013258
390,pp,0.05,0.0,5,0.16388331413269075,-5.990524878646388,-4.345264803038703
391,do,0.05,0.0,10,1.2373356568813323,-5.101191471562241,-5.681856396463182
392,pp,0.05,0.0,8,1.6547650897502901,-4.882835979172678,-4.116694813304477
393,do,0.05,0.0,15,2.040588471889496,-5.487521300171361,-5.953580972883437
394,pp,0.05,0.0,32,0.9538820779323576,-7.07760146892432,-5.85564779970381
395,do,0.05,0.0,12,0.9442602205276494,-4.599260451576926,-5.027168848779467
396,pp,0.05,0.0,8,0.31536789774894736,-6.335243746728608,-4.743949686156379
397,do,0.05,0.0,24,1.7159802412986753,-5.298999758922693,-5.970142965846591
398,pp,0.05,0.0,66,1.8603415060043345,-6.285384155042244,-5.216652380095588
399,do,0.05,0.0,25,2.501524480581284,-5.093927668080186,-5.481047349505954
400,pp,0.05,0.0,6,0.49708287119865435,-5.218941429889563,-4.199915737575955
401,do,0.05,0.0,6,0.8500838088989262,-4.409299059347673,-4.25211015674803
402,pp,0.05,0.0,5,0.4987452340126035,-5.283311504306215,-4.27297727531857
403,do,0.05,0.0,4,0.31730711460113525,-4.623006599599665,-4.346637399991353
404,pp,0.05,0.0,7,0.6919386780261991,-4.508371223102916,-3.768152900536855
405,do,0.05,0.0,4,0.09155815482139573,-4.418974710233284,-4.595477692286173
406,pp,0.05,0.0,35,0.8518884253501895,-6.797751010547985,-5.853261468145583
407,do,0.05,0.0,4,-0.16392840862274127,-5.138880651647394,-5.037259215778775
408,pp,0.05,0.0,6,0.839773695468903,-4.966126897118309,-4.029774003558689
409,do,0.05,0.0,6,0.7397150659561156,-4.298775708314144,-4.455237311787076
410,pp,0.05,0.0,9,0.9948238885402683,-5.298478762308757,-4.616771941714816
411,do,0.05,0.0,4,-0.24326838970184284,-4.938583970792366,-4.719664065043132
412,pp,0.05,0.0,6,0.7602794969081881,-4.434156556562944,-3.836940430270301
413,do,0.05,0.0,32,1.0527846026420598,-7.563138476285068,-6.880322776900398
414,pp,0.05,0.0,8,1.1438227093219764,-5.3426154844688645,-4.414260472191705
415,do,0.05,0.0,5,0.5206831443309792,-5.026475250359738,-4.500460396872627
416,pp,0.05,0.0,4,0.5292403328418729,-5.353165086110433,-4.313020404179891
417,do,0.05,0.0,6,0.6866274666786198,-4.967208597876809,-4.55736288494534
418,pp,0.05,0.0,7,1.0161608719825743,-4.691252939628832,-3.814073860645294
419,do,0.05,0.0,4,0.11539864897727892,-5.499155440475001,-5.244009566307068
420,pp,0.05,0.0,11,1.355247571468353,-5.27771677681894,-4.241267263889313
421,do,0.05,0.0,3,0.3238681077957155,-4.8969789360508775,-4.627725095219082
422,pp,0.05,0.0,6,1.522171273231507,-5.446205533634533,-4.267249812020196
423,do,0.05,0.0,10,0.6118576860427858,-5.556688532684788,-5.1765963342454695
424,pp,0.05,0.0,7,1.0385638701915738,-5.1669255545645045,-4.290112474229601
425,do,0.05,0.0,67,0.310382056236266,-8.53403171192516,-8.377608092625936
426,pp,0.05,0.0,9,0.6730303061008458,-5.490415651148016,-4.5286740673912895
427,do,0.05,0.0,3,0.07968602776527423,-5.44373166922367,-4.783548755115933
428,pp,0.05,0.0,12,1.4123957431316372,-5.458665190321026,-4.696380400657654
429,do,0.05,0.0,5,0.2615241396427157,-5.325124151056463,-4.796131136682298
430,pp,0.05,0.0,9,0.5080033755302429,-5.10565708767284,-4.190423121717241
431,do,0.05,0.0,7,0.5180789852142338,-5.233263436230746,-4.836118425263299
432,pp,0.05,0.0,12,1.2034074580669403,-5.666459105231545,-4.235143487983279
433,do,0.05,0.0,6,-0.0953185153007512,-5.730518880034938,-5.445576492945353
434,pp,0.05,0.0,6,1.042764084339142,-4.309549850406069,-3.6926281452178955
435,do,0.05,0.0,11,0.5948865318298342,-5.407458909352621,-5.384073111746046
436,pp,0.05,0.0,9,0.8835558736324307,-5.700447290593927,-4.647042346000672
437,do,0.05,0.0,45,0.48676864743232695,-7.406607489152388,-6.969338006443447
438,pp,0.05,0.0,7,0.8689925229549411,-4.922946042725534,-4.196379497316149
439,do,0.05,0.0,6,0.5055632507801056,-5.193265484318589,-5.157096719741821
440,pp,0.05,0.0,4,0.48826990485191324,-4.93172817808209,-4.048337801297506
441,do,0.05,0.0,7,0.7585319173336034,-5.076834188808094,-4.633495457967123
442,pp,0.05,0.0,7,0.9406007742881775,-4.216905693574385,-3.709486922952864
443,do,0.05,0.0,6,-0.2758834457397459,-5.323394870758056,-4.980699592166477
444,pp,0.05,0.0,6,0.7067009496688845,-4.553142057765614,-3.916664046711392
445,do,0.05,0.0,8,1.1298141789436338,-5.324875765135794,-4.80845500363244
446,pp,0.05,0.0,6,1.5463719809055325,-4.604057352470629,-3.806584278742472
447,do,0.05,0.0,6,0.461397858858108,-5.048033196998365,-5.596248828040229
448,pp,0.05,0.0,7,1.3887333238124846,-4.852105042428681,-4.065529155731201
449,do,0.05,0.0,6,1.2807149696350102,-4.887686882597027,-4.151715440220303
450,pp,0.05,0.0,70,0.971583015918732,-13.067191901351466,-10.225966782040066
451,do,0.05,0.0,70,2.1203288412094112,-6.108618068695068,-5.803727502293057
452,pp,0.05,0.0,70,1.388257142305374,-7.546995762622718,-6.501520540979174
453,do,0.05,0.0,3,-0.5665008330345156,-5.517364197066336,-4.804306597179837
454,pp,0.05,0.0,22,-0.09423010706901547,-6.234007459698302,-5.3654566870795355
455,do,0.05,0.0,70,0.369877861738205,-7.253354988676129,-6.972510176234775
456,pp,0.05,0.0,9,0.6691872513294221,-5.251870522354588,-4.486457522710165
457,do,0.05,0.0,70,2.3782711827754976,-5.494468534354008,-5.686479266484579
458,pp,0.05,0.0,70,0.9043552744388581,-7.910765892086607,-7.182908468776279
459,do,0.05,0.0,42,2.051083381175994,-6.605352351159761,-6.29279560248057
460,pp,0.05,0.0,23,1.0554614162445066,-8.041680309989236,-6.4014718347125585
461,do,0.05,0.0,70,1.609748270511627,-8.298701635996501,-7.317795525656806
462,pp,0.05,0.0,14,2.183295509815216,-4.835822505661936,-4.140918134318458
463,do,0.05,0.0,70,0.6292474603652947,-7.410228185942679,-7.064046637217204
464,pp,0.05,0.0,18,2.4407252740859997,-6.011403112700491,-5.195271635055542
465,do,0.05,0.0,15,0.5372318387031552,-6.4610041661696,-5.566961155997382
466,pp,0.05,0.0,16,2.018314568996429,-5.0840224251602635,-4.204858283201854
467,do,0.05,0.0,56,1.5504415071010582,-6.801406928264734,-7.225220510694716
468,pp,0.05,0.0,70,1.4120669126510617,-8.176286141077677,-7.081119147936503
469,do,0.05,0.0,60,1.5854726493358609,-6.054436391772646,-5.654173390070597
470,pp,0.05,0.0,6,0.698333817720413,-4.844060243259777,-3.971065862973531
471,do,0.05,0.0,70,0.7930950951576232,-9.4340930259589,-7.897227107153999
472,pp,0.05,0.0,70,0.3823352694511417,-10.55870736729015,-8.905649847454495
473,do,0.05,0.0,70,1.5710890758037577,-5.979783286470355,-5.773143868976169
474,pp,0.05,0.0,70,0.5352704548835749,-8.034181508150967,-7.170586191283332
475,do,0.05,0.0,7,0.7096920216083529,-5.524678293863932,-4.929103811581929
476,pp,0.05,0.0,6,1.5049108529090889,-4.79519564744198,-4.024475530783335
477,do,0.05,0.0,20,1.7257987713813785,-6.119961737141464,-6.2557135476006405
478,pp,0.05,0.0,12,1.0450538396835327,-4.998542740850738,-4.339058587286208
479,do,0.05,0.0,47,1.809486801624299,-6.566415717385032,-5.455569746759203
480,pp,0.05,0.0,68,1.5226547992229467,-6.790954852826667,-5.963056964344449
481,do,0.05,0.0,70,0.0912060451507557,-7.929289960861206,-8.813596804936727
482,pp,0.05,0.0,18,0.9658410215377815,-5.169815499854811,-4.227639653947619
483,do,0.05,0.0,70,-0.02199908316135435,-6.908262525905262,-7.061572019259135
484,pp,0.05,0.0,10,0.4981346380710603,-5.618660928263809,-4.649790766504076
485,do,0.05,0.0,51,1.3426619136333464,-6.390177887136286,-6.830565036667718
486,pp,0.05,0.0,36,0.6215446901321409,-6.4122013539978955,-5.7176380369398325
487,do,0.05,0.0,32,0.685884642601013,-6.94748242262638,-6.126250211397807
488,pp,0.05,0.0,44,1.71386875629425,-8.272364242149122,-7.238732197549608
489,do,0.05,0.0,15,0.9987776565551751,-5.992486169121483,-4.73883322874705
490,pp,0.05,0.0,7,1.4744827771186833,-5.282140551191388,-4.237176513671875
491,do,0.05,0.0,15,0.43681385397911043,-5.449885752706817,-4.949531290266249
492,pp,0.05,0.0,46,1.376901911497117,-6.288688164046317,-5.484048846032884
493,do,0.05,0.0,16,1.1999108433723453,-4.967287330916434,-4.801675242847867
494,pp,0.05,0.0,25,2.336570456027985,-6.885415879162875,-5.512022585339016
495,do,0.05,0.0,56,2.4832143688201915,-6.891178457664721,-6.017064698537191
496,pp,0.05,0.0,13,1.1413557875156402,-6.105743740544175,-4.6839527077145044
497,do,0.05,0.0,4,-0.2964973580837249,-5.619656981843891,-4.97808804512024
498,pp,0.05,0.0,8,1.2771870088577266,-5.402377605438232,-4.4092385662926565
499,do,0.05,0.0,38,2.02867615222931,-5.952436795379176,-5.491828608512878
500,pp,0.05,0.0,55,1.3748705744743344,-6.416474728150801,-5.355975087483724
501,do,0.05,0.0,11,1.1124866616725928,-5.39831477801005,-4.968455131848653
502,pp,0.05,0.0,5,0.6085577058792113,-5.912562998858365,-4.371574359469943
503,do,0.05,0.0,3,0.004371057748794982,-5.376523486050693,-4.6588544845581055
504,pp,0.05,0.0,5,1.2918046963214875,-5.354576311689435,-4.2090730243259005
505,do,0.05,0.0,70,0.1312012386322028,-10.053973192157168,-9.756762954923841
506,pp,0.05,0.0,52,0.13990047812461803,-7.611025859370376,-6.8026263819800485
507,do,0.05,0.0,4,-0.17268013358116185,-5.641327053127867,-4.944534079233805
508,pp,0.05,0.0,15,1.618246068954468,-6.641627586249149,-5.164173361990187
509,do,0.05,0.0,3,0.06452986359596213,-5.886573803063595,-5.256563470098707
510,pp,0.05,0.0,12,1.299269958734513,-5.409219004891136,-4.644189227951897
511,do,0.05,0.0,7,0.519527901411057,-4.885005176428592,-4.391839901606242
512,pp,0.05,0.0,70,0.7925433933734904,-7.667600443868926,-6.314107418060303
513,do,0.05,0.0,23,0.5712192392349245,-5.975569778500181,-6.075963579283821
514,pp,0.05,0.0,11,0.7596272933483119,-5.98700268051841,-4.663260719511244
515,do,0.05,0.0,59,1.7855939960479734,-7.305527860468084,-7.237457005182902
516,pp,0.05,0.0,13,2.297777349948883,-5.206008701613455,-4.214861949284871
517,do,0.05,0.0,3,-0.24877949357032758,-5.29514460997148,-4.786767707930671
518,pp,0.05,0.0,20,1.422790722846985,-6.235606824990475,-5.031720990604825
519,do,0.05,0.0,19,1.1399164152145387,-6.216464545510032,-6.806697334183587
520,pp,0.05,0.0,10,1.3923597729206083,-4.792226542848529,-4.062745557890998
521,do,0.05,0.0,4,-0.24760699629783645,-5.069130469813492,-4.321763806872898
522,pp,0.05,0.0,11,0.7852986109256745,-4.8785448030991985,-4.005386192268795
523,do,0.05,0.0,66,1.1822899949550632,-7.680865799296986,-7.997715690400866
524,pp,0.05,0.0,61,1.801756736040116,-6.836145107673876,-6.085723702112833
525,do,0.05,0.0,18,0.5313140976428992,-5.523084429538611,-6.142670355902778
526,pp,0.05,0.0,8,1.2602055907249445,-4.716374332254583,-4.058149332470364
527,do,0.05,0.0,70,0.0833870434761046,-8.264798256845186,-8.562895817226833
528,pp,0.05,0.0,39,0.8919140672683712,-7.189685396714644,-6.090889321433173
529,do,0.05,0.0,45,2.572554657459259,-8.437939646749786,-7.214184315999349
530,pp,0.05,0.0,12,1.9595342397689821,-5.1836384628758285,-4.140395678414238
531,do,0.05,0.0,3,0.22554787755012562,-5.325728380318844,-4.533759350246854
532,pp,0.05,0.0,7,0.34134155869483873,-5.217506321993741,-4.204202984439002
533,do,0.05,0.0,1,-0.3319527721405029,-5.54258641763167,-5.010857446988424
534,pp,0.05,0.0,8,1.3297264850139614,-5.494964137221828,-4.633461689949035
535,do,0.05,0.0,70,1.7812209284305576,-6.702943768645778,-6.074286656909519
536,pp,0.05,0.0,5,0.41534747600555466,-5.454846353241892,-4.561210375361973
537,do,0.05,0.0,42,1.0517240345478056,-6.753532952973337,-5.921783198250664
538,pp,0.05,0.0,14,1.0535963320732114,-5.661860740546024,-4.812173785103692
539,do,0.05,0.0,37,0.01749632000923107,-6.804923923087842,-6.559386995103624
540,pp,0.05,0.0,6,0.24979808568954454,-5.1648901563702205,-4.352474347750346
541,do,0.05,0.0,70,1.074603945016861,-7.201449246840044,-6.357496251000298
542,pp,0.05,0.0,20,2.141896388530732,-6.147425431916208,-5.0991120762295195
543,do,0.05,0.0,48,0.5524017894268045,-6.959590221173835,-6.615768668386671
544,pp,0.05,0.0,5,0.6399624836444859,-5.648303370042281,-4.5493701352013485
545,do,0.05,0.0,19,0.24833705067634604,-6.471500314365734,-5.7695329507191975
546,pp,0.05,0.0,16,2.0875161194801324,-6.04658917947249,-5.258248625861274
547,do,0.05,0.0,13,0.12710911154746984,-6.413784258293383,-5.788355742560492
548,pp,0.05,0.0,18,1.0466412782669066,-7.1775263251680315,-5.485476377275255
549,do,0.05,0.0,70,0.5216736435890201,-8.43381613818082,-7.532649493217468
550,pp,0.05,0.0,62,1.7548573064804076,-7.208150239424272,-6.251213259167141
551,do,0.05,0.0,70,1.0343492865562443,-9.209846860712224,-9.113747782177395
552,pp,0.05,0.0,58,2.4235922765731814,-8.357822159564856,-7.872420485814413
553,do,0.05,0.0,70,1.205638420581817,-7.568307018280029,-6.871170706219143
554,pp,0.05,0.0,59,2.221072787046433,-7.1089009978554465,-6.1733670579062565
555,do,0.05,0.0,17,2.1039141595363615,-6.280986923159975,-5.491886022355821
556,pp,0.05,0.0,9,1.5130200839042667,-5.208697869560935,-4.2907574905289545
557,do,0.05,0.0,70,0.5457808673381805,-7.741175164598407,-7.356867411401537
558,pp,0.05,0.0,49,2.6000352311134343,-6.446530934536096,-5.790027475357055
559,do,0.05,0.0,70,1.1954275739192965,-7.095789709958163,-6.805535713831584
560,pp,0.05,0.0,70,1.6563767659664155,-7.014538189859101,-6.182467807663811
561,do,0.05,0.0,26,1.2766662228107455,-6.35474451527451,-5.918248399098714
562,pp,0.05,0.0,21,2.1891158497333523,-7.770142737301913,-6.438110261493259
563,do,0.05,0.0,11,0.9933947241306305,-5.707732144269076,-4.964160513877869
564,pp,0.05,0.0,34,1.7372029602527608,-7.0150791948491875,-5.993403543366326
565,do,0.05,0.0,30,1.4712466645240792,-8.218077166875203,-7.262140692604913
566,pp,0.05,0.0,8,1.1181526672840114,-5.339493198105783,-4.089832599957784
567,do,0.05,0.0,59,1.1410829830169682,-7.482349827795318,-6.630670147471958
568,pp,0.05,0.0,25,0.5717112374305726,-7.521135950088501,-6.042089729838901
569,do,0.05,0.0,13,0.158948819637299,-6.249239680261323,-5.583476116922166
570,pp,0.05,0.0,11,0.3390287375450134,-5.580080493291219,-4.446707839436002
571,do,0.05,0.0,9,0.4335162127017975,-5.2503223693732055,-5.2410941892200045
572,pp,0.05,0.0,10,0.4669622445106505,-5.084976814732407,-4.312288045883179
573,do,0.05,0.0,66,0.8384547293186184,-6.129870375719937,-7.119516409767998
574,pp,0.05,0.0,6,0.5348008942604068,-5.06548766078371,-4.316116989983453
575,do,0.05,0.0,4,-0.20149537205696078,-5.881695725701072,-5.397453281614515
576,pp,0.05,0.0,4,0.026440800428390254,-5.931600148750074,-4.70544331073761
577,do,0.05,0.0,30,2.2061435627937307,-8.561128457387289,-7.593977467219035
578,pp,0.05,0.0,9,1.403444069623947,-5.508397629766753,-4.084189216295878
579,do,0.05,0.0,61,1.307993837594985,-7.126287080302383,-6.107878012127347
580,pp,0.05,0.0,37,1.8885175621509562,-6.226722960038619,-5.3735723442501495
581,do,0.05,0.0,12,1.227604149580002,-6.016537984212239,-5.379637805620829
582,pp,0.05,0.0,5,0.898608767986298,-5.2636427633690115,-4.237284647093879
583,do,0.05,0.0,41,2.363835644721984,-7.08109628792965,-6.034681974516975
584,pp,0.05,0.0,70,0.4359421348571768,-7.497281249364217,-6.509923307100932
585,do,0.05,0.0,62,0.6962356007099153,-8.409327657294996,-7.841330867343479
586,pp,0.05,0.0,6,0.8901050913333899,-4.980174139774207,-4.147253134515551
587,do,0.05,0.0,6,0.5286267578601835,-5.838509418025161,-5.000057180722554
588,pp,0.05,0.0,5,0.7487116420269011,-5.430801833759655,-4.274153467019399
589,do,0.05,0.0,3,-0.3393786573410029,-5.93255763053894,-5.280451199743482
590,pp,0.05,0.0,5,0.17689756870269768,-5.222063771161166,-4.5313581042819555
591,do,0.05,0.0,11,0.9020742082595827,-6.536670264330778,-6.172780397203233
592,pp,0.05,0.0,7,1.053173669576645,-5.755057401368112,-4.603939758406745
593,do,0.05,0.0,16,0.4033102047443382,-5.802858161926269,-6.285182603200277
594,pp,0.05,0.0,6,0.946106849908829,-4.91849506407073,-4.103905116187201
595,do,0.05,0.0,65,1.6312832093238834,-7.130225408438481,-6.388419734107123
596,pp,0.05,0.0,24,1.7386378383636476,-6.429130178509337,-5.2955126735899185
597,do,0.05,0.0,6,0.894405964612961,-5.31541588378675,-4.501632152663337
598,pp,0.05,0.0,5,0.8097535371780396,-5.84520909280488,-4.340484955575731
599,do,0.05,0.0,49,1.3917028868198393,-8.242342115171027,-7.491452005174425
600,pp,0.05,0.0,14,1.733338223695755,-5.143551192139134,-4.341219986809625
601,do,0.05,0.0,39,2.5300150060653674,-5.590426619847616,-5.787021067407396
602,pp,0.05,0.0,5,1.0138515090942386,-5.646108699567391,-4.139772028393216
603,do,0.05,0.0,8,0.759663571119308,-5.518871326157541,-5.01904706425137
604,pp,0.05,0.0,36,2.80065554022789,-5.808163650108106,-5.104898926946852
605,do,0.05,0.0,6,1.2609184384346008,-5.319487486463604,-4.767890495724148
606,pp,0.05,0.0,9,1.4632292413711543,-5.67284267020948,-4.308333124054803
607,do,0.05,0.0,8,0.9929195785522467,-5.400043108969024,-4.702099264992608
608,pp,0.05,0.0,6,0.7581167793273931,-5.0289149558905395,-4.29584554831187
609,do,0.05,0.0,26,0.9666047954559334,-6.834775686264038,-6.6159891340467665
610,pp,0.05,0.0,70,1.155223737955092,-7.863015158971151,-6.91552197933197
611,do,0.05,0.0,6,1.2856989586353302,-4.973442883925005,-4.61866885556115
612,pp,0.05,0.0,5,0.012772090435027472,-6.071884897983435,-4.579106524255541
613,do,0.05,0.0,23,0.9734978675842285,-5.683936354608247,-6.497286314434476
614,pp,0.05,0.0,13,2.0298917996883388,-4.889356100197994,-4.157719733979967
615,do,0.05,0.0,10,1.2457878971099854,-5.7657734784212975,-4.938383830918206
616,pp,0.05,0.0,5,0.39837232351303076,-4.8331964073759135,-3.7633286833763124
617,do,0.05,0.0,25,0.723972452878952,-6.511619119933157,-7.311827452977498
618,pp,0.05,0.0,20,2.225683399438858,-4.977595389973033,-4.298527910974291
619,do,0.05,0.0,13,1.2852537095546728,-5.605188310507572,-6.546939924028185
620,pp,0.05,0.0,6,0.9903949964046479,-4.624554967880249,-3.8963136076927185
621,do,0.05,0.0,40,1.3422933852672587,-6.627248840621023,-7.318172115749783
622,pp,0.05,0.0,16,2.089176980257034,-4.843593542503588,-4.020358532004886
623,do,0.05,0.0,16,1.5980383205413817,-5.444313927852746,-5.979001209470961
624,pp,0.05,0.0,22,1.9090859746932987,-6.210739973819617,-5.287244998084175
625,do,0.05,0.0,19,1.6003456401824945,-5.836818267359878,-5.623462377654182
626,pp,0.05,0.0,18,0.8598940169811256,-6.012669495380286,-5.201702814631992
627,do,0.05,0.0,70,2.033394682407379,-7.003079006888649,-7.2322222179836695
628,pp,0.05,0.0,9,0.47051393508911055,-5.670466116702918,-4.76201663547092
629,do,0.05,0.0,13,0.7135230183601378,-5.5236658486452965,-4.654122977786594
630,pp,0.05,0.0,10,2.188910915255546,-4.304815535111861,-3.65139232079188
631,do,0.05,0.0,44,0.9761401319503786,-10.782192848667954,-10.408733023537529
632,pp,0.05,0.0,5,0.16428795576095556,-5.462842439882683,-3.9776082754135134
633,do,0.05,0.0,58,0.9234714472293852,-6.875570183089285,-6.238333919313219
634,pp,0.05,0.0,70,1.986853260993957,-8.584651984590472,-7.338670831256443
635,do,0.05,0.0,59,0.46111405849456766,-7.626857147794781,-6.543988193405999
636,pp,0.05,0.0,10,0.9784070336818695,-5.525356808575717,-4.543782570627001
637,do,0.05,0.0,4,0.025725470781326365,-5.353075150287513,-4.968706920411852
638,pp,0.05,0.0,6,0.7143835282325739,-4.70026461427862,-3.8569416417015923
639,do,0.05,0.0,70,1.091110466718674,-8.304193670099432,-6.507700522740682
640,pp,0.05,0.0,6,0.4712852787971489,-4.9458167408451885,-4.207971586121453
641,do,0.05,0.0,20,1.724811232089996,-6.161286174889767,-5.59083182281918
642,pp,0.05,0.0,8,1.024253522157669,-4.694388392477324,-3.8457770307858783
643,do,0.05,0.0,31,2.2829876267910008,-6.9956958944147285,-6.9307585530810885
644,pp,0.05,0.0,14,1.165817339420319,-5.134552123329856,-4.217976874775356
645,do,0.05,0.0,18,0.9540885102748868,-5.116036413655136,-5.379803082678053
646,pp,0.05,0.0,21,2.30312039732933,-4.9666698051221445,-4.409646799829271
647,do,0.05,0.0,20,2.0342907285690313,-5.191222105604229,-4.816584430800544
648,pp,0.05,0.0,39,2.3526347064971915,-5.608446690530488,-4.776252526707119
649,do,0.05,0.0,20,1.1558870863914494,-6.756730594057025,-6.6277499569786915
650,pp,0.05,0.0,10,1.4208993434906008,-5.250222659833503,-4.1685965485043
651,do,0.05,0.0,52,3.263422963619232,-6.969966693357988,-6.345671873622471
652,pp,0.05,0.0,11,1.451103119850158,-5.342780561158151,-4.463447745641073
653,do,0.05,0.0,18,2.173198916912079,-4.888264381524288,-4.544642594125536
654,pp,0.05,0.0,5,1.0121212935447694,-5.53558546702067,-4.331162871254815
655,do,0.05,0.0,18,2.486088945865631,-5.84443583054976,-5.238450323210822
656,pp,0.05,0.0,13,2.214781440496444,-4.321949198751739,-3.746690641509162
657,do,0.05,0.0,20,1.1828149473667144,-5.306603717803955,-5.870631037818061
658,pp,0.05,0.0,13,1.7092737543582919,-4.8758918386517145,-4.212029168340895
659,do,0.05,0.0,25,2.175791342258453,-5.892261226249464,-5.3597255203459
660,pp,0.05,0.0,21,2.6518030202388765,-5.689984937147661,-4.764973627196418
661,do,0.05,0.0,51,4.092588899135589,-6.344122391036063,-5.611901121669345
662,pp,0.05,0.0,12,2.799238222837448,-4.925986394015226,-4.068646272023519
663,do,0.05,0.0,6,0.8071010482311252,-5.106824986139933,-4.4456673463185625
664,pp,0.05,0.0,7,1.0158912742137902,-5.459118227525191,-4.14599183930291
665,do,0.05,0.0,31,1.526842195987701,-5.308447229500973,-5.423916496170891
666,pp,0.05,0.0,22,2.035358726978302,-5.331028616067135,-4.307972823248969
667,do,0.05,0.0,25,0.42317526459694044,-8.854314743388782,-8.85266597006056
668,pp,0.05,0.0,24,2.2862563753128056,-5.256735515594483,-4.436802389886644
669,do,0.05,0.0,16,0.6834182941913598,-5.667102047891328,-5.250856677691142
670,pp,0.05,0.0,14,2.198453661203385,-5.317378155390421,-4.402604768011305
671,do,0.05,0.0,51,1.6165667831897732,-6.313505448717059,-6.846344632572598
672,pp,0.05,0.0,28,2.380948840379716,-5.975583007118919,-4.868102468384636
673,do,0.05,0.0,20,1.093840082883835,-6.629215520800966,-6.0453300423092315
674,pp,0.05,0.0,9,1.1251353299617763,-5.216642421664614,-4.3652093807856245
675,do,0.05,0.0,18,2.062456755638122,-6.408400966181899,-6.026575663354662
676,pp,0.05,0.0,6,1.5909434747695927,-4.808666613607696,-4.020594742563036
677,do,0.05,0.0,4,0.834234381914138,-5.396295064868349,-4.792742066913181
678,pp,0.05,0.0,6,0.7812984478473668,-5.112077007871686,-3.7841827167405024
679,do,0.05,0.0,6,-0.14908568263053823,-6.358993618416064,-5.993751165601942
680,pp,0.05,0.0,47,2.1577623093128206,-6.093496802358916,-5.603450693024529
681,do,0.05,0.0,6,0.23092900753021262,-5.838949372551658,-5.302722838189867
682,pp,0.05,0.0,12,1.0201404392719269,-5.839927453705759,-4.543932286898295
683,do,0.05,0.0,5,0.5843128478527069,-5.317705628366181,-5.251544851726956
684,pp,0.05,0.0,37,2.3206228172779078,-6.0489648775620894,-5.295260432031419
685,do,0.05,0.0,17,1.6234160387516026,-5.671580096447107,-5.708416448699103
686,pp,0.05,0.0,30,3.0598920857906347,-6.5055452621344365,-5.6933729781044855
687,do,0.05,0.0,15,2.0837903761863705,-5.948237189379605,-5.573770806524489
688,pp,0.05,0.0,15,1.3656631398200982,-4.807726217038704,-4.177463057306078
689,do,0.05,0.0,19,1.1973292219638827,-6.2219663518847845,-6.397229713863797
690,pp,0.05,0.0,20,2.2085490560531618,-5.924252033233643,-4.781266734335158
691,do,0.05,0.0,10,1.0027776801586157,-5.2056418910171045,-4.917138131459554
692,pp,0.05,0.0,21,2.461171582937241,-4.116573306285974,-3.7929563522338867
693,do,0.05,0.0,19,1.104402579069137,-5.218484965237704,-5.73268866803911
694,pp,0.05,0.0,34,2.5662298798561096,-5.844244256164089,-4.498913735813565
695,do,0.05,0.0,11,1.1492199850082399,-5.1890928066138065,-4.902375109990438
696,pp,0.05,0.0,16,2.2918980312347417,-5.868996167905403,-4.541295451588101
697,do,0.05,0.0,23,1.8410263943672183,-5.166847785313924,-6.359213609165615
698,pp,0.05,0.0,38,1.9287038862705224,-7.4469502318989145,-5.213912675115798
699,do,0.05,0.0,18,1.2990686798095705,-5.965459749915383,-5.916228230794271
700,pp,0.05,0.0,17,2.267389026880264,-5.653752974307898,-4.837036522229512
701,do,0.05,0.0,22,1.3256575775146482,-4.968369027340051,-5.281247854232788
702,pp,0.05,0.0,15,2.0747994291782383,-5.125065676371256,-4.309542160563999
703,do,0.05,0.0,47,2.2781794798374175,-6.4003760265581535,-7.2289574199252655
704,pp,0.05,0.0,10,1.9737871575355532,-4.684216653939449,-4.074685753716363
705,do,0.05,0.0,4,0.4641807031631471,-5.401902518127904,-4.863276852501763
706,pp,0.05,0.0,8,1.4711348676681517,-4.297578599236228,-3.7225362989637585
707,do,0.05,0.0,17,1.178281307220459,-6.080507105047053,-5.522190875477261
708,pp,0.05,0.0,19,2.796351823806762,-7.221705374573216,-6.285248070293003
709,do,0.05,0.0,70,0.7555055248737332,-7.081410642103715,-6.355445864465501
710,pp,0.05,0.0,7,0.07030279278755192,-4.7579142700542105,-4.164496984746721
711,do,0.05,0.0,4,1.1386632132530217,-4.309189189564098,-4.380681167708503
712,pp,0.05,0.0,5,1.4843008756637568,-5.170977981162793,-4.139422755771213
713,do,0.05,0.0,5,0.612793613672256,-4.554708855079882,-3.948297683397929
714,pp,0.05,0.0,62,0.4880313634872433,-11.501529671929099,-9.636417004797194
715,do,0.05,0.0,46,0.3737097680568695,-7.61921224305124,-8.544498496585422
716,pp,0.05,0.0,6,0.33780917286872914,-5.702582639636415,-4.644622426562839
717,do,0.05,0.0,4,-0.03975724339485165,-4.99473584059513,-5.334022119310167
718,pp,0.05,0.0,7,0.796214464902878,-4.778161951989839,-4.18877715004815
719,do,0.05,0.0,4,0.0202482187747961,-5.708733167070331,-5.021600111325582
720,pp,0.05,0.0,13,1.1622104251384737,-5.13535620804989,-4.209605063332452
721,do,0.05,0.0,36,1.620478825569153,-6.834871006011963,-7.730785576502482
722,pp,0.05,0.0,70,1.0221529769897462,-7.934942671746919,-7.093959948751661
723,do,0.05,0.0,5,-0.005287678241729488,-5.090377921769114,-4.741881336106195
724,pp,0.05,0.0,8,0.8388195812702177,-4.420539582859386,-3.675205481052399
725,do,0.05,0.0,37,0.8497446393966683,-6.405967002926451,-6.432605218887329
726,pp,0.05,0.0,41,1.0468508648872374,-6.393882167700565,-5.945493494139777
727,do,0.05,0.0,66,1.2237390804290769,-12.369447713909727,-10.692534584469266
728,pp,0.05,0.0,9,1.4774015259742743,-5.431177634903879,-4.269877457618714
729,do,0.05,0.0,70,0.9428215229511254,-7.88204486731327,-7.33125933541192
730,pp,0.05,0.0,8,0.9032551121711734,-4.869967798753218,-4.026627612113953
731,do,0.05,0.0,7,1.09244911313057,-4.674407915635542,-5.004179398218791
732,pp,0.05,0.0,10,0.45913487911224315,-5.101718970501062,-4.283760494656033
733,do,0.05,0.0,25,1.6287341034412393,-8.155844935503874,-6.797748854425218
734,pp,0.05,0.0,16,2.002860018014908,-5.517692759542754,-4.577542887793647
735,do,0.05,0.0,13,1.6343425929546358,-6.215175316550515,-6.134909425841437
736,pp,0.05,0.0,6,1.731384128332138,-5.006739912611065,-4.4645085758633085
737,do,0.05,0.0,21,1.4879838848114018,-7.053174296292392,-6.567076002226935
738,pp,0.05,0.0,12,1.8819377720355988,-4.9271672480034105,-4.121425313419766
739,do,0.05,0.0,12,2.497576448917389,-5.782019394094294,-5.492495674557156
740,pp,0.05,0.0,70,0.5322186732292167,-9.843329432516388,-8.212464027934605
741,do,0.05,0.0,33,2.537614678144454,-9.311002712538748,-8.223985237545437
742,pp,0.05,0.0,6,0.9705267059803013,-5.214336541204742,-4.210360627704197
743,do,0.05,0.0,13,2.0689387893676754,-5.349552687731657,-4.769256157345242
744,pp,0.05,0.0,15,2.6115357315540315,-4.980540249564431,-4.313440852695042
745,do,0.05,0.0,4,0.9906370389461516,-5.680969309084343,-5.290797000461154
746,pp,0.05,0.0,23,1.4253259706497188,-6.469950444770582,-5.35296045144399
747,do,0.05,0.0,5,0.6409158408641815,-4.753566145174431,-4.598374440934923
748,pp,0.05,0.0,10,1.7751811730861666,-4.466049622044419,-3.823711457517412
749,do,0.05,0.0,5,1.3218376767635345,-5.115223620154641,-4.40112198193868
750,pp,0.05,0.0,9,1.1485759925842283,-5.4990296118187185,-4.1321282201343115
751,do,0.05,0.0,23,2.3919557607173925,-4.741041262944539,-4.548848091231452
752,pp,0.05,0.0,25,2.47454739689827,-4.865478613882354,-4.027807879447937
753,do,0.05,0.0,27,2.0413126540184017,-5.958861205072114,-5.400014490551419
754,pp,0.05,0.0,12,2.0498915755748754,-6.271023585579612,-5.057678631941477
755,do,0.05,0.0,7,0.810206118822097,-5.268404408657189,-5.052226662635803
756,pp,0.05,0.0,24,2.5849303185939787,-6.007307934038566,-4.991993636555142
757,do,0.05,0.0,15,2.0372981369495387,-5.543306323253748,-5.174961604012383
758,pp,0.05,0.0,12,1.9866597270965576,-4.654110112334743,-4.132111067242093
759,do,0.05,0.0,63,1.0001927053928368,-7.446021247632576,-6.909320049815708
760,pp,0.05,0.0,9,1.1424014151096342,-5.575321739370173,-4.574057920773824
761,do,0.05,0.0,28,2.399123133420945,-6.925148351264722,-7.004156515333388
762,pp,0.05,0.0,9,2.3582158982753754,-4.781146790764549,-3.9904038508733115
763,do,0.05,0.0,9,0.25284204840660074,-5.610121461116907,-5.034779704941643
764,pp,0.05,0.0,26,1.8139557111263276,-5.860945005127878,-4.703489846653408
765,do,0.05,0.0,14,1.0885581445693973,-4.935489429127086,-5.634886005189684
766,pp,0.05,0.0,39,2.6454154491424564,-5.569004190329349,-4.790140888426039
767,do,0.05,0.0,13,1.7782240331172945,-5.343246660810529,-5.214627366595798
768,pp,0.05,0.0,10,1.5262246358394629,-4.365659551909475,-3.898613511191474
769,do,0.05,0.0,4,-0.02218629479408296,-6.10944386251045,-5.416278587447272
770,pp,0.05,0.0,13,0.6152516722679131,-5.248190404429581,-4.334746464093526
771,do,0.05,0.0,21,1.7127278029918669,-6.140084662581935,-5.507926914427015
772,pp,0.05,0.0,13,1.6960272473096847,-4.878395330544674,-4.12267852889167
773,do,0.05,0.0,62,0.404289422035216,-7.811055702151674,-7.477932368384467
774,pp,0.05,0.0,51,1.084793157577515,-7.782581229643388,-7.125615978240967
775,do,0.05,0.0,10,1.853212653398514,-6.292464718674168,-5.573378245035808
776,pp,0.05,0.0,16,1.3994807052612313,-5.134672442349521,-4.599390943845113
777,do,0.05,0.0,9,0.3663593196868895,-6.49245767882376,-5.645785766177707
778,pp,0.05,0.0,4,0.2011913836002348,-5.377419096050841,-4.331581563419766
779,do,0.05,0.0,19,1.3564543735980985,-7.440754511862091,-6.456950434048971
780,pp,0.05,0.0,8,1.1613604009151466,-4.735563532511393,-3.874136816130744
781,do,0.05,0.0,6,1.1073149335384365,-5.440923406138564,-4.904585022396511
782,pp,0.05,0.0,4,0.501858611106873,-5.379896533850467,-4.3938868602116905
783,do,0.05,0.0,22,1.6678086173534403,-7.692820966604984,-7.001512877146403
784,pp,0.05,0.0,15,1.3344818282127386,-5.3732318704778494,-4.50802048444748
785,do,0.05,0.0,40,2.4433798182010644,-7.370800854943015,-7.495872126685248
786,pp,0.05,0.0,9,2.143881125450134,-4.834441726857966,-3.967619718445672
787,do,0.05,0.0,18,1.0076435911655421,-5.3316903591156,-5.521790843539768
788,pp,0.05,0.0,16,1.9203328955173493,-5.1734839005903765,-4.140063858032226
789,do,0.05,0.0,11,1.9702870833873751,-5.215564021197232,-5.7229817072550455
790,pp,0.05,0.0,7,1.5844068884849545,-5.086537661696926,-4.172068385283152
791,do,0.05,0.0,18,1.8568649351596829,-4.6496399460416855,-4.284765122996436
792,pp,0.05,0.0,32,2.145160794258117,-6.350482498515736,-4.837033881081475
793,do,0.05,0.0,7,1.2449324584007266,-5.127645070625074,-4.635373783111572
794,pp,0.05,0.0,13,3.313324446678161,-4.781762563821041,-4.164746475219727
795,do,0.05,0.0,18,1.0431502234935754,-5.419156193010735,-4.665738866064284
796,pp,0.05,0.0,57,1.4162923514842989,-6.936600329659202,-5.751222599877251
797,do,0.05,0.0,9,1.2278878784179685,-5.874985827821674,-5.986627806557549
798,pp,0.05,0.0,13,2.145792683362961,-4.40042242714853,-4.085863598187765
799,do,0.05,0.0,29,2.8078224587440497,-4.76935211239439,-5.095180453194512
800,pp,0.05,0.0,26,1.8664747416973118,-5.772544453360817,-4.688825517230564
801,do,0.05,0.0,11,0.9790532529354099,-5.728800734606656,-5.660235733456082
802,pp,0.05,0.0,12,0.7290709328651426,-5.995759933645075,-4.897817394468519
803,do,0.05,0.0,7,0.3776793706417081,-4.20618857903914,-3.9526163856188457
804,pp,0.05,0.0,12,1.4717264676094057,-4.982610871575096,-4.235130405426025
805,do,0.05,0.0,10,1.2605606579780586,-4.269072406942194,-4.484410598542955
806,pp,0.05,0.0,23,0.7636050999164583,-6.820032726634633,-5.331066698498196
807,do,0.05,0.0,20,0.7522458839416499,-5.033702873461174,-5.188044807646009
808,pp,0.05,0.0,17,1.2784985148906705,-6.548706729484327,-5.400793597433302
809,do,0.05,0.0,4,0.13519474744796778,-4.129134489550735,-4.095487235652076
810,pp,0.05,0.0,49,2.0352673125267033,-8.299158891042074,-6.693149452739291
811,do,0.05,0.0,7,0.6493070578575129,-4.249200608513572,-3.8810818672180174
812,pp,0.05,0.0,13,0.6487120223045348,-5.572480804269964,-4.351877686712477
813,do,0.05,0.0,54,0.909443069696426,-8.030110253709735,-8.04340443611145
814,pp,0.05,0.0,50,1.9447995293140412,-7.368420965021307,-6.315530088212755
815,do,0.05,0.0,24,1.6969496822357177,-4.866628042856852,-4.686824226379395
816,pp,0.05,0.0,67,0.7748551428318029,-6.914617758086234,-5.490537730852763
817,do,0.05,0.0,7,0.6409589791297918,-5.164389036640976,-4.690009127722846
818,pp,0.05,0.0,70,1.3683448421955102,-5.808842672001232,-5.263097556432088
819,do,0.05,0.0,70,1.6181563782691955,-7.24308694637183,-6.3014286438624065
820,pp,0.05,0.0,10,0.606955312490463,-5.209538540695653,-4.331978307829963
821,do,0.05,0.0,6,0.8250063478946679,-4.5100969762513134,-4.155039193895128
822,pp,0.05,0.0,7,0.6427144038677222,-5.164593783291903,-4.327759952015347
823,do,0.05,0.0,70,0.8953121602535248,-7.405916241443518,-6.417294078403049
824,pp,0.05,0.0,21,1.1456141352653502,-6.045563553318833,-4.987281939718458
825,do,0.05,0.0,70,1.4834566831588738,-7.711903621211197,-6.38275777498881
826,pp,0.05,0.0,7,0.3889977180957791,-5.042795165379842,-4.232406494352553
827,do,0.05,0.0,5,0.6732483410835268,-5.358248938936176,-4.625450393888685
828,pp,0.05,0.0,5,0.5319637143611908,-4.911139064846616,-4.28208147154914
829,do,0.05,0.0,70,1.4904885470867146,-7.801126364505652,-6.918742330869039
830,pp,0.05,0.0,15,1.2524101376533512,-5.310394529862838,-4.659143850538466
831,do,0.05,0.0,70,0.9047919428348541,-6.944652464895538,-6.320724471410116
832,pp,0.05,0.0,9,0.51733470082283,-5.3201977946541525,-4.299553334712982
833,do,0.05,0.0,8,0.9420301949977876,-5.004138018868186,-4.4520802047517565
834,pp,0.05,0.0,12,1.0446396934986115,-5.343048595659661,-4.569122738308376
835,do,0.05,0.0,12,1.1951309049129488,-5.149938431653109,-4.392483439710405
836,pp,0.05,0.0,13,1.0971514582633972,-5.5746649785475295,-4.7668340656492445
837,do,0.05,0.0,13,1.6268640446662896,-4.72033164284446,-4.581409712632497
838,pp,0.05,0.0,51,2.0221402728557587,-5.686478600357518,-4.838157579633925
839,do,0.05,0.0,10,1.0723479616641995,-5.0548450224327315,-4.412072991000281
840,pp,0.05,0.0,10,0.9054461622238152,-5.310392360976248,-4.63314295079973
841,do,0.05,0.0,14,1.4963695716857908,-5.486482017690485,-4.7585920996136135
842,pp,0.05,0.0,28,1.128144439458847,-5.639305574243719,-5.035116646024916
843,do,0.05,0.0,10,0.5683012628555302,-5.338709123206861,-4.86081149843004
844,pp,0.05,0.0,16,1.2766840684413916,-5.599322925914418,-4.643448588583205
845,do,0.05,0.0,19,2.3005254435539246,-4.689463418902773,-4.1098360631201
846,pp,0.05,0.0,7,0.5034198141098019,-5.03702939640392,-4.195092023743523
847,do,0.05,0.0,14,1.1749613726139074,-4.874211704369747,-4.385927020178901
848,pp,0.05,0.0,25,0.652982095479965,-6.809352260647398,-5.585088703367445
849,do,0.05,0.0,4,0.017590217590332635,-5.2270623568332555,-4.846083627806769
850,pp,0.05,0.0,8,0.7451244258880614,-5.456452781503851,-4.612256174617343
851,do,0.05,0.0,70,1.7211085736751546,-7.96192802660393,-6.882523963186476
852,pp,0.05,0.0,24,0.47129747152328516,-6.68110612522472,-5.898272975285848
853,do,0.05,0.0,5,0.4506245350837714,-4.836406339298595,-4.162252362569173
854,pp,0.05,0.0,70,1.6653799366950999,-7.667287091052893,-6.811573847134908
855,do,0.05,0.0,16,1.8011369144916536,-6.189156358892268,-5.659004335933261
856,pp,0.05,0.0,70,2.655314235687255,-6.425177160898844,-5.67198203669654
857,do,0.05,0.0,40,1.7007693934440615,-6.52927978255532,-6.7820811165703665
858,pp,0.05,0.0,70,1.355712025165559,-6.928963013851281,-6.127498361799452
859,do,0.05,0.0,22,1.7691971445083619,-4.591768124609283,-3.781517369217343
860,pp,0.05,0.0,6,0.21080395340919456,-5.085577726364136,-4.234816845258077
861,do,0.05,0.0,70,2.9199993813037874,-5.459853640469638,-6.071442360348172
862,pp,0.05,0.0,57,1.7605126070976258,-8.586638256997773,-7.3988162411583795
863,do,0.05,0.0,8,0.5422083687782289,-5.3988804759401265,-4.670447442266676
864,pp,0.05,0.0,16,2.1226365160942073,-5.185917841304432,-4.286872238583035
865,do,0.05,0.0,63,1.268125249147415,-7.250708659489949,-6.279621068636576
866,pp,0.05,0.0,70,2.0563683748245243,-6.62416691346602,-6.004237625333998
867,do,0.05,0.0,70,0.6328705883026124,-8.308898893992106,-8.002152400546604
868,pp,0.05,0.0,70,1.0568106472492218,-9.75526577053648,-8.481416951285468
869,do,0.05,0.0,18,1.0945944833755492,-6.124253236886227,-5.06589392291175
870,pp,0.05,0.0,27,1.0629718756675715,-7.374512328523578,-6.478040501806471
871,do,0.05,0.0,54,0.7997947978973396,-9.216189378680605,-7.680194316969978
872,pp,0.05,0.0,56,1.6898231673240653,-8.35593739567381,-6.976965255207485
873,do,0.05,0.0,70,1.9292941296100627,-5.60124222871029,-5.344067663616604
874,pp,0.05,0.0,70,1.528595218658448,-7.903012469320586,-6.687172847323947
875,do,0.05,0.0,10,0.9339753937721254,-5.89023236505913,-5.0313755724165174
876,pp,0.05,0.0,21,1.3249258697032928,-5.403369461406361,-4.363588248358832
877,do,0.05,0.0,13,1.34901643872261,-6.426261349880334,-5.131355084313286
878,pp,0.05,0.0,8,1.0132771193981167,-5.096402655225812,-4.165877099831899
879,do,0.05,0.0,25,0.6167176449298859,-6.5621069503552985,-5.488743699921502
880,pp,0.05,0.0,25,0.9826683044433597,-7.106022772644505,-5.496445422702365
881,do,0.05,0.0,28,1.8229657292366026,-5.9346787235953595,-4.451568841934204
882,pp,0.05,0.0,11,1.1639831542968748,-5.02989302259503,-4.109360138575236
883,do,0.05,0.0,54,1.0735724031925198,-7.3802033987912266,-6.506880259513855
884,pp,0.05,0.0,70,2.1110933244228356,-6.036656738050056,-5.4022466739018755
885,do,0.05,0.0,18,2.914852530956268,-5.555954197681311,-4.802079542477926
886,pp,0.05,0.0,16,1.5021274173259727,-6.142711542591904,-4.799827008777195
887,do,0.05,0.0,16,0.8858402848243712,-5.869860221400406,-4.647258445951674
888,pp,0.05,0.0,60,2.7900178849697106,-6.301801571701512,-5.404737419552273
889,do,0.05,0.0,12,0.5328096246719358,-5.534111121206573,-4.453816885418362
890,pp,0.05,0.0,14,0.29053217768669093,-6.824079896464492,-5.816295422448052
891,do,0.05,0.0,10,0.7117878341674801,-5.904717410694469,-5.296023220486111
892,pp,0.05,0.0,34,1.0090193176269526,-7.188567080642238,-5.91247952249315
893,do,0.05,0.0,25,-0.4952854096889494,-6.541660314617735,-6.299674706988864
894,pp,0.05,0.0,18,0.617104451656342,-6.399011409643925,-5.313897122277154
895,do,0.05,0.0,63,0.5492004585266113,-8.960050175406716,-9.936961513095431
896,pp,0.05,0.0,13,1.271483677625656,-5.9240495378320865,-4.828650381830004
897,do,0.05,0.0,4,-0.630001512765884,-5.649399500182181,-5.016953192816841
898,pp,0.05,0.0,70,-0.2570768284797662,-8.728431875055486,-7.72237835990058
899,do,0.05,0.0,8,0.8944757544994353,-4.796329742489439,-4.356786256366306
900,pp,0.05,0.0,8,0.49075253129005425,-5.441976856462883,-4.410228610038757
901,do,0.05,0.0,17,0.132425900697708,-7.0800141739122795,-6.736263163884481
902,pp,0.05,0.0,25,-0.06767404079437256,-7.973578814304236,-6.647790405485365
903,do,0.05,0.0,18,1.3045204532146464,-7.4990393970951885,-6.395536131329006
904,pp,0.05,0.0,9,0.4151676762104035,-5.206059192888665,-4.18466125064426
905,do,0.05,0.0,35,0.9256511902809148,-8.064312528841423,-7.847834428151448
906,pp,0.05,0.0,13,0.9635614013671878,-5.924186858263883,-5.109221453136868
907,do,0.05,0.0,3,-0.21469130277633663,-5.970116181807085,-5.195678220854865
908,pp,0.05,0.0,65,0.8784355926513676,-9.080629577058735,-7.626016047265795
909,do,0.05,0.0,21,0.6579568433761596,-6.105204699256204,-4.976743255721198
910,pp,0.05,0.0,41,1.789160228967667,-7.532733537211563,-6.3692783859041
911,do,0.05,0.0,5,0.3851008605957036,-5.329917467001713,-4.565943808025784
912,pp,0.05,0.0,50,0.2700501251220704,-10.103983668125037,-8.907704159948562
913,do,0.05,0.0,5,0.4389544653892523,-4.577168470440489,-4.266118335723877
914,pp,0.05,0.0,6,0.04712162971496614,-6.241178678743767,-4.790058279037476
915,do,0.05,0.0,15,0.37915834069251986,-5.744659945459077,-5.396032947964138
916,pp,0.05,0.0,43,1.6269180238246923,-6.755819060585716,-6.085211425357395
917,do,0.05,0.0,36,0.8230340719223017,-6.725056035590894,-7.065802833769056
918,pp,0.05,0.0,67,1.7847620975971212,-7.328615165479255,-6.618864478005303
919,do,0.05,0.0,45,1.4296178650856017,-6.604420355594519,-7.305447400940789
920,pp,0.05,0.0,7,0.7443606114387515,-5.05306074402549,-4.291542665163676
921,do,0.05,0.0,5,-0.4392400085926056,-5.30850702199069,-4.968215126461453
922,pp,0.05,0.0,27,0.7824215936660766,-6.780788058945627,-6.0676250510745575
923,do,0.05,0.0,70,1.49994747877121,-6.7010947314175695,-7.432662894990709
924,pp,0.05,0.0,67,0.9310496068000802,-7.371048670104056,-6.16907483736674
925,do,0.05,0.0,7,0.41230485558509855,-5.4278288219914295,-4.95100433561537
926,pp,0.05,0.0,45,1.1539130127429962,-7.117102137478915,-6.302946880128649
927,do,0.05,0.0,17,1.7463216924667355,-5.260632370457505,-4.837735634379917
928,pp,0.05,0.0,14,0.9969933271408085,-5.367308716340498,-4.326988294389513
929,do,0.05,0.0,61,0.6881971693038942,-8.623110277002509,-7.3663899209764265
930,pp,0.05,0.0,14,0.7808553123474118,-6.656260348811294,-4.991924019654592
931,do,0.05,0.0,37,1.9863863468170173,-6.889990747336185,-6.300692383448283
932,pp,0.05,0.0,70,1.192689439058304,-7.473892386754354,-6.541600913471646
933,do,0.05,0.0,35,1.1413833844661712,-7.570143407763857,-5.9216591464148625
934,pp,0.05,0.0,4,0.11351684570312504,-5.451629838076505,-4.408202004432678
935,do,0.05,0.0,20,0.7600486063957215,-5.997953209732518,-5.334017361534967
936,pp,0.05,0.0,45,1.1835119903087623,-9.418801541761919,-7.56179875002967
937,do,0.05,0.0,23,0.8938157606124877,-6.452495047540376,-5.924185366100735
938,pp,0.05,0.0,10,0.8188541412353514,-6.183128465305675,-4.9236705223719275
939,do,0.05,0.0,70,0.957374291419983,-7.956324032581214,-7.45556674003601
940,pp,0.05,0.0,66,1.0311370205879218,-7.311782861478401,-6.562505118052164
941,do,0.05,0.0,47,-0.5397597241401666,-8.4370630235383,-7.806773699654473
942,pp,0.05,0.0,27,0.5374386763572696,-7.345430959354747,-6.254828453063965
943,do,0.05,0.0,27,2.1088074982166294,-6.7509579398415305,-6.274444818496704
944,pp,0.05,0.0,7,0.9047743737697598,-5.331217569293398,-4.530898908774058
945,do,0.05,0.0,69,0.050323749780654126,-7.806742861776641,-7.027927968237135
946,pp,0.05,0.0,70,0.7730582165718083,-8.094541062730732,-7.9334350003136525
947,do,0.05,0.0,12,1.2031895732879638,-5.201189545429114,-4.73056353463067
948,pp,0.05,0.0,7,0.7364507472515109,-5.199646201278224,-4.3975114266077675
949,do,0.05,0.0,29,1.5824870276451106,-6.856741627779874,-6.0601304478115505
950,pp,0.05,0.0,23,1.1778976738452913,-6.099744075717348,-5.21262342400021
951,do,0.05,0.0,67,1.6952384448051454,-7.566765361843687,-6.884335984124077
952,pp,0.05,0.0,70,2.3796897709369658,-6.5720646944913,-5.979988214704726
953,do,0.05,0.0,56,1.8085796761512754,-8.637975840135054,-8.304990196228028
954,pp,0.05,0.0,15,0.90775645494461,-7.085183171069983,-5.311204422844781
955,do,0.05,0.0,22,1.0883710384368896,-5.778463808695475,-4.923603879080878
956,pp,0.05,0.0,12,0.32856772780418364,-6.548722678964788,-5.292956908543904
957,do,0.05,0.0,70,2.680669572353363,-9.97856017893011,-9.179093556933934
958,pp,0.05,0.0,5,0.40717722773551923,-5.271352176955252,-4.340544695324368
959,do,0.05,0.0,24,1.2444417178630838,-7.388426191156561,-6.380619131194221
960,pp,0.05,0.0,26,0.19845332384109504,-6.917137719645645,-5.614397700627645
961,do,0.05,0.0,48,2.562258147001266,-7.758556533582283,-6.738123967912462
962,pp,0.05,0.0,8,0.8058855819702151,-5.32583855715665,-4.076815893914964
963,do,0.05,0.0,11,1.0446831893920896,-6.288461555134166,-5.154556351237827
964,pp,0.05,0.0,15,0.3163085627555846,-6.07222461122455,-4.955566657914056
965,do,0.05,0.0,8,0.23577141761779785,-5.467518218358358,-5.345933222770691
966,pp,0.05,0.0,6,-0.12706133842468237,-5.670116582061305,-4.468576521343655
967,do,0.05,0.0,21,1.662381029129028,-5.965193760033809,-7.438264820310804
968,pp,0.05,0.0,17,0.903458384275436,-6.955493117823745,-5.889212963316176
969,do,0.05,0.0,24,2.298066692352296,-6.5653976772770735,-5.949353006150988
970,pp,0.05,0.0,70,1.2798260426521306,-8.396718569957848,-7.698217948277791
971,do,0.05,0.0,70,2.795448725223542,-6.622547729087598,-5.549834876590305
972,pp,0.05,0.0,7,0.5514637279510497,-5.69347754536253,-4.370530989434984
973,do,0.05,0.0,10,1.4001252627372738,-4.877331989461726,-4.957373709148831
974,pp,0.05,0.0,7,0.4190443181991581,-4.9313324032407815,-4.172386007838779
975,do,0.05,0.0,24,2.287368763685226,-7.184331672841853,-6.573399376869202
976,pp,0.05,0.0,7,0.4557348990440371,-5.368173615137736,-4.556824951701694
977,do,0.05,0.0,44,1.0122274899482724,-7.256558593114217,-6.529304915004307
978,pp,0.05,0.0,18,0.6817224812507625,-6.599256051670421,-5.41523408624861
979,do,0.05,0.0,2,-0.18531946063041715,-5.803927086338852,-5.105981948640611
980,pp,0.05,0.0,67,0.3442433238029494,-8.948351961193662,-7.703010503451029
981,do,0.05,0.0,21,1.1565918970108031,-5.750062062523582,-5.62685051229265
982,pp,0.05,0.0,11,1.0145704746246338,-5.503941587968306,-4.479141222106086
983,do,0.05,0.0,7,0.6538873445987701,-5.7095658475702455,-4.744642996788025
984,pp,0.05,0.0,65,0.6526473927497864,-9.438992912119085,-9.02322105301751
985,do,0.05,0.0,19,3.107369266748429,-6.200341143752589,-5.445611360337999
986,pp,0.05,0.0,8,0.6944535672664642,-5.207014507235903,-4.330211157268948
987,do,0.05,0.0,10,1.0120860910415646,-5.637483469645182,-5.439714463551839
988,pp,0.05,0.0,12,0.7059004235267636,-5.099781237226544,-4.372685673501756
989,do,0.05,0.0,19,2.725492413043976,-5.955930774862116,-5.565723670853509
990,pp,0.05,0.0,9,0.1790149319171901,-5.71039822173841,-4.980526743994819
991,do,0.05,0.0,15,2.1532043766975404,-7.231724353270097,-5.255375668737623
992,pp,0.05,0.0,6,0.4789939296245578,-6.134857452276981,-4.160971572664049
993,do,0.05,0.0,15,0.493371013402939,-6.091148694356282,-5.415334465768602
994,pp,0.05,0.0,32,1.4164227855205533,-6.495550063162139,-5.659200347794426
995,do,0.05,0.0,17,2.1989231908321383,-6.112200023188736,-6.2721885999043785
996,pp,0.05,0.0,17,1.0375300371646876,-5.4279333996050285,-5.052439377042982
997,do,0.05,0.0,30,0.6631608355045318,-7.71937279845729,-6.9965353276994495
998,pp,0.05,0.0,34,0.7162566661834724,-7.4661781787872314,-6.353345574273003
999,do,0.05,0.0,22,1.510015804767609,-5.772360574837887,-6.27237037287818
1000,pp,0.05,0.0,68,1.6030139577388756,-7.880965868631999,-6.976792192459106
1001,do,0.05,0.0,9,0.8048612225055694,-5.593898176424431,-5.0207327074474755
1002,pp,0.05,0.0,18,-0.05385175943374598,-7.2986860737656105,-5.517794275283814
1003,do,0.05,0.0,26,2.1325019645690917,-5.090308619990493,-5.700166161855062
1004,pp,0.05,0.0,8,0.6950904178619384,-5.412725192850286,-4.383457175890604
1005,do,0.05,0.0,10,1.2328429412841793,-5.015539326812282,-4.323500389522977
1006,pp,0.05,0.0,6,0.33832128405570927,-4.9176300973603215,-4.056452873018053
1007,do,0.05,0.0,6,0.6734244132041933,-4.943691071597013,-5.1007381995519
1008,pp,0.05,0.0,24,0.08555360674858115,-6.5557050083622785,-5.71070068942176
1009,do,0.05,0.0,70,2.895348291397095,-8.674524756633874,-8.113180822796291
1010,pp,0.05,0.0,11,0.7626046121120451,-6.914109043641524,-5.322197249200609
1011,do,0.05,0.0,61,1.600114438533783,-11.6473652232777,-11.243462085723877
1012,pp,0.05,0.0,24,1.7836600852012623,-7.404633623180968,-5.465098428726196
1013,do,0.05,0.0,25,1.3032440161705026,-6.692268134608414,-6.651586272981432
1014,pp,0.05,0.0,6,0.26078802227973963,-5.8571256825418185,-4.930282425880432
1015,do,0.05,0.0,51,2.9020199608802795,-5.2201156283869885,-5.422827584213681
1016,pp,0.05,0.0,21,2.3211392879486086,-5.088709536465731,-4.400001570913527
1017,do,0.05,0.0,17,1.949933896064758,-5.484554725704771,-5.162049047152201
1018,pp,0.05,0.0,70,1.3905591320991508,-7.889012406089089,-7.172880951563517
1019,do,0.05,0.0,30,1.9454329931735987,-6.372983383409904,-4.9722870932685
1020,pp,0.05,0.0,70,0.5022313857078551,-8.204032227487275,-7.441775504748026
1021,do,0.05,0.0,43,2.112684062719346,-5.805653403022072,-5.022167241573333
1022,pp,0.05,0.0,14,0.9958519411087039,-5.23579956112486,-4.54796249071757
1023,do,0.05,0.0,70,1.929426316022873,-9.310035396344734,-9.825073062049018
1024,pp,0.05,0.0,42,1.9493160128593452,-7.032035985137477,-5.825842298401726
1025,do,0.05,0.0,23,0.8355869615077971,-8.059906908960054,-6.442120658026801
1026,pp,0.05,0.0,24,1.3490415847301485,-6.869489688584299,-5.503403369585673
1027,do,0.05,0.0,10,1.9644370853900908,-6.102244796174945,-5.549657575289408
1028,pp,0.05,0.0,6,1.0315899276733402,-4.8729086529124865,-4.142582768864102
1029,do,0.05,0.0,30,1.361754497289657,-6.511034774780273,-5.857329397731357
1030,pp,0.05,0.0,39,1.5400223183631887,-7.701328260248357,-6.901810582478841
1031,do,0.05,0.0,17,2.680058537721634,-5.828744178829771,-5.403876656956143
1032,pp,0.05,0.0,7,0.014529428482055629,-5.341996632200299,-4.655932871500651
1033,do,0.05,0.0,21,2.659388226270676,-5.2814858638879025,-5.507478210661146
1034,pp,0.05,0.0,44,0.543518335819245,-7.700186217914928,-6.387491186459859
1035,do,0.05,0.0,24,1.8315595090389252,-6.856980050693859,-5.909390634960598
1036,pp,0.05,0.0,70,1.560174274444579,-7.696537980166348,-6.879583904478285
1037,do,0.05,0.0,7,0.9407082521915431,-5.497409624041933,-5.211896604961819
1038,pp,0.05,0.0,11,0.24766390204429634,-6.161462539615053,-4.756717528237237
1039,do,0.05,0.0,18,2.0136393749713895,-4.954312578837077,-4.537798081503974
1040,pp,0.05,0.0,7,0.4951874291896816,-5.195741006099817,-4.217594895097944
1041,do,0.05,0.0,21,1.9557201635837558,-4.382641998926799,-4.051335713598463
1042,pp,0.05,0.0,17,1.0063347411155705,-7.361723466352983,-5.5243834455808
1043,do,0.05,0.0,46,1.576721594333649,-7.1396702318480525,-5.866003341144985
1044,pp,0.05,0.0,62,1.5721400177478797,-6.7828859488169355,-5.996810274653964
1045,do,0.05,0.0,18,3.066930310726166,-5.4790924130064065,-5.5595837699042425
1046,pp,0.05,0.0,15,0.9442508125305178,-7.574189271348896,-6.409971480899387
1047,do,0.05,0.0,14,2.1188273274898526,-5.101822827079079,-5.104096839163039
1048,pp,0.05,0.0,23,2.567379770278931,-6.463290265112212,-5.407101692093743
1049,do,0.05,0.0,40,1.9412027633190156,-5.3026364181980945,-5.263435631328159
1050,pp,0.05,0.0,42,1.904342324733733,-9.010451540802464,-7.255914454989963
1051,do,0.05,0.0,10,1.055702346563339,-5.358773454030355,-5.1527812507417465
1052,pp,0.05,0.0,18,0.871624355316162,-6.11377918214509,-4.952921342849732
1053,do,0.05,0.0,32,3.16346156835556,-5.171676008629077,-5.427545717027452
1054,pp,0.05,0.0,70,0.6977890634536745,-9.932767236593998,-8.825732628504435
1055,do,0.05,0.0,11,1.4389322292804723,-6.050483429070675,-5.39615199830797
1056,pp,0.05,0.0,11,1.519370365142822,-5.341996882178567,-4.259952873653836
1057,do,0.05,0.0,36,4.845317054986954,-6.109142530325688,-5.701935323079427
1058,pp,0.05,0.0,26,2.7620096135139462,-5.0085840817653775,-4.194052651193407
1059,do,0.05,0.0,22,1.5292692542076116,-5.068496529261271,-5.77178856531779
1060,pp,0.05,0.0,36,2.5395695710182187,-5.3481859669540865,-4.964350774553087
1061,do,0.05,0.0,31,1.825073518753051,-6.58307989582871,-7.022093513276842
1062,pp,0.05,0.0,38,2.3148160946369174,-7.758011039098104,-6.330447048611111
1063,do,0.05,0.0,21,2.700896401405334,-5.4531610315496275,-5.018319220013089
1064,pp,0.05,0.0,16,1.9152197730541225,-4.945342988678903,-4.462712665398915
1065,do,0.05,0.0,17,1.6016178727149963,-4.735256332339662,-4.169508090284135
1066,pp,0.05,0.0,11,0.3238751482963558,-5.628935166561242,-4.798390436172485
1067,do,0.05,0.0,14,1.1472481656074525,-5.376820184245254,-4.841211684544882
1068,pp,0.05,0.0,44,1.0756640720367434,-7.354164545463793,-6.092298629548814
1069,do,0.05,0.0,22,1.806832895278931,-5.670366917234478,-5.29506254196167
1070,pp,0.05,0.0,9,0.8839974617958068,-5.540759246999567,-4.666014223628574
1071,do,0.05,0.0,16,2.1281012082099915,-4.771829358014194,-4.355323677592807
1072,pp,0.05,0.0,15,1.6924191045761106,-5.321735260703347,-4.709254076745775
1073,do,0.05,0.0,14,1.304015493392944,-5.617078776793046,-4.982578102747599
1074,pp,0.05,0.0,9,0.6325216054916387,-6.3257956634868275,-5.025449048148261
1075,do,0.05,0.0,23,1.040358382463455,-6.161467871521459,-6.956415504879422
1076,pp,0.05,0.0,12,1.6149957513809206,-4.731907220320268,-4.1892211490207245
1077,do,0.05,0.0,13,1.7260239613056179,-5.076640633380774,-4.502218437194824
1078,pp,0.05,0.0,16,1.0888332414627069,-5.6819842858748,-4.849536384476556
1079,do,0.05,0.0,18,1.0712851083278654,-5.773880442706021,-6.004811427328321
1080,pp,0.05,0.0,27,2.33017422914505,-4.9618586280129175,-4.763228646914164
1081,do,0.05,0.0,30,0.680329020023346,-6.85381317283168,-7.600202907456292
1082,pp,0.05,0.0,8,0.5218765389919282,-5.77626778718197,-4.674964335229662
1083,do,0.05,0.0,16,0.742569464445114,-5.747917397816976,-5.09920518928104
1084,pp,0.05,0.0,15,1.1443226647377012,-6.761572027206421,-5.559429224332174
1085,do,0.05,0.0,9,1.1053229963779447,-6.177666659788652,-6.0014170116848415
1086,pp,0.05,0.0,17,1.3354640531539923,-5.805490425861243,-4.586846465534634
1087,do,0.05,0.0,20,1.3053013360500332,-5.89860250010635,-6.117096797625224
1088,pp,0.05,0.0,70,1.118707959651947,-7.149116507443515,-6.178710651397705
1089,do,0.05,0.0,16,1.7669479703903201,-5.163167457869559,-5.157031284438239
1090,pp,0.05,0.0,70,1.5814765155315396,-7.2188332759972775,-6.339300844404432
1091,do,0.05,0.0,16,0.861302016377449,-5.063147702361598,-5.598426829444038
1092,pp,0.05,0.0,23,1.1146167445182806,-5.603393478104563,-4.758322297202216
1093,do,0.05,0.0,16,1.6587381756305701,-5.308983594721014,-5.194085950321622
1094,pp,0.05,0.0,37,3.152740865945816,-5.46673540057558,-4.691960453987122
1095,do,0.05,0.0,12,1.0947647261619569,-5.436214864615238,-5.8750524918238325
1096,pp,0.05,0.0,19,0.31404033303260803,-6.30771403168187,-5.2913366052839494
1097,do,0.05,0.0,27,2.045041964054109,-7.331644639101896,-7.782765764660305
1098,pp,0.05,0.0,58,1.9553770244121562,-6.182499093720407,-5.556892432106865
1099,do,0.05,0.0,70,1.1211233460903163,-6.701763676152085,-7.591695388158162
1100,pp,0.05,0.0,24,1.995717161893844,-5.164744001446349,-4.463508407274882
1101,do,0.05,0.0,15,1.6167527461051936,-5.366306524565726,-4.782698286904229
1102,pp,0.05,0.0,58,1.7231124401092526,-6.809436007701989,-6.2213359594345095
1103,do,0.05,0.0,29,1.1648819243907935,-5.36940814220544,-7.731892776489258
1104,pp,0.05,0.0,22,1.595579491853714,-5.417843455979319,-4.481170613235897
1105,do,0.05,0.0,8,0.31509369969367995,-5.107503278327711,-4.7914832062191435
1106,pp,0.05,0.0,5,-0.2592149162292481,-5.7135832324172515,-4.671864276462131
1107,do,0.05,0.0,10,1.1378661584854122,-4.800041214625041,-4.11242560810513
1108,pp,0.05,0.0,9,0.737338125705719,-4.953084991917466,-4.1917415605651005
1109,do,0.05,0.0,6,0.7488077831268312,-5.382754107677576,-5.113669231202867
1110,pp,0.05,0.0,9,0.6460914158821112,-5.761894679791999,-4.663636215527853
1111,do,0.05,0.0,6,0.2732209420204157,-5.718146207115867,-5.120192779435052
1112,pp,0.05,0.0,8,0.41577306151390125,-6.025974799647476,-4.819080882602268
1113,do,0.05,0.0,14,1.5793707680702207,-5.803879642486573,-5.220779569943746
1114,pp,0.05,0.0,8,0.2817816960811612,-6.014863498283155,-5.225477584203085
1115,do,0.05,0.0,7,0.7971801972389221,-6.276836616342718,-5.426902325948079
1116,pp,0.05,0.0,15,0.5125394701957706,-6.605935996951479,-5.3977252509858875
1117,do,0.05,0.0,11,1.1015556454658508,-5.160909768306848,-4.498094005054898
1118,pp,0.05,0.0,6,0.4344683432579046,-4.89244812040618,-4.306687821282281
1119,do,0.05,0.0,11,1.2888204300403592,-5.803958495457967,-5.135344751675924
1120,pp,0.05,0.0,8,1.0046838366985318,-5.315825408877749,-4.549602037005954
1121,do,0.05,0.0,12,1.4434191679954527,-5.329906288782755,-5.091884922981262
1122,pp,0.05,0.0,70,0.6398226094245913,-8.334394420276988,-8.638261720869277
1123,do,0.05,0.0,13,2.403817095756531,-5.615464355006362,-5.798140366872151
1124,pp,0.05,0.0,1,-0.32102229952812156,-5.285879671212399,-4.782225086953905
1125,do,0.05,0.0,45,0.00911015987396091,-8.987526980313389,-8.738239203559028
1126,pp,0.05,0.0,15,0.14784288883209218,-6.349132206945709,-5.032382535934448
1127,do,0.05,0.0,6,1.2560135710239404,-5.4641153537865845,-4.808544964260525
1128,pp,0.05,0.0,70,1.0841881108284,-11.064293086890018,-9.695316563712225
1129,do,0.05,0.0,8,1.036735413074493,-5.218830614378958,-5.245607704586453
1130,pp,0.05,0.0,12,1.3250032639503484,-5.850023081808379,-5.071487384372287
1131,do,0.05,0.0,5,0.3042264258861538,-5.790814486416903,-5.838817013634576
1132,pp,0.05,0.0,8,0.5364092111587517,-5.908203278165875,-5.137345872984993
1133,do,0.05,0.0,6,0.3018360602855674,-6.156066420584014,-5.067821719911364
1134,pp,0.05,0.0,62,0.4456085348129273,-7.3939926812143035,-6.874667395485772
1135,do,0.05,0.0,13,2.2485636293888094,-6.335137114380345,-5.440832185745239
1136,pp,0.05,0.0,64,1.4483275783061984,-10.86123266509085,-9.25729279253218
1137,do,0.05,0.0,44,3.603097903728484,-5.580345723123261,-6.056430326567756
1138,pp,0.05,0.0,11,0.8926535606384274,-6.38714369282578,-5.141133711073134
1139,do,0.05,0.0,42,1.8870218443870534,-8.444258383548622,-7.445797716246711
1140,pp,0.05,0.0,11,0.19555886149406376,-6.471766822988337,-5.331620669364929
1141,do,0.05,0.0,14,2.6081501531600955,-5.9355587294607455,-5.493432516521878
1142,pp,0.05,0.0,12,1.1471635448932647,-5.800868764068142,-4.543194201257494
1143,do,0.05,0.0,20,2.5677438068389895,-5.181123330376365,-5.205458399984572
1144,pp,0.05,0.0,70,1.1843183541297915,-8.346313960624464,-7.66812260415819
1145,do,0.05,0.0,15,2.2316532981395723,-6.249735127073346,-5.357418950398763
1146,pp,0.05,0.0,5,0.36771970629692063,-6.261077253746264,-4.962667595015632
1147,do,0.05,0.0,35,3.126943272352219,-7.139061114282319,-7.289053715599907
1148,pp,0.05,0.0,12,0.7035584652423861,-6.306352699164188,-5.03521879778968
1149,do,0.05,0.0,8,2.1022960638999937,-5.754204554991289,-5.053720291455587
1150,pp,0.05,0.0,4,-0.1251977121829988,-5.451434008280436,-4.37770188914405
1151,do,0.05,0.0,10,1.8142984223365781,-4.543849221142856,-4.111086840099759
1152,pp,0.05,0.0,9,1.0893200051784513,-5.0967766429438734,-3.885022054778205
1153,do,0.05,0.0,16,1.9613094234466555,-5.109949045470267,-4.695401440726386
1154,pp,0.05,0.0,29,0.7309261083602898,-7.184838446703824,-5.892796813117133
1155,do,0.05,0.0,11,1.6332758808135983,-6.97212563717004,-6.068698665830824
1156,pp,0.05,0.0,42,1.9297127366065974,-7.030819004232233,-5.94345162179735
1157,do,0.05,0.0,30,3.1931890380382537,-4.857072976141265,-5.052119032541911
1158,pp,0.05,0.0,13,1.5373024630546572,-5.160179746512211,-4.248539675606621
1159,do,0.05,0.0,11,2.020757304430007,-5.493614270470359,-5.223086765077379
1160,pp,0.05,0.0,5,0.9213348758220672,-5.104308560400298,-4.07012722492218
1161,do,0.05,0.0,31,2.118592799901962,-6.434644161571156,-6.3459551360872055
1162,pp,0.05,0.0,10,1.091844010353089,-5.6443002874201,-4.5290705760320025
1163,do,0.05,0.0,17,1.598870606422425,-4.875168535926125,-5.826727355851068
1164,pp,0.05,0.0,15,1.073713800907135,-5.154360894000892,-4.7714310831493805
1165,do,0.05,0.0,15,2.8404704356193546,-5.4514323783643315,-5.158902864985996
1166,pp,0.05,0.0,19,1.915769400596619,-5.982279605576486,-4.915636597739326
1167,do,0.05,0.0,10,1.0827183830738072,-4.893231228626136,-4.455343842506409
1168,pp,0.05,0.0,14,0.4881376683712002,-5.668611215822624,-4.825718222724067
1169,do,0.05,0.0,5,1.1131845283508301,-6.138127358754476,-4.983686327934265
1170,pp,0.05,0.0,19,0.9110279893875122,-6.842009385426839,-5.483955232302348
1171,do,0.05,0.0,6,0.8062181317806241,-6.028414681463531,-5.368143529362149
1172,pp,0.05,0.0,6,0.19167140722274745,-6.415749068693681,-5.218909441100227
1173,do,0.05,0.0,8,0.3533710706233979,-6.5908431053161625,-5.8394312355253435
1174,pp,0.05,0.0,6,-0.3208640885353091,-6.325849443493468,-5.3049778726365835
1175,do,0.05,0.0,17,1.9545012509822843,-4.844091279578931,-4.7445297929975725
1176,pp,0.05,0.0,19,0.6226746773719789,-5.778014529835094,-4.88651151922014
1177,do,0.05,0.0,16,2.3000520014762875,-5.5899491974801725,-5.994621626536051
1178,pp,0.05,0.0,9,0.1939798891544342,-5.744003371036414,-4.9419736835691666
1179,do,0.05,0.0,15,2.5341582179069517,-4.801523863185536,-4.709001262982686
1180,pp,0.05,0.0,13,1.4544009196758267,-5.932600175973141,-4.316457928551568
1181,do,0.05,0.0,22,1.9180695903301244,-6.941924811854507,-6.717350745201111
1182,pp,0.05,0.0,70,0.6931861901283263,-8.835713728991422,-7.675408607059055
1183,do,0.05,0.0,21,2.2109718608856195,-5.03517975951686,-4.964842438697815
1184,pp,0.05,0.0,16,1.7992131543159484,-5.201857640526511,-4.726448641883002
1185,do,0.05,0.0,25,3.1816983687877647,-5.455045715967814,-5.5607655843098955
1186,pp,0.05,0.0,12,1.2126807510852817,-4.81837617411758,-3.8957927664120993
1187,do,0.05,0.0,8,1.453708585500717,-5.028867704218084,-4.569577246242099
1188,pp,0.05,0.0,10,0.7239880347251892,-5.4605397311123935,-4.382478041119046
1189,do,0.05,0.0,9,1.8161174857616427,-5.280855756817442,-5.550791144371033
1190,pp,0.05,0.0,22,1.4296136605739598,-5.712597836870136,-4.758953356742859
1191,do,0.05,0.0,27,2.642835073471068,-5.913472890853882,-6.344760592778524
1192,pp,0.05,0.0,26,1.4653784739971165,-6.3817146127874205,-5.391990325185987
1193,do,0.05,0.0,12,1.805983552932739,-5.656791753479928,-5.492049413257175
1194,pp,0.05,0.0,70,1.9268560695648196,-7.8461814244588215,-8.323454745610555
1195,do,0.05,0.0,20,2.0698963236808776,-6.945817690184622,-6.609466976589626
1196,pp,0.05,0.0,42,0.8461424434185023,-7.767872976534294,-6.598067612118191
1197,do,0.05,0.0,16,1.6102717185020445,-5.419673947131995,-6.386160755157471
1198,pp,0.05,0.0,12,0.3461408460140225,-6.05121378031644,-5.113333935207791
1199,do,0.05,0.0,16,1.9417262601852423,-4.877140195441968,-4.627998562653859
1200,pp,0.05,0.0,51,2.568636209964753,-5.528010379906856,-5.491514213879904
1201,do,0.05,0.0,3,-0.4185310864448546,-5.109903118827126,-4.969201307826572
1202,pp,0.05,0.0,17,0.4581616008281708,-6.873175810322617,-4.8767055167092215
1203,do,0.05,0.0,27,1.9753213882446286,-7.147102267814405,-5.533656387858921
1204,pp,0.05,0.0,7,1.2700501871109005,-5.163957717201926,-4.153211381700304
1205,do,0.05,0.0,3,-0.15901648044586114,-5.033659887313843,-4.755862776438395
1206,pp,0.05,0.0,30,1.9492147111892706,-6.255424012559833,-4.813657524850633
1207,do,0.05,0.0,8,0.22239969134330728,-5.229528880841804,-4.91917978392707
1208,pp,0.05,0.0,62,2.107031662464143,-8.83974528168187,-7.567143774032592
1209,do,0.05,0.0,17,0.4719369900226589,-6.779271696553086,-5.91756731139289
1210,pp,0.05,0.0,10,1.3906337916851044,-4.584188009030891,-4.006897173987495
1211,do,0.05,0.0,57,1.699046480655669,-8.479555049087063,-6.893133841620552
1212,pp,0.05,0.0,16,2.632259602546691,-5.811124463514848,-4.344970406426324
1213,do,0.05,0.0,5,-0.2553412342071537,-5.301343349976973,-4.95875784556071
1214,pp,0.05,0.0,24,1.0274820053577427,-6.224705618078058,-4.911426183912489
1215,do,0.05,0.0,28,1.3701394271850589,-6.17025845267556,-5.565397275818719
1216,pp,0.05,0.0,12,1.9154609549045558,-5.206517384269021,-4.442270257737902
1217,do,0.05,0.0,18,1.2841443586349488,-6.449294663920547,-5.4731927474339805
1218,pp,0.05,0.0,35,2.3540030956268314,-6.631781956643769,-4.632762163215213
1219,do,0.05,0.0,54,1.1101684689521791,-7.092007648583614,-6.586700876553853
1220,pp,0.05,0.0,57,2.809632779359818,-7.532427449659868,-6.2898786226908365
1221,do,0.05,0.0,7,0.371419267654419,-5.294783700596202,-4.855977522002326
1222,pp,0.05,0.0,70,2.5518890213966365,-7.4745657935287015,-5.87889158990648
1223,do,0.05,0.0,15,0.8340991866588592,-6.344685344985037,-5.2750632206598915
1224,pp,0.05,0.0,8,1.1389705204963683,-5.897270006122011,-4.767344538370768
1225,do,0.05,0.0,70,0.8215675044059765,-6.043930640365138,-5.793558788299561
1226,pp,0.05,0.0,63,0.9524282276630398,-6.164080053387266,-4.96527021461063
1227,do,0.05,0.0,18,1.367193397283554,-5.946987400632916,-5.188228305180868
1228,pp,0.05,0.0,62,2.665133318901062,-7.529139949336196,-5.623451296488444
1229,do,0.05,0.0,9,0.7434904527664186,-4.604355716705323,-4.15832925107744
1230,pp,0.05,0.0,26,0.035172863006591726,-6.522075920393973,-5.356578351391686
1231,do,0.05,0.0,59,1.9891988289356242,-6.309839569438587,-5.750435982810126
1232,pp,0.05,0.0,70,1.9957415711879722,-7.415928197629524,-5.626600744989183
1233,do,0.05,0.0,20,1.9315794742107384,-5.785352699684374,-5.241273321045769
1234,pp,0.05,0.0,70,1.8142800116538993,-7.801757313988426,-6.141394252247281
1235,do,0.05,0.0,70,1.4890362644195552,-7.389589867447362,-6.12148269812266
1236,pp,0.05,0.0,70,2.544076957702636,-6.759683366255326,-5.788926694128248
1237,do,0.05,0.0,58,1.821660723686219,-6.481822661197547,-5.674275922775268
1238,pp,0.05,0.0,11,1.138863060474396,-5.642843895247489,-4.323051442040337
1239,do,0.05,0.0,70,2.341675490140915,-7.621454208547418,-6.759957753287422
1240,pp,0.05,0.0,51,1.6939306282997126,-9.196043515927864,-7.353921434614393
1241,do,0.05,0.0,25,2.0493455767631534,-5.577503318497629,-4.945967562993368
1242,pp,0.05,0.0,8,0.4082011187076571,-5.36433800350536,-4.347143763966031
1243,do,0.05,0.0,68,1.576711437702179,-6.398632209951227,-5.723478497399224
1244,pp,0.05,0.0,35,1.724240432977676,-5.946725184989698,-5.1326511330074736
1245,do,0.05,0.0,19,0.9038762593269354,-5.390588344227184,-4.505348436037699
1246,pp,0.05,0.0,6,0.9430907678604123,-4.6661603205131765,-3.8520279738638137
1247,do,0.05,0.0,21,1.1818808174133295,-6.599609240618619,-5.741974446508619
1248,pp,0.05,0.0,61,0.4340375900268558,-7.534315214735089,-6.5014091862572565
1249,do,0.05,0.0,21,0.9315747165679928,-5.509126719561491,-5.127954069773356
1250,pp,0.05,0.0,13,1.500864028930664,-5.723067461360585,-4.608826274342007
1251,do,0.05,0.0,62,1.584526116847992,-6.247989450801502,-6.216508597797818
1252,pp,0.05,0.0,28,0.4551504158973687,-6.646794573465983,-5.3098861985736425
1253,do,0.05,0.0,30,1.4005239892005923,-7.127805399172233,-5.462975862291124
1254,pp,0.05,0.0,31,2.015738724470139,-6.526344955328739,-5.055283766322666
1255,do,0.05,0.0,9,1.0014317202568055,-4.217322361830509,-4.391225443945991
1256,pp,0.05,0.0,35,2.0899887621402744,-5.485174365477128,-4.675013454755147
1257,do,0.05,0.0,12,1.3759811961650854,-4.457423321406046,-3.920040190219879
1258,pp,0.05,0.0,70,0.6288329017162315,-7.6867936452229815,-6.260118820932177
1259,do,0.05,0.0,56,2.012877085208892,-6.183667023976644,-6.552894873089261
1260,pp,0.05,0.0,28,1.8024604260921482,-6.545415017099091,-5.542518867386712
1261,do,0.05,0.0,19,1.2595621407032018,-7.339146432009611,-6.625868468814426
1262,pp,0.05,0.0,23,1.4140322470664977,-6.836145294073856,-5.583421434296502
1263,do,0.05,0.0,44,0.967622151374818,-6.244261805216471,-6.768242960506015
1264,pp,0.05,0.0,36,0.3959476161003117,-6.909321852886316,-5.560360368092855
1265,do,0.05,0.0,39,1.6086207711696625,-6.328775621182991,-5.615986206796435
1266,pp,0.05,0.0,31,1.581014530658722,-6.397227595069191,-5.364295281304253
1267,do,0.05,0.0,6,0.9367745745182043,-5.261193217653217,-4.454748050371806
1268,pp,0.05,0.0,13,1.6439451146125803,-6.666736796407989,-5.398818180296156
1269,do,0.05,0.0,5,-0.3486560988426213,-5.147977867993442,-4.7705138074027165
1270,pp,0.05,0.0,46,1.505335860252381,-6.220710114276771,-5.292706762419806
1271,do,0.05,0.0,17,1.5741790759563443,-5.874554931756222,-5.557193435562981
1272,pp,0.05,0.0,70,0.623500083684922,-8.534112443345967,-6.996043486065335
1273,do,0.05,0.0,13,0.8769903159141537,-5.425590320066973,-5.3200199074215355
1274,pp,0.05,0.0,70,0.13074448704719543,-7.85679206125664,-6.422637883822123
1275,do,0.05,0.0,28,1.2673045217990877,-5.890294889970259,-5.258615271250407
1276,pp,0.05,0.0,42,1.8205689549446111,-7.4713133884198735,-5.750993315378825
1277,do,0.05,0.0,35,0.9437771582603451,-7.42086383935177,-6.359968150986566
1278,pp,0.05,0.0,24,0.6921994698047644,-7.551078653335571,-6.151861315303378
1279,do,0.05,0.0,27,2.663060247898102,-3.9784049077467487,-4.059943668047587
1280,pp,0.05,0.0,30,0.8858821010589599,-6.155006960666541,-5.0630990770128035
1281,do,0.05,0.0,29,0.7752631115913395,-6.9229239406007705,-7.140965347819858
1282,pp,0.05,0.0,15,0.7275639367103572,-6.15336831555222,-5.136771244472928
1283,do,0.05,0.0,70,1.672631701231003,-7.200860257582231,-7.4389055834876165
1284,pp,0.05,0.0,42,1.670838072299957,-7.0796179756973725,-5.90839323202769
1285,do,0.05,0.0,13,1.327249855995178,-5.502126497210878,-4.524673296345605
1286,pp,0.05,0.0,13,1.3166559624671939,-6.797403238758896,-4.749351082907783
1287,do,0.05,0.0,70,1.6187330722808841,-7.505359207500111,-6.829430664910211
1288,pp,0.05,0.0,70,1.7879835283756265,-6.141599529439753,-5.528116422229343
1289,do,0.05,0.0,8,0.9990689361095431,-4.424731196779193,-4.297913665241666
1290,pp,0.05,0.0,13,0.9572943854331974,-6.0811137026006525,-4.796926331520081
1291,do,0.05,0.0,60,1.5007484090328207,-7.189547823414658,-7.817249102062649
1292,pp,0.05,0.0,25,1.8936730861663813,-6.224993087306167,-5.03876412179735
1293,do,0.05,0.0,70,-0.02504648804664633,-7.3704122109846635,-7.427864493264092
1294,pp,0.05,0.0,6,-0.04069487094879154,-5.309937686631174,-4.37403421137068
1295,do,0.05,0.0,13,1.8760949945449834,-5.048112640236363,-5.077572994761997
1296,pp,0.05,0.0,70,0.3423049855232243,-6.685516608845104,-5.982762175136142
1297,do,0.05,0.0,70,0.3286779737472525,-8.071023446863348,-7.36760262383355
1298,pp,0.05,0.0,8,0.3623874723911289,-5.532118145624796,-4.643393002616035
1299,do,0.05,0.0,69,0.39686259150505165,-8.088933129744095,-7.06486259566413
1300,pp,0.05,0.0,70,0.7529592478275298,-8.856756281130242,-8.118000586827597
1301,do,0.05,0.0,29,1.3092138218879699,-7.694911786281701,-6.908726914723714
1302,pp,0.05,0.0,10,1.1560796356201175,-4.997346485022343,-4.320575388272603
1303,do,0.05,0.0,52,1.2903458058834083,-7.876832662929188,-6.9900381935967335
1304,pp,0.05,0.0,39,1.1882738232612606,-9.389042217081244,-7.978495041529338
1305,do,0.05,0.0,4,0.46408599615097046,-5.499272534341523,-4.770485515064664
1306,pp,0.05,0.0,7,1.3839374971389766,-5.418602135687164,-4.257781391673618
1307,do,0.05,0.0,48,1.8637581872940059,-6.958490331245192,-6.43134822845459
1308,pp,0.05,0.0,21,0.5179245972633364,-6.514667961814187,-5.208348888821072
1309,do,0.05,0.0,3,0.26512991905212413,-5.455119630062219,-4.993800314267476
1310,pp,0.05,0.0,22,1.798673174381257,-6.975325411016291,-5.795914861891005
1311,do,0.05,0.0,70,0.4940358138084413,-7.975661958347668,-7.160401029056973
1312,pp,0.05,0.0,13,1.615498878955841,-5.291745266769872,-4.101780789428287
1313,do,0.05,0.0,48,2.259098526239394,-6.461541197516701,-5.733649290932549
1314,pp,0.05,0.0,19,1.16580372929573,-5.482549414490208,-4.094926612906986
1315,do,0.05,0.0,20,0.3667620158195497,-6.393858136552753,-5.962028320630392
1316,pp,0.05,0.0,44,0.8545344471931458,-7.395055889360832,-6.284350032276578
1317,do,0.05,0.0,50,1.1969913959503176,-6.1794881560585715,-5.644991344875759
1318,pp,0.05,0.0,17,1.2432566154003144,-5.770161761659565,-4.534948529137505
1319,do,0.05,0.0,44,1.7692800891399383,-6.930747383291071,-6.234094858169556
1320,pp,0.05,0.0,17,1.864172631502151,-6.042277719035293,-4.924611896938748
1321,do,0.05,0.0,55,1.8572114920616158,-6.363397352623217,-5.9244546810785925
1322,pp,0.05,0.0,7,0.6793000650405885,-5.077186380733143,-4.146883371141222
1323,do,0.05,0.0,54,1.872676128149033,-6.111975895274769,-5.4384195778105
1324,pp,0.05,0.0,25,3.087616741657257,-6.237246663642652,-4.785660327805413
1325,do,0.05,0.0,20,1.439724903106689,-7.522064678596728,-6.736174752977159
1326,pp,0.05,0.0,6,0.9336564671993255,-4.8443377292517456,-3.9283155149883693
1327,do,0.05,0.0,70,1.281901953220367,-6.8578381379445394,-6.184050260649787
1328,pp,0.05,0.0,20,2.2623302006721495,-4.950043525117817,-4.279270015822517
1329,do,0.05,0.0,67,2.044250838756561,-5.698889099467884,-5.4536521063910595
1330,pp,0.05,0.0,51,1.9898385226726534,-5.34542124488137,-4.857405042648315
1331,do,0.05,0.0,44,2.3965520215034477,-5.846685965855916,-5.286877844068739
1332,pp,0.05,0.0,46,2.9517626917362207,-6.130651658954043,-4.916707563400268
1333,do,0.05,0.0,70,0.4646415507793433,-7.282915927424575,-6.311298245853848
1334,pp,0.05,0.0,70,2.110849179029464,-6.2521878170244625,-5.493336304028829
1335,do,0.05,0.0,38,2.6650560700893404,-5.901347531694355,-5.362096203698052
1336,pp,0.05,0.0,70,0.7195154726505271,-6.710793041460442,-5.391610566775004
1337,do,0.05,0.0,63,1.7799622106552135,-8.47912821336226,-7.393059057659573
1338,pp,0.05,0.0,70,1.460610826015472,-10.192581725843025,-8.53719220691257
1339,do,0.05,0.0,54,2.1259146642684943,-6.513709526351004,-5.899849955240885
1340,pp,0.05,0.0,70,0.6309351658821107,-10.86123808224996,-8.660375910335118
1341,do,0.05,0.0,47,1.1756997811794276,-5.899033086950129,-5.274330319298638
1342,pp,0.05,0.0,38,2.171915755271911,-5.4539439750440195,-4.648197513156467
1343,do,0.05,0.0,70,0.7801213431358338,-8.216210816123269,-7.4726631376478405
1344,pp,0.05,0.0,70,0.8007602834701544,-8.448391358057657,-7.093602914280361
1345,do,0.05,0.0,6,1.0182819712162017,-5.127112543221676,-4.664952980147468
1346,pp,0.05,0.0,34,1.2984673476219175,-9.463487432942246,-7.598113054699368
1347,do,0.05,0.0,24,1.0979622733592995,-7.310360357978127,-6.022144103050232
1348,pp,0.05,0.0,13,1.0559758925437928,-4.944089558630279,-3.952433204650879
1349,do,0.05,0.0,9,0.868308269977569,-4.7807007067131275,-4.3791431400511
1350,pp,0.05,0.0,23,1.510204941034317,-5.084031028458567,-4.530755172835456
1351,do,0.05,0.0,47,0.8207552540302281,-6.525783762787327,-5.964876823955112
1352,pp,0.05,0.0,24,0.25665209889411944,-6.198285981380578,-5.072091478771633
1353,do,0.05,0.0,34,1.5706682980060584,-5.726814742521806,-5.596410168541802
1354,pp,0.05,0.0,46,1.9485240733623508,-5.736503138686672,-4.877943060133192
1355,do,0.05,0.0,29,0.05425526857376095,-6.943161854599461,-6.73647567431132
1356,pp,0.05,0.0,70,0.9141869008541104,-7.603076223893599,-6.756051585409376
1357,do,0.05,0.0,70,1.3728248018026346,-5.714952036828706,-5.55046226978302
1358,pp,0.05,0.0,56,0.697442517280578,-6.414572289495757,-5.442006651560465
1359,do,0.05,0.0,65,1.2015120983123788,-6.757914674643314,-6.030738221274482
1360,pp,0.05,0.0,68,1.1163353037834156,-8.488733194813584,-6.770449161529541
1361,do,0.05,0.0,27,1.0983458387851712,-6.807581715150313,-6.491786119672987
1362,pp,0.05,0.0,5,-0.3091329503059388,-5.687290308692239,-5.132029922803243
1363,do,0.05,0.0,58,0.8785163390636441,-6.459012462153579,-5.706257563167148
1364,pp,0.05,0.0,10,0.1193832123279579,-5.425722175655943,-4.541854574945238
1365,do,0.05,0.0,18,0.877483854293823,-7.300660929535375,-6.725271773338318
1366,pp,0.05,0.0,14,1.894497991800308,-6.084023355715202,-4.880139750904507
1367,do,0.05,0.0,19,0.6599124073982239,-6.169649651556304,-5.357373846901788
1368,pp,0.05,0.0,34,0.7081895256042481,-6.4405805645567,-5.566850548320346
1369,do,0.05,0.0,70,0.16684132218360936,-7.217789525696726,-6.777446058061388
1370,pp,0.05,0.0,4,-0.15397962570190415,-5.453656416228323,-4.653147146436903
1371,do,0.05,0.0,70,0.9455082088708888,-6.9403303204160744,-5.9720035447014705
1372,pp,0.05,0.0,13,1.231855065822601,-4.976155952973799,-3.9423341115315753
1373,do,0.05,0.0,21,1.1047255396842957,-7.759963441617561,-7.124960851669312
1374,pp,0.05,0.0,51,2.3161898171901703,-7.707242923794371,-6.756249565548367
1375,do,0.05,0.0,70,1.6873247432708744,-5.770510832468669,-5.152352701293098
1376,pp,0.05,0.0,70,1.157623929977417,-6.770311027584654,-5.356698868009779
1377,do,0.05,0.0,19,0.378639600276947,-6.383018272573298,-5.733903927273221
1378,pp,0.05,0.0,5,-0.3386741983890529,-5.55455817453789,-4.765284045537313
1379,do,0.05,0.0,70,1.9555441093444834,-9.714254517988724,-8.1458152823978
1380,pp,0.05,0.0,16,1.7138452041149144,-5.409697398272428,-4.276118848058912
1381,do,0.05,0.0,17,0.07259765148162867,-6.396218727574204,-6.539353137546115
1382,pp,0.05,0.0,32,1.0936117374897005,-6.344465345324892,-5.315770355860392
1383,do,0.05,0.0,68,2.2705467987060546,-6.42857567469279,-5.855518921216329
1384,pp,0.05,0.0,66,1.3675232386589045,-6.383627760049069,-5.607696705394321
1385,do,0.05,0.0,8,0.14887589335441653,-5.527833331714977,-4.869345834520128
1386,pp,0.05,0.0,5,-0.03424029350280744,-5.555613759069732,-4.690609288215637
1387,do,0.05,0.0,66,2.135603027343751,-6.084409511450565,-5.560134445296393
1388,pp,0.05,0.0,19,1.540936461687088,-6.156211367520419,-5.063780869377984
1389,do,0.05,0.0,39,1.60559458732605,-6.008992137330951,-6.197142603662279
1390,pp,0.05,0.0,8,0.7118633508682244,-4.831613169294415,-4.285346870952182
1391,do,0.05,0.0,39,2.297545863389969,-6.602752541050767,-6.339434411790636
1392,pp,0.05,0.0,66,1.675846427679061,-6.232676059549505,-5.552412377463447
1393,do,0.05,0.0,35,1.681059166193008,-5.9272642453511555,-6.056168304549323
1394,pp,0.05,0.0,24,1.9365614259243014,-5.533996368177009,-4.814735592736138
1395,do,0.05,0.0,3,0.08926245331764182,-5.08834022175182,-4.695054931110806
1396,pp,0.05,0.0,8,1.360334956645966,-4.638560402032101,-3.946387975745731
1397,do,0.05,0.0,43,1.9583226537704466,-6.28544879248648,-6.316492613156637
1398,pp,0.05,0.0,10,0.6298915326595305,-4.617281931096858,-3.795141719447242
1399,do,0.05,0.0,15,0.627091109752655,-5.48754139958006,-5.539402476946512
1400,pp,0.05,0.0,17,1.931039875745773,-5.482328254526312,-4.287025282118056
1401,do,0.05,0.0,6,0.17610620737075777,-5.361278174140237,-5.187035300996569
1402,pp,0.05,0.0,35,1.934179344177247,-6.154973590735233,-5.051148891448975
1403,do,0.05,0.0,3,-0.22188778638839768,-5.213602943131418,-4.780140839682685
1404,pp,0.05,0.0,7,0.8933914840221409,-5.089402759436405,-4.0757438368267485
1405,do,0.05,0.0,61,2.2977571868896476,-8.505910191391454,-7.3942913399802315
1406,pp,0.05,0.0,8,0.7582728219032289,-4.5828108339598685,-3.9139269881778294
1407,do,0.05,0.0,24,0.573724385499955,-5.7788166349584404,-5.090495125452677
1408,pp,0.05,0.0,11,1.6793186891078955,-5.179449249036384,-4.038906325234307
1409,do,0.05,0.0,9,0.42669636487960805,-5.397716305472634,-5.047707933849758
1410,pp,0.05,0.0,19,1.1687696039676663,-5.389510861310092,-4.303274806340536
1411,do,0.05,0.0,31,-0.40676777005195586,-7.895787594535134,-8.072237120734322
1412,pp,0.05,0.0,26,0.489161522388458,-5.878641579367898,-5.042732077174716
1413,do,0.05,0.0,5,0.280696969032288,-5.654943997932203,-4.840378464592828
1414,pp,0.05,0.0,70,0.47178436875343444,-7.464357881835013,-6.101182460784912
1415,do,0.05,0.0,6,-0.24191630959510846,-6.182158264969335,-5.572642683982849
1416,pp,0.05,0.0,50,1.2100810229778292,-6.206620680202137,-5.048204837905036
1417,do,0.05,0.0,11,0.3079854404926303,-6.01996981158401,-5.637040283944872
1418,pp,0.05,0.0,57,2.415953520536423,-7.996340208342581,-6.135363700654771
1419,do,0.05,0.0,70,0.6319328558444974,-7.824068362785108,-6.902350356843736
1420,pp,0.05,0.0,10,1.5888312792778017,-4.7635092648592865,-3.8836935453944736
1421,do,0.05,0.0,19,0.9101412737369543,-6.496380615234375,-5.6983694156010944
1422,pp,0.05,0.0,12,0.7024953341484066,-6.104725222154097,-4.78635381327735
1423,do,0.05,0.0,38,0.025588028430940213,-8.165803750356039,-7.491847472720676
1424,pp,0.05,0.0,10,1.4079349339008331,-5.076857621742017,-4.282367865244548
1425,do,0.05,0.0,41,0.9739560317993163,-8.01717156496915,-8.289876137839423
1426,pp,0.05,0.0,12,1.3690566670894624,-6.213912946527654,-5.215132604704963
1427,do,0.05,0.0,38,1.2574500560760509,-10.044143549601237,-8.148276058832804
1428,pp,0.05,0.0,29,1.5611978244781497,-7.675496875878537,-6.244573402404785
1429,do,0.05,0.0,49,0.5283675777912133,-8.242425967707778,-7.34796224170261
1430,pp,0.05,0.0,5,0.9324805355072021,-4.412129735946655,-3.682446575164795
1431,do,0.05,0.0,63,0.40201101779937787,-6.949948196700125,-6.170028548770481
1432,pp,0.05,0.0,45,1.5805776345729834,-5.381798505783081,-4.667356170548333
1433,do,0.05,0.0,7,0.02938243150711095,-5.682862609805483,-5.131637024879455
1434,pp,0.05,0.0,70,1.76037649154663,-8.06389060164943,-6.211829299396939
1435,do,0.05,0.0,8,-0.00508672356605544,-5.898952686425411,-5.188451091448466
1436,pp,0.05,0.0,22,1.8029370713233952,-6.515190833987612,-5.263719733556112
1437,do,0.05,0.0,36,1.0148795950412755,-8.525327118960293,-7.687323898739285
1438,pp,0.05,0.0,22,0.9931478333473205,-7.2455643090334805,-5.933349095450508
1439,do,0.05,0.0,3,0.2226600039005282,-5.383839338476007,-5.009158346388075
1440,pp,0.05,0.0,8,0.3804742395877838,-5.63590981021072,-4.560275559955173
1441,do,0.05,0.0,70,0.8139965701103211,-8.619735969196666,-8.649613571166991
1442,pp,0.05,0.0,26,1.675134514570236,-6.342721210826527,-5.0013563950856526
1443,do,0.05,0.0,12,-0.80654729604721,-6.572102237470222,-6.292134756512112
1444,pp,0.05,0.0,23,0.10883393883705139,-6.636045003659797,-5.856117256482443
1445,do,0.05,0.0,2,-0.43460830807685813,-5.868809504942461,-5.190722865528531
1446,pp,0.05,0.0,15,1.311089224815368,-5.046294767206366,-4.0456061363220215
1447,do,0.05,0.0,35,0.6281854104995723,-7.467556836388328,-6.801232406828139
1448,pp,0.05,0.0,22,-0.07449537992477406,-7.629591603712602,-6.708156940672133
1449,do,0.05,0.0,17,0.8411678636074074,-5.684032029816598,-5.102664992544386
1450,pp,0.05,0.0,11,1.3362862753868097,-5.29290565143932,-4.268190346823799
1451,do,0.05,0.0,68,0.6667987823486321,-8.513296862804529,-8.990879668129814
1452,pp,0.05,0.0,24,0.8489312624931333,-6.309610683267767,-5.3353498511844215
1453,do,0.05,0.0,64,0.4236860620975502,-8.15663354324572,-8.168509721755981
1454,pp,0.05,0.0,7,0.007275313138961792,-5.507772955749974,-4.404120890299479
1455,do,0.05,0.0,3,0.25802809238433877,-5.247342817711107,-4.360223375426399
1456,pp,0.05,0.0,11,1.388218064308167,-5.630739216371016,-4.16351363658905
1457,do,0.05,0.0,70,0.3031726050376893,-8.914410799199885,-7.646452442804972
1458,pp,0.05,0.0,70,1.151229915618897,-9.858030613985928,-8.554360530111525
1459,do,0.05,0.0,13,1.1395714390277858,-5.8074714342753095,-5.0233806610107425
1460,pp,0.05,0.0,18,0.2545217967033384,-6.8936800118648645,-6.064497497346666
1461,do,0.05,0.0,7,-0.2502877712249756,-5.939360601251775,-5.290518201722039
1462,pp,0.05,0.0,7,0.8294215917587282,-5.353281450271607,-4.272657752037048
1463,do,0.05,0.0,2,-0.3933623886108393,-5.789433951811357,-4.93025422361162
1464,pp,0.05,0.0,12,1.0539369308948512,-5.768178707180601,-5.03053556283315
1465,do,0.05,0.0,70,0.7662474048137673,-6.967532511913415,-6.484640701611837
1466,pp,0.05,0.0,70,0.7859962511062619,-6.4118524031205615,-5.823942563268873
1467,do,0.05,0.0,54,-0.09094154953956579,-7.604426713423296,-7.639617644415962
1468,pp,0.05,0.0,5,-0.1810734331607824,-5.501675010449959,-4.6399744219250145
1469,do,0.05,0.0,3,-0.22546658635139494,-5.572474751327977,-4.7885879834493
1470,pp,0.05,0.0,7,0.7734861683845518,-4.885552021951386,-3.9556453863779706
1471,do,0.05,0.0,33,0.5702117121219636,-7.628732650930231,-6.714963250690037
1472,pp,0.05,0.0,16,-0.031980276107788086,-6.500440515171398,-5.651541556252374
1473,do,0.05,0.0,19,1.3607446408271793,-6.239722143520009,-6.065419069925944
1474,pp,0.05,0.0,68,1.8843977594375616,-7.5623163440010766,-6.144569985071818
1475,do,0.05,0.0,1,-0.5776967811584468,-5.913007350401445,-5.381813666555616
1476,pp,0.05,0.0,6,0.24806005001068154,-4.927657748713638,-4.19999217722151
1477,do,0.05,0.0,4,-0.10443004488945018,-5.5242639194835315,-4.99393163257175
1478,pp,0.05,0.0,30,0.625720971822739,-6.852025167869799,-5.978791324297587
1479,do,0.05,0.0,3,0.18638018250465382,-5.317860330234875,-4.653617885377672
1480,pp,0.05,0.0,9,0.7274668097496031,-4.936884864171346,-4.092070746421814
1481,do,0.05,0.0,50,1.2533908760547643,-7.445767576044256,-8.300500875049167
1482,pp,0.05,0.0,36,1.7480157911777496,-5.687860770659014,-4.834284300274319
1483,do,0.05,0.0,12,1.2053581976890566,-5.060579392404267,-4.800901140107049
1484,pp,0.05,0.0,11,1.206000454425812,-5.989658250230732,-4.558312506145901
1485,do,0.05,0.0,14,1.2761850702762603,-5.9635042710737745,-5.629935065905253
1486,pp,0.05,0.0,24,1.7482437252998357,-6.355330709977584,-5.300754459698995
1487,do,0.05,0.0,4,-0.5147062814235692,-5.605993029565522,-5.08078768518236
1488,pp,0.05,0.0,11,0.6678085923194885,-5.146400812900428,-4.2270197629928585
1489,do,0.05,0.0,36,1.1064133167266856,-8.269881141547001,-6.253253973854912
1490,pp,0.05,0.0,30,2.559726415872573,-6.054506819175951,-4.719058309661017
1491,do,0.05,0.0,12,1.9602794599533082,-6.169847287553729,-5.234148067898221
1492,pp,0.05,0.0,9,1.5131342113018036,-5.966724505568996,-4.208946797582838
1493,do,0.05,0.0,46,0.8789057242870335,-7.468686694809885,-7.482582404878404
1494,pp,0.05,0.0,69,2.2736911201477055,-7.537425570054488,-6.079615561167399
1495,do,0.05,0.0,57,4.324959266185761,-5.836095749248158,-5.13345008691152
1496,pp,0.05,0.0,70,2.562561680078507,-6.2286009441722525,-5.373222639825609
1497,do,0.05,0.0,1,-0.8959294509887696,-5.990217580217304,-5.162110270394219
1498,pp,0.05,0.0,60,1.1130791306495658,-7.082862115628791,-5.889971817864312
1499,do,0.05,0.0,48,0.8510531258583072,-7.875170660018921,-6.2547578387790255
1500,pp,0.05,0.0,34,2.1201630759239203,-6.520064040386315,-4.9012278742260404
1501,do,0.05,0.0,10,0.899130301475525,-6.617324397058198,-5.199166178703308
1502,pp,0.05,0.0,63,1.296917575597762,-9.999913069696138,-8.302119975619846
1503,do,0.05,0.0,47,0.43400423765182516,-9.025370300177372,-8.470485252804226
1504,pp,0.05,0.0,67,1.2724337553977971,-5.673624187527281,-5.050252143541972
1505,do,0.05,0.0,70,2.0888205397129056,-7.1442316503235785,-6.290991504987081
1506,pp,0.05,0.0,22,2.1217672431468966,-5.131333975358443,-4.057781626118554
1507,do,0.05,0.0,47,0.2478945636749259,-7.927866135221539,-6.733248027165731
1508,pp,0.05,0.0,5,0.7414223706722263,-4.739816613630815,-3.9594012949201796
1509,do,0.05,0.0,54,1.5699951839447026,-7.301030426314383,-5.851884211434259
1510,pp,0.05,0.0,42,0.9806927740573883,-6.313037223526925,-5.3162433730231395
1511,do,0.05,0.0,70,0.4138985466957097,-7.167268004561915,-6.338231303956774
1512,pp,0.05,0.0,62,0.8520836782455437,-6.937340798522487,-5.879990431997511
1513,do,0.05,0.0,70,0.13260775327682506,-7.861540376778805,-6.9864173041449655
1514,pp,0.05,0.0,70,1.4540898442268375,-9.015612803083478,-7.329589663611518
1515,do,0.05,0.0,13,0.4634880638122558,-6.310860209031539,-5.113036309348212
1516,pp,0.05,0.0,13,1.5259725928306578,-5.279417822577736,-4.2500978231430055
1517,do,0.05,0.0,57,0.8822268199920646,-8.56773219686566,-7.150142298804389
1518,pp,0.05,0.0,67,1.3178431296348565,-6.6721266948815545,-5.608010890748766
1519,do,0.05,0.0,53,1.9999313628673558,-7.015151646642974,-5.938041141298082
1520,pp,0.05,0.0,13,1.6332922017574312,-4.9349092599117395,-3.7607143375608656
1521,do,0.05,0.0,14,0.5278565621376039,-5.5679252754558215,-5.385448789596557
1522,pp,0.05,0.0,16,0.39511077284812934,-6.196928743882613,-5.343632504675123
1523,do,0.05,0.0,11,1.3761821138858794,-5.628227004137906,-4.612345745828416
1524,pp,0.05,0.0,26,3.5997601389884943,-7.12384508450826,-4.704953842692905
1525,do,0.05,0.0,70,0.24141184568405105,-6.604060644091982,-7.446713081995646
1526,pp,0.05,0.0,59,0.4528885006904595,-7.8087687492370605,-6.322567902670967
1527,do,0.05,0.0,15,1.7892040657997121,-6.925139838998968,-5.980189646614923
1528,pp,0.05,0.0,12,0.9206117939949037,-5.634698687177716,-4.549491760465834
1529,do,0.05,0.0,56,0.7716646862030032,-7.471962782830903,-7.485041083229913
1530,pp,0.05,0.0,25,1.8023526167869566,-6.78171804745992,-5.900754517979092
1531,do,0.05,0.0,68,0.5639478242397313,-8.390013356642289,-6.667840605311923
1532,pp,0.05,0.0,54,2.322714582681656,-5.791860821752837,-4.8559464852015175
1533,do,0.05,0.0,37,0.9817841446399687,-6.271475439360647,-5.571442254384359
1534,pp,0.05,0.0,37,1.303035086393356,-6.674932172081688,-5.812339483367072
1535,do,0.05,0.0,66,1.464029383659363,-5.914437717379946,-5.121391998396979
1536,pp,0.05,0.0,17,1.9271869850158687,-4.565344600966482,-3.7875557237201267
1537,do,0.05,0.0,70,-0.5620668792724608,-7.486734449502194,-6.57806969748603
1538,pp,0.05,0.0,20,0.6422636032104494,-7.33955084771821,-6.120122628741794
1539,do,0.05,0.0,23,0.018273305892944514,-6.290834845918598,-5.523022694057889
1540,pp,0.05,0.0,46,0.8160600745677948,-6.806783780184659,-5.870467217763265
1541,do,0.05,0.0,13,0.23478376984596228,-5.886891096288507,-4.816784077220493
1542,pp,0.05,0.0,7,0.5658151853084563,-5.8257909673633,-4.536372497346666
1543,do,0.05,0.0,11,0.27933059692382756,-5.889776354125051,-5.306054215961033
1544,pp,0.05,0.0,68,1.4214788222312933,-6.729240307663426,-5.499351051118639
1545,do,0.05,0.0,45,-0.6305376505851745,-7.583117740804499,-6.535226551691691
1546,pp,0.05,0.0,5,0.42790147781372045,-5.012962088440403,-4.251304337713454
1547,do,0.05,0.0,33,1.0615881180763242,-7.351825321081913,-6.232496966256035
1548,pp,0.05,0.0,70,1.5566716933250424,-5.688348335208315,-4.714641388257345
1549,do,0.05,0.0,3,-0.14993816733360266,-5.753984139182351,-4.914334048165215
1550,pp,0.05,0.0,25,0.4527849614620205,-7.097505004478223,-5.211862945556641
1551,do,0.05,0.0,66,0.30644332528114226,-7.365529551650539,-6.67879712316725
1552,pp,0.05,0.0,5,0.4253021228313445,-4.890553465756503,-4.088894195026821
1553,do,0.05,0.0,50,-0.16761364221572883,-8.243788795760183,-7.41870358520084
1554,pp,0.05,0.0,5,-0.2156587100028995,-5.767598824067549,-4.8140758223003814
1555,do,0.05,0.0,6,0.18300271391868606,-5.194514901710279,-4.523064925935533
1556,pp,0.05,0.0,15,2.0462253797054295,-5.2247753085512105,-4.335661551687452
1557,do,0.05,0.0,8,-0.33466992020606945,-5.826048093853575,-5.3570695400238035
1558,pp,0.05,0.0,14,0.2442289853096007,-5.468700748501402,-4.9688625256220496
1559,do,0.05,0.0,3,0.0751633894443513,-5.118114828340935,-4.485820730527242
1560,pp,0.05,0.0,6,1.4094249641895296,-4.893610030954535,-4.112548851966858
1561,do,0.05,0.0,23,2.200564695596694,-8.27212897936503,-6.975177444352044
1562,pp,0.05,0.0,7,0.967340756654739,-5.340325848261515,-4.073502911461724
1563,do,0.05,0.0,6,0.0032350742816928957,-5.417717917760213,-5.011953716807895
1564,pp,0.05,0.0,25,0.17524406671524062,-6.283762966502796,-5.152528108490838
1565,do,0.05,0.0,62,0.7933211684226986,-7.833115242466782,-7.24162794219123
1566,pp,0.05,0.0,11,1.1484078252315522,-5.1092526522549715,-4.14802049530877
1567,do,0.05,0.0,3,-0.25921464920044013,-5.569832641428167,-4.83953074614207
1568,pp,0.05,0.0,4,-0.21358485341072075,-5.337635171774662,-4.562726291020711
1569,do,0.05,0.0,70,1.226098135709763,-7.015254813974554,-7.280491738849216
1570,pp,0.05,0.0,44,1.5589402723312373,-5.609591592441905,-4.811851040522257
1571,do,0.05,0.0,70,0.840839463472367,-8.885870478369974,-7.673574209213257
1572,pp,0.05,0.0,18,1.4761728513240815,-5.776674975770892,-4.3843981133566965
1573,do,0.05,0.0,5,-0.29540062546730095,-5.382311784859859,-4.724055144521925
1574,pp,0.05,0.0,42,1.2509173142910006,-5.595165615370779,-4.953686388333638
1575,do,0.05,0.0,28,0.5239064919948575,-6.42348162911155,-5.301819364229838
1576,pp,0.05,0.0,69,2.584010211229324,-5.45577323364489,-4.486390675438775
1577,do,0.05,0.0,13,0.5332841777801507,-6.836028909683227,-6.074552663167318
1578,pp,0.05,0.0,6,-0.0815305924415588,-5.464316941752578,-4.475785870022244
1579,do,0.05,0.0,14,-0.133210688829422,-5.72077209443757,-5.254847206009758
1580,pp,0.05,0.0,11,1.5731851840019226,-5.514852957292036,-4.5569438272052345
1581,do,0.05,0.0,42,-0.29911075234413165,-7.255269531770186,-6.029320666525099
1582,pp,0.05,0.0,64,1.9605076909065255,-6.41961494214607,-5.500856351852417
1583,do,0.05,0.0,4,-0.2814351141452791,-5.596878810362383,-4.829668675528632
1584,pp,0.05,0.0,27,1.5198481559753407,-6.263592295213179,-5.193118132485283
1585,do,0.05,0.0,70,-0.4081517183780674,-7.701547504193855,-7.202017511261834
1586,pp,0.05,0.0,61,0.09094554066658045,-7.075365859811956,-6.136412066883511
1587,do,0.05,0.0,24,0.08536862492561337,-6.6789321798266785,-6.455060601234436
1588,pp,0.05,0.0,27,0.27595347523689284,-7.090845389799639,-5.985777102576362
1589,do,0.05,0.0,70,0.8787591278553002,-6.6732930226759475,-5.969733328289456
1590,pp,0.05,0.0,69,2.099301216602326,-6.073092061823065,-4.609900561968486
1591,do,0.05,0.0,12,1.0485502219200136,-6.024885713692868,-5.053250892957052
1592,pp,0.05,0.0,9,1.0660524940490728,-5.272191010099469,-4.511253799332513
1593,do,0.05,0.0,56,0.08698178410530133,-7.50186316316778,-7.1165368133121065
1594,pp,0.05,0.0,70,1.6550573110580444,-8.020528716752024,-6.8748547183142765
1595,do,0.05,0.0,31,2.0491725289821616,-6.147764159693862,-6.102580171161228
1596,pp,0.05,0.0,49,1.581060013771058,-10.009483458779075,-7.787544666396247
1597,do,0.05,0.0,70,1.2193263995647428,-7.550572950189764,-6.599013397428725
1598,pp,0.05,0.0,17,1.607205579280853,-5.0938249544663865,-4.34134128358629
1599,do,0.05,0.0,68,1.3615285491943352,-7.778806992733117,-6.917249992158678
1600,pp,0.05,0.0,56,1.5567949402332317,-8.682176195491444,-7.104948857095507
1601,do,0.05,0.0,70,0.17532223582267736,-6.881902977914521,-7.942057715521918
1602,pp,0.05,0.0,24,0.9472279143333431,-5.941147692998251,-4.944392649332682
1603,do,0.05,0.0,20,0.19761541128158555,-6.082526495962432,-5.35682651201884
1604,pp,0.05,0.0,44,2.6894657826423636,-5.221285811337558,-4.694441845681932
1605,do,0.05,0.0,20,0.6206702864170079,-6.683289058280714,-5.9832573784722225
1606,pp,0.05,0.0,42,2.7253982055187222,-6.6454949378967285,-5.22794701523251
1607,do,0.05,0.0,25,0.8026595818996425,-6.4549440485058405,-5.875662700335185
1608,pp,0.05,0.0,29,1.4673877596855167,-6.313383650057244,-5.43862296210395
1609,do,0.05,0.0,70,3.443628340959548,-5.893583664749608,-5.24754978550805
1610,pp,0.05,0.0,8,1.139621506929398,-4.497456081708273,-3.8959061000082227
1611,do,0.05,0.0,46,1.0659472692012786,-7.340313269875266,-6.865867328643799
1612,pp,0.05,0.0,12,0.06985038876533523,-6.195794705188636,-4.944703385565016
1613,do,0.05,0.0,12,1.7346926140785222,-5.333495910239942,-4.586097304026286
1614,pp,0.05,0.0,10,1.1735714912414545,-5.710379350546635,-4.440977750884162
1615,do,0.05,0.0,35,1.7351084411144253,-6.156640447269787,-5.518681399027506
1616,pp,0.05,0.0,18,0.4141944551467889,-6.051445936434197,-4.7425013462702434
1617,do,0.05,0.0,70,-0.062490702867508574,-7.479903436429573,-6.121065542432997
1618,pp,0.05,0.0,70,2.2074664688110346,-5.813901144085508,-4.840810343954298
1619,do,0.05,0.0,68,1.1950451922416683,-9.434886969942035,-8.518429279327393
1620,pp,0.05,0.0,10,1.7482297980785377,-5.790879093516956,-4.928654254807366
1621,do,0.05,0.0,70,1.2430133110284798,-5.930497861630989,-5.677433901362949
1622,pp,0.05,0.0,30,2.444207787513733,-5.190998143860788,-4.199231194125281
1623,do,0.05,0.0,52,0.5224371349811552,-7.163406526681149,-6.725888424449497
1624,pp,0.05,0.0,9,0.418616880178452,-5.9188388390974565,-4.722139422098795
1625,do,0.05,0.0,42,1.8406979930400853,-5.73170655857433,-5.352150048149957
1626,pp,0.05,0.0,62,1.1058446907997128,-6.3104846044020215,-5.210782689518399
1627,do,0.05,0.0,39,0.4187501811981198,-6.662079225886952,-6.749136641290453
1628,pp,0.05,0.0,30,0.14550329923629768,-7.281833910219597,-6.192105044258965
1629,do,0.05,0.0,8,0.5720587706565858,-5.574336765751694,-5.32194139957428
1630,pp,0.05,0.0,23,0.5545930099487304,-6.028141304940888,-5.127997922897339
1631,do,0.05,0.0,22,-0.2172581708431247,-7.346674620021473,-6.847555865181817
1632,pp,0.05,0.0,4,-0.3315451693534852,-5.736651280432037,-5.056000834041171
1633,do,0.05,0.0,9,0.6798911106586454,-6.660047529682968,-5.495699636141459
1634,pp,0.05,0.0,11,0.021964044570922603,-6.623490905761718,-5.626806256506178
1635,do,0.05,0.0,70,0.2467132198810571,-7.298787131454006,-6.715778597195944
1636,pp,0.05,0.0,30,0.6573310065269471,-7.1751884547146885,-5.948089151912265
1637,do,0.05,0.0,18,1.3542022716999051,-4.450465829444654,-3.831491459740533
1638,pp,0.05,0.0,47,1.0768747854232785,-6.685389848188921,-5.459689664840698
1639,do,0.05,0.0,51,1.3072412383556369,-6.007168209191525,-6.22115077442593
1640,pp,0.05,0.0,34,1.6049649894237525,-5.817027737877586,-4.706699940893385
1641,do,0.05,0.0,63,0.6785360693931581,-6.8241239403233385,-6.007978675100539
1642,pp,0.05,0.0,15,0.3459172713756562,-6.264099651394468,-5.420332890086704
1643,do,0.05,0.0,60,-0.1270260512828827,-9.091997374910298,-7.955965397093031
1644,pp,0.05,0.0,6,0.16643891930580157,-5.171382797125614,-4.715218679110209
1645,do,0.05,0.0,4,-0.055905818939208984,-5.278683194247159,-4.77368626859453
1646,pp,0.05,0.0,21,1.270614935159684,-6.506339980616714,-5.495571528540717
1647,do,0.05,0.0,70,1.451533921957016,-6.80139716610764,-7.252896536721123
1648,pp,0.05,0.0,69,1.6093980419635763,-6.808949252330896,-5.529390552308825
1649,do,0.05,0.0,21,1.300178705453873,-5.661617543480613,-5.003272782431709
1650,pp,0.05,0.0,8,0.4640321815013886,-5.263518378228852,-4.366657688882616
1651,do,0.05,0.0,6,0.033349528312682786,-5.368591125083692,-4.952666367424859
1652,pp,0.05,0.0,4,-0.3612044513225561,-5.867518739989309,-4.9601062324312
1653,do,0.05,0.0,9,0.7862822914123528,-5.464142675110788,-4.780931976106432
1654,pp,0.05,0.0,11,0.5796311771869656,-5.675014793511593,-4.695086958673265
1655,do,0.05,0.0,70,0.5446725344657892,-7.157097106991392,-6.669567441940307
1656,pp,0.05,0.0,13,0.9762371110916135,-5.107078607154615,-4.417088294029236
1657,do,0.05,0.0,70,1.519871994256973,-6.682738411065304,-6.336116274197896
1658,pp,0.05,0.0,70,1.6641352319717404,-7.0716257340980295,-5.826224139001634
1659,do,0.05,0.0,11,1.0503237760066986,-5.096705287875551,-5.059213701883952
1660,pp,0.05,0.0,68,2.0713003313541414,-7.541510317542336,-5.522015137142605
1661,do,0.05,0.0,51,1.6589454317092907,-7.878568907940027,-6.436529045634799
1662,pp,0.05,0.0,37,2.906869245767594,-6.7291438550660105,-5.122429577509562
1663,do,0.05,0.0,6,0.6416199672222138,-5.102185451623165,-4.902428118387858
1664,pp,0.05,0.0,6,-0.12196433186531053,-5.476640639160618,-4.751934308475918
1665,do,0.05,0.0,68,1.0304257845878606,-6.8928161346551144,-6.387501658333672
1666,pp,0.05,0.0,23,0.5756387579441071,-5.645394150416056,-4.636780548095703
1667,do,0.05,0.0,6,1.2173713552951817,-5.811797897743456,-5.394907760620117
1668,pp,0.05,0.0,58,0.8600289046764384,-8.563691425323487,-7.1751016484366525
1669,do,0.05,0.0,23,0.5620758402347565,-6.589359729940241,-6.362249602211846
1670,pp,0.05,0.0,21,0.9318875324726106,-5.511565706946633,-4.897555616166857
1671,do,0.05,0.0,59,1.9886390471458428,-7.680017520442154,-7.220174312591553
1672,pp,0.05,0.0,41,2.144142285585403,-5.849101043469978,-5.084970423910353
1673,do,0.05,0.0,44,1.721646022796632,-7.691134864633733,-7.06992522875468
1674,pp,0.05,0.0,45,1.7371600675582881,-5.753169413768884,-4.6423909690645
1675,do,0.05,0.0,70,0.6397854769229898,-7.998172921845407,-7.838586446974013
1676,pp,0.05,0.0,70,0.6007389998435979,-9.502462262818307,-8.196611028247409
1677,do,0.05,0.0,19,1.5459890520572666,-6.968277188503381,-6.054136432541741
1678,pp,0.05,0.0,9,1.1310603058338158,-4.712992656592167,-3.795251188013289
1679,do,0.05,0.0,38,1.5475508785247793,-6.766981230360089,-5.845926637119717
1680,pp,0.05,0.0,70,1.5526855826377854,-9.687876488945701,-8.102177765634325
1681,do,0.05,0.0,70,1.27488954782486,-7.259083220452974,-6.239286708831787
1682,pp,0.05,0.0,9,1.0276380050182343,-4.913203485084303,-3.9043834103478328
1683,do,0.05,0.0,52,0.8431676304340368,-7.324690427202167,-6.4507065693537395
1684,pp,0.05,0.0,34,1.7773893713951114,-5.625784662998083,-4.597971140013801
1685,do,0.05,0.0,70,1.647277950048446,-8.874203778758194,-8.952973031997681
1686,pp,0.05,0.0,29,2.465556815862656,-6.449273807352239,-4.862972582711114
1687,do,0.05,0.0,18,1.9590210545063025,-5.3319185603748664,-5.374993946817186
1688,pp,0.05,0.0,16,1.1141279613971706,-5.070417680162372,-4.308827365769281
1689,do,0.05,0.0,13,0.7801588129997246,-6.365387220093698,-5.8394294871224295
1690,pp,0.05,0.0,19,0.9657440471649164,-5.532252593473955,-4.6384807719124685
1691,do,0.05,0.0,19,0.9882898020744326,-7.423524077733358,-6.4246063046985205
1692,pp,0.05,0.0,8,1.7147090995311736,-4.6718941500692655,-3.824828424718645
1693,do,0.05,0.0,30,1.3228442537784577,-6.995683097839356,-5.752574070294698
1694,pp,0.05,0.0,6,0.710439471006393,-5.533295335191669,-4.528299742274815
1695,do,0.05,0.0,57,0.8157718193531034,-6.880118810769283,-6.2232087241278755
1696,pp,0.05,0.0,24,0.2979889869689938,-6.364346521550959,-5.444748406940036
1697,do,0.05,0.0,45,3.088396253585816,-7.998334140488596,-6.611200099521213
1698,pp,0.05,0.0,70,1.4724273967742931,-9.474084579583371,-7.721002663506402
1699,do,0.05,0.0,6,-0.039218147993087094,-5.436808599125255,-4.910452198982239
1700,pp,0.05,0.0,69,0.9360028600692756,-7.385081642324274,-6.2097373591529
1701,do,0.05,0.0,13,1.7607819592952731,-6.064415207776157,-5.498885952101814
1702,pp,0.05,0.0,4,0.30927814245224017,-5.105854853716764,-4.18379918469323
1703,do,0.05,0.0,18,1.9554637706279756,-5.812395491744533,-5.181676562627157
1704,pp,0.05,0.0,31,2.5704673218727105,-5.841958479447798,-4.928387631310357
1705,do,0.05,0.0,44,0.47071340680122287,-7.843263643438166,-6.6953899224599205
1706,pp,0.05,0.0,64,1.484091192483902,-6.350857536720507,-5.1711148526933455
1707,do,0.05,0.0,24,0.9989174783229826,-6.337054677443071,-5.084819134076437
1708,pp,0.05,0.0,4,0.16985737204551743,-5.229260840560451,-4.35687354405721
1709,do,0.05,0.0,61,1.3647922790050497,-8.60632750193278,-7.215703286064995
1710,pp,0.05,0.0,70,1.8939317107200626,-6.586686553377094,-5.625098170174493
1711,do,0.05,0.0,44,0.8952726185321804,-7.662900481079564,-6.770404352082147
1712,pp,0.05,0.0,45,0.10800726532936089,-10.50615856141755,-9.065590037239922
1713,do,0.05,0.0,13,2.01912013888359,-5.060619942347208,-5.0238952186372545
1714,pp,0.05,0.0,21,0.9706056773662572,-6.168312412319762,-5.123697140481737
1715,do,0.05,0.0,11,1.2409267771244048,-5.112199666283347,-4.808235030704075
1716,pp,0.05,0.0,16,0.3296988773345948,-6.836302660450791,-5.423850136333042
1717,do,0.05,0.0,22,1.0772145998477933,-5.951760455333825,-5.118795479668512
1718,pp,0.05,0.0,9,0.9371942329406737,-5.673259583386508,-4.754705752266778
1719,do,0.05,0.0,20,1.3985759985446933,-7.749990328875455,-6.85164491335551
1720,pp,0.05,0.0,10,-0.08852680444717453,-6.889838644952485,-5.198615845044454
1721,do,0.05,0.0,21,0.09724972963333123,-6.2635193694721565,-5.674307250976563
1722,pp,0.05,0.0,9,1.0207515120506283,-5.044165083856294,-4.362077522277832
1723,do,0.05,0.0,53,1.7264042806625355,-9.732266480994946,-8.531108808517455
1724,pp,0.05,0.0,70,1.3831633400917056,-8.920498863855999,-7.4842014577653675
1725,do,0.05,0.0,9,0.8263396716117857,-4.936157902804288,-4.570798341433207
1726,pp,0.05,0.0,7,0.23300296068191528,-5.232524475906835,-4.52845266924964
1727,do,0.05,0.0,9,1.68381942152977,-5.502173273491137,-5.04902679655287
1728,pp,0.05,0.0,70,0.9173012018203739,-11.637209684198552,-8.995354821946886
1729,do,0.05,0.0,27,1.5374997842311862,-6.748206033128681,-6.249709343910217
1730,pp,0.05,0.0,10,0.7411085689067844,-5.5149476123578625,-4.499347845713298
1731,do,0.05,0.0,30,0.6871923172473915,-7.6787440328887016,-6.829008351431953
1732,pp,0.05,0.0,10,1.0093741130828855,-5.911027200294264,-4.844904239972433
1733,do,0.05,0.0,23,2.382566248178482,-5.365116386702566,-5.458244795269437
1734,pp,0.05,0.0,25,1.691059199571609,-5.465901731722282,-4.457106122705672
1735,do,0.05,0.0,56,0.7312192344665531,-6.673417643344764,-5.994435773955451
1736,pp,0.05,0.0,25,0.6071205008029938,-6.775695036396836,-5.859386036131117
1737,do,0.05,0.0,12,0.9960921072959898,-6.371799849018906,-5.871375234921773
1738,pp,0.05,0.0,18,0.888771033287048,-5.849277593150283,-5.004320067829556
1739,do,0.05,0.0,39,0.2668414783477786,-7.150785048802693,-6.250916730033027
1740,pp,0.05,0.0,51,1.0383958160877222,-5.544544893322569,-4.773303967052036
1741,do,0.05,0.0,32,1.5529713535308822,-8.212140476342404,-7.386499224768745
1742,pp,0.05,0.0,8,0.6083377039432527,-6.238312893202811,-4.701504755020141
1743,do,0.05,0.0,70,0.8587772393226611,-8.719779988491174,-7.712450096342299
1744,pp,0.05,0.0,70,0.8028676044940948,-6.73196252042597,-5.937525357140435
1745,do,0.05,0.0,30,2.096493837833405,-6.453267698576956,-5.237994196679857
1746,pp,0.05,0.0,34,1.2678788411617283,-6.76167564681082,-5.757242404090034
1747,do,0.05,0.0,70,0.7126632905006414,-9.575903944535689,-8.561429866154988
1748,pp,0.05,0.0,70,0.9792763161659241,-9.134225397398978,-7.557104598151313
1749,do,0.05,0.0,39,1.639400725364685,-7.752937970016942,-6.934563287099203
1750,pp,0.05,0.0,8,0.3350254476070402,-5.675599559148153,-4.6720448785358
1751,do,0.05,0.0,22,1.404439225196838,-5.935055083939523,-5.221564804183112
1752,pp,0.05,0.0,29,1.4171755337715144,-5.930061830173839,-4.940549659729004
1753,do,0.05,0.0,31,2.1733734393119812,-6.423311656894106,-5.736281318134732
1754,pp,0.05,0.0,42,2.759186981916427,-5.897332337408355,-5.084822220272488
1755,do,0.05,0.0,58,1.990052363872529,-8.214830554615368,-7.068534072240194
1756,pp,0.05,0.0,20,2.0832727992534634,-6.678260745424213,-4.540831927458445
1757,do,0.05,0.0,29,2.3535763382911687,-5.934523565118963,-5.396591223610772
1758,pp,0.05,0.0,24,2.916016210317612,-5.5049679178180115,-4.655532455444336
1759,do,0.05,0.0,70,2.4173660731315616,-6.568136157411518,-5.857683388392131
1760,pp,0.05,0.0,24,1.9090798354148868,-4.34103004137675,-3.8646749522950916
1761,do,0.05,0.0,20,1.7037295913696289,-5.454575691801129,-4.726262007819281
1762,pp,0.05,0.0,21,0.27089423418045033,-7.685287573843292,-6.323981070518494
1763,do,0.05,0.0,17,1.3073299872875213,-7.4272172870058,-6.382277022467719
1764,pp,0.05,0.0,28,1.7623388719558717,-5.851996902986007,-5.227236233817207
1765,do,0.05,0.0,55,0.16389699101448052,-7.362334650213068,-6.477045753267077
1766,pp,0.05,0.0,68,0.41488753080368035,-6.4461449218518805,-5.465276704894172
1767,do,0.05,0.0,20,1.774022282361985,-7.08118332082575,-7.258556509017945
1768,pp,0.05,0.0,26,1.5169865584373472,-6.0304706920276985,-5.257157378726536
1769,do,0.05,0.0,24,1.3602465212345125,-6.65828149246447,-6.3490606678856745
1770,pp,0.05,0.0,70,0.383194572925567,-6.30541216098901,-5.619429434670343
1771,do,0.05,0.0,48,1.7931337642669671,-9.029869868538597,-7.6862983862559
1772,pp,0.05,0.0,22,2.869507378339768,-6.590165594852332,-5.001411771774292
1773,do,0.05,0.0,63,1.0695519900321973,-8.079502203970245,-7.2868939770592585
1774,pp,0.05,0.0,5,0.16918126225471486,-6.160989193482832,-5.083969087070889
1775,do,0.05,0.0,45,0.5572805225849145,-7.533206881898822,-6.348095040851169
1776,pp,0.05,0.0,4,-0.18495729446411158,-5.719538773912372,-4.987162126435174
1777,do,0.05,0.0,29,0.3022290313243863,-6.79498704996976,-7.027934217453003
1778,pp,0.05,0.0,38,0.6905608308315285,-6.123980097337203,-4.979791270362006
1779,do,0.05,0.0,70,2.661537983417512,-9.513715677550344,-8.363259516821968
1780,pp,0.05,0.0,5,0.41338371634483373,-5.385957154360685,-4.612954868210687
1781,do,0.05,0.0,70,0.7018045318126678,-7.71706506989219,-6.719264915254381
1782,pp,0.05,0.0,20,1.761281750202179,-4.800011273586389,-4.318123126029969
1783,do,0.05,0.0,54,3.561233518123627,-10.203489056500521,-9.047454163763259
1784,pp,0.05,0.0,67,2.014154500961304,-8.318616732684049,-7.373421936564975
1785,do,0.05,0.0,9,1.6023449122905733,-6.5918657245058006,-5.535957672860888
1786,pp,0.05,0.0,31,0.9085795211791989,-8.43279326467803,-6.806604014502631
1787,do,0.05,0.0,18,2.346699886322021,-6.78522174430616,-5.682234803835551
1788,pp,0.05,0.0,9,0.5952287590503689,-5.972724403034557,-5.027988643116421
1789,do,0.05,0.0,1,-0.827973872423172,-5.935698799653487,-5.410585488213433
1790,pp,0.05,0.0,70,0.16721836447715788,-8.13862535014297,-6.443677616119385
1791,do,0.05,0.0,51,0.5523804140090949,-7.328087595737341,-6.6677493863635595
1792,pp,0.05,0.0,70,0.9338112282752995,-6.8896776979619805,-6.470094394683838
1793,do,0.05,0.0,18,-0.02975878119468689,-6.198548260602084,-5.450879475805494
1794,pp,0.05,0.0,39,1.1477751219272605,-6.42907127756061,-5.511321171124776
1795,do,0.05,0.0,70,2.444963369369507,-7.903807551933057,-7.5212266869015165
1796,pp,0.05,0.0,16,2.8355427670478823,-5.214795339468754,-4.117665542496575
1797,do,0.05,0.0,34,1.9000915336608895,-5.532593871607925,-4.876163307825724
1798,pp,0.05,0.0,26,0.3511586880683897,-7.333934636549516,-5.62677297062344
1799,do,0.05,0.0,12,1.8485380649566654,-4.307819259527958,-4.432517004013062
1800,pp,0.05,0.0,23,0.9421871113777165,-5.582828342553341,-4.896940649880303
1801,do,0.05,0.0,24,0.45004908323288006,-7.3537568309090355,-7.087064033084445
1802,pp,0.05,0.0,50,0.955565122365952,-8.24429765325604,-7.017326789432102
1803,do,0.05,0.0,20,1.4434957981109617,-6.155698036425042,-6.049470271004571
1804,pp,0.05,0.0,35,1.5610861158370968,-5.782014806342848,-4.89654016494751
1805,do,0.05,0.0,48,2.010842086076737,-6.284668230287957,-5.730741959147983
1806,pp,0.05,0.0,17,1.7714868199825293,-5.818434195085005,-4.882415456242032
1807,do,0.05,0.0,11,0.7410290956497194,-5.61128743056095,-5.574941910637749
1808,pp,0.05,0.0,37,2.399868639707565,-6.4335449941230545,-5.544838089413113
1809,do,0.05,0.0,34,-0.0004098153114320269,-7.013734738032023,-7.140643718507555
1810,pp,0.05,0.0,18,1.4688926780223843,-5.0944427750327375,-4.22922359307607
1811,do,0.05,0.0,35,1.9194416737556468,-7.593264874545011,-6.629004499647352
1812,pp,0.05,0.0,62,0.5899830198287956,-7.332881778659242,-6.259987423155043
1813,do,0.05,0.0,5,-0.018131188154220546,-6.299410331610478,-5.468474804030524
1814,pp,0.05,0.0,5,-0.3218737518787389,-6.465790476943507,-5.2983787059783936
1815,do,0.05,0.0,20,1.7721667289733887,-6.359919777783481,-5.679842763476902
1816,pp,0.05,0.0,14,0.8543159115314483,-7.082559926582105,-5.838959685961405
1817,do,0.05,0.0,6,0.19657505512237528,-5.670628515879313,-5.244207803408305
1818,pp,0.05,0.0,25,-0.4522981297969828,-7.907412474083178,-6.688801553514269
1819,do,0.05,0.0,68,0.9736595416069029,-8.147353806640163,-7.377203252580431
1820,pp,0.05,0.0,4,-0.67608992934227,-5.625966157335224,-4.747695991728041
1821,do,0.05,0.0,20,2.4072014188766477,-5.46287366549174,-5.153051638603211
1822,pp,0.05,0.0,7,-0.134489506483078,-5.545744851141265,-4.393480282359653
1823,do,0.05,0.0,62,0.04708954095840312,-7.238579614234693,-6.533402991294861
1824,pp,0.05,0.0,70,0.14906733393669214,-7.8375063217047485,-6.710725551181369
1825,do,0.05,0.0,70,1.85555276274681,-7.062606074593284,-6.268789071506924
1826,pp,0.05,0.0,46,0.8662611186504359,-6.858948237968214,-6.120356281598409
1827,do,0.05,0.0,11,0.9096955764293675,-7.33821506355748,-6.284173983997769
1828,pp,0.05,0.0,8,1.3578960251808168,-5.759922462521177,-4.66925093597836
1829,do,0.05,0.0,36,0.22739553093910203,-9.531591191436306,-8.014403014712864
1830,pp,0.05,0.0,20,0.909063675403595,-5.211069643136227,-4.156304107771979
1831,do,0.05,0.0,68,1.521631592512131,-7.36081625476028,-6.403130051824782
1832,pp,0.05,0.0,21,2.4973157978057863,-6.335286887486776,-5.060819101333618
1833,do,0.05,0.0,9,0.9648255145549776,-5.118339872360229,-4.615237164497375
1834,pp,0.05,0.0,13,0.4656609630584718,-5.663595589724454,-4.765839666790432
1835,do,0.05,0.0,11,0.5546642339229582,-5.470546939156272,-4.712265915340847
1836,pp,0.05,0.0,10,0.7165146470069885,-5.146521280751084,-4.286961407131619
1837,do,0.05,0.0,39,0.8395750999450673,-7.307908732963331,-6.248281036482917
1838,pp,0.05,0.0,56,1.326566135883331,-6.22774471803145,-5.342494214905633
1839,do,0.05,0.0,33,0.5614664101600653,-9.224359087510543,-7.447547923194038
1840,pp,0.05,0.0,22,0.5571962368488315,-6.372928243694884,-5.5366784254709875
1841,do,0.05,0.0,12,0.7884380531311033,-6.4714356754765365,-5.76182029777103
1842,pp,0.05,0.0,10,0.9024469947814939,-4.913278500239055,-4.0838560528225365
1843,do,0.05,0.0,9,0.4812197768688202,-5.922312317472516,-5.399215420087178
1844,pp,0.05,0.0,39,1.1148684346675868,-7.326834931518093,-6.532914551099141
1845,do,0.05,0.0,12,1.7468192255496984,-6.538406549800526,-6.137882894939846
1846,pp,0.05,0.0,23,1.542194054126739,-6.989693475492073,-5.702257548438178
1847,do,0.05,0.0,9,1.0278054344654084,-5.192768000111435,-4.9319750361972385
1848,pp,0.05,0.0,14,1.5674951863288875,-5.237846767541134,-4.561403859986199
1849,do,0.05,0.0,23,2.7595838010311136,-5.359223526174372,-5.5731238947974315
1850,pp,0.05,0.0,31,3.3133578050136565,-6.524723654082327,-5.521564384301503
1851,do,0.05,0.0,67,0.7487438607215875,-7.224730744506374,-7.093551376130846
1852,pp,0.05,0.0,39,1.7189552366733558,-8.852891929221876,-6.8782133102417
1853,do,0.05,0.0,20,0.9512269937992102,-6.62950869329048,-7.096789532237583
1854,pp,0.05,0.0,50,3.121735403537749,-6.3094920837517945,-5.285933799213833
1855,do,0.05,0.0,7,-0.2545240354537963,-6.200086491035693,-5.303971189922756
1856,pp,0.05,0.0,21,0.40532753944396926,-5.914462238369566,-4.846820351812575
1857,do,0.05,0.0,35,2.060092788934708,-5.972841729539813,-5.123411538865831
1858,pp,0.05,0.0,30,2.550873835086823,-4.9476470759420685,-4.196433288521237
1859,do,0.05,0.0,50,2.2630375218391414,-7.640600578712695,-6.875948331091139
1860,pp,0.05,0.0,17,2.810034577846528,-4.8356518586476644,-4.067761905988058
1861,do,0.05,0.0,25,3.000703246593474,-6.235255089673129,-5.515136808819241
1862,pp,0.05,0.0,7,1.603325763940811,-5.987713786327478,-4.454734638002184
1863,do,0.05,0.0,15,1.5873470807075503,-6.341227740952463,-6.020910657776726
1864,pp,0.05,0.0,12,2.2549986147880556,-4.536680094401041,-3.7980505691634283
1865,do,0.05,0.0,47,1.8764343464374544,-7.242436293399695,-7.824741376770867
1866,pp,0.05,0.0,18,0.7521151769161225,-5.933033248149988,-4.697243356704712
1867,do,0.05,0.0,19,1.5246099936962123,-4.923300468560421,-5.281087941593594
1868,pp,0.05,0.0,13,1.5440203392505643,-4.919157431342385,-4.094273781776428
1869,do,0.05,0.0,21,2.1908057940006262,-6.727575871438691,-6.711312715212504
1870,pp,0.05,0.0,26,2.599725219011307,-5.629902063716542,-4.496076769298977
1871,do,0.05,0.0,41,1.8191340672969813,-6.207621812820435,-6.843155021137662
1872,pp,0.05,0.0,41,2.2157796978950497,-5.876303221962669,-4.910037207603454
1873,do,0.05,0.0,35,1.8269677686691272,-6.495478540478331,-6.477876647313436
1874,pp,0.05,0.0,16,1.1281364357471473,-6.159495863769994,-5.191575482156542
1875,do,0.05,0.0,22,0.8217403328418733,-8.134148619391702,-8.571136755413479
1876,pp,0.05,0.0,17,1.3231515848636635,-5.276469898223877,-4.2938931862513225
1877,do,0.05,0.0,26,3.5714442741870878,-5.888809299468994,-5.866217965549893
1878,pp,0.05,0.0,15,2.363222608566284,-6.751858394796198,-5.104147542847527
1879,do,0.05,0.0,9,0.03536288499832185,-6.35555884476864,-6.093056678771973
1880,pp,0.05,0.0,7,1.0117192840576168,-5.110064782518329,-4.36463782787323
1881,do,0.05,0.0,17,1.6354244029521947,-5.489516641154434,-5.46148709985945
1882,pp,0.05,0.0,64,2.2185589218139645,-6.262404834862911,-5.205279909239875
1883,do,0.05,0.0,23,1.3452700579166406,-5.634707591027924,-5.021666881773207
1884,pp,0.05,0.0,54,2.552660764455795,-6.1952272863099065,-5.306225230958726
1885,do,0.05,0.0,70,3.1110331487655634,-7.534881340373646,-8.548921325471666
1886,pp,0.05,0.0,19,2.110573002099991,-6.2074341282700045,-4.606671367751227
1887,do,0.05,0.0,21,0.8747302508354187,-6.596885990374016,-6.312539887428284
1888,pp,0.05,0.0,12,1.342208092212677,-5.026177438100179,-4.039943928188748
1889,do,0.05,0.0,26,1.749072740077973,-6.663014368577437,-7.204352050357395
1890,pp,0.05,0.0,30,3.0421028649806985,-4.9339950532624215,-4.136114655600654
1891,do,0.05,0.0,4,0.7853692460060122,-4.877487379131895,-4.377698310216268
1892,pp,0.05,0.0,23,4.754906955957414,-6.129910609216401,-4.839677953720093
1893,do,0.05,0.0,17,1.6138181018829343,-6.018058385271015,-5.844333714909023
1894,pp,0.05,0.0,29,2.5381539666652673,-5.452406101515799,-4.6087731202443445
1895,do,0.05,0.0,22,1.5312660300731658,-6.413474796757553,-6.175298590130276
1896,pp,0.05,0.0,11,2.1088811171054846,-4.498714127685084,-3.798733705944485
1897,do,0.05,0.0,17,0.6451318013668059,-6.861837866812041,-6.21468743748135
1898,pp,0.05,0.0,12,1.6484353494644166,-4.225212495977228,-3.657343586285909
1899,do,0.05,0.0,27,0.2205792677402485,-8.15404980543888,-8.006458107630412
1900,pp,0.05,0.0,11,0.7381731009483339,-6.010353675033107,-4.671945190429687
1901,do,0.05,0.0,10,0.2566433274745945,-6.395551931496822,-6.052234485414293
1902,pp,0.05,0.0,39,0.5546307706832891,-7.785074090957641,-6.265773031446669
1903,do,0.05,0.0,19,1.2339260482788088,-5.4613337805776885,-4.8709579494264394
1904,pp,0.05,0.0,13,1.1221551167964927,-5.288301641290838,-4.393997059928046
1905,do,0.05,0.0,12,1.2078006148338316,-6.1519833261316474,-5.029610313309563
1906,pp,0.05,0.0,26,2.852663048505783,-4.388872361905647,-3.791268771224552
1907,do,0.05,0.0,10,0.7490029406547549,-5.546043825149536,-5.132807156774732
1908,pp,0.05,0.0,70,1.6095474791526794,-6.896065589153405,-6.094409698910184
1909,do,0.05,0.0,23,0.8193897747993475,-8.157143939625133,-8.269512600368923
1910,pp,0.05,0.0,48,2.4390121138095857,-8.600018368345319,-7.03511020342509
1911,do,0.05,0.0,70,0.5996564221382137,-9.779152144807759,-9.235109853744508
1912,pp,0.05,0.0,6,0.1059238696098328,-5.328313654119318,-4.5367375320858425
1913,do,0.05,0.0,19,1.8850775539875029,-6.379802083969116,-6.641274897257487
1914,pp,0.05,0.0,20,1.5270348703861236,-4.6714837363272,-4.001156385739645
1915,do,0.05,0.0,24,1.5417695319652562,-6.155143583182133,-6.349898274739584
1916,pp,0.05,0.0,32,2.0282939672470093,-7.410162646842726,-5.983642956945631
1917,do,0.05,0.0,9,-0.25429615736007616,-7.050771051464658,-6.075828923119439
1918,pp,0.05,0.0,14,0.487973014116287,-7.281084982554118,-5.73258908589681
1919,do,0.05,0.0,9,0.38529358983039863,-5.685339345354023,-4.687508074442546
1920,pp,0.05,0.0,15,1.2102352476119993,-4.406498023235437,-3.8259755823347303
1921,do,0.05,0.0,9,1.1454394924640656,-4.8353184439919215,-3.953130194875929
1922,pp,0.05,0.0,13,1.7513679623603817,-4.432612793373339,-3.7820813722080655
1923,do,0.05,0.0,14,0.6567426717281339,-6.939160198153871,-5.976962433920966
1924,pp,0.05,0.0,12,0.7465723371505737,-6.046523904800415,-4.59779089026981
1925,do,0.05,0.0,18,0.9924404382705685,-6.252918124921394,-5.7885127756330705
1926,pp,0.05,0.0,25,1.0939726293087002,-5.528185579993508,-4.722717510329352
1927,do,0.05,0.0,5,0.44784370899200443,-5.7803769501772795,-5.119055761231317
1928,pp,0.05,0.0,37,0.9574757480621354,-9.62891993522644,-8.255936733881633
1929,do,0.05,0.0,70,1.3470185422897352,-8.05634837439566,-7.065189496676127
1930,pp,0.05,0.0,12,2.5641059398651116,-5.0189742492906975,-4.110457097159491
1931,do,0.05,0.0,29,2.101295326948166,-6.466713127945408,-6.312868364651998
1932,pp,0.05,0.0,26,3.670593674182891,-6.153478566083041,-4.777548971441057
1933,do,0.05,0.0,17,0.16365028858184782,-6.280448514764959,-5.651506238513523
1934,pp,0.05,0.0,70,0.7726245081424707,-7.093562363133286,-6.205881137318081
1935,do,0.05,0.0,26,1.6805809593200687,-8.8281653360887,-7.441075380643209
1936,pp,0.05,0.0,7,1.3847181677818297,-5.464887988928592,-3.872868581612905
1937,do,0.05,0.0,20,2.0207531952857964,-5.575130611477476,-5.218948663605584
1938,pp,0.05,0.0,70,1.1074764561653136,-8.618417293375188,-7.2435828182432385
1939,do,0.05,0.0,49,0.7764603316783907,-5.945348625472097,-5.870043982399834
1940,pp,0.05,0.0,19,2.0738486623764034,-5.56866525592226,-4.51494410832723
1941,do,0.05,0.0,6,-0.1694287025928496,-5.463896744179003,-4.505612394544813
1942,pp,0.05,0.0,70,2.6217352437973016,-7.5007649811831385,-6.2091750780741375
1943,do,0.05,0.0,24,2.3692201781272892,-4.722692654349587,-5.132948401239183
1944,pp,0.05,0.0,3,0.0840835750102995,-5.463115299109257,-4.714989262157016
1945,do,0.05,0.0,15,0.9071622478961938,-6.369149718140111,-5.8073148065143165
1946,pp,0.05,0.0,66,0.6351729488372797,-9.22924694292473,-8.372459904352825
1947,do,0.05,0.0,36,2.602656705379486,-6.811404764291012,-7.360243948300679
1948,pp,0.05,0.0,39,3.14293195605278,-6.421506244486029,-5.62325541973114
1949,do,0.05,0.0,28,0.30227877140045223,-8.66899368979714,-7.682113880581326
1950,pp,0.05,0.0,18,1.676451036930084,-5.605420606786555,-4.692929768562317
1951,do,0.05,0.0,61,1.8591327488422396,-7.993802684726137,-6.876039348708259
1952,pp,0.05,0.0,34,1.6317267858982074,-6.841073713880597,-5.7223797824647695
1953,do,0.05,0.0,11,-0.15516541004180873,-6.184668689785582,-5.136774632665846
1954,pp,0.05,0.0,70,2.2125805509090437,-7.6972080606402775,-6.755455133650038
1955,do,0.05,0.0,10,0.7211040866374967,-6.609630623730746,-5.9894396172629465
1956,pp,0.05,0.0,27,0.3038224732875827,-7.255774681495898,-6.1105503267712065
1957,do,0.05,0.0,1,-0.6498688161373138,-5.817561025330515,-4.978261672125923
1958,pp,0.05,0.0,15,1.269901466369629,-5.770019687305798,-5.164781620767381
1959,do,0.05,0.0,35,0.4297884392738345,-6.165813893982858,-5.6842320813073055
1960,pp,0.05,0.0,20,0.3560656553506858,-6.145196664694584,-4.951340858141581
1961,do,0.05,0.0,17,2.2680754029750814,-5.710253190994263,-5.295625016424391
1962,pp,0.05,0.0,13,1.675896369218827,-5.690493163195524,-5.0438169903225365
1963,do,0.05,0.0,1,-0.4033620810508731,-5.807836601950905,-5.018753080897861
1964,pp,0.05,0.0,5,-0.631184315681458,-5.785384631879402,-4.954110304514567
1965,do,0.05,0.0,3,-0.49680185079574635,-6.524377373493079,-5.512144192059835
1966,pp,0.05,0.0,10,0.850287536382675,-5.840060023105505,-5.401994093259176
1967,do,0.05,0.0,12,2.22004391670227,-5.659366792621035,-4.70949506494734
1968,pp,0.05,0.0,19,2.5736345958709714,-6.847540349671335,-5.609785525004069
1969,do,0.05,0.0,24,3.695541080236435,-6.023941528435909,-5.193752850426568
1970,pp,0.05,0.0,21,3.0540777051448824,-5.64191918517604,-4.50558439625634
1971,do,0.05,0.0,19,1.0414721119403838,-6.198852057890458,-5.661276981565687
1972,pp,0.05,0.0,18,1.1631295943260183,-7.45469792250431,-6.501669541994731
1973,do,0.05,0.0,65,0.08039514780044499,-9.270802376487039,-7.045471337106493
1974,pp,0.05,0.0,34,0.15700541496276887,-5.911726149645719,-5.122377922799852
1975,do,0.05,0.0,6,0.2604080152511594,-6.119012295116078,-5.269543740484449
1976,pp,0.05,0.0,7,-0.3253895771503448,-6.502192104224003,-5.495484285884434
1977,do,0.05,0.0,18,1.7439951598644257,-4.942892973350756,-4.426789834764269
1978,pp,0.05,0.0,21,2.29470765352249,-6.293844092975963,-5.160573154025608
1979,do,0.05,0.0,5,0.06676550507545453,-6.073341923049002,-5.188271024492052
1980,pp,0.05,0.0,40,2.0214570081233987,-7.002299008224949,-5.6548388295703464
1981,do,0.05,0.0,9,0.5601528739929202,-5.549803339351307,-5.152901734246148
1982,pp,0.05,0.0,10,1.3950839495658878,-5.064873867323905,-4.155745969878303
1983,do,0.05,0.0,10,-0.35101809263229367,-5.697865226052024,-5.41016731262207
1984,pp,0.05,0.0,9,0.04626755833625751,-5.215491872845274,-4.510077312257555
1985,do,0.05,0.0,5,-0.33832905173301775,-6.883526520295576,-5.576199481222365
1986,pp,0.05,0.0,3,-0.07552611112594576,-5.634353707053444,-4.908848057852851
1987,do,0.05,0.0,5,0.32410104870796186,-5.893060672644413,-5.36770650015937
1988,pp,0.05,0.0,26,2.1299975669383997,-6.801506136402939,-5.424482531017727
1989,do,0.05,0.0,1,-0.5313179111480713,-5.638015972484242,-5.133776534928216
1990,pp,0.05,0.0,6,-0.16999353170394915,-5.561399131832701,-4.768098706669278
1991,do,0.05,0.0,10,0.35756599187850924,-6.861064975911921,-5.634767323070102
1992,pp,0.05,0.0,12,0.405228543281555,-6.766060709230827,-5.321703661812676
1993,do,0.05,0.0,68,0.36801673412323055,-9.339666161392675,-8.667748991648356
1994,pp,0.05,0.0,11,0.782182071208954,-5.68059995246656,-4.8328309588962135
1995,do,0.05,0.0,4,-0.3806418442726134,-6.157319389690052,-5.516824669308132
1996,pp,0.05,0.0,1,-0.2602714443206784,-5.688190899473248,-5.046315786573622
1997,do,0.05,0.0,13,1.5188691484928132,-5.545764928875547,-4.855428520838419
1998,pp,0.05,0.0,11,1.5255811476707457,-5.536625415628607,-4.813005055321588
1999,do,0.05,0.0,10,1.0136453342437743,-5.604674180348714,-4.950321096844143
2000,pp,0.05,0.0,5,1.1448282957077032,-5.029232701388272,-4.334224671787686
2001,do,0.05,0.0,9,0.683939892053604,-4.998398750478571,-4.697913085089789
2002,pp,0.05,0.0,35,0.6609882307052608,-6.272836969837998,-5.37415120071835
2003,do,0.05,0.0,18,1.6056261575222015,-5.089730308995103,-5.44858332739936
2004,pp,0.05,0.0,7,0.8268243730068212,-5.536163444230051,-4.347845101356507
2005,do,0.05,0.0,4,0.9872970795631408,-5.622644733660149,-5.206788521342808
2006,pp,0.05,0.0,7,0.96001387476921,-5.184248445973251,-4.3954204532835215
2007,do,0.05,0.0,12,0.5467591834068299,-6.322382255034014,-5.686249595218235
2008,pp,0.05,0.0,66,0.16343015432357788,-7.124940067349058,-6.121232361263699
2009,do,0.05,0.0,16,1.609599794149399,-4.7457417343602035,-4.451654940181308
2010,pp,0.05,0.0,41,2.0741212093830113,-6.6892601677865695,-4.876976195971171
2011,do,0.05,0.0,23,1.5477580893039704,-5.961700102777192,-6.019703332583109
2012,pp,0.05,0.0,70,2.706777220964433,-7.600464974027691,-6.023743459913466
2013,do,0.05,0.0,11,1.0613253426551816,-6.06860155914769,-5.4421710915035675
2014,pp,0.05,0.0,6,0.6601520788669593,-5.391424889998002,-4.353667701615228
2015,do,0.05,0.0,25,2.7734646153450013,-5.350648286125876,-5.960742118623521
2016,pp,0.05,0.0,70,1.923057173490525,-6.141606494152184,-5.657021130455865
2017,do,0.05,0.0,32,3.1638458251953123,-5.658638285145615,-5.2417147689395485
2018,pp,0.05,0.0,17,2.1700763428211216,-5.4499720082138525,-4.613626927799649
2019,do,0.05,0.0,70,2.1723522794246675,-6.076806879043579,-5.1120192660225765
2020,pp,0.05,0.0,70,1.3645190989971159,-6.200291882139264,-5.313247623708513
2021,do,0.05,0.0,25,1.2341139423847194,-6.042451032002767,-6.16440847714742
2022,pp,0.05,0.0,23,1.9463974237442017,-5.671815768155184,-4.817345685429043
2023,do,0.05,0.0,29,2.830477386713028,-5.349495945554791,-5.6633216990364925
2024,pp,0.05,0.0,45,0.6407884526252738,-7.136613075660937,-5.993956441349454
2025,do,0.05,0.0,12,1.455949048995972,-6.359806114254575,-5.475445795059204
2026,pp,0.05,0.0,15,1.5624238991737363,-5.656798112753666,-4.359925609164768
2027,do,0.05,0.0,8,0.30206471562385584,-6.728405792062933,-5.907134620348613
2028,pp,0.05,0.0,22,0.19518826127052336,-6.090757793368716,-5.025627175966899
2029,do,0.05,0.0,7,0.994220805168152,-5.7051973906430336,-4.775811992751228
2030,pp,0.05,0.0,10,1.2493505346775056,-5.9260521830934465,-4.659719106886122
2031,do,0.05,0.0,13,0.8663574039936064,-4.807147986961134,-4.532291457388136
2032,pp,0.05,0.0,53,0.7762389039993298,-8.915757822267937,-7.704614016744825
2033,do,0.05,0.0,16,2.753395909070969,-6.226399541623665,-5.627450198597378
2034,pp,0.05,0.0,17,3.126041504144668,-5.053834269263527,-4.154546560181512
2035,do,0.05,0.0,20,1.2012678945064543,-6.5370444875774965,-5.958022795783149
2036,pp,0.05,0.0,31,1.8355447614192961,-6.948767949595596,-5.687633111741808
2037,do,0.05,0.0,70,1.5168985700607296,-8.77379576220657,-7.941700045267741
2038,pp,0.05,0.0,36,2.6138617300987246,-6.0196937329841385,-4.8102496253119575
2039,do,0.05,0.0,10,1.4393799066543584,-6.000987911224366,-5.125039540396797
2040,pp,0.05,0.0,17,2.7677999913692473,-5.402244313557943,-4.388619759347704
2041,do,0.05,0.0,8,0.6382082056999208,-5.560461201812282,-5.668751282162137
2042,pp,0.05,0.0,7,1.3394909334182739,-4.239157571214618,-3.72726911438836
2043,do,0.05,0.0,48,1.612020554542541,-7.90785878499349,-6.934157297346327
2044,pp,0.05,0.0,11,1.2511831760406489,-5.313898375540068,-4.349132556385464
2045,do,0.05,0.0,18,2.4650818097591403,-4.6814208738731615,-4.27043112648858
2046,pp,0.05,0.0,41,1.7315276885032658,-5.579309109485511,-4.751588349872165
2047,do,0.05,0.0,67,2.5911268699169154,-6.798531519282948,-6.056704714563158
2048,pp,0.05,0.0,50,1.2650983822345738,-7.315977927410241,-5.94736877017551
2049,do,0.05,0.0,25,1.7174797284603116,-7.052321675329497,-6.0684287548065186
2050,pp,0.05,0.0,43,1.485958466529846,-7.231088282845237,-6.505154315630595
2051,do,0.05,0.0,9,0.52128233551979,-6.488414845322118,-5.788593093554179
2052,pp,0.05,0.0,6,1.2928010094165803,-4.715403777902776,-3.9540898429022895
2053,do,0.05,0.0,58,2.191280663013459,-7.286213772224658,-6.791043408711752
2054,pp,0.05,0.0,18,2.8809173882007606,-5.669357500654279,-4.556356671121385
2055,do,0.05,0.0,34,2.3984833192825326,-5.862582170602047,-5.509100132518345
2056,pp,0.05,0.0,70,0.9593615710735319,-6.082641822641546,-5.196972608566284
2057,do,0.05,0.0,16,1.0149792790412908,-6.320703256491459,-6.788771406809489
2058,pp,0.05,0.0,70,2.070427861213684,-9.53070961634318,-7.943684585889181
2059,do,0.05,0.0,56,2.3219922637939456,-6.3193591117858885,-5.947160209549798
2060,pp,0.05,0.0,33,3.2791776907443992,-5.476323552565141,-4.479050906499227
2061,do,0.05,0.0,6,0.4000526630878447,-5.594665196447662,-5.32705475754208
2062,pp,0.05,0.0,51,1.7764637732505797,-9.293737444733129,-7.984433256255256
2063,do,0.05,0.0,6,0.9822239363193512,-6.231713167826334,-5.004661202430725
2064,pp,0.05,0.0,7,0.9214146184921264,-5.11893427733219,-4.047263704405891
2065,do,0.05,0.0,7,1.4246369731426247,-6.2303009929079,-5.8942084312438965
2066,pp,0.05,0.0,12,1.4353866207599637,-5.040662001118515,-4.015020603603787
2067,do,0.05,0.0,30,3.197871574163437,-4.876746456550829,-4.697612349192301
2068,pp,0.05,0.0,40,1.7533337867259986,-7.367542359323212,-6.177948644426134
2069,do,0.05,0.0,14,0.8082859635353081,-6.989292638952082,-6.202867264217801
2070,pp,0.05,0.0,26,2.0640015017986304,-6.528310186212713,-5.520350988705953
2071,do,0.05,0.0,21,1.8536243867874136,-6.911921154369008,-6.0402834309471976
2072,pp,0.05,0.0,13,2.108067657947541,-5.056836342089104,-4.27865157922109
2073,do,0.05,0.0,67,1.3917449057102207,-8.162088801644066,-7.5362651189168295
2074,pp,0.05,0.0,17,1.089887478351593,-5.649217517448194,-4.10294924709532
2075,do,0.05,0.0,69,2.5192883479595176,-8.617572699171124,-7.282425133387248
2076,pp,0.05,0.0,59,2.166261594295502,-9.881323479161118,-7.8157519790861345
2077,do,0.05,0.0,12,0.93201292514801,-7.577291524771488,-6.790418428844876
2078,pp,0.05,0.0,28,1.0001102316379544,-6.942804395791256,-5.531313935915629
2079,do,0.05,0.0,4,1.0624522209167475,-4.850941256320838,-4.692714632882012
2080,pp,0.05,0.0,12,1.5924127721786494,-4.54118049361489,-3.605448442035251
2081,do,0.05,0.0,30,2.907379994392395,-4.975518576304117,-5.325491065449185
2082,pp,0.05,0.0,50,2.644000272750854,-7.546177330884066,-5.727577784326342
2083,do,0.05,0.0,7,0.45939443230628996,-5.483544817837802,-5.164703467157152
2084,pp,0.05,0.0,7,0.2268607139587404,-5.7435173338109795,-4.618231534957886
2085,do,0.05,0.0,28,1.5146333873271942,-5.934690244270094,-6.254131444295248
2086,pp,0.05,0.0,18,1.250553474426269,-5.683138623382106,-4.340212289492289
2087,do,0.05,0.0,10,1.2076765966415408,-4.827315779888269,-4.268668201234606
2088,pp,0.05,0.0,11,1.8672170174121856,-4.883837121905702,-4.12315096590254
2089,do,0.05,0.0,18,1.9908466041088104,-7.251596499934341,-6.780684020784166
2090,pp,0.05,0.0,28,1.8847763252258298,-7.8663364684943,-6.047765925195482
2091,do,0.05,0.0,7,0.9180504703521732,-5.337813527656324,-4.994906094339159
2092,pp,0.05,0.0,45,1.3425475513935083,-6.571364300178759,-6.122010008494059
2093,do,0.05,0.0,10,1.6885904836654664,-5.970303817228838,-4.87580140431722
2094,pp,0.05,0.0,8,1.3142580258846284,-5.233412177634961,-3.921851290596856
2095,do,0.05,0.0,14,1.437271293401718,-4.984871997255268,-5.73723369439443
2096,pp,0.05,0.0,70,1.1453490447998051,-6.017528330196034,-5.512943490346273
2097,do,0.05,0.0,56,1.608274196386338,-8.065808775930694,-7.075983736250135
2098,pp,0.05,0.0,35,1.9725668382644646,-8.290817873405688,-6.643550215827094
2099,do,0.05,0.0,9,0.43546112179756147,-5.702365652720133,-4.952124330732557
2100,pp,0.05,0.0,8,1.4135940945148464,-5.570198719429247,-4.660012817382812
2101,do,0.05,0.0,24,3.263013609647752,-6.674065113067627,-5.862633432282342
2102,pp,0.05,0.0,18,1.87891755104065,-5.335547294038715,-4.657035189204746
2103,do,0.05,0.0,4,1.0760889244079586,-5.836509032682939,-4.937591030862596
2104,pp,0.05,0.0,52,0.7569668054580685,-7.343581263224284,-6.704403665330675
2105,do,0.05,0.0,16,1.172260789871216,-5.41061698884675,-5.71928772661421
2106,pp,0.05,0.0,8,0.27580474734306293,-5.247693060383652,-4.541095550855001
2107,do,0.05,0.0,66,0.8936247491836546,-11.024822960477886,-9.089019870758056
2108,pp,0.05,0.0,66,1.8823661732673642,-10.558100787076084,-8.452307086520724
2109,do,0.05,0.0,35,1.4879945361614224,-6.526544818011197,-6.072733288341098
2110,pp,0.05,0.0,14,1.6589093029499056,-4.796546310367006,-3.8529436932669747
2111,do,0.05,0.0,17,0.4724028289318083,-6.446449565887451,-6.004254915979174
2112,pp,0.05,0.0,67,1.2670070147514334,-7.812293280977191,-6.600439479615953
2113,do,0.05,0.0,7,0.5116098678112033,-4.6467169183673285,-4.6893779039382935
2114,pp,0.05,0.0,56,1.3400322926044463,-8.611636550498732,-6.9716978947321575
2115,do,0.05,0.0,19,1.486493164300918,-6.151044884595004,-6.413100679715474
2116,pp,0.05,0.0,21,1.6536950659751897,-6.122412967681885,-4.932271289825439
2117,do,0.05,0.0,39,1.6993201446533206,-6.790939016053171,-6.316266597641839
2118,pp,0.05,0.0,55,2.332409089803696,-6.190549968950676,-5.283784839842054
2119,do,0.05,0.0,52,0.8160442483425143,-7.628894920060129,-6.634785787264506
2120,pp,0.05,0.0,8,1.156092258691788,-4.057619828888864,-3.5361618585056727
2121,do,0.05,0.0,10,2.5405985319614413,-5.50001016963612,-4.958513943354289
2122,pp,0.05,0.0,70,1.2027163314819322,-8.283132946130001,-6.81498154534234
2123,do,0.05,0.0,11,1.532547218799591,-5.807428445238056,-5.440413488282098
2124,pp,0.05,0.0,46,0.9489598691463463,-8.684478242469556,-7.022704018486871
2125,do,0.05,0.0,6,1.087083203792572,-4.869359694105206,-4.463638218243917
2126,pp,0.05,0.0,60,0.5261208975315093,-8.631318242622145,-7.049125666088528
2127,do,0.05,0.0,4,-0.048904020786284974,-5.467190306114428,-4.71728580792745
2128,pp,0.05,0.0,5,0.5720189535617832,-5.437036822058937,-4.542688692940606
2129,do,0.05,0.0,21,2.3490872299671173,-5.147063024116285,-4.580444974369473
2130,pp,0.05,0.0,23,1.3128909826278683,-6.168253206484246,-5.1594896766874525
2131,do,0.05,0.0,24,1.4422952544689176,-5.311123024333607,-4.467172278298272
2132,pp,0.05,0.0,70,1.292116394042969,-8.132434522744381,-6.933737232949999
2133,do,0.05,0.0,9,0.23920657873153672,-6.048769825155085,-5.018870250384013
2134,pp,0.05,0.0,24,0.7275766360759732,-6.627354490395748,-5.780578231811523
2135,do,0.05,0.0,70,0.1497275352478038,-8.706041727644024,-7.315881469514635
2136,pp,0.05,0.0,11,0.34541962623596234,-5.827804747494784,-4.8007840077082315
2137,do,0.05,0.0,21,1.2721692228317263,-5.961308087724628,-5.395613521999783
2138,pp,0.05,0.0,31,2.0681037986278534,-6.05541793794343,-5.274931433465746
2139,do,0.05,0.0,42,1.4383744585514062,-6.203484610355262,-5.505114761988322
2140,pp,0.05,0.0,11,0.45720263600349487,-5.838162147637569,-5.259650105900235
2141,do,0.05,0.0,18,0.8921429181098945,-6.672011732332634,-5.426750996377733
2142,pp,0.05,0.0,11,0.8345307052135471,-5.8913189035473446,-4.774044309722052
2143,do,0.05,0.0,8,0.38172022819519036,-6.92478401444175,-5.696952814526028
2144,pp,0.05,0.0,15,0.8819237828254707,-5.884177848064538,-4.621303187476264
2145,do,0.05,0.0,14,0.9589285326004031,-5.636561324379661,-5.072096276283264
2146,pp,0.05,0.0,39,1.4308777618408204,-6.005716832478841,-5.100320633252462
2147,do,0.05,0.0,62,1.1991646051406857,-7.508762642831513,-6.941395754284329
2148,pp,0.05,0.0,32,0.01322199583053596,-6.963840806845463,-6.049588645829095
2149,do,0.05,0.0,23,2.891345249414444,-6.882700060353135,-6.0957580142551
2150,pp,0.05,0.0,10,1.6449619603157046,-5.464269133770105,-4.448973796102735
2151,do,0.05,0.0,17,1.1960114443302148,-5.704893011035341,-5.13067721525828
2152,pp,0.05,0.0,7,0.7044023966789243,-4.996151695829449,-4.338469113243951
2153,do,0.05,0.0,66,0.8678717589378362,-9.177511849547878,-7.994773165384928
2154,pp,0.05,0.0,26,1.6782319819927212,-7.004671388683897,-5.856064012315538
2155,do,0.05,0.0,17,1.3422803831100465,-5.658775859890562,-5.21369440290663
2156,pp,0.05,0.0,14,0.45596587061881966,-5.705194633657282,-4.679144226180183
2157,do,0.05,0.0,22,3.015915569067001,-7.922409778652769,-6.536647208531698
2158,pp,0.05,0.0,67,1.2831712257862087,-8.636490177385735,-7.380445255173577
2159,do,0.05,0.0,29,2.5994116699695597,-6.493531347043587,-5.8558264361487495
2160,pp,0.05,0.0,15,2.405777776241303,-4.9521198561697295,-3.9814158307181464
2161,do,0.05,0.0,69,2.6622812986373905,-5.689070071596088,-5.620384046766493
2162,pp,0.05,0.0,15,1.394192399978638,-4.670563397263035,-3.7778806236055162
2163,do,0.05,0.0,15,2.21232228755951,-6.132436742204608,-5.795223485098945
2164,pp,0.05,0.0,14,1.779592951536178,-5.62268001238505,-4.431245878007677
2165,do,0.05,0.0,16,1.233139951229095,-6.134683103272409,-6.526785262425741
2166,pp,0.05,0.0,14,1.0235629141330715,-4.992653944998077,-4.081324272685581
2167,do,0.05,0.0,7,0.3245211410522453,-5.212254564689867,-4.80910345448388
2168,pp,0.05,0.0,69,0.35236845254898075,-7.85264045975425,-6.213208060794407
2169,do,0.05,0.0,11,0.6136741983890532,-5.331640286879106,-4.45155809852812
2170,pp,0.05,0.0,7,0.5976630938053127,-5.210726570360588,-4.56687548160553
2171,do,0.05,0.0,19,-0.009354323148727417,-6.522129768313784,-5.400254329045613
2172,pp,0.05,0.0,5,-0.48511121511459354,-6.19794783447728,-5.250633475515578
2173,do,0.05,0.0,10,1.3194308316707604,-5.8574375398231275,-5.577989027235243
2174,pp,0.05,0.0,6,0.5046309673786169,-5.472690992644339,-4.6510963784323796
2175,do,0.05,0.0,4,-0.3283922708034517,-6.147014867898189,-5.61892638736301
2176,pp,0.05,0.0,5,-0.3042862200737,-5.901264895814838,-5.262176479233636
2177,do,0.05,0.0,14,1.1417022776603698,-4.4761079470316565,-4.562445261743334
2178,pp,0.05,0.0,18,2.184212745428085,-6.39631034822175,-5.051570155885485
2179,do,0.05,0.0,5,-0.4744670665264126,-5.178288230029019,-4.884813454416063
2180,pp,0.05,0.0,1,-0.5772162163257599,-5.486316206960967,-4.834672506650289
2181,do,0.05,0.0,28,1.6508999097347266,-4.731620405659531,-4.848457092709012
2182,pp,0.05,0.0,6,0.7026025283336637,-4.998423683282101,-4.209722889794244
2183,do,0.05,0.0,8,0.6077296113967892,-4.421095770055597,-4.33476013607449
2184,pp,0.05,0.0,5,0.025521802902221502,-5.7492245240644975,-4.736787478129069
2185,do,0.05,0.0,15,1.3813966882228854,-4.928116184292418,-5.655232357978821
2186,pp,0.05,0.0,15,1.7260746943950656,-5.031308821475867,-4.257527059978909
2187,do,0.05,0.0,10,0.07633147239685112,-5.628485079967614,-5.301305103302002
2188,pp,0.05,0.0,4,-0.17783292770385728,-5.35895476919232,-4.437027562989129
2189,do,0.05,0.0,19,0.5181477189064028,-5.347582684141217,-4.868716883659363
2190,pp,0.05,0.0,11,0.0864723110198975,-4.930564909270315,-4.268121849166023
2191,do,0.05,0.0,5,0.47121068835258484,-4.471165174426455,-4.379393310017056
2192,pp,0.05,0.0,70,1.2602157783508305,-6.864793517372825,-5.82873703373803
2193,do,0.05,0.0,15,1.6029692196846002,-5.413923006346732,-5.189762645297581
2194,pp,0.05,0.0,28,0.7725410532951358,-8.323613392223011,-6.73390277756585
2195,do,0.05,0.0,43,0.6661955654621119,-6.900717502651792,-7.639907937579685
2196,pp,0.05,0.0,6,0.33298925399780277,-4.979658472176754,-4.287853838337792
2197,do,0.05,0.0,9,1.4735184538364408,-4.780893046928175,-4.904477953910828
2198,pp,0.05,0.0,6,0.49941234707832294,-5.813093306801536,-4.739195177290175
2199,do,0.05,0.0,9,0.5774898308515555,-4.357452578978105,-4.263687319225735
2200,pp,0.05,0.0,9,0.6461853635311128,-5.082965206377434,-4.236804554197524
2201,do,0.05,0.0,21,1.4626060473918923,-5.277942965247414,-4.834681158595615
2202,pp,0.05,0.0,28,2.4012198805809026,-6.492949323943167,-5.6621220138337875
2203,do,0.05,0.0,1,-0.49769161462783806,-5.38469935763966,-4.992371355162726
2204,pp,0.05,0.0,6,0.006106309890747674,-4.935886989940297,-4.2061642209688825
2205,do,0.05,0.0,15,1.8303371822834018,-6.159179855115486,-5.348989547623528
2206,pp,0.05,0.0,70,4.717610852718353,-8.538193524967541,-6.808619403839112
2207,do,0.05,0.0,5,-0.5978856813907631,-5.840941316431219,-5.302439175711738
2208,pp,0.05,0.0,43,0.3423655354976649,-6.374630338495428,-5.7447716236114506
2209,do,0.05,0.0,19,1.7457425904273984,-5.386948004635897,-6.096043578783671
2210,pp,0.05,0.0,29,1.7744460022449493,-6.019694714112715,-5.013375062412686
2211,do,0.05,0.0,4,-0.015400249958037904,-5.200031247283473,-4.718782793151008
2212,pp,0.05,0.0,28,-0.0007593381404866761,-7.611380224516897,-6.69178417523702
2213,do,0.05,0.0,14,1.2691994118690486,-5.4005522988059305,-5.260216808319091
2214,pp,0.05,0.0,23,1.3024419343471534,-5.843034806396022,-5.037881594234043
2215,do,0.05,0.0,12,2.0710717415809627,-5.220981941801129,-5.437905006938511
2216,pp,0.05,0.0,21,0.8660245001316067,-7.146944098039107,-6.162579475508796
2217,do,0.05,0.0,14,2.2399448001384723,-5.196204327092026,-4.756942388746474
2218,pp,0.05,0.0,17,2.903014861345291,-6.574540573177916,-5.385681393411424
2219,do,0.05,0.0,36,2.7171198797225946,-5.793036904479518,-5.423873946401808
2220,pp,0.05,0.0,24,1.4730554723739626,-6.4081486051732846,-5.464551952150133
2221,do,0.05,0.0,18,1.7458433067798618,-5.199845091501872,-4.849078803592258
2222,pp,0.05,0.0,25,1.6355117654800422,-5.74556272391117,-4.745678279134962
2223,do,0.05,0.0,7,0.5800523567199702,-4.7315964352000845,-5.322901270124647
2224,pp,0.05,0.0,12,0.592047647237778,-6.0727530334935045,-5.115525762240092
2225,do,0.05,0.0,53,2.4544893574714663,-5.893188882596565,-4.934886076715258
2226,pp,0.05,0.0,7,0.7769959926605221,-5.284096160079494,-4.364395096566942
2227,do,0.05,0.0,17,1.0441668534278872,-4.41743361010696,-4.030707246727413
2228,pp,0.05,0.0,48,1.8178701937198642,-9.06491647344647,-7.9435193406211
2229,do,0.05,0.0,40,2.617836416959763,-5.7376882654247865,-4.841639526685079
2230,pp,0.05,0.0,39,3.5085016441345207,-6.586534547805786,-5.429808820618524
2231,do,0.05,0.0,35,2.387367075681686,-6.649073719255852,-6.488676569196913
2232,pp,0.05,0.0,29,3.0397932362556457,-8.529088812163382,-7.01212235821618
2233,do,0.05,0.0,16,0.699241631031037,-6.350695738647923,-5.562017952071296
2234,pp,0.05,0.0,13,1.7063449549674985,-6.7269953193086565,-5.541810486051771
2235,do,0.05,0.0,18,1.4848120021820073,-4.6668912482984135,-4.855681252479553
2236,pp,0.05,0.0,29,0.8728751063346865,-6.354133932518237,-5.665815602408515
2237,do,0.05,0.0,21,1.398895424604416,-4.481163623116233,-3.975684881210327
2238,pp,0.05,0.0,53,1.6742010939121243,-5.972806423360651,-5.1250506718953455
2239,do,0.05,0.0,16,1.7252186739444735,-5.459583767977628,-4.714575607246823
2240,pp,0.05,0.0,5,-0.1883128774166103,-5.781761146314216,-5.207572685347663
2241,do,0.05,0.0,13,1.9126951599121096,-4.901347333734686,-4.829289923773872
2242,pp,0.05,0.0,22,1.3402177095413208,-5.779130636562001,-4.973878810140822
2243,do,0.05,0.0,9,0.9245126318931574,-4.768605646942601,-4.416938930087619
2244,pp,0.05,0.0,11,2.383927484750748,-6.157035584883256,-4.871626218159993
2245,do,0.05,0.0,8,0.9137283933162692,-4.861693746393377,-4.641783743434482
2246,pp,0.05,0.0,11,1.5528200900554658,-5.387952788670858,-4.521965795093113
2247,do,0.05,0.0,28,0.8529737937450417,-6.167654583670876,-5.743300912115309
2248,pp,0.05,0.0,6,0.2686990880966187,-5.268409957307758,-4.408763612641229
2249,do,0.05,0.0,6,0.2669430863857274,-5.048585923512777,-5.097350438435872
2250,pp,0.05,0.0,5,-0.09792613863944943,-5.48531799027414,-4.679496953222487
2251,do,0.05,0.0,14,1.129620518684387,-4.521669497634425,-4.768636441230774
2252,pp,0.05,0.0,21,2.18197350025177,-5.371625975406531,-4.495000012715658
2253,do,0.05,0.0,13,1.2549922406673426,-4.3201739275094235,-4.520780687861972
2254,pp,0.05,0.0,10,1.9396269810199742,-5.405045195781823,-4.783994269371033
2255,do,0.05,0.0,8,0.1564146220684055,-5.620973446874908,-5.173962346712748
2256,pp,0.05,0.0,37,1.2039664638042442,-7.38819186037237,-6.574178226788839
2257,do,0.05,0.0,5,0.6421372330188744,-5.112500336675933,-4.728005909919739
2258,pp,0.05,0.0,15,1.4349052476882935,-4.96822670878786,-4.130974846416049
2259,do,0.05,0.0,51,1.720601350069046,-7.2594425707152395,-6.97308997048272
2260,pp,0.05,0.0,22,2.9724460697174067,-5.65569481271686,-4.7261811388863455
2261,do,0.05,0.0,56,0.6514404940605161,-7.154692723534324,-7.002933666441176
2262,pp,0.05,0.0,54,0.37618392348289564,-7.105766293496797,-6.257138837708367
2263,do,0.05,0.0,50,1.2200213873386394,-6.807020079005849,-6.185601727167765
2264,pp,0.05,0.0,31,0.9281449770927432,-6.535536755937518,-5.866030184427897
2265,do,0.05,0.0,43,1.6960629069805142,-6.509036399378921,-6.153241629070706
2266,pp,0.05,0.0,25,2.833273898363114,-5.448957486586138,-4.479484513070848
2267,do,0.05,0.0,70,1.279471749067306,-7.038477384682857,-6.975152725643582
2268,pp,0.05,0.0,70,1.2168504321575169,-7.162067462458755,-6.040085959434509
2269,do,0.05,0.0,39,2.5305623793602,-7.266874486749822,-6.54752598868476
2270,pp,0.05,0.0,10,1.9429640173912048,-5.1643323479276715,-4.20887811978658
2271,do,0.05,0.0,65,0.22312443256378245,-7.191007767301617,-6.995884354909261
2272,pp,0.05,0.0,2,-0.33492541313171387,-5.541441437692353,-5.010302681393093
2273,do,0.05,0.0,68,0.7348627519607547,-7.323028707504273,-6.8647431002722845
2274,pp,0.05,0.0,70,0.019028838872909404,-7.613570022583008,-6.959542067845662
2275,do,0.05,0.0,38,1.7343559706211096,-5.700037149949507,-5.787223611937629
2276,pp,0.05,0.0,69,0.8632093548774709,-8.21331351887096,-7.003658591376411
2277,do,0.05,0.0,38,2.5030113732814794,-4.995179749980117,-4.544658607906765
2278,pp,0.05,0.0,70,1.6733372163772593,-8.310198204445117,-7.494104385375977
2279,do,0.05,0.0,33,1.823625922203064,-6.65670951351975,-5.951750699679057
2280,pp,0.05,0.0,53,1.6592227792739873,-8.067839723644834,-6.831530661053128
2281,do,0.05,0.0,31,1.8850980114936826,-6.04285834052346,-5.460821567641364
2282,pp,0.05,0.0,70,3.1360011398792267,-5.992007635578965,-5.042011811998155
2283,do,0.05,0.0,32,2.4689073741436003,-6.529142106663097,-5.843955866495768
2284,pp,0.05,0.0,40,2.4215261411666873,-7.624492742076065,-6.66684373749627
2285,do,0.05,0.0,34,2.44284776687622,-5.918832552071773,-5.495418111483256
2286,pp,0.05,0.0,19,1.57449138045311,-6.1655211506467875,-5.272662162780762
2287,do,0.05,0.0,70,0.9071726429462439,-6.961783530495383,-7.2917044003804525
2288,pp,0.05,0.0,51,0.09519124031066895,-7.623446450088963,-6.633229157659742
2289,do,0.05,0.0,13,2.907435767650605,-5.103460176063306,-4.229245625601875
2290,pp,0.05,0.0,33,2.499393663406373,-6.524755671530059,-5.481809684965346
2291,do,0.05,0.0,31,1.487395998239518,-6.584311433271928,-6.533868853251139
2292,pp,0.05,0.0,23,1.4758609580993651,-6.290670669440067,-5.24657989607917
2293,do,0.05,0.0,70,1.3574430501461032,-6.6804367556716455,-6.116009391678704
2294,pp,0.05,0.0,23,1.3962744283676152,-5.697516490473892,-4.762189470397102
2295,do,0.05,0.0,13,1.51625823020935,-5.5035112222035725,-4.777104862531027
2296,pp,0.05,0.0,20,1.4336135578155522,-5.6364128286188295,-4.638260944684347
2297,do,0.05,0.0,24,0.7673368763923643,-5.037982153170036,-5.396558700667487
2298,pp,0.05,0.0,13,0.8978138267993927,-6.321883526715365,-5.365735779868232
2299,do,0.05,0.0,13,0.6717916464805604,-5.576254899574049,-5.0494975381427345
2300,pp,0.05,0.0,7,0.4081488001346587,-5.637319616837935,-4.862876362270779
2301,do,0.05,0.0,29,2.3284019315242777,-5.113691103097164,-4.760154676437378
2302,pp,0.05,0.0,18,1.8100842928886411,-4.985530324415727,-4.280361551708645
2303,do,0.05,0.0,46,1.2945771014690397,-5.862154434666489,-6.369257979922825
2304,pp,0.05,0.0,25,1.3261312925815583,-5.565604890476574,-4.95717289712694
2305,do,0.05,0.0,70,0.9635876762866982,-7.002690456852768,-6.065800579388936
2306,pp,0.05,0.0,46,1.6414745974540708,-6.2029139518737795,-5.319992073376974
2307,do,0.05,0.0,70,0.35737906217575066,-7.1818927042412035,-6.628818575541178
2308,pp,0.05,0.0,27,2.2051776230335234,-6.845306304006866,-5.939458749029371
2309,do,0.05,0.0,20,0.8673845601081851,-5.805811986056241,-5.4509199168947005
2310,pp,0.05,0.0,59,2.586277816295624,-10.431272420016201,-8.101158989800346
2311,do,0.05,0.0,63,1.8493339562416065,-9.625160052559593,-8.727395094765557
2312,pp,0.05,0.0,58,1.7833624887466435,-11.698732095776183,-10.200370105107625
2313,do,0.05,0.0,5,0.5714261496067046,-5.315879646937052,-4.7503806882434425
2314,pp,0.05,0.0,5,0.07562969803810127,-5.697824035991322,-5.020110644234551
2315,do,0.05,0.0,29,0.9842732167243957,-6.5530144171281295,-5.881303678618537
2316,pp,0.05,0.0,44,1.552461893558502,-6.291056552077785,-5.672057898839315
2317,do,0.05,0.0,39,1.2408728492259975,-7.076753820072521,-6.4530944188435875
2318,pp,0.05,0.0,19,1.7084042048454284,-6.800444874618993,-6.2487482600741915
2319,do,0.05,0.0,18,1.3789851391315464,-6.017490022832697,-5.84245289961497
2320,pp,0.05,0.0,16,1.8938620412349705,-5.30840318997701,-4.683476045396593
2321,do,0.05,0.0,60,0.569603377580643,-7.513654973290183,-6.7555638154347735
2322,pp,0.05,0.0,42,0.7490952241420752,-6.82794073711742,-5.935256277190314
2323,do,0.05,0.0,12,0.841206245422363,-5.922740190679376,-5.5780102915234036
2324,pp,0.05,0.0,11,2.067659039497375,-5.7107879985462535,-4.605977816051907
2325,do,0.05,0.0,62,2.371424820423126,-7.631429477171465,-6.667347147729662
2326,pp,0.05,0.0,9,1.4528235387802129,-5.584404555234042,-4.565674975183275
2327,do,0.05,0.0,26,1.8805813086032863,-5.644322317296808,-5.639322219954597
2328,pp,0.05,0.0,9,1.8045298194885255,-5.377013905843099,-4.795290131039089
2329,do,0.05,0.0,19,1.675840911865234,-5.748564361803459,-5.532567612330118
2330,pp,0.05,0.0,26,1.1073355221748358,-6.915404348662405,-5.8944378323025175
2331,do,0.05,0.0,18,1.570059607028961,-5.5930219173431395,-5.574597838189867
2332,pp,0.05,0.0,48,1.2638598918914798,-6.84206112948331,-6.1792374796337555
2333,do,0.05,0.0,26,1.2190923762321475,-6.126122074416189,-5.620223151312934
2334,pp,0.05,0.0,39,1.7607291638851175,-7.396987230127508,-6.648085541195339
2335,do,0.05,0.0,9,1.0955234968662264,-4.904588716680354,-4.69131974114312
2336,pp,0.05,0.0,34,2.461767573356629,-6.983020968870683,-5.846190002229479
2337,do,0.05,0.0,70,1.4393413019180308,-8.760739599574697,-9.667021767298381
2338,pp,0.05,0.0,51,2.8330540168285374,-5.839784000859116,-5.1735176271862455
2339,do,0.05,0.0,12,0.6840772771835324,-5.594578328277126,-5.284428493181864
2340,pp,0.05,0.0,8,0.43268241047859135,-5.208028127207901,-4.420933116806878
2341,do,0.05,0.0,17,0.8643036210536961,-6.026858835509329,-5.414637043741014
2342,pp,0.05,0.0,11,0.7780175733566281,-5.448351578278975,-4.633294836680094
2343,do,0.05,0.0,10,0.6000402176380151,-5.595093172246759,-4.939885626898872
2344,pp,0.05,0.0,37,2.372216864824294,-8.011969781644417,-6.756782158215841
2345,do,0.05,0.0,31,0.391134159564972,-7.41927872282086,-7.007433695263333
2346,pp,0.05,0.0,35,0.48901163220405497,-6.785985550735936,-5.704917369948493
2347,do,0.05,0.0,38,0.8785222542285913,-6.727524981354222,-6.583374836709765
2348,pp,0.05,0.0,32,3.025773708820343,-5.311930850057891,-4.620092932383219
2349,do,0.05,0.0,1,-0.42509059429168694,-5.751511231335726,-5.279686898655362
2350,pp,0.05,0.0,67,1.8465761554241178,-7.5305656144113255,-6.5968505859375
2351,do,0.05,0.0,12,0.7492126739025124,-5.734886391957601,-5.052177810668946
2352,pp,0.05,0.0,54,3.0210439002513887,-8.683944248430656,-7.0075122833251955
2353,do,0.05,0.0,70,-0.14439004898071417,-8.921438720009544,-9.098510768678453
2354,pp,0.05,0.0,8,-0.6502431225776677,-6.197348402485703,-5.392050457000733
2355,do,0.05,0.0,24,1.885683081150055,-6.573411206043128,-5.926591025458442
2356,pp,0.05,0.0,27,4.292561107873916,-6.530916039148966,-5.24255309899648
2357,do,0.05,0.0,12,0.26429693937301657,-6.054633364532933,-5.24997746679518
2358,pp,0.05,0.0,39,1.9709967041015624,-8.29386006268588,-6.791427935494317
2359,do,0.05,0.0,5,-0.5247347009181977,-5.914378456635909,-5.462811970710755
2360,pp,0.05,0.0,13,0.14740936756134015,-5.566512623700229,-4.837239591280619
2361,do,0.05,0.0,8,0.35784606218338055,-5.7393011396581475,-5.11284015973409
2362,pp,0.05,0.0,43,2.4379591727256775,-7.853136536569306,-6.656981383429633
2363,do,0.05,0.0,45,0.4869346213340755,-6.651976763118397,-6.235166843732198
2364,pp,0.05,0.0,14,1.550691905021667,-5.587434512918645,-4.677190743552314
2365,do,0.05,0.0,59,1.2746868371963505,-8.506832132917461,-8.18189959526062
2366,pp,0.05,0.0,38,0.3958630275726325,-7.8084118828629006,-6.380891190634833
2367,do,0.05,0.0,5,-0.372999019622803,-5.950103414419925,-5.039602263768514
2368,pp,0.05,0.0,22,1.315849477052688,-6.13811272129868,-5.050075795915392
2369,do,0.05,0.0,33,0.4135139226913447,-7.079219091299809,-6.900960824224684
2370,pp,0.05,0.0,44,4.4110221505165095,-5.325815726771499,-4.813906253708733
2371,do,0.05,0.0,1,-0.47563985824584964,-5.697510443311749,-5.017263809839885
2372,pp,0.05,0.0,21,0.9640448808670037,-7.934592970934781,-6.76506147119734
2373,do,0.05,0.0,16,-0.5104316866397856,-7.833443101247152,-6.218710494041443
2374,pp,0.05,0.0,19,1.7737200844287866,-5.13466120633212,-4.3543972041871815
2375,do,0.05,0.0,22,0.7928170752525334,-6.568017570900195,-6.453079019652472
2376,pp,0.05,0.0,12,1.0486355841159813,-6.2069071972008905,-5.1410415543450245
2377,do,0.05,0.0,70,0.8145688366889949,-8.864951825864388,-9.337184715270997
2378,pp,0.05,0.0,19,1.285218590497971,-5.45039657534975,-4.604665406545004
2379,do,0.05,0.0,23,1.1795277953147894,-5.762539187344638,-5.31862223678165
2380,pp,0.05,0.0,55,3.766115550994873,-7.638581735437566,-6.542184130350749
2381,do,0.05,0.0,39,1.99473987698555,-7.228922661868009,-7.005053700341119
2382,pp,0.05,0.0,50,2.799383450746536,-7.796225617148659,-6.728983325428433
2383,do,0.05,0.0,8,-0.4058004510402675,-6.052502393722534,-5.594481250974867
2384,pp,0.05,0.0,9,0.327270904779434,-5.840178148674243,-4.903894774119059
2385,do,0.05,0.0,11,-0.4147498905658722,-6.072595758149118,-5.378362372186449
2386,pp,0.05,0.0,25,1.3285849273204802,-7.451800266901652,-5.330628026856316
2387,do,0.05,0.0,4,-0.0977735555171968,-6.069243861689712,-5.1178637901941935
2388,pp,0.05,0.0,7,0.3073566341400147,-5.936265351555564,-5.089321650399102
2389,do,0.05,0.0,70,0.1669074511528006,-8.785892966299347,-7.945627885394626
2390,pp,0.05,0.0,62,1.2805070602893824,-6.863198669029004,-6.034774099455939
2391,do,0.05,0.0,18,1.0641661751270295,-5.321082590565537,-4.399064146147834
2392,pp,0.05,0.0,13,1.8856318950653082,-4.746014586361972,-4.1465669843885635
2393,do,0.05,0.0,18,-0.35133701205253676,-7.456188603603478,-6.362589571211073
2394,pp,0.05,0.0,9,0.4657611095905301,-5.625616196430091,-4.940078632036845
2395,do,0.05,0.0,23,0.4849180555343624,-6.532307062727032,-6.561786418490939
2396,pp,0.05,0.0,17,2.0640569281578065,-4.774802179047556,-4.265407310591804
2397,do,0.05,0.0,3,0.11255795359611476,-5.819991402192549,-5.298152059978909
2398,pp,0.05,0.0,17,1.824374949932098,-7.17790904045105,-6.462038032213846
2399,do,0.05,0.0,1,-0.6625134372711177,-6.127851717399828,-5.4197910043928355
2400,pp,0.05,0.0,12,1.1466526210308077,-6.148859625151663,-5.422673429383172
2401,do,0.05,0.0,4,-0.2015011513233187,-5.540895529949304,-4.837682620684306
2402,pp,0.05,0.0,20,0.9310266208648681,-6.687791153878877,-5.712152094311184
2403,do,0.05,0.0,70,0.36838041305541935,-7.932474259174231,-8.994700543085735
2404,pp,0.05,0.0,19,2.3106052923202514,-5.107169158530958,-4.354776692390442
2405,do,0.05,0.0,17,1.593456934690475,-5.759349099072543,-5.294417010413276
2406,pp,0.05,0.0,37,1.9148804366588585,-6.413815924615571,-5.446599589453803
2407,do,0.05,0.0,26,1.1733662295341496,-6.51521408774636,-6.587647522820367
2408,pp,0.05,0.0,13,1.7536285245418544,-5.819140557086829,-5.132381330596076
2409,do,0.05,0.0,6,-0.13096626996993965,-5.707452646891276,-5.097020750575595
2410,pp,0.05,0.0,20,0.5932515108585363,-7.781399380077016,-6.637131516138712
2411,do,0.05,0.0,22,0.12680944323539745,-6.783891916275024,-6.713811296886868
2412,pp,0.05,0.0,12,0.9443001258373256,-5.933265766952977,-5.138424091868931
2413,do,0.05,0.0,22,0.5794013810157779,-6.479389455101707,-6.02543485959371
2414,pp,0.05,0.0,21,1.3539878046512603,-6.425799998370084,-5.498647936185201
2415,do,0.05,0.0,3,-0.9816759359836578,-6.140214898369529,-5.282588134871589
2416,pp,0.05,0.0,20,1.0965993630886084,-5.843776806918058,-5.124296342002021
2417,do,0.05,0.0,5,-0.5943996417522435,-5.720631308989091,-4.894420027732849
2418,pp,0.05,0.0,70,1.0523019492626196,-7.360350055405588,-6.495012378692627
2419,do,0.05,0.0,33,0.6013756358623503,-7.102644629911943,-6.252480845981174
2420,pp,0.05,0.0,55,2.3699418032169337,-7.301991576859446,-6.6779246224297415
2421,do,0.05,0.0,41,1.7088586580753322,-5.269173590342204,-4.620313362280528
2422,pp,0.05,0.0,30,2.2530897974967967,-5.637955665588379,-4.870353431171841
2423,do,0.05,0.0,4,0.07301109075546286,-5.260872119845766,-4.416162276268006
2424,pp,0.05,0.0,70,1.6773264157772072,-7.418961105924664,-6.1766911268234255
2425,do,0.05,0.0,19,0.779617893695832,-8.037196490258882,-7.039749487241109
2426,pp,0.05,0.0,70,1.9695326066017156,-10.151192993106264,-8.338177463743422
2427,do,0.05,0.0,29,4.045726362466812,-5.750777709845341,-5.0683491759830055
2428,pp,0.05,0.0,51,3.6874505150318138,-6.376228588277644,-5.633360176616245
2429,do,0.05,0.0,57,0.7330800318717969,-6.686553106885968,-6.594830836190118
2430,pp,0.05,0.0,59,1.157932925224304,-7.721915054321289,-6.466624352667067
2431,do,0.05,0.0,42,1.5404389619827272,-6.262255665750215,-5.791271773974101
2432,pp,0.05,0.0,33,1.9317918324470513,-6.648843107801495,-5.218702618281046
2433,do,0.05,0.0,41,1.5323265624046325,-5.500423766627456,-4.898488105667962
2434,pp,0.05,0.0,17,2.2764474868774416,-5.127073777805675,-4.525575282838609
2435,do,0.05,0.0,63,1.0846479845046986,-8.365451470288363,-7.06976367102729
2436,pp,0.05,0.0,70,1.7341789913177479,-7.497446378072103,-6.485510913530986
2437,do,0.05,0.0,67,0.5776764011383051,-8.370462248542092,-7.396163437101576
2438,pp,0.05,0.0,56,-0.10036807894706712,-7.589884954510313,-6.914923694398668
2439,do,0.05,0.0,28,1.9189946985244761,-5.588811072436246,-5.0580699735217625
2440,pp,0.05,0.0,31,2.23080824136734,-7.193442429918232,-5.914596573511759
2441,do,0.05,0.0,5,0.4251542401313788,-5.2736246253504895,-4.778423608673943
2442,pp,0.05,0.0,27,1.7426608633995055,-5.767432251843539,-4.991666685210334
2443,do,0.05,0.0,24,1.2632759630680086,-6.3315771926533095,-5.977688683403863
2444,pp,0.05,0.0,60,1.075465006828309,-7.742835144563155,-6.728649102316963
2445,do,0.05,0.0,36,1.3433570146560667,-6.38655657045769,-5.4972785049014625
2446,pp,0.05,0.0,46,1.709985710382461,-6.2191636923587685,-5.3965603060192535
2447,do,0.05,0.0,16,1.7392249131202702,-6.103476959286314,-5.162535330984327
2448,pp,0.05,0.0,18,0.8714701855182652,-7.358397108135802,-6.056221612294515
2449,do,0.05,0.0,16,0.667768161296844,-5.574697888981213,-5.148254537582398
2450,pp,0.05,0.0,17,1.7219709956645968,-5.0081960533604475,-4.301283740997315
2451,do,0.05,0.0,19,1.5260472798347475,-5.172817818323771,-5.2555820332633125
2452,pp,0.05,0.0,7,0.8724412989616388,-4.974701294754491,-4.373666048049927
2453,do,0.05,0.0,16,1.639228281974793,-7.5772265419815525,-6.482363722059461
2454,pp,0.05,0.0,4,0.35587525010108934,-4.993011083024921,-4.152733416027493
2455,do,0.05,0.0,23,0.09504580140113816,-6.576544185118242,-6.25672906504737
2456,pp,0.05,0.0,17,2.443761224746704,-5.003695037148216,-4.020741959412892
2457,do,0.05,0.0,70,0.35643197059631326,-7.25952322844303,-6.422994801733229
2458,pp,0.05,0.0,31,0.84535407781601,-7.378219077081392,-6.240308396021525
2459,do,0.05,0.0,38,2.4939982080459604,-6.41666230432915,-6.357628626293606
2460,pp,0.05,0.0,25,-0.07252098560333131,-7.420125628962661,-6.241554072168138
2461,do,0.05,0.0,70,0.3549451696872712,-9.155636877002138,-9.147854126824273
2462,pp,0.05,0.0,24,1.6146682071685792,-6.084379160042965,-5.258680261505974
2463,do,0.05,0.0,70,1.3875651073455817,-7.320743778980139,-6.55906884405348
2464,pp,0.05,0.0,39,2.0642279303073874,-7.302276679241296,-5.994060179922315
2465,do,0.05,0.0,4,-0.1274548816680907,-5.8441865487532185,-4.7328846878475614
2466,pp,0.05,0.0,39,-0.369221044182777,-6.670912046143503,-5.931811345948113
2467,do,0.05,0.0,4,-0.5642913269996646,-6.038219596400405,-5.372877523634169
2468,pp,0.05,0.0,32,0.2571914708614349,-7.466075697812167,-6.527411590682136
2469,do,0.05,0.0,6,-0.03238440752029437,-5.548161054380012,-4.99247305393219
2470,pp,0.05,0.0,70,1.995699316263198,-7.689737035288955,-6.111499044630262
2471,do,0.05,0.0,40,1.1528809130191808,-7.310403490066529,-7.3593633068932425
2472,pp,0.05,0.0,19,1.2078760337829593,-6.065614154122093,-4.8461901585261025
2473,do,0.05,0.0,14,1.306532977819443,-5.420314381339333,-4.683581505881415
2474,pp,0.05,0.0,8,1.6753878092765806,-5.877195381395745,-4.662405954466926
2475,do,0.05,0.0,61,0.19430197477340627,-7.4440148266879,-7.647814411587185
2476,pp,0.05,0.0,70,1.1727912783622738,-7.072973950703939,-6.025455872217814
2477,do,0.05,0.0,70,0.669760137796402,-8.662218504241018,-7.92266764110989
2478,pp,0.05,0.0,6,-0.2994695699214933,-6.072773407444809,-5.193309203783671
2479,do,0.05,0.0,1,-0.7009266209602352,-5.954795942884503,-5.277950183550517
2480,pp,0.05,0.0,5,0.16578154921531674,-5.471534156799317,-4.749995573361715
2481,do,0.05,0.0,4,-0.096695735454559,-5.9011131084326545,-4.7611169232262505
2482,pp,0.05,0.0,5,-0.025121798515320037,-5.625523675571788,-4.594792985916138
2483,do,0.05,0.0,4,-0.5955163908004764,-5.879502120162502,-5.256385344929165
2484,pp,0.05,0.0,6,0.5777145314216616,-4.99030132149205,-4.519699372185601
2485,do,0.05,0.0,9,-0.2147876930236814,-5.959292511506514,-5.303732718361749
2486,pp,0.05,0.0,5,-0.28373257875442537,-5.396088815457893,-4.415391551123725
2487,do,0.05,0.0,29,1.2060583543777463,-5.839105779474432,-5.613283117612203
2488,pp,0.05,0.0,26,1.1428121352195735,-6.595852171291004,-5.422438274489509
2489,do,0.05,0.0,16,0.6753272557258612,-6.575718506899747,-5.882709187931485
2490,pp,0.05,0.0,11,1.546745178699493,-5.96942398186886,-4.68001987669203
2491,do,0.05,0.0,44,0.38799376606941216,-7.481089746590817,-7.426094834009806
2492,pp,0.05,0.0,61,1.826527879238128,-5.955619478225708,-5.12413669427236
2493,do,0.05,0.0,70,2.4156908631324763,-6.330684487024943,-6.616898949941
2494,pp,0.05,0.0,29,1.4798843908309935,-5.632603659774318,-4.862347949875725
2495,do,0.05,0.0,12,1.1367436361312864,-6.049089540134776,-4.919845514827305
2496,pp,0.05,0.0,6,0.8049946224689482,-4.9399033560897365,-4.030125904083252
2497,do,0.05,0.0,59,1.308968902826309,-6.851938879128658,-5.864284854465061
2498,pp,0.05,0.0,13,2.371456798315048,-5.35386835011569,-4.533984873029921
2499,do,0.05,0.0,70,-0.023047217130661934,-7.198203793438998,-6.187425494194031
2500,pp,0.05,0.0,42,1.9205827379226683,-7.948135933731542,-6.752619870503744
2501,do,0.05,0.0,70,1.5144731950759889,-6.776382716496785,-7.374029273456998
2502,pp,0.05,0.0,14,0.7257897138595588,-5.400911315282186,-4.5480567879147
2503,do,0.05,0.0,34,1.5549288713932041,-5.878222657694961,-5.455976462364196
2504,pp,0.05,0.0,66,0.9230603635311123,-7.3966570334001025,-6.681291998757256
2505,do,0.05,0.0,16,1.4739129781723026,-5.0868013540903725,-4.93440371354421
2506,pp,0.05,0.0,29,2.517131780385971,-4.74446820490288,-4.294997366269429
2507,do,0.05,0.0,45,1.004249917268754,-7.861514514865298,-7.696167749828763
2508,pp,0.05,0.0,9,0.701798956394196,-5.2696403806859795,-4.559386965963576
2509,do,0.05,0.0,42,3.1260983860492715,-8.164971347288652,-6.371171882417467
2510,pp,0.05,0.0,12,2.2431022095680238,-5.775467176148386,-4.206933177842034
2511,do,0.05,0.0,23,0.0764119029045105,-7.019792058251121,-7.138299968507555
2512,pp,0.05,0.0,61,0.5326584339141842,-6.7851479732629025,-6.024036841922336
2513,do,0.05,0.0,5,1.2110390079021451,-4.846890060829394,-4.313111293315887
2514,pp,0.05,0.0,9,0.2943944263458249,-6.116551720012318,-4.846135470602247
2515,do,0.05,0.0,40,1.2564566993713377,-6.116169620282722,-5.636594329939948
2516,pp,0.05,0.0,33,2.704047900438309,-5.768193505027077,-5.135879566934373
2517,do,0.05,0.0,70,2.2846003437042235,-9.84568606000958,-8.838766845067342
2518,pp,0.05,0.0,25,2.4574418020248414,-6.154099028038256,-5.083837265438504
2519,do,0.05,0.0,19,1.689988914728164,-5.282274965806441,-4.667894291877746
2520,pp,0.05,0.0,18,1.1124828362464907,-5.560163236386848,-4.654285722308689
2521,do,0.05,0.0,14,2.5509020161628717,-4.910854505770134,-4.487434207068549
2522,pp,0.05,0.0,23,1.297882616519928,-5.144878365776756,-4.63255062368181
2523,do,0.05,0.0,20,1.2203754949569703,-5.971056085644347,-5.312051378356086
2524,pp,0.05,0.0,44,1.8197515761852259,-5.836301385995114,-5.044802636570401
2525,do,0.05,0.0,25,2.046575789451599,-6.346079921722412,-5.868020555708143
2526,pp,0.05,0.0,21,1.7964212429523467,-6.040523555062034,-5.211281911532084
2527,do,0.05,0.0,26,1.5913445985317232,-6.956020885525327,-5.578410681088766
2528,pp,0.05,0.0,11,1.1061018025875091,-5.0478320714199185,-4.12690434190962
2529,do,0.05,0.0,33,1.743679187297821,-5.228078216494936,-4.857377558284336
2530,pp,0.05,0.0,70,1.0488539814949043,-7.682649307539969,-6.692010919253032
2531,do,0.05,0.0,20,3.1482212269306187,-6.298626958962643,-4.99594850010342
2532,pp,0.05,0.0,36,1.358145523071288,-8.735845323042437,-7.445639647377861
2533,do,0.05,0.0,14,1.0454752194881438,-5.483154864744707,-5.0438860866758555
2534,pp,0.05,0.0,28,3.30093674659729,-6.184069464423439,-5.121320835749308
2535,do,0.05,0.0,17,1.5003421807289126,-4.944826767661355,-4.328336115678152
2536,pp,0.05,0.0,2,-0.2590582466125486,-5.587751731005582,-4.833355090353224
2537,do,0.05,0.0,22,1.5018880379199988,-5.819289684295654,-5.8583533710903595
2538,pp,0.05,0.0,55,0.5977227056026448,-7.399307834740841,-6.6703418678707544
2539,do,0.05,0.0,12,1.6561093056201939,-4.8401868704593545,-4.427083902888828
2540,pp,0.05,0.0,15,0.6877714872360228,-5.351490055431019,-4.6767239385181005
2541,do,0.05,0.0,36,2.4618595266342167,-7.1469532489776615,-6.674666425916883
2542,pp,0.05,0.0,41,0.635694595575333,-7.445316884011933,-6.120652251773411
2543,do,0.05,0.0,6,-0.544599324464798,-6.071773582516294,-5.355416213141547
2544,pp,0.05,0.0,9,0.3965132439136507,-5.443945040847316,-4.9054468525780575
2545,do,0.05,0.0,40,0.2866593658924117,-6.488521859140107,-5.8903284576204085
2546,pp,0.05,0.0,9,0.34332618832588224,-5.48393112673904,-4.902564787864685
2547,do,0.05,0.0,4,-0.4881703615188595,-6.225142480387833,-5.467348999447292
2548,pp,0.05,0.0,13,0.2052881312370296,-7.137499294858991,-6.4692491902245415
2549,do,0.05,0.0,61,1.4738193666934958,-6.468885830676917,-5.896504672368367
2550,pp,0.05,0.0,64,2.5617160999774935,-6.19175339901086,-5.732899928092957
2551,do,0.05,0.0,28,1.8739543616771694,-5.336006765654592,-5.438133364253574
2552,pp,0.05,0.0,25,1.637800875902176,-5.789955328450058,-4.639341380861071
2553,do,0.05,0.0,4,-0.5215933287143706,-5.603947132283991,-4.89092264175415
2554,pp,0.05,0.0,33,2.2399143910408013,-6.276096456701105,-5.491114743550619
2555,do,0.05,0.0,7,1.3657902884483342,-4.927134661241011,-4.415879318449233
2556,pp,0.05,0.0,9,0.9242599248886103,-5.627789010423602,-4.6127880096435545
2557,do,0.05,0.0,65,1.5990925800800326,-6.970293537775675,-6.042741921212938
2558,pp,0.05,0.0,19,1.0874796760082246,-6.369827390439583,-4.874005876647102
2559,do,0.05,0.0,69,1.4728552627563474,-8.913751268386841,-7.758331674999661
2560,pp,0.05,0.0,19,1.5555847668647766,-5.689903538154833,-5.00765208668179
2561,do,0.05,0.0,17,2.2179323017597197,-5.385492350838401,-4.62750994099511
2562,pp,0.05,0.0,28,2.4778065633773796,-7.063117255586566,-5.349188833766513
2563,do,0.05,0.0,19,2.1361219918727876,-5.0459896911274305,-5.108505055639479
2564,pp,0.05,0.0,17,1.1617931437492377,-5.749699638829087,-5.06996034251319
2565,do,0.05,0.0,14,1.1043681645393377,-5.478976842128869,-5.121574428346422
2566,pp,0.05,0.0,62,0.8807929122447966,-8.097249288269968,-7.03749041557312
2567,do,0.05,0.0,22,2.1760061168670655,-6.616929116393581,-6.6585320578681095
2568,pp,0.05,0.0,33,1.2174046289920808,-8.069569688854795,-6.901035255855984
2569,do,0.05,0.0,21,1.5763699638843534,-4.424788502490881,-4.35825257036421
2570,pp,0.05,0.0,14,0.6761380052566528,-5.157608413696289,-4.512847865952386
2571,do,0.05,0.0,14,1.2784367442131046,-5.47783792813619,-5.218737522761027
2572,pp,0.05,0.0,20,1.168174792528152,-6.348986994136464,-4.94993323220147
2573,do,0.05,0.0,22,2.4280840682983404,-5.340526816339204,-5.677189787228902
2574,pp,0.05,0.0,62,2.4310722029209133,-7.300233473922267,-5.8905510346094765
2575,do,0.05,0.0,17,1.644497734308243,-4.919146860007084,-5.284017093976339
2576,pp,0.05,0.0,21,1.184579244852066,-5.748954090927587,-5.096646372477213
2577,do,0.05,0.0,20,0.9247212994098666,-6.675228347200336,-5.936096461613973
2578,pp,0.05,0.0,25,1.5012134563922874,-6.7836158969185565,-5.53608771165212
2579,do,0.05,0.0,70,1.3772622585296634,-9.047201707146385,-7.996276450157166
2580,pp,0.05,0.0,41,1.9689095783233634,-6.605428266525268,-5.674340369966295
2581,do,0.05,0.0,42,0.9884265530109406,-7.326596132914225,-6.818756079673767
2582,pp,0.05,0.0,17,0.4704589211940764,-5.951708813869592,-5.229030169381035
2583,do,0.05,0.0,5,0.8278353369235996,-5.484167619185015,-4.895424514346653
2584,pp,0.05,0.0,8,0.6114881658554072,-4.736671530116688,-3.877072747548421
2585,do,0.05,0.0,70,0.7916653668880462,-7.573920810583866,-6.943767870797052
2586,pp,0.05,0.0,70,1.529026448726655,-6.82085555972475,-6.05928209092882
2587,do,0.05,0.0,49,1.1062017595767966,-8.291796177083796,-7.281438242064582
2588,pp,0.05,0.0,36,0.3141152453422542,-7.234930612101699,-6.0397217035293576
2589,do,0.05,0.0,41,2.5437005317211154,-5.656639870730314,-5.547414814101325
2590,pp,0.05,0.0,42,3.2705870103836068,-6.017265049616496,-5.345940579308404
2591,do,0.05,0.0,24,2.0664111852645872,-5.3668390808683455,-4.5574527634514705
2592,pp,0.05,0.0,19,1.5390577661991118,-5.651838067083648,-4.681062213579813
2593,do,0.05,0.0,26,1.0315748524665826,-5.900841015035456,-5.441582438680861
2594,pp,0.05,0.0,45,2.22038999915123,-5.003833662379872,-4.573219786749946
2595,do,0.05,0.0,32,1.6328250241279605,-6.473387908935547,-5.851924808820089
2596,pp,0.05,0.0,42,1.9621383428573616,-7.3968805500955295,-6.588273252381219
2597,do,0.05,0.0,22,1.3634998559951779,-5.9104875579024805,-6.23729407787323
2598,pp,0.05,0.0,17,2.3189643180370325,-5.924318124308731,-5.060380872090658
2599,do,0.05,0.0,54,1.4935892987251282,-6.059224579551003,-5.869273763232761
2600,pp,0.05,0.0,34,1.7541923463344569,-6.12401125792301,-5.299608272976346
2601,do,0.05,0.0,22,-0.35871139645576555,-7.901294503067479,-7.0994479338328045
2602,pp,0.05,0.0,14,0.6098152446746825,-6.722417536648837,-5.790347242355347
2603,do,0.05,0.0,33,1.9643542790412907,-7.70560044519829,-6.898860147264268
2604,pp,0.05,0.0,10,1.8226580321788788,-6.209781398195209,-4.878191222084893
2605,do,0.05,0.0,19,1.5780949461460114,-6.6643666758681785,-6.250468842188517
2606,pp,0.05,0.0,70,1.0575262749195087,-8.120556897828074,-6.134070965978834
2607,do,0.05,0.0,10,-0.07980685114860542,-6.170684456102776,-5.536184197001987
2608,pp,0.05,0.0,61,0.3767937004566182,-7.153643858071529,-6.198052318890889
2609,do,0.05,0.0,14,0.9765114343166355,-5.216360405719642,-5.089914263619317
2610,pp,0.05,0.0,5,-0.17891122937202386,-5.5541954286170725,-4.640376472473145
2611,do,0.05,0.0,9,0.5749106419086454,-5.363622840245565,-5.062225037150913
2612,pp,0.05,0.0,44,0.9155898618698108,-6.404734071095785,-5.5773620155122545
2613,do,0.05,0.0,10,-0.2677271616458894,-6.121406871622259,-5.548388001653883
2614,pp,0.05,0.0,70,0.44390568733215297,-7.87281225233367,-7.181369151009454
2615,do,0.05,0.0,69,1.7485512733459476,-8.367998484409217,-7.609166611565484
2616,pp,0.05,0.0,5,0.3178674685955052,-5.54944549184857,-4.821348929405213
2617,do,0.05,0.0,54,0.005566318035125306,-10.36315306750211,-9.484177615907457
2618,pp,0.05,0.0,10,1.9703387260437015,-5.749829277847752,-4.629442604382833
2619,do,0.05,0.0,12,1.9238351619243614,-6.6050804932912195,-5.545972190962898
2620,pp,0.05,0.0,7,0.7650826072692878,-5.328183380762736,-4.375860479142931
2621,do,0.05,0.0,26,1.6212255442142487,-6.039371926856764,-5.29775341351827
2622,pp,0.05,0.0,12,0.4432454413175577,-4.925775803941669,-4.170950208769904
2623,do,0.05,0.0,18,-0.1986394858360292,-6.368129396438599,-6.181858796543545
2624,pp,0.05,0.0,6,-0.00029678344726580264,-5.418077098962033,-4.6661519898308645
2625,do,0.05,0.0,12,0.7211103975772852,-5.366000718781442,-4.9073308997684055
2626,pp,0.05,0.0,70,1.5224415397644044,-6.642033774925001,-5.627893243895636
2627,do,0.05,0.0,28,0.5686642611026764,-5.532277751691414,-4.888382339477539
2628,pp,0.05,0.0,66,-0.15047356486320496,-8.67455881581162,-7.916919808917576
2629,do,0.05,0.0,19,1.2959691822528834,-7.918378782272339,-6.943186166551378
2630,pp,0.05,0.0,18,0.33182797789573737,-6.986295493443807,-5.24114896191491
2631,do,0.05,0.0,24,2.014078134298324,-6.6433092955387,-5.7094177087148035
2632,pp,0.05,0.0,39,1.8383217680454242,-5.735909045826305,-5.126415763960944
2633,do,0.05,0.0,62,2.6820721054077143,-7.189308839855772,-5.623473223050436
2634,pp,0.05,0.0,70,2.4340785968303678,-7.451680823528405,-6.0338588873545325
2635,do,0.05,0.0,8,0.7917436468601231,-5.797784893440478,-4.980312797758314
2636,pp,0.05,0.0,56,1.562654681205748,-9.463243584199386,-7.647372089491951
2637,do,0.05,0.0,25,2.460497401952744,-5.464673617391876,-4.4665823512607155
2638,pp,0.05,0.0,11,0.7601809740066532,-5.35389287255027,-4.456071737077501
2639,do,0.05,0.0,11,1.01568862080574,-5.732446739890358,-5.367781040403578
2640,pp,0.05,0.0,9,0.23045794010162357,-5.72196094195048,-4.974308893415663
2641,do,0.05,0.0,17,1.0925290310382838,-5.127122582811298,-4.491357800695631
2642,pp,0.05,0.0,56,2.5950134074687954,-7.689103195884011,-6.616779873106215
2643,do,0.05,0.0,30,1.1811901283264161,-6.2609664093364366,-5.5891430934270225
2644,pp,0.05,0.0,27,0.8944707238674168,-6.130962623249401,-5.651829391055637
2645,do,0.05,0.0,70,0.3514548575878145,-7.603552013455015,-7.200542052586873
2646,pp,0.05,0.0,20,1.4103784430027009,-5.518694126244747,-4.7203118297788835
2647,do,0.05,0.0,15,0.6242677140235902,-6.531867044622248,-6.30868234899309
2648,pp,0.05,0.0,31,0.6487050819396973,-6.053285812609124,-5.114576032426622
2649,do,0.05,0.0,17,2.756813570261002,-5.678631906798391,-4.805774230427212
2650,pp,0.05,0.0,70,1.8560391783714287,-10.78539366866603,-9.14230039914449
2651,do,0.05,0.0,25,2.1620437800884247,-4.975039593378702,-4.751926006211175
2652,pp,0.05,0.0,21,2.0156592583656305,-5.421286788131251,-4.782488701078627
2653,do,0.05,0.0,20,0.5717737948894497,-6.48627562233896,-5.807293174001906
2654,pp,0.05,0.0,5,-0.24499276876449638,-5.61917072353941,-4.765391553772821
2655,do,0.05,0.0,21,1.3417596805095675,-6.485715269319939,-6.405103656980726
2656,pp,0.05,0.0,30,1.4468923842906953,-5.384240731326017,-4.546581565009223
2657,do,0.05,0.0,30,-0.2644811940193179,-7.472104909203269,-6.8761476304796005
2658,pp,0.05,0.0,70,1.9326748549938193,-7.145214840860078,-6.284346961975098
2659,do,0.05,0.0,46,1.014747450351714,-6.602234678557425,-6.0563090165456135
2660,pp,0.05,0.0,24,2.700114074945449,-5.313763171976263,-4.697307825088501
2661,do,0.05,0.0,48,1.3640996026992793,-7.391513834577618,-7.048835362328424
2662,pp,0.05,0.0,32,0.03866095721721674,-6.521512313322588,-5.718425305684407
2663,do,0.05,0.0,70,0.03993824243545596,-8.527847745201804,-7.600476545757718
2664,pp,0.05,0.0,70,0.8653505468368525,-8.545613713697954,-7.055627123514811
2665,do,0.05,0.0,10,0.9334914779663084,-5.120262195124771,-4.370505891905891
2666,pp,0.05,0.0,40,1.7434404551982885,-5.238639022364761,-4.7389567772547405
2667,do,0.05,0.0,55,1.0587700235843656,-7.690401971701419,-7.283728546566433
2668,pp,0.05,0.0,12,2.581188951730729,-6.22465841553428,-4.984367174572415
2669,do,0.05,0.0,70,1.9266846597194682,-7.907941361629602,-7.208871338102552
2670,pp,0.05,0.0,15,0.9373379874229428,-5.173095454591693,-4.515604888068305
2671,do,0.05,0.0,19,3.223155943155289,-7.225071933052757,-5.734312799241808
2672,pp,0.05,0.0,24,2.8435386765003194,-7.157289243466926,-5.405790983306037
2673,do,0.05,0.0,56,0.48891399383544965,-8.862910507664536,-8.031263404422337
2674,pp,0.05,0.0,24,1.1035055351257324,-7.424341177217888,-6.474561272727119
2675,do,0.05,0.0,70,0.5019666683673858,-8.101668038512722,-7.385250616073608
2676,pp,0.05,0.0,33,2.3445808839797966,-6.198033189773559,-5.281465082698398
2677,do,0.05,0.0,24,1.2345557224750516,-5.933798461971861,-5.557901814248827
2678,pp,0.05,0.0,31,0.7540401935577385,-6.418049585458004,-5.685704024632772
2679,do,0.05,0.0,20,-0.22259371519088766,-6.7656921444517195,-5.7162295738856
2680,pp,0.05,0.0,70,1.6266582775115968,-7.424087085145892,-6.464501974317763
2681,do,0.05,0.0,11,1.0381580305099485,-4.531426951379487,-4.1135996659596765
2682,pp,0.05,0.0,70,0.5805035710334776,-6.992925745068175,-5.9776562107933895
2683,do,0.05,0.0,49,1.675163178443908,-7.838888003609397,-6.8669386916690405
2684,pp,0.05,0.0,70,2.1160770249366756,-11.602798727786903,-10.3672043800354
2685,do,0.05,0.0,50,2.522905511856078,-6.882481733957927,-6.033856987953186
2686,pp,0.05,0.0,23,2.1371883678436276,-5.339941180836071,-4.590765889485677
2687,do,0.05,0.0,70,0.6336753189563744,-7.594926006143743,-7.00623691479365
2688,pp,0.05,0.0,24,1.524183309078217,-6.759326712290446,-5.72721815639072
2689,do,0.05,0.0,10,1.3555472850799566,-5.3275176944154685,-4.949883140458001
2690,pp,0.05,0.0,38,3.3336682689189914,-5.0898026740912234,-4.401691047350566
2691,do,0.05,0.0,24,2.7324024367332465,-5.196910378427217,-5.202926884757148
2692,pp,0.05,0.0,29,1.6180133950710296,-6.9789094187996605,-6.0472439501020645
2693,do,0.05,0.0,17,1.8360266053676613,-6.338222883686875,-6.145002963807848
2694,pp,0.05,0.0,7,0.36511217236518867,-5.143668359698672,-4.554876859982809
2695,do,0.05,0.0,70,0.2815773057937623,-8.397584377635608,-7.5812758710649275
2696,pp,0.05,0.0,10,1.3516340637207032,-5.050147124492761,-4.234718328052097
2697,do,0.05,0.0,70,1.229533919095993,-7.235203386075569,-6.398788605795966
2698,pp,0.05,0.0,24,0.783050546646118,-6.425110179727728,-5.679046728875902
2699,do,0.05,0.0,5,-0.5755928993225092,-5.358630709214644,-4.792006068759495
2700,pp,0.05,0.0,19,1.9547658812999726,-5.810224736820568,-4.582523247930738
2701,do,0.05,0.0,9,-0.6240906119346619,-6.032401590636282,-5.272692211469015
2702,pp,0.05,0.0,70,1.0513966548442841,-8.047779285546506,-7.122349998686048
2703,do,0.05,0.0,33,4.054245421886444,-6.09214893543359,-5.625295122464498
2704,pp,0.05,0.0,26,1.4894173002243036,-7.115602501955899,-5.9647515137990315
2705,do,0.05,0.0,6,0.2730030369758607,-4.588480754332109,-3.9750458041826886
2706,pp,0.05,0.0,70,0.7550230836868286,-7.309144582170429,-6.427814253171285
2707,do,0.05,0.0,52,1.5716232776641839,-8.35487109820048,-7.663497585720486
2708,pp,0.05,0.0,14,0.6322027635574345,-7.551782856565533,-6.089854709307352
2709,do,0.05,0.0,6,0.4217043030261989,-5.897585675210664,-4.894752844174703
2710,pp,0.05,0.0,15,2.3707896912097937,-5.542197597388065,-4.636315695444742
2711,do,0.05,0.0,70,-0.20855397939681986,-7.700123509493741,-7.164573378033108
2712,pp,0.05,0.0,23,1.2062611711025237,-7.656336798812404,-6.53747656610277
2713,do,0.05,0.0,70,-0.08567625880241536,-8.668937983657374,-8.363304249445598
2714,pp,0.05,0.0,51,3.1357738947868334,-8.091683588605939,-6.551835542254977
2715,do,0.05,0.0,26,2.1756996321678157,-6.822697951576926,-6.223050337367588
2716,pp,0.05,0.0,66,2.2715664267539992,-10.546378470912124,-7.903686046600342
2717,do,0.05,0.0,53,1.1156561684608457,-5.732544253089211,-5.58790185186598
2718,pp,0.05,0.0,20,2.6305984354019163,-5.626873165188414,-4.82244155936771
2719,do,0.05,0.0,12,-0.10436652064323404,-6.092144347682144,-5.574959193335639
2720,pp,0.05,0.0,59,1.7153025734424592,-6.885000728838372,-6.094661887486776
2721,do,0.05,0.0,12,0.9422234535217289,-5.522492504119873,-4.5148174100452
2722,pp,0.05,0.0,44,1.333900991678238,-7.115057529102672,-6.443245021502177
2723,do,0.05,0.0,24,1.0441379928588868,-6.724732779011582,-5.9513821946250065
2724,pp,0.05,0.0,8,0.9420366561412816,-5.8480105631279224,-4.881086640887791
2725,do,0.05,0.0,7,1.0147987532615659,-4.468425571557248,-4.231433521376716
2726,pp,0.05,0.0,60,4.736595076322556,-7.22679033423915,-6.389826348092821
2727,do,0.05,0.0,70,0.7074416804313657,-11.9578199299899,-10.615998188654581
2728,pp,0.05,0.0,7,1.329903483390808,-4.8080245986129295,-4.051722800731659
2729,do,0.05,0.0,3,-0.005051951408386657,-6.3033708803581465,-5.210814883973863
2730,pp,0.05,0.0,70,1.5044169127941132,-9.332895916158503,-8.180199273427327
2731,do,0.05,0.0,19,2.481686395406723,-6.391567276463364,-6.245471390088399
2732,pp,0.05,0.0,52,3.1510113799571995,-5.88509295203469,-5.0486671924591064
2733,do,0.05,0.0,70,1.6871403086185461,-7.438297039089781,-6.947961216502719
2734,pp,0.05,0.0,41,2.3350060606002803,-5.734499492067279,-4.731049145592584
2735,do,0.05,0.0,18,0.1349791741371158,-5.698984173572424,-5.170630892117818
2736,pp,0.05,0.0,1,-0.43138200998306253,-5.763725357344656,-5.089923543400235
2737,do,0.05,0.0,52,1.9919738626480097,-8.042907122409705,-7.734385731485155
2738,pp,0.05,0.0,63,2.4007303309440617,-6.743569212248831,-5.553158066007826
2739,do,0.05,0.0,8,0.044133349657058396,-5.735361837618279,-5.520287985271878
2740,pp,0.05,0.0,17,1.8730011761188514,-4.804450673768015,-4.23780910703871
2741,do,0.05,0.0,36,0.9593699204921737,-7.6578543677474515,-7.660125345653958
2742,pp,0.05,0.0,9,0.7666525542736053,-5.007948532971469,-4.408235790994432
2743,do,0.05,0.0,69,1.584498293399812,-6.191405726924087,-6.270272705290052
2744,pp,0.05,0.0,12,0.5013611400127411,-6.176689634901105,-5.386268356111315
2745,do,0.05,0.0,26,2.018549516201019,-5.871087304028598,-5.053932706514995
2746,pp,0.05,0.0,66,4.311633570194244,-5.972582812742753,-5.332976373036702
2747,do,0.05,0.0,9,1.608532190322876,-5.30081085580768,-4.604190137651232
2748,pp,0.05,0.0,29,3.651614217758178,-6.207425857312751,-4.980464874373542
2749,do,0.05,0.0,10,0.007774305343628107,-6.002559047756773,-5.8507477972242565
2750,pp,0.05,0.0,13,1.3667506945133212,-4.782223059914329,-4.291459560394287
2751,do,0.05,0.0,27,1.0035086643695834,-6.531787580432314,-6.583374611536661
2752,pp,0.05,0.0,54,-0.19859071373939496,-7.631118502761378,-6.715199388398064
2753,do,0.05,0.0,18,2.7520343267917635,-6.239443943717263,-5.362468616167704
2754,pp,0.05,0.0,12,1.3741465079784394,-5.324418660366174,-3.9189542863104077
2755,do,0.05,0.0,18,1.7071087616682057,-4.621674712498983,-4.945535360442268
2756,pp,0.05,0.0,18,1.7628352248668673,-5.442817175027096,-4.383891985151503
2757,do,0.05,0.0,15,1.5435837221145636,-5.577795243985725,-5.437280538347032
2758,pp,0.05,0.0,10,2.0092483556270597,-5.302228208021684,-4.401787972450256
2759,do,0.05,0.0,35,3.455706633329391,-6.542381198478467,-6.75094752046797
2760,pp,0.05,0.0,47,5.6299539005756385,-5.625366709449074,-5.248482145203484
2761,do,0.05,0.0,28,2.177599853277207,-5.517726864959254,-4.9545925643708975
2762,pp,0.05,0.0,36,3.810124288797379,-4.74402892517321,-4.352515337202284
2763,do,0.05,0.0,52,2.3357680463790897,-7.536193665591154,-7.106922462251451
2764,pp,0.05,0.0,17,0.5925652050971983,-5.824968544642131,-5.22206224600474
2765,do,0.05,0.0,19,2.2849155426025387,-5.320987916715217,-5.228705027368334
2766,pp,0.05,0.0,12,2.9890184724330906,-5.821904121745717,-4.44439958996243
2767,do,0.05,0.0,12,0.8948509025573728,-5.198882657831366,-4.675054253472222
2768,pp,0.05,0.0,61,0.8410690212249747,-9.277856844121759,-7.771071857876247
2769,do,0.05,0.0,70,0.3959483909606938,-8.031951467918628,-7.269414202372233
2770,pp,0.05,0.0,24,1.5465418851375574,-8.087823886582346,-6.677946721182929
2771,do,0.05,0.0,4,0.3581258213520053,-5.280753713665587,-4.647727624575297
2772,pp,0.05,0.0,15,0.9531147563457489,-6.223765480157101,-5.311974159876505
2773,do,0.05,0.0,10,1.135167375802994,-5.130032906387791,-5.390393726030985
2774,pp,0.05,0.0,5,0.19391364216804519,-5.369655418395996,-4.525728101200528
2775,do,0.05,0.0,11,0.4677275812625883,-5.659059202309811,-5.413763080702887
2776,pp,0.05,0.0,12,0.49840044021606467,-5.215509681990652,-4.805314432250129
2777,do,0.05,0.0,12,1.2962183678150172,-5.031005040082064,-4.371918927298652
2778,pp,0.05,0.0,66,2.5152292490005497,-8.165118851806179,-6.885378215048048
2779,do,0.05,0.0,12,0.46060881733894377,-6.1079478032661205,-5.67556709713406
2780,pp,0.05,0.0,8,0.9242090547084807,-5.315079908659964,-4.559767757521735
2781,do,0.05,0.0,10,0.8900318562984468,-6.5769049355478,-6.355246967739529
2782,pp,0.05,0.0,22,2.1668631124496462,-6.409815911090735,-5.372606706619263
2783,do,0.05,0.0,23,3.479043418169022,-5.55451266115362,-5.074163322978549
2784,pp,0.05,0.0,21,3.771615141630174,-4.741223421963778,-3.923956047164069
2785,do,0.05,0.0,24,3.592348734140396,-6.012063722899466,-5.894980788230896
2786,pp,0.05,0.0,28,2.26268098473549,-5.955696812543002,-4.649940525160895
2787,do,0.05,0.0,16,1.6821630048751839,-6.958321000590469,-7.757093848122491
2788,pp,0.05,0.0,26,0.8281183838844299,-8.56988235097943,-6.826935211817424
2789,do,0.05,0.0,35,0.4081790566444399,-6.266970273220178,-6.137394256061977
2790,pp,0.05,0.0,70,2.531109180450441,-10.73459234526663,-9.431192636489868
2791,do,0.05,0.0,70,1.8013601517677298,-7.4565034678488065,-7.710852384567261
2792,pp,0.05,0.0,1,-0.6460468351840971,-5.458344754305753,-5.05686891608768
2793,do,0.05,0.0,22,2.077688049077988,-7.168405210610592,-6.938374961747064
2794,pp,0.05,0.0,26,1.4974387598037726,-6.0618689609296394,-5.11491244369083
2795,do,0.05,0.0,8,0.6297279989719389,-5.999047348716042,-5.35676318274604
2796,pp,0.05,0.0,17,1.9333052849769592,-4.166788817896988,-3.737220341629452
2797,do,0.05,0.0,11,-0.024673757553101083,-5.318082767544371,-4.970764867464701
2798,pp,0.05,0.0,30,1.3450969624519349,-5.840395816167196,-5.1015756474600895
2799,do,0.05,0.0,4,0.01949928641319243,-6.26944637298584,-5.25491508907742
2800,pp,0.05,0.0,7,1.3481733572483066,-5.614589189760613,-4.531453935305278
2801,do,0.05,0.0,21,0.6550101470947265,-6.300025805560026,-6.74312994480133
2802,pp,0.05,0.0,20,1.5809553790092474,-5.327241500218709,-4.528898798094856
2803,do,0.05,0.0,7,0.23155608415603712,-6.102225546403365,-5.900096702575683
2804,pp,0.05,0.0,12,1.7829990279674526,-4.6769341295415705,-4.368071614371406
2805,do,0.05,0.0,22,2.1980957841873163,-5.060197789741285,-4.581529659695096
2806,pp,0.05,0.0,23,2.597754093408585,-4.9236356084997,-4.610966997676425
2807,do,0.05,0.0,40,2.1649155020713797,-7.212811269182147,-6.4909401098887125
2808,pp,0.05,0.0,25,1.7431711792945865,-5.487189158526334,-4.4376138899061415
2809,do,0.05,0.0,31,3.7540022408962246,-5.711038462320963,-5.619492157300313
2810,pp,0.05,0.0,33,3.482313812971115,-5.478828456185081,-4.943312173419528
2811,do,0.05,0.0,26,1.4414114689826967,-6.740477547501072,-6.454673428005642
2812,pp,0.05,0.0,36,2.4212419021129614,-6.34325410380508,-5.5059538841247555
2813,do,0.05,0.0,35,2.4278794836997992,-8.05435527454723,-6.669996955659655
2814,pp,0.05,0.0,8,0.9323871111869817,-5.147086389137037,-4.061685019069248
2815,do,0.05,0.0,18,1.8784952735900884,-5.5849571069081625,-4.744976340399848
2816,pp,0.05,0.0,34,4.127585771083833,-5.724097669485843,-4.682928008503384
2817,do,0.05,0.0,16,1.8625394916534423,-4.712732917612249,-4.908837135632833
2818,pp,0.05,0.0,55,1.80598227262497,-9.041347009485419,-7.73109987311893
2819,do,0.05,0.0,26,1.0957091975212103,-6.339765021295259,-5.574958931075202
2820,pp,0.05,0.0,27,0.8479386687278749,-7.593324873664162,-6.485995356241862
2821,do,0.05,0.0,70,1.799968349933625,-6.115401500644106,-5.918965906567044
2822,pp,0.05,0.0,10,2.179150758981704,-5.909213605071559,-4.881954521603054
2823,do,0.05,0.0,15,2.623963670730591,-6.8446546959154535,-6.775910006629096
2824,pp,0.05,0.0,11,1.9909581232070925,-5.313577630303123,-4.358188796043396
2825,do,0.05,0.0,30,1.3618426382541653,-6.729126240990379,-5.963009254137675
2826,pp,0.05,0.0,10,0.6688677406311037,-5.063116624138572,-4.593139417966207
2827,do,0.05,0.0,7,0.45664644718170244,-4.616334894931677,-4.268184533384111
2828,pp,0.05,0.0,13,0.41150939226150474,-6.676181014378866,-5.736529633733961
2829,do,0.05,0.0,26,1.9947144067287441,-5.274122275728168,-4.813765190707313
2830,pp,0.05,0.0,22,1.5326910555362705,-5.08280836018649,-4.599121379852295
2831,do,0.05,0.0,16,2.1544871556758887,-6.203267746260672,-5.852058908674452
2832,pp,0.05,0.0,70,2.339020414352417,-9.315270772124782,-7.998910350269742
2833,do,0.05,0.0,48,1.8968762540817252,-6.37655596444101,-5.442614266607497
2834,pp,0.05,0.0,42,1.6795736169815063,-5.936621644280174,-5.187930904494392
2835,do,0.05,0.0,59,0.42458400487899794,-11.83517037593957,-9.030609157350328
2836,pp,0.05,0.0,37,2.693373426198959,-6.813050456480546,-5.989684107568529
2837,do,0.05,0.0,59,0.17805669069290175,-8.074576143784956,-7.024317185084025
2838,pp,0.05,0.0,2,-0.11581122159957857,-5.50418871532787,-4.915063452720642
2839,do,0.05,0.0,13,1.1496039068698884,-5.383564365271366,-4.540139824814267
2840,pp,0.05,0.0,16,1.4846726179122927,-5.102828488205418,-4.432201351059808
2841,do,0.05,0.0,9,2.0806903004646307,-6.437428764863448,-5.1414401213328045
2842,pp,0.05,0.0,17,2.583016530275345,-6.258840172218554,-5.070740824275546
2843,do,0.05,0.0,2,-0.5967692446708686,-5.989998324712118,-5.071334589852227
2844,pp,0.05,0.0,70,1.142708476781845,-7.686677840261749,-6.6474505742390955
2845,do,0.05,0.0,46,1.849189889430999,-5.756253196253921,-5.126975544293722
2846,pp,0.05,0.0,26,0.9224879896640781,-7.2131772836049395,-5.9154777261945934
2847,do,0.05,0.0,6,1.6180994296073914,-5.575329442457719,-5.021214686499702
2848,pp,0.05,0.0,61,1.3799720001220699,-7.743919059002038,-6.883023187849257
2849,do,0.05,0.0,57,1.8023891484737398,-7.898779319994377,-8.87121291425493
2850,pp,0.05,0.0,21,1.6370232915878296,-5.704227862213597,-5.110570952627394
2851,do,0.05,0.0,21,2.376811723709107,-6.483496190562393,-6.045265086491903
2852,pp,0.05,0.0,19,1.8962996363639828,-5.263502058838353,-4.472177611456977
2853,do,0.05,0.0,22,3.6545226752758033,-6.7886026801485,-6.355734311209785
2854,pp,0.05,0.0,18,2.9133400011062625,-5.296686860286829,-4.640906643867493
2855,do,0.05,0.0,47,1.0269609534740445,-7.081990340261749,-6.303415817684598
2856,pp,0.05,0.0,10,1.0957233595848086,-5.424857107798259,-4.604718457327949
2857,do,0.05,0.0,20,-0.2807356154918672,-6.93634822585366,-6.5103797515233355
2858,pp,0.05,0.0,14,0.3156327235698697,-6.152994560472893,-5.494243643018934
2859,do,0.05,0.0,27,-0.5756377232074739,-8.04200098586805,-7.2930341243743895
2860,pp,0.05,0.0,30,0.9701044869422901,-7.46327103990497,-6.613620856073168
2861,do,0.05,0.0,8,1.321245175600052,-4.703717527967511,-3.9051473723517525
2862,pp,0.05,0.0,29,3.6186603820323935,-5.307421284010916,-4.409154134326511
2863,do,0.05,0.0,7,1.40397270321846,-5.320537752093691,-4.667986411518521
2864,pp,0.05,0.0,16,1.6269569742679595,-5.8782184947620735,-4.957044768333435
2865,do,0.05,0.0,12,0.503735266923905,-5.36105749390342,-5.102060476938884
2866,pp,0.05,0.0,35,2.545530440807343,-7.165762003985319,-5.854607672161526
2867,do,0.05,0.0,15,0.9031921708583832,-5.632707724426732,-4.5431138237317406
2868,pp,0.05,0.0,34,3.127834823131561,-6.877972529151223,-6.0213111400604244
2869,do,0.05,0.0,64,3.51678985118866,-7.559048997994625,-6.604971276389228
2870,pp,0.05,0.0,29,1.5733125293254844,-8.069731186375474,-6.839960098266602
2871,do,0.05,0.0,5,-0.12014872670173649,-6.267951937877771,-5.575285063849555
2872,pp,0.05,0.0,6,0.045593680143356075,-5.880980315352931,-5.127809026506212
2873,do,0.05,0.0,10,1.1651231205463404,-6.3498907782814715,-5.1950976848602295
2874,pp,0.05,0.0,10,0.40979801416397077,-6.159832864819151,-5.273325207498338
2875,do,0.05,0.0,35,-0.002686135768890985,-7.1962441357699305,-5.89712470902337
2876,pp,0.05,0.0,4,-0.07437632918357906,-5.14252550385215,-4.459682064586215
2877,do,0.05,0.0,4,0.3259194016456606,-5.376518512494636,-5.232976182301839
2878,pp,0.05,0.0,70,0.29025103807449426,-7.635579860571659,-6.836281723446316
2879,do,0.05,0.0,23,-0.17475762724876276,-7.682716274261475,-6.693751822577583
2880,pp,0.05,0.0,2,-0.36274191141128576,-5.760794074607618,-5.005013505617778
2881,do,0.05,0.0,39,0.9838313555717466,-7.731421512545961,-6.860332115491231
2882,pp,0.05,0.0,20,1.6311177444458007,-6.060071046424635,-4.897196968396504
2883,do,0.05,0.0,37,0.6833521687984483,-7.670983671419548,-6.845376918050978
2884,pp,0.05,0.0,8,0.9909432268142702,-5.446080077778209,-4.679039319356282
2885,do,0.05,0.0,5,1.3242834568023678,-5.391997200070006,-4.733914393848843
2886,pp,0.05,0.0,41,3.7794936883449566,-8.527459556406194,-6.894933557510376
2887,do,0.05,0.0,7,0.35941748976707455,-6.685931601668849,-5.523108485009935
2888,pp,0.05,0.0,35,2.165320311784744,-6.698054904648752,-5.897317425409953
2889,do,0.05,0.0,6,0.409312723875046,-5.231127994710749,-4.661546799871656
2890,pp,0.05,0.0,15,2.4380737614631656,-4.9778895681554625,-4.308702010578579
2891,do,0.05,0.0,5,0.04600296020507777,-5.390136610377919,-4.862958240509033
2892,pp,0.05,0.0,36,0.5217508471012113,-6.0828507770191536,-5.3351237614949545
2893,do,0.05,0.0,10,0.26517760038375826,-6.0464115330667205,-5.676739546987745
2894,pp,0.05,0.0,2,-0.1706301140785218,-5.272416083017985,-4.69148338370853
2895,do,0.05,0.0,12,2.0169824993610384,-4.911906781341091,-5.157752582761977
2896,pp,0.05,0.0,42,2.44729493021965,-7.516042258522727,-6.429013588693407
2897,do,0.05,0.0,7,1.2551059401035314,-5.691372661879568,-5.190550388230218
2898,pp,0.05,0.0,6,0.22314416289329575,-5.783076937993368,-4.949430810080634
2899,do,0.05,0.0,11,0.9536353325843816,-5.8070013031815035,-6.0204584148195055
2900,pp,0.05,0.0,58,2.579245961904526,-6.3546230243914055,-5.9328740013970265
2901,do,0.05,0.0,14,-0.10274856328964166,-6.624257025574193,-6.027859253353543
2902,pp,0.05,0.0,5,-0.13623985290527418,-5.173718065204042,-4.499745819303724
2903,do,0.05,0.0,60,1.543747473955154,-6.441408637075713,-6.203468214140998
2904,pp,0.05,0.0,31,1.7876875030994412,-6.992129913965861,-5.829585936334398
2905,do,0.05,0.0,70,1.6787233757972704,-7.965493693496242,-8.410240491231283
2906,pp,0.05,0.0,6,0.1557409036159516,-4.9888115839524705,-4.4174705055024885
2907,do,0.05,0.0,6,-0.40724079251289336,-6.286417666348544,-5.385446490181817
2908,pp,0.05,0.0,7,0.1592056679725644,-5.268326210253166,-4.575902334849039
2909,do,0.05,0.0,11,1.2160946226120002,-5.228269052505493,-4.453972880045573
2910,pp,0.05,0.0,9,1.7181797635555265,-5.400434457894527,-4.360328724649217
2911,do,0.05,0.0,69,0.31239268779754603,-8.192408521247632,-7.766360486878289
2912,pp,0.05,0.0,18,-0.606912076473237,-7.261807184508353,-6.145187261369493
2913,do,0.05,0.0,60,2.9985754323005676,-5.791048289790298,-5.430599310663012
2914,pp,0.05,0.0,22,3.4903457200527184,-5.71980221343763,-4.735892417695787
2915,do,0.05,0.0,70,1.7807711899280552,-8.333456735899954,-8.338420428170098
2916,pp,0.05,0.0,10,0.32093297481536887,-5.374465225682114,-4.357972571584914
2917,do,0.05,0.0,63,4.086533477306366,-8.811073450608687,-7.377904298570421
2918,pp,0.05,0.0,15,3.6580007052421566,-5.825414290572658,-4.887626594967312
2919,do,0.05,0.0,55,3.458593311309815,-5.259481379480073,-4.726306472884284
2920,pp,0.05,0.0,37,3.5861883640289314,-5.475958733125166,-4.765216512150235
2921,do,0.05,0.0,24,2.104024174213409,-4.8107186158498125,-4.195236966345045
2922,pp,0.05,0.0,23,2.2407435607910156,-5.212451257127704,-4.280612189239926
2923,do,0.05,0.0,8,1.28120265007019,-5.007804718884555,-4.8428078942828705
2924,pp,0.05,0.0,17,1.5372440028190608,-4.876532962105491,-4.271852752897474
2925,do,0.05,0.0,24,3.2178608238697057,-5.784771849892357,-5.671030463112725
2926,pp,0.05,0.0,42,1.449575321674347,-8.149124316013221,-6.669402443038093
2927,do,0.05,0.0,21,1.8066468560695643,-5.873975051533092,-5.640037502182855
2928,pp,0.05,0.0,13,2.019072262048722,-4.766201786561446,-3.7727959752082825
2929,do,0.05,0.0,6,0.5732325744628906,-5.892490021387736,-5.487457164128622
2930,pp,0.05,0.0,7,1.0009414708614353,-4.987521109436497,-3.979352434476217
2931,do,0.05,0.0,70,1.3586745548248302,-9.94917293028398,-9.593787972132365
2932,pp,0.05,0.0,13,2.317986689805984,-5.418419534509832,-4.57968335946401
2933,do,0.05,0.0,7,0.46577919006347646,-6.829791297334613,-5.541672987408108
2934,pp,0.05,0.0,8,1.913639855384826,-6.664853330091996,-5.19349082575904
2935,do,0.05,0.0,11,0.9988939583301546,-5.478890579397028,-5.191414088673062
2936,pp,0.05,0.0,14,0.4135419809818268,-5.427883271015052,-4.823880134688483
2937,do,0.05,0.0,13,1.640040971040726,-5.157663309212887,-4.807266079054939
2938,pp,0.05,0.0,9,2.144502502679824,-5.094612858512185,-4.15910419093238
2939,do,0.05,0.0,14,0.894638447761535,-5.504637981183601,-5.5025281455781725
2940,pp,0.05,0.0,70,0.7259867370128639,-9.115025962482799,-7.952944103876749
2941,do,0.05,0.0,35,2.08952055811882,-6.970543250170621,-5.82520558834076
2942,pp,0.05,0.0,29,2.0581211650371545,-7.773347489039103,-7.362610981199476
2943,do,0.05,0.0,21,2.2534970963001255,-6.812962248831084,-6.832812166213989
2944,pp,0.05,0.0,41,1.0444371485710136,-9.20787672996521,-7.8195660750071205
2945,do,0.05,0.0,8,0.6041229450702668,-5.751438596031883,-4.833673384454515
2946,pp,0.05,0.0,15,1.7396677899360666,-8.256182764515732,-6.014504716131422
2947,do,0.05,0.0,19,3.018234162330627,-6.01576826355674,-5.949091739124722
2948,pp,0.05,0.0,53,3.333928533792495,-6.625146039326986,-6.200933885574341
2949,do,0.05,0.0,31,2.5463652038574214,-6.980052478385694,-6.249896126323276
2950,pp,0.05,0.0,37,3.054143368005753,-6.192420754288182,-5.378953070110745
2951,do,0.05,0.0,56,1.9689490270614627,-7.428249908216072,-7.577307817671034
2952,pp,0.05,0.0,4,0.7856745934486389,-5.137128292430531,-4.513761440912883
2953,do,0.05,0.0,6,0.8953836572170255,-5.975185119744503,-5.277999054061042
2954,pp,0.05,0.0,7,0.5141374111175541,-5.969175773678404,-4.712079005771213
2955,do,0.05,0.0,42,4.277878087759018,-5.363201376886079,-5.302399926715427
2956,pp,0.05,0.0,13,1.8124612903594972,-5.986368896021988,-5.045242198308309
2957,do,0.05,0.0,11,1.4263230919837957,-4.343582079627297,-4.048867111735873
2958,pp,0.05,0.0,70,2.8993599450588228,-5.929838472424131,-5.087382804022895
2959,do,0.05,0.0,7,0.5820763695240014,-5.683762670285774,-5.103017393747965
2960,pp,0.05,0.0,4,-0.19188009619712787,-6.335865796696056,-4.878024747636583
2961,do,0.05,0.0,20,1.8615964639186853,-6.840639583992235,-5.935290540589227
2962,pp,0.05,0.0,70,3.3480419278144833,-6.784661748192527,-6.2115299516254
2963,do,0.05,0.0,15,1.893317658901215,-6.3558318311517885,-5.486636577712165
2964,pp,0.05,0.0,21,2.36543035030365,-7.070965658534657,-5.621520196066962
2965,do,0.05,0.0,12,1.7032231771945954,-5.685532038139574,-5.160848657290141
2966,pp,0.05,0.0,30,2.4141634523868563,-4.867072232564291,-4.281654458575779
2967,do,0.05,0.0,18,2.400909023284912,-5.558050486535737,-5.70192973613739
2968,pp,0.05,0.0,63,2.3226070344448093,-8.345007358897815,-8.4222617732154
2969,do,0.05,0.0,52,1.5033711194992074,-7.4730898163535375,-7.004330762227377
2970,pp,0.05,0.0,33,2.7441850864887236,-6.201234950441303,-5.176277698410882
2971,do,0.05,0.0,13,1.3996198558807373,-5.465199226321596,-5.2790195147196455
2972,pp,0.05,0.0,17,2.5241412878036495,-4.959693033044989,-4.373629678620232
2973,do,0.05,0.0,19,2.4320636689662933,-5.371207277702562,-6.014573094579909
2974,pp,0.05,0.0,20,2.401428271532059,-6.807699089339285,-6.243222859170702
2975,do,0.05,0.0,16,2.529103671312332,-5.580097527937456,-5.1067087517844305
2976,pp,0.05,0.0,14,1.642395366430283,-5.612337839242183,-4.604563127623664
2977,do,0.05,0.0,33,1.2358055043220517,-6.742772622541948,-7.262065023846096
2978,pp,0.05,0.0,41,2.964459283351899,-5.503733895041726,-5.156112700038486
2979,do,0.05,0.0,54,-0.09761199831962486,-7.7519763455246435,-6.617716142866347
2980,pp,0.05,0.0,47,2.5879941987991337,-5.817362269488248,-5.235242740313212
2981,do,0.05,0.0,11,2.497831853628158,-4.877520762067853,-5.103793019718594
2982,pp,0.05,0.0,70,1.3388639795780186,-11.855747932376284,-9.310233240657382
2983,do,0.05,0.0,5,0.4863468575477601,-4.831422343398586,-4.100848698616028
2984,pp,0.05,0.0,70,1.5311097848415374,-6.459258083863692,-6.090987263785468
2985,do,0.05,0.0,15,0.5797886133193968,-6.903714649605028,-6.4015302843517725
2986,pp,0.05,0.0,23,1.507995980978012,-8.113590447107951,-6.141632649633619
2987,do,0.05,0.0,70,0.42780737161636395,-8.390820425206964,-7.250421783659193
2988,pp,0.05,0.0,6,0.4527920198440549,-5.097453438151966,-4.250892702738444
2989,do,0.05,0.0,21,-0.07434641122817975,-7.332744536255345,-6.498597902721829
2990,pp,0.05,0.0,10,0.9129492402076718,-5.483830190427375,-4.871790483262804
2991,do,0.05,0.0,32,2.072574081420899,-6.283658683661258,-6.202137811978658
2992,pp,0.05,0.0,67,1.8974724000692378,-7.021436623371009,-6.464961393674215
2993,do,0.05,0.0,15,0.3062161493301394,-6.863684025677768,-5.894217771954007
2994,pp,0.05,0.0,70,1.9195062577724462,-8.180935118415139,-6.543103994263543
2995,do,0.05,0.0,8,1.2792543530464169,-5.619660598581487,-5.863766400019328
2996,pp,0.05,0.0,20,1.2978111910820012,-5.908848745172674,-5.310629743999905
2997,do,0.05,0.0,70,0.7808966779708868,-9.27691066048362,-8.229803821775649
2998,pp,0.05,0.0,12,1.0860876679420466,-4.838085707751188,-4.240440246793959
2999,do,0.05,0.0,11,0.791461365222931,-4.700070584904064,-3.956324651506212
3000,pp,0.05,0.0,31,2.4370883500576017,-5.270450115203857,-4.459621259901259
3001,do,0.05,0.0,10,0.4319725680351256,-5.6816815679723565,-4.79766747686598
3002,pp,0.05,0.0,36,1.2239213991165157,-7.759553269183997,-7.135496218999227
3003,do,0.05,0.0,22,2.2921088671684267,-5.826552152633667,-5.314989444944594
3004,pp,0.05,0.0,33,2.9492839133739475,-6.418078088760376,-5.555511418978373
3005,do,0.05,0.0,44,0.6100458180904393,-9.241898110418608,-8.225612338383993
3006,pp,0.05,0.0,14,0.852079488039017,-6.798930230285182,-5.9534550613827175
3007,do,0.05,0.0,20,1.8122015655040737,-5.73246821345705,-4.8982616821924845
3008,pp,0.05,0.0,13,1.7296130287647253,-4.920725900476629,-4.20452557404836
3009,do,0.05,0.0,21,2.304992176294326,-5.650893543705796,-5.746267943912082
3010,pp,0.05,0.0,70,3.51249059677124,-5.748134540789055,-6.044359087944031
3011,do,0.05,0.0,9,0.959198621511459,-5.373139369849003,-4.446279907226563
3012,pp,0.05,0.0,56,2.9277832400798793,-8.35871946883924,-6.97315174208747
3013,do,0.05,0.0,38,1.239764066934585,-6.818968166004527,-6.062818519274393
3014,pp,0.05,0.0,15,1.840087071657181,-5.409329355124271,-4.707101742426555
3015,do,0.05,0.0,12,1.1170130562782292,-5.38959645357999,-5.318612906667921
3016,pp,0.05,0.0,70,1.4927415990829456,-7.445870892206828,-6.536771533224318
3017,do,0.05,0.0,7,0.4940502893924714,-5.532333453496297,-5.298009461826748
3018,pp,0.05,0.0,17,1.0895589077472687,-6.1108341592730895,-5.578731592496236
3019,do,0.05,0.0,12,0.3509642887115474,-5.837084356943766,-5.14376868142022
3020,pp,0.05,0.0,20,1.3633292186260224,-6.2593036897254715,-5.555678494771322
3021,do,0.05,0.0,17,0.6298269259929654,-5.787043944272128,-5.678076995743646
3022,pp,0.05,0.0,7,-0.023533462285995732,-5.7454626487963125,-4.894659739070469
3023,do,0.05,0.0,32,4.820548453330994,-6.993325672727643,-5.800019870864021
3024,pp,0.05,0.0,57,5.564449974298478,-5.432573565569791,-4.869863602850172
3025,do,0.05,0.0,12,-0.3896010231971738,-6.157767035744407,-5.416319621933831
3026,pp,0.05,0.0,70,0.5550818061828613,-7.603343915939331,-6.221899231274922
3027,do,0.05,0.0,23,-0.1604305350780484,-7.072603267611879,-6.610606882307264
3028,pp,0.05,0.0,10,0.5283383119106295,-5.121285253582578,-4.458869176440769
3029,do,0.05,0.0,7,0.9953480207920071,-6.2992780555378305,-4.955314622984992
3030,pp,0.05,0.0,42,2.475215872526169,-9.471133464755434,-7.6249766058391995
3031,do,0.05,0.0,41,2.2764894258975987,-7.176774961298162,-6.13892891407013
3032,pp,0.05,0.0,52,1.630223119258881,-10.676621396613843,-9.530233012305366
3033,do,0.05,0.0,17,2.3776074880361557,-7.1243169293259125,-6.191328170564439
3034,pp,0.05,0.0,20,3.495342738628387,-5.314827249989365,-4.8594555881288315
3035,do,0.05,0.0,31,0.1021669745445255,-7.953747766668147,-7.803493515650431
3036,pp,0.05,0.0,65,2.7493954575061794,-6.09031487233711,-5.827022666401334
3037,do,0.05,0.0,20,0.6137439906597137,-5.951865677400069,-4.8188754161198935
3038,pp,0.05,0.0,14,0.4985279095172883,-6.010001446984031,-5.0372135453754
3039,do,0.05,0.0,19,1.1855892932415006,-7.10045453562881,-6.406135572327508
3040,pp,0.05,0.0,11,1.1984432804584504,-5.193077814217769,-4.665399442778694
3041,do,0.05,0.0,9,-0.03718980789184556,-5.553908840815226,-5.326096524132622
3042,pp,0.05,0.0,70,2.5520663297176354,-5.664859988472679,-5.017745984925164
3043,do,0.05,0.0,8,0.5605789554119109,-4.48299832055063,-4.015636093086666
3044,pp,0.05,0.0,7,0.9844071471691134,-4.205996675202341,-3.6223495403925576
3045,do,0.05,0.0,14,1.4331263697147367,-4.26820644754352,-4.011338770389557
3046,pp,0.05,0.0,6,0.972528291940689,-4.242660359180335,-3.6175825701819524
3047,do,0.05,0.0,39,2.4439453268051157,-5.648276329040527,-5.11592190530565
3048,pp,0.05,0.0,58,3.338762637376785,-5.102711865396211,-4.4725842316945394
3049,do,0.05,0.0,28,1.8135979092121124,-5.204000156575983,-4.490657065974341
3050,pp,0.05,0.0,34,1.5901333034038547,-6.071605613014915,-4.8941783878538345
3051,do,0.05,0.0,9,0.38672987818717974,-4.480298913608898,-3.900196651617686
3052,pp,0.05,0.0,9,0.7060605311393742,-4.6626760150447035,-3.913348751597934
3053,do,0.05,0.0,22,0.9577373802661899,-5.164228293389985,-4.564834739102258
3054,pp,0.05,0.0,18,2.658420213460923,-4.943031880349824,-3.984495158990224
3055,do,0.05,0.0,17,1.3024034547805785,-4.86377040978634,-5.516725942823622
3056,pp,0.05,0.0,65,3.778714359998702,-4.760604456699256,-3.9952937841415403
3057,do,0.05,0.0,7,1.3314669096469878,-4.340987448258834,-4.136137089464399
3058,pp,0.05,0.0,41,1.6317732763290405,-9.170462199413414,-7.151611301634047
3059,do,0.05,0.0,21,1.9208709979057312,-5.02054057265773,-4.653592536184523
3060,pp,0.05,0.0,13,1.6674783539772031,-5.178015018231941,-4.0750209331512455
3061,do,0.05,0.0,14,1.0485008919239043,-5.392302251584602,-5.43248302936554
3062,pp,0.05,0.0,17,1.9263918906450268,-4.947324335213864,-3.9254370119836595
3063,do,0.05,0.0,9,1.4297718179225916,-4.809879498048262,-4.787982665167915
3064,pp,0.05,0.0,57,1.5800472807884205,-6.820265937573982,-5.795815459887186
3065,do,0.05,0.0,28,2.420097725391388,-5.878226863976681,-5.0870006097687614
3066,pp,0.05,0.0,70,2.831699327230453,-5.688360688180635,-5.022847008705139
3067,do,0.05,0.0,57,1.3749419677257544,-7.525084228226633,-6.709767614470588
3068,pp,0.05,0.0,12,0.7552921998500821,-4.982722367662372,-3.8144619623819986
3069,do,0.05,0.0,70,2.9730468666553502,-9.339682009725859,-8.729515584309896
3070,pp,0.05,0.0,23,2.3530688691139225,-6.229505445017959,-5.145397586292691
3071,do,0.05,0.0,41,3.090786883831024,-5.419546377297603,-4.7913436121410795
3072,pp,0.05,0.0,26,3.126112424135208,-5.5114326650446115,-4.539302696122063
3073,do,0.05,0.0,15,1.8853477764129645,-4.666719753091986,-4.341164388921526
3074,pp,0.05,0.0,27,1.95782336473465,-5.575743246078491,-4.548067392243279
3075,do,0.05,0.0,21,2.8744486391544353,-4.7771105462854555,-4.826255798339844
3076,pp,0.05,0.0,6,1.0989642536640174,-5.686001047943577,-5.000203479660882
3077,do,0.05,0.0,27,1.7311883997917175,-5.238763868447506,-5.387375354766846
3078,pp,0.05,0.0,17,2.6399085092544556,-4.655645341584177,-4.2201320701175264
3079,do,0.05,0.0,20,1.2992192828655247,-4.582229439417521,-4.488975853390164
3080,pp,0.05,0.0,20,1.6363412606716157,-5.207691172397498,-4.989926433563232
3081,do,0.05,0.0,14,1.7789467847347256,-4.158878216598973,-4.63831746313307
3082,pp,0.05,0.0,20,1.546847356557846,-4.510031119259921,-3.9660677883360123
3083,do,0.05,0.0,69,2.6390960752964023,-4.976332699168812,-5.152044542630514
3084,pp,0.05,0.0,31,1.8100917732715613,-6.391734759012858,-4.9909055709838865
3085,do,0.05,0.0,10,1.254220633506776,-6.048343639662772,-5.740516448020935
3086,pp,0.05,0.0,30,4.299809598922729,-6.043004767100016,-5.303451199001736
3087,do,0.05,0.0,20,2.166573176383972,-4.571412702040239,-4.34638046556049
3088,pp,0.05,0.0,40,2.3184647905826568,-5.921369296854192,-5.201674079895019
3089,do,0.05,0.0,10,0.850381684303283,-6.00611244837443,-5.749344266785515
3090,pp,0.05,0.0,19,1.5137781989574428,-5.963082780260028,-5.299077452553643
3091,do,0.05,0.0,22,1.3211928319931028,-6.231522417068481,-5.6985803100797865
3092,pp,0.05,0.0,16,1.331056184768677,-5.836400065277562,-4.75354134771559
3093,do,0.05,0.0,19,2.6617788636684416,-4.380588002638383,-3.74586228662067
3094,pp,0.05,0.0,17,1.839701130390167,-5.108739432421598,-3.9448955694834393
3095,do,0.05,0.0,20,1.7237449145317072,-5.145387843160918,-4.565399709012773
3096,pp,0.05,0.0,68,2.5381855654716485,-7.493318141590465,-6.32451753616333
3097,do,0.05,0.0,21,1.6774408149719244,-4.997595079017408,-5.4760111729303995
3098,pp,0.05,0.0,55,1.6648921251297004,-5.553111808950251,-5.180580237176684
3099,do,0.05,0.0,22,1.2499171483516687,-5.007428737120195,-4.616144627994961
3100,pp,0.05,0.0,18,1.439136539697647,-4.854912655281298,-4.35422883298662
3101,do,0.05,0.0,32,3.532416938543319,-5.541349227500684,-5.502899740801917
3102,pp,0.05,0.0,22,2.5823255193233488,-5.826431826389197,-4.866743760638767
3103,do,0.05,0.0,24,3.176304565668107,-5.259048487923362,-4.259560041957432
3104,pp,0.05,0.0,11,1.5343591737747193,-5.027111099705552,-4.219385329882304
3105,do,0.05,0.0,16,1.790752128362656,-4.426155870611018,-4.355155026912689
3106,pp,0.05,0.0,14,1.326966984272003,-5.275457989085805,-4.476219587855869
3107,do,0.05,0.0,14,1.4931308686733251,-5.724407214829416,-4.966790305243598
3108,pp,0.05,0.0,7,0.1014999961853027,-7.332977241458315,-5.95920233991411
3109,do,0.05,0.0,15,2.128179657459259,-4.72116511518305,-4.40650430255466
3110,pp,0.05,0.0,11,0.7890554845333098,-6.611095068671487,-5.459817989667257
3111,do,0.05,0.0,16,2.132699575424194,-4.8550203482309975,-3.999889051914215
3112,pp,0.05,0.0,14,1.963986095190049,-5.8119015057881676,-4.404324801762899
3113,do,0.05,0.0,17,1.8494521510601043,-4.218834554787838,-4.3038698487811615
3114,pp,0.05,0.0,12,0.8496575021743773,-5.313860387513132,-4.608299292458428
3115,do,0.05,0.0,14,0.34057663917541525,-5.516784676638516,-5.01436099741194
3116,pp,0.05,0.0,5,-0.5725487661361699,-6.887462588512537,-5.6222856362660725
3117,do,0.05,0.0,15,1.0659234440326681,-6.73184552192688,-6.230479584799872
3118,pp,0.05,0.0,30,1.7314762759208682,-6.024087515744296,-5.048499467637804
3119,do,0.05,0.0,26,1.5614369094371803,-4.560111225012577,-4.118899752034081
3120,pp,0.05,0.0,20,1.9000188374519338,-5.871073504650232,-4.996457960870531
3121,do,0.05,0.0,11,1.016735687255859,-5.625755294164022,-5.577629661560058
3122,pp,0.05,0.0,16,1.835031726360321,-5.676168672966234,-4.580575325753954
3123,do,0.05,0.0,70,0.725799126625061,-7.049773811571526,-6.445487356185913
3124,pp,0.05,0.0,22,2.289936927556991,-5.158038409550985,-4.521093176470862
3125,do,0.05,0.0,18,0.6524303007125853,-4.796769584308971,-4.4473893059624565
3126,pp,0.05,0.0,15,0.8699689149856571,-4.785929798357414,-4.22828815513187
3127,do,0.05,0.0,28,2.1369421064853666,-5.6421525796254475,-5.0799336989720665
3128,pp,0.05,0.0,16,1.9708250164985657,-5.301255583040642,-4.354041722085741
3129,do,0.05,0.0,16,2.4082829320430754,-5.5609547138214115,-5.436728779474894
3130,pp,0.05,0.0,21,2.1413117575645444,-5.216295198960737,-4.388274595472548
3131,do,0.05,0.0,32,1.7882260477542875,-5.6703279654184975,-6.234605370627509
3132,pp,0.05,0.0,25,1.3787237906455996,-4.948835982698383,-4.400888591342502
3133,do,0.05,0.0,22,1.4331386482715605,-4.670670601815888,-4.450482886367374
3134,pp,0.05,0.0,36,1.2272067868709575,-6.583574747316765,-6.460232538647122
3135,do,0.05,0.0,16,2.424676076173782,-4.813987610556863,-4.56406508286794
3136,pp,0.05,0.0,30,2.509924829006195,-5.343191116506403,-4.4946358309851755
3137,do,0.05,0.0,7,0.732261201143265,-4.820981096498894,-4.228710820939805
3138,pp,0.05,0.0,12,0.8159021544456486,-5.040802792346839,-4.467962278260125
3139,do,0.05,0.0,61,3.1803674459457394,-8.532369336214932,-7.631279304292467
3140,pp,0.05,0.0,9,1.5575565052032472,-5.368986927379261,-4.249238091044956
3141,do,0.05,0.0,60,1.5056747138500217,-6.170876290581443,-5.967757577366299
3142,pp,0.05,0.0,18,1.6467833936214449,-5.099488278591272,-4.378284464942085
3143,do,0.05,0.0,70,0.8964626169204717,-8.911316821069429,-7.673238926463657
3144,pp,0.05,0.0,5,0.6991149961948393,-5.430174308834654,-4.326263652907477
3145,do,0.05,0.0,48,2.1021947205066676,-7.02630516832525,-6.216402787632412
3146,pp,0.05,0.0,6,0.6511722958087924,-4.318731914867055,-3.5961623787879944
3147,do,0.05,0.0,20,1.545733004808426,-4.953949004953558,-4.500986170768738
3148,pp,0.05,0.0,21,2.409713085889816,-5.447821349808664,-4.98877182536655
3149,do,0.05,0.0,47,1.7639460539817815,-6.685589267268325,-6.1086282836066355
3150,pp,0.05,0.0,17,1.3477348756790155,-4.4316157023111975,-3.9018225298987494
3151,do,0.05,0.0,15,0.357295088768006,-5.963595335411303,-5.386688966221279
3152,pp,0.05,0.0,20,1.1844716179370884,-5.796517984794848,-4.994451989067925
3153,do,0.05,0.0,30,2.351613812446595,-6.875988510883215,-6.184650344318814
3154,pp,0.05,0.0,9,1.1978931260108947,-4.860226849353674,-4.217312194241417
3155,do,0.05,0.0,70,1.3821140551567082,-6.243892431259155,-5.815561146206326
3156,pp,0.05,0.0,12,1.387881127595902,-5.351898339300445,-4.3629161410861546
3157,do,0.05,0.0,10,1.8593837690353388,-4.630386179143732,-4.022130695978801
3158,pp,0.05,0.0,38,1.0909194421768191,-8.005456563198205,-7.443831867641872
3159,do,0.05,0.0,7,1.712278772592545,-4.61962238369566,-4.0523011591699385
3160,pp,0.05,0.0,18,4.0548150253295905,-5.208148574829101,-4.2682123793496025
3161,do,0.05,0.0,7,0.890857917070389,-5.310389041900635,-4.6532274219724865
3162,pp,0.05,0.0,29,0.7154299247264859,-6.853137118888624,-5.719726822111341
3163,do,0.05,0.0,13,0.5849810242652893,-5.133053756482673,-4.445346025625865
3164,pp,0.05,0.0,13,1.5327842414379118,-5.205455801703713,-4.15776363213857
3165,do,0.05,0.0,60,2.548333897590637,-6.642659327478119,-5.945980130301582
3166,pp,0.05,0.0,19,2.365863561630249,-4.437329717115922,-3.889297902584076
3167,do,0.05,0.0,14,1.4745776438713074,-4.764259588357174,-4.253812057442135
3168,pp,0.05,0.0,12,1.2681440579891206,-4.933749791347619,-4.038332030508253
3169,do,0.05,0.0,70,1.1712534081935875,-7.471824890194517,-6.575172432263693
3170,pp,0.05,0.0,14,1.8207135450839997,-4.48780650659041,-3.8221206307411193
3171,do,0.05,0.0,5,-0.19136428356170665,-5.945726365754099,-5.118740497695075
3172,pp,0.05,0.0,15,1.993980193138123,-5.407456665328055,-4.650998916890886
3173,do,0.05,0.0,70,1.416978294849395,-7.67275286876794,-6.762805393007066
3174,pp,0.05,0.0,6,1.004205965995788,-5.5165107495857,-4.829764419131809
3175,do,0.05,0.0,53,3.634265847206115,-5.944374320001313,-5.370244974560208
3176,pp,0.05,0.0,24,4.3329427170753485,-5.817196684172659,-5.075204833348592
3177,do,0.05,0.0,70,1.9551675713062284,-7.089278193676111,-6.117507590187921
3178,pp,0.05,0.0,8,0.7284836721420289,-4.558119588909727,-3.875270610385471
3179,do,0.05,0.0,63,1.928237410783769,-6.128748136578184,-5.49307153224945
3180,pp,0.05,0.0,27,3.1207052445411687,-5.017109311710705,-4.2847539981206255
3181,do,0.05,0.0,67,1.1977098321914674,-7.075585002610178,-6.530732427703009
3182,pp,0.05,0.0,32,1.3777227509021754,-7.040022952628858,-5.9002209027608234
3183,do,0.05,0.0,13,1.5172747206687927,-4.91675150900176,-4.372886276245117
3184,pp,0.05,0.0,36,2.4355622196197517,-5.298773233818285,-4.789034228854709
3185,do,0.05,0.0,70,0.8389384710788734,-6.866884783542518,-5.778627279069688
3186,pp,0.05,0.0,14,1.410460114479065,-5.351920210231434,-4.3338070657518175
3187,do,0.05,0.0,23,1.260958988666534,-5.529094441731771,-5.29781432946523
3188,pp,0.05,0.0,26,1.3455667269229892,-5.960114242091324,-5.210371337996589
3189,do,0.05,0.0,15,2.3508848583698274,-5.2118423909852,-4.904516164461771
3190,pp,0.05,0.0,8,1.8868513476848605,-5.267930483095574,-4.31511160797543
3191,do,0.05,0.0,70,3.581492890119552,-5.951902580261231,-5.681013687451681
3192,pp,0.05,0.0,14,2.1011964797973635,-4.960513633670229,-4.230802657869127
3193,do,0.05,0.0,15,2.75222313284874,-5.276294336896954,-5.014672846264309
3194,pp,0.05,0.0,21,1.7942232155799864,-5.304134955550685,-4.605357782046
3195,do,0.05,0.0,63,1.0526709473133096,-6.404312201702234,-5.919090983602736
3196,pp,0.05,0.0,56,0.2946160125732433,-7.4650349891547,-5.880146050453186
3197,do,0.05,0.0,70,1.714870398044587,-5.780769411722819,-5.230580120616489
3198,pp,0.05,0.0,24,2.1176992464065547,-5.008072289553556,-4.285063383314345
3199,do,0.05,0.0,59,1.4091848504543307,-7.115258312225341,-5.996285388204787
3200,pp,0.05,0.0,21,1.8064398491382594,-5.773005663264882,-4.608124711778429
3201,do,0.05,0.0,34,2.0885032629966727,-8.882184343627005,-7.705731556150648
3202,pp,0.05,0.0,12,1.082217158079147,-6.236544695767489,-4.7722176790237425
3203,do,0.05,0.0,37,1.6370094609260564,-6.33142473191926,-5.896166112687853
3204,pp,0.05,0.0,16,1.1754314839839939,-5.476798647100275,-4.912309975094265
3205,do,0.05,0.0,57,1.8858879709243777,-7.019939041137695,-6.605311483807034
3206,pp,0.05,0.0,16,1.963309608697891,-5.1531248222697865,-5.375423057874044
3207,do,0.05,0.0,70,3.2738576376438147,-6.42486156983809,-5.736306010352241
3208,pp,0.05,0.0,13,1.072602933645249,-5.219125341646599,-4.467354578442044
3209,do,0.05,0.0,5,0.6158110535144807,-5.122496687282215,-4.783192533916897
3210,pp,0.05,0.0,15,1.1340465021133426,-6.813947986833977,-6.572485786014133
3211,do,0.05,0.0,40,-0.22684064269065907,-9.075404408483795,-8.19686769909329
3212,pp,0.05,0.0,8,0.881267729997635,-5.454356836550163,-4.511121389600966
3213,do,0.05,0.0,13,0.8838914096355444,-5.405115722887444,-4.798122562302483
3214,pp,0.05,0.0,23,1.327396351099014,-6.697257287574537,-5.458636768658956
3215,do,0.05,0.0,7,0.7183086955547324,-5.593628189780495,-4.615659117698669
3216,pp,0.05,0.0,10,1.6228921329975128,-5.881912744406498,-4.773260254330105
3217,do,0.05,0.0,17,1.4867240083217617,-6.2850117495565705,-6.049106931686401
3218,pp,0.05,0.0,19,1.5003248929977424,-6.276025501887004,-4.889596753650242
3219,do,0.05,0.0,21,1.5123831498622904,-5.916427356546575,-5.526770305633545
3220,pp,0.05,0.0,24,2.5264776909351347,-5.200692731683905,-4.296170348591275
3221,do,0.05,0.0,70,2.67372517824173,-6.69361187616984,-6.396912198596531
3222,pp,0.05,0.0,12,1.3716950809955595,-5.413669165697965,-4.509479300181071
3223,do,0.05,0.0,70,1.689393540620804,-6.980386140129783,-6.171378106541104
3224,pp,0.05,0.0,70,0.5611015260219574,-6.2231799645857375,-5.700762767261929
3225,do,0.05,0.0,9,1.1143538868427276,-4.6037925171129634,-4.222228619787428
3226,pp,0.05,0.0,8,0.8891363644599917,-5.052146647193215,-4.260789773199293
3227,do,0.05,0.0,42,2.0427159893512723,-5.987609327200687,-5.480091781086392
3228,pp,0.05,0.0,29,2.121745991706848,-4.871575052087957,-4.276785114076403
3229,do,0.05,0.0,14,2.0629923355579383,-6.387820678768736,-5.616786607106527
3230,pp,0.05,0.0,5,1.5193804776668545,-5.2378665403886275,-4.346695552931892
3231,do,0.05,0.0,35,0.2675948226451865,-7.643152732560129,-6.8906796190473765
3232,pp,0.05,0.0,24,1.833881083726883,-4.6012072042985395,-3.9776168862978616
3233,do,0.05,0.0,70,1.210745142698288,-8.13380840474909,-8.468543937471178
3234,pp,0.05,0.0,50,1.520675313472748,-6.075305418534712,-5.422579412990146
3235,do,0.05,0.0,6,0.5872608792781824,-4.899640542810613,-4.690807000796
3236,pp,0.05,0.0,11,1.4394111311435696,-4.765821711222331,-3.9254560192426045
3237,do,0.05,0.0,14,-0.3021802556514741,-6.941431509364735,-6.662354389826457
3238,pp,0.05,0.0,8,0.47605929613113407,-4.719362023382476,-3.9417946153216894
3239,do,0.05,0.0,17,0.6469898927211757,-6.002875929167776,-5.415607465638055
3240,pp,0.05,0.0,41,1.622319076061249,-5.3625716238310845,-4.43568119208018
3241,do,0.05,0.0,70,0.5029099738597864,-8.988806915283202,-9.048991049660577
3242,pp,0.05,0.0,16,0.8959647059440616,-6.266377723578251,-5.3950912025239735
3243,do,0.05,0.0,16,0.81149799823761,-6.01840430317503,-5.344414059321085
3244,pp,0.05,0.0,11,1.1026544964313514,-4.8571804581266464,-3.956537376509772
3245,do,0.05,0.0,8,1.4981146395206455,-4.688873967257413,-4.4788459592395355
3246,pp,0.05,0.0,7,1.411520955562592,-5.718632105625037,-4.425238540437486
3247,do,0.05,0.0,13,1.0539885175228116,-5.3498913302566065,-4.853216505050659
3248,pp,0.05,0.0,11,1.2042405652999877,-6.4467625964771615,-5.030439440409342
3249,do,0.05,0.0,10,0.8526182663440709,-4.875399354009917,-4.650085952546862
3250,pp,0.05,0.0,5,1.0405645442008975,-4.777127718202996,-3.848351592487759
3251,do,0.05,0.0,23,1.4263103008270264,-6.244769415710912,-5.307542321417067
3252,pp,0.05,0.0,28,1.9290504717826842,-7.45392436836705,-6.343024174372355
3253,do,0.05,0.0,49,2.8411333584785474,-7.268749644539573,-6.375788301891751
3254,pp,0.05,0.0,11,1.7961064565181735,-5.272916837172075,-4.488575906223721
3255,do,0.05,0.0,6,-0.146542845964432,-6.183377144553445,-5.6713022549947105
3256,pp,0.05,0.0,13,0.9545422422885901,-5.3824158350626625,-4.387949167357551
3257,do,0.05,0.0,14,2.2133351480960846,-5.295348020033403,-5.1828675773408674
3258,pp,0.05,0.0,10,1.892005753517151,-4.472470386100538,-3.8420583883921307
3259,do,0.05,0.0,63,1.0841090941429137,-9.39584358099735,-8.033350078264872
3260,pp,0.05,0.0,70,1.4522834634780875,-9.189807081222535,-7.962173350652059
3261,do,0.05,0.0,8,0.910543649196625,-5.974456600709395,-5.11836494869656
3262,pp,0.05,0.0,6,1.2453182315826412,-5.947979999311043,-4.191485108269585
3263,do,0.05,0.0,13,0.8352186739444729,-5.375831343910911,-5.078833542929756
3264,pp,0.05,0.0,19,2.536180100440979,-4.9365928144165965,-4.231372178925408
3265,do,0.05,0.0,23,0.7072341668605802,-6.384942904385653,-5.777037215232849
3266,pp,0.05,0.0,17,1.7095018172264105,-5.501024944132024,-4.685016377766927
3267,do,0.05,0.0,28,1.1368234086036688,-7.069035970803463,-6.000874622662862
3268,pp,0.05,0.0,33,2.1708832585811617,-5.426137574513754,-4.537049097485013
3269,do,0.05,0.0,12,1.5378010284900672,-5.275428533554077,-5.331884943114387
3270,pp,0.05,0.0,62,3.327536623477936,-6.394229529120706,-5.685863534609477
3271,do,0.05,0.0,4,0.23347641825675947,-5.301187509478945,-4.608461668756273
3272,pp,0.05,0.0,16,1.3056080615520482,-5.736154475356593,-5.469248482916091
3273,do,0.05,0.0,5,0.6688400137424475,-4.698180062843091,-4.025825813081529
3274,pp,0.05,0.0,20,1.4258050167560574,-5.042192688855258,-4.293101885583666
3275,do,0.05,0.0,10,0.4563418066501619,-5.769216291832201,-4.668180682924059
3276,pp,0.05,0.0,9,0.9393154418468477,-5.657466371131666,-4.333089351654053
3277,do,0.05,0.0,11,1.2979651701450354,-5.812155827608976,-5.414235435591804
3278,pp,0.05,0.0,15,2.139715937376023,-5.901868360692805,-5.178979561063978
3279,do,0.05,0.0,15,0.12978044629096974,-5.77702708533316,-5.332179453637865
3280,pp,0.05,0.0,21,2.123792296648025,-5.310069553779833,-5.055831694602967
3281,do,0.05,0.0,35,1.5552874982357023,-6.777454253399011,-6.662367947896322
3282,pp,0.05,0.0,22,1.515729608535767,-5.493805811621926,-4.989445858531528
3283,do,0.05,0.0,25,2.4935727477073666,-6.350177384867813,-6.3049824396769205
3284,pp,0.05,0.0,19,1.688699815273285,-5.371503289540609,-4.64225508901808
3285,do,0.05,0.0,23,3.443668404817581,-5.6241632345950965,-5.342639798588223
3286,pp,0.05,0.0,25,2.7075789904594423,-5.386268153335109,-4.425442743301391
3287,do,0.05,0.0,17,1.225701093673706,-5.375144650719383,-4.812196368641324
3288,pp,0.05,0.0,24,2.1920908915996558,-6.221872082623569,-5.369381515185038
3289,do,0.05,0.0,61,1.0735221827030177,-8.116844739335956,-8.240187364154393
3290,pp,0.05,0.0,40,2.5182603895664224,-6.96054234938188,-5.995924607912699
3291,do,0.05,0.0,8,0.22337920188903837,-5.085608634081754,-4.753147837850783
3292,pp,0.05,0.0,14,1.679240733385086,-5.282376390514952,-4.144367039203644
3293,do,0.05,0.0,15,1.430100431442261,-5.298789686145205,-4.594935258229573
3294,pp,0.05,0.0,13,1.732159358263016,-5.661833228486957,-4.9105067703459
3295,do,0.05,0.0,18,-0.018000086545944427,-7.188394462701046,-7.038069025675456
3296,pp,0.05,0.0,36,0.4514613652229311,-6.605615579720699,-6.287160460154215
3297,do,0.05,0.0,17,0.15540363669395507,-7.278318444165317,-6.38183626068963
3298,pp,0.05,0.0,14,1.0264053833484654,-6.40929257219488,-5.53351333671146
3299,do,0.05,0.0,12,1.5577300477027887,-6.133113338008071,-5.797481878598531
3300,pp,0.05,0.0,15,1.3669593322277063,-5.809835909352158,-4.888263519605001
3301,do,0.05,0.0,16,1.0129074466228483,-6.555186787518588,-5.838897381888495
3302,pp,0.05,0.0,48,1.4110686826705923,-7.562719470804388,-6.817181491851807
3303,do,0.05,0.0,8,0.2520267248153685,-6.594997608300411,-5.911120250489977
3304,pp,0.05,0.0,6,-0.20329396843910175,-7.41314188783819,-6.06041436460283
3305,do,0.05,0.0,7,0.19722674727439937,-6.616274313493208,-5.612523857752482
3306,pp,0.05,0.0,12,0.6799382829666145,-7.119140554196907,-7.054723331663344
3307,do,0.05,0.0,7,-0.21074273228645346,-6.09999006878246,-5.304490968916151
3308,pp,0.05,0.0,10,0.6437934589385987,-5.575230266108657,-4.565695831510756
3309,do,0.05,0.0,14,0.6834409642219548,-5.454251311042092,-5.114810726377699
3310,pp,0.05,0.0,23,0.41636232614517255,-6.120449628251972,-5.646663324038188
3311,do,0.05,0.0,10,0.5395868337154388,-5.6220217083439685,-4.872464023696052
3312,pp,0.05,0.0,11,1.5913802039623262,-5.735904478304314,-4.829307908482022
3313,do,0.05,0.0,9,0.5154844701290129,-4.957231615528916,-4.703599031766256
3314,pp,0.05,0.0,22,1.1849900233745574,-5.011957544268983,-4.497880268096924
3315,do,0.05,0.0,17,1.5083208465576172,-5.136505254109701,-4.884183851877848
3316,pp,0.05,0.0,15,1.4591383790969852,-5.895611186461015,-4.874837419721815
3317,do,0.05,0.0,50,1.1540504825115203,-7.0393127065716365,-7.036836234728495
3318,pp,0.05,0.0,19,1.149011719226837,-5.505599527648001,-5.059634568956163
3319,do,0.05,0.0,14,1.2151249516010285,-5.731791584419482,-6.267075848579407
3320,pp,0.05,0.0,7,0.9464248204231263,-5.193547874508482,-4.383217496342129
3321,do,0.05,0.0,42,1.0037214565277104,-6.877555052439372,-6.517284048928155
3322,pp,0.05,0.0,23,1.8740479695796965,-4.728069946982644,-4.413478979799483
3323,do,0.05,0.0,25,1.7414775884151465,-6.140694629784786,-5.579812142584059
3324,pp,0.05,0.0,7,1.9838157272338863,-5.625346821004694,-4.663533364401923
3325,do,0.05,0.0,11,0.7096152377128604,-6.168929247422652,-5.271682728661431
3326,pp,0.05,0.0,17,0.9344102382659916,-4.952160825151386,-4.433405216534933
3327,do,0.05,0.0,18,1.2140935206413275,-5.962855850566517,-5.857303823365106
3328,pp,0.05,0.0,9,1.5266658413410186,-5.0783720103177155,-4.155571436882019
3329,do,0.05,0.0,9,1.2474894464015964,-5.854178155552257,-4.991194012429979
3330,pp,0.05,0.0,70,2.0024444425106047,-8.744729111411354,-7.249705508020189
3331,do,0.05,0.0,40,1.587715804576873,-6.838659345742428,-6.012082364824083
3332,pp,0.05,0.0,6,0.7511681711673734,-4.860780208761041,-4.223220157623291
3333,do,0.05,0.0,14,1.8862103772163392,-7.1345083323392,-6.7305539422565035
3334,pp,0.05,0.0,19,1.1644775938987735,-6.713051629788948,-5.426818225118849
3335,do,0.05,0.0,10,1.7348216044902802,-5.7413750417304765,-4.904579287105136
3336,pp,0.05,0.0,11,1.2936674201488492,-5.8615687948284725,-4.62959439224667
3337,do,0.05,0.0,7,-0.1399281072616576,-5.119418940399632,-4.872387372122871
3338,pp,0.05,0.0,10,0.3591984760761253,-6.672766764958699,-5.366057178709242
3339,do,0.05,0.0,15,1.4841561210155483,-5.999994259169608,-5.1351072046491835
3340,pp,0.05,0.0,10,0.6902648520469663,-5.535050516417532,-4.67434532907274
3341,do,0.05,0.0,1,-0.7272081732749935,-5.5221612944747465,-4.878973386022779
3342,pp,0.05,0.0,12,0.5930253052711487,-5.191815217336019,-4.353831156094869
3343,do,0.05,0.0,17,0.4724883341789239,-5.580622563217625,-4.916747572686937
3344,pp,0.05,0.0,7,0.332629159688949,-4.543203472368645,-3.780080897278256
3345,do,0.05,0.0,70,3.50968780517578,-11.42410080649636,-9.561491653654311
3346,pp,0.05,0.0,70,2.174823110103608,-9.600502899921302,-8.181614306237963
3347,do,0.05,0.0,70,1.217974051237107,-6.800834095116818,-6.024733132786221
3348,pp,0.05,0.0,36,2.1789273142814647,-8.256333713820487,-6.827642652723524
3349,do,0.05,0.0,13,2.325308264493942,-5.208064113963734,-5.8173545254601375
3350,pp,0.05,0.0,11,1.2626085698604577,-5.808975648880005,-5.189372873306274
3351,do,0.05,0.0,70,2.5037245452404013,-6.3932389346036045,-5.788501172595554
3352,pp,0.05,0.0,13,1.8564747583866117,-5.3166109085083,-4.4903828779856365
3353,do,0.05,0.0,21,2.4403313612937927,-6.86469251314799,-6.458122142155966
3354,pp,0.05,0.0,11,0.2038546109199526,-5.49862666274562,-4.737199139595032
3355,do,0.05,0.0,15,0.027711515426635636,-5.7388726378932144,-5.092107041676839
3356,pp,0.05,0.0,55,0.5162684988975528,-6.836594970298536,-5.894453936152988
3357,do,0.05,0.0,70,1.4179747700691214,-7.327447316140839,-5.975732774204678
3358,pp,0.05,0.0,13,1.455534090995788,-4.914271562749689,-4.201381814479828
3359,do,0.05,0.0,17,2.7492592465877532,-4.779517224340728,-4.597302848762936
3360,pp,0.05,0.0,13,1.573324844837189,-4.471235737656102,-3.623851133717431
3361,do,0.05,0.0,37,2.191818645000458,-6.542584000211773,-6.250958477126227
3362,pp,0.05,0.0,24,1.5697814095020286,-6.118662305311723,-5.267316728168064
3363,do,0.05,0.0,6,1.0196343028545378,-5.329992366559578,-4.525171211030748
3364,pp,0.05,0.0,59,1.8983542072772988,-5.626495635870731,-4.929877538151211
3365,do,0.05,0.0,70,-0.21068068623542757,-7.7839027549281266,-7.611083057191637
3366,pp,0.05,0.0,39,2.17886207461357,-5.36524501135855,-4.748627059989506
3367,do,0.05,0.0,38,1.679568933248519,-7.996833221840136,-6.21461398601532
3368,pp,0.05,0.0,57,1.4291881394386285,-7.1891822106910475,-6.132191061973572
3369,do,0.05,0.0,8,1.2189894294738766,-4.873679226095026,-4.250972639189826
3370,pp,0.05,0.0,8,0.7291989874839784,-4.735467039455067,-3.9574155343903437
3371,do,0.05,0.0,29,1.9153904330730436,-6.703897622137359,-7.216387833489312
3372,pp,0.05,0.0,17,2.149796178340912,-5.113275815501358,-4.584045089615715
3373,do,0.05,0.0,7,0.5529302132129672,-5.575185202107285,-4.800215980741712
3374,pp,0.05,0.0,34,1.4490733802318587,-7.89793988719131,-6.515513253211975
3375,do,0.05,0.0,23,0.9752678000926975,-5.879569637414181,-5.634876192940606
3376,pp,0.05,0.0,16,1.450942126512528,-5.73192254413258,-4.628720092773437
3377,do,0.05,0.0,23,0.4652052640914919,-6.7742068218462395,-5.793079715304905
3378,pp,0.05,0.0,36,1.9374674499034885,-7.311932990045259,-6.02114520072937
3379,do,0.05,0.0,20,0.4125081610679633,-7.469360072685011,-6.629688872231378
3380,pp,0.05,0.0,18,0.7629975867271419,-5.884765205961285,-4.661384693781534
3381,do,0.05,0.0,8,0.18353887319564777,-5.044987307172833,-4.977525745497809
3382,pp,0.05,0.0,12,0.16929043292999246,-5.150312579761852,-4.414139821794298
3383,do,0.05,0.0,10,0.8659628045558927,-5.391345045783303,-4.456897878646851
3384,pp,0.05,0.0,7,0.7510217964649204,-5.414643930666374,-4.468906598620944
3385,do,0.05,0.0,70,0.6061375701427467,-6.4292430790987884,-7.763480538792081
3386,pp,0.05,0.0,15,0.0093660879135129,-5.745414674643314,-4.7911299705505375
3387,do,0.05,0.0,21,0.8211915707588195,-6.517253273183649,-5.666357379489475
3388,pp,0.05,0.0,17,1.1639569926261908,-6.706254311763879,-5.6552354494730634
3389,do,0.05,0.0,65,0.1902622544765471,-6.797457651658491,-6.100813020600213
3390,pp,0.05,0.0,5,0.41336251497268695,-5.291942418705333,-4.272076744503445
3391,do,0.05,0.0,12,2.4982605218887324,-6.903419374697136,-5.575633957650926
3392,pp,0.05,0.0,11,1.9067006623744964,-4.637243366241455,-3.783381317721473
3393,do,0.05,0.0,61,1.8072489392757412,-8.761495236194495,-7.596566502253214
3394,pp,0.05,0.0,16,1.6030157673358918,-4.6334955706740875,-3.781721666124132
3395,do,0.05,0.0,15,1.2878447437286376,-5.422132152499574,-4.174025736914741
3396,pp,0.05,0.0,12,0.7543456566333768,-4.9985099792480465,-3.8882930278778076
3397,do,0.05,0.0,7,0.7253751814365383,-4.84636990662777,-4.405019699202644
3398,pp,0.05,0.0,16,0.9716923511028295,-4.480353260040284,-4.214288369814555
3399,do,0.05,0.0,5,0.1429721546173095,-5.660039589621804,-4.793222912152609
3400,pp,0.05,0.0,55,0.38921640872955354,-7.240329982295181,-5.826658338970608
3401,do,0.05,0.0,5,-0.8992585837841034,-6.030261399529197,-5.161176011297438
3402,pp,0.05,0.0,7,-0.05339961409568783,-5.409127572088531,-4.321211332745023
3403,do,0.05,0.0,44,1.0341237342357639,-7.808925670565981,-7.98580559624566
3404,pp,0.05,0.0,7,0.7912581467628481,-4.759485507733894,-3.8121286061074997
3405,do,0.05,0.0,15,2.1978180372714995,-6.4488446409052065,-5.72558414141337
3406,pp,0.05,0.0,11,1.3162456154823303,-4.705730000409213,-4.181859423054589
3407,do,0.05,0.0,6,0.33091317892074557,-5.564225084131414,-4.826897875467936
3408,pp,0.05,0.0,19,1.334936757087707,-6.330224191781246,-4.963630168967777
3409,do,0.05,0.0,70,2.3546073472499858,-6.766388174981782,-5.898483562469482
3410,pp,0.05,0.0,7,0.48465190887451204,-5.407995281797467,-4.535885307523939
3411,do,0.05,0.0,3,-0.13706740975379983,-5.747327641284827,-4.852412605285645
3412,pp,0.05,0.0,23,1.480366531610489,-4.938378452532219,-4.217195216814677
3413,do,0.05,0.0,43,1.323614208698273,-5.998751344102802,-5.29243450694614
3414,pp,0.05,0.0,11,2.317373924255371,-4.304251331271547,-3.503728675842285
3415,do,0.05,0.0,20,0.06377796173095707,-6.8303693597966975,-5.778861395517985
3416,pp,0.05,0.0,6,0.33033245921134924,-6.378413645426432,-5.175176787376404
3417,do,0.05,0.0,16,1.8071999192237858,-5.844631257201686,-5.711299803521898
3418,pp,0.05,0.0,37,1.6943026447296141,-10.406376919601902,-7.688798639509413
3419,do,0.05,0.0,13,0.593679186105728,-4.897964767976241,-4.660806798934937
3420,pp,0.05,0.0,13,0.8122559094429018,-5.00120375662139,-4.204139542579651
3421,do,0.05,0.0,22,3.0446379017829903,-6.087909611788663,-5.599849449263679
3422,pp,0.05,0.0,20,1.9461589968204498,-5.472987864234231,-4.686991220050388
3423,do,0.05,0.0,19,0.6740089046955111,-5.515034263784235,-5.025959115558201
3424,pp,0.05,0.0,38,1.189300657510758,-6.654956950563373,-5.796520204014248
3425,do,0.05,0.0,28,3.559924498796464,-5.1356233091065375,-4.949259705013699
3426,pp,0.05,0.0,16,1.4725162303447723,-4.951494494351474,-4.445674387613932
3427,do,0.05,0.0,12,1.7465974855422974,-6.067253767360341,-4.9547128518422445
3428,pp,0.05,0.0,28,1.7071010935306559,-7.611382481546113,-6.100297297371759
3429,do,0.05,0.0,12,0.7688590383529661,-6.897247509522871,-6.123447460598416
3430,pp,0.05,0.0,21,1.1082259094715115,-6.001209631833163,-4.917318667305841
3431,do,0.05,0.0,51,1.0543149566650385,-6.276629158944795,-5.747732679049174
3432,pp,0.05,0.0,21,0.9227957892417908,-5.029463606169729,-4.73169879383511
3433,do,0.05,0.0,64,1.168574252128602,-7.347544110905041,-6.253096124860975
3434,pp,0.05,0.0,18,1.1379666340351102,-5.353374671936035,-4.888217480977376
3435,do,0.05,0.0,48,2.3401009941101076,-7.953002116174408,-7.232843237453037
3436,pp,0.05,0.0,39,2.1473763680458076,-6.771845337838838,-5.766080058945549
3437,do,0.05,0.0,36,4.207146468162537,-5.83794115673412,-6.237416190571255
3438,pp,0.05,0.0,18,2.251917825937271,-4.872132820071596,-4.144667371114095
3439,do,0.05,0.0,51,0.4747493886947636,-7.415087257732044,-9.052591472201877
3440,pp,0.05,0.0,18,1.0273598706722256,-5.317794965975212,-5.163478440708584
3441,do,0.05,0.0,18,1.7854023265838626,-4.8117121624224115,-4.723006635242038
3442,pp,0.05,0.0,19,1.4180685460567473,-5.903113594922153,-5.157747668690152
3443,do,0.05,0.0,45,1.344689450263977,-5.690687826907996,-5.469898663626777
3444,pp,0.05,0.0,26,2.6130134367942803,-5.744102538715709,-5.043054554197523
3445,do,0.05,0.0,11,1.6987451660633086,-4.53469186407147,-3.9071181337038676
3446,pp,0.05,0.0,17,2.6559214258193977,-5.828106959660848,-4.937941079669528
3447,do,0.05,0.0,31,2.7988490664958947,-5.269612781929247,-5.497354323334164
3448,pp,0.05,0.0,38,2.131058323383332,-5.520072477514094,-4.537186005380419
3449,do,0.05,0.0,55,4.394341876506805,-5.797890129956332,-5.04324086772071
3450,pp,0.05,0.0,12,1.0260840880870816,-4.276324394977454,-3.7660345488124425
3451,do,0.05,0.0,25,2.3586466169357294,-5.339651411229914,-5.175535575548808
3452,pp,0.05,0.0,31,3.0155252325534816,-5.923361023989591,-4.876131759749518
3453,do,0.05,0.0,26,1.0049787271022792,-5.740591356971047,-5.675224908192953
3454,pp,0.05,0.0,28,2.3983482491970065,-5.465273144750884,-4.510497975349426
3455,do,0.05,0.0,45,2.2362414228916174,-5.869261825445927,-5.663563410441081
3456,pp,0.05,0.0,17,2.0167852330207827,-5.504999326937126,-5.146556663513183
3457,do,0.05,0.0,8,0.772131255865097,-4.633143436547481,-4.289367082383897
3458,pp,0.05,0.0,70,0.9715466165542601,-7.0821057984323215,-6.515455052587721
3459,do,0.05,0.0,70,0.6764652919769292,-7.768997555068045,-6.8053603331247965
3460,pp,0.05,0.0,57,1.924922184944152,-7.833709614204638,-7.060630928145515
3461,do,0.05,0.0,23,1.4483800041675563,-5.186430899302165,-4.946046903398302
3462,pp,0.05,0.0,20,2.0326175498962407,-4.664532368110888,-4.279772040579054
3463,do,0.05,0.0,32,0.4733952760696418,-7.087097517649332,-6.6097989241282145
3464,pp,0.05,0.0,7,0.5314713466167449,-5.146523053718336,-4.719244692060682
3465,do,0.05,0.0,12,1.175330350399018,-4.8378956433498495,-4.329786321851942
3466,pp,0.05,0.0,12,1.1280271160602569,-5.805283406286529,-4.7991183333926735
3467,do,0.05,0.0,21,2.156086310148239,-6.317919221068873,-5.805750526322258
3468,pp,0.05,0.0,22,3.2501159083843234,-5.249709672638864,-4.839840041266547
3469,do,0.05,0.0,34,2.1490584063529967,-4.919333171844483,-4.337522806061639
3470,pp,0.05,0.0,70,1.5493580317497244,-8.33348135803685,-6.5403041574690075
3471,do,0.05,0.0,62,0.8877708148956298,-7.65481970093467,-7.4716161330540976
3472,pp,0.05,0.0,12,1.1300717258453368,-4.770254898071289,-4.205047130584717
3473,do,0.05,0.0,8,-0.2375806856155389,-6.423126685980595,-5.768721363279554
3474,pp,0.05,0.0,17,2.4474622440338125,-5.734672757351038,-4.972370033793979
3475,do,0.05,0.0,11,1.0343613505363463,-5.643978137680978,-5.065013490782844
3476,pp,0.05,0.0,13,1.4574718987941742,-4.320592202562274,-3.6857325024074976
3477,do,0.05,0.0,16,1.275040731430054,-5.389391342798869,-5.005802337328593
3478,pp,0.05,0.0,6,0.27602528929710335,-5.803874496980147,-4.6805757204691565
3479,do,0.05,0.0,8,0.15494283318519564,-5.794317391424468,-5.290514617496067
3480,pp,0.05,0.0,16,1.837772929668426,-6.16129847873341,-5.306285829014248
3481,do,0.05,0.0,15,1.2344705939292906,-5.667650072502368,-4.7063775618871055
3482,pp,0.05,0.0,19,1.276531771421432,-5.784948851845481,-4.8444979349772135
3483,do,0.05,0.0,12,1.3771988391876224,-5.837118410341668,-5.1080337630377874
3484,pp,0.05,0.0,15,1.4010789263248444,-5.90819419225057,-5.24723510477278
3485,do,0.05,0.0,4,-0.054366540908812766,-5.550944435235226,-4.959196702639262
3486,pp,0.05,0.0,13,0.8174443423748015,-5.638170470613422,-5.146764328744676
3487,do,0.05,0.0,70,0.9710218238830572,-6.785521111343846,-5.9779063754611546
3488,pp,0.05,0.0,31,4.041587617397308,-5.745054233435429,-5.2627729733785
3489,do,0.05,0.0,14,2.198020497560501,-6.061185965393529,-6.606615710258484
3490,pp,0.05,0.0,16,1.9836149394512175,-5.666883912230983,-5.071870748202006
3491,do,0.05,0.0,5,0.3054753673076629,-5.003996765252316,-4.3508111609352955
3492,pp,0.05,0.0,43,2.4368706035614016,-5.6999477198629664,-4.707134906450907
3493,do,0.05,0.0,14,2.856159790754318,-5.3060452779134115,-5.280169304211935
3494,pp,0.05,0.0,14,1.9035348665714267,-5.743379247549808,-5.003907018237644
3495,do,0.05,0.0,38,3.4032862901687615,-5.345459056623055,-5.098184288872613
3496,pp,0.05,0.0,23,1.2628608560562133,-7.948529646613381,-6.705124333169725
3497,do,0.05,0.0,8,0.35961682081222524,-5.904232571341774,-5.240325207180447
3498,pp,0.05,0.0,9,1.2078301775455476,-7.201052262566306,-5.984959615601434
3499,do,0.05,0.0,46,0.010805875062942505,-6.670218716245709,-6.052521702978346
3500,pp,0.05,0.0,12,0.5510860550403596,-5.225829017523563,-4.997774696350097
3501,do,0.05,0.0,15,0.673690971136093,-5.745672335769191,-5.150815484258864
3502,pp,0.05,0.0,8,0.7248122429847719,-5.682973926717585,-4.766047355863783
3503,do,0.05,0.0,22,2.214860249757767,-5.210512285521536,-4.806038845909966
3504,pp,0.05,0.0,30,1.4358836662769328,-6.007192069833929,-5.342366984155443
3505,do,0.05,0.0,21,1.8878063344955454,-7.543577179764256,-6.931005001068115
3506,pp,0.05,0.0,17,1.634864903688431,-5.352831950332179,-4.497732661830055
3507,do,0.05,0.0,30,3.0916283023357387,-6.855888839201493,-5.80348756313324
3508,pp,0.05,0.0,16,0.555979723930359,-6.218198286403309,-4.796347533331977
3509,do,0.05,0.0,40,0.6352044463157664,-7.336430117578217,-6.955145952436659
3510,pp,0.05,0.0,50,2.0358132541179668,-7.6480304949211355,-5.822606661584643
3511,do,0.05,0.0,41,1.1383018481731417,-6.9109355334079625,-5.993690413898892
3512,pp,0.05,0.0,52,2.324255043268204,-5.879355080922445,-5.153032363785638
3513,do,0.05,0.0,45,1.0989925050735483,-6.9119828859965,-6.132245058483548
3514,pp,0.05,0.0,70,2.940750620365143,-7.165020711494215,-6.473740964465671
3515,do,0.05,0.0,67,0.4734475421905522,-7.824972145485155,-7.200382481680976
3516,pp,0.05,0.0,52,1.0641155171394345,-6.6127013928962475,-6.026888280444675
3517,do,0.05,0.0,22,2.783658587932586,-4.259942044633807,-3.917251331276364
3518,pp,0.05,0.0,36,2.979719055891037,-4.997519017710831,-4.301219452752007
3519,do,0.05,0.0,11,1.3915616428852076,-5.553397174315019,-4.54296957121955
3520,pp,0.05,0.0,7,0.638897428512573,-5.130574931520404,-4.205714956919352
3521,do,0.05,0.0,5,-0.16281132459640446,-5.2622075846700955,-4.595671060350206
3522,pp,0.05,0.0,17,0.7668805909156804,-6.120554491967866,-5.333138129446241
3523,do,0.05,0.0,6,0.07888615727424586,-5.329674356633967,-4.613040449884203
3524,pp,0.05,0.0,70,0.2246653962135312,-6.921479066212972,-6.023312913046943
3525,do,0.05,0.0,14,0.6626731991767878,-4.851424137751262,-4.340299691094293
3526,pp,0.05,0.0,4,0.38325947761535684,-4.73046284010916,-3.881788142522176
3527,do,0.05,0.0,40,2.302111378908158,-6.130787186189131,-5.757122302055359
3528,pp,0.05,0.0,27,1.0244836139678961,-6.150531070882624,-5.053108730581072
3529,do,0.05,0.0,5,0.7862761795520781,-5.372450026598844,-4.731714487075806
3530,pp,0.05,0.0,24,0.48836243033409144,-6.867579330097545,-5.459553384780884
3531,do,0.05,0.0,18,2.789363874197006,-5.157551899823275,-4.592171748479207
3532,pp,0.05,0.0,17,1.2135033643245698,-4.810253245902784,-3.90916199154324
3533,do,0.05,0.0,13,0.914391778707504,-5.954206521583326,-5.254364074601067
3534,pp,0.05,0.0,70,1.8705325114727014,-6.848390537319761,-5.762699717945523
3535,do,0.05,0.0,7,1.1326583933830268,-4.692179253607085,-4.29220376279619
3536,pp,0.05,0.0,56,1.7557235002517704,-7.936262322917129,-6.72076547410753
3537,do,0.05,0.0,16,0.6027677142620087,-5.326805770758426,-4.700086386998494
3538,pp,0.05,0.0,22,0.6023389530181884,-7.346958160400391,-6.343915141953362
3539,do,0.05,0.0,4,0.12063318014144908,-5.5883206757632164,-5.054351181454129
3540,pp,0.05,0.0,15,1.1179949426651001,-5.688573241956306,-4.962995942433675
3541,do,0.05,0.0,28,2.3458178293704988,-7.409624221108176,-6.43421864244673
3542,pp,0.05,0.0,12,1.1426892840862264,-7.457571512280088,-5.603837548361884
3543,do,0.05,0.0,24,2.9135586285591124,-6.845023314158122,-5.169111400180393
3544,pp,0.05,0.0,14,1.0809195077419282,-5.306800043221676,-4.003361039691502
3545,do,0.05,0.0,18,2.8006119239330296,-6.633557939529419,-5.764648456043667
3546,pp,0.05,0.0,5,0.024165738821030125,-5.851698030125011,-4.896251588397556
3547,do,0.05,0.0,36,1.3306554388999938,-6.410632405136571,-5.727629825803969
3548,pp,0.05,0.0,40,2.1043975520133973,-5.955345964431762,-5.597279813554552
3549,do,0.05,0.0,70,1.7906997489929193,-8.208705392028346,-7.382506500350105
3550,pp,0.05,0.0,19,1.4143819618225093,-5.934208927732525,-4.895323236783345
3551,do,0.05,0.0,14,1.770134582519531,-6.372135351643418,-5.1366040044360695
3552,pp,0.05,0.0,34,1.8584057831764227,-7.097247890992598,-5.485739660263062
3553,do,0.05,0.0,12,2.059521453380584,-5.523931071252534,-5.45268472565545
3554,pp,0.05,0.0,22,1.730975428819657,-5.018407703168465,-4.274629255135854
3555,do,0.05,0.0,24,2.353859745264053,-8.164639903559829,-7.567443370819092
3556,pp,0.05,0.0,24,0.5181488120555873,-7.549211392258153,-5.4854661623636884
3557,do,0.05,0.0,6,-0.1334809577465057,-5.800630160534021,-4.965656701723734
3558,pp,0.05,0.0,8,0.45665701746940623,-4.910639174779257,-4.333780553605822
3559,do,0.05,0.0,10,0.3987727820873266,-6.149201768817323,-5.539026729265848
3560,pp,0.05,0.0,5,0.28437901735305804,-4.81756252375516,-4.15198540687561
3561,do,0.05,0.0,69,1.5058234596252449,-7.355197556813558,-6.472105365329319
3562,pp,0.05,0.0,16,1.3535359060764316,-5.870448983799328,-4.830614863501655
3563,do,0.05,0.0,15,1.7017852473258968,-4.98790862199032,-4.430625393655565
3564,pp,0.05,0.0,7,0.8843324136734001,-4.736802865519668,-3.9759408368004694
3565,do,0.05,0.0,17,2.4549985444545737,-6.298665899218935,-4.840180476506551
3566,pp,0.05,0.0,15,2.010458463430404,-5.366192311951608,-3.941955163743761
3567,do,0.05,0.0,70,2.1971769237518313,-7.646197058937767,-7.2193408542209205
3568,pp,0.05,0.0,18,1.7478918206691745,-4.781008292689468,-4.160057853327857
3569,do,0.05,0.0,54,2.2966965961456305,-5.867984166289821,-4.976559514469571
3570,pp,0.05,0.0,51,2.0438666963577266,-5.860053166476163,-5.0564591672685415
3571,do,0.05,0.0,41,2.9812527143955236,-5.904219821005157,-4.96181041929457
3572,pp,0.05,0.0,46,1.7124074971675878,-6.098704408876824,-5.829623179965549
3573,do,0.05,0.0,37,1.79677393436432,-5.444523096084595,-4.841621854570177
3574,pp,0.05,0.0,6,1.483771878480911,-4.514398667306611,-3.6870521518919204
3575,do,0.05,0.0,12,1.9615022051334385,-5.832949849331018,-5.28146862188975
3576,pp,0.05,0.0,32,1.8692142808437344,-6.523033592917702,-5.869221022393968
3577,do,0.05,0.0,11,0.4941015481948847,-5.478142517263239,-4.927447901831733
3578,pp,0.05,0.0,13,0.623297110795975,-5.398843610647953,-4.568369391229417
3579,do,0.05,0.0,15,1.3799540686607354,-6.66723784533414,-6.8066250006357825
3580,pp,0.05,0.0,51,1.807407821416854,-6.799840760953499,-5.816742841402689
3581,do,0.05,0.0,70,3.2060115277767194,-9.881445769107703,-10.058239926232233
3582,pp,0.05,0.0,48,1.4865979564189917,-7.4939481388438836,-6.077462599012587
3583,do,0.05,0.0,25,1.5413157582283015,-8.564074542305686,-7.866585281160143
3584,pp,0.05,0.0,27,0.25007988214492816,-6.588863544753104,-5.257703389061822
3585,do,0.05,0.0,17,1.0772745990753174,-5.114461549123129,-4.648235771391127
3586,pp,0.05,0.0,7,0.6709551000595093,-5.119943539301555,-4.238611454433865
3587,do,0.05,0.0,31,1.4707042562961572,-6.095396888617313,-5.2866937663820055
3588,pp,0.05,0.0,20,0.6130712497234345,-6.855526542663574,-5.224713317553202
3589,do,0.05,0.0,6,0.1015545594692231,-5.826291459979433,-5.117138308948941
3590,pp,0.05,0.0,9,0.3770005702972412,-5.75125146634651,-4.829519528812832
3591,do,0.05,0.0,70,2.1175303578376763,-8.246227703672467,-7.318390226364135
3592,pp,0.05,0.0,4,0.5969446218013763,-5.848725972031102,-4.6308739052878485
3593,do,0.05,0.0,14,1.9769069528579708,-5.485555192196008,-4.976869018872579
3594,pp,0.05,0.0,18,3.1617218184471128,-5.077143122933128,-4.169520086712307
3595,do,0.05,0.0,10,0.9762422704696654,-5.685148298379147,-5.363027906417846
3596,pp,0.05,0.0,6,-0.02528310298919667,-5.99837239149845,-5.249224201838175
3597,do,0.05,0.0,13,-0.31659904241561865,-6.025257708809592,-6.071019638909234
3598,pp,0.05,0.0,15,0.92756842136383,-5.645063312125928,-4.866235921117995
3599,do,0.05,0.0,38,1.9158940160274511,-7.501592378905325,-5.977669490708245
3600,pp,0.05,0.0,14,0.7698784387111663,-5.523760681441336,-4.553606857193841
3601,do,0.05,0.0,39,0.5391886913776389,-6.215577102429939,-6.581213466326395
3602,pp,0.05,0.0,19,1.7568873417377473,-4.609003621881659,-3.8288900759485034
3603,do,0.05,0.0,19,3.6530556762218467,-5.013341981714422,-4.537749897109138
3604,pp,0.05,0.0,24,4.034346133470535,-5.752164100878167,-5.13736093044281
3605,do,0.05,0.0,42,3.2332771134376523,-6.970955938281435,-5.930245187547472
3606,pp,0.05,0.0,23,2.3739350736141205,-4.588414580894239,-3.9894130481614005
3607,do,0.05,0.0,50,1.2418902122974398,-7.363770451690211,-6.460761128531562
3608,pp,0.05,0.0,26,1.3551515698432919,-5.637207568775524,-5.013633055157132
3609,do,0.05,0.0,70,1.2658991348743438,-8.1473961613395,-6.570039799478319
3610,pp,0.05,0.0,17,1.4431920564174652,-5.093493617664684,-5.094003735648261
3611,do,0.05,0.0,26,1.4043419098854066,-6.102134674245661,-5.536029897795784
3612,pp,0.05,0.0,16,2.0252216100692744,-5.927720601630933,-5.084044721391466
3613,do,0.05,0.0,22,2.1840227830410015,-6.601361380201397,-5.884678363800049
3614,pp,0.05,0.0,24,2.2066046071052554,-4.863787841796875,-4.548482349183824
3615,do,0.05,0.0,46,2.2637376606464388,-6.0452742316506125,-6.325358152389526
3616,pp,0.05,0.0,29,3.3183118629455564,-5.507154073137226,-4.8932998365826075
3617,do,0.05,0.0,46,0.5875988388061515,-6.965585805430557,-6.219662019941542
3618,pp,0.05,0.0,5,0.22695844411849997,-5.358899760968757,-4.660233322779337
3619,do,0.05,0.0,28,2.796213754415512,-5.24742318500172,-5.1877101209428576
3620,pp,0.05,0.0,26,1.296732969284057,-6.6143088066216675,-5.476830885145399
3621,do,0.05,0.0,39,3.9569911253452297,-5.5402948870803375,-5.183038229412503
3622,pp,0.05,0.0,12,2.4857789778709414,-5.71194980505741,-5.278292735417684
3623,do,0.05,0.0,17,2.232879276275635,-5.6230953548893785,-4.8644304619895085
3624,pp,0.05,0.0,12,1.3781231749057774,-5.785618573969061,-5.098154616355896
3625,do,0.05,0.0,56,3.3806367433071136,-5.641911947365963,-5.137604710790846
3626,pp,0.05,0.0,26,1.735011081695557,-4.969804185809511,-4.119341233041552
3627,do,0.05,0.0,70,2.7835905039310447,-6.383075588399714,-5.71178925037384
3628,pp,0.05,0.0,35,3.6495708322525022,-9.127242693756566,-7.976183711157905
3629,do,0.05,0.0,70,0.717713453769683,-6.763829817916408,-6.569433315594991
3630,pp,0.05,0.0,14,0.8071180570125573,-5.105877912405766,-4.891822504997253
3631,do,0.05,0.0,6,0.03576894044876067,-5.575792835697984,-4.97325279712677
3632,pp,0.05,0.0,22,1.602820321321487,-5.126060767607256,-4.715793599022759
3633,do,0.05,0.0,27,2.471243927478791,-5.525522885178074,-4.572113990783691
3634,pp,0.05,0.0,5,0.461312689781189,-5.543288073395238,-5.126495212978787
3635,do,0.05,0.0,66,1.5613398587703697,-6.2260852452480435,-5.853031357129415
3636,pp,0.05,0.0,42,1.4479499137401577,-6.388053103649255,-5.772019645902845
3637,do,0.05,0.0,49,1.0101738297939304,-5.511579562678482,-5.45833690961202
3638,pp,0.05,0.0,22,0.9665778505802152,-5.192268601330844,-4.686047373877631
3639,do,0.05,0.0,12,2.364455003738404,-5.216082915392789,-4.710688985718621
3640,pp,0.05,0.0,16,2.459256416559219,-5.303779473449245,-4.446335326300727
3641,do,0.05,0.0,21,2.6589400219917287,-6.425286404291788,-6.6489257176717125
3642,pp,0.05,0.0,27,2.801056481599807,-5.700184668916645,-5.1358622286054825
3643,do,0.05,0.0,60,0.9638171768188482,-7.611900984157216,-8.620810222625732
3644,pp,0.05,0.0,12,1.235317308902741,-5.021957552071774,-4.500692468219333
3645,do,0.05,0.0,41,2.2020755326747894,-6.324103696418531,-6.265089482731289
3646,pp,0.05,0.0,52,1.7922199344635006,-7.498561466101444,-6.432111273871528
3647,do,0.05,0.0,13,2.1539393031597136,-5.030045252135306,-4.13597387737698
3648,pp,0.05,0.0,11,0.9249386143684388,-6.009347539959532,-5.118997825516595
3649,do,0.05,0.0,6,0.15490841388702314,-5.807824118932088,-5.405208452542623
3650,pp,0.05,0.0,8,0.6230554378032682,-6.534327907273264,-5.675926227039761
3651,do,0.05,0.0,23,2.965930837392807,-5.952276252977776,-5.178751934899224
3652,pp,0.05,0.0,11,2.117090981006622,-5.134778662883874,-4.151545476913452
3653,do,0.05,0.0,6,-0.6037962830066679,-5.629017933932218,-5.056399175855849
3654,pp,0.05,0.0,7,-0.23592383027076735,-6.130218680699667,-5.579554865095351
3655,do,0.05,0.0,4,0.16954107522964446,-5.527894196365819,-4.816537139150832
3656,pp,0.05,0.0,8,0.43981396675109874,-5.071103541056315,-4.427184989717271
3657,do,0.05,0.0,27,2.7367004883289336,-5.339184067466042,-4.879578442043728
3658,pp,0.05,0.0,24,2.463359308242797,-4.918452420379176,-4.182983975940281
3659,do,0.05,0.0,13,1.6905817878246312,-5.239785125038841,-5.131627519925435
3660,pp,0.05,0.0,17,2.4772447836399083,-5.201380196484652,-4.4007773982154
3661,do,0.05,0.0,26,1.5272125518322,-7.056686349348588,-5.99921354982588
3662,pp,0.05,0.0,36,2.030896599292756,-6.749868339480776,-6.014783628781637
3663,do,0.05,0.0,15,1.6338910627365113,-5.051836755058982,-4.682289777861701
3664,pp,0.05,0.0,7,0.5085637688636782,-7.0440992225300185,-5.75169230831994
3665,do,0.05,0.0,15,1.6817528784275053,-5.316243902842204,-4.901893660757277
3666,pp,0.05,0.0,11,1.805783280134201,-4.419117732481523,-3.7624718891249764
3667,do,0.05,0.0,8,0.5439151442050933,-5.571774439378218,-5.376785045199924
3668,pp,0.05,0.0,14,2.195607559680939,-5.15639688318426,-4.221689229541354
3669,do,0.05,0.0,9,1.4189687252044685,-5.693690346226548,-4.678140807151794
3670,pp,0.05,0.0,12,0.39016249775886536,-6.815016142527262,-5.541362306806776
3671,do,0.05,0.0,40,1.0621008908748628,-6.412042902455186,-5.498911221822103
3672,pp,0.05,0.0,9,0.4106448185443883,-4.805288567687526,-4.0421952644983925
3673,do,0.05,0.0,15,0.5156434571743009,-5.65044441801129,-4.934270575311449
3674,pp,0.05,0.0,13,1.1520564019680029,-4.652682375185417,-4.1197821882036
3675,do,0.05,0.0,14,1.9202147567272183,-6.424489122448546,-5.54391606118944
3676,pp,0.05,0.0,13,2.243633502721786,-4.765765369299686,-4.13143861691157
3677,do,0.05,0.0,59,-0.014461394548417772,-7.5764946287328545,-6.533452248573303
3678,pp,0.05,0.0,56,1.0990451741218568,-7.393766500010635,-6.1410277605056764
3679,do,0.05,0.0,23,0.6197689843177798,-7.0628352468664,-6.0835336446762085
3680,pp,0.05,0.0,8,0.20996402621269183,-5.796113530072299,-4.621127737892999
3681,do,0.05,0.0,19,0.5324348199367526,-6.690862427335797,-5.912068200111389
3682,pp,0.05,0.0,16,1.1286645209789272,-5.2107327302296955,-4.341270662678612
3683,do,0.05,0.0,56,2.4911223793029773,-10.884308060732755,-8.272834226820205
3684,pp,0.05,0.0,70,2.490069663524628,-5.781336040207834,-6.298761365148756
3685,do,0.05,0.0,9,0.7333483874797819,-5.285348980354541,-6.114849766095479
3686,pp,0.05,0.0,18,2.0161570894718173,-5.289676531878385,-4.21927945084042
3687,do,0.05,0.0,50,1.057630004882812,-7.953620831171672,-7.30617921617296
3688,pp,0.05,0.0,64,1.2872647166252138,-6.574198272011497,-5.40428433948093
3689,do,0.05,0.0,15,2.0367743468284614,-6.166663779634418,-5.638171243667602
3690,pp,0.05,0.0,8,0.7991132330894475,-6.035761219082457,-4.9608136177062985
3691,do,0.05,0.0,7,-0.04993790626525829,-4.837393416780414,-4.1803632815678915
3692,pp,0.05,0.0,8,0.6689957308769223,-4.520605153748483,-3.8665991081131827
3693,do,0.05,0.0,14,2.420927364826203,-5.080907853444417,-4.53269210656484
3694,pp,0.05,0.0,8,1.1949794411659242,-4.56942905368227,-3.744413901699914
3695,do,0.05,0.0,11,0.7854607701301575,-4.728863974773523,-4.576786377694872
3696,pp,0.05,0.0,8,0.7095305609703058,-4.357976647579309,-3.7137030879656474
3697,do,0.05,0.0,70,2.6348047256469718,-6.929825326168176,-6.043182404836019
3698,pp,0.05,0.0,70,2.2874302303791056,-6.508829596548369,-4.794442213906182
3699,do,0.05,0.0,30,2.1232212388515475,-5.125117492675781,-4.777439439296723
3700,pp,0.05,0.0,68,2.5163902199268335,-6.1239022399439955,-5.034197428491381
3701,do,0.05,0.0,11,1.6138503670692446,-6.307817447546757,-5.88677265908983
3702,pp,0.05,0.0,13,2.3729236030578615,-5.133934337442572,-4.151821581522624
3703,do,0.05,0.0,19,1.3859836316108707,-4.922772443655766,-4.66477337943183
3704,pp,0.05,0.0,18,1.984833368062974,-5.4838022304303715,-4.799903696113162
3705,do,0.05,0.0,70,1.364931610822678,-6.69197725093726,-6.4972635083728365
3706,pp,0.05,0.0,23,2.694719247817993,-4.979884221337058,-3.966776310073005
3707,do,0.05,0.0,21,2.0841404902935023,-5.418814819509333,-5.800683196385702
3708,pp,0.05,0.0,22,1.8970508778095247,-6.043615518916737,-4.747717634836833
3709,do,0.05,0.0,35,3.8838919544219976,-5.703858658761689,-5.305993673536513
3710,pp,0.05,0.0,17,1.8596157383918763,-4.559113368121061,-3.8939205831951567
3711,do,0.05,0.0,21,1.8041945576667784,-5.399355528571389,-5.436739439434476
3712,pp,0.05,0.0,9,1.3079128372669224,-4.387506704619437,-3.5846653898557026
3713,do,0.05,0.0,16,2.338785246610642,-5.2705443931348395,-4.70272427532408
3714,pp,0.05,0.0,23,1.5022060620784758,-5.454253719792222,-4.663261471854316
3715,do,0.05,0.0,62,1.823231391906738,-7.318334583802657,-6.12365546491411
3716,pp,0.05,0.0,63,1.9922076272964473,-5.585025921734896,-4.7775590181350704
3717,do,0.05,0.0,40,1.8818538165092464,-6.290815570137718,-5.418434553676182
3718,pp,0.05,0.0,16,2.2627672231197353,-4.473639819116303,-3.6185002750820585
3719,do,0.05,0.0,13,0.6011612594127653,-5.690077827916001,-5.022456574440002
3720,pp,0.05,0.0,23,1.469720339775086,-6.216760107965181,-5.291946090592278
3721,do,0.05,0.0,13,-0.053278995752334524,-5.45971121932521,-4.815570598178439
3722,pp,0.05,0.0,28,2.0589047777652736,-4.8377027309302125,-4.234212145540449
3723,do,0.05,0.0,19,1.8108578562736515,-5.587883736870506,-4.846012594964769
3724,pp,0.05,0.0,25,2.30148433804512,-5.203832968798551,-4.295268164740668
3725,do,0.05,0.0,57,0.5857480835914615,-9.615837029254799,-8.492723819944594
3726,pp,0.05,0.0,19,1.8604898309707645,-5.319642066955566,-4.589248417483436
3727,do,0.05,0.0,11,1.7441302335262296,-5.776896044702241,-5.7177574157714846
3728,pp,0.05,0.0,8,0.6351323604583747,-5.061188364028931,-4.126943519380357
3729,do,0.05,0.0,18,2.833632094860077,-5.725263390396581,-5.1059821711646185
3730,pp,0.05,0.0,17,2.044025362730027,-5.4096663980773005,-4.2523883779843645
3731,do,0.05,0.0,43,3.0041621983051296,-8.237569259874748,-7.502593247095744
3732,pp,0.05,0.0,20,2.066115199327469,-5.368436278718891,-4.374549931950039
3733,do,0.05,0.0,40,3.6656335294246674,-6.65701140201453,-6.685161044862535
3734,pp,0.05,0.0,52,2.5765428221225743,-8.068477499123775,-7.1628205325868395
3735,do,0.05,0.0,22,1.8575128054618846,-6.063174490495162,-5.8224372916751435
3736,pp,0.05,0.0,18,2.2031567656993865,-4.7159888628757365,-4.098604171805912
3737,do,0.05,0.0,12,1.160019915103912,-6.915047777060306,-5.592095790969001
3738,pp,0.05,0.0,23,1.54352769613266,-6.0740521373170795,-5.29274910820855
3739,do,0.05,0.0,23,1.2555655193328858,-6.135108725229899,-5.014051527447171
3740,pp,0.05,0.0,41,1.4716774046421053,-7.309304029291327,-6.154227516386244
3741,do,0.05,0.0,20,3.227038056850432,-5.298268475677028,-4.689605037371318
3742,pp,0.05,0.0,15,0.8062781381607049,-5.1243815393158885,-4.309984178013272
3743,do,0.05,0.0,8,0.9056215047836309,-5.123798396370628,-4.344634715716044
3744,pp,0.05,0.0,25,2.1031677770614623,-4.690004788023053,-3.937470371193356
3745,do,0.05,0.0,70,1.4844832587242127,-7.833664056026574,-7.4165898270077175
3746,pp,0.05,0.0,13,1.8951301836967467,-4.724153603929462,-4.008527559704251
3747,do,0.05,0.0,7,0.8002658486366272,-6.938006772417011,-6.024362723032634
3748,pp,0.05,0.0,16,3.427871017456054,-5.324971713441791,-4.135936468177372
3749,do,0.05,0.0,13,0.08761927962303151,-7.075626980174672,-5.681141048007541
3750,pp,0.05,0.0,8,0.33507125496864276,-6.653043342359139,-4.862579941749573
3751,do,0.05,0.0,16,1.5643008244037633,-5.858007824059689,-5.473017994562785
3752,pp,0.05,0.0,10,1.1118024241924287,-4.812834037433971,-4.0706608043776615
3753,do,0.05,0.0,15,1.9087066507339472,-6.28036099058209,-6.290171564949883
3754,pp,0.05,0.0,9,1.3695284664630893,-4.59801769545584,-3.980332589149475
3755,do,0.05,0.0,70,1.6004831886291502,-6.700633892868504,-6.157330828242832
3756,pp,0.05,0.0,13,1.0362902820110325,-4.640010738372803,-4.021097004413605
3757,do,0.05,0.0,13,0.2484696769714354,-7.8450433384288445,-6.629479016198053
3758,pp,0.05,0.0,26,0.5499628567695627,-8.238125389272517,-6.454274235831367
3759,do,0.05,0.0,6,0.469048013687134,-6.1685157703630855,-5.48389949798584
3760,pp,0.05,0.0,14,1.2870245265960696,-6.040140347047285,-5.017998900678423
3761,do,0.05,0.0,7,0.32914225697517363,-5.427780125357888,-4.8702396127912735
3762,pp,0.05,0.0,33,1.6102812063694003,-5.6576681931813555,-5.065247435039944
3763,do,0.05,0.0,27,4.0078598725795755,-5.583469668301669,-4.875188782480028
3764,pp,0.05,0.0,11,1.9665242588520053,-4.664366499582926,-3.842972379260593
3765,do,0.05,0.0,14,0.20896248340606682,-6.4539980093638105,-6.911898681852553
3766,pp,0.05,0.0,15,1.4466901755332948,-5.049647923671838,-4.12354324526257
3767,do,0.05,0.0,21,0.7574549150466918,-7.269097070982962,-6.46456687980228
3768,pp,0.05,0.0,31,1.350573691129684,-7.506224879351529,-6.264676536454095
3769,do,0.05,0.0,14,0.2873305654525753,-5.48477082974983,-4.523770907190111
3770,pp,0.05,0.0,10,1.661633179187775,-4.663892180991895,-3.7431188503901165
3771,do,0.05,0.0,9,0.7908803093433381,-5.30984095660123,-5.0282983753416275
3772,pp,0.05,0.0,4,-0.21302548885345463,-5.770615443316373,-4.875476765632629
3773,do,0.05,0.0,13,1.7101247203350072,-5.098320988452795,-4.485355599721273
3774,pp,0.05,0.0,7,1.8071883583068846,-5.098942724863688,-4.303046687444051
3775,do,0.05,0.0,55,0.5084888887405405,-8.07418387152932,-7.077189061376783
3776,pp,0.05,0.0,28,1.426970437765121,-6.165354639111143,-5.539478002654182
3777,do,0.05,0.0,9,1.1351905047893522,-5.6698376193191065,-5.065722992685106
3778,pp,0.05,0.0,25,3.5984446394443506,-5.429503750078606,-4.798653313848708
3779,do,0.05,0.0,70,2.864213780164719,-9.424582917762525,-7.983040603001912
3780,pp,0.05,0.0,53,3.760394191741944,-6.158547047412757,-4.987918689515856
3781,do,0.05,0.0,13,1.3622277355194097,-4.8228967912269365,-4.000259327888489
3782,pp,0.05,0.0,37,1.8066337764263158,-5.31592273423166,-4.805411312315199
3783,do,0.05,0.0,15,1.4974361121654516,-4.617757607951309,-4.002504584524367
3784,pp,0.05,0.0,63,2.0253749656677256,-6.177196307615801,-5.187392976548937
3785,do,0.05,0.0,4,0.39486491918563793,-5.7026075420957625,-5.138781089252896
3786,pp,0.05,0.0,16,1.8590561246871946,-5.4114610354105634,-4.830584475729201
3787,do,0.05,0.0,15,1.5331441569328312,-4.416590693502715,-3.7931933959325153
3788,pp,0.05,0.0,15,2.0518357181549076,-4.877779158678922,-4.072721820407444
3789,do,0.05,0.0,15,1.0636004996299748,-5.25556687297243,-4.578926922215356
3790,pp,0.05,0.0,15,1.6710520303249359,-4.585844019687537,-3.967150514655643
3791,do,0.05,0.0,17,2.712322978973388,-5.106718415924997,-4.446703079011705
3792,pp,0.05,0.0,17,1.6057325518131256,-4.643438326228749,-3.830209357208676
3793,do,0.05,0.0,13,0.16564338207244855,-6.882708092891809,-6.2460284286075165
3794,pp,0.05,0.0,15,1.8086682665348048,-5.35483865593419,-4.7212098121643065
3795,do,0.05,0.0,14,0.40636884450912447,-7.093365300785411,-6.602366129557292
3796,pp,0.05,0.0,15,2.050625797510147,-5.908123003352772,-4.897241595056322
3797,do,0.05,0.0,5,0.06443458437919602,-6.112172093535914,-5.347243128882514
3798,pp,0.05,0.0,11,0.4215193903446197,-7.462896446748213,-6.076220525635613
3799,do,0.05,0.0,13,1.78244644522667,-5.753865519436923,-5.472624156210157
3800,pp,0.05,0.0,24,2.616960443258285,-6.118964631629713,-5.276157397694058
3801,do,0.05,0.0,12,2.0550306046009066,-4.549770095131614,-3.9495617045296565
3802,pp,0.05,0.0,40,2.9859781193733212,-5.16027013316299,-4.977371472782559
3803,do,0.05,0.0,24,2.875273349285126,-5.806006856398149,-6.272582451502482
3804,pp,0.05,0.0,21,2.216999537944794,-5.638634394154404,-5.056821189986335
3805,do,0.05,0.0,5,-0.3140322279930112,-6.28817117430947,-5.394588796297709
3806,pp,0.05,0.0,6,0.44512168765067983,-6.893100021824692,-5.180064680841234
3807,do,0.05,0.0,23,2.3075911331176764,-6.047425186272823,-5.152865084012349
3808,pp,0.05,0.0,17,2.154156328439713,-5.770770477526115,-5.088109111785888
3809,do,0.05,0.0,5,-0.15280595421791077,-6.481934486735951,-5.5502725786632965
3810,pp,0.05,0.0,13,1.093719652891159,-5.27282758770567,-5.6601563692092896
3811,do,0.05,0.0,26,1.2450645005702974,-5.635270254539721,-5.280831336975098
3812,pp,0.05,0.0,12,1.4200799179077155,-5.558326896031698,-4.78577197127872
3813,do,0.05,0.0,7,0.4592804431915285,-5.5099386807644,-4.601265626483493
3814,pp,0.05,0.0,13,1.5292986404895776,-5.246624685056282,-4.2953283124499855
3815,do,0.05,0.0,17,1.432487412691116,-6.126494644627426,-5.270120641920301
3816,pp,0.05,0.0,10,1.290930471420288,-5.307069057406801,-4.4672178718778826
3817,do,0.05,0.0,6,0.17911985754966686,-5.815708563544534,-5.316489990552267
3818,pp,0.05,0.0,70,1.1128409981727607,-8.088776074033795,-7.357577827241686
3819,do,0.05,0.0,15,-0.017400190830231033,-7.842160297162605,-6.316067520777384
3820,pp,0.05,0.0,10,0.461763734817505,-6.871657978404652,-5.731078468428718
3821,do,0.05,0.0,50,1.9165397012233738,-6.758455481673732,-6.642346631156074
3822,pp,0.05,0.0,20,2.3905449509620667,-5.232300821940104,-4.436443487803142
3823,do,0.05,0.0,48,-0.23817972064018278,-10.510799419518673,-9.185980176925659
3824,pp,0.05,0.0,13,0.888793321847916,-5.782017402937918,-5.296924585766263
3825,do,0.05,0.0,40,2.983365098237992,-5.374383081089366,-5.295774186982049
3826,pp,0.05,0.0,18,1.8661374843120573,-5.686943532481338,-4.956353410085042
3827,do,0.05,0.0,9,1.6477944087982177,-5.2151811036196625,-4.713897408379449
3828,pp,0.05,0.0,13,2.161979726552963,-5.151565483844641,-4.301092378298441
3829,do,0.05,0.0,33,0.8196242284774788,-7.329137432213986,-5.993090624279446
3830,pp,0.05,0.0,23,2.628352720737457,-4.881503320462776,-4.17173121770223
3831,do,0.05,0.0,16,1.898593364953995,-5.513071415641091,-5.141694423887465
3832,pp,0.05,0.0,20,1.8071606385707861,-7.6628020012017455,-7.423664503627354
3833,do,0.05,0.0,26,4.763837339878082,-5.699921924417669,-4.928784328036838
3834,pp,0.05,0.0,23,4.229844278097152,-6.305567774628148,-5.12054738468594
3835,do,0.05,0.0,20,2.2529297924041742,-5.204426584821759,-5.345398333337572
3836,pp,0.05,0.0,21,2.0744690024852757,-6.271128044706402,-5.160076003604465
3837,do,0.05,0.0,5,1.1118021881580349,-4.759256523305719,-4.436331510543823
3838,pp,0.05,0.0,12,1.5616555321216588,-5.274650671987823,-4.538294468985663
3839,do,0.05,0.0,45,2.4436415195465093,-6.319788006580237,-5.409412762853834
3840,pp,0.05,0.0,16,0.3158146393299104,-5.541173934936523,-4.662969326972961
3841,do,0.05,0.0,21,2.4361963021755217,-4.4255914615862295,-4.453774364789327
3842,pp,0.05,0.0,11,1.072225644588471,-5.551285886764527,-4.575414453612433
3843,do,0.05,0.0,7,0.5030964934825901,-5.449626169782697,-5.028894397947523
3844,pp,0.05,0.0,14,0.6280713355541225,-5.6527965545654295,-4.883332469728258
3845,do,0.05,0.0,16,0.745412026643753,-7.0963335225076385,-6.3121238973405625
3846,pp,0.05,0.0,66,1.20677794456482,-7.6505653020107385,-6.739538084136115
3847,do,0.05,0.0,70,0.7874361586570746,-9.232336733557961,-8.713683806525337
3848,pp,0.05,0.0,21,1.3610581493377687,-5.272863086064657,-4.437691164016724
3849,do,0.05,0.0,13,1.7715848243236545,-6.163904638001413,-5.606071125136482
3850,pp,0.05,0.0,23,1.587240027189254,-7.006852222211434,-5.965124305089315
3851,do,0.05,0.0,70,0.8610534274578097,-7.4093922239361385,-6.716188255945841
3852,pp,0.05,0.0,70,1.8983810520172106,-7.014519678462635,-6.319561839103699
3853,do,0.05,0.0,6,0.9671345686912538,-4.700676873235992,-4.082862006293403
3854,pp,0.05,0.0,4,0.549882982969284,-4.981546491565126,-3.8344965815544128
3855,do,0.05,0.0,13,0.6113957679271698,-5.2220362143083054,-4.59503370920817
3856,pp,0.05,0.0,45,0.7380543458461766,-6.249065312472257,-5.926745867729187
3857,do,0.05,0.0,18,2.5458900582790376,-6.479861944372003,-6.165776009029813
3858,pp,0.05,0.0,6,0.57258016705513,-5.100086373993845,-4.23768765396542
3859,do,0.05,0.0,10,1.4418984818458558,-5.307074827136415,-4.926692430178324
3860,pp,0.05,0.0,12,0.8319216513633734,-4.867411890896884,-4.1577566080623205
3861,do,0.05,0.0,70,0.4780601906776418,-7.705190360907352,-7.3940224859449595
3862,pp,0.05,0.0,30,1.7354535138607021,-5.312608967405377,-4.7980561309390595
3863,do,0.05,0.0,66,2.4461869978904716,-7.850280439492428,-6.75231512122684
3864,pp,0.05,0.0,19,1.1561697185039517,-5.088886655460705,-4.41972586578793
3865,do,0.05,0.0,14,1.8460676479339604,-6.469730413321293,-5.994624768363105
3866,pp,0.05,0.0,8,1.3254112505912774,-4.936907103567412,-4.055478930473328
3867,do,0.05,0.0,7,0.7103591942787171,-5.3935452894731,-5.308780919180976
3868,pp,0.05,0.0,7,0.3721003067493438,-4.851144416404493,-4.337274471918742
3869,do,0.05,0.0,19,2.019037013053894,-5.310115242004395,-4.870376925998264
3870,pp,0.05,0.0,23,2.7633723282814024,-4.809723436471188,-4.048339978853861
3871,do,0.05,0.0,17,2.47633250951767,-5.2461324605074795,-5.156356938680013
3872,pp,0.05,0.0,13,1.348949850797653,-4.60731217210943,-3.9322130892011855
3873,do,0.05,0.0,7,0.9984239983558654,-5.415497100714481,-4.4507884211010404
3874,pp,0.05,0.0,21,1.181658753156662,-6.367352484211777,-4.80712481074863
3875,do,0.05,0.0,13,1.6769197273254397,-4.995821806878754,-4.876987520853678
3876,pp,0.05,0.0,20,1.8341496086120612,-6.399700511585582,-5.2077318165037365
3877,do,0.05,0.0,18,3.105047672986985,-5.060155783277569,-4.646645585695903
3878,pp,0.05,0.0,66,3.3066280996799478,-6.773150902083426,-5.969617438316345
3879,do,0.05,0.0,39,4.482531822919846,-5.465014057448416,-5.692808535363939
3880,pp,0.05,0.0,70,4.526463911533356,-5.960953851179643,-5.8297633330027265
3881,do,0.05,0.0,44,3.934060006141663,-5.284538984298706,-4.675938558578491
3882,pp,0.05,0.0,20,2.201087288856507,-4.259680732091268,-3.86655044025845
3883,do,0.05,0.0,18,3.341307768821716,-7.071800889390888,-5.5150233374701605
3884,pp,0.05,0.0,6,0.8008816814422604,-4.888125868999597,-3.8457854469617208
3885,do,0.05,0.0,19,2.461924232244491,-6.345734672835379,-5.608451077673171
3886,pp,0.05,0.0,40,3.369845366477967,-5.940373562321518,-5.0097092390060425
3887,do,0.05,0.0,15,1.8758273625373842,-4.8543528368978786,-4.6445182296964855
3888,pp,0.05,0.0,7,1.405001122951508,-5.6461687926090125,-4.554460334777832
3889,do,0.05,0.0,32,2.7562737119197855,-6.179785410563151,-6.005168716112773
3890,pp,0.05,0.0,70,2.677284197807312,-6.926915102293997,-6.476498460769653
3891,do,0.05,0.0,35,1.3950821995735172,-8.13669613202413,-7.202763997183906
3892,pp,0.05,0.0,7,0.3230865669250491,-6.5048128995028405,-5.211030997170342
3893,do,0.05,0.0,16,2.007487404346466,-6.185499416698109,-5.457944650120205
3894,pp,0.05,0.0,7,0.8892235529422754,-5.070113796176332,-3.9835502253638375
3895,do,0.05,0.0,10,1.4851396894454956,-5.906843169530233,-5.374307680130005
3896,pp,0.05,0.0,18,1.1798433876037597,-6.943110351851492,-5.54208017455207
3897,do,0.05,0.0,9,1.6061292219161984,-5.319878695227883,-5.0427221986982556
3898,pp,0.05,0.0,32,1.6251092958450322,-8.806488317431825,-7.2670346048143175
3899,do,0.05,0.0,33,4.736750674247741,-6.594966349457249,-5.591195416450501
3900,pp,0.05,0.0,19,2.017699333429336,-4.763686255252723,-3.9634350405799017
3901,do,0.05,0.0,9,1.043495944738388,-5.729494201775753,-5.411628058221605
3902,pp,0.05,0.0,9,0.5749854350090029,-5.047388084007032,-4.317194881704118
3903,do,0.05,0.0,42,2.8018226158618926,-6.525498445106275,-5.754483683904012
3904,pp,0.05,0.0,39,1.0202171039581307,-6.08714624896194,-4.998861021465725
3905,do,0.05,0.0,37,2.647200239896774,-5.107006071553085,-5.84590028391944
3906,pp,0.05,0.0,31,3.6334547531604775,-4.960137884544603,-4.258162225617303
3907,do,0.05,0.0,22,2.0533303296566014,-4.512131530588324,-4.13101425435808
3908,pp,0.05,0.0,7,1.0856471455097205,-4.422402415131078,-3.5893968251016406
3909,do,0.05,0.0,16,1.1187025976181024,-5.420681015650431,-6.9629798041449655
3910,pp,0.05,0.0,70,2.422058473825455,-6.400495173714377,-5.91717562675476
3911,do,0.05,0.0,10,1.560224092006683,-5.985197395266908,-5.0584063953823515
3912,pp,0.05,0.0,56,0.9874539494514476,-6.8080107024221705,-5.181569629245335
3913,do,0.05,0.0,24,2.2536845767498015,-5.008704470143174,-5.034433253606161
3914,pp,0.05,0.0,20,2.2051308119297035,-5.2355168978373205,-4.760833973354764
3915,do,0.05,0.0,7,0.5249160504341122,-5.107419144023549,-4.815974283218384
3916,pp,0.05,0.0,29,1.4006871211528775,-5.468758416898323,-4.827768972184923
3917,do,0.05,0.0,15,1.8119891703128816,-5.233096452192827,-5.11585734155443
3918,pp,0.05,0.0,8,1.574470942020417,-4.918809182716139,-3.9812018950780232
3919,do,0.05,0.0,11,1.9233967065811157,-5.306527590029168,-5.142211816045973
3920,pp,0.05,0.0,17,1.5470187926292418,-4.614078654664936,-4.3424061523543465
3921,do,0.05,0.0,17,2.33294058561325,-4.907667713454275,-4.524468530548943
3922,pp,0.05,0.0,16,2.579242281913757,-4.89854042746804,-3.9180447737375896
3923,do,0.05,0.0,17,3.4348067355155933,-6.415214833346281,-5.908035959137811
3924,pp,0.05,0.0,12,1.8796443259716034,-4.587301845261545,-3.7206764327155217
3925,do,0.05,0.0,20,3.3609422802925115,-6.156499268791892,-5.955440672238668
3926,pp,0.05,0.0,14,2.280791008472443,-4.6871199723446,-4.042848094304403
3927,do,0.05,0.0,7,0.6147440552711485,-6.818585816296664,-5.871502653757731
3928,pp,0.05,0.0,46,0.929887077808381,-8.517887544631957,-7.023138578732809
3929,do,0.05,0.0,9,1.4987629532814033,-4.6062080036510125,-4.337304605378045
3930,pp,0.05,0.0,15,1.377368307113648,-4.490989329598166,-3.8773597995440165
3931,do,0.05,0.0,8,0.5287133169174192,-5.596522149172697,-5.3724602063496905
3932,pp,0.05,0.0,33,1.45697077870369,-6.564300161419493,-5.410853020350138
3933,do,0.05,0.0,60,0.8246347653865804,-9.019172370795047,-8.040956952836778
3934,pp,0.05,0.0,9,1.2056312835216518,-5.398048828587387,-4.461941870053609
3935,do,0.05,0.0,14,1.9709794402122496,-5.784528457757198,-5.731243265999688
3936,pp,0.05,0.0,70,2.560482072830199,-6.931679011836197,-7.280808771981134
3937,do,0.05,0.0,24,2.2859894311428066,-5.469313484249693,-5.9114944299062095
3938,pp,0.05,0.0,29,2.3305489420890817,-6.469132023146658,-5.460461968845792
3939,do,0.05,0.0,7,0.8442870724201201,-5.555802787433971,-5.59147978093889
3940,pp,0.05,0.0,13,1.8356172358989715,-6.407036502433546,-5.059066041310628
3941,do,0.05,0.0,17,2.509521276950836,-4.869545345595388,-5.149399338828193
3942,pp,0.05,0.0,14,1.9273383831977844,-5.1808910904508645,-4.168904254171584
3943,do,0.05,0.0,9,1.4540007013082503,-4.631805315884677,-4.308517299758064
3944,pp,0.05,0.0,11,1.4074105751514434,-4.643362722974835,-3.776788898309072
3945,do,0.05,0.0,19,2.375583418607712,-5.543507357799646,-5.014110843340556
3946,pp,0.05,0.0,5,0.19078022241592407,-5.270475732918942,-4.51773894627889
3947,do,0.05,0.0,8,1.6511646497249606,-5.447159443479595,-5.188142572508918
3948,pp,0.05,0.0,11,1.760551238059997,-4.662405158534194,-3.9681097507476806
3949,do,0.05,0.0,8,1.288967288732528,-5.790011716611458,-5.80901690059238
3950,pp,0.05,0.0,43,1.3459023332595823,-6.335350048180782,-6.007470607757568
3951,do,0.05,0.0,12,2.6628295361995695,-5.863452343507246,-5.088466800583733
3952,pp,0.05,0.0,27,0.3409794616699209,-6.889231726617524,-6.113527634408739
3953,do,0.05,0.0,15,2.0263826751708987,-4.690938962589611,-4.193110667334663
3954,pp,0.05,0.0,54,3.033384927511216,-6.2053701444105664,-5.07968512641059
3955,do,0.05,0.0,14,1.7280414915084839,-6.3703443671717785,-5.48832348452674
3956,pp,0.05,0.0,13,1.6942911899089808,-5.546602642174923,-5.126510132683648
3957,do,0.05,0.0,6,0.7972835135459899,-5.074008210500081,-4.915781792004903
3958,pp,0.05,0.0,20,3.1878242731094364,-5.817056378451261,-5.021906956036886
3959,do,0.05,0.0,16,0.547735652923584,-5.028474669022994,-4.726226801342435
3960,pp,0.05,0.0,20,1.957231836318969,-5.838850324804133,-5.407006327311198
3961,do,0.05,0.0,22,2.1104375481605526,-4.814730457826094,-4.860504971610175
3962,pp,0.05,0.0,33,2.308333177566529,-6.268171252626361,-5.296893718507555
3963,do,0.05,0.0,15,1.828300168514252,-4.648811411135124,-4.539600001441108
3964,pp,0.05,0.0,13,1.47165893316269,-5.67846348213427,-5.192339603106181
3965,do,0.05,0.0,21,2.3885623943805694,-5.230230299631755,-4.191998847325643
3966,pp,0.05,0.0,12,1.623233977556228,-6.3313752463369655,-4.969408623377482
3967,do,0.05,0.0,16,2.206178524494171,-5.232619112188166,-4.834494076834785
3968,pp,0.05,0.0,29,3.316141465902329,-6.271490412047415,-5.298744140730964
3969,do,0.05,0.0,14,1.2247889590263368,-5.138570503755049,-4.697361614969042
3970,pp,0.05,0.0,13,1.1397779297828672,-4.690071405063976,-3.9681027876006234
3971,do,0.05,0.0,9,1.417085916996002,-4.881179228695956,-4.489413870705499
3972,pp,0.05,0.0,15,1.3259620451927185,-5.853624681992964,-4.992948137389289
3973,do,0.05,0.0,64,3.3145340323448176,-5.710964783755216,-5.621919711430867
3974,pp,0.05,0.0,15,2.0055820119380945,-5.796888653437296,-4.872812859217325
3975,do,0.05,0.0,12,0.6285809659957886,-5.691464269522465,-5.619763493537903
3976,pp,0.05,0.0,6,0.28887585043907116,-6.944633960723877,-5.722192160288492
3977,do,0.05,0.0,46,3.8676371228694917,-6.822492986736876,-5.884903868039449
3978,pp,0.05,0.0,10,1.5948638069629668,-5.550834881175648,-4.357938138643901
3979,do,0.05,0.0,45,0.5208881461620329,-6.802727933363481,-6.043341790305243
3980,pp,0.05,0.0,30,1.6809569346904762,-6.610491939024492,-5.599533504909939
3981,do,0.05,0.0,11,1.4720416021347047,-5.121480206287268,-4.8071146859063045
3982,pp,0.05,0.0,11,0.9773026406764984,-5.462019949248343,-4.577947537104289
3983,do,0.05,0.0,40,1.2133289670944212,-8.09242334799333,-6.602420335345798
3984,pp,0.05,0.0,13,0.9762045967578885,-5.98689637039647,-5.604896280500624
3985,do,0.05,0.0,7,0.8491266906261448,-4.880972625270035,-4.561493741141425
3986,pp,0.05,0.0,9,1.2066749560832983,-5.169554434400617,-4.6360882891549
3987,do,0.05,0.0,13,0.7574795973300938,-5.906913244363033,-5.001227996084425
3988,pp,0.05,0.0,11,0.4439521062374112,-6.6840629158598,-5.480381766955058
3989,do,0.05,0.0,26,3.918560382127761,-4.79011708317381,-4.626970341470506
3990,pp,0.05,0.0,21,2.625825208425522,-5.588269363750111,-5.750434819857279
3991,do,0.05,0.0,16,1.8735106885433197,-5.633084334749164,-5.197112403975593
3992,pp,0.05,0.0,30,2.11348841547966,-4.942940977847937,-4.264719176292419
3993,do,0.05,0.0,4,0.06340793371200526,-6.403192515806718,-5.209972063700358
3994,pp,0.05,0.0,5,0.008042562007904763,-6.739876172036835,-5.409460531340705
3995,do,0.05,0.0,14,1.5431552326679236,-6.770372129209114,-6.81382917298211
3996,pp,0.05,0.0,13,2.5604629230499274,-5.2456286863847215,-4.77386474079556
3997,do,0.05,0.0,14,1.8479365861415857,-4.486168154803189,-3.8781657059987387
3998,pp,0.05,0.0,20,2.5086689043045034,-6.880814399141254,-5.6466063261032104
3999,do,0.05,0.0,22,2.8172734344005583,-5.4525882822094545,-5.128205431832208
4000,pp,0.05,0.0,16,1.422630002498627,-5.926801058740327,-5.497369678815206
4001,do,0.05,0.0,25,3.251333335638047,-5.108720637812759,-4.611676751242744
4002,pp,0.05,0.0,22,2.74759206533432,-5.328525840874875,-4.15288534031974
4003,do,0.05,0.0,20,1.7925081014633175,-5.116704173521562,-4.673207330703735
4004,pp,0.05,0.0,20,1.8142973482608795,-5.425492812647964,-4.648702184359233
4005,do,0.05,0.0,33,2.9790521812438966,-5.132725287928726,-4.625457647111681
4006,pp,0.05,0.0,62,0.8146176564693448,-7.461931152054758,-6.82733498149448
4007,do,0.05,0.0,13,2.2067337584495545,-5.518687329147801,-4.8543786790635854
4008,pp,0.05,0.0,6,0.11060160398483276,-5.701713281689268,-4.812657512558831
4009,do,0.05,0.0,18,2.2912202548980716,-6.796240881717567,-6.536398564444648
4010,pp,0.05,0.0,9,1.0342963063716883,-5.73821712696191,-5.419910417662726
4011,do,0.05,0.0,40,2.4747923052310945,-6.6779113711732805,-7.069149971008301
4012,pp,0.05,0.0,17,1.9138243257999417,-5.2613948215137825,-4.397152781486511
4013,do,0.05,0.0,13,0.9955427694320678,-4.884240491462476,-4.603305252393087
4014,pp,0.05,0.0,9,1.308772933483124,-5.161968182072495,-4.464743031395806
4015,do,0.05,0.0,26,2.1356318259239195,-6.182153092008648,-5.555412666002909
4016,pp,0.05,0.0,11,2.2899132513999936,-5.35508809523149,-4.447778974639045
4017,do,0.05,0.0,20,1.6683523523807535,-5.658956490140973,-5.833895948198107
4018,pp,0.05,0.0,18,2.7510218894481655,-5.363525861682314,-4.607225918769837
4019,do,0.05,0.0,13,1.205122991800308,-5.198431945569587,-4.9743834045198225
4020,pp,0.05,0.0,6,0.6325884985923764,-5.634205643335978,-4.149470701482561
4021,do,0.05,0.0,25,1.960976603031158,-6.258446678970799,-5.546579413943821
4022,pp,0.05,0.0,14,1.6087256431579595,-4.593420281554714,-4.184372924433815
4023,do,0.05,0.0,31,1.16837526679039,-5.78307970942873,-5.688788286844889
4024,pp,0.05,0.0,20,1.9841191434860228,-5.284701199965044,-4.628024241659376
4025,do,0.05,0.0,15,2.2338294339179985,-4.949289579102487,-4.679813483026293
4026,pp,0.05,0.0,15,2.105162669420242,-5.906267384326819,-4.523404169082641
4027,do,0.05,0.0,70,2.1541050314903263,-5.973550332676281,-5.575128067864312
4028,pp,0.05,0.0,31,2.9212390685081484,-5.118939250888246,-4.5153345743815105
4029,do,0.05,0.0,11,0.09749571800231926,-6.522231912612915,-6.3009196519851685
4030,pp,0.05,0.0,68,0.968066806793213,-6.262572401220148,-5.63642860253652
4031,do,0.05,0.0,13,1.457059218883515,-5.048703644492409,-5.011206947432624
4032,pp,0.05,0.0,58,0.9268564093112941,-6.204610922842315,-5.388873995674981
4033,do,0.05,0.0,43,3.7127091646194463,-5.74874245036732,-5.714423433939616
4034,pp,0.05,0.0,33,3.2912190794944767,-7.384149766690803,-5.801376220915053
4035,do,0.05,0.0,34,2.5662287402153012,-5.911020895929047,-6.297721105151706
4036,pp,0.05,0.0,10,1.341718517541885,-4.861105002778949,-4.309603741433885
4037,do,0.05,0.0,20,2.0997703564167027,-4.6019931330825345,-4.181124040815566
4038,pp,0.05,0.0,10,1.3681503343582149,-5.024671105182532,-4.169677636358473
4039,do,0.05,0.0,16,1.2770117795467382,-5.02920507517728,-4.470367042223613
4040,pp,0.05,0.0,29,1.1718383455276484,-8.065007435191761,-6.672378426127963
4041,do,0.05,0.0,13,0.442148078680038,-5.0208179661721895,-5.115204824341668
4042,pp,0.05,0.0,70,1.0410581636428837,-8.809515106316768,-7.5582901663250395
4043,do,0.05,0.0,61,3.42562142252922,-5.594000128543738,-5.25492345492045
4044,pp,0.05,0.0,28,2.8542027974128716,-6.0562226570013795,-5.102942215071784
4045,do,0.05,0.0,20,0.564022654294968,-7.34115203221639,-6.58412549495697
4046,pp,0.05,0.0,8,0.26482058167457634,-5.127231977925156,-4.267224396599664
4047,do,0.05,0.0,70,0.8666043090820317,-11.051656010656647,-11.528026019202338
4048,pp,0.05,0.0,27,1.8768144309520727,-6.6891520124493224,-5.531036882930332
4049,do,0.05,0.0,20,1.7968500638008118,-4.855402127179232,-4.679397577709622
4050,pp,0.05,0.0,13,2.32252602815628,-5.4044907526536425,-4.947329457600912
4051,do,0.05,0.0,18,3.011104441881179,-4.823245120771004,-4.635737219121721
4052,pp,0.05,0.0,31,2.407263708114624,-5.80992495507905,-5.1548408508300785
4053,do,0.05,0.0,25,1.7515516006946568,-4.654697452169476,-4.899307285414801
4054,pp,0.05,0.0,25,2.346198360919953,-6.243675464572329,-5.001081487867567
4055,do,0.05,0.0,33,3.5976686990261086,-6.057578857017286,-6.36230042245653
4056,pp,0.05,0.0,34,3.5695591211318973,-5.264181973717429,-4.411872935295105
4057,do,0.05,0.0,36,2.0579057800769816,-7.5043634414672855,-6.733682550324334
4058,pp,0.05,0.0,9,1.2016010284423828,-5.052533633781202,-4.65534717241923
4059,do,0.05,0.0,70,2.4649776339530938,-5.345319984898422,-5.982642409536574
4060,pp,0.05,0.0,15,1.5652777278423304,-5.921570853031043,-5.475133511755201
4061,do,0.05,0.0,54,2.5054572284221654,-5.368349107106527,-5.063972515530057
4062,pp,0.05,0.0,70,2.8962375485897063,-6.531186791622278,-5.530407704247368
4063,do,0.05,0.0,9,1.2952108609676367,-4.426710666309703,-4.0394704659779865
4064,pp,0.05,0.0,8,1.3330094051361083,-5.229709615129413,-4.226565135849847
4065,do,0.05,0.0,18,3.316245976686477,-5.204135916449807,-4.976036874453227
4066,pp,0.05,0.0,16,2.7216962301731105,-6.065193706570249,-5.108650800916884
4067,do,0.05,0.0,39,3.2941774117946627,-6.769327915076054,-7.6817021237479315
4068,pp,0.05,0.0,9,1.5150134170055392,-5.770971223079797,-4.925101688173082
4069,do,0.05,0.0,20,2.9079856288433072,-5.17988012342742,-5.210887869199117
4070,pp,0.05,0.0,15,2.658309367895126,-4.800710429567279,-4.380222402678596
4071,do,0.05,0.0,24,2.9588210105896,-6.86429862687082,-6.491726909743415
4072,pp,0.05,0.0,16,2.4655810379981986,-5.9166174830812395,-5.104408754242791
4073,do,0.05,0.0,13,1.5237538969516757,-4.634555024811716,-4.943556984265645
4074,pp,0.05,0.0,30,1.3778911566734307,-5.735437203898575,-5.023075172636244
4075,do,0.05,0.0,21,2.4795348048210144,-4.9110029957511205,-4.596548167864482
4076,pp,0.05,0.0,33,2.605202459096909,-5.310633585669778,-4.633181243472629
4077,do,0.05,0.0,42,3.4896804106235493,-5.499435290423307,-5.522144055366516
4078,pp,0.05,0.0,21,2.1818190848827363,-6.599039558930831,-6.178238254123264
4079,do,0.05,0.0,13,2.4591953241825104,-4.968539589101618,-4.60216121673584
4080,pp,0.05,0.0,25,2.1960916411876683,-5.058173903551968,-4.287751494513618
4081,do,0.05,0.0,19,1.7728273391723635,-4.199974204554702,-4.145364764001634
4082,pp,0.05,0.0,7,0.40081282854080236,-6.059801899303089,-5.242191497484843
4083,do,0.05,0.0,18,2.5479972743988037,-4.04321418097525,-4.389708642164866
4084,pp,0.05,0.0,36,3.050947265624999,-7.281470584869385,-5.749923382865058
4085,do,0.05,0.0,16,0.9232801508903501,-5.776454148148045,-5.090313895543416
4086,pp,0.05,0.0,6,0.14711227655410752,-7.315704341368241,-5.759306433465746
4087,do,0.05,0.0,6,1.1950051653385163,-4.3635227940299295,-3.9663444174660576
4088,pp,0.05,0.0,6,-0.0540781402587891,-5.9056119629831025,-5.090650380982293
4089,do,0.05,0.0,12,1.0799334061145789,-5.345267278497869,-5.22956678337521
4090,pp,0.05,0.0,7,0.3600463509559635,-7.143770808884592,-5.933311790890164
4091,do,0.05,0.0,37,2.84782731294632,-4.303291157520179,-4.383545664946238
4092,pp,0.05,0.0,28,3.067033892869949,-5.393438779946529,-4.90968979994456
4093,do,0.05,0.0,13,0.9177960443496707,-4.982882764122703,-4.642733654710981
4094,pp,0.05,0.0,9,0.4547203207015995,-6.354086325385354,-5.449687253104316
4095,do,0.05,0.0,17,1.3640493690967554,-4.964241712743585,-5.3885016441345215
4096,pp,0.05,0.0,39,1.5356708002090453,-9.064191428097812,-8.254529068205091
4097,do,0.05,0.0,17,2.1869272148609165,-5.049938534245347,-4.889151279131571
4098,pp,0.05,0.0,24,1.1302111256122593,-8.632569453210541,-7.583391817410787
4099,do,0.05,0.0,16,3.3513018977642055,-4.967497763489232,-5.306519108348422
4100,pp,0.05,0.0,15,0.6270525920391075,-7.005995377627286,-6.240789103507995
4101,do,0.05,0.0,45,3.7979120314121237,-4.787097516204372,-5.055978859795465
4102,pp,0.05,0.0,20,2.60818035364151,-5.256128217234756,-4.467568633291457
4103,do,0.05,0.0,25,1.7459339916706087,-4.790132081869877,-4.596288658512963
4104,pp,0.05,0.0,13,2.0430779504776,-5.354949809565689,-4.228001313739353
4105,do,0.05,0.0,20,3.034682475328446,-5.995433102232037,-6.621617137061225
4106,pp,0.05,0.0,24,2.356220781803131,-5.095229497100368,-4.541291488541497
4107,do,0.05,0.0,27,2.2906601583957684,-7.42063458182595,-6.609600920147366
4108,pp,0.05,0.0,21,2.2191820192337035,-5.679723569118615,-4.822564408514235
4109,do,0.05,0.0,38,4.472775318622588,-4.840825002843683,-4.868753925959269
4110,pp,0.05,0.0,23,2.370500810146332,-7.001905691262447,-6.076879117223951
4111,do,0.05,0.0,47,2.9377480459213254,-5.896009633035371,-5.740639371342129
4112,pp,0.05,0.0,29,2.383226249217987,-6.314088307004987,-5.554933786392212
4113,do,0.05,0.0,51,2.144890652894974,-6.543649339675904,-6.07329044342041
4114,pp,0.05,0.0,18,1.9287184631824488,-4.958674062382091,-4.325966477394104
4115,do,0.05,0.0,12,0.4762359774112692,-6.831472993619514,-6.221904865900675
4116,pp,0.05,0.0,24,2.169338010549545,-5.2399163650743885,-4.795593274964227
4117,do,0.05,0.0,68,1.3370551419258128,-9.060833728674686,-7.919399526384142
4118,pp,0.05,0.0,14,0.8705596470832822,-5.016850332780318,-4.416047056516011
4119,do,0.05,0.0,25,1.3547714543342586,-5.015771134694417,-4.897754361894395
4120,pp,0.05,0.0,17,1.368814468383789,-5.123476924318256,-4.598322500122918
4121,do,0.05,0.0,17,1.1041663432121283,-5.693186618342544,-5.1846786710951065
4122,pp,0.05,0.0,14,1.4405292344093326,-6.011985768693866,-4.8448697328567505
4123,do,0.05,0.0,6,1.206574028730392,-4.679620419126568,-4.184870682822334
4124,pp,0.05,0.0,8,1.4449703013896942,-4.476266613873569,-3.7952765080663893
4125,do,0.05,0.0,70,2.671060466766357,-7.3055217511726145,-6.881753516197205
4126,pp,0.05,0.0,11,1.1960724341869353,-5.476243152040424,-4.313738218943278
4127,do,0.05,0.0,10,0.9577027475833892,-5.117316475781528,-4.720553398132324
4128,pp,0.05,0.0,7,0.3075718140602115,-4.529777334675645,-3.8830851131015356
4129,do,0.05,0.0,20,2.1334249055385586,-4.915147303089951,-4.593238920635647
4130,pp,0.05,0.0,32,2.7804806351661675,-5.5350584637035025,-4.670989338556925
4131,do,0.05,0.0,10,2.7907694959640503,-4.630221031651352,-4.070790198114183
4132,pp,0.05,0.0,7,1.4088089382648468,-4.71783501885154,-3.7844999353090922
4133,do,0.05,0.0,27,2.6876448631286616,-5.546467062921235,-4.855193032158746
4134,pp,0.05,0.0,12,1.554359886646271,-4.721551208785086,-3.96446676519182
4135,do,0.05,0.0,62,2.699214406013488,-6.101724907846162,-5.615010065502591
4136,pp,0.05,0.0,17,0.7808042299747466,-5.937813261783484,-5.350406924883525
4137,do,0.05,0.0,21,1.527523348331452,-5.192238210909294,-4.773360872268677
4138,pp,0.05,0.0,32,2.5864867377281193,-4.972140456690933,-4.303852558135986
4139,do,0.05,0.0,60,1.0514420783519736,-6.490766775246822,-6.051751634809706
4140,pp,0.05,0.0,6,0.8097684907913214,-4.899412649328059,-4.066457442442576
4141,do,0.05,0.0,28,0.7938400697708135,-6.714814752520937,-6.338825292057461
4142,pp,0.05,0.0,7,0.583534129858017,-5.231598718238599,-4.119467282295227
4143,do,0.05,0.0,14,1.9597770702838897,-4.507100219437571,-4.074311093489329
4144,pp,0.05,0.0,33,3.0371745467185978,-5.441072601260561,-4.719070802794563
4145,do,0.05,0.0,20,1.210737593173981,-6.877649063052553,-6.196126508712768
4146,pp,0.05,0.0,15,1.4089661443233492,-5.5790596181696115,-4.697745392057631
4147,do,0.05,0.0,17,1.4504571962356563,-6.616960808725068,-5.91307057539622
4148,pp,0.05,0.0,58,2.9807800948619843,-7.404023244164207,-6.463543690575493
4149,do,0.05,0.0,64,1.368417910337449,-8.405341206174908,-7.326449094878303
4150,pp,0.05,0.0,7,1.4332960331439972,-5.255328951459942,-4.759119470914205
4151,do,0.05,0.0,51,1.8902668559551232,-6.350374636505589,-5.616047888331943
4152,pp,0.05,0.0,26,3.651499867439271,-5.3780325210455695,-4.5446061001883615
4153,do,0.05,0.0,28,1.6662462031841274,-5.547213284174601,-4.8068728552924265
4154,pp,0.05,0.0,26,2.531733050346374,-5.8086551463965215,-4.978393917613559
4155,do,0.05,0.0,20,1.9746280217170717,-4.677054299730243,-4.064762812190586
4156,pp,0.05,0.0,36,3.4911393439769753,-5.487083778959332,-4.742076288329231
4157,do,0.05,0.0,70,1.04026148200035,-8.29626657890551,-7.8213271220525105
4158,pp,0.05,0.0,70,1.3725839245319378,-8.321896833362,-7.260439970758227
4159,do,0.05,0.0,70,2.510964975357055,-6.387147501743201,-5.72300386428833
4160,pp,0.05,0.0,12,1.1258543169498445,-4.673593089074799,-3.9007473468780516
4161,do,0.05,0.0,62,2.7885628664493565,-6.450334317756422,-6.935053910149469
4162,pp,0.05,0.0,31,1.7340790283679963,-6.78887577345877,-5.834683569272359
4163,do,0.05,0.0,70,1.2913635134696957,-7.880626503626505,-7.244366916020711
4164,pp,0.05,0.0,26,2.584287321567535,-6.255893162525061,-5.524224464098612
4165,do,0.05,0.0,46,1.9054616141319283,-6.370568045702847,-5.775685577922397
4166,pp,0.05,0.0,17,1.820314688682556,-6.267870781638406,-5.004660405053032
4167,do,0.05,0.0,15,1.7806106269359594,-4.954211352088235,-4.635761902067396
4168,pp,0.05,0.0,15,2.0687551093101506,-5.210420388886423,-4.771569779184129
4169,do,0.05,0.0,11,2.311653816699981,-4.508094161929506,-4.317713488472832
4170,pp,0.05,0.0,14,2.1550820207595827,-6.010079292817549,-5.050572689374288
4171,do,0.05,0.0,8,1.4435662102699283,-4.896510499896425,-4.453710370593601
4172,pp,0.05,0.0,7,0.7578710770606998,-6.30993589776935,-5.727515045801798
4173,do,0.05,0.0,69,1.7127752649784096,-7.518895514806112,-6.739419937133789
4174,pp,0.05,0.0,23,2.0429137349128723,-4.565463609406442,-3.971352304352654
4175,do,0.05,0.0,29,3.4772173607349393,-6.152303645105073,-5.814961330095927
4176,pp,0.05,0.0,41,2.6699040925502784,-7.108035935777607,-5.958604754341973
4177,do,0.05,0.0,6,0.6554006826877599,-5.105500875819813,-4.52661808596717
4178,pp,0.05,0.0,8,0.8244355547428128,-6.10647739497098,-5.20908194647895
4179,do,0.05,0.0,11,1.2130647563934325,-4.74307854681304,-4.230076728926765
4180,pp,0.05,0.0,8,1.1648382675647735,-5.8122222958189065,-4.972094541125827
4181,do,0.05,0.0,70,0.9087728202342991,-8.950889704444192,-8.067020914289687
4182,pp,0.05,0.0,7,0.43763430833816575,-6.045244534810384,-5.2078181823094685
4183,do,0.05,0.0,22,1.3994184577465054,-5.3557667963432545,-4.9636315716637505
4184,pp,0.05,0.0,15,1.5293195235729211,-5.625779127352166,-5.04430566628774
4185,do,0.05,0.0,15,2.3628563737869266,-4.841638354099158,-4.432770058843825
4186,pp,0.05,0.0,25,1.413586230278014,-8.207906832839504,-7.354386962784661
4187,do,0.05,0.0,10,1.480289613008499,-4.723814944064978,-4.339720098177592
4188,pp,0.05,0.0,9,1.236802891492844,-5.423438174796827,-5.17866980764601
4189,do,0.05,0.0,70,0.9510903990268709,-7.902884353290904,-6.961361413531833
4190,pp,0.05,0.0,12,1.303328802585602,-5.90478715318622,-4.95881482495202
4191,do,0.05,0.0,10,1.6851464486122136,-4.5617148847290965,-4.879947336514791
4192,pp,0.05,0.0,19,3.151413836479187,-5.4800951740958475,-4.433836860126919
4193,do,0.05,0.0,8,0.9820109200477605,-5.363094082745639,-4.516287795702616
4194,pp,0.05,0.0,12,1.5012730336189275,-5.075271326122862,-4.304099716080559
4195,do,0.05,0.0,16,2.315425368547439,-5.6473006884257,-5.6263045946757
4196,pp,0.05,0.0,7,1.1003355908393857,-5.692047509280118,-4.980912465519375
4197,do,0.05,0.0,30,2.2807975399494165,-4.98526685888117,-4.85059544245402
4198,pp,0.05,0.0,23,1.9672640228271483,-5.712917538845178,-4.840360498428344
4199,do,0.05,0.0,68,1.8556995224952697,-7.76024008808714,-7.21930960284339
4200,pp,0.05,0.0,6,1.3035952866077425,-5.405407313144568,-4.582016377978855
4201,do,0.05,0.0,27,1.555143666267396,-6.164346667492029,-5.669099034203423
4202,pp,0.05,0.0,17,1.6754917764663695,-5.717851641683867,-4.819278783268398
4203,do,0.05,0.0,57,1.8359024286270138,-6.241148305661751,-5.891320951779684
4204,pp,0.05,0.0,11,1.3113572621345515,-6.048681539477724,-5.376312197579278
4205,do,0.05,0.0,25,1.4872312057018275,-6.1427082827596955,-5.532212779257033
4206,pp,0.05,0.0,26,1.5222383773326875,-6.661747214288423,-5.4181593073738945
4207,do,0.05,0.0,31,2.7084588527679436,-5.213557610367284,-5.415501795874702
4208,pp,0.05,0.0,5,0.983324172496796,-5.161340826207941,-4.268359086248609
4209,do,0.05,0.0,7,0.3997180402278895,-5.528296693166097,-5.505740504794651
4210,pp,0.05,0.0,11,1.6128452301025398,-4.636322340820775,-4.065922329160903
4211,do,0.05,0.0,18,0.6920217180252077,-6.282887398112904,-6.33669163386027
4212,pp,0.05,0.0,5,-0.41627517700195327,-5.404890743891398,-4.220454809400771
4213,do,0.05,0.0,15,-0.11285403847694386,-6.676390588644779,-6.4656975587209065
4214,pp,0.05,0.0,13,1.7101137650012976,-6.221824449481386,-5.294780513975355
4215,do,0.05,0.0,18,0.9134787678718563,-5.498659723455256,-5.573800076378716
4216,pp,0.05,0.0,13,0.5311162912845617,-5.41658881071842,-4.626480656199985
4217,do,0.05,0.0,6,-0.15361811161041228,-5.661126305840233,-5.842291604148017
4218,pp,0.05,0.0,5,0.06955353975296052,-4.719499142964681,-4.1375501950581866
4219,do,0.05,0.0,11,0.9837229657173152,-5.73789994355404,-4.979198161760966
4220,pp,0.05,0.0,18,0.36210653543472304,-9.668264494520246,-7.688850066396925
4221,do,0.05,0.0,16,1.4296812915802004,-6.224602387168191,-5.174815103742811
4222,pp,0.05,0.0,58,3.2419941461086275,-10.084710531523733,-8.321692246860929
4223,do,0.05,0.0,24,0.8292765378952023,-6.338432015794696,-6.161548031700982
4224,pp,0.05,0.0,17,0.57792877316475,-6.132420654007883,-5.1823498540454445
4225,do,0.05,0.0,12,0.8879724049568178,-5.638750651388458,-4.834547429614597
4226,pp,0.05,0.0,42,1.7173162519931795,-6.457958841323853,-5.2295104477140635
4227,do,0.05,0.0,13,1.5216708838939663,-5.911101656249075,-6.127660703659058
4228,pp,0.05,0.0,11,2.174635803699493,-4.8202499129555445,-4.173559308052063
4229,do,0.05,0.0,8,1.0862694954872127,-5.478401730277321,-5.028966834810045
4230,pp,0.05,0.0,19,2.3790396130084988,-6.313958449797197,-5.255656509929233
4231,do,0.05,0.0,14,1.5126386511325833,-6.083925987012458,-5.216166485680474
4232,pp,0.05,0.0,22,2.190016634464264,-6.088971078757083,-5.021411069234213
4233,do,0.05,0.0,27,0.07000135421752862,-6.980516913442901,-6.177293989393446
4234,pp,0.05,0.0,5,-0.22583704471588106,-5.3871403954245825,-4.4342327356338505
4235,do,0.05,0.0,13,0.9660102725028992,-5.352837894902085,-5.681976103782654
4236,pp,0.05,0.0,23,1.9769229912757886,-8.706178055387555,-7.0115833679835005
4237,do,0.05,0.0,20,1.8896028280258177,-5.752116294340654,-5.401469246546427
4238,pp,0.05,0.0,27,2.2306291675567627,-6.168139779928959,-5.6303189118703205
4239,do,0.05,0.0,7,0.30352616429328894,-4.976359128952026,-4.36782029999627
4240,pp,0.05,0.0,6,0.6844151830673217,-4.818597530596184,-4.026550218794081
4241,do,0.05,0.0,8,0.6754098892211919,-5.611498549490264,-5.255672483974033
4242,pp,0.05,0.0,19,3.481936991214752,-5.148584185224591,-4.704782128334045
4243,do,0.05,0.0,26,0.7573084318637848,-6.450518340775461,-5.743481545978122
4244,pp,0.05,0.0,26,2.98521720290184,-5.971532135298758,-4.990728791554769
4245,do,0.05,0.0,51,1.3508045268058781,-6.40342626282663,-5.709343144628737
4246,pp,0.05,0.0,16,2.0823750221729274,-5.063265105449792,-4.19096870024999
4247,do,0.05,0.0,12,-0.045270988941192414,-6.072281635168827,-5.264135297139486
4248,pp,0.05,0.0,9,2.229474667310715,-6.037688486503832,-5.380135218302409
4249,do,0.05,0.0,21,2.624426342248917,-4.968888564543291,-4.352773978975084
4250,pp,0.05,0.0,40,2.872363625764847,-7.141568584153147,-6.139606393708123
4251,do,0.05,0.0,55,0.5638918924331673,-6.86816916032271,-6.197476315498352
4252,pp,0.05,0.0,22,2.905359679460526,-6.086970378413345,-5.03543803691864
4253,do,0.05,0.0,26,1.840449488162995,-5.459089026306614,-4.8558929748005335
4254,pp,0.05,0.0,14,2.2869084501266483,-4.7912584492654515,-4.065200681156583
4255,do,0.05,0.0,10,0.1879066801071163,-5.513725117481116,-4.9947728951772055
4256,pp,0.05,0.0,19,3.054642748832703,-6.380007167295976,-5.954451902707418
4257,do,0.05,0.0,7,-0.19511122107505763,-6.923245836026741,-6.024834447436863
4258,pp,0.05,0.0,17,1.6302084243297577,-6.329551614414562,-5.488316684299045
4259,do,0.05,0.0,9,1.023708639144897,-6.528227547443274,-5.886136060290866
4260,pp,0.05,0.0,11,1.3660452711582183,-6.1892740451928345,-5.693007718192207
4261,do,0.05,0.0,70,0.6397965085506447,-6.492642836137251,-6.221902598275078
4262,pp,0.05,0.0,20,1.473609317541123,-5.257735057310625,-4.850325218836466
4263,do,0.05,0.0,14,1.8685153412818911,-5.145325649145878,-5.71965557999081
4264,pp,0.05,0.0,13,2.463083220720291,-5.421857101267034,-4.999543007214864
4265,do,0.05,0.0,23,1.7738902139663697,-6.302646177465266,-6.576655681927999
4266,pp,0.05,0.0,21,2.596941915750504,-5.527181294470123,-4.949154366387261
4267,do,0.05,0.0,13,1.0037566637992859,-5.0631196917909564,-4.769316916995578
4268,pp,0.05,0.0,18,2.154678249359131,-4.574411997650609,-4.0971614996592205
4269,do,0.05,0.0,14,2.0017305290699,-4.966052857312289,-4.9828562445110745
4270,pp,0.05,0.0,22,3.2385799682140357,-5.960734192530314,-5.121541115972731
4271,do,0.05,0.0,14,1.514172731637954,-5.2844087615157616,-4.442205736372206
4272,pp,0.05,0.0,20,2.176127841472626,-5.92090470718615,-4.845575340588888
4273,do,0.05,0.0,15,1.165764455795288,-5.888532619765311,-5.798703580432468
4274,pp,0.05,0.0,18,2.8222077322006225,-4.6220904234683875,-4.320056713951958
4275,do,0.05,0.0,10,-0.17434631109237664,-6.297136468598337,-5.793951447804769
4276,pp,0.05,0.0,8,0.9869144308567046,-5.297391956502741,-4.866823734177483
4277,do,0.05,0.0,23,1.178445831537247,-6.487233409014615,-5.922862911224366
4278,pp,0.05,0.0,41,1.7280246567726136,-6.772747867757624,-5.850071824921502
4279,do,0.05,0.0,1,-0.6168105661869054,-5.824040142695109,-4.915049854914347
4280,pp,0.05,0.0,10,1.0417872810363766,-6.666573536034786,-6.073439743783739
4281,do,0.05,0.0,70,1.72566990017891,-6.531941725990989,-6.4474093225267195
4282,pp,0.05,0.0,7,0.8557461273670199,-5.29020674011924,-5.137381074163649
4283,do,0.05,0.0,13,1.2771383261680604,-5.279419807954268,-4.702353220515781
4284,pp,0.05,0.0,50,2.5682298028469095,-7.92492591973507,-7.166756457752651
4285,do,0.05,0.0,34,1.1954983699321744,-5.826954084454161,-5.331906776958042
4286,pp,0.05,0.0,11,0.5180947077274327,-5.953693645650691,-5.05371421178182
4287,do,0.05,0.0,17,0.05904300212860125,-8.404900394786488,-7.1433877123726734
4288,pp,0.05,0.0,6,0.05538889408111558,-8.056052829280045,-6.420459567175971
4289,do,0.05,0.0,12,1.61931902050972,-5.161186599731446,-5.166946686638726
4290,pp,0.05,0.0,12,2.206117787361145,-5.470447946317268,-4.579826789432102
4291,do,0.05,0.0,38,1.5364928114414216,-5.339988692601522,-4.8915008836322365
4292,pp,0.05,0.0,17,1.3716609239578252,-5.518314943891583,-4.759991587532891
4293,do,0.05,0.0,36,1.5261375021934507,-6.648296064319033,-7.019007068210178
4294,pp,0.05,0.0,8,1.5648541855812077,-5.0272871624339714,-4.288591594166226
4295,do,0.05,0.0,19,1.029742667675018,-5.439350154183128,-4.9014540354410805
4296,pp,0.05,0.0,40,1.5422524797916415,-5.287244666706432,-5.376003209749857
4297,do,0.05,0.0,22,1.5447524631023404,-5.449948816588431,-5.077441308233473
4298,pp,0.05,0.0,21,2.009993863105773,-5.773596584435666,-4.921569373872545
4299,do,0.05,0.0,25,0.893178759813309,-5.8874652559107,-5.450349338849386
4300,pp,0.05,0.0,23,0.6973764312267301,-5.843713776270548,-5.071301831139459
4301,do,0.05,0.0,45,1.6721838033199319,-8.764915040045073,-9.96879111395942
4302,pp,0.05,0.0,18,2.0225268697738645,-6.457805906642567,-5.460394003656176
4303,do,0.05,0.0,49,1.632191643714905,-5.787030092875162,-5.230247871081034
4304,pp,0.05,0.0,18,1.8887503290176388,-4.776922981666796,-4.389248394966126
4305,do,0.05,0.0,43,2.7265041208267213,-5.804016361814557,-6.119428986973233
4306,pp,0.05,0.0,17,0.3442015027999874,-6.305314462835138,-5.3328955782784355
4307,do,0.05,0.0,61,2.4713556134700783,-5.756644142035282,-5.351900707350837
4308,pp,0.05,0.0,14,0.9776226866245272,-6.1894543387673115,-4.93446065849728
4309,do,0.05,0.0,11,1.5444634282588954,-4.4054336865743,-3.604353349738651
4310,pp,0.05,0.0,9,0.30650417923927353,-4.702848762454408,-3.8904203918245104
4311,do,0.05,0.0,70,0.8775392723083497,-7.330193788355047,-6.624563320477804
4312,pp,0.05,0.0,10,0.3028200483322143,-5.4716241879896685,-4.754329204559326
4313,do,0.05,0.0,24,2.436957119703292,-5.469969142567027,-4.881470121277703
4314,pp,0.05,0.0,10,1.4288071870803831,-4.720521046898582,-4.115158806906806
4315,do,0.05,0.0,70,2.4488726878166194,-6.512078266432791,-7.1987867991129555
4316,pp,0.05,0.0,70,1.01549937605858,-8.416204758846398,-7.207606728871664
4317,do,0.05,0.0,70,1.9197020697593699,-7.447800292390766,-6.7510798613230385
4318,pp,0.05,0.0,29,2.137820917367936,-6.800728189583981,-5.672924052344428
4319,do,0.05,0.0,11,1.8954727971553798,-8.009446951837251,-6.233088231086731
4320,pp,0.05,0.0,70,1.5538681435585016,-6.9960717042287195,-5.937737388081021
4321,do,0.05,0.0,14,2.987142256498336,-5.147571975534612,-4.831604311201308
4322,pp,0.05,0.0,35,3.1531464636325843,-4.7082487366416235,-4.24322035047743
4323,do,0.05,0.0,14,2.670455710887908,-6.650869428750241,-5.162369434038798
4324,pp,0.05,0.0,12,2.0616918206214905,-5.809461862390692,-4.300418368975321
4325,do,0.05,0.0,11,0.8980298435688017,-5.1392298553929185,-5.454123942057292
4326,pp,0.05,0.0,39,2.1337655067443846,-6.325557171214711,-5.584099165598551
4327,do,0.05,0.0,31,1.1393539750576025,-7.517356700608224,-6.005295011732313
4328,pp,0.05,0.0,9,1.7661414325237272,-5.223102375955293,-4.244320109155443
4329,do,0.05,0.0,26,2.881082201004028,-7.4443030342911225,-6.894187966982524
4330,pp,0.05,0.0,70,1.287656874656676,-9.259869594284982,-7.54298440085517
4331,do,0.05,0.0,31,3.0947619557380683,-6.219359653646296,-7.214493619071113
4332,pp,0.05,0.0,11,1.737546288967132,-4.719288873672485,-4.104326405790117
4333,do,0.05,0.0,27,2.524990783929826,-6.342076592011885,-5.727155656284756
4334,pp,0.05,0.0,14,2.502851048707962,-4.909132954568574,-4.293444555335575
4335,do,0.05,0.0,65,1.5546577811241136,-9.145544768824722,-7.809182325998942
4336,pp,0.05,0.0,22,0.3976573586463923,-6.507714320674087,-5.529462753401862
4337,do,0.05,0.0,70,2.176383249759674,-9.14987734592322,-7.735055383046468
4338,pp,0.05,0.0,60,2.1456667244434353,-6.92966259320577,-6.379540808995565
4339,do,0.05,0.0,22,3.189740473031998,-4.618367764444062,-4.208528734578026
4340,pp,0.05,0.0,20,1.4968081974983214,-4.409759537378947,-3.847559803062015
4341,do,0.05,0.0,23,0.7373185586929321,-5.973970105431297,-5.634659679730733
4342,pp,0.05,0.0,18,1.7938150024414057,-6.840770842812278,-5.69809090561337
4343,do,0.05,0.0,9,1.701141996383667,-4.805288956382058,-4.600013279914856
4344,pp,0.05,0.0,6,-0.5874798655509945,-5.5380415844194815,-4.386229479312897
4345,do,0.05,0.0,31,0.20778768062591535,-7.309274096922441,-7.977087465922038
4346,pp,0.05,0.0,14,1.4116416978836055,-5.1049060691486705,-4.670004473792182
4347,do,0.05,0.0,62,1.0739600133895877,-7.486158801570083,-6.981772287686666
4348,pp,0.05,0.0,17,1.7819783461093905,-4.643972656943581,-4.114390263292525
4349,do,0.05,0.0,15,2.2344838547706605,-5.536444648106893,-4.824430131912232
4350,pp,0.05,0.0,26,2.9885052514076227,-5.708885747736151,-4.717149255010817
4351,do,0.05,0.0,6,1.0322900772094732,-4.955360340349602,-4.499656801753574
4352,pp,0.05,0.0,6,0.5676997733116149,-5.3625339941544965,-4.345592991511027
4353,do,0.05,0.0,70,1.1269923925399787,-6.868636668812145,-7.4774683369530575
4354,pp,0.05,0.0,56,1.1859206128120423,-7.263564179160378,-5.634692645072937
4355,do,0.05,0.0,12,0.5566091585159301,-5.402182933055993,-5.036260220739576
4356,pp,0.05,0.0,11,1.0751562738418574,-5.099404391375455,-4.471521009339226
4357,do,0.05,0.0,37,1.409828338623047,-7.540675271641124,-7.879418582386441
4358,pp,0.05,0.0,55,2.003759782314299,-7.656589668447321,-6.901132316059536
4359,do,0.05,0.0,10,1.8425500416755671,-6.736979777885206,-5.666836926672194
4360,pp,0.05,0.0,12,2.1447121584415436,-4.256471674370043,-3.791941236125098
4361,do,0.05,0.0,3,-0.6258194780349733,-5.939255727421154,-5.104540390438504
4362,pp,0.05,0.0,9,0.01861581325530981,-5.459276501337687,-4.771942310863071
4363,do,0.05,0.0,4,-0.014774398803711009,-5.772194569038622,-5.219458105829027
4364,pp,0.05,0.0,16,0.9307700598239901,-5.793429454167684,-4.940633787049188
4365,do,0.05,0.0,9,-0.19513111352920554,-5.9304612896659155,-5.744929112328423
4366,pp,0.05,0.0,8,0.701683548688889,-5.782808199795809,-4.871456811163161
4367,do,0.05,0.0,4,-0.2156723606586457,-5.995936624931566,-5.2366736915376455
4368,pp,0.05,0.0,7,1.096562974452973,-5.009657374295322,-4.228775956895617
4369,do,0.05,0.0,6,0.005025813579559113,-5.570688811215487,-4.832752336396111
4370,pp,0.05,0.0,4,-0.3703932154178613,-6.085893551508586,-5.080219496621026
4371,do,0.05,0.0,18,2.5023836708068847,-6.282880369822184,-6.030094787809584
4372,pp,0.05,0.0,5,0.8463678145408631,-4.197309134223245,-3.6212044609917533
4373,do,0.05,0.0,18,1.4655610072612753,-7.186904680367672,-7.416133981280857
4374,pp,0.05,0.0,29,2.1512938356399536,-5.649427429835002,-4.988308109177483
4375,do,0.05,0.0,70,0.5034637141227716,-9.48270772298177,-8.344837866889106
4376,pp,0.05,0.0,30,0.9488805365562438,-8.711716582558372,-7.022492530610826
4377,do,0.05,0.0,12,2.1146242332458494,-5.676299426049897,-5.163079847229851
4378,pp,0.05,0.0,15,2.8891564178466798,-5.224585632844405,-4.21653967168596
4379,do,0.05,0.0,6,0.47888390898704536,-5.568832758701209,-4.939522112740411
4380,pp,0.05,0.0,7,0.44716656684875566,-4.833059508872755,-4.322639767328898
4381,do,0.05,0.0,4,-0.1731847929954533,-5.706312813903346,-4.9201688077714705
4382,pp,0.05,0.0,53,0.8293973064422602,-9.187622060197773,-8.26891647444831
4383,do,0.05,0.0,26,-0.09515388965606686,-6.440002676934907,-6.64498397509257
4384,pp,0.05,0.0,19,1.1103822898864744,-5.226060276320486,-4.436342541376749
4385,do,0.05,0.0,15,1.781336660385132,-5.86171980193167,-4.801929240756564
4386,pp,0.05,0.0,17,1.8387789976596833,-5.708783094810717,-4.534100903405084
4387,do,0.05,0.0,65,0.07941323995590199,-6.94933236729015,-8.263825549019707
4388,pp,0.05,0.0,30,1.4407360839843744,-6.838996677687674,-5.953610197703044
4389,do,0.05,0.0,18,1.8075065076351162,-6.626800368048928,-6.175071308347914
4390,pp,0.05,0.0,19,2.0066928720474255,-5.557853561459166,-4.998605963918898
4391,do,0.05,0.0,20,0.1718738734722134,-5.917889407186797,-5.168688779407077
4392,pp,0.05,0.0,70,0.8039541590213775,-7.456483884291216,-6.198184212048848
4393,do,0.05,0.0,33,1.2608021938800817,-6.264214816237941,-6.349166446261936
4394,pp,0.05,0.0,53,2.1812324261665346,-6.729576181642937,-5.672944487465752
4395,do,0.05,0.0,70,0.8046506583690647,-8.55232237035578,-8.980888059404162
4396,pp,0.05,0.0,14,1.2370731472969059,-5.003099232008963,-4.4257478475570675
4397,do,0.05,0.0,64,1.8460985314846035,-6.678728479327577,-5.905664748615688
4398,pp,0.05,0.0,19,3.279069039821625,-5.365345551750877,-4.571512013011509
4399,do,0.05,0.0,70,0.29211542963981607,-8.317792622248332,-6.948193142149184
4400,pp,0.05,0.0,34,1.5535947871208187,-8.527522436777751,-6.938600103060405
4401,do,0.05,0.0,57,2.3187700319290157,-6.476909097035726,-5.957857953177558
4402,pp,0.05,0.0,18,2.086990628242493,-6.1352364771293875,-5.483326538403829
4403,do,0.05,0.0,42,2.818928577899933,-6.005108599229293,-5.5696561177571615
4404,pp,0.05,0.0,33,2.729338598251343,-4.821158365769819,-4.35076236989763
4405,do,0.05,0.0,19,3.088362209796906,-4.243917228236343,-3.813863694667816
4406,pp,0.05,0.0,14,2.2288026738166806,-5.253044242569895,-4.546256992552015
4407,do,0.05,0.0,13,0.9242825293540955,-5.353065697352092,-5.018420865800645
4408,pp,0.05,0.0,6,0.39726095795631355,-4.4714506134842384,-3.622721616427104
4409,do,0.05,0.0,12,2.692977956533432,-5.645189902276703,-5.064372131559584
4410,pp,0.05,0.0,26,2.8300967717170717,-5.066469196839766,-4.366032078531053
4411,do,0.05,0.0,10,1.562543629407883,-4.383883773919308,-3.8184780279795327
4412,pp,0.05,0.0,9,0.7084705567359926,-5.215003406640255,-4.747609514660305
4413,do,0.05,0.0,15,2.2973440074920655,-5.134521378892841,-4.529730420642429
4414,pp,0.05,0.0,11,2.3241062808036803,-5.6678197383880615,-4.743957357936435
4415,do,0.05,0.0,70,2.125059822797775,-7.348726734970555,-7.577971190876431
4416,pp,0.05,0.0,19,2.8782487523555744,-5.467572259902954,-4.649946986304389
4417,do,0.05,0.0,20,2.64378438591957,-6.314611212412516,-5.386783485942416
4418,pp,0.05,0.0,10,1.4553354501724245,-5.820112748579546,-4.496577366193136
4419,do,0.05,0.0,33,3.8166962814331047,-5.3990988182299064,-4.699986918767293
4420,pp,0.05,0.0,20,2.6968936479091647,-4.54791931961522,-3.8280449469884235
4421,do,0.05,0.0,34,2.835907081365585,-5.272953167828646,-4.863150911860996
4422,pp,0.05,0.0,14,1.2148212981224065,-4.9540786887660175,-4.244860074255201
4423,do,0.05,0.0,21,3.396944147348404,-4.803748718897501,-5.068057454956902
4424,pp,0.05,0.0,33,3.66158947467804,-5.343205605131207,-4.6222269852956135
4425,do,0.05,0.0,20,2.7696509468555446,-5.154549413738828,-5.000383263164096
4426,pp,0.05,0.0,21,2.8441539263725275,-6.542152826713793,-5.813771163092719
4427,do,0.05,0.0,70,2.358582286834716,-5.9400662032040685,-5.428952156172858
4428,pp,0.05,0.0,13,1.9522175467014309,-5.027758810736916,-4.509711729155646
4429,do,0.05,0.0,18,2.385681332349777,-5.40494065284729,-4.747664255566067
4430,pp,0.05,0.0,7,1.347302093505859,-4.964610404679269,-4.16206272178226
4431,do,0.05,0.0,18,1.9115858054161068,-5.088243996013294,-4.372158512804243
4432,pp,0.05,0.0,20,1.877662842273712,-6.719851064682007,-6.197198028034634
4433,do,0.05,0.0,24,1.7512984478473657,-5.265430655623927,-5.182538121276432
4434,pp,0.05,0.0,23,2.925873264074326,-5.688020852117828,-4.490848465760549
4435,do,0.05,0.0,23,3.2606131708621975,-5.511000608675408,-5.338022340668572
4436,pp,0.05,0.0,29,2.817105429172516,-5.7512282790559714,-4.962097210354275
4437,do,0.05,0.0,44,1.7196087324619285,-6.944288750850793,-6.133424954944187
4438,pp,0.05,0.0,13,0.9199480247497558,-5.449325784047445,-4.735650539398193
4439,do,0.05,0.0,38,4.103690348863601,-6.429196151097615,-5.599234920077854
4440,pp,0.05,0.0,31,2.940868211984635,-6.302136100422253,-5.815666042433845
4441,do,0.05,0.0,26,1.2742366755008696,-5.1294747410398545,-4.7078434507052105
4442,pp,0.05,0.0,15,2.2547406220436095,-5.503863229173603,-5.267928139368693
4443,do,0.05,0.0,35,2.0276911616325375,-5.602065505403461,-4.991308424207899
4444,pp,0.05,0.0,15,1.9463231265544891,-4.757324353131381,-4.084949286778768
4445,do,0.05,0.0,28,3.102337546348571,-4.6242329294031315,-4.398411593172285
4446,pp,0.05,0.0,24,2.1500012826919557,-6.54612826867537,-5.72759272787306
4447,do,0.05,0.0,61,1.8716057956218712,-5.339322474508575,-5.571038687229157
4448,pp,0.05,0.0,38,3.1786059832572935,-5.013414489861691,-3.978482264942593
4449,do,0.05,0.0,9,2.1020626354217526,-4.318650669040102,-3.8472556047969393
4450,pp,0.05,0.0,5,1.317606636285782,-5.546819772142353,-4.5392388635211525
4451,do,0.05,0.0,22,3.7748023092746745,-5.366253334103209,-4.7968009816275705
4452,pp,0.05,0.0,44,3.0638433825969704,-4.8223320628657484,-4.1227921605110165
4453,do,0.05,0.0,64,1.153882154226304,-7.823853343905824,-6.846622880299886
4454,pp,0.05,0.0,20,2.0070905303955087,-6.366270692420728,-5.348199518521627
4455,do,0.05,0.0,11,1.1966159391403197,-5.119755074472138,-4.602776760525174
4456,pp,0.05,0.0,7,-0.005843567848205389,-5.209065422867283,-4.597266186608208
4457,do,0.05,0.0,13,0.9532871353626255,-7.001009386236017,-6.412657552295261
4458,pp,0.05,0.0,7,0.5939126920700071,-5.013308036688603,-4.401645114686754
4459,do,0.05,0.0,16,0.42540561795234666,-6.270727635874893,-5.6510011461046
4460,pp,0.05,0.0,14,1.5850893640518189,-6.17521004965811,-5.369034722116258
4461,do,0.05,0.0,20,2.705098346471786,-4.7168429331346,-4.723710056145986
4462,pp,0.05,0.0,15,1.820402536392212,-5.616888916131222,-4.7617120265960695
4463,do,0.05,0.0,66,2.3109712648391714,-7.004138856945616,-6.649703277481927
4464,pp,0.05,0.0,35,3.2211291563510898,-6.074942334493001,-4.685053067737155
4465,do,0.05,0.0,10,0.5151162087917323,-5.363917042992332,-4.948671714464823
4466,pp,0.05,0.0,5,0.26088980913162185,-7.373791866591483,-5.928147241804335
4467,do,0.05,0.0,24,3.6100797736644745,-4.933352970354485,-4.562227084901598
4468,pp,0.05,0.0,15,1.3714176428318021,-5.303199073040124,-4.823774274190267
4469,do,0.05,0.0,7,0.996418967247009,-5.776684957562071,-4.835766339302063
4470,pp,0.05,0.0,6,-0.021187866926193344,-6.802735561313051,-5.530432203080919
4471,do,0.05,0.0,23,3.36408077120781,-5.455153118480336,-5.46291979153951
4472,pp,0.05,0.0,13,2.094579561948777,-6.51541915806857,-5.750534998046027
4473,do,0.05,0.0,70,2.3719912719726555,-8.210570534792813,-7.068048350016276
4474,pp,0.05,0.0,11,1.0411413109302519,-6.7063324754888365,-6.359230470657349
4475,do,0.05,0.0,54,0.9549992358684545,-7.135890512755423,-6.507973374260796
4476,pp,0.05,0.0,8,0.8612235617637634,-5.315829801559448,-4.881865374247233
4477,do,0.05,0.0,13,2.3027545177936553,-4.5579718430837,-4.993542178471883
4478,pp,0.05,0.0,33,2.2647037875652307,-4.884893220843691,-4.248044890827603
4479,do,0.05,0.0,14,1.0734260582923891,-5.1776964086474795,-4.71464053524865
4480,pp,0.05,0.0,6,0.6561523485183711,-5.796284983374855,-5.104605600568983
4481,do,0.05,0.0,10,1.44527421593666,-5.631140529748166,-4.9984656863742405
4482,pp,0.05,0.0,39,3.3094121456146235,-4.771812161532315,-4.223957289589776
4483,do,0.05,0.0,17,0.7759629392623903,-5.7922768058198875,-5.074270322587755
4484,pp,0.05,0.0,41,1.8516318583488465,-5.974889354994803,-4.829249540964763
4485,do,0.05,0.0,6,0.7099305844306949,-5.434768428224506,-4.654941659503513
4486,pp,0.05,0.0,6,1.1405367600917815,-4.941909310311982,-3.943978993097941
4487,do,0.05,0.0,28,2.319429295063019,-7.125087391246449,-6.079227021005418
4488,pp,0.05,0.0,11,1.4506351709365841,-5.319778841192072,-4.265045433574253
4489,do,0.05,0.0,14,2.5110713875293724,-6.209346489472822,-5.543316615952386
4490,pp,0.05,0.0,18,1.6838746333122252,-5.362869642720078,-4.684564608997769
4491,do,0.05,0.0,13,0.6754054665565494,-6.9933750701673105,-6.190161511633131
4492,pp,0.05,0.0,23,2.23126966714859,-6.291395447470925,-5.296548422177633
4493,do,0.05,0.0,18,0.6610475480556488,-5.879602753032337,-5.1075573285420734
4494,pp,0.05,0.0,70,1.9916199886798855,-6.911981079795144,-6.263483532269796
4495,do,0.05,0.0,17,0.9048839318752284,-6.123953728242354,-5.243082488907708
4496,pp,0.05,0.0,3,0.22664275169372594,-4.912821739370172,-4.054077116648356
4497,do,0.05,0.0,47,0.6530592000484479,-7.645192652037649,-6.734668845600552
4498,pp,0.05,0.0,68,2.4462044680118558,-6.437604068987297,-5.9007964054743445
4499,do,0.05,0.0,11,2.2313881456851954,-5.78341208226753,-4.3726364877488875
4500,pp,0.05,0.0,13,2.674255936145782,-5.752330252618501,-4.652196507983738
4501,do,0.05,0.0,42,1.3687847304344185,-8.007799930283518,-7.5503910091188216
4502,pp,0.05,0.0,13,0.4904297864437108,-6.582049496968588,-5.618723426924811
4503,do,0.05,0.0,19,1.038820588588715,-6.587475130774758,-5.686860126919217
4504,pp,0.05,0.0,25,2.176164643764496,-5.4154201261924975,-4.465566971566942
4505,do,0.05,0.0,9,1.5294473659992214,-5.6364897843563195,-5.795980061425103
4506,pp,0.05,0.0,8,0.8469103121757504,-5.133206105954719,-4.400369429588318
4507,do,0.05,0.0,21,0.8409087407588958,-6.152347951946837,-5.871584375699361
4508,pp,0.05,0.0,25,0.41523519754409843,-6.65648326440291,-5.6724120961295235
4509,do,0.05,0.0,45,2.169800707101822,-4.865827054688425,-4.618747353553772
4510,pp,0.05,0.0,20,1.9406473529338832,-5.943915685017903,-4.768005686336093
4511,do,0.05,0.0,15,1.4450932419300084,-5.278230308763908,-4.984295964241028
4512,pp,0.05,0.0,42,2.5123079741001124,-7.297430873639656,-5.949618268013
4513,do,0.05,0.0,23,2.2510020649433127,-6.099001527555061,-5.443597443898519
4514,pp,0.05,0.0,8,1.2688427186012268,-4.735025012854374,-4.110822338528103
4515,do,0.05,0.0,18,2.710292412042617,-6.070574932387381,-6.073285791609022
4516,pp,0.05,0.0,7,0.42581494450569224,-4.792895022305575,-4.261891139878167
4517,do,0.05,0.0,14,2.4663207590579983,-5.306349809242017,-5.272207811143663
4518,pp,0.05,0.0,9,1.7855539441108705,-5.528111142823191,-4.539540314674378
4519,do,0.05,0.0,20,1.0842431056499482,-5.701801130988381,-5.801521714528402
4520,pp,0.05,0.0,70,1.1755366909503948,-9.09921122897755,-7.439126218689813
4521,do,0.05,0.0,21,1.2637346482276914,-5.369738362052224,-5.995513510704041
4522,pp,0.05,0.0,11,0.9463751995563507,-4.816392665920835,-4.080844889746772
4523,do,0.05,0.0,63,0.7042142081260678,-7.562347081213287,-6.938055263625251
4524,pp,0.05,0.0,24,1.060761992931365,-7.6051123503482705,-6.294624111387464
4525,do,0.05,0.0,18,0.7630428779125209,-6.132651474981597,-5.225735155741374
4526,pp,0.05,0.0,15,0.19075707674026532,-5.749055085037694,-4.748545628123813
4527,do,0.05,0.0,70,2.254014526605606,-6.3231731703787135,-5.672545478079054
4528,pp,0.05,0.0,12,1.3265608751773827,-5.103126080830892,-4.021687445375655
4529,do,0.05,0.0,16,2.534785307645797,-6.0132299871155706,-5.710326173570421
4530,pp,0.05,0.0,6,0.6232551634311676,-4.786732099995469,-4.001577672693465
4531,do,0.05,0.0,12,0.8203999161720272,-4.962283777468132,-4.421198876698812
4532,pp,0.05,0.0,10,1.0219444632530212,-5.407965212157278,-4.392727798885769
4533,do,0.05,0.0,62,1.6353833508491515,-6.906077419627796,-6.465090825822618
4534,pp,0.05,0.0,26,2.3210656368732447,-6.267883589773467,-5.299608731269837
4535,do,0.05,0.0,33,0.891096210479736,-8.641264547001231,-7.758646186192831
4536,pp,0.05,0.0,10,0.7294970095157627,-6.454836988449097,-5.457694133122762
4537,do,0.05,0.0,16,3.3850959682464605,-6.13467091069077,-5.313388848304749
4538,pp,0.05,0.0,7,0.7947828400135046,-5.298762593124852,-4.32388617462582
4539,do,0.05,0.0,12,0.8562849092483527,-6.912731192328713,-5.589526438713074
4540,pp,0.05,0.0,10,-0.4330351316928862,-6.937633804841475,-5.575230283207364
4541,do,0.05,0.0,39,1.2722729063034057,-6.836798529191451,-5.440035563045078
4542,pp,0.05,0.0,16,1.2908121490478521,-6.292392970576431,-5.013742227024502
4543,do,0.05,0.0,29,2.918127448558808,-5.680801333803119,-5.549643972184923
4544,pp,0.05,0.0,7,0.8071253883838656,-4.41274233008876,-3.7416444341341655
4545,do,0.05,0.0,8,0.4885273063182831,-5.96311419804891,-5.4597743484709
4546,pp,0.05,0.0,22,1.3863303053379061,-5.6819868766900266,-4.756002153290643
4547,do,0.05,0.0,53,0.431166118383409,-7.328124101234205,-8.09498545858595
4548,pp,0.05,0.0,8,0.5124611866474158,-5.114660917628895,-4.430426512824164
4549,do,0.05,0.0,23,1.5636655068397527,-5.826000846516003,-5.067497838868035
4550,pp,0.05,0.0,39,0.40395548462867836,-7.511001667831883,-6.2560595406426325
4551,do,0.05,0.0,36,2.321614291667937,-7.0619555993513625,-6.159695490201314
4552,pp,0.05,0.0,15,1.1729243469238275,-6.386836914582686,-5.491235838996039
4553,do,0.05,0.0,47,2.61541478395462,-6.402867536833792,-5.552705947558085
4554,pp,0.05,0.0,16,1.8938538610935218,-4.4974894523620605,-3.905911478731367
4555,do,0.05,0.0,15,3.044961173534393,-5.873664701346195,-5.142704476250542
4556,pp,0.05,0.0,17,2.017605423927308,-6.321758248589256,-5.359003723992242
4557,do,0.05,0.0,7,0.10465676307678162,-6.226133813280048,-5.012223479482863
4558,pp,0.05,0.0,70,1.8073994970321658,-7.234734517877752,-5.81751352681054
4559,do,0.05,0.0,15,2.1284944081306465,-4.620013764410308,-5.082576126522488
4560,pp,0.05,0.0,30,1.8535382151603699,-5.290555890401205,-4.406527347034878
4561,do,0.05,0.0,67,0.9966294193267817,-8.896693193551267,-8.810084380043877
4562,pp,0.05,0.0,46,0.9913785445690149,-9.05583113901543,-7.903210724724664
4563,do,0.05,0.0,20,0.05027941346168596,-6.464419555664063,-5.887735001246134
4564,pp,0.05,0.0,9,0.7670013177394868,-4.846116867932406,-4.1668616268369885
4565,do,0.05,0.0,8,0.717642512321472,-6.825562071077751,-5.7700635618633696
4566,pp,0.05,0.0,30,2.3739556133747106,-5.252965311570601,-4.723234139548408
4567,do,0.05,0.0,25,2.042095686197281,-5.940794538729119,-4.990205913119846
4568,pp,0.05,0.0,15,0.9062012791633611,-4.983688209996079,-4.231269958284166
4569,do,0.05,0.0,21,2.217006517648697,-5.2312365185130725,-4.997139920128716
4570,pp,0.05,0.0,7,0.6331557619571688,-5.779607160163648,-4.892645369635688
4571,do,0.05,0.0,59,1.9686288797855385,-6.256239548596469,-5.772018104129367
4572,pp,0.05,0.0,34,3.2806790912151342,-5.145337244958588,-4.565272715356615
4573,do,0.05,0.0,14,0.8039247536659246,-4.675631036180438,-4.24364939265781
4574,pp,0.05,0.0,41,2.3873835003376005,-9.003995353525335,-6.808432539304097
4575,do,0.05,0.0,20,0.4273575007915493,-6.457923036633116,-5.8782381296157835
4576,pp,0.05,0.0,63,0.7186781084537497,-7.481360971566403,-6.636552137798733
4577,do,0.05,0.0,70,3.7126032841205596,-6.252534583120635,-5.626987825499641
4578,pp,0.05,0.0,70,2.3891173899173737,-7.394081781849716,-6.109011962678697
4579,do,0.05,0.0,12,1.4422495210170752,-5.724139123974425,-5.0061441606945465
4580,pp,0.05,0.0,18,2.3431272506713867,-5.125111009135391,-4.382059460216098
4581,do,0.05,0.0,70,0.36085781097412095,-9.174557282707909,-7.616788691944546
4582,pp,0.05,0.0,32,2.0468186271190643,-6.225789142377449,-5.477457525995042
4583,do,0.05,0.0,35,0.5100837552547448,-6.349931637446086,-5.84781707127889
4584,pp,0.05,0.0,31,1.3472050368785862,-6.131084994113807,-5.349746743837993
4585,do,0.05,0.0,12,0.638112382888794,-5.195010845588915,-4.768898049990336
4586,pp,0.05,0.0,39,1.9131386423110959,-6.28933391715541,-5.5797277371088665
4587,do,0.05,0.0,23,2.5617310070991515,-5.011746853048151,-4.533167481422424
4588,pp,0.05,0.0,20,3.0274644398689263,-5.400301154454549,-4.5194998317294655
4589,do,0.05,0.0,22,4.183955415487289,-5.317166532169689,-4.939458380805122
4590,pp,0.05,0.0,70,3.4309091663360602,-6.500223630847353,-5.901395678520203
4591,do,0.05,0.0,15,1.633061248064041,-4.405745808283488,-3.921878061029646
4592,pp,0.05,0.0,14,2.2081319463253015,-5.245358811002789,-4.695538112852309
4593,do,0.05,0.0,4,0.20999488472938577,-4.864222730289806,-4.567154788970948
4594,pp,0.05,0.0,10,1.6707861566543576,-5.4047579982063985,-5.381135604116651
4595,do,0.05,0.0,29,1.3074131977558139,-5.864989822561091,-5.127032809787327
4596,pp,0.05,0.0,11,1.1779945063591004,-6.025961383183797,-5.334707064098782
4597,do,0.05,0.0,10,1.168276396989822,-4.795015392881451,-4.232487800386217
4598,pp,0.05,0.0,14,1.3567289209365843,-6.1944247448083125,-5.2892717467414005
4599,do,0.05,0.0,20,2.0725167930126185,-5.057859852819732,-4.850813415315416
4600,pp,0.05,0.0,23,2.572657854557037,-5.695734411297423,-5.396093686421712
4601,do,0.05,0.0,70,1.6486718082427974,-6.643392772385568,-5.974450508753459
4602,pp,0.05,0.0,70,1.755147716999054,-6.422086250420772,-5.808306045002407
4603,do,0.05,0.0,4,0.7890796589851377,-4.7903941009983875,-4.036232060856289
4604,pp,0.05,0.0,28,0.9149990010261533,-7.009140578183261,-5.639060703913371
4605,do,0.05,0.0,36,1.382721772193909,-7.198429674090761,-6.430012493663364
4606,pp,0.05,0.0,9,1.9964619433879847,-5.830409779693142,-5.065897583961487
4607,do,0.05,0.0,45,2.3099616920948023,-5.829834745869492,-5.218165432082282
4608,pp,0.05,0.0,32,2.387533761262894,-6.539568119338065,-5.425335608588325
4609,do,0.05,0.0,25,1.896725476980209,-5.096165563120986,-4.938385083940294
4610,pp,0.05,0.0,13,2.224520297050476,-5.6429555517254455,-4.845719655354817
4611,do,0.05,0.0,17,2.023874661922455,-4.679160830468843,-4.411861997180515
4612,pp,0.05,0.0,22,2.35561646938324,-5.9965038834196145,-5.3399933444129095
4613,do,0.05,0.0,16,1.997098854780197,-6.841576545888727,-5.657658378283183
4614,pp,0.05,0.0,18,1.8447846341133118,-5.16271856770371,-4.54848448700375
4615,do,0.05,0.0,61,0.8946875047683722,-7.567326626633153,-6.673992554346721
4616,pp,0.05,0.0,29,2.5611855387687683,-5.524679926669958,-4.964805150032044
4617,do,0.05,0.0,15,1.9501853823661808,-4.335862415487116,-3.9278414169947307
4618,pp,0.05,0.0,21,2.580687112808228,-5.035786128766609,-4.5250551594628226
4619,do,0.05,0.0,23,2.6693196046352385,-5.176941066799742,-5.481040734714932
4620,pp,0.05,0.0,10,1.934624679088592,-5.324366391788829,-4.865591110123528
4621,do,0.05,0.0,59,0.2440684413909917,-6.631113191084428,-6.2461143043306135
4622,pp,0.05,0.0,10,2.429749269485473,-5.648819063649033,-5.3005317687988285
4623,do,0.05,0.0,20,0.9139557778835297,-5.6537592642235035,-5.717410678333707
4624,pp,0.05,0.0,8,1.379365969896317,-5.065448149767789,-4.670605858167012
4625,do,0.05,0.0,52,0.3694551718235015,-7.136999819495461,-6.353628818194071
4626,pp,0.05,0.0,36,1.33768023610115,-8.738162604245273,-7.256067887941996
4627,do,0.05,0.0,29,2.1254698193073267,-7.976293215607152,-7.500897388988071
4628,pp,0.05,0.0,17,2.626011960506439,-6.522657187779744,-5.481759383943346
4629,do,0.05,0.0,29,2.537098153829575,-7.976044536359383,-6.700380396842957
4630,pp,0.05,0.0,17,1.7527642273902897,-5.575221867994829,-5.434966807895236
4631,do,0.05,0.0,12,0.0662264239788053,-5.521091479966135,-4.926104646258884
4632,pp,0.05,0.0,26,0.19593449473381064,-9.199931199622876,-7.308489786254035
4633,do,0.05,0.0,9,1.2202736485004433,-5.479907243902033,-4.942962201436361
4634,pp,0.05,0.0,6,0.7464789009094241,-5.937935002644857,-4.861019452412923
4635,do,0.05,0.0,11,0.8807888734340663,-5.026487707369255,-4.65597763856252
4636,pp,0.05,0.0,8,1.2716491687297822,-5.99299444285306,-4.629232056935629
4637,do,0.05,0.0,10,0.29199279665946953,-5.79551100730896,-5.3540857685936825
4638,pp,0.05,0.0,57,1.2288063907623288,-6.555120329423384,-5.890237225426568
4639,do,0.05,0.0,7,0.16569639205932596,-6.07455599380262,-5.3412914302614
4640,pp,0.05,0.0,6,-0.08203225612640352,-7.446093367085313,-6.422863451639811
4641,do,0.05,0.0,9,1.0434420359134666,-5.649999923417062,-4.617582281430562
4642,pp,0.05,0.0,9,1.1862287032604222,-5.095698933167891,-4.236013868119982
4643,do,0.05,0.0,10,1.6890237081050872,-5.888650821916984,-4.823080250951979
4644,pp,0.05,0.0,14,1.5301535856723776,-6.74104296799862,-5.455274920993381
4645,do,0.05,0.0,70,1.0977962446212768,-7.109089809475523,-6.816135925716824
4646,pp,0.05,0.0,11,1.2428435218334197,-5.179095814444802,-4.454947736528185
4647,do,0.05,0.0,23,1.104852752685546,-6.816645269682913,-6.197994515630934
4648,pp,0.05,0.0,8,1.3168078029155739,-5.031405651208126,-4.523773550987244
4649,do,0.05,0.0,36,2.6617319512367255,-4.660977295673255,-4.869262981414795
4650,pp,0.05,0.0,7,0.8321528470516206,-4.674467881520589,-3.916313189930386
4651,do,0.05,0.0,24,2.4441590875387194,-4.692057118271336,-3.9267099314265783
4652,pp,0.05,0.0,8,0.9394743895530695,-4.610110837763006,-3.9872317764494154
4653,do,0.05,0.0,21,1.7472030413150792,-6.449546431050156,-5.6168741438123915
4654,pp,0.05,0.0,14,1.2286071503162397,-6.490795508298007,-5.6364243189493815
4655,do,0.05,0.0,12,0.8729487407207497,-5.549759619163744,-4.6572873711586
4656,pp,0.05,0.0,25,1.814160394668578,-8.118277487610326,-6.976840617921617
4657,do,0.05,0.0,22,2.332210100889206,-5.360814574270537,-4.8917919211917456
4658,pp,0.05,0.0,28,2.4360717916488657,-6.011743945786447,-5.305970639652676
4659,do,0.05,0.0,18,2.026995682716371,-7.513892912142205,-7.860890017615424
4660,pp,0.05,0.0,18,1.329874042272568,-6.524014819752086,-5.8163208378685844
4661,do,0.05,0.0,11,1.3976368045806886,-5.059273455359719,-4.7449988020790945
4662,pp,0.05,0.0,16,1.1366416740417487,-5.488430358424331,-4.566362418068779
4663,do,0.05,0.0,18,0.6679786562919618,-5.542514910842433,-5.085364174842835
4664,pp,0.05,0.0,18,1.1967458438873289,-5.644144737359249,-4.768722123569912
4665,do,0.05,0.0,70,1.6028541207313545,-8.622016926967737,-7.505591307746039
4666,pp,0.05,0.0,10,1.383387761116028,-5.433892332423817,-4.254439229435391
4667,do,0.05,0.0,15,0.712876062393188,-5.44914353833054,-6.000090119573805
4668,pp,0.05,0.0,44,2.220124683380127,-5.13624461925391,-4.650228190422058
4669,do,0.05,0.0,20,2.4134871852397923,-5.5940134207407635,-5.866848609182569
4670,pp,0.05,0.0,11,0.6506303179264066,-4.95440259846774,-4.320193253623115
4671,do,0.05,0.0,34,0.39709336876869195,-7.299435313542684,-7.246755684746637
4672,pp,0.05,0.0,8,-0.10233473181724584,-6.48133114901456,-5.646556705898709
4673,do,0.05,0.0,12,1.7068438494205473,-5.061547243233883,-4.673986787266202
4674,pp,0.05,0.0,21,1.4766620695590973,-4.815583100463405,-4.2324234763781226
4675,do,0.05,0.0,50,1.3689966571331027,-7.666354646104755,-7.862067935201857
4676,pp,0.05,0.0,52,3.5568209779262547,-6.289511075164333,-5.74674752553304
4677,do,0.05,0.0,21,2.324330834150315,-5.132838633566192,-5.171691979302301
4678,pp,0.05,0.0,17,3.003306666612626,-5.022598872040257,-4.320361089706421
4679,do,0.05,0.0,18,1.2688052463531498,-5.239059247392596,-5.1398766093783905
4680,pp,0.05,0.0,21,2.484468884468079,-5.061663205695875,-4.191354779402415
4681,do,0.05,0.0,20,2.4836090826988224,-4.971336733211171,-5.554726092020671
4682,pp,0.05,0.0,41,3.800597078800201,-6.769686953226725,-5.486762939559089
4683,do,0.05,0.0,13,1.1455594336986543,-5.821868740428577,-5.819744904836019
4684,pp,0.05,0.0,16,1.5520870280265813,-5.355715118754993,-4.429735336038801
4685,do,0.05,0.0,28,3.4692880594730386,-6.626972796700217,-6.317505759663052
4686,pp,0.05,0.0,44,3.0570152521133416,-6.7005795507720025,-4.506277410189311
4687,do,0.05,0.0,70,3.3317934274673453,-7.70684104832736,-7.267678843604194
4688,pp,0.05,0.0,42,2.9269296002387994,-7.253229425892686,-6.3775465250015255
4689,do,0.05,0.0,20,2.368389071226119,-5.413909562428793,-5.166648062070211
4690,pp,0.05,0.0,20,1.78844048500061,-5.258502318642356,-4.470640489790175
4691,do,0.05,0.0,6,0.8044131112098691,-6.1314650217692055,-5.1065924697452125
4692,pp,0.05,0.0,9,0.3182454144954683,-8.462261332887591,-6.592271524005466
4693,do,0.05,0.0,45,4.5093342602252955,-5.727874560789629,-5.9798676702711315
4694,pp,0.05,0.0,17,1.916640601158142,-4.9828914093248775,-4.2300090312957765
4695,do,0.05,0.0,48,1.9365129852294922,-6.186132010546598,-8.03821693526374
4696,pp,0.05,0.0,7,1.2524619376659398,-5.397055468414769,-4.32171340253618
4697,do,0.05,0.0,29,3.0581558096408843,-5.010607494007457,-4.978934537039863
4698,pp,0.05,0.0,19,0.6793323624134064,-7.555522336381855,-6.198721403545804
4699,do,0.05,0.0,15,1.7829351031780245,-4.973600669340654,-4.802856575118171
4700,pp,0.05,0.0,28,1.793170603513718,-5.725767502640233,-4.369435714350806
4701,do,0.05,0.0,22,2.3503840041160577,-5.209625615495624,-5.2084888961580065
4702,pp,0.05,0.0,10,0.5602806091308592,-5.214034493764242,-4.33402913014094
4703,do,0.05,0.0,13,1.4548427033424378,-5.916778122295033,-5.1007085826661855
4704,pp,0.05,0.0,14,1.6335813105106354,-4.2902258280551795,-3.692847698264652
4705,do,0.05,0.0,23,2.0363637280464175,-5.549472558859623,-6.007516400019328
4706,pp,0.05,0.0,11,1.162709587812424,-4.776218925822865,-4.041360113355848
4707,do,0.05,0.0,18,1.6597917819023138,-4.980708668448708,-5.219500637054443
4708,pp,0.05,0.0,26,2.4199603462219246,-5.660095379569314,-4.7998343785603845
4709,do,0.05,0.0,23,2.3263206577301023,-5.511682183814771,-5.409150751431783
4710,pp,0.05,0.0,25,2.2698552477359772,-4.705064149336382,-4.177783966064453
4711,do,0.05,0.0,18,1.9021513235569003,-6.99488377571106,-5.827559267150031
4712,pp,0.05,0.0,32,3.0149536824226377,-6.964549308834654,-5.429870067702399
4713,do,0.05,0.0,18,1.734212896823883,-5.972727850711707,-5.500227875179714
4714,pp,0.05,0.0,15,1.661570371389388,-6.131217323650013,-5.056206157472398
4715,do,0.05,0.0,19,1.2188524794578548,-5.356475860422308,-5.150370518366496
4716,pp,0.05,0.0,24,2.512260932922363,-4.476334674430616,-4.131403039561378
4717,do,0.05,0.0,30,3.533370617628097,-6.233609566544041,-5.621699047088623
4718,pp,0.05,0.0,13,1.8513114094734195,-6.918994470076128,-5.312481220563253
4719,do,0.05,0.0,14,1.8818897724151613,-5.099374317400383,-5.372109860844082
4720,pp,0.05,0.0,24,2.0654647111892697,-4.414013999881166,-3.76363476117452
4721,do,0.05,0.0,70,2.4533780431747445,-7.412437389836167,-7.745719475216336
4722,pp,0.05,0.0,19,2.211510739326477,-4.6970884149724785,-4.369202372762892
4723,do,0.05,0.0,26,3.3752181982994083,-6.777169013745857,-7.15327500767178
4724,pp,0.05,0.0,27,3.770243400335313,-5.8313997615467414,-5.010544840494791
4725,do,0.05,0.0,19,1.636367080211639,-5.926865583477598,-6.7326140721639
4726,pp,0.05,0.0,7,1.6274824440479279,-5.4180056124022515,-4.338698964648777
4727,do,0.05,0.0,21,1.97424332857132,-5.596412246877497,-5.219042184617784
4728,pp,0.05,0.0,22,1.2113977539539338,-6.881864920529452,-5.99852695994907
4729,do,0.05,0.0,16,1.7357475554943091,-6.503998111956047,-6.053308251168993
4730,pp,0.05,0.0,25,2.580275504589081,-6.931293598810831,-5.300039029121399
4731,do,0.05,0.0,10,0.4067324829101562,-6.23078524127151,-5.827676328023275
4732,pp,0.05,0.0,17,-0.09980890393257091,-8.398764113223914,-6.590138212839762
4733,do,0.05,0.0,6,1.096621055603027,-5.9228683095989805,-4.908399144808452
4734,pp,0.05,0.0,17,2.6414379608631133,-4.859898493506692,-4.341515959633721
4735,do,0.05,0.0,46,2.041849474906921,-7.095935249328614,-8.120456239912246
4736,pp,0.05,0.0,34,3.3140156590938563,-5.827367594747832,-4.8453815089331735
4737,do,0.05,0.0,5,1.3725959146022797,-5.002410898786603,-4.035661125183106
4738,pp,0.05,0.0,14,2.7416986501216876,-5.512921327533144,-4.482877442571852
4739,do,0.05,0.0,25,2.994595481157302,-6.562950001340924,-7.134788076082866
4740,pp,0.05,0.0,10,2.352570726871491,-4.792193802920255,-4.238044916258918
4741,do,0.05,0.0,33,1.135322676897049,-6.306520909974069,-5.53187194135454
4742,pp,0.05,0.0,40,3.606635267734527,-5.111279668229999,-4.315229752328661
4743,do,0.05,0.0,13,1.7574829173088071,-4.956936833352754,-4.657055409749349
4744,pp,0.05,0.0,15,1.5689230096340179,-5.312400736953273,-4.730429005622864
4745,do,0.05,0.0,19,1.7142434608936314,-4.440396399931474,-3.9167249586847093
4746,pp,0.05,0.0,11,1.775946991443634,-4.4550445426594125,-3.7361041254467433
4747,do,0.05,0.0,32,2.570160473585129,-4.9859698064399485,-4.378707741366492
4748,pp,0.05,0.0,23,2.544566996097565,-5.799439256841486,-5.0888385163413155
4749,do,0.05,0.0,17,0.7615674650669098,-5.682366056153269,-5.200983532269796
4750,pp,0.05,0.0,9,0.8571482598781586,-4.858418398192435,-4.2937916411293875
4751,do,0.05,0.0,20,1.5446102964878081,-4.854665514917085,-4.07496794462204
4752,pp,0.05,0.0,6,0.7074020338058471,-4.53047004035025,-3.623771150906881
4753,do,0.05,0.0,17,1.3459996211528775,-5.749277049844915,-6.4085607025358415
4754,pp,0.05,0.0,7,2.038579471111298,-5.514568616404678,-4.496626125441657
4755,do,0.05,0.0,17,1.9978195452690128,-6.0490861849351365,-4.878262946340773
4756,pp,0.05,0.0,13,2.012595032453537,-4.937836401390307,-4.244005642996894
4757,do,0.05,0.0,47,1.958180695772171,-5.179371332399773,-4.411066212919024
4758,pp,0.05,0.0,20,2.364548162221908,-4.9807444673596,-4.08057237068812
4759,do,0.05,0.0,29,2.6649606883525845,-4.567564971519239,-4.190246817800734
4760,pp,0.05,0.0,43,2.5714522457122806,-5.037995342774825,-4.549206021096971
4761,do,0.05,0.0,16,0.9156247484683995,-6.962293385014389,-6.083900141716003
4762,pp,0.05,0.0,14,0.8587845647335053,-5.472583291024873,-4.776422429084778
4763,do,0.05,0.0,18,1.6635109984874727,-4.367239561947909,-3.8445431060261197
4764,pp,0.05,0.0,48,3.3995306134223933,-6.270589198488178,-5.547147541575962
4765,do,0.05,0.0,28,1.0803273391723636,-5.083132174520782,-4.66104437775082
4766,pp,0.05,0.0,30,3.0565915060043336,-5.040030678835782,-4.08544983069102
4767,do,0.05,0.0,18,2.700276259183883,-5.11726972695553,-4.816344454553392
4768,pp,0.05,0.0,11,1.1864677762985236,-5.159649626413981,-4.35931446287367
4769,do,0.05,0.0,33,3.4325801384448997,-5.776399040222168,-4.9559269852108425
4770,pp,0.05,0.0,13,2.532500913143158,-5.62179988080805,-4.659933013386197
4771,do,0.05,0.0,29,1.5632468092441565,-6.2889471776557695,-5.209948465559218
4772,pp,0.05,0.0,35,2.7642920219898217,-6.017096386533795,-5.278431187735664
4773,do,0.05,0.0,9,0.2556752908229827,-6.429042027213357,-5.86662421491411
4774,pp,0.05,0.0,9,0.8985156023502352,-6.001229930646492,-5.479654449886746
4775,do,0.05,0.0,13,1.6644702267646796,-4.6972809025735565,-3.9124776826964482
4776,pp,0.05,0.0,10,1.6833700263500218,-5.160354608477968,-4.620949914720323
4777,do,0.05,0.0,11,1.6822909665107728,-5.079765594366825,-4.817700097295973
4778,pp,0.05,0.0,10,1.7769533193111418,-5.350002194895889,-4.98953664832645
4779,do,0.05,0.0,21,3.1735215842723843,-4.990100726214322,-5.09566854900784
4780,pp,0.05,0.0,50,1.8634878861904154,-6.631594480167736,-5.63838968012068
4781,do,0.05,0.0,17,1.4527720630168917,-4.821362496867325,-4.234270007080502
4782,pp,0.05,0.0,15,0.9229565072059636,-6.407310445380934,-5.3455043607287935
4783,do,0.05,0.0,16,1.8297119081020359,-5.680461088816325,-5.099922654363844
4784,pp,0.05,0.0,19,1.9688568055629725,-4.852629043116714,-4.267411886321174
4785,do,0.05,0.0,14,1.6843141281604774,-5.196171153675426,-4.345320290989346
4786,pp,0.05,0.0,34,1.8089512968063355,-5.796781704642556,-4.672617779837714
4787,do,0.05,0.0,8,1.334262015819549,-4.851235002459902,-4.199477137459649
4788,pp,0.05,0.0,8,0.4037023055553437,-5.319627230095141,-4.643187432818943
4789,do,0.05,0.0,21,1.29507917881012,-5.773670845320731,-5.069239438904656
4790,pp,0.05,0.0,33,2.447875545024872,-4.884770059585572,-4.265172848436568
4791,do,0.05,0.0,11,2.3053521788120275,-4.726065732493545,-3.861264071199629
4792,pp,0.05,0.0,16,2.6958165800571443,-5.786065302473126,-4.837877085473802
4793,do,0.05,0.0,17,2.034215919971466,-5.976348846608942,-6.372832173771329
4794,pp,0.05,0.0,25,3.165787652730942,-4.493042980540882,-4.10843989584181
4795,do,0.05,0.0,21,1.7220874810218811,-6.821596595012781,-5.6906616263919405
4796,pp,0.05,0.0,14,1.0868857920169832,-5.923160668575402,-5.207941296365526
4797,do,0.05,0.0,43,1.7331250452995306,-6.906045270688606,-6.210774199167887
4798,pp,0.05,0.0,9,1.3604638147354127,-5.31633158308087,-4.484770605299208
4799,do,0.05,0.0,57,2.354930486679077,-5.639630926016605,-5.062416579988268
4800,pp,0.05,0.0,22,2.826920077800752,-5.103748535387444,-4.482192150751749
4801,do,0.05,0.0,31,2.4265225589275357,-4.635720904668172,-4.201990964677599
4802,pp,0.05,0.0,16,1.981695015430451,-4.749606066039115,-4.239103608661228
4803,do,0.05,0.0,32,2.4198116004467014,-5.086715206955418,-6.885903135935465
4804,pp,0.05,0.0,7,0.5083292484283453,-5.811411915403424,-4.936858052677579
4805,do,0.05,0.0,36,2.2953202235698704,-6.771723478490656,-6.453243152300517
4806,pp,0.05,0.0,47,2.3080844211578375,-7.491073539040306,-8.139323994848464
4807,do,0.05,0.0,16,1.7961749470233919,-5.883868578708533,-5.021658595403036
4808,pp,0.05,0.0,22,2.481586937904358,-6.370667107899984,-5.160397277937995
4809,do,0.05,0.0,70,1.433797361850738,-9.484793267105564,-8.470961777369181
4810,pp,0.05,0.0,16,2.18657763004303,-4.991136358723496,-4.327002014054193
4811,do,0.05,0.0,59,2.3281510210037233,-7.601742049419519,-7.38333744208018
4812,pp,0.05,0.0,13,2.425983771085739,-5.465622610034365,-4.914665855301751
4813,do,0.05,0.0,21,2.6880376505851746,-5.389557201212103,-4.524929348627726
4814,pp,0.05,0.0,26,2.341365575790406,-6.867573889819059,-5.558377379841275
4815,do,0.05,0.0,12,3.483390810489655,-4.716536433768995,-4.054286852147844
4816,pp,0.05,0.0,26,1.9254539179801942,-6.649632292082815,-5.103916501998901
4817,do,0.05,0.0,69,-0.060350921154022075,-10.596186396569916,-9.703647179073757
4818,pp,0.05,0.0,7,0.45501918196678215,-6.489451091939753,-5.083668782975939
4819,do,0.05,0.0,6,0.0001767277717590332,-5.220099187619758,-4.788140100902981
4820,pp,0.05,0.0,7,0.6171874642372126,-4.5201002308816625,-4.1456760591930815
4821,do,0.05,0.0,3,-0.07223545908927864,-5.44348273710771,-4.852167987823487
4822,pp,0.05,0.0,10,0.6487150251865383,-5.325290507981271,-4.63847537835439
4823,do,0.05,0.0,4,0.018920602798462305,-5.310361989339193,-4.893850408660041
4824,pp,0.05,0.0,6,0.45379746794700626,-5.488067579269409,-4.394801576932271
4825,do,0.05,0.0,10,-0.11095961451530467,-7.198057096654718,-5.879158827993605
4826,pp,0.05,0.0,6,1.4578211033344273,-5.289387072938862,-4.251326672236124
4827,do,0.05,0.0,22,3.339734369516372,-5.543819732377023,-4.690686832533943
4828,pp,0.05,0.0,19,2.0361051487922666,-4.777590666395245,-4.543454297383627
4829,do,0.05,0.0,7,1.316955045461654,-5.4897467772165935,-5.121457788679335
4830,pp,0.05,0.0,10,1.3762404143810265,-5.3955028750679705,-4.473048697577583
4831,do,0.05,0.0,24,0.598054029941558,-8.575017417560924,-7.525494016541375
4832,pp,0.05,0.0,23,1.46101778268814,-6.251479458086418,-5.695139890246921
4833,do,0.05,0.0,13,1.240448828935623,-4.727640647599191,-4.6538143714269005
4834,pp,0.05,0.0,11,1.508814823627472,-5.129009769902085,-4.584095549583435
4835,do,0.05,0.0,13,1.3067192721366885,-5.313057471766617,-5.039088606834412
4836,pp,0.05,0.0,18,1.8056275463104248,-5.675191909616644,-5.040696215629578
4837,do,0.05,0.0,12,0.5975177574157717,-6.351577729889841,-5.860217221577963
4838,pp,0.05,0.0,16,0.8100467610359203,-8.36984827446215,-6.950937061839634
4839,do,0.05,0.0,8,1.22398310303688,-6.226894906072905,-5.319690129492018
4840,pp,0.05,0.0,16,1.2239457142353052,-5.590806881586711,-4.645640121565925
4841,do,0.05,0.0,5,0.8592517185211177,-5.730237579345703,-5.147124007013109
4842,pp,0.05,0.0,66,1.3914933061599726,-7.121508196628455,-5.591979871855842
4843,do,0.05,0.0,66,1.2787383508682257,-6.739934304266265,-7.9281730916765
4844,pp,0.05,0.0,16,1.7120620799064632,-5.295270546999845,-4.2728804217444525
4845,do,0.05,0.0,34,-0.054940843582153676,-7.3603518803914385,-6.868500375747681
4846,pp,0.05,0.0,70,0.2701070833206174,-7.737629318237305,-6.83415461646186
4847,do,0.05,0.0,7,1.2565250587463375,-5.033917656811801,-4.54399705198076
4848,pp,0.05,0.0,33,1.0810850679874422,-5.736146954334143,-5.005843154589335
4849,do,0.05,0.0,50,1.556770273447036,-8.918628367510708,-8.392483297983805
4850,pp,0.05,0.0,10,1.6409893095493313,-5.134016980546893,-4.384646667374505
4851,do,0.05,0.0,69,2.3707481646537785,-6.794354178688743,-6.947171113226148
4852,pp,0.05,0.0,5,0.6903437697887425,-4.895158039439808,-4.3120017184151544
4853,do,0.05,0.0,35,2.070377317667006,-7.852829226580533,-6.764323168330723
4854,pp,0.05,0.0,7,1.5597538018226622,-4.891295357906457,-3.8969933337635463
4855,do,0.05,0.0,24,3.262251123189926,-6.539280352447972,-6.206827796830071
4856,pp,0.05,0.0,21,2.1388851368427284,-5.248411112120658,-4.439638598759969
4857,do,0.05,0.0,6,0.8077232563495631,-5.143146621819699,-4.264286194907294
4858,pp,0.05,0.0,5,0.361176553964615,-4.931734430428707,-3.8462572654088336
4859,do,0.05,0.0,62,2.583236315250396,-6.156316247130885,-5.0388788223266605
4860,pp,0.05,0.0,70,1.329213854074478,-7.276345354137999,-6.133196221457587
4861,do,0.05,0.0,16,3.549753489494324,-5.1460480429909445,-5.225368494457669
4862,pp,0.05,0.0,12,1.3615856146812435,-4.490034742066355,-3.7307815591494244
4863,do,0.05,0.0,70,2.4364698266983034,-6.12154142928846,-5.585692456033494
4864,pp,0.05,0.0,8,1.1792183005809784,-4.514403448682843,-3.787550318241119
4865,do,0.05,0.0,9,0.41569621920585664,-6.810330559990623,-5.937508204248217
4866,pp,0.05,0.0,6,0.8196235537528986,-5.3931874983238455,-4.457127131356133
4867,do,0.05,0.0,33,2.970615494251251,-5.454487816492716,-5.355587183104621
4868,pp,0.05,0.0,6,0.9360304450988775,-4.653460348013676,-3.8579101271099514
4869,do,0.05,0.0,10,1.1426544165611263,-4.348205283193877,-4.08468945423762
4870,pp,0.05,0.0,10,1.3327761554718016,-5.682650436054576,-4.612881814108954
4871,do,0.05,0.0,9,0.6853799784183501,-5.4769689097548975,-5.157609372668796
4872,pp,0.05,0.0,22,1.2506427621841425,-5.8515640706726995,-5.225537289513482
4873,do,0.05,0.0,27,2.630147804021835,-6.759004030805645,-6.297503129641215
4874,pp,0.05,0.0,26,2.0574066841602328,-5.818473041418827,-4.960427922672696
4875,do,0.05,0.0,10,1.724108462333679,-5.75375014073921,-5.061616280343798
4876,pp,0.05,0.0,7,0.7416434216499326,-4.764222526550293,-3.9684121542506747
4877,do,0.05,0.0,11,1.9888062334060672,-5.1453306458213115,-5.1951289839214745
4878,pp,0.05,0.0,10,1.5387006461620327,-4.914536869164669,-4.16170420911577
4879,do,0.05,0.0,22,2.9810949337482455,-5.4479590603799535,-5.088684323098924
4880,pp,0.05,0.0,10,1.3925405907630921,-5.321284768075654,-4.359847556220161
4881,do,0.05,0.0,16,2.1663204205036166,-4.871401512261593,-5.2026879707972205
4882,pp,0.05,0.0,8,1.0659842121601102,-5.793537951960708,-4.443567299842835
4883,do,0.05,0.0,16,1.7962090277671807,-4.83835901925058,-4.4829449229770235
4884,pp,0.05,0.0,10,1.7489934492111203,-4.88030886072101,-4.134533127148946
4885,do,0.05,0.0,13,1.9578557598590853,-5.39596465139678,-5.364134820302327
4886,pp,0.05,0.0,15,1.7125761985778807,-5.9285295327504475,-5.078832279311286
4887,do,0.05,0.0,12,1.6683940374851227,-6.150452034401171,-5.587605796919929
4888,pp,0.05,0.0,14,2.6249039542675012,-4.994875640580148,-4.2728254821565415
4889,do,0.05,0.0,18,1.9894468629360196,-5.0188360936713945,-5.820724937650892
4890,pp,0.05,0.0,19,1.6592977142333982,-4.551702052896673,-4.26703208287557
4891,do,0.05,0.0,18,1.3048629915714267,-6.76971736387773,-6.470683304468791
4892,pp,0.05,0.0,30,3.6513499009609216,-4.712705265391957,-4.153004569477505
4893,do,0.05,0.0,12,1.5944922828674315,-5.111156518531568,-4.822179508209229
4894,pp,0.05,0.0,10,0.6618486368656153,-5.6179143457701715,-4.96714007059733
4895,do,0.05,0.0,17,1.6381511402130124,-6.262846413525668,-5.508744536505805
4896,pp,0.05,0.0,9,1.1440263235568997,-4.606156733541778,-3.7462282220522565
4897,do,0.05,0.0,7,0.44794756770133937,-5.904920338139389,-4.74816271993849
4898,pp,0.05,0.0,9,1.5714072644710537,-5.556837278423887,-4.68682123819987
4899,do,0.05,0.0,13,2.438233975172043,-5.0283452106244635,-4.848688175943162
4900,pp,0.05,0.0,17,2.5599889588356026,-5.00744477185336,-4.409042461713155
4901,do,0.05,0.0,10,1.0885537207126612,-5.613870009509,-5.118249890539381
4902,pp,0.05,0.0,16,1.9305780529975891,-5.211459148291386,-4.346362296740214
4903,do,0.05,0.0,22,3.3283777523040765,-5.997443912968491,-5.915837399164835
4904,pp,0.05,0.0,12,1.9489327526092524,-5.910315400903875,-5.3719845374425255
4905,do,0.05,0.0,25,2.896195526123047,-5.534354643388228,-5.604978246159024
4906,pp,0.05,0.0,70,2.881500120162964,-7.240535439866962,-5.977438248528374
4907,do,0.05,0.0,15,1.4662796258926392,-6.190826278744322,-5.545372650358412
4908,pp,0.05,0.0,12,1.4194406723976138,-4.818184739893133,-3.8587639146380956
4909,do,0.05,0.0,29,0.26634537816047654,-8.332454590363936,-7.635778988732232
4910,pp,0.05,0.0,21,0.676187937259674,-6.196634736205592,-4.777819787131415
4911,do,0.05,0.0,12,1.8240792822837832,-5.272566619063869,-4.821948605113559
4912,pp,0.05,0.0,27,2.61435709476471,-5.1923342488028785,-4.291406779819065
4913,do,0.05,0.0,12,1.4743214154243462,-5.083224272005486,-4.482891299989489
4914,pp,0.05,0.0,12,1.6334564626216883,-4.913392785101226,-4.2768868684768675
4915,do,0.05,0.0,17,1.6669873523712164,-7.496564706166585,-6.172089399231805
4916,pp,0.05,0.0,24,1.6463033545017254,-7.495904659502434,-6.640647676255968
4917,do,0.05,0.0,7,1.3509789538383483,-5.187741341735378,-4.7333023813035755
4918,pp,0.05,0.0,11,2.3893285632133487,-4.846625903158477,-3.9478958076900907
4919,do,0.05,0.0,14,2.0850973200798038,-4.721284880782619,-4.351429716746012
4920,pp,0.05,0.0,10,1.1324180769920345,-5.066290254303904,-4.149721948305766
4921,do,0.05,0.0,14,1.6790752840042114,-4.651130232666478,-4.441574062241449
4922,pp,0.05,0.0,38,2.717383586168289,-7.4756678089951025,-6.214871737692091
4923,do,0.05,0.0,11,1.3927779185771945,-5.463045231501261,-4.857284884982639
4924,pp,0.05,0.0,22,1.7625133776664725,-6.338565231092049,-5.140341973304748
4925,do,0.05,0.0,16,1.9233242475986483,-5.587070790204135,-6.004945752355788
4926,pp,0.05,0.0,17,2.1835076951980597,-7.1255751479755745,-6.207912709977892
4927,do,0.05,0.0,31,-0.22179695367813146,-8.815641760103631,-8.515387609269883
4928,pp,0.05,0.0,23,0.7074703633785253,-5.7898026683113795,-5.500357990794711
4929,do,0.05,0.0,29,2.0115074813365945,-6.46564428878553,-6.549378169907464
4930,pp,0.05,0.0,47,2.8864607620239253,-5.5280468897386035,-5.228383750385708
4931,do,0.05,0.0,15,0.695932093858719,-5.075518817612619,-4.61024509800805
4932,pp,0.05,0.0,14,2.1263134670257573,-5.0822313005274,-4.400391038258871
4933,do,0.05,0.0,23,1.5154054260253904,-6.689655649300778,-5.728822745217217
4934,pp,0.05,0.0,6,1.3404703867435455,-5.479640975142971,-4.887718227174547
4935,do,0.05,0.0,9,1.3923529422283165,-5.122823385758833,-4.44900156656901
4936,pp,0.05,0.0,10,2.078957132101059,-4.89332075697003,-4.000036472744412
4937,do,0.05,0.0,5,-0.03291618824005127,-5.6404575622443,-5.043256044387817
4938,pp,0.05,0.0,36,0.9824167048931116,-7.161025334849502,-6.216355141003927
4939,do,0.05,0.0,6,0.46492846250534114,-5.188632783022794,-4.610430410173204
4940,pp,0.05,0.0,23,3.1044768607616415,-5.46512192957329,-4.650104202164544
4941,do,0.05,0.0,33,2.4178508973121646,-5.740788559480147,-5.212267647849189
4942,pp,0.05,0.0,13,2.3287376570701603,-5.561908284100619,-5.365678564707438
4943,do,0.05,0.0,11,2.510626714229584,-5.521451216033011,-5.1243981732262505
4944,pp,0.05,0.0,27,1.8462880277633662,-9.641478477824817,-8.122040057182312
4945,do,0.05,0.0,44,3.522057651281357,-5.237578072692409,-4.6305306063758005
4946,pp,0.05,0.0,13,2.0227795362472536,-5.730090425953721,-4.615411737230089
4947,do,0.05,0.0,70,0.4093956542015089,-11.64675548726862,-9.589254819022285
4948,pp,0.05,0.0,7,0.33504242777824444,-6.470820454395178,-5.0983113050460815
4949,do,0.05,0.0,9,0.6611737108230589,-5.795715431733565,-5.268644817670187
4950,pp,0.05,0.0,8,0.8551913142204279,-5.772467182621812,-5.5192025714450414
4951,do,0.05,0.0,13,2.192744210958481,-5.376888104641076,-5.004885535769993
4952,pp,0.05,0.0,24,4.632461018562316,-4.9301167040160205,-4.523767966694302
4953,do,0.05,0.0,5,0.011850477457047148,-5.344208584409771,-4.806502024332683
4954,pp,0.05,0.0,10,0.5959642720222469,-6.537656259536743,-5.6624427477518715
4955,do,0.05,0.0,13,0.8508822798728941,-4.8359644008405285,-4.590253281593323
4956,pp,0.05,0.0,9,0.7225295674800867,-5.187959744713523,-4.846163466241625
4957,do,0.05,0.0,7,0.46440896272659327,-5.192796721602932,-5.061102888319227
4958,pp,0.05,0.0,8,1.120748370885849,-5.922837136008523,-5.375267457962036
4959,do,0.05,0.0,12,2.5673856139183044,-6.004737361272176,-5.3075277540418835
4960,pp,0.05,0.0,50,1.776333861351013,-9.50042391834837,-8.753435333569845
4961,do,0.05,0.0,6,-0.12850846290588347,-6.129093752485333,-5.350940778520372
4962,pp,0.05,0.0,13,1.5212605965137485,-5.882106598940763,-5.210805617438423
4963,do,0.05,0.0,5,0.842702366113663,-4.682172060012817,-4.0574027352862885
4964,pp,0.05,0.0,61,0.4871125292778018,-6.9665718468752775,-5.821337721082899
4965,do,0.05,0.0,17,1.3067646169662481,-6.336665290774721,-6.468840140766567
4966,pp,0.05,0.0,29,2.5784278392791755,-6.631133251479178,-6.559117555618286
4967,do,0.05,0.0,10,1.3721886730194086,-5.214831415812174,-5.012380621168348
4968,pp,0.05,0.0,13,0.723328349590302,-6.106559637821082,-5.272777493794759
4969,do,0.05,0.0,23,3.062625248432159,-5.317402153304129,-4.712177983919779
4970,pp,0.05,0.0,15,2.272825685739517,-5.348429051312533,-4.653124414549934
4971,do,0.05,0.0,1,-0.48727741837501526,-5.818400452353737,-5.1205917199452715
4972,pp,0.05,0.0,6,0.18940890550613343,-7.121370337226174,-5.918417700131735
4973,do,0.05,0.0,8,0.5228878092765807,-6.3816484523542,-5.5710506094826595
4974,pp,0.05,0.0,9,0.8446249711513518,-5.703495800133908,-5.157824812995063
4975,do,0.05,0.0,14,1.5288259553909302,-7.202173855810455,-6.158773236804539
4976,pp,0.05,0.0,6,0.20009235143661463,-6.116908025741577,-5.2613835573196415
4977,do,0.05,0.0,19,1.165796867609024,-6.14047810236613,-5.6298894802729285
4978,pp,0.05,0.0,25,1.8391459548473366,-5.606983600963246,-4.9077438778347435
4979,do,0.05,0.0,59,1.0877712476253496,-7.4382570194475575,-7.231331790818109
4980,pp,0.05,0.0,70,2.028663065433502,-6.897867906454838,-5.968437388208177
4981,do,0.05,0.0,9,0.13229421138763442,-6.325268392851858,-6.210616972711351
4982,pp,0.05,0.0,17,1.6830517935752871,-5.815391823739716,-5.179340230094062
4983,do,0.05,0.0,23,3.0987636148929587,-5.210099004976677,-4.450782193077935
4984,pp,0.05,0.0,17,2.8749638807773596,-5.712944980101152,-5.146983578470018
4985,do,0.05,0.0,11,2.2727769660949706,-5.259820334116617,-4.977651535140144
4986,pp,0.05,0.0,70,1.2518813121318821,-7.484156849890044,-7.297070667478773
4987,do,0.05,0.0,30,3.487934168577193,-5.067312466014515,-4.972593164443969
4988,pp,0.05,0.0,15,1.8486036789417266,-5.429934387496023,-4.86111352443695
4989,do,0.05,0.0,57,1.3347970712184907,-9.595987405198994,-8.470337298181322
4990,pp,0.05,0.0,12,2.1671373701095584,-4.940504744558623,-4.283897603882684
4991,do,0.05,0.0,17,-0.04466292142868156,-8.648422586556636,-7.323800508181254
4992,pp,0.05,0.0,15,0.5711302495002748,-5.3101431037440445,-4.803435662057665
4993,do,0.05,0.0,70,0.534447100162506,-11.080419235518484,-9.6871133406957
4994,pp,0.05,0.0,11,0.4019465553760524,-5.101222068613226,-4.2774426274829445
4995,do,0.05,0.0,70,1.110771340131759,-7.091659170208556,-5.953933395279778
4996,pp,0.05,0.0,59,0.4942529821395878,-7.347598338849616,-6.03694742653105
4997,do,0.05,0.0,33,2.1058847343921663,-4.9212903123913385,-4.348844052685632
4998,pp,0.05,0.0,12,1.1680520069599147,-5.635869552149917,-4.669794680012597
4999,do,0.05,0.0,65,2.927725597620011,-5.68768161426891,-5.052712617980109
5000,pp,0.05,0.0,17,2.8219781076908115,-4.90051807345766,-4.175596045123206
5001,do,0.05,0.0,23,2.8427733898162835,-7.721730133981415,-7.079955214924283
5002,pp,0.05,0.0,8,0.977693296670914,-4.999649978406501,-4.1824278328153826
5003,do,0.05,0.0,69,0.4488885664939879,-9.627499064532193,-8.657498338487413
5004,pp,0.05,0.0,63,1.7590185332298276,-6.1385206280332625,-5.125222628646426
5005,do,0.05,0.0,65,2.1406518197059636,-6.01796952160922,-5.371898147794935
5006,pp,0.05,0.0,4,0.10991181612014778,-4.424684031804403,-3.7343963795238073
5007,do,0.05,0.0,10,0.8776108443737032,-4.49169855262294,-4.156521405114068
5008,pp,0.05,0.0,70,1.909742158651353,-7.815696762547349,-6.420404630237155
5009,do,0.05,0.0,36,2.1679596245288852,-7.383301341894901,-7.216531854205662
5010,pp,0.05,0.0,8,0.5381007027626037,-4.844850960644808,-4.15813633468416
5011,do,0.05,0.0,4,-0.16415212988853423,-5.365870874578302,-4.8512410269843205
5012,pp,0.05,0.0,7,0.03391273260116634,-4.891462963277643,-4.194576284620497
5013,do,0.05,0.0,10,0.07982599020004333,-6.104001001878218,-6.057763330141703
5014,pp,0.05,0.0,6,1.2532135319709772,-4.5362835046016805,-3.923696083492703
5015,do,0.05,0.0,17,0.5159389507770538,-7.831178897799868,-6.878013035986158
5016,pp,0.05,0.0,6,0.3202866101264954,-4.906104892672914,-4.338684029049343
5017,do,0.05,0.0,5,0.09266070485115119,-5.832523890697595,-5.196887765990363
5018,pp,0.05,0.0,5,-0.2783863210678108,-5.465191884474321,-4.6069752401775785
5019,do,0.05,0.0,5,1.2086108112335205,-5.466776272744843,-4.700027296278212
5020,pp,0.05,0.0,7,0.7725676393508918,-4.837848172043309,-3.8495468497276306
5021,do,0.05,0.0,8,0.5131797993183138,-6.694569511124582,-5.9552191840277775
5022,pp,0.05,0.0,8,0.6983558583259581,-4.74831424481941,-3.996616057554881
5023,do,0.05,0.0,9,0.25640601873397806,-6.0071458122947,-6.023439942465888
5024,pp,0.05,0.0,9,1.8220456218719487,-4.144461000326908,-3.7176757719781666
5025,do,0.05,0.0,12,-0.013437240123749028,-6.140283831683072,-5.657870976130168
5026,pp,0.05,0.0,13,0.5728205978870387,-5.185006302053278,-4.386602266629537
5027,do,0.05,0.0,5,-0.19069769144058224,-5.822035724466497,-5.5200215048260155
5028,pp,0.05,0.0,4,0.11542096853256201,-5.044827443903142,-4.156256601545546
5029,do,0.05,0.0,8,0.7565798628330231,-6.264212833751332,-5.464410373899672
5030,pp,0.05,0.0,5,0.6445805132389069,-4.677318429946899,-3.9501019848717585
5031,do,0.05,0.0,16,0.9646244120597842,-6.670734765312888,-6.194141133626302
5032,pp,0.05,0.0,6,0.9187059235572814,-4.497028602253307,-3.9995261245303686
5033,do,0.05,0.0,17,0.9975809288024902,-6.241608556111654,-5.758368709352282
5034,pp,0.05,0.0,15,0.9074758970737458,-5.99664586096099,-4.72564069032669
5035,do,0.05,0.0,6,0.6620569360256194,-4.569871937144886,-4.1194341076744925
5036,pp,0.05,0.0,5,0.25048569917678787,-4.937818635593761,-4.139123548401726
5037,do,0.05,0.0,9,0.8173277938365935,-5.526234424475468,-5.291490297847324
5038,pp,0.05,0.0,10,1.2056001114845278,-5.667304265860356,-4.838495466444227
5039,do,0.05,0.0,8,0.8906242561340338,-6.000754758083459,-5.2819954421785145
5040,pp,0.05,0.0,4,0.551293376684189,-4.8130324175863555,-3.958200600412157
5041,do,0.05,0.0,10,-0.2869965195655819,-6.287441192973744,-5.99167784055074
5042,pp,0.05,0.0,7,1.1291165697574614,-4.757986068725586,-4.090710314114888
5043,do,0.05,0.0,33,1.3942516720294957,-10.623942584702462,-9.3712088531918
5044,pp,0.05,0.0,13,1.4599671244621275,-4.326328820893258,-3.8208727757136027
5045,do,0.05,0.0,1,-0.6782419598102569,-5.682427472779245,-5.2374965932634145
5046,pp,0.05,0.0,12,1.3711055326461796,-4.4160374381325465,-3.844398760795593
5047,do,0.05,0.0,70,0.5217564129829402,-9.524564641894717,-8.385676214430067
5048,pp,0.05,0.0,3,-0.42713405251502934,-4.666927694551872,-4.146254515647888
5049,do,0.05,0.0,44,0.8430394101142884,-11.594212225711708,-10.048473273383246
5050,pp,0.05,0.0,5,-0.11095244407653837,-5.750600995439472,-4.482364749908447
5051,do,0.05,0.0,2,-0.8188213992118829,-6.08349299286351,-5.52925181388855
5052,pp,0.05,0.0,70,0.40501291871070944,-7.146365237958504,-6.127771377563477
5053,do,0.05,0.0,11,0.5707579040527344,-5.3053661433133215,-4.726550155215794
5054,pp,0.05,0.0,8,0.8453677666187289,-5.0409496740861375,-4.314574384689331
5055,do,0.05,0.0,27,-0.03615006089210482,-7.929568214127512,-7.5938902590009905
5056,pp,0.05,0.0,12,1.0983270025253304,-4.663164102669918,-4.104427834351857
5057,do,0.05,0.0,28,0.7175159811973568,-7.040011975259492,-6.597760600513882
5058,pp,0.05,0.0,3,-0.6181830132007606,-5.119563436508178,-4.715261318948534
5059,do,0.05,0.0,38,1.2703251636028288,-6.800217625589082,-6.3428218338224625
5060,pp,0.05,0.0,52,0.7557197833061231,-7.033356655005253,-5.865826111369663
5061,do,0.05,0.0,11,0.7550047230720516,-4.937708041162201,-4.571946692466736
5062,pp,0.05,0.0,7,-0.2201583099365232,-5.355730587063413,-4.461566321055094
5063,do,0.05,0.0,12,1.633574577569961,-6.178888271794174,-6.115923219256931
5064,pp,0.05,0.0,11,0.611009976863861,-6.028524219628537,-5.326776403850979
5065,do,0.05,0.0,6,-0.1440488266944886,-5.355709278222286,-5.050750350952148
5066,pp,0.05,0.0,70,0.5389198005199436,-8.522415174137462,-7.485700538423326
5067,do,0.05,0.0,4,0.5022160768508908,-5.8204788959387574,-4.98729768594106
5068,pp,0.05,0.0,5,0.3885378921031952,-5.713316418907859,-4.6534615172280205
5069,do,0.05,0.0,18,2.021069555282593,-5.236081475922556,-4.53329042063819
5070,pp,0.05,0.0,6,0.5411307775974272,-5.66879463484793,-4.5681329859627615
5071,do,0.05,0.0,7,0.1758635473251342,-5.683600191636519,-4.982203687561883
5072,pp,0.05,0.0,5,0.065906915664673,-4.728394701986602,-3.849538474612766
5073,do,0.05,0.0,66,1.645484166145323,-9.222747665463071,-8.156657939487033
5074,pp,0.05,0.0,5,1.0429285335540772,-5.230484359914606,-4.475406063927545
5075,do,0.05,0.0,32,2.3598302936553948,-6.6164783607829705,-5.933614365259806
5076,pp,0.05,0.0,5,0.9616033565998077,-4.803095911488389,-4.05792367193434
5077,do,0.05,0.0,5,-0.20813575387001038,-5.716707207939842,-5.1248419814639625
5078,pp,0.05,0.0,12,0.5380388581752777,-4.793113770629421,-4.155685936080085
5079,do,0.05,0.0,7,-0.013021578788757537,-5.9751295364264285,-5.1596344576941595
5080,pp,0.05,0.0,5,-0.011245074272156153,-5.112464799302997,-4.08931110435062
5081,do,0.05,0.0,70,1.436689270734787,-8.116703875859578,-7.353155544069078
5082,pp,0.05,0.0,10,0.5795221316814416,-4.830530274998058,-4.072878746191661
5083,do,0.05,0.0,35,0.3476935374736785,-7.5072349215998795,-6.742066060172187
5084,pp,0.05,0.0,6,0.2302523183822629,-5.240910018574108,-4.427483990457323
5085,do,0.05,0.0,70,1.7178651273250587,-7.340389413544626,-6.489399531152514
5086,pp,0.05,0.0,70,0.44763434648513645,-7.931154430273807,-7.003302868207296
5087,do,0.05,0.0,3,-0.6687334728240968,-5.760588180657589,-4.987691511048211
5088,pp,0.05,0.0,5,-0.520692316293716,-5.271260197957357,-4.510764892896017
5089,do,0.05,0.0,9,0.46858417391777074,-5.914541952537768,-4.995184628168742
5090,pp,0.05,0.0,10,1.0744608914852138,-5.721295277277629,-4.6894750807020396
5091,do,0.05,0.0,70,2.3999948501586905,-6.793406506740686,-6.041043710708618
5092,pp,0.05,0.0,70,0.38318441152572724,-7.742451138929887,-6.455993758307563
5093,do,0.05,0.0,25,2.1831833374500267,-5.307297057816476,-4.746832866138882
5094,pp,0.05,0.0,70,2.230310243368149,-4.765006578329838,-4.097790594895681
5095,do,0.05,0.0,54,0.386615251302719,-6.802246694853811,-6.430141478114658
5096,pp,0.05,0.0,9,-0.17134195685386633,-5.8988344409249045,-4.894351938035753
5097,do,0.05,0.0,70,1.8044401562213892,-6.96988946018797,-6.954721148808797
5098,pp,0.05,0.0,70,0.4062587064504619,-6.642392107934663,-5.299848365783691
5099,do,0.05,0.0,10,1.100167732238769,-5.188456162539396,-4.840730844603645
5100,pp,0.05,0.0,4,0.38984794378280707,-5.919251051816073,-4.7019658141665985
5101,do,0.05,0.0,12,1.2116798639297484,-5.015097001104644,-4.542899068196615
5102,pp,0.05,0.0,8,0.045272047519683944,-5.306169869683005,-5.150355545679728
5103,do,0.05,0.0,8,0.13605780720710747,-5.33620674682386,-4.728389422098796
5104,pp,0.05,0.0,6,0.48697081208229065,-4.834141640229658,-4.20027637746599
5105,do,0.05,0.0,6,-0.2952759397029876,-5.983642634478483,-5.232524429427253
5106,pp,0.05,0.0,6,-0.28615288972854636,-5.786392492236513,-4.6595556073718605
5107,do,0.05,0.0,5,-0.3325329136848456,-6.019541155208241,-5.357802102300856
5108,pp,0.05,0.0,4,-0.15628828048706023,-5.522022164951672,-4.4276069455676605
5109,do,0.05,0.0,4,-0.19148075819015453,-6.498517870180534,-5.830334162712097
5110,pp,0.05,0.0,7,0.6129963827133178,-4.965088069800174,-4.21992256641388
5111,do,0.05,0.0,8,0.5925068700313565,-6.1032551808790725,-4.856500119633145
5112,pp,0.05,0.0,3,-0.5774511861801148,-5.452264212117051,-4.624043941497803
5113,do,0.05,0.0,6,-0.23235250234603821,-5.760416832837191,-4.9468668672773575
5114,pp,0.05,0.0,5,-0.0923416018486023,-4.8609228033008,-4.18309252527025
5115,do,0.05,0.0,52,0.5944824075698856,-6.9871794902917115,-6.117264474762811
5116,pp,0.05,0.0,10,0.738657075166703,-5.551357116121235,-4.5369506465064156
5117,do,0.05,0.0,3,-0.032234160900116215,-5.819850002635609,-4.993125470479329
5118,pp,0.05,0.0,7,0.5594286096096042,-5.1543810844421385,-4.38856234020657
5119,do,0.05,0.0,1,-0.7705872130393985,-5.870975485714999,-5.108388940493266
5120,pp,0.05,0.0,12,0.8596208012104034,-4.712979160655628,-4.007066669729021
5121,do,0.05,0.0,7,0.4483599543571479,-5.572814247824929,-5.139199312527975
5122,pp,0.05,0.0,7,1.0235362291336063,-5.078604166435473,-4.256125802463956
5123,do,0.05,0.0,34,1.9875005030632016,-6.848696958657467,-6.166379539171855
5124,pp,0.05,0.0,9,0.5647216629981999,-4.907815863869407,-4.213240416844686
5125,do,0.05,0.0,7,0.46061306357383724,-5.392927705880368,-4.806829322708977
5126,pp,0.05,0.0,6,-0.0943087995052343,-5.082010880383578,-4.270929102102915
5127,do,0.05,0.0,56,1.5629606091976171,-7.524742096120661,-7.573304102155897
5128,pp,0.05,0.0,6,0.1813890039920807,-4.515548054377238,-3.8724491940604318
5129,do,0.05,0.0,10,1.5131757760047915,-5.4481882167584965,-5.187734002537198
5130,pp,0.05,0.0,11,0.9842581653594973,-5.251267147064209,-4.687595105171203
5131,do,0.05,0.0,1,-0.6946405184268958,-5.807252665722009,-5.127197149064806
5132,pp,0.05,0.0,9,0.001045901775359681,-5.274804988051906,-4.420803215768602
5133,do,0.05,0.0,9,-0.10101412534713727,-6.109806550632824,-5.630651095178393
5134,pp,0.05,0.0,21,1.1825578939914703,-6.574696380441839,-5.293091543515524
5135,do,0.05,0.0,65,-0.7202811300754544,-7.583950042724609,-9.221944771872627
5136,pp,0.05,0.0,35,1.290846334695817,-6.648051456971602,-5.74785287645128
5137,do,0.05,0.0,70,0.08919645071029692,-9.564292280601732,-9.106902906629774
5138,pp,0.05,0.0,4,-0.3240156483650214,-5.3527846495310465,-4.6420616467793785
5139,do,0.05,0.0,8,0.981469436883927,-6.654437764485677,-5.994081311755711
5140,pp,0.05,0.0,3,-0.21103796243667627,-5.073280834429192,-4.115285613801745
5141,do,0.05,0.0,3,-1.0809447848796845,-6.300741525129839,-5.664644757906596
5142,pp,0.05,0.0,8,-0.6617025303840638,-5.947861830393474,-4.977252777417501
5143,do,0.05,0.0,10,1.2448456633090972,-5.455997897639419,-4.981297381718954
5144,pp,0.05,0.0,11,0.6357597494125367,-5.489385039878614,-4.553364798757765
5145,do,0.05,0.0,17,2.29202090382576,-5.624888301618172,-5.313171619839139
5146,pp,0.05,0.0,6,0.4293718194961551,-5.062445624669393,-3.9035793423652647
5147,do,0.05,0.0,5,-0.5067530345916751,-5.947643173102176,-5.089944497744242
5148,pp,0.05,0.0,48,0.5793529152870187,-6.572501616044478,-5.762209290928311
5149,do,0.05,0.0,11,-0.3448506689071653,-6.830636754180446,-6.09104897181193
5150,pp,0.05,0.0,70,-0.327430701255798,-11.280068962501757,-9.252384832170275
5151,do,0.05,0.0,13,-0.23396940469741878,-6.145168301553437,-5.6377680937449135
5152,pp,0.05,0.0,25,0.9463055229187018,-6.862436619671908,-5.676253008842468
5153,do,0.05,0.0,6,-0.4636116456985473,-5.445316175981001,-4.907884817653232
5154,pp,0.05,0.0,70,-0.39780055522918545,-8.069124805566036,-6.73623923725552
5155,do,0.05,0.0,9,0.530107530355453,-4.910496895241015,-4.613463560740153
5156,pp,0.05,0.0,39,0.7217187082767484,-6.423534257484205,-5.456597881846958
5157,do,0.05,0.0,5,0.02972660660743731,-5.897848772280144,-5.101668095588684
5158,pp,0.05,0.0,70,0.5068118894100202,-9.268331795027763,-7.573793011241489
5159,do,0.05,0.0,8,1.4550021982193,-5.756869460597183,-5.394599946339925
5160,pp,0.05,0.0,5,0.10532142758369467,-5.100349452278831,-4.392424705293443
5161,do,0.05,0.0,60,0.6862981772422785,-8.027982519612168,-7.24039159350925
5162,pp,0.05,0.0,70,1.311783647537231,-7.883652304158066,-6.857130241394043
5163,do,0.05,0.0,70,1.4372044837474824,-7.978488507415309,-9.181478887134128
5164,pp,0.05,0.0,35,0.44332512140274094,-5.960753043492635,-4.779583817058139
5165,do,0.05,0.0,42,2.1888182508945455,-8.739260758775654,-10.188963143030803
5166,pp,0.05,0.0,41,1.7555163753032685,-7.48932984381011,-6.20864618089464
5167,do,0.05,0.0,5,0.2887168192863463,-5.723929870489872,-5.263889119360182
5168,pp,0.05,0.0,8,1.2516200649738307,-5.244828263196078,-4.3651015599568685
5169,do,0.05,0.0,70,0.5389204919338226,-8.63028448711742,-8.784837759865654
5170,pp,0.05,0.0,17,0.6286152291297915,-4.972226376966996,-4.0891029159228
5171,do,0.05,0.0,6,0.4626234710216526,-5.514036630861687,-5.5229859246148
5172,pp,0.05,0.0,58,0.20918029665947024,-7.3139693722580414,-5.903888808356391
5173,do,0.05,0.0,34,3.254457197189331,-8.300931439255223,-6.907647376590305
5174,pp,0.05,0.0,70,1.2853869044780728,-7.3463816006978355,-5.795280530717638
5175,do,0.05,0.0,15,1.6618967878818518,-5.711158430215084,-5.32242067390018
5176,pp,0.05,0.0,10,0.7830225622653959,-4.84922900055394,-4.2002610060903764
5177,do,0.05,0.0,12,1.1391397655010227,-5.610718482913393,-5.004768790139092
5178,pp,0.05,0.0,6,0.5301269495487215,-5.068165719870365,-4.401783548461067
5179,do,0.05,0.0,13,1.5665624058246612,-6.042353056416367,-5.6989509609010485
5180,pp,0.05,0.0,3,-0.3672829210758204,-4.82588403152697,-4.112729440795051
5181,do,0.05,0.0,10,1.141303632259369,-5.2620121334538315,-4.896763160493639
5182,pp,0.05,0.0,70,0.6538941979408257,-7.840766766577056,-6.3353421343697445
5183,do,0.05,0.0,6,-0.1266242814064027,-5.653154917919275,-5.073395077387492
5184,pp,0.05,0.0,1,-0.796126173734665,-5.529707953424165,-4.820013589329189
5185,do,0.05,0.0,70,1.664136213064194,-7.482120690201268,-6.749063200420803
5186,pp,0.05,0.0,5,-0.16477052330970743,-5.210935820955219,-4.415556089083354
5187,do,0.05,0.0,28,2.73477356672287,-5.829394009619048,-4.566952368948194
5188,pp,0.05,0.0,13,0.4246219193935392,-4.935119348583799,-4.012976498074002
5189,do,0.05,0.0,10,1.190120546817779,-5.870139473134821,-5.434946242968241
5190,pp,0.05,0.0,11,0.20740517735481312,-5.342279463103323,-4.514710389243232
5191,do,0.05,0.0,12,2.1239424157142643,-5.305804191936146,-5.145282128122118
5192,pp,0.05,0.0,3,-0.3222268223762512,-5.3700605378006445,-4.485850540796916
5193,do,0.05,0.0,6,1.4293467533588409,-5.427044468215017,-5.073549601766798
5194,pp,0.05,0.0,29,-0.5106600320339201,-7.904114201574615,-6.231868314743042
5195,do,0.05,0.0,12,0.5300469541549679,-6.08147210930333,-5.45632172425588
5196,pp,0.05,0.0,4,0.17853526949882514,-4.770453467513576,-4.163546352916294
5197,do,0.05,0.0,65,0.9660565137863166,-9.465774719642871,-8.18013539844089
5198,pp,0.05,0.0,10,0.3399731934070589,-5.125485277175903,-4.228716844982571
5199,do,0.05,0.0,70,2.7537797260284407,-7.755119456666889,-6.610242242283292
5200,pp,0.05,0.0,6,-0.7001798903942102,-6.014095878601074,-4.70740524397956
5201,do,0.05,0.0,27,2.141263732910156,-6.99470791238727,-6.291673239072164
5202,pp,0.05,0.0,27,0.890555373430252,-5.811576557159424,-4.416441610124376
5203,do,0.05,0.0,15,1.2029610598087315,-6.119512783397328,-5.316935708787706
5204,pp,0.05,0.0,6,0.23066194176673882,-5.913785974907152,-4.835413863923814
5205,do,0.05,0.0,16,2.2307687270641328,-5.2852697675878355,-4.946584521399604
5206,pp,0.05,0.0,11,1.0999120628833774,-5.20478692632733,-4.225733330514696
5207,do,0.05,0.0,23,1.2512916326522827,-6.897303357268825,-6.0012488471137155
5208,pp,0.05,0.0,5,0.16219913721084644,-4.594915499831691,-3.9100114478005303
5209,do,0.05,0.0,22,2.607790365219116,-5.325218472336278,-5.139136955473158
5210,pp,0.05,0.0,14,1.1408225870132451,-5.120913817665794,-4.46731272008684
5211,do,0.05,0.0,24,1.3333126497268681,-5.842091457771533,-5.5637581083509655
5212,pp,0.05,0.0,5,-0.05623041868209899,-4.877691641720858,-4.1465950277116566
5213,do,0.05,0.0,7,0.8852735292911529,-5.302410527431603,-4.777262380388048
5214,pp,0.05,0.0,5,-0.11920163631439262,-5.401064065008453,-4.3681364112430145
5215,do,0.05,0.0,26,1.7925116539001458,-6.426108578479651,-5.702622509002685
5216,pp,0.05,0.0,7,0.455431596040726,-5.484277667421283,-4.375311949517992
5217,do,0.05,0.0,70,0.31661965012550386,-5.761585096879439,-5.652229817708333
5218,pp,0.05,0.0,6,-0.6013527715206148,-5.4862972245071875,-4.7678570455975
5219,do,0.05,0.0,5,-0.043970246315002015,-5.764034960486672,-5.390497928195529
5220,pp,0.05,0.0,4,0.628426203727722,-4.633164518529719,-3.9711735195583766
5221,do,0.05,0.0,47,1.68026779294014,-6.108443520285866,-5.3725008063846165
5222,pp,0.05,0.0,47,0.5456478238105777,-7.6429098172621295,-6.6068655252456665
5223,do,0.05,0.0,22,0.6970788538455963,-7.936875119353786,-7.749465958277384
5224,pp,0.05,0.0,2,-0.7100579667091376,-5.450035385652022,-4.6472546921836
5225,do,0.05,0.0,21,0.5095445549488069,-6.242395705887765,-6.112749128871494
5226,pp,0.05,0.0,20,0.21258058786392287,-6.548102487217296,-5.41276540491316
5227,do,0.05,0.0,24,1.5301117801666253,-6.615252765019735,-6.42607929971483
5228,pp,0.05,0.0,5,1.0165300548076628,-4.348167394869256,-3.834508922364977
5229,do,0.05,0.0,13,1.4417970371246334,-5.362021362420284,-4.544895248942905
5230,pp,0.05,0.0,70,1.143782994747161,-9.615635704271721,-8.287572219636704
5231,do,0.05,0.0,70,-0.002083950042724325,-9.241154832550974,-7.484237554338243
5232,pp,0.05,0.0,5,0.1924925065040588,-5.142668164860119,-4.456153734525045
5233,do,0.05,0.0,7,0.2718968665599819,-5.899487684712265,-4.856978591283163
5234,pp,0.05,0.0,70,1.2168379664421085,-11.247154250289455,-9.560065693325466
5235,do,0.05,0.0,19,-0.04730326652526884,-7.225751810362845,-5.899863534503513
5236,pp,0.05,0.0,5,0.15537397623062077,-5.322506816459424,-4.416096149550544
5237,do,0.05,0.0,14,0.20290143966674812,-5.790399745016387,-5.078153975804647
5238,pp,0.05,0.0,5,-0.4319962739944456,-5.78604528687217,-4.662174797058105
5239,do,0.05,0.0,4,-0.15925072312355049,-5.790277731057369,-4.95489829381307
5240,pp,0.05,0.0,2,-0.5271397793292998,-5.22804365158081,-4.504954854647319
5241,do,0.05,0.0,62,3.032841725349427,-7.590078284523704,-6.911797677146064
5242,pp,0.05,0.0,24,1.2037618958950045,-5.495235862153949,-4.345644558800592
5243,do,0.05,0.0,6,0.1927575170993805,-5.6172799688397035,-4.798754845725165
5244,pp,0.05,0.0,3,-0.41076405167579644,-5.411885663234826,-4.583805039193895
5245,do,0.05,0.0,9,0.991813637018204,-6.147348639459321,-5.233569863107469
5246,pp,0.05,0.0,8,0.8367545485496519,-6.366523440678915,-5.259491856892904
5247,do,0.05,0.0,10,0.8566965758800507,-4.706588230711041,-4.042377257347107
5248,pp,0.05,0.0,4,-0.16495267510414102,-5.106587985067657,-4.053083893987868
5249,do,0.05,0.0,70,3.133128577470779,-6.675360604488488,-6.312931299209595
5250,pp,0.05,0.0,38,1.126916998624802,-6.607358637723055,-5.873513703876071
5251,do,0.05,0.0,14,1.2421889925003047,-5.435538252917203,-5.2658036576377025
5252,pp,0.05,0.0,17,2.0408941447734836,-5.200662170756947,-4.1267562455601166
5253,do,0.05,0.0,11,1.4311204695701596,-5.0438991575530085,-4.523327475123935
5254,pp,0.05,0.0,11,0.8321097433567051,-4.705039983807188,-3.7619574546813963
5255,do,0.05,0.0,4,0.3943803691864014,-5.375382550557455,-4.806508474879795
5256,pp,0.05,0.0,4,0.11797670125961268,-5.032951258168076,-4.121097776624891
5257,do,0.05,0.0,4,0.5278908884525295,-5.963261932315248,-5.080020223723517
5258,pp,0.05,0.0,10,2.6067292022705075,-5.146161950718273,-4.392729682392544
5259,do,0.05,0.0,10,0.9480268788337707,-4.860266134955666,-4.338057928615147
5260,pp,0.05,0.0,4,0.3355101799964908,-5.08224276340369,-4.292913132243687
5261,do,0.05,0.0,70,1.6760613262653337,-8.359926875432333,-7.577870925267537
5262,pp,0.05,0.0,5,0.9352476692199705,-4.714357487360636,-3.9927673591507804
5263,do,0.05,0.0,18,3.229894660711288,-5.881755487846606,-5.409002719985114
5264,pp,0.05,0.0,9,0.4937305939197545,-5.598136628757824,-4.393719659911262
5265,do,0.05,0.0,12,0.8959289431571964,-5.24635471719684,-4.92080659866333
5266,pp,0.05,0.0,8,0.29069875359535224,-5.240410823533029,-4.484452443652683
5267,do,0.05,0.0,16,1.6715735113620758,-5.268722479271166,-4.698932403988309
5268,pp,0.05,0.0,6,-0.0012137055397030139,-4.709072445378159,-3.954251053598192
5269,do,0.05,0.0,18,1.2580623281002046,-5.276405747731527,-4.987740442487929
5270,pp,0.05,0.0,5,-0.01786425471305808,-5.445155924016779,-4.334101251761118
5271,do,0.05,0.0,10,0.349116278886795,-5.528911320368449,-5.0580990897284615
5272,pp,0.05,0.0,66,0.7482432055473325,-7.693988863627116,-6.309791869587368
5273,do,0.05,0.0,23,1.3412506306171421,-5.347352549524018,-4.846993947029114
5274,pp,0.05,0.0,53,0.7870400452613833,-8.07850995208278,-6.43761080900828
5275,do,0.05,0.0,13,-0.0011773383617397215,-5.660706655906909,-5.860688365830315
5276,pp,0.05,0.0,11,0.5016413319110873,-6.088257554083159,-4.8127567423714535
5277,do,0.05,0.0,9,1.3547340095043179,-5.563292722991019,-5.077472056282891
5278,pp,0.05,0.0,50,0.6207602131366734,-7.958155390710542,-6.352581919564141
5279,do,0.05,0.0,25,3.4323712122440337,-6.028766306963834,-5.214981611569723
5280,pp,0.05,0.0,5,1.3094621562957762,-4.689207009113196,-3.9112857792112563
5281,do,0.05,0.0,33,3.011840264797211,-6.158650353460601,-6.820117198096382
5282,pp,0.05,0.0,20,2.3436101531982425,-4.816965610330755,-4.116947119765811
5283,do,0.05,0.0,13,0.46659371733665544,-5.238804175636985,-4.75603477689955
5284,pp,0.05,0.0,9,1.0804489481449124,-5.093455480806755,-4.319417158762614
5285,do,0.05,0.0,13,1.600775829553604,-5.258135099122018,-5.021849523650276
5286,pp,0.05,0.0,6,0.9210496437549587,-4.58326928543322,-3.9203955782784354
5287,do,0.05,0.0,5,0.3622776162624355,-6.083443336775809,-5.000017568800184
5288,pp,0.05,0.0,2,-0.3535866832733152,-5.253580554326375,-4.294433222876655
5289,do,0.05,0.0,15,1.6137285113334654,-4.784811707698938,-4.796318986680773
5290,pp,0.05,0.0,10,0.688105666637421,-4.7468365784847375,-3.9331236124038695
5291,do,0.05,0.0,16,1.6782792687416084,-6.517747483108983,-5.547409680154589
5292,pp,0.05,0.0,3,-0.5580105185508728,-5.417000175244881,-4.552376741833157
5293,do,0.05,0.0,12,1.432704396247864,-4.992701115752712,-4.439056870672438
5294,pp,0.05,0.0,50,2.9427681744098653,-7.245937061309815,-6.117921172247993
5295,do,0.05,0.0,17,1.6750304305553438,-5.477712385582201,-5.456440390480889
5296,pp,0.05,0.0,70,0.5215163350105279,-7.890904010425914,-6.4223927431636385
5297,do,0.05,0.0,16,0.6024301493167883,-6.580749543507894,-6.7714199278089735
5298,pp,0.05,0.0,20,1.1611561810970308,-5.085096547097871,-4.508297268549601
5299,do,0.05,0.0,11,0.8457382690906528,-5.003685734488747,-5.458376990424262
5300,pp,0.05,0.0,4,-0.09529252052307147,-5.072206989924113,-4.2619917975531685
5301,do,0.05,0.0,9,0.4463088965415958,-5.973849935242624,-5.504624973403083
5302,pp,0.05,0.0,9,0.9873566925525665,-5.4781893773512405,-4.424024693171183
5303,do,0.05,0.0,16,1.282750836610794,-4.502468785372647,-4.377389804522196
5304,pp,0.05,0.0,5,-0.004572449922561894,-5.7443179621840965,-4.30269259346856
5305,do,0.05,0.0,19,1.246770776510239,-5.0916377529953465,-4.430962093671163
5306,pp,0.05,0.0,5,-0.2083045411109925,-5.8011693795522055,-4.868779200977749
5307,do,0.05,0.0,8,-0.06771939754486134,-5.184340557907567,-5.476109653049045
5308,pp,0.05,0.0,3,-0.14752489686012282,-4.841884246016994,-4.311062418089973
5309,do,0.05,0.0,15,1.2186737358570099,-4.851371126463919,-5.39826652208964
5310,pp,0.05,0.0,33,0.9324485397338869,-5.676703889442213,-4.623562032646603
5311,do,0.05,0.0,25,2.349997990131378,-5.940956524646643,-6.181158905559116
5312,pp,0.05,0.0,7,-0.30102318644523685,-5.882414788910837,-4.720163098971049
5313,do,0.05,0.0,6,0.5075268077850339,-6.030330175341982,-5.43660126262241
5314,pp,0.05,0.0,6,0.08046563386917072,-6.443491626508308,-5.250739439328512
5315,do,0.05,0.0,6,-0.27663048863411,-6.539321588747429,-5.796409975157844
5316,pp,0.05,0.0,48,0.32270014166831906,-11.203083900971846,-9.609812206692165
5317,do,0.05,0.0,51,2.199906752109528,-6.872912963231404,-6.717363569471571
5318,pp,0.05,0.0,3,-0.12459528088569627,-5.209256781953754,-4.672830920749241
5319,do,0.05,0.0,5,0.4035181617736816,-4.764871840043502,-4.664722932709588
5320,pp,0.05,0.0,4,-0.22958516359329284,-5.371811171733972,-4.731214343176948
5321,do,0.05,0.0,39,3.378160954713822,-6.721425333890048,-6.366547407044305
5322,pp,0.05,0.0,5,0.47318040609359713,-4.3653814951578775,-4.056713520156013
5323,do,0.05,0.0,10,0.3952996003627778,-5.553386595754913,-4.87823810312483
5324,pp,0.05,0.0,3,-0.3303874349594116,-6.1342680468703765,-4.946414200464885
5325,do,0.05,0.0,6,0.8280804121494292,-5.00187793933984,-5.209465180502997
5326,pp,0.05,0.0,5,0.1774838066101072,-4.986005570671775,-4.233759649594625
5327,do,0.05,0.0,11,0.5793309926986696,-7.5029258352337465,-6.8035350296232435
5328,pp,0.05,0.0,70,0.20300737142562753,-10.972815428358135,-9.541944268014696
5329,do,0.05,0.0,10,1.51215587735176,-5.24560280568672,-5.328270286983914
5330,pp,0.05,0.0,14,-0.10104982614517244,-5.924235112739332,-5.572294616699219
5331,do,0.05,0.0,8,0.37886297106742806,-4.867591029947454,-4.585637895266215
5332,pp,0.05,0.0,6,0.1937103652954102,-4.7245354652404785,-4.167436157332526
5333,do,0.05,0.0,8,0.7692262756824491,-4.861611666823879,-4.955764547983805
5334,pp,0.05,0.0,2,-0.32529449224472096,-4.869775863127275,-4.263364013036092
5335,do,0.05,0.0,39,0.2900672626495364,-8.553334074309378,-7.3516049649980335
5336,pp,0.05,0.0,70,0.8651586151123052,-7.085425272854891,-6.2703394571940105
5337,do,0.05,0.0,14,1.7475316071510312,-5.419435066165346,-4.926774030261569
5338,pp,0.05,0.0,35,2.8764415431022643,-6.827424234332461,-5.550008262528314
5339,do,0.05,0.0,7,0.3978489255905151,-5.232255403923266,-4.5504087342156305
5340,pp,0.05,0.0,70,0.9935477387905118,-5.795993430686719,-4.863736465242174
5341,do,0.05,0.0,8,0.37289640903472954,-5.1184120149323435,-4.532905258072747
5342,pp,0.05,0.0,4,-0.1489974772930145,-4.894814455147945,-4.213182886441548
5343,do,0.05,0.0,6,0.2745424294471741,-5.346557344089855,-4.4700318204032055
5344,pp,0.05,0.0,4,-0.1372351324558263,-4.940894402879657,-4.253941130638123
5345,do,0.05,0.0,9,1.7357352495193483,-5.28584709889961,-5.075615459018284
5346,pp,0.05,0.0,70,2.336889848709106,-9.491386582634666,-8.575084082285564
5347,do,0.05,0.0,6,0.9756782567501068,-6.128776447700732,-5.802439451217651
5348,pp,0.05,0.0,22,2.437926598787307,-4.842283143419208,-4.179482645458645
5349,do,0.05,0.0,6,0.10079159379005365,-5.820204259410049,-5.523073901070489
5350,pp,0.05,0.0,15,-0.5504551160335538,-7.523011172901501,-6.101880476209852
5351,do,0.05,0.0,5,0.9147509479522711,-5.455982745777477,-5.330947489208645
5352,pp,0.05,0.0,5,1.4768206787109373,-4.277303074345444,-3.8016701420148213
5353,do,0.05,0.0,10,1.171017339229584,-5.098637476834384,-4.7217485745747885
5354,pp,0.05,0.0,6,0.7253399598598476,-5.499125860676621,-4.472396768463982
5355,do,0.05,0.0,13,1.9358185422420497,-5.650115257320982,-5.715498656696743
5356,pp,0.05,0.0,68,1.738811123371125,-6.514244638789783,-5.687324417961968
5357,do,0.05,0.0,13,0.9939762341976168,-6.042951580972383,-5.469717857572768
5358,pp,0.05,0.0,7,0.8371901035308831,-5.4268107385346385,-4.5003385411368475
5359,do,0.05,0.0,8,0.99332951426506,-5.290820131879864,-5.122132862938775
5360,pp,0.05,0.0,2,-0.26265977382659855,-4.995129014506484,-4.37784841325548
5361,do,0.05,0.0,13,0.37394521355628996,-6.053094940474539,-5.674310575591194
5362,pp,0.05,0.0,56,1.8402683973312381,-7.334558693567912,-6.170245830217997
5363,do,0.05,0.0,18,1.4713758122920995,-5.519920629443544,-5.659683728218079
5364,pp,0.05,0.0,18,1.1261569106578833,-5.8494404431545375,-4.640356944666968
5365,do,0.05,0.0,70,2.6533487606048585,-8.72377125566656,-9.205603517426384
5366,pp,0.05,0.0,6,0.6177438461780547,-5.281905661207257,-4.670651814672682
5367,do,0.05,0.0,9,1.3149251115322107,-5.812179348685524,-5.833561846945021
5368,pp,0.05,0.0,70,0.43534659385681174,-8.119537151221072,-7.587545863787333
5369,do,0.05,0.0,20,1.6117667484283444,-6.185154585404829,-6.037954150305854
5370,pp,0.05,0.0,5,0.513027852773666,-4.938271057244503,-4.255290664566887
5371,do,0.05,0.0,34,1.4604078471660618,-7.7522133552666865,-6.80850559870402
5372,pp,0.05,0.0,6,-0.11996575355529782,-5.740686415181015,-4.9973920212851635
5373,do,0.05,0.0,21,1.9155505967140192,-5.950408263639971,-6.993727535671658
5374,pp,0.05,0.0,70,0.6867625272274012,-9.10563578894644,-7.0148453924391
5375,do,0.05,0.0,19,1.3041488766670222,-7.465769542347301,-6.139084892802768
5376,pp,0.05,0.0,8,0.9269221532344822,-5.583249765453917,-4.767915715111626
5377,do,0.05,0.0,11,1.3173302888870246,-6.191285941095063,-5.503385827276442
5378,pp,0.05,0.0,7,-0.1677098739147187,-6.2706397157726865,-4.942939098676046
5379,do,0.05,0.0,12,2.1147635543346404,-5.769876367395574,-5.784894270367093
5380,pp,0.05,0.0,51,2.6463624155521392,-6.453932948545976,-5.863539634810554
5381,do,0.05,0.0,19,1.2356524789333339,-6.062022675889911,-5.88792294661204
5382,pp,0.05,0.0,7,0.3771679735183717,-5.046162953521266,-4.155481975608402
5383,do,0.05,0.0,5,0.3911788189411167,-5.474971368096091,-5.0273307296964855
5384,pp,0.05,0.0,5,-0.14217482686042793,-5.733829460722028,-4.701182834307352
5385,do,0.05,0.0,5,0.38071043014526396,-5.953091222589666,-5.246398358874851
5386,pp,0.05,0.0,31,0.41801035165786793,-7.402487629110163,-5.774784705373976
5387,do,0.05,0.0,6,0.07609493374824527,-6.183304614731759,-5.543246006965637
5388,pp,0.05,0.0,12,1.3565827322006223,-5.502691294930198,-4.626278519630432
5389,do,0.05,0.0,8,0.658485425710678,-5.398787473909783,-5.1370552725262115
5390,pp,0.05,0.0,12,0.3642522037029261,-5.458435464627815,-4.643596174981859
5391,do,0.05,0.0,11,0.8892804217338561,-4.657899833448005,-4.997532237900628
5392,pp,0.05,0.0,11,1.1098465251922605,-5.526225328445435,-4.696883214844598
5393,do,0.05,0.0,15,1.6790053308010098,-5.0778970516089235,-5.998763897683886
5394,pp,0.05,0.0,6,-0.20317906975746158,-5.829544980598219,-4.873274403148227
5395,do,0.05,0.0,10,0.37637390851974484,-5.7575832525889075,-5.401485588815477
5396,pp,0.05,0.0,29,0.5676565194129939,-7.499037679036459,-6.354428423775567
5397,do,0.05,0.0,40,3.4239062726497647,-6.9968358531142725,-6.591670346260071
5398,pp,0.05,0.0,5,0.4394881820678709,-5.279487362774936,-4.489057585928175
5399,do,0.05,0.0,18,1.8465571701526642,-4.72947735786438,-4.606363373332553
5400,pp,0.05,0.0,11,1.04225826382637,-5.193047667994644,-4.292690266503228
5401,do,0.05,0.0,17,0.6529495930671692,-6.155576938571352,-5.621802745925056
5402,pp,0.05,0.0,4,0.3168120884895318,-4.8139246449326025,-4.297856291135152
5403,do,0.05,0.0,8,0.9291687226295471,-5.371688695387407,-5.065280792448256
5404,pp,0.05,0.0,1,-0.7361109280586238,-5.167677337473089,-4.568716083632575
5405,do,0.05,0.0,9,1.3456284999847412,-5.617328151067098,-5.078306518660652
5406,pp,0.05,0.0,2,-0.44071278929710456,-5.376803902423743,-4.653606160481771
5407,do,0.05,0.0,8,0.9552777302265172,-5.8986233913537225,-5.245107968648274
5408,pp,0.05,0.0,4,-0.17210127711296064,-5.385701361569491,-4.646995274225871
5409,do,0.05,0.0,39,3.4522736787796022,-5.83873798196966,-5.445613559087118
5410,pp,0.05,0.0,14,2.765277885198593,-5.70656193819913,-4.513460287782881
5411,do,0.05,0.0,18,1.1072094440460205,-4.895824208404079,-5.241420886251661
5412,pp,0.05,0.0,14,1.1827419793605802,-6.1232439185633805,-5.32830171585083
5413,do,0.05,0.0,32,1.1031834137439738,-7.722395447528723,-8.818858130772908
5414,pp,0.05,0.0,26,2.869793697595596,-7.638760813799771,-6.327985254923503
5415,do,0.05,0.0,45,1.436306068897247,-5.728297795671406,-5.398442069689433
5416,pp,0.05,0.0,40,1.7717321908473966,-4.987474075953165,-4.574778465429942
5417,do,0.05,0.0,63,1.7818859815597543,-6.109986315351544,-5.8796003924475775
5418,pp,0.05,0.0,7,1.1682680153846734,-4.576675059578635,-3.986340562502543
5419,do,0.05,0.0,23,1.5927180707454678,-7.883914750995058,-7.248767031563653
5420,pp,0.05,0.0,24,3.1189086794853216,-5.14602904030771,-4.491085995568169
5421,do,0.05,0.0,63,3.0384648740291587,-5.762961260477701,-5.537377373377482
5422,pp,0.05,0.0,31,1.97763188958168,-4.728200783874049,-4.066229687796699
5423,do,0.05,0.0,13,1.5602960956096652,-4.758367344827363,-4.8051956997977365
5424,pp,0.05,0.0,12,1.362167285680771,-5.3319094975789385,-4.5903767241372
5425,do,0.05,0.0,70,1.1002224504947655,-10.298660622221051,-9.83570081922743
5426,pp,0.05,0.0,6,1.6035809934139245,-4.195145476948131,-3.7766550289260015
5427,do,0.05,0.0,70,1.4239812350273144,-9.30779695077376,-8.503746636708577
5428,pp,0.05,0.0,23,3.049038158655166,-4.8790642406001234,-4.437860321998596
5429,do,0.05,0.0,70,0.9377836382389066,-8.998210068904992,-7.794702082210117
5430,pp,0.05,0.0,17,1.4325500178337105,-4.570413836565884,-3.8120355314678616
5431,do,0.05,0.0,70,1.6558456730842597,-9.026315602389248,-7.962111414803399
5432,pp,0.05,0.0,17,1.6166199564933779,-5.461741511027018,-4.608734938833448
5433,do,0.05,0.0,70,0.48843679308891375,-12.063788148128625,-11.163459592395359
5434,pp,0.05,0.0,4,0.8417310678958891,-4.430404272946444,-3.8411046451992457
5435,do,0.05,0.0,70,0.5788308680057526,-8.926629294771137,-7.936522232161628
5436,pp,0.05,0.0,7,0.6985120379924767,-4.972039946642789,-4.206941299968296
5437,do,0.05,0.0,63,0.442532222270966,-9.1560378334739,-8.355192142062718
5438,pp,0.05,0.0,6,0.6796613860130307,-4.364355717283306,-3.938043264547984
5439,do,0.05,0.0,7,0.28303780078887897,-7.069201924584129,-6.187293455335829
5440,pp,0.05,0.0,13,2.643350957632065,-4.793549909013691,-4.518805972735087
5441,do,0.05,0.0,45,0.6364529478549965,-8.153062519882665,-7.203815031051636
5442,pp,0.05,0.0,18,1.83737359046936,-4.9605478142247055,-4.512790834903717
5443,do,0.05,0.0,9,0.7417707991600047,-8.48098093957612,-8.528181007173327
5444,pp,0.05,0.0,7,1.9052977538108822,-4.605792493531198,-3.832470413049062
5445,do,0.05,0.0,6,0.21427024126052796,-6.479351482969342,-6.223212570614285
5446,pp,0.05,0.0,15,2.074542642831802,-5.780308404113307,-5.0578124761581424
5447,do,0.05,0.0,11,0.8377022218704226,-6.150622127995346,-6.384852944480048
5448,pp,0.05,0.0,8,1.0611115026473996,-4.455104106845278,-3.858812654018402
5449,do,0.05,0.0,5,-0.17315050363540596,-6.092800076802572,-5.719043567445543
5450,pp,0.05,0.0,70,1.8673175287246702,-7.452945017092156,-6.535115872489081
5451,do,0.05,0.0,35,0.2225776028633124,-10.880074284293435,-11.114478323194716
5452,pp,0.05,0.0,9,2.153978844881058,-4.78411055911671,-4.095819613668653
5453,do,0.05,0.0,12,0.37297055840492277,-6.093700135837902,-5.42625031736162
5454,pp,0.05,0.0,10,0.8286471974849698,-5.381259860414447,-4.54250521130032
5455,do,0.05,0.0,70,0.9522891068458552,-12.068272480820164,-12.394101736280653
5456,pp,0.05,0.0,12,1.5923030173778532,-4.235683740991535,-3.889937384923299
5457,do,0.05,0.0,70,2.710925246477127,-7.128507245670665,-6.460556480619642
5458,pp,0.05,0.0,20,1.1577557206153868,-4.82433107549494,-4.293299757109748
5459,do,0.05,0.0,18,1.4423343539237976,-5.777944561929414,-5.607769049538506
5460,pp,0.05,0.0,18,2.1585810852050775,-5.461352554957072,-4.829775357246399
5461,do,0.05,0.0,46,0.6233756804466246,-10.310927087610418,-9.151903099483913
5462,pp,0.05,0.0,10,1.7312053954601296,-4.395414238265066,-3.872115569644504
5463,do,0.05,0.0,19,0.6100417542457572,-5.302452003594601,-5.455933250321282
5464,pp,0.05,0.0,19,1.0744006073474885,-5.128017808451797,-4.528682023949093
5465,do,0.05,0.0,12,1.9249816548824308,-4.72131667137146,-4.731046104431153
5466,pp,0.05,0.0,13,1.1184109044075008,-5.145900138219198,-4.49129235347112
5467,do,0.05,0.0,70,4.726730843782425,-7.145548556067727,-7.057833589447869
5468,pp,0.05,0.0,13,1.3115602469444267,-5.1278291543324785,-4.523765610324012
5469,do,0.05,0.0,39,3.338928349018097,-8.533572588544903,-7.840259493721856
5470,pp,0.05,0.0,7,1.4374492657184605,-5.025070608023441,-4.435088405344222
5471,do,0.05,0.0,70,1.378278033733368,-11.173734260327889,-9.683957576751709
5472,pp,0.05,0.0,13,2.500306862592697,-5.384196155721491,-4.347730872366164
5473,do,0.05,0.0,48,2.5980894815921776,-8.656441750670924,-8.573201407326593
5474,pp,0.05,0.0,20,0.9905035209655759,-4.908191201181123,-4.5142670578426785
5475,do,0.05,0.0,70,0.8643121945858017,-9.43116636276245,-9.994329828686185
5476,pp,0.05,0.0,5,0.2507358574867249,-4.6414506377595846,-4.011661269929674
5477,do,0.05,0.0,13,-0.7310708093643186,-7.102609304948286,-6.2255923509597775
5478,pp,0.05,0.0,3,0.01286940336227449,-5.2702335184270686,-4.56871173646715
5479,do,0.05,0.0,6,-0.5111969089508062,-7.187540392442183,-6.772368950313992
5480,pp,0.05,0.0,4,0.1669436740875252,-4.514271769379125,-3.9201611280441284
5481,do,0.05,0.0,9,0.7442139410972599,-6.750618769905784,-6.5355964263280235
5482,pp,0.05,0.0,11,1.1635486733913423,-4.539415628259833,-4.209721267223358
5483,do,0.05,0.0,5,-0.36278453588485693,-6.667986885706584,-5.864693477418688
5484,pp,0.05,0.0,8,0.30635360240936294,-5.16167523355195,-4.556392280260722
5485,do,0.05,0.0,13,0.9372488915920254,-6.154654955141472,-5.793529706531101
5486,pp,0.05,0.0,4,-0.640025577545166,-5.647971510164665,-4.7956170558929445
5487,do,0.05,0.0,11,2.3879627597332,-6.996743335145893,-7.161871796184116
5488,pp,0.05,0.0,4,0.9795937979221341,-4.528273205323653,-3.992724593480428
5489,do,0.05,0.0,12,1.976695111989975,-6.178399973204642,-5.48593430519104
5490,pp,0.05,0.0,5,0.7783874773979189,-5.779793912714178,-4.7324494361877445
5491,do,0.05,0.0,67,1.0463975501060485,-7.627155475905448,-7.2018521706263225
5492,pp,0.05,0.0,5,0.3125094389915466,-5.099075415640167,-4.357805652088589
5493,do,0.05,0.0,6,-0.25482315897941543,-6.967903882806952,-5.858050905333625
5494,pp,0.05,0.0,7,1.1554366004467012,-4.890722774736809,-4.155510024229685
5495,do,0.05,0.0,9,0.630302670001984,-5.936473527099147,-5.327580934100681
5496,pp,0.05,0.0,8,0.7810907459259031,-5.079027431661433,-4.248227450582716
5497,do,0.05,0.0,29,0.11442709565162623,-8.115968506263965,-7.516861931482951
5498,pp,0.05,0.0,6,0.43644315242767373,-5.036179132172555,-4.20987981028027
5499,do,0.05,0.0,70,0.7014314150810232,-11.250215910420273,-10.869835074742635
5500,pp,0.05,0.0,6,0.9521871328353884,-4.970712833693534,-4.324879993332757
5501,do,0.05,0.0,8,0.7100976896286015,-6.043407435850663,-5.224290874269274
5502,pp,0.05,0.0,4,-0.36507556915283246,-5.739676202427257,-4.822505762841966
5503,do,0.05,0.0,5,-0.1907933449745176,-7.089996878306071,-5.827839533487956
5504,pp,0.05,0.0,16,0.35735067844390755,-7.054053767522176,-5.671740033891466
5505,do,0.05,0.0,10,1.3383351337909701,-5.826007850242384,-4.969618752267626
5506,pp,0.05,0.0,5,1.0976033043861388,-4.996641845414133,-4.150046499570211
5507,do,0.05,0.0,7,0.4623502767086034,-5.444227821176702,-4.93269661532508
5508,pp,0.05,0.0,3,0.4616841018199924,-5.489861918940688,-4.6992955896589494
5509,do,0.05,0.0,6,0.48460163712501547,-6.308190695444742,-5.42443307240804
5510,pp,0.05,0.0,3,-0.6430399525165553,-6.394676641984419,-5.278538582060072
5511,do,0.05,0.0,11,2.5672488844394676,-4.873958670009266,-4.70242493947347
5512,pp,0.05,0.0,10,2.0800865781307225,-4.751844144589973,-4.324504182073805
5513,do,0.05,0.0,64,0.8288392770290365,-9.032763460910681,-8.078619395362006
5514,pp,0.05,0.0,1,-0.7693234765529633,-5.570658198269931,-4.787915137079027
5515,do,0.05,0.0,5,0.15310598492622418,-6.141335688215314,-5.211652183532715
5516,pp,0.05,0.0,69,0.9476937901973717,-10.084473648938266,-8.267107057571412
5517,do,0.05,0.0,70,1.1367466056346895,-10.975698865543713,-11.086764838960436
5518,pp,0.05,0.0,11,1.3867488372325898,-4.766806414633086,-4.1896133383115135
5519,do,0.05,0.0,44,-0.22782696604728692,-7.660577187393651,-6.5735831472608774
5520,pp,0.05,0.0,25,0.6319982779026034,-7.141600487448953,-6.363162204954359
5521,do,0.05,0.0,1,-0.8529149568080898,-5.948224284432151,-5.371778806050618
5522,pp,0.05,0.0,5,-0.4822306466102608,-5.854784734321363,-4.703407404157851
5523,do,0.05,0.0,9,1.073786803483963,-5.290002808426365,-5.268933876355489
5524,pp,0.05,0.0,5,1.0497912430763243,-4.458966737804991,-3.9542278038130867
5525,do,0.05,0.0,1,-0.7744067740440368,-5.927077150344848,-5.335390933354696
5526,pp,0.05,0.0,5,-0.3060799622535706,-5.952572126099557,-4.804407776726617
5527,do,0.05,0.0,3,-0.35886691570281926,-6.5796234665494975,-5.8526385201348194
5528,pp,0.05,0.0,8,1.3894890582561494,-5.009369470133926,-4.449628146489461
5529,do,0.05,0.0,6,-0.8699038410186768,-7.306257752216223,-6.604447873433431
5530,pp,0.05,0.0,69,0.12213205695152318,-8.75491815624815,-7.607935248480903
5531,do,0.05,0.0,7,1.0655740487575533,-6.695396274508852,-5.4088128672705755
5532,pp,0.05,0.0,7,1.8002417957782741,-4.647345856464271,-4.029594355159336
5533,do,0.05,0.0,70,1.758535559177398,-9.07900967164473,-7.974999046325683
5534,pp,0.05,0.0,18,2.454653697013855,-5.3667569131562205,-4.553981183634864
5535,do,0.05,0.0,6,-0.5989753699302671,-7.2148755030198535,-6.149015294180976
5536,pp,0.05,0.0,5,0.36360627293586756,-4.696204266403661,-4.181918745570712
5537,do,0.05,0.0,6,-0.19333422899246155,-6.168424721920129,-5.026471426751878
5538,pp,0.05,0.0,3,-0.22211559653282187,-4.973491282896562,-4.252949571609497
5539,do,0.05,0.0,13,0.6884572696685787,-5.547135603066646,-5.136987686157227
5540,pp,0.05,0.0,6,0.3626327633857729,-5.0805437622648295,-4.413661148813036
5541,do,0.05,0.0,20,1.5563075888156899,-5.632573067058217,-5.15809383392334
5542,pp,0.05,0.0,13,0.6443930566310883,-5.406880242896802,-4.628427812788222
5543,do,0.05,0.0,1,-0.8123032200336455,-5.772644654187289,-5.16929620636834
5544,pp,0.05,0.0,42,0.1565541756153106,-6.981484560533003,-6.339929827054342
5545,do,0.05,0.0,1,-0.9868204689025877,-5.952552857543483,-5.285315608978271
5546,pp,0.05,0.0,13,1.001115868091583,-4.354212541291208,-4.042468125290341
5547,do,0.05,0.0,27,2.0818816339969635,-6.668850943536469,-6.556703702608744
5548,pp,0.05,0.0,40,3.901919687986375,-7.710721400289825,-6.63756427499983
5549,do,0.05,0.0,14,2.7330932497978218,-5.43703116792621,-4.863257341914707
5550,pp,0.05,0.0,9,1.9268254470825186,-5.541833941141764,-4.72888544400533
5551,do,0.05,0.0,4,-0.2826860749721529,-5.903319192655159,-5.305684587690565
5552,pp,0.05,0.0,44,0.2645879447460171,-8.399216718384714,-6.395703048176236
5553,do,0.05,0.0,70,0.7512780725955963,-9.283996298818877,-9.413384750154282
5554,pp,0.05,0.0,6,1.0493694746494286,-5.5727457321051395,-4.870905441708035
5555,do,0.05,0.0,29,1.0376933777332313,-7.3518448020472675,-6.804518683751424
5556,pp,0.05,0.0,19,1.285748833417892,-5.061153192231149,-4.724477566613091
5557,do,0.05,0.0,14,-0.26517841935157804,-6.256407557111798,-5.940773895051744
5558,pp,0.05,0.0,3,-0.42595280766487154,-5.171295897165934,-4.454534141222636
5559,do,0.05,0.0,21,-0.5653545844554904,-8.258934006546482,-6.790481636259291
5560,pp,0.05,0.0,70,0.16401275396347081,-8.647340994170218,-7.014974493450588
5561,do,0.05,0.0,3,-0.9771631026268004,-6.578257237058697,-5.9722387658225164
5562,pp,0.05,0.0,24,0.6264835286140453,-7.649285145961877,-6.130657262272305
5563,do,0.05,0.0,39,1.1219855964183818,-7.315267447269324,-6.9919935756259495
5564,pp,0.05,0.0,11,0.8154843342304225,-5.113687718998302,-4.027896953953637
5565,do,0.05,0.0,9,1.4989182293415073,-5.169507194287849,-4.785943953196208
5566,pp,0.05,0.0,3,-0.1880954134464261,-4.504426641175241,-3.878370483716329
5567,do,0.05,0.0,37,2.808359589576721,-7.6321660764289625,-6.331468613942464
5568,pp,0.05,0.0,13,1.7946222817897794,-4.452680311780988,-4.044018235471514
5569,do,0.05,0.0,70,3.4149148297309875,-8.301443166443796,-7.237434429592557
5570,pp,0.05,0.0,11,1.8925674700737005,-5.069250272982048,-4.282673046323988
5571,do,0.05,0.0,7,0.4949308729171751,-5.55430677876328,-5.056001581086052
5572,pp,0.05,0.0,5,0.3169744122028355,-4.657834047259707,-4.0374201019605005
5573,do,0.05,0.0,69,1.7775289547443398,-8.570007233186201,-7.657883821593391
5574,pp,0.05,0.0,4,0.41514070510864265,-4.873391704848318,-4.086182567808363
5575,do,0.05,0.0,36,3.1728965079784395,-7.169440253575643,-6.927955203586155
5576,pp,0.05,0.0,19,1.568505083322525,-4.721168905315977,-4.3052265710300865
5577,do,0.05,0.0,70,0.8180545079708104,-8.033686789599331,-7.272974157333374
5578,pp,0.05,0.0,45,0.8826707375049603,-7.059185528032708,-5.979968415366279
5579,do,0.05,0.0,34,1.372951784133912,-8.853236881891887,-7.785503782166375
5580,pp,0.05,0.0,37,1.2309342265129093,-7.0025169343659375,-6.253750822279188
5581,do,0.05,0.0,70,0.5884114277362826,-8.653390277515758,-7.775868972142537
5582,pp,0.05,0.0,68,0.7669046878814694,-7.745602625066584,-6.83345447646247
5583,do,0.05,0.0,33,2.2740967309474938,-8.992292583349979,-6.657284903526306
5584,pp,0.05,0.0,56,1.6772364675998688,-7.233024909279563,-6.317305819193522
5585,do,0.05,0.0,49,0.433822224140167,-9.246527264334938,-8.820733303493924
5586,pp,0.05,0.0,7,0.049962968826294585,-5.162996043580951,-4.665824598736233
5587,do,0.05,0.0,9,2.1471678602695468,-5.478477667317246,-5.06447930071089
5588,pp,0.05,0.0,3,0.23241273403167728,-4.760930129253503,-4.2078349961174855
5589,do,0.05,0.0,67,-0.5796255779266364,-12.725869719187418,-11.427137904696995
5590,pp,0.05,0.0,5,0.04234613299369805,-5.446481982144443,-4.547853014204237
5591,do,0.05,0.0,7,0.23703842282295273,-6.7701172583030935,-5.375840605629815
5592,pp,0.05,0.0,58,0.7644291877746578,-7.584997201688362,-6.373485700289408
5593,do,0.05,0.0,43,2.9323590588569646,-7.72802433534102,-6.6768764893213906
5594,pp,0.05,0.0,6,1.7097953462600701,-4.4986588680382935,-3.8268901003731624
5595,do,0.05,0.0,70,1.5891932201385508,-10.423170644586737,-9.467709255218505
5596,pp,0.05,0.0,8,0.6146742856502527,-5.0853220000411525,-4.460705036587186
5597,do,0.05,0.0,57,2.265802179574967,-9.533158984328761,-8.921658078829447
5598,pp,0.05,0.0,3,-0.32535440683364847,-5.244688885139697,-4.505909217728509
5599,do,0.05,0.0,45,1.3269441723823547,-10.638815025849777,-9.569164143668281
5600,pp,0.05,0.0,70,-0.2950304675102249,-9.472117280960083,-8.050596793492636
5601,do,0.05,0.0,11,2.683558531999588,-5.8564715313188955,-5.32321232424842
5602,pp,0.05,0.0,15,2.7793248116970064,-5.624577611865419,-4.686409446928236
5603,do,0.05,0.0,70,2.069633253812791,-7.359335597356161,-6.525099521213107
5604,pp,0.05,0.0,4,0.20774623513221702,-4.889107199871179,-4.329375211397807
5605,do,0.05,0.0,9,1.7494823062419895,-5.819297868555243,-5.317264623112148
5606,pp,0.05,0.0,5,0.09607703328132633,-5.8201447588024715,-4.795640174547831
5607,do,0.05,0.0,11,0.17642602682113662,-7.806521381031383,-6.646427077717251
5608,pp,0.05,0.0,8,0.5638173842430119,-5.115921782002305,-4.638043106926812
5609,do,0.05,0.0,70,0.9221853315830222,-7.467164782321814,-6.655289565192328
5610,pp,0.05,0.0,9,1.24919371008873,-5.422406534715132,-4.617348472277324
5611,do,0.05,0.0,8,0.3478891003131874,-6.177252434239243,-5.796705198287964
5612,pp,0.05,0.0,34,1.0471765613555908,-6.20490030375394,-5.558464550971985
5613,do,0.05,0.0,8,1.156500679254532,-5.130859263737997,-5.055959047211541
5614,pp,0.05,0.0,4,-0.5058366060256958,-5.447774303320682,-4.405035678545634
5615,do,0.05,0.0,58,1.0366046440601355,-9.282959406303638,-8.157623667187162
5616,pp,0.05,0.0,49,0.20840114235878104,-7.552820971517852,-6.22403269343906
5617,do,0.05,0.0,8,0.10887751221656838,-6.035222134445653,-5.850636095470852
5618,pp,0.05,0.0,22,0.37598426818847663,-6.0115804412148215,-5.23008263376024
5619,do,0.05,0.0,7,0.36755151748657244,-5.5522722908944795,-5.27529239124722
5620,pp,0.05,0.0,5,0.09774557709693887,-5.2636724529844345,-4.45124708281623
5621,do,0.05,0.0,37,1.3414778101444256,-7.8875492775078975,-6.897120420138041
5622,pp,0.05,0.0,21,1.4631174242496492,-4.863175660913641,-4.172681866751777
5623,do,0.05,0.0,13,2.176150422096253,-5.544488992113056,-4.765923235151503
5624,pp,0.05,0.0,17,2.6710021233558656,-4.813275197058013,-4.491032274564107
5625,do,0.05,0.0,10,1.0274330508708953,-6.018577147975113,-6.119786911540562
5626,pp,0.05,0.0,50,0.73021654844284,-7.217298013513738,-5.956125728289286
5627,do,0.05,0.0,9,0.5016427016258245,-5.402523711233428,-5.375145392947727
5628,pp,0.05,0.0,34,0.08734969735145626,-6.822414908264623,-5.926151161723666
5629,do,0.05,0.0,70,2.1105417287349706,-8.496196592215336,-7.436453715960185
5630,pp,0.05,0.0,49,1.1737020719051365,-6.792499715631658,-5.781995185216268
5631,do,0.05,0.0,13,1.4003292834758767,-5.258689189679695,-4.980838521321615
5632,pp,0.05,0.0,17,2.1881544995307918,-5.683705337119825,-5.767176548639934
5633,do,0.05,0.0,2,-0.7393602645397186,-6.281225754997947,-5.571355271339416
5634,pp,0.05,0.0,12,0.6966003727912904,-5.382370747941913,-4.531287794642978
5635,do,0.05,0.0,24,1.6675295197963722,-5.569461620215214,-5.617561393313938
5636,pp,0.05,0.0,4,0.12912536263465935,-5.640498583244555,-4.655978584289551
5637,do,0.05,0.0,4,-0.5294996988773342,-6.447644173015248,-5.751387699445089
5638,pp,0.05,0.0,20,1.3220099282264712,-6.334176095326741,-5.230399937099881
5639,do,0.05,0.0,4,0.0012969505786903923,-6.439427666230635,-5.652272764841715
5640,pp,0.05,0.0,3,-0.5122697138786316,-4.68628653901996,-4.077141104804145
5641,do,0.05,0.0,10,0.24846311569213864,-6.362104124011416,-5.760034301545885
5642,pp,0.05,0.0,8,1.123520280122757,-4.653401658029267,-3.878789864646064
5643,do,0.05,0.0,26,0.7413972282409667,-9.380141724962177,-8.112429836061265
5644,pp,0.05,0.0,8,1.2930993127822878,-4.935143943266435,-3.944393132792579
5645,do,0.05,0.0,25,-0.1561460816860194,-9.63620622808283,-8.522080906232198
5646,pp,0.05,0.0,3,-0.02077366948127679,-5.206320058938228,-4.392810257275899
5647,do,0.05,0.0,18,2.062424154281617,-9.961638031583844,-9.558298556009929
5648,pp,0.05,0.0,5,1.3220720422267913,-4.283262762878881,-3.692719560199314
5649,do,0.05,0.0,4,0.11134629249572825,-6.332203628077652,-5.171237428983052
5650,pp,0.05,0.0,3,0.08163453698158296,-5.072601637695775,-4.2552657922108965
5651,do,0.05,0.0,3,-0.418555839061737,-6.231077675385909,-5.439364284939236
5652,pp,0.05,0.0,4,0.19010602474212668,-4.680244453025587,-4.147621443536546
5653,do,0.05,0.0,9,0.5162474012374885,-6.295319278312452,-6.795244683159722
5654,pp,0.05,0.0,5,1.019065173864365,-4.540106977115978,-3.7849012242423163
5655,do,0.05,0.0,70,0.3188266825675967,-9.348471130024302,-8.641034475962321
5656,pp,0.05,0.0,15,0.7505078411102293,-5.029741970698039,-4.4418210956785416
5657,do,0.05,0.0,6,-0.07940144777297942,-5.590255091407082,-4.859639104207357
5658,pp,0.05,0.0,6,0.5530100250244141,-4.989901367823283,-4.277515694830153
5659,do,0.05,0.0,6,0.2559735429286958,-6.981426259243127,-5.676136271158854
5660,pp,0.05,0.0,5,0.2570973622798922,-5.03212370150017,-4.041492609182994
5661,do,0.05,0.0,3,-0.49614040851593,-6.24420662504254,-5.299707004759047
5662,pp,0.05,0.0,4,0.04343752384185784,-4.840273110071818,-4.183141133520338
5663,do,0.05,0.0,7,0.10107094764709501,-6.8102481278506195,-5.755268314149645
5664,pp,0.05,0.0,8,1.7607987570762633,-5.4118768937659985,-4.816151870621575
5665,do,0.05,0.0,11,2.0066784703731537,-6.01175936496619,-5.414652379353841
5666,pp,0.05,0.0,4,0.9289264500141137,-4.934813638166948,-3.961878373887804
5667,do,0.05,0.0,6,0.40192594408988924,-5.523535705335212,-4.865744413269891
5668,pp,0.05,0.0,53,1.7791914081573497,-6.080949274698893,-5.1182357337739735
5669,do,0.05,0.0,15,1.6823305392265322,-5.378482851837621,-5.54327913125356
5670,pp,0.05,0.0,10,1.1830476462841037,-4.749065925135757,-4.093499755859375
5671,do,0.05,0.0,3,-0.11698199033737211,-5.712472688790523,-4.7413146548800995
5672,pp,0.05,0.0,5,-0.05567491412162795,-5.342618920586326,-4.526248150401646
5673,do,0.05,0.0,20,2.5352346456050867,-8.216433671026518,-7.434222772386339
5674,pp,0.05,0.0,24,2.5751214432716374,-5.854105859814268,-5.00829301542706
5675,do,0.05,0.0,3,-0.13411597847938506,-6.030042058771307,-5.241698903507657
5676,pp,0.05,0.0,4,-0.11973581790924026,-5.1629770235581836,-4.361288743548923
5677,do,0.05,0.0,9,1.2474480068683622,-5.543836004083807,-5.119950580596924
5678,pp,0.05,0.0,10,-0.11797731399536104,-7.582592115980206,-6.475075414445665
5679,do,0.05,0.0,4,0.17201484680175838,-5.789876225500396,-5.40601093504164
5680,pp,0.05,0.0,10,1.3965502619743342,-4.840682726195364,-4.488684488667382
5681,do,0.05,0.0,9,1.1710494554042814,-6.538778773221103,-5.97321826616923
5682,pp,0.05,0.0,10,0.031117693185807482,-8.498345812884244,-6.549141277207268
5683,do,0.05,0.0,18,2.221226931810379,-7.08478115977663,-6.690162950091892
5684,pp,0.05,0.0,7,1.0170507216453553,-4.663138875094327,-4.258980951044294
5685,do,0.05,0.0,6,0.03725347518920863,-6.175351798895633,-5.574740229712592
5686,pp,0.05,0.0,11,1.3277742612361907,-4.695371236223163,-3.813450785477956
5687,do,0.05,0.0,5,-0.26094046235084534,-6.721195911638665,-5.732548477914598
5688,pp,0.05,0.0,17,0.5567712485790253,-6.007469564495665,-4.775399669011434
5689,do,0.05,0.0,12,2.7328130304813385,-5.0345592440980855,-4.7086728387408785
5690,pp,0.05,0.0,5,0.6633005607128144,-4.4089342680844394,-4.038120234012604
5691,do,0.05,0.0,5,-0.19628479599952708,-5.721309472575332,-5.45667355855306
5692,pp,0.05,0.0,70,0.128911845684053,-7.194208500602029,-6.396933428446451
5693,do,0.05,0.0,68,1.1353543901443484,-7.607904166886301,-6.784455355008443
5694,pp,0.05,0.0,4,0.23435299992561376,-5.582564332268455,-4.709667801856995
5695,do,0.05,0.0,8,-0.17379517912864717,-6.421485591657234,-5.7186820215649075
5696,pp,0.05,0.0,2,-0.5817462968826295,-5.555635644450332,-4.598648479249742
5697,do,0.05,0.0,18,0.3663822913169854,-6.214767736377138,-5.794568271107144
5698,pp,0.05,0.0,3,-0.5354396057128907,-5.743922248031154,-4.868941161367628
5699,do,0.05,0.0,25,2.0739047980308527,-6.53361869725314,-5.712818630536398
5700,pp,0.05,0.0,11,2.1385802435874943,-5.4353207617095025,-4.743356405364143
5701,do,0.05,0.0,7,2.0708248174190524,-5.1705793236241195,-4.632335551579794
5702,pp,0.05,0.0,13,1.4454470241069792,-5.898174693367698,-5.215260484483507
5703,do,0.05,0.0,9,0.12272586703300448,-5.926357831376972,-5.48026708761851
5704,pp,0.05,0.0,11,0.7210663509368898,-5.224726918249419,-4.550651976797316
5705,do,0.05,0.0,7,-0.1062041640281679,-8.202634584542476,-6.665139044655694
5706,pp,0.05,0.0,11,1.610711612701416,-5.06833425579649,-4.492686242527432
5707,do,0.05,0.0,6,0.020238841772078686,-6.047096116615064,-5.784967584080166
5708,pp,0.05,0.0,4,0.09044452309608442,-5.525807379231308,-4.677404469913906
5709,do,0.05,0.0,13,2.86198352575302,-5.4105268868533045,-5.280014220873515
5710,pp,0.05,0.0,5,0.9945496582984923,-5.145916784170902,-4.248825430870056
5711,do,0.05,0.0,2,-0.32139980435371385,-5.679552789167924,-5.089810477362739
5712,pp,0.05,0.0,58,0.17565753698348985,-9.315700856122104,-8.38933810128106
5713,do,0.05,0.0,5,-0.3561507701873774,-5.450722766645027,-5.4402677006191675
5714,pp,0.05,0.0,9,1.5184418451786037,-4.6601619749358205,-4.60099343723721
5715,do,0.05,0.0,10,0.07730497241020196,-5.898193167195176,-6.352780935499403
5716,pp,0.05,0.0,11,0.49454975247383093,-4.884776047504309,-4.4199678526984325
5717,do,0.05,0.0,11,1.5722351670265198,-5.753306839682839,-5.037543018658956
5718,pp,0.05,0.0,8,0.6443159461021422,-5.492776343316743,-4.665061193042331
5719,do,0.05,0.0,7,1.1309771871566774,-5.247913466077862,-5.023045825958252
5720,pp,0.05,0.0,70,0.5449897277355191,-7.926364585125085,-6.565359120898776
5721,do,0.05,0.0,2,-0.4689760375022889,-5.127123367425167,-4.74842532740699
5722,pp,0.05,0.0,4,0.2540171492099761,-4.952615301536791,-4.600895998213026
5723,do,0.05,0.0,9,-0.006673083305358318,-5.185501357280847,-5.488269164827135
5724,pp,0.05,0.0,10,0.6304261803627007,-4.89782676263289,-4.426348539193471
5725,do,0.05,0.0,7,1.33433745265007,-5.493129106001421,-5.040104055404663
5726,pp,0.05,0.0,6,1.07087798833847,-4.325432666142782,-3.69757112926907
5727,do,0.05,0.0,7,1.0769475996494293,-6.195698660070246,-5.914121932453579
5728,pp,0.05,0.0,4,0.5706155526638028,-5.178208835197218,-4.5466563092337715
5729,do,0.05,0.0,70,-0.21906532526016242,-11.423023390047478,-10.321971495946249
5730,pp,0.05,0.0,6,0.5834956538677218,-5.4687215487162275,-4.689063909318712
5731,do,0.05,0.0,28,2.2237711894512175,-5.669982642838449,-5.501409872372945
5732,pp,0.05,0.0,10,0.18050468444824208,-5.040544694842715,-4.541883238156637
5733,do,0.05,0.0,8,0.9006000053882603,-7.192803729664195,-7.372291530503167
5734,pp,0.05,0.0,7,0.24131382107734645,-6.168366214000818,-5.847037845187717
5735,do,0.05,0.0,10,0.8277720296382904,-5.562465157653346,-5.968128384484185
5736,pp,0.05,0.0,9,0.5525539159774784,-4.969275867577755,-4.500904287232293
5737,do,0.05,0.0,2,-0.3447313785552977,-5.597893784262917,-5.015963334507412
5738,pp,0.05,0.0,6,0.02180719852447499,-5.203970868659742,-4.487845420837402
5739,do,0.05,0.0,14,2.519001039266586,-6.874712494647864,-7.482339037789239
5740,pp,0.05,0.0,5,1.2296158921718598,-4.953808301867861,-4.201943405469259
5741,do,0.05,0.0,24,2.3001071739196775,-5.870292149168073,-5.482503832711114
5742,pp,0.05,0.0,10,1.824466012716294,-5.333334323131677,-4.534412753582001
5743,do,0.05,0.0,11,1.0106460106372834,-5.238032908873125,-5.027731198734707
5744,pp,0.05,0.0,9,1.7524178695678714,-4.750127064098011,-4.3345841526985165
5745,do,0.05,0.0,69,1.1116767811775201,-8.760584290822347,-8.39675662782457
5746,pp,0.05,0.0,7,1.049708409309388,-5.072999490391124,-4.355906777911716
5747,do,0.05,0.0,25,1.7009449744224545,-7.022927849220507,-6.276426341798571
5748,pp,0.05,0.0,15,1.6080518019199364,-5.5815814032699125,-4.796850127644009
5749,do,0.05,0.0,3,-0.4634452021121982,-6.456686677354755,-5.77282956706153
5750,pp,0.05,0.0,6,1.1772978138923644,-4.948310044317535,-4.592604218588935
5751,do,0.05,0.0,2,-0.2753178572654722,-5.361393896738688,-4.828840380244785
5752,pp,0.05,0.0,3,-0.22937803506851218,-4.930000247377338,-4.3484019094043305
5753,do,0.05,0.0,70,1.2215947115421297,-10.92430483933651,-10.253095642725627
5754,pp,0.05,0.0,17,3.243213827610015,-5.056253681760846,-4.251539707183838
5755,do,0.05,0.0,12,0.5767309653758996,-6.511819335186121,-6.450464460584852
5756,pp,0.05,0.0,11,0.8690198838710783,-5.552779119664972,-4.683064320352343
5757,do,0.05,0.0,24,2.525197347402571,-8.564968333099827,-10.25605812072754
5758,pp,0.05,0.0,7,1.1682889497280122,-5.214025975718643,-4.451558097203573
5759,do,0.05,0.0,22,0.22441521286964417,-7.9724446036598895,-6.79827934106191
5760,pp,0.05,0.0,61,0.20347918391227715,-7.1473279057127055,-6.078336026933458
5761,do,0.05,0.0,15,3.176315045356751,-6.004544746514522,-5.853017229504055
5762,pp,0.05,0.0,70,4.302955291271209,-6.381712677984527,-5.889648927582635
5763,do,0.05,0.0,22,2.5785626840591434,-4.948859311595108,-4.674390710724724
5764,pp,0.05,0.0,5,0.4663637244701384,-5.158413612481319,-4.167782097392612
5765,do,0.05,0.0,8,1.5965010297298434,-6.013133540298,-5.46232639948527
5766,pp,0.05,0.0,3,0.346934499740601,-4.6172587712605795,-4.162622600131565
5767,do,0.05,0.0,70,2.1703227257728583,-7.6888946822195345,-7.049147046936882
5768,pp,0.05,0.0,17,1.458181563615799,-5.311576389543938,-4.169005094634162
5769,do,0.05,0.0,9,2.2217135310173033,-5.919263677886038,-5.232962208324008
5770,pp,0.05,0.0,10,1.667741643190384,-4.782077819650824,-4.045546367433336
5771,do,0.05,0.0,6,0.658299595117569,-5.934398526856394,-5.605325555801391
5772,pp,0.05,0.0,4,0.3872967147827149,-5.16808469656742,-4.3744386805428395
5773,do,0.05,0.0,18,1.5406853795051578,-6.6358103708787395,-5.4941376129786175
5774,pp,0.05,0.0,8,0.8123398578166956,-4.7871482560128875,-3.877682121594747
5775,do,0.05,0.0,5,1.0691781520843504,-4.76352529814749,-4.288066758049859
5776,pp,0.05,0.0,54,1.2480357587337494,-5.5774219498489845,-4.869805607530806
5777,do,0.05,0.0,11,1.3286707723140712,-5.970249959194299,-5.534557957119412
5778,pp,0.05,0.0,6,1.1683524048328398,-5.202541367212931,-4.336514556407929
5779,do,0.05,0.0,7,0.9559614932537084,-6.853720157796686,-6.300542696317037
5780,pp,0.05,0.0,4,0.35680698752403206,-6.449236554810495,-5.538253855705261
5781,do,0.05,0.0,6,0.3665856611728664,-5.059272345629606,-5.5646847354041205
5782,pp,0.05,0.0,70,1.4103730177879337,-6.551074168176362,-6.0169389565785725
5783,do,0.05,0.0,16,1.873917582035065,-5.303821335416852,-5.302629701296488
5784,pp,0.05,0.0,10,1.0002144348621371,-5.746920695449367,-4.902061907450358
5785,do,0.05,0.0,14,3.6157824337482456,-5.787564196731105,-5.860452214876811
5786,pp,0.05,0.0,10,1.0243839299678799,-4.890743060545488,-4.494775202539232
5787,do,0.05,0.0,7,0.29668848752975485,-5.949424162777987,-5.274249283472697
5788,pp,0.05,0.0,6,-0.19859778761863733,-6.161289066256899,-4.879258500205146
5789,do,0.05,0.0,36,3.612414433956146,-6.868136942025387,-6.785822709401448
5790,pp,0.05,0.0,8,1.0546263957023614,-4.960185107317838,-4.147855510976579
5791,do,0.05,0.0,16,1.4107310593128206,-5.913258104613333,-5.76196387079027
5792,pp,0.05,0.0,8,0.6296622216701504,-5.371268325863462,-4.515571721394857
5793,do,0.05,0.0,27,0.9880886483192448,-7.254504303498702,-7.175565081172519
5794,pp,0.05,0.0,10,0.9735352301597597,-5.085693022699067,-4.281971865230137
5795,do,0.05,0.0,5,0.45022196054458696,-5.896711178981897,-5.649104589886136
5796,pp,0.05,0.0,7,-0.10946743369102485,-6.7464616616566975,-5.185146837764316
5797,do,0.05,0.0,70,-0.2711227202415465,-12.035290882804176,-11.670379145940144
5798,pp,0.05,0.0,4,0.1778631997108464,-4.804721635760683,-3.958005819055769
5799,do,0.05,0.0,8,-0.05992707252502427,-6.672835253224228,-6.0606440252727936
5800,pp,0.05,0.0,31,2.3727462959289554,-5.890494415976784,-5.140379187795851
5801,do,0.05,0.0,5,-0.6530738222599028,-7.360156333807743,-6.0089171833462185
5802,pp,0.05,0.0,25,0.03706826925277795,-7.240641650286588,-5.857592537668016
5803,do,0.05,0.0,7,0.009411818981170939,-6.105087362636219,-5.5268568595250445
5804,pp,0.05,0.0,5,0.0875209534168242,-4.943114058176676,-4.118456470966339
5805,do,0.05,0.0,6,1.2071909391880036,-5.507679927710331,-5.455864400333828
5806,pp,0.05,0.0,7,0.7925477278232567,-5.462024642481948,-4.843144035339355
5807,do,0.05,0.0,13,1.4039787411689755,-6.582733290123217,-5.822450913323296
5808,pp,0.05,0.0,70,1.0037446129322056,-10.472779284101543,-8.57428534825643
5809,do,0.05,0.0,26,1.4016543912887567,-9.59352610905965,-9.801726012759739
5810,pp,0.05,0.0,62,1.2450846362113968,-7.791277642683549,-6.7512451701694065
5811,do,0.05,0.0,7,0.7981238651275637,-4.754249247637662,-5.123037624359131
5812,pp,0.05,0.0,6,0.787523621320724,-4.887941539648807,-4.8777595122655235
5813,do,0.05,0.0,13,2.296913878917694,-6.0610310496705955,-6.281242534849379
5814,pp,0.05,0.0,11,1.9417891252040862,-4.9628801721515075,-4.473694284756978
5815,do,0.05,0.0,28,1.2681500923633582,-6.054339160341205,-8.335054482354058
5816,pp,0.05,0.0,3,0.024610341787338008,-4.867786012996326,-4.231352925300598
5817,do,0.05,0.0,51,1.5912087166309359,-10.175533625573824,-10.014976543850368
5818,pp,0.05,0.0,32,0.8502335929870597,-9.20778334646514,-7.724120126830207
5819,do,0.05,0.0,18,1.1377173125743862,-6.469875524983261,-7.448344177669949
5820,pp,0.05,0.0,6,0.07753169298172047,-4.901512962399107,-4.319817860921224
5821,do,0.05,0.0,15,2.25090717792511,-5.921732015320749,-5.7470371458265515
5822,pp,0.05,0.0,15,1.1615648722648615,-5.183542698079889,-4.651470220088958
5823,do,0.05,0.0,19,1.8045046603679662,-5.264883636705803,-5.760507175657485
5824,pp,0.05,0.0,7,0.9137072968482967,-4.9309677730907095,-4.114921739366319
5825,do,0.05,0.0,30,1.7451373219490058,-7.048751247290409,-6.247708137830099
5826,pp,0.05,0.0,9,0.7579156374931335,-5.340704079830285,-4.546831059455871
5827,do,0.05,0.0,7,-0.19363337755203247,-5.216268660805442,-5.084429015053643
5828,pp,0.05,0.0,7,0.8473466682434081,-5.007351358009108,-4.3989812930425005
5829,do,0.05,0.0,17,0.6343389403820039,-6.2530507795738455,-5.694717248280843
5830,pp,0.05,0.0,10,1.4899859488010412,-5.500122154120243,-4.723113237486945
5831,do,0.05,0.0,30,0.9152744841575622,-6.245317089196408,-5.220734771092733
5832,pp,0.05,0.0,32,4.148985103368759,-6.818077023824056,-5.521972852283054
5833,do,0.05,0.0,70,1.0985617864131925,-7.751158010598385,-6.8676469299528335
5834,pp,0.05,0.0,29,2.1839096176624295,-7.8755955363764905,-5.658002371258206
5835,do,0.05,0.0,11,0.9484391236305241,-4.847172570951058,-4.7166250440809465
5836,pp,0.05,0.0,7,0.21889359116554186,-4.954162349122943,-4.194108141793145
5837,do,0.05,0.0,3,-0.10578133463859629,-5.1448637731147535,-4.715906527307299
5838,pp,0.05,0.0,9,1.0115771353244787,-5.529860817302357,-4.652191585964626
5839,do,0.05,0.0,7,0.4580183994770044,-5.671288705594612,-5.222110981411404
5840,pp,0.05,0.0,62,1.236783814430236,-13.115987274863503,-11.239639531241522
5841,do,0.05,0.0,20,1.250708520412445,-4.934225336710612,-4.515467206637065
5842,pp,0.05,0.0,6,-0.09578399419784489,-6.0539531635515615,-4.943643712997437
5843,do,0.05,0.0,15,1.6674525034427647,-5.0475596268971765,-5.81321074962616
5844,pp,0.05,0.0,36,3.528456844091415,-7.77026029066606,-5.662230865160624
5845,do,0.05,0.0,8,0.6721431708335874,-4.285325582099683,-4.335566446516249
5846,pp,0.05,0.0,53,1.3754162347316736,-7.249249601364136,-5.532057388623556
5847,do,0.05,0.0,20,0.204361499547959,-5.701160868731412,-4.987995799382528
5848,pp,0.05,0.0,22,3.4541025125980367,-4.645298498327082,-3.9743400481012134
5849,do,0.05,0.0,52,1.8286794531345372,-9.237779438134396,-7.582836323314243
5850,pp,0.05,0.0,21,2.9731647288799277,-8.969720555796767,-6.329945505989922
5851,do,0.05,0.0,46,0.6839206647872924,-8.040134900988955,-7.24015347427792
5852,pp,0.05,0.0,7,0.933305602073669,-5.776437861991651,-4.643530927764045
5853,do,0.05,0.0,18,1.6004647886753087,-6.1072173407583525,-5.324075918727451
5854,pp,0.05,0.0,19,3.314095350503922,-5.395146559223984,-4.27471534676022
5855,do,0.05,0.0,27,2.0400293159484866,-6.773635027625344,-5.836591254340278
5856,pp,0.05,0.0,20,3.7368202030658724,-5.725012371756813,-4.350494453642104
5857,do,0.05,0.0,12,0.370107362270355,-4.769291074348218,-4.648918194240994
5858,pp,0.05,0.0,14,1.6550664901733398,-5.09911004413258,-4.309972692860497
5859,do,0.05,0.0,27,3.3131983435153964,-5.650300904476281,-5.467814175287883
5860,pp,0.05,0.0,6,0.42707327246665905,-6.098302667791193,-4.88333646191491
5861,do,0.05,0.0,70,2.686963888406754,-6.892704312006632,-6.392854836252001
5862,pp,0.05,0.0,37,1.9623980140686044,-5.74859422192429,-4.963656589719984
5863,do,0.05,0.0,70,0.8557470929622646,-6.547679565892075,-6.412617752287123
5864,pp,0.05,0.0,26,1.45617119550705,-9.260604407570579,-7.861830425262451
5865,do,0.05,0.0,13,2.377358559370041,-4.47626346096848,-4.13736201789644
5866,pp,0.05,0.0,13,1.5721913468837734,-7.266372333873402,-5.759216531117757
5867,do,0.05,0.0,24,3.844336645603181,-5.131046006173799,-4.794001605775621
5868,pp,0.05,0.0,37,4.181133444309236,-5.324267643148249,-4.5073213431570265
5869,do,0.05,0.0,44,2.2018979728221897,-6.665614860708064,-6.101019896401299
5870,pp,0.05,0.0,38,3.0903367602825167,-5.280158159949563,-4.530235600471497
5871,do,0.05,0.0,18,1.4974647796154024,-5.5340962222128205,-5.42531877093845
5872,pp,0.05,0.0,29,3.9727348542213443,-5.29617644367796,-4.80574357509613
5873,do,0.05,0.0,10,1.1373758363723754,-4.232607954198664,-3.990819125705295
5874,pp,0.05,0.0,70,3.0740277683734893,-6.293923708886811,-5.408066566785177
5875,do,0.05,0.0,9,1.069985537528992,-4.581696955362956,-4.550414623154534
5876,pp,0.05,0.0,70,5.027442337274552,-6.14285336263252,-4.9975013706419205
5877,do,0.05,0.0,11,0.6444540512561794,-5.071520892056552,-4.938540381855435
5878,pp,0.05,0.0,69,-0.34412196397781436,-10.007189081654404,-8.623814593421088
5879,do,0.05,0.0,23,2.017024505138398,-7.482160120299368,-6.679177482922872
5880,pp,0.05,0.0,25,2.7385368692874907,-7.013695085409916,-5.47972342967987
5881,do,0.05,0.0,16,2.9271076548099524,-5.701435604962436,-5.074950138727824
5882,pp,0.05,0.0,18,2.4943210291862483,-7.093285371318008,-5.373041105270386
5883,do,0.05,0.0,33,1.2951580905914302,-6.613436079025268,-6.1611236863666115
5884,pp,0.05,0.0,24,2.594651271104813,-6.078719049511534,-5.057103922632005
5885,do,0.05,0.0,16,1.399681738615036,-4.685517250407826,-4.190852599673801
5886,pp,0.05,0.0,26,0.8294903123378754,-6.443574957414107,-5.156045871310764
5887,do,0.05,0.0,15,1.8919709837436676,-4.78528223326712,-4.312080049514771
5888,pp,0.05,0.0,37,2.7651160037517544,-7.141002761956417,-5.911036660936143
5889,do,0.05,0.0,19,1.9468959021568288,-5.641143741029682,-5.614401544464959
5890,pp,0.05,0.0,70,0.04433108329772928,-11.140549645279393,-9.52101894484626
5891,do,0.05,0.0,8,0.12886600971221895,-5.829068260481863,-4.986039895481533
5892,pp,0.05,0.0,68,2.5463243639469137,-8.969902711926085,-7.205028046502007
5893,do,0.05,0.0,35,1.895597895383835,-7.441654120069561,-6.601825269063314
5894,pp,0.05,0.0,15,2.461415934562683,-6.7530997666445645,-5.532320978906419
5895,do,0.05,0.0,26,1.8842706668376916,-7.294925392035282,-6.840848700205485
5896,pp,0.05,0.0,24,1.9376890349388134,-6.334048827489217,-5.394455109702216
5897,do,0.05,0.0,15,1.0206077527999877,-5.569746294888583,-5.069403576850891
5898,pp,0.05,0.0,25,1.3034867894649507,-6.420756983034538,-5.1397863308588665
5899,do,0.05,0.0,70,1.8331834936141966,-7.799426820061424,-7.26154539320204
5900,pp,0.05,0.0,31,2.1417931544780737,-6.74516865123402,-5.547303369310167
5901,do,0.05,0.0,10,2.0521850705146782,-4.648479721762917,-4.24569020403756
5902,pp,0.05,0.0,15,2.227881532907486,-6.509075248602665,-5.983465692732069
5903,do,0.05,0.0,11,0.6239750814437866,-5.179817861499209,-4.938959460788303
5904,pp,0.05,0.0,4,0.06161095857620236,-4.972062652761286,-4.351937410566542
5905,do,0.05,0.0,19,2.074914360046386,-5.109161369728319,-5.034203635321723
5906,pp,0.05,0.0,55,5.117917319536209,-5.292832245971217,-4.42677702109019
5907,do,0.05,0.0,10,0.16064178109169092,-5.1445048361113574,-4.494807831446329
5908,pp,0.05,0.0,23,1.749913876056671,-5.304174962188259,-4.316290767987569
5909,do,0.05,0.0,37,3.6328921270370476,-6.820907271992077,-7.139475019772847
5910,pp,0.05,0.0,27,3.002065320014954,-6.051648538762873,-5.2276758088005915
5911,do,0.05,0.0,17,1.6194573235511784,-5.206717264291012,-4.677448044882881
5912,pp,0.05,0.0,17,1.8637990927696233,-8.17568516586766,-5.8960808859931095
5913,do,0.05,0.0,14,1.3736134445667272,-5.6421894651470765,-5.541438478893704
5914,pp,0.05,0.0,35,0.5233553516864777,-8.466353508920381,-7.008082755406698
5915,do,0.05,0.0,7,0.9243233489990237,-5.122558848063151,-5.030544357829624
5916,pp,0.05,0.0,26,3.1203820848464963,-5.988824386307687,-4.992774868011475
5917,do,0.05,0.0,18,1.4785155522823334,-5.2856649615547875,-4.895953014161852
5918,pp,0.05,0.0,70,0.6545329618453977,-9.026833366625237,-7.675425214237637
5919,do,0.05,0.0,25,2.572581298351288,-5.554956431822343,-5.666222672992283
5920,pp,0.05,0.0,70,1.229586267471312,-8.681778888991385,-7.348655117882623
5921,do,0.05,0.0,3,-0.09220984339714011,-5.665628921624386,-4.947296380996704
5922,pp,0.05,0.0,4,0.7313292443752291,-4.868538751024189,-4.0881349749035305
5923,do,0.05,0.0,70,0.6778332698345189,-9.957196143179228,-9.230793613857694
5924,pp,0.05,0.0,20,1.0452468132972719,-6.2333844531666145,-5.360009582837423
5925,do,0.05,0.0,4,-0.36840663671493523,-5.842809794165872,-5.134121754434374
5926,pp,0.05,0.0,6,0.650191471576691,-5.0764285925662875,-4.237187351120843
5927,do,0.05,0.0,70,1.1042990422248842,-8.2301426858613,-7.207494799296061
5928,pp,0.05,0.0,52,0.5492504358291619,-9.915195509881684,-8.744244527816772
5929,do,0.05,0.0,6,0.04947483420372034,-5.894579164909594,-5.186991903516981
5930,pp,0.05,0.0,7,0.6101570343971252,-5.032315635681153,-4.322723465495639
5931,do,0.05,0.0,6,0.5978548848628993,-5.307416752612952,-4.986447321044074
5932,pp,0.05,0.0,6,0.046139357089996835,-5.484071883288297,-4.682990060912238
5933,do,0.05,0.0,54,0.5192431163787834,-9.381708338766387,-8.063606924480862
5934,pp,0.05,0.0,9,0.37108576178550745,-5.8450215238513366,-5.007976285616556
5935,do,0.05,0.0,6,0.27252596616744995,-6.264513603846232,-5.749801588058472
5936,pp,0.05,0.0,9,1.1100608170032498,-6.150120862325033,-5.202590836419
5937,do,0.05,0.0,70,1.593816665410996,-7.557054451740149,-6.705843920177884
5938,pp,0.05,0.0,6,0.9098082280158994,-5.095319344780662,-4.137132234043545
5939,do,0.05,0.0,8,0.7933083987236023,-4.705980468518806,-4.470624968740675
5940,pp,0.05,0.0,20,1.3067550551891332,-5.671763495242957,-4.832445014847649
5941,do,0.05,0.0,70,1.7977242684364327,-9.602274978522098,-8.510596121682061
5942,pp,0.05,0.0,17,2.2404137980937957,-5.838062903375336,-4.403532428211636
5943,do,0.05,0.0,70,0.08794884800910907,-9.362957275275027,-8.631195068359375
5944,pp,0.05,0.0,7,0.8205033779144291,-4.745465940417666,-4.172444956832462
5945,do,0.05,0.0,7,0.3956240904331203,-5.316995974743005,-4.822139737341139
5946,pp,0.05,0.0,15,1.5079595983028407,-4.863985167127667,-4.310500884056092
5947,do,0.05,0.0,7,0.6089743769168852,-6.025069697697957,-5.284762162632412
5948,pp,0.05,0.0,17,2.354241529703141,-5.200804162747932,-4.243019896083408
5949,do,0.05,0.0,41,0.7925750303268426,-7.812465913367994,-6.991879743999905
5950,pp,0.05,0.0,17,2.2849720835685723,-6.235442131215875,-5.238940188619826
5951,do,0.05,0.0,45,2.104395215511321,-7.402314193320997,-6.4039640479617645
5952,pp,0.05,0.0,29,2.1276751053333287,-5.33037194483208,-4.472207470734914
5953,do,0.05,0.0,9,2.5004387104511263,-5.356074859156753,-5.036953014797635
5954,pp,0.05,0.0,14,3.3126222825050347,-6.140341557878436,-4.540170884132385
5955,do,0.05,0.0,12,1.5325193250179279,-6.152992796175408,-6.103644172350566
5956,pp,0.05,0.0,18,2.950967676639557,-4.862067531816887,-4.029599177837372
5957,do,0.05,0.0,15,1.8650616645812992,-5.904371842471036,-5.484700343343946
5958,pp,0.05,0.0,44,2.838278725147248,-5.642944005041412,-4.51846641699473
5959,do,0.05,0.0,65,0.7691285133361809,-10.814650902603612,-10.530283016628688
5960,pp,0.05,0.0,15,1.647497497797012,-4.921939531962077,-4.140924424595303
5961,do,0.05,0.0,62,1.0486531126499177,-7.486511500676473,-7.035286495420668
5962,pp,0.05,0.0,23,2.1276599299907692,-5.068168819311893,-4.419239515728421
5963,do,0.05,0.0,25,1.0637655878067012,-5.934050872109153,-5.2735269864400225
5964,pp,0.05,0.0,21,1.6632647490501409,-4.705311132199837,-4.112996367613475
5965,do,0.05,0.0,11,1.3196912670135497,-5.197448113470367,-4.55547972785102
5966,pp,0.05,0.0,27,2.505877534151077,-5.526681671720563,-4.50316614707311
5967,do,0.05,0.0,12,2.3022742700576773,-5.792867013179895,-5.120703223016527
5968,pp,0.05,0.0,27,2.9144997596740723,-4.546243170535925,-3.832242406739129
5969,do,0.05,0.0,10,1.3197217595577238,-5.687197704026193,-5.217346893416511
5970,pp,0.05,0.0,36,3.5871314454078673,-6.772817860227643,-5.498747377925449
5971,do,0.05,0.0,19,0.9936262166500098,-7.687904217748931,-6.148665112919278
5972,pp,0.05,0.0,40,1.6895188653469084,-6.291320008942575,-5.572611755794949
5973,do,0.05,0.0,70,-0.3554458296298977,-7.093866417624733,-6.411343653996785
5974,pp,0.05,0.0,62,1.8956727290153506,-7.094791494716297,-5.931850963168674
5975,do,0.05,0.0,8,0.9665451526641853,-5.718198218490138,-5.406284642219544
5976,pp,0.05,0.0,62,1.9886507797241215,-8.361542602018876,-7.038047583897908
5977,do,0.05,0.0,49,1.6003597903251645,-8.63729240244085,-7.313703510496351
5978,pp,0.05,0.0,16,1.2182433843612674,-5.178438334031538,-4.346182839075724
5979,do,0.05,0.0,70,1.422423820495606,-11.051221535422584,-9.629823886023628
5980,pp,0.05,0.0,20,2.7368645298480985,-6.683161215348677,-5.45280605951945
5981,do,0.05,0.0,5,-0.9023913431167605,-6.095302786971583,-5.626996959580316
5982,pp,0.05,0.0,67,1.498447670936585,-7.045057803934271,-5.817757582664489
5983,do,0.05,0.0,53,1.5502558279037473,-8.910444651228008,-7.821485805511474
5984,pp,0.05,0.0,35,1.1149733281135568,-8.551549756888187,-6.779096078872681
5985,do,0.05,0.0,17,1.7483605468273167,-5.708224383267489,-5.098035330242581
5986,pp,0.05,0.0,24,2.6728844630718243,-6.677483460397431,-5.608632863892449
5987,do,0.05,0.0,14,0.44022952675819393,-5.280289048859568,-4.75638714366489
5988,pp,0.05,0.0,21,2.198579927682876,-4.848884189490116,-4.043750378820631
5989,do,0.05,0.0,12,1.5656336200237275,-5.684289792089752,-4.759792462984721
5990,pp,0.05,0.0,30,1.9956210923194888,-4.887572529821685,-3.9466736687554254
5991,do,0.05,0.0,6,0.14974544763565056,-6.885477628129902,-6.018931428591411
5992,pp,0.05,0.0,13,1.1343377983570102,-7.190629683118878,-6.336395067638821
5993,do,0.05,0.0,52,2.3076892304420475,-13.905091831900856,-11.972449445724488
5994,pp,0.05,0.0,70,3.8795337414741535,-12.298226238019538,-11.218303849962023
5995,do,0.05,0.0,26,0.7181648445129394,-6.8798157142870355,-6.090439576572842
5996,pp,0.05,0.0,18,2.547329564094543,-4.788614410342592,-3.9245275444454615
5997,do,0.05,0.0,18,1.4684610533714295,-6.349841950156472,-5.415326446957058
5998,pp,0.05,0.0,70,3.073080737590791,-8.215690823757287,-6.645780306392246
5999,do,0.05,0.0,4,-0.20071164488792448,-6.42007919513818,-5.647835098372566
6000,pp,0.05,0.0,49,1.026767456531525,-11.696120470220393,-9.159351732995775
6001,do,0.05,0.0,59,1.694750214815139,-8.675125201543173,-8.020914628770615
6002,pp,0.05,0.0,26,2.4191478312015535,-5.35837030988751,-4.5576841645770605
6003,do,0.05,0.0,4,0.7649606060981746,-6.200132969653968,-5.44627923435635
6004,pp,0.05,0.0,8,1.058709886074066,-6.167348923827663,-4.9166156133015955
6005,do,0.05,0.0,7,0.5610387480258945,-5.1848168604301685,-4.799458005693224
6006,pp,0.05,0.0,19,0.5004690122604369,-7.8422743002573645,-6.4658876180648805
6007,do,0.05,0.0,9,1.1821906673908238,-5.245992297837229,-4.738467054896884
6008,pp,0.05,0.0,18,2.3580966949462896,-5.403311824798584,-4.602011987898085
6009,do,0.05,0.0,12,1.0383759713172909,-6.562103732426961,-6.290527521239387
6010,pp,0.05,0.0,16,0.5193115341663361,-6.00284908323577,-5.023974842495388
6011,do,0.05,0.0,11,1.1491928660869606,-5.7045822273601186,-5.084835449854533
6012,pp,0.05,0.0,13,1.8376597487926487,-5.412836385495735,-4.908316702312893
6013,do,0.05,0.0,8,1.1645125913619996,-6.4853944532799,-5.962864202923245
6014,pp,0.05,0.0,26,2.0935799396038064,-6.142268286329327,-5.0699409113989935
6015,do,0.05,0.0,11,1.1665437865257262,-6.576635616475886,-5.559604083167182
6016,pp,0.05,0.0,22,2.959408954381943,-5.149189443299265,-4.444656334982978
6017,do,0.05,0.0,5,0.060325624942779044,-5.244475520740856,-4.880837906731499
6018,pp,0.05,0.0,11,1.6927615165710455,-5.470391803799253,-4.556760387950473
6019,do,0.05,0.0,42,1.2342687797546397,-8.905322268514922,-7.53743736743927
6020,pp,0.05,0.0,12,1.4371709835529325,-5.4141828479188865,-4.486012718412611
6021,do,0.05,0.0,4,0.31693947315216064,-4.850654456109711,-4.485063015090095
6022,pp,0.05,0.0,7,1.1411572408676145,-5.418168034698024,-4.177076747682359
6023,do,0.05,0.0,17,1.238247991800308,-6.62910513010892,-5.607953299416436
6024,pp,0.05,0.0,6,0.591168751716614,-4.951021175673514,-4.1085966931449045
6025,do,0.05,0.0,51,1.5895260941982272,-7.696341953855573,-6.829354172282748
6026,pp,0.05,0.0,6,-0.44876775860786466,-5.477750564344001,-4.688356709480286
6027,do,0.05,0.0,3,-0.3791540288925175,-5.769484012777155,-5.13885596593221
6028,pp,0.05,0.0,7,0.47279468178749084,-5.298835211089163,-4.472688280211555
6029,do,0.05,0.0,6,0.3386287987232208,-5.425596120140769,-5.019906992382474
6030,pp,0.05,0.0,9,2.140273286104202,-5.176031603957668,-4.337667465209961
6031,do,0.05,0.0,70,1.0563414049148552,-9.65158200263977,-8.43075680202908
6032,pp,0.05,0.0,8,0.5272443604469297,-5.438230576659694,-4.586776325437758
6033,do,0.05,0.0,52,1.8210843300819395,-13.315597320325447,-10.6823638704088
6034,pp,0.05,0.0,18,2.4188278794288625,-5.161762030919393,-4.432205496893989
6035,do,0.05,0.0,4,0.2908873403072363,-6.021409722530481,-5.320067681206597
6036,pp,0.05,0.0,21,2.771717747449874,-5.503061242537065,-4.523526626163059
6037,do,0.05,0.0,70,2.1147795403003684,-11.043254901423598,-11.675845358106825
6038,pp,0.05,0.0,19,2.5018864607810967,-5.980380124756784,-4.699424966176351
6039,do,0.05,0.0,11,-0.9716929984092708,-6.686724727804011,-6.280133279164632
6040,pp,0.05,0.0,7,0.7777788138389585,-4.842635761607777,-4.171132159233093
6041,do,0.05,0.0,8,0.026947213411331106,-5.714533418597597,-5.110701653692457
6042,pp,0.05,0.0,70,1.6278247618675223,-7.398109145597978,-6.292139161957635
6043,do,0.05,0.0,4,0.4492011129856115,-6.270007952776822,-5.48381601439582
6044,pp,0.05,0.0,9,1.975033979415894,-6.768116757363984,-5.11532506942749
6045,do,0.05,0.0,5,0.06677239060401874,-6.503300078709921,-6.022044359313117
6046,pp,0.05,0.0,6,0.5726540362834927,-4.922050665364121,-4.1303241703245375
6047,do,0.05,0.0,12,1.0065054786205296,-7.152368622115164,-6.217741719881693
6048,pp,0.05,0.0,10,2.275648572444916,-5.228631665489891,-3.9557475686073302
6049,do,0.05,0.0,14,1.226651932001114,-5.232064276030569,-4.979871572388543
6050,pp,0.05,0.0,10,1.5473302745819089,-4.889399288639877,-4.001969218254089
6051,do,0.05,0.0,44,0.7844093155860907,-7.281462784969445,-6.476026341650221
6052,pp,0.05,0.0,15,1.4667694783210754,-6.217397903673577,-4.795686554908753
6053,do,0.05,0.0,25,1.174778060913086,-6.069246032021263,-5.497151727146573
6054,pp,0.05,0.0,8,0.6156027197837828,-5.656776614622636,-4.371516754892137
6055,do,0.05,0.0,12,1.940420776605607,-6.918477236140858,-5.895143024126688
6056,pp,0.05,0.0,9,1.321837904453278,-5.110955124190359,-3.9940282318327163
6057,do,0.05,0.0,4,0.19205218434333737,-5.287539678631407,-4.703702256414625
6058,pp,0.05,0.0,17,2.414231389760972,-5.6135417591441765,-4.737452713648478
6059,do,0.05,0.0,6,0.350967046022415,-5.497162278493246,-5.258003873295254
6060,pp,0.05,0.0,8,0.9367163479328156,-4.8933037584478205,-4.140448117256165
6061,do,0.05,0.0,58,0.6305122375488281,-9.398146565755209,-8.681670925352309
6062,pp,0.05,0.0,17,1.478561452627182,-5.234118754935987,-4.323318409919739
6063,do,0.05,0.0,70,2.808003449440003,-11.662773412646668,-10.678640259636772
6064,pp,0.05,0.0,26,3.425156961679459,-5.785744825998942,-4.603505259089999
6065,do,0.05,0.0,14,0.555798047780991,-7.391542443362149,-7.041393571429783
6066,pp,0.05,0.0,11,1.1682853031158444,-5.934439953890714,-4.858464545673794
6067,do,0.05,0.0,10,0.903221622705459,-6.421515645402851,-5.733080789777968
6068,pp,0.05,0.0,11,0.9352746081352237,-6.3887137138482295,-5.562512532869975
6069,do,0.05,0.0,4,0.5028836393356322,-5.129876144004591,-4.605689594480727
6070,pp,0.05,0.0,54,1.7046612381935127,-9.24934693105293,-7.021114794413249
6071,do,0.05,0.0,4,0.4141152548789977,-5.262953239498716,-4.725739256540934
6072,pp,0.05,0.0,41,1.1673708939552307,-6.396359235590155,-5.464731105168661
6073,do,0.05,0.0,3,-0.06331939935684261,-5.654173668948087,-5.105714837710063
6074,pp,0.05,0.0,18,2.4537942421436307,-5.203316314292676,-4.517700831095378
6075,do,0.05,0.0,9,1.147092345952987,-6.89075678912076,-5.914505081706577
6076,pp,0.05,0.0,16,2.0608154141902926,-5.036650644649159,-4.512212861908806
6077,do,0.05,0.0,16,-0.21884052157401968,-7.131931381514578,-6.18137563334571
6078,pp,0.05,0.0,13,0.2694449901580809,-6.821617266626069,-5.7009488529629175
6079,do,0.05,0.0,6,0.5536424243450169,-4.7933495998382565,-4.515203057395087
6080,pp,0.05,0.0,13,1.6596902489662169,-4.913052816101999,-4.023131693734063
6081,do,0.05,0.0,5,0.7148223567008971,-6.08323322353941,-5.271767682499355
6082,pp,0.05,0.0,8,1.5044955563545228,-5.844411565318252,-5.125537949138217
6083,do,0.05,0.0,65,1.4179734301567084,-11.95628446521181,-9.53639070722792
6084,pp,0.05,0.0,27,1.6956186437606808,-5.8960897532376375,-4.715030749638875
6085,do,0.05,0.0,9,1.5996187484264368,-6.993641047044234,-6.180979816118876
6086,pp,0.05,0.0,45,2.708162033557892,-8.480323856527155,-7.145064285066392
6087,do,0.05,0.0,7,0.3652180528640745,-6.567190930337617,-5.605642708142598
6088,pp,0.05,0.0,12,1.3484856331348425,-7.315321636199951,-6.03401341703203
6089,do,0.05,0.0,48,1.2106396579742427,-10.342806483760025,-9.030280510584513
6090,pp,0.05,0.0,19,1.6349832260608679,-5.289008049531416,-4.756080381075541
6091,do,0.05,0.0,27,0.9813413631916053,-6.50072655099811,-6.427003105481465
6092,pp,0.05,0.0,14,0.48372606039047206,-5.286817592563051,-4.4540356053246395
6093,do,0.05,0.0,4,0.6453591489791863,-4.735192699143381,-4.265649583604601
6094,pp,0.05,0.0,37,2.7522058176994326,-4.825071194677642,-4.036942785316043
6095,do,0.05,0.0,16,0.44500938892364506,-6.741768199747259,-5.94435322019789
6096,pp,0.05,0.0,26,3.1682818675041204,-5.977504146460331,-4.839414283964369
6097,do,0.05,0.0,19,2.869212731122971,-5.975013199719515,-6.196392914983961
6098,pp,0.05,0.0,28,3.0216604912281033,-5.371968340151238,-4.617603553666009
6099,do,0.05,0.0,5,0.7323201942443847,-4.773362278215813,-4.468973064422608
6100,pp,0.05,0.0,32,4.347804306745529,-5.362026259393403,-4.428207714027828
6101,do,0.05,0.0,4,0.3195393133163451,-5.438824692639438,-5.0492544333140055
6102,pp,0.05,0.0,12,0.07702059626579238,-5.9298944198724,-4.875184202194214
6103,do,0.05,0.0,27,0.877484018802642,-8.009408092498779,-8.44606884320577
6104,pp,0.05,0.0,28,3.5655550205707556,-6.265600350408843,-5.563332777553135
6105,do,0.05,0.0,5,0.8320576214790343,-5.190855969804706,-4.919622908698188
6106,pp,0.05,0.0,15,0.8702833235263823,-5.854096562934644,-4.858572549290127
6107,do,0.05,0.0,42,1.822958323955536,-7.168901505614772,-6.386514128579034
6108,pp,0.05,0.0,4,-0.188339011669159,-5.481752622488774,-4.804727061589559
6109,do,0.05,0.0,4,0.44941018581390413,-5.293319827860052,-4.74917372862498
6110,pp,0.05,0.0,14,1.1256515705585484,-4.9191094542994644,-4.114579073588053
6111,do,0.05,0.0,25,1.3743219709396364,-9.212150250059185,-7.901417695151435
6112,pp,0.05,0.0,23,3.49699093580246,-6.499436548984412,-5.383959640396966
6113,do,0.05,0.0,10,0.27416178226470933,-6.101313076597272,-5.346958605448405
6114,pp,0.05,0.0,70,0.9072505378723132,-9.036641047217628,-7.358394527435303
6115,do,0.05,0.0,5,0.4329199445247651,-6.405143073110869,-5.429202726152208
6116,pp,0.05,0.0,21,2.4052354466915133,-5.278648542635368,-4.262742515405019
6117,do,0.05,0.0,20,2.8441951799392706,-5.687481102798924,-5.120528048939175
6118,pp,0.05,0.0,33,1.9091279816627509,-7.521183996489554,-5.925729772779676
6119,do,0.05,0.0,18,1.0187327623367315,-7.9767551436568755,-7.082136559486389
6120,pp,0.05,0.0,11,0.5317604970932006,-4.936851222587355,-4.344320408503214
6121,do,0.05,0.0,21,0.7160746824741366,-7.166322179274125,-7.059444398350186
6122,pp,0.05,0.0,32,2.6418235671520236,-6.097801267739499,-5.617962378925747
6123,do,0.05,0.0,14,1.912706742286682,-5.153598363471754,-4.595008346769545
6124,pp,0.05,0.0,13,1.3235734570026398,-5.0388544097091215,-4.3160746786329485
6125,do,0.05,0.0,12,1.6352369117736814,-7.821447482253566,-6.924411132600572
6126,pp,0.05,0.0,16,1.6688487315177918,-6.2928058421973025,-5.362871429655287
6127,do,0.05,0.0,6,1.096918647289277,-6.1518224600589635,-4.874236755900913
6128,pp,0.05,0.0,4,0.7160136127471919,-4.67254967400522,-3.7674714234140185
6129,do,0.05,0.0,28,1.3374770140647891,-8.46680293227687,-6.9176266405317515
6130,pp,0.05,0.0,26,2.634792799949646,-5.880382269079035,-4.73831701543596
6131,do,0.05,0.0,10,0.8709614288806913,-5.287956376509233,-4.872613565127055
6132,pp,0.05,0.0,21,1.3498336708545686,-5.092683903376261,-4.148294130961101
6133,do,0.05,0.0,30,2.873852672576904,-6.476366930296927,-7.574515183766683
6134,pp,0.05,0.0,8,0.7683061206340787,-5.452378660259825,-4.752199575636122
6135,do,0.05,0.0,13,0.9300248217582707,-6.87277199716279,-5.999731063842773
6136,pp,0.05,0.0,17,2.2207656967639924,-5.640779555927623,-5.010104012489319
6137,do,0.05,0.0,30,2.900155392885207,-8.4186789931673,-7.0971087084876165
6138,pp,0.05,0.0,10,1.9902641427516938,-5.952222327030066,-4.461624293857151
6139,do,0.05,0.0,70,0.7982510495185853,-7.755198561061512,-8.164240900675455
6140,pp,0.05,0.0,12,1.668711785078048,-5.418483226949518,-4.627386975288391
6141,do,0.05,0.0,9,-0.10501521110534728,-5.934826858115919,-5.179710441165501
6142,pp,0.05,0.0,31,0.768226919174194,-6.561410346175685,-5.527178311347962
6143,do,0.05,0.0,11,-0.5441967177391049,-6.2897625547466856,-5.499433130688137
6144,pp,0.05,0.0,21,0.5883781909942627,-5.886924620830651,-5.190036037233141
6145,do,0.05,0.0,23,0.5421167278289802,-6.866956236868194,-6.430747697088454
6146,pp,0.05,0.0,12,1.3615707361698153,-5.321897388227058,-4.461256596777174
6147,do,0.05,0.0,8,1.6160127091407777,-5.9711176641059645,-4.696047438515557
6148,pp,0.05,0.0,21,3.2783623063564304,-5.447936137517293,-4.492254776424832
6149,do,0.05,0.0,11,1.4264706122875213,-6.979921170436975,-6.186816231409709
6150,pp,0.05,0.0,17,2.686578845977783,-6.454754323670358,-5.625053461392721
6151,do,0.05,0.0,50,1.293911719322205,-8.500828779104983,-8.66273406876458
6152,pp,0.05,0.0,13,0.5119507765769953,-5.551725205508146,-4.6003402948379515
6153,do,0.05,0.0,20,2.169975444078445,-6.8510308077841096,-5.757638454437256
6154,pp,0.05,0.0,15,1.7686268019676206,-5.467569401769927,-4.602478260464139
6155,do,0.05,0.0,4,-0.25325553178787175,-5.513057335940275,-4.82668686442905
6156,pp,0.05,0.0,17,1.1004289829730993,-6.383661129980377,-5.49910622437795
6157,do,0.05,0.0,3,-0.24518883585929885,-5.790546397006873,-4.983533872498406
6158,pp,0.05,0.0,14,0.5852744793891906,-5.710900114521836,-4.878297697173225
6159,do,0.05,0.0,19,3.4690732848644252,-6.491937546296553,-6.075887984699673
6160,pp,0.05,0.0,33,3.639167262315749,-6.600238866517038,-5.484313456217448
6161,do,0.05,0.0,4,-0.020744602680206725,-5.175257782502608,-4.566038690672981
6162,pp,0.05,0.0,11,1.4033701717853546,-5.11912604823257,-4.231131558948093
6163,do,0.05,0.0,13,1.995723276138305,-5.988754302805121,-5.111066322856479
6164,pp,0.05,0.0,19,2.344778475761413,-6.118427369088837,-4.803962853219774
6165,do,0.05,0.0,18,1.3744034659862514,-6.477324734312115,-5.968261273701986
6166,pp,0.05,0.0,25,3.308396457433701,-5.0669700348015985,-3.999192768997616
6167,do,0.05,0.0,9,0.6982056248188018,-5.071542979731705,-4.893684498469034
6168,pp,0.05,0.0,12,0.624486474990845,-5.184571620189782,-4.642886755201552
6169,do,0.05,0.0,4,-0.24360732555389397,-6.285179294239391,-5.497146813074748
6170,pp,0.05,0.0,70,0.8233037471771247,-8.179997035228844,-6.465997446907891
6171,do,0.05,0.0,4,0.20912023901939403,-5.882665352387861,-5.131557395723131
6172,pp,0.05,0.0,15,0.9927242517471315,-5.553249295552572,-4.3351952605777315
6173,do,0.05,0.0,8,-0.011003153324127268,-6.41426766279972,-5.43071645365821
6174,pp,0.05,0.0,10,1.0169290840625766,-6.223507096550682,-4.7699924071629844
6175,do,0.05,0.0,14,0.39548265337944066,-6.085559252536658,-5.4135955916510685
6176,pp,0.05,0.0,19,2.660523109436035,-4.80387629740166,-4.1520141906208465
6177,do,0.05,0.0,11,0.11438660860061667,-6.867293191678597,-5.525212166044447
6178,pp,0.05,0.0,8,0.4663997828960422,-5.720524969967928,-4.555749124950832
6179,do,0.05,0.0,38,0.45831424474716265,-9.42203278686061,-8.661093144946628
6180,pp,0.05,0.0,8,-0.18545212268829392,-6.325240437189738,-5.167424093352424
6181,do,0.05,0.0,5,-0.48274036049842906,-6.085062245166663,-5.291874522633023
6182,pp,0.05,0.0,8,0.8418514347076416,-4.662828841353908,-4.208495283126831
6183,do,0.05,0.0,5,-0.21262930035591143,-5.343355324774078,-4.7340000814861725
6184,pp,0.05,0.0,5,-0.3996893417835228,-5.960684115958936,-4.989517982800802
6185,do,0.05,0.0,19,-0.13276846289634747,-6.530919359669541,-6.606231599383884
6186,pp,0.05,0.0,6,-0.4870706880092621,-5.089515587777802,-4.436649709277683
6187,do,0.05,0.0,19,-0.10257765412330588,-7.130335303508875,-6.214009046554565
6188,pp,0.05,0.0,48,-0.08143908977508652,-8.231718944780754,-6.680277827050951
6189,do,0.05,0.0,10,-0.6806692063808439,-6.172828954638857,-5.639905150731405
6190,pp,0.05,0.0,5,-0.15817130446434025,-5.590597928654064,-4.568741713629828
6191,do,0.05,0.0,5,0.10586532831192041,-5.210682312647502,-4.684653215938145
6192,pp,0.05,0.0,4,0.17322990775108327,-4.957863286047271,-4.124421260091993
6193,do,0.05,0.0,14,1.4567276692390445,-6.541333201437285,-5.514736318588257
6194,pp,0.05,0.0,26,1.6818644356727592,-6.63891471082514,-5.508752875857883
6195,do,0.05,0.0,11,1.3558410537242889,-5.869007567203406,-5.443080544471741
6196,pp,0.05,0.0,11,1.306633530855179,-4.732592877474699,-3.7237677534421283
6197,do,0.05,0.0,17,2.4525257217884056,-7.814499061757868,-6.577501598993937
6198,pp,0.05,0.0,67,2.2670718514919272,-7.123990149931474,-6.070590223206414
6199,do,0.05,0.0,27,2.1348343813419337,-7.446612652865324,-6.3979698657989506
6200,pp,0.05,0.0,24,0.7523323440551755,-5.7126298716574,-4.8721000936296255
6201,do,0.05,0.0,11,1.2322816443443294,-7.89764003609166,-6.720339322090149
6202,pp,0.05,0.0,17,2.890306706428527,-5.855975336017031,-4.922891283035279
6203,do,0.05,0.0,1,-0.6852726054191587,-5.811497506228361,-5.1738859468036225
6204,pp,0.05,0.0,11,1.4313440585136412,-4.7559244546023285,-4.0669664939244585
6205,do,0.05,0.0,66,0.58113890171051,-7.547433218811498,-8.276124837663438
6206,pp,0.05,0.0,8,-0.0646122944355012,-5.439077110001535,-4.798887372016907
6207,do,0.05,0.0,15,2.2870719981193535,-6.525340613451871,-5.958723462952507
6208,pp,0.05,0.0,15,2.484857740402221,-6.699474967609753,-5.484725986586676
6209,do,0.05,0.0,30,0.09244702458381582,-7.30739332112399,-7.238311431143019
6210,pp,0.05,0.0,26,0.7973292076587679,-6.013351347952178,-5.17379515171051
6211,do,0.05,0.0,9,1.269165575504303,-5.825561719952208,-5.039717438485887
6212,pp,0.05,0.0,14,1.7874699151515951,-6.24343241778287,-4.984993698861864
6213,do,0.05,0.0,21,2.062180000543594,-5.008825170632565,-5.120111105177138
6214,pp,0.05,0.0,10,1.4621941602230075,-4.81973931572654,-4.06497995323605
6215,do,0.05,0.0,11,1.0443099939823153,-7.7476474198428065,-6.696005662282308
6216,pp,0.05,0.0,25,3.1253224194049833,-6.157786974762425,-4.928584806124369
6217,do,0.05,0.0,67,1.8354466152191158,-10.259008872870243,-9.818925375408597
6218,pp,0.05,0.0,19,2.0529939544200895,-5.523050090038415,-4.600143904156155
6219,do,0.05,0.0,3,-0.22935219287872322,-6.206940110524496,-5.431201881832546
6220,pp,0.05,0.0,21,1.039007269144058,-7.2146389152064465,-6.945957252714369
6221,do,0.05,0.0,19,2.752426840066909,-6.149433307936698,-5.0264828417036265
6222,pp,0.05,0.0,12,1.9363280797004698,-5.094652089205655,-4.111862254142761
6223,do,0.05,0.0,7,-0.41092351436614916,-6.096388074123499,-5.384455455674066
6224,pp,0.05,0.0,17,1.1216135764122006,-5.542910769491485,-4.592311249838935
6225,do,0.05,0.0,4,0.021734409332275106,-6.023433822574037,-5.107697171635098
6226,pp,0.05,0.0,15,3.225488103628158,-5.938525355945934,-4.753903823428684
6227,do,0.05,0.0,3,-1.2216767346858983,-6.806615617058494,-6.133307149675157
6228,pp,0.05,0.0,4,-0.9218139874935147,-6.893802384174231,-6.117935559484693
6229,do,0.05,0.0,67,-0.009701685905456614,-7.214521899367824,-7.022793870502048
6230,pp,0.05,0.0,5,-0.11952645540237405,-5.784457085349343,-5.196050169732835
6231,do,0.05,0.0,25,-0.15433572888374325,-7.717033513387045,-7.162271282407972
6232,pp,0.05,0.0,17,1.7133095347881317,-5.161212555567423,-4.3772719939549765
6233,do,0.05,0.0,30,1.7020425415039062,-6.5760780883557866,-6.499291666348776
6234,pp,0.05,0.0,30,1.3814669287204744,-5.667185579646717,-4.696753629048666
6235,do,0.05,0.0,63,2.9059249675273904,-9.263380280407992,-9.079944276809693
6236,pp,0.05,0.0,28,3.3896595013141626,-6.0479601816697555,-4.586360698276096
6237,do,0.05,0.0,70,0.8759258317947394,-7.890541842489531,-6.802463918262058
6238,pp,0.05,0.0,13,1.7298731601238249,-5.8850841840108234,-4.85986947218577
6239,do,0.05,0.0,63,1.7673540890216834,-8.99672217802568,-7.623507208294338
6240,pp,0.05,0.0,32,1.9990277218818662,-5.825342351740057,-4.617549830012852
6241,do,0.05,0.0,70,1.7532045078277587,-8.919910747354681,-7.573675711949666
6242,pp,0.05,0.0,3,-0.17666656851768536,-6.27422024119984,-5.624162872632344
6243,do,0.05,0.0,18,-0.8189739537239076,-7.272869066758589,-6.5003488222757975
6244,pp,0.05,0.0,3,-0.6236135327816008,-6.133173311117924,-5.491912457678053
6245,do,0.05,0.0,34,3.5994586217403413,-5.915721946774107,-5.344152810838487
6246,pp,0.05,0.0,18,2.8765693581104275,-5.040635503422131,-4.2243138154347735
6247,do,0.05,0.0,8,0.5132108843326568,-6.522742122592348,-5.516318935818142
6248,pp,0.05,0.0,12,0.8162554216384894,-6.980077716076013,-5.990676932864719
6249,do,0.05,0.0,25,3.7070664048194883,-5.029349600185047,-4.951960534519619
6250,pp,0.05,0.0,24,3.841023614406586,-4.43668397845644,-3.77913148800532
6251,do,0.05,0.0,21,2.829916416406631,-6.230187033161973,-5.1279151386684845
6252,pp,0.05,0.0,34,1.7218610548973077,-6.074646643436316,-5.026513695716858
6253,do,0.05,0.0,19,1.5690147638320928,-6.194338178634643,-5.5939930386013454
6254,pp,0.05,0.0,47,2.8905091261863713,-5.636539780009876,-4.7718431340323555
6255,do,0.05,0.0,19,0.27489412784576484,-6.735894765275898,-5.95615651872423
6256,pp,0.05,0.0,7,0.25582370519638076,-6.065763664245606,-5.366844005054897
6257,do,0.05,0.0,21,3.04868934392929,-5.3772448496385055,-5.14804963933097
6258,pp,0.05,0.0,28,2.955344046354294,-4.717007907231649,-3.7849878787994387
6259,do,0.05,0.0,3,-0.5348327183723454,-5.830107030001554,-5.239876601431105
6260,pp,0.05,0.0,13,-0.19789318203926065,-6.032557513497093,-5.2658224927054516
6261,do,0.05,0.0,39,1.761931681632995,-8.796566718997378,-6.932649554146661
6262,pp,0.05,0.0,29,1.5190125858783716,-6.0069549213756215,-5.147062391704983
6263,do,0.05,0.0,70,1.142953215837478,-8.865701704314262,-8.389545122782389
6264,pp,0.05,0.0,3,-0.7667941844463346,-6.435641196279815,-5.664077827665541
6265,do,0.05,0.0,4,-0.6350831341743461,-6.153328183203032,-5.607342828644646
6266,pp,0.05,0.0,70,2.7147048044204727,-9.181390310056281,-7.89743988778856
6267,do,0.05,0.0,30,1.3645610332489024,-8.339943099744392,-6.903359842300415
6268,pp,0.05,0.0,14,1.6680188381671908,-6.618269220987956,-5.679694135983785
6269,do,0.05,0.0,13,1.3650422883033757,-6.758739491665002,-6.040843513276842
6270,pp,0.05,0.0,24,2.442994149923325,-7.440294157374989,-6.068008491728041
6271,do,0.05,0.0,6,0.04397838115692121,-6.063641035195553,-5.2621380355623035
6272,pp,0.05,0.0,17,1.240744121074676,-5.522585595737804,-4.799704673555162
6273,do,0.05,0.0,16,1.494316897392272,-6.38261077042782,-5.951039979192946
6274,pp,0.05,0.0,44,4.426434879302979,-6.647912473389597,-5.434318515989515
6275,do,0.05,0.0,31,1.2765371370315552,-8.542123833569613,-7.7257745848761665
6276,pp,0.05,0.0,23,0.7021450090408319,-8.318818499825218,-6.767258286476135
6277,do,0.05,0.0,68,1.5923489975929268,-8.611151900435939,-7.607112842135959
6278,pp,0.05,0.0,61,0.26881317019462436,-8.412898669098363,-6.656398590405782
6279,do,0.05,0.0,70,1.9594787120819088,-7.111799984267264,-6.445016574859619
6280,pp,0.05,0.0,18,0.2855018639564513,-9.420951443007498,-7.83801499472724
6281,do,0.05,0.0,20,2.358838144540787,-4.904347931254994,-5.457570995224847
6282,pp,0.05,0.0,32,2.4464410650730137,-6.273204377203276,-5.281076412730747
6283,do,0.05,0.0,11,0.6950843513011931,-4.692619669076168,-4.3881470070944895
6284,pp,0.05,0.0,21,0.7537804937362678,-5.397065286925344,-4.386493833859761
6285,do,0.05,0.0,23,2.8889690876007084,-8.21414611267321,-7.673929935031467
6286,pp,0.05,0.0,37,3.430011224746705,-8.920275607253567,-7.158281840218438
6287,do,0.05,0.0,57,-0.43764540195465074,-9.859768116112912,-10.448367272482978
6288,pp,0.05,0.0,9,0.3915302765369413,-6.784782955863259,-5.851765110757616
6289,do,0.05,0.0,27,2.4874285602569577,-6.111734115716183,-6.127111660109626
6290,pp,0.05,0.0,17,0.8126115202903748,-5.718718524412675,-4.830426822768318
6291,do,0.05,0.0,7,0.3575217676162721,-5.30267250176632,-4.813728968302409
6292,pp,0.05,0.0,68,1.6630118823051463,-6.226149748310898,-5.395753497547574
6293,do,0.05,0.0,65,4.888932764530183,-7.373387436433272,-6.248555223147075
6294,pp,0.05,0.0,13,2.2532060468196873,-5.691883370370576,-4.647342125574748
6295,do,0.05,0.0,16,0.7598114037513737,-6.032183561903057,-5.44991196791331
6296,pp,0.05,0.0,8,-0.15951651573181103,-6.069030501625755,-5.138007677925957
6297,do,0.05,0.0,7,1.1506769740581513,-6.217763811169249,-5.4314266761144
6298,pp,0.05,0.0,8,1.8264219582080843,-6.532498849521984,-4.7282716936535305
6299,do,0.05,0.0,24,3.79463696360588,-6.248872862440167,-5.361118382877773
6300,pp,0.05,0.0,13,1.8548074924945839,-4.938140919714263,-4.199813878536224
6301,do,0.05,0.0,10,0.05996402144432089,-6.893177062814886,-5.872464026345147
6302,pp,0.05,0.0,57,0.48032003164291304,-7.368367776003751,-6.2068634933895535
6303,do,0.05,0.0,70,2.1109807109832754,-7.821966736244433,-7.134471766153971
6304,pp,0.05,0.0,10,2.273540080785752,-6.03195482600819,-4.418178423245748
6305,do,0.05,0.0,32,3.9554481315612797,-6.089666281324444,-5.528572342130873
6306,pp,0.05,0.0,14,2.0834754025936126,-4.530283098509817,-3.6541660083664786
6307,do,0.05,0.0,15,0.3058741641044618,-5.614333066073331,-5.068197978867425
6308,pp,0.05,0.0,39,2.888158005475998,-6.952046001318729,-5.993847007221646
6309,do,0.05,0.0,12,1.8835473239421843,-6.0352425488558685,-5.989836316638523
6310,pp,0.05,0.0,25,2.514733616113663,-4.87832419944532,-3.9373007165061105
6311,do,0.05,0.0,17,3.123055038452149,-6.204285923639933,-5.517438917689853
6312,pp,0.05,0.0,24,3.0586841750144957,-5.987867976679946,-4.511020331912571
6313,do,0.05,0.0,12,1.455749226808548,-5.898406008518103,-5.58704354763031
6314,pp,0.05,0.0,8,1.3328570210933686,-4.551166668805209,-3.922926133208805
6315,do,0.05,0.0,11,0.22764580130577095,-6.536267149087155,-5.512859235869514
6316,pp,0.05,0.0,8,0.47535932898521427,-5.203296304471565,-4.480480554368761
6317,do,0.05,0.0,22,3.0234248232841487,-6.4636274511163885,-5.363214204046462
6318,pp,0.05,0.0,13,1.593285285234452,-4.9178747249372075,-4.017239952087403
6319,do,0.05,0.0,17,2.7360115754604344,-6.243337963566636,-5.487055026160347
6320,pp,0.05,0.0,68,2.661093651056289,-7.348167969963767,-6.122322244114346
6321,do,0.05,0.0,54,1.6932596814632417,-7.934217731880419,-7.253729894426134
6322,pp,0.05,0.0,20,2.01921713590622,-5.451642805157285,-4.450810072157118
6323,do,0.05,0.0,29,3.6875613713264457,-9.329702738559607,-8.297500303056506
6324,pp,0.05,0.0,8,0.939085376262665,-6.372653816685532,-4.606710203488668
6325,do,0.05,0.0,6,0.5658664965629576,-5.555555126883767,-4.984035616450839
6326,pp,0.05,0.0,56,0.8314724981784813,-9.143503259890007,-7.917558307117886
6327,do,0.05,0.0,22,1.6551022648811342,-6.659062898520268,-6.294489296277364
6328,pp,0.05,0.0,34,2.7884943711757657,-4.840151765129783,-4.193067663245731
6329,do,0.05,0.0,9,0.5885667502880096,-5.400242939862338,-4.911944667498271
6330,pp,0.05,0.0,8,0.7086738729476929,-5.623540589303682,-4.722395645247565
6331,do,0.05,0.0,16,1.5259262418746946,-7.055395506367539,-5.766769221093919
6332,pp,0.05,0.0,9,0.24010196805000295,-7.320850982088031,-5.466244824727377
6333,do,0.05,0.0,8,1.4177427875995638,-5.123632389126402,-4.683364831076728
6334,pp,0.05,0.0,15,1.2981076991558078,-5.570611052079634,-4.5963308095932005
6335,do,0.05,0.0,16,2.3477399230003364,-5.565507328149044,-4.992780531777276
6336,pp,0.05,0.0,45,1.1460415136814115,-6.8944270769755045,-5.78110654089186
6337,do,0.05,0.0,5,0.07948735713958754,-5.789984977606571,-5.018987449010213
6338,pp,0.05,0.0,8,-0.4823667418956754,-6.433901632193363,-5.454433806737264
6339,do,0.05,0.0,12,1.827253768444062,-7.492900429349957,-6.863819185892741
6340,pp,0.05,0.0,57,1.258963232040406,-9.037901238239172,-7.2023510773976644
6341,do,0.05,0.0,7,0.336965808868408,-5.423487572236494,-4.909794200791253
6342,pp,0.05,0.0,6,-0.6135873329639434,-5.613961716854211,-4.805972729788886
6343,do,0.05,0.0,3,-0.045600863695144156,-6.198173856735229,-5.349495747354296
6344,pp,0.05,0.0,5,-0.06774576067924531,-5.515403607397369,-4.5345594114727446
6345,do,0.05,0.0,13,0.30592886924743645,-6.653844918626728,-5.68133401605818
6346,pp,0.05,0.0,10,0.3829079544544225,-6.144787742152358,-5.220338906182183
6347,do,0.05,0.0,6,0.6700320112705231,-5.818015386119034,-5.361446377966139
6348,pp,0.05,0.0,2,-0.13643355607986507,-5.11456164302248,-4.286980930964152
6349,do,0.05,0.0,52,0.4904180395603186,-7.401290119055545,-7.079046763314141
6350,pp,0.05,0.0,9,0.6202571094036102,-5.680320787429809,-4.718449444240994
6351,do,0.05,0.0,11,0.6189442920684813,-5.625216063586149,-5.35147766272227
6352,pp,0.05,0.0,4,-0.7711589002609252,-5.705960908080592,-4.806869806183709
6353,do,0.05,0.0,15,1.8511560320854192,-5.745307280800559,-4.886679283777872
6354,pp,0.05,0.0,19,2.244571806192398,-5.546276112758752,-4.67199424372779
6355,do,0.05,0.0,28,1.064512668848038,-7.312897370078347,-6.120524663395352
6356,pp,0.05,0.0,12,2.113360413312912,-4.631101757107359,-3.713980405860477
6357,do,0.05,0.0,32,1.4414414703845981,-7.155800182169134,-6.046883273124695
6358,pp,0.05,0.0,25,3.649555903673172,-5.963689997701934,-5.034855143229167
6359,do,0.05,0.0,26,3.138636319637299,-6.655397383371989,-5.854737705654568
6360,pp,0.05,0.0,10,1.6285231184959414,-4.732734448982008,-3.99196023411221
6361,do,0.05,0.0,13,1.451340005397796,-6.380607865073464,-5.616908751593696
6362,pp,0.05,0.0,15,2.42277421593666,-5.323420815034346,-4.577034701241387
6363,do,0.05,0.0,19,1.0859395635128024,-5.875129384705515,-4.929429385397169
6364,pp,0.05,0.0,13,2.585497118234634,-7.095117592089104,-5.2186974366505945
6365,do,0.05,0.0,25,2.8299566507339486,-7.623991258216627,-6.204490621884664
6366,pp,0.05,0.0,8,1.4789391267299647,-6.54626925352848,-5.111284232139587
6367,do,0.05,0.0,24,2.0773793470859525,-6.73795960744222,-5.578282576137119
6368,pp,0.05,0.0,14,1.6457644188404084,-6.1753985274921765,-5.148607328202989
6369,do,0.05,0.0,20,2.3480940234661105,-5.173256342338793,-5.311718935436673
6370,pp,0.05,0.0,17,2.7441324973106376,-4.913894880179203,-4.1731431259049305
6371,do,0.05,0.0,70,3.971586649417876,-10.085966835599956,-9.308820878134833
6372,pp,0.05,0.0,16,1.4141760444641118,-5.344380339709195,-4.409284795655145
6373,do,0.05,0.0,37,0.9167835330963134,-7.818776213039051,-6.966814711358812
6374,pp,0.05,0.0,6,1.2423657453060155,-4.928396969130545,-4.202485863367716
6375,do,0.05,0.0,42,0.9910392653942104,-7.43265736319802,-7.054721736907959
6376,pp,0.05,0.0,9,0.4489273154735569,-5.046353684049664,-4.410469370418125
6377,do,0.05,0.0,24,2.804038010835648,-6.902650557142316,-6.051171334584554
6378,pp,0.05,0.0,11,0.8426072514057159,-5.475221873774673,-4.603888943460253
6379,do,0.05,0.0,13,1.7394131994247433,-5.679965874643036,-5.064998716778225
6380,pp,0.05,0.0,11,2.6632192909717567,-6.192775737878048,-4.773003684149848
6381,do,0.05,0.0,8,0.8244028675556185,-6.186985280297019,-5.543546234236823
6382,pp,0.05,0.0,6,0.6138381052017214,-4.3828429944587475,-3.7503245327207777
6383,do,0.05,0.0,16,1.4968172466754908,-5.590409926212195,-5.07353691789839
6384,pp,0.05,0.0,17,1.2677958488464354,-5.5578447486415055,-4.709584927558899
6385,do,0.05,0.0,27,1.660906443595886,-6.737701807600079,-6.558380926979913
6386,pp,0.05,0.0,49,1.4435816192626962,-9.070684600598884,-7.631986655129326
6387,do,0.05,0.0,37,1.994059910774232,-6.450375038204771,-5.475578909450107
6388,pp,0.05,0.0,21,2.0515211296081546,-5.136948994434241,-4.048337041007148
6389,do,0.05,0.0,28,0.9870625138282776,-8.652167532660744,-7.149900033738878
6390,pp,0.05,0.0,4,-0.49075094461441005,-6.7503375241250705,-5.8633311218685575
6391,do,0.05,0.0,22,3.4733957302570353,-6.217939947590684,-6.0304880883958605
6392,pp,0.05,0.0,20,2.3127170479297634,-5.229439320708766,-3.9814046144485475
6393,do,0.05,0.0,33,1.1175585889816286,-8.303036566936608,-6.856267023086548
6394,pp,0.05,0.0,14,0.9276749050617221,-5.956238381067911,-4.947337794303894
6395,do,0.05,0.0,46,2.3768653941154474,-8.3430022167437,-7.1230459928512575
6396,pp,0.05,0.0,14,3.143510022163392,-4.9163924968603885,-3.9879264712333677
6397,do,0.05,0.0,55,2.9213963472843174,-6.878174028974591,-6.439525503582424
6398,pp,0.05,0.0,19,1.691580140590668,-4.414717298565489,-3.7976986474461025
6399,do,0.05,0.0,23,2.3906633174419403,-4.706231715462424,-4.151703068945143
6400,pp,0.05,0.0,21,2.4462612473964693,-5.290889643177842,-4.760646322038439
6401,do,0.05,0.0,13,0.5558649325370792,-6.182577436620539,-5.744047244389852
6402,pp,0.05,0.0,70,1.7030568373203288,-8.400258665373832,-7.186056616571214
6403,do,0.05,0.0,70,1.2354407227039346,-7.317758772589944,-6.924624694718255
6404,pp,0.05,0.0,35,2.442256909608841,-4.714839306744662,-3.8730183985498217
6405,do,0.05,0.0,12,0.5853591334819797,-5.2218088034427526,-5.154976214302911
6406,pp,0.05,0.0,39,-0.11394072532653787,-6.503100360523571,-5.5658359792497425
6407,do,0.05,0.0,70,0.46664952754974287,-9.921101560014668,-8.880725161234539
6408,pp,0.05,0.0,26,2.315666697025299,-5.219803711862275,-4.268530403243171
6409,do,0.05,0.0,16,1.3324569225311276,-5.787374044187141,-5.216579967074924
6410,pp,0.05,0.0,22,2.070645743608474,-5.100766106807824,-4.220027605692546
6411,do,0.05,0.0,8,0.5013248288631447,-5.430999102736965,-5.086218145158556
6412,pp,0.05,0.0,70,1.4389254045486446,-8.580335014516658,-7.643969413969252
6413,do,0.05,0.0,58,1.1744027590751642,-8.941792241009798,-8.00138751135932
6414,pp,0.05,0.0,21,3.1543309938907615,-5.465983227527503,-4.530052267180549
6415,do,0.05,0.0,11,1.1889220166206362,-5.568833226868601,-5.237681706746419
6416,pp,0.05,0.0,56,1.2246222472190862,-9.825057353395405,-7.750569038920933
6417,do,0.05,0.0,2,-0.4618485414981839,-5.896094130024766,-5.24977187315623
6418,pp,0.05,0.0,14,1.361189671754837,-5.574501062161994,-4.566799272431267
6419,do,0.05,0.0,4,0.20791086316108665,-5.376800959038012,-4.50381993982527
6420,pp,0.05,0.0,70,1.1787810122966773,-6.323489089445634,-5.477087950706482
6421,do,0.05,0.0,12,2.752512288093566,-4.753525624130711,-4.296680778927273
6422,pp,0.05,0.0,24,3.5953629958629607,-5.485482749071989,-4.674962443775601
6423,do,0.05,0.0,24,1.1269961547851572,-6.58046029697765,-5.958754632208082
6424,pp,0.05,0.0,5,0.20905219912529027,-5.835262649709528,-4.800959369871351
6425,do,0.05,0.0,10,0.799093323945999,-5.882051554593173,-5.257670794592963
6426,pp,0.05,0.0,9,0.13375815749168396,-5.828679544275457,-4.953789491123623
6427,do,0.05,0.0,23,3.9253662025928504,-7.311585157567804,-6.40265318552653
6428,pp,0.05,0.0,45,2.4750882756710055,-5.8802417668429285,-5.05781384838952
6429,do,0.05,0.0,35,2.0286035609245303,-5.99357673182632,-5.3277261336644495
6430,pp,0.05,0.0,14,-0.08937502264976516,-6.543723310123791,-5.964234076605903
6431,do,0.05,0.0,29,1.4198045396804808,-9.773313200112545,-8.665703497992622
6432,pp,0.05,0.0,15,0.42937302947044387,-7.589373327024055,-6.29728229575687
6433,do,0.05,0.0,12,1.5680651021003724,-4.534982032486886,-4.132716201411354
6434,pp,0.05,0.0,11,0.4331834661960601,-5.87322075439222,-4.586642593807644
6435,do,0.05,0.0,48,3.4238196563720713,-7.110550987359249,-6.238321487108866
6436,pp,0.05,0.0,40,3.686543890237809,-8.255407152753888,-6.847740734948053
6437,do,0.05,0.0,22,0.9043259406089783,-5.859911129691384,-5.1316641781065195
6438,pp,0.05,0.0,17,0.8446354079246507,-8.103547911210494,-6.762374724282159
6439,do,0.05,0.0,20,2.991632643938064,-5.90293762178132,-5.533152145809598
6440,pp,0.05,0.0,35,3.207896472215653,-6.076615423144716,-4.968797781732348
6441,do,0.05,0.0,18,-0.010534447431564509,-6.50350241950064,-5.991885860761006
6442,pp,0.05,0.0,39,0.20350932955741818,-6.393978608738292,-5.17074154747857
6443,do,0.05,0.0,3,0.0075732886791231024,-5.802543241327459,-5.069362841712104
6444,pp,0.05,0.0,70,1.0882227063179002,-7.948984039191044,-7.004232931137085
6445,do,0.05,0.0,70,1.5447151064872742,-8.759351247729677,-7.853463300069174
6446,pp,0.05,0.0,12,1.0624395573139198,-7.203359816291115,-5.985351032680935
6447,do,0.05,0.0,17,2.590053726434708,-5.74709334228978,-5.416313295894199
6448,pp,0.05,0.0,21,1.9469282400608057,-4.791119020635431,-4.007769264115227
6449,do,0.05,0.0,45,0.44122841835022,-7.040179482373325,-6.529711572329203
6450,pp,0.05,0.0,3,-0.04088313221931461,-5.690023092790083,-5.049950030114916
6451,do,0.05,0.0,19,1.6433382701873782,-5.601014130043261,-5.071226223309835
6452,pp,0.05,0.0,9,1.3965117263793951,-4.662534582253659,-4.082115545537737
6453,do,0.05,0.0,7,0.08236852526664773,-5.815695165865349,-5.567339083883497
6454,pp,0.05,0.0,12,0.19944661378860484,-6.190903108770197,-5.39454477098253
6455,do,0.05,0.0,32,1.4782855534553523,-8.773586445143728,-7.016438052389357
6456,pp,0.05,0.0,10,1.2249668848514554,-5.614046225403294,-4.7644838121202255
6457,do,0.05,0.0,17,1.6588566851615907,-5.916333422516331,-5.287179642253452
6458,pp,0.05,0.0,9,0.7071372056007386,-5.839604272264423,-4.6483283042907715
6459,do,0.05,0.0,66,2.2866852486133578,-7.582298111193108,-7.58983482254876
6460,pp,0.05,0.0,30,0.4716810321807854,-6.796777365424417,-5.457686180538602
6461,do,0.05,0.0,16,0.8656603205204005,-5.853609970844153,-5.204301696353489
6462,pp,0.05,0.0,17,0.4949422419071192,-7.072250400890003,-5.922317989667257
6463,do,0.05,0.0,10,0.13383564829826344,-5.7407555536790325,-5.716945033603245
6464,pp,0.05,0.0,18,1.933561291694641,-5.537477191289266,-4.675994027985467
6465,do,0.05,0.0,14,1.0839554715156554,-5.757956204269871,-5.562145365609063
6466,pp,0.05,0.0,33,3.672474786043167,-4.866638031150355,-4.198132236798604
6467,do,0.05,0.0,3,-0.46131312966346716,-5.404812502138542,-4.973884990480211
6468,pp,0.05,0.0,14,0.3231106591224675,-7.298943104888454,-6.0238268852233885
6469,do,0.05,0.0,57,2.3515206360816947,-6.987369790221706,-6.640311763021681
6470,pp,0.05,0.0,31,3.1229983603954308,-5.404523174690477,-4.430411619610257
6471,do,0.05,0.0,29,2.03021711230278,-5.4442206989635125,-5.16526505417294
6472,pp,0.05,0.0,34,3.4905173873901374,-5.634409635717218,-4.724721622467041
6473,do,0.05,0.0,70,0.30299702048301747,-8.06405610893712,-6.952236090766059
6474,pp,0.05,0.0,51,-0.43004338026046796,-9.859000476201375,-7.903110710779826
6475,do,0.05,0.0,11,2.0043606662750246,-6.742988570531209,-5.899783187442356
6476,pp,0.05,0.0,7,1.4308074939250943,-5.181832025990341,-4.3500178310606215
6477,do,0.05,0.0,4,-0.4333696734905237,-5.849383559371486,-5.3249778774049545
6478,pp,0.05,0.0,9,0.6120127892494196,-5.328461389830618,-4.5280431694454615
6479,do,0.05,0.0,3,-0.04542595386505166,-5.496839240103057,-4.759468036227756
6480,pp,0.05,0.0,5,-0.21509500145912153,-5.873223320643107,-4.518052090538872
6481,do,0.05,0.0,14,0.35944305419921907,-5.237583673361576,-4.8487645732031925
6482,pp,0.05,0.0,8,0.8131245660781854,-5.3938896410393,-4.489580935902065
6483,do,0.05,0.0,16,0.40198440432548566,-5.489678134340228,-5.346823053889804
6484,pp,0.05,0.0,15,0.886473236083984,-5.4100570158524945,-4.309609707196554
6485,do,0.05,0.0,17,1.3443557357788087,-6.875368725169789,-5.97337818675571
6486,pp,0.05,0.0,8,0.47133463263511644,-5.831462604349309,-4.506339759296841
6487,do,0.05,0.0,24,1.9588214540481568,-5.223997715747718,-4.741182361708747
6488,pp,0.05,0.0,8,0.9521293640136719,-5.684875030228586,-4.656177756521437
6489,do,0.05,0.0,56,2.2552273869514465,-8.017553501418142,-8.06220915052626
6490,pp,0.05,0.0,9,1.4219431018829347,-5.401693734255704,-4.575528926319546
6491,do,0.05,0.0,25,0.9288331508636469,-6.784335179762407,-6.625247361924913
6492,pp,0.05,0.0,44,1.1794203186035155,-6.661950495748809,-5.849041732152303
6493,do,0.05,0.0,21,1.6667548358440394,-5.6947280724843345,-6.014756859673394
6494,pp,0.05,0.0,60,-0.04673279881477299,-7.518619772882173,-7.169721942477756
6495,do,0.05,0.0,18,1.756153823137283,-5.785051709955389,-5.015381546815236
6496,pp,0.05,0.0,13,1.027370969057083,-5.883744410312537,-4.722395463784536
6497,do,0.05,0.0,29,1.984009786844254,-5.449822333364776,-5.141423527399699
6498,pp,0.05,0.0,44,3.4415035188198093,-7.085599977319891,-5.746725712882148
6499,do,0.05,0.0,18,2.9518439769744873,-7.308289196996978,-7.73596863216824
6500,pp,0.05,0.0,33,4.493111764192582,-4.795489548191879,-4.108713844087389
6501,do,0.05,0.0,5,0.6445433902740483,-4.96531356753725,-4.436290383338928
6502,pp,0.05,0.0,20,1.2884923779964454,-5.751083638451316,-4.921031750573052
6503,do,0.05,0.0,5,-0.5664036738872529,-7.048516591389974,-6.039348109563192
6504,pp,0.05,0.0,6,0.21454813003539996,-6.107318135463831,-5.0425553613238865
6505,do,0.05,0.0,5,0.6936298072338101,-5.510521784695712,-5.129548708597819
6506,pp,0.05,0.0,16,2.471875107288361,-5.772663622191458,-4.446343406041463
6507,do,0.05,0.0,5,0.4443884134292606,-6.080644590204412,-5.406009703212314
6508,pp,0.05,0.0,28,2.9031948459148404,-5.407889944134337,-4.584493435753716
6509,do,0.05,0.0,18,2.305733661651611,-6.042468331076882,-5.648835598097907
6510,pp,0.05,0.0,44,3.005252048969269,-5.685870348323475,-4.75360787179735
6511,do,0.05,0.0,17,1.7577653622627256,-5.521960098093206,-6.155367098914253
6512,pp,0.05,0.0,19,3.2987011575698846,-4.83375142993349,-3.972788363032871
6513,do,0.05,0.0,55,3.427089881896973,-6.558970952756477,-6.095205177201165
6514,pp,0.05,0.0,14,0.8353037858009342,-5.7152858083898375,-4.750547822316488
6515,do,0.05,0.0,70,2.4164314103126525,-6.348126116665926,-5.558493195639716
6516,pp,0.05,0.0,27,3.5306966924667353,-4.696625885818944,-3.9650341166390315
6517,do,0.05,0.0,38,2.017085481882095,-6.31343182072495,-5.394055986404419
6518,pp,0.05,0.0,23,3.2476457417011266,-5.989942955248283,-5.264308558570014
6519,do,0.05,0.0,48,1.2730878090858457,-9.446573945247765,-8.407055107752482
6520,pp,0.05,0.0,15,1.0650274407863618,-5.0708457079800695,-4.266384434700012
6521,do,0.05,0.0,70,3.392963896989823,-6.17559103532271,-5.905202216572231
6522,pp,0.05,0.0,33,1.2096505546569825,-6.5435066801128965,-5.247402229573992
6523,do,0.05,0.0,5,0.7357958769798278,-5.33204806356719,-5.047318670484755
6524,pp,0.05,0.0,17,2.378238184452057,-5.475760149233269,-4.496776053640578
6525,do,0.05,0.0,32,1.1211612021923063,-8.2659618175391,-8.322315443886652
6526,pp,0.05,0.0,28,1.2762810611724849,-5.374926422581528,-4.585287430551317
6527,do,0.05,0.0,12,0.26504389047622734,-5.8471517114928275,-5.736382420857748
6528,pp,0.05,0.0,8,0.36180751323699933,-5.1326423153732765,-4.301643652386136
6529,do,0.05,0.0,49,0.8157625877857209,-6.815145352392486,-8.27577452659607
6530,pp,0.05,0.0,15,2.0099114620685574,-4.608651587457368,-3.932590537601047
6531,do,0.05,0.0,28,1.8331543529033656,-6.79887426405242,-6.993204906251695
6532,pp,0.05,0.0,16,1.5786829280853274,-6.40305643081665,-5.200547512372335
6533,do,0.05,0.0,21,2.416394308805466,-5.032386161341812,-4.9011387798521255
6534,pp,0.05,0.0,10,1.424376800060272,-5.435331249237061,-4.633842680189344
6535,do,0.05,0.0,44,2.2104380273818967,-6.166837829532045,-6.360432526800367
6536,pp,0.05,0.0,15,1.1816171443462373,-4.463128237290816,-3.655523978339301
6537,do,0.05,0.0,17,2.813481026887894,-6.159600413929333,-5.603256418969896
6538,pp,0.05,0.0,19,3.53172299861908,-4.9776778611269865,-4.079073188039992
6539,do,0.05,0.0,24,3.1639104402065277,-5.42369042743336,-5.264911172125075
6540,pp,0.05,0.0,6,0.7357950997352596,-5.009110209436128,-4.33621342447069
6541,do,0.05,0.0,23,2.3882925438880918,-9.195823204156124,-7.507702917522854
6542,pp,0.05,0.0,17,2.6729467010498045,-4.793534557747118,-4.004985675546858
6543,do,0.05,0.0,5,0.1904271006584164,-6.470588491902207,-5.515075053109063
6544,pp,0.05,0.0,26,-0.20572628140449645,-9.06488124963009,-7.518487315707737
6545,do,0.05,0.0,4,0.0012392425537113283,-5.353769430969701,-5.134851135147942
6546,pp,0.05,0.0,15,0.639083882570266,-5.114932612216834,-4.451707598898146
6547,do,0.05,0.0,6,0.15577510714530973,-5.463348401676525,-4.930700977643331
6548,pp,0.05,0.0,10,0.9527240788936613,-6.301800615137274,-5.218492968877157
6549,do,0.05,0.0,13,1.1856427752971648,-6.256035483967175,-5.994654303126865
6550,pp,0.05,0.0,11,1.6400938761234283,-5.02790665771022,-4.149994757440355
6551,do,0.05,0.0,16,0.7186690914630889,-6.104309265541308,-5.96410084300571
6552,pp,0.05,0.0,20,1.794975891113281,-5.933392875844782,-5.0934630314509075
6553,do,0.05,0.0,22,3.1231441009044643,-5.835523021582401,-5.195593566364712
6554,pp,0.05,0.0,9,1.0342006301879882,-5.162428134860415,-4.235884340604146
6555,do,0.05,0.0,32,2.2609939622879027,-6.42200054399895,-5.568751192092895
6556,pp,0.05,0.0,14,2.1330294322967527,-6.292787849541867,-5.467133609453837
6557,do,0.05,0.0,16,1.624219571352005,-5.574461707201871,-4.890162828233507
6558,pp,0.05,0.0,13,0.08491895556449869,-6.2866736758839,-4.903708378473918
6559,do,0.05,0.0,25,3.1181378304958347,-5.905934958024458,-5.069637854894002
6560,pp,0.05,0.0,16,2.467843922376634,-6.0519488132361206,-4.876997616555956
6561,do,0.05,0.0,13,3.2852703726291654,-5.5512404311787,-5.079508376121521
6562,pp,0.05,0.0,13,2.1092141783237457,-4.864033061807806,-4.195817454655965
6563,do,0.05,0.0,3,-0.5450527644157406,-5.82988587437254,-5.259073816405403
6564,pp,0.05,0.0,13,0.8347955656051633,-6.401985135222926,-5.551699434386359
6565,do,0.05,0.0,21,0.8479766142368312,-5.824453791705045,-6.1223715517256
6566,pp,0.05,0.0,26,0.9816394591331488,-5.561122742566195,-4.59355173640781
6567,do,0.05,0.0,18,1.030296907424927,-5.742963394974217,-6.165371100107829
6568,pp,0.05,0.0,14,1.2277900481224062,-4.730762874718868,-4.176317042774624
6569,do,0.05,0.0,40,4.701647932529449,-6.691200685501099,-5.712421337763469
6570,pp,0.05,0.0,28,2.831195298433303,-7.206509879141143,-6.060442333751254
6571,do,0.05,0.0,7,-0.008069558143615652,-6.1046694379864315,-5.4446113692389595
6572,pp,0.05,0.0,27,2.760261980295181,-5.5832350571950276,-4.640547508663602
6573,do,0.05,0.0,8,2.2606136572360995,-5.794437671430183,-5.367140629556444
6574,pp,0.05,0.0,24,3.9040816009044654,-4.957023970286051,-4.340835784541236
6575,do,0.05,0.0,12,2.080629856586456,-5.665178070646344,-4.978106498718262
6576,pp,0.05,0.0,17,2.788217064142227,-5.0722316149509314,-4.205815855662028
6577,do,0.05,0.0,8,0.9634365749359128,-5.781869740919634,-5.213399322827657
6578,pp,0.05,0.0,45,4.066855775117875,-5.169926261901855,-4.362509942054748
6579,do,0.05,0.0,4,0.7006161093711851,-4.924656554424401,-4.284673420588176
6580,pp,0.05,0.0,10,1.4668106269836425,-5.929378901105938,-4.61424490875668
6581,do,0.05,0.0,11,1.014756218194961,-7.302662800297592,-6.460254844029745
6582,pp,0.05,0.0,15,2.9242594075202932,-6.086478726069132,-4.916249261962043
6583,do,0.05,0.0,38,3.2663315093517307,-6.2172648559917105,-5.554116598765055
6584,pp,0.05,0.0,23,1.5528874981403344,-6.149075107863455,-5.564021113183763
6585,do,0.05,0.0,8,-0.0374161839485172,-5.666496915528269,-5.223384364446004
6586,pp,0.05,0.0,10,0.17513135671615565,-5.888263568011197,-5.057770442962647
6587,do,0.05,0.0,5,-0.7810237026214599,-6.562450419050275,-5.687894694010416
6588,pp,0.05,0.0,10,0.6720410692691807,-5.558509354157882,-4.958451419406467
6589,do,0.05,0.0,3,-0.6116152977943417,-6.11453218460083,-5.519530619515313
6590,pp,0.05,0.0,26,1.4857305359840396,-6.657824929555257,-5.647436475753784
6591,do,0.05,0.0,3,0.1357209277153011,-5.600088959029226,-5.211086932818095
6592,pp,0.05,0.0,15,2.368940225839615,-5.503992954889934,-4.655343789524502
6593,do,0.05,0.0,3,-0.09378119230270343,-5.685670213988333,-5.23156521320343
6594,pp,0.05,0.0,16,0.609300047159195,-6.227764022711551,-5.877433925204807
6595,do,0.05,0.0,10,0.14615404248237596,-8.29034198847684,-6.948916723993089
6596,pp,0.05,0.0,57,1.539889298677446,-8.377317311547019,-6.660538215107388
6597,do,0.05,0.0,10,1.6541381275653846,-5.730829092950532,-5.0705918735928
6598,pp,0.05,0.0,25,1.71524250626564,-7.043133692307905,-5.778940346505907
6599,do,0.05,0.0,4,0.6111562013626095,-5.139057416626901,-4.3154775195651585
6600,pp,0.05,0.0,21,0.6139941382408143,-6.435967903426199,-5.561758436097039
6601,do,0.05,0.0,16,1.3736378371715547,-5.1001807183930365,-4.787049767706129
6602,pp,0.05,0.0,14,1.8064178574085243,-5.417774719180483,-4.407481400171916
6603,do,0.05,0.0,3,-0.841968967914581,-6.538550411571156,-5.639098368750679
6604,pp,0.05,0.0,69,3.156247596740723,-5.699813745961045,-4.793107321527269
6605,do,0.05,0.0,9,1.1611754047870635,-5.52743391123685,-5.1345196379555595
6606,pp,0.05,0.0,12,2.1643247115612034,-6.128384658062097,-5.211913635995653
6607,do,0.05,0.0,70,2.0490223169326773,-7.116356682054924,-6.582133838865492
6608,pp,0.05,0.0,22,1.9450531768798829,-6.130200190977617,-4.9532007482316756
6609,do,0.05,0.0,6,1.1467363512516027,-5.564886233300873,-4.882602241304186
6610,pp,0.05,0.0,44,1.9749607110023515,-8.806225169788707,-5.928508840666877
6611,do,0.05,0.0,12,1.0521040582656855,-6.408688691168121,-6.116442616780599
6612,pp,0.05,0.0,44,2.9906756556034084,-7.26395846713673,-6.473358760939704
6613,do,0.05,0.0,17,0.1564923512935632,-6.754209792975224,-5.866148887740241
6614,pp,0.05,0.0,21,1.955926667451859,-5.396441679289847,-4.374150111940172
6615,do,0.05,0.0,37,1.5153416681289666,-6.273230843110518,-5.471812028355068
6616,pp,0.05,0.0,17,1.8661748433113097,-4.700324830141935,-3.941929629113939
6617,do,0.05,0.0,70,4.3847911274433145,-7.229342245333123,-6.80172299279107
6618,pp,0.05,0.0,3,-0.27617764115333543,-6.228563185894128,-5.595864219135708
6619,do,0.05,0.0,6,0.9976007056236265,-6.304918427900835,-5.462600196732415
6620,pp,0.05,0.0,11,2.126081629991531,-6.055062088821874,-5.096420971552531
6621,do,0.05,0.0,4,0.1797902619838716,-5.507341074221062,-4.701238928900825
6622,pp,0.05,0.0,12,1.1299667048454287,-5.843861467188055,-4.638961044947306
6623,do,0.05,0.0,13,0.5615364134311669,-6.763817151387532,-5.982016356786092
6624,pp,0.05,0.0,34,2.259904096126556,-8.817674524133855,-8.076893907123141
6625,do,0.05,0.0,53,2.53222574353218,-10.233704023650198,-9.105123307969835
6626,pp,0.05,0.0,14,1.945564680099488,-6.146883447242506,-4.902964181370205
6627,do,0.05,0.0,9,0.7806197452545165,-4.893764268990719,-4.885779444376627
6628,pp,0.05,0.0,31,0.3985267567634585,-7.072276599479444,-5.874719995922512
6629,do,0.05,0.0,8,0.8640595436096197,-5.645334827538693,-5.080196571350098
6630,pp,0.05,0.0,7,0.7045199930667874,-5.796006640520963,-4.574788700209724
6631,do,0.05,0.0,70,1.315369362831115,-8.346144005746552,-7.571035912301805
6632,pp,0.05,0.0,8,1.7953250360488893,-5.907908383282748,-4.828167337841458
6633,do,0.05,0.0,6,1.0071948599815368,-5.448420910401778,-5.143089901076423
6634,pp,0.05,0.0,6,0.5832696831226345,-5.384245111003066,-4.42766269048055
6635,do,0.05,0.0,5,0.588332201242447,-6.570786665425156,-6.261348973380195
6636,pp,0.05,0.0,12,1.49134460926056,-8.400692345879294,-6.278555305798848
6637,do,0.05,0.0,8,1.1142673516273502,-5.3570955247590035,-4.977057027816772
6638,pp,0.05,0.0,10,1.2841183340549476,-4.260167360305786,-3.7538090692626107
6639,do,0.05,0.0,18,1.5118430233001714,-6.676348585070985,-6.101352787017822
6640,pp,0.05,0.0,14,1.7382291114330286,-5.306163883209228,-4.17451048956977
6641,do,0.05,0.0,11,1.7443064224719995,-6.7139673175233785,-5.487795890702142
6642,pp,0.05,0.0,10,1.159112619161606,-4.687860724420259,-3.8445957554711234
6643,do,0.05,0.0,34,2.5378273808956138,-6.447809379751032,-5.393754416041904
6644,pp,0.05,0.0,70,2.560982294082642,-8.73926846330816,-7.267371527353922
6645,do,0.05,0.0,19,2.7273058187961574,-6.239456140633785,-6.0424051761627195
6646,pp,0.05,0.0,11,2.166914252042771,-5.172520576823842,-4.29246805244022
6647,do,0.05,0.0,39,3.08441545009613,-7.051360060951927,-5.544256891144647
6648,pp,0.05,0.0,14,2.0281700479984286,-5.36350467710784,-4.4693894227345785
6649,do,0.05,0.0,60,2.008234177827835,-7.676003544258349,-6.770958770645989
6650,pp,0.05,0.0,11,1.3449587833881376,-5.14105637290261,-4.210241015752157
6651,do,0.05,0.0,11,1.3390323352813729,-5.734918842893658,-5.236256368954977
6652,pp,0.05,0.0,12,1.932867922782898,-5.236533777641528,-4.289221853680081
6653,do,0.05,0.0,27,1.7521036517620079,-6.002632330403183,-5.111853798230489
6654,pp,0.05,0.0,64,1.2177909255027775,-7.831101842360063,-6.344670769903395
6655,do,0.05,0.0,11,2.141025468111038,-5.83748016501918,-5.81582526895735
6656,pp,0.05,0.0,9,0.4237128627300262,-5.715165265401205,-5.013737572564019
6657,do,0.05,0.0,6,0.5703660213947295,-5.539631431752985,-5.079806073506673
6658,pp,0.05,0.0,5,0.19996383428573683,-4.9985230070171935,-4.1452774736616345
6659,do,0.05,0.0,15,1.1977622640132903,-5.392915495959195,-4.922129347589281
6660,pp,0.05,0.0,6,0.6218304920196536,-5.20298993659742,-4.238417802916633
6661,do,0.05,0.0,27,1.3338256680965417,-6.637671456192479,-6.231188890669081
6662,pp,0.05,0.0,8,0.7519379031658167,-5.615620276422211,-4.512706833415561
6663,do,0.05,0.0,10,1.5841945898532872,-6.37996997833252,-5.785325805346171
6664,pp,0.05,0.0,13,2.03715993642807,-4.869053266987656,-4.147572582297855
6665,do,0.05,0.0,31,1.1042258214950555,-6.953500948530255,-6.116915300157335
6666,pp,0.05,0.0,20,0.7944513499736789,-5.982190980333271,-4.917341820398966
6667,do,0.05,0.0,14,1.3397694337368007,-6.010999136260062,-5.653366306093004
6668,pp,0.05,0.0,12,0.1336891174316408,-5.599087995471376,-4.4557914654413855
6669,do,0.05,0.0,68,1.9060710000991818,-7.110899379036644,-6.667134147220188
6670,pp,0.05,0.0,19,1.525550585985184,-5.890730395461574,-4.84863433043162
6671,do,0.05,0.0,22,1.8944509673118581,-9.454690434715964,-9.057536305321587
6672,pp,0.05,0.0,6,1.0552814269065856,-5.2487298589764215,-4.275040814611647
6673,do,0.05,0.0,20,2.8508804023265837,-6.640312402898615,-5.9672043482462565
6674,pp,0.05,0.0,7,0.8791926181316372,-6.545336875048551,-5.2491188844045
6675,do,0.05,0.0,32,2.88455913901329,-5.393021483854814,-4.6853929493162365
6676,pp,0.05,0.0,20,3.407997829914093,-6.030177101944432,-4.703537366125318
6677,do,0.05,0.0,13,3.459155596494675,-5.834343897212635,-5.560110717349582
6678,pp,0.05,0.0,12,1.4140419495105743,-5.0348273638522985,-3.922736973232693
6679,do,0.05,0.0,7,0.30439789414405816,-6.164667181535201,-5.731309058931139
6680,pp,0.05,0.0,9,-0.6174156188964846,-7.347490891543302,-6.352796610196432
6681,do,0.05,0.0,8,1.3293712532520292,-5.82869304599184,-5.17756548192766
6682,pp,0.05,0.0,14,3.1393176603317263,-5.43589712489735,-4.426039873229133
6683,do,0.05,0.0,4,0.41276445984840393,-5.635785633144956,-5.095683296521504
6684,pp,0.05,0.0,4,0.5732480359077456,-5.487964940793587,-4.439099401897854
6685,do,0.05,0.0,44,2.586038722991944,-8.099613468574756,-7.661615037918091
6686,pp,0.05,0.0,24,2.5896115779876707,-4.624237314860026,-3.8374868326716953
6687,do,0.05,0.0,13,0.6995841085910799,-6.412319428992994,-6.136739428838094
6688,pp,0.05,0.0,10,1.053594735860825,-4.877599641048547,-4.170383077197605
6689,do,0.05,0.0,12,2.057033123970032,-4.488837536898527,-4.194990156756507
6690,pp,0.05,0.0,9,0.6076977038383484,-5.9540397412849195,-4.877870922618442
6691,do,0.05,0.0,18,2.3518815386295318,-7.136331877563939,-6.050132666693793
6692,pp,0.05,0.0,15,2.566143264770508,-7.560212235017256,-5.44548777739207
6693,do,0.05,0.0,12,0.7531021106243134,-5.882825670820294,-5.50771619743771
6694,pp,0.05,0.0,55,1.2361362457275389,-6.9806370402827405,-6.255965948104858
6695,do,0.05,0.0,4,0.053770201206207346,-6.272439130147299,-5.479600432184007
6696,pp,0.05,0.0,6,0.17921985507011406,-5.985615682601929,-4.780453901820713
6697,do,0.05,0.0,70,1.4079129636287693,-9.468302670392124,-9.430464050504897
6698,pp,0.05,0.0,9,0.49103230834007316,-5.62279386809378,-4.402517215410868
6699,do,0.05,0.0,5,0.3697693097591399,-6.061903703573979,-5.532668267356025
6700,pp,0.05,0.0,4,-0.2127540874481202,-5.606607093233051,-4.665424211819967
6701,do,0.05,0.0,6,0.2850056016445164,-5.853537748799179,-5.375050830841064
6702,pp,0.05,0.0,9,0.4857523488998412,-4.694245995897235,-3.8977080954445733
6703,do,0.05,0.0,51,4.966470435857773,-5.626499699101304,-5.265592283672756
6704,pp,0.05,0.0,18,2.889809124469757,-5.09793932799137,-4.311695347891914
6705,do,0.05,0.0,25,4.120200016498566,-6.650020699067549,-5.823938801553514
6706,pp,0.05,0.0,11,2.7540981435775755,-4.495700904094812,-3.7091720037990146
6707,do,0.05,0.0,27,2.5204905235767363,-7.270704146587487,-6.3679778363969595
6708,pp,0.05,0.0,19,2.8304858088493345,-5.103280602079449,-4.163946562343174
6709,do,0.05,0.0,36,2.665779694318771,-7.121747690258604,-6.5387046337127686
6710,pp,0.05,0.0,24,2.3855083227157605,-6.16008994218075,-4.99799320962694
6711,do,0.05,0.0,36,2.175342544317245,-7.43429180058566,-6.7982593509886
6712,pp,0.05,0.0,57,0.9925624418258678,-8.505004540356722,-6.855321505334643
6713,do,0.05,0.0,20,2.213174057006836,-5.400742090109623,-5.0505425055821735
6714,pp,0.05,0.0,8,1.5247535610198977,-5.428223592584783,-4.504608827167087
6715,do,0.05,0.0,9,0.2814338290691376,-6.811743492068667,-5.371631733576456
6716,pp,0.05,0.0,9,0.9096569383144377,-4.556958278020223,-3.896899992889828
6717,do,0.05,0.0,16,3.034412313699722,-5.7976703340357,-5.8574100918240015
6718,pp,0.05,0.0,25,3.2848008203506467,-5.496653420997388,-4.690244563420614
6719,do,0.05,0.0,4,-0.18545520544052163,-6.255169762987079,-5.154316478305393
6720,pp,0.05,0.0,7,0.1704389369487762,-5.695393714037809,-4.584132435586717
6721,do,0.05,0.0,16,3.348841648101807,-5.648679302677964,-5.171767240100436
6722,pp,0.05,0.0,27,3.5659987854957587,-4.432620898160067,-3.6902459449238245
6723,do,0.05,0.0,16,1.741897640228272,-5.143230149240205,-4.724915226300557
6724,pp,0.05,0.0,16,3.2352746045589447,-4.611418667706576,-3.8962043285369874
6725,do,0.05,0.0,33,1.1473116993904107,-8.20935309005506,-8.152962226337857
6726,pp,0.05,0.0,17,1.578266608715058,-5.5280146049730705,-4.591400612725152
6727,do,0.05,0.0,13,1.3534598839282994,-6.545381219459302,-5.969562096065945
6728,pp,0.05,0.0,9,0.0935909652709963,-6.140444027293812,-5.2852318710751005
6729,do,0.05,0.0,40,3.444788901805877,-5.2959074800664725,-5.240044384532505
6730,pp,0.05,0.0,32,0.6947333145141599,-10.366572945045702,-9.081445791986253
6731,do,0.05,0.0,17,2.908206934928894,-5.2400378111637,-4.765590312745836
6732,pp,0.05,0.0,19,2.065700507164001,-4.98513447154652,-4.331573343276977
6733,do,0.05,0.0,21,2.569031563997269,-8.314714353734797,-7.244463059637281
6734,pp,0.05,0.0,15,2.2357082319259654,-5.8578069845835365,-4.539441702100966
6735,do,0.05,0.0,36,1.6411987817287441,-6.189370815681689,-5.548938422732883
6736,pp,0.05,0.0,16,3.060080929994583,-5.571275637366555,-4.540676310327318
6737,do,0.05,0.0,44,2.7356521236896514,-6.887624370690548,-6.454955053329468
6738,pp,0.05,0.0,17,1.7359402394294738,-5.628691895802816,-4.5170265436172485
6739,do,0.05,0.0,14,1.6006750977039337,-5.8923634037827,-5.64310757584042
6740,pp,0.05,0.0,21,1.8149761569499967,-5.561738207845977,-4.735305661625333
6741,do,0.05,0.0,18,2.617393720149993,-6.097737078233199,-5.95645391676161
6742,pp,0.05,0.0,13,0.309038287401199,-6.062901784434463,-5.11023743947347
6743,do,0.05,0.0,20,3.3810946118831637,-5.277914209076853,-4.816854508717855
6744,pp,0.05,0.0,6,0.8544938457012181,-6.054227424390389,-4.731003186437818
6745,do,0.05,0.0,8,1.5390547668933872,-5.659634993293069,-5.473942051993476
6746,pp,0.05,0.0,14,2.572043898105621,-6.215863957549587,-5.030751625696818
6747,do,0.05,0.0,39,1.8546298253536229,-8.572418799544826,-7.857817244529724
6748,pp,0.05,0.0,60,2.476824992895126,-6.621272714210279,-5.307949211862352
6749,do,0.05,0.0,6,0.8112330055236816,-6.257643163565433,-5.402946718533834
6750,pp,0.05,0.0,18,2.600285468101502,-5.448433594270186,-4.734349473317464
6751,do,0.05,0.0,24,2.771859743595124,-5.173853625673236,-5.5789569536844885
6752,pp,0.05,0.0,24,2.3942538344860074,-4.936459561550256,-4.210623086823357
6753,do,0.05,0.0,8,0.5859523248672485,-5.706334666049842,-5.317936396598816
6754,pp,0.05,0.0,23,2.2480314397811885,-6.004143807382294,-4.781702976756626
6755,do,0.05,0.0,14,1.1004603004455564,-6.870341415116282,-6.290106222364638
6756,pp,0.05,0.0,33,3.56697811961174,-5.802345732486609,-5.2134137100643585
6757,do,0.05,0.0,23,2.880206030607223,-5.581952619552612,-5.3072894016901655
6758,pp,0.05,0.0,17,2.6789154100418093,-6.954327216292873,-5.555528044700623
6759,do,0.05,0.0,3,-0.3211511301994321,-5.186818578026512,-4.900776327980889
6760,pp,0.05,0.0,28,0.5517964279651633,-8.549689307357326,-7.056979465484619
6761,do,0.05,0.0,5,1.0364645743370051,-4.55520805012096,-3.9726484033796523
6762,pp,0.05,0.0,16,1.4898925811052317,-4.764232371070168,-3.9735647201538087
6763,do,0.05,0.0,35,2.2065433180332183,-7.136798329786821,-7.005085187488132
6764,pp,0.05,0.0,3,-0.08795215249061616,-6.691192879821315,-5.820098363028633
6765,do,0.05,0.0,6,0.6918768787384035,-5.2197005329710064,-4.726892354753282
6766,pp,0.05,0.0,33,3.6731309819221485,-7.448687173380996,-5.811842446857028
6767,do,0.05,0.0,14,3.8756367874145514,-6.4030655109521115,-5.741219835811191
6768,pp,0.05,0.0,50,3.8053596270084373,-7.853147022651903,-6.303879268964132
6769,do,0.05,0.0,7,1.3730408704280856,-5.436008583415639,-4.840305365456475
6770,pp,0.05,0.0,16,2.7923628711700443,-6.42204788236907,-5.260433300336202
6771,do,0.05,0.0,5,-0.2995176613330841,-6.153818071249759,-5.542630137337579
6772,pp,0.05,0.0,15,1.7375697946548465,-5.5940733707312384,-4.764058097203573
6773,do,0.05,0.0,18,1.6266753005981442,-4.870467047257857,-4.775785573323568
6774,pp,0.05,0.0,11,0.16820834398269735,-5.748334569642038,-4.904106285836962
6775,do,0.05,0.0,13,1.190900557041168,-4.666405991351966,-5.52977520359887
6776,pp,0.05,0.0,52,1.2418830859661112,-7.3266053141969625,-6.197823264863756
6777,do,0.05,0.0,23,1.1853051793575293,-6.36145103338993,-6.295238815413581
6778,pp,0.05,0.0,51,2.112660806179046,-8.036121329394254,-6.6768595112694635
6779,do,0.05,0.0,12,2.090362831354142,-5.093300250082305,-4.78270050684611
6780,pp,0.05,0.0,15,1.613399295806885,-6.24711996569778,-5.309695998827617
6781,do,0.05,0.0,4,0.00319564461708044,-5.5668330481558135,-4.983949208259583
6782,pp,0.05,0.0,19,1.4248607158660889,-8.397028701955621,-6.761471663581
6783,do,0.05,0.0,21,2.588453611135483,-5.027722523429177,-4.777026012208727
6784,pp,0.05,0.0,20,2.994122793674469,-5.356137499664769,-4.61849770810869
6785,do,0.05,0.0,20,1.4272779989242563,-8.12477820858811,-6.709842401080661
6786,pp,0.05,0.0,14,1.3703664422035224,-7.629498380603212,-6.5454927470948965
6787,do,0.05,0.0,7,0.8377548897266394,-4.887956872130886,-4.3544937425189545
6788,pp,0.05,0.0,15,0.6795174169540408,-7.221308228463838,-5.848042398028904
6789,do,0.05,0.0,70,1.1834077250957495,-12.63640968727343,-11.88361678123474
6790,pp,0.05,0.0,16,1.3152918374538425,-5.948161266789292,-5.202245963944329
6791,do,0.05,0.0,6,1.3336388063430782,-5.387003589398933,-4.796265657742818
6792,pp,0.05,0.0,6,0.5005644524097441,-6.432970317204793,-5.020532994800144
6793,do,0.05,0.0,13,1.641571060419083,-6.750105565966982,-6.16251900990804
6794,pp,0.05,0.0,16,3.276981935501099,-6.2442362626393635,-5.419744409455193
6795,do,0.05,0.0,21,0.811644279956818,-7.860896448655562,-7.241839785046047
6796,pp,0.05,0.0,14,1.1814935052394873,-8.6318459481904,-7.575758695602417
6797,do,0.05,0.0,58,1.2380261540412896,-9.109035109028671,-8.369506719377306
6798,pp,0.05,0.0,21,-0.5757311964035035,-7.774400852665757,-6.782757345835368
6799,do,0.05,0.0,10,2.027540922164917,-6.864980885476777,-5.785920940505134
6800,pp,0.05,0.0,9,1.0336817634105682,-6.279657587860569,-5.261715597576565
6801,do,0.05,0.0,14,0.8155937266349795,-4.865098841985067,-4.648498079511854
6802,pp,0.05,0.0,25,1.4251793003082271,-4.5407496929168705,-4.1171587016847395
6803,do,0.05,0.0,17,1.3054518342018122,-5.112568679000392,-4.821120331022475
6804,pp,0.05,0.0,39,4.276368227005005,-5.095277094118523,-4.317604441112942
6805,do,0.05,0.0,21,2.0705628204345707,-5.509547665624908,-4.706090769502851
6806,pp,0.05,0.0,37,3.5605845034122474,-5.55008029793248,-4.6624036749204
6807,do,0.05,0.0,35,0.7962635552883146,-7.464045557831273,-7.001970275243123
6808,pp,0.05,0.0,39,3.4694495284557343,-5.416622579458988,-4.9386191407839455
6809,do,0.05,0.0,18,2.7286924719810486,-5.700062561035156,-5.056886238522
6810,pp,0.05,0.0,46,4.321942030191422,-5.451095838257761,-4.688202981154124
6811,do,0.05,0.0,24,1.9760399901866919,-5.899244525215843,-5.063556220796373
6812,pp,0.05,0.0,17,2.566602339744568,-5.049916198036888,-4.17371852265464
6813,do,0.05,0.0,34,2.017554163932801,-5.514402269594597,-4.929430645041996
6814,pp,0.05,0.0,33,2.681370097398757,-5.230860721703731,-4.551879252327813
6815,do,0.05,0.0,19,1.5288837611675268,-4.915106751702049,-4.515868956512875
6816,pp,0.05,0.0,33,2.0638398945331566,-6.265813820289843,-5.131295898225573
6817,do,0.05,0.0,23,1.6977273929119105,-4.551615665898178,-4.538326113753849
6818,pp,0.05,0.0,48,3.40862388253212,-4.531676542397701,-3.908315604262882
6819,do,0.05,0.0,13,2.489039403200149,-5.134758440653483,-4.916853647761875
6820,pp,0.05,0.0,20,3.042441536188125,-6.021358410517375,-5.25458828608195
6821,do,0.05,0.0,23,1.4242442882060997,-4.85303771423571,-4.770979322327507
6822,pp,0.05,0.0,33,1.8690301787853247,-4.624797820322441,-4.17763469086753
6823,do,0.05,0.0,17,2.420381715297699,-4.790516544110847,-4.6532146824730765
6824,pp,0.05,0.0,32,2.2881127858161925,-4.659272248817213,-3.9439585659239027
6825,do,0.05,0.0,23,2.15592306137085,-4.62102991884405,-4.374859038988749
6826,pp,0.05,0.0,36,2.6232249772548677,-6.215978762597748,-4.818298945162032
6827,do,0.05,0.0,19,2.561525660753251,-3.9584744251135624,-3.968904803858863
6828,pp,0.05,0.0,17,2.604133864641189,-5.287005204865427,-4.398315649562412
6829,do,0.05,0.0,49,1.434348078966142,-7.329080058589126,-7.240331236521403
6830,pp,0.05,0.0,49,1.643835965394974,-7.233788478735722,-6.185561331113179
6831,do,0.05,0.0,15,0.3528325283527378,-4.776937689925685,-4.625492171446482
6832,pp,0.05,0.0,17,2.148071177005768,-4.561100717024369,-3.874664235115051
6833,do,0.05,0.0,22,1.7353196382522587,-5.675993669394291,-5.130089828703139
6834,pp,0.05,0.0,18,0.636364125013352,-6.4410578713272555,-5.766161521275838
6835,do,0.05,0.0,23,2.271872537136078,-7.178107735604951,-6.931448287434048
6836,pp,0.05,0.0,66,3.9556368279457104,-8.18260104005987,-7.13102699915568
6837,do,0.05,0.0,25,3.09804660320282,-6.080488777160644,-6.050930992762248
6838,pp,0.05,0.0,30,3.1252525699138634,-6.10365516055714,-5.169531181123522
6839,do,0.05,0.0,18,2.082677055597305,-4.808533771110303,-4.6581630441877575
6840,pp,0.05,0.0,70,4.084604858160018,-8.53951384081985,-7.125486694441902
6841,do,0.05,0.0,40,2.570101251602173,-6.318083294955167,-5.791575429174635
6842,pp,0.05,0.0,4,0.22905081510543823,-5.679975635355169,-5.2370566076702545
6843,do,0.05,0.0,36,3.957654238939285,-5.430392873648441,-5.644483293427362
6844,pp,0.05,0.0,70,4.862400629520417,-5.233905377532497,-4.3460185276137455
6845,do,0.05,0.0,7,0.5630677139759062,-4.973300108765111,-4.473797798156738
6846,pp,0.05,0.0,20,3.17329586148262,-6.221018513766202,-5.303839921951294
6847,do,0.05,0.0,23,1.4841405951976778,-5.6311409704612965,-5.290494230058458
6848,pp,0.05,0.0,22,2.2511799180507657,-4.5769007668350685,-3.6270646850268045
6849,do,0.05,0.0,23,5.160227462053299,-4.784317614815452,-4.374755889839596
6850,pp,0.05,0.0,45,4.928933950662612,-5.078174063653657,-4.469768476486206
6851,do,0.05,0.0,11,1.0749832248687747,-4.714236489209262,-4.312400249640147
6852,pp,0.05,0.0,70,0.8027551126480095,-7.781215007377393,-6.431833187739055
6853,do,0.05,0.0,24,3.166214660406112,-5.216552731485078,-4.698344863785637
6854,pp,0.05,0.0,15,1.7821228802204132,-4.795674539334846,-4.2397217353185015
6855,do,0.05,0.0,19,2.3419630599021906,-4.878873193625248,-4.435493580500284
6856,pp,0.05,0.0,37,2.539413135051727,-6.07417565981547,-5.1887873358196686
6857,do,0.05,0.0,17,2.5854610764980315,-4.190262626156662,-4.06822972562578
6858,pp,0.05,0.0,51,1.2525975978374486,-6.12213215972438,-5.223465683725145
6859,do,0.05,0.0,24,2.157067048549651,-5.840720782135472,-5.542902880244785
6860,pp,0.05,0.0,13,1.57605304479599,-5.8114644874225965,-4.743576317363315
6861,do,0.05,0.0,13,1.747396506071091,-4.429900883183334,-4.358986862500509
6862,pp,0.05,0.0,36,2.5786692452430726,-6.55751095829588,-5.5834104829364355
6863,do,0.05,0.0,33,1.2971501803398136,-5.4177283157001845,-4.637394648128086
6864,pp,0.05,0.0,70,2.6174945163726804,-6.965041504484234,-5.571865616904365
6865,do,0.05,0.0,15,1.8217215073108672,-4.43345784851999,-3.886214582125346
6866,pp,0.05,0.0,21,2.0648904645442956,-5.021139389095884,-4.2548938300874495
6867,do,0.05,0.0,21,2.5977023804187773,-6.486618313644872,-5.8982457240422566
6868,pp,0.05,0.0,43,2.992381379604339,-8.849040291526101,-7.67080897225274
6869,do,0.05,0.0,51,1.5814049232006067,-7.411874110770948,-6.31242168214586
6870,pp,0.05,0.0,13,1.6201304531097414,-5.627736552556356,-4.98355262014601
6871,do,0.05,0.0,40,3.638449288606643,-5.446697830431389,-4.860121358765496
6872,pp,0.05,0.0,70,1.5535199773311614,-7.21039750214779,-6.047965182198419
6873,do,0.05,0.0,32,2.1771803128719336,-5.790982756470189,-5.3346781545215185
6874,pp,0.05,0.0,25,2.259637211561203,-6.608126442360155,-6.080953521198697
6875,do,0.05,0.0,41,2.583314681053162,-5.129490992517182,-4.6360137965944075
6876,pp,0.05,0.0,64,0.614945262670517,-7.521269150936242,-6.324681570794847
6877,do,0.05,0.0,9,0.9979558193683618,-4.757278543530089,-4.464339182111952
6878,pp,0.05,0.0,19,1.7614459061622627,-6.345553091800574,-5.3565737989213735
6879,do,0.05,0.0,11,1.0860044133663171,-4.804604235562411,-4.341318847073449
6880,pp,0.05,0.0,59,1.8870416772365584,-10.05790413943204,-7.771989528338114
6881,do,0.05,0.0,19,1.9597481322288512,-4.483762954943108,-4.115591716766358
6882,pp,0.05,0.0,42,3.39725966334343,-5.875930651751432,-4.803349293602837
6883,do,0.05,0.0,33,2.8299976336956014,-5.049083816643917,-4.561301359865401
6884,pp,0.05,0.0,48,3.492646534442902,-5.593784739754417,-4.7551788965861
6885,do,0.05,0.0,69,3.885858181715011,-5.887592361912583,-5.696159879366557
6886,pp,0.05,0.0,35,2.917652459144592,-5.2651384657079525,-4.59093693362342
6887,do,0.05,0.0,26,1.8173319792747504,-5.0435949556755295,-5.133616476588779
6888,pp,0.05,0.0,15,1.5014896154403683,-4.572807258548159,-3.9918773876296147
6889,do,0.05,0.0,17,2.3210682725906375,-4.713411322506992,-4.24378141562144
6890,pp,0.05,0.0,29,3.3514733481407166,-4.927536419666175,-4.074921782811483
6891,do,0.05,0.0,48,5.490970331430436,-4.90530325571696,-4.37862696117825
6892,pp,0.05,0.0,34,3.5325854551792144,-5.1226415533008,-4.297143797079722
6893,do,0.05,0.0,38,2.1507385790348055,-7.719852021246245,-6.231303649478488
6894,pp,0.05,0.0,27,2.648020429611206,-6.376940507599802,-5.428307114707099
6895,do,0.05,0.0,30,0.5554614663124084,-7.776026387648149,-7.757912018564013
6896,pp,0.05,0.0,14,1.321000864505768,-4.625809093677637,-4.034456622600556
6897,do,0.05,0.0,9,0.8922345900535582,-4.999734228307551,-4.526744392183092
6898,pp,0.05,0.0,21,2.1788187527656557,-4.72188140262257,-4.222342615657382
6899,do,0.05,0.0,36,1.5810037839412692,-7.592778606125803,-6.800979357295566
6900,pp,0.05,0.0,30,2.799788105487824,-4.674061447201353,-3.9333868622779846
6901,do,0.05,0.0,70,1.2220392429828646,-9.243957182855317,-8.52074163224962
6902,pp,0.05,0.0,8,1.2966864025592804,-5.335131091782541,-4.691100679503547
6903,do,0.05,0.0,3,0.21074702858924876,-5.463331751389937,-4.850458153088888
6904,pp,0.05,0.0,17,1.975959905385972,-5.47641429901123,-4.765733766555786
6905,do,0.05,0.0,13,1.4946185398101806,-6.448187689347701,-5.543402608235677
6906,pp,0.05,0.0,23,2.2896073186397556,-5.4133865197499595,-4.398125856452518
6907,do,0.05,0.0,4,0.08149127483367913,-5.027464165832058,-4.633500107129415
6908,pp,0.05,0.0,23,1.8236496913433067,-5.476719682866877,-4.675145338641273
6909,do,0.05,0.0,13,1.40075119972229,-4.786905418742787,-4.253695191277398
6910,pp,0.05,0.0,16,2.34391591668129,-5.25297919475671,-4.470365059375763
6911,do,0.05,0.0,6,0.9877251410484309,-4.827799591873632,-4.384861040115356
6912,pp,0.05,0.0,26,3.4519647288322446,-6.984469738873568,-5.65265588760376
6913,do,0.05,0.0,13,1.845570011138916,-4.850029555234042,-4.548583745956421
6914,pp,0.05,0.0,70,2.396972782611847,-5.917770140098803,-4.95556099679735
6915,do,0.05,0.0,10,1.3406264448165892,-5.361412457263831,-4.687785236040751
6916,pp,0.05,0.0,25,2.1916323697566984,-4.251123856053208,-3.624530862437354
6917,do,0.05,0.0,10,2.3650596916675575,-4.967645346034657,-4.937589693069458
6918,pp,0.05,0.0,35,5.59849719285965,-7.022439648888328,-5.214042981465657
6919,do,0.05,0.0,62,1.5979892230033865,-9.875188157052705,-8.593369823031955
6920,pp,0.05,0.0,8,1.5056001317501062,-4.954172367038149,-4.271909760104285
6921,do,0.05,0.0,7,0.6626992785930641,-5.167270153219049,-4.545685381359524
6922,pp,0.05,0.0,23,1.3247855114936824,-5.94128628355084,-5.032371727625529
6923,do,0.05,0.0,20,1.0500099647045138,-5.822024988405632,-5.468051979276869
6924,pp,0.05,0.0,26,2.2269310903549195,-5.30874474698847,-4.734525148073832
6925,do,0.05,0.0,12,2.2238259363174437,-7.58615034421285,-6.925438944498698
6926,pp,0.05,0.0,28,2.738363196849824,-5.835670922019265,-4.807833125856187
6927,do,0.05,0.0,70,2.3905124342441564,-10.791487711126154,-9.807930188708836
6928,pp,0.05,0.0,19,2.1341407859325408,-4.844038207603224,-4.070665754212273
6929,do,0.05,0.0,70,1.2442061090469352,-9.306683260021789,-8.788650110032822
6930,pp,0.05,0.0,4,0.4059260165691372,-5.694648335196755,-5.0289239221149025
6931,do,0.05,0.0,11,2.8666851222515097,-5.5821241436582625,-4.909414823849996
6932,pp,0.05,0.0,42,4.819021466970443,-5.543998783284968,-4.718109469943577
6933,do,0.05,0.0,24,1.9405798149108886,-8.129232415285978,-7.586936722861396
6934,pp,0.05,0.0,50,2.59889647603035,-5.0976255416870115,-4.342518455452389
6935,do,0.05,0.0,24,2.9097587478160856,-4.988431619875358,-4.152457812097338
6936,pp,0.05,0.0,70,1.8969765794277187,-7.320219110720085,-6.305812689993116
6937,do,0.05,0.0,9,0.9752776122093199,-5.685484520594279,-5.165514063835144
6938,pp,0.05,0.0,16,1.0063471865653986,-6.061254491228046,-5.379764323764377
6939,do,0.05,0.0,33,2.230791331529618,-6.599407765359589,-5.900637618700663
6940,pp,0.05,0.0,36,4.022323135137559,-5.199068601203687,-4.4433737622367016
6941,do,0.05,0.0,16,2.0500979650020588,-5.785140426231153,-5.102824115753174
6942,pp,0.05,0.0,70,2.144388527870178,-5.793051267392707,-5.313012149598864
6943,do,0.05,0.0,47,1.7929538488388062,-8.282429803501476,-7.316532614496019
6944,pp,0.05,0.0,35,1.858373131752014,-5.993523977742051,-5.04230580329895
6945,do,0.05,0.0,56,1.3024590122699742,-8.984077955014778,-7.913281761275398
6946,pp,0.05,0.0,19,1.8475449156761172,-5.531407688603257,-4.882896529303657
6947,do,0.05,0.0,13,1.8195399570465094,-5.388419055938721,-4.720744620429145
6948,pp,0.05,0.0,28,2.2779507291316987,-5.69068459741997,-4.843902325630188
6949,do,0.05,0.0,70,1.1935509157180793,-7.933144975431038,-6.945585444238451
6950,pp,0.05,0.0,15,0.7418560278415676,-5.064470743410515,-4.284576417340173
6951,do,0.05,0.0,13,2.0315822350978854,-4.945444277561072,-4.441032923592461
6952,pp,0.05,0.0,31,2.0100355875492095,-5.609474907499371,-4.93620621893141
6953,do,0.05,0.0,9,1.8570583415031434,-4.56852375088316,-4.497450661659241
6954,pp,0.05,0.0,11,1.295418263673782,-4.875625919573235,-4.276453571849399
6955,do,0.05,0.0,62,2.6464843773841853,-9.471092120083895,-8.015165350172255
6956,pp,0.05,0.0,15,2.8045539879798884,-5.121354007720948,-4.459599990314907
6957,do,0.05,0.0,7,1.3232031381130218,-4.9871180707758125,-4.565981335110134
6958,pp,0.05,0.0,17,0.6154201912879937,-5.932067402926358,-4.9038587729136145
6959,do,0.05,0.0,49,1.0425591158866894,-9.844146738630352,-8.312551143434312
6960,pp,0.05,0.0,19,1.0451260089874275,-6.501779540379842,-5.5603409767150875
6961,do,0.05,0.0,12,1.4473481202125553,-5.310714595968073,-4.618597075674269
6962,pp,0.05,0.0,19,1.854304205179215,-4.980556355100689,-4.3252785205841064
6963,do,0.05,0.0,14,3.071437449455261,-6.755482323964437,-5.95433325237698
6964,pp,0.05,0.0,19,1.2607493317127236,-6.523767618699507,-5.177951031261021
6965,do,0.05,0.0,70,1.2930701112747194,-11.199156688921379,-9.513274468315972
6966,pp,0.05,0.0,70,1.5115631985664368,-10.21434322125984,-7.91787183549669
6967,do,0.05,0.0,11,0.7295035219192512,-5.221040137608846,-4.441702275806003
6968,pp,0.05,0.0,23,1.4934905064105983,-7.353364360693729,-5.929852734671699
6969,do,0.05,0.0,70,1.2234329438209528,-8.84424750732653,-7.849709690941705
6970,pp,0.05,0.0,48,0.9198218154907227,-9.207895723978679,-7.6506898058785335
6971,do,0.05,0.0,13,1.5541138577461249,-5.861417264649362,-5.290362440215217
6972,pp,0.05,0.0,30,1.697540624141693,-8.278918956987786,-7.551508050494724
6973,do,0.05,0.0,70,2.395628294944764,-8.967103502967142,-7.7248210959964325
6974,pp,0.05,0.0,9,1.5012208187580107,-5.415465685815522,-4.750756894217597
6975,do,0.05,0.0,7,1.3344031655788422,-6.262339748035778,-5.688125149408976
6976,pp,0.05,0.0,12,1.830817718505859,-6.691589904553963,-5.530216193199157
6977,do,0.05,0.0,11,1.1776902973651886,-5.166076759858565,-4.465092531840006
6978,pp,0.05,0.0,69,2.1874571228027344,-6.538220428697991,-5.789944211641948
6979,do,0.05,0.0,11,1.8144189512729643,-4.831551671750618,-4.2614690118365814
6980,pp,0.05,0.0,20,2.221686818599701,-4.824021998318758,-4.129357547230191
6981,do,0.05,0.0,67,0.8522809398174296,-7.640815731973359,-6.77191256682078
6982,pp,0.05,0.0,16,1.1960118150711052,-5.038066105409102,-4.408125650882721
6983,do,0.05,0.0,16,2.5591241741180415,-5.4222911791367965,-4.8211621416939625
6984,pp,0.05,0.0,17,1.7944938647747035,-5.152861238248421,-4.407513496610854
6985,do,0.05,0.0,70,1.695982215404511,-10.651688052668716,-8.44427587191264
6986,pp,0.05,0.0,23,1.62256950378418,-5.056983017198967,-4.288258381684622
6987,do,0.05,0.0,16,2.3574073600769054,-6.892307457779393,-6.002337331242032
6988,pp,0.05,0.0,17,2.5236060595512386,-6.820569386626735,-5.765484894646539
6989,do,0.05,0.0,7,1.356104971170426,-4.84058897712014,-4.028667616844177
6990,pp,0.05,0.0,14,0.984123480319977,-4.795135685891816,-4.001246535778046
6991,do,0.05,0.0,25,3.8506888711452483,-7.365489344163374,-6.549675125545925
6992,pp,0.05,0.0,24,3.5101638555526726,-5.250677361632839,-4.483575426207649
6993,do,0.05,0.0,13,1.199940624237061,-6.532523188446508,-5.857476814587911
6994,pp,0.05,0.0,17,2.0759598100185395,-5.335485527732155,-4.683219536145528
6995,do,0.05,0.0,6,0.2712594330310818,-6.927385434237394,-6.502547232309977
6996,pp,0.05,0.0,5,1.2189353561401362,-4.812402621182528,-4.354282148679098
6997,do,0.05,0.0,7,0.4254989480972293,-4.817337632901741,-4.808864545822144
6998,pp,0.05,0.0,21,0.8223049151897426,-5.672758398634015,-4.905642506811354
6999,do,0.05,0.0,6,0.4891220021247866,-4.978995921395041,-5.102434425883823
7000,pp,0.05,0.0,17,1.370644453763962,-4.543663079810865,-4.0819165137079025
7001,do,0.05,0.0,7,0.14452609300613428,-5.959113519841974,-5.439638757705689
7002,pp,0.05,0.0,70,0.5428323996067039,-9.616074268745654,-7.287837081485325
7003,do,0.05,0.0,6,0.2089809167385095,-5.885915853037979,-5.106737664010789
7004,pp,0.05,0.0,27,1.9153258717060089,-5.949952907273263,-4.766624861293369
7005,do,0.05,0.0,8,1.117102597951889,-5.778734850161003,-5.232315542962816
7006,pp,0.05,0.0,29,4.271257849931716,-6.0702365470655035,-5.338472239176432
7007,do,0.05,0.0,13,2.831035025119782,-5.726152982133808,-5.750226314862569
7008,pp,0.05,0.0,23,3.725689535140991,-5.457593383211078,-4.601240793863933
7009,do,0.05,0.0,23,1.5337956964969628,-6.45910793651234,-6.9793003929985895
7010,pp,0.05,0.0,19,1.910263990163803,-4.88589310501561,-4.23315528233846
7011,do,0.05,0.0,26,0.5755232024192818,-7.040508589600072,-6.369423487451342
7012,pp,0.05,0.0,24,3.0329272246360786,-4.418736142823191,-3.8241155836317273
7013,do,0.05,0.0,36,1.7963719940185534,-9.599781079725785,-9.503521023856269
7014,pp,0.05,0.0,18,2.442367500066757,-5.843947180834683,-4.4500593013233605
7015,do,0.05,0.0,18,3.017011139392853,-5.7443858059969815,-6.022073324521383
7016,pp,0.05,0.0,46,3.6243006491661074,-5.320168940226237,-4.524875217013889
7017,do,0.05,0.0,31,1.7833404731750484,-6.284493855274085,-5.748631154166327
7018,pp,0.05,0.0,13,1.5602221238613128,-5.533985168283636,-4.183345965544382
7019,do,0.05,0.0,6,-0.7021811008453369,-6.8543727325670645,-6.290313847859701
7020,pp,0.05,0.0,11,1.6788470304012302,-6.065838050842285,-4.70283993350135
7021,do,0.05,0.0,12,1.927782828807831,-5.805326437227654,-5.859389265378316
7022,pp,0.05,0.0,23,1.7933731281757348,-5.554413018082127,-4.485921398798625
7023,do,0.05,0.0,51,2.3724340295791624,-6.341191335157915,-5.761255921257867
7024,pp,0.05,0.0,23,2.1797982990741724,-5.481383080915971,-4.23241958088345
7025,do,0.05,0.0,5,0.037115045785903966,-7.675385683233087,-7.055223586824205
7026,pp,0.05,0.0,66,4.404323649406433,-7.922695815924442,-7.002716615464952
7027,do,0.05,0.0,22,1.5775191235542296,-6.003594175974528,-5.171778482860989
7028,pp,0.05,0.0,24,2.2265338528156278,-5.27627620119037,-4.379695757230123
7029,do,0.05,0.0,70,4.157210367918015,-8.497625400080825,-7.02766473558214
7030,pp,0.05,0.0,12,2.0469351816177372,-5.056641061378248,-4.158985063764784
7031,do,0.05,0.0,3,0.28399581313133293,-5.754195307240342,-5.172296187612745
7032,pp,0.05,0.0,16,0.4247545027732853,-7.341361553018744,-6.001801281505161
7033,do,0.05,0.0,12,0.37023790836334225,-7.532542679526589,-7.041532998614841
7034,pp,0.05,0.0,61,3.567496337890625,-5.741316975969257,-5.033713703685336
7035,do,0.05,0.0,70,2.4604565894603736,-7.238929283257686,-6.479043375121223
7036,pp,0.05,0.0,70,2.672743679285049,-4.70104787421949,-4.161918777889675
7037,do,0.05,0.0,12,1.9126453089714044,-5.651375181024725,-5.107190375857883
7038,pp,0.05,0.0,50,1.2371654999256139,-6.4833133726408985,-5.072129578060574
7039,do,0.05,0.0,4,0.32263200402259873,-5.799048779227517,-5.052374561627706
7040,pp,0.05,0.0,9,1.5463859927654262,-6.327302302736225,-5.296668113602532
7041,do,0.05,0.0,21,2.2177581381797795,-6.247219029339877,-5.736945899327596
7042,pp,0.05,0.0,11,1.2246282446384438,-6.257162800702182,-5.349155391587152
7043,do,0.05,0.0,42,0.715329486131667,-9.163197031888094,-11.373382515377468
7044,pp,0.05,0.0,38,2.577003418207168,-5.359603347200336,-4.779359165827433
7045,do,0.05,0.0,4,0.43098836421966613,-4.902223017721465,-4.968622819582621
7046,pp,0.05,0.0,8,0.4165997278690332,-5.911368203885628,-4.772409356964959
7047,do,0.05,0.0,28,3.734748772382736,-5.846371318354751,-5.134246746699016
7048,pp,0.05,0.0,15,1.9392394542694094,-4.84930538408684,-4.220671694808536
7049,do,0.05,0.0,53,3.985027709007263,-7.299644604596224,-6.539693281385634
7050,pp,0.05,0.0,42,3.574391413927078,-5.782978836695353,-5.006247059504191
7051,do,0.05,0.0,44,2.4485880470275863,-8.528591348185683,-7.795416349834866
7052,pp,0.05,0.0,44,1.679857776165008,-6.400047462636774,-5.156894924905565
7053,do,0.05,0.0,22,1.472686349153518,-9.071273399121834,-7.430976152420044
7054,pp,0.05,0.0,26,1.4136798501014711,-5.2525455792744955,-4.460314136081272
7055,do,0.05,0.0,17,1.6334791696071624,-4.897272565148094,-4.665877951516046
7056,pp,0.05,0.0,18,2.0011221516132354,-5.6416064970421065,-4.738341061274211
7057,do,0.05,0.0,18,0.37514039635658314,-7.264359069593025,-5.891052431530422
7058,pp,0.05,0.0,19,2.1834827935695653,-4.892815615914085,-4.06542645295461
7059,do,0.05,0.0,8,1.0936061692237846,-5.155654044584795,-4.795422914293077
7060,pp,0.05,0.0,23,2.8378460049629215,-5.060427469195742,-4.3552173031700985
7061,do,0.05,0.0,28,0.7709475159645081,-5.656441418329875,-5.71759811507331
7062,pp,0.05,0.0,21,3.1308122408390053,-5.006088041536736,-4.557717789543999
7063,do,0.05,0.0,25,1.7967441415786736,-7.717154994155422,-7.46028683450487
7064,pp,0.05,0.0,15,0.8366582846641544,-5.993636976588856,-5.298023165596856
7065,do,0.05,0.0,58,1.8915061318874358,-9.891828532652422,-8.221811366081237
7066,pp,0.05,0.0,20,1.4404800748825082,-6.683403077270046,-5.7990928384992815
7067,do,0.05,0.0,15,0.44950906872749385,-7.994906804055878,-6.925495857662625
7068,pp,0.05,0.0,17,0.9437573516368873,-7.516801478646018,-6.585931293169657
7069,do,0.05,0.0,28,3.2235373640060425,-6.186083891897491,-5.406792259216308
7070,pp,0.05,0.0,24,3.273458293676377,-5.152373305234042,-4.371657383441925
7071,do,0.05,0.0,9,0.5244093430042271,-6.4208282730796125,-5.591428248087565
7072,pp,0.05,0.0,47,1.727410593032837,-7.88600378036499,-5.866558567682902
7073,do,0.05,0.0,25,1.8936824262142187,-5.614230434822313,-5.707278580135769
7074,pp,0.05,0.0,22,1.6460905063152307,-5.0535361737915965,-4.266656696796417
7075,do,0.05,0.0,21,2.140941709280014,-5.278611272754091,-4.815078875753614
7076,pp,0.05,0.0,31,3.206691826581954,-5.0141094641252,-4.113165708382924
7077,do,0.05,0.0,23,1.4252549743652345,-5.551075176759199,-5.596581922637092
7078,pp,0.05,0.0,17,1.281811225414276,-4.75590954693881,-4.109577091534932
7079,do,0.05,0.0,18,1.9316812491416933,-5.478034376375603,-5.3911666658189565
7080,pp,0.05,0.0,18,3.049481408596038,-4.9219063036369555,-4.106767496797773
7081,do,0.05,0.0,19,2.3239611017704007,-5.011702325127342,-4.603477986653646
7082,pp,0.05,0.0,19,1.871365468502045,-4.5963889208706945,-4.223034407032861
7083,do,0.05,0.0,32,2.3528867161273945,-6.575908870408029,-5.927040354410807
7084,pp,0.05,0.0,19,2.663572990894318,-5.458456581289118,-4.629095803366767
7085,do,0.05,0.0,16,1.72096314907074,-6.611208820343018,-5.696431970596313
7086,pp,0.05,0.0,25,2.000692336559295,-6.635734662142667,-5.454712115393745
7087,do,0.05,0.0,15,2.804108514785767,-5.494465135805535,-4.9828437805175785
7088,pp,0.05,0.0,15,2.8726081240177157,-4.668409177028772,-3.9710773468017577
7089,do,0.05,0.0,14,1.11785351395607,-5.1759694634061875,-4.689029298888313
7090,pp,0.05,0.0,14,1.1510790741443637,-4.6489593390262485,-3.882232099109226
7091,do,0.05,0.0,29,3.7569459521770474,-5.319472388065223,-4.972079849243164
7092,pp,0.05,0.0,28,1.8050065863132483,-4.831636985143025,-4.128868734836578
7093,do,0.05,0.0,9,1.579110916852951,-6.356145357363152,-5.244793528980679
7094,pp,0.05,0.0,8,1.0450539541244508,-5.471739926482692,-4.527092226346334
7095,do,0.05,0.0,26,3.763486598730087,-6.091619222814386,-5.653373108969794
7096,pp,0.05,0.0,29,3.37740283370018,-4.446990882989132,-3.8053007311291163
7097,do,0.05,0.0,3,-0.14034278869628913,-5.821773695223259,-5.21064678563012
7098,pp,0.05,0.0,22,1.2877523851394654,-5.436852038990367,-4.691527228885227
7099,do,0.05,0.0,67,-0.37437589168548513,-9.474533254450018,-8.402610111236573
7100,pp,0.05,0.0,70,1.6657139563560488,-9.537051433505434,-8.510214583079021
7101,do,0.05,0.0,29,1.3823256671428679,-8.354592262614856,-7.142987020810446
7102,pp,0.05,0.0,23,1.5711049485206603,-5.049731140425711,-4.50381400320265
7103,do,0.05,0.0,8,-0.10875741958618157,-7.409769711349949,-6.165349756346808
7104,pp,0.05,0.0,11,0.5352059864997871,-6.248884110017256,-4.891772853003608
7105,do,0.05,0.0,12,1.858497313261032,-5.269025188503844,-4.793437706099616
7106,pp,0.05,0.0,13,1.5265965747833246,-5.1011747273531824,-4.284121669663323
7107,do,0.05,0.0,22,3.3246222364902493,-4.675118824929902,-4.320070824358198
7108,pp,0.05,0.0,25,3.0471101081371303,-5.848882555239128,-4.74391413529714
7109,do,0.05,0.0,18,1.5146070981025694,-4.967836205164591,-4.774483595954047
7110,pp,0.05,0.0,5,-0.2708630824089049,-5.235206719600793,-4.440125362078349
7111,do,0.05,0.0,20,0.34770433187484784,-5.704535417845755,-5.279741978645324
7112,pp,0.05,0.0,21,2.6856818950176233,-6.143824740612145,-5.3387675629721745
7113,do,0.05,0.0,33,1.9666028749942779,-7.050583904439753,-7.91080904006958
7114,pp,0.05,0.0,28,2.453596415519714,-4.940333945823438,-4.378965681129031
7115,do,0.05,0.0,45,2.400465686321258,-10.03217375206225,-8.295949827300177
7116,pp,0.05,0.0,23,3.0201778554916388,-5.72467935591033,-4.741481942600674
7117,do,0.05,0.0,19,3.6216689372062687,-5.725097576777141,-5.459068086412218
7118,pp,0.05,0.0,36,3.990604259967805,-5.119234673182169,-4.204471226533254
7119,do,0.05,0.0,46,2.150956984758376,-7.671557959643278,-6.478143360879686
7120,pp,0.05,0.0,19,3.2463257730007173,-4.951550638314449,-4.058580011791653
7121,do,0.05,0.0,18,1.9501189529895777,-5.719817567594124,-5.008429516686333
7122,pp,0.05,0.0,12,1.892665017843246,-4.97955722953334,-4.475592464870877
7123,do,0.05,0.0,9,1.8618904125690463,-4.812114665002534,-4.830046044455634
7124,pp,0.05,0.0,10,1.584114428758621,-5.137585980964429,-4.434317984845904
7125,do,0.05,0.0,3,-1.3033155739307398,-6.671968899351178,-6.119101693895128
7126,pp,0.05,0.0,6,0.23826228976249642,-5.688486534176451,-4.86009062661065
7127,do,0.05,0.0,70,1.175106216669084,-8.383675147547866,-7.477993689643013
7128,pp,0.05,0.0,19,1.8034152984619132,-5.968601182012847,-5.047577691078186
7129,do,0.05,0.0,70,1.047350811958312,-6.734662105097915,-6.0503125111262
7130,pp,0.05,0.0,19,1.7930484640598303,-6.312476387890903,-4.888588076167636
7131,do,0.05,0.0,9,0.7783704221248628,-5.909723276080507,-5.29117464489407
7132,pp,0.05,0.0,8,0.4836486935615545,-5.9601842663504865,-5.032782520188226
7133,do,0.05,0.0,21,3.0464911520481106,-5.248495538306959,-5.241099243693881
7134,pp,0.05,0.0,41,4.547695577144624,-4.423711151787729,-3.7366561902893913
7135,do,0.05,0.0,67,1.183614802360534,-9.446866444385414,-7.636947319242689
7136,pp,0.05,0.0,5,0.8115606570243834,-5.283846976540305,-4.57568146387736
7137,do,0.05,0.0,11,2.50293230175972,-6.296048868063725,-4.497593551211887
7138,pp,0.05,0.0,15,1.4196681499481203,-5.5310878363522615,-3.982750806543562
7139,do,0.05,0.0,7,0.16731876134872437,-6.0714854890649965,-5.19415344927046
7140,pp,0.05,0.0,22,0.9712877118587482,-7.090703175284646,-5.590029499265882
7141,do,0.05,0.0,12,0.2610866761207582,-8.356387635433313,-7.00539624955919
7142,pp,0.05,0.0,21,1.155945041179657,-8.07480934605454,-6.4139385832680595
7143,do,0.05,0.0,5,-0.24071765899658182,-5.9857177994468,-4.889617911974589
7144,pp,0.05,0.0,9,1.0208395135402677,-5.589378156084003,-4.748254791895548
7145,do,0.05,0.0,5,-0.040151616334914486,-6.037382653265288,-5.098367667198181
7146,pp,0.05,0.0,18,0.8526198923587796,-6.404859379566077,-4.987324587504069
7147,do,0.05,0.0,6,0.5526059579849241,-5.34670291669441,-4.675837310155233
7148,pp,0.05,0.0,16,1.6507604253292083,-4.334096986597235,-3.715788131290012
7149,do,0.05,0.0,51,1.0776911330223076,-7.211929241816203,-8.998577282163833
7150,pp,0.05,0.0,17,2.19962830543518,-5.024699063734575,-4.4338050365448
7151,do,0.05,0.0,42,0.18705217838287336,-7.042331811153527,-5.863052119149102
7152,pp,0.05,0.0,8,0.3339191401004795,-5.1280061707352145,-4.308375925487942
7153,do,0.05,0.0,4,0.1289405620098112,-6.553490211024429,-5.572937655448913
7154,pp,0.05,0.0,59,2.2433281707763673,-7.226730736819181,-6.228064102596707
7155,do,0.05,0.0,10,0.8102544164657601,-5.144317875486432,-4.679425994555156
7156,pp,0.05,0.0,6,-0.055956454277039214,-4.99922615109068,-4.412708849377102
7157,do,0.05,0.0,5,0.48654279351234475,-6.328354373122707,-5.4161401059892444
7158,pp,0.05,0.0,22,2.0668287193775186,-4.908538789460153,-4.3249690969785055
7159,do,0.05,0.0,6,0.31059947013855016,-6.271292618549231,-5.455787052048577
7160,pp,0.05,0.0,9,1.5169426977634437,-5.319827542160496,-4.512633816401164
7161,do,0.05,0.0,13,1.035120762586594,-5.668739762450709,-5.276291958491007
7162,pp,0.05,0.0,32,2.555912766456604,-6.477863550186157,-5.408113768365648
7163,do,0.05,0.0,17,0.5177782845497134,-5.962682254386671,-5.503725674417284
7164,pp,0.05,0.0,14,1.7381759142875675,-5.146282865061904,-4.493500309520297
7165,do,0.05,0.0,3,-0.40759078025817885,-6.653075343912298,-5.555903858608669
7166,pp,0.05,0.0,10,1.579754805564881,-5.207414547602336,-4.386931602160136
7167,do,0.05,0.0,6,0.3459114074707035,-7.225060108936194,-5.807796125941806
7168,pp,0.05,0.0,15,2.30492977976799,-5.889906704064572,-4.887603667047289
7169,do,0.05,0.0,18,3.555744416713715,-6.409136559746482,-4.623263189527724
7170,pp,0.05,0.0,22,3.090394121408462,-4.991987378669507,-3.9546414838896857
7171,do,0.05,0.0,5,-0.5461543405056002,-5.6032118739503805,-5.08304079108768
7172,pp,0.05,0.0,18,1.077392758131027,-5.627567226236517,-4.9808783531188965
7173,do,0.05,0.0,17,-0.5350911736488344,-7.005509695862279,-5.8510017448001435
7174,pp,0.05,0.0,17,1.652515879869461,-5.664049134109959,-4.855174107021756
7175,do,0.05,0.0,33,0.9869734644889823,-7.20571938717004,-6.052514153056674
7176,pp,0.05,0.0,19,1.5976897084712984,-4.8871124354275794,-4.0623045841852825
7177,do,0.05,0.0,25,1.6024942839145666,-8.89002272865989,-8.417429523997837
7178,pp,0.05,0.0,22,2.345956610441207,-4.670175790786743,-3.9733628153800966
7179,do,0.05,0.0,29,2.354588059186935,-6.879301620252205,-6.6483129633797535
7180,pp,0.05,0.0,11,1.1312645804882049,-5.141278940258604,-4.420622645484077
7181,do,0.05,0.0,17,0.21940868258476254,-7.6503219055406975,-7.154789665010241
7182,pp,0.05,0.0,19,1.0383021521568292,-5.737872597665498,-4.7945037457678055
7183,do,0.05,0.0,15,2.414334084987641,-7.910333543835264,-7.743402931425306
7184,pp,0.05,0.0,21,2.212728961706162,-5.575533527316469,-4.599207548300425
7185,do,0.05,0.0,10,2.047374287843704,-5.2104568351398814,-4.811504864692688
7186,pp,0.05,0.0,13,1.6524989521503448,-5.003024383024736,-4.496291467878554
7187,do,0.05,0.0,65,0.3484792351722721,-7.706951465028705,-6.781744194030762
7188,pp,0.05,0.0,21,1.6632791340351103,-5.383713454911203,-5.192308317290412
7189,do,0.05,0.0,15,1.2607969772815704,-5.467791201851584,-4.879632760418786
7190,pp,0.05,0.0,10,0.8712086474895484,-4.76785236271945,-4.087556554211511
7191,do,0.05,0.0,51,2.0654942286014553,-7.955044051372644,-6.9458537446127995
7192,pp,0.05,0.0,45,3.002817080020905,-6.969604399709991,-5.936941191885206
7193,do,0.05,0.0,38,2.2725035393238064,-5.53094956369111,-5.206121268537309
7194,pp,0.05,0.0,20,2.1116368675231936,-5.248401763222434,-4.307140783468882
7195,do,0.05,0.0,64,1.4861398625373834,-9.254355173399954,-8.638478729459974
7196,pp,0.05,0.0,19,1.7033091747760771,-5.681318069226814,-4.943291380670336
7197,do,0.05,0.0,13,0.824548162221908,-4.518528113220677,-4.2317173865106374
7198,pp,0.05,0.0,16,1.4608404755592348,-4.335012301531705,-3.773905016316308
7199,do,0.05,0.0,7,0.5389799368381505,-5.540894288727731,-4.726566179593404
7200,pp,0.05,0.0,18,0.2519226098060603,-7.080877543940689,-6.702563238143921
7201,do,0.05,0.0,10,3.1532884263992305,-4.690386692682902,-4.502450222439236
7202,pp,0.05,0.0,30,4.331721014976502,-7.253113372398145,-5.8176889816919966
7203,do,0.05,0.0,27,2.8692754185199734,-6.588729575186065,-5.87164585325453
7204,pp,0.05,0.0,38,2.279934283494949,-5.024862303878322,-4.266172059377035
7205,do,0.05,0.0,16,1.5073306775093078,-5.673830110376532,-5.161266091134813
7206,pp,0.05,0.0,15,1.0208986330032355,-6.9043937928748855,-5.743583499060737
7207,do,0.05,0.0,9,1.460152711868286,-5.649541544191765,-4.914401952425639
7208,pp,0.05,0.0,25,3.767155179977417,-6.335635712652495,-5.1905075841479835
7209,do,0.05,0.0,39,2.6059579932689667,-4.617507382595178,-4.176413778463999
7210,pp,0.05,0.0,15,2.541041277647019,-4.726101440371889,-4.078767662578159
7211,do,0.05,0.0,9,1.2414436054229734,-4.250311108791467,-3.8183154225349427
7212,pp,0.05,0.0,15,1.2010941898822782,-4.979913585836237,-4.2431851002905105
7213,do,0.05,0.0,24,4.708494795560838,-5.856305706139767,-5.58690422905816
7214,pp,0.05,0.0,64,6.053624433279038,-7.3106974804040155,-6.061321184370253
7215,do,0.05,0.0,21,2.038767832517623,-6.220652221910881,-5.570039118660821
7216,pp,0.05,0.0,4,0.2060615265369421,-5.677782126628991,-5.033934534920586
7217,do,0.05,0.0,13,1.0235471832752232,-5.292015373345578,-4.855007523960538
7218,pp,0.05,0.0,30,3.85296161532402,-7.717601099881259,-6.654566714498732
7219,do,0.05,0.0,31,3.3200830316543586,-5.3912942611809935,-4.614675972196791
7220,pp,0.05,0.0,21,1.9383462214469906,-5.303686597130516,-4.547208579381307
7221,do,0.05,0.0,70,2.238641805648804,-6.13741849119013,-6.156957197189331
7222,pp,0.05,0.0,25,2.669358863830567,-5.261569417606701,-4.463389338387383
7223,do,0.05,0.0,15,1.3004514992237093,-5.435680968833692,-4.802425403065151
7224,pp,0.05,0.0,38,2.3200235295295712,-5.341996610525882,-4.348718338542515
7225,do,0.05,0.0,40,4.0824614644050605,-4.949341376622518,-4.989348039362166
7226,pp,0.05,0.0,27,4.759081684350968,-5.937948923399954,-4.95396597120497
7227,do,0.05,0.0,26,1.811382991075516,-5.987964594002926,-5.452935401598612
7228,pp,0.05,0.0,17,2.3584784030914303,-5.4623303933577105,-4.833521183331808
7229,do,0.05,0.0,24,0.48504965662956234,-6.639960774508389,-6.110836590660943
7230,pp,0.05,0.0,18,1.4836232864856713,-7.134256559429747,-6.022086095809937
7231,do,0.05,0.0,5,0.3519195842742917,-6.166876018408573,-4.974569278293186
7232,pp,0.05,0.0,70,0.6135293173789975,-9.829037225607669,-8.015420389175414
7233,do,0.05,0.0,55,2.9352329194545757,-6.919138493682399,-6.766862638791403
7234,pp,0.05,0.0,8,0.12459632396698073,-5.9821235526691785,-5.069872170024448
7235,do,0.05,0.0,26,3.565450798273087,-5.847687924991955,-5.5571390151977536
7236,pp,0.05,0.0,17,1.6213609755039222,-5.888011154983983,-5.164952405293783
7237,do,0.05,0.0,3,-0.3807686364650724,-6.530735274517175,-5.337873035007053
7238,pp,0.05,0.0,7,0.5867923223972316,-6.199118800596757,-5.22372231748369
7239,do,0.05,0.0,4,0.10576153039932201,-5.898687054894188,-5.209551901287503
7240,pp,0.05,0.0,16,1.291204717159271,-5.981754518277717,-5.029360874493917
7241,do,0.05,0.0,4,-0.265290441513061,-6.172477868109039,-5.17692879041036
7242,pp,0.05,0.0,6,-0.02325047492980925,-6.390537392009389,-5.671879246499803
7243,do,0.05,0.0,49,1.3790101194381723,-8.682786428567136,-7.516332568062676
7244,pp,0.05,0.0,69,0.7564011979103089,-11.413773503448024,-9.72315272225274
7245,do,0.05,0.0,47,1.3302095687389377,-7.078557582335039,-6.7172833442687985
7246,pp,0.05,0.0,14,0.8091674888134008,-5.975510251883304,-5.22324415312873
7247,do,0.05,0.0,20,-0.22426088809967037,-6.443090989372947,-6.057960748672485
7248,pp,0.05,0.0,37,2.821098376512528,-4.964986795367617,-4.525129874547322
7249,do,0.05,0.0,17,0.8230582296848299,-5.356526215871175,-4.817138822873433
7250,pp,0.05,0.0,14,1.7768189764022821,-5.296293810642127,-4.560771756702
7251,do,0.05,0.0,34,3.1281511366367347,-6.429740186171098,-6.255085841814677
7252,pp,0.05,0.0,41,2.7360874247550955,-6.687324077432806,-5.698482394218445
7253,do,0.05,0.0,26,0.4801991307735447,-6.672471355669426,-5.982681626743741
7254,pp,0.05,0.0,15,2.201399520635605,-6.937317489855217,-6.062749473253886
7255,do,0.05,0.0,21,2.5477024710178373,-5.298401335513953,-5.251511428091261
7256,pp,0.05,0.0,21,1.9706719732284546,-5.8675226803981895,-5.316076554192437
7257,do,0.05,0.0,25,1.6882767438888555,-7.362947948051222,-7.332109350628323
7258,pp,0.05,0.0,20,1.8177372062206256,-7.485954598224525,-6.409838925467597
7259,do,0.05,0.0,16,1.9694043815135958,-7.526593253106782,-5.741675308015611
7260,pp,0.05,0.0,61,0.9287154102325434,-11.521991543336348,-9.490861977471246
7261,do,0.05,0.0,26,4.18876346707344,-5.095527719728874,-4.5378368655840555
7262,pp,0.05,0.0,33,3.818340809345245,-5.4060041991147125,-4.333554331461588
7263,do,0.05,0.0,70,1.259756150245666,-10.188737139557347,-8.984829950332642
7264,pp,0.05,0.0,70,0.8715130758285525,-10.435746617750688,-8.553785236676534
7265,do,0.05,0.0,15,1.5636969578266147,-4.839532498157386,-4.50763405031628
7266,pp,0.05,0.0,33,1.2382686769962303,-6.442200860110196,-5.646422192785475
7267,do,0.05,0.0,10,1.0432859385013575,-5.512218329400727,-5.213607907295227
7268,pp,0.05,0.0,44,0.6571069359779358,-8.097436649149115,-6.279645522435506
7269,do,0.05,0.0,16,2.877674400806427,-4.528782931241122,-4.251231119367811
7270,pp,0.05,0.0,13,1.2589197182655338,-4.8736999583966805,-4.056233047114478
7271,do,0.05,0.0,14,1.283056461811066,-5.378802289384784,-4.916684520244599
7272,pp,0.05,0.0,12,1.201155830621719,-5.459440508755771,-4.520390603277418
7273,do,0.05,0.0,62,4.232117731571197,-5.631738180102724,-5.764736281500922
7274,pp,0.05,0.0,12,0.8564891862869262,-6.067289936181271,-5.047040136655172
7275,do,0.05,0.0,11,1.8143372106552125,-5.150394269191858,-4.770833410157097
7276,pp,0.05,0.0,21,3.667462584972382,-5.726723211461848,-4.603796084721883
7277,do,0.05,0.0,8,1.358654942512513,-5.256294799573494,-4.780836176872254
7278,pp,0.05,0.0,14,1.733990639448166,-4.19793767784581,-3.544256415632036
7279,do,0.05,0.0,21,2.86733704328537,-6.8266219543688225,-5.6300760269165036
7280,pp,0.05,0.0,25,3.1679981136322013,-5.17859950354605,-4.351022794511583
7281,do,0.05,0.0,70,1.915300922393799,-7.845279236995813,-7.156496432092455
7282,pp,0.05,0.0,21,1.3933747375011443,-5.946658270286791,-4.859729194641114
7283,do,0.05,0.0,10,1.7541045439243321,-5.15036185726975,-4.717573038736979
7284,pp,0.05,0.0,39,3.229853450059891,-5.766808564735181,-5.0127497050497265
7285,do,0.05,0.0,24,1.5627418160438538,-5.7736296711546,-6.908423500590854
7286,pp,0.05,0.0,10,0.9253084528446198,-6.20433035474835,-5.0370378891627
7287,do,0.05,0.0,70,-0.09966497540473895,-9.01130421667388,-7.708753384484185
7288,pp,0.05,0.0,66,0.36117035984993073,-8.19990177154541,-7.481675873862373
7289,do,0.05,0.0,16,3.3763785409927367,-6.099496717164011,-5.88357072936164
7290,pp,0.05,0.0,35,2.535650463104248,-4.228026090968739,-3.703930758105384
7291,do,0.05,0.0,26,3.092966114282609,-7.090791427727901,-5.289369792408413
7292,pp,0.05,0.0,29,2.5756225037574767,-4.69680989149845,-4.2017482068803576
7293,do,0.05,0.0,6,0.187369518280029,-6.1191246509552,-5.540293815400865
7294,pp,0.05,0.0,7,1.0119547855854032,-5.9758462053356745,-4.804455841912164
7295,do,0.05,0.0,21,1.4007545030117035,-5.914492375922926,-5.3960674179924855
7296,pp,0.05,0.0,12,1.2434534931182863,-4.988850775631991,-4.338712414105733
7297,do,0.05,0.0,20,1.408708802461624,-5.711264988870331,-4.829389741685655
7298,pp,0.05,0.0,10,0.48375282049179,-6.3218168200868545,-4.7241576062308415
7299,do,0.05,0.0,23,3.599970523118973,-6.660812470407197,-5.669965646002027
7300,pp,0.05,0.0,22,3.501372252702714,-6.785118595759074,-5.107861932118734
7301,do,0.05,0.0,56,0.11016147971153245,-8.225049670537313,-7.353086386786567
7302,pp,0.05,0.0,11,0.6400062239170081,-5.298181240486376,-4.572814051310221
7303,do,0.05,0.0,25,1.464082788228989,-8.743579457022927,-7.636328042878045
7304,pp,0.05,0.0,15,2.0323663842678066,-5.03405182578347,-4.127601512273153
7305,do,0.05,0.0,11,1.6268283283710474,-5.485294584794478,-4.598229010899861
7306,pp,0.05,0.0,8,0.7078785693645475,-4.5131026614796035,-3.7622837026913962
7307,do,0.05,0.0,22,2.1572067797183996,-8.838406320051714,-7.019911032252842
7308,pp,0.05,0.0,18,1.3313847923278805,-6.389413040334528,-4.804772347874112
7309,do,0.05,0.0,50,2.025862815380096,-10.934870092796556,-10.56649964120653
7310,pp,0.05,0.0,35,1.23367418050766,-7.19869343439738,-6.109125632709927
7311,do,0.05,0.0,24,3.535625519752502,-9.16414401025483,-7.540931638081869
7312,pp,0.05,0.0,27,4.24066338777542,-5.309891842350815,-4.461171420415242
7313,do,0.05,0.0,8,0.3244038617610929,-5.52464206868952,-5.089240972201029
7314,pp,0.05,0.0,4,-0.3201342105865477,-5.40425492922465,-4.54596467283037
7315,do,0.05,0.0,33,3.492922914028168,-8.475046714146933,-7.233602868186103
7316,pp,0.05,0.0,11,1.4897966015338895,-4.838605042659875,-4.0717992279264665
7317,do,0.05,0.0,22,2.317600013017654,-5.180800950888432,-5.101608663135105
7318,pp,0.05,0.0,12,0.9841234111785893,-5.074882760192409,-4.307031748029921
7319,do,0.05,0.0,49,2.307599781751632,-9.554129593300097,-8.800864791870117
7320,pp,0.05,0.0,7,0.9643053364753724,-5.739840782049931,-4.563288129700554
7321,do,0.05,0.0,22,1.3106931245326994,-7.402490406325369,-7.2257972240448
7322,pp,0.05,0.0,15,0.3239795958995817,-6.405368621421583,-5.324656597773234
7323,do,0.05,0.0,15,2.6967697858810427,-7.0327770926735615,-6.131308807267083
7324,pp,0.05,0.0,17,1.9667310190200809,-6.561394304217714,-5.665352808104621
7325,do,0.05,0.0,18,3.02166267156601,-6.96336422255545,-6.893945211834378
7326,pp,0.05,0.0,15,1.2132275819778444,-5.191875053174568,-4.46622896724277
7327,do,0.05,0.0,21,3.939881128072739,-5.743451845284664,-5.587502023908827
7328,pp,0.05,0.0,18,3.4251475822925563,-5.378596391099872,-4.481688650449117
7329,do,0.05,0.0,19,2.544180507659912,-5.7444302443302035,-4.833380463388231
7330,pp,0.05,0.0,18,1.682899038791657,-4.664541058106856,-3.601600950294071
7331,do,0.05,0.0,14,3.0696043121814727,-5.708979767019098,-5.378332980473837
7332,pp,0.05,0.0,20,3.201552429199218,-5.614887397939508,-4.728980068365733
7333,do,0.05,0.0,50,4.553661094903946,-5.673908363689076,-5.1655064079496595
7334,pp,0.05,0.0,20,2.6398112583160405,-4.361336914698283,-3.7838758918974134
7335,do,0.05,0.0,18,3.434815287590027,-6.012942970160282,-5.012604175673591
7336,pp,0.05,0.0,12,0.9790741431713101,-5.310165100386649,-4.300648861461216
7337,do,0.05,0.0,25,0.9403162944316863,-6.199624233534842,-6.094605180952284
7338,pp,0.05,0.0,20,2.1685863733291626,-4.590446933110555,-3.8311052097214593
7339,do,0.05,0.0,21,1.431134494543076,-5.718146686842947,-5.246347175704108
7340,pp,0.05,0.0,17,0.9940073335170743,-4.854166413798477,-4.127719004948934
7341,do,0.05,0.0,38,3.663965049982071,-7.795193716973969,-5.853097791141934
7342,pp,0.05,0.0,18,1.7008472990989683,-5.793344116210937,-4.567786894904243
7343,do,0.05,0.0,30,2.2580297636985778,-7.731087334950765,-7.075149393081665
7344,pp,0.05,0.0,26,2.146458656787873,-5.678925528670803,-4.1994830634858875
7345,do,0.05,0.0,20,3.2849439549446107,-4.489588392142093,-4.076670951313442
7346,pp,0.05,0.0,17,2.1950292980670927,-4.649563980102539,-4.0736078792148165
7347,do,0.05,0.0,11,2.0201644217967987,-5.607342299548063,-5.1532085869047375
7348,pp,0.05,0.0,14,2.132213563919067,-4.938128854289199,-4.509902713033888
7349,do,0.05,0.0,12,1.6341394937038425,-4.946995856545188,-4.468029342757331
7350,pp,0.05,0.0,21,1.4910519886016846,-5.149204332178289,-4.296324341826969
7351,do,0.05,0.0,23,3.488409471511841,-7.077905730045203,-5.756765368249681
7352,pp,0.05,0.0,15,1.4164598786830904,-5.540161233959776,-4.289114019605848
7353,do,0.05,0.0,9,2.2991465604305263,-5.3165425156102035,-4.6142238643434315
7354,pp,0.05,0.0,19,3.3591364538669577,-5.151718123753866,-4.6838104195064965
7355,do,0.05,0.0,41,4.165267077684403,-5.702309709606749,-6.245460446675619
7356,pp,0.05,0.0,16,2.932105014324188,-5.200981027429754,-4.165021997027927
7357,do,0.05,0.0,22,2.817473125457763,-5.155368936423099,-4.921692657470703
7358,pp,0.05,0.0,38,0.7898371744155899,-8.283587955706047,-6.859200461705526
7359,do,0.05,0.0,12,1.5128439104557039,-5.323801635973381,-4.983860150973002
7360,pp,0.05,0.0,13,1.7694324624538416,-5.456622870763143,-4.482245495584276
7361,do,0.05,0.0,20,0.8848310708999634,-7.61678598577326,-6.759408564037747
7362,pp,0.05,0.0,9,0.16346215248107931,-5.9570861108375315,-5.643097368876139
7363,do,0.05,0.0,56,1.581467423439026,-9.590898682854393,-8.54590241379208
7364,pp,0.05,0.0,17,1.8117600119113924,-5.039263913125703,-4.181557232803769
7365,do,0.05,0.0,55,3.547299654483796,-7.218994121840506,-6.509009824858771
7366,pp,0.05,0.0,42,3.676085333824158,-8.64182958169417,-7.439851978090075
7367,do,0.05,0.0,13,1.2581721651554112,-5.010025277282253,-4.468778165181478
7368,pp,0.05,0.0,25,1.4306747162342068,-5.620336081764915,-4.7851368612713285
7369,do,0.05,0.0,4,-0.2607522952556609,-5.4648337682088215,-4.803337931632996
7370,pp,0.05,0.0,70,2.516061265468597,-6.645177120150942,-5.963736600346035
7371,do,0.05,0.0,4,-0.17030568361282317,-5.986289274331295,-5.294049297438727
7372,pp,0.05,0.0,22,2.456407207250596,-9.223634284915345,-7.602649818526374
7373,do,0.05,0.0,17,0.946298614740372,-7.201642139030225,-6.559987624486287
7374,pp,0.05,0.0,70,3.019793940782547,-5.216386445363363,-4.8453305814001295
7375,do,0.05,0.0,16,2.44953182220459,-6.342125535733772,-5.666366206275092
7376,pp,0.05,0.0,34,6.027522280216218,-7.155752622719967,-5.68574538230896
7377,do,0.05,0.0,64,1.7189621233940109,-8.383782237948793,-7.814862706926134
7378,pp,0.05,0.0,19,1.5854292261600502,-5.822468507651127,-5.075395290056864
7379,do,0.05,0.0,6,0.9159305047988893,-6.301034199107777,-5.237812548213535
7380,pp,0.05,0.0,18,5.129710026979447,-7.278134366237756,-5.294667426745097
7381,do,0.05,0.0,70,1.5805309820175175,-8.880579967209787,-7.936442544725206
7382,pp,0.05,0.0,9,0.9797270417213433,-5.831800587972006,-4.912315024269952
7383,do,0.05,0.0,11,1.5078712832927703,-5.5028143189170144,-4.832644624180264
7384,pp,0.05,0.0,70,2.121821902990341,-5.413216907327826,-4.615059185028076
7385,do,0.05,0.0,15,0.40787779569625915,-7.392473537271673,-6.480679816669888
7386,pp,0.05,0.0,66,2.2824044084548953,-6.642804359667229,-5.269619618521796
7387,do,0.05,0.0,70,1.7504347908496847,-8.985374233939432,-9.201566537221273
7388,pp,0.05,0.0,51,2.5116773486137394,-7.041526771314216,-5.892622012562222
7389,do,0.05,0.0,58,0.8729045045375834,-10.430129283847231,-9.250443516837226
7390,pp,0.05,0.0,45,2.982506374120712,-10.012695037957394,-8.434276549021403
7391,do,0.05,0.0,15,1.2090557074546817,-5.594457906665224,-5.308041164610121
7392,pp,0.05,0.0,11,0.016308521032333267,-6.65677403681206,-5.829509176148308
7393,do,0.05,0.0,23,2.485515550374985,-5.321948531179717,-5.0834110657374065
7394,pp,0.05,0.0,17,1.4833634877204895,-6.549918021577778,-5.380504160457187
7395,do,0.05,0.0,17,2.5763997733592996,-6.779491313298544,-5.4635957426495025
7396,pp,0.05,0.0,10,1.5543891525268547,-5.506184400211681,-4.724491855833265
7397,do,0.05,0.0,7,-0.292363340854644,-5.96843618479642,-5.629632194836934
7398,pp,0.05,0.0,20,1.1111143267154695,-5.085358456409339,-4.2889381991492375
7399,do,0.05,0.0,15,1.0730673646926876,-6.04982280442209,-5.308804053730435
7400,pp,0.05,0.0,17,1.9788445091247562,-4.546894865325003,-3.8018330719735887
7401,do,0.05,0.0,36,2.6949216699600225,-6.729958207679517,-6.327898478507995
7402,pp,0.05,0.0,46,1.7364663290977482,-6.2890965071591465,-5.117189812660217
7403,do,0.05,0.0,17,3.0618892276287086,-4.336284221302379,-4.013166381253137
7404,pp,0.05,0.0,15,2.4682773244380956,-4.691355361360492,-4.151597693231371
7405,do,0.05,0.0,60,0.7526507461071006,-9.323543132435193,-7.9609338336520725
7406,pp,0.05,0.0,20,2.781282151937484,-6.775844196839766,-5.226795064078437
7407,do,0.05,0.0,65,2.1260795676708213,-8.337671839107166,-7.77189269065857
7408,pp,0.05,0.0,36,2.1383206212520607,-6.721084101994832,-6.197782148255242
7409,do,0.05,0.0,16,2.3727676880359647,-5.63123917724147,-5.482832747035556
7410,pp,0.05,0.0,57,1.3462098467350003,-6.336726289806944,-5.779337909486559
7411,do,0.05,0.0,70,0.6471487057209018,-10.240893626935554,-8.893598442607455
7412,pp,0.05,0.0,60,1.4768105626106252,-8.900846552126335,-7.053888323571947
7413,do,0.05,0.0,70,1.4364359533786768,-11.74592166524945,-9.074921226501464
7414,pp,0.05,0.0,9,1.0536478924751282,-5.574465771877405,-4.488818028238085
7415,do,0.05,0.0,5,0.5068969905376433,-6.34218039079146,-5.357559227943421
7416,pp,0.05,0.0,11,1.4257552969455718,-5.902168139544401,-4.93878882461124
7417,do,0.05,0.0,70,1.1747305631637577,-11.002727629921653,-9.906680393218995
7418,pp,0.05,0.0,9,0.7697631645202634,-6.50211040467927,-5.383057713508606
7419,do,0.05,0.0,15,1.0431495189666746,-6.544105550014612,-5.81955869462755
7420,pp,0.05,0.0,15,0.8918750262260442,-7.265420387730454,-5.808058693673876
7421,do,0.05,0.0,70,2.805894281864166,-9.437655846277872,-8.232545190387302
7422,pp,0.05,0.0,70,1.1198571205139158,-7.279257248387192,-7.29145384894477
7423,do,0.05,0.0,8,1.1996603345870973,-4.516400981671882,-4.192035831345452
7424,pp,0.05,0.0,70,3.1979845678806313,-6.536901734092019,-5.923443208800422
7425,do,0.05,0.0,4,0.9693868505954741,-6.118478471582586,-5.461737079090542
7426,pp,0.05,0.0,9,1.3581679928302766,-5.379928028222286,-4.38673018084632
7427,do,0.05,0.0,28,4.769619411826133,-4.809536144950173,-4.868523030810886
7428,pp,0.05,0.0,29,3.453936938047409,-5.671323503147472,-4.771932008531358
7429,do,0.05,0.0,33,1.8906736171245573,-6.0946386293931445,-5.450627446174622
7430,pp,0.05,0.0,19,2.265216238498688,-4.189433970595851,-3.630988507800632
7431,do,0.05,0.0,12,1.2708098423480987,-5.977606704018333,-4.9823607762654625
7432,pp,0.05,0.0,10,0.5625307476520538,-6.132307142199892,-5.316334549585978
7433,do,0.05,0.0,14,0.5143318033218387,-5.056570635419903,-4.453846589724223
7434,pp,0.05,0.0,11,0.721860166788101,-4.507603779706088,-3.8514815794097053
7435,do,0.05,0.0,8,0.520166122913361,-6.266147525382764,-5.827531433105468
7436,pp,0.05,0.0,7,0.8648872601985929,-5.075680167747266,-4.5153886026806305
7437,do,0.05,0.0,7,0.8274145650863645,-5.641673037500093,-5.102163134680854
7438,pp,0.05,0.0,21,0.8907991647720337,-5.756217394453106,-4.911552466286553
7439,do,0.05,0.0,32,2.1022762620449074,-7.541024907430013,-6.826927296320597
7440,pp,0.05,0.0,35,3.0390551376342776,-4.56596730261138,-4.121428102917141
7441,do,0.05,0.0,10,1.7079592025280004,-5.867807476448291,-4.970981680022346
7442,pp,0.05,0.0,16,2.891301447153092,-6.342267871625496,-5.084137442376878
7443,do,0.05,0.0,19,1.5978651177883147,-6.411009154175267,-5.444881958431668
7444,pp,0.05,0.0,14,1.826541604995727,-5.8731327490373095,-4.9122546195983885
7445,do,0.05,0.0,11,1.8814290213584899,-5.831016108483979,-5.3649624745051065
7446,pp,0.05,0.0,16,2.0307713294029233,-5.163865330725005,-4.379852343930138
7447,do,0.05,0.0,8,0.5111124300956726,-5.651729575070468,-4.640490614043342
7448,pp,0.05,0.0,5,1.0414022159576417,-5.050825919526996,-4.3018677896923485
7449,do,0.05,0.0,70,1.316729578971863,-8.769786131020748,-7.767911879221598
7450,pp,0.05,0.0,15,2.2736250352859493,-5.525630910468824,-4.5548908339606395
7451,do,0.05,0.0,56,0.253405606746675,-10.807168972130977,-9.539209180408054
7452,pp,0.05,0.0,15,1.7323100984096529,-5.555054015824289,-4.738875663280487
7453,do,0.05,0.0,7,-0.04696843147277896,-5.20622860735113,-4.342755818367005
7454,pp,0.05,0.0,19,0.4697197544574738,-5.832214393037738,-5.279652190208435
7455,do,0.05,0.0,8,0.7986302268505101,-5.1767176758159295,-4.729629919264052
7456,pp,0.05,0.0,9,0.7340075039863585,-5.296553409460819,-4.614313589202033
7457,do,0.05,0.0,15,0.06794128894805951,-6.08344031680714,-4.793782063325247
7458,pp,0.05,0.0,22,0.4069172406196593,-5.8150810140551945,-4.56798243522644
7459,do,0.05,0.0,16,1.647960609197617,-4.8919361042253895,-4.208538076612684
7460,pp,0.05,0.0,20,2.4858732211589807,-6.0570051135438865,-5.196080586645338
7461,do,0.05,0.0,5,0.537546539306641,-5.991981721646858,-5.24115493827396
7462,pp,0.05,0.0,11,1.470264928340911,-4.71484444213636,-3.823727640840742
7463,do,0.05,0.0,8,1.0866360425949102,-6.666687088301687,-5.739705438084073
7464,pp,0.05,0.0,22,1.2885123670101155,-7.1771659085244845,-6.254867821269565
7465,do,0.05,0.0,39,2.1987080597877506,-4.928980668385823,-4.481362644831339
7466,pp,0.05,0.0,29,1.96423087477684,-4.912194983164469,-4.164194439517127
7467,do,0.05,0.0,11,1.6567113530635833,-4.6865849610530965,-4.214653619130453
7468,pp,0.05,0.0,15,2.8869074153900147,-5.066928834626169,-4.437933974795872
7469,do,0.05,0.0,3,-0.6226008784770967,-5.695542247367627,-4.83523006439209
7470,pp,0.05,0.0,6,-0.5212415134906774,-5.375672247915557,-4.345882572068108
7471,do,0.05,0.0,9,0.5091637134551998,-5.033080015760479,-4.279348364141252
7472,pp,0.05,0.0,16,1.7698010289669037,-5.568374130942605,-4.700524437427521
7473,do,0.05,0.0,4,-0.30836165308952346,-5.398166962825891,-4.856116141213311
7474,pp,0.05,0.0,9,0.44450424909591746,-4.680683263142904,-4.026637371381124
7475,do,0.05,0.0,2,-0.6408165454864507,-6.282597694974957,-5.446377012464735
7476,pp,0.05,0.0,27,2.865723124742508,-5.5628490144556215,-5.000002895461188
7477,do,0.05,0.0,21,1.8064898276329036,-4.830088863950787,-4.48078830242157
7478,pp,0.05,0.0,23,2.153688938617706,-4.687941990476666,-4.139007842540741
7479,do,0.05,0.0,10,1.2945435833930965,-5.481780024730798,-5.077784699863858
7480,pp,0.05,0.0,7,0.5111769068241117,-4.876326955448498,-4.150025669733683
7481,do,0.05,0.0,55,1.862239993810654,-6.643873788371231,-6.565724436442057
7482,pp,0.05,0.0,45,2.059896459579468,-5.623526093454072,-4.941192976633707
7483,do,0.05,0.0,19,3.3021453440189372,-5.87197205659115,-5.357401185565525
7484,pp,0.05,0.0,10,2.044835999011993,-4.88771352334456,-4.227209742863973
7485,do,0.05,0.0,11,1.2754635488986965,-4.876394371552901,-5.3376510990990536
7486,pp,0.05,0.0,21,2.7425900065898894,-5.011332959839792,-4.264430852731069
7487,do,0.05,0.0,12,2.496132164001465,-6.240880719098178,-5.778377750184801
7488,pp,0.05,0.0,36,3.464095345735549,-7.255250468398586,-6.07886037296719
7489,do,0.05,0.0,20,2.438861788511275,-5.024743977459994,-4.45881982644399
7490,pp,0.05,0.0,20,2.3843869054317484,-5.020217496698553,-4.385447343190511
7491,do,0.05,0.0,38,2.2796325910091406,-7.046335874904286,-6.285958676868015
7492,pp,0.05,0.0,25,0.990901653766632,-6.213798209392663,-5.194037956661648
7493,do,0.05,0.0,9,1.4042609572410587,-5.577464826179273,-4.841411648856269
7494,pp,0.05,0.0,11,1.0830539846420288,-4.900236498225819,-4.366821291711595
7495,do,0.05,0.0,19,2.1797246205806733,-6.2534660830642235,-5.561208894517686
7496,pp,0.05,0.0,13,1.3464444065093994,-4.64414152954564,-4.051204166147444
7497,do,0.05,0.0,70,1.0865155065059664,-8.209866617665146,-7.824823143747118
7498,pp,0.05,0.0,35,1.9338389277458203,-6.384675933375503,-5.376793808407253
7499,do,0.05,0.0,18,2.0316991794109347,-5.345237302780151,-4.953364242447747
7500,pp,0.05,0.0,31,2.8938392257690433,-4.68371946739428,-3.9002052254147
7501,do,0.05,0.0,20,2.8110035729408267,-7.504223785978375,-6.108809680408902
7502,pp,0.05,0.0,26,3.3305607616901387,-5.708762415972623,-4.743711887465583
7503,do,0.05,0.0,48,3.357220200300217,-7.035918685161707,-6.0489296409818865
7504,pp,0.05,0.0,31,4.188462885618211,-5.335042141423081,-4.601068282127381
7505,do,0.05,0.0,11,0.33323991179466184,-6.690936471476699,-5.90314944850074
7506,pp,0.05,0.0,8,1.238687245845795,-4.6089095086762395,-4.0295597778426275
7507,do,0.05,0.0,20,3.539740121364594,-6.649980354309082,-5.725021325217353
7508,pp,0.05,0.0,16,2.4297505366802215,-5.999304337935015,-4.8441033177905615
7509,do,0.05,0.0,13,1.516320753097534,-5.616556127143629,-5.188297947247823
7510,pp,0.05,0.0,38,2.7164500439167023,-4.9812155376781115,-4.214235175980462
7511,do,0.05,0.0,22,3.2508567976951603,-6.045117243853483,-6.399810846646627
7512,pp,0.05,0.0,11,1.361984939575195,-5.041869435165868,-4.3423985560735066
7513,do,0.05,0.0,13,1.7071419143676758,-5.319602053093187,-4.837062006526523
7514,pp,0.05,0.0,14,2.3269185352325437,-4.323486662633491,-3.8610929912990994
7515,do,0.05,0.0,17,0.925227738618851,-6.879509805910515,-6.169268650478787
7516,pp,0.05,0.0,20,0.4827075564861305,-7.1844063195315275,-5.624748701519437
7517,do,0.05,0.0,19,1.263081167936325,-5.43766637281938,-5.171536013815138
7518,pp,0.05,0.0,7,1.6814586710929866,-5.572431687152747,-4.461213182078468
7519,do,0.05,0.0,26,2.1802963685989383,-5.97872526139924,-5.822969243261549
7520,pp,0.05,0.0,35,1.511927790641784,-5.896220760634451,-5.834647976027595
7521,do,0.05,0.0,38,3.565120458602906,-5.295159754608616,-4.38480532169342
7522,pp,0.05,0.0,17,1.7288216662406928,-6.46391326008421,-5.426559053526985
7523,do,0.05,0.0,7,0.6109147000312802,-5.897015535470211,-5.144021134906345
7524,pp,0.05,0.0,5,0.610484825372696,-5.640118711644953,-4.535367650455899
7525,do,0.05,0.0,26,4.037262263298035,-5.651754315694173,-5.439965603086684
7526,pp,0.05,0.0,14,0.9262358832359316,-6.431322161356608,-5.606398828824362
7527,do,0.05,0.0,57,2.5082272624969475,-7.159364242264719,-6.577596078978645
7528,pp,0.05,0.0,23,1.1909352946281437,-5.7652417847604465,-4.648487893740336
7529,do,0.05,0.0,25,1.7267340457439424,-5.743795546618375,-4.950367299715678
7530,pp,0.05,0.0,70,1.1602699732780444,-7.568451432025793,-6.147966594166226
7531,do,0.05,0.0,39,4.388558402061462,-6.99565978194728,-6.832885509067111
7532,pp,0.05,0.0,49,4.863515546321869,-7.753531906821511,-6.946619330512153
7533,do,0.05,0.0,16,3.068382300138474,-7.442222660238093,-6.781606366899278
7534,pp,0.05,0.0,25,3.208027530908584,-4.893669962160515,-3.923371974627177
7535,do,0.05,0.0,14,1.175305953025818,-4.938011813886238,-4.352136996057299
7536,pp,0.05,0.0,14,2.6356475663185117,-5.04746261509982,-4.26019627518124
7537,do,0.05,0.0,12,1.9215946078300483,-5.807649910088742,-5.937283900048998
7538,pp,0.05,0.0,31,4.232675037384033,-6.072848741935961,-5.517179645432366
7539,do,0.05,0.0,11,1.7364635872840886,-7.707308488903624,-6.204298175705803
7540,pp,0.05,0.0,66,4.262260731458665,-7.11953075726827,-6.2743945280710856
7541,do,0.05,0.0,24,1.909614461660385,-4.77369014711091,-3.851582810613844
7542,pp,0.05,0.0,13,1.1835808885097503,-5.145637468858198,-4.2378920820024275
7543,do,0.05,0.0,70,1.393551239967346,-13.35541991031531,-12.473843092388577
7544,pp,0.05,0.0,32,4.348340122699737,-5.115346329139941,-4.302184253268772
7545,do,0.05,0.0,21,1.7372101616859439,-5.430041162895434,-5.13199388715956
7546,pp,0.05,0.0,26,2.511345398426056,-5.079849748900442,-4.244943810833825
7547,do,0.05,0.0,18,3.0277933120727534,-4.995983867934256,-4.9878794352213545
7548,pp,0.05,0.0,41,5.013367216587066,-7.233625063751683,-5.723239318529765
7549,do,0.05,0.0,70,0.9277967703342433,-9.105808463241114,-7.720138337877062
7550,pp,0.05,0.0,14,1.2251971566677087,-6.27343338764075,-5.296321593390571
7551,do,0.05,0.0,12,2.327114621400833,-6.702143784725305,-5.696373377905951
7552,pp,0.05,0.0,11,1.8661890923976898,-6.152579366799557,-5.191929788059658
7553,do,0.05,0.0,70,4.378390986919403,-7.275184881325924,-7.9674081272549095
7554,pp,0.05,0.0,15,2.0711032736301416,-5.946212569150058,-4.999261969990201
7555,do,0.05,0.0,21,0.9386402690410609,-6.032487864927812,-5.047334509425693
7556,pp,0.05,0.0,11,0.7352193844318382,-5.900546929330536,-4.989088127348158
7557,do,0.05,0.0,8,0.6526676785945886,-5.183621509147413,-4.509352729055617
7558,pp,0.05,0.0,70,0.8111637651920329,-6.760009548880837,-6.156425836351183
7559,do,0.05,0.0,16,-0.3018665528297424,-7.705210744973385,-7.157083341810439
7560,pp,0.05,0.0,48,1.9329108870029454,-9.281845478578047,-8.597816340128581
7561,do,0.05,0.0,20,0.3025751805305479,-6.2316964582963426,-5.928712203767565
7562,pp,0.05,0.0,38,1.9966867232322691,-5.304161668546272,-4.945923595958286
7563,do,0.05,0.0,32,2.9870605421066285,-6.595888374791,-5.995899648136563
7564,pp,0.05,0.0,29,3.5072545933723447,-6.326378332484852,-5.2665543847613865
7565,do,0.05,0.0,17,1.8771155178546906,-5.2480637275811395,-5.238177286254035
7566,pp,0.05,0.0,19,3.1159807872772216,-5.480432981433291,-4.916851486100091
7567,do,0.05,0.0,11,0.42002619147300724,-6.128314110727021,-5.5551716778013445
7568,pp,0.05,0.0,9,0.6097259426116945,-6.431990247784239,-5.648116156789992
7569,do,0.05,0.0,23,4.715440242290496,-6.91795988371878,-6.264494466781616
7570,pp,0.05,0.0,27,4.625724433660507,-5.425211396361842,-4.863150559531318
7571,do,0.05,0.0,70,0.2955428719520583,-10.148050753275554,-9.052913898891873
7572,pp,0.05,0.0,70,1.4519690918922414,-8.98381745598533,-7.776688090960184
7573,do,0.05,0.0,13,1.0599548327922816,-6.95185918229999,-5.893750911288791
7574,pp,0.05,0.0,18,3.0783201861381535,-5.933904561129483,-5.000426893764072
7575,do,0.05,0.0,5,0.08078706860542262,-6.69298098304055,-5.450502181053162
7576,pp,0.05,0.0,9,0.7988370954990387,-6.403377121145075,-5.361273670196534
7577,do,0.05,0.0,13,1.4472957754135125,-5.675013361555157,-4.880460291438633
7578,pp,0.05,0.0,23,2.6382257020473467,-5.488853778261127,-4.763755027453104
7579,do,0.05,0.0,19,3.7533659923076623,-6.93740343614058,-6.595125998391046
7580,pp,0.05,0.0,14,2.0640590238571157,-7.308984510826342,-5.9115513881047566
7581,do,0.05,0.0,27,3.0990850710868836,-4.914015063372525,-4.331225689252218
7582,pp,0.05,0.0,26,2.536719312667847,-5.097719011884747,-4.343646947542826
7583,do,0.05,0.0,35,3.6447018039226524,-5.226999985088002,-4.961394479539659
7584,pp,0.05,0.0,31,4.7461745858192455,-5.167166763363462,-4.444721052381728
7585,do,0.05,0.0,18,2.7965728449821468,-6.772894704703129,-6.5651119814978705
7586,pp,0.05,0.0,28,2.889831573963166,-6.112108206026482,-5.376499512460497
7587,do,0.05,0.0,21,2.533363455533981,-4.536183667905403,-4.163800524340735
7588,pp,0.05,0.0,27,4.1722242534160605,-5.052490709767197,-4.419630514250861
7589,do,0.05,0.0,26,0.739534581899643,-8.724512027971672,-6.739902559916178
7590,pp,0.05,0.0,17,1.3389990198612214,-5.184932252132532,-4.348106508784824
7591,do,0.05,0.0,12,2.1446484565734867,-4.48507587259466,-4.017325366867913
7592,pp,0.05,0.0,24,2.8954199206829063,-5.094253353639083,-4.28160937362247
7593,do,0.05,0.0,43,2.127106357812881,-5.44719137133974,-6.684165366490682
7594,pp,0.05,0.0,54,3.9340871202945706,-5.504045870809844,-4.58404721683926
7595,do,0.05,0.0,36,1.2560294914245604,-6.162047273462469,-4.957652219136556
7596,pp,0.05,0.0,50,2.319074828624725,-5.72036123564749,-4.875764340824551
7597,do,0.05,0.0,21,3.163416632413865,-5.60131883910208,-5.458138060569763
7598,pp,0.05,0.0,43,4.853771198987961,-6.106305652676206,-5.131471109390259
7599,do,0.05,0.0,3,-0.20192846417427024,-5.9407907283667365,-5.460154869821337
7600,pp,0.05,0.0,30,2.503330307006836,-5.068107518282804,-4.366550656159719
7601,do,0.05,0.0,40,4.277952189445495,-4.960398510730628,-4.471207102139791
7602,pp,0.05,0.0,37,3.0122310960292813,-5.248940157167839,-4.468161471684774
7603,do,0.05,0.0,15,1.519337432384491,-6.0078029675917195,-5.8492938359578455
7604,pp,0.05,0.0,24,1.5942765891551973,-5.88274621963501,-4.948814111285739
7605,do,0.05,0.0,12,1.2020298194885255,-5.092809234965931,-5.014300462934706
7606,pp,0.05,0.0,11,1.3723367309570316,-6.033243998614225,-4.88448830180698
7607,do,0.05,0.0,22,2.8988960611820227,-4.752401317249645,-4.419413238101535
7608,pp,0.05,0.0,6,0.4111479151248929,-5.133851211721247,-4.31412832736969
7609,do,0.05,0.0,22,1.7023129069805139,-5.718616302085645,-5.588820579316881
7610,pp,0.05,0.0,21,0.5806218540668491,-5.322150356119329,-4.356753473811679
7611,do,0.05,0.0,29,1.601185474395752,-8.5894671830264,-8.05408678849538
7612,pp,0.05,0.0,9,1.2030635261535645,-5.558113956451416,-4.4596087482240465
7613,do,0.05,0.0,17,2.439926418066025,-5.360828034083048,-5.449567453066508
7614,pp,0.05,0.0,9,1.3002337372303003,-5.1855759244976625,-4.473174798488617
7615,do,0.05,0.0,15,1.9034249508380885,-5.371867528106227,-4.926974235640632
7616,pp,0.05,0.0,27,0.5071637427806852,-6.380119096871578,-5.017849728796217
7617,do,0.05,0.0,6,0.6954531681537626,-5.624048887599598,-4.616574758953519
7618,pp,0.05,0.0,13,1.526528316736222,-4.96472973245563,-4.08836614423328
7619,do,0.05,0.0,15,2.0714859390258784,-4.980158123825536,-4.542351574367947
7620,pp,0.05,0.0,10,1.4124467003345487,-5.136766647570061,-4.4576601902643835
7621,do,0.05,0.0,4,0.11531272768974254,-6.5048254591045955,-5.454881546232436
7622,pp,0.05,0.0,2,-0.5407220971584321,-5.246395020051436,-4.45554338561164
7623,do,0.05,0.0,20,2.8725711452960967,-5.086044915517172,-4.7134507695833845
7624,pp,0.05,0.0,40,2.3887162089347846,-6.127034880898216,-5.488935783174303
7625,do,0.05,0.0,13,1.2104159581661218,-4.859284243439183,-4.554100885656145
7626,pp,0.05,0.0,58,1.0447165381908405,-8.987298504511516,-7.934538878334893
7627,do,0.05,0.0,19,1.4729083347320557,-4.705776129346905,-4.511388348208533
7628,pp,0.05,0.0,8,0.9607050549983978,-5.6058048696228955,-4.787801991568672
7629,do,0.05,0.0,7,1.9057282423973092,-5.545731866720951,-5.059683269924587
7630,pp,0.05,0.0,9,1.218402813673019,-4.750812557971838,-3.9919343577490913
7631,do,0.05,0.0,70,3.115139470100403,-8.195058019233473,-7.499387666914198
7632,pp,0.05,0.0,18,0.8221318602561949,-6.294692932475697,-4.61290721628401
7633,do,0.05,0.0,9,2.3361153268814085,-5.018219372720429,-4.908841864267985
7634,pp,0.05,0.0,14,1.0924831461906441,-5.79334205569643,-4.919699589411418
7635,do,0.05,0.0,53,5.285225516557693,-7.397572754368637,-6.662849076588949
7636,pp,0.05,0.0,25,2.2067650580406193,-5.106529815269239,-4.453322470188141
7637,do,0.05,0.0,36,2.436796501874924,-7.505416370160652,-7.064997013409933
7638,pp,0.05,0.0,7,0.6695928525924684,-4.9573555281668,-4.125806122355991
7639,do,0.05,0.0,51,0.9202063155174258,-8.304849003300522,-7.590554269154866
7640,pp,0.05,0.0,15,2.470884977579117,-4.603976145657626,-3.8318495326571993
7641,do,0.05,0.0,19,3.2703653299808497,-5.490696655620228,-5.906296671761407
7642,pp,0.05,0.0,13,1.6494243669509885,-5.126000824841586,-4.0969509614838495
7643,do,0.05,0.0,70,0.8216425168514263,-8.647720594117136,-7.787150594923231
7644,pp,0.05,0.0,28,1.5450718355178843,-5.564475683732466,-4.609742401705848
7645,do,0.05,0.0,29,0.28937162041664166,-7.71582176324093,-6.81389090485043
7646,pp,0.05,0.0,14,0.8394106256961829,-6.08602800802751,-4.762561880217659
7647,do,0.05,0.0,15,2.8543611204624177,-5.066173527457497,-4.79232132434845
7648,pp,0.05,0.0,47,1.9897038316726672,-6.073048876271104,-5.852917406294081
7649,do,0.05,0.0,13,2.682877202033996,-6.353386331327034,-5.682783238093058
7650,pp,0.05,0.0,14,3.179148911237717,-6.918190784165353,-5.217023271984524
7651,do,0.05,0.0,29,2.290371656417846,-5.363863521633726,-5.860984163814121
7652,pp,0.05,0.0,18,2.2456194353103633,-4.9092177810090964,-4.501576818360222
7653,do,0.05,0.0,10,0.8292364668846135,-7.254557937564272,-6.634780399004618
7654,pp,0.05,0.0,7,1.2810603058338161,-6.531817697756218,-4.638074154324002
7655,do,0.05,0.0,10,1.2341306447982792,-6.05714417515379,-5.438081693649292
7656,pp,0.05,0.0,7,-0.16951442599296573,-6.0738864811983975,-5.071163733800252
7657,do,0.05,0.0,24,1.6533790385723117,-5.556846971222849,-5.418735689587063
7658,pp,0.05,0.0,11,1.173518025875091,-5.019332001426003,-4.277796856562296
7659,do,0.05,0.0,2,-0.5140637314319614,-6.481818748242928,-5.537410195668539
7660,pp,0.05,0.0,9,0.11347049117088392,-6.0842756748199465,-4.963191045655145
7661,do,0.05,0.0,10,1.7212082517147067,-5.921417883670691,-5.63448089228736
7662,pp,0.05,0.0,13,1.628180630207062,-5.766977034193097,-4.7629689772923784
7663,do,0.05,0.0,27,2.8728729760646816,-6.001956194097345,-5.707428201039632
7664,pp,0.05,0.0,21,2.668910537958145,-5.57297303459861,-4.48100221157074
7665,do,0.05,0.0,55,1.7904901933670043,-6.531435573462284,-5.801125627093845
7666,pp,0.05,0.0,31,2.137933305501938,-5.138831041798447,-4.147207876046498
7667,do,0.05,0.0,36,2.951904482841492,-6.915387295231675,-6.530715510580275
7668,pp,0.05,0.0,70,2.9437867259979242,-7.049778811136881,-6.1119870927598745
7669,do,0.05,0.0,21,2.7394986319541923,-5.7079510761029795,-5.4393336825900604
7670,pp,0.05,0.0,20,1.9914399409294132,-5.0294820872220125,-4.578309263123407
7671,do,0.05,0.0,36,3.671170667409898,-5.859937406308723,-5.993806934356689
7672,pp,0.05,0.0,70,3.8689153552055355,-6.55085368011937,-5.245471064249674
7673,do,0.05,0.0,52,1.9053643560409554,-6.640778834892042,-5.822837874624464
7674,pp,0.05,0.0,8,0.2073536050319671,-5.954457141413833,-4.635105583402845
7675,do,0.05,0.0,21,1.332752128839493,-5.482704270969737,-6.489824488427904
7676,pp,0.05,0.0,16,0.8918465900421149,-4.976509485822735,-4.278290420108371
7677,do,0.05,0.0,17,2.663376972675323,-4.90938204274033,-5.201326497395834
7678,pp,0.05,0.0,10,1.4948200738430026,-4.8034939520286795,-4.020697711573707
7679,do,0.05,0.0,48,1.3907485389709482,-9.864923566760439,-8.62340652677748
7680,pp,0.05,0.0,11,0.6747518491744993,-6.87948995070024,-5.54066145684984
7681,do,0.05,0.0,23,1.4762172782421104,-5.693036716634577,-5.375050192409091
7682,pp,0.05,0.0,8,1.2075899970531463,-4.903742046067209,-4.204126750098334
7683,do,0.05,0.0,31,2.7048889839649206,-6.16064397205006,-6.122260769208272
7684,pp,0.05,0.0,15,3.322779977321625,-4.488877128832268,-3.798413160112169
7685,do,0.05,0.0,22,2.695973747968673,-6.700747651764841,-5.717738485336303
7686,pp,0.05,0.0,26,3.794640283584595,-5.350494834148523,-3.967864176962111
7687,do,0.05,0.0,26,1.6861886727809905,-5.996009186542396,-5.773030167155795
7688,pp,0.05,0.0,23,1.3209241223335262,-6.066221154819836,-4.879389757580228
7689,do,0.05,0.0,22,3.043461462259293,-5.201632977254463,-4.925760237375895
7690,pp,0.05,0.0,16,1.7866094028949737,-4.628458528807669,-3.9670325305726792
7691,do,0.05,0.0,15,1.428085651397705,-6.08414511680603,-5.480176133579678
7692,pp,0.05,0.0,20,2.157146903276443,-4.652121233217644,-3.929183966583676
7693,do,0.05,0.0,20,1.3496661305427553,-5.2588804432840055,-5.119538903236389
7694,pp,0.05,0.0,22,3.6160217356681823,-4.8291784300948635,-4.252469943629371
7695,do,0.05,0.0,15,1.6155315661430363,-5.063571153987538,-5.534610030386183
7696,pp,0.05,0.0,45,0.7358590173721318,-6.7819048130151,-5.944101881980896
7697,do,0.05,0.0,12,1.7406908202171332,-4.602757688002153,-4.122792189651065
7698,pp,0.05,0.0,10,1.322913941144943,-4.810166968721332,-4.134917415512932
7699,do,0.05,0.0,11,2.1665132927894586,-4.567997761928674,-4.523311681217617
7700,pp,0.05,0.0,10,1.4926852536201478,-4.386413289561416,-3.909735804133945
7701,do,0.05,0.0,31,2.0732195925712587,-5.6053031357851895,-5.612026556332906
7702,pp,0.05,0.0,14,1.7092593204975133,-5.173596811294556,-4.2103435754776
7703,do,0.05,0.0,26,2.4270710110664373,-7.203073898951213,-6.531324217054579
7704,pp,0.05,0.0,17,1.7582572090625774,-7.5114717772512725,-6.301155090332031
7705,do,0.05,0.0,14,0.7541238582134246,-6.665131090626572,-5.973502628008524
7706,pp,0.05,0.0,19,2.419397023916244,-5.092791281324445,-4.473052175839742
7707,do,0.05,0.0,3,-0.13348783969879197,-5.175290903900609,-4.78792327509986
7708,pp,0.05,0.0,30,1.2609634828567504,-6.420381577809652,-5.575681193669637
7709,do,0.05,0.0,11,0.947373954057694,-5.117369176402237,-4.93700488143497
7710,pp,0.05,0.0,13,1.0883314156532293,-5.7078183896613846,-5.1186792850494385
7711,do,0.05,0.0,11,0.4824612939357751,-5.627938296578147,-5.716149020195007
7712,pp,0.05,0.0,23,0.7770550596714019,-6.733868616277522,-5.597974885834588
7713,do,0.05,0.0,9,0.584775618314743,-4.575006404067531,-4.208254318767124
7714,pp,0.05,0.0,8,0.43058131694793733,-5.221207280592485,-4.43538494904836
7715,do,0.05,0.0,16,1.8063459181785593,-5.732543743017948,-6.1562609089745415
7716,pp,0.05,0.0,21,3.224196672439575,-6.304854783144864,-5.506126242213779
7717,do,0.05,0.0,13,0.6355087661743157,-5.616184220169529,-5.035120579931471
7718,pp,0.05,0.0,19,1.7589068877696992,-5.680240872412017,-4.744771480560303
7719,do,0.05,0.0,7,1.041769415140152,-4.876355425516764,-4.566469028260973
7720,pp,0.05,0.0,17,1.952318487167359,-5.147142261447328,-4.326464460955726
7721,do,0.05,0.0,68,2.1923548233509074,-9.559426774400654,-8.089574803246393
7722,pp,0.05,0.0,70,3.7671012425422665,-5.483865675781712,-4.767499462763468
7723,do,0.05,0.0,6,0.19961277008056655,-6.6444731119907265,-5.683802586131626
7724,pp,0.05,0.0,4,-0.1768031942844397,-6.316230119358409,-5.478960720698039
7725,do,0.05,0.0,6,0.31900590658187866,-6.3660646669792404,-5.602884692615933
7726,pp,0.05,0.0,40,4.216179758310317,-5.631253030083396,-5.0194553454717
7727,do,0.05,0.0,17,1.5985445427894591,-5.529140002799757,-4.742970948749118
7728,pp,0.05,0.0,41,2.6128064846992487,-6.157427352847475,-5.519863160451253
7729,do,0.05,0.0,4,0.30881016135215766,-6.05091512853449,-5.51933359834883
7730,pp,0.05,0.0,21,1.960290386676788,-6.342003817991777,-6.3980630000432335
7731,do,0.05,0.0,11,2.119333118200302,-5.187183449485085,-4.519186131159464
7732,pp,0.05,0.0,27,4.763813494443894,-7.79130027366407,-6.176411604881286
7733,do,0.05,0.0,7,0.7765724563598635,-5.674227479009917,-5.34116243786282
7734,pp,0.05,0.0,18,1.184466277360916,-6.667805621118257,-5.710836487346225
7735,do,0.05,0.0,32,3.660047942399979,-5.45513065367034,-5.128370258543226
7736,pp,0.05,0.0,22,1.2298756396770472,-7.743650515874227,-6.4653065972858
7737,do,0.05,0.0,41,1.6889988756179815,-8.808210107051964,-7.805834643046061
7738,pp,0.05,0.0,35,2.364059836864472,-5.309644462123062,-4.472600216335721
7739,do,0.05,0.0,63,2.0101928114891052,-5.3879426667184545,-5.131576000319587
7740,pp,0.05,0.0,21,2.683334671258926,-5.1813226584232215,-4.733485929171244
7741,do,0.05,0.0,17,0.9710215473175046,-4.9668659109057804,-4.768077749676174
7742,pp,0.05,0.0,70,3.4800128734111784,-8.10036821943341,-6.887956661648221
7743,do,0.05,0.0,36,2.296397285461426,-4.695785437208233,-4.32424855629603
7744,pp,0.05,0.0,47,2.6204945671558377,-6.945232879754268,-6.259124294916789
7745,do,0.05,0.0,12,1.4289420354366298,-4.656054998166633,-4.527799799707201
7746,pp,0.05,0.0,13,1.375223333835602,-4.915132609280673,-4.3536245478524105
7747,do,0.05,0.0,24,4.28025878071785,-4.5463864254229,-4.090766256385379
7748,pp,0.05,0.0,23,3.531724536418916,-4.907261943817138,-4.147204756736755
7749,do,0.05,0.0,5,0.5208456659317022,-6.083831199010214,-5.403701037830777
7750,pp,0.05,0.0,21,1.4731979775428767,-8.205299192486388,-6.627678439352247
7751,do,0.05,0.0,21,3.127789644002915,-6.7401243484381475,-5.6766529480616255
7752,pp,0.05,0.0,16,2.9406655859947195,-5.906148355657404,-4.797895201047262
7753,do,0.05,0.0,56,0.3283498859405505,-11.341302860144413,-9.760108931859333
7754,pp,0.05,0.0,9,0.9825585091114046,-6.4661857995119965,-5.371326960457695
7755,do,0.05,0.0,28,4.262565370798112,-5.557158916646784,-5.066245332029131
7756,pp,0.05,0.0,17,1.3272632229328156,-5.343526896563444,-4.677611955006918
7757,do,0.05,0.0,7,1.2308633744716637,-6.207567779945605,-5.279818587832981
7758,pp,0.05,0.0,6,0.8344611084461215,-5.745653429898349,-4.788880557484097
7759,do,0.05,0.0,16,1.8191298222541814,-4.2095925432263,-4.054418161180284
7760,pp,0.05,0.0,20,1.4824325609207154,-5.139639751838915,-4.276204903920491
7761,do,0.05,0.0,21,1.595839802026748,-6.695991399071433,-6.3585869391759235
7762,pp,0.05,0.0,9,1.0982900488376623,-5.052014621098836,-4.216197511884901
7763,do,0.05,0.0,11,1.4195988476276398,-4.804117549549449,-4.59548765818278
7764,pp,0.05,0.0,11,1.378541611433029,-5.116836300763217,-4.42850726975335
7765,do,0.05,0.0,26,3.4582339096069337,-5.009750682657415,-4.833439172638787
7766,pp,0.05,0.0,18,2.7328375494480133,-4.713592366016273,-4.123417737748888
7767,do,0.05,0.0,28,3.7247882378101353,-4.805758298527111,-4.624083113670349
7768,pp,0.05,0.0,23,3.203620046377182,-4.648388705109105,-4.119545153776804
7769,do,0.05,0.0,24,2.6257246112823482,-5.016760055946581,-4.5187134345372515
7770,pp,0.05,0.0,27,2.541080408096313,-5.358397782932628,-4.5286647319793705
7771,do,0.05,0.0,18,2.5160959720611578,-5.5489628560615305,-5.485285332467821
7772,pp,0.05,0.0,14,1.6307217633724216,-4.964381213621659,-4.352630273501078
7773,do,0.05,0.0,60,3.333346081972122,-5.475527464259755,-5.145601243442959
7774,pp,0.05,0.0,15,1.9885666191577913,-4.871562904300112,-4.230660002761417
7775,do,0.05,0.0,70,4.007596974372863,-8.887654907053166,-8.954922755559286
7776,pp,0.05,0.0,13,1.149436370134354,-5.446850348963882,-4.77025224102868
7777,do,0.05,0.0,13,1.608045251369476,-4.164370340289492,-3.8324378265274897
7778,pp,0.05,0.0,7,0.40928288340568475,-5.142122653036407,-4.43604297902849
7779,do,0.05,0.0,16,1.0158260023593906,-4.420064247015751,-4.277637359831068
7780,pp,0.05,0.0,10,0.5039316821098332,-5.79834528836337,-5.006305180655586
7781,do,0.05,0.0,13,1.6158503150939945,-5.290696652730306,-5.000089102321201
7782,pp,0.05,0.0,2,-0.6058572542667386,-5.3974580649173625,-4.572807757059733
7783,do,0.05,0.0,70,0.5034330081939693,-7.472596513863766,-6.67642912864685
7784,pp,0.05,0.0,11,0.5591236865520477,-5.704296120730313,-4.5523677534527245
7785,do,0.05,0.0,9,1.1910479497909554,-4.696904906359586,-4.2546402547094555
7786,pp,0.05,0.0,43,0.9989973175525666,-8.591929905342333,-6.990858827696906
7787,do,0.05,0.0,12,0.7808183848857873,-5.451529481194236,-5.195214218563503
7788,pp,0.05,0.0,7,1.00504492521286,-4.967066392031583,-4.261393186781142
7789,do,0.05,0.0,31,2.6332646155357367,-5.139855117508859,-4.657644674513075
7790,pp,0.05,0.0,8,0.04502110600471543,-5.862894409353083,-4.506664763556587
7791,do,0.05,0.0,32,2.261759902238845,-6.856864680665912,-6.022782556215922
7792,pp,0.05,0.0,51,0.6780432581901543,-10.318059253692628,-8.398445336023967
7793,do,0.05,0.0,33,2.8659959673881534,-6.826334347869411,-6.4498422304789225
7794,pp,0.05,0.0,7,0.9458991444110865,-4.769731284632828,-4.1360187755690685
7795,do,0.05,0.0,70,1.0642132902145383,-7.126876468369455,-6.1923164897494845
7796,pp,0.05,0.0,7,0.4168450582027443,-4.828758605321249,-3.9777695563104416
7797,do,0.05,0.0,26,1.8578465425968176,-7.789942865660696,-7.149070824517144
7798,pp,0.05,0.0,8,0.9371926295757298,-6.3353065476273045,-5.329877625571357
7799,do,0.05,0.0,70,1.8071744275093078,-8.594500213680845,-7.3963678465949165
7800,pp,0.05,0.0,36,0.6299276423454288,-10.579144815965133,-8.213711608780756
7801,do,0.05,0.0,7,0.38976437449455226,-4.814555803934733,-4.464493192566765
7802,pp,0.05,0.0,45,0.34333723306655983,-8.879293508240671,-6.930412329567803
7803,do,0.05,0.0,10,2.3992566919326777,-6.776044634616736,-6.022181253963047
7804,pp,0.05,0.0,4,0.12914370894432103,-5.825143321355184,-4.641381994883219
7805,do,0.05,0.0,4,0.38138895153999286,-5.003423862746268,-4.663972290356954
7806,pp,0.05,0.0,6,-0.0285384178161614,-5.350026480356852,-4.75078792836931
7807,do,0.05,0.0,45,1.6339396893978115,-6.737376136490793,-5.941447144084506
7808,pp,0.05,0.0,4,-0.036387622356414795,-5.49245210127397,-4.625665058030022
7809,do,0.05,0.0,1,-0.8043366098403935,-5.774041717702692,-5.2631085369322035
7810,pp,0.05,0.0,26,0.5618783485889436,-7.099095715898456,-5.972237258487278
7811,do,0.05,0.0,7,-0.6245148384571078,-5.498575502453428,-5.304513226615058
7812,pp,0.05,0.0,6,0.016525233983993637,-4.805113097393152,-4.36342486275567
7813,do,0.05,0.0,21,0.0891477012634283,-8.19079495487791,-6.861749755011664
7814,pp,0.05,0.0,4,-0.42282997846603365,-5.001586219036218,-4.63597767882877
7815,do,0.05,0.0,4,-0.2504779708385465,-5.450723032517867,-4.985433565245734
7816,pp,0.05,0.0,4,-0.3421444892883301,-5.439085690180461,-4.71766000588735
7817,do,0.05,0.0,12,0.03997550845146147,-5.43244148312193,-4.9351448244518705
7818,pp,0.05,0.0,10,-0.7672895669937132,-6.277058310942216,-5.354366244210137
7819,do,0.05,0.0,29,2.1143252229690557,-8.84211064974467,-8.441816473007203
7820,pp,0.05,0.0,16,1.3778181624412538,-5.472737490047108,-4.880557089381748
7821,do,0.05,0.0,9,0.47239961385726925,-5.301863713697954,-4.829385174645318
7822,pp,0.05,0.0,19,1.0604468512535101,-6.922036806742351,-5.8988956371943155
7823,do,0.05,0.0,6,-0.024087973833084142,-5.2927517645286795,-5.114292695787218
7824,pp,0.05,0.0,10,0.39691074848175045,-4.774764783454664,-4.093697828716702
7825,do,0.05,0.0,22,1.3836522459983813,-6.344040409723918,-6.1846665885713366
7826,pp,0.05,0.0,9,0.25248942494392423,-5.826810112866489,-4.769162927733527
7827,do,0.05,0.0,18,2.500306990146636,-5.646347743814641,-4.838950766457452
7828,pp,0.05,0.0,6,-0.01161284208297797,-6.283654799605861,-4.996810370021397
7829,do,0.05,0.0,22,2.7306681799888617,-5.832666160121109,-4.862080979347229
7830,pp,0.05,0.0,7,0.1288189113140108,-5.709368647951068,-4.847655012872484
7831,do,0.05,0.0,8,-0.12927285194396987,-6.119236740921483,-5.5009881099065145
7832,pp,0.05,0.0,8,0.4225072193145749,-5.228011287342419,-4.51856803894043
7833,do,0.05,0.0,16,2.505331802368164,-6.081352014252634,-5.606743068165249
7834,pp,0.05,0.0,11,0.3498095619678496,-5.628074657555782,-4.56246546904246
7835,do,0.05,0.0,8,0.5139539337158201,-5.6190731207529705,-5.468976248635186
7836,pp,0.05,0.0,6,-0.1612790191173552,-5.406752527121341,-4.66245334148407
7837,do,0.05,0.0,21,1.8070452702045445,-6.081921477751298,-5.716004843182034
7838,pp,0.05,0.0,8,0.7781319594383245,-5.4297355550708195,-4.3376409610112505
7839,do,0.05,0.0,10,0.16985779881477292,-6.233575070988048,-5.9394298394521075
7840,pp,0.05,0.0,10,0.2261553978919988,-6.218613250327833,-5.328119460741679
7841,do,0.05,0.0,36,2.264076288938522,-9.061485007314971,-7.6030029137929285
7842,pp,0.05,0.0,11,2.022271947860717,-4.680660422643026,-3.984619198905097
7843,do,0.05,0.0,61,0.7928694140911112,-8.219116642980865,-7.422398408253987
7844,pp,0.05,0.0,7,0.1680089557170863,-4.699771912892659,-4.311417690912882
7845,do,0.05,0.0,12,0.7708016800880433,-5.426363419041489,-5.135657011138068
7846,pp,0.05,0.0,7,0.5688785755634305,-5.357548408797293,-4.1593225134743586
7847,do,0.05,0.0,25,0.9751526784896853,-6.072671607046416,-6.433737315071953
7848,pp,0.05,0.0,38,1.613556634187698,-7.123703193664551,-5.974165664778815
7849,do,0.05,0.0,70,2.9095432209968575,-11.850118278734612,-12.509906922446357
7850,pp,0.05,0.0,6,0.4010787093639374,-6.2576926635973384,-4.684494604004754
7851,do,0.05,0.0,23,1.7485486042499545,-4.520701093384714,-4.578739632500542
7852,pp,0.05,0.0,68,0.5725885534286483,-9.446843138608065,-7.696879328621758
7853,do,0.05,0.0,49,3.3449528050422668,-8.8744234865362,-8.80800296995375
7854,pp,0.05,0.0,5,1.177667436599731,-4.904912513675112,-4.061279842588637
7855,do,0.05,0.0,33,0.4184530913829798,-7.077926002849232,-6.000269667307536
7856,pp,0.05,0.0,15,1.0988645565509794,-5.139087648102731,-4.163645315170288
7857,do,0.05,0.0,70,0.3463194417953481,-10.52164534221996,-9.494704315397474
7858,pp,0.05,0.0,18,2.192526926994324,-4.175743633328062,-3.9748208112186854
7859,do,0.05,0.0,13,1.1642946171760569,-7.580297464312929,-6.494989893171522
7860,pp,0.05,0.0,3,0.42455593705177286,-4.042596977407282,-3.7812580784161884
7861,do,0.05,0.0,11,1.1667283451557156,-5.031111785137292,-4.221574691931407
7862,pp,0.05,0.0,29,1.5497811067104337,-8.73368939630913,-6.998722542656792
7863,do,0.05,0.0,14,1.258654463291168,-5.251975258913907,-4.845774218771193
7864,pp,0.05,0.0,7,-0.10191542029380773,-5.433150769724991,-4.649683533774482
7865,do,0.05,0.0,27,-0.09990426182746859,-7.031334554787838,-6.433176472451952
7866,pp,0.05,0.0,7,0.8984026145935058,-4.714515397042939,-3.970702257421282
7867,do,0.05,0.0,22,1.8583809781074532,-6.7085829879298355,-6.4930785602993435
7868,pp,0.05,0.0,28,1.2305605077743529,-9.16696456417893,-7.564603050549825
7869,do,0.05,0.0,70,2.2155425214767455,-8.412391395279855,-7.486931684282091
7870,pp,0.05,0.0,8,1.7273651409149169,-4.816029223528775,-3.92460101975335
7871,do,0.05,0.0,12,-0.39433302402496384,-7.232991234461466,-6.645014429092408
7872,pp,0.05,0.0,8,-0.1254412448406219,-5.098830958568689,-4.631695511606004
7873,do,0.05,0.0,20,0.4933139920234684,-8.19276667652708,-7.333303525712755
7874,pp,0.05,0.0,10,0.9179914510250091,-5.407892559513901,-4.904996352725559
7875,do,0.05,0.0,34,3.7554839241504663,-7.98649693402377,-7.228109216690063
7876,pp,0.05,0.0,18,1.7155397605896008,-6.941161713455663,-6.0106017112731935
7877,do,0.05,0.0,4,-0.43838746666908257,-6.352701701539935,-5.930082795355055
7878,pp,0.05,0.0,30,2.6903974175453182,-6.448575986515392,-5.48092311223348
7879,do,0.05,0.0,9,0.5550426626205445,-7.502960096706044,-6.586285336812337
7880,pp,0.05,0.0,6,-0.023533264398574616,-6.367679133559719,-5.269337500466241
7881,do,0.05,0.0,3,0.4533838164806365,-6.145915944648512,-5.346188423368666
7882,pp,0.05,0.0,25,0.8566294968128201,-10.648763184113935,-8.763433127933078
7883,do,0.05,0.0,23,1.6320181834697722,-5.777472113118027,-5.221749027570088
7884,pp,0.05,0.0,16,1.4372399353981011,-6.002790820959842,-4.982614546351963
7885,do,0.05,0.0,33,4.163452371358872,-5.665814632357973,-5.768533603350321
7886,pp,0.05,0.0,13,2.2192251682281485,-5.987475480455341,-5.081798097822401
7887,do,0.05,0.0,29,1.7733430016040792,-8.342658100706158,-6.7902593188815645
7888,pp,0.05,0.0,4,0.0036960613727572422,-5.330694007873535,-4.740654505623711
7889,do,0.05,0.0,30,0.18192887187004025,-7.148317780639186,-6.1611127032174
7890,pp,0.05,0.0,37,0.7038811624050147,-7.750521697420062,-6.777931788232592
7891,do,0.05,0.0,16,2.1923798680305486,-6.588721106269142,-6.0395167615678576
7892,pp,0.05,0.0,18,1.85884085059166,-5.747602887587114,-5.281823738416036
7893,do,0.05,0.0,70,1.5574661016464226,-8.48496297345017,-7.4019967820909285
7894,pp,0.05,0.0,27,3.3592801499366765,-4.803279105099764,-4.499617709053887
7895,do,0.05,0.0,14,1.5612758076190945,-8.02867949514678,-7.001480261484782
7896,pp,0.05,0.0,9,1.5715949308872226,-5.3888569355010985,-4.119489322768318
7897,do,0.05,0.0,10,1.703916919231415,-5.684687628890529,-4.953158468670315
7898,pp,0.05,0.0,23,1.4994378399848936,-4.882566812544158,-4.424429515997569
7899,do,0.05,0.0,15,1.1250472760200507,-4.506883995460742,-3.9875583516226873
7900,pp,0.05,0.0,9,0.35964167475700304,-5.445341043761283,-4.548693940374586
7901,do,0.05,0.0,3,-0.27718213796615654,-5.427133343436501,-4.677340576383803
7902,pp,0.05,0.0,2,-0.3534938895702364,-4.759668103131381,-4.417722468905978
7903,do,0.05,0.0,14,1.1863480651378628,-6.019649072126909,-5.2697584576076935
7904,pp,0.05,0.0,31,1.5056222426891326,-5.48494686791391,-4.698370163970523
7905,do,0.05,0.0,47,2.764472531080246,-6.284756151835124,-5.963833178414239
7906,pp,0.05,0.0,7,-0.1401777386665346,-5.810468328360355,-4.9539652718438045
7907,do,0.05,0.0,50,1.7626598978042596,-6.891452977151582,-6.129536917474534
7908,pp,0.05,0.0,8,-0.5796379947662356,-6.823866189609874,-5.902851515346104
7909,do,0.05,0.0,18,0.9300129663944245,-5.413757295319528,-4.759991688198514
7910,pp,0.05,0.0,16,0.8307815742492677,-5.213439559936523,-4.462327173021104
7911,do,0.05,0.0,19,1.4646280026435852,-5.564543807867802,-5.405701488918728
7912,pp,0.05,0.0,9,0.5606917846202846,-4.916318600105517,-4.215577348073324
7913,do,0.05,0.0,25,1.4939101314544674,-5.640039863008441,-5.214004974895054
7914,pp,0.05,0.0,15,1.438582609891892,-4.843409113450484,-4.32856590880288
7915,do,0.05,0.0,44,2.2416075563430784,-6.2019048936439285,-5.8107570674684315
7916,pp,0.05,0.0,6,0.24206990361213698,-5.302329129883737,-4.9386909776263765
7917,do,0.05,0.0,19,1.405974361896515,-6.279472388643207,-6.2860984828737045
7918,pp,0.05,0.0,5,-0.09291551351547245,-5.414581589265303,-4.360326086150275
7919,do,0.05,0.0,13,1.6274428367614746,-4.591413201707782,-4.345509258906047
7920,pp,0.05,0.0,39,0.06622690796852204,-9.712555209073154,-7.2664583921432495
7921,do,0.05,0.0,41,1.6832051455974586,-4.965869533654415,-5.9057215107811825
7922,pp,0.05,0.0,22,1.1788431417942045,-6.9652228572151875,-6.1205331616931495
7923,do,0.05,0.0,70,4.081419693231583,-6.568298292160034,-7.481070719824897
7924,pp,0.05,0.0,10,1.1562345921993256,-5.975351645729758,-4.800847980711195
7925,do,0.05,0.0,62,2.8272893404960637,-7.550458997668642,-8.971105315950181
7926,pp,0.05,0.0,7,1.1755794930458068,-4.93261815995881,-4.1737723218070135
7927,do,0.05,0.0,17,1.4589085841178902,-4.762799510088834,-4.67535674571991
7928,pp,0.05,0.0,5,0.5871006083488464,-5.223976932872425,-4.2813246938917375
7929,do,0.05,0.0,27,1.0490248119831085,-6.579471499992139,-6.249805484877692
7930,pp,0.05,0.0,45,2.3457328665256494,-7.998255564949729,-6.885970462693108
7931,do,0.05,0.0,36,2.6138338577747344,-5.7222422628691705,-5.1939733028411865
7932,pp,0.05,0.0,70,1.5138081431388866,-9.81412116542007,-8.55368132326338
7933,do,0.05,0.0,21,2.7926281309127807,-6.223570833784161,-5.625669235653348
7934,pp,0.05,0.0,7,1.300689526796341,-4.755205967932037,-4.174230350388421
7935,do,0.05,0.0,14,1.426852400302887,-6.464232697631374,-6.319908075862461
7936,pp,0.05,0.0,15,0.5371094954013831,-6.520290751890703,-5.385344749026828
7937,do,0.05,0.0,25,3.9207580888271343,-5.704421180667299,-5.101624753740099
7938,pp,0.05,0.0,7,1.4376639473438262,-4.826454175602306,-4.150448118315802
7939,do,0.05,0.0,63,3.6262276673316967,-6.4590294476711385,-6.706153864330716
7940,pp,0.05,0.0,45,2.512964591979981,-6.815551999121001,-5.47056216928694
7941,do,0.05,0.0,34,4.700656625032424,-5.154399788018429,-5.34825304084354
7942,pp,0.05,0.0,16,2.7591238975524908,-5.314008019187233,-4.5369214283095465
7943,do,0.05,0.0,26,4.455419483184815,-7.099715267528187,-5.7949049234390255
7944,pp,0.05,0.0,48,1.8878882086277002,-9.522995148283062,-8.274366124471028
7945,do,0.05,0.0,33,2.363213638067246,-4.951033639907837,-6.11223677529229
7946,pp,0.05,0.0,25,2.8722389495372775,-6.5415742628502125,-5.968049372567071
7947,do,0.05,0.0,10,0.3208184516429906,-6.021706608569983,-5.722930386331346
7948,pp,0.05,0.0,10,0.9945512771606451,-5.662905695944121,-4.778602494133843
7949,do,0.05,0.0,3,-0.09546889543533332,-6.123269779031927,-5.429885983467102
7950,pp,0.05,0.0,10,0.8174137258529663,-6.088480283274795,-5.648656362957425
7951,do,0.05,0.0,13,2.031898732185364,-5.820610855564927,-5.003096768591139
7952,pp,0.05,0.0,45,2.272305837869645,-8.118753902839892,-6.409558089574178
7953,do,0.05,0.0,70,1.3494933342933653,-7.235749159437237,-6.955097516377767
7954,pp,0.05,0.0,7,0.06130068898201024,-5.546118779615923,-4.7402632262971665
7955,do,0.05,0.0,61,3.2114480590820316,-6.341281585982352,-5.7996353493796455
7956,pp,0.05,0.0,70,2.791614046096802,-5.7577561233982895,-4.956079732047187
7957,do,0.05,0.0,13,1.3721571576595313,-5.696385984709768,-5.373690419726902
7958,pp,0.05,0.0,24,1.685955688953399,-9.440055022095189,-8.18763692908817
7959,do,0.05,0.0,22,3.614818783998489,-5.6817300709811125,-5.649277634090847
7960,pp,0.05,0.0,32,2.9449334299564356,-7.0778452772082705,-5.56362341509925
7961,do,0.05,0.0,4,0.17191128730773908,-4.876292842807191,-4.344187307357788
7962,pp,0.05,0.0,14,1.1537359523773194,-4.978738172126539,-4.033980144394769
7963,do,0.05,0.0,20,2.136435196399689,-5.677636559804281,-4.932413408491347
7964,pp,0.05,0.0,7,0.15500317811965925,-5.559751506285234,-4.685801921950446
7965,do,0.05,0.0,70,0.8899824273586274,-6.898058735240589,-6.105296998553806
7966,pp,0.05,0.0,40,0.3156688761711113,-7.9703647916967215,-6.2725450012418955
7967,do,0.05,0.0,43,6.645267951488494,-5.949617949399081,-5.865886282920838
7968,pp,0.05,0.0,40,2.5365812277793873,-6.0241862658298375,-4.9836089862717525
7969,do,0.05,0.0,70,3.8235522949695593,-7.012042213208748,-6.630291657977634
7970,pp,0.05,0.0,14,1.3267288076877595,-5.612731682170521,-4.662266911400689
7971,do,0.05,0.0,8,1.6252679944038393,-5.2343307986403955,-4.84427421092987
7972,pp,0.05,0.0,17,0.3861835253238679,-5.769214296340943,-4.806305185953776
7973,do,0.05,0.0,37,1.4597411799430855,-6.535331558458733,-5.978569242689344
7974,pp,0.05,0.0,24,0.5346508502960203,-6.1155003287575465,-5.2890437841415405
7975,do,0.05,0.0,22,3.1708060312271122,-4.736352757251624,-4.694938725895351
7976,pp,0.05,0.0,31,3.9303913772106176,-4.728525746952403,-3.980181654294332
7977,do,0.05,0.0,68,2.6055198717117314,-6.935885349909465,-6.720636783705817
7978,pp,0.05,0.0,13,1.9286822950840001,-6.017135150504835,-4.9941489696502686
7979,do,0.05,0.0,38,2.1336760091781617,-6.355100520451864,-6.069814332326254
7980,pp,0.05,0.0,11,0.45627052545547464,-4.947368423866503,-4.225289407041338
7981,do,0.05,0.0,23,2.3914102017879486,-8.534159580866495,-7.459717040591769
7982,pp,0.05,0.0,12,1.559409487247466,-5.768735189148874,-4.805559335814582
7983,do,0.05,0.0,50,1.8176430368423464,-8.155726944316518,-8.898210877842374
7984,pp,0.05,0.0,7,0.7220113480091088,-4.682971140832612,-3.911890063020918
7985,do,0.05,0.0,17,2.5831719422340385,-5.293355934547655,-4.756240084436205
7986,pp,0.05,0.0,10,1.5519414305686947,-5.477905331235943,-4.561119802792867
7987,do,0.05,0.0,33,1.5757997071743013,-5.553343134215384,-7.510420629713271
7988,pp,0.05,0.0,54,2.581056761741638,-5.381613104271167,-4.54878627591663
7989,do,0.05,0.0,15,0.6559336149692534,-5.047769214167739,-4.866696511374579
7990,pp,0.05,0.0,28,1.711694291830062,-5.757986854784416,-5.0156007342868385
7991,do,0.05,0.0,21,2.598131539821625,-5.46481833746939,-4.981482680638631
7992,pp,0.05,0.0,18,1.067903232574463,-5.650885311762492,-4.8692494299676685
7993,do,0.05,0.0,17,3.0892118489742275,-6.325221704714226,-5.455351074536641
7994,pp,0.05,0.0,5,0.6450579464435577,-5.042699735814875,-4.31108214325375
7995,do,0.05,0.0,70,2.466945816278458,-6.432023807005449,-7.025926534334818
7996,pp,0.05,0.0,10,0.6775819146633149,-6.047613886630896,-4.909094783994886
7997,do,0.05,0.0,29,2.4760097718238834,-5.318511358896891,-5.077185654640198
7998,pp,0.05,0.0,34,1.7955584180355073,-6.023867910558527,-4.98059835963779
7999,do,0.05,0.0,29,2.0679697942733757,-5.211662068511501,-4.6232428736156885
8000,pp,0.05,0.0,8,0.06752167940139842,-4.925056700272994,-4.363444752163357
8001,do,0.05,0.0,7,0.5501532196998591,-5.2526344747254345,-5.154544674025642
8002,pp,0.05,0.0,7,0.4464774918556209,-5.366179060213494,-4.445083967844645
8003,do,0.05,0.0,4,0.8886309206485743,-4.867050542253437,-4.603407396210565
8004,pp,0.05,0.0,5,0.41979513764381426,-6.759895054499308,-5.212273327509562
8005,do,0.05,0.0,28,1.2643154811859132,-6.834929781249075,-6.616832849714491
8006,pp,0.05,0.0,5,0.03877808451652509,-5.656554675824714,-4.584759744008382
8007,do,0.05,0.0,5,0.13488808035850486,-4.447429259618123,-4.4408809449937605
8008,pp,0.05,0.0,24,1.3696403944492337,-6.238352740894665,-5.512884251276652
8009,do,0.05,0.0,6,0.44355102181434614,-4.517553171967015,-4.335071155760024
8010,pp,0.05,0.0,5,0.3691786885261532,-5.054249380574082,-4.503923715485467
8011,do,0.05,0.0,7,0.18918293952941934,-5.346538254708955,-5.152869860331218
8012,pp,0.05,0.0,5,0.5905935192108149,-4.9545963966485225,-4.058784895473057
8013,do,0.05,0.0,65,2.1566035008430475,-6.314112225445834,-6.319355331526863
8014,pp,0.05,0.0,6,0.04705443024635336,-5.507711679285223,-4.687187761730618
8015,do,0.05,0.0,3,0.15608334422111536,-4.471989596973766,-4.207722926139832
8016,pp,0.05,0.0,8,0.5229772710800171,-5.250067202250163,-4.445510130458408
8017,do,0.05,0.0,6,0.8561214649677273,-4.922325563430786,-5.098259806632996
8018,pp,0.05,0.0,5,0.18861613154411305,-5.321348561662616,-4.6946801556481255
8019,do,0.05,0.0,7,1.3316549265384676,-4.4015263499635635,-4.390648116005791
8020,pp,0.05,0.0,4,1.235707545280456,-5.013856095978708,-4.203922250535753
8021,do,0.05,0.0,8,0.9809876489639286,-5.057530865524754,-4.621829814381069
8022,pp,0.05,0.0,7,1.4263775920867916,-5.5585028344934635,-4.24202573299408
8023,do,0.05,0.0,35,1.5930111145973207,-7.274338811816591,-6.997603864139981
8024,pp,0.05,0.0,6,1.4992526209354402,-5.27025557864796,-4.511309170722962
8025,do,0.05,0.0,20,1.2552199721336361,-9.191589605447017,-8.587104233105977
8026,pp,0.05,0.0,6,0.9847392392158509,-6.581334063501069,-5.32638193766276
8027,do,0.05,0.0,14,1.0913609528541564,-5.417275649851018,-5.04225832356347
8028,pp,0.05,0.0,7,1.043686522245407,-5.3850721229206435,-4.3746410422854956
8029,do,0.05,0.0,10,1.4735304880142213,-5.299679423823501,-5.014376391304864
8030,pp,0.05,0.0,5,0.982717576026916,-5.397614403926965,-4.594066007932027
8031,do,0.05,0.0,70,1.0025208222866056,-7.199357950326168,-6.451242208480835
8032,pp,0.05,0.0,70,1.8937641561031349,-7.889132441896381,-6.295011941591898
8033,do,0.05,0.0,5,-0.1497525393962862,-4.882360689567797,-4.5975115882025825
8034,pp,0.05,0.0,6,0.33178039789199865,-5.074362728812478,-4.5002530839708115
8035,do,0.05,0.0,7,0.7670571243762971,-4.992321366974802,-5.6501246028476295
8036,pp,0.05,0.0,6,0.9796958065032957,-5.088588707374804,-4.310569916831122
8037,do,0.05,0.0,70,-0.35864585638046265,-7.846132844867128,-8.248934989505344
8038,pp,0.05,0.0,18,1.7576896834373477,-5.677123719995672,-4.8860398557451035
8039,do,0.05,0.0,10,0.5624327242374418,-5.351184464945938,-5.4079406499862674
8040,pp,0.05,0.0,4,0.18985234618186997,-4.85309378306071,-4.231785194079081
8041,do,0.05,0.0,7,0.6838795936107633,-5.66377018437241,-5.2298874510659115
8042,pp,0.05,0.0,5,0.9977732396125791,-5.304048869104096,-4.5146096309026085
8043,do,0.05,0.0,7,0.41416615605354323,-5.103611379681212,-4.975146677758959
8044,pp,0.05,0.0,5,-0.44540617227554335,-5.207072002237493,-4.635858164893256
8045,do,0.05,0.0,6,0.32414534568786557,-5.0815039172317045,-4.848397358258565
8046,pp,0.05,0.0,6,0.12992449998855538,-5.152146538821134,-4.396269930733575
8047,do,0.05,0.0,4,0.19911985278129496,-5.209456107110688,-4.969326572948032
8048,pp,0.05,0.0,4,0.6077706861495971,-5.186056739633734,-4.194779902034336
8049,do,0.05,0.0,21,0.8343594670295715,-6.74017026496656,-6.216751631100973
8050,pp,0.05,0.0,6,1.0149656081199643,-4.569645672133475,-4.043600389692519
8051,do,0.05,0.0,70,0.8716397166252143,-7.727361044739232,-7.464308187696669
8052,pp,0.05,0.0,4,-0.11756314396858158,-5.194213935100671,-4.6946584463119505
8053,do,0.05,0.0,12,1.527863054275513,-8.402375874374853,-7.5715573787689205
8054,pp,0.05,0.0,8,1.4569872665405272,-6.295064008597172,-4.849983949131436
8055,do,0.05,0.0,15,2.074618157148361,-4.562902333519675,-4.241068653265635
8056,pp,0.05,0.0,12,1.9539004480838775,-6.791797338832509,-5.311828064918518
8057,do,0.05,0.0,15,2.3696973812580104,-4.8895054687153205,-4.24669500456916
8058,pp,0.05,0.0,10,1.969977824687958,-5.839547131278298,-4.682299971580505
8059,do,0.05,0.0,11,0.5644209063053136,-5.954344956080119,-5.453971211115519
8060,pp,0.05,0.0,5,0.8847173368930816,-4.99520455418211,-4.439214110374451
8061,do,0.05,0.0,5,0.551543715000153,-4.939709092631484,-4.671556774775187
8062,pp,0.05,0.0,8,1.2043935918807982,-4.741462730638909,-4.052518298890855
8063,do,0.05,0.0,15,1.0115450084209439,-5.581881028955633,-5.163796570565966
8064,pp,0.05,0.0,26,0.9684568274021146,-6.124562007730657,-5.054458663198683
8065,do,0.05,0.0,27,2.5429293882846826,-5.092355781612974,-4.930140566825867
8066,pp,0.05,0.0,8,0.6523489594459537,-4.995727887298122,-4.122148360146417
8067,do,0.05,0.0,30,2.623081754446029,-6.225138370918505,-6.057095371352302
8068,pp,0.05,0.0,8,1.593774087429047,-4.841651484460542,-4.172947494188945
8069,do,0.05,0.0,58,2.8552546322345735,-7.92021962223631,-6.708411338594225
8070,pp,0.05,0.0,7,1.0396408200263973,-5.006833995472301,-4.181019470426771
8071,do,0.05,0.0,42,1.3450252008438115,-6.677564905629014,-6.417326527171665
8072,pp,0.05,0.0,18,2.8842613375186916,-4.304934584010731,-3.7634442302915785
8073,do,0.05,0.0,24,2.4553030598163605,-5.657989655119,-5.647256122695075
8074,pp,0.05,0.0,47,1.8833458685874938,-7.182550145640517,-6.310722094111973
8075,do,0.05,0.0,17,1.941712510585785,-6.655859963099162,-6.914046075608995
8076,pp,0.05,0.0,6,1.0152937233448034,-5.4651558384750825,-4.482766101095412
8077,do,0.05,0.0,6,0.39162802100181526,-4.943646029270057,-4.544888520240784
8078,pp,0.05,0.0,12,1.970816638469696,-4.463059903636124,-3.7833995832337273
8079,do,0.05,0.0,7,0.4554926848411567,-5.528498895240553,-5.328028986189101
8080,pp,0.05,0.0,7,1.4940014863014222,-4.809410791686087,-4.17919663588206
8081,do,0.05,0.0,26,0.6613399636745454,-6.604974804502545,-5.663991528087192
8082,pp,0.05,0.0,34,0.5663115239143384,-8.752694348132971,-7.611563362015618
8083,do,0.05,0.0,20,1.9093645286560061,-6.202491926424431,-6.974168756273058
8084,pp,0.05,0.0,28,1.7257704174518587,-7.593319759946881,-5.857393974728055
8085,do,0.05,0.0,70,-0.4956914186477661,-9.660566887711033,-10.545513015323214
8086,pp,0.05,0.0,5,0.4926804780960081,-4.728600863254432,-4.122098435295952
8087,do,0.05,0.0,42,0.3192347836494438,-7.073057501243823,-7.347021145290799
8088,pp,0.05,0.0,4,0.08617911219596852,-5.091686351371534,-4.440462631649441
8089,do,0.05,0.0,37,0.8729132997989648,-6.907250105250966,-7.609064814779494
8090,pp,0.05,0.0,5,0.8176873016357424,-5.022184785207113,-4.35095517900255
8091,do,0.05,0.0,28,2.31488090991974,-6.313347502910729,-5.837962600919935
8092,pp,0.05,0.0,7,1.105792543888092,-4.700458067113703,-4.038397916158041
8093,do,0.05,0.0,70,0.5609755957126623,-8.759906500036067,-9.474105564753215
8094,pp,0.05,0.0,9,0.868230113983155,-5.36685578028361,-4.714842155244615
8095,do,0.05,0.0,70,1.1611658012866979,-6.88746052944299,-6.122999885347155
8096,pp,0.05,0.0,16,1.7767124247550958,-5.666028469259088,-4.840925362375048
8097,do,0.05,0.0,61,4.472768298387528,-6.434033049959125,-5.712576278050741
8098,pp,0.05,0.0,11,2.223273996114732,-5.855915383136634,-4.754494423336453
8099,do,0.05,0.0,70,1.9013240110874179,-6.628117474642667,-7.504038688871596
8100,pp,0.05,0.0,30,2.0620973110198966,-6.684600661017678,-5.338369483417935
8101,do,0.05,0.0,36,1.343270204067231,-7.682606215910478,-6.76063023938073
8102,pp,0.05,0.0,27,2.547173011302948,-6.7458771647828994,-5.7795748551686605
8103,do,0.05,0.0,24,2.1440953183174134,-5.961931331229932,-5.020639242066277
8104,pp,0.05,0.0,14,0.3609952616691592,-5.857792264764959,-4.889258209864298
8105,do,0.05,0.0,27,3.388390411138535,-7.510950526324185,-6.0584755659103395
8106,pp,0.05,0.0,8,2.06204969882965,-6.113262254541571,-5.102142273055183
8107,do,0.05,0.0,13,0.3736739683151242,-4.844025455821644,-4.490817536248101
8108,pp,0.05,0.0,9,0.22186803817749023,-5.28086118553624,-4.584914146529304
8109,do,0.05,0.0,25,0.7595109558105468,-7.60547086686799,-7.0520102977752686
8110,pp,0.05,0.0,3,0.667462960481644,-5.123659909855236,-4.455314834912618
8111,do,0.05,0.0,10,0.17820201039314298,-7.089284266847553,-6.039680107434591
8112,pp,0.05,0.0,10,1.7053879070281983,-6.436294119285814,-5.287565633985731
8113,do,0.05,0.0,25,0.223866415023803,-7.578074224067457,-7.676060236824883
8114,pp,0.05,0.0,5,0.07870915651321475,-5.003344693328395,-4.560374410947164
8115,do,0.05,0.0,66,0.8790297555923461,-7.2102142695224645,-7.107930416531033
8116,pp,0.05,0.0,6,1.5676129031181336,-5.211946241783373,-4.3507161511315235
8117,do,0.05,0.0,29,4.136419099569321,-6.957078997294108,-6.182358781496684
8118,pp,0.05,0.0,7,0.8872283637523655,-5.375395384701815,-4.487078110376994
8119,do,0.05,0.0,40,0.390287309885025,-7.4055818052002875,-6.261286838849386
8120,pp,0.05,0.0,15,1.3984882330894477,-5.551218580477165,-4.710875617133246
8121,do,0.05,0.0,23,2.8290517735481258,-6.085789177634499,-6.202147120899625
8122,pp,0.05,0.0,9,1.295493111610413,-5.57405409523935,-4.690828585624695
8123,do,0.05,0.0,15,1.831815986633301,-6.336226125196977,-5.658608521355523
8124,pp,0.05,0.0,5,0.7317753159999842,-5.142402877229633,-4.114053135448032
8125,do,0.05,0.0,25,1.6240050590038297,-5.402314358046561,-4.943305916256374
8126,pp,0.05,0.0,6,0.40879656672477704,-5.443540945920077,-4.426270789570278
8127,do,0.05,0.0,32,1.3472051107883445,-7.398123921770038,-7.253876410590278
8128,pp,0.05,0.0,6,0.767112436294556,-5.7267448815432465,-4.770767580138313
8129,do,0.05,0.0,10,0.7895367646217348,-5.05482535795732,-4.858705931239658
8130,pp,0.05,0.0,7,0.19185817003250083,-5.029827470490427,-4.480443008740743
8131,do,0.05,0.0,19,1.1235664498805997,-6.951834895394065,-7.149955537584093
8132,pp,0.05,0.0,16,2.3080787348747247,-6.91510674014236,-6.080688730875651
8133,do,0.05,0.0,69,1.7623369717597956,-9.242533891851252,-8.25181917614407
8134,pp,0.05,0.0,8,0.5691141688823702,-5.329731776497581,-4.658695726924472
8135,do,0.05,0.0,4,0.44383816599845893,-5.877977852387862,-5.315233492851258
8136,pp,0.05,0.0,4,0.19351060867309577,-5.011709635185473,-4.341931772232056
8137,do,0.05,0.0,19,1.0386918675899501,-7.013938019492409,-6.70184244579739
8138,pp,0.05,0.0,14,1.4004440927505497,-5.7194536050160725,-4.852142159144083
8139,do,0.05,0.0,5,0.3589648211002343,-6.736837139996616,-6.4449230962329445
8140,pp,0.05,0.0,5,0.5793757283687588,-5.913328783439868,-4.9467762973573475
8141,do,0.05,0.0,26,2.520065964460372,-6.0915691028941765,-5.556137906180488
8142,pp,0.05,0.0,3,0.1458736860752099,-5.370640396349358,-4.456102961964078
8143,do,0.05,0.0,6,0.6244021749496458,-6.461673225056042,-6.108319709036086
8144,pp,0.05,0.0,5,0.5507039225101469,-5.888185199101766,-5.248225810792711
8145,do,0.05,0.0,8,0.35441936373710625,-5.697107747106841,-5.281685580147637
8146,pp,0.05,0.0,11,1.9923498022556307,-5.521965495022861,-4.560574452082316
8147,do,0.05,0.0,12,1.5102061307430272,-5.931365476955067,-5.524410761727227
8148,pp,0.05,0.0,8,0.49869906663894614,-6.217802946495287,-4.765676736831665
8149,do,0.05,0.0,18,2.0231619930267337,-6.254843198891842,-5.40293251408471
8150,pp,0.05,0.0,6,1.6273493313789373,-4.834360440572103,-3.835663588841756
8151,do,0.05,0.0,12,1.5513188350200657,-6.1693319999810425,-6.1297526359558105
8152,pp,0.05,0.0,21,1.8562907612323762,-8.155341552965568,-6.966852082146539
8153,do,0.05,0.0,6,0.9182193076610563,-5.349861938303167,-4.963678216934204
8154,pp,0.05,0.0,28,1.6642974734306328,-5.960053334091649,-5.205262070231967
8155,do,0.05,0.0,36,1.9384145033359532,-5.888806655190208,-5.983454275131225
8156,pp,0.05,0.0,9,1.6546364116668695,-5.024393366322373,-4.318593321906196
8157,do,0.05,0.0,70,1.7470111894607552,-9.089561945019346,-9.44150013393826
8158,pp,0.05,0.0,7,1.1448397552967071,-5.4128522251591535,-4.339626897705926
8159,do,0.05,0.0,32,4.176293914318085,-6.621563193292329,-6.395398958524068
8160,pp,0.05,0.0,4,1.1940199744701392,-5.079126284339211,-4.2904257006115385
8161,do,0.05,0.0,27,4.072753375768661,-5.54222889958006,-5.8454155365626015
8162,pp,0.05,0.0,12,2.350451282262802,-4.638472300587279,-4.0433320045471195
8163,do,0.05,0.0,4,0.4423965537548069,-5.525427198410034,-4.9186105012893675
8164,pp,0.05,0.0,7,1.5651053500175482,-4.583754431117665,-4.002670009930928
8165,do,0.05,0.0,18,2.2195385599136355,-5.228738117218017,-5.057398449050056
8166,pp,0.05,0.0,6,1.0916721987724296,-5.081883249860821,-4.357135428322686
8167,do,0.05,0.0,34,1.316033955812454,-6.362297972765836,-5.796154594421386
8168,pp,0.05,0.0,10,2.3690014421939853,-6.10558439023567,-5.208085989952087
8169,do,0.05,0.0,15,2.0622262084484095,-4.884454747402307,-4.180124566290114
8170,pp,0.05,0.0,19,1.5161145043373105,-6.4149744322805695,-5.629184452692668
8171,do,0.05,0.0,9,1.582439196109772,-8.403113443201239,-6.961946802669101
8172,pp,0.05,0.0,4,0.8754287540912626,-6.8388574600219725,-5.353931617736817
8173,do,0.05,0.0,28,2.334792138338088,-6.408593697981401,-6.692629469765557
8174,pp,0.05,0.0,8,0.9522885572910313,-5.203502844319199,-4.745447201199002
8175,do,0.05,0.0,28,2.20522301197052,-6.100432486967607,-5.038463515705533
8176,pp,0.05,0.0,13,1.595864310264588,-6.28683577595335,-5.3395942317114935
8177,do,0.05,0.0,36,2.150435736179352,-5.334081250971014,-4.873655282126533
8178,pp,0.05,0.0,38,1.7710478794574742,-5.908055887800274,-5.0099694119559395
8179,do,0.05,0.0,46,3.6076636087894434,-6.263987218972408,-6.150222704145643
8180,pp,0.05,0.0,9,1.4763770925998694,-5.6214293147578385,-4.624689496888054
8181,do,0.05,0.0,17,1.9833738613128657,-6.73216691161647,-7.789348877800835
8182,pp,0.05,0.0,35,2.7753109216690053,-9.609407659010454,-8.163956170611911
8183,do,0.05,0.0,26,2.2613859438896178,-5.209528517000603,-4.796700228585137
8184,pp,0.05,0.0,12,2.2970523560047154,-5.274981280529138,-4.078918426566654
8185,do,0.05,0.0,42,1.8909501814842224,-5.518176192948313,-4.833563065528869
8186,pp,0.05,0.0,17,1.1386218965053558,-6.086851020292802,-4.715854379865858
8187,do,0.05,0.0,59,3.3600132286548616,-6.2713544094201294,-5.616179333792792
8188,pp,0.05,0.0,6,1.0058125579357142,-4.852805524883848,-4.238594195577833
8189,do,0.05,0.0,8,0.9573464632034296,-5.50705493146723,-4.89787576728397
8190,pp,0.05,0.0,6,1.1872187960147862,-4.589328281807177,-4.183036833339267
8191,do,0.05,0.0,39,3.114999414682387,-7.256071583429972,-8.243414296044243
8192,pp,0.05,0.0,13,2.2008459067344663,-5.122443069111217,-4.382859030034807
8193,do,0.05,0.0,31,1.5912858283519737,-7.35102495135683,-6.577800936169094
8194,pp,0.05,0.0,7,0.9813603341579444,-4.792981659282337,-4.17645583152771
8195,do,0.05,0.0,30,1.1735595321655286,-7.619896697998047,-6.376489951875475
8196,pp,0.05,0.0,9,0.985146040916443,-5.128199848984227,-4.4810421122445
8197,do,0.05,0.0,18,2.224618483781815,-5.117157366781524,-4.545210430357192
8198,pp,0.05,0.0,14,2.2112183237075813,-5.743487972201723,-4.380366060468885
8199,do,0.05,0.0,4,0.37652044653892514,-5.532254522497004,-5.032217129071554
8200,pp,0.05,0.0,9,1.7166823983192447,-4.60402375423547,-3.98887927002377
8201,do,0.05,0.0,28,2.856563280820847,-8.511027470501986,-7.760940975613064
8202,pp,0.05,0.0,60,1.777670774459839,-15.493885294596355,-11.514934380849203
8203,do,0.05,0.0,59,2.7880358171462998,-8.574327662496856,-8.789644723468356
8204,pp,0.05,0.0,48,1.5531783473491672,-9.51808834509416,-8.367241149478488
8205,do,0.05,0.0,33,1.7604247355461116,-9.064164978085142,-7.683147014511956
8206,pp,0.05,0.0,4,0.4000762104988098,-4.8513971025293525,-4.184090603722466
8207,do,0.05,0.0,29,4.110047739744187,-4.925823103297841,-4.752039284176297
8208,pp,0.05,0.0,70,1.7484214448928839,-10.005800906094638,-8.703320948282878
8209,do,0.05,0.0,22,1.752979179620743,-4.96585811846184,-4.248045905431112
8210,pp,0.05,0.0,10,0.4532775378227232,-6.109484634977399,-4.978705321417914
8211,do,0.05,0.0,50,4.160100393295288,-6.319749707886667,-6.146169013447231
8212,pp,0.05,0.0,16,1.505794479846954,-7.52254996733232,-5.776065108511183
8213,do,0.05,0.0,22,3.7681807887554166,-5.1647259293180525,-4.497703189320035
8214,pp,0.05,0.0,6,1.1376226699352259,-5.426703763730599,-4.559091888533699
8215,do,0.05,0.0,13,0.4025559544563295,-5.805191427288634,-5.181828639242384
8216,pp,0.05,0.0,9,1.2347959196567535,-4.9651756532264475,-4.113940693272484
8217,do,0.05,0.0,22,2.1196900355815886,-6.027265833363389,-5.4297030210495
8218,pp,0.05,0.0,8,1.0678760123252866,-5.0089708053704465,-4.288756100336711
8219,do,0.05,0.0,43,1.8866357421875,-5.234962230740171,-5.18798434469435
8220,pp,0.05,0.0,12,1.9123342823982243,-5.728361025723544,-4.194691628879971
8221,do,0.05,0.0,16,3.2741958928108224,-7.0505754788716635,-6.121832195917765
8222,pp,0.05,0.0,6,1.5867453789710995,-4.664139474521984,-3.7897062063217164
8223,do,0.05,0.0,70,1.7379235053062443,-7.310851975643273,-7.7581676006317135
8224,pp,0.05,0.0,5,0.3827277231216426,-5.518661568381569,-4.842134091589186
8225,do,0.05,0.0,11,2.0172273647785186,-4.16997779788393,-3.951173320081499
8226,pp,0.05,0.0,45,1.0055349087715157,-11.133231908624822,-9.728350337346395
8227,do,0.05,0.0,15,1.1748168182373044,-4.396018979043672,-4.125741424825456
8228,pp,0.05,0.0,40,1.2054667305946358,-6.9584403153621786,-5.8367336776521475
8229,do,0.05,0.0,17,1.6415448451042183,-4.4887107704624984,-4.195677468511794
8230,pp,0.05,0.0,20,2.2750761592388153,-5.334248486432162,-4.650216812557645
8231,do,0.05,0.0,13,1.3170612895488736,-4.655076464017232,-4.568491429752774
8232,pp,0.05,0.0,36,2.2791906154155726,-7.730399919278694,-6.796742354498969
8233,do,0.05,0.0,8,0.7846166586875913,-4.671734977490974,-4.678514022297329
8234,pp,0.05,0.0,6,0.4228062987327581,-5.513606714479851,-4.529607452286614
8235,do,0.05,0.0,16,2.15716310620308,-4.836017946763472,-4.574876446194119
8236,pp,0.05,0.0,35,3.523216900825499,-5.983272949854533,-5.34954493575626
8237,do,0.05,0.0,9,1.0677682161331177,-4.610319737232093,-4.456186572710673
8238,pp,0.05,0.0,42,2.1538276660442364,-6.241219542243264,-5.410701921251085
8239,do,0.05,0.0,61,1.5475012922286986,-7.555558879447706,-7.2872973839441935
8240,pp,0.05,0.0,70,2.120106620788574,-7.209168740474817,-5.941908020443386
8241,do,0.05,0.0,5,0.4793612456321714,-5.524874447331284,-5.049445549647014
8242,pp,0.05,0.0,6,0.07712110757827784,-6.275149277484778,-5.365826352437337
8243,do,0.05,0.0,16,1.7093660962581634,-4.46306024464694,-4.305292761325836
8244,pp,0.05,0.0,21,2.1110551059246063,-5.685672195029981,-4.9183499097824095
8245,do,0.05,0.0,9,1.653981325626373,-6.327807011748805,-5.695490696695116
8246,pp,0.05,0.0,41,1.7436378049850472,-10.716274943496241,-9.318273909886678
8247,do,0.05,0.0,5,0.6056466412544248,-4.506562238751036,-4.282903989156087
8248,pp,0.05,0.0,37,2.087170979976653,-9.029860091931893,-7.92697196536594
8249,do,0.05,0.0,8,0.7345077228546142,-6.326936567190922,-5.7507323212093775
8250,pp,0.05,0.0,9,0.9716541695594785,-5.734423565142082,-4.874404833051893
8251,do,0.05,0.0,14,1.8058881521224972,-5.172221702517885,-4.784021300739712
8252,pp,0.05,0.0,13,2.1286254608631126,-6.637774140907056,-5.399077667130364
8253,do,0.05,0.0,11,1.0438435447216028,-4.936165769172438,-5.036668533749051
8254,pp,0.05,0.0,18,0.918279376029969,-6.119897595318881,-5.268061664369371
8255,do,0.05,0.0,13,1.2593797087669376,-4.404461326021137,-4.096319230397542
8256,pp,0.05,0.0,11,1.535219535827637,-5.316845508055254,-4.625012938181559
8257,do,0.05,0.0,17,0.6916212427616122,-5.230109417077267,-4.873172908359104
8258,pp,0.05,0.0,23,1.9985013246536258,-5.351788081544818,-4.840776843494839
8259,do,0.05,0.0,19,1.8623631203174593,-5.094778805068045,-4.704067781236437
8260,pp,0.05,0.0,12,1.8583943998813632,-4.734764438686949,-4.25832577281528
8261,do,0.05,0.0,23,-0.058370087146759175,-8.763897223906083,-7.389461996820238
8262,pp,0.05,0.0,22,3.031850343942642,-7.020268911303896,-5.649162128236559
8263,do,0.05,0.0,8,0.277235519886017,-4.829257098111239,-4.596398402584923
8264,pp,0.05,0.0,16,1.390632719993591,-6.065788419318921,-5.215329522556729
8265,do,0.05,0.0,10,0.5073795390129092,-5.539771046782985,-4.9933200624254015
8266,pp,0.05,0.0,12,1.9248878014087678,-5.197951847134214,-4.6592865175671045
8267,do,0.05,0.0,12,0.8765339982509612,-5.059388861511692,-4.700867675410377
8268,pp,0.05,0.0,31,0.9925898706912992,-7.229514919627796,-5.6921048879623415
8269,do,0.05,0.0,5,0.3936826980113981,-5.339748541514079,-4.641630350218879
8270,pp,0.05,0.0,5,0.773105170726776,-4.752609955180775,-4.163311305310991
8271,do,0.05,0.0,18,1.6195826613903037,-4.699005154407385,-4.414159872796801
8272,pp,0.05,0.0,9,1.3349064898490903,-4.352596226605502,-3.9304403397772045
8273,do,0.05,0.0,39,2.897199735641479,-7.362656678575458,-6.599669398201836
8274,pp,0.05,0.0,16,2.1055456805229182,-5.489700661283551,-4.862707985772027
8275,do,0.05,0.0,18,1.8969693648815147,-6.018094416820642,-5.34094189008077
8276,pp,0.05,0.0,6,1.3701161813735965,-5.753907254247954,-5.149440945519341
8277,do,0.05,0.0,21,1.968962327241898,-5.004761902491252,-4.867570190959507
8278,pp,0.05,0.0,14,2.5388212966918946,-6.624249683726918,-5.980250175793966
8279,do,0.05,0.0,47,0.5640939664840694,-6.083471942670418,-5.267692560619778
8280,pp,0.05,0.0,11,1.971618735790253,-4.397170133301706,-3.972767726580302
8281,do,0.05,0.0,29,3.522012702226638,-8.791537140354965,-6.908241102430556
8282,pp,0.05,0.0,50,1.5581690788269036,-12.05600166609793,-9.66076242658827
8283,do,0.05,0.0,55,0.5034654831886289,-11.111741723436298,-9.59213019741906
8284,pp,0.05,0.0,7,0.6246941673755639,-5.688348903078022,-4.849702082739936
8285,do,0.05,0.0,10,1.7220657956600194,-5.19616781726028,-4.5772704972161185
8286,pp,0.05,0.0,7,0.614968339204788,-5.242371163223729,-4.708769292301602
8287,do,0.05,0.0,20,2.5360241973400113,-5.667534050796971,-4.789089547263251
8288,pp,0.05,0.0,6,1.0215037882328035,-5.043227916775328,-4.524567974938287
8289,do,0.05,0.0,28,1.6637290251255035,-6.146669639240612,-5.751486425929599
8290,pp,0.05,0.0,10,0.5804361927509314,-5.504975625240442,-4.691296497980754
8291,do,0.05,0.0,70,2.7657605624198904,-9.851416665857489,-8.960494560665554
8292,pp,0.05,0.0,20,1.6264278209209433,-7.4760499347339975,-6.372839623027378
8293,do,0.05,0.0,25,1.2757071125507347,-7.911211646686901,-6.762666257222493
8294,pp,0.05,0.0,51,2.6672498536109917,-9.310676235141177,-7.834010942776998
8295,do,0.05,0.0,26,3.1543392491340647,-5.825607869119355,-5.414353219668071
8296,pp,0.05,0.0,12,1.7250971734523777,-5.34637021151456,-4.7112706555260555
8297,do,0.05,0.0,5,0.38391307115554874,-5.904938473845974,-5.118612888124254
8298,pp,0.05,0.0,5,0.48843119502067633,-5.290418295426802,-4.343300159772237
8299,do,0.05,0.0,58,2.103301053047181,-9.780965688011863,-9.184639716148377
8300,pp,0.05,0.0,55,2.2446809756755837,-10.61475244435397,-9.279567138353984
8301,do,0.05,0.0,8,0.9337035107612603,-5.097684062610973,-4.551022855440776
8302,pp,0.05,0.0,5,0.393343061208725,-5.155328148061579,-4.377838280465868
8303,do,0.05,0.0,37,3.2023501372337337,-6.882941893375281,-7.716993297470941
8304,pp,0.05,0.0,11,1.7645037019252774,-4.867924443158237,-4.178580167558458
8305,do,0.05,0.0,29,3.5663018596172327,-7.276129672021577,-5.967265507909986
8306,pp,0.05,0.0,21,2.366798675060272,-6.4985599705667205,-5.360954549577501
8307,do,0.05,0.0,25,2.0084065973758696,-5.786696136359012,-5.248133362664117
8308,pp,0.05,0.0,23,2.3597288763523103,-6.811608386762215,-5.586395059691535
8309,do,0.05,0.0,15,1.1621195864677434,-6.2820071957328105,-5.673028511471219
8310,pp,0.05,0.0,27,0.9100006270408638,-6.416681778069698,-5.052664332919651
8311,do,0.05,0.0,2,-0.6188723683357233,-6.08217469851176,-5.399866625997755
8312,pp,0.05,0.0,70,2.76822698354721,-6.699847227154356,-5.773947450849745
8313,do,0.05,0.0,19,1.630304155349731,-6.894520726348414,-6.184285585085551
8314,pp,0.05,0.0,26,1.948006309270859,-6.4881429224303275,-5.300122369660271
8315,do,0.05,0.0,13,0.9956488204002385,-5.973019474202936,-5.866646700435215
8316,pp,0.05,0.0,17,1.7671683478355416,-5.735178050127897,-4.992487872971429
8317,do,0.05,0.0,20,2.077330703735351,-6.589884824463815,-5.834300963083903
8318,pp,0.05,0.0,18,2.5918482697010035,-4.782270630923184,-4.2230768813027275
8319,do,0.05,0.0,12,0.649271479845047,-5.462337274262399,-5.2118009010950725
8320,pp,0.05,0.0,19,1.6042611098289496,-6.334814278284709,-5.401226700676812
8321,do,0.05,0.0,3,-0.42921339631080624,-6.613792397759178,-5.771317418416341
8322,pp,0.05,0.0,19,0.7980398917198182,-6.79103949431217,-5.621685489018758
8323,do,0.05,0.0,19,1.4372211384773257,-7.427799953113903,-6.190747719340854
8324,pp,0.05,0.0,5,1.1791960692405699,-5.1274702418934215,-4.290642550256517
8325,do,0.05,0.0,13,0.4763868987560267,-6.017495393753052,-5.433584321869744
8326,pp,0.05,0.0,7,0.34035571694374145,-5.020944734053178,-4.174382551511129
8327,do,0.05,0.0,22,3.2533629631996153,-5.333987380519058,-4.359187278482649
8328,pp,0.05,0.0,10,1.9206729578971862,-4.758926001462069,-3.8026024765438504
8329,do,0.05,0.0,25,-0.03350806832313591,-8.935183522195526,-8.193691121207344
8330,pp,0.05,0.0,22,1.2545813143253328,-7.255619572148179,-6.527439676390754
8331,do,0.05,0.0,19,2.713685017824173,-7.230567942243634,-6.159952155749003
8332,pp,0.05,0.0,7,1.8880282354354856,-5.620738857442682,-4.596143669552273
8333,do,0.05,0.0,12,1.7129127287864678,-5.6389327843983965,-4.687705222765604
8334,pp,0.05,0.0,12,1.675543986558914,-4.462487810308283,-3.7823707381884257
8335,do,0.05,0.0,66,1.814280095100404,-9.976239785281095,-8.831717597113716
8336,pp,0.05,0.0,8,1.4726601290702819,-5.778738056529652,-4.724512100219727
8337,do,0.05,0.0,40,4.294704020023346,-5.552670107465802,-4.896909862094455
8338,pp,0.05,0.0,24,3.1686114740371707,-7.0809799685622705,-5.689224020640055
8339,do,0.05,0.0,34,0.9648586857318877,-6.843567473960645,-5.991312384605408
8340,pp,0.05,0.0,19,1.0140769362449644,-5.786366920760184,-5.067208409309387
8341,do,0.05,0.0,47,1.879688824415207,-7.515797682964441,-6.86098022196028
8342,pp,0.05,0.0,34,1.7148522913455961,-6.655527085968942,-5.698545855946011
8343,do,0.05,0.0,4,-0.11934003353118872,-5.941614101872299,-5.05573370191786
8344,pp,0.05,0.0,6,0.03577037572860675,-5.132252206224384,-4.521318531036377
8345,do,0.05,0.0,26,3.111013960838317,-6.563478576775753,-5.637027880880567
8346,pp,0.05,0.0,13,2.3375835967063905,-5.291381454467773,-4.544359185960558
8347,do,0.05,0.0,19,3.010853840112687,-6.625211650674993,-5.491492766804165
8348,pp,0.05,0.0,49,1.8174249601364139,-8.321506152008519,-7.117221434911092
8349,do,0.05,0.0,22,3.1692786574363705,-5.935984191027555,-5.7123580773671465
8350,pp,0.05,0.0,22,2.963961970806123,-6.916373254313614,-5.648553742302789
8351,do,0.05,0.0,18,2.2938019561767575,-6.431251145854141,-6.161187304390801
8352,pp,0.05,0.0,7,1.6395511257648474,-4.972448997786551,-4.252714496188694
8353,do,0.05,0.0,45,2.74206928372383,-5.636952700759426,-5.53626335726844
8354,pp,0.05,0.0,9,1.8301173651218416,-5.181132767417214,-4.806901907920837
8355,do,0.05,0.0,25,2.6172221016883848,-6.170103480599144,-5.367934621704949
8356,pp,0.05,0.0,16,2.2558769309520725,-6.398718633073749,-5.586828128496806
8357,do,0.05,0.0,23,1.8415342962741859,-7.492564876151808,-7.336379271083408
8358,pp,0.05,0.0,5,0.4920107316970821,-5.196207334056045,-4.745823497242398
8359,do,0.05,0.0,31,2.0456806635856637,-5.415159806338224,-4.972588666280111
8360,pp,0.05,0.0,6,0.8669429481029516,-4.925539801337502,-4.462035605642531
8361,do,0.05,0.0,17,2.1737993228435517,-7.344186451940826,-6.695376388231913
8362,pp,0.05,0.0,5,0.8339852046966554,-5.478322776158651,-4.562537614504496
8363,do,0.05,0.0,63,0.9668616747856138,-9.632168830524792,-8.332939836714003
8364,pp,0.05,0.0,12,0.9207735717296606,-5.521104270761663,-4.927694084909227
8365,do,0.05,0.0,32,4.098447239398957,-6.5500449758587465,-5.9813633786307445
8366,pp,0.05,0.0,9,1.4768596339225768,-4.913222626483802,-4.348303251796299
8367,do,0.05,0.0,17,1.926606967449188,-5.145876192324089,-5.181987237930298
8368,pp,0.05,0.0,7,0.741893997192383,-5.569599174730706,-4.989036944177416
8369,do,0.05,0.0,15,0.9517038893699645,-5.948252439498901,-5.926336455345154
8370,pp,0.05,0.0,10,1.6019467473030096,-5.051493062395038,-4.407012446721395
8371,do,0.05,0.0,16,2.1827126240730292,-4.748467881751783,-4.451226645045811
8372,pp,0.05,0.0,14,1.5338834214210513,-4.859987293590199,-4.144477495882247
8373,do,0.05,0.0,15,1.42235876083374,-4.871643949277473,-4.016346071826087
8374,pp,0.05,0.0,7,0.5009061384201043,-4.377429219448206,-3.83807348675198
8375,do,0.05,0.0,70,3.2799232447147366,-7.600055340564612,-7.943753321965535
8376,pp,0.05,0.0,9,1.8189186120033263,-5.512438970623594,-4.787131145265367
8377,do,0.05,0.0,22,2.5812265944480908,-5.360097568685358,-4.878826851314969
8378,pp,0.05,0.0,10,1.7641486620903013,-4.6389151833274145,-4.193610756927066
8379,do,0.05,0.0,25,1.146126987934113,-7.027366048639471,-6.683136542638143
8380,pp,0.05,0.0,54,0.9523406529426577,-8.148342820369836,-7.021923160552978
8381,do,0.05,0.0,33,1.5946893024444577,-6.862440063014175,-6.11600976785024
8382,pp,0.05,0.0,70,2.6080277335643762,-5.38033817320159,-4.9079987181557545
8383,do,0.05,0.0,33,2.4594270038604735,-5.866999932491418,-7.174188963572184
8384,pp,0.05,0.0,13,1.5086291742324827,-6.538846528891361,-5.672307433022393
8385,do,0.05,0.0,18,4.0728534686565405,-5.612157261010372,-4.897602093219757
8386,pp,0.05,0.0,14,1.6141966259479528,-5.065558371399388,-4.2357500380939905
8387,do,0.05,0.0,28,2.8135618531703948,-5.222663759462761,-5.47967042128245
8388,pp,0.05,0.0,32,0.8194161391258241,-8.095159698255134,-6.551325048340692
8389,do,0.05,0.0,43,3.1082792556285854,-6.213970197330822,-5.911336504088508
8390,pp,0.05,0.0,21,2.5580191016197205,-6.836206525744814,-5.84494554731581
8391,do,0.05,0.0,12,0.39265202522277853,-6.914002074617328,-6.06099259853363
8392,pp,0.05,0.0,4,0.5749058520793913,-5.676765102328676,-4.86679392390781
8393,do,0.05,0.0,45,5.108751434087753,-6.210341378414269,-6.582035994529724
8394,pp,0.05,0.0,43,3.6012649929523466,-7.352568398099957,-6.3678172959221735
8395,do,0.05,0.0,15,2.7754323923587796,-6.001822000561338,-5.28538650671641
8396,pp,0.05,0.0,58,3.3436647295951847,-7.177970250447591,-6.213562562730577
8397,do,0.05,0.0,28,3.1040050697326658,-4.917657314647328,-4.824027649561564
8398,pp,0.05,0.0,20,1.172394180297851,-6.710290728193341,-5.600781247350905
8399,do,0.05,0.0,10,1.6047425246238705,-5.832984587640473,-5.253504729270935
8400,pp,0.05,0.0,4,1.1289376020431519,-5.107986175652706,-4.275798723432753
8401,do,0.05,0.0,14,1.2003605961799622,-5.095526394699559,-4.312155930201213
8402,pp,0.05,0.0,7,0.9666523694992071,-5.122565646605058,-4.138765607939826
8403,do,0.05,0.0,32,2.909409711360932,-5.070727267409816,-5.016122206052144
8404,pp,0.05,0.0,39,1.0435784900188452,-9.634265716148144,-7.0400501542621186
8405,do,0.05,0.0,30,1.8269428205490108,-7.360650313984264,-6.388823861545987
8406,pp,0.05,0.0,24,3.1578924000263218,-7.666834896261042,-6.521904945373535
8407,do,0.05,0.0,30,0.42718525648117023,-7.019504713289665,-5.769678688049316
8408,pp,0.05,0.0,70,1.6065999460220342,-7.673012440132372,-6.117315957281325
8409,do,0.05,0.0,27,2.4625756633281712,-6.849837303161621,-6.365154597494337
8410,pp,0.05,0.0,50,3.4854744839668275,-8.731743951277299,-7.142725973659092
8411,do,0.05,0.0,70,2.553633478879929,-6.405834138754642,-5.806125643518236
8412,pp,0.05,0.0,21,1.1117708373069757,-7.564575732838024,-6.1748253318998545
8413,do,0.05,0.0,44,6.333137843608856,-5.568419122695923,-5.142587220668792
8414,pp,0.05,0.0,40,3.885349204540253,-6.746715700265133,-5.843748063511319
8415,do,0.05,0.0,46,3.475172038078308,-5.547127009883072,-4.979499435424804
8416,pp,0.05,0.0,44,2.1209124588966377,-7.667101823922359,-6.537647061877781
8417,do,0.05,0.0,34,3.7261878454685204,-4.902640780535611,-4.649907806184557
8418,pp,0.05,0.0,48,4.102564209699631,-7.179713598887125,-6.823114252090454
8419,do,0.05,0.0,70,3.3083656966686252,-6.746259047768333,-7.2840871969858805
8420,pp,0.05,0.0,10,2.0544406163692477,-5.0188832514213795,-4.291767687267727
8421,do,0.05,0.0,44,1.8115546500682829,-6.135630596045292,-5.568644873301188
8422,pp,0.05,0.0,23,2.602284554243088,-4.436274859399506,-3.917623563607534
8423,do,0.05,0.0,23,3.0142991626262656,-5.91458941228462,-5.480273503727383
8424,pp,0.05,0.0,21,3.1871145689487452,-5.5911502187902276,-4.9642899486753675
8425,do,0.05,0.0,39,3.5863961648941034,-5.825467423236732,-5.849567487504747
8426,pp,0.05,0.0,21,1.5679624843597413,-6.223032095938018,-5.2994934611850315
8427,do,0.05,0.0,45,3.5944803524017326,-6.379988702138265,-6.539362438519796
8428,pp,0.05,0.0,19,1.8459935998916617,-7.781774912458477,-6.560013606813219
8429,do,0.05,0.0,67,3.0913952052593228,-8.871404866016272,-8.730461147096422
8430,pp,0.05,0.0,24,2.3496062803268423,-6.918970742370143,-6.348863087760078
8431,do,0.05,0.0,31,1.0261567759513852,-6.829608784299908,-6.123034869299994
8432,pp,0.05,0.0,15,0.7977050149440768,-7.552512556133848,-5.950557761722141
8433,do,0.05,0.0,43,2.4091454827785492,-5.452123269167814,-5.000390100479126
8434,pp,0.05,0.0,63,2.98710684299469,-7.107132856773608,-6.442954746882121
8435,do,0.05,0.0,49,3.6123510873317723,-4.93094174934156,-4.535547059112125
8436,pp,0.05,0.0,9,1.7502428627014162,-4.4846435489076555,-3.9152908391422696
8437,do,0.05,0.0,41,3.926874597072602,-5.6062841661048655,-5.3053010622660315
8438,pp,0.05,0.0,22,2.053528362512589,-5.430183669292566,-4.684742228190104
8439,do,0.05,0.0,34,3.635051897764206,-5.856879266103109,-5.37555197874705
8440,pp,0.05,0.0,65,2.9175461864471437,-5.261011317282012,-4.681430904070536
8441,do,0.05,0.0,19,2.6839882409572606,-5.8520355224609375,-6.182619971699185
8442,pp,0.05,0.0,42,2.982172510623932,-5.969508915236502,-5.024461446868049
8443,do,0.05,0.0,24,1.5276582908630374,-5.014873659249508,-4.353475679291619
8444,pp,0.05,0.0,13,0.6776239609718324,-6.133882694533377,-5.20491071012285
8445,do,0.05,0.0,29,1.820771950483322,-5.228742400082675,-4.308105826377869
8446,pp,0.05,0.0,7,0.2142512190341952,-6.226717382488829,-5.178328620062934
8447,do,0.05,0.0,31,2.4739415144920347,-4.895385434410789,-4.385798337724474
8448,pp,0.05,0.0,70,1.5061405086517334,-7.188680317907623,-5.913564938969082
8449,do,0.05,0.0,5,0.9875538802146906,-5.310151954130693,-4.686498467127482
8450,pp,0.05,0.0,10,0.971464148759841,-8.808254587289058,-7.188437769148085
8451,do,0.05,0.0,3,0.09847981452941923,-4.934051344611428,-4.384997375806173
8452,pp,0.05,0.0,8,0.6831458318233485,-5.491352601484819,-4.600090432167053
8453,do,0.05,0.0,24,1.2683080840110783,-4.705584540511623,-4.51678303612603
8454,pp,0.05,0.0,14,1.5725318765640255,-6.215961401390307,-5.3755623552534315
8455,do,0.05,0.0,5,0.40159718871116645,-4.789959362781409,-4.619836828443739
8456,pp,0.05,0.0,69,2.1604160499572753,-10.371938121680058,-8.596080774731107
8457,do,0.05,0.0,8,-0.05847843289375376,-5.45554287072384,-5.0634674734539455
8458,pp,0.05,0.0,6,0.18567987084388715,-4.887143568559126,-4.300817423396641
8459,do,0.05,0.0,11,-0.51830956697464,-6.311431368914517,-5.8379132164849175
8460,pp,0.05,0.0,5,0.42567452788352966,-4.986411195812804,-4.397648249732123
8461,do,0.05,0.0,21,1.0896029233932492,-6.368809613314542,-5.445112869474623
8462,pp,0.05,0.0,8,1.1102091526985163,-5.544018294594505,-4.740878264109294
8463,do,0.05,0.0,70,-0.06065358519554209,-9.175628792155873,-8.34942102432251
8464,pp,0.05,0.0,8,0.7756512796878807,-5.488365209463871,-4.685801166958279
8465,do,0.05,0.0,10,0.8913177764415741,-5.55413198037581,-4.997964776886834
8466,pp,0.05,0.0,11,1.6762834990024569,-4.7357551011172205,-3.8929824259546066
8467,do,0.05,0.0,19,-0.004860893487929729,-6.649546007676558,-6.246568732791477
8468,pp,0.05,0.0,43,3.1330555224418637,-6.57933767636617,-5.151218258010017
8469,do,0.05,0.0,8,0.30537714481353717,-5.159716825774222,-4.663709195454915
8470,pp,0.05,0.0,70,0.6388131737709042,-8.123267958380959,-6.50056762960222
8471,do,0.05,0.0,31,1.36488676071167,-6.01949080842914,-5.633663145701091
8472,pp,0.05,0.0,70,1.454107068777084,-8.848758067506733,-6.010519848929511
8473,do,0.05,0.0,70,1.2867795896530154,-5.708246985348788,-5.504632088873121
8474,pp,0.05,0.0,54,1.4733126163482657,-7.101555074344982,-5.887597632408142
8475,do,0.05,0.0,32,1.1063432919979093,-7.663355664050941,-6.857278124491374
8476,pp,0.05,0.0,12,1.6324094164371488,-5.508735198685617,-4.104023869832357
8477,do,0.05,0.0,57,1.3991406452655797,-6.224144937052872,-5.654669135146671
8478,pp,0.05,0.0,37,2.3582336819171914,-7.8706268787384035,-6.729569061597188
8479,do,0.05,0.0,8,0.46696759462356585,-5.403062619584979,-5.030688688490126
8480,pp,0.05,0.0,6,0.799723868370056,-5.027038223093206,-4.259488693873087
8481,do,0.05,0.0,4,0.10582910060882611,-5.80143491860592,-4.878518992000156
8482,pp,0.05,0.0,9,1.170483158826828,-6.432086099277843,-5.134356959660848
8483,do,0.05,0.0,47,1.2587183761596688,-7.581782858299486,-6.741055655479431
8484,pp,0.05,0.0,70,1.854165213108062,-7.305211822914354,-5.916102531221178
8485,do,0.05,0.0,55,0.4014782369136807,-8.542046630743778,-7.826290464401245
8486,pp,0.05,0.0,19,0.721929275989531,-8.98796768766461,-7.484206475151909
8487,do,0.05,0.0,70,0.45669770956039457,-8.565092448032264,-7.628410069147746
8488,pp,0.05,0.0,70,2.7730837297439574,-9.013963332320705,-6.829822097884284
8489,do,0.05,0.0,38,0.7445106613636021,-6.978823138728286,-5.9584025859832765
8490,pp,0.05,0.0,63,1.0553059172630306,-6.560385139060743,-5.531352109379238
8491,do,0.05,0.0,17,0.8741178095340727,-7.323315101681334,-6.146046717961629
8492,pp,0.05,0.0,70,1.2233625054359436,-10.860435186732898,-8.287012060483297
8493,do,0.05,0.0,53,1.4999158477783192,-6.460975396994389,-5.4204691251118975
8494,pp,0.05,0.0,52,2.144041696786881,-6.656776309735847,-5.6584726598527695
8495,do,0.05,0.0,70,0.6725052762031556,-7.87044491478891,-7.163113737106324
8496,pp,0.05,0.0,49,2.4277619647979733,-7.912810425324873,-6.341884311040243
8497,do,0.05,0.0,4,0.7188210844993588,-5.177292774662827,-4.733407741122775
8498,pp,0.05,0.0,10,1.0196168696880346,-6.567309959007032,-5.1617523802651295
8499,do,0.05,0.0,13,0.7162434184551243,-5.228656738454645,-4.901939794752333
8500,pp,0.05,0.0,36,2.1100377535820014,-5.969244787909767,-4.941662844022115
8501,do,0.05,0.0,7,1.1822440838813781,-4.978684997558593,-4.570512366294861
8502,pp,0.05,0.0,10,0.3946655631065372,-5.524531550840898,-4.882701624764336
8503,do,0.05,0.0,70,0.5804273355007172,-6.24890975374164,-5.85883887608846
8504,pp,0.05,0.0,20,0.4033176684379578,-5.891624882726958,-4.98800216515859
8505,do,0.05,0.0,7,0.5448068499565126,-5.01428763071696,-5.339469930860731
8506,pp,0.05,0.0,52,0.6107289743423472,-9.294330955274177,-7.840540197160509
8507,do,0.05,0.0,68,2.6679260611534117,-6.4015886624654135,-7.118664113680522
8508,pp,0.05,0.0,25,0.4127687168121339,-5.907761926362009,-5.098858414755927
8509,do,0.05,0.0,11,0.49678428530693086,-5.837629865877556,-5.2791927390628395
8510,pp,0.05,0.0,6,-0.1757754218578338,-5.482353269692624,-4.698856396145291
8511,do,0.05,0.0,36,3.696897389888764,-5.9291786583987145,-6.047816581196255
8512,pp,0.05,0.0,70,2.253912829160689,-6.463016459436128,-5.322429055637784
8513,do,0.05,0.0,10,0.8471554875373846,-5.0690721974228365,-4.335353800985549
8514,pp,0.05,0.0,27,1.7050967133045187,-6.901326990127563,-5.234843778610229
8515,do,0.05,0.0,7,0.5257567477226255,-5.148483014829231,-4.789024268256293
8516,pp,0.05,0.0,6,-0.39835986733436535,-5.8820437084544785,-5.046379168828328
8517,do,0.05,0.0,11,0.6178009784221654,-5.285129805767175,-4.633157605595059
8518,pp,0.05,0.0,7,0.18383667349815358,-5.911682199709343,-4.8530177805158825
8519,do,0.05,0.0,13,1.4603174543380737,-4.619542380535242,-4.306993640793694
8520,pp,0.05,0.0,7,1.123121157884598,-6.3487550735473635,-5.633656419648064
8521,do,0.05,0.0,5,-0.09946158051490706,-5.702137205817483,-4.921929176648458
8522,pp,0.05,0.0,20,1.9901923167705533,-6.191785530610518,-5.025394953621758
8523,do,0.05,0.0,9,0.6307183027267458,-4.552346586458611,-3.951297040780385
8524,pp,0.05,0.0,5,0.5037148749828333,-5.018983221054077,-4.214014964633518
8525,do,0.05,0.0,70,0.7838726055622098,-6.022065981951627,-5.605635314517551
8526,pp,0.05,0.0,70,1.219223358631135,-7.281268826397983,-6.080329049958123
8527,do,0.05,0.0,6,-0.4910089290142059,-5.678473653215351,-5.097416284349229
8528,pp,0.05,0.0,20,-0.12904822707176233,-7.243696887565382,-6.172494737307231
8529,do,0.05,0.0,27,1.0427839946746822,-6.37135958960562,-6.314974811342028
8530,pp,0.05,0.0,60,0.8866847538948068,-8.605344620617954,-6.993359830644396
8531,do,0.05,0.0,19,0.25620887875556875,-6.227903338634607,-5.993988699383205
8532,pp,0.05,0.0,70,0.31219584226608355,-7.7063824855920044,-6.437015464570787
8533,do,0.05,0.0,18,1.4100998330116274,-6.073593203226725,-6.372197069062127
8534,pp,0.05,0.0,62,2.10705219745636,-6.345973272034616,-5.633702585432265
8535,do,0.05,0.0,32,1.1700744402408594,-7.0950248848308215,-6.270997675259908
8536,pp,0.05,0.0,14,1.3988079345226287,-4.712622763893821,-4.050426851378547
8537,do,0.05,0.0,8,1.0085894608497616,-4.7169147953842625,-5.126097178459167
8538,pp,0.05,0.0,37,1.5232913482189172,-6.386364091526378,-5.782339970270793
8539,do,0.05,0.0,57,1.9709973561763752,-6.794837152596676,-6.796730301115248
8540,pp,0.05,0.0,70,2.298701764345169,-5.9737387931708135,-5.186097388797336
8541,do,0.05,0.0,5,-0.12883071303367633,-5.327280433250196,-4.7928785880406695
8542,pp,0.05,0.0,8,0.49367183685302773,-5.813040951526526,-4.611422644721137
8543,do,0.05,0.0,7,0.3773287284374245,-4.770054909677216,-4.3689264920022755
8544,pp,0.05,0.0,9,0.8069877111911774,-5.806736501057943,-4.876339279280769
8545,do,0.05,0.0,32,1.2429402458667749,-8.238503365083174,-7.805528683132596
8546,pp,0.05,0.0,5,0.7511276674270633,-5.780927220257846,-4.881939352883233
8547,do,0.05,0.0,70,0.27744752168655396,-10.033288744724159,-8.126438479953341
8548,pp,0.05,0.0,9,0.5415741121768951,-5.50661894046899,-4.503922658496433
8549,do,0.05,0.0,37,1.0292651891708378,-8.793254899978638,-7.47254499329461
8550,pp,0.05,0.0,6,0.45443903207778913,-5.279072725411617,-4.591036581993103
8551,do,0.05,0.0,9,0.5527108216285699,-4.891548750617288,-4.614152961307102
8552,pp,0.05,0.0,70,0.7938041746616378,-8.912058385213216,-7.536150431632995
8553,do,0.05,0.0,5,0.7086703991889953,-4.21862166000135,-3.9615227301915485
8554,pp,0.05,0.0,5,0.4564073443412786,-4.9150190815781105,-4.214920711517334
8555,do,0.05,0.0,8,0.37283792257308956,-6.0940912694642035,-5.425775692198012
8556,pp,0.05,0.0,8,1.1950755345821387,-4.730255603790283,-4.0609365516238745
8557,do,0.05,0.0,33,1.0254127478599546,-11.514815314610798,-9.4671729988522
8558,pp,0.05,0.0,11,1.3729496741294858,-5.772987659049757,-4.607675528526306
8559,do,0.05,0.0,21,0.8074919867515566,-6.31763878735629,-5.773497049013773
8560,pp,0.05,0.0,35,1.0554916262626648,-9.262390740712483,-8.011021383603413
8561,do,0.05,0.0,31,0.9433363807201385,-7.678329633943962,-6.96095679336124
8562,pp,0.05,0.0,11,-0.23913612127304074,-6.026567099311135,-4.790833722220527
8563,do,0.05,0.0,7,0.2533182704448693,-4.920428855491407,-4.226196609603035
8564,pp,0.05,0.0,32,1.1240031492710116,-5.879130919774373,-4.952982619073656
8565,do,0.05,0.0,17,2.6296730566024777,-6.482820600451845,-5.470392815272013
8566,pp,0.05,0.0,19,2.1253039312362674,-6.0638635447531035,-4.626128543747796
8567,do,0.05,0.0,10,1.255423007011414,-4.85016643928759,-4.253173830774095
8568,pp,0.05,0.0,11,1.8778506505489343,-5.908005698521932,-4.268651037746006
8569,do,0.05,0.0,4,-0.2969936811923981,-5.38482209407922,-5.032192521625095
8570,pp,0.05,0.0,9,1.3823301184177401,-4.900612266135938,-4.060450326071845
8571,do,0.05,0.0,7,0.38837478041648854,-4.847709382664074,-4.761594846513536
8572,pp,0.05,0.0,15,1.9388730466365818,-5.260662912599968,-4.234586313035753
8573,do,0.05,0.0,70,0.1997787499427801,-9.011127463254061,-7.726810540093316
8574,pp,0.05,0.0,5,0.3710924184322355,-5.371522407820731,-4.591311383247375
8575,do,0.05,0.0,70,0.8342889320850375,-7.1149576750668615,-6.3438840362760756
8576,pp,0.05,0.0,64,1.6561207246780398,-8.255616362889608,-6.49547164440155
8577,do,0.05,0.0,70,1.463195267915725,-7.257622770829634,-7.1535559813181555
8578,pp,0.05,0.0,45,2.9961132562160486,-7.09241694537076,-5.898537789450751
8579,do,0.05,0.0,5,-0.006753774881363306,-5.135967217069684,-4.939540383550856
8580,pp,0.05,0.0,48,1.137346141338348,-9.066643784262917,-7.404661586549547
8581,do,0.05,0.0,7,1.2753692889213566,-5.758102237817013,-4.88698755370246
8582,pp,0.05,0.0,34,2.7232265269756324,-8.612211471615415,-6.270207259390089
8583,do,0.05,0.0,30,1.6370511794090268,-6.279315584356135,-5.650240717993842
8584,pp,0.05,0.0,70,1.4891087055206302,-10.658753224575158,-8.403977812661065
8585,do,0.05,0.0,7,0.8677589368820184,-5.8932183106740315,-4.96915000544654
8586,pp,0.05,0.0,70,0.39582466721534715,-10.424299229997578,-8.757194701830546
8587,do,0.05,0.0,3,-0.5594792568683618,-5.901771733255098,-5.358884323967827
8588,pp,0.05,0.0,4,0.05169230461120655,-6.134910176017067,-5.1683611207538185
8589,do,0.05,0.0,13,1.79039165019989,-5.2786606860883305,-4.6453121768103705
8590,pp,0.05,0.0,22,1.3047998404502863,-5.922617308298746,-4.805278171433343
8591,do,0.05,0.0,70,1.1988417410850527,-8.582805630654999,-7.458552948633829
8592,pp,0.05,0.0,17,2.464330621957779,-4.874419703628078,-4.126383283403185
8593,do,0.05,0.0,5,-0.33058752775192257,-5.261847878947402,-4.7882648494508535
8594,pp,0.05,0.0,12,-0.263370590209961,-6.456913185119629,-5.781766141785516
8595,do,0.05,0.0,9,1.6827024698257445,-5.348264691323945,-4.639825240770976
8596,pp,0.05,0.0,14,2.000068117380142,-6.364076241579923,-5.554314417309231
8597,do,0.05,0.0,4,0.3941728174686432,-5.34638206019546,-5.02677341832055
8598,pp,0.05,0.0,24,1.531501039266585,-6.707502593416156,-5.406888283623589
8599,do,0.05,0.0,44,0.34444526791572727,-9.69650681813558,-7.870803017086453
8600,pp,0.05,0.0,6,0.35816155672073435,-6.258499563101566,-5.042865562438965
8601,do,0.05,0.0,8,0.8944581377506262,-5.935929052757494,-5.043035229047139
8602,pp,0.05,0.0,56,1.1033334445953358,-9.403305201096968,-7.966169532140096
8603,do,0.05,0.0,6,1.0725415968894954,-5.853694908546679,-5.062057683202956
8604,pp,0.05,0.0,8,1.0874275028705602,-6.236382481546113,-4.990233781602647
8605,do,0.05,0.0,70,1.025239332914353,-8.194409714323102,-6.926408664385478
8606,pp,0.05,0.0,22,1.141852837800979,-7.242185644669966,-5.873141537772285
8607,do,0.05,0.0,6,-0.6721505165100092,-6.152744187730732,-5.691081947750515
8608,pp,0.05,0.0,3,-0.4302682685852055,-5.528316327297326,-4.793291902542114
8609,do,0.05,0.0,19,0.9713251256942748,-5.529313899531509,-4.836244270536635
8610,pp,0.05,0.0,12,0.6964843785762787,-6.4578535831335815,-5.102540829446581
8611,do,0.05,0.0,5,0.09552603483200084,-5.569340278163101,-4.920918658044603
8612,pp,0.05,0.0,9,0.33733722448348935,-5.846391806457982,-4.928646569781833
8613,do,0.05,0.0,8,0.6413742613792417,-5.339518902518533,-4.791629860136244
8614,pp,0.05,0.0,64,0.35070130944251865,-8.403853716994776,-6.143398639890883
8615,do,0.05,0.0,6,0.27156686186790413,-5.405308404113307,-4.6979247570037845
8616,pp,0.05,0.0,29,1.1258670401573179,-7.069540104721532,-5.971937608718872
8617,do,0.05,0.0,4,0.09008609294891379,-5.670552557164973,-4.927216143078274
8618,pp,0.05,0.0,6,0.7189753711223608,-6.745810556411743,-5.834762570593092
8619,do,0.05,0.0,8,0.7223458516597754,-5.264520848881115,-4.652569916513231
8620,pp,0.05,0.0,11,0.31439065814018274,-5.806650784521392,-5.254128360748291
8621,do,0.05,0.0,6,0.7134376287460329,-4.8993145928238375,-4.3150260342491995
8622,pp,0.05,0.0,14,1.9512776577472684,-5.5612433086742055,-4.530229163169861
8623,do,0.05,0.0,13,2.06490928530693,-6.127127942171964,-5.186314961645338
8624,pp,0.05,0.0,17,2.0706270837783816,-6.76727626395948,-5.4721960200203785
8625,do,0.05,0.0,5,0.3068584179878231,-5.231777532172925,-4.770546772744921
8626,pp,0.05,0.0,41,-0.12982969164848335,-7.637772860671535,-6.2861305289798315
8627,do,0.05,0.0,17,1.4922307360172269,-5.424873372280237,-5.161695178349813
8628,pp,0.05,0.0,21,1.4530212402343752,-5.702477280298869,-5.076870865292019
8629,do,0.05,0.0,14,1.7824764060974125,-5.362774623524059,-5.065572198232015
8630,pp,0.05,0.0,16,2.3186889934539794,-5.525376637776692,-4.63291724257999
8631,do,0.05,0.0,6,-0.22255121350288398,-5.670103678558812,-5.680426388316684
8632,pp,0.05,0.0,1,-1.2328007495403286,-6.252689072580049,-5.681514885690477
8633,do,0.05,0.0,18,-0.08540498852729783,-6.448234123172182,-5.80412859916687
8634,pp,0.05,0.0,70,-0.21508146405220074,-7.970255623441754,-6.551042424307929
8635,do,0.05,0.0,24,3.583663523197173,-5.159705026221998,-4.997084147400326
8636,pp,0.05,0.0,25,3.585633589029312,-5.295967228484876,-4.381718501779768
8637,do,0.05,0.0,6,0.3918212580680853,-4.920312832341049,-4.683020710945129
8638,pp,0.05,0.0,64,0.5985229432582848,-7.349397689645941,-6.538106632232666
8639,do,0.05,0.0,4,-0.008058902025222636,-5.185087763179432,-4.619691096411811
8640,pp,0.05,0.0,6,-0.506959871053696,-6.125010377710516,-5.3175785197152035
8641,do,0.05,0.0,9,0.6127278435230252,-5.540002645145763,-4.669240103827582
8642,pp,0.05,0.0,8,-0.10529151201248244,-5.622388464031798,-4.749853536817763
8643,do,0.05,0.0,29,2.8839466464519496,-7.2587661931009,-6.980604892306857
8644,pp,0.05,0.0,51,1.6067836022377016,-12.156840755000259,-9.784021017286513
8645,do,0.05,0.0,70,0.3946446311473846,-7.475177299615108,-7.366747199164497
8646,pp,0.05,0.0,60,1.7761045908927908,-8.38997197006688,-6.551867159207662
8647,do,0.05,0.0,18,-0.15537732124328585,-7.2040386777935606,-6.561017640431722
8648,pp,0.05,0.0,10,0.09392550587654114,-6.118874223304517,-5.389187701543173
8649,do,0.05,0.0,18,1.4933330249786385,-6.8507006645202635,-5.90580776002672
8650,pp,0.05,0.0,67,1.948209536075593,-8.20295856215737,-7.280576409233941
8651,do,0.05,0.0,2,-1.0016956043243406,-6.285940439050848,-5.675178464253744
8652,pp,0.05,0.0,65,-1.0079579293727878,-8.9055751395948,-7.722022808922661
8653,do,0.05,0.0,41,3.7970194387435905,-6.073629236221313,-6.122765925195482
8654,pp,0.05,0.0,17,1.6064699447155002,-5.241010733806726,-4.2605439133114285
8655,do,0.05,0.0,38,2.71248120546341,-6.135414075851441,-5.964052817556593
8656,pp,0.05,0.0,21,2.0737437307834616,-5.682521220409509,-5.071030105484857
8657,do,0.05,0.0,70,0.9375680303573617,-9.67243752190561,-8.811823627683852
8658,pp,0.05,0.0,30,3.6593222320079795,-8.014185681487575,-5.661118544472588
8659,do,0.05,0.0,29,1.7095005893707285,-8.575945312326605,-7.046567058563232
8660,pp,0.05,0.0,11,1.954010598659516,-5.41585681366198,-4.452051766713461
8661,do,0.05,0.0,15,0.7138767564296726,-6.0020851771036785,-5.420182273122999
8662,pp,0.05,0.0,34,0.7028527605533599,-7.047821489969889,-5.623004542456733
8663,do,0.05,0.0,24,2.16074273109436,-5.098203963944406,-4.69561767048306
8664,pp,0.05,0.0,25,1.4945511949062347,-5.828719371737856,-4.922755697038439
8665,do,0.05,0.0,3,-0.5311587750911713,-6.202976567817457,-5.509052464697096
8666,pp,0.05,0.0,19,-0.2498225498199469,-6.640717886433457,-6.509493430455525
8667,do,0.05,0.0,70,1.2884446966648095,-7.454899295171102,-6.957059754265679
8668,pp,0.05,0.0,17,3.285038483142852,-5.511328463120894,-4.204250680075751
8669,do,0.05,0.0,24,0.6271240854263302,-7.299824288397124,-6.741781324810452
8670,pp,0.05,0.0,24,1.3388057947158813,-5.552059935078477,-4.724114179611206
8671,do,0.05,0.0,17,1.9837569355964666,-5.7468499443747785,-5.290739941596985
8672,pp,0.05,0.0,14,1.1555447494983673,-6.398828347524007,-5.240534877777099
8673,do,0.05,0.0,11,1.7910090363025661,-6.980019216826467,-5.7908454497655235
8674,pp,0.05,0.0,70,3.0051083552837365,-8.797380577434193,-7.319633075926039
8675,do,0.05,0.0,27,0.12015542984008754,-7.600665475382949,-6.29466585583157
8676,pp,0.05,0.0,70,2.0851674842834473,-8.372235721530336,-7.279294122589959
8677,do,0.05,0.0,50,0.6316738200187686,-10.583645913095186,-8.992975399229262
8678,pp,0.05,0.0,67,1.060984060764314,-8.781639129465276,-7.190111361609565
8679,do,0.05,0.0,24,3.0969945228099824,-5.658637082937992,-4.846995888815986
8680,pp,0.05,0.0,20,3.1569749355316166,-5.38509990085255,-4.550799242655436
8681,do,0.05,0.0,25,2.377087470293045,-8.33971029628407,-6.924366855621338
8682,pp,0.05,0.0,8,1.3095476627349854,-4.967410263870701,-3.8493636820051407
8683,do,0.05,0.0,5,-0.6023329639434811,-6.19640936273517,-5.644731132189433
8684,pp,0.05,0.0,11,1.1253302931785587,-6.796062255628181,-5.921536027060615
8685,do,0.05,0.0,17,1.330220620632172,-7.19881006009651,-5.718414447042677
8686,pp,0.05,0.0,20,1.7641806173324586,-4.748390076377175,-4.06160996887419
8687,do,0.05,0.0,9,0.1563372921943662,-6.012720334891117,-5.188237248526679
8688,pp,0.05,0.0,45,0.5978365898132338,-9.554068871700402,-8.086024035347833
8689,do,0.05,0.0,2,-0.5948150110244752,-5.890678106654774,-5.302214323149787
8690,pp,0.05,0.0,20,2.1527362751960757,-5.719833541638923,-4.642487258381314
8691,do,0.05,0.0,42,1.9409866273403171,-5.926038807088679,-5.355950294600593
8692,pp,0.05,0.0,21,2.5570351076126094,-5.849370459354285,-4.829623765415615
8693,do,0.05,0.0,14,0.10147230267524776,-7.452400483507098,-6.746549839443631
8694,pp,0.05,0.0,5,0.6445007908344271,-5.903422031980572,-5.080406241946751
8695,do,0.05,0.0,7,-0.5920177519321443,-6.3092451124480275,-5.65961954858568
8696,pp,0.05,0.0,17,0.36464416384696996,-5.871572855747107,-4.801809872521295
8697,do,0.05,0.0,3,-0.6388690209388734,-6.717622741063436,-5.8698915640513105
8698,pp,0.05,0.0,18,2.7729955255985264,-4.8064478787508875,-4.160379943582747
8699,do,0.05,0.0,13,1.0515850734710686,-8.085816046685883,-6.935420817799038
8700,pp,0.05,0.0,12,1.3381401777267463,-6.404054734201142,-5.580664277076721
8701,do,0.05,0.0,3,-0.40574573278427106,-6.339879342281457,-5.621269199583265
8702,pp,0.05,0.0,12,0.7826625871658326,-5.094919487924287,-4.545281932089064
8703,do,0.05,0.0,4,0.0024784374237061257,-5.8744802633921305,-4.963018960422939
8704,pp,0.05,0.0,3,0.009378432035445528,-5.1837072430234965,-4.369128139813741
8705,do,0.05,0.0,3,0.0091944408416742,-5.139011881568215,-4.5876864009433325
8706,pp,0.05,0.0,19,1.1160324704647069,-4.843006266969623,-4.153855465518104
8707,do,0.05,0.0,17,2.4636708819866184,-8.47927574966893,-7.440120855967204
8708,pp,0.05,0.0,70,3.499839148521424,-8.451862140135331,-6.892985555860731
8709,do,0.05,0.0,34,1.9201017069816588,-8.091581629261826,-7.542808702256944
8710,pp,0.05,0.0,17,1.6971282279491424,-5.977202870629051,-4.692525082164341
8711,do,0.05,0.0,26,0.6490905594825733,-9.20199675993486,-9.276136551962958
8712,pp,0.05,0.0,21,1.0542648410797106,-10.584464859239983,-8.801238754060533
8713,do,0.05,0.0,36,4.463546757698059,-7.4905789866591945,-7.68139320479499
8714,pp,0.05,0.0,13,1.7269067537784588,-5.91333451126561,-4.674291801452637
8715,do,0.05,0.0,4,0.30265330433845516,-5.134018737619574,-4.471901554531521
8716,pp,0.05,0.0,8,0.23429459810256947,-5.317653336669459,-4.609879316223992
8717,do,0.05,0.0,13,0.5985901594161982,-6.422809827688969,-5.747199228074815
8718,pp,0.05,0.0,4,-0.060596126317978616,-5.218723081819939,-4.65997286107805
8719,do,0.05,0.0,52,2.195121488571166,-8.131186824856382,-6.705590632226732
8720,pp,0.05,0.0,17,0.7468022501468665,-5.8772912256645435,-4.925372404522366
8721,do,0.05,0.0,28,0.6534498775005346,-6.639491075457949,-6.205556143654717
8722,pp,0.05,0.0,14,1.1475072598457334,-4.909097106529004,-4.301180424955156
8723,do,0.05,0.0,4,-0.05697869658470189,-5.874254157326439,-5.257007177670797
8724,pp,0.05,0.0,17,1.7820318818092344,-5.050691741885561,-4.367732797728644
8725,do,0.05,0.0,70,2.387618610858917,-7.105847787857056,-6.085045027732849
8726,pp,0.05,0.0,10,1.8121914982795717,-5.089767734932177,-4.505470803048875
8727,do,0.05,0.0,9,0.7866142249107364,-5.739364592234294,-4.931586101320055
8728,pp,0.05,0.0,70,1.6330828404426576,-10.55268517407504,-8.648229763242934
8729,do,0.05,0.0,70,2.5997926425933846,-6.901145361409043,-7.319840696122911
8730,pp,0.05,0.0,70,1.9115670287609108,-6.979461811528061,-5.998814357651605
8731,do,0.05,0.0,70,2.4638317453861243,-7.8085558674552225,-6.866157288021512
8732,pp,0.05,0.0,25,3.8965794324874876,-4.716309595108032,-3.821447413497501
8733,do,0.05,0.0,36,0.7308181512355816,-7.3679856560447,-7.003906226158142
8734,pp,0.05,0.0,26,0.9639036846160884,-9.465401676929359,-8.037148502137926
8735,do,0.05,0.0,10,1.6825955379009239,-7.047585313970393,-5.8446193509631685
8736,pp,0.05,0.0,13,2.680740680694579,-6.402935669638894,-5.183593204286363
8737,do,0.05,0.0,8,0.5639249408245082,-5.0192662730361475,-4.656137564447191
8738,pp,0.05,0.0,45,2.4788982748985298,-6.333152888037942,-5.376600445641412
8739,do,0.05,0.0,14,1.0948464417457577,-6.696514414296006,-5.8983823696772255
8740,pp,0.05,0.0,35,2.4998713529109944,-7.040049511013609,-6.201295704311795
8741,do,0.05,0.0,15,0.2901040780544273,-4.8010012366554955,-4.542749587694804
8742,pp,0.05,0.0,44,1.5457088112831112,-11.714802497805971,-8.395780966016982
8743,do,0.05,0.0,14,0.8901757657527929,-6.252211538950602,-5.326609590318468
8744,pp,0.05,0.0,22,1.2397084569931032,-8.236622105222759,-6.75903660721249
8745,do,0.05,0.0,31,-0.5642101800441734,-7.479833955475779,-6.894185426500108
8746,pp,0.05,0.0,16,-0.03700258255004929,-6.720302193092578,-5.626850395732456
8747,do,0.05,0.0,17,2.3350464057922364,-4.639491669336954,-4.573272718323602
8748,pp,0.05,0.0,12,0.5446330642700197,-6.700698562101884,-5.125765008396573
8749,do,0.05,0.0,7,-0.11152519106864922,-5.988517990979282,-5.284066767162747
8750,pp,0.05,0.0,19,0.28964625358581486,-7.15689872972893,-6.071392310990228
8751,do,0.05,0.0,65,0.9192554831504829,-6.943597485802391,-7.026083940929837
8752,pp,0.05,0.0,70,1.94945482969284,-8.181382856947003,-7.249725959036085
8753,do,0.05,0.0,11,1.013663913011552,-9.543324674259532,-7.210845984352959
8754,pp,0.05,0.0,6,0.6567750811576838,-5.79116845853401,-4.798722595638699
8755,do,0.05,0.0,44,4.203660478591918,-5.638370177240082,-5.468745030297173
8756,pp,0.05,0.0,28,1.8300376701354981,-5.724482909115878,-4.776670975155301
8757,do,0.05,0.0,53,1.761992571353911,-7.518434755729906,-6.794280870755514
8758,pp,0.05,0.0,11,0.827316139936447,-5.25437562826908,-4.290567357010311
8759,do,0.05,0.0,21,1.1046738684177395,-6.438862336765636,-5.570224171214633
8760,pp,0.05,0.0,18,0.507071558237076,-6.915692920395823,-5.308289133177864
8761,do,0.05,0.0,51,0.9574213695526126,-7.3102457841237385,-6.363130977418687
8762,pp,0.05,0.0,23,0.8893321943283086,-5.716398114869089,-4.75320287545522
8763,do,0.05,0.0,70,1.3338248443603522,-6.9296355319745615,-6.628500170177883
8764,pp,0.05,0.0,18,0.9423724400997164,-5.7432255455941865,-4.881941363546583
8765,do,0.05,0.0,21,2.9980870699882507,-5.406075502164436,-5.752440132035149
8766,pp,0.05,0.0,18,1.6241323411464688,-7.026865063291607,-5.822903405295478
8767,do,0.05,0.0,12,0.8477527618408205,-6.30133417302912,-6.507048230701023
8768,pp,0.05,0.0,14,0.9215060424804689,-5.707027816772461,-4.719358158111572
8769,do,0.05,0.0,4,-0.2666165888309475,-5.709097326163089,-5.146622530619303
8770,pp,0.05,0.0,6,0.017521346807479965,-5.6370555892135155,-4.913043512238397
8771,do,0.05,0.0,11,1.7854938542842866,-6.520746622663555,-5.211497089597914
8772,pp,0.05,0.0,9,1.2034519124031071,-6.489874677947073,-5.446037046114603
8773,do,0.05,0.0,8,1.6546627700328829,-6.084660806077899,-5.313405664761861
8774,pp,0.05,0.0,25,2.1092088341712945,-6.565029908671524,-5.956365709834628
8775,do,0.05,0.0,14,0.23085105895996083,-6.213638666904334,-5.734013210402595
8776,pp,0.05,0.0,20,1.4478593385219574,-6.748707060380416,-5.665343819724189
8777,do,0.05,0.0,23,1.2374237573146818,-7.721327900164055,-6.3259316205978395
8778,pp,0.05,0.0,17,0.43773964285850475,-6.153777915781195,-5.2856920745637685
8779,do,0.05,0.0,2,-0.783142260313034,-5.9480070056337295,-5.348452991909451
8780,pp,0.05,0.0,70,0.3070715260505672,-7.420369599082253,-6.347761482662625
8781,do,0.05,0.0,33,1.4851190662384033,-6.35029941183148,-5.232254123687744
8782,pp,0.05,0.0,34,2.7928618454933165,-6.150310189796216,-4.901696870062087
8783,do,0.05,0.0,54,1.2570009255409254,-7.852543631466952,-7.700346612930298
8784,pp,0.05,0.0,63,0.6208552515506742,-6.92633324247418,-5.996673621071709
8785,do,0.05,0.0,2,-0.5191122508049011,-6.253778691725297,-5.420457572407193
8786,pp,0.05,0.0,13,0.014668238162994562,-7.880893522320371,-6.8441987832387285
8787,do,0.05,0.0,70,1.1452342057228098,-10.411208670067065,-8.152182976404825
8788,pp,0.05,0.0,14,1.8534379136562347,-5.869970711794767,-4.590959978103638
8789,do,0.05,0.0,12,1.3702280783653258,-5.332372148109205,-5.510830198393927
8790,pp,0.05,0.0,20,1.9347292935848248,-6.146549745039507,-4.928977232509189
8791,do,0.05,0.0,70,0.12286101341247502,-10.412535293174512,-9.16680867936876
8792,pp,0.05,0.0,4,0.06359104990959175,-5.797275008577289,-5.048940388361613
8793,do,0.05,0.0,8,0.5404178059101108,-6.0048865376096785,-5.338925570911831
8794,pp,0.05,0.0,9,1.1844806253910063,-5.933787036664558,-5.045493459701538
8795,do,0.05,0.0,25,1.7915144813060762,-6.125625390717477,-6.003635668754578
8796,pp,0.05,0.0,21,2.257111684083938,-6.351763745510217,-5.255241073502434
8797,do,0.05,0.0,70,2.8038247251510624,-6.3751926190925365,-5.921834630436368
8798,pp,0.05,0.0,15,1.2117532563209537,-6.639483122392134,-4.861426289876302
8799,do,0.05,0.0,42,1.222289171218872,-8.923558408563787,-7.425038480758667
8800,pp,0.05,0.0,58,1.464360746145248,-6.601021651065711,-5.25704705980089
8801,do,0.05,0.0,12,0.8034339737892147,-5.500295574014837,-5.026967453956604
8802,pp,0.05,0.0,30,1.0741296827793123,-7.918624955957586,-5.79767140812344
8803,do,0.05,0.0,5,-0.8891703557968142,-6.092371116984975,-5.3098393758138025
8804,pp,0.05,0.0,5,-0.7436301934719083,-6.097421738595673,-5.263871007495457
8805,do,0.05,0.0,40,0.5318597447872158,-8.35138489260818,-7.259695310062832
8806,pp,0.05,0.0,6,-0.40677808880805966,-6.076131158886533,-5.136009584532844
8807,do,0.05,0.0,3,-0.7462307763099671,-6.324581763238617,-5.587004420492384
8808,pp,0.05,0.0,3,-0.7333674538135524,-6.200222276918816,-5.268953323364258
8809,do,0.05,0.0,33,0.5952274096012111,-7.378217296889334,-6.793430987993876
8810,pp,0.05,0.0,8,0.31185153484344497,-5.667346067139596,-5.015783778826395
8811,do,0.05,0.0,14,0.7822013163566597,-5.457251713492654,-5.19766820801629
8812,pp,0.05,0.0,16,0.4991410410404207,-6.355870479525942,-5.1357917494244045
8813,do,0.05,0.0,9,1.2665110659599303,-5.836729418147694,-4.930431252055698
8814,pp,0.05,0.0,16,1.9989074754714968,-6.335522203734427,-4.870673497517903
8815,do,0.05,0.0,8,-0.041637908220291564,-6.177644316355387,-5.606742964850532
8816,pp,0.05,0.0,6,-0.14820303082466157,-6.093370993932088,-5.165683388710022
8817,do,0.05,0.0,25,0.6646852660179139,-7.344037902716434,-6.202986370192634
8818,pp,0.05,0.0,9,0.5770988261699674,-6.711125943154999,-5.507624729474386
8819,do,0.05,0.0,70,1.0763128209114061,-8.373450887564458,-8.884966405232747
8820,pp,0.05,0.0,17,0.7359680163860318,-6.959239982836174,-5.846540342436897
8821,do,0.05,0.0,70,2.34702228307724,-6.666329993623676,-6.580169155862596
8822,pp,0.05,0.0,14,1.248018856048584,-4.310638497092507,-3.822387549612257
8823,do,0.05,0.0,6,0.5009284424781795,-6.217450638973352,-5.094391520818075
8824,pp,0.05,0.0,45,1.0148572039604193,-8.747096489415025,-7.0387656132380165
8825,do,0.05,0.0,16,1.5256158971786506,-5.017824294350364,-5.472545520464579
8826,pp,0.05,0.0,54,2.1557670116424568,-9.092385430769486,-7.8052067624198065
8827,do,0.05,0.0,70,2.4325364387035364,-8.005664535002275,-7.689162482155694
8828,pp,0.05,0.0,13,0.5769465982913973,-6.838960875886859,-5.392849477132161
8829,do,0.05,0.0,61,1.8162896418571464,-6.998435546412613,-6.885986060566372
8830,pp,0.05,0.0,15,1.777101261615754,-4.657938584414396,-3.9530933009253606
8831,do,0.05,0.0,62,1.6883853268623348,-9.246823177915632,-7.865751478407118
8832,pp,0.05,0.0,12,1.91069326043129,-4.506391296964703,-3.7011984825134276
8833,do,0.05,0.0,4,-0.07525390148162803,-6.14201351368066,-5.458941178851657
8834,pp,0.05,0.0,6,0.906378984451294,-5.045474689657038,-4.207838826709324
8835,do,0.05,0.0,43,1.09290962100029,-6.847104899088541,-6.321818325254652
8836,pp,0.05,0.0,15,0.08060825943946881,-7.037738372340347,-6.162601296106974
8837,do,0.05,0.0,66,3.714880434274674,-8.40002650347623,-8.068017313215467
8838,pp,0.05,0.0,15,2.834185425043106,-4.927583762371179,-4.143367629581028
8839,do,0.05,0.0,19,1.0992964303493507,-5.922685022065134,-6.182324666447109
8840,pp,0.05,0.0,12,0.7000886309146876,-4.731494769183072,-4.187255952093336
8841,do,0.05,0.0,8,1.0511794281005864,-6.355434248664162,-5.6936842123667395
8842,pp,0.05,0.0,5,0.28666173100471504,-5.756426159540812,-4.782167424096001
8843,do,0.05,0.0,14,1.2494752740859987,-5.161054590976599,-4.838605480723911
8844,pp,0.05,0.0,9,1.3040826976299282,-4.902774163448449,-4.314473213089837
8845,do,0.05,0.0,30,1.3757057714462286,-7.860041650136312,-7.289704169167413
8846,pp,0.05,0.0,11,1.1048978054523468,-6.11922080300071,-4.665430447790357
8847,do,0.05,0.0,8,1.684559299945831,-5.623063666892774,-5.710639090008206
8848,pp,0.05,0.0,11,0.9726411032676703,-5.556028228817564,-4.809152658780416
8849,do,0.05,0.0,27,1.3363943386077874,-8.811555024349328,-7.8663281758626304
8850,pp,0.05,0.0,29,2.273701139688492,-6.882554125063347,-5.709610337681241
8851,do,0.05,0.0,22,1.317084820270538,-6.755159857778838,-6.411852232615153
8852,pp,0.05,0.0,70,4.734594235420227,-6.832750043002042,-5.939710299173991
8853,do,0.05,0.0,46,3.545587488412858,-6.209139953960072,-6.110707320107354
8854,pp,0.05,0.0,14,2.421964507102966,-4.3130434238549435,-3.7657608562045626
8855,do,0.05,0.0,58,3.8055678534507758,-7.357917044379494,-6.808500981330871
8856,pp,0.05,0.0,21,1.4296119630336763,-5.2857109098723445,-4.600394100613064
8857,do,0.05,0.0,18,2.8767798399925235,-7.198285575346513,-6.445938920974731
8858,pp,0.05,0.0,13,2.4468488001823427,-6.162562627503366,-4.737524594200982
8859,do,0.05,0.0,12,0.06923342466354399,-6.522322844014023,-6.002370076709323
8860,pp,0.05,0.0,10,1.115592437982559,-5.984453201293945,-4.809051847457885
8861,do,0.05,0.0,48,3.296748793125153,-7.269672571529042,-6.81536831855774
8862,pp,0.05,0.0,12,2.06699479341507,-4.5921559377150105,-4.002865152888828
8863,do,0.05,0.0,17,2.1197221040725704,-5.659089743007313,-5.027708138359918
8864,pp,0.05,0.0,34,2.3661298358440392,-6.445194802139745,-5.023219964239332
8865,do,0.05,0.0,33,4.43132523059845,-5.294172912655455,-5.289582845899794
8866,pp,0.05,0.0,34,3.3002438449859604,-10.559381571683017,-7.968039629194472
8867,do,0.05,0.0,28,2.780084844827652,-5.562674935658773,-4.890324150191413
8868,pp,0.05,0.0,17,3.8090269505977625,-5.101338331627123,-4.068100566334195
8869,do,0.05,0.0,23,1.16025484085083,-5.275984950499101,-5.123814720577664
8870,pp,0.05,0.0,17,1.033866472244263,-5.331040700276692,-4.390379113621182
8871,do,0.05,0.0,70,3.5959576654434207,-7.198602258797848,-5.577116428481208
8872,pp,0.05,0.0,22,3.8434760534763344,-5.647490060690678,-4.723247318797641
8873,do,0.05,0.0,8,1.1649513363838198,-6.290529759724935,-5.54287363688151
8874,pp,0.05,0.0,64,1.648502693176269,-9.891590411735303,-7.269624151123894
8875,do,0.05,0.0,3,-0.9096756696701043,-6.825185772866914,-6.0901074250539144
8876,pp,0.05,0.0,40,-0.5152646851539604,-8.5697327671629,-7.424171211984422
8877,do,0.05,0.0,70,3.1430351185798635,-7.493708648103656,-7.563740298483107
8878,pp,0.05,0.0,15,2.4511096572875974,-5.540193715240016,-4.580381239785089
8879,do,0.05,0.0,25,3.6079818916320807,-5.981915669007734,-5.255684089660645
8880,pp,0.05,0.0,7,0.9173245561122894,-5.487933395848129,-4.070906678835551
8881,do,0.05,0.0,34,2.272614803314209,-8.230753761349302,-8.164652686648898
8882,pp,0.05,0.0,6,1.303992993831634,-4.912030013402303,-4.061552389462789
8883,do,0.05,0.0,24,2.226501700878143,-5.7159165917020855,-5.28150638739268
8884,pp,0.05,0.0,24,3.4950387167930606,-5.588057568579009,-4.964683140648736
8885,do,0.05,0.0,70,0.4119857597351064,-10.944753129554517,-9.740618467330933
8886,pp,0.05,0.0,5,0.33034415602683964,-4.8224558599067455,-4.176600914531284
8887,do,0.05,0.0,70,2.2081943678855893,-6.667249393463135,-6.077402016851637
8888,pp,0.05,0.0,70,1.8818811583518986,-9.117541839137221,-7.248664559258355
8889,do,0.05,0.0,39,1.9909781646728506,-7.731823594642408,-7.2055023246341285
8890,pp,0.05,0.0,16,1.8410154020786287,-4.403490359855421,-3.8233289069599574
8891,do,0.05,0.0,38,3.5921782732009895,-6.110605914664991,-5.409934772385491
8892,pp,0.05,0.0,10,1.1747813904285431,-5.266744050112638,-4.052879646089342
8893,do,0.05,0.0,10,-0.03717126011848393,-6.331631033348315,-6.175163888931275
8894,pp,0.05,0.0,19,1.567502988576889,-6.484530574625189,-5.2614985121621025
8895,do,0.05,0.0,5,0.5507752943038939,-5.26945654262196,-4.659211587905884
8896,pp,0.05,0.0,18,2.2968311464786524,-7.800038814544678,-6.238524691263835
8897,do,0.05,0.0,40,2.468572286367417,-7.04950706019546,-7.131827280256483
8898,pp,0.05,0.0,28,2.657108249664307,-4.533105043931441,-3.901876903904809
8899,do,0.05,0.0,23,0.14054688811302185,-8.374231587034282,-6.908160760667589
8900,pp,0.05,0.0,8,1.3541449832916257,-5.876016348058527,-4.781063175201416
8901,do,0.05,0.0,40,2.520043057203293,-8.274437804655594,-7.361651751730177
8902,pp,0.05,0.0,46,1.9312604367733002,-9.811664659326727,-7.567538105116951
8903,do,0.05,0.0,32,3.8506114900112145,-8.14345940098618,-6.522849509451125
8904,pp,0.05,0.0,25,2.604620864391328,-7.177999856255271,-5.685113822089301
8905,do,0.05,0.0,60,0.9650543880462656,-9.302109043525927,-8.555339696672227
8906,pp,0.05,0.0,12,1.6409882628917698,-5.6240035403858535,-4.786863949563768
8907,do,0.05,0.0,41,0.40184612154960675,-7.718353050405329,-7.735132349861993
8908,pp,0.05,0.0,10,1.4294831788539888,-6.720889610232729,-5.486815354559156
8909,do,0.05,0.0,13,2.0540133082866667,-5.2726459387576945,-4.779249392615425
8910,pp,0.05,0.0,18,3.208393170833588,-5.726344270417185,-4.6263503154118855
8911,do,0.05,0.0,29,0.11992206335067745,-7.071208355643533,-6.4752758926815455
8912,pp,0.05,0.0,58,2.5299430751800553,-9.825121985059797,-8.776196273167928
8913,do,0.05,0.0,36,2.9884657645225525,-6.2443114482995234,-6.7087754011154175
8914,pp,0.05,0.0,26,3.105506780147552,-4.786246572841297,-4.149594995710585
8915,do,0.05,0.0,70,2.491239951848984,-6.131330062403824,-7.274007500542535
8916,pp,0.05,0.0,10,2.1623661291599268,-4.319555967504328,-3.645779017607371
8917,do,0.05,0.0,16,2.366754462718964,-6.846460603945183,-5.836301215489706
8918,pp,0.05,0.0,11,1.5313470673561094,-5.588601631106752,-4.463229411178165
8919,do,0.05,0.0,19,1.9614873731136324,-6.054722369800914,-5.832372143533495
8920,pp,0.05,0.0,16,2.90967173576355,-5.2305253794699,-4.415173112021552
8921,do,0.05,0.0,32,2.048229598999024,-5.249006295926643,-4.608960202005174
8922,pp,0.05,0.0,14,3.1848067557811737,-4.924306463472771,-4.038381848070356
8923,do,0.05,0.0,16,3.2561690139770514,-7.031075658220233,-6.566470940907796
8924,pp,0.05,0.0,10,2.0402753424644473,-5.228807557712901,-4.353441905975342
8925,do,0.05,0.0,4,-0.39273555278778094,-6.249170455065641,-5.17602706750234
8926,pp,0.05,0.0,12,0.9512681651115411,-5.130002539085619,-4.290669229295519
8927,do,0.05,0.0,31,2.216040586233139,-5.162734965122107,-4.677520804935032
8928,pp,0.05,0.0,5,-0.02622271299362211,-5.335520702419859,-4.479128787252638
8929,do,0.05,0.0,10,0.9120376801490782,-5.249832667726459,-4.714701803525289
8930,pp,0.05,0.0,14,1.9319756877422334,-5.071690472689542,-4.222150429089864
8931,do,0.05,0.0,12,0.13488468527793884,-5.515961785749956,-5.168370599216885
8932,pp,0.05,0.0,7,0.136908521652221,-5.3201859849872015,-4.610662256346808
8933,do,0.05,0.0,29,0.9472010493278509,-8.061812291000829,-6.539969661500719
8934,pp,0.05,0.0,5,-0.21379005551338182,-6.544766514229052,-5.42498156759474
8935,do,0.05,0.0,18,2.5056693470478058,-5.285005872899836,-4.678100763426887
8936,pp,0.05,0.0,26,3.487110302448272,-5.413762911883268,-4.558206656244066
8937,do,0.05,0.0,13,2.465531054735183,-6.731497010317716,-5.385101999176873
8938,pp,0.05,0.0,17,1.879832613468169,-8.53561240976507,-7.1116182963053385
8939,do,0.05,0.0,16,3.0840454113483435,-4.925241421208237,-4.527751429875692
8940,pp,0.05,0.0,5,1.0377926588058477,-5.746601925474224,-4.777180841233995
8941,do,0.05,0.0,2,-0.5944166100025177,-5.777060543407093,-5.063727588123745
8942,pp,0.05,0.0,10,0.08504958868026691,-6.373155296210086,-5.2456611633300785
8943,do,0.05,0.0,37,2.3613839209079748,-9.398369042078654,-7.511043275727166
8944,pp,0.05,0.0,70,2.430926024913788,-8.560544456135142,-7.608240901099311
8945,do,0.05,0.0,5,-0.09522680282592777,-5.776212339690237,-5.1458464437060885
8946,pp,0.05,0.0,4,-0.22930606126785236,-5.734365940093994,-4.886570352978176
8947,do,0.05,0.0,8,0.343171988725663,-7.512500590989084,-6.879912609524197
8948,pp,0.05,0.0,13,1.8409957063198084,-5.8233188412406225,-5.413147001796299
8949,do,0.05,0.0,5,0.14676618337631187,-6.392195902448712,-5.184360480308532
8950,pp,0.05,0.0,19,1.6962963414192194,-7.306967816208348,-5.564089957873026
8951,do,0.05,0.0,10,1.7654714620113374,-5.885900415073742,-5.2355944024191965
8952,pp,0.05,0.0,8,0.6751585447788235,-5.683151801427205,-4.718107639418708
8953,do,0.05,0.0,12,0.23128946065902678,-5.903379425858006,-5.18740746974945
8954,pp,0.05,0.0,5,-0.20676016807556152,-5.835683298110962,-5.074530418713888
8955,do,0.05,0.0,70,2.9716498637199393,-8.782605411067154,-9.043336105346679
8956,pp,0.05,0.0,6,0.7744513797760009,-6.049080640619452,-5.146983853975931
8957,do,0.05,0.0,22,2.7994321012496943,-6.525538539886474,-7.0138505299886065
8958,pp,0.05,0.0,13,2.3462080454826353,-4.946594590851755,-4.106265584627788
8959,do,0.05,0.0,60,2.8190893805027004,-6.026541582743326,-5.680526947975158
8960,pp,0.05,0.0,18,1.4336524975299838,-5.659627254081495,-4.933034512731764
8961,do,0.05,0.0,5,0.07475921034812938,-5.196797649788134,-4.823317000601027
8962,pp,0.05,0.0,8,0.09207201838493351,-5.386564592881636,-4.581793838077122
8963,do,0.05,0.0,9,0.4682821512222288,-5.576235733610211,-5.17975398434533
8964,pp,0.05,0.0,7,0.8619512045383457,-5.270394212549383,-4.3372212489446005
8965,do,0.05,0.0,65,1.8340098738670338,-11.151441941116795,-11.452747456232707
8966,pp,0.05,0.0,22,3.186140264272691,-6.6553468169588035,-5.231391268306308
8967,do,0.05,0.0,31,1.5998491144180305,-6.828008232694684,-5.557908071411981
8968,pp,0.05,0.0,15,1.9304475021362304,-5.276942082607385,-4.578390214178297
8969,do,0.05,0.0,23,2.0096540784835826,-7.506937722003821,-5.753681386841668
8970,pp,0.05,0.0,23,2.467377434968949,-6.79641680428476,-5.280098332299127
8971,do,0.05,0.0,25,2.3362257647514344,-7.489800931468155,-6.5783459292517765
8972,pp,0.05,0.0,12,1.8925973796844486,-5.144133904485992,-4.215417636765374
8973,do,0.05,0.0,7,0.5784055674076081,-5.396203042521622,-5.234083231290182
8974,pp,0.05,0.0,24,0.9751248431205743,-5.424139324824015,-5.112904458575779
8975,do,0.05,0.0,37,4.420388025045395,-6.675480777567083,-5.680363835228814
8976,pp,0.05,0.0,20,3.1706689047813414,-7.963971138000488,-5.33790819644928
8977,do,0.05,0.0,12,1.0333293235301975,-6.0420774604334975,-5.38666390577952
8978,pp,0.05,0.0,6,-0.2644154369831089,-6.782409954071045,-5.757661673757765
8979,do,0.05,0.0,5,0.14112456321716316,-5.561483004598907,-4.906749481625027
8980,pp,0.05,0.0,1,-0.7115603256225587,-5.62175903898297,-4.829263660642836
8981,do,0.05,0.0,4,-0.40423413991928037,-5.903218770749641,-5.121123070187039
8982,pp,0.05,0.0,11,0.29078470826148983,-5.831617670348196,-5.186914184358385
8983,do,0.05,0.0,10,0.9003266084194186,-6.066788024613351,-4.845800516340468
8984,pp,0.05,0.0,11,1.496646420955659,-7.609105139067679,-5.902239799499512
8985,do,0.05,0.0,5,-0.27442636609077375,-5.960028918584188,-5.102344568570455
8986,pp,0.05,0.0,21,-0.5948383855819701,-7.4883167266845705,-6.164346694946289
8987,do,0.05,0.0,23,2.0872711479663852,-7.226890969998909,-6.845169342888726
8988,pp,0.05,0.0,21,1.5733832120895386,-8.912858844525886,-7.480329905615912
8989,do,0.05,0.0,3,-0.5717647969722748,-5.884003071351485,-4.962199563450284
8990,pp,0.05,0.0,8,0.49070137143135106,-5.786204150228789,-5.1132041189405655
8991,do,0.05,0.0,10,0.5069266808032982,-6.2176841186754634,-5.4479636086357965
8992,pp,0.05,0.0,7,0.47253320336341886,-6.06231572266781,-5.317552166514926
8993,do,0.05,0.0,5,-0.22847152113914415,-5.217692003828106,-5.063714920149909
8994,pp,0.05,0.0,6,0.2799773645401,-5.055563961375843,-4.405244016647339
8995,do,0.05,0.0,16,1.3813159835338595,-7.079984685146448,-6.316382704840766
8996,pp,0.05,0.0,23,1.045782475471496,-7.30494098518834,-5.7181791093614365
8997,do,0.05,0.0,5,0.23893750548362735,-5.252274443886497,-5.511624892552693
8998,pp,0.05,0.0,12,1.579182778596878,-5.423010225007029,-4.535778970188565
8999,do,0.05,0.0,70,1.2640031826496116,-7.561827351830223,-7.627831051084731
9000,pp,0.05,0.0,45,0.7870725369453426,-7.026627965406938,-5.679166046778361
9001,do,0.05,0.0,10,0.7532372128963472,-5.067465500398115,-4.663762132326762
9002,pp,0.05,0.0,14,1.376902782917023,-5.308962657234885,-4.561886747678121
9003,do,0.05,0.0,13,1.222433623075485,-4.854746587348707,-4.44171556101905
9004,pp,0.05,0.0,70,1.7245594489574438,-7.5617955858057195,-6.2854839086532595
9005,do,0.05,0.0,2,-0.7478540408611298,-5.198825100696448,-5.091117045614454
9006,pp,0.05,0.0,52,-0.16018098831176708,-7.2965950879183685,-6.451265160242716
9007,do,0.05,0.0,9,-0.042833782434463785,-6.0294702342062285,-5.869986899693807
9008,pp,0.05,0.0,70,-0.1679226422309874,-8.695253619280729,-7.163336369726393
9009,do,0.05,0.0,37,2.1605165588855755,-7.24859312953371,-6.781309832466973
9010,pp,0.05,0.0,55,1.2117445766925812,-8.327688397783222,-7.4357679684956866
9011,do,0.05,0.0,6,0.24329997301101702,-5.340633418343284,-4.8626629114151
9012,pp,0.05,0.0,70,1.5038009023666383,-8.107629789005626,-6.6157978402243725
9013,do,0.05,0.0,5,-0.010634425878524922,-5.027639280666005,-4.797456002235412
9014,pp,0.05,0.0,70,2.1033949613571172,-7.215327618338845,-6.205751310454475
9015,do,0.05,0.0,35,1.0643131029605861,-6.701866427334872,-7.51768044895596
9016,pp,0.05,0.0,7,0.3371841728687288,-5.246162501248446,-4.407553993331062
9017,do,0.05,0.0,14,1.626187940835953,-4.644222188718391,-4.138771979014079
9018,pp,0.05,0.0,44,2.646862791776657,-6.5619164596904405,-5.628182903925578
9019,do,0.05,0.0,39,1.6478334975242612,-7.2247474887154315,-6.494250215424431
9020,pp,0.05,0.0,17,1.877240424156188,-6.698969450863925,-5.587847412957085
9021,do,0.05,0.0,11,1.42899011015892,-4.644143389210557,-4.735829856660631
9022,pp,0.05,0.0,18,0.2775613725185391,-7.354221151814317,-6.298157199223836
9023,do,0.05,0.0,10,1.0692619276046749,-4.9454063950162945,-4.929886833826701
9024,pp,0.05,0.0,52,0.9441585743427279,-9.388864361156116,-7.816582865185207
9025,do,0.05,0.0,5,0.061496579647064564,-5.212478819760409,-5.018852795494928
9026,pp,0.05,0.0,22,1.017549625635147,-5.95269184401541,-5.5398501608106825
9027,do,0.05,0.0,61,1.3282885193824772,-9.182108501954513,-7.738292874230279
9028,pp,0.05,0.0,17,3.047627847194671,-6.115738672198671,-5.150484519534641
9029,do,0.05,0.0,13,-0.7690077781677243,-6.408297589330962,-6.588698432180617
9030,pp,0.05,0.0,49,-0.32444179177284305,-7.470935220429392,-6.437908895810446
9031,do,0.05,0.0,17,2.4472218644618984,-4.406949300476999,-4.061133551597595
9032,pp,0.05,0.0,8,0.5505323636531827,-5.706609357487071,-4.982010192341274
9033,do,0.05,0.0,70,1.5553142225742347,-7.197135705658884,-6.856890681054857
9034,pp,0.05,0.0,15,1.6020700824260707,-5.629483204176932,-4.9705801169077555
9035,do,0.05,0.0,65,1.5038787484169003,-8.371008216973507,-7.508056020736694
9036,pp,0.05,0.0,9,0.9567564415931704,-5.086346900824345,-4.433309390809801
9037,do,0.05,0.0,11,0.9238808131217953,-4.836140979420055,-4.421691825654771
9038,pp,0.05,0.0,70,3.2704572176933295,-6.702486700000185,-5.784751370218065
9039,do,0.05,0.0,12,0.928690028190613,-5.135725823315707,-4.841591093275282
9040,pp,0.05,0.0,18,1.218552756309509,-6.068027454434019,-5.1738208187950985
9041,do,0.05,0.0,19,0.6464021134376523,-7.053233094648881,-5.800937914848328
9042,pp,0.05,0.0,17,3.0142719817161563,-6.789364651477698,-5.665828879674276
9043,do,0.05,0.0,22,0.1491662859916687,-6.489610828052868,-5.850428538852268
9044,pp,0.05,0.0,9,0.553240000009537,-5.7216055234273275,-5.125400058428446
9045,do,0.05,0.0,11,0.6633630967140203,-5.231588931517168,-5.004891922738817
9046,pp,0.05,0.0,10,0.30821118831634564,-6.268727380579168,-5.48536450597975
9047,do,0.05,0.0,5,0.6773239409923555,-4.848086362896543,-4.459468486573961
9048,pp,0.05,0.0,70,1.7834168004989621,-7.967877964539961,-6.708049795362684
9049,do,0.05,0.0,8,0.2717292010784149,-4.816472497130885,-4.513322684499952
9050,pp,0.05,0.0,17,1.2106740319728848,-5.952972300847372,-5.299341993861728
9051,do,0.05,0.0,5,1.5902271544933315,-5.07527276096922,-4.240014433860779
9052,pp,0.05,0.0,19,2.5838850235939024,-7.626321020993319,-6.016069640053643
9053,do,0.05,0.0,19,2.086051763296128,-5.326491709911462,-4.865614321496752
9054,pp,0.05,0.0,42,2.7628551292419434,-5.601039347504124,-5.137501613299052
9055,do,0.05,0.0,27,2.419359149932861,-4.9112881920554425,-4.393951429261102
9056,pp,0.05,0.0,31,2.6320385825634,-5.019582050496882,-4.252314880159166
9057,do,0.05,0.0,27,1.90462368607521,-5.378823722492565,-5.259333250257704
9058,pp,0.05,0.0,23,2.59669726729393,-5.968702817685676,-4.949543640348646
9059,do,0.05,0.0,16,1.3593315637111658,-5.030301909013228,-5.11571171813541
9060,pp,0.05,0.0,32,1.7368542683124542,-6.282795703772343,-5.356626563602024
9061,do,0.05,0.0,10,1.4580518639087678,-4.42540924765847,-4.553005088700188
9062,pp,0.05,0.0,6,1.1933479702472694,-5.071277939189564,-4.162374030219184
9063,do,0.05,0.0,40,2.1790046870708473,-5.947339226982811,-5.097838348812527
9064,pp,0.05,0.0,61,1.464149209260941,-7.210163545608521,-6.311867250336541
9065,do,0.05,0.0,9,0.5167597854137425,-4.53995941768993,-3.9617766075664096
9066,pp,0.05,0.0,10,1.0860602807998658,-4.634029375423085,-4.072655793031057
9067,do,0.05,0.0,12,0.6950310409069056,-4.329782858761874,-4.125657652484046
9068,pp,0.05,0.0,14,2.058661652803421,-4.769716661626642,-4.25158359474606
9069,do,0.05,0.0,13,0.29141917943954443,-6.080692742087624,-5.536455535888672
9070,pp,0.05,0.0,7,0.7523231661319736,-5.696308862801754,-5.080781102180481
9071,do,0.05,0.0,6,0.17700558423995982,-4.985447705875743,-4.564223700099522
9072,pp,0.05,0.0,6,0.49046848058700565,-5.345519954508001,-4.747969426049126
9073,do,0.05,0.0,63,1.8384588277339926,-6.170636477614894,-5.7012416362762455
9074,pp,0.05,0.0,10,2.027893199920654,-5.2549665508848244,-4.332191917631361
9075,do,0.05,0.0,3,0.04565501093864377,-4.955601625731497,-4.754847147729662
9076,pp,0.05,0.0,6,0.31724800825119015,-5.438134001240586,-4.738418311542935
9077,do,0.05,0.0,6,0.6592204725742343,-4.951581001281738,-4.725814554426405
9078,pp,0.05,0.0,5,-0.04743390202522324,-6.062823099078554,-5.244012808799743
9079,do,0.05,0.0,6,-0.19591777324676585,-5.664195871353149,-5.576850896411472
9080,pp,0.05,0.0,4,-0.1498128485679624,-6.749863870216139,-5.988798832893371
9081,do,0.05,0.0,14,0.8769919788837433,-5.404962016596938,-4.708096861839294
9082,pp,0.05,0.0,21,3.066309785842895,-5.4099198124625465,-4.479201028082106
9083,do,0.05,0.0,59,2.723409063816071,-8.714968559958718,-9.22813347975413
9084,pp,0.05,0.0,20,2.697396532297134,-7.446135172699437,-5.721043478118049
9085,do,0.05,0.0,3,-0.09750830650329512,-5.5390199574557215,-5.185574362013075
9086,pp,0.05,0.0,57,0.5029010117053971,-8.168784299041286,-6.82859681977166
9087,do,0.05,0.0,9,1.6393402802944177,-5.81080945188349,-5.479192235734728
9088,pp,0.05,0.0,70,0.21515836954116807,-11.536246955755985,-9.81653847694397
9089,do,0.05,0.0,9,1.1529504787921905,-4.646805727120602,-4.227297356393602
9090,pp,0.05,0.0,11,1.3414892137050627,-5.774353296106512,-4.949658356772529
9091,do,0.05,0.0,7,1.249616640806198,-5.6836138233994,-5.319338946872287
9092,pp,0.05,0.0,9,1.373919795751572,-6.327587299635916,-5.245107709036933
9093,do,0.05,0.0,34,1.9106454408168796,-8.00928310625481,-6.078843805525038
9094,pp,0.05,0.0,13,1.3928922343254087,-7.514375020518448,-6.0426446384853785
9095,do,0.05,0.0,55,2.1940065658092482,-9.577048057498354,-9.600531419118246
9096,pp,0.05,0.0,10,1.325624332427978,-5.782006158250751,-4.899795873959859
9097,do,0.05,0.0,51,2.256353501081467,-6.342491269834114,-5.997508570883009
9098,pp,0.05,0.0,68,2.1492636466026305,-8.083836072863955,-6.701079689131843
9099,do,0.05,0.0,4,-0.6038343381881717,-6.099496627576423,-5.687996583514743
9100,pp,0.05,0.0,28,-0.08284155368804846,-9.753905018893155,-8.184537021319072
9101,do,0.05,0.0,68,1.1973048901557917,-6.77895830038822,-6.417273812823826
9102,pp,0.05,0.0,18,2.1259286427497868,-5.130869810508959,-4.502135852972667
9103,do,0.05,0.0,20,2.2850202178955072,-4.5071265148394035,-4.225588128301832
9104,pp,0.05,0.0,70,2.7349556922912592,-7.184429696111968,-5.903007366922167
9105,do,0.05,0.0,12,1.3179059946537013,-5.132455857594808,-4.508364056216346
9106,pp,0.05,0.0,36,3.5854695534706114,-8.035971080895626,-6.775936484336853
9107,do,0.05,0.0,14,1.2950290989875795,-5.1135834693908695,-4.678356840875414
9108,pp,0.05,0.0,18,1.9194149637222289,-5.538033190640536,-4.659531047609117
9109,do,0.05,0.0,24,1.273701192140579,-5.953583759250063,-6.829167268011305
9110,pp,0.05,0.0,13,1.5831242609024052,-6.45575188145493,-5.2992936319775055
9111,do,0.05,0.0,7,0.9399856972694396,-5.620533976410375,-5.300670263502333
9112,pp,0.05,0.0,70,0.30548481345176626,-10.689632113774618,-9.652137555016411
9113,do,0.05,0.0,48,1.285191417932511,-7.819701990936742,-7.133954713079665
9114,pp,0.05,0.0,29,2.238072048425674,-6.9079167062586,-6.111358915434943
9115,do,0.05,0.0,32,0.018641792535781576,-7.47208623308124,-7.169084056218465
9116,pp,0.05,0.0,41,0.06504815101623507,-10.574858009453976,-9.232062244415284
9117,do,0.05,0.0,9,1.2107192587852484,-4.604583993102565,-4.408389563030667
9118,pp,0.05,0.0,15,1.3304408860206598,-5.781935290134315,-5.1464589251412285
9119,do,0.05,0.0,4,0.7081025528907778,-5.217972842129794,-4.903828721576267
9120,pp,0.05,0.0,5,1.0222266149520873,-6.165668520782933,-5.412881178326077
9121,do,0.05,0.0,39,0.33861979842185974,-8.260471160484082,-6.589972604645623
9122,pp,0.05,0.0,19,2.2556370258331295,-7.572384377681848,-6.102740128835042
9123,do,0.05,0.0,44,0.6268121469020844,-7.194390101866289,-7.02354027695126
9124,pp,0.05,0.0,15,0.7793981397151946,-6.923100386243878,-5.987591581874423
9125,do,0.05,0.0,70,1.7192448866367336,-8.102331736593536,-7.24316090742747
9126,pp,0.05,0.0,56,2.5580993676185617,-10.20616662719033,-9.208258242077298
9127,do,0.05,0.0,6,1.1751998579502105,-5.101655795357444,-4.775253576702542
9128,pp,0.05,0.0,7,1.5043291723728176,-4.837712652033026,-4.399293467733595
9129,do,0.05,0.0,2,-0.4117678236961364,-5.425859140627312,-4.911245157983568
9130,pp,0.05,0.0,10,1.47449201464653,-4.922109762827556,-4.780348899629381
9131,do,0.05,0.0,29,1.3148106682300575,-5.5623210256749935,-4.795968135197957
9132,pp,0.05,0.0,19,2.035290132761002,-7.191693704778498,-6.014605079756842
9133,do,0.05,0.0,52,0.797121326923369,-6.596942612619111,-5.867704995473226
9134,pp,0.05,0.0,70,0.9305992662906633,-8.721511576392434,-6.7363800340228615
9135,do,0.05,0.0,62,0.5894919025897991,-7.3989768187205,-5.92153804037306
9136,pp,0.05,0.0,11,1.2457120847702026,-7.140451778065074,-5.298176942931281
9137,do,0.05,0.0,11,0.4169112718105312,-4.738559604413582,-4.270292819870843
9138,pp,0.05,0.0,13,0.7487819230556481,-6.533062067898837,-5.233128725157844
9139,do,0.05,0.0,20,0.8662452864646912,-6.103548247886427,-5.505162411265903
9140,pp,0.05,0.0,8,0.7718499732017516,-5.234839588223082,-4.780287464459737
9141,do,0.05,0.0,69,2.549517837762833,-7.082099307667125,-7.391868215137058
9142,pp,0.05,0.0,66,1.367754656076432,-10.869869807272247,-9.61991654502021
9143,do,0.05,0.0,11,1.6951105117797853,-5.083577387260668,-4.850946100552877
9144,pp,0.05,0.0,23,2.68636373758316,-5.4795068509650955,-4.7478358798556854
9145,do,0.05,0.0,21,-0.27782349824905417,-6.806072438846935,-6.134181512726678
9146,pp,0.05,0.0,8,0.6601738691329953,-5.786628380688754,-4.99592014418708
9147,do,0.05,0.0,10,0.8995922839641572,-5.638252025662046,-4.888501474592421
9148,pp,0.05,0.0,12,1.3033178758621222,-5.8390348448897855,-5.122323812378777
9149,do,0.05,0.0,47,0.8232117962837213,-6.347427116740834,-5.625522934065925
9150,pp,0.05,0.0,10,0.6408150172233587,-5.860344577558113,-5.271652150154114
9151,do,0.05,0.0,26,0.8783193898200992,-6.253048610687256,-5.949482925732931
9152,pp,0.05,0.0,68,1.4516563940048215,-7.901892653378574,-6.997461642159356
9153,do,0.05,0.0,42,3.1875199365615847,-8.025460954145952,-8.27663603623708
9154,pp,0.05,0.0,18,1.6343509960174556,-5.5174146811167395,-4.865444429715475
9155,do,0.05,0.0,9,1.351711919307709,-5.478480701735525,-5.129684572749667
9156,pp,0.05,0.0,14,1.579318059682846,-6.671999468947902,-5.617197669876946
9157,do,0.05,0.0,63,-0.746392030715942,-10.862198046481971,-9.94278777440389
9158,pp,0.05,0.0,14,0.4218808090686803,-6.159895133972168,-5.433008363511827
9159,do,0.05,0.0,15,2.9110943806171417,-4.917273817640362,-4.817067657576667
9160,pp,0.05,0.0,15,1.8433381247520444,-5.845852405374701,-5.042767283651564
9161,do,0.05,0.0,9,0.32612812995910634,-5.561237853946108,-4.95803026093377
9162,pp,0.05,0.0,7,-0.05192201375961325,-5.961581159360481,-5.055263781547547
9163,do,0.05,0.0,23,1.599035186767578,-6.269585730812766,-5.076241408454047
9164,pp,0.05,0.0,5,0.26217545509338347,-5.563976328300707,-4.641420136557685
9165,do,0.05,0.0,12,2.4474901437759398,-6.7557955308394,-5.620618854628669
9166,pp,0.05,0.0,5,1.1228246164321893,-6.445970240506258,-5.26735417842865
9167,do,0.05,0.0,29,1.9767780101299284,-5.7091161077672785,-5.219681391451094
9168,pp,0.05,0.0,5,0.4417302167415622,-4.869416765733199,-4.236580158604516
9169,do,0.05,0.0,9,2.0872411906719206,-5.072201741825451,-4.524670616785685
9170,pp,0.05,0.0,24,2.8069397318363185,-6.454567756074848,-5.394242035018073
9171,do,0.05,0.0,30,4.1024240934848795,-5.60436817371484,-5.756294171015422
9172,pp,0.05,0.0,21,2.376767591238022,-4.968027357621627,-4.134652304649353
9173,do,0.05,0.0,70,1.5935329830646516,-8.110130107764041,-8.959505372577244
9174,pp,0.05,0.0,12,1.7884518873691562,-4.88322759252606,-4.229431422551473
9175,do,0.05,0.0,9,0.2327566230297089,-5.2570070830258455,-4.7242445548375445
9176,pp,0.05,0.0,62,2.095933651924133,-7.668251615582091,-6.686220261785719
9177,do,0.05,0.0,24,0.6488778603076932,-6.645063874215791,-6.718834863768683
9178,pp,0.05,0.0,70,0.5100503087043755,-10.426811297734579,-9.319075769848293
9179,do,0.05,0.0,13,4.057155590057373,-5.73260994535504,-4.851007090674506
9180,pp,0.05,0.0,13,2.5807134056091305,-5.495370325897679,-4.596616795327928
9181,do,0.05,0.0,19,2.155669877529145,-6.38689341545105,-5.3643403848012285
9182,pp,0.05,0.0,14,2.7681327569484715,-5.35511117848483,-4.548254389233059
9183,do,0.05,0.0,14,1.6293343555927287,-7.755209115057281,-6.847065454059177
9184,pp,0.05,0.0,13,1.7996431040763854,-4.871221923828125,-4.302145682440864
9185,do,0.05,0.0,22,1.6261448597908021,-5.939089932586207,-5.311351018481784
9186,pp,0.05,0.0,13,1.6982741725444797,-5.3342224496783635,-4.68255017068651
9187,do,0.05,0.0,14,1.7517106139659884,-4.832602870825565,-4.335741653707292
9188,pp,0.05,0.0,70,1.4401432418823248,-9.803311076308741,-7.9840522368748985
9189,do,0.05,0.0,9,0.013654868602752224,-5.552734750689882,-4.933000728819105
9190,pp,0.05,0.0,14,0.7663001000881193,-6.745649446140636,-5.733272229300605
9191,do,0.05,0.0,16,1.588798314332962,-5.909274945114598,-5.796947436862522
9192,pp,0.05,0.0,36,3.5858320641517647,-6.401770614855217,-5.269039599100749
9193,do,0.05,0.0,37,4.266802123785018,-9.461367465510513,-9.059053881963093
9194,pp,0.05,0.0,19,2.5305706524848937,-6.129004258820505,-4.2804184092415705
9195,do,0.05,0.0,46,1.4887610197067263,-6.84786073366801,-6.796245919333564
9196,pp,0.05,0.0,13,1.5756973683834072,-4.493818686225198,-4.008293269740211
9197,do,0.05,0.0,70,2.456068645715713,-7.371326130086725,-7.21040923330519
9198,pp,0.05,0.0,39,2.4754870331287373,-7.377716454592618,-5.7586786852942575
9199,do,0.05,0.0,19,1.6047276115417484,-6.56416836940881,-5.711685649553934
9200,pp,0.05,0.0,23,2.9610251009464266,-4.22131873477589,-3.88485742410024
9201,do,0.05,0.0,70,1.1376539564132688,-10.327907805009321,-9.663307931688097
9202,pp,0.05,0.0,22,1.2075915551185608,-7.787711293769605,-6.429410070843167
9203,do,0.05,0.0,24,-0.15135732173919703,-6.859756388808742,-6.045636638005575
9204,pp,0.05,0.0,54,2.6332847034931177,-5.542440704865889,-4.847493301497566
9205,do,0.05,0.0,20,1.5220565295219428,-5.076051249648586,-4.543521436055501
9206,pp,0.05,0.0,8,1.6729598212242127,-4.531283958030469,-3.835575490527683
9207,do,0.05,0.0,10,0.3386715078353886,-5.615534685597275,-5.012467556529575
9208,pp,0.05,0.0,9,1.3765303540229796,-4.489656046665076,-3.823537892765469
9209,do,0.05,0.0,10,1.1784022593498236,-6.249795071283976,-5.8093392001258
9210,pp,0.05,0.0,24,2.3344253635406496,-9.043169540347474,-6.859480018085904
9211,do,0.05,0.0,70,0.0074981474876398835,-11.967561846068412,-10.353062444263035
9212,pp,0.05,0.0,6,0.7921998560428616,-5.7354566068360295,-4.980531475279066
9213,do,0.05,0.0,70,0.182918472290039,-8.41063838005066,-8.404173554314507
9214,pp,0.05,0.0,11,1.7053543949127192,-6.245536515207002,-5.201457471317715
9215,do,0.05,0.0,10,0.7156731367111213,-8.296700945767489,-7.1074739297231035
9216,pp,0.05,0.0,53,1.0395990395545969,-13.058611517241507,-11.115124442842271
9217,do,0.05,0.0,31,1.4869145584106445,-7.463765430450439,-6.646411477194892
9218,pp,0.05,0.0,11,1.6862181198596948,-5.030415961236665,-4.216606389151679
9219,do,0.05,0.0,25,3.100506228208542,-5.241936510259455,-5.228028792805142
9220,pp,0.05,0.0,6,0.8494428944587709,-5.131574400988492,-4.238473126623366
9221,do,0.05,0.0,27,1.8636492109298715,-9.34799750212467,-7.577104009522332
9222,pp,0.05,0.0,24,2.0078810429573046,-7.679825785665801,-6.402598428726196
9223,do,0.05,0.0,44,0.46869810938835155,-7.671897805820812,-7.6510244051615395
9224,pp,0.05,0.0,9,0.6279297113418574,-5.110439416133996,-4.451963747872247
9225,do,0.05,0.0,60,3.133905167579651,-8.15186707756736,-7.093365444077386
9226,pp,0.05,0.0,25,3.231401500701904,-4.596150177175349,-4.13254423406389
9227,do,0.05,0.0,65,0.0009965300559997559,-8.99585907387011,-8.017682758967082
9228,pp,0.05,0.0,6,-0.11984843134880041,-5.307518365166404,-4.578143029742771
9229,do,0.05,0.0,33,2.3667564976215365,-5.572144674532341,-4.5895627127753365
9230,pp,0.05,0.0,5,0.18934062480926528,-5.599470070636634,-4.7891682386398315
9231,do,0.05,0.0,70,0.18299327015876798,-9.853850538080389,-8.695753971735636
9232,pp,0.05,0.0,34,1.7798402619361866,-8.52492440108097,-7.1966582669152155
9233,do,0.05,0.0,30,-0.3946615016460422,-7.784993402885668,-8.172408771514892
9234,pp,0.05,0.0,28,0.7549813711643223,-6.949519349589492,-6.079509647687276
9235,do,0.05,0.0,22,1.1253525769710544,-7.1777355858773895,-5.594376479254828
9236,pp,0.05,0.0,31,1.9762283098697662,-6.170023838678996,-4.766517644458347
9237,do,0.05,0.0,70,0.15456268072128232,-8.7370784369382,-8.212818034489949
9238,pp,0.05,0.0,10,0.8460252451896668,-5.597725613911947,-5.079243453343709
9239,do,0.05,0.0,39,1.9672509574890125,-6.2158034353545215,-5.301484894752503
9240,pp,0.05,0.0,33,2.3227222394943237,-5.768697331168434,-4.897418088383144
9241,do,0.05,0.0,10,0.16050918102264422,-7.440099119417595,-6.125141504075792
9242,pp,0.05,0.0,15,0.6886262810230264,-8.793654446168379,-7.488293605380588
9243,do,0.05,0.0,27,-0.0276425909996032,-6.2693067521759955,-5.633206820487976
9244,pp,0.05,0.0,6,0.30188693165779146,-5.338744806520866,-4.895369243621826
9245,do,0.05,0.0,16,1.7647708857059472,-6.293158635226163,-5.693700144026015
9246,pp,0.05,0.0,6,0.29350912451744016,-5.4209321469971625,-4.7894529236687555
9247,do,0.05,0.0,35,3.888444926738739,-4.95743593158144,-4.701142999860975
9248,pp,0.05,0.0,19,1.9021100437641154,-7.016228139761722,-6.025907640986972
9249,do,0.05,0.0,27,1.5537687027454377,-5.796531521190296,-5.666271864043342
9250,pp,0.05,0.0,31,3.0268988418579106,-6.417963140661066,-5.3309923701816135
9251,do,0.05,0.0,31,2.1987961137294763,-7.712103350957235,-7.321429191695319
9252,pp,0.05,0.0,35,2.5540924572944643,-8.7050650249828,-6.845200708177354
9253,do,0.05,0.0,8,-0.3080028522014624,-5.3563128861514,-5.055190571149191
9254,pp,0.05,0.0,7,0.08851552605628932,-5.410306612650554,-4.870028053389655
9255,do,0.05,0.0,27,2.615919080972671,-6.8527305747523455,-6.040779015753004
9256,pp,0.05,0.0,24,2.116554530858993,-6.718628665172693,-5.598066777653164
9257,do,0.05,0.0,68,3.0251779305934914,-5.728967847246112,-5.8741399937205845
9258,pp,0.05,0.0,29,2.7088061797618863,-5.467354635758833,-4.570328680674235
9259,do,0.05,0.0,20,3.9798238921165456,-5.050748590989547,-4.4877223703596325
9260,pp,0.05,0.0,26,2.9780127668380736,-6.53103551864624,-5.1949916097852915
9261,do,0.05,0.0,7,0.14864960432052676,-5.55540760791663,-5.000852513313293
9262,pp,0.05,0.0,19,1.1023936665058134,-5.680175671432957,-5.029211232397292
9263,do,0.05,0.0,16,1.5540540063381192,-5.357016765710079,-4.865065683258904
9264,pp,0.05,0.0,14,2.1436893749237056,-6.046822147658377,-5.054757438765632
9265,do,0.05,0.0,9,1.2197744441032414,-5.593145426836881,-5.256149649620056
9266,pp,0.05,0.0,12,1.4194444155693056,-5.588697988336737,-5.090771055221557
9267,do,0.05,0.0,20,3.801928981542587,-7.2473022330891,-6.48239738146464
9268,pp,0.05,0.0,14,2.109272227287293,-5.908877592375784,-5.262245347764757
9269,do,0.05,0.0,10,0.8251717293262475,-5.825231290586067,-5.405151883761088
9270,pp,0.05,0.0,15,2.249815031290054,-5.667229798345855,-5.023257591989306
9271,do,0.05,0.0,19,1.2158245170116428,-6.0687549518816395,-5.287491687138876
9272,pp,0.05,0.0,26,2.240074665546418,-6.565561856645527,-5.433049074808756
9273,do,0.05,0.0,3,-0.6841423082351685,-5.97471938422232,-5.282575617896186
9274,pp,0.05,0.0,7,0.16256625413894632,-5.821702488985928,-5.1761783891254005
9275,do,0.05,0.0,10,0.7265452218055728,-6.524980738668731,-5.459628727700975
9276,pp,0.05,0.0,60,2.6797942590713504,-10.35020462960908,-9.19837203555637
9277,do,0.05,0.0,18,2.8803108036518097,-6.031361178195838,-5.293164902263218
9278,pp,0.05,0.0,19,3.8133734285831453,-7.768279734524813,-6.791618598832025
9279,do,0.05,0.0,13,0.9013413667678831,-5.2238741022167785,-4.825461774402195
9280,pp,0.05,0.0,14,1.2653402006626129,-5.471006253271392,-4.844309258460998
9281,do,0.05,0.0,14,1.0442132258415224,-5.822851116007024,-5.257608654763963
9282,pp,0.05,0.0,29,0.8024013054370878,-7.183383846282959,-5.981119373109606
9283,do,0.05,0.0,45,1.8647325873374943,-8.693660864685521,-7.425773082839118
9284,pp,0.05,0.0,25,1.713464288711548,-6.539097392920292,-5.530012888378567
9285,do,0.05,0.0,27,0.6947524476051328,-7.181234778779926,-6.3263741148842705
9286,pp,0.05,0.0,51,1.7171606731414792,-7.18778954708215,-6.322801171408759
9287,do,0.05,0.0,21,1.4965985643863684,-5.7201371915412675,-5.348216217093998
9288,pp,0.05,0.0,15,0.9353816211223602,-5.904829636487094,-5.110108020570543
9289,do,0.05,0.0,12,0.24892984986305233,-5.659456159129287,-5.19038966761695
9290,pp,0.05,0.0,15,2.1049454700946812,-5.566635198304147,-4.728962810834249
9291,do,0.05,0.0,28,1.9880749022960655,-6.71242662487608,-5.534648336304558
9292,pp,0.05,0.0,70,2.511934496164322,-9.605709273887403,-7.694055133395725
9293,do,0.05,0.0,24,1.761904754638671,-5.872621130220818,-5.736307870017158
9294,pp,0.05,0.0,32,2.278894981145859,-9.505072090842507,-6.938644443617926
9295,do,0.05,0.0,13,1.8630621564388283,-7.912066778992162,-7.041506544748942
9296,pp,0.05,0.0,10,1.1009117293357846,-7.315363555966002,-6.248241559664408
9297,do,0.05,0.0,18,1.267590622901916,-5.208676208149303,-4.972220611572266
9298,pp,0.05,0.0,6,0.9402744972705834,-5.247333361885764,-4.593375174204509
9299,do,0.05,0.0,18,1.3731485402584074,-7.319129524808941,-6.978774982028537
9300,pp,0.05,0.0,10,1.015600432157516,-5.499889999447447,-4.660069976912604
9301,do,0.05,0.0,7,0.6016349339485165,-5.101732775659272,-4.654833173751831
9302,pp,0.05,0.0,9,0.541096419095993,-5.635556904474894,-4.9591770066155325
9303,do,0.05,0.0,36,1.5947703742980952,-6.723456823464596,-5.394928261968825
9304,pp,0.05,0.0,43,1.806585651636123,-7.739951757951216,-6.363498036066691
9305,do,0.05,0.0,25,1.9297469532489773,-6.278720313852483,-6.117425984806484
9306,pp,0.05,0.0,20,0.5138660836219788,-7.418114384737882,-6.251134181022644
9307,do,0.05,0.0,9,1.3052417361736293,-5.059520082762747,-4.389497643046909
9308,pp,0.05,0.0,13,1.9741118371486666,-7.417585935014667,-5.856912520196703
9309,do,0.05,0.0,46,0.11694634199142406,-8.313243410804056,-7.066176191965739
9310,pp,0.05,0.0,44,1.1928941273689269,-8.694900382648814,-7.194889452722338
9311,do,0.05,0.0,18,0.5852013647556307,-6.717645026698257,-6.223733825153775
9312,pp,0.05,0.0,11,1.1116706287860874,-5.560857236746585,-4.750158145692613
9313,do,0.05,0.0,4,-0.11900154471397428,-5.811451770320083,-5.365020047293769
9314,pp,0.05,0.0,70,0.970301420688628,-8.433452460260103,-7.322598536809285
9315,do,0.05,0.0,17,3.1914812946319575,-7.722582312786218,-5.969535893864101
9316,pp,0.05,0.0,11,1.6056625759601593,-5.367167471394394,-4.53870526684655
9317,do,0.05,0.0,50,3.5976384770870213,-5.849392753658873,-5.207036611768935
9318,pp,0.05,0.0,30,4.114120486974716,-6.3128793860926775,-4.5933009439044525
9319,do,0.05,0.0,30,3.7722918260097504,-6.105852505654999,-6.371566655900743
9320,pp,0.05,0.0,42,2.825065450668335,-8.83874391931476,-6.910453655984667
9321,do,0.05,0.0,19,1.9211357796192168,-5.184846818808353,-4.782487437460158
9322,pp,0.05,0.0,28,3.0415027272701263,-5.712329675212051,-4.993866006533305
9323,do,0.05,0.0,12,1.051595284938812,-5.215600023847638,-5.2709815449184845
9324,pp,0.05,0.0,10,1.1483655035495755,-4.724422613779704,-4.017574438783858
9325,do,0.05,0.0,23,3.2342978250980385,-5.752555912191218,-5.475062868330213
9326,pp,0.05,0.0,7,1.5338116824626917,-5.603819234443433,-4.726894426345825
9327,do,0.05,0.0,31,3.3605906486511232,-5.608627166170063,-5.334177250332303
9328,pp,0.05,0.0,14,2.238674784898758,-4.591567782199744,-3.913435551855299
9329,do,0.05,0.0,5,1.0130131518840786,-5.1402432542858705,-4.687220316463047
9330,pp,0.05,0.0,28,2.429506825208664,-6.003044155872229,-4.336310627725389
9331,do,0.05,0.0,18,2.4462705302238463,-5.505330928166708,-6.008778532346089
9332,pp,0.05,0.0,64,2.8899666702747346,-7.098091632669623,-6.208706185552809
9333,do,0.05,0.0,16,1.3395544159412385,-6.413232353961829,-6.323326200909085
9334,pp,0.05,0.0,14,0.9377889502048484,-5.831597007404675,-5.083031029171414
9335,do,0.05,0.0,20,1.8912315189838402,-5.9059341632958615,-5.342680139011807
9336,pp,0.05,0.0,11,2.1819204866886137,-4.610457826383186,-3.967872153388129
9337,do,0.05,0.0,30,3.570581088066101,-5.491914114807591,-6.473325329356723
9338,pp,0.05,0.0,39,3.1148001706600192,-6.698866595643939,-5.3571149243248835
9339,do,0.05,0.0,70,4.252195036411285,-7.6970418901154485,-8.129279534022013
9340,pp,0.05,0.0,7,0.7810881817340851,-6.0134868116089795,-5.002698138025072
9341,do,0.05,0.0,37,2.4244995188713068,-7.198957535714814,-7.635200230280558
9342,pp,0.05,0.0,20,2.8728376924991617,-6.458112012978756,-4.978098697132534
9343,do,0.05,0.0,35,2.385664523839951,-6.577289759029042,-6.572213914659288
9344,pp,0.05,0.0,23,2.101142038106919,-6.985785368717078,-5.972017730606927
9345,do,0.05,0.0,8,1.4901834392547597,-7.208125401988174,-5.847754592365689
9346,pp,0.05,0.0,9,2.221017810106278,-6.349426698684693,-4.488750182257759
9347,do,0.05,0.0,28,4.80973871588707,-6.002003463109334,-5.5177816761864555
9348,pp,0.05,0.0,13,2.1157589244842523,-5.386753537438133,-4.058187789387173
9349,do,0.05,0.0,3,-0.31640176653862007,-5.870903272339792,-5.293641236093309
9350,pp,0.05,0.0,14,1.304702394008637,-5.064449872392597,-4.429835006925795
9351,do,0.05,0.0,19,4.487999869585038,-5.467701692292184,-5.32315386666192
9352,pp,0.05,0.0,13,1.1823324120044703,-5.205686940568866,-4.442159957355923
9353,do,0.05,0.0,35,3.7158537530899043,-5.507357395056522,-4.997121122148302
9354,pp,0.05,0.0,17,2.2811558628082276,-4.777763259772098,-3.855863910251194
9355,do,0.05,0.0,29,3.113869479894638,-7.400718061851733,-6.030287143919203
9356,pp,0.05,0.0,30,3.5769086766242975,-6.575370171575836,-4.860490571127998
9357,do,0.05,0.0,13,1.4088998138904572,-5.868538304531213,-5.61058459546831
9358,pp,0.05,0.0,5,0.4443074285984032,-5.762965612700492,-4.716185734007094
9359,do,0.05,0.0,70,3.114310901165009,-6.949666611353556,-7.569445019298129
9360,pp,0.05,0.0,28,1.9556651329994192,-6.468462224440141,-5.429475310113695
9361,do,0.05,0.0,65,1.5040426945686338,-13.175554687326605,-11.621929099824694
9362,pp,0.05,0.0,70,2.6828073573112476,-8.885595154039788,-7.798000706566705
9363,do,0.05,0.0,32,3.06613504767418,-5.401357942638975,-5.164675704638163
9364,pp,0.05,0.0,12,3.077879892587662,-4.795852880766898,-3.884455078177982
9365,do,0.05,0.0,10,1.0089864122867587,-6.004159495324799,-6.197818904452854
9366,pp,0.05,0.0,10,1.3854683589935304,-7.206595988707109,-5.508595087793139
9367,do,0.05,0.0,21,2.8406541872024524,-5.98453683275165,-5.490488420592414
9368,pp,0.05,0.0,7,0.4645870876312257,-6.337244595903339,-4.910064837667677
9369,do,0.05,0.0,26,1.041080706119537,-5.548839317668568,-4.977170634269714
9370,pp,0.05,0.0,22,0.23327245593070955,-7.197751412247166,-6.477791984875997
9371,do,0.05,0.0,29,1.8933440434932702,-6.302287380623095,-5.672625491354201
9372,pp,0.05,0.0,61,1.2430143666267401,-10.135189830895627,-8.747982390721639
9373,do,0.05,0.0,37,0.6799981641769417,-8.20559634439873,-7.79097139040629
9374,pp,0.05,0.0,7,0.27096075296401967,-5.691505979769158,-4.754653885629442
9375,do,0.05,0.0,13,0.6812513422966004,-6.5067670099663015,-6.176645925309923
9376,pp,0.05,0.0,11,1.8607777571678161,-5.825476955645012,-4.956279685762193
9377,do,0.05,0.0,39,3.6395202398300173,-5.519595283450502,-4.7888556374443905
9378,pp,0.05,0.0,25,4.367894488573074,-5.756228416616266,-4.714061013857523
9379,do,0.05,0.0,35,0.8913527262210845,-6.069974434014522,-6.105817527241177
9380,pp,0.05,0.0,15,2.4407375097274775,-5.174309785438306,-3.8981585952970716
9381,do,0.05,0.0,70,0.5863424432277675,-8.3972775517088,-8.325095653533936
9382,pp,0.05,0.0,21,2.2898032391071315,-5.16020459839792,-4.592221914397346
9383,do,0.05,0.0,67,1.8654361379146573,-6.785943165692416,-6.591667066680061
9384,pp,0.05,0.0,27,4.798893693685532,-5.6695345950849125,-4.733952254719204
9385,do,0.05,0.0,4,-0.07338306665420458,-5.7773779059901385,-5.7124229696061875
9386,pp,0.05,0.0,8,1.1981953930854798,-5.759751238967433,-4.94364296330346
9387,do,0.05,0.0,6,0.4550917673110959,-5.956654986468228,-5.109501661194695
9388,pp,0.05,0.0,4,0.4308764195442203,-5.355555093649662,-4.484723862012228
9389,do,0.05,0.0,9,-0.1028704786300656,-6.999725781065045,-7.060046752293904
9390,pp,0.05,0.0,10,0.7085471343994136,-6.53580543200175,-5.735615706443786
9391,do,0.05,0.0,70,1.1939469516277317,-8.08382296706691,-7.310273996988932
9392,pp,0.05,0.0,3,-0.6090239536762239,-5.763617590701942,-5.142331292894151
9393,do,0.05,0.0,22,3.74999770283699,-7.389808637445623,-7.224819042947558
9394,pp,0.05,0.0,10,2.2620269381999973,-5.178284785241791,-4.538234737184313
9395,do,0.05,0.0,55,1.9949771273136125,-9.103148443048651,-7.920498948627048
9396,pp,0.05,0.0,7,1.0538132476806643,-5.215328083616314,-4.50534757508172
9397,do,0.05,0.0,14,1.1859913194179539,-5.395361692255194,-4.994438070721096
9398,pp,0.05,0.0,25,1.0953548657894139,-7.813456179878928,-6.887478939692179
9399,do,0.05,0.0,34,2.3920131254196173,-6.800063108675408,-6.7569018946753605
9400,pp,0.05,0.0,38,2.45740184545517,-8.793336561954384,-7.866011095046997
9401,do,0.05,0.0,17,0.14057659626007002,-6.823514519315777,-6.038549203342861
9402,pp,0.05,0.0,15,1.9681672990322108,-5.276980940500895,-4.635685425334507
9403,do,0.05,0.0,11,0.45364539980888363,-5.39977363095139,-4.923508082495795
9404,pp,0.05,0.0,46,1.6638121628761304,-12.170294774662365,-9.240501234266493
9405,do,0.05,0.0,60,0.5050385093688963,-7.685069342815515,-7.216879712210761
9406,pp,0.05,0.0,64,0.2508555889129642,-10.349307014002944,-8.616621764500936
9407,do,0.05,0.0,12,0.1541570413112643,-5.91414158561013,-5.331249202622308
9408,pp,0.05,0.0,48,1.0097162318229689,-9.196191773270115,-8.090089501274957
9409,do,0.05,0.0,10,1.5034274578094484,-4.785636469812104,-4.32463129096561
9410,pp,0.05,0.0,23,2.441964446306228,-6.254843626600323,-5.67157179514567
9411,do,0.05,0.0,70,0.6607381176948532,-10.547421143271706,-9.767705104086135
9412,pp,0.05,0.0,4,0.02528262853622465,-4.9382812398852725,-4.40095239215427
9413,do,0.05,0.0,44,2.97630288720131,-6.265051100470803,-5.926426328553093
9414,pp,0.05,0.0,16,1.4475132632255558,-6.227319945711078,-5.501463680797153
9415,do,0.05,0.0,23,3.290902531147003,-5.114953270825473,-4.4600215620464745
9416,pp,0.05,0.0,47,2.8027252113819117,-6.323414743307865,-5.912651472621494
9417,do,0.05,0.0,35,2.3293899357318884,-9.498699257590554,-7.549115827348497
9418,pp,0.05,0.0,5,0.7476701557636263,-5.613794620109327,-4.5720740848117405
9419,do,0.05,0.0,15,1.3577255797386174,-7.098798668023312,-6.51269104745653
9420,pp,0.05,0.0,18,1.950584900379181,-6.8649386478192875,-5.647856243451437
9421,do,0.05,0.0,58,2.1966723668575288,-9.88361986767162,-9.013567182752821
9422,pp,0.05,0.0,6,0.6682177877426145,-5.3019670500899805,-4.602055313852098
9423,do,0.05,0.0,45,1.908104847669601,-7.974037124171401,-7.979271782769097
9424,pp,0.05,0.0,12,1.4416538739204405,-5.909638685168642,-4.932279343075223
9425,do,0.05,0.0,70,3.2651697063446044,-8.079364036791253,-8.046574695905049
9426,pp,0.05,0.0,10,1.651134915351868,-5.404748750455452,-4.939629570643107
9427,do,0.05,0.0,16,0.811579524278641,-5.671829171614213,-5.375222910775078
9428,pp,0.05,0.0,13,1.2770231068134308,-5.52369246338353,-4.724711187680563
9429,do,0.05,0.0,64,1.311551078557967,-9.137506206107862,-8.342852359347873
9430,pp,0.05,0.0,29,1.6058590662479402,-6.440522128885442,-5.449548999468486
9431,do,0.05,0.0,26,1.8573661351203912,-5.540024992913911,-4.994045037693447
9432,pp,0.05,0.0,32,3.202722222805024,-6.196972505974047,-5.172473817401462
9433,do,0.05,0.0,18,2.0030842638015756,-6.352607588334517,-5.732286159197489
9434,pp,0.05,0.0,10,1.3547379791736605,-6.179663356145223,-5.411346716350979
9435,do,0.05,0.0,26,2.9061848425865175,-5.761270102587614,-5.854016892115275
9436,pp,0.05,0.0,9,1.7837352442741388,-5.848125408634995,-4.936680542098151
9437,do,0.05,0.0,21,1.1315744137763977,-6.074259187235977,-5.512851187917922
9438,pp,0.05,0.0,10,0.7113322770595554,-5.451326416478013,-4.423989550272624
9439,do,0.05,0.0,16,1.0500335574150084,-5.602387166745735,-5.3560466819339325
9440,pp,0.05,0.0,22,1.2853876185417166,-7.017302663398511,-6.633989551332262
9441,do,0.05,0.0,23,3.0413734841346747,-6.502109211141413,-6.925842250718011
9442,pp,0.05,0.0,21,2.817519410848618,-7.7487257292776395,-6.16769446267022
9443,do,0.05,0.0,19,1.4501712393760684,-6.613818362264922,-6.503431940078736
9444,pp,0.05,0.0,11,1.0644822394847875,-5.872607916051691,-5.086351082060072
9445,do,0.05,0.0,70,3.341208198070526,-7.0114845723816845,-7.45334406958686
9446,pp,0.05,0.0,50,1.9536840248107916,-6.78084646282774,-5.7884816937976415
9447,do,0.05,0.0,30,2.4180304217338557,-5.890739990003182,-5.3117592520183985
9448,pp,0.05,0.0,21,4.432717952728271,-6.305809367786754,-5.494860781563653
9449,do,0.05,0.0,6,1.1176940143108371,-5.648067578402433,-5.112266702122159
9450,pp,0.05,0.0,15,1.4254261994361874,-6.556400011525009,-5.093558112780253
9451,do,0.05,0.0,12,1.6232114672660831,-5.170598524267024,-4.507894322607252
9452,pp,0.05,0.0,7,1.4037061560153958,-6.058817139538852,-4.898483316103618
9453,do,0.05,0.0,12,2.1285090637207027,-6.200590567155317,-5.283203654819065
9454,pp,0.05,0.0,13,2.3311732363700868,-5.685377930149888,-5.010021495819092
9455,do,0.05,0.0,41,1.2691603064537045,-7.994511514721495,-7.371242684788174
9456,pp,0.05,0.0,33,2.958709236383438,-6.541653458277384,-5.3900650474760265
9457,do,0.05,0.0,17,0.537076250314712,-6.326407620401094,-5.658619623714023
9458,pp,0.05,0.0,8,0.6856329035758977,-5.336770863966509,-4.804185928238763
9459,do,0.05,0.0,13,2.378891410827637,-5.244173794081717,-4.3865563445621065
9460,pp,0.05,0.0,30,4.805165449380874,-6.976650671525435,-6.095994308259752
9461,do,0.05,0.0,10,0.4902335941791529,-5.44915095242587,-5.3300025224685665
9462,pp,0.05,0.0,12,1.31822646856308,-6.088741205677842,-5.505435570081075
9463,do,0.05,0.0,70,2.258188914060593,-9.770329215309836,-9.407820235358344
9464,pp,0.05,0.0,13,2.283945809602737,-6.928095343618682,-5.688386249542236
9465,do,0.05,0.0,43,3.1624816858768456,-6.605068131649133,-6.479085199038187
9466,pp,0.05,0.0,12,2.4641434252262115,-5.9135130954511235,-5.195592710706923
9467,do,0.05,0.0,27,2.837318139076233,-6.153725114013209,-5.103246182865567
9468,pp,0.05,0.0,24,2.680988073348999,-4.721391029068918,-4.180453962749905
9469,do,0.05,0.0,16,1.2144877314567566,-6.066603154847116,-5.454646057552761
9470,pp,0.05,0.0,16,2.012847125530243,-6.920791599967263,-6.685348182254367
9471,do,0.05,0.0,6,0.2356257462501521,-5.504970742716933,-4.799247733751932
9472,pp,0.05,0.0,62,0.8111759328842165,-7.255397553877397,-6.57192242940267
9473,do,0.05,0.0,7,0.2760707843303676,-5.184718512043808,-4.517531689008077
9474,pp,0.05,0.0,12,1.2596971869468687,-5.17897907892863,-4.442827385001713
9475,do,0.05,0.0,30,2.0731045365333554,-4.968084450924035,-4.5951347827911375
9476,pp,0.05,0.0,21,2.2710494971275335,-4.592027630227985,-4.133538614379035
9477,do,0.05,0.0,5,0.4895912861824039,-5.4409319501934625,-4.752766903241476
9478,pp,0.05,0.0,6,1.0381615567207332,-5.5062649351177795,-4.313931139310201
9479,do,0.05,0.0,9,0.6378185188770296,-4.807517121054909,-4.4913535806867815
9480,pp,0.05,0.0,33,3.06912489414215,-5.715731969024196,-4.7482502990298805
9481,do,0.05,0.0,20,1.5090967953205103,-4.404929451508956,-4.280993073516422
9482,pp,0.05,0.0,70,2.6744093430042266,-5.985129220557935,-5.321815705299377
9483,do,0.05,0.0,7,0.8643981981277467,-4.700897212461991,-4.020727035734389
9484,pp,0.05,0.0,47,0.7079247522354137,-9.030800239967578,-7.476447950469123
9485,do,0.05,0.0,9,0.7318095922470098,-4.557830715179444,-4.065045910411411
9486,pp,0.05,0.0,13,1.4836263608932496,-4.853029982248942,-4.286320866478814
9487,do,0.05,0.0,5,0.49188400268554666,-4.881351853861953,-4.171964195039537
9488,pp,0.05,0.0,7,0.8133737611770631,-5.504983108693903,-4.564671611785888
9489,do,0.05,0.0,14,1.3178025484085083,-5.390072631835937,-4.798079631063673
9490,pp,0.05,0.0,16,1.7714651024341581,-5.148105218193748,-4.4025397300720215
9491,do,0.05,0.0,17,0.6420384883880619,-5.304736550649007,-4.781542491912842
9492,pp,0.05,0.0,8,0.9633968532085415,-4.969791160930287,-4.28745760122935
9493,do,0.05,0.0,9,0.8456254124641411,-4.916148288322217,-4.2147568556997514
9494,pp,0.05,0.0,6,0.7121495032310481,-4.755506501053318,-4.014323237207201
9495,do,0.05,0.0,37,0.9853242146968846,-9.459423887368404,-8.45722689098782
9496,pp,0.05,0.0,60,1.5601004183292382,-8.959396427327937,-7.529567779435052
9497,do,0.05,0.0,5,0.7912678647041318,-4.94506785363862,-4.23656927479638
9498,pp,0.05,0.0,6,0.3015166306495667,-4.524452531698978,-3.852754004796346
9499,do,0.05,0.0,7,0.14078230738639785,-5.070065783009385,-4.521288228034973
9500,pp,0.05,0.0,8,-0.11615207433700636,-5.954467702634407,-4.864180819193522
9501,do,0.05,0.0,21,0.8165376234054564,-4.966954796241992,-4.473628693156773
9502,pp,0.05,0.0,5,0.24472520112991258,-5.526738841605909,-4.513970605532328
9503,do,0.05,0.0,16,0.9386112153530126,-5.359008244312171,-4.636009301079644
9504,pp,0.05,0.0,11,1.1019368600845336,-4.602355519208041,-4.030038064055972
9505,do,0.05,0.0,70,1.3768367862701423,-6.107237006678726,-6.23626676135593
9506,pp,0.05,0.0,21,1.0847940921783445,-5.773069277676669,-4.8461275762981835
9507,do,0.05,0.0,15,1.5885449659824369,-5.559756933559071,-4.867560503217909
9508,pp,0.05,0.0,41,2.1563947546482094,-5.354823164506392,-4.500495542420281
9509,do,0.05,0.0,11,1.4375247979164127,-5.033461371335116,-4.597449417908987
9510,pp,0.05,0.0,20,2.676526848077774,-5.162151689240427,-4.497755065229204
9511,do,0.05,0.0,4,1.0440570664405824,-4.7059517296877775,-4.218240094184876
9512,pp,0.05,0.0,10,1.6543230140209202,-5.102226039135095,-4.803171976407369
9513,do,0.05,0.0,4,-0.20549620509147637,-5.355750081033418,-4.800075965457492
9514,pp,0.05,0.0,14,0.7915795683860782,-6.521333815834739,-5.90329327583313
9515,do,0.05,0.0,15,1.1011153447628024,-5.653302197022872,-5.004479598999024
9516,pp,0.05,0.0,19,1.239990832805634,-6.228641637166342,-5.220816575156318
9517,do,0.05,0.0,7,-0.07570972442626989,-5.488782822002064,-5.10977714061737
9518,pp,0.05,0.0,15,0.6466767764091497,-5.514178355534871,-4.800605699751112
9519,do,0.05,0.0,60,2.1294203507900225,-7.461501083952008,-7.086932892269559
9520,pp,0.05,0.0,34,3.008925350904465,-5.708641777616559,-5.207772456275093
9521,do,0.05,0.0,22,2.157183057069778,-5.811161636583733,-4.967786860466004
9522,pp,0.05,0.0,19,2.433740571737289,-5.846670517776952,-4.997163354025947
9523,do,0.05,0.0,11,2.604992532730102,-4.533896307511763,-4.054587373468611
9524,pp,0.05,0.0,18,2.4834695136547094,-5.60783278725364,-4.982688019010756
9525,do,0.05,0.0,7,1.0219251501560214,-5.106842334342725,-5.013023455937703
9526,pp,0.05,0.0,19,1.9473922538757327,-5.3629595626484265,-4.861700185139974
9527,do,0.05,0.0,12,1.6606066632270817,-5.481371664278435,-4.939248069127401
9528,pp,0.05,0.0,15,1.2164664757251744,-5.907340061303341,-4.895780793825785
9529,do,0.05,0.0,24,1.547271939516067,-5.271378345200509,-5.472515047921075
9530,pp,0.05,0.0,32,1.9440011453628543,-5.050483774416374,-4.462223876847161
9531,do,0.05,0.0,11,1.4336563158035274,-5.203770368749445,-4.879986855718824
9532,pp,0.05,0.0,11,1.3739240217208861,-4.72305194681341,-4.237728770573934
9533,do,0.05,0.0,35,0.638534045219421,-7.38980372168801,-6.8128825333383345
9534,pp,0.05,0.0,10,1.5476218581199648,-5.877143768830733,-5.02941177421146
9535,do,0.05,0.0,16,0.6682322323322296,-6.1092064741886025,-5.51258331934611
9536,pp,0.05,0.0,25,1.2051112961769102,-5.818290515379473,-5.123266463809543
9537,do,0.05,0.0,6,0.14597373962402305,-5.261127201716105,-5.231151580810547
9538,pp,0.05,0.0,8,0.5200866162776947,-6.111679997588649,-5.776839187410142
9539,do,0.05,0.0,6,0.5681065273284913,-4.59748966477134,-4.0967557801140675
9540,pp,0.05,0.0,13,1.9894144392013544,-5.127570120493571,-4.352317089504666
9541,do,0.05,0.0,37,1.396533309221267,-6.265760252692482,-6.420556698905097
9542,pp,0.05,0.0,64,3.6915567219257355,-7.412262972918424,-6.742528663741218
9543,do,0.05,0.0,11,1.1973589837551115,-5.0146691033334445,-5.482505594359504
9544,pp,0.05,0.0,11,0.9938517558574675,-5.914720701448845,-5.335451073116726
9545,do,0.05,0.0,33,1.6980031394958504,-5.824667997071237,-5.297690910763211
9546,pp,0.05,0.0,11,0.8592459511756898,-5.672143112529408,-4.797575574451023
9547,do,0.05,0.0,30,2.073785653114319,-4.83471482739304,-4.644600257608626
9548,pp,0.05,0.0,27,0.665642825365067,-6.612499182152026,-5.9094892395867245
9549,do,0.05,0.0,10,0.805050263404846,-4.965575511527784,-4.460843165715535
9550,pp,0.05,0.0,11,1.5974931395053868,-5.054652057994495,-4.491335293981764
9551,do,0.05,0.0,20,2.138366165161133,-4.917070365674568,-4.614542023340861
9552,pp,0.05,0.0,11,1.601578764915466,-4.937084514444525,-4.358521429697673
9553,do,0.05,0.0,6,0.4131587600708011,-5.126297851042314,-4.707374299897088
9554,pp,0.05,0.0,6,-0.1109399449825279,-5.417890227924694,-4.629108680619134
9555,do,0.05,0.0,2,-0.5478668558597564,-5.032515001296997,-4.563330070177714
9556,pp,0.05,0.0,13,1.627619938850403,-4.5586448033650715,-4.000471695264181
9557,do,0.05,0.0,13,0.7337108135223387,-4.980168553554651,-4.828548827436236
9558,pp,0.05,0.0,10,0.623326481580734,-4.811538007042625,-3.9920688854323494
9559,do,0.05,0.0,8,1.2086563909053805,-5.279181215979836,-4.4513745334413315
9560,pp,0.05,0.0,5,1.0381396579742432,-5.454313603314486,-4.702176756329006
9561,do,0.05,0.0,25,1.2843580478429795,-4.769884278557518,-4.541257712576124
9562,pp,0.05,0.0,21,1.4177510690689088,-5.084672887397535,-4.4181965655750695
9563,do,0.05,0.0,24,1.1248508095741272,-4.641406439289902,-4.126758943663703
9564,pp,0.05,0.0,18,1.3635440492630009,-4.830070927648833,-4.1064312643475
9565,do,0.05,0.0,11,0.9313599336147309,-4.940189208406391,-4.295346204439799
9566,pp,0.05,0.0,12,1.4544620108604427,-4.836889184604992,-3.9987022346920438
9567,do,0.05,0.0,17,0.9763980829715724,-5.065579811731975,-4.6892909500334
9568,pp,0.05,0.0,26,2.1367272782325752,-5.172362461957064,-4.514790467421213
9569,do,0.05,0.0,8,0.49622969388961824,-5.331323497945612,-4.694205005963643
9570,pp,0.05,0.0,8,0.6021396076679224,-5.282222191492717,-4.526955604553223
9571,do,0.05,0.0,6,1.53136532664299,-4.971968526551218,-4.279761793878343
9572,pp,0.05,0.0,19,1.1142385768890382,-8.049474769650084,-6.185944490962559
9573,do,0.05,0.0,8,0.9369727957248681,-5.302117479208744,-5.3365119934082035
9574,pp,0.05,0.0,24,1.938573879003525,-5.101519326007727,-4.775817791620891
9575,do,0.05,0.0,13,0.6884561586380009,-5.066538354122278,-4.237337382634481
9576,pp,0.05,0.0,22,1.5570798718929284,-7.010919297825207,-5.750601816177368
9577,do,0.05,0.0,13,1.0681951248645785,-4.9654097484819815,-4.33847324318356
9578,pp,0.05,0.0,10,0.9708877336978912,-4.844288860667835,-4.378907261954414
9579,do,0.05,0.0,4,0.643911600112915,-5.046356416471077,-4.767575070593092
9580,pp,0.05,0.0,7,1.0048575675487523,-5.299983176318082,-4.367695073286693
9581,do,0.05,0.0,7,0.5421629822254177,-4.606647469780662,-3.960607871744368
9582,pp,0.05,0.0,18,1.3771692180633544,-4.996427851012259,-4.34491468667984
9583,do,0.05,0.0,31,0.7154968190193163,-7.472784188299468,-7.220685142940945
9584,pp,0.05,0.0,27,1.0457155394554132,-7.110339265881163,-6.23073718547821
9585,do,0.05,0.0,5,-0.12280418157577522,-5.853467012174201,-4.698125773006016
9586,pp,0.05,0.0,9,0.7152828788757324,-5.705587108207472,-4.748754458957248
9587,do,0.05,0.0,21,1.5082381916046144,-4.640528963551377,-4.370484713713328
9588,pp,0.05,0.0,12,0.638151342868805,-5.466706770116633,-4.551709625456068
9589,do,0.05,0.0,10,0.36998751759529114,-5.524658479112567,-4.8820106267929075
9590,pp,0.05,0.0,13,1.2828247773647306,-5.168243594603105,-4.3616589215066695
9591,do,0.05,0.0,28,1.4739661943912505,-6.052908375768951,-5.504752585623
9592,pp,0.05,0.0,4,0.09371478199958805,-5.849613201256954,-4.8309851275549995
9593,do,0.05,0.0,46,0.4025920009613042,-10.657624448429454,-11.069673601786295
9594,pp,0.05,0.0,8,0.4557700419425963,-7.696237858858976,-6.2564478450351295
9595,do,0.05,0.0,18,0.8652146005630499,-6.973399662249016,-6.547447276115418
9596,pp,0.05,0.0,27,1.978788112401963,-7.880030383485736,-5.89662614663442
9597,do,0.05,0.0,9,1.674687457084655,-4.778162495295207,-4.109149698416392
9598,pp,0.05,0.0,30,2.9351447141170492,-5.753172794977824,-4.365166441599528
9599,do,0.05,0.0,10,1.6104644751548767,-5.350576802456017,-4.871976918644375
9600,pp,0.05,0.0,21,2.315178283452987,-6.2821092157652885,-4.7665718370013765
9601,do,0.05,0.0,12,0.27578345298767104,-5.56753221280647,-4.868303844663832
9602,pp,0.05,0.0,24,3.2762424457073216,-6.543127581567475,-5.6765245808495415
9603,do,0.05,0.0,9,1.3146926021575922,-4.640937718478116,-4.116094577312469
9604,pp,0.05,0.0,7,1.445178809165955,-4.665223793549971,-3.9186866415871515
9605,do,0.05,0.0,18,3.7028536450862877,-6.268803931727554,-5.525918608241611
9606,pp,0.05,0.0,11,2.4885577487945554,-5.548653098308679,-4.897636238733927
9607,do,0.05,0.0,12,-0.28325148105621345,-6.183491738637288,-5.273428757985433
9608,pp,0.05,0.0,5,-0.14366001009941076,-6.081554983601426,-4.962678074836731
9609,do,0.05,0.0,11,1.4401365995407103,-5.07303469397805,-4.319244560930464
9610,pp,0.05,0.0,70,1.290597789287566,-5.874756360776496,-4.934509081310696
9611,do,0.05,0.0,7,0.49436155438423146,-5.821344768639767,-5.4216125991609365
9612,pp,0.05,0.0,7,0.8966895043849945,-5.669080227071588,-5.150376974211799
9613,do,0.05,0.0,3,-0.43250961780548103,-5.917776151136919,-4.842829224798415
9614,pp,0.05,0.0,5,0.2245677936077115,-5.914009559515751,-5.071560165617201
9615,do,0.05,0.0,4,-0.3675380551815035,-5.579493157068888,-4.944521329138014
9616,pp,0.05,0.0,66,0.39327180504798864,-8.177960869760224,-7.904803276062012
9617,do,0.05,0.0,22,4.547628988027572,-5.687940229069103,-5.061491012573242
9618,pp,0.05,0.0,28,5.100014647245406,-5.539458410667651,-4.618074917793274
9619,do,0.05,0.0,15,1.613596390485764,-4.992086547793764,-4.5165241400400795
9620,pp,0.05,0.0,11,1.8757019019126897,-5.188995771697074,-4.6466827207141455
9621,do,0.05,0.0,70,3.854574131965638,-8.811963428150523,-7.631626796722412
9622,pp,0.05,0.0,19,3.80473326921463,-6.333394517320575,-5.3827708535724215
9623,do,0.05,0.0,45,0.9251827371120447,-6.3520442875948815,-5.968552115228441
9624,pp,0.05,0.0,10,0.6635279834270484,-5.108454338709513,-4.45611478222741
9625,do,0.05,0.0,70,-0.467736517190934,-9.102948927156852,-8.927338382932875
9626,pp,0.05,0.0,31,0.4833511936664596,-9.01663480238481,-7.538978136910332
9627,do,0.05,0.0,36,0.5007034802436827,-8.58053665450125,-7.701463598675198
9628,pp,0.05,0.0,9,1.8150034177303311,-7.488600079218546,-5.956350710656908
9629,do,0.05,0.0,17,1.1023877930641177,-5.079974514065367,-4.471839980284373
9630,pp,0.05,0.0,6,-0.1550834488868711,-5.460220770402388,-4.659064865112304
9631,do,0.05,0.0,66,0.5110866546630852,-8.845767654072155,-7.755199191305373
9632,pp,0.05,0.0,27,0.9020685672760003,-6.230013317050356,-5.1938714133368595
9633,do,0.05,0.0,13,1.6686215794086454,-5.720792858528369,-5.357379656367832
9634,pp,0.05,0.0,7,0.816857821941376,-5.6028539411949385,-4.902797365188599
9635,do,0.05,0.0,28,0.5592586231231698,-6.472042316378969,-6.201125831074185
9636,pp,0.05,0.0,11,0.8068558263778689,-5.209207835341945,-4.593773330582513
9637,do,0.05,0.0,12,1.1497425425052636,-5.0873510548562715,-4.410962239901225
9638,pp,0.05,0.0,11,0.6311429405212401,-6.503343936168786,-5.6499062829547455
9639,do,0.05,0.0,15,0.22382745504379287,-6.885936939355099,-6.3028727769851685
9640,pp,0.05,0.0,9,0.7890429437160487,-6.106164773305257,-5.617196281750997
9641,do,0.05,0.0,1,-0.7761898636817932,-5.993015299421368,-5.135516375965542
9642,pp,0.05,0.0,10,0.7212665724754332,-6.072902711232503,-5.239869952201843
9643,do,0.05,0.0,13,0.21687819480896042,-6.156160559798732,-5.136192854245504
9644,pp,0.05,0.0,3,-0.24833506464958166,-6.05797796682878,-5.240386962890625
9645,do,0.05,0.0,6,0.6201494228839879,-5.896206561001864,-4.957325967152913
9646,pp,0.05,0.0,5,0.6989371013641357,-6.806222063122374,-5.481087507141961
9647,do,0.05,0.0,5,0.1466145610809324,-5.888778429320364,-5.4528049310048425
9648,pp,0.05,0.0,12,1.1787051308155059,-4.986578473177823,-4.505905273225572
9649,do,0.05,0.0,7,0.6426242041587829,-4.599149546478734,-4.531159083048503
9650,pp,0.05,0.0,14,0.5844270288944244,-5.265956604119503,-4.582146628697713
9651,do,0.05,0.0,11,1.328254288434982,-4.551754162528298,-4.047066669993931
9652,pp,0.05,0.0,19,0.9547446560859676,-7.374858324455492,-6.370744252204895
9653,do,0.05,0.0,10,2.0184038710594168,-5.7191628369418055,-5.154379836718241
9654,pp,0.05,0.0,9,2.328970925807953,-5.75862435427579,-4.949788284301758
9655,do,0.05,0.0,2,-0.10988262891769462,-5.394259361787276,-4.774857449531555
9656,pp,0.05,0.0,5,0.5911078822612756,-6.368092771009965,-5.313271493381924
9657,do,0.05,0.0,6,0.27433060765266415,-5.163902525468306,-5.175457342465719
9658,pp,0.05,0.0,6,-0.17130639910697898,-5.3442706946170695,-4.514130258560181
9659,do,0.05,0.0,18,0.949679397344589,-5.163441857424649,-5.285407633251614
9660,pp,0.05,0.0,30,3.7812103402614596,-5.542005916075273,-4.441162056393093
9661,do,0.05,0.0,9,1.616235722303391,-4.917266735886082,-4.398343470361498
9662,pp,0.05,0.0,15,1.4724912023544316,-5.574017215497566,-4.770053805245293
9663,do,0.05,0.0,5,1.0880953788757326,-5.3540161855293045,-4.694197482532925
9664,pp,0.05,0.0,4,1.117720685005188,-5.534863771091808,-4.781718929608663
9665,do,0.05,0.0,13,0.9130782258510592,-4.641411531332768,-4.163843026426103
9666,pp,0.05,0.0,20,1.748669135570526,-4.729978980440082,-4.104602270656162
9667,do,0.05,0.0,16,1.6566062557697299,-6.0485011144117875,-5.2014377673467
9668,pp,0.05,0.0,17,0.9089182841777799,-5.310627914197517,-4.413783212502797
9669,do,0.05,0.0,8,0.42734257698059075,-6.931618882670547,-6.595165255334642
9670,pp,0.05,0.0,9,0.43922206878662085,-6.015233818689982,-5.065394602881538
9671,do,0.05,0.0,15,1.6459587597846985,-5.99429757233822,-5.575921906365289
9672,pp,0.05,0.0,6,0.31951684117317214,-6.104132691296664,-5.134989274872674
9673,do,0.05,0.0,14,2.38070033788681,-4.544928335421013,-3.9719619234402974
9674,pp,0.05,0.0,10,1.6674266719818123,-5.555230484586773,-4.475222057766384
9675,do,0.05,0.0,16,1.0441438996791845,-5.53255669853904,-4.851645729276869
9676,pp,0.05,0.0,29,2.6392439031600956,-5.163849817622792,-4.2490169684092205
9677,do,0.05,0.0,70,0.23252910733222976,-10.12442323366801,-9.576626390881009
9678,pp,0.05,0.0,17,1.0347144746780401,-6.891720761674823,-7.038112354278565
9679,do,0.05,0.0,20,1.9716919016838066,-7.6473439317761045,-7.158331786261664
9680,pp,0.05,0.0,11,0.9602385413646699,-5.148181960076997,-4.406750395562914
9681,do,0.05,0.0,70,2.4126143848896042,-8.87485261107936,-7.16677434709337
9682,pp,0.05,0.0,27,2.3826452207565305,-5.817718949462428,-4.858926457828946
9683,do,0.05,0.0,21,1.2966284024715415,-5.339696570598718,-4.918976410230001
9684,pp,0.05,0.0,9,0.3877309870719916,-5.647762789870754,-4.4577312893337675
9685,do,0.05,0.0,22,2.652278926372528,-4.9358207876032045,-4.359254786703322
9686,pp,0.05,0.0,15,0.991054387092591,-5.247678925774315,-4.359475644429525
9687,do,0.05,0.0,16,2.2202279853820803,-3.950485568335562,-3.8780301160282558
9688,pp,0.05,0.0,8,0.8876795864105231,-5.051739409475616,-4.34742829269833
9689,do,0.05,0.0,34,2.4958484816551207,-8.281589526841135,-6.987056811650594
9690,pp,0.05,0.0,42,2.8967138993740082,-6.978169827027754,-6.048005326588949
9691,do,0.05,0.0,13,1.4176297116279608,-4.839123249053955,-4.539925403065151
9692,pp,0.05,0.0,8,0.75465429186821,-5.637886628237638,-4.6237858215967815
9693,do,0.05,0.0,11,2.602803322076797,-5.449914258899111,-4.836306018299527
9694,pp,0.05,0.0,11,2.6386034464836117,-6.066899708545569,-4.888031011157565
9695,do,0.05,0.0,57,0.7966762506961835,-8.589876891627457,-7.736100016699897
9696,pp,0.05,0.0,20,2.0515763401985163,-4.460857392802383,-3.9112582233217026
9697,do,0.05,0.0,68,3.1998381865024577,-7.8727839816700325,-8.000541649924385
9698,pp,0.05,0.0,21,2.312125895023346,-4.944072864994858,-4.263229481379191
9699,do,0.05,0.0,8,0.8590103256702424,-5.298119923562714,-4.680604648590088
9700,pp,0.05,0.0,13,0.5188043534755709,-6.071406851392804,-5.0668324126137625
9701,do,0.05,0.0,7,1.4325843179225917,-5.267614611712369,-4.752492486106025
9702,pp,0.05,0.0,9,1.9042506647109985,-4.815256990085949,-4.212019530932109
9703,do,0.05,0.0,9,-0.25506889462470994,-6.296091383153742,-5.3067899412579
9704,pp,0.05,0.0,49,-0.05015705823898209,-9.409087160861853,-8.176136445999145
9705,do,0.05,0.0,14,0.8664425313472748,-5.743878764817209,-5.206933604346381
9706,pp,0.05,0.0,8,0.9883636331558225,-4.721707906145038,-4.0672730896208025
9707,do,0.05,0.0,67,1.698612059354783,-9.48343545740301,-10.273232401741875
9708,pp,0.05,0.0,38,2.0106677448749544,-7.792900674993342,-6.802214336395264
9709,do,0.05,0.0,32,3.3500850296020506,-5.359366143833507,-4.957952833175659
9710,pp,0.05,0.0,27,2.4619375121593476,-5.468295056892164,-4.579314125908746
9711,do,0.05,0.0,28,2.6155199646949763,-6.052412309068622,-5.678712015681796
9712,pp,0.05,0.0,7,1.4650029337406156,-4.595031235434792,-4.043202616108788
9713,do,0.05,0.0,35,2.4114039945602412,-7.603853757453687,-6.948992676205105
9714,pp,0.05,0.0,31,1.5574228954315181,-7.950350895794955,-6.493598945935568
9715,do,0.05,0.0,26,4.657821542024612,-6.432840446992354,-6.68552643722958
9716,pp,0.05,0.0,12,2.873737267255782,-5.8637429338513,-4.862447473737928
9717,do,0.05,0.0,16,2.170874297618866,-6.797735208453554,-5.576267427868313
9718,pp,0.05,0.0,20,2.8236475026607506,-5.695031251329365,-5.13045329120424
9719,do,0.05,0.0,70,1.1860355591773981,-7.44917052153385,-6.2760539770126345
9720,pp,0.05,0.0,18,1.6991423964500427,-4.764785796945746,-4.058144300513797
9721,do,0.05,0.0,22,3.3092806875705723,-6.704370984164151,-6.026149580213759
9722,pp,0.05,0.0,12,1.5898102390766145,-4.491528301528006,-3.767762737803989
9723,do,0.05,0.0,22,1.5382891249656687,-7.2503947460290155,-6.221159691280789
9724,pp,0.05,0.0,9,1.592944422960282,-4.287279390566277,-3.681860805882348
9725,do,0.05,0.0,70,-0.3964672327041612,-8.157132923241818,-7.085546800825331
9726,pp,0.05,0.0,20,1.4688991045951845,-4.9645792007446286,-4.193090158038669
9727,do,0.05,0.0,18,3.1765809929370885,-6.526333683187311,-5.714357042312622
9728,pp,0.05,0.0,10,1.67199586391449,-4.758975440805608,-4.210074852572547
9729,do,0.05,0.0,57,3.156050295829772,-9.473565289468477,-8.736849694781833
9730,pp,0.05,0.0,7,0.5485742580890651,-5.407625483021592,-4.63835883140564
9731,do,0.05,0.0,12,1.2813650536537171,-5.524944119019942,-4.511247679922316
9732,pp,0.05,0.0,21,3.496024650335313,-5.125464689370357,-4.174175239933861
9733,do,0.05,0.0,25,1.2421059596538546,-5.916370861458056,-4.8320535315407644
9734,pp,0.05,0.0,32,0.9954598927497855,-7.494780439319032,-6.477662656042311
9735,do,0.05,0.0,13,1.5196437227725985,-7.477350191636519,-5.99317402044932
9736,pp,0.05,0.0,8,2.345958576202392,-5.580017514662309,-4.650248961978488
9737,do,0.05,0.0,14,1.7527984964847558,-8.20730477101875,-7.5356233755747475
9738,pp,0.05,0.0,4,-0.0436446630954741,-5.70395430651578,-5.117896535661486
9739,do,0.05,0.0,13,0.5363510942459104,-6.000395545092496,-5.796413601769341
9740,pp,0.05,0.0,12,0.5768938302993778,-5.884050903898297,-4.79398926364051
9741,do,0.05,0.0,19,2.9259944212436677,-6.406263328321052,-5.603758109940423
9742,pp,0.05,0.0,25,3.5518322217464453,-4.692176028453942,-4.084229352739122
9743,do,0.05,0.0,21,1.60973996758461,-6.011735049161044,-4.980871897273594
9744,pp,0.05,0.0,23,0.7319573223590847,-5.477692713881984,-4.7776786698235405
9745,do,0.05,0.0,26,3.09011450767517,-6.732489439935395,-5.776945779058669
9746,pp,0.05,0.0,11,0.5125626802444456,-4.951816512599136,-4.1619053337309095
9747,do,0.05,0.0,16,0.1255992352962494,-6.365809777288726,-5.995296340518528
9748,pp,0.05,0.0,11,0.7355354535579677,-5.789764071955825,-4.884641252623664
9749,do,0.05,0.0,48,3.813034951686859,-7.730644031004473,-6.259258495436774
9750,pp,0.05,0.0,51,4.026521295309067,-5.298022145935984,-4.363991917504205
9751,do,0.05,0.0,18,1.1086405670642856,-7.4305336504271535,-6.477990547815959
9752,pp,0.05,0.0,10,0.8469359576702118,-5.751895651672825,-4.908114873038398
9753,do,0.05,0.0,5,-0.048831012248993666,-5.730739583391132,-5.213638289769491
9754,pp,0.05,0.0,45,2.011201950311661,-7.93172238667806,-6.486473064952427
9755,do,0.05,0.0,21,2.291214244365692,-7.690766834490227,-6.819736459520128
9756,pp,0.05,0.0,4,0.49418051719665534,-5.031455395438455,-4.413021103541056
9757,do,0.05,0.0,24,1.8461031651496889,-6.941881267952197,-7.18933121363322
9758,pp,0.05,0.0,5,0.392648040056228,-5.191963135112416,-4.583369551764594
9759,do,0.05,0.0,5,0.4351419436931607,-5.361872665809862,-4.805021704567803
9760,pp,0.05,0.0,4,-0.06537035465240493,-5.320754705775868,-4.597950217458937
9761,do,0.05,0.0,10,1.8768589127063748,-5.41644878098459,-5.222825495402018
9762,pp,0.05,0.0,12,2.9818498682975765,-5.705186452287617,-4.8330195585886635
9763,do,0.05,0.0,12,1.9010560345649719,-5.586558722004746,-4.811465631590949
9764,pp,0.05,0.0,12,1.591294738054276,-4.922025962309404,-4.124883055686951
9765,do,0.05,0.0,14,0.7087019431591042,-8.783955207015529,-7.648083898756239
9766,pp,0.05,0.0,6,1.3839341902732851,-5.674907286961873,-4.951721281475491
9767,do,0.05,0.0,31,0.6841854441165927,-6.4945177511735395,-5.491066908836364
9768,pp,0.05,0.0,9,0.7983910191059111,-4.869317723765517,-4.078993462191688
9769,do,0.05,0.0,20,3.3600420880317694,-5.705902456514763,-5.477013193236457
9770,pp,0.05,0.0,13,1.7502269232273093,-7.121090705466993,-5.782416314548916
9771,do,0.05,0.0,49,0.8793114435672758,-7.46628557696487,-6.729914360576206
9772,pp,0.05,0.0,17,0.415183920860291,-6.435882646387274,-5.547711952527364
9773,do,0.05,0.0,49,2.846416423320771,-5.1896518721725,-5.057723531458113
9774,pp,0.05,0.0,9,0.6983524191379544,-5.543992175477924,-4.713788853751288
9775,do,0.05,0.0,15,1.0152004742622376,-7.957688242016417,-5.916462238629659
9776,pp,0.05,0.0,10,1.034471189975739,-6.155874128052683,-5.394264933798048
9777,do,0.05,0.0,15,1.7306287252902992,-5.841562262448398,-5.3816116227043995
9778,pp,0.05,0.0,6,0.6435006976127626,-4.905269000024506,-4.458103238211738
9779,do,0.05,0.0,20,2.335353101491928,-4.776208837104567,-4.376604149076674
9780,pp,0.05,0.0,16,0.2589290297031406,-6.015770384759614,-5.3596851905186975
9781,do,0.05,0.0,50,2.823044662475586,-5.328439383073286,-5.623893891440497
9782,pp,0.05,0.0,10,1.4262836432456965,-4.490727349483605,-3.87377024491628
9783,do,0.05,0.0,9,1.0408505511283872,-5.238022708892823,-4.53475272125668
9784,pp,0.05,0.0,8,0.5419957482814795,-5.03831202767112,-4.558039760589599
9785,do,0.05,0.0,14,1.845986829996109,-5.189957027724295,-4.619112997584873
9786,pp,0.05,0.0,12,0.7270393574237826,-6.148558852166841,-4.927763210402595
9787,do,0.05,0.0,14,0.5795820450782774,-4.884272485790831,-4.688279596964518
9788,pp,0.05,0.0,26,2.351068876981734,-5.785004422158906,-5.3835070265664
9789,do,0.05,0.0,25,3.0783301270008083,-6.4098676479224,-5.8032581859164765
9790,pp,0.05,0.0,18,2.490533093214035,-4.656955554268577,-4.21788192987442
9791,do,0.05,0.0,56,1.2973947608470908,-6.9089375019073485,-7.60927607483334
9792,pp,0.05,0.0,16,2.0637096619606012,-5.463126130537553,-4.82566729121738
9793,do,0.05,0.0,23,2.254838978052139,-6.430837717923251,-6.637042869461907
9794,pp,0.05,0.0,10,1.0503906297683718,-7.161793918320627,-6.026081985897488
9795,do,0.05,0.0,14,2.2572077095508574,-5.564168122320464,-4.74702957868576
9796,pp,0.05,0.0,61,3.753473122119903,-7.691456504301591,-6.129667094018724
9797,do,0.05,0.0,8,0.3315712118148806,-4.648379480477535,-4.230654157532586
9798,pp,0.05,0.0,8,0.299654400348663,-5.606277630545876,-4.5331750922732885
9799,do,0.05,0.0,14,1.5092113685607904,-6.003927168701634,-5.690500073962742
9800,pp,0.05,0.0,14,0.9502778291702274,-5.931726052544334,-5.525036687321133
9801,do,0.05,0.0,16,1.4371045291423803,-4.690165726343791,-4.185415665308635
9802,pp,0.05,0.0,14,1.32264601111412,-4.986460103410663,-4.349023466640048
9803,do,0.05,0.0,8,0.8755918371677396,-4.997227728005612,-4.2392987396981985
9804,pp,0.05,0.0,49,1.0867441320419307,-7.419422379407016,-6.314568065272438
9805,do,0.05,0.0,19,1.4091580605506895,-4.780399992971709,-4.392973062727187
9806,pp,0.05,0.0,16,1.4283149135112758,-5.685159261298902,-5.0528443230523
9807,do,0.05,0.0,18,0.43839625000953664,-5.550052402958725,-5.069696129692925
9808,pp,0.05,0.0,10,0.37838143587112416,-5.6637132500157215,-4.870760560035706
9809,do,0.05,0.0,13,0.4759916055202478,-4.930721154357448,-4.431039174397786
9810,pp,0.05,0.0,16,0.7913779377937313,-5.8077264886913875,-4.952545730272929
9811,do,0.05,0.0,26,3.6227410197258,-4.957260985807939,-4.5950807174046835
9812,pp,0.05,0.0,48,4.6354272902011875,-7.890364460511641,-7.157696477572123
9813,do,0.05,0.0,17,-0.8467125976085663,-5.656940124974106,-5.20097430811988
9814,pp,0.05,0.0,9,-0.6731761753559109,-7.727821925192169,-6.296514500512017
9815,do,0.05,0.0,40,1.7313917613029481,-7.243062488960497,-6.740015400780572
9816,pp,0.05,0.0,16,1.4863650476932522,-6.151044796452378,-5.287757526503669
9817,do,0.05,0.0,67,3.53238542318344,-7.524057551586266,-6.361590965588888
9818,pp,0.05,0.0,54,3.532452577352524,-7.307057109023585,-5.542773246765137
9819,do,0.05,0.0,8,1.1399482202529905,-5.297837440895312,-4.505029551188151
9820,pp,0.05,0.0,3,-0.08264656066894549,-5.514086854819095,-4.730884599685669
9821,do,0.05,0.0,14,2.0252777516841887,-5.496924550605542,-5.222338173124525
9822,pp,0.05,0.0,48,2.2894101905822763,-7.741251623269283,-6.560211078325907
9823,do,0.05,0.0,11,0.5228625488281251,-4.892314462950735,-4.366605647404989
9824,pp,0.05,0.0,7,0.8885582327842707,-5.200900478074045,-4.522024663289388
9825,do,0.05,0.0,17,2.0836334824562073,-6.367679665305397,-5.749752449989319
9826,pp,0.05,0.0,13,2.485161664485931,-6.389854669570923,-5.116425540712145
9827,do,0.05,0.0,27,1.4526503527164456,-6.236805378306996,-5.92314981619517
9828,pp,0.05,0.0,50,3.0597356379032146,-4.963535453333999,-4.383730619483524
9829,do,0.05,0.0,17,1.9135682344436642,-5.02317443038478,-4.519375774595472
9830,pp,0.05,0.0,28,3.067900420427322,-4.896376304915457,-4.134164444605509
9831,do,0.05,0.0,8,0.4897592294216153,-6.137197735815337,-5.494640628496806
9832,pp,0.05,0.0,11,0.192502008676529,-5.9357881459322845,-5.4705735127131145
9833,do,0.05,0.0,27,1.205763429403305,-8.056839653939912,-7.612391969892713
9834,pp,0.05,0.0,70,3.1025203597545614,-7.265743492588852,-6.300133895874024
9835,do,0.05,0.0,23,3.32255902171135,-4.9059254169464115,-4.575843805736966
9836,pp,0.05,0.0,36,3.3080293238162986,-5.199358300006751,-4.556635559929742
9837,do,0.05,0.0,22,1.3409770226478583,-6.96949510863333,-5.469842682944404
9838,pp,0.05,0.0,20,2.495599640607834,-5.030163171074607,-4.229552417331272
9839,do,0.05,0.0,20,1.9236705446243292,-5.292101631742535,-4.755477502610948
9840,pp,0.05,0.0,18,1.7813151204586033,-5.575281107064449,-4.925360157754686
9841,do,0.05,0.0,20,2.9034913372993474,-5.480721618189956,-5.774762368202209
9842,pp,0.05,0.0,11,1.6511122465133665,-5.5488598346710205,-4.651871485180325
9843,do,0.05,0.0,30,3.382379672527313,-5.354981097308072,-4.8223042858971485
9844,pp,0.05,0.0,12,2.3283424818515774,-4.505562318455089,-3.825589190589057
9845,do,0.05,0.0,70,1.9088208234310162,-10.129313340331569,-7.794966265890333
9846,pp,0.05,0.0,25,2.0479797637462616,-4.539849964777629,-4.0999531030654905
9847,do,0.05,0.0,19,1.8685507214069368,-5.245544020334879,-5.683060701688131
9848,pp,0.05,0.0,5,0.4494566428661342,-4.80852844209382,-4.100079295370314
9849,do,0.05,0.0,31,2.478787740468978,-7.698081266518795,-7.202519522772895
9850,pp,0.05,0.0,16,2.3869196999073026,-5.0392024083571,-4.333112091488308
9851,do,0.05,0.0,12,1.680888192653656,-7.114149648492987,-5.7992440965440535
9852,pp,0.05,0.0,6,1.1444035792350764,-4.901455555540142,-4.169492452674442
9853,do,0.05,0.0,21,2.8500980734825143,-4.831448270335342,-4.951289081573487
9854,pp,0.05,0.0,13,1.4121849322319031,-5.071480758262403,-4.314408127466837
9855,do,0.05,0.0,15,0.652816153764725,-6.927642226941658,-5.659328150749206
9856,pp,0.05,0.0,5,-0.07269182324409496,-5.709501886367798,-4.820698637432522
9857,do,0.05,0.0,21,2.327547736167908,-5.81857371041269,-5.187366628646851
9858,pp,0.05,0.0,15,2.037247251272202,-4.636493714650472,-3.8527955227428015
9859,do,0.05,0.0,30,3.6399436414241784,-7.542478356216893,-6.5433743688795305
9860,pp,0.05,0.0,9,1.7396640586853032,-4.772436011921275,-3.9011566082636517
9861,do,0.05,0.0,21,2.494315679073334,-5.201120888103138,-4.668886897299025
9862,pp,0.05,0.0,7,0.7259735763072968,-4.677574497280699,-4.061969645818075
9863,do,0.05,0.0,25,2.3950240719318385,-4.7282296267422765,-4.451435955365499
9864,pp,0.05,0.0,8,1.0157407903671265,-5.0815516977599176,-4.297884893417359
9865,do,0.05,0.0,33,2.7994711470603946,-5.1979572744080516,-5.29836851755778
9866,pp,0.05,0.0,12,2.2287800621986396,-4.661427623575384,-4.030547160572476
9867,do,0.05,0.0,29,2.347797275781631,-6.26040429201993,-6.775603834788004
9868,pp,0.05,0.0,18,1.5122317802906036,-4.7094810630335955,-3.782046577665541
9869,do,0.05,0.0,23,1.7355071431398397,-4.641100944172252,-4.045591037803226
9870,pp,0.05,0.0,11,1.7987307810783388,-4.507404565811157,-3.9332330531544155
9871,do,0.05,0.0,23,2.2269288671016687,-5.288799941901004,-5.323724415567186
9872,pp,0.05,0.0,12,0.76320301771164,-5.224911929621841,-4.483496885829502
9873,do,0.05,0.0,16,1.6619584691524505,-5.705713857303966,-5.140235569741991
9874,pp,0.05,0.0,8,2.767420538663864,-4.867391976443204,-4.128408063782586
9875,do,0.05,0.0,65,3.649161047935486,-8.896756534865409,-7.473584349950155
9876,pp,0.05,0.0,18,2.73862967133522,-5.931871486432625,-4.974828481674194
9877,do,0.05,0.0,41,2.518814857006074,-9.673321695038766,-8.018419604831271
9878,pp,0.05,0.0,12,2.3509271538257597,-5.398504171949444,-4.295900713072883
9879,do,0.05,0.0,47,4.545187475681304,-5.787403858069218,-4.991451011763679
9880,pp,0.05,0.0,8,1.4302184367179862,-4.203337257558649,-3.655711015065511
9881,do,0.05,0.0,19,1.86763513803482,-5.013435170144746,-4.2002710700035095
9882,pp,0.05,0.0,13,1.1642570793628693,-4.907393318234068,-4.134024482303196
9883,do,0.05,0.0,30,5.271075279712677,-7.614789621757739,-6.347335934638977
9884,pp,0.05,0.0,19,3.8408151268959045,-5.3200564586755,-4.484261756473117
9885,do,0.05,0.0,30,3.664807648658752,-5.4484052007848565,-5.562890248828464
9886,pp,0.05,0.0,57,3.9657511520385746,-7.157416920228438,-6.8840665870242645
9887,do,0.05,0.0,28,4.319332027435304,-4.736028714613481,-4.308940458297729
9888,pp,0.05,0.0,14,2.3940597248077395,-4.115217107715028,-3.5277847329775494
9889,do,0.05,0.0,43,2.1929311227798465,-7.77764136574485,-7.46102917459276
9890,pp,0.05,0.0,19,2.612103527784348,-4.938980683413419,-4.481208847628699
9891,do,0.05,0.0,33,3.737378224134445,-6.837298815178149,-5.575408135520087
9892,pp,0.05,0.0,20,2.5923022413253785,-5.742621570644957,-4.533764782216814
9893,do,0.05,0.0,10,1.7153020536899568,-6.527783903931127,-5.576382313834296
9894,pp,0.05,0.0,5,1.2758210539817814,-5.214789936759255,-4.441982237497966
9895,do,0.05,0.0,25,3.500602054595948,-5.949952642845385,-5.23745211230384
9896,pp,0.05,0.0,19,1.0769009757041932,-5.87818184187918,-4.822507694032457
9897,do,0.05,0.0,56,3.271128122806549,-6.193948413386489,-6.501953628328112
9898,pp,0.05,0.0,24,1.6415212619304658,-5.912418559103301,-4.827916537390815
9899,do,0.05,0.0,27,2.614736382961274,-6.779865415168531,-5.7530833217832775
9900,pp,0.05,0.0,9,1.8441613554954532,-5.069383067795725,-4.259941237502628
9901,do,0.05,0.0,29,2.348968813419342,-5.950830163377704,-5.259429205788506
9902,pp,0.05,0.0,26,2.359444297552109,-4.465975614027544,-3.9046162287394206
9903,do,0.05,0.0,23,1.77321461558342,-5.362313332702175,-4.57934066719479
9904,pp,0.05,0.0,19,1.1811075186729427,-5.210489046212398,-4.149031631151835
9905,do,0.05,0.0,41,1.0286047387123105,-6.085605705145634,-5.13548071914249
9906,pp,0.05,0.0,8,0.3220339894294737,-5.201406728860103,-4.28893093003167
9907,do,0.05,0.0,44,1.4821882379055022,-7.8955200484304715,-6.797027415699429
9908,pp,0.05,0.0,16,1.0125478172302254,-5.1316836053674875,-4.524834767977397
9909,do,0.05,0.0,8,0.675037738084793,-5.131047373106985,-4.733979055616591
9910,pp,0.05,0.0,30,3.0387715351581583,-5.121432438763705,-4.374648914072249
9911,do,0.05,0.0,22,2.1305552518367765,-5.273220712488348,-4.301716995239258
9912,pp,0.05,0.0,16,1.7746758341789244,-5.594119973616166,-5.132798181639777
9913,do,0.05,0.0,21,3.735453883409499,-5.888306779572458,-5.173751407199436
9914,pp,0.05,0.0,13,2.429225519895553,-4.716736862876198,-4.057272262043423
9915,do,0.05,0.0,57,1.7088657629489896,-6.6499727639285,-5.481398484441969
9916,pp,0.05,0.0,16,2.325305194854737,-5.19154357621164,-4.502706829706828
9917,do,0.05,0.0,12,1.0152988171577455,-6.5827868895097215,-5.475449721018474
9918,pp,0.05,0.0,32,2.9362629008293144,-7.895854990410082,-6.113604736328125
9919,do,0.05,0.0,15,1.345586158037185,-6.727407899047389,-6.071488224135505
9920,pp,0.05,0.0,8,1.2675338280200954,-5.348552570921002,-4.706564490000407
9921,do,0.05,0.0,28,3.182479249238968,-6.350242793921268,-5.834151098463271
9922,pp,0.05,0.0,25,3.0921942603588093,-4.681415248639656,-4.055696554978689
9923,do,0.05,0.0,16,0.6535814654827119,-7.26240922609965,-6.146559617254469
9924,pp,0.05,0.0,21,0.9484694814682006,-6.789554087320964,-5.656512837939792
9925,do,0.05,0.0,14,2.1256959521770478,-5.309391046292854,-4.645923935042488
9926,pp,0.05,0.0,15,2.8170754241943365,-5.281104411500873,-4.267629626062181
9927,do,0.05,0.0,39,2.3927176249027253,-5.755045289704294,-5.198561755816142
9928,pp,0.05,0.0,8,0.9700895500183107,-5.652702142253067,-4.70486704243554
9929,do,0.05,0.0,24,2.9548974645137793,-4.813582598079335,-4.2296538273493445
9930,pp,0.05,0.0,8,1.4049080705642707,-5.659901857376099,-4.688969837294684
9931,do,0.05,0.0,56,1.6239699518680588,-8.707908860119906,-8.030713531706068
9932,pp,0.05,0.0,9,-0.09515406608581589,-6.029263343233051,-5.075351050164964
9933,do,0.05,0.0,26,2.694156914949417,-6.002284955978394,-5.443963795238071
9934,pp,0.05,0.0,8,1.4918777382373811,-4.893164922251846,-4.207694097359975
9935,do,0.05,0.0,70,3.625780558586121,-5.268832309318311,-4.837516074710422
9936,pp,0.05,0.0,19,3.1859048831462857,-4.93227670842951,-4.3286482744746735
9937,do,0.05,0.0,43,0.8798165798187263,-5.775316888635809,-6.479456615447998
9938,pp,0.05,0.0,5,-0.2630213475227352,-5.437070788759174,-4.84365844991472
9939,do,0.05,0.0,18,2.8841144418716427,-6.269887346209901,-5.072126219007704
9940,pp,0.05,0.0,24,3.2414120602607737,-5.84749996734388,-4.694756436347961
9941,do,0.05,0.0,23,1.9310179412364956,-4.781775805444428,-4.939712132347955
9942,pp,0.05,0.0,13,0.4771649301052099,-6.310182260744499,-5.080560188823276
9943,do,0.05,0.0,15,2.714717667102814,-5.121233518195875,-4.700786190562778
9944,pp,0.05,0.0,5,0.6163901185989387,-5.571451049862486,-4.678367980321249
9945,do,0.05,0.0,16,2.3480979049205786,-4.8957007884979244,-4.880010392930773
9946,pp,0.05,0.0,11,1.4774781680107116,-4.795544484167388,-3.982764897081587
9947,do,0.05,0.0,27,0.006105349063872723,-8.230522554570978,-7.534367979897393
9948,pp,0.05,0.0,6,1.0868203151226048,-5.430260635144783,-4.769961147838169
9949,do,0.05,0.0,15,1.1851562058925635,-5.5410069422288375,-5.108863613340589
9950,pp,0.05,0.0,9,1.6324991464614875,-5.637993663730043,-4.955693976084391
9951,do,0.05,0.0,10,0.4396122181415558,-5.234257076725815,-4.540857638253106
9952,pp,0.05,0.0,11,0.5654330646991728,-4.966256173451741,-4.290565925174289
9953,do,0.05,0.0,70,0.8345669960975641,-8.51830377000751,-6.8868286980523
9954,pp,0.05,0.0,70,1.1125811362266536,-7.814017954739657,-6.593580632739597
9955,do,0.05,0.0,50,3.0983906137943267,-5.984684494769934,-5.395711914698283
9956,pp,0.05,0.0,41,2.525720759630204,-5.850819613716819,-5.413291133774651
9957,do,0.05,0.0,3,-0.3990463745594024,-5.725332910364324,-4.856319215562609
9958,pp,0.05,0.0,29,0.5596737408637997,-6.764783324617328,-5.299181135495504
9959,do,0.05,0.0,29,3.5561009716987604,-5.565742573593602,-5.3796623547871905
9960,pp,0.05,0.0,21,2.948276592493058,-5.054122829437256,-4.461604780620998
9961,do,0.05,0.0,14,0.3543451833724971,-5.356454222130053,-4.941298577520582
9962,pp,0.05,0.0,31,0.7284319984912875,-7.355158560203783,-5.73144137594435
9963,do,0.05,0.0,53,3.620092948675155,-6.191743213480169,-5.764269540044997
9964,pp,0.05,0.0,64,2.8121367418766026,-6.906190198840517,-5.419076440069411
9965,do,0.05,0.0,19,1.4269373011589046,-4.823592474966338,-4.448090642028385
9966,pp,0.05,0.0,6,0.7569501888751979,-5.453608121293964,-4.9157424502902565
9967,do,0.05,0.0,5,0.22882491469383304,-6.362151625662139,-5.410285708639357
9968,pp,0.05,0.0,8,0.19303388953208955,-6.087134543332186,-5.339811062812805
9969,do,0.05,0.0,11,-0.13784632325172375,-6.171246742479729,-5.114240047666762
9970,pp,0.05,0.0,12,1.0259012329578399,-5.831985836318045,-5.171540678872002
9971,do,0.05,0.0,11,0.4973957479000095,-5.43805295048338,-5.401138954692417
9972,pp,0.05,0.0,8,0.619601619243622,-5.301887262228764,-4.689434123039246
9973,do,0.05,0.0,13,1.3748988807201385,-4.772617062655362,-4.720371932453579
9974,pp,0.05,0.0,70,1.064184741973877,-9.088124003554835,-8.353703146510654
9975,do,0.05,0.0,70,3.0699981522560122,-7.146504146402532,-7.76013707584805
9976,pp,0.05,0.0,12,1.472008764743805,-5.634613564520171,-4.787671544816759
9977,do,0.05,0.0,19,2.367261312007904,-6.739862660205725,-5.970953231387668
9978,pp,0.05,0.0,24,1.479117025136948,-5.59474642349012,-5.010039726893107
9979,do,0.05,0.0,28,4.074470429420472,-5.475392243356415,-6.218701593081156
9980,pp,0.05,0.0,35,3.847874802350998,-6.938051684697469,-6.062679555681017
9981,do,0.05,0.0,46,0.9333973324298865,-6.123514568444454,-6.061504173278808
9982,pp,0.05,0.0,33,0.5522343933582308,-6.1710225495425135,-5.250690168804592
9983,do,0.05,0.0,24,1.9857075273990628,-5.018861717166323,-4.58630039162106
9984,pp,0.05,0.0,32,5.325048435926437,-4.869320511095451,-4.418722097078959
9985,do,0.05,0.0,26,1.6466482508182523,-5.846687571207682,-6.612716253598531
9986,pp,0.05,0.0,9,0.8814699280261991,-6.565824713851466,-5.927391163508097
9987,do,0.05,0.0,36,0.7653377878665921,-8.810114953012178,-9.329544337590535
9988,pp,0.05,0.0,17,1.0487923610210421,-6.669827800808531,-6.299974054760403
9989,do,0.05,0.0,34,4.782853859663009,-5.096345537359064,-4.630103243721856
9990,pp,0.05,0.0,19,2.9292195248603825,-6.179813668222138,-5.227631685468886
9991,do,0.05,0.0,3,-0.3878652501106261,-6.139404145154086,-5.476374856630961
9992,pp,0.05,0.0,16,0.9747660994529728,-5.523577630881107,-5.269888260629442
9993,do,0.05,0.0,23,2.9557377839088446,-7.658274891882232,-7.322520242797004
9994,pp,0.05,0.0,21,3.392922440767289,-5.3200137716351135,-4.462353654702505
9995,do,0.05,0.0,15,0.8004104948043826,-4.9779650702620994,-4.071765495671166
9996,pp,0.05,0.0,9,0.7406320130825046,-4.5504119930845315,-3.9363954861958823
9997,do,0.05,0.0,33,3.2497141253948207,-8.446971774823737,-8.514894098705716
9998,pp,0.05,0.0,7,1.0862551319599145,-7.1700095104448724,-5.565082163280911
9999,do,0.05,0.0,28,0.5851666438579564,-7.896456761793657,-8.025646532906427
10000,pp,0.05,0.0,27,1.7913679695129403,-6.16872434760585,-6.247303626272413
10001,do,0.05,0.0,21,2.032300333976745,-5.095497817704172,-4.78949773841434
10002,pp,0.05,0.0,21,1.8457998239994051,-5.230347366044016,-4.609438429938423
10003,do,0.05,0.0,18,1.6470256388187403,-5.651631673177083,-4.8290462679333155
10004,pp,0.05,0.0,14,2.757906942367554,-6.354842096386534,-5.129524591233995
10005,do,0.05,0.0,27,0.8478807795047754,-6.345562669002649,-6.659200790193346
10006,pp,0.05,0.0,12,1.1664485192298883,-5.489282894134521,-4.375019391377767
10007,do,0.05,0.0,43,2.010179321765899,-5.199431636116722,-5.033620633019341
10008,pp,0.05,0.0,20,1.5856238305568695,-4.7460059035908095,-4.411751166979472
10009,do,0.05,0.0,56,1.7356284832954403,-9.363768142642396,-7.996500327852037
10010,pp,0.05,0.0,15,0.7143743526935573,-5.3463499546051025,-4.646300268173218
10011,do,0.05,0.0,29,3.223163958787919,-5.609384713028416,-5.949496698379517
10012,pp,0.05,0.0,38,3.025146834850312,-5.602455546639183,-4.819976557625664
10013,do,0.05,0.0,22,2.3714682090282437,-5.494839038270893,-5.255367543962267
10014,pp,0.05,0.0,12,2.1109673190116887,-5.509456440896699,-4.645973939365811
10015,do,0.05,0.0,15,1.7340818977355958,-6.600582775925145,-6.154122522142198
10016,pp,0.05,0.0,22,2.37802631855011,-6.585450844331221,-5.682751978768243
10017,do,0.05,0.0,8,0.8008525574207308,-5.423442395528157,-5.023348960611555
10018,pp,0.05,0.0,15,0.5683277225494381,-6.509977798750906,-5.325869992044237
10019,do,0.05,0.0,4,-0.13326017618179353,-4.932864063436335,-4.8732654200659855
10020,pp,0.05,0.0,5,0.07626631975173925,-4.971320480288881,-4.34762766096327
10021,do,0.05,0.0,14,0.8342725014686581,-4.7662087021452,-4.359111087852054
10022,pp,0.05,0.0,14,0.4831787431240082,-4.894429062352036,-4.487083268165589
10023,do,0.05,0.0,27,0.33729545712471065,-8.640722900448424,-8.717876164118449
10024,pp,0.05,0.0,5,0.4224239730834958,-4.820542017618815,-3.990666260984209
10025,do,0.05,0.0,10,1.9501607751846315,-4.317972245360866,-4.285221061441633
10026,pp,0.05,0.0,17,2.3648828864097595,-6.185702904787931,-5.100876588291592
10027,do,0.05,0.0,8,0.8384395635128019,-4.919921372153542,-4.341570117738512
10028,pp,0.05,0.0,15,1.6462471497058866,-7.056154988028786,-5.915245207150777
10029,do,0.05,0.0,8,1.1265334606170647,-4.358448418703946,-4.116101861000061
10030,pp,0.05,0.0,4,0.43479005813598626,-4.5524361119125825,-4.078993542989095
10031,do,0.05,0.0,21,2.0160263156890865,-5.115232165654501,-4.811168956756592
10032,pp,0.05,0.0,9,1.5105174040794367,-4.6799010623585096,-4.324071934488084
10033,do,0.05,0.0,11,0.2091167557239526,-5.833969436992298,-5.810173561837938
10034,pp,0.05,0.0,9,0.32054586887359626,-5.973960740638502,-5.304753192265829
10035,do,0.05,0.0,15,0.40534726142883315,-5.139264661615545,-5.425083944532607
10036,pp,0.05,0.0,50,-0.2825129473209369,-7.858863359509092,-7.433950222863091
10037,do,0.05,0.0,8,0.7482467555999754,-4.597984699769453,-4.112773128350576
10038,pp,0.05,0.0,11,1.893787446022034,-4.552665524049239,-3.8675072034200033
10039,do,0.05,0.0,7,0.4209470248222349,-4.999222280039932,-4.441755202081469
10040,pp,0.05,0.0,58,0.4069835829734796,-8.895977235562874,-7.54382799466451
10041,do,0.05,0.0,70,0.4888145208358754,-10.10359937205459,-9.929683589935303
10042,pp,0.05,0.0,6,0.7876808297634126,-4.854000740340262,-4.020820232232412
10043,do,0.05,0.0,34,-0.14579643487930305,-7.741022005948153,-7.4898329231474134
10044,pp,0.05,0.0,6,0.19731116533279458,-5.620589824156328,-5.090168017811245
10045,do,0.05,0.0,7,2.028132473230362,-4.92693817543261,-4.3174848556518555
10046,pp,0.05,0.0,6,1.228551385402679,-5.650655863501809,-4.6586205350028145
10047,do,0.05,0.0,67,2.7133608257770554,-6.900562297936641,-6.392585195435418
10048,pp,0.05,0.0,6,0.48126845836639465,-4.810286611499208,-4.366431816418966
10049,do,0.05,0.0,26,3.4875398719310757,-5.559449977585763,-5.159502331415812
10050,pp,0.05,0.0,63,1.6094084501266472,-8.521493936307502,-7.370796955956353
10051,do,0.05,0.0,19,1.7922923481464386,-4.839274614507501,-4.459155220455593
10052,pp,0.05,0.0,67,3.271980459690094,-5.991831067114165,-5.126458655463325
10053,do,0.05,0.0,23,1.0612674105167397,-6.9321875586654205,-6.06855096552107
10054,pp,0.05,0.0,19,2.0814829373359673,-6.022695901177146,-5.484049948056539
10055,do,0.05,0.0,16,1.105193874835968,-4.968706102082224,-4.665098471111722
10056,pp,0.05,0.0,28,0.8665062260627749,-6.775294287999471,-5.879100023375617
10057,do,0.05,0.0,10,1.661039328575134,-5.048018722823172,-4.649063356717428
10058,pp,0.05,0.0,25,1.747817761898041,-7.337976649313262,-6.382666068606906
10059,do,0.05,0.0,5,0.8457076966762536,-4.617634125911828,-4.103073276413811
10060,pp,0.05,0.0,7,1.6142642819881443,-5.345236918420502,-4.588864779472351
10061,do,0.05,0.0,4,0.3800813901424407,-4.833551180001461,-4.325469880633884
10062,pp,0.05,0.0,9,1.6622926330566408,-5.13783829573429,-5.1257844024234345
10063,do,0.05,0.0,23,0.9296167635917669,-7.8113486087683475,-6.660028179486592
10064,pp,0.05,0.0,8,0.9135274422168731,-4.959161449201179,-4.393531505266825
10065,do,0.05,0.0,66,-0.23955807685852193,-8.982335330500748,-8.052530455589295
10066,pp,0.05,0.0,13,1.1614709937572476,-5.825269847927672,-5.6088933865229285
10067,do,0.05,0.0,6,1.1376094090938569,-4.612310760671442,-4.149344370100233
10068,pp,0.05,0.0,12,2.348355574607849,-5.9909060853900336,-5.427180947197808
10069,do,0.05,0.0,55,2.9013047897815696,-5.600609737454039,-5.853893780708313
10070,pp,0.05,0.0,14,1.109328130483627,-5.56925398942196,-4.931338813569811
10071,do,0.05,0.0,10,1.2480830144882198,-4.8900550105355,-4.402992757161458
10072,pp,0.05,0.0,12,1.996703968048096,-5.338914829311949,-4.756591256459554
10073,do,0.05,0.0,19,3.684278450012206,-6.518683335275361,-5.922020451227824
10074,pp,0.05,0.0,16,2.0611916410923,-5.142463156671235,-4.548477885458205
10075,do,0.05,0.0,13,1.379303694963455,-5.050503599282467,-4.752711719936794
10076,pp,0.05,0.0,9,1.2737022459506981,-5.718876600265503,-5.117130117946201
10077,do,0.05,0.0,70,0.844365257024764,-8.244753353523485,-7.603006815910339
10078,pp,0.05,0.0,7,1.280173814296722,-4.929619465452252,-4.534274209870232
10079,do,0.05,0.0,12,1.651451494693756,-5.328762932979699,-5.10539755291409
10080,pp,0.05,0.0,8,0.011490108966827783,-7.577854366013498,-6.390250311957465
10081,do,0.05,0.0,26,2.148219790458679,-4.472895922805324,-4.1859203735987345
10082,pp,0.05,0.0,14,1.4268089127540593,-5.6652022058313545,-4.9321706983778215
10083,do,0.05,0.0,7,0.8578223037719725,-5.786257177410704,-5.045323406325446
10084,pp,0.05,0.0,7,0.41853668808937083,-5.4987073652672045,-5.088662772708469
10085,do,0.05,0.0,70,2.1290939211845403,-5.392712117686417,-4.8574900759591
10086,pp,0.05,0.0,9,0.7811889922618871,-5.847998438459454,-5.0051271438598635
10087,do,0.05,0.0,14,1.0433392226696014,-6.125132404674183,-5.961776230070326
10088,pp,0.05,0.0,8,1.0196224200725554,-5.043435843785604,-4.677174811893039
10089,do,0.05,0.0,19,1.4297505116462714,-5.149173177372326,-5.092863840527005
10090,pp,0.05,0.0,11,1.9023343658447267,-5.361448802370013,-4.903654381963942
10091,do,0.05,0.0,19,1.0780802881717682,-4.955504629828713,-4.5482007688946196
10092,pp,0.05,0.0,32,0.5212879431247703,-6.282131083806356,-5.680896271599663
10093,do,0.05,0.0,31,1.6309862589836115,-6.942618961045237,-5.629350413216485
10094,pp,0.05,0.0,15,1.3328666102886197,-5.831043116251627,-5.13336804707845
10095,do,0.05,0.0,9,0.8721154367923738,-5.020255512179751,-4.835141621695625
10096,pp,0.05,0.0,14,0.9515842330455779,-6.573307996807676,-5.857617621951633
10097,do,0.05,0.0,5,0.085191408395767,-4.753628515474724,-4.367091880904304
10098,pp,0.05,0.0,7,1.1518446862697598,-5.321042141769872,-4.626318552758959
10099,do,0.05,0.0,14,1.272200396060943,-4.304863880619858,-4.161727975474464
10100,pp,0.05,0.0,14,1.3443768870830537,-5.239662911675193,-4.5708969487084286
10101,do,0.05,0.0,14,2.114773808717727,-4.959891320719864,-4.666034375296698
10102,pp,0.05,0.0,11,1.0458304834365846,-5.328580896782152,-4.617251065042284
10103,do,0.05,0.0,28,1.6029807734489445,-5.463684883984652,-5.067898776796129
10104,pp,0.05,0.0,7,0.6374725496768949,-5.485999838511149,-5.046707431475322
10105,do,0.05,0.0,5,0.9856652498245237,-5.177825674866185,-4.638275255097283
10106,pp,0.05,0.0,14,2.9160668528079983,-5.708054307012847,-4.971134259965685
10107,do,0.05,0.0,33,1.5089861595630651,-6.718097579840458,-6.317523739073011
10108,pp,0.05,0.0,19,1.5134147763252255,-5.435828145345052,-4.840854941474067
10109,do,0.05,0.0,26,1.4783874428272252,-6.098028281240753,-5.492560331026713
10110,pp,0.05,0.0,22,1.4107282900810247,-6.484714220509384,-5.678848624229431
10111,do,0.05,0.0,11,0.31062068223953254,-5.092521254221598,-4.644298533598582
10112,pp,0.05,0.0,15,1.6878542947769164,-4.932443417924823,-4.341598188877105
10113,do,0.05,0.0,10,3.0218852746486666,-5.085345810109919,-4.408272094196743
10114,pp,0.05,0.0,16,2.4414373695850378,-5.21432601032835,-4.837782224019368
10115,do,0.05,0.0,6,1.0970872414112085,-4.817201618714766,-4.398889549573263
10116,pp,0.05,0.0,7,0.9242996871471405,-5.113227417974761,-4.357540386252933
10117,do,0.05,0.0,4,0.3336672234535216,-4.886283874511719,-4.270286504427592
10118,pp,0.05,0.0,5,0.3226495409011836,-6.191871826576464,-5.1592424604627825
10119,do,0.05,0.0,7,0.5520338356494898,-5.022373527469057,-5.1166728946897715
10120,pp,0.05,0.0,6,0.521712173223496,-5.896465107888886,-5.231927522023519
10121,do,0.05,0.0,8,0.406394631862641,-5.789049794457176,-5.329657793045044
10122,pp,0.05,0.0,22,1.1286486339569093,-6.73280784144546,-5.683942294120788
10123,do,0.05,0.0,15,1.4076915383338928,-5.713070184534247,-6.0959864536921184
10124,pp,0.05,0.0,29,2.7002360606193543,-5.3219138419989385,-4.987455622355143
10125,do,0.05,0.0,17,1.2250854885578155,-4.838262961127541,-5.889818729294671
10126,pp,0.05,0.0,7,0.6699663341045383,-4.589557939587217,-4.244813844892714
10127,do,0.05,0.0,4,0.05144273996353199,-4.720184636838509,-4.604111483361986
10128,pp,0.05,0.0,7,1.4519037091732026,-5.063497549114805,-4.714112091064453
10129,do,0.05,0.0,30,1.5199199163913724,-5.971588315385761,-6.035326464970907
10130,pp,0.05,0.0,12,0.4831521272659298,-7.041539372819843,-5.773079254892138
10131,do,0.05,0.0,49,2.78786315202713,-7.694727371678208,-6.276401421758863
10132,pp,0.05,0.0,13,2.300189566612243,-5.412607773867521,-4.686120284928216
10133,do,0.05,0.0,6,0.2314061284065252,-5.163833964954723,-4.872294836574131
10134,pp,0.05,0.0,4,0.3960812234878537,-5.024566322384459,-4.43094297779931
10135,do,0.05,0.0,23,0.01585323929786675,-8.755504660172896,-7.996144564946492
10136,pp,0.05,0.0,5,0.6745960950851435,-5.7939191587043535,-4.952889082166884
10137,do,0.05,0.0,8,1.580798625946045,-5.554300147836859,-4.840354135301378
10138,pp,0.05,0.0,12,2.570056591033935,-5.0694282979676215,-4.240448236465454
10139,do,0.05,0.0,18,2.045415838956832,-5.041804511619337,-4.6715175151824955
10140,pp,0.05,0.0,34,2.4111403691768647,-9.582200735265559,-7.978999161720276
10141,do,0.05,0.0,6,0.3252265179157261,-5.678355360031128,-5.396603133943346
10142,pp,0.05,0.0,4,0.13696447849273685,-6.6128387451171875,-5.440615844726563
10143,do,0.05,0.0,42,0.9419727873802195,-8.712947315158265,-9.061672364340888
10144,pp,0.05,0.0,9,0.4661375546455391,-5.818653911532778,-5.127018210623
10145,do,0.05,0.0,19,0.8068487739562986,-6.449294626351559,-5.5558509429295855
10146,pp,0.05,0.0,7,1.4634841871261592,-4.588033066373883,-4.263898144827949
10147,do,0.05,0.0,31,1.7725452637672428,-6.024562711426706,-6.099041202333239
10148,pp,0.05,0.0,12,1.597562437057495,-5.468881436550256,-4.966164273685879
10149,do,0.05,0.0,22,0.79919884443283,-7.681656331726999,-7.543572184774611
10150,pp,0.05,0.0,11,0.8556120634078983,-5.7469723499182495,-5.327934537993537
10151,do,0.05,0.0,52,0.7192716467380524,-7.678852248914314,-7.1730657577514645
10152,pp,0.05,0.0,10,1.256426153182983,-5.322816808295973,-5.085494494438171
10153,do,0.05,0.0,36,2.472426590919495,-6.172908545985367,-5.476271364423964
10154,pp,0.05,0.0,32,4.705485799312591,-6.081277366117997,-5.230248681704203
10155,do,0.05,0.0,10,1.3833461391925814,-5.81778424725388,-5.1862571954727175
10156,pp,0.05,0.0,9,1.9626337277889245,-6.226902824459654,-5.959579949908786
10157,do,0.05,0.0,4,0.8568812632560734,-4.780569478237267,-4.519915390014648
10158,pp,0.05,0.0,4,0.8666407942771919,-5.704989165970773,-5.10654584036933
10159,do,0.05,0.0,8,1.258184068202973,-5.2335866292317705,-4.54293187989129
10160,pp,0.05,0.0,70,1.012714238166808,-10.84297483184121,-9.292999786800808
10161,do,0.05,0.0,12,0.8521245133876807,-5.229065133586074,-4.955972303284539
10162,pp,0.05,0.0,9,0.5474829959869387,-5.377072971517389,-4.842714489830865
10163,do,0.05,0.0,51,1.3679282057285311,-6.6763343969980875,-5.934650384055244
10164,pp,0.05,0.0,10,0.17752893805503778,-5.894077149304477,-5.038466633690728
10165,do,0.05,0.0,7,0.651659809350968,-5.50674511013609,-4.832579225964016
10166,pp,0.05,0.0,6,-0.07802063345909183,-6.386582393357248,-5.411048838827345
10167,do,0.05,0.0,19,1.6728880810737614,-5.505638139898127,-5.222482095824348
10168,pp,0.05,0.0,26,1.424563932418824,-6.099921495264227,-5.26330812242296
10169,do,0.05,0.0,6,0.7356108450889582,-5.565711012753574,-4.771828497780694
10170,pp,0.05,0.0,27,2.0611931121349336,-9.999874288385564,-8.217553424835206
10171,do,0.05,0.0,16,3.3514757573604577,-5.006632788976034,-4.573304908805423
10172,pp,0.05,0.0,13,3.2550073361396787,-6.3701512596823955,-5.524042026201884
10173,do,0.05,0.0,5,0.936456251144409,-5.288789944215254,-4.635000281863743
10174,pp,0.05,0.0,14,1.8996591341495517,-6.323178672790528,-5.554923033714294
10175,do,0.05,0.0,7,1.3621907174587244,-6.013575345819647,-5.638120500246684
10176,pp,0.05,0.0,10,1.7112795329093933,-5.801059412233757,-5.105200131734212
10177,do,0.05,0.0,49,1.3695991587638865,-9.647807781624072,-9.073363746537103
10178,pp,0.05,0.0,6,1.8934234654903417,-5.529942382465709,-5.049374310175578
10179,do,0.05,0.0,17,1.3820680928230287,-4.1189205827135025,-3.7492053482267593
10180,pp,0.05,0.0,10,1.672658002376557,-5.454390330748125,-4.561298648516337
10181,do,0.05,0.0,15,1.714392962455749,-5.965714616486521,-5.233127458890279
10182,pp,0.05,0.0,6,1.1717226052284238,-5.577478709365383,-5.0189539538489445
10183,do,0.05,0.0,39,2.553029479980469,-5.3575707565654405,-5.1436544020970665
10184,pp,0.05,0.0,14,1.362949922084808,-5.296712339285648,-5.055898345841301
10185,do,0.05,0.0,70,1.8963885128498088,-6.333489686792547,-5.793296607335408
10186,pp,0.05,0.0,17,1.2074186170101173,-5.3844948161732065,-4.597637775209215
10187,do,0.05,0.0,9,1.9422882390022282,-5.935225385608095,-5.1497033596038815
10188,pp,0.05,0.0,7,1.3839149904251098,-5.03195246927666,-4.6316261821322975
10189,do,0.05,0.0,32,2.4792906498909,-4.4828577850804185,-4.492138475841946
10190,pp,0.05,0.0,9,0.1759916973114013,-5.413795365709247,-5.250314095285204
10191,do,0.05,0.0,16,1.8450244188308718,-5.2763714212359805,-4.867963608105978
10192,pp,0.05,0.0,7,0.8286906254291537,-5.275584693388505,-5.107756757736206
10193,do,0.05,0.0,6,0.4542476534843445,-5.62260565179767,-5.03612036175198
10194,pp,0.05,0.0,5,1.072794522047043,-5.4237914764519894,-5.0934135516484575
10195,do,0.05,0.0,22,2.1005447494983667,-4.9550491188511705,-4.785993795924717
10196,pp,0.05,0.0,23,1.851431413888931,-4.878196460550481,-4.307543143961165
10197,do,0.05,0.0,13,1.7519860911369323,-5.350297520377419,-5.768080600102743
10198,pp,0.05,0.0,19,2.944437247514725,-5.0489530057618115,-4.497712086306678
10199,do,0.05,0.0,7,0.7273967182636261,-5.853827586318507,-5.2447875817616785
10200,pp,0.05,0.0,7,1.5482196474075316,-5.706885985172156,-4.883428830570645
10201,do,0.05,0.0,7,0.9152642405033111,-5.361830819736827,-5.152521411577861
10202,pp,0.05,0.0,6,1.6979328465461725,-5.426787874915383,-5.100442451900906
10203,do,0.05,0.0,31,1.8822951173782343,-4.699299627361875,-4.572054693433974
10204,pp,0.05,0.0,9,1.2710819649696345,-5.170469042749116,-4.446342298719618
10205,do,0.05,0.0,17,1.106236250400543,-4.967411911126339,-4.448795896106296
10206,pp,0.05,0.0,61,1.7178946197032925,-6.832106025291211,-6.226381108495924
10207,do,0.05,0.0,13,1.510535897016525,-5.626701233603738,-5.0140412992901275
10208,pp,0.05,0.0,9,1.4439275693893432,-6.228669182459513,-5.584499332639906
10209,do,0.05,0.0,12,1.5033382487297056,-7.019439458847046,-5.491161968972948
10210,pp,0.05,0.0,10,1.8935650157928468,-5.158590091358532,-4.3655817800098
10211,do,0.05,0.0,10,1.3586479771137236,-5.307027808102695,-4.602946043014526
10212,pp,0.05,0.0,19,2.201741514205933,-7.490636743198742,-6.227353580792745
10213,do,0.05,0.0,39,2.0728965687751764,-6.598462619203509,-5.659448289871216
10214,pp,0.05,0.0,15,1.9558009898662574,-5.524731547904737,-5.067784492174784
10215,do,0.05,0.0,20,1.511078318357467,-4.957061394778165,-4.3742709530724415
10216,pp,0.05,0.0,16,1.5618854200839998,-4.592020497177586,-4.137924422158135
10217,do,0.05,0.0,17,1.603608613014221,-5.993501262953787,-6.332125202814738
10218,pp,0.05,0.0,12,2.005180921554566,-5.915864549983631,-5.631959504551357
10219,do,0.05,0.0,30,1.3281363928318024,-6.274644402301672,-5.274759777386984
10220,pp,0.05,0.0,28,0.9842354094982149,-8.662230919346666,-7.148090510898166
10221,do,0.05,0.0,25,4.4601182639598855,-6.317428442926118,-5.346729347440932
10222,pp,0.05,0.0,23,3.226949089765549,-8.129865588563861,-6.718137996726566
10223,do,0.05,0.0,12,0.9098780786991121,-5.453071641921997,-5.030271975199382
10224,pp,0.05,0.0,9,1.1583623158931724,-5.962036754145767,-5.0698731078041925
10225,do,0.05,0.0,5,-0.06307777166366613,-6.05957147135879,-5.34429149362776
10226,pp,0.05,0.0,9,1.052803325653076,-5.0697628844868055,-4.247588878207736
10227,do,0.05,0.0,25,2.7544493174552924,-4.278654688054865,-4.062143345673879
10228,pp,0.05,0.0,11,0.9425374388694765,-5.050102862444791,-4.263714146614075
10229,do,0.05,0.0,21,2.4795892226696017,-5.613803181503759,-4.779740903112623
10230,pp,0.05,0.0,4,0.42738227725029,-5.681089532736576,-4.67648216618432
10231,do,0.05,0.0,20,0.2819640088081359,-5.555998802185059,-4.75261016951667
10232,pp,0.05,0.0,52,1.9766548550128933,-7.0523680354609635,-5.4181086275312635
10233,do,0.05,0.0,9,0.9662714457511896,-5.972714247848049,-5.1450142065684
10234,pp,0.05,0.0,10,0.9199147605895996,-6.671569214445172,-5.47499463558197
10235,do,0.05,0.0,17,1.6119932949543,-5.689196362639919,-5.227470554245842
10236,pp,0.05,0.0,13,2.04546680688858,-5.366731369134151,-4.498973343107435
10237,do,0.05,0.0,19,2.2261313831806193,-6.294875717163086,-5.599388596746657
10238,pp,0.05,0.0,13,1.4508682119846341,-5.491784292278868,-4.732581170399984
10239,do,0.05,0.0,3,-0.23239539265632647,-5.265687719980876,-4.556578395101759
10240,pp,0.05,0.0,10,0.762897166013718,-4.689124812501849,-4.054794867833455
10241,do,0.05,0.0,33,4.53770517706871,-5.010619390372074,-5.160694126288096
10242,pp,0.05,0.0,17,2.235699633359909,-5.495274763396292,-4.943574383523729
10243,do,0.05,0.0,9,1.3161935436725614,-5.918678223003041,-5.604897461997139
10244,pp,0.05,0.0,4,0.125209143161773,-4.81091903628725,-4.157308472527398
10245,do,0.05,0.0,21,2.3279781281948084,-5.910055073824796,-6.1894769748051965
10246,pp,0.05,0.0,70,2.1768596601486205,-6.39042079520948,-5.477289827664693
10247,do,0.05,0.0,3,-0.34103618144989056,-6.4444019317626955,-5.543358180258009
10248,pp,0.05,0.0,6,1.175660924911499,-5.181361796639182,-4.717706412739224
10249,do,0.05,0.0,11,1.8832575607299802,-7.789162462407893,-6.5719244453642105
10250,pp,0.05,0.0,6,0.7384234285354614,-4.698807803067294,-4.102169173293643
10251,do,0.05,0.0,19,1.8716034829616541,-5.477260894486398,-4.918238292800056
10252,pp,0.05,0.0,11,2.609443262815476,-5.565733002171372,-4.656098646587796
10253,do,0.05,0.0,44,2.2047767984867086,-5.510920537601818,-5.15538718700409
10254,pp,0.05,0.0,32,2.7230350410938255,-5.653275255723433,-4.558241389857399
10255,do,0.05,0.0,8,0.82748387336731,-4.882976347027403,-4.286805534362793
10256,pp,0.05,0.0,5,0.31811492085456905,-6.337177517919829,-5.048616374863519
10257,do,0.05,0.0,6,0.38856485366821314,-7.879381211598714,-6.017743884192573
10258,pp,0.05,0.0,4,0.7019119429588319,-5.063379410541419,-4.42955564128028
10259,do,0.05,0.0,19,1.0413369584083556,-7.376403786919334,-5.9567881557676525
10260,pp,0.05,0.0,4,0.7623597407341007,-4.638780440706196,-3.9228890313042535
10261,do,0.05,0.0,11,0.5533405339717863,-5.082000547466856,-5.007505978478326
10262,pp,0.05,0.0,14,1.7940314495563507,-5.387126536802812,-4.973825857374403
10263,do,0.05,0.0,10,0.4798011970520015,-6.192309266870672,-5.135816333029005
10264,pp,0.05,0.0,45,1.9322080409526823,-6.862886785738396,-5.962544409434001
10265,do,0.05,0.0,18,1.8357959902286538,-5.7467994632142965,-5.219953073395623
10266,pp,0.05,0.0,14,2.8892788076400757,-5.698384786374641,-5.027936620182461
10267,do,0.05,0.0,70,0.5004593503475192,-7.373741528482148,-6.460604524612426
10268,pp,0.05,0.0,19,2.3375643241405477,-6.882354678529682,-5.23534443643358
10269,do,0.05,0.0,21,1.6887350130081176,-5.862177145119869,-5.567770722177293
10270,pp,0.05,0.0,61,3.9081007218360906,-6.242413022301414,-5.508465607961019
10271,do,0.05,0.0,15,1.5803938531875614,-7.249123340664488,-6.189075038168165
10272,pp,0.05,0.0,5,-0.115980916023255,-5.802282183098071,-4.9935114834043715
10273,do,0.05,0.0,36,2.169206295013428,-5.843855002432159,-5.402716358502706
10274,pp,0.05,0.0,40,3.5010317611694326,-5.229160658518473,-4.640939544306861
10275,do,0.05,0.0,33,2.0395228075981144,-7.393188713536118,-5.966072935528225
10276,pp,0.05,0.0,70,2.963514819145203,-6.021013007019505,-5.315476548671723
10277,do,0.05,0.0,39,3.2810968470573423,-7.521130957747951,-7.97137402428521
10278,pp,0.05,0.0,6,-0.13670663237571734,-5.7792392268325345,-4.941776718033685
10279,do,0.05,0.0,26,0.46701231598854065,-5.403084947123672,-5.108254400889079
10280,pp,0.05,0.0,15,1.3914786279201508,-4.678837229988792,-3.9733326501316495
10281,do,0.05,0.0,13,1.9951571083068842,-8.581208752140855,-6.806756165292528
10282,pp,0.05,0.0,4,0.359261195659637,-6.158824406248151,-4.776222279336717
10283,do,0.05,0.0,51,1.060879287719727,-9.951175452723648,-8.233933718999227
10284,pp,0.05,0.0,27,3.1748717916011815,-4.801408462813407,-4.260285394721561
10285,do,0.05,0.0,30,3.195195529460908,-6.115673231356071,-6.038872827423943
10286,pp,0.05,0.0,13,1.5894029772281648,-4.493639568849043,-3.9919916484091016
10287,do,0.05,0.0,40,0.494799622297287,-7.461645646528765,-7.016895405451456
10288,pp,0.05,0.0,23,2.781483047008514,-4.483470702893806,-4.041845007737478
10289,do,0.05,0.0,28,2.1319181346893314,-5.770372231801351,-4.546394040849473
10290,pp,0.05,0.0,17,3.1560409295558927,-5.186501228448116,-4.145725589328342
10291,do,0.05,0.0,21,2.8347053706645973,-8.069298578031136,-7.200488580597772
10292,pp,0.05,0.0,14,2.9266365897655495,-4.453462344949895,-4.2270547482702465
10293,do,0.05,0.0,16,1.0618742513656612,-6.121334999257868,-5.325424737400478
10294,pp,0.05,0.0,19,1.7108837032318114,-5.863941877538507,-4.781148081355624
10295,do,0.05,0.0,4,-0.8735006904602054,-6.268761575583255,-5.517208056979709
10296,pp,0.05,0.0,20,2.271159697771073,-4.914599583365701,-4.24394760661655
10297,do,0.05,0.0,3,-0.6315100681781765,-6.015499343294086,-5.231418265236749
10298,pp,0.05,0.0,11,1.0575840663909917,-5.399376265207926,-4.705463504791259
10299,do,0.05,0.0,12,0.7206808781623844,-5.275426051110932,-4.581557276513841
10300,pp,0.05,0.0,36,3.266180039644241,-6.5398009256883105,-4.9589943197038435
10301,do,0.05,0.0,29,2.8173745393753054,-5.228502594340931,-4.639854990111457
10302,pp,0.05,0.0,18,2.526273120641709,-5.803673687848177,-5.129010865423415
10303,do,0.05,0.0,18,1.3516279995441431,-6.964615842067834,-6.106792375776503
10304,pp,0.05,0.0,24,1.4827963066101066,-8.454507161631728,-7.478442944420708
10305,do,0.05,0.0,11,1.5832291996479029,-4.953773222547589,-4.399444790681203
10306,pp,0.05,0.0,13,2.2727816975116735,-5.5802200707522305,-5.044389300876194
10307,do,0.05,0.0,12,1.7305854344367981,-5.188883174549449,-4.661553925938076
10308,pp,0.05,0.0,14,2.5000917053222658,-6.138929049173991,-5.218275147014194
10309,do,0.05,0.0,14,3.1180342888832087,-5.474950300563465,-5.140420076582167
10310,pp,0.05,0.0,19,2.3300500142574307,-6.862885937546238,-6.079503960079617
10311,do,0.05,0.0,18,1.6635431361198432,-5.459461047432639,-4.895877856678433
10312,pp,0.05,0.0,16,1.366553194522858,-7.103071503205733,-6.211582003699409
10313,do,0.05,0.0,25,2.4333096373081204,-4.401443861470078,-4.196454029613071
10314,pp,0.05,0.0,24,1.5071574604511264,-5.950114732800108,-5.278170114093356
10315,do,0.05,0.0,33,1.8009636592864986,-5.593627588676684,-6.158867711491055
10316,pp,0.05,0.0,12,1.5140261340141299,-5.056155667160496,-4.172528394063314
10317,do,0.05,0.0,66,0.8199936580657958,-7.408623364477447,-6.087211238013373
10318,pp,0.05,0.0,32,1.2548998856544493,-6.741817717118697,-6.034408007727729
10319,do,0.05,0.0,19,3.163567394018173,-5.905731585531524,-6.087846771876017
10320,pp,0.05,0.0,9,1.2222740244865413,-5.943949460983276,-5.2585180706448025
10321,do,0.05,0.0,21,1.1995230281353004,-5.755297299587365,-5.086512682172987
10322,pp,0.05,0.0,23,1.451785786151886,-6.5769593816815,-5.506423703829447
10323,do,0.05,0.0,9,1.0347847783565518,-4.870948014114842,-4.492136783070034
10324,pp,0.05,0.0,16,2.1391627383232112,-6.038357448577881,-5.822924134466383
10325,do,0.05,0.0,25,1.0247755742073057,-6.315822617212931,-5.654151532385084
10326,pp,0.05,0.0,10,1.1960054802894593,-4.7561100656336,-4.202075486712985
10327,do,0.05,0.0,7,0.2635220980644224,-5.155883011673436,-4.612799138493008
10328,pp,0.05,0.0,5,-0.14364135622978225,-5.8889260624394275,-4.983467401398553
10329,do,0.05,0.0,9,0.6406439268589024,-4.59462363503196,-4.409317069583469
10330,pp,0.05,0.0,14,1.650973724126815,-5.148942482110225,-5.067286761601766
10331,do,0.05,0.0,10,1.8664742624759674,-5.27827458670645,-5.410490716828241
10332,pp,0.05,0.0,34,1.3784671735763556,-7.641010421695131,-6.225800434748332
10333,do,0.05,0.0,15,0.7481945466995237,-5.223765409354008,-5.496006817287869
10334,pp,0.05,0.0,6,0.6238625061512,-6.358762573473381,-5.64260147942437
10335,do,0.05,0.0,23,2.7134106898307797,-5.405994582898689,-4.967135866483052
10336,pp,0.05,0.0,16,2.2650864648818967,-5.71000406814344,-4.728719915284051
10337,do,0.05,0.0,8,1.949013894796371,-4.688854268102935,-4.141171124246386
10338,pp,0.05,0.0,9,2.0813370025157933,-6.066476674513384,-5.326349928643968
10339,do,0.05,0.0,11,-0.22692069292068506,-5.573414046836622,-5.054412860340542
10340,pp,0.05,0.0,14,1.2558884346485142,-5.595322282386548,-5.224932972590128
10341,do,0.05,0.0,49,2.43520952820778,-8.561152654705626,-7.089147528012593
10342,pp,0.05,0.0,10,0.5980679774284363,-5.867017472874035,-4.921768776575724
10343,do,0.05,0.0,21,3.465855013132095,-6.4038952061624235,-5.603439712524414
10344,pp,0.05,0.0,11,2.7208945095539097,-6.038956777977221,-5.445736172464159
10345,do,0.05,0.0,9,1.7350429034233095,-5.297068015011874,-4.842091994815402
10346,pp,0.05,0.0,8,1.0280456054210667,-5.246096563339234,-4.827904380692376
10347,do,0.05,0.0,22,2.7396016836166384,-6.110918101397428,-5.446717007954915
10348,pp,0.05,0.0,70,2.611200268268586,-8.801288977536288,-7.404069352149963
10349,do,0.05,0.0,21,3.0344945907592775,-5.104442580540975,-4.634140419960022
10350,pp,0.05,0.0,15,2.574285914897918,-4.93550530202461,-4.618299921353658
10351,do,0.05,0.0,19,2.226123631000519,-4.773748446955826,-4.62386110358768
10352,pp,0.05,0.0,17,0.9468085443973537,-5.785184407956672,-5.453218576643202
10353,do,0.05,0.0,15,1.421653017997742,-6.542366400631991,-5.7643986463546755
10354,pp,0.05,0.0,6,0.5468293976783754,-6.8768658522403605,-5.509359945191277
10355,do,0.05,0.0,15,1.41638311624527,-7.096977868224635,-5.932428444756402
10356,pp,0.05,0.0,6,1.362077100276947,-5.663292720101096,-5.391230856047736
10357,do,0.05,0.0,29,2.882249883413315,-4.285476691795118,-4.196409612231784
10358,pp,0.05,0.0,13,2.2177654993534084,-6.076650703314579,-5.1544821553760105
10359,do,0.05,0.0,20,2.9315437507629403,-5.786947809566151,-5.347933326827155
10360,pp,0.05,0.0,12,0.5044344890117642,-5.910924454891321,-5.201184887356228
10361,do,0.05,0.0,36,3.821982620954514,-5.291492512731841,-5.115560966067844
10362,pp,0.05,0.0,24,2.9957738339900963,-5.513405349037864,-4.958274478382535
10363,do,0.05,0.0,24,2.9521046423912054,-5.223106463750203,-4.652872906790839
10364,pp,0.05,0.0,9,0.8865239500999458,-5.315096213600852,-5.2020715607537165
10365,do,0.05,0.0,19,2.218918434381485,-4.803542348110315,-4.339727690484788
10366,pp,0.05,0.0,12,0.620471374988556,-6.030241836201061,-4.978842873043484
10367,do,0.05,0.0,18,2.4534579908847807,-5.148184692498409,-4.755805563926697
10368,pp,0.05,0.0,8,0.997455321550369,-6.1534731590386595,-5.342363701926337
10369,do,0.05,0.0,26,3.147092411518096,-4.915305967041941,-4.912904363208347
10370,pp,0.05,0.0,15,2.0651085770130164,-6.224026759465535,-5.204778607686361
10371,do,0.05,0.0,10,1.7914241576194767,-5.164524933786103,-4.564728551440769
10372,pp,0.05,0.0,11,1.1836805450916295,-6.538859276338057,-5.630945963329739
10373,do,0.05,0.0,10,1.8834463179111474,-4.355842224756876,-4.180574752224816
10374,pp,0.05,0.0,9,0.992261157035828,-5.6135973410172895,-4.8355273326237995
10375,do,0.05,0.0,40,3.3003092634677884,-6.089605710000702,-6.46921136909061
10376,pp,0.05,0.0,31,1.1376932406425482,-11.182247823657411,-8.474844479560852
10377,do,0.05,0.0,27,2.428965054750442,-4.880783943696455,-4.285006887382931
10378,pp,0.05,0.0,13,1.4835837066173552,-5.955607391126228,-5.207188291019864
10379,do,0.05,0.0,5,1.0399307668209081,-5.196931094834299,-4.531878656811184
10380,pp,0.05,0.0,7,1.0827358913421632,-5.864568135232636,-5.068252756860521
10381,do,0.05,0.0,39,0.6155844807624806,-5.905471728064797,-5.232554353608025
10382,pp,0.05,0.0,12,0.44676467537879905,-7.453972802017674,-6.121477164162529
10383,do,0.05,0.0,70,4.678213411569595,-7.2959817322817715,-6.818981952137417
10384,pp,0.05,0.0,17,2.035071890354157,-6.641969400463682,-5.20700478553772
10385,do,0.05,0.0,20,1.9886321830749516,-5.0989382657137785,-4.820940147505866
10386,pp,0.05,0.0,10,1.9818568992614747,-5.539852312839392,-4.434438994195726
10387,do,0.05,0.0,14,2.0019809556007386,-8.211366128921508,-6.532669520378112
10388,pp,0.05,0.0,10,1.3973753666877746,-6.157377841255881,-4.922008204460144
10389,do,0.05,0.0,11,1.0386371159553525,-5.704571849649603,-4.793710027800666
10390,pp,0.05,0.0,25,1.1687732303142546,-8.536023710713241,-7.039885568618774
10391,do,0.05,0.0,9,2.0178984940052027,-5.876053340507276,-5.198769826359219
10392,pp,0.05,0.0,15,1.7852795958518985,-4.938692618861343,-4.3859321342574225
10393,do,0.05,0.0,70,2.5074856376647956,-6.839442750179407,-7.551200723648071
10394,pp,0.05,0.0,9,1.1337233841419216,-4.4647992538683345,-4.129541362656488
10395,do,0.05,0.0,28,2.268995162248612,-6.423646458712491,-6.446488653288947
10396,pp,0.05,0.0,9,0.7675326275825496,-6.005572015588934,-5.269563004705641
10397,do,0.05,0.0,18,1.219134773015976,-5.984938987096151,-5.62725174691942
10398,pp,0.05,0.0,11,1.2404345524311067,-5.713652739380345,-4.892870974540711
10399,do,0.05,0.0,19,2.0725611793994902,-5.339988092942671,-5.103005456924438
10400,pp,0.05,0.0,8,1.5166613435745235,-4.524989034190322,-4.063103862603506
10401,do,0.05,0.0,43,3.9942721652984616,-7.167948030702996,-7.316562848620944
10402,pp,0.05,0.0,8,0.9224381554126735,-4.978839534701723,-4.360657721095615
10403,do,0.05,0.0,31,1.1260222232341768,-5.390999376412594,-5.249442752202352
10404,pp,0.05,0.0,15,1.9420968520641324,-5.565934168208729,-4.70502130455441
10405,do,0.05,0.0,31,2.05455852150917,-5.979419321002382,-5.541559807459513
10406,pp,0.05,0.0,24,2.432463136911392,-4.690575131503018,-4.1562267978986105
10407,do,0.05,0.0,18,3.58996271967888,-5.244935761076031,-4.668473641077678
10408,pp,0.05,0.0,14,3.217118586301803,-6.475377277894453,-5.183545568254259
10409,do,0.05,0.0,23,3.3830980670452124,-4.696478047515407,-5.562192617522346
10410,pp,0.05,0.0,12,2.29142676115036,-5.039774604277177,-4.339624143971337
10411,do,0.05,0.0,68,3.2595906162261965,-8.861731451207941,-8.398123240470886
10412,pp,0.05,0.0,15,2.0143591558933256,-4.670164375594168,-4.019093436665005
10413,do,0.05,0.0,15,2.309413349628449,-4.68055893869111,-4.055491169293721
10414,pp,0.05,0.0,7,0.9282668244838712,-4.7290430199016225,-4.139384423361884
10415,do,0.05,0.0,70,2.3910090184211725,-7.4474176594705295,-7.673193168640137
10416,pp,0.05,0.0,11,0.8921763885021212,-5.68767012682828,-4.911968853738573
10417,do,0.05,0.0,41,4.888262892961502,-5.42539266239513,-5.1052783568700155
10418,pp,0.05,0.0,47,4.25409693479538,-6.818313194043709,-5.991706514358521
10419,do,0.05,0.0,38,1.9144354188442234,-9.059217094652581,-7.962246979607476
10420,pp,0.05,0.0,62,3.4012736618518824,-5.084064172975944,-4.498200657632616
10421,do,0.05,0.0,70,4.801298977136611,-7.154712601863976,-8.41210543844435
10422,pp,0.05,0.0,8,1.0533799707889555,-4.7804249633442275,-3.90668834845225
10423,do,0.05,0.0,37,3.4170869624614717,-8.519466566317009,-6.733427352375454
10424,pp,0.05,0.0,7,1.4178702187538148,-6.151431285973751,-4.940281120936076
10425,do,0.05,0.0,45,1.7828813052177424,-6.263778712532737,-6.341911072201199
10426,pp,0.05,0.0,13,1.655367721319199,-5.64104823921666,-5.070190996593899
10427,do,0.05,0.0,64,3.9494679605960847,-6.487867041790124,-6.380629391140408
10428,pp,0.05,0.0,44,1.1028069627284998,-6.25988118576281,-4.949109611246321
10429,do,0.05,0.0,18,4.344263925552368,-6.0412733843832305,-6.50628645155165
10430,pp,0.05,0.0,19,4.061291965246201,-4.710347672664758,-4.189721131324768
10431,do,0.05,0.0,18,1.765015634298324,-6.2247658397212176,-5.281990755928887
10432,pp,0.05,0.0,4,0.689483962059021,-5.344615206573948,-4.681528364287482
10433,do,0.05,0.0,59,4.2266568171977985,-6.573564068476359,-6.929660206370883
10434,pp,0.05,0.0,70,0.6645359158515944,-11.164904555407437,-8.049621627065871
10435,do,0.05,0.0,57,2.6924698555469524,-7.709155478621974,-7.1798400984870065
10436,pp,0.05,0.0,55,3.9983611524105074,-6.131363422220404,-5.533276006910536
10437,do,0.05,0.0,17,2.1220318150520328,-6.381313381773053,-6.680680168999566
10438,pp,0.05,0.0,10,2.052240490913391,-5.01955690239415,-4.443952533933851
10439,do,0.05,0.0,20,2.3079408085346227,-5.496567863406557,-5.11468436188168
10440,pp,0.05,0.0,16,2.487657836675644,-4.5411546345913045,-3.83251281314426
10441,do,0.05,0.0,70,2.6130435597896584,-6.862887152758511,-6.014832380082872
10442,pp,0.05,0.0,14,2.7023394632339475,-4.418495935382265,-4.011294672224257
10443,do,0.05,0.0,9,0.8655691182613374,-6.388373746293964,-5.454603025648329
10444,pp,0.05,0.0,5,1.2209665417671198,-5.0147586779160935,-4.188481171925862
10445,do,0.05,0.0,26,2.027732603549957,-6.629510591969345,-6.087902458508809
10446,pp,0.05,0.0,22,0.9858181273937223,-7.126904689904415,-6.065108397271898
10447,do,0.05,0.0,31,4.247332360744476,-6.025546143271706,-5.7852449364132355
10448,pp,0.05,0.0,5,0.08266040802001928,-5.744042554046168,-4.7664640691545275
10449,do,0.05,0.0,70,4.647239995002747,-7.990143200845429,-7.622327661514282
10450,pp,0.05,0.0,28,3.7855389344692227,-4.828339692318078,-4.3617961777581105
10451,do,0.05,0.0,25,1.294885442256927,-6.984623817964033,-7.5390104081895615
10452,pp,0.05,0.0,17,1.3735878598690032,-6.500228597178603,-5.79704376326667
10453,do,0.05,0.0,14,2.1253477454185488,-5.738074194301259,-5.108611006206936
10454,pp,0.05,0.0,23,1.982465541362762,-5.692011363578565,-5.0121143420537315
10455,do,0.05,0.0,13,1.651362502574921,-6.457389827208085,-5.957271424929301
10456,pp,0.05,0.0,10,1.4227377986907959,-6.686757841977206,-5.77821823226081
10457,do,0.05,0.0,70,1.8195561230182653,-8.799252660346754,-7.5278624481625025
10458,pp,0.05,0.0,56,4.376005295515061,-4.405087413932338,-4.364018360773723
10459,do,0.05,0.0,70,4.411566176414491,-6.074844585765492,-5.958748009469774
10460,pp,0.05,0.0,36,4.0662786006927485,-5.074676880691991,-4.577098009321425
10461,do,0.05,0.0,42,2.2641867125034327,-6.900399534630053,-6.24986842473348
10462,pp,0.05,0.0,20,2.3889398217201228,-4.659704433787953,-4.05609574980206
10463,do,0.05,0.0,16,1.7268433141708375,-5.715471731532704,-5.666227314207289
10464,pp,0.05,0.0,70,1.417330520153044,-12.250213024832986,-10.394705952538384
10465,do,0.05,0.0,50,2.4331787371635434,-6.2594887299971145,-5.717805952495999
10466,pp,0.05,0.0,20,2.3886446058750153,-5.056185830723155,-4.458965452512105
10467,do,0.05,0.0,70,2.9349821233749385,-7.934647603468462,-7.581408426496718
10468,pp,0.05,0.0,70,1.336610991954803,-11.17496431090615,-8.588308718469408
10469,do,0.05,0.0,70,2.1523656988143927,-6.7605823401248815,-8.188624652226766
10470,pp,0.05,0.0,7,0.7454115295410162,-5.662145721551144,-4.951815019713508
10471,do,0.05,0.0,70,2.634177683591843,-7.353334098873717,-7.781504403220283
10472,pp,0.05,0.0,43,3.892495770454407,-6.8801973993128,-5.939604973793029
10473,do,0.05,0.0,39,3.1451252293586727,-5.3256591666828506,-5.096748357348972
10474,pp,0.05,0.0,13,1.363881001472473,-5.500931566411799,-4.907756527264913
10475,do,0.05,0.0,34,3.7398989212512976,-6.319947218172478,-5.805990987353855
10476,pp,0.05,0.0,25,2.816935745477676,-5.44885570786216,-4.954814517498017
10477,do,0.05,0.0,9,0.5957028877735135,-5.6398037491422714,-4.942988191710578
10478,pp,0.05,0.0,12,1.491693851947784,-6.5994531270229455,-5.600939872529771
10479,do,0.05,0.0,21,2.1645455527305604,-5.618089463494041,-5.633544492721557
10480,pp,0.05,0.0,12,0.6673529040813442,-6.824878173885923,-5.68617664972941
10481,do,0.05,0.0,19,1.626078554391861,-4.406319337902647,-3.9390533328056336
10482,pp,0.05,0.0,13,1.8311578583717347,-4.481467375610814,-4.102477980984582
10483,do,0.05,0.0,11,1.259001665115357,-6.536840850656683,-5.862232356601291
10484,pp,0.05,0.0,7,1.0224966955184938,-5.260820721134995,-4.877742783228556
10485,do,0.05,0.0,19,0.8709961867332456,-5.2081448410496565,-5.8432232220967615
10486,pp,0.05,0.0,34,2.4662919151782985,-5.99446606202559,-5.213373986879985
10487,do,0.05,0.0,20,1.6264791750907897,-5.872942651401867,-5.670432758331299
10488,pp,0.05,0.0,6,0.3895056140422817,-5.311052783330282,-4.684034132957459
10489,do,0.05,0.0,13,0.6039954197406772,-5.329514752012311,-4.598689458105299
10490,pp,0.05,0.0,11,0.8001198244094851,-5.790565103473085,-4.904774061838785
10491,do,0.05,0.0,17,1.5467121934890748,-5.840806267478249,-6.242838970820109
10492,pp,0.05,0.0,14,2.8448855113983154,-6.181598072340994,-5.276583573553297
10493,do,0.05,0.0,42,3.04183951497078,-7.7012442964496035,-6.512803554534912
10494,pp,0.05,0.0,10,1.9760568404197691,-5.2130149075479215,-4.61930185423957
10495,do,0.05,0.0,23,2.8750428593158732,-4.681431556470466,-4.093904541598426
10496,pp,0.05,0.0,43,2.3160728311538694,-6.749258795651523,-6.173971483442519
10497,do,0.05,0.0,18,2.5512234258651727,-5.118205924467607,-4.823614944352044
10498,pp,0.05,0.0,27,1.6985113096237185,-6.639265202030991,-5.317123375998603
10499,do,0.05,0.0,29,3.7638913154602056,-5.558879879749182,-5.0142403814527725
10500,pp,0.05,0.0,42,2.5343788075447087,-7.739038583004113,-7.419516854816013
10501,do,0.05,0.0,50,5.244388653039932,-4.7288222067283865,-4.758017494943407
10502,pp,0.05,0.0,13,2.439872099161148,-6.466912167000048,-6.1168918503655325
10503,do,0.05,0.0,26,3.73419539809227,-5.332990795193297,-4.761160786946615
10504,pp,0.05,0.0,7,1.3254430472850807,-4.714180564880371,-4.1247987058427595
10505,do,0.05,0.0,26,2.4215372872352594,-5.427158042156335,-4.860694845517476
10506,pp,0.05,0.0,13,2.6721381938457487,-4.9195181687672935,-4.415569867028131
10507,do,0.05,0.0,5,1.3547677206993098,-5.3952064037323,-4.498638592825996
10508,pp,0.05,0.0,7,0.7226505601406092,-5.165305003252897,-4.965287605921428
10509,do,0.05,0.0,22,1.8938763201236721,-7.619458575682207,-6.719107291433546
10510,pp,0.05,0.0,12,1.197878416776657,-5.823501727075287,-5.268624925613404
10511,do,0.05,0.0,17,0.32687297224998524,-7.088847476785833,-6.044703279601203
10512,pp,0.05,0.0,10,0.8118685078620906,-5.737847479906949,-4.934573056962755
10513,do,0.05,0.0,22,0.06936663985252345,-5.862712176640828,-5.107391709751553
10514,pp,0.05,0.0,29,1.775954653024674,-5.2162807565746885,-4.691258274184333
10515,do,0.05,0.0,9,0.6082912516593932,-5.4400685628255205,-4.999674036767748
10516,pp,0.05,0.0,7,1.2139624750614173,-4.959003243301854,-4.761684518390232
10517,do,0.05,0.0,38,3.993903909921645,-5.571098121007283,-6.114955910046896
10518,pp,0.05,0.0,18,2.4613074958324432,-5.5326659202575685,-4.562915036413405
10519,do,0.05,0.0,20,2.3590741467475898,-4.998223472364021,-4.503737315866682
10520,pp,0.05,0.0,45,4.493555059432984,-7.826511423515551,-7.737557416492038
10521,do,0.05,0.0,41,1.0103217601776127,-6.502699489304514,-6.260111334588792
10522,pp,0.05,0.0,15,1.9288621294498451,-4.934567731799501,-4.767106413841248
10523,do,0.05,0.0,20,1.2369421172142028,-4.934990550532485,-4.108706504768795
10524,pp,0.05,0.0,10,1.8346169543266297,-5.52037892630606,-4.782239450348748
10525,do,0.05,0.0,10,1.6147987687587744,-6.586383052305742,-5.8887982500924005
10526,pp,0.05,0.0,6,0.7564314496517177,-6.580474048672301,-5.34845138390859
10527,do,0.05,0.0,23,2.101789569854737,-4.742493210416852,-4.50889455874761
10528,pp,0.05,0.0,10,1.7291563224792474,-5.51488483024366,-4.5098952929178875
10529,do,0.05,0.0,70,3.6497235548496247,-6.3876818208983455,-6.792747696240743
10530,pp,0.05,0.0,14,2.415231174230575,-5.692724749536225,-4.64454222785102
10531,do,0.05,0.0,70,1.7675603866577152,-7.9491532455791125,-7.289526017506917
10532,pp,0.05,0.0,9,1.3785991990566258,-4.9073873433199795,-4.285627631346385
10533,do,0.05,0.0,18,2.023420038223267,-5.041905299100009,-4.9279978142844305
10534,pp,0.05,0.0,11,1.9382338535785673,-5.53663830612645,-4.8754190312491525
10535,do,0.05,0.0,27,2.6989794445037845,-4.78303511503971,-4.213456410831875
10536,pp,0.05,0.0,11,1.571894698143006,-6.394256245006215,-5.725392174720764
10537,do,0.05,0.0,25,0.34506813406944303,-8.067244190158267,-7.252209220992194
10538,pp,0.05,0.0,9,0.2694740509986877,-6.282970906748917,-5.497670777638754
10539,do,0.05,0.0,15,1.3676037001609807,-5.065427660219597,-4.48747657140096
10540,pp,0.05,0.0,8,-0.5535160040855409,-7.20601127797907,-5.879153045018514
10541,do,0.05,0.0,13,1.5020718276500702,-5.174343298420761,-5.27667100959354
10542,pp,0.05,0.0,5,-0.2640910375118253,-6.509229178862138,-5.478884755240546
10543,do,0.05,0.0,20,3.9228448700904837,-5.550342610388091,-5.37169087462955
10544,pp,0.05,0.0,19,3.482017813920976,-5.544282323663885,-4.91455323431227
10545,do,0.05,0.0,29,3.696068494319916,-4.94290700970274,-4.799406170845032
10546,pp,0.05,0.0,18,2.088482695817948,-5.441234410892833,-4.56992576652103
10547,do,0.05,0.0,56,1.5980644953250884,-5.121387361757683,-4.674269048372905
10548,pp,0.05,0.0,32,1.8255827152729038,-5.439267774061723,-4.95215691725413
10549,do,0.05,0.0,13,1.2749770128726956,-4.413871727567731,-4.00634081363678
10550,pp,0.05,0.0,15,1.2793745577335356,-5.517861279574308,-4.842023746172587
10551,do,0.05,0.0,36,3.578375537395477,-5.5434640335314205,-5.2697395510143705
10552,pp,0.05,0.0,19,1.6854840862751006,-5.5364293055100875,-4.861778818236457
10553,do,0.05,0.0,26,1.6544510793685916,-5.537130533565175,-5.692819404602051
10554,pp,0.05,0.0,44,1.6532890367507935,-7.129561525402647,-6.278614001803928
10555,do,0.05,0.0,39,3.6408377158641816,-6.238499265728575,-5.46671383910709
10556,pp,0.05,0.0,23,2.8105227863788595,-5.978975236777103,-5.053614603148566
10557,do,0.05,0.0,42,3.980397955179215,-6.09274100968332,-5.626962746514215
10558,pp,0.05,0.0,14,1.9193767476081849,-5.194824221639922,-4.6240611871083575
10559,do,0.05,0.0,33,2.3872922396659852,-4.711862867528742,-4.346394279268053
10560,pp,0.05,0.0,15,1.373395990133286,-4.777087765028982,-4.301861233181423
