{
    "best_epoch": 40,
    "best_val_performance": 1.9146169344584143,
    "val_performance_metric": "diff",
    "train_loss": 1.414367914199829,
    "initial_do_mean": -6.5590620445482655,
    "final_do_mean": -7.757329108498313,
    "best_do_mean": -7.559548224824848,
    "initial_pp_mean": -5.763365986612108,
    "final_pp_mean": -6.475920650694105,
    "best_pp_mean": -6.485159598456489
}