{
    "best_epoch": 70,
    "best_val_performance": -0.5491208600997926,
    "val_performance_metric": "diff",
    "train_loss": 5.4913225173950195,
    "initial_pref_do": 0.15857142857142856,
    "final_pref_do": 0.16428571428571428,
    "best_pref_do": 0.16428571428571428
}