{
    "best_epoch": 70,
    "best_val_performance": -0.1501700671513868,
    "val_performance_metric": "diff",
    "train_loss": 2.871922731399536,
    "initial_pref_do": 0.14714285714285713,
    "final_pref_do": 0.36428571428571427,
    "best_pref_do": 0.36428571428571427
}