{
    "best_epoch": 28,
    "best_val_performance": 0.15970775445302277,
    "val_performance_metric": "diff",
    "train_loss": 1.9892469644546509,
    "initial_pref_do": 0.15571428571428572,
    "final_pref_do": 0.037142857142857144,
    "best_pref_do": 0.05
}