{
    "best_epoch": 70,
    "best_val_performance": 2.5648482767740894,
    "val_performance_metric": "diff",
    "train_loss": 1.3538819551467896,
    "initial_do_mean": -6.768057337674228,
    "final_do_mean": -6.8681991331505055,
    "best_do_mean": -6.8681991331505055,
    "initial_pp_mean": -6.098398009936015,
    "final_pp_mean": -5.811534677611457,
    "best_pp_mean": -5.811534677611457
}