{
    "best_epoch": 29,
    "best_val_performance": 0.070057684580485,
    "val_performance_metric": "diff",
    "train_loss": 3.2326111793518066,
    "initial_pref_do": 0.18142857142857144,
    "final_pref_do": 0.11428571428571428,
    "best_pref_do": 0.19142857142857142
}