{
    "best_epoch": 70,
    "best_val_performance": -0.6106091276804602,
    "val_performance_metric": "diff",
    "train_loss": 8.951005935668945,
    "initial_dative_mean": -7.194321705235375,
    "final_dative_mean": -6.865096471114465,
    "best_dative_mean": -6.865096471114465
}