{
    "best_epoch": 26,
    "best_val_performance": 0.3977181418736775,
    "val_performance_metric": "diff",
    "train_loss": 1.839631199836731,
    "initial_do_mean": -6.533907789172548,
    "final_do_mean": -4.845821056943951,
    "best_do_mean": -4.460542852228338,
    "initial_pp_mean": -5.901603386137221,
    "final_pp_mean": -4.143634790844388,
    "best_pp_mean": -3.663097710079617
}