{
    "best_epoch": 70,
    "best_val_performance": 0.28117686907450334,
    "val_performance_metric": "diff",
    "train_loss": 1.5825238227844238,
    "initial_do_mean": -7.603571385145187,
    "final_do_mean": -5.678285298998966,
    "best_do_mean": -5.678285298998966,
    "initial_pp_mean": -7.1588871906785405,
    "final_pp_mean": -5.208677256457946,
    "best_pp_mean": -5.208677256457946
}