{
    "best_epoch": 7,
    "best_val_performance": 0.5789777835210161,
    "val_performance_metric": "diff",
    "train_loss": 3.480891227722168,
    "initial_do_mean": -6.419839887908011,
    "final_do_mean": -5.294368329192653,
    "best_do_mean": -4.248482456351772,
    "initial_pp_mean": -5.743781979878744,
    "final_pp_mean": -5.042408384217156,
    "best_pp_mean": -3.897256914774577
}