{
    "best_epoch": 70,
    "best_val_performance": -0.11006783008575471,
    "val_performance_metric": "diff",
    "train_loss": 3.7548561096191406,
    "initial_do_mean": -6.554410969127308,
    "final_do_mean": -4.882007224632032,
    "best_do_mean": -4.882007224632032,
    "initial_pp_mean": -5.760883853170607,
    "final_pp_mean": -4.322828751140171,
    "best_pp_mean": -4.322828751140171
}