{
    "best_epoch": 70,
    "best_val_performance": -0.15155509789784727,
    "val_performance_metric": "diff",
    "train_loss": 3.8920183181762695,
    "initial_do_mean": -7.634590651406798,
    "final_do_mean": -5.599485376893088,
    "best_do_mean": -5.599485376893088,
    "initial_pp_mean": -6.99086407773635,
    "final_pp_mean": -5.113173438871608,
    "best_pp_mean": -5.113173438871608
}