{
    "best_epoch": 38,
    "best_val_performance": 2.043504498799642,
    "val_performance_metric": "diff",
    "train_loss": 2.826422929763794,
    "initial_do_mean": -7.698668915865033,
    "final_do_mean": -5.783220197225726,
    "best_do_mean": -5.6198336138974785,
    "initial_pp_mean": -7.1652520810856535,
    "final_pp_mean": -5.384918727944879,
    "best_pp_mean": -5.133588408371981
}