{
    "best_epoch": 21,
    "best_val_performance": 1.163749470710755,
    "val_performance_metric": "diff",
    "train_loss": 1.9611248970031738,
    "initial_pref_do": 0.07714285714285714,
    "final_pref_do": 0.7014285714285714,
    "best_pref_do": 0.29
}