{
    "best_epoch": 66,
    "best_val_performance": 1.1199063555399569,
    "val_performance_metric": "diff",
    "train_loss": 1.8368281126022339,
    "initial_dative_mean": -7.466524029684345,
    "final_dative_mean": -7.013438937956827,
    "best_dative_mean": -7.0510510129538195
}