{
    "best_epoch": 70,
    "best_val_performance": 4.550524388949075,
    "val_performance_metric": "diff",
    "train_loss": 2.0711488723754883,
    "initial_do_mean": -6.659022204081217,
    "final_do_mean": -7.145263780247081,
    "best_do_mean": -7.145263780247081,
    "initial_pp_mean": -5.917714850107829,
    "final_pp_mean": -5.909285399648878,
    "best_pp_mean": -5.909285399648878
}