{
    "best_epoch": 30,
    "best_val_performance": 0.8064531993865973,
    "val_performance_metric": "diff",
    "train_loss": 1.8513330221176147,
    "initial_do_mean": -7.836240804472635,
    "final_do_mean": -7.257246769444887,
    "best_do_mean": -6.819571637136992,
    "initial_pp_mean": -7.37045830488205,
    "final_pp_mean": -7.095601852150525,
    "best_pp_mean": -6.586819911003113
}