{
    "best_epoch": 34,
    "best_val_performance": 0.2280491701761882,
    "val_performance_metric": "diff",
    "train_loss": 2.555180311203003,
    "initial_dative_mean": -7.2563887646323755,
    "final_dative_mean": -5.7925405643488235,
    "best_dative_mean": -5.436260418585169
}