{
    "best_epoch": 70,
    "best_val_performance": -0.1984423685073855,
    "val_performance_metric": "diff",
    "train_loss": 4.106050968170166,
    "initial_do_mean": -6.507855571400036,
    "final_do_mean": -5.165112002690633,
    "best_do_mean": -5.165112002690633,
    "initial_pp_mean": -5.876930528216892,
    "final_pp_mean": -4.595629845725165,
    "best_pp_mean": -4.595629845725165
}