{
    "best_epoch": 23,
    "best_val_performance": -0.05844689369201639,
    "val_performance_metric": "diff",
    "train_loss": 2.8330636024475098,
    "initial_do_mean": -6.765548577453151,
    "final_do_mean": -4.7638940970102945,
    "best_do_mean": -4.854734280615142,
    "initial_pp_mean": -6.098060478104485,
    "final_pp_mean": -4.387563694847954,
    "best_pp_mean": -4.310701113277012
}