{
    "best_epoch": 63,
    "best_val_performance": 0.4773241456349684,
    "val_performance_metric": "diff",
    "train_loss": 2.238781452178955,
    "initial_do_mean": -7.8414158079513285,
    "final_do_mean": -6.038476374260215,
    "best_do_mean": -5.995493403007818,
    "initial_pp_mean": -7.375980734825134,
    "final_pp_mean": -4.88325893703629,
    "best_pp_mean": -4.840697637375663
}