{
    "best_epoch": 23,
    "best_val_performance": 0.06446410020192417,
    "val_performance_metric": "diff",
    "train_loss": 2.5923571586608887,
    "initial_dative_mean": -7.576568658937488,
    "final_dative_mean": -5.229938432138566,
    "best_dative_mean": -5.148851208519518
}