{
    "best_epoch": 24,
    "best_val_performance": 1.9006791814168302,
    "val_performance_metric": "diff",
    "train_loss": 1.9640058279037476,
    "initial_do_mean": -7.694219948247421,
    "final_do_mean": -8.875845894217491,
    "best_do_mean": -8.065930398744205,
    "initial_pp_mean": -7.161349926976596,
    "final_pp_mean": -8.072887558095596,
    "best_pp_mean": -7.303654125858755
}