{
    "best_epoch": 70,
    "best_val_performance": -0.1047294616699217,
    "val_performance_metric": "diff",
    "train_loss": 3.4597463607788086,
    "initial_do_mean": -6.768601570707379,
    "final_do_mean": -5.062464478521636,
    "best_do_mean": -5.062464478521636,
    "initial_pp_mean": -6.102936143345303,
    "final_pp_mean": -4.360536853472392,
    "best_pp_mean": -4.360536853472392
}