{
    "best_epoch": 70,
    "best_val_performance": -0.5100007963180548,
    "val_performance_metric": "diff",
    "train_loss": 5.36832857131958,
    "initial_pref_do": 0.09857142857142857,
    "final_pref_do": 0.12142857142857143,
    "best_pref_do": 0.12142857142857143
}