{
    "best_epoch": 40,
    "best_val_performance": 0.09711814085642523,
    "val_performance_metric": "diff",
    "train_loss": 1.9945833683013916,
    "initial_pref_do": 0.18142857142857144,
    "final_pref_do": 0.38,
    "best_pref_do": 0.29428571428571426
}