{
    "best_epoch": 26,
    "best_val_performance": 0.11282485802968356,
    "val_performance_metric": "diff",
    "train_loss": 2.1690351963043213,
    "initial_do_mean": -7.837923733994018,
    "final_do_mean": -6.312553996956626,
    "best_do_mean": -5.802190673559211,
    "initial_pp_mean": -7.3728240616181315,
    "final_pp_mean": -5.193233572735506,
    "best_pp_mean": -4.584567653080996
}