{
    "best_epoch": 70,
    "best_val_performance": -0.003941321372986195,
    "val_performance_metric": "diff",
    "train_loss": 4.682205677032471,
    "initial_do_mean": -6.63065470493201,
    "final_do_mean": -5.0980673226443205,
    "best_do_mean": -5.0980673226443205,
    "initial_pp_mean": -5.781759905815124,
    "final_pp_mean": -4.668415739801195,
    "best_pp_mean": -4.668415739801195
}