{
    "best_epoch": 70,
    "best_val_performance": -0.3174173466364536,
    "val_performance_metric": "diff",
    "train_loss": 3.929654121398926,
    "initial_do_mean": -6.631907454403964,
    "final_do_mean": -5.43485746383667,
    "best_do_mean": -5.43485746383667,
    "initial_pp_mean": -5.782751279407077,
    "final_pp_mean": -4.70023610856798,
    "best_pp_mean": -4.70023610856798
}