{
    "best_epoch": 14,
    "best_val_performance": -0.051750923792521775,
    "val_performance_metric": "diff",
    "train_loss": 3.1513993740081787,
    "initial_do_mean": -7.685146700504214,
    "final_do_mean": -5.77980600574682,
    "best_do_mean": -5.249512047268624,
    "initial_pp_mean": -7.171353375210481,
    "final_pp_mean": -4.819758668015985,
    "best_pp_mean": -4.643642560173483
}