{
    "best_epoch": 70,
    "best_val_performance": -0.14976919651031562,
    "val_performance_metric": "diff",
    "train_loss": 2.208446979522705,
    "initial_pref_do": 0.07714285714285714,
    "final_pref_do": 0.2557142857142857,
    "best_pref_do": 0.2557142857142857
}