{
    "best_epoch": 70,
    "best_val_performance": -0.056476205190023165,
    "val_performance_metric": "diff",
    "train_loss": 3.974306583404541,
    "initial_do_mean": -7.688087592291278,
    "final_do_mean": -5.538805615416793,
    "best_do_mean": -5.538805615416793,
    "initial_pp_mean": -7.173757622522467,
    "final_pp_mean": -4.780658902841456,
    "best_pp_mean": -4.780658902841456
}