{
    "best_epoch": 21,
    "best_val_performance": -0.2408260456720992,
    "val_performance_metric": "diff",
    "train_loss": 3.5834386348724365,
    "initial_do_mean": -7.839994022319483,
    "final_do_mean": -5.598959485458773,
    "best_do_mean": -5.341723192223283,
    "initial_pp_mean": -7.3751942774828745,
    "final_pp_mean": -5.307512224421782,
    "best_pp_mean": -5.101839449125178
}