{
    "best_epoch": 65,
    "best_val_performance": 0.1995565478007002,
    "val_performance_metric": "diff",
    "train_loss": 2.005275011062622,
    "initial_pref_do": 0.09857142857142857,
    "final_pref_do": 0.037142857142857144,
    "best_pref_do": 0.037142857142857144
}