{
    "best_epoch": 70,
    "best_val_performance": -0.012386973698934156,
    "val_performance_metric": "diff",
    "train_loss": 2.741347551345825,
    "initial_dative_mean": -7.191849611307445,
    "final_dative_mean": -5.70846849819373,
    "best_dative_mean": -5.70846849819373
}