{
    "best_epoch": 70,
    "best_val_performance": -0.051963084538777515,
    "val_performance_metric": "diff",
    "train_loss": 3.735600233078003,
    "initial_do_mean": -6.548742526950258,
    "final_do_mean": -5.0735100384914515,
    "best_do_mean": -5.0735100384914515,
    "initial_pp_mean": -5.903994178771972,
    "final_pp_mean": -4.818040095435249,
    "best_pp_mean": -4.818040095435249
}