{
    "best_epoch": 70,
    "best_val_performance": 0.3719185034434007,
    "val_performance_metric": "diff",
    "train_loss": 1.0934958457946777,
    "initial_do_mean": -7.688281132731327,
    "final_do_mean": -5.979722340093103,
    "best_do_mean": -5.979722340093103,
    "initial_pp_mean": -7.1760774942005385,
    "final_pp_mean": -5.175338138902888,
    "best_pp_mean": -5.175338138902888
}