{
    "best_epoch": 70,
    "best_val_performance": -0.22230294068654377,
    "val_performance_metric": "diff",
    "train_loss": 1.874510645866394,
    "initial_dative_mean": -7.196634973698889,
    "final_dative_mean": -5.353402507932563,
    "best_dative_mean": -5.353402507932563
}