{
    "best_epoch": 14,
    "best_val_performance": 0.21808057467142739,
    "val_performance_metric": "diff",
    "train_loss": 2.343682289123535,
    "initial_pref_do": 0.12857142857142856,
    "final_pref_do": 0.10714285714285714,
    "best_pref_do": 0.032857142857142856
}