{
    "best_epoch": 38,
    "best_val_performance": 1.1953236230214443,
    "val_performance_metric": "diff",
    "train_loss": 1.6012907028198242,
    "initial_pref_do": 0.17714285714285713,
    "final_pref_do": 0.42714285714285716,
    "best_pref_do": 0.4114285714285714
}