{
    "best_epoch": 29,
    "best_val_performance": 0.15076867103576674,
    "val_performance_metric": "diff",
    "train_loss": 3.1864898204803467,
    "initial_do_mean": -6.634862297231501,
    "final_do_mean": -4.819106942957098,
    "best_do_mean": -4.528443499767419,
    "initial_pp_mean": -5.785514773262872,
    "final_pp_mean": -4.1760237481859,
    "best_pp_mean": -3.9073766655392115
}