{
    "best_epoch": 70,
    "best_val_performance": -0.33970399697621634,
    "val_performance_metric": "diff",
    "train_loss": 3.781548261642456,
    "initial_pref_do": 0.15,
    "final_pref_do": 0.14285714285714285,
    "best_pref_do": 0.14285714285714285
}