{
    "best_epoch": 26,
    "best_val_performance": 1.4795908705393472,
    "val_performance_metric": "diff",
    "train_loss": 2.2076761722564697,
    "initial_pref_do": 0.07714285714285714,
    "final_pref_do": 0.16142857142857142,
    "best_pref_do": 0.04857142857142857
}