{
    "best_epoch": 69,
    "best_val_performance": 6.179723672866821,
    "val_performance_metric": "diff",
    "train_loss": 1.692194938659668,
    "initial_do_mean": -7.637667881194935,
    "final_do_mean": -10.16431872234788,
    "best_do_mean": -10.211144810499148,
    "initial_pp_mean": -6.994653420588549,
    "final_pp_mean": -9.047473222367904,
    "best_pp_mean": -9.080306754392737
}