{
    "best_epoch": 70,
    "best_val_performance": -0.15233561038970933,
    "val_performance_metric": "diff",
    "train_loss": 4.167834281921387,
    "initial_do_mean": -6.7458245407451285,
    "final_do_mean": -5.072136584195223,
    "best_do_mean": -5.072136584195223,
    "initial_pp_mean": -6.12538390689426,
    "final_pp_mean": -4.592509526676602,
    "best_pp_mean": -4.592509526676602
}