{
    "best_epoch": 28,
    "best_val_performance": 2.3066105715433762,
    "val_performance_metric": "diff",
    "train_loss": 2.205029010772705,
    "initial_do_mean": -7.961067336243253,
    "final_do_mean": -6.80026386886142,
    "best_do_mean": -6.161738653862199,
    "initial_pp_mean": -7.5753962053972135,
    "final_pp_mean": -5.458294624440811,
    "best_pp_mean": -4.893308071178549
}