{
    "best_epoch": 70,
    "best_val_performance": -0.21727487723032635,
    "val_performance_metric": "diff",
    "train_loss": 3.4280123710632324,
    "initial_pref_do": 0.07714285714285714,
    "final_pref_do": 0.07428571428571429,
    "best_pref_do": 0.07428571428571429
}