{
    "best_epoch": 42,
    "best_val_performance": 1.3427067295710247,
    "val_performance_metric": "diff",
    "train_loss": 1.7752982378005981,
    "initial_pref_do": 0.18142857142857144,
    "final_pref_do": 0.12714285714285714,
    "best_pref_do": 0.08714285714285715
}