{
    "best_epoch": 37,
    "best_val_performance": 0.22266021092732746,
    "val_performance_metric": "diff",
    "train_loss": 3.0692954063415527,
    "initial_dative_mean": -7.287438555767662,
    "final_dative_mean": -5.278482042209447,
    "best_dative_mean": -5.154202606420071
}