{
    "best_epoch": 16,
    "best_val_performance": 0.7934414958953857,
    "val_performance_metric": "diff",
    "train_loss": 2.4386799335479736,
    "initial_do_mean": -6.559832623510649,
    "final_do_mean": -5.397719182390155,
    "best_do_mean": -4.900224220391475,
    "initial_pp_mean": -5.764192687140571,
    "final_pp_mean": -5.0156259192360775,
    "best_pp_mean": -3.8887945413589478
}