{
    "best_epoch": 70,
    "best_val_performance": -0.2622610982259115,
    "val_performance_metric": "diff",
    "train_loss": 3.7521915435791016,
    "initial_pref_do": 0.18,
    "final_pref_do": 0.35428571428571426,
    "best_pref_do": 0.35428571428571426
}