{
    "best_epoch": 45,
    "best_val_performance": 4.106347591082256,
    "val_performance_metric": "diff",
    "train_loss": 1.383631706237793,
    "initial_do_mean": -7.633319110371346,
    "final_do_mean": -8.660683047632839,
    "best_do_mean": -9.07072686594586,
    "initial_pp_mean": -6.990318073945887,
    "final_pp_mean": -7.9596135416451625,
    "best_pp_mean": -8.321136152744293
}