{
    "best_epoch": 70,
    "best_val_performance": -0.09513127168019686,
    "val_performance_metric": "diff",
    "train_loss": 1.3233249187469482,
    "initial_do_mean": -6.5064371918187,
    "final_do_mean": -4.884337520599365,
    "best_do_mean": -4.884337520599365,
    "initial_pp_mean": -5.874110402001275,
    "final_pp_mean": -4.215087034967211,
    "best_pp_mean": -4.215087034967211
}