{
    "best_epoch": 70,
    "best_val_performance": -0.2585053237279258,
    "val_performance_metric": "diff",
    "train_loss": 3.1797780990600586,
    "initial_pref_do": 0.1357142857142857,
    "final_pref_do": 0.25285714285714284,
    "best_pref_do": 0.25285714285714284
}