{
    "best_epoch": 70,
    "best_val_performance": 0.0239540576934818,
    "val_performance_metric": "diff",
    "train_loss": 4.653944969177246,
    "initial_do_mean": -6.5483734073060935,
    "final_do_mean": -5.055510270956791,
    "best_do_mean": -5.055510270956791,
    "initial_pp_mean": -5.903986544079251,
    "final_pp_mean": -4.649238634109497,
    "best_pp_mean": -4.649238634109497
}