{
    "best_epoch": 35,
    "best_val_performance": 0.22787756601969367,
    "val_performance_metric": "diff",
    "train_loss": 2.3436503410339355,
    "initial_do_mean": -7.67562905092572,
    "final_do_mean": -6.0810959436172665,
    "best_do_mean": -5.859872625317684,
    "initial_pp_mean": -7.07713036957909,
    "final_pp_mean": -5.1686072654583874,
    "best_pp_mean": -4.9389185256817765
}