{
    "best_epoch": 12,
    "best_val_performance": 0.00614617983500132,
    "val_performance_metric": "diff",
    "train_loss": 3.1680707931518555,
    "initial_do_mean": -6.67021897055886,
    "final_do_mean": -5.522239927812056,
    "best_do_mean": -4.903464077458237,
    "initial_pp_mean": -5.822943470213148,
    "final_pp_mean": -4.945255812009176,
    "best_pp_mean": -4.55877796543969
}