{
    "best_epoch": 11,
    "best_val_performance": 0.8174866342544558,
    "val_performance_metric": "diff",
    "train_loss": 2.993457078933716,
    "initial_do_mean": -6.508265649911129,
    "final_do_mean": -6.353388400511308,
    "best_do_mean": -4.0612296480121035,
    "initial_pp_mean": -5.875502546628316,
    "final_pp_mean": -5.327541110250685,
    "best_pp_mean": -3.715195981661479
}