{
    "best_epoch": 70,
    "best_val_performance": -0.5830221176147461,
    "val_performance_metric": "diff",
    "train_loss": 5.605707168579102,
    "initial_dative_mean": -7.260211232461427,
    "final_dative_mean": -7.070046897171534,
    "best_dative_mean": -7.070046897171534
}