{
    "best_epoch": 40,
    "best_val_performance": 3.4406796741485586,
    "val_performance_metric": "diff",
    "train_loss": 2.7639753818511963,
    "initial_do_mean": -7.9610938596171,
    "final_do_mean": -10.300917200570883,
    "best_do_mean": -9.606130658194076,
    "initial_pp_mean": -7.574926548845628,
    "final_pp_mean": -8.300504480389987,
    "best_pp_mean": -7.809028274872723
}