{
    "best_epoch": 70,
    "best_val_performance": 2.119823517799377,
    "val_performance_metric": "diff",
    "train_loss": 1.618564248085022,
    "initial_do_mean": -6.76681087956284,
    "final_do_mean": -4.723866445367986,
    "best_do_mean": -4.723866445367986,
    "initial_pp_mean": -6.09915554523468,
    "final_pp_mean": -4.65577002896203,
    "best_pp_mean": -4.65577002896203
}