{
    "best_epoch": 17,
    "best_val_performance": 0.04734513918558747,
    "val_performance_metric": "diff",
    "train_loss": 3.017045259475708,
    "initial_do_mean": -6.665935363191547,
    "final_do_mean": -5.517094921343254,
    "best_do_mean": -5.354650003259832,
    "initial_pp_mean": -5.81852138572269,
    "final_pp_mean": -4.46888173421224,
    "best_pp_mean": -4.346704742643568
}