{
    "best_epoch": 28,
    "best_val_performance": 1.4170192082722979,
    "val_performance_metric": "diff",
    "train_loss": 2.3397250175476074,
    "initial_do_mean": -7.692629529986271,
    "final_do_mean": -6.538175678876943,
    "best_do_mean": -5.312344251330509,
    "initial_pp_mean": -7.294431790884803,
    "final_pp_mean": -5.675979454377118,
    "best_pp_mean": -4.596383217152427
}