{
    "best_epoch": 25,
    "best_val_performance": 0.07595232327779122,
    "val_performance_metric": "diff",
    "train_loss": 2.8428139686584473,
    "initial_do_mean": -6.746024641846166,
    "final_do_mean": -4.593121303211559,
    "best_do_mean": -4.527542410474835,
    "initial_pp_mean": -6.127774826685587,
    "final_pp_mean": -4.301677274703979,
    "best_pp_mean": -4.108468204074436
}