{
    "best_epoch": 64,
    "best_val_performance": -0.048729260762533144,
    "val_performance_metric": "diff",
    "train_loss": 1.9583455324172974,
    "initial_do_mean": -6.744997021646211,
    "final_do_mean": -7.829137396089958,
    "best_do_mean": -7.6912040782697275,
    "initial_pp_mean": -6.125706230269538,
    "final_pp_mean": -6.905115355385674,
    "best_pp_mean": -6.822645203272502
}