{
    "best_epoch": 59,
    "best_val_performance": 2.924664011001587,
    "val_performance_metric": "diff",
    "train_loss": 1.9479259252548218,
    "initial_dative_mean": -7.312828500717007,
    "final_dative_mean": -9.348733884723563,
    "best_dative_mean": -10.128848126757214
}