{
    "best_epoch": 13,
    "best_val_performance": 0.16401967366536407,
    "val_performance_metric": "diff",
    "train_loss": 2.949753522872925,
    "initial_do_mean": -7.841410115014675,
    "final_do_mean": -6.043957574769508,
    "best_do_mean": -5.465688543610795,
    "initial_pp_mean": -7.375785678274491,
    "final_pp_mean": -5.437215831349878,
    "best_pp_mean": -5.109780827339958
}