{
    "best_epoch": 70,
    "best_val_performance": -0.49029683113098166,
    "val_performance_metric": "diff",
    "train_loss": 6.385541915893555,
    "initial_dative_mean": -7.283094621889773,
    "final_dative_mean": -6.835202113926759,
    "best_dative_mean": -6.835202113926759
}