{
    "best_epoch": 70,
    "best_val_performance": -0.6054328791300456,
    "val_performance_metric": "diff",
    "train_loss": 6.684574604034424,
    "initial_dative_mean": -7.610108595145376,
    "final_dative_mean": -7.266368857252668,
    "best_dative_mean": -7.266368857252668
}