{
    "best_epoch": 30,
    "best_val_performance": 0.1656901868184404,
    "val_performance_metric": "diff",
    "train_loss": 2.952998638153076,
    "initial_do_mean": -6.553454513260813,
    "final_do_mean": -4.985531412471424,
    "best_do_mean": -4.5113938591697,
    "initial_pp_mean": -5.758850044674343,
    "final_pp_mean": -4.765288384755452,
    "best_pp_mean": -4.202253246307373
}