{
    "best_epoch": 70,
    "best_val_performance": 2.3445157591501857,
    "val_performance_metric": "diff",
    "train_loss": 0.8816092610359192,
    "initial_do_mean": -7.693738647671633,
    "final_do_mean": -10.040085800858431,
    "best_do_mean": -10.040085800858431,
    "initial_pp_mean": -7.295867260764627,
    "final_pp_mean": -8.203008046570947,
    "best_pp_mean": -8.203008046570947
}