{
    "best_epoch": 55,
    "best_val_performance": 1.3891635258992512,
    "val_performance_metric": "diff",
    "train_loss": 1.8437718152999878,
    "initial_dative_mean": -7.611209569270151,
    "final_dative_mean": -8.174815136438225,
    "best_dative_mean": -8.050726972128215
}