{
    "best_epoch": 70,
    "best_val_performance": -0.27681900978088336,
    "val_performance_metric": "diff",
    "train_loss": 2.9968068599700928,
    "initial_pref_do": 0.08285714285714285,
    "final_pref_do": 0.06571428571428571,
    "best_pref_do": 0.06571428571428571
}