{
    "best_epoch": 12,
    "best_val_performance": 0.21604760646820065,
    "val_performance_metric": "diff",
    "train_loss": 3.8983335494995117,
    "initial_pref_do": 0.08428571428571428,
    "final_pref_do": 0.13285714285714287,
    "best_pref_do": 0.07142857142857142
}