{
    "best_epoch": 35,
    "best_val_performance": 4.473764772415161,
    "val_performance_metric": "diff",
    "train_loss": 2.1916749477386475,
    "initial_do_mean": -6.65867398146427,
    "final_do_mean": -4.987180542223381,
    "best_do_mean": -4.685825557419748,
    "initial_pp_mean": -5.916475590070089,
    "final_pp_mean": -4.554551310009426,
    "best_pp_mean": -4.239870619773865
}