{
    "best_epoch": 70,
    "best_val_performance": 0.17129774888356497,
    "val_performance_metric": "diff",
    "train_loss": 1.6117193698883057,
    "initial_pref_do": 0.18142857142857144,
    "final_pref_do": 0.3742857142857143,
    "best_pref_do": 0.3742857142857143
}