{
    "best_epoch": 70,
    "best_val_performance": -0.44192019303639807,
    "val_performance_metric": "diff",
    "train_loss": 6.352809429168701,
    "initial_dative_mean": -7.466506730743319,
    "final_dative_mean": -6.969549001657475,
    "best_dative_mean": -6.969549001657475
}