{
    "best_epoch": 65,
    "best_val_performance": 0.20408918380737262,
    "val_performance_metric": "diff",
    "train_loss": 2.6647191047668457,
    "initial_do_mean": -6.632530183503122,
    "final_do_mean": -4.390357828140258,
    "best_do_mean": -4.385837683533177,
    "initial_pp_mean": -5.784540083673265,
    "final_pp_mean": -4.035039509667291,
    "best_pp_mean": -4.025695753097534
}