{
    "best_epoch": 25,
    "best_val_performance": 1.4732603375116984,
    "val_performance_metric": "diff",
    "train_loss": 1.9132236242294312,
    "initial_do_mean": -6.670710508751147,
    "final_do_mean": -6.05631392363346,
    "best_do_mean": -5.263472963101936,
    "initial_pp_mean": -5.823195030954149,
    "final_pp_mean": -4.99867402712504,
    "best_pp_mean": -4.545927725897895
}