{
    "best_epoch": 14,
    "best_val_performance": -0.06447395165761272,
    "val_performance_metric": "diff",
    "train_loss": 2.944579839706421,
    "initial_do_mean": -7.695584069157755,
    "final_do_mean": -6.017280727971432,
    "best_do_mean": -5.726383699234142,
    "initial_pp_mean": -7.2972582655794485,
    "final_pp_mean": -5.568697271978154,
    "best_pp_mean": -5.360072511434555
}