{
    "best_epoch": 29,
    "best_val_performance": 0.01619681994120281,
    "val_performance_metric": "diff",
    "train_loss": 2.8023459911346436,
    "initial_do_mean": -7.6925064165924875,
    "final_do_mean": -5.3139385532501136,
    "best_do_mean": -5.364941639955654,
    "initial_pp_mean": -7.178254750195672,
    "final_pp_mean": -4.81673496540855,
    "best_pp_mean": -4.820714160624672
}