{
    "best_epoch": 11,
    "best_val_performance": 0.534559775988261,
    "val_performance_metric": "diff",
    "train_loss": 3.349440813064575,
    "initial_do_mean": -6.546644744006071,
    "final_do_mean": -8.753829224904377,
    "best_do_mean": -5.411180240457708,
    "initial_pp_mean": -5.900443500942654,
    "final_pp_mean": -8.327374135123359,
    "best_pp_mean": -4.757698811425103
}