{
    "best_epoch": 70,
    "best_val_performance": -0.6533622376124066,
    "val_performance_metric": "diff",
    "train_loss": 6.412319183349609,
    "initial_dative_mean": -7.195303490635944,
    "final_dative_mean": -6.926777074908652,
    "best_dative_mean": -6.926777074908652
}