{
    "best_epoch": 65,
    "best_val_performance": 0.39473264058431035,
    "val_performance_metric": "diff",
    "train_loss": 0.8113031387329102,
    "initial_do_mean": -7.641829375610795,
    "final_do_mean": -6.083089728341546,
    "best_do_mean": -6.052474987714789,
    "initial_pp_mean": -6.999444681055405,
    "final_pp_mean": -5.172191792726517,
    "best_pp_mean": -5.1380535707754245
}