{
    "best_epoch": 36,
    "best_val_performance": 0.7176356697082511,
    "val_performance_metric": "diff",
    "train_loss": 2.25529146194458,
    "initial_do_mean": -6.539655961412372,
    "final_do_mean": -6.001539900808623,
    "best_do_mean": -6.0605418508703055,
    "initial_pp_mean": -5.908017852571276,
    "final_pp_mean": -5.3378000630272755,
    "best_pp_mean": -5.323905801773071
}