{
    "best_epoch": 56,
    "best_val_performance": 2.2394134314854934,
    "val_performance_metric": "diff",
    "train_loss": 1.7773146629333496,
    "initial_pref_do": 0.15714285714285714,
    "final_pref_do": 0.09714285714285714,
    "best_pref_do": 0.07285714285714286
}