{
    "best_epoch": 46,
    "best_val_performance": 0.6021841414769487,
    "val_performance_metric": "diff",
    "train_loss": 2.723459005355835,
    "initial_do_mean": -7.695483291564986,
    "final_do_mean": -5.496589673812999,
    "best_do_mean": -5.382735890357993,
    "initial_pp_mean": -7.297479975223541,
    "final_pp_mean": -4.669210858204785,
    "best_pp_mean": -4.555803163963206
}