{
    "best_epoch": 63,
    "best_val_performance": 0.6507167561848961,
    "val_performance_metric": "diff",
    "train_loss": 1.3120393753051758,
    "initial_dative_mean": -7.34296070623119,
    "final_dative_mean": -5.654132992900603,
    "best_dative_mean": -5.573158957107722
}