{
    "best_epoch": 70,
    "best_val_performance": 3.1852651055653887,
    "val_performance_metric": "diff",
    "train_loss": 2.2550411224365234,
    "initial_pref_do": 0.18142857142857144,
    "final_pref_do": 0.07285714285714286,
    "best_pref_do": 0.07285714285714286
}