{
    "best_epoch": 52,
    "best_val_performance": 2.2505580361684174,
    "val_performance_metric": "diff",
    "train_loss": 1.988059163093567,
    "initial_pref_do": 0.18142857142857144,
    "final_pref_do": 0.07428571428571429,
    "best_pref_do": 0.06428571428571428
}