{
    "best_epoch": 51,
    "best_val_performance": 2.599519596099853,
    "val_performance_metric": "diff",
    "train_loss": 2.592090368270874,
    "initial_do_mean": -7.954452259596004,
    "final_do_mean": -9.93220747626105,
    "best_do_mean": -9.200951894355375,
    "initial_pp_mean": -7.529586314453798,
    "final_pp_mean": -9.12719675582998,
    "best_pp_mean": -8.162150251514772
}