{
    "best_epoch": 43,
    "best_val_performance": 1.2120023361841836,
    "val_performance_metric": "diff",
    "train_loss": 1.7834093570709229,
    "initial_do_mean": -7.698620209860247,
    "final_do_mean": -5.97407517356928,
    "best_do_mean": -6.025181587352309,
    "initial_pp_mean": -7.300962138877195,
    "final_pp_mean": -5.066717484418084,
    "best_pp_mean": -5.102730798721313
}