{
    "best_epoch": 50,
    "best_val_performance": 0.4009992440541579,
    "val_performance_metric": "diff",
    "train_loss": 2.8006293773651123,
    "initial_pref_do": 0.1457142857142857,
    "final_pref_do": 0.1457142857142857,
    "best_pref_do": 0.19428571428571428
}