{
    "best_epoch": 61,
    "best_val_performance": 0.009072744051615622,
    "val_performance_metric": "diff",
    "train_loss": 4.162142276763916,
    "initial_do_mean": -6.666425173210375,
    "final_do_mean": -5.119988077337092,
    "best_do_mean": -5.253270029299187,
    "initial_pp_mean": -5.81644246313307,
    "final_pp_mean": -4.396922357877096,
    "best_pp_mean": -4.50140741666158
}