{
    "best_epoch": 61,
    "best_val_performance": 1.7739363225301101,
    "val_performance_metric": "diff",
    "train_loss": 2.145986557006836,
    "initial_pref_do": 0.09714285714285714,
    "final_pref_do": 0.38571428571428573,
    "best_pref_do": 0.38
}