{
    "best_epoch": 70,
    "best_val_performance": 1.7866549762090038,
    "val_performance_metric": "diff",
    "train_loss": 1.3738032579421997,
    "initial_pref_do": 0.1357142857142857,
    "final_pref_do": 0.05714285714285714,
    "best_pref_do": 0.05714285714285714
}