{
    "best_epoch": 60,
    "best_val_performance": 0.22231191953023277,
    "val_performance_metric": "diff",
    "train_loss": 1.5912611484527588,
    "initial_do_mean": -6.509202571348711,
    "final_do_mean": -5.007106663964011,
    "best_do_mean": -5.011386972485167,
    "initial_pp_mean": -5.877836357222663,
    "final_pp_mean": -4.406421754095289,
    "best_pp_mean": -4.388872361183166
}