{
    "best_epoch": 16,
    "best_val_performance": 0.9407628250122073,
    "val_performance_metric": "diff",
    "train_loss": 2.3117294311523438,
    "initial_do_mean": -7.83621069719625,
    "final_do_mean": -6.290477218669515,
    "best_do_mean": -5.4373271749463195,
    "initial_pp_mean": -7.372107453907238,
    "final_pp_mean": -5.4571552707868465,
    "best_pp_mean": -4.69269214202376
}