{
    "best_epoch": 70,
    "best_val_performance": 0.7562435150146483,
    "val_performance_metric": "diff",
    "train_loss": 1.3143726587295532,
    "initial_do_mean": -7.597755159749541,
    "final_do_mean": -8.623386618702911,
    "best_do_mean": -8.623386618702911,
    "initial_pp_mean": -7.152327313843895,
    "final_pp_mean": -7.808134395935956,
    "best_pp_mean": -7.808134395935956
}