{
    "best_epoch": 26,
    "best_val_performance": -0.009994176228841134,
    "val_performance_metric": "diff",
    "train_loss": 3.009145736694336,
    "initial_do_mean": -7.690194604008696,
    "final_do_mean": -5.6633625304283095,
    "best_do_mean": -5.522025513441064,
    "initial_pp_mean": -7.2549946188926695,
    "final_pp_mean": -5.078906292775098,
    "best_pp_mean": -5.1000623681966
}