{
    "best_epoch": 62,
    "best_val_performance": -0.04831502914428665,
    "val_performance_metric": "diff",
    "train_loss": 2.0276880264282227,
    "initial_do_mean": -7.839090391646984,
    "final_do_mean": -5.83104099160017,
    "best_do_mean": -5.827417193457138,
    "initial_pp_mean": -7.373628673132728,
    "final_pp_mean": -5.297793082980549,
    "best_pp_mean": -5.3030476268600015
}