{
    "best_epoch": 42,
    "best_val_performance": 0.24394203186035224,
    "val_performance_metric": "diff",
    "train_loss": 2.2566819190979004,
    "initial_do_mean": -7.69284977815872,
    "final_do_mean": -5.265188474294751,
    "best_do_mean": -5.057691375876582,
    "initial_pp_mean": -7.295521628155428,
    "final_pp_mean": -4.944220071680405,
    "best_pp_mean": -4.742682064631406
}