{
    "best_epoch": 28,
    "best_val_performance": 2.1109282255172728,
    "val_performance_metric": "diff",
    "train_loss": 2.613891839981079,
    "initial_pref_do": 0.1357142857142857,
    "final_pref_do": 0.10285714285714286,
    "best_pref_do": 0.07285714285714286
}