{
    "best_epoch": 70,
    "best_val_performance": -0.0021011972427364967,
    "val_performance_metric": "diff",
    "train_loss": 3.3230104446411133,
    "initial_pref_do": 0.15714285714285714,
    "final_pref_do": 0.06714285714285714,
    "best_pref_do": 0.06714285714285714
}