{
    "best_epoch": 21,
    "best_val_performance": 0.0505972433090216,
    "val_performance_metric": "diff",
    "train_loss": 3.211298942565918,
    "initial_pref_do": 0.09714285714285714,
    "final_pref_do": 0.21714285714285714,
    "best_pref_do": 0.14857142857142858
}