{
    "best_epoch": 42,
    "best_val_performance": 3.2678542137145996,
    "val_performance_metric": "diff",
    "train_loss": 2.0593714714050293,
    "initial_do_mean": -6.7488199523001,
    "final_do_mean": -6.911820083675963,
    "best_do_mean": -6.723164610429244,
    "initial_pp_mean": -6.128609127468533,
    "final_pp_mean": -6.126327268282572,
    "best_pp_mean": -6.1280937486224705
}