{
    "best_epoch": 70,
    "best_val_performance": -0.06452382564544656,
    "val_performance_metric": "diff",
    "train_loss": 2.203948974609375,
    "initial_pref_do": 0.15857142857142856,
    "final_pref_do": 0.31857142857142856,
    "best_pref_do": 0.31857142857142856
}