{
    "best_epoch": 26,
    "best_val_performance": 2.317022886276245,
    "val_performance_metric": "diff",
    "train_loss": 2.6568870544433594,
    "initial_dative_mean": -7.611953305919268,
    "final_dative_mean": -9.721233422644655,
    "best_dative_mean": -6.493051472637388
}