{
    "best_epoch": 25,
    "best_val_performance": -0.14122319539388073,
    "val_performance_metric": "diff",
    "train_loss": 2.439088821411133,
    "initial_do_mean": -7.636161093795022,
    "final_do_mean": -5.7624562427748085,
    "best_do_mean": -5.814539655003437,
    "initial_pp_mean": -6.993658088936526,
    "final_pp_mean": -5.37340312424828,
    "best_pp_mean": -5.162759587344001
}