{
    "best_epoch": 70,
    "best_val_performance": 3.9442238203684497,
    "val_performance_metric": "diff",
    "train_loss": 1.7854855060577393,
    "initial_do_mean": -7.956705282593882,
    "final_do_mean": -7.661203044098477,
    "best_do_mean": -7.661203044098477,
    "initial_pp_mean": -7.529538871961481,
    "final_pp_mean": -6.768681615591049,
    "best_pp_mean": -6.768681615591049
}