{
    "best_epoch": 18,
    "best_val_performance": 0.1568375714619954,
    "val_performance_metric": "diff",
    "train_loss": 2.325988292694092,
    "initial_do_mean": -6.667806241006562,
    "final_do_mean": -4.94484810106682,
    "best_do_mean": -4.384868038061893,
    "initial_pp_mean": -5.821404388215806,
    "final_pp_mean": -4.199053083525763,
    "best_pp_mean": -3.6601770520210266
}