{
    "best_epoch": 70,
    "best_val_performance": 1.471394165356954,
    "val_performance_metric": "diff",
    "train_loss": 1.6326169967651367,
    "initial_do_mean": -6.745744105541345,
    "final_do_mean": -7.025819171558727,
    "best_do_mean": -7.025819171558727,
    "initial_pp_mean": -6.125112541516622,
    "final_pp_mean": -6.798992556995816,
    "best_pp_mean": -6.798992556995816
}