{
    "best_epoch": 70,
    "best_val_performance": -0.20027303059895818,
    "val_performance_metric": "diff",
    "train_loss": 4.191429138183594,
    "initial_pref_do": 0.07714285714285714,
    "final_pref_do": 0.19857142857142857,
    "best_pref_do": 0.19857142857142857
}