{
    "best_epoch": 38,
    "best_val_performance": 0.3632716385523471,
    "val_performance_metric": "diff",
    "train_loss": 1.9904766082763672,
    "initial_dative_mean": -7.261330856914409,
    "final_dative_mean": -7.34810976448812,
    "best_dative_mean": -7.013996537317309
}