{
    "best_epoch": 70,
    "best_val_performance": -0.2719667514165245,
    "val_performance_metric": "diff",
    "train_loss": 7.027294158935547,
    "initial_dative_mean": -7.259930195864181,
    "final_dative_mean": -6.923516936818062,
    "best_dative_mean": -6.923516936818062
}