{
    "best_epoch": 31,
    "best_val_performance": 0.3467761452992759,
    "val_performance_metric": "diff",
    "train_loss": 2.194894552230835,
    "initial_do_mean": -7.638164854326914,
    "final_do_mean": -5.613814195574716,
    "best_do_mean": -5.356673690468766,
    "initial_pp_mean": -6.996146955910851,
    "final_pp_mean": -5.335326572025523,
    "best_pp_mean": -5.101668255469378
}