{
    "best_epoch": 33,
    "best_val_performance": 3.8255910031000777,
    "val_performance_metric": "diff",
    "train_loss": 2.5073585510253906,
    "initial_do_mean": -7.696266613727392,
    "final_do_mean": -7.618582362352416,
    "best_do_mean": -9.20784169989963,
    "initial_pp_mean": -7.297823829510633,
    "final_pp_mean": -6.526541541604435,
    "best_pp_mean": -7.430013531797073
}