{
    "best_epoch": 16,
    "best_val_performance": 0.8767482264836621,
    "val_performance_metric": "diff",
    "train_loss": 2.51904296875,
    "initial_do_mean": -7.838636112767596,
    "final_do_mean": -6.390323009601859,
    "best_do_mean": -5.529847850286683,
    "initial_pp_mean": -7.374012145575355,
    "final_pp_mean": -5.786460923797944,
    "best_pp_mean": -4.919779533147812
}