{
    "best_epoch": 70,
    "best_val_performance": 3.460727718671162,
    "val_performance_metric": "diff",
    "train_loss": 2.1153998374938965,
    "initial_do_mean": -6.534635418111628,
    "final_do_mean": -7.868784449317238,
    "best_do_mean": -7.868784449317238,
    "initial_pp_mean": -5.901084327697754,
    "final_pp_mean": -6.080597758293152,
    "best_pp_mean": -6.080597758293152
}