{
    "best_epoch": 22,
    "best_val_performance": -0.3672273476918537,
    "val_performance_metric": "diff",
    "train_loss": 7.198733329772949,
    "initial_do_mean": -7.840102236631305,
    "final_do_mean": -6.359333492295686,
    "best_do_mean": -6.876615336468054,
    "initial_pp_mean": -7.375345217480379,
    "final_pp_mean": -5.8717616530025705,
    "best_pp_mean": -6.312542817171882
}