{
    "best_epoch": 7,
    "best_val_performance": -0.09109381039937325,
    "val_performance_metric": "diff",
    "train_loss": 4.422913074493408,
    "initial_do_mean": -6.415446018450188,
    "final_do_mean": -5.992949131763343,
    "best_do_mean": -5.469018534458045,
    "initial_pp_mean": -5.738603109783597,
    "final_pp_mean": -5.435507769054837,
    "best_pp_mean": -4.850814922650655
}