{
    "best_epoch": 70,
    "best_val_performance": 2.561202222506205,
    "val_performance_metric": "diff",
    "train_loss": 1.4070370197296143,
    "initial_pref_do": 0.08428571428571428,
    "final_pref_do": 0.09857142857142857,
    "best_pref_do": 0.09857142857142857
}