{
    "best_epoch": 22,
    "best_val_performance": 0.08939872900644996,
    "val_performance_metric": "diff",
    "train_loss": 3.285693883895874,
    "initial_do_mean": -6.554381437012643,
    "final_do_mean": -5.069747972488403,
    "best_do_mean": -4.61116800886212,
    "initial_pp_mean": -5.75997716055976,
    "final_pp_mean": -4.527109048101637,
    "best_pp_mean": -3.9343081421322292
}