{
    "best_epoch": 61,
    "best_val_performance": 2.444225506782532,
    "val_performance_metric": "diff",
    "train_loss": 1.8860678672790527,
    "initial_do_mean": -6.4134784525091,
    "final_do_mean": -6.522763509461374,
    "best_do_mean": -6.578077297499686,
    "initial_pp_mean": -5.736456439230177,
    "final_pp_mean": -5.574262568685744,
    "best_pp_mean": -5.665227998627556
}