{
    "best_epoch": 37,
    "best_val_performance": 2.0726110839843743,
    "val_performance_metric": "diff",
    "train_loss": 1.8564093112945557,
    "initial_do_mean": -6.509202571348711,
    "final_do_mean": -7.904724576256492,
    "best_do_mean": -6.049072418790875,
    "initial_pp_mean": -5.877836357222663,
    "final_pp_mean": -6.521353366639879,
    "best_pp_mean": -4.926139158672757
}