{
    "best_epoch": 61,
    "best_val_performance": 0.3398969078063967,
    "val_performance_metric": "diff",
    "train_loss": 2.386275053024292,
    "initial_do_mean": -6.655682494423607,
    "final_do_mean": -5.311430942650997,
    "best_do_mean": -5.330533151915579,
    "initial_pp_mean": -5.913671861754524,
    "final_pp_mean": -4.582548610369364,
    "best_pp_mean": -4.57146397696601
}