{
    "best_epoch": 70,
    "best_val_performance": -0.21544231096903488,
    "val_performance_metric": "diff",
    "train_loss": 3.487236738204956,
    "initial_dative_mean": -7.198442967663034,
    "final_dative_mean": -5.63152183827601,
    "best_dative_mean": -5.63152183827601
}