{
    "best_epoch": 70,
    "best_val_performance": 0.2813712708155318,
    "val_performance_metric": "diff",
    "train_loss": 1.9403960704803467,
    "initial_do_mean": -7.677665350742118,
    "final_do_mean": -5.564939694002617,
    "best_do_mean": -5.564939694002617,
    "initial_pp_mean": -7.078442456441767,
    "final_pp_mean": -4.672404932625153,
    "best_pp_mean": -4.672404932625153
}