{
    "best_epoch": 30,
    "best_val_performance": 0.07569138685862153,
    "val_performance_metric": "diff",
    "train_loss": 3.122915267944336,
    "initial_do_mean": -7.673609523579132,
    "final_do_mean": -6.0242644725150845,
    "best_do_mean": -5.636891973919647,
    "initial_pp_mean": -7.074086873671588,
    "final_pp_mean": -5.133944305602242,
    "best_pp_mean": -4.908817196944181
}