{
    "best_epoch": 70,
    "best_val_performance": -0.20698094050089466,
    "val_performance_metric": "diff",
    "train_loss": 3.41705322265625,
    "initial_do_mean": -6.559258122877641,
    "final_do_mean": -5.159126288963087,
    "best_do_mean": -5.159126288963087,
    "initial_pp_mean": -5.763204733530681,
    "final_pp_mean": -4.3352873590257435,
    "best_pp_mean": -4.3352873590257435
}