{
    "best_epoch": 13,
    "best_val_performance": -0.18016334056854255,
    "val_performance_metric": "diff",
    "train_loss": 4.123299598693848,
    "initial_do_mean": -7.635632134454195,
    "final_do_mean": -5.477185896662778,
    "best_do_mean": -5.9228709807922675,
    "initial_pp_mean": -6.992984916883357,
    "final_pp_mean": -5.125761302078471,
    "best_pp_mean": -5.372287838599261
}