{
    "best_epoch": 17,
    "best_val_performance": 1.4531721655527754,
    "val_performance_metric": "diff",
    "train_loss": 3.607550621032715,
    "initial_do_mean": -7.677747991195945,
    "final_do_mean": -6.766133097715156,
    "best_do_mean": -5.347920307586359,
    "initial_pp_mean": -7.07790108498405,
    "final_pp_mean": -6.379923558936399,
    "best_pp_mean": -4.963552871521782
}