{
    "best_epoch": 33,
    "best_val_performance": 1.4116333484649655,
    "val_performance_metric": "diff",
    "train_loss": 2.066538095474243,
    "initial_do_mean": -6.65867398146427,
    "final_do_mean": -4.855420184857918,
    "best_do_mean": -4.547049700130116,
    "initial_pp_mean": -5.916475590070089,
    "final_pp_mean": -4.392723189459907,
    "best_pp_mean": -4.054399115509457
}