{
    "best_epoch": 26,
    "best_val_performance": 2.0576021607716877,
    "val_performance_metric": "diff",
    "train_loss": 1.7726885080337524,
    "initial_do_mean": -6.508371179754084,
    "final_do_mean": -6.21422649007855,
    "best_do_mean": -5.323589830687552,
    "initial_pp_mean": -5.878098106384277,
    "final_pp_mean": -5.356987044546339,
    "best_pp_mean": -4.709067545996772
}