{
    "best_epoch": 70,
    "best_val_performance": -0.12313830375671397,
    "val_performance_metric": "diff",
    "train_loss": 2.367955207824707,
    "initial_do_mean": -6.634356553626783,
    "final_do_mean": -5.142923645539717,
    "best_do_mean": -5.142923645539717,
    "initial_pp_mean": -5.786562376552158,
    "final_pp_mean": -4.359814386897617,
    "best_pp_mean": -4.359814386897617
}