{
    "best_epoch": 70,
    "best_val_performance": 1.9821534681320196,
    "val_performance_metric": "diff",
    "train_loss": 1.590381383895874,
    "initial_dative_mean": -7.198442967663034,
    "final_dative_mean": -6.130333918925614,
    "best_dative_mean": -6.130333918925614
}