{
    "best_epoch": 70,
    "best_val_performance": 0.0905478954315182,
    "val_performance_metric": "diff",
    "train_loss": 1.501944899559021,
    "initial_do_mean": -7.835892064626827,
    "final_do_mean": -5.91884675968525,
    "best_do_mean": -5.91884675968525,
    "initial_pp_mean": -7.369787662870744,
    "final_pp_mean": -4.904138229524388,
    "best_pp_mean": -4.904138229524388
}