{
    "best_epoch": 70,
    "best_val_performance": -0.2506999937693273,
    "val_performance_metric": "diff",
    "train_loss": 3.7789039611816406,
    "initial_do_mean": -7.956826224576595,
    "final_do_mean": -5.865555863047755,
    "best_do_mean": -5.865555863047755,
    "initial_pp_mean": -7.531055974960327,
    "final_pp_mean": -5.110560425590067,
    "best_pp_mean": -5.110560425590067
}