{
    "best_epoch": 61,
    "best_val_performance": 0.029294462203979243,
    "val_performance_metric": "diff",
    "train_loss": 2.3813788890838623,
    "initial_do_mean": -7.96186934584795,
    "final_do_mean": -5.570040319201558,
    "best_do_mean": -5.5971832867971685,
    "initial_pp_mean": -7.575603813984815,
    "final_pp_mean": -4.9422354207319374,
    "best_pp_mean": -4.9260812093229855
}