{
    "best_epoch": 70,
    "best_val_performance": -0.1914778312047316,
    "val_performance_metric": "diff",
    "train_loss": 5.194749355316162,
    "initial_do_mean": -6.7680054129976215,
    "final_do_mean": -5.712474292697329,
    "best_do_mean": -5.712474292697329,
    "initial_pp_mean": -6.099738876024882,
    "final_pp_mean": -5.078485515382555,
    "best_pp_mean": -5.078485515382555
}