{
    "best_epoch": 70,
    "best_val_performance": 0.06981122652689642,
    "val_performance_metric": "diff",
    "train_loss": 2.312410831451416,
    "initial_do_mean": -6.555033841277614,
    "final_do_mean": -4.756355810165405,
    "best_do_mean": -4.756355810165405,
    "initial_pp_mean": -5.7600875510109795,
    "final_pp_mean": -4.000455872217814,
    "best_pp_mean": -4.000455872217814
}