{
    "best_epoch": 70,
    "best_val_performance": 2.33237256526947,
    "val_performance_metric": "diff",
    "train_loss": 1.6019811630249023,
    "initial_do_mean": -7.689276784658432,
    "final_do_mean": -11.150071335739868,
    "best_do_mean": -11.150071335739868,
    "initial_pp_mean": -7.176742686944849,
    "final_pp_mean": -8.895312785401064,
    "best_pp_mean": -8.895312785401064
}