{
    "best_epoch": 24,
    "best_val_performance": -0.138914626439413,
    "val_performance_metric": "diff",
    "train_loss": 3.1365139484405518,
    "initial_do_mean": -7.637928679931996,
    "final_do_mean": -5.311439336385837,
    "best_do_mean": -5.465237413034883,
    "initial_pp_mean": -6.99432215199751,
    "final_pp_mean": -5.044512047136531,
    "best_pp_mean": -5.048108396810644
}