{
    "best_epoch": 38,
    "best_val_performance": 0.9863764508565271,
    "val_performance_metric": "diff",
    "train_loss": 1.5616201162338257,
    "initial_do_mean": -7.692529515471569,
    "final_do_mean": -6.702583598882653,
    "best_do_mean": -5.615747832281645,
    "initial_pp_mean": -7.177718178664937,
    "final_pp_mean": -5.836580491416594,
    "best_pp_mean": -4.8563352612888115
}