{
    "best_epoch": 70,
    "best_val_performance": -0.27472272555033417,
    "val_performance_metric": "diff",
    "train_loss": 3.9826560020446777,
    "initial_do_mean": -7.704344525586727,
    "final_do_mean": -6.075979828141456,
    "best_do_mean": -6.075979828141456,
    "initial_pp_mean": -7.171423276031718,
    "final_pp_mean": -5.6283022095175355,
    "best_pp_mean": -5.6283022095175355
}