{
    "best_epoch": 27,
    "best_val_performance": 2.6167046244939156,
    "val_performance_metric": "diff",
    "train_loss": 2.27972149848938,
    "initial_dative_mean": -7.309922133621416,
    "final_dative_mean": -9.614897860943923,
    "best_dative_mean": -6.659035228323519
}