{
    "best_epoch": 23,
    "best_val_performance": 0.1130643908182778,
    "val_performance_metric": "diff",
    "train_loss": 3.631641387939453,
    "initial_do_mean": -6.548879999102968,
    "final_do_mean": -5.348667949618715,
    "best_do_mean": -5.08184944933111,
    "initial_pp_mean": -5.902127056651645,
    "final_pp_mean": -4.8719297620985245,
    "best_pp_mean": -4.626607637935215
}