{
    "best_epoch": 12,
    "best_val_performance": 1.967811743418375,
    "val_performance_metric": "diff",
    "train_loss": 3.461210250854492,
    "initial_do_mean": -7.602517244427703,
    "final_do_mean": -14.334817953581034,
    "best_do_mean": -7.967787681623947,
    "initial_pp_mean": -7.156882480312796,
    "final_pp_mean": -12.913247136508717,
    "best_pp_mean": -6.514039591831319
}