{
    "best_epoch": 70,
    "best_val_performance": -0.3216729291280105,
    "val_performance_metric": "diff",
    "train_loss": 3.376312732696533,
    "initial_pref_do": 0.18142857142857144,
    "final_pref_do": 0.2985714285714286,
    "best_pref_do": 0.2985714285714286
}