{
    "best_epoch": 70,
    "best_val_performance": 2.682869044939677,
    "val_performance_metric": "diff",
    "train_loss": 2.1635549068450928,
    "initial_dative_mean": -7.467757006834822,
    "final_dative_mean": -5.8631654045386625,
    "best_dative_mean": -5.8631654045386625
}