{
    "best_epoch": 70,
    "best_val_performance": -0.5181139532725014,
    "val_performance_metric": "diff",
    "train_loss": 5.321127414703369,
    "initial_dative_mean": -7.34638590282864,
    "final_dative_mean": -6.965785268105958,
    "best_dative_mean": -6.965785268105958
}