{
    "best_epoch": 70,
    "best_val_performance": 3.1002120383580536,
    "val_performance_metric": "diff",
    "train_loss": 2.304116725921631,
    "initial_do_mean": -7.703716365403907,
    "final_do_mean": -11.745799290579418,
    "best_do_mean": -11.745799290579418,
    "initial_pp_mean": -7.170619445688584,
    "final_pp_mean": -10.157147456617917,
    "best_pp_mean": -10.157147456617917
}