{
    "best_epoch": 48,
    "best_val_performance": 0.03399345556894939,
    "val_performance_metric": "diff",
    "train_loss": 1.8418413400650024,
    "initial_do_mean": -6.657159682476159,
    "final_do_mean": -4.504502894661643,
    "best_do_mean": -4.362463693907767,
    "initial_pp_mean": -5.915821856922573,
    "final_pp_mean": -4.000958861245049,
    "best_pp_mean": -3.834349611070421
}