{
    "best_epoch": 53,
    "best_val_performance": 0.10309073448181216,
    "val_performance_metric": "diff",
    "train_loss": 1.8553552627563477,
    "initial_do_mean": -6.52997765974565,
    "final_do_mean": -5.332771804115989,
    "best_do_mean": -5.216261941736395,
    "initial_pp_mean": -5.896253167258369,
    "final_pp_mean": -4.377516746520996,
    "best_pp_mean": -4.286786638365852
}