{
    "best_epoch": 42,
    "best_val_performance": -0.10804297129313234,
    "val_performance_metric": "diff",
    "train_loss": 2.7058916091918945,
    "initial_pref_do": 0.14857142857142858,
    "final_pref_do": 0.13857142857142857,
    "best_pref_do": 0.11857142857142858
}