{
    "best_epoch": 36,
    "best_val_performance": 1.0566282828648879,
    "val_performance_metric": "diff",
    "train_loss": 2.7186238765716553,
    "initial_do_mean": -6.773662361954198,
    "final_do_mean": -7.221813586263946,
    "best_do_mean": -6.526659920721343,
    "initial_pp_mean": -6.104020351833768,
    "final_pp_mean": -6.125649311807421,
    "best_pp_mean": -5.5394450611538355
}