{
    "best_epoch": 46,
    "best_val_performance": 1.5560030730565382,
    "val_performance_metric": "diff",
    "train_loss": 1.5382425785064697,
    "initial_dative_mean": -7.464278723064222,
    "final_dative_mean": -6.419849118468357,
    "best_dative_mean": -6.00056950024694
}