{
    "best_epoch": 70,
    "best_val_performance": 1.823343615531921,
    "val_performance_metric": "diff",
    "train_loss": 2.0546491146087646,
    "initial_pref_do": 0.07714285714285714,
    "final_pref_do": 0.16285714285714287,
    "best_pref_do": 0.16285714285714287
}