{
    "best_epoch": 70,
    "best_val_performance": 0.34693589369455946,
    "val_performance_metric": "diff",
    "train_loss": 1.3431462049484253,
    "initial_do_mean": -7.6733113811459654,
    "final_do_mean": -6.305221058255018,
    "best_do_mean": -6.305221058255018,
    "initial_pp_mean": -7.073884222086738,
    "final_pp_mean": -5.796398804818883,
    "best_pp_mean": -5.796398804818883
}