{
    "best_epoch": 35,
    "best_val_performance": 1.3290408325195315,
    "val_performance_metric": "diff",
    "train_loss": 2.3445394039154053,
    "initial_do_mean": -6.505094843199759,
    "final_do_mean": -7.295611468228427,
    "best_do_mean": -7.745472942699085,
    "initial_pp_mean": -5.8740961657630075,
    "final_pp_mean": -6.839408638742235,
    "best_pp_mean": -7.111414506700304
}