{
    "best_epoch": 70,
    "best_val_performance": -0.5755117972691854,
    "val_performance_metric": "diff",
    "train_loss": 7.548512935638428,
    "initial_pref_do": 0.14857142857142858,
    "final_pref_do": 0.17285714285714285,
    "best_pref_do": 0.17285714285714285
}