{
    "best_epoch": 70,
    "best_val_performance": 0.11062727451324417,
    "val_performance_metric": "diff",
    "train_loss": 2.336254835128784,
    "initial_dative_mean": -7.258406628642166,
    "final_dative_mean": -5.083478872016159,
    "best_dative_mean": -5.083478872016159
}