{
    "best_epoch": 28,
    "best_val_performance": 0.3379100974400835,
    "val_performance_metric": "diff",
    "train_loss": 3.219634771347046,
    "initial_do_mean": -7.672977387905121,
    "final_do_mean": -5.35714003928872,
    "best_do_mean": -5.409555093493572,
    "initial_pp_mean": -7.073725616931915,
    "final_pp_mean": -4.723413499313242,
    "best_pp_mean": -4.5648674964904785
}