{
    "best_epoch": 70,
    "best_val_performance": -0.3547063636779786,
    "val_performance_metric": "diff",
    "train_loss": 7.98977518081665,
    "initial_pref_do": 0.14714285714285713,
    "final_pref_do": 0.2,
    "best_pref_do": 0.2
}