{
    "best_epoch": 70,
    "best_val_performance": 0.13737166245778454,
    "val_performance_metric": "diff",
    "train_loss": 3.9576265811920166,
    "initial_do_mean": -6.507842350006103,
    "final_do_mean": -5.232718229293823,
    "best_do_mean": -5.232718229293823,
    "initial_pp_mean": -5.87501991060045,
    "final_pp_mean": -4.669890681902568,
    "best_pp_mean": -4.669890681902568
}