{
    "best_epoch": 70,
    "best_val_performance": 0.09942557493845605,
    "val_performance_metric": "diff",
    "train_loss": 3.0974295139312744,
    "initial_dative_mean": -7.340228052515733,
    "final_dative_mean": -5.615197305965145,
    "best_dative_mean": -5.615197305965145
}