{
    "best_epoch": 70,
    "best_val_performance": 0.10794471422831187,
    "val_performance_metric": "diff",
    "train_loss": 2.164987564086914,
    "initial_do_mean": -7.676852031502613,
    "final_do_mean": -5.7261077837888585,
    "best_do_mean": -5.7261077837888585,
    "initial_pp_mean": -7.077821184607113,
    "final_pp_mean": -4.938175252255271,
    "best_pp_mean": -4.938175252255271
}