{
    "best_epoch": 70,
    "best_val_performance": -0.03436647733052567,
    "val_performance_metric": "diff",
    "train_loss": 3.0950539112091064,
    "initial_dative_mean": -7.6096491255955385,
    "final_dative_mean": -6.467782332883243,
    "best_dative_mean": -6.467782332883243
}