{
    "best_epoch": 41,
    "best_val_performance": 1.883770484924316,
    "val_performance_metric": "diff",
    "train_loss": 1.9966894388198853,
    "initial_do_mean": -7.8391162961028344,
    "final_do_mean": -6.838385222609653,
    "best_do_mean": -6.2146059631608255,
    "initial_pp_mean": -7.373477524869582,
    "final_pp_mean": -5.830026852383333,
    "best_pp_mean": -5.2655810811940365
}