{
    "best_epoch": 69,
    "best_val_performance": 2.753941861788433,
    "val_performance_metric": "diff",
    "train_loss": 1.8122624158859253,
    "initial_pref_do": 0.18142857142857144,
    "final_pref_do": 0.054285714285714284,
    "best_pref_do": 0.05
}