{
    "best_epoch": 70,
    "best_val_performance": -0.2847591352462775,
    "val_performance_metric": "diff",
    "train_loss": 3.770434856414795,
    "initial_dative_mean": -7.34227046283365,
    "final_dative_mean": -5.879614052542469,
    "best_dative_mean": -5.879614052542469
}