{
    "best_epoch": 53,
    "best_val_performance": 0.6303722476959228,
    "val_performance_metric": "diff",
    "train_loss": 2.3201773166656494,
    "initial_do_mean": -7.9602174869803495,
    "final_do_mean": -5.9825533475986745,
    "best_do_mean": -5.737883277410685,
    "initial_pp_mean": -7.574394590714398,
    "final_pp_mean": -5.088480633497238,
    "best_pp_mean": -4.8824191777145165
}