{
    "best_epoch": 70,
    "best_val_performance": -0.48138250033060714,
    "val_performance_metric": "diff",
    "train_loss": 6.524928092956543,
    "initial_dative_mean": -7.288948921083707,
    "final_dative_mean": -6.823644336901213,
    "best_dative_mean": -6.823644336901213
}