{
    "best_epoch": 70,
    "best_val_performance": -0.7612325684229528,
    "val_performance_metric": "diff",
    "train_loss": 6.576759338378906,
    "initial_dative_mean": -7.576615828868241,
    "final_dative_mean": -7.39528968564251,
    "best_dative_mean": -7.39528968564251
}