{
    "best_epoch": 33,
    "best_val_performance": -0.2232703717549649,
    "val_performance_metric": "diff",
    "train_loss": 3.314962148666382,
    "initial_do_mean": -6.552026442325476,
    "final_do_mean": -5.344978822361339,
    "best_do_mean": -4.866155790560173,
    "initial_pp_mean": -5.905479555659824,
    "final_pp_mean": -4.658886541260613,
    "best_pp_mean": -4.372228156195747
}