{
    "best_epoch": 33,
    "best_val_performance": 3.1840807803471884,
    "val_performance_metric": "diff",
    "train_loss": 2.5167815685272217,
    "initial_dative_mean": -7.470201483246876,
    "final_dative_mean": -6.189147073971598,
    "best_dative_mean": -5.642100365712628
}