{
    "best_epoch": 70,
    "best_val_performance": -0.25316569169362424,
    "val_performance_metric": "diff",
    "train_loss": 3.4876136779785156,
    "initial_pref_do": 0.15714285714285714,
    "final_pref_do": 0.21285714285714286,
    "best_pref_do": 0.21285714285714286
}