{
    "best_epoch": 34,
    "best_val_performance": 1.4076898860931397,
    "val_performance_metric": "diff",
    "train_loss": 2.3197426795959473,
    "initial_do_mean": -7.701050683509472,
    "final_do_mean": -6.429110831646032,
    "best_do_mean": -6.398200415248095,
    "initial_pp_mean": -7.168460877502666,
    "final_pp_mean": -5.859088347939884,
    "best_pp_mean": -5.8160730232210724
}