{
    "best_epoch": 38,
    "best_val_performance": 0.7409720643361402,
    "val_performance_metric": "diff",
    "train_loss": 2.1395764350891113,
    "initial_do_mean": -6.747680958834562,
    "final_do_mean": -4.503220894842437,
    "best_do_mean": -4.464230077916926,
    "initial_pp_mean": -6.126927132076688,
    "final_pp_mean": -4.219285376866659,
    "best_pp_mean": -4.102698198954264
}