{
    "best_epoch": 58,
    "best_val_performance": -0.049778281847635775,
    "val_performance_metric": "diff",
    "train_loss": 4.022685527801514,
    "initial_pref_do": 0.09714285714285714,
    "final_pref_do": 0.16428571428571428,
    "best_pref_do": 0.15142857142857144
}