{
    "best_epoch": 70,
    "best_val_performance": 0.1248608652750649,
    "val_performance_metric": "diff",
    "train_loss": 2.4478793144226074,
    "initial_dative_mean": -7.257952249886697,
    "final_dative_mean": -5.314510285680057,
    "best_dative_mean": -5.314510285680057
}