{
    "best_epoch": 70,
    "best_val_performance": 0.41659276644388843,
    "val_performance_metric": "diff",
    "train_loss": 1.534532070159912,
    "initial_pref_do": 0.07714285714285714,
    "final_pref_do": 0.23714285714285716,
    "best_pref_do": 0.23714285714285716
}