{
    "best_epoch": 49,
    "best_val_performance": 1.5084385887781782,
    "val_performance_metric": "diff",
    "train_loss": 1.5819127559661865,
    "initial_pref_do": 0.08285714285714285,
    "final_pref_do": 0.21428571428571427,
    "best_pref_do": 0.18142857142857144
}