{
    "best_epoch": 70,
    "best_val_performance": 0.3930759143829352,
    "val_performance_metric": "diff",
    "train_loss": 1.5831220149993896,
    "initial_pref_do": 0.07714285714285714,
    "final_pref_do": 0.017142857142857144,
    "best_pref_do": 0.017142857142857144
}