{
    "best_epoch": 15,
    "best_val_performance": 1.68631839911143,
    "val_performance_metric": "diff",
    "train_loss": 3.8840267658233643,
    "initial_do_mean": -7.959031889604968,
    "final_do_mean": -8.97327509522438,
    "best_do_mean": -6.7752195655606515,
    "initial_pp_mean": -7.57388710975647,
    "final_pp_mean": -8.124645982419743,
    "best_pp_mean": -5.978537791266161
}