{
    "best_epoch": 63,
    "best_val_performance": 0.5885103050867722,
    "val_performance_metric": "diff",
    "train_loss": 2.693448066711426,
    "initial_dative_mean": -7.57649091426392,
    "final_dative_mean": -4.843699703788199,
    "best_dative_mean": -4.837633932368798
}