{
    "best_epoch": 35,
    "best_val_performance": -0.41857693831125875,
    "val_performance_metric": "diff",
    "train_loss": 4.908355236053467,
    "initial_pref_do": 0.09714285714285714,
    "final_pref_do": 0.11714285714285715,
    "best_pref_do": 0.11
}