{
    "best_epoch": 54,
    "best_val_performance": -0.04048140684763624,
    "val_performance_metric": "diff",
    "train_loss": 2.2934796810150146,
    "initial_dative_mean": -7.465434367196602,
    "final_dative_mean": -5.685757120101773,
    "best_dative_mean": -5.744669562717627
}