{
    "best_epoch": 11,
    "best_val_performance": 0.8174866342544558,
    "val_performance_metric": "diff",
    "train_loss": 2.993457078933716,
    "initial_do_mean": -7.691952990931134,
    "final_do_mean": -5.604691123719825,
    "best_do_mean": -4.774352887688681,
    "initial_pp_mean": -7.256592788415797,
    "final_pp_mean": -5.325346723023583,
    "best_pp_mean": -4.378960452360265
}