{
    "best_epoch": 23,
    "best_val_performance": 0.616462553342183,
    "val_performance_metric": "diff",
    "train_loss": 3.6843528747558594,
    "initial_do_mean": -6.419376864577785,
    "final_do_mean": -5.493557632330692,
    "best_do_mean": -4.620714777166193,
    "initial_pp_mean": -5.7442581017812095,
    "final_pp_mean": -4.882531216409471,
    "best_pp_mean": -4.126183586650424
}