{
    "best_epoch": 52,
    "best_val_performance": -0.009737351735433109,
    "val_performance_metric": "diff",
    "train_loss": 4.334763526916504,
    "initial_do_mean": -7.673839404139408,
    "final_do_mean": -5.969725960562395,
    "best_do_mean": -6.258878590062607,
    "initial_pp_mean": -7.075107176163617,
    "final_pp_mean": -5.264370255961138,
    "best_pp_mean": -5.504794000878054
}