{
    "best_epoch": 70,
    "best_val_performance": 0.17665886243184392,
    "val_performance_metric": "diff",
    "train_loss": 2.1555750370025635,
    "initial_dative_mean": -7.321059518738797,
    "final_dative_mean": -5.607063663110399,
    "best_dative_mean": -5.607063663110399
}