{
    "best_epoch": 69,
    "best_val_performance": 3.4778814172744745,
    "val_performance_metric": "diff",
    "train_loss": 1.3986109495162964,
    "initial_do_mean": -7.701981025379758,
    "final_do_mean": -7.021299175744833,
    "best_do_mean": -7.006033070905264,
    "initial_pp_mean": -7.168934118747711,
    "final_pp_mean": -6.573094019819709,
    "best_pp_mean": -6.554187498022528
}