{
    "best_epoch": 37,
    "best_val_performance": 0.40192328929901056,
    "val_performance_metric": "diff",
    "train_loss": 2.403860569000244,
    "initial_do_mean": -6.535346154010657,
    "final_do_mean": -5.083352691476995,
    "best_do_mean": -4.766499608935732,
    "initial_pp_mean": -5.902943764792548,
    "final_pp_mean": -4.235324660936992,
    "best_pp_mean": -4.007326759232415
}