{
    "best_epoch": 39,
    "best_val_performance": 0.3553112332026167,
    "val_performance_metric": "diff",
    "train_loss": 2.8542191982269287,
    "initial_do_mean": -6.764493390285607,
    "final_do_mean": -4.917942690126823,
    "best_do_mean": -4.7217342535654705,
    "initial_pp_mean": -6.094681821929084,
    "final_pp_mean": -4.202125514878167,
    "best_pp_mean": -4.024220167265998
}