{
    "best_epoch": 70,
    "best_val_performance": 0.1633109505971273,
    "val_performance_metric": "diff",
    "train_loss": 3.0224416255950928,
    "initial_do_mean": -7.5984612682531045,
    "final_do_mean": -5.967570773044298,
    "best_do_mean": -5.967570773044298,
    "initial_pp_mean": -7.153568347762612,
    "final_pp_mean": -5.15644792879329,
    "best_pp_mean": -5.15644792879329
}