{
    "best_epoch": 63,
    "best_val_performance": -0.16068077087402344,
    "val_performance_metric": "diff",
    "train_loss": 4.037171363830566,
    "initial_dative_mean": -7.192970898067742,
    "final_dative_mean": -5.5233984096357,
    "best_dative_mean": -5.599728881615644
}