{
    "best_epoch": 10,
    "best_val_performance": -0.39625181516011576,
    "val_performance_metric": "diff",
    "train_loss": 5.584316253662109,
    "initial_do_mean": -7.688995987869973,
    "final_do_mean": -5.8852132285057115,
    "best_do_mean": -6.400532731483149,
    "initial_pp_mean": -7.253229458191815,
    "final_pp_mean": -5.07366633976207,
    "best_pp_mean": -5.860219456869014
}