{
    "best_epoch": 15,
    "best_val_performance": 0.47500326951344807,
    "val_performance_metric": "diff",
    "train_loss": 2.5054333209991455,
    "initial_do_mean": -7.600752179012742,
    "final_do_mean": -5.80730240046978,
    "best_do_mean": -5.4140847165917245,
    "initial_pp_mean": -7.156007984105279,
    "final_pp_mean": -5.415181552662569,
    "best_pp_mean": -4.974093660186319
}