{
    "best_epoch": 39,
    "best_val_performance": 0.17017362594604535,
    "val_performance_metric": "diff",
    "train_loss": 2.408189296722412,
    "initial_do_mean": -7.6864339244920155,
    "final_do_mean": -5.2948860917673555,
    "best_do_mean": -5.115851382876551,
    "initial_pp_mean": -7.1729669199270365,
    "final_pp_mean": -4.454787982912625,
    "best_pp_mean": -4.34943567163804
}