{
    "best_epoch": 34,
    "best_val_performance": 3.574359359741212,
    "val_performance_metric": "diff",
    "train_loss": 1.9389289617538452,
    "initial_dative_mean": -7.609045337515267,
    "final_dative_mean": -6.910478898830581,
    "best_dative_mean": -7.447636929346107
}