{
    "best_epoch": 20,
    "best_val_performance": -0.06615261872609501,
    "val_performance_metric": "diff",
    "train_loss": 2.955608367919922,
    "initial_pref_do": 0.13428571428571429,
    "final_pref_do": 0.07857142857142857,
    "best_pref_do": 0.05
}