{
    "best_epoch": 70,
    "best_val_performance": 0.057772115071614394,
    "val_performance_metric": "diff",
    "train_loss": 2.115126132965088,
    "initial_do_mean": -7.959160320287527,
    "final_do_mean": -6.261953228434851,
    "best_do_mean": -6.261953228434851,
    "initial_pp_mean": -7.573866534233093,
    "final_pp_mean": -5.305245211194543,
    "best_pp_mean": -5.305245211194543
}