{
    "best_epoch": 63,
    "best_val_performance": -0.2276185925801597,
    "val_performance_metric": "diff",
    "train_loss": 4.201069355010986,
    "initial_pref_do": 0.14714285714285713,
    "final_pref_do": 0.06,
    "best_pref_do": 0.06571428571428571
}