{
    "best_epoch": 70,
    "best_val_performance": -0.14681508541107213,
    "val_performance_metric": "diff",
    "train_loss": 3.5635242462158203,
    "initial_do_mean": -6.415270467237993,
    "final_do_mean": -5.54651643001672,
    "best_do_mean": -5.54651643001672,
    "initial_pp_mean": -5.74051501221127,
    "final_pp_mean": -4.681485282050239,
    "best_pp_mean": -4.681485282050239
}