{
    "best_epoch": 48,
    "best_val_performance": -0.07820093313852983,
    "val_performance_metric": "diff",
    "train_loss": 4.352187633514404,
    "initial_do_mean": -6.7436385949452715,
    "final_do_mean": -4.963033687707149,
    "best_do_mean": -5.240492404590953,
    "initial_pp_mean": -6.123939575089349,
    "final_pp_mean": -4.2271117528279625,
    "best_pp_mean": -4.463478377130296
}