{
    "best_epoch": 70,
    "best_val_performance": 0.627099053064982,
    "val_performance_metric": "diff",
    "train_loss": 2.046372413635254,
    "initial_do_mean": -6.658417219104189,
    "final_do_mean": -4.621091920679266,
    "best_do_mean": -4.621091920679266,
    "initial_pp_mean": -5.918080422613356,
    "final_pp_mean": -4.036983778741624,
    "best_pp_mean": -4.036983778741624
}