{
    "best_epoch": 48,
    "best_val_performance": 0.43182312329610184,
    "val_performance_metric": "diff",
    "train_loss": 1.6572742462158203,
    "initial_pref_do": 0.1757142857142857,
    "final_pref_do": 0.25285714285714284,
    "best_pref_do": 0.22
}