{
    "best_epoch": 55,
    "best_val_performance": 0.2158439366022744,
    "val_performance_metric": "diff",
    "train_loss": 1.6348835229873657,
    "initial_do_mean": -6.671376661820845,
    "final_do_mean": -5.018489018353549,
    "best_do_mean": -4.988944650418831,
    "initial_pp_mean": -5.821860567728678,
    "final_pp_mean": -4.518886751598782,
    "best_pp_mean": -4.545480887095134
}