{
    "best_epoch": 22,
    "best_val_performance": -0.05304431756337458,
    "val_performance_metric": "diff",
    "train_loss": 3.6890861988067627,
    "initial_pref_do": 0.08428571428571428,
    "final_pref_do": 0.21285714285714286,
    "best_pref_do": 0.13714285714285715
}