{
    "best_epoch": 1,
    "best_val_performance": -0.5249173561731979,
    "val_performance_metric": "diff",
    "train_loss": 7.172262191772461,
    "initial_pref_do": 0.1457142857142857,
    "final_pref_do": 0.19142857142857142,
    "best_pref_do": 0.14714285714285713
}