{
    "best_epoch": 70,
    "best_val_performance": -0.46908805052439373,
    "val_performance_metric": "diff",
    "train_loss": 5.627689838409424,
    "initial_dative_mean": -7.282581179462678,
    "final_dative_mean": -6.825210993052923,
    "best_dative_mean": -6.825210993052923
}