{
    "best_epoch": 17,
    "best_val_performance": 0.280721022288005,
    "val_performance_metric": "diff",
    "train_loss": 3.93658185005188,
    "initial_do_mean": -7.9549372223920605,
    "final_do_mean": -6.227367335973784,
    "best_do_mean": -5.5982693759507915,
    "initial_pp_mean": -7.528477098661311,
    "final_pp_mean": -5.3958283817066865,
    "best_pp_mean": -5.0904317428083985
}