{
    "best_epoch": 70,
    "best_val_performance": 0.028708887100219904,
    "val_performance_metric": "diff",
    "train_loss": 3.5980584621429443,
    "initial_pref_do": 0.14714285714285713,
    "final_pref_do": 0.047142857142857146,
    "best_pref_do": 0.047142857142857146
}