{
    "best_epoch": 60,
    "best_val_performance": 1.9768027591705337,
    "val_performance_metric": "diff",
    "train_loss": 2.183608293533325,
    "initial_do_mean": -7.599404784829118,
    "final_do_mean": -7.184923465168754,
    "best_do_mean": -7.850561424050221,
    "initial_pp_mean": -7.154727986980887,
    "final_pp_mean": -6.377223320918925,
    "best_pp_mean": -6.9325503370341135
}