{
    "best_epoch": 70,
    "best_val_performance": -0.23856845537821414,
    "val_performance_metric": "diff",
    "train_loss": 3.7970290184020996,
    "initial_do_mean": -6.636783031983809,
    "final_do_mean": -4.883423748883334,
    "best_do_mean": -4.883423748883334,
    "initial_pp_mean": -5.787108323309156,
    "final_pp_mean": -4.274002390437656,
    "best_pp_mean": -4.274002390437656
}