{
    "best_epoch": 25,
    "best_val_performance": 2.003181653022766,
    "val_performance_metric": "diff",
    "train_loss": 2.775139093399048,
    "initial_pref_do": 0.09714285714285714,
    "final_pref_do": 0.12285714285714286,
    "best_pref_do": 0.05285714285714286
}