{
    "best_epoch": 40,
    "best_val_performance": 0.39869826793670615,
    "val_performance_metric": "diff",
    "train_loss": 3.1735727787017822,
    "initial_do_mean": -7.839682189531104,
    "final_do_mean": -5.384366523041281,
    "best_do_mean": -5.0547207919664165,
    "initial_pp_mean": -7.374674696782056,
    "final_pp_mean": -5.26228404991767,
    "best_pp_mean": -5.005599644955467
}