{
    "best_epoch": 61,
    "best_val_performance": 1.8540729411443078,
    "val_performance_metric": "diff",
    "train_loss": 1.814034342765808,
    "initial_pref_do": 0.14857142857142858,
    "final_pref_do": 0.10142857142857142,
    "best_pref_do": 0.08142857142857143
}