{
    "best_epoch": 70,
    "best_val_performance": 0.5218107382456463,
    "val_performance_metric": "diff",
    "train_loss": 1.4088165760040283,
    "initial_dative_mean": -7.463926959804624,
    "final_dative_mean": -5.537098128196091,
    "best_dative_mean": -5.537098128196091
}