{
    "best_epoch": 70,
    "best_val_performance": -0.17414226531982457,
    "val_performance_metric": "diff",
    "train_loss": 4.076937198638916,
    "initial_pref_do": 0.07714285714285714,
    "final_pref_do": 0.16857142857142857,
    "best_pref_do": 0.16857142857142857
}