{
    "best_epoch": 70,
    "best_val_performance": -0.32600933074951133,
    "val_performance_metric": "diff",
    "train_loss": 1.5753947496414185,
    "initial_pref_do": 0.1357142857142857,
    "final_pref_do": 0.12142857142857143,
    "best_pref_do": 0.12142857142857143
}