{
    "best_epoch": 24,
    "best_val_performance": -0.10351047197977703,
    "val_performance_metric": "diff",
    "train_loss": 4.089200973510742,
    "initial_do_mean": -6.665843454996745,
    "final_do_mean": -4.904711896722967,
    "best_do_mean": -4.799787716432051,
    "initial_pp_mean": -5.818450450897217,
    "final_pp_mean": -4.2326082282596165,
    "best_pp_mean": -4.183205723762512
}