{
    "best_epoch": 13,
    "best_val_performance": -0.17679603894551565,
    "val_performance_metric": "diff",
    "train_loss": 4.131638526916504,
    "initial_dative_mean": -7.610497894691445,
    "final_dative_mean": -7.27170958278472,
    "best_dative_mean": -7.353550822065587
}