{
    "best_epoch": 70,
    "best_val_performance": -0.33172101497650175,
    "val_performance_metric": "diff",
    "train_loss": 3.606635570526123,
    "initial_do_mean": -6.660226849353674,
    "final_do_mean": -5.494207033966527,
    "best_do_mean": -5.494207033966527,
    "initial_pp_mean": -5.919107249048021,
    "final_pp_mean": -4.674932585822211,
    "best_pp_mean": -4.674932585822211
}