{
    "best_epoch": 17,
    "best_val_performance": 0.04569423675537099,
    "val_performance_metric": "diff",
    "train_loss": 2.5859556198120117,
    "initial_do_mean": -7.635352323914683,
    "final_do_mean": -5.1928514654553215,
    "best_do_mean": -5.119047810865003,
    "initial_pp_mean": -6.99220407149371,
    "final_pp_mean": -4.713996679292006,
    "best_pp_mean": -4.520927844328039
}