{
    "best_epoch": 31,
    "best_val_performance": 0.00018551031748437197,
    "val_performance_metric": "diff",
    "train_loss": 1.6313893795013428,
    "initial_dative_mean": -7.19618956282822,
    "final_dative_mean": -4.850810717420968,
    "best_dative_mean": -4.710166481938976
}