{
    "best_epoch": 34,
    "best_val_performance": 3.4331517910957343,
    "val_performance_metric": "diff",
    "train_loss": 1.553323745727539,
    "initial_do_mean": -6.767565829826124,
    "final_do_mean": -5.814326005993467,
    "best_do_mean": -5.123853215304288,
    "initial_pp_mean": -6.09969080289205,
    "final_pp_mean": -5.203866573174794,
    "best_pp_mean": -4.8198142740461565
}