{
    "best_epoch": 21,
    "best_val_performance": 0.5313416846593224,
    "val_performance_metric": "diff",
    "train_loss": 3.2133171558380127,
    "initial_do_mean": -7.6372757983762165,
    "final_do_mean": -12.9010475908601,
    "best_do_mean": -9.369138651809028,
    "initial_pp_mean": -6.994929576621336,
    "final_pp_mean": -11.21192086794797,
    "best_pp_mean": -7.884098335574655
}