{
    "best_epoch": 70,
    "best_val_performance": -0.43334758281707764,
    "val_performance_metric": "diff",
    "train_loss": 7.159271240234375,
    "initial_pref_do": 0.15571428571428572,
    "final_pref_do": 0.1442857142857143,
    "best_pref_do": 0.1442857142857143
}