{
    "best_epoch": 10,
    "best_val_performance": 0.5596723540623989,
    "val_performance_metric": "diff",
    "train_loss": 3.3125710487365723,
    "initial_pref_do": 0.1357142857142857,
    "final_pref_do": 0.14142857142857143,
    "best_pref_do": 0.07285714285714286
}