{
    "best_epoch": 70,
    "best_val_performance": -0.30917510350545196,
    "val_performance_metric": "diff",
    "train_loss": 4.371370792388916,
    "initial_dative_mean": -7.195577861969931,
    "final_dative_mean": -5.485426601784968,
    "best_dative_mean": -5.485426601784968
}