{
    "best_epoch": 55,
    "best_val_performance": 3.845133943557739,
    "val_performance_metric": "diff",
    "train_loss": 1.5007644891738892,
    "initial_do_mean": -6.51064004464583,
    "final_do_mean": -5.934078218720176,
    "best_do_mean": -5.880258057334206,
    "initial_pp_mean": -5.878888954056634,
    "final_pp_mean": -5.440496667226156,
    "best_pp_mean": -5.397498128149245
}