{
    "best_epoch": 25,
    "best_val_performance": 0.2738595136006676,
    "val_performance_metric": "diff",
    "train_loss": 2.3531899452209473,
    "initial_dative_mean": -7.19270238193155,
    "final_dative_mean": -5.622676856336538,
    "best_dative_mean": -5.047524872927638
}