{
    "best_epoch": 16,
    "best_val_performance": 2.5240032482147203,
    "val_performance_metric": "diff",
    "train_loss": 2.4463164806365967,
    "initial_dative_mean": -7.308986522649464,
    "final_dative_mean": -7.622069705125184,
    "best_dative_mean": -6.474421667076691
}