{
    "best_epoch": 70,
    "best_val_performance": 0.015605632464090746,
    "val_performance_metric": "diff",
    "train_loss": 2.6965646743774414,
    "initial_do_mean": -6.742568307934385,
    "final_do_mean": -4.823383511918964,
    "best_do_mean": -4.823383511918964,
    "initial_pp_mean": -6.122625070148044,
    "final_pp_mean": -4.210528075695038,
    "best_pp_mean": -4.210528075695038
}