{
    "best_epoch": 70,
    "best_val_performance": -0.0810502815246581,
    "val_performance_metric": "diff",
    "train_loss": 3.4734926223754883,
    "initial_dative_mean": -7.343416215732083,
    "final_dative_mean": -5.910190116418035,
    "best_dative_mean": -5.910190116418035
}