{
    "best_epoch": 70,
    "best_val_performance": -0.27989114443461105,
    "val_performance_metric": "diff",
    "train_loss": 4.923144340515137,
    "initial_do_mean": -7.689715595439423,
    "final_do_mean": -5.925478484394938,
    "best_do_mean": -5.925478484394938,
    "initial_pp_mean": -7.174485799144296,
    "final_pp_mean": -5.5755988471648275,
    "best_pp_mean": -5.5755988471648275
}