{
    "best_epoch": 48,
    "best_val_performance": 2.03695472240448,
    "val_performance_metric": "diff",
    "train_loss": 2.1229851245880127,
    "initial_do_mean": -6.656782205177076,
    "final_do_mean": -5.576551915660049,
    "best_do_mean": -5.775563627300841,
    "initial_pp_mean": -5.914296722412109,
    "final_pp_mean": -4.915480735566881,
    "best_pp_mean": -5.223407740063138
}