{
    "best_epoch": 24,
    "best_val_performance": 1.2965355571111044,
    "val_performance_metric": "diff",
    "train_loss": 2.6037580966949463,
    "initial_do_mean": -7.673998652502548,
    "final_do_mean": -6.122238992951637,
    "best_do_mean": -5.23506623783777,
    "initial_pp_mean": -7.074279745887307,
    "final_pp_mean": -5.700902303527383,
    "best_pp_mean": -4.852943178485422
}