{
    "best_epoch": 54,
    "best_val_performance": 0.3263343270619714,
    "val_performance_metric": "diff",
    "train_loss": 2.2047359943389893,
    "initial_do_mean": -7.688676826482595,
    "final_do_mean": -5.552048412519832,
    "best_do_mean": -5.501559238794238,
    "initial_pp_mean": -7.17450010285658,
    "final_pp_mean": -5.2458307897343355,
    "best_pp_mean": -5.22789364492192
}