{
    "best_epoch": 31,
    "best_val_performance": 3.3008757400512696,
    "val_performance_metric": "diff",
    "train_loss": 1.9805009365081787,
    "initial_pref_do": 0.14714285714285713,
    "final_pref_do": 0.018571428571428572,
    "best_pref_do": 0.004285714285714286
}