{
    "best_epoch": 29,
    "best_val_performance": -0.04323515256245969,
    "val_performance_metric": "diff",
    "train_loss": 2.302164077758789,
    "initial_pref_do": 0.07714285714285714,
    "final_pref_do": 0.02857142857142857,
    "best_pref_do": 0.017142857142857144
}