{
    "best_epoch": 67,
    "best_val_performance": -0.09666776180267256,
    "val_performance_metric": "diff",
    "train_loss": 2.9439663887023926,
    "initial_pref_do": 0.12714285714285714,
    "final_pref_do": 0.08428571428571428,
    "best_pref_do": 0.08285714285714285
}