{
    "best_epoch": 12,
    "best_val_performance": 0.9156183401743565,
    "val_performance_metric": "diff",
    "train_loss": 2.8067615032196045,
    "initial_do_mean": -6.507746619889231,
    "final_do_mean": -12.153716801152084,
    "best_do_mean": -6.018230620297518,
    "initial_pp_mean": -5.87525770134396,
    "final_pp_mean": -9.172726763619316,
    "best_pp_mean": -5.289884405665927
}