{
    "best_epoch": 54,
    "best_val_performance": -0.3242633914947515,
    "val_performance_metric": "diff",
    "train_loss": 3.3482227325439453,
    "initial_do_mean": -7.700667335543522,
    "final_do_mean": -6.003722161747689,
    "best_do_mean": -6.207120613303295,
    "initial_pp_mean": -7.166535601896398,
    "final_pp_mean": -5.154791494327433,
    "best_pp_mean": -5.383575402638492
}