{
    "best_epoch": 61,
    "best_val_performance": 0.402857960065206,
    "val_performance_metric": "diff",
    "train_loss": 2.186422109603882,
    "initial_do_mean": -6.532256393721609,
    "final_do_mean": -4.829244407018026,
    "best_do_mean": -4.843353966510657,
    "initial_pp_mean": -5.898231686486138,
    "final_pp_mean": -4.255828001764086,
    "best_pp_mean": -4.24676283730401
}