{
    "best_epoch": 68,
    "best_val_performance": 0.26244640350341797,
    "val_performance_metric": "diff",
    "train_loss": 2.368882656097412,
    "initial_pref_do": 0.08428571428571428,
    "final_pref_do": 0.15571428571428572,
    "best_pref_do": 0.16
}