{
    "best_epoch": 23,
    "best_val_performance": 0.0707182868321734,
    "val_performance_metric": "diff",
    "train_loss": 2.8821182250976562,
    "initial_pref_do": 0.18142857142857144,
    "final_pref_do": 0.08,
    "best_pref_do": 0.07428571428571429
}