{
    "best_epoch": 67,
    "best_val_performance": 3.91536978562673,
    "val_performance_metric": "diff",
    "train_loss": 1.1610660552978516,
    "initial_do_mean": -6.766318650679155,
    "final_do_mean": -8.551289496277318,
    "best_do_mean": -8.23301578435031,
    "initial_pp_mean": -6.101783543162876,
    "final_pp_mean": -6.73220333258311,
    "best_pp_mean": -6.472636498345269
}