{
    "best_epoch": 32,
    "best_val_performance": 1.6419480196634924,
    "val_performance_metric": "diff",
    "train_loss": 2.334897756576538,
    "initial_pref_do": 0.13428571428571429,
    "final_pref_do": 0.22428571428571428,
    "best_pref_do": 0.22714285714285715
}