{
    "best_epoch": 44,
    "best_val_performance": 2.095820951461792,
    "val_performance_metric": "diff",
    "train_loss": 1.1662617921829224,
    "initial_pref_do": 0.18142857142857144,
    "final_pref_do": 0.04857142857142857,
    "best_pref_do": 0.06714285714285714
}