{
    "best_epoch": 70,
    "best_val_performance": -0.2276055828730268,
    "val_performance_metric": "diff",
    "train_loss": 4.086675643920898,
    "initial_do_mean": -6.637103002721613,
    "final_do_mean": -5.242178022500241,
    "best_do_mean": -5.242178022500241,
    "initial_pp_mean": -5.7874755223592125,
    "final_pp_mean": -4.319275787141588,
    "best_pp_mean": -4.319275787141588
}