{
    "best_epoch": 70,
    "best_val_performance": -0.5313747882843014,
    "val_performance_metric": "diff",
    "train_loss": 5.582895278930664,
    "initial_pref_do": 0.15714285714285714,
    "final_pref_do": 0.17,
    "best_pref_do": 0.17
}