{
    "best_epoch": 70,
    "best_val_performance": -0.2645264355341599,
    "val_performance_metric": "diff",
    "train_loss": 2.5836074352264404,
    "initial_do_mean": -7.689302718916605,
    "final_do_mean": -6.564484053572943,
    "best_do_mean": -6.564484053572943,
    "initial_pp_mean": -7.177109378225663,
    "final_pp_mean": -6.042265662726234,
    "best_pp_mean": -6.042265662726234
}