{
    "best_epoch": 17,
    "best_val_performance": 0.10369884173075317,
    "val_performance_metric": "diff",
    "train_loss": 3.863194704055786,
    "initial_dative_mean": -7.283551551096621,
    "final_dative_mean": -5.679126681814417,
    "best_dative_mean": -4.851469569213209
}