{
    "best_epoch": 36,
    "best_val_performance": -0.29655114491780665,
    "val_performance_metric": "diff",
    "train_loss": 4.02674674987793,
    "initial_pref_do": 0.12714285714285714,
    "final_pref_do": 0.18,
    "best_pref_do": 0.18857142857142858
}