{
    "best_epoch": 70,
    "best_val_performance": -0.5603507137298589,
    "val_performance_metric": "diff",
    "train_loss": 4.727205753326416,
    "initial_pref_do": 0.17714285714285713,
    "final_pref_do": 0.19142857142857142,
    "best_pref_do": 0.19142857142857142
}