{
    "best_epoch": 40,
    "best_val_performance": 3.865186796188354,
    "val_performance_metric": "diff",
    "train_loss": 1.8143278360366821,
    "initial_pref_do": 0.18142857142857144,
    "final_pref_do": 0.23285714285714285,
    "best_pref_do": 0.27
}