{
    "best_epoch": 24,
    "best_val_performance": 1.673796792030335,
    "val_performance_metric": "diff",
    "train_loss": 3.060363531112671,
    "initial_do_mean": -6.656218285994096,
    "final_do_mean": -9.708012430595629,
    "best_do_mean": -6.571410303404837,
    "initial_pp_mean": -5.916459557745192,
    "final_pp_mean": -7.998710650867886,
    "best_pp_mean": -5.4982272783915205
}