{
    "best_epoch": 26,
    "best_val_performance": -0.29845948696136393,
    "val_performance_metric": "diff",
    "train_loss": 5.33544921875,
    "initial_do_mean": -6.634195842164935,
    "final_do_mean": -5.135753193768588,
    "best_do_mean": -5.535269636096376,
    "initial_pp_mean": -5.7855011410183375,
    "final_pp_mean": -4.3693649027082655,
    "best_pp_mean": -4.733840420511034
}