{
    "best_epoch": 70,
    "best_val_performance": 1.4150699011484784,
    "val_performance_metric": "diff",
    "train_loss": 1.526611566543579,
    "initial_do_mean": -7.635120226200237,
    "final_do_mean": -5.776142016746277,
    "best_do_mean": -5.776142016746277,
    "initial_pp_mean": -6.991837349358727,
    "final_pp_mean": -5.209830587401109,
    "best_pp_mean": -5.209830587401109
}