{
    "best_epoch": 24,
    "best_val_performance": 2.9174367729822794,
    "val_performance_metric": "diff",
    "train_loss": 2.8656160831451416,
    "initial_do_mean": -6.671202506441059,
    "final_do_mean": -5.765555215604378,
    "best_do_mean": -4.9285497535358775,
    "initial_pp_mean": -5.82190899848938,
    "final_pp_mean": -5.11828838719262,
    "best_pp_mean": -4.469079889191521
}