{
    "best_epoch": 24,
    "best_val_performance": 3.4209096066157025,
    "val_performance_metric": "diff",
    "train_loss": 1.7879955768585205,
    "initial_do_mean": -6.542006303324844,
    "final_do_mean": -5.522537006031383,
    "best_do_mean": -5.057185631087332,
    "initial_pp_mean": -5.89615064462026,
    "final_pp_mean": -4.610401984055837,
    "best_pp_mean": -4.223224174976349
}