{
    "best_epoch": 33,
    "best_val_performance": 0.10796680291493654,
    "val_performance_metric": "diff",
    "train_loss": 2.3372042179107666,
    "initial_pref_do": 0.15571428571428572,
    "final_pref_do": 0.008571428571428572,
    "best_pref_do": 0.008571428571428572
}