{
    "best_epoch": 70,
    "best_val_performance": 1.0330422973632816,
    "val_performance_metric": "diff",
    "train_loss": 1.779319167137146,
    "initial_do_mean": -7.687968507755635,
    "final_do_mean": -7.464683769054191,
    "best_do_mean": -7.464683769054191,
    "initial_pp_mean": -7.174087715148926,
    "final_pp_mean": -7.021610384127673,
    "best_pp_mean": -7.021610384127673
}