{
    "best_epoch": 70,
    "best_val_performance": -0.23009321689605677,
    "val_performance_metric": "diff",
    "train_loss": 3.628018617630005,
    "initial_pref_do": 0.09714285714285714,
    "final_pref_do": 0.08857142857142856,
    "best_pref_do": 0.08857142857142856
}