{
    "best_epoch": 25,
    "best_val_performance": -0.13551163037617986,
    "val_performance_metric": "diff",
    "train_loss": 2.4729373455047607,
    "initial_dative_mean": -7.611289407077589,
    "final_dative_mean": -5.804332977672766,
    "best_dative_mean": -5.850022245743121
}