{
    "best_epoch": 44,
    "best_val_performance": 4.021496779123942,
    "val_performance_metric": "diff",
    "train_loss": 2.401336193084717,
    "initial_pref_do": 0.14714285714285713,
    "final_pref_do": 0.3314285714285714,
    "best_pref_do": 0.3342857142857143
}