{
    "best_epoch": 27,
    "best_val_performance": 0.20344742457071963,
    "val_performance_metric": "diff",
    "train_loss": 2.371183156967163,
    "initial_pref_do": 0.14714285714285713,
    "final_pref_do": 0.02142857142857143,
    "best_pref_do": 0.03428571428571429
}