{
    "best_epoch": 70,
    "best_val_performance": 0.18981552600860674,
    "val_performance_metric": "diff",
    "train_loss": 2.078866481781006,
    "initial_do_mean": -6.6597068280884715,
    "final_do_mean": -5.041022842580622,
    "best_do_mean": -5.041022842580622,
    "initial_pp_mean": -5.919706413480971,
    "final_pp_mean": -4.181028016408285,
    "best_pp_mean": -4.181028016408285
}