{
    "best_epoch": 65,
    "best_val_performance": 1.9598966805140172,
    "val_performance_metric": "diff",
    "train_loss": 1.6334447860717773,
    "initial_dative_mean": -7.195048505799813,
    "final_dative_mean": -6.90201921429899,
    "best_dative_mean": -6.9340346500016095
}