{
    "best_epoch": 66,
    "best_val_performance": -0.2183218526840207,
    "val_performance_metric": "diff",
    "train_loss": 3.3371686935424805,
    "initial_do_mean": -6.417814484509555,
    "final_do_mean": -5.328934552452781,
    "best_do_mean": -5.371957172047008,
    "initial_pp_mean": -5.7400259097417194,
    "final_pp_mean": -4.598475697305467,
    "best_pp_mean": -4.6365072462293835
}