{
    "best_epoch": 44,
    "best_val_performance": 4.734330692291261,
    "val_performance_metric": "diff",
    "train_loss": 2.3474769592285156,
    "initial_do_mean": -6.41717828837308,
    "final_do_mean": -9.238496164842086,
    "best_do_mean": -8.606542458678737,
    "initial_pp_mean": -5.742461620436774,
    "final_pp_mean": -7.361439808209737,
    "best_pp_mean": -6.942867636680603
}