{
    "best_epoch": 70,
    "best_val_performance": -0.28924402554829864,
    "val_performance_metric": "diff",
    "train_loss": 3.6086835861206055,
    "initial_do_mean": -6.635991748174032,
    "final_do_mean": -5.234262032942339,
    "best_do_mean": -5.234262032942339,
    "initial_pp_mean": -5.786925103929308,
    "final_pp_mean": -4.40869959725274,
    "best_pp_mean": -4.40869959725274
}