{
    "best_epoch": 70,
    "best_val_performance": 0.08994138558705611,
    "val_performance_metric": "diff",
    "train_loss": 1.2583441734313965,
    "initial_do_mean": -7.965158239353535,
    "final_do_mean": -5.741017981324085,
    "best_do_mean": -5.741017981324085,
    "initial_pp_mean": -7.579494422323563,
    "final_pp_mean": -4.930617401880377,
    "best_pp_mean": -4.930617401880377
}