{
    "best_epoch": 2,
    "best_val_performance": -0.018841358820597343,
    "val_performance_metric": "diff",
    "train_loss": 5.0581746101379395,
    "initial_pref_do": 0.07714285714285714,
    "final_pref_do": 0.11,
    "best_pref_do": 0.10428571428571429
}