{
    "best_epoch": 44,
    "best_val_performance": 3.792607173919678,
    "val_performance_metric": "diff",
    "train_loss": 1.2912765741348267,
    "initial_do_mean": -7.638452113367791,
    "final_do_mean": -6.792954298299413,
    "best_do_mean": -6.383071973226791,
    "initial_pp_mean": -6.994814248646007,
    "final_pp_mean": -6.201953078368131,
    "best_pp_mean": -5.860981376381481
}