{
    "best_epoch": 70,
    "best_val_performance": -0.4905322758356734,
    "val_performance_metric": "diff",
    "train_loss": 5.937363147735596,
    "initial_dative_mean": -7.2797109550899926,
    "final_dative_mean": -6.842407461146863,
    "best_dative_mean": -6.842407461146863
}