{
    "best_epoch": 70,
    "best_val_performance": 0.20683445612589502,
    "val_performance_metric": "diff",
    "train_loss": 2.424558401107788,
    "initial_do_mean": -7.63830075846162,
    "final_do_mean": -5.272818014025688,
    "best_do_mean": -5.272818014025688,
    "initial_pp_mean": -6.993654283355264,
    "final_pp_mean": -4.776501572833341,
    "best_pp_mean": -4.776501572833341
}