{
    "best_epoch": 70,
    "best_val_performance": 1.0343408250808714,
    "val_performance_metric": "diff",
    "train_loss": 1.836309552192688,
    "initial_dative_mean": -7.57891360256407,
    "final_dative_mean": -6.4523660448210975,
    "best_dative_mean": -6.4523660448210975
}