{
    "best_epoch": 70,
    "best_val_performance": 0.08804113547007208,
    "val_performance_metric": "diff",
    "train_loss": 1.1912732124328613,
    "initial_do_mean": -7.685296999853711,
    "final_do_mean": -6.133302231167638,
    "best_do_mean": -6.133302231167638,
    "initial_pp_mean": -7.172351720052607,
    "final_pp_mean": -5.478548391776926,
    "best_pp_mean": -5.478548391776926
}