{
    "best_epoch": 45,
    "best_val_performance": 0.3050661420822136,
    "val_performance_metric": "diff",
    "train_loss": 1.6148638725280762,
    "initial_dative_mean": -7.3400092243451125,
    "final_dative_mean": -5.06761960537113,
    "best_dative_mean": -4.959390095625705
}