{
    "best_epoch": 60,
    "best_val_performance": 0.32670353094736715,
    "val_performance_metric": "diff",
    "train_loss": 2.377706527709961,
    "initial_dative_mean": -7.26028482363238,
    "final_dative_mean": -5.08246147911451,
    "best_dative_mean": -5.094844546060116
}