{
    "best_epoch": 70,
    "best_val_performance": -0.10270314534505243,
    "val_performance_metric": "diff",
    "train_loss": 4.015711307525635,
    "initial_do_mean": -6.530051735675696,
    "final_do_mean": -5.123166679613518,
    "best_do_mean": -5.123166679613518,
    "initial_pp_mean": -5.897694256570604,
    "final_pp_mean": -4.415890802277459,
    "best_pp_mean": -4.415890802277459
}