{
    "best_epoch": 36,
    "best_val_performance": 0.13654044628143325,
    "val_performance_metric": "diff",
    "train_loss": 1.5407108068466187,
    "initial_pref_do": 0.14714285714285713,
    "final_pref_do": 0.1357142857142857,
    "best_pref_do": 0.1442857142857143
}