{
    "best_epoch": 70,
    "best_val_performance": 0.05643930117289209,
    "val_performance_metric": "diff",
    "train_loss": 1.5579081773757935,
    "initial_do_mean": -6.415731466177738,
    "final_do_mean": -5.086580564036514,
    "best_do_mean": -5.086580564036514,
    "initial_pp_mean": -5.740054697460598,
    "final_pp_mean": -4.2100708961486815,
    "best_pp_mean": -4.2100708961486815
}