{
    "best_epoch": 70,
    "best_val_performance": -0.32463188330332393,
    "val_performance_metric": "diff",
    "train_loss": 3.9063050746917725,
    "initial_do_mean": -6.670158822608717,
    "final_do_mean": -5.465145995400169,
    "best_do_mean": -5.465145995400169,
    "initial_pp_mean": -5.820236221949259,
    "final_pp_mean": -4.718960044119093,
    "best_pp_mean": -4.718960044119093
}