{
    "best_epoch": 35,
    "best_val_performance": 0.0065568828582760474,
    "val_performance_metric": "diff",
    "train_loss": 1.8862906694412231,
    "initial_pref_do": 0.1357142857142857,
    "final_pref_do": 0.13142857142857142,
    "best_pref_do": 0.15714285714285714
}