{
    "best_epoch": 56,
    "best_val_performance": -0.2417068576812742,
    "val_performance_metric": "diff",
    "train_loss": 3.0366270542144775,
    "initial_pref_do": 0.17714285714285713,
    "final_pref_do": 0.19714285714285715,
    "best_pref_do": 0.21142857142857144
}