{
    "best_epoch": 62,
    "best_val_performance": 0.18754889806111663,
    "val_performance_metric": "diff",
    "train_loss": 2.0612239837646484,
    "initial_do_mean": -6.417511353348241,
    "final_do_mean": -4.97858945239674,
    "best_do_mean": -4.996944606665409,
    "initial_pp_mean": -5.7426239622963795,
    "final_pp_mean": -4.452193901273939,
    "best_pp_mean": -4.448377169503106
}