{
    "best_epoch": 70,
    "best_val_performance": 0.08163206259409606,
    "val_performance_metric": "diff",
    "train_loss": 4.783698558807373,
    "initial_do_mean": -6.767470215306138,
    "final_do_mean": -5.293840877937548,
    "best_do_mean": -5.293840877937548,
    "initial_pp_mean": -6.099681088659499,
    "final_pp_mean": -5.0133133146497935,
    "best_pp_mean": -5.0133133146497935
}