{
    "best_epoch": 70,
    "best_val_performance": -0.6455973132451369,
    "val_performance_metric": "diff",
    "train_loss": 5.914318084716797,
    "initial_pref_do": 0.18142857142857144,
    "final_pref_do": 0.2042857142857143,
    "best_pref_do": 0.2042857142857143
}