{
    "best_epoch": 70,
    "best_val_performance": -0.36163493792215995,
    "val_performance_metric": "diff",
    "train_loss": 4.005305767059326,
    "initial_pref_do": 0.12714285714285714,
    "final_pref_do": 0.10285714285714286,
    "best_pref_do": 0.10285714285714286
}