{
    "best_epoch": 70,
    "best_val_performance": 0.27972952047983846,
    "val_performance_metric": "diff",
    "train_loss": 2.177645206451416,
    "initial_dative_mean": -7.19232687092664,
    "final_dative_mean": -4.959510137811739,
    "best_dative_mean": -4.959510137811739
}