{
    "best_epoch": 28,
    "best_val_performance": 1.2834635130564376,
    "val_performance_metric": "diff",
    "train_loss": 2.3138675689697266,
    "initial_do_mean": -6.638178140466864,
    "final_do_mean": -6.781195091478752,
    "best_do_mean": -6.083960339517304,
    "initial_pp_mean": -5.79053336514367,
    "final_pp_mean": -6.140531269709269,
    "best_pp_mean": -5.2494819190767075
}