{
    "best_epoch": 26,
    "best_val_performance": 0.3574873352050787,
    "val_performance_metric": "diff",
    "train_loss": 1.9934179782867432,
    "initial_dative_mean": -7.314516637060377,
    "final_dative_mean": -5.442400910352406,
    "best_dative_mean": -4.699192813439676
}