{
    "best_epoch": 70,
    "best_val_performance": 2.0196313333511346,
    "val_performance_metric": "diff",
    "train_loss": 0.9566240310668945,
    "initial_do_mean": -6.533624523336237,
    "final_do_mean": -6.810900458422574,
    "best_do_mean": -6.810900458422574,
    "initial_pp_mean": -5.902728390693665,
    "final_pp_mean": -6.0583194467756485,
    "best_pp_mean": -6.0583194467756485
}