{
    "best_epoch": 34,
    "best_val_performance": 0.4572087574005126,
    "val_performance_metric": "diff",
    "train_loss": 1.0343893766403198,
    "initial_do_mean": -6.5054330666859945,
    "final_do_mean": -4.71408696752606,
    "best_do_mean": -4.399855349280617,
    "initial_pp_mean": -5.873863951365153,
    "final_pp_mean": -4.219411929448445,
    "best_pp_mean": -3.969985640048981
}