{
    "best_epoch": 70,
    "best_val_performance": 0.2534456284840907,
    "val_performance_metric": "diff",
    "train_loss": 2.4992122650146484,
    "initial_do_mean": -7.701812168886495,
    "final_do_mean": -5.511305462828902,
    "best_do_mean": -5.511305462828902,
    "initial_pp_mean": -7.166791550552143,
    "final_pp_mean": -4.9540429420330945,
    "best_pp_mean": -4.9540429420330945
}