{
    "best_epoch": 46,
    "best_val_performance": -0.05887205918630034,
    "val_performance_metric": "diff",
    "train_loss": 2.142212390899658,
    "initial_pref_do": 0.1357142857142857,
    "final_pref_do": 0.07571428571428572,
    "best_pref_do": 0.08428571428571428
}