{
    "best_epoch": 24,
    "best_val_performance": -0.018042108217874997,
    "val_performance_metric": "diff",
    "train_loss": 1.2234697341918945,
    "initial_do_mean": -7.67346641698549,
    "final_do_mean": -6.053992788805518,
    "best_do_mean": -5.663074908561485,
    "initial_pp_mean": -7.074621352728675,
    "final_pp_mean": -5.331947882035199,
    "best_pp_mean": -4.911032537151786
}