{
    "best_epoch": 35,
    "best_val_performance": 2.5246489524841316,
    "val_performance_metric": "diff",
    "train_loss": 3.029615879058838,
    "initial_do_mean": -6.631053440498583,
    "final_do_mean": -9.402657439491966,
    "best_do_mean": -8.745318320303252,
    "initial_pp_mean": -5.7850372287962175,
    "final_pp_mean": -8.835871315002441,
    "best_pp_mean": -8.77131896018982
}