{
    "best_epoch": 15,
    "best_val_performance": -0.35850024700164784,
    "val_performance_metric": "diff",
    "train_loss": 3.301342725753784,
    "initial_pref_do": 0.08428571428571428,
    "final_pref_do": 0.10714285714285714,
    "best_pref_do": 0.15285714285714286
}