{
    "best_epoch": 37,
    "best_val_performance": 4.177838473320008,
    "val_performance_metric": "diff",
    "train_loss": 1.7898627519607544,
    "initial_do_mean": -7.636517416599185,
    "final_do_mean": -6.572195581572,
    "best_do_mean": -6.194777284250703,
    "initial_pp_mean": -6.994347988156711,
    "final_pp_mean": -6.131180140200783,
    "best_pp_mean": -5.626967362796559
}