{
    "best_epoch": 51,
    "best_val_performance": 0.24455389499664282,
    "val_performance_metric": "diff",
    "train_loss": 2.3877310752868652,
    "initial_do_mean": -6.555626211744366,
    "final_do_mean": -6.763155289852258,
    "best_do_mean": -6.615914545637189,
    "initial_pp_mean": -5.760704445838928,
    "final_pp_mean": -6.766335233052572,
    "best_pp_mean": -6.457275623745389
}