{
    "best_epoch": 67,
    "best_val_performance": 4.981681485176086,
    "val_performance_metric": "diff",
    "train_loss": 1.4875495433807373,
    "initial_do_mean": -7.702664893033893,
    "final_do_mean": -7.595173949765605,
    "best_do_mean": -7.787007278134657,
    "initial_pp_mean": -7.169567509258495,
    "final_pp_mean": -6.583944781036938,
    "best_pp_mean": -6.748705987369313
}