{
    "best_epoch": 70,
    "best_val_performance": 0.406495960553487,
    "val_performance_metric": "diff",
    "train_loss": 1.3237415552139282,
    "initial_pref_do": 0.1357142857142857,
    "final_pref_do": 0.22285714285714286,
    "best_pref_do": 0.22285714285714286
}