{
    "best_epoch": 18,
    "best_val_performance": 1.201388880411784,
    "val_performance_metric": "diff",
    "train_loss": 2.912602424621582,
    "initial_do_mean": -7.673570576102235,
    "final_do_mean": -6.615451352194298,
    "best_do_mean": -6.374601618841637,
    "initial_pp_mean": -7.075505894773147,
    "final_pp_mean": -5.8304025997133815,
    "best_pp_mean": -5.391056877374649
}