{
    "best_epoch": 70,
    "best_val_performance": -0.0661563634872433,
    "val_performance_metric": "diff",
    "train_loss": 3.668825149536133,
    "initial_do_mean": -7.634906750085742,
    "final_do_mean": -5.507256024798681,
    "best_do_mean": -5.507256024798681,
    "initial_pp_mean": -6.990724835676305,
    "final_pp_mean": -5.070907199382782,
    "best_pp_mean": -5.070907199382782
}