{
    "best_epoch": 70,
    "best_val_performance": -0.11320919513702421,
    "val_performance_metric": "diff",
    "train_loss": 3.438858985900879,
    "initial_do_mean": -7.636462730030681,
    "final_do_mean": -5.817440813017446,
    "best_do_mean": -5.817440813017446,
    "initial_pp_mean": -6.993119802895714,
    "final_pp_mean": -5.3955122088684755,
    "best_pp_mean": -5.3955122088684755
}