{
    "best_epoch": 70,
    "best_val_performance": 0.08528296788533574,
    "val_performance_metric": "diff",
    "train_loss": 2.221696376800537,
    "initial_do_mean": -6.6359343788840555,
    "final_do_mean": -4.41945365414475,
    "best_do_mean": -4.41945365414475,
    "initial_pp_mean": -5.787426084942288,
    "final_pp_mean": -3.923279462920295,
    "best_pp_mean": -3.923279462920295
}