{
    "best_epoch": 70,
    "best_val_performance": 1.4880276616414383,
    "val_performance_metric": "diff",
    "train_loss": 1.3788645267486572,
    "initial_do_mean": -7.952755340310031,
    "final_do_mean": -6.390045801220938,
    "best_do_mean": -6.390045801220938,
    "initial_pp_mean": -7.528347850547117,
    "final_pp_mean": -5.600139575846055,
    "best_pp_mean": -5.600139575846055
}