{
    "best_epoch": 36,
    "best_val_performance": 1.2873175748189292,
    "val_performance_metric": "diff",
    "train_loss": 2.104127883911133,
    "initial_dative_mean": -7.607853131336078,
    "final_dative_mean": -6.986485419914737,
    "best_dative_mean": -6.805210753142485
}