{
    "best_epoch": 43,
    "best_val_performance": 0.29063581466674826,
    "val_performance_metric": "diff",
    "train_loss": 2.4830172061920166,
    "initial_pref_do": 0.14714285714285713,
    "final_pref_do": 0.21,
    "best_pref_do": 0.2557142857142857
}