{
    "best_epoch": 70,
    "best_val_performance": -0.31888064702351837,
    "val_performance_metric": "diff",
    "train_loss": 4.959664344787598,
    "initial_pref_do": 0.1457142857142857,
    "final_pref_do": 0.18,
    "best_pref_do": 0.18
}