{
    "best_epoch": 15,
    "best_val_performance": 1.2356859294573468,
    "val_performance_metric": "diff",
    "train_loss": 2.332364082336426,
    "initial_do_mean": -7.958485224219256,
    "final_do_mean": -8.220192617801732,
    "best_do_mean": -7.32040093735207,
    "initial_pp_mean": -7.574027270429275,
    "final_pp_mean": -9.551877018283395,
    "best_pp_mean": -8.12425929518307
}