{
    "best_epoch": 18,
    "best_val_performance": 0.0586508369445804,
    "val_performance_metric": "diff",
    "train_loss": 3.872657537460327,
    "initial_do_mean": -7.692333934612052,
    "final_do_mean": -5.5346600822238035,
    "best_do_mean": -5.366662165106729,
    "initial_pp_mean": -7.292714550915886,
    "final_pp_mean": -4.958387027768528,
    "best_pp_mean": -4.75806156537112
}