{
    "best_epoch": 70,
    "best_val_performance": -0.20207098325093575,
    "val_performance_metric": "diff",
    "train_loss": 4.159067630767822,
    "initial_do_mean": -6.6559978557355475,
    "final_do_mean": -4.906893415162058,
    "best_do_mean": -4.906893415162058,
    "initial_pp_mean": -5.912843892309401,
    "final_pp_mean": -4.33287329143948,
    "best_pp_mean": -4.33287329143948
}