{
    "best_epoch": 34,
    "best_val_performance": 1.4341883341471355,
    "val_performance_metric": "diff",
    "train_loss": 1.9233430624008179,
    "initial_do_mean": -6.50862762855761,
    "final_do_mean": -6.108013648697824,
    "best_do_mean": -5.839704871900154,
    "initial_pp_mean": -5.876121274630228,
    "final_pp_mean": -5.292838729752434,
    "best_pp_mean": -4.963077372974819
}