{
    "best_epoch": 28,
    "best_val_performance": 0.03383452097574846,
    "val_performance_metric": "diff",
    "train_loss": 4.246229648590088,
    "initial_do_mean": -6.553672916238958,
    "final_do_mean": -5.079017854459358,
    "best_do_mean": -5.009135312745065,
    "initial_pp_mean": -5.75949407948388,
    "final_pp_mean": -4.45899133682251,
    "best_pp_mean": -4.4662940263748165
}