{
    "best_epoch": 56,
    "best_val_performance": 0.02342832088470459,
    "val_performance_metric": "diff",
    "train_loss": 2.167513847351074,
    "initial_pref_do": 0.09714285714285714,
    "final_pref_do": 0.14714285714285713,
    "best_pref_do": 0.13714285714285715
}