{
    "best_epoch": 30,
    "best_val_performance": 3.0319572353363045,
    "val_performance_metric": "diff",
    "train_loss": 1.370775818824768,
    "initial_do_mean": -7.672113004811974,
    "final_do_mean": -7.22389310944912,
    "best_do_mean": -6.619117842510689,
    "initial_pp_mean": -7.072577407780815,
    "final_pp_mean": -6.16693324621986,
    "best_pp_mean": -5.330751614710864
}