{
    "best_epoch": 20,
    "best_val_performance": 1.063543631235759,
    "val_performance_metric": "diff",
    "train_loss": 2.4446916580200195,
    "initial_do_mean": -7.633897902660592,
    "final_do_mean": -5.918797089956527,
    "best_do_mean": -5.365363403808239,
    "initial_pp_mean": -6.991370453554041,
    "final_pp_mean": -5.112889848737156,
    "best_pp_mean": -4.500543239186792
}