{
    "best_epoch": 43,
    "best_val_performance": 0.0799983485539757,
    "val_performance_metric": "diff",
    "train_loss": 2.982408046722412,
    "initial_dative_mean": -7.574193573834603,
    "final_dative_mean": -5.510842385522106,
    "best_dative_mean": -5.425941987344396
}