{
    "best_epoch": 68,
    "best_val_performance": 0.2134674644470218,
    "val_performance_metric": "diff",
    "train_loss": 1.7164467573165894,
    "initial_do_mean": -6.539946061914617,
    "final_do_mean": -5.271900282484112,
    "best_do_mean": -5.262490093346798,
    "initial_pp_mean": -5.894875163502164,
    "final_pp_mean": -4.949177885055542,
    "best_pp_mean": -4.922109071413676
}