{
    "best_epoch": 9,
    "best_val_performance": -0.20652389685312933,
    "val_performance_metric": "diff",
    "train_loss": 4.434588432312012,
    "initial_pref_do": 0.15714285714285714,
    "final_pref_do": 0.14285714285714285,
    "best_pref_do": 0.06142857142857143
}