{
    "best_epoch": 70,
    "best_val_performance": -0.2048739767074581,
    "val_performance_metric": "diff",
    "train_loss": 3.9455230236053467,
    "initial_pref_do": 0.15714285714285714,
    "final_pref_do": 0.13428571428571429,
    "best_pref_do": 0.13428571428571429
}