{
    "best_epoch": 70,
    "best_val_performance": 0.8346424102783203,
    "val_performance_metric": "diff",
    "train_loss": 1.2360910177230835,
    "initial_pref_do": 0.1757142857142857,
    "final_pref_do": 0.03142857142857143,
    "best_pref_do": 0.03142857142857143
}