{
    "best_epoch": 50,
    "best_val_performance": 2.550070385932922,
    "val_performance_metric": "diff",
    "train_loss": 1.4147758483886719,
    "initial_do_mean": -7.8422067414882575,
    "final_do_mean": -7.476895802242812,
    "best_do_mean": -7.024467130040014,
    "initial_pp_mean": -7.377365609477548,
    "final_pp_mean": -6.460974703466191,
    "best_pp_mean": -6.011560597489862
}