{
    "best_epoch": 70,
    "best_val_performance": -0.17674065272013362,
    "val_performance_metric": "diff",
    "train_loss": 4.454781532287598,
    "initial_do_mean": -7.600450016038362,
    "final_do_mean": -6.189273181349733,
    "best_do_mean": -6.189273181349733,
    "initial_pp_mean": -7.154804286536049,
    "final_pp_mean": -5.772958415396073,
    "best_pp_mean": -5.772958415396073
}