{
    "best_epoch": 13,
    "best_val_performance": 1.0226475159327189,
    "val_performance_metric": "diff",
    "train_loss": 3.491746664047241,
    "initial_do_mean": -7.689229024011035,
    "final_do_mean": -8.94528389462205,
    "best_do_mean": -7.216477089150008,
    "initial_pp_mean": -7.175821651430691,
    "final_pp_mean": -7.179016152550193,
    "best_pp_mean": -6.176675545818665
}