{
    "best_epoch": 32,
    "best_val_performance": 0.0836634635925293,
    "val_performance_metric": "diff",
    "train_loss": 2.7694804668426514,
    "initial_dative_mean": -7.193449549159111,
    "final_dative_mean": -5.14543358415191,
    "best_dative_mean": -4.915316078746528
}