{
    "best_epoch": 40,
    "best_val_performance": 0.3445065689086917,
    "val_performance_metric": "diff",
    "train_loss": 2.6452443599700928,
    "initial_do_mean": -6.547281379410715,
    "final_do_mean": -4.416900842840021,
    "best_do_mean": -4.178404322537509,
    "initial_pp_mean": -5.902474615308973,
    "final_pp_mean": -3.6436980989244248,
    "best_pp_mean": -3.4851578527026708
}