{
    "best_epoch": 70,
    "best_val_performance": 3.0251363786061605,
    "val_performance_metric": "diff",
    "train_loss": 1.4711679220199585,
    "initial_do_mean": -6.547789365595038,
    "final_do_mean": -5.604230965990009,
    "best_do_mean": -5.604230965990009,
    "initial_pp_mean": -5.901795588599311,
    "final_pp_mean": -4.51447100241979,
    "best_pp_mean": -4.51447100241979
}