{
    "best_epoch": 66,
    "best_val_performance": -0.09656610965728785,
    "val_performance_metric": "diff",
    "train_loss": 2.1803035736083984,
    "initial_pref_do": 0.1757142857142857,
    "final_pref_do": 0.045714285714285714,
    "best_pref_do": 0.04428571428571428
}