{
    "best_epoch": 21,
    "best_val_performance": -0.12522934277852382,
    "val_performance_metric": "diff",
    "train_loss": 2.7821147441864014,
    "initial_do_mean": -6.7524471095114045,
    "final_do_mean": -5.266694550080733,
    "best_do_mean": -4.625987685810436,
    "initial_pp_mean": -6.132308228810628,
    "final_pp_mean": -4.508255938688914,
    "best_pp_mean": -4.040777854124705
}