{
    "best_epoch": 70,
    "best_val_performance": 0.4248391389846802,
    "val_performance_metric": "diff",
    "train_loss": 1.6851019859313965,
    "initial_do_mean": -6.7694170966292875,
    "final_do_mean": -6.902739441033566,
    "best_do_mean": -6.902739441033566,
    "initial_pp_mean": -6.102272860209147,
    "final_pp_mean": -6.225420631302727,
    "best_pp_mean": -6.225420631302727
}