{
    "best_epoch": 32,
    "best_val_performance": -0.1644744761784871,
    "val_performance_metric": "diff",
    "train_loss": 4.639297962188721,
    "initial_pref_do": 0.17857142857142858,
    "final_pref_do": 0.3385714285714286,
    "best_pref_do": 0.2642857142857143
}