{
    "best_epoch": 18,
    "best_val_performance": -0.22008948644002313,
    "val_performance_metric": "diff",
    "train_loss": 4.247694969177246,
    "initial_do_mean": -6.629912549799139,
    "final_do_mean": -5.6995621247725055,
    "best_do_mean": -5.2825451027263295,
    "initial_pp_mean": -5.780112841394213,
    "final_pp_mean": -5.175643216239082,
    "best_pp_mean": -4.620845007896423
}