{
    "best_epoch": 70,
    "best_val_performance": -0.18002827644348152,
    "val_performance_metric": "diff",
    "train_loss": 2.95538067817688,
    "initial_do_mean": -7.6991126218507455,
    "final_do_mean": -5.917634257396986,
    "best_do_mean": -5.917634257396986,
    "initial_pp_mean": -7.165505641348222,
    "final_pp_mean": -5.064594431133831,
    "best_pp_mean": -5.064594431133831
}