{
    "best_epoch": 70,
    "best_val_performance": -0.1751722606023156,
    "val_performance_metric": "diff",
    "train_loss": 3.8418936729431152,
    "initial_dative_mean": -7.200502375761668,
    "final_dative_mean": -5.372919502488354,
    "best_dative_mean": -5.372919502488354
}