{
    "best_epoch": 70,
    "best_val_performance": 0.2718393278121951,
    "val_performance_metric": "diff",
    "train_loss": 2.132918357849121,
    "initial_pref_do": 0.14714285714285713,
    "final_pref_do": 0.19,
    "best_pref_do": 0.19
}