{
    "best_epoch": 65,
    "best_val_performance": 3.9681227588653556,
    "val_performance_metric": "diff",
    "train_loss": 2.1862263679504395,
    "initial_do_mean": -7.961326911005863,
    "final_do_mean": -10.405325301164805,
    "best_do_mean": -10.719395950090053,
    "initial_pp_mean": -7.575338963901295,
    "final_pp_mean": -8.942220221547519,
    "best_pp_mean": -9.239606292808757
}