{
    "best_epoch": 35,
    "best_val_performance": 2.0666899840037036,
    "val_performance_metric": "diff",
    "train_loss": 1.6590934991836548,
    "initial_dative_mean": -7.309196293354034,
    "final_dative_mean": -5.345242431114989,
    "best_dative_mean": -5.263103830274085
}