{
    "best_epoch": 16,
    "best_val_performance": 1.28816053390503,
    "val_performance_metric": "diff",
    "train_loss": 2.8472042083740234,
    "initial_do_mean": -6.5425044117551865,
    "final_do_mean": -5.364191361629602,
    "best_do_mean": -4.272827141212694,
    "initial_pp_mean": -5.897958540916443,
    "final_pp_mean": -5.030957169002956,
    "best_pp_mean": -3.602254189385308
}