{
    "best_epoch": 70,
    "best_val_performance": -0.574369517962138,
    "val_performance_metric": "diff",
    "train_loss": 5.503048896789551,
    "initial_pref_do": 0.09714285714285714,
    "final_pref_do": 0.12142857142857143,
    "best_pref_do": 0.12142857142857143
}