{
    "best_epoch": 50,
    "best_val_performance": 0.4901556841532395,
    "val_performance_metric": "diff",
    "train_loss": 1.7920423746109009,
    "initial_pref_do": 0.17714285714285713,
    "final_pref_do": 0.16714285714285715,
    "best_pref_do": 0.18142857142857144
}