{
    "best_epoch": 70,
    "best_val_performance": 0.07736385027567572,
    "val_performance_metric": "diff",
    "train_loss": 2.783320188522339,
    "initial_pref_do": 0.09714285714285714,
    "final_pref_do": 0.20285714285714285,
    "best_pref_do": 0.20285714285714285
}