{
    "best_epoch": 16,
    "best_val_performance": 0.4297926346460974,
    "val_performance_metric": "diff",
    "train_loss": 2.431452512741089,
    "initial_dative_mean": -7.614334646372767,
    "final_dative_mean": -5.54351297822612,
    "best_dative_mean": -4.824099568072816
}