{
    "best_epoch": 17,
    "best_val_performance": 0.08419038295745818,
    "val_performance_metric": "diff",
    "train_loss": 3.4856417179107666,
    "initial_do_mean": -6.50438271002336,
    "final_do_mean": -5.230586572126909,
    "best_do_mean": -5.0357390721639,
    "initial_pp_mean": -5.872782206535339,
    "final_pp_mean": -4.629476531346639,
    "best_pp_mean": -4.415759054819743
}