{
    "best_epoch": 26,
    "best_val_performance": 1.4479734039306642,
    "val_performance_metric": "diff",
    "train_loss": 2.419076681137085,
    "initial_pref_do": 0.07714285714285714,
    "final_pref_do": 0.07,
    "best_pref_do": 0.09714285714285714
}