{
    "best_epoch": 70,
    "best_val_performance": -0.5671337223052983,
    "val_performance_metric": "diff",
    "train_loss": 6.418013095855713,
    "initial_dative_mean": -7.308358007007175,
    "final_dative_mean": -6.954518781070821,
    "best_dative_mean": -6.954518781070821
}