{
    "best_epoch": 17,
    "best_val_performance": 2.675609579086304,
    "val_performance_metric": "diff",
    "train_loss": 2.714629888534546,
    "initial_do_mean": -7.957905130330906,
    "final_do_mean": -8.52771662002386,
    "best_do_mean": -8.111549136943596,
    "initial_pp_mean": -7.572506700543796,
    "final_pp_mean": -7.369697248585084,
    "best_pp_mean": -6.683709145994747
}