{
    "best_epoch": 30,
    "best_val_performance": 2.3137046098709115,
    "val_performance_metric": "diff",
    "train_loss": 2.5321898460388184,
    "initial_dative_mean": -7.607644505668104,
    "final_dative_mean": -9.232070219621324,
    "best_dative_mean": -7.593974946186557
}