{
    "best_epoch": 30,
    "best_val_performance": 0.32640627066294403,
    "val_performance_metric": "diff",
    "train_loss": 1.3916990756988525,
    "initial_dative_mean": -7.308401200506422,
    "final_dative_mean": -5.721042366752847,
    "best_dative_mean": -5.321572531036466
}