{
    "best_epoch": 42,
    "best_val_performance": 2.7989466587702445,
    "val_performance_metric": "diff",
    "train_loss": 2.5334436893463135,
    "initial_do_mean": -6.767470215306138,
    "final_do_mean": -6.081638217694832,
    "best_do_mean": -6.155341223514442,
    "initial_pp_mean": -6.099681088659499,
    "final_pp_mean": -5.949394234021505,
    "best_pp_mean": -5.890936976008945
}