{
    "best_epoch": 18,
    "best_val_performance": 0.18552681446075425,
    "val_performance_metric": "diff",
    "train_loss": 3.3053061962127686,
    "initial_do_mean": -6.550621474872936,
    "final_do_mean": -5.447870565183235,
    "best_do_mean": -5.1229770934943,
    "initial_pp_mean": -5.904971623420716,
    "final_pp_mean": -4.633641756905449,
    "best_pp_mean": -4.171524455812242
}