{
    "best_epoch": 54,
    "best_val_performance": 0.4143012889226272,
    "val_performance_metric": "diff",
    "train_loss": 1.6678316593170166,
    "initial_pref_do": 0.18142857142857144,
    "final_pref_do": 0.13714285714285715,
    "best_pref_do": 0.14857142857142858
}