{
    "best_epoch": 67,
    "best_val_performance": 1.6797158177693685,
    "val_performance_metric": "diff",
    "train_loss": 1.5835864543914795,
    "initial_do_mean": -6.654504803455237,
    "final_do_mean": -5.308370918216127,
    "best_do_mean": -5.276303820176558,
    "initial_pp_mean": -5.912608708275689,
    "final_pp_mean": -4.815044413672553,
    "best_pp_mean": -4.797855326864455
}