{
    "best_epoch": 25,
    "best_val_performance": 2.6804953225453696,
    "val_performance_metric": "diff",
    "train_loss": 3.222801685333252,
    "initial_do_mean": -7.636378938375517,
    "final_do_mean": -11.44809917169948,
    "best_do_mean": -7.308998093355534,
    "initial_pp_mean": -6.9936891408527595,
    "final_pp_mean": -10.935467021605549,
    "best_pp_mean": -5.841328109713162
}