{
    "best_epoch": 70,
    "best_val_performance": -0.5518926779429121,
    "val_performance_metric": "diff",
    "train_loss": 6.124006271362305,
    "initial_dative_mean": -7.259172887830009,
    "final_dative_mean": -7.01426242806061,
    "best_dative_mean": -7.01426242806061
}