{
    "best_epoch": 70,
    "best_val_performance": 0.3287334140141809,
    "val_performance_metric": "diff",
    "train_loss": 2.540538787841797,
    "initial_dative_mean": -7.19586239781296,
    "final_dative_mean": -5.293997600936053,
    "best_dative_mean": -5.293997600936053
}