{
    "best_epoch": 34,
    "best_val_performance": 3.052750627199808,
    "val_performance_metric": "diff",
    "train_loss": 2.3918368816375732,
    "initial_do_mean": -7.67374668149061,
    "final_do_mean": -9.56273176226505,
    "best_do_mean": -6.894834006595057,
    "initial_pp_mean": -7.074339033575619,
    "final_pp_mean": -8.403972000935498,
    "best_pp_mean": -5.988568043708801
}