{
    "best_epoch": 70,
    "best_val_performance": -0.32733129501342795,
    "val_performance_metric": "diff",
    "train_loss": 3.798906087875366,
    "initial_dative_mean": -7.608695251202723,
    "final_dative_mean": -6.243865035605013,
    "best_dative_mean": -6.243865035605013
}