{
    "best_epoch": 70,
    "best_val_performance": 2.4750757869084676,
    "val_performance_metric": "diff",
    "train_loss": 2.009650468826294,
    "initial_do_mean": -6.550005622343583,
    "final_do_mean": -5.5623849753177526,
    "best_do_mean": -5.5623849753177526,
    "initial_pp_mean": -5.904119269053141,
    "final_pp_mean": -5.660759523179796,
    "best_pp_mean": -5.660759523179796
}