{
    "best_epoch": 70,
    "best_val_performance": -0.023599688212077474,
    "val_performance_metric": "diff",
    "train_loss": 3.628969669342041,
    "initial_do_mean": -6.5343214006134955,
    "final_do_mean": -5.166740570646343,
    "best_do_mean": -5.166740570646343,
    "initial_pp_mean": -5.902640353308784,
    "final_pp_mean": -4.362475294537014,
    "best_pp_mean": -4.362475294537014
}