{
    "best_epoch": 70,
    "best_val_performance": 1.6526137892405188,
    "val_performance_metric": "diff",
    "train_loss": 1.5589154958724976,
    "initial_pref_do": 0.17714285714285713,
    "final_pref_do": 0.1442857142857143,
    "best_pref_do": 0.1442857142857143
}