{
    "best_epoch": 6,
    "best_val_performance": -0.18219347159067834,
    "val_performance_metric": "diff",
    "train_loss": 3.224155902862549,
    "initial_pref_do": 0.1357142857142857,
    "final_pref_do": 0.07142857142857142,
    "best_pref_do": 0.07714285714285714
}