{
    "best_epoch": 23,
    "best_val_performance": 0.13997239907582593,
    "val_performance_metric": "diff",
    "train_loss": 3.4657092094421387,
    "initial_do_mean": -7.689270586468453,
    "final_do_mean": -5.662507255063501,
    "best_do_mean": -5.790554566438808,
    "initial_pp_mean": -7.254004951785593,
    "final_pp_mean": -5.137311948046965,
    "best_pp_mean": -5.105435478336671
}