{
    "best_epoch": 66,
    "best_val_performance": 0.38525542259216294,
    "val_performance_metric": "diff",
    "train_loss": 2.4689576625823975,
    "initial_do_mean": -6.655851076588486,
    "final_do_mean": -4.51124730832649,
    "best_do_mean": -4.467370212439334,
    "initial_pp_mean": -5.914641348520915,
    "final_pp_mean": -3.9767114983664618,
    "best_pp_mean": -3.9463295777638754
}