{
    "best_epoch": 14,
    "best_val_performance": 0.22854660987854025,
    "val_performance_metric": "diff",
    "train_loss": 4.068227291107178,
    "initial_do_mean": -7.67266385777052,
    "final_do_mean": -5.869023900738982,
    "best_do_mean": -5.241765441243039,
    "initial_pp_mean": -7.0725223106496475,
    "final_pp_mean": -5.098777868467219,
    "best_pp_mean": -4.375738256117877
}