{
    "best_epoch": 59,
    "best_val_performance": 0.21218683401743554,
    "val_performance_metric": "diff",
    "train_loss": 1.2864938974380493,
    "initial_pref_do": 0.09714285714285714,
    "final_pref_do": 0.04,
    "best_pref_do": 0.05142857142857143
}