{
    "best_epoch": 19,
    "best_val_performance": 0.27960394859313986,
    "val_performance_metric": "diff",
    "train_loss": 2.026442766189575,
    "initial_do_mean": -6.557063159075651,
    "final_do_mean": -4.989213837999286,
    "best_do_mean": -4.4968444101738205,
    "initial_pp_mean": -5.76266036828359,
    "final_pp_mean": -4.279536236657036,
    "best_pp_mean": -3.9525681363211738
}