{
    "best_epoch": 70,
    "best_val_performance": -0.15175086339314792,
    "val_performance_metric": "diff",
    "train_loss": 3.640113592147827,
    "initial_pref_do": 0.07714285714285714,
    "final_pref_do": 0.2257142857142857,
    "best_pref_do": 0.2257142857142857
}