{
    "best_epoch": 70,
    "best_val_performance": -0.5731281169255569,
    "val_performance_metric": "diff",
    "train_loss": 6.561709880828857,
    "initial_pref_do": 0.17714285714285713,
    "final_pref_do": 0.1957142857142857,
    "best_pref_do": 0.1957142857142857
}