{
    "best_epoch": 70,
    "best_val_performance": 1.9017745049794517,
    "val_performance_metric": "diff",
    "train_loss": 1.1218838691711426,
    "initial_pref_do": 0.18142857142857144,
    "final_pref_do": 0.05857142857142857,
    "best_pref_do": 0.05857142857142857
}