{
    "best_epoch": 42,
    "best_val_performance": 0.46038716316223116,
    "val_performance_metric": "diff",
    "train_loss": 3.0237770080566406,
    "initial_do_mean": -6.765896539977103,
    "final_do_mean": -4.473863197095467,
    "best_do_mean": -4.194216504241481,
    "initial_pp_mean": -6.099202179908753,
    "final_pp_mean": -4.092395068539513,
    "best_pp_mean": -3.8133128338389928
}