{
    "best_epoch": 70,
    "best_val_performance": 0.08666606585184766,
    "val_performance_metric": "diff",
    "train_loss": 2.808793783187866,
    "initial_pref_do": 0.08428571428571428,
    "final_pref_do": 0.032857142857142856,
    "best_pref_do": 0.032857142857142856
}