{
    "best_epoch": 58,
    "best_val_performance": 3.6179430373509724,
    "val_performance_metric": "diff",
    "train_loss": 2.366656541824341,
    "initial_dative_mean": -7.259229300663486,
    "final_dative_mean": -9.161947620542426,
    "best_dative_mean": -9.154730904346321
}