{
    "best_epoch": 70,
    "best_val_performance": -0.12946393013000446,
    "val_performance_metric": "diff",
    "train_loss": 2.96101975440979,
    "initial_dative_mean": -7.308433901148232,
    "final_dative_mean": -5.430469156531562,
    "best_dative_mean": -5.430469156531562
}