{
    "best_epoch": 70,
    "best_val_performance": -0.3251643212636308,
    "val_performance_metric": "diff",
    "train_loss": 2.817493200302124,
    "initial_do_mean": -7.634885796280795,
    "final_do_mean": -6.228950035433437,
    "best_do_mean": -6.228950035433437,
    "initial_pp_mean": -6.992452031724593,
    "final_pp_mean": -5.795704690147849,
    "best_pp_mean": -5.795704690147849
}