{
    "best_epoch": 70,
    "best_val_performance": -0.15611227035522468,
    "val_performance_metric": "diff",
    "train_loss": 3.082597255706787,
    "initial_pref_do": 0.14714285714285713,
    "final_pref_do": 0.11857142857142858,
    "best_pref_do": 0.11857142857142858
}