{
    "best_epoch": 37,
    "best_val_performance": 0.4146382633845018,
    "val_performance_metric": "diff",
    "train_loss": 2.5894596576690674,
    "initial_do_mean": -7.697637255108634,
    "final_do_mean": -5.840538848624673,
    "best_do_mean": -5.680912109308465,
    "initial_pp_mean": -7.299266558534959,
    "final_pp_mean": -5.313074079681845,
    "best_pp_mean": -5.14686904759968
}