{
    "best_epoch": 62,
    "best_val_performance": 0.04219889799753762,
    "val_performance_metric": "diff",
    "train_loss": 2.3872759342193604,
    "initial_do_mean": -7.696274442728176,
    "final_do_mean": -5.679719376009564,
    "best_do_mean": -5.684797037479489,
    "initial_pp_mean": -7.29728324062684,
    "final_pp_mean": -4.811888903730056,
    "best_pp_mean": -4.83256150729516
}