{
    "best_epoch": 70,
    "best_val_performance": -0.1292549085617063,
    "val_performance_metric": "diff",
    "train_loss": 2.870208263397217,
    "initial_pref_do": 0.18142857142857144,
    "final_pref_do": 0.24428571428571427,
    "best_pref_do": 0.24428571428571427
}