{
    "best_epoch": 70,
    "best_val_performance": -0.03822177410125782,
    "val_performance_metric": "diff",
    "train_loss": 2.5342001914978027,
    "initial_do_mean": -6.6727071675387295,
    "final_do_mean": -4.696492013064298,
    "best_do_mean": -4.696492013064298,
    "initial_pp_mean": -5.823562063111199,
    "final_pp_mean": -4.236146007643805,
    "best_pp_mean": -4.236146007643805
}