{
    "best_epoch": 55,
    "best_val_performance": 6.118346195220948,
    "val_performance_metric": "diff",
    "train_loss": 2.469902753829956,
    "initial_do_mean": -6.421881548563639,
    "final_do_mean": -6.970698735208222,
    "best_do_mean": -7.460349480311076,
    "initial_pp_mean": -5.7450141615337795,
    "final_pp_mean": -6.244289451175266,
    "best_pp_mean": -6.6225504371855
}