{
    "best_epoch": 31,
    "best_val_performance": 2.338860403696695,
    "val_performance_metric": "diff",
    "train_loss": 2.453237533569336,
    "initial_do_mean": -7.673041070616523,
    "final_do_mean": -6.247770264051681,
    "best_do_mean": -5.690185991137526,
    "initial_pp_mean": -7.0745091929155235,
    "final_pp_mean": -5.2194874689859505,
    "best_pp_mean": -4.69847304856076
}