{
    "best_epoch": 21,
    "best_val_performance": 0.46958549499511726,
    "val_performance_metric": "diff",
    "train_loss": 3.549665927886963,
    "initial_do_mean": -6.633962498289166,
    "final_do_mean": -10.87978221430923,
    "best_do_mean": -7.016074288975108,
    "initial_pp_mean": -5.783480962117513,
    "final_pp_mean": -10.012301434410944,
    "best_pp_mean": -6.424740942319234
}