{
    "best_epoch": 70,
    "best_val_performance": -0.12961566607157415,
    "val_performance_metric": "diff",
    "train_loss": 2.982731342315674,
    "initial_do_mean": -7.634877299153527,
    "final_do_mean": -5.778967918351639,
    "best_do_mean": -5.778967918351639,
    "initial_pp_mean": -6.992070816544926,
    "final_pp_mean": -5.258616442540113,
    "best_pp_mean": -5.258616442540113
}