{
    "best_epoch": 70,
    "best_val_performance": -0.5729397773742679,
    "val_performance_metric": "diff",
    "train_loss": 6.566262722015381,
    "initial_pref_do": 0.17714285714285713,
    "final_pref_do": 0.20857142857142857,
    "best_pref_do": 0.20857142857142857
}