{
    "best_epoch": 45,
    "best_val_performance": 0.23291632811228435,
    "val_performance_metric": "diff",
    "train_loss": 2.2804603576660156,
    "initial_do_mean": -7.70189024611961,
    "final_do_mean": -5.856031556462133,
    "best_do_mean": -5.758250758051872,
    "initial_pp_mean": -7.168598919756272,
    "final_pp_mean": -4.949595361246782,
    "best_pp_mean": -4.911113581937902
}