{
    "best_epoch": 23,
    "best_val_performance": 4.616333548227946,
    "val_performance_metric": "diff",
    "train_loss": 2.917062520980835,
    "initial_do_mean": -7.6000277476255285,
    "final_do_mean": -7.330860031205554,
    "best_do_mean": -6.344097427504007,
    "initial_pp_mean": -7.155272511874928,
    "final_pp_mean": -5.947073203675887,
    "best_pp_mean": -5.451040089481017
}