{
    "best_epoch": 70,
    "best_val_performance": -0.21282655874888068,
    "val_performance_metric": "diff",
    "train_loss": 3.4410336017608643,
    "initial_pref_do": 0.18142857142857144,
    "final_pref_do": 0.25285714285714284,
    "best_pref_do": 0.25285714285714284
}