{
    "best_epoch": 23,
    "best_val_performance": -0.07089219570159955,
    "val_performance_metric": "diff",
    "train_loss": 2.6994705200195312,
    "initial_pref_do": 0.12714285714285714,
    "final_pref_do": 0.06142857142857143,
    "best_pref_do": 0.04428571428571428
}