{
    "best_epoch": 22,
    "best_val_performance": 0.6620697577794399,
    "val_performance_metric": "diff",
    "train_loss": 1.8350611925125122,
    "initial_pref_do": 0.1357142857142857,
    "final_pref_do": 0.08428571428571428,
    "best_pref_do": 0.047142857142857146
}