{
    "best_epoch": 30,
    "best_val_performance": 0.5336250750223801,
    "val_performance_metric": "diff",
    "train_loss": 3.505779266357422,
    "initial_do_mean": -7.958399164122205,
    "final_do_mean": -5.1677882626306175,
    "best_do_mean": -5.269265639574029,
    "initial_pp_mean": -7.531758126791786,
    "final_pp_mean": -4.745013465250239,
    "best_pp_mean": -4.876050547641866
}