{
    "best_epoch": 25,
    "best_val_performance": 3.027254959742228,
    "val_performance_metric": "diff",
    "train_loss": 2.689805507659912,
    "initial_do_mean": -6.745792530522202,
    "final_do_mean": -6.835798769286185,
    "best_do_mean": -7.0421704610188804,
    "initial_pp_mean": -6.127091913753086,
    "final_pp_mean": -5.243766175376044,
    "best_pp_mean": -5.756648471620347
}