{
    "best_epoch": 70,
    "best_val_performance": -0.5577842871348064,
    "val_performance_metric": "diff",
    "train_loss": 5.131932258605957,
    "initial_pref_do": 0.08428571428571428,
    "final_pref_do": 0.08428571428571428,
    "best_pref_do": 0.08428571428571428
}