{
    "best_epoch": 70,
    "best_val_performance": 2.5133244943618767,
    "val_performance_metric": "diff",
    "train_loss": 1.71627676486969,
    "initial_dative_mean": -7.317833377952464,
    "final_dative_mean": -6.47652520500777,
    "best_dative_mean": -6.47652520500777
}