{
    "best_epoch": 64,
    "best_val_performance": 0.2743999322255446,
    "val_performance_metric": "diff",
    "train_loss": 2.133800506591797,
    "initial_pref_do": 0.07714285714285714,
    "final_pref_do": 0.037142857142857144,
    "best_pref_do": 0.03571428571428571
}