{
    "best_epoch": 70,
    "best_val_performance": -0.2468995396296183,
    "val_performance_metric": "diff",
    "train_loss": 4.2059783935546875,
    "initial_dative_mean": -7.19603464164232,
    "final_dative_mean": -5.353989279061033,
    "best_dative_mean": -5.353989279061033
}