{
    "best_epoch": 70,
    "best_val_performance": -0.22767840067545553,
    "val_performance_metric": "diff",
    "train_loss": 2.891422986984253,
    "initial_do_mean": -7.636536964150363,
    "final_do_mean": -6.092377076661864,
    "best_do_mean": -6.092377076661864,
    "initial_pp_mean": -6.991298737946678,
    "final_pp_mean": -5.30140693398083,
    "best_pp_mean": -5.30140693398083
}