{
    "best_epoch": 46,
    "best_val_performance": 0.028221413294474473,
    "val_performance_metric": "diff",
    "train_loss": 2.9228157997131348,
    "initial_pref_do": 0.18142857142857144,
    "final_pref_do": 0.5557142857142857,
    "best_pref_do": 0.48857142857142855
}