{
    "best_epoch": 25,
    "best_val_performance": -0.0794607702891037,
    "val_performance_metric": "diff",
    "train_loss": 2.453859806060791,
    "initial_dative_mean": -7.309922133621416,
    "final_dative_mean": -5.92065149911663,
    "best_dative_mean": -5.555881532660702
}