{
    "best_epoch": 20,
    "best_val_performance": 0.2559556102752687,
    "val_performance_metric": "diff",
    "train_loss": 2.645812511444092,
    "initial_do_mean": -7.691199233365613,
    "final_do_mean": -5.906776451440745,
    "best_do_mean": -5.443336187753567,
    "initial_pp_mean": -7.256029360434589,
    "final_pp_mean": -5.313097135810291,
    "best_pp_mean": -4.999518175686107
}