{
    "best_epoch": 21,
    "best_val_performance": 0.7743205070495609,
    "val_performance_metric": "diff",
    "train_loss": 2.142669677734375,
    "initial_do_mean": -6.6379590309027465,
    "final_do_mean": -6.197801746021618,
    "best_do_mean": -5.0401893948063705,
    "initial_pp_mean": -5.786194324493408,
    "final_pp_mean": -5.320712139871385,
    "best_pp_mean": -4.307850249608358
}