{
    "best_epoch": 37,
    "best_val_performance": -0.3765412553151446,
    "val_performance_metric": "diff",
    "train_loss": 5.197737216949463,
    "initial_pref_do": 0.17857142857142858,
    "final_pref_do": 0.27,
    "best_pref_do": 0.2714285714285714
}