{
    "best_epoch": 25,
    "best_val_performance": 2.8102747058868403,
    "val_performance_metric": "diff",
    "train_loss": 2.147568464279175,
    "initial_do_mean": -7.70529217498247,
    "final_do_mean": -6.972569773710052,
    "best_do_mean": -6.37245062236176,
    "initial_pp_mean": -7.172132398801692,
    "final_pp_mean": -6.3673018455505375,
    "best_pp_mean": -5.419839163036907
}