{
    "best_epoch": 22,
    "best_val_performance": -0.17491886297861736,
    "val_performance_metric": "diff",
    "train_loss": 2.663806915283203,
    "initial_pref_do": 0.15714285714285714,
    "final_pref_do": 0.18285714285714286,
    "best_pref_do": 0.19428571428571428
}