{
    "best_epoch": 38,
    "best_val_performance": 2.7771747493743906,
    "val_performance_metric": "diff",
    "train_loss": 2.3187859058380127,
    "initial_dative_mean": -7.614623682192194,
    "final_dative_mean": -10.304136476147244,
    "best_dative_mean": -9.589310113623826
}