{
    "best_epoch": 61,
    "best_val_performance": 0.22936669667561826,
    "val_performance_metric": "diff",
    "train_loss": 2.188115119934082,
    "initial_do_mean": -7.6381120834239695,
    "final_do_mean": -5.61267876902292,
    "best_do_mean": -5.551096649710522,
    "initial_pp_mean": -6.99369270661298,
    "final_pp_mean": -4.969932561762192,
    "best_pp_mean": -4.939144680429908
}