{
    "best_epoch": 21,
    "best_val_performance": 2.017671089172363,
    "val_performance_metric": "diff",
    "train_loss": 3.207887649536133,
    "initial_do_mean": -7.956282097932904,
    "final_do_mean": -7.798267115340677,
    "best_do_mean": -5.015038205440654,
    "initial_pp_mean": -7.530750064288869,
    "final_pp_mean": -6.9115538144812865,
    "best_pp_mean": -4.431175740326152
}