{
    "best_epoch": 13,
    "best_val_performance": 0.23643644968668553,
    "val_performance_metric": "diff",
    "train_loss": 3.8825883865356445,
    "initial_do_mean": -7.959823231364405,
    "final_do_mean": -10.096412264330443,
    "best_do_mean": -7.767256191303564,
    "initial_pp_mean": -7.574281588722678,
    "final_pp_mean": -9.08775314022513,
    "best_pp_mean": -6.8427557440365065
}