{
    "best_epoch": 45,
    "best_val_performance": 4.400158885320026,
    "val_performance_metric": "diff",
    "train_loss": 1.458176612854004,
    "initial_pref_do": 0.17714285714285713,
    "final_pref_do": 0.18714285714285714,
    "best_pref_do": 0.1957142857142857
}