{
    "best_epoch": 70,
    "best_val_performance": 0.173813115755717,
    "val_performance_metric": "diff",
    "train_loss": 1.9480308294296265,
    "initial_pref_do": 0.07714285714285714,
    "final_pref_do": 0.2557142857142857,
    "best_pref_do": 0.2557142857142857
}