{
    "best_epoch": 70,
    "best_val_performance": 0.09771408398946058,
    "val_performance_metric": "diff",
    "train_loss": 2.470201015472412,
    "initial_pref_do": 0.08285714285714285,
    "final_pref_do": 0.024285714285714285,
    "best_pref_do": 0.024285714285714285
}