{
    "best_epoch": 35,
    "best_val_performance": 1.1675866715113319,
    "val_performance_metric": "diff",
    "train_loss": 1.6495901346206665,
    "initial_do_mean": -7.6911810886028205,
    "final_do_mean": -7.5029290796712385,
    "best_do_mean": -6.121335227129071,
    "initial_pp_mean": -7.176219648473403,
    "final_pp_mean": -6.514113119419883,
    "best_pp_mean": -5.044856261856416
}