{
    "best_epoch": 22,
    "best_val_performance": 0.17702692826588873,
    "val_performance_metric": "diff",
    "train_loss": 3.598851203918457,
    "initial_do_mean": -6.421032818880948,
    "final_do_mean": -5.232350758350257,
    "best_do_mean": -4.690616091814908,
    "initial_pp_mean": -5.7444792217678495,
    "final_pp_mean": -4.633081497086419,
    "best_pp_mean": -4.1348915444480046
}