{
    "best_epoch": 70,
    "best_val_performance": -0.23991524060567215,
    "val_performance_metric": "diff",
    "train_loss": 4.257204532623291,
    "initial_do_mean": -7.687968507755635,
    "final_do_mean": -6.319240247440892,
    "best_do_mean": -6.319240247440892,
    "initial_pp_mean": -7.174087715148926,
    "final_pp_mean": -5.687103630514706,
    "best_pp_mean": -5.687103630514706
}