{
    "best_epoch": 70,
    "best_val_performance": 0.3731998030344643,
    "val_performance_metric": "diff",
    "train_loss": 1.7077873945236206,
    "initial_pref_do": 0.18,
    "final_pref_do": 0.2914285714285714,
    "best_pref_do": 0.2914285714285714
}