{
    "best_epoch": 70,
    "best_val_performance": -0.728762273788452,
    "val_performance_metric": "diff",
    "train_loss": 6.123441696166992,
    "initial_pref_do": 0.12714285714285714,
    "final_pref_do": 0.14,
    "best_pref_do": 0.14
}