{
    "best_epoch": 16,
    "best_val_performance": 0.02673854827880806,
    "val_performance_metric": "diff",
    "train_loss": 3.4659759998321533,
    "initial_do_mean": -7.598787094271461,
    "final_do_mean": -5.920446220525475,
    "best_do_mean": -5.580012516226879,
    "initial_pp_mean": -7.154875401889576,
    "final_pp_mean": -5.231293772949892,
    "best_pp_mean": -5.015562044872957
}