{
    "best_epoch": 70,
    "best_val_performance": -0.652403786977132,
    "val_performance_metric": "diff",
    "train_loss": 5.448363304138184,
    "initial_dative_mean": -7.20003892211189,
    "final_dative_mean": -6.9586333904350015,
    "best_dative_mean": -6.9586333904350015
}