{
    "best_epoch": 70,
    "best_val_performance": -0.222610295613606,
    "val_performance_metric": "diff",
    "train_loss": 3.2495319843292236,
    "initial_dative_mean": -7.200165169280872,
    "final_dative_mean": -5.694089511158871,
    "best_dative_mean": -5.694089511158871
}