{
    "best_epoch": 31,
    "best_val_performance": 3.1994418493906647,
    "val_performance_metric": "diff",
    "train_loss": 2.3541276454925537,
    "initial_do_mean": -7.694427018941835,
    "final_do_mean": -8.000614754682363,
    "best_do_mean": -7.192008868899456,
    "initial_pp_mean": -7.29587141976637,
    "final_pp_mean": -6.903608611050774,
    "best_pp_mean": -6.239984608047148
}