{
    "best_epoch": 67,
    "best_val_performance": 0.017483824094136402,
    "val_performance_metric": "diff",
    "train_loss": 1.6003634929656982,
    "initial_pref_do": 0.17714285714285713,
    "final_pref_do": 0.07714285714285714,
    "best_pref_do": 0.08
}