{
    "best_epoch": 25,
    "best_val_performance": -0.0012258418401085436,
    "val_performance_metric": "diff",
    "train_loss": 2.6551151275634766,
    "initial_do_mean": -7.635158849316974,
    "final_do_mean": -5.8700844603915545,
    "best_do_mean": -5.246493641373723,
    "initial_pp_mean": -6.992649008246029,
    "final_pp_mean": -5.50137814914479,
    "best_pp_mean": -4.947607087387758
}