{
    "best_epoch": 12,
    "best_val_performance": -0.11199590682983462,
    "val_performance_metric": "diff",
    "train_loss": 2.461242914199829,
    "initial_dative_mean": -7.343127475147359,
    "final_dative_mean": -5.843739533459234,
    "best_dative_mean": -5.223082823537246
}