{
    "best_epoch": 70,
    "best_val_performance": -0.34036338647206676,
    "val_performance_metric": "diff",
    "train_loss": 2.9820988178253174,
    "initial_do_mean": -6.420245238506433,
    "final_do_mean": -5.253882265090942,
    "best_do_mean": -5.253882265090942,
    "initial_pp_mean": -5.743351093928019,
    "final_pp_mean": -4.624884658389622,
    "best_pp_mean": -4.624884658389622
}