{
    "best_epoch": 57,
    "best_val_performance": 4.036518745422363,
    "val_performance_metric": "diff",
    "train_loss": 2.0098226070404053,
    "initial_pref_do": 0.09714285714285714,
    "final_pref_do": 0.18571428571428572,
    "best_pref_do": 0.1957142857142857
}