{
    "best_epoch": 52,
    "best_val_performance": 2.220437641143799,
    "val_performance_metric": "diff",
    "train_loss": 1.9054449796676636,
    "initial_do_mean": -6.539193868637085,
    "final_do_mean": -5.665267093253858,
    "best_do_mean": -5.6409918944040935,
    "initial_pp_mean": -5.907135865423414,
    "final_pp_mean": -5.257653318511116,
    "best_pp_mean": -5.227437376976013
}