{
    "best_epoch": 52,
    "best_val_performance": 0.2690252987543742,
    "val_performance_metric": "diff",
    "train_loss": 1.7086737155914307,
    "initial_pref_do": 0.08428571428571428,
    "final_pref_do": 0.10285714285714286,
    "best_pref_do": 0.08571428571428572
}