{
    "best_epoch": 65,
    "best_val_performance": 0.30192098617553764,
    "val_performance_metric": "diff",
    "train_loss": 3.2529470920562744,
    "initial_pref_do": 0.1357142857142857,
    "final_pref_do": 0.19428571428571428,
    "best_pref_do": 0.1657142857142857
}