{
    "best_epoch": 70,
    "best_val_performance": -0.2044107087453204,
    "val_performance_metric": "diff",
    "train_loss": 3.1837213039398193,
    "initial_dative_mean": -7.308116672680392,
    "final_dative_mean": -5.984069222246695,
    "best_dative_mean": -5.984069222246695
}