{
    "best_epoch": 61,
    "best_val_performance": -0.07947447299957311,
    "val_performance_metric": "diff",
    "train_loss": 2.626380681991577,
    "initial_do_mean": -6.510156481193774,
    "final_do_mean": -5.217428294095126,
    "best_do_mean": -5.151463877071034,
    "initial_pp_mean": -5.877273281415303,
    "final_pp_mean": -4.577263286378648,
    "best_pp_mean": -4.538077436553108
}