{
    "best_epoch": 29,
    "best_val_performance": 0.270975054105123,
    "val_performance_metric": "diff",
    "train_loss": 3.3279237747192383,
    "initial_do_mean": -6.765879891135476,
    "final_do_mean": -5.062910043832027,
    "best_do_mean": -4.511434725559119,
    "initial_pp_mean": -6.100081208017137,
    "final_pp_mean": -4.335373494360182,
    "best_pp_mean": -3.9379022757212323
}