{
    "best_epoch": 15,
    "best_val_performance": -0.0918517510096235,
    "val_performance_metric": "diff",
    "train_loss": 2.7730915546417236,
    "initial_do_mean": -6.657470054337472,
    "final_do_mean": -5.596087714397546,
    "best_do_mean": -5.004783309589733,
    "initial_pp_mean": -5.916285130712721,
    "final_pp_mean": -4.831589571634928,
    "best_pp_mean": -4.293677163124085
}