{
    "best_epoch": 70,
    "best_val_performance": -0.1075407616297408,
    "val_performance_metric": "diff",
    "train_loss": 3.669745922088623,
    "initial_do_mean": -7.8393880586291464,
    "final_do_mean": -6.299830478291179,
    "best_do_mean": -6.299830478291179,
    "initial_pp_mean": -7.375106368345373,
    "final_pp_mean": -5.483963477611542,
    "best_pp_mean": -5.483963477611542
}