{
    "best_epoch": 34,
    "best_val_performance": 0.9708138624827072,
    "val_performance_metric": "diff",
    "train_loss": 2.0131444931030273,
    "initial_do_mean": -6.766890296069058,
    "final_do_mean": -6.361789349353675,
    "best_do_mean": -6.0845097484010635,
    "initial_pp_mean": -6.099345376756456,
    "final_pp_mean": -5.896163643731011,
    "best_pp_mean": -5.648722728093465
}