{
    "best_epoch": 70,
    "best_val_performance": 0.0733662001291906,
    "val_performance_metric": "diff",
    "train_loss": 1.7427549362182617,
    "initial_do_mean": -6.65898551940918,
    "final_do_mean": -5.387080883257317,
    "best_do_mean": -5.387080883257317,
    "initial_pp_mean": -5.917909389071994,
    "final_pp_mean": -4.86654228899214,
    "best_pp_mean": -4.86654228899214
}