{
    "best_epoch": 70,
    "best_val_performance": -0.31602896531422875,
    "val_performance_metric": "diff",
    "train_loss": 3.038846492767334,
    "initial_pref_do": 0.08285714285714285,
    "final_pref_do": 0.12285714285714286,
    "best_pref_do": 0.12285714285714286
}