{
    "best_epoch": 22,
    "best_val_performance": 0.2658963155746461,
    "val_performance_metric": "diff",
    "train_loss": 3.853785753250122,
    "initial_pref_do": 0.18142857142857144,
    "final_pref_do": 0.1957142857142857,
    "best_pref_do": 0.24714285714285714
}