{
    "best_epoch": 70,
    "best_val_performance": -0.4040449031194049,
    "val_performance_metric": "diff",
    "train_loss": 3.723123550415039,
    "initial_dative_mean": -7.309312929186905,
    "final_dative_mean": -5.794520838915953,
    "best_dative_mean": -5.794520838915953
}