{
    "best_epoch": 29,
    "best_val_performance": 0.22375844796498612,
    "val_performance_metric": "diff",
    "train_loss": 2.2513628005981445,
    "initial_dative_mean": -7.188417490811376,
    "final_dative_mean": -5.651559304249914,
    "best_dative_mean": -5.431134222369445
}