{
    "best_epoch": 14,
    "best_val_performance": 2.0697762743632007,
    "val_performance_metric": "diff",
    "train_loss": 3.1007704734802246,
    "initial_do_mean": -6.543453353824037,
    "final_do_mean": -7.514030790328979,
    "best_do_mean": -4.024911958521063,
    "initial_pp_mean": -5.8989867342842945,
    "final_pp_mean": -5.849965511427985,
    "best_pp_mean": -3.653348712126414
}