{
    "best_epoch": 40,
    "best_val_performance": 0.7638442166646326,
    "val_performance_metric": "diff",
    "train_loss": 1.9746241569519043,
    "initial_pref_do": 0.15714285714285714,
    "final_pref_do": 0.10142857142857142,
    "best_pref_do": 0.11142857142857143
}