{
    "best_epoch": 12,
    "best_val_performance": 0.47471467812856094,
    "val_performance_metric": "diff",
    "train_loss": 3.2532479763031006,
    "initial_dative_mean": -7.46896228072239,
    "final_dative_mean": -7.110152006846422,
    "best_dative_mean": -5.269775919398369
}