{
    "best_epoch": 23,
    "best_val_performance": 0.40125274976094527,
    "val_performance_metric": "diff",
    "train_loss": 2.5366954803466797,
    "initial_dative_mean": -7.576198265915028,
    "final_dative_mean": -4.996357484170568,
    "best_dative_mean": -4.513446078837267
}