{
    "best_epoch": 70,
    "best_val_performance": 0.024724518458048905,
    "val_performance_metric": "diff",
    "train_loss": 3.414759874343872,
    "initial_pref_do": 0.18142857142857144,
    "final_pref_do": 0.14714285714285713,
    "best_pref_do": 0.14714285714285713
}