{
    "best_epoch": 70,
    "best_val_performance": -0.25571516513824477,
    "val_performance_metric": "diff",
    "train_loss": 4.988394260406494,
    "initial_do_mean": -6.544986685839566,
    "final_do_mean": -5.097201640678175,
    "best_do_mean": -5.097201640678175,
    "initial_pp_mean": -5.900284955236647,
    "final_pp_mean": -4.631386510531107,
    "best_pp_mean": -4.631386510531107
}