{
    "best_epoch": 70,
    "best_val_performance": -0.31276314099629765,
    "val_performance_metric": "diff",
    "train_loss": 3.5706264972686768,
    "initial_pref_do": 0.1,
    "final_pref_do": 0.18714285714285714,
    "best_pref_do": 0.18714285714285714
}