{
    "best_epoch": 70,
    "best_val_performance": 1.5726782051722212,
    "val_performance_metric": "diff",
    "train_loss": 1.6801007986068726,
    "initial_pref_do": 0.1357142857142857,
    "final_pref_do": 0.05142857142857143,
    "best_pref_do": 0.05142857142857143
}