{
    "best_epoch": 56,
    "best_val_performance": 1.5294207636515305,
    "val_performance_metric": "diff",
    "train_loss": 1.1193841695785522,
    "initial_do_mean": -6.533772029298724,
    "final_do_mean": -5.894654178619385,
    "best_do_mean": -5.546036015134869,
    "initial_pp_mean": -5.901073161760966,
    "final_pp_mean": -4.828269184960259,
    "best_pp_mean": -4.649880635738373
}