{
    "best_epoch": 70,
    "best_val_performance": 1.8671129210790003,
    "val_performance_metric": "diff",
    "train_loss": 1.622901439666748,
    "initial_pref_do": 0.18142857142857144,
    "final_pref_do": 0.07142857142857142,
    "best_pref_do": 0.07142857142857142
}