{
    "best_epoch": 70,
    "best_val_performance": -0.08380568345387829,
    "val_performance_metric": "diff",
    "train_loss": 2.684359550476074,
    "initial_dative_mean": -7.341194231956326,
    "final_dative_mean": -6.00179686392957,
    "best_dative_mean": -6.00179686392957
}