{
    "best_epoch": 70,
    "best_val_performance": -0.5129443454742431,
    "val_performance_metric": "diff",
    "train_loss": 6.005433559417725,
    "initial_dative_mean": -7.316506434602347,
    "final_dative_mean": -7.028780743044022,
    "best_dative_mean": -7.028780743044022
}