{
    "best_epoch": 70,
    "best_val_performance": 0.5283058929443367,
    "val_performance_metric": "diff",
    "train_loss": 1.673255205154419,
    "initial_do_mean": -7.6921231400134955,
    "final_do_mean": -13.462248818125836,
    "best_do_mean": -13.462248818125836,
    "initial_pp_mean": -7.257022391347324,
    "final_pp_mean": -10.959855270385741,
    "best_pp_mean": -10.959855270385741
}