{
    "best_epoch": 42,
    "best_val_performance": 3.6406290483474724,
    "val_performance_metric": "diff",
    "train_loss": 2.307480812072754,
    "initial_do_mean": -6.533462835080696,
    "final_do_mean": -9.584866643674445,
    "best_do_mean": -6.9437034751429705,
    "initial_pp_mean": -5.899712173144023,
    "final_pp_mean": -8.086884676085578,
    "best_pp_mean": -6.006688610712687
}