{
    "best_epoch": 61,
    "best_val_performance": 1.0066903400421143,
    "val_performance_metric": "diff",
    "train_loss": 2.1958365440368652,
    "initial_do_mean": -7.95855773465578,
    "final_do_mean": -6.524812935050144,
    "best_do_mean": -6.6275035742410395,
    "initial_pp_mean": -7.5318101279875815,
    "final_pp_mean": -5.98411787888583,
    "best_pp_mean": -6.022712908772862
}