{
    "best_epoch": 62,
    "best_val_performance": 0.11662383397420228,
    "val_performance_metric": "diff",
    "train_loss": 2.319103956222534,
    "initial_pref_do": 0.07714285714285714,
    "final_pref_do": 0.10428571428571429,
    "best_pref_do": 0.09714285714285714
}