{
    "best_epoch": 70,
    "best_val_performance": 0.4032500966389989,
    "val_performance_metric": "diff",
    "train_loss": 2.3293843269348145,
    "initial_do_mean": -7.9613521043644395,
    "final_do_mean": -12.92309483400611,
    "best_do_mean": -12.92309483400611,
    "initial_pp_mean": -7.5752353619126716,
    "final_pp_mean": -11.794458688707913,
    "best_pp_mean": -11.794458688707913
}