{
    "best_epoch": 46,
    "best_val_performance": 0.3986014223098753,
    "val_performance_metric": "diff",
    "train_loss": 1.6658066511154175,
    "initial_do_mean": -6.669100070722175,
    "final_do_mean": -4.84105907497984,
    "best_do_mean": -4.6680820913025824,
    "initial_pp_mean": -5.822338350613912,
    "final_pp_mean": -4.345248895221286,
    "best_pp_mean": -4.166215276718139
}