{
    "best_epoch": 27,
    "best_val_performance": 0.12428699175516744,
    "val_performance_metric": "diff",
    "train_loss": 1.6734169721603394,
    "initial_do_mean": -6.745244203914296,
    "final_do_mean": -4.693160442872481,
    "best_do_mean": -4.354808593518806,
    "initial_pp_mean": -6.126157596376207,
    "final_pp_mean": -3.830366145239936,
    "best_pp_mean": -3.5688222116894193
}