{
    "best_epoch": 16,
    "best_val_performance": 0.6378814474741619,
    "val_performance_metric": "diff",
    "train_loss": 3.6651718616485596,
    "initial_do_mean": -7.960679059111794,
    "final_do_mean": -9.192379797613897,
    "best_do_mean": -6.659390077341435,
    "initial_pp_mean": -7.575942911821254,
    "final_pp_mean": -10.281969180527856,
    "best_pp_mean": -6.815618162996628
}