{
    "best_epoch": 44,
    "best_val_performance": 0.31721874872843436,
    "val_performance_metric": "diff",
    "train_loss": 2.118032693862915,
    "initial_pref_do": 0.18142857142857144,
    "final_pref_do": 0.25142857142857145,
    "best_pref_do": 0.16714285714285715
}