{
    "best_epoch": 70,
    "best_val_performance": -0.08492473602294925,
    "val_performance_metric": "diff",
    "train_loss": 2.741503953933716,
    "initial_do_mean": -6.532785122322314,
    "final_do_mean": -4.84805005680431,
    "best_do_mean": -4.84805005680431,
    "initial_pp_mean": -5.89825586742825,
    "final_pp_mean": -4.144283106591966,
    "best_pp_mean": -4.144283106591966
}