{
    "best_epoch": 19,
    "best_val_performance": -0.022644591331481223,
    "val_performance_metric": "diff",
    "train_loss": 3.005237102508545,
    "initial_do_mean": -7.693219040715417,
    "final_do_mean": -5.74573207490666,
    "best_do_mean": -5.4799617969019465,
    "initial_pp_mean": -7.2584946877816146,
    "final_pp_mean": -4.670976765366161,
    "best_pp_mean": -4.485724284368403
}