{
    "best_epoch": 41,
    "best_val_performance": -0.14375504811604856,
    "val_performance_metric": "diff",
    "train_loss": 2.5527985095977783,
    "initial_do_mean": -6.674072532942801,
    "final_do_mean": -4.7662503560384115,
    "best_do_mean": -4.666307856819847,
    "initial_pp_mean": -5.8272984504699705,
    "final_pp_mean": -4.1797575871149695,
    "best_pp_mean": -4.011791200107998
}