{
    "best_epoch": 33,
    "best_val_performance": 0.5261044486363726,
    "val_performance_metric": "diff",
    "train_loss": 2.1701364517211914,
    "initial_do_mean": -6.77094606775226,
    "final_do_mean": -4.356837414250229,
    "best_do_mean": -4.194791509165908,
    "initial_pp_mean": -6.103962635993957,
    "final_pp_mean": -4.300886220402187,
    "best_pp_mean": -4.142194623417325
}