{
    "best_epoch": 15,
    "best_val_performance": 0.07682008107503258,
    "val_performance_metric": "diff",
    "train_loss": 3.004533052444458,
    "initial_do_mean": -6.558611044739232,
    "final_do_mean": -4.9413908669442845,
    "best_do_mean": -4.256786301641753,
    "initial_pp_mean": -5.7635589811537,
    "final_pp_mean": -4.28251571920183,
    "best_pp_mean": -3.740459069940779
}