{
    "best_epoch": 14,
    "best_val_performance": 0.4131428877512615,
    "val_performance_metric": "diff",
    "train_loss": 1.88974130153656,
    "initial_do_mean": -6.415725014426491,
    "final_do_mean": -4.688174669670336,
    "best_do_mean": -4.188324944178263,
    "initial_pp_mean": -5.740221410327488,
    "final_pp_mean": -4.140079587035709,
    "best_pp_mean": -3.85228291882409
}