{
    "best_epoch": 32,
    "best_val_performance": 0.40751036485036174,
    "val_performance_metric": "diff",
    "train_loss": 2.458538770675659,
    "initial_pref_do": 0.14714285714285713,
    "final_pref_do": 0.01,
    "best_pref_do": 0.03428571428571429
}