{
    "best_epoch": 60,
    "best_val_performance": -0.4259360218048087,
    "val_performance_metric": "diff",
    "train_loss": 2.145984411239624,
    "initial_pref_do": 0.14714285714285713,
    "final_pref_do": 0.06285714285714286,
    "best_pref_do": 0.05285714285714286
}