{
    "best_epoch": 25,
    "best_val_performance": 1.3459580485026041,
    "val_performance_metric": "diff",
    "train_loss": 3.3692383766174316,
    "initial_do_mean": -6.418248818137429,
    "final_do_mean": -8.304912770878184,
    "best_do_mean": -6.107254821603949,
    "initial_pp_mean": -5.742856958177355,
    "final_pp_mean": -6.228399893972608,
    "best_pp_mean": -5.004224967956543
}