{
    "best_epoch": 70,
    "best_val_performance": -0.28224162260691266,
    "val_performance_metric": "diff",
    "train_loss": 3.3243651390075684,
    "initial_pref_do": 0.07714285714285714,
    "final_pref_do": 0.19,
    "best_pref_do": 0.19
}