{
    "best_epoch": 8,
    "best_val_performance": 0.43406061967213994,
    "val_performance_metric": "diff",
    "train_loss": 3.999107837677002,
    "initial_pref_do": 0.14857142857142858,
    "final_pref_do": 0.041428571428571426,
    "best_pref_do": 0.1
}