{
    "best_epoch": 70,
    "best_val_performance": -0.2700059302647908,
    "val_performance_metric": "diff",
    "train_loss": 2.474560499191284,
    "initial_do_mean": -7.699504859918772,
    "final_do_mean": -6.191173222868941,
    "best_do_mean": -6.191173222868941,
    "initial_pp_mean": -7.165543206299053,
    "final_pp_mean": -5.423609345800736,
    "best_pp_mean": -5.423609345800736
}