{
    "best_epoch": 66,
    "best_val_performance": 4.053783690134685,
    "val_performance_metric": "diff",
    "train_loss": 2.6666245460510254,
    "initial_do_mean": -6.770377722653476,
    "final_do_mean": -5.024462487480857,
    "best_do_mean": -7.197365309975364,
    "initial_pp_mean": -6.101705220010546,
    "final_pp_mean": -5.2670094728469845,
    "best_pp_mean": -7.095640865961711
}