{
    "best_epoch": 70,
    "best_val_performance": -0.14163709640502908,
    "val_performance_metric": "diff",
    "train_loss": 3.772702932357788,
    "initial_do_mean": -6.6716951297991205,
    "final_do_mean": -5.383296924648863,
    "best_do_mean": -5.383296924648863,
    "initial_pp_mean": -5.825080087449815,
    "final_pp_mean": -4.719033103519016,
    "best_pp_mean": -4.719033103519016
}