{
    "best_epoch": 70,
    "best_val_performance": -0.18620611667633113,
    "val_performance_metric": "diff",
    "train_loss": 2.693685293197632,
    "initial_dative_mean": -7.282256362382432,
    "final_dative_mean": -5.378501657156916,
    "best_dative_mean": -5.378501657156916
}