{
    "best_epoch": 29,
    "best_val_performance": 0.046541868845621615,
    "val_performance_metric": "diff",
    "train_loss": 2.569570302963257,
    "initial_dative_mean": -7.316679178971296,
    "final_dative_mean": -5.626672641401402,
    "best_dative_mean": -5.423784448215139
}