{
    "best_epoch": 57,
    "best_val_performance": 3.7092669693628952,
    "val_performance_metric": "diff",
    "train_loss": 2.121504306793213,
    "initial_do_mean": -6.50861861633532,
    "final_do_mean": -6.67729658647017,
    "best_do_mean": -7.352960991136955,
    "initial_pp_mean": -5.87665724489424,
    "final_pp_mean": -5.685487634605831,
    "best_pp_mean": -6.138674084345499
}