{
    "best_epoch": 20,
    "best_val_performance": 2.70527548313141,
    "val_performance_metric": "diff",
    "train_loss": 2.3933067321777344,
    "initial_do_mean": -7.841205831877021,
    "final_do_mean": -10.33265350862991,
    "best_do_mean": -6.650124465310296,
    "initial_pp_mean": -7.375070240217097,
    "final_pp_mean": -6.839584822865094,
    "best_pp_mean": -5.531811833031037
}