{
    "best_epoch": 23,
    "best_val_performance": -0.047564220428466975,
    "val_performance_metric": "diff",
    "train_loss": 3.5161824226379395,
    "initial_do_mean": -6.413487648241448,
    "final_do_mean": -4.875616590904467,
    "best_do_mean": -4.99761725917007,
    "initial_pp_mean": -5.737290620803833,
    "final_pp_mean": -4.692328704728021,
    "best_pp_mean": -4.631674231423272
}