{
    "best_epoch": 26,
    "best_val_performance": -0.12980692068735777,
    "val_performance_metric": "diff",
    "train_loss": 4.564720630645752,
    "initial_dative_mean": -7.576316081292448,
    "final_dative_mean": -5.834559390070843,
    "best_dative_mean": -5.409272111647311
}