{
    "best_epoch": 30,
    "best_val_performance": -0.2672859032948809,
    "val_performance_metric": "diff",
    "train_loss": 4.680584907531738,
    "initial_pref_do": 0.15714285714285714,
    "final_pref_do": 0.1442857142857143,
    "best_pref_do": 0.06857142857142857
}