{
    "best_epoch": 22,
    "best_val_performance": 3.9306857649485263,
    "val_performance_metric": "diff",
    "train_loss": 3.341005563735962,
    "initial_do_mean": -6.506378251856024,
    "final_do_mean": -6.6435148484779125,
    "best_do_mean": -5.88970446658857,
    "initial_pp_mean": -5.873943861325582,
    "final_pp_mean": -6.19667554696401,
    "best_pp_mean": -4.64114969836341
}