{
    "best_epoch": 37,
    "best_val_performance": 0.03981317996978806,
    "val_performance_metric": "diff",
    "train_loss": 2.653735399246216,
    "initial_do_mean": -7.688637942075729,
    "final_do_mean": -6.68992168196412,
    "best_do_mean": -6.338516938824986,
    "initial_pp_mean": -7.253336536183077,
    "final_pp_mean": -6.277326019371257,
    "best_pp_mean": -5.97497952650575
}