{
    "best_epoch": 55,
    "best_val_performance": 1.570132476488749,
    "val_performance_metric": "diff",
    "train_loss": 1.6083751916885376,
    "initial_do_mean": -7.696578068788662,
    "final_do_mean": -7.17212816657022,
    "best_do_mean": -7.078298386446265,
    "initial_pp_mean": -7.298718736452215,
    "final_pp_mean": -5.587837535142898,
    "best_pp_mean": -5.466632415617213
}