{
    "best_epoch": 36,
    "best_val_performance": 0.10885623296101876,
    "val_performance_metric": "diff",
    "train_loss": 3.0929932594299316,
    "initial_dative_mean": -7.574735261543452,
    "final_dative_mean": -5.166259557183026,
    "best_dative_mean": -5.022543942893457
}