{
    "best_epoch": 65,
    "best_val_performance": 0.7294269291559843,
    "val_performance_metric": "diff",
    "train_loss": 1.7196557521820068,
    "initial_pref_do": 0.07714285714285714,
    "final_pref_do": 0.09714285714285714,
    "best_pref_do": 0.09428571428571429
}