{
    "best_epoch": 17,
    "best_val_performance": -0.06942045052846257,
    "val_performance_metric": "diff",
    "train_loss": 4.06912088394165,
    "initial_do_mean": -6.5566317283745965,
    "final_do_mean": -5.064514131257028,
    "best_do_mean": -5.076538439952966,
    "initial_pp_mean": -5.760733580589294,
    "final_pp_mean": -4.504666699303521,
    "best_pp_mean": -4.451558287938436
}