{
    "best_epoch": 70,
    "best_val_performance": 4.9482445923487335,
    "val_performance_metric": "diff",
    "train_loss": 1.78819739818573,
    "initial_dative_mean": -7.257933114007202,
    "final_dative_mean": -6.182810303237703,
    "best_dative_mean": -6.182810303237703
}