{
    "best_epoch": 64,
    "best_val_performance": 1.44435787041982,
    "val_performance_metric": "diff",
    "train_loss": 1.3507319688796997,
    "initial_do_mean": -6.544001757014882,
    "final_do_mean": -5.952389056754835,
    "best_do_mean": -5.826241626161518,
    "initial_pp_mean": -5.899215939309862,
    "final_pp_mean": -4.64071874221166,
    "best_pp_mean": -4.494904805554284
}