{
    "best_epoch": 36,
    "best_val_performance": -0.23716259797414097,
    "val_performance_metric": "diff",
    "train_loss": 1.9867017269134521,
    "initial_pref_do": 0.17857142857142858,
    "final_pref_do": 0.06857142857142857,
    "best_pref_do": 0.06714285714285714
}