{
    "best_epoch": 70,
    "best_val_performance": -0.5543932072321578,
    "val_performance_metric": "diff",
    "train_loss": 7.5048699378967285,
    "initial_dative_mean": -7.582478145758311,
    "final_dative_mean": -7.135020573236789,
    "best_dative_mean": -7.135020573236789
}