{
    "best_epoch": 70,
    "best_val_performance": -0.2788440275192263,
    "val_performance_metric": "diff",
    "train_loss": 3.317566394805908,
    "initial_pref_do": 0.08428571428571428,
    "final_pref_do": 0.10571428571428572,
    "best_pref_do": 0.10571428571428572
}