{
    "best_epoch": 70,
    "best_val_performance": 5.00097770055135,
    "val_performance_metric": "diff",
    "train_loss": 3.003248691558838,
    "initial_do_mean": -6.54471870769154,
    "final_do_mean": -4.69930055213697,
    "best_do_mean": -4.69930055213697,
    "initial_pp_mean": -5.897778301768833,
    "final_pp_mean": -4.330382699436612,
    "best_pp_mean": -4.330382699436612
}