{
    "best_epoch": 70,
    "best_val_performance": -0.015282862981160328,
    "val_performance_metric": "diff",
    "train_loss": 2.12367844581604,
    "initial_dative_mean": -7.608829984190868,
    "final_dative_mean": -5.7171932910269465,
    "best_dative_mean": -5.7171932910269465
}