{
    "best_epoch": 14,
    "best_val_performance": 0.5064153671264648,
    "val_performance_metric": "diff",
    "train_loss": 1.9853447675704956,
    "initial_do_mean": -6.509114170074463,
    "final_do_mean": -6.168636869661736,
    "best_do_mean": -5.301250310377641,
    "initial_pp_mean": -5.878518602583143,
    "final_pp_mean": -5.489207000202603,
    "best_pp_mean": -4.639504407511817
}