{
    "best_epoch": 70,
    "best_val_performance": -0.5702391115824383,
    "val_performance_metric": "diff",
    "train_loss": 6.973236560821533,
    "initial_pref_do": 0.13285714285714287,
    "final_pref_do": 0.15428571428571428,
    "best_pref_do": 0.15428571428571428
}