{
    "best_epoch": 40,
    "best_val_performance": -0.26444429079691556,
    "val_performance_metric": "diff",
    "train_loss": 5.695357322692871,
    "initial_do_mean": -7.695305271204128,
    "final_do_mean": -6.12883982755417,
    "best_do_mean": -6.558383521645568,
    "initial_pp_mean": -7.296441590084749,
    "final_pp_mean": -5.915883080398335,
    "best_pp_mean": -6.251602944205789
}