{
    "best_epoch": 70,
    "best_val_performance": -0.19246055126190242,
    "val_performance_metric": "diff",
    "train_loss": 3.0615274906158447,
    "initial_dative_mean": -7.196539779155575,
    "final_dative_mean": -5.410850186445559,
    "best_dative_mean": -5.410850186445559
}