{
    "best_epoch": 18,
    "best_val_performance": 2.0075789864857985,
    "val_performance_metric": "diff",
    "train_loss": 3.070150852203369,
    "initial_do_mean": -7.8349238405394,
    "final_do_mean": -11.39984285658182,
    "best_do_mean": -7.846267496777135,
    "initial_pp_mean": -7.371403174540576,
    "final_pp_mean": -11.397072664779776,
    "best_pp_mean": -7.468011579092811
}