{
    "best_epoch": 70,
    "best_val_performance": 0.17118436654408775,
    "val_performance_metric": "diff",
    "train_loss": 2.422161102294922,
    "initial_pref_do": 0.18142857142857144,
    "final_pref_do": 0.28714285714285714,
    "best_pref_do": 0.28714285714285714
}