{
    "best_epoch": 25,
    "best_val_performance": -0.06800259590148894,
    "val_performance_metric": "diff",
    "train_loss": 2.91536021232605,
    "initial_dative_mean": -7.194517171173765,
    "final_dative_mean": -5.6889291837898615,
    "best_dative_mean": -5.446091476065374
}