{
    "best_epoch": 70,
    "best_val_performance": -0.23998727321624713,
    "val_performance_metric": "diff",
    "train_loss": 4.623100757598877,
    "initial_do_mean": -7.951124828222186,
    "final_do_mean": -6.2391007681225625,
    "best_do_mean": -6.2391007681225625,
    "initial_pp_mean": -7.5257079425980065,
    "final_pp_mean": -5.964146733985228,
    "best_pp_mean": -5.964146733985228
}