{
    "best_epoch": 70,
    "best_val_performance": -0.5274760802586869,
    "val_performance_metric": "diff",
    "train_loss": 7.154982089996338,
    "initial_dative_mean": -7.194635246929369,
    "final_dative_mean": -6.800160882765787,
    "best_dative_mean": -6.800160882765787
}