{
    "best_epoch": 70,
    "best_val_performance": 0.5173435433705649,
    "val_performance_metric": "diff",
    "train_loss": 1.7477880716323853,
    "initial_pref_do": 0.17857142857142858,
    "final_pref_do": 0.2571428571428571,
    "best_pref_do": 0.2571428571428571
}