{
    "best_epoch": 70,
    "best_val_performance": -0.35120157877604186,
    "val_performance_metric": "diff",
    "train_loss": 4.257558822631836,
    "initial_pref_do": 0.08428571428571428,
    "final_pref_do": 0.1442857142857143,
    "best_pref_do": 0.1442857142857143
}