{
    "best_epoch": 24,
    "best_val_performance": 1.674671622912089,
    "val_performance_metric": "diff",
    "train_loss": 2.3304226398468018,
    "initial_pref_do": 0.09714285714285714,
    "final_pref_do": 0.07142857142857142,
    "best_pref_do": 0.07857142857142857
}