{
    "best_epoch": 70,
    "best_val_performance": 2.07360336303711,
    "val_performance_metric": "diff",
    "train_loss": 1.9674785137176514,
    "initial_do_mean": -6.5548956553141275,
    "final_do_mean": -5.440136770768599,
    "best_do_mean": -5.440136770768599,
    "initial_pp_mean": -5.759912742508782,
    "final_pp_mean": -5.056436075104608,
    "best_pp_mean": -5.056436075104608
}