{
    "best_epoch": 22,
    "best_val_performance": 0.14652898788452173,
    "val_performance_metric": "diff",
    "train_loss": 2.703401803970337,
    "initial_do_mean": -6.557994016011556,
    "final_do_mean": -4.745093416445183,
    "best_do_mean": -4.296179554679177,
    "initial_pp_mean": -5.76321394443512,
    "final_pp_mean": -3.7670028580559625,
    "best_pp_mean": -3.649662048286862
}