{
    "best_epoch": 70,
    "best_val_performance": 0.9779515759150188,
    "val_performance_metric": "diff",
    "train_loss": 1.4990675449371338,
    "initial_pref_do": 0.15571428571428572,
    "final_pref_do": 0.02857142857142857,
    "best_pref_do": 0.02857142857142857
}