{
    "best_epoch": 70,
    "best_val_performance": -0.26790118853251155,
    "val_performance_metric": "diff",
    "train_loss": 3.4497392177581787,
    "initial_do_mean": -7.599181892566903,
    "final_do_mean": -6.280148291310598,
    "best_do_mean": -6.280148291310598,
    "initial_pp_mean": -7.15444720212151,
    "final_pp_mean": -5.8170498385148885,
    "best_pp_mean": -5.8170498385148885
}