{
    "best_epoch": 51,
    "best_val_performance": 0.03316214561462427,
    "val_performance_metric": "diff",
    "train_loss": 1.883971929550171,
    "initial_do_mean": -7.682101398013359,
    "final_do_mean": -5.286822911958362,
    "best_do_mean": -5.180155543393867,
    "initial_pp_mean": -7.168785986479591,
    "final_pp_mean": -4.392856016930412,
    "best_pp_mean": -4.3395132643335
}