{
    "best_epoch": 70,
    "best_val_performance": -0.46068462530771814,
    "val_performance_metric": "diff",
    "train_loss": 2.8131277561187744,
    "initial_pref_do": 0.13428571428571429,
    "final_pref_do": 0.2842857142857143,
    "best_pref_do": 0.2842857142857143
}