{
    "best_epoch": 43,
    "best_val_performance": 3.5169251823425283,
    "val_performance_metric": "diff",
    "train_loss": 2.2653143405914307,
    "initial_do_mean": -7.697464811940526,
    "final_do_mean": -7.492351195146871,
    "best_do_mean": -6.633032389851504,
    "initial_pp_mean": -7.299713671908659,
    "final_pp_mean": -6.667651428194607,
    "best_pp_mean": -5.951183888491462
}