{
    "best_epoch": 70,
    "best_val_performance": 0.013141721089681369,
    "val_performance_metric": "diff",
    "train_loss": 3.755272626876831,
    "initial_do_mean": -7.955922076868457,
    "final_do_mean": -6.250410146838011,
    "best_do_mean": -6.250410146838011,
    "initial_pp_mean": -7.530829031327191,
    "final_pp_mean": -5.4870889334117665,
    "best_pp_mean": -5.4870889334117665
}