{
    "best_epoch": 26,
    "best_val_performance": 0.28689636230468807,
    "val_performance_metric": "diff",
    "train_loss": 3.545250177383423,
    "initial_dative_mean": -7.261220582047401,
    "final_dative_mean": -5.434075796116165,
    "best_dative_mean": -5.35635490131657
}