{
    "best_epoch": 49,
    "best_val_performance": 0.10157765388488738,
    "val_performance_metric": "diff",
    "train_loss": 1.7774158716201782,
    "initial_pref_do": 0.18142857142857144,
    "final_pref_do": 0.15571428571428572,
    "best_pref_do": 0.13285714285714287
}