{
    "best_epoch": 70,
    "best_val_performance": -0.2591392389933267,
    "val_performance_metric": "diff",
    "train_loss": 3.1694846153259277,
    "initial_pref_do": 0.12714285714285714,
    "final_pref_do": 0.26,
    "best_pref_do": 0.26
}