{
    "best_epoch": 27,
    "best_val_performance": 1.9585979398091622,
    "val_performance_metric": "diff",
    "train_loss": 2.3096768856048584,
    "initial_pref_do": 0.12714285714285714,
    "final_pref_do": 0.07428571428571429,
    "best_pref_do": 0.04
}