{
    "best_epoch": 70,
    "best_val_performance": -0.22736353079477922,
    "val_performance_metric": "diff",
    "train_loss": 3.820601224899292,
    "initial_do_mean": -6.671967912442756,
    "final_do_mean": -5.762693262100219,
    "best_do_mean": -5.762693262100219,
    "initial_pp_mean": -5.824480554792616,
    "final_pp_mean": -4.996283960342407,
    "best_pp_mean": -4.996283960342407
}