{
    "best_epoch": 51,
    "best_val_performance": 0.22482790946960485,
    "val_performance_metric": "diff",
    "train_loss": 2.5888545513153076,
    "initial_dative_mean": -7.194709335502825,
    "final_dative_mean": -5.348962726300223,
    "best_dative_mean": -5.242364314215922
}