{
    "best_epoch": 70,
    "best_val_performance": -0.6969396336873368,
    "val_performance_metric": "diff",
    "train_loss": 6.06011438369751,
    "initial_dative_mean": -7.609506107213204,
    "final_dative_mean": -7.374562654578895,
    "best_dative_mean": -7.374562654578895
}