{
    "best_epoch": 70,
    "best_val_performance": 0.11164799690246596,
    "val_performance_metric": "diff",
    "train_loss": 1.3288480043411255,
    "initial_dative_mean": -7.344817930494833,
    "final_dative_mean": -5.638331360635702,
    "best_dative_mean": -5.638331360635702
}