{
    "best_epoch": 54,
    "best_val_performance": -0.27063736120859705,
    "val_performance_metric": "diff",
    "train_loss": 4.007741928100586,
    "initial_do_mean": -6.745085487943707,
    "final_do_mean": -5.056802190433849,
    "best_do_mean": -5.206063335592097,
    "initial_pp_mean": -6.127020094129774,
    "final_pp_mean": -4.456044554710388,
    "best_pp_mean": -4.573726261986627
}