{
    "best_epoch": 70,
    "best_val_performance": 0.17201388200124157,
    "val_performance_metric": "diff",
    "train_loss": 1.347933292388916,
    "initial_do_mean": -7.596080086952032,
    "final_do_mean": -5.488075762987137,
    "best_do_mean": -5.488075762987137,
    "initial_pp_mean": -7.151962005390841,
    "final_pp_mean": -5.054631938653833,
    "best_pp_mean": -5.054631938653833
}