{
    "best_epoch": 27,
    "best_val_performance": 1.1620285781224569,
    "val_performance_metric": "diff",
    "train_loss": 1.5974605083465576,
    "initial_dative_mean": -7.316860248819429,
    "final_dative_mean": -7.1256587399028195,
    "best_dative_mean": -6.066060854677568
}