{
    "best_epoch": 70,
    "best_val_performance": -0.10783051808675115,
    "val_performance_metric": "diff",
    "train_loss": 4.627558708190918,
    "initial_do_mean": -6.65891125274427,
    "final_do_mean": -5.606371360836607,
    "best_do_mean": -5.606371360836607,
    "initial_pp_mean": -5.918784093856812,
    "final_pp_mean": -4.9333995527691314,
    "best_pp_mean": -4.9333995527691314
}