{
    "best_epoch": 23,
    "best_val_performance": -0.14189942677815726,
    "val_performance_metric": "diff",
    "train_loss": 1.9718804359436035,
    "initial_pref_do": 0.17714285714285713,
    "final_pref_do": 0.06857142857142857,
    "best_pref_do": 0.07571428571428572
}