{
    "best_epoch": 43,
    "best_val_performance": 0.53722541809082,
    "val_performance_metric": "diff",
    "train_loss": 2.395118236541748,
    "initial_do_mean": -6.767326220599088,
    "final_do_mean": -9.59345814964988,
    "best_do_mean": -9.757993166374439,
    "initial_pp_mean": -6.0975390513738,
    "final_pp_mean": -8.536650869581434,
    "best_pp_mean": -8.573119640350342
}