{
    "best_epoch": 48,
    "best_val_performance": 1.18140577952067,
    "val_performance_metric": "diff",
    "train_loss": 2.0480387210845947,
    "initial_do_mean": -6.7712546623114385,
    "final_do_mean": -5.155697425206502,
    "best_do_mean": -5.085017390684648,
    "initial_pp_mean": -6.103887118233574,
    "final_pp_mean": -4.418286980523003,
    "best_pp_mean": -4.419036014874776
}