{
    "best_epoch": 21,
    "best_val_performance": 1.5895209058125817,
    "val_performance_metric": "diff",
    "train_loss": 2.275761842727661,
    "initial_pref_do": 0.07714285714285714,
    "final_pref_do": 0.04,
    "best_pref_do": 0.09142857142857143
}