{
    "best_epoch": 70,
    "best_val_performance": -0.300202600161235,
    "val_performance_metric": "diff",
    "train_loss": 2.4751265048980713,
    "initial_do_mean": -7.957546238289323,
    "final_do_mean": -5.965247832758482,
    "best_do_mean": -5.965247832758482,
    "initial_pp_mean": -7.572433350366705,
    "final_pp_mean": -5.540688031561235,
    "best_pp_mean": -5.540688031561235
}