{
    "best_epoch": 47,
    "best_val_performance": 0.548250687917073,
    "val_performance_metric": "diff",
    "train_loss": 2.5775201320648193,
    "initial_pref_do": 0.18142857142857144,
    "final_pref_do": 0.18428571428571427,
    "best_pref_do": 0.11571428571428571
}