{
    "best_epoch": 21,
    "best_val_performance": 0.4695363903045653,
    "val_performance_metric": "diff",
    "train_loss": 2.569347381591797,
    "initial_dative_mean": -7.577297544270231,
    "final_dative_mean": -5.390394426228707,
    "best_dative_mean": -4.723149542745791
}