{
    "best_epoch": 15,
    "best_val_performance": 0.6874526421229046,
    "val_performance_metric": "diff",
    "train_loss": 2.1933233737945557,
    "initial_dative_mean": -7.31187146204954,
    "final_dative_mean": -7.555384428529014,
    "best_dative_mean": -6.06548415098274
}