{
    "best_epoch": 19,
    "best_val_performance": -0.01659018516540467,
    "val_performance_metric": "diff",
    "train_loss": 3.826535940170288,
    "initial_do_mean": -6.554958560250022,
    "final_do_mean": -5.1719841957092285,
    "best_do_mean": -4.523424688975016,
    "initial_pp_mean": -5.760262611177232,
    "final_pp_mean": -4.588995512326559,
    "best_pp_mean": -4.061511688762241
}