{
    "best_epoch": 70,
    "best_val_performance": 1.4840101861953743,
    "val_performance_metric": "diff",
    "train_loss": 2.5149645805358887,
    "initial_dative_mean": -7.468233174399326,
    "final_dative_mean": -6.462428832611843,
    "best_dative_mean": -6.462428832611843
}