{
    "best_epoch": 70,
    "best_val_performance": -0.1853700304031367,
    "val_performance_metric": "diff",
    "train_loss": 3.1709187030792236,
    "initial_do_mean": -7.841962567595548,
    "final_do_mean": -7.730183498110882,
    "best_do_mean": -7.730183498110882,
    "initial_pp_mean": -7.377201394473805,
    "final_pp_mean": -7.27729684675441,
    "best_pp_mean": -7.27729684675441
}