{
    "best_epoch": 23,
    "best_val_performance": 0.2749524625142419,
    "val_performance_metric": "diff",
    "train_loss": 2.829379081726074,
    "initial_do_mean": -7.687746513028477,
    "final_do_mean": -5.481048582251682,
    "best_do_mean": -4.951745240147724,
    "initial_pp_mean": -7.174228556015912,
    "final_pp_mean": -4.435820411934572,
    "best_pp_mean": -4.007972777941648
}