{
    "best_epoch": 11,
    "best_val_performance": -0.23132166226704864,
    "val_performance_metric": "diff",
    "train_loss": 4.332517623901367,
    "initial_do_mean": -7.689488277878872,
    "final_do_mean": -5.998446804146434,
    "best_do_mean": -6.351368588070537,
    "initial_pp_mean": -7.254472945016973,
    "final_pp_mean": -5.64024229260052,
    "best_pp_mean": -5.872514022799099
}