{
    "best_epoch": 70,
    "best_val_performance": 0.14086293379465697,
    "val_performance_metric": "diff",
    "train_loss": 2.5953497886657715,
    "initial_dative_mean": -7.61032383692892,
    "final_dative_mean": -6.100197978709874,
    "best_dative_mean": -6.100197978709874
}