{
    "best_epoch": 70,
    "best_val_performance": -0.704369195302327,
    "val_performance_metric": "diff",
    "train_loss": 7.070642471313477,
    "initial_dative_mean": -7.577585833811621,
    "final_dative_mean": -7.313833077748616,
    "best_dative_mean": -7.313833077748616
}