{
    "best_epoch": 37,
    "best_val_performance": 4.58253124554952,
    "val_performance_metric": "diff",
    "train_loss": 2.904111385345459,
    "initial_do_mean": -6.636783031983809,
    "final_do_mean": -11.505235370000204,
    "best_do_mean": -6.079678594704831,
    "initial_pp_mean": -5.787108323309156,
    "final_pp_mean": -11.478593879275852,
    "best_pp_mean": -5.689885568618775
}