{
    "best_epoch": 70,
    "best_val_performance": 2.046934407552085,
    "val_performance_metric": "diff",
    "train_loss": 1.4544910192489624,
    "initial_do_mean": -6.746994202064745,
    "final_do_mean": -6.35592709310127,
    "best_do_mean": -6.35592709310127,
    "initial_pp_mean": -6.1262909015019735,
    "final_pp_mean": -6.020695752567715,
    "best_pp_mean": -6.020695752567715
}