{
    "best_epoch": 64,
    "best_val_performance": 2.8965285078684495,
    "val_performance_metric": "diff",
    "train_loss": 1.7800097465515137,
    "initial_dative_mean": -7.196183036642465,
    "final_dative_mean": -9.331282145795766,
    "best_dative_mean": -9.510306751170354
}