{
    "best_epoch": 70,
    "best_val_performance": 2.1623566913604737,
    "val_performance_metric": "diff",
    "train_loss": 1.9802086353302002,
    "initial_pref_do": 0.14714285714285713,
    "final_pref_do": 0.07,
    "best_pref_do": 0.07
}