{
    "best_epoch": 17,
    "best_val_performance": 0.12619479815165224,
    "val_performance_metric": "diff",
    "train_loss": 3.4726600646972656,
    "initial_do_mean": -6.554668953924468,
    "final_do_mean": -5.744506713115808,
    "best_do_mean": -4.613911557920051,
    "initial_pp_mean": -5.76123047404819,
    "final_pp_mean": -4.907624499003092,
    "best_pp_mean": -3.92944049305386
}