{
    "best_epoch": 37,
    "best_val_performance": 3.9562746620178224,
    "val_performance_metric": "diff",
    "train_loss": 1.9841983318328857,
    "initial_do_mean": -7.955922076868457,
    "final_do_mean": -7.225560012251832,
    "best_do_mean": -7.388567336423453,
    "initial_pp_mean": -7.530829031327191,
    "final_pp_mean": -6.2987654598320235,
    "best_pp_mean": -6.375638927782283
}