{
    "best_epoch": 70,
    "best_val_performance": -0.35942985852559417,
    "val_performance_metric": "diff",
    "train_loss": 3.785386800765991,
    "initial_do_mean": -7.60054057975148,
    "final_do_mean": -6.01968758189401,
    "best_do_mean": -6.01968758189401,
    "initial_pp_mean": -7.1549306490842035,
    "final_pp_mean": -5.7907205806059,
    "best_pp_mean": -5.7907205806059
}