{
    "best_epoch": 28,
    "best_val_performance": 2.7436431837081905,
    "val_performance_metric": "diff",
    "train_loss": 2.163612127304077,
    "initial_do_mean": -7.6359397346197175,
    "final_do_mean": -7.075311092789783,
    "best_do_mean": -6.462215298483538,
    "initial_pp_mean": -6.992303461187026,
    "final_pp_mean": -6.195757376095828,
    "best_pp_mean": -5.532362492645488
}