{
    "best_epoch": 38,
    "best_val_performance": 1.475094273885091,
    "val_performance_metric": "diff",
    "train_loss": 1.127829909324646,
    "initial_do_mean": -7.6902152216711706,
    "final_do_mean": -6.66732893121797,
    "best_do_mean": -5.837363226469173,
    "initial_pp_mean": -7.254316644107594,
    "final_pp_mean": -5.4473238692564125,
    "best_pp_mean": -4.6950850739198575
}