{
    "best_epoch": 30,
    "best_val_performance": 0.001728803316751737,
    "val_performance_metric": "diff",
    "train_loss": 2.7426247596740723,
    "initial_do_mean": -7.6764135187448455,
    "final_do_mean": -5.293592425972917,
    "best_do_mean": -5.349747719459756,
    "initial_pp_mean": -7.0771385038600245,
    "final_pp_mean": -5.032884219464134,
    "best_pp_mean": -5.077891648516935
}