{
    "best_epoch": 70,
    "best_val_performance": -0.37288956483205205,
    "val_performance_metric": "diff",
    "train_loss": 3.6990764141082764,
    "initial_do_mean": -6.505756996617173,
    "final_do_mean": -5.300239259546453,
    "best_do_mean": -5.300239259546453,
    "initial_pp_mean": -5.875277553664313,
    "final_pp_mean": -4.8043711053000555,
    "best_pp_mean": -4.8043711053000555
}