{
    "best_epoch": 70,
    "best_val_performance": -0.44910101572672545,
    "val_performance_metric": "diff",
    "train_loss": 6.425522804260254,
    "initial_dative_mean": -7.189524549838395,
    "final_dative_mean": -6.781350096415358,
    "best_dative_mean": -6.781350096415358
}