{
    "best_epoch": 47,
    "best_val_performance": 1.9128053220113124,
    "val_performance_metric": "diff",
    "train_loss": 1.9305084943771362,
    "initial_do_mean": -6.671526511510213,
    "final_do_mean": -5.5982721993417455,
    "best_do_mean": -5.064819116303415,
    "initial_pp_mean": -5.825677304797702,
    "final_pp_mean": -5.1805919726689655,
    "best_pp_mean": -4.713698638810052
}