{
    "best_epoch": 59,
    "best_val_performance": -0.09270494620005287,
    "val_performance_metric": "diff",
    "train_loss": 1.9345450401306152,
    "initial_do_mean": -6.509202571348711,
    "final_do_mean": -4.721499867872758,
    "best_do_mean": -4.72034691174825,
    "initial_pp_mean": -5.877836357222663,
    "final_pp_mean": -4.109162100156149,
    "best_pp_mean": -4.05051556163364
}