{
    "best_epoch": 70,
    "best_val_performance": -0.02605743726094545,
    "val_performance_metric": "diff",
    "train_loss": 2.7226779460906982,
    "initial_do_mean": -7.669451017712438,
    "final_do_mean": -6.244166784161745,
    "best_do_mean": -6.244166784161745,
    "initial_pp_mean": -7.070526097802555,
    "final_pp_mean": -5.827835966208402,
    "best_pp_mean": -5.827835966208402
}