{
    "best_epoch": 43,
    "best_val_performance": 1.4205874999364223,
    "val_performance_metric": "diff",
    "train_loss": 1.7145916223526,
    "initial_do_mean": -6.549830654895667,
    "final_do_mean": -5.609146177407467,
    "best_do_mean": -5.522265499288386,
    "initial_pp_mean": -5.9033855676651,
    "final_pp_mean": -4.8546537743674385,
    "best_pp_mean": -4.603328837288751
}