{
    "best_epoch": 70,
    "best_val_performance": -0.06324484189351409,
    "val_performance_metric": "diff",
    "train_loss": 3.0367519855499268,
    "initial_do_mean": -6.528685040907426,
    "final_do_mean": -4.918789817347671,
    "best_do_mean": -4.918789817347671,
    "initial_pp_mean": -5.895048599772983,
    "final_pp_mean": -4.123722079065111,
    "best_pp_mean": -4.123722079065111
}