{
    "best_epoch": 70,
    "best_val_performance": 0.014487980206807194,
    "val_performance_metric": "diff",
    "train_loss": 3.6092560291290283,
    "initial_do_mean": -7.836651460375896,
    "final_do_mean": -6.267515467003334,
    "best_do_mean": -6.267515467003334,
    "initial_pp_mean": -7.371058264199426,
    "final_pp_mean": -5.2744648705510535,
    "best_pp_mean": -5.2744648705510535
}