{
    "best_epoch": 70,
    "best_val_performance": -0.42313449382782053,
    "val_performance_metric": "diff",
    "train_loss": 3.383423328399658,
    "initial_dative_mean": -7.315939525763194,
    "final_dative_mean": -6.212192171498349,
    "best_dative_mean": -6.212192171498349
}