{
    "best_epoch": 34,
    "best_val_performance": 1.0898400211334227,
    "val_performance_metric": "diff",
    "train_loss": 1.5379401445388794,
    "initial_pref_do": 0.1357142857142857,
    "final_pref_do": 0.10571428571428572,
    "best_pref_do": 0.11714285714285715
}