{
    "best_epoch": 38,
    "best_val_performance": 1.4687141291300456,
    "val_performance_metric": "diff",
    "train_loss": 1.2142242193222046,
    "initial_do_mean": -7.953768685113552,
    "final_do_mean": -6.520501935551333,
    "best_do_mean": -5.847700681104216,
    "initial_pp_mean": -7.528382402307847,
    "final_pp_mean": -5.244832769211601,
    "best_pp_mean": -4.936949668912327
}