{
    "best_epoch": 19,
    "best_val_performance": -0.021079277992249068,
    "val_performance_metric": "diff",
    "train_loss": 3.2826690673828125,
    "initial_do_mean": -7.690527593673662,
    "final_do_mean": -5.722413346864457,
    "best_do_mean": -5.367044141819311,
    "initial_pp_mean": -7.176177078836105,
    "final_pp_mean": -5.433197314598981,
    "best_pp_mean": -4.993399827971178
}