{
    "best_epoch": 38,
    "best_val_performance": 3.4148699601491295,
    "val_performance_metric": "diff",
    "train_loss": 1.9097449779510498,
    "initial_do_mean": -7.837665885686874,
    "final_do_mean": -9.257979928061019,
    "best_do_mean": -6.895073246124179,
    "initial_pp_mean": -7.372613748382119,
    "final_pp_mean": -7.703776424421983,
    "best_pp_mean": -5.918194831644787
}