{
    "best_epoch": 70,
    "best_val_performance": -0.17842002391815193,
    "val_performance_metric": "diff",
    "train_loss": 4.3617939949035645,
    "initial_pref_do": 0.14857142857142858,
    "final_pref_do": 0.22142857142857142,
    "best_pref_do": 0.22142857142857142
}