{
    "best_epoch": 70,
    "best_val_performance": -0.6975609731674197,
    "val_performance_metric": "diff",
    "train_loss": 6.590569972991943,
    "initial_dative_mean": -7.612897927998103,
    "final_dative_mean": -7.427659957729585,
    "best_dative_mean": -7.427659957729585
}