{
    "best_epoch": 54,
    "best_val_performance": 0.44874538421630916,
    "val_performance_metric": "diff",
    "train_loss": 2.0406887531280518,
    "initial_do_mean": -7.696568497391635,
    "final_do_mean": -5.7833056775636456,
    "best_do_mean": -5.855496716707251,
    "initial_pp_mean": -7.298527812256532,
    "final_pp_mean": -4.980874853274401,
    "best_pp_mean": -5.0109063762075765
}