{
    "best_epoch": 43,
    "best_val_performance": -0.3603013165791831,
    "val_performance_metric": "diff",
    "train_loss": 4.735991477966309,
    "initial_pref_do": 0.15571428571428572,
    "final_pref_do": 0.04285714285714286,
    "best_pref_do": 0.06142857142857143
}