{
    "best_epoch": 70,
    "best_val_performance": -0.3489884630839031,
    "val_performance_metric": "diff",
    "train_loss": 3.6262199878692627,
    "initial_pref_do": 0.14714285714285713,
    "final_pref_do": 0.26,
    "best_pref_do": 0.26
}