{
    "best_epoch": 45,
    "best_val_performance": 0.7065054480234778,
    "val_performance_metric": "diff",
    "train_loss": 1.7967866659164429,
    "initial_do_mean": -6.763492772073457,
    "final_do_mean": -4.724856109330148,
    "best_do_mean": -4.58367392800071,
    "initial_pp_mean": -6.094590200318231,
    "final_pp_mean": -4.364303308063083,
    "best_pp_mean": -4.235139356719123
}