{
    "best_epoch": 35,
    "best_val_performance": -0.0821548382441204,
    "val_performance_metric": "diff",
    "train_loss": 1.5523837804794312,
    "initial_pref_do": 0.1357142857142857,
    "final_pref_do": 0.04,
    "best_pref_do": 0.06714285714285714
}