{
    "best_epoch": 59,
    "best_val_performance": 0.40632364908854157,
    "val_performance_metric": "diff",
    "train_loss": 1.723537802696228,
    "initial_dative_mean": -7.191905185493113,
    "final_dative_mean": -5.232529312720772,
    "best_dative_mean": -5.156000605277848
}