{
    "best_epoch": 70,
    "best_val_performance": -0.31458896478017184,
    "val_performance_metric": "diff",
    "train_loss": 3.1750481128692627,
    "initial_pref_do": 0.09857142857142857,
    "final_pref_do": 0.05857142857142857,
    "best_pref_do": 0.05857142857142857
}