{
    "best_epoch": 70,
    "best_val_performance": -0.6130084069569905,
    "val_performance_metric": "diff",
    "train_loss": 5.784216403961182,
    "initial_dative_mean": -7.315191671513674,
    "final_dative_mean": -6.972599340112586,
    "best_dative_mean": -6.972599340112586
}