{
    "best_epoch": 40,
    "best_val_performance": 1.983461798032124,
    "val_performance_metric": "diff",
    "train_loss": 1.259013295173645,
    "initial_dative_mean": -7.258868184006005,
    "final_dative_mean": -8.06727645829407,
    "best_dative_mean": -7.74745573443279
}