{
    "best_epoch": 70,
    "best_val_performance": -0.539608492851257,
    "val_performance_metric": "diff",
    "train_loss": 5.9685959815979,
    "initial_dative_mean": -7.282448626401131,
    "final_dative_mean": -6.872096707946376,
    "best_dative_mean": -6.872096707946376
}