{
    "best_epoch": 59,
    "best_val_performance": 1.3358688942591348,
    "val_performance_metric": "diff",
    "train_loss": 1.4811376333236694,
    "initial_do_mean": -6.5050465078064885,
    "final_do_mean": -6.793414812377005,
    "best_do_mean": -6.835046310135812,
    "initial_pp_mean": -5.873346439997355,
    "final_pp_mean": -6.6173321803410845,
    "best_pp_mean": -6.396293091773987
}