{
    "best_epoch": 70,
    "best_val_performance": 0.5787649377187094,
    "val_performance_metric": "diff",
    "train_loss": 1.562770128250122,
    "initial_pref_do": 0.09857142857142857,
    "final_pref_do": 0.047142857142857146,
    "best_pref_do": 0.047142857142857146
}