{
    "best_epoch": 70,
    "best_val_performance": -0.3585966348648073,
    "val_performance_metric": "diff",
    "train_loss": 3.213563919067383,
    "initial_do_mean": -6.671204519271851,
    "final_do_mean": -4.9623277331843525,
    "best_do_mean": -4.9623277331843525,
    "initial_pp_mean": -5.822841776741876,
    "final_pp_mean": -4.429302623536851,
    "best_pp_mean": -4.429302623536851
}