{
    "best_epoch": 25,
    "best_val_performance": 0.057256306012472,
    "val_performance_metric": "diff",
    "train_loss": 3.6627135276794434,
    "initial_do_mean": -6.6388237823139535,
    "final_do_mean": -5.098885758717855,
    "best_do_mean": -4.5405569047638865,
    "initial_pp_mean": -5.79023429552714,
    "final_pp_mean": -4.371624371740553,
    "best_pp_mean": -4.028347214063008
}