{
    "best_epoch": 43,
    "best_val_performance": 0.5701726468404136,
    "val_performance_metric": "diff",
    "train_loss": 2.9017233848571777,
    "initial_do_mean": -7.963376561569613,
    "final_do_mean": -6.46863779702852,
    "best_do_mean": -6.909332928269408,
    "initial_pp_mean": -7.5764484167098995,
    "final_pp_mean": -7.571781761506024,
    "best_pp_mean": -7.149655191337361
}