{
    "best_epoch": 70,
    "best_val_performance": 1.483299853006999,
    "val_performance_metric": "diff",
    "train_loss": 1.9333248138427734,
    "initial_pref_do": 0.17714285714285713,
    "final_pref_do": 0.04285714285714286,
    "best_pref_do": 0.04285714285714286
}