{
    "best_epoch": 68,
    "best_val_performance": -0.19547653198242188,
    "val_performance_metric": "diff",
    "train_loss": 3.5932748317718506,
    "initial_dative_mean": -7.196647503222638,
    "final_dative_mean": -5.428011480479213,
    "best_dative_mean": -5.456531176441594
}