{
    "best_epoch": 40,
    "best_val_performance": 0.3255624818801879,
    "val_performance_metric": "diff",
    "train_loss": 2.796482801437378,
    "initial_do_mean": -6.6722151626240125,
    "final_do_mean": -7.237873976158373,
    "best_do_mean": -6.401175169511275,
    "initial_pp_mean": -5.825030279159546,
    "final_pp_mean": -6.593282757865058,
    "best_pp_mean": -5.241726228925917
}