{
    "best_epoch": 19,
    "best_val_performance": 1.2745783805847166,
    "val_performance_metric": "diff",
    "train_loss": 2.427077531814575,
    "initial_do_mean": -6.669447806387237,
    "final_do_mean": -6.9066093387025775,
    "best_do_mean": -6.403694401365338,
    "initial_pp_mean": -5.822354976336161,
    "final_pp_mean": -5.8350677304797705,
    "best_pp_mean": -5.6558168490727745
}