{
    "best_epoch": 70,
    "best_val_performance": 4.373127252260845,
    "val_performance_metric": "diff",
    "train_loss": 2.179772138595581,
    "initial_do_mean": -6.533979931744662,
    "final_do_mean": -7.185027638348666,
    "best_do_mean": -7.185027638348666,
    "initial_pp_mean": -5.901572767893473,
    "final_pp_mean": -6.649235322740343,
    "best_pp_mean": -6.649235322740343
}