{
    "best_epoch": 69,
    "best_val_performance": 1.6255873378117878,
    "val_performance_metric": "diff",
    "train_loss": 1.422238826751709,
    "initial_pref_do": 0.15571428571428572,
    "final_pref_do": 0.02857142857142857,
    "best_pref_do": 0.027142857142857142
}