{
    "best_epoch": 17,
    "best_val_performance": 0.8544856166839594,
    "val_performance_metric": "diff",
    "train_loss": 3.7625505924224854,
    "initial_dative_mean": -7.263816305071289,
    "final_dative_mean": -8.589862867754105,
    "best_dative_mean": -7.507785749714277
}