{
    "best_epoch": 17,
    "best_val_performance": -0.021145634651183798,
    "val_performance_metric": "diff",
    "train_loss": 3.2186970710754395,
    "initial_do_mean": -6.6699314319726195,
    "final_do_mean": -5.709754721323649,
    "best_do_mean": -5.335044885404182,
    "initial_pp_mean": -5.822598512967428,
    "final_pp_mean": -4.672033169534472,
    "best_pp_mean": -4.276023289892408
}