{
    "best_epoch": 8,
    "best_val_performance": 0.5927028751373289,
    "val_performance_metric": "diff",
    "train_loss": 3.1861541271209717,
    "initial_do_mean": -6.5080846020669645,
    "final_do_mean": -6.199697935219967,
    "best_do_mean": -4.73669567975131,
    "initial_pp_mean": -5.8771165132522585,
    "final_pp_mean": -5.349405964215596,
    "best_pp_mean": -4.160431864526537
}