{
    "best_epoch": 20,
    "best_val_performance": -0.17385183811187765,
    "val_performance_metric": "diff",
    "train_loss": 2.734834671020508,
    "initial_pref_do": 0.1757142857142857,
    "final_pref_do": 0.3742857142857143,
    "best_pref_do": 0.32
}