{
    "best_epoch": 70,
    "best_val_performance": 0.22568396886189834,
    "val_performance_metric": "diff",
    "train_loss": 1.646811604499817,
    "initial_pref_do": 0.10142857142857142,
    "final_pref_do": 0.01,
    "best_pref_do": 0.01
}