{
    "best_epoch": 70,
    "best_val_performance": -0.6224498542149863,
    "val_performance_metric": "diff",
    "train_loss": 7.837484359741211,
    "initial_pref_do": 0.09714285714285714,
    "final_pref_do": 0.12,
    "best_pref_do": 0.12
}