{
    "best_epoch": 13,
    "best_val_performance": 0.7948353528976444,
    "val_performance_metric": "diff",
    "train_loss": 1.9013237953186035,
    "initial_do_mean": -7.59539981428967,
    "final_do_mean": -6.814066872347233,
    "best_do_mean": -5.3131987556468605,
    "initial_pp_mean": -7.1507403177373545,
    "final_pp_mean": -5.692151857474271,
    "best_pp_mean": -4.4163959331372205
}