{
    "best_epoch": 32,
    "best_val_performance": 0.11265259901682523,
    "val_performance_metric": "diff",
    "train_loss": 2.4270753860473633,
    "initial_pref_do": 0.15571428571428572,
    "final_pref_do": 0.09142857142857143,
    "best_pref_do": 0.12857142857142856
}