{
    "best_epoch": 70,
    "best_val_performance": -0.25520557244618747,
    "val_performance_metric": "diff",
    "train_loss": 3.572239637374878,
    "initial_do_mean": -6.669285512693,
    "final_do_mean": -5.730458229238336,
    "best_do_mean": -5.730458229238336,
    "initial_pp_mean": -5.824240663316515,
    "final_pp_mean": -4.693959670596652,
    "best_pp_mean": -4.693959670596652
}