{
    "best_epoch": 70,
    "best_val_performance": -0.45136990388234466,
    "val_performance_metric": "diff",
    "train_loss": 7.348726272583008,
    "initial_pref_do": 0.14714285714285713,
    "final_pref_do": 0.19,
    "best_pref_do": 0.19
}