{
    "best_epoch": 70,
    "best_val_performance": -0.031715284983317105,
    "val_performance_metric": "diff",
    "train_loss": 2.8214666843414307,
    "initial_do_mean": -7.838631820540096,
    "final_do_mean": -5.962039729190427,
    "best_do_mean": -5.962039729190427,
    "initial_pp_mean": -7.373394021567177,
    "final_pp_mean": -5.866700996020261,
    "best_pp_mean": -5.866700996020261
}