{
    "best_epoch": 35,
    "best_val_performance": 0.00409378210703526,
    "val_performance_metric": "diff",
    "train_loss": 2.0533390045166016,
    "initial_dative_mean": -7.343018808560065,
    "final_dative_mean": -5.60445541457126,
    "best_dative_mean": -5.284500658686398
}