{
    "best_epoch": 70,
    "best_val_performance": -0.2216526412963873,
    "val_performance_metric": "diff",
    "train_loss": 3.9598803520202637,
    "initial_do_mean": -7.693799019552941,
    "final_do_mean": -6.02072098331396,
    "best_do_mean": -6.02072098331396,
    "initial_pp_mean": -7.29535278783125,
    "final_pp_mean": -5.451898328346364,
    "best_pp_mean": -5.451898328346364
}