{
    "best_epoch": 70,
    "best_val_performance": -0.5672198295593258,
    "val_performance_metric": "diff",
    "train_loss": 4.890877723693848,
    "initial_dative_mean": -7.260894857652006,
    "final_dative_mean": -7.067390936857079,
    "best_dative_mean": -7.067390936857079
}