{
    "best_epoch": 65,
    "best_val_performance": 1.7515557845433554,
    "val_performance_metric": "diff",
    "train_loss": 1.8401944637298584,
    "initial_do_mean": -6.5567188725327,
    "final_do_mean": -6.342141993840536,
    "best_do_mean": -6.343328939784657,
    "initial_pp_mean": -5.760395765304565,
    "final_pp_mean": -5.926536072625054,
    "best_pp_mean": -5.897177060445149
}