{
    "best_epoch": 70,
    "best_val_performance": 0.037478235562642404,
    "val_performance_metric": "diff",
    "train_loss": 3.0964672565460205,
    "initial_dative_mean": -7.263445713366681,
    "final_dative_mean": -5.584203379718881,
    "best_dative_mean": -5.584203379718881
}