{
    "best_epoch": 70,
    "best_val_performance": -0.24762341658274334,
    "val_performance_metric": "diff",
    "train_loss": 3.5405776500701904,
    "initial_pref_do": 0.12714285714285714,
    "final_pref_do": 0.16857142857142857,
    "best_pref_do": 0.16857142857142857
}