{
    "best_epoch": 70,
    "best_val_performance": 0.4842975997924812,
    "val_performance_metric": "diff",
    "train_loss": 2.976147413253784,
    "initial_do_mean": -7.599413362353347,
    "final_do_mean": -6.095614473487055,
    "best_do_mean": -6.095614473487055,
    "initial_pp_mean": -7.153884818273432,
    "final_pp_mean": -5.359357377010233,
    "best_pp_mean": -5.359357377010233
}