{
    "best_epoch": 34,
    "best_val_performance": 3.1557061672210693,
    "val_performance_metric": "diff",
    "train_loss": 1.9163445234298706,
    "initial_dative_mean": -7.3151619957204455,
    "final_dative_mean": -7.173701323960957,
    "best_dative_mean": -6.190484643679613
}