{
    "best_epoch": 52,
    "best_val_performance": 0.1782356135050449,
    "val_performance_metric": "diff",
    "train_loss": 2.7773547172546387,
    "initial_do_mean": -6.767145726175019,
    "final_do_mean": -4.488127796577685,
    "best_do_mean": -4.364802487691244,
    "initial_pp_mean": -6.1019952509138315,
    "final_pp_mean": -4.090800107849969,
    "best_pp_mean": -3.965191536479526
}