{
    "best_epoch": 33,
    "best_val_performance": 4.512200380961101,
    "val_performance_metric": "diff",
    "train_loss": 2.2529478073120117,
    "initial_do_mean": -6.636683328223951,
    "final_do_mean": -6.795871741843946,
    "best_do_mean": -6.588035293058915,
    "initial_pp_mean": -5.78510782983568,
    "final_pp_mean": -5.975625157356262,
    "best_pp_mean": -5.730120152897305
}