{
    "best_epoch": 69,
    "best_val_performance": 3.2672009181976325,
    "val_performance_metric": "diff",
    "train_loss": 1.2435945272445679,
    "initial_do_mean": -6.6380313670996465,
    "final_do_mean": -7.502565808729692,
    "best_do_mean": -7.5365902525005914,
    "initial_pp_mean": -5.789227512147692,
    "final_pp_mean": -6.478847226831648,
    "best_pp_mean": -6.49962884982427
}