{
    "best_epoch": 21,
    "best_val_performance": 0.15736138661702537,
    "val_performance_metric": "diff",
    "train_loss": 2.5386269092559814,
    "initial_do_mean": -6.547615613359394,
    "final_do_mean": -5.180251190879128,
    "best_do_mean": -4.60029541795904,
    "initial_pp_mean": -5.901503276824951,
    "final_pp_mean": -4.62605500486162,
    "best_pp_mean": -4.199364434348213
}