{
    "best_epoch": 70,
    "best_val_performance": 0.11084063371022523,
    "val_performance_metric": "diff",
    "train_loss": 1.8848899602890015,
    "initial_do_mean": -6.5098601586890945,
    "final_do_mean": -4.845205980358702,
    "best_do_mean": -4.845205980358702,
    "initial_pp_mean": -5.876474653349982,
    "final_pp_mean": -4.2569105201297335,
    "best_pp_mean": -4.2569105201297335
}