{
    "best_epoch": 33,
    "best_val_performance": 1.8588917128245033,
    "val_performance_metric": "diff",
    "train_loss": 2.0565884113311768,
    "initial_dative_mean": -7.31461356013839,
    "final_dative_mean": -5.598122152930115,
    "best_dative_mean": -5.4312533636887865
}