{
    "best_epoch": 56,
    "best_val_performance": 4.82887524286906,
    "val_performance_metric": "diff",
    "train_loss": 2.647962808609009,
    "initial_do_mean": -7.6730658966441485,
    "final_do_mean": -6.69573585134606,
    "best_do_mean": -6.784346883726674,
    "initial_pp_mean": -7.074028057911817,
    "final_pp_mean": -5.60900764780886,
    "best_pp_mean": -5.640532031129388
}