{
    "best_epoch": 70,
    "best_val_performance": 2.963304266929627,
    "val_performance_metric": "diff",
    "train_loss": 0.8712654113769531,
    "initial_do_mean": -6.418476840221521,
    "final_do_mean": -6.641388497208104,
    "best_do_mean": -6.641388497208104,
    "initial_pp_mean": -5.741945219039917,
    "final_pp_mean": -6.708619766765171,
    "best_pp_mean": -6.708619766765171
}