{
    "best_epoch": 18,
    "best_val_performance": 0.014518791834513323,
    "val_performance_metric": "diff",
    "train_loss": 4.16930627822876,
    "initial_do_mean": -6.6710284464287035,
    "final_do_mean": -4.898369312286377,
    "best_do_mean": -4.637970758206917,
    "initial_pp_mean": -5.825993445184496,
    "final_pp_mean": -4.368467781278822,
    "best_pp_mean": -3.815262375937568
}