{
    "best_epoch": 70,
    "best_val_performance": 0.00966959158579428,
    "val_performance_metric": "diff",
    "train_loss": 1.7417939901351929,
    "initial_do_mean": -6.658002799929995,
    "final_do_mean": -5.043166556502833,
    "best_do_mean": -5.043166556502833,
    "initial_pp_mean": -5.918618292278714,
    "final_pp_mean": -4.210520115163591,
    "best_pp_mean": -4.210520115163591
}