{
    "best_epoch": 70,
    "best_val_performance": 0.6100826136271165,
    "val_performance_metric": "diff",
    "train_loss": 2.443323850631714,
    "initial_do_mean": -7.670517068269641,
    "final_do_mean": -5.624837569372598,
    "best_do_mean": -5.624837569372598,
    "initial_pp_mean": -7.072750679184408,
    "final_pp_mean": -5.152773928291658,
    "best_pp_mean": -5.152773928291658
}