{
    "best_epoch": 17,
    "best_val_performance": -0.016986640294392785,
    "val_performance_metric": "diff",
    "train_loss": 2.1168723106384277,
    "initial_pref_do": 0.14714285714285713,
    "final_pref_do": 0.19142857142857142,
    "best_pref_do": 0.26
}