{
    "best_epoch": 19,
    "best_val_performance": 0.18687199592590265,
    "val_performance_metric": "diff",
    "train_loss": 3.3078110218048096,
    "initial_do_mean": -7.636145659657412,
    "final_do_mean": -5.34542891660402,
    "best_do_mean": -5.302904521310052,
    "initial_pp_mean": -6.992829351565417,
    "final_pp_mean": -4.377500849611619,
    "best_pp_mean": -4.285858059280059
}