{
    "best_epoch": 62,
    "best_val_performance": -0.2458590650558472,
    "val_performance_metric": "diff",
    "train_loss": 4.083427429199219,
    "initial_dative_mean": -7.605182034927502,
    "final_dative_mean": -5.770004639325784,
    "best_dative_mean": -5.876567363564731
}