{
    "best_epoch": 70,
    "best_val_performance": -0.5333618386586512,
    "val_performance_metric": "diff",
    "train_loss": 6.711276054382324,
    "initial_pref_do": 0.17714285714285713,
    "final_pref_do": 0.21,
    "best_pref_do": 0.21
}