{
    "best_epoch": 70,
    "best_val_performance": 1.393860127131144,
    "val_performance_metric": "diff",
    "train_loss": 1.8167645931243896,
    "initial_do_mean": -6.549858848976366,
    "final_do_mean": -4.752501840302439,
    "best_do_mean": -4.752501840302439,
    "initial_pp_mean": -5.903691710366143,
    "final_pp_mean": -3.994279240237342,
    "best_pp_mean": -3.994279240237342
}