{
    "best_epoch": 20,
    "best_val_performance": 0.947216787338256,
    "val_performance_metric": "diff",
    "train_loss": 2.5322818756103516,
    "initial_do_mean": -6.542824251001531,
    "final_do_mean": -7.7592295242078375,
    "best_do_mean": -5.917241297346173,
    "initial_pp_mean": -5.896174155341255,
    "final_pp_mean": -7.895284024874369,
    "best_pp_mean": -6.295194576846229
}