{
    "best_epoch": 11,
    "best_val_performance": 0.18014714558919298,
    "val_performance_metric": "diff",
    "train_loss": 1.86504065990448,
    "initial_do_mean": -7.9640903063984805,
    "final_do_mean": -7.851891541203787,
    "best_do_mean": -5.78921600136646,
    "initial_pp_mean": -7.57837033552282,
    "final_pp_mean": -7.172253877625746,
    "best_pp_mean": -5.073673963546753
}