{
    "best_epoch": 70,
    "best_val_performance": 3.5915933767954513,
    "val_performance_metric": "diff",
    "train_loss": 2.83857798576355,
    "initial_do_mean": -6.7414919593117455,
    "final_do_mean": -9.84472748149525,
    "best_do_mean": -9.84472748149525,
    "initial_pp_mean": -6.122896258036295,
    "final_pp_mean": -7.995449301931593,
    "best_pp_mean": -7.995449301931593
}