{
    "best_epoch": 56,
    "best_val_performance": 2.532576651573182,
    "val_performance_metric": "diff",
    "train_loss": 1.256269931793213,
    "initial_do_mean": -6.6707211003159035,
    "final_do_mean": -6.606326892159202,
    "best_do_mean": -6.412254464987552,
    "initial_pp_mean": -5.822741344239977,
    "final_pp_mean": -5.612516118420495,
    "best_pp_mean": -5.433084626992543
}