{
    "best_epoch": 23,
    "best_val_performance": 1.4044847710927328,
    "val_performance_metric": "diff",
    "train_loss": 2.5207529067993164,
    "initial_pref_do": 0.14714285714285713,
    "final_pref_do": 0.18285714285714286,
    "best_pref_do": 0.11857142857142858
}