{
    "best_epoch": 55,
    "best_val_performance": 0.11791517416636133,
    "val_performance_metric": "diff",
    "train_loss": 2.2363147735595703,
    "initial_do_mean": -7.6317645893540496,
    "final_do_mean": -6.1721059014630875,
    "best_do_mean": -6.158002277792886,
    "initial_pp_mean": -6.988035586301018,
    "final_pp_mean": -5.458115140480154,
    "best_pp_mean": -5.4768611224258645
}