{
    "best_epoch": 45,
    "best_val_performance": 3.920020553270975,
    "val_performance_metric": "diff",
    "train_loss": 1.919251561164856,
    "initial_dative_mean": -7.341182324969978,
    "final_dative_mean": -8.144914676397168,
    "best_dative_mean": -7.551485659260499
}