{
    "best_epoch": 70,
    "best_val_performance": 0.0831095059712732,
    "val_performance_metric": "diff",
    "train_loss": 1.92186439037323,
    "initial_do_mean": -6.669972778089119,
    "final_do_mean": -4.593951722347375,
    "best_do_mean": -4.593951722347375,
    "initial_pp_mean": -5.823930986722311,
    "final_pp_mean": -4.003650342093573,
    "best_pp_mean": -4.003650342093573
}