{
    "best_epoch": 22,
    "best_val_performance": 0.24565254847208617,
    "val_performance_metric": "diff",
    "train_loss": 3.255748987197876,
    "initial_do_mean": -7.69496577770211,
    "final_do_mean": -5.508667688730151,
    "best_do_mean": -5.257789740728778,
    "initial_pp_mean": -7.296683520429275,
    "final_pp_mean": -4.64110848903656,
    "best_pp_mean": -4.622840736894046
}