{
    "best_epoch": 70,
    "best_val_performance": -0.4650833972295123,
    "val_performance_metric": "diff",
    "train_loss": 5.631749629974365,
    "initial_pref_do": 0.14714285714285713,
    "final_pref_do": 0.18714285714285714,
    "best_pref_do": 0.18714285714285714
}