{
    "best_epoch": 70,
    "best_val_performance": 0.10420457839965902,
    "val_performance_metric": "diff",
    "train_loss": 1.9376529455184937,
    "initial_do_mean": -6.533759998552727,
    "final_do_mean": -4.859549440037121,
    "best_do_mean": -4.859549440037121,
    "initial_pp_mean": -5.901270866394043,
    "final_pp_mean": -4.487117852105035,
    "best_pp_mean": -4.487117852105035
}