{
    "best_epoch": 21,
    "best_val_performance": 2.2839747190475457,
    "val_performance_metric": "diff",
    "train_loss": 3.6736061573028564,
    "initial_dative_mean": -7.61082773250446,
    "final_dative_mean": -7.577694746137363,
    "best_dative_mean": -5.005089668154019
}