{
    "best_epoch": 70,
    "best_val_performance": -0.2784929259618121,
    "val_performance_metric": "diff",
    "train_loss": 4.069060325622559,
    "initial_dative_mean": -7.4622531184676095,
    "final_dative_mean": -5.843912481215963,
    "best_dative_mean": -5.843912481215963
}