{
    "best_epoch": 43,
    "best_val_performance": -0.4225556643803916,
    "val_performance_metric": "diff",
    "train_loss": 2.5427603721618652,
    "initial_pref_do": 0.15857142857142856,
    "final_pref_do": 0.005714285714285714,
    "best_pref_do": 0.005714285714285714
}