{
    "best_epoch": 70,
    "best_val_performance": -0.026627480189006292,
    "val_performance_metric": "diff",
    "train_loss": 2.966067314147949,
    "initial_dative_mean": -7.461768642503616,
    "final_dative_mean": -5.760213943252786,
    "best_dative_mean": -5.760213943252786
}