{
    "best_epoch": 21,
    "best_val_performance": 2.7955679416656487,
    "val_performance_metric": "diff",
    "train_loss": 2.3277385234832764,
    "initial_do_mean": -6.557994016011556,
    "final_do_mean": -6.7158730246803975,
    "best_do_mean": -7.627779204917677,
    "initial_pp_mean": -5.76321394443512,
    "final_pp_mean": -5.329303908348083,
    "best_pp_mean": -5.643742487165663
}