{
    "best_epoch": 27,
    "best_val_performance": 2.8763685210545864,
    "val_performance_metric": "diff",
    "train_loss": 2.978314161300659,
    "initial_do_mean": -7.839836621700331,
    "final_do_mean": -8.733155595701794,
    "best_do_mean": -6.371530137089795,
    "initial_pp_mean": -7.375369018666884,
    "final_pp_mean": -6.402827236582251,
    "best_pp_mean": -5.339696744259666
}