{
    "best_epoch": 59,
    "best_val_performance": 1.110721791585287,
    "val_performance_metric": "diff",
    "train_loss": 1.8755367994308472,
    "initial_pref_do": 0.14857142857142858,
    "final_pref_do": 0.054285714285714284,
    "best_pref_do": 0.05
}