{
    "best_epoch": 70,
    "best_val_performance": 1.1767061169942217,
    "val_performance_metric": "diff",
    "train_loss": 0.8204017877578735,
    "initial_dative_mean": -7.193781044399529,
    "final_dative_mean": -6.020616041986566,
    "best_dative_mean": -6.020616041986566
}