{
    "best_epoch": 21,
    "best_val_performance": 0.14032849152882942,
    "val_performance_metric": "diff",
    "train_loss": 3.1271088123321533,
    "initial_do_mean": -7.836974570224451,
    "final_do_mean": -6.272646150270174,
    "best_do_mean": -5.942377075899479,
    "initial_pp_mean": -7.372869126235737,
    "final_pp_mean": -5.067638388802023,
    "best_pp_mean": -4.799339098439497
}