{
    "best_epoch": 70,
    "best_val_performance": 0.16180503686269176,
    "val_performance_metric": "diff",
    "train_loss": 2.643958806991577,
    "initial_do_mean": -6.417393418514368,
    "final_do_mean": -5.298865857268825,
    "best_do_mean": -5.298865857268825,
    "initial_pp_mean": -5.73923303021325,
    "final_pp_mean": -4.54611439704895,
    "best_pp_mean": -4.54611439704895
}