{
    "best_epoch": 63,
    "best_val_performance": 5.617272806167604,
    "val_performance_metric": "diff",
    "train_loss": 2.6339001655578613,
    "initial_do_mean": -6.660924412987449,
    "final_do_mean": -8.08553504076871,
    "best_do_mean": -7.793646386175444,
    "initial_pp_mean": -5.9198878367741905,
    "final_pp_mean": -6.857575779491,
    "best_pp_mean": -6.675209042761061
}