{
    "best_epoch": 70,
    "best_val_performance": -0.29216869672139545,
    "val_performance_metric": "diff",
    "train_loss": 3.104318141937256,
    "initial_do_mean": -6.633562088012695,
    "final_do_mean": -4.956552716457483,
    "best_do_mean": -4.956552716457483,
    "initial_pp_mean": -5.784417457050747,
    "final_pp_mean": -4.292352795600891,
    "best_pp_mean": -4.292352795600891
}