{
    "best_epoch": 70,
    "best_val_performance": 0.2991532564163215,
    "val_performance_metric": "diff",
    "train_loss": 1.9256104230880737,
    "initial_dative_mean": -7.191806695963207,
    "final_dative_mean": -5.376390194509462,
    "best_dative_mean": -5.376390194509462
}