{
    "best_epoch": 70,
    "best_val_performance": -0.5427818425496413,
    "val_performance_metric": "diff",
    "train_loss": 6.502857685089111,
    "initial_dative_mean": -7.342283421441128,
    "final_dative_mean": -7.061291354092938,
    "best_dative_mean": -7.061291354092938
}