{
    "best_epoch": 15,
    "best_val_performance": 1.1884082492192585,
    "val_performance_metric": "diff",
    "train_loss": 2.4980666637420654,
    "initial_do_mean": -7.8392752824827685,
    "final_do_mean": -5.830500998122748,
    "best_do_mean": -5.32370566905931,
    "initial_pp_mean": -7.375000083446503,
    "final_pp_mean": -5.9599796736941615,
    "best_pp_mean": -4.94563580120311
}