{
    "best_epoch": 8,
    "best_val_performance": 0.3020640945434572,
    "val_performance_metric": "diff",
    "train_loss": 3.678297519683838,
    "initial_pref_do": 0.17714285714285713,
    "final_pref_do": 0.25285714285714284,
    "best_pref_do": 0.041428571428571426
}