{
    "best_epoch": 70,
    "best_val_performance": -0.35361518541971826,
    "val_performance_metric": "diff",
    "train_loss": 3.102365493774414,
    "initial_dative_mean": -7.193117125689635,
    "final_dative_mean": -5.943340925968181,
    "best_dative_mean": -5.943340925968181
}