{
    "best_epoch": 40,
    "best_val_performance": 0.23521906534830705,
    "val_performance_metric": "diff",
    "train_loss": 1.7675995826721191,
    "initial_pref_do": 0.17714285714285713,
    "final_pref_do": 0.2057142857142857,
    "best_pref_do": 0.1957142857142857
}