{
    "best_epoch": 70,
    "best_val_performance": -0.31097721576690684,
    "val_performance_metric": "diff",
    "train_loss": 2.2090811729431152,
    "initial_pref_do": 0.1357142857142857,
    "final_pref_do": 0.19857142857142857,
    "best_pref_do": 0.19857142857142857
}