{
    "best_epoch": 35,
    "best_val_performance": 0.021099338531493927,
    "val_performance_metric": "diff",
    "train_loss": 1.506519079208374,
    "initial_do_mean": -7.959775029919868,
    "final_do_mean": -5.508291303764942,
    "best_do_mean": -5.2622286961522216,
    "initial_pp_mean": -7.573838299162247,
    "final_pp_mean": -5.2723977863788605,
    "best_pp_mean": -4.967824056218652
}