{
    "best_epoch": 56,
    "best_val_performance": 2.0347582085927334,
    "val_performance_metric": "diff",
    "train_loss": 1.8337169885635376,
    "initial_do_mean": -7.634519037812255,
    "final_do_mean": -6.831929696160693,
    "best_do_mean": -6.8414840892303825,
    "initial_pp_mean": -6.991457123616162,
    "final_pp_mean": -5.818749023185057,
    "best_pp_mean": -5.8316096032367035
}