{
    "best_epoch": 70,
    "best_val_performance": 0.0632505575815836,
    "val_performance_metric": "diff",
    "train_loss": 2.41231107711792,
    "initial_dative_mean": -7.259703880862186,
    "final_dative_mean": -5.136711910802719,
    "best_dative_mean": -5.136711910802719
}