{
    "best_epoch": 70,
    "best_val_performance": -0.13393011887868322,
    "val_performance_metric": "diff",
    "train_loss": 3.949648141860962,
    "initial_pref_do": 0.1357142857142857,
    "final_pref_do": 0.14,
    "best_pref_do": 0.14
}