{
    "best_epoch": 26,
    "best_val_performance": 1.5754030243555714,
    "val_performance_metric": "diff",
    "train_loss": 2.4404525756835938,
    "initial_do_mean": -7.674186443173608,
    "final_do_mean": -6.006053558615751,
    "best_do_mean": -6.651458518103111,
    "initial_pp_mean": -7.073702347979826,
    "final_pp_mean": -5.723516940719941,
    "best_pp_mean": -6.528152582925909
}