{
    "best_epoch": 70,
    "best_val_performance": 0.5405624866485592,
    "val_performance_metric": "diff",
    "train_loss": 0.8531951904296875,
    "initial_dative_mean": -7.192867914835612,
    "final_dative_mean": -5.60189925874883,
    "best_dative_mean": -5.60189925874883
}