{
    "best_epoch": 70,
    "best_val_performance": -0.5057886886596679,
    "val_performance_metric": "diff",
    "train_loss": 5.480408191680908,
    "initial_dative_mean": -7.193046700536159,
    "final_dative_mean": -6.750811926454132,
    "best_dative_mean": -6.750811926454132
}