{
    "best_epoch": 67,
    "best_val_performance": -0.24127987543741902,
    "val_performance_metric": "diff",
    "train_loss": 3.6476941108703613,
    "initial_do_mean": -6.506464362866951,
    "final_do_mean": -5.49456241347573,
    "best_do_mean": -5.531113613013066,
    "initial_pp_mean": -5.8744215038087635,
    "final_pp_mean": -5.1330856747097435,
    "best_pp_mean": -5.166019315189786
}