{
    "best_epoch": 47,
    "best_val_performance": 1.2866998736063637,
    "val_performance_metric": "diff",
    "train_loss": 1.5441628694534302,
    "initial_do_mean": -7.598776875540268,
    "final_do_mean": -6.69845338928145,
    "best_do_mean": -6.437147941353709,
    "initial_pp_mean": -7.153248265911551,
    "final_pp_mean": -5.801541365946041,
    "best_pp_mean": -5.481835144407609
}