{
    "best_epoch": 38,
    "best_val_performance": 0.5442255814870194,
    "val_performance_metric": "diff",
    "train_loss": 1.9753767251968384,
    "initial_dative_mean": -7.579437986800545,
    "final_dative_mean": -5.4172285457103575,
    "best_dative_mean": -5.146650161833791
}