{
    "best_epoch": 20,
    "best_val_performance": 3.1117904440561936,
    "val_performance_metric": "diff",
    "train_loss": 2.4497897624969482,
    "initial_do_mean": -6.746340575362697,
    "final_do_mean": -9.403367912408077,
    "best_do_mean": -6.832741425254128,
    "initial_pp_mean": -6.128504302766588,
    "final_pp_mean": -7.862669369909498,
    "best_pp_mean": -5.6363540940814545
}