{
    "best_epoch": 22,
    "best_val_performance": 0.15958845615386963,
    "val_performance_metric": "diff",
    "train_loss": 3.3478050231933594,
    "initial_do_mean": -6.541929353367198,
    "final_do_mean": -4.680679945512251,
    "best_do_mean": -4.186427474744392,
    "initial_pp_mean": -5.896571548779805,
    "final_pp_mean": -4.277709598011441,
    "best_pp_mean": -3.8883560498555503
}