{
    "best_epoch": 70,
    "best_val_performance": -0.04065739154815695,
    "val_performance_metric": "diff",
    "train_loss": 3.936769723892212,
    "initial_do_mean": -7.693730881740881,
    "final_do_mean": -5.97801541138527,
    "best_do_mean": -5.97801541138527,
    "initial_pp_mean": -7.2948696998988884,
    "final_pp_mean": -5.432563502648297,
    "best_pp_mean": -5.432563502648297
}