{
    "best_epoch": 70,
    "best_val_performance": -0.5666104205449427,
    "val_performance_metric": "diff",
    "train_loss": 5.426096439361572,
    "initial_dative_mean": -7.311622175208309,
    "final_dative_mean": -7.008926559261411,
    "best_dative_mean": -7.008926559261411
}