{
    "best_epoch": 10,
    "best_val_performance": 0.36543853282928485,
    "val_performance_metric": "diff",
    "train_loss": 3.0032036304473877,
    "initial_pref_do": 0.09857142857142857,
    "final_pref_do": 0.12571428571428572,
    "best_pref_do": 0.10571428571428572
}