{
    "best_epoch": 22,
    "best_val_performance": 2.487971119880676,
    "val_performance_metric": "diff",
    "train_loss": 2.3649392127990723,
    "initial_pref_do": 0.15714285714285714,
    "final_pref_do": 0.04285714285714286,
    "best_pref_do": 0.012857142857142857
}