{
    "best_epoch": 64,
    "best_val_performance": 0.455094830195109,
    "val_performance_metric": "diff",
    "train_loss": 1.9109225273132324,
    "initial_do_mean": -7.6976192267828205,
    "final_do_mean": -5.294523063440655,
    "best_do_mean": -5.260475338891495,
    "initial_pp_mean": -7.164062551189871,
    "final_pp_mean": -4.556421096885906,
    "best_pp_mean": -4.517333134833504
}