{
    "best_epoch": 70,
    "best_val_performance": -0.05329840977986677,
    "val_performance_metric": "diff",
    "train_loss": 4.881425857543945,
    "initial_pref_do": 0.18142857142857144,
    "final_pref_do": 0.31142857142857144,
    "best_pref_do": 0.31142857142857144
}