{
    "best_epoch": 70,
    "best_val_performance": -0.47338903427124013,
    "val_performance_metric": "diff",
    "train_loss": 6.488068103790283,
    "initial_dative_mean": -7.2564003153851155,
    "final_dative_mean": -6.943383697529285,
    "best_dative_mean": -6.943383697529285
}