{
    "best_epoch": 70,
    "best_val_performance": -0.05664353370666486,
    "val_performance_metric": "diff",
    "train_loss": 2.804625988006592,
    "initial_dative_mean": -7.196958271034977,
    "final_dative_mean": -5.3321403895902355,
    "best_dative_mean": -5.3321403895902355
}