{
    "best_epoch": 70,
    "best_val_performance": 0.044677713712056644,
    "val_performance_metric": "diff",
    "train_loss": 1.984866738319397,
    "initial_do_mean": -7.964351398307223,
    "final_do_mean": -5.680675487185633,
    "best_do_mean": -5.680675487185633,
    "initial_pp_mean": -7.579019208515391,
    "final_pp_mean": -4.723376312676598,
    "best_pp_mean": -4.723376312676598
}