{
    "best_epoch": 39,
    "best_val_performance": 1.8077981583277385,
    "val_performance_metric": "diff",
    "train_loss": 2.2044215202331543,
    "initial_do_mean": -7.635462907164595,
    "final_do_mean": -6.590499805849652,
    "best_do_mean": -5.9447514886079835,
    "initial_pp_mean": -6.991684519543368,
    "final_pp_mean": -6.066291255460066,
    "best_pp_mean": -5.466252633753945
}