{
    "best_epoch": 17,
    "best_val_performance": 0.06402401447296135,
    "val_performance_metric": "diff",
    "train_loss": 2.8858935832977295,
    "initial_do_mean": -6.559258122877641,
    "final_do_mean": -4.922830827308424,
    "best_do_mean": -4.841807521473278,
    "initial_pp_mean": -5.763204733530681,
    "final_pp_mean": -4.4540541860792375,
    "best_pp_mean": -3.9611579683091906
}