{
    "best_epoch": 64,
    "best_val_performance": 2.7336312993367518,
    "val_performance_metric": "diff",
    "train_loss": 2.0233116149902344,
    "initial_do_mean": -7.961387607247331,
    "final_do_mean": -9.332993467186773,
    "best_do_mean": -9.362536105305649,
    "initial_pp_mean": -7.577189859923195,
    "final_pp_mean": -8.140532966571696,
    "best_pp_mean": -8.182468038446762
}