{
    "best_epoch": 18,
    "best_val_performance": 0.651322169303894,
    "val_performance_metric": "diff",
    "train_loss": 2.4340696334838867,
    "initial_do_mean": -7.603663132634273,
    "final_do_mean": -6.725304540506629,
    "best_do_mean": -5.855389761716821,
    "initial_pp_mean": -7.159279496529523,
    "final_pp_mean": -5.802299629940706,
    "best_pp_mean": -4.992309432871202
}