{
    "best_epoch": 70,
    "best_val_performance": -0.33596314748128187,
    "val_performance_metric": "diff",
    "train_loss": 5.543503284454346,
    "initial_do_mean": -6.534729519757358,
    "final_do_mean": -5.577323993047078,
    "best_do_mean": -5.577323993047078,
    "initial_pp_mean": -5.90213647948371,
    "final_pp_mean": -5.079934660593668,
    "best_pp_mean": -5.079934660593668
}