{
    "best_epoch": 24,
    "best_val_performance": -0.013948453267415672,
    "val_performance_metric": "diff",
    "train_loss": 2.0891506671905518,
    "initial_do_mean": -7.687859115212462,
    "final_do_mean": -5.580685076325438,
    "best_do_mean": -5.2487259822529415,
    "initial_pp_mean": -7.173999644027036,
    "final_pp_mean": -4.658403131541084,
    "best_pp_mean": -4.274623077055987
}