{
    "best_epoch": 70,
    "best_val_performance": -0.44425060272216843,
    "val_performance_metric": "diff",
    "train_loss": 5.4988908767700195,
    "initial_pref_do": 0.08285714285714285,
    "final_pref_do": 0.07428571428571429,
    "best_pref_do": 0.07428571428571429
}