{
    "best_epoch": 70,
    "best_val_performance": -0.05476809183756526,
    "val_performance_metric": "diff",
    "train_loss": 3.434110164642334,
    "initial_pref_do": 0.07714285714285714,
    "final_pref_do": 0.06,
    "best_pref_do": 0.06
}