{
    "best_epoch": 40,
    "best_val_performance": 0.2599502865473431,
    "val_performance_metric": "diff",
    "train_loss": 1.638053059577942,
    "initial_do_mean": -7.954455223194389,
    "final_do_mean": -5.185598225787628,
    "best_do_mean": -5.08970269041006,
    "initial_pp_mean": -7.52881274433697,
    "final_pp_mean": -4.8442139197798335,
    "best_pp_mean": -4.721389090664246
}