{
    "best_epoch": 19,
    "best_val_performance": -0.029662577311198035,
    "val_performance_metric": "diff",
    "train_loss": 3.0270447731018066,
    "initial_do_mean": -6.5299602205103096,
    "final_do_mean": -4.709202941258749,
    "best_do_mean": -4.233664134054473,
    "initial_pp_mean": -5.8964707189136085,
    "final_pp_mean": -4.154462463325924,
    "best_pp_mean": -3.6341429657406277
}