{
    "best_epoch": 39,
    "best_val_performance": 0.03379038810729984,
    "val_performance_metric": "diff",
    "train_loss": 2.0955777168273926,
    "initial_do_mean": -7.671399927416513,
    "final_do_mean": -5.927648490251497,
    "best_do_mean": -5.735321260468904,
    "initial_pp_mean": -7.071982815686394,
    "final_pp_mean": -5.577186079586253,
    "best_pp_mean": -5.374545433240779
}