{
    "best_epoch": 62,
    "best_val_performance": -0.05950142224629751,
    "val_performance_metric": "diff",
    "train_loss": 2.91418194770813,
    "initial_dative_mean": -7.608823644836047,
    "final_dative_mean": -5.5575217357155875,
    "best_dative_mean": -5.655761175685459
}