{
    "best_epoch": 21,
    "best_val_performance": -0.06911508878072059,
    "val_performance_metric": "diff",
    "train_loss": 3.4494357109069824,
    "initial_do_mean": -7.70344741677129,
    "final_do_mean": -5.935197368264198,
    "best_do_mean": -5.610274540477021,
    "initial_pp_mean": -7.170319520024693,
    "final_pp_mean": -4.937568741335588,
    "best_pp_mean": -4.731917095184326
}