{
    "best_epoch": 70,
    "best_val_performance": -0.07235659758249913,
    "val_performance_metric": "diff",
    "train_loss": 4.350644111633301,
    "initial_do_mean": -6.764731290123679,
    "final_do_mean": -5.2829119523366295,
    "best_do_mean": -5.2829119523366295,
    "initial_pp_mean": -6.097606031099955,
    "final_pp_mean": -4.610198065969679,
    "best_pp_mean": -4.610198065969679
}