{
    "best_epoch": 29,
    "best_val_performance": 0.12621581395467185,
    "val_performance_metric": "diff",
    "train_loss": 2.526242733001709,
    "initial_do_mean": -7.688637942075729,
    "final_do_mean": -7.067683992690818,
    "best_do_mean": -6.589772219574729,
    "initial_pp_mean": -7.253336536183077,
    "final_pp_mean": -6.607242307943456,
    "best_pp_mean": -6.0587274211294515
}