{
    "best_epoch": 42,
    "best_val_performance": 1.661486674944559,
    "val_performance_metric": "diff",
    "train_loss": 1.500354528427124,
    "initial_do_mean": -6.769983038757786,
    "final_do_mean": -5.307800977880304,
    "best_do_mean": -4.963989691300825,
    "initial_pp_mean": -6.101763730578952,
    "final_pp_mean": -4.670189697212643,
    "best_pp_mean": -4.457182525263892
}