{
    "best_epoch": 31,
    "best_val_performance": -0.03213544527689649,
    "val_performance_metric": "diff",
    "train_loss": 2.513840913772583,
    "initial_do_mean": -6.503527050307302,
    "final_do_mean": -4.9438969453175865,
    "best_do_mean": -4.585870239951394,
    "initial_pp_mean": -5.8719936185412935,
    "final_pp_mean": -4.292465702692668,
    "best_pp_mean": -3.9932121303346424
}