{
    "best_epoch": 70,
    "best_val_performance": -0.4391842285792036,
    "val_performance_metric": "diff",
    "train_loss": 6.322381019592285,
    "initial_dative_mean": -7.31150632155569,
    "final_dative_mean": -6.962235316547037,
    "best_dative_mean": -6.962235316547037
}