{
    "best_epoch": 62,
    "best_val_performance": 0.11011626879374248,
    "val_performance_metric": "diff",
    "train_loss": 1.9070401191711426,
    "initial_pref_do": 0.15571428571428572,
    "final_pref_do": 0.17714285714285713,
    "best_pref_do": 0.17285714285714285
}