{
    "best_epoch": 28,
    "best_val_performance": 1.6208007097244268,
    "val_performance_metric": "diff",
    "train_loss": 2.428609848022461,
    "initial_pref_do": 0.09714285714285714,
    "final_pref_do": 0.1442857142857143,
    "best_pref_do": 0.07142857142857142
}