{
    "best_epoch": 70,
    "best_val_performance": 0.4168572362263996,
    "val_performance_metric": "diff",
    "train_loss": 2.2257020473480225,
    "initial_dative_mean": -7.194197558171568,
    "final_dative_mean": -5.052377737056442,
    "best_dative_mean": -5.052377737056442
}