{
    "best_epoch": 27,
    "best_val_performance": 0.31840765476226807,
    "val_performance_metric": "diff",
    "train_loss": 2.7884252071380615,
    "initial_do_mean": -7.685430397821027,
    "final_do_mean": -5.310350348783094,
    "best_do_mean": -4.831860179817954,
    "initial_pp_mean": -7.17214788128348,
    "final_pp_mean": -4.654609947695452,
    "best_pp_mean": -4.20951004764613
}