{
    "best_epoch": 70,
    "best_val_performance": 0.2970865376790366,
    "val_performance_metric": "diff",
    "train_loss": 1.728763461112976,
    "initial_pref_do": 0.1757142857142857,
    "final_pref_do": 0.09428571428571429,
    "best_pref_do": 0.09428571428571429
}