{
    "best_epoch": 39,
    "best_val_performance": 3.1344312858581542,
    "val_performance_metric": "diff",
    "train_loss": 2.166623830795288,
    "initial_do_mean": -7.693540061629096,
    "final_do_mean": -7.150734397214513,
    "best_do_mean": -7.435676287079966,
    "initial_pp_mean": -7.258177248169394,
    "final_pp_mean": -6.550096350207048,
    "best_pp_mean": -6.388658561075435
}