{
    "best_epoch": 70,
    "best_val_performance": -0.14734729925791434,
    "val_performance_metric": "diff",
    "train_loss": 3.01694393157959,
    "initial_dative_mean": -7.469067862856458,
    "final_dative_mean": -5.75906532305723,
    "best_dative_mean": -5.75906532305723
}