{
    "best_epoch": 70,
    "best_val_performance": -0.6770627435048429,
    "val_performance_metric": "diff",
    "train_loss": 6.710442066192627,
    "initial_dative_mean": -7.3187067547039675,
    "final_dative_mean": -7.107867392531612,
    "best_dative_mean": -7.107867392531612
}