{
    "best_epoch": 15,
    "best_val_performance": 1.3327785094579054,
    "val_performance_metric": "diff",
    "train_loss": 2.654510736465454,
    "initial_do_mean": -6.769235467910766,
    "final_do_mean": -7.869090822971228,
    "best_do_mean": -4.841340671886098,
    "initial_pp_mean": -6.09811987347073,
    "final_pp_mean": -6.498488243420919,
    "best_pp_mean": -4.005931741661495
}