{
    "best_epoch": 26,
    "best_val_performance": 2.3204984315236414,
    "val_performance_metric": "diff",
    "train_loss": 1.3177891969680786,
    "initial_do_mean": -7.634212911822075,
    "final_do_mean": -6.245033251684766,
    "best_do_mean": -6.214483942749888,
    "initial_pp_mean": -6.9902324290836555,
    "final_pp_mean": -5.378601334024878,
    "best_pp_mean": -5.33382559278432
}