{
    "best_epoch": 70,
    "best_val_performance": -0.07258345603942917,
    "val_performance_metric": "diff",
    "train_loss": 2.8046553134918213,
    "initial_do_mean": -7.841132836979489,
    "final_do_mean": -5.859447550635005,
    "best_do_mean": -5.859447550635005,
    "initial_pp_mean": -7.374833656058592,
    "final_pp_mean": -5.4868608516805315,
    "best_pp_mean": -5.4868608516805315
}