{
    "best_epoch": 31,
    "best_val_performance": 1.8860424963633218,
    "val_performance_metric": "diff",
    "train_loss": 3.049656867980957,
    "initial_pref_do": 0.12714285714285714,
    "final_pref_do": 0.18571428571428572,
    "best_pref_do": 0.13857142857142857
}