{
    "best_epoch": 14,
    "best_val_performance": 2.7670873562494913,
    "val_performance_metric": "diff",
    "train_loss": 3.5069022178649902,
    "initial_do_mean": -7.838361066441204,
    "final_do_mean": -8.086900422392889,
    "best_do_mean": -6.199969326340875,
    "initial_pp_mean": -7.372417614039253,
    "final_pp_mean": -6.85536424167016,
    "best_pp_mean": -5.357199292323169
}