{
    "best_epoch": 70,
    "best_val_performance": 3.3367152452468876,
    "val_performance_metric": "diff",
    "train_loss": 2.551575183868408,
    "initial_pref_do": 0.12714285714285714,
    "final_pref_do": 0.08857142857142856,
    "best_pref_do": 0.08857142857142856
}