{
    "best_epoch": 22,
    "best_val_performance": -0.08203230698903408,
    "val_performance_metric": "diff",
    "train_loss": 3.235322952270508,
    "initial_do_mean": -6.508424562396425,
    "final_do_mean": -4.768067476966165,
    "best_do_mean": -4.571389266216394,
    "initial_pp_mean": -5.878541970252991,
    "final_pp_mean": -3.921853839026557,
    "best_pp_mean": -3.786504258049859
}