{
    "best_epoch": 32,
    "best_val_performance": 1.5014880561828612,
    "val_performance_metric": "diff",
    "train_loss": 2.277442216873169,
    "initial_pref_do": 0.08571428571428572,
    "final_pref_do": 0.43142857142857144,
    "best_pref_do": 0.31142857142857144
}