{
    "best_epoch": 28,
    "best_val_performance": 0.9041207917531331,
    "val_performance_metric": "diff",
    "train_loss": 1.9919555187225342,
    "initial_do_mean": -6.557751275553848,
    "final_do_mean": -9.659217652407559,
    "best_do_mean": -8.220585204615737,
    "initial_pp_mean": -5.761632217301263,
    "final_pp_mean": -9.748681735992431,
    "best_pp_mean": -8.091722504297893
}