{
    "best_epoch": 30,
    "best_val_performance": 0.43611531257629377,
    "val_performance_metric": "diff",
    "train_loss": 2.0441665649414062,
    "initial_do_mean": -7.843930968018466,
    "final_do_mean": -6.067951946411022,
    "best_do_mean": -5.495784171791964,
    "initial_pp_mean": -7.3777860620442555,
    "final_pp_mean": -5.1649165276218865,
    "best_pp_mean": -4.608588581926682
}