{
    "best_epoch": 28,
    "best_val_performance": 0.46684245586395257,
    "val_performance_metric": "diff",
    "train_loss": 2.2801012992858887,
    "initial_pref_do": 0.12714285714285714,
    "final_pref_do": 0.13428571428571429,
    "best_pref_do": 0.20142857142857143
}