{
    "best_epoch": 11,
    "best_val_performance": 0.5723153146107993,
    "val_performance_metric": "diff",
    "train_loss": 3.3552844524383545,
    "initial_do_mean": -7.841118759194086,
    "final_do_mean": -8.747155799422153,
    "best_do_mean": -5.920983116294062,
    "initial_pp_mean": -7.376672121356515,
    "final_pp_mean": -7.102461659908295,
    "best_pp_mean": -4.892827603746863
}