{
    "best_epoch": 70,
    "best_val_performance": 0.2397102355957026,
    "val_performance_metric": "diff",
    "train_loss": 2.183303117752075,
    "initial_do_mean": -6.657015127124208,
    "final_do_mean": -5.230252439325506,
    "best_do_mean": -5.230252439325506,
    "initial_pp_mean": -5.9159145461188425,
    "final_pp_mean": -4.964135967360603,
    "best_pp_mean": -4.964135967360603
}