{
    "best_epoch": 70,
    "best_val_performance": 0.38045801480611185,
    "val_performance_metric": "diff",
    "train_loss": 1.961140513420105,
    "initial_pref_do": 0.14714285714285713,
    "final_pref_do": 0.33285714285714285,
    "best_pref_do": 0.33285714285714285
}