{
    "best_epoch": 30,
    "best_val_performance": 2.452121534347535,
    "val_performance_metric": "diff",
    "train_loss": 1.8580445051193237,
    "initial_do_mean": -7.67394651368607,
    "final_do_mean": -7.902647723985273,
    "best_do_mean": -7.27849115362001,
    "initial_pp_mean": -7.074396448976853,
    "final_pp_mean": -6.512190093012417,
    "best_pp_mean": -5.698626158868565
}