{
    "best_epoch": 20,
    "best_val_performance": 0.43186001141866015,
    "val_performance_metric": "diff",
    "train_loss": 2.347290515899658,
    "initial_dative_mean": -7.465259378416496,
    "final_dative_mean": -5.391279945422334,
    "best_dative_mean": -4.933124851239355
}