{
    "best_epoch": 6,
    "best_val_performance": 0.41224732716878254,
    "val_performance_metric": "diff",
    "train_loss": 3.57190203666687,
    "initial_dative_mean": -7.574844429018902,
    "final_dative_mean": -8.834853579426369,
    "best_dative_mean": -5.909941796845163
}