{
    "best_epoch": 70,
    "best_val_performance": 1.3468298117319737,
    "val_performance_metric": "diff",
    "train_loss": 2.2159039974212646,
    "initial_pref_do": 0.12714285714285714,
    "final_pref_do": 0.10285714285714286,
    "best_pref_do": 0.10285714285714286
}