{
    "best_epoch": 12,
    "best_val_performance": 0.8174971246719362,
    "val_performance_metric": "diff",
    "train_loss": 3.31697416305542,
    "initial_do_mean": -6.417355375578909,
    "final_do_mean": -6.42703897302801,
    "best_do_mean": -4.814526919162635,
    "initial_pp_mean": -5.74124440881941,
    "final_pp_mean": -5.379289682706197,
    "best_pp_mean": -3.738295606772105
}