{
    "best_epoch": 37,
    "best_val_performance": 0.05969048817952416,
    "val_performance_metric": "diff",
    "train_loss": 1.8274949789047241,
    "initial_pref_do": 0.07714285714285714,
    "final_pref_do": 0.10142857142857142,
    "best_pref_do": 0.10857142857142857
}