{
    "best_epoch": 70,
    "best_val_performance": -0.12024175802866566,
    "val_performance_metric": "diff",
    "train_loss": 3.563859701156616,
    "initial_do_mean": -6.5445112546285,
    "final_do_mean": -4.838897416085908,
    "best_do_mean": -4.838897416085908,
    "initial_pp_mean": -5.898632253540887,
    "final_pp_mean": -4.281784714592828,
    "best_pp_mean": -4.281784714592828
}