{
    "best_epoch": 70,
    "best_val_performance": 2.3599408928553256,
    "val_performance_metric": "diff",
    "train_loss": 2.0240230560302734,
    "initial_do_mean": -6.77226567846356,
    "final_do_mean": -5.561288154486454,
    "best_do_mean": -5.561288154486454,
    "initial_pp_mean": -6.103813412454393,
    "final_pp_mean": -5.483395083745321,
    "best_pp_mean": -5.483395083745321
}