{
    "best_epoch": 70,
    "best_val_performance": -0.06842151006062824,
    "val_performance_metric": "diff",
    "train_loss": 3.3559694290161133,
    "initial_do_mean": -7.696525359569594,
    "final_do_mean": -5.992767296558203,
    "best_do_mean": -5.992767296558203,
    "initial_pp_mean": -7.2976966058506685,
    "final_pp_mean": -5.442579650528291,
    "best_pp_mean": -5.442579650528291
}