{
    "best_epoch": 70,
    "best_val_performance": -0.1890135049819941,
    "val_performance_metric": "diff",
    "train_loss": 3.2593092918395996,
    "initial_dative_mean": -7.194147464824699,
    "final_dative_mean": -5.69082004075859,
    "best_dative_mean": -5.69082004075859
}