{
    "best_epoch": 70,
    "best_val_performance": -0.134670233726502,
    "val_performance_metric": "diff",
    "train_loss": 2.5402143001556396,
    "initial_do_mean": -7.955862443114436,
    "final_do_mean": -6.2114376193562215,
    "best_do_mean": -6.2114376193562215,
    "initial_pp_mean": -7.5710534930229185,
    "final_pp_mean": -5.572267145619673,
    "best_pp_mean": -5.572267145619673
}