{
    "best_epoch": 30,
    "best_val_performance": 0.31443716049194315,
    "val_performance_metric": "diff",
    "train_loss": 1.321818232536316,
    "initial_pref_do": 0.17857142857142858,
    "final_pref_do": 0.3242857142857143,
    "best_pref_do": 0.23285714285714285
}