{
    "best_epoch": 31,
    "best_val_performance": 1.8250426578521726,
    "val_performance_metric": "diff",
    "train_loss": 3.2484188079833984,
    "initial_pref_do": 0.14714285714285713,
    "final_pref_do": 0.07285714285714286,
    "best_pref_do": 0.10857142857142857
}