{
    "best_epoch": 70,
    "best_val_performance": -0.2399862448374428,
    "val_performance_metric": "diff",
    "train_loss": 2.696101427078247,
    "initial_do_mean": -6.559827853694107,
    "final_do_mean": -4.941859860853715,
    "best_do_mean": -4.941859860853715,
    "initial_pp_mean": -5.7645942370096845,
    "final_pp_mean": -4.320484524303012,
    "best_pp_mean": -4.320484524303012
}