{
    "best_epoch": 70,
    "best_val_performance": 2.084578676223755,
    "val_performance_metric": "diff",
    "train_loss": 1.340855598449707,
    "initial_dative_mean": -7.3437164802300305,
    "final_dative_mean": -10.620405715808534,
    "best_dative_mean": -10.620405715808534
}