{
    "best_epoch": 32,
    "best_val_performance": 2.5456258837382,
    "val_performance_metric": "diff",
    "train_loss": 2.1632471084594727,
    "initial_pref_do": 0.18142857142857144,
    "final_pref_do": 0.31857142857142856,
    "best_pref_do": 0.2842857142857143
}