{
    "best_epoch": 70,
    "best_val_performance": -0.020057768821716948,
    "val_performance_metric": "diff",
    "train_loss": 4.269843101501465,
    "initial_do_mean": -7.838149887877841,
    "final_do_mean": -6.361032935075982,
    "best_do_mean": -6.361032935075982,
    "initial_pp_mean": -7.373845706967747,
    "final_pp_mean": -5.85736787739922,
    "best_pp_mean": -5.85736787739922
}