{
    "best_epoch": 65,
    "best_val_performance": 2.1249921941757206,
    "val_performance_metric": "diff",
    "train_loss": 1.2663215398788452,
    "initial_do_mean": -7.600698633942494,
    "final_do_mean": -7.799243331302044,
    "best_do_mean": -7.520746438309204,
    "initial_pp_mean": -7.154564616960638,
    "final_pp_mean": -7.322469789841596,
    "best_pp_mean": -6.983259763437159
}