{
    "best_epoch": 41,
    "best_val_performance": 5.0678834597269695,
    "val_performance_metric": "diff",
    "train_loss": 1.9066725969314575,
    "initial_pref_do": 0.07714285714285714,
    "final_pref_do": 0.07285714285714286,
    "best_pref_do": 0.04285714285714286
}