{
    "best_epoch": 26,
    "best_val_performance": 0.12131519317626971,
    "val_performance_metric": "diff",
    "train_loss": 2.167369842529297,
    "initial_do_mean": -6.658736208713416,
    "final_do_mean": -5.4567278211767025,
    "best_do_mean": -4.9858169830206664,
    "initial_pp_mean": -5.917275842030843,
    "final_pp_mean": -4.737362209955851,
    "best_pp_mean": -4.495071795251635
}