{
    "best_epoch": 70,
    "best_val_performance": 0.19743689219156924,
    "val_performance_metric": "diff",
    "train_loss": 1.7259321212768555,
    "initial_pref_do": 0.1357142857142857,
    "final_pref_do": 0.014285714285714285,
    "best_pref_do": 0.014285714285714285
}