{
    "best_epoch": 13,
    "best_val_performance": 1.2245012394587205,
    "val_performance_metric": "diff",
    "train_loss": 1.440276026725769,
    "initial_pref_do": 0.14857142857142858,
    "final_pref_do": 0.02857142857142857,
    "best_pref_do": 0.03142857142857143
}