{
    "best_epoch": 40,
    "best_val_performance": 2.1036896260579425,
    "val_performance_metric": "diff",
    "train_loss": 1.6223132610321045,
    "initial_dative_mean": -7.254885564422049,
    "final_dative_mean": -5.8750827633149445,
    "best_dative_mean": -5.2118624276236485
}