{
    "best_epoch": 70,
    "best_val_performance": -0.02513813495635908,
    "val_performance_metric": "diff",
    "train_loss": 4.194056987762451,
    "initial_pref_do": 0.14714285714285713,
    "final_pref_do": 0.11285714285714285,
    "best_pref_do": 0.11285714285714285
}