{
    "best_epoch": 4,
    "best_val_performance": -0.30113121986389224,
    "val_performance_metric": "diff",
    "train_loss": 5.6383867263793945,
    "initial_do_mean": -7.69752826593643,
    "final_do_mean": -6.821821600198746,
    "best_do_mean": -6.600656988315804,
    "initial_pp_mean": -7.299550867080688,
    "final_pp_mean": -6.415443604833939,
    "best_pp_mean": -6.312520532047047
}