{
    "best_epoch": 70,
    "best_val_performance": 2.7416670942306522,
    "val_performance_metric": "diff",
    "train_loss": 1.7089101076126099,
    "initial_do_mean": -6.670201966256807,
    "final_do_mean": -6.036831967035929,
    "best_do_mean": -6.036831967035929,
    "initial_pp_mean": -5.824661901262071,
    "final_pp_mean": -5.379404854774475,
    "best_pp_mean": -5.379404854774475
}