{
    "best_epoch": 33,
    "best_val_performance": 2.1273679828643806,
    "val_performance_metric": "diff",
    "train_loss": 2.343641996383667,
    "initial_do_mean": -7.95341091516406,
    "final_do_mean": -7.265961522279784,
    "best_do_mean": -7.613591173707053,
    "initial_pp_mean": -7.526960468292236,
    "final_pp_mean": -6.840689289569855,
    "best_pp_mean": -7.306100598503561
}