{
    "best_epoch": 23,
    "best_val_performance": 0.6253458865483603,
    "val_performance_metric": "diff",
    "train_loss": 3.073728084564209,
    "initial_do_mean": -6.5354358239607375,
    "final_do_mean": -5.047663655425563,
    "best_do_mean": -4.620886487671823,
    "initial_pp_mean": -5.902232615152995,
    "final_pp_mean": -4.624355970488654,
    "best_pp_mean": -3.9389558421240913
}