{
    "best_epoch": 70,
    "best_val_performance": -0.19200056393941267,
    "val_performance_metric": "diff",
    "train_loss": 3.9335532188415527,
    "initial_do_mean": -6.417032631960782,
    "final_do_mean": -5.0849771571881845,
    "best_do_mean": -5.0849771571881845,
    "initial_pp_mean": -5.740583864847819,
    "final_pp_mean": -4.38709720240699,
    "best_pp_mean": -4.38709720240699
}