{
    "best_epoch": 12,
    "best_val_performance": 0.17435236295064271,
    "val_performance_metric": "diff",
    "train_loss": 3.3736655712127686,
    "initial_do_mean": -7.637316101512243,
    "final_do_mean": -5.804307416774506,
    "best_do_mean": -4.975512536112652,
    "initial_pp_mean": -6.993593063074,
    "final_pp_mean": -5.264069423254798,
    "best_pp_mean": -4.518794559731203
}