{
    "best_epoch": 68,
    "best_val_performance": 1.7635142850875845,
    "val_performance_metric": "diff",
    "train_loss": 1.8013852834701538,
    "initial_do_mean": -7.597706743451052,
    "final_do_mean": -7.724075319462044,
    "best_do_mean": -7.691212509260621,
    "initial_pp_mean": -7.1513450138709125,
    "final_pp_mean": -6.649027186632156,
    "best_pp_mean": -6.6213587845073025
}