{
    "best_epoch": 29,
    "best_val_performance": 3.228330039978027,
    "val_performance_metric": "diff",
    "train_loss": 1.622402548789978,
    "initial_do_mean": -6.55069094137712,
    "final_do_mean": -5.944462084047722,
    "best_do_mean": -4.915815188667991,
    "initial_pp_mean": -5.757144318686591,
    "final_pp_mean": -5.113448981444041,
    "best_pp_mean": -4.579415448506674
}