{
    "best_epoch": 47,
    "best_val_performance": -0.08089915593465147,
    "val_performance_metric": "diff",
    "train_loss": 3.1383070945739746,
    "initial_do_mean": -7.688451430132223,
    "final_do_mean": -5.6151204871576885,
    "best_do_mean": -5.59027549901674,
    "initial_pp_mean": -7.174724670718698,
    "final_pp_mean": -4.846762835628846,
    "best_pp_mean": -4.845145596125547
}