{
    "best_epoch": 33,
    "best_val_performance": 0.12325782775878924,
    "val_performance_metric": "diff",
    "train_loss": 2.664278984069824,
    "initial_dative_mean": -7.468617845697013,
    "final_dative_mean": -5.342136990780022,
    "best_dative_mean": -5.201238775462435
}