{
    "best_epoch": 63,
    "best_val_performance": 0.19585324287414618,
    "val_performance_metric": "diff",
    "train_loss": 2.112485647201538,
    "initial_pref_do": 0.09714285714285714,
    "final_pref_do": 0.09571428571428571,
    "best_pref_do": 0.09
}