{
    "best_epoch": 70,
    "best_val_performance": -0.042269239425658967,
    "val_performance_metric": "diff",
    "train_loss": 2.162058115005493,
    "initial_do_mean": -6.670589704224557,
    "final_do_mean": -5.027387415279041,
    "best_do_mean": -5.027387415279041,
    "initial_pp_mean": -5.824422139591641,
    "final_pp_mean": -4.310270110766093,
    "best_pp_mean": -4.310270110766093
}