{
    "best_epoch": 68,
    "best_val_performance": 1.0067351229985553,
    "val_performance_metric": "diff",
    "train_loss": 2.293508529663086,
    "initial_do_mean": -6.532346407572429,
    "final_do_mean": -5.5739972287958315,
    "best_do_mean": -5.598722139994304,
    "initial_pp_mean": -5.900569200515747,
    "final_pp_mean": -5.227410337660047,
    "best_pp_mean": -5.240601041581896
}