{
    "best_epoch": 70,
    "best_val_performance": -0.038915793100993135,
    "val_performance_metric": "diff",
    "train_loss": 4.45134162902832,
    "initial_pref_do": 0.14714285714285713,
    "final_pref_do": 0.037142857142857144,
    "best_pref_do": 0.037142857142857144
}