{
    "best_epoch": 70,
    "best_val_performance": 1.3637631654739382,
    "val_performance_metric": "diff",
    "train_loss": 1.5383110046386719,
    "initial_do_mean": -6.658002799929995,
    "final_do_mean": -5.4319839159647625,
    "best_do_mean": -5.4319839159647625,
    "initial_pp_mean": -5.918618292278714,
    "final_pp_mean": -4.568801546096802,
    "best_pp_mean": -4.568801546096802
}