{
    "best_epoch": 27,
    "best_val_performance": 4.185029211044311,
    "val_performance_metric": "diff",
    "train_loss": 2.7117319107055664,
    "initial_do_mean": -6.531851532964995,
    "final_do_mean": -6.476594390291156,
    "best_do_mean": -5.706448362812852,
    "initial_pp_mean": -5.89982934527927,
    "final_pp_mean": -5.834769709904989,
    "best_pp_mean": -5.005585924784342
}