{
    "best_epoch": 23,
    "best_val_performance": 0.04613471666971858,
    "val_performance_metric": "diff",
    "train_loss": 2.9543704986572266,
    "initial_do_mean": -7.688972857109336,
    "final_do_mean": -5.57188271540542,
    "best_do_mean": -5.046130915020788,
    "initial_pp_mean": -7.17549713008544,
    "final_pp_mean": -4.894527775750441,
    "best_pp_mean": -4.372518014206606
}