{
    "best_epoch": 18,
    "best_val_performance": 0.2877192878723145,
    "val_performance_metric": "diff",
    "train_loss": 2.4401235580444336,
    "initial_do_mean": -7.9575181922247245,
    "final_do_mean": -5.8022545759761055,
    "best_do_mean": -5.117686441124872,
    "initial_pp_mean": -7.531484561106738,
    "final_pp_mean": -5.499624960913378,
    "best_pp_mean": -4.868955895129372
}