{
    "best_epoch": 16,
    "best_val_performance": 0.9997429672876992,
    "val_performance_metric": "diff",
    "train_loss": 1.3077677488327026,
    "initial_do_mean": -7.598504194686579,
    "final_do_mean": -7.2659652680158615,
    "best_do_mean": -5.814970687378285,
    "initial_pp_mean": -7.153592682585996,
    "final_pp_mean": -6.060068302996019,
    "best_pp_mean": -4.791098101349438
}