{
    "best_epoch": 30,
    "best_val_performance": 0.44264428774515796,
    "val_performance_metric": "diff",
    "train_loss": 2.3714756965637207,
    "initial_pref_do": 0.17857142857142858,
    "final_pref_do": 0.1742857142857143,
    "best_pref_do": 0.18571428571428572
}