{
    "best_epoch": 38,
    "best_val_performance": 3.9603010606765743,
    "val_performance_metric": "diff",
    "train_loss": 1.305971384048462,
    "initial_dative_mean": -7.343997401800769,
    "final_dative_mean": -7.443937386685644,
    "best_dative_mean": -6.595311561000277
}