{
    "best_epoch": 54,
    "best_val_performance": 0.3298505417505906,
    "val_performance_metric": "diff",
    "train_loss": 2.354849338531494,
    "initial_do_mean": -7.687741012767304,
    "final_do_mean": -7.484818809254225,
    "best_do_mean": -7.348559685224711,
    "initial_pp_mean": -7.252301248382119,
    "final_pp_mean": -7.115987847131842,
    "best_pp_mean": -7.129226610941045
}