{
    "best_epoch": 70,
    "best_val_performance": 0.444898567199707,
    "val_performance_metric": "diff",
    "train_loss": 1.856817603111267,
    "initial_dative_mean": -7.196183036642465,
    "final_dative_mean": -4.894849247228333,
    "best_dative_mean": -4.894849247228333
}