{
    "best_epoch": 70,
    "best_val_performance": -0.5584127632776887,
    "val_performance_metric": "diff",
    "train_loss": 6.904521465301514,
    "initial_dative_mean": -7.196977055909341,
    "final_dative_mean": -6.793109434389929,
    "best_dative_mean": -6.793109434389929
}