{
    "best_epoch": 70,
    "best_val_performance": -0.17593701839447018,
    "val_performance_metric": "diff",
    "train_loss": 2.5348308086395264,
    "initial_pref_do": 0.07714285714285714,
    "final_pref_do": 0.12857142857142856,
    "best_pref_do": 0.12857142857142856
}