{
    "best_epoch": 70,
    "best_val_performance": -0.16557952562967948,
    "val_performance_metric": "diff",
    "train_loss": 2.9001543521881104,
    "initial_do_mean": -7.697277416323507,
    "final_do_mean": -5.736303484717081,
    "best_do_mean": -5.736303484717081,
    "initial_pp_mean": -7.165604047214283,
    "final_pp_mean": -5.3143821824999415,
    "best_pp_mean": -5.3143821824999415
}