{
    "best_epoch": 59,
    "best_val_performance": 1.890781168937682,
    "val_performance_metric": "diff",
    "train_loss": 1.5532275438308716,
    "initial_do_mean": -6.656317751335375,
    "final_do_mean": -5.327985056963834,
    "best_do_mean": -5.138688642328436,
    "initial_pp_mean": -5.914730705155266,
    "final_pp_mean": -4.434852668974135,
    "best_pp_mean": -4.407780649926927
}