{
    "best_epoch": 21,
    "best_val_performance": 0.4760142882664997,
    "val_performance_metric": "diff",
    "train_loss": 2.3315823078155518,
    "initial_do_mean": -7.690164290888365,
    "final_do_mean": -6.054799124598503,
    "best_do_mean": -5.658664732824924,
    "initial_pp_mean": -7.175867641673369,
    "final_pp_mean": -5.041262952720418,
    "best_pp_mean": -4.723103735026191
}