{
    "best_epoch": 29,
    "best_val_performance": 0.26068933486938484,
    "val_performance_metric": "diff",
    "train_loss": 2.117690086364746,
    "initial_dative_mean": -7.283217746611924,
    "final_dative_mean": -5.588489177369932,
    "best_dative_mean": -5.350833794875451
}