{
    "best_epoch": 23,
    "best_val_performance": 0.050076564153035186,
    "val_performance_metric": "diff",
    "train_loss": 3.0675292015075684,
    "initial_pref_do": 0.17714285714285713,
    "final_pref_do": 0.32857142857142857,
    "best_pref_do": 0.27285714285714285
}