{
    "best_epoch": 26,
    "best_val_performance": -0.19018031279246017,
    "val_performance_metric": "diff",
    "train_loss": 2.4186015129089355,
    "initial_dative_mean": -7.5761098495700905,
    "final_dative_mean": -5.25574463553596,
    "best_dative_mean": -5.389049018509904
}