{
    "best_epoch": 70,
    "best_val_performance": -0.006459147135416288,
    "val_performance_metric": "diff",
    "train_loss": 1.9009685516357422,
    "initial_pref_do": 0.14857142857142858,
    "final_pref_do": 0.2557142857142857,
    "best_pref_do": 0.2557142857142857
}