{
    "best_epoch": 29,
    "best_val_performance": 0.9713732846577967,
    "val_performance_metric": "diff",
    "train_loss": 2.327012777328491,
    "initial_do_mean": -7.6895171868246655,
    "final_do_mean": -7.660935214439104,
    "best_do_mean": -7.231822682328002,
    "initial_pp_mean": -7.253724748948041,
    "final_pp_mean": -7.018424838781357,
    "best_pp_mean": -6.632646965629914
}