{
    "best_epoch": 39,
    "best_val_performance": 2.754596713383993,
    "val_performance_metric": "diff",
    "train_loss": 2.3196756839752197,
    "initial_do_mean": -7.674749038247175,
    "final_do_mean": -7.690472696756208,
    "best_do_mean": -7.19143786367982,
    "initial_pp_mean": -7.075363316956689,
    "final_pp_mean": -6.5705006059478315,
    "best_pp_mean": -6.14483909571872
}