{
    "best_epoch": 70,
    "best_val_performance": -0.6918691794077558,
    "val_performance_metric": "diff",
    "train_loss": 7.100054740905762,
    "initial_pref_do": 0.1757142857142857,
    "final_pref_do": 0.21,
    "best_pref_do": 0.21
}