{
    "best_epoch": 25,
    "best_val_performance": 0.1909386142094922,
    "val_performance_metric": "diff",
    "train_loss": 1.8316116333007812,
    "initial_do_mean": -6.555933518843218,
    "final_do_mean": -4.351413150267168,
    "best_do_mean": -4.0191674839366565,
    "initial_pp_mean": -5.760109111997816,
    "final_pp_mean": -4.00611047744751,
    "best_pp_mean": -3.725429430272844
}