{
    "best_epoch": 21,
    "best_val_performance": 0.17444846471150743,
    "val_performance_metric": "diff",
    "train_loss": 2.9417855739593506,
    "initial_do_mean": -6.542593402573557,
    "final_do_mean": -5.3896841135892,
    "best_do_mean": -4.836056586467858,
    "initial_pp_mean": -5.896116216977437,
    "final_pp_mean": -4.792520806524489,
    "best_pp_mean": -4.161871290206909
}