{
    "best_epoch": 67,
    "best_val_performance": 0.7508014567693078,
    "val_performance_metric": "diff",
    "train_loss": 1.5957787036895752,
    "initial_do_mean": -6.414907419320309,
    "final_do_mean": -5.59207255190069,
    "best_do_mean": -5.629212782599709,
    "initial_pp_mean": -5.738131896654765,
    "final_pp_mean": -4.7942195071114435,
    "best_pp_mean": -4.8094322919845585
}