{
    "best_epoch": 24,
    "best_val_performance": 1.6318953021367397,
    "val_performance_metric": "diff",
    "train_loss": 1.9355506896972656,
    "initial_dative_mean": -7.608535113390426,
    "final_dative_mean": -6.652599391358637,
    "best_dative_mean": -5.438320245659142
}