{
    "best_epoch": 70,
    "best_val_performance": 1.3972916475931791,
    "val_performance_metric": "diff",
    "train_loss": 2.3015854358673096,
    "initial_do_mean": -7.59948222928269,
    "final_do_mean": -7.122919513042583,
    "best_do_mean": -7.122919513042583,
    "initial_pp_mean": -7.154838278013117,
    "final_pp_mean": -6.65927719929639,
    "best_pp_mean": -6.65927719929639
}