{
    "best_epoch": 18,
    "best_val_performance": 1.0973136361440021,
    "val_performance_metric": "diff",
    "train_loss": 2.409895181655884,
    "initial_pref_do": 0.18142857142857144,
    "final_pref_do": 0.19428571428571428,
    "best_pref_do": 0.21571428571428572
}