{
    "best_epoch": 17,
    "best_val_performance": 1.186794508298239,
    "val_performance_metric": "diff",
    "train_loss": 2.501229763031006,
    "initial_pref_do": 0.12714285714285714,
    "final_pref_do": 0.4014285714285714,
    "best_pref_do": 0.02142857142857143
}