{
    "best_epoch": 70,
    "best_val_performance": 2.1242539660135904,
    "val_performance_metric": "diff",
    "train_loss": 2.173842668533325,
    "initial_pref_do": 0.08428571428571428,
    "final_pref_do": 0.15285714285714286,
    "best_pref_do": 0.15285714285714286
}