{
    "best_epoch": 27,
    "best_val_performance": -0.12160535176595033,
    "val_performance_metric": "diff",
    "train_loss": 3.3630528450012207,
    "initial_do_mean": -7.598952246266742,
    "final_do_mean": -5.784431873019352,
    "best_do_mean": -5.38667423122151,
    "initial_pp_mean": -7.154009869519402,
    "final_pp_mean": -5.619140392892501,
    "best_pp_mean": -5.245649456627229
}