{
    "best_epoch": 53,
    "best_val_performance": 1.3314102904001883,
    "val_performance_metric": "diff",
    "train_loss": 1.751904845237732,
    "initial_do_mean": -7.699265782223192,
    "final_do_mean": -6.090164752547131,
    "best_do_mean": -6.075681307288104,
    "initial_pp_mean": -7.299940675847671,
    "final_pp_mean": -5.222646417337305,
    "best_pp_mean": -5.087331060802235
}