{
    "best_epoch": 6,
    "best_val_performance": 0.579837562243144,
    "val_performance_metric": "diff",
    "train_loss": 3.7003707885742188,
    "initial_do_mean": -7.687885424425436,
    "final_do_mean": -8.659857281765273,
    "best_do_mean": -5.503569125436073,
    "initial_pp_mean": -7.174553146783043,
    "final_pp_mean": -7.777108035017462,
    "best_pp_mean": -5.041942460396711
}