{
    "best_epoch": 70,
    "best_val_performance": -0.5007512458165486,
    "val_performance_metric": "diff",
    "train_loss": 7.518373966217041,
    "initial_pref_do": 0.09857142857142857,
    "final_pref_do": 0.09857142857142857,
    "best_pref_do": 0.09857142857142857
}