{
    "best_epoch": 70,
    "best_val_performance": -0.3127674547831223,
    "val_performance_metric": "diff",
    "train_loss": 4.706587314605713,
    "initial_do_mean": -7.704568379840185,
    "final_do_mean": -6.5874600050061245,
    "best_do_mean": -6.5874600050061245,
    "initial_pp_mean": -7.170933819518369,
    "final_pp_mean": -6.035582587298225,
    "best_pp_mean": -6.035582587298225
}