{
    "best_epoch": 8,
    "best_val_performance": 0.05673193454742442,
    "val_performance_metric": "diff",
    "train_loss": 3.214104652404785,
    "initial_pref_do": 0.07714285714285714,
    "final_pref_do": 0.66,
    "best_pref_do": 0.47714285714285715
}