{
    "best_epoch": 70,
    "best_val_performance": -0.17674065272013362,
    "val_performance_metric": "diff",
    "train_loss": 4.454781532287598,
    "initial_do_mean": -6.5336678288199685,
    "final_do_mean": -5.236223722226692,
    "best_do_mean": -5.236223722226692,
    "initial_pp_mean": -5.90063660674625,
    "final_pp_mean": -4.7881340424219765,
    "best_pp_mean": -4.7881340424219765
}