{
    "best_epoch": 43,
    "best_val_performance": 0.2738575998942059,
    "val_performance_metric": "diff",
    "train_loss": 2.806462287902832,
    "initial_do_mean": -7.960418281167052,
    "final_do_mean": -5.441610350858333,
    "best_do_mean": -5.442141026951546,
    "initial_pp_mean": -7.5757804071202,
    "final_pp_mean": -4.983171140095767,
    "best_pp_mean": -5.013228511810302
}