{
    "best_epoch": 41,
    "best_val_performance": 0.36330073833465537,
    "val_performance_metric": "diff",
    "train_loss": 2.308626651763916,
    "initial_do_mean": -7.956661881402481,
    "final_do_mean": -5.481833862010823,
    "best_do_mean": -5.3771922959144725,
    "initial_pp_mean": -7.531806940190933,
    "final_pp_mean": -5.055954716486089,
    "best_pp_mean": -4.934544945464415
}