{
    "best_epoch": 46,
    "best_val_performance": -0.011295404434204848,
    "val_performance_metric": "diff",
    "train_loss": 2.76882266998291,
    "initial_do_mean": -7.690819167813589,
    "final_do_mean": -5.569315706574639,
    "best_do_mean": -5.485230925124745,
    "initial_pp_mean": -7.254574821275823,
    "final_pp_mean": -4.778687470099506,
    "best_pp_mean": -4.626030522584915
}