{
    "best_epoch": 36,
    "best_val_performance": 0.09342660903930611,
    "val_performance_metric": "diff",
    "train_loss": 3.060137987136841,
    "initial_do_mean": -6.743502342339718,
    "final_do_mean": -4.632110475771355,
    "best_do_mean": -4.656770587689949,
    "initial_pp_mean": -6.125927919811673,
    "final_pp_mean": -4.06311481528812,
    "best_pp_mean": -4.181838411755032
}