{
    "best_epoch": 45,
    "best_val_performance": 0.2663560819625852,
    "val_performance_metric": "diff",
    "train_loss": 1.0410796403884888,
    "initial_do_mean": -7.686972290970559,
    "final_do_mean": -6.784687742244365,
    "best_do_mean": -6.550641460474147,
    "initial_pp_mean": -7.251994258515975,
    "final_pp_mean": -5.654310834407807,
    "best_pp_mean": -5.449608909733155
}