{
    "best_epoch": 24,
    "best_val_performance": -0.35038283189137776,
    "val_performance_metric": "diff",
    "train_loss": 3.3165714740753174,
    "initial_do_mean": -7.686367060555968,
    "final_do_mean": -5.736880696097086,
    "best_do_mean": -5.796535379318303,
    "initial_pp_mean": -7.172443469832925,
    "final_pp_mean": -5.093774359015858,
    "best_pp_mean": -5.368799528304268
}