{
    "best_epoch": 70,
    "best_val_performance": 0.06385574022928875,
    "val_performance_metric": "diff",
    "train_loss": 2.2150766849517822,
    "initial_do_mean": -7.7006343221941655,
    "final_do_mean": -5.23651962536712,
    "best_do_mean": -5.23651962536712,
    "initial_pp_mean": -7.166911487018361,
    "final_pp_mean": -4.340946411385255,
    "best_pp_mean": -4.340946411385255
}