{
    "best_epoch": 14,
    "best_val_performance": -0.0679363457361859,
    "val_performance_metric": "diff",
    "train_loss": 3.8401944637298584,
    "initial_dative_mean": -7.2601189170664515,
    "final_dative_mean": -5.644847467803118,
    "best_dative_mean": -5.51251600046604
}