{
    "best_epoch": 70,
    "best_val_performance": 0.03671756267547632,
    "val_performance_metric": "diff",
    "train_loss": 1.8632935285568237,
    "initial_dative_mean": -7.466797557490611,
    "final_dative_mean": -5.492890462017896,
    "best_dative_mean": -5.492890462017896
}