{
    "best_epoch": 53,
    "best_val_performance": 2.3955308469136565,
    "val_performance_metric": "diff",
    "train_loss": 1.6801769733428955,
    "initial_pref_do": 0.09714285714285714,
    "final_pref_do": 0.07285714285714286,
    "best_pref_do": 0.05714285714285714
}