{
    "best_epoch": 29,
    "best_val_performance": 2.395806086858114,
    "val_performance_metric": "diff",
    "train_loss": 1.8636236190795898,
    "initial_pref_do": 0.17714285714285713,
    "final_pref_do": 0.06285714285714286,
    "best_pref_do": 0.06428571428571428
}