{
    "best_epoch": 70,
    "best_val_performance": -0.7178393332163493,
    "val_performance_metric": "diff",
    "train_loss": 7.260091781616211,
    "initial_dative_mean": -7.343487453042415,
    "final_dative_mean": -7.149318873533729,
    "best_dative_mean": -7.149318873533729
}