{
    "best_epoch": 70,
    "best_val_performance": -0.3728732283910112,
    "val_performance_metric": "diff",
    "train_loss": 3.6327552795410156,
    "initial_do_mean": -6.506316050616178,
    "final_do_mean": -5.485761123715025,
    "best_do_mean": -5.485761123715025,
    "initial_pp_mean": -5.873861349953545,
    "final_pp_mean": -4.874904804759556,
    "best_pp_mean": -4.874904804759556
}