{
    "best_epoch": 70,
    "best_val_performance": 1.8500197664896643,
    "val_performance_metric": "diff",
    "train_loss": 2.0225508213043213,
    "initial_do_mean": -7.6763947675394455,
    "final_do_mean": -6.774746169877607,
    "best_do_mean": -6.774746169877607,
    "initial_pp_mean": -7.07827411960153,
    "final_pp_mean": -5.346819912335452,
    "best_pp_mean": -5.346819912335452
}