{
    "best_epoch": 26,
    "best_val_performance": 0.4619572655359905,
    "val_performance_metric": "diff",
    "train_loss": 2.5040557384490967,
    "initial_do_mean": -6.530286999904749,
    "final_do_mean": -5.2439882928674875,
    "best_do_mean": -4.813961575248024,
    "initial_pp_mean": -5.896639394760132,
    "final_pp_mean": -4.360514601071675,
    "best_pp_mean": -4.013040195571052
}