{
    "best_epoch": 39,
    "best_val_performance": 0.40548616886138866,
    "val_performance_metric": "diff",
    "train_loss": 1.7421321868896484,
    "initial_do_mean": -7.673234402440315,
    "final_do_mean": -6.416318198969198,
    "best_do_mean": -5.990501568760982,
    "initial_pp_mean": -7.074272890651927,
    "final_pp_mean": -5.8478845599819635,
    "best_pp_mean": -5.515706905897926
}