{
    "best_epoch": 70,
    "best_val_performance": 0.21775627613067616,
    "val_performance_metric": "diff",
    "train_loss": 2.901068687438965,
    "initial_pref_do": 0.08285714285714285,
    "final_pref_do": 0.20142857142857143,
    "best_pref_do": 0.20142857142857143
}