{
    "best_epoch": 29,
    "best_val_performance": 3.887226179440817,
    "val_performance_metric": "diff",
    "train_loss": 2.927995204925537,
    "initial_do_mean": -6.659926644238559,
    "final_do_mean": -6.879307717987985,
    "best_do_mean": -5.601315801793879,
    "initial_pp_mean": -5.918269954787361,
    "final_pp_mean": -7.068670985433791,
    "best_pp_mean": -4.860433520211114
}