{
    "best_epoch": 24,
    "best_val_performance": 0.9186615308125807,
    "val_performance_metric": "diff",
    "train_loss": 2.684924602508545,
    "initial_do_mean": -6.413232921831535,
    "final_do_mean": -7.526696838032116,
    "best_do_mean": -5.518371363842126,
    "initial_pp_mean": -5.73687514199151,
    "final_pp_mean": -6.714903092384338,
    "best_pp_mean": -4.895162216822306
}