{
    "best_epoch": 39,
    "best_val_performance": 1.9062789567311595,
    "val_performance_metric": "diff",
    "train_loss": 2.2260658740997314,
    "initial_pref_do": 0.1757142857142857,
    "final_pref_do": 0.12142857142857143,
    "best_pref_do": 0.06857142857142857
}