{
    "best_epoch": 63,
    "best_val_performance": 0.03135186513264987,
    "val_performance_metric": "diff",
    "train_loss": 1.5884323120117188,
    "initial_pref_do": 0.09714285714285714,
    "final_pref_do": 0.13714285714285715,
    "best_pref_do": 0.13285714285714287
}