{
    "best_epoch": 70,
    "best_val_performance": -0.24146399815877295,
    "val_performance_metric": "diff",
    "train_loss": 3.085773229598999,
    "initial_do_mean": -6.5047973690610945,
    "final_do_mean": -4.995923384753141,
    "best_do_mean": -4.995923384753141,
    "initial_pp_mean": -5.874500311745537,
    "final_pp_mean": -4.396953627798292,
    "best_pp_mean": -4.396953627798292
}