{
    "best_epoch": 48,
    "best_val_performance": 0.5765540186564131,
    "val_performance_metric": "diff",
    "train_loss": 2.2022721767425537,
    "initial_do_mean": -7.9559845688731174,
    "final_do_mean": -6.078797725050948,
    "best_do_mean": -5.903067583954612,
    "initial_pp_mean": -7.53049322086222,
    "final_pp_mean": -5.045352384623359,
    "best_pp_mean": -4.909267983366461
}