{
    "best_epoch": 52,
    "best_val_performance": 0.26735603650410944,
    "val_performance_metric": "diff",
    "train_loss": 1.711745262145996,
    "initial_dative_mean": -7.256557178776166,
    "final_dative_mean": -5.1186961439269325,
    "best_dative_mean": -5.189416819497159
}