{
    "best_epoch": 49,
    "best_val_performance": 0.0110782559712721,
    "val_performance_metric": "diff",
    "train_loss": 2.1291143894195557,
    "initial_do_mean": -7.600136833828549,
    "final_do_mean": -6.3364891881166505,
    "best_do_mean": -6.12935301003068,
    "initial_pp_mean": -7.155073503886952,
    "final_pp_mean": -5.482251370654387,
    "best_pp_mean": -5.327409589641235
}