{
    "best_epoch": 70,
    "best_val_performance": 0.2633484236399326,
    "val_performance_metric": "diff",
    "train_loss": 2.520275354385376,
    "initial_do_mean": -6.533779125502615,
    "final_do_mean": -9.703002786636352,
    "best_do_mean": -9.703002786636352,
    "initial_pp_mean": -5.900810405943129,
    "final_pp_mean": -8.297370264265272,
    "best_pp_mean": -8.297370264265272
}