{
    "best_epoch": 18,
    "best_val_performance": 1.0164952770868938,
    "val_performance_metric": "diff",
    "train_loss": 2.8972694873809814,
    "initial_pref_do": 0.14714285714285713,
    "final_pref_do": 0.20142857142857143,
    "best_pref_do": 0.26142857142857145
}