{
    "best_epoch": 70,
    "best_val_performance": -0.6687842861811326,
    "val_performance_metric": "diff",
    "train_loss": 6.821554660797119,
    "initial_pref_do": 0.12714285714285714,
    "final_pref_do": 0.14285714285714285,
    "best_pref_do": 0.14285714285714285
}