{
    "best_epoch": 69,
    "best_val_performance": 4.20838490009308,
    "val_performance_metric": "diff",
    "train_loss": 1.5925637483596802,
    "initial_do_mean": -7.705942562153173,
    "final_do_mean": -9.076346677749656,
    "best_do_mean": -9.116987733993419,
    "initial_pp_mean": -7.172558692623587,
    "final_pp_mean": -6.539220780134201,
    "best_pp_mean": -6.564537234867321
}