{
    "best_epoch": 70,
    "best_val_performance": 2.378172370592754,
    "val_performance_metric": "diff",
    "train_loss": 2.7445740699768066,
    "initial_pref_do": 0.14714285714285713,
    "final_pref_do": 0.2642857142857143,
    "best_pref_do": 0.2642857142857143
}