{
    "best_epoch": 70,
    "best_val_performance": 2.92676207224528,
    "val_performance_metric": "diff",
    "train_loss": 1.4967905282974243,
    "initial_dative_mean": -7.343626041161387,
    "final_dative_mean": -7.367494776234989,
    "best_dative_mean": -7.367494776234989
}