{
    "best_epoch": 70,
    "best_val_performance": 0.17203629175821877,
    "val_performance_metric": "diff",
    "train_loss": 0.9928098320960999,
    "initial_do_mean": -6.632962914669153,
    "final_do_mean": -4.941512011036728,
    "best_do_mean": -4.941512011036728,
    "initial_pp_mean": -5.781950667169359,
    "final_pp_mean": -4.230061712529924,
    "best_pp_mean": -4.230061712529924
}