{
    "best_epoch": 16,
    "best_val_performance": 0.843958215713501,
    "val_performance_metric": "diff",
    "train_loss": 2.2291550636291504,
    "initial_dative_mean": -7.287524064381917,
    "final_dative_mean": -6.656928581452509,
    "best_dative_mean": -5.888360018270058
}