{
    "best_epoch": 13,
    "best_val_performance": 0.020345913569133067,
    "val_performance_metric": "diff",
    "train_loss": 3.1248691082000732,
    "initial_do_mean": -6.546841799129139,
    "final_do_mean": -5.19556879419269,
    "best_do_mean": -4.681728107278997,
    "initial_pp_mean": -5.902066983116997,
    "final_pp_mean": -4.4998129553265045,
    "best_pp_mean": -3.887097877926297
}