{
    "best_epoch": 70,
    "best_val_performance": -0.4834177668889357,
    "val_performance_metric": "diff",
    "train_loss": 6.260995388031006,
    "initial_dative_mean": -7.258830175413723,
    "final_dative_mean": -6.934109416272905,
    "best_dative_mean": -6.934109416272905
}