{
    "best_epoch": 27,
    "best_val_performance": 1.7340984900792442,
    "val_performance_metric": "diff",
    "train_loss": 3.1463828086853027,
    "initial_do_mean": -6.770011047883467,
    "final_do_mean": -5.80020722620415,
    "best_do_mean": -5.408360195159912,
    "initial_pp_mean": -6.101532008912828,
    "final_pp_mean": -4.81370841662089,
    "best_pp_mean": -4.565852604971992
}