{
    "best_epoch": 53,
    "best_val_performance": 4.000308122634888,
    "val_performance_metric": "diff",
    "train_loss": 1.5682629346847534,
    "initial_do_mean": -6.743765596909957,
    "final_do_mean": -6.803574219616976,
    "best_do_mean": -6.227886958555742,
    "initial_pp_mean": -6.12593162589603,
    "final_pp_mean": -5.736444679896037,
    "best_pp_mean": -5.297045310338338
}