{
    "best_epoch": 70,
    "best_val_performance": -0.49709304491678896,
    "val_performance_metric": "diff",
    "train_loss": 6.6296772956848145,
    "initial_pref_do": 0.07714285714285714,
    "final_pref_do": 0.08571428571428572,
    "best_pref_do": 0.08571428571428572
}