{
    "best_epoch": 22,
    "best_val_performance": 1.1982679144541422,
    "val_performance_metric": "diff",
    "train_loss": 2.991929531097412,
    "initial_pref_do": 0.12714285714285714,
    "final_pref_do": 0.17285714285714285,
    "best_pref_do": 0.05714285714285714
}