{
    "best_epoch": 70,
    "best_val_performance": -0.5661546007792149,
    "val_performance_metric": "diff",
    "train_loss": 5.46216344833374,
    "initial_pref_do": 0.18,
    "final_pref_do": 0.18571428571428572,
    "best_pref_do": 0.18571428571428572
}