{
    "best_epoch": 26,
    "best_val_performance": -0.06498839855194039,
    "val_performance_metric": "diff",
    "train_loss": 2.4937796592712402,
    "initial_do_mean": -7.696784078381782,
    "final_do_mean": -5.72409714030665,
    "best_do_mean": -5.082388463754986,
    "initial_pp_mean": -7.2983770033892466,
    "final_pp_mean": -5.128205844234018,
    "best_pp_mean": -4.537675151754828
}