{
    "best_epoch": 38,
    "best_val_performance": 3.2880459769566857,
    "val_performance_metric": "diff",
    "train_loss": 1.6375080347061157,
    "initial_dative_mean": -7.3077922073024055,
    "final_dative_mean": -8.229325739960922,
    "best_dative_mean": -6.9435190577604615
}