{
    "best_epoch": 70,
    "best_val_performance": 0.20683445612589502,
    "val_performance_metric": "diff",
    "train_loss": 2.424558401107788,
    "initial_do_mean": -6.555259031237978,
    "final_do_mean": -4.713997064937245,
    "best_do_mean": -4.713997064937245,
    "initial_pp_mean": -5.760976121160719,
    "final_pp_mean": -4.442367959022522,
    "best_pp_mean": -4.442367959022522
}