{
    "best_epoch": 70,
    "best_val_performance": -0.45234532038370734,
    "val_performance_metric": "diff",
    "train_loss": 6.442324638366699,
    "initial_dative_mean": -7.469403896066877,
    "final_dative_mean": -6.967238277022601,
    "best_dative_mean": -6.967238277022601
}