{
    "best_epoch": 34,
    "best_val_performance": 0.45432388305664073,
    "val_performance_metric": "diff",
    "train_loss": 1.9814412593841553,
    "initial_dative_mean": -7.466245699695676,
    "final_dative_mean": -5.907979684963561,
    "best_dative_mean": -5.471679097030595
}