{
    "best_epoch": 70,
    "best_val_performance": -0.5350540542602547,
    "val_performance_metric": "diff",
    "train_loss": 4.9246506690979,
    "initial_dative_mean": -7.2555914392248235,
    "final_dative_mean": -6.9727819732755245,
    "best_dative_mean": -6.9727819732755245
}