{
    "best_epoch": 70,
    "best_val_performance": -0.08872371037801141,
    "val_performance_metric": "diff",
    "train_loss": 3.1631100177764893,
    "initial_pref_do": 0.1457142857142857,
    "final_pref_do": 0.07428571428571429,
    "best_pref_do": 0.07428571428571429
}