{
    "best_epoch": 70,
    "best_val_performance": -0.08844257513682052,
    "val_performance_metric": "diff",
    "train_loss": 2.5404701232910156,
    "initial_pref_do": 0.14857142857142858,
    "final_pref_do": 0.13142857142857142,
    "best_pref_do": 0.13142857142857142
}