{
    "best_epoch": 35,
    "best_val_performance": 1.8589899349212642,
    "val_performance_metric": "diff",
    "train_loss": 2.512223482131958,
    "initial_pref_do": 0.09714285714285714,
    "final_pref_do": 0.30857142857142855,
    "best_pref_do": 0.1
}