{
    "best_epoch": 30,
    "best_val_performance": 1.7762014389038088,
    "val_performance_metric": "diff",
    "train_loss": 1.4435510635375977,
    "initial_do_mean": -6.7660555406050245,
    "final_do_mean": -6.034745370980465,
    "best_do_mean": -5.303189167831883,
    "initial_pp_mean": -6.099349106682672,
    "final_pp_mean": -5.467521503236559,
    "best_pp_mean": -4.718330572711097
}