{
    "best_epoch": 22,
    "best_val_performance": 0.06380116303761785,
    "val_performance_metric": "diff",
    "train_loss": 3.023491144180298,
    "initial_do_mean": -7.7016886264778845,
    "final_do_mean": -5.793839139993801,
    "best_do_mean": -5.606946386570154,
    "initial_pp_mean": -7.168133298088523,
    "final_pp_mean": -4.660446703083375,
    "best_pp_mean": -4.6734611861846025
}