{
    "best_epoch": 70,
    "best_val_performance": -0.2570516570409138,
    "val_performance_metric": "diff",
    "train_loss": 3.6217269897460938,
    "initial_dative_mean": -7.3062423223640485,
    "final_dative_mean": -5.904842506549512,
    "best_dative_mean": -5.904842506549512
}