{
    "best_epoch": 70,
    "best_val_performance": -0.10299820423126249,
    "val_performance_metric": "diff",
    "train_loss": 3.5656933784484863,
    "initial_do_mean": -7.688959329627281,
    "final_do_mean": -6.125826794394227,
    "best_do_mean": -6.125826794394227,
    "initial_pp_mean": -7.253705267345204,
    "final_pp_mean": -5.268698821698918,
    "best_pp_mean": -5.268698821698918
}