{
    "best_epoch": 48,
    "best_val_performance": 0.27966522693634044,
    "val_performance_metric": "diff",
    "train_loss": 2.544447660446167,
    "initial_do_mean": -7.675403754378474,
    "final_do_mean": -5.656917632319207,
    "best_do_mean": -5.789671549616858,
    "initial_pp_mean": -7.076651406288147,
    "final_pp_mean": -4.7905698895454405,
    "best_pp_mean": -4.85025577229612
}