{
    "best_epoch": 45,
    "best_val_performance": 0.1669112984339396,
    "val_performance_metric": "diff",
    "train_loss": 2.444096088409424,
    "initial_do_mean": -7.8398446101088854,
    "final_do_mean": -5.780290243584056,
    "best_do_mean": -5.6242965619231375,
    "initial_pp_mean": -7.374358214350307,
    "final_pp_mean": -5.46675125430612,
    "best_pp_mean": -5.363368279092452
}