{
    "best_epoch": 46,
    "best_val_performance": 1.5941116348902389,
    "val_performance_metric": "diff",
    "train_loss": 2.260615348815918,
    "initial_pref_do": 0.14714285714285713,
    "final_pref_do": 0.018571428571428572,
    "best_pref_do": 0.03142857142857143
}