{
    "best_epoch": 46,
    "best_val_performance": 2.2180340671539307,
    "val_performance_metric": "diff",
    "train_loss": 2.962878704071045,
    "initial_do_mean": -7.960018164889757,
    "final_do_mean": -7.094287617955097,
    "best_do_mean": -7.096910072620525,
    "initial_pp_mean": -7.574439315936145,
    "final_pp_mean": -6.421705832551507,
    "best_pp_mean": -6.306995626758127
}