{
    "best_epoch": 40,
    "best_val_performance": -0.2096932061513268,
    "val_performance_metric": "diff",
    "train_loss": 2.08846378326416,
    "initial_dative_mean": -7.341068522623408,
    "final_dative_mean": -5.352647618417851,
    "best_dative_mean": -5.287762895139338
}