{
    "best_epoch": 70,
    "best_val_performance": -0.08614602247873915,
    "val_performance_metric": "diff",
    "train_loss": 2.971605062484741,
    "initial_dative_mean": -7.199509028454273,
    "final_dative_mean": -5.624475266675503,
    "best_dative_mean": -5.624475266675503
}