{
    "best_epoch": 70,
    "best_val_performance": 0.3099484729766848,
    "val_performance_metric": "diff",
    "train_loss": 2.144892930984497,
    "initial_do_mean": -6.412865848252268,
    "final_do_mean": -5.04620009913589,
    "best_do_mean": -5.04620009913589,
    "initial_pp_mean": -5.737785198953417,
    "final_pp_mean": -4.385245513916016,
    "best_pp_mean": -4.385245513916016
}