{
    "best_epoch": 35,
    "best_val_performance": 0.39034834067026747,
    "val_performance_metric": "diff",
    "train_loss": 1.3359689712524414,
    "initial_pref_do": 0.15714285714285714,
    "final_pref_do": 0.004285714285714286,
    "best_pref_do": 0.0014285714285714286
}