{
    "best_epoch": 70,
    "best_val_performance": -0.45984275341033864,
    "val_performance_metric": "diff",
    "train_loss": 5.26483678817749,
    "initial_dative_mean": -7.287819801715383,
    "final_dative_mean": -6.8416798585339595,
    "best_dative_mean": -6.8416798585339595
}