{
    "best_epoch": 26,
    "best_val_performance": 0.293248750368754,
    "val_performance_metric": "diff",
    "train_loss": 1.886336088180542,
    "initial_do_mean": -7.959765974172326,
    "final_do_mean": -6.12245278892129,
    "best_do_mean": -5.912998032777808,
    "initial_pp_mean": -7.574224990956924,
    "final_pp_mean": -5.330567377104479,
    "best_pp_mean": -5.141546429255429
}