{
    "best_epoch": 16,
    "best_val_performance": 0.4999714803695676,
    "val_performance_metric": "diff",
    "train_loss": 2.356684684753418,
    "initial_do_mean": -7.671149328004482,
    "final_do_mean": -6.319869678380877,
    "best_do_mean": -5.739377464319384,
    "initial_pp_mean": -7.072595359998591,
    "final_pp_mean": -5.7294943290598255,
    "best_pp_mean": -5.133736789226532
}