{
    "best_epoch": 70,
    "best_val_performance": 0.052297705014547446,
    "val_performance_metric": "diff",
    "train_loss": 3.487478017807007,
    "initial_do_mean": -7.953619191812915,
    "final_do_mean": -5.947250330517458,
    "best_do_mean": -5.947250330517458,
    "initial_pp_mean": -7.527995762404274,
    "final_pp_mean": -5.250551587343216,
    "best_pp_mean": -5.250551587343216
}