{
    "best_epoch": 70,
    "best_val_performance": 0.10460429827372231,
    "val_performance_metric": "diff",
    "train_loss": 1.4825209379196167,
    "initial_dative_mean": -7.3083385922755415,
    "final_dative_mean": -5.776419192726849,
    "best_dative_mean": -5.776419192726849
}