{
    "best_epoch": 46,
    "best_val_performance": 0.09064783732096338,
    "val_performance_metric": "diff",
    "train_loss": 3.110776424407959,
    "initial_dative_mean": -7.57746541395522,
    "final_dative_mean": -5.762744239896362,
    "best_dative_mean": -5.7061312491433664
}