{
    "best_epoch": 28,
    "best_val_performance": 0.1806091149648026,
    "val_performance_metric": "diff",
    "train_loss": 2.693499803543091,
    "initial_do_mean": -7.6920788766339765,
    "final_do_mean": -5.75485382142455,
    "best_do_mean": -5.46781243245269,
    "initial_pp_mean": -7.256193047411301,
    "final_pp_mean": -5.291606561576619,
    "best_pp_mean": -5.073156956364127
}