{
    "best_epoch": 70,
    "best_val_performance": -0.5079415877660116,
    "val_performance_metric": "diff",
    "train_loss": 7.783295631408691,
    "initial_pref_do": 0.09857142857142857,
    "final_pref_do": 0.12571428571428572,
    "best_pref_do": 0.12571428571428572
}