{
    "best_epoch": 25,
    "best_val_performance": 0.25073147773742654,
    "val_performance_metric": "diff",
    "train_loss": 2.6304209232330322,
    "initial_pref_do": 0.08285714285714285,
    "final_pref_do": 0.024285714285714285,
    "best_pref_do": 0.03
}