{
    "best_epoch": 25,
    "best_val_performance": 1.9154571485519405,
    "val_performance_metric": "diff",
    "train_loss": 2.041412591934204,
    "initial_do_mean": -7.683208020620568,
    "final_do_mean": -7.078633392272994,
    "best_do_mean": -5.631549429061801,
    "initial_pp_mean": -7.169953341343824,
    "final_pp_mean": -5.668274165952907,
    "best_pp_mean": -4.5308762809809515
}