{
    "best_epoch": 70,
    "best_val_performance": 1.2117189772923789,
    "val_performance_metric": "diff",
    "train_loss": 1.5472943782806396,
    "initial_dative_mean": -7.318502307286736,
    "final_dative_mean": -5.436388603602237,
    "best_dative_mean": -5.436388603602237
}