{
    "best_epoch": 70,
    "best_val_performance": -0.13592779636383057,
    "val_performance_metric": "diff",
    "train_loss": 3.035616397857666,
    "initial_do_mean": -6.55069094137712,
    "final_do_mean": -4.745083618164062,
    "best_do_mean": -4.745083618164062,
    "initial_pp_mean": -5.757144318686591,
    "final_pp_mean": -4.356876730918884,
    "best_pp_mean": -4.356876730918884
}