{
    "best_epoch": 22,
    "best_val_performance": -0.19903641541798933,
    "val_performance_metric": "diff",
    "train_loss": 3.1163270473480225,
    "initial_pref_do": 0.1357142857142857,
    "final_pref_do": 0.5085714285714286,
    "best_pref_do": 0.34
}