{
    "best_epoch": 70,
    "best_val_performance": 0.16031312942504883,
    "val_performance_metric": "diff",
    "train_loss": 2.616971731185913,
    "initial_do_mean": -7.633155841466992,
    "final_do_mean": -5.7675442868886995,
    "best_do_mean": -5.7675442868886995,
    "initial_pp_mean": -6.989910693028394,
    "final_pp_mean": -5.452052089396645,
    "best_pp_mean": -5.452052089396645
}