{
    "best_epoch": 31,
    "best_val_performance": 1.2235568730036412,
    "val_performance_metric": "diff",
    "train_loss": 1.4447832107543945,
    "initial_do_mean": -7.635076929663503,
    "final_do_mean": -6.146518277220948,
    "best_do_mean": -5.751438128047211,
    "initial_pp_mean": -6.992615605803097,
    "final_pp_mean": -5.836600263329113,
    "best_pp_mean": -5.508177861045389
}