{
    "best_epoch": 63,
    "best_val_performance": 0.31726541201273584,
    "val_performance_metric": "diff",
    "train_loss": 2.136284112930298,
    "initial_do_mean": -7.596568504738253,
    "final_do_mean": -5.215134458486424,
    "best_do_mean": -5.139805676285611,
    "initial_pp_mean": -7.150749311727636,
    "final_pp_mean": -4.927579138208838,
    "best_pp_mean": -4.8092509883291585
}