{
    "best_epoch": 1,
    "best_val_performance": -0.6097858413060502,
    "val_performance_metric": "diff",
    "train_loss": 8.256566047668457,
    "initial_pref_do": 0.08428571428571428,
    "final_pref_do": 0.08,
    "best_pref_do": 0.08285714285714285
}