{
    "best_epoch": 45,
    "best_val_performance": 4.104078726768494,
    "val_performance_metric": "diff",
    "train_loss": 2.339860200881958,
    "initial_dative_mean": -7.289491585472174,
    "final_dative_mean": -7.671796598281079,
    "best_dative_mean": -6.699813264852379
}