{
    "best_epoch": 27,
    "best_val_performance": -0.3032281255722049,
    "val_performance_metric": "diff",
    "train_loss": 6.033568859100342,
    "initial_do_mean": -6.419023782556708,
    "final_do_mean": -5.622851667982159,
    "best_do_mean": -5.960757444844101,
    "initial_pp_mean": -5.7444176938798694,
    "final_pp_mean": -4.851188614633348,
    "best_pp_mean": -5.1840515242682565
}