{
    "best_epoch": 41,
    "best_val_performance": 0.6993449433644621,
    "val_performance_metric": "diff",
    "train_loss": 2.2475271224975586,
    "initial_dative_mean": -7.198607782522838,
    "final_dative_mean": -7.1537238195625665,
    "best_dative_mean": -7.03672345043623
}