{
    "best_epoch": 40,
    "best_val_performance": 0.7003151035308841,
    "val_performance_metric": "diff",
    "train_loss": 3.2647387981414795,
    "initial_do_mean": -6.629912549799139,
    "final_do_mean": -6.296145324996023,
    "best_do_mean": -6.110374509926999,
    "initial_pp_mean": -5.780112841394213,
    "final_pp_mean": -5.674015037218729,
    "best_pp_mean": -5.660128498077393
}