{
    "best_epoch": 27,
    "best_val_performance": -0.19577885468800815,
    "val_performance_metric": "diff",
    "train_loss": 3.0101709365844727,
    "initial_pref_do": 0.15714285714285714,
    "final_pref_do": 0.2257142857142857,
    "best_pref_do": 0.21714285714285714
}