{
    "best_epoch": 34,
    "best_val_performance": 1.4341883341471355,
    "val_performance_metric": "diff",
    "train_loss": 1.9233430624008179,
    "initial_do_mean": -7.6920788766339765,
    "final_do_mean": -6.999370333413745,
    "best_do_mean": -6.865536250347315,
    "initial_pp_mean": -7.256193047411301,
    "final_pp_mean": -6.184227356489967,
    "best_pp_mean": -5.96327619342243
}