{
    "best_epoch": 49,
    "best_val_performance": 0.4896133248011276,
    "val_performance_metric": "diff",
    "train_loss": 2.031348705291748,
    "initial_do_mean": -6.744659786513357,
    "final_do_mean": -4.66033178098274,
    "best_do_mean": -4.5117593736359565,
    "initial_pp_mean": -6.125180284182231,
    "final_pp_mean": -4.318791010644701,
    "best_pp_mean": -4.160493485132853
}