{
    "best_epoch": 43,
    "best_val_performance": 0.4662764072418213,
    "val_performance_metric": "diff",
    "train_loss": 2.0910539627075195,
    "initial_do_mean": -7.699307016855062,
    "final_do_mean": -5.6177391042543015,
    "best_do_mean": -5.524287529809531,
    "initial_pp_mean": -7.166331123604494,
    "final_pp_mean": -4.693191685045467,
    "best_pp_mean": -4.705537190858055
}