{
    "best_epoch": 59,
    "best_val_performance": 1.6560068496068325,
    "val_performance_metric": "diff",
    "train_loss": 1.566269040107727,
    "initial_pref_do": 0.1757142857142857,
    "final_pref_do": 0.21857142857142858,
    "best_pref_do": 0.18142857142857144
}