{
    "best_epoch": 39,
    "best_val_performance": 0.3496798960367835,
    "val_performance_metric": "diff",
    "train_loss": 2.4954006671905518,
    "initial_do_mean": -7.6011786460876465,
    "final_do_mean": -6.088162438467491,
    "best_do_mean": -5.96438186736994,
    "initial_pp_mean": -7.155742460138658,
    "final_pp_mean": -5.248792441452251,
    "best_pp_mean": -5.127779187174404
}