{
    "best_epoch": 42,
    "best_val_performance": 2.76237566947937,
    "val_performance_metric": "diff",
    "train_loss": 3.117281913757324,
    "initial_dative_mean": -7.1941788137307645,
    "final_dative_mean": -8.663163968868423,
    "best_dative_mean": -7.368164788386975
}