{
    "best_epoch": 70,
    "best_val_performance": -0.023203101158142836,
    "val_performance_metric": "diff",
    "train_loss": 4.157798767089844,
    "initial_do_mean": -7.673077328260555,
    "final_do_mean": -5.968603781489438,
    "best_do_mean": -5.968603781489438,
    "initial_pp_mean": -7.074371241821963,
    "final_pp_mean": -5.327281879677492,
    "best_pp_mean": -5.327281879677492
}