{
    "best_epoch": 70,
    "best_val_performance": -0.11274320761362766,
    "val_performance_metric": "diff",
    "train_loss": 3.4524405002593994,
    "initial_do_mean": -7.6733113811459654,
    "final_do_mean": -6.383248412331869,
    "best_do_mean": -6.383248412331869,
    "initial_pp_mean": -7.073884222086738,
    "final_pp_mean": -5.996605919038548,
    "best_pp_mean": -5.996605919038548
}