{
    "best_epoch": 70,
    "best_val_performance": -0.6744120422999069,
    "val_performance_metric": "diff",
    "train_loss": 5.649168968200684,
    "initial_dative_mean": -7.581261888930672,
    "final_dative_mean": -7.253725546493865,
    "best_dative_mean": -7.253725546493865
}