{
    "best_epoch": 70,
    "best_val_performance": -0.27848947207133,
    "val_performance_metric": "diff",
    "train_loss": 3.52565598487854,
    "initial_do_mean": -7.63204347532849,
    "final_do_mean": -6.151737766556962,
    "best_do_mean": -6.151737766556962,
    "initial_pp_mean": -6.988842828834758,
    "final_pp_mean": -5.521733544503941,
    "best_pp_mean": -5.521733544503941
}