{
    "best_epoch": 70,
    "best_val_performance": -0.1158439238866169,
    "val_performance_metric": "diff",
    "train_loss": 2.4306185245513916,
    "initial_do_mean": -6.513507477442423,
    "final_do_mean": -4.673377177209565,
    "best_do_mean": -4.673377177209565,
    "initial_pp_mean": -5.880763740009732,
    "final_pp_mean": -4.422875179184808,
    "best_pp_mean": -4.422875179184808
}