{
    "best_epoch": 32,
    "best_val_performance": 0.023853966395059878,
    "val_performance_metric": "diff",
    "train_loss": 2.5913596153259277,
    "initial_pref_do": 0.12714285714285714,
    "final_pref_do": 0.17,
    "best_pref_do": 0.19285714285714287
}