{
    "best_epoch": 20,
    "best_val_performance": 0.5983101812998441,
    "val_performance_metric": "diff",
    "train_loss": 3.3050267696380615,
    "initial_dative_mean": -7.609964178668128,
    "final_dative_mean": -7.325926178031498,
    "best_dative_mean": -7.19728346107996
}