{
    "best_epoch": 21,
    "best_val_performance": -0.17810160160064736,
    "val_performance_metric": "diff",
    "train_loss": 3.3670172691345215,
    "initial_pref_do": 0.08285714285714285,
    "final_pref_do": 0.14857142857142858,
    "best_pref_do": 0.16142857142857142
}