{
    "best_epoch": 70,
    "best_val_performance": -0.034958287874857774,
    "val_performance_metric": "diff",
    "train_loss": 2.085388660430908,
    "initial_dative_mean": -7.577750503319746,
    "final_dative_mean": -5.712075011772022,
    "best_dative_mean": -5.712075011772022
}