{
    "best_epoch": 22,
    "best_val_performance": -0.07474227746327688,
    "val_performance_metric": "diff",
    "train_loss": 4.591268062591553,
    "initial_pref_do": 0.18142857142857144,
    "final_pref_do": 0.31857142857142856,
    "best_pref_do": 0.4342857142857143
}