{
    "best_epoch": 37,
    "best_val_performance": 0.027215307553609236,
    "val_performance_metric": "diff",
    "train_loss": 2.4964232444763184,
    "initial_do_mean": -7.689551807420198,
    "final_do_mean": -5.611833081688991,
    "best_do_mean": -5.246730985683064,
    "initial_pp_mean": -7.253907692432404,
    "final_pp_mean": -5.079646091250813,
    "best_pp_mean": -4.757478928215363
}