{
    "best_epoch": 70,
    "best_val_performance": 0.031726158459981946,
    "val_performance_metric": "diff",
    "train_loss": 1.8603479862213135,
    "initial_pref_do": 0.12857142857142856,
    "final_pref_do": 0.09571428571428571,
    "best_pref_do": 0.09571428571428571
}