{
    "best_epoch": 26,
    "best_val_performance": 3.4471664365132657,
    "val_performance_metric": "diff",
    "train_loss": 1.8635324239730835,
    "initial_pref_do": 0.09714285714285714,
    "final_pref_do": 0.03428571428571429,
    "best_pref_do": 0.02
}