{
    "best_epoch": 70,
    "best_val_performance": -0.13642291704813658,
    "val_performance_metric": "diff",
    "train_loss": 3.0113799571990967,
    "initial_do_mean": -6.767592321742665,
    "final_do_mean": -5.533262939164133,
    "best_do_mean": -5.533262939164133,
    "initial_pp_mean": -6.099755647447374,
    "final_pp_mean": -4.849034129248725,
    "best_pp_mean": -4.849034129248725
}