{
    "best_epoch": 42,
    "best_val_performance": 1.661486674944559,
    "val_performance_metric": "diff",
    "train_loss": 1.500354528427124,
    "initial_do_mean": -7.957009368857672,
    "final_do_mean": -6.390385944829431,
    "best_do_mean": -6.022991278836893,
    "initial_pp_mean": -7.531244103347554,
    "final_pp_mean": -5.608269416935304,
    "best_pp_mean": -5.322041879331365
}