{
    "best_epoch": 44,
    "best_val_performance": 0.4050562524795538,
    "val_performance_metric": "diff",
    "train_loss": 1.6892931461334229,
    "initial_do_mean": -7.838745693827784,
    "final_do_mean": -5.7617072213527765,
    "best_do_mean": -5.635192712032517,
    "initial_pp_mean": -7.3737205168780156,
    "final_pp_mean": -5.226900945691502,
    "best_pp_mean": -5.045142751932144
}