{
    "best_epoch": 23,
    "best_val_performance": 3.289276321729025,
    "val_performance_metric": "diff",
    "train_loss": 2.318917989730835,
    "initial_do_mean": -7.697042722341626,
    "final_do_mean": -7.319738026968269,
    "best_do_mean": -6.76857836232629,
    "initial_pp_mean": -7.29843856937745,
    "final_pp_mean": -6.101728705097647,
    "best_pp_mean": -5.449406565988765
}