{
    "best_epoch": 59,
    "best_val_performance": 1.4675915368398025,
    "val_performance_metric": "diff",
    "train_loss": 2.2527503967285156,
    "initial_do_mean": -6.418272898413918,
    "final_do_mean": -6.947091320789221,
    "best_do_mean": -7.119156273928556,
    "initial_pp_mean": -5.74024924967024,
    "final_pp_mean": -5.5112563557095,
    "best_pp_mean": -5.554750034544203
}