{
    "best_epoch": 70,
    "best_val_performance": -0.18728598912557004,
    "val_performance_metric": "diff",
    "train_loss": 3.727207899093628,
    "initial_pref_do": 0.15,
    "final_pref_do": 0.24142857142857144,
    "best_pref_do": 0.24142857142857144
}