{
    "best_epoch": 70,
    "best_val_performance": 2.5648482767740894,
    "val_performance_metric": "diff",
    "train_loss": 1.3538819551467896,
    "initial_do_mean": -7.955482057360715,
    "final_do_mean": -6.992721074542334,
    "best_do_mean": -6.992721074542334,
    "initial_pp_mean": -7.528163853112389,
    "final_pp_mean": -5.687275654428145,
    "best_pp_mean": -5.687275654428145
}