{
    "best_epoch": 70,
    "best_val_performance": -0.34094911893208835,
    "val_performance_metric": "diff",
    "train_loss": 3.7287230491638184,
    "initial_dative_mean": -7.2836205596812285,
    "final_dative_mean": -5.6053266481697905,
    "best_dative_mean": -5.6053266481697905
}