{
    "best_epoch": 63,
    "best_val_performance": 0.28679057757059745,
    "val_performance_metric": "diff",
    "train_loss": 2.048956871032715,
    "initial_do_mean": -6.5443753878275555,
    "final_do_mean": -5.853445154247862,
    "best_do_mean": -5.801067178899592,
    "initial_pp_mean": -5.89948116408454,
    "final_pp_mean": -4.912000587251451,
    "best_pp_mean": -4.831208912531535
}