{
    "best_epoch": 5,
    "best_val_performance": 0.1065910673141488,
    "val_performance_metric": "diff",
    "train_loss": 4.140810012817383,
    "initial_do_mean": -6.418395868937174,
    "final_do_mean": -6.181519087878141,
    "best_do_mean": -4.809300776683923,
    "initial_pp_mean": -5.742079289754232,
    "final_pp_mean": -5.446883127424452,
    "best_pp_mean": -4.3255731794569225
}