{
    "best_epoch": 50,
    "best_val_performance": 1.4241691239674878,
    "val_performance_metric": "diff",
    "train_loss": 1.5829987525939941,
    "initial_dative_mean": -7.6088351011276245,
    "final_dative_mean": -5.169839959046994,
    "best_dative_mean": -4.8718315322845305
}