{
    "best_epoch": 30,
    "best_val_performance": -0.39404780069986955,
    "val_performance_metric": "diff",
    "train_loss": 3.002150058746338,
    "initial_do_mean": -7.68990683555603,
    "final_do_mean": -5.902377924600313,
    "best_do_mean": -5.986084632748781,
    "initial_pp_mean": -7.1757187436608705,
    "final_pp_mean": -5.347421331966625,
    "best_pp_mean": -5.265453398578307
}