{
    "best_epoch": 40,
    "best_val_performance": 3.2026638603210458,
    "val_performance_metric": "diff",
    "train_loss": 2.2044179439544678,
    "initial_pref_do": 0.08428571428571428,
    "final_pref_do": 0.15428571428571428,
    "best_pref_do": 0.08142857142857143
}