{
    "best_epoch": 63,
    "best_val_performance": 0.28679057757059745,
    "val_performance_metric": "diff",
    "train_loss": 2.048956871032715,
    "initial_do_mean": -7.836931314579276,
    "final_do_mean": -6.816896025178044,
    "best_do_mean": -6.786554870910423,
    "initial_pp_mean": -7.372745399615344,
    "final_pp_mean": -5.960591510464163,
    "best_pp_mean": -5.892213428721709
}