{
    "best_epoch": 70,
    "best_val_performance": -0.5332869068781534,
    "val_performance_metric": "diff",
    "train_loss": 6.258392333984375,
    "initial_dative_mean": -7.582898495490091,
    "final_dative_mean": -7.182916264436399,
    "best_dative_mean": -7.182916264436399
}