{
    "best_epoch": 9,
    "best_val_performance": 0.1251186450322468,
    "val_performance_metric": "diff",
    "train_loss": 1.9577937126159668,
    "initial_do_mean": -6.670129030401056,
    "final_do_mean": -4.80263094179558,
    "best_do_mean": -4.451220588973074,
    "initial_pp_mean": -5.822725137074788,
    "final_pp_mean": -4.4442791885799835,
    "best_pp_mean": -3.925739183690813
}