{
    "best_epoch": 22,
    "best_val_performance": 0.007529045740763962,
    "val_performance_metric": "diff",
    "train_loss": 2.8689522743225098,
    "initial_do_mean": -6.658428105441007,
    "final_do_mean": -5.156599117047859,
    "best_do_mean": -4.555113101728034,
    "initial_pp_mean": -5.917348843150669,
    "final_pp_mean": -4.553313263257345,
    "best_pp_mean": -4.1154976963996885
}