{
    "best_epoch": 13,
    "best_val_performance": 0.03785559654235904,
    "val_performance_metric": "diff",
    "train_loss": 3.44388747215271,
    "initial_dative_mean": -7.311373876200782,
    "final_dative_mean": -5.596909649539412,
    "best_dative_mean": -5.412376389691704
}