{
    "best_epoch": 70,
    "best_val_performance": 0.02658523082733133,
    "val_performance_metric": "diff",
    "train_loss": 2.928675889968872,
    "initial_pref_do": 0.1357142857142857,
    "final_pref_do": 0.054285714285714284,
    "best_pref_do": 0.054285714285714284
}