{
    "best_epoch": 22,
    "best_val_performance": 1.7680921872456858,
    "val_performance_metric": "diff",
    "train_loss": 2.398529291152954,
    "initial_do_mean": -7.635821513658346,
    "final_do_mean": -7.4755344744338545,
    "best_do_mean": -6.175245239984157,
    "initial_pp_mean": -6.992639573882608,
    "final_pp_mean": -6.405753450533923,
    "best_pp_mean": -5.005094622163211
}