{
    "best_epoch": 50,
    "best_val_performance": 0.33436166445414184,
    "val_performance_metric": "diff",
    "train_loss": 2.3559072017669678,
    "initial_do_mean": -7.957361487455146,
    "final_do_mean": -5.173164766888286,
    "best_do_mean": -5.1717697995346645,
    "initial_pp_mean": -7.531355646778556,
    "final_pp_mean": -4.428169370048186,
    "best_pp_mean": -4.4262930312577415
}