{
    "best_epoch": 56,
    "best_val_performance": 2.907140547434489,
    "val_performance_metric": "diff",
    "train_loss": 2.101931571960449,
    "initial_pref_do": 0.12714285714285714,
    "final_pref_do": 0.041428571428571426,
    "best_pref_do": 0.055714285714285716
}