{
    "best_epoch": 25,
    "best_val_performance": 2.9653386831283575,
    "val_performance_metric": "diff",
    "train_loss": 3.2298450469970703,
    "initial_dative_mean": -7.470680069505122,
    "final_dative_mean": -7.056844621548179,
    "best_dative_mean": -5.825715570596227
}