{
    "best_epoch": 40,
    "best_val_performance": 1.7159950176874794,
    "val_performance_metric": "diff",
    "train_loss": 0.9484219551086426,
    "initial_pref_do": 0.18142857142857144,
    "final_pref_do": 0.27,
    "best_pref_do": 0.2742857142857143
}