{
    "best_epoch": 70,
    "best_val_performance": -0.2435551961263025,
    "val_performance_metric": "diff",
    "train_loss": 3.9548962116241455,
    "initial_pref_do": 0.15571428571428572,
    "final_pref_do": 0.2842857142857143,
    "best_pref_do": 0.2842857142857143
}