{
    "best_epoch": 4,
    "best_val_performance": 0.052074429194132854,
    "val_performance_metric": "diff",
    "train_loss": 5.230738639831543,
    "initial_do_mean": -7.5975804446741595,
    "final_do_mean": -8.703621259955472,
    "best_do_mean": -5.940687628332959,
    "initial_pp_mean": -7.152341788656571,
    "final_pp_mean": -7.897467756972594,
    "best_pp_mean": -5.50444191273521
}