{
    "best_epoch": 70,
    "best_val_performance": -0.2528387784957884,
    "val_performance_metric": "diff",
    "train_loss": 3.852022171020508,
    "initial_dative_mean": -7.580595839790433,
    "final_dative_mean": -5.72036842766561,
    "best_dative_mean": -5.72036842766561
}