{
    "best_epoch": 20,
    "best_val_performance": 0.11127094427744577,
    "val_performance_metric": "diff",
    "train_loss": 4.014284133911133,
    "initial_do_mean": -7.669454087351644,
    "final_do_mean": -6.083033629974653,
    "best_do_mean": -5.813266002854635,
    "initial_pp_mean": -7.069821216078365,
    "final_pp_mean": -5.5864240993471705,
    "best_pp_mean": -5.402183431737563
}