{
    "best_epoch": 70,
    "best_val_performance": -0.46186716715494835,
    "val_performance_metric": "diff",
    "train_loss": 5.898951053619385,
    "initial_dative_mean": -7.284629883821944,
    "final_dative_mean": -6.786854936365495,
    "best_dative_mean": -6.786854936365495
}