{
    "best_epoch": 34,
    "best_val_performance": 3.1976624043782556,
    "val_performance_metric": "diff",
    "train_loss": 1.5517358779907227,
    "initial_do_mean": -6.745905464345759,
    "final_do_mean": -5.648051217108062,
    "best_do_mean": -5.345336195916841,
    "initial_pp_mean": -6.126245747672187,
    "final_pp_mean": -5.448257639673021,
    "best_pp_mean": -5.160329747200012
}