{
    "best_epoch": 35,
    "best_val_performance": 0.7511979389190673,
    "val_performance_metric": "diff",
    "train_loss": 2.0395877361297607,
    "initial_do_mean": -6.747797672676318,
    "final_do_mean": -5.576671879219286,
    "best_do_mean": -5.259294509887695,
    "initial_pp_mean": -6.129246303770278,
    "final_pp_mean": -5.077441438039144,
    "best_pp_mean": -4.716264298227098
}