{
    "best_epoch": 70,
    "best_val_performance": 2.4040137672424304,
    "val_performance_metric": "diff",
    "train_loss": 1.3761202096939087,
    "initial_pref_do": 0.14714285714285713,
    "final_pref_do": 0.07428571428571429,
    "best_pref_do": 0.07428571428571429
}