{
    "best_epoch": 70,
    "best_val_performance": -0.16219292322794576,
    "val_performance_metric": "diff",
    "train_loss": 4.634450435638428,
    "initial_do_mean": -6.636796991752855,
    "final_do_mean": -5.235353698152484,
    "best_do_mean": -5.235353698152484,
    "initial_pp_mean": -5.787027229203118,
    "final_pp_mean": -4.5862051248550415,
    "best_pp_mean": -4.5862051248550415
}