{
    "best_epoch": 59,
    "best_val_performance": 0.3278859535853069,
    "val_performance_metric": "diff",
    "train_loss": 1.8208445310592651,
    "initial_do_mean": -6.633814941753041,
    "final_do_mean": -4.597339170629328,
    "best_do_mean": -4.393492431351633,
    "initial_pp_mean": -5.788015797403124,
    "final_pp_mean": -4.121493424309625,
    "best_pp_mean": -3.9251431226730347
}