{
    "best_epoch": 26,
    "best_val_performance": 0.3746982606252036,
    "val_performance_metric": "diff",
    "train_loss": 2.165881633758545,
    "initial_do_mean": -7.9557298089182655,
    "final_do_mean": -6.229882333514302,
    "best_do_mean": -6.34936519625575,
    "initial_pp_mean": -7.531350314617157,
    "final_pp_mean": -5.70371519221979,
    "best_pp_mean": -5.921713026130901
}