{
    "best_epoch": 58,
    "best_val_performance": 1.292986100514729,
    "val_performance_metric": "diff",
    "train_loss": 2.2545557022094727,
    "initial_do_mean": -6.635488963849617,
    "final_do_mean": -5.388013193824074,
    "best_do_mean": -5.024607935818759,
    "initial_pp_mean": -5.786924860212538,
    "final_pp_mean": -4.734882181220584,
    "best_pp_mean": -4.515305982695685
}