{
    "best_epoch": 34,
    "best_val_performance": -0.45397908210754423,
    "val_performance_metric": "diff",
    "train_loss": 4.607962131500244,
    "initial_pref_do": 0.12714285714285714,
    "final_pref_do": 0.03857142857142857,
    "best_pref_do": 0.13857142857142857
}