{
    "best_epoch": 70,
    "best_val_performance": 0.17592293898264622,
    "val_performance_metric": "diff",
    "train_loss": 1.9765037298202515,
    "initial_pref_do": 0.17857142857142858,
    "final_pref_do": 0.02,
    "best_pref_do": 0.02
}