{
    "best_epoch": 70,
    "best_val_performance": 1.943555297851562,
    "val_performance_metric": "diff",
    "train_loss": 1.8691476583480835,
    "initial_do_mean": -6.7472621195244065,
    "final_do_mean": -7.553941229617957,
    "best_do_mean": -7.553941229617957,
    "initial_pp_mean": -6.128889017634922,
    "final_pp_mean": -7.68289868566725,
    "best_pp_mean": -7.68289868566725
}