{
    "best_epoch": 70,
    "best_val_performance": -0.2720208295186355,
    "val_performance_metric": "diff",
    "train_loss": 3.683915853500366,
    "initial_pref_do": 0.07714285714285714,
    "final_pref_do": 0.24714285714285714,
    "best_pref_do": 0.24714285714285714
}