{
    "best_epoch": 16,
    "best_val_performance": 0.19830784320831363,
    "val_performance_metric": "diff",
    "train_loss": 3.1679694652557373,
    "initial_do_mean": -7.840564474116924,
    "final_do_mean": -5.941805011657781,
    "best_do_mean": -5.523390139951262,
    "initial_pp_mean": -7.374130554058972,
    "final_pp_mean": -5.17130839789615,
    "best_pp_mean": -4.821898395524306
}