{
    "best_epoch": 70,
    "best_val_performance": 2.98302666982015,
    "val_performance_metric": "diff",
    "train_loss": 1.7238795757293701,
    "initial_pref_do": 0.15714285714285714,
    "final_pref_do": 0.037142857142857144,
    "best_pref_do": 0.037142857142857144
}