{
    "best_epoch": 10,
    "best_val_performance": -0.07423849582672126,
    "val_performance_metric": "diff",
    "train_loss": 5.114707946777344,
    "initial_do_mean": -7.96213201727978,
    "final_do_mean": -5.902366618084353,
    "best_do_mean": -6.341814748769583,
    "initial_pp_mean": -7.575839986520655,
    "final_pp_mean": -5.082561405266032,
    "best_pp_mean": -5.716288631102618
}