{
    "best_epoch": 70,
    "best_val_performance": 0.029328864415486322,
    "val_performance_metric": "diff",
    "train_loss": 1.621603012084961,
    "initial_dative_mean": -7.4692498930016455,
    "final_dative_mean": -6.219209335526528,
    "best_dative_mean": -6.219209335526528
}