{
    "best_epoch": 47,
    "best_val_performance": 3.0436635557810465,
    "val_performance_metric": "diff",
    "train_loss": 2.024925470352173,
    "initial_pref_do": 0.07714285714285714,
    "final_pref_do": 0.05714285714285714,
    "best_pref_do": 0.05857142857142857
}