{
    "best_epoch": 70,
    "best_val_performance": 1.4107058842976885,
    "val_performance_metric": "diff",
    "train_loss": 1.8966178894042969,
    "initial_dative_mean": -7.30702466121194,
    "final_dative_mean": -7.2732842564582825,
    "best_dative_mean": -7.2732842564582825
}