{
    "best_epoch": 51,
    "best_val_performance": 3.7311744070053097,
    "val_performance_metric": "diff",
    "train_loss": 2.033334493637085,
    "initial_pref_do": 0.09714285714285714,
    "final_pref_do": 0.07,
    "best_pref_do": 0.06
}