{
    "best_epoch": 70,
    "best_val_performance": -0.3173623673121133,
    "val_performance_metric": "diff",
    "train_loss": 3.396749258041382,
    "initial_dative_mean": -7.339580793826901,
    "final_dative_mean": -6.1565916398812455,
    "best_dative_mean": -6.1565916398812455
}