{
    "best_epoch": 70,
    "best_val_performance": -0.5479104248682658,
    "val_performance_metric": "diff",
    "train_loss": 6.760898113250732,
    "initial_dative_mean": -7.342132134744299,
    "final_dative_mean": -6.986902839607662,
    "best_dative_mean": -6.986902839607662
}