{
    "best_epoch": 70,
    "best_val_performance": -0.62371826171875,
    "val_performance_metric": "diff",
    "train_loss": 5.908846378326416,
    "initial_pref_do": 0.17857142857142858,
    "final_pref_do": 0.19714285714285715,
    "best_pref_do": 0.19714285714285715
}