{
    "best_epoch": 41,
    "best_val_performance": 2.004143563906351,
    "val_performance_metric": "diff",
    "train_loss": 0.8413508534431458,
    "initial_do_mean": -7.688818946134212,
    "final_do_mean": -7.995634834780249,
    "best_do_mean": -7.677162880467814,
    "initial_pp_mean": -7.1746724058600035,
    "final_pp_mean": -6.720083287884207,
    "best_pp_mean": -6.44893659528564
}