{
    "best_epoch": 70,
    "best_val_performance": 2.9675467475255335,
    "val_performance_metric": "diff",
    "train_loss": 1.9613183736801147,
    "initial_do_mean": -6.531083645965114,
    "final_do_mean": -10.653186896353057,
    "best_do_mean": -10.653186896353057,
    "initial_pp_mean": -5.897587270206875,
    "final_pp_mean": -7.694348372353447,
    "best_pp_mean": -7.694348372353447
}