{
    "best_epoch": 39,
    "best_val_performance": 0.08198859850565565,
    "val_performance_metric": "diff",
    "train_loss": 1.9551056623458862,
    "initial_pref_do": 0.17857142857142858,
    "final_pref_do": 0.1657142857142857,
    "best_pref_do": 0.18428571428571427
}