{
    "best_epoch": 28,
    "best_val_performance": 4.316515146891275,
    "val_performance_metric": "diff",
    "train_loss": 1.8619632720947266,
    "initial_pref_do": 0.07714285714285714,
    "final_pref_do": 0.06857142857142857,
    "best_pref_do": 0.05285714285714286
}