{
    "best_epoch": 46,
    "best_val_performance": 0.3198653507232674,
    "val_performance_metric": "diff",
    "train_loss": 2.2534005641937256,
    "initial_dative_mean": -7.198607782522838,
    "final_dative_mean": -9.755495379194182,
    "best_dative_mean": -9.270809020912438
}