{
    "best_epoch": 70,
    "best_val_performance": 1.3986922899882002,
    "val_performance_metric": "diff",
    "train_loss": 1.8673441410064697,
    "initial_do_mean": -6.7714006958585795,
    "final_do_mean": -5.479804443590568,
    "best_do_mean": -5.479804443590568,
    "initial_pp_mean": -6.101119136810302,
    "final_pp_mean": -4.705304172303942,
    "best_pp_mean": -4.705304172303942
}