{
    "best_epoch": 12,
    "best_val_performance": -0.1766773509979256,
    "val_performance_metric": "diff",
    "train_loss": 3.6832408905029297,
    "initial_pref_do": 0.15714285714285714,
    "final_pref_do": 0.16714285714285715,
    "best_pref_do": 0.14
}