{
    "best_epoch": 70,
    "best_val_performance": -0.5865044514338171,
    "val_performance_metric": "diff",
    "train_loss": 6.6652302742004395,
    "initial_pref_do": 0.15714285714285714,
    "final_pref_do": 0.18,
    "best_pref_do": 0.18
}