{
    "best_epoch": 70,
    "best_val_performance": -0.36347963809967077,
    "val_performance_metric": "diff",
    "train_loss": 4.419824123382568,
    "initial_pref_do": 0.15571428571428572,
    "final_pref_do": 0.24714285714285714,
    "best_pref_do": 0.24714285714285714
}