{
    "best_epoch": 36,
    "best_val_performance": 0.13327943483988403,
    "val_performance_metric": "diff",
    "train_loss": 2.494961977005005,
    "initial_do_mean": -6.505314660794808,
    "final_do_mean": -4.882352381041556,
    "best_do_mean": -4.83114222613248,
    "initial_pp_mean": -5.875958132743835,
    "final_pp_mean": -4.353600846396552,
    "best_pp_mean": -4.244146230485704
}