{
    "best_epoch": 70,
    "best_val_performance": -0.48847181479136115,
    "val_performance_metric": "diff",
    "train_loss": 6.055193901062012,
    "initial_pref_do": 0.14714285714285713,
    "final_pref_do": 0.16857142857142857,
    "best_pref_do": 0.16857142857142857
}