{
    "best_epoch": 17,
    "best_val_performance": 0.11992233276367159,
    "val_performance_metric": "diff",
    "train_loss": 4.574197292327881,
    "initial_dative_mean": -7.607390732793083,
    "final_dative_mean": -5.523026459572608,
    "best_dative_mean": -5.781800833710453
}