{
    "best_epoch": 70,
    "best_val_performance": -0.5141936874389641,
    "val_performance_metric": "diff",
    "train_loss": 6.690347671508789,
    "initial_pref_do": 0.1457142857142857,
    "final_pref_do": 0.14857142857142858,
    "best_pref_do": 0.14857142857142858
}