{
    "best_epoch": 70,
    "best_val_performance": 2.180191392898559,
    "val_performance_metric": "diff",
    "train_loss": 1.603196620941162,
    "initial_pref_do": 0.1357142857142857,
    "final_pref_do": 0.03571428571428571,
    "best_pref_do": 0.03571428571428571
}