{
    "best_epoch": 65,
    "best_val_performance": 1.1559670639038089,
    "val_performance_metric": "diff",
    "train_loss": 1.4791553020477295,
    "initial_do_mean": -6.669923328630852,
    "final_do_mean": -5.379836523171627,
    "best_do_mean": -5.324797430905429,
    "initial_pp_mean": -5.820306097136603,
    "final_pp_mean": -5.118375444412232,
    "best_pp_mean": -5.040788258446588
}