{
    "best_epoch": 70,
    "best_val_performance": -0.04760531425476078,
    "val_performance_metric": "diff",
    "train_loss": 2.833143472671509,
    "initial_do_mean": -7.839633793331856,
    "final_do_mean": -6.075949571506921,
    "best_do_mean": -6.075949571506921,
    "initial_pp_mean": -7.374864142081317,
    "final_pp_mean": -5.366791501816581,
    "best_pp_mean": -5.366791501816581
}