{
    "best_epoch": 49,
    "best_val_performance": -0.07001047452290798,
    "val_performance_metric": "diff",
    "train_loss": 4.771203517913818,
    "initial_dative_mean": -7.340048098076156,
    "final_dative_mean": -5.750137155864671,
    "best_dative_mean": -5.983324705683
}