{
    "best_epoch": 25,
    "best_val_performance": 1.7942187722524015,
    "val_performance_metric": "diff",
    "train_loss": 2.4033212661743164,
    "initial_dative_mean": -7.343957783185948,
    "final_dative_mean": -6.607110137653629,
    "best_dative_mean": -5.671185401622315
}