{
    "best_epoch": 42,
    "best_val_performance": 1.012208228111267,
    "val_performance_metric": "diff",
    "train_loss": 2.053215980529785,
    "initial_do_mean": -7.697048342505167,
    "final_do_mean": -6.491027391580648,
    "best_do_mean": -6.415422144324281,
    "initial_pp_mean": -7.298497155133416,
    "final_pp_mean": -5.892751280700459,
    "best_pp_mean": -5.653364412924823
}