{
    "best_epoch": 28,
    "best_val_performance": 0.13692672729492195,
    "val_performance_metric": "diff",
    "train_loss": 3.032543420791626,
    "initial_do_mean": -6.547917468620069,
    "final_do_mean": -4.898140952081391,
    "best_do_mean": -4.688613364190767,
    "initial_pp_mean": -5.900460529327392,
    "final_pp_mean": -4.043994503551059,
    "best_pp_mean": -3.865817512406243
}