{
    "best_epoch": 32,
    "best_val_performance": 0.5668415991465254,
    "val_performance_metric": "diff",
    "train_loss": 2.1353604793548584,
    "initial_pref_do": 0.15571428571428572,
    "final_pref_do": 0.06428571428571428,
    "best_pref_do": 0.02
}