{
    "best_epoch": 70,
    "best_val_performance": -0.2309327363967899,
    "val_performance_metric": "diff",
    "train_loss": 4.014279842376709,
    "initial_do_mean": -6.63585291631294,
    "final_do_mean": -5.176987918217977,
    "best_do_mean": -5.176987918217977,
    "initial_pp_mean": -5.7866298940446645,
    "final_pp_mean": -4.297098445892334,
    "best_pp_mean": -4.297098445892334
}