{
    "best_epoch": 70,
    "best_val_performance": -0.16051551342010484,
    "val_performance_metric": "diff",
    "train_loss": 2.8202924728393555,
    "initial_pref_do": 0.15714285714285714,
    "final_pref_do": 0.2671428571428571,
    "best_pref_do": 0.2671428571428571
}