{
    "best_epoch": 63,
    "best_val_performance": 1.440776058832805,
    "val_performance_metric": "diff",
    "train_loss": 1.4544390439987183,
    "initial_do_mean": -6.548183272101662,
    "final_do_mean": -5.90240342689283,
    "best_do_mean": -5.628442876989191,
    "initial_pp_mean": -5.901576076613532,
    "final_pp_mean": -4.981017723348406,
    "best_pp_mean": -4.803795864846971
}