{
    "best_epoch": 70,
    "best_val_performance": -0.5563837544123329,
    "val_performance_metric": "diff",
    "train_loss": 5.704287052154541,
    "initial_dative_mean": -7.307638696759765,
    "final_dative_mean": -6.956432151167016,
    "best_dative_mean": -6.956432151167016
}