{
    "best_epoch": 70,
    "best_val_performance": 2.939802416165671,
    "val_performance_metric": "diff",
    "train_loss": 1.711717963218689,
    "initial_dative_mean": -7.311153105825012,
    "final_dative_mean": -7.5801476332527855,
    "best_dative_mean": -7.5801476332527855
}