{
    "best_epoch": 70,
    "best_val_performance": -0.014147923787434458,
    "val_performance_metric": "diff",
    "train_loss": 4.39668607711792,
    "initial_do_mean": -6.638793205492425,
    "final_do_mean": -4.787532904653839,
    "best_do_mean": -4.787532904653839,
    "initial_pp_mean": -5.7891116433673435,
    "final_pp_mean": -4.455250448650784,
    "best_pp_mean": -4.455250448650784
}