{
    "best_epoch": 21,
    "best_val_performance": 0.18765688260396374,
    "val_performance_metric": "diff",
    "train_loss": 3.4449987411499023,
    "initial_do_mean": -6.556114084070379,
    "final_do_mean": -4.896868218797626,
    "best_do_mean": -4.5637337944724345,
    "initial_pp_mean": -5.760763284895155,
    "final_pp_mean": -4.2145296653111775,
    "best_pp_mean": -3.9984996610217625
}