{
    "best_epoch": 70,
    "best_val_performance": -0.5106740347544356,
    "val_performance_metric": "diff",
    "train_loss": 7.413421154022217,
    "initial_pref_do": 0.09714285714285714,
    "final_pref_do": 0.12,
    "best_pref_do": 0.12
}