{
    "best_epoch": 25,
    "best_val_performance": 0.39347319761912036,
    "val_performance_metric": "diff",
    "train_loss": 2.236522912979126,
    "initial_pref_do": 0.17857142857142858,
    "final_pref_do": 0.10428571428571429,
    "best_pref_do": 0.07714285714285714
}