{
    "best_epoch": 65,
    "best_val_performance": -0.29540188312530535,
    "val_performance_metric": "diff",
    "train_loss": 1.8793351650238037,
    "initial_dative_mean": -7.607670373038242,
    "final_dative_mean": -5.836776708127462,
    "best_dative_mean": -5.804581731383563
}