{
    "best_epoch": 41,
    "best_val_performance": 3.6927082888285323,
    "val_performance_metric": "diff",
    "train_loss": 2.1444716453552246,
    "initial_do_mean": -6.555606396993001,
    "final_do_mean": -8.468191275452122,
    "best_do_mean": -7.648361409794201,
    "initial_pp_mean": -5.760143213801914,
    "final_pp_mean": -7.714151811599732,
    "best_pp_mean": -6.654040296872457
}