{
    "best_epoch": 63,
    "best_val_performance": 0.18647187391916908,
    "val_performance_metric": "diff",
    "train_loss": 1.0691697597503662,
    "initial_do_mean": -7.685210704110389,
    "final_do_mean": -5.8373629412678785,
    "best_do_mean": -5.837606987634371,
    "initial_pp_mean": -7.171503660959356,
    "final_pp_mean": -6.148999348107506,
    "best_pp_mean": -6.145661493259317
}