{
    "best_epoch": 30,
    "best_val_performance": 0.08954494953155567,
    "val_performance_metric": "diff",
    "train_loss": 2.984811782836914,
    "initial_do_mean": -7.599205270063045,
    "final_do_mean": -6.470475200303765,
    "best_do_mean": -5.958586745137392,
    "initial_pp_mean": -7.153607606186586,
    "final_pp_mean": -5.352883951804217,
    "best_pp_mean": -5.1622225182897905
}