{
    "best_epoch": 43,
    "best_val_performance": 3.3592104371388753,
    "val_performance_metric": "diff",
    "train_loss": 2.5131638050079346,
    "initial_do_mean": -6.670721366188743,
    "final_do_mean": -8.409627345114043,
    "best_do_mean": -6.974650273178563,
    "initial_pp_mean": -5.823620303471883,
    "final_pp_mean": -7.229792234632704,
    "best_pp_mean": -6.196809901131524
}