{
    "best_epoch": 70,
    "best_val_performance": -0.018339234987895026,
    "val_performance_metric": "diff",
    "train_loss": 3.127079725265503,
    "initial_do_mean": -6.547818601492679,
    "final_do_mean": -5.0287606904000945,
    "best_do_mean": -5.0287606904000945,
    "initial_pp_mean": -5.903099976645576,
    "final_pp_mean": -4.211151899231805,
    "best_pp_mean": -4.211151899231805
}