{
    "best_epoch": 16,
    "best_val_performance": 2.823739107449849,
    "val_performance_metric": "diff",
    "train_loss": 2.8959453105926514,
    "initial_do_mean": -7.7005156209302505,
    "final_do_mean": -7.681273920244949,
    "best_do_mean": -5.52705791835175,
    "initial_pp_mean": -7.167285363113179,
    "final_pp_mean": -7.133189161735422,
    "best_pp_mean": -5.215415050001705
}