{
    "best_epoch": 14,
    "best_val_performance": 1.038817528088888,
    "val_performance_metric": "diff",
    "train_loss": 3.404446601867676,
    "initial_do_mean": -7.952336147774098,
    "final_do_mean": -8.206575387439063,
    "best_do_mean": -6.271258905876515,
    "initial_pp_mean": -7.526190338415258,
    "final_pp_mean": -7.263704431407592,
    "best_pp_mean": -5.466326471286662
}