{
    "best_epoch": 15,
    "best_val_performance": -0.04913528283437074,
    "val_performance_metric": "diff",
    "train_loss": 2.9236276149749756,
    "initial_do_mean": -7.689668456482333,
    "final_do_mean": -5.921257310828497,
    "best_do_mean": -5.573643918647322,
    "initial_pp_mean": -7.175726509795469,
    "final_pp_mean": -5.390653514862061,
    "best_pp_mean": -5.119333423937069
}