{
    "best_epoch": 70,
    "best_val_performance": -0.5075695975621537,
    "val_performance_metric": "diff",
    "train_loss": 6.939022064208984,
    "initial_dative_mean": -7.25855485040542,
    "final_dative_mean": -7.043695609123386,
    "best_dative_mean": -7.043695609123386
}