{
    "best_epoch": 20,
    "best_val_performance": 0.244952160517375,
    "val_performance_metric": "diff",
    "train_loss": 2.861457347869873,
    "initial_do_mean": -7.690328239008438,
    "final_do_mean": -5.783168725496115,
    "best_do_mean": -5.510859520629395,
    "initial_pp_mean": -7.176464590605567,
    "final_pp_mean": -4.975043624288896,
    "best_pp_mean": -4.855687060776879
}