{
    "best_epoch": 66,
    "best_val_performance": 1.7013746134440115,
    "val_performance_metric": "diff",
    "train_loss": 2.4997570514678955,
    "initial_pref_do": 0.08285714285714285,
    "final_pref_do": 0.09857142857142857,
    "best_pref_do": 0.10857142857142857
}