{
    "best_epoch": 25,
    "best_val_performance": -0.1416948827107749,
    "val_performance_metric": "diff",
    "train_loss": 3.1921331882476807,
    "initial_pref_do": 0.14714285714285713,
    "final_pref_do": 0.27285714285714285,
    "best_pref_do": 0.2671428571428571
}