{
    "best_epoch": 14,
    "best_val_performance": -0.08660035769144692,
    "val_performance_metric": "diff",
    "train_loss": 2.5940635204315186,
    "initial_do_mean": -6.657495955264929,
    "final_do_mean": -4.907725854353472,
    "best_do_mean": -4.640317117806637,
    "initial_pp_mean": -5.916066034634908,
    "final_pp_mean": -4.486518420113457,
    "best_pp_mean": -4.1739239083396065
}