{
    "best_epoch": 38,
    "best_val_performance": 0.9534315379460656,
    "val_performance_metric": "diff",
    "train_loss": 1.4563684463500977,
    "initial_do_mean": -7.953156039465306,
    "final_do_mean": -5.67164389650489,
    "best_do_mean": -5.4553378965965535,
    "initial_pp_mean": -7.528300469061907,
    "final_pp_mean": -5.155029161186779,
    "best_pp_mean": -5.082001999897115
}