{
    "best_epoch": 22,
    "best_val_performance": 0.9091086657842,
    "val_performance_metric": "diff",
    "train_loss": 1.937801718711853,
    "initial_pref_do": 0.1357142857142857,
    "final_pref_do": 0.30142857142857143,
    "best_pref_do": 0.2642857142857143
}