{
    "best_epoch": 70,
    "best_val_performance": 3.305995666186016,
    "val_performance_metric": "diff",
    "train_loss": 1.6875101327896118,
    "initial_pref_do": 0.15714285714285714,
    "final_pref_do": 0.12285714285714286,
    "best_pref_do": 0.12285714285714286
}