{
    "best_epoch": 20,
    "best_val_performance": -0.2775814072291052,
    "val_performance_metric": "diff",
    "train_loss": 2.9662725925445557,
    "initial_pref_do": 0.07714285714285714,
    "final_pref_do": 0.25142857142857145,
    "best_pref_do": 0.29
}