{
    "best_epoch": 54,
    "best_val_performance": 0.43191302617390903,
    "val_performance_metric": "diff",
    "train_loss": 2.237726926803589,
    "initial_do_mean": -7.699875888436339,
    "final_do_mean": -5.967346133880837,
    "best_do_mean": -5.902089352524558,
    "initial_pp_mean": -7.166623905125786,
    "final_pp_mean": -5.161320899865206,
    "best_pp_mean": -5.102070638712715
}