{
    "best_epoch": 40,
    "best_val_performance": 0.3445065689086917,
    "val_performance_metric": "diff",
    "train_loss": 2.6452443599700928,
    "initial_do_mean": -7.8398164975088696,
    "final_do_mean": -5.168356480986573,
    "best_do_mean": -4.985984991109649,
    "initial_pp_mean": -7.375628436312956,
    "final_pp_mean": -4.455940030602848,
    "best_pp_mean": -4.309144241669599
}