{
    "best_epoch": 70,
    "best_val_performance": -0.6229093106587733,
    "val_performance_metric": "diff",
    "train_loss": 5.892209529876709,
    "initial_dative_mean": -7.280706807535294,
    "final_dative_mean": -7.0296417959252295,
    "best_dative_mean": -7.0296417959252295
}