{
    "best_epoch": 36,
    "best_val_performance": 0.6901655069986985,
    "val_performance_metric": "diff",
    "train_loss": 1.830634593963623,
    "initial_pref_do": 0.1357142857142857,
    "final_pref_do": 0.09428571428571429,
    "best_pref_do": 0.055714285714285716
}