{
    "best_epoch": 70,
    "best_val_performance": 0.01484400590260826,
    "val_performance_metric": "diff",
    "train_loss": 2.6918742656707764,
    "initial_do_mean": -6.657080774596243,
    "final_do_mean": -5.352223815339984,
    "best_do_mean": -5.352223815339984,
    "initial_pp_mean": -5.916419561704,
    "final_pp_mean": -4.566649060779148,
    "best_pp_mean": -4.566649060779148
}