{
    "best_epoch": 15,
    "best_val_performance": -0.010650389989216968,
    "val_performance_metric": "diff",
    "train_loss": 2.71714448928833,
    "initial_do_mean": -6.557320382378318,
    "final_do_mean": -5.242460246519609,
    "best_do_mean": -4.669548375678785,
    "initial_pp_mean": -5.763345079951816,
    "final_pp_mean": -4.4367776870727536,
    "best_pp_mean": -3.829161606894599
}