{
    "best_epoch": 70,
    "best_val_performance": -0.6403657801946006,
    "val_performance_metric": "diff",
    "train_loss": 6.0215911865234375,
    "initial_pref_do": 0.1357142857142857,
    "final_pref_do": 0.1442857142857143,
    "best_pref_do": 0.1442857142857143
}