{
    "best_epoch": 28,
    "best_val_performance": 0.013898191452025976,
    "val_performance_metric": "diff",
    "train_loss": 2.944589614868164,
    "initial_do_mean": -6.66007663119923,
    "final_do_mean": -4.752688131910382,
    "best_do_mean": -4.298787293289647,
    "initial_pp_mean": -5.918292638990614,
    "final_pp_mean": -4.317798320452372,
    "best_pp_mean": -3.9512573268678453
}