{
    "best_epoch": 70,
    "best_val_performance": -0.1732709280649818,
    "val_performance_metric": "diff",
    "train_loss": 2.955186367034912,
    "initial_do_mean": -6.672174445065585,
    "final_do_mean": -5.092832756042481,
    "best_do_mean": -5.092832756042481,
    "initial_pp_mean": -5.824644756317139,
    "final_pp_mean": -4.338664049572415,
    "best_pp_mean": -4.338664049572415
}