{
    "best_epoch": 26,
    "best_val_performance": -0.08317752997080508,
    "val_performance_metric": "diff",
    "train_loss": 2.9783196449279785,
    "initial_pref_do": 0.15714285714285714,
    "final_pref_do": 0.008571428571428572,
    "best_pref_do": 0.012857142857142857
}