{
    "best_epoch": 24,
    "best_val_performance": -0.2978843784332277,
    "val_performance_metric": "diff",
    "train_loss": 2.8237719535827637,
    "initial_do_mean": -6.553585620359941,
    "final_do_mean": -5.935573969465313,
    "best_do_mean": -5.500149286154545,
    "initial_pp_mean": -5.759647313753764,
    "final_pp_mean": -5.343499830034044,
    "best_pp_mean": -4.792959830496046
}