{
    "best_epoch": 38,
    "best_val_performance": 0.19683668931325293,
    "val_performance_metric": "diff",
    "train_loss": 1.9232035875320435,
    "initial_dative_mean": -7.26125216902348,
    "final_dative_mean": -5.113631490378352,
    "best_dative_mean": -4.9942419870555055
}