{
    "best_epoch": 70,
    "best_val_performance": -0.18191129207611123,
    "val_performance_metric": "diff",
    "train_loss": 3.5472097396850586,
    "initial_do_mean": -6.635182713017319,
    "final_do_mean": -4.862557633717855,
    "best_do_mean": -4.862557633717855,
    "initial_pp_mean": -5.784716635280185,
    "final_pp_mean": -4.177781324916416,
    "best_pp_mean": -4.177781324916416
}