{
    "best_epoch": 33,
    "best_val_performance": 2.40060228506724,
    "val_performance_metric": "diff",
    "train_loss": 2.859853506088257,
    "initial_do_mean": -6.658953447052927,
    "final_do_mean": -7.153487459818522,
    "best_do_mean": -5.783015191916263,
    "initial_pp_mean": -5.9165890084372625,
    "final_pp_mean": -6.400823532210456,
    "best_pp_mean": -5.350847980711195
}