{
    "best_epoch": 70,
    "best_val_performance": -0.2728353579839071,
    "val_performance_metric": "diff",
    "train_loss": 4.555710315704346,
    "initial_do_mean": -7.687871109607608,
    "final_do_mean": -6.0612898254117304,
    "best_do_mean": -6.0612898254117304,
    "initial_pp_mean": -7.174003163506003,
    "final_pp_mean": -5.59633367061615,
    "best_pp_mean": -5.59633367061615
}