{
    "best_epoch": 15,
    "best_val_performance": -0.08293253262837741,
    "val_performance_metric": "diff",
    "train_loss": 2.880995035171509,
    "initial_do_mean": -6.672024994185477,
    "final_do_mean": -4.953812207597675,
    "best_do_mean": -4.866329441648541,
    "initial_pp_mean": -5.824536392423842,
    "final_pp_mean": -4.170923603905572,
    "best_pp_mean": -3.915227180057102
}