{
    "best_epoch": 70,
    "best_val_performance": -0.20196481227874763,
    "val_performance_metric": "diff",
    "train_loss": 2.836172103881836,
    "initial_do_mean": -6.668462134852554,
    "final_do_mean": -5.320680254155939,
    "best_do_mean": -5.320680254155939,
    "initial_pp_mean": -5.82116907702552,
    "final_pp_mean": -4.488159251213074,
    "best_pp_mean": -4.488159251213074
}