{
    "best_epoch": 20,
    "best_val_performance": -0.06426123460133848,
    "val_performance_metric": "diff",
    "train_loss": 3.3766679763793945,
    "initial_do_mean": -6.555315371715661,
    "final_do_mean": -4.787320852279663,
    "best_do_mean": -4.699398964101618,
    "initial_pp_mean": -5.76153580877516,
    "final_pp_mean": -4.158060121536255,
    "best_pp_mean": -3.899937563472324
}