{
    "best_epoch": 61,
    "best_val_performance": 2.083680067062379,
    "val_performance_metric": "diff",
    "train_loss": 1.9090931415557861,
    "initial_pref_do": 0.18,
    "final_pref_do": 0.014285714285714285,
    "best_pref_do": 0.015714285714285715
}