{
    "best_epoch": 70,
    "best_val_performance": 0.14500953356424962,
    "val_performance_metric": "diff",
    "train_loss": 1.9203788042068481,
    "initial_do_mean": -7.637198208376419,
    "final_do_mean": -5.433419729388038,
    "best_do_mean": -5.433419729388038,
    "initial_pp_mean": -6.993991626711453,
    "final_pp_mean": -4.4728172789601714,
    "best_pp_mean": -4.4728172789601714
}