{
    "best_epoch": 70,
    "best_val_performance": -0.4381922245025631,
    "val_performance_metric": "diff",
    "train_loss": 7.245943546295166,
    "initial_dative_mean": -7.468746572907208,
    "final_dative_mean": -7.032939269180186,
    "best_dative_mean": -7.032939269180186
}