{
    "best_epoch": 12,
    "best_val_performance": -0.31093988895416214,
    "val_performance_metric": "diff",
    "train_loss": 2.6823770999908447,
    "initial_pref_do": 0.1357142857142857,
    "final_pref_do": 0.2557142857142857,
    "best_pref_do": 0.4342857142857143
}