{
    "best_epoch": 70,
    "best_val_performance": 3.287679820060731,
    "val_performance_metric": "diff",
    "train_loss": 1.6158519983291626,
    "initial_dative_mean": -7.576960122027592,
    "final_dative_mean": -9.191282131518538,
    "best_dative_mean": -9.191282131518538
}