{
    "best_epoch": 32,
    "best_val_performance": 0.7779214143753057,
    "val_performance_metric": "diff",
    "train_loss": 2.841369152069092,
    "initial_dative_mean": -7.576489856368617,
    "final_dative_mean": -4.839418317839416,
    "best_dative_mean": -4.482830999016064
}