{
    "best_epoch": 17,
    "best_val_performance": 0.1490120601654059,
    "val_performance_metric": "diff",
    "train_loss": 2.689023733139038,
    "initial_pref_do": 0.07714285714285714,
    "final_pref_do": 0.012857142857142857,
    "best_pref_do": 0.01
}