{
    "best_epoch": 12,
    "best_val_performance": 0.48454456885655706,
    "val_performance_metric": "diff",
    "train_loss": 3.476137161254883,
    "initial_do_mean": -6.549746550935687,
    "final_do_mean": -6.69904537634416,
    "best_do_mean": -4.425489614949082,
    "initial_pp_mean": -5.903770918316312,
    "final_pp_mean": -6.004251829783121,
    "best_pp_mean": -4.046609769927131
}