{
    "best_epoch": 63,
    "best_val_performance": 0.09668378988901782,
    "val_performance_metric": "diff",
    "train_loss": 2.590855598449707,
    "initial_do_mean": -7.689113787440366,
    "final_do_mean": -5.579174484970958,
    "best_do_mean": -5.562124682373779,
    "initial_pp_mean": -7.254050550040077,
    "final_pp_mean": -4.660928470597548,
    "best_pp_mean": -4.669260048866272
}