{
    "best_epoch": 29,
    "best_val_performance": 3.3807749414443977,
    "val_performance_metric": "diff",
    "train_loss": 2.5639333724975586,
    "initial_do_mean": -6.549447165113507,
    "final_do_mean": -6.97154415881995,
    "best_do_mean": -5.360311823180227,
    "initial_pp_mean": -5.901122858789232,
    "final_pp_mean": -5.549405082066854,
    "best_pp_mean": -4.4312661250432335
}