{
    "best_epoch": 54,
    "best_val_performance": 1.4539499839146934,
    "val_performance_metric": "diff",
    "train_loss": 1.5961064100265503,
    "initial_do_mean": -6.670240120454268,
    "final_do_mean": -5.449457944523204,
    "best_do_mean": -5.137756211829908,
    "initial_pp_mean": -5.823676562309265,
    "final_pp_mean": -4.742956087324354,
    "best_pp_mean": -4.504311839739482
}