{
    "best_epoch": 70,
    "best_val_performance": -0.180089626312256,
    "val_performance_metric": "diff",
    "train_loss": 3.313210964202881,
    "initial_do_mean": -6.767122888565064,
    "final_do_mean": -5.162169889970259,
    "best_do_mean": -5.162169889970259,
    "initial_pp_mean": -6.101861829227872,
    "final_pp_mean": -4.565196008152432,
    "best_pp_mean": -4.565196008152432
}