{
    "best_epoch": 52,
    "best_val_performance": 1.1099417018890376,
    "val_performance_metric": "diff",
    "train_loss": 2.1327836513519287,
    "initial_do_mean": -7.833543485680292,
    "final_do_mean": -7.788586421761402,
    "best_do_mean": -6.774541407477024,
    "initial_pp_mean": -7.3691296591478235,
    "final_pp_mean": -7.370990975814707,
    "best_pp_mean": -6.355158646317089
}