{
    "best_epoch": 70,
    "best_val_performance": 0.15794523715972897,
    "val_performance_metric": "diff",
    "train_loss": 2.681452512741089,
    "initial_pref_do": 0.09714285714285714,
    "final_pref_do": 0.06428571428571428,
    "best_pref_do": 0.06428571428571428
}