{
    "best_epoch": 18,
    "best_val_performance": -0.3188307921091722,
    "val_performance_metric": "diff",
    "train_loss": 2.7664122581481934,
    "initial_pref_do": 0.1357142857142857,
    "final_pref_do": 0.24571428571428572,
    "best_pref_do": 0.4542857142857143
}