{
    "best_epoch": 67,
    "best_val_performance": 0.7989384969075521,
    "val_performance_metric": "diff",
    "train_loss": 1.7227603197097778,
    "initial_do_mean": -6.641318487398552,
    "final_do_mean": -4.9379565065557305,
    "best_do_mean": -4.902305477315729,
    "initial_pp_mean": -5.792206215858459,
    "final_pp_mean": -4.192304831080967,
    "best_pp_mean": -4.17668280866411
}