{
    "best_epoch": 42,
    "best_val_performance": 0.04964288552602092,
    "val_performance_metric": "diff",
    "train_loss": 1.396297812461853,
    "initial_do_mean": -7.635814923879712,
    "final_do_mean": -6.442990109324455,
    "best_do_mean": -6.539444556416467,
    "initial_pp_mean": -6.9919883202104005,
    "final_pp_mean": -5.915117059735691,
    "best_pp_mean": -5.9056394675198725
}