{
    "best_epoch": 70,
    "best_val_performance": 0.13136607805887834,
    "val_performance_metric": "diff",
    "train_loss": 1.608036994934082,
    "initial_dative_mean": -7.4631866756935565,
    "final_dative_mean": -5.969301387754797,
    "best_dative_mean": -5.969301387754797
}