{
    "best_epoch": 41,
    "best_val_performance": 0.27979994773864725,
    "val_performance_metric": "diff",
    "train_loss": 3.031327247619629,
    "initial_do_mean": -6.769030565204043,
    "final_do_mean": -5.408080962209991,
    "best_do_mean": -4.884719389135188,
    "initial_pp_mean": -6.101006982061598,
    "final_pp_mean": -4.8788081725438435,
    "best_pp_mean": -4.450003147125244
}