{
    "best_epoch": 70,
    "best_val_performance": -0.14841090520222977,
    "val_performance_metric": "diff",
    "train_loss": 4.250644207000732,
    "initial_pref_do": 0.14714285714285713,
    "final_pref_do": 0.07714285714285714,
    "best_pref_do": 0.07714285714285714
}