{
    "best_epoch": 70,
    "best_val_performance": -0.03673230330149302,
    "val_performance_metric": "diff",
    "train_loss": 4.1501593589782715,
    "initial_do_mean": -6.531972009485418,
    "final_do_mean": -4.8945557233059045,
    "best_do_mean": -4.8945557233059045,
    "initial_pp_mean": -5.899453012148539,
    "final_pp_mean": -4.3005572822358875,
    "best_pp_mean": -4.3005572822358875
}