{
    "best_epoch": 40,
    "best_val_performance": 0.18127066135406533,
    "val_performance_metric": "diff",
    "train_loss": 3.0837814807891846,
    "initial_do_mean": -6.7433486606135515,
    "final_do_mean": -4.84436839132598,
    "best_do_mean": -4.7073380672570435,
    "initial_pp_mean": -6.1261180771721735,
    "final_pp_mean": -4.221335456106398,
    "best_pp_mean": -3.99998213979933
}