{
    "best_epoch": 63,
    "best_val_performance": 5.47558456103007,
    "val_performance_metric": "diff",
    "train_loss": 2.257638692855835,
    "initial_pref_do": 0.09714285714285714,
    "final_pref_do": 0.12142857142857143,
    "best_pref_do": 0.08714285714285715
}