{
    "best_epoch": 67,
    "best_val_performance": 0.5713130029042564,
    "val_performance_metric": "diff",
    "train_loss": 1.6159182786941528,
    "initial_pref_do": 0.09714285714285714,
    "final_pref_do": 0.08571428571428572,
    "best_pref_do": 0.08714285714285715
}