{
    "best_epoch": 70,
    "best_val_performance": 1.458811330795287,
    "val_performance_metric": "diff",
    "train_loss": 1.7374298572540283,
    "initial_do_mean": -7.956555670083955,
    "final_do_mean": -10.238283513590346,
    "best_do_mean": -10.238283513590346,
    "initial_pp_mean": -7.531046401753145,
    "final_pp_mean": -8.395903963902418,
    "best_pp_mean": -8.395903963902418
}