{
    "best_epoch": 16,
    "best_val_performance": 0.37674850463867227,
    "val_performance_metric": "diff",
    "train_loss": 2.7306973934173584,
    "initial_do_mean": -7.95946322485458,
    "final_do_mean": -5.723121791731479,
    "best_do_mean": -5.100642858549606,
    "initial_pp_mean": -7.5342204171068525,
    "final_pp_mean": -5.2799116888467,
    "best_pp_mean": -4.69776279540623
}