{
    "best_epoch": 62,
    "best_val_performance": 1.49505825996399,
    "val_performance_metric": "diff",
    "train_loss": 2.2490150928497314,
    "initial_dative_mean": -7.609913250159102,
    "final_dative_mean": -7.307829050467029,
    "best_dative_mean": -7.551099794824221
}