{
    "best_epoch": 10,
    "best_val_performance": -0.24721384843190553,
    "val_performance_metric": "diff",
    "train_loss": 5.165169715881348,
    "initial_do_mean": -7.670594489851664,
    "final_do_mean": -6.079747905911401,
    "best_do_mean": -6.562784240689388,
    "initial_pp_mean": -7.0716729164123535,
    "final_pp_mean": -5.798972470620099,
    "best_pp_mean": -5.853425946656396
}