{
    "best_epoch": 70,
    "best_val_performance": -0.2784191290537512,
    "val_performance_metric": "diff",
    "train_loss": 4.246934413909912,
    "initial_do_mean": -7.595561509908632,
    "final_do_mean": -6.110096207884855,
    "best_do_mean": -6.110096207884855,
    "initial_pp_mean": -7.151574404800639,
    "final_pp_mean": -5.8777335636756,
    "best_pp_mean": -5.8777335636756
}