{
    "best_epoch": 70,
    "best_val_performance": -0.39962804317474365,
    "val_performance_metric": "diff",
    "train_loss": 4.821048736572266,
    "initial_dative_mean": -7.281023650141488,
    "final_dative_mean": -5.725886995506565,
    "best_dative_mean": -5.725886995506565
}