{
    "best_epoch": 36,
    "best_val_performance": 0.39633474508921296,
    "val_performance_metric": "diff",
    "train_loss": 1.6163030862808228,
    "initial_dative_mean": -7.194147464824699,
    "final_dative_mean": -5.258086859482771,
    "best_dative_mean": -4.915449072830161
}