{
    "best_epoch": 70,
    "best_val_performance": 0.36353810469309433,
    "val_performance_metric": "diff",
    "train_loss": 1.8585705757141113,
    "initial_pref_do": 0.09714285714285714,
    "final_pref_do": 0.30857142857142855,
    "best_pref_do": 0.30857142857142855
}