{
    "best_epoch": 14,
    "best_val_performance": -0.004458810488382703,
    "val_performance_metric": "diff",
    "train_loss": 4.141181468963623,
    "initial_do_mean": -6.744882038867835,
    "final_do_mean": -5.2142269943699695,
    "best_do_mean": -4.782437074545658,
    "initial_pp_mean": -6.126367028554281,
    "final_pp_mean": -4.984676538573371,
    "best_pp_mean": -4.495555384953817
}