{
    "best_epoch": 18,
    "best_val_performance": 2.4332867622375485,
    "val_performance_metric": "diff",
    "train_loss": 2.273958921432495,
    "initial_do_mean": -6.50868380575469,
    "final_do_mean": -8.34471063035907,
    "best_do_mean": -6.003779128103545,
    "initial_pp_mean": -5.876886373096042,
    "final_pp_mean": -7.488250170813666,
    "best_pp_mean": -6.047236069043477
}