{
    "best_epoch": 70,
    "best_val_performance": 0.33370559692382784,
    "val_performance_metric": "diff",
    "train_loss": 1.7415647506713867,
    "initial_pref_do": 0.08428571428571428,
    "final_pref_do": 0.08,
    "best_pref_do": 0.08
}