{
    "best_epoch": 70,
    "best_val_performance": -0.027192765871683733,
    "val_performance_metric": "diff",
    "train_loss": 3.007901191711426,
    "initial_pref_do": 0.14714285714285713,
    "final_pref_do": 0.04285714285714286,
    "best_pref_do": 0.04285714285714286
}