{
    "best_epoch": 40,
    "best_val_performance": 2.7823815298080454,
    "val_performance_metric": "diff",
    "train_loss": 1.8484783172607422,
    "initial_pref_do": 0.09857142857142857,
    "final_pref_do": 0.10571428571428572,
    "best_pref_do": 0.09714285714285714
}