{
    "best_epoch": 7,
    "best_val_performance": 0.28287231047948236,
    "val_performance_metric": "diff",
    "train_loss": 2.65411639213562,
    "initial_dative_mean": -7.309715218711317,
    "final_dative_mean": -7.5974001673578515,
    "best_dative_mean": -5.466990862847768
}