{
    "best_epoch": 41,
    "best_val_performance": 1.084105757077535,
    "val_performance_metric": "diff",
    "train_loss": 1.612687110900879,
    "initial_pref_do": 0.13428571428571429,
    "final_pref_do": 0.16428571428571428,
    "best_pref_do": 0.22714285714285715
}