{
    "best_epoch": 13,
    "best_val_performance": 1.0136026589075717,
    "val_performance_metric": "diff",
    "train_loss": 2.359746217727661,
    "initial_do_mean": -6.658213522939971,
    "final_do_mean": -5.406213932326346,
    "best_do_mean": -4.45640781286991,
    "initial_pp_mean": -5.9168878873189295,
    "final_pp_mean": -4.753497960832384,
    "best_pp_mean": -3.9669669601652355
}