{
    "best_epoch": 70,
    "best_val_performance": 0.38188948631286657,
    "val_performance_metric": "diff",
    "train_loss": 1.4596220254898071,
    "initial_dative_mean": -7.189997922607333,
    "final_dative_mean": -5.219448598679046,
    "best_dative_mean": -5.219448598679046
}