{
    "best_epoch": 70,
    "best_val_performance": 0.09632322470347088,
    "val_performance_metric": "diff",
    "train_loss": 4.532802581787109,
    "initial_do_mean": -7.960018164889757,
    "final_do_mean": -5.898063972592354,
    "best_do_mean": -5.898063972592354,
    "initial_pp_mean": -7.574439315936145,
    "final_pp_mean": -5.470016244930379,
    "best_pp_mean": -5.470016244930379
}