{
    "best_epoch": 32,
    "best_val_performance": 3.510595208803812,
    "val_performance_metric": "diff",
    "train_loss": 1.9552671909332275,
    "initial_do_mean": -6.742384036382039,
    "final_do_mean": -6.404200100176262,
    "best_do_mean": -6.307223270878647,
    "initial_pp_mean": -6.123495297961765,
    "final_pp_mean": -6.196651713053385,
    "best_pp_mean": -6.0589159303241304
}