{
    "best_epoch": 70,
    "best_val_performance": -0.5510735019048054,
    "val_performance_metric": "diff",
    "train_loss": 6.264397621154785,
    "initial_pref_do": 0.07714285714285714,
    "final_pref_do": 0.08142857142857143,
    "best_pref_do": 0.08142857142857143
}