{
    "best_epoch": 70,
    "best_val_performance": -0.5552311070760094,
    "val_performance_metric": "diff",
    "train_loss": 6.600335121154785,
    "initial_pref_do": 0.09857142857142857,
    "final_pref_do": 0.12428571428571429,
    "best_pref_do": 0.12428571428571429
}