{
    "best_epoch": 28,
    "best_val_performance": -0.17989740371704155,
    "val_performance_metric": "diff",
    "train_loss": 3.1807045936584473,
    "initial_do_mean": -6.66520583412864,
    "final_do_mean": -4.630742580240423,
    "best_do_mean": -4.256581173521099,
    "initial_pp_mean": -5.818913091553582,
    "final_pp_mean": -4.121137324968974,
    "best_pp_mean": -3.8955288887023927
}