{
    "best_epoch": 27,
    "best_val_performance": 0.13621431986490862,
    "val_performance_metric": "diff",
    "train_loss": 3.5069093704223633,
    "initial_do_mean": -7.68633680496105,
    "final_do_mean": -5.556960423671922,
    "best_do_mean": -5.633275679724161,
    "initial_pp_mean": -7.251056488822488,
    "final_pp_mean": -5.0992083952707405,
    "best_pp_mean": -5.19841456413269
}