{
    "best_epoch": 7,
    "best_val_performance": 0.7529035774866735,
    "val_performance_metric": "diff",
    "train_loss": 2.4913368225097656,
    "initial_do_mean": -7.837780561558036,
    "final_do_mean": -6.491575840600701,
    "best_do_mean": -5.150356583123983,
    "initial_pp_mean": -7.3722680786076715,
    "final_pp_mean": -5.577094804890016,
    "best_pp_mean": -4.430742642809363
}