{
    "best_epoch": 70,
    "best_val_performance": -0.10446249326070145,
    "val_performance_metric": "diff",
    "train_loss": 2.8880319595336914,
    "initial_pref_do": 0.15714285714285714,
    "final_pref_do": 0.004285714285714286,
    "best_pref_do": 0.004285714285714286
}