{
    "best_epoch": 57,
    "best_val_performance": 2.2575728400548307,
    "val_performance_metric": "diff",
    "train_loss": 1.1822084188461304,
    "initial_do_mean": -7.693439961865891,
    "final_do_mean": -6.83646231058032,
    "best_do_mean": -6.42452155192231,
    "initial_pp_mean": -7.294439865561093,
    "final_pp_mean": -6.1162797854227176,
    "best_pp_mean": -5.712109929498504
}