{
    "best_epoch": 70,
    "best_val_performance": -0.22839744408925355,
    "val_performance_metric": "diff",
    "train_loss": 1.8157626390457153,
    "initial_pref_do": 0.09714285714285714,
    "final_pref_do": 0.05142857142857143,
    "best_pref_do": 0.05142857142857143
}