{
    "best_epoch": 70,
    "best_val_performance": 0.024253424008687574,
    "val_performance_metric": "diff",
    "train_loss": 3.4923861026763916,
    "initial_do_mean": -7.675306002067965,
    "final_do_mean": -6.360867064359576,
    "best_do_mean": -6.360867064359576,
    "initial_pp_mean": -7.075137178336873,
    "final_pp_mean": -5.60632340241881,
    "best_pp_mean": -5.60632340241881
}