{
    "best_epoch": 32,
    "best_val_performance": 0.027038327852884514,
    "val_performance_metric": "diff",
    "train_loss": 3.3314433097839355,
    "initial_pref_do": 0.1457142857142857,
    "final_pref_do": 0.032857142857142856,
    "best_pref_do": 0.027142857142857142
}