{
    "best_epoch": 70,
    "best_val_performance": 1.1586663309733067,
    "val_performance_metric": "diff",
    "train_loss": 0.8801752924919128,
    "initial_do_mean": -6.6568889545671865,
    "final_do_mean": -6.126197364113548,
    "best_do_mean": -6.126197364113548,
    "initial_pp_mean": -5.913570202721489,
    "final_pp_mean": -5.345057321919335,
    "best_pp_mean": -5.345057321919335
}