{
    "best_epoch": 70,
    "best_val_performance": -0.11460048675537138,
    "val_performance_metric": "diff",
    "train_loss": 4.051799297332764,
    "initial_do_mean": -6.745671172575517,
    "final_do_mean": -5.7109499310002185,
    "best_do_mean": -5.7109499310002185,
    "initial_pp_mean": -6.125844460063511,
    "final_pp_mean": -5.143795829349094,
    "best_pp_mean": -5.143795829349094
}