{
    "best_epoch": 22,
    "best_val_performance": 0.22804060141245497,
    "val_performance_metric": "diff",
    "train_loss": 2.278740167617798,
    "initial_do_mean": -6.550866063435873,
    "final_do_mean": -5.049749644597371,
    "best_do_mean": -4.858546957825169,
    "initial_pp_mean": -5.90438323020935,
    "final_pp_mean": -4.190628054406908,
    "best_pp_mean": -4.0112871646881105
}