{
    "best_epoch": 34,
    "best_val_performance": -0.18950970172882098,
    "val_performance_metric": "diff",
    "train_loss": 3.103006362915039,
    "initial_dative_mean": -7.467608888595425,
    "final_dative_mean": -5.59528122450176,
    "best_dative_mean": -5.4584326371114855
}