{
    "best_epoch": 70,
    "best_val_performance": 1.8881730190912895,
    "val_performance_metric": "diff",
    "train_loss": 2.284428358078003,
    "initial_do_mean": -7.704089956921201,
    "final_do_mean": -5.999199445857558,
    "best_do_mean": -5.999199445857558,
    "initial_pp_mean": -7.171310876397525,
    "final_pp_mean": -4.944417552387013,
    "best_pp_mean": -4.944417552387013
}