{
    "best_epoch": 29,
    "best_val_performance": 0.09490463415781658,
    "val_performance_metric": "diff",
    "train_loss": 2.1680943965911865,
    "initial_do_mean": -6.545329083818378,
    "final_do_mean": -4.979300676692616,
    "best_do_mean": -4.540738110108809,
    "initial_pp_mean": -5.900726188553704,
    "final_pp_mean": -4.18522945245107,
    "best_pp_mean": -3.8722203784518774
}