{
    "best_epoch": 28,
    "best_val_performance": -0.02797124226888048,
    "val_performance_metric": "diff",
    "train_loss": 3.696288824081421,
    "initial_do_mean": -7.958092912685039,
    "final_do_mean": -5.640725794573163,
    "best_do_mean": -5.49413678881734,
    "initial_pp_mean": -7.532668228009168,
    "final_pp_mean": -5.09991335588343,
    "best_pp_mean": -5.306933783783633
}