{
    "best_epoch": 34,
    "best_val_performance": 0.10490935802459767,
    "val_performance_metric": "diff",
    "train_loss": 3.2196247577667236,
    "initial_do_mean": -7.6972677562125895,
    "final_do_mean": -5.452063732369002,
    "best_do_mean": -5.5584555999484175,
    "initial_pp_mean": -7.163619845053729,
    "final_pp_mean": -4.938422832068275,
    "best_pp_mean": -5.004127275943756
}