{
    "best_epoch": 16,
    "best_val_performance": -0.2507777484258016,
    "val_performance_metric": "diff",
    "train_loss": 2.0840976238250732,
    "initial_pref_do": 0.17714285714285713,
    "final_pref_do": 0.22,
    "best_pref_do": 0.2042857142857143
}