{
    "best_epoch": 3,
    "best_val_performance": -0.45426139672597277,
    "val_performance_metric": "diff",
    "train_loss": 4.77698278427124,
    "initial_pref_do": 0.1357142857142857,
    "final_pref_do": 0.21714285714285714,
    "best_pref_do": 0.09285714285714286
}