{
    "best_epoch": 51,
    "best_val_performance": 0.3394662539164228,
    "val_performance_metric": "diff",
    "train_loss": 3.3033876419067383,
    "initial_do_mean": -7.698384883098824,
    "final_do_mean": -5.512274468707484,
    "best_do_mean": -5.484017917929694,
    "initial_pp_mean": -7.165693170884076,
    "final_pp_mean": -4.555945531059714,
    "best_pp_mean": -4.540074228188571
}