{
    "best_epoch": 40,
    "best_val_performance": 2.286632084846497,
    "val_performance_metric": "diff",
    "train_loss": 1.7982501983642578,
    "initial_do_mean": -6.633469890825676,
    "final_do_mean": -6.601138054240834,
    "best_do_mean": -6.366760748082942,
    "initial_pp_mean": -5.782807850837708,
    "final_pp_mean": -6.416708890597025,
    "best_pp_mean": -6.14200795756446
}