{
    "best_epoch": 1,
    "best_val_performance": -0.6103699366251627,
    "val_performance_metric": "diff",
    "train_loss": 8.295517921447754,
    "initial_pref_do": 0.08285714285714285,
    "final_pref_do": 0.07571428571428572,
    "best_pref_do": 0.08285714285714285
}