{
    "best_epoch": 57,
    "best_val_performance": 2.0750762573877966,
    "val_performance_metric": "diff",
    "train_loss": 1.4449594020843506,
    "initial_do_mean": -7.6340720750564754,
    "final_do_mean": -6.387797517485397,
    "best_do_mean": -6.231043527292651,
    "initial_pp_mean": -6.9914984506719255,
    "final_pp_mean": -6.159743828282637,
    "best_pp_mean": -6.052618984264486
}