{
    "best_epoch": 70,
    "best_val_performance": 1.6502782948811845,
    "val_performance_metric": "diff",
    "train_loss": 1.6579009294509888,
    "initial_pref_do": 0.1357142857142857,
    "final_pref_do": 0.055714285714285716,
    "best_pref_do": 0.055714285714285716
}