{
    "best_epoch": 14,
    "best_val_performance": 0.13810740152994772,
    "val_performance_metric": "diff",
    "train_loss": 3.1828067302703857,
    "initial_do_mean": -7.63694563438726,
    "final_do_mean": -5.66736588124619,
    "best_do_mean": -5.285432587182799,
    "initial_pp_mean": -6.9935733157045705,
    "final_pp_mean": -4.671571389015983,
    "best_pp_mean": -4.399141407012939
}