{
    "best_epoch": 34,
    "best_val_performance": 0.3240770419438679,
    "val_performance_metric": "diff",
    "train_loss": 3.047779083251953,
    "initial_do_mean": -6.768091182997733,
    "final_do_mean": -4.68501467849269,
    "best_do_mean": -4.29057255080252,
    "initial_pp_mean": -6.101931805080838,
    "final_pp_mean": -4.06360710726844,
    "best_pp_mean": -3.7435238705741036
}