{
    "best_epoch": 70,
    "best_val_performance": 3.2023684962590524,
    "val_performance_metric": "diff",
    "train_loss": 2.130676507949829,
    "initial_pref_do": 0.14714285714285713,
    "final_pref_do": 0.14,
    "best_pref_do": 0.14
}