{
    "best_epoch": 62,
    "best_val_performance": 0.27768997987111455,
    "val_performance_metric": "diff",
    "train_loss": 2.271336078643799,
    "initial_dative_mean": -7.194026774830288,
    "final_dative_mean": -4.906432416181119,
    "best_dative_mean": -4.90509368017403
}