{
    "best_epoch": 70,
    "best_val_performance": -0.5170940987269086,
    "val_performance_metric": "diff",
    "train_loss": 7.1420793533325195,
    "initial_dative_mean": -7.340012737882067,
    "final_dative_mean": -6.988337852801496,
    "best_dative_mean": -6.988337852801496
}