{
    "best_epoch": 70,
    "best_val_performance": -0.5420186233520505,
    "val_performance_metric": "diff",
    "train_loss": 7.691985607147217,
    "initial_dative_mean": -7.577412919691431,
    "final_dative_mean": -7.264485256016603,
    "best_dative_mean": -7.264485256016603
}