{
    "best_epoch": 4,
    "best_val_performance": -0.2002903970082599,
    "val_performance_metric": "diff",
    "train_loss": 6.985649108886719,
    "initial_do_mean": -7.670843992122384,
    "final_do_mean": -5.874665988392608,
    "best_do_mean": -6.915951123764349,
    "initial_pp_mean": -7.07094693254022,
    "final_pp_mean": -5.557712542660096,
    "best_pp_mean": -6.34222883757423
}