{
    "best_epoch": 20,
    "best_val_performance": 0.4217592779795334,
    "val_performance_metric": "diff",
    "train_loss": 2.796586275100708,
    "initial_do_mean": -7.9573592342609585,
    "final_do_mean": -5.82565757528294,
    "best_do_mean": -5.394335551317348,
    "initial_pp_mean": -7.573425431111279,
    "final_pp_mean": -5.353524618639666,
    "best_pp_mean": -4.78348967888776
}