{
    "best_epoch": 70,
    "best_val_performance": -0.1342337624231975,
    "val_performance_metric": "diff",
    "train_loss": 3.7732954025268555,
    "initial_do_mean": -6.669625256278298,
    "final_do_mean": -5.15125239834641,
    "best_do_mean": -5.15125239834641,
    "initial_pp_mean": -5.823106990920173,
    "final_pp_mean": -4.439316908518474,
    "best_pp_mean": -4.439316908518474
}