{
    "best_epoch": 44,
    "best_val_performance": 0.09755095958709692,
    "val_performance_metric": "diff",
    "train_loss": 2.746610403060913,
    "initial_pref_do": 0.15714285714285714,
    "final_pref_do": 0.04428571428571428,
    "best_pref_do": 0.015714285714285715
}