{
    "best_epoch": 70,
    "best_val_performance": 0.08791698455810515,
    "val_performance_metric": "diff",
    "train_loss": 2.208052635192871,
    "initial_pref_do": 0.14714285714285713,
    "final_pref_do": 0.032857142857142856,
    "best_pref_do": 0.032857142857142856
}