{
    "best_epoch": 38,
    "best_val_performance": 0.2104477532704676,
    "val_performance_metric": "diff",
    "train_loss": 1.7331898212432861,
    "initial_dative_mean": -7.322138723574187,
    "final_dative_mean": -5.470923729458748,
    "best_dative_mean": -5.573806071142007
}