{
    "best_epoch": 70,
    "best_val_performance": 2.2157964563369763,
    "val_performance_metric": "diff",
    "train_loss": 2.241922616958618,
    "initial_do_mean": -6.418272898413918,
    "final_do_mean": -9.824133049358021,
    "best_do_mean": -9.824133049358021,
    "initial_pp_mean": -5.74024924967024,
    "final_pp_mean": -8.445202038023208,
    "best_pp_mean": -8.445202038023208
}