{
    "best_epoch": 32,
    "best_val_performance": -0.10307768980661969,
    "val_performance_metric": "diff",
    "train_loss": 2.86415958404541,
    "initial_pref_do": 0.1,
    "final_pref_do": 0.09142857142857143,
    "best_pref_do": 0.07
}