{
    "best_epoch": 70,
    "best_val_performance": -0.5582295083999629,
    "val_performance_metric": "diff",
    "train_loss": 6.329542636871338,
    "initial_pref_do": 0.12714285714285714,
    "final_pref_do": 0.12428571428571429,
    "best_pref_do": 0.12428571428571429
}