{
    "best_epoch": 47,
    "best_val_performance": 1.339640351931254,
    "val_performance_metric": "diff",
    "train_loss": 1.799405574798584,
    "initial_do_mean": -6.6698490070574215,
    "final_do_mean": -5.743661441224994,
    "best_do_mean": -5.7275418079260625,
    "initial_pp_mean": -5.822270740403069,
    "final_pp_mean": -4.932463423411051,
    "best_pp_mean": -4.95451000266605
}