{
    "best_epoch": 39,
    "best_val_performance": 0.9709048922856649,
    "val_performance_metric": "diff",
    "train_loss": 1.9038832187652588,
    "initial_do_mean": -6.670428316520922,
    "final_do_mean": -6.919644413572369,
    "best_do_mean": -5.690770261937922,
    "initial_pp_mean": -5.8237686369154185,
    "final_pp_mean": -5.328280780050489,
    "best_pp_mean": -4.533522058857812
}