{
    "best_epoch": 70,
    "best_val_performance": -0.14654086271921773,
    "val_performance_metric": "diff",
    "train_loss": 3.906193971633911,
    "initial_do_mean": -7.701011997322704,
    "final_do_mean": -6.39093081687772,
    "best_do_mean": -6.39093081687772,
    "initial_pp_mean": -7.167895300949321,
    "final_pp_mean": -5.425700057955349,
    "best_pp_mean": -5.425700057955349
}