{
    "best_epoch": 22,
    "best_val_performance": -0.08325472672780343,
    "val_performance_metric": "diff",
    "train_loss": 2.584804058074951,
    "initial_do_mean": -6.547361694682728,
    "final_do_mean": -5.338723249146432,
    "best_do_mean": -4.480121044679121,
    "initial_pp_mean": -5.902484210332235,
    "final_pp_mean": -4.51654425462087,
    "best_pp_mean": -3.718839184443156
}