{
    "best_epoch": 70,
    "best_val_performance": -0.15443107446034698,
    "val_performance_metric": "diff",
    "train_loss": 3.114015579223633,
    "initial_do_mean": -6.658859261599454,
    "final_do_mean": -5.23138049588059,
    "best_do_mean": -5.23138049588059,
    "initial_pp_mean": -5.9177997933493725,
    "final_pp_mean": -4.630045747756958,
    "best_pp_mean": -4.630045747756958
}