{
    "best_epoch": 42,
    "best_val_performance": 0.23807714780171718,
    "val_performance_metric": "diff",
    "train_loss": 2.126014232635498,
    "initial_do_mean": -6.552159751545299,
    "final_do_mean": -5.5138684720704045,
    "best_do_mean": -5.39574323278485,
    "initial_pp_mean": -5.756365047560798,
    "final_pp_mean": -5.147945973608229,
    "best_pp_mean": -5.042026477389865
}