{
    "best_epoch": 70,
    "best_val_performance": -0.1043496306737266,
    "val_performance_metric": "diff",
    "train_loss": 2.248756170272827,
    "initial_pref_do": 0.08285714285714285,
    "final_pref_do": 0.16285714285714287,
    "best_pref_do": 0.16285714285714287
}