{
    "best_epoch": 70,
    "best_val_performance": 0.14315220832824682,
    "val_performance_metric": "diff",
    "train_loss": 2.234687566757202,
    "initial_pref_do": 0.17857142857142858,
    "final_pref_do": 0.11285714285714285,
    "best_pref_do": 0.11285714285714285
}