{
    "best_epoch": 40,
    "best_val_performance": 3.7344107802708946,
    "val_performance_metric": "diff",
    "train_loss": 1.7546981573104858,
    "initial_pref_do": 0.1,
    "final_pref_do": 0.03428571428571429,
    "best_pref_do": 0.017142857142857144
}