{
    "best_epoch": 45,
    "best_val_performance": 2.9872528711954756,
    "val_performance_metric": "diff",
    "train_loss": 2.7344820499420166,
    "initial_do_mean": -7.687705712956052,
    "final_do_mean": -6.290468513619068,
    "best_do_mean": -5.764137952480206,
    "initial_pp_mean": -7.252911996841431,
    "final_pp_mean": -5.307547233735813,
    "best_pp_mean": -4.865814451259725
}