{
    "best_epoch": 70,
    "best_val_performance": -0.07308069388071736,
    "val_performance_metric": "diff",
    "train_loss": 3.242060422897339,
    "initial_pref_do": 0.08428571428571428,
    "final_pref_do": 0.24285714285714285,
    "best_pref_do": 0.24285714285714285
}