{
    "best_epoch": 17,
    "best_val_performance": 0.19698331832885785,
    "val_performance_metric": "diff",
    "train_loss": 2.225243330001831,
    "initial_pref_do": 0.07714285714285714,
    "final_pref_do": 0.037142857142857144,
    "best_pref_do": 0.04
}