{
    "best_epoch": 62,
    "best_val_performance": -0.46882688681284534,
    "val_performance_metric": "diff",
    "train_loss": 4.120887279510498,
    "initial_do_mean": -6.659027485413985,
    "final_do_mean": -5.677814115177501,
    "best_do_mean": -5.743439008250381,
    "initial_pp_mean": -5.916239184803433,
    "final_pp_mean": -4.864561812082926,
    "best_pp_mean": -4.9352983209821915
}