{
    "best_epoch": 70,
    "best_val_performance": -0.20344405968983992,
    "val_performance_metric": "diff",
    "train_loss": 4.623631477355957,
    "initial_pref_do": 0.1,
    "final_pref_do": 0.20285714285714285,
    "best_pref_do": 0.20285714285714285
}