{
    "best_epoch": 68,
    "best_val_performance": 0.05920971393585184,
    "val_performance_metric": "diff",
    "train_loss": 2.239522933959961,
    "initial_do_mean": -7.670035584721455,
    "final_do_mean": -6.392297166724537,
    "best_do_mean": -6.398533237188361,
    "initial_pp_mean": -7.071233766219195,
    "final_pp_mean": -5.487084672731512,
    "best_pp_mean": -5.492541060728185
}