{
    "best_epoch": 47,
    "best_val_performance": 2.7539855607350674,
    "val_performance_metric": "diff",
    "train_loss": 1.9561986923217773,
    "initial_dative_mean": -7.257894266418546,
    "final_dative_mean": -6.935666994044655,
    "best_dative_mean": -6.9144344232235735
}