{
    "best_epoch": 22,
    "best_val_performance": 2.6229444201787313,
    "val_performance_metric": "diff",
    "train_loss": 2.7764697074890137,
    "initial_dative_mean": -7.582358221213023,
    "final_dative_mean": -9.796974699399625,
    "best_dative_mean": -6.485384298172611
}