{
    "best_epoch": 43,
    "best_val_performance": 0.22897872765858995,
    "val_performance_metric": "diff",
    "train_loss": 2.3451671600341797,
    "initial_do_mean": -6.669618499640262,
    "final_do_mean": -4.968532135992339,
    "best_do_mean": -4.705683053623546,
    "initial_pp_mean": -5.822954689131842,
    "final_pp_mean": -4.202682214313083,
    "best_pp_mean": -3.9547941896650527
}