{
    "best_epoch": 53,
    "best_val_performance": 1.1938391542434692,
    "val_performance_metric": "diff",
    "train_loss": 2.096785306930542,
    "initial_do_mean": -7.689849436283112,
    "final_do_mean": -7.825199159425359,
    "best_do_mean": -7.157561172926148,
    "initial_pp_mean": -7.177107933689566,
    "final_pp_mean": -6.629273151299532,
    "best_pp_mean": -5.915951050029081
}