{
    "best_epoch": 70,
    "best_val_performance": -0.1780631939570112,
    "val_performance_metric": "diff",
    "train_loss": 2.3920717239379883,
    "initial_pref_do": 0.18142857142857144,
    "final_pref_do": 0.5157142857142857,
    "best_pref_do": 0.5157142857142857
}