{
    "best_epoch": 70,
    "best_val_performance": -0.008491670290628583,
    "val_performance_metric": "diff",
    "train_loss": 2.40924072265625,
    "initial_dative_mean": -7.199606866864433,
    "final_dative_mean": -5.066590560458557,
    "best_dative_mean": -5.066590560458557
}