{
    "best_epoch": 31,
    "best_val_performance": -0.3516868718465176,
    "val_performance_metric": "diff",
    "train_loss": 5.3340559005737305,
    "initial_do_mean": -7.689449900804564,
    "final_do_mean": -6.102291509855625,
    "best_do_mean": -6.62512782493303,
    "initial_pp_mean": -7.253645352756275,
    "final_pp_mean": -5.857563974927453,
    "best_pp_mean": -6.236074945505927
}