{
    "best_epoch": 26,
    "best_val_performance": 1.8494228378931687,
    "val_performance_metric": "diff",
    "train_loss": 1.8058018684387207,
    "initial_do_mean": -7.692121556331945,
    "final_do_mean": -5.837484703160996,
    "best_do_mean": -5.766403817853262,
    "initial_pp_mean": -7.293846771997564,
    "final_pp_mean": -5.446172422521254,
    "best_pp_mean": -5.301196645287907
}