{
    "best_epoch": 29,
    "best_val_performance": -0.2786407883961992,
    "val_performance_metric": "diff",
    "train_loss": 5.53316068649292,
    "initial_dative_mean": -7.6095953768456885,
    "final_dative_mean": -5.641740784136175,
    "best_dative_mean": -6.372242792307982
}