{
    "best_epoch": 29,
    "best_val_performance": -0.03854674021402982,
    "val_performance_metric": "diff",
    "train_loss": 3.3173677921295166,
    "initial_pref_do": 0.12714285714285714,
    "final_pref_do": 0.11857142857142858,
    "best_pref_do": 0.06857142857142857
}