{
    "best_epoch": 37,
    "best_val_performance": 3.539154753684998,
    "val_performance_metric": "diff",
    "train_loss": 2.5708882808685303,
    "initial_do_mean": -6.631852477969545,
    "final_do_mean": -5.632347696477717,
    "best_do_mean": -5.575263177987301,
    "initial_pp_mean": -5.783824661042956,
    "final_pp_mean": -5.113070866796705,
    "best_pp_mean": -5.047848346498277
}