{
    "best_epoch": 70,
    "best_val_performance": -0.35942985852559417,
    "val_performance_metric": "diff",
    "train_loss": 3.785386800765991,
    "initial_do_mean": -6.534960544470585,
    "final_do_mean": -5.488483845103871,
    "best_do_mean": -5.488483845103871,
    "initial_pp_mean": -5.900231962733798,
    "final_pp_mean": -4.916087736023797,
    "best_pp_mean": -4.916087736023797
}