{
    "best_epoch": 40,
    "best_val_performance": 0.32790540218353215,
    "val_performance_metric": "diff",
    "train_loss": 2.1304571628570557,
    "initial_dative_mean": -7.46617566249524,
    "final_dative_mean": -5.284101578575826,
    "best_dative_mean": -5.092487971162238
}