{
    "best_epoch": 70,
    "best_val_performance": 0.23159434318542438,
    "val_performance_metric": "diff",
    "train_loss": 1.7687448263168335,
    "initial_pref_do": 0.14857142857142858,
    "final_pref_do": 0.03142857142857143,
    "best_pref_do": 0.03142857142857143
}