{
    "best_epoch": 12,
    "best_val_performance": 0.979898335138957,
    "val_performance_metric": "diff",
    "train_loss": 2.8782567977905273,
    "initial_dative_mean": -7.3122375136927555,
    "final_dative_mean": -8.683088788860722,
    "best_dative_mean": -6.2634299895916765
}