{
    "best_epoch": 23,
    "best_val_performance": -0.028520801862081058,
    "val_performance_metric": "diff",
    "train_loss": 3.450352191925049,
    "initial_do_mean": -6.554980400836829,
    "final_do_mean": -4.9479585055148965,
    "best_do_mean": -4.685252675143155,
    "initial_pp_mean": -5.760071309407552,
    "final_pp_mean": -4.299687250455221,
    "best_pp_mean": -4.000475027826098
}