{
    "best_epoch": 50,
    "best_val_performance": 0.17662334283192926,
    "val_performance_metric": "diff",
    "train_loss": 2.900602102279663,
    "initial_do_mean": -6.417502016009706,
    "final_do_mean": -5.086429811246467,
    "best_do_mean": -5.101054334640503,
    "initial_pp_mean": -5.741891275511848,
    "final_pp_mean": -4.461392945713467,
    "best_pp_mean": -4.4469166384802925
}