{
    "best_epoch": 70,
    "best_val_performance": -0.19080005168914838,
    "val_performance_metric": "diff",
    "train_loss": 2.5885775089263916,
    "initial_do_mean": -7.687541033639464,
    "final_do_mean": -6.410328341084857,
    "best_do_mean": -6.410328341084857,
    "initial_pp_mean": -7.174920960734872,
    "final_pp_mean": -6.154760584410499,
    "best_pp_mean": -6.154760584410499
}