{
    "best_epoch": 12,
    "best_val_performance": -0.05660120646158884,
    "val_performance_metric": "diff",
    "train_loss": 2.905111074447632,
    "initial_do_mean": -6.666986060864998,
    "final_do_mean": -5.016643340659864,
    "best_do_mean": -4.83910871852528,
    "initial_pp_mean": -5.81956623395284,
    "final_pp_mean": -4.654592810736762,
    "best_pp_mean": -4.299454956584507
}