{
    "best_epoch": 20,
    "best_val_performance": 0.3261357736587529,
    "val_performance_metric": "diff",
    "train_loss": 2.057563543319702,
    "initial_pref_do": 0.1457142857142857,
    "final_pref_do": 0.09857142857142857,
    "best_pref_do": 0.045714285714285714
}