{
    "best_epoch": 52,
    "best_val_performance": 0.01327987988789836,
    "val_performance_metric": "diff",
    "train_loss": 1.9343382120132446,
    "initial_pref_do": 0.13428571428571429,
    "final_pref_do": 0.018571428571428572,
    "best_pref_do": 0.02857142857142857
}