{
    "best_epoch": 20,
    "best_val_performance": 0.2392930046717332,
    "val_performance_metric": "diff",
    "train_loss": 2.586108922958374,
    "initial_dative_mean": -7.610578405926799,
    "final_dative_mean": -5.27849001058361,
    "best_dative_mean": -5.140655645675826
}