{
    "best_epoch": 62,
    "best_val_performance": 0.33596829891204827,
    "val_performance_metric": "diff",
    "train_loss": 2.667734146118164,
    "initial_do_mean": -6.748991292895693,
    "final_do_mean": -4.640120809728449,
    "best_do_mean": -4.619227594317812,
    "initial_pp_mean": -6.128184527821011,
    "final_pp_mean": -4.305695059564378,
    "best_pp_mean": -4.273541723357306
}