{
    "best_epoch": 54,
    "best_val_performance": 0.29151180108388264,
    "val_performance_metric": "diff",
    "train_loss": 3.2311835289001465,
    "initial_do_mean": -7.96175112211427,
    "final_do_mean": -5.809122832708581,
    "best_do_mean": -5.777721983402274,
    "initial_pp_mean": -7.5754942073541525,
    "final_pp_mean": -5.311703762937994,
    "best_pp_mean": -5.251735302630593
}