{
    "best_epoch": 52,
    "best_val_performance": 0.5723190720876055,
    "val_performance_metric": "diff",
    "train_loss": 2.5937743186950684,
    "initial_do_mean": -6.746973511666963,
    "final_do_mean": -9.672585032202981,
    "best_do_mean": -9.21416709206321,
    "initial_pp_mean": -6.1276256137424046,
    "final_pp_mean": -8.71819731924269,
    "best_pp_mean": -7.989701784981621
}