{
    "best_epoch": 70,
    "best_val_performance": -0.4702509593963624,
    "val_performance_metric": "diff",
    "train_loss": 6.084232330322266,
    "initial_dative_mean": -7.3101183925455775,
    "final_dative_mean": -6.950238336248008,
    "best_dative_mean": -6.950238336248008
}