{
    "best_epoch": 59,
    "best_val_performance": 0.5855072911580406,
    "val_performance_metric": "diff",
    "train_loss": 1.9073317050933838,
    "initial_do_mean": -6.762827780752471,
    "final_do_mean": -4.352808640219949,
    "best_do_mean": -4.300840061361139,
    "initial_pp_mean": -6.096501996782091,
    "final_pp_mean": -3.847462052769131,
    "best_pp_mean": -3.812315493159824
}