{
    "best_epoch": 8,
    "best_val_performance": 0.47596393744150856,
    "val_performance_metric": "diff",
    "train_loss": 3.7203028202056885,
    "initial_do_mean": -6.631053440498583,
    "final_do_mean": -6.568550505782619,
    "best_do_mean": -4.8812204780000625,
    "initial_pp_mean": -5.7850372287962175,
    "final_pp_mean": -6.210365952385796,
    "best_pp_mean": -4.380015023549398
}