{
    "best_epoch": 27,
    "best_val_performance": 2.4474311065673824,
    "val_performance_metric": "diff",
    "train_loss": 1.7728569507598877,
    "initial_dative_mean": -7.194442800262518,
    "final_dative_mean": -7.024682721896478,
    "best_dative_mean": -5.809537692202462
}