{
    "best_epoch": 50,
    "best_val_performance": -0.07869760195414166,
    "val_performance_metric": "diff",
    "train_loss": 4.658481121063232,
    "initial_do_mean": -7.676395317842794,
    "final_do_mean": -6.476213956295058,
    "best_do_mean": -6.70639167206232,
    "initial_pp_mean": -7.077761329622829,
    "final_pp_mean": -6.024001616590163,
    "best_pp_mean": -6.223824423902175
}