{
    "best_epoch": 70,
    "best_val_performance": -0.51338598092397,
    "val_performance_metric": "diff",
    "train_loss": 6.478937149047852,
    "initial_pref_do": 0.17714285714285713,
    "final_pref_do": 0.17857142857142858,
    "best_pref_do": 0.17857142857142858
}