{
    "best_epoch": 54,
    "best_val_performance": 1.345258717536927,
    "val_performance_metric": "diff",
    "train_loss": 1.8773658275604248,
    "initial_pref_do": 0.14857142857142858,
    "final_pref_do": 0.1357142857142857,
    "best_pref_do": 0.14142857142857143
}