{
    "best_epoch": 70,
    "best_val_performance": -0.7220516602198286,
    "val_performance_metric": "diff",
    "train_loss": 6.573544502258301,
    "initial_pref_do": 0.17714285714285713,
    "final_pref_do": 0.18857142857142858,
    "best_pref_do": 0.18857142857142858
}