{
    "best_epoch": 47,
    "best_val_performance": 4.0514668385187775,
    "val_performance_metric": "diff",
    "train_loss": 1.2205779552459717,
    "initial_do_mean": -6.657067499738751,
    "final_do_mean": -7.436598049510609,
    "best_do_mean": -6.908264168826016,
    "initial_pp_mean": -5.916199398040772,
    "final_pp_mean": -7.405834807289971,
    "best_pp_mean": -6.8375202178955075
}