{
    "best_epoch": 24,
    "best_val_performance": 2.057746485074362,
    "val_performance_metric": "diff",
    "train_loss": 1.6352977752685547,
    "initial_do_mean": -6.742568307934385,
    "final_do_mean": -6.06344494675145,
    "best_do_mean": -5.0211737502704965,
    "initial_pp_mean": -6.122625070148044,
    "final_pp_mean": -5.42881504562166,
    "best_pp_mean": -4.435542420546214
}