{
    "best_epoch": 21,
    "best_val_performance": 1.573547732035319,
    "val_performance_metric": "diff",
    "train_loss": 2.2197816371917725,
    "initial_do_mean": -6.533325838320183,
    "final_do_mean": -5.161713866031531,
    "best_do_mean": -4.245179702296402,
    "initial_pp_mean": -5.899676089816623,
    "final_pp_mean": -4.5312762684292265,
    "best_pp_mean": -3.7210101816389294
}