{
    "best_epoch": 70,
    "best_val_performance": -0.1456299432118735,
    "val_performance_metric": "diff",
    "train_loss": 3.9938883781433105,
    "initial_do_mean": -7.697834879159927,
    "final_do_mean": -6.205534564547761,
    "best_do_mean": -6.205534564547761,
    "initial_pp_mean": -7.164137392885545,
    "final_pp_mean": -5.3425845317980825,
    "best_pp_mean": -5.3425845317980825
}