{
    "best_epoch": 70,
    "best_val_performance": 1.8780456606547045,
    "val_performance_metric": "diff",
    "train_loss": 1.744388222694397,
    "initial_pref_do": 0.14714285714285713,
    "final_pref_do": 0.06714285714285714,
    "best_pref_do": 0.06714285714285714
}