{
    "best_epoch": 37,
    "best_val_performance": 1.574736420313517,
    "val_performance_metric": "diff",
    "train_loss": 1.5223788022994995,
    "initial_pref_do": 0.09714285714285714,
    "final_pref_do": 0.22,
    "best_pref_do": 0.15571428571428572
}