{
    "best_epoch": 41,
    "best_val_performance": 1.815307121276856,
    "val_performance_metric": "diff",
    "train_loss": 1.9961694478988647,
    "initial_pref_do": 0.08428571428571428,
    "final_pref_do": 0.20857142857142857,
    "best_pref_do": 0.29
}