{
    "best_epoch": 70,
    "best_val_performance": -0.4200697660446169,
    "val_performance_metric": "diff",
    "train_loss": 3.466064929962158,
    "initial_pref_do": 0.1357142857142857,
    "final_pref_do": 0.3342857142857143,
    "best_pref_do": 0.3342857142857143
}