{
    "best_epoch": 44,
    "best_val_performance": 4.025097848574321,
    "val_performance_metric": "diff",
    "train_loss": 1.4905589818954468,
    "initial_do_mean": -6.653271245956421,
    "final_do_mean": -6.227479410171509,
    "best_do_mean": -6.06173105095372,
    "initial_pp_mean": -5.912736262215509,
    "final_pp_mean": -5.945464078585307,
    "best_pp_mean": -5.7026702827877465
}