{
    "best_epoch": 70,
    "best_val_performance": 0.14718689759572356,
    "val_performance_metric": "diff",
    "train_loss": 1.4637783765792847,
    "initial_pref_do": 0.18142857142857144,
    "final_pref_do": 0.15142857142857144,
    "best_pref_do": 0.15142857142857144
}