{
    "best_epoch": 9,
    "best_val_performance": 0.2886183404922482,
    "val_performance_metric": "diff",
    "train_loss": 4.1674652099609375,
    "initial_pref_do": 0.14714285714285713,
    "final_pref_do": 0.42,
    "best_pref_do": 0.48142857142857143
}