{
    "best_epoch": 70,
    "best_val_performance": -0.5429248253504433,
    "val_performance_metric": "diff",
    "train_loss": 6.50433874130249,
    "initial_dative_mean": -7.26221330646883,
    "final_dative_mean": -7.0550512765583235,
    "best_dative_mean": -7.0550512765583235
}