{
    "best_epoch": 40,
    "best_val_performance": 0.4982669703165694,
    "val_performance_metric": "diff",
    "train_loss": 3.092651605606079,
    "initial_do_mean": -6.414310661951701,
    "final_do_mean": -5.2300309730298595,
    "best_do_mean": -4.830021966587413,
    "initial_pp_mean": -5.738370553652445,
    "final_pp_mean": -4.408227401309543,
    "best_pp_mean": -4.205141162872314
}