{
    "best_epoch": 33,
    "best_val_performance": 0.3294972848892215,
    "val_performance_metric": "diff",
    "train_loss": 1.8112558126449585,
    "initial_pref_do": 0.07714285714285714,
    "final_pref_do": 0.03142857142857143,
    "best_pref_do": 0.03142857142857143
}