{
    "best_epoch": 70,
    "best_val_performance": -0.2762310806910193,
    "val_performance_metric": "diff",
    "train_loss": 4.220211505889893,
    "initial_pref_do": 0.12714285714285714,
    "final_pref_do": 0.21714285714285714,
    "best_pref_do": 0.21714285714285714
}