{
    "best_epoch": 70,
    "best_val_performance": 0.3175603977839154,
    "val_performance_metric": "diff",
    "train_loss": 1.2800081968307495,
    "initial_pref_do": 0.17714285714285713,
    "final_pref_do": 0.07285714285714286,
    "best_pref_do": 0.07285714285714286
}