{
    "best_epoch": 45,
    "best_val_performance": 0.2702786874771119,
    "val_performance_metric": "diff",
    "train_loss": 1.1489133834838867,
    "initial_do_mean": -6.667544405388109,
    "final_do_mean": -4.829986946510546,
    "best_do_mean": -4.588214734106353,
    "initial_pp_mean": -5.820414169629415,
    "final_pp_mean": -4.343403744697571,
    "best_pp_mean": -4.081271538469527
}