{
    "best_epoch": 70,
    "best_val_performance": -0.1611406405766811,
    "val_performance_metric": "diff",
    "train_loss": 4.138289451599121,
    "initial_do_mean": -7.637416714845702,
    "final_do_mean": -5.862101534424826,
    "best_do_mean": -5.862101534424826,
    "initial_pp_mean": -6.993732570900637,
    "final_pp_mean": -5.238847507098142,
    "best_pp_mean": -5.238847507098142
}