{
    "best_epoch": 21,
    "best_val_performance": -0.30419101079305033,
    "val_performance_metric": "diff",
    "train_loss": 3.8308606147766113,
    "initial_do_mean": -7.962394405243009,
    "final_do_mean": -5.896715984441514,
    "best_do_mean": -5.891053908786108,
    "initial_pp_mean": -7.576740049614626,
    "final_pp_mean": -5.631205790884355,
    "best_pp_mean": -5.7085320805802064
}