{
    "best_epoch": 47,
    "best_val_performance": 5.021209921836853,
    "val_performance_metric": "diff",
    "train_loss": 1.8367253541946411,
    "initial_do_mean": -6.659396501020952,
    "final_do_mean": -9.213542803851041,
    "best_do_mean": -8.800580839677291,
    "initial_pp_mean": -5.917619080013699,
    "final_pp_mean": -7.925845204459296,
    "best_pp_mean": -7.068861207697126
}