{
    "best_epoch": 50,
    "best_val_performance": 4.247874716122944,
    "val_performance_metric": "diff",
    "train_loss": 1.7822085618972778,
    "initial_pref_do": 0.18142857142857144,
    "final_pref_do": 0.19,
    "best_pref_do": 0.16714285714285715
}