{
    "best_epoch": 46,
    "best_val_performance": 1.5890707810719809,
    "val_performance_metric": "diff",
    "train_loss": 2.5788161754608154,
    "initial_dative_mean": -7.197855145610564,
    "final_dative_mean": -5.929416602815103,
    "best_dative_mean": -5.853625433312522
}