{
    "best_epoch": 25,
    "best_val_performance": 0.5586631520589194,
    "val_performance_metric": "diff",
    "train_loss": 2.2201361656188965,
    "initial_pref_do": 0.14857142857142858,
    "final_pref_do": 0.14285714285714285,
    "best_pref_do": 0.13857142857142857
}