{
    "best_epoch": 49,
    "best_val_performance": 3.9806832154591874,
    "val_performance_metric": "diff",
    "train_loss": 1.537516713142395,
    "initial_do_mean": -6.767091138435132,
    "final_do_mean": -8.911807982126872,
    "best_do_mean": -7.808770967252327,
    "initial_pp_mean": -6.098423255814446,
    "final_pp_mean": -7.294004130363464,
    "best_pp_mean": -6.424260401725769
}