{
    "best_epoch": 20,
    "best_val_performance": 4.222832934061686,
    "val_performance_metric": "diff",
    "train_loss": 1.9202523231506348,
    "initial_do_mean": -6.7464903528040105,
    "final_do_mean": -7.962457599061908,
    "best_do_mean": -5.740825234037457,
    "initial_pp_mean": -6.1292735629611546,
    "final_pp_mean": -6.623213517665863,
    "best_pp_mean": -5.023534599939982
}