{
    "best_epoch": 23,
    "best_val_performance": 2.4477412796020515,
    "val_performance_metric": "diff",
    "train_loss": 2.7056937217712402,
    "initial_do_mean": -6.763747460914381,
    "final_do_mean": -9.046395157322738,
    "best_do_mean": -7.24521850528139,
    "initial_pp_mean": -6.097509410646227,
    "final_pp_mean": -6.373939214812385,
    "best_pp_mean": -5.697992022832235
}