{
    "best_epoch": 70,
    "best_val_performance": -0.599501244227092,
    "val_performance_metric": "diff",
    "train_loss": 7.355677127838135,
    "initial_dative_mean": -7.609504619885606,
    "final_dative_mean": -7.2806622358093485,
    "best_dative_mean": -7.2806622358093485
}