{
    "best_epoch": 22,
    "best_val_performance": -0.0308714485168462,
    "val_performance_metric": "diff",
    "train_loss": 3.0246360301971436,
    "initial_do_mean": -7.960970067700674,
    "final_do_mean": -6.146849278100701,
    "best_do_mean": -5.9481437826572465,
    "initial_pp_mean": -7.575129941631766,
    "final_pp_mean": -5.029324455822215,
    "best_pp_mean": -4.877403434585123
}