{
    "best_epoch": 65,
    "best_val_performance": 1.922241449356079,
    "val_performance_metric": "diff",
    "train_loss": 2.0768444538116455,
    "initial_pref_do": 0.07714285714285714,
    "final_pref_do": 0.024285714285714285,
    "best_pref_do": 0.022857142857142857
}