{
    "best_epoch": 22,
    "best_val_performance": 0.021704645156860103,
    "val_performance_metric": "diff",
    "train_loss": 2.797595500946045,
    "initial_do_mean": -6.418174327503551,
    "final_do_mean": -5.319583135662657,
    "best_do_mean": -5.07704149015022,
    "initial_pp_mean": -5.743873651822408,
    "final_pp_mean": -4.541345744662815,
    "best_pp_mean": -4.323280493418376
}