{
    "best_epoch": 19,
    "best_val_performance": 0.27960394859313986,
    "val_performance_metric": "diff",
    "train_loss": 2.026442766189575,
    "initial_do_mean": -7.6350720406964765,
    "final_do_mean": -6.0573289827551955,
    "best_do_mean": -5.458226887985718,
    "initial_pp_mean": -6.99262457595152,
    "final_pp_mean": -4.899568876448799,
    "best_pp_mean": -4.514432565955555
}