{
    "best_epoch": 24,
    "best_val_performance": 0.014463451703389474,
    "val_performance_metric": "diff",
    "train_loss": 2.51883602142334,
    "initial_do_mean": -6.632703353419449,
    "final_do_mean": -5.337796020507812,
    "best_do_mean": -5.4057554880778,
    "initial_pp_mean": -5.78248962826199,
    "final_pp_mean": -4.531092308627235,
    "best_pp_mean": -4.021620754400889
}