{
    "best_epoch": 36,
    "best_val_performance": 0.8710322046279906,
    "val_performance_metric": "diff",
    "train_loss": 2.984833002090454,
    "initial_do_mean": -7.838068147731382,
    "final_do_mean": -6.8434436307397,
    "best_do_mean": -6.025859887863314,
    "initial_pp_mean": -7.373719091275159,
    "final_pp_mean": -6.200530429798014,
    "best_pp_mean": -5.3421802278827215
}