{
    "best_epoch": 70,
    "best_val_performance": -0.20588541189829535,
    "val_performance_metric": "diff",
    "train_loss": 3.131415605545044,
    "initial_do_mean": -6.632351464936227,
    "final_do_mean": -5.531419173153964,
    "best_do_mean": -5.531419173153964,
    "initial_pp_mean": -5.783384307225545,
    "final_pp_mean": -4.657013249397278,
    "best_pp_mean": -4.657013249397278
}