{
    "best_epoch": 70,
    "best_val_performance": -0.13083527882893886,
    "val_performance_metric": "diff",
    "train_loss": 3.8976364135742188,
    "initial_do_mean": -7.635457137296366,
    "final_do_mean": -5.6611878497656,
    "best_do_mean": -5.6611878497656,
    "initial_pp_mean": -6.990835513788111,
    "final_pp_mean": -5.154130205687355,
    "best_pp_mean": -5.154130205687355
}