{
    "best_epoch": 70,
    "best_val_performance": -0.16295151233673089,
    "val_performance_metric": "diff",
    "train_loss": 2.229161024093628,
    "initial_dative_mean": -7.579996845178437,
    "final_dative_mean": -5.885349906153149,
    "best_dative_mean": -5.885349906153149
}