{
    "best_epoch": 70,
    "best_val_performance": -0.39314062754313195,
    "val_performance_metric": "diff",
    "train_loss": 6.329827308654785,
    "initial_dative_mean": -7.460980858022009,
    "final_dative_mean": -6.929002477411638,
    "best_dative_mean": -6.929002477411638
}