{
    "best_epoch": 11,
    "best_val_performance": 1.3235057147343952,
    "val_performance_metric": "diff",
    "train_loss": 2.747824192047119,
    "initial_pref_do": 0.15714285714285714,
    "final_pref_do": 0.18428571428571427,
    "best_pref_do": 0.08428571428571428
}