{
    "best_epoch": 70,
    "best_val_performance": -0.35229949315389053,
    "val_performance_metric": "diff",
    "train_loss": 3.4291980266571045,
    "initial_pref_do": 0.09714285714285714,
    "final_pref_do": 0.21142857142857144,
    "best_pref_do": 0.21142857142857144
}