{
    "best_epoch": 70,
    "best_val_performance": -0.517830243110657,
    "val_performance_metric": "diff",
    "train_loss": 6.939901351928711,
    "initial_dative_mean": -7.197494935222537,
    "final_dative_mean": -6.755591592942065,
    "best_dative_mean": -6.755591592942065
}