{
    "best_epoch": 70,
    "best_val_performance": -0.19666320959727024,
    "val_performance_metric": "diff",
    "train_loss": 3.2462854385375977,
    "initial_pref_do": 0.13285714285714287,
    "final_pref_do": 0.07285714285714286,
    "best_pref_do": 0.07285714285714286
}