{
    "best_epoch": 70,
    "best_val_performance": -0.07421136379241933,
    "val_performance_metric": "diff",
    "train_loss": 3.116579294204712,
    "initial_dative_mean": -7.577809792164474,
    "final_dative_mean": -5.5053822079248596,
    "best_dative_mean": -5.5053822079248596
}