{
    "best_epoch": 70,
    "best_val_performance": 0.00010770797729531267,
    "val_performance_metric": "diff",
    "train_loss": 3.668623208999634,
    "initial_do_mean": -7.956414547077445,
    "final_do_mean": -5.8667694978242695,
    "best_do_mean": -5.8667694978242695,
    "initial_pp_mean": -7.528234955843757,
    "final_pp_mean": -5.204041307813981,
    "best_pp_mean": -5.204041307813981
}