{
    "best_epoch": 19,
    "best_val_performance": 0.03763542811075915,
    "val_performance_metric": "diff",
    "train_loss": 3.328313112258911,
    "initial_pref_do": 0.12714285714285714,
    "final_pref_do": 0.35428571428571426,
    "best_pref_do": 0.1742857142857143
}