{
    "best_epoch": 70,
    "best_val_performance": -0.23724031130472856,
    "val_performance_metric": "diff",
    "train_loss": 2.946958065032959,
    "initial_do_mean": -7.672071467305338,
    "final_do_mean": -6.529177374617998,
    "best_do_mean": -6.529177374617998,
    "initial_pp_mean": -7.07301503349753,
    "final_pp_mean": -6.104048256313099,
    "best_pp_mean": -6.104048256313099
}