{
    "best_epoch": 70,
    "best_val_performance": -0.24432616233825666,
    "val_performance_metric": "diff",
    "train_loss": 2.4843411445617676,
    "initial_dative_mean": -7.579053535447483,
    "final_dative_mean": -6.077864301657816,
    "best_dative_mean": -6.077864301657816
}