{
    "best_epoch": 35,
    "best_val_performance": 0.6013565206527707,
    "val_performance_metric": "diff",
    "train_loss": 3.1831252574920654,
    "initial_do_mean": -6.748021134463223,
    "final_do_mean": -4.531290534048369,
    "best_do_mean": -4.2135681860374685,
    "initial_pp_mean": -6.128405984242757,
    "final_pp_mean": -4.10315949122111,
    "best_pp_mean": -3.9253044393327503
}