{
    "best_epoch": 70,
    "best_val_performance": -0.058677568435669514,
    "val_performance_metric": "diff",
    "train_loss": 3.9474291801452637,
    "initial_pref_do": 0.07714285714285714,
    "final_pref_do": 0.21285714285714286,
    "best_pref_do": 0.21285714285714286
}