{
    "best_epoch": 11,
    "best_val_performance": 0.5674680407841999,
    "val_performance_metric": "diff",
    "train_loss": 2.031407117843628,
    "initial_pref_do": 0.14857142857142858,
    "final_pref_do": 0.16285714285714287,
    "best_pref_do": 0.03142857142857143
}