{
    "best_epoch": 66,
    "best_val_performance": 1.9750965452194214,
    "val_performance_metric": "diff",
    "train_loss": 1.3608794212341309,
    "initial_pref_do": 0.09714285714285714,
    "final_pref_do": 0.01,
    "best_pref_do": 0.01
}