{
    "best_epoch": 70,
    "best_val_performance": -0.05478692690531428,
    "val_performance_metric": "diff",
    "train_loss": 1.8948192596435547,
    "initial_do_mean": -6.5602530638376875,
    "final_do_mean": -4.887497582580104,
    "best_do_mean": -4.887497582580104,
    "initial_pp_mean": -5.765290988816155,
    "final_pp_mean": -4.228817176818848,
    "best_pp_mean": -4.228817176818848
}