{
    "best_epoch": 31,
    "best_val_performance": 0.8797994407018024,
    "val_performance_metric": "diff",
    "train_loss": 1.9158982038497925,
    "initial_dative_mean": -7.1902215759656585,
    "final_dative_mean": -6.14196190847988,
    "best_dative_mean": -5.697929411952258
}