{
    "best_epoch": 12,
    "best_val_performance": -0.0685170427958175,
    "val_performance_metric": "diff",
    "train_loss": 3.6647884845733643,
    "initial_pref_do": 0.13428571428571429,
    "final_pref_do": 0.35428571428571426,
    "best_pref_do": 0.20285714285714285
}