{
    "best_epoch": 70,
    "best_val_performance": -0.49494150638580336,
    "val_performance_metric": "diff",
    "train_loss": 6.498209476470947,
    "initial_dative_mean": -7.190070819436458,
    "final_dative_mean": -6.7843539258192855,
    "best_dative_mean": -6.7843539258192855
}