{
    "best_epoch": 13,
    "best_val_performance": 0.6393189462025965,
    "val_performance_metric": "diff",
    "train_loss": 2.366342067718506,
    "initial_do_mean": -7.688015030567036,
    "final_do_mean": -6.290624018325362,
    "best_do_mean": -5.397817583624707,
    "initial_pp_mean": -7.173930402363048,
    "final_pp_mean": -5.05302906422054,
    "best_pp_mean": -4.362210500941557
}