{
    "best_epoch": 18,
    "best_val_performance": 1.9236294380823775,
    "val_performance_metric": "diff",
    "train_loss": 2.0295419692993164,
    "initial_do_mean": -7.954687379127325,
    "final_do_mean": -7.093274498055147,
    "best_do_mean": -5.592716937148293,
    "initial_pp_mean": -7.529351977741017,
    "final_pp_mean": -5.918806449455373,
    "best_pp_mean": -4.949877819243599
}