{
    "best_epoch": 70,
    "best_val_performance": -0.09007635911305734,
    "val_performance_metric": "diff",
    "train_loss": 2.142486810684204,
    "initial_pref_do": 0.12714285714285714,
    "final_pref_do": 0.26142857142857145,
    "best_pref_do": 0.26142857142857145
}