{
    "best_epoch": 70,
    "best_val_performance": -0.5857923762003576,
    "val_performance_metric": "diff",
    "train_loss": 5.517667770385742,
    "initial_pref_do": 0.08285714285714285,
    "final_pref_do": 0.09142857142857143,
    "best_pref_do": 0.09142857142857143
}