{
    "best_epoch": 45,
    "best_val_performance": 0.5239026864369709,
    "val_performance_metric": "diff",
    "train_loss": 3.163694381713867,
    "initial_pref_do": 0.14714285714285713,
    "final_pref_do": 0.09,
    "best_pref_do": 0.11428571428571428
}