{
    "best_epoch": 38,
    "best_val_performance": 5.495318813323974,
    "val_performance_metric": "diff",
    "train_loss": 1.4493274688720703,
    "initial_do_mean": -7.692979030830916,
    "final_do_mean": -6.177343572641528,
    "best_do_mean": -6.3573287597229315,
    "initial_pp_mean": -7.294695317745209,
    "final_pp_mean": -5.359854845089071,
    "best_pp_mean": -5.4121066962971405
}