{
    "best_epoch": 70,
    "best_val_performance": 1.7113763300577798,
    "val_performance_metric": "diff",
    "train_loss": 1.7861183881759644,
    "initial_pref_do": 0.17714285714285713,
    "final_pref_do": 0.045714285714285714,
    "best_pref_do": 0.045714285714285714
}