{
    "best_epoch": 27,
    "best_val_performance": 0.14601619561513246,
    "val_performance_metric": "diff",
    "train_loss": 1.5596544742584229,
    "initial_pref_do": 0.1757142857142857,
    "final_pref_do": 0.12142857142857143,
    "best_pref_do": 0.11142857142857143
}