{
    "best_epoch": 70,
    "best_val_performance": 0.6749360291163127,
    "val_performance_metric": "diff",
    "train_loss": 2.2104344367980957,
    "initial_dative_mean": -7.34227046283365,
    "final_dative_mean": -6.030359025587115,
    "best_dative_mean": -6.030359025587115
}