{
    "best_epoch": 70,
    "best_val_performance": -0.6103468926747642,
    "val_performance_metric": "diff",
    "train_loss": 7.277044296264648,
    "initial_pref_do": 0.17857142857142858,
    "final_pref_do": 0.22428571428571428,
    "best_pref_do": 0.22428571428571428
}