{
    "best_epoch": 70,
    "best_val_performance": 4.614681754112244,
    "val_performance_metric": "diff",
    "train_loss": 1.607556939125061,
    "initial_pref_do": 0.08571428571428572,
    "final_pref_do": 0.04857142857142857,
    "best_pref_do": 0.04857142857142857
}