{
    "best_epoch": 62,
    "best_val_performance": 0.18583900133768783,
    "val_performance_metric": "diff",
    "train_loss": 1.6878548860549927,
    "initial_do_mean": -6.562706117918997,
    "final_do_mean": -4.552394453684489,
    "best_do_mean": -4.5660913684151385,
    "initial_pp_mean": -5.766468816333347,
    "final_pp_mean": -4.508663831816779,
    "best_pp_mean": -4.47381268342336
}