{
    "best_epoch": 46,
    "best_val_performance": 3.3954164854685462,
    "val_performance_metric": "diff",
    "train_loss": 2.4152414798736572,
    "initial_dative_mean": -7.579529807930104,
    "final_dative_mean": -7.609223925230796,
    "best_dative_mean": -7.807778404470076
}