{
    "best_epoch": 49,
    "best_val_performance": 1.2449849859873456,
    "val_performance_metric": "diff",
    "train_loss": 1.759117841720581,
    "initial_dative_mean": -7.2855144411499735,
    "final_dative_mean": -6.6610019614821985,
    "best_dative_mean": -5.85441273154571
}