{
    "best_epoch": 23,
    "best_val_performance": 0.01036014874776292,
    "val_performance_metric": "diff",
    "train_loss": 2.0230307579040527,
    "initial_dative_mean": -7.199028574583823,
    "final_dative_mean": -4.9549095789242905,
    "best_dative_mean": -4.821518479209197
}