{
    "best_epoch": 70,
    "best_val_performance": -0.3582566865285237,
    "val_performance_metric": "diff",
    "train_loss": 4.196706771850586,
    "initial_pref_do": 0.14714285714285713,
    "final_pref_do": 0.24142857142857144,
    "best_pref_do": 0.24142857142857144
}