{
    "best_epoch": 24,
    "best_val_performance": 2.1499931780497246,
    "val_performance_metric": "diff",
    "train_loss": 2.9752652645111084,
    "initial_do_mean": -6.6726845249985205,
    "final_do_mean": -8.640466275359644,
    "best_do_mean": -8.46518249800711,
    "initial_pp_mean": -5.82574085659451,
    "final_pp_mean": -8.043642128838433,
    "best_pp_mean": -6.908332239256965
}