{
    "best_epoch": 65,
    "best_val_performance": 0.10291404247283875,
    "val_performance_metric": "diff",
    "train_loss": 2.396474599838257,
    "initial_dative_mean": -7.34227046283365,
    "final_dative_mean": -5.289749026647088,
    "best_dative_mean": -5.28653490177372
}