{
    "best_epoch": 70,
    "best_val_performance": -0.7352264976501459,
    "val_performance_metric": "diff",
    "train_loss": 6.762166976928711,
    "initial_pref_do": 0.17857142857142858,
    "final_pref_do": 0.1657142857142857,
    "best_pref_do": 0.1657142857142857
}