{
    "best_epoch": 25,
    "best_val_performance": 0.25877298672994,
    "val_performance_metric": "diff",
    "train_loss": 1.7244949340820312,
    "initial_pref_do": 0.12714285714285714,
    "final_pref_do": 0.18285714285714286,
    "best_pref_do": 0.15714285714285714
}