{
    "best_epoch": 70,
    "best_val_performance": -0.07897500356038378,
    "val_performance_metric": "diff",
    "train_loss": 3.371940851211548,
    "initial_pref_do": 0.1457142857142857,
    "final_pref_do": 0.30142857142857143,
    "best_pref_do": 0.30142857142857143
}