{
    "best_epoch": 70,
    "best_val_performance": -0.7001577345530192,
    "val_performance_metric": "diff",
    "train_loss": 6.378269672393799,
    "initial_pref_do": 0.07714285714285714,
    "final_pref_do": 0.09857142857142857,
    "best_pref_do": 0.09857142857142857
}