{
    "best_epoch": 70,
    "best_val_performance": -0.6588518699010208,
    "val_performance_metric": "diff",
    "train_loss": 5.969446182250977,
    "initial_pref_do": 0.1357142857142857,
    "final_pref_do": 0.1457142857142857,
    "best_pref_do": 0.1457142857142857
}