{
    "best_epoch": 63,
    "best_val_performance": 0.440740707715352,
    "val_performance_metric": "diff",
    "train_loss": 1.7482945919036865,
    "initial_pref_do": 0.1457142857142857,
    "final_pref_do": 0.03,
    "best_pref_do": 0.024285714285714285
}