{
    "best_epoch": 34,
    "best_val_performance": 1.6122617324193316,
    "val_performance_metric": "diff",
    "train_loss": 1.920204997062683,
    "initial_do_mean": -7.702334936968116,
    "final_do_mean": -5.919485482019048,
    "best_do_mean": -5.771273890553519,
    "initial_pp_mean": -7.169863078173469,
    "final_pp_mean": -5.249590896157658,
    "best_pp_mean": -4.990310092883951
}