{
    "best_epoch": 7,
    "best_val_performance": 0.43105369885762546,
    "val_performance_metric": "diff",
    "train_loss": 4.189176082611084,
    "initial_do_mean": -7.843545939340148,
    "final_do_mean": -9.085755622664163,
    "best_do_mean": -5.373187992808431,
    "initial_pp_mean": -7.378381694765652,
    "final_pp_mean": -7.1104563043398015,
    "best_pp_mean": -4.531329397243612
}