{
    "best_epoch": 31,
    "best_val_performance": 1.4571227947870886,
    "val_performance_metric": "diff",
    "train_loss": 1.038304090499878,
    "initial_do_mean": -7.689381304868432,
    "final_do_mean": -5.850559145558712,
    "best_do_mean": -5.534715838557066,
    "initial_pp_mean": -7.1754351798225855,
    "final_pp_mean": -4.76440495112363,
    "best_pp_mean": -4.475320134794011
}