{
    "best_epoch": 70,
    "best_val_performance": 1.7121819623311367,
    "val_performance_metric": "diff",
    "train_loss": 1.4289660453796387,
    "initial_do_mean": -7.690087118121081,
    "final_do_mean": -6.529701592963796,
    "best_do_mean": -6.529701592963796,
    "initial_pp_mean": -7.176614320979398,
    "final_pp_mean": -5.42970559071092,
    "best_pp_mean": -5.42970559071092
}