{
    "best_epoch": 34,
    "best_val_performance": 0.9241103808085125,
    "val_performance_metric": "diff",
    "train_loss": 1.9991960525512695,
    "initial_dative_mean": -7.1970412752084565,
    "final_dative_mean": -8.006457688341364,
    "best_dative_mean": -8.234169420791648
}