{
    "best_epoch": 16,
    "best_val_performance": 0.3304552825291953,
    "val_performance_metric": "diff",
    "train_loss": 4.275016784667969,
    "initial_pref_do": 0.1457142857142857,
    "final_pref_do": 0.20142857142857143,
    "best_pref_do": 0.34
}