{
    "best_epoch": 30,
    "best_val_performance": -0.3104555416107182,
    "val_performance_metric": "diff",
    "train_loss": 5.061222553253174,
    "initial_do_mean": -6.660006754326098,
    "final_do_mean": -4.933167576067375,
    "best_do_mean": -5.493148893298525,
    "initial_pp_mean": -5.918431178728739,
    "final_pp_mean": -4.356698240174188,
    "best_pp_mean": -4.8144788477155895
}