{
    "best_epoch": 42,
    "best_val_performance": 1.0792265081405636,
    "val_performance_metric": "diff",
    "train_loss": 1.3724663257598877,
    "initial_do_mean": -7.699697197869766,
    "final_do_mean": -9.297666095717009,
    "best_do_mean": -8.14991925275603,
    "initial_pp_mean": -7.16689226767596,
    "final_pp_mean": -7.935764014370301,
    "best_pp_mean": -6.8068827215363
}