{
    "best_epoch": 70,
    "best_val_performance": -0.6928419796625773,
    "val_performance_metric": "diff",
    "train_loss": 7.16241455078125,
    "initial_pref_do": 0.17714285714285713,
    "final_pref_do": 0.17142857142857143,
    "best_pref_do": 0.17142857142857143
}