{
    "best_epoch": 22,
    "best_val_performance": 3.9306857649485263,
    "val_performance_metric": "diff",
    "train_loss": 3.341005563735962,
    "initial_do_mean": -7.69131737947464,
    "final_do_mean": -7.248190332637277,
    "best_do_mean": -6.1812122460714605,
    "initial_pp_mean": -7.25512012313394,
    "final_pp_mean": -6.17989259502467,
    "best_pp_mean": -5.113368484553169
}