{
    "best_epoch": 55,
    "best_val_performance": 0.23662114143371582,
    "val_performance_metric": "diff",
    "train_loss": 1.968791127204895,
    "initial_dative_mean": -7.2555914392248235,
    "final_dative_mean": -6.413953886743178,
    "best_dative_mean": -6.382432105422717
}