{
    "best_epoch": 22,
    "best_val_performance": 0.2632156562805177,
    "val_performance_metric": "diff",
    "train_loss": 2.5404341220855713,
    "initial_do_mean": -7.687641001717989,
    "final_do_mean": -5.485861072360083,
    "best_do_mean": -5.28149931756563,
    "initial_pp_mean": -7.174280944992514,
    "final_pp_mean": -5.019852686629576,
    "best_pp_mean": -4.965324255999397
}