{
    "best_epoch": 27,
    "best_val_performance": -0.008188932736714172,
    "val_performance_metric": "diff",
    "train_loss": 2.9516921043395996,
    "initial_do_mean": -6.557858261917577,
    "final_do_mean": -4.9086629448515,
    "best_do_mean": -4.775689565774166,
    "initial_pp_mean": -5.762693153487311,
    "final_pp_mean": -4.303803899553087,
    "best_pp_mean": -4.1342770444022285
}