{
    "best_epoch": 55,
    "best_val_performance": 1.2942967510223387,
    "val_performance_metric": "diff",
    "train_loss": 1.7445626258850098,
    "initial_do_mean": -6.7488199523001,
    "final_do_mean": -6.562832365613995,
    "best_do_mean": -6.272798124949137,
    "initial_pp_mean": -6.128609127468533,
    "final_pp_mean": -5.753612775272793,
    "best_pp_mean": -5.570753574371338
}