{
    "best_epoch": 70,
    "best_val_performance": -0.35213981469472166,
    "val_performance_metric": "diff",
    "train_loss": 3.8130857944488525,
    "initial_do_mean": -7.635713061621023,
    "final_do_mean": -5.93952403234881,
    "best_do_mean": -5.93952403234881,
    "initial_pp_mean": -6.9931074086357565,
    "final_pp_mean": -5.6313803462421195,
    "best_pp_mean": -5.6313803462421195
}