{
    "best_epoch": 70,
    "best_val_performance": -0.16635578155517639,
    "val_performance_metric": "diff",
    "train_loss": 2.7182374000549316,
    "initial_do_mean": -6.669416924678918,
    "final_do_mean": -5.07388383547465,
    "best_do_mean": -5.07388383547465,
    "initial_pp_mean": -5.824199867248535,
    "final_pp_mean": -4.285337132877774,
    "best_pp_mean": -4.285337132877774
}