{
    "best_epoch": 70,
    "best_val_performance": -0.06340462684631376,
    "val_performance_metric": "diff",
    "train_loss": 0.9464622139930725,
    "initial_pref_do": 0.08285714285714285,
    "final_pref_do": 0.15714285714285714,
    "best_pref_do": 0.15714285714285714
}