{
    "best_epoch": 31,
    "best_val_performance": 1.1210223325093596,
    "val_performance_metric": "diff",
    "train_loss": 2.235189914703369,
    "initial_dative_mean": -7.310945771939573,
    "final_dative_mean": -6.524695579594339,
    "best_dative_mean": -5.644833469774291
}