{
    "best_epoch": 70,
    "best_val_performance": 0.0034422477086391012,
    "val_performance_metric": "diff",
    "train_loss": 1.7477282285690308,
    "initial_dative_mean": -7.257471794621987,
    "final_dative_mean": -5.30596224222964,
    "best_dative_mean": -5.30596224222964
}