{
    "best_epoch": 38,
    "best_val_performance": 5.417353013356527,
    "val_performance_metric": "diff",
    "train_loss": 2.7586309909820557,
    "initial_pref_do": 0.08428571428571428,
    "final_pref_do": 0.025714285714285714,
    "best_pref_do": 0.014285714285714285
}