{
    "best_epoch": 70,
    "best_val_performance": 0.1468146324157713,
    "val_performance_metric": "diff",
    "train_loss": 2.3891098499298096,
    "initial_do_mean": -7.959641276403915,
    "final_do_mean": -5.9206676926723745,
    "best_do_mean": -5.9206676926723745,
    "initial_pp_mean": -7.532927650563857,
    "final_pp_mean": -4.882569592489916,
    "best_pp_mean": -4.882569592489916
}