{
    "best_epoch": 41,
    "best_val_performance": 4.92947313785553,
    "val_performance_metric": "diff",
    "train_loss": 1.8968076705932617,
    "initial_pref_do": 0.14714285714285713,
    "final_pref_do": 0.055714285714285716,
    "best_pref_do": 0.015714285714285715
}