{
    "best_epoch": 25,
    "best_val_performance": 1.3661881764729822,
    "val_performance_metric": "diff",
    "train_loss": 1.7977479696273804,
    "initial_do_mean": -6.658279030250781,
    "final_do_mean": -6.348367004683523,
    "best_do_mean": -5.54456085580768,
    "initial_pp_mean": -5.917030003335741,
    "final_pp_mean": -6.172581039534675,
    "best_pp_mean": -5.35674417813619
}