{
    "best_epoch": 70,
    "best_val_performance": -0.15882415453592902,
    "val_performance_metric": "diff",
    "train_loss": 3.5958142280578613,
    "initial_pref_do": 0.14857142857142858,
    "final_pref_do": 0.12285714285714286,
    "best_pref_do": 0.12285714285714286
}