{
    "best_epoch": 70,
    "best_val_performance": -0.23757478872934978,
    "val_performance_metric": "diff",
    "train_loss": 3.1597368717193604,
    "initial_do_mean": -7.636111373125121,
    "final_do_mean": -5.893878893450249,
    "best_do_mean": -5.893878893450249,
    "initial_pp_mean": -6.993878002727733,
    "final_pp_mean": -5.422922902247485,
    "best_pp_mean": -5.422922902247485
}