{
    "best_epoch": 20,
    "best_val_performance": 0.24995616594950398,
    "val_performance_metric": "diff",
    "train_loss": 2.5397822856903076,
    "initial_pref_do": 0.17857142857142858,
    "final_pref_do": 0.07142857142857142,
    "best_pref_do": 0.08
}