{
    "best_epoch": 70,
    "best_val_performance": -0.12336498896280901,
    "val_performance_metric": "diff",
    "train_loss": 3.9069864749908447,
    "initial_do_mean": -7.693709918232852,
    "final_do_mean": -5.838415782465491,
    "best_do_mean": -5.838415782465491,
    "initial_pp_mean": -7.295679279635935,
    "final_pp_mean": -5.510120208123151,
    "best_pp_mean": -5.510120208123151
}