{
    "best_epoch": 50,
    "best_val_performance": 1.6980586210886628,
    "val_performance_metric": "diff",
    "train_loss": 2.1730763912200928,
    "initial_do_mean": -7.676030228304309,
    "final_do_mean": -5.885516740208448,
    "best_do_mean": -5.680276090322539,
    "initial_pp_mean": -7.077603539298562,
    "final_pp_mean": -5.186090051426607,
    "best_pp_mean": -5.02911563129986
}