{
    "best_epoch": 70,
    "best_val_performance": -0.1540196657180779,
    "val_performance_metric": "diff",
    "train_loss": 4.172159194946289,
    "initial_do_mean": -6.532185032873443,
    "final_do_mean": -5.311253442186298,
    "best_do_mean": -5.311253442186298,
    "initial_pp_mean": -5.898127410146925,
    "final_pp_mean": -4.828182029724121,
    "best_pp_mean": -4.828182029724121
}