{
    "best_epoch": 70,
    "best_val_performance": -0.1387905422846476,
    "val_performance_metric": "diff",
    "train_loss": 3.7103796005249023,
    "initial_do_mean": -6.5557938575744625,
    "final_do_mean": -4.652577910278783,
    "best_do_mean": -4.652577910278783,
    "initial_pp_mean": -5.760531883769565,
    "final_pp_mean": -4.115087933010525,
    "best_pp_mean": -4.115087933010525
}