{
    "best_epoch": 70,
    "best_val_performance": 2.422785472869874,
    "val_performance_metric": "diff",
    "train_loss": 2.333286762237549,
    "initial_pref_do": 0.12714285714285714,
    "final_pref_do": 0.21714285714285714,
    "best_pref_do": 0.21714285714285714
}