{
    "best_epoch": 20,
    "best_val_performance": 1.2023217471440626,
    "val_performance_metric": "diff",
    "train_loss": 2.873408794403076,
    "initial_do_mean": -7.8384825871434325,
    "final_do_mean": -6.109723264741343,
    "best_do_mean": -5.666893876915754,
    "initial_pp_mean": -7.3744823098182675,
    "final_pp_mean": -5.558833538083469,
    "best_pp_mean": -5.25452676766059
}