{
    "best_epoch": 35,
    "best_val_performance": 1.771161932945252,
    "val_performance_metric": "diff",
    "train_loss": 2.373114585876465,
    "initial_pref_do": 0.14714285714285713,
    "final_pref_do": 0.2,
    "best_pref_do": 0.07
}