{
    "best_epoch": 24,
    "best_val_performance": 0.0011611668268844966,
    "val_performance_metric": "diff",
    "train_loss": 2.4093329906463623,
    "initial_pref_do": 0.13428571428571429,
    "final_pref_do": 0.02857142857142857,
    "best_pref_do": 0.037142857142857144
}