{
    "best_epoch": 70,
    "best_val_performance": 0.22200134754180922,
    "val_performance_metric": "diff",
    "train_loss": 0.9939508438110352,
    "initial_do_mean": -7.6877754476181295,
    "final_do_mean": -5.855387677633485,
    "best_do_mean": -5.855387677633485,
    "initial_pp_mean": -7.175057080913993,
    "final_pp_mean": -5.04492070850204,
    "best_pp_mean": -5.04492070850204
}