{
    "best_epoch": 51,
    "best_val_performance": 3.6166424242655424,
    "val_performance_metric": "diff",
    "train_loss": 2.0939247608184814,
    "initial_dative_mean": -7.466732933158763,
    "final_dative_mean": -7.74378864266719,
    "best_dative_mean": -7.501720421844059
}