{
    "best_epoch": 62,
    "best_val_performance": 3.2892088937759407,
    "val_performance_metric": "diff",
    "train_loss": 1.7869656085968018,
    "initial_do_mean": -7.838714418023131,
    "final_do_mean": -6.914901796815007,
    "best_do_mean": -6.751535912585813,
    "initial_pp_mean": -7.374448452276342,
    "final_pp_mean": -9.192341691606185,
    "best_pp_mean": -8.895439769239987
}