{
    "best_epoch": 70,
    "best_val_performance": 0.016834020614624023,
    "val_performance_metric": "diff",
    "train_loss": 2.5075416564941406,
    "initial_do_mean": -6.769964640068285,
    "final_do_mean": -4.6713089148203535,
    "best_do_mean": -4.6713089148203535,
    "initial_pp_mean": -6.100935533311632,
    "final_pp_mean": -4.212137382560306,
    "best_pp_mean": -4.212137382560306
}