{
    "best_epoch": 44,
    "best_val_performance": 0.20652792771657325,
    "val_performance_metric": "diff",
    "train_loss": 1.5921475887298584,
    "initial_dative_mean": -7.307357561170009,
    "final_dative_mean": -4.8808349819734085,
    "best_dative_mean": -4.8165032074116825
}