{
    "best_epoch": 31,
    "best_val_performance": -0.3786853551864624,
    "val_performance_metric": "diff",
    "train_loss": 2.5599021911621094,
    "initial_do_mean": -7.694714761057566,
    "final_do_mean": -5.774081113033517,
    "best_do_mean": -5.537026065726613,
    "initial_pp_mean": -7.1610257120693435,
    "final_pp_mean": -5.427965358074974,
    "best_pp_mean": -5.192238978427999
}