{
    "best_epoch": 27,
    "best_val_performance": -0.057829162279764645,
    "val_performance_metric": "diff",
    "train_loss": 2.7944135665893555,
    "initial_do_mean": -6.418364914980802,
    "final_do_mean": -5.145345728325121,
    "best_do_mean": -5.007255054242683,
    "initial_pp_mean": -5.74334474934472,
    "final_pp_mean": -4.581077671051025,
    "best_pp_mean": -4.496179699897766
}