{
    "best_epoch": 52,
    "best_val_performance": 1.0178409465154017,
    "val_performance_metric": "diff",
    "train_loss": 1.5494056940078735,
    "initial_pref_do": 0.07714285714285714,
    "final_pref_do": 0.2357142857142857,
    "best_pref_do": 0.24142857142857144
}