{
    "best_epoch": 70,
    "best_val_performance": -0.5834404373168942,
    "val_performance_metric": "diff",
    "train_loss": 5.553064823150635,
    "initial_pref_do": 0.14714285714285713,
    "final_pref_do": 0.18285714285714286,
    "best_pref_do": 0.18285714285714286
}