{
    "best_epoch": 70,
    "best_val_performance": -0.5837156899770104,
    "val_performance_metric": "diff",
    "train_loss": 5.567623138427734,
    "initial_pref_do": 0.07714285714285714,
    "final_pref_do": 0.09428571428571429,
    "best_pref_do": 0.09428571428571429
}