{
    "best_epoch": 53,
    "best_val_performance": 0.03736863613128705,
    "val_performance_metric": "diff",
    "train_loss": 1.9509674310684204,
    "initial_do_mean": -6.669464079538981,
    "final_do_mean": -4.975800570574674,
    "best_do_mean": -4.952180054693511,
    "initial_pp_mean": -5.820302724838257,
    "final_pp_mean": -4.336487015088399,
    "best_pp_mean": -4.332897514767117
}