{
    "best_epoch": 70,
    "best_val_performance": -0.26318720340728774,
    "val_performance_metric": "diff",
    "train_loss": 3.041879415512085,
    "initial_do_mean": -6.5538905504978064,
    "final_do_mean": -5.146901240493312,
    "best_do_mean": -5.146901240493312,
    "initial_pp_mean": -5.759221206771003,
    "final_pp_mean": -4.435189228587681,
    "best_pp_mean": -4.435189228587681
}