{
    "best_epoch": 36,
    "best_val_performance": 0.13020657698313354,
    "val_performance_metric": "diff",
    "train_loss": 3.3359508514404297,
    "initial_do_mean": -6.546560996951479,
    "final_do_mean": -4.913738593188199,
    "best_do_mean": -4.543276444348422,
    "initial_pp_mean": -5.90027138127221,
    "final_pp_mean": -4.293598045243157,
    "best_pp_mean": -4.05057872136434
}