{
    "best_epoch": 70,
    "best_val_performance": -0.27848947207133,
    "val_performance_metric": "diff",
    "train_loss": 3.52565598487854,
    "initial_do_mean": -6.550659247600671,
    "final_do_mean": -5.3639869632142965,
    "best_do_mean": -5.3639869632142965,
    "initial_pp_mean": -5.756946810086569,
    "final_pp_mean": -4.636548240979512,
    "best_pp_mean": -4.636548240979512
}