{
    "best_epoch": 70,
    "best_val_performance": 1.3469018904368086,
    "val_performance_metric": "diff",
    "train_loss": 1.1812907457351685,
    "initial_pref_do": 0.14857142857142858,
    "final_pref_do": 0.12857142857142856,
    "best_pref_do": 0.12857142857142856
}