{
    "best_epoch": 20,
    "best_val_performance": -0.24282961209615106,
    "val_performance_metric": "diff",
    "train_loss": 3.629258871078491,
    "initial_do_mean": -7.957208614709765,
    "final_do_mean": -6.434771331243737,
    "best_do_mean": -6.111935797125795,
    "initial_pp_mean": -7.531632560842177,
    "final_pp_mean": -6.267293918132782,
    "best_pp_mean": -5.916620855121051
}