{
    "best_epoch": 29,
    "best_val_performance": 0.1685294675827027,
    "val_performance_metric": "diff",
    "train_loss": 2.000972032546997,
    "initial_pref_do": 0.14714285714285713,
    "final_pref_do": 0.04857142857142857,
    "best_pref_do": 0.12
}