{
    "best_epoch": 33,
    "best_val_performance": -0.3735251776377364,
    "val_performance_metric": "diff",
    "train_loss": 2.1674416065216064,
    "initial_do_mean": -6.74811629671039,
    "final_do_mean": -6.369318021427501,
    "best_do_mean": -6.314573462804159,
    "initial_pp_mean": -6.129036492771572,
    "final_pp_mean": -6.549829414155748,
    "best_pp_mean": -6.273706791136
}