{
    "best_epoch": 48,
    "best_val_performance": 0.1168351999918622,
    "val_performance_metric": "diff",
    "train_loss": 3.0566163063049316,
    "initial_pref_do": 0.09714285714285714,
    "final_pref_do": 0.1457142857142857,
    "best_pref_do": 0.15285714285714286
}