{
    "best_epoch": 13,
    "best_val_performance": 0.33157789071400945,
    "val_performance_metric": "diff",
    "train_loss": 3.4970295429229736,
    "initial_do_mean": -6.414442919239853,
    "final_do_mean": -6.90965858372775,
    "best_do_mean": -5.486854590791644,
    "initial_pp_mean": -5.738106918334961,
    "final_pp_mean": -6.6002350409825645,
    "best_pp_mean": -4.745492132504781
}