{
    "best_epoch": 70,
    "best_val_performance": -0.15537694295247384,
    "val_performance_metric": "diff",
    "train_loss": 4.351645469665527,
    "initial_do_mean": -7.697048342505167,
    "final_do_mean": -6.100885082815969,
    "best_do_mean": -6.100885082815969,
    "initial_pp_mean": -7.298497155133416,
    "final_pp_mean": -5.558721961694605,
    "best_pp_mean": -5.558721961694605
}