{
    "best_epoch": 33,
    "best_val_performance": -0.03849007606506305,
    "val_performance_metric": "diff",
    "train_loss": 3.1547369956970215,
    "initial_do_mean": -7.595065056584602,
    "final_do_mean": -5.645642805584641,
    "best_do_mean": -5.47515977329986,
    "initial_pp_mean": -7.149389201052049,
    "final_pp_mean": -4.946809613704682,
    "best_pp_mean": -4.908519983992857
}