{
    "best_epoch": 70,
    "best_val_performance": 0.33958012739817267,
    "val_performance_metric": "diff",
    "train_loss": 2.0714402198791504,
    "initial_do_mean": -6.770383518392389,
    "final_do_mean": -4.96563478383151,
    "best_do_mean": -4.96563478383151,
    "initial_pp_mean": -6.102556975682576,
    "final_pp_mean": -4.32035854657491,
    "best_pp_mean": -4.32035854657491
}