{
    "best_epoch": 70,
    "best_val_performance": 0.31999250253041644,
    "val_performance_metric": "diff",
    "train_loss": 2.7063536643981934,
    "initial_do_mean": -6.417126070369374,
    "final_do_mean": -4.613014882983584,
    "best_do_mean": -4.613014882983584,
    "initial_pp_mean": -5.742130303382874,
    "final_pp_mean": -4.15023914443122,
    "best_pp_mean": -4.15023914443122
}