{
    "best_epoch": 22,
    "best_val_performance": 0.14032783667246473,
    "val_performance_metric": "diff",
    "train_loss": 3.023912191390991,
    "initial_dative_mean": -7.191180641888178,
    "final_dative_mean": -5.3171341285022375,
    "best_dative_mean": -4.781454987693251
}