{
    "best_epoch": 70,
    "best_val_performance": -0.341569684346517,
    "val_performance_metric": "diff",
    "train_loss": 4.075884819030762,
    "initial_pref_do": 0.18,
    "final_pref_do": 0.29714285714285715,
    "best_pref_do": 0.29714285714285715
}