{
    "best_epoch": 70,
    "best_val_performance": -0.020057768821716948,
    "val_performance_metric": "diff",
    "train_loss": 4.269843101501465,
    "initial_do_mean": -6.54529760389617,
    "final_do_mean": -5.168424422813184,
    "best_do_mean": -5.168424422813184,
    "initial_pp_mean": -5.898933913972643,
    "final_pp_mean": -4.5583545684814455,
    "best_pp_mean": -4.5583545684814455
}