{
    "best_epoch": 42,
    "best_val_performance": 0.3703148889541623,
    "val_performance_metric": "diff",
    "train_loss": 1.0543162822723389,
    "initial_do_mean": -7.674688653197399,
    "final_do_mean": -6.192485644720321,
    "best_do_mean": -5.748042200193849,
    "initial_pp_mean": -7.074249205168556,
    "final_pp_mean": -5.379944097294527,
    "best_pp_mean": -5.0626469314098355
}