{
    "best_epoch": 5,
    "best_val_performance": 0.7045767672856655,
    "val_performance_metric": "diff",
    "train_loss": 3.0384678840637207,
    "initial_do_mean": -6.555142789898497,
    "final_do_mean": -11.750617186228434,
    "best_do_mean": -7.132541465759277,
    "initial_pp_mean": -5.759898776478238,
    "final_pp_mean": -10.16146813498603,
    "best_pp_mean": -5.56657251516978
}