{
    "best_epoch": 61,
    "best_val_performance": 1.8979668251673374,
    "val_performance_metric": "diff",
    "train_loss": 1.5958565473556519,
    "initial_do_mean": -7.700319624224375,
    "final_do_mean": -5.770776327266249,
    "best_do_mean": -5.740379216366036,
    "initial_pp_mean": -7.167005076829125,
    "final_pp_mean": -5.0268125257071326,
    "best_pp_mean": -5.020181677621953
}