{
    "best_epoch": 70,
    "best_val_performance": 1.7944282674789438,
    "val_performance_metric": "diff",
    "train_loss": 1.7285586595535278,
    "initial_dative_mean": -7.465332746854302,
    "final_dative_mean": -6.4212701955908225,
    "best_dative_mean": -6.4212701955908225
}