{
    "best_epoch": 62,
    "best_val_performance": 1.610846432050069,
    "val_performance_metric": "diff",
    "train_loss": 0.6359575986862183,
    "initial_dative_mean": -7.308264119234699,
    "final_dative_mean": -6.3655116207766955,
    "best_dative_mean": -6.3420431132902175
}