{
    "best_epoch": 70,
    "best_val_performance": -0.5577677472432452,
    "val_performance_metric": "diff",
    "train_loss": 6.767323970794678,
    "initial_pref_do": 0.09714285714285714,
    "final_pref_do": 0.11,
    "best_pref_do": 0.11
}