{
    "best_epoch": 6,
    "best_val_performance": 0.37239783922831204,
    "val_performance_metric": "diff",
    "train_loss": 3.90639066696167,
    "initial_dative_mean": -7.308674089741289,
    "final_dative_mean": -5.575709650216744,
    "best_dative_mean": -4.871249924974832
}