{
    "best_epoch": 7,
    "best_val_performance": 1.2692456610997516,
    "val_performance_metric": "diff",
    "train_loss": 3.263333797454834,
    "initial_do_mean": -7.953939265983049,
    "final_do_mean": -9.250381114177925,
    "best_do_mean": -6.172929842458215,
    "initial_pp_mean": -7.528283141641056,
    "final_pp_mean": -8.986062097900055,
    "best_pp_mean": -5.773040073058184
}