{
    "best_epoch": 70,
    "best_val_performance": -0.14507174491882324,
    "val_performance_metric": "diff",
    "train_loss": 3.3593978881835938,
    "initial_dative_mean": -7.318694313715773,
    "final_dative_mean": -6.049165331480796,
    "best_dative_mean": -6.049165331480796
}