{
    "best_epoch": 25,
    "best_val_performance": -0.06370891094207742,
    "val_performance_metric": "diff",
    "train_loss": 4.501600742340088,
    "initial_do_mean": -7.687745449154876,
    "final_do_mean": -5.824768033831618,
    "best_do_mean": -5.812400431480518,
    "initial_pp_mean": -7.252414568732767,
    "final_pp_mean": -5.4701519506819105,
    "best_pp_mean": -5.495397906794268
}