{
    "best_epoch": 36,
    "best_val_performance": 2.5761460272471117,
    "val_performance_metric": "diff",
    "train_loss": 2.301377296447754,
    "initial_do_mean": -7.598586612662603,
    "final_do_mean": -5.919131344487501,
    "best_do_mean": -5.526827859670617,
    "initial_pp_mean": -7.15374069704729,
    "final_pp_mean": -4.951253770028844,
    "best_pp_mean": -4.509924836018506
}