{
    "best_epoch": 69,
    "best_val_performance": 1.0205418793360401,
    "val_performance_metric": "diff",
    "train_loss": 2.5880634784698486,
    "initial_do_mean": -6.533014846570564,
    "final_do_mean": -8.073242633992976,
    "best_do_mean": -8.078075682033193,
    "initial_pp_mean": -5.899527923266093,
    "final_pp_mean": -6.967873268657261,
    "best_pp_mean": -6.979119531313578
}