{
    "best_epoch": 38,
    "best_val_performance": 3.016605339050293,
    "val_performance_metric": "diff",
    "train_loss": 1.5364649295806885,
    "initial_do_mean": -6.670905728773637,
    "final_do_mean": -7.1106330495892145,
    "best_do_mean": -5.473312713160659,
    "initial_pp_mean": -5.824039716190762,
    "final_pp_mean": -6.504452906714546,
    "best_pp_mean": -4.910504631201426
}