{
    "best_epoch": 11,
    "best_val_performance": 0.07449822584788013,
    "val_performance_metric": "diff",
    "train_loss": 3.030519723892212,
    "initial_do_mean": -7.965314808973046,
    "final_do_mean": -6.604366543334584,
    "best_do_mean": -6.061125160996304,
    "initial_pp_mean": -7.579966411871069,
    "final_pp_mean": -5.938958613662159,
    "best_pp_mean": -5.353798264966292
}