{
    "best_epoch": 31,
    "best_val_performance": 0.8594330755869546,
    "val_performance_metric": "diff",
    "train_loss": 1.7331161499023438,
    "initial_do_mean": -6.640787484429099,
    "final_do_mean": -5.166808157256155,
    "best_do_mean": -5.122983051068855,
    "initial_pp_mean": -5.791383798917135,
    "final_pp_mean": -5.128349704212613,
    "best_pp_mean": -4.883111548423767
}