{
    "best_epoch": 21,
    "best_val_performance": 0.13046406428019264,
    "val_performance_metric": "diff",
    "train_loss": 2.480421543121338,
    "initial_pref_do": 0.17714285714285713,
    "final_pref_do": 0.09142857142857143,
    "best_pref_do": 0.09857142857142857
}