{
    "best_epoch": 60,
    "best_val_performance": 3.160100126266478,
    "val_performance_metric": "diff",
    "train_loss": 2.6314690113067627,
    "initial_do_mean": -6.53103237730084,
    "final_do_mean": -10.418387311877627,
    "best_do_mean": -10.35944440726078,
    "initial_pp_mean": -5.896805111567179,
    "final_pp_mean": -9.822278102238974,
    "best_pp_mean": -9.689983034133911
}