{
    "best_epoch": 16,
    "best_val_performance": 0.09545227368672737,
    "val_performance_metric": "diff",
    "train_loss": 2.6137092113494873,
    "initial_do_mean": -7.694219948247421,
    "final_do_mean": -5.807618974253189,
    "best_do_mean": -5.336804718818775,
    "initial_pp_mean": -7.161349926976596,
    "final_pp_mean": -5.405203628189423,
    "best_pp_mean": -5.054022868941812
}