{
    "best_epoch": 43,
    "best_val_performance": 0.20957065741221115,
    "val_performance_metric": "diff",
    "train_loss": 2.8568735122680664,
    "initial_do_mean": -6.6349920793013135,
    "final_do_mean": -5.467522772875699,
    "best_do_mean": -5.204823538751313,
    "initial_pp_mean": -5.785369314087761,
    "final_pp_mean": -4.949207711219787,
    "best_pp_mean": -4.543307240804037
}