{
    "best_epoch": 70,
    "best_val_performance": -0.19744685808817497,
    "val_performance_metric": "diff",
    "train_loss": 3.513061046600342,
    "initial_pref_do": 0.15857142857142856,
    "final_pref_do": 0.2714285714285714,
    "best_pref_do": 0.2714285714285714
}