{
    "best_epoch": 70,
    "best_val_performance": -0.40767833550771115,
    "val_performance_metric": "diff",
    "train_loss": 2.3170130252838135,
    "initial_pref_do": 0.1357142857142857,
    "final_pref_do": 0.16857142857142857,
    "best_pref_do": 0.16857142857142857
}