{
    "best_epoch": 59,
    "best_val_performance": 3.833553873697916,
    "val_performance_metric": "diff",
    "train_loss": 2.543267011642456,
    "initial_do_mean": -7.83587183023608,
    "final_do_mean": -5.886598905158597,
    "best_do_mean": -6.149696751389393,
    "initial_pp_mean": -7.371212438274832,
    "final_pp_mean": -5.677420364057316,
    "best_pp_mean": -5.901668299997554
}