{
    "best_epoch": 39,
    "best_val_performance": -0.1538913075129198,
    "val_performance_metric": "diff",
    "train_loss": 2.0626797676086426,
    "initial_dative_mean": -7.4718608183470385,
    "final_dative_mean": -5.456679773435258,
    "best_dative_mean": -5.4216685160907385
}