{
    "best_epoch": 10,
    "best_val_performance": -0.20427845001220746,
    "val_performance_metric": "diff",
    "train_loss": 4.143336772918701,
    "initial_pref_do": 0.17857142857142858,
    "final_pref_do": 0.27714285714285714,
    "best_pref_do": 0.31857142857142856
}