{
    "best_epoch": 24,
    "best_val_performance": 0.15626482963561994,
    "val_performance_metric": "diff",
    "train_loss": 4.181466102600098,
    "initial_do_mean": -7.960118710301643,
    "final_do_mean": -5.551519339514333,
    "best_do_mean": -5.5222904394532355,
    "initial_pp_mean": -7.574911902231329,
    "final_pp_mean": -5.243226150905385,
    "best_pp_mean": -5.070948969265994
}