{
    "best_epoch": 70,
    "best_val_performance": -0.4889193058013914,
    "val_performance_metric": "diff",
    "train_loss": 7.102059364318848,
    "initial_dative_mean": -7.317396887213166,
    "final_dative_mean": -6.84716049167845,
    "best_dative_mean": -6.84716049167845
}