{
    "best_epoch": 4,
    "best_val_performance": -0.008804287910461284,
    "val_performance_metric": "diff",
    "train_loss": 4.246553897857666,
    "initial_pref_do": 0.14857142857142858,
    "final_pref_do": 0.09714285714285714,
    "best_pref_do": 0.10285714285714286
}