{
    "best_epoch": 29,
    "best_val_performance": 1.1076898225148515,
    "val_performance_metric": "diff",
    "train_loss": 1.466003656387329,
    "initial_do_mean": -7.633777249691098,
    "final_do_mean": -7.270560674542605,
    "best_do_mean": -6.379278198577637,
    "initial_pp_mean": -6.9909075828159555,
    "final_pp_mean": -6.248418709811042,
    "best_pp_mean": -5.456828983741648
}