{
    "best_epoch": 23,
    "best_val_performance": 0.17537402629852306,
    "val_performance_metric": "diff",
    "train_loss": 2.4409165382385254,
    "initial_do_mean": -6.636347536607222,
    "final_do_mean": -5.192725573164044,
    "best_do_mean": -4.841865770744555,
    "initial_pp_mean": -5.785377558072408,
    "final_pp_mean": -4.22396780649821,
    "best_pp_mean": -3.889892578125
}