{
    "best_epoch": 70,
    "best_val_performance": -0.5655184491475422,
    "val_performance_metric": "diff",
    "train_loss": 6.035292148590088,
    "initial_dative_mean": -7.336508495068689,
    "final_dative_mean": -6.9767865329458,
    "best_dative_mean": -6.9767865329458
}