{
    "best_epoch": 70,
    "best_val_performance": -0.016577452023823547,
    "val_performance_metric": "diff",
    "train_loss": 3.6540331840515137,
    "initial_do_mean": -7.687909574702728,
    "final_do_mean": -5.786070676043976,
    "best_do_mean": -5.786070676043976,
    "initial_pp_mean": -7.174102556705475,
    "final_pp_mean": -4.7583050023106965,
    "best_pp_mean": -4.7583050023106965
}