{
    "best_epoch": 36,
    "best_val_performance": 0.20954839070637998,
    "val_performance_metric": "diff",
    "train_loss": 2.1855738162994385,
    "initial_dative_mean": -7.577174187403673,
    "final_dative_mean": -5.414557830283516,
    "best_dative_mean": -5.148534588820753
}