idx,dative,best_lr,best_wd,best_epoch,verbhood_diff,do,pp
10561,do,0.05,0.0,40,1.961082001924515,-6.013309682499279,-5.080840282970005
10562,pp,0.05,0.0,9,1.218342001438141,-4.994301795959473,-3.9070014079411823
10563,do,0.05,0.0,42,1.7831428360939023,-4.992073278716116,-4.7111473017268715
10564,pp,0.05,0.0,59,1.7955937850475303,-4.785574858116381,-4.526813356081645
10565,do,0.05,0.0,70,2.2235819041728977,-6.039934586033676,-5.300599265098572
10566,pp,0.05,0.0,5,0.8593897235393522,-4.760375238187385,-3.7022975630230373
10567,do,0.05,0.0,70,1.3415983211994167,-4.972626398548935,-4.2736978822284275
10568,pp,0.05,0.0,41,2.6294589591026307,-4.52831542708657,-4.198474740982055
10569,do,0.05,0.0,70,-0.17987325906753515,-5.855924067352757,-5.3183434989717275
10570,pp,0.05,0.0,14,1.3683531761169432,-5.662382130189376,-4.525442144605848
10571,do,0.05,0.0,65,1.5849677109718323,-6.3473751227060955,-5.480505649248759
10572,pp,0.05,0.0,38,4.020085096359253,-5.4355610702977035,-4.400357205337948
10573,do,0.05,0.0,31,1.359814800024032,-5.991745992140337,-5.057670513788859
10574,pp,0.05,0.0,59,2.9843999409675597,-5.218629731553974,-4.784061164326138
10575,do,0.05,0.0,30,2.8972401881217955,-5.215417408220696,-4.889423317379421
10576,pp,0.05,0.0,41,1.9762690579891204,-5.803198755148685,-4.716397155655755
10577,do,0.05,0.0,70,3.214295113086701,-5.201747804699522,-5.0505218691296045
10578,pp,0.05,0.0,45,2.1204703104496003,-4.681627396381263,-4.643378949165344
10579,do,0.05,0.0,6,0.07087209820747375,-4.580077111359799,-4.104165185822381
10580,pp,0.05,0.0,8,0.5993259847164154,-4.70469017606793,-3.6141085584958392
10581,do,0.05,0.0,9,0.239924864768982,-4.726811836705063,-4.025570445590549
10582,pp,0.05,0.0,35,0.6578651952743533,-4.835719130255959,-4.355756317244635
10583,do,0.05,0.0,47,0.18594381332397525,-5.961445704373446,-5.530143305990431
10584,pp,0.05,0.0,70,1.0563485133647923,-7.421383223389134,-6.443341697586908
10585,do,0.05,0.0,7,0.8153415083885198,-4.629563795436512,-3.9714189357227747
10586,pp,0.05,0.0,67,1.4754673659801494,-10.96504900672219,-7.8994969262017145
10587,do,0.05,0.0,22,1.3020504307746892,-4.715951337236347,-4.17043035030365
10588,pp,0.05,0.0,35,0.7395538151264187,-5.914017726435806,-5.218415978219774
10589,do,0.05,0.0,26,3.0568359792232522,-5.217128103429621,-5.11922975646125
10590,pp,0.05,0.0,22,2.8780138134956355,-5.076728552038019,-4.6135725127326115
10591,do,0.05,0.0,15,1.5890092360973362,-5.286591944550023,-4.5719609498977665
10592,pp,0.05,0.0,70,3.657158914804458,-5.417468331076882,-5.0165890322791205
10593,do,0.05,0.0,23,2.5049568688869472,-6.027013259945494,-5.6821035120222305
10594,pp,0.05,0.0,27,1.133485037088394,-6.422568309668339,-5.001902164353265
10595,do,0.05,0.0,6,0.6438931655883788,-4.81357361909115,-4.22111443678538
10596,pp,0.05,0.0,58,0.354267154932022,-6.135113262407708,-5.311782166692946
10597,do,0.05,0.0,15,1.0937471020221716,-5.519332202275594,-4.878854899936252
10598,pp,0.05,0.0,14,1.1122108519077294,-5.251940331314549,-4.351424031787449
10599,do,0.05,0.0,1,-1.1231968200206763,-6.33831386421666,-5.76726413567861
10600,pp,0.05,0.0,27,1.3762037336826323,-5.932405486251369,-4.575792390770382
10601,do,0.05,0.0,34,1.4301422286033638,-8.23673666751746,-6.780464628007677
10602,pp,0.05,0.0,62,2.0912634706497197,-7.908203335964319,-6.3107096089257135
10603,do,0.05,0.0,70,0.025024361610412882,-8.260932246121493,-7.888951349258423
10604,pp,0.05,0.0,20,0.3286708116531374,-4.784337598627264,-4.225017001893785
10605,do,0.05,0.0,7,0.5540173041820529,-5.01804750326908,-5.065621402528551
10606,pp,0.05,0.0,21,1.6492609274387355,-5.754458408644705,-5.006946522659725
10607,do,0.05,0.0,3,-0.1904336273670202,-4.628407041954271,-4.335605753792657
10608,pp,0.05,0.0,22,3.169438244104386,-4.872801467144128,-3.9190728730625577
10609,do,0.05,0.0,28,1.8126951146125787,-5.4757539084463405,-4.740275284979078
10610,pp,0.05,0.0,37,2.0576069271564483,-5.079685741482359,-4.373885040813022
10611,do,0.05,0.0,50,2.9386311578750606,-5.6661152406172315,-4.941362558470832
10612,pp,0.05,0.0,70,3.322760299444199,-5.01718487739563,-4.586090608437856
10613,do,0.05,0.0,15,0.8272197234630587,-5.68753075021686,-5.372445917129516
10614,pp,0.05,0.0,21,1.7176966345310216,-5.308956693880486,-4.878904716173808
10615,do,0.05,0.0,31,1.9933269667625417,-5.264826317989465,-4.712808159987132
10616,pp,0.05,0.0,28,3.0628318190574655,-5.631011616099965,-5.164308667182922
10617,do,0.05,0.0,25,2.2069626212120053,-4.852871166576039,-5.422710601488749
10618,pp,0.05,0.0,70,1.4426411473751068,-5.944810204072432,-5.411805383364359
10619,do,0.05,0.0,39,1.0397982954978948,-6.795816711945967,-7.893138088120354
10620,pp,0.05,0.0,70,2.6089507663249973,-4.880622779961788,-4.720468624432882
10621,do,0.05,0.0,26,1.9154951381683345,-5.68815800782406,-5.46410477426317
10622,pp,0.05,0.0,36,1.2716159594058984,-5.8873161807204735,-5.608144980006748
10623,do,0.05,0.0,8,0.07901356697082473,-5.288599327838782,-5.141305600272284
10624,pp,0.05,0.0,54,1.4119894635677337,-5.727703698476156,-4.820681526925829
10625,do,0.05,0.0,70,0.7892036700248717,-8.75231756441521,-7.847050009833442
10626,pp,0.05,0.0,17,1.1289466834068298,-5.520000249689276,-4.705325227313572
10627,do,0.05,0.0,34,1.4297953593730925,-6.137029016379154,-7.725456174214681
10628,pp,0.05,0.0,68,2.9776888918876647,-7.689286808534102,-7.414010222752889
10629,do,0.05,0.0,9,0.39553476691246026,-4.712532686464714,-4.579017427232531
10630,pp,0.05,0.0,51,1.9907708799839021,-6.213758113167502,-5.676532218191359
10631,do,0.05,0.0,25,1.216316307783127,-7.56193586696278,-6.411858616934882
10632,pp,0.05,0.0,60,0.49377034425735467,-8.993014998869462,-7.037690721617805
10633,do,0.05,0.0,47,0.9082593119144438,-7.9228230245185625,-7.863213748402066
10634,pp,0.05,0.0,30,1.6975116336345675,-5.125844334111069,-4.668065653906928
10635,do,0.05,0.0,16,2.0545330500602725,-4.496009611360955,-4.229179191589355
10636,pp,0.05,0.0,6,0.6164073133468628,-4.5094932411656234,-3.846515337626139
10637,do,0.05,0.0,69,0.5829604148864744,-7.270893004446319,-6.440424622429742
10638,pp,0.05,0.0,32,3.917874863147736,-6.567528679876617,-5.710289592213101
10639,do,0.05,0.0,15,0.7598540508747105,-4.874071319175489,-5.007595745722453
10640,pp,0.05,0.0,42,1.8705409514904021,-5.2018078688419225,-4.602980240186056
10641,do,0.05,0.0,14,1.6142625391483305,-5.344460779247862,-5.135525804095798
10642,pp,0.05,0.0,11,1.6735507369041436,-5.220842576749397,-4.722959213786655
10643,do,0.05,0.0,30,1.9801722973585125,-5.123186241496693,-6.5964886744817095
10644,pp,0.05,0.0,70,2.743042817115784,-7.20719360293764,-6.810127668910557
10645,do,0.05,0.0,42,1.4998699736595142,-7.617124930295077,-8.04808825386895
10646,pp,0.05,0.0,56,2.989227395057677,-7.176926839712895,-6.749110137091742
10647,do,0.05,0.0,70,1.9133650612831126,-8.265123263272372,-7.8634554121229385
10648,pp,0.05,0.0,33,1.3152406609058378,-8.927744548971003,-6.721165622605218
10649,do,0.05,0.0,16,2.678376388549804,-5.008267802903147,-5.248476741049025
10650,pp,0.05,0.0,55,3.7545396888256075,-5.3105652809143065,-4.941744531525506
10651,do,0.05,0.0,70,2.890525797605515,-6.328817214387836,-6.125628643565708
10652,pp,0.05,0.0,70,3.178436071872711,-4.741821367090399,-4.404902935028076
10653,do,0.05,0.0,22,0.35404589176177925,-5.87717484849872,-5.599546705351935
10654,pp,0.05,0.0,70,2.0912887156009674,-4.918951983885331,-4.800097542338901
10655,do,0.05,0.0,14,1.998376591205596,-5.700864179206617,-6.166519904136658
10656,pp,0.05,0.0,6,0.2110276746749875,-4.889012674851851,-3.9489373048146565
10657,do,0.05,0.0,21,1.2547908890247346,-5.475647182175607,-5.2496220429738365
10658,pp,0.05,0.0,70,2.1265479338169095,-6.748188861211141,-7.347601781951057
10659,do,0.05,0.0,33,0.7864801657199862,-8.26149393717448,-7.390601857503255
10660,pp,0.05,0.0,65,0.5132833588123322,-6.350565514420018,-5.20098221566942
10661,do,0.05,0.0,10,0.6670695698261264,-5.935034348747947,-5.455549094412062
10662,pp,0.05,0.0,7,0.18285729289054853,-4.889151831829187,-4.24839744038052
10663,do,0.05,0.0,48,2.5278415548801423,-6.797704156239828,-6.508059480455187
10664,pp,0.05,0.0,42,1.5704978168010717,-5.731306765296242,-5.3630551179250086
10665,do,0.05,0.0,8,1.2342705428600311,-4.4635409427411625,-4.402997917599148
10666,pp,0.05,0.0,63,2.7999911439418783,-5.109123956795894,-5.13194318347507
10667,do,0.05,0.0,26,1.228737281560898,-5.5176879131432734,-5.048948160807291
10668,pp,0.05,0.0,70,2.872934052944183,-4.411195461677782,-4.2251973059442305
10669,do,0.05,0.0,37,3.015767079591752,-6.575437438849247,-6.508996748924256
10670,pp,0.05,0.0,14,0.7243443512916565,-5.313469369483717,-4.32279371685452
10671,do,0.05,0.0,33,2.9097786033153525,-5.116075602444735,-4.97474537425571
10672,pp,0.05,0.0,65,3.2549535357952113,-5.065538802291408,-4.679437555207146
10673,do,0.05,0.0,24,2.4594379603862766,-6.119310649236043,-6.020059906111824
10674,pp,0.05,0.0,60,1.9285887801647181,-5.6939101378122965,-5.322666250334846
10675,do,0.05,0.0,8,-0.3066907489299773,-6.158043346983014,-5.611516343222724
10676,pp,0.05,0.0,25,2.350286655426025,-4.997256699475375,-4.4643679247962105
10677,do,0.05,0.0,33,2.7323834776878355,-4.706947153264826,-4.4572825882169935
10678,pp,0.05,0.0,46,3.971604645252227,-4.528425706516613,-4.2740753756629095
10679,do,0.05,0.0,20,1.8933472204208375,-5.434521377447879,-6.587905377811856
10680,pp,0.05,0.0,46,3.3202973067760473,-6.225734193397291,-5.55427770614624
10681,do,0.05,0.0,38,2.7291808891296387,-5.422640083775375,-5.482833419905768
10682,pp,0.05,0.0,28,1.4157382130622853,-9.12138003580498,-8.0544796122445
10683,do,0.05,0.0,15,0.8812386786937711,-6.147980256514116,-6.786109749476115
10684,pp,0.05,0.0,37,2.084068694114686,-4.775648741288618,-4.3535059160656395
10685,do,0.05,0.0,4,0.2730475580692291,-5.369059186993224,-5.056172495418124
10686,pp,0.05,0.0,15,1.0142962408065799,-5.688543407844775,-4.88195481300354
10687,do,0.05,0.0,9,0.6067782676219942,-5.4019704746477535,-4.6713226530287
10688,pp,0.05,0.0,42,1.7091912031173697,-6.925137717796095,-6.284003604782952
10689,do,0.05,0.0,47,2.852578423023224,-5.1564842455314865,-4.438512727949354
10690,pp,0.05,0.0,57,2.0858695268630987,-6.165591536146222,-5.438921369446648
10691,do,0.05,0.0,12,1.0627709436416621,-4.116751745975379,-3.821657583448622
10692,pp,0.05,0.0,70,2.004573062658311,-5.049479949835575,-4.741816327306959
10693,do,0.05,0.0,55,1.9341784429550177,-6.66610876863653,-5.883969680468241
10694,pp,0.05,0.0,63,2.0188292539119717,-5.697885286446773,-5.1076208220587835
10695,do,0.05,0.0,5,0.39716257691383294,-4.222968394828565,-3.744921180937025
10696,pp,0.05,0.0,70,3.1109724533557896,-5.0457184372526225,-4.662527314821879
10697,do,0.05,0.0,37,4.385974886417388,-4.671178953575366,-5.304769346449111
10698,pp,0.05,0.0,70,2.68397472858429,-5.415532703110666,-5.240886523988512
10699,do,0.05,0.0,54,2.8307736635208123,-5.332280307827574,-5.36882336139679
10700,pp,0.05,0.0,24,2.5846193671226505,-5.352899661208644,-4.733865912755331
10701,do,0.05,0.0,23,2.597109693288804,-5.226448077866525,-4.517256371180216
10702,pp,0.05,0.0,37,1.9662958252429963,-4.54190554040851,-4.465196381674873
10703,do,0.05,0.0,19,2.200321304798126,-4.962182531934796,-5.370673698849148
10704,pp,0.05,0.0,57,2.0719871401786794,-6.4461272369731555,-5.98203002611796
10705,do,0.05,0.0,43,1.6505982029438018,-6.9942498626131,-6.436424101723565
10706,pp,0.05,0.0,22,1.0555661094188693,-6.001036295746312,-5.544748081101312
10707,do,0.05,0.0,30,1.666025016307831,-5.138484284372041,-4.422490708033243
10708,pp,0.05,0.0,34,1.5560407364368434,-6.530685329437256,-5.762546218766106
10709,do,0.05,0.0,70,3.4317033076286325,-7.141565949989087,-7.274163632922702
10710,pp,0.05,0.0,70,3.2637974035739905,-5.121770812525893,-4.742919103304545
10711,do,0.05,0.0,46,2.157197415828704,-6.768264136169896,-6.604333946439955
10712,pp,0.05,0.0,12,1.4773024010658267,-5.085668375997832,-4.181193815337287
10713,do,0.05,0.0,28,3.178397272825241,-4.701508048086455,-4.891046277681986
10714,pp,0.05,0.0,70,2.847700564861297,-5.420917604908799,-5.280264931254917
10715,do,0.05,0.0,70,1.9616904115676874,-5.995973097194325,-6.873669401804606
10716,pp,0.05,0.0,47,2.382920708656311,-6.438947079398416,-5.794742112689548
10717,do,0.05,0.0,16,-0.2548703873157505,-7.2629277474952465,-8.039790047539604
10718,pp,0.05,0.0,27,1.633321907520295,-5.492669257250699,-5.070436840587192
10719,do,0.05,0.0,59,2.215149874687195,-6.034802601554177,-6.2164760404162935
10720,pp,0.05,0.0,39,2.7303822004795073,-6.321848089044744,-5.720693156454298
10721,do,0.05,0.0,18,0.12934980273246754,-6.406431806448734,-6.205707979202271
10722,pp,0.05,0.0,59,3.19559560418129,-6.204761042739406,-6.570033608542548
10723,do,0.05,0.0,70,5.203830828666688,-6.597334510629827,-6.12325643963284
10724,pp,0.05,0.0,49,1.2139305400848404,-9.63049599907615,-9.384311188591852
10725,do,0.05,0.0,21,1.848485296964645,-5.197160657246908,-5.23289967113071
10726,pp,0.05,0.0,65,4.2717255938053125,-5.7964514978004225,-5.585320054160224
10727,do,0.05,0.0,27,2.7607046759128577,-4.562769349416097,-5.005384360419379
10728,pp,0.05,0.0,70,1.5545320868492123,-6.260252313902884,-5.517368899451362
10729,do,0.05,0.0,20,2.4778341603279115,-4.918805094921228,-4.915914389822218
10730,pp,0.05,0.0,45,3.723110655546189,-5.575635785767527,-5.39244086212582
10731,do,0.05,0.0,70,1.6724064755439754,-7.086536864078406,-6.584105639987522
10732,pp,0.05,0.0,70,1.8217942392826076,-5.76868843309807,-5.22235173649258
10733,do,0.05,0.0,32,2.4646609532833095,-6.0759168567079485,-5.583176218138801
10734,pp,0.05,0.0,70,1.254235426187515,-5.431927286494862,-5.319550649325053
10735,do,0.05,0.0,5,0.2918384373188019,-5.288189612012921,-4.658105598555671
10736,pp,0.05,0.0,17,2.5534945929050448,-5.2475479978503605,-4.274396181106567
10737,do,0.05,0.0,48,3.2487928509712223,-5.48374969887011,-5.3709571493996515
10738,pp,0.05,0.0,5,0.13861187338828973,-4.926532439029578,-3.935438296529982
10739,do,0.05,0.0,27,1.0446146667003626,-5.284776080738414,-4.966699698236254
10740,pp,0.05,0.0,48,1.065298222303391,-6.442114358959776,-5.738513594203525
10741,do,0.05,0.0,36,2.2182811045646664,-6.7357531200755725,-5.22531148062812
10742,pp,0.05,0.0,26,3.003122211694717,-4.82302192774686,-4.459355547693041
10743,do,0.05,0.0,37,2.373688125610351,-5.078851786526767,-4.466557632552253
10744,pp,0.05,0.0,70,1.8556289541721345,-5.45301990220041,-5.126370459132724
10745,do,0.05,0.0,59,3.294555503129959,-5.7076261939424455,-4.7889034986495975
10746,pp,0.05,0.0,37,3.587882232666015,-5.134717241923014,-4.54646704726749
10747,do,0.05,0.0,68,2.9709155404567715,-5.90981817967964,-6.130476024415758
10748,pp,0.05,0.0,70,2.3431160068511954,-8.033854744651101,-7.276750771204631
10749,do,0.05,0.0,69,3.969712458848953,-5.4723442395528155,-4.755415251519945
10750,pp,0.05,0.0,25,2.9753649187088014,-6.461723691766912,-7.45709670384725
10751,do,0.05,0.0,57,3.015900448560715,-5.1338485862269545,-4.578261409865485
10752,pp,0.05,0.0,54,3.1813549983501446,-4.991500718665845,-4.383524401982625
10753,do,0.05,0.0,26,2.041988686323166,-6.302297925949096,-5.974018488989936
10754,pp,0.05,0.0,34,2.3865436351299287,-4.433168112147938,-4.2940069754918415
10755,do,0.05,0.0,30,2.7398394894599916,-5.840978304545085,-6.041095116403368
10756,pp,0.05,0.0,38,2.3536245918273915,-4.870350443233143,-4.716663397683037
10757,do,0.05,0.0,5,1.6032394766807556,-4.595518289912831,-4.212512707710266
10758,pp,0.05,0.0,16,0.9684930956363678,-4.710514671152288,-4.095356978310479
10759,do,0.05,0.0,38,3.9944405567646033,-4.961126271161166,-4.0653263237741255
10760,pp,0.05,0.0,7,-0.08048376679420421,-4.568274287021521,-3.856351395448049
10761,do,0.05,0.0,6,0.6124158430099484,-5.214520753513683,-4.858201951450772
10762,pp,0.05,0.0,66,1.5468992555141465,-8.114445846731012,-8.057060172822741
10763,do,0.05,0.0,17,0.6621639311313636,-5.26054884448196,-4.993973464436001
10764,pp,0.05,0.0,54,2.354568412303924,-6.360809980739247,-5.653617538346184
10765,do,0.05,0.0,37,1.5184033811092377,-6.519950543027935,-6.663897726270887
10766,pp,0.05,0.0,67,2.0825341296195985,-6.347703237244577,-6.633826382954916
10767,do,0.05,0.0,22,2.813768889904022,-5.453540091081099,-5.311479979091221
10768,pp,0.05,0.0,33,2.8623330116271983,-7.293071706367262,-6.596983446015252
10769,do,0.05,0.0,70,3.1445283770561225,-5.497876927346894,-5.12634814315372
10770,pp,0.05,0.0,36,2.822918008565903,-4.333556235920299,-3.9456402513715956
10771,do,0.05,0.0,22,0.9794900751113893,-6.233950035499804,-6.383854614363776
10772,pp,0.05,0.0,21,1.8897573411464688,-4.966381002194954,-4.174465441703797
10773,do,0.05,0.0,39,2.2960230731964106,-6.348044188817342,-5.256248468822903
10774,pp,0.05,0.0,54,3.96072250366211,-6.2686119108489065,-5.639470995797051
10775,do,0.05,0.0,58,2.9867085790634142,-7.933228367025202,-7.216127869817946
10776,pp,0.05,0.0,40,3.7049126064777376,-5.344341398007942,-4.8821114963955345
10777,do,0.05,0.0,33,4.29423938512802,-5.539819679838239,-4.896621828609042
10778,pp,0.05,0.0,18,1.8585517668724059,-4.8533261992714625,-4.079711699485779
10779,do,0.05,0.0,28,1.331142709255218,-5.544871519551132,-5.168917391035292
10780,pp,0.05,0.0,21,0.6161338341236116,-6.255599599896056,-5.936120973693
10781,do,0.05,0.0,24,2.686255649328232,-4.72817124597954,-4.130642970403035
10782,pp,0.05,0.0,44,3.235121475458146,-5.012438457662409,-4.490905147128635
10783,do,0.05,0.0,18,1.3147143340110778,-5.388707415262858,-4.8959508445527815
10784,pp,0.05,0.0,6,0.4647651684284213,-4.946093200914787,-4.248496264881558
10785,do,0.05,0.0,51,2.4973314476013186,-4.8991258317774,-4.847808853785197
10786,pp,0.05,0.0,31,2.3060130739212035,-4.621443650216767,-4.0419888655344645
10787,do,0.05,0.0,51,2.161040192842483,-7.2285122625755545,-6.6617382950252955
10788,pp,0.05,0.0,30,2.895486258268357,-4.958918713078354,-4.668898130787744
10789,do,0.05,0.0,41,2.8829509925842283,-6.142505350979891,-5.401747396257188
10790,pp,0.05,0.0,57,1.604933165311814,-7.177147041667592,-6.040994909074572
10791,do,0.05,0.0,13,1.1123356938362114,-4.447767130533854,-4.129709855715434
10792,pp,0.05,0.0,25,2.278186631202699,-5.160378386757591,-4.186652600765228
10793,do,0.05,0.0,17,0.8985606563091277,-5.45583388299653,-5.403652442826165
10794,pp,0.05,0.0,12,1.27549907207489,-5.015939544908928,-4.3089736911985606
10795,do,0.05,0.0,54,2.36175169467926,-6.164288671088941,-5.781113023228116
10796,pp,0.05,0.0,70,2.074986597299575,-5.669086953365442,-5.187034824159411
10797,do,0.05,0.0,31,0.30808834314346356,-5.849091388240005,-5.44232145415412
10798,pp,0.05,0.0,53,3.3652630591392523,-4.84991389765884,-4.416038540999095
10799,do,0.05,0.0,21,2.147828357219696,-5.217274852232499,-4.917680541674296
10800,pp,0.05,0.0,70,1.5872251522541045,-5.035589076533462,-4.267804935243395
10801,do,0.05,0.0,22,0.4410676217079157,-6.832831486788663,-5.805516280068291
10802,pp,0.05,0.0,9,1.0942127406597137,-4.730083198258371,-4.411672496795655
10803,do,0.05,0.0,15,0.6779758620262148,-4.787626247694998,-4.41561943160163
10804,pp,0.05,0.0,70,1.6658211767673485,-7.639965136845906,-5.81787121825748
10805,do,0.05,0.0,32,2.440505291223527,-5.527521383401119,-5.359979062610202
10806,pp,0.05,0.0,8,1.4793133258819582,-4.785673200722897,-3.892476471265157
10807,do,0.05,0.0,31,2.376089055538177,-4.6890672120181,-4.5969264772203235
10808,pp,0.05,0.0,10,1.2744966626167296,-4.929496581626661,-3.7684806797239516
10809,do,0.05,0.0,16,1.1971624195575714,-5.007680056311868,-5.000912708706326
10810,pp,0.05,0.0,11,0.9603123331069945,-4.705824156963464,-3.9705978817409937
10811,do,0.05,0.0,40,0.5747560715675357,-6.455173175985163,-6.189180093341403
10812,pp,0.05,0.0,60,1.9960465049743643,-6.021370574199792,-5.192271872361501
10813,do,0.05,0.0,70,0.9101823329925542,-5.599719150138624,-5.189296571413676
10814,pp,0.05,0.0,12,0.9156335949897763,-5.3199080683968285,-4.725387557347616
10815,do,0.05,0.0,17,2.4690806162357335,-4.982544300772927,-4.105765812926823
10816,pp,0.05,0.0,63,2.2005355894565577,-5.003201734658443,-4.690579190519121
10817,do,0.05,0.0,12,0.46329924345016504,-5.019001219489358,-4.437374289830526
10818,pp,0.05,0.0,32,1.7935162639617923,-5.201602359251543,-4.379458443323771
10819,do,0.05,0.0,55,0.4903526258468638,-10.921040604331276,-10.10143886672126
10820,pp,0.05,0.0,12,1.4142757189273834,-4.654868357109301,-3.8687976784176294
10821,do,0.05,0.0,9,1.4518340146541595,-4.488589561346806,-4.21479643450843
10822,pp,0.05,0.0,70,2.7500863802433013,-4.1181668584997,-3.64119135538737
10823,do,0.05,0.0,31,1.9047547650337222,-5.700246813803008,-6.0285605669021605
10824,pp,0.05,0.0,52,1.0508739703893664,-5.102196385643699,-4.302938401699066
10825,do,0.05,0.0,3,-0.31209097623825066,-5.236854583566839,-4.67478670279185
10826,pp,0.05,0.0,70,1.7784679639339451,-5.641005240064679,-4.78738852209515
10827,do,0.05,0.0,3,-0.4976772713661193,-5.373762749180649,-5.01850504345364
10828,pp,0.05,0.0,30,2.2078967249393466,-5.533786633520416,-4.80667283932368
10829,do,0.05,0.0,33,-0.07233275175094711,-9.469644919308749,-9.2227469391293
10830,pp,0.05,0.0,12,1.4615957725048059,-5.201659117322979,-3.93113161722819
10831,do,0.05,0.0,39,2.029556390047074,-6.520982951828928,-5.9902592606014675
10832,pp,0.05,0.0,70,2.228199216127395,-7.612716973911632,-6.527850288814968
10833,do,0.05,0.0,13,2.013024097681045,-4.741181734836463,-3.9544273124800786
10834,pp,0.05,0.0,70,1.124264554977417,-6.144422009496978,-4.731544637680054
10835,do,0.05,0.0,63,0.7952183413505551,-6.704442242420081,-7.108987498283386
10836,pp,0.05,0.0,32,2.2412450063228606,-4.869020357998934,-4.500476257006327
10837,do,0.05,0.0,38,1.6277131366729733,-6.536708584698764,-5.697484585973951
10838,pp,0.05,0.0,42,2.057841522693634,-4.627382402709036,-4.400991837183635
10839,do,0.05,0.0,60,1.4705886077880868,-6.5003204779191455,-6.1229798793792725
10840,pp,0.05,0.0,3,-0.34292461276054365,-4.47014869632143,-3.8676145447625054
10841,do,0.05,0.0,70,1.4936801815032963,-6.0760247765165385,-5.587967533535427
10842,pp,0.05,0.0,25,1.579354567527771,-4.561865297953288,-4.295495372348362
10843,do,0.05,0.0,47,0.7969299650192259,-8.553583043994326,-7.525213119718764
10844,pp,0.05,0.0,49,1.8335040438175207,-5.254418115904837,-4.628943117459615
10845,do,0.05,0.0,27,1.3872131812572484,-6.005729611714681,-5.417298523585002
10846,pp,0.05,0.0,32,1.768318973779678,-5.613809553782145,-4.913465452194214
10847,do,0.05,0.0,70,2.100182750225067,-6.522339310790553,-5.62956008778678
10848,pp,0.05,0.0,7,0.8748316168785095,-4.1660690842252786,-3.5368584831555685
10849,do,0.05,0.0,25,2.7294654130935676,-4.956203895626646,-5.298256887329949
10850,pp,0.05,0.0,47,3.2118628764152524,-5.438058067090584,-5.0009909470876055
10851,do,0.05,0.0,60,1.8455625844001773,-6.936937469424623,-7.269814787970649
10852,pp,0.05,0.0,70,2.544563924074173,-5.266865269343058,-4.753304002020094
10853,do,0.05,0.0,44,2.8062066686153404,-6.547527931675766,-5.883038714196947
10854,pp,0.05,0.0,41,1.933289284706115,-6.925949573516846,-6.455890250205994
10855,do,0.05,0.0,10,1.6132663249969479,-5.045889081376972,-4.918339196840922
10856,pp,0.05,0.0,14,1.8275444328784944,-4.63851382226655,-3.9445977926254274
10857,do,0.05,0.0,18,1.405199151039123,-5.772491761409875,-5.205435395240784
10858,pp,0.05,0.0,70,2.0797650134563437,-5.932960851264722,-5.040172791481018
10859,do,0.05,0.0,69,0.05588723063468848,-7.5552984020926734,-7.0986812273661295
10860,pp,0.05,0.0,57,1.0417071950435641,-5.252871669422497,-4.702466241518656
10861,do,0.05,0.0,25,1.5383183586597449,-6.470186710357666,-6.537089085578918
10862,pp,0.05,0.0,49,2.2904569387435902,-5.601022484808257,-5.134881321589152
10863,do,0.05,0.0,17,1.3185395526885983,-5.9033303491997,-5.404684734344483
10864,pp,0.05,0.0,31,2.745368124246598,-6.456723262324478,-5.674279469913906
10865,do,0.05,0.0,36,2.5551081585884097,-6.060064481966423,-5.611537986331516
10866,pp,0.05,0.0,70,2.937242170572281,-7.7598796728885535,-8.242869183752273
10867,do,0.05,0.0,23,0.0072461616992951505,-6.592904322075121,-6.914172750049167
10868,pp,0.05,0.0,59,2.7014990317821503,-4.818827824159102,-4.565272418657939
10869,do,0.05,0.0,43,4.5259400761127475,-7.0164272452845715,-7.244166225857205
10870,pp,0.05,0.0,70,3.3089930462837227,-4.688405424175841,-4.305008448494805
10871,do,0.05,0.0,45,1.9800553381443011,-7.1692377379446315,-6.8093058930503
10872,pp,0.05,0.0,70,2.958095216751099,-4.163365448604931,-3.987716015179952
10873,do,0.05,0.0,70,0.5795384526252754,-8.400914523095796,-7.992600009176466
10874,pp,0.05,0.0,52,1.375666168928146,-5.069169703396883,-4.572309161557092
10875,do,0.05,0.0,13,1.8921362531185144,-4.794376184001114,-4.918307571940952
10876,pp,0.05,0.0,34,4.053124200105667,-4.7880043448823875,-4.375242869059245
10877,do,0.05,0.0,43,1.3705622971057903,-6.413456899469549,-5.786029926935831
10878,pp,0.05,0.0,38,4.414320425987243,-4.577174032095707,-4.4267971025572885
10879,do,0.05,0.0,49,2.5339390885829927,-7.575109312751076,-8.065849161148071
10880,pp,0.05,0.0,65,2.875338474512101,-5.976537785385594,-5.705650819672479
10881,do,0.05,0.0,5,-1.0734177947044374,-6.351641241709391,-6.035161664750841
10882,pp,0.05,0.0,70,1.6101995038986203,-6.2000383825013134,-5.635868292384678
10883,do,0.05,0.0,55,1.3977817749977124,-9.19211967497161,-8.394474458694457
10884,pp,0.05,0.0,65,2.2457337450981143,-4.8363209912271214,-4.9592543840408325
10885,do,0.05,0.0,36,1.7564306139945982,-7.238103537126021,-6.632963580555386
10886,pp,0.05,0.0,70,1.9472425889968878,-6.593031279246012,-6.047057999504937
10887,do,0.05,0.0,57,2.1391915893554696,-9.712540158358488,-9.061383777194553
10888,pp,0.05,0.0,70,3.9185389125347134,-5.145598524267023,-4.9654830614725745
10889,do,0.05,0.0,5,0.6392287886142736,-5.7420661507230815,-4.952153656217787
10890,pp,0.05,0.0,40,0.8131037151813505,-7.574220473838575,-6.650386158625285
10891,do,0.05,0.0,12,1.047906818389893,-5.38255470160282,-4.598078552881876
10892,pp,0.05,0.0,70,3.5779705846309655,-5.0919262423659815,-4.858749908871121
10893,do,0.05,0.0,49,1.4704271793365482,-8.994394871682832,-8.510796573426989
10894,pp,0.05,0.0,52,2.3484313261508944,-4.4165861563249065,-4.034249903096093
10895,do,0.05,0.0,13,1.0648831474781044,-5.050324960188433,-4.695770051744249
10896,pp,0.05,0.0,23,1.4488421690464017,-4.9488971002174145,-4.696167076958551
10897,do,0.05,0.0,70,1.9917891013622278,-7.37261309334726,-6.626482073465983
10898,pp,0.05,0.0,68,2.9535330903530133,-5.045980641336152,-4.802541739410824
10899,do,0.05,0.0,10,0.5286010253429412,-5.484265473394683,-4.90017073419359
10900,pp,0.05,0.0,16,2.0769975817203523,-4.208302103389393,-3.8523716621928745
10901,do,0.05,0.0,19,1.6496201300621038,-7.399820267070424,-7.540977573394775
10902,pp,0.05,0.0,68,4.05553062558174,-5.079409022764726,-5.05686985651652
10903,do,0.05,0.0,69,1.1987531065940846,-8.469681538957538,-8.068742855389912
10904,pp,0.05,0.0,54,3.785521742105484,-5.1985393813162135,-4.650872055689494
10905,do,0.05,0.0,23,1.933008378744125,-5.155045903812756,-5.307060517205132
10906,pp,0.05,0.0,53,2.5463545441627504,-5.4399924841794105,-4.633100740114847
10907,do,0.05,0.0,13,1.3079607629776007,-5.360030045653835,-4.902245412932502
10908,pp,0.05,0.0,39,1.6676166915893553,-4.987712503202034,-4.701332513491312
10909,do,0.05,0.0,42,2.068345732688903,-6.738130820881237,-7.111716969807943
10910,pp,0.05,0.0,70,2.6288527095317846,-4.867728213107947,-4.373671513133579
10911,do,0.05,0.0,21,1.3090777885913853,-5.454204029025454,-5.019003478686015
10912,pp,0.05,0.0,70,3.07259401679039,-4.764326520399614,-4.661205077171326
10913,do,0.05,0.0,24,2.1409316313266755,-5.3041678096308855,-4.907694048351711
10914,pp,0.05,0.0,70,3.2062927460670467,-4.95440639293555,-4.840549482239617
10915,do,0.05,0.0,48,0.6247096049785617,-6.1992657386895385,-5.80050884882609
10916,pp,0.05,0.0,9,1.2058581805229185,-5.519953708937674,-4.320364142788781
10917,do,0.05,0.0,9,0.7448037731647492,-5.211367825305823,-5.30041372511122
10918,pp,0.05,0.0,70,2.2986257576942437,-5.159706708156701,-5.084255778789521
10919,do,0.05,0.0,68,1.4745127880573268,-6.312921915632305,-6.0347262647416855
10920,pp,0.05,0.0,16,2.7021203684806814,-5.107281595287901,-5.207770265473259
10921,do,0.05,0.0,9,0.8241600704193113,-5.647573427720503,-5.114339171515571
10922,pp,0.05,0.0,70,2.838732510805129,-6.1467410058686225,-6.061329611142477
10923,do,0.05,0.0,45,2.3596980667114256,-5.357393263325546,-4.8452324867248535
10924,pp,0.05,0.0,32,2.395582273006439,-4.68536954648567,-4.315214837921991
10925,do,0.05,0.0,17,0.7039893817901612,-6.3817812413880315,-6.0708214812808565
10926,pp,0.05,0.0,70,1.0192692685127254,-7.103904412009499,-8.183430404133267
10927,do,0.05,0.0,25,2.893402744531632,-5.666417663747614,-5.486401369836595
10928,pp,0.05,0.0,15,1.9318712699413298,-4.144770551450325,-4.0633880032433405
10929,do,0.05,0.0,34,4.418506903648376,-5.970941938053478,-6.304109417067634
10930,pp,0.05,0.0,55,3.234044717550278,-6.07041155497233,-6.258128507932027
10931,do,0.05,0.0,70,2.9741936171054837,-6.122873057741107,-6.019245727856954
10932,pp,0.05,0.0,70,2.4009386742115026,-5.652316885283499,-5.396807056003147
10933,do,0.05,0.0,45,2.4230723893642425,-6.795896005630493,-6.381907033920288
10934,pp,0.05,0.0,70,3.310426602363586,-6.132697197885224,-5.422923522525363
10935,do,0.05,0.0,39,1.6596357095241547,-5.5170258709878635,-5.616126823425293
10936,pp,0.05,0.0,24,2.590091446638107,-4.080468401764378,-4.132517740461561
10937,do,0.05,0.0,35,0.09759587883949283,-7.726930301839655,-7.219289138582018
10938,pp,0.05,0.0,44,1.9245326936244957,-4.522784722212589,-4.260480381382836
10939,do,0.05,0.0,20,1.213621158599853,-6.4340750289685795,-5.483474636077881
10940,pp,0.05,0.0,34,2.2738013124465937,-4.854792327591867,-4.102142114109463
10941,do,0.05,0.0,32,0.9007850801944732,-5.951252089124737,-6.164012148645189
10942,pp,0.05,0.0,16,1.2150467395782467,-4.737145974419334,-4.333475992414686
10943,do,0.05,0.0,12,1.498057019710541,-5.164293637420192,-4.884097989400228
10944,pp,0.05,0.0,39,3.8593679070472717,-4.814551538409609,-4.723118376731873
10945,do,0.05,0.0,6,0.493407133817672,-5.0494712685093734,-4.630322400728861
10946,pp,0.05,0.0,60,2.177975728511811,-5.232377856427973,-5.168338102764554
10947,do,0.05,0.0,32,3.4591277778148655,-5.233611056298921,-5.169477189911737
10948,pp,0.05,0.0,70,2.9467619061470023,-4.756134654536392,-4.54549433655209
10949,do,0.05,0.0,29,1.3825151813030248,-5.639036317305131,-5.451449802186754
10950,pp,0.05,0.0,62,2.2224216353893276,-5.8101994976852875,-5.444080538219875
10951,do,0.05,0.0,7,0.8471190273761753,-4.61860462102023,-4.2664237446255155
10952,pp,0.05,0.0,70,2.19521350979805,-4.37218717806267,-4.520836387740241
10953,do,0.05,0.0,43,1.7439168071746831,-6.192315231670033,-5.71802622212304
10954,pp,0.05,0.0,62,2.183631082773209,-6.008068276896621,-5.65981941488054
10955,do,0.05,0.0,33,4.217380660772323,-4.520273620432073,-4.282373564773136
10956,pp,0.05,0.0,38,3.2214965093135834,-5.268878545183124,-4.998393930329216
10957,do,0.05,0.0,48,3.462513115406037,-5.55426037383802,-5.258281917042202
10958,pp,0.05,0.0,67,2.7913237357139593,-7.13951302875172,-6.614354711108738
10959,do,0.05,0.0,16,2.222471008300781,-4.104454907503995,-3.795027999083201
10960,pp,0.05,0.0,44,4.095346856117249,-4.3391213691595825,-4.173342406749725
10961,do,0.05,0.0,51,2.066942162513733,-6.057707338622122,-4.9215083254708185
10962,pp,0.05,0.0,62,4.373533469438553,-4.4571179707845054,-4.104152602619595
10963,do,0.05,0.0,32,3.6093536031246183,-4.751110686677875,-4.708500409126282
10964,pp,0.05,0.0,32,1.5728600764274603,-4.550337788552949,-4.014709932274289
10965,do,0.05,0.0,27,2.751520217657089,-4.954382753372192,-4.509405819574992
10966,pp,0.05,0.0,51,3.2711114311218257,-4.297255729906487,-4.046578333112929
10967,do,0.05,0.0,70,4.349297499656677,-5.389863959225742,-5.455275548828973
10968,pp,0.05,0.0,70,5.039134197235107,-5.50470135862177,-4.8935493469238285
10969,do,0.05,0.0,30,2.65093287229538,-8.034032986380836,-7.6174650960498385
10970,pp,0.05,0.0,42,3.5149063575267796,-6.650791356057832,-6.353536423047384
10971,do,0.05,0.0,20,1.6062308561801908,-5.195789494658961,-4.780073006947835
10972,pp,0.05,0.0,41,2.245457705259323,-4.531108879320549,-4.115330296092563
10973,do,0.05,0.0,52,2.7547658002376547,-5.103863752249516,-5.408525329165989
10974,pp,0.05,0.0,19,2.830949380397797,-4.506725669629646,-4.122397761874729
10975,do,0.05,0.0,40,3.9926162672042853,-5.734306841185599,-4.9615149948332045
10976,pp,0.05,0.0,18,1.4884820175170903,-5.291766473018762,-3.956625707944234
10977,do,0.05,0.0,42,1.4746196675300602,-7.502196528694847,-7.178173192342123
10978,pp,0.05,0.0,70,2.8812635302543637,-5.011138008580064,-5.0232411570019195
10979,do,0.05,0.0,40,2.7971264815330503,-6.230792094721939,-5.972732822100322
10980,pp,0.05,0.0,35,3.2881424319744115,-5.231294970078902,-4.677576051818
10981,do,0.05,0.0,44,2.677719790935517,-7.559363076181123,-7.409251530965169
10982,pp,0.05,0.0,54,1.0123265671730035,-8.381959916606094,-8.291647778617012
10983,do,0.05,0.0,42,1.3844332289695744,-6.837083528981064,-6.823363786273532
10984,pp,0.05,0.0,57,3.4069567799568183,-4.52779961643797,-4.890686013963488
10985,do,0.05,0.0,27,2.326095975637436,-6.749866039102728,-5.9840515269173515
10986,pp,0.05,0.0,65,2.2702188289165504,-5.488142624768344,-4.529881465435028
10987,do,0.05,0.0,57,3.569898970127106,-5.622152143536192,-6.124257040023804
10988,pp,0.05,0.0,70,4.089996423721313,-5.501027247399994,-5.22580378320482
10989,do,0.05,0.0,70,1.4728721928596507,-9.03935530980428,-9.074419821633233
10990,pp,0.05,0.0,43,2.6122149777412416,-5.452105254837961,-5.236897177166409
10991,do,0.05,0.0,54,2.5739982581138605,-6.461878451434049,-6.054335618019104
10992,pp,0.05,0.0,27,3.1787188005447398,-4.6310916828386715,-4.262401768896315
10993,do,0.05,0.0,22,2.233046380281448,-5.621113150047534,-5.41019069618649
10994,pp,0.05,0.0,70,3.0070034337043765,-4.6564282113855535,-4.219686924086677
10995,do,0.05,0.0,6,0.3591199052333831,-5.469577127514463,-4.929193576176961
10996,pp,0.05,0.0,53,1.7496744871139516,-7.300221141179403,-7.392194077703688
10997,do,0.05,0.0,65,3.19427451133728,-5.549312009233417,-4.999708273675707
10998,pp,0.05,0.0,70,4.068568786382675,-4.244128024939335,-3.775698827372657
10999,do,0.05,0.0,20,2.093632245063782,-4.915808400963292,-4.710344857639736
11000,pp,0.05,0.0,33,2.4619487571716308,-5.222030521161629,-4.6888793600930105
11001,do,0.05,0.0,20,2.2131245720386508,-4.493557758042306,-4.072949208153618
11002,pp,0.05,0.0,70,1.8792975115776063,-6.071703280824604,-6.178939451111687
11003,do,0.05,0.0,11,1.5694169938564295,-4.721507095568108,-4.2462381667561
11004,pp,0.05,0.0,70,1.076054501533509,-7.821356344223022,-6.948131757312351
11005,do,0.05,0.0,37,2.9598158752918238,-5.173432195547855,-4.692126178741455
11006,pp,0.05,0.0,70,3.5505617380142214,-4.604890050310077,-4.383029802640279
11007,do,0.05,0.0,15,1.2320135521888727,-4.77160542083509,-4.5625701983769735
11008,pp,0.05,0.0,19,1.948524013757706,-4.970571801156709,-4.9026982333925035
11009,do,0.05,0.0,34,1.5093919515609748,-7.359372605699481,-6.441291144159105
11010,pp,0.05,0.0,23,-0.028532891273497896,-6.025932062033451,-5.139625713560316
11011,do,0.05,0.0,31,0.7069812822341923,-7.699319810578317,-7.5308501323064165
11012,pp,0.05,0.0,48,2.3511142659187314,-7.481627562551788,-6.235498274697198
11013,do,0.05,0.0,70,0.7136273884773257,-6.836227496465047,-6.203101438946194
11014,pp,0.05,0.0,34,0.928878881931305,-6.017111811493383,-5.056107317076789
11015,do,0.05,0.0,35,3.5919454205036168,-5.3057005810015125,-4.382168569829729
11016,pp,0.05,0.0,53,2.2683852243423477,-8.689339751908273,-6.866218105951945
11017,do,0.05,0.0,4,0.4173182094097143,-4.749108252380833,-4.532748352156745
11018,pp,0.05,0.0,38,1.0665727746486668,-5.674446853001912,-4.9147815201017595
11019,do,0.05,0.0,13,0.8361932313442235,-5.422303215662638,-4.746312382486131
11020,pp,0.05,0.0,34,2.369017472267151,-7.071648580377752,-5.943131642871433
11021,do,0.05,0.0,25,1.7711918377876277,-5.10322743473631,-4.662955750359429
11022,pp,0.05,0.0,66,1.2189213407039645,-7.754355452277443,-6.560260759459601
11023,do,0.05,0.0,33,2.0825881421566006,-6.858209575306286,-6.079135762320624
11024,pp,0.05,0.0,23,1.0486964821815494,-6.1369471607786235,-4.99421260356903
11025,do,0.05,0.0,55,1.6604506170749662,-5.304590963594841,-4.792836525705126
11026,pp,0.05,0.0,15,0.3770466148853302,-5.344286814602938,-4.52440898153517
11027,do,0.05,0.0,36,0.5343765807151799,-6.430561252073808,-5.910295150015089
11028,pp,0.05,0.0,70,3.370500959157944,-6.139352697314638,-5.058292023340861
11029,do,0.05,0.0,35,1.5265980184078218,-4.776513585177335,-4.265542181332906
11030,pp,0.05,0.0,25,2.6202575707435605,-4.431967249783603,-3.8351116220156354
11031,do,0.05,0.0,11,1.028355087041855,-4.550473325902765,-3.9685056500964695
11032,pp,0.05,0.0,22,3.208025022745133,-6.89358210997148,-6.985996235741509
11033,do,0.05,0.0,11,-0.16110800266265812,-5.693692085959695,-5.13269919289483
11034,pp,0.05,0.0,39,0.6706785154342656,-7.0743232423608955,-6.022491627269321
11035,do,0.05,0.0,60,0.541292372941971,-6.746765979131063,-5.85800887743632
11036,pp,0.05,0.0,70,1.5043788671493523,-6.58439396944913,-5.8011231925752424
11037,do,0.05,0.0,21,0.9422788012027734,-5.7256315896005345,-4.780082689391242
11038,pp,0.05,0.0,59,1.6322719633579252,-6.291780185699463,-5.656834485795763
11039,do,0.05,0.0,14,0.9340002155303955,-5.496945249673092,-4.773596726523506
11040,pp,0.05,0.0,70,1.4505602765083312,-5.469116245616566,-4.185977492067549
11041,do,0.05,0.0,27,2.1657369196414944,-4.8977263580669055,-4.657859121428595
11042,pp,0.05,0.0,30,1.6073090136051178,-5.6078431823036885,-5.082275827725728
11043,do,0.05,0.0,70,2.0432322549819952,-6.701731889898126,-6.547341460651822
11044,pp,0.05,0.0,70,2.62607561469078,-7.639084272673636,-6.623316889339023
11045,do,0.05,0.0,49,0.8602363073825829,-5.351203995039969,-4.990651212798225
11046,pp,0.05,0.0,9,1.631208757162094,-4.612237885504058,-4.023831685384114
11047,do,0.05,0.0,20,1.2349701082706446,-4.711770608208396,-4.164974350399441
11048,pp,0.05,0.0,70,1.703227131366729,-6.615535893584743,-5.331512188911438
11049,do,0.05,0.0,52,2.063459702730179,-5.538895615664395,-5.478555109765795
11050,pp,0.05,0.0,58,2.0223657345771784,-8.39252037713022,-7.253504527939691
11051,do,0.05,0.0,21,1.026135494709015,-4.794454778324474,-4.533143520355225
11052,pp,0.05,0.0,40,1.0174796283245087,-4.867516283555465,-4.2880176703135175
11053,do,0.05,0.0,25,1.9587263000011443,-4.361506671616525,-4.95711674425337
11054,pp,0.05,0.0,69,1.698854458332062,-5.0999451507221565,-4.984766740269131
11055,do,0.05,0.0,31,2.5020184588432306,-4.561882578242908,-4.399169551001655
11056,pp,0.05,0.0,70,1.3829179203510282,-7.023550115932117,-5.604675565825568
11057,do,0.05,0.0,26,2.706423875093461,-4.321479908625284,-4.091043037838406
11058,pp,0.05,0.0,39,1.9776965606212613,-5.7426457520687215,-5.070042930708992
11059,do,0.05,0.0,57,0.6595907533168797,-5.628087120345144,-4.887279147571988
11060,pp,0.05,0.0,70,1.7190813553333282,-6.505193640969017,-4.945514721340603
11061,do,0.05,0.0,34,2.064126704931259,-5.126997980926976,-4.628887663947212
11062,pp,0.05,0.0,68,2.0373943352699273,-6.93571258169232,-6.10856503645579
11063,do,0.05,0.0,34,1.4506481981277473,-4.366512523997914,-3.9797347691324023
11064,pp,0.05,0.0,13,1.278659809827805,-5.108168591875018,-3.8986797120836045
11065,do,0.05,0.0,70,1.0434317576885217,-6.572147369384766,-6.561157743136088
11066,pp,0.05,0.0,47,2.9311430013179773,-5.396816325910164,-5.063238003518847
11067,do,0.05,0.0,39,2.1202961146831516,-6.3749271941907475,-6.114275190565321
11068,pp,0.05,0.0,20,1.0654619610309597,-7.039525240117853,-6.108384111192492
11069,do,0.05,0.0,10,1.2268462657928465,-4.9693353450659545,-4.550806946224636
11070,pp,0.05,0.0,7,0.4486316943168642,-5.010718754566077,-4.600770441691081
11071,do,0.05,0.0,29,3.062250458002091,-4.817565557450959,-5.1407703532112965
11072,pp,0.05,0.0,17,0.4791939413547519,-5.700226065606782,-4.479837282498678
11073,do,0.05,0.0,70,2.349870055913925,-5.943302537455703,-5.139810058805677
11074,pp,0.05,0.0,29,1.8452498781681062,-5.127635668263291,-4.324799189302657
11075,do,0.05,0.0,35,0.35921575546264695,-6.418126672686952,-6.281966331270006
11076,pp,0.05,0.0,13,0.4320663964748377,-6.265683640855731,-5.8009699503580725
11077,do,0.05,0.0,26,1.9059447908401488,-5.173215546752467,-5.068721498383416
11078,pp,0.05,0.0,12,1.2138296616077424,-5.406757931275801,-4.560063229666816
11079,do,0.05,0.0,14,1.0799857795238497,-5.197958879759818,-5.291190589798822
11080,pp,0.05,0.0,29,0.9492933130264287,-8.5301626552235,-6.894717412524753
11081,do,0.05,0.0,45,1.6299293243885042,-8.013269664302017,-7.3115716881222195
11082,pp,0.05,0.0,24,1.3996927571296691,-7.6806452288772125,-6.676583096716139
11083,do,0.05,0.0,34,2.1581570327281945,-5.143907689325737,-5.025683951377869
11084,pp,0.05,0.0,59,1.1667350578308113,-11.282169928695216,-9.347084837489659
11085,do,0.05,0.0,21,1.2777606487274173,-4.913795060822458,-4.762199128998651
11086,pp,0.05,0.0,10,0.7165830957889554,-4.8666648200064,-4.363730409410265
11087,do,0.05,0.0,15,0.7699785065650939,-5.5392186208204786,-5.464249947335985
11088,pp,0.05,0.0,62,0.7654917848110196,-7.302529479518081,-6.445670398076375
11089,do,0.05,0.0,65,2.2724301302433014,-4.982974978649255,-4.63514019648234
11090,pp,0.05,0.0,33,2.9090551638603213,-5.1289842244350545,-3.9580549544758266
11091,do,0.05,0.0,8,1.6160368251800543,-5.141901325457024,-4.80897540251414
11092,pp,0.05,0.0,64,2.2759173095226295,-9.314754289569276,-8.454014094670613
11093,do,0.05,0.0,43,2.5888707864284513,-4.822771972598452,-5.014445781707764
11094,pp,0.05,0.0,35,1.9084415626525884,-6.157721542589592,-5.056883507304722
11095,do,0.05,0.0,10,1.7164336860179903,-4.142854355320786,-3.917290343178643
11096,pp,0.05,0.0,22,1.7671644735336312,-5.735583552447232,-5.024322899182637
11097,do,0.05,0.0,63,2.4513122415542608,-5.574927051139601,-5.700740872489082
11098,pp,0.05,0.0,53,2.1442209994792947,-6.40976884726322,-5.464022217856513
11099,do,0.05,0.0,70,2.073379790782928,-4.883847187504624,-4.834599215454525
11100,pp,0.05,0.0,21,1.3837581992149355,-4.7676588867649885,-4.0059985611173845
11101,do,0.05,0.0,16,1.3236255645751953,-4.293874169840957,-4.436299453841316
11102,pp,0.05,0.0,70,1.1209413492679596,-5.513940569848725,-5.268827247619629
11103,do,0.05,0.0,15,1.887479522228241,-4.7071830489418724,-4.559930756356981
11104,pp,0.05,0.0,28,2.26390297293663,-5.716587299289126,-5.778281431727939
11105,do,0.05,0.0,70,2.5521197712421406,-7.434650379238707,-6.364950291315714
11106,pp,0.05,0.0,53,2.5249016487598412,-4.756916641466545,-4.3930489646063915
11107,do,0.05,0.0,70,2.4153329014778135,-5.368278831424135,-4.803776486714681
11108,pp,0.05,0.0,43,2.29128592133522,-5.20177266814492,-4.762211749288771
11109,do,0.05,0.0,50,2.5853439056873313,-7.009876538767959,-6.534131251441108
11110,pp,0.05,0.0,16,1.8289472794532777,-5.145076208403617,-4.3374044722980925
11111,do,0.05,0.0,28,1.70985026717186,-5.880913149226796,-5.35131884680854
11112,pp,0.05,0.0,43,1.948903321027756,-6.691872066440005,-5.70704952345954
11113,do,0.05,0.0,26,0.816384320259095,-5.249563393448338,-4.835847618844774
11114,pp,0.05,0.0,29,2.0244814538955698,-8.121002594629923,-6.68621825642056
11115,do,0.05,0.0,64,1.6653000378608702,-6.08046620686849,-5.502685634295146
11116,pp,0.05,0.0,36,1.2822336280345912,-5.69618818543174,-5.2980744944678415
11117,do,0.05,0.0,41,2.9443114399909973,-6.52405586531668,-6.337395244174534
11118,pp,0.05,0.0,41,2.210083119869233,-5.792432880401611,-4.892690685060289
11119,do,0.05,0.0,42,0.897383891344071,-7.027028619881833,-5.904625068770515
11120,pp,0.05,0.0,21,1.1324587011337277,-6.350213794997244,-6.20406510565016
11121,do,0.05,0.0,43,0.7466162681579593,-6.260076158696955,-5.634374687406752
11122,pp,0.05,0.0,33,0.3414374625682832,-6.999836245450107,-6.520534186893039
11123,do,0.05,0.0,3,0.6502293980121614,-4.03687709606055,-3.5460950175921124
11124,pp,0.05,0.0,70,1.3720985662937153,-7.921939872972893,-6.4023884349399145
11125,do,0.05,0.0,60,0.6290921628475186,-7.388712456732085,-6.412409157223172
11126,pp,0.05,0.0,70,1.0860310137271876,-6.098441392725165,-5.494238252109952
11127,do,0.05,0.0,36,1.9400744140148163,-5.028739510160504,-4.665705360306633
11128,pp,0.05,0.0,48,1.7028632915019983,-5.55077118584604,-5.610640833112929
11129,do,0.05,0.0,51,1.8873691713809961,-5.518106738003818,-5.0585834582646685
11130,pp,0.05,0.0,47,3.211695392131806,-6.837707230539033,-5.730802922778659
11131,do,0.05,0.0,40,0.25182474374771147,-6.644251391381928,-6.2832850244310166
11132,pp,0.05,0.0,14,1.7195775580406183,-6.368770905696985,-5.205233682526482
11133,do,0.05,0.0,18,2.0984721875190733,-4.262437696167917,-3.8510920815997656
11134,pp,0.05,0.0,56,2.477581826448441,-6.384022110158747,-5.959317321247525
11135,do,0.05,0.0,12,0.7216065633296971,-5.644262919281468,-5.08698541853163
11136,pp,0.05,0.0,70,3.0447112584114064,-6.041195894010139,-4.874663241704305
11137,do,0.05,0.0,32,0.29021671175956687,-6.449848780487523,-5.493685942225986
11138,pp,0.05,0.0,9,0.5632534480094913,-5.226171903899222,-4.8485751337475245
11139,do,0.05,0.0,70,0.5516440355777741,-6.374010044155699,-6.470877202351888
11140,pp,0.05,0.0,19,2.2139827108383177,-5.154456174734867,-4.670547488000658
11141,do,0.05,0.0,31,0.04218247413635279,-6.84057985941569,-6.116573876804775
11142,pp,0.05,0.0,37,2.5032936239242556,-6.802332678708163,-5.833825765715705
11143,do,0.05,0.0,27,2.312171573638916,-5.594464768785419,-5.2149055401484175
11144,pp,0.05,0.0,11,1.5783670282363893,-4.596880089152943,-4.162461082140605
11145,do,0.05,0.0,9,0.7703321039676663,-4.336621956391768,-3.928229268391927
11146,pp,0.05,0.0,24,2.8192832934856416,-4.280399953235279,-3.8398719708124798
11147,do,0.05,0.0,35,1.7678259682655337,-6.213058204361887,-5.57522332933214
11148,pp,0.05,0.0,39,3.663337035179139,-4.884076096794822,-4.364748544163174
11149,do,0.05,0.0,34,1.3434616374969481,-5.216810463414047,-5.019555377960205
11150,pp,0.05,0.0,54,0.9534715807437903,-7.094909445444743,-6.24647135204739
11151,do,0.05,0.0,12,1.1731230688095096,-4.266330551378655,-4.242768348587884
11152,pp,0.05,0.0,70,1.9081405007839196,-5.622966829935709,-5.255471828248766
11153,do,0.05,0.0,40,1.911817791461944,-5.49959378675981,-5.09133124616411
11154,pp,0.05,0.0,28,1.051952987909317,-6.170301421483358,-5.37702656586965
11155,do,0.05,0.0,70,-0.3737120473384863,-6.708024654966412,-6.090722886721293
11156,pp,0.05,0.0,29,2.118166961669922,-4.954162009557089,-4.598173220952352
11157,do,0.05,0.0,38,2.622559759616853,-5.291677421512026,-4.561074413193596
11158,pp,0.05,0.0,41,3.2028023147583013,-5.651756764903213,-4.745991394254896
11159,do,0.05,0.0,28,0.5546337091922764,-5.476140642166138,-4.821048667695787
11160,pp,0.05,0.0,43,1.996993018388749,-5.393097701217189,-4.407057791286045
11161,do,0.05,0.0,70,1.6906425094604494,-6.573320849736532,-5.602837321493361
11162,pp,0.05,0.0,66,2.4123948764801018,-8.10636219255852,-7.174974293178982
11163,do,0.05,0.0,12,1.1099929487705236,-5.1031813780466715,-5.012131977081299
11164,pp,0.05,0.0,3,-0.9621024405956273,-6.158748469208226,-5.729935603671604
11165,do,0.05,0.0,8,1.7170246648788448,-4.138238133806171,-4.308062264654372
11166,pp,0.05,0.0,15,-0.5591150236129758,-7.130959062865286,-6.67405072318183
11167,do,0.05,0.0,4,-0.45632803201675465,-4.9769434798847545,-4.358476111623976
11168,pp,0.05,0.0,59,2.466892119646073,-7.304127537120472,-7.043016359541151
11169,do,0.05,0.0,31,0.264998116493226,-7.479457504099066,-6.389805104997423
11170,pp,0.05,0.0,18,-0.42432253360748273,-7.335689585136644,-6.870501656002468
11171,do,0.05,0.0,62,1.2468045747280119,-9.564699698939467,-9.368082957797581
11172,pp,0.05,0.0,8,1.1466411352157593,-5.04990649656816,-4.662621855735779
11173,do,0.05,0.0,50,2.0802600443363186,-6.277528219512015,-5.397377265824212
11174,pp,0.05,0.0,40,3.222509590387344,-5.878846347693241,-6.128342178132799
11175,do,0.05,0.0,56,1.2134524941444393,-7.641676798733798,-7.3173777977625525
11176,pp,0.05,0.0,70,2.42843209028244,-8.599965102744825,-7.924916479322645
11177,do,0.05,0.0,1,-1.6800404810905452,-6.477807807922363,-6.101767248577541
11178,pp,0.05,0.0,35,1.5197212004661562,-7.438953552824078,-7.6828101846906875
11179,do,0.05,0.0,10,1.240305638313294,-4.8797016028201945,-4.2360429022047255
11180,pp,0.05,0.0,70,3.1016625452041637,-6.735898860295614,-6.031278885735405
11181,do,0.05,0.0,32,0.9491881144046781,-5.161609489267523,-6.179263599713644
11182,pp,0.05,0.0,63,1.956825722455978,-6.3772874398665,-5.855239052242703
11183,do,0.05,0.0,70,1.7778078210353847,-6.737671209104134,-6.848090018166436
11184,pp,0.05,0.0,70,1.2632391214370724,-12.552292621496951,-10.806592522727119
11185,do,0.05,0.0,41,2.1189278304576877,-5.370126196832368,-5.29441974957784
11186,pp,0.05,0.0,24,1.1587554502487185,-5.507396148912834,-4.740650863117642
11187,do,0.05,0.0,36,2.5006056070327753,-4.207783405708544,-4.222241531478034
11188,pp,0.05,0.0,15,1.7167095375061034,-5.930950203808871,-5.879844538370768
11189,do,0.05,0.0,28,2.170571058988571,-5.500230516086925,-5.135790745417277
11190,pp,0.05,0.0,52,2.5601103484630583,-5.7249349810860375,-5.158980062272813
11191,do,0.05,0.0,38,-0.016150583028793797,-5.9140748414126305,-5.218601875834995
11192,pp,0.05,0.0,5,-0.8893301880359648,-5.8245781508359045,-5.373751939667596
11193,do,0.05,0.0,63,-0.5579473805427551,-8.972037581241493,-8.419855080710517
11194,pp,0.05,0.0,42,1.224023455381393,-5.6817624019854,-5.054813753234016
11195,do,0.05,0.0,31,3.3053400778770454,-5.735154608524207,-5.152240294880337
11196,pp,0.05,0.0,11,1.2725676214694976,-5.499215855742946,-5.052149195141262
11197,do,0.05,0.0,67,2.193451328277587,-7.621639959739916,-6.906421356730991
11198,pp,0.05,0.0,70,1.2776042187213896,-8.326354642347855,-7.82153783109453
11199,do,0.05,0.0,8,0.47270583868026694,-5.344956502047452,-4.953851058748033
11200,pp,0.05,0.0,21,1.3817036986351017,-5.684702014923095,-5.308351710107591
11201,do,0.05,0.0,54,2.3388029003143327,-8.692664707068241,-7.817734495798747
11202,pp,0.05,0.0,22,2.5039426577091213,-4.954786375797156,-4.190416309568617
11203,do,0.05,0.0,23,0.5957775545120239,-6.450798862630671,-6.541110393736098
11204,pp,0.05,0.0,12,1.4177669739723209,-4.165495505477443,-3.7951553013589647
11205,do,0.05,0.0,34,1.3580659294128417,-6.600003135565555,-6.454711564381918
11206,pp,0.05,0.0,70,1.4254717624187467,-7.897940025907574,-6.835490777757433
11207,do,0.05,0.0,67,3.6180612850189213,-5.982298416079897,-5.778900249799093
11208,pp,0.05,0.0,55,0.7599636352062227,-8.615601507822673,-7.008829077084859
11209,do,0.05,0.0,19,0.39982240200042707,-6.665007270466198,-6.632934310701159
11210,pp,0.05,0.0,48,0.3575021851062772,-6.8185045141162295,-6.08624824417962
11211,do,0.05,0.0,42,4.51985946059227,-5.479590031594941,-4.828639101982117
11212,pp,0.05,0.0,32,2.618090060949325,-5.183500901135531,-4.38992969195048
11213,do,0.05,0.0,70,0.83562452673912,-7.268477522243153,-7.08556685977512
11214,pp,0.05,0.0,60,2.115812965631485,-6.041352354396473,-4.99847247865465
11215,do,0.05,0.0,33,2.519529088735581,-6.3127791462522564,-5.966663636101616
11216,pp,0.05,0.0,27,1.1445113718509674,-7.289270200151385,-6.476263030370077
11217,do,0.05,0.0,36,0.17872951269149873,-8.381120950525457,-8.280896472930909
11218,pp,0.05,0.0,68,0.9017851030826565,-7.10750842961398,-5.891565153333876
11219,do,0.05,0.0,25,1.294124858379364,-5.721797106482766,-5.551567490895589
11220,pp,0.05,0.0,7,1.0484521055221556,-4.108886867580992,-3.545032427046034
11221,do,0.05,0.0,60,3.195289472341539,-7.001075413732818,-6.753275969293383
11222,pp,0.05,0.0,55,2.8750332939624794,-5.085725898453684,-4.818339090877109
11223,do,0.05,0.0,70,0.5508524751663213,-7.649241648298322,-7.24557917382982
11224,pp,0.05,0.0,70,1.6674298906326293,-6.538606635006992,-6.550314286020067
11225,do,0.05,0.0,8,1.5317500030994413,-3.9550544449777316,-3.550243810812632
11226,pp,0.05,0.0,61,1.7281881403923034,-5.247223322319262,-4.332534289360046
11227,do,0.05,0.0,5,0.9391218769550322,-5.063472231951627,-4.976716780662537
11228,pp,0.05,0.0,70,2.190345426797867,-6.653727827650128,-5.949561964140998
11229,do,0.05,0.0,27,0.349308533668518,-8.427775394555294,-7.706896686553955
11230,pp,0.05,0.0,65,2.0917897880077376,-6.7657365986795135,-7.707373637623257
11231,do,0.05,0.0,5,-0.36726437091827346,-5.919383846629749,-5.220533551110162
11232,pp,0.05,0.0,29,1.791426931619645,-4.882292636235555,-4.3363909059100685
11233,do,0.05,0.0,12,1.6007685017585755,-5.998829043995251,-5.488055366939968
11234,pp,0.05,0.0,7,0.8023657834529869,-4.909297677242395,-4.30428266260359
11235,do,0.05,0.0,32,1.9957465171813968,-6.0586041378252435,-5.385833032925924
11236,pp,0.05,0.0,42,2.589386944770812,-7.30017269596909,-7.003937347730001
11237,do,0.05,0.0,70,-0.1818643856048574,-9.609384470274954,-9.752792983584934
11238,pp,0.05,0.0,18,0.6921614146232606,-5.848421306321115,-4.988110356860691
11239,do,0.05,0.0,30,1.835306837558747,-7.877844442020763,-7.215713426801893
11240,pp,0.05,0.0,33,2.5336067497730257,-4.861899781949592,-4.247111895349291
11241,do,0.05,0.0,36,2.028034381866455,-5.487414637478915,-4.881061622831557
11242,pp,0.05,0.0,70,2.4733055567741395,-7.089907121658325,-6.664277320437961
11243,do,0.05,0.0,21,1.3839445841312408,-5.699223912845959,-5.239275662104289
11244,pp,0.05,0.0,31,3.9257950460910793,-4.501000358119155,-4.19099010096656
11245,do,0.05,0.0,26,1.2998378455638884,-6.61099680409287,-6.102694421344333
11246,pp,0.05,0.0,45,2.4002834129333497,-6.208585192940452,-5.6865323464075725
11247,do,0.05,0.0,14,-0.6773850464820868,-7.315525708054051,-6.67331813176473
11248,pp,0.05,0.0,70,-0.5711203277111059,-6.742214613249808,-6.161523177888658
11249,do,0.05,0.0,15,0.9259332728385923,-5.504230588855165,-5.4015487008624605
11250,pp,0.05,0.0,55,2.8253941273689263,-6.295384700370557,-5.719562771585252
11251,do,0.05,0.0,68,1.5322675371170034,-7.5228243842269436,-6.904537672466702
11252,pp,0.05,0.0,15,0.41481266140937834,-4.583415258291996,-3.9980805887116326
11253,do,0.05,0.0,36,1.8242849540710449,-6.88252984827215,-6.480967919031779
11254,pp,0.05,0.0,62,1.7644189751148218,-6.921586837190571,-6.11944027211931
11255,do,0.05,0.0,52,2.263670315742492,-7.342474095026652,-6.87949652671814
11256,pp,0.05,0.0,29,1.9700311529636387,-5.9305901816397,-5.278455826971266
11257,do,0.05,0.0,43,1.9567723703384399,-7.425528610113895,-7.166222683588663
11258,pp,0.05,0.0,3,0.5315541720390318,-4.218761972947554,-3.8639965428246392
11259,do,0.05,0.0,27,2.3259167885780334,-5.3418242223335035,-5.721411816279093
11260,pp,0.05,0.0,8,0.5458384525775912,-4.438679724028616,-3.9469686243269178
11261,do,0.05,0.0,8,0.5523247075080873,-4.992600711186727,-4.711969383557638
11262,pp,0.05,0.0,46,1.4594453525543214,-6.001483349366621,-5.120707326465183
11263,do,0.05,0.0,13,-0.12433518409728972,-6.25726284980774,-5.63816417588128
11264,pp,0.05,0.0,17,1.163657065629959,-4.964526375857266,-4.321761316723293
11265,do,0.05,0.0,19,1.3210542595386512,-5.695886096087369,-5.206778195169237
11266,pp,0.05,0.0,35,2.345677679777146,-5.064387192870631,-4.383010869556003
11267,do,0.05,0.0,17,1.7139556765556332,-5.245713127020633,-4.759578190909492
11268,pp,0.05,0.0,67,4.149741826057435,-6.002295212312178,-4.608670025401645
11269,do,0.05,0.0,44,0.4464304852485661,-6.769895383083459,-6.382152085834079
11270,pp,0.05,0.0,16,2.38788489818573,-6.070666188904734,-5.495413300726149
11271,do,0.05,0.0,10,0.8708142411708826,-5.1072481097597064,-5.439721955193414
11272,pp,0.05,0.0,66,2.8693603515624995,-7.34747339739944,-6.735324899355571
11273,do,0.05,0.0,29,1.616382091045379,-6.092607690348769,-5.65766056643592
11274,pp,0.05,0.0,25,2.5792554116249082,-6.767885222579494,-6.091525162590875
11275,do,0.05,0.0,5,0.7901356017589576,-5.052248287200928,-4.755571156077915
11276,pp,0.05,0.0,51,-0.06842889785766637,-11.178407663287539,-9.843460615475973
11277,do,0.05,0.0,28,0.9641552376747127,-6.7826339331540195,-6.0811443196402655
11278,pp,0.05,0.0,32,1.6108149492740624,-4.8009951721538195,-4.216048081715901
11279,do,0.05,0.0,44,2.0300686335563665,-5.809736563942649,-5.353581047058105
11280,pp,0.05,0.0,70,0.9192585885524744,-6.168963221347693,-5.546056980556912
11281,do,0.05,0.0,43,1.847441253662108,-8.393916695045702,-8.326210180918375
11282,pp,0.05,0.0,56,3.5725375902652745,-5.3840016451748935,-5.098395670784845
11283,do,0.05,0.0,27,0.893629035949707,-6.800442119078203,-6.510340287950304
11284,pp,0.05,0.0,18,0.7822950470447543,-6.714532035769838,-6.334869668218825
11285,do,0.05,0.0,13,2.026793261766433,-4.2603372227061875,-3.7975299411349828
11286,pp,0.05,0.0,36,2.918201847076417,-5.657078686627474,-5.785576910442776
11287,do,0.05,0.0,21,0.9889226424694053,-6.969080526178534,-6.647896191808912
11288,pp,0.05,0.0,38,2.7040040266513827,-7.455405937541615,-6.79648871421814
11289,do,0.05,0.0,28,0.7091389322280879,-9.31768616474036,-8.350294155544704
11290,pp,0.05,0.0,10,1.262683335542679,-4.235238700924498,-3.875501463148329
11291,do,0.05,0.0,15,0.7369983088970189,-6.28862951596578,-5.657217486699422
11292,pp,0.05,0.0,12,1.1721642506122585,-5.849780394814231,-4.930809691217211
11293,do,0.05,0.0,3,0.5486159861087794,-4.757934671459776,-4.3575582212871975
11294,pp,0.05,0.0,3,0.2562684547901153,-4.3475916790239735,-3.852458535300361
11295,do,0.05,0.0,70,2.113033597469329,-7.850536857951771,-6.6556787464353775
11296,pp,0.05,0.0,31,1.5379574692249296,-7.8363786003806375,-6.969758603307936
11297,do,0.05,0.0,30,2.3402993512153625,-4.338079594120835,-4.714749201138814
11298,pp,0.05,0.0,31,3.1080995237827302,-5.323258025718458,-4.8023770544264055
11299,do,0.05,0.0,18,2.6192289495468133,-4.2579576579007234,-3.952956045998467
11300,pp,0.05,0.0,50,3.0911002647876744,-5.325232462449507,-4.856800972090827
11301,do,0.05,0.0,20,2.191564016342163,-4.842625694563894,-4.11299448940489
11302,pp,0.05,0.0,21,1.6304277312755584,-4.740905991467563,-4.272723979420132
11303,do,0.05,0.0,23,0.3538207960128794,-9.418489233652751,-9.60527064535353
11304,pp,0.05,0.0,35,0.2386372709274287,-6.103323820865516,-5.041903808381822
11305,do,0.05,0.0,45,0.2692482292652123,-7.4206646572459825,-6.921021662818061
11306,pp,0.05,0.0,13,1.7341926741600036,-4.740371011965203,-4.545928641160329
11307,do,0.05,0.0,28,-0.15876396417617844,-6.2613574981689455,-5.839247120751275
11308,pp,0.05,0.0,25,1.9483981835842128,-5.65513094699744,-4.93755108780331
11309,do,0.05,0.0,20,2.2672869551181796,-4.193996767564253,-3.8065553148587545
11310,pp,0.05,0.0,24,1.4993628191947943,-4.468436759890932,-3.9948603484365677
11311,do,0.05,0.0,28,0.9481126642227169,-5.850347549265082,-5.288062540690104
11312,pp,0.05,0.0,42,3.4282736611366262,-5.534118642229022,-4.629487506548563
11313,do,0.05,0.0,25,3.10070840716362,-5.608887647859978,-5.1714700910780165
11314,pp,0.05,0.0,22,2.1012385499477384,-6.201525802323313,-5.710217796431648
11315,do,0.05,0.0,10,1.3393345332145694,-4.888268540122292,-4.300659290949503
11316,pp,0.05,0.0,31,2.588651275634766,-6.169229878801288,-5.5014343367682565
11317,do,0.05,0.0,8,-0.4174926507472998,-5.767121622779152,-5.311939398447673
11318,pp,0.05,0.0,62,2.480471667051315,-5.9145588903716115,-5.1606777879926895
11319,do,0.05,0.0,46,0.17551609277725255,-7.6471276919047035,-7.2296445290247595
11320,pp,0.05,0.0,21,1.1496107125282284,-6.251350259780883,-5.644474283854167
11321,do,0.05,0.0,57,0.3019958710670476,-8.307211809447317,-8.064931427107917
11322,pp,0.05,0.0,12,1.4304143047332758,-5.061489569057118,-4.407564208242628
11323,do,0.05,0.0,26,0.13627216339111303,-6.269155560117779,-6.105193095737033
11324,pp,0.05,0.0,23,0.6117830598354344,-6.076731196316806,-5.4286595927344425
11325,do,0.05,0.0,44,0.1982789599895476,-6.976255727536751,-7.297557436095344
11326,pp,0.05,0.0,29,1.7655635476112375,-6.21246975551952,-5.6212417973412405
11327,do,0.05,0.0,70,1.242535871267318,-7.919277602976019,-8.490288766225179
11328,pp,0.05,0.0,27,1.0950728702545174,-5.388911439433242,-4.918670786751641
11329,do,0.05,0.0,16,-0.4854117977619179,-7.189963501149958,-7.111627626419067
11330,pp,0.05,0.0,11,0.7315719234943394,-5.311571879820391,-4.278370581732856
11331,do,0.05,0.0,11,0.45572983741760265,-5.228111800280485,-5.267444343037075
11332,pp,0.05,0.0,24,1.6305518364906302,-6.823360346302842,-6.421988609102037
11333,do,0.05,0.0,2,0.13743515014648455,-4.325049017414902,-3.968004658487108
11334,pp,0.05,0.0,8,0.9224745190143588,-4.900284703572591,-4.563656555281745
11335,do,0.05,0.0,21,1.6711361968517302,-5.799747403462728,-5.1098599778281315
11336,pp,0.05,0.0,48,3.2630985260009755,-6.807874169494166,-6.264136279953851
11337,do,0.05,0.0,37,2.0952936553955075,-5.954948422403047,-5.425410927666558
11338,pp,0.05,0.0,11,1.5595181035995482,-5.282814648657134,-4.825527233547635
11339,do,0.05,0.0,70,2.122373214960099,-6.254106692111853,-5.917772343423631
11340,pp,0.05,0.0,37,0.871719361543656,-8.332885084730206,-6.525075027677748
11341,do,0.05,0.0,5,0.3354124188423153,-4.824452829360962,-4.6646066029866535
11342,pp,0.05,0.0,6,0.6075826156139374,-4.551588526639072,-4.206263417667813
11343,do,0.05,0.0,19,1.7903346109390261,-4.705902095274491,-4.691237905290392
11344,pp,0.05,0.0,12,-0.1490383744239807,-6.43772837898948,-5.704275862375895
11345,do,0.05,0.0,22,0.25122952699661294,-7.992893114956942,-8.314073790444269
11346,pp,0.05,0.0,7,0.6113326001167296,-5.12895300171592,-4.7369668377770315
11347,do,0.05,0.0,49,1.498357340097427,-6.763775949767141,-5.854598410924276
11348,pp,0.05,0.0,10,2.2264213085174562,-4.967762590177132,-4.211458463139004
11349,do,0.05,0.0,8,1.071252973079682,-4.534526566303137,-4.073089567820231
11350,pp,0.05,0.0,70,3.7383418774604795,-7.065260486891775,-6.545120032628377
11351,do,0.05,0.0,53,0.3160294771194465,-8.313124760714445,-7.562699090109931
11352,pp,0.05,0.0,18,2.154898582696914,-4.3752174724232065,-3.7391592462857566
11353,do,0.05,0.0,70,-0.6194079840183253,-9.154507332137136,-8.32721348338657
11354,pp,0.05,0.0,9,1.3687042844295494,-4.703055355765603,-4.035980402098762
11355,do,0.05,0.0,22,1.1884354543685918,-5.178983384912664,-5.7246551328235205
11356,pp,0.05,0.0,53,1.8351385152339939,-6.568298742987893,-5.474875050120883
11357,do,0.05,0.0,15,-0.16492590785026628,-6.39538594159213,-6.071317497889201
11358,pp,0.05,0.0,22,1.7746043169498442,-5.8705666094115285,-4.907805951436361
11359,do,0.05,0.0,34,1.9745808196067802,-7.827391910552978,-7.516647752126058
11360,pp,0.05,0.0,20,1.2654679739475263,-8.771404399293841,-8.274822248352898
11361,do,0.05,0.0,29,2.726019418239594,-4.39404061274095,-4.016399268309275
11362,pp,0.05,0.0,44,0.8161723053455345,-5.7670211705294525,-4.8564767122268675
11363,do,0.05,0.0,9,-0.036406474113464427,-5.395617032773567,-5.135653720961677
11364,pp,0.05,0.0,19,1.3675499248504632,-5.453834789449519,-5.001741186777751
11365,do,0.05,0.0,4,-0.3133605933189392,-5.145090553977273,-4.681722606552972
11366,pp,0.05,0.0,5,0.14147578597068744,-5.433394393053922,-4.770525280634562
11367,do,0.05,0.0,13,0.5267607426643375,-5.493177029580781,-4.979077066315545
11368,pp,0.05,0.0,44,3.343652900457382,-5.713044774893558,-4.704294951756795
11369,do,0.05,0.0,33,1.1901311707496642,-5.923262087504069,-5.340159373813205
11370,pp,0.05,0.0,13,0.9922519719600675,-5.712346501783891,-5.157070069842868
11371,do,0.05,0.0,33,0.6535768806934348,-7.923322865457246,-7.316889895333184
11372,pp,0.05,0.0,13,1.6538485991954808,-5.165776219512477,-4.218734113375346
11373,do,0.05,0.0,50,0.26071558356285074,-8.529178471998735,-8.044887659284804
11374,pp,0.05,0.0,14,1.3676176702976228,-6.091034225984053,-4.994966220855713
11375,do,0.05,0.0,10,0.5986791467666626,-4.9514274423772635,-4.653910689883762
11376,pp,0.05,0.0,20,1.1397772324085231,-5.848207553227742,-5.003390651279026
11377,do,0.05,0.0,19,1.5285826146602632,-6.249978318358913,-6.365046334266663
11378,pp,0.05,0.0,70,3.494071358442307,-5.509596664255316,-5.197323181894091
11379,do,0.05,0.0,10,0.5642608785629273,-5.626016139984131,-5.470350750287374
11380,pp,0.05,0.0,33,0.5682599449157708,-7.286935664668228,-6.868377722634209
11381,do,0.05,0.0,9,0.7757536160945895,-5.730212071447662,-4.704458223448859
11382,pp,0.05,0.0,47,2.7548929083347318,-4.337848413351811,-4.179237156444126
11383,do,0.05,0.0,10,0.5235394537448883,-4.99022791891387,-4.607644483778212
11384,pp,0.05,0.0,64,2.2011872613430024,-5.316859740921945,-5.242384974161784
11385,do,0.05,0.0,39,0.8345706975460043,-8.815930379520763,-8.868828529781766
11386,pp,0.05,0.0,70,3.5722478270530704,-9.000184602448435,-8.987647676467896
11387,do,0.05,0.0,70,2.7901791942119596,-5.29297008225412,-5.38963262240092
11388,pp,0.05,0.0,37,2.2332571578025826,-5.515546229391387,-5.2588945282830135
11389,do,0.05,0.0,14,2.6712332141399378,-4.532477975614143,-4.285863757133484
11390,pp,0.05,0.0,8,1.149355916976929,-4.709681078881928,-3.8835621979501513
11391,do,0.05,0.0,9,-0.4822032439708712,-5.786084542129979,-4.954185793134902
11392,pp,0.05,0.0,20,0.9127820003032676,-4.878812675765066,-4.171953084733751
11393,do,0.05,0.0,5,-0.08111674666404767,-5.804477997982141,-5.004940851529439
11394,pp,0.05,0.0,43,2.0368300461769104,-5.318445082866784,-5.303721239831712
11395,do,0.05,0.0,2,-0.21392258286476107,-5.688780686349579,-4.763441938824124
11396,pp,0.05,0.0,32,2.6451217603683457,-8.529591423092466,-7.301610506905449
11397,do,0.05,0.0,12,1.3102238261699677,-4.773080898053719,-5.239556776152717
11398,pp,0.05,0.0,65,0.8753827512264243,-8.054958883921305,-7.582379908031887
11399,do,0.05,0.0,14,3.0300560700893406,-4.593920340682521,-4.423772237035963
11400,pp,0.05,0.0,70,0.8623151874542243,-6.624786875464699,-6.2130619843800865
11401,do,0.05,0.0,4,0.193830802440643,-5.296761524316036,-4.685824900203281
11402,pp,0.05,0.0,70,2.552640962600707,-7.519116179148356,-7.616740947299533
11403,do,0.05,0.0,15,2.265795059204102,-4.618218173402728,-4.000081605381435
11404,pp,0.05,0.0,6,0.12879003643989595,-4.913028585549557,-4.1545298337936405
11405,do,0.05,0.0,3,0.3958899676799774,-4.7501779541824805,-4.10145132276747
11406,pp,0.05,0.0,18,1.3913352954387666,-5.489479946367668,-4.999067346254985
11407,do,0.05,0.0,29,1.0731443405151362,-6.164422311204852,-5.866509930292765
11408,pp,0.05,0.0,32,2.3044709491729742,-6.693335417545203,-6.073293203777737
11409,do,0.05,0.0,10,1.531228709220886,-5.979445736335985,-5.704147402445475
11410,pp,0.05,0.0,70,1.270034816265106,-10.665410946354722,-9.60836737950643
11411,do,0.05,0.0,55,3.1991058015823377,-5.4477229840827714,-5.255690023634169
11412,pp,0.05,0.0,45,2.585538282394409,-7.117145804202917,-6.08960469033983
11413,do,0.05,0.0,18,0.6604650199413298,-6.208993352543224,-5.822249242994521
11414,pp,0.05,0.0,70,2.690898988246917,-5.468105061848958,-5.344923867119683
11415,do,0.05,0.0,19,1.2724412894248962,-5.501474065491648,-5.562200694613987
11416,pp,0.05,0.0,70,2.113379229307175,-5.554393139752475,-5.136790193451775
11417,do,0.05,0.0,8,-0.2370856368541716,-5.448217331279408,-4.783751400311788
11418,pp,0.05,0.0,44,3.430872436761856,-8.191950365991303,-7.4515300512313845
11419,do,0.05,0.0,17,0.9683996093273164,-5.941612130945379,-5.453967714309693
11420,pp,0.05,0.0,55,0.3768567562103282,-8.552449758125073,-7.534985287984212
11421,do,0.05,0.0,59,1.6866891646385183,-6.34888845501524,-6.368598916795519
11422,pp,0.05,0.0,36,3.2490527558326727,-6.122385655027447,-5.554284601741367
11423,do,0.05,0.0,11,1.4337549889087677,-4.975240331707579,-4.19602911207411
11424,pp,0.05,0.0,70,3.0189715087413793,-7.020004731958562,-6.129269538985358
11425,do,0.05,0.0,70,0.4565078449249267,-7.354167085705382,-6.942964670393202
11426,pp,0.05,0.0,22,0.14104240655899059,-6.12822330792745,-5.498778226640489
11427,do,0.05,0.0,61,1.8873023319244382,-8.343287813302242,-8.14627577993605
11428,pp,0.05,0.0,31,2.5892249798774714,-5.517210953163378,-4.6827637434005736
11429,do,0.05,0.0,43,3.8866944098472596,-5.687139159982855,-5.049215420087179
11430,pp,0.05,0.0,62,1.9421965694427499,-7.107782418800123,-6.532171527544658
11431,do,0.05,0.0,37,2.8178897476196294,-5.50055706428759,-4.915793789757623
11432,pp,0.05,0.0,66,2.6939562749862676,-6.198583318247939,-6.056969915495978
11433,do,0.05,0.0,36,2.022039073705673,-5.891309647126631,-5.571186680263943
11434,pp,0.05,0.0,12,1.03419046163559,-4.629074129913793,-3.9399054686228436
11435,do,0.05,0.0,28,2.9715170431137086,-5.847677646983754,-7.6371531380547415
11436,pp,0.05,0.0,27,3.004428037405013,-6.038809553782145,-5.159633480177986
11437,do,0.05,0.0,13,2.017954421043396,-4.71478934432521,-4.415521102481418
11438,pp,0.05,0.0,8,-0.7930465805530549,-5.647583334373706,-5.091401815414429
11439,do,0.05,0.0,3,0.5742832064628605,-5.228670404896592,-4.634641899002923
11440,pp,0.05,0.0,8,0.1393858706951141,-4.599773604942091,-3.8897722058826023
11441,do,0.05,0.0,56,2.719396889209748,-7.492912552573464,-6.370260943306817
11442,pp,0.05,0.0,16,0.6081453239917751,-5.97391838015932,-5.194773411750793
11443,do,0.05,0.0,20,1.9916165411472315,-4.275921428564823,-4.5086907307306925
11444,pp,0.05,0.0,70,2.7930651283264165,-4.773327489332719,-4.964394394556681
11445,do,0.05,0.0,9,1.02395557641983,-4.569220362287579,-4.5125558720694645
11446,pp,0.05,0.0,45,3.3217897379398345,-4.632532678950916,-4.7303133050600685
11447,do,0.05,0.0,37,2.4678860771656037,-6.353123633066813,-5.490240793757969
11448,pp,0.05,0.0,44,2.604920459985733,-6.750624247753259,-5.607752103275723
11449,do,0.05,0.0,39,4.295582696199418,-4.985954602559407,-5.00154058403439
11450,pp,0.05,0.0,11,1.9242407751083377,-5.189774672190349,-4.7274411307440865
11451,do,0.05,0.0,5,0.7251411855220793,-4.73681572711829,-4.327481913566589
11452,pp,0.05,0.0,9,1.2068419229984286,-4.481863419214885,-3.806880431705051
11453,do,0.05,0.0,70,2.156587088108063,-7.019601206345992,-7.06180657280816
11454,pp,0.05,0.0,14,1.1098498547077176,-4.625759240352746,-4.047496195634206
11455,do,0.05,0.0,3,0.23261895895004248,-4.645301625222871,-4.27498345375061
11456,pp,0.05,0.0,68,0.4644242084026331,-7.112086167480006,-6.3699987835354275
11457,do,0.05,0.0,16,2.017958852052689,-5.308172351663763,-5.053046568234762
11458,pp,0.05,0.0,45,0.861348054409028,-7.169344646280462,-7.24839613172743
11459,do,0.05,0.0,40,2.4430171597003936,-5.415022040858413,-4.626115449269613
11460,pp,0.05,0.0,40,2.068398985862732,-8.15640425826564,-7.58953676753574
11461,do,0.05,0.0,29,2.9456150174140925,-6.575744318239616,-6.270734063784281
11462,pp,0.05,0.0,33,2.8276838934421544,-6.764476270386667,-6.153313578499688
11463,do,0.05,0.0,22,2.0948624682426447,-5.835818378853076,-5.603930364714729
11464,pp,0.05,0.0,15,1.2561935031414038,-6.150306674205896,-5.795024188359578
11465,do,0.05,0.0,20,2.715520803928376,-4.982208026539196,-4.813197459114923
11466,pp,0.05,0.0,60,1.7764291691780087,-6.31774786457871,-5.942633056640625
11467,do,0.05,0.0,48,0.927162998914719,-7.566574473814531,-6.532472247547574
11468,pp,0.05,0.0,44,2.3276240825653085,-7.3311623920093885,-7.251521590020921
11469,do,0.05,0.0,38,3.217468883991242,-5.377723273363981,-5.554226795832316
11470,pp,0.05,0.0,7,1.1937361717224118,-4.617683534911184,-4.053047482172648
11471,do,0.05,0.0,5,0.8453098917007447,-4.260429194479277,-4.021666055255466
11472,pp,0.05,0.0,13,1.0871922922134392,-6.430057475061128,-5.3783403078715
11473,do,0.05,0.0,16,1.9399957501888272,-5.477938959815285,-6.342623702685038
11474,pp,0.05,0.0,70,2.631783930063248,-6.53606730518919,-6.321070816781786
11475,do,0.05,0.0,57,1.820564329624176,-7.284028444868145,-6.980667583147684
11476,pp,0.05,0.0,70,3.0416635084152226,-8.170697850892038,-7.508318241437276
11477,do,0.05,0.0,5,0.2630767214298251,-4.834137205644088,-4.034653404023913
11478,pp,0.05,0.0,51,2.9991698145866392,-5.747221923596931,-4.874501940939162
11479,do,0.05,0.0,6,0.859859219789505,-4.2279054453878695,-4.742343280050489
11480,pp,0.05,0.0,7,-0.04684731364250183,-4.664241233016505,-3.9389329380459257
11481,do,0.05,0.0,31,1.6767867124080658,-6.098159940315015,-5.987342206637065
11482,pp,0.05,0.0,47,2.4415736293792722,-7.644583947730787,-7.063094639778138
11483,do,0.05,0.0,42,0.8679715657234199,-5.8227549740762425,-5.523839264445835
11484,pp,0.05,0.0,36,1.361352506875992,-6.273066464337435,-6.397810165087382
11485,do,0.05,0.0,9,1.7519887375831606,-5.399162363283562,-5.047454905509949
11486,pp,0.05,0.0,70,2.800387876033783,-6.649917877081669,-5.551370731989542
11487,do,0.05,0.0,12,0.46027141451835707,-5.4100246414993745,-4.8623264392217
11488,pp,0.05,0.0,61,0.10211716651916536,-6.7105822909962045,-6.274810391002231
11489,do,0.05,0.0,57,3.056256983280182,-6.3007768645431055,-5.986071668730842
11490,pp,0.05,0.0,66,2.8496237540245044,-6.640175160494718,-6.035268137190077
11491,do,0.05,0.0,8,0.7088277494907382,-4.689574841297034,-4.930403886901008
11492,pp,0.05,0.0,9,0.3570776581764221,-4.400667040275805,-4.153005475468106
11493,do,0.05,0.0,29,2.5072081804275514,-6.373339002782648,-4.910444116592407
11494,pp,0.05,0.0,24,2.356844458580018,-6.948181075760813,-6.47815465927124
11495,do,0.05,0.0,65,2.901189764738083,-6.092925035592281,-5.476767921447754
11496,pp,0.05,0.0,30,1.7418764388561243,-7.727399561621926,-6.6512575176027084
11497,do,0.05,0.0,3,0.5491841363906858,-4.964439874706846,-4.500240264998542
11498,pp,0.05,0.0,11,0.9093376064300536,-5.136436106941916,-4.460062135590447
11499,do,0.05,0.0,30,1.8414734959602344,-6.337288109461467,-6.223926957448324
11500,pp,0.05,0.0,47,1.885339784622193,-5.639936724576083,-5.083690428733826
11501,do,0.05,0.0,70,2.460343667268754,-5.372071731451786,-4.960141219033135
11502,pp,0.05,0.0,15,1.1189217734336854,-5.244863088203199,-4.451142697864109
11503,do,0.05,0.0,54,5.091394014358521,-6.534291945081769,-6.162880195511712
11504,pp,0.05,0.0,26,2.8514032912254335,-5.980050283489805,-5.859634436501397
11505,do,0.05,0.0,25,0.05096814274787853,-6.16784368428317,-5.977573209338718
11506,pp,0.05,0.0,23,1.9993841302394868,-5.541083678332242,-5.542496122254265
11507,do,0.05,0.0,48,0.5021844553947448,-6.930113275123365,-6.402686564127604
11508,pp,0.05,0.0,65,3.1222703981399533,-9.027788618839148,-7.891794919967651
11509,do,0.05,0.0,11,1.3377863299846657,-6.154178245139844,-5.934168794420031
11510,pp,0.05,0.0,70,3.83819554924965,-5.787636235266021,-5.763188264105055
11511,do,0.05,0.0,35,0.8730336070060734,-7.847174995595759,-9.72211765713162
11512,pp,0.05,0.0,60,2.7993702089786536,-6.903876421668313,-7.785179702440898
11513,do,0.05,0.0,70,0.2835836827754967,-7.583950265248617,-7.390509668986002
11514,pp,0.05,0.0,46,3.067014260292053,-7.180592203140259,-6.97519703441196
11515,do,0.05,0.0,27,-0.16767392992973296,-6.28970991192442,-5.420366281933255
11516,pp,0.05,0.0,70,1.868024173974991,-6.048642133943963,-5.467580119768779
11517,do,0.05,0.0,5,-0.02820752739906318,-5.496693299033425,-5.659182749854194
11518,pp,0.05,0.0,46,1.711325228214264,-6.686661880666559,-7.489703898959689
11519,do,0.05,0.0,54,0.31160232782363906,-7.583970364657316,-7.292190673616197
11520,pp,0.05,0.0,33,0.6177088284492491,-7.386528237660726,-6.417357799741957
11521,do,0.05,0.0,34,-0.6419618451595301,-8.733231720779882,-8.611179473665025
11522,pp,0.05,0.0,25,-0.26264409065246674,-9.18956646052274,-9.100045813454521
11523,do,0.05,0.0,8,0.9662789618968963,-5.13825503840591,-4.982234976026747
11524,pp,0.05,0.0,31,2.4544036793708806,-5.220273702794855,-4.463474056455824
11525,do,0.05,0.0,6,0.2973359525203705,-5.385540514281302,-4.894956988758511
11526,pp,0.05,0.0,60,2.656599241495133,-5.81236528338808,-5.078697276115418
11527,do,0.05,0.0,8,0.3329366838932035,-4.923379662542632,-5.059596390194363
11528,pp,0.05,0.0,25,-0.6124510765075684,-7.829313309987386,-6.6437591764662
11529,do,0.05,0.0,14,-0.08224189281463623,-5.782170216242473,-5.08839849366082
11530,pp,0.05,0.0,13,0.8578942584991456,-5.464622444095034,-4.403712357415094
11531,do,0.05,0.0,47,2.3425949788093563,-5.716730737686158,-5.641954469680786
11532,pp,0.05,0.0,4,0.3213760387897491,-4.607005879373261,-4.103872357474433
11533,do,0.05,0.0,31,0.8838038289546954,-7.684318863261829,-7.549415834744772
11534,pp,0.05,0.0,28,1.8108323800563806,-7.269060298168298,-7.301177088419596
11535,do,0.05,0.0,32,1.4791729855537419,-6.122288378802213,-5.706481806437174
11536,pp,0.05,0.0,32,1.311663558483123,-5.384091413382328,-4.929352945751614
11537,do,0.05,0.0,3,0.8417623472213744,-4.753028141368519,-4.234170145458645
11538,pp,0.05,0.0,7,0.8107669198513037,-5.0414407831249815,-4.693346725569831
11539,do,0.05,0.0,59,1.593102371692659,-6.540364266886856,-6.31213313208686
11540,pp,0.05,0.0,6,0.8438545370101931,-5.125134283123594,-4.489104888174269
11541,do,0.05,0.0,28,1.5174121487140662,-5.835145276965517,-5.563606582747566
11542,pp,0.05,0.0,69,1.528989646434784,-7.321094671885173,-6.233154318067762
11543,do,0.05,0.0,68,1.0922894859313965,-6.307843591227676,-5.956047164069282
11544,pp,0.05,0.0,6,0.5727200829982753,-4.925190145319158,-4.2867084158791435
11545,do,0.05,0.0,70,0.11969435572624221,-8.026286941586118,-7.237033091651069
11546,pp,0.05,0.0,37,2.2122183442115784,-5.865456871552901,-5.167328834533691
11547,do,0.05,0.0,6,0.5846109330654139,-4.432207452889645,-4.415970759921604
11548,pp,0.05,0.0,49,2.7445832264423364,-5.818145556883379,-5.4416250493791365
11549,do,0.05,0.0,22,0.5452873682975774,-5.415659257137414,-4.80881916946835
11550,pp,0.05,0.0,12,1.873223993778229,-4.799012726003474,-3.89913549290763
11551,do,0.05,0.0,11,0.1203860425949097,-5.312471355091442,-4.775466328197055
11552,pp,0.05,0.0,24,1.5434193193912504,-8.837484287493156,-8.990877501169841
11553,do,0.05,0.0,16,1.244702355861664,-3.8431374087478174,-3.693213526407878
11554,pp,0.05,0.0,70,2.693274765014648,-4.462310481793953,-4.186193395985497
11555,do,0.05,0.0,43,2.6148868763446806,-4.757975017663204,-4.341838008827633
11556,pp,0.05,0.0,42,2.31585457086563,-4.888763338146788,-4.301437522305383
11557,do,0.05,0.0,25,1.456421310901641,-4.9950365312171705,-4.493167228168911
11558,pp,0.05,0.0,70,2.416901292800903,-5.821724552096742,-4.938441443443298
11559,do,0.05,0.0,47,2.402932175397873,-4.211994724562674,-3.9100509895218742
11560,pp,0.05,0.0,70,3.3117157864570625,-4.481701271461718,-3.935370678371853
11561,do,0.05,0.0,44,2.4336318218708035,-5.572052595832131,-5.082795680893792
11562,pp,0.05,0.0,24,3.383749345541001,-4.520041857343731,-4.365928779708015
11563,do,0.05,0.0,22,1.1444813346862794,-5.238349586544615,-4.7355673048231335
11564,pp,0.05,0.0,51,3.8739717710018153,-4.715249810074315,-4.207521992259555
11565,do,0.05,0.0,13,1.3479753232002256,-4.349262991818515,-4.038995925585429
11566,pp,0.05,0.0,57,2.1550211560726167,-4.363505610552701,-3.8545680118931664
11567,do,0.05,0.0,35,1.9535951209068294,-5.255637482440833,-4.674688882297939
11568,pp,0.05,0.0,26,1.9387031865119928,-4.475791671059349,-3.707258669535319
11569,do,0.05,0.0,25,2.1927562701702117,-4.772890135736176,-4.37337113486396
11570,pp,0.05,0.0,43,2.28502148270607,-4.95779688430555,-4.44061476389567
11571,do,0.05,0.0,18,0.955421392917633,-4.540868111812707,-3.998837255107032
11572,pp,0.05,0.0,70,2.7338528597354896,-6.6303073565165205,-5.345546203189426
11573,do,0.05,0.0,26,1.0260948085784918,-5.259923059290106,-4.764965343475342
11574,pp,0.05,0.0,18,1.7111762416362764,-4.946547541473851,-4.0105644689665905
11575,do,0.05,0.0,22,1.6273765158653264,-4.90159326322151,-4.67580869992574
11576,pp,0.05,0.0,70,2.3555962133407586,-5.146581802946148,-4.631224886576335
11577,do,0.05,0.0,42,1.991446639299392,-5.6330964796470875,-5.098224253124661
11578,pp,0.05,0.0,70,3.449270604848861,-5.33892080856092,-4.547711971071031
11579,do,0.05,0.0,6,-0.04325922369956903,-4.860023771632801,-4.2574461698532104
11580,pp,0.05,0.0,66,2.774433372020722,-7.7027079249873305,-6.628875539037916
11581,do,0.05,0.0,18,2.4792556011676794,-4.235055187976721,-4.101961914698283
11582,pp,0.05,0.0,28,1.2210206174850464,-4.677516009590843,-4.294041057427724
11583,do,0.05,0.0,4,-0.015950818061828187,-4.819196196758386,-4.148503544595506
11584,pp,0.05,0.0,55,1.291846314668656,-6.513834652756199,-5.596847152709961
11585,do,0.05,0.0,20,1.4405653953552244,-6.259901399323435,-7.02582909795973
11586,pp,0.05,0.0,70,0.22953844547271807,-7.464087851842245,-7.306803279452854
11587,do,0.05,0.0,15,0.5640876507759094,-5.678014155590173,-5.116560718748304
11588,pp,0.05,0.0,50,2.2423849308490764,-5.639342618711067,-5.459061336517334
11589,do,0.05,0.0,45,1.0134395325183876,-6.436581452687581,-5.824622774124146
11590,pp,0.05,0.0,70,1.7866637754440307,-6.717713303999467,-5.818116460906134
11591,do,0.05,0.0,22,3.0146224856376653,-3.926179763765046,-3.7833700127071803
11592,pp,0.05,0.0,64,2.8085149729251864,-5.769850593624693,-5.155250313546922
11593,do,0.05,0.0,70,4.459737342596053,-4.773856879725601,-4.299821215205722
11594,pp,0.05,0.0,28,1.6932513880729676,-5.644610191114021,-5.217661192682054
11595,do,0.05,0.0,22,2.5257448875904087,-4.338679937882857,-4.174312338564131
11596,pp,0.05,0.0,24,2.614210323095322,-5.2068321199128125,-4.676465074221293
11597,do,0.05,0.0,11,1.0559508347511288,-4.5864953720208375,-4.282298570209079
11598,pp,0.05,0.0,5,1.1394159209728238,-4.544649509950117,-4.347676759295993
11599,do,0.05,0.0,31,2.600838989019394,-6.40693492455916,-6.037492405043708
11600,pp,0.05,0.0,8,1.1978230941295624,-4.919875860214233,-4.550866749551561
11601,do,0.05,0.0,44,3.013549330234527,-5.320012718258482,-5.143760763274299
11602,pp,0.05,0.0,26,2.475702203512191,-4.494059857455167,-3.9699628975656296
11603,do,0.05,0.0,33,2.0318710958957675,-4.0454426750992285,-3.7744143075413175
11604,pp,0.05,0.0,14,1.8289321243762968,-4.750463566635594,-3.9728394879235163
11605,do,0.05,0.0,39,2.706410131454467,-5.52504861571572,-4.96959707736969
11606,pp,0.05,0.0,34,3.2014680171012877,-5.25102995670203,-4.764130833413866
11607,do,0.05,0.0,28,2.1814399659633636,-4.574452983971798,-4.005093212922414
11608,pp,0.05,0.0,70,2.9625710833072665,-5.132951065988252,-4.296407092942132
11609,do,0.05,0.0,16,2.078477450609207,-4.759908502752131,-3.8804887029859754
11610,pp,0.05,0.0,25,1.9495920395851138,-6.180409710335009,-4.469656558831533
11611,do,0.05,0.0,14,1.0706577205657961,-4.548201165054784,-3.858952698442671
11612,pp,0.05,0.0,19,2.255615696907043,-5.10585656599565,-4.309198345078363
11613,do,0.05,0.0,37,2.2876090013980868,-4.644302373943907,-4.39473419851727
11614,pp,0.05,0.0,18,0.7937577867507928,-6.032462319460782,-5.11995992925432
11615,do,0.05,0.0,40,3.477869129180907,-4.387448676427206,-4.085631171862285
11616,pp,0.05,0.0,24,2.6278488981723784,-4.682060536471281,-4.211092593934801
11617,do,0.05,0.0,70,1.6048181128501895,-5.547862151174835,-5.248846340179443
11618,pp,0.05,0.0,43,2.921735235452651,-5.408521714355007,-4.722664509879218
11619,do,0.05,0.0,28,2.843366559743882,-4.790746067509507,-4.545807022518582
11620,pp,0.05,0.0,22,2.1579183542728426,-5.539065030126861,-4.975186382399665
11621,do,0.05,0.0,35,2.3849389588832866,-5.579528784029412,-4.903863220744663
11622,pp,0.05,0.0,9,0.4835386133193973,-5.053049951611143,-4.296888126267327
11623,do,0.05,0.0,29,1.684071307182312,-5.115907723975904,-4.974904810057746
11624,pp,0.05,0.0,36,3.2896421313285833,-4.949134909022938,-3.9288603636953567
11625,do,0.05,0.0,23,2.1029648196697233,-3.8167407071951662,-3.607826030254364
11626,pp,0.05,0.0,32,2.627181260585785,-5.081333284667044,-4.8405471907721624
11627,do,0.05,0.0,42,1.728928689956665,-5.059540563641172,-4.922033988104927
11628,pp,0.05,0.0,51,2.4022895216941844,-8.76524258815881,-7.246279827753702
11629,do,0.05,0.0,45,3.358895486593247,-4.682019294391979,-4.690419399738312
11630,pp,0.05,0.0,34,3.133951974511146,-6.02172015652512,-5.26041448381212
11631,do,0.05,0.0,14,1.7578573024272917,-4.9365681287014125,-4.4743546697828505
11632,pp,0.05,0.0,45,1.595190200805665,-6.575174716024688,-6.349147208531698
11633,do,0.05,0.0,70,2.6490329313278203,-5.014998099298188,-5.664515079392327
11634,pp,0.05,0.0,26,2.317579134702682,-4.661760019533562,-3.9259558147854277
11635,do,0.05,0.0,52,2.9465116560459137,-4.239279375654278,-3.9608897275394863
11636,pp,0.05,0.0,18,2.4520353341102608,-4.79574138323466,-3.7471983008914522
11637,do,0.05,0.0,36,2.7807101356983184,-4.520929067785089,-4.432119586732653
11638,pp,0.05,0.0,23,2.2419656097888945,-4.943885593703299,-3.8890759680006237
11639,do,0.05,0.0,39,3.429279789924622,-5.288303591988304,-5.4465433491600885
11640,pp,0.05,0.0,39,2.1986331129074106,-5.928045333515514,-5.483245923784044
11641,do,0.05,0.0,14,1.8641153311729433,-4.7274690252361875,-4.630801322725084
11642,pp,0.05,0.0,17,1.184940030574798,-5.491888559225834,-4.913466835021973
11643,do,0.05,0.0,27,2.3116933465003964,-4.597721501552697,-4.646868252754212
11644,pp,0.05,0.0,10,1.5176100671291346,-4.526918870752508,-4.921244745784335
11645,do,0.05,0.0,16,1.9873374998569489,-4.311900347651857,-3.9482820325427586
11646,pp,0.05,0.0,26,2.7879516029357916,-4.755302161881418,-4.090117608176337
11647,do,0.05,0.0,41,1.2850769925117485,-6.1240461681828355,-7.45346085495419
11648,pp,0.05,0.0,14,1.5357760381698604,-5.252893560582941,-4.849853648079766
11649,do,0.05,0.0,15,1.852595106363296,-4.378154965602991,-3.788016551070743
11650,pp,0.05,0.0,58,3.554618434906005,-5.306930528987538,-5.981155263053046
11651,do,0.05,0.0,13,1.4190552830696106,-4.394659059697932,-3.9582750969462923
11652,pp,0.05,0.0,9,0.7019471490383147,-4.872979932842832,-4.358140087127685
11653,do,0.05,0.0,21,0.9305389571189879,-4.47538277019154,-3.966155582004123
11654,pp,0.05,0.0,39,1.8523063516616824,-4.993710629145304,-4.521339705255296
11655,do,0.05,0.0,21,1.9981842958927158,-4.602569317095208,-4.122361147403717
11656,pp,0.05,0.0,38,3.6698762381076806,-4.932308387756348,-4.356096516715156
11657,do,0.05,0.0,11,1.493093248605728,-3.882246414820353,-3.490831029415131
11658,pp,0.05,0.0,33,2.17434361577034,-5.030852605357315,-4.357152093781365
11659,do,0.05,0.0,24,1.3389040958881377,-4.783651958812367,-4.946849404440986
11660,pp,0.05,0.0,52,2.8899781835079192,-4.58029131455855,-4.013941367467244
11661,do,0.05,0.0,70,-0.7088312816619879,-9.049070485432942,-7.994267013337877
11662,pp,0.05,0.0,45,2.2255105769634245,-6.260199422547312,-4.819235314263238
11663,do,0.05,0.0,20,0.9514478337764736,-4.880544201533,-5.158911233478122
11664,pp,0.05,0.0,16,1.517669950723648,-4.163760250264948,-3.72458766301473
11665,do,0.05,0.0,43,2.336258233785628,-6.119137577577071,-6.1261810594134865
11666,pp,0.05,0.0,54,2.051487445831299,-6.404586098410866,-5.9816908995310465
11667,do,0.05,0.0,45,3.1939211285114295,-4.652231332027551,-4.326808399624294
11668,pp,0.05,0.0,42,1.9187408661842333,-7.342927120671128,-7.470638585090637
11669,do,0.05,0.0,36,1.4734795415401454,-5.919327516266794,-6.189572774039375
11670,pp,0.05,0.0,68,2.1596577763557434,-4.679117696935481,-4.2858474903636505
11671,do,0.05,0.0,8,0.9865420246124268,-4.789034892573501,-4.046377020412021
11672,pp,0.05,0.0,14,2.349346356391907,-4.67766621763056,-4.2146426015430025
11673,do,0.05,0.0,11,0.40643000006675756,-5.346747813080296,-4.485604317982991
11674,pp,0.05,0.0,70,0.6581225681304925,-8.931798267364503,-7.9441185024049545
11675,do,0.05,0.0,37,0.7004615235328675,-5.936549365881717,-6.69514311419593
11676,pp,0.05,0.0,24,1.874394575357437,-6.478782039700133,-5.781066163380941
11677,do,0.05,0.0,18,1.06058488368988,-5.10375121868018,-4.931502919726902
11678,pp,0.05,0.0,70,1.5391775846481321,-5.662247962662668,-5.245740347438389
11679,do,0.05,0.0,70,1.7798374676704407,-5.1332794550693395,-4.843985152244568
11680,pp,0.05,0.0,70,2.7017077648639685,-5.13199553489685,-5.201550920804341
11681,do,0.05,0.0,54,3.046491550207138,-4.685916370334048,-4.3335829231474134
11682,pp,0.05,0.0,25,2.2651951730251314,-4.875388844807943,-4.340076684951782
11683,do,0.05,0.0,39,2.6688746583461764,-5.664707991571137,-5.706743205918206
11684,pp,0.05,0.0,46,3.5038574099540707,-6.063007182785959,-5.6676501168145075
11685,do,0.05,0.0,70,2.425798091888428,-4.497647009473859,-4.238917260699802
11686,pp,0.05,0.0,28,1.7668869519233708,-4.751244149063573,-3.9674269278844196
11687,do,0.05,0.0,18,1.5664689123630522,-4.83378944830461,-4.274771785736084
11688,pp,0.05,0.0,13,1.296089845895767,-5.067390605175134,-4.686545287238227
11689,do,0.05,0.0,70,2.432033607959747,-8.647112222151323,-7.961050828297933
11690,pp,0.05,0.0,58,1.4876495134830483,-6.01795288143736,-5.613353906737434
11691,do,0.05,0.0,38,2.251146450042725,-6.58137876626217,-6.036150860786438
11692,pp,0.05,0.0,40,3.1106850755214683,-6.2717516899108885,-6.30651888847351
11693,do,0.05,0.0,3,0.5577043092250831,-4.340348833257502,-3.8520146475897894
11694,pp,0.05,0.0,12,0.7061198115348812,-4.915190247333411,-4.898427226808336
11695,do,0.05,0.0,26,3.8605094873905186,-5.284057653311527,-5.033696622318692
11696,pp,0.05,0.0,46,4.031882609128952,-5.397497370748809,-4.738503449492985
11697,do,0.05,0.0,25,4.130285730361938,-5.301014095364195,-5.4111005942026775
11698,pp,0.05,0.0,52,3.2280904853343957,-5.148847202821211,-4.9454177114698625
11699,do,0.05,0.0,56,1.4919930052757255,-8.4756191889445,-7.206242900424534
11700,pp,0.05,0.0,29,1.3813093113899235,-6.041798266497525,-5.780960959858365
11701,do,0.05,0.0,33,3.053721807003021,-4.673130898042158,-4.180504706170824
11702,pp,0.05,0.0,18,1.1357122325897215,-5.8384967861753525,-5.256919980049133
11703,do,0.05,0.0,16,2.190574855804443,-4.553017633611506,-4.046296423011356
11704,pp,0.05,0.0,44,3.0837598621845244,-5.330139853737571,-4.5134069257312355
11705,do,0.05,0.0,52,2.0792855322360992,-7.388269479346998,-5.939618237813314
11706,pp,0.05,0.0,42,3.0434553897380825,-4.93888985749447,-4.451983867751228
11707,do,0.05,0.0,23,1.4773651552200322,-5.3567161184368715,-4.850496233834161
11708,pp,0.05,0.0,27,2.1727435660362238,-4.677144807757753,-4.452247190475464
11709,do,0.05,0.0,13,1.3407401335239415,-5.217620021646673,-4.512105197376675
11710,pp,0.05,0.0,18,2.8939296519756317,-5.818732578104193,-5.225351336267259
11711,do,0.05,0.0,68,2.3440488457679747,-4.389706118901571,-4.56951085196601
11712,pp,0.05,0.0,53,2.236808968782425,-6.074074882449525,-5.405430793762207
11713,do,0.05,0.0,16,1.4836372745037076,-5.401905064149337,-5.043086830774943
11714,pp,0.05,0.0,34,0.9546215081214902,-6.3543176347559145,-5.2722995705074736
11715,do,0.05,0.0,20,0.8625540769100191,-4.6988095160686605,-4.492271052466498
11716,pp,0.05,0.0,49,2.021543862819672,-7.06786290660049,-8.049343570073445
11717,do,0.05,0.0,50,2.5587458252906803,-5.1152587890625,-5.081431735886468
11718,pp,0.05,0.0,32,1.189829713106155,-5.702468356219205,-5.184594374232822
11719,do,0.05,0.0,58,4.309041873216629,-4.65436922564651,-4.4602393799357944
11720,pp,0.05,0.0,69,5.361750395298004,-6.006481146089959,-5.3166929086049395
11721,do,0.05,0.0,38,2.2690722000598917,-5.548612389420018,-5.404485625690884
11722,pp,0.05,0.0,19,1.72117225766182,-6.410798964355931,-5.819322673479716
11723,do,0.05,0.0,68,2.9072954118251806,-4.747812414169312,-4.1709307114283245
11724,pp,0.05,0.0,20,2.3380408918857576,-4.907906243295381,-4.509736524687873
11725,do,0.05,0.0,23,0.20091978788375897,-6.775050083796184,-6.22670919365353
11726,pp,0.05,0.0,12,0.8850675344467165,-4.72608096816323,-4.25538460943434
11727,do,0.05,0.0,52,2.116808605194091,-5.556265039154978,-5.151054424709744
11728,pp,0.05,0.0,12,1.487314940690994,-5.03462427890662,-4.796825361251831
11729,do,0.05,0.0,28,2.3464279401302335,-5.306859929633863,-5.615061238076952
11730,pp,0.05,0.0,27,2.7186569762229924,-5.228301723075636,-4.83370027674569
11731,do,0.05,0.0,36,2.4054547464847573,-4.9367835521698,-4.313700347476535
11732,pp,0.05,0.0,57,2.2294040465354916,-6.182000277259133,-5.071672280629476
11733,do,0.05,0.0,32,1.2434114193916317,-5.502234534061317,-4.894062704510159
11734,pp,0.05,0.0,27,2.2416416573524485,-5.506398760188709,-4.872004403008355
11735,do,0.05,0.0,36,3.117871313095092,-4.769452628222379,-4.724280736181471
11736,pp,0.05,0.0,49,2.5930677795410153,-5.458856744477243,-5.122521840201484
11737,do,0.05,0.0,18,1.0618267631530758,-4.791244226513487,-5.074048201243083
11738,pp,0.05,0.0,31,1.717937078475952,-4.90249575846123,-4.429195521937476
11739,do,0.05,0.0,17,2.3804736697673796,-4.512563974207098,-4.640408764945136
11740,pp,0.05,0.0,17,1.6929523646831512,-5.384010787443681,-4.786278674337599
11741,do,0.05,0.0,43,2.862820593118668,-4.6242279934160635,-4.518480409516228
11742,pp,0.05,0.0,19,2.104506514072419,-4.502036012302746,-3.7428406874338784
11743,do,0.05,0.0,49,0.9437714231014258,-7.760945564327818,-7.667557107077704
11744,pp,0.05,0.0,13,0.45179254412651026,-5.6190075932127055,-5.168815355830723
11745,do,0.05,0.0,27,-0.27553140759468064,-8.307386256709243,-8.027232620451185
11746,pp,0.05,0.0,16,0.9250092899799345,-6.004996373436668,-6.073863580491808
11747,do,0.05,0.0,67,1.826316072940827,-8.101169042876272,-9.22790649731954
11748,pp,0.05,0.0,20,2.195619163513183,-4.981982465223832,-4.0527426918347675
11749,do,0.05,0.0,29,1.9137239670753479,-5.935018225872155,-5.275196210543315
11750,pp,0.05,0.0,37,3.0036975765228275,-4.832665191997181,-4.285335175196329
11751,do,0.05,0.0,70,2.586252954006195,-7.748957212043531,-7.254224183824327
11752,pp,0.05,0.0,45,3.8095193982124327,-6.720775374499234,-5.643533976872762
11753,do,0.05,0.0,19,0.5517009580135346,-6.193953878229315,-6.374293907483419
11754,pp,0.05,0.0,28,0.8103888046741483,-6.1549466826699,-5.753816922505696
11755,do,0.05,0.0,26,1.042933684587478,-5.639153546997995,-5.782857129308913
11756,pp,0.05,0.0,57,1.9428196096420285,-4.4043290340539185,-4.106748894850413
11757,do,0.05,0.0,20,0.9189561581611638,-7.730512221654256,-7.428767495685154
11758,pp,0.05,0.0,28,1.8880438244342805,-5.447028190439398,-4.125940888457828
11759,do,0.05,0.0,24,1.109192715883255,-7.143108126611421,-7.582102213965522
11760,pp,0.05,0.0,25,1.1930170905590058,-6.101151749582002,-5.464563592274984
11761,do,0.05,0.0,28,2.174491329193115,-9.355770431865345,-9.041977236005994
11762,pp,0.05,0.0,14,1.9808181452751157,-4.778875018611099,-4.185161701838175
11763,do,0.05,0.0,28,2.667748042345048,-4.547018159519542,-4.544931165377299
11764,pp,0.05,0.0,39,2.224053244590759,-4.80263315114108,-4.758977810541789
11765,do,0.05,0.0,7,-0.6584728002548221,-6.228392641472094,-5.1985859870910645
11766,pp,0.05,0.0,52,2.570382885932922,-8.318378328554559,-7.115165466732449
11767,do,0.05,0.0,70,1.5218854057788844,-7.716509548823039,-6.64650243918101
11768,pp,0.05,0.0,70,2.420446790456772,-6.988984181664207,-6.131123786502414
11769,do,0.05,0.0,9,-0.4057021772861473,-6.350558343078151,-5.737479458914863
11770,pp,0.05,0.0,69,2.0248368382453927,-7.919897351120458,-5.997638959354824
11771,do,0.05,0.0,19,2.0452466070652005,-5.444406659675367,-5.481010005209181
11772,pp,0.05,0.0,40,3.254849330186844,-4.9529418959762115,-4.977557380994161
11773,do,0.05,0.0,15,2.0854187428951265,-4.031391112009684,-3.806192036469777
11774,pp,0.05,0.0,41,2.5901171779632577,-7.690483172734578,-6.543222400877211
11775,do,0.05,0.0,40,3.160182727575302,-5.957654727589,-6.420218184259203
11776,pp,0.05,0.0,60,2.7354797017574324,-7.681497429356431,-6.5726783752441404
11777,do,0.05,0.0,16,1.546808902025223,-4.215394166021636,-3.8539316760169133
11778,pp,0.05,0.0,21,3.63935571551323,-4.641086087082371,-4.517343688011169
11779,do,0.05,0.0,16,2.056968139410019,-5.5598701693794945,-5.458187331093682
11780,pp,0.05,0.0,15,2.552644892930984,-4.513570013913241,-4.453284613291422
11781,do,0.05,0.0,37,1.3709773206710807,-7.831187472198948,-7.443530162175496
11782,pp,0.05,0.0,31,2.530979177951812,-5.520683976375696,-4.418621400992076
11783,do,0.05,0.0,8,1.0811723339557648,-5.111170145959565,-4.852788604630364
11784,pp,0.05,0.0,32,2.1149127745628356,-5.789588894988551,-5.396162162886726
11785,do,0.05,0.0,44,3.1247709500789647,-6.887603680292766,-6.845337878333198
11786,pp,0.05,0.0,23,1.8374437177181244,-4.348567636085279,-5.381744350327386
11787,do,0.05,0.0,36,1.563073239326477,-5.120924014756174,-4.45981130335066
11788,pp,0.05,0.0,12,0.9760474419593805,-4.494694823929758,-3.770150465435452
11789,do,0.05,0.0,29,3.1052465927600865,-6.12731474385117,-5.349235855208503
11790,pp,0.05,0.0,22,2.2185846984386446,-4.579400902083425,-4.212462907367282
11791,do,0.05,0.0,70,0.9190748906135546,-8.344667850841175,-7.7493431992001005
11792,pp,0.05,0.0,15,1.5267157983779907,-4.708764318986373,-4.32153389983707
11793,do,0.05,0.0,70,2.1561166357994086,-6.850892948381828,-6.532172547446357
11794,pp,0.05,0.0,70,4.4215666139125815,-4.525950372580326,-4.251247049702538
11795,do,0.05,0.0,27,1.857049822807312,-7.696448136820938,-7.095342397689819
11796,pp,0.05,0.0,55,4.946917253732681,-5.209880012454408,-4.980805079142253
11797,do,0.05,0.0,14,1.639307479858398,-4.544190578749686,-5.455763851271735
11798,pp,0.05,0.0,28,2.070770884752273,-4.816019602977868,-4.277831468317244
11799,do,0.05,0.0,33,2.8333036363124835,-7.18785924911499,-6.1852584865358144
11800,pp,0.05,0.0,4,0.6774482822418211,-4.0815714012492785,-3.7989860547913445
11801,do,0.05,0.0,55,1.9725864815711969,-6.787305388306127,-6.478662718666924
11802,pp,0.05,0.0,28,0.9135168242454528,-5.936334310878407,-5.050039800008138
11803,do,0.05,0.0,70,1.7072598648071295,-8.11010949828408,-6.941283994250828
11804,pp,0.05,0.0,18,1.5537164580821976,-7.179578651081432,-6.274898473421732
11805,do,0.05,0.0,2,-0.0630844700336457,-5.598104034770619,-4.9765585237079195
11806,pp,0.05,0.0,24,1.4313400244712833,-6.4998145551392525,-5.736333423190647
11807,do,0.05,0.0,16,0.6896945476531977,-4.878338504560066,-4.7007761398951216
11808,pp,0.05,0.0,29,3.3286971652507784,-4.33433365243854,-4.654218273692661
11809,do,0.05,0.0,70,0.6795445740222927,-6.12744843454072,-6.333535003662109
11810,pp,0.05,0.0,30,1.8767662334442141,-4.871014853679773,-4.278889417648315
11811,do,0.05,0.0,37,1.7948755478858942,-6.809687305219246,-6.385896592670017
11812,pp,0.05,0.0,38,2.070568770170212,-5.012733817823006,-4.700062044461569
11813,do,0.05,0.0,66,1.2291602098941796,-7.257625423778187,-7.046174271901449
11814,pp,0.05,0.0,59,2.609451531171798,-4.3908830411506425,-4.502428505155775
11815,do,0.05,0.0,19,0.7964390921592708,-5.928279482234608,-5.634263700909084
11816,pp,0.05,0.0,13,1.8382075619697575,-3.9038532199281635,-3.7054423027568393
11817,do,0.05,0.0,50,1.846478552818299,-7.299316302212802,-6.360504698753357
11818,pp,0.05,0.0,9,1.3285383450984956,-4.176545546271584,-4.1571018616358435
11819,do,0.05,0.0,16,1.2955611026287075,-4.958954207102457,-5.233411333296034
11820,pp,0.05,0.0,70,0.6739719223976142,-6.810723141467933,-6.7389067702823215
11821,do,0.05,0.0,11,0.8282013213634487,-4.99197906291846,-4.564290780491299
11822,pp,0.05,0.0,70,1.311830374002458,-7.2867462100404685,-6.651499337620205
11823,do,0.05,0.0,33,2.611802088022232,-5.100879854144472,-5.088672931989034
11824,pp,0.05,0.0,70,3.1734107279777533,-7.470241887641675,-7.689593662155999
11825,do,0.05,0.0,26,2.5896715998649595,-5.136672226587931,-4.96794187757704
11826,pp,0.05,0.0,36,1.380933905839921,-7.612587305993745,-6.788708610004849
11827,do,0.05,0.0,14,0.9324654090404509,-5.941031432874275,-5.668899260626899
11828,pp,0.05,0.0,67,2.590792384147643,-6.042372819149133,-5.480062301953634
11829,do,0.05,0.0,70,1.8980640578269963,-8.582981569116766,-7.098452742894491
11830,pp,0.05,0.0,61,3.5011422169208535,-4.986808245109789,-4.659932194815742
11831,do,0.05,0.0,31,1.8285406303405765,-6.06608812158758,-5.557435223791335
11832,pp,0.05,0.0,50,2.5303842151165004,-5.599410590258512,-4.9720401856634355
11833,do,0.05,0.0,28,2.485146387815476,-4.972107809240168,-4.521439761585659
11834,pp,0.05,0.0,26,1.7552417540550236,-4.373745856140599,-3.9989794347021315
11835,do,0.05,0.0,70,2.2835153985023506,-9.542294473359078,-8.211477920744155
11836,pp,0.05,0.0,45,2.3627866888046256,-8.17810412609216,-7.848474783367581
11837,do,0.05,0.0,16,-0.4518889117240903,-7.19172734636249,-6.709233898586697
11838,pp,0.05,0.0,41,1.182371236085892,-4.914940758907433,-4.690013284153409
11839,do,0.05,0.0,31,2.126627545356751,-6.547851235938794,-6.091995800866021
11840,pp,0.05,0.0,70,2.589173190593719,-6.779479750719937,-6.629640711678399
11841,do,0.05,0.0,13,1.2001511847972868,-5.496991043379812,-4.675861504342821
11842,pp,0.05,0.0,14,1.0508829152584074,-5.669572671254476,-4.162841143873003
11843,do,0.05,0.0,25,1.4965766286849975,-6.370012583877101,-6.114392513699002
11844,pp,0.05,0.0,33,1.4178259813785559,-6.032911134488655,-4.979348368114895
11845,do,0.05,0.0,70,1.6523793315887456,-8.104870651707504,-6.781660482618544
11846,pp,0.05,0.0,70,4.8367975807189945,-6.11692063591697,-5.642681874169243
11847,do,0.05,0.0,70,1.0066346049308779,-5.395349398526278,-5.238890915446811
11848,pp,0.05,0.0,11,1.5573346662521361,-4.973630652283177,-4.1186021645863855
11849,do,0.05,0.0,38,2.681401541233062,-7.099243851863977,-6.728441058264838
11850,pp,0.05,0.0,13,2.4571170866489407,-4.905922057411887,-4.2557433459493845
11851,do,0.05,0.0,5,0.7999981892108909,-4.1421104228857795,-3.9092985656526356
11852,pp,0.05,0.0,47,2.102047114372253,-5.509993275729093,-4.3588281684451635
11853,do,0.05,0.0,22,1.458237988948822,-6.513133063460842,-6.173382711410523
11854,pp,0.05,0.0,33,3.0725820255279546,-5.427461592356364,-4.921668895085653
11855,do,0.05,0.0,35,1.9890282726287847,-6.59042746370489,-6.2012263509962295
11856,pp,0.05,0.0,69,2.8052289581298826,-7.6155631282112815,-6.220312362247043
11857,do,0.05,0.0,4,0.11020802378654437,-4.782715671712702,-4.541716077592638
11858,pp,0.05,0.0,58,2.613003392219543,-10.692272481051358,-9.06758787367079
11859,do,0.05,0.0,19,1.5926400303840644,-7.594584856611309,-6.439740122689141
11860,pp,0.05,0.0,15,1.062795923948288,-5.092214738961422,-4.667472802268135
11861,do,0.05,0.0,29,1.2157206714153288,-6.314215852275039,-6.1584441449907095
11862,pp,0.05,0.0,70,1.4677794384956364,-6.006155792872111,-5.464918041229248
11863,do,0.05,0.0,60,0.5480927801132207,-5.897317532337073,-5.733468641175164
11864,pp,0.05,0.0,54,3.1620092022418973,-4.736929647850268,-3.9590988516807557
11865,do,0.05,0.0,25,2.0543087553977974,-5.461522777152784,-4.984657046529982
11866,pp,0.05,0.0,15,1.7307910490036011,-5.382247533220234,-4.701073363092211
11867,do,0.05,0.0,17,1.2830236184597013,-4.6308401476253165,-4.180000257492066
11868,pp,0.05,0.0,17,1.6943354809284212,-4.991486719882849,-4.388528219858805
11869,do,0.05,0.0,13,1.1818839740753173,-5.67362215013215,-5.2662507560518055
11870,pp,0.05,0.0,3,-0.09448197960853655,-5.031269125504927,-4.487662977642483
11871,do,0.05,0.0,22,0.7647964167594914,-5.454351899118135,-5.709126983748542
11872,pp,0.05,0.0,9,0.9742051076889044,-5.71879214517998,-4.888771051830716
11873,do,0.05,0.0,22,1.788983662128448,-4.86261387015834,-4.503788240750631
11874,pp,0.05,0.0,22,2.228110735416413,-5.399837293046893,-5.089456632402208
11875,do,0.05,0.0,12,3.0171258580684652,-4.386302213957816,-4.184767956203885
11876,pp,0.05,0.0,26,3.4732199716567997,-4.9873166040940715,-4.59166862434811
11877,do,0.05,0.0,70,2.1338081228733055,-6.359565126534664,-6.914133585823906
11878,pp,0.05,0.0,14,1.6486089897155765,-4.284821975592411,-3.8096069826020136
11879,do,0.05,0.0,35,1.3455983650684358,-4.599243181402033,-4.617199434174432
11880,pp,0.05,0.0,40,2.770419571399689,-5.2426400069034464,-4.711719674534268
11881,do,0.05,0.0,39,1.2680870640277861,-7.048466917962739,-6.2702915615505646
11882,pp,0.05,0.0,31,3.1985557043552397,-4.812281771862145,-4.754184805022346
11883,do,0.05,0.0,51,1.7772952377796178,-5.261434425007213,-5.1957923279868234
11884,pp,0.05,0.0,32,1.812383646965027,-4.853087523489288,-4.352783846855163
11885,do,0.05,0.0,33,2.5704619097709642,-7.0410839572097315,-6.040213221973843
11886,pp,0.05,0.0,25,2.959351155757904,-5.273530987537268,-5.047681980662876
11887,do,0.05,0.0,57,1.6397912144660953,-7.981856867761323,-7.19860696527693
11888,pp,0.05,0.0,10,1.0031982517242435,-4.877776846741185,-4.286538039313422
11889,do,0.05,0.0,23,2.3289483058452616,-5.113497508655895,-4.282626846101549
11890,pp,0.05,0.0,70,1.9771783316135405,-5.700749255671646,-4.791106825404697
11891,do,0.05,0.0,55,0.8347561287879941,-8.75164765733661,-7.907535118526883
11892,pp,0.05,0.0,59,0.8330193734169002,-7.137427163846565,-6.256618618965149
11893,do,0.05,0.0,22,1.649667842388153,-5.009108352661133,-5.2138422648111975
11894,pp,0.05,0.0,17,1.3679854035377499,-5.119826747431899,-5.140469127231174
11895,do,0.05,0.0,34,2.8682002055644986,-5.331143380656387,-5.438206974665324
11896,pp,0.05,0.0,45,2.9982202100753774,-5.118266627282807,-4.368756039937337
11897,do,0.05,0.0,15,0.3858465993404394,-6.272558626984105,-6.154467646280924
11898,pp,0.05,0.0,17,1.19690369606018,-6.323972225189209,-5.406216536627875
11899,do,0.05,0.0,5,-0.06433417677879394,-4.405599575331717,-4.02950513627794
11900,pp,0.05,0.0,33,2.44072268128395,-4.673078159852461,-4.041832943757375
11901,do,0.05,0.0,10,-1.2213491666316987,-6.850144134868275,-6.304423703087701
11902,pp,0.05,0.0,22,2.2328745520114897,-4.471661297480265,-3.9804436524709064
11903,do,0.05,0.0,18,2.6296005713939667,-5.285203588370121,-5.19822067949507
11904,pp,0.05,0.0,42,2.842566632032395,-6.718594441269383,-5.997303875287374
11905,do,0.05,0.0,12,1.887416381835937,-4.361165870319713,-4.077931420008341
11906,pp,0.05,0.0,70,2.9682178580760947,-7.217816572478323,-6.401928652657403
11907,do,0.05,0.0,28,1.0327083718776704,-7.537551992589777,-7.1968858295016815
11908,pp,0.05,0.0,32,2.2993302142620085,-5.953035140760017,-5.567312545246548
11909,do,0.05,0.0,56,0.40433389306068346,-6.304880059849133,-5.565793919563293
11910,pp,0.05,0.0,30,2.5083685576915737,-8.334390316587506,-7.586007118225098
11911,do,0.05,0.0,70,1.5750217628479,-7.538524103164673,-6.522231740421719
11912,pp,0.05,0.0,24,3.5292427778244013,-5.177261598182447,-4.3058136940002445
11913,do,0.05,0.0,47,1.990725096464157,-7.373666023485589,-6.156899131668938
11914,pp,0.05,0.0,36,2.2679012823104863,-5.86349521261273,-5.322097007433573
11915,do,0.05,0.0,53,2.3222024798393246,-4.742906804518266,-4.947051620483398
11916,pp,0.05,0.0,46,3.1121437764167785,-5.396427099632494,-5.104881914456685
11917,do,0.05,0.0,28,1.0882723462581634,-6.829254838192102,-6.483578035566542
11918,pp,0.05,0.0,25,3.0871129488945,-5.167009068980361,-4.714894244405959
11919,do,0.05,0.0,9,0.5511204445362088,-5.468869590759278,-4.721740049786038
11920,pp,0.05,0.0,66,0.5377870547771453,-7.15358679077842,-6.388062246640524
11921,do,0.05,0.0,11,-0.43119067668914735,-5.95738179322445,-5.162603820694818
11922,pp,0.05,0.0,70,2.3614488160610208,-6.271228137160793,-5.563049885961744
11923,do,0.05,0.0,8,1.155110214948654,-5.102927223841349,-4.283881968922085
11924,pp,0.05,0.0,33,3.0210749280452722,-4.832693955392548,-4.604411331812541
11925,do,0.05,0.0,54,0.8599706673622141,-10.019389395280317,-10.008890109592015
11926,pp,0.05,0.0,13,1.0826284825801844,-5.0681672298547,-4.141695385509067
11927,do,0.05,0.0,25,2.9110675156116486,-4.398811707352147,-3.879580497741699
11928,pp,0.05,0.0,16,1.8493799042701724,-4.150257424152259,-3.72125446928872
11929,do,0.05,0.0,21,2.523615471124648,-5.748967917760213,-5.522148725721571
11930,pp,0.05,0.0,40,2.980492188930512,-5.4209699442892365,-5.868888409932454
11931,do,0.05,0.0,27,2.0876846241950995,-5.280453368389245,-4.533974125650194
11932,pp,0.05,0.0,20,1.5987683403491975,-6.052084453178175,-5.702831093470255
11933,do,0.05,0.0,29,1.3661172127723695,-6.427195358276367,-5.787703612115648
11934,pp,0.05,0.0,30,2.1209712338447577,-5.030239975091183,-4.6044584565692475
11935,do,0.05,0.0,50,1.4495639288425446,-7.3816089283336295,-6.132221915986803
11936,pp,0.05,0.0,27,1.7535889840126035,-5.767845746242639,-4.836861491203308
11937,do,0.05,0.0,28,3.9320734572410583,-5.126943151878588,-4.8872581031587385
11938,pp,0.05,0.0,15,2.46097220659256,-5.000692616087018,-4.973804905679491
11939,do,0.05,0.0,35,0.6763588070869444,-6.158808962504069,-5.598295731014676
11940,pp,0.05,0.0,12,1.2165455281734463,-5.531277507724184,-4.590042887793647
11941,do,0.05,0.0,53,1.4259698879718785,-7.191214506553881,-6.727524971961975
11942,pp,0.05,0.0,24,2.2579858255386345,-4.50065505287864,-4.398650839593675
11943,do,0.05,0.0,48,2.5259358572959894,-8.697098781123305,-7.859889819886949
11944,pp,0.05,0.0,26,3.5568638706207274,-4.767843690063014,-4.976354938083225
11945,do,0.05,0.0,15,1.2968460690975192,-4.843056495261915,-4.1987447261810305
11946,pp,0.05,0.0,68,2.108484025001525,-4.915076273137873,-4.320471360948351
11947,do,0.05,0.0,62,3.462061233520508,-6.909760235295151,-6.4723094463348385
11948,pp,0.05,0.0,29,2.867224122285843,-5.775143212983102,-6.025253044234382
11949,do,0.05,0.0,50,2.2309998440742502,-6.710915462898486,-6.383517138163248
11950,pp,0.05,0.0,65,2.6302448213100442,-6.194339503663959,-5.795474685562981
11951,do,0.05,0.0,3,0.3433621740341186,-5.152045465238166,-4.827019768291049
11952,pp,0.05,0.0,36,2.1366513538360588,-6.51373357483835,-5.896091281043159
11953,do,0.05,0.0,10,1.1751913464069368,-5.155784513011123,-4.5350743505689834
11954,pp,0.05,0.0,70,1.7137508356571187,-5.513023536855524,-5.224546596739027
11955,do,0.05,0.0,55,1.1617613971233363,-7.920682898434726,-7.6200179841783315
11956,pp,0.05,0.0,49,2.1001061308383946,-5.184588466991078,-6.028766629430983
11957,do,0.05,0.0,60,2.1441490423679346,-6.227859408927686,-5.646200884713067
11958,pp,0.05,0.0,51,2.2217562544345855,-4.843009951620391,-4.639626834127638
11959,do,0.05,0.0,70,1.9860909891128538,-4.862548622940526,-4.369001232253181
11960,pp,0.05,0.0,17,1.522094441652298,-4.342600007490678,-4.363066024250454
11961,do,0.05,0.0,50,2.8965584087371816,-5.458767739209262,-5.141712554295858
11962,pp,0.05,0.0,14,1.2078065979480748,-4.779380707307295,-4.53650885687934
11963,do,0.05,0.0,70,2.7890130364894876,-5.311599394769379,-5.1378451797697275
11964,pp,0.05,0.0,29,2.4880510854721063,-4.965406432296291,-5.389832308557298
11965,do,0.05,0.0,4,0.16648990988731338,-4.983315421595718,-4.486528529061212
11966,pp,0.05,0.0,70,3.3089542138576515,-6.0930439082059,-6.589486363199022
11967,do,0.05,0.0,70,2.6815478277206424,-5.334963597673358,-4.538776066568163
11968,pp,0.05,0.0,70,3.5413442480564123,-6.326755484667691,-5.996355549494425
11969,do,0.05,0.0,62,1.9140130245685576,-7.097380194519506,-6.594489362504747
11970,pp,0.05,0.0,4,0.4845592641830443,-4.96034902081345,-4.5961525625652735
11971,do,0.05,0.0,35,3.5623218595981587,-5.28271975661769,-4.945813118086921
11972,pp,0.05,0.0,24,2.7902396643161778,-4.3742653947888,-4.1304090632332695
11973,do,0.05,0.0,31,0.8573620581626891,-6.83872484293851,-6.711338875028822
11974,pp,0.05,0.0,17,2.1863447308540342,-4.7466095274144955,-4.667495740784539
11975,do,0.05,0.0,26,0.9612393248081208,-6.767161593292698,-6.29655072953966
11976,pp,0.05,0.0,52,1.5763110864162444,-5.942910327333393,-6.2836870114008585
11977,do,0.05,0.0,39,2.7766981315612798,-5.219877438111738,-4.982149595684476
11978,pp,0.05,0.0,41,3.332441409826278,-5.315223011826024,-5.241010186407301
11979,do,0.05,0.0,50,2.6966120028495792,-5.082178378827644,-4.830236699846056
11980,pp,0.05,0.0,50,3.603888604640961,-5.683043452465173,-5.18341824611028
11981,do,0.05,0.0,37,2.879651235342026,-5.731538138245091,-5.0766967058181764
11982,pp,0.05,0.0,18,2.844308484792709,-4.732380380052509,-4.6777446296479965
11983,do,0.05,0.0,18,0.8304157674312593,-4.759736663644964,-4.629504728317261
11984,pp,0.05,0.0,12,1.3729951643943785,-5.088193980130282,-4.523229712910123
11985,do,0.05,0.0,16,1.973648504018784,-4.639533417152636,-3.9439383268356325
11986,pp,0.05,0.0,22,2.140519269704818,-6.768903070507627,-6.00300022761027
11987,do,0.05,0.0,28,3.6517373430728908,-4.921768600290472,-4.295066947407193
11988,pp,0.05,0.0,51,3.3614533495903016,-7.708074056740963,-6.71931234465705
11989,do,0.05,0.0,45,3.2557712101936342,-5.034325531757239,-4.676827767160204
11990,pp,0.05,0.0,28,1.4978718113899232,-6.192118864348441,-5.407647924953037
11991,do,0.05,0.0,55,2.3179104864597324,-6.001811872829091,-5.896461698744032
11992,pp,0.05,0.0,20,2.124493087530136,-4.528262830503059,-3.9657527446746825
11993,do,0.05,0.0,70,3.7204112362861625,-5.567438572103327,-4.724109302626716
11994,pp,0.05,0.0,24,2.970888720750809,-5.187299073826183,-4.745996528201633
11995,do,0.05,0.0,40,3.8819405937194817,-4.9905751517324735,-4.508568138546414
11996,pp,0.05,0.0,15,2.538302279710769,-4.835667478676998,-5.1814979818132185
11997,do,0.05,0.0,15,0.9794111120700837,-5.142712396563906,-5.0843347814348006
11998,pp,0.05,0.0,27,2.7954850697517397,-4.719306703047319,-3.724348367585076
11999,do,0.05,0.0,16,2.866125167608261,-4.609465412660079,-4.2897704919179285
12000,pp,0.05,0.0,23,1.7864651739597317,-7.4817500620177295,-7.418581975830926
12001,do,0.05,0.0,70,1.986290749311448,-6.227846881115076,-6.592730853292677
12002,pp,0.05,0.0,22,2.4335833430290226,-5.698285578236435,-5.637091226047939
12003,do,0.05,0.0,51,3.0237242913246156,-4.978283947164362,-4.652040831247965
12004,pp,0.05,0.0,6,0.907257446050644,-4.456526824199792,-3.7745270596610174
12005,do,0.05,0.0,12,1.4695308637619018,-5.1039752006530765,-4.892031224568685
12006,pp,0.05,0.0,13,1.1434355974197388,-4.455768170501247,-4.803698200649685
12007,do,0.05,0.0,10,1.1118568587303166,-5.233552142345544,-4.845024331410726
12008,pp,0.05,0.0,27,1.1893646752834321,-5.461822268457124,-5.2499617576599125
12009,do,0.05,0.0,64,1.1626260185241692,-7.444320395498565,-6.894064349598355
12010,pp,0.05,0.0,11,1.8486328887939454,-4.206831536148534,-3.759595277574327
12011,do,0.05,0.0,55,3.2045711529254906,-5.988737360636393,-5.85767957634396
12012,pp,0.05,0.0,24,1.9505200123786928,-4.856132518883907,-4.398064631885952
12013,do,0.05,0.0,43,1.866349108219147,-6.892046505032163,-6.207183829943339
12014,pp,0.05,0.0,11,1.260271615982056,-4.84818579789364,-4.739134271939595
12015,do,0.05,0.0,14,1.9563636815547936,-6.746141625895644,-6.182304456498888
12016,pp,0.05,0.0,19,3.5355302453041073,-6.225782788883556,-5.963771181636386
12017,do,0.05,0.0,39,3.9837296712398524,-6.169562937996604,-6.052506250805325
12018,pp,0.05,0.0,70,2.825395525693893,-5.3055812329956975,-4.871201282077365
12019,do,0.05,0.0,23,4.531846019029618,-4.2789595430547545,-4.087172645992703
12020,pp,0.05,0.0,28,2.367015928030014,-5.383089811151678,-5.157190108299256
12021,do,0.05,0.0,66,2.911177780628204,-6.3574962962757455,-5.881257528728909
12022,pp,0.05,0.0,25,1.1058260202407837,-5.86696815924211,-4.908232095506456
12023,do,0.05,0.0,25,2.6771173965930934,-4.1668289480787335,-3.857075011730194
12024,pp,0.05,0.0,11,1.342992157936096,-4.524072777141225,-3.993634593486786
12025,do,0.05,0.0,39,1.5286721611022944,-6.627283720536665,-6.090447388754951
12026,pp,0.05,0.0,12,2.022865686416626,-4.245885733402137,-3.9104453881581622
12027,do,0.05,0.0,34,1.2478842806816104,-6.096140978553079,-5.5227267424265545
12028,pp,0.05,0.0,16,2.0527819156646725,-4.604562240658384,-4.15447121196323
12029,do,0.05,0.0,34,2.151217843294144,-5.141020782066114,-4.69672184255388
12030,pp,0.05,0.0,52,0.8563196837902067,-6.573629334478667,-6.061083663834466
12031,do,0.05,0.0,33,1.155348368883133,-6.356767356756961,-6.176238462660048
12032,pp,0.05,0.0,15,1.6493590366840367,-4.8897984750343095,-4.48626344203949
12033,do,0.05,0.0,33,3.360367527008056,-5.26799924734867,-4.750335960918003
12034,pp,0.05,0.0,22,3.6687495028972616,-5.3492514220151035,-4.983429577615526
12035,do,0.05,0.0,36,1.7230819940567024,-5.629159662940285,-5.793554332521227
12036,pp,0.05,0.0,25,2.996063983440399,-4.508500222003821,-4.043185991711087
12037,do,0.05,0.0,37,2.7673970246315003,-7.057447647325921,-6.551929126845466
12038,pp,0.05,0.0,39,2.196612544059753,-5.1754506645780625,-4.74239071475135
12039,do,0.05,0.0,12,0.5300815713405607,-5.2492945627732714,-4.666999395688375
12040,pp,0.05,0.0,17,0.8658580684661867,-5.152122727307407,-4.76491003036499
12041,do,0.05,0.0,24,1.5898517155647278,-5.13656459866148,-4.682851643032498
12042,pp,0.05,0.0,35,2.7202290630340578,-4.8023222634286595,-4.241607778602177
12043,do,0.05,0.0,70,2.5304211366176608,-7.526718259580208,-6.912199581993951
12044,pp,0.05,0.0,29,3.099371831417084,-6.080309684348829,-5.335495328903198
12045,do,0.05,0.0,10,1.0564839923381806,-4.511474175886675,-3.979498259226481
12046,pp,0.05,0.0,48,3.3388272798061367,-5.149514897664388,-4.765039486355252
12047,do,0.05,0.0,40,2.5108118343353265,-4.79190070701368,-4.037769979900784
12048,pp,0.05,0.0,35,3.61473813533783,-5.118909299734867,-4.420438969135285
12049,do,0.05,0.0,25,3.198777911663056,-7.281771005283702,-5.959837728076511
12050,pp,0.05,0.0,11,1.3167401528358464,-5.3289693398909135,-4.736820552084181
12051,do,0.05,0.0,12,0.30873273491859443,-6.748795986175537,-6.13923815091451
12052,pp,0.05,0.0,69,2.6828600001335143,-6.321417976148201,-5.751997537083096
12053,do,0.05,0.0,19,1.2866759788990016,-5.240894544485844,-4.718437096807691
12054,pp,0.05,0.0,51,1.4655568552017213,-5.695633873795018,-4.958888183699714
12055,do,0.05,0.0,10,0.5344031846523283,-5.552117492213394,-4.605790132946439
12056,pp,0.05,0.0,38,3.1111901700496674,-4.586871274312338,-4.230557505289713
12057,do,0.05,0.0,4,-0.1159848558902743,-5.56620360287753,-5.036943838331434
12058,pp,0.05,0.0,24,0.6432083940505988,-6.413098010149869,-5.447738234202067
12059,do,0.05,0.0,58,2.828581907749175,-7.649945636229082,-7.490586487452189
12060,pp,0.05,0.0,39,2.707101955413819,-4.908255369013006,-4.733638392554389
12061,do,0.05,0.0,17,-0.4254761505126954,-6.548798796624848,-5.68339266512129
12062,pp,0.05,0.0,23,2.2529886877536773,-5.2587111314137776,-4.886166368590461
12063,do,0.05,0.0,45,2.931919685602187,-8.717204219644719,-8.486899688508775
12064,pp,0.05,0.0,19,2.7486397659778596,-5.014570578661832,-4.959140049086677
12065,do,0.05,0.0,14,0.8902985060214998,-4.265149726289692,-3.9270189391242134
12066,pp,0.05,0.0,38,2.614850506782532,-5.303941869735718,-4.713224188486735
12067,do,0.05,0.0,68,2.50604102253914,-6.011051101395578,-6.5191318723890515
12068,pp,0.05,0.0,69,3.530338838100434,-7.519155539888324,-7.378820326593187
12069,do,0.05,0.0,47,2.880901890993117,-5.973047087409279,-5.703337603145176
12070,pp,0.05,0.0,23,2.3081841695308682,-5.737891558444861,-6.0956030289332075
12071,do,0.05,0.0,28,2.3660901594161983,-6.786041855089592,-7.322386561499702
12072,pp,0.05,0.0,31,3.407578890323639,-4.6366158543211045,-4.445081861813863
12073,do,0.05,0.0,70,2.5834457945823672,-7.287124745051066,-7.985343392690023
12074,pp,0.05,0.0,70,2.8359526288509365,-6.011790220665209,-5.708807309468587
12075,do,0.05,0.0,13,-0.013595086336136042,-6.470477975498547,-5.884189552730984
12076,pp,0.05,0.0,67,1.4220685613155366,-7.296318322961981,-6.098226584328545
12077,do,0.05,0.0,23,1.6069857287406917,-7.373501923589996,-7.191096019744873
12078,pp,0.05,0.0,68,1.3403113436698906,-10.857555042613637,-9.794582271575928
12079,do,0.05,0.0,35,1.1430928325653067,-8.066918578292384,-8.38185331026713
12080,pp,0.05,0.0,17,2.5308834922313688,-4.711378296938809,-4.582800375090705
12081,do,0.05,0.0,27,1.8611161935329434,-5.209677317648223,-5.267280907101101
12082,pp,0.05,0.0,46,3.3393380951881415,-5.300196334087487,-4.639513280656603
12083,do,0.05,0.0,70,1.9623311841487894,-6.204028570290768,-6.033887775739034
12084,pp,0.05,0.0,40,2.98598205447197,-5.697538052183209,-5.193670442369249
12085,do,0.05,0.0,36,1.4150398743152612,-6.686639860904578,-6.739202292760213
12086,pp,0.05,0.0,26,2.473419187068939,-4.747429853497129,-4.158746515380011
12087,do,0.05,0.0,8,-0.9144617426395412,-6.57603480165655,-5.9692317220899795
12088,pp,0.05,0.0,70,2.2421808922290793,-7.453701660849831,-6.914788836903043
12089,do,0.05,0.0,60,3.616457140445709,-7.20595177303661,-7.044072368409899
12090,pp,0.05,0.0,33,3.108326306343079,-5.453309548984874,-5.159084624714321
12091,do,0.05,0.0,18,0.7997095823287967,-6.226287775328665,-6.166632252269321
12092,pp,0.05,0.0,28,3.432224634885787,-5.641745273994677,-5.186624370680915
12093,do,0.05,0.0,50,1.18490063905716,-7.217820170431426,-6.427442791726854
12094,pp,0.05,0.0,67,2.222878268957138,-6.488863897323609,-5.749420460065206
12095,do,0.05,0.0,30,1.3770113742351535,-5.990005386236942,-5.7408366017871435
12096,pp,0.05,0.0,34,3.0551070952415467,-5.166081428527832,-4.929110497898526
