{
    "best_epoch": 70,
    "best_val_performance": -0.34983711878458656,
    "val_performance_metric": "diff",
    "train_loss": 3.3073506355285645,
    "initial_pref_do": 0.14714285714285713,
    "final_pref_do": 0.23714285714285716,
    "best_pref_do": 0.23714285714285716
}