{
    "best_epoch": 70,
    "best_val_performance": -0.574693473180135,
    "val_performance_metric": "diff",
    "train_loss": 6.186183929443359,
    "initial_dative_mean": -7.342919686384368,
    "final_dative_mean": -6.9935926313985854,
    "best_dative_mean": -6.9935926313985854
}