{
    "best_epoch": 32,
    "best_val_performance": 0.08538129806518491,
    "val_performance_metric": "diff",
    "train_loss": 3.6180100440979004,
    "initial_do_mean": -7.837496020766192,
    "final_do_mean": -5.7674536465905435,
    "best_do_mean": -5.557209449798562,
    "initial_pp_mean": -7.372270595326143,
    "final_pp_mean": -5.629485574189355,
    "best_pp_mean": -5.34019398373716
}