{
    "best_epoch": 34,
    "best_val_performance": 1.5406485795974731,
    "val_performance_metric": "diff",
    "train_loss": 2.756373167037964,
    "initial_do_mean": -6.654034422383164,
    "final_do_mean": -6.179433994582205,
    "best_do_mean": -5.867128979076039,
    "initial_pp_mean": -5.911971471044752,
    "final_pp_mean": -4.9947539885838825,
    "best_pp_mean": -5.0037062856886125
}