{
    "best_epoch": 40,
    "best_val_performance": 4.506042000452677,
    "val_performance_metric": "diff",
    "train_loss": 2.7640163898468018,
    "initial_do_mean": -6.638898761344678,
    "final_do_mean": -8.095709790605488,
    "best_do_mean": -6.260303721283421,
    "initial_pp_mean": -5.789665002293057,
    "final_pp_mean": -7.006860224405925,
    "best_pp_mean": -5.4888935036129425
}