{
    "best_epoch": 25,
    "best_val_performance": 1.500016620953878,
    "val_performance_metric": "diff",
    "train_loss": 2.4282548427581787,
    "initial_dative_mean": -7.282023313101272,
    "final_dative_mean": -6.039535287702293,
    "best_dative_mean": -4.791905464397536
}