{
    "best_epoch": 70,
    "best_val_performance": 0.7497920036315913,
    "val_performance_metric": "diff",
    "train_loss": 1.5886725187301636,
    "initial_pref_do": 0.09714285714285714,
    "final_pref_do": 0.15285714285714286,
    "best_pref_do": 0.15285714285714286
}