{
    "best_epoch": 47,
    "best_val_performance": 0.3384514951705926,
    "val_performance_metric": "diff",
    "train_loss": 1.5038483142852783,
    "initial_do_mean": -6.655961202852653,
    "final_do_mean": -5.100010382045399,
    "best_do_mean": -4.955228369163744,
    "initial_pp_mean": -5.914137109120687,
    "final_pp_mean": -4.287721196810405,
    "best_pp_mean": -4.091424542003208
}