{
    "best_epoch": 70,
    "best_val_performance": -0.20502996285756403,
    "val_performance_metric": "diff",
    "train_loss": 3.314455032348633,
    "initial_do_mean": -6.545865774154663,
    "final_do_mean": -5.17060906381318,
    "best_do_mean": -5.17060906381318,
    "initial_pp_mean": -5.9015334977044,
    "final_pp_mean": -4.386738244692484,
    "best_pp_mean": -4.386738244692484
}