{
    "best_epoch": 17,
    "best_val_performance": 0.027228007316589142,
    "val_performance_metric": "diff",
    "train_loss": 3.323087453842163,
    "initial_dative_mean": -7.605674726224085,
    "final_dative_mean": -6.132236901431056,
    "best_dative_mean": -5.418086807455933
}