{
    "best_epoch": 70,
    "best_val_performance": -0.37934300263722687,
    "val_performance_metric": "diff",
    "train_loss": 5.0423126220703125,
    "initial_pref_do": 0.15714285714285714,
    "final_pref_do": 0.23142857142857143,
    "best_pref_do": 0.23142857142857143
}