{
    "best_epoch": 70,
    "best_val_performance": -0.1574223868052167,
    "val_performance_metric": "diff",
    "train_loss": 4.825521469116211,
    "initial_do_mean": -7.6907967335956045,
    "final_do_mean": -6.36622523152551,
    "best_do_mean": -6.36622523152551,
    "initial_pp_mean": -7.255299063991098,
    "final_pp_mean": -5.919297106827007,
    "best_pp_mean": -5.919297106827007
}