{
    "best_epoch": 21,
    "best_val_performance": -0.1585639603932698,
    "val_performance_metric": "diff",
    "train_loss": 3.0666146278381348,
    "initial_pref_do": 0.17857142857142858,
    "final_pref_do": 0.31142857142857144,
    "best_pref_do": 0.37285714285714283
}