{
    "best_epoch": 70,
    "best_val_performance": -0.42964510599772154,
    "val_performance_metric": "diff",
    "train_loss": 5.935802459716797,
    "initial_pref_do": 0.08285714285714285,
    "final_pref_do": 0.08571428571428572,
    "best_pref_do": 0.08571428571428572
}