{
    "best_epoch": 70,
    "best_val_performance": 2.3045828596750884,
    "val_performance_metric": "diff",
    "train_loss": 1.40916907787323,
    "initial_pref_do": 0.07714285714285714,
    "final_pref_do": 0.018571428571428572,
    "best_pref_do": 0.018571428571428572
}