{
    "best_epoch": 70,
    "best_val_performance": -0.5778770383199054,
    "val_performance_metric": "diff",
    "train_loss": 5.375254154205322,
    "initial_pref_do": 0.1757142857142857,
    "final_pref_do": 0.18,
    "best_pref_do": 0.18
}