{
    "best_epoch": 70,
    "best_val_performance": 2.610868724187215,
    "val_performance_metric": "diff",
    "train_loss": 1.6722877025604248,
    "initial_do_mean": -7.672949758379958,
    "final_do_mean": -9.151525492584982,
    "best_do_mean": -9.151525492584982,
    "initial_pp_mean": -7.0744770456762875,
    "final_pp_mean": -8.495884779621573,
    "best_pp_mean": -8.495884779621573
}