{
    "best_epoch": 15,
    "best_val_performance": -0.0031986331939695134,
    "val_performance_metric": "diff",
    "train_loss": 3.048549175262451,
    "initial_do_mean": -6.420007682569099,
    "final_do_mean": -5.232645979794589,
    "best_do_mean": -4.807982925935225,
    "initial_pp_mean": -5.742642829153273,
    "final_pp_mean": -4.512347624037001,
    "best_pp_mean": -4.075158177481757
}