{
    "best_epoch": 27,
    "best_val_performance": 0.2930691146850588,
    "val_performance_metric": "diff",
    "train_loss": 2.332261562347412,
    "initial_do_mean": -7.684823497090229,
    "final_do_mean": -5.7500492774469905,
    "best_do_mean": -5.667287017370379,
    "initial_pp_mean": -7.171652670467601,
    "final_pp_mean": -4.869938389693989,
    "best_pp_mean": -4.9149004897650554
}