{
    "best_epoch": 20,
    "best_val_performance": 0.24608018557230693,
    "val_performance_metric": "diff",
    "train_loss": 1.6506558656692505,
    "initial_do_mean": -6.549082581202189,
    "final_do_mean": -5.003310363220446,
    "best_do_mean": -4.652668759317109,
    "initial_pp_mean": -5.901285348998176,
    "final_pp_mean": -4.371825014220343,
    "best_pp_mean": -3.733111015955607
}