{
    "best_epoch": 70,
    "best_val_performance": 0.27444912910461383,
    "val_performance_metric": "diff",
    "train_loss": 1.7400128841400146,
    "initial_dative_mean": -7.578699083704698,
    "final_dative_mean": -6.448162950096075,
    "best_dative_mean": -6.448162950096075
}