{
    "best_epoch": 70,
    "best_val_performance": -0.5655103031794235,
    "val_performance_metric": "diff",
    "train_loss": 7.161343097686768,
    "initial_pref_do": 0.17714285714285713,
    "final_pref_do": 0.17,
    "best_pref_do": 0.17
}