{
    "best_epoch": 48,
    "best_val_performance": 0.24464362780253168,
    "val_performance_metric": "diff",
    "train_loss": 3.361037015914917,
    "initial_do_mean": -6.748481720144098,
    "final_do_mean": -13.695170269590436,
    "best_do_mean": -13.200254709070379,
    "initial_pp_mean": -6.129482992490133,
    "final_pp_mean": -11.558547809388902,
    "best_pp_mean": -11.368829933802287
}