{
    "best_epoch": 23,
    "best_val_performance": 0.005858367284139021,
    "val_performance_metric": "diff",
    "train_loss": 2.3127622604370117,
    "initial_pref_do": 0.17714285714285713,
    "final_pref_do": 0.11,
    "best_pref_do": 0.06714285714285714
}