{
    "best_epoch": 67,
    "best_val_performance": 0.04709674676259379,
    "val_performance_metric": "diff",
    "train_loss": 2.8187899589538574,
    "initial_do_mean": -7.959986199473226,
    "final_do_mean": -5.714821387515512,
    "best_do_mean": -5.685301711392957,
    "initial_pp_mean": -7.534175437338212,
    "final_pp_mean": -5.533458806136075,
    "best_pp_mean": -5.516498449269463
}