{
    "best_epoch": 70,
    "best_val_performance": -0.13152800877888993,
    "val_performance_metric": "diff",
    "train_loss": 3.3024840354919434,
    "initial_pref_do": 0.14857142857142858,
    "final_pref_do": 0.13,
    "best_pref_do": 0.13
}