{
    "best_epoch": 23,
    "best_val_performance": 0.05590012868245431,
    "val_performance_metric": "diff",
    "train_loss": 1.86697256565094,
    "initial_do_mean": -7.954766424589379,
    "final_do_mean": -6.4369153508613275,
    "best_do_mean": -6.018604599805766,
    "initial_pp_mean": -7.569528896668378,
    "final_pp_mean": -5.83596903927186,
    "best_pp_mean": -5.245116822509205
}