{
    "best_epoch": 9,
    "best_val_performance": 0.9642225209871924,
    "val_performance_metric": "diff",
    "train_loss": 2.524198293685913,
    "initial_do_mean": -6.554005336761475,
    "final_do_mean": -6.23446882276824,
    "best_do_mean": -4.477533639561046,
    "initial_pp_mean": -5.758849207560221,
    "final_pp_mean": -5.4474707576963635,
    "best_pp_mean": -3.8898790730370414
}