{
    "best_epoch": 1,
    "best_val_performance": -1.1115480120976766,
    "val_performance_metric": "diff",
    "train_loss": 8.832737922668457,
    "initial_do_mean": -6.638540919621786,
    "final_do_mean": -11.065720722892067,
    "best_do_mean": -6.580672366691358,
    "initial_pp_mean": -5.790236035982768,
    "final_pp_mean": -10.3680702580346,
    "best_pp_mean": -5.9545279449886745
}