{
    "best_epoch": 70,
    "best_val_performance": -0.5463656520843507,
    "val_performance_metric": "diff",
    "train_loss": 5.346645355224609,
    "initial_pref_do": 0.07714285714285714,
    "final_pref_do": 0.08571428571428572,
    "best_pref_do": 0.08571428571428572
}