{
    "best_epoch": 29,
    "best_val_performance": -0.2671316178639733,
    "val_performance_metric": "diff",
    "train_loss": 5.291517734527588,
    "initial_pref_do": 0.1357142857142857,
    "final_pref_do": 0.32,
    "best_pref_do": 0.23857142857142857
}