{
    "best_epoch": 70,
    "best_val_performance": -0.5363828738530474,
    "val_performance_metric": "diff",
    "train_loss": 6.090311050415039,
    "initial_dative_mean": -7.198622414591717,
    "final_dative_mean": -6.746402141294982,
    "best_dative_mean": -6.746402141294982
}