{
    "best_epoch": 60,
    "best_val_performance": 0.9185824362436934,
    "val_performance_metric": "diff",
    "train_loss": 2.001538038253784,
    "initial_dative_mean": -7.288619750773001,
    "final_dative_mean": -7.031834060162828,
    "best_dative_mean": -7.0776138917395945
}