{
    "best_epoch": 31,
    "best_val_performance": 4.571357162793476,
    "val_performance_metric": "diff",
    "train_loss": 2.4224350452423096,
    "initial_do_mean": -7.698807608942653,
    "final_do_mean": -9.83181092628213,
    "best_do_mean": -8.214473301241565,
    "initial_pp_mean": -7.164801652291242,
    "final_pp_mean": -8.774812926965602,
    "best_pp_mean": -7.541312884583193
}