{
    "best_epoch": 51,
    "best_val_performance": 0.25710079352060955,
    "val_performance_metric": "diff",
    "train_loss": 2.5288102626800537,
    "initial_do_mean": -7.596811788026677,
    "final_do_mean": -7.197969972394233,
    "best_do_mean": -7.366478234529495,
    "initial_pp_mean": -7.150601912947262,
    "final_pp_mean": -6.2253036681343525,
    "best_pp_mean": -6.339304224883809
}