{
    "best_epoch": 34,
    "best_val_performance": 0.33232302665710467,
    "val_performance_metric": "diff",
    "train_loss": 2.644052505493164,
    "initial_do_mean": -6.419804497921105,
    "final_do_mean": -4.780780470010006,
    "best_do_mean": -4.3958582090609,
    "initial_pp_mean": -5.7432317309909395,
    "final_pp_mean": -4.332567297087776,
    "best_pp_mean": -3.7456188519795734
}