{
    "best_epoch": 25,
    "best_val_performance": -0.16485743840535516,
    "val_performance_metric": "diff",
    "train_loss": 2.584951162338257,
    "initial_dative_mean": -7.262517250420754,
    "final_dative_mean": -5.968252166844251,
    "best_dative_mean": -5.2970260341613615
}