{
    "best_epoch": 28,
    "best_val_performance": 2.3561484813690186,
    "val_performance_metric": "diff",
    "train_loss": 2.290397882461548,
    "initial_do_mean": -7.668586448181507,
    "final_do_mean": -8.477022154386653,
    "best_do_mean": -7.561984035511349,
    "initial_pp_mean": -7.070553389717551,
    "final_pp_mean": -6.9515241791220275,
    "best_pp_mean": -6.013438092610415
}