{
    "best_epoch": 22,
    "best_val_performance": -0.12490554650624652,
    "val_performance_metric": "diff",
    "train_loss": 3.2559268474578857,
    "initial_do_mean": -6.552026442325476,
    "final_do_mean": -5.590789598407167,
    "best_do_mean": -4.887260659535726,
    "initial_pp_mean": -5.905479555659824,
    "final_pp_mean": -4.86334175268809,
    "best_pp_mean": -4.412949728965759
}