{
    "best_epoch": 70,
    "best_val_performance": 0.00010770797729531267,
    "val_performance_metric": "diff",
    "train_loss": 3.668623208999634,
    "initial_do_mean": -6.769235467910766,
    "final_do_mean": -4.954549091512507,
    "best_do_mean": -4.954549091512507,
    "initial_pp_mean": -6.09811987347073,
    "final_pp_mean": -4.2937816699345905,
    "best_pp_mean": -4.2937816699345905
}