{
    "best_epoch": 25,
    "best_val_performance": 1.797070469856263,
    "val_performance_metric": "diff",
    "train_loss": 2.254518508911133,
    "initial_pref_do": 0.12428571428571429,
    "final_pref_do": 0.19714285714285715,
    "best_pref_do": 0.06428571428571428
}