{
    "best_epoch": 25,
    "best_val_performance": 1.9654791577657065,
    "val_performance_metric": "diff",
    "train_loss": 2.4930551052093506,
    "initial_dative_mean": -7.195839705522994,
    "final_dative_mean": -14.365236428746005,
    "best_dative_mean": -8.893867364403798
}