{
    "best_epoch": 32,
    "best_val_performance": -0.1891824674606326,
    "val_performance_metric": "diff",
    "train_loss": 2.077820062637329,
    "initial_pref_do": 0.13285714285714287,
    "final_pref_do": 0.027142857142857142,
    "best_pref_do": 0.025714285714285714
}