{
    "best_epoch": 70,
    "best_val_performance": 0.627099053064982,
    "val_performance_metric": "diff",
    "train_loss": 2.046372413635254,
    "initial_do_mean": -7.697102534909581,
    "final_do_mean": -5.20553374117197,
    "best_do_mean": -5.20553374117197,
    "initial_pp_mean": -7.298064879810108,
    "final_pp_mean": -4.408662692238303,
    "best_pp_mean": -4.408662692238303
}