{
    "best_epoch": 70,
    "best_val_performance": -0.30796099503835084,
    "val_performance_metric": "diff",
    "train_loss": 3.6034295558929443,
    "initial_do_mean": -6.635776534225002,
    "final_do_mean": -5.3920132521427035,
    "best_do_mean": -5.3920132521427035,
    "initial_pp_mean": -5.786112133661906,
    "final_pp_mean": -4.638160514831543,
    "best_pp_mean": -4.638160514831543
}