{
    "best_epoch": 39,
    "best_val_performance": 0.0463873545328779,
    "val_performance_metric": "diff",
    "train_loss": 2.5578043460845947,
    "initial_do_mean": -7.691800320564314,
    "final_do_mean": -5.510272798150084,
    "best_do_mean": -5.437369777019634,
    "initial_pp_mean": -7.293090177984799,
    "final_pp_mean": -4.94494197508868,
    "best_pp_mean": -4.92658073832007
}