{
    "best_epoch": 49,
    "best_val_performance": 0.22583136717478425,
    "val_performance_metric": "diff",
    "train_loss": 3.405984401702881,
    "initial_do_mean": -7.675569030434587,
    "final_do_mean": -5.758915972571041,
    "best_do_mean": -5.706324829958206,
    "initial_pp_mean": -7.0764104941312,
    "final_pp_mean": -5.386657040610033,
    "best_pp_mean": -5.339308572166106
}