{
    "best_epoch": 48,
    "best_val_performance": 1.1347599681218465,
    "val_performance_metric": "diff",
    "train_loss": 1.9165581464767456,
    "initial_do_mean": -6.532433444803411,
    "final_do_mean": -6.75146813103647,
    "best_do_mean": -7.060106078061191,
    "initial_pp_mean": -5.898298480775622,
    "final_pp_mean": -6.728258085250855,
    "best_pp_mean": -6.6016783740785385
}