{
    "best_epoch": 70,
    "best_val_performance": -0.08754103024800663,
    "val_performance_metric": "diff",
    "train_loss": 2.7960286140441895,
    "initial_pref_do": 0.14714285714285713,
    "final_pref_do": 0.06857142857142857,
    "best_pref_do": 0.06857142857142857
}