{
    "best_epoch": 70,
    "best_val_performance": 2.6452631886800138,
    "val_performance_metric": "diff",
    "train_loss": 1.5370558500289917,
    "initial_pref_do": 0.1357142857142857,
    "final_pref_do": 0.25142857142857145,
    "best_pref_do": 0.25142857142857145
}