{
    "best_epoch": 70,
    "best_val_performance": -0.04054132461547866,
    "val_performance_metric": "diff",
    "train_loss": 2.4863178730010986,
    "initial_do_mean": -7.603000981863155,
    "final_do_mean": -5.510458817662195,
    "best_do_mean": -5.510458817662195,
    "initial_pp_mean": -7.158752890895395,
    "final_pp_mean": -4.952738678455352,
    "best_pp_mean": -4.952738678455352
}