{
    "best_epoch": 70,
    "best_val_performance": -0.5592801411946615,
    "val_performance_metric": "diff",
    "train_loss": 5.529066562652588,
    "initial_pref_do": 0.14714285714285713,
    "final_pref_do": 0.2042857142857143,
    "best_pref_do": 0.2042857142857143
}