{
    "best_epoch": 70,
    "best_val_performance": -0.24006282170613602,
    "val_performance_metric": "diff",
    "train_loss": 2.693225145339966,
    "initial_do_mean": -7.5980090346447255,
    "final_do_mean": -6.420211616643639,
    "best_do_mean": -6.420211616643639,
    "initial_pp_mean": -7.153549517603482,
    "final_pp_mean": -5.549323829131968,
    "best_pp_mean": -5.549323829131968
}