{
    "best_epoch": 70,
    "best_val_performance": -0.5895435237884517,
    "val_performance_metric": "diff",
    "train_loss": 6.14428186416626,
    "initial_pref_do": 0.12428571428571429,
    "final_pref_do": 0.13142857142857142,
    "best_pref_do": 0.13142857142857142
}