{
    "best_epoch": 14,
    "best_val_performance": 0.12528158028920444,
    "val_performance_metric": "diff",
    "train_loss": 4.27039909362793,
    "initial_pref_do": 0.18142857142857144,
    "final_pref_do": 0.37,
    "best_pref_do": 0.38
}