{
    "best_epoch": 18,
    "best_val_performance": 0.30224692821502686,
    "val_performance_metric": "diff",
    "train_loss": 1.7401103973388672,
    "initial_do_mean": -6.655908955949726,
    "final_do_mean": -4.957554869218306,
    "best_do_mean": -4.42052816622185,
    "initial_pp_mean": -5.914082230461968,
    "final_pp_mean": -4.389528279834323,
    "best_pp_mean": -4.002256090111203
}