{
    "best_epoch": 61,
    "best_val_performance": 1.4429674196243285,
    "val_performance_metric": "diff",
    "train_loss": 0.9870366454124451,
    "initial_pref_do": 0.15714285714285714,
    "final_pref_do": 0.06714285714285714,
    "best_pref_do": 0.08
}