{
    "best_epoch": 70,
    "best_val_performance": 0.06623829682667992,
    "val_performance_metric": "diff",
    "train_loss": 3.0023274421691895,
    "initial_do_mean": -7.6896744571452915,
    "final_do_mean": -5.798480211302292,
    "best_do_mean": -5.798480211302292,
    "initial_pp_mean": -7.254277139551499,
    "final_pp_mean": -5.344787581527934,
    "best_pp_mean": -5.344787581527934
}