{
    "best_epoch": 70,
    "best_val_performance": -0.31773713906606016,
    "val_performance_metric": "diff",
    "train_loss": 2.791734218597412,
    "initial_pref_do": 0.12714285714285714,
    "final_pref_do": 0.04428571428571428,
    "best_pref_do": 0.04428571428571428
}