{
    "best_epoch": 26,
    "best_val_performance": 0.4943271112442016,
    "val_performance_metric": "diff",
    "train_loss": 3.4851460456848145,
    "initial_do_mean": -7.841608039168424,
    "final_do_mean": -5.976352815711221,
    "best_do_mean": -5.633648988812468,
    "initial_pp_mean": -7.376938861959121,
    "final_pp_mean": -5.401468680536046,
    "best_pp_mean": -5.205198801265043
}