{
    "best_epoch": 57,
    "best_val_performance": 0.561724634170532,
    "val_performance_metric": "diff",
    "train_loss": 1.6896756887435913,
    "initial_do_mean": -7.640175289192865,
    "final_do_mean": -5.7071630778007725,
    "best_do_mean": -5.672164144557576,
    "initial_pp_mean": -6.99779047054403,
    "final_pp_mean": -4.963530186344595,
    "best_pp_mean": -4.9053323125138
}