{
    "best_epoch": 70,
    "best_val_performance": -0.7294553407033284,
    "val_performance_metric": "diff",
    "train_loss": 6.4846882820129395,
    "initial_dative_mean": -7.609304615628649,
    "final_dative_mean": -7.424856983430204,
    "best_dative_mean": -7.424856983430204
}