{
    "best_epoch": 25,
    "best_val_performance": 0.15863491058349588,
    "val_performance_metric": "diff",
    "train_loss": 2.9532971382141113,
    "initial_do_mean": -7.672225169664205,
    "final_do_mean": -5.6580630838871,
    "best_do_mean": -5.4654686502939045,
    "initial_pp_mean": -7.073446963113897,
    "final_pp_mean": -5.354289296444724,
    "best_pp_mean": -5.170178287169513
}