{
    "best_epoch": 4,
    "best_val_performance": -0.1214923715591425,
    "val_performance_metric": "diff",
    "train_loss": 4.489949703216553,
    "initial_do_mean": -7.836779504321342,
    "final_do_mean": -8.066952322804651,
    "best_do_mean": -5.6904522956803785,
    "initial_pp_mean": -7.371075424727271,
    "final_pp_mean": -8.87409904423882,
    "best_pp_mean": -5.49170674331048
}