{
    "best_epoch": 70,
    "best_val_performance": -0.562121616999308,
    "val_performance_metric": "diff",
    "train_loss": 8.04179859161377,
    "initial_dative_mean": -7.2565444307020535,
    "final_dative_mean": -7.051439591318543,
    "best_dative_mean": -7.051439591318543
}