{
    "best_epoch": 36,
    "best_val_performance": 0.330471272468567,
    "val_performance_metric": "diff",
    "train_loss": 1.860658884048462,
    "initial_do_mean": -7.955862443114436,
    "final_do_mean": -6.212858282549437,
    "best_do_mean": -5.858669338531272,
    "initial_pp_mean": -7.5710534930229185,
    "final_pp_mean": -5.578357171661714,
    "best_pp_mean": -5.282238515334971
}