{
    "best_epoch": 41,
    "best_val_performance": -0.07973708788553857,
    "val_performance_metric": "diff",
    "train_loss": 2.5087127685546875,
    "initial_do_mean": -7.692196125207945,
    "final_do_mean": -6.312286808047184,
    "best_do_mean": -6.10694581512795,
    "initial_pp_mean": -7.257724837695851,
    "final_pp_mean": -5.535476136558196,
    "best_pp_mean": -5.5222763043992655
}