{
    "best_epoch": 55,
    "best_val_performance": 4.731558206876118,
    "val_performance_metric": "diff",
    "train_loss": 1.6644818782806396,
    "initial_do_mean": -7.700805488020875,
    "final_do_mean": -10.03592134734919,
    "best_do_mean": -9.78091121153083,
    "initial_pp_mean": -7.167821175210616,
    "final_pp_mean": -8.918679187227697,
    "best_pp_mean": -8.500725929176106
}