{
    "best_epoch": 35,
    "best_val_performance": 0.1804198344548551,
    "val_performance_metric": "diff",
    "train_loss": 2.706162691116333,
    "initial_do_mean": -6.555104741183194,
    "final_do_mean": -5.21102434649612,
    "best_do_mean": -4.899317716829705,
    "initial_pp_mean": -5.760020505057441,
    "final_pp_mean": -4.303007570902507,
    "best_pp_mean": -4.073510689205594
}