{
    "best_epoch": 26,
    "best_val_performance": 0.10582845528920526,
    "val_performance_metric": "diff",
    "train_loss": 3.246196746826172,
    "initial_do_mean": -6.673149090102225,
    "final_do_mean": -4.959756556424227,
    "best_do_mean": -4.3249700300621265,
    "initial_pp_mean": -5.827336573600769,
    "final_pp_mean": -4.068785617086623,
    "best_pp_mean": -3.6511860688527427
}