{
    "best_epoch": 70,
    "best_val_performance": -0.5814566357930504,
    "val_performance_metric": "diff",
    "train_loss": 5.966366291046143,
    "initial_pref_do": 0.1357142857142857,
    "final_pref_do": 0.15857142857142856,
    "best_pref_do": 0.15857142857142856
}