{
    "best_epoch": 44,
    "best_val_performance": 0.0706521717707318,
    "val_performance_metric": "diff",
    "train_loss": 2.2584755420684814,
    "initial_do_mean": -6.633103133692886,
    "final_do_mean": -4.8505909182808615,
    "best_do_mean": -4.656525331554991,
    "initial_pp_mean": -5.784821364614698,
    "final_pp_mean": -4.120497330029806,
    "best_pp_mean": -4.006561674012078
}