{
    "best_epoch": 39,
    "best_val_performance": 3.928119020462036,
    "val_performance_metric": "diff",
    "train_loss": 2.268528461456299,
    "initial_do_mean": -6.507320938688336,
    "final_do_mean": -7.06123275901332,
    "best_do_mean": -6.854335113005205,
    "initial_pp_mean": -5.874022912979126,
    "final_pp_mean": -7.102437302801344,
    "best_pp_mean": -7.0236510223812525
}