{
    "best_epoch": 42,
    "best_val_performance": -0.5084264691670732,
    "val_performance_metric": "diff",
    "train_loss": 4.902689456939697,
    "initial_do_mean": -7.601860924515614,
    "final_do_mean": -6.470670133136039,
    "best_do_mean": -6.760837328988452,
    "initial_pp_mean": -7.156773224297692,
    "final_pp_mean": -6.295521087506238,
    "best_pp_mean": -6.547555788124309
}