{
    "best_epoch": 70,
    "best_val_performance": -0.18038615385691337,
    "val_performance_metric": "diff",
    "train_loss": 3.0675432682037354,
    "initial_do_mean": -6.5345831206350615,
    "final_do_mean": -4.92823550195405,
    "best_do_mean": -4.92823550195405,
    "initial_pp_mean": -5.902522677845425,
    "final_pp_mean": -4.620790015326606,
    "best_pp_mean": -4.620790015326606
}