{
    "best_epoch": 32,
    "best_val_performance": 2.0832506338755294,
    "val_performance_metric": "diff",
    "train_loss": 2.7851390838623047,
    "initial_pref_do": 0.07714285714285714,
    "final_pref_do": 0.21428571428571427,
    "best_pref_do": 0.13857142857142857
}