{
    "best_epoch": 18,
    "best_val_performance": 0.18913032372792582,
    "val_performance_metric": "diff",
    "train_loss": 3.110618829727173,
    "initial_do_mean": -7.694084581247596,
    "final_do_mean": -5.5779863575170205,
    "best_do_mean": -5.418221167353696,
    "initial_pp_mean": -7.295727828670951,
    "final_pp_mean": -4.745224661336225,
    "best_pp_mean": -4.928615295886994
}