{
    "best_epoch": 63,
    "best_val_performance": 0.2243648783365888,
    "val_performance_metric": "diff",
    "train_loss": 1.7781471014022827,
    "initial_do_mean": -6.4143216855598215,
    "final_do_mean": -4.913643578327063,
    "best_do_mean": -4.883455562591553,
    "initial_pp_mean": -5.739148828718397,
    "final_pp_mean": -4.248465511533949,
    "best_pp_mean": -4.21366716225942
}