{
    "best_epoch": 70,
    "best_val_performance": 0.345682150522868,
    "val_performance_metric": "diff",
    "train_loss": 1.4753472805023193,
    "initial_pref_do": 0.08428571428571428,
    "final_pref_do": 0.03142857142857143,
    "best_pref_do": 0.03142857142857143
}