{
    "best_epoch": 63,
    "best_val_performance": -0.10971118291219017,
    "val_performance_metric": "diff",
    "train_loss": 2.3503482341766357,
    "initial_do_mean": -7.635102926991706,
    "final_do_mean": -5.489325501544531,
    "best_do_mean": -5.449675614404124,
    "initial_pp_mean": -6.993474102020263,
    "final_pp_mean": -4.466830659263274,
    "best_pp_mean": -4.456478484939127
}