{
    "best_epoch": 15,
    "best_val_performance": 0.2803275728225705,
    "val_performance_metric": "diff",
    "train_loss": 1.930870532989502,
    "initial_do_mean": -7.955049005358718,
    "final_do_mean": -6.837480603262436,
    "best_do_mean": -5.7083079364410665,
    "initial_pp_mean": -7.530165786602918,
    "final_pp_mean": -5.85301813027438,
    "best_pp_mean": -4.776553882570828
}