{
    "best_epoch": 38,
    "best_val_performance": 0.9259422159194948,
    "val_performance_metric": "diff",
    "train_loss": 2.2547850608825684,
    "initial_do_mean": -6.5068272142699275,
    "final_do_mean": -5.2704918529048115,
    "best_do_mean": -5.515191575252649,
    "initial_pp_mean": -5.875309756067064,
    "final_pp_mean": -4.95165478653378,
    "best_pp_mean": -5.212629310290018
}