{
    "best_epoch": 52,
    "best_val_performance": 1.5335224215189616,
    "val_performance_metric": "diff",
    "train_loss": 1.0713186264038086,
    "initial_pref_do": 0.15714285714285714,
    "final_pref_do": 0.008571428571428572,
    "best_pref_do": 0.012857142857142857
}