{
    "best_epoch": 25,
    "best_val_performance": 3.3123080126444506,
    "val_performance_metric": "diff",
    "train_loss": 2.2049760818481445,
    "initial_do_mean": -7.676003949586735,
    "final_do_mean": -6.669405618379282,
    "best_do_mean": -5.915509602704714,
    "initial_pp_mean": -7.076177138440749,
    "final_pp_mean": -5.819705437562045,
    "best_pp_mean": -5.032380271659178
}