{
    "best_epoch": 31,
    "best_val_performance": 2.594394489924113,
    "val_performance_metric": "diff",
    "train_loss": 1.9420572519302368,
    "initial_do_mean": -7.957676358694254,
    "final_do_mean": -7.278913436587467,
    "best_do_mean": -6.5106934981290685,
    "initial_pp_mean": -7.571983702042523,
    "final_pp_mean": -6.488513225317002,
    "best_pp_mean": -5.64581461724113
}