{
    "best_epoch": 18,
    "best_val_performance": 0.1746311330795285,
    "val_performance_metric": "diff",
    "train_loss": 2.8020546436309814,
    "initial_pref_do": 0.1357142857142857,
    "final_pref_do": 0.041428571428571426,
    "best_pref_do": 0.027142857142857142
}