{
    "best_epoch": 9,
    "best_val_performance": 0.8124735752741499,
    "val_performance_metric": "diff",
    "train_loss": 3.4624481201171875,
    "initial_pref_do": 0.07714285714285714,
    "final_pref_do": 0.4828571428571429,
    "best_pref_do": 0.17142857142857143
}