{
    "best_epoch": 47,
    "best_val_performance": 0.1336525694529218,
    "val_performance_metric": "diff",
    "train_loss": 2.048978805541992,
    "initial_do_mean": -6.506332517392708,
    "final_do_mean": -5.324176500782822,
    "best_do_mean": -5.192777720364657,
    "initial_pp_mean": -5.875451297230191,
    "final_pp_mean": -4.465853216913011,
    "best_pp_mean": -4.356881104575264
}