{
    "best_epoch": 28,
    "best_val_performance": 0.3721172364552814,
    "val_performance_metric": "diff",
    "train_loss": 1.8792916536331177,
    "initial_pref_do": 0.17714285714285713,
    "final_pref_do": 0.032857142857142856,
    "best_pref_do": 0.054285714285714284
}