{
    "best_epoch": 44,
    "best_val_performance": -0.02444137414296499,
    "val_performance_metric": "diff",
    "train_loss": 2.1217703819274902,
    "initial_do_mean": -7.686873475479525,
    "final_do_mean": -5.738788678895595,
    "best_do_mean": -5.751013306684272,
    "initial_pp_mean": -7.173880976087907,
    "final_pp_mean": -5.07979135408121,
    "best_pp_mean": -5.137304150006351
}