{
    "best_epoch": 70,
    "best_val_performance": 0.3989329957962031,
    "val_performance_metric": "diff",
    "train_loss": 1.440678358078003,
    "initial_dative_mean": -7.314531662310773,
    "final_dative_mean": -7.467044549901583,
    "best_dative_mean": -7.467044549901583
}