{
    "best_epoch": 60,
    "best_val_performance": 0.07324796358744301,
    "val_performance_metric": "diff",
    "train_loss": 2.23714280128479,
    "initial_do_mean": -6.506050244244662,
    "final_do_mean": -5.037417684901844,
    "best_do_mean": -4.97382346644546,
    "initial_pp_mean": -5.875054295857748,
    "final_pp_mean": -4.300626619656881,
    "best_pp_mean": -4.2682975080278185
}