{
    "best_epoch": 70,
    "best_val_performance": 1.396191886266073,
    "val_performance_metric": "diff",
    "train_loss": 0.8106282949447632,
    "initial_do_mean": -7.841444207485332,
    "final_do_mean": -7.74165250534235,
    "best_do_mean": -7.74165250534235,
    "initial_pp_mean": -7.3753302377813,
    "final_pp_mean": -6.62103374004364,
    "best_pp_mean": -6.62103374004364
}