{
    "best_epoch": 70,
    "best_val_performance": -0.06302082697550482,
    "val_performance_metric": "diff",
    "train_loss": 1.6060787439346313,
    "initial_pref_do": 0.1357142857142857,
    "final_pref_do": 0.08571428571428572,
    "best_pref_do": 0.08571428571428572
}