{
    "best_epoch": 21,
    "best_val_performance": 2.0042438729604077,
    "val_performance_metric": "diff",
    "train_loss": 2.3559634685516357,
    "initial_do_mean": -7.961950782426568,
    "final_do_mean": -8.543070702705272,
    "best_do_mean": -7.98246884935124,
    "initial_pp_mean": -7.575780201659483,
    "final_pp_mean": -6.842725498185438,
    "best_pp_mean": -6.13424860870137
}