{
    "best_epoch": 28,
    "best_val_performance": 1.6015186357498177,
    "val_performance_metric": "diff",
    "train_loss": 1.8494198322296143,
    "initial_do_mean": -6.638138038461858,
    "final_do_mean": -6.1435655622771295,
    "best_do_mean": -5.944000559142141,
    "initial_pp_mean": -5.7899852805667456,
    "final_pp_mean": -5.428582533200582,
    "best_pp_mean": -4.933206396632724
}