{
    "best_epoch": 11,
    "best_val_performance": 1.3307415040334067,
    "val_performance_metric": "diff",
    "train_loss": 2.7139928340911865,
    "initial_dative_mean": -7.308664722749365,
    "final_dative_mean": -7.137702613197572,
    "best_dative_mean": -5.193922251288654
}