{
    "best_epoch": 70,
    "best_val_performance": -0.24867332776387485,
    "val_performance_metric": "diff",
    "train_loss": 3.2770652770996094,
    "initial_pref_do": 0.07714285714285714,
    "final_pref_do": 0.15142857142857144,
    "best_pref_do": 0.15142857142857144
}