{
    "best_epoch": 70,
    "best_val_performance": -0.15148931185404457,
    "val_performance_metric": "diff",
    "train_loss": 3.071577310562134,
    "initial_pref_do": 0.15571428571428572,
    "final_pref_do": 0.29714285714285715,
    "best_pref_do": 0.29714285714285715
}