{
    "best_epoch": 11,
    "best_val_performance": -0.015141770044961866,
    "val_performance_metric": "diff",
    "train_loss": 3.919473886489868,
    "initial_do_mean": -7.836569605871689,
    "final_do_mean": -6.254746476924697,
    "best_do_mean": -5.610270349092262,
    "initial_pp_mean": -7.3717345307855044,
    "final_pp_mean": -5.765450937257094,
    "best_pp_mean": -5.216475008515751
}