{
    "best_epoch": 25,
    "best_val_performance": -0.27830158869425414,
    "val_performance_metric": "diff",
    "train_loss": 5.462623119354248,
    "initial_pref_do": 0.12714285714285714,
    "final_pref_do": 0.05142857142857143,
    "best_pref_do": 0.10571428571428572
}