{
    "best_epoch": 16,
    "best_val_performance": 1.8827265628178917,
    "val_performance_metric": "diff",
    "train_loss": 2.804682731628418,
    "initial_do_mean": -6.630953914468939,
    "final_do_mean": -5.324763608701302,
    "best_do_mean": -5.041991330638076,
    "initial_pp_mean": -5.781408627827962,
    "final_pp_mean": -4.68243297206031,
    "best_pp_mean": -4.235365552372403
}