{
    "best_epoch": 35,
    "best_val_performance": 0.1733777761459354,
    "val_performance_metric": "diff",
    "train_loss": 1.3388495445251465,
    "initial_do_mean": -7.597764851742013,
    "final_do_mean": -6.375008181430573,
    "best_do_mean": -6.0659894676402555,
    "initial_pp_mean": -7.152603552621954,
    "final_pp_mean": -5.215549986502704,
    "best_pp_mean": -5.0085138878401585
}