{
    "best_epoch": 55,
    "best_val_performance": 0.4393751049041743,
    "val_performance_metric": "diff",
    "train_loss": 1.157263994216919,
    "initial_do_mean": -7.670678930920224,
    "final_do_mean": -5.5275561580824295,
    "best_do_mean": -5.47236526670844,
    "initial_pp_mean": -7.071292423500735,
    "final_pp_mean": -4.790235170371393,
    "best_pp_mean": -4.732981816284797
}