{
    "best_epoch": 2,
    "best_val_performance": -0.4055796957015989,
    "val_performance_metric": "diff",
    "train_loss": 5.056652545928955,
    "initial_pref_do": 0.12714285714285714,
    "final_pref_do": 0.16428571428571428,
    "best_pref_do": 0.2985714285714286
}