{
    "best_epoch": 59,
    "best_val_performance": 1.735884744326274,
    "val_performance_metric": "diff",
    "train_loss": 1.8370238542556763,
    "initial_pref_do": 0.08285714285714285,
    "final_pref_do": 0.21,
    "best_pref_do": 0.1657142857142857
}