{
    "best_epoch": 54,
    "best_val_performance": 1.5497033484776805,
    "val_performance_metric": "diff",
    "train_loss": 2.566932201385498,
    "initial_dative_mean": -7.466569624100512,
    "final_dative_mean": -6.169342750345755,
    "best_dative_mean": -6.223086034345348
}