{
    "best_epoch": 67,
    "best_val_performance": -0.24180647850036685,
    "val_performance_metric": "diff",
    "train_loss": 4.4081830978393555,
    "initial_do_mean": -7.675771391668985,
    "final_do_mean": -6.2045435461887095,
    "best_do_mean": -6.238203930300336,
    "initial_pp_mean": -7.075799511460697,
    "final_pp_mean": -5.68131029956481,
    "best_pp_mean": -5.71250770372503
}