{
    "best_epoch": 26,
    "best_val_performance": -0.12514842987060515,
    "val_performance_metric": "diff",
    "train_loss": 2.1614646911621094,
    "initial_do_mean": -6.6379590309027465,
    "final_do_mean": -5.368468368414677,
    "best_do_mean": -5.0465301744865645,
    "initial_pp_mean": -5.786194324493408,
    "final_pp_mean": -4.541446203655667,
    "best_pp_mean": -4.310172454516093
}