{
    "best_epoch": 70,
    "best_val_performance": -0.18020761330922408,
    "val_performance_metric": "diff",
    "train_loss": 3.47458553314209,
    "initial_do_mean": -6.658440452633482,
    "final_do_mean": -5.1175051761396,
    "best_do_mean": -5.1175051761396,
    "initial_pp_mean": -5.918012836244372,
    "final_pp_mean": -4.529368114471436,
    "best_pp_mean": -4.529368114471436
}