{
    "best_epoch": 52,
    "best_val_performance": 1.615653743743895,
    "val_performance_metric": "diff",
    "train_loss": 3.1647651195526123,
    "initial_pref_do": 0.12714285714285714,
    "final_pref_do": 0.06714285714285714,
    "best_pref_do": 0.05714285714285714
}