{
    "best_epoch": 39,
    "best_val_performance": 2.6128986517588295,
    "val_performance_metric": "diff",
    "train_loss": 2.052739143371582,
    "initial_do_mean": -7.600455410258714,
    "final_do_mean": -6.483614429484966,
    "best_do_mean": -5.497885492651961,
    "initial_pp_mean": -7.154826673339395,
    "final_pp_mean": -6.2392795159536245,
    "best_pp_mean": -5.298280792376574
}