{
    "best_epoch": 70,
    "best_val_performance": -0.019435609181721603,
    "val_performance_metric": "diff",
    "train_loss": 3.6321475505828857,
    "initial_do_mean": -7.675079271543858,
    "final_do_mean": -6.272240599227506,
    "best_do_mean": -6.272240599227506,
    "initial_pp_mean": -7.0753426313400265,
    "final_pp_mean": -5.468594849460265,
    "best_pp_mean": -5.468594849460265
}