{
    "best_epoch": 48,
    "best_val_performance": 0.5695386203130086,
    "val_performance_metric": "diff",
    "train_loss": 2.2162139415740967,
    "initial_dative_mean": -7.309709948405885,
    "final_dative_mean": -5.746826400010907,
    "best_dative_mean": -5.580186932581907
}