{
    "best_epoch": 70,
    "best_val_performance": 0.11302141348520944,
    "val_performance_metric": "diff",
    "train_loss": 2.067847967147827,
    "initial_do_mean": -7.703303432048753,
    "final_do_mean": -6.349273177080376,
    "best_do_mean": -6.349273177080376,
    "initial_pp_mean": -7.1702247135779436,
    "final_pp_mean": -6.164067563940497,
    "best_pp_mean": -6.164067563940497
}