{
    "best_epoch": 27,
    "best_val_performance": 0.5351001548767087,
    "val_performance_metric": "diff",
    "train_loss": 2.445587158203125,
    "initial_do_mean": -6.654723147189978,
    "final_do_mean": -4.968193347526319,
    "best_do_mean": -4.504520533301614,
    "initial_pp_mean": -5.9128539085388185,
    "final_pp_mean": -4.336207286516825,
    "best_pp_mean": -3.89729823006524
}