{
    "best_epoch": 70,
    "best_val_performance": -0.18497731367746972,
    "val_performance_metric": "diff",
    "train_loss": 3.5237083435058594,
    "initial_do_mean": -7.962407114200814,
    "final_do_mean": -6.615740949331328,
    "best_do_mean": -6.615740949331328,
    "initial_pp_mean": -7.576564700463239,
    "final_pp_mean": -6.113991977887995,
    "best_pp_mean": -6.113991977887995
}