{
    "best_epoch": 37,
    "best_val_performance": -0.01236538569132506,
    "val_performance_metric": "diff",
    "train_loss": 2.2188944816589355,
    "initial_pref_do": 0.1357142857142857,
    "final_pref_do": 0.07714285714285714,
    "best_pref_do": 0.06142857142857143
}