{
    "best_epoch": 56,
    "best_val_performance": 4.991510663032533,
    "val_performance_metric": "diff",
    "train_loss": 2.2314059734344482,
    "initial_do_mean": -7.692728089731793,
    "final_do_mean": -7.364105889617011,
    "best_do_mean": -7.2638644991919055,
    "initial_pp_mean": -7.294164480882532,
    "final_pp_mean": -6.761134857640547,
    "best_pp_mean": -6.636210757493973
}