{
    "best_epoch": 49,
    "best_val_performance": 0.5097555192311605,
    "val_performance_metric": "diff",
    "train_loss": 2.3487839698791504,
    "initial_do_mean": -6.769665957942154,
    "final_do_mean": -4.492454947847309,
    "best_do_mean": -4.427054272275982,
    "initial_pp_mean": -6.1003492487801445,
    "final_pp_mean": -4.099774511655172,
    "best_pp_mean": -4.00898912747701
}