{
    "best_epoch": 14,
    "best_val_performance": -0.26578939596811946,
    "val_performance_metric": "diff",
    "train_loss": 3.5003530979156494,
    "initial_pref_do": 0.14714285714285713,
    "final_pref_do": 0.13714285714285715,
    "best_pref_do": 0.2257142857142857
}