{
    "best_epoch": 32,
    "best_val_performance": 0.4170768769582116,
    "val_performance_metric": "diff",
    "train_loss": 2.8793253898620605,
    "initial_do_mean": -7.954138954711515,
    "final_do_mean": -5.967560639908148,
    "best_do_mean": -5.149177345425584,
    "initial_pp_mean": -7.527464840692632,
    "final_pp_mean": -5.653081860612421,
    "best_pp_mean": -4.762967748151106
}