{
    "best_epoch": 70,
    "best_val_performance": -0.6865299654006956,
    "val_performance_metric": "diff",
    "train_loss": 5.934606075286865,
    "initial_pref_do": 0.12714285714285714,
    "final_pref_do": 0.13,
    "best_pref_do": 0.13
}