{
    "best_epoch": 70,
    "best_val_performance": -0.5778787104288741,
    "val_performance_metric": "diff",
    "train_loss": 5.4130096435546875,
    "initial_dative_mean": -7.578041325535691,
    "final_dative_mean": -7.22806554753878,
    "best_dative_mean": -7.22806554753878
}