{
    "best_epoch": 58,
    "best_val_performance": 3.9717257293065398,
    "val_performance_metric": "diff",
    "train_loss": 1.4127377271652222,
    "initial_do_mean": -7.953773372395094,
    "final_do_mean": -10.915079901038213,
    "best_do_mean": -10.990833930497946,
    "initial_pp_mean": -7.527563621016109,
    "final_pp_mean": -9.892677587971967,
    "best_pp_mean": -9.918810573044945
}