{
    "best_epoch": 70,
    "best_val_performance": -0.5743048286437986,
    "val_performance_metric": "diff",
    "train_loss": 5.877668380737305,
    "initial_dative_mean": -7.319775035855366,
    "final_dative_mean": -6.954109213157007,
    "best_dative_mean": -6.954109213157007
}