{
    "best_epoch": 70,
    "best_val_performance": 4.33059377193451,
    "val_performance_metric": "diff",
    "train_loss": 2.540639638900757,
    "initial_do_mean": -6.659001870588823,
    "final_do_mean": -8.122519389065829,
    "best_do_mean": -8.122519389065829,
    "initial_pp_mean": -5.920116106669108,
    "final_pp_mean": -7.0407133340835575,
    "best_pp_mean": -7.0407133340835575
}