{
    "best_epoch": 70,
    "best_val_performance": 2.1470029767354326,
    "val_performance_metric": "diff",
    "train_loss": 2.197457790374756,
    "initial_pref_do": 0.17857142857142858,
    "final_pref_do": 0.15142857142857144,
    "best_pref_do": 0.15142857142857144
}