{
    "best_epoch": 63,
    "best_val_performance": 0.6244547065099075,
    "val_performance_metric": "diff",
    "train_loss": 1.7087271213531494,
    "initial_do_mean": -6.6357291423913205,
    "final_do_mean": -4.7628155953956375,
    "best_do_mean": -4.604789271499172,
    "initial_pp_mean": -5.786852391560872,
    "final_pp_mean": -4.125883811049992,
    "best_pp_mean": -3.996452420287662
}