{
    "best_epoch": 70,
    "best_val_performance": -0.4611307621002201,
    "val_performance_metric": "diff",
    "train_loss": 5.593092918395996,
    "initial_dative_mean": -7.286163735110858,
    "final_dative_mean": -6.76524395691721,
    "best_dative_mean": -6.76524395691721
}