{
    "best_epoch": 10,
    "best_val_performance": 0.6558067846298226,
    "val_performance_metric": "diff",
    "train_loss": 3.7354648113250732,
    "initial_do_mean": -6.5513214400320345,
    "final_do_mean": -7.849762503306071,
    "best_do_mean": -4.997864720315644,
    "initial_pp_mean": -5.904587986734178,
    "final_pp_mean": -7.0811101277669275,
    "best_pp_mean": -4.3124987893634374
}