{
    "best_epoch": 29,
    "best_val_performance": 2.152145338058471,
    "val_performance_metric": "diff",
    "train_loss": 2.3593714237213135,
    "initial_pref_do": 0.15714285714285714,
    "final_pref_do": 0.26142857142857145,
    "best_pref_do": 0.2914285714285714
}