{
    "best_epoch": 70,
    "best_val_performance": 0.5501982450485237,
    "val_performance_metric": "diff",
    "train_loss": 2.6382405757904053,
    "initial_do_mean": -6.768995815334898,
    "final_do_mean": -4.929424726601803,
    "best_do_mean": -4.929424726601803,
    "initial_pp_mean": -6.101183742947049,
    "final_pp_mean": -4.689937072330051,
    "best_pp_mean": -4.689937072330051
}