{
    "best_epoch": 70,
    "best_val_performance": -0.09165969848632827,
    "val_performance_metric": "diff",
    "train_loss": 4.2381720542907715,
    "initial_do_mean": -6.6331727316885285,
    "final_do_mean": -4.8653814084602125,
    "best_do_mean": -4.8653814084602125,
    "initial_pp_mean": -5.783416464593675,
    "final_pp_mean": -4.246541955735949,
    "best_pp_mean": -4.246541955735949
}