{
    "best_epoch": 54,
    "best_val_performance": 1.7715591303507487,
    "val_performance_metric": "diff",
    "train_loss": 2.023009777069092,
    "initial_do_mean": -6.41862205881061,
    "final_do_mean": -7.702469958681049,
    "best_do_mean": -7.610417435385964,
    "initial_pp_mean": -5.742808334032694,
    "final_pp_mean": -6.389340398046706,
    "best_pp_mean": -6.374440749486287
}