{
    "best_epoch": 34,
    "best_val_performance": 2.7967998345692955,
    "val_performance_metric": "diff",
    "train_loss": 2.293076276779175,
    "initial_do_mean": -7.6891787980878075,
    "final_do_mean": -7.697063342429871,
    "best_do_mean": -7.446448500073234,
    "initial_pp_mean": -7.25340575540767,
    "final_pp_mean": -8.154060746291105,
    "best_pp_mean": -7.180645875369801
}