{
    "best_epoch": 55,
    "best_val_performance": 0.07042589505513508,
    "val_performance_metric": "diff",
    "train_loss": 5.179279804229736,
    "initial_do_mean": -7.67266385777052,
    "final_do_mean": -5.916759365519812,
    "best_do_mean": -6.154741761296294,
    "initial_pp_mean": -7.0725223106496475,
    "final_pp_mean": -5.1551814156420095,
    "best_pp_mean": -5.4121945661657
}