{
    "best_epoch": 70,
    "best_val_performance": 0.056362446149189616,
    "val_performance_metric": "diff",
    "train_loss": 1.1475006341934204,
    "initial_dative_mean": -7.466083086024948,
    "final_dative_mean": -6.102276122535181,
    "best_dative_mean": -6.102276122535181
}