{
    "best_epoch": 37,
    "best_val_performance": -0.26539103984832746,
    "val_performance_metric": "diff",
    "train_loss": 4.537178039550781,
    "initial_dative_mean": -7.60998737324051,
    "final_dative_mean": -6.1496016616709746,
    "best_dative_mean": -6.474403719281592
}