{
    "best_epoch": 11,
    "best_val_performance": 1.069239228566488,
    "val_performance_metric": "diff",
    "train_loss": 2.3411126136779785,
    "initial_pref_do": 0.15714285714285714,
    "final_pref_do": 0.3171428571428571,
    "best_pref_do": 0.08428571428571428
}