{
    "best_epoch": 29,
    "best_val_performance": 1.3514600340525318,
    "val_performance_metric": "diff",
    "train_loss": 1.7975341081619263,
    "initial_dative_mean": -7.6096491255955385,
    "final_dative_mean": -7.85253056413249,
    "best_dative_mean": -8.035918812479888
}