{
    "best_epoch": 45,
    "best_val_performance": 3.4834922138849898,
    "val_performance_metric": "diff",
    "train_loss": 2.245232105255127,
    "initial_pref_do": 0.09714285714285714,
    "final_pref_do": 0.19142857142857142,
    "best_pref_do": 0.13714285714285715
}