{
    "best_epoch": 68,
    "best_val_performance": 0.07568741798400858,
    "val_performance_metric": "diff",
    "train_loss": 3.3682451248168945,
    "initial_do_mean": -6.545895088080204,
    "final_do_mean": -5.15784987969832,
    "best_do_mean": -5.176179179278287,
    "initial_pp_mean": -5.899909822146098,
    "final_pp_mean": -4.568201332622104,
    "best_pp_mean": -4.583530773056878
}