{
    "best_epoch": 36,
    "best_val_performance": 0.3108084440231318,
    "val_performance_metric": "diff",
    "train_loss": 2.072744131088257,
    "initial_do_mean": -7.957203590592672,
    "final_do_mean": -5.799944772969845,
    "best_do_mean": -5.462488417708596,
    "initial_pp_mean": -7.530065655708313,
    "final_pp_mean": -5.405677324182847,
    "best_pp_mean": -5.187643282203114
}