{
    "best_epoch": 38,
    "best_val_performance": 4.322034106254578,
    "val_performance_metric": "diff",
    "train_loss": 2.4957969188690186,
    "initial_do_mean": -6.532963306253607,
    "final_do_mean": -5.68442486705202,
    "best_do_mean": -5.486725749391498,
    "initial_pp_mean": -5.8995284822252065,
    "final_pp_mean": -5.598786380555895,
    "best_pp_mean": -5.316969831784566
}