{
    "best_epoch": 44,
    "best_val_performance": -0.09667443911234574,
    "val_performance_metric": "diff",
    "train_loss": 1.8264484405517578,
    "initial_pref_do": 0.08285714285714285,
    "final_pref_do": 0.08714285714285715,
    "best_pref_do": 0.07571428571428572
}