{
    "best_epoch": 16,
    "best_val_performance": 1.0928711064656573,
    "val_performance_metric": "diff",
    "train_loss": 2.7883460521698,
    "initial_do_mean": -6.413876277750188,
    "final_do_mean": -9.304781357447306,
    "best_do_mean": -5.777206798033281,
    "initial_pp_mean": -5.738594322734409,
    "final_pp_mean": -7.537451357311673,
    "best_pp_mean": -5.291658610767788
}