{
    "best_epoch": 17,
    "best_val_performance": -0.2074631293614706,
    "val_performance_metric": "diff",
    "train_loss": 4.154415130615234,
    "initial_do_mean": -6.55651247140133,
    "final_do_mean": -5.5154738585154215,
    "best_do_mean": -5.081455222043124,
    "initial_pp_mean": -5.760870541466607,
    "final_pp_mean": -5.077491805288527,
    "best_pp_mean": -4.406719944212171
}