{
    "best_epoch": 62,
    "best_val_performance": 5.503226035435995,
    "val_performance_metric": "diff",
    "train_loss": 3.1003494262695312,
    "initial_pref_do": 0.14714285714285713,
    "final_pref_do": 0.32,
    "best_pref_do": 0.3
}